SYSCALL_pid,SYSCALL_timestamp,SYSCALL_syscall,PROCESS_uid,SYSCALL_success,SYSCALL_exit,SYSCALL_exit_hint,PROCESS_comm,CUSTOM_openFiles,CUSTOM_libs,base_activity_label,ground_truth_activity_label,EventID
fd393f66-c51b-44d3-bc85-0f8e2c1094dd_547208,0,mmap,www-data,yes,548108500992.0,548108500992,apache2,[],[],mmap_www-data,mmap_www-data_yes,1
fd393f66-c51b-44d3-bc85-0f8e2c1094dd_547208,0,clone,www-data,yes,549559.0,549559,apache2,[],[],clone_www-data,clone_www-data_yes,2
fd393f66-c51b-44d3-bc85-0f8e2c1094dd_547208,4,munmap,www-data,yes,0.0,0,apache2,[],[],munmap_www-data,munmap_www-data_yes,3
fd393f66-c51b-44d3-bc85-0f8e2c1094dd_547208,4,close,www-data,yes,0.0,0,apache2,[],[],close_www-data,close_www-data_yes,4
fd393f66-c51b-44d3-bc85-0f8e2c1094dd_549559,4,execve,www-data,yes,0.0,0,sh,[],[],execve_www-data,execve_www-data_yes,5
fd393f66-c51b-44d3-bc85-0f8e2c1094dd_549559,4,openat,www-data,yes,3.0,3,sh,['ld.so.cache'],[],openat_www-data,openat_www-data_yes,6
fd393f66-c51b-44d3-bc85-0f8e2c1094dd_549559,4,mmap,www-data,yes,548272189440.0,548272189440,sh,['ld.so.cache'],[],mmap_www-data,mmap_www-data_yes,7
fd393f66-c51b-44d3-bc85-0f8e2c1094dd_549559,4,close,www-data,yes,0.0,0,sh,[],[],close_www-data,close_www-data_yes,8
fd393f66-c51b-44d3-bc85-0f8e2c1094dd_549559,4,openat,www-data,yes,3.0,3,sh,['libc.so.6'],[],openat_www-data,openat_www-data_yes,9
fd393f66-c51b-44d3-bc85-0f8e2c1094dd_549559,4,mmap,www-data,yes,548272181248.0,548272181248,sh,['libc.so.6'],[],mmap_www-data,mmap_www-data_yes,10
fd393f66-c51b-44d3-bc85-0f8e2c1094dd_549559,4,mmap,www-data,yes,548270505984.0,548270505984,sh,['libc.so.6'],['libc.so.6'],mmap_www-data,mmap_www-data_yes,11
fd393f66-c51b-44d3-bc85-0f8e2c1094dd_549559,4,mmap,www-data,yes,548271996928.0,548271996928,sh,['libc.so.6'],['libc.so.6'],mmap_www-data,mmap_www-data_yes,12
fd393f66-c51b-44d3-bc85-0f8e2c1094dd_549559,4,mmap,www-data,yes,548272021504.0,548272021504,sh,['libc.so.6'],['libc.so.6'],mmap_www-data,mmap_www-data_yes,13
fd393f66-c51b-44d3-bc85-0f8e2c1094dd_549559,4,close,www-data,yes,0.0,0,sh,[],['libc.so.6'],close_www-data,close_www-data_yes,14
fd393f66-c51b-44d3-bc85-0f8e2c1094dd_549559,4,munmap,www-data,yes,0.0,0,sh,[],['libc.so.6'],munmap_www-data,munmap_www-data_yes,15
fd393f66-c51b-44d3-bc85-0f8e2c1094dd_549559,4,clone,www-data,yes,549560.0,549560,sh,[],[],clone_www-data,clone_www-data_yes,16
fd393f66-c51b-44d3-bc85-0f8e2c1094dd_549560,4,execve,www-data,yes,0.0,0,date,[],[],execve_www-data,execve_www-data_yes,17
fd393f66-c51b-44d3-bc85-0f8e2c1094dd_549560,8,openat,www-data,yes,3.0,3,date,['ld.so.cache'],[],openat_www-data,openat_www-data_yes,18
fd393f66-c51b-44d3-bc85-0f8e2c1094dd_549560,8,mmap,www-data,yes,548548870144.0,548548870144,date,['ld.so.cache'],[],mmap_www-data,mmap_www-data_yes,19
fd393f66-c51b-44d3-bc85-0f8e2c1094dd_549560,8,close,www-data,yes,0.0,0,date,[],[],close_www-data,close_www-data_yes,20
fd393f66-c51b-44d3-bc85-0f8e2c1094dd_549560,8,openat,www-data,yes,3.0,3,date,['libc.so.6'],[],openat_www-data,openat_www-data_yes,21
fd393f66-c51b-44d3-bc85-0f8e2c1094dd_549560,8,mmap,www-data,yes,548548861952.0,548548861952,date,['libc.so.6'],[],mmap_www-data,mmap_www-data_yes,22
fd393f66-c51b-44d3-bc85-0f8e2c1094dd_549560,8,mmap,www-data,yes,548547186688.0,548547186688,date,['libc.so.6'],['libc.so.6'],mmap_www-data,mmap_www-data_yes,23
fd393f66-c51b-44d3-bc85-0f8e2c1094dd_549560,8,mmap,www-data,yes,548548677632.0,548548677632,date,['libc.so.6'],['libc.so.6'],mmap_www-data,mmap_www-data_yes,24
fd393f66-c51b-44d3-bc85-0f8e2c1094dd_549560,8,mmap,www-data,yes,548548702208.0,548548702208,date,['libc.so.6'],['libc.so.6'],mmap_www-data,mmap_www-data_yes,25
fd393f66-c51b-44d3-bc85-0f8e2c1094dd_549560,8,close,www-data,yes,0.0,0,date,[],['libc.so.6'],close_www-data,close_www-data_yes,26
fd393f66-c51b-44d3-bc85-0f8e2c1094dd_549560,8,munmap,www-data,yes,0.0,0,date,[],['libc.so.6'],munmap_www-data,munmap_www-data_yes,27
fd393f66-c51b-44d3-bc85-0f8e2c1094dd_549560,8,openat,www-data,yes,3.0,3,date,['localtime'],['libc.so.6'],openat_www-data,openat_www-data_yes,28
fd393f66-c51b-44d3-bc85-0f8e2c1094dd_549560,12,close,www-data,yes,0.0,0,date,[],['libc.so.6'],close_www-data,close_www-data_yes,29
fd393f66-c51b-44d3-bc85-0f8e2c1094dd_547208,12,close,www-data,yes,0.0,0,apache2,[],[],close_www-data,close_www-data_yes,30
fd393f66-c51b-44d3-bc85-0f8e2c1094dd_547208,20,close,www-data,yes,0.0,0,apache2,[],[],close_www-data,close_www-data_yes,31
fd393f66-c51b-44d3-bc85-0f8e2c1094dd_405,736,clone,root,yes,549561.0,549561,cron,[],[],clone_root,clone_root_yes,32
fd393f66-c51b-44d3-bc85-0f8e2c1094dd_549561,736,close,root,yes,0.0,0,cron,[],[],close_root,close_root_yes,33
fd393f66-c51b-44d3-bc85-0f8e2c1094dd_549561,736,openat,root,yes,6.0,6,cron,['tmp'],[],openat_root,openat_root_yes,34
fd393f66-c51b-44d3-bc85-0f8e2c1094dd_549561,736,openat,root,yes,7.0,7,cron,"['tmp', 'cron']",[],openat_root,openat_root_yes,35
fd393f66-c51b-44d3-bc85-0f8e2c1094dd_549561,736,openat,root,yes,8.0,8,cron,"['tmp', 'cron', 'common-auth']",[],openat_root,openat_root_yes,36
fd393f66-c51b-44d3-bc85-0f8e2c1094dd_549561,736,openat,root,yes,9.0,9,cron,"['tmp', 'cron', 'common-auth', 'pam_unix.so']",[],openat_root,openat_root_yes,37
fd393f66-c51b-44d3-bc85-0f8e2c1094dd_549561,736,mmap,root,yes,548134039552.0,548134039552,cron,"['tmp', 'cron', 'common-auth', 'pam_unix.so']",['pam_unix.so'],mmap_root,mmap_root_yes,38
fd393f66-c51b-44d3-bc85-0f8e2c1094dd_549561,736,mmap,root,yes,548134154240.0,548134154240,cron,"['tmp', 'cron', 'common-auth', 'pam_unix.so']",['pam_unix.so'],mmap_root,mmap_root_yes,39
fd393f66-c51b-44d3-bc85-0f8e2c1094dd_549561,736,mmap,root,yes,548134162432.0,548134162432,cron,"['tmp', 'cron', 'common-auth', 'pam_unix.so']",['pam_unix.so'],mmap_root,mmap_root_yes,40
fd393f66-c51b-44d3-bc85-0f8e2c1094dd_549561,736,close,root,yes,0.0,0,cron,"['tmp', 'cron', 'common-auth']",['pam_unix.so'],close_root,close_root_yes,41
fd393f66-c51b-44d3-bc85-0f8e2c1094dd_549561,736,openat,root,yes,9.0,9,cron,"['tmp', 'cron', 'common-auth', 'ld.so.cache']",['pam_unix.so'],openat_root,openat_root_yes,42
fd393f66-c51b-44d3-bc85-0f8e2c1094dd_549561,736,mmap,root,yes,548134006784.0,548134006784,cron,"['tmp', 'cron', 'common-auth', 'ld.so.cache']",['pam_unix.so'],mmap_root,mmap_root_yes,43
fd393f66-c51b-44d3-bc85-0f8e2c1094dd_549561,736,openat,root,yes,9.0,9,cron,"['tmp', 'cron', 'common-auth', 'libcrypt.so.1']",['pam_unix.so'],openat_root,openat_root_yes,44
fd393f66-c51b-44d3-bc85-0f8e2c1094dd_549561,736,mmap,root,yes,548133707776.0,548133707776,cron,"['tmp', 'cron', 'common-auth', 'libcrypt.so.1']","['pam_unix.so', 'libcrypt.so.1']",mmap_root,mmap_root_yes,45
fd393f66-c51b-44d3-bc85-0f8e2c1094dd_549561,736,mmap,root,yes,548133965824.0,548133965824,cron,"['tmp', 'cron', 'common-auth', 'libcrypt.so.1']","['pam_unix.so', 'libcrypt.so.1']",mmap_root,mmap_root_yes,46
fd393f66-c51b-44d3-bc85-0f8e2c1094dd_549561,736,mmap,root,yes,548133974016.0,548133974016,cron,"['tmp', 'cron', 'common-auth', 'libcrypt.so.1']","['pam_unix.so', 'libcrypt.so.1']",mmap_root,mmap_root_yes,47
fd393f66-c51b-44d3-bc85-0f8e2c1094dd_549561,736,close,root,yes,0.0,0,cron,"['tmp', 'cron', 'common-auth']","['pam_unix.so', 'libcrypt.so.1']",close_root,close_root_yes,48
fd393f66-c51b-44d3-bc85-0f8e2c1094dd_549561,736,openat,root,yes,9.0,9,cron,"['tmp', 'cron', 'common-auth', 'libnsl.so.2']","['pam_unix.so', 'libcrypt.so.1']",openat_root,openat_root_yes,49
fd393f66-c51b-44d3-bc85-0f8e2c1094dd_549561,736,mmap,root,yes,548133543936.0,548133543936,cron,"['tmp', 'cron', 'common-auth', 'libnsl.so.2']","['pam_unix.so', 'libcrypt.so.1', 'libnsl.so.2']",mmap_root,mmap_root_yes,50
fd393f66-c51b-44d3-bc85-0f8e2c1094dd_549561,736,mmap,root,yes,548133691392.0,548133691392,cron,"['tmp', 'cron', 'common-auth', 'libnsl.so.2']","['pam_unix.so', 'libcrypt.so.1', 'libnsl.so.2']",mmap_root,mmap_root_yes,51
fd393f66-c51b-44d3-bc85-0f8e2c1094dd_549561,736,mmap,root,yes,548133699584.0,548133699584,cron,"['tmp', 'cron', 'common-auth', 'libnsl.so.2']","['pam_unix.so', 'libcrypt.so.1', 'libnsl.so.2']",mmap_root,mmap_root_yes,52
fd393f66-c51b-44d3-bc85-0f8e2c1094dd_549561,736,close,root,yes,0.0,0,cron,"['tmp', 'cron', 'common-auth']","['pam_unix.so', 'libcrypt.so.1', 'libnsl.so.2']",close_root,close_root_yes,53
fd393f66-c51b-44d3-bc85-0f8e2c1094dd_549561,736,openat,root,yes,9.0,9,cron,"['tmp', 'cron', 'common-auth', 'libtirpc.so.3']","['pam_unix.so', 'libcrypt.so.1', 'libnsl.so.2']",openat_root,openat_root_yes,54
fd393f66-c51b-44d3-bc85-0f8e2c1094dd_549561,736,mmap,root,yes,548133285888.0,548133285888,cron,"['tmp', 'cron', 'common-auth', 'libtirpc.so.3']","['pam_unix.so', 'libcrypt.so.1', 'libnsl.so.2', 'libtirpc.so.3']",mmap_root,mmap_root_yes,55
fd393f66-c51b-44d3-bc85-0f8e2c1094dd_549561,736,mmap,root,yes,548133531648.0,548133531648,cron,"['tmp', 'cron', 'common-auth', 'libtirpc.so.3']","['pam_unix.so', 'libcrypt.so.1', 'libnsl.so.2', 'libtirpc.so.3']",mmap_root,mmap_root_yes,56
fd393f66-c51b-44d3-bc85-0f8e2c1094dd_549561,736,close,root,yes,0.0,0,cron,"['tmp', 'cron', 'common-auth']","['pam_unix.so', 'libcrypt.so.1', 'libnsl.so.2', 'libtirpc.so.3']",close_root,close_root_yes,57
fd393f66-c51b-44d3-bc85-0f8e2c1094dd_549561,736,openat,root,yes,9.0,9,cron,"['tmp', 'cron', 'common-auth', 'libgssapi_krb5.so.2']","['pam_unix.so', 'libcrypt.so.1', 'libnsl.so.2', 'libtirpc.so.3']",openat_root,openat_root_yes,58
fd393f66-c51b-44d3-bc85-0f8e2c1094dd_549561,736,mmap,root,yes,548132900864.0,548132900864,cron,"['tmp', 'cron', 'common-auth', 'libgssapi_krb5.so.2']","['pam_unix.so', 'libcrypt.so.1', 'libnsl.so.2', 'libtirpc.so.3', 'libgssapi_krb5.so.2']",mmap_root,mmap_root_yes,59
fd393f66-c51b-44d3-bc85-0f8e2c1094dd_549561,736,mmap,root,yes,548133269504.0,548133269504,cron,"['tmp', 'cron', 'common-auth', 'libgssapi_krb5.so.2']","['pam_unix.so', 'libcrypt.so.1', 'libnsl.so.2', 'libtirpc.so.3', 'libgssapi_krb5.so.2']",mmap_root,mmap_root_yes,60
fd393f66-c51b-44d3-bc85-0f8e2c1094dd_549561,736,close,root,yes,0.0,0,cron,"['tmp', 'cron', 'common-auth']","['pam_unix.so', 'libcrypt.so.1', 'libnsl.so.2', 'libtirpc.so.3', 'libgssapi_krb5.so.2']",close_root,close_root_yes,61
fd393f66-c51b-44d3-bc85-0f8e2c1094dd_549561,736,openat,root,yes,9.0,9,cron,"['tmp', 'cron', 'common-auth', 'libkrb5.so.3']","['pam_unix.so', 'libcrypt.so.1', 'libnsl.so.2', 'libtirpc.so.3', 'libgssapi_krb5.so.2']",openat_root,openat_root_yes,62
fd393f66-c51b-44d3-bc85-0f8e2c1094dd_549561,736,mmap,root,yes,548131942400.0,548131942400,cron,"['tmp', 'cron', 'common-auth', 'libkrb5.so.3']","['pam_unix.so', 'libcrypt.so.1', 'libnsl.so.2', 'libtirpc.so.3', 'libgssapi_krb5.so.2', 'libkrb5.so.3']",mmap_root,mmap_root_yes,63
fd393f66-c51b-44d3-bc85-0f8e2c1094dd_549561,736,mmap,root,yes,548132839424.0,548132839424,cron,"['tmp', 'cron', 'common-auth', 'libkrb5.so.3']","['pam_unix.so', 'libcrypt.so.1', 'libnsl.so.2', 'libtirpc.so.3', 'libgssapi_krb5.so.2', 'libkrb5.so.3']",mmap_root,mmap_root_yes,64
fd393f66-c51b-44d3-bc85-0f8e2c1094dd_549561,736,close,root,yes,0.0,0,cron,"['tmp', 'cron', 'common-auth']","['pam_unix.so', 'libcrypt.so.1', 'libnsl.so.2', 'libtirpc.so.3', 'libgssapi_krb5.so.2', 'libkrb5.so.3']",close_root,close_root_yes,65
fd393f66-c51b-44d3-bc85-0f8e2c1094dd_549561,736,openat,root,yes,9.0,9,cron,"['tmp', 'cron', 'common-auth', 'libk5crypto.so.3']","['pam_unix.so', 'libcrypt.so.1', 'libnsl.so.2', 'libtirpc.so.3', 'libgssapi_krb5.so.2', 'libkrb5.so.3']",openat_root,openat_root_yes,66
fd393f66-c51b-44d3-bc85-0f8e2c1094dd_549561,736,mmap,root,yes,548131688448.0,548131688448,cron,"['tmp', 'cron', 'common-auth', 'libk5crypto.so.3']","['pam_unix.so', 'libcrypt.so.1', 'libnsl.so.2', 'libtirpc.so.3', 'libgssapi_krb5.so.2', 'libkrb5.so.3', 'libk5crypto.so.3']",mmap_root,mmap_root_yes,67
fd393f66-c51b-44d3-bc85-0f8e2c1094dd_549561,736,mmap,root,yes,548131930112.0,548131930112,cron,"['tmp', 'cron', 'common-auth', 'libk5crypto.so.3']","['pam_unix.so', 'libcrypt.so.1', 'libnsl.so.2', 'libtirpc.so.3', 'libgssapi_krb5.so.2', 'libkrb5.so.3', 'libk5crypto.so.3']",mmap_root,mmap_root_yes,68
fd393f66-c51b-44d3-bc85-0f8e2c1094dd_549561,736,mmap,root,yes,548131938304.0,548131938304,cron,"['tmp', 'cron', 'common-auth', 'libk5crypto.so.3']","['pam_unix.so', 'libcrypt.so.1', 'libnsl.so.2', 'libtirpc.so.3', 'libgssapi_krb5.so.2', 'libkrb5.so.3', 'libk5crypto.so.3']",mmap_root,mmap_root_yes,69
fd393f66-c51b-44d3-bc85-0f8e2c1094dd_549561,736,close,root,yes,0.0,0,cron,"['tmp', 'cron', 'common-auth']","['pam_unix.so', 'libcrypt.so.1', 'libnsl.so.2', 'libtirpc.so.3', 'libgssapi_krb5.so.2', 'libkrb5.so.3', 'libk5crypto.so.3']",close_root,close_root_yes,70
fd393f66-c51b-44d3-bc85-0f8e2c1094dd_549561,736,openat,root,yes,9.0,9,cron,"['tmp', 'cron', 'common-auth', 'libcom_err.so.2']","['pam_unix.so', 'libcrypt.so.1', 'libnsl.so.2', 'libtirpc.so.3', 'libgssapi_krb5.so.2', 'libkrb5.so.3', 'libk5crypto.so.3']",openat_root,openat_root_yes,71
fd393f66-c51b-44d3-bc85-0f8e2c1094dd_549561,736,mmap,root,yes,548131606528.0,548131606528,cron,"['tmp', 'cron', 'common-auth', 'libcom_err.so.2']","['pam_unix.so', 'libcrypt.so.1', 'libnsl.so.2', 'libtirpc.so.3', 'libgssapi_krb5.so.2', 'libkrb5.so.3', 'libk5crypto.so.3', 'libcom_err.so.2']",mmap_root,mmap_root_yes,72
fd393f66-c51b-44d3-bc85-0f8e2c1094dd_549561,736,mmap,root,yes,548131680256.0,548131680256,cron,"['tmp', 'cron', 'common-auth', 'libcom_err.so.2']","['pam_unix.so', 'libcrypt.so.1', 'libnsl.so.2', 'libtirpc.so.3', 'libgssapi_krb5.so.2', 'libkrb5.so.3', 'libk5crypto.so.3', 'libcom_err.so.2']",mmap_root,mmap_root_yes,73
fd393f66-c51b-44d3-bc85-0f8e2c1094dd_549561,740,close,root,yes,0.0,0,cron,"['tmp', 'cron', 'common-auth']","['pam_unix.so', 'libcrypt.so.1', 'libnsl.so.2', 'libtirpc.so.3', 'libgssapi_krb5.so.2', 'libkrb5.so.3', 'libk5crypto.so.3', 'libcom_err.so.2']",close_root,close_root_yes,74
fd393f66-c51b-44d3-bc85-0f8e2c1094dd_549561,740,openat,root,yes,9.0,9,cron,"['tmp', 'cron', 'common-auth', 'libkrb5support.so.0']","['pam_unix.so', 'libcrypt.so.1', 'libnsl.so.2', 'libtirpc.so.3', 'libgssapi_krb5.so.2', 'libkrb5.so.3', 'libk5crypto.so.3', 'libcom_err.so.2']",openat_root,openat_root_yes,75
fd393f66-c51b-44d3-bc85-0f8e2c1094dd_549561,740,mmap,root,yes,548131487744.0,548131487744,cron,"['tmp', 'cron', 'common-auth', 'libkrb5support.so.0']","['pam_unix.so', 'libcrypt.so.1', 'libnsl.so.2', 'libtirpc.so.3', 'libgssapi_krb5.so.2', 'libkrb5.so.3', 'libk5crypto.so.3', 'libcom_err.so.2', 'libkrb5support.so.0']",mmap_root,mmap_root_yes,76
fd393f66-c51b-44d3-bc85-0f8e2c1094dd_549561,740,mmap,root,yes,548131598336.0,548131598336,cron,"['tmp', 'cron', 'common-auth', 'libkrb5support.so.0']","['pam_unix.so', 'libcrypt.so.1', 'libnsl.so.2', 'libtirpc.so.3', 'libgssapi_krb5.so.2', 'libkrb5.so.3', 'libk5crypto.so.3', 'libcom_err.so.2', 'libkrb5support.so.0']",mmap_root,mmap_root_yes,77
fd393f66-c51b-44d3-bc85-0f8e2c1094dd_549561,740,close,root,yes,0.0,0,cron,"['tmp', 'cron', 'common-auth']","['pam_unix.so', 'libcrypt.so.1', 'libnsl.so.2', 'libtirpc.so.3', 'libgssapi_krb5.so.2', 'libkrb5.so.3', 'libk5crypto.so.3', 'libcom_err.so.2', 'libkrb5support.so.0']",close_root,close_root_yes,78
fd393f66-c51b-44d3-bc85-0f8e2c1094dd_549561,740,openat,root,yes,9.0,9,cron,"['tmp', 'cron', 'common-auth', 'libkeyutils.so.1']","['pam_unix.so', 'libcrypt.so.1', 'libnsl.so.2', 'libtirpc.so.3', 'libgssapi_krb5.so.2', 'libkrb5.so.3', 'libk5crypto.so.3', 'libcom_err.so.2', 'libkrb5support.so.0']",openat_root,openat_root_yes,79
fd393f66-c51b-44d3-bc85-0f8e2c1094dd_549561,740,mmap,root,yes,548131401728.0,548131401728,cron,"['tmp', 'cron', 'common-auth', 'libkeyutils.so.1']","['pam_unix.so', 'libcrypt.so.1', 'libnsl.so.2', 'libtirpc.so.3', 'libgssapi_krb5.so.2', 'libkrb5.so.3', 'libk5crypto.so.3', 'libcom_err.so.2', 'libkrb5support.so.0', 'libkeyutils.so.1']",mmap_root,mmap_root_yes,80
fd393f66-c51b-44d3-bc85-0f8e2c1094dd_549561,740,mmap,root,yes,548131479552.0,548131479552,cron,"['tmp', 'cron', 'common-auth', 'libkeyutils.so.1']","['pam_unix.so', 'libcrypt.so.1', 'libnsl.so.2', 'libtirpc.so.3', 'libgssapi_krb5.so.2', 'libkrb5.so.3', 'libk5crypto.so.3', 'libcom_err.so.2', 'libkrb5support.so.0', 'libkeyutils.so.1']",mmap_root,mmap_root_yes,81
fd393f66-c51b-44d3-bc85-0f8e2c1094dd_549561,740,close,root,yes,0.0,0,cron,"['tmp', 'cron', 'common-auth']","['pam_unix.so', 'libcrypt.so.1', 'libnsl.so.2', 'libtirpc.so.3', 'libgssapi_krb5.so.2', 'libkrb5.so.3', 'libk5crypto.so.3', 'libcom_err.so.2', 'libkrb5support.so.0', 'libkeyutils.so.1']",close_root,close_root_yes,82
fd393f66-c51b-44d3-bc85-0f8e2c1094dd_549561,740,openat,root,yes,9.0,9,cron,"['tmp', 'cron', 'common-auth', 'libresolv.so.2']","['pam_unix.so', 'libcrypt.so.1', 'libnsl.so.2', 'libtirpc.so.3', 'libgssapi_krb5.so.2', 'libkrb5.so.3', 'libk5crypto.so.3', 'libcom_err.so.2', 'libkrb5support.so.0', 'libkeyutils.so.1']",openat_root,openat_root_yes,83
fd393f66-c51b-44d3-bc85-0f8e2c1094dd_549561,740,mmap,root,yes,548131241984.0,548131241984,cron,"['tmp', 'cron', 'common-auth', 'libresolv.so.2']","['pam_unix.so', 'libcrypt.so.1', 'libnsl.so.2', 'libtirpc.so.3', 'libgssapi_krb5.so.2', 'libkrb5.so.3', 'libk5crypto.so.3', 'libcom_err.so.2', 'libkrb5support.so.0', 'libkeyutils.so.1', 'libresolv.so.2']",mmap_root,mmap_root_yes,84
fd393f66-c51b-44d3-bc85-0f8e2c1094dd_549561,740,mmap,root,yes,548131385344.0,548131385344,cron,"['tmp', 'cron', 'common-auth', 'libresolv.so.2']","['pam_unix.so', 'libcrypt.so.1', 'libnsl.so.2', 'libtirpc.so.3', 'libgssapi_krb5.so.2', 'libkrb5.so.3', 'libk5crypto.so.3', 'libcom_err.so.2', 'libkrb5support.so.0', 'libkeyutils.so.1', 'libresolv.so.2']",mmap_root,mmap_root_yes,85
fd393f66-c51b-44d3-bc85-0f8e2c1094dd_549561,740,mmap,root,yes,548131393536.0,548131393536,cron,"['tmp', 'cron', 'common-auth', 'libresolv.so.2']","['pam_unix.so', 'libcrypt.so.1', 'libnsl.so.2', 'libtirpc.so.3', 'libgssapi_krb5.so.2', 'libkrb5.so.3', 'libk5crypto.so.3', 'libcom_err.so.2', 'libkrb5support.so.0', 'libkeyutils.so.1', 'libresolv.so.2']",mmap_root,mmap_root_yes,86
fd393f66-c51b-44d3-bc85-0f8e2c1094dd_549561,740,close,root,yes,0.0,0,cron,"['tmp', 'cron', 'common-auth']","['pam_unix.so', 'libcrypt.so.1', 'libnsl.so.2', 'libtirpc.so.3', 'libgssapi_krb5.so.2', 'libkrb5.so.3', 'libk5crypto.so.3', 'libcom_err.so.2', 'libkrb5support.so.0', 'libkeyutils.so.1', 'libresolv.so.2']",close_root,close_root_yes,87
fd393f66-c51b-44d3-bc85-0f8e2c1094dd_549561,748,munmap,root,yes,0.0,0,cron,"['tmp', 'cron', 'common-auth']","['pam_unix.so', 'libcrypt.so.1', 'libnsl.so.2', 'libtirpc.so.3', 'libgssapi_krb5.so.2', 'libkrb5.so.3', 'libk5crypto.so.3', 'libcom_err.so.2', 'libkrb5support.so.0', 'libkeyutils.so.1', 'libresolv.so.2']",munmap_root,munmap_root_yes,88
fd393f66-c51b-44d3-bc85-0f8e2c1094dd_549561,748,openat,root,yes,9.0,9,cron,"['tmp', 'cron', 'common-auth', 'pam_deny.so']","['pam_unix.so', 'libcrypt.so.1', 'libnsl.so.2', 'libtirpc.so.3', 'libgssapi_krb5.so.2', 'libkrb5.so.3', 'libk5crypto.so.3', 'libcom_err.so.2', 'libkrb5support.so.0', 'libkeyutils.so.1', 'libresolv.so.2']",openat_root,openat_root_yes,89
fd393f66-c51b-44d3-bc85-0f8e2c1094dd_549561,748,mmap,root,yes,548131168256.0,548131168256,cron,"['tmp', 'cron', 'common-auth', 'pam_deny.so']","['pam_unix.so', 'libcrypt.so.1', 'libnsl.so.2', 'libtirpc.so.3', 'libgssapi_krb5.so.2', 'libkrb5.so.3', 'libk5crypto.so.3', 'libcom_err.so.2', 'libkrb5support.so.0', 'libkeyutils.so.1', 'libresolv.so.2', 'pam_deny.so']",mmap_root,mmap_root_yes,90
fd393f66-c51b-44d3-bc85-0f8e2c1094dd_549561,748,mmap,root,yes,548131233792.0,548131233792,cron,"['tmp', 'cron', 'common-auth', 'pam_deny.so']","['pam_unix.so', 'libcrypt.so.1', 'libnsl.so.2', 'libtirpc.so.3', 'libgssapi_krb5.so.2', 'libkrb5.so.3', 'libk5crypto.so.3', 'libcom_err.so.2', 'libkrb5support.so.0', 'libkeyutils.so.1', 'libresolv.so.2', 'pam_deny.so']",mmap_root,mmap_root_yes,91
fd393f66-c51b-44d3-bc85-0f8e2c1094dd_549561,748,close,root,yes,0.0,0,cron,"['tmp', 'cron', 'common-auth']","['pam_unix.so', 'libcrypt.so.1', 'libnsl.so.2', 'libtirpc.so.3', 'libgssapi_krb5.so.2', 'libkrb5.so.3', 'libk5crypto.so.3', 'libcom_err.so.2', 'libkrb5support.so.0', 'libkeyutils.so.1', 'libresolv.so.2', 'pam_deny.so']",close_root,close_root_yes,92
fd393f66-c51b-44d3-bc85-0f8e2c1094dd_549561,748,openat,root,yes,9.0,9,cron,"['tmp', 'cron', 'common-auth', 'pam_permit.so']","['pam_unix.so', 'libcrypt.so.1', 'libnsl.so.2', 'libtirpc.so.3', 'libgssapi_krb5.so.2', 'libkrb5.so.3', 'libk5crypto.so.3', 'libcom_err.so.2', 'libkrb5support.so.0', 'libkeyutils.so.1', 'libresolv.so.2', 'pam_deny.so']",openat_root,openat_root_yes,93
fd393f66-c51b-44d3-bc85-0f8e2c1094dd_549561,748,mmap,root,yes,548131094528.0,548131094528,cron,"['tmp', 'cron', 'common-auth', 'pam_permit.so']","['pam_unix.so', 'libcrypt.so.1', 'libnsl.so.2', 'libtirpc.so.3', 'libgssapi_krb5.so.2', 'libkrb5.so.3', 'libk5crypto.so.3', 'libcom_err.so.2', 'libkrb5support.so.0', 'libkeyutils.so.1', 'libresolv.so.2', 'pam_deny.so', 'pam_permit.so']",mmap_root,mmap_root_yes,94
fd393f66-c51b-44d3-bc85-0f8e2c1094dd_549561,748,mmap,root,yes,548131160064.0,548131160064,cron,"['tmp', 'cron', 'common-auth', 'pam_permit.so']","['pam_unix.so', 'libcrypt.so.1', 'libnsl.so.2', 'libtirpc.so.3', 'libgssapi_krb5.so.2', 'libkrb5.so.3', 'libk5crypto.so.3', 'libcom_err.so.2', 'libkrb5support.so.0', 'libkeyutils.so.1', 'libresolv.so.2', 'pam_deny.so', 'pam_permit.so']",mmap_root,mmap_root_yes,95
fd393f66-c51b-44d3-bc85-0f8e2c1094dd_549561,748,close,root,yes,0.0,0,cron,"['tmp', 'cron', 'common-auth']","['pam_unix.so', 'libcrypt.so.1', 'libnsl.so.2', 'libtirpc.so.3', 'libgssapi_krb5.so.2', 'libkrb5.so.3', 'libk5crypto.so.3', 'libcom_err.so.2', 'libkrb5support.so.0', 'libkeyutils.so.1', 'libresolv.so.2', 'pam_deny.so', 'pam_permit.so']",close_root,close_root_yes,96
fd393f66-c51b-44d3-bc85-0f8e2c1094dd_549561,748,close,root,yes,0.0,0,cron,"['tmp', 'cron']","['pam_unix.so', 'libcrypt.so.1', 'libnsl.so.2', 'libtirpc.so.3', 'libgssapi_krb5.so.2', 'libkrb5.so.3', 'libk5crypto.so.3', 'libcom_err.so.2', 'libkrb5support.so.0', 'libkeyutils.so.1', 'libresolv.so.2', 'pam_deny.so', 'pam_permit.so']",close_root,close_root_yes,97
fd393f66-c51b-44d3-bc85-0f8e2c1094dd_549561,748,openat,root,yes,8.0,8,cron,"['tmp', 'cron', 'pam_loginuid.so']","['pam_unix.so', 'libcrypt.so.1', 'libnsl.so.2', 'libtirpc.so.3', 'libgssapi_krb5.so.2', 'libkrb5.so.3', 'libk5crypto.so.3', 'libcom_err.so.2', 'libkrb5support.so.0', 'libkeyutils.so.1', 'libresolv.so.2', 'pam_deny.so', 'pam_permit.so']",openat_root,openat_root_yes,98
fd393f66-c51b-44d3-bc85-0f8e2c1094dd_549561,748,mmap,root,yes,548131016704.0,548131016704,cron,"['tmp', 'cron', 'pam_loginuid.so']","['pam_unix.so', 'libcrypt.so.1', 'libnsl.so.2', 'libtirpc.so.3', 'libgssapi_krb5.so.2', 'libkrb5.so.3', 'libk5crypto.so.3', 'libcom_err.so.2', 'libkrb5support.so.0', 'libkeyutils.so.1', 'libresolv.so.2', 'pam_deny.so', 'pam_permit.so', 'pam_loginuid.so']",mmap_root,mmap_root_yes,99
fd393f66-c51b-44d3-bc85-0f8e2c1094dd_549561,748,mmap,root,yes,548131086336.0,548131086336,cron,"['tmp', 'cron', 'pam_loginuid.so']","['pam_unix.so', 'libcrypt.so.1', 'libnsl.so.2', 'libtirpc.so.3', 'libgssapi_krb5.so.2', 'libkrb5.so.3', 'libk5crypto.so.3', 'libcom_err.so.2', 'libkrb5support.so.0', 'libkeyutils.so.1', 'libresolv.so.2', 'pam_deny.so', 'pam_permit.so', 'pam_loginuid.so']",mmap_root,mmap_root_yes,100
fd393f66-c51b-44d3-bc85-0f8e2c1094dd_549561,748,close,root,yes,0.0,0,cron,"['tmp', 'cron']","['pam_unix.so', 'libcrypt.so.1', 'libnsl.so.2', 'libtirpc.so.3', 'libgssapi_krb5.so.2', 'libkrb5.so.3', 'libk5crypto.so.3', 'libcom_err.so.2', 'libkrb5support.so.0', 'libkeyutils.so.1', 'libresolv.so.2', 'pam_deny.so', 'pam_permit.so', 'pam_loginuid.so']",close_root,close_root_yes,101
fd393f66-c51b-44d3-bc85-0f8e2c1094dd_549561,748,openat,root,yes,8.0,8,cron,"['tmp', 'cron', 'pam_env.so']","['pam_unix.so', 'libcrypt.so.1', 'libnsl.so.2', 'libtirpc.so.3', 'libgssapi_krb5.so.2', 'libkrb5.so.3', 'libk5crypto.so.3', 'libcom_err.so.2', 'libkrb5support.so.0', 'libkeyutils.so.1', 'libresolv.so.2', 'pam_deny.so', 'pam_permit.so', 'pam_loginuid.so']",openat_root,openat_root_yes,102
fd393f66-c51b-44d3-bc85-0f8e2c1094dd_549561,748,mmap,root,yes,548130930688.0,548130930688,cron,"['tmp', 'cron', 'pam_env.so']","['pam_unix.so', 'libcrypt.so.1', 'libnsl.so.2', 'libtirpc.so.3', 'libgssapi_krb5.so.2', 'libkrb5.so.3', 'libk5crypto.so.3', 'libcom_err.so.2', 'libkrb5support.so.0', 'libkeyutils.so.1', 'libresolv.so.2', 'pam_deny.so', 'pam_permit.so', 'pam_loginuid.so', 'pam_env.so']",mmap_root,mmap_root_yes,103
fd393f66-c51b-44d3-bc85-0f8e2c1094dd_549561,748,mmap,root,yes,548131008512.0,548131008512,cron,"['tmp', 'cron', 'pam_env.so']","['pam_unix.so', 'libcrypt.so.1', 'libnsl.so.2', 'libtirpc.so.3', 'libgssapi_krb5.so.2', 'libkrb5.so.3', 'libk5crypto.so.3', 'libcom_err.so.2', 'libkrb5support.so.0', 'libkeyutils.so.1', 'libresolv.so.2', 'pam_deny.so', 'pam_permit.so', 'pam_loginuid.so', 'pam_env.so']",mmap_root,mmap_root_yes,104
fd393f66-c51b-44d3-bc85-0f8e2c1094dd_549561,748,close,root,yes,0.0,0,cron,"['tmp', 'cron']","['pam_unix.so', 'libcrypt.so.1', 'libnsl.so.2', 'libtirpc.so.3', 'libgssapi_krb5.so.2', 'libkrb5.so.3', 'libk5crypto.so.3', 'libcom_err.so.2', 'libkrb5support.so.0', 'libkeyutils.so.1', 'libresolv.so.2', 'pam_deny.so', 'pam_permit.so', 'pam_loginuid.so', 'pam_env.so']",close_root,close_root_yes,105
fd393f66-c51b-44d3-bc85-0f8e2c1094dd_549561,748,openat,root,yes,8.0,8,cron,"['tmp', 'cron', 'common-account']","['pam_unix.so', 'libcrypt.so.1', 'libnsl.so.2', 'libtirpc.so.3', 'libgssapi_krb5.so.2', 'libkrb5.so.3', 'libk5crypto.so.3', 'libcom_err.so.2', 'libkrb5support.so.0', 'libkeyutils.so.1', 'libresolv.so.2', 'pam_deny.so', 'pam_permit.so', 'pam_loginuid.so', 'pam_env.so']",openat_root,openat_root_yes,106
fd393f66-c51b-44d3-bc85-0f8e2c1094dd_549561,748,openat,root,yes,8.0,8,cron,"['tmp', 'cron', 'common-session-noninteractive']","['pam_unix.so', 'libcrypt.so.1', 'libnsl.so.2', 'libtirpc.so.3', 'libgssapi_krb5.so.2', 'libkrb5.so.3', 'libk5crypto.so.3', 'libcom_err.so.2', 'libkrb5support.so.0', 'libkeyutils.so.1', 'libresolv.so.2', 'pam_deny.so', 'pam_permit.so', 'pam_loginuid.so', 'pam_env.so']",openat_root,openat_root_yes,107
fd393f66-c51b-44d3-bc85-0f8e2c1094dd_549561,748,openat,root,yes,8.0,8,cron,"['tmp', 'cron', 'pam_limits.so']","['pam_unix.so', 'libcrypt.so.1', 'libnsl.so.2', 'libtirpc.so.3', 'libgssapi_krb5.so.2', 'libkrb5.so.3', 'libk5crypto.so.3', 'libcom_err.so.2', 'libkrb5support.so.0', 'libkeyutils.so.1', 'libresolv.so.2', 'pam_deny.so', 'pam_permit.so', 'pam_loginuid.so', 'pam_env.so']",openat_root,openat_root_yes,108
fd393f66-c51b-44d3-bc85-0f8e2c1094dd_549561,748,mmap,root,yes,548130840576.0,548130840576,cron,"['tmp', 'cron', 'pam_limits.so']","['pam_unix.so', 'libcrypt.so.1', 'libnsl.so.2', 'libtirpc.so.3', 'libgssapi_krb5.so.2', 'libkrb5.so.3', 'libk5crypto.so.3', 'libcom_err.so.2', 'libkrb5support.so.0', 'libkeyutils.so.1', 'libresolv.so.2', 'pam_deny.so', 'pam_permit.so', 'pam_loginuid.so', 'pam_env.so', 'pam_limits.so']",mmap_root,mmap_root_yes,109
fd393f66-c51b-44d3-bc85-0f8e2c1094dd_549561,752,mmap,root,yes,548130922496.0,548130922496,cron,"['tmp', 'cron', 'pam_limits.so']","['pam_unix.so', 'libcrypt.so.1', 'libnsl.so.2', 'libtirpc.so.3', 'libgssapi_krb5.so.2', 'libkrb5.so.3', 'libk5crypto.so.3', 'libcom_err.so.2', 'libkrb5support.so.0', 'libkeyutils.so.1', 'libresolv.so.2', 'pam_deny.so', 'pam_permit.so', 'pam_loginuid.so', 'pam_env.so', 'pam_limits.so']",mmap_root,mmap_root_yes,110
fd393f66-c51b-44d3-bc85-0f8e2c1094dd_549561,752,close,root,yes,0.0,0,cron,"['tmp', 'cron']","['pam_unix.so', 'libcrypt.so.1', 'libnsl.so.2', 'libtirpc.so.3', 'libgssapi_krb5.so.2', 'libkrb5.so.3', 'libk5crypto.so.3', 'libcom_err.so.2', 'libkrb5support.so.0', 'libkeyutils.so.1', 'libresolv.so.2', 'pam_deny.so', 'pam_permit.so', 'pam_loginuid.so', 'pam_env.so', 'pam_limits.so']",close_root,close_root_yes,111
fd393f66-c51b-44d3-bc85-0f8e2c1094dd_549561,752,close,root,yes,0.0,0,cron,['tmp'],"['pam_unix.so', 'libcrypt.so.1', 'libnsl.so.2', 'libtirpc.so.3', 'libgssapi_krb5.so.2', 'libkrb5.so.3', 'libk5crypto.so.3', 'libcom_err.so.2', 'libkrb5support.so.0', 'libkeyutils.so.1', 'libresolv.so.2', 'pam_deny.so', 'pam_permit.so', 'pam_loginuid.so', 'pam_env.so', 'pam_limits.so']",close_root,close_root_yes,112
fd393f66-c51b-44d3-bc85-0f8e2c1094dd_549561,752,openat,root,yes,7.0,7,cron,"['tmp', 'other']","['pam_unix.so', 'libcrypt.so.1', 'libnsl.so.2', 'libtirpc.so.3', 'libgssapi_krb5.so.2', 'libkrb5.so.3', 'libk5crypto.so.3', 'libcom_err.so.2', 'libkrb5support.so.0', 'libkeyutils.so.1', 'libresolv.so.2', 'pam_deny.so', 'pam_permit.so', 'pam_loginuid.so', 'pam_env.so', 'pam_limits.so']",openat_root,openat_root_yes,113
fd393f66-c51b-44d3-bc85-0f8e2c1094dd_549561,752,openat,root,yes,8.0,8,cron,"['tmp', 'other', 'common-auth']","['pam_unix.so', 'libcrypt.so.1', 'libnsl.so.2', 'libtirpc.so.3', 'libgssapi_krb5.so.2', 'libkrb5.so.3', 'libk5crypto.so.3', 'libcom_err.so.2', 'libkrb5support.so.0', 'libkeyutils.so.1', 'libresolv.so.2', 'pam_deny.so', 'pam_permit.so', 'pam_loginuid.so', 'pam_env.so', 'pam_limits.so']",openat_root,openat_root_yes,114
fd393f66-c51b-44d3-bc85-0f8e2c1094dd_549561,752,close,root,yes,0.0,0,cron,"['tmp', 'other']","['pam_unix.so', 'libcrypt.so.1', 'libnsl.so.2', 'libtirpc.so.3', 'libgssapi_krb5.so.2', 'libkrb5.so.3', 'libk5crypto.so.3', 'libcom_err.so.2', 'libkrb5support.so.0', 'libkeyutils.so.1', 'libresolv.so.2', 'pam_deny.so', 'pam_permit.so', 'pam_loginuid.so', 'pam_env.so', 'pam_limits.so']",close_root,close_root_yes,115
fd393f66-c51b-44d3-bc85-0f8e2c1094dd_549561,752,openat,root,yes,8.0,8,cron,"['tmp', 'other', 'common-account']","['pam_unix.so', 'libcrypt.so.1', 'libnsl.so.2', 'libtirpc.so.3', 'libgssapi_krb5.so.2', 'libkrb5.so.3', 'libk5crypto.so.3', 'libcom_err.so.2', 'libkrb5support.so.0', 'libkeyutils.so.1', 'libresolv.so.2', 'pam_deny.so', 'pam_permit.so', 'pam_loginuid.so', 'pam_env.so', 'pam_limits.so']",openat_root,openat_root_yes,116
fd393f66-c51b-44d3-bc85-0f8e2c1094dd_549561,752,openat,root,yes,8.0,8,cron,"['tmp', 'other', 'common-password']","['pam_unix.so', 'libcrypt.so.1', 'libnsl.so.2', 'libtirpc.so.3', 'libgssapi_krb5.so.2', 'libkrb5.so.3', 'libk5crypto.so.3', 'libcom_err.so.2', 'libkrb5support.so.0', 'libkeyutils.so.1', 'libresolv.so.2', 'pam_deny.so', 'pam_permit.so', 'pam_loginuid.so', 'pam_env.so', 'pam_limits.so']",openat_root,openat_root_yes,117
fd393f66-c51b-44d3-bc85-0f8e2c1094dd_549561,752,openat,root,yes,8.0,8,cron,"['tmp', 'other', 'common-session']","['pam_unix.so', 'libcrypt.so.1', 'libnsl.so.2', 'libtirpc.so.3', 'libgssapi_krb5.so.2', 'libkrb5.so.3', 'libk5crypto.so.3', 'libcom_err.so.2', 'libkrb5support.so.0', 'libkeyutils.so.1', 'libresolv.so.2', 'pam_deny.so', 'pam_permit.so', 'pam_loginuid.so', 'pam_env.so', 'pam_limits.so']",openat_root,openat_root_yes,118
fd393f66-c51b-44d3-bc85-0f8e2c1094dd_549561,752,openat,root,yes,9.0,9,cron,"['tmp', 'other', 'common-session', 'pam_systemd.so']","['pam_unix.so', 'libcrypt.so.1', 'libnsl.so.2', 'libtirpc.so.3', 'libgssapi_krb5.so.2', 'libkrb5.so.3', 'libk5crypto.so.3', 'libcom_err.so.2', 'libkrb5support.so.0', 'libkeyutils.so.1', 'libresolv.so.2', 'pam_deny.so', 'pam_permit.so', 'pam_loginuid.so', 'pam_env.so', 'pam_limits.so']",openat_root,openat_root_yes,119
fd393f66-c51b-44d3-bc85-0f8e2c1094dd_549561,752,mmap,root,yes,548130316288.0,548130316288,cron,"['tmp', 'other', 'common-session', 'pam_systemd.so']","['pam_unix.so', 'libcrypt.so.1', 'libnsl.so.2', 'libtirpc.so.3', 'libgssapi_krb5.so.2', 'libkrb5.so.3', 'libk5crypto.so.3', 'libcom_err.so.2', 'libkrb5support.so.0', 'libkeyutils.so.1', 'libresolv.so.2', 'pam_deny.so', 'pam_permit.so', 'pam_loginuid.so', 'pam_env.so', 'pam_limits.so', 'pam_systemd.so']",mmap_root,mmap_root_yes,120
fd393f66-c51b-44d3-bc85-0f8e2c1094dd_549561,752,mmap,root,yes,548130811904.0,548130811904,cron,"['tmp', 'other', 'common-session', 'pam_systemd.so']","['pam_unix.so', 'libcrypt.so.1', 'libnsl.so.2', 'libtirpc.so.3', 'libgssapi_krb5.so.2', 'libkrb5.so.3', 'libk5crypto.so.3', 'libcom_err.so.2', 'libkrb5support.so.0', 'libkeyutils.so.1', 'libresolv.so.2', 'pam_deny.so', 'pam_permit.so', 'pam_loginuid.so', 'pam_env.so', 'pam_limits.so', 'pam_systemd.so']",mmap_root,mmap_root_yes,121
fd393f66-c51b-44d3-bc85-0f8e2c1094dd_549561,752,mmap,root,yes,548130836480.0,548130836480,cron,"['tmp', 'other', 'common-session', 'pam_systemd.so']","['pam_unix.so', 'libcrypt.so.1', 'libnsl.so.2', 'libtirpc.so.3', 'libgssapi_krb5.so.2', 'libkrb5.so.3', 'libk5crypto.so.3', 'libcom_err.so.2', 'libkrb5support.so.0', 'libkeyutils.so.1', 'libresolv.so.2', 'pam_deny.so', 'pam_permit.so', 'pam_loginuid.so', 'pam_env.so', 'pam_limits.so', 'pam_systemd.so']",mmap_root,mmap_root_yes,122
fd393f66-c51b-44d3-bc85-0f8e2c1094dd_549561,752,close,root,yes,0.0,0,cron,"['tmp', 'other', 'common-session']","['pam_unix.so', 'libcrypt.so.1', 'libnsl.so.2', 'libtirpc.so.3', 'libgssapi_krb5.so.2', 'libkrb5.so.3', 'libk5crypto.so.3', 'libcom_err.so.2', 'libkrb5support.so.0', 'libkeyutils.so.1', 'libresolv.so.2', 'pam_deny.so', 'pam_permit.so', 'pam_loginuid.so', 'pam_env.so', 'pam_limits.so', 'pam_systemd.so']",close_root,close_root_yes,123
fd393f66-c51b-44d3-bc85-0f8e2c1094dd_549561,752,openat,root,yes,9.0,9,cron,"['tmp', 'other', 'common-session', 'ld.so.cache']","['pam_unix.so', 'libcrypt.so.1', 'libnsl.so.2', 'libtirpc.so.3', 'libgssapi_krb5.so.2', 'libkrb5.so.3', 'libk5crypto.so.3', 'libcom_err.so.2', 'libkrb5support.so.0', 'libkeyutils.so.1', 'libresolv.so.2', 'pam_deny.so', 'pam_permit.so', 'pam_loginuid.so', 'pam_env.so', 'pam_limits.so', 'pam_systemd.so']",openat_root,openat_root_yes,124
fd393f66-c51b-44d3-bc85-0f8e2c1094dd_549561,752,mmap,root,yes,548134006784.0,548134006784,cron,"['tmp', 'other', 'common-session', 'ld.so.cache']","['pam_unix.so', 'libcrypt.so.1', 'libnsl.so.2', 'libtirpc.so.3', 'libgssapi_krb5.so.2', 'libkrb5.so.3', 'libk5crypto.so.3', 'libcom_err.so.2', 'libkrb5support.so.0', 'libkeyutils.so.1', 'libresolv.so.2', 'pam_deny.so', 'pam_permit.so', 'pam_loginuid.so', 'pam_env.so', 'pam_limits.so', 'pam_systemd.so']",mmap_root,mmap_root_yes,125
fd393f66-c51b-44d3-bc85-0f8e2c1094dd_549561,752,openat,root,yes,9.0,9,cron,"['tmp', 'other', 'common-session', 'libpam_misc.so.0']","['pam_unix.so', 'libcrypt.so.1', 'libnsl.so.2', 'libtirpc.so.3', 'libgssapi_krb5.so.2', 'libkrb5.so.3', 'libk5crypto.so.3', 'libcom_err.so.2', 'libkrb5support.so.0', 'libkeyutils.so.1', 'libresolv.so.2', 'pam_deny.so', 'pam_permit.so', 'pam_loginuid.so', 'pam_env.so', 'pam_limits.so', 'pam_systemd.so']",openat_root,openat_root_yes,126
fd393f66-c51b-44d3-bc85-0f8e2c1094dd_549561,752,mmap,root,yes,548130234368.0,548130234368,cron,"['tmp', 'other', 'common-session', 'libpam_misc.so.0']","['pam_unix.so', 'libcrypt.so.1', 'libnsl.so.2', 'libtirpc.so.3', 'libgssapi_krb5.so.2', 'libkrb5.so.3', 'libk5crypto.so.3', 'libcom_err.so.2', 'libkrb5support.so.0', 'libkeyutils.so.1', 'libresolv.so.2', 'pam_deny.so', 'pam_permit.so', 'pam_loginuid.so', 'pam_env.so', 'pam_limits.so', 'pam_systemd.so', 'libpam_misc.so.0']",mmap_root,mmap_root_yes,127
fd393f66-c51b-44d3-bc85-0f8e2c1094dd_549561,752,mmap,root,yes,548130308096.0,548130308096,cron,"['tmp', 'other', 'common-session', 'libpam_misc.so.0']","['pam_unix.so', 'libcrypt.so.1', 'libnsl.so.2', 'libtirpc.so.3', 'libgssapi_krb5.so.2', 'libkrb5.so.3', 'libk5crypto.so.3', 'libcom_err.so.2', 'libkrb5support.so.0', 'libkeyutils.so.1', 'libresolv.so.2', 'pam_deny.so', 'pam_permit.so', 'pam_loginuid.so', 'pam_env.so', 'pam_limits.so', 'pam_systemd.so', 'libpam_misc.so.0']",mmap_root,mmap_root_yes,128
fd393f66-c51b-44d3-bc85-0f8e2c1094dd_549561,752,close,root,yes,0.0,0,cron,"['tmp', 'other', 'common-session']","['pam_unix.so', 'libcrypt.so.1', 'libnsl.so.2', 'libtirpc.so.3', 'libgssapi_krb5.so.2', 'libkrb5.so.3', 'libk5crypto.so.3', 'libcom_err.so.2', 'libkrb5support.so.0', 'libkeyutils.so.1', 'libresolv.so.2', 'pam_deny.so', 'pam_permit.so', 'pam_loginuid.so', 'pam_env.so', 'pam_limits.so', 'pam_systemd.so', 'libpam_misc.so.0']",close_root,close_root_yes,129
fd393f66-c51b-44d3-bc85-0f8e2c1094dd_549561,752,openat,root,yes,9.0,9,cron,"['tmp', 'other', 'common-session', 'libm.so.6']","['pam_unix.so', 'libcrypt.so.1', 'libnsl.so.2', 'libtirpc.so.3', 'libgssapi_krb5.so.2', 'libkrb5.so.3', 'libk5crypto.so.3', 'libcom_err.so.2', 'libkrb5support.so.0', 'libkeyutils.so.1', 'libresolv.so.2', 'pam_deny.so', 'pam_permit.so', 'pam_loginuid.so', 'pam_env.so', 'pam_limits.so', 'pam_systemd.so', 'libpam_misc.so.0']",openat_root,openat_root_yes,130
fd393f66-c51b-44d3-bc85-0f8e2c1094dd_549561,752,mmap,root,yes,548129533952.0,548129533952,cron,"['tmp', 'other', 'common-session', 'libm.so.6']","['pam_unix.so', 'libcrypt.so.1', 'libnsl.so.2', 'libtirpc.so.3', 'libgssapi_krb5.so.2', 'libkrb5.so.3', 'libk5crypto.so.3', 'libcom_err.so.2', 'libkrb5support.so.0', 'libkeyutils.so.1', 'libresolv.so.2', 'pam_deny.so', 'pam_permit.so', 'pam_loginuid.so', 'pam_env.so', 'pam_limits.so', 'pam_systemd.so', 'libpam_misc.so.0', 'libm.so.6']",mmap_root,mmap_root_yes,131
fd393f66-c51b-44d3-bc85-0f8e2c1094dd_549561,752,mmap,root,yes,548130226176.0,548130226176,cron,"['tmp', 'other', 'common-session', 'libm.so.6']","['pam_unix.so', 'libcrypt.so.1', 'libnsl.so.2', 'libtirpc.so.3', 'libgssapi_krb5.so.2', 'libkrb5.so.3', 'libk5crypto.so.3', 'libcom_err.so.2', 'libkrb5support.so.0', 'libkeyutils.so.1', 'libresolv.so.2', 'pam_deny.so', 'pam_permit.so', 'pam_loginuid.so', 'pam_env.so', 'pam_limits.so', 'pam_systemd.so', 'libpam_misc.so.0', 'libm.so.6']",mmap_root,mmap_root_yes,132
fd393f66-c51b-44d3-bc85-0f8e2c1094dd_549561,752,close,root,yes,0.0,0,cron,"['tmp', 'other', 'common-session']","['pam_unix.so', 'libcrypt.so.1', 'libnsl.so.2', 'libtirpc.so.3', 'libgssapi_krb5.so.2', 'libkrb5.so.3', 'libk5crypto.so.3', 'libcom_err.so.2', 'libkrb5support.so.0', 'libkeyutils.so.1', 'libresolv.so.2', 'pam_deny.so', 'pam_permit.so', 'pam_loginuid.so', 'pam_env.so', 'pam_limits.so', 'pam_systemd.so', 'libpam_misc.so.0', 'libm.so.6']",close_root,close_root_yes,133
fd393f66-c51b-44d3-bc85-0f8e2c1094dd_549561,756,munmap,root,yes,0.0,0,cron,"['tmp', 'other', 'common-session']","['pam_unix.so', 'libcrypt.so.1', 'libnsl.so.2', 'libtirpc.so.3', 'libgssapi_krb5.so.2', 'libkrb5.so.3', 'libk5crypto.so.3', 'libcom_err.so.2', 'libkrb5support.so.0', 'libkeyutils.so.1', 'libresolv.so.2', 'pam_deny.so', 'pam_permit.so', 'pam_loginuid.so', 'pam_env.so', 'pam_limits.so', 'pam_systemd.so', 'libpam_misc.so.0', 'libm.so.6']",munmap_root,munmap_root_yes,134
fd393f66-c51b-44d3-bc85-0f8e2c1094dd_549561,756,openat,root,yes,9.0,9,cron,"['tmp', 'other', 'common-session', 'pam_chksshpwd.so']","['pam_unix.so', 'libcrypt.so.1', 'libnsl.so.2', 'libtirpc.so.3', 'libgssapi_krb5.so.2', 'libkrb5.so.3', 'libk5crypto.so.3', 'libcom_err.so.2', 'libkrb5support.so.0', 'libkeyutils.so.1', 'libresolv.so.2', 'pam_deny.so', 'pam_permit.so', 'pam_loginuid.so', 'pam_env.so', 'pam_limits.so', 'pam_systemd.so', 'libpam_misc.so.0', 'libm.so.6']",openat_root,openat_root_yes,135
fd393f66-c51b-44d3-bc85-0f8e2c1094dd_549561,756,mmap,root,yes,548129456128.0,548129456128,cron,"['tmp', 'other', 'common-session', 'pam_chksshpwd.so']","['pam_unix.so', 'libcrypt.so.1', 'libnsl.so.2', 'libtirpc.so.3', 'libgssapi_krb5.so.2', 'libkrb5.so.3', 'libk5crypto.so.3', 'libcom_err.so.2', 'libkrb5support.so.0', 'libkeyutils.so.1', 'libresolv.so.2', 'pam_deny.so', 'pam_permit.so', 'pam_loginuid.so', 'pam_env.so', 'pam_limits.so', 'pam_systemd.so', 'libpam_misc.so.0', 'libm.so.6', 'pam_chksshpwd.so']",mmap_root,mmap_root_yes,136
fd393f66-c51b-44d3-bc85-0f8e2c1094dd_549561,764,mmap,root,yes,548129525760.0,548129525760,cron,"['tmp', 'other', 'common-session', 'pam_chksshpwd.so']","['pam_unix.so', 'libcrypt.so.1', 'libnsl.so.2', 'libtirpc.so.3', 'libgssapi_krb5.so.2', 'libkrb5.so.3', 'libk5crypto.so.3', 'libcom_err.so.2', 'libkrb5support.so.0', 'libkeyutils.so.1', 'libresolv.so.2', 'pam_deny.so', 'pam_permit.so', 'pam_loginuid.so', 'pam_env.so', 'pam_limits.so', 'pam_systemd.so', 'libpam_misc.so.0', 'libm.so.6', 'pam_chksshpwd.so']",mmap_root,mmap_root_yes,137
fd393f66-c51b-44d3-bc85-0f8e2c1094dd_549561,764,close,root,yes,0.0,0,cron,"['tmp', 'other', 'common-session']","['pam_unix.so', 'libcrypt.so.1', 'libnsl.so.2', 'libtirpc.so.3', 'libgssapi_krb5.so.2', 'libkrb5.so.3', 'libk5crypto.so.3', 'libcom_err.so.2', 'libkrb5support.so.0', 'libkeyutils.so.1', 'libresolv.so.2', 'pam_deny.so', 'pam_permit.so', 'pam_loginuid.so', 'pam_env.so', 'pam_limits.so', 'pam_systemd.so', 'libpam_misc.so.0', 'libm.so.6', 'pam_chksshpwd.so']",close_root,close_root_yes,138
fd393f66-c51b-44d3-bc85-0f8e2c1094dd_549561,764,close,root,yes,0.0,0,cron,"['tmp', 'other']","['pam_unix.so', 'libcrypt.so.1', 'libnsl.so.2', 'libtirpc.so.3', 'libgssapi_krb5.so.2', 'libkrb5.so.3', 'libk5crypto.so.3', 'libcom_err.so.2', 'libkrb5support.so.0', 'libkeyutils.so.1', 'libresolv.so.2', 'pam_deny.so', 'pam_permit.so', 'pam_loginuid.so', 'pam_env.so', 'pam_limits.so', 'pam_systemd.so', 'libpam_misc.so.0', 'libm.so.6', 'pam_chksshpwd.so']",close_root,close_root_yes,139
fd393f66-c51b-44d3-bc85-0f8e2c1094dd_549561,764,close,root,yes,0.0,0,cron,['tmp'],"['pam_unix.so', 'libcrypt.so.1', 'libnsl.so.2', 'libtirpc.so.3', 'libgssapi_krb5.so.2', 'libkrb5.so.3', 'libk5crypto.so.3', 'libcom_err.so.2', 'libkrb5support.so.0', 'libkeyutils.so.1', 'libresolv.so.2', 'pam_deny.so', 'pam_permit.so', 'pam_loginuid.so', 'pam_env.so', 'pam_limits.so', 'pam_systemd.so', 'libpam_misc.so.0', 'libm.so.6', 'pam_chksshpwd.so']",close_root,close_root_yes,140
fd393f66-c51b-44d3-bc85-0f8e2c1094dd_549561,768,openat,root,yes,7.0,7,cron,"['tmp', 'login.defs']","['pam_unix.so', 'libcrypt.so.1', 'libnsl.so.2', 'libtirpc.so.3', 'libgssapi_krb5.so.2', 'libkrb5.so.3', 'libk5crypto.so.3', 'libcom_err.so.2', 'libkrb5support.so.0', 'libkeyutils.so.1', 'libresolv.so.2', 'pam_deny.so', 'pam_permit.so', 'pam_loginuid.so', 'pam_env.so', 'pam_limits.so', 'pam_systemd.so', 'libpam_misc.so.0', 'libm.so.6', 'pam_chksshpwd.so']",openat_root,openat_root_yes,141
fd393f66-c51b-44d3-bc85-0f8e2c1094dd_549561,768,close,root,yes,0.0,0,cron,['tmp'],"['pam_unix.so', 'libcrypt.so.1', 'libnsl.so.2', 'libtirpc.so.3', 'libgssapi_krb5.so.2', 'libkrb5.so.3', 'libk5crypto.so.3', 'libcom_err.so.2', 'libkrb5support.so.0', 'libkeyutils.so.1', 'libresolv.so.2', 'pam_deny.so', 'pam_permit.so', 'pam_loginuid.so', 'pam_env.so', 'pam_limits.so', 'pam_systemd.so', 'libpam_misc.so.0', 'libm.so.6', 'pam_chksshpwd.so']",close_root,close_root_yes,142
fd393f66-c51b-44d3-bc85-0f8e2c1094dd_549561,768,openat,root,yes,7.0,7,cron,"['tmp', 'passwd']","['pam_unix.so', 'libcrypt.so.1', 'libnsl.so.2', 'libtirpc.so.3', 'libgssapi_krb5.so.2', 'libkrb5.so.3', 'libk5crypto.so.3', 'libcom_err.so.2', 'libkrb5support.so.0', 'libkeyutils.so.1', 'libresolv.so.2', 'pam_deny.so', 'pam_permit.so', 'pam_loginuid.so', 'pam_env.so', 'pam_limits.so', 'pam_systemd.so', 'libpam_misc.so.0', 'libm.so.6', 'pam_chksshpwd.so']",openat_root,openat_root_yes,143
fd393f66-c51b-44d3-bc85-0f8e2c1094dd_549561,768,openat,root,yes,7.0,7,cron,"['tmp', 'shadow']","['pam_unix.so', 'libcrypt.so.1', 'libnsl.so.2', 'libtirpc.so.3', 'libgssapi_krb5.so.2', 'libkrb5.so.3', 'libk5crypto.so.3', 'libcom_err.so.2', 'libkrb5support.so.0', 'libkeyutils.so.1', 'libresolv.so.2', 'pam_deny.so', 'pam_permit.so', 'pam_loginuid.so', 'pam_env.so', 'pam_limits.so', 'pam_systemd.so', 'libpam_misc.so.0', 'libm.so.6', 'pam_chksshpwd.so']",openat_root,openat_root_yes,144
fd393f66-c51b-44d3-bc85-0f8e2c1094dd_549561,768,socket,root,yes,7.0,7,cron,['tmp'],"['pam_unix.so', 'libcrypt.so.1', 'libnsl.so.2', 'libtirpc.so.3', 'libgssapi_krb5.so.2', 'libkrb5.so.3', 'libk5crypto.so.3', 'libcom_err.so.2', 'libkrb5support.so.0', 'libkeyutils.so.1', 'libresolv.so.2', 'pam_deny.so', 'pam_permit.so', 'pam_loginuid.so', 'pam_env.so', 'pam_limits.so', 'pam_systemd.so', 'libpam_misc.so.0', 'libm.so.6', 'pam_chksshpwd.so']",socket_root,socket_root_yes,145
fd393f66-c51b-44d3-bc85-0f8e2c1094dd_549561,768,close,root,yes,0.0,0,cron,['tmp'],"['pam_unix.so', 'libcrypt.so.1', 'libnsl.so.2', 'libtirpc.so.3', 'libgssapi_krb5.so.2', 'libkrb5.so.3', 'libk5crypto.so.3', 'libcom_err.so.2', 'libkrb5support.so.0', 'libkeyutils.so.1', 'libresolv.so.2', 'pam_deny.so', 'pam_permit.so', 'pam_loginuid.so', 'pam_env.so', 'pam_limits.so', 'pam_systemd.so', 'libpam_misc.so.0', 'libm.so.6', 'pam_chksshpwd.so']",close_root,close_root_yes,146
fd393f66-c51b-44d3-bc85-0f8e2c1094dd_549561,768,close,root,yes,0.0,0,cron,['tmp'],"['pam_unix.so', 'libcrypt.so.1', 'libnsl.so.2', 'libtirpc.so.3', 'libgssapi_krb5.so.2', 'libkrb5.so.3', 'libk5crypto.so.3', 'libcom_err.so.2', 'libkrb5support.so.0', 'libkeyutils.so.1', 'libresolv.so.2', 'pam_deny.so', 'pam_permit.so', 'pam_loginuid.so', 'pam_env.so', 'pam_limits.so', 'pam_systemd.so', 'libpam_misc.so.0', 'libm.so.6', 'pam_chksshpwd.so']",close_root,close_root_yes,147
fd393f66-c51b-44d3-bc85-0f8e2c1094dd_549561,768,openat,root,yes,7.0,7,cron,"['tmp', 'uid_map']","['pam_unix.so', 'libcrypt.so.1', 'libnsl.so.2', 'libtirpc.so.3', 'libgssapi_krb5.so.2', 'libkrb5.so.3', 'libk5crypto.so.3', 'libcom_err.so.2', 'libkrb5support.so.0', 'libkeyutils.so.1', 'libresolv.so.2', 'pam_deny.so', 'pam_permit.so', 'pam_loginuid.so', 'pam_env.so', 'pam_limits.so', 'pam_systemd.so', 'libpam_misc.so.0', 'libm.so.6', 'pam_chksshpwd.so']",openat_root,openat_root_yes,148
fd393f66-c51b-44d3-bc85-0f8e2c1094dd_549561,768,openat,root,yes,7.0,7,cron,"['tmp', 'loginuid']","['pam_unix.so', 'libcrypt.so.1', 'libnsl.so.2', 'libtirpc.so.3', 'libgssapi_krb5.so.2', 'libkrb5.so.3', 'libk5crypto.so.3', 'libcom_err.so.2', 'libkrb5support.so.0', 'libkeyutils.so.1', 'libresolv.so.2', 'pam_deny.so', 'pam_permit.so', 'pam_loginuid.so', 'pam_env.so', 'pam_limits.so', 'pam_systemd.so', 'libpam_misc.so.0', 'libm.so.6', 'pam_chksshpwd.so']",openat_root,openat_root_yes,149
fd393f66-c51b-44d3-bc85-0f8e2c1094dd_549561,768,write,root,yes,1.0,1,cron,"['tmp', 'loginuid']","['pam_unix.so', 'libcrypt.so.1', 'libnsl.so.2', 'libtirpc.so.3', 'libgssapi_krb5.so.2', 'libkrb5.so.3', 'libk5crypto.so.3', 'libcom_err.so.2', 'libkrb5support.so.0', 'libkeyutils.so.1', 'libresolv.so.2', 'pam_deny.so', 'pam_permit.so', 'pam_loginuid.so', 'pam_env.so', 'pam_limits.so', 'pam_systemd.so', 'libpam_misc.so.0', 'libm.so.6', 'pam_chksshpwd.so']",write_root,write_root_yes,150
fd393f66-c51b-44d3-bc85-0f8e2c1094dd_549561,768,openat,root,yes,7.0,7,cron,"['tmp', 'pam_env.conf']","['pam_unix.so', 'libcrypt.so.1', 'libnsl.so.2', 'libtirpc.so.3', 'libgssapi_krb5.so.2', 'libkrb5.so.3', 'libk5crypto.so.3', 'libcom_err.so.2', 'libkrb5support.so.0', 'libkeyutils.so.1', 'libresolv.so.2', 'pam_deny.so', 'pam_permit.so', 'pam_loginuid.so', 'pam_env.so', 'pam_limits.so', 'pam_systemd.so', 'libpam_misc.so.0', 'libm.so.6', 'pam_chksshpwd.so']",openat_root,openat_root_yes,151
fd393f66-c51b-44d3-bc85-0f8e2c1094dd_549561,768,openat,root,yes,7.0,7,cron,"['tmp', 'environment']","['pam_unix.so', 'libcrypt.so.1', 'libnsl.so.2', 'libtirpc.so.3', 'libgssapi_krb5.so.2', 'libkrb5.so.3', 'libk5crypto.so.3', 'libcom_err.so.2', 'libkrb5support.so.0', 'libkeyutils.so.1', 'libresolv.so.2', 'pam_deny.so', 'pam_permit.so', 'pam_loginuid.so', 'pam_env.so', 'pam_limits.so', 'pam_systemd.so', 'libpam_misc.so.0', 'libm.so.6', 'pam_chksshpwd.so']",openat_root,openat_root_yes,152
fd393f66-c51b-44d3-bc85-0f8e2c1094dd_549561,780,close,root,yes,0.0,0,cron,['tmp'],"['pam_unix.so', 'libcrypt.so.1', 'libnsl.so.2', 'libtirpc.so.3', 'libgssapi_krb5.so.2', 'libkrb5.so.3', 'libk5crypto.so.3', 'libcom_err.so.2', 'libkrb5support.so.0', 'libkeyutils.so.1', 'libresolv.so.2', 'pam_deny.so', 'pam_permit.so', 'pam_loginuid.so', 'pam_env.so', 'pam_limits.so', 'pam_systemd.so', 'libpam_misc.so.0', 'libm.so.6', 'pam_chksshpwd.so']",close_root,close_root_yes,153
fd393f66-c51b-44d3-bc85-0f8e2c1094dd_549561,780,openat,root,yes,7.0,7,cron,"['tmp', 'pam_env.conf']","['pam_unix.so', 'libcrypt.so.1', 'libnsl.so.2', 'libtirpc.so.3', 'libgssapi_krb5.so.2', 'libkrb5.so.3', 'libk5crypto.so.3', 'libcom_err.so.2', 'libkrb5support.so.0', 'libkeyutils.so.1', 'libresolv.so.2', 'pam_deny.so', 'pam_permit.so', 'pam_loginuid.so', 'pam_env.so', 'pam_limits.so', 'pam_systemd.so', 'libpam_misc.so.0', 'libm.so.6', 'pam_chksshpwd.so']",openat_root,openat_root_yes,154
fd393f66-c51b-44d3-bc85-0f8e2c1094dd_549561,780,openat,root,yes,7.0,7,cron,"['tmp', 'locale']","['pam_unix.so', 'libcrypt.so.1', 'libnsl.so.2', 'libtirpc.so.3', 'libgssapi_krb5.so.2', 'libkrb5.so.3', 'libk5crypto.so.3', 'libcom_err.so.2', 'libkrb5support.so.0', 'libkeyutils.so.1', 'libresolv.so.2', 'pam_deny.so', 'pam_permit.so', 'pam_loginuid.so', 'pam_env.so', 'pam_limits.so', 'pam_systemd.so', 'libpam_misc.so.0', 'libm.so.6', 'pam_chksshpwd.so']",openat_root,openat_root_yes,155
fd393f66-c51b-44d3-bc85-0f8e2c1094dd_549561,780,openat,root,yes,7.0,7,cron,"['tmp', 'login.defs']","['pam_unix.so', 'libcrypt.so.1', 'libnsl.so.2', 'libtirpc.so.3', 'libgssapi_krb5.so.2', 'libkrb5.so.3', 'libk5crypto.so.3', 'libcom_err.so.2', 'libkrb5support.so.0', 'libkeyutils.so.1', 'libresolv.so.2', 'pam_deny.so', 'pam_permit.so', 'pam_loginuid.so', 'pam_env.so', 'pam_limits.so', 'pam_systemd.so', 'libpam_misc.so.0', 'libm.so.6', 'pam_chksshpwd.so']",openat_root,openat_root_yes,156
fd393f66-c51b-44d3-bc85-0f8e2c1094dd_549561,780,openat,root,yes,7.0,7,cron,"['tmp', 'utmp']","['pam_unix.so', 'libcrypt.so.1', 'libnsl.so.2', 'libtirpc.so.3', 'libgssapi_krb5.so.2', 'libkrb5.so.3', 'libk5crypto.so.3', 'libcom_err.so.2', 'libkrb5support.so.0', 'libkeyutils.so.1', 'libresolv.so.2', 'pam_deny.so', 'pam_permit.so', 'pam_loginuid.so', 'pam_env.so', 'pam_limits.so', 'pam_systemd.so', 'libpam_misc.so.0', 'libm.so.6', 'pam_chksshpwd.so']",openat_root,openat_root_yes,157
fd393f66-c51b-44d3-bc85-0f8e2c1094dd_549561,780,openat,root,yes,7.0,7,cron,"['tmp', 'passwd']","['pam_unix.so', 'libcrypt.so.1', 'libnsl.so.2', 'libtirpc.so.3', 'libgssapi_krb5.so.2', 'libkrb5.so.3', 'libk5crypto.so.3', 'libcom_err.so.2', 'libkrb5support.so.0', 'libkeyutils.so.1', 'libresolv.so.2', 'pam_deny.so', 'pam_permit.so', 'pam_loginuid.so', 'pam_env.so', 'pam_limits.so', 'pam_systemd.so', 'libpam_misc.so.0', 'libm.so.6', 'pam_chksshpwd.so']",openat_root,openat_root_yes,158
fd393f66-c51b-44d3-bc85-0f8e2c1094dd_549561,784,openat,root,yes,7.0,7,cron,"['tmp', 'limits']","['pam_unix.so', 'libcrypt.so.1', 'libnsl.so.2', 'libtirpc.so.3', 'libgssapi_krb5.so.2', 'libkrb5.so.3', 'libk5crypto.so.3', 'libcom_err.so.2', 'libkrb5support.so.0', 'libkeyutils.so.1', 'libresolv.so.2', 'pam_deny.so', 'pam_permit.so', 'pam_loginuid.so', 'pam_env.so', 'pam_limits.so', 'pam_systemd.so', 'libpam_misc.so.0', 'libm.so.6', 'pam_chksshpwd.so']",openat_root,openat_root_yes,159
fd393f66-c51b-44d3-bc85-0f8e2c1094dd_549561,784,close,root,yes,0.0,0,cron,['tmp'],"['pam_unix.so', 'libcrypt.so.1', 'libnsl.so.2', 'libtirpc.so.3', 'libgssapi_krb5.so.2', 'libkrb5.so.3', 'libk5crypto.so.3', 'libcom_err.so.2', 'libkrb5support.so.0', 'libkeyutils.so.1', 'libresolv.so.2', 'pam_deny.so', 'pam_permit.so', 'pam_loginuid.so', 'pam_env.so', 'pam_limits.so', 'pam_systemd.so', 'libpam_misc.so.0', 'libm.so.6', 'pam_chksshpwd.so']",close_root,close_root_yes,160
fd393f66-c51b-44d3-bc85-0f8e2c1094dd_549561,784,openat,root,yes,7.0,7,cron,"['tmp', 'limits.conf']","['pam_unix.so', 'libcrypt.so.1', 'libnsl.so.2', 'libtirpc.so.3', 'libgssapi_krb5.so.2', 'libkrb5.so.3', 'libk5crypto.so.3', 'libcom_err.so.2', 'libkrb5support.so.0', 'libkeyutils.so.1', 'libresolv.so.2', 'pam_deny.so', 'pam_permit.so', 'pam_loginuid.so', 'pam_env.so', 'pam_limits.so', 'pam_systemd.so', 'libpam_misc.so.0', 'libm.so.6', 'pam_chksshpwd.so']",openat_root,openat_root_yes,161
fd393f66-c51b-44d3-bc85-0f8e2c1094dd_549561,784,openat,root,yes,7.0,7,cron,"['tmp', 'limits.d']","['pam_unix.so', 'libcrypt.so.1', 'libnsl.so.2', 'libtirpc.so.3', 'libgssapi_krb5.so.2', 'libkrb5.so.3', 'libk5crypto.so.3', 'libcom_err.so.2', 'libkrb5support.so.0', 'libkeyutils.so.1', 'libresolv.so.2', 'pam_deny.so', 'pam_permit.so', 'pam_loginuid.so', 'pam_env.so', 'pam_limits.so', 'pam_systemd.so', 'libpam_misc.so.0', 'libm.so.6', 'pam_chksshpwd.so']",openat_root,openat_root_yes,162
fd393f66-c51b-44d3-bc85-0f8e2c1094dd_549561,788,socket,root,yes,7.0,7,cron,['tmp'],"['pam_unix.so', 'libcrypt.so.1', 'libnsl.so.2', 'libtirpc.so.3', 'libgssapi_krb5.so.2', 'libkrb5.so.3', 'libk5crypto.so.3', 'libcom_err.so.2', 'libkrb5support.so.0', 'libkeyutils.so.1', 'libresolv.so.2', 'pam_deny.so', 'pam_permit.so', 'pam_loginuid.so', 'pam_env.so', 'pam_limits.so', 'pam_systemd.so', 'libpam_misc.so.0', 'libm.so.6', 'pam_chksshpwd.so']",socket_root,socket_root_yes,163
fd393f66-c51b-44d3-bc85-0f8e2c1094dd_549561,788,close,root,yes,0.0,0,cron,['tmp'],"['pam_unix.so', 'libcrypt.so.1', 'libnsl.so.2', 'libtirpc.so.3', 'libgssapi_krb5.so.2', 'libkrb5.so.3', 'libk5crypto.so.3', 'libcom_err.so.2', 'libkrb5support.so.0', 'libkeyutils.so.1', 'libresolv.so.2', 'pam_deny.so', 'pam_permit.so', 'pam_loginuid.so', 'pam_env.so', 'pam_limits.so', 'pam_systemd.so', 'libpam_misc.so.0', 'libm.so.6', 'pam_chksshpwd.so']",close_root,close_root_yes,164
fd393f66-c51b-44d3-bc85-0f8e2c1094dd_549561,788,clone,root,yes,549562.0,549562,cron,['tmp'],[],clone_root,clone_root_yes,165
fd393f66-c51b-44d3-bc85-0f8e2c1094dd_549561,788,close,root,yes,0.0,0,cron,['tmp'],[],close_root,close_root_yes,166
fd393f66-c51b-44d3-bc85-0f8e2c1094dd_549562,792,close,root,yes,0.0,0,cron,['tmp'],[],close_root,close_root_yes,167
fd393f66-c51b-44d3-bc85-0f8e2c1094dd_549562,792,close,root,yes,0.0,0,cron,[],[],close_root,close_root_yes,168
fd393f66-c51b-44d3-bc85-0f8e2c1094dd_549562,792,openat,root,yes,3.0,3,cron,['ngroups_max'],[],openat_root,openat_root_yes,169
fd393f66-c51b-44d3-bc85-0f8e2c1094dd_549562,792,socket,root,yes,3.0,3,cron,[],[],socket_root,socket_root_yes,170
fd393f66-c51b-44d3-bc85-0f8e2c1094dd_549562,792,connect,root,no,-2.0,ENOENT(No such file or directory),cron,[],[],connect_root,connect_root_no,171
fd393f66-c51b-44d3-bc85-0f8e2c1094dd_549562,792,openat,root,yes,3.0,3,cron,['group'],[],openat_root,openat_root_yes,172
fd393f66-c51b-44d3-bc85-0f8e2c1094dd_549562,792,execve,root,yes,0.0,0,sh,[],[],execve_root,execve_root_yes,173
fd393f66-c51b-44d3-bc85-0f8e2c1094dd_549562,796,openat,root,yes,3.0,3,sh,['ld.so.cache'],[],openat_root,openat_root_yes,174
fd393f66-c51b-44d3-bc85-0f8e2c1094dd_549562,796,mmap,root,yes,547754213376.0,547754213376,sh,['ld.so.cache'],[],mmap_root,mmap_root_yes,175
fd393f66-c51b-44d3-bc85-0f8e2c1094dd_549562,796,close,root,yes,0.0,0,sh,[],[],close_root,close_root_yes,176
fd393f66-c51b-44d3-bc85-0f8e2c1094dd_549562,800,openat,root,yes,3.0,3,sh,['libc.so.6'],[],openat_root,openat_root_yes,177
fd393f66-c51b-44d3-bc85-0f8e2c1094dd_549562,800,mmap,root,yes,547754205184.0,547754205184,sh,['libc.so.6'],[],mmap_root,mmap_root_yes,178
fd393f66-c51b-44d3-bc85-0f8e2c1094dd_549562,800,mmap,root,yes,547752529920.0,547752529920,sh,['libc.so.6'],['libc.so.6'],mmap_root,mmap_root_yes,179
fd393f66-c51b-44d3-bc85-0f8e2c1094dd_549562,800,mmap,root,yes,547754020864.0,547754020864,sh,['libc.so.6'],['libc.so.6'],mmap_root,mmap_root_yes,180
fd393f66-c51b-44d3-bc85-0f8e2c1094dd_549562,800,mmap,root,yes,547754045440.0,547754045440,sh,['libc.so.6'],['libc.so.6'],mmap_root,mmap_root_yes,181
fd393f66-c51b-44d3-bc85-0f8e2c1094dd_549562,804,close,root,yes,0.0,0,sh,[],['libc.so.6'],close_root,close_root_yes,182
fd393f66-c51b-44d3-bc85-0f8e2c1094dd_549562,804,munmap,root,yes,0.0,0,sh,[],['libc.so.6'],munmap_root,munmap_root_yes,183
fd393f66-c51b-44d3-bc85-0f8e2c1094dd_549562,804,clone,root,yes,549563.0,549563,sh,[],[],clone_root,clone_root_yes,184
fd393f66-c51b-44d3-bc85-0f8e2c1094dd_549563,804,execve,root,yes,0.0,0,ps-service.sh,[],[],execve_root,execve_root_yes,185
fd393f66-c51b-44d3-bc85-0f8e2c1094dd_549563,804,openat,root,yes,3.0,3,ps-service.sh,['ld.so.cache'],[],openat_root,openat_root_yes,186
fd393f66-c51b-44d3-bc85-0f8e2c1094dd_549563,804,mmap,root,yes,548141203456.0,548141203456,ps-service.sh,['ld.so.cache'],[],mmap_root,mmap_root_yes,187
fd393f66-c51b-44d3-bc85-0f8e2c1094dd_549563,804,close,root,yes,0.0,0,ps-service.sh,[],[],close_root,close_root_yes,188
fd393f66-c51b-44d3-bc85-0f8e2c1094dd_549563,804,openat,root,yes,3.0,3,ps-service.sh,['libtinfo.so.6'],[],openat_root,openat_root_yes,189
fd393f66-c51b-44d3-bc85-0f8e2c1094dd_549563,804,mmap,root,yes,548141195264.0,548141195264,ps-service.sh,['libtinfo.so.6'],[],mmap_root,mmap_root_yes,190
fd393f66-c51b-44d3-bc85-0f8e2c1094dd_549563,804,mmap,root,yes,548140793856.0,548140793856,ps-service.sh,['libtinfo.so.6'],['libtinfo.so.6'],mmap_root,mmap_root_yes,191
fd393f66-c51b-44d3-bc85-0f8e2c1094dd_549563,804,mmap,root,yes,548141027328.0,548141027328,ps-service.sh,['libtinfo.so.6'],['libtinfo.so.6'],mmap_root,mmap_root_yes,192
fd393f66-c51b-44d3-bc85-0f8e2c1094dd_549563,808,close,root,yes,0.0,0,ps-service.sh,[],['libtinfo.so.6'],close_root,close_root_yes,193
fd393f66-c51b-44d3-bc85-0f8e2c1094dd_549563,816,openat,root,yes,3.0,3,ps-service.sh,['libdl.so.2'],['libtinfo.so.6'],openat_root,openat_root_yes,194
fd393f66-c51b-44d3-bc85-0f8e2c1094dd_549563,816,mmap,root,yes,548140711936.0,548140711936,ps-service.sh,['libdl.so.2'],"['libtinfo.so.6', 'libdl.so.2']",mmap_root,mmap_root_yes,195
fd393f66-c51b-44d3-bc85-0f8e2c1094dd_549563,816,mmap,root,yes,548140785664.0,548140785664,ps-service.sh,['libdl.so.2'],"['libtinfo.so.6', 'libdl.so.2']",mmap_root,mmap_root_yes,196
fd393f66-c51b-44d3-bc85-0f8e2c1094dd_549563,816,close,root,yes,0.0,0,ps-service.sh,[],"['libtinfo.so.6', 'libdl.so.2']",close_root,close_root_yes,197
fd393f66-c51b-44d3-bc85-0f8e2c1094dd_549563,816,openat,root,yes,3.0,3,ps-service.sh,['libc.so.6'],"['libtinfo.so.6', 'libdl.so.2']",openat_root,openat_root_yes,198
fd393f66-c51b-44d3-bc85-0f8e2c1094dd_549563,816,mmap,root,yes,548139184128.0,548139184128,ps-service.sh,['libc.so.6'],"['libtinfo.so.6', 'libdl.so.2', 'libc.so.6']",mmap_root,mmap_root_yes,199
fd393f66-c51b-44d3-bc85-0f8e2c1094dd_549563,816,mmap,root,yes,548140675072.0,548140675072,ps-service.sh,['libc.so.6'],"['libtinfo.so.6', 'libdl.so.2', 'libc.so.6']",mmap_root,mmap_root_yes,200
fd393f66-c51b-44d3-bc85-0f8e2c1094dd_549563,816,mmap,root,yes,548140699648.0,548140699648,ps-service.sh,['libc.so.6'],"['libtinfo.so.6', 'libdl.so.2', 'libc.so.6']",mmap_root,mmap_root_yes,201
fd393f66-c51b-44d3-bc85-0f8e2c1094dd_549563,816,close,root,yes,0.0,0,ps-service.sh,[],"['libtinfo.so.6', 'libdl.so.2', 'libc.so.6']",close_root,close_root_yes,202
fd393f66-c51b-44d3-bc85-0f8e2c1094dd_549563,816,mmap,root,yes,548141187072.0,548141187072,ps-service.sh,[],"['libtinfo.so.6', 'libdl.so.2', 'libc.so.6']",mmap_root,mmap_root_yes,203
fd393f66-c51b-44d3-bc85-0f8e2c1094dd_549563,816,munmap,root,yes,0.0,0,ps-service.sh,[],"['libtinfo.so.6', 'libdl.so.2', 'libc.so.6']",munmap_root,munmap_root_yes,204
fd393f66-c51b-44d3-bc85-0f8e2c1094dd_549563,820,openat,root,no,-6.0,ENXIO(No such device or address),ps-service.sh,[],"['libtinfo.so.6', 'libdl.so.2', 'libc.so.6']",openat_root,openat_root_no,205
fd393f66-c51b-44d3-bc85-0f8e2c1094dd_549563,820,openat,root,yes,3.0,3,ps-service.sh,['locale-archive'],"['libtinfo.so.6', 'libdl.so.2', 'libc.so.6']",openat_root,openat_root_yes,206
fd393f66-c51b-44d3-bc85-0f8e2c1094dd_549563,820,mmap,root,yes,548136140800.0,548136140800,ps-service.sh,['locale-archive'],"['libtinfo.so.6', 'libdl.so.2', 'libc.so.6']",mmap_root,mmap_root_yes,207
fd393f66-c51b-44d3-bc85-0f8e2c1094dd_549563,820,close,root,yes,0.0,0,ps-service.sh,[],"['libtinfo.so.6', 'libdl.so.2', 'libc.so.6']",close_root,close_root_yes,208
fd393f66-c51b-44d3-bc85-0f8e2c1094dd_549563,820,openat,root,yes,3.0,3,ps-service.sh,['gconv-modules.cache'],"['libtinfo.so.6', 'libdl.so.2', 'libc.so.6']",openat_root,openat_root_yes,209
fd393f66-c51b-44d3-bc85-0f8e2c1094dd_549563,820,mmap,root,yes,548141207552.0,548141207552,ps-service.sh,['gconv-modules.cache'],"['libtinfo.so.6', 'libdl.so.2', 'libc.so.6']",mmap_root,mmap_root_yes,210
fd393f66-c51b-44d3-bc85-0f8e2c1094dd_549563,820,openat,root,yes,3.0,3,ps-service.sh,['ps-service.sh'],"['libtinfo.so.6', 'libdl.so.2', 'libc.so.6']",openat_root,openat_root_yes,211
fd393f66-c51b-44d3-bc85-0f8e2c1094dd_549563,824,clone,root,yes,549564.0,549564,ps-service.sh,[],[],clone_root,clone_root_yes,212
fd393f66-c51b-44d3-bc85-0f8e2c1094dd_549564,824,close,root,yes,0.0,0,ps-service.sh,[],[],close_root,close_root_yes,213
fd393f66-c51b-44d3-bc85-0f8e2c1094dd_549564,824,clone,root,yes,549565.0,549565,ps-service.sh,[],[],clone_root,clone_root_yes,214
fd393f66-c51b-44d3-bc85-0f8e2c1094dd_549564,828,close,root,yes,0.0,0,ps-service.sh,[],[],close_root,close_root_yes,215
fd393f66-c51b-44d3-bc85-0f8e2c1094dd_549565,828,close,root,yes,0.0,0,ps-service.sh,[],[],close_root,close_root_yes,216
fd393f66-c51b-44d3-bc85-0f8e2c1094dd_549565,828,execve,root,yes,0.0,0,date,[],[],execve_root,execve_root_yes,217
fd393f66-c51b-44d3-bc85-0f8e2c1094dd_549565,828,openat,root,yes,3.0,3,date,['ld.so.cache'],[],openat_root,openat_root_yes,218
fd393f66-c51b-44d3-bc85-0f8e2c1094dd_549565,828,mmap,root,yes,547643322368.0,547643322368,date,['ld.so.cache'],[],mmap_root,mmap_root_yes,219
fd393f66-c51b-44d3-bc85-0f8e2c1094dd_549565,828,close,root,yes,0.0,0,date,[],[],close_root,close_root_yes,220
fd393f66-c51b-44d3-bc85-0f8e2c1094dd_549565,828,openat,root,yes,3.0,3,date,['libc.so.6'],[],openat_root,openat_root_yes,221
fd393f66-c51b-44d3-bc85-0f8e2c1094dd_549565,832,mmap,root,yes,547643314176.0,547643314176,date,['libc.so.6'],[],mmap_root,mmap_root_yes,222
fd393f66-c51b-44d3-bc85-0f8e2c1094dd_549565,832,mmap,root,yes,547641638912.0,547641638912,date,['libc.so.6'],['libc.so.6'],mmap_root,mmap_root_yes,223
fd393f66-c51b-44d3-bc85-0f8e2c1094dd_549565,832,mmap,root,yes,547643129856.0,547643129856,date,['libc.so.6'],['libc.so.6'],mmap_root,mmap_root_yes,224
fd393f66-c51b-44d3-bc85-0f8e2c1094dd_549565,832,mmap,root,yes,547643154432.0,547643154432,date,['libc.so.6'],['libc.so.6'],mmap_root,mmap_root_yes,225
fd393f66-c51b-44d3-bc85-0f8e2c1094dd_549565,832,close,root,yes,0.0,0,date,[],['libc.so.6'],close_root,close_root_yes,226
fd393f66-c51b-44d3-bc85-0f8e2c1094dd_549565,832,munmap,root,yes,0.0,0,date,[],['libc.so.6'],munmap_root,munmap_root_yes,227
fd393f66-c51b-44d3-bc85-0f8e2c1094dd_549565,832,openat,root,yes,3.0,3,date,['locale-archive'],['libc.so.6'],openat_root,openat_root_yes,228
fd393f66-c51b-44d3-bc85-0f8e2c1094dd_549565,832,mmap,root,yes,547638595584.0,547638595584,date,['locale-archive'],['libc.so.6'],mmap_root,mmap_root_yes,229
fd393f66-c51b-44d3-bc85-0f8e2c1094dd_549565,832,openat,root,yes,3.0,3,date,['localtime'],['libc.so.6'],openat_root,openat_root_yes,230
fd393f66-c51b-44d3-bc85-0f8e2c1094dd_549564,832,close,root,yes,0.0,0,ps-service.sh,[],[],close_root,close_root_yes,231
fd393f66-c51b-44d3-bc85-0f8e2c1094dd_549564,836,openat,root,yes,3.0,3,ps-service.sh,['20230412T000000.log'],[],openat_root,openat_root_yes,232
fd393f66-c51b-44d3-bc85-0f8e2c1094dd_549564,836,close,root,yes,0.0,0,ps-service.sh,[],[],close_root,close_root_yes,233
fd393f66-c51b-44d3-bc85-0f8e2c1094dd_549564,836,execve,root,yes,0.0,0,ps,[],[],execve_root,execve_root_yes,234
fd393f66-c51b-44d3-bc85-0f8e2c1094dd_549564,836,openat,root,yes,3.0,3,ps,['ld.so.cache'],[],openat_root,openat_root_yes,235
fd393f66-c51b-44d3-bc85-0f8e2c1094dd_549564,836,mmap,root,yes,548172107776.0,548172107776,ps,['ld.so.cache'],[],mmap_root,mmap_root_yes,236
fd393f66-c51b-44d3-bc85-0f8e2c1094dd_549564,836,close,root,yes,0.0,0,ps,[],[],close_root,close_root_yes,237
fd393f66-c51b-44d3-bc85-0f8e2c1094dd_549564,836,openat,root,yes,3.0,3,ps,['libprocps.so.8'],[],openat_root,openat_root_yes,238
fd393f66-c51b-44d3-bc85-0f8e2c1094dd_549564,836,mmap,root,yes,548172099584.0,548172099584,ps,['libprocps.so.8'],[],mmap_root,mmap_root_yes,239
fd393f66-c51b-44d3-bc85-0f8e2c1094dd_549564,836,mmap,root,yes,548171669504.0,548171669504,ps,['libprocps.so.8'],['libprocps.so.8'],mmap_root,mmap_root_yes,240
fd393f66-c51b-44d3-bc85-0f8e2c1094dd_549564,836,mmap,root,yes,548171800576.0,548171800576,ps,['libprocps.so.8'],['libprocps.so.8'],mmap_root,mmap_root_yes,241
fd393f66-c51b-44d3-bc85-0f8e2c1094dd_549564,836,mmap,root,yes,548171812864.0,548171812864,ps,['libprocps.so.8'],['libprocps.so.8'],mmap_root,mmap_root_yes,242
fd393f66-c51b-44d3-bc85-0f8e2c1094dd_549564,836,close,root,yes,0.0,0,ps,[],['libprocps.so.8'],close_root,close_root_yes,243
fd393f66-c51b-44d3-bc85-0f8e2c1094dd_549564,836,openat,root,yes,3.0,3,ps,['libdl.so.2'],['libprocps.so.8'],openat_root,openat_root_yes,244
fd393f66-c51b-44d3-bc85-0f8e2c1094dd_549564,836,mmap,root,yes,548171587584.0,548171587584,ps,['libdl.so.2'],"['libprocps.so.8', 'libdl.so.2']",mmap_root,mmap_root_yes,245
fd393f66-c51b-44d3-bc85-0f8e2c1094dd_549564,836,mmap,root,yes,548171661312.0,548171661312,ps,['libdl.so.2'],"['libprocps.so.8', 'libdl.so.2']",mmap_root,mmap_root_yes,246
fd393f66-c51b-44d3-bc85-0f8e2c1094dd_549564,836,close,root,yes,0.0,0,ps,[],"['libprocps.so.8', 'libdl.so.2']",close_root,close_root_yes,247
fd393f66-c51b-44d3-bc85-0f8e2c1094dd_549564,836,openat,root,yes,3.0,3,ps,['libc.so.6'],"['libprocps.so.8', 'libdl.so.2']",openat_root,openat_root_yes,248
fd393f66-c51b-44d3-bc85-0f8e2c1094dd_549564,836,mmap,root,yes,548170059776.0,548170059776,ps,['libc.so.6'],"['libprocps.so.8', 'libdl.so.2', 'libc.so.6']",mmap_root,mmap_root_yes,249
fd393f66-c51b-44d3-bc85-0f8e2c1094dd_549564,836,mmap,root,yes,548171550720.0,548171550720,ps,['libc.so.6'],"['libprocps.so.8', 'libdl.so.2', 'libc.so.6']",mmap_root,mmap_root_yes,250
fd393f66-c51b-44d3-bc85-0f8e2c1094dd_549564,836,mmap,root,yes,548171575296.0,548171575296,ps,['libc.so.6'],"['libprocps.so.8', 'libdl.so.2', 'libc.so.6']",mmap_root,mmap_root_yes,251
fd393f66-c51b-44d3-bc85-0f8e2c1094dd_549564,840,close,root,yes,0.0,0,ps,[],"['libprocps.so.8', 'libdl.so.2', 'libc.so.6']",close_root,close_root_yes,252
fd393f66-c51b-44d3-bc85-0f8e2c1094dd_549564,840,openat,root,yes,3.0,3,ps,['libsystemd.so.0'],"['libprocps.so.8', 'libdl.so.2', 'libc.so.6']",openat_root,openat_root_yes,253
fd393f66-c51b-44d3-bc85-0f8e2c1094dd_549564,840,mmap,root,yes,548169248768.0,548169248768,ps,['libsystemd.so.0'],"['libprocps.so.8', 'libdl.so.2', 'libc.so.6', 'libsystemd.so.0']",mmap_root,mmap_root_yes,254
fd393f66-c51b-44d3-bc85-0f8e2c1094dd_549564,840,mmap,root,yes,548170035200.0,548170035200,ps,['libsystemd.so.0'],"['libprocps.so.8', 'libdl.so.2', 'libc.so.6', 'libsystemd.so.0']",mmap_root,mmap_root_yes,255
fd393f66-c51b-44d3-bc85-0f8e2c1094dd_549564,840,mmap,root,yes,548170055680.0,548170055680,ps,['libsystemd.so.0'],"['libprocps.so.8', 'libdl.so.2', 'libc.so.6', 'libsystemd.so.0']",mmap_root,mmap_root_yes,256
fd393f66-c51b-44d3-bc85-0f8e2c1094dd_549564,840,close,root,yes,0.0,0,ps,[],"['libprocps.so.8', 'libdl.so.2', 'libc.so.6', 'libsystemd.so.0']",close_root,close_root_yes,257
fd393f66-c51b-44d3-bc85-0f8e2c1094dd_549564,840,openat,root,yes,3.0,3,ps,['librt.so.1'],"['libprocps.so.8', 'libdl.so.2', 'libc.so.6', 'libsystemd.so.0']",openat_root,openat_root_yes,258
fd393f66-c51b-44d3-bc85-0f8e2c1094dd_549564,840,mmap,root,yes,548169150464.0,548169150464,ps,['librt.so.1'],"['libprocps.so.8', 'libdl.so.2', 'libc.so.6', 'libsystemd.so.0', 'librt.so.1']",mmap_root,mmap_root_yes,259
fd393f66-c51b-44d3-bc85-0f8e2c1094dd_549564,840,mmap,root,yes,548169240576.0,548169240576,ps,['librt.so.1'],"['libprocps.so.8', 'libdl.so.2', 'libc.so.6', 'libsystemd.so.0', 'librt.so.1']",mmap_root,mmap_root_yes,260
fd393f66-c51b-44d3-bc85-0f8e2c1094dd_549564,840,close,root,yes,0.0,0,ps,[],"['libprocps.so.8', 'libdl.so.2', 'libc.so.6', 'libsystemd.so.0', 'librt.so.1']",close_root,close_root_yes,261
fd393f66-c51b-44d3-bc85-0f8e2c1094dd_549564,840,openat,root,yes,3.0,3,ps,['liblzma.so.5'],"['libprocps.so.8', 'libdl.so.2', 'libc.so.6', 'libsystemd.so.0', 'librt.so.1']",openat_root,openat_root_yes,262
fd393f66-c51b-44d3-bc85-0f8e2c1094dd_549564,844,mmap,root,yes,548172091392.0,548172091392,ps,['liblzma.so.5'],"['libprocps.so.8', 'libdl.so.2', 'libc.so.6', 'libsystemd.so.0', 'librt.so.1']",mmap_root,mmap_root_yes,263
fd393f66-c51b-44d3-bc85-0f8e2c1094dd_549564,844,mmap,root,yes,548168929280.0,548168929280,ps,['liblzma.so.5'],"['libprocps.so.8', 'libdl.so.2', 'libc.so.6', 'libsystemd.so.0', 'librt.so.1', 'liblzma.so.5']",mmap_root,mmap_root_yes,264
fd393f66-c51b-44d3-bc85-0f8e2c1094dd_549564,844,mmap,root,yes,548169142272.0,548169142272,ps,['liblzma.so.5'],"['libprocps.so.8', 'libdl.so.2', 'libc.so.6', 'libsystemd.so.0', 'librt.so.1', 'liblzma.so.5']",mmap_root,mmap_root_yes,265
fd393f66-c51b-44d3-bc85-0f8e2c1094dd_549564,844,close,root,yes,0.0,0,ps,[],"['libprocps.so.8', 'libdl.so.2', 'libc.so.6', 'libsystemd.so.0', 'librt.so.1', 'liblzma.so.5']",close_root,close_root_yes,266
fd393f66-c51b-44d3-bc85-0f8e2c1094dd_549564,844,openat,root,yes,3.0,3,ps,['libzstd.so.1'],"['libprocps.so.8', 'libdl.so.2', 'libc.so.6', 'libsystemd.so.0', 'librt.so.1', 'liblzma.so.5']",openat_root,openat_root_yes,267
fd393f66-c51b-44d3-bc85-0f8e2c1094dd_549564,844,mmap,root,yes,548168093696.0,548168093696,ps,['libzstd.so.1'],"['libprocps.so.8', 'libdl.so.2', 'libc.so.6', 'libsystemd.so.0', 'librt.so.1', 'liblzma.so.5', 'libzstd.so.1']",mmap_root,mmap_root_yes,268
fd393f66-c51b-44d3-bc85-0f8e2c1094dd_549564,844,mmap,root,yes,548168921088.0,548168921088,ps,['libzstd.so.1'],"['libprocps.so.8', 'libdl.so.2', 'libc.so.6', 'libsystemd.so.0', 'librt.so.1', 'liblzma.so.5', 'libzstd.so.1']",mmap_root,mmap_root_yes,269
fd393f66-c51b-44d3-bc85-0f8e2c1094dd_549564,844,close,root,yes,0.0,0,ps,[],"['libprocps.so.8', 'libdl.so.2', 'libc.so.6', 'libsystemd.so.0', 'librt.so.1', 'liblzma.so.5', 'libzstd.so.1']",close_root,close_root_yes,270
fd393f66-c51b-44d3-bc85-0f8e2c1094dd_549564,844,openat,root,yes,3.0,3,ps,['liblz4.so.1'],"['libprocps.so.8', 'libdl.so.2', 'libc.so.6', 'libsystemd.so.0', 'librt.so.1', 'liblzma.so.5', 'libzstd.so.1']",openat_root,openat_root_yes,271
fd393f66-c51b-44d3-bc85-0f8e2c1094dd_549564,844,mmap,root,yes,548167901184.0,548167901184,ps,['liblz4.so.1'],"['libprocps.so.8', 'libdl.so.2', 'libc.so.6', 'libsystemd.so.0', 'librt.so.1', 'liblzma.so.5', 'libzstd.so.1', 'liblz4.so.1']",mmap_root,mmap_root_yes,272
fd393f66-c51b-44d3-bc85-0f8e2c1094dd_549564,844,mmap,root,yes,548168085504.0,548168085504,ps,['liblz4.so.1'],"['libprocps.so.8', 'libdl.so.2', 'libc.so.6', 'libsystemd.so.0', 'librt.so.1', 'liblzma.so.5', 'libzstd.so.1', 'liblz4.so.1']",mmap_root,mmap_root_yes,273
fd393f66-c51b-44d3-bc85-0f8e2c1094dd_549564,844,close,root,yes,0.0,0,ps,[],"['libprocps.so.8', 'libdl.so.2', 'libc.so.6', 'libsystemd.so.0', 'librt.so.1', 'liblzma.so.5', 'libzstd.so.1', 'liblz4.so.1']",close_root,close_root_yes,274
fd393f66-c51b-44d3-bc85-0f8e2c1094dd_549564,844,openat,root,yes,3.0,3,ps,['libgcrypt.so.20'],"['libprocps.so.8', 'libdl.so.2', 'libc.so.6', 'libsystemd.so.0', 'librt.so.1', 'liblzma.so.5', 'libzstd.so.1', 'liblz4.so.1']",openat_root,openat_root_yes,275
fd393f66-c51b-44d3-bc85-0f8e2c1094dd_549564,844,mmap,root,yes,548167049216.0,548167049216,ps,['libgcrypt.so.20'],"['libprocps.so.8', 'libdl.so.2', 'libc.so.6', 'libsystemd.so.0', 'librt.so.1', 'liblzma.so.5', 'libzstd.so.1', 'liblz4.so.1', 'libgcrypt.so.20']",mmap_root,mmap_root_yes,276
fd393f66-c51b-44d3-bc85-0f8e2c1094dd_549564,844,mmap,root,yes,548167872512.0,548167872512,ps,['libgcrypt.so.20'],"['libprocps.so.8', 'libdl.so.2', 'libc.so.6', 'libsystemd.so.0', 'librt.so.1', 'liblzma.so.5', 'libzstd.so.1', 'liblz4.so.1', 'libgcrypt.so.20']",mmap_root,mmap_root_yes,277
fd393f66-c51b-44d3-bc85-0f8e2c1094dd_549564,844,close,root,yes,0.0,0,ps,[],"['libprocps.so.8', 'libdl.so.2', 'libc.so.6', 'libsystemd.so.0', 'librt.so.1', 'liblzma.so.5', 'libzstd.so.1', 'liblz4.so.1', 'libgcrypt.so.20']",close_root,close_root_yes,278
fd393f66-c51b-44d3-bc85-0f8e2c1094dd_549564,848,openat,root,yes,3.0,3,ps,['libpthread.so.0'],"['libprocps.so.8', 'libdl.so.2', 'libc.so.6', 'libsystemd.so.0', 'librt.so.1', 'liblzma.so.5', 'libzstd.so.1', 'liblz4.so.1', 'libgcrypt.so.20']",openat_root,openat_root_yes,279
fd393f66-c51b-44d3-bc85-0f8e2c1094dd_549564,848,mmap,root,yes,548166848512.0,548166848512,ps,['libpthread.so.0'],"['libprocps.so.8', 'libdl.so.2', 'libc.so.6', 'libsystemd.so.0', 'librt.so.1', 'liblzma.so.5', 'libzstd.so.1', 'liblz4.so.1', 'libgcrypt.so.20', 'libpthread.so.0']",mmap_root,mmap_root_yes,280
fd393f66-c51b-44d3-bc85-0f8e2c1094dd_549564,848,mmap,root,yes,548167024640.0,548167024640,ps,['libpthread.so.0'],"['libprocps.so.8', 'libdl.so.2', 'libc.so.6', 'libsystemd.so.0', 'librt.so.1', 'liblzma.so.5', 'libzstd.so.1', 'liblz4.so.1', 'libgcrypt.so.20', 'libpthread.so.0']",mmap_root,mmap_root_yes,281
fd393f66-c51b-44d3-bc85-0f8e2c1094dd_549564,848,mmap,root,yes,548167032832.0,548167032832,ps,['libpthread.so.0'],"['libprocps.so.8', 'libdl.so.2', 'libc.so.6', 'libsystemd.so.0', 'librt.so.1', 'liblzma.so.5', 'libzstd.so.1', 'liblz4.so.1', 'libgcrypt.so.20', 'libpthread.so.0']",mmap_root,mmap_root_yes,282
fd393f66-c51b-44d3-bc85-0f8e2c1094dd_549564,848,close,root,yes,0.0,0,ps,[],"['libprocps.so.8', 'libdl.so.2', 'libc.so.6', 'libsystemd.so.0', 'librt.so.1', 'liblzma.so.5', 'libzstd.so.1', 'liblz4.so.1', 'libgcrypt.so.20', 'libpthread.so.0']",close_root,close_root_yes,283
fd393f66-c51b-44d3-bc85-0f8e2c1094dd_549564,848,openat,root,yes,3.0,3,ps,['libgpg-error.so.0'],"['libprocps.so.8', 'libdl.so.2', 'libc.so.6', 'libsystemd.so.0', 'librt.so.1', 'liblzma.so.5', 'libzstd.so.1', 'liblz4.so.1', 'libgcrypt.so.20', 'libpthread.so.0']",openat_root,openat_root_yes,284
fd393f66-c51b-44d3-bc85-0f8e2c1094dd_549564,848,mmap,root,yes,548166840320.0,548166840320,ps,['libgpg-error.so.0'],"['libprocps.so.8', 'libdl.so.2', 'libc.so.6', 'libsystemd.so.0', 'librt.so.1', 'liblzma.so.5', 'libzstd.so.1', 'liblz4.so.1', 'libgcrypt.so.20', 'libpthread.so.0']",mmap_root,mmap_root_yes,285
fd393f66-c51b-44d3-bc85-0f8e2c1094dd_549564,848,mmap,root,yes,548166631424.0,548166631424,ps,['libgpg-error.so.0'],"['libprocps.so.8', 'libdl.so.2', 'libc.so.6', 'libsystemd.so.0', 'librt.so.1', 'liblzma.so.5', 'libzstd.so.1', 'liblz4.so.1', 'libgcrypt.so.20', 'libpthread.so.0', 'libgpg-error.so.0']",mmap_root,mmap_root_yes,286
fd393f66-c51b-44d3-bc85-0f8e2c1094dd_549564,848,mmap,root,yes,548166832128.0,548166832128,ps,['libgpg-error.so.0'],"['libprocps.so.8', 'libdl.so.2', 'libc.so.6', 'libsystemd.so.0', 'librt.so.1', 'liblzma.so.5', 'libzstd.so.1', 'liblz4.so.1', 'libgcrypt.so.20', 'libpthread.so.0', 'libgpg-error.so.0']",mmap_root,mmap_root_yes,287
fd393f66-c51b-44d3-bc85-0f8e2c1094dd_549564,848,close,root,yes,0.0,0,ps,[],"['libprocps.so.8', 'libdl.so.2', 'libc.so.6', 'libsystemd.so.0', 'librt.so.1', 'liblzma.so.5', 'libzstd.so.1', 'liblz4.so.1', 'libgcrypt.so.20', 'libpthread.so.0', 'libgpg-error.so.0']",close_root,close_root_yes,288
fd393f66-c51b-44d3-bc85-0f8e2c1094dd_549564,848,mmap,root,yes,548166623232.0,548166623232,ps,[],"['libprocps.so.8', 'libdl.so.2', 'libc.so.6', 'libsystemd.so.0', 'librt.so.1', 'liblzma.so.5', 'libzstd.so.1', 'liblz4.so.1', 'libgcrypt.so.20', 'libpthread.so.0', 'libgpg-error.so.0']",mmap_root,mmap_root_yes,289
fd393f66-c51b-44d3-bc85-0f8e2c1094dd_549564,848,munmap,root,yes,0.0,0,ps,[],"['libprocps.so.8', 'libdl.so.2', 'libc.so.6', 'libsystemd.so.0', 'librt.so.1', 'liblzma.so.5', 'libzstd.so.1', 'liblz4.so.1', 'libgcrypt.so.20', 'libpthread.so.0', 'libgpg-error.so.0']",munmap_root,munmap_root_yes,290
fd393f66-c51b-44d3-bc85-0f8e2c1094dd_549564,848,openat,root,yes,3.0,3,ps,['auxv'],"['libprocps.so.8', 'libdl.so.2', 'libc.so.6', 'libsystemd.so.0', 'librt.so.1', 'liblzma.so.5', 'libzstd.so.1', 'liblz4.so.1', 'libgcrypt.so.20', 'libpthread.so.0', 'libgpg-error.so.0']",openat_root,openat_root_yes,291
fd393f66-c51b-44d3-bc85-0f8e2c1094dd_549564,848,openat,root,yes,3.0,3,ps,['osrelease'],"['libprocps.so.8', 'libdl.so.2', 'libc.so.6', 'libsystemd.so.0', 'librt.so.1', 'liblzma.so.5', 'libzstd.so.1', 'liblz4.so.1', 'libgcrypt.so.20', 'libpthread.so.0', 'libgpg-error.so.0']",openat_root,openat_root_yes,292
fd393f66-c51b-44d3-bc85-0f8e2c1094dd_549564,848,openat,root,yes,3.0,3,ps,['online'],"['libprocps.so.8', 'libdl.so.2', 'libc.so.6', 'libsystemd.so.0', 'librt.so.1', 'liblzma.so.5', 'libzstd.so.1', 'liblz4.so.1', 'libgcrypt.so.20', 'libpthread.so.0', 'libgpg-error.so.0']",openat_root,openat_root_yes,293
fd393f66-c51b-44d3-bc85-0f8e2c1094dd_549564,852,close,root,yes,0.0,0,ps,[],"['libprocps.so.8', 'libdl.so.2', 'libc.so.6', 'libsystemd.so.0', 'librt.so.1', 'liblzma.so.5', 'libzstd.so.1', 'liblz4.so.1', 'libgcrypt.so.20', 'libpthread.so.0', 'libgpg-error.so.0']",close_root,close_root_yes,294
fd393f66-c51b-44d3-bc85-0f8e2c1094dd_549564,852,openat,root,yes,3.0,3,ps,['auxv'],"['libprocps.so.8', 'libdl.so.2', 'libc.so.6', 'libsystemd.so.0', 'librt.so.1', 'liblzma.so.5', 'libzstd.so.1', 'liblz4.so.1', 'libgcrypt.so.20', 'libpthread.so.0', 'libgpg-error.so.0']",openat_root,openat_root_yes,295
fd393f66-c51b-44d3-bc85-0f8e2c1094dd_549564,852,openat,root,yes,3.0,3,ps,['locale-archive'],"['libprocps.so.8', 'libdl.so.2', 'libc.so.6', 'libsystemd.so.0', 'librt.so.1', 'liblzma.so.5', 'libzstd.so.1', 'liblz4.so.1', 'libgcrypt.so.20', 'libpthread.so.0', 'libgpg-error.so.0']",openat_root,openat_root_yes,296
fd393f66-c51b-44d3-bc85-0f8e2c1094dd_549564,852,mmap,root,yes,548163579904.0,548163579904,ps,['locale-archive'],"['libprocps.so.8', 'libdl.so.2', 'libc.so.6', 'libsystemd.so.0', 'librt.so.1', 'liblzma.so.5', 'libzstd.so.1', 'liblz4.so.1', 'libgcrypt.so.20', 'libpthread.so.0', 'libgpg-error.so.0']",mmap_root,mmap_root_yes,297
fd393f66-c51b-44d3-bc85-0f8e2c1094dd_549564,852,openat,root,yes,3.0,3,ps,['stat'],"['libprocps.so.8', 'libdl.so.2', 'libc.so.6', 'libsystemd.so.0', 'librt.so.1', 'liblzma.so.5', 'libzstd.so.1', 'liblz4.so.1', 'libgcrypt.so.20', 'libpthread.so.0', 'libgpg-error.so.0']",openat_root,openat_root_yes,298
fd393f66-c51b-44d3-bc85-0f8e2c1094dd_549564,856,close,root,yes,0.0,0,ps,[],"['libprocps.so.8', 'libdl.so.2', 'libc.so.6', 'libsystemd.so.0', 'librt.so.1', 'liblzma.so.5', 'libzstd.so.1', 'liblz4.so.1', 'libgcrypt.so.20', 'libpthread.so.0', 'libgpg-error.so.0']",close_root,close_root_yes,299
fd393f66-c51b-44d3-bc85-0f8e2c1094dd_549564,856,openat,root,no,-6.0,ENXIO(No such device or address),ps,[],"['libprocps.so.8', 'libdl.so.2', 'libc.so.6', 'libsystemd.so.0', 'librt.so.1', 'liblzma.so.5', 'libzstd.so.1', 'liblz4.so.1', 'libgcrypt.so.20', 'libpthread.so.0', 'libgpg-error.so.0']",openat_root,openat_root_no,300
fd393f66-c51b-44d3-bc85-0f8e2c1094dd_549564,856,openat,root,yes,3.0,3,ps,['uptime'],"['libprocps.so.8', 'libdl.so.2', 'libc.so.6', 'libsystemd.so.0', 'librt.so.1', 'liblzma.so.5', 'libzstd.so.1', 'liblz4.so.1', 'libgcrypt.so.20', 'libpthread.so.0', 'libgpg-error.so.0']",openat_root,openat_root_yes,301
fd393f66-c51b-44d3-bc85-0f8e2c1094dd_549564,856,openat,root,yes,4.0,4,ps,"['uptime', 'locale.alias']","['libprocps.so.8', 'libdl.so.2', 'libc.so.6', 'libsystemd.so.0', 'librt.so.1', 'liblzma.so.5', 'libzstd.so.1', 'liblz4.so.1', 'libgcrypt.so.20', 'libpthread.so.0', 'libgpg-error.so.0']",openat_root,openat_root_yes,302
fd393f66-c51b-44d3-bc85-0f8e2c1094dd_549564,856,close,root,yes,0.0,0,ps,['uptime'],"['libprocps.so.8', 'libdl.so.2', 'libc.so.6', 'libsystemd.so.0', 'librt.so.1', 'liblzma.so.5', 'libzstd.so.1', 'liblz4.so.1', 'libgcrypt.so.20', 'libpthread.so.0', 'libgpg-error.so.0']",close_root,close_root_yes,303
fd393f66-c51b-44d3-bc85-0f8e2c1094dd_549564,856,openat,root,no,-2.0,ENOENT(No such file or directory),ps,['uptime'],"['libprocps.so.8', 'libdl.so.2', 'libc.so.6', 'libsystemd.so.0', 'librt.so.1', 'liblzma.so.5', 'libzstd.so.1', 'liblz4.so.1', 'libgcrypt.so.20', 'libpthread.so.0', 'libgpg-error.so.0']",openat_root,openat_root_no,304
fd393f66-c51b-44d3-bc85-0f8e2c1094dd_549564,856,openat,root,yes,4.0,4,ps,"['uptime', 'pid_max']","['libprocps.so.8', 'libdl.so.2', 'libc.so.6', 'libsystemd.so.0', 'librt.so.1', 'liblzma.so.5', 'libzstd.so.1', 'liblz4.so.1', 'libgcrypt.so.20', 'libpthread.so.0', 'libgpg-error.so.0']",openat_root,openat_root_yes,305
fd393f66-c51b-44d3-bc85-0f8e2c1094dd_549564,856,mmap,root,yes,548163440640.0,548163440640,ps,['uptime'],"['libprocps.so.8', 'libdl.so.2', 'libc.so.6', 'libsystemd.so.0', 'librt.so.1', 'liblzma.so.5', 'libzstd.so.1', 'liblz4.so.1', 'libgcrypt.so.20', 'libpthread.so.0', 'libgpg-error.so.0']",mmap_root,mmap_root_yes,306
fd393f66-c51b-44d3-bc85-0f8e2c1094dd_549564,856,openat,root,yes,4.0,4,ps,"['uptime', 'osrelease']","['libprocps.so.8', 'libdl.so.2', 'libc.so.6', 'libsystemd.so.0', 'librt.so.1', 'liblzma.so.5', 'libzstd.so.1', 'liblz4.so.1', 'libgcrypt.so.20', 'libpthread.so.0', 'libgpg-error.so.0']",openat_root,openat_root_yes,307
fd393f66-c51b-44d3-bc85-0f8e2c1094dd_549564,856,openat,root,yes,4.0,4,ps,"['uptime', 'meminfo']","['libprocps.so.8', 'libdl.so.2', 'libc.so.6', 'libsystemd.so.0', 'librt.so.1', 'liblzma.so.5', 'libzstd.so.1', 'liblz4.so.1', 'libgcrypt.so.20', 'libpthread.so.0', 'libgpg-error.so.0']",openat_root,openat_root_yes,308
fd393f66-c51b-44d3-bc85-0f8e2c1094dd_549564,856,openat,root,yes,5.0,5,ps,"['uptime', 'meminfo', 'proc']","['libprocps.so.8', 'libdl.so.2', 'libc.so.6', 'libsystemd.so.0', 'librt.so.1', 'liblzma.so.5', 'libzstd.so.1', 'liblz4.so.1', 'libgcrypt.so.20', 'libpthread.so.0', 'libgpg-error.so.0']",openat_root,openat_root_yes,309
fd393f66-c51b-44d3-bc85-0f8e2c1094dd_549564,856,mmap,root,yes,548163305472.0,548163305472,ps,"['uptime', 'meminfo', 'proc']","['libprocps.so.8', 'libdl.so.2', 'libc.so.6', 'libsystemd.so.0', 'librt.so.1', 'liblzma.so.5', 'libzstd.so.1', 'liblz4.so.1', 'libgcrypt.so.20', 'libpthread.so.0', 'libgpg-error.so.0']",mmap_root,mmap_root_yes,310
fd393f66-c51b-44d3-bc85-0f8e2c1094dd_549564,856,mmap,root,yes,548163170304.0,548163170304,ps,"['uptime', 'meminfo', 'proc']","['libprocps.so.8', 'libdl.so.2', 'libc.so.6', 'libsystemd.so.0', 'librt.so.1', 'liblzma.so.5', 'libzstd.so.1', 'liblz4.so.1', 'libgcrypt.so.20', 'libpthread.so.0', 'libgpg-error.so.0']",mmap_root,mmap_root_yes,311
fd393f66-c51b-44d3-bc85-0f8e2c1094dd_549564,856,openat,root,yes,6.0,6,ps,"['uptime', 'meminfo', 'proc', 'stat']","['libprocps.so.8', 'libdl.so.2', 'libc.so.6', 'libsystemd.so.0', 'librt.so.1', 'liblzma.so.5', 'libzstd.so.1', 'liblz4.so.1', 'libgcrypt.so.20', 'libpthread.so.0', 'libgpg-error.so.0']",openat_root,openat_root_yes,312
fd393f66-c51b-44d3-bc85-0f8e2c1094dd_549564,860,close,root,yes,0.0,0,ps,"['uptime', 'meminfo', 'proc']","['libprocps.so.8', 'libdl.so.2', 'libc.so.6', 'libsystemd.so.0', 'librt.so.1', 'liblzma.so.5', 'libzstd.so.1', 'liblz4.so.1', 'libgcrypt.so.20', 'libpthread.so.0', 'libgpg-error.so.0']",close_root,close_root_yes,313
fd393f66-c51b-44d3-bc85-0f8e2c1094dd_549564,860,openat,root,yes,6.0,6,ps,"['uptime', 'meminfo', 'proc', 'status']","['libprocps.so.8', 'libdl.so.2', 'libc.so.6', 'libsystemd.so.0', 'librt.so.1', 'liblzma.so.5', 'libzstd.so.1', 'liblz4.so.1', 'libgcrypt.so.20', 'libpthread.so.0', 'libgpg-error.so.0']",openat_root,openat_root_yes,314
fd393f66-c51b-44d3-bc85-0f8e2c1094dd_549564,860,socket,root,yes,6.0,6,ps,"['uptime', 'meminfo', 'proc']","['libprocps.so.8', 'libdl.so.2', 'libc.so.6', 'libsystemd.so.0', 'librt.so.1', 'liblzma.so.5', 'libzstd.so.1', 'liblz4.so.1', 'libgcrypt.so.20', 'libpthread.so.0', 'libgpg-error.so.0']",socket_root,socket_root_yes,315
fd393f66-c51b-44d3-bc85-0f8e2c1094dd_549564,860,connect,root,no,-2.0,ENOENT(No such file or directory),ps,"['uptime', 'meminfo', 'proc']","['libprocps.so.8', 'libdl.so.2', 'libc.so.6', 'libsystemd.so.0', 'librt.so.1', 'liblzma.so.5', 'libzstd.so.1', 'liblz4.so.1', 'libgcrypt.so.20', 'libpthread.so.0', 'libgpg-error.so.0']",connect_root,connect_root_no,316
fd393f66-c51b-44d3-bc85-0f8e2c1094dd_549564,860,openat,root,yes,6.0,6,ps,"['uptime', 'meminfo', 'proc', 'nsswitch.conf']","['libprocps.so.8', 'libdl.so.2', 'libc.so.6', 'libsystemd.so.0', 'librt.so.1', 'liblzma.so.5', 'libzstd.so.1', 'liblz4.so.1', 'libgcrypt.so.20', 'libpthread.so.0', 'libgpg-error.so.0']",openat_root,openat_root_yes,317
fd393f66-c51b-44d3-bc85-0f8e2c1094dd_549564,860,openat,root,yes,6.0,6,ps,"['uptime', 'meminfo', 'proc', 'ld.so.cache']","['libprocps.so.8', 'libdl.so.2', 'libc.so.6', 'libsystemd.so.0', 'librt.so.1', 'liblzma.so.5', 'libzstd.so.1', 'liblz4.so.1', 'libgcrypt.so.20', 'libpthread.so.0', 'libgpg-error.so.0']",openat_root,openat_root_yes,318
fd393f66-c51b-44d3-bc85-0f8e2c1094dd_549564,860,mmap,root,yes,548172107776.0,548172107776,ps,"['uptime', 'meminfo', 'proc', 'ld.so.cache']","['libprocps.so.8', 'libdl.so.2', 'libc.so.6', 'libsystemd.so.0', 'librt.so.1', 'liblzma.so.5', 'libzstd.so.1', 'liblz4.so.1', 'libgcrypt.so.20', 'libpthread.so.0', 'libgpg-error.so.0']",mmap_root,mmap_root_yes,319
fd393f66-c51b-44d3-bc85-0f8e2c1094dd_549564,860,openat,root,yes,6.0,6,ps,"['uptime', 'meminfo', 'proc', 'libnss_files.so.2']","['libprocps.so.8', 'libdl.so.2', 'libc.so.6', 'libsystemd.so.0', 'librt.so.1', 'liblzma.so.5', 'libzstd.so.1', 'liblz4.so.1', 'libgcrypt.so.20', 'libpthread.so.0', 'libgpg-error.so.0']",openat_root,openat_root_yes,320
fd393f66-c51b-44d3-bc85-0f8e2c1094dd_549564,860,mmap,root,yes,548163026944.0,548163026944,ps,"['uptime', 'meminfo', 'proc', 'libnss_files.so.2']","['libprocps.so.8', 'libdl.so.2', 'libc.so.6', 'libsystemd.so.0', 'librt.so.1', 'liblzma.so.5', 'libzstd.so.1', 'liblz4.so.1', 'libgcrypt.so.20', 'libpthread.so.0', 'libgpg-error.so.0', 'libnss_files.so.2']",mmap_root,mmap_root_yes,321
fd393f66-c51b-44d3-bc85-0f8e2c1094dd_549564,860,mmap,root,yes,548163137536.0,548163137536,ps,"['uptime', 'meminfo', 'proc', 'libnss_files.so.2']","['libprocps.so.8', 'libdl.so.2', 'libc.so.6', 'libsystemd.so.0', 'librt.so.1', 'liblzma.so.5', 'libzstd.so.1', 'liblz4.so.1', 'libgcrypt.so.20', 'libpthread.so.0', 'libgpg-error.so.0', 'libnss_files.so.2']",mmap_root,mmap_root_yes,322
fd393f66-c51b-44d3-bc85-0f8e2c1094dd_549564,864,mmap,root,yes,548163145728.0,548163145728,ps,"['uptime', 'meminfo', 'proc', 'libnss_files.so.2']","['libprocps.so.8', 'libdl.so.2', 'libc.so.6', 'libsystemd.so.0', 'librt.so.1', 'liblzma.so.5', 'libzstd.so.1', 'liblz4.so.1', 'libgcrypt.so.20', 'libpthread.so.0', 'libgpg-error.so.0', 'libnss_files.so.2']",mmap_root,mmap_root_yes,323
fd393f66-c51b-44d3-bc85-0f8e2c1094dd_549564,864,close,root,yes,0.0,0,ps,"['uptime', 'meminfo', 'proc']","['libprocps.so.8', 'libdl.so.2', 'libc.so.6', 'libsystemd.so.0', 'librt.so.1', 'liblzma.so.5', 'libzstd.so.1', 'liblz4.so.1', 'libgcrypt.so.20', 'libpthread.so.0', 'libgpg-error.so.0', 'libnss_files.so.2']",close_root,close_root_yes,324
fd393f66-c51b-44d3-bc85-0f8e2c1094dd_549564,864,munmap,root,yes,0.0,0,ps,"['uptime', 'meminfo', 'proc']","['libprocps.so.8', 'libdl.so.2', 'libc.so.6', 'libsystemd.so.0', 'librt.so.1', 'liblzma.so.5', 'libzstd.so.1', 'liblz4.so.1', 'libgcrypt.so.20', 'libpthread.so.0', 'libgpg-error.so.0', 'libnss_files.so.2']",munmap_root,munmap_root_yes,325
fd393f66-c51b-44d3-bc85-0f8e2c1094dd_549564,864,openat,root,yes,6.0,6,ps,"['uptime', 'meminfo', 'proc', 'passwd']","['libprocps.so.8', 'libdl.so.2', 'libc.so.6', 'libsystemd.so.0', 'librt.so.1', 'liblzma.so.5', 'libzstd.so.1', 'liblz4.so.1', 'libgcrypt.so.20', 'libpthread.so.0', 'libgpg-error.so.0', 'libnss_files.so.2']",openat_root,openat_root_yes,326
fd393f66-c51b-44d3-bc85-0f8e2c1094dd_549564,864,openat,root,yes,6.0,6,ps,"['uptime', 'meminfo', 'proc', 'cmdline']","['libprocps.so.8', 'libdl.so.2', 'libc.so.6', 'libsystemd.so.0', 'librt.so.1', 'liblzma.so.5', 'libzstd.so.1', 'liblz4.so.1', 'libgcrypt.so.20', 'libpthread.so.0', 'libgpg-error.so.0', 'libnss_files.so.2']",openat_root,openat_root_yes,327
fd393f66-c51b-44d3-bc85-0f8e2c1094dd_549564,864,openat,root,yes,6.0,6,ps,"['uptime', 'meminfo', 'proc', 'gconv-modules.cache']","['libprocps.so.8', 'libdl.so.2', 'libc.so.6', 'libsystemd.so.0', 'librt.so.1', 'liblzma.so.5', 'libzstd.so.1', 'liblz4.so.1', 'libgcrypt.so.20', 'libpthread.so.0', 'libgpg-error.so.0', 'libnss_files.so.2']",openat_root,openat_root_yes,328
fd393f66-c51b-44d3-bc85-0f8e2c1094dd_549564,864,mmap,root,yes,548172111872.0,548172111872,ps,"['uptime', 'meminfo', 'proc', 'gconv-modules.cache']","['libprocps.so.8', 'libdl.so.2', 'libc.so.6', 'libsystemd.so.0', 'librt.so.1', 'liblzma.so.5', 'libzstd.so.1', 'liblz4.so.1', 'libgcrypt.so.20', 'libpthread.so.0', 'libgpg-error.so.0', 'libnss_files.so.2']",mmap_root,mmap_root_yes,329
fd393f66-c51b-44d3-bc85-0f8e2c1094dd_549564,864,openat,root,yes,6.0,6,ps,"['uptime', 'meminfo', 'proc', 'stat']","['libprocps.so.8', 'libdl.so.2', 'libc.so.6', 'libsystemd.so.0', 'librt.so.1', 'liblzma.so.5', 'libzstd.so.1', 'liblz4.so.1', 'libgcrypt.so.20', 'libpthread.so.0', 'libgpg-error.so.0', 'libnss_files.so.2']",openat_root,openat_root_yes,330
fd393f66-c51b-44d3-bc85-0f8e2c1094dd_549564,864,openat,root,yes,6.0,6,ps,"['uptime', 'meminfo', 'proc', 'status']","['libprocps.so.8', 'libdl.so.2', 'libc.so.6', 'libsystemd.so.0', 'librt.so.1', 'liblzma.so.5', 'libzstd.so.1', 'liblz4.so.1', 'libgcrypt.so.20', 'libpthread.so.0', 'libgpg-error.so.0', 'libnss_files.so.2']",openat_root,openat_root_yes,331
fd393f66-c51b-44d3-bc85-0f8e2c1094dd_549564,864,openat,root,yes,6.0,6,ps,"['uptime', 'meminfo', 'proc', 'cmdline']","['libprocps.so.8', 'libdl.so.2', 'libc.so.6', 'libsystemd.so.0', 'librt.so.1', 'liblzma.so.5', 'libzstd.so.1', 'liblz4.so.1', 'libgcrypt.so.20', 'libpthread.so.0', 'libgpg-error.so.0', 'libnss_files.so.2']",openat_root,openat_root_yes,332
fd393f66-c51b-44d3-bc85-0f8e2c1094dd_549564,864,openat,root,yes,6.0,6,ps,"['uptime', 'meminfo', 'proc', 'stat']","['libprocps.so.8', 'libdl.so.2', 'libc.so.6', 'libsystemd.so.0', 'librt.so.1', 'liblzma.so.5', 'libzstd.so.1', 'liblz4.so.1', 'libgcrypt.so.20', 'libpthread.so.0', 'libgpg-error.so.0', 'libnss_files.so.2']",openat_root,openat_root_yes,333
fd393f66-c51b-44d3-bc85-0f8e2c1094dd_549564,868,close,root,yes,0.0,0,ps,"['uptime', 'meminfo', 'proc']","['libprocps.so.8', 'libdl.so.2', 'libc.so.6', 'libsystemd.so.0', 'librt.so.1', 'liblzma.so.5', 'libzstd.so.1', 'liblz4.so.1', 'libgcrypt.so.20', 'libpthread.so.0', 'libgpg-error.so.0', 'libnss_files.so.2']",close_root,close_root_yes,334
fd393f66-c51b-44d3-bc85-0f8e2c1094dd_549564,868,openat,root,yes,6.0,6,ps,"['uptime', 'meminfo', 'proc', 'status']","['libprocps.so.8', 'libdl.so.2', 'libc.so.6', 'libsystemd.so.0', 'librt.so.1', 'liblzma.so.5', 'libzstd.so.1', 'liblz4.so.1', 'libgcrypt.so.20', 'libpthread.so.0', 'libgpg-error.so.0', 'libnss_files.so.2']",openat_root,openat_root_yes,335
fd393f66-c51b-44d3-bc85-0f8e2c1094dd_549564,868,openat,root,yes,6.0,6,ps,"['uptime', 'meminfo', 'proc', 'cmdline']","['libprocps.so.8', 'libdl.so.2', 'libc.so.6', 'libsystemd.so.0', 'librt.so.1', 'liblzma.so.5', 'libzstd.so.1', 'liblz4.so.1', 'libgcrypt.so.20', 'libpthread.so.0', 'libgpg-error.so.0', 'libnss_files.so.2']",openat_root,openat_root_yes,336
fd393f66-c51b-44d3-bc85-0f8e2c1094dd_549564,868,openat,root,yes,6.0,6,ps,"['uptime', 'meminfo', 'proc', 'stat']","['libprocps.so.8', 'libdl.so.2', 'libc.so.6', 'libsystemd.so.0', 'librt.so.1', 'liblzma.so.5', 'libzstd.so.1', 'liblz4.so.1', 'libgcrypt.so.20', 'libpthread.so.0', 'libgpg-error.so.0', 'libnss_files.so.2']",openat_root,openat_root_yes,337
fd393f66-c51b-44d3-bc85-0f8e2c1094dd_549564,868,openat,root,yes,6.0,6,ps,"['uptime', 'meminfo', 'proc', 'status']","['libprocps.so.8', 'libdl.so.2', 'libc.so.6', 'libsystemd.so.0', 'librt.so.1', 'liblzma.so.5', 'libzstd.so.1', 'liblz4.so.1', 'libgcrypt.so.20', 'libpthread.so.0', 'libgpg-error.so.0', 'libnss_files.so.2']",openat_root,openat_root_yes,338
fd393f66-c51b-44d3-bc85-0f8e2c1094dd_549564,868,openat,root,yes,6.0,6,ps,"['uptime', 'meminfo', 'proc', 'cmdline']","['libprocps.so.8', 'libdl.so.2', 'libc.so.6', 'libsystemd.so.0', 'librt.so.1', 'liblzma.so.5', 'libzstd.so.1', 'liblz4.so.1', 'libgcrypt.so.20', 'libpthread.so.0', 'libgpg-error.so.0', 'libnss_files.so.2']",openat_root,openat_root_yes,339
fd393f66-c51b-44d3-bc85-0f8e2c1094dd_549564,868,openat,root,yes,6.0,6,ps,"['uptime', 'meminfo', 'proc', 'stat']","['libprocps.so.8', 'libdl.so.2', 'libc.so.6', 'libsystemd.so.0', 'librt.so.1', 'liblzma.so.5', 'libzstd.so.1', 'liblz4.so.1', 'libgcrypt.so.20', 'libpthread.so.0', 'libgpg-error.so.0', 'libnss_files.so.2']",openat_root,openat_root_yes,340
fd393f66-c51b-44d3-bc85-0f8e2c1094dd_549564,868,openat,root,yes,6.0,6,ps,"['uptime', 'meminfo', 'proc', 'status']","['libprocps.so.8', 'libdl.so.2', 'libc.so.6', 'libsystemd.so.0', 'librt.so.1', 'liblzma.so.5', 'libzstd.so.1', 'liblz4.so.1', 'libgcrypt.so.20', 'libpthread.so.0', 'libgpg-error.so.0', 'libnss_files.so.2']",openat_root,openat_root_yes,341
fd393f66-c51b-44d3-bc85-0f8e2c1094dd_549564,868,openat,root,yes,6.0,6,ps,"['uptime', 'meminfo', 'proc', 'cmdline']","['libprocps.so.8', 'libdl.so.2', 'libc.so.6', 'libsystemd.so.0', 'librt.so.1', 'liblzma.so.5', 'libzstd.so.1', 'liblz4.so.1', 'libgcrypt.so.20', 'libpthread.so.0', 'libgpg-error.so.0', 'libnss_files.so.2']",openat_root,openat_root_yes,342
fd393f66-c51b-44d3-bc85-0f8e2c1094dd_549564,872,openat,root,yes,6.0,6,ps,"['uptime', 'meminfo', 'proc', 'stat']","['libprocps.so.8', 'libdl.so.2', 'libc.so.6', 'libsystemd.so.0', 'librt.so.1', 'liblzma.so.5', 'libzstd.so.1', 'liblz4.so.1', 'libgcrypt.so.20', 'libpthread.so.0', 'libgpg-error.so.0', 'libnss_files.so.2']",openat_root,openat_root_yes,343
fd393f66-c51b-44d3-bc85-0f8e2c1094dd_549564,872,close,root,yes,0.0,0,ps,"['uptime', 'meminfo', 'proc']","['libprocps.so.8', 'libdl.so.2', 'libc.so.6', 'libsystemd.so.0', 'librt.so.1', 'liblzma.so.5', 'libzstd.so.1', 'liblz4.so.1', 'libgcrypt.so.20', 'libpthread.so.0', 'libgpg-error.so.0', 'libnss_files.so.2']",close_root,close_root_yes,344
fd393f66-c51b-44d3-bc85-0f8e2c1094dd_549564,872,openat,root,yes,6.0,6,ps,"['uptime', 'meminfo', 'proc', 'status']","['libprocps.so.8', 'libdl.so.2', 'libc.so.6', 'libsystemd.so.0', 'librt.so.1', 'liblzma.so.5', 'libzstd.so.1', 'liblz4.so.1', 'libgcrypt.so.20', 'libpthread.so.0', 'libgpg-error.so.0', 'libnss_files.so.2']",openat_root,openat_root_yes,345
fd393f66-c51b-44d3-bc85-0f8e2c1094dd_549564,872,openat,root,yes,6.0,6,ps,"['uptime', 'meminfo', 'proc', 'cmdline']","['libprocps.so.8', 'libdl.so.2', 'libc.so.6', 'libsystemd.so.0', 'librt.so.1', 'liblzma.so.5', 'libzstd.so.1', 'liblz4.so.1', 'libgcrypt.so.20', 'libpthread.so.0', 'libgpg-error.so.0', 'libnss_files.so.2']",openat_root,openat_root_yes,346
fd393f66-c51b-44d3-bc85-0f8e2c1094dd_549564,872,openat,root,yes,6.0,6,ps,"['uptime', 'meminfo', 'proc', 'stat']","['libprocps.so.8', 'libdl.so.2', 'libc.so.6', 'libsystemd.so.0', 'librt.so.1', 'liblzma.so.5', 'libzstd.so.1', 'liblz4.so.1', 'libgcrypt.so.20', 'libpthread.so.0', 'libgpg-error.so.0', 'libnss_files.so.2']",openat_root,openat_root_yes,347
fd393f66-c51b-44d3-bc85-0f8e2c1094dd_549564,872,openat,root,yes,6.0,6,ps,"['uptime', 'meminfo', 'proc', 'status']","['libprocps.so.8', 'libdl.so.2', 'libc.so.6', 'libsystemd.so.0', 'librt.so.1', 'liblzma.so.5', 'libzstd.so.1', 'liblz4.so.1', 'libgcrypt.so.20', 'libpthread.so.0', 'libgpg-error.so.0', 'libnss_files.so.2']",openat_root,openat_root_yes,348
fd393f66-c51b-44d3-bc85-0f8e2c1094dd_549564,872,openat,root,yes,6.0,6,ps,"['uptime', 'meminfo', 'proc', 'cmdline']","['libprocps.so.8', 'libdl.so.2', 'libc.so.6', 'libsystemd.so.0', 'librt.so.1', 'liblzma.so.5', 'libzstd.so.1', 'liblz4.so.1', 'libgcrypt.so.20', 'libpthread.so.0', 'libgpg-error.so.0', 'libnss_files.so.2']",openat_root,openat_root_yes,349
fd393f66-c51b-44d3-bc85-0f8e2c1094dd_549564,872,openat,root,yes,6.0,6,ps,"['uptime', 'meminfo', 'proc', 'stat']","['libprocps.so.8', 'libdl.so.2', 'libc.so.6', 'libsystemd.so.0', 'librt.so.1', 'liblzma.so.5', 'libzstd.so.1', 'liblz4.so.1', 'libgcrypt.so.20', 'libpthread.so.0', 'libgpg-error.so.0', 'libnss_files.so.2']",openat_root,openat_root_yes,350
fd393f66-c51b-44d3-bc85-0f8e2c1094dd_549564,872,openat,root,yes,6.0,6,ps,"['uptime', 'meminfo', 'proc', 'status']","['libprocps.so.8', 'libdl.so.2', 'libc.so.6', 'libsystemd.so.0', 'librt.so.1', 'liblzma.so.5', 'libzstd.so.1', 'liblz4.so.1', 'libgcrypt.so.20', 'libpthread.so.0', 'libgpg-error.so.0', 'libnss_files.so.2']",openat_root,openat_root_yes,351
fd393f66-c51b-44d3-bc85-0f8e2c1094dd_549564,872,openat,root,yes,6.0,6,ps,"['uptime', 'meminfo', 'proc', 'cmdline']","['libprocps.so.8', 'libdl.so.2', 'libc.so.6', 'libsystemd.so.0', 'librt.so.1', 'liblzma.so.5', 'libzstd.so.1', 'liblz4.so.1', 'libgcrypt.so.20', 'libpthread.so.0', 'libgpg-error.so.0', 'libnss_files.so.2']",openat_root,openat_root_yes,352
fd393f66-c51b-44d3-bc85-0f8e2c1094dd_549564,872,openat,root,yes,6.0,6,ps,"['uptime', 'meminfo', 'proc', 'stat']","['libprocps.so.8', 'libdl.so.2', 'libc.so.6', 'libsystemd.so.0', 'librt.so.1', 'liblzma.so.5', 'libzstd.so.1', 'liblz4.so.1', 'libgcrypt.so.20', 'libpthread.so.0', 'libgpg-error.so.0', 'libnss_files.so.2']",openat_root,openat_root_yes,353
fd393f66-c51b-44d3-bc85-0f8e2c1094dd_549564,872,openat,root,yes,6.0,6,ps,"['uptime', 'meminfo', 'proc', 'status']","['libprocps.so.8', 'libdl.so.2', 'libc.so.6', 'libsystemd.so.0', 'librt.so.1', 'liblzma.so.5', 'libzstd.so.1', 'liblz4.so.1', 'libgcrypt.so.20', 'libpthread.so.0', 'libgpg-error.so.0', 'libnss_files.so.2']",openat_root,openat_root_yes,354
fd393f66-c51b-44d3-bc85-0f8e2c1094dd_549564,872,openat,root,yes,6.0,6,ps,"['uptime', 'meminfo', 'proc', 'cmdline']","['libprocps.so.8', 'libdl.so.2', 'libc.so.6', 'libsystemd.so.0', 'librt.so.1', 'liblzma.so.5', 'libzstd.so.1', 'liblz4.so.1', 'libgcrypt.so.20', 'libpthread.so.0', 'libgpg-error.so.0', 'libnss_files.so.2']",openat_root,openat_root_yes,355
fd393f66-c51b-44d3-bc85-0f8e2c1094dd_549564,872,openat,root,yes,6.0,6,ps,"['uptime', 'meminfo', 'proc', 'stat']","['libprocps.so.8', 'libdl.so.2', 'libc.so.6', 'libsystemd.so.0', 'librt.so.1', 'liblzma.so.5', 'libzstd.so.1', 'liblz4.so.1', 'libgcrypt.so.20', 'libpthread.so.0', 'libgpg-error.so.0', 'libnss_files.so.2']",openat_root,openat_root_yes,356
fd393f66-c51b-44d3-bc85-0f8e2c1094dd_549564,872,openat,root,yes,6.0,6,ps,"['uptime', 'meminfo', 'proc', 'status']","['libprocps.so.8', 'libdl.so.2', 'libc.so.6', 'libsystemd.so.0', 'librt.so.1', 'liblzma.so.5', 'libzstd.so.1', 'liblz4.so.1', 'libgcrypt.so.20', 'libpthread.so.0', 'libgpg-error.so.0', 'libnss_files.so.2']",openat_root,openat_root_yes,357
fd393f66-c51b-44d3-bc85-0f8e2c1094dd_549564,876,close,root,yes,0.0,0,ps,"['uptime', 'meminfo', 'proc']","['libprocps.so.8', 'libdl.so.2', 'libc.so.6', 'libsystemd.so.0', 'librt.so.1', 'liblzma.so.5', 'libzstd.so.1', 'liblz4.so.1', 'libgcrypt.so.20', 'libpthread.so.0', 'libgpg-error.so.0', 'libnss_files.so.2']",close_root,close_root_yes,358
fd393f66-c51b-44d3-bc85-0f8e2c1094dd_549564,876,openat,root,yes,6.0,6,ps,"['uptime', 'meminfo', 'proc', 'cmdline']","['libprocps.so.8', 'libdl.so.2', 'libc.so.6', 'libsystemd.so.0', 'librt.so.1', 'liblzma.so.5', 'libzstd.so.1', 'liblz4.so.1', 'libgcrypt.so.20', 'libpthread.so.0', 'libgpg-error.so.0', 'libnss_files.so.2']",openat_root,openat_root_yes,359
fd393f66-c51b-44d3-bc85-0f8e2c1094dd_549564,876,openat,root,yes,6.0,6,ps,"['uptime', 'meminfo', 'proc', 'stat']","['libprocps.so.8', 'libdl.so.2', 'libc.so.6', 'libsystemd.so.0', 'librt.so.1', 'liblzma.so.5', 'libzstd.so.1', 'liblz4.so.1', 'libgcrypt.so.20', 'libpthread.so.0', 'libgpg-error.so.0', 'libnss_files.so.2']",openat_root,openat_root_yes,360
fd393f66-c51b-44d3-bc85-0f8e2c1094dd_549564,876,openat,root,yes,6.0,6,ps,"['uptime', 'meminfo', 'proc', 'status']","['libprocps.so.8', 'libdl.so.2', 'libc.so.6', 'libsystemd.so.0', 'librt.so.1', 'liblzma.so.5', 'libzstd.so.1', 'liblz4.so.1', 'libgcrypt.so.20', 'libpthread.so.0', 'libgpg-error.so.0', 'libnss_files.so.2']",openat_root,openat_root_yes,361
fd393f66-c51b-44d3-bc85-0f8e2c1094dd_549564,876,openat,root,yes,6.0,6,ps,"['uptime', 'meminfo', 'proc', 'cmdline']","['libprocps.so.8', 'libdl.so.2', 'libc.so.6', 'libsystemd.so.0', 'librt.so.1', 'liblzma.so.5', 'libzstd.so.1', 'liblz4.so.1', 'libgcrypt.so.20', 'libpthread.so.0', 'libgpg-error.so.0', 'libnss_files.so.2']",openat_root,openat_root_yes,362
fd393f66-c51b-44d3-bc85-0f8e2c1094dd_549564,876,openat,root,yes,6.0,6,ps,"['uptime', 'meminfo', 'proc', 'stat']","['libprocps.so.8', 'libdl.so.2', 'libc.so.6', 'libsystemd.so.0', 'librt.so.1', 'liblzma.so.5', 'libzstd.so.1', 'liblz4.so.1', 'libgcrypt.so.20', 'libpthread.so.0', 'libgpg-error.so.0', 'libnss_files.so.2']",openat_root,openat_root_yes,363
fd393f66-c51b-44d3-bc85-0f8e2c1094dd_549564,876,openat,root,yes,6.0,6,ps,"['uptime', 'meminfo', 'proc', 'status']","['libprocps.so.8', 'libdl.so.2', 'libc.so.6', 'libsystemd.so.0', 'librt.so.1', 'liblzma.so.5', 'libzstd.so.1', 'liblz4.so.1', 'libgcrypt.so.20', 'libpthread.so.0', 'libgpg-error.so.0', 'libnss_files.so.2']",openat_root,openat_root_yes,364
fd393f66-c51b-44d3-bc85-0f8e2c1094dd_549564,876,openat,root,yes,6.0,6,ps,"['uptime', 'meminfo', 'proc', 'cmdline']","['libprocps.so.8', 'libdl.so.2', 'libc.so.6', 'libsystemd.so.0', 'librt.so.1', 'liblzma.so.5', 'libzstd.so.1', 'liblz4.so.1', 'libgcrypt.so.20', 'libpthread.so.0', 'libgpg-error.so.0', 'libnss_files.so.2']",openat_root,openat_root_yes,365
fd393f66-c51b-44d3-bc85-0f8e2c1094dd_549564,876,openat,root,yes,6.0,6,ps,"['uptime', 'meminfo', 'proc', 'stat']","['libprocps.so.8', 'libdl.so.2', 'libc.so.6', 'libsystemd.so.0', 'librt.so.1', 'liblzma.so.5', 'libzstd.so.1', 'liblz4.so.1', 'libgcrypt.so.20', 'libpthread.so.0', 'libgpg-error.so.0', 'libnss_files.so.2']",openat_root,openat_root_yes,366
fd393f66-c51b-44d3-bc85-0f8e2c1094dd_549564,876,openat,root,yes,6.0,6,ps,"['uptime', 'meminfo', 'proc', 'status']","['libprocps.so.8', 'libdl.so.2', 'libc.so.6', 'libsystemd.so.0', 'librt.so.1', 'liblzma.so.5', 'libzstd.so.1', 'liblz4.so.1', 'libgcrypt.so.20', 'libpthread.so.0', 'libgpg-error.so.0', 'libnss_files.so.2']",openat_root,openat_root_yes,367
fd393f66-c51b-44d3-bc85-0f8e2c1094dd_549564,876,openat,root,yes,6.0,6,ps,"['uptime', 'meminfo', 'proc', 'cmdline']","['libprocps.so.8', 'libdl.so.2', 'libc.so.6', 'libsystemd.so.0', 'librt.so.1', 'liblzma.so.5', 'libzstd.so.1', 'liblz4.so.1', 'libgcrypt.so.20', 'libpthread.so.0', 'libgpg-error.so.0', 'libnss_files.so.2']",openat_root,openat_root_yes,368
fd393f66-c51b-44d3-bc85-0f8e2c1094dd_549564,876,openat,root,yes,6.0,6,ps,"['uptime', 'meminfo', 'proc', 'stat']","['libprocps.so.8', 'libdl.so.2', 'libc.so.6', 'libsystemd.so.0', 'librt.so.1', 'liblzma.so.5', 'libzstd.so.1', 'liblz4.so.1', 'libgcrypt.so.20', 'libpthread.so.0', 'libgpg-error.so.0', 'libnss_files.so.2']",openat_root,openat_root_yes,369
fd393f66-c51b-44d3-bc85-0f8e2c1094dd_549564,876,openat,root,yes,6.0,6,ps,"['uptime', 'meminfo', 'proc', 'status']","['libprocps.so.8', 'libdl.so.2', 'libc.so.6', 'libsystemd.so.0', 'librt.so.1', 'liblzma.so.5', 'libzstd.so.1', 'liblz4.so.1', 'libgcrypt.so.20', 'libpthread.so.0', 'libgpg-error.so.0', 'libnss_files.so.2']",openat_root,openat_root_yes,370
fd393f66-c51b-44d3-bc85-0f8e2c1094dd_549564,876,openat,root,yes,6.0,6,ps,"['uptime', 'meminfo', 'proc', 'cmdline']","['libprocps.so.8', 'libdl.so.2', 'libc.so.6', 'libsystemd.so.0', 'librt.so.1', 'liblzma.so.5', 'libzstd.so.1', 'liblz4.so.1', 'libgcrypt.so.20', 'libpthread.so.0', 'libgpg-error.so.0', 'libnss_files.so.2']",openat_root,openat_root_yes,371
fd393f66-c51b-44d3-bc85-0f8e2c1094dd_549564,880,openat,root,yes,6.0,6,ps,"['uptime', 'meminfo', 'proc', 'stat']","['libprocps.so.8', 'libdl.so.2', 'libc.so.6', 'libsystemd.so.0', 'librt.so.1', 'liblzma.so.5', 'libzstd.so.1', 'liblz4.so.1', 'libgcrypt.so.20', 'libpthread.so.0', 'libgpg-error.so.0', 'libnss_files.so.2']",openat_root,openat_root_yes,372
fd393f66-c51b-44d3-bc85-0f8e2c1094dd_549564,880,close,root,yes,0.0,0,ps,"['uptime', 'meminfo', 'proc']","['libprocps.so.8', 'libdl.so.2', 'libc.so.6', 'libsystemd.so.0', 'librt.so.1', 'liblzma.so.5', 'libzstd.so.1', 'liblz4.so.1', 'libgcrypt.so.20', 'libpthread.so.0', 'libgpg-error.so.0', 'libnss_files.so.2']",close_root,close_root_yes,373
fd393f66-c51b-44d3-bc85-0f8e2c1094dd_549564,880,openat,root,yes,6.0,6,ps,"['uptime', 'meminfo', 'proc', 'status']","['libprocps.so.8', 'libdl.so.2', 'libc.so.6', 'libsystemd.so.0', 'librt.so.1', 'liblzma.so.5', 'libzstd.so.1', 'liblz4.so.1', 'libgcrypt.so.20', 'libpthread.so.0', 'libgpg-error.so.0', 'libnss_files.so.2']",openat_root,openat_root_yes,374
fd393f66-c51b-44d3-bc85-0f8e2c1094dd_549564,880,openat,root,yes,6.0,6,ps,"['uptime', 'meminfo', 'proc', 'cmdline']","['libprocps.so.8', 'libdl.so.2', 'libc.so.6', 'libsystemd.so.0', 'librt.so.1', 'liblzma.so.5', 'libzstd.so.1', 'liblz4.so.1', 'libgcrypt.so.20', 'libpthread.so.0', 'libgpg-error.so.0', 'libnss_files.so.2']",openat_root,openat_root_yes,375
fd393f66-c51b-44d3-bc85-0f8e2c1094dd_549564,884,close,root,yes,0.0,0,ps,"['uptime', 'meminfo', 'proc']","['libprocps.so.8', 'libdl.so.2', 'libc.so.6', 'libsystemd.so.0', 'librt.so.1', 'liblzma.so.5', 'libzstd.so.1', 'liblz4.so.1', 'libgcrypt.so.20', 'libpthread.so.0', 'libgpg-error.so.0', 'libnss_files.so.2']",close_root,close_root_yes,376
fd393f66-c51b-44d3-bc85-0f8e2c1094dd_549564,884,openat,root,yes,6.0,6,ps,"['uptime', 'meminfo', 'proc', 'stat']","['libprocps.so.8', 'libdl.so.2', 'libc.so.6', 'libsystemd.so.0', 'librt.so.1', 'liblzma.so.5', 'libzstd.so.1', 'liblz4.so.1', 'libgcrypt.so.20', 'libpthread.so.0', 'libgpg-error.so.0', 'libnss_files.so.2']",openat_root,openat_root_yes,377
fd393f66-c51b-44d3-bc85-0f8e2c1094dd_549564,884,openat,root,yes,6.0,6,ps,"['uptime', 'meminfo', 'proc', 'status']","['libprocps.so.8', 'libdl.so.2', 'libc.so.6', 'libsystemd.so.0', 'librt.so.1', 'liblzma.so.5', 'libzstd.so.1', 'liblz4.so.1', 'libgcrypt.so.20', 'libpthread.so.0', 'libgpg-error.so.0', 'libnss_files.so.2']",openat_root,openat_root_yes,378
fd393f66-c51b-44d3-bc85-0f8e2c1094dd_549564,884,openat,root,yes,6.0,6,ps,"['uptime', 'meminfo', 'proc', 'cmdline']","['libprocps.so.8', 'libdl.so.2', 'libc.so.6', 'libsystemd.so.0', 'librt.so.1', 'liblzma.so.5', 'libzstd.so.1', 'liblz4.so.1', 'libgcrypt.so.20', 'libpthread.so.0', 'libgpg-error.so.0', 'libnss_files.so.2']",openat_root,openat_root_yes,379
fd393f66-c51b-44d3-bc85-0f8e2c1094dd_549564,884,openat,root,yes,6.0,6,ps,"['uptime', 'meminfo', 'proc', 'stat']","['libprocps.so.8', 'libdl.so.2', 'libc.so.6', 'libsystemd.so.0', 'librt.so.1', 'liblzma.so.5', 'libzstd.so.1', 'liblz4.so.1', 'libgcrypt.so.20', 'libpthread.so.0', 'libgpg-error.so.0', 'libnss_files.so.2']",openat_root,openat_root_yes,380
fd393f66-c51b-44d3-bc85-0f8e2c1094dd_549564,884,openat,root,yes,6.0,6,ps,"['uptime', 'meminfo', 'proc', 'status']","['libprocps.so.8', 'libdl.so.2', 'libc.so.6', 'libsystemd.so.0', 'librt.so.1', 'liblzma.so.5', 'libzstd.so.1', 'liblz4.so.1', 'libgcrypt.so.20', 'libpthread.so.0', 'libgpg-error.so.0', 'libnss_files.so.2']",openat_root,openat_root_yes,381
fd393f66-c51b-44d3-bc85-0f8e2c1094dd_549564,884,openat,root,yes,6.0,6,ps,"['uptime', 'meminfo', 'proc', 'cmdline']","['libprocps.so.8', 'libdl.so.2', 'libc.so.6', 'libsystemd.so.0', 'librt.so.1', 'liblzma.so.5', 'libzstd.so.1', 'liblz4.so.1', 'libgcrypt.so.20', 'libpthread.so.0', 'libgpg-error.so.0', 'libnss_files.so.2']",openat_root,openat_root_yes,382
fd393f66-c51b-44d3-bc85-0f8e2c1094dd_549564,884,openat,root,yes,6.0,6,ps,"['uptime', 'meminfo', 'proc', 'stat']","['libprocps.so.8', 'libdl.so.2', 'libc.so.6', 'libsystemd.so.0', 'librt.so.1', 'liblzma.so.5', 'libzstd.so.1', 'liblz4.so.1', 'libgcrypt.so.20', 'libpthread.so.0', 'libgpg-error.so.0', 'libnss_files.so.2']",openat_root,openat_root_yes,383
fd393f66-c51b-44d3-bc85-0f8e2c1094dd_549564,884,openat,root,yes,6.0,6,ps,"['uptime', 'meminfo', 'proc', 'status']","['libprocps.so.8', 'libdl.so.2', 'libc.so.6', 'libsystemd.so.0', 'librt.so.1', 'liblzma.so.5', 'libzstd.so.1', 'liblz4.so.1', 'libgcrypt.so.20', 'libpthread.so.0', 'libgpg-error.so.0', 'libnss_files.so.2']",openat_root,openat_root_yes,384
fd393f66-c51b-44d3-bc85-0f8e2c1094dd_549564,888,close,root,yes,0.0,0,ps,"['uptime', 'meminfo', 'proc']","['libprocps.so.8', 'libdl.so.2', 'libc.so.6', 'libsystemd.so.0', 'librt.so.1', 'liblzma.so.5', 'libzstd.so.1', 'liblz4.so.1', 'libgcrypt.so.20', 'libpthread.so.0', 'libgpg-error.so.0', 'libnss_files.so.2']",close_root,close_root_yes,385
fd393f66-c51b-44d3-bc85-0f8e2c1094dd_549564,888,openat,root,yes,6.0,6,ps,"['uptime', 'meminfo', 'proc', 'cmdline']","['libprocps.so.8', 'libdl.so.2', 'libc.so.6', 'libsystemd.so.0', 'librt.so.1', 'liblzma.so.5', 'libzstd.so.1', 'liblz4.so.1', 'libgcrypt.so.20', 'libpthread.so.0', 'libgpg-error.so.0', 'libnss_files.so.2']",openat_root,openat_root_yes,386
fd393f66-c51b-44d3-bc85-0f8e2c1094dd_549564,888,openat,root,yes,6.0,6,ps,"['uptime', 'meminfo', 'proc', 'stat']","['libprocps.so.8', 'libdl.so.2', 'libc.so.6', 'libsystemd.so.0', 'librt.so.1', 'liblzma.so.5', 'libzstd.so.1', 'liblz4.so.1', 'libgcrypt.so.20', 'libpthread.so.0', 'libgpg-error.so.0', 'libnss_files.so.2']",openat_root,openat_root_yes,387
fd393f66-c51b-44d3-bc85-0f8e2c1094dd_549564,888,openat,root,yes,6.0,6,ps,"['uptime', 'meminfo', 'proc', 'status']","['libprocps.so.8', 'libdl.so.2', 'libc.so.6', 'libsystemd.so.0', 'librt.so.1', 'liblzma.so.5', 'libzstd.so.1', 'liblz4.so.1', 'libgcrypt.so.20', 'libpthread.so.0', 'libgpg-error.so.0', 'libnss_files.so.2']",openat_root,openat_root_yes,388
fd393f66-c51b-44d3-bc85-0f8e2c1094dd_549564,888,openat,root,yes,6.0,6,ps,"['uptime', 'meminfo', 'proc', 'cmdline']","['libprocps.so.8', 'libdl.so.2', 'libc.so.6', 'libsystemd.so.0', 'librt.so.1', 'liblzma.so.5', 'libzstd.so.1', 'liblz4.so.1', 'libgcrypt.so.20', 'libpthread.so.0', 'libgpg-error.so.0', 'libnss_files.so.2']",openat_root,openat_root_yes,389
fd393f66-c51b-44d3-bc85-0f8e2c1094dd_549564,888,openat,root,yes,6.0,6,ps,"['uptime', 'meminfo', 'proc', 'stat']","['libprocps.so.8', 'libdl.so.2', 'libc.so.6', 'libsystemd.so.0', 'librt.so.1', 'liblzma.so.5', 'libzstd.so.1', 'liblz4.so.1', 'libgcrypt.so.20', 'libpthread.so.0', 'libgpg-error.so.0', 'libnss_files.so.2']",openat_root,openat_root_yes,390
fd393f66-c51b-44d3-bc85-0f8e2c1094dd_549564,888,openat,root,yes,6.0,6,ps,"['uptime', 'meminfo', 'proc', 'status']","['libprocps.so.8', 'libdl.so.2', 'libc.so.6', 'libsystemd.so.0', 'librt.so.1', 'liblzma.so.5', 'libzstd.so.1', 'liblz4.so.1', 'libgcrypt.so.20', 'libpthread.so.0', 'libgpg-error.so.0', 'libnss_files.so.2']",openat_root,openat_root_yes,391
fd393f66-c51b-44d3-bc85-0f8e2c1094dd_549564,888,openat,root,yes,6.0,6,ps,"['uptime', 'meminfo', 'proc', 'cmdline']","['libprocps.so.8', 'libdl.so.2', 'libc.so.6', 'libsystemd.so.0', 'librt.so.1', 'liblzma.so.5', 'libzstd.so.1', 'liblz4.so.1', 'libgcrypt.so.20', 'libpthread.so.0', 'libgpg-error.so.0', 'libnss_files.so.2']",openat_root,openat_root_yes,392
fd393f66-c51b-44d3-bc85-0f8e2c1094dd_549564,888,openat,root,yes,6.0,6,ps,"['uptime', 'meminfo', 'proc', 'stat']","['libprocps.so.8', 'libdl.so.2', 'libc.so.6', 'libsystemd.so.0', 'librt.so.1', 'liblzma.so.5', 'libzstd.so.1', 'liblz4.so.1', 'libgcrypt.so.20', 'libpthread.so.0', 'libgpg-error.so.0', 'libnss_files.so.2']",openat_root,openat_root_yes,393
fd393f66-c51b-44d3-bc85-0f8e2c1094dd_549564,888,openat,root,yes,6.0,6,ps,"['uptime', 'meminfo', 'proc', 'status']","['libprocps.so.8', 'libdl.so.2', 'libc.so.6', 'libsystemd.so.0', 'librt.so.1', 'liblzma.so.5', 'libzstd.so.1', 'liblz4.so.1', 'libgcrypt.so.20', 'libpthread.so.0', 'libgpg-error.so.0', 'libnss_files.so.2']",openat_root,openat_root_yes,394
fd393f66-c51b-44d3-bc85-0f8e2c1094dd_549564,888,openat,root,yes,6.0,6,ps,"['uptime', 'meminfo', 'proc', 'cmdline']","['libprocps.so.8', 'libdl.so.2', 'libc.so.6', 'libsystemd.so.0', 'librt.so.1', 'liblzma.so.5', 'libzstd.so.1', 'liblz4.so.1', 'libgcrypt.so.20', 'libpthread.so.0', 'libgpg-error.so.0', 'libnss_files.so.2']",openat_root,openat_root_yes,395
fd393f66-c51b-44d3-bc85-0f8e2c1094dd_549564,888,openat,root,yes,6.0,6,ps,"['uptime', 'meminfo', 'proc', 'stat']","['libprocps.so.8', 'libdl.so.2', 'libc.so.6', 'libsystemd.so.0', 'librt.so.1', 'liblzma.so.5', 'libzstd.so.1', 'liblz4.so.1', 'libgcrypt.so.20', 'libpthread.so.0', 'libgpg-error.so.0', 'libnss_files.so.2']",openat_root,openat_root_yes,396
fd393f66-c51b-44d3-bc85-0f8e2c1094dd_549564,888,openat,root,yes,6.0,6,ps,"['uptime', 'meminfo', 'proc', 'status']","['libprocps.so.8', 'libdl.so.2', 'libc.so.6', 'libsystemd.so.0', 'librt.so.1', 'liblzma.so.5', 'libzstd.so.1', 'liblz4.so.1', 'libgcrypt.so.20', 'libpthread.so.0', 'libgpg-error.so.0', 'libnss_files.so.2']",openat_root,openat_root_yes,397
fd393f66-c51b-44d3-bc85-0f8e2c1094dd_549564,888,openat,root,yes,6.0,6,ps,"['uptime', 'meminfo', 'proc', 'cmdline']","['libprocps.so.8', 'libdl.so.2', 'libc.so.6', 'libsystemd.so.0', 'librt.so.1', 'liblzma.so.5', 'libzstd.so.1', 'liblz4.so.1', 'libgcrypt.so.20', 'libpthread.so.0', 'libgpg-error.so.0', 'libnss_files.so.2']",openat_root,openat_root_yes,398
fd393f66-c51b-44d3-bc85-0f8e2c1094dd_549564,888,openat,root,yes,6.0,6,ps,"['uptime', 'meminfo', 'proc', 'stat']","['libprocps.so.8', 'libdl.so.2', 'libc.so.6', 'libsystemd.so.0', 'librt.so.1', 'liblzma.so.5', 'libzstd.so.1', 'liblz4.so.1', 'libgcrypt.so.20', 'libpthread.so.0', 'libgpg-error.so.0', 'libnss_files.so.2']",openat_root,openat_root_yes,399
fd393f66-c51b-44d3-bc85-0f8e2c1094dd_549564,888,openat,root,yes,6.0,6,ps,"['uptime', 'meminfo', 'proc', 'status']","['libprocps.so.8', 'libdl.so.2', 'libc.so.6', 'libsystemd.so.0', 'librt.so.1', 'liblzma.so.5', 'libzstd.so.1', 'liblz4.so.1', 'libgcrypt.so.20', 'libpthread.so.0', 'libgpg-error.so.0', 'libnss_files.so.2']",openat_root,openat_root_yes,400
fd393f66-c51b-44d3-bc85-0f8e2c1094dd_549564,892,close,root,yes,0.0,0,ps,"['uptime', 'meminfo', 'proc']","['libprocps.so.8', 'libdl.so.2', 'libc.so.6', 'libsystemd.so.0', 'librt.so.1', 'liblzma.so.5', 'libzstd.so.1', 'liblz4.so.1', 'libgcrypt.so.20', 'libpthread.so.0', 'libgpg-error.so.0', 'libnss_files.so.2']",close_root,close_root_yes,401
fd393f66-c51b-44d3-bc85-0f8e2c1094dd_549564,892,openat,root,yes,6.0,6,ps,"['uptime', 'meminfo', 'proc', 'cmdline']","['libprocps.so.8', 'libdl.so.2', 'libc.so.6', 'libsystemd.so.0', 'librt.so.1', 'liblzma.so.5', 'libzstd.so.1', 'liblz4.so.1', 'libgcrypt.so.20', 'libpthread.so.0', 'libgpg-error.so.0', 'libnss_files.so.2']",openat_root,openat_root_yes,402
fd393f66-c51b-44d3-bc85-0f8e2c1094dd_549564,892,openat,root,yes,6.0,6,ps,"['uptime', 'meminfo', 'proc', 'stat']","['libprocps.so.8', 'libdl.so.2', 'libc.so.6', 'libsystemd.so.0', 'librt.so.1', 'liblzma.so.5', 'libzstd.so.1', 'liblz4.so.1', 'libgcrypt.so.20', 'libpthread.so.0', 'libgpg-error.so.0', 'libnss_files.so.2']",openat_root,openat_root_yes,403
fd393f66-c51b-44d3-bc85-0f8e2c1094dd_549564,892,openat,root,yes,6.0,6,ps,"['uptime', 'meminfo', 'proc', 'status']","['libprocps.so.8', 'libdl.so.2', 'libc.so.6', 'libsystemd.so.0', 'librt.so.1', 'liblzma.so.5', 'libzstd.so.1', 'liblz4.so.1', 'libgcrypt.so.20', 'libpthread.so.0', 'libgpg-error.so.0', 'libnss_files.so.2']",openat_root,openat_root_yes,404
fd393f66-c51b-44d3-bc85-0f8e2c1094dd_549564,892,openat,root,yes,6.0,6,ps,"['uptime', 'meminfo', 'proc', 'cmdline']","['libprocps.so.8', 'libdl.so.2', 'libc.so.6', 'libsystemd.so.0', 'librt.so.1', 'liblzma.so.5', 'libzstd.so.1', 'liblz4.so.1', 'libgcrypt.so.20', 'libpthread.so.0', 'libgpg-error.so.0', 'libnss_files.so.2']",openat_root,openat_root_yes,405
fd393f66-c51b-44d3-bc85-0f8e2c1094dd_549564,892,openat,root,yes,6.0,6,ps,"['uptime', 'meminfo', 'proc', 'stat']","['libprocps.so.8', 'libdl.so.2', 'libc.so.6', 'libsystemd.so.0', 'librt.so.1', 'liblzma.so.5', 'libzstd.so.1', 'liblz4.so.1', 'libgcrypt.so.20', 'libpthread.so.0', 'libgpg-error.so.0', 'libnss_files.so.2']",openat_root,openat_root_yes,406
fd393f66-c51b-44d3-bc85-0f8e2c1094dd_549564,892,openat,root,yes,6.0,6,ps,"['uptime', 'meminfo', 'proc', 'status']","['libprocps.so.8', 'libdl.so.2', 'libc.so.6', 'libsystemd.so.0', 'librt.so.1', 'liblzma.so.5', 'libzstd.so.1', 'liblz4.so.1', 'libgcrypt.so.20', 'libpthread.so.0', 'libgpg-error.so.0', 'libnss_files.so.2']",openat_root,openat_root_yes,407
fd393f66-c51b-44d3-bc85-0f8e2c1094dd_549564,892,openat,root,yes,6.0,6,ps,"['uptime', 'meminfo', 'proc', 'cmdline']","['libprocps.so.8', 'libdl.so.2', 'libc.so.6', 'libsystemd.so.0', 'librt.so.1', 'liblzma.so.5', 'libzstd.so.1', 'liblz4.so.1', 'libgcrypt.so.20', 'libpthread.so.0', 'libgpg-error.so.0', 'libnss_files.so.2']",openat_root,openat_root_yes,408
fd393f66-c51b-44d3-bc85-0f8e2c1094dd_549564,896,openat,root,yes,6.0,6,ps,"['uptime', 'meminfo', 'proc', 'stat']","['libprocps.so.8', 'libdl.so.2', 'libc.so.6', 'libsystemd.so.0', 'librt.so.1', 'liblzma.so.5', 'libzstd.so.1', 'liblz4.so.1', 'libgcrypt.so.20', 'libpthread.so.0', 'libgpg-error.so.0', 'libnss_files.so.2']",openat_root,openat_root_yes,409
fd393f66-c51b-44d3-bc85-0f8e2c1094dd_549564,896,close,root,yes,0.0,0,ps,"['uptime', 'meminfo', 'proc']","['libprocps.so.8', 'libdl.so.2', 'libc.so.6', 'libsystemd.so.0', 'librt.so.1', 'liblzma.so.5', 'libzstd.so.1', 'liblz4.so.1', 'libgcrypt.so.20', 'libpthread.so.0', 'libgpg-error.so.0', 'libnss_files.so.2']",close_root,close_root_yes,410
fd393f66-c51b-44d3-bc85-0f8e2c1094dd_549564,896,openat,root,yes,6.0,6,ps,"['uptime', 'meminfo', 'proc', 'status']","['libprocps.so.8', 'libdl.so.2', 'libc.so.6', 'libsystemd.so.0', 'librt.so.1', 'liblzma.so.5', 'libzstd.so.1', 'liblz4.so.1', 'libgcrypt.so.20', 'libpthread.so.0', 'libgpg-error.so.0', 'libnss_files.so.2']",openat_root,openat_root_yes,411
fd393f66-c51b-44d3-bc85-0f8e2c1094dd_549564,896,openat,root,yes,6.0,6,ps,"['uptime', 'meminfo', 'proc', 'cmdline']","['libprocps.so.8', 'libdl.so.2', 'libc.so.6', 'libsystemd.so.0', 'librt.so.1', 'liblzma.so.5', 'libzstd.so.1', 'liblz4.so.1', 'libgcrypt.so.20', 'libpthread.so.0', 'libgpg-error.so.0', 'libnss_files.so.2']",openat_root,openat_root_yes,412
fd393f66-c51b-44d3-bc85-0f8e2c1094dd_549564,896,openat,root,yes,6.0,6,ps,"['uptime', 'meminfo', 'proc', 'stat']","['libprocps.so.8', 'libdl.so.2', 'libc.so.6', 'libsystemd.so.0', 'librt.so.1', 'liblzma.so.5', 'libzstd.so.1', 'liblz4.so.1', 'libgcrypt.so.20', 'libpthread.so.0', 'libgpg-error.so.0', 'libnss_files.so.2']",openat_root,openat_root_yes,413
fd393f66-c51b-44d3-bc85-0f8e2c1094dd_549564,896,openat,root,yes,6.0,6,ps,"['uptime', 'meminfo', 'proc', 'status']","['libprocps.so.8', 'libdl.so.2', 'libc.so.6', 'libsystemd.so.0', 'librt.so.1', 'liblzma.so.5', 'libzstd.so.1', 'liblz4.so.1', 'libgcrypt.so.20', 'libpthread.so.0', 'libgpg-error.so.0', 'libnss_files.so.2']",openat_root,openat_root_yes,414
fd393f66-c51b-44d3-bc85-0f8e2c1094dd_549564,896,openat,root,yes,6.0,6,ps,"['uptime', 'meminfo', 'proc', 'cmdline']","['libprocps.so.8', 'libdl.so.2', 'libc.so.6', 'libsystemd.so.0', 'librt.so.1', 'liblzma.so.5', 'libzstd.so.1', 'liblz4.so.1', 'libgcrypt.so.20', 'libpthread.so.0', 'libgpg-error.so.0', 'libnss_files.so.2']",openat_root,openat_root_yes,415
fd393f66-c51b-44d3-bc85-0f8e2c1094dd_549564,896,openat,root,yes,6.0,6,ps,"['uptime', 'meminfo', 'proc', 'stat']","['libprocps.so.8', 'libdl.so.2', 'libc.so.6', 'libsystemd.so.0', 'librt.so.1', 'liblzma.so.5', 'libzstd.so.1', 'liblz4.so.1', 'libgcrypt.so.20', 'libpthread.so.0', 'libgpg-error.so.0', 'libnss_files.so.2']",openat_root,openat_root_yes,416
fd393f66-c51b-44d3-bc85-0f8e2c1094dd_549564,896,openat,root,yes,6.0,6,ps,"['uptime', 'meminfo', 'proc', 'status']","['libprocps.so.8', 'libdl.so.2', 'libc.so.6', 'libsystemd.so.0', 'librt.so.1', 'liblzma.so.5', 'libzstd.so.1', 'liblz4.so.1', 'libgcrypt.so.20', 'libpthread.so.0', 'libgpg-error.so.0', 'libnss_files.so.2']",openat_root,openat_root_yes,417
fd393f66-c51b-44d3-bc85-0f8e2c1094dd_549564,896,openat,root,yes,6.0,6,ps,"['uptime', 'meminfo', 'proc', 'cmdline']","['libprocps.so.8', 'libdl.so.2', 'libc.so.6', 'libsystemd.so.0', 'librt.so.1', 'liblzma.so.5', 'libzstd.so.1', 'liblz4.so.1', 'libgcrypt.so.20', 'libpthread.so.0', 'libgpg-error.so.0', 'libnss_files.so.2']",openat_root,openat_root_yes,418
fd393f66-c51b-44d3-bc85-0f8e2c1094dd_549564,896,openat,root,yes,6.0,6,ps,"['uptime', 'meminfo', 'proc', 'stat']","['libprocps.so.8', 'libdl.so.2', 'libc.so.6', 'libsystemd.so.0', 'librt.so.1', 'liblzma.so.5', 'libzstd.so.1', 'liblz4.so.1', 'libgcrypt.so.20', 'libpthread.so.0', 'libgpg-error.so.0', 'libnss_files.so.2']",openat_root,openat_root_yes,419
fd393f66-c51b-44d3-bc85-0f8e2c1094dd_549564,900,close,root,yes,0.0,0,ps,"['uptime', 'meminfo', 'proc']","['libprocps.so.8', 'libdl.so.2', 'libc.so.6', 'libsystemd.so.0', 'librt.so.1', 'liblzma.so.5', 'libzstd.so.1', 'liblz4.so.1', 'libgcrypt.so.20', 'libpthread.so.0', 'libgpg-error.so.0', 'libnss_files.so.2']",close_root,close_root_yes,420
fd393f66-c51b-44d3-bc85-0f8e2c1094dd_549564,900,openat,root,yes,6.0,6,ps,"['uptime', 'meminfo', 'proc', 'status']","['libprocps.so.8', 'libdl.so.2', 'libc.so.6', 'libsystemd.so.0', 'librt.so.1', 'liblzma.so.5', 'libzstd.so.1', 'liblz4.so.1', 'libgcrypt.so.20', 'libpthread.so.0', 'libgpg-error.so.0', 'libnss_files.so.2']",openat_root,openat_root_yes,421
fd393f66-c51b-44d3-bc85-0f8e2c1094dd_549564,900,openat,root,yes,6.0,6,ps,"['uptime', 'meminfo', 'proc', 'cmdline']","['libprocps.so.8', 'libdl.so.2', 'libc.so.6', 'libsystemd.so.0', 'librt.so.1', 'liblzma.so.5', 'libzstd.so.1', 'liblz4.so.1', 'libgcrypt.so.20', 'libpthread.so.0', 'libgpg-error.so.0', 'libnss_files.so.2']",openat_root,openat_root_yes,422
fd393f66-c51b-44d3-bc85-0f8e2c1094dd_549564,900,openat,root,yes,6.0,6,ps,"['uptime', 'meminfo', 'proc', 'stat']","['libprocps.so.8', 'libdl.so.2', 'libc.so.6', 'libsystemd.so.0', 'librt.so.1', 'liblzma.so.5', 'libzstd.so.1', 'liblz4.so.1', 'libgcrypt.so.20', 'libpthread.so.0', 'libgpg-error.so.0', 'libnss_files.so.2']",openat_root,openat_root_yes,423
fd393f66-c51b-44d3-bc85-0f8e2c1094dd_549564,900,openat,root,yes,6.0,6,ps,"['uptime', 'meminfo', 'proc', 'status']","['libprocps.so.8', 'libdl.so.2', 'libc.so.6', 'libsystemd.so.0', 'librt.so.1', 'liblzma.so.5', 'libzstd.so.1', 'liblz4.so.1', 'libgcrypt.so.20', 'libpthread.so.0', 'libgpg-error.so.0', 'libnss_files.so.2']",openat_root,openat_root_yes,424
fd393f66-c51b-44d3-bc85-0f8e2c1094dd_549564,900,openat,root,yes,6.0,6,ps,"['uptime', 'meminfo', 'proc', 'cmdline']","['libprocps.so.8', 'libdl.so.2', 'libc.so.6', 'libsystemd.so.0', 'librt.so.1', 'liblzma.so.5', 'libzstd.so.1', 'liblz4.so.1', 'libgcrypt.so.20', 'libpthread.so.0', 'libgpg-error.so.0', 'libnss_files.so.2']",openat_root,openat_root_yes,425
fd393f66-c51b-44d3-bc85-0f8e2c1094dd_549564,900,openat,root,yes,6.0,6,ps,"['uptime', 'meminfo', 'proc', 'stat']","['libprocps.so.8', 'libdl.so.2', 'libc.so.6', 'libsystemd.so.0', 'librt.so.1', 'liblzma.so.5', 'libzstd.so.1', 'liblz4.so.1', 'libgcrypt.so.20', 'libpthread.so.0', 'libgpg-error.so.0', 'libnss_files.so.2']",openat_root,openat_root_yes,426
fd393f66-c51b-44d3-bc85-0f8e2c1094dd_549564,900,openat,root,yes,6.0,6,ps,"['uptime', 'meminfo', 'proc', 'status']","['libprocps.so.8', 'libdl.so.2', 'libc.so.6', 'libsystemd.so.0', 'librt.so.1', 'liblzma.so.5', 'libzstd.so.1', 'liblz4.so.1', 'libgcrypt.so.20', 'libpthread.so.0', 'libgpg-error.so.0', 'libnss_files.so.2']",openat_root,openat_root_yes,427
fd393f66-c51b-44d3-bc85-0f8e2c1094dd_549564,900,openat,root,yes,6.0,6,ps,"['uptime', 'meminfo', 'proc', 'cmdline']","['libprocps.so.8', 'libdl.so.2', 'libc.so.6', 'libsystemd.so.0', 'librt.so.1', 'liblzma.so.5', 'libzstd.so.1', 'liblz4.so.1', 'libgcrypt.so.20', 'libpthread.so.0', 'libgpg-error.so.0', 'libnss_files.so.2']",openat_root,openat_root_yes,428
fd393f66-c51b-44d3-bc85-0f8e2c1094dd_549564,900,openat,root,yes,6.0,6,ps,"['uptime', 'meminfo', 'proc', 'stat']","['libprocps.so.8', 'libdl.so.2', 'libc.so.6', 'libsystemd.so.0', 'librt.so.1', 'liblzma.so.5', 'libzstd.so.1', 'liblz4.so.1', 'libgcrypt.so.20', 'libpthread.so.0', 'libgpg-error.so.0', 'libnss_files.so.2']",openat_root,openat_root_yes,429
fd393f66-c51b-44d3-bc85-0f8e2c1094dd_549564,900,openat,root,yes,6.0,6,ps,"['uptime', 'meminfo', 'proc', 'status']","['libprocps.so.8', 'libdl.so.2', 'libc.so.6', 'libsystemd.so.0', 'librt.so.1', 'liblzma.so.5', 'libzstd.so.1', 'liblz4.so.1', 'libgcrypt.so.20', 'libpthread.so.0', 'libgpg-error.so.0', 'libnss_files.so.2']",openat_root,openat_root_yes,430
fd393f66-c51b-44d3-bc85-0f8e2c1094dd_549564,900,openat,root,yes,6.0,6,ps,"['uptime', 'meminfo', 'proc', 'cmdline']","['libprocps.so.8', 'libdl.so.2', 'libc.so.6', 'libsystemd.so.0', 'librt.so.1', 'liblzma.so.5', 'libzstd.so.1', 'liblz4.so.1', 'libgcrypt.so.20', 'libpthread.so.0', 'libgpg-error.so.0', 'libnss_files.so.2']",openat_root,openat_root_yes,431
fd393f66-c51b-44d3-bc85-0f8e2c1094dd_549564,904,close,root,yes,0.0,0,ps,"['uptime', 'meminfo', 'proc']","['libprocps.so.8', 'libdl.so.2', 'libc.so.6', 'libsystemd.so.0', 'librt.so.1', 'liblzma.so.5', 'libzstd.so.1', 'liblz4.so.1', 'libgcrypt.so.20', 'libpthread.so.0', 'libgpg-error.so.0', 'libnss_files.so.2']",close_root,close_root_yes,432
fd393f66-c51b-44d3-bc85-0f8e2c1094dd_549564,904,openat,root,yes,6.0,6,ps,"['uptime', 'meminfo', 'proc', 'stat']","['libprocps.so.8', 'libdl.so.2', 'libc.so.6', 'libsystemd.so.0', 'librt.so.1', 'liblzma.so.5', 'libzstd.so.1', 'liblz4.so.1', 'libgcrypt.so.20', 'libpthread.so.0', 'libgpg-error.so.0', 'libnss_files.so.2']",openat_root,openat_root_yes,433
fd393f66-c51b-44d3-bc85-0f8e2c1094dd_549564,904,openat,root,yes,6.0,6,ps,"['uptime', 'meminfo', 'proc', 'status']","['libprocps.so.8', 'libdl.so.2', 'libc.so.6', 'libsystemd.so.0', 'librt.so.1', 'liblzma.so.5', 'libzstd.so.1', 'liblz4.so.1', 'libgcrypt.so.20', 'libpthread.so.0', 'libgpg-error.so.0', 'libnss_files.so.2']",openat_root,openat_root_yes,434
fd393f66-c51b-44d3-bc85-0f8e2c1094dd_549564,904,openat,root,yes,6.0,6,ps,"['uptime', 'meminfo', 'proc', 'cmdline']","['libprocps.so.8', 'libdl.so.2', 'libc.so.6', 'libsystemd.so.0', 'librt.so.1', 'liblzma.so.5', 'libzstd.so.1', 'liblz4.so.1', 'libgcrypt.so.20', 'libpthread.so.0', 'libgpg-error.so.0', 'libnss_files.so.2']",openat_root,openat_root_yes,435
fd393f66-c51b-44d3-bc85-0f8e2c1094dd_549564,904,openat,root,yes,6.0,6,ps,"['uptime', 'meminfo', 'proc', 'stat']","['libprocps.so.8', 'libdl.so.2', 'libc.so.6', 'libsystemd.so.0', 'librt.so.1', 'liblzma.so.5', 'libzstd.so.1', 'liblz4.so.1', 'libgcrypt.so.20', 'libpthread.so.0', 'libgpg-error.so.0', 'libnss_files.so.2']",openat_root,openat_root_yes,436
fd393f66-c51b-44d3-bc85-0f8e2c1094dd_549564,904,openat,root,yes,6.0,6,ps,"['uptime', 'meminfo', 'proc', 'status']","['libprocps.so.8', 'libdl.so.2', 'libc.so.6', 'libsystemd.so.0', 'librt.so.1', 'liblzma.so.5', 'libzstd.so.1', 'liblz4.so.1', 'libgcrypt.so.20', 'libpthread.so.0', 'libgpg-error.so.0', 'libnss_files.so.2']",openat_root,openat_root_yes,437
fd393f66-c51b-44d3-bc85-0f8e2c1094dd_549564,904,openat,root,yes,6.0,6,ps,"['uptime', 'meminfo', 'proc', 'cmdline']","['libprocps.so.8', 'libdl.so.2', 'libc.so.6', 'libsystemd.so.0', 'librt.so.1', 'liblzma.so.5', 'libzstd.so.1', 'liblz4.so.1', 'libgcrypt.so.20', 'libpthread.so.0', 'libgpg-error.so.0', 'libnss_files.so.2']",openat_root,openat_root_yes,438
fd393f66-c51b-44d3-bc85-0f8e2c1094dd_549564,904,openat,root,yes,6.0,6,ps,"['uptime', 'meminfo', 'proc', 'stat']","['libprocps.so.8', 'libdl.so.2', 'libc.so.6', 'libsystemd.so.0', 'librt.so.1', 'liblzma.so.5', 'libzstd.so.1', 'liblz4.so.1', 'libgcrypt.so.20', 'libpthread.so.0', 'libgpg-error.so.0', 'libnss_files.so.2']",openat_root,openat_root_yes,439
fd393f66-c51b-44d3-bc85-0f8e2c1094dd_549564,904,openat,root,yes,6.0,6,ps,"['uptime', 'meminfo', 'proc', 'status']","['libprocps.so.8', 'libdl.so.2', 'libc.so.6', 'libsystemd.so.0', 'librt.so.1', 'liblzma.so.5', 'libzstd.so.1', 'liblz4.so.1', 'libgcrypt.so.20', 'libpthread.so.0', 'libgpg-error.so.0', 'libnss_files.so.2']",openat_root,openat_root_yes,440
fd393f66-c51b-44d3-bc85-0f8e2c1094dd_549564,904,openat,root,yes,6.0,6,ps,"['uptime', 'meminfo', 'proc', 'cmdline']","['libprocps.so.8', 'libdl.so.2', 'libc.so.6', 'libsystemd.so.0', 'librt.so.1', 'liblzma.so.5', 'libzstd.so.1', 'liblz4.so.1', 'libgcrypt.so.20', 'libpthread.so.0', 'libgpg-error.so.0', 'libnss_files.so.2']",openat_root,openat_root_yes,441
fd393f66-c51b-44d3-bc85-0f8e2c1094dd_549564,908,openat,root,yes,6.0,6,ps,"['uptime', 'meminfo', 'proc', 'stat']","['libprocps.so.8', 'libdl.so.2', 'libc.so.6', 'libsystemd.so.0', 'librt.so.1', 'liblzma.so.5', 'libzstd.so.1', 'liblz4.so.1', 'libgcrypt.so.20', 'libpthread.so.0', 'libgpg-error.so.0', 'libnss_files.so.2']",openat_root,openat_root_yes,442
fd393f66-c51b-44d3-bc85-0f8e2c1094dd_549564,908,close,root,yes,0.0,0,ps,"['uptime', 'meminfo', 'proc']","['libprocps.so.8', 'libdl.so.2', 'libc.so.6', 'libsystemd.so.0', 'librt.so.1', 'liblzma.so.5', 'libzstd.so.1', 'liblz4.so.1', 'libgcrypt.so.20', 'libpthread.so.0', 'libgpg-error.so.0', 'libnss_files.so.2']",close_root,close_root_yes,443
fd393f66-c51b-44d3-bc85-0f8e2c1094dd_549564,908,openat,root,yes,6.0,6,ps,"['uptime', 'meminfo', 'proc', 'status']","['libprocps.so.8', 'libdl.so.2', 'libc.so.6', 'libsystemd.so.0', 'librt.so.1', 'liblzma.so.5', 'libzstd.so.1', 'liblz4.so.1', 'libgcrypt.so.20', 'libpthread.so.0', 'libgpg-error.so.0', 'libnss_files.so.2']",openat_root,openat_root_yes,444
fd393f66-c51b-44d3-bc85-0f8e2c1094dd_549564,908,openat,root,yes,6.0,6,ps,"['uptime', 'meminfo', 'proc', 'cmdline']","['libprocps.so.8', 'libdl.so.2', 'libc.so.6', 'libsystemd.so.0', 'librt.so.1', 'liblzma.so.5', 'libzstd.so.1', 'liblz4.so.1', 'libgcrypt.so.20', 'libpthread.so.0', 'libgpg-error.so.0', 'libnss_files.so.2']",openat_root,openat_root_yes,445
fd393f66-c51b-44d3-bc85-0f8e2c1094dd_549564,908,openat,root,yes,6.0,6,ps,"['uptime', 'meminfo', 'proc', 'stat']","['libprocps.so.8', 'libdl.so.2', 'libc.so.6', 'libsystemd.so.0', 'librt.so.1', 'liblzma.so.5', 'libzstd.so.1', 'liblz4.so.1', 'libgcrypt.so.20', 'libpthread.so.0', 'libgpg-error.so.0', 'libnss_files.so.2']",openat_root,openat_root_yes,446
fd393f66-c51b-44d3-bc85-0f8e2c1094dd_549564,908,openat,root,yes,6.0,6,ps,"['uptime', 'meminfo', 'proc', 'status']","['libprocps.so.8', 'libdl.so.2', 'libc.so.6', 'libsystemd.so.0', 'librt.so.1', 'liblzma.so.5', 'libzstd.so.1', 'liblz4.so.1', 'libgcrypt.so.20', 'libpthread.so.0', 'libgpg-error.so.0', 'libnss_files.so.2']",openat_root,openat_root_yes,447
fd393f66-c51b-44d3-bc85-0f8e2c1094dd_549564,908,openat,root,yes,6.0,6,ps,"['uptime', 'meminfo', 'proc', 'cmdline']","['libprocps.so.8', 'libdl.so.2', 'libc.so.6', 'libsystemd.so.0', 'librt.so.1', 'liblzma.so.5', 'libzstd.so.1', 'liblz4.so.1', 'libgcrypt.so.20', 'libpthread.so.0', 'libgpg-error.so.0', 'libnss_files.so.2']",openat_root,openat_root_yes,448
fd393f66-c51b-44d3-bc85-0f8e2c1094dd_549564,908,openat,root,yes,6.0,6,ps,"['uptime', 'meminfo', 'proc', 'stat']","['libprocps.so.8', 'libdl.so.2', 'libc.so.6', 'libsystemd.so.0', 'librt.so.1', 'liblzma.so.5', 'libzstd.so.1', 'liblz4.so.1', 'libgcrypt.so.20', 'libpthread.so.0', 'libgpg-error.so.0', 'libnss_files.so.2']",openat_root,openat_root_yes,449
fd393f66-c51b-44d3-bc85-0f8e2c1094dd_549564,908,openat,root,yes,6.0,6,ps,"['uptime', 'meminfo', 'proc', 'status']","['libprocps.so.8', 'libdl.so.2', 'libc.so.6', 'libsystemd.so.0', 'librt.so.1', 'liblzma.so.5', 'libzstd.so.1', 'liblz4.so.1', 'libgcrypt.so.20', 'libpthread.so.0', 'libgpg-error.so.0', 'libnss_files.so.2']",openat_root,openat_root_yes,450
fd393f66-c51b-44d3-bc85-0f8e2c1094dd_549564,908,openat,root,yes,6.0,6,ps,"['uptime', 'meminfo', 'proc', 'cmdline']","['libprocps.so.8', 'libdl.so.2', 'libc.so.6', 'libsystemd.so.0', 'librt.so.1', 'liblzma.so.5', 'libzstd.so.1', 'liblz4.so.1', 'libgcrypt.so.20', 'libpthread.so.0', 'libgpg-error.so.0', 'libnss_files.so.2']",openat_root,openat_root_yes,451
fd393f66-c51b-44d3-bc85-0f8e2c1094dd_549564,912,openat,root,yes,6.0,6,ps,"['uptime', 'meminfo', 'proc', 'stat']","['libprocps.so.8', 'libdl.so.2', 'libc.so.6', 'libsystemd.so.0', 'librt.so.1', 'liblzma.so.5', 'libzstd.so.1', 'liblz4.so.1', 'libgcrypt.so.20', 'libpthread.so.0', 'libgpg-error.so.0', 'libnss_files.so.2']",openat_root,openat_root_yes,452
fd393f66-c51b-44d3-bc85-0f8e2c1094dd_549564,912,close,root,yes,0.0,0,ps,"['uptime', 'meminfo', 'proc']","['libprocps.so.8', 'libdl.so.2', 'libc.so.6', 'libsystemd.so.0', 'librt.so.1', 'liblzma.so.5', 'libzstd.so.1', 'liblz4.so.1', 'libgcrypt.so.20', 'libpthread.so.0', 'libgpg-error.so.0', 'libnss_files.so.2']",close_root,close_root_yes,453
fd393f66-c51b-44d3-bc85-0f8e2c1094dd_549564,912,openat,root,yes,6.0,6,ps,"['uptime', 'meminfo', 'proc', 'status']","['libprocps.so.8', 'libdl.so.2', 'libc.so.6', 'libsystemd.so.0', 'librt.so.1', 'liblzma.so.5', 'libzstd.so.1', 'liblz4.so.1', 'libgcrypt.so.20', 'libpthread.so.0', 'libgpg-error.so.0', 'libnss_files.so.2']",openat_root,openat_root_yes,454
fd393f66-c51b-44d3-bc85-0f8e2c1094dd_549564,912,openat,root,yes,6.0,6,ps,"['uptime', 'meminfo', 'proc', 'cmdline']","['libprocps.so.8', 'libdl.so.2', 'libc.so.6', 'libsystemd.so.0', 'librt.so.1', 'liblzma.so.5', 'libzstd.so.1', 'liblz4.so.1', 'libgcrypt.so.20', 'libpthread.so.0', 'libgpg-error.so.0', 'libnss_files.so.2']",openat_root,openat_root_yes,455
fd393f66-c51b-44d3-bc85-0f8e2c1094dd_549564,912,openat,root,yes,6.0,6,ps,"['uptime', 'meminfo', 'proc', 'stat']","['libprocps.so.8', 'libdl.so.2', 'libc.so.6', 'libsystemd.so.0', 'librt.so.1', 'liblzma.so.5', 'libzstd.so.1', 'liblz4.so.1', 'libgcrypt.so.20', 'libpthread.so.0', 'libgpg-error.so.0', 'libnss_files.so.2']",openat_root,openat_root_yes,456
fd393f66-c51b-44d3-bc85-0f8e2c1094dd_549564,912,openat,root,yes,6.0,6,ps,"['uptime', 'meminfo', 'proc', 'status']","['libprocps.so.8', 'libdl.so.2', 'libc.so.6', 'libsystemd.so.0', 'librt.so.1', 'liblzma.so.5', 'libzstd.so.1', 'liblz4.so.1', 'libgcrypt.so.20', 'libpthread.so.0', 'libgpg-error.so.0', 'libnss_files.so.2']",openat_root,openat_root_yes,457
fd393f66-c51b-44d3-bc85-0f8e2c1094dd_549564,912,openat,root,yes,6.0,6,ps,"['uptime', 'meminfo', 'proc', 'cmdline']","['libprocps.so.8', 'libdl.so.2', 'libc.so.6', 'libsystemd.so.0', 'librt.so.1', 'liblzma.so.5', 'libzstd.so.1', 'liblz4.so.1', 'libgcrypt.so.20', 'libpthread.so.0', 'libgpg-error.so.0', 'libnss_files.so.2']",openat_root,openat_root_yes,458
fd393f66-c51b-44d3-bc85-0f8e2c1094dd_549564,912,openat,root,yes,6.0,6,ps,"['uptime', 'meminfo', 'proc', 'stat']","['libprocps.so.8', 'libdl.so.2', 'libc.so.6', 'libsystemd.so.0', 'librt.so.1', 'liblzma.so.5', 'libzstd.so.1', 'liblz4.so.1', 'libgcrypt.so.20', 'libpthread.so.0', 'libgpg-error.so.0', 'libnss_files.so.2']",openat_root,openat_root_yes,459
fd393f66-c51b-44d3-bc85-0f8e2c1094dd_549564,912,openat,root,yes,6.0,6,ps,"['uptime', 'meminfo', 'proc', 'status']","['libprocps.so.8', 'libdl.so.2', 'libc.so.6', 'libsystemd.so.0', 'librt.so.1', 'liblzma.so.5', 'libzstd.so.1', 'liblz4.so.1', 'libgcrypt.so.20', 'libpthread.so.0', 'libgpg-error.so.0', 'libnss_files.so.2']",openat_root,openat_root_yes,460
fd393f66-c51b-44d3-bc85-0f8e2c1094dd_549564,912,openat,root,yes,6.0,6,ps,"['uptime', 'meminfo', 'proc', 'cmdline']","['libprocps.so.8', 'libdl.so.2', 'libc.so.6', 'libsystemd.so.0', 'librt.so.1', 'liblzma.so.5', 'libzstd.so.1', 'liblz4.so.1', 'libgcrypt.so.20', 'libpthread.so.0', 'libgpg-error.so.0', 'libnss_files.so.2']",openat_root,openat_root_yes,461
fd393f66-c51b-44d3-bc85-0f8e2c1094dd_549564,912,openat,root,yes,6.0,6,ps,"['uptime', 'meminfo', 'proc', 'stat']","['libprocps.so.8', 'libdl.so.2', 'libc.so.6', 'libsystemd.so.0', 'librt.so.1', 'liblzma.so.5', 'libzstd.so.1', 'liblz4.so.1', 'libgcrypt.so.20', 'libpthread.so.0', 'libgpg-error.so.0', 'libnss_files.so.2']",openat_root,openat_root_yes,462
fd393f66-c51b-44d3-bc85-0f8e2c1094dd_549564,916,close,root,yes,0.0,0,ps,"['uptime', 'meminfo', 'proc']","['libprocps.so.8', 'libdl.so.2', 'libc.so.6', 'libsystemd.so.0', 'librt.so.1', 'liblzma.so.5', 'libzstd.so.1', 'liblz4.so.1', 'libgcrypt.so.20', 'libpthread.so.0', 'libgpg-error.so.0', 'libnss_files.so.2']",close_root,close_root_yes,463
fd393f66-c51b-44d3-bc85-0f8e2c1094dd_549564,916,openat,root,yes,6.0,6,ps,"['uptime', 'meminfo', 'proc', 'status']","['libprocps.so.8', 'libdl.so.2', 'libc.so.6', 'libsystemd.so.0', 'librt.so.1', 'liblzma.so.5', 'libzstd.so.1', 'liblz4.so.1', 'libgcrypt.so.20', 'libpthread.so.0', 'libgpg-error.so.0', 'libnss_files.so.2']",openat_root,openat_root_yes,464
fd393f66-c51b-44d3-bc85-0f8e2c1094dd_549564,916,openat,root,yes,6.0,6,ps,"['uptime', 'meminfo', 'proc', 'cmdline']","['libprocps.so.8', 'libdl.so.2', 'libc.so.6', 'libsystemd.so.0', 'librt.so.1', 'liblzma.so.5', 'libzstd.so.1', 'liblz4.so.1', 'libgcrypt.so.20', 'libpthread.so.0', 'libgpg-error.so.0', 'libnss_files.so.2']",openat_root,openat_root_yes,465
fd393f66-c51b-44d3-bc85-0f8e2c1094dd_549564,916,openat,root,yes,6.0,6,ps,"['uptime', 'meminfo', 'proc', 'stat']","['libprocps.so.8', 'libdl.so.2', 'libc.so.6', 'libsystemd.so.0', 'librt.so.1', 'liblzma.so.5', 'libzstd.so.1', 'liblz4.so.1', 'libgcrypt.so.20', 'libpthread.so.0', 'libgpg-error.so.0', 'libnss_files.so.2']",openat_root,openat_root_yes,466
fd393f66-c51b-44d3-bc85-0f8e2c1094dd_549564,916,openat,root,yes,6.0,6,ps,"['uptime', 'meminfo', 'proc', 'status']","['libprocps.so.8', 'libdl.so.2', 'libc.so.6', 'libsystemd.so.0', 'librt.so.1', 'liblzma.so.5', 'libzstd.so.1', 'liblz4.so.1', 'libgcrypt.so.20', 'libpthread.so.0', 'libgpg-error.so.0', 'libnss_files.so.2']",openat_root,openat_root_yes,467
fd393f66-c51b-44d3-bc85-0f8e2c1094dd_549564,916,openat,root,yes,6.0,6,ps,"['uptime', 'meminfo', 'proc', 'cmdline']","['libprocps.so.8', 'libdl.so.2', 'libc.so.6', 'libsystemd.so.0', 'librt.so.1', 'liblzma.so.5', 'libzstd.so.1', 'liblz4.so.1', 'libgcrypt.so.20', 'libpthread.so.0', 'libgpg-error.so.0', 'libnss_files.so.2']",openat_root,openat_root_yes,468
fd393f66-c51b-44d3-bc85-0f8e2c1094dd_549564,916,openat,root,yes,6.0,6,ps,"['uptime', 'meminfo', 'proc', 'stat']","['libprocps.so.8', 'libdl.so.2', 'libc.so.6', 'libsystemd.so.0', 'librt.so.1', 'liblzma.so.5', 'libzstd.so.1', 'liblz4.so.1', 'libgcrypt.so.20', 'libpthread.so.0', 'libgpg-error.so.0', 'libnss_files.so.2']",openat_root,openat_root_yes,469
fd393f66-c51b-44d3-bc85-0f8e2c1094dd_549564,916,openat,root,yes,6.0,6,ps,"['uptime', 'meminfo', 'proc', 'status']","['libprocps.so.8', 'libdl.so.2', 'libc.so.6', 'libsystemd.so.0', 'librt.so.1', 'liblzma.so.5', 'libzstd.so.1', 'liblz4.so.1', 'libgcrypt.so.20', 'libpthread.so.0', 'libgpg-error.so.0', 'libnss_files.so.2']",openat_root,openat_root_yes,470
fd393f66-c51b-44d3-bc85-0f8e2c1094dd_549564,916,openat,root,yes,6.0,6,ps,"['uptime', 'meminfo', 'proc', 'cmdline']","['libprocps.so.8', 'libdl.so.2', 'libc.so.6', 'libsystemd.so.0', 'librt.so.1', 'liblzma.so.5', 'libzstd.so.1', 'liblz4.so.1', 'libgcrypt.so.20', 'libpthread.so.0', 'libgpg-error.so.0', 'libnss_files.so.2']",openat_root,openat_root_yes,471
fd393f66-c51b-44d3-bc85-0f8e2c1094dd_549564,916,openat,root,yes,6.0,6,ps,"['uptime', 'meminfo', 'proc', 'stat']","['libprocps.so.8', 'libdl.so.2', 'libc.so.6', 'libsystemd.so.0', 'librt.so.1', 'liblzma.so.5', 'libzstd.so.1', 'liblz4.so.1', 'libgcrypt.so.20', 'libpthread.so.0', 'libgpg-error.so.0', 'libnss_files.so.2']",openat_root,openat_root_yes,472
fd393f66-c51b-44d3-bc85-0f8e2c1094dd_549564,920,close,root,yes,0.0,0,ps,"['uptime', 'meminfo', 'proc']","['libprocps.so.8', 'libdl.so.2', 'libc.so.6', 'libsystemd.so.0', 'librt.so.1', 'liblzma.so.5', 'libzstd.so.1', 'liblz4.so.1', 'libgcrypt.so.20', 'libpthread.so.0', 'libgpg-error.so.0', 'libnss_files.so.2']",close_root,close_root_yes,473
fd393f66-c51b-44d3-bc85-0f8e2c1094dd_549564,920,openat,root,yes,6.0,6,ps,"['uptime', 'meminfo', 'proc', 'status']","['libprocps.so.8', 'libdl.so.2', 'libc.so.6', 'libsystemd.so.0', 'librt.so.1', 'liblzma.so.5', 'libzstd.so.1', 'liblz4.so.1', 'libgcrypt.so.20', 'libpthread.so.0', 'libgpg-error.so.0', 'libnss_files.so.2']",openat_root,openat_root_yes,474
fd393f66-c51b-44d3-bc85-0f8e2c1094dd_549564,920,openat,root,yes,6.0,6,ps,"['uptime', 'meminfo', 'proc', 'cmdline']","['libprocps.so.8', 'libdl.so.2', 'libc.so.6', 'libsystemd.so.0', 'librt.so.1', 'liblzma.so.5', 'libzstd.so.1', 'liblz4.so.1', 'libgcrypt.so.20', 'libpthread.so.0', 'libgpg-error.so.0', 'libnss_files.so.2']",openat_root,openat_root_yes,475
fd393f66-c51b-44d3-bc85-0f8e2c1094dd_549564,920,openat,root,yes,6.0,6,ps,"['uptime', 'meminfo', 'proc', 'stat']","['libprocps.so.8', 'libdl.so.2', 'libc.so.6', 'libsystemd.so.0', 'librt.so.1', 'liblzma.so.5', 'libzstd.so.1', 'liblz4.so.1', 'libgcrypt.so.20', 'libpthread.so.0', 'libgpg-error.so.0', 'libnss_files.so.2']",openat_root,openat_root_yes,476
fd393f66-c51b-44d3-bc85-0f8e2c1094dd_549564,920,openat,root,yes,6.0,6,ps,"['uptime', 'meminfo', 'proc', 'status']","['libprocps.so.8', 'libdl.so.2', 'libc.so.6', 'libsystemd.so.0', 'librt.so.1', 'liblzma.so.5', 'libzstd.so.1', 'liblz4.so.1', 'libgcrypt.so.20', 'libpthread.so.0', 'libgpg-error.so.0', 'libnss_files.so.2']",openat_root,openat_root_yes,477
fd393f66-c51b-44d3-bc85-0f8e2c1094dd_549564,920,openat,root,yes,6.0,6,ps,"['uptime', 'meminfo', 'proc', 'cmdline']","['libprocps.so.8', 'libdl.so.2', 'libc.so.6', 'libsystemd.so.0', 'librt.so.1', 'liblzma.so.5', 'libzstd.so.1', 'liblz4.so.1', 'libgcrypt.so.20', 'libpthread.so.0', 'libgpg-error.so.0', 'libnss_files.so.2']",openat_root,openat_root_yes,478
fd393f66-c51b-44d3-bc85-0f8e2c1094dd_549564,920,openat,root,yes,6.0,6,ps,"['uptime', 'meminfo', 'proc', 'stat']","['libprocps.so.8', 'libdl.so.2', 'libc.so.6', 'libsystemd.so.0', 'librt.so.1', 'liblzma.so.5', 'libzstd.so.1', 'liblz4.so.1', 'libgcrypt.so.20', 'libpthread.so.0', 'libgpg-error.so.0', 'libnss_files.so.2']",openat_root,openat_root_yes,479
fd393f66-c51b-44d3-bc85-0f8e2c1094dd_549564,920,openat,root,yes,6.0,6,ps,"['uptime', 'meminfo', 'proc', 'status']","['libprocps.so.8', 'libdl.so.2', 'libc.so.6', 'libsystemd.so.0', 'librt.so.1', 'liblzma.so.5', 'libzstd.so.1', 'liblz4.so.1', 'libgcrypt.so.20', 'libpthread.so.0', 'libgpg-error.so.0', 'libnss_files.so.2']",openat_root,openat_root_yes,480
fd393f66-c51b-44d3-bc85-0f8e2c1094dd_549564,920,openat,root,yes,6.0,6,ps,"['uptime', 'meminfo', 'proc', 'cmdline']","['libprocps.so.8', 'libdl.so.2', 'libc.so.6', 'libsystemd.so.0', 'librt.so.1', 'liblzma.so.5', 'libzstd.so.1', 'liblz4.so.1', 'libgcrypt.so.20', 'libpthread.so.0', 'libgpg-error.so.0', 'libnss_files.so.2']",openat_root,openat_root_yes,481
fd393f66-c51b-44d3-bc85-0f8e2c1094dd_549564,920,openat,root,yes,6.0,6,ps,"['uptime', 'meminfo', 'proc', 'stat']","['libprocps.so.8', 'libdl.so.2', 'libc.so.6', 'libsystemd.so.0', 'librt.so.1', 'liblzma.so.5', 'libzstd.so.1', 'liblz4.so.1', 'libgcrypt.so.20', 'libpthread.so.0', 'libgpg-error.so.0', 'libnss_files.so.2']",openat_root,openat_root_yes,482
fd393f66-c51b-44d3-bc85-0f8e2c1094dd_549564,920,openat,root,yes,6.0,6,ps,"['uptime', 'meminfo', 'proc', 'status']","['libprocps.so.8', 'libdl.so.2', 'libc.so.6', 'libsystemd.so.0', 'librt.so.1', 'liblzma.so.5', 'libzstd.so.1', 'liblz4.so.1', 'libgcrypt.so.20', 'libpthread.so.0', 'libgpg-error.so.0', 'libnss_files.so.2']",openat_root,openat_root_yes,483
fd393f66-c51b-44d3-bc85-0f8e2c1094dd_549564,920,openat,root,yes,6.0,6,ps,"['uptime', 'meminfo', 'proc', 'cmdline']","['libprocps.so.8', 'libdl.so.2', 'libc.so.6', 'libsystemd.so.0', 'librt.so.1', 'liblzma.so.5', 'libzstd.so.1', 'liblz4.so.1', 'libgcrypt.so.20', 'libpthread.so.0', 'libgpg-error.so.0', 'libnss_files.so.2']",openat_root,openat_root_yes,484
fd393f66-c51b-44d3-bc85-0f8e2c1094dd_549564,920,openat,root,yes,6.0,6,ps,"['uptime', 'meminfo', 'proc', 'stat']","['libprocps.so.8', 'libdl.so.2', 'libc.so.6', 'libsystemd.so.0', 'librt.so.1', 'liblzma.so.5', 'libzstd.so.1', 'liblz4.so.1', 'libgcrypt.so.20', 'libpthread.so.0', 'libgpg-error.so.0', 'libnss_files.so.2']",openat_root,openat_root_yes,485
fd393f66-c51b-44d3-bc85-0f8e2c1094dd_549564,920,openat,root,yes,6.0,6,ps,"['uptime', 'meminfo', 'proc', 'status']","['libprocps.so.8', 'libdl.so.2', 'libc.so.6', 'libsystemd.so.0', 'librt.so.1', 'liblzma.so.5', 'libzstd.so.1', 'liblz4.so.1', 'libgcrypt.so.20', 'libpthread.so.0', 'libgpg-error.so.0', 'libnss_files.so.2']",openat_root,openat_root_yes,486
fd393f66-c51b-44d3-bc85-0f8e2c1094dd_549564,920,openat,root,yes,6.0,6,ps,"['uptime', 'meminfo', 'proc', 'cmdline']","['libprocps.so.8', 'libdl.so.2', 'libc.so.6', 'libsystemd.so.0', 'librt.so.1', 'liblzma.so.5', 'libzstd.so.1', 'liblz4.so.1', 'libgcrypt.so.20', 'libpthread.so.0', 'libgpg-error.so.0', 'libnss_files.so.2']",openat_root,openat_root_yes,487
fd393f66-c51b-44d3-bc85-0f8e2c1094dd_549564,920,openat,root,yes,6.0,6,ps,"['uptime', 'meminfo', 'proc', 'stat']","['libprocps.so.8', 'libdl.so.2', 'libc.so.6', 'libsystemd.so.0', 'librt.so.1', 'liblzma.so.5', 'libzstd.so.1', 'liblz4.so.1', 'libgcrypt.so.20', 'libpthread.so.0', 'libgpg-error.so.0', 'libnss_files.so.2']",openat_root,openat_root_yes,488
fd393f66-c51b-44d3-bc85-0f8e2c1094dd_549564,924,openat,root,yes,6.0,6,ps,"['uptime', 'meminfo', 'proc', 'status']","['libprocps.so.8', 'libdl.so.2', 'libc.so.6', 'libsystemd.so.0', 'librt.so.1', 'liblzma.so.5', 'libzstd.so.1', 'liblz4.so.1', 'libgcrypt.so.20', 'libpthread.so.0', 'libgpg-error.so.0', 'libnss_files.so.2']",openat_root,openat_root_yes,489
fd393f66-c51b-44d3-bc85-0f8e2c1094dd_549564,924,close,root,yes,0.0,0,ps,"['uptime', 'meminfo', 'proc']","['libprocps.so.8', 'libdl.so.2', 'libc.so.6', 'libsystemd.so.0', 'librt.so.1', 'liblzma.so.5', 'libzstd.so.1', 'liblz4.so.1', 'libgcrypt.so.20', 'libpthread.so.0', 'libgpg-error.so.0', 'libnss_files.so.2']",close_root,close_root_yes,490
fd393f66-c51b-44d3-bc85-0f8e2c1094dd_549564,924,openat,root,yes,6.0,6,ps,"['uptime', 'meminfo', 'proc', 'cmdline']","['libprocps.so.8', 'libdl.so.2', 'libc.so.6', 'libsystemd.so.0', 'librt.so.1', 'liblzma.so.5', 'libzstd.so.1', 'liblz4.so.1', 'libgcrypt.so.20', 'libpthread.so.0', 'libgpg-error.so.0', 'libnss_files.so.2']",openat_root,openat_root_yes,491
fd393f66-c51b-44d3-bc85-0f8e2c1094dd_549564,924,openat,root,yes,6.0,6,ps,"['uptime', 'meminfo', 'proc', 'stat']","['libprocps.so.8', 'libdl.so.2', 'libc.so.6', 'libsystemd.so.0', 'librt.so.1', 'liblzma.so.5', 'libzstd.so.1', 'liblz4.so.1', 'libgcrypt.so.20', 'libpthread.so.0', 'libgpg-error.so.0', 'libnss_files.so.2']",openat_root,openat_root_yes,492
fd393f66-c51b-44d3-bc85-0f8e2c1094dd_549564,924,openat,root,yes,6.0,6,ps,"['uptime', 'meminfo', 'proc', 'status']","['libprocps.so.8', 'libdl.so.2', 'libc.so.6', 'libsystemd.so.0', 'librt.so.1', 'liblzma.so.5', 'libzstd.so.1', 'liblz4.so.1', 'libgcrypt.so.20', 'libpthread.so.0', 'libgpg-error.so.0', 'libnss_files.so.2']",openat_root,openat_root_yes,493
fd393f66-c51b-44d3-bc85-0f8e2c1094dd_549564,924,openat,root,yes,6.0,6,ps,"['uptime', 'meminfo', 'proc', 'cmdline']","['libprocps.so.8', 'libdl.so.2', 'libc.so.6', 'libsystemd.so.0', 'librt.so.1', 'liblzma.so.5', 'libzstd.so.1', 'liblz4.so.1', 'libgcrypt.so.20', 'libpthread.so.0', 'libgpg-error.so.0', 'libnss_files.so.2']",openat_root,openat_root_yes,494
fd393f66-c51b-44d3-bc85-0f8e2c1094dd_549564,924,openat,root,yes,6.0,6,ps,"['uptime', 'meminfo', 'proc', 'stat']","['libprocps.so.8', 'libdl.so.2', 'libc.so.6', 'libsystemd.so.0', 'librt.so.1', 'liblzma.so.5', 'libzstd.so.1', 'liblz4.so.1', 'libgcrypt.so.20', 'libpthread.so.0', 'libgpg-error.so.0', 'libnss_files.so.2']",openat_root,openat_root_yes,495
fd393f66-c51b-44d3-bc85-0f8e2c1094dd_549564,924,openat,root,yes,6.0,6,ps,"['uptime', 'meminfo', 'proc', 'status']","['libprocps.so.8', 'libdl.so.2', 'libc.so.6', 'libsystemd.so.0', 'librt.so.1', 'liblzma.so.5', 'libzstd.so.1', 'liblz4.so.1', 'libgcrypt.so.20', 'libpthread.so.0', 'libgpg-error.so.0', 'libnss_files.so.2']",openat_root,openat_root_yes,496
fd393f66-c51b-44d3-bc85-0f8e2c1094dd_549564,924,openat,root,yes,6.0,6,ps,"['uptime', 'meminfo', 'proc', 'cmdline']","['libprocps.so.8', 'libdl.so.2', 'libc.so.6', 'libsystemd.so.0', 'librt.so.1', 'liblzma.so.5', 'libzstd.so.1', 'liblz4.so.1', 'libgcrypt.so.20', 'libpthread.so.0', 'libgpg-error.so.0', 'libnss_files.so.2']",openat_root,openat_root_yes,497
fd393f66-c51b-44d3-bc85-0f8e2c1094dd_549564,924,openat,root,yes,6.0,6,ps,"['uptime', 'meminfo', 'proc', 'stat']","['libprocps.so.8', 'libdl.so.2', 'libc.so.6', 'libsystemd.so.0', 'librt.so.1', 'liblzma.so.5', 'libzstd.so.1', 'liblz4.so.1', 'libgcrypt.so.20', 'libpthread.so.0', 'libgpg-error.so.0', 'libnss_files.so.2']",openat_root,openat_root_yes,498
fd393f66-c51b-44d3-bc85-0f8e2c1094dd_549564,924,openat,root,yes,6.0,6,ps,"['uptime', 'meminfo', 'proc', 'status']","['libprocps.so.8', 'libdl.so.2', 'libc.so.6', 'libsystemd.so.0', 'librt.so.1', 'liblzma.so.5', 'libzstd.so.1', 'liblz4.so.1', 'libgcrypt.so.20', 'libpthread.so.0', 'libgpg-error.so.0', 'libnss_files.so.2']",openat_root,openat_root_yes,499
fd393f66-c51b-44d3-bc85-0f8e2c1094dd_549564,928,openat,root,yes,6.0,6,ps,"['uptime', 'meminfo', 'proc', 'cmdline']","['libprocps.so.8', 'libdl.so.2', 'libc.so.6', 'libsystemd.so.0', 'librt.so.1', 'liblzma.so.5', 'libzstd.so.1', 'liblz4.so.1', 'libgcrypt.so.20', 'libpthread.so.0', 'libgpg-error.so.0', 'libnss_files.so.2']",openat_root,openat_root_yes,500
fd393f66-c51b-44d3-bc85-0f8e2c1094dd_549564,928,close,root,yes,0.0,0,ps,"['uptime', 'meminfo', 'proc']","['libprocps.so.8', 'libdl.so.2', 'libc.so.6', 'libsystemd.so.0', 'librt.so.1', 'liblzma.so.5', 'libzstd.so.1', 'liblz4.so.1', 'libgcrypt.so.20', 'libpthread.so.0', 'libgpg-error.so.0', 'libnss_files.so.2']",close_root,close_root_yes,501
fd393f66-c51b-44d3-bc85-0f8e2c1094dd_549564,928,openat,root,yes,6.0,6,ps,"['uptime', 'meminfo', 'proc', 'stat']","['libprocps.so.8', 'libdl.so.2', 'libc.so.6', 'libsystemd.so.0', 'librt.so.1', 'liblzma.so.5', 'libzstd.so.1', 'liblz4.so.1', 'libgcrypt.so.20', 'libpthread.so.0', 'libgpg-error.so.0', 'libnss_files.so.2']",openat_root,openat_root_yes,502
fd393f66-c51b-44d3-bc85-0f8e2c1094dd_549564,928,openat,root,yes,6.0,6,ps,"['uptime', 'meminfo', 'proc', 'status']","['libprocps.so.8', 'libdl.so.2', 'libc.so.6', 'libsystemd.so.0', 'librt.so.1', 'liblzma.so.5', 'libzstd.so.1', 'liblz4.so.1', 'libgcrypt.so.20', 'libpthread.so.0', 'libgpg-error.so.0', 'libnss_files.so.2']",openat_root,openat_root_yes,503
fd393f66-c51b-44d3-bc85-0f8e2c1094dd_549564,932,close,root,yes,0.0,0,ps,"['uptime', 'meminfo', 'proc']","['libprocps.so.8', 'libdl.so.2', 'libc.so.6', 'libsystemd.so.0', 'librt.so.1', 'liblzma.so.5', 'libzstd.so.1', 'liblz4.so.1', 'libgcrypt.so.20', 'libpthread.so.0', 'libgpg-error.so.0', 'libnss_files.so.2']",close_root,close_root_yes,504
fd393f66-c51b-44d3-bc85-0f8e2c1094dd_549564,932,openat,root,yes,6.0,6,ps,"['uptime', 'meminfo', 'proc', 'cmdline']","['libprocps.so.8', 'libdl.so.2', 'libc.so.6', 'libsystemd.so.0', 'librt.so.1', 'liblzma.so.5', 'libzstd.so.1', 'liblz4.so.1', 'libgcrypt.so.20', 'libpthread.so.0', 'libgpg-error.so.0', 'libnss_files.so.2']",openat_root,openat_root_yes,505
fd393f66-c51b-44d3-bc85-0f8e2c1094dd_549564,932,openat,root,yes,6.0,6,ps,"['uptime', 'meminfo', 'proc', 'stat']","['libprocps.so.8', 'libdl.so.2', 'libc.so.6', 'libsystemd.so.0', 'librt.so.1', 'liblzma.so.5', 'libzstd.so.1', 'liblz4.so.1', 'libgcrypt.so.20', 'libpthread.so.0', 'libgpg-error.so.0', 'libnss_files.so.2']",openat_root,openat_root_yes,506
fd393f66-c51b-44d3-bc85-0f8e2c1094dd_549564,932,openat,root,yes,6.0,6,ps,"['uptime', 'meminfo', 'proc', 'status']","['libprocps.so.8', 'libdl.so.2', 'libc.so.6', 'libsystemd.so.0', 'librt.so.1', 'liblzma.so.5', 'libzstd.so.1', 'liblz4.so.1', 'libgcrypt.so.20', 'libpthread.so.0', 'libgpg-error.so.0', 'libnss_files.so.2']",openat_root,openat_root_yes,507
fd393f66-c51b-44d3-bc85-0f8e2c1094dd_549564,932,openat,root,yes,6.0,6,ps,"['uptime', 'meminfo', 'proc', 'cmdline']","['libprocps.so.8', 'libdl.so.2', 'libc.so.6', 'libsystemd.so.0', 'librt.so.1', 'liblzma.so.5', 'libzstd.so.1', 'liblz4.so.1', 'libgcrypt.so.20', 'libpthread.so.0', 'libgpg-error.so.0', 'libnss_files.so.2']",openat_root,openat_root_yes,508
fd393f66-c51b-44d3-bc85-0f8e2c1094dd_549564,932,openat,root,yes,6.0,6,ps,"['uptime', 'meminfo', 'proc', 'stat']","['libprocps.so.8', 'libdl.so.2', 'libc.so.6', 'libsystemd.so.0', 'librt.so.1', 'liblzma.so.5', 'libzstd.so.1', 'liblz4.so.1', 'libgcrypt.so.20', 'libpthread.so.0', 'libgpg-error.so.0', 'libnss_files.so.2']",openat_root,openat_root_yes,509
fd393f66-c51b-44d3-bc85-0f8e2c1094dd_549564,932,openat,root,yes,6.0,6,ps,"['uptime', 'meminfo', 'proc', 'status']","['libprocps.so.8', 'libdl.so.2', 'libc.so.6', 'libsystemd.so.0', 'librt.so.1', 'liblzma.so.5', 'libzstd.so.1', 'liblz4.so.1', 'libgcrypt.so.20', 'libpthread.so.0', 'libgpg-error.so.0', 'libnss_files.so.2']",openat_root,openat_root_yes,510
fd393f66-c51b-44d3-bc85-0f8e2c1094dd_549564,932,openat,root,yes,6.0,6,ps,"['uptime', 'meminfo', 'proc', 'cmdline']","['libprocps.so.8', 'libdl.so.2', 'libc.so.6', 'libsystemd.so.0', 'librt.so.1', 'liblzma.so.5', 'libzstd.so.1', 'liblz4.so.1', 'libgcrypt.so.20', 'libpthread.so.0', 'libgpg-error.so.0', 'libnss_files.so.2']",openat_root,openat_root_yes,511
fd393f66-c51b-44d3-bc85-0f8e2c1094dd_549564,932,openat,root,yes,6.0,6,ps,"['uptime', 'meminfo', 'proc', 'stat']","['libprocps.so.8', 'libdl.so.2', 'libc.so.6', 'libsystemd.so.0', 'librt.so.1', 'liblzma.so.5', 'libzstd.so.1', 'liblz4.so.1', 'libgcrypt.so.20', 'libpthread.so.0', 'libgpg-error.so.0', 'libnss_files.so.2']",openat_root,openat_root_yes,512
fd393f66-c51b-44d3-bc85-0f8e2c1094dd_549564,932,openat,root,yes,6.0,6,ps,"['uptime', 'meminfo', 'proc', 'status']","['libprocps.so.8', 'libdl.so.2', 'libc.so.6', 'libsystemd.so.0', 'librt.so.1', 'liblzma.so.5', 'libzstd.so.1', 'liblz4.so.1', 'libgcrypt.so.20', 'libpthread.so.0', 'libgpg-error.so.0', 'libnss_files.so.2']",openat_root,openat_root_yes,513
fd393f66-c51b-44d3-bc85-0f8e2c1094dd_549564,936,close,root,yes,0.0,0,ps,"['uptime', 'meminfo', 'proc']","['libprocps.so.8', 'libdl.so.2', 'libc.so.6', 'libsystemd.so.0', 'librt.so.1', 'liblzma.so.5', 'libzstd.so.1', 'liblz4.so.1', 'libgcrypt.so.20', 'libpthread.so.0', 'libgpg-error.so.0', 'libnss_files.so.2']",close_root,close_root_yes,514
fd393f66-c51b-44d3-bc85-0f8e2c1094dd_549564,936,openat,root,yes,6.0,6,ps,"['uptime', 'meminfo', 'proc', 'cmdline']","['libprocps.so.8', 'libdl.so.2', 'libc.so.6', 'libsystemd.so.0', 'librt.so.1', 'liblzma.so.5', 'libzstd.so.1', 'liblz4.so.1', 'libgcrypt.so.20', 'libpthread.so.0', 'libgpg-error.so.0', 'libnss_files.so.2']",openat_root,openat_root_yes,515
fd393f66-c51b-44d3-bc85-0f8e2c1094dd_549564,936,openat,root,yes,6.0,6,ps,"['uptime', 'meminfo', 'proc', 'stat']","['libprocps.so.8', 'libdl.so.2', 'libc.so.6', 'libsystemd.so.0', 'librt.so.1', 'liblzma.so.5', 'libzstd.so.1', 'liblz4.so.1', 'libgcrypt.so.20', 'libpthread.so.0', 'libgpg-error.so.0', 'libnss_files.so.2']",openat_root,openat_root_yes,516
fd393f66-c51b-44d3-bc85-0f8e2c1094dd_549564,936,openat,root,yes,6.0,6,ps,"['uptime', 'meminfo', 'proc', 'status']","['libprocps.so.8', 'libdl.so.2', 'libc.so.6', 'libsystemd.so.0', 'librt.so.1', 'liblzma.so.5', 'libzstd.so.1', 'liblz4.so.1', 'libgcrypt.so.20', 'libpthread.so.0', 'libgpg-error.so.0', 'libnss_files.so.2']",openat_root,openat_root_yes,517
fd393f66-c51b-44d3-bc85-0f8e2c1094dd_549564,936,openat,root,yes,6.0,6,ps,"['uptime', 'meminfo', 'proc', 'cmdline']","['libprocps.so.8', 'libdl.so.2', 'libc.so.6', 'libsystemd.so.0', 'librt.so.1', 'liblzma.so.5', 'libzstd.so.1', 'liblz4.so.1', 'libgcrypt.so.20', 'libpthread.so.0', 'libgpg-error.so.0', 'libnss_files.so.2']",openat_root,openat_root_yes,518
fd393f66-c51b-44d3-bc85-0f8e2c1094dd_549564,936,openat,root,yes,6.0,6,ps,"['uptime', 'meminfo', 'proc', 'stat']","['libprocps.so.8', 'libdl.so.2', 'libc.so.6', 'libsystemd.so.0', 'librt.so.1', 'liblzma.so.5', 'libzstd.so.1', 'liblz4.so.1', 'libgcrypt.so.20', 'libpthread.so.0', 'libgpg-error.so.0', 'libnss_files.so.2']",openat_root,openat_root_yes,519
fd393f66-c51b-44d3-bc85-0f8e2c1094dd_549564,936,openat,root,yes,6.0,6,ps,"['uptime', 'meminfo', 'proc', 'status']","['libprocps.so.8', 'libdl.so.2', 'libc.so.6', 'libsystemd.so.0', 'librt.so.1', 'liblzma.so.5', 'libzstd.so.1', 'liblz4.so.1', 'libgcrypt.so.20', 'libpthread.so.0', 'libgpg-error.so.0', 'libnss_files.so.2']",openat_root,openat_root_yes,520
fd393f66-c51b-44d3-bc85-0f8e2c1094dd_549564,936,openat,root,yes,6.0,6,ps,"['uptime', 'meminfo', 'proc', 'cmdline']","['libprocps.so.8', 'libdl.so.2', 'libc.so.6', 'libsystemd.so.0', 'librt.so.1', 'liblzma.so.5', 'libzstd.so.1', 'liblz4.so.1', 'libgcrypt.so.20', 'libpthread.so.0', 'libgpg-error.so.0', 'libnss_files.so.2']",openat_root,openat_root_yes,521
fd393f66-c51b-44d3-bc85-0f8e2c1094dd_549564,936,openat,root,yes,6.0,6,ps,"['uptime', 'meminfo', 'proc', 'stat']","['libprocps.so.8', 'libdl.so.2', 'libc.so.6', 'libsystemd.so.0', 'librt.so.1', 'liblzma.so.5', 'libzstd.so.1', 'liblz4.so.1', 'libgcrypt.so.20', 'libpthread.so.0', 'libgpg-error.so.0', 'libnss_files.so.2']",openat_root,openat_root_yes,522
fd393f66-c51b-44d3-bc85-0f8e2c1094dd_549564,936,openat,root,yes,6.0,6,ps,"['uptime', 'meminfo', 'proc', 'status']","['libprocps.so.8', 'libdl.so.2', 'libc.so.6', 'libsystemd.so.0', 'librt.so.1', 'liblzma.so.5', 'libzstd.so.1', 'liblz4.so.1', 'libgcrypt.so.20', 'libpthread.so.0', 'libgpg-error.so.0', 'libnss_files.so.2']",openat_root,openat_root_yes,523
fd393f66-c51b-44d3-bc85-0f8e2c1094dd_549564,936,openat,root,yes,6.0,6,ps,"['uptime', 'meminfo', 'proc', 'cmdline']","['libprocps.so.8', 'libdl.so.2', 'libc.so.6', 'libsystemd.so.0', 'librt.so.1', 'liblzma.so.5', 'libzstd.so.1', 'liblz4.so.1', 'libgcrypt.so.20', 'libpthread.so.0', 'libgpg-error.so.0', 'libnss_files.so.2']",openat_root,openat_root_yes,524
fd393f66-c51b-44d3-bc85-0f8e2c1094dd_549564,936,openat,root,yes,6.0,6,ps,"['uptime', 'meminfo', 'proc', 'stat']","['libprocps.so.8', 'libdl.so.2', 'libc.so.6', 'libsystemd.so.0', 'librt.so.1', 'liblzma.so.5', 'libzstd.so.1', 'liblz4.so.1', 'libgcrypt.so.20', 'libpthread.so.0', 'libgpg-error.so.0', 'libnss_files.so.2']",openat_root,openat_root_yes,525
fd393f66-c51b-44d3-bc85-0f8e2c1094dd_549564,940,close,root,yes,0.0,0,ps,"['uptime', 'meminfo', 'proc']","['libprocps.so.8', 'libdl.so.2', 'libc.so.6', 'libsystemd.so.0', 'librt.so.1', 'liblzma.so.5', 'libzstd.so.1', 'liblz4.so.1', 'libgcrypt.so.20', 'libpthread.so.0', 'libgpg-error.so.0', 'libnss_files.so.2']",close_root,close_root_yes,526
fd393f66-c51b-44d3-bc85-0f8e2c1094dd_549564,940,openat,root,yes,6.0,6,ps,"['uptime', 'meminfo', 'proc', 'status']","['libprocps.so.8', 'libdl.so.2', 'libc.so.6', 'libsystemd.so.0', 'librt.so.1', 'liblzma.so.5', 'libzstd.so.1', 'liblz4.so.1', 'libgcrypt.so.20', 'libpthread.so.0', 'libgpg-error.so.0', 'libnss_files.so.2']",openat_root,openat_root_yes,527
fd393f66-c51b-44d3-bc85-0f8e2c1094dd_549564,940,openat,root,yes,6.0,6,ps,"['uptime', 'meminfo', 'proc', 'cmdline']","['libprocps.so.8', 'libdl.so.2', 'libc.so.6', 'libsystemd.so.0', 'librt.so.1', 'liblzma.so.5', 'libzstd.so.1', 'liblz4.so.1', 'libgcrypt.so.20', 'libpthread.so.0', 'libgpg-error.so.0', 'libnss_files.so.2']",openat_root,openat_root_yes,528
fd393f66-c51b-44d3-bc85-0f8e2c1094dd_549564,940,openat,root,yes,6.0,6,ps,"['uptime', 'meminfo', 'proc', 'stat']","['libprocps.so.8', 'libdl.so.2', 'libc.so.6', 'libsystemd.so.0', 'librt.so.1', 'liblzma.so.5', 'libzstd.so.1', 'liblz4.so.1', 'libgcrypt.so.20', 'libpthread.so.0', 'libgpg-error.so.0', 'libnss_files.so.2']",openat_root,openat_root_yes,529
fd393f66-c51b-44d3-bc85-0f8e2c1094dd_549564,940,openat,root,yes,6.0,6,ps,"['uptime', 'meminfo', 'proc', 'status']","['libprocps.so.8', 'libdl.so.2', 'libc.so.6', 'libsystemd.so.0', 'librt.so.1', 'liblzma.so.5', 'libzstd.so.1', 'liblz4.so.1', 'libgcrypt.so.20', 'libpthread.so.0', 'libgpg-error.so.0', 'libnss_files.so.2']",openat_root,openat_root_yes,530
fd393f66-c51b-44d3-bc85-0f8e2c1094dd_549564,940,openat,root,yes,6.0,6,ps,"['uptime', 'meminfo', 'proc', 'cmdline']","['libprocps.so.8', 'libdl.so.2', 'libc.so.6', 'libsystemd.so.0', 'librt.so.1', 'liblzma.so.5', 'libzstd.so.1', 'liblz4.so.1', 'libgcrypt.so.20', 'libpthread.so.0', 'libgpg-error.so.0', 'libnss_files.so.2']",openat_root,openat_root_yes,531
fd393f66-c51b-44d3-bc85-0f8e2c1094dd_549564,940,openat,root,yes,6.0,6,ps,"['uptime', 'meminfo', 'proc', 'stat']","['libprocps.so.8', 'libdl.so.2', 'libc.so.6', 'libsystemd.so.0', 'librt.so.1', 'liblzma.so.5', 'libzstd.so.1', 'liblz4.so.1', 'libgcrypt.so.20', 'libpthread.so.0', 'libgpg-error.so.0', 'libnss_files.so.2']",openat_root,openat_root_yes,532
fd393f66-c51b-44d3-bc85-0f8e2c1094dd_549564,940,openat,root,yes,6.0,6,ps,"['uptime', 'meminfo', 'proc', 'status']","['libprocps.so.8', 'libdl.so.2', 'libc.so.6', 'libsystemd.so.0', 'librt.so.1', 'liblzma.so.5', 'libzstd.so.1', 'liblz4.so.1', 'libgcrypt.so.20', 'libpthread.so.0', 'libgpg-error.so.0', 'libnss_files.so.2']",openat_root,openat_root_yes,533
fd393f66-c51b-44d3-bc85-0f8e2c1094dd_549564,940,openat,root,yes,6.0,6,ps,"['uptime', 'meminfo', 'proc', 'cmdline']","['libprocps.so.8', 'libdl.so.2', 'libc.so.6', 'libsystemd.so.0', 'librt.so.1', 'liblzma.so.5', 'libzstd.so.1', 'liblz4.so.1', 'libgcrypt.so.20', 'libpthread.so.0', 'libgpg-error.so.0', 'libnss_files.so.2']",openat_root,openat_root_yes,534
fd393f66-c51b-44d3-bc85-0f8e2c1094dd_549564,944,openat,root,yes,6.0,6,ps,"['uptime', 'meminfo', 'proc', 'stat']","['libprocps.so.8', 'libdl.so.2', 'libc.so.6', 'libsystemd.so.0', 'librt.so.1', 'liblzma.so.5', 'libzstd.so.1', 'liblz4.so.1', 'libgcrypt.so.20', 'libpthread.so.0', 'libgpg-error.so.0', 'libnss_files.so.2']",openat_root,openat_root_yes,535
fd393f66-c51b-44d3-bc85-0f8e2c1094dd_549564,944,close,root,yes,0.0,0,ps,"['uptime', 'meminfo', 'proc']","['libprocps.so.8', 'libdl.so.2', 'libc.so.6', 'libsystemd.so.0', 'librt.so.1', 'liblzma.so.5', 'libzstd.so.1', 'liblz4.so.1', 'libgcrypt.so.20', 'libpthread.so.0', 'libgpg-error.so.0', 'libnss_files.so.2']",close_root,close_root_yes,536
fd393f66-c51b-44d3-bc85-0f8e2c1094dd_549564,944,openat,root,yes,6.0,6,ps,"['uptime', 'meminfo', 'proc', 'status']","['libprocps.so.8', 'libdl.so.2', 'libc.so.6', 'libsystemd.so.0', 'librt.so.1', 'liblzma.so.5', 'libzstd.so.1', 'liblz4.so.1', 'libgcrypt.so.20', 'libpthread.so.0', 'libgpg-error.so.0', 'libnss_files.so.2']",openat_root,openat_root_yes,537
fd393f66-c51b-44d3-bc85-0f8e2c1094dd_549564,944,openat,root,yes,6.0,6,ps,"['uptime', 'meminfo', 'proc', 'cmdline']","['libprocps.so.8', 'libdl.so.2', 'libc.so.6', 'libsystemd.so.0', 'librt.so.1', 'liblzma.so.5', 'libzstd.so.1', 'liblz4.so.1', 'libgcrypt.so.20', 'libpthread.so.0', 'libgpg-error.so.0', 'libnss_files.so.2']",openat_root,openat_root_yes,538
fd393f66-c51b-44d3-bc85-0f8e2c1094dd_549564,944,openat,root,yes,6.0,6,ps,"['uptime', 'meminfo', 'proc', 'stat']","['libprocps.so.8', 'libdl.so.2', 'libc.so.6', 'libsystemd.so.0', 'librt.so.1', 'liblzma.so.5', 'libzstd.so.1', 'liblz4.so.1', 'libgcrypt.so.20', 'libpthread.so.0', 'libgpg-error.so.0', 'libnss_files.so.2']",openat_root,openat_root_yes,539
fd393f66-c51b-44d3-bc85-0f8e2c1094dd_549564,944,openat,root,yes,6.0,6,ps,"['uptime', 'meminfo', 'proc', 'status']","['libprocps.so.8', 'libdl.so.2', 'libc.so.6', 'libsystemd.so.0', 'librt.so.1', 'liblzma.so.5', 'libzstd.so.1', 'liblz4.so.1', 'libgcrypt.so.20', 'libpthread.so.0', 'libgpg-error.so.0', 'libnss_files.so.2']",openat_root,openat_root_yes,540
fd393f66-c51b-44d3-bc85-0f8e2c1094dd_549564,944,openat,root,yes,6.0,6,ps,"['uptime', 'meminfo', 'proc', 'cmdline']","['libprocps.so.8', 'libdl.so.2', 'libc.so.6', 'libsystemd.so.0', 'librt.so.1', 'liblzma.so.5', 'libzstd.so.1', 'liblz4.so.1', 'libgcrypt.so.20', 'libpthread.so.0', 'libgpg-error.so.0', 'libnss_files.so.2']",openat_root,openat_root_yes,541
fd393f66-c51b-44d3-bc85-0f8e2c1094dd_549564,944,openat,root,yes,6.0,6,ps,"['uptime', 'meminfo', 'proc', 'stat']","['libprocps.so.8', 'libdl.so.2', 'libc.so.6', 'libsystemd.so.0', 'librt.so.1', 'liblzma.so.5', 'libzstd.so.1', 'liblz4.so.1', 'libgcrypt.so.20', 'libpthread.so.0', 'libgpg-error.so.0', 'libnss_files.so.2']",openat_root,openat_root_yes,542
fd393f66-c51b-44d3-bc85-0f8e2c1094dd_549564,944,openat,root,yes,6.0,6,ps,"['uptime', 'meminfo', 'proc', 'status']","['libprocps.so.8', 'libdl.so.2', 'libc.so.6', 'libsystemd.so.0', 'librt.so.1', 'liblzma.so.5', 'libzstd.so.1', 'liblz4.so.1', 'libgcrypt.so.20', 'libpthread.so.0', 'libgpg-error.so.0', 'libnss_files.so.2']",openat_root,openat_root_yes,543
fd393f66-c51b-44d3-bc85-0f8e2c1094dd_549564,944,openat,root,yes,6.0,6,ps,"['uptime', 'meminfo', 'proc', 'cmdline']","['libprocps.so.8', 'libdl.so.2', 'libc.so.6', 'libsystemd.so.0', 'librt.so.1', 'liblzma.so.5', 'libzstd.so.1', 'liblz4.so.1', 'libgcrypt.so.20', 'libpthread.so.0', 'libgpg-error.so.0', 'libnss_files.so.2']",openat_root,openat_root_yes,544
fd393f66-c51b-44d3-bc85-0f8e2c1094dd_549564,944,openat,root,yes,6.0,6,ps,"['uptime', 'meminfo', 'proc', 'stat']","['libprocps.so.8', 'libdl.so.2', 'libc.so.6', 'libsystemd.so.0', 'librt.so.1', 'liblzma.so.5', 'libzstd.so.1', 'liblz4.so.1', 'libgcrypt.so.20', 'libpthread.so.0', 'libgpg-error.so.0', 'libnss_files.so.2']",openat_root,openat_root_yes,545
fd393f66-c51b-44d3-bc85-0f8e2c1094dd_549564,944,openat,root,yes,6.0,6,ps,"['uptime', 'meminfo', 'proc', 'status']","['libprocps.so.8', 'libdl.so.2', 'libc.so.6', 'libsystemd.so.0', 'librt.so.1', 'liblzma.so.5', 'libzstd.so.1', 'liblz4.so.1', 'libgcrypt.so.20', 'libpthread.so.0', 'libgpg-error.so.0', 'libnss_files.so.2']",openat_root,openat_root_yes,546
fd393f66-c51b-44d3-bc85-0f8e2c1094dd_549564,944,openat,root,yes,6.0,6,ps,"['uptime', 'meminfo', 'proc', 'cmdline']","['libprocps.so.8', 'libdl.so.2', 'libc.so.6', 'libsystemd.so.0', 'librt.so.1', 'liblzma.so.5', 'libzstd.so.1', 'liblz4.so.1', 'libgcrypt.so.20', 'libpthread.so.0', 'libgpg-error.so.0', 'libnss_files.so.2']",openat_root,openat_root_yes,547
fd393f66-c51b-44d3-bc85-0f8e2c1094dd_549564,944,openat,root,yes,6.0,6,ps,"['uptime', 'meminfo', 'proc', 'stat']","['libprocps.so.8', 'libdl.so.2', 'libc.so.6', 'libsystemd.so.0', 'librt.so.1', 'liblzma.so.5', 'libzstd.so.1', 'liblz4.so.1', 'libgcrypt.so.20', 'libpthread.so.0', 'libgpg-error.so.0', 'libnss_files.so.2']",openat_root,openat_root_yes,548
fd393f66-c51b-44d3-bc85-0f8e2c1094dd_549564,944,openat,root,yes,6.0,6,ps,"['uptime', 'meminfo', 'proc', 'status']","['libprocps.so.8', 'libdl.so.2', 'libc.so.6', 'libsystemd.so.0', 'librt.so.1', 'liblzma.so.5', 'libzstd.so.1', 'liblz4.so.1', 'libgcrypt.so.20', 'libpthread.so.0', 'libgpg-error.so.0', 'libnss_files.so.2']",openat_root,openat_root_yes,549
fd393f66-c51b-44d3-bc85-0f8e2c1094dd_549564,944,openat,root,yes,6.0,6,ps,"['uptime', 'meminfo', 'proc', 'cmdline']","['libprocps.so.8', 'libdl.so.2', 'libc.so.6', 'libsystemd.so.0', 'librt.so.1', 'liblzma.so.5', 'libzstd.so.1', 'liblz4.so.1', 'libgcrypt.so.20', 'libpthread.so.0', 'libgpg-error.so.0', 'libnss_files.so.2']",openat_root,openat_root_yes,550
fd393f66-c51b-44d3-bc85-0f8e2c1094dd_549564,944,openat,root,yes,6.0,6,ps,"['uptime', 'meminfo', 'proc', 'stat']","['libprocps.so.8', 'libdl.so.2', 'libc.so.6', 'libsystemd.so.0', 'librt.so.1', 'liblzma.so.5', 'libzstd.so.1', 'liblz4.so.1', 'libgcrypt.so.20', 'libpthread.so.0', 'libgpg-error.so.0', 'libnss_files.so.2']",openat_root,openat_root_yes,551
fd393f66-c51b-44d3-bc85-0f8e2c1094dd_549564,948,openat,root,yes,6.0,6,ps,"['uptime', 'meminfo', 'proc', 'status']","['libprocps.so.8', 'libdl.so.2', 'libc.so.6', 'libsystemd.so.0', 'librt.so.1', 'liblzma.so.5', 'libzstd.so.1', 'liblz4.so.1', 'libgcrypt.so.20', 'libpthread.so.0', 'libgpg-error.so.0', 'libnss_files.so.2']",openat_root,openat_root_yes,552
fd393f66-c51b-44d3-bc85-0f8e2c1094dd_549564,948,close,root,yes,0.0,0,ps,"['uptime', 'meminfo', 'proc']","['libprocps.so.8', 'libdl.so.2', 'libc.so.6', 'libsystemd.so.0', 'librt.so.1', 'liblzma.so.5', 'libzstd.so.1', 'liblz4.so.1', 'libgcrypt.so.20', 'libpthread.so.0', 'libgpg-error.so.0', 'libnss_files.so.2']",close_root,close_root_yes,553
fd393f66-c51b-44d3-bc85-0f8e2c1094dd_549564,948,openat,root,yes,6.0,6,ps,"['uptime', 'meminfo', 'proc', 'cmdline']","['libprocps.so.8', 'libdl.so.2', 'libc.so.6', 'libsystemd.so.0', 'librt.so.1', 'liblzma.so.5', 'libzstd.so.1', 'liblz4.so.1', 'libgcrypt.so.20', 'libpthread.so.0', 'libgpg-error.so.0', 'libnss_files.so.2']",openat_root,openat_root_yes,554
fd393f66-c51b-44d3-bc85-0f8e2c1094dd_549564,948,openat,root,yes,6.0,6,ps,"['uptime', 'meminfo', 'proc', 'stat']","['libprocps.so.8', 'libdl.so.2', 'libc.so.6', 'libsystemd.so.0', 'librt.so.1', 'liblzma.so.5', 'libzstd.so.1', 'liblz4.so.1', 'libgcrypt.so.20', 'libpthread.so.0', 'libgpg-error.so.0', 'libnss_files.so.2']",openat_root,openat_root_yes,555
fd393f66-c51b-44d3-bc85-0f8e2c1094dd_549564,948,openat,root,yes,6.0,6,ps,"['uptime', 'meminfo', 'proc', 'status']","['libprocps.so.8', 'libdl.so.2', 'libc.so.6', 'libsystemd.so.0', 'librt.so.1', 'liblzma.so.5', 'libzstd.so.1', 'liblz4.so.1', 'libgcrypt.so.20', 'libpthread.so.0', 'libgpg-error.so.0', 'libnss_files.so.2']",openat_root,openat_root_yes,556
fd393f66-c51b-44d3-bc85-0f8e2c1094dd_549564,948,openat,root,yes,6.0,6,ps,"['uptime', 'meminfo', 'proc', 'cmdline']","['libprocps.so.8', 'libdl.so.2', 'libc.so.6', 'libsystemd.so.0', 'librt.so.1', 'liblzma.so.5', 'libzstd.so.1', 'liblz4.so.1', 'libgcrypt.so.20', 'libpthread.so.0', 'libgpg-error.so.0', 'libnss_files.so.2']",openat_root,openat_root_yes,557
fd393f66-c51b-44d3-bc85-0f8e2c1094dd_549564,948,openat,root,yes,6.0,6,ps,"['uptime', 'meminfo', 'proc', 'stat']","['libprocps.so.8', 'libdl.so.2', 'libc.so.6', 'libsystemd.so.0', 'librt.so.1', 'liblzma.so.5', 'libzstd.so.1', 'liblz4.so.1', 'libgcrypt.so.20', 'libpthread.so.0', 'libgpg-error.so.0', 'libnss_files.so.2']",openat_root,openat_root_yes,558
fd393f66-c51b-44d3-bc85-0f8e2c1094dd_549564,948,openat,root,yes,6.0,6,ps,"['uptime', 'meminfo', 'proc', 'status']","['libprocps.so.8', 'libdl.so.2', 'libc.so.6', 'libsystemd.so.0', 'librt.so.1', 'liblzma.so.5', 'libzstd.so.1', 'liblz4.so.1', 'libgcrypt.so.20', 'libpthread.so.0', 'libgpg-error.so.0', 'libnss_files.so.2']",openat_root,openat_root_yes,559
fd393f66-c51b-44d3-bc85-0f8e2c1094dd_549564,948,openat,root,yes,6.0,6,ps,"['uptime', 'meminfo', 'proc', 'cmdline']","['libprocps.so.8', 'libdl.so.2', 'libc.so.6', 'libsystemd.so.0', 'librt.so.1', 'liblzma.so.5', 'libzstd.so.1', 'liblz4.so.1', 'libgcrypt.so.20', 'libpthread.so.0', 'libgpg-error.so.0', 'libnss_files.so.2']",openat_root,openat_root_yes,560
fd393f66-c51b-44d3-bc85-0f8e2c1094dd_549564,952,openat,root,yes,6.0,6,ps,"['uptime', 'meminfo', 'proc', 'stat']","['libprocps.so.8', 'libdl.so.2', 'libc.so.6', 'libsystemd.so.0', 'librt.so.1', 'liblzma.so.5', 'libzstd.so.1', 'liblz4.so.1', 'libgcrypt.so.20', 'libpthread.so.0', 'libgpg-error.so.0', 'libnss_files.so.2']",openat_root,openat_root_yes,561
fd393f66-c51b-44d3-bc85-0f8e2c1094dd_549564,952,close,root,yes,0.0,0,ps,"['uptime', 'meminfo', 'proc']","['libprocps.so.8', 'libdl.so.2', 'libc.so.6', 'libsystemd.so.0', 'librt.so.1', 'liblzma.so.5', 'libzstd.so.1', 'liblz4.so.1', 'libgcrypt.so.20', 'libpthread.so.0', 'libgpg-error.so.0', 'libnss_files.so.2']",close_root,close_root_yes,562
fd393f66-c51b-44d3-bc85-0f8e2c1094dd_549564,952,openat,root,yes,6.0,6,ps,"['uptime', 'meminfo', 'proc', 'status']","['libprocps.so.8', 'libdl.so.2', 'libc.so.6', 'libsystemd.so.0', 'librt.so.1', 'liblzma.so.5', 'libzstd.so.1', 'liblz4.so.1', 'libgcrypt.so.20', 'libpthread.so.0', 'libgpg-error.so.0', 'libnss_files.so.2']",openat_root,openat_root_yes,563
fd393f66-c51b-44d3-bc85-0f8e2c1094dd_549564,952,openat,root,yes,6.0,6,ps,"['uptime', 'meminfo', 'proc', 'cmdline']","['libprocps.so.8', 'libdl.so.2', 'libc.so.6', 'libsystemd.so.0', 'librt.so.1', 'liblzma.so.5', 'libzstd.so.1', 'liblz4.so.1', 'libgcrypt.so.20', 'libpthread.so.0', 'libgpg-error.so.0', 'libnss_files.so.2']",openat_root,openat_root_yes,564
fd393f66-c51b-44d3-bc85-0f8e2c1094dd_549564,952,openat,root,yes,6.0,6,ps,"['uptime', 'meminfo', 'proc', 'stat']","['libprocps.so.8', 'libdl.so.2', 'libc.so.6', 'libsystemd.so.0', 'librt.so.1', 'liblzma.so.5', 'libzstd.so.1', 'liblz4.so.1', 'libgcrypt.so.20', 'libpthread.so.0', 'libgpg-error.so.0', 'libnss_files.so.2']",openat_root,openat_root_yes,565
fd393f66-c51b-44d3-bc85-0f8e2c1094dd_549564,952,openat,root,yes,6.0,6,ps,"['uptime', 'meminfo', 'proc', 'status']","['libprocps.so.8', 'libdl.so.2', 'libc.so.6', 'libsystemd.so.0', 'librt.so.1', 'liblzma.so.5', 'libzstd.so.1', 'liblz4.so.1', 'libgcrypt.so.20', 'libpthread.so.0', 'libgpg-error.so.0', 'libnss_files.so.2']",openat_root,openat_root_yes,566
fd393f66-c51b-44d3-bc85-0f8e2c1094dd_549564,956,close,root,yes,0.0,0,ps,"['uptime', 'meminfo', 'proc']","['libprocps.so.8', 'libdl.so.2', 'libc.so.6', 'libsystemd.so.0', 'librt.so.1', 'liblzma.so.5', 'libzstd.so.1', 'liblz4.so.1', 'libgcrypt.so.20', 'libpthread.so.0', 'libgpg-error.so.0', 'libnss_files.so.2']",close_root,close_root_yes,567
fd393f66-c51b-44d3-bc85-0f8e2c1094dd_549564,956,openat,root,yes,6.0,6,ps,"['uptime', 'meminfo', 'proc', 'cmdline']","['libprocps.so.8', 'libdl.so.2', 'libc.so.6', 'libsystemd.so.0', 'librt.so.1', 'liblzma.so.5', 'libzstd.so.1', 'liblz4.so.1', 'libgcrypt.so.20', 'libpthread.so.0', 'libgpg-error.so.0', 'libnss_files.so.2']",openat_root,openat_root_yes,568
fd393f66-c51b-44d3-bc85-0f8e2c1094dd_549564,956,openat,root,yes,6.0,6,ps,"['uptime', 'meminfo', 'proc', 'stat']","['libprocps.so.8', 'libdl.so.2', 'libc.so.6', 'libsystemd.so.0', 'librt.so.1', 'liblzma.so.5', 'libzstd.so.1', 'liblz4.so.1', 'libgcrypt.so.20', 'libpthread.so.0', 'libgpg-error.so.0', 'libnss_files.so.2']",openat_root,openat_root_yes,569
fd393f66-c51b-44d3-bc85-0f8e2c1094dd_549564,956,openat,root,yes,6.0,6,ps,"['uptime', 'meminfo', 'proc', 'status']","['libprocps.so.8', 'libdl.so.2', 'libc.so.6', 'libsystemd.so.0', 'librt.so.1', 'liblzma.so.5', 'libzstd.so.1', 'liblz4.so.1', 'libgcrypt.so.20', 'libpthread.so.0', 'libgpg-error.so.0', 'libnss_files.so.2']",openat_root,openat_root_yes,570
fd393f66-c51b-44d3-bc85-0f8e2c1094dd_549564,956,openat,root,yes,6.0,6,ps,"['uptime', 'meminfo', 'proc', 'cmdline']","['libprocps.so.8', 'libdl.so.2', 'libc.so.6', 'libsystemd.so.0', 'librt.so.1', 'liblzma.so.5', 'libzstd.so.1', 'liblz4.so.1', 'libgcrypt.so.20', 'libpthread.so.0', 'libgpg-error.so.0', 'libnss_files.so.2']",openat_root,openat_root_yes,571
fd393f66-c51b-44d3-bc85-0f8e2c1094dd_549564,956,openat,root,yes,6.0,6,ps,"['uptime', 'meminfo', 'proc', 'stat']","['libprocps.so.8', 'libdl.so.2', 'libc.so.6', 'libsystemd.so.0', 'librt.so.1', 'liblzma.so.5', 'libzstd.so.1', 'liblz4.so.1', 'libgcrypt.so.20', 'libpthread.so.0', 'libgpg-error.so.0', 'libnss_files.so.2']",openat_root,openat_root_yes,572
fd393f66-c51b-44d3-bc85-0f8e2c1094dd_549564,956,openat,root,yes,6.0,6,ps,"['uptime', 'meminfo', 'proc', 'status']","['libprocps.so.8', 'libdl.so.2', 'libc.so.6', 'libsystemd.so.0', 'librt.so.1', 'liblzma.so.5', 'libzstd.so.1', 'liblz4.so.1', 'libgcrypt.so.20', 'libpthread.so.0', 'libgpg-error.so.0', 'libnss_files.so.2']",openat_root,openat_root_yes,573
fd393f66-c51b-44d3-bc85-0f8e2c1094dd_549564,956,openat,root,yes,6.0,6,ps,"['uptime', 'meminfo', 'proc', 'cmdline']","['libprocps.so.8', 'libdl.so.2', 'libc.so.6', 'libsystemd.so.0', 'librt.so.1', 'liblzma.so.5', 'libzstd.so.1', 'liblz4.so.1', 'libgcrypt.so.20', 'libpthread.so.0', 'libgpg-error.so.0', 'libnss_files.so.2']",openat_root,openat_root_yes,574
fd393f66-c51b-44d3-bc85-0f8e2c1094dd_549564,956,openat,root,yes,6.0,6,ps,"['uptime', 'meminfo', 'proc', 'stat']","['libprocps.so.8', 'libdl.so.2', 'libc.so.6', 'libsystemd.so.0', 'librt.so.1', 'liblzma.so.5', 'libzstd.so.1', 'liblz4.so.1', 'libgcrypt.so.20', 'libpthread.so.0', 'libgpg-error.so.0', 'libnss_files.so.2']",openat_root,openat_root_yes,575
fd393f66-c51b-44d3-bc85-0f8e2c1094dd_549564,956,openat,root,yes,6.0,6,ps,"['uptime', 'meminfo', 'proc', 'status']","['libprocps.so.8', 'libdl.so.2', 'libc.so.6', 'libsystemd.so.0', 'librt.so.1', 'liblzma.so.5', 'libzstd.so.1', 'liblz4.so.1', 'libgcrypt.so.20', 'libpthread.so.0', 'libgpg-error.so.0', 'libnss_files.so.2']",openat_root,openat_root_yes,576
fd393f66-c51b-44d3-bc85-0f8e2c1094dd_549564,960,openat,root,yes,6.0,6,ps,"['uptime', 'meminfo', 'proc', 'cmdline']","['libprocps.so.8', 'libdl.so.2', 'libc.so.6', 'libsystemd.so.0', 'librt.so.1', 'liblzma.so.5', 'libzstd.so.1', 'liblz4.so.1', 'libgcrypt.so.20', 'libpthread.so.0', 'libgpg-error.so.0', 'libnss_files.so.2']",openat_root,openat_root_yes,577
fd393f66-c51b-44d3-bc85-0f8e2c1094dd_549564,960,close,root,yes,0.0,0,ps,"['uptime', 'meminfo', 'proc']","['libprocps.so.8', 'libdl.so.2', 'libc.so.6', 'libsystemd.so.0', 'librt.so.1', 'liblzma.so.5', 'libzstd.so.1', 'liblz4.so.1', 'libgcrypt.so.20', 'libpthread.so.0', 'libgpg-error.so.0', 'libnss_files.so.2']",close_root,close_root_yes,578
fd393f66-c51b-44d3-bc85-0f8e2c1094dd_549564,960,openat,root,yes,6.0,6,ps,"['uptime', 'meminfo', 'proc', 'stat']","['libprocps.so.8', 'libdl.so.2', 'libc.so.6', 'libsystemd.so.0', 'librt.so.1', 'liblzma.so.5', 'libzstd.so.1', 'liblz4.so.1', 'libgcrypt.so.20', 'libpthread.so.0', 'libgpg-error.so.0', 'libnss_files.so.2']",openat_root,openat_root_yes,579
fd393f66-c51b-44d3-bc85-0f8e2c1094dd_549564,960,openat,root,yes,6.0,6,ps,"['uptime', 'meminfo', 'proc', 'status']","['libprocps.so.8', 'libdl.so.2', 'libc.so.6', 'libsystemd.so.0', 'librt.so.1', 'liblzma.so.5', 'libzstd.so.1', 'liblz4.so.1', 'libgcrypt.so.20', 'libpthread.so.0', 'libgpg-error.so.0', 'libnss_files.so.2']",openat_root,openat_root_yes,580
fd393f66-c51b-44d3-bc85-0f8e2c1094dd_549564,960,openat,root,yes,6.0,6,ps,"['uptime', 'meminfo', 'proc', 'cmdline']","['libprocps.so.8', 'libdl.so.2', 'libc.so.6', 'libsystemd.so.0', 'librt.so.1', 'liblzma.so.5', 'libzstd.so.1', 'liblz4.so.1', 'libgcrypt.so.20', 'libpthread.so.0', 'libgpg-error.so.0', 'libnss_files.so.2']",openat_root,openat_root_yes,581
fd393f66-c51b-44d3-bc85-0f8e2c1094dd_549564,960,openat,root,yes,6.0,6,ps,"['uptime', 'meminfo', 'proc', 'stat']","['libprocps.so.8', 'libdl.so.2', 'libc.so.6', 'libsystemd.so.0', 'librt.so.1', 'liblzma.so.5', 'libzstd.so.1', 'liblz4.so.1', 'libgcrypt.so.20', 'libpthread.so.0', 'libgpg-error.so.0', 'libnss_files.so.2']",openat_root,openat_root_yes,582
fd393f66-c51b-44d3-bc85-0f8e2c1094dd_549564,960,openat,root,yes,6.0,6,ps,"['uptime', 'meminfo', 'proc', 'status']","['libprocps.so.8', 'libdl.so.2', 'libc.so.6', 'libsystemd.so.0', 'librt.so.1', 'liblzma.so.5', 'libzstd.so.1', 'liblz4.so.1', 'libgcrypt.so.20', 'libpthread.so.0', 'libgpg-error.so.0', 'libnss_files.so.2']",openat_root,openat_root_yes,583
fd393f66-c51b-44d3-bc85-0f8e2c1094dd_549564,960,openat,root,yes,6.0,6,ps,"['uptime', 'meminfo', 'proc', 'cmdline']","['libprocps.so.8', 'libdl.so.2', 'libc.so.6', 'libsystemd.so.0', 'librt.so.1', 'liblzma.so.5', 'libzstd.so.1', 'liblz4.so.1', 'libgcrypt.so.20', 'libpthread.so.0', 'libgpg-error.so.0', 'libnss_files.so.2']",openat_root,openat_root_yes,584
fd393f66-c51b-44d3-bc85-0f8e2c1094dd_549564,964,close,root,yes,0.0,0,ps,"['uptime', 'meminfo', 'proc']","['libprocps.so.8', 'libdl.so.2', 'libc.so.6', 'libsystemd.so.0', 'librt.so.1', 'liblzma.so.5', 'libzstd.so.1', 'liblz4.so.1', 'libgcrypt.so.20', 'libpthread.so.0', 'libgpg-error.so.0', 'libnss_files.so.2']",close_root,close_root_yes,585
fd393f66-c51b-44d3-bc85-0f8e2c1094dd_549564,964,openat,root,yes,6.0,6,ps,"['uptime', 'meminfo', 'proc', 'stat']","['libprocps.so.8', 'libdl.so.2', 'libc.so.6', 'libsystemd.so.0', 'librt.so.1', 'liblzma.so.5', 'libzstd.so.1', 'liblz4.so.1', 'libgcrypt.so.20', 'libpthread.so.0', 'libgpg-error.so.0', 'libnss_files.so.2']",openat_root,openat_root_yes,586
fd393f66-c51b-44d3-bc85-0f8e2c1094dd_549564,964,openat,root,yes,6.0,6,ps,"['uptime', 'meminfo', 'proc', 'status']","['libprocps.so.8', 'libdl.so.2', 'libc.so.6', 'libsystemd.so.0', 'librt.so.1', 'liblzma.so.5', 'libzstd.so.1', 'liblz4.so.1', 'libgcrypt.so.20', 'libpthread.so.0', 'libgpg-error.so.0', 'libnss_files.so.2']",openat_root,openat_root_yes,587
fd393f66-c51b-44d3-bc85-0f8e2c1094dd_549564,964,openat,root,yes,6.0,6,ps,"['uptime', 'meminfo', 'proc', 'cmdline']","['libprocps.so.8', 'libdl.so.2', 'libc.so.6', 'libsystemd.so.0', 'librt.so.1', 'liblzma.so.5', 'libzstd.so.1', 'liblz4.so.1', 'libgcrypt.so.20', 'libpthread.so.0', 'libgpg-error.so.0', 'libnss_files.so.2']",openat_root,openat_root_yes,588
fd393f66-c51b-44d3-bc85-0f8e2c1094dd_549564,964,openat,root,yes,6.0,6,ps,"['uptime', 'meminfo', 'proc', 'stat']","['libprocps.so.8', 'libdl.so.2', 'libc.so.6', 'libsystemd.so.0', 'librt.so.1', 'liblzma.so.5', 'libzstd.so.1', 'liblz4.so.1', 'libgcrypt.so.20', 'libpthread.so.0', 'libgpg-error.so.0', 'libnss_files.so.2']",openat_root,openat_root_yes,589
fd393f66-c51b-44d3-bc85-0f8e2c1094dd_549564,964,openat,root,yes,6.0,6,ps,"['uptime', 'meminfo', 'proc', 'status']","['libprocps.so.8', 'libdl.so.2', 'libc.so.6', 'libsystemd.so.0', 'librt.so.1', 'liblzma.so.5', 'libzstd.so.1', 'liblz4.so.1', 'libgcrypt.so.20', 'libpthread.so.0', 'libgpg-error.so.0', 'libnss_files.so.2']",openat_root,openat_root_yes,590
fd393f66-c51b-44d3-bc85-0f8e2c1094dd_549564,964,openat,root,yes,6.0,6,ps,"['uptime', 'meminfo', 'proc', 'cmdline']","['libprocps.so.8', 'libdl.so.2', 'libc.so.6', 'libsystemd.so.0', 'librt.so.1', 'liblzma.so.5', 'libzstd.so.1', 'liblz4.so.1', 'libgcrypt.so.20', 'libpthread.so.0', 'libgpg-error.so.0', 'libnss_files.so.2']",openat_root,openat_root_yes,591
fd393f66-c51b-44d3-bc85-0f8e2c1094dd_549564,964,openat,root,yes,6.0,6,ps,"['uptime', 'meminfo', 'proc', 'stat']","['libprocps.so.8', 'libdl.so.2', 'libc.so.6', 'libsystemd.so.0', 'librt.so.1', 'liblzma.so.5', 'libzstd.so.1', 'liblz4.so.1', 'libgcrypt.so.20', 'libpthread.so.0', 'libgpg-error.so.0', 'libnss_files.so.2']",openat_root,openat_root_yes,592
fd393f66-c51b-44d3-bc85-0f8e2c1094dd_549564,964,openat,root,yes,6.0,6,ps,"['uptime', 'meminfo', 'proc', 'status']","['libprocps.so.8', 'libdl.so.2', 'libc.so.6', 'libsystemd.so.0', 'librt.so.1', 'liblzma.so.5', 'libzstd.so.1', 'liblz4.so.1', 'libgcrypt.so.20', 'libpthread.so.0', 'libgpg-error.so.0', 'libnss_files.so.2']",openat_root,openat_root_yes,593
fd393f66-c51b-44d3-bc85-0f8e2c1094dd_549564,964,openat,root,yes,6.0,6,ps,"['uptime', 'meminfo', 'proc', 'cmdline']","['libprocps.so.8', 'libdl.so.2', 'libc.so.6', 'libsystemd.so.0', 'librt.so.1', 'liblzma.so.5', 'libzstd.so.1', 'liblz4.so.1', 'libgcrypt.so.20', 'libpthread.so.0', 'libgpg-error.so.0', 'libnss_files.so.2']",openat_root,openat_root_yes,594
fd393f66-c51b-44d3-bc85-0f8e2c1094dd_549564,964,openat,root,yes,6.0,6,ps,"['uptime', 'meminfo', 'proc', 'stat']","['libprocps.so.8', 'libdl.so.2', 'libc.so.6', 'libsystemd.so.0', 'librt.so.1', 'liblzma.so.5', 'libzstd.so.1', 'liblz4.so.1', 'libgcrypt.so.20', 'libpthread.so.0', 'libgpg-error.so.0', 'libnss_files.so.2']",openat_root,openat_root_yes,595
fd393f66-c51b-44d3-bc85-0f8e2c1094dd_549564,964,openat,root,yes,6.0,6,ps,"['uptime', 'meminfo', 'proc', 'status']","['libprocps.so.8', 'libdl.so.2', 'libc.so.6', 'libsystemd.so.0', 'librt.so.1', 'liblzma.so.5', 'libzstd.so.1', 'liblz4.so.1', 'libgcrypt.so.20', 'libpthread.so.0', 'libgpg-error.so.0', 'libnss_files.so.2']",openat_root,openat_root_yes,596
fd393f66-c51b-44d3-bc85-0f8e2c1094dd_549564,968,close,root,yes,0.0,0,ps,"['uptime', 'meminfo', 'proc']","['libprocps.so.8', 'libdl.so.2', 'libc.so.6', 'libsystemd.so.0', 'librt.so.1', 'liblzma.so.5', 'libzstd.so.1', 'liblz4.so.1', 'libgcrypt.so.20', 'libpthread.so.0', 'libgpg-error.so.0', 'libnss_files.so.2']",close_root,close_root_yes,597
fd393f66-c51b-44d3-bc85-0f8e2c1094dd_549564,968,openat,root,yes,6.0,6,ps,"['uptime', 'meminfo', 'proc', 'cmdline']","['libprocps.so.8', 'libdl.so.2', 'libc.so.6', 'libsystemd.so.0', 'librt.so.1', 'liblzma.so.5', 'libzstd.so.1', 'liblz4.so.1', 'libgcrypt.so.20', 'libpthread.so.0', 'libgpg-error.so.0', 'libnss_files.so.2']",openat_root,openat_root_yes,598
fd393f66-c51b-44d3-bc85-0f8e2c1094dd_549564,968,openat,root,yes,6.0,6,ps,"['uptime', 'meminfo', 'proc', 'stat']","['libprocps.so.8', 'libdl.so.2', 'libc.so.6', 'libsystemd.so.0', 'librt.so.1', 'liblzma.so.5', 'libzstd.so.1', 'liblz4.so.1', 'libgcrypt.so.20', 'libpthread.so.0', 'libgpg-error.so.0', 'libnss_files.so.2']",openat_root,openat_root_yes,599
fd393f66-c51b-44d3-bc85-0f8e2c1094dd_549564,972,close,root,yes,0.0,0,ps,"['uptime', 'meminfo', 'proc']","['libprocps.so.8', 'libdl.so.2', 'libc.so.6', 'libsystemd.so.0', 'librt.so.1', 'liblzma.so.5', 'libzstd.so.1', 'liblz4.so.1', 'libgcrypt.so.20', 'libpthread.so.0', 'libgpg-error.so.0', 'libnss_files.so.2']",close_root,close_root_yes,600
fd393f66-c51b-44d3-bc85-0f8e2c1094dd_549564,972,openat,root,yes,6.0,6,ps,"['uptime', 'meminfo', 'proc', 'status']","['libprocps.so.8', 'libdl.so.2', 'libc.so.6', 'libsystemd.so.0', 'librt.so.1', 'liblzma.so.5', 'libzstd.so.1', 'liblz4.so.1', 'libgcrypt.so.20', 'libpthread.so.0', 'libgpg-error.so.0', 'libnss_files.so.2']",openat_root,openat_root_yes,601
fd393f66-c51b-44d3-bc85-0f8e2c1094dd_549564,972,openat,root,yes,6.0,6,ps,"['uptime', 'meminfo', 'proc', 'cmdline']","['libprocps.so.8', 'libdl.so.2', 'libc.so.6', 'libsystemd.so.0', 'librt.so.1', 'liblzma.so.5', 'libzstd.so.1', 'liblz4.so.1', 'libgcrypt.so.20', 'libpthread.so.0', 'libgpg-error.so.0', 'libnss_files.so.2']",openat_root,openat_root_yes,602
fd393f66-c51b-44d3-bc85-0f8e2c1094dd_549564,972,openat,root,yes,6.0,6,ps,"['uptime', 'meminfo', 'proc', 'stat']","['libprocps.so.8', 'libdl.so.2', 'libc.so.6', 'libsystemd.so.0', 'librt.so.1', 'liblzma.so.5', 'libzstd.so.1', 'liblz4.so.1', 'libgcrypt.so.20', 'libpthread.so.0', 'libgpg-error.so.0', 'libnss_files.so.2']",openat_root,openat_root_yes,603
fd393f66-c51b-44d3-bc85-0f8e2c1094dd_549564,972,openat,root,yes,6.0,6,ps,"['uptime', 'meminfo', 'proc', 'status']","['libprocps.so.8', 'libdl.so.2', 'libc.so.6', 'libsystemd.so.0', 'librt.so.1', 'liblzma.so.5', 'libzstd.so.1', 'liblz4.so.1', 'libgcrypt.so.20', 'libpthread.so.0', 'libgpg-error.so.0', 'libnss_files.so.2']",openat_root,openat_root_yes,604
fd393f66-c51b-44d3-bc85-0f8e2c1094dd_549564,972,openat,root,yes,6.0,6,ps,"['uptime', 'meminfo', 'proc', 'cmdline']","['libprocps.so.8', 'libdl.so.2', 'libc.so.6', 'libsystemd.so.0', 'librt.so.1', 'liblzma.so.5', 'libzstd.so.1', 'liblz4.so.1', 'libgcrypt.so.20', 'libpthread.so.0', 'libgpg-error.so.0', 'libnss_files.so.2']",openat_root,openat_root_yes,605
fd393f66-c51b-44d3-bc85-0f8e2c1094dd_549564,972,openat,root,yes,6.0,6,ps,"['uptime', 'meminfo', 'proc', 'stat']","['libprocps.so.8', 'libdl.so.2', 'libc.so.6', 'libsystemd.so.0', 'librt.so.1', 'liblzma.so.5', 'libzstd.so.1', 'liblz4.so.1', 'libgcrypt.so.20', 'libpthread.so.0', 'libgpg-error.so.0', 'libnss_files.so.2']",openat_root,openat_root_yes,606
fd393f66-c51b-44d3-bc85-0f8e2c1094dd_549564,972,openat,root,yes,6.0,6,ps,"['uptime', 'meminfo', 'proc', 'status']","['libprocps.so.8', 'libdl.so.2', 'libc.so.6', 'libsystemd.so.0', 'librt.so.1', 'liblzma.so.5', 'libzstd.so.1', 'liblz4.so.1', 'libgcrypt.so.20', 'libpthread.so.0', 'libgpg-error.so.0', 'libnss_files.so.2']",openat_root,openat_root_yes,607
fd393f66-c51b-44d3-bc85-0f8e2c1094dd_549564,972,openat,root,yes,6.0,6,ps,"['uptime', 'meminfo', 'proc', 'cmdline']","['libprocps.so.8', 'libdl.so.2', 'libc.so.6', 'libsystemd.so.0', 'librt.so.1', 'liblzma.so.5', 'libzstd.so.1', 'liblz4.so.1', 'libgcrypt.so.20', 'libpthread.so.0', 'libgpg-error.so.0', 'libnss_files.so.2']",openat_root,openat_root_yes,608
fd393f66-c51b-44d3-bc85-0f8e2c1094dd_549564,976,openat,root,yes,6.0,6,ps,"['uptime', 'meminfo', 'proc', 'stat']","['libprocps.so.8', 'libdl.so.2', 'libc.so.6', 'libsystemd.so.0', 'librt.so.1', 'liblzma.so.5', 'libzstd.so.1', 'liblz4.so.1', 'libgcrypt.so.20', 'libpthread.so.0', 'libgpg-error.so.0', 'libnss_files.so.2']",openat_root,openat_root_yes,609
fd393f66-c51b-44d3-bc85-0f8e2c1094dd_549564,976,close,root,yes,0.0,0,ps,"['uptime', 'meminfo', 'proc']","['libprocps.so.8', 'libdl.so.2', 'libc.so.6', 'libsystemd.so.0', 'librt.so.1', 'liblzma.so.5', 'libzstd.so.1', 'liblz4.so.1', 'libgcrypt.so.20', 'libpthread.so.0', 'libgpg-error.so.0', 'libnss_files.so.2']",close_root,close_root_yes,610
fd393f66-c51b-44d3-bc85-0f8e2c1094dd_549564,976,openat,root,yes,6.0,6,ps,"['uptime', 'meminfo', 'proc', 'status']","['libprocps.so.8', 'libdl.so.2', 'libc.so.6', 'libsystemd.so.0', 'librt.so.1', 'liblzma.so.5', 'libzstd.so.1', 'liblz4.so.1', 'libgcrypt.so.20', 'libpthread.so.0', 'libgpg-error.so.0', 'libnss_files.so.2']",openat_root,openat_root_yes,611
fd393f66-c51b-44d3-bc85-0f8e2c1094dd_549564,976,openat,root,yes,6.0,6,ps,"['uptime', 'meminfo', 'proc', 'cmdline']","['libprocps.so.8', 'libdl.so.2', 'libc.so.6', 'libsystemd.so.0', 'librt.so.1', 'liblzma.so.5', 'libzstd.so.1', 'liblz4.so.1', 'libgcrypt.so.20', 'libpthread.so.0', 'libgpg-error.so.0', 'libnss_files.so.2']",openat_root,openat_root_yes,612
fd393f66-c51b-44d3-bc85-0f8e2c1094dd_549564,976,openat,root,yes,6.0,6,ps,"['uptime', 'meminfo', 'proc', 'stat']","['libprocps.so.8', 'libdl.so.2', 'libc.so.6', 'libsystemd.so.0', 'librt.so.1', 'liblzma.so.5', 'libzstd.so.1', 'liblz4.so.1', 'libgcrypt.so.20', 'libpthread.so.0', 'libgpg-error.so.0', 'libnss_files.so.2']",openat_root,openat_root_yes,613
fd393f66-c51b-44d3-bc85-0f8e2c1094dd_549564,976,openat,root,yes,6.0,6,ps,"['uptime', 'meminfo', 'proc', 'status']","['libprocps.so.8', 'libdl.so.2', 'libc.so.6', 'libsystemd.so.0', 'librt.so.1', 'liblzma.so.5', 'libzstd.so.1', 'liblz4.so.1', 'libgcrypt.so.20', 'libpthread.so.0', 'libgpg-error.so.0', 'libnss_files.so.2']",openat_root,openat_root_yes,614
fd393f66-c51b-44d3-bc85-0f8e2c1094dd_549564,976,openat,root,yes,6.0,6,ps,"['uptime', 'meminfo', 'proc', 'cmdline']","['libprocps.so.8', 'libdl.so.2', 'libc.so.6', 'libsystemd.so.0', 'librt.so.1', 'liblzma.so.5', 'libzstd.so.1', 'liblz4.so.1', 'libgcrypt.so.20', 'libpthread.so.0', 'libgpg-error.so.0', 'libnss_files.so.2']",openat_root,openat_root_yes,615
fd393f66-c51b-44d3-bc85-0f8e2c1094dd_549564,976,openat,root,yes,6.0,6,ps,"['uptime', 'meminfo', 'proc', 'stat']","['libprocps.so.8', 'libdl.so.2', 'libc.so.6', 'libsystemd.so.0', 'librt.so.1', 'liblzma.so.5', 'libzstd.so.1', 'liblz4.so.1', 'libgcrypt.so.20', 'libpthread.so.0', 'libgpg-error.so.0', 'libnss_files.so.2']",openat_root,openat_root_yes,616
fd393f66-c51b-44d3-bc85-0f8e2c1094dd_549564,976,openat,root,yes,6.0,6,ps,"['uptime', 'meminfo', 'proc', 'status']","['libprocps.so.8', 'libdl.so.2', 'libc.so.6', 'libsystemd.so.0', 'librt.so.1', 'liblzma.so.5', 'libzstd.so.1', 'liblz4.so.1', 'libgcrypt.so.20', 'libpthread.so.0', 'libgpg-error.so.0', 'libnss_files.so.2']",openat_root,openat_root_yes,617
fd393f66-c51b-44d3-bc85-0f8e2c1094dd_549564,976,openat,root,yes,6.0,6,ps,"['uptime', 'meminfo', 'proc', 'cmdline']","['libprocps.so.8', 'libdl.so.2', 'libc.so.6', 'libsystemd.so.0', 'librt.so.1', 'liblzma.so.5', 'libzstd.so.1', 'liblz4.so.1', 'libgcrypt.so.20', 'libpthread.so.0', 'libgpg-error.so.0', 'libnss_files.so.2']",openat_root,openat_root_yes,618
fd393f66-c51b-44d3-bc85-0f8e2c1094dd_549564,980,close,root,yes,0.0,0,ps,"['uptime', 'meminfo', 'proc']","['libprocps.so.8', 'libdl.so.2', 'libc.so.6', 'libsystemd.so.0', 'librt.so.1', 'liblzma.so.5', 'libzstd.so.1', 'liblz4.so.1', 'libgcrypt.so.20', 'libpthread.so.0', 'libgpg-error.so.0', 'libnss_files.so.2']",close_root,close_root_yes,619
fd393f66-c51b-44d3-bc85-0f8e2c1094dd_549564,980,openat,root,yes,6.0,6,ps,"['uptime', 'meminfo', 'proc', 'stat']","['libprocps.so.8', 'libdl.so.2', 'libc.so.6', 'libsystemd.so.0', 'librt.so.1', 'liblzma.so.5', 'libzstd.so.1', 'liblz4.so.1', 'libgcrypt.so.20', 'libpthread.so.0', 'libgpg-error.so.0', 'libnss_files.so.2']",openat_root,openat_root_yes,620
fd393f66-c51b-44d3-bc85-0f8e2c1094dd_549564,984,openat,root,yes,6.0,6,ps,"['uptime', 'meminfo', 'proc', 'status']","['libprocps.so.8', 'libdl.so.2', 'libc.so.6', 'libsystemd.so.0', 'librt.so.1', 'liblzma.so.5', 'libzstd.so.1', 'liblz4.so.1', 'libgcrypt.so.20', 'libpthread.so.0', 'libgpg-error.so.0', 'libnss_files.so.2']",openat_root,openat_root_yes,621
fd393f66-c51b-44d3-bc85-0f8e2c1094dd_549564,984,close,root,yes,0.0,0,ps,"['uptime', 'meminfo', 'proc']","['libprocps.so.8', 'libdl.so.2', 'libc.so.6', 'libsystemd.so.0', 'librt.so.1', 'liblzma.so.5', 'libzstd.so.1', 'liblz4.so.1', 'libgcrypt.so.20', 'libpthread.so.0', 'libgpg-error.so.0', 'libnss_files.so.2']",close_root,close_root_yes,622
fd393f66-c51b-44d3-bc85-0f8e2c1094dd_549564,984,openat,root,yes,6.0,6,ps,"['uptime', 'meminfo', 'proc', 'cmdline']","['libprocps.so.8', 'libdl.so.2', 'libc.so.6', 'libsystemd.so.0', 'librt.so.1', 'liblzma.so.5', 'libzstd.so.1', 'liblz4.so.1', 'libgcrypt.so.20', 'libpthread.so.0', 'libgpg-error.so.0', 'libnss_files.so.2']",openat_root,openat_root_yes,623
fd393f66-c51b-44d3-bc85-0f8e2c1094dd_549564,984,openat,root,yes,6.0,6,ps,"['uptime', 'meminfo', 'proc', 'stat']","['libprocps.so.8', 'libdl.so.2', 'libc.so.6', 'libsystemd.so.0', 'librt.so.1', 'liblzma.so.5', 'libzstd.so.1', 'liblz4.so.1', 'libgcrypt.so.20', 'libpthread.so.0', 'libgpg-error.so.0', 'libnss_files.so.2']",openat_root,openat_root_yes,624
fd393f66-c51b-44d3-bc85-0f8e2c1094dd_549564,984,openat,root,yes,6.0,6,ps,"['uptime', 'meminfo', 'proc', 'status']","['libprocps.so.8', 'libdl.so.2', 'libc.so.6', 'libsystemd.so.0', 'librt.so.1', 'liblzma.so.5', 'libzstd.so.1', 'liblz4.so.1', 'libgcrypt.so.20', 'libpthread.so.0', 'libgpg-error.so.0', 'libnss_files.so.2']",openat_root,openat_root_yes,625
fd393f66-c51b-44d3-bc85-0f8e2c1094dd_549564,984,openat,root,yes,6.0,6,ps,"['uptime', 'meminfo', 'proc', 'cmdline']","['libprocps.so.8', 'libdl.so.2', 'libc.so.6', 'libsystemd.so.0', 'librt.so.1', 'liblzma.so.5', 'libzstd.so.1', 'liblz4.so.1', 'libgcrypt.so.20', 'libpthread.so.0', 'libgpg-error.so.0', 'libnss_files.so.2']",openat_root,openat_root_yes,626
fd393f66-c51b-44d3-bc85-0f8e2c1094dd_549564,984,openat,root,yes,6.0,6,ps,"['uptime', 'meminfo', 'proc', 'stat']","['libprocps.so.8', 'libdl.so.2', 'libc.so.6', 'libsystemd.so.0', 'librt.so.1', 'liblzma.so.5', 'libzstd.so.1', 'liblz4.so.1', 'libgcrypt.so.20', 'libpthread.so.0', 'libgpg-error.so.0', 'libnss_files.so.2']",openat_root,openat_root_yes,627
fd393f66-c51b-44d3-bc85-0f8e2c1094dd_549564,984,openat,root,yes,6.0,6,ps,"['uptime', 'meminfo', 'proc', 'status']","['libprocps.so.8', 'libdl.so.2', 'libc.so.6', 'libsystemd.so.0', 'librt.so.1', 'liblzma.so.5', 'libzstd.so.1', 'liblz4.so.1', 'libgcrypt.so.20', 'libpthread.so.0', 'libgpg-error.so.0', 'libnss_files.so.2']",openat_root,openat_root_yes,628
fd393f66-c51b-44d3-bc85-0f8e2c1094dd_549564,984,openat,root,yes,6.0,6,ps,"['uptime', 'meminfo', 'proc', 'cmdline']","['libprocps.so.8', 'libdl.so.2', 'libc.so.6', 'libsystemd.so.0', 'librt.so.1', 'liblzma.so.5', 'libzstd.so.1', 'liblz4.so.1', 'libgcrypt.so.20', 'libpthread.so.0', 'libgpg-error.so.0', 'libnss_files.so.2']",openat_root,openat_root_yes,629
fd393f66-c51b-44d3-bc85-0f8e2c1094dd_549564,984,openat,root,yes,6.0,6,ps,"['uptime', 'meminfo', 'proc', 'stat']","['libprocps.so.8', 'libdl.so.2', 'libc.so.6', 'libsystemd.so.0', 'librt.so.1', 'liblzma.so.5', 'libzstd.so.1', 'liblz4.so.1', 'libgcrypt.so.20', 'libpthread.so.0', 'libgpg-error.so.0', 'libnss_files.so.2']",openat_root,openat_root_yes,630
fd393f66-c51b-44d3-bc85-0f8e2c1094dd_549564,984,openat,root,yes,6.0,6,ps,"['uptime', 'meminfo', 'proc', 'status']","['libprocps.so.8', 'libdl.so.2', 'libc.so.6', 'libsystemd.so.0', 'librt.so.1', 'liblzma.so.5', 'libzstd.so.1', 'liblz4.so.1', 'libgcrypt.so.20', 'libpthread.so.0', 'libgpg-error.so.0', 'libnss_files.so.2']",openat_root,openat_root_yes,631
fd393f66-c51b-44d3-bc85-0f8e2c1094dd_549564,984,openat,root,yes,6.0,6,ps,"['uptime', 'meminfo', 'proc', 'cmdline']","['libprocps.so.8', 'libdl.so.2', 'libc.so.6', 'libsystemd.so.0', 'librt.so.1', 'liblzma.so.5', 'libzstd.so.1', 'liblz4.so.1', 'libgcrypt.so.20', 'libpthread.so.0', 'libgpg-error.so.0', 'libnss_files.so.2']",openat_root,openat_root_yes,632
fd393f66-c51b-44d3-bc85-0f8e2c1094dd_549564,984,openat,root,yes,6.0,6,ps,"['uptime', 'meminfo', 'proc', 'stat']","['libprocps.so.8', 'libdl.so.2', 'libc.so.6', 'libsystemd.so.0', 'librt.so.1', 'liblzma.so.5', 'libzstd.so.1', 'liblz4.so.1', 'libgcrypt.so.20', 'libpthread.so.0', 'libgpg-error.so.0', 'libnss_files.so.2']",openat_root,openat_root_yes,633
fd393f66-c51b-44d3-bc85-0f8e2c1094dd_549564,984,openat,root,yes,6.0,6,ps,"['uptime', 'meminfo', 'proc', 'status']","['libprocps.so.8', 'libdl.so.2', 'libc.so.6', 'libsystemd.so.0', 'librt.so.1', 'liblzma.so.5', 'libzstd.so.1', 'liblz4.so.1', 'libgcrypt.so.20', 'libpthread.so.0', 'libgpg-error.so.0', 'libnss_files.so.2']",openat_root,openat_root_yes,634
fd393f66-c51b-44d3-bc85-0f8e2c1094dd_549564,984,openat,root,yes,6.0,6,ps,"['uptime', 'meminfo', 'proc', 'cmdline']","['libprocps.so.8', 'libdl.so.2', 'libc.so.6', 'libsystemd.so.0', 'librt.so.1', 'liblzma.so.5', 'libzstd.so.1', 'liblz4.so.1', 'libgcrypt.so.20', 'libpthread.so.0', 'libgpg-error.so.0', 'libnss_files.so.2']",openat_root,openat_root_yes,635
fd393f66-c51b-44d3-bc85-0f8e2c1094dd_549564,984,openat,root,yes,6.0,6,ps,"['uptime', 'meminfo', 'proc', 'stat']","['libprocps.so.8', 'libdl.so.2', 'libc.so.6', 'libsystemd.so.0', 'librt.so.1', 'liblzma.so.5', 'libzstd.so.1', 'liblz4.so.1', 'libgcrypt.so.20', 'libpthread.so.0', 'libgpg-error.so.0', 'libnss_files.so.2']",openat_root,openat_root_yes,636
fd393f66-c51b-44d3-bc85-0f8e2c1094dd_549564,988,close,root,yes,0.0,0,ps,"['uptime', 'meminfo', 'proc']","['libprocps.so.8', 'libdl.so.2', 'libc.so.6', 'libsystemd.so.0', 'librt.so.1', 'liblzma.so.5', 'libzstd.so.1', 'liblz4.so.1', 'libgcrypt.so.20', 'libpthread.so.0', 'libgpg-error.so.0', 'libnss_files.so.2']",close_root,close_root_yes,637
fd393f66-c51b-44d3-bc85-0f8e2c1094dd_549564,988,openat,root,yes,6.0,6,ps,"['uptime', 'meminfo', 'proc', 'status']","['libprocps.so.8', 'libdl.so.2', 'libc.so.6', 'libsystemd.so.0', 'librt.so.1', 'liblzma.so.5', 'libzstd.so.1', 'liblz4.so.1', 'libgcrypt.so.20', 'libpthread.so.0', 'libgpg-error.so.0', 'libnss_files.so.2']",openat_root,openat_root_yes,638
fd393f66-c51b-44d3-bc85-0f8e2c1094dd_549564,988,openat,root,yes,6.0,6,ps,"['uptime', 'meminfo', 'proc', 'cmdline']","['libprocps.so.8', 'libdl.so.2', 'libc.so.6', 'libsystemd.so.0', 'librt.so.1', 'liblzma.so.5', 'libzstd.so.1', 'liblz4.so.1', 'libgcrypt.so.20', 'libpthread.so.0', 'libgpg-error.so.0', 'libnss_files.so.2']",openat_root,openat_root_yes,639
fd393f66-c51b-44d3-bc85-0f8e2c1094dd_549564,988,openat,root,yes,6.0,6,ps,"['uptime', 'meminfo', 'proc', 'stat']","['libprocps.so.8', 'libdl.so.2', 'libc.so.6', 'libsystemd.so.0', 'librt.so.1', 'liblzma.so.5', 'libzstd.so.1', 'liblz4.so.1', 'libgcrypt.so.20', 'libpthread.so.0', 'libgpg-error.so.0', 'libnss_files.so.2']",openat_root,openat_root_yes,640
fd393f66-c51b-44d3-bc85-0f8e2c1094dd_549564,988,openat,root,yes,6.0,6,ps,"['uptime', 'meminfo', 'proc', 'status']","['libprocps.so.8', 'libdl.so.2', 'libc.so.6', 'libsystemd.so.0', 'librt.so.1', 'liblzma.so.5', 'libzstd.so.1', 'liblz4.so.1', 'libgcrypt.so.20', 'libpthread.so.0', 'libgpg-error.so.0', 'libnss_files.so.2']",openat_root,openat_root_yes,641
fd393f66-c51b-44d3-bc85-0f8e2c1094dd_549564,992,close,root,yes,0.0,0,ps,"['uptime', 'meminfo', 'proc']","['libprocps.so.8', 'libdl.so.2', 'libc.so.6', 'libsystemd.so.0', 'librt.so.1', 'liblzma.so.5', 'libzstd.so.1', 'liblz4.so.1', 'libgcrypt.so.20', 'libpthread.so.0', 'libgpg-error.so.0', 'libnss_files.so.2']",close_root,close_root_yes,642
fd393f66-c51b-44d3-bc85-0f8e2c1094dd_549564,992,openat,root,yes,6.0,6,ps,"['uptime', 'meminfo', 'proc', 'passwd']","['libprocps.so.8', 'libdl.so.2', 'libc.so.6', 'libsystemd.so.0', 'librt.so.1', 'liblzma.so.5', 'libzstd.so.1', 'liblz4.so.1', 'libgcrypt.so.20', 'libpthread.so.0', 'libgpg-error.so.0', 'libnss_files.so.2']",openat_root,openat_root_yes,643
fd393f66-c51b-44d3-bc85-0f8e2c1094dd_549564,992,openat,root,yes,6.0,6,ps,"['uptime', 'meminfo', 'proc', 'cmdline']","['libprocps.so.8', 'libdl.so.2', 'libc.so.6', 'libsystemd.so.0', 'librt.so.1', 'liblzma.so.5', 'libzstd.so.1', 'liblz4.so.1', 'libgcrypt.so.20', 'libpthread.so.0', 'libgpg-error.so.0', 'libnss_files.so.2']",openat_root,openat_root_yes,644
fd393f66-c51b-44d3-bc85-0f8e2c1094dd_549564,992,openat,root,yes,6.0,6,ps,"['uptime', 'meminfo', 'proc', 'stat']","['libprocps.so.8', 'libdl.so.2', 'libc.so.6', 'libsystemd.so.0', 'librt.so.1', 'liblzma.so.5', 'libzstd.so.1', 'liblz4.so.1', 'libgcrypt.so.20', 'libpthread.so.0', 'libgpg-error.so.0', 'libnss_files.so.2']",openat_root,openat_root_yes,645
fd393f66-c51b-44d3-bc85-0f8e2c1094dd_549564,992,openat,root,yes,6.0,6,ps,"['uptime', 'meminfo', 'proc', 'status']","['libprocps.so.8', 'libdl.so.2', 'libc.so.6', 'libsystemd.so.0', 'librt.so.1', 'liblzma.so.5', 'libzstd.so.1', 'liblz4.so.1', 'libgcrypt.so.20', 'libpthread.so.0', 'libgpg-error.so.0', 'libnss_files.so.2']",openat_root,openat_root_yes,646
fd393f66-c51b-44d3-bc85-0f8e2c1094dd_549564,992,openat,root,yes,6.0,6,ps,"['uptime', 'meminfo', 'proc', 'cmdline']","['libprocps.so.8', 'libdl.so.2', 'libc.so.6', 'libsystemd.so.0', 'librt.so.1', 'liblzma.so.5', 'libzstd.so.1', 'liblz4.so.1', 'libgcrypt.so.20', 'libpthread.so.0', 'libgpg-error.so.0', 'libnss_files.so.2']",openat_root,openat_root_yes,647
fd393f66-c51b-44d3-bc85-0f8e2c1094dd_549564,996,close,root,yes,0.0,0,ps,"['uptime', 'meminfo', 'proc']","['libprocps.so.8', 'libdl.so.2', 'libc.so.6', 'libsystemd.so.0', 'librt.so.1', 'liblzma.so.5', 'libzstd.so.1', 'liblz4.so.1', 'libgcrypt.so.20', 'libpthread.so.0', 'libgpg-error.so.0', 'libnss_files.so.2']",close_root,close_root_yes,648
fd393f66-c51b-44d3-bc85-0f8e2c1094dd_549564,996,openat,root,yes,6.0,6,ps,"['uptime', 'meminfo', 'proc', 'stat']","['libprocps.so.8', 'libdl.so.2', 'libc.so.6', 'libsystemd.so.0', 'librt.so.1', 'liblzma.so.5', 'libzstd.so.1', 'liblz4.so.1', 'libgcrypt.so.20', 'libpthread.so.0', 'libgpg-error.so.0', 'libnss_files.so.2']",openat_root,openat_root_yes,649
fd393f66-c51b-44d3-bc85-0f8e2c1094dd_549564,996,openat,root,yes,6.0,6,ps,"['uptime', 'meminfo', 'proc', 'status']","['libprocps.so.8', 'libdl.so.2', 'libc.so.6', 'libsystemd.so.0', 'librt.so.1', 'liblzma.so.5', 'libzstd.so.1', 'liblz4.so.1', 'libgcrypt.so.20', 'libpthread.so.0', 'libgpg-error.so.0', 'libnss_files.so.2']",openat_root,openat_root_yes,650
fd393f66-c51b-44d3-bc85-0f8e2c1094dd_549564,996,openat,root,yes,6.0,6,ps,"['uptime', 'meminfo', 'proc', 'passwd']","['libprocps.so.8', 'libdl.so.2', 'libc.so.6', 'libsystemd.so.0', 'librt.so.1', 'liblzma.so.5', 'libzstd.so.1', 'liblz4.so.1', 'libgcrypt.so.20', 'libpthread.so.0', 'libgpg-error.so.0', 'libnss_files.so.2']",openat_root,openat_root_yes,651
fd393f66-c51b-44d3-bc85-0f8e2c1094dd_549564,996,openat,root,yes,6.0,6,ps,"['uptime', 'meminfo', 'proc', 'cmdline']","['libprocps.so.8', 'libdl.so.2', 'libc.so.6', 'libsystemd.so.0', 'librt.so.1', 'liblzma.so.5', 'libzstd.so.1', 'liblz4.so.1', 'libgcrypt.so.20', 'libpthread.so.0', 'libgpg-error.so.0', 'libnss_files.so.2']",openat_root,openat_root_yes,652
fd393f66-c51b-44d3-bc85-0f8e2c1094dd_549564,996,openat,root,yes,6.0,6,ps,"['uptime', 'meminfo', 'proc', 'stat']","['libprocps.so.8', 'libdl.so.2', 'libc.so.6', 'libsystemd.so.0', 'librt.so.1', 'liblzma.so.5', 'libzstd.so.1', 'liblz4.so.1', 'libgcrypt.so.20', 'libpthread.so.0', 'libgpg-error.so.0', 'libnss_files.so.2']",openat_root,openat_root_yes,653
fd393f66-c51b-44d3-bc85-0f8e2c1094dd_549564,996,openat,root,yes,6.0,6,ps,"['uptime', 'meminfo', 'proc', 'status']","['libprocps.so.8', 'libdl.so.2', 'libc.so.6', 'libsystemd.so.0', 'librt.so.1', 'liblzma.so.5', 'libzstd.so.1', 'liblz4.so.1', 'libgcrypt.so.20', 'libpthread.so.0', 'libgpg-error.so.0', 'libnss_files.so.2']",openat_root,openat_root_yes,654
fd393f66-c51b-44d3-bc85-0f8e2c1094dd_549564,996,openat,root,yes,6.0,6,ps,"['uptime', 'meminfo', 'proc', 'cmdline']","['libprocps.so.8', 'libdl.so.2', 'libc.so.6', 'libsystemd.so.0', 'librt.so.1', 'liblzma.so.5', 'libzstd.so.1', 'liblz4.so.1', 'libgcrypt.so.20', 'libpthread.so.0', 'libgpg-error.so.0', 'libnss_files.so.2']",openat_root,openat_root_yes,655
fd393f66-c51b-44d3-bc85-0f8e2c1094dd_549564,996,openat,root,yes,6.0,6,ps,"['uptime', 'meminfo', 'proc', 'stat']","['libprocps.so.8', 'libdl.so.2', 'libc.so.6', 'libsystemd.so.0', 'librt.so.1', 'liblzma.so.5', 'libzstd.so.1', 'liblz4.so.1', 'libgcrypt.so.20', 'libpthread.so.0', 'libgpg-error.so.0', 'libnss_files.so.2']",openat_root,openat_root_yes,656
fd393f66-c51b-44d3-bc85-0f8e2c1094dd_549564,1000,close,root,yes,0.0,0,ps,"['uptime', 'meminfo', 'proc']","['libprocps.so.8', 'libdl.so.2', 'libc.so.6', 'libsystemd.so.0', 'librt.so.1', 'liblzma.so.5', 'libzstd.so.1', 'liblz4.so.1', 'libgcrypt.so.20', 'libpthread.so.0', 'libgpg-error.so.0', 'libnss_files.so.2']",close_root,close_root_yes,657
fd393f66-c51b-44d3-bc85-0f8e2c1094dd_549564,1000,openat,root,yes,6.0,6,ps,"['uptime', 'meminfo', 'proc', 'status']","['libprocps.so.8', 'libdl.so.2', 'libc.so.6', 'libsystemd.so.0', 'librt.so.1', 'liblzma.so.5', 'libzstd.so.1', 'liblz4.so.1', 'libgcrypt.so.20', 'libpthread.so.0', 'libgpg-error.so.0', 'libnss_files.so.2']",openat_root,openat_root_yes,658
fd393f66-c51b-44d3-bc85-0f8e2c1094dd_549564,1000,openat,root,yes,6.0,6,ps,"['uptime', 'meminfo', 'proc', 'cmdline']","['libprocps.so.8', 'libdl.so.2', 'libc.so.6', 'libsystemd.so.0', 'librt.so.1', 'liblzma.so.5', 'libzstd.so.1', 'liblz4.so.1', 'libgcrypt.so.20', 'libpthread.so.0', 'libgpg-error.so.0', 'libnss_files.so.2']",openat_root,openat_root_yes,659
fd393f66-c51b-44d3-bc85-0f8e2c1094dd_549564,1000,openat,root,yes,6.0,6,ps,"['uptime', 'meminfo', 'proc', 'stat']","['libprocps.so.8', 'libdl.so.2', 'libc.so.6', 'libsystemd.so.0', 'librt.so.1', 'liblzma.so.5', 'libzstd.so.1', 'liblz4.so.1', 'libgcrypt.so.20', 'libpthread.so.0', 'libgpg-error.so.0', 'libnss_files.so.2']",openat_root,openat_root_yes,660
fd393f66-c51b-44d3-bc85-0f8e2c1094dd_549564,1000,openat,root,yes,6.0,6,ps,"['uptime', 'meminfo', 'proc', 'status']","['libprocps.so.8', 'libdl.so.2', 'libc.so.6', 'libsystemd.so.0', 'librt.so.1', 'liblzma.so.5', 'libzstd.so.1', 'liblz4.so.1', 'libgcrypt.so.20', 'libpthread.so.0', 'libgpg-error.so.0', 'libnss_files.so.2']",openat_root,openat_root_yes,661
fd393f66-c51b-44d3-bc85-0f8e2c1094dd_549564,1000,openat,root,yes,6.0,6,ps,"['uptime', 'meminfo', 'proc', 'cmdline']","['libprocps.so.8', 'libdl.so.2', 'libc.so.6', 'libsystemd.so.0', 'librt.so.1', 'liblzma.so.5', 'libzstd.so.1', 'liblz4.so.1', 'libgcrypt.so.20', 'libpthread.so.0', 'libgpg-error.so.0', 'libnss_files.so.2']",openat_root,openat_root_yes,662
fd393f66-c51b-44d3-bc85-0f8e2c1094dd_549564,1000,openat,root,yes,6.0,6,ps,"['uptime', 'meminfo', 'proc', 'stat']","['libprocps.so.8', 'libdl.so.2', 'libc.so.6', 'libsystemd.so.0', 'librt.so.1', 'liblzma.so.5', 'libzstd.so.1', 'liblz4.so.1', 'libgcrypt.so.20', 'libpthread.so.0', 'libgpg-error.so.0', 'libnss_files.so.2']",openat_root,openat_root_yes,663
fd393f66-c51b-44d3-bc85-0f8e2c1094dd_549564,1000,openat,root,yes,6.0,6,ps,"['uptime', 'meminfo', 'proc', 'status']","['libprocps.so.8', 'libdl.so.2', 'libc.so.6', 'libsystemd.so.0', 'librt.so.1', 'liblzma.so.5', 'libzstd.so.1', 'liblz4.so.1', 'libgcrypt.so.20', 'libpthread.so.0', 'libgpg-error.so.0', 'libnss_files.so.2']",openat_root,openat_root_yes,664
fd393f66-c51b-44d3-bc85-0f8e2c1094dd_549564,1000,openat,root,yes,6.0,6,ps,"['uptime', 'meminfo', 'proc', 'passwd']","['libprocps.so.8', 'libdl.so.2', 'libc.so.6', 'libsystemd.so.0', 'librt.so.1', 'liblzma.so.5', 'libzstd.so.1', 'liblz4.so.1', 'libgcrypt.so.20', 'libpthread.so.0', 'libgpg-error.so.0', 'libnss_files.so.2']",openat_root,openat_root_yes,665
fd393f66-c51b-44d3-bc85-0f8e2c1094dd_549564,1004,openat,root,yes,6.0,6,ps,"['uptime', 'meminfo', 'proc', 'cmdline']","['libprocps.so.8', 'libdl.so.2', 'libc.so.6', 'libsystemd.so.0', 'librt.so.1', 'liblzma.so.5', 'libzstd.so.1', 'liblz4.so.1', 'libgcrypt.so.20', 'libpthread.so.0', 'libgpg-error.so.0', 'libnss_files.so.2']",openat_root,openat_root_yes,666
fd393f66-c51b-44d3-bc85-0f8e2c1094dd_549564,1004,close,root,yes,0.0,0,ps,"['uptime', 'meminfo', 'proc']","['libprocps.so.8', 'libdl.so.2', 'libc.so.6', 'libsystemd.so.0', 'librt.so.1', 'liblzma.so.5', 'libzstd.so.1', 'liblz4.so.1', 'libgcrypt.so.20', 'libpthread.so.0', 'libgpg-error.so.0', 'libnss_files.so.2']",close_root,close_root_yes,667
fd393f66-c51b-44d3-bc85-0f8e2c1094dd_549564,1004,openat,root,yes,6.0,6,ps,"['uptime', 'meminfo', 'proc', 'stat']","['libprocps.so.8', 'libdl.so.2', 'libc.so.6', 'libsystemd.so.0', 'librt.so.1', 'liblzma.so.5', 'libzstd.so.1', 'liblz4.so.1', 'libgcrypt.so.20', 'libpthread.so.0', 'libgpg-error.so.0', 'libnss_files.so.2']",openat_root,openat_root_yes,668
fd393f66-c51b-44d3-bc85-0f8e2c1094dd_549564,1004,openat,root,yes,6.0,6,ps,"['uptime', 'meminfo', 'proc', 'status']","['libprocps.so.8', 'libdl.so.2', 'libc.so.6', 'libsystemd.so.0', 'librt.so.1', 'liblzma.so.5', 'libzstd.so.1', 'liblz4.so.1', 'libgcrypt.so.20', 'libpthread.so.0', 'libgpg-error.so.0', 'libnss_files.so.2']",openat_root,openat_root_yes,669
fd393f66-c51b-44d3-bc85-0f8e2c1094dd_549564,1004,openat,root,yes,6.0,6,ps,"['uptime', 'meminfo', 'proc', 'cmdline']","['libprocps.so.8', 'libdl.so.2', 'libc.so.6', 'libsystemd.so.0', 'librt.so.1', 'liblzma.so.5', 'libzstd.so.1', 'liblz4.so.1', 'libgcrypt.so.20', 'libpthread.so.0', 'libgpg-error.so.0', 'libnss_files.so.2']",openat_root,openat_root_yes,670
fd393f66-c51b-44d3-bc85-0f8e2c1094dd_549564,1004,openat,root,yes,6.0,6,ps,"['uptime', 'meminfo', 'proc', 'stat']","['libprocps.so.8', 'libdl.so.2', 'libc.so.6', 'libsystemd.so.0', 'librt.so.1', 'liblzma.so.5', 'libzstd.so.1', 'liblz4.so.1', 'libgcrypt.so.20', 'libpthread.so.0', 'libgpg-error.so.0', 'libnss_files.so.2']",openat_root,openat_root_yes,671
fd393f66-c51b-44d3-bc85-0f8e2c1094dd_549564,1004,openat,root,yes,6.0,6,ps,"['uptime', 'meminfo', 'proc', 'status']","['libprocps.so.8', 'libdl.so.2', 'libc.so.6', 'libsystemd.so.0', 'librt.so.1', 'liblzma.so.5', 'libzstd.so.1', 'liblz4.so.1', 'libgcrypt.so.20', 'libpthread.so.0', 'libgpg-error.so.0', 'libnss_files.so.2']",openat_root,openat_root_yes,672
fd393f66-c51b-44d3-bc85-0f8e2c1094dd_549564,1004,openat,root,yes,6.0,6,ps,"['uptime', 'meminfo', 'proc', 'cmdline']","['libprocps.so.8', 'libdl.so.2', 'libc.so.6', 'libsystemd.so.0', 'librt.so.1', 'liblzma.so.5', 'libzstd.so.1', 'liblz4.so.1', 'libgcrypt.so.20', 'libpthread.so.0', 'libgpg-error.so.0', 'libnss_files.so.2']",openat_root,openat_root_yes,673
fd393f66-c51b-44d3-bc85-0f8e2c1094dd_549564,1004,openat,root,yes,6.0,6,ps,"['uptime', 'meminfo', 'proc', 'stat']","['libprocps.so.8', 'libdl.so.2', 'libc.so.6', 'libsystemd.so.0', 'librt.so.1', 'liblzma.so.5', 'libzstd.so.1', 'liblz4.so.1', 'libgcrypt.so.20', 'libpthread.so.0', 'libgpg-error.so.0', 'libnss_files.so.2']",openat_root,openat_root_yes,674
fd393f66-c51b-44d3-bc85-0f8e2c1094dd_549564,1004,openat,root,yes,6.0,6,ps,"['uptime', 'meminfo', 'proc', 'status']","['libprocps.so.8', 'libdl.so.2', 'libc.so.6', 'libsystemd.so.0', 'librt.so.1', 'liblzma.so.5', 'libzstd.so.1', 'liblz4.so.1', 'libgcrypt.so.20', 'libpthread.so.0', 'libgpg-error.so.0', 'libnss_files.so.2']",openat_root,openat_root_yes,675
fd393f66-c51b-44d3-bc85-0f8e2c1094dd_549564,1008,close,root,yes,0.0,0,ps,"['uptime', 'meminfo', 'proc']","['libprocps.so.8', 'libdl.so.2', 'libc.so.6', 'libsystemd.so.0', 'librt.so.1', 'liblzma.so.5', 'libzstd.so.1', 'liblz4.so.1', 'libgcrypt.so.20', 'libpthread.so.0', 'libgpg-error.so.0', 'libnss_files.so.2']",close_root,close_root_yes,676
fd393f66-c51b-44d3-bc85-0f8e2c1094dd_549564,1008,openat,root,yes,6.0,6,ps,"['uptime', 'meminfo', 'proc', 'cmdline']","['libprocps.so.8', 'libdl.so.2', 'libc.so.6', 'libsystemd.so.0', 'librt.so.1', 'liblzma.so.5', 'libzstd.so.1', 'liblz4.so.1', 'libgcrypt.so.20', 'libpthread.so.0', 'libgpg-error.so.0', 'libnss_files.so.2']",openat_root,openat_root_yes,677
fd393f66-c51b-44d3-bc85-0f8e2c1094dd_549564,1008,openat,root,yes,6.0,6,ps,"['uptime', 'meminfo', 'proc', 'stat']","['libprocps.so.8', 'libdl.so.2', 'libc.so.6', 'libsystemd.so.0', 'librt.so.1', 'liblzma.so.5', 'libzstd.so.1', 'liblz4.so.1', 'libgcrypt.so.20', 'libpthread.so.0', 'libgpg-error.so.0', 'libnss_files.so.2']",openat_root,openat_root_yes,678
fd393f66-c51b-44d3-bc85-0f8e2c1094dd_549564,1008,openat,root,yes,6.0,6,ps,"['uptime', 'meminfo', 'proc', 'status']","['libprocps.so.8', 'libdl.so.2', 'libc.so.6', 'libsystemd.so.0', 'librt.so.1', 'liblzma.so.5', 'libzstd.so.1', 'liblz4.so.1', 'libgcrypt.so.20', 'libpthread.so.0', 'libgpg-error.so.0', 'libnss_files.so.2']",openat_root,openat_root_yes,679
fd393f66-c51b-44d3-bc85-0f8e2c1094dd_549564,1008,openat,root,yes,6.0,6,ps,"['uptime', 'meminfo', 'proc', 'cmdline']","['libprocps.so.8', 'libdl.so.2', 'libc.so.6', 'libsystemd.so.0', 'librt.so.1', 'liblzma.so.5', 'libzstd.so.1', 'liblz4.so.1', 'libgcrypt.so.20', 'libpthread.so.0', 'libgpg-error.so.0', 'libnss_files.so.2']",openat_root,openat_root_yes,680
fd393f66-c51b-44d3-bc85-0f8e2c1094dd_549564,1008,openat,root,yes,6.0,6,ps,"['uptime', 'meminfo', 'proc', 'stat']","['libprocps.so.8', 'libdl.so.2', 'libc.so.6', 'libsystemd.so.0', 'librt.so.1', 'liblzma.so.5', 'libzstd.so.1', 'liblz4.so.1', 'libgcrypt.so.20', 'libpthread.so.0', 'libgpg-error.so.0', 'libnss_files.so.2']",openat_root,openat_root_yes,681
fd393f66-c51b-44d3-bc85-0f8e2c1094dd_549564,1012,openat,root,yes,6.0,6,ps,"['uptime', 'meminfo', 'proc', 'status']","['libprocps.so.8', 'libdl.so.2', 'libc.so.6', 'libsystemd.so.0', 'librt.so.1', 'liblzma.so.5', 'libzstd.so.1', 'liblz4.so.1', 'libgcrypt.so.20', 'libpthread.so.0', 'libgpg-error.so.0', 'libnss_files.so.2']",openat_root,openat_root_yes,682
fd393f66-c51b-44d3-bc85-0f8e2c1094dd_549564,1012,close,root,yes,0.0,0,ps,"['uptime', 'meminfo', 'proc']","['libprocps.so.8', 'libdl.so.2', 'libc.so.6', 'libsystemd.so.0', 'librt.so.1', 'liblzma.so.5', 'libzstd.so.1', 'liblz4.so.1', 'libgcrypt.so.20', 'libpthread.so.0', 'libgpg-error.so.0', 'libnss_files.so.2']",close_root,close_root_yes,683
fd393f66-c51b-44d3-bc85-0f8e2c1094dd_549564,1012,openat,root,yes,6.0,6,ps,"['uptime', 'meminfo', 'proc', 'cmdline']","['libprocps.so.8', 'libdl.so.2', 'libc.so.6', 'libsystemd.so.0', 'librt.so.1', 'liblzma.so.5', 'libzstd.so.1', 'liblz4.so.1', 'libgcrypt.so.20', 'libpthread.so.0', 'libgpg-error.so.0', 'libnss_files.so.2']",openat_root,openat_root_yes,684
fd393f66-c51b-44d3-bc85-0f8e2c1094dd_549564,1012,openat,root,yes,6.0,6,ps,"['uptime', 'meminfo', 'proc', 'stat']","['libprocps.so.8', 'libdl.so.2', 'libc.so.6', 'libsystemd.so.0', 'librt.so.1', 'liblzma.so.5', 'libzstd.so.1', 'liblz4.so.1', 'libgcrypt.so.20', 'libpthread.so.0', 'libgpg-error.so.0', 'libnss_files.so.2']",openat_root,openat_root_yes,685
fd393f66-c51b-44d3-bc85-0f8e2c1094dd_549564,1012,openat,root,yes,6.0,6,ps,"['uptime', 'meminfo', 'proc', 'status']","['libprocps.so.8', 'libdl.so.2', 'libc.so.6', 'libsystemd.so.0', 'librt.so.1', 'liblzma.so.5', 'libzstd.so.1', 'liblz4.so.1', 'libgcrypt.so.20', 'libpthread.so.0', 'libgpg-error.so.0', 'libnss_files.so.2']",openat_root,openat_root_yes,686
fd393f66-c51b-44d3-bc85-0f8e2c1094dd_549564,1012,openat,root,yes,6.0,6,ps,"['uptime', 'meminfo', 'proc', 'cmdline']","['libprocps.so.8', 'libdl.so.2', 'libc.so.6', 'libsystemd.so.0', 'librt.so.1', 'liblzma.so.5', 'libzstd.so.1', 'liblz4.so.1', 'libgcrypt.so.20', 'libpthread.so.0', 'libgpg-error.so.0', 'libnss_files.so.2']",openat_root,openat_root_yes,687
fd393f66-c51b-44d3-bc85-0f8e2c1094dd_549564,1012,openat,root,yes,6.0,6,ps,"['uptime', 'meminfo', 'proc', 'stat']","['libprocps.so.8', 'libdl.so.2', 'libc.so.6', 'libsystemd.so.0', 'librt.so.1', 'liblzma.so.5', 'libzstd.so.1', 'liblz4.so.1', 'libgcrypt.so.20', 'libpthread.so.0', 'libgpg-error.so.0', 'libnss_files.so.2']",openat_root,openat_root_yes,688
fd393f66-c51b-44d3-bc85-0f8e2c1094dd_549564,1012,openat,root,yes,6.0,6,ps,"['uptime', 'meminfo', 'proc', 'status']","['libprocps.so.8', 'libdl.so.2', 'libc.so.6', 'libsystemd.so.0', 'librt.so.1', 'liblzma.so.5', 'libzstd.so.1', 'liblz4.so.1', 'libgcrypt.so.20', 'libpthread.so.0', 'libgpg-error.so.0', 'libnss_files.so.2']",openat_root,openat_root_yes,689
fd393f66-c51b-44d3-bc85-0f8e2c1094dd_549564,1016,openat,root,yes,6.0,6,ps,"['uptime', 'meminfo', 'proc', 'cmdline']","['libprocps.so.8', 'libdl.so.2', 'libc.so.6', 'libsystemd.so.0', 'librt.so.1', 'liblzma.so.5', 'libzstd.so.1', 'liblz4.so.1', 'libgcrypt.so.20', 'libpthread.so.0', 'libgpg-error.so.0', 'libnss_files.so.2']",openat_root,openat_root_yes,690
fd393f66-c51b-44d3-bc85-0f8e2c1094dd_549564,1016,close,root,yes,0.0,0,ps,"['uptime', 'meminfo', 'proc']","['libprocps.so.8', 'libdl.so.2', 'libc.so.6', 'libsystemd.so.0', 'librt.so.1', 'liblzma.so.5', 'libzstd.so.1', 'liblz4.so.1', 'libgcrypt.so.20', 'libpthread.so.0', 'libgpg-error.so.0', 'libnss_files.so.2']",close_root,close_root_yes,691
fd393f66-c51b-44d3-bc85-0f8e2c1094dd_549564,1016,openat,root,yes,6.0,6,ps,"['uptime', 'meminfo', 'proc', 'stat']","['libprocps.so.8', 'libdl.so.2', 'libc.so.6', 'libsystemd.so.0', 'librt.so.1', 'liblzma.so.5', 'libzstd.so.1', 'liblz4.so.1', 'libgcrypt.so.20', 'libpthread.so.0', 'libgpg-error.so.0', 'libnss_files.so.2']",openat_root,openat_root_yes,692
fd393f66-c51b-44d3-bc85-0f8e2c1094dd_549564,1016,openat,root,yes,6.0,6,ps,"['uptime', 'meminfo', 'proc', 'status']","['libprocps.so.8', 'libdl.so.2', 'libc.so.6', 'libsystemd.so.0', 'librt.so.1', 'liblzma.so.5', 'libzstd.so.1', 'liblz4.so.1', 'libgcrypt.so.20', 'libpthread.so.0', 'libgpg-error.so.0', 'libnss_files.so.2']",openat_root,openat_root_yes,693
fd393f66-c51b-44d3-bc85-0f8e2c1094dd_549564,1016,openat,root,yes,6.0,6,ps,"['uptime', 'meminfo', 'proc', 'cmdline']","['libprocps.so.8', 'libdl.so.2', 'libc.so.6', 'libsystemd.so.0', 'librt.so.1', 'liblzma.so.5', 'libzstd.so.1', 'liblz4.so.1', 'libgcrypt.so.20', 'libpthread.so.0', 'libgpg-error.so.0', 'libnss_files.so.2']",openat_root,openat_root_yes,694
fd393f66-c51b-44d3-bc85-0f8e2c1094dd_549564,1016,openat,root,yes,6.0,6,ps,"['uptime', 'meminfo', 'proc', 'stat']","['libprocps.so.8', 'libdl.so.2', 'libc.so.6', 'libsystemd.so.0', 'librt.so.1', 'liblzma.so.5', 'libzstd.so.1', 'liblz4.so.1', 'libgcrypt.so.20', 'libpthread.so.0', 'libgpg-error.so.0', 'libnss_files.so.2']",openat_root,openat_root_yes,695
fd393f66-c51b-44d3-bc85-0f8e2c1094dd_549564,1016,openat,root,yes,6.0,6,ps,"['uptime', 'meminfo', 'proc', 'status']","['libprocps.so.8', 'libdl.so.2', 'libc.so.6', 'libsystemd.so.0', 'librt.so.1', 'liblzma.so.5', 'libzstd.so.1', 'liblz4.so.1', 'libgcrypt.so.20', 'libpthread.so.0', 'libgpg-error.so.0', 'libnss_files.so.2']",openat_root,openat_root_yes,696
fd393f66-c51b-44d3-bc85-0f8e2c1094dd_549564,1016,openat,root,yes,6.0,6,ps,"['uptime', 'meminfo', 'proc', 'cmdline']","['libprocps.so.8', 'libdl.so.2', 'libc.so.6', 'libsystemd.so.0', 'librt.so.1', 'liblzma.so.5', 'libzstd.so.1', 'liblz4.so.1', 'libgcrypt.so.20', 'libpthread.so.0', 'libgpg-error.so.0', 'libnss_files.so.2']",openat_root,openat_root_yes,697
fd393f66-c51b-44d3-bc85-0f8e2c1094dd_549564,1020,close,root,yes,0.0,0,ps,"['uptime', 'meminfo', 'proc']","['libprocps.so.8', 'libdl.so.2', 'libc.so.6', 'libsystemd.so.0', 'librt.so.1', 'liblzma.so.5', 'libzstd.so.1', 'liblz4.so.1', 'libgcrypt.so.20', 'libpthread.so.0', 'libgpg-error.so.0', 'libnss_files.so.2']",close_root,close_root_yes,698
fd393f66-c51b-44d3-bc85-0f8e2c1094dd_549564,1020,openat,root,yes,6.0,6,ps,"['uptime', 'meminfo', 'proc', 'stat']","['libprocps.so.8', 'libdl.so.2', 'libc.so.6', 'libsystemd.so.0', 'librt.so.1', 'liblzma.so.5', 'libzstd.so.1', 'liblz4.so.1', 'libgcrypt.so.20', 'libpthread.so.0', 'libgpg-error.so.0', 'libnss_files.so.2']",openat_root,openat_root_yes,699
fd393f66-c51b-44d3-bc85-0f8e2c1094dd_549564,1020,openat,root,yes,6.0,6,ps,"['uptime', 'meminfo', 'proc', 'status']","['libprocps.so.8', 'libdl.so.2', 'libc.so.6', 'libsystemd.so.0', 'librt.so.1', 'liblzma.so.5', 'libzstd.so.1', 'liblz4.so.1', 'libgcrypt.so.20', 'libpthread.so.0', 'libgpg-error.so.0', 'libnss_files.so.2']",openat_root,openat_root_yes,700
fd393f66-c51b-44d3-bc85-0f8e2c1094dd_549564,1020,openat,root,yes,6.0,6,ps,"['uptime', 'meminfo', 'proc', 'cmdline']","['libprocps.so.8', 'libdl.so.2', 'libc.so.6', 'libsystemd.so.0', 'librt.so.1', 'liblzma.so.5', 'libzstd.so.1', 'liblz4.so.1', 'libgcrypt.so.20', 'libpthread.so.0', 'libgpg-error.so.0', 'libnss_files.so.2']",openat_root,openat_root_yes,701
fd393f66-c51b-44d3-bc85-0f8e2c1094dd_549564,1020,openat,root,yes,6.0,6,ps,"['uptime', 'meminfo', 'proc', 'stat']","['libprocps.so.8', 'libdl.so.2', 'libc.so.6', 'libsystemd.so.0', 'librt.so.1', 'liblzma.so.5', 'libzstd.so.1', 'liblz4.so.1', 'libgcrypt.so.20', 'libpthread.so.0', 'libgpg-error.so.0', 'libnss_files.so.2']",openat_root,openat_root_yes,702
fd393f66-c51b-44d3-bc85-0f8e2c1094dd_549564,1020,openat,root,yes,6.0,6,ps,"['uptime', 'meminfo', 'proc', 'status']","['libprocps.so.8', 'libdl.so.2', 'libc.so.6', 'libsystemd.so.0', 'librt.so.1', 'liblzma.so.5', 'libzstd.so.1', 'liblz4.so.1', 'libgcrypt.so.20', 'libpthread.so.0', 'libgpg-error.so.0', 'libnss_files.so.2']",openat_root,openat_root_yes,703
fd393f66-c51b-44d3-bc85-0f8e2c1094dd_549564,1020,openat,root,yes,6.0,6,ps,"['uptime', 'meminfo', 'proc', 'cmdline']","['libprocps.so.8', 'libdl.so.2', 'libc.so.6', 'libsystemd.so.0', 'librt.so.1', 'liblzma.so.5', 'libzstd.so.1', 'liblz4.so.1', 'libgcrypt.so.20', 'libpthread.so.0', 'libgpg-error.so.0', 'libnss_files.so.2']",openat_root,openat_root_yes,704
fd393f66-c51b-44d3-bc85-0f8e2c1094dd_549564,1020,openat,root,yes,6.0,6,ps,"['uptime', 'meminfo', 'proc', 'stat']","['libprocps.so.8', 'libdl.so.2', 'libc.so.6', 'libsystemd.so.0', 'librt.so.1', 'liblzma.so.5', 'libzstd.so.1', 'liblz4.so.1', 'libgcrypt.so.20', 'libpthread.so.0', 'libgpg-error.so.0', 'libnss_files.so.2']",openat_root,openat_root_yes,705
fd393f66-c51b-44d3-bc85-0f8e2c1094dd_549564,1024,close,root,yes,0.0,0,ps,"['uptime', 'meminfo', 'proc']","['libprocps.so.8', 'libdl.so.2', 'libc.so.6', 'libsystemd.so.0', 'librt.so.1', 'liblzma.so.5', 'libzstd.so.1', 'liblz4.so.1', 'libgcrypt.so.20', 'libpthread.so.0', 'libgpg-error.so.0', 'libnss_files.so.2']",close_root,close_root_yes,706
fd393f66-c51b-44d3-bc85-0f8e2c1094dd_549564,1024,openat,root,yes,6.0,6,ps,"['uptime', 'meminfo', 'proc', 'status']","['libprocps.so.8', 'libdl.so.2', 'libc.so.6', 'libsystemd.so.0', 'librt.so.1', 'liblzma.so.5', 'libzstd.so.1', 'liblz4.so.1', 'libgcrypt.so.20', 'libpthread.so.0', 'libgpg-error.so.0', 'libnss_files.so.2']",openat_root,openat_root_yes,707
fd393f66-c51b-44d3-bc85-0f8e2c1094dd_549564,1024,openat,root,yes,6.0,6,ps,"['uptime', 'meminfo', 'proc', 'cmdline']","['libprocps.so.8', 'libdl.so.2', 'libc.so.6', 'libsystemd.so.0', 'librt.so.1', 'liblzma.so.5', 'libzstd.so.1', 'liblz4.so.1', 'libgcrypt.so.20', 'libpthread.so.0', 'libgpg-error.so.0', 'libnss_files.so.2']",openat_root,openat_root_yes,708
fd393f66-c51b-44d3-bc85-0f8e2c1094dd_549564,1024,openat,root,yes,6.0,6,ps,"['uptime', 'meminfo', 'proc', 'stat']","['libprocps.so.8', 'libdl.so.2', 'libc.so.6', 'libsystemd.so.0', 'librt.so.1', 'liblzma.so.5', 'libzstd.so.1', 'liblz4.so.1', 'libgcrypt.so.20', 'libpthread.so.0', 'libgpg-error.so.0', 'libnss_files.so.2']",openat_root,openat_root_yes,709
fd393f66-c51b-44d3-bc85-0f8e2c1094dd_549564,1024,openat,root,yes,6.0,6,ps,"['uptime', 'meminfo', 'proc', 'status']","['libprocps.so.8', 'libdl.so.2', 'libc.so.6', 'libsystemd.so.0', 'librt.so.1', 'liblzma.so.5', 'libzstd.so.1', 'liblz4.so.1', 'libgcrypt.so.20', 'libpthread.so.0', 'libgpg-error.so.0', 'libnss_files.so.2']",openat_root,openat_root_yes,710
fd393f66-c51b-44d3-bc85-0f8e2c1094dd_549564,1024,openat,root,yes,6.0,6,ps,"['uptime', 'meminfo', 'proc', 'cmdline']","['libprocps.so.8', 'libdl.so.2', 'libc.so.6', 'libsystemd.so.0', 'librt.so.1', 'liblzma.so.5', 'libzstd.so.1', 'liblz4.so.1', 'libgcrypt.so.20', 'libpthread.so.0', 'libgpg-error.so.0', 'libnss_files.so.2']",openat_root,openat_root_yes,711
fd393f66-c51b-44d3-bc85-0f8e2c1094dd_549564,1024,openat,root,yes,6.0,6,ps,"['uptime', 'meminfo', 'proc', 'stat']","['libprocps.so.8', 'libdl.so.2', 'libc.so.6', 'libsystemd.so.0', 'librt.so.1', 'liblzma.so.5', 'libzstd.so.1', 'liblz4.so.1', 'libgcrypt.so.20', 'libpthread.so.0', 'libgpg-error.so.0', 'libnss_files.so.2']",openat_root,openat_root_yes,712
fd393f66-c51b-44d3-bc85-0f8e2c1094dd_549564,1024,openat,root,yes,6.0,6,ps,"['uptime', 'meminfo', 'proc', 'status']","['libprocps.so.8', 'libdl.so.2', 'libc.so.6', 'libsystemd.so.0', 'librt.so.1', 'liblzma.so.5', 'libzstd.so.1', 'liblz4.so.1', 'libgcrypt.so.20', 'libpthread.so.0', 'libgpg-error.so.0', 'libnss_files.so.2']",openat_root,openat_root_yes,713
fd393f66-c51b-44d3-bc85-0f8e2c1094dd_549564,1028,close,root,yes,0.0,0,ps,"['uptime', 'meminfo', 'proc']","['libprocps.so.8', 'libdl.so.2', 'libc.so.6', 'libsystemd.so.0', 'librt.so.1', 'liblzma.so.5', 'libzstd.so.1', 'liblz4.so.1', 'libgcrypt.so.20', 'libpthread.so.0', 'libgpg-error.so.0', 'libnss_files.so.2']",close_root,close_root_yes,714
fd393f66-c51b-44d3-bc85-0f8e2c1094dd_549564,1028,openat,root,yes,6.0,6,ps,"['uptime', 'meminfo', 'proc', 'cmdline']","['libprocps.so.8', 'libdl.so.2', 'libc.so.6', 'libsystemd.so.0', 'librt.so.1', 'liblzma.so.5', 'libzstd.so.1', 'liblz4.so.1', 'libgcrypt.so.20', 'libpthread.so.0', 'libgpg-error.so.0', 'libnss_files.so.2']",openat_root,openat_root_yes,715
fd393f66-c51b-44d3-bc85-0f8e2c1094dd_549564,1028,openat,root,yes,6.0,6,ps,"['uptime', 'meminfo', 'proc', 'stat']","['libprocps.so.8', 'libdl.so.2', 'libc.so.6', 'libsystemd.so.0', 'librt.so.1', 'liblzma.so.5', 'libzstd.so.1', 'liblz4.so.1', 'libgcrypt.so.20', 'libpthread.so.0', 'libgpg-error.so.0', 'libnss_files.so.2']",openat_root,openat_root_yes,716
fd393f66-c51b-44d3-bc85-0f8e2c1094dd_549564,1028,openat,root,yes,6.0,6,ps,"['uptime', 'meminfo', 'proc', 'status']","['libprocps.so.8', 'libdl.so.2', 'libc.so.6', 'libsystemd.so.0', 'librt.so.1', 'liblzma.so.5', 'libzstd.so.1', 'liblz4.so.1', 'libgcrypt.so.20', 'libpthread.so.0', 'libgpg-error.so.0', 'libnss_files.so.2']",openat_root,openat_root_yes,717
fd393f66-c51b-44d3-bc85-0f8e2c1094dd_549564,1028,openat,root,yes,6.0,6,ps,"['uptime', 'meminfo', 'proc', 'passwd']","['libprocps.so.8', 'libdl.so.2', 'libc.so.6', 'libsystemd.so.0', 'librt.so.1', 'liblzma.so.5', 'libzstd.so.1', 'liblz4.so.1', 'libgcrypt.so.20', 'libpthread.so.0', 'libgpg-error.so.0', 'libnss_files.so.2']",openat_root,openat_root_yes,718
fd393f66-c51b-44d3-bc85-0f8e2c1094dd_549564,1028,openat,root,yes,6.0,6,ps,"['uptime', 'meminfo', 'proc', 'cmdline']","['libprocps.so.8', 'libdl.so.2', 'libc.so.6', 'libsystemd.so.0', 'librt.so.1', 'liblzma.so.5', 'libzstd.so.1', 'liblz4.so.1', 'libgcrypt.so.20', 'libpthread.so.0', 'libgpg-error.so.0', 'libnss_files.so.2']",openat_root,openat_root_yes,719
fd393f66-c51b-44d3-bc85-0f8e2c1094dd_549564,1028,openat,root,yes,6.0,6,ps,"['uptime', 'meminfo', 'proc', 'stat']","['libprocps.so.8', 'libdl.so.2', 'libc.so.6', 'libsystemd.so.0', 'librt.so.1', 'liblzma.so.5', 'libzstd.so.1', 'liblz4.so.1', 'libgcrypt.so.20', 'libpthread.so.0', 'libgpg-error.so.0', 'libnss_files.so.2']",openat_root,openat_root_yes,720
fd393f66-c51b-44d3-bc85-0f8e2c1094dd_549564,1028,openat,root,yes,6.0,6,ps,"['uptime', 'meminfo', 'proc', 'status']","['libprocps.so.8', 'libdl.so.2', 'libc.so.6', 'libsystemd.so.0', 'librt.so.1', 'liblzma.so.5', 'libzstd.so.1', 'liblz4.so.1', 'libgcrypt.so.20', 'libpthread.so.0', 'libgpg-error.so.0', 'libnss_files.so.2']",openat_root,openat_root_yes,721
fd393f66-c51b-44d3-bc85-0f8e2c1094dd_549564,1028,openat,root,yes,6.0,6,ps,"['uptime', 'meminfo', 'proc', 'cmdline']","['libprocps.so.8', 'libdl.so.2', 'libc.so.6', 'libsystemd.so.0', 'librt.so.1', 'liblzma.so.5', 'libzstd.so.1', 'liblz4.so.1', 'libgcrypt.so.20', 'libpthread.so.0', 'libgpg-error.so.0', 'libnss_files.so.2']",openat_root,openat_root_yes,722
fd393f66-c51b-44d3-bc85-0f8e2c1094dd_549564,1032,openat,root,yes,6.0,6,ps,"['uptime', 'meminfo', 'proc', 'stat']","['libprocps.so.8', 'libdl.so.2', 'libc.so.6', 'libsystemd.so.0', 'librt.so.1', 'liblzma.so.5', 'libzstd.so.1', 'liblz4.so.1', 'libgcrypt.so.20', 'libpthread.so.0', 'libgpg-error.so.0', 'libnss_files.so.2']",openat_root,openat_root_yes,723
fd393f66-c51b-44d3-bc85-0f8e2c1094dd_549564,1032,close,root,yes,0.0,0,ps,"['uptime', 'meminfo', 'proc']","['libprocps.so.8', 'libdl.so.2', 'libc.so.6', 'libsystemd.so.0', 'librt.so.1', 'liblzma.so.5', 'libzstd.so.1', 'liblz4.so.1', 'libgcrypt.so.20', 'libpthread.so.0', 'libgpg-error.so.0', 'libnss_files.so.2']",close_root,close_root_yes,724
fd393f66-c51b-44d3-bc85-0f8e2c1094dd_549564,1032,openat,root,yes,6.0,6,ps,"['uptime', 'meminfo', 'proc', 'status']","['libprocps.so.8', 'libdl.so.2', 'libc.so.6', 'libsystemd.so.0', 'librt.so.1', 'liblzma.so.5', 'libzstd.so.1', 'liblz4.so.1', 'libgcrypt.so.20', 'libpthread.so.0', 'libgpg-error.so.0', 'libnss_files.so.2']",openat_root,openat_root_yes,725
fd393f66-c51b-44d3-bc85-0f8e2c1094dd_549564,1032,openat,root,yes,6.0,6,ps,"['uptime', 'meminfo', 'proc', 'cmdline']","['libprocps.so.8', 'libdl.so.2', 'libc.so.6', 'libsystemd.so.0', 'librt.so.1', 'liblzma.so.5', 'libzstd.so.1', 'liblz4.so.1', 'libgcrypt.so.20', 'libpthread.so.0', 'libgpg-error.so.0', 'libnss_files.so.2']",openat_root,openat_root_yes,726
fd393f66-c51b-44d3-bc85-0f8e2c1094dd_549564,1032,openat,root,yes,6.0,6,ps,"['uptime', 'meminfo', 'proc', 'stat']","['libprocps.so.8', 'libdl.so.2', 'libc.so.6', 'libsystemd.so.0', 'librt.so.1', 'liblzma.so.5', 'libzstd.so.1', 'liblz4.so.1', 'libgcrypt.so.20', 'libpthread.so.0', 'libgpg-error.so.0', 'libnss_files.so.2']",openat_root,openat_root_yes,727
fd393f66-c51b-44d3-bc85-0f8e2c1094dd_549564,1032,openat,root,yes,6.0,6,ps,"['uptime', 'meminfo', 'proc', 'status']","['libprocps.so.8', 'libdl.so.2', 'libc.so.6', 'libsystemd.so.0', 'librt.so.1', 'liblzma.so.5', 'libzstd.so.1', 'liblz4.so.1', 'libgcrypt.so.20', 'libpthread.so.0', 'libgpg-error.so.0', 'libnss_files.so.2']",openat_root,openat_root_yes,728
fd393f66-c51b-44d3-bc85-0f8e2c1094dd_549564,1032,openat,root,yes,6.0,6,ps,"['uptime', 'meminfo', 'proc', 'cmdline']","['libprocps.so.8', 'libdl.so.2', 'libc.so.6', 'libsystemd.so.0', 'librt.so.1', 'liblzma.so.5', 'libzstd.so.1', 'liblz4.so.1', 'libgcrypt.so.20', 'libpthread.so.0', 'libgpg-error.so.0', 'libnss_files.so.2']",openat_root,openat_root_yes,729
fd393f66-c51b-44d3-bc85-0f8e2c1094dd_549564,1032,openat,root,yes,6.0,6,ps,"['uptime', 'meminfo', 'proc', 'stat']","['libprocps.so.8', 'libdl.so.2', 'libc.so.6', 'libsystemd.so.0', 'librt.so.1', 'liblzma.so.5', 'libzstd.so.1', 'liblz4.so.1', 'libgcrypt.so.20', 'libpthread.so.0', 'libgpg-error.so.0', 'libnss_files.so.2']",openat_root,openat_root_yes,730
fd393f66-c51b-44d3-bc85-0f8e2c1094dd_549564,1032,openat,root,yes,6.0,6,ps,"['uptime', 'meminfo', 'proc', 'status']","['libprocps.so.8', 'libdl.so.2', 'libc.so.6', 'libsystemd.so.0', 'librt.so.1', 'liblzma.so.5', 'libzstd.so.1', 'liblz4.so.1', 'libgcrypt.so.20', 'libpthread.so.0', 'libgpg-error.so.0', 'libnss_files.so.2']",openat_root,openat_root_yes,731
fd393f66-c51b-44d3-bc85-0f8e2c1094dd_549564,1036,openat,root,yes,6.0,6,ps,"['uptime', 'meminfo', 'proc', 'cmdline']","['libprocps.so.8', 'libdl.so.2', 'libc.so.6', 'libsystemd.so.0', 'librt.so.1', 'liblzma.so.5', 'libzstd.so.1', 'liblz4.so.1', 'libgcrypt.so.20', 'libpthread.so.0', 'libgpg-error.so.0', 'libnss_files.so.2']",openat_root,openat_root_yes,732
fd393f66-c51b-44d3-bc85-0f8e2c1094dd_549564,1036,close,root,yes,0.0,0,ps,"['uptime', 'meminfo', 'proc']","['libprocps.so.8', 'libdl.so.2', 'libc.so.6', 'libsystemd.so.0', 'librt.so.1', 'liblzma.so.5', 'libzstd.so.1', 'liblz4.so.1', 'libgcrypt.so.20', 'libpthread.so.0', 'libgpg-error.so.0', 'libnss_files.so.2']",close_root,close_root_yes,733
fd393f66-c51b-44d3-bc85-0f8e2c1094dd_549564,1036,openat,root,yes,6.0,6,ps,"['uptime', 'meminfo', 'proc', 'stat']","['libprocps.so.8', 'libdl.so.2', 'libc.so.6', 'libsystemd.so.0', 'librt.so.1', 'liblzma.so.5', 'libzstd.so.1', 'liblz4.so.1', 'libgcrypt.so.20', 'libpthread.so.0', 'libgpg-error.so.0', 'libnss_files.so.2']",openat_root,openat_root_yes,734
fd393f66-c51b-44d3-bc85-0f8e2c1094dd_549564,1040,openat,root,yes,6.0,6,ps,"['uptime', 'meminfo', 'proc', 'status']","['libprocps.so.8', 'libdl.so.2', 'libc.so.6', 'libsystemd.so.0', 'librt.so.1', 'liblzma.so.5', 'libzstd.so.1', 'liblz4.so.1', 'libgcrypt.so.20', 'libpthread.so.0', 'libgpg-error.so.0', 'libnss_files.so.2']",openat_root,openat_root_yes,735
fd393f66-c51b-44d3-bc85-0f8e2c1094dd_549564,1040,close,root,yes,0.0,0,ps,"['uptime', 'meminfo', 'proc']","['libprocps.so.8', 'libdl.so.2', 'libc.so.6', 'libsystemd.so.0', 'librt.so.1', 'liblzma.so.5', 'libzstd.so.1', 'liblz4.so.1', 'libgcrypt.so.20', 'libpthread.so.0', 'libgpg-error.so.0', 'libnss_files.so.2']",close_root,close_root_yes,736
fd393f66-c51b-44d3-bc85-0f8e2c1094dd_549564,1040,openat,root,yes,6.0,6,ps,"['uptime', 'meminfo', 'proc', 'cmdline']","['libprocps.so.8', 'libdl.so.2', 'libc.so.6', 'libsystemd.so.0', 'librt.so.1', 'liblzma.so.5', 'libzstd.so.1', 'liblz4.so.1', 'libgcrypt.so.20', 'libpthread.so.0', 'libgpg-error.so.0', 'libnss_files.so.2']",openat_root,openat_root_yes,737
fd393f66-c51b-44d3-bc85-0f8e2c1094dd_549564,1040,openat,root,yes,6.0,6,ps,"['uptime', 'meminfo', 'proc', 'stat']","['libprocps.so.8', 'libdl.so.2', 'libc.so.6', 'libsystemd.so.0', 'librt.so.1', 'liblzma.so.5', 'libzstd.so.1', 'liblz4.so.1', 'libgcrypt.so.20', 'libpthread.so.0', 'libgpg-error.so.0', 'libnss_files.so.2']",openat_root,openat_root_yes,738
fd393f66-c51b-44d3-bc85-0f8e2c1094dd_549564,1040,openat,root,yes,6.0,6,ps,"['uptime', 'meminfo', 'proc', 'status']","['libprocps.so.8', 'libdl.so.2', 'libc.so.6', 'libsystemd.so.0', 'librt.so.1', 'liblzma.so.5', 'libzstd.so.1', 'liblz4.so.1', 'libgcrypt.so.20', 'libpthread.so.0', 'libgpg-error.so.0', 'libnss_files.so.2']",openat_root,openat_root_yes,739
fd393f66-c51b-44d3-bc85-0f8e2c1094dd_549564,1040,openat,root,yes,6.0,6,ps,"['uptime', 'meminfo', 'proc', 'passwd']","['libprocps.so.8', 'libdl.so.2', 'libc.so.6', 'libsystemd.so.0', 'librt.so.1', 'liblzma.so.5', 'libzstd.so.1', 'liblz4.so.1', 'libgcrypt.so.20', 'libpthread.so.0', 'libgpg-error.so.0', 'libnss_files.so.2']",openat_root,openat_root_yes,740
fd393f66-c51b-44d3-bc85-0f8e2c1094dd_549564,1040,openat,root,yes,6.0,6,ps,"['uptime', 'meminfo', 'proc', 'cmdline']","['libprocps.so.8', 'libdl.so.2', 'libc.so.6', 'libsystemd.so.0', 'librt.so.1', 'liblzma.so.5', 'libzstd.so.1', 'liblz4.so.1', 'libgcrypt.so.20', 'libpthread.so.0', 'libgpg-error.so.0', 'libnss_files.so.2']",openat_root,openat_root_yes,741
fd393f66-c51b-44d3-bc85-0f8e2c1094dd_549564,1040,openat,root,yes,6.0,6,ps,"['uptime', 'meminfo', 'proc', 'stat']","['libprocps.so.8', 'libdl.so.2', 'libc.so.6', 'libsystemd.so.0', 'librt.so.1', 'liblzma.so.5', 'libzstd.so.1', 'liblz4.so.1', 'libgcrypt.so.20', 'libpthread.so.0', 'libgpg-error.so.0', 'libnss_files.so.2']",openat_root,openat_root_yes,742
fd393f66-c51b-44d3-bc85-0f8e2c1094dd_549564,1040,openat,root,yes,6.0,6,ps,"['uptime', 'meminfo', 'proc', 'status']","['libprocps.so.8', 'libdl.so.2', 'libc.so.6', 'libsystemd.so.0', 'librt.so.1', 'liblzma.so.5', 'libzstd.so.1', 'liblz4.so.1', 'libgcrypt.so.20', 'libpthread.so.0', 'libgpg-error.so.0', 'libnss_files.so.2']",openat_root,openat_root_yes,743
fd393f66-c51b-44d3-bc85-0f8e2c1094dd_549564,1040,openat,root,yes,6.0,6,ps,"['uptime', 'meminfo', 'proc', 'cmdline']","['libprocps.so.8', 'libdl.so.2', 'libc.so.6', 'libsystemd.so.0', 'librt.so.1', 'liblzma.so.5', 'libzstd.so.1', 'liblz4.so.1', 'libgcrypt.so.20', 'libpthread.so.0', 'libgpg-error.so.0', 'libnss_files.so.2']",openat_root,openat_root_yes,744
fd393f66-c51b-44d3-bc85-0f8e2c1094dd_549564,1040,openat,root,yes,6.0,6,ps,"['uptime', 'meminfo', 'proc', 'stat']","['libprocps.so.8', 'libdl.so.2', 'libc.so.6', 'libsystemd.so.0', 'librt.so.1', 'liblzma.so.5', 'libzstd.so.1', 'liblz4.so.1', 'libgcrypt.so.20', 'libpthread.so.0', 'libgpg-error.so.0', 'libnss_files.so.2']",openat_root,openat_root_yes,745
fd393f66-c51b-44d3-bc85-0f8e2c1094dd_549564,1040,openat,root,yes,6.0,6,ps,"['uptime', 'meminfo', 'proc', 'status']","['libprocps.so.8', 'libdl.so.2', 'libc.so.6', 'libsystemd.so.0', 'librt.so.1', 'liblzma.so.5', 'libzstd.so.1', 'liblz4.so.1', 'libgcrypt.so.20', 'libpthread.so.0', 'libgpg-error.so.0', 'libnss_files.so.2']",openat_root,openat_root_yes,746
fd393f66-c51b-44d3-bc85-0f8e2c1094dd_549564,1040,openat,root,yes,6.0,6,ps,"['uptime', 'meminfo', 'proc', 'cmdline']","['libprocps.so.8', 'libdl.so.2', 'libc.so.6', 'libsystemd.so.0', 'librt.so.1', 'liblzma.so.5', 'libzstd.so.1', 'liblz4.so.1', 'libgcrypt.so.20', 'libpthread.so.0', 'libgpg-error.so.0', 'libnss_files.so.2']",openat_root,openat_root_yes,747
fd393f66-c51b-44d3-bc85-0f8e2c1094dd_549564,1044,openat,root,yes,6.0,6,ps,"['uptime', 'meminfo', 'proc', 'stat']","['libprocps.so.8', 'libdl.so.2', 'libc.so.6', 'libsystemd.so.0', 'librt.so.1', 'liblzma.so.5', 'libzstd.so.1', 'liblz4.so.1', 'libgcrypt.so.20', 'libpthread.so.0', 'libgpg-error.so.0', 'libnss_files.so.2']",openat_root,openat_root_yes,748
fd393f66-c51b-44d3-bc85-0f8e2c1094dd_549564,1044,close,root,yes,0.0,0,ps,"['uptime', 'meminfo', 'proc']","['libprocps.so.8', 'libdl.so.2', 'libc.so.6', 'libsystemd.so.0', 'librt.so.1', 'liblzma.so.5', 'libzstd.so.1', 'liblz4.so.1', 'libgcrypt.so.20', 'libpthread.so.0', 'libgpg-error.so.0', 'libnss_files.so.2']",close_root,close_root_yes,749
fd393f66-c51b-44d3-bc85-0f8e2c1094dd_549564,1044,openat,root,yes,6.0,6,ps,"['uptime', 'meminfo', 'proc', 'status']","['libprocps.so.8', 'libdl.so.2', 'libc.so.6', 'libsystemd.so.0', 'librt.so.1', 'liblzma.so.5', 'libzstd.so.1', 'liblz4.so.1', 'libgcrypt.so.20', 'libpthread.so.0', 'libgpg-error.so.0', 'libnss_files.so.2']",openat_root,openat_root_yes,750
fd393f66-c51b-44d3-bc85-0f8e2c1094dd_549564,1044,openat,root,yes,6.0,6,ps,"['uptime', 'meminfo', 'proc', 'cmdline']","['libprocps.so.8', 'libdl.so.2', 'libc.so.6', 'libsystemd.so.0', 'librt.so.1', 'liblzma.so.5', 'libzstd.so.1', 'liblz4.so.1', 'libgcrypt.so.20', 'libpthread.so.0', 'libgpg-error.so.0', 'libnss_files.so.2']",openat_root,openat_root_yes,751
fd393f66-c51b-44d3-bc85-0f8e2c1094dd_549564,1048,openat,root,yes,6.0,6,ps,"['uptime', 'meminfo', 'proc', 'stat']","['libprocps.so.8', 'libdl.so.2', 'libc.so.6', 'libsystemd.so.0', 'librt.so.1', 'liblzma.so.5', 'libzstd.so.1', 'liblz4.so.1', 'libgcrypt.so.20', 'libpthread.so.0', 'libgpg-error.so.0', 'libnss_files.so.2']",openat_root,openat_root_yes,752
fd393f66-c51b-44d3-bc85-0f8e2c1094dd_549564,1048,close,root,yes,0.0,0,ps,"['uptime', 'meminfo', 'proc']","['libprocps.so.8', 'libdl.so.2', 'libc.so.6', 'libsystemd.so.0', 'librt.so.1', 'liblzma.so.5', 'libzstd.so.1', 'liblz4.so.1', 'libgcrypt.so.20', 'libpthread.so.0', 'libgpg-error.so.0', 'libnss_files.so.2']",close_root,close_root_yes,753
fd393f66-c51b-44d3-bc85-0f8e2c1094dd_549564,1048,openat,root,yes,6.0,6,ps,"['uptime', 'meminfo', 'proc', 'status']","['libprocps.so.8', 'libdl.so.2', 'libc.so.6', 'libsystemd.so.0', 'librt.so.1', 'liblzma.so.5', 'libzstd.so.1', 'liblz4.so.1', 'libgcrypt.so.20', 'libpthread.so.0', 'libgpg-error.so.0', 'libnss_files.so.2']",openat_root,openat_root_yes,754
fd393f66-c51b-44d3-bc85-0f8e2c1094dd_549564,1048,openat,root,yes,6.0,6,ps,"['uptime', 'meminfo', 'proc', 'cmdline']","['libprocps.so.8', 'libdl.so.2', 'libc.so.6', 'libsystemd.so.0', 'librt.so.1', 'liblzma.so.5', 'libzstd.so.1', 'liblz4.so.1', 'libgcrypt.so.20', 'libpthread.so.0', 'libgpg-error.so.0', 'libnss_files.so.2']",openat_root,openat_root_yes,755
fd393f66-c51b-44d3-bc85-0f8e2c1094dd_549564,1048,openat,root,yes,6.0,6,ps,"['uptime', 'meminfo', 'proc', 'stat']","['libprocps.so.8', 'libdl.so.2', 'libc.so.6', 'libsystemd.so.0', 'librt.so.1', 'liblzma.so.5', 'libzstd.so.1', 'liblz4.so.1', 'libgcrypt.so.20', 'libpthread.so.0', 'libgpg-error.so.0', 'libnss_files.so.2']",openat_root,openat_root_yes,756
fd393f66-c51b-44d3-bc85-0f8e2c1094dd_549564,1048,openat,root,yes,6.0,6,ps,"['uptime', 'meminfo', 'proc', 'status']","['libprocps.so.8', 'libdl.so.2', 'libc.so.6', 'libsystemd.so.0', 'librt.so.1', 'liblzma.so.5', 'libzstd.so.1', 'liblz4.so.1', 'libgcrypt.so.20', 'libpthread.so.0', 'libgpg-error.so.0', 'libnss_files.so.2']",openat_root,openat_root_yes,757
fd393f66-c51b-44d3-bc85-0f8e2c1094dd_549564,1048,openat,root,yes,6.0,6,ps,"['uptime', 'meminfo', 'proc', 'cmdline']","['libprocps.so.8', 'libdl.so.2', 'libc.so.6', 'libsystemd.so.0', 'librt.so.1', 'liblzma.so.5', 'libzstd.so.1', 'liblz4.so.1', 'libgcrypt.so.20', 'libpthread.so.0', 'libgpg-error.so.0', 'libnss_files.so.2']",openat_root,openat_root_yes,758
fd393f66-c51b-44d3-bc85-0f8e2c1094dd_549564,1048,openat,root,yes,6.0,6,ps,"['uptime', 'meminfo', 'proc', 'stat']","['libprocps.so.8', 'libdl.so.2', 'libc.so.6', 'libsystemd.so.0', 'librt.so.1', 'liblzma.so.5', 'libzstd.so.1', 'liblz4.so.1', 'libgcrypt.so.20', 'libpthread.so.0', 'libgpg-error.so.0', 'libnss_files.so.2']",openat_root,openat_root_yes,759
fd393f66-c51b-44d3-bc85-0f8e2c1094dd_549564,1048,openat,root,yes,6.0,6,ps,"['uptime', 'meminfo', 'proc', 'status']","['libprocps.so.8', 'libdl.so.2', 'libc.so.6', 'libsystemd.so.0', 'librt.so.1', 'liblzma.so.5', 'libzstd.so.1', 'liblz4.so.1', 'libgcrypt.so.20', 'libpthread.so.0', 'libgpg-error.so.0', 'libnss_files.so.2']",openat_root,openat_root_yes,760
fd393f66-c51b-44d3-bc85-0f8e2c1094dd_549564,1052,openat,root,yes,6.0,6,ps,"['uptime', 'meminfo', 'proc', 'cmdline']","['libprocps.so.8', 'libdl.so.2', 'libc.so.6', 'libsystemd.so.0', 'librt.so.1', 'liblzma.so.5', 'libzstd.so.1', 'liblz4.so.1', 'libgcrypt.so.20', 'libpthread.so.0', 'libgpg-error.so.0', 'libnss_files.so.2']",openat_root,openat_root_yes,761
fd393f66-c51b-44d3-bc85-0f8e2c1094dd_549564,1052,close,root,yes,0.0,0,ps,"['uptime', 'meminfo', 'proc']","['libprocps.so.8', 'libdl.so.2', 'libc.so.6', 'libsystemd.so.0', 'librt.so.1', 'liblzma.so.5', 'libzstd.so.1', 'liblz4.so.1', 'libgcrypt.so.20', 'libpthread.so.0', 'libgpg-error.so.0', 'libnss_files.so.2']",close_root,close_root_yes,762
fd393f66-c51b-44d3-bc85-0f8e2c1094dd_549564,1052,openat,root,yes,6.0,6,ps,"['uptime', 'meminfo', 'proc', 'stat']","['libprocps.so.8', 'libdl.so.2', 'libc.so.6', 'libsystemd.so.0', 'librt.so.1', 'liblzma.so.5', 'libzstd.so.1', 'liblz4.so.1', 'libgcrypt.so.20', 'libpthread.so.0', 'libgpg-error.so.0', 'libnss_files.so.2']",openat_root,openat_root_yes,763
fd393f66-c51b-44d3-bc85-0f8e2c1094dd_549564,1052,openat,root,yes,6.0,6,ps,"['uptime', 'meminfo', 'proc', 'status']","['libprocps.so.8', 'libdl.so.2', 'libc.so.6', 'libsystemd.so.0', 'librt.so.1', 'liblzma.so.5', 'libzstd.so.1', 'liblz4.so.1', 'libgcrypt.so.20', 'libpthread.so.0', 'libgpg-error.so.0', 'libnss_files.so.2']",openat_root,openat_root_yes,764
fd393f66-c51b-44d3-bc85-0f8e2c1094dd_549564,1052,openat,root,yes,6.0,6,ps,"['uptime', 'meminfo', 'proc', 'cmdline']","['libprocps.so.8', 'libdl.so.2', 'libc.so.6', 'libsystemd.so.0', 'librt.so.1', 'liblzma.so.5', 'libzstd.so.1', 'liblz4.so.1', 'libgcrypt.so.20', 'libpthread.so.0', 'libgpg-error.so.0', 'libnss_files.so.2']",openat_root,openat_root_yes,765
fd393f66-c51b-44d3-bc85-0f8e2c1094dd_549564,1052,openat,root,yes,6.0,6,ps,"['uptime', 'meminfo', 'proc', 'stat']","['libprocps.so.8', 'libdl.so.2', 'libc.so.6', 'libsystemd.so.0', 'librt.so.1', 'liblzma.so.5', 'libzstd.so.1', 'liblz4.so.1', 'libgcrypt.so.20', 'libpthread.so.0', 'libgpg-error.so.0', 'libnss_files.so.2']",openat_root,openat_root_yes,766
fd393f66-c51b-44d3-bc85-0f8e2c1094dd_549564,1052,openat,root,yes,6.0,6,ps,"['uptime', 'meminfo', 'proc', 'status']","['libprocps.so.8', 'libdl.so.2', 'libc.so.6', 'libsystemd.so.0', 'librt.so.1', 'liblzma.so.5', 'libzstd.so.1', 'liblz4.so.1', 'libgcrypt.so.20', 'libpthread.so.0', 'libgpg-error.so.0', 'libnss_files.so.2']",openat_root,openat_root_yes,767
fd393f66-c51b-44d3-bc85-0f8e2c1094dd_549564,1052,openat,root,yes,6.0,6,ps,"['uptime', 'meminfo', 'proc', 'cmdline']","['libprocps.so.8', 'libdl.so.2', 'libc.so.6', 'libsystemd.so.0', 'librt.so.1', 'liblzma.so.5', 'libzstd.so.1', 'liblz4.so.1', 'libgcrypt.so.20', 'libpthread.so.0', 'libgpg-error.so.0', 'libnss_files.so.2']",openat_root,openat_root_yes,768
fd393f66-c51b-44d3-bc85-0f8e2c1094dd_549564,1052,openat,root,yes,6.0,6,ps,"['uptime', 'meminfo', 'proc', 'stat']","['libprocps.so.8', 'libdl.so.2', 'libc.so.6', 'libsystemd.so.0', 'librt.so.1', 'liblzma.so.5', 'libzstd.so.1', 'liblz4.so.1', 'libgcrypt.so.20', 'libpthread.so.0', 'libgpg-error.so.0', 'libnss_files.so.2']",openat_root,openat_root_yes,769
fd393f66-c51b-44d3-bc85-0f8e2c1094dd_549564,1052,openat,root,yes,6.0,6,ps,"['uptime', 'meminfo', 'proc', 'status']","['libprocps.so.8', 'libdl.so.2', 'libc.so.6', 'libsystemd.so.0', 'librt.so.1', 'liblzma.so.5', 'libzstd.so.1', 'liblz4.so.1', 'libgcrypt.so.20', 'libpthread.so.0', 'libgpg-error.so.0', 'libnss_files.so.2']",openat_root,openat_root_yes,770
fd393f66-c51b-44d3-bc85-0f8e2c1094dd_549564,1056,close,root,yes,0.0,0,ps,"['uptime', 'meminfo', 'proc']","['libprocps.so.8', 'libdl.so.2', 'libc.so.6', 'libsystemd.so.0', 'librt.so.1', 'liblzma.so.5', 'libzstd.so.1', 'liblz4.so.1', 'libgcrypt.so.20', 'libpthread.so.0', 'libgpg-error.so.0', 'libnss_files.so.2']",close_root,close_root_yes,771
fd393f66-c51b-44d3-bc85-0f8e2c1094dd_549564,1056,openat,root,yes,6.0,6,ps,"['uptime', 'meminfo', 'proc', 'cmdline']","['libprocps.so.8', 'libdl.so.2', 'libc.so.6', 'libsystemd.so.0', 'librt.so.1', 'liblzma.so.5', 'libzstd.so.1', 'liblz4.so.1', 'libgcrypt.so.20', 'libpthread.so.0', 'libgpg-error.so.0', 'libnss_files.so.2']",openat_root,openat_root_yes,772
fd393f66-c51b-44d3-bc85-0f8e2c1094dd_549564,1056,openat,root,yes,6.0,6,ps,"['uptime', 'meminfo', 'proc', 'stat']","['libprocps.so.8', 'libdl.so.2', 'libc.so.6', 'libsystemd.so.0', 'librt.so.1', 'liblzma.so.5', 'libzstd.so.1', 'liblz4.so.1', 'libgcrypt.so.20', 'libpthread.so.0', 'libgpg-error.so.0', 'libnss_files.so.2']",openat_root,openat_root_yes,773
fd393f66-c51b-44d3-bc85-0f8e2c1094dd_549564,1056,openat,root,yes,6.0,6,ps,"['uptime', 'meminfo', 'proc', 'status']","['libprocps.so.8', 'libdl.so.2', 'libc.so.6', 'libsystemd.so.0', 'librt.so.1', 'liblzma.so.5', 'libzstd.so.1', 'liblz4.so.1', 'libgcrypt.so.20', 'libpthread.so.0', 'libgpg-error.so.0', 'libnss_files.so.2']",openat_root,openat_root_yes,774
fd393f66-c51b-44d3-bc85-0f8e2c1094dd_549564,1056,openat,root,yes,6.0,6,ps,"['uptime', 'meminfo', 'proc', 'cmdline']","['libprocps.so.8', 'libdl.so.2', 'libc.so.6', 'libsystemd.so.0', 'librt.so.1', 'liblzma.so.5', 'libzstd.so.1', 'liblz4.so.1', 'libgcrypt.so.20', 'libpthread.so.0', 'libgpg-error.so.0', 'libnss_files.so.2']",openat_root,openat_root_yes,775
fd393f66-c51b-44d3-bc85-0f8e2c1094dd_549564,1056,openat,root,yes,6.0,6,ps,"['uptime', 'meminfo', 'proc', 'stat']","['libprocps.so.8', 'libdl.so.2', 'libc.so.6', 'libsystemd.so.0', 'librt.so.1', 'liblzma.so.5', 'libzstd.so.1', 'liblz4.so.1', 'libgcrypt.so.20', 'libpthread.so.0', 'libgpg-error.so.0', 'libnss_files.so.2']",openat_root,openat_root_yes,776
fd393f66-c51b-44d3-bc85-0f8e2c1094dd_549564,1056,openat,root,yes,6.0,6,ps,"['uptime', 'meminfo', 'proc', 'status']","['libprocps.so.8', 'libdl.so.2', 'libc.so.6', 'libsystemd.so.0', 'librt.so.1', 'liblzma.so.5', 'libzstd.so.1', 'liblz4.so.1', 'libgcrypt.so.20', 'libpthread.so.0', 'libgpg-error.so.0', 'libnss_files.so.2']",openat_root,openat_root_yes,777
fd393f66-c51b-44d3-bc85-0f8e2c1094dd_549564,1056,openat,root,yes,6.0,6,ps,"['uptime', 'meminfo', 'proc', 'cmdline']","['libprocps.so.8', 'libdl.so.2', 'libc.so.6', 'libsystemd.so.0', 'librt.so.1', 'liblzma.so.5', 'libzstd.so.1', 'liblz4.so.1', 'libgcrypt.so.20', 'libpthread.so.0', 'libgpg-error.so.0', 'libnss_files.so.2']",openat_root,openat_root_yes,778
fd393f66-c51b-44d3-bc85-0f8e2c1094dd_549564,1056,openat,root,yes,6.0,6,ps,"['uptime', 'meminfo', 'proc', 'stat']","['libprocps.so.8', 'libdl.so.2', 'libc.so.6', 'libsystemd.so.0', 'librt.so.1', 'liblzma.so.5', 'libzstd.so.1', 'liblz4.so.1', 'libgcrypt.so.20', 'libpthread.so.0', 'libgpg-error.so.0', 'libnss_files.so.2']",openat_root,openat_root_yes,779
fd393f66-c51b-44d3-bc85-0f8e2c1094dd_549564,1056,openat,root,yes,6.0,6,ps,"['uptime', 'meminfo', 'proc', 'status']","['libprocps.so.8', 'libdl.so.2', 'libc.so.6', 'libsystemd.so.0', 'librt.so.1', 'liblzma.so.5', 'libzstd.so.1', 'liblz4.so.1', 'libgcrypt.so.20', 'libpthread.so.0', 'libgpg-error.so.0', 'libnss_files.so.2']",openat_root,openat_root_yes,780
fd393f66-c51b-44d3-bc85-0f8e2c1094dd_549564,1060,openat,root,yes,6.0,6,ps,"['uptime', 'meminfo', 'proc', 'cmdline']","['libprocps.so.8', 'libdl.so.2', 'libc.so.6', 'libsystemd.so.0', 'librt.so.1', 'liblzma.so.5', 'libzstd.so.1', 'liblz4.so.1', 'libgcrypt.so.20', 'libpthread.so.0', 'libgpg-error.so.0', 'libnss_files.so.2']",openat_root,openat_root_yes,781
fd393f66-c51b-44d3-bc85-0f8e2c1094dd_549564,1060,close,root,yes,0.0,0,ps,"['uptime', 'meminfo', 'proc']","['libprocps.so.8', 'libdl.so.2', 'libc.so.6', 'libsystemd.so.0', 'librt.so.1', 'liblzma.so.5', 'libzstd.so.1', 'liblz4.so.1', 'libgcrypt.so.20', 'libpthread.so.0', 'libgpg-error.so.0', 'libnss_files.so.2']",close_root,close_root_yes,782
fd393f66-c51b-44d3-bc85-0f8e2c1094dd_549564,1060,openat,root,yes,6.0,6,ps,"['uptime', 'meminfo', 'proc', 'stat']","['libprocps.so.8', 'libdl.so.2', 'libc.so.6', 'libsystemd.so.0', 'librt.so.1', 'liblzma.so.5', 'libzstd.so.1', 'liblz4.so.1', 'libgcrypt.so.20', 'libpthread.so.0', 'libgpg-error.so.0', 'libnss_files.so.2']",openat_root,openat_root_yes,783
fd393f66-c51b-44d3-bc85-0f8e2c1094dd_549564,1060,openat,root,yes,6.0,6,ps,"['uptime', 'meminfo', 'proc', 'status']","['libprocps.so.8', 'libdl.so.2', 'libc.so.6', 'libsystemd.so.0', 'librt.so.1', 'liblzma.so.5', 'libzstd.so.1', 'liblz4.so.1', 'libgcrypt.so.20', 'libpthread.so.0', 'libgpg-error.so.0', 'libnss_files.so.2']",openat_root,openat_root_yes,784
fd393f66-c51b-44d3-bc85-0f8e2c1094dd_549564,1060,openat,root,yes,6.0,6,ps,"['uptime', 'meminfo', 'proc', 'cmdline']","['libprocps.so.8', 'libdl.so.2', 'libc.so.6', 'libsystemd.so.0', 'librt.so.1', 'liblzma.so.5', 'libzstd.so.1', 'liblz4.so.1', 'libgcrypt.so.20', 'libpthread.so.0', 'libgpg-error.so.0', 'libnss_files.so.2']",openat_root,openat_root_yes,785
fd393f66-c51b-44d3-bc85-0f8e2c1094dd_549564,1060,openat,root,yes,6.0,6,ps,"['uptime', 'meminfo', 'proc', 'stat']","['libprocps.so.8', 'libdl.so.2', 'libc.so.6', 'libsystemd.so.0', 'librt.so.1', 'liblzma.so.5', 'libzstd.so.1', 'liblz4.so.1', 'libgcrypt.so.20', 'libpthread.so.0', 'libgpg-error.so.0', 'libnss_files.so.2']",openat_root,openat_root_yes,786
fd393f66-c51b-44d3-bc85-0f8e2c1094dd_549564,1060,openat,root,yes,6.0,6,ps,"['uptime', 'meminfo', 'proc', 'status']","['libprocps.so.8', 'libdl.so.2', 'libc.so.6', 'libsystemd.so.0', 'librt.so.1', 'liblzma.so.5', 'libzstd.so.1', 'liblz4.so.1', 'libgcrypt.so.20', 'libpthread.so.0', 'libgpg-error.so.0', 'libnss_files.so.2']",openat_root,openat_root_yes,787
fd393f66-c51b-44d3-bc85-0f8e2c1094dd_549564,1060,openat,root,yes,6.0,6,ps,"['uptime', 'meminfo', 'proc', 'cmdline']","['libprocps.so.8', 'libdl.so.2', 'libc.so.6', 'libsystemd.so.0', 'librt.so.1', 'liblzma.so.5', 'libzstd.so.1', 'liblz4.so.1', 'libgcrypt.so.20', 'libpthread.so.0', 'libgpg-error.so.0', 'libnss_files.so.2']",openat_root,openat_root_yes,788
fd393f66-c51b-44d3-bc85-0f8e2c1094dd_549564,1060,openat,root,yes,6.0,6,ps,"['uptime', 'meminfo', 'proc', 'stat']","['libprocps.so.8', 'libdl.so.2', 'libc.so.6', 'libsystemd.so.0', 'librt.so.1', 'liblzma.so.5', 'libzstd.so.1', 'liblz4.so.1', 'libgcrypt.so.20', 'libpthread.so.0', 'libgpg-error.so.0', 'libnss_files.so.2']",openat_root,openat_root_yes,789
fd393f66-c51b-44d3-bc85-0f8e2c1094dd_549564,1060,openat,root,yes,6.0,6,ps,"['uptime', 'meminfo', 'proc', 'status']","['libprocps.so.8', 'libdl.so.2', 'libc.so.6', 'libsystemd.so.0', 'librt.so.1', 'liblzma.so.5', 'libzstd.so.1', 'liblz4.so.1', 'libgcrypt.so.20', 'libpthread.so.0', 'libgpg-error.so.0', 'libnss_files.so.2']",openat_root,openat_root_yes,790
fd393f66-c51b-44d3-bc85-0f8e2c1094dd_549564,1064,openat,root,yes,6.0,6,ps,"['uptime', 'meminfo', 'proc', 'cmdline']","['libprocps.so.8', 'libdl.so.2', 'libc.so.6', 'libsystemd.so.0', 'librt.so.1', 'liblzma.so.5', 'libzstd.so.1', 'liblz4.so.1', 'libgcrypt.so.20', 'libpthread.so.0', 'libgpg-error.so.0', 'libnss_files.so.2']",openat_root,openat_root_yes,791
fd393f66-c51b-44d3-bc85-0f8e2c1094dd_549564,1064,close,root,yes,0.0,0,ps,"['uptime', 'meminfo', 'proc']","['libprocps.so.8', 'libdl.so.2', 'libc.so.6', 'libsystemd.so.0', 'librt.so.1', 'liblzma.so.5', 'libzstd.so.1', 'liblz4.so.1', 'libgcrypt.so.20', 'libpthread.so.0', 'libgpg-error.so.0', 'libnss_files.so.2']",close_root,close_root_yes,792
fd393f66-c51b-44d3-bc85-0f8e2c1094dd_549564,1064,openat,root,yes,6.0,6,ps,"['uptime', 'meminfo', 'proc', 'stat']","['libprocps.so.8', 'libdl.so.2', 'libc.so.6', 'libsystemd.so.0', 'librt.so.1', 'liblzma.so.5', 'libzstd.so.1', 'liblz4.so.1', 'libgcrypt.so.20', 'libpthread.so.0', 'libgpg-error.so.0', 'libnss_files.so.2']",openat_root,openat_root_yes,793
fd393f66-c51b-44d3-bc85-0f8e2c1094dd_549564,1064,openat,root,yes,6.0,6,ps,"['uptime', 'meminfo', 'proc', 'status']","['libprocps.so.8', 'libdl.so.2', 'libc.so.6', 'libsystemd.so.0', 'librt.so.1', 'liblzma.so.5', 'libzstd.so.1', 'liblz4.so.1', 'libgcrypt.so.20', 'libpthread.so.0', 'libgpg-error.so.0', 'libnss_files.so.2']",openat_root,openat_root_yes,794
fd393f66-c51b-44d3-bc85-0f8e2c1094dd_549564,1064,openat,root,yes,6.0,6,ps,"['uptime', 'meminfo', 'proc', 'cmdline']","['libprocps.so.8', 'libdl.so.2', 'libc.so.6', 'libsystemd.so.0', 'librt.so.1', 'liblzma.so.5', 'libzstd.so.1', 'liblz4.so.1', 'libgcrypt.so.20', 'libpthread.so.0', 'libgpg-error.so.0', 'libnss_files.so.2']",openat_root,openat_root_yes,795
fd393f66-c51b-44d3-bc85-0f8e2c1094dd_549564,1064,openat,root,yes,6.0,6,ps,"['uptime', 'meminfo', 'proc', 'stat']","['libprocps.so.8', 'libdl.so.2', 'libc.so.6', 'libsystemd.so.0', 'librt.so.1', 'liblzma.so.5', 'libzstd.so.1', 'liblz4.so.1', 'libgcrypt.so.20', 'libpthread.so.0', 'libgpg-error.so.0', 'libnss_files.so.2']",openat_root,openat_root_yes,796
fd393f66-c51b-44d3-bc85-0f8e2c1094dd_549564,1064,openat,root,yes,6.0,6,ps,"['uptime', 'meminfo', 'proc', 'status']","['libprocps.so.8', 'libdl.so.2', 'libc.so.6', 'libsystemd.so.0', 'librt.so.1', 'liblzma.so.5', 'libzstd.so.1', 'liblz4.so.1', 'libgcrypt.so.20', 'libpthread.so.0', 'libgpg-error.so.0', 'libnss_files.so.2']",openat_root,openat_root_yes,797
fd393f66-c51b-44d3-bc85-0f8e2c1094dd_549564,1064,openat,root,yes,6.0,6,ps,"['uptime', 'meminfo', 'proc', 'cmdline']","['libprocps.so.8', 'libdl.so.2', 'libc.so.6', 'libsystemd.so.0', 'librt.so.1', 'liblzma.so.5', 'libzstd.so.1', 'liblz4.so.1', 'libgcrypt.so.20', 'libpthread.so.0', 'libgpg-error.so.0', 'libnss_files.so.2']",openat_root,openat_root_yes,798
fd393f66-c51b-44d3-bc85-0f8e2c1094dd_549564,1068,close,root,yes,0.0,0,ps,"['uptime', 'meminfo', 'proc']","['libprocps.so.8', 'libdl.so.2', 'libc.so.6', 'libsystemd.so.0', 'librt.so.1', 'liblzma.so.5', 'libzstd.so.1', 'liblz4.so.1', 'libgcrypt.so.20', 'libpthread.so.0', 'libgpg-error.so.0', 'libnss_files.so.2']",close_root,close_root_yes,799
fd393f66-c51b-44d3-bc85-0f8e2c1094dd_549564,1068,openat,root,yes,6.0,6,ps,"['uptime', 'meminfo', 'proc', 'stat']","['libprocps.so.8', 'libdl.so.2', 'libc.so.6', 'libsystemd.so.0', 'librt.so.1', 'liblzma.so.5', 'libzstd.so.1', 'liblz4.so.1', 'libgcrypt.so.20', 'libpthread.so.0', 'libgpg-error.so.0', 'libnss_files.so.2']",openat_root,openat_root_yes,800
fd393f66-c51b-44d3-bc85-0f8e2c1094dd_549564,1068,openat,root,yes,6.0,6,ps,"['uptime', 'meminfo', 'proc', 'status']","['libprocps.so.8', 'libdl.so.2', 'libc.so.6', 'libsystemd.so.0', 'librt.so.1', 'liblzma.so.5', 'libzstd.so.1', 'liblz4.so.1', 'libgcrypt.so.20', 'libpthread.so.0', 'libgpg-error.so.0', 'libnss_files.so.2']",openat_root,openat_root_yes,801
fd393f66-c51b-44d3-bc85-0f8e2c1094dd_549564,1068,openat,root,yes,6.0,6,ps,"['uptime', 'meminfo', 'proc', 'cmdline']","['libprocps.so.8', 'libdl.so.2', 'libc.so.6', 'libsystemd.so.0', 'librt.so.1', 'liblzma.so.5', 'libzstd.so.1', 'liblz4.so.1', 'libgcrypt.so.20', 'libpthread.so.0', 'libgpg-error.so.0', 'libnss_files.so.2']",openat_root,openat_root_yes,802
fd393f66-c51b-44d3-bc85-0f8e2c1094dd_549564,1068,openat,root,yes,6.0,6,ps,"['uptime', 'meminfo', 'proc', 'stat']","['libprocps.so.8', 'libdl.so.2', 'libc.so.6', 'libsystemd.so.0', 'librt.so.1', 'liblzma.so.5', 'libzstd.so.1', 'liblz4.so.1', 'libgcrypt.so.20', 'libpthread.so.0', 'libgpg-error.so.0', 'libnss_files.so.2']",openat_root,openat_root_yes,803
fd393f66-c51b-44d3-bc85-0f8e2c1094dd_549564,1068,openat,root,yes,6.0,6,ps,"['uptime', 'meminfo', 'proc', 'status']","['libprocps.so.8', 'libdl.so.2', 'libc.so.6', 'libsystemd.so.0', 'librt.so.1', 'liblzma.so.5', 'libzstd.so.1', 'liblz4.so.1', 'libgcrypt.so.20', 'libpthread.so.0', 'libgpg-error.so.0', 'libnss_files.so.2']",openat_root,openat_root_yes,804
fd393f66-c51b-44d3-bc85-0f8e2c1094dd_549564,1072,close,root,yes,0.0,0,ps,"['uptime', 'meminfo', 'proc']","['libprocps.so.8', 'libdl.so.2', 'libc.so.6', 'libsystemd.so.0', 'librt.so.1', 'liblzma.so.5', 'libzstd.so.1', 'liblz4.so.1', 'libgcrypt.so.20', 'libpthread.so.0', 'libgpg-error.so.0', 'libnss_files.so.2']",close_root,close_root_yes,805
fd393f66-c51b-44d3-bc85-0f8e2c1094dd_549564,1072,openat,root,yes,6.0,6,ps,"['uptime', 'meminfo', 'proc', 'cmdline']","['libprocps.so.8', 'libdl.so.2', 'libc.so.6', 'libsystemd.so.0', 'librt.so.1', 'liblzma.so.5', 'libzstd.so.1', 'liblz4.so.1', 'libgcrypt.so.20', 'libpthread.so.0', 'libgpg-error.so.0', 'libnss_files.so.2']",openat_root,openat_root_yes,806
fd393f66-c51b-44d3-bc85-0f8e2c1094dd_549564,1072,openat,root,yes,6.0,6,ps,"['uptime', 'meminfo', 'proc', 'stat']","['libprocps.so.8', 'libdl.so.2', 'libc.so.6', 'libsystemd.so.0', 'librt.so.1', 'liblzma.so.5', 'libzstd.so.1', 'liblz4.so.1', 'libgcrypt.so.20', 'libpthread.so.0', 'libgpg-error.so.0', 'libnss_files.so.2']",openat_root,openat_root_yes,807
fd393f66-c51b-44d3-bc85-0f8e2c1094dd_549564,1072,openat,root,yes,6.0,6,ps,"['uptime', 'meminfo', 'proc', 'status']","['libprocps.so.8', 'libdl.so.2', 'libc.so.6', 'libsystemd.so.0', 'librt.so.1', 'liblzma.so.5', 'libzstd.so.1', 'liblz4.so.1', 'libgcrypt.so.20', 'libpthread.so.0', 'libgpg-error.so.0', 'libnss_files.so.2']",openat_root,openat_root_yes,808
fd393f66-c51b-44d3-bc85-0f8e2c1094dd_549564,1072,openat,root,yes,6.0,6,ps,"['uptime', 'meminfo', 'proc', 'cmdline']","['libprocps.so.8', 'libdl.so.2', 'libc.so.6', 'libsystemd.so.0', 'librt.so.1', 'liblzma.so.5', 'libzstd.so.1', 'liblz4.so.1', 'libgcrypt.so.20', 'libpthread.so.0', 'libgpg-error.so.0', 'libnss_files.so.2']",openat_root,openat_root_yes,809
fd393f66-c51b-44d3-bc85-0f8e2c1094dd_549564,1072,openat,root,yes,6.0,6,ps,"['uptime', 'meminfo', 'proc', 'stat']","['libprocps.so.8', 'libdl.so.2', 'libc.so.6', 'libsystemd.so.0', 'librt.so.1', 'liblzma.so.5', 'libzstd.so.1', 'liblz4.so.1', 'libgcrypt.so.20', 'libpthread.so.0', 'libgpg-error.so.0', 'libnss_files.so.2']",openat_root,openat_root_yes,810
fd393f66-c51b-44d3-bc85-0f8e2c1094dd_549564,1072,openat,root,yes,6.0,6,ps,"['uptime', 'meminfo', 'proc', 'status']","['libprocps.so.8', 'libdl.so.2', 'libc.so.6', 'libsystemd.so.0', 'librt.so.1', 'liblzma.so.5', 'libzstd.so.1', 'liblz4.so.1', 'libgcrypt.so.20', 'libpthread.so.0', 'libgpg-error.so.0', 'libnss_files.so.2']",openat_root,openat_root_yes,811
fd393f66-c51b-44d3-bc85-0f8e2c1094dd_549564,1076,close,root,yes,0.0,0,ps,"['uptime', 'meminfo', 'proc']","['libprocps.so.8', 'libdl.so.2', 'libc.so.6', 'libsystemd.so.0', 'librt.so.1', 'liblzma.so.5', 'libzstd.so.1', 'liblz4.so.1', 'libgcrypt.so.20', 'libpthread.so.0', 'libgpg-error.so.0', 'libnss_files.so.2']",close_root,close_root_yes,812
fd393f66-c51b-44d3-bc85-0f8e2c1094dd_549564,1076,openat,root,yes,6.0,6,ps,"['uptime', 'meminfo', 'proc', 'cmdline']","['libprocps.so.8', 'libdl.so.2', 'libc.so.6', 'libsystemd.so.0', 'librt.so.1', 'liblzma.so.5', 'libzstd.so.1', 'liblz4.so.1', 'libgcrypt.so.20', 'libpthread.so.0', 'libgpg-error.so.0', 'libnss_files.so.2']",openat_root,openat_root_yes,813
fd393f66-c51b-44d3-bc85-0f8e2c1094dd_549564,1076,openat,root,yes,6.0,6,ps,"['uptime', 'meminfo', 'proc', 'stat']","['libprocps.so.8', 'libdl.so.2', 'libc.so.6', 'libsystemd.so.0', 'librt.so.1', 'liblzma.so.5', 'libzstd.so.1', 'liblz4.so.1', 'libgcrypt.so.20', 'libpthread.so.0', 'libgpg-error.so.0', 'libnss_files.so.2']",openat_root,openat_root_yes,814
fd393f66-c51b-44d3-bc85-0f8e2c1094dd_549564,1076,openat,root,yes,6.0,6,ps,"['uptime', 'meminfo', 'proc', 'status']","['libprocps.so.8', 'libdl.so.2', 'libc.so.6', 'libsystemd.so.0', 'librt.so.1', 'liblzma.so.5', 'libzstd.so.1', 'liblz4.so.1', 'libgcrypt.so.20', 'libpthread.so.0', 'libgpg-error.so.0', 'libnss_files.so.2']",openat_root,openat_root_yes,815
fd393f66-c51b-44d3-bc85-0f8e2c1094dd_549564,1076,openat,root,yes,6.0,6,ps,"['uptime', 'meminfo', 'proc', 'cmdline']","['libprocps.so.8', 'libdl.so.2', 'libc.so.6', 'libsystemd.so.0', 'librt.so.1', 'liblzma.so.5', 'libzstd.so.1', 'liblz4.so.1', 'libgcrypt.so.20', 'libpthread.so.0', 'libgpg-error.so.0', 'libnss_files.so.2']",openat_root,openat_root_yes,816
fd393f66-c51b-44d3-bc85-0f8e2c1094dd_549564,1076,openat,root,yes,6.0,6,ps,"['uptime', 'meminfo', 'proc', 'stat']","['libprocps.so.8', 'libdl.so.2', 'libc.so.6', 'libsystemd.so.0', 'librt.so.1', 'liblzma.so.5', 'libzstd.so.1', 'liblz4.so.1', 'libgcrypt.so.20', 'libpthread.so.0', 'libgpg-error.so.0', 'libnss_files.so.2']",openat_root,openat_root_yes,817
fd393f66-c51b-44d3-bc85-0f8e2c1094dd_549564,1076,openat,root,yes,6.0,6,ps,"['uptime', 'meminfo', 'proc', 'status']","['libprocps.so.8', 'libdl.so.2', 'libc.so.6', 'libsystemd.so.0', 'librt.so.1', 'liblzma.so.5', 'libzstd.so.1', 'liblz4.so.1', 'libgcrypt.so.20', 'libpthread.so.0', 'libgpg-error.so.0', 'libnss_files.so.2']",openat_root,openat_root_yes,818
fd393f66-c51b-44d3-bc85-0f8e2c1094dd_549564,1076,openat,root,yes,6.0,6,ps,"['uptime', 'meminfo', 'proc', 'cmdline']","['libprocps.so.8', 'libdl.so.2', 'libc.so.6', 'libsystemd.so.0', 'librt.so.1', 'liblzma.so.5', 'libzstd.so.1', 'liblz4.so.1', 'libgcrypt.so.20', 'libpthread.so.0', 'libgpg-error.so.0', 'libnss_files.so.2']",openat_root,openat_root_yes,819
fd393f66-c51b-44d3-bc85-0f8e2c1094dd_549564,1076,openat,root,yes,6.0,6,ps,"['uptime', 'meminfo', 'proc', 'stat']","['libprocps.so.8', 'libdl.so.2', 'libc.so.6', 'libsystemd.so.0', 'librt.so.1', 'liblzma.so.5', 'libzstd.so.1', 'liblz4.so.1', 'libgcrypt.so.20', 'libpthread.so.0', 'libgpg-error.so.0', 'libnss_files.so.2']",openat_root,openat_root_yes,820
fd393f66-c51b-44d3-bc85-0f8e2c1094dd_549564,1076,openat,root,yes,6.0,6,ps,"['uptime', 'meminfo', 'proc', 'status']","['libprocps.so.8', 'libdl.so.2', 'libc.so.6', 'libsystemd.so.0', 'librt.so.1', 'liblzma.so.5', 'libzstd.so.1', 'liblz4.so.1', 'libgcrypt.so.20', 'libpthread.so.0', 'libgpg-error.so.0', 'libnss_files.so.2']",openat_root,openat_root_yes,821
fd393f66-c51b-44d3-bc85-0f8e2c1094dd_549564,1080,openat,root,yes,6.0,6,ps,"['uptime', 'meminfo', 'proc', 'cmdline']","['libprocps.so.8', 'libdl.so.2', 'libc.so.6', 'libsystemd.so.0', 'librt.so.1', 'liblzma.so.5', 'libzstd.so.1', 'liblz4.so.1', 'libgcrypt.so.20', 'libpthread.so.0', 'libgpg-error.so.0', 'libnss_files.so.2']",openat_root,openat_root_yes,822
fd393f66-c51b-44d3-bc85-0f8e2c1094dd_549564,1080,close,root,yes,0.0,0,ps,"['uptime', 'meminfo', 'proc']","['libprocps.so.8', 'libdl.so.2', 'libc.so.6', 'libsystemd.so.0', 'librt.so.1', 'liblzma.so.5', 'libzstd.so.1', 'liblz4.so.1', 'libgcrypt.so.20', 'libpthread.so.0', 'libgpg-error.so.0', 'libnss_files.so.2']",close_root,close_root_yes,823
fd393f66-c51b-44d3-bc85-0f8e2c1094dd_549564,1080,openat,root,yes,6.0,6,ps,"['uptime', 'meminfo', 'proc', 'stat']","['libprocps.so.8', 'libdl.so.2', 'libc.so.6', 'libsystemd.so.0', 'librt.so.1', 'liblzma.so.5', 'libzstd.so.1', 'liblz4.so.1', 'libgcrypt.so.20', 'libpthread.so.0', 'libgpg-error.so.0', 'libnss_files.so.2']",openat_root,openat_root_yes,824
fd393f66-c51b-44d3-bc85-0f8e2c1094dd_549564,1080,openat,root,yes,6.0,6,ps,"['uptime', 'meminfo', 'proc', 'status']","['libprocps.so.8', 'libdl.so.2', 'libc.so.6', 'libsystemd.so.0', 'librt.so.1', 'liblzma.so.5', 'libzstd.so.1', 'liblz4.so.1', 'libgcrypt.so.20', 'libpthread.so.0', 'libgpg-error.so.0', 'libnss_files.so.2']",openat_root,openat_root_yes,825
fd393f66-c51b-44d3-bc85-0f8e2c1094dd_549564,1080,openat,root,yes,6.0,6,ps,"['uptime', 'meminfo', 'proc', 'cmdline']","['libprocps.so.8', 'libdl.so.2', 'libc.so.6', 'libsystemd.so.0', 'librt.so.1', 'liblzma.so.5', 'libzstd.so.1', 'liblz4.so.1', 'libgcrypt.so.20', 'libpthread.so.0', 'libgpg-error.so.0', 'libnss_files.so.2']",openat_root,openat_root_yes,826
fd393f66-c51b-44d3-bc85-0f8e2c1094dd_549564,1080,openat,root,yes,6.0,6,ps,"['uptime', 'meminfo', 'proc', 'stat']","['libprocps.so.8', 'libdl.so.2', 'libc.so.6', 'libsystemd.so.0', 'librt.so.1', 'liblzma.so.5', 'libzstd.so.1', 'liblz4.so.1', 'libgcrypt.so.20', 'libpthread.so.0', 'libgpg-error.so.0', 'libnss_files.so.2']",openat_root,openat_root_yes,827
fd393f66-c51b-44d3-bc85-0f8e2c1094dd_549564,1084,close,root,yes,0.0,0,ps,"['uptime', 'meminfo', 'proc']","['libprocps.so.8', 'libdl.so.2', 'libc.so.6', 'libsystemd.so.0', 'librt.so.1', 'liblzma.so.5', 'libzstd.so.1', 'liblz4.so.1', 'libgcrypt.so.20', 'libpthread.so.0', 'libgpg-error.so.0', 'libnss_files.so.2']",close_root,close_root_yes,828
fd393f66-c51b-44d3-bc85-0f8e2c1094dd_549564,1084,openat,root,yes,6.0,6,ps,"['uptime', 'meminfo', 'proc', 'status']","['libprocps.so.8', 'libdl.so.2', 'libc.so.6', 'libsystemd.so.0', 'librt.so.1', 'liblzma.so.5', 'libzstd.so.1', 'liblz4.so.1', 'libgcrypt.so.20', 'libpthread.so.0', 'libgpg-error.so.0', 'libnss_files.so.2']",openat_root,openat_root_yes,829
fd393f66-c51b-44d3-bc85-0f8e2c1094dd_549564,1084,openat,root,yes,6.0,6,ps,"['uptime', 'meminfo', 'proc', 'cmdline']","['libprocps.so.8', 'libdl.so.2', 'libc.so.6', 'libsystemd.so.0', 'librt.so.1', 'liblzma.so.5', 'libzstd.so.1', 'liblz4.so.1', 'libgcrypt.so.20', 'libpthread.so.0', 'libgpg-error.so.0', 'libnss_files.so.2']",openat_root,openat_root_yes,830
fd393f66-c51b-44d3-bc85-0f8e2c1094dd_549564,1084,openat,root,yes,6.0,6,ps,"['uptime', 'meminfo', 'proc', 'stat']","['libprocps.so.8', 'libdl.so.2', 'libc.so.6', 'libsystemd.so.0', 'librt.so.1', 'liblzma.so.5', 'libzstd.so.1', 'liblz4.so.1', 'libgcrypt.so.20', 'libpthread.so.0', 'libgpg-error.so.0', 'libnss_files.so.2']",openat_root,openat_root_yes,831
fd393f66-c51b-44d3-bc85-0f8e2c1094dd_549564,1084,openat,root,yes,6.0,6,ps,"['uptime', 'meminfo', 'proc', 'status']","['libprocps.so.8', 'libdl.so.2', 'libc.so.6', 'libsystemd.so.0', 'librt.so.1', 'liblzma.so.5', 'libzstd.so.1', 'liblz4.so.1', 'libgcrypt.so.20', 'libpthread.so.0', 'libgpg-error.so.0', 'libnss_files.so.2']",openat_root,openat_root_yes,832
fd393f66-c51b-44d3-bc85-0f8e2c1094dd_549564,1084,openat,root,yes,6.0,6,ps,"['uptime', 'meminfo', 'proc', 'cmdline']","['libprocps.so.8', 'libdl.so.2', 'libc.so.6', 'libsystemd.so.0', 'librt.so.1', 'liblzma.so.5', 'libzstd.so.1', 'liblz4.so.1', 'libgcrypt.so.20', 'libpthread.so.0', 'libgpg-error.so.0', 'libnss_files.so.2']",openat_root,openat_root_yes,833
fd393f66-c51b-44d3-bc85-0f8e2c1094dd_549564,1084,openat,root,yes,6.0,6,ps,"['uptime', 'meminfo', 'proc', 'stat']","['libprocps.so.8', 'libdl.so.2', 'libc.so.6', 'libsystemd.so.0', 'librt.so.1', 'liblzma.so.5', 'libzstd.so.1', 'liblz4.so.1', 'libgcrypt.so.20', 'libpthread.so.0', 'libgpg-error.so.0', 'libnss_files.so.2']",openat_root,openat_root_yes,834
fd393f66-c51b-44d3-bc85-0f8e2c1094dd_549564,1084,openat,root,yes,6.0,6,ps,"['uptime', 'meminfo', 'proc', 'status']","['libprocps.so.8', 'libdl.so.2', 'libc.so.6', 'libsystemd.so.0', 'librt.so.1', 'liblzma.so.5', 'libzstd.so.1', 'liblz4.so.1', 'libgcrypt.so.20', 'libpthread.so.0', 'libgpg-error.so.0', 'libnss_files.so.2']",openat_root,openat_root_yes,835
fd393f66-c51b-44d3-bc85-0f8e2c1094dd_549564,1084,openat,root,yes,6.0,6,ps,"['uptime', 'meminfo', 'proc', 'cmdline']","['libprocps.so.8', 'libdl.so.2', 'libc.so.6', 'libsystemd.so.0', 'librt.so.1', 'liblzma.so.5', 'libzstd.so.1', 'liblz4.so.1', 'libgcrypt.so.20', 'libpthread.so.0', 'libgpg-error.so.0', 'libnss_files.so.2']",openat_root,openat_root_yes,836
fd393f66-c51b-44d3-bc85-0f8e2c1094dd_549564,1088,openat,root,yes,6.0,6,ps,"['uptime', 'meminfo', 'proc', 'stat']","['libprocps.so.8', 'libdl.so.2', 'libc.so.6', 'libsystemd.so.0', 'librt.so.1', 'liblzma.so.5', 'libzstd.so.1', 'liblz4.so.1', 'libgcrypt.so.20', 'libpthread.so.0', 'libgpg-error.so.0', 'libnss_files.so.2']",openat_root,openat_root_yes,837
fd393f66-c51b-44d3-bc85-0f8e2c1094dd_549564,1088,close,root,yes,0.0,0,ps,"['uptime', 'meminfo', 'proc']","['libprocps.so.8', 'libdl.so.2', 'libc.so.6', 'libsystemd.so.0', 'librt.so.1', 'liblzma.so.5', 'libzstd.so.1', 'liblz4.so.1', 'libgcrypt.so.20', 'libpthread.so.0', 'libgpg-error.so.0', 'libnss_files.so.2']",close_root,close_root_yes,838
fd393f66-c51b-44d3-bc85-0f8e2c1094dd_549564,1088,openat,root,yes,6.0,6,ps,"['uptime', 'meminfo', 'proc', 'status']","['libprocps.so.8', 'libdl.so.2', 'libc.so.6', 'libsystemd.so.0', 'librt.so.1', 'liblzma.so.5', 'libzstd.so.1', 'liblz4.so.1', 'libgcrypt.so.20', 'libpthread.so.0', 'libgpg-error.so.0', 'libnss_files.so.2']",openat_root,openat_root_yes,839
fd393f66-c51b-44d3-bc85-0f8e2c1094dd_549564,1088,openat,root,yes,6.0,6,ps,"['uptime', 'meminfo', 'proc', 'cmdline']","['libprocps.so.8', 'libdl.so.2', 'libc.so.6', 'libsystemd.so.0', 'librt.so.1', 'liblzma.so.5', 'libzstd.so.1', 'liblz4.so.1', 'libgcrypt.so.20', 'libpthread.so.0', 'libgpg-error.so.0', 'libnss_files.so.2']",openat_root,openat_root_yes,840
fd393f66-c51b-44d3-bc85-0f8e2c1094dd_549564,1088,openat,root,yes,6.0,6,ps,"['uptime', 'meminfo', 'proc', 'stat']","['libprocps.so.8', 'libdl.so.2', 'libc.so.6', 'libsystemd.so.0', 'librt.so.1', 'liblzma.so.5', 'libzstd.so.1', 'liblz4.so.1', 'libgcrypt.so.20', 'libpthread.so.0', 'libgpg-error.so.0', 'libnss_files.so.2']",openat_root,openat_root_yes,841
fd393f66-c51b-44d3-bc85-0f8e2c1094dd_549564,1088,openat,root,yes,6.0,6,ps,"['uptime', 'meminfo', 'proc', 'status']","['libprocps.so.8', 'libdl.so.2', 'libc.so.6', 'libsystemd.so.0', 'librt.so.1', 'liblzma.so.5', 'libzstd.so.1', 'liblz4.so.1', 'libgcrypt.so.20', 'libpthread.so.0', 'libgpg-error.so.0', 'libnss_files.so.2']",openat_root,openat_root_yes,842
fd393f66-c51b-44d3-bc85-0f8e2c1094dd_549564,1088,openat,root,yes,6.0,6,ps,"['uptime', 'meminfo', 'proc', 'cmdline']","['libprocps.so.8', 'libdl.so.2', 'libc.so.6', 'libsystemd.so.0', 'librt.so.1', 'liblzma.so.5', 'libzstd.so.1', 'liblz4.so.1', 'libgcrypt.so.20', 'libpthread.so.0', 'libgpg-error.so.0', 'libnss_files.so.2']",openat_root,openat_root_yes,843
fd393f66-c51b-44d3-bc85-0f8e2c1094dd_549564,1088,openat,root,yes,6.0,6,ps,"['uptime', 'meminfo', 'proc', 'stat']","['libprocps.so.8', 'libdl.so.2', 'libc.so.6', 'libsystemd.so.0', 'librt.so.1', 'liblzma.so.5', 'libzstd.so.1', 'liblz4.so.1', 'libgcrypt.so.20', 'libpthread.so.0', 'libgpg-error.so.0', 'libnss_files.so.2']",openat_root,openat_root_yes,844
fd393f66-c51b-44d3-bc85-0f8e2c1094dd_549564,1088,openat,root,yes,6.0,6,ps,"['uptime', 'meminfo', 'proc', 'status']","['libprocps.so.8', 'libdl.so.2', 'libc.so.6', 'libsystemd.so.0', 'librt.so.1', 'liblzma.so.5', 'libzstd.so.1', 'liblz4.so.1', 'libgcrypt.so.20', 'libpthread.so.0', 'libgpg-error.so.0', 'libnss_files.so.2']",openat_root,openat_root_yes,845
fd393f66-c51b-44d3-bc85-0f8e2c1094dd_549564,1092,openat,root,yes,6.0,6,ps,"['uptime', 'meminfo', 'proc', 'cmdline']","['libprocps.so.8', 'libdl.so.2', 'libc.so.6', 'libsystemd.so.0', 'librt.so.1', 'liblzma.so.5', 'libzstd.so.1', 'liblz4.so.1', 'libgcrypt.so.20', 'libpthread.so.0', 'libgpg-error.so.0', 'libnss_files.so.2']",openat_root,openat_root_yes,846
fd393f66-c51b-44d3-bc85-0f8e2c1094dd_549564,1092,close,root,yes,0.0,0,ps,"['uptime', 'meminfo', 'proc']","['libprocps.so.8', 'libdl.so.2', 'libc.so.6', 'libsystemd.so.0', 'librt.so.1', 'liblzma.so.5', 'libzstd.so.1', 'liblz4.so.1', 'libgcrypt.so.20', 'libpthread.so.0', 'libgpg-error.so.0', 'libnss_files.so.2']",close_root,close_root_yes,847
fd393f66-c51b-44d3-bc85-0f8e2c1094dd_549564,1092,openat,root,yes,6.0,6,ps,"['uptime', 'meminfo', 'proc', 'stat']","['libprocps.so.8', 'libdl.so.2', 'libc.so.6', 'libsystemd.so.0', 'librt.so.1', 'liblzma.so.5', 'libzstd.so.1', 'liblz4.so.1', 'libgcrypt.so.20', 'libpthread.so.0', 'libgpg-error.so.0', 'libnss_files.so.2']",openat_root,openat_root_yes,848
fd393f66-c51b-44d3-bc85-0f8e2c1094dd_549564,1092,openat,root,yes,6.0,6,ps,"['uptime', 'meminfo', 'proc', 'status']","['libprocps.so.8', 'libdl.so.2', 'libc.so.6', 'libsystemd.so.0', 'librt.so.1', 'liblzma.so.5', 'libzstd.so.1', 'liblz4.so.1', 'libgcrypt.so.20', 'libpthread.so.0', 'libgpg-error.so.0', 'libnss_files.so.2']",openat_root,openat_root_yes,849
fd393f66-c51b-44d3-bc85-0f8e2c1094dd_549564,1092,openat,root,yes,6.0,6,ps,"['uptime', 'meminfo', 'proc', 'cmdline']","['libprocps.so.8', 'libdl.so.2', 'libc.so.6', 'libsystemd.so.0', 'librt.so.1', 'liblzma.so.5', 'libzstd.so.1', 'liblz4.so.1', 'libgcrypt.so.20', 'libpthread.so.0', 'libgpg-error.so.0', 'libnss_files.so.2']",openat_root,openat_root_yes,850
fd393f66-c51b-44d3-bc85-0f8e2c1094dd_549564,1092,openat,root,yes,6.0,6,ps,"['uptime', 'meminfo', 'proc', 'stat']","['libprocps.so.8', 'libdl.so.2', 'libc.so.6', 'libsystemd.so.0', 'librt.so.1', 'liblzma.so.5', 'libzstd.so.1', 'liblz4.so.1', 'libgcrypt.so.20', 'libpthread.so.0', 'libgpg-error.so.0', 'libnss_files.so.2']",openat_root,openat_root_yes,851
fd393f66-c51b-44d3-bc85-0f8e2c1094dd_549564,1092,openat,root,yes,6.0,6,ps,"['uptime', 'meminfo', 'proc', 'status']","['libprocps.so.8', 'libdl.so.2', 'libc.so.6', 'libsystemd.so.0', 'librt.so.1', 'liblzma.so.5', 'libzstd.so.1', 'liblz4.so.1', 'libgcrypt.so.20', 'libpthread.so.0', 'libgpg-error.so.0', 'libnss_files.so.2']",openat_root,openat_root_yes,852
fd393f66-c51b-44d3-bc85-0f8e2c1094dd_549564,1092,openat,root,yes,6.0,6,ps,"['uptime', 'meminfo', 'proc', 'cmdline']","['libprocps.so.8', 'libdl.so.2', 'libc.so.6', 'libsystemd.so.0', 'librt.so.1', 'liblzma.so.5', 'libzstd.so.1', 'liblz4.so.1', 'libgcrypt.so.20', 'libpthread.so.0', 'libgpg-error.so.0', 'libnss_files.so.2']",openat_root,openat_root_yes,853
fd393f66-c51b-44d3-bc85-0f8e2c1094dd_549564,1092,openat,root,yes,6.0,6,ps,"['uptime', 'meminfo', 'proc', 'stat']","['libprocps.so.8', 'libdl.so.2', 'libc.so.6', 'libsystemd.so.0', 'librt.so.1', 'liblzma.so.5', 'libzstd.so.1', 'liblz4.so.1', 'libgcrypt.so.20', 'libpthread.so.0', 'libgpg-error.so.0', 'libnss_files.so.2']",openat_root,openat_root_yes,854
fd393f66-c51b-44d3-bc85-0f8e2c1094dd_549564,1092,openat,root,yes,6.0,6,ps,"['uptime', 'meminfo', 'proc', 'status']","['libprocps.so.8', 'libdl.so.2', 'libc.so.6', 'libsystemd.so.0', 'librt.so.1', 'liblzma.so.5', 'libzstd.so.1', 'liblz4.so.1', 'libgcrypt.so.20', 'libpthread.so.0', 'libgpg-error.so.0', 'libnss_files.so.2']",openat_root,openat_root_yes,855
fd393f66-c51b-44d3-bc85-0f8e2c1094dd_549564,1096,close,root,yes,0.0,0,ps,"['uptime', 'meminfo', 'proc']","['libprocps.so.8', 'libdl.so.2', 'libc.so.6', 'libsystemd.so.0', 'librt.so.1', 'liblzma.so.5', 'libzstd.so.1', 'liblz4.so.1', 'libgcrypt.so.20', 'libpthread.so.0', 'libgpg-error.so.0', 'libnss_files.so.2']",close_root,close_root_yes,856
fd393f66-c51b-44d3-bc85-0f8e2c1094dd_549564,1096,openat,root,yes,6.0,6,ps,"['uptime', 'meminfo', 'proc', 'cmdline']","['libprocps.so.8', 'libdl.so.2', 'libc.so.6', 'libsystemd.so.0', 'librt.so.1', 'liblzma.so.5', 'libzstd.so.1', 'liblz4.so.1', 'libgcrypt.so.20', 'libpthread.so.0', 'libgpg-error.so.0', 'libnss_files.so.2']",openat_root,openat_root_yes,857
fd393f66-c51b-44d3-bc85-0f8e2c1094dd_549564,1096,openat,root,yes,6.0,6,ps,"['uptime', 'meminfo', 'proc', 'stat']","['libprocps.so.8', 'libdl.so.2', 'libc.so.6', 'libsystemd.so.0', 'librt.so.1', 'liblzma.so.5', 'libzstd.so.1', 'liblz4.so.1', 'libgcrypt.so.20', 'libpthread.so.0', 'libgpg-error.so.0', 'libnss_files.so.2']",openat_root,openat_root_yes,858
fd393f66-c51b-44d3-bc85-0f8e2c1094dd_549564,1096,openat,root,yes,6.0,6,ps,"['uptime', 'meminfo', 'proc', 'status']","['libprocps.so.8', 'libdl.so.2', 'libc.so.6', 'libsystemd.so.0', 'librt.so.1', 'liblzma.so.5', 'libzstd.so.1', 'liblz4.so.1', 'libgcrypt.so.20', 'libpthread.so.0', 'libgpg-error.so.0', 'libnss_files.so.2']",openat_root,openat_root_yes,859
fd393f66-c51b-44d3-bc85-0f8e2c1094dd_549564,1096,openat,root,yes,6.0,6,ps,"['uptime', 'meminfo', 'proc', 'cmdline']","['libprocps.so.8', 'libdl.so.2', 'libc.so.6', 'libsystemd.so.0', 'librt.so.1', 'liblzma.so.5', 'libzstd.so.1', 'liblz4.so.1', 'libgcrypt.so.20', 'libpthread.so.0', 'libgpg-error.so.0', 'libnss_files.so.2']",openat_root,openat_root_yes,860
fd393f66-c51b-44d3-bc85-0f8e2c1094dd_549564,1096,openat,root,yes,6.0,6,ps,"['uptime', 'meminfo', 'proc', 'stat']","['libprocps.so.8', 'libdl.so.2', 'libc.so.6', 'libsystemd.so.0', 'librt.so.1', 'liblzma.so.5', 'libzstd.so.1', 'liblz4.so.1', 'libgcrypt.so.20', 'libpthread.so.0', 'libgpg-error.so.0', 'libnss_files.so.2']",openat_root,openat_root_yes,861
fd393f66-c51b-44d3-bc85-0f8e2c1094dd_549564,1096,openat,root,yes,6.0,6,ps,"['uptime', 'meminfo', 'proc', 'status']","['libprocps.so.8', 'libdl.so.2', 'libc.so.6', 'libsystemd.so.0', 'librt.so.1', 'liblzma.so.5', 'libzstd.so.1', 'liblz4.so.1', 'libgcrypt.so.20', 'libpthread.so.0', 'libgpg-error.so.0', 'libnss_files.so.2']",openat_root,openat_root_yes,862
fd393f66-c51b-44d3-bc85-0f8e2c1094dd_549564,1100,close,root,yes,0.0,0,ps,"['uptime', 'meminfo', 'proc']","['libprocps.so.8', 'libdl.so.2', 'libc.so.6', 'libsystemd.so.0', 'librt.so.1', 'liblzma.so.5', 'libzstd.so.1', 'liblz4.so.1', 'libgcrypt.so.20', 'libpthread.so.0', 'libgpg-error.so.0', 'libnss_files.so.2']",close_root,close_root_yes,863
fd393f66-c51b-44d3-bc85-0f8e2c1094dd_549564,1100,openat,root,yes,6.0,6,ps,"['uptime', 'meminfo', 'proc', 'cmdline']","['libprocps.so.8', 'libdl.so.2', 'libc.so.6', 'libsystemd.so.0', 'librt.so.1', 'liblzma.so.5', 'libzstd.so.1', 'liblz4.so.1', 'libgcrypt.so.20', 'libpthread.so.0', 'libgpg-error.so.0', 'libnss_files.so.2']",openat_root,openat_root_yes,864
fd393f66-c51b-44d3-bc85-0f8e2c1094dd_549564,1100,openat,root,yes,6.0,6,ps,"['uptime', 'meminfo', 'proc', 'stat']","['libprocps.so.8', 'libdl.so.2', 'libc.so.6', 'libsystemd.so.0', 'librt.so.1', 'liblzma.so.5', 'libzstd.so.1', 'liblz4.so.1', 'libgcrypt.so.20', 'libpthread.so.0', 'libgpg-error.so.0', 'libnss_files.so.2']",openat_root,openat_root_yes,865
fd393f66-c51b-44d3-bc85-0f8e2c1094dd_549564,1104,close,root,yes,0.0,0,ps,"['uptime', 'meminfo', 'proc']","['libprocps.so.8', 'libdl.so.2', 'libc.so.6', 'libsystemd.so.0', 'librt.so.1', 'liblzma.so.5', 'libzstd.so.1', 'liblz4.so.1', 'libgcrypt.so.20', 'libpthread.so.0', 'libgpg-error.so.0', 'libnss_files.so.2']",close_root,close_root_yes,866
fd393f66-c51b-44d3-bc85-0f8e2c1094dd_549564,1104,openat,root,yes,6.0,6,ps,"['uptime', 'meminfo', 'proc', 'status']","['libprocps.so.8', 'libdl.so.2', 'libc.so.6', 'libsystemd.so.0', 'librt.so.1', 'liblzma.so.5', 'libzstd.so.1', 'liblz4.so.1', 'libgcrypt.so.20', 'libpthread.so.0', 'libgpg-error.so.0', 'libnss_files.so.2']",openat_root,openat_root_yes,867
fd393f66-c51b-44d3-bc85-0f8e2c1094dd_549564,1104,openat,root,yes,6.0,6,ps,"['uptime', 'meminfo', 'proc', 'cmdline']","['libprocps.so.8', 'libdl.so.2', 'libc.so.6', 'libsystemd.so.0', 'librt.so.1', 'liblzma.so.5', 'libzstd.so.1', 'liblz4.so.1', 'libgcrypt.so.20', 'libpthread.so.0', 'libgpg-error.so.0', 'libnss_files.so.2']",openat_root,openat_root_yes,868
fd393f66-c51b-44d3-bc85-0f8e2c1094dd_549564,1104,close,root,yes,0.0,0,ps,"['uptime', 'meminfo']","['libprocps.so.8', 'libdl.so.2', 'libc.so.6', 'libsystemd.so.0', 'librt.so.1', 'liblzma.so.5', 'libzstd.so.1', 'liblz4.so.1', 'libgcrypt.so.20', 'libpthread.so.0', 'libgpg-error.so.0', 'libnss_files.so.2']",close_root,close_root_yes,869
fd393f66-c51b-44d3-bc85-0f8e2c1094dd_549561,1104,close,root,yes,0.0,0,cron,[],[],close_root,close_root_yes,870
fd393f66-c51b-44d3-bc85-0f8e2c1094dd_549561,1104,openat,root,yes,3.0,3,cron,['login.defs'],[],openat_root,openat_root_yes,871
fd393f66-c51b-44d3-bc85-0f8e2c1094dd_549561,1104,socket,root,yes,3.0,3,cron,[],[],socket_root,socket_root_yes,872
fd393f66-c51b-44d3-bc85-0f8e2c1094dd_549561,1104,close,root,yes,0.0,0,cron,[],[],close_root,close_root_yes,873
fd393f66-c51b-44d3-bc85-0f8e2c1094dd_549561,1104,close,root,yes,0.0,0,cron,[],[],close_root,close_root_yes,874
fd393f66-c51b-44d3-bc85-0f8e2c1094dd_549561,1104,munmap,root,yes,0.0,0,cron,[],[],munmap_root,munmap_root_yes,875
fd393f66-c51b-44d3-bc85-0f8e2c1094dd_549561,1108,munmap,root,yes,0.0,0,cron,[],[],munmap_root,munmap_root_yes,876
fd393f66-c51b-44d3-bc85-0f8e2c1094dd_549561,1112,munmap,root,yes,0.0,0,cron,[],[],munmap_root,munmap_root_yes,877
fd393f66-c51b-44d3-bc85-0f8e2c1094dd_18571,8739,openat,root,yes,11.0,11,filebeat,"['20230412T000000.log', '20230412T000000.log', 'cgroups']",[],openat_root,openat_root_yes,878
fd393f66-c51b-44d3-bc85-0f8e2c1094dd_18571,8739,close,root,yes,0.0,0,filebeat,"['20230412T000000.log', '20230412T000000.log']",[],close_root,close_root_yes,879
fd393f66-c51b-44d3-bc85-0f8e2c1094dd_18571,8739,openat,root,yes,11.0,11,filebeat,"['20230412T000000.log', '20230412T000000.log', 'mountinfo']",[],openat_root,openat_root_yes,880
fd393f66-c51b-44d3-bc85-0f8e2c1094dd_18571,8739,openat,root,yes,11.0,11,filebeat,"['20230412T000000.log', '20230412T000000.log', 'cgroup']",[],openat_root,openat_root_yes,881
fd393f66-c51b-44d3-bc85-0f8e2c1094dd_18571,8739,openat,root,yes,12.0,12,filebeat,"['20230412T000000.log', '20230412T000000.log', 'cgroup', 'filebeat.service']",[],openat_root,openat_root_yes,882
fd393f66-c51b-44d3-bc85-0f8e2c1094dd_18571,8739,close,root,yes,0.0,0,filebeat,"['20230412T000000.log', '20230412T000000.log', 'cgroup']",[],close_root,close_root_yes,883
fd393f66-c51b-44d3-bc85-0f8e2c1094dd_18571,8739,openat,root,no,-2.0,ENOENT(No such file or directory),filebeat,"['20230412T000000.log', '20230412T000000.log']",[],openat_root,openat_root_no,884
fd393f66-c51b-44d3-bc85-0f8e2c1094dd_18571,8739,openat,root,yes,11.0,11,filebeat,"['20230412T000000.log', '20230412T000000.log', 'stat']",[],openat_root,openat_root_yes,885
fd393f66-c51b-44d3-bc85-0f8e2c1094dd_18571,8739,openat,root,yes,11.0,11,filebeat,"['20230412T000000.log', '20230412T000000.log', 'statm']",[],openat_root,openat_root_yes,886
fd393f66-c51b-44d3-bc85-0f8e2c1094dd_18571,8739,openat,root,yes,11.0,11,filebeat,"['20230412T000000.log', '20230412T000000.log', 'cmdline']",[],openat_root,openat_root_yes,887
fd393f66-c51b-44d3-bc85-0f8e2c1094dd_18571,8739,openat,root,yes,11.0,11,filebeat,"['20230412T000000.log', '20230412T000000.log', 'limits']",[],openat_root,openat_root_yes,888
fd393f66-c51b-44d3-bc85-0f8e2c1094dd_18571,8739,openat,root,yes,11.0,11,filebeat,"['20230412T000000.log', '20230412T000000.log', 'fd']",[],openat_root,openat_root_yes,889
fd393f66-c51b-44d3-bc85-0f8e2c1094dd_18571,8743,close,root,yes,0.0,0,filebeat,"['20230412T000000.log', '20230412T000000.log']",[],close_root,close_root_yes,890
fd393f66-c51b-44d3-bc85-0f8e2c1094dd_18571,8743,openat,root,yes,11.0,11,filebeat,"['20230412T000000.log', '20230412T000000.log', 'environ']",[],openat_root,openat_root_yes,891
fd393f66-c51b-44d3-bc85-0f8e2c1094dd_18571,8743,openat,root,yes,11.0,11,filebeat,"['20230412T000000.log', '20230412T000000.log', 'status']",[],openat_root,openat_root_yes,892
fd393f66-c51b-44d3-bc85-0f8e2c1094dd_18571,8743,openat,root,yes,11.0,11,filebeat,"['20230412T000000.log', '20230412T000000.log', 'stat']",[],openat_root,openat_root_yes,893
fd393f66-c51b-44d3-bc85-0f8e2c1094dd_18571,8743,openat,root,yes,11.0,11,filebeat,"['20230412T000000.log', '20230412T000000.log', 'statm']",[],openat_root,openat_root_yes,894
fd393f66-c51b-44d3-bc85-0f8e2c1094dd_18571,8743,openat,root,yes,11.0,11,filebeat,"['20230412T000000.log', '20230412T000000.log', 'cmdline']",[],openat_root,openat_root_yes,895
fd393f66-c51b-44d3-bc85-0f8e2c1094dd_18571,8743,openat,root,yes,11.0,11,filebeat,"['20230412T000000.log', '20230412T000000.log', 'limits']",[],openat_root,openat_root_yes,896
fd393f66-c51b-44d3-bc85-0f8e2c1094dd_18571,8743,openat,root,yes,11.0,11,filebeat,"['20230412T000000.log', '20230412T000000.log', 'fd']",[],openat_root,openat_root_yes,897
fd393f66-c51b-44d3-bc85-0f8e2c1094dd_18571,8747,close,root,yes,0.0,0,filebeat,"['20230412T000000.log', '20230412T000000.log']",[],close_root,close_root_yes,898
fd393f66-c51b-44d3-bc85-0f8e2c1094dd_18571,8747,openat,root,yes,11.0,11,filebeat,"['20230412T000000.log', '20230412T000000.log', 'status']",[],openat_root,openat_root_yes,899
fd393f66-c51b-44d3-bc85-0f8e2c1094dd_18571,8747,openat,root,yes,11.0,11,filebeat,"['20230412T000000.log', '20230412T000000.log', 'stat']",[],openat_root,openat_root_yes,900
fd393f66-c51b-44d3-bc85-0f8e2c1094dd_18571,8747,openat,root,yes,11.0,11,filebeat,"['20230412T000000.log', '20230412T000000.log', 'statm']",[],openat_root,openat_root_yes,901
fd393f66-c51b-44d3-bc85-0f8e2c1094dd_18571,8747,openat,root,yes,11.0,11,filebeat,"['20230412T000000.log', '20230412T000000.log', 'cmdline']",[],openat_root,openat_root_yes,902
fd393f66-c51b-44d3-bc85-0f8e2c1094dd_18571,8747,openat,root,yes,11.0,11,filebeat,"['20230412T000000.log', '20230412T000000.log', 'limits']",[],openat_root,openat_root_yes,903
fd393f66-c51b-44d3-bc85-0f8e2c1094dd_18571,8747,openat,root,yes,11.0,11,filebeat,"['20230412T000000.log', '20230412T000000.log', 'fd']",[],openat_root,openat_root_yes,904
fd393f66-c51b-44d3-bc85-0f8e2c1094dd_18571,8747,openat,root,yes,11.0,11,filebeat,"['20230412T000000.log', '20230412T000000.log', 'environ']",[],openat_root,openat_root_yes,905
fd393f66-c51b-44d3-bc85-0f8e2c1094dd_18571,8751,close,root,yes,0.0,0,filebeat,"['20230412T000000.log', '20230412T000000.log']",[],close_root,close_root_yes,906
fd393f66-c51b-44d3-bc85-0f8e2c1094dd_18571,8751,openat,root,yes,11.0,11,filebeat,"['20230412T000000.log', '20230412T000000.log', 'online']",[],openat_root,openat_root_yes,907
fd393f66-c51b-44d3-bc85-0f8e2c1094dd_18571,8751,openat,root,yes,11.0,11,filebeat,"['20230412T000000.log', '20230412T000000.log', 'loadavg']",[],openat_root,openat_root_yes,908
fd393f66-c51b-44d3-bc85-0f8e2c1094dd_517,9975,openat,root,yes,14.0,14,dhcpcd,['hop_limit'],[],openat_root,openat_root_yes,909
fd393f66-c51b-44d3-bc85-0f8e2c1094dd_517,9975,close,root,yes,0.0,0,dhcpcd,[],[],close_root,close_root_yes,910
fd393f66-c51b-44d3-bc85-0f8e2c1094dd_517,9975,openat,root,yes,14.0,14,dhcpcd,['retrans_time'],[],openat_root,openat_root_yes,911
fd393f66-c51b-44d3-bc85-0f8e2c1094dd_517,9975,openat,root,yes,14.0,14,dhcpcd,['base_reachable_time'],[],openat_root,openat_root_yes,912
fd393f66-c51b-44d3-bc85-0f8e2c1094dd_517,9975,socket,root,yes,14.0,14,dhcpcd,[],[],socket_root,socket_root_yes,913
fd393f66-c51b-44d3-bc85-0f8e2c1094dd_517,9975,bind,root,yes,0.0,0,dhcpcd,[],[],bind_root,bind_root_yes,914
fd393f66-c51b-44d3-bc85-0f8e2c1094dd_517,9975,openat,root,yes,14.0,14,dhcpcd,['forwarding'],[],openat_root,openat_root_yes,915
fd393f66-c51b-44d3-bc85-0f8e2c1094dd_517,9975,openat,root,yes,14.0,14,dhcpcd,['forwarding'],[],openat_root,openat_root_yes,916
fd393f66-c51b-44d3-bc85-0f8e2c1094dd_517,9975,openat,root,yes,14.0,14,dhcpcd,['forwarding'],[],openat_root,openat_root_yes,917
fd393f66-c51b-44d3-bc85-0f8e2c1094dd_517,9979,mmap,root,yes,548490850304.0,548490850304,dhcpcd,[],[],mmap_root,mmap_root_yes,918
fd393f66-c51b-44d3-bc85-0f8e2c1094dd_517,9979,clone,root,yes,549566.0,549566,dhcpcd,[],[],clone_root,clone_root_yes,919
fd393f66-c51b-44d3-bc85-0f8e2c1094dd_517,9979,munmap,root,yes,0.0,0,dhcpcd,[],[],munmap_root,munmap_root_yes,920
fd393f66-c51b-44d3-bc85-0f8e2c1094dd_549566,9979,execve,root,yes,0.0,0,dhcpcd-run-hook,[],[],execve_root,execve_root_yes,921
fd393f66-c51b-44d3-bc85-0f8e2c1094dd_549566,9979,openat,root,yes,3.0,3,dhcpcd-run-hook,['ld.so.cache'],[],openat_root,openat_root_yes,922
fd393f66-c51b-44d3-bc85-0f8e2c1094dd_549566,9979,mmap,root,yes,548419960832.0,548419960832,dhcpcd-run-hook,['ld.so.cache'],[],mmap_root,mmap_root_yes,923
fd393f66-c51b-44d3-bc85-0f8e2c1094dd_549566,9979,close,root,yes,0.0,0,dhcpcd-run-hook,[],[],close_root,close_root_yes,924
fd393f66-c51b-44d3-bc85-0f8e2c1094dd_549566,9979,openat,root,yes,3.0,3,dhcpcd-run-hook,['libc.so.6'],[],openat_root,openat_root_yes,925
fd393f66-c51b-44d3-bc85-0f8e2c1094dd_549566,9979,mmap,root,yes,548419952640.0,548419952640,dhcpcd-run-hook,['libc.so.6'],[],mmap_root,mmap_root_yes,926
fd393f66-c51b-44d3-bc85-0f8e2c1094dd_549566,9979,mmap,root,yes,548418277376.0,548418277376,dhcpcd-run-hook,['libc.so.6'],['libc.so.6'],mmap_root,mmap_root_yes,927
fd393f66-c51b-44d3-bc85-0f8e2c1094dd_549566,9979,mmap,root,yes,548419768320.0,548419768320,dhcpcd-run-hook,['libc.so.6'],['libc.so.6'],mmap_root,mmap_root_yes,928
fd393f66-c51b-44d3-bc85-0f8e2c1094dd_549566,9979,mmap,root,yes,548419792896.0,548419792896,dhcpcd-run-hook,['libc.so.6'],['libc.so.6'],mmap_root,mmap_root_yes,929
fd393f66-c51b-44d3-bc85-0f8e2c1094dd_549566,9979,close,root,yes,0.0,0,dhcpcd-run-hook,[],['libc.so.6'],close_root,close_root_yes,930
fd393f66-c51b-44d3-bc85-0f8e2c1094dd_549566,9979,munmap,root,yes,0.0,0,dhcpcd-run-hook,[],['libc.so.6'],munmap_root,munmap_root_yes,931
fd393f66-c51b-44d3-bc85-0f8e2c1094dd_549566,9983,openat,root,yes,3.0,3,dhcpcd-run-hook,['dhcpcd-run-hooks'],['libc.so.6'],openat_root,openat_root_yes,932
fd393f66-c51b-44d3-bc85-0f8e2c1094dd_549566,9983,close,root,yes,0.0,0,dhcpcd-run-hook,[],['libc.so.6'],close_root,close_root_yes,933
fd393f66-c51b-44d3-bc85-0f8e2c1094dd_549566,9983,openat,root,yes,3.0,3,dhcpcd-run-hook,[''],['libc.so.6'],openat_root,openat_root_yes,934
fd393f66-c51b-44d3-bc85-0f8e2c1094dd_549566,9983,openat,root,yes,3.0,3,dhcpcd-run-hook,['01-test'],['libc.so.6'],openat_root,openat_root_yes,935
fd393f66-c51b-44d3-bc85-0f8e2c1094dd_549566,9983,openat,root,yes,3.0,3,dhcpcd-run-hook,['02-dump'],['libc.so.6'],openat_root,openat_root_yes,936
fd393f66-c51b-44d3-bc85-0f8e2c1094dd_549566,9983,openat,root,yes,3.0,3,dhcpcd-run-hook,['10-wpa_supplicant'],['libc.so.6'],openat_root,openat_root_yes,937
fd393f66-c51b-44d3-bc85-0f8e2c1094dd_549566,9987,openat,root,yes,3.0,3,dhcpcd-run-hook,['null'],['libc.so.6'],openat_root,openat_root_yes,938
fd393f66-c51b-44d3-bc85-0f8e2c1094dd_549566,9987,close,root,yes,0.0,0,dhcpcd-run-hook,['null'],['libc.so.6'],close_root,close_root_yes,939
fd393f66-c51b-44d3-bc85-0f8e2c1094dd_549566,9987,close,root,yes,0.0,0,dhcpcd-run-hook,[],['libc.so.6'],close_root,close_root_yes,940
fd393f66-c51b-44d3-bc85-0f8e2c1094dd_549566,9987,openat,root,yes,3.0,3,dhcpcd-run-hook,['20-resolv.conf'],['libc.so.6'],openat_root,openat_root_yes,941
fd393f66-c51b-44d3-bc85-0f8e2c1094dd_549566,9991,close,root,yes,0.0,0,dhcpcd-run-hook,[],['libc.so.6'],close_root,close_root_yes,942
fd393f66-c51b-44d3-bc85-0f8e2c1094dd_549566,9991,clone,root,yes,549567.0,549567,dhcpcd-run-hook,[],[],clone_root,clone_root_yes,943
fd393f66-c51b-44d3-bc85-0f8e2c1094dd_549566,9991,close,root,yes,0.0,0,dhcpcd-run-hook,[],[],close_root,close_root_yes,944
fd393f66-c51b-44d3-bc85-0f8e2c1094dd_549567,9991,close,root,yes,0.0,0,dhcpcd-run-hook,[],[],close_root,close_root_yes,945
fd393f66-c51b-44d3-bc85-0f8e2c1094dd_549566,9991,clone,root,yes,549568.0,549568,dhcpcd-run-hook,[],[],clone_root,clone_root_yes,946
fd393f66-c51b-44d3-bc85-0f8e2c1094dd_549566,9991,close,root,no,-9.0,EBADF(Bad file descriptor),dhcpcd-run-hook,[],[],close_root,close_root_no,947
fd393f66-c51b-44d3-bc85-0f8e2c1094dd_549568,9991,close,root,yes,0.0,0,dhcpcd-run-hook,[],[],close_root,close_root_yes,948
fd393f66-c51b-44d3-bc85-0f8e2c1094dd_549568,9991,execve,root,yes,0.0,0,resolvconf,[],[],execve_root,execve_root_yes,949
fd393f66-c51b-44d3-bc85-0f8e2c1094dd_549568,9991,openat,root,yes,3.0,3,resolvconf,['ld.so.cache'],[],openat_root,openat_root_yes,950
fd393f66-c51b-44d3-bc85-0f8e2c1094dd_549568,9991,mmap,root,yes,547599302656.0,547599302656,resolvconf,['ld.so.cache'],[],mmap_root,mmap_root_yes,951
fd393f66-c51b-44d3-bc85-0f8e2c1094dd_549568,9991,close,root,yes,0.0,0,resolvconf,[],[],close_root,close_root_yes,952
fd393f66-c51b-44d3-bc85-0f8e2c1094dd_549568,9991,openat,root,yes,3.0,3,resolvconf,['libc.so.6'],[],openat_root,openat_root_yes,953
fd393f66-c51b-44d3-bc85-0f8e2c1094dd_549568,9995,mmap,root,yes,547599294464.0,547599294464,resolvconf,['libc.so.6'],[],mmap_root,mmap_root_yes,954
fd393f66-c51b-44d3-bc85-0f8e2c1094dd_549568,9995,mmap,root,yes,547597619200.0,547597619200,resolvconf,['libc.so.6'],['libc.so.6'],mmap_root,mmap_root_yes,955
fd393f66-c51b-44d3-bc85-0f8e2c1094dd_549568,9995,mmap,root,yes,547599110144.0,547599110144,resolvconf,['libc.so.6'],['libc.so.6'],mmap_root,mmap_root_yes,956
fd393f66-c51b-44d3-bc85-0f8e2c1094dd_549568,9995,mmap,root,yes,547599134720.0,547599134720,resolvconf,['libc.so.6'],['libc.so.6'],mmap_root,mmap_root_yes,957
fd393f66-c51b-44d3-bc85-0f8e2c1094dd_549568,9995,close,root,yes,0.0,0,resolvconf,[],['libc.so.6'],close_root,close_root_yes,958
fd393f66-c51b-44d3-bc85-0f8e2c1094dd_549568,9995,munmap,root,yes,0.0,0,resolvconf,[],['libc.so.6'],munmap_root,munmap_root_yes,959
fd393f66-c51b-44d3-bc85-0f8e2c1094dd_549568,9995,openat,root,yes,3.0,3,resolvconf,['resolvconf'],['libc.so.6'],openat_root,openat_root_yes,960
fd393f66-c51b-44d3-bc85-0f8e2c1094dd_549568,9995,openat,root,yes,3.0,3,resolvconf,['resolvconf.conf'],['libc.so.6'],openat_root,openat_root_yes,961
fd393f66-c51b-44d3-bc85-0f8e2c1094dd_549568,9999,openat,root,yes,3.0,3,resolvconf,['null'],['libc.so.6'],openat_root,openat_root_yes,962
fd393f66-c51b-44d3-bc85-0f8e2c1094dd_549568,9999,close,root,yes,0.0,0,resolvconf,['null'],['libc.so.6'],close_root,close_root_yes,963
fd393f66-c51b-44d3-bc85-0f8e2c1094dd_549568,9999,close,root,yes,0.0,0,resolvconf,[],['libc.so.6'],close_root,close_root_yes,964
fd393f66-c51b-44d3-bc85-0f8e2c1094dd_549568,9999,clone,root,yes,549569.0,549569,resolvconf,[],[],clone_root,clone_root_yes,965
fd393f66-c51b-44d3-bc85-0f8e2c1094dd_549569,9999,execve,root,yes,0.0,0,mkdir,[],[],execve_root,execve_root_yes,966
fd393f66-c51b-44d3-bc85-0f8e2c1094dd_549569,10003,openat,root,yes,3.0,3,mkdir,['ld.so.cache'],[],openat_root,openat_root_yes,967
fd393f66-c51b-44d3-bc85-0f8e2c1094dd_549569,10003,mmap,root,yes,547757314048.0,547757314048,mkdir,['ld.so.cache'],[],mmap_root,mmap_root_yes,968
fd393f66-c51b-44d3-bc85-0f8e2c1094dd_549569,10003,close,root,yes,0.0,0,mkdir,[],[],close_root,close_root_yes,969
fd393f66-c51b-44d3-bc85-0f8e2c1094dd_549569,10003,openat,root,yes,3.0,3,mkdir,['libselinux.so.1'],[],openat_root,openat_root_yes,970
fd393f66-c51b-44d3-bc85-0f8e2c1094dd_549569,10003,mmap,root,yes,547757305856.0,547757305856,mkdir,['libselinux.so.1'],[],mmap_root,mmap_root_yes,971
fd393f66-c51b-44d3-bc85-0f8e2c1094dd_549569,10003,mmap,root,yes,547756916736.0,547756916736,mkdir,['libselinux.so.1'],['libselinux.so.1'],mmap_root,mmap_root_yes,972
fd393f66-c51b-44d3-bc85-0f8e2c1094dd_549569,10003,mmap,root,yes,547757142016.0,547757142016,mkdir,['libselinux.so.1'],['libselinux.so.1'],mmap_root,mmap_root_yes,973
fd393f66-c51b-44d3-bc85-0f8e2c1094dd_549569,10003,mmap,root,yes,547757150208.0,547757150208,mkdir,['libselinux.so.1'],['libselinux.so.1'],mmap_root,mmap_root_yes,974
fd393f66-c51b-44d3-bc85-0f8e2c1094dd_549569,10003,close,root,yes,0.0,0,mkdir,[],['libselinux.so.1'],close_root,close_root_yes,975
fd393f66-c51b-44d3-bc85-0f8e2c1094dd_549569,10003,openat,root,yes,3.0,3,mkdir,['libc.so.6'],['libselinux.so.1'],openat_root,openat_root_yes,976
fd393f66-c51b-44d3-bc85-0f8e2c1094dd_549569,10003,mmap,root,yes,547755388928.0,547755388928,mkdir,['libc.so.6'],"['libselinux.so.1', 'libc.so.6']",mmap_root,mmap_root_yes,977
fd393f66-c51b-44d3-bc85-0f8e2c1094dd_549569,10003,mmap,root,yes,547756879872.0,547756879872,mkdir,['libc.so.6'],"['libselinux.so.1', 'libc.so.6']",mmap_root,mmap_root_yes,978
fd393f66-c51b-44d3-bc85-0f8e2c1094dd_549569,10003,mmap,root,yes,547756904448.0,547756904448,mkdir,['libc.so.6'],"['libselinux.so.1', 'libc.so.6']",mmap_root,mmap_root_yes,979
fd393f66-c51b-44d3-bc85-0f8e2c1094dd_549569,10003,close,root,yes,0.0,0,mkdir,[],"['libselinux.so.1', 'libc.so.6']",close_root,close_root_yes,980
fd393f66-c51b-44d3-bc85-0f8e2c1094dd_549569,10003,openat,root,yes,3.0,3,mkdir,['libpcre2-8.so.0'],"['libselinux.so.1', 'libc.so.6']",openat_root,openat_root_yes,981
fd393f66-c51b-44d3-bc85-0f8e2c1094dd_549569,10003,mmap,root,yes,547754790912.0,547754790912,mkdir,['libpcre2-8.so.0'],"['libselinux.so.1', 'libc.so.6', 'libpcre2-8.so.0']",mmap_root,mmap_root_yes,982
fd393f66-c51b-44d3-bc85-0f8e2c1094dd_549569,10003,mmap,root,yes,547755380736.0,547755380736,mkdir,['libpcre2-8.so.0'],"['libselinux.so.1', 'libc.so.6', 'libpcre2-8.so.0']",mmap_root,mmap_root_yes,983
fd393f66-c51b-44d3-bc85-0f8e2c1094dd_549569,10003,close,root,yes,0.0,0,mkdir,[],"['libselinux.so.1', 'libc.so.6', 'libpcre2-8.so.0']",close_root,close_root_yes,984
fd393f66-c51b-44d3-bc85-0f8e2c1094dd_549569,10003,openat,root,yes,3.0,3,mkdir,['libdl.so.2'],"['libselinux.so.1', 'libc.so.6', 'libpcre2-8.so.0']",openat_root,openat_root_yes,985
fd393f66-c51b-44d3-bc85-0f8e2c1094dd_549569,10003,mmap,root,yes,547754708992.0,547754708992,mkdir,['libdl.so.2'],"['libselinux.so.1', 'libc.so.6', 'libpcre2-8.so.0', 'libdl.so.2']",mmap_root,mmap_root_yes,986
fd393f66-c51b-44d3-bc85-0f8e2c1094dd_549569,10003,mmap,root,yes,547754782720.0,547754782720,mkdir,['libdl.so.2'],"['libselinux.so.1', 'libc.so.6', 'libpcre2-8.so.0', 'libdl.so.2']",mmap_root,mmap_root_yes,987
fd393f66-c51b-44d3-bc85-0f8e2c1094dd_549569,10003,close,root,yes,0.0,0,mkdir,[],"['libselinux.so.1', 'libc.so.6', 'libpcre2-8.so.0', 'libdl.so.2']",close_root,close_root_yes,988
fd393f66-c51b-44d3-bc85-0f8e2c1094dd_549569,10003,openat,root,yes,3.0,3,mkdir,['libpthread.so.0'],"['libselinux.so.1', 'libc.so.6', 'libpcre2-8.so.0', 'libdl.so.2']",openat_root,openat_root_yes,989
fd393f66-c51b-44d3-bc85-0f8e2c1094dd_549569,10003,mmap,root,yes,547754508288.0,547754508288,mkdir,['libpthread.so.0'],"['libselinux.so.1', 'libc.so.6', 'libpcre2-8.so.0', 'libdl.so.2', 'libpthread.so.0']",mmap_root,mmap_root_yes,990
fd393f66-c51b-44d3-bc85-0f8e2c1094dd_549569,10003,mmap,root,yes,547754684416.0,547754684416,mkdir,['libpthread.so.0'],"['libselinux.so.1', 'libc.so.6', 'libpcre2-8.so.0', 'libdl.so.2', 'libpthread.so.0']",mmap_root,mmap_root_yes,991
fd393f66-c51b-44d3-bc85-0f8e2c1094dd_549569,10003,mmap,root,yes,547754692608.0,547754692608,mkdir,['libpthread.so.0'],"['libselinux.so.1', 'libc.so.6', 'libpcre2-8.so.0', 'libdl.so.2', 'libpthread.so.0']",mmap_root,mmap_root_yes,992
fd393f66-c51b-44d3-bc85-0f8e2c1094dd_549569,10003,close,root,yes,0.0,0,mkdir,[],"['libselinux.so.1', 'libc.so.6', 'libpcre2-8.so.0', 'libdl.so.2', 'libpthread.so.0']",close_root,close_root_yes,993
fd393f66-c51b-44d3-bc85-0f8e2c1094dd_549569,10003,mmap,root,yes,547757297664.0,547757297664,mkdir,[],"['libselinux.so.1', 'libc.so.6', 'libpcre2-8.so.0', 'libdl.so.2', 'libpthread.so.0']",mmap_root,mmap_root_yes,994
fd393f66-c51b-44d3-bc85-0f8e2c1094dd_549569,10007,munmap,root,yes,0.0,0,mkdir,[],"['libselinux.so.1', 'libc.so.6', 'libpcre2-8.so.0', 'libdl.so.2', 'libpthread.so.0']",munmap_root,munmap_root_yes,995
fd393f66-c51b-44d3-bc85-0f8e2c1094dd_549569,10007,openat,root,yes,3.0,3,mkdir,['filesystems'],"['libselinux.so.1', 'libc.so.6', 'libpcre2-8.so.0', 'libdl.so.2', 'libpthread.so.0']",openat_root,openat_root_yes,996
fd393f66-c51b-44d3-bc85-0f8e2c1094dd_549569,10007,close,root,yes,0.0,0,mkdir,[],"['libselinux.so.1', 'libc.so.6', 'libpcre2-8.so.0', 'libdl.so.2', 'libpthread.so.0']",close_root,close_root_yes,997
fd393f66-c51b-44d3-bc85-0f8e2c1094dd_549568,10015,close,root,yes,0.0,0,resolvconf,[],[],close_root,close_root_yes,998
fd393f66-c51b-44d3-bc85-0f8e2c1094dd_549568,10015,openat,root,yes,3.0,3,resolvconf,['pid'],[],openat_root,openat_root_yes,999
fd393f66-c51b-44d3-bc85-0f8e2c1094dd_549568,10015,close,root,yes,0.0,0,resolvconf,['pid'],[],close_root,close_root_yes,1000
fd393f66-c51b-44d3-bc85-0f8e2c1094dd_549568,10019,clone,root,yes,549570.0,549570,resolvconf,[],[],clone_root,clone_root_yes,1001
fd393f66-c51b-44d3-bc85-0f8e2c1094dd_549568,10019,close,root,yes,0.0,0,resolvconf,[],[],close_root,close_root_yes,1002
fd393f66-c51b-44d3-bc85-0f8e2c1094dd_549570,10019,close,root,yes,0.0,0,resolvconf,[],[],close_root,close_root_yes,1003
fd393f66-c51b-44d3-bc85-0f8e2c1094dd_549570,10019,execve,root,yes,0.0,0,cat,[],[],execve_root,execve_root_yes,1004
fd393f66-c51b-44d3-bc85-0f8e2c1094dd_549570,10019,openat,root,yes,3.0,3,cat,['ld.so.cache'],[],openat_root,openat_root_yes,1005
fd393f66-c51b-44d3-bc85-0f8e2c1094dd_549570,10019,mmap,root,yes,547827126272.0,547827126272,cat,['ld.so.cache'],[],mmap_root,mmap_root_yes,1006
fd393f66-c51b-44d3-bc85-0f8e2c1094dd_549570,10019,close,root,yes,0.0,0,cat,[],[],close_root,close_root_yes,1007
fd393f66-c51b-44d3-bc85-0f8e2c1094dd_549570,10019,openat,root,yes,3.0,3,cat,['libc.so.6'],[],openat_root,openat_root_yes,1008
fd393f66-c51b-44d3-bc85-0f8e2c1094dd_549570,10019,mmap,root,yes,547827118080.0,547827118080,cat,['libc.so.6'],[],mmap_root,mmap_root_yes,1009
fd393f66-c51b-44d3-bc85-0f8e2c1094dd_549570,10019,mmap,root,yes,547825442816.0,547825442816,cat,['libc.so.6'],['libc.so.6'],mmap_root,mmap_root_yes,1010
fd393f66-c51b-44d3-bc85-0f8e2c1094dd_549570,10019,mmap,root,yes,547826933760.0,547826933760,cat,['libc.so.6'],['libc.so.6'],mmap_root,mmap_root_yes,1011
fd393f66-c51b-44d3-bc85-0f8e2c1094dd_549570,10019,mmap,root,yes,547826958336.0,547826958336,cat,['libc.so.6'],['libc.so.6'],mmap_root,mmap_root_yes,1012
fd393f66-c51b-44d3-bc85-0f8e2c1094dd_549570,10019,close,root,yes,0.0,0,cat,[],['libc.so.6'],close_root,close_root_yes,1013
fd393f66-c51b-44d3-bc85-0f8e2c1094dd_549570,10023,munmap,root,yes,0.0,0,cat,[],['libc.so.6'],munmap_root,munmap_root_yes,1014
fd393f66-c51b-44d3-bc85-0f8e2c1094dd_549570,10023,mmap,root,yes,547825303552.0,547825303552,cat,[],['libc.so.6'],mmap_root,mmap_root_yes,1015
fd393f66-c51b-44d3-bc85-0f8e2c1094dd_549570,10023,close,root,yes,0.0,0,cat,[],['libc.so.6'],close_root,close_root_yes,1016
fd393f66-c51b-44d3-bc85-0f8e2c1094dd_549568,10023,close,root,yes,0.0,0,resolvconf,[],[],close_root,close_root_yes,1017
fd393f66-c51b-44d3-bc85-0f8e2c1094dd_549568,10027,clone,root,yes,549571.0,549571,resolvconf,[],[],clone_root,clone_root_yes,1018
fd393f66-c51b-44d3-bc85-0f8e2c1094dd_549568,10027,close,root,yes,0.0,0,resolvconf,[],[],close_root,close_root_yes,1019
fd393f66-c51b-44d3-bc85-0f8e2c1094dd_549571,10027,close,root,yes,0.0,0,resolvconf,[],[],close_root,close_root_yes,1020
fd393f66-c51b-44d3-bc85-0f8e2c1094dd_549568,10027,clone,root,yes,549572.0,549572,resolvconf,[],[],clone_root,clone_root_yes,1021
fd393f66-c51b-44d3-bc85-0f8e2c1094dd_549572,10027,close,root,yes,0.0,0,resolvconf,[],[],close_root,close_root_yes,1022
fd393f66-c51b-44d3-bc85-0f8e2c1094dd_549572,10031,execve,root,yes,0.0,0,cat,[],[],execve_root,execve_root_yes,1023
fd393f66-c51b-44d3-bc85-0f8e2c1094dd_549572,10031,openat,root,yes,3.0,3,cat,['ld.so.cache'],[],openat_root,openat_root_yes,1024
fd393f66-c51b-44d3-bc85-0f8e2c1094dd_549572,10031,mmap,root,yes,548091260928.0,548091260928,cat,['ld.so.cache'],[],mmap_root,mmap_root_yes,1025
fd393f66-c51b-44d3-bc85-0f8e2c1094dd_549572,10031,close,root,yes,0.0,0,cat,[],[],close_root,close_root_yes,1026
fd393f66-c51b-44d3-bc85-0f8e2c1094dd_549572,10031,openat,root,yes,3.0,3,cat,['libc.so.6'],[],openat_root,openat_root_yes,1027
fd393f66-c51b-44d3-bc85-0f8e2c1094dd_549572,10031,mmap,root,yes,548091252736.0,548091252736,cat,['libc.so.6'],[],mmap_root,mmap_root_yes,1028
fd393f66-c51b-44d3-bc85-0f8e2c1094dd_549572,10031,mmap,root,yes,548089577472.0,548089577472,cat,['libc.so.6'],['libc.so.6'],mmap_root,mmap_root_yes,1029
fd393f66-c51b-44d3-bc85-0f8e2c1094dd_549572,10031,mmap,root,yes,548091068416.0,548091068416,cat,['libc.so.6'],['libc.so.6'],mmap_root,mmap_root_yes,1030
fd393f66-c51b-44d3-bc85-0f8e2c1094dd_549572,10039,mmap,root,yes,548091092992.0,548091092992,cat,['libc.so.6'],['libc.so.6'],mmap_root,mmap_root_yes,1031
fd393f66-c51b-44d3-bc85-0f8e2c1094dd_549572,10039,close,root,yes,0.0,0,cat,[],['libc.so.6'],close_root,close_root_yes,1032
fd393f66-c51b-44d3-bc85-0f8e2c1094dd_549572,10043,munmap,root,yes,0.0,0,cat,[],['libc.so.6'],munmap_root,munmap_root_yes,1033
fd393f66-c51b-44d3-bc85-0f8e2c1094dd_549572,10043,openat,root,yes,3.0,3,cat,['wlan0.ra'],['libc.so.6'],openat_root,openat_root_yes,1034
fd393f66-c51b-44d3-bc85-0f8e2c1094dd_549572,10043,mmap,root,yes,548089438208.0,548089438208,cat,['wlan0.ra'],['libc.so.6'],mmap_root,mmap_root_yes,1035
fd393f66-c51b-44d3-bc85-0f8e2c1094dd_549572,10043,munmap,root,yes,0.0,0,cat,['wlan0.ra'],['libc.so.6'],munmap_root,munmap_root_yes,1036
fd393f66-c51b-44d3-bc85-0f8e2c1094dd_549572,10043,close,root,yes,0.0,0,cat,[],['libc.so.6'],close_root,close_root_yes,1037
fd393f66-c51b-44d3-bc85-0f8e2c1094dd_549568,10043,close,root,yes,0.0,0,resolvconf,[],[],close_root,close_root_yes,1038
fd393f66-c51b-44d3-bc85-0f8e2c1094dd_549568,10043,openat,root,yes,3.0,3,resolvconf,[''],[],openat_root,openat_root_yes,1039
fd393f66-c51b-44d3-bc85-0f8e2c1094dd_549568,10043,clone,root,yes,549573.0,549573,resolvconf,[],[],clone_root,clone_root_yes,1040
fd393f66-c51b-44d3-bc85-0f8e2c1094dd_549573,10043,execve,root,yes,0.0,0,rm,[],[],execve_root,execve_root_yes,1041
fd393f66-c51b-44d3-bc85-0f8e2c1094dd_549573,10047,openat,root,yes,3.0,3,rm,['ld.so.cache'],[],openat_root,openat_root_yes,1042
fd393f66-c51b-44d3-bc85-0f8e2c1094dd_549573,10047,mmap,root,yes,547949481984.0,547949481984,rm,['ld.so.cache'],[],mmap_root,mmap_root_yes,1043
fd393f66-c51b-44d3-bc85-0f8e2c1094dd_549573,10047,close,root,yes,0.0,0,rm,[],[],close_root,close_root_yes,1044
fd393f66-c51b-44d3-bc85-0f8e2c1094dd_549573,10047,openat,root,yes,3.0,3,rm,['libc.so.6'],[],openat_root,openat_root_yes,1045
fd393f66-c51b-44d3-bc85-0f8e2c1094dd_549573,10047,mmap,root,yes,547949473792.0,547949473792,rm,['libc.so.6'],[],mmap_root,mmap_root_yes,1046
fd393f66-c51b-44d3-bc85-0f8e2c1094dd_549573,10047,mmap,root,yes,547947798528.0,547947798528,rm,['libc.so.6'],['libc.so.6'],mmap_root,mmap_root_yes,1047
fd393f66-c51b-44d3-bc85-0f8e2c1094dd_549573,10047,mmap,root,yes,547949289472.0,547949289472,rm,['libc.so.6'],['libc.so.6'],mmap_root,mmap_root_yes,1048
fd393f66-c51b-44d3-bc85-0f8e2c1094dd_549573,10047,mmap,root,yes,547949314048.0,547949314048,rm,['libc.so.6'],['libc.so.6'],mmap_root,mmap_root_yes,1049
fd393f66-c51b-44d3-bc85-0f8e2c1094dd_549573,10047,close,root,yes,0.0,0,rm,[],['libc.so.6'],close_root,close_root_yes,1050
fd393f66-c51b-44d3-bc85-0f8e2c1094dd_549573,10047,munmap,root,yes,0.0,0,rm,[],['libc.so.6'],munmap_root,munmap_root_yes,1051
fd393f66-c51b-44d3-bc85-0f8e2c1094dd_549573,10051,close,root,yes,0.0,0,rm,[],['libc.so.6'],close_root,close_root_yes,1052
fd393f66-c51b-44d3-bc85-0f8e2c1094dd_549568,10051,openat,root,yes,3.0,3,resolvconf,['0000303 wlan0.ra'],[],openat_root,openat_root_yes,1053
fd393f66-c51b-44d3-bc85-0f8e2c1094dd_549568,10051,close,root,yes,0.0,0,resolvconf,['0000303 wlan0.ra'],[],close_root,close_root_yes,1054
fd393f66-c51b-44d3-bc85-0f8e2c1094dd_549568,10051,close,root,yes,0.0,0,resolvconf,[],[],close_root,close_root_yes,1055
fd393f66-c51b-44d3-bc85-0f8e2c1094dd_549568,10051,openat,root,no,-2.0,ENOENT(No such file or directory),resolvconf,[],[],openat_root,openat_root_no,1056
fd393f66-c51b-44d3-bc85-0f8e2c1094dd_549568,10051,clone,root,yes,549574.0,549574,resolvconf,[],[],clone_root,clone_root_yes,1057
fd393f66-c51b-44d3-bc85-0f8e2c1094dd_549574,10051,execve,root,yes,0.0,0,rm,[],[],execve_root,execve_root_yes,1058
fd393f66-c51b-44d3-bc85-0f8e2c1094dd_549574,10055,openat,root,yes,3.0,3,rm,['ld.so.cache'],[],openat_root,openat_root_yes,1059
fd393f66-c51b-44d3-bc85-0f8e2c1094dd_549574,10055,mmap,root,yes,547844984832.0,547844984832,rm,['ld.so.cache'],[],mmap_root,mmap_root_yes,1060
fd393f66-c51b-44d3-bc85-0f8e2c1094dd_549574,10055,close,root,yes,0.0,0,rm,[],[],close_root,close_root_yes,1061
fd393f66-c51b-44d3-bc85-0f8e2c1094dd_549574,10055,openat,root,yes,3.0,3,rm,['libc.so.6'],[],openat_root,openat_root_yes,1062
fd393f66-c51b-44d3-bc85-0f8e2c1094dd_549574,10055,mmap,root,yes,547844976640.0,547844976640,rm,['libc.so.6'],[],mmap_root,mmap_root_yes,1063
fd393f66-c51b-44d3-bc85-0f8e2c1094dd_549574,10055,mmap,root,yes,547843301376.0,547843301376,rm,['libc.so.6'],['libc.so.6'],mmap_root,mmap_root_yes,1064
fd393f66-c51b-44d3-bc85-0f8e2c1094dd_549574,10063,mmap,root,yes,547844792320.0,547844792320,rm,['libc.so.6'],['libc.so.6'],mmap_root,mmap_root_yes,1065
fd393f66-c51b-44d3-bc85-0f8e2c1094dd_549574,10063,mmap,root,yes,547844816896.0,547844816896,rm,['libc.so.6'],['libc.so.6'],mmap_root,mmap_root_yes,1066
fd393f66-c51b-44d3-bc85-0f8e2c1094dd_549574,10063,close,root,yes,0.0,0,rm,[],['libc.so.6'],close_root,close_root_yes,1067
fd393f66-c51b-44d3-bc85-0f8e2c1094dd_549574,10067,munmap,root,yes,0.0,0,rm,[],['libc.so.6'],munmap_root,munmap_root_yes,1068
fd393f66-c51b-44d3-bc85-0f8e2c1094dd_549574,10067,openat,root,yes,3.0,3,rm,['lock'],['libc.so.6'],openat_root,openat_root_yes,1069
fd393f66-c51b-44d3-bc85-0f8e2c1094dd_549574,10067,close,root,yes,0.0,0,rm,[],['libc.so.6'],close_root,close_root_yes,1070
fd393f66-c51b-44d3-bc85-0f8e2c1094dd_549566,10071,close,root,yes,0.0,0,dhcpcd-run-hook,[],[],close_root,close_root_yes,1071
fd393f66-c51b-44d3-bc85-0f8e2c1094dd_549566,10071,openat,root,yes,3.0,3,dhcpcd-run-hook,['30-hostname'],[],openat_root,openat_root_yes,1072
fd393f66-c51b-44d3-bc85-0f8e2c1094dd_549566,10071,clone,root,yes,549575.0,549575,dhcpcd-run-hook,[],[],clone_root,clone_root_yes,1073
fd393f66-c51b-44d3-bc85-0f8e2c1094dd_549575,10071,close,root,yes,0.0,0,dhcpcd-run-hook,[],[],close_root,close_root_yes,1074
fd393f66-c51b-44d3-bc85-0f8e2c1094dd_549575,10071,openat,root,yes,3.0,3,dhcpcd-run-hook,['null'],[],openat_root,openat_root_yes,1075
fd393f66-c51b-44d3-bc85-0f8e2c1094dd_549575,10075,close,root,yes,0.0,0,dhcpcd-run-hook,['null'],[],close_root,close_root_yes,1076
fd393f66-c51b-44d3-bc85-0f8e2c1094dd_549575,10075,close,root,yes,0.0,0,dhcpcd-run-hook,[],[],close_root,close_root_yes,1077
fd393f66-c51b-44d3-bc85-0f8e2c1094dd_549575,10075,clone,root,yes,549576.0,549576,dhcpcd-run-hook,[],[],clone_root,clone_root_yes,1078
fd393f66-c51b-44d3-bc85-0f8e2c1094dd_549576,10075,execve,root,yes,0.0,0,hostname,[],[],execve_root,execve_root_yes,1079
fd393f66-c51b-44d3-bc85-0f8e2c1094dd_549576,10075,openat,root,yes,3.0,3,hostname,['ld.so.cache'],[],openat_root,openat_root_yes,1080
fd393f66-c51b-44d3-bc85-0f8e2c1094dd_549576,10075,mmap,root,yes,547665182720.0,547665182720,hostname,['ld.so.cache'],[],mmap_root,mmap_root_yes,1081
fd393f66-c51b-44d3-bc85-0f8e2c1094dd_549576,10075,close,root,yes,0.0,0,hostname,[],[],close_root,close_root_yes,1082
fd393f66-c51b-44d3-bc85-0f8e2c1094dd_549576,10075,openat,root,yes,3.0,3,hostname,['libc.so.6'],[],openat_root,openat_root_yes,1083
fd393f66-c51b-44d3-bc85-0f8e2c1094dd_549576,10075,mmap,root,yes,547665174528.0,547665174528,hostname,['libc.so.6'],[],mmap_root,mmap_root_yes,1084
fd393f66-c51b-44d3-bc85-0f8e2c1094dd_549576,10075,mmap,root,yes,547663499264.0,547663499264,hostname,['libc.so.6'],['libc.so.6'],mmap_root,mmap_root_yes,1085
fd393f66-c51b-44d3-bc85-0f8e2c1094dd_549576,10075,mmap,root,yes,547664990208.0,547664990208,hostname,['libc.so.6'],['libc.so.6'],mmap_root,mmap_root_yes,1086
fd393f66-c51b-44d3-bc85-0f8e2c1094dd_549576,10075,mmap,root,yes,547665014784.0,547665014784,hostname,['libc.so.6'],['libc.so.6'],mmap_root,mmap_root_yes,1087
fd393f66-c51b-44d3-bc85-0f8e2c1094dd_549576,10075,close,root,yes,0.0,0,hostname,[],['libc.so.6'],close_root,close_root_yes,1088
fd393f66-c51b-44d3-bc85-0f8e2c1094dd_549576,10075,munmap,root,yes,0.0,0,hostname,[],['libc.so.6'],munmap_root,munmap_root_yes,1089
fd393f66-c51b-44d3-bc85-0f8e2c1094dd_549566,10079,close,root,yes,0.0,0,dhcpcd-run-hook,[],[],close_root,close_root_yes,1090
fd393f66-c51b-44d3-bc85-0f8e2c1094dd_549566,10079,openat,root,yes,3.0,3,dhcpcd-run-hook,['60-ntp-common.conf'],[],openat_root,openat_root_yes,1091
fd393f66-c51b-44d3-bc85-0f8e2c1094dd_549566,10083,close,root,yes,0.0,0,dhcpcd-run-hook,[],[],close_root,close_root_yes,1092
fd393f66-c51b-44d3-bc85-0f8e2c1094dd_549566,10083,openat,root,yes,3.0,3,dhcpcd-run-hook,['62-chrony.conf'],[],openat_root,openat_root_yes,1093
fd393f66-c51b-44d3-bc85-0f8e2c1094dd_549566,10083,openat,root,yes,3.0,3,dhcpcd-run-hook,['64-timesyncd.conf'],[],openat_root,openat_root_yes,1094
fd393f66-c51b-44d3-bc85-0f8e2c1094dd_549566,10083,openat,root,yes,3.0,3,dhcpcd-run-hook,['66-ntp.conf'],[],openat_root,openat_root_yes,1095
fd393f66-c51b-44d3-bc85-0f8e2c1094dd_549566,10083,openat,root,yes,3.0,3,dhcpcd-run-hook,['68-openntpd.conf'],[],openat_root,openat_root_yes,1096
fd393f66-c51b-44d3-bc85-0f8e2c1094dd_517,10083,openat,root,yes,14.0,14,dhcpcd,['if_inet6'],[],openat_root,openat_root_yes,1097
fd393f66-c51b-44d3-bc85-0f8e2c1094dd_517,10083,close,root,yes,0.0,0,dhcpcd,[],[],close_root,close_root_yes,1098
fd393f66-c51b-44d3-bc85-0f8e2c1094dd_517,10083,openat,root,yes,14.0,14,dhcpcd,['forwarding'],[],openat_root,openat_root_yes,1099
fd393f66-c51b-44d3-bc85-0f8e2c1094dd_517,10083,openat,root,yes,14.0,14,dhcpcd,['forwarding'],[],openat_root,openat_root_yes,1100
fd393f66-c51b-44d3-bc85-0f8e2c1094dd_517,10087,close,root,yes,0.0,0,dhcpcd,[],[],close_root,close_root_yes,1101
fd393f66-c51b-44d3-bc85-0f8e2c1094dd_517,10087,openat,root,yes,14.0,14,dhcpcd,['forwarding'],[],openat_root,openat_root_yes,1102
fd393f66-c51b-44d3-bc85-0f8e2c1094dd_517,10087,openat,root,yes,14.0,14,dhcpcd,['forwarding'],[],openat_root,openat_root_yes,1103
fd393f66-c51b-44d3-bc85-0f8e2c1094dd_547214,11359,mmap,www-data,yes,548108500992.0,548108500992,apache2,[],[],mmap_www-data,mmap_www-data_yes,1104
fd393f66-c51b-44d3-bc85-0f8e2c1094dd_547214,11359,clone,www-data,yes,549577.0,549577,apache2,[],[],clone_www-data,clone_www-data_yes,1105
fd393f66-c51b-44d3-bc85-0f8e2c1094dd_547214,11359,munmap,www-data,yes,0.0,0,apache2,[],[],munmap_www-data,munmap_www-data_yes,1106
fd393f66-c51b-44d3-bc85-0f8e2c1094dd_547214,11359,close,www-data,yes,0.0,0,apache2,[],[],close_www-data,close_www-data_yes,1107
fd393f66-c51b-44d3-bc85-0f8e2c1094dd_549577,11359,execve,www-data,yes,0.0,0,sh,[],[],execve_www-data,execve_www-data_yes,1108
fd393f66-c51b-44d3-bc85-0f8e2c1094dd_549577,11359,openat,www-data,yes,3.0,3,sh,['ld.so.cache'],[],openat_www-data,openat_www-data_yes,1109
fd393f66-c51b-44d3-bc85-0f8e2c1094dd_549577,11359,mmap,www-data,yes,548226129920.0,548226129920,sh,['ld.so.cache'],[],mmap_www-data,mmap_www-data_yes,1110
fd393f66-c51b-44d3-bc85-0f8e2c1094dd_549577,11359,close,www-data,yes,0.0,0,sh,[],[],close_www-data,close_www-data_yes,1111
fd393f66-c51b-44d3-bc85-0f8e2c1094dd_549577,11359,openat,www-data,yes,3.0,3,sh,['libc.so.6'],[],openat_www-data,openat_www-data_yes,1112
fd393f66-c51b-44d3-bc85-0f8e2c1094dd_549577,11359,mmap,www-data,yes,548226121728.0,548226121728,sh,['libc.so.6'],[],mmap_www-data,mmap_www-data_yes,1113
fd393f66-c51b-44d3-bc85-0f8e2c1094dd_549577,11359,mmap,www-data,yes,548224446464.0,548224446464,sh,['libc.so.6'],['libc.so.6'],mmap_www-data,mmap_www-data_yes,1114
fd393f66-c51b-44d3-bc85-0f8e2c1094dd_549577,11359,mmap,www-data,yes,548225937408.0,548225937408,sh,['libc.so.6'],['libc.so.6'],mmap_www-data,mmap_www-data_yes,1115
fd393f66-c51b-44d3-bc85-0f8e2c1094dd_549577,11359,mmap,www-data,yes,548225961984.0,548225961984,sh,['libc.so.6'],['libc.so.6'],mmap_www-data,mmap_www-data_yes,1116
fd393f66-c51b-44d3-bc85-0f8e2c1094dd_549577,11359,close,www-data,yes,0.0,0,sh,[],['libc.so.6'],close_www-data,close_www-data_yes,1117
fd393f66-c51b-44d3-bc85-0f8e2c1094dd_549577,11359,munmap,www-data,yes,0.0,0,sh,[],['libc.so.6'],munmap_www-data,munmap_www-data_yes,1118
fd393f66-c51b-44d3-bc85-0f8e2c1094dd_549577,11359,clone,www-data,yes,549578.0,549578,sh,[],[],clone_www-data,clone_www-data_yes,1119
fd393f66-c51b-44d3-bc85-0f8e2c1094dd_549578,11359,execve,www-data,yes,0.0,0,date,[],[],execve_www-data,execve_www-data_yes,1120
fd393f66-c51b-44d3-bc85-0f8e2c1094dd_549578,11359,openat,www-data,yes,3.0,3,date,['ld.so.cache'],[],openat_www-data,openat_www-data_yes,1121
fd393f66-c51b-44d3-bc85-0f8e2c1094dd_549578,11359,mmap,www-data,yes,547844952064.0,547844952064,date,['ld.so.cache'],[],mmap_www-data,mmap_www-data_yes,1122
fd393f66-c51b-44d3-bc85-0f8e2c1094dd_549578,11359,close,www-data,yes,0.0,0,date,[],[],close_www-data,close_www-data_yes,1123
fd393f66-c51b-44d3-bc85-0f8e2c1094dd_549578,11359,openat,www-data,yes,3.0,3,date,['libc.so.6'],[],openat_www-data,openat_www-data_yes,1124
fd393f66-c51b-44d3-bc85-0f8e2c1094dd_549578,11359,mmap,www-data,yes,547844943872.0,547844943872,date,['libc.so.6'],[],mmap_www-data,mmap_www-data_yes,1125
fd393f66-c51b-44d3-bc85-0f8e2c1094dd_549578,11359,mmap,www-data,yes,547843268608.0,547843268608,date,['libc.so.6'],['libc.so.6'],mmap_www-data,mmap_www-data_yes,1126
fd393f66-c51b-44d3-bc85-0f8e2c1094dd_549578,11359,mmap,www-data,yes,547844759552.0,547844759552,date,['libc.so.6'],['libc.so.6'],mmap_www-data,mmap_www-data_yes,1127
fd393f66-c51b-44d3-bc85-0f8e2c1094dd_549578,11359,mmap,www-data,yes,547844784128.0,547844784128,date,['libc.so.6'],['libc.so.6'],mmap_www-data,mmap_www-data_yes,1128
fd393f66-c51b-44d3-bc85-0f8e2c1094dd_549578,11359,close,www-data,yes,0.0,0,date,[],['libc.so.6'],close_www-data,close_www-data_yes,1129
fd393f66-c51b-44d3-bc85-0f8e2c1094dd_549578,11359,munmap,www-data,yes,0.0,0,date,[],['libc.so.6'],munmap_www-data,munmap_www-data_yes,1130
fd393f66-c51b-44d3-bc85-0f8e2c1094dd_549578,11359,openat,www-data,yes,3.0,3,date,['localtime'],['libc.so.6'],openat_www-data,openat_www-data_yes,1131
fd393f66-c51b-44d3-bc85-0f8e2c1094dd_547214,11367,close,www-data,yes,0.0,0,apache2,[],[],close_www-data,close_www-data_yes,1132
fd393f66-c51b-44d3-bc85-0f8e2c1094dd_547212,21543,mmap,www-data,yes,548108500992.0,548108500992,apache2,[],[],mmap_www-data,mmap_www-data_yes,1133
fd393f66-c51b-44d3-bc85-0f8e2c1094dd_547212,21543,clone,www-data,yes,549579.0,549579,apache2,[],[],clone_www-data,clone_www-data_yes,1134
fd393f66-c51b-44d3-bc85-0f8e2c1094dd_547212,21543,munmap,www-data,yes,0.0,0,apache2,[],[],munmap_www-data,munmap_www-data_yes,1135
fd393f66-c51b-44d3-bc85-0f8e2c1094dd_547212,21543,close,www-data,yes,0.0,0,apache2,[],[],close_www-data,close_www-data_yes,1136
fd393f66-c51b-44d3-bc85-0f8e2c1094dd_549579,21543,execve,www-data,yes,0.0,0,sh,[],[],execve_www-data,execve_www-data_yes,1137
fd393f66-c51b-44d3-bc85-0f8e2c1094dd_549579,21543,openat,www-data,yes,3.0,3,sh,['ld.so.cache'],[],openat_www-data,openat_www-data_yes,1138
fd393f66-c51b-44d3-bc85-0f8e2c1094dd_549579,21543,mmap,www-data,yes,547802439680.0,547802439680,sh,['ld.so.cache'],[],mmap_www-data,mmap_www-data_yes,1139
fd393f66-c51b-44d3-bc85-0f8e2c1094dd_549579,21543,close,www-data,yes,0.0,0,sh,[],[],close_www-data,close_www-data_yes,1140
fd393f66-c51b-44d3-bc85-0f8e2c1094dd_549579,21543,openat,www-data,yes,3.0,3,sh,['libc.so.6'],[],openat_www-data,openat_www-data_yes,1141
fd393f66-c51b-44d3-bc85-0f8e2c1094dd_549579,21543,mmap,www-data,yes,547802431488.0,547802431488,sh,['libc.so.6'],[],mmap_www-data,mmap_www-data_yes,1142
fd393f66-c51b-44d3-bc85-0f8e2c1094dd_549579,21543,mmap,www-data,yes,547800756224.0,547800756224,sh,['libc.so.6'],['libc.so.6'],mmap_www-data,mmap_www-data_yes,1143
fd393f66-c51b-44d3-bc85-0f8e2c1094dd_549579,21543,mmap,www-data,yes,547802247168.0,547802247168,sh,['libc.so.6'],['libc.so.6'],mmap_www-data,mmap_www-data_yes,1144
fd393f66-c51b-44d3-bc85-0f8e2c1094dd_549579,21543,mmap,www-data,yes,547802271744.0,547802271744,sh,['libc.so.6'],['libc.so.6'],mmap_www-data,mmap_www-data_yes,1145
fd393f66-c51b-44d3-bc85-0f8e2c1094dd_549579,21543,close,www-data,yes,0.0,0,sh,[],['libc.so.6'],close_www-data,close_www-data_yes,1146
fd393f66-c51b-44d3-bc85-0f8e2c1094dd_549579,21547,munmap,www-data,yes,0.0,0,sh,[],['libc.so.6'],munmap_www-data,munmap_www-data_yes,1147
fd393f66-c51b-44d3-bc85-0f8e2c1094dd_549579,21547,clone,www-data,yes,549580.0,549580,sh,[],[],clone_www-data,clone_www-data_yes,1148
fd393f66-c51b-44d3-bc85-0f8e2c1094dd_549580,21547,execve,www-data,yes,0.0,0,date,[],[],execve_www-data,execve_www-data_yes,1149
fd393f66-c51b-44d3-bc85-0f8e2c1094dd_549580,21547,openat,www-data,yes,3.0,3,date,['ld.so.cache'],[],openat_www-data,openat_www-data_yes,1150
fd393f66-c51b-44d3-bc85-0f8e2c1094dd_549580,21547,mmap,www-data,yes,548208386048.0,548208386048,date,['ld.so.cache'],[],mmap_www-data,mmap_www-data_yes,1151
fd393f66-c51b-44d3-bc85-0f8e2c1094dd_549580,21547,close,www-data,yes,0.0,0,date,[],[],close_www-data,close_www-data_yes,1152
fd393f66-c51b-44d3-bc85-0f8e2c1094dd_549580,21547,openat,www-data,yes,3.0,3,date,['libc.so.6'],[],openat_www-data,openat_www-data_yes,1153
fd393f66-c51b-44d3-bc85-0f8e2c1094dd_549580,21547,mmap,www-data,yes,548208377856.0,548208377856,date,['libc.so.6'],[],mmap_www-data,mmap_www-data_yes,1154
fd393f66-c51b-44d3-bc85-0f8e2c1094dd_549580,21547,mmap,www-data,yes,548206702592.0,548206702592,date,['libc.so.6'],['libc.so.6'],mmap_www-data,mmap_www-data_yes,1155
fd393f66-c51b-44d3-bc85-0f8e2c1094dd_549580,21547,mmap,www-data,yes,548208193536.0,548208193536,date,['libc.so.6'],['libc.so.6'],mmap_www-data,mmap_www-data_yes,1156
fd393f66-c51b-44d3-bc85-0f8e2c1094dd_549580,21547,mmap,www-data,yes,548208218112.0,548208218112,date,['libc.so.6'],['libc.so.6'],mmap_www-data,mmap_www-data_yes,1157
fd393f66-c51b-44d3-bc85-0f8e2c1094dd_549580,21547,close,www-data,yes,0.0,0,date,[],['libc.so.6'],close_www-data,close_www-data_yes,1158
fd393f66-c51b-44d3-bc85-0f8e2c1094dd_549580,21547,munmap,www-data,yes,0.0,0,date,[],['libc.so.6'],munmap_www-data,munmap_www-data_yes,1159
fd393f66-c51b-44d3-bc85-0f8e2c1094dd_549580,21551,openat,www-data,yes,3.0,3,date,['localtime'],['libc.so.6'],openat_www-data,openat_www-data_yes,1160
fd393f66-c51b-44d3-bc85-0f8e2c1094dd_549580,21551,close,www-data,yes,0.0,0,date,[],['libc.so.6'],close_www-data,close_www-data_yes,1161
fd393f66-c51b-44d3-bc85-0f8e2c1094dd_547212,21551,close,www-data,yes,0.0,0,apache2,[],[],close_www-data,close_www-data_yes,1162
fd393f66-c51b-44d3-bc85-0f8e2c1094dd_547212,21559,close,www-data,yes,0.0,0,apache2,[],[],close_www-data,close_www-data_yes,1163
fd393f66-c51b-44d3-bc85-0f8e2c1094dd_547209,32475,mmap,www-data,yes,548108500992.0,548108500992,apache2,[],[],mmap_www-data,mmap_www-data_yes,1164
fd393f66-c51b-44d3-bc85-0f8e2c1094dd_547209,32475,clone,www-data,yes,549581.0,549581,apache2,[],[],clone_www-data,clone_www-data_yes,1165
fd393f66-c51b-44d3-bc85-0f8e2c1094dd_547209,32475,munmap,www-data,yes,0.0,0,apache2,[],[],munmap_www-data,munmap_www-data_yes,1166
fd393f66-c51b-44d3-bc85-0f8e2c1094dd_547209,32475,close,www-data,yes,0.0,0,apache2,[],[],close_www-data,close_www-data_yes,1167
fd393f66-c51b-44d3-bc85-0f8e2c1094dd_549581,32475,execve,www-data,yes,0.0,0,sh,[],[],execve_www-data,execve_www-data_yes,1168
fd393f66-c51b-44d3-bc85-0f8e2c1094dd_549581,32475,openat,www-data,yes,3.0,3,sh,['ld.so.cache'],[],openat_www-data,openat_www-data_yes,1169
fd393f66-c51b-44d3-bc85-0f8e2c1094dd_549581,32475,mmap,www-data,yes,548031627264.0,548031627264,sh,['ld.so.cache'],[],mmap_www-data,mmap_www-data_yes,1170
fd393f66-c51b-44d3-bc85-0f8e2c1094dd_549581,32475,close,www-data,yes,0.0,0,sh,[],[],close_www-data,close_www-data_yes,1171
fd393f66-c51b-44d3-bc85-0f8e2c1094dd_549581,32475,openat,www-data,yes,3.0,3,sh,['libc.so.6'],[],openat_www-data,openat_www-data_yes,1172
fd393f66-c51b-44d3-bc85-0f8e2c1094dd_549581,32475,mmap,www-data,yes,548031619072.0,548031619072,sh,['libc.so.6'],[],mmap_www-data,mmap_www-data_yes,1173
fd393f66-c51b-44d3-bc85-0f8e2c1094dd_549581,32475,mmap,www-data,yes,548029943808.0,548029943808,sh,['libc.so.6'],['libc.so.6'],mmap_www-data,mmap_www-data_yes,1174
fd393f66-c51b-44d3-bc85-0f8e2c1094dd_549581,32475,mmap,www-data,yes,548031434752.0,548031434752,sh,['libc.so.6'],['libc.so.6'],mmap_www-data,mmap_www-data_yes,1175
fd393f66-c51b-44d3-bc85-0f8e2c1094dd_549581,32475,mmap,www-data,yes,548031459328.0,548031459328,sh,['libc.so.6'],['libc.so.6'],mmap_www-data,mmap_www-data_yes,1176
fd393f66-c51b-44d3-bc85-0f8e2c1094dd_549581,32475,close,www-data,yes,0.0,0,sh,[],['libc.so.6'],close_www-data,close_www-data_yes,1177
fd393f66-c51b-44d3-bc85-0f8e2c1094dd_549581,32479,munmap,www-data,yes,0.0,0,sh,[],['libc.so.6'],munmap_www-data,munmap_www-data_yes,1178
fd393f66-c51b-44d3-bc85-0f8e2c1094dd_549581,32479,clone,www-data,yes,549582.0,549582,sh,[],[],clone_www-data,clone_www-data_yes,1179
fd393f66-c51b-44d3-bc85-0f8e2c1094dd_549582,32479,execve,www-data,yes,0.0,0,date,[],[],execve_www-data,execve_www-data_yes,1180
fd393f66-c51b-44d3-bc85-0f8e2c1094dd_549582,32479,openat,www-data,yes,3.0,3,date,['ld.so.cache'],[],openat_www-data,openat_www-data_yes,1181
fd393f66-c51b-44d3-bc85-0f8e2c1094dd_549582,32479,mmap,www-data,yes,547621765120.0,547621765120,date,['ld.so.cache'],[],mmap_www-data,mmap_www-data_yes,1182
fd393f66-c51b-44d3-bc85-0f8e2c1094dd_549582,32479,close,www-data,yes,0.0,0,date,[],[],close_www-data,close_www-data_yes,1183
fd393f66-c51b-44d3-bc85-0f8e2c1094dd_549582,32479,openat,www-data,yes,3.0,3,date,['libc.so.6'],[],openat_www-data,openat_www-data_yes,1184
fd393f66-c51b-44d3-bc85-0f8e2c1094dd_549582,32479,mmap,www-data,yes,547621756928.0,547621756928,date,['libc.so.6'],[],mmap_www-data,mmap_www-data_yes,1185
fd393f66-c51b-44d3-bc85-0f8e2c1094dd_549582,32479,mmap,www-data,yes,547620081664.0,547620081664,date,['libc.so.6'],['libc.so.6'],mmap_www-data,mmap_www-data_yes,1186
fd393f66-c51b-44d3-bc85-0f8e2c1094dd_549582,32479,mmap,www-data,yes,547621572608.0,547621572608,date,['libc.so.6'],['libc.so.6'],mmap_www-data,mmap_www-data_yes,1187
fd393f66-c51b-44d3-bc85-0f8e2c1094dd_549582,32479,mmap,www-data,yes,547621597184.0,547621597184,date,['libc.so.6'],['libc.so.6'],mmap_www-data,mmap_www-data_yes,1188
fd393f66-c51b-44d3-bc85-0f8e2c1094dd_549582,32479,close,www-data,yes,0.0,0,date,[],['libc.so.6'],close_www-data,close_www-data_yes,1189
fd393f66-c51b-44d3-bc85-0f8e2c1094dd_549582,32479,munmap,www-data,yes,0.0,0,date,[],['libc.so.6'],munmap_www-data,munmap_www-data_yes,1190
fd393f66-c51b-44d3-bc85-0f8e2c1094dd_549582,32483,openat,www-data,yes,3.0,3,date,['localtime'],['libc.so.6'],openat_www-data,openat_www-data_yes,1191
fd393f66-c51b-44d3-bc85-0f8e2c1094dd_549582,32483,close,www-data,yes,0.0,0,date,[],['libc.so.6'],close_www-data,close_www-data_yes,1192
fd393f66-c51b-44d3-bc85-0f8e2c1094dd_547209,32483,close,www-data,yes,0.0,0,apache2,[],[],close_www-data,close_www-data_yes,1193
fd393f66-c51b-44d3-bc85-0f8e2c1094dd_547209,32491,close,www-data,yes,0.0,0,apache2,[],[],close_www-data,close_www-data_yes,1194
fd393f66-c51b-44d3-bc85-0f8e2c1094dd_18571,38739,openat,root,yes,11.0,11,filebeat,"['20230412T000000.log', '20230412T000000.log', 'stat']",[],openat_root,openat_root_yes,1195
fd393f66-c51b-44d3-bc85-0f8e2c1094dd_18571,38739,close,root,yes,0.0,0,filebeat,"['20230412T000000.log', '20230412T000000.log']",[],close_root,close_root_yes,1196
fd393f66-c51b-44d3-bc85-0f8e2c1094dd_18571,38743,openat,root,yes,11.0,11,filebeat,"['20230412T000000.log', '20230412T000000.log', 'statm']",[],openat_root,openat_root_yes,1197
fd393f66-c51b-44d3-bc85-0f8e2c1094dd_18571,38743,close,root,yes,0.0,0,filebeat,"['20230412T000000.log', '20230412T000000.log']",[],close_root,close_root_yes,1198
fd393f66-c51b-44d3-bc85-0f8e2c1094dd_18571,38743,openat,root,yes,11.0,11,filebeat,"['20230412T000000.log', '20230412T000000.log', 'stat']",[],openat_root,openat_root_yes,1199
fd393f66-c51b-44d3-bc85-0f8e2c1094dd_18571,38743,openat,root,yes,11.0,11,filebeat,"['20230412T000000.log', '20230412T000000.log', 'cmdline']",[],openat_root,openat_root_yes,1200
fd393f66-c51b-44d3-bc85-0f8e2c1094dd_18571,38743,openat,root,yes,11.0,11,filebeat,"['20230412T000000.log', '20230412T000000.log', 'limits']",[],openat_root,openat_root_yes,1201
fd393f66-c51b-44d3-bc85-0f8e2c1094dd_18571,38743,openat,root,yes,11.0,11,filebeat,"['20230412T000000.log', '20230412T000000.log', 'fd']",[],openat_root,openat_root_yes,1202
fd393f66-c51b-44d3-bc85-0f8e2c1094dd_18571,38743,openat,root,yes,11.0,11,filebeat,"['20230412T000000.log', '20230412T000000.log', 'environ']",[],openat_root,openat_root_yes,1203
fd393f66-c51b-44d3-bc85-0f8e2c1094dd_18571,38743,openat,root,yes,11.0,11,filebeat,"['20230412T000000.log', '20230412T000000.log', 'status']",[],openat_root,openat_root_yes,1204
fd393f66-c51b-44d3-bc85-0f8e2c1094dd_18571,38747,openat,root,yes,11.0,11,filebeat,"['20230412T000000.log', '20230412T000000.log', 'cmdline']",[],openat_root,openat_root_yes,1205
fd393f66-c51b-44d3-bc85-0f8e2c1094dd_18571,38747,close,root,yes,0.0,0,filebeat,"['20230412T000000.log', '20230412T000000.log']",[],close_root,close_root_yes,1206
fd393f66-c51b-44d3-bc85-0f8e2c1094dd_18571,38747,openat,root,yes,11.0,11,filebeat,"['20230412T000000.log', '20230412T000000.log', 'limits']",[],openat_root,openat_root_yes,1207
fd393f66-c51b-44d3-bc85-0f8e2c1094dd_18571,38747,openat,root,yes,11.0,11,filebeat,"['20230412T000000.log', '20230412T000000.log', 'fd']",[],openat_root,openat_root_yes,1208
fd393f66-c51b-44d3-bc85-0f8e2c1094dd_18571,38747,openat,root,yes,11.0,11,filebeat,"['20230412T000000.log', '20230412T000000.log', 'environ']",[],openat_root,openat_root_yes,1209
fd393f66-c51b-44d3-bc85-0f8e2c1094dd_18571,38747,openat,root,yes,11.0,11,filebeat,"['20230412T000000.log', '20230412T000000.log', 'status']",[],openat_root,openat_root_yes,1210
fd393f66-c51b-44d3-bc85-0f8e2c1094dd_18571,38747,openat,root,yes,11.0,11,filebeat,"['20230412T000000.log', '20230412T000000.log', 'cgroups']",[],openat_root,openat_root_yes,1211
fd393f66-c51b-44d3-bc85-0f8e2c1094dd_18571,38747,openat,root,yes,11.0,11,filebeat,"['20230412T000000.log', '20230412T000000.log', 'mountinfo']",[],openat_root,openat_root_yes,1212
fd393f66-c51b-44d3-bc85-0f8e2c1094dd_18571,38747,openat,root,yes,11.0,11,filebeat,"['20230412T000000.log', '20230412T000000.log', 'cgroup']",[],openat_root,openat_root_yes,1213
fd393f66-c51b-44d3-bc85-0f8e2c1094dd_18571,38751,openat,root,yes,12.0,12,filebeat,"['20230412T000000.log', '20230412T000000.log', 'cgroup', 'filebeat.service']",[],openat_root,openat_root_yes,1214
fd393f66-c51b-44d3-bc85-0f8e2c1094dd_18571,38751,close,root,yes,0.0,0,filebeat,"['20230412T000000.log', '20230412T000000.log', 'cgroup']",[],close_root,close_root_yes,1215
fd393f66-c51b-44d3-bc85-0f8e2c1094dd_18571,38751,close,root,yes,0.0,0,filebeat,"['20230412T000000.log', '20230412T000000.log']",[],close_root,close_root_yes,1216
fd393f66-c51b-44d3-bc85-0f8e2c1094dd_18571,38751,openat,root,no,-2.0,ENOENT(No such file or directory),filebeat,"['20230412T000000.log', '20230412T000000.log']",[],openat_root,openat_root_no,1217
fd393f66-c51b-44d3-bc85-0f8e2c1094dd_18571,38751,openat,root,yes,11.0,11,filebeat,"['20230412T000000.log', '20230412T000000.log', 'stat']",[],openat_root,openat_root_yes,1218
fd393f66-c51b-44d3-bc85-0f8e2c1094dd_18571,38751,openat,root,yes,11.0,11,filebeat,"['20230412T000000.log', '20230412T000000.log', 'statm']",[],openat_root,openat_root_yes,1219
fd393f66-c51b-44d3-bc85-0f8e2c1094dd_18571,38751,openat,root,yes,11.0,11,filebeat,"['20230412T000000.log', '20230412T000000.log', 'cmdline']",[],openat_root,openat_root_yes,1220
fd393f66-c51b-44d3-bc85-0f8e2c1094dd_18571,38751,openat,root,yes,11.0,11,filebeat,"['20230412T000000.log', '20230412T000000.log', 'limits']",[],openat_root,openat_root_yes,1221
fd393f66-c51b-44d3-bc85-0f8e2c1094dd_18571,38751,openat,root,yes,11.0,11,filebeat,"['20230412T000000.log', '20230412T000000.log', 'fd']",[],openat_root,openat_root_yes,1222
fd393f66-c51b-44d3-bc85-0f8e2c1094dd_18571,38751,openat,root,yes,11.0,11,filebeat,"['20230412T000000.log', '20230412T000000.log', 'environ']",[],openat_root,openat_root_yes,1223
fd393f66-c51b-44d3-bc85-0f8e2c1094dd_18571,38755,openat,root,yes,11.0,11,filebeat,"['20230412T000000.log', '20230412T000000.log', 'status']",[],openat_root,openat_root_yes,1224
fd393f66-c51b-44d3-bc85-0f8e2c1094dd_18571,38755,close,root,yes,0.0,0,filebeat,"['20230412T000000.log', '20230412T000000.log']",[],close_root,close_root_yes,1225
fd393f66-c51b-44d3-bc85-0f8e2c1094dd_18571,38755,openat,root,yes,11.0,11,filebeat,"['20230412T000000.log', '20230412T000000.log', 'loadavg']",[],openat_root,openat_root_yes,1226
fd393f66-c51b-44d3-bc85-0f8e2c1094dd_18571,38755,openat,root,yes,11.0,11,filebeat,"['20230412T000000.log', '20230412T000000.log', 'online']",[],openat_root,openat_root_yes,1227
fd393f66-c51b-44d3-bc85-0f8e2c1094dd_547234,43059,mmap,www-data,yes,548108500992.0,548108500992,apache2,[],[],mmap_www-data,mmap_www-data_yes,1228
fd393f66-c51b-44d3-bc85-0f8e2c1094dd_547234,43059,clone,www-data,yes,549583.0,549583,apache2,[],[],clone_www-data,clone_www-data_yes,1229
fd393f66-c51b-44d3-bc85-0f8e2c1094dd_547234,43059,munmap,www-data,yes,0.0,0,apache2,[],[],munmap_www-data,munmap_www-data_yes,1230
fd393f66-c51b-44d3-bc85-0f8e2c1094dd_547234,43059,close,www-data,yes,0.0,0,apache2,[],[],close_www-data,close_www-data_yes,1231
fd393f66-c51b-44d3-bc85-0f8e2c1094dd_549583,43059,execve,www-data,yes,0.0,0,sh,[],[],execve_www-data,execve_www-data_yes,1232
fd393f66-c51b-44d3-bc85-0f8e2c1094dd_549583,43059,openat,www-data,yes,3.0,3,sh,['ld.so.cache'],[],openat_www-data,openat_www-data_yes,1233
fd393f66-c51b-44d3-bc85-0f8e2c1094dd_549583,43063,mmap,www-data,yes,547809517568.0,547809517568,sh,['ld.so.cache'],[],mmap_www-data,mmap_www-data_yes,1234
fd393f66-c51b-44d3-bc85-0f8e2c1094dd_549583,43063,close,www-data,yes,0.0,0,sh,[],[],close_www-data,close_www-data_yes,1235
fd393f66-c51b-44d3-bc85-0f8e2c1094dd_549583,43063,openat,www-data,yes,3.0,3,sh,['libc.so.6'],[],openat_www-data,openat_www-data_yes,1236
fd393f66-c51b-44d3-bc85-0f8e2c1094dd_549583,43063,mmap,www-data,yes,547809509376.0,547809509376,sh,['libc.so.6'],[],mmap_www-data,mmap_www-data_yes,1237
fd393f66-c51b-44d3-bc85-0f8e2c1094dd_549583,43063,mmap,www-data,yes,547807834112.0,547807834112,sh,['libc.so.6'],['libc.so.6'],mmap_www-data,mmap_www-data_yes,1238
fd393f66-c51b-44d3-bc85-0f8e2c1094dd_549583,43063,mmap,www-data,yes,547809325056.0,547809325056,sh,['libc.so.6'],['libc.so.6'],mmap_www-data,mmap_www-data_yes,1239
fd393f66-c51b-44d3-bc85-0f8e2c1094dd_549583,43063,mmap,www-data,yes,547809349632.0,547809349632,sh,['libc.so.6'],['libc.so.6'],mmap_www-data,mmap_www-data_yes,1240
fd393f66-c51b-44d3-bc85-0f8e2c1094dd_549583,43063,close,www-data,yes,0.0,0,sh,[],['libc.so.6'],close_www-data,close_www-data_yes,1241
fd393f66-c51b-44d3-bc85-0f8e2c1094dd_549583,43063,munmap,www-data,yes,0.0,0,sh,[],['libc.so.6'],munmap_www-data,munmap_www-data_yes,1242
fd393f66-c51b-44d3-bc85-0f8e2c1094dd_549584,43063,execve,www-data,yes,0.0,0,date,[],[],execve_www-data,execve_www-data_yes,1243
fd393f66-c51b-44d3-bc85-0f8e2c1094dd_549583,43063,clone,www-data,yes,549584.0,549584,sh,[],[],clone_www-data,clone_www-data_yes,1244
fd393f66-c51b-44d3-bc85-0f8e2c1094dd_549584,43063,openat,www-data,yes,3.0,3,date,['ld.so.cache'],[],openat_www-data,openat_www-data_yes,1245
fd393f66-c51b-44d3-bc85-0f8e2c1094dd_549584,43063,mmap,www-data,yes,548503830528.0,548503830528,date,['ld.so.cache'],[],mmap_www-data,mmap_www-data_yes,1246
fd393f66-c51b-44d3-bc85-0f8e2c1094dd_549584,43063,close,www-data,yes,0.0,0,date,[],[],close_www-data,close_www-data_yes,1247
fd393f66-c51b-44d3-bc85-0f8e2c1094dd_549584,43063,openat,www-data,yes,3.0,3,date,['libc.so.6'],[],openat_www-data,openat_www-data_yes,1248
fd393f66-c51b-44d3-bc85-0f8e2c1094dd_549584,43067,mmap,www-data,yes,548503822336.0,548503822336,date,['libc.so.6'],[],mmap_www-data,mmap_www-data_yes,1249
fd393f66-c51b-44d3-bc85-0f8e2c1094dd_549584,43067,mmap,www-data,yes,548502147072.0,548502147072,date,['libc.so.6'],['libc.so.6'],mmap_www-data,mmap_www-data_yes,1250
fd393f66-c51b-44d3-bc85-0f8e2c1094dd_549584,43067,mmap,www-data,yes,548503638016.0,548503638016,date,['libc.so.6'],['libc.so.6'],mmap_www-data,mmap_www-data_yes,1251
fd393f66-c51b-44d3-bc85-0f8e2c1094dd_549584,43067,mmap,www-data,yes,548503662592.0,548503662592,date,['libc.so.6'],['libc.so.6'],mmap_www-data,mmap_www-data_yes,1252
fd393f66-c51b-44d3-bc85-0f8e2c1094dd_549584,43067,close,www-data,yes,0.0,0,date,[],['libc.so.6'],close_www-data,close_www-data_yes,1253
fd393f66-c51b-44d3-bc85-0f8e2c1094dd_549584,43067,munmap,www-data,yes,0.0,0,date,[],['libc.so.6'],munmap_www-data,munmap_www-data_yes,1254
fd393f66-c51b-44d3-bc85-0f8e2c1094dd_549584,43067,openat,www-data,yes,3.0,3,date,['localtime'],['libc.so.6'],openat_www-data,openat_www-data_yes,1255
fd393f66-c51b-44d3-bc85-0f8e2c1094dd_547234,43067,close,www-data,yes,0.0,0,apache2,[],[],close_www-data,close_www-data_yes,1256
fd393f66-c51b-44d3-bc85-0f8e2c1094dd_547234,43075,close,www-data,yes,0.0,0,apache2,[],[],close_www-data,close_www-data_yes,1257
fd393f66-c51b-44d3-bc85-0f8e2c1094dd_18571,53531,close,root,yes,0.0,0,filebeat,"['20230412T000000.log', '20230412T000000.log']",[],close_root,close_root_yes,1258
fd393f66-c51b-44d3-bc85-0f8e2c1094dd_547213,54443,mmap,www-data,yes,548108500992.0,548108500992,apache2,[],[],mmap_www-data,mmap_www-data_yes,1259
fd393f66-c51b-44d3-bc85-0f8e2c1094dd_547213,54443,clone,www-data,yes,549585.0,549585,apache2,[],[],clone_www-data,clone_www-data_yes,1260
fd393f66-c51b-44d3-bc85-0f8e2c1094dd_549585,54443,execve,www-data,yes,0.0,0,sh,[],[],execve_www-data,execve_www-data_yes,1261
fd393f66-c51b-44d3-bc85-0f8e2c1094dd_547213,54443,munmap,www-data,yes,0.0,0,apache2,[],[],munmap_www-data,munmap_www-data_yes,1262
fd393f66-c51b-44d3-bc85-0f8e2c1094dd_547213,54443,close,www-data,yes,0.0,0,apache2,[],[],close_www-data,close_www-data_yes,1263
fd393f66-c51b-44d3-bc85-0f8e2c1094dd_549585,54443,openat,www-data,yes,3.0,3,sh,['ld.so.cache'],[],openat_www-data,openat_www-data_yes,1264
fd393f66-c51b-44d3-bc85-0f8e2c1094dd_549585,54443,mmap,www-data,yes,547804360704.0,547804360704,sh,['ld.so.cache'],[],mmap_www-data,mmap_www-data_yes,1265
fd393f66-c51b-44d3-bc85-0f8e2c1094dd_549585,54443,close,www-data,yes,0.0,0,sh,[],[],close_www-data,close_www-data_yes,1266
fd393f66-c51b-44d3-bc85-0f8e2c1094dd_549585,54443,openat,www-data,yes,3.0,3,sh,['libc.so.6'],[],openat_www-data,openat_www-data_yes,1267
fd393f66-c51b-44d3-bc85-0f8e2c1094dd_549585,54443,mmap,www-data,yes,547804352512.0,547804352512,sh,['libc.so.6'],[],mmap_www-data,mmap_www-data_yes,1268
fd393f66-c51b-44d3-bc85-0f8e2c1094dd_549585,54443,mmap,www-data,yes,547802677248.0,547802677248,sh,['libc.so.6'],['libc.so.6'],mmap_www-data,mmap_www-data_yes,1269
fd393f66-c51b-44d3-bc85-0f8e2c1094dd_549585,54443,mmap,www-data,yes,547804168192.0,547804168192,sh,['libc.so.6'],['libc.so.6'],mmap_www-data,mmap_www-data_yes,1270
fd393f66-c51b-44d3-bc85-0f8e2c1094dd_549585,54443,mmap,www-data,yes,547804192768.0,547804192768,sh,['libc.so.6'],['libc.so.6'],mmap_www-data,mmap_www-data_yes,1271
fd393f66-c51b-44d3-bc85-0f8e2c1094dd_549585,54443,close,www-data,yes,0.0,0,sh,[],['libc.so.6'],close_www-data,close_www-data_yes,1272
fd393f66-c51b-44d3-bc85-0f8e2c1094dd_549585,54447,munmap,www-data,yes,0.0,0,sh,[],['libc.so.6'],munmap_www-data,munmap_www-data_yes,1273
fd393f66-c51b-44d3-bc85-0f8e2c1094dd_549585,54447,clone,www-data,yes,549586.0,549586,sh,[],[],clone_www-data,clone_www-data_yes,1274
fd393f66-c51b-44d3-bc85-0f8e2c1094dd_549586,54447,execve,www-data,yes,0.0,0,date,[],[],execve_www-data,execve_www-data_yes,1275
fd393f66-c51b-44d3-bc85-0f8e2c1094dd_549586,54447,openat,www-data,yes,3.0,3,date,['ld.so.cache'],[],openat_www-data,openat_www-data_yes,1276
fd393f66-c51b-44d3-bc85-0f8e2c1094dd_549586,54447,mmap,www-data,yes,548372979712.0,548372979712,date,['ld.so.cache'],[],mmap_www-data,mmap_www-data_yes,1277
fd393f66-c51b-44d3-bc85-0f8e2c1094dd_549586,54447,close,www-data,yes,0.0,0,date,[],[],close_www-data,close_www-data_yes,1278
fd393f66-c51b-44d3-bc85-0f8e2c1094dd_549586,54447,openat,www-data,yes,3.0,3,date,['libc.so.6'],[],openat_www-data,openat_www-data_yes,1279
fd393f66-c51b-44d3-bc85-0f8e2c1094dd_549586,54447,mmap,www-data,yes,548372971520.0,548372971520,date,['libc.so.6'],[],mmap_www-data,mmap_www-data_yes,1280
fd393f66-c51b-44d3-bc85-0f8e2c1094dd_549586,54447,mmap,www-data,yes,548371296256.0,548371296256,date,['libc.so.6'],['libc.so.6'],mmap_www-data,mmap_www-data_yes,1281
fd393f66-c51b-44d3-bc85-0f8e2c1094dd_549586,54447,mmap,www-data,yes,548372787200.0,548372787200,date,['libc.so.6'],['libc.so.6'],mmap_www-data,mmap_www-data_yes,1282
fd393f66-c51b-44d3-bc85-0f8e2c1094dd_549586,54447,mmap,www-data,yes,548372811776.0,548372811776,date,['libc.so.6'],['libc.so.6'],mmap_www-data,mmap_www-data_yes,1283
fd393f66-c51b-44d3-bc85-0f8e2c1094dd_549586,54451,close,www-data,yes,0.0,0,date,[],['libc.so.6'],close_www-data,close_www-data_yes,1284
fd393f66-c51b-44d3-bc85-0f8e2c1094dd_549586,54451,munmap,www-data,yes,0.0,0,date,[],['libc.so.6'],munmap_www-data,munmap_www-data_yes,1285
fd393f66-c51b-44d3-bc85-0f8e2c1094dd_549586,54451,openat,www-data,yes,3.0,3,date,['localtime'],['libc.so.6'],openat_www-data,openat_www-data_yes,1286
fd393f66-c51b-44d3-bc85-0f8e2c1094dd_547213,54451,close,www-data,yes,0.0,0,apache2,[],[],close_www-data,close_www-data_yes,1287
fd393f66-c51b-44d3-bc85-0f8e2c1094dd_547213,54459,close,www-data,yes,0.0,0,apache2,[],[],close_www-data,close_www-data_yes,1288
fd393f66-c51b-44d3-bc85-0f8e2c1094dd_18571,54911,socket,root,yes,9.0,9,filebeat,"['20230412T000000.log', '20230412T000000.log']",[],socket_root,socket_root_yes,1289
fd393f66-c51b-44d3-bc85-0f8e2c1094dd_18571,54911,connect,root,no,-115.0,EINPROGRESS(Operation now in progress),filebeat,"['20230412T000000.log', '20230412T000000.log']",[],connect_root,connect_root_no,1290
