event_id,timestamp,activity,cluster_id,operation,operation_id
1,0.0,mmap_www-data,0,assign,0
2,0.0,clone_www-data,0,assign,0
3,0.0,munmap_www-data,0,assign,0
4,0.0,close_www-data,0,assign,0
5,0.0,execve_www-data,0,assign,0
6,0.0,openat_www-data,0,assign,0
7,0.0,mmap_www-data,0,assign,0
8,0.0,close_www-data,1,assign,0
9,0.0,openat_www-data,1,assign,0
10,0.0,mmap_www-data,0,assign,0
11,0.0,mmap_www-data,0,assign,0
12,0.0,mmap_www-data,0,assign,0
13,0.0,mmap_www-data,0,assign,0
14,0.0,close_www-data,2,assign,0
15,0.0,munmap_www-data,1,assign,0
16,0.0,clone_www-data,0,assign,0
17,0.0,execve_www-data,0,assign,0
18,0.0,openat_www-data,0,assign,0
19,0.0,mmap_www-data,0,assign,0
20,0.0,close_www-data,2,assign,0
21,0.0,openat_www-data,1,assign,0
22,0.0,mmap_www-data,0,assign,0
23,0.0,mmap_www-data,0,assign,0
24,0.0,mmap_www-data,0,assign,0
25,0.0,mmap_www-data,0,assign,0
26,0.0,close_www-data,1,assign,0
27,4.0,munmap_www-data,1,assign,0
28,4.0,openat_www-data,2,assign,0
29,4.0,close_www-data,3,assign,0
30,4.0,close_www-data,4,assign,0
31,12.0,close_www-data,4,assign,0
32,6079.0,openat_root,0,assign,0
33,6079.0,close_root,0,assign,0
34,6079.0,openat_root,0,assign,0
35,6079.0,openat_root,0,assign,0
36,6079.0,openat_root,0,assign,0
37,6079.0,openat_root,0,assign,0
38,6079.0,openat_root,0,assign,0
39,6079.0,openat_root,0,assign,0
40,6083.0,close_root,0,assign,0
41,6083.0,openat_root,0,assign,0
42,6083.0,openat_root,0,assign,0
43,6083.0,openat_root,0,assign,0
44,6083.0,openat_root,0,assign,0
45,6083.0,openat_root,0,assign,0
46,6083.0,openat_root,0,assign,0
47,6083.0,openat_root,0,assign,0
48,6083.0,openat_root,0,assign,0
49,6087.0,close_root,1,assign,0
50,6087.0,openat_root,0,assign,0
51,6087.0,openat_root,0,assign,0
52,6087.0,close_root,1,assign,0
53,6087.0,openat_root,1,assign,0
54,6087.0,openat_root,0,assign,0
55,6087.0,openat_root,1,assign,0
56,6087.0,openat_root,0,assign,0
57,6087.0,openat_root,0,assign,0
58,6087.0,openat_root,0,assign,0
59,6091.0,close_root,1,assign,0
60,6091.0,openat_root,0,assign,0
61,6091.0,openat_root,0,assign,0
62,6091.0,openat_root,0,assign,0
63,6091.0,openat_root,0,assign,0
64,8055.0,close_root,1,assign,0
65,9519.0,socket_root,0,assign,0
66,9519.0,connect_root,0,assign,0
67,10511.0,mmap_www-data,0,assign,0
68,10511.0,clone_www-data,0,assign,0
69,10511.0,munmap_www-data,0,assign,0
70,10511.0,close_www-data,5,assign,0
71,10511.0,execve_www-data,0,assign,0
72,10511.0,openat_www-data,0,assign,0
73,10511.0,mmap_www-data,1,assign,0
74,10511.0,close_www-data,0,assign,0
75,10511.0,openat_www-data,1,assign,0
76,10511.0,mmap_www-data,1,assign,0
77,10511.0,mmap_www-data,1,assign,0
78,10511.0,mmap_www-data,1,assign,0
79,10511.0,mmap_www-data,1,assign,0
80,10511.0,close_www-data,1,assign,0
81,10511.0,munmap_www-data,1,assign,0
82,10511.0,clone_www-data,0,assign,0
83,10511.0,execve_www-data,0,assign,0
84,10511.0,openat_www-data,2,assign,0
85,10511.0,mmap_www-data,0,assign,0
86,10511.0,close_www-data,5,assign,0
87,10511.0,openat_www-data,1,assign,0
88,10511.0,mmap_www-data,0,assign,0
89,10511.0,mmap_www-data,0,assign,0
90,10511.0,mmap_www-data,0,assign,0
91,10511.0,mmap_www-data,0,assign,0
92,10511.0,close_www-data,1,assign,0
93,10511.0,munmap_www-data,1,assign,0
94,10511.0,openat_www-data,3,assign,0
95,10515.0,close_www-data,3,assign,0
96,10519.0,close_www-data,3,assign,0
97,21935.0,mmap_www-data,0,assign,0
98,21935.0,clone_www-data,0,assign,0
99,21935.0,munmap_www-data,0,assign,0
100,21935.0,close_www-data,6,assign,0
101,21935.0,execve_www-data,0,assign,0
102,21935.0,openat_www-data,0,assign,0
103,21935.0,mmap_www-data,1,assign,0
104,21935.0,close_www-data,0,assign,0
105,21935.0,openat_www-data,3,assign,0
106,21935.0,mmap_www-data,1,assign,0
107,21935.0,mmap_www-data,1,assign,0
108,21935.0,mmap_www-data,1,assign,0
109,21939.0,mmap_www-data,1,assign,0
110,21939.0,close_www-data,6,assign,0
111,21939.0,munmap_www-data,1,assign,0
112,21939.0,clone_www-data,0,assign,0
113,21939.0,execve_www-data,0,assign,0
114,21939.0,openat_www-data,0,assign,0
115,21939.0,mmap_www-data,1,assign,0
116,21939.0,close_www-data,0,assign,0
117,21939.0,openat_www-data,5,assign,0
118,21939.0,mmap_www-data,1,assign,0
119,21939.0,mmap_www-data,1,assign,0
120,21939.0,mmap_www-data,1,assign,0
121,21939.0,mmap_www-data,1,assign,0
122,21939.0,close_www-data,1,assign,0
123,21943.0,munmap_www-data,1,assign,0
124,21943.0,openat_www-data,6,assign,0
125,21943.0,close_www-data,8,assign,0
126,21943.0,close_www-data,3,assign,0
127,21951.0,close_www-data,3,assign,0
128,27223.0,clone_www-data,0,assign,0
129,27223.0,execve_www-data,0,assign,0
130,27223.0,openat_www-data,7,assign,0
131,27223.0,mmap_www-data,0,assign,0
132,27223.0,close_www-data,8,assign,0
133,27223.0,openat_www-data,8,assign,0
134,27223.0,mmap_www-data,0,assign,0
135,27223.0,mmap_www-data,0,assign,0
136,27223.0,mmap_www-data,0,assign,0
137,27223.0,mmap_www-data,0,assign,0
138,27223.0,close_www-data,1,assign,0
139,27223.0,openat_www-data,9,assign,0
140,27223.0,mmap_www-data,0,assign,0
141,27223.0,mmap_www-data,0,assign,0
142,27223.0,close_www-data,1,assign,0
143,27223.0,openat_www-data,10,assign,0
144,27223.0,mmap_www-data,0,assign,0
145,27223.0,mmap_www-data,0,assign,0
146,27223.0,mmap_www-data,0,assign,0
147,27223.0,close_www-data,1,assign,0
148,27223.0,openat_www-data,11,assign,0
149,27223.0,mmap_www-data,0,assign,0
150,27223.0,mmap_www-data,0,assign,0
151,27223.0,close_www-data,1,assign,0
152,27223.0,openat_www-data,12,assign,0
153,27223.0,mmap_www-data,0,assign,0
154,27223.0,mmap_www-data,0,assign,0
7,2025-07-02T20:44:47.242558,mmap_www-data,0,split,43
10,2025-07-02T20:44:47.242558,mmap_www-data,0,split,43
11,2025-07-02T20:44:47.242558,mmap_www-data,0,split,43
12,2025-07-02T20:44:47.242558,mmap_www-data,0,split,43
13,2025-07-02T20:44:47.242558,mmap_www-data,0,split,43
19,2025-07-02T20:44:47.242558,mmap_www-data,0,split,43
22,2025-07-02T20:44:47.242558,mmap_www-data,0,split,43
23,2025-07-02T20:44:47.242558,mmap_www-data,0,split,43
24,2025-07-02T20:44:47.242558,mmap_www-data,0,split,43
25,2025-07-02T20:44:47.242558,mmap_www-data,0,split,43
85,2025-07-02T20:44:47.242558,mmap_www-data,0,split,43
88,2025-07-02T20:44:47.242558,mmap_www-data,0,split,43
89,2025-07-02T20:44:47.242558,mmap_www-data,0,split,43
90,2025-07-02T20:44:47.242558,mmap_www-data,0,split,43
91,2025-07-02T20:44:47.242558,mmap_www-data,0,split,43
131,2025-07-02T20:44:47.242558,mmap_www-data,0,split,43
134,2025-07-02T20:44:47.242558,mmap_www-data,0,split,43
135,2025-07-02T20:44:47.242558,mmap_www-data,0,split,43
136,2025-07-02T20:44:47.242558,mmap_www-data,0,split,43
137,2025-07-02T20:44:47.242558,mmap_www-data,0,split,43
140,2025-07-02T20:44:47.242558,mmap_www-data,0,split,43
141,2025-07-02T20:44:47.242558,mmap_www-data,0,split,43
144,2025-07-02T20:44:47.242558,mmap_www-data,0,split,43
145,2025-07-02T20:44:47.242558,mmap_www-data,0,split,43
146,2025-07-02T20:44:47.242558,mmap_www-data,0,split,43
149,2025-07-02T20:44:47.242558,mmap_www-data,0,split,43
150,2025-07-02T20:44:47.242558,mmap_www-data,0,split,43
153,2025-07-02T20:44:47.242558,mmap_www-data,0,split,43
154,2025-07-02T20:44:47.242558,mmap_www-data,0,split,43
1,2025-07-02T20:44:47.242558,mmap_www-data,32,split,43
67,2025-07-02T20:44:47.242558,mmap_www-data,32,split,43
97,2025-07-02T20:44:47.242558,mmap_www-data,32,split,43
155,27223.0,close_www-data,14,assign,0
156,27223.0,openat_www-data,13,assign,0
157,27227.0,mmap_www-data,0,assign,0
158,27227.0,mmap_www-data,0,assign,0
159,27227.0,mmap_www-data,0,assign,0
160,27227.0,mmap_www-data,0,assign,0
161,27227.0,close_www-data,1,assign,0
162,27227.0,mmap_www-data,0,assign,0
163,27227.0,munmap_www-data,3,assign,0
164,27227.0,openat_www-data,14,assign,0
165,27227.0,openat_www-data,15,assign,0
166,27227.0,openat_www-data,16,assign,0
167,27227.0,mmap_www-data,0,assign,0
168,27227.0,close_www-data,1,assign,0
169,27227.0,openat_www-data,17,assign,0
170,27227.0,openat_www-data,18,assign,0
171,27227.0,mmap_www-data,0,assign,0
172,27231.0,openat_www-data,19,assign,0
173,27231.0,mmap_www-data,0,assign,0
174,27231.0,close_www-data,17,assign,0
175,27231.0,openat_www-data,20,assign,0
176,27231.0,openat_www-data,21,assign,0
177,27231.0,openat_www-data,23,assign,0
178,27231.0,openat_www-data,25,assign,0
179,27231.0,openat_www-data,27,assign,0
180,27231.0,openat_www-data,29,assign,0
181,27235.0,close_www-data,18,assign,0
182,27239.0,close_www-data,18,assign,0
183,27239.0,openat_www-data,31,assign,0
184,27239.0,openat_www-data,33,assign,0
185,27239.0,openat_www-data,35,assign,0
186,27239.0,openat_www-data,37,assign,0
187,27239.0,openat_www-data,38,assign,0
188,27243.0,close_www-data,19,assign,0
189,27255.0,close_www-data,19,assign,0
190,27255.0,openat_www-data,39,assign,0
191,27259.0,close_www-data,21,assign,0
192,27259.0,openat_www-data,40,assign,0
193,27259.0,openat_www-data,41,assign,0
194,27259.0,openat_www-data,42,assign,0
195,27259.0,openat_www-data,43,assign,0
196,27259.0,openat_www-data,44,assign,0
197,27275.0,close_www-data,21,assign,0
198,27275.0,openat_www-data,45,assign,0
199,27279.0,openat_www-data,46,assign,0
200,27279.0,close_www-data,22,assign,0
201,27279.0,openat_www-data,47,assign,0
202,27279.0,openat_www-data,48,assign,0
203,27295.0,close_www-data,22,assign,0
204,27299.0,openat_www-data,49,assign,0
205,27299.0,close_www-data,17,assign,0
206,27299.0,openat_www-data,50,assign,0
207,27299.0,openat_www-data,37,assign,0
208,27299.0,openat_www-data,53,assign,0
209,27299.0,openat_www-data,54,assign,0
210,27311.0,close_www-data,17,assign,0
211,27311.0,openat_www-data,55,assign,0
212,27311.0,openat_www-data,56,assign,0
213,27311.0,openat_www-data,57,assign,0
214,27311.0,openat_www-data,58,assign,0
215,27311.0,openat_www-data,59,assign,0
216,27319.0,close_www-data,17,assign,0
217,27319.0,openat_www-data,60,assign,0
218,27319.0,openat_www-data,61,assign,0
219,27319.0,openat_www-data,62,assign,0
220,27319.0,openat_www-data,63,assign,0
221,27323.0,close_www-data,23,assign,0
222,27323.0,openat_www-data,64,assign,0
223,27327.0,close_www-data,17,assign,0
224,27327.0,openat_www-data,65,assign,0
225,27327.0,openat_www-data,67,assign,0
226,27327.0,openat_www-data,68,assign,0
227,27327.0,openat_www-data,69,assign,0
228,27327.0,openat_www-data,70,assign,0
229,27335.0,openat_www-data,71,assign,0
230,27335.0,close_www-data,23,assign,0
231,27335.0,openat_www-data,72,assign,0
232,27335.0,openat_www-data,73,assign,0
233,27335.0,openat_www-data,75,assign,0
234,27335.0,openat_www-data,77,assign,0
235,27339.0,close_www-data,25,assign,0
236,27339.0,openat_www-data,79,assign,0
237,27339.0,openat_www-data,81,assign,0
238,27339.0,openat_www-data,83,assign,0
239,27339.0,openat_www-data,85,assign,0
240,27447.0,close_www-data,25,assign,0
241,27447.0,openat_www-data,87,assign,0
242,27447.0,openat_www-data,89,assign,0
243,27447.0,openat_www-data,91,assign,0
244,27487.0,close_www-data,25,assign,0
245,27487.0,openat_www-data,93,assign,0
246,27487.0,openat_www-data,95,assign,0
247,27487.0,openat_www-data,97,assign,0
248,27487.0,openat_www-data,99,assign,0
249,27487.0,openat_www-data,101,assign,0
250,27487.0,openat_www-data,103,assign,0
251,27487.0,openat_www-data,105,assign,0
252,27487.0,openat_www-data,107,assign,0
253,27487.0,openat_www-data,109,assign,0
254,27487.0,openat_www-data,111,assign,0
255,27487.0,openat_www-data,113,assign,0
256,27491.0,openat_www-data,115,assign,0
257,27491.0,close_www-data,26,assign,0
258,27495.0,openat_www-data,116,assign,0
259,27495.0,close_www-data,17,assign,0
260,27495.0,openat_www-data,117,assign,0
261,27495.0,openat_www-data,118,assign,0
262,27495.0,openat_www-data,119,assign,0
263,27495.0,openat_www-data,120,assign,0
264,27499.0,close_www-data,26,assign,0
265,27499.0,openat_www-data,122,assign,0
266,27499.0,openat_www-data,124,assign,0
267,27499.0,openat_www-data,126,assign,0
268,27499.0,openat_www-data,128,assign,0
269,27503.0,close_www-data,28,assign,0
270,27503.0,openat_www-data,130,assign,0
271,27503.0,openat_www-data,132,assign,0
272,27503.0,openat_www-data,133,assign,0
273,27503.0,openat_www-data,135,assign,0
274,27507.0,close_www-data,29,assign,0
275,27507.0,openat_www-data,137,assign,0
276,27507.0,openat_www-data,138,assign,0
277,27511.0,close_www-data,25,assign,0
278,27511.0,openat_www-data,140,assign,0
279,27511.0,openat_www-data,142,assign,0
280,27511.0,openat_www-data,144,assign,0
281,27515.0,close_www-data,29,assign,0
282,27515.0,openat_www-data,146,assign,0
283,27515.0,openat_www-data,147,assign,0
284,27515.0,openat_www-data,149,assign,0
285,27515.0,openat_www-data,151,assign,0
286,27515.0,openat_www-data,153,assign,0
287,27519.0,close_www-data,30,assign,0
288,27519.0,openat_www-data,154,assign,0
289,27519.0,openat_www-data,155,assign,0
290,27519.0,openat_www-data,157,assign,0
291,27519.0,openat_www-data,158,assign,0
292,27523.0,openat_www-data,159,assign,0
293,27523.0,close_www-data,30,assign,0
294,27523.0,openat_www-data,160,assign,0
295,27523.0,openat_www-data,161,assign,0
296,27527.0,close_www-data,31,assign,0
297,27527.0,openat_www-data,163,assign,0
298,27527.0,openat_www-data,165,assign,0
299,27527.0,openat_www-data,167,assign,0
300,27531.0,close_www-data,31,assign,0
301,27531.0,openat_www-data,169,assign,0
302,27531.0,openat_www-data,171,assign,0
303,27531.0,openat_www-data,173,assign,0
304,27535.0,close_www-data,32,assign,0
305,27535.0,openat_www-data,175,assign,0
306,27535.0,openat_www-data,177,assign,0
307,27535.0,openat_www-data,179,assign,0
308,27535.0,openat_www-data,181,assign,0
309,27539.0,openat_www-data,183,assign,0
310,27539.0,close_www-data,32,assign,0
311,27539.0,openat_www-data,185,assign,0
312,27539.0,openat_www-data,187,assign,0
313,27543.0,close_www-data,30,assign,0
314,27543.0,openat_www-data,189,assign,0
315,27543.0,openat_www-data,191,assign,0
316,27543.0,openat_www-data,193,assign,0
317,27543.0,openat_www-data,195,assign,0
318,27547.0,openat_www-data,197,assign,0
319,27547.0,close_www-data,32,assign,0
320,27547.0,openat_www-data,199,assign,0
321,27547.0,openat_www-data,200,assign,0
322,27547.0,openat_www-data,202,assign,0
323,27551.0,close_www-data,33,assign,0
324,27551.0,openat_www-data,204,assign,0
325,27551.0,openat_www-data,206,assign,0
326,27555.0,close_www-data,33,assign,0
327,27555.0,openat_www-data,208,assign,0
328,27555.0,openat_www-data,210,assign,0
329,27555.0,openat_www-data,212,assign,0
330,27555.0,openat_www-data,214,assign,0
331,27559.0,openat_www-data,216,assign,0
332,27559.0,close_www-data,34,assign,0
333,27559.0,openat_www-data,218,assign,0
334,27559.0,openat_www-data,219,assign,0
335,27559.0,openat_www-data,221,assign,0
336,27559.0,openat_www-data,223,assign,0
337,27563.0,close_www-data,34,assign,0
338,27563.0,openat_www-data,225,assign,0
339,27563.0,openat_www-data,227,assign,0
340,27563.0,close_www-data,35,assign,0
341,27563.0,openat_www-data,229,assign,0
342,27563.0,close_www-data,35,assign,0
343,27563.0,openat_www-data,231,assign,0
344,27567.0,close_www-data,36,assign,0
345,27567.0,openat_www-data,233,assign,0
346,27571.0,close_www-data,36,assign,0
347,27571.0,openat_www-data,235,assign,0
348,27571.0,openat_www-data,237,assign,0
349,27571.0,openat_www-data,239,assign,0
350,27571.0,openat_www-data,241,assign,0
351,27571.0,openat_www-data,243,assign,0
352,27575.0,close_www-data,37,assign,0
353,27575.0,openat_www-data,245,assign,0
354,27575.0,openat_www-data,246,assign,0
355,27575.0,openat_www-data,248,assign,0
356,27575.0,openat_www-data,250,assign,0
357,27579.0,close_www-data,37,assign,0
358,27579.0,openat_www-data,252,assign,0
359,27579.0,openat_www-data,254,assign,0
360,27579.0,openat_www-data,256,assign,0
361,27579.0,openat_www-data,258,assign,0
362,27583.0,close_www-data,38,assign,0
363,27583.0,openat_www-data,260,assign,0
364,27583.0,openat_www-data,262,assign,0
365,27583.0,openat_www-data,264,assign,0
366,27587.0,close_www-data,38,assign,0
367,27587.0,openat_www-data,266,assign,0
368,27587.0,openat_www-data,268,assign,0
369,27587.0,openat_www-data,270,assign,0
370,27591.0,openat_www-data,272,assign,0
371,27591.0,close_www-data,39,assign,0
372,27591.0,openat_www-data,274,assign,0
373,27591.0,openat_www-data,276,assign,0
374,27595.0,close_www-data,32,assign,0
375,27595.0,openat_www-data,278,assign,0
376,27595.0,openat_www-data,280,assign,0
377,27599.0,close_www-data,40,assign,0
378,27599.0,openat_www-data,282,assign,0
379,27599.0,openat_www-data,284,assign,0
380,27599.0,openat_www-data,286,assign,0
381,27599.0,openat_www-data,288,assign,0
382,27603.0,close_www-data,40,assign,0
383,27603.0,openat_www-data,290,assign,0
384,27603.0,openat_www-data,292,assign,0
385,27603.0,openat_www-data,294,assign,0
386,27603.0,openat_www-data,296,assign,0
387,27607.0,close_www-data,41,assign,0
388,27611.0,close_www-data,41,assign,0
389,27611.0,openat_www-data,298,assign,0
390,27611.0,close_www-data,42,assign,0
391,27611.0,openat_www-data,300,assign,0
392,27611.0,openat_www-data,302,assign,0
393,27611.0,openat_www-data,304,assign,0
394,27611.0,openat_www-data,305,assign,0
395,27611.0,openat_www-data,307,assign,0
396,27615.0,openat_www-data,309,assign,0
397,27615.0,close_www-data,42,assign,0
398,27615.0,openat_www-data,311,assign,0
399,27615.0,openat_www-data,313,assign,0
400,27615.0,openat_www-data,315,assign,0
401,27615.0,openat_www-data,317,assign,0
402,27615.0,openat_www-data,319,assign,0
403,27619.0,close_www-data,43,assign,0
404,27619.0,openat_www-data,321,assign,0
405,27619.0,openat_www-data,323,assign,0
406,27619.0,openat_www-data,325,assign,0
407,27619.0,openat_www-data,327,assign,0
408,27623.0,openat_www-data,329,assign,0
409,27623.0,close_www-data,43,assign,0
410,27623.0,openat_www-data,331,assign,0
411,27623.0,openat_www-data,333,assign,0
412,27627.0,openat_www-data,335,assign,0
413,27627.0,close_www-data,39,assign,0
414,27627.0,openat_www-data,337,assign,0
415,27627.0,openat_www-data,339,assign,0
416,27631.0,close_www-data,39,assign,0
417,27631.0,openat_www-data,341,assign,0
418,27631.0,openat_www-data,343,assign,0
419,27631.0,openat_www-data,345,assign,0
420,27631.0,openat_www-data,347,assign,0
421,27635.0,openat_www-data,349,assign,0
422,27635.0,close_www-data,44,assign,0
423,27635.0,openat_www-data,351,assign,0
424,27635.0,openat_www-data,353,assign,0
425,27635.0,openat_www-data,355,assign,0
426,27635.0,openat_www-data,357,assign,0
427,27635.0,close_www-data,45,assign,0
428,27635.0,close_www-data,46,assign,0
429,27635.0,openat_www-data,359,assign,0
430,27635.0,close_www-data,46,assign,0
431,27639.0,close_www-data,45,assign,0
432,27639.0,openat_www-data,361,assign,0
433,27639.0,openat_www-data,363,assign,0
434,27639.0,openat_www-data,365,assign,0
435,27643.0,close_www-data,47,assign,0
436,27647.0,close_www-data,45,assign,0
437,27647.0,openat_www-data,367,assign,0
438,27647.0,openat_www-data,369,assign,0
439,27647.0,openat_www-data,371,assign,0
440,27647.0,openat_www-data,373,assign,0
441,27647.0,openat_www-data,375,assign,0
442,27647.0,openat_www-data,377,assign,0
443,27651.0,close_www-data,47,assign,0
444,27651.0,openat_www-data,379,assign,0
445,27651.0,openat_www-data,381,assign,0
446,27651.0,openat_www-data,383,assign,0
447,27651.0,close_www-data,48,assign,0
448,27651.0,openat_www-data,385,assign,0
449,27655.0,openat_www-data,387,assign,0
450,27655.0,openat_www-data,389,assign,0
451,27655.0,close_www-data,48,assign,0
452,27655.0,openat_www-data,391,assign,0
453,27659.0,close_www-data,49,assign,0
454,27659.0,openat_www-data,393,assign,0
455,27659.0,openat_www-data,395,assign,0
456,27659.0,openat_www-data,397,assign,0
457,27659.0,openat_www-data,399,assign,0
458,27663.0,openat_www-data,401,assign,0
459,27663.0,close_www-data,50,assign,0
460,27663.0,openat_www-data,403,assign,0
461,27667.0,openat_www-data,405,assign,0
462,27667.0,close_www-data,47,assign,0
463,27667.0,openat_www-data,407,assign,0
464,27667.0,openat_www-data,409,assign,0
465,27667.0,openat_www-data,411,assign,0
466,27671.0,close_www-data,50,assign,0
467,27671.0,openat_www-data,413,assign,0
468,27671.0,openat_www-data,415,assign,0
469,27671.0,openat_www-data,417,assign,0
470,27671.0,close_www-data,51,assign,0
471,27671.0,openat_www-data,419,assign,0
472,27671.0,openat_www-data,421,assign,0
473,27671.0,openat_www-data,423,assign,0
474,27675.0,close_www-data,51,assign,0
475,27675.0,openat_www-data,425,assign,0
476,27679.0,openat_www-data,427,assign,0
477,27679.0,openat_www-data,429,assign,0
478,27679.0,close_www-data,51,assign,0
479,27679.0,openat_www-data,431,assign,0
480,27679.0,close_www-data,49,assign,0
481,27679.0,close_www-data,47,assign,0
482,27679.0,openat_www-data,433,assign,0
483,27679.0,close_www-data,51,assign,0
484,27679.0,openat_www-data,435,assign,0
485,27679.0,openat_www-data,437,assign,0
486,27683.0,close_www-data,49,assign,0
487,27683.0,openat_www-data,439,assign,0
488,27683.0,openat_www-data,441,assign,0
489,27683.0,openat_www-data,443,assign,0
490,27683.0,openat_www-data,445,assign,0
491,27687.0,close_www-data,52,assign,0
492,27687.0,openat_www-data,447,assign,0
493,27687.0,openat_www-data,449,assign,0
494,27687.0,openat_www-data,451,assign,0
495,27687.0,openat_www-data,453,assign,0
496,27691.0,openat_www-data,455,assign,0
497,27691.0,close_www-data,52,assign,0
498,27691.0,openat_www-data,457,assign,0
499,27691.0,close_www-data,52,assign,0
500,27691.0,openat_www-data,459,assign,0
501,27695.0,openat_www-data,461,assign,0
502,27695.0,openat_www-data,463,assign,0
503,27695.0,close_www-data,52,assign,0
504,27695.0,openat_www-data,465,assign,0
505,27695.0,openat_www-data,467,assign,0
506,27699.0,openat_www-data,469,assign,0
507,27699.0,close_www-data,53,assign,0
508,27699.0,openat_www-data,471,assign,0
509,27699.0,openat_www-data,473,assign,0
510,27703.0,close_www-data,53,assign,0
511,27703.0,openat_www-data,475,assign,0
512,27703.0,openat_www-data,477,assign,0
513,27703.0,openat_www-data,479,assign,0
514,27703.0,openat_www-data,481,assign,0
515,27707.0,close_www-data,52,assign,0
516,27707.0,openat_www-data,483,assign,0
517,27707.0,openat_www-data,485,assign,0
518,27707.0,openat_www-data,487,assign,0
519,27707.0,openat_www-data,489,assign,0
520,27711.0,openat_www-data,491,assign,0
521,27711.0,close_www-data,52,assign,0
522,27711.0,openat_www-data,493,assign,0
523,27711.0,openat_www-data,495,assign,0
524,27711.0,openat_www-data,497,assign,0
525,27715.0,close_www-data,53,assign,0
526,27715.0,openat_www-data,499,assign,0
527,27715.0,openat_www-data,501,assign,0
528,27715.0,openat_www-data,503,assign,0
529,27715.0,close_www-data,53,assign,0
530,27715.0,close_www-data,51,assign,0
531,27715.0,openat_www-data,505,assign,0
532,27715.0,close_www-data,52,assign,0
533,27715.0,openat_www-data,507,assign,0
534,27719.0,close_www-data,53,assign,0
535,27719.0,openat_www-data,509,assign,0
536,27719.0,openat_www-data,511,assign,0
537,27723.0,openat_www-data,513,assign,0
538,27723.0,close_www-data,52,assign,0
539,27723.0,openat_www-data,515,assign,0
540,27723.0,openat_www-data,517,assign,0
541,27723.0,openat_www-data,519,assign,0
542,27723.0,openat_www-data,521,assign,0
543,27727.0,close_www-data,52,assign,0
544,27727.0,openat_www-data,523,assign,0
545,27731.0,close_www-data,53,assign,0
546,27731.0,openat_www-data,525,assign,0
547,27731.0,openat_www-data,527,assign,0
548,27731.0,openat_www-data,529,assign,0
549,27731.0,close_www-data,52,assign,0
550,27735.0,openat_www-data,531,assign,0
551,27735.0,openat_www-data,533,assign,0
552,27735.0,close_www-data,52,assign,0
553,27735.0,openat_www-data,535,assign,0
554,27735.0,openat_www-data,537,assign,0
555,27735.0,openat_www-data,539,assign,0
556,27735.0,openat_www-data,541,assign,0
557,27739.0,close_www-data,52,assign,0
558,27739.0,openat_www-data,543,assign,0
559,27743.0,close_www-data,52,assign,0
560,27743.0,openat_www-data,545,assign,0
561,27743.0,openat_www-data,547,assign,0
562,27743.0,openat_www-data,549,assign,0
563,27743.0,openat_www-data,551,assign,0
564,27747.0,close_www-data,52,assign,0
565,27747.0,openat_www-data,553,assign,0
566,27747.0,openat_www-data,555,assign,0
567,27747.0,openat_www-data,557,assign,0
568,27747.0,openat_www-data,559,assign,0
569,27899.0,close_www-data,52,assign,0
570,27899.0,openat_www-data,561,assign,0
571,27899.0,close_www-data,52,assign,0
572,27899.0,openat_www-data,563,assign,0
573,27899.0,openat_www-data,565,assign,0
574,27899.0,openat_www-data,567,assign,0
575,27899.0,openat_www-data,569,assign,0
576,27899.0,openat_www-data,571,assign,0
577,27899.0,openat_www-data,573,assign,0
578,27899.0,close_www-data,52,assign,0
579,27899.0,close_www-data,52,assign,0
580,27899.0,openat_www-data,575,assign,0
581,27899.0,close_www-data,52,assign,0
582,27899.0,openat_www-data,577,assign,0
583,27903.0,openat_www-data,579,assign,0
584,27903.0,close_www-data,52,assign,0
585,27903.0,openat_www-data,581,assign,0
586,27903.0,openat_www-data,583,assign,0
587,27903.0,openat_www-data,585,assign,0
588,27903.0,openat_www-data,587,assign,0
589,27903.0,openat_www-data,589,assign,0
590,27903.0,openat_www-data,591,assign,0
591,27903.0,openat_www-data,593,assign,0
592,27907.0,close_www-data,52,assign,0
593,27907.0,openat_www-data,595,assign,0
594,27907.0,openat_www-data,597,assign,0
595,27907.0,openat_www-data,599,assign,0
596,27907.0,close_www-data,52,assign,0
597,27907.0,openat_www-data,601,assign,0
598,27915.0,openat_www-data,603,assign,0
599,27915.0,openat_www-data,605,assign,0
600,27915.0,close_www-data,52,assign,0
601,27915.0,openat_www-data,607,assign,0
602,27915.0,openat_www-data,609,assign,0
603,27915.0,openat_www-data,611,assign,0
604,27915.0,openat_www-data,613,assign,0
605,27915.0,openat_www-data,615,assign,0
606,27919.0,close_www-data,52,assign,0
607,27919.0,openat_www-data,617,assign,0
608,27919.0,openat_www-data,619,assign,0
609,27919.0,openat_www-data,621,assign,0
610,27919.0,openat_www-data,623,assign,0
611,27923.0,openat_www-data,625,assign,0
612,27923.0,close_www-data,52,assign,0
613,27923.0,openat_www-data,627,assign,0
614,27927.0,close_www-data,52,assign,0
615,27927.0,openat_www-data,629,assign,0
616,27927.0,openat_www-data,631,assign,0
617,27927.0,openat_www-data,633,assign,0
618,27927.0,close_www-data,52,assign,0
619,27927.0,openat_www-data,635,assign,0
620,27931.0,close_www-data,52,assign,0
621,27931.0,openat_www-data,637,assign,0
622,27931.0,openat_www-data,639,assign,0
623,27931.0,openat_www-data,641,assign,0
624,27931.0,openat_www-data,643,assign,0
625,27931.0,openat_www-data,645,assign,0
626,27931.0,close_www-data,52,assign,0
627,27931.0,close_www-data,52,assign,0
628,27931.0,openat_www-data,647,assign,0
629,27931.0,close_www-data,52,assign,0
630,27935.0,openat_www-data,649,assign,0
631,27935.0,close_www-data,52,assign,0
632,27935.0,openat_www-data,651,assign,0
633,27939.0,openat_www-data,653,assign,0
634,27939.0,close_www-data,52,assign,0
635,27939.0,openat_www-data,655,assign,0
636,27939.0,openat_www-data,657,assign,0
637,27939.0,openat_www-data,659,assign,0
638,27943.0,openat_www-data,661,assign,0
639,27943.0,close_www-data,52,assign,0
640,27943.0,openat_www-data,663,assign,0
641,27943.0,openat_www-data,665,assign,0
642,27943.0,openat_www-data,667,assign,0
643,27947.0,close_www-data,52,assign,0
644,27947.0,openat_www-data,669,assign,0
645,27947.0,openat_www-data,671,assign,0
646,27947.0,close_www-data,52,assign,0
647,27947.0,openat_www-data,673,assign,0
648,27951.0,openat_www-data,675,assign,0
649,27951.0,openat_www-data,677,assign,0
650,27951.0,close_www-data,52,assign,0
651,27951.0,openat_www-data,679,assign,0
652,27951.0,openat_www-data,681,assign,0
653,27951.0,openat_www-data,683,assign,0
654,27951.0,openat_www-data,685,assign,0
655,27955.0,close_www-data,52,assign,0
656,27955.0,openat_www-data,687,assign,0
657,27955.0,openat_www-data,689,assign,0
658,27959.0,close_www-data,52,assign,0
659,27959.0,openat_www-data,691,assign,0
660,27959.0,openat_www-data,693,assign,0
661,27959.0,openat_www-data,695,assign,0
662,27959.0,openat_www-data,697,assign,0
663,27963.0,close_www-data,52,assign,0
664,27963.0,openat_www-data,699,assign,0
665,27967.0,openat_www-data,701,assign,0
666,27967.0,close_www-data,52,assign,0
667,27967.0,openat_www-data,703,assign,0
668,27967.0,openat_www-data,705,assign,0
669,27967.0,close_www-data,52,assign,0
670,27967.0,openat_www-data,707,assign,0
671,27967.0,openat_www-data,709,assign,0
672,27971.0,openat_www-data,711,assign,0
673,27971.0,close_www-data,52,assign,0
674,27971.0,openat_www-data,713,assign,0
675,27971.0,openat_www-data,715,assign,0
676,27971.0,openat_www-data,717,assign,0
677,27971.0,close_www-data,52,assign,0
678,27971.0,close_www-data,52,assign,0
679,27971.0,openat_www-data,719,assign,0
680,27971.0,close_www-data,52,assign,0
681,27971.0,openat_www-data,721,assign,0
682,27975.0,openat_www-data,723,assign,0
683,27975.0,close_www-data,52,assign,0
684,27975.0,openat_www-data,725,assign,0
685,27975.0,openat_www-data,727,assign,0
686,27979.0,close_www-data,52,assign,0
687,27979.0,openat_www-data,729,assign,0
688,27979.0,openat_www-data,731,assign,0
689,27979.0,openat_www-data,733,assign,0
690,27983.0,close_www-data,52,assign,0
691,27983.0,openat_www-data,735,assign,0
692,27983.0,openat_www-data,737,assign,0
693,27987.0,close_www-data,52,assign,0
694,27987.0,openat_www-data,739,assign,0
695,27987.0,openat_www-data,741,assign,0
696,27987.0,openat_www-data,743,assign,0
697,27987.0,close_www-data,52,assign,0
698,27987.0,openat_www-data,745,assign,0
699,27991.0,openat_www-data,747,assign,0
700,27991.0,close_www-data,52,assign,0
701,27991.0,openat_www-data,749,assign,0
702,27991.0,openat_www-data,751,assign,0
703,27991.0,openat_www-data,753,assign,0
704,27991.0,openat_www-data,755,assign,0
705,27995.0,openat_www-data,757,assign,0
706,27995.0,close_www-data,52,assign,0
707,27995.0,openat_www-data,759,assign,0
708,27995.0,openat_www-data,761,assign,0
709,27999.0,close_www-data,52,assign,0
710,27999.0,openat_www-data,763,assign,0
711,27999.0,openat_www-data,765,assign,0
712,27999.0,openat_www-data,767,assign,0
713,28003.0,openat_www-data,769,assign,0
714,28003.0,close_www-data,52,assign,0
715,28003.0,openat_www-data,771,assign,0
716,28003.0,openat_www-data,773,assign,0
717,28007.0,close_www-data,52,assign,0
718,28007.0,openat_www-data,775,assign,0
719,28007.0,close_www-data,52,assign,0
720,28007.0,openat_www-data,777,assign,0
721,28007.0,openat_www-data,779,assign,0
722,28007.0,openat_www-data,781,assign,0
723,28007.0,openat_www-data,783,assign,0
724,28011.0,openat_www-data,785,assign,0
725,28011.0,close_www-data,52,assign,0
726,28011.0,openat_www-data,787,assign,0
727,28011.0,close_www-data,52,assign,0
728,28011.0,close_www-data,52,assign,0
729,28011.0,openat_www-data,789,assign,0
730,28011.0,close_www-data,52,assign,0
731,28011.0,openat_www-data,791,assign,0
732,28011.0,openat_www-data,793,assign,0
733,28019.0,close_www-data,52,assign,0
734,28019.0,openat_www-data,795,assign,0
735,28019.0,openat_www-data,797,assign,0
736,28019.0,openat_www-data,799,assign,0
737,28019.0,openat_www-data,801,assign,0
738,28019.0,openat_www-data,803,assign,0
739,28023.0,close_www-data,52,assign,0
740,28023.0,openat_www-data,805,assign,0
741,28023.0,openat_www-data,807,assign,0
742,28023.0,openat_www-data,809,assign,0
743,28023.0,openat_www-data,811,assign,0
744,28027.0,close_www-data,52,assign,0
745,28031.0,close_www-data,52,assign,0
746,28031.0,openat_www-data,813,assign,0
747,28031.0,close_www-data,52,assign,0
748,28031.0,openat_www-data,815,assign,0
749,28031.0,openat_www-data,817,assign,0
750,28031.0,openat_www-data,819,assign,0
751,28031.0,openat_www-data,821,assign,0
752,28035.0,close_www-data,52,assign,0
753,28035.0,openat_www-data,823,assign,0
754,28035.0,openat_www-data,825,assign,0
755,28035.0,openat_www-data,827,assign,0
756,28035.0,openat_www-data,829,assign,0
757,28039.0,close_www-data,52,assign,0
758,28039.0,openat_www-data,831,assign,0
759,28039.0,openat_www-data,833,assign,0
760,28039.0,openat_www-data,835,assign,0
761,28039.0,openat_www-data,837,assign,0
762,28039.0,openat_www-data,839,assign,0
763,28047.0,close_www-data,52,assign,0
764,28047.0,openat_www-data,841,assign,0
765,28047.0,openat_www-data,843,assign,0
766,28047.0,openat_www-data,845,assign,0
767,28047.0,close_www-data,52,assign,0
768,28047.0,openat_www-data,847,assign,0
769,28047.0,openat_www-data,849,assign,0
770,28047.0,openat_www-data,851,assign,0
771,28047.0,openat_www-data,853,assign,0
772,28051.0,openat_www-data,855,assign,0
773,28051.0,close_www-data,52,assign,0
774,28051.0,openat_www-data,857,assign,0
775,28051.0,close_www-data,52,assign,0
776,28051.0,close_www-data,52,assign,0
777,28051.0,openat_www-data,859,assign,0
778,28051.0,close_www-data,52,assign,0
779,28051.0,openat_www-data,861,assign,0
780,28055.0,close_www-data,52,assign,0
781,28055.0,openat_www-data,863,assign,0
782,28055.0,openat_www-data,865,assign,0
783,28055.0,openat_www-data,867,assign,0
784,28055.0,openat_www-data,869,assign,0
785,28059.0,close_www-data,52,assign,0
786,28059.0,openat_www-data,871,assign,0
787,28059.0,openat_www-data,873,assign,0
788,28063.0,close_www-data,52,assign,0
789,28063.0,openat_www-data,875,assign,0
790,28063.0,openat_www-data,877,assign,0
791,28063.0,openat_www-data,879,assign,0
792,28067.0,openat_www-data,881,assign,0
793,28067.0,close_www-data,52,assign,0
794,28067.0,openat_www-data,883,assign,0
795,28067.0,close_www-data,52,assign,0
796,28067.0,openat_www-data,885,assign,0
797,28071.0,openat_www-data,887,assign,0
798,28071.0,openat_www-data,889,assign,0
799,28071.0,close_www-data,52,assign,0
800,28071.0,openat_www-data,891,assign,0
801,28071.0,openat_www-data,893,assign,0
802,28071.0,openat_www-data,895,assign,0
803,28071.0,openat_www-data,897,assign,0
804,28075.0,close_www-data,52,assign,0
805,28075.0,openat_www-data,899,assign,0
806,28075.0,openat_www-data,901,assign,0
807,28075.0,openat_www-data,903,assign,0
808,28079.0,openat_www-data,905,assign,0
809,28079.0,close_www-data,52,assign,0
810,28079.0,openat_www-data,907,assign,0
811,28079.0,openat_www-data,909,assign,0
812,28079.0,openat_www-data,911,assign,0
813,28083.0,close_www-data,52,assign,0
814,28087.0,close_www-data,52,assign,0
815,28087.0,openat_www-data,913,assign,0
816,28087.0,openat_www-data,915,assign,0
817,28087.0,openat_www-data,917,assign,0
818,28087.0,close_www-data,52,assign,0
819,28087.0,openat_www-data,919,assign,0
820,28087.0,openat_www-data,921,assign,0
821,28087.0,openat_www-data,923,assign,0
822,28091.0,close_www-data,52,assign,0
823,28091.0,openat_www-data,925,assign,0
824,28091.0,openat_www-data,927,assign,0
825,28091.0,openat_www-data,929,assign,0
826,28091.0,close_www-data,52,assign,0
827,28091.0,close_www-data,52,assign,0
828,28091.0,openat_www-data,931,assign,0
829,28091.0,close_www-data,52,assign,0
830,28091.0,openat_www-data,933,assign,0
831,28091.0,openat_www-data,935,assign,0
832,28095.0,close_www-data,52,assign,0
833,28099.0,openat_www-data,937,assign,0
834,28099.0,close_www-data,52,assign,0
835,28099.0,openat_www-data,939,assign,0
836,28099.0,openat_www-data,941,assign,0
837,28099.0,openat_www-data,943,assign,0
838,28099.0,openat_www-data,945,assign,0
839,28099.0,openat_www-data,947,assign,0
840,28103.0,close_www-data,52,assign,0
841,28103.0,openat_www-data,949,assign,0
842,28103.0,openat_www-data,951,assign,0
843,28103.0,openat_www-data,953,assign,0
844,28107.0,close_www-data,52,assign,0
845,28107.0,openat_www-data,955,assign,0
846,28107.0,close_www-data,52,assign,0
847,28107.0,openat_www-data,957,assign,0
848,28111.0,openat_www-data,959,assign,0
849,28111.0,openat_www-data,961,assign,0
850,28111.0,close_www-data,52,assign,0
851,28111.0,openat_www-data,963,assign,0
852,28111.0,openat_www-data,965,assign,0
853,28111.0,openat_www-data,967,assign,0
854,28115.0,close_www-data,52,assign,0
855,28115.0,openat_www-data,969,assign,0
856,28115.0,openat_www-data,971,assign,0
857,28115.0,openat_www-data,973,assign,0
858,28119.0,close_www-data,52,assign,0
859,28119.0,openat_www-data,975,assign,0
860,28119.0,openat_www-data,977,assign,0
861,28119.0,openat_www-data,979,assign,0
862,28119.0,openat_www-data,981,assign,0
863,28123.0,close_www-data,52,assign,0
864,28123.0,openat_www-data,983,assign,0
865,28123.0,openat_www-data,985,assign,0
866,28123.0,openat_www-data,987,assign,0
867,28123.0,openat_www-data,989,assign,0
868,28127.0,close_www-data,52,assign,0
869,28127.0,openat_www-data,991,assign,0
870,28127.0,openat_www-data,993,assign,0
871,28131.0,close_www-data,52,assign,0
872,28131.0,openat_www-data,995,assign,0
873,28131.0,openat_www-data,997,assign,0
874,28131.0,openat_www-data,999,assign,0
875,28131.0,openat_www-data,1001,assign,0
876,28131.0,close_www-data,52,assign,0
877,28131.0,close_www-data,52,assign,0
878,28131.0,openat_www-data,1003,assign,0
879,28131.0,close_www-data,52,assign,0
880,28131.0,openat_www-data,1005,assign,0
881,28135.0,close_www-data,52,assign,0
882,28135.0,openat_www-data,1007,assign,0
883,28135.0,openat_www-data,1009,assign,0
884,28135.0,openat_www-data,1011,assign,0
885,28139.0,close_www-data,52,assign,0
886,28139.0,openat_www-data,1013,assign,0
887,28139.0,openat_www-data,1015,assign,0
888,28143.0,close_www-data,52,assign,0
889,28143.0,openat_www-data,1017,assign,0
890,28143.0,openat_www-data,1019,assign,0
891,28143.0,openat_www-data,1021,assign,0
892,28143.0,openat_www-data,1023,assign,0
893,28143.0,openat_www-data,1025,assign,0
894,28147.0,close_www-data,52,assign,0
895,28147.0,openat_www-data,1027,assign,0
896,28147.0,close_www-data,52,assign,0
897,28147.0,openat_www-data,1029,assign,0
898,28151.0,openat_www-data,1031,assign,0
899,28151.0,openat_www-data,1033,assign,0
900,28151.0,close_www-data,52,assign,0
901,28151.0,openat_www-data,1035,assign,0
902,28151.0,openat_www-data,1037,assign,0
903,28151.0,openat_www-data,1039,assign,0
904,28151.0,openat_www-data,1041,assign,0
905,28155.0,close_www-data,52,assign,0
906,28155.0,openat_www-data,1043,assign,0
907,28155.0,openat_www-data,1045,assign,0
908,28155.0,openat_www-data,1047,assign,0
909,28159.0,openat_www-data,1049,assign,0
910,28159.0,close_www-data,52,assign,0
911,28159.0,openat_www-data,1051,assign,0
912,28159.0,openat_www-data,1053,assign,0
913,28159.0,openat_www-data,1055,assign,0
914,28163.0,close_www-data,52,assign,0
915,28163.0,openat_www-data,1057,assign,0
916,28163.0,openat_www-data,1059,assign,0
917,28163.0,openat_www-data,1061,assign,0
918,28163.0,close_www-data,52,assign,0
919,28163.0,openat_www-data,1063,assign,0
920,28167.0,close_www-data,52,assign,0
921,28167.0,openat_www-data,1065,assign,0
922,28167.0,openat_www-data,1067,assign,0
923,28171.0,close_www-data,52,assign,0
924,28171.0,openat_www-data,1069,assign,0
925,28171.0,openat_www-data,1071,assign,0
926,28171.0,openat_www-data,1073,assign,0
927,28171.0,close_www-data,52,assign,0
928,28171.0,close_www-data,52,assign,0
929,28171.0,openat_www-data,1075,assign,0
930,28171.0,close_www-data,52,assign,0
931,28175.0,openat_www-data,1077,assign,0
932,28175.0,close_www-data,52,assign,0
933,28175.0,openat_www-data,1079,assign,0
934,28175.0,openat_www-data,1081,assign,0
935,28175.0,openat_www-data,1083,assign,0
936,28175.0,openat_www-data,1085,assign,0
937,28179.0,close_www-data,52,assign,0
938,28183.0,close_www-data,52,assign,0
939,28183.0,openat_www-data,1087,assign,0
940,28183.0,openat_www-data,1089,assign,0
941,28183.0,openat_www-data,1091,assign,0
942,28183.0,openat_www-data,1093,assign,0
943,28183.0,openat_www-data,1095,assign,0
944,28183.0,openat_www-data,1097,assign,0
945,28187.0,close_www-data,52,assign,0
946,28187.0,openat_www-data,1099,assign,0
947,28187.0,close_www-data,52,assign,0
948,28187.0,openat_www-data,1101,assign,0
949,28187.0,openat_www-data,1103,assign,0
950,28187.0,openat_www-data,1105,assign,0
951,28191.0,close_www-data,52,assign,0
952,28191.0,openat_www-data,1107,assign,0
953,28191.0,openat_www-data,1109,assign,0
954,28195.0,close_www-data,52,assign,0
955,28195.0,openat_www-data,1111,assign,0
956,28195.0,openat_www-data,1113,assign,0
957,28195.0,openat_www-data,1115,assign,0
958,28195.0,openat_www-data,1117,assign,0
959,28199.0,close_www-data,52,assign,0
960,28199.0,openat_www-data,1119,assign,0
961,28199.0,openat_www-data,1121,assign,0
962,28199.0,openat_www-data,1123,assign,0
963,28199.0,openat_www-data,1125,assign,0
964,28203.0,close_www-data,52,assign,0
965,28203.0,openat_www-data,1127,assign,0
966,28203.0,openat_www-data,1129,assign,0
967,28203.0,openat_www-data,1131,assign,0
968,28203.0,close_www-data,52,assign,0
969,28203.0,openat_www-data,1133,assign,0
970,28211.0,close_www-data,52,assign,0
971,28211.0,openat_www-data,1135,assign,0
972,28211.0,openat_www-data,1137,assign,0
973,28211.0,openat_www-data,1139,assign,0
974,28211.0,openat_www-data,1141,assign,0
975,28211.0,openat_www-data,1143,assign,0
976,28211.0,close_www-data,52,assign,0
977,28211.0,close_www-data,52,assign,0
978,28211.0,openat_www-data,1145,assign,0
979,28211.0,close_www-data,52,assign,0
980,28211.0,openat_www-data,1147,assign,0
981,28215.0,close_www-data,52,assign,0
982,28215.0,openat_www-data,1149,assign,0
983,28215.0,openat_www-data,1151,assign,0
984,28215.0,openat_www-data,1153,assign,0
985,28215.0,openat_www-data,1155,assign,0
986,28219.0,close_www-data,52,assign,0
987,28223.0,openat_www-data,1157,assign,0
988,28223.0,close_www-data,52,assign,0
989,28223.0,openat_www-data,1159,assign,0
990,28223.0,openat_www-data,1161,assign,0
991,28223.0,openat_www-data,1163,assign,0
992,28223.0,openat_www-data,1165,assign,0
993,28227.0,openat_www-data,1167,assign,0
994,28227.0,close_www-data,52,assign,0
995,28227.0,openat_www-data,1169,assign,0
996,28227.0,close_www-data,52,assign,0
997,28227.0,openat_www-data,1171,assign,0
998,28227.0,openat_www-data,1173,assign,0
999,28231.0,close_www-data,52,assign,0
1000,28231.0,openat_www-data,1175,assign,0
1001,28231.0,openat_www-data,1177,assign,0
1002,28231.0,openat_www-data,1179,assign,0
1003,28235.0,close_www-data,52,assign,0
1004,28235.0,openat_www-data,1181,assign,0
1005,28235.0,openat_www-data,1183,assign,0
1006,28235.0,openat_www-data,1185,assign,0
1007,28235.0,openat_www-data,1187,assign,0
1008,28239.0,close_www-data,52,assign,0
1009,28239.0,openat_www-data,1189,assign,0
1010,28239.0,openat_www-data,1191,assign,0
1011,28239.0,openat_www-data,1193,assign,0
1012,28239.0,openat_www-data,1195,assign,0
1013,28243.0,close_www-data,52,assign,0
1014,28247.0,close_www-data,52,assign,0
1015,28247.0,openat_www-data,1197,assign,0
1016,28247.0,openat_www-data,1199,assign,0
1017,28247.0,openat_www-data,1201,assign,0
1018,28247.0,close_www-data,52,assign,0
1019,28247.0,openat_www-data,1203,assign,0
1020,28247.0,openat_www-data,1205,assign,0
1021,28247.0,openat_www-data,1207,assign,0
1022,28247.0,openat_www-data,1209,assign,0
1023,28251.0,openat_www-data,1211,assign,0
1024,28251.0,close_www-data,52,assign,0
1025,28251.0,openat_www-data,1213,assign,0
1026,28251.0,close_www-data,52,assign,0
1027,28251.0,close_www-data,52,assign,0
1028,28251.0,openat_www-data,1215,assign,0
1029,28251.0,close_www-data,52,assign,0
1030,28255.0,openat_www-data,1217,assign,0
1031,28255.0,close_www-data,52,assign,0
1032,28255.0,openat_www-data,1219,assign,0
1033,28255.0,openat_www-data,1221,assign,0
1034,28255.0,openat_www-data,1223,assign,0
1035,28259.0,openat_www-data,1225,assign,0
1036,28259.0,close_www-data,52,assign,0
1037,28259.0,openat_www-data,1227,assign,0
1038,28259.0,openat_www-data,1229,assign,0
1039,28259.0,openat_www-data,1231,assign,0
1040,28263.0,close_www-data,52,assign,0
1041,28267.0,openat_www-data,1233,assign,0
1042,28267.0,close_www-data,52,assign,0
1043,28267.0,openat_www-data,1235,assign,0
1044,28267.0,openat_www-data,1237,assign,0
1045,28267.0,openat_www-data,1239,assign,0
1046,28267.0,close_www-data,52,assign,0
1047,28267.0,openat_www-data,1241,assign,0
1048,28267.0,openat_www-data,1243,assign,0
1049,28271.0,close_www-data,52,assign,0
1050,28271.0,openat_www-data,1245,assign,0
1051,28271.0,openat_www-data,1247,assign,0
1052,28271.0,openat_www-data,1249,assign,0
1053,28271.0,openat_www-data,1251,assign,0
1054,28275.0,openat_www-data,1253,assign,0
1055,28275.0,close_www-data,52,assign,0
1056,28279.0,openat_www-data,1255,assign,0
1057,28279.0,close_www-data,52,assign,0
1058,28279.0,openat_www-data,1257,assign,0
1059,28279.0,openat_www-data,1259,assign,0
1060,28279.0,openat_www-data,1261,assign,0
1061,28279.0,openat_www-data,1263,assign,0
1062,28283.0,close_www-data,52,assign,0
1063,28283.0,openat_www-data,1265,assign,0
1064,28283.0,openat_www-data,1267,assign,0
1065,28283.0,openat_www-data,1269,assign,0
1066,28287.0,close_www-data,52,assign,0
1067,28287.0,openat_www-data,1271,assign,0
1068,28287.0,close_www-data,52,assign,0
1069,28287.0,openat_www-data,1273,assign,0
1070,28287.0,openat_www-data,1275,assign,0
1071,28287.0,openat_www-data,1277,assign,0
1072,28287.0,openat_www-data,1279,assign,0
1073,28291.0,openat_www-data,1281,assign,0
1074,28291.0,close_www-data,52,assign,0
1075,28291.0,openat_www-data,1283,assign,0
1076,28291.0,close_www-data,52,assign,0
1077,28291.0,close_www-data,52,assign,0
1078,28291.0,openat_www-data,1285,assign,0
1079,28291.0,close_www-data,52,assign,0
1080,28291.0,openat_www-data,1287,assign,0
1081,28295.0,close_www-data,52,assign,0
1082,28295.0,openat_www-data,1289,assign,0
1083,28299.0,close_www-data,52,assign,0
1084,28299.0,openat_www-data,1291,assign,0
1085,28299.0,openat_www-data,1293,assign,0
1086,28299.0,openat_www-data,1295,assign,0
1087,28303.0,openat_www-data,1297,assign,0
1088,28303.0,close_www-data,52,assign,0
1089,28303.0,openat_www-data,1299,assign,0
1090,28303.0,openat_www-data,1301,assign,0
1091,28303.0,openat_www-data,1303,assign,0
1092,28307.0,close_www-data,52,assign,0
1093,28307.0,openat_www-data,1305,assign,0
1094,28307.0,openat_www-data,1307,assign,0
1095,28307.0,openat_www-data,1309,assign,0
1096,28307.0,close_www-data,52,assign,0
1097,28307.0,openat_www-data,1311,assign,0
1098,28307.0,openat_www-data,1313,assign,0
1099,28311.0,close_www-data,52,assign,0
1100,28311.0,openat_www-data,1315,assign,0
1101,28311.0,openat_www-data,1317,assign,0
1102,28315.0,openat_www-data,1319,assign,0
1103,28315.0,close_www-data,52,assign,0
1104,28315.0,openat_www-data,1321,assign,0
1105,28315.0,openat_www-data,1323,assign,0
1106,28315.0,openat_www-data,1325,assign,0
1107,28319.0,close_www-data,52,assign,0
1108,28319.0,openat_www-data,1327,assign,0
1109,28319.0,openat_www-data,1329,assign,0
1110,28319.0,openat_www-data,1331,assign,0
1111,28319.0,openat_www-data,1333,assign,0
1112,28323.0,openat_www-data,1335,assign,0
1113,28323.0,close_www-data,52,assign,0
1114,28323.0,openat_www-data,1337,assign,0
1115,28323.0,openat_www-data,1339,assign,0
1116,28327.0,close_www-data,52,assign,0
1117,28327.0,openat_www-data,1341,assign,0
1118,28327.0,close_www-data,52,assign,0
1119,28331.0,close_www-data,52,assign,0
1120,28331.0,openat_www-data,1343,assign,0
1121,28331.0,openat_www-data,1345,assign,0
1122,28331.0,openat_www-data,1347,assign,0
1123,28331.0,openat_www-data,1349,assign,0
1124,28331.0,openat_www-data,1351,assign,0
1125,28331.0,openat_www-data,1353,assign,0
1126,28331.0,close_www-data,52,assign,0
1127,28331.0,close_www-data,52,assign,0
1128,28331.0,openat_www-data,1355,assign,0
1129,28331.0,close_www-data,52,assign,0
1130,28331.0,openat_www-data,1357,assign,0
1131,28335.0,close_www-data,52,assign,0
1132,28335.0,openat_www-data,1359,assign,0
1133,28335.0,openat_www-data,1361,assign,0
1134,28339.0,openat_www-data,1363,assign,0
1135,28339.0,close_www-data,52,assign,0
1136,28339.0,openat_www-data,1365,assign,0
1137,28339.0,openat_www-data,1367,assign,0
1138,28339.0,openat_www-data,1369,assign,0
1139,28343.0,close_www-data,52,assign,0
1140,28343.0,openat_www-data,1371,assign,0
1141,28343.0,openat_www-data,1373,assign,0
1142,28347.0,close_www-data,52,assign,0
1143,28347.0,openat_www-data,1375,assign,0
1144,28347.0,openat_www-data,1377,assign,0
1145,28347.0,openat_www-data,1379,assign,0
1146,28347.0,close_www-data,52,assign,0
1147,28351.0,openat_www-data,1381,assign,0
1148,28351.0,openat_www-data,1383,assign,0
1149,28351.0,close_www-data,52,assign,0
1150,28351.0,openat_www-data,1385,assign,0
1151,28351.0,openat_www-data,1387,assign,0
1152,28351.0,openat_www-data,1389,assign,0
1153,28355.0,close_www-data,52,assign,0
1154,28355.0,openat_www-data,1391,assign,0
1155,28355.0,openat_www-data,1393,assign,0
1156,28355.0,openat_www-data,1395,assign,0
1157,28359.0,close_www-data,52,assign,0
1158,28359.0,openat_www-data,1397,assign,0
1159,28359.0,openat_www-data,1399,assign,0
1160,28359.0,openat_www-data,1401,assign,0
1161,28359.0,openat_www-data,1403,assign,0
1162,28363.0,close_www-data,52,assign,0
1163,28363.0,openat_www-data,1405,assign,0
1164,28367.0,openat_www-data,1407,assign,0
1165,28367.0,close_www-data,52,assign,0
1166,28367.0,openat_www-data,1409,assign,0
1167,28367.0,openat_www-data,1411,assign,0
1168,28367.0,close_www-data,52,assign,0
1169,28367.0,openat_www-data,1413,assign,0
1170,28367.0,openat_www-data,1415,assign,0
1171,28367.0,openat_www-data,1417,assign,0
1172,28371.0,close_www-data,52,assign,0
1173,28371.0,openat_www-data,1419,assign,0
1174,28371.0,openat_www-data,1421,assign,0
1175,28371.0,openat_www-data,1423,assign,0
1176,28371.0,close_www-data,52,assign,0
1177,28371.0,close_www-data,52,assign,0
1178,28371.0,openat_www-data,1425,assign,0
1179,28371.0,close_www-data,52,assign,0
1180,28371.0,openat_www-data,1427,assign,0
1181,28375.0,close_www-data,52,assign,0
1182,28375.0,openat_www-data,1429,assign,0
1183,28375.0,openat_www-data,1431,assign,0
1184,28375.0,openat_www-data,1433,assign,0
1185,28379.0,close_www-data,52,assign,0
1186,28383.0,close_www-data,52,assign,0
1187,28383.0,openat_www-data,1435,assign,0
1188,28383.0,openat_www-data,1437,assign,0
1189,28383.0,openat_www-data,1439,assign,0
1190,28383.0,openat_www-data,1441,assign,0
1191,28383.0,openat_www-data,1443,assign,0
1192,28383.0,openat_www-data,1445,assign,0
1193,28387.0,close_www-data,52,assign,0
1194,28387.0,openat_www-data,1447,assign,0
1195,28387.0,openat_www-data,1449,assign,0
1196,28387.0,close_www-data,52,assign,0
1197,28387.0,openat_www-data,1451,assign,0
1198,28387.0,openat_www-data,1453,assign,0
1199,28391.0,close_www-data,52,assign,0
1200,28391.0,openat_www-data,1455,assign,0
1201,28395.0,close_www-data,52,assign,0
1202,28395.0,openat_www-data,1457,assign,0
1203,28395.0,openat_www-data,1459,assign,0
1204,28395.0,openat_www-data,1461,assign,0
1205,28395.0,openat_www-data,1463,assign,0
1206,28399.0,openat_www-data,1465,assign,0
1207,28399.0,close_www-data,52,assign,0
1208,28399.0,openat_www-data,1467,assign,0
1209,28399.0,openat_www-data,1469,assign,0
1210,28403.0,close_www-data,52,assign,0
1211,28403.0,openat_www-data,1471,assign,0
1212,28403.0,openat_www-data,1473,assign,0
1213,28403.0,openat_www-data,1475,assign,0
1214,28403.0,openat_www-data,1477,assign,0
1215,28403.0,openat_www-data,1479,assign,0
1216,28407.0,close_www-data,52,assign,0
1217,28407.0,openat_www-data,1481,assign,0
1218,28407.0,close_www-data,52,assign,0
1219,28407.0,openat_www-data,1483,assign,0
1220,28407.0,openat_www-data,1485,assign,0
1221,28407.0,openat_www-data,1487,assign,0
1222,28407.0,openat_www-data,1489,assign,0
1223,28411.0,openat_www-data,1491,assign,0
1224,28411.0,openat_www-data,1493,assign,0
1225,28411.0,close_www-data,52,assign,0
1226,28415.0,openat_www-data,1495,assign,0
1227,28415.0,close_www-data,52,assign,0
1228,28415.0,close_www-data,52,assign,0
1229,28415.0,openat_www-data,1497,assign,0
1230,28415.0,close_www-data,52,assign,0
1231,28415.0,openat_www-data,1499,assign,0
1232,28415.0,openat_www-data,1501,assign,0
1233,28419.0,close_www-data,52,assign,0
1234,28419.0,openat_www-data,1503,assign,0
1235,28419.0,openat_www-data,1505,assign,0
1236,28419.0,openat_www-data,1507,assign,0
1237,28423.0,close_www-data,52,assign,0
1238,28423.0,openat_www-data,1509,assign,0
1239,28423.0,openat_www-data,1511,assign,0
1240,28423.0,openat_www-data,1513,assign,0
1241,28423.0,openat_www-data,1515,assign,0
1242,28423.0,openat_www-data,1517,assign,0
1243,28427.0,openat_www-data,1519,assign,0
1244,28427.0,close_www-data,52,assign,0
1245,28431.0,close_www-data,52,assign,0
1246,28431.0,openat_www-data,1521,assign,0
1247,28431.0,close_www-data,52,assign,0
1248,28431.0,openat_www-data,1523,assign,0
1249,28431.0,openat_www-data,1525,assign,0
1250,28431.0,openat_www-data,1527,assign,0
1251,28431.0,openat_www-data,1529,assign,0
1252,28435.0,close_www-data,52,assign,0
1253,28435.0,openat_www-data,1531,assign,0
1254,28435.0,openat_www-data,1533,assign,0
1255,28435.0,openat_www-data,1535,assign,0
1256,28439.0,close_www-data,52,assign,0
1257,28439.0,openat_www-data,1537,assign,0
1258,28439.0,openat_www-data,1539,assign,0
1259,28439.0,openat_www-data,1541,assign,0
1260,28439.0,openat_www-data,1543,assign,0
1261,28439.0,openat_www-data,1545,assign,0
1262,28443.0,close_www-data,52,assign,0
1263,28443.0,openat_www-data,1547,assign,0
1264,28443.0,openat_www-data,1549,assign,0
1265,28443.0,openat_www-data,1551,assign,0
1266,28447.0,close_www-data,52,assign,0
1267,28447.0,openat_www-data,1553,assign,0
1268,28447.0,close_www-data,52,assign,0
1269,28447.0,openat_www-data,1555,assign,0
1270,28447.0,openat_www-data,1557,assign,0
1271,28447.0,openat_www-data,1559,assign,0
1272,28447.0,openat_www-data,1561,assign,0
1273,28451.0,openat_www-data,1563,assign,0
1274,28451.0,openat_www-data,1565,assign,0
1275,28451.0,close_www-data,52,assign,0
1276,28451.0,openat_www-data,1567,assign,0
1277,28451.0,close_www-data,52,assign,0
1278,28455.0,close_www-data,52,assign,0
1279,28455.0,openat_www-data,1569,assign,0
1280,28455.0,close_www-data,52,assign,0
1281,28455.0,openat_www-data,1571,assign,0
1282,28455.0,openat_www-data,1573,assign,0
1283,28455.0,openat_www-data,1575,assign,0
1284,28459.0,close_www-data,52,assign,0
1285,28459.0,openat_www-data,1577,assign,0
1286,28459.0,openat_www-data,1579,assign,0
1287,28459.0,openat_www-data,1581,assign,0
1288,28463.0,openat_www-data,1583,assign,0
1289,28463.0,close_www-data,52,assign,0
1290,28567.0,openat_www-data,1585,assign,0
1291,28567.0,close_www-data,52,assign,0
1292,28615.0,openat_www-data,1587,assign,0
1293,28615.0,close_www-data,52,assign,0
1294,28615.0,openat_www-data,1589,assign,0
1295,28615.0,openat_www-data,1591,assign,0
1296,28615.0,openat_www-data,1593,assign,0
1297,28615.0,close_www-data,52,assign,0
1298,28615.0,openat_www-data,1595,assign,0
1299,28619.0,openat_www-data,1597,assign,0
1300,28619.0,close_www-data,52,assign,0
1301,28619.0,openat_www-data,1599,assign,0
1302,28619.0,openat_www-data,1601,assign,0
1303,28619.0,openat_www-data,1603,assign,0
1304,28619.0,openat_www-data,1605,assign,0
1305,28619.0,openat_www-data,1607,assign,0
1306,28619.0,openat_www-data,1609,assign,0
1307,28619.0,openat_www-data,1611,assign,0
1308,28619.0,openat_www-data,1613,assign,0
1309,28623.0,close_www-data,52,assign,0
1310,28623.0,openat_www-data,1615,assign,0
1311,28623.0,openat_www-data,1617,assign,0
1312,28623.0,openat_www-data,1619,assign,0
1313,28623.0,openat_www-data,1621,assign,0
1314,28627.0,openat_www-data,1623,assign,0
1315,28627.0,close_www-data,52,assign,0
1316,28627.0,openat_www-data,1625,assign,0
1317,28627.0,close_www-data,52,assign,0
1318,28627.0,openat_www-data,1627,assign,0
1319,28627.0,openat_www-data,1628,assign,0
1320,28627.0,openat_www-data,1629,assign,0
1321,28631.0,close_www-data,52,assign,0
1322,28631.0,openat_www-data,1631,assign,0
1323,28631.0,openat_www-data,1633,assign,0
1324,28631.0,openat_www-data,1635,assign,0
1325,28631.0,close_www-data,52,assign,0
1326,28631.0,close_www-data,52,assign,0
1327,28631.0,openat_www-data,1637,assign,0
1328,28631.0,close_www-data,52,assign,0
1329,28635.0,close_www-data,52,assign,0
1330,28635.0,openat_www-data,1639,assign,0
1331,28635.0,openat_www-data,1641,assign,0
1332,28639.0,openat_www-data,1643,assign,0
1333,28639.0,close_www-data,52,assign,0
1334,28639.0,openat_www-data,1645,assign,0
1335,28639.0,openat_www-data,1647,assign,0
1336,28639.0,openat_www-data,1649,assign,0
1337,28643.0,close_www-data,52,assign,0
1338,28643.0,openat_www-data,1651,assign,0
1339,28643.0,openat_www-data,1653,assign,0
1340,28643.0,openat_www-data,1655,assign,0
1341,28647.0,openat_www-data,1657,assign,0
1342,28647.0,close_www-data,52,assign,0
1343,28647.0,openat_www-data,1659,assign,0
1344,28647.0,openat_www-data,1661,assign,0
1345,28647.0,close_www-data,52,assign,0
1346,28647.0,openat_www-data,1663,assign,0
1347,28655.0,openat_www-data,1665,assign,0
1348,28655.0,openat_www-data,1667,assign,0
1349,28655.0,close_www-data,52,assign,0
1350,28655.0,openat_www-data,1669,assign,0
1351,28655.0,openat_www-data,1671,assign,0
1352,28655.0,openat_www-data,1673,assign,0
1353,28655.0,openat_www-data,1675,assign,0
1354,28655.0,openat_www-data,1677,assign,0
1355,28659.0,openat_www-data,1679,assign,0
1356,28659.0,close_www-data,52,assign,0
1357,28659.0,openat_www-data,1681,assign,0
1358,28659.0,openat_www-data,1683,assign,0
1359,28659.0,openat_www-data,1685,assign,0
1360,28663.0,close_www-data,52,assign,0
1361,28663.0,openat_www-data,1687,assign,0
1362,28663.0,openat_www-data,1689,assign,0
1363,28667.0,close_www-data,52,assign,0
1364,28667.0,openat_www-data,1691,assign,0
1365,28667.0,openat_www-data,1693,assign,0
1366,28667.0,openat_www-data,1695,assign,0
1367,28667.0,close_www-data,52,assign,0
1368,28667.0,openat_www-data,1697,assign,0
1369,28667.0,openat_www-data,1699,assign,0
1370,28671.0,close_www-data,52,assign,0
1371,28671.0,openat_www-data,1701,assign,0
1372,28671.0,openat_www-data,1703,assign,0
1373,28671.0,openat_www-data,1705,assign,0
1374,28671.0,openat_www-data,1707,assign,0
1375,28671.0,close_www-data,52,assign,0
1376,28671.0,close_www-data,52,assign,0
1377,28675.0,close_www-data,52,assign,0
1378,28675.0,openat_www-data,1709,assign,0
1379,28675.0,close_www-data,52,assign,0
1380,28675.0,openat_www-data,1711,assign,0
1381,28675.0,openat_www-data,1713,assign,0
1382,28675.0,openat_www-data,1715,assign,0
1383,28675.0,openat_www-data,1717,assign,0
1384,28679.0,openat_www-data,1719,assign,0
1385,28679.0,close_www-data,52,assign,0
1386,28679.0,openat_www-data,1721,assign,0
1387,28679.0,openat_www-data,1723,assign,0
1388,28679.0,openat_www-data,1725,assign,0
1389,28679.0,openat_www-data,1727,assign,0
1390,28679.0,openat_www-data,1729,assign,0
1391,28683.0,close_www-data,52,assign,0
1392,28683.0,openat_www-data,1731,assign,0
1393,28683.0,openat_www-data,1733,assign,0
1394,28683.0,close_www-data,52,assign,0
1395,28683.0,openat_www-data,1735,assign,0
1396,28683.0,openat_www-data,1737,assign,0
1397,28683.0,openat_www-data,1739,assign,0
1398,28683.0,openat_www-data,1741,assign,0
1399,28687.0,openat_www-data,1743,assign,0
1400,28687.0,close_www-data,52,assign,0
1401,28687.0,openat_www-data,1745,assign,0
1402,28687.0,openat_www-data,1747,assign,0
1403,28687.0,openat_www-data,1749,assign,0
1404,28687.0,openat_www-data,1751,assign,0
1405,28691.0,close_www-data,52,assign,0
1406,28691.0,openat_www-data,1753,assign,0
1407,28691.0,openat_www-data,1755,assign,0
1408,28691.0,openat_www-data,1757,assign,0
1409,28691.0,openat_www-data,1759,assign,0
1410,28691.0,openat_www-data,1761,assign,0
1411,28691.0,openat_www-data,1763,assign,0
1412,28695.0,close_www-data,52,assign,0
1413,28695.0,openat_www-data,1765,assign,0
1414,28695.0,close_www-data,52,assign,0
1415,28695.0,openat_www-data,1767,assign,0
1416,28695.0,openat_www-data,1769,assign,0
1417,28695.0,openat_www-data,1771,assign,0
1418,28695.0,openat_www-data,1773,assign,0
1419,28695.0,openat_www-data,1775,assign,0
1420,28699.0,openat_www-data,1777,assign,0
1421,28699.0,close_www-data,52,assign,0
1422,28699.0,close_www-data,52,assign,0
1423,28699.0,openat_www-data,1779,assign,0
1424,28699.0,close_www-data,52,assign,0
1425,28699.0,openat_www-data,1781,assign,0
1426,28699.0,openat_www-data,1783,assign,0
1427,28699.0,openat_www-data,1785,assign,0
1428,28699.0,openat_www-data,1787,assign,0
1429,28703.0,openat_www-data,1789,assign,0
1430,28703.0,close_www-data,52,assign,0
1431,28703.0,openat_www-data,1791,assign,0
1432,28703.0,openat_www-data,1793,assign,0
1433,28703.0,openat_www-data,1795,assign,0
1434,28703.0,openat_www-data,1797,assign,0
1435,28703.0,openat_www-data,1799,assign,0
1436,28707.0,openat_www-data,1801,assign,0
1437,28707.0,close_www-data,52,assign,0
1438,28707.0,openat_www-data,1803,assign,0
1439,28707.0,close_www-data,52,assign,0
1440,28707.0,openat_www-data,1805,assign,0
1441,28707.0,openat_www-data,1807,assign,0
1442,28707.0,openat_www-data,1809,assign,0
1443,28707.0,openat_www-data,1811,assign,0
1444,28707.0,openat_www-data,1813,assign,0
1445,28711.0,close_www-data,52,assign,0
1446,28711.0,openat_www-data,1815,assign,0
1447,28711.0,openat_www-data,1817,assign,0
1448,28711.0,openat_www-data,1819,assign,0
1449,28711.0,openat_www-data,1821,assign,0
1450,28711.0,openat_www-data,1823,assign,0
1451,28715.0,close_www-data,52,assign,0
1452,28715.0,openat_www-data,1825,assign,0
1453,28715.0,openat_www-data,1827,assign,0
1454,28715.0,openat_www-data,1829,assign,0
1455,28715.0,openat_www-data,1831,assign,0
1456,28715.0,openat_www-data,1833,assign,0
1457,28719.0,close_www-data,52,assign,0
1458,28719.0,openat_www-data,1835,assign,0
1459,28719.0,close_www-data,52,assign,0
1460,28719.0,openat_www-data,1837,assign,0
1461,28719.0,openat_www-data,1839,assign,0
1462,28719.0,openat_www-data,1841,assign,0
1463,28719.0,openat_www-data,1843,assign,0
1464,28719.0,openat_www-data,1845,assign,0
1465,28723.0,close_www-data,52,assign,0
1466,28723.0,openat_www-data,1847,assign,0
1467,28723.0,close_www-data,52,assign,0
1468,28723.0,close_www-data,52,assign,0
1469,28723.0,openat_www-data,1849,assign,0
1470,28723.0,close_www-data,52,assign,0
1471,28723.0,openat_www-data,1851,assign,0
1472,28723.0,openat_www-data,1853,assign,0
1473,28723.0,openat_www-data,1855,assign,0
1474,28727.0,openat_www-data,1857,assign,0
1475,28727.0,close_www-data,52,assign,0
1476,28727.0,openat_www-data,1859,assign,0
1477,28727.0,openat_www-data,1861,assign,0
1478,28727.0,openat_www-data,1863,assign,0
1479,28727.0,openat_www-data,1865,assign,0
1480,28731.0,openat_www-data,1867,assign,0
1481,28731.0,close_www-data,52,assign,0
1482,28731.0,openat_www-data,1869,assign,0
1483,28731.0,openat_www-data,1871,assign,0
1484,28731.0,openat_www-data,1873,assign,0
1485,28731.0,close_www-data,52,assign,0
1486,28731.0,openat_www-data,1875,assign,0
1487,28735.0,openat_www-data,1877,assign,0
1488,28735.0,openat_www-data,1879,assign,0
1489,28735.0,close_www-data,52,assign,0
1490,28735.0,openat_www-data,1881,assign,0
1491,28735.0,openat_www-data,1883,assign,0
1492,28735.0,openat_www-data,1885,assign,0
1493,28735.0,openat_www-data,1887,assign,0
1494,28735.0,openat_www-data,1889,assign,0
1495,28739.0,openat_www-data,1891,assign,0
1496,28739.0,close_www-data,52,assign,0
1497,28739.0,openat_www-data,1893,assign,0
1498,28739.0,openat_www-data,1895,assign,0
1499,28739.0,openat_www-data,1897,assign,0
1500,28739.0,openat_www-data,1899,assign,0
1501,28743.0,close_www-data,52,assign,0
1502,28743.0,openat_www-data,1901,assign,0
1503,28743.0,openat_www-data,1903,assign,0
1504,28743.0,openat_www-data,1905,assign,0
1505,28743.0,openat_www-data,1907,assign,0
1506,28743.0,close_www-data,52,assign,0
1507,28743.0,openat_www-data,1909,assign,0
1508,28743.0,openat_www-data,1911,assign,0
1509,28747.0,close_www-data,52,assign,0
1510,28747.0,openat_www-data,1913,assign,0
1511,28747.0,openat_www-data,1915,assign,0
1512,28747.0,openat_www-data,1917,assign,0
1513,28747.0,openat_www-data,1919,assign,0
1514,28747.0,close_www-data,52,assign,0
1515,28747.0,close_www-data,52,assign,0
1516,28747.0,openat_www-data,1921,assign,0
1517,28747.0,close_www-data,52,assign,0
1518,28747.0,openat_www-data,1923,assign,0
1519,28751.0,close_www-data,52,assign,0
1520,28751.0,openat_www-data,1925,assign,0
1521,28751.0,openat_www-data,1927,assign,0
1522,28751.0,openat_www-data,1929,assign,0
1523,28751.0,openat_www-data,1931,assign,0
1524,28751.0,openat_www-data,1933,assign,0
1525,28755.0,close_www-data,52,assign,0
1526,28755.0,openat_www-data,1935,assign,0
1527,28755.0,openat_www-data,1937,assign,0
1528,28755.0,openat_www-data,1939,assign,0
1529,28755.0,openat_www-data,1941,assign,0
1530,28755.0,openat_www-data,1943,assign,0
1531,28759.0,close_www-data,52,assign,0
1532,28759.0,openat_www-data,1945,assign,0
1533,28759.0,close_www-data,52,assign,0
1534,28759.0,openat_www-data,1947,assign,0
1535,28759.0,openat_www-data,1949,assign,0
1536,28759.0,openat_www-data,1951,assign,0
1537,28759.0,openat_www-data,1953,assign,0
1538,28759.0,openat_www-data,1955,assign,0
1539,28763.0,close_www-data,52,assign,0
1540,28763.0,openat_www-data,1957,assign,0
1541,28763.0,openat_www-data,1959,assign,0
1542,28763.0,openat_www-data,1961,assign,0
1543,28763.0,openat_www-data,1963,assign,0
1544,28763.0,openat_www-data,1965,assign,0
1545,28763.0,openat_www-data,1967,assign,0
1546,28767.0,close_www-data,52,assign,0
1547,28767.0,openat_www-data,1969,assign,0
1548,28767.0,openat_www-data,1971,assign,0
1549,28767.0,openat_www-data,1973,assign,0
1550,28767.0,openat_www-data,1975,assign,0
1551,28771.0,close_www-data,52,assign,0
1552,28771.0,openat_www-data,1977,assign,0
1553,28771.0,close_www-data,52,assign,0
1554,28771.0,openat_www-data,1979,assign,0
1555,28771.0,openat_www-data,1981,assign,0
1556,28771.0,openat_www-data,1983,assign,0
1557,28771.0,openat_www-data,1985,assign,0
1558,28771.0,openat_www-data,1987,assign,0
1559,28771.0,openat_www-data,1989,assign,0
1560,28771.0,close_www-data,52,assign,0
1561,28771.0,close_www-data,52,assign,0
1562,28775.0,close_www-data,52,assign,0
1563,28775.0,openat_www-data,1991,assign,0
1564,28775.0,close_www-data,52,assign,0
1565,28775.0,openat_www-data,1993,assign,0
1566,28775.0,openat_www-data,1995,assign,0
1567,28775.0,openat_www-data,1997,assign,0
1568,28775.0,openat_www-data,1999,assign,0
1569,28775.0,openat_www-data,2001,assign,0
1570,28779.0,close_www-data,52,assign,0
1571,28779.0,openat_www-data,2003,assign,0
1572,28779.0,openat_www-data,2005,assign,0
1573,28779.0,openat_www-data,2007,assign,0
1574,28779.0,openat_www-data,2009,assign,0
1575,28783.0,openat_www-data,2011,assign,0
1576,28783.0,close_www-data,52,assign,0
1577,28783.0,openat_www-data,2013,assign,0
1578,28783.0,openat_www-data,2015,assign,0
1579,28783.0,close_www-data,52,assign,0
1580,28783.0,openat_www-data,2017,assign,0
1581,28783.0,openat_www-data,2019,assign,0
1582,28783.0,openat_www-data,2021,assign,0
1583,28787.0,close_www-data,52,assign,0
1584,28787.0,openat_www-data,2023,assign,0
1585,28787.0,openat_www-data,2025,assign,0
1586,28787.0,openat_www-data,2027,assign,0
1587,28787.0,openat_www-data,2029,assign,0
1588,28787.0,openat_www-data,2031,assign,0
1589,28787.0,openat_www-data,2033,assign,0
1590,28791.0,close_www-data,52,assign,0
1591,28791.0,openat_www-data,2035,assign,0
1592,28791.0,openat_www-data,2037,assign,0
1593,28791.0,openat_www-data,2039,assign,0
1594,28791.0,openat_www-data,2041,assign,0
1595,28795.0,openat_www-data,2043,assign,0
1596,28795.0,close_www-data,52,assign,0
1597,28795.0,openat_www-data,2045,assign,0
1598,28795.0,openat_www-data,2047,assign,0
1599,28795.0,close_www-data,52,assign,0
1600,28795.0,openat_www-data,2049,assign,0
1601,28795.0,openat_www-data,2051,assign,0
1602,28795.0,openat_www-data,2053,assign,0
1603,28795.0,openat_www-data,2055,assign,0
1604,28799.0,openat_www-data,2057,assign,0
1605,28799.0,openat_www-data,2059,assign,0
1606,28799.0,close_www-data,52,assign,0
1607,28799.0,openat_www-data,2061,assign,0
1608,28799.0,close_www-data,52,assign,0
1609,28799.0,close_www-data,52,assign,0
1610,28799.0,openat_www-data,2063,assign,0
1611,28799.0,close_www-data,52,assign,0
1612,28799.0,openat_www-data,2065,assign,0
1613,28799.0,openat_www-data,2067,assign,0
1614,28799.0,openat_www-data,2069,assign,0
1615,28803.0,close_www-data,52,assign,0
1616,28803.0,openat_www-data,2071,assign,0
1617,28803.0,openat_www-data,2073,assign,0
1618,28803.0,openat_www-data,2075,assign,0
1619,28803.0,openat_www-data,2077,assign,0
1620,28803.0,openat_www-data,2079,assign,0
1621,28807.0,close_www-data,52,assign,0
1622,28807.0,openat_www-data,2081,assign,0
1623,28807.0,openat_www-data,2083,assign,0
1624,28807.0,openat_www-data,2085,assign,0
1625,28807.0,openat_www-data,2087,assign,0
1626,28807.0,close_www-data,52,assign,0
1627,28807.0,openat_www-data,2089,assign,0
1628,28811.0,openat_www-data,2091,assign,0
1629,28811.0,close_www-data,52,assign,0
1630,28811.0,openat_www-data,2093,assign,0
1631,28811.0,openat_www-data,2095,assign,0
1632,28811.0,openat_www-data,2097,assign,0
1633,28811.0,openat_www-data,2099,assign,0
1634,28811.0,openat_www-data,2101,assign,0
1635,28815.0,close_www-data,52,assign,0
1636,28815.0,openat_www-data,2103,assign,0
1637,28815.0,openat_www-data,2105,assign,0
1638,28815.0,openat_www-data,2107,assign,0
1639,28815.0,openat_www-data,2109,assign,0
1640,28815.0,openat_www-data,2111,assign,0
1641,28819.0,openat_www-data,2113,assign,0
1642,28819.0,close_www-data,52,assign,0
1643,28819.0,openat_www-data,2115,assign,0
1644,28819.0,openat_www-data,2117,assign,0
1645,28819.0,openat_www-data,2119,assign,0
1646,28819.0,close_www-data,52,assign,0
1647,28819.0,openat_www-data,2121,assign,0
1648,28819.0,openat_www-data,2123,assign,0
1649,28823.0,openat_www-data,2125,assign,0
1650,28823.0,close_www-data,52,assign,0
1651,28823.0,openat_www-data,2127,assign,0
1652,28823.0,openat_www-data,2129,assign,0
1653,28823.0,openat_www-data,2131,assign,0
1654,28823.0,close_www-data,52,assign,0
1655,28823.0,close_www-data,52,assign,0
1656,28823.0,openat_www-data,2133,assign,0
1657,28823.0,close_www-data,52,assign,0
1658,28823.0,openat_www-data,2135,assign,0
1659,28827.0,openat_www-data,2137,assign,0
1660,28827.0,close_www-data,52,assign,0
1661,28827.0,openat_www-data,2139,assign,0
1662,28827.0,openat_www-data,2141,assign,0
1663,28827.0,openat_www-data,2143,assign,0
1664,28827.0,openat_www-data,2145,assign,0
1665,28827.0,openat_www-data,2147,assign,0
1666,28831.0,close_www-data,52,assign,0
1667,28831.0,openat_www-data,2149,assign,0
1668,28831.0,openat_www-data,2151,assign,0
1669,28831.0,openat_www-data,2153,assign,0
1670,28831.0,openat_www-data,2155,assign,0
1671,28835.0,close_www-data,52,assign,0
1672,28835.0,openat_www-data,2157,assign,0
1673,28835.0,close_www-data,52,assign,0
1674,28835.0,openat_www-data,2159,assign,0
1675,28835.0,openat_www-data,2161,assign,0
1676,28835.0,openat_www-data,2163,assign,0
1677,28835.0,openat_www-data,2165,assign,0
1678,28835.0,openat_www-data,2167,assign,0
1679,28835.0,openat_www-data,2169,assign,0
1680,28839.0,close_www-data,52,assign,0
1681,28839.0,openat_www-data,2171,assign,0
1682,28839.0,openat_www-data,2173,assign,0
1683,28839.0,openat_www-data,2175,assign,0
1684,28839.0,openat_www-data,2177,assign,0
1685,28839.0,openat_www-data,2179,assign,0
1686,28843.0,openat_www-data,2181,assign,0
1687,28843.0,close_www-data,52,assign,0
1688,28843.0,openat_www-data,2183,assign,0
1689,28843.0,openat_www-data,2185,assign,0
1690,28843.0,openat_www-data,2187,assign,0
1691,28843.0,openat_www-data,2189,assign,0
1692,28843.0,close_www-data,52,assign,0
1693,28843.0,openat_www-data,2191,assign,0
1694,28843.0,openat_www-data,2193,assign,0
1695,28843.0,openat_www-data,2195,assign,0
1696,28843.0,openat_www-data,2197,assign,0
1697,28843.0,openat_www-data,2199,assign,0
1698,28843.0,openat_www-data,2201,assign,0
1699,28843.0,close_www-data,52,assign,0
1700,28843.0,close_www-data,52,assign,0
1701,28843.0,openat_www-data,2203,assign,0
1702,28847.0,close_www-data,52,assign,0
1703,28847.0,close_www-data,52,assign,0
1704,28847.0,openat_www-data,2205,assign,0
1705,28847.0,openat_www-data,2207,assign,0
1706,28847.0,openat_www-data,2209,assign,0
1707,28847.0,openat_www-data,2211,assign,0
1708,28847.0,openat_www-data,2213,assign,0
1709,28847.0,openat_www-data,2215,assign,0
1710,28847.0,openat_www-data,2217,assign,0
1711,28847.0,openat_www-data,2219,assign,0
1712,28847.0,openat_www-data,2221,assign,0
1713,28847.0,openat_www-data,2223,assign,0
1714,28847.0,openat_www-data,2225,assign,0
1715,28851.0,close_www-data,52,assign,0
1716,28851.0,openat_www-data,2227,assign,0
1717,28851.0,close_www-data,52,assign,0
1718,28851.0,openat_www-data,2229,assign,0
1719,28851.0,openat_www-data,2231,assign,0
1720,28851.0,openat_www-data,2233,assign,0
1721,28851.0,openat_www-data,2235,assign,0
1722,28851.0,openat_www-data,2237,assign,0
1723,28855.0,close_www-data,52,assign,0
1724,28855.0,openat_www-data,2239,assign,0
1725,28855.0,openat_www-data,2241,assign,0
1726,28855.0,openat_www-data,2243,assign,0
1727,28855.0,openat_www-data,2245,assign,0
1728,28855.0,openat_www-data,2247,assign,0
1729,28855.0,openat_www-data,2249,assign,0
1730,28859.0,close_www-data,52,assign,0
1731,28859.0,openat_www-data,2251,assign,0
1732,28859.0,openat_www-data,2253,assign,0
1733,28859.0,openat_www-data,2255,assign,0
1734,28859.0,openat_www-data,2257,assign,0
1735,28859.0,openat_www-data,2259,assign,0
1736,28859.0,close_www-data,52,assign,0
1737,28859.0,openat_www-data,2261,assign,0
1738,28859.0,openat_www-data,2263,assign,0
1739,28863.0,openat_www-data,2265,assign,0
1740,28863.0,close_www-data,52,assign,0
1741,28863.0,openat_www-data,2267,assign,0
1742,28863.0,openat_www-data,2269,assign,0
1743,28863.0,openat_www-data,2271,assign,0
1744,28863.0,close_www-data,52,assign,0
1745,28863.0,close_www-data,52,assign,0
1746,28863.0,openat_www-data,2273,assign,0
1747,28863.0,close_www-data,52,assign,0
1748,28867.0,openat_www-data,2275,assign,0
1749,28867.0,close_www-data,52,assign,0
1750,28867.0,openat_www-data,2277,assign,0
1751,28867.0,openat_www-data,2279,assign,0
1752,28867.0,openat_www-data,2281,assign,0
1753,28867.0,openat_www-data,2283,assign,0
1754,28867.0,openat_www-data,2285,assign,0
1755,28871.0,openat_www-data,2287,assign,0
1756,28871.0,close_www-data,52,assign,0
1757,28871.0,openat_www-data,2289,assign,0
1758,28871.0,openat_www-data,2291,assign,0
1759,28871.0,openat_www-data,2293,assign,0
1760,28871.0,openat_www-data,2295,assign,0
1761,28871.0,openat_www-data,2297,assign,0
1762,28871.0,close_www-data,52,assign,0
1763,28871.0,openat_www-data,2299,assign,0
1764,28875.0,openat_www-data,2301,assign,0
1765,28875.0,openat_www-data,2303,assign,0
1766,28875.0,close_www-data,52,assign,0
1767,28875.0,openat_www-data,2305,assign,0
1768,28875.0,openat_www-data,2307,assign,0
1769,28875.0,openat_www-data,2309,assign,0
1770,28875.0,openat_www-data,2311,assign,0
1771,28879.0,close_www-data,52,assign,0
1772,28879.0,openat_www-data,2313,assign,0
1773,28879.0,openat_www-data,2315,assign,0
1774,28879.0,openat_www-data,2317,assign,0
1775,28879.0,openat_www-data,2319,assign,0
1776,28879.0,openat_www-data,2321,assign,0
1777,28883.0,openat_www-data,2323,assign,0
1778,28883.0,close_www-data,52,assign,0
1779,28883.0,openat_www-data,2325,assign,0
1780,28883.0,openat_www-data,2327,assign,0
1781,28883.0,openat_www-data,2329,assign,0
1782,28883.0,openat_www-data,2331,assign,0
1783,28883.0,close_www-data,52,assign,0
1784,28883.0,openat_www-data,2333,assign,0
1785,28887.0,close_www-data,52,assign,0
1786,28887.0,openat_www-data,2335,assign,0
1787,28887.0,openat_www-data,2337,assign,0
1788,28887.0,openat_www-data,2339,assign,0
1789,28887.0,openat_www-data,2341,assign,0
1790,28887.0,openat_www-data,2343,assign,0
1791,28887.0,close_www-data,52,assign,0
1792,28887.0,close_www-data,52,assign,0
1793,28887.0,openat_www-data,2345,assign,0
1794,28887.0,close_www-data,52,assign,0
1795,28887.0,openat_www-data,2347,assign,0
1796,28887.0,openat_www-data,2349,assign,0
1797,28891.0,close_www-data,52,assign,0
1798,28891.0,openat_www-data,2351,assign,0
1799,28891.0,openat_www-data,2353,assign,0
1800,28891.0,openat_www-data,2355,assign,0
1801,28891.0,openat_www-data,2357,assign,0
1802,28895.0,openat_www-data,2359,assign,0
1803,28895.0,close_www-data,52,assign,0
1804,28895.0,openat_www-data,2361,assign,0
1805,28895.0,openat_www-data,2363,assign,0
1806,28895.0,openat_www-data,2365,assign,0
1807,28895.0,openat_www-data,2367,assign,0
1808,28895.0,openat_www-data,2369,assign,0
1809,28895.0,close_www-data,52,assign,0
1810,28895.0,openat_www-data,2371,assign,0
1811,28899.0,openat_www-data,2373,assign,0
1812,28899.0,openat_www-data,2375,assign,0
1813,28899.0,close_www-data,52,assign,0
1814,28899.0,openat_www-data,2377,assign,0
1815,28899.0,openat_www-data,2379,assign,0
1816,28899.0,openat_www-data,2381,assign,0
1817,28899.0,openat_www-data,2383,assign,0
1818,28903.0,openat_www-data,2385,assign,0
1819,28903.0,close_www-data,52,assign,0
1820,28903.0,openat_www-data,2387,assign,0
1821,28903.0,openat_www-data,2389,assign,0
1822,28903.0,openat_www-data,2391,assign,0
1823,28907.0,close_www-data,52,assign,0
1824,28907.0,openat_www-data,2393,assign,0
1825,28907.0,openat_www-data,2395,assign,0
1826,28907.0,openat_www-data,2397,assign,0
1827,28907.0,openat_www-data,2399,assign,0
1828,28907.0,openat_www-data,2401,assign,0
1829,28907.0,openat_www-data,2403,assign,0
1830,28907.0,close_www-data,52,assign,0
1831,28907.0,openat_www-data,2405,assign,0
1832,28907.0,openat_www-data,2407,assign,0
1833,28907.0,openat_www-data,2409,assign,0
1834,28911.0,close_www-data,52,assign,0
1835,28911.0,openat_www-data,2411,assign,0
1836,28911.0,openat_www-data,2413,assign,0
1837,28911.0,openat_www-data,2415,assign,0
1838,28911.0,close_www-data,52,assign,0
1839,28911.0,close_www-data,52,assign,0
1840,28911.0,openat_www-data,2417,assign,0
1841,28911.0,close_www-data,52,assign,0
1842,28911.0,openat_www-data,2419,assign,0
1843,28915.0,openat_www-data,2421,assign,0
1844,28915.0,close_www-data,52,assign,0
1845,28915.0,openat_www-data,2423,assign,0
1846,28915.0,openat_www-data,2425,assign,0
1847,28915.0,openat_www-data,2427,assign,0
1848,28915.0,openat_www-data,2429,assign,0
1849,28919.0,openat_www-data,2431,assign,0
1850,28919.0,close_www-data,52,assign,0
1851,28919.0,openat_www-data,2433,assign,0
1852,28919.0,openat_www-data,2435,assign,0
1853,28919.0,openat_www-data,2437,assign,0
1854,28919.0,openat_www-data,2439,assign,0
1855,28919.0,openat_www-data,2441,assign,0
1856,28919.0,close_www-data,52,assign,0
1857,28923.0,close_www-data,52,assign,0
1858,28923.0,openat_www-data,2443,assign,0
1859,28923.0,openat_www-data,2445,assign,0
1860,28923.0,openat_www-data,2447,assign,0
1861,28927.0,close_www-data,52,assign,0
1862,28927.0,openat_www-data,2449,assign,0
1863,28927.0,openat_www-data,2451,assign,0
1864,28927.0,openat_www-data,2453,assign,0
1865,28927.0,openat_www-data,2455,assign,0
1866,28927.0,openat_www-data,2457,assign,0
1867,28927.0,openat_www-data,2459,assign,0
1868,28931.0,openat_www-data,2461,assign,0
1869,28931.0,close_www-data,52,assign,0
1870,28931.0,openat_www-data,2463,assign,0
1871,28931.0,openat_www-data,2465,assign,0
1872,28931.0,openat_www-data,2467,assign,0
1873,28931.0,openat_www-data,2469,assign,0
1874,28931.0,openat_www-data,2471,assign,0
1875,28931.0,openat_www-data,2473,assign,0
1876,28931.0,close_www-data,52,assign,0
1877,28935.0,openat_www-data,2475,assign,0
1878,28935.0,close_www-data,52,assign,0
1879,28935.0,openat_www-data,2477,assign,0
1880,28935.0,openat_www-data,2479,assign,0
1881,28935.0,openat_www-data,2481,assign,0
1882,28935.0,openat_www-data,2483,assign,0
1883,28935.0,openat_www-data,2485,assign,0
1884,28935.0,close_www-data,52,assign,0
1885,28935.0,close_www-data,52,assign,0
1886,28935.0,openat_www-data,2487,assign,0
1887,28935.0,close_www-data,52,assign,0
1888,28935.0,openat_www-data,2489,assign,0
1889,28935.0,openat_www-data,2491,assign,0
1890,28939.0,close_www-data,52,assign,0
1891,28939.0,openat_www-data,2493,assign,0
1892,28939.0,openat_www-data,2495,assign,0
1893,28939.0,openat_www-data,2497,assign,0
1894,28939.0,openat_www-data,2499,assign,0
1895,28939.0,openat_www-data,2501,assign,0
1896,28943.0,openat_www-data,2503,assign,0
1897,28943.0,close_www-data,52,assign,0
1898,28943.0,openat_www-data,2505,assign,0
1899,28943.0,openat_www-data,2507,assign,0
1900,28943.0,openat_www-data,2509,assign,0
1901,28947.0,close_www-data,52,assign,0
1902,28947.0,openat_www-data,2511,assign,0
1903,28947.0,close_www-data,52,assign,0
1904,28947.0,openat_www-data,2513,assign,0
1905,28947.0,openat_www-data,2515,assign,0
1906,28947.0,openat_www-data,2517,assign,0
1907,28947.0,openat_www-data,2519,assign,0
1908,28947.0,openat_www-data,2521,assign,0
1909,28947.0,openat_www-data,2523,assign,0
1910,28947.0,openat_www-data,2525,assign,0
1911,28951.0,close_www-data,52,assign,0
1912,28951.0,openat_www-data,2527,assign,0
1913,28951.0,openat_www-data,2529,assign,0
1914,28951.0,openat_www-data,2531,assign,0
1915,28951.0,openat_www-data,2533,assign,0
1916,28955.0,close_www-data,52,assign,0
1917,28955.0,openat_www-data,2535,assign,0
1918,28955.0,openat_www-data,2537,assign,0
1919,28955.0,openat_www-data,2539,assign,0
1920,28955.0,openat_www-data,2541,assign,0
1921,28955.0,openat_www-data,2543,assign,0
1922,28955.0,close_www-data,52,assign,0
1923,28955.0,openat_www-data,2545,assign,0
1924,28959.0,close_www-data,52,assign,0
1925,28959.0,openat_www-data,2547,assign,0
1926,28959.0,openat_www-data,2549,assign,0
1927,28959.0,openat_www-data,2551,assign,0
1928,28959.0,openat_www-data,2553,assign,0
1929,28959.0,openat_www-data,2555,assign,0
1930,28959.0,close_www-data,52,assign,0
1931,28959.0,close_www-data,52,assign,0
1932,28959.0,openat_www-data,2557,assign,0
1933,28959.0,close_www-data,52,assign,0
1934,28959.0,openat_www-data,2559,assign,0
1935,28963.0,close_www-data,52,assign,0
1936,28963.0,openat_www-data,2561,assign,0
1937,28963.0,openat_www-data,2563,assign,0
1938,28963.0,openat_www-data,2565,assign,0
1939,28963.0,openat_www-data,2567,assign,0
1940,28967.0,openat_www-data,2569,assign,0
1941,28967.0,close_www-data,52,assign,0
1942,28967.0,openat_www-data,2571,assign,0
1943,28967.0,openat_www-data,2573,assign,0
1944,28967.0,openat_www-data,2575,assign,0
1945,28967.0,openat_www-data,2577,assign,0
1946,28971.0,openat_www-data,2579,assign,0
1947,28971.0,close_www-data,52,assign,0
1948,28971.0,openat_www-data,2581,assign,0
1949,28971.0,close_www-data,52,assign,0
1950,28971.0,openat_www-data,2583,assign,0
1951,28971.0,openat_www-data,2585,assign,0
1952,28971.0,openat_www-data,2587,assign,0
1953,28971.0,openat_www-data,2589,assign,0
1954,28971.0,openat_www-data,2591,assign,0
1955,28975.0,openat_www-data,2593,assign,0
1956,28975.0,close_www-data,52,assign,0
1957,28975.0,openat_www-data,2595,assign,0
1958,28975.0,openat_www-data,2597,assign,0
1959,28975.0,openat_www-data,2599,assign,0
1960,28975.0,openat_www-data,2601,assign,0
1961,28975.0,openat_www-data,2603,assign,0
1962,28979.0,openat_www-data,2605,assign,0
1963,28979.0,close_www-data,52,assign,0
1964,28979.0,openat_www-data,2607,assign,0
1965,28979.0,openat_www-data,2609,assign,0
1966,28979.0,openat_www-data,2611,assign,0
1967,28979.0,openat_www-data,2613,assign,0
1968,28979.0,close_www-data,52,assign,0
1969,28979.0,openat_www-data,2615,assign,0
1970,28983.0,close_www-data,52,assign,0
1971,28983.0,openat_www-data,2617,assign,0
1972,28983.0,openat_www-data,2619,assign,0
1973,28983.0,openat_www-data,2621,assign,0
1974,28983.0,openat_www-data,2623,assign,0
1975,28983.0,openat_www-data,2625,assign,0
1976,28983.0,close_www-data,52,assign,0
1977,28983.0,close_www-data,52,assign,0
1978,28983.0,openat_www-data,2627,assign,0
1979,28983.0,close_www-data,52,assign,0
1980,28983.0,openat_www-data,2629,assign,0
1981,28987.0,close_www-data,52,assign,0
1982,28987.0,openat_www-data,2631,assign,0
1983,28987.0,openat_www-data,2633,assign,0
1984,28987.0,openat_www-data,2635,assign,0
1985,28987.0,openat_www-data,2637,assign,0
1986,28987.0,openat_www-data,2639,assign,0
1987,28991.0,close_www-data,52,assign,0
1988,28991.0,openat_www-data,2641,assign,0
1989,28991.0,openat_www-data,2643,assign,0
1990,28991.0,openat_www-data,2645,assign,0
1991,28991.0,openat_www-data,2647,assign,0
1992,28991.0,openat_www-data,2649,assign,0
1993,28991.0,openat_www-data,2651,assign,0
1994,28991.0,close_www-data,52,assign,0
1995,28995.0,close_www-data,52,assign,0
1996,28995.0,openat_www-data,2653,assign,0
1997,28999.0,openat_www-data,2655,assign,0
1998,28999.0,close_www-data,52,assign,0
1999,28999.0,openat_www-data,2657,assign,0
2000,28999.0,openat_www-data,2659,assign,0
2001,28999.0,openat_www-data,2661,assign,0
2002,28999.0,openat_www-data,2663,assign,0
2003,28999.0,openat_www-data,2665,assign,0
2004,28999.0,openat_www-data,2667,assign,0
2005,28999.0,openat_www-data,2669,assign,0
2006,28999.0,openat_www-data,2671,assign,0
2007,29003.0,close_www-data,52,assign,0
2008,29003.0,openat_www-data,2673,assign,0
2009,29003.0,openat_www-data,2675,assign,0
2010,29003.0,openat_www-data,2677,assign,0
2011,29003.0,openat_www-data,2679,assign,0
2012,29003.0,openat_www-data,2681,assign,0
2013,29003.0,openat_www-data,2683,assign,0
2014,29003.0,close_www-data,52,assign,0
2015,29003.0,openat_www-data,2685,assign,0
2016,29007.0,close_www-data,52,assign,0
2017,29007.0,openat_www-data,2687,assign,0
2018,29007.0,openat_www-data,2689,assign,0
2019,29007.0,openat_www-data,2691,assign,0
2020,29007.0,openat_www-data,2693,assign,0
2021,29011.0,openat_www-data,2695,assign,0
2022,29011.0,close_www-data,52,assign,0
2023,29011.0,close_www-data,52,assign,0
2024,29011.0,openat_www-data,2697,assign,0
2025,29011.0,close_www-data,52,assign,0
2026,29011.0,openat_www-data,2699,assign,0
2027,29011.0,openat_www-data,2701,assign,0
2028,29011.0,openat_www-data,2703,assign,0
2029,29011.0,openat_www-data,2705,assign,0
2030,29011.0,openat_www-data,2707,assign,0
2031,29015.0,close_www-data,52,assign,0
2032,29015.0,openat_www-data,2709,assign,0
2033,29015.0,openat_www-data,2711,assign,0
2034,29015.0,openat_www-data,2713,assign,0
2035,29015.0,openat_www-data,2715,assign,0
2036,29019.0,close_www-data,52,assign,0
2037,29019.0,openat_www-data,2717,assign,0
2038,29019.0,openat_www-data,2719,assign,0
2039,29019.0,openat_www-data,2721,assign,0
2040,29019.0,close_www-data,52,assign,0
2041,29019.0,openat_www-data,2723,assign,0
2042,29019.0,openat_www-data,2725,assign,0
2043,29019.0,openat_www-data,2727,assign,0
2044,29019.0,openat_www-data,2729,assign,0
2045,29019.0,openat_www-data,2731,assign,0
2046,29023.0,openat_www-data,2733,assign,0
2047,29023.0,close_www-data,52,assign,0
2048,29023.0,openat_www-data,2735,assign,0
2049,29023.0,openat_www-data,2737,assign,0
2050,29023.0,openat_www-data,2739,assign,0
2051,29027.0,close_www-data,52,assign,0
2052,29027.0,openat_www-data,2740,assign,0
2053,29027.0,openat_www-data,2742,assign,0
2054,29027.0,openat_www-data,2744,assign,0
2055,29027.0,openat_www-data,2746,assign,0
2056,29027.0,openat_www-data,2748,assign,0
2057,29027.0,openat_www-data,2750,assign,0
2058,29031.0,close_www-data,52,assign,0
2059,29031.0,openat_www-data,2752,assign,0
2060,29031.0,close_www-data,52,assign,0
2061,29031.0,openat_www-data,2754,assign,0
2062,29031.0,openat_www-data,2756,assign,0
2063,29031.0,openat_www-data,2758,assign,0
2064,29031.0,openat_www-data,2760,assign,0
2065,29031.0,openat_www-data,2762,assign,0
2066,29031.0,openat_www-data,2764,assign,0
2067,29031.0,close_www-data,52,assign,0
2068,29031.0,close_www-data,52,assign,0
2069,29031.0,openat_www-data,2766,assign,0
2070,29031.0,close_www-data,52,assign,0
2071,29031.0,openat_www-data,2768,assign,0
2072,29035.0,close_www-data,52,assign,0
2073,29035.0,openat_www-data,2770,assign,0
2074,29035.0,openat_www-data,2772,assign,0
2075,29035.0,openat_www-data,2774,assign,0
2076,29035.0,openat_www-data,2776,assign,0
2077,29035.0,openat_www-data,2778,assign,0
2078,29039.0,openat_www-data,2780,assign,0
2079,29039.0,close_www-data,52,assign,0
2080,29039.0,openat_www-data,2782,assign,0
2081,29039.0,openat_www-data,2784,assign,0
2082,29039.0,openat_www-data,2786,assign,0
2083,29039.0,openat_www-data,2788,assign,0
2084,29043.0,close_www-data,52,assign,0
2085,29043.0,openat_www-data,2790,assign,0
2086,29043.0,close_www-data,52,assign,0
2087,29043.0,openat_www-data,2792,assign,0
2088,29043.0,openat_www-data,2794,assign,0
2089,29043.0,openat_www-data,2796,assign,0
2090,29043.0,openat_www-data,2798,assign,0
2091,29043.0,openat_www-data,2800,assign,0
2092,29047.0,close_www-data,52,assign,0
2093,29047.0,openat_www-data,2802,assign,0
2094,29047.0,openat_www-data,2804,assign,0
2095,29047.0,openat_www-data,2806,assign,0
2096,29047.0,openat_www-data,2808,assign,0
2097,29047.0,openat_www-data,2810,assign,0
2098,29047.0,openat_www-data,2812,assign,0
2099,29051.0,close_www-data,52,assign,0
2100,29051.0,openat_www-data,2814,assign,0
2101,29051.0,openat_www-data,2816,assign,0
2102,29051.0,openat_www-data,2818,assign,0
2103,29051.0,openat_www-data,2820,assign,0
2104,29051.0,openat_www-data,2822,assign,0
2105,29051.0,close_www-data,52,assign,0
2106,29055.0,openat_www-data,2824,assign,0
2107,29055.0,close_www-data,52,assign,0
2108,29055.0,openat_www-data,2826,assign,0
2109,29055.0,openat_www-data,2828,assign,0
2110,29055.0,openat_www-data,2830,assign,0
2111,29055.0,openat_www-data,2832,assign,0
2112,29055.0,openat_www-data,2834,assign,0
2113,29055.0,close_www-data,52,assign,0
2114,29055.0,close_www-data,52,assign,0
2115,29055.0,openat_www-data,2836,assign,0
2116,29055.0,close_www-data,52,assign,0
2117,29059.0,close_www-data,52,assign,0
2118,29059.0,openat_www-data,2838,assign,0
2119,29059.0,openat_www-data,2840,assign,0
2120,29059.0,openat_www-data,2842,assign,0
2121,29059.0,openat_www-data,2844,assign,0
2122,29059.0,openat_www-data,2846,assign,0
2123,29059.0,openat_www-data,2848,assign,0
2124,29063.0,openat_www-data,2850,assign,0
2125,29063.0,close_www-data,52,assign,0
2126,29063.0,openat_www-data,2852,assign,0
2127,29063.0,openat_www-data,2854,assign,0
2128,29063.0,openat_www-data,2856,assign,0
2129,29063.0,openat_www-data,2858,assign,0
2130,29067.0,close_www-data,52,assign,0
2131,29067.0,openat_www-data,2860,assign,0
2132,29067.0,close_www-data,52,assign,0
2133,29067.0,openat_www-data,2862,assign,0
2134,29067.0,openat_www-data,2864,assign,0
2135,29067.0,openat_www-data,2866,assign,0
2136,29067.0,openat_www-data,2868,assign,0
2137,29067.0,openat_www-data,2870,assign,0
2138,29071.0,close_www-data,52,assign,0
2139,29071.0,openat_www-data,2872,assign,0
2140,29071.0,openat_www-data,2874,assign,0
2141,29071.0,openat_www-data,2876,assign,0
2142,29071.0,openat_www-data,2878,assign,0
2143,29071.0,openat_www-data,2880,assign,0
2144,29071.0,openat_www-data,2882,assign,0
2145,29075.0,close_www-data,52,assign,0
2146,29075.0,openat_www-data,2884,assign,0
2147,29075.0,openat_www-data,2886,assign,0
2148,29079.0,openat_www-data,2888,assign,0
2149,29079.0,close_www-data,52,assign,0
2150,29079.0,openat_www-data,2890,assign,0
2151,29079.0,openat_www-data,2892,assign,0
2152,29079.0,close_www-data,52,assign,0
2153,29079.0,openat_www-data,2894,assign,0
2154,29079.0,openat_www-data,2896,assign,0
2155,29079.0,openat_www-data,2898,assign,0
2156,29079.0,openat_www-data,2900,assign,0
2157,29079.0,openat_www-data,2902,assign,0
2158,29079.0,openat_www-data,2904,assign,0
2159,29079.0,close_www-data,52,assign,0
2160,29079.0,close_www-data,52,assign,0
2161,29079.0,openat_www-data,2906,assign,0
2162,29079.0,close_www-data,52,assign,0
2163,29079.0,openat_www-data,2908,assign,0
2164,29083.0,close_www-data,52,assign,0
2165,29083.0,openat_www-data,2910,assign,0
2166,29083.0,openat_www-data,2912,assign,0
2167,29083.0,openat_www-data,2914,assign,0
2168,29083.0,openat_www-data,2916,assign,0
2169,29087.0,openat_www-data,2918,assign,0
2170,29087.0,close_www-data,52,assign,0
2171,29087.0,openat_www-data,2920,assign,0
2172,29087.0,openat_www-data,2922,assign,0
2173,29087.0,openat_www-data,2924,assign,0
2174,29091.0,close_www-data,52,assign,0
2175,29091.0,openat_www-data,2926,assign,0
2176,29091.0,openat_www-data,2928,assign,0
2177,29091.0,openat_www-data,2930,assign,0
2178,29091.0,close_www-data,52,assign,0
2179,29091.0,openat_www-data,2932,assign,0
2180,29095.0,openat_www-data,2934,assign,0
2181,29095.0,openat_www-data,2936,assign,0
2182,29095.0,close_www-data,52,assign,0
2183,29095.0,openat_www-data,2938,assign,0
2184,29095.0,openat_www-data,2940,assign,0
2185,29095.0,openat_www-data,2942,assign,0
2186,29095.0,openat_www-data,2944,assign,0
2187,29095.0,openat_www-data,2946,assign,0
2188,29095.0,openat_www-data,2948,assign,0
2189,29095.0,openat_www-data,2950,assign,0
2190,29099.0,close_www-data,52,assign,0
2191,29099.0,openat_www-data,2952,assign,0
2192,29099.0,openat_www-data,2954,assign,0
2193,29099.0,openat_www-data,2956,assign,0
2194,29099.0,openat_www-data,2958,assign,0
2195,29103.0,close_www-data,52,assign,0
2196,29103.0,openat_www-data,2960,assign,0
2197,29103.0,openat_www-data,2962,assign,0
2198,29103.0,openat_www-data,2964,assign,0
2199,29103.0,close_www-data,52,assign,0
2200,29103.0,openat_www-data,2966,assign,0
2201,29103.0,openat_www-data,2968,assign,0
2202,29103.0,openat_www-data,2970,assign,0
2203,29103.0,openat_www-data,2972,assign,0
2204,29107.0,openat_www-data,2974,assign,0
2205,29107.0,openat_www-data,2976,assign,0
2206,29107.0,close_www-data,52,assign,0
2207,29107.0,openat_www-data,2978,assign,0
2208,29107.0,close_www-data,52,assign,0
2209,29107.0,close_www-data,52,assign,0
2210,29107.0,openat_www-data,2980,assign,0
2211,29107.0,close_www-data,52,assign,0
2212,29107.0,openat_www-data,2982,assign,0
2213,29107.0,openat_www-data,2984,assign,0
2214,29107.0,openat_www-data,2986,assign,0
2215,29111.0,close_www-data,52,assign,0
2216,29111.0,openat_www-data,2988,assign,0
2217,29111.0,openat_www-data,2990,assign,0
2218,29111.0,openat_www-data,2992,assign,0
2219,29111.0,openat_www-data,2994,assign,0
2220,29115.0,openat_www-data,2996,assign,0
2221,29115.0,close_www-data,52,assign,0
2222,29115.0,openat_www-data,2998,assign,0
2223,29115.0,openat_www-data,3000,assign,0
2224,29115.0,openat_www-data,3002,assign,0
2225,29115.0,openat_www-data,3004,assign,0
2226,29115.0,close_www-data,52,assign,0
2227,29115.0,openat_www-data,3006,assign,0
2228,29119.0,openat_www-data,3008,assign,0
2229,29119.0,openat_www-data,3010,assign,0
2230,29119.0,close_www-data,52,assign,0
2231,29119.0,openat_www-data,3012,assign,0
2232,29119.0,openat_www-data,3014,assign,0
2233,29119.0,openat_www-data,3016,assign,0
2234,29119.0,openat_www-data,3018,assign,0
2235,29119.0,openat_www-data,3020,assign,0
2236,29119.0,openat_www-data,3022,assign,0
2237,29119.0,openat_www-data,3024,assign,0
2238,29123.0,close_www-data,52,assign,0
2239,29123.0,openat_www-data,3026,assign,0
2240,29123.0,openat_www-data,3028,assign,0
2241,29123.0,openat_www-data,3030,assign,0
2242,29123.0,openat_www-data,3032,assign,0
2243,29127.0,close_www-data,52,assign,0
2244,29127.0,openat_www-data,3034,assign,0
2245,29127.0,openat_www-data,3036,assign,0
2246,29127.0,openat_www-data,3038,assign,0
2247,29127.0,close_www-data,52,assign,0
2248,29127.0,openat_www-data,3040,assign,0
2249,29127.0,openat_www-data,3042,assign,0
2250,29131.0,close_www-data,52,assign,0
2251,29131.0,openat_www-data,3044,assign,0
2252,29131.0,openat_www-data,3046,assign,0
2253,29131.0,openat_www-data,3048,assign,0
2254,29131.0,openat_www-data,3050,assign,0
2255,29131.0,close_www-data,52,assign,0
2256,29131.0,close_www-data,52,assign,0
2257,29131.0,openat_www-data,3052,assign,0
2258,29131.0,close_www-data,52,assign,0
2259,29135.0,close_www-data,52,assign,0
2260,29135.0,openat_www-data,3054,assign,0
2261,29135.0,openat_www-data,3056,assign,0
2262,29135.0,openat_www-data,3058,assign,0
2263,29135.0,openat_www-data,3060,assign,0
2264,29139.0,openat_www-data,3062,assign,0
2265,29139.0,close_www-data,52,assign,0
2266,29139.0,openat_www-data,3064,assign,0
2267,29139.0,openat_www-data,3066,assign,0
2268,29143.0,openat_www-data,3068,assign,0
2269,29143.0,close_www-data,52,assign,0
2270,29143.0,openat_www-data,3070,assign,0
2271,29147.0,openat_www-data,3072,assign,0
2272,29147.0,close_www-data,52,assign,0
2273,29147.0,openat_www-data,3074,assign,0
2274,29147.0,openat_www-data,3076,assign,0
2275,29147.0,close_www-data,52,assign,0
2276,29147.0,openat_www-data,3078,assign,0
2277,29147.0,openat_www-data,3080,assign,0
2278,29147.0,openat_www-data,3082,assign,0
2279,29147.0,openat_www-data,3084,assign,0
2280,29151.0,close_www-data,52,assign,0
2281,29151.0,openat_www-data,3086,assign,0
2282,29151.0,openat_www-data,3088,assign,0
2283,29151.0,openat_www-data,3090,assign,0
2284,29151.0,openat_www-data,3092,assign,0
2285,29151.0,openat_www-data,3094,assign,0
2286,29155.0,close_www-data,52,assign,0
2287,29155.0,openat_www-data,3096,assign,0
2288,29155.0,openat_www-data,3098,assign,0
2289,29155.0,openat_www-data,3100,assign,0
2290,29155.0,openat_www-data,3102,assign,0
2291,29159.0,close_www-data,52,assign,0
2292,29159.0,openat_www-data,3104,assign,0
2293,29159.0,openat_www-data,3106,assign,0
2294,29159.0,openat_www-data,3108,assign,0
2295,29159.0,close_www-data,52,assign,0
2296,29159.0,openat_www-data,3110,assign,0
2297,29163.0,close_www-data,52,assign,0
2298,29163.0,openat_www-data,3112,assign,0
2299,29163.0,openat_www-data,3114,assign,0
2300,29163.0,openat_www-data,3116,assign,0
2301,29163.0,openat_www-data,3118,assign,0
2302,29167.0,openat_www-data,3120,assign,0
2303,29167.0,close_www-data,52,assign,0
2304,29167.0,close_www-data,52,assign,0
2305,29167.0,openat_www-data,3122,assign,0
2306,29167.0,close_www-data,52,assign,0
2307,29167.0,openat_www-data,3124,assign,0
2308,29167.0,openat_www-data,3126,assign,0
2309,29167.0,openat_www-data,3128,assign,0
2310,29167.0,openat_www-data,3130,assign,0
2311,29167.0,openat_www-data,3132,assign,0
2312,29171.0,close_www-data,52,assign,0
2313,29171.0,openat_www-data,3134,assign,0
2314,29171.0,openat_www-data,3136,assign,0
2315,29171.0,openat_www-data,3138,assign,0
2316,29171.0,openat_www-data,3140,assign,0
2317,29171.0,openat_www-data,3142,assign,0
2318,29171.0,openat_www-data,3144,assign,0
2319,29175.0,close_www-data,52,assign,0
2320,29175.0,openat_www-data,3146,assign,0
2321,29175.0,close_www-data,52,assign,0
2322,29175.0,openat_www-data,3148,assign,0
2323,29179.0,openat_www-data,3150,assign,0
2324,29179.0,openat_www-data,3152,assign,0
2325,29179.0,close_www-data,52,assign,0
2326,29179.0,openat_www-data,3154,assign,0
2327,29179.0,openat_www-data,3156,assign,0
2328,29179.0,openat_www-data,3158,assign,0
2329,29179.0,openat_www-data,3160,assign,0
2330,29183.0,openat_www-data,3162,assign,0
2331,29183.0,close_www-data,52,assign,0
2332,29183.0,openat_www-data,3164,assign,0
2333,29183.0,openat_www-data,3166,assign,0
2334,29183.0,openat_www-data,3168,assign,0
2335,29187.0,close_www-data,52,assign,0
2336,29187.0,openat_www-data,3170,assign,0
2337,29187.0,openat_www-data,3172,assign,0
2338,29187.0,openat_www-data,3174,assign,0
2339,29187.0,openat_www-data,3176,assign,0
2340,29187.0,openat_www-data,3178,assign,0
2341,29191.0,close_www-data,52,assign,0
2342,29191.0,openat_www-data,3179,assign,0
2343,29191.0,close_www-data,52,assign,0
2344,29191.0,openat_www-data,3180,assign,0
2345,29191.0,openat_www-data,3182,assign,0
2346,29191.0,openat_www-data,3184,assign,0
2347,29191.0,openat_www-data,3186,assign,0
2348,29195.0,openat_www-data,3188,assign,0
2349,29195.0,openat_www-data,3190,assign,0
2350,29195.0,close_www-data,52,assign,0
2351,29195.0,openat_www-data,3192,assign,0
2352,29195.0,close_www-data,52,assign,0
2353,29195.0,close_www-data,52,assign,0
2354,29195.0,openat_www-data,3194,assign,0
2355,29195.0,close_www-data,52,assign,0
2356,29195.0,openat_www-data,3196,assign,0
2357,29195.0,openat_www-data,3198,assign,0
2358,29195.0,openat_www-data,3200,assign,0
2359,29199.0,close_www-data,52,assign,0
2360,29199.0,openat_www-data,3202,assign,0
2361,29199.0,openat_www-data,3204,assign,0
2362,29199.0,openat_www-data,3206,assign,0
2363,29203.0,openat_www-data,3208,assign,0
2364,29203.0,close_www-data,52,assign,0
2365,29203.0,openat_www-data,3210,assign,0
2366,29203.0,openat_www-data,3212,assign,0
2367,29203.0,openat_www-data,3214,assign,0
2368,29203.0,openat_www-data,3216,assign,0
2369,29207.0,close_www-data,52,assign,0
2370,29207.0,openat_www-data,3218,assign,0
2371,29207.0,close_www-data,52,assign,0
2372,29207.0,openat_www-data,3220,assign,0
2373,29211.0,openat_www-data,3222,assign,0
2374,29211.0,openat_www-data,3224,assign,0
2375,29211.0,close_www-data,52,assign,0
2376,29211.0,openat_www-data,3226,assign,0
2377,29211.0,openat_www-data,3228,assign,0
2378,29211.0,openat_www-data,3230,assign,0
2379,29211.0,openat_www-data,3232,assign,0
2380,29211.0,openat_www-data,3234,assign,0
2381,29215.0,openat_www-data,3236,assign,0
2382,29215.0,close_www-data,52,assign,0
2383,29215.0,openat_www-data,3238,assign,0
2384,29215.0,openat_www-data,3240,assign,0
2385,29215.0,openat_www-data,3242,assign,0
2386,29215.0,openat_www-data,3244,assign,0
2387,29219.0,close_www-data,52,assign,0
2388,29219.0,openat_www-data,3246,assign,0
2389,29219.0,openat_www-data,3248,assign,0
2390,29219.0,openat_www-data,3250,assign,0
2391,29219.0,openat_www-data,3252,assign,0
2392,29219.0,close_www-data,52,assign,0
2393,29219.0,openat_www-data,3254,assign,0
2394,29223.0,close_www-data,52,assign,0
2395,29223.0,openat_www-data,3256,assign,0
2396,29223.0,openat_www-data,3258,assign,0
2397,29227.0,close_www-data,52,assign,0
2398,29227.0,openat_www-data,3260,assign,0
2399,29227.0,openat_www-data,3262,assign,0
2400,29227.0,openat_www-data,3264,assign,0
2401,29227.0,close_www-data,52,assign,0
2402,29227.0,close_www-data,52,assign,0
2403,29227.0,openat_www-data,3266,assign,0
2404,29227.0,close_www-data,52,assign,0
2405,29227.0,openat_www-data,3268,assign,0
2406,29227.0,openat_www-data,3270,assign,0
2407,29227.0,openat_www-data,3272,assign,0
2408,29227.0,openat_www-data,3274,assign,0
2409,29231.0,close_www-data,52,assign,0
2410,29239.0,close_www-data,52,assign,0
2411,29239.0,openat_www-data,3276,assign,0
2412,29239.0,openat_www-data,3278,assign,0
2413,29239.0,openat_www-data,3280,assign,0
2414,29239.0,openat_www-data,3282,assign,0
2415,29239.0,openat_www-data,3284,assign,0
2416,29239.0,openat_www-data,3286,assign,0
2417,29239.0,openat_www-data,3288,assign,0
2418,29243.0,close_www-data,52,assign,0
2419,29243.0,openat_www-data,3290,assign,0
2420,29243.0,close_www-data,52,assign,0
2421,29243.0,openat_www-data,3292,assign,0
2422,29243.0,openat_www-data,3293,assign,0
2423,29247.0,close_www-data,52,assign,0
2424,29247.0,openat_www-data,3294,assign,0
2425,29247.0,openat_www-data,3295,assign,0
2426,29247.0,openat_www-data,3296,assign,0
2427,29247.0,openat_www-data,3297,assign,0
2428,29251.0,close_www-data,52,assign,0
2429,29251.0,openat_www-data,3298,assign,0
2430,29251.0,openat_www-data,3299,assign,0
2431,29251.0,openat_www-data,3300,assign,0
2432,29251.0,openat_www-data,3301,assign,0
2433,29255.0,close_www-data,52,assign,0
2434,29255.0,openat_www-data,3302,assign,0
2435,29255.0,openat_www-data,3303,assign,0
2436,29255.0,openat_www-data,3304,assign,0
2437,29259.0,close_www-data,52,assign,0
2438,29259.0,openat_www-data,3305,assign,0
2439,29259.0,openat_www-data,3306,assign,0
2440,29259.0,openat_www-data,3307,assign,0
2441,29259.0,close_www-data,52,assign,0
2442,29259.0,openat_www-data,3308,assign,0
2443,29259.0,openat_www-data,3309,assign,0
2444,29259.0,openat_www-data,3310,assign,0
2445,29263.0,close_www-data,52,assign,0
2446,29263.0,openat_www-data,3311,assign,0
2447,29263.0,openat_www-data,3312,assign,0
2448,29263.0,openat_www-data,3313,assign,0
2449,29267.0,close_www-data,52,assign,0
2450,29267.0,close_www-data,52,assign,0
2451,29267.0,openat_www-data,3314,assign,0
2452,29267.0,close_www-data,52,assign,0
2453,29267.0,openat_www-data,3315,assign,0
2454,29267.0,openat_www-data,3316,assign,0
2455,29267.0,openat_www-data,3317,assign,0
2456,29271.0,openat_www-data,3318,assign,0
2457,29271.0,close_www-data,52,assign,0
2458,29271.0,openat_www-data,3319,assign,0
2459,29275.0,openat_www-data,3320,assign,0
2460,29275.0,close_www-data,52,assign,0
2461,29275.0,openat_www-data,3321,assign,0
2462,29275.0,openat_www-data,3322,assign,0
2463,29275.0,openat_www-data,3323,assign,0
2464,29275.0,openat_www-data,3324,assign,0
2465,29275.0,openat_www-data,3325,assign,0
2466,29275.0,openat_www-data,3326,assign,0
2467,29275.0,close_www-data,52,assign,0
2468,29279.0,openat_www-data,3327,assign,0
2469,29279.0,openat_www-data,3328,assign,0
2470,29279.0,close_www-data,52,assign,0
2471,29279.0,openat_www-data,3329,assign,0
2472,29279.0,openat_www-data,3330,assign,0
2473,29283.0,openat_www-data,3331,assign,0
2474,29283.0,close_www-data,52,assign,0
2475,29283.0,openat_www-data,3332,assign,0
2476,29283.0,openat_www-data,3333,assign,0
2477,29283.0,openat_www-data,3334,assign,0
2478,29283.0,openat_www-data,3335,assign,0
2479,29283.0,openat_www-data,3336,assign,0
2480,29287.0,close_www-data,52,assign,0
2481,29287.0,openat_www-data,3337,assign,0
2482,29287.0,openat_www-data,3338,assign,0
2483,29287.0,openat_www-data,3339,assign,0
2484,29291.0,close_www-data,52,assign,0
2485,29291.0,openat_www-data,3340,assign,0
2486,29291.0,openat_www-data,3341,assign,0
2487,29291.0,openat_www-data,3342,assign,0
2488,29291.0,close_www-data,52,assign,0
2489,29291.0,openat_www-data,3343,assign,0
2490,29291.0,openat_www-data,3344,assign,0
2491,29295.0,close_www-data,52,assign,0
2492,29295.0,openat_www-data,3345,assign,0
2493,29295.0,openat_www-data,3346,assign,0
2494,29299.0,openat_www-data,3347,assign,0
2495,29299.0,openat_www-data,3348,assign,0
2496,29299.0,close_www-data,52,assign,0
2497,29299.0,openat_www-data,3349,assign,0
2498,29299.0,close_www-data,52,assign,0
2499,29299.0,close_www-data,52,assign,0
2500,29299.0,openat_www-data,3350,assign,0
2501,29299.0,close_www-data,52,assign,0
2502,29299.0,openat_www-data,3351,assign,0
2503,29299.0,openat_www-data,3352,assign,0
2504,29299.0,openat_www-data,3353,assign,0
2505,29299.0,openat_www-data,3354,assign,0
2506,29331.0,openat_www-data,3355,assign,0
2507,29331.0,close_www-data,52,assign,0
2508,29331.0,openat_www-data,3356,assign,0
2509,29331.0,openat_www-data,3357,assign,0
2510,29331.0,openat_www-data,3358,assign,0
2511,29335.0,openat_www-data,3359,assign,0
2512,29335.0,close_www-data,52,assign,0
2513,29335.0,openat_www-data,3360,assign,0
2514,29335.0,openat_www-data,3361,assign,0
2515,29335.0,openat_www-data,3362,assign,0
2516,29335.0,close_www-data,52,assign,0
2517,29335.0,openat_www-data,3363,assign,0
2518,29339.0,openat_www-data,3364,assign,0
2519,29339.0,openat_www-data,3365,assign,0
2520,29339.0,close_www-data,52,assign,0
2521,29339.0,openat_www-data,3366,assign,0
2522,29339.0,openat_www-data,3367,assign,0
2523,29339.0,openat_www-data,3368,assign,0
2524,29339.0,openat_www-data,3369,assign,0
2525,29339.0,openat_www-data,3370,assign,0
2526,29339.0,openat_www-data,3371,assign,0
2527,29343.0,close_www-data,52,assign,0
2528,29343.0,openat_www-data,3372,assign,0
2529,29343.0,openat_www-data,3373,assign,0
2530,29343.0,openat_www-data,3374,assign,0
2531,29343.0,openat_www-data,3375,assign,0
2532,29343.0,openat_www-data,3376,assign,0
2533,29343.0,openat_www-data,3377,assign,0
2534,29347.0,close_www-data,52,assign,0
2535,29347.0,openat_www-data,3378,assign,0
2536,29347.0,openat_www-data,3379,assign,0
2537,29347.0,close_www-data,52,assign,0
2538,29347.0,openat_www-data,3380,assign,0
2539,29347.0,openat_www-data,3381,assign,0
2540,29347.0,openat_www-data,3382,assign,0
2541,29351.0,close_www-data,52,assign,0
2542,29351.0,openat_www-data,3383,assign,0
2543,29351.0,openat_www-data,3384,assign,0
2544,29351.0,openat_www-data,3385,assign,0
2545,29351.0,close_www-data,52,assign,0
2546,29351.0,close_www-data,52,assign,0
2547,29351.0,openat_www-data,3386,assign,0
2548,29351.0,close_www-data,52,assign,0
2549,29351.0,openat_www-data,3387,assign,0
2550,29351.0,openat_www-data,3388,assign,0
2551,29355.0,openat_www-data,3389,assign,0
2552,29355.0,close_www-data,52,assign,0
2553,29355.0,openat_www-data,3390,assign,0
2554,29355.0,openat_www-data,3391,assign,0
2555,29355.0,openat_www-data,3392,assign,0
2556,29359.0,openat_www-data,3393,assign,0
2557,29359.0,close_www-data,52,assign,0
2558,29359.0,openat_www-data,3394,assign,0
2559,29359.0,openat_www-data,3395,assign,0
2560,29359.0,openat_www-data,3396,assign,0
2561,29359.0,openat_www-data,3397,assign,0
2562,29359.0,openat_www-data,3398,assign,0
2563,29359.0,close_www-data,52,assign,0
2564,29359.0,openat_www-data,3399,assign,0
2565,29363.0,openat_www-data,3400,assign,0
2566,29363.0,openat_www-data,3401,assign,0
2567,29363.0,close_www-data,52,assign,0
2568,29363.0,openat_www-data,3402,assign,0
2569,29363.0,openat_www-data,3403,assign,0
2570,29363.0,openat_www-data,3404,assign,0
2571,29363.0,openat_www-data,3405,assign,0
2572,29363.0,openat_www-data,3406,assign,0
2573,29363.0,openat_www-data,3407,assign,0
2574,29367.0,close_www-data,52,assign,0
2575,29367.0,openat_www-data,3408,assign,0
2576,29367.0,openat_www-data,3409,assign,0
2577,29367.0,openat_www-data,3410,assign,0
2578,29367.0,openat_www-data,3411,assign,0
2579,29367.0,openat_www-data,3412,assign,0
2580,29371.0,close_www-data,52,assign,0
2581,29371.0,openat_www-data,3413,assign,0
2582,29371.0,openat_www-data,3414,assign,0
2583,29371.0,openat_www-data,3415,assign,0
2584,29371.0,close_www-data,52,assign,0
2585,29371.0,openat_www-data,3416,assign,0
2586,29383.0,openat_www-data,3417,assign,0
2587,29383.0,close_www-data,52,assign,0
2588,29383.0,openat_www-data,3418,assign,0
2589,29383.0,openat_www-data,3419,assign,0
2590,29387.0,openat_www-data,3420,assign,0
2591,29387.0,close_www-data,52,assign,0
2592,29387.0,openat_www-data,3421,assign,0
2593,29387.0,close_www-data,52,assign,0
2594,29387.0,close_www-data,52,assign,0
2595,29387.0,openat_www-data,3422,assign,0
2596,29387.0,close_www-data,52,assign,0
2597,29387.0,openat_www-data,3423,assign,0
2598,29387.0,openat_www-data,3424,assign,0
2599,29387.0,openat_www-data,3425,assign,0
2600,29391.0,openat_www-data,3426,assign,0
2601,29391.0,close_www-data,52,assign,0
2602,29391.0,openat_www-data,3427,assign,0
2603,29391.0,openat_www-data,3428,assign,0
2604,29391.0,openat_www-data,3429,assign,0
2605,29391.0,openat_www-data,3430,assign,0
2606,29391.0,openat_www-data,3431,assign,0
2607,29395.0,close_www-data,52,assign,0
2608,29395.0,openat_www-data,3432,assign,0
2609,29395.0,openat_www-data,3433,assign,0
2610,29395.0,openat_www-data,3434,assign,0
2611,29395.0,close_www-data,52,assign,0
2612,29395.0,openat_www-data,3435,assign,0
2613,29395.0,openat_www-data,3436,assign,0
2614,29395.0,openat_www-data,3437,assign,0
2615,29399.0,close_www-data,52,assign,0
2616,29399.0,openat_www-data,3438,assign,0
2617,29399.0,openat_www-data,3439,assign,0
2618,29399.0,openat_www-data,3440,assign,0
2619,29399.0,openat_www-data,3441,assign,0
2620,29399.0,openat_www-data,3442,assign,0
2621,29399.0,openat_www-data,3443,assign,0
2622,29399.0,openat_www-data,3444,assign,0
2623,29403.0,close_www-data,52,assign,0
2624,29403.0,openat_www-data,3445,assign,0
2625,29403.0,openat_www-data,3446,assign,0
2626,29403.0,openat_www-data,3447,assign,0
2627,29403.0,openat_www-data,3448,assign,0
2628,29403.0,openat_www-data,3449,assign,0
2629,29407.0,openat_www-data,3450,assign,0
2630,29407.0,close_www-data,52,assign,0
2631,29407.0,openat_www-data,3451,assign,0
2632,29407.0,openat_www-data,3452,assign,0
2633,29407.0,openat_www-data,3453,assign,0
2634,29407.0,openat_www-data,3454,assign,0
2635,29411.0,openat_www-data,3455,assign,0
2636,29411.0,openat_www-data,3456,assign,0
2637,29411.0,close_www-data,52,assign,0
2638,29411.0,openat_www-data,3457,assign,0
2639,29411.0,close_www-data,52,assign,0
2640,29411.0,close_www-data,52,assign,0
2641,29411.0,openat_www-data,3458,assign,0
2642,29411.0,close_www-data,52,assign,0
2643,29411.0,openat_www-data,3459,assign,0
2644,29411.0,openat_www-data,3460,assign,0
2645,29411.0,openat_www-data,3461,assign,0
2646,29411.0,openat_www-data,3462,assign,0
2647,29411.0,openat_www-data,3463,assign,0
2648,29415.0,close_www-data,52,assign,0
2649,29415.0,openat_www-data,3464,assign,0
2650,29415.0,openat_www-data,3465,assign,0
2651,29415.0,openat_www-data,3466,assign,0
2652,29415.0,openat_www-data,3467,assign,0
2653,29419.0,close_www-data,52,assign,0
2654,29419.0,openat_www-data,3468,assign,0
2655,29419.0,openat_www-data,3469,assign,0
2656,29419.0,openat_www-data,3470,assign,0
2657,29419.0,close_www-data,52,assign,0
2658,29419.0,openat_www-data,3471,assign,0
2659,29423.0,openat_www-data,3472,assign,0
2660,29423.0,close_www-data,52,assign,0
2661,29423.0,openat_www-data,3473,assign,0
2662,29423.0,openat_www-data,3474,assign,0
2663,29423.0,openat_www-data,3475,assign,0
2664,29423.0,openat_www-data,3476,assign,0
2665,29427.0,close_www-data,52,assign,0
2666,29427.0,openat_www-data,3477,assign,0
2667,29427.0,openat_www-data,3478,assign,0
2668,29427.0,openat_www-data,3479,assign,0
2669,29427.0,openat_www-data,3480,assign,0
2670,29427.0,openat_www-data,3481,assign,0
2671,29431.0,close_www-data,52,assign,0
2672,29431.0,openat_www-data,3482,assign,0
2673,29431.0,openat_www-data,3483,assign,0
2674,29431.0,openat_www-data,3484,assign,0
2675,29431.0,openat_www-data,3485,assign,0
2676,29431.0,openat_www-data,3486,assign,0
2677,29435.0,close_www-data,52,assign,0
2678,29435.0,openat_www-data,3487,assign,0
2679,29435.0,openat_www-data,3488,assign,0
2680,29435.0,openat_www-data,3489,assign,0
2681,29435.0,openat_www-data,3490,assign,0
2682,29435.0,openat_www-data,3491,assign,0
2683,29435.0,openat_www-data,3492,assign,0
2684,29435.0,close_www-data,52,assign,0
2685,29435.0,close_www-data,52,assign,0
2686,29435.0,openat_www-data,3493,assign,0
2687,29435.0,close_www-data,52,assign,0
2688,29439.0,openat_www-data,3494,assign,0
2689,29439.0,close_www-data,52,assign,0
2690,29439.0,openat_www-data,3495,assign,0
2691,29439.0,openat_www-data,3496,assign,0
2692,29439.0,openat_www-data,3497,assign,0
2693,29443.0,close_www-data,52,assign,0
2694,29443.0,openat_www-data,3498,assign,0
2695,29443.0,openat_www-data,3499,assign,0
2696,29443.0,openat_www-data,3500,assign,0
2697,29447.0,openat_www-data,3501,assign,0
2698,29447.0,close_www-data,52,assign,0
2699,29447.0,openat_www-data,3502,assign,0
2700,29447.0,openat_www-data,3503,assign,0
2701,29451.0,close_www-data,52,assign,0
2702,29451.0,openat_www-data,3504,assign,0
2703,29451.0,openat_www-data,3505,assign,0
2704,29451.0,close_www-data,52,assign,0
2705,29451.0,openat_www-data,3506,assign,0
2706,29451.0,openat_www-data,3507,assign,0
2707,29455.0,close_www-data,52,assign,0
2708,29455.0,openat_www-data,3508,assign,0
2709,29455.0,openat_www-data,3509,assign,0
2710,29455.0,openat_www-data,3510,assign,0
2711,29455.0,openat_www-data,3511,assign,0
2712,29463.0,openat_www-data,3512,assign,0
2713,29463.0,close_www-data,52,assign,0
2714,29463.0,openat_www-data,3513,assign,0
2715,29463.0,openat_www-data,3514,assign,0
2716,29463.0,openat_www-data,3515,assign,0
2717,29463.0,openat_www-data,3516,assign,0
2718,29463.0,openat_www-data,3517,assign,0
2719,29467.0,close_www-data,52,assign,0
2720,29467.0,openat_www-data,3518,assign,0
2721,29467.0,openat_www-data,3519,assign,0
2722,29467.0,openat_www-data,3520,assign,0
2723,29467.0,openat_www-data,3521,assign,0
2724,29467.0,close_www-data,52,assign,0
2725,29467.0,openat_www-data,3522,assign,0
2726,29471.0,close_www-data,52,assign,0
2727,29471.0,openat_www-data,3523,assign,0
2728,29475.0,openat_www-data,3524,assign,0
2729,29475.0,close_www-data,52,assign,0
2730,29475.0,openat_www-data,3525,assign,0
2731,29475.0,openat_www-data,3526,assign,0
2732,29479.0,close_www-data,52,assign,0
2733,29479.0,openat_www-data,3527,assign,0
2734,29479.0,close_www-data,52,assign,0
2735,29479.0,close_www-data,52,assign,0
2736,29479.0,openat_www-data,3528,assign,0
2737,29479.0,close_www-data,52,assign,0
2738,29479.0,openat_www-data,3529,assign,0
2739,29479.0,openat_www-data,3530,assign,0
2740,29483.0,openat_www-data,3531,assign,0
2741,29483.0,close_www-data,52,assign,0
2742,29483.0,openat_www-data,3532,assign,0
2743,29483.0,openat_www-data,3533,assign,0
2744,29487.0,openat_www-data,3534,assign,0
2745,29491.0,close_www-data,52,assign,0
2746,29491.0,openat_www-data,3535,assign,0
2747,29491.0,openat_www-data,3536,assign,0
2748,29491.0,openat_www-data,3537,assign,0
2749,29491.0,openat_www-data,3538,assign,0
2750,29491.0,openat_www-data,3539,assign,0
2751,29499.0,openat_www-data,3540,assign,0
2752,29499.0,close_www-data,52,assign,0
2753,29499.0,openat_www-data,3541,assign,0
2754,29499.0,openat_www-data,3542,assign,0
2755,29499.0,openat_www-data,3543,assign,0
2756,29499.0,openat_www-data,3544,assign,0
2757,29499.0,openat_www-data,3545,assign,0
2758,29499.0,openat_www-data,3546,assign,0
2759,29503.0,close_www-data,52,assign,0
2760,29503.0,openat_www-data,3547,assign,0
2761,29503.0,openat_www-data,3548,assign,0
2762,29503.0,openat_www-data,3549,assign,0
2763,29503.0,openat_www-data,3550,assign,0
2764,29507.0,close_www-data,52,assign,0
2765,29507.0,openat_www-data,3551,assign,0
2766,29507.0,openat_www-data,3552,assign,0
2767,29507.0,openat_www-data,3553,assign,0
2768,29507.0,openat_www-data,3554,assign,0
2769,29507.0,openat_www-data,3555,assign,0
2770,29511.0,close_www-data,52,assign,0
2771,29511.0,openat_www-data,3556,assign,0
2772,29511.0,close_www-data,52,assign,0
2773,29511.0,openat_www-data,3557,assign,0
2774,29511.0,openat_www-data,3558,assign,0
2775,29511.0,openat_www-data,3559,assign,0
2776,29511.0,openat_www-data,3560,assign,0
2777,29515.0,openat_www-data,3561,assign,0
2778,29515.0,openat_www-data,3562,assign,0
2779,29515.0,close_www-data,52,assign,0
2780,29515.0,openat_www-data,3563,assign,0
2781,29515.0,close_www-data,52,assign,0
2782,29515.0,close_www-data,52,assign,0
2783,29515.0,openat_www-data,3564,assign,0
2784,29515.0,close_www-data,52,assign,0
2785,29515.0,openat_www-data,3565,assign,0
2786,29515.0,openat_www-data,3566,assign,0
2787,29515.0,openat_www-data,3567,assign,0
2788,29515.0,openat_www-data,3568,assign,0
2789,29519.0,openat_www-data,3569,assign,0
2790,29519.0,close_www-data,52,assign,0
2791,29519.0,openat_www-data,3570,assign,0
2792,29519.0,openat_www-data,3571,assign,0
2793,29519.0,openat_www-data,3572,assign,0
2794,29519.0,openat_www-data,3573,assign,0
2795,29523.0,close_www-data,52,assign,0
2796,29523.0,openat_www-data,3574,assign,0
2797,29523.0,openat_www-data,3575,assign,0
2798,29527.0,close_www-data,52,assign,0
2799,29527.0,openat_www-data,3576,assign,0
2800,29527.0,close_www-data,52,assign,0
2801,29527.0,openat_www-data,3577,assign,0
2802,29527.0,openat_www-data,3578,assign,0
2803,29527.0,openat_www-data,3579,assign,0
2804,29527.0,openat_www-data,3580,assign,0
2805,29531.0,close_www-data,52,assign,0
2806,29531.0,openat_www-data,3581,assign,0
2807,29531.0,openat_www-data,3582,assign,0
2808,29531.0,openat_www-data,3583,assign,0
2809,29531.0,openat_www-data,3584,assign,0
2810,29535.0,close_www-data,52,assign,0
2811,29535.0,openat_www-data,3585,assign,0
2812,29535.0,openat_www-data,3586,assign,0
2813,29535.0,openat_www-data,3587,assign,0
2814,29535.0,openat_www-data,3588,assign,0
2815,29539.0,close_www-data,52,assign,0
2816,29539.0,openat_www-data,3589,assign,0
2817,29539.0,openat_www-data,3590,assign,0
2818,29539.0,openat_www-data,3591,assign,0
2819,29539.0,openat_www-data,3592,assign,0
2820,29539.0,close_www-data,52,assign,0
2821,29539.0,openat_www-data,3593,assign,0
2822,29539.0,openat_www-data,3594,assign,0
2823,29539.0,openat_www-data,3595,assign,0
2824,29539.0,openat_www-data,3596,assign,0
2825,29547.0,openat_www-data,3597,assign,0
2826,29547.0,openat_www-data,3598,assign,0
2827,29547.0,close_www-data,52,assign,0
2828,29547.0,openat_www-data,3599,assign,0
2829,29547.0,close_www-data,52,assign,0
2830,29547.0,close_www-data,52,assign,0
2831,29547.0,openat_www-data,3600,assign,0
2832,29547.0,close_www-data,52,assign,0
2833,29547.0,openat_www-data,3601,assign,0
2834,29547.0,openat_www-data,3602,assign,0
2835,29551.0,openat_www-data,3603,assign,0
2836,29551.0,close_www-data,52,assign,0
2837,29551.0,openat_www-data,3604,assign,0
2838,29551.0,openat_www-data,3605,assign,0
2839,29551.0,openat_www-data,3606,assign,0
2840,29551.0,openat_www-data,3607,assign,0
2841,29551.0,openat_www-data,3608,assign,0
2842,29555.0,openat_www-data,3609,assign,0
2843,29555.0,close_www-data,52,assign,0
2844,29555.0,openat_www-data,3610,assign,0
2845,29555.0,openat_www-data,3611,assign,0
2846,29555.0,openat_www-data,3612,assign,0
2847,29559.0,close_www-data,52,assign,0
2848,29559.0,openat_www-data,3613,assign,0
2849,29559.0,openat_www-data,3614,assign,0
2850,29559.0,openat_www-data,3615,assign,0
2851,29559.0,openat_www-data,3616,assign,0
2852,29559.0,openat_www-data,3617,assign,0
2853,29559.0,openat_www-data,3618,assign,0
2854,29559.0,openat_www-data,3619,assign,0
2855,29563.0,close_www-data,52,assign,0
2856,29563.0,openat_www-data,3620,assign,0
2857,29563.0,openat_www-data,3621,assign,0
2858,29563.0,openat_www-data,3622,assign,0
2859,29563.0,openat_www-data,3623,assign,0
2860,29563.0,openat_www-data,3624,assign,0
2861,29567.0,close_www-data,52,assign,0
2862,29567.0,openat_www-data,3625,assign,0
2863,29567.0,openat_www-data,3626,assign,0
2864,29567.0,openat_www-data,3627,assign,0
2865,29567.0,openat_www-data,3628,assign,0
2866,29575.0,close_www-data,52,assign,0
2867,29575.0,openat_www-data,3629,assign,0
2868,29575.0,openat_www-data,3630,assign,0
2869,29575.0,openat_www-data,3631,assign,0
2870,29575.0,openat_www-data,3632,assign,0
2871,29575.0,openat_www-data,3633,assign,0
2872,29575.0,openat_www-data,3634,assign,0
2873,29579.0,close_www-data,52,assign,0
2874,29579.0,close_www-data,52,assign,0
2875,29579.0,openat_www-data,3635,assign,0
2876,29579.0,close_www-data,52,assign,0
2877,29579.0,openat_www-data,3636,assign,0
2878,29579.0,openat_www-data,3637,assign,0
2879,29579.0,openat_www-data,3638,assign,0
2880,29591.0,close_www-data,52,assign,0
2881,29591.0,openat_www-data,3639,assign,0
2882,29591.0,openat_www-data,3640,assign,0
2883,29591.0,openat_www-data,3641,assign,0
2884,29595.0,openat_www-data,3642,assign,0
2885,29595.0,close_www-data,52,assign,0
2886,29595.0,openat_www-data,3643,assign,0
2887,29595.0,openat_www-data,3644,assign,0
2888,29595.0,openat_www-data,3645,assign,0
2889,29599.0,close_www-data,52,assign,0
2890,29599.0,openat_www-data,3646,assign,0
2891,29599.0,openat_www-data,3647,assign,0
2892,29599.0,close_www-data,52,assign,0
2893,29599.0,openat_www-data,3648,assign,0
2894,29607.0,openat_www-data,3649,assign,0
2895,29607.0,openat_www-data,3650,assign,0
2896,29607.0,close_www-data,52,assign,0
2897,29607.0,openat_www-data,3651,assign,0
2898,29607.0,openat_www-data,3652,assign,0
2899,29607.0,openat_www-data,3653,assign,0
2900,29607.0,openat_www-data,3654,assign,0
2901,29607.0,openat_www-data,3655,assign,0
2902,29611.0,close_www-data,52,assign,0
2903,29611.0,openat_www-data,3656,assign,0
2904,29611.0,openat_www-data,3657,assign,0
2905,29611.0,openat_www-data,3658,assign,0
2906,29611.0,openat_www-data,3659,assign,0
2907,29611.0,openat_www-data,3660,assign,0
2908,29619.0,openat_www-data,3661,assign,0
2909,29619.0,close_www-data,52,assign,0
2910,29619.0,openat_www-data,3662,assign,0
2911,29619.0,openat_www-data,3663,assign,0
2912,29623.0,openat_www-data,3664,assign,0
2913,29623.0,close_www-data,52,assign,0
2914,29623.0,openat_www-data,3665,assign,0
2915,29623.0,openat_www-data,3666,assign,0
2916,29623.0,openat_www-data,3667,assign,0
2917,29623.0,openat_www-data,3668,assign,0
2918,29623.0,openat_www-data,3669,assign,0
2919,29623.0,openat_www-data,3670,assign,0
2920,29623.0,close_www-data,52,assign,0
2921,29627.0,close_www-data,52,assign,0
2922,29627.0,openat_www-data,3671,assign,0
2923,29627.0,close_www-data,52,assign,0
2924,29631.0,close_www-data,52,assign,0
2925,29631.0,openat_www-data,3672,assign,0
2926,29635.0,close_www-data,52,assign,0
2927,29635.0,openat_www-data,3673,assign,0
2928,29635.0,openat_www-data,3674,assign,0
2929,29635.0,openat_www-data,3675,assign,0
2930,29635.0,openat_www-data,3676,assign,0
2931,29635.0,openat_www-data,3677,assign,0
2932,29635.0,openat_www-data,3678,assign,0
2933,29635.0,openat_www-data,3679,assign,0
2934,29639.0,close_www-data,52,assign,0
2935,29639.0,openat_www-data,3680,assign,0
2936,29639.0,openat_www-data,3681,assign,0
2937,29639.0,openat_www-data,3682,assign,0
2938,29643.0,close_www-data,52,assign,0
2939,29643.0,openat_www-data,3683,assign,0
2940,29643.0,close_www-data,52,assign,0
2941,29643.0,openat_www-data,3684,assign,0
2942,29643.0,openat_www-data,3685,assign,0
2943,29643.0,openat_www-data,3686,assign,0
2944,29643.0,openat_www-data,3687,assign,0
2945,29647.0,close_www-data,52,assign,0
2946,29647.0,openat_www-data,3688,assign,0
2947,29647.0,openat_www-data,3689,assign,0
2948,29647.0,openat_www-data,3690,assign,0
2949,29647.0,openat_www-data,3691,assign,0
2950,29651.0,openat_www-data,3692,assign,0
2951,29651.0,close_www-data,52,assign,0
2952,29651.0,openat_www-data,3693,assign,0
2953,29651.0,openat_www-data,3694,assign,0
2954,29651.0,openat_www-data,3695,assign,0
2955,29651.0,openat_www-data,3696,assign,0
2956,29651.0,openat_www-data,3697,assign,0
2957,29651.0,openat_www-data,3698,assign,0
2958,29655.0,close_www-data,52,assign,0
2959,29655.0,openat_www-data,3699,assign,0
2960,29655.0,close_www-data,52,assign,0
2961,29655.0,openat_www-data,3700,assign,0
2962,29659.0,close_www-data,52,assign,0
2963,29659.0,openat_www-data,3701,assign,0
2964,29659.0,openat_www-data,3702,assign,0
2965,29659.0,openat_www-data,3703,assign,0
2966,29659.0,openat_www-data,3704,assign,0
2967,29659.0,openat_www-data,3705,assign,0
2968,29659.0,close_www-data,52,assign,0
2969,29659.0,close_www-data,52,assign,0
2970,29659.0,openat_www-data,3706,assign,0
2971,29663.0,close_www-data,52,assign,0
2972,29663.0,close_www-data,52,assign,0
2973,29663.0,openat_www-data,3707,assign,0
2974,29663.0,openat_www-data,3708,assign,0
2975,29663.0,openat_www-data,3709,assign,0
2976,29667.0,close_www-data,52,assign,0
2977,29667.0,openat_www-data,3710,assign,0
2978,29667.0,openat_www-data,3711,assign,0
2979,29667.0,openat_www-data,3712,assign,0
2980,29667.0,openat_www-data,3713,assign,0
2981,29671.0,close_www-data,52,assign,0
2982,29671.0,openat_www-data,3714,assign,0
2983,29671.0,openat_www-data,3715,assign,0
2984,29671.0,openat_www-data,3716,assign,0
2985,29671.0,openat_www-data,3717,assign,0
2986,29671.0,openat_www-data,3718,assign,0
2987,29671.0,close_www-data,52,assign,0
2988,29671.0,openat_www-data,3719,assign,0
2989,29679.0,openat_www-data,3720,assign,0
2990,29679.0,openat_www-data,3721,assign,0
2991,29679.0,close_www-data,52,assign,0
2992,29679.0,openat_www-data,3722,assign,0
2993,29679.0,openat_www-data,3723,assign,0
2994,29683.0,close_www-data,52,assign,0
2995,29683.0,openat_www-data,3724,assign,0
2996,29683.0,openat_www-data,3725,assign,0
2997,29683.0,openat_www-data,3726,assign,0
2998,29683.0,openat_www-data,3727,assign,0
2999,29687.0,close_www-data,52,assign,0
3000,29687.0,openat_www-data,3728,assign,0
3001,29687.0,openat_www-data,3729,assign,0
3002,29687.0,openat_www-data,3730,assign,0
3003,29695.0,close_www-data,52,assign,0
3004,29695.0,openat_www-data,3731,assign,0
3005,29695.0,openat_www-data,3732,assign,0
3006,29695.0,openat_www-data,3733,assign,0
3007,29695.0,openat_www-data,3734,assign,0
3008,29699.0,close_www-data,52,assign,0
3009,29699.0,openat_www-data,3735,assign,0
3010,29699.0,close_www-data,52,assign,0
3011,29699.0,openat_www-data,3736,assign,0
3012,29699.0,openat_www-data,3737,assign,0
3013,29699.0,openat_www-data,3738,assign,0
3014,29699.0,openat_www-data,3739,assign,0
3015,29699.0,openat_www-data,3740,assign,0
3016,29699.0,openat_www-data,3741,assign,0
3017,29699.0,close_www-data,52,assign,0
3018,29699.0,close_www-data,52,assign,0
3019,29707.0,openat_www-data,3742,assign,0
3020,29707.0,close_www-data,52,assign,0
3021,29707.0,close_www-data,52,assign,0
3022,29707.0,openat_www-data,3743,assign,0
3023,29707.0,openat_www-data,3744,assign,0
3024,29707.0,openat_www-data,3745,assign,0
3025,29707.0,openat_www-data,3746,assign,0
3026,29711.0,close_www-data,52,assign,0
3027,29711.0,openat_www-data,3747,assign,0
3028,29711.0,openat_www-data,3748,assign,0
3029,29711.0,openat_www-data,3749,assign,0
3030,29711.0,openat_www-data,3750,assign,0
3031,29711.0,openat_www-data,3751,assign,0
3032,29715.0,openat_www-data,3752,assign,0
3033,29715.0,close_www-data,52,assign,0
3034,29715.0,openat_www-data,3753,assign,0
3035,29719.0,close_www-data,52,assign,0
3036,29719.0,openat_www-data,3754,assign,0
3037,29723.0,close_www-data,52,assign,0
3038,29723.0,openat_www-data,3755,assign,0
3039,29723.0,openat_www-data,3756,assign,0
3040,29723.0,openat_www-data,3757,assign,0
3041,29723.0,openat_www-data,3758,assign,0
3042,29723.0,openat_www-data,3759,assign,0
3043,29727.0,close_www-data,52,assign,0
3044,29727.0,openat_www-data,3760,assign,0
3045,29727.0,openat_www-data,3761,assign,0
3046,29727.0,openat_www-data,3762,assign,0
3047,29727.0,openat_www-data,3763,assign,0
3048,29735.0,close_www-data,52,assign,0
3049,29735.0,openat_www-data,3764,assign,0
3050,29735.0,openat_www-data,3765,assign,0
3051,29735.0,openat_www-data,3766,assign,0
3052,29735.0,openat_www-data,3767,assign,0
3053,29735.0,openat_www-data,3768,assign,0
3054,29739.0,openat_www-data,3769,assign,0
3055,29739.0,close_www-data,52,assign,0
3056,29739.0,openat_www-data,3770,assign,0
3057,29739.0,close_www-data,52,assign,0
3058,29739.0,openat_www-data,3771,assign,0
3059,29739.0,openat_www-data,3772,assign,0
3060,29739.0,openat_www-data,3773,assign,0
3061,29743.0,close_www-data,52,assign,0
3062,29743.0,openat_www-data,3774,assign,0
3063,29743.0,openat_www-data,3775,assign,0
3064,29743.0,openat_www-data,3776,assign,0
3065,29743.0,close_www-data,52,assign,0
3066,29743.0,close_www-data,52,assign,0
3067,29743.0,openat_www-data,3777,assign,0
3068,29743.0,close_www-data,52,assign,0
3069,29743.0,openat_www-data,3778,assign,0
3070,29747.0,close_www-data,52,assign,0
3071,29747.0,openat_www-data,3779,assign,0
3072,29747.0,openat_www-data,3780,assign,0
3073,29747.0,openat_www-data,3781,assign,0
3074,29747.0,openat_www-data,3782,assign,0
3075,29747.0,openat_www-data,3783,assign,0
3076,29747.0,openat_www-data,3784,assign,0
3077,29751.0,close_www-data,52,assign,0
3078,29751.0,openat_www-data,3785,assign,0
3079,29751.0,openat_www-data,3786,assign,0
3080,29751.0,openat_www-data,3787,assign,0
3081,29751.0,openat_www-data,3788,assign,0
3082,29755.0,close_www-data,52,assign,0
3083,29759.0,close_www-data,52,assign,0
3084,29759.0,openat_www-data,3789,assign,0
3085,29759.0,close_www-data,52,assign,0
3086,29759.0,openat_www-data,3790,assign,0
3087,29759.0,openat_www-data,3791,assign,0
3088,29759.0,openat_www-data,3792,assign,0
3089,29759.0,openat_www-data,3793,assign,0
3090,29763.0,close_www-data,52,assign,0
3091,29763.0,openat_www-data,3794,assign,0
3092,29763.0,openat_www-data,3795,assign,0
3093,29763.0,openat_www-data,3796,assign,0
3094,29763.0,openat_www-data,3797,assign,0
3095,29767.0,close_www-data,52,assign,0
3096,29767.0,openat_www-data,3798,assign,0
3097,29771.0,openat_www-data,3799,assign,0
3098,29771.0,close_www-data,52,assign,0
3099,29771.0,openat_www-data,3800,assign,0
3100,29771.0,openat_www-data,3801,assign,0
3101,29771.0,openat_www-data,3802,assign,0
3102,29775.0,close_www-data,52,assign,0
3103,29775.0,openat_www-data,3803,assign,0
3104,29775.0,openat_www-data,3804,assign,0
3105,29775.0,openat_www-data,3805,assign,0
3106,29775.0,close_www-data,52,assign,0
3107,29775.0,openat_www-data,3806,assign,0
3108,29775.0,openat_www-data,3807,assign,0
3109,29779.0,openat_www-data,3808,assign,0
3110,29779.0,close_www-data,52,assign,0
3111,29779.0,openat_www-data,3809,assign,0
3112,29779.0,openat_www-data,3810,assign,0
3113,29783.0,openat_www-data,3811,assign,0
3114,29783.0,close_www-data,52,assign,0
3115,29783.0,close_www-data,52,assign,0
3116,29783.0,openat_www-data,3812,assign,0
3117,29783.0,close_www-data,52,assign,0
3118,29783.0,openat_www-data,3813,assign,0
3119,29783.0,openat_www-data,3814,assign,0
3120,29783.0,openat_www-data,3815,assign,0
3121,29787.0,close_www-data,52,assign,0
3122,29787.0,openat_www-data,3816,assign,0
3123,29787.0,openat_www-data,3817,assign,0
3124,29787.0,openat_www-data,3818,assign,0
3125,29791.0,openat_www-data,3819,assign,0
3126,29791.0,close_www-data,52,assign,0
3127,29791.0,openat_www-data,3820,assign,0
3128,29791.0,openat_www-data,3821,assign,0
3129,29791.0,openat_www-data,3822,assign,0
3130,29791.0,openat_www-data,3823,assign,0
3131,29795.0,close_www-data,52,assign,0
3132,29795.0,openat_www-data,3824,assign,0
3133,29795.0,close_www-data,52,assign,0
3134,29795.0,openat_www-data,3825,assign,0
3135,29795.0,openat_www-data,3826,assign,0
3136,29799.0,openat_www-data,3827,assign,0
3137,29799.0,close_www-data,52,assign,0
3138,29799.0,openat_www-data,3828,assign,0
3139,29803.0,close_www-data,52,assign,0
3140,29803.0,openat_www-data,3829,assign,0
3141,29803.0,openat_www-data,3830,assign,0
3142,29803.0,openat_www-data,3831,assign,0
3143,29803.0,openat_www-data,3832,assign,0
3144,29803.0,openat_www-data,3833,assign,0
3145,29807.0,close_www-data,52,assign,0
3146,29807.0,openat_www-data,3834,assign,0
3147,29807.0,openat_www-data,3835,assign,0
3148,29807.0,openat_www-data,3836,assign,0
3149,29807.0,openat_www-data,3837,assign,0
3150,29811.0,close_www-data,52,assign,0
3151,29811.0,openat_www-data,3838,assign,0
3152,29811.0,openat_www-data,3839,assign,0
3153,29811.0,openat_www-data,3840,assign,0
3154,29811.0,close_www-data,52,assign,0
3155,29811.0,openat_www-data,3841,assign,0
3156,29811.0,openat_www-data,3842,assign,0
3157,29811.0,openat_www-data,3843,assign,0
3158,29815.0,close_www-data,52,assign,0
3159,29815.0,openat_www-data,3844,assign,0
3160,29815.0,openat_www-data,3845,assign,0
3161,29815.0,openat_www-data,3846,assign,0
3162,29815.0,close_www-data,52,assign,0
3163,29815.0,close_www-data,52,assign,0
3164,29815.0,openat_www-data,3847,assign,0
3165,29819.0,close_www-data,52,assign,0
3166,29819.0,close_www-data,52,assign,0
3167,29819.0,openat_www-data,3848,assign,0
3168,29819.0,openat_www-data,3849,assign,0
3169,29819.0,openat_www-data,3850,assign,0
3170,29823.0,close_www-data,52,assign,0
3171,29823.0,openat_www-data,3851,assign,0
3172,29827.0,openat_www-data,3852,assign,0
3173,29827.0,close_www-data,52,assign,0
3174,29827.0,openat_www-data,3853,assign,0
3175,29827.0,openat_www-data,3854,assign,0
3176,29831.0,openat_www-data,3855,assign,0
3177,29831.0,close_www-data,52,assign,0
3178,29831.0,openat_www-data,3856,assign,0
3179,29831.0,openat_www-data,3857,assign,0
3180,29831.0,openat_www-data,3858,assign,0
3181,29831.0,openat_www-data,3859,assign,0
3182,29831.0,close_www-data,52,assign,0
3183,29831.0,openat_www-data,3860,assign,0
3184,29831.0,openat_www-data,3861,assign,0
3185,29831.0,openat_www-data,3862,assign,0
3186,29835.0,openat_www-data,3863,assign,0
3187,29835.0,close_www-data,52,assign,0
3188,29835.0,openat_www-data,3864,assign,0
3189,29835.0,openat_www-data,3865,assign,0
3190,29839.0,openat_www-data,3866,assign,0
3191,29839.0,close_www-data,52,assign,0
3192,29843.0,openat_www-data,3867,assign,0
3193,29843.0,close_www-data,52,assign,0
3194,29843.0,openat_www-data,3868,assign,0
3195,29843.0,openat_www-data,3869,assign,0
3196,29843.0,openat_www-data,3870,assign,0
3197,29847.0,openat_www-data,3871,assign,0
3198,29847.0,close_www-data,52,assign,0
3199,29847.0,openat_www-data,3872,assign,0
3200,29847.0,openat_www-data,3873,assign,0
3201,29847.0,openat_www-data,3874,assign,0
3202,29851.0,close_www-data,52,assign,0
3203,29851.0,openat_www-data,3875,assign,0
3204,29851.0,close_www-data,52,assign,0
3205,29851.0,openat_www-data,3876,assign,0
3206,29851.0,openat_www-data,3877,assign,0
3207,29851.0,openat_www-data,3878,assign,0
3208,29855.0,close_www-data,52,assign,0
3209,29855.0,openat_www-data,3879,assign,0
3210,29855.0,openat_www-data,3880,assign,0
3211,29859.0,close_www-data,52,assign,0
3212,29859.0,openat_www-data,3881,assign,0
3213,29859.0,close_www-data,52,assign,0
3214,29859.0,close_www-data,52,assign,0
3215,29859.0,openat_www-data,3882,assign,0
3216,29859.0,close_www-data,52,assign,0
3217,29859.0,openat_www-data,3883,assign,0
3218,29859.0,openat_www-data,3884,assign,0
3219,29863.0,close_www-data,52,assign,0
3220,29863.0,openat_www-data,3885,assign,0
3221,29863.0,openat_www-data,3886,assign,0
3222,29863.0,openat_www-data,3887,assign,0
3223,29863.0,openat_www-data,3888,assign,0
3224,29867.0,close_www-data,52,assign,0
3225,29867.0,openat_www-data,3889,assign,0
3226,29867.0,openat_www-data,3890,assign,0
3227,29867.0,openat_www-data,3891,assign,0
3228,29867.0,openat_www-data,3892,assign,0
3229,29871.0,openat_www-data,3893,assign,0
3230,29871.0,close_www-data,52,assign,0
3231,29871.0,openat_www-data,3894,assign,0
3232,29871.0,close_www-data,52,assign,0
3233,29871.0,openat_www-data,3895,assign,0
3234,29871.0,openat_www-data,3896,assign,0
3235,29875.0,close_www-data,52,assign,0
3236,29875.0,openat_www-data,3897,assign,0
3237,29875.0,openat_www-data,3898,assign,0
3238,29879.0,close_www-data,52,assign,0
3239,29879.0,openat_www-data,3899,assign,0
3240,29879.0,openat_www-data,3900,assign,0
3241,29879.0,openat_www-data,3901,assign,0
3242,29883.0,close_www-data,52,assign,0
3243,29883.0,openat_www-data,3902,assign,0
3244,29883.0,openat_www-data,3903,assign,0
3245,29883.0,openat_www-data,3904,assign,0
3246,29883.0,openat_www-data,3905,assign,0
3247,29883.0,openat_www-data,3906,assign,0
3248,29887.0,openat_www-data,3907,assign,0
3249,29887.0,close_www-data,52,assign,0
3250,29887.0,openat_www-data,3908,assign,0
3251,29891.0,openat_www-data,3909,assign,0
3252,29891.0,close_www-data,52,assign,0
3253,29891.0,openat_www-data,3910,assign,0
3254,29891.0,close_www-data,52,assign,0
3255,29891.0,openat_www-data,3911,assign,0
3256,29891.0,openat_www-data,3912,assign,0
3257,29891.0,openat_www-data,3913,assign,0
3258,29891.0,openat_www-data,3914,assign,0
3259,29895.0,openat_www-data,3915,assign,0
3260,29895.0,openat_www-data,3916,assign,0
3261,29895.0,close_www-data,52,assign,0
3262,29895.0,openat_www-data,3917,assign,0
3263,29895.0,close_www-data,52,assign,0
3264,29895.0,close_www-data,52,assign,0
3265,29895.0,openat_www-data,3918,assign,0
3266,29895.0,close_www-data,52,assign,0
3267,29895.0,openat_www-data,3919,assign,0
3268,29899.0,close_www-data,52,assign,0
3269,29899.0,openat_www-data,3920,assign,0
3270,29899.0,openat_www-data,3921,assign,0
3271,29899.0,openat_www-data,3922,assign,0
3272,29903.0,close_www-data,52,assign,0
3273,29903.0,openat_www-data,3923,assign,0
3274,29903.0,openat_www-data,3924,assign,0
3275,29903.0,openat_www-data,3925,assign,0
3276,29903.0,openat_www-data,3926,assign,0
3277,29907.0,close_www-data,52,assign,0
3278,29907.0,openat_www-data,3927,assign,0
3279,29907.0,openat_www-data,3928,assign,0
3280,29907.0,openat_www-data,3929,assign,0
3281,29911.0,close_www-data,52,assign,0
3282,29911.0,openat_www-data,3930,assign,0
3283,29911.0,close_www-data,52,assign,0
3284,29911.0,openat_www-data,3931,assign,0
3285,29911.0,openat_www-data,3932,assign,0
3286,29911.0,openat_www-data,3933,assign,0
3287,29911.0,openat_www-data,3934,assign,0
3288,29919.0,close_www-data,52,assign,0
3289,29919.0,openat_www-data,3935,assign,0
3290,29919.0,openat_www-data,3936,assign,0
3291,29919.0,openat_www-data,3937,assign,0
3292,29919.0,openat_www-data,3938,assign,0
3293,29919.0,openat_www-data,3939,assign,0
3294,29919.0,openat_www-data,3940,assign,0
3295,29923.0,openat_www-data,3941,assign,0
3296,29923.0,close_www-data,52,assign,0
3297,29923.0,openat_www-data,3942,assign,0
3298,29923.0,openat_www-data,3943,assign,0
3299,29927.0,close_www-data,52,assign,0
3300,29927.0,openat_www-data,3944,assign,0
3301,29927.0,openat_www-data,3945,assign,0
3302,29927.0,openat_www-data,3946,assign,0
3303,29927.0,close_www-data,52,assign,0
3304,29927.0,openat_www-data,3947,assign,0
3305,29927.0,openat_www-data,3948,assign,0
3306,29931.0,openat_www-data,3949,assign,0
3307,29931.0,close_www-data,52,assign,0
3308,29931.0,openat_www-data,3950,assign,0
3309,29931.0,openat_www-data,3951,assign,0
3310,29931.0,openat_www-data,3952,assign,0
3311,29931.0,close_www-data,52,assign,0
3312,29931.0,close_www-data,52,assign,0
3313,29935.0,openat_www-data,3953,assign,0
3314,29935.0,close_www-data,52,assign,0
3315,29935.0,close_www-data,52,assign,0
3316,29935.0,openat_www-data,3954,assign,0
3317,29935.0,openat_www-data,3955,assign,0
3318,29939.0,close_www-data,52,assign,0
3319,29939.0,openat_www-data,3956,assign,0
3320,29939.0,openat_www-data,3957,assign,0
3321,29939.0,openat_www-data,3958,assign,0
3322,29939.0,openat_www-data,3959,assign,0
3323,29939.0,openat_www-data,3960,assign,0
3324,29943.0,openat_www-data,3961,assign,0
3325,29943.0,close_www-data,52,assign,0
3326,29943.0,openat_www-data,3962,assign,0
3327,29943.0,openat_www-data,3963,assign,0
3328,29943.0,openat_www-data,3964,assign,0
3329,29947.0,close_www-data,52,assign,0
3330,29947.0,openat_www-data,3965,assign,0
3331,29947.0,close_www-data,52,assign,0
3332,29947.0,openat_www-data,3966,assign,0
3333,29947.0,openat_www-data,3967,assign,0
3334,29947.0,openat_www-data,3968,assign,0
3335,29947.0,openat_www-data,3969,assign,0
3336,29951.0,close_www-data,52,assign,0
3337,29951.0,openat_www-data,3970,assign,0
3338,29951.0,openat_www-data,3971,assign,0
3339,29951.0,openat_www-data,3972,assign,0
3340,29955.0,close_www-data,52,assign,0
3341,29955.0,openat_www-data,3973,assign,0
3342,29959.0,close_www-data,52,assign,0
3343,29959.0,openat_www-data,3974,assign,0
3344,29959.0,openat_www-data,3975,assign,0
3345,29959.0,openat_www-data,3976,assign,0
3346,29959.0,openat_www-data,3977,assign,0
3347,29959.0,openat_www-data,3978,assign,0
3348,29963.0,close_www-data,52,assign,0
3349,29963.0,openat_www-data,3979,assign,0
3350,29963.0,openat_www-data,3980,assign,0
3351,29963.0,openat_www-data,3981,assign,0
3352,29963.0,close_www-data,52,assign,0
3353,29963.0,openat_www-data,3982,assign,0
3354,29967.0,close_www-data,52,assign,0
3355,29967.0,openat_www-data,3983,assign,0
3356,29967.0,openat_www-data,3984,assign,0
3357,29967.0,openat_www-data,3985,assign,0
3358,29967.0,openat_www-data,3986,assign,0
3359,29971.0,openat_www-data,3987,assign,0
3360,29971.0,close_www-data,52,assign,0
3361,29971.0,close_www-data,52,assign,0
3362,29971.0,openat_www-data,3988,assign,0
3363,29971.0,close_www-data,52,assign,0
3364,29971.0,openat_www-data,3989,assign,0
3365,29971.0,openat_www-data,3990,assign,0
3366,29975.0,close_www-data,52,assign,0
3367,29975.0,openat_www-data,3991,assign,0
3368,29975.0,openat_www-data,3992,assign,0
3369,29975.0,openat_www-data,3993,assign,0
3370,29975.0,openat_www-data,3994,assign,0
3371,29975.0,openat_www-data,3995,assign,0
3372,29975.0,openat_www-data,3996,assign,0
3373,29979.0,close_www-data,52,assign,0
3374,29979.0,openat_www-data,3997,assign,0
3375,29979.0,openat_www-data,3998,assign,0
3376,29979.0,openat_www-data,3999,assign,0
3377,29979.0,openat_www-data,4000,assign,0
3378,29979.0,close_www-data,52,assign,0
3379,29983.0,close_www-data,52,assign,0
3380,29983.0,openat_www-data,4001,assign,0
3381,29983.0,openat_www-data,4002,assign,0
3382,29983.0,openat_www-data,4003,assign,0
3383,29983.0,openat_www-data,4004,assign,0
3384,29987.0,close_www-data,52,assign,0
3385,29987.0,openat_www-data,4005,assign,0
3386,29987.0,openat_www-data,4006,assign,0
3387,29987.0,openat_www-data,4007,assign,0
3388,29991.0,openat_www-data,4008,assign,0
3389,29991.0,close_www-data,52,assign,0
3390,29991.0,openat_www-data,4009,assign,0
3391,29991.0,openat_www-data,4010,assign,0
3392,29995.0,close_www-data,52,assign,0
3393,29995.0,openat_www-data,4011,assign,0
3394,29995.0,openat_www-data,4012,assign,0
3395,29995.0,openat_www-data,4013,assign,0
3396,29995.0,openat_www-data,4014,assign,0
3397,29999.0,close_www-data,52,assign,0
3398,29999.0,openat_www-data,4015,assign,0
3399,29999.0,openat_www-data,4016,assign,0
3400,29999.0,close_www-data,52,assign,0
3401,30003.0,close_www-data,52,assign,0
3402,30003.0,openat_www-data,4017,assign,0
3403,30003.0,openat_www-data,4018,assign,0
3404,30003.0,openat_www-data,4019,assign,0
3405,30003.0,openat_www-data,4020,assign,0
3406,30003.0,openat_www-data,4021,assign,0
3407,30007.0,close_www-data,52,assign,0
3408,30007.0,openat_www-data,4022,assign,0
3409,30007.0,close_www-data,52,assign,0
3410,30007.0,close_www-data,52,assign,0
3411,30007.0,openat_www-data,4023,assign,0
3412,30007.0,close_www-data,52,assign,0
3413,30007.0,openat_www-data,4024,assign,0
3414,30007.0,openat_www-data,4025,assign,0
3415,30011.0,close_www-data,52,assign,0
3416,30011.0,openat_www-data,4026,assign,0
3417,30015.0,openat_www-data,4027,assign,0
3418,30015.0,close_www-data,52,assign,0
3419,30015.0,openat_www-data,4028,assign,0
3420,30015.0,openat_www-data,4029,assign,0
3421,30015.0,openat_www-data,4030,assign,0
3422,30015.0,openat_www-data,4031,assign,0
3423,30015.0,openat_www-data,4032,assign,0
3424,30019.0,close_www-data,52,assign,0
3425,30019.0,openat_www-data,4033,assign,0
3426,30019.0,openat_www-data,4034,assign,0
3427,30019.0,openat_www-data,4035,assign,0
3428,30019.0,close_www-data,52,assign,0
3429,30019.0,openat_www-data,4036,assign,0
3430,30023.0,openat_www-data,4037,assign,0
3431,30023.0,openat_www-data,4038,assign,0
3432,30023.0,close_www-data,52,assign,0
3433,30023.0,openat_www-data,4039,assign,0
3434,30023.0,openat_www-data,4040,assign,0
3435,30027.0,close_www-data,52,assign,0
3436,30027.0,openat_www-data,4041,assign,0
3437,30027.0,openat_www-data,4042,assign,0
3438,30027.0,openat_www-data,4043,assign,0
3439,30027.0,openat_www-data,4044,assign,0
3440,30031.0,openat_www-data,4045,assign,0
3441,30031.0,close_www-data,52,assign,0
3442,30031.0,openat_www-data,4046,assign,0
3443,30031.0,openat_www-data,4047,assign,0
3444,30031.0,openat_www-data,4048,assign,0
3445,30031.0,openat_www-data,4049,assign,0
3446,30035.0,close_www-data,52,assign,0
3447,30035.0,openat_www-data,4050,assign,0
3448,30035.0,openat_www-data,4051,assign,0
3449,30035.0,openat_www-data,4052,assign,0
3450,30035.0,close_www-data,52,assign,0
3451,30035.0,openat_www-data,4053,assign,0
3452,30035.0,openat_www-data,4054,assign,0
3453,30039.0,close_www-data,52,assign,0
3454,30039.0,openat_www-data,4055,assign,0
3455,30039.0,openat_www-data,4056,assign,0
3456,30039.0,openat_www-data,4057,assign,0
3457,30039.0,openat_www-data,4058,assign,0
3458,30039.0,close_www-data,52,assign,0
3459,30039.0,close_www-data,52,assign,0
3460,30039.0,openat_www-data,4059,assign,0
3461,30039.0,close_www-data,52,assign,0
3462,30043.0,close_www-data,52,assign,0
3463,30043.0,openat_www-data,4060,assign,0
3464,30043.0,openat_www-data,4061,assign,0
3465,30043.0,openat_www-data,4062,assign,0
3466,30043.0,openat_www-data,4063,assign,0
3467,30043.0,openat_www-data,4064,assign,0
3468,30043.0,openat_www-data,4065,assign,0
3469,30047.0,close_www-data,52,assign,0
3470,30047.0,openat_www-data,4066,assign,0
3471,30047.0,openat_www-data,4067,assign,0
3472,30047.0,openat_www-data,4068,assign,0
3473,30051.0,close_www-data,52,assign,0
3474,30051.0,openat_www-data,4069,assign,0
3475,30051.0,openat_www-data,4070,assign,0
3476,30055.0,close_www-data,52,assign,0
3477,30055.0,openat_www-data,4071,assign,0
3478,30055.0,close_www-data,52,assign,0
3479,30055.0,openat_www-data,4072,assign,0
3480,30055.0,openat_www-data,4073,assign,0
3481,30059.0,close_www-data,52,assign,0
3482,30059.0,openat_www-data,4074,assign,0
3483,30059.0,openat_www-data,4075,assign,0
3484,30059.0,openat_www-data,4076,assign,0
3485,30059.0,openat_www-data,4077,assign,0
3486,30063.0,close_www-data,52,assign,0
3487,30063.0,openat_www-data,4078,assign,0
3488,30063.0,openat_www-data,4079,assign,0
3489,30063.0,openat_www-data,4080,assign,0
3490,30067.0,openat_www-data,4081,assign,0
3491,30067.0,close_www-data,52,assign,0
3492,30067.0,openat_www-data,4082,assign,0
3493,30067.0,openat_www-data,4083,assign,0
3494,30067.0,openat_www-data,4084,assign,0
3495,30071.0,close_www-data,52,assign,0
3496,30071.0,openat_www-data,4085,assign,0
3497,30071.0,openat_www-data,4086,assign,0
3498,30071.0,openat_www-data,4087,assign,0
3499,30071.0,close_www-data,52,assign,0
3500,30071.0,openat_www-data,4088,assign,0
3501,30071.0,openat_www-data,4089,assign,0
3502,30071.0,openat_www-data,4090,assign,0
3503,30075.0,close_www-data,52,assign,0
3504,30075.0,openat_www-data,4091,assign,0
3505,30075.0,openat_www-data,4092,assign,0
3506,30079.0,openat_www-data,4093,assign,0
3507,30079.0,close_www-data,52,assign,0
3508,30079.0,close_www-data,52,assign,0
3509,30079.0,openat_www-data,4094,assign,0
3510,30079.0,close_www-data,52,assign,0
3511,30079.0,openat_www-data,4095,assign,0
3512,30083.0,close_www-data,52,assign,0
3513,30083.0,openat_www-data,4096,assign,0
3514,30083.0,openat_www-data,4097,assign,0
3515,30083.0,openat_www-data,4098,assign,0
3516,30083.0,openat_www-data,4099,assign,0
3517,30087.0,close_www-data,52,assign,0
3518,30087.0,openat_www-data,4100,assign,0
3519,30087.0,openat_www-data,4101,assign,0
3520,30087.0,openat_www-data,4102,assign,0
3521,30087.0,openat_www-data,4103,assign,0
3522,30087.0,openat_www-data,4104,assign,0
3523,30087.0,openat_www-data,4105,assign,0
3524,30091.0,close_www-data,52,assign,0
3525,30091.0,openat_www-data,4106,assign,0
3526,30091.0,close_www-data,52,assign,0
3527,30091.0,openat_www-data,4107,assign,0
3528,30095.0,openat_www-data,4108,assign,0
3529,30095.0,openat_www-data,4109,assign,0
3530,30095.0,close_www-data,52,assign,0
3531,30095.0,openat_www-data,4110,assign,0
3532,30095.0,openat_www-data,4111,assign,0
3533,30099.0,close_www-data,52,assign,0
3534,30099.0,openat_www-data,4112,assign,0
3535,30099.0,openat_www-data,4113,assign,0
3536,30099.0,openat_www-data,4114,assign,0
3537,30099.0,openat_www-data,4115,assign,0
3538,30103.0,close_www-data,52,assign,0
3539,30103.0,openat_www-data,4116,assign,0
3540,30103.0,openat_www-data,4117,assign,0
3541,30103.0,openat_www-data,4118,assign,0
3542,30103.0,openat_www-data,4119,assign,0
3543,30107.0,close_www-data,52,assign,0
3544,30107.0,openat_www-data,4120,assign,0
3545,30107.0,openat_www-data,4121,assign,0
3546,30107.0,openat_www-data,4122,assign,0
3547,30107.0,openat_www-data,4123,assign,0
3548,30107.0,close_www-data,52,assign,0
3549,30107.0,openat_www-data,4124,assign,0
3550,30111.0,close_www-data,52,assign,0
3551,30111.0,openat_www-data,4125,assign,0
3552,30111.0,openat_www-data,4126,assign,0
3553,30111.0,openat_www-data,4127,assign,0
3554,30111.0,openat_www-data,4128,assign,0
3555,30119.0,close_www-data,52,assign,0
3556,30119.0,openat_www-data,4129,assign,0
3557,30119.0,close_www-data,52,assign,0
3558,30119.0,close_www-data,52,assign,0
3559,30119.0,openat_www-data,4130,assign,0
3560,30119.0,close_www-data,52,assign,0
3561,30123.0,close_www-data,52,assign,0
3562,30123.0,openat_www-data,4131,assign,0
3563,30123.0,openat_www-data,4132,assign,0
3564,30123.0,openat_www-data,4133,assign,0
3565,30123.0,openat_www-data,4134,assign,0
3566,30127.0,close_www-data,52,assign,0
3567,30127.0,openat_www-data,4135,assign,0
3568,30127.0,openat_www-data,4136,assign,0
3569,30131.0,openat_www-data,4137,assign,0
3570,30131.0,close_www-data,52,assign,0
3571,30131.0,openat_www-data,4138,assign,0
3572,30131.0,openat_www-data,4139,assign,0
3573,30131.0,openat_www-data,4140,assign,0
3574,30131.0,openat_www-data,4141,assign,0
3575,30131.0,openat_www-data,4142,assign,0
3576,30135.0,close_www-data,52,assign,0
3577,30135.0,openat_www-data,4143,assign,0
3578,30139.0,openat_www-data,4144,assign,0
3579,30139.0,openat_www-data,4145,assign,0
3580,30139.0,close_www-data,52,assign,0
3581,30139.0,openat_www-data,4146,assign,0
3582,30139.0,openat_www-data,4147,assign,0
3583,30139.0,openat_www-data,4148,assign,0
3584,30139.0,openat_www-data,4149,assign,0
3585,30143.0,close_www-data,52,assign,0
3586,30143.0,openat_www-data,4150,assign,0
3587,30143.0,openat_www-data,4151,assign,0
3588,30143.0,openat_www-data,4152,assign,0
3589,30143.0,openat_www-data,4153,assign,0
3590,30143.0,openat_www-data,4154,assign,0
3591,30147.0,close_www-data,52,assign,0
3592,30147.0,openat_www-data,4155,assign,0
3593,30147.0,openat_www-data,4156,assign,0
3594,30147.0,openat_www-data,4157,assign,0
3595,30147.0,openat_www-data,4158,assign,0
3596,30147.0,openat_www-data,4159,assign,0
3597,30147.0,close_www-data,52,assign,0
3598,30151.0,openat_www-data,4160,assign,0
3599,30151.0,close_www-data,52,assign,0
3600,30151.0,openat_www-data,4161,assign,0
3601,30151.0,openat_www-data,4162,assign,0
3602,30151.0,openat_www-data,4163,assign,0
3603,30155.0,openat_www-data,4164,assign,0
3604,30155.0,openat_www-data,4165,assign,0
3605,30155.0,close_www-data,52,assign,0
3606,30155.0,openat_www-data,4166,assign,0
3607,30155.0,close_www-data,52,assign,0
3608,30155.0,close_www-data,52,assign,0
3609,30159.0,close_www-data,52,assign,0
3610,30159.0,openat_www-data,4167,assign,0
3611,30159.0,close_www-data,52,assign,0
3612,30159.0,openat_www-data,4168,assign,0
3613,30159.0,openat_www-data,4169,assign,0
3614,30159.0,openat_www-data,4170,assign,0
3615,30163.0,close_www-data,52,assign,0
3616,30163.0,openat_www-data,4171,assign,0
3617,30163.0,openat_www-data,4172,assign,0
3618,30163.0,openat_www-data,4173,assign,0
3619,30163.0,openat_www-data,4174,assign,0
3620,30163.0,openat_www-data,4175,assign,0
3621,30163.0,openat_www-data,4176,assign,0
3622,30167.0,close_www-data,52,assign,0
3623,30167.0,openat_www-data,4177,assign,0
3624,30167.0,openat_www-data,4178,assign,0
3625,30167.0,openat_www-data,4179,assign,0
3626,30167.0,close_www-data,52,assign,0
3627,30167.0,openat_www-data,4180,assign,0
3628,30171.0,openat_www-data,4181,assign,0
3629,30171.0,openat_www-data,4182,assign,0
3630,30175.0,close_www-data,52,assign,0
3631,30175.0,openat_www-data,4183,assign,0
3632,30175.0,openat_www-data,4184,assign,0
3633,30175.0,openat_www-data,4185,assign,0
3634,30179.0,openat_www-data,4186,assign,0
3635,30179.0,close_www-data,52,assign,0
3636,30179.0,openat_www-data,4187,assign,0
3637,30179.0,openat_www-data,4188,assign,0
3638,30179.0,openat_www-data,4189,assign,0
3639,30179.0,openat_www-data,4190,assign,0
3640,30183.0,close_www-data,52,assign,0
3641,30183.0,openat_www-data,4191,assign,0
3642,30183.0,openat_www-data,4192,assign,0
3643,30183.0,openat_www-data,4193,assign,0
3644,30183.0,openat_www-data,4194,assign,0
3645,30183.0,openat_www-data,4195,assign,0
3646,30187.0,close_www-data,52,assign,0
3647,30187.0,openat_www-data,4196,assign,0
3648,30187.0,close_www-data,52,assign,0
3649,30187.0,openat_www-data,4197,assign,0
3650,30187.0,openat_www-data,4198,assign,0
3651,30187.0,openat_www-data,4199,assign,0
3652,30187.0,openat_www-data,4200,assign,0
3653,30191.0,openat_www-data,4201,assign,0
3654,30191.0,openat_www-data,4202,assign,0
3655,30191.0,close_www-data,52,assign,0
3656,30191.0,openat_www-data,4203,assign,0
3657,30191.0,close_www-data,52,assign,0
3658,30191.0,close_www-data,52,assign,0
3659,30191.0,openat_www-data,4204,assign,0
3660,30191.0,close_www-data,52,assign,0
3661,30191.0,openat_www-data,4205,assign,0
3662,30195.0,close_www-data,52,assign,0
3663,30195.0,openat_www-data,4206,assign,0
3664,30195.0,openat_www-data,4207,assign,0
3665,30199.0,close_www-data,52,assign,0
3666,30199.0,openat_www-data,4208,assign,0
3667,30199.0,openat_www-data,4209,assign,0
3668,30199.0,openat_www-data,4210,assign,0
3669,30199.0,openat_www-data,4211,assign,0
3670,30199.0,openat_www-data,4212,assign,0
3671,30203.0,close_www-data,52,assign,0
3672,30203.0,openat_www-data,4213,assign,0
3673,30203.0,openat_www-data,4214,assign,0
3674,30203.0,openat_www-data,4215,assign,0
3675,30203.0,openat_www-data,4216,assign,0
3676,30203.0,close_www-data,52,assign,0
3677,30203.0,openat_www-data,4217,assign,0
3678,30211.0,openat_www-data,4218,assign,0
3679,30211.0,openat_www-data,4219,assign,0
3680,30211.0,close_www-data,52,assign,0
3681,30211.0,openat_www-data,4220,assign,0
3682,30211.0,openat_www-data,4221,assign,0
3683,30211.0,openat_www-data,4222,assign,0
3684,30211.0,openat_www-data,4223,assign,0
3685,30215.0,close_www-data,52,assign,0
3686,30215.0,openat_www-data,4224,assign,0
3687,30215.0,openat_www-data,4225,assign,0
3688,30215.0,openat_www-data,4226,assign,0
3689,30215.0,openat_www-data,4227,assign,0
3690,30219.0,close_www-data,52,assign,0
3691,30219.0,openat_www-data,4228,assign,0
3692,30219.0,openat_www-data,4229,assign,0
3693,30219.0,openat_www-data,4230,assign,0
3694,30219.0,openat_www-data,4231,assign,0
3695,30219.0,openat_www-data,4232,assign,0
3696,30223.0,close_www-data,52,assign,0
3697,30223.0,openat_www-data,4233,assign,0
3698,30223.0,close_www-data,52,assign,0
3699,30223.0,openat_www-data,4234,assign,0
3700,30223.0,openat_www-data,4235,assign,0
3701,30223.0,openat_www-data,4236,assign,0
3702,30223.0,openat_www-data,4237,assign,0
3703,30227.0,openat_www-data,4238,assign,0
3704,30227.0,openat_www-data,4239,assign,0
3705,30227.0,close_www-data,52,assign,0
3706,30227.0,openat_www-data,4240,assign,0
3707,30227.0,close_www-data,52,assign,0
3708,30227.0,close_www-data,52,assign,0
3709,30227.0,openat_www-data,4241,assign,0
3710,30227.0,close_www-data,52,assign,0
3711,30227.0,openat_www-data,4242,assign,0
3712,30231.0,openat_www-data,4243,assign,0
3713,30231.0,close_www-data,52,assign,0
3714,30231.0,openat_www-data,4244,assign,0
3715,30231.0,openat_www-data,4245,assign,0
3716,30231.0,openat_www-data,4246,assign,0
3717,30235.0,close_www-data,52,assign,0
3718,30235.0,openat_www-data,4247,assign,0
3719,30239.0,close_www-data,52,assign,0
3720,30239.0,openat_www-data,4248,assign,0
3721,30239.0,openat_www-data,4249,assign,0
3722,30239.0,openat_www-data,4250,assign,0
3723,30239.0,openat_www-data,4251,assign,0
3724,30239.0,openat_www-data,4252,assign,0
3725,30239.0,openat_www-data,4253,assign,0
3726,30239.0,close_www-data,52,assign,0
3727,30243.0,close_www-data,52,assign,0
3728,30243.0,openat_www-data,4254,assign,0
3729,30243.0,openat_www-data,4255,assign,0
3730,30243.0,openat_www-data,4256,assign,0
3731,30243.0,openat_www-data,4257,assign,0
3732,30243.0,openat_www-data,4258,assign,0
3733,30247.0,close_www-data,52,assign,0
3734,30247.0,openat_www-data,4259,assign,0
3735,30247.0,openat_www-data,4260,assign,0
3736,30247.0,openat_www-data,4261,assign,0
3737,30247.0,openat_www-data,4262,assign,0
3738,30251.0,close_www-data,52,assign,0
3739,30251.0,openat_www-data,4263,assign,0
3740,30251.0,openat_www-data,4264,assign,0
3741,30255.0,close_www-data,52,assign,0
3742,30255.0,openat_www-data,4265,assign,0
3743,30255.0,openat_www-data,4266,assign,0
3744,30255.0,openat_www-data,4267,assign,0
3745,30255.0,openat_www-data,4268,assign,0
3746,30255.0,openat_www-data,4269,assign,0
3747,30255.0,close_www-data,52,assign,0
3748,30255.0,openat_www-data,4270,assign,0
3749,30255.0,openat_www-data,4271,assign,0
3750,30255.0,openat_www-data,4272,assign,0
3751,30255.0,openat_www-data,4273,assign,0
3752,30259.0,openat_www-data,4274,assign,0
3753,30259.0,openat_www-data,4275,assign,0
3754,30259.0,close_www-data,52,assign,0
3755,30259.0,openat_www-data,4276,assign,0
3756,30263.0,close_www-data,52,assign,0
3757,30263.0,close_www-data,52,assign,0
3758,30263.0,openat_www-data,4277,assign,0
3759,30263.0,close_www-data,52,assign,0
3760,30263.0,openat_www-data,4278,assign,0
3761,30263.0,openat_www-data,4279,assign,0
3762,30263.0,openat_www-data,4280,assign,0
3763,30267.0,close_www-data,52,assign,0
3764,30267.0,openat_www-data,4281,assign,0
3765,30267.0,openat_www-data,4282,assign,0
3766,30267.0,openat_www-data,4283,assign,0
3767,30267.0,openat_www-data,4284,assign,0
3768,30267.0,openat_www-data,4285,assign,0
3769,30271.0,openat_www-data,4286,assign,0
3770,30271.0,close_www-data,52,assign,0
3771,30271.0,openat_www-data,4287,assign,0
3772,30271.0,openat_www-data,4288,assign,0
3773,30275.0,close_www-data,52,assign,0
3774,30275.0,openat_www-data,4289,assign,0
3775,30275.0,close_www-data,52,assign,0
3776,30275.0,openat_www-data,4290,assign,0
3777,30275.0,openat_www-data,4291,assign,0
3778,30275.0,openat_www-data,4292,assign,0
3779,30279.0,close_www-data,52,assign,0
3780,30279.0,openat_www-data,4293,assign,0
3781,30279.0,openat_www-data,4294,assign,0
3782,30279.0,openat_www-data,4295,assign,0
3783,30283.0,close_www-data,52,assign,0
3784,30283.0,openat_www-data,4296,assign,0
3785,30283.0,openat_www-data,4297,assign,0
3786,30287.0,close_www-data,52,assign,0
3787,30287.0,openat_www-data,4298,assign,0
3788,30287.0,openat_www-data,4299,assign,0
3789,30287.0,openat_www-data,4300,assign,0
3790,30287.0,openat_www-data,4301,assign,0
3791,30291.0,close_www-data,52,assign,0
3792,30291.0,openat_www-data,4302,assign,0
3793,30291.0,openat_www-data,4303,assign,0
3794,30291.0,openat_www-data,4304,assign,0
3795,30295.0,openat_www-data,4305,assign,0
3796,30295.0,close_www-data,52,assign,0
3797,30295.0,openat_www-data,4306,assign,0
3798,30295.0,openat_www-data,4307,assign,0
3799,30295.0,openat_www-data,4308,assign,0
3800,30295.0,openat_www-data,4309,assign,0
3801,30299.0,openat_www-data,4310,assign,0
3802,30299.0,close_www-data,52,assign,0
3803,30299.0,openat_www-data,4311,assign,0
3804,30299.0,close_www-data,52,assign,0
3805,30299.0,close_www-data,52,assign,0
3806,30299.0,openat_www-data,4312,assign,0
3807,30299.0,close_www-data,52,assign,0
3808,30299.0,openat_www-data,4313,assign,0
3809,30299.0,openat_www-data,4314,assign,0
3810,30303.0,close_www-data,52,assign,0
3811,30303.0,openat_www-data,4315,assign,0
3812,30303.0,openat_www-data,4316,assign,0
3813,30303.0,openat_www-data,4317,assign,0
3814,30311.0,close_www-data,52,assign,0
3815,30311.0,openat_www-data,4318,assign,0
3816,30311.0,openat_www-data,4319,assign,0
3817,30311.0,openat_www-data,4320,assign,0
3818,30311.0,openat_www-data,4321,assign,0
3819,30311.0,openat_www-data,4322,assign,0
3820,30311.0,openat_www-data,4323,assign,0
3821,30315.0,close_www-data,52,assign,0
3822,30315.0,openat_www-data,4324,assign,0
3823,30315.0,close_www-data,52,assign,0
3824,30315.0,openat_www-data,4325,assign,0
3825,30319.0,openat_www-data,4326,assign,0
3826,30319.0,openat_www-data,4327,assign,0
3827,30319.0,close_www-data,52,assign,0
3828,30319.0,openat_www-data,4328,assign,0
3829,30319.0,openat_www-data,4329,assign,0
3830,30319.0,openat_www-data,4330,assign,0
3831,30319.0,openat_www-data,4331,assign,0
3832,30319.0,openat_www-data,4332,assign,0
3833,30323.0,close_www-data,52,assign,0
3834,30323.0,openat_www-data,4333,assign,0
3835,30327.0,close_www-data,52,assign,0
3836,30327.0,openat_www-data,4334,assign,0
3837,30327.0,openat_www-data,4335,assign,0
3838,30327.0,openat_www-data,4336,assign,0
3839,30327.0,openat_www-data,4337,assign,0
3840,30331.0,close_www-data,52,assign,0
3841,30331.0,openat_www-data,4338,assign,0
3842,30331.0,openat_www-data,4339,assign,0
3843,30331.0,openat_www-data,4340,assign,0
3844,30331.0,openat_www-data,4341,assign,0
3845,30331.0,close_www-data,52,assign,0
3846,30335.0,openat_www-data,4342,assign,0
3847,30335.0,close_www-data,52,assign,0
3848,30335.0,openat_www-data,4343,assign,0
3849,30335.0,openat_www-data,4344,assign,0
3850,30335.0,openat_www-data,4345,assign,0
3851,30339.0,openat_www-data,4346,assign,0
3852,30339.0,close_www-data,52,assign,0
3853,30339.0,openat_www-data,4347,assign,0
3854,30339.0,close_www-data,52,assign,0
3855,30339.0,close_www-data,52,assign,0
3856,30339.0,openat_www-data,4348,assign,0
3857,30339.0,close_www-data,52,assign,0
3858,30339.0,openat_www-data,4349,assign,0
3859,30339.0,openat_www-data,4350,assign,0
3860,30343.0,close_www-data,52,assign,0
3861,30343.0,openat_www-data,4351,assign,0
3862,30343.0,openat_www-data,4352,assign,0
3863,30343.0,openat_www-data,4353,assign,0
3864,30347.0,openat_www-data,4354,assign,0
3865,30347.0,close_www-data,52,assign,0
3866,30347.0,openat_www-data,4355,assign,0
3867,30347.0,openat_www-data,4356,assign,0
3868,30347.0,openat_www-data,4357,assign,0
3869,30355.0,close_www-data,52,assign,0
3870,30355.0,openat_www-data,4358,assign,0
3871,30355.0,openat_www-data,4359,assign,0
3872,30355.0,openat_www-data,4360,assign,0
3873,30355.0,close_www-data,52,assign,0
3874,30355.0,openat_www-data,4361,assign,0
3875,30359.0,openat_www-data,4362,assign,0
3876,30359.0,close_www-data,52,assign,0
3877,30359.0,openat_www-data,4363,assign,0
3878,30359.0,openat_www-data,4364,assign,0
3879,30359.0,openat_www-data,4365,assign,0
3880,30359.0,openat_www-data,4366,assign,0
3881,30359.0,openat_www-data,4367,assign,0
3882,30363.0,close_www-data,52,assign,0
3883,30363.0,openat_www-data,4368,assign,0
3884,30363.0,openat_www-data,4369,assign,0
3885,30363.0,openat_www-data,4370,assign,0
3886,30367.0,close_www-data,52,assign,0
3887,30367.0,openat_www-data,4371,assign,0
3888,30367.0,openat_www-data,4372,assign,0
3889,30371.0,openat_www-data,4373,assign,0
3890,30371.0,close_www-data,52,assign,0
3891,30371.0,openat_www-data,4374,assign,0
3892,30371.0,openat_www-data,4375,assign,0
3893,30375.0,openat_www-data,4376,assign,0
3894,30375.0,close_www-data,52,assign,0
3895,30375.0,openat_www-data,4377,assign,0
3896,30375.0,openat_www-data,4378,assign,0
3897,30375.0,openat_www-data,4379,assign,0
3898,30375.0,openat_www-data,4380,assign,0
3899,30375.0,openat_www-data,4381,assign,0
3900,30379.0,openat_www-data,4382,assign,0
3901,30379.0,close_www-data,52,assign,0
3902,30379.0,close_www-data,52,assign,0
3903,30379.0,openat_www-data,4383,assign,0
3904,30379.0,close_www-data,52,assign,0
3905,30379.0,openat_www-data,4384,assign,0
3906,30379.0,openat_www-data,4385,assign,0
3907,30379.0,openat_www-data,4386,assign,0
3908,30383.0,close_www-data,52,assign,0
3909,30383.0,openat_www-data,4387,assign,0
3910,30383.0,openat_www-data,4388,assign,0
3911,30383.0,openat_www-data,4389,assign,0
3912,30383.0,openat_www-data,4390,assign,0
3913,30387.0,openat_www-data,4391,assign,0
3914,30387.0,close_www-data,52,assign,0
3915,30387.0,openat_www-data,4392,assign,0
3916,30387.0,openat_www-data,4393,assign,0
3917,30391.0,close_www-data,52,assign,0
3918,30391.0,openat_www-data,4394,assign,0
3919,30391.0,openat_www-data,4395,assign,0
3920,30391.0,close_www-data,52,assign,0
3921,30391.0,openat_www-data,4396,assign,0
3922,30395.0,openat_www-data,4397,assign,0
3923,30395.0,close_www-data,52,assign,0
3924,30395.0,openat_www-data,4398,assign,0
3925,30395.0,openat_www-data,4399,assign,0
3926,30395.0,openat_www-data,4400,assign,0
3927,30399.0,close_www-data,52,assign,0
3928,30399.0,openat_www-data,4401,assign,0
3929,30399.0,openat_www-data,4402,assign,0
3930,30399.0,openat_www-data,4403,assign,0
3931,30399.0,openat_www-data,4404,assign,0
3932,30399.0,openat_www-data,4405,assign,0
3933,30403.0,close_www-data,52,assign,0
3934,30403.0,openat_www-data,4406,assign,0
3935,30403.0,openat_www-data,4407,assign,0
3936,30403.0,openat_www-data,4408,assign,0
3937,30407.0,openat_www-data,4409,assign,0
3938,30407.0,close_www-data,52,assign,0
3939,30407.0,openat_www-data,4410,assign,0
3940,30411.0,openat_www-data,4411,assign,0
3941,30411.0,close_www-data,52,assign,0
3942,30411.0,openat_www-data,4412,assign,0
3943,30411.0,openat_www-data,4413,assign,0
3944,30411.0,openat_www-data,4414,assign,0
3945,30411.0,openat_www-data,4415,assign,0
3946,30411.0,openat_www-data,4416,assign,0
3947,30411.0,openat_www-data,4417,assign,0
3948,30415.0,close_www-data,52,assign,0
3949,30415.0,close_www-data,52,assign,0
3950,30415.0,openat_www-data,4418,assign,0
3951,30415.0,close_www-data,52,assign,0
3952,30415.0,openat_www-data,4419,assign,0
3953,30415.0,openat_www-data,4420,assign,0
3954,30415.0,openat_www-data,4421,assign,0
3955,30419.0,close_www-data,52,assign,0
3956,30419.0,openat_www-data,4422,assign,0
3957,30419.0,openat_www-data,4423,assign,0
3958,30419.0,openat_www-data,4424,assign,0
3959,30419.0,openat_www-data,4425,assign,0
3960,30423.0,close_www-data,52,assign,0
3961,30423.0,openat_www-data,4426,assign,0
3962,30423.0,openat_www-data,4427,assign,0
3963,30423.0,openat_www-data,4428,assign,0
3964,30423.0,openat_www-data,4429,assign,0
3965,30427.0,close_www-data,52,assign,0
3966,30427.0,openat_www-data,4430,assign,0
3967,30427.0,close_www-data,52,assign,0
3968,30427.0,openat_www-data,4431,assign,0
3969,30431.0,openat_www-data,4432,assign,0
3970,30431.0,openat_www-data,4433,assign,0
3971,30431.0,close_www-data,52,assign,0
3972,30431.0,openat_www-data,4434,assign,0
3973,30431.0,openat_www-data,4435,assign,0
3974,30431.0,openat_www-data,4436,assign,0
3975,30431.0,openat_www-data,4437,assign,0
3976,30431.0,openat_www-data,4438,assign,0
3977,30435.0,close_www-data,52,assign,0
3978,30435.0,openat_www-data,4439,assign,0
3979,30435.0,openat_www-data,4440,assign,0
3980,30435.0,openat_www-data,4441,assign,0
3981,30439.0,close_www-data,52,assign,0
3982,30439.0,openat_www-data,4442,assign,0
3983,30439.0,openat_www-data,4443,assign,0
3984,30439.0,openat_www-data,4444,assign,0
3985,30439.0,openat_www-data,4445,assign,0
3986,30439.0,openat_www-data,4446,assign,0
3987,30443.0,close_www-data,52,assign,0
3988,30443.0,openat_www-data,4447,assign,0
3989,30443.0,close_www-data,52,assign,0
3990,30443.0,openat_www-data,4448,assign,0
3991,30443.0,openat_www-data,4449,assign,0
3992,30443.0,openat_www-data,4450,assign,0
3993,30443.0,openat_www-data,4451,assign,0
3994,30447.0,openat_www-data,4452,assign,0
3995,30447.0,openat_www-data,4453,assign,0
3996,30447.0,close_www-data,52,assign,0
3997,30447.0,openat_www-data,4454,assign,0
3998,30447.0,close_www-data,52,assign,0
3999,30447.0,close_www-data,52,assign,0
4000,30447.0,openat_www-data,4455,assign,0
4001,30447.0,close_www-data,52,assign,0
4002,30447.0,openat_www-data,4456,assign,0
4003,30447.0,openat_www-data,4457,assign,0
4004,30451.0,close_www-data,51,assign,0
4005,30451.0,openat_www-data,4458,assign,0
4006,30455.0,close_www-data,51,assign,0
4007,30455.0,openat_www-data,4459,assign,0
4008,30455.0,openat_www-data,4460,assign,0
4009,30455.0,openat_www-data,4461,assign,0
4010,30455.0,openat_www-data,4462,assign,0
4011,30459.0,close_www-data,51,assign,0
4012,30459.0,openat_www-data,4463,assign,0
4013,30459.0,openat_www-data,4464,assign,0
4014,30459.0,openat_www-data,4465,assign,0
4015,30459.0,openat_www-data,4466,assign,0
4016,30463.0,close_www-data,51,assign,0
4017,30463.0,openat_www-data,4467,assign,0
4018,30463.0,openat_www-data,4468,assign,0
4019,30467.0,openat_www-data,4469,assign,0
4020,30467.0,close_www-data,51,assign,0
4021,30467.0,openat_www-data,4470,assign,0
4022,30467.0,openat_www-data,4471,assign,0
4023,30467.0,openat_www-data,4472,assign,0
4024,30467.0,openat_www-data,4473,assign,0
4025,30471.0,close_www-data,51,assign,0
4026,30471.0,openat_www-data,4474,assign,0
4027,30471.0,openat_www-data,4475,assign,0
4028,30475.0,close_www-data,51,assign,0
4029,30475.0,openat_www-data,4476,assign,0
4030,30475.0,openat_www-data,4477,assign,0
4031,30475.0,openat_www-data,4478,assign,0
4032,30475.0,openat_www-data,4479,assign,0
4033,30479.0,openat_www-data,4480,assign,0
4034,30479.0,close_www-data,51,assign,0
4035,30479.0,openat_www-data,4481,assign,0
4036,30479.0,openat_www-data,4482,assign,0
4037,30483.0,close_www-data,51,assign,0
4038,30483.0,openat_www-data,4483,assign,0
4039,30483.0,close_www-data,51,assign,0
4040,30483.0,openat_www-data,4484,assign,0
4041,30483.0,openat_www-data,4485,assign,0
4042,30483.0,openat_www-data,4486,assign,0
4043,30487.0,close_www-data,51,assign,0
4044,30487.0,openat_www-data,4487,assign,0
4045,30487.0,openat_www-data,4488,assign,0
4046,30487.0,openat_www-data,4489,assign,0
4047,30491.0,close_www-data,51,assign,0
4048,30491.0,openat_www-data,4490,assign,0
4049,30491.0,openat_www-data,4491,assign,0
4050,30491.0,openat_www-data,4492,assign,0
4051,30491.0,openat_www-data,4493,assign,0
4052,30495.0,close_www-data,51,assign,0
4053,30495.0,openat_www-data,4494,assign,0
4054,30495.0,openat_www-data,4495,assign,0
4055,30499.0,close_www-data,51,assign,0
4056,30499.0,openat_www-data,4496,assign,0
4057,30499.0,openat_www-data,4497,assign,0
4058,30499.0,openat_www-data,4498,assign,0
4059,30503.0,close_www-data,51,assign,0
4060,30503.0,openat_www-data,4499,assign,0
4061,30503.0,close_www-data,51,assign,0
4062,30503.0,openat_www-data,4500,assign,0
4063,30503.0,openat_www-data,4501,assign,0
4064,30503.0,openat_www-data,4502,assign,0
4065,30503.0,openat_www-data,4503,assign,0
4066,30503.0,openat_www-data,4504,assign,0
4067,30507.0,openat_www-data,4505,assign,0
4068,30507.0,close_www-data,51,assign,0
4069,30507.0,close_www-data,51,assign,0
4070,30511.0,openat_www-data,4506,assign,0
4071,30511.0,close_www-data,51,assign,0
4072,30511.0,close_www-data,51,assign,0
4073,30511.0,openat_www-data,4507,assign,0
4074,30511.0,openat_www-data,4508,assign,0
4075,30511.0,openat_www-data,4509,assign,0
4076,30511.0,openat_www-data,4510,assign,0
4077,30511.0,openat_www-data,4511,assign,0
4078,30515.0,close_www-data,51,assign,0
4079,30515.0,openat_www-data,4512,assign,0
4080,30519.0,openat_www-data,4513,assign,0
4081,30519.0,close_www-data,51,assign,0
4082,30519.0,openat_www-data,4514,assign,0
4083,30519.0,openat_www-data,4515,assign,0
4084,30519.0,openat_www-data,4516,assign,0
4085,30519.0,openat_www-data,4517,assign,0
4086,30523.0,close_www-data,51,assign,0
4087,30523.0,openat_www-data,4518,assign,0
4088,30523.0,close_www-data,51,assign,0
4089,30523.0,openat_www-data,4519,assign,0
4090,30523.0,openat_www-data,4520,assign,0
4091,30523.0,openat_www-data,4521,assign,0
4092,30523.0,openat_www-data,4522,assign,0
4093,30527.0,close_www-data,51,assign,0
4094,30527.0,openat_www-data,4523,assign,0
4095,30527.0,openat_www-data,4524,assign,0
4096,30527.0,openat_www-data,4525,assign,0
4097,30527.0,openat_www-data,4526,assign,0
4098,30527.0,openat_www-data,4527,assign,0
4099,30531.0,close_www-data,51,assign,0
4100,30531.0,openat_www-data,4528,assign,0
4101,30531.0,openat_www-data,4529,assign,0
4102,30531.0,openat_www-data,4530,assign,0
4103,30531.0,openat_www-data,4531,assign,0
4104,30531.0,openat_www-data,4532,assign,0
4105,30539.0,close_www-data,51,assign,0
4106,30539.0,openat_www-data,4533,assign,0
4107,30539.0,openat_www-data,4534,assign,0
4108,30539.0,close_www-data,51,assign,0
4109,30539.0,openat_www-data,4535,assign,0
4110,30543.0,close_www-data,52,assign,0
4111,30543.0,openat_www-data,4536,assign,0
4112,30543.0,openat_www-data,4537,assign,0
4113,30547.0,close_www-data,49,assign,0
4114,30547.0,openat_www-data,4538,assign,0
4115,30547.0,openat_www-data,4539,assign,0
4116,30547.0,openat_www-data,4540,assign,0
4117,30547.0,close_www-data,49,assign,0
4118,30547.0,close_www-data,49,assign,0
4119,30547.0,openat_www-data,4541,assign,0
4120,30547.0,close_www-data,51,assign,0
4121,30547.0,openat_www-data,4542,assign,0
4122,30551.0,openat_www-data,4543,assign,0
4123,30551.0,close_www-data,47,assign,0
4124,30551.0,openat_www-data,4544,assign,0
4125,30551.0,openat_www-data,4545,assign,0
4126,30555.0,close_www-data,47,assign,0
4127,30555.0,openat_www-data,4546,assign,0
4128,30555.0,openat_www-data,4547,assign,0
4129,30559.0,close_www-data,47,assign,0
4130,30559.0,openat_www-data,4548,assign,0
4131,30559.0,openat_www-data,4549,assign,0
4132,30559.0,openat_www-data,4550,assign,0
4133,30563.0,openat_www-data,4551,assign,0
4134,30563.0,close_www-data,47,assign,0
4135,30563.0,openat_www-data,4552,assign,0
4136,30563.0,openat_www-data,4553,assign,0
4137,30563.0,close_www-data,47,assign,0
4138,30563.0,openat_www-data,4554,assign,0
4139,30567.0,openat_www-data,4555,assign,0
4140,30567.0,openat_www-data,4556,assign,0
4141,30567.0,close_www-data,47,assign,0
4142,30567.0,openat_www-data,4557,assign,0
4143,30567.0,openat_www-data,4558,assign,0
4144,30567.0,openat_www-data,4559,assign,0
4145,30567.0,openat_www-data,4560,assign,0
4146,30571.0,close_www-data,47,assign,0
4147,30571.0,openat_www-data,4561,assign,0
4148,30571.0,openat_www-data,4562,assign,0
4149,30571.0,openat_www-data,4563,assign,0
4150,30571.0,openat_www-data,4564,assign,0
4151,30575.0,close_www-data,47,assign,0
4152,30575.0,openat_www-data,4565,assign,0
4153,30575.0,openat_www-data,4566,assign,0
4154,30579.0,close_www-data,47,assign,0
4155,30579.0,openat_www-data,4567,assign,0
4156,30579.0,openat_www-data,4568,assign,0
4157,30583.0,close_www-data,47,assign,0
4158,30583.0,openat_www-data,4569,assign,0
4159,30583.0,openat_www-data,4570,assign,0
4160,30583.0,close_www-data,47,assign,0
4161,30583.0,openat_www-data,4571,assign,0
4162,30583.0,openat_www-data,4572,assign,0
4163,30583.0,openat_www-data,4573,assign,0
4164,30583.0,openat_www-data,4574,assign,0
4165,30587.0,openat_www-data,4575,assign,0
4166,30587.0,openat_www-data,4576,assign,0
4167,30587.0,close_www-data,47,assign,0
4168,30587.0,openat_www-data,4577,assign,0
4169,30587.0,close_www-data,47,assign,0
4170,30587.0,close_www-data,47,assign,0
4171,30587.0,openat_www-data,4578,assign,0
4172,30587.0,close_www-data,47,assign,0
4173,30587.0,openat_www-data,4579,assign,0
4174,30587.0,openat_www-data,4580,assign,0
4175,30591.0,close_www-data,47,assign,0
4176,30591.0,openat_www-data,4581,assign,0
4177,30591.0,openat_www-data,4582,assign,0
4178,30591.0,openat_www-data,4583,assign,0
4179,30595.0,close_www-data,47,assign,0
4180,30595.0,openat_www-data,4584,assign,0
4181,30599.0,close_www-data,47,assign,0
4182,30599.0,openat_www-data,4585,assign,0
4183,30599.0,openat_www-data,4586,assign,0
4184,30599.0,openat_www-data,4587,assign,0
4185,30599.0,openat_www-data,4588,assign,0
4186,30599.0,openat_www-data,4589,assign,0
4187,30603.0,close_www-data,47,assign,0
4188,30603.0,openat_www-data,4590,assign,0
4189,30603.0,close_www-data,47,assign,0
4190,30603.0,openat_www-data,4591,assign,0
4191,30603.0,openat_www-data,4592,assign,0
4192,30603.0,openat_www-data,4593,assign,0
4193,30607.0,close_www-data,47,assign,0
4194,30607.0,openat_www-data,4594,assign,0
4195,30607.0,openat_www-data,4595,assign,0
4196,30607.0,openat_www-data,4596,assign,0
4197,30611.0,close_www-data,47,assign,0
4198,30611.0,openat_www-data,4597,assign,0
4199,30615.0,openat_www-data,4598,assign,0
4200,30615.0,close_www-data,47,assign,0
4201,30615.0,openat_www-data,4599,assign,0
4202,30615.0,openat_www-data,4600,assign,0
4203,30615.0,openat_www-data,4601,assign,0
4204,30619.0,close_www-data,47,assign,0
4205,30619.0,openat_www-data,4602,assign,0
4206,30619.0,openat_www-data,4603,assign,0
4207,30619.0,openat_www-data,4604,assign,0
4208,30619.0,openat_www-data,4605,assign,0
4209,30623.0,openat_www-data,4606,assign,0
4210,30623.0,close_www-data,47,assign,0
4211,30623.0,openat_www-data,4607,assign,0
4212,30623.0,openat_www-data,4608,assign,0
4213,30623.0,openat_www-data,4609,assign,0
4214,30623.0,openat_www-data,4610,assign,0
4215,30623.0,openat_www-data,4611,assign,0
4216,30623.0,openat_www-data,4612,assign,0
4217,30627.0,close_www-data,47,assign,0
4218,30627.0,close_www-data,47,assign,0
4219,30627.0,openat_www-data,4613,assign,0
4220,30627.0,close_www-data,49,assign,0
4221,30627.0,openat_www-data,4614,assign,0
4222,30627.0,openat_www-data,4615,assign,0
4223,30631.0,close_www-data,45,assign,0
4224,30631.0,openat_www-data,4616,assign,0
4225,30631.0,openat_www-data,4617,assign,0
4226,30631.0,openat_www-data,4618,assign,0
4227,30635.0,openat_www-data,4619,assign,0
4228,30635.0,close_www-data,45,assign,0
4229,30635.0,openat_www-data,4620,assign,0
4230,30635.0,openat_www-data,4621,assign,0
4231,30639.0,close_www-data,45,assign,0
4232,30639.0,openat_www-data,4622,assign,0
4233,30639.0,openat_www-data,4623,assign,0
4234,30639.0,openat_www-data,4624,assign,0
4235,30643.0,close_www-data,45,assign,0
4236,30643.0,openat_www-data,4625,assign,0
4237,30643.0,close_www-data,45,assign,0
4238,30643.0,openat_www-data,4626,assign,0
4239,30643.0,openat_www-data,4627,assign,0
4240,30643.0,openat_www-data,4628,assign,0
4241,30643.0,openat_www-data,4629,assign,0
4242,30647.0,close_www-data,45,assign,0
4243,30647.0,openat_www-data,4630,assign,0
4244,30647.0,openat_www-data,4631,assign,0
4245,30647.0,openat_www-data,4632,assign,0
4246,30647.0,openat_www-data,4633,assign,0
4247,30651.0,openat_www-data,4634,assign,0
4248,30651.0,close_www-data,45,assign,0
4249,30651.0,openat_www-data,4635,assign,0
4250,30651.0,openat_www-data,4636,assign,0
4251,30655.0,close_www-data,45,assign,0
4252,30655.0,openat_www-data,4637,assign,0
4253,30655.0,openat_www-data,4638,assign,0
4254,30655.0,openat_www-data,4639,assign,0
4255,30655.0,openat_www-data,4640,assign,0
4256,30655.0,openat_www-data,4641,assign,0
4257,30659.0,close_www-data,45,assign,0
4258,30659.0,openat_www-data,4642,assign,0
4259,30659.0,openat_www-data,4643,assign,0
4260,30659.0,openat_www-data,4644,assign,0
4261,30659.0,openat_www-data,4645,assign,0
4262,30663.0,openat_www-data,4646,assign,0
4263,30663.0,openat_www-data,4647,assign,0
4264,30663.0,close_www-data,45,assign,0
4265,30663.0,openat_www-data,4648,assign,0
4266,30663.0,close_www-data,45,assign,0
4267,30663.0,close_www-data,45,assign,0
4268,30663.0,openat_www-data,4649,assign,0
4269,30663.0,close_www-data,45,assign,0
4270,30667.0,openat_www-data,4650,assign,0
4271,30667.0,close_www-data,45,assign,0
4272,30667.0,openat_www-data,4651,assign,0
4273,30667.0,openat_www-data,4652,assign,0
4274,30667.0,openat_www-data,4653,assign,0
4275,30667.0,openat_www-data,4654,assign,0
4276,30671.0,close_www-data,45,assign,0
4277,30671.0,openat_www-data,4655,assign,0
4278,30671.0,openat_www-data,4656,assign,0
4279,30675.0,close_www-data,45,assign,0
4280,30675.0,openat_www-data,4657,assign,0
4281,30675.0,openat_www-data,4658,assign,0
4282,30675.0,openat_www-data,4659,assign,0
4283,30675.0,openat_www-data,4660,assign,0
4284,30679.0,close_www-data,45,assign,0
4285,30679.0,openat_www-data,4661,assign,0
4286,30679.0,close_www-data,45,assign,0
4287,30679.0,openat_www-data,4662,assign,0
4288,30679.0,openat_www-data,4663,assign,0
4289,30679.0,openat_www-data,4664,assign,0
4290,30683.0,close_www-data,45,assign,0
4291,30683.0,openat_www-data,4665,assign,0
4292,30683.0,openat_www-data,4666,assign,0
4293,30683.0,openat_www-data,4667,assign,0
4294,30683.0,openat_www-data,4668,assign,0
4295,30691.0,close_www-data,45,assign,0
4296,30691.0,openat_www-data,4669,assign,0
4297,30695.0,close_www-data,45,assign,0
4298,30695.0,openat_www-data,4670,assign,0
4299,30695.0,openat_www-data,4671,assign,0
4300,30695.0,openat_www-data,4672,assign,0
4301,30695.0,openat_www-data,4673,assign,0
4302,30695.0,openat_www-data,4674,assign,0
4303,30695.0,openat_www-data,4675,assign,0
4304,30695.0,openat_www-data,4676,assign,0
4305,30699.0,close_www-data,45,assign,0
4306,30699.0,openat_www-data,4677,assign,0
4307,30699.0,close_www-data,45,assign,0
4308,30699.0,openat_www-data,4678,assign,0
4309,30699.0,openat_www-data,4679,assign,0
4310,30699.0,openat_www-data,4680,assign,0
4311,30699.0,openat_www-data,4681,assign,0
4312,30703.0,openat_www-data,4682,assign,0
4313,30707.0,openat_www-data,4683,assign,0
4314,30707.0,close_www-data,45,assign,0
4315,30707.0,openat_www-data,4684,assign,0
4316,30707.0,close_www-data,45,assign,0
4317,30707.0,close_www-data,45,assign,0
4318,30707.0,openat_www-data,4685,assign,0
4319,30707.0,close_www-data,45,assign,0
4320,30707.0,openat_www-data,4686,assign,0
4321,30707.0,openat_www-data,4687,assign,0
4322,30711.0,close_www-data,45,assign,0
4323,30711.0,openat_www-data,4688,assign,0
4324,30711.0,openat_www-data,4689,assign,0
4325,30711.0,openat_www-data,4690,assign,0
4326,30715.0,openat_www-data,4691,assign,0
4327,30715.0,close_www-data,45,assign,0
4328,30715.0,openat_www-data,4692,assign,0
4329,30715.0,openat_www-data,4693,assign,0
4330,30715.0,openat_www-data,4694,assign,0
4331,30719.0,close_www-data,45,assign,0
4332,30719.0,openat_www-data,4695,assign,0
4333,30719.0,openat_www-data,4696,assign,0
4334,30719.0,openat_www-data,4697,assign,0
4335,30719.0,close_www-data,45,assign,0
4336,30719.0,openat_www-data,4698,assign,0
4337,30723.0,openat_www-data,4699,assign,0
4338,30723.0,openat_www-data,4700,assign,0
4339,30723.0,close_www-data,45,assign,0
4340,30723.0,openat_www-data,4701,assign,0
4341,30723.0,openat_www-data,4702,assign,0
4342,30727.0,openat_www-data,4703,assign,0
4343,30727.0,close_www-data,45,assign,0
4344,30727.0,openat_www-data,4704,assign,0
4345,30727.0,openat_www-data,4705,assign,0
4346,30727.0,openat_www-data,4706,assign,0
4347,30731.0,close_www-data,45,assign,0
4348,30731.0,openat_www-data,4707,assign,0
4349,30731.0,openat_www-data,4708,assign,0
4350,30731.0,openat_www-data,4709,assign,0
4351,30731.0,openat_www-data,4710,assign,0
4352,30731.0,openat_www-data,4711,assign,0
4353,30735.0,close_www-data,45,assign,0
4354,30735.0,openat_www-data,4712,assign,0
4355,30735.0,openat_www-data,4713,assign,0
4356,30735.0,openat_www-data,4714,assign,0
4357,30735.0,close_www-data,45,assign,0
4358,30735.0,openat_www-data,4715,assign,0
4359,30739.0,close_www-data,45,assign,0
4360,30739.0,openat_www-data,4716,assign,0
4361,30739.0,openat_www-data,4717,assign,0
4362,30743.0,close_www-data,45,assign,0
4363,30743.0,openat_www-data,4718,assign,0
4364,30743.0,openat_www-data,4719,assign,0
4365,30743.0,openat_www-data,4720,assign,0
4366,30743.0,close_www-data,45,assign,0
4367,30743.0,close_www-data,45,assign,0
4368,30743.0,openat_www-data,4721,assign,0
4369,30743.0,close_www-data,45,assign,0
4370,30743.0,openat_www-data,4722,assign,0
4371,30743.0,openat_www-data,4723,assign,0
4372,30743.0,openat_www-data,4724,assign,0
4373,30747.0,close_www-data,45,assign,0
4374,30747.0,openat_www-data,4725,assign,0
4375,30747.0,openat_www-data,4726,assign,0
4376,30747.0,openat_www-data,4727,assign,0
4377,30751.0,close_www-data,45,assign,0
4378,30751.0,openat_www-data,4728,assign,0
4379,30755.0,close_www-data,45,assign,0
4380,30755.0,openat_www-data,4729,assign,0
4381,30755.0,openat_www-data,4730,assign,0
4382,30755.0,openat_www-data,4731,assign,0
4383,30755.0,openat_www-data,4732,assign,0
4384,30759.0,openat_www-data,4733,assign,0
4385,30759.0,close_www-data,45,assign,0
4386,30759.0,openat_www-data,4734,assign,0
4387,30759.0,openat_www-data,4735,assign,0
4388,30763.0,close_www-data,45,assign,0
4389,30763.0,openat_www-data,4736,assign,0
4390,30763.0,openat_www-data,4737,assign,0
4391,30763.0,openat_www-data,4738,assign,0
4392,30767.0,close_www-data,45,assign,0
4393,30767.0,openat_www-data,4739,assign,0
4394,30767.0,openat_www-data,4740,assign,0
4395,30767.0,openat_www-data,4741,assign,0
4396,30767.0,openat_www-data,4742,assign,0
4397,30771.0,close_www-data,45,assign,0
4398,30771.0,openat_www-data,4743,assign,0
4399,30771.0,openat_www-data,4744,assign,0
4400,30771.0,openat_www-data,4745,assign,0
4401,30771.0,openat_www-data,4746,assign,0
4402,30775.0,close_www-data,45,assign,0
4403,30775.0,openat_www-data,4747,assign,0
4404,30775.0,openat_www-data,4748,assign,0
4405,30775.0,openat_www-data,4749,assign,0
4406,30775.0,close_www-data,45,assign,0
4407,30775.0,openat_www-data,4750,assign,0
4408,30779.0,close_www-data,45,assign,0
4409,30779.0,openat_www-data,4751,assign,0
4410,30779.0,openat_www-data,4752,assign,0
4411,30779.0,openat_www-data,4753,assign,0
4412,30783.0,openat_www-data,4754,assign,0
4413,30783.0,close_www-data,45,assign,0
4414,30783.0,openat_www-data,4755,assign,0
4415,30783.0,close_www-data,45,assign,0
4416,30783.0,close_www-data,45,assign,0
4417,30783.0,openat_www-data,4756,assign,0
4418,30783.0,close_www-data,45,assign,0
4419,30787.0,close_www-data,45,assign,0
4420,30787.0,openat_www-data,4757,assign,0
4421,30787.0,openat_www-data,4758,assign,0
4422,30787.0,openat_www-data,4759,assign,0
4423,30787.0,openat_www-data,4760,assign,0
4424,30791.0,openat_www-data,4761,assign,0
4425,30791.0,close_www-data,45,assign,0
4426,30791.0,openat_www-data,4762,assign,0
4427,30791.0,openat_www-data,4763,assign,0
4428,30791.0,openat_www-data,4764,assign,0
4429,30791.0,openat_www-data,4765,assign,0
4430,30795.0,close_www-data,45,assign,0
4431,30795.0,openat_www-data,4766,assign,0
4432,30795.0,openat_www-data,4767,assign,0
4433,30795.0,openat_www-data,4768,assign,0
4434,30795.0,close_www-data,45,assign,0
4435,30795.0,openat_www-data,4769,assign,0
4436,30799.0,openat_www-data,4770,assign,0
4437,30799.0,close_www-data,45,assign,0
4438,30799.0,openat_www-data,4771,assign,0
4439,30799.0,openat_www-data,4772,assign,0
4440,30799.0,openat_www-data,4773,assign,0
4441,30803.0,openat_www-data,4774,assign,0
4442,30803.0,close_www-data,45,assign,0
4443,30803.0,openat_www-data,4775,assign,0
4444,30803.0,openat_www-data,4776,assign,0
4445,30807.0,openat_www-data,4777,assign,0
4446,30807.0,close_www-data,45,assign,0
4447,30807.0,openat_www-data,4778,assign,0
4448,30807.0,openat_www-data,4779,assign,0
4449,30807.0,openat_www-data,4780,assign,0
4450,30811.0,openat_www-data,4781,assign,0
4451,30811.0,close_www-data,45,assign,0
4452,30811.0,openat_www-data,4782,assign,0
4453,30811.0,openat_www-data,4783,assign,0
4454,30815.0,openat_www-data,4784,assign,0
4455,30815.0,close_www-data,45,assign,0
4456,30815.0,openat_www-data,4785,assign,0
4457,30815.0,openat_www-data,4786,assign,0
4458,30815.0,openat_www-data,4787,assign,0
4459,30815.0,openat_www-data,4788,assign,0
4460,30819.0,openat_www-data,4789,assign,0
4461,30819.0,close_www-data,45,assign,0
4462,30819.0,openat_www-data,4790,assign,0
4463,30819.0,close_www-data,45,assign,0
4464,30819.0,close_www-data,45,assign,0
4465,30819.0,openat_www-data,4791,assign,0
4466,30819.0,close_www-data,45,assign,0
4467,30819.0,openat_www-data,4792,assign,0
4468,30819.0,openat_www-data,4793,assign,0
4469,30819.0,openat_www-data,4794,assign,0
4470,30823.0,close_www-data,45,assign,0
4471,30823.0,openat_www-data,4795,assign,0
4472,30823.0,openat_www-data,4796,assign,0
4473,30827.0,close_www-data,45,assign,0
4474,30827.0,openat_www-data,4797,assign,0
4475,30827.0,openat_www-data,4798,assign,0
4476,30827.0,openat_www-data,4799,assign,0
4477,30827.0,openat_www-data,4800,assign,0
4478,30831.0,close_www-data,45,assign,0
4479,30831.0,openat_www-data,4801,assign,0
4480,30831.0,openat_www-data,4802,assign,0
4481,30835.0,close_www-data,45,assign,0
4482,30839.0,close_www-data,45,assign,0
4483,30839.0,openat_www-data,4803,assign,0
4484,30839.0,close_www-data,45,assign,0
4485,30839.0,openat_www-data,4804,assign,0
4486,30839.0,openat_www-data,4805,assign,0
4487,30839.0,openat_www-data,4806,assign,0
4488,30839.0,openat_www-data,4807,assign,0
4489,30843.0,close_www-data,45,assign,0
4490,30843.0,openat_www-data,4808,assign,0
4491,30843.0,openat_www-data,4809,assign,0
4492,30843.0,openat_www-data,4810,assign,0
4493,30847.0,close_www-data,45,assign,0
4494,30847.0,openat_www-data,4811,assign,0
4495,30847.0,openat_www-data,4812,assign,0
4496,30847.0,openat_www-data,4813,assign,0
4497,30847.0,openat_www-data,4814,assign,0
4498,30851.0,close_www-data,45,assign,0
4499,30851.0,openat_www-data,4815,assign,0
4500,30851.0,openat_www-data,4816,assign,0
4501,30855.0,close_www-data,45,assign,0
4502,30855.0,openat_www-data,4817,assign,0
4503,30855.0,openat_www-data,4818,assign,0
4504,30855.0,openat_www-data,4819,assign,0
4505,30855.0,close_www-data,45,assign,0
4506,30855.0,openat_www-data,4820,assign,0
4507,30855.0,openat_www-data,4821,assign,0
4508,30855.0,openat_www-data,4822,assign,0
4509,30859.0,close_www-data,45,assign,0
4510,30859.0,openat_www-data,4823,assign,0
4511,30863.0,openat_www-data,4824,assign,0
4512,30863.0,close_www-data,45,assign,0
4513,30863.0,openat_www-data,4825,assign,0
4514,30863.0,close_www-data,45,assign,0
4515,30863.0,close_www-data,45,assign,0
4516,30863.0,openat_www-data,4826,assign,0
4517,30863.0,close_www-data,45,assign,0
4518,30863.0,openat_www-data,4827,assign,0
4519,30863.0,openat_www-data,4828,assign,0
4520,30867.0,close_www-data,45,assign,0
4521,30867.0,openat_www-data,4829,assign,0
4522,30867.0,openat_www-data,4830,assign,0
4523,30867.0,openat_www-data,4831,assign,0
4524,30867.0,openat_www-data,4832,assign,0
4525,30871.0,close_www-data,45,assign,0
4526,30871.0,openat_www-data,4833,assign,0
4527,30871.0,openat_www-data,4834,assign,0
4528,30875.0,close_www-data,45,assign,0
4529,30875.0,openat_www-data,4835,assign,0
4530,30875.0,openat_www-data,4836,assign,0
4531,30875.0,openat_www-data,4837,assign,0
4532,30879.0,close_www-data,45,assign,0
4533,30879.0,openat_www-data,4838,assign,0
4534,30879.0,close_www-data,45,assign,0
4535,30879.0,openat_www-data,4839,assign,0
4536,30879.0,openat_www-data,4840,assign,0
4537,30879.0,openat_www-data,4841,assign,0
4538,30879.0,openat_www-data,4842,assign,0
4539,30883.0,close_www-data,45,assign,0
4540,30883.0,openat_www-data,4843,assign,0
4541,30883.0,openat_www-data,4844,assign,0
4542,30883.0,openat_www-data,4845,assign,0
4543,30883.0,openat_www-data,4846,assign,0
4544,30887.0,close_www-data,45,assign,0
4545,30887.0,openat_www-data,4847,assign,0
4546,30891.0,close_www-data,45,assign,0
4547,30891.0,openat_www-data,4848,assign,0
4548,30891.0,openat_www-data,4849,assign,0
4549,30891.0,openat_www-data,4850,assign,0
4550,30891.0,openat_www-data,4851,assign,0
4551,30891.0,openat_www-data,4852,assign,0
4552,30895.0,close_www-data,45,assign,0
4553,30895.0,openat_www-data,4853,assign,0
4554,30895.0,openat_www-data,4854,assign,0
4555,30895.0,close_www-data,45,assign,0
4556,30895.0,openat_www-data,4855,assign,0
4557,30895.0,openat_www-data,4856,assign,0
4558,30895.0,openat_www-data,4857,assign,0
4559,30899.0,close_www-data,45,assign,0
4560,30899.0,openat_www-data,4858,assign,0
4561,30899.0,openat_www-data,4859,assign,0
4562,30903.0,close_www-data,45,assign,0
4563,30903.0,openat_www-data,4860,assign,0
4564,30903.0,close_www-data,45,assign,0
4565,30903.0,close_www-data,45,assign,0
4566,30903.0,openat_www-data,4861,assign,0
4567,30903.0,close_www-data,45,assign,0
4568,30903.0,openat_www-data,4862,assign,0
4569,30907.0,close_www-data,45,assign,0
4570,30907.0,openat_www-data,4863,assign,0
4571,30907.0,openat_www-data,4864,assign,0
4572,30907.0,openat_www-data,4865,assign,0
4573,30907.0,openat_www-data,4866,assign,0
4574,30911.0,close_www-data,45,assign,0
4575,30911.0,openat_www-data,4867,assign,0
4576,30911.0,openat_www-data,4868,assign,0
4577,30911.0,openat_www-data,4869,assign,0
4578,30911.0,openat_www-data,4870,assign,0
4579,30915.0,close_www-data,45,assign,0
4580,30915.0,openat_www-data,4871,assign,0
4581,30915.0,openat_www-data,4872,assign,0
4582,30915.0,openat_www-data,4873,assign,0
4583,30915.0,close_www-data,45,assign,0
4584,30915.0,openat_www-data,4874,assign,0
4585,30915.0,openat_www-data,4875,assign,0
4586,30915.0,openat_www-data,4876,assign,0
4587,30919.0,close_www-data,45,assign,0
4588,30923.0,openat_www-data,4877,assign,0
4589,30923.0,close_www-data,45,assign,0
4590,30923.0,openat_www-data,4878,assign,0
4591,30923.0,openat_www-data,4879,assign,0
4592,30923.0,openat_www-data,4880,assign,0
4593,30923.0,openat_www-data,4881,assign,0
4594,30923.0,openat_www-data,4882,assign,0
4595,30927.0,close_www-data,45,assign,0
4596,30927.0,openat_www-data,4883,assign,0
4597,30927.0,openat_www-data,4884,assign,0
4598,30927.0,openat_www-data,4885,assign,0
4599,30927.0,openat_www-data,4886,assign,0
4600,30931.0,close_www-data,45,assign,0
4601,30931.0,openat_www-data,4887,assign,0
4602,30931.0,openat_www-data,4888,assign,0
4603,30931.0,openat_www-data,4889,assign,0
4604,30931.0,close_www-data,45,assign,0
4605,30931.0,openat_www-data,4890,assign,0
4606,30931.0,openat_www-data,4891,assign,0
4607,30935.0,close_www-data,45,assign,0
4608,30935.0,openat_www-data,4892,assign,0
4609,30935.0,openat_www-data,4893,assign,0
4610,30939.0,openat_www-data,4894,assign,0
4611,30939.0,openat_www-data,4895,assign,0
4612,30939.0,close_www-data,45,assign,0
4613,30939.0,openat_www-data,4896,assign,0
4614,30939.0,close_www-data,45,assign,0
4615,30939.0,close_www-data,45,assign,0
4616,30939.0,openat_www-data,4897,assign,0
4617,30939.0,close_www-data,45,assign,0
4618,30939.0,openat_www-data,4898,assign,0
4619,30939.0,openat_www-data,4899,assign,0
4620,30943.0,openat_www-data,4900,assign,0
4621,30943.0,close_www-data,45,assign,0
4622,30943.0,openat_www-data,4901,assign,0
4623,30943.0,openat_www-data,4902,assign,0
4624,30943.0,openat_www-data,4903,assign,0
4625,30943.0,openat_www-data,4904,assign,0
4626,30943.0,openat_www-data,4905,assign,0
4627,30947.0,close_www-data,45,assign,0
4628,30947.0,openat_www-data,4906,assign,0
4629,30951.0,openat_www-data,4907,assign,0
4630,30951.0,close_www-data,45,assign,0
4631,30951.0,openat_www-data,4908,assign,0
4632,30951.0,openat_www-data,4909,assign,0
4633,30951.0,close_www-data,45,assign,0
4634,30951.0,openat_www-data,4910,assign,0
4635,30955.0,openat_www-data,4911,assign,0
4636,30955.0,openat_www-data,4912,assign,0
4637,30955.0,close_www-data,45,assign,0
4638,30955.0,openat_www-data,4913,assign,0
4639,30955.0,openat_www-data,4914,assign,0
4640,30959.0,close_www-data,45,assign,0
4641,30959.0,openat_www-data,4915,assign,0
4642,30959.0,openat_www-data,4916,assign,0
4643,30959.0,openat_www-data,4917,assign,0
4644,30959.0,openat_www-data,4918,assign,0
4645,30963.0,close_www-data,45,assign,0
4646,30963.0,openat_www-data,4919,assign,0
4647,30963.0,openat_www-data,4920,assign,0
4648,30963.0,openat_www-data,4921,assign,0
4649,30963.0,openat_www-data,4922,assign,0
4650,30967.0,close_www-data,45,assign,0
4651,30967.0,openat_www-data,4923,assign,0
4652,30967.0,openat_www-data,4924,assign,0
4653,30967.0,openat_www-data,4925,assign,0
4654,30971.0,openat_www-data,4926,assign,0
4655,30971.0,close_www-data,45,assign,0
4656,30975.0,openat_www-data,4927,assign,0
4657,30975.0,close_www-data,45,assign,0
4658,30975.0,openat_www-data,4928,assign,0
4659,30975.0,openat_www-data,4929,assign,0
4660,30975.0,openat_www-data,4930,assign,0
4661,30975.0,openat_www-data,4931,assign,0
4662,30975.0,openat_www-data,4932,assign,0
4663,30975.0,close_www-data,45,assign,0
4664,30975.0,close_www-data,45,assign,0
4665,30975.0,openat_www-data,4933,assign,0
4666,30975.0,close_www-data,45,assign,0
4667,30975.0,openat_www-data,4934,assign,0
4668,30979.0,close_www-data,45,assign,0
4669,30979.0,openat_www-data,4935,assign,0
4670,30979.0,openat_www-data,4936,assign,0
4671,30987.0,close_www-data,45,assign,0
4672,30987.0,openat_www-data,4937,assign,0
4673,30987.0,openat_www-data,4938,assign,0
4674,30987.0,openat_www-data,4939,assign,0
4675,30987.0,openat_www-data,4940,assign,0
4676,30991.0,openat_www-data,4941,assign,0
4677,30991.0,close_www-data,45,assign,0
4678,30991.0,openat_www-data,4942,assign,0
4679,30991.0,openat_www-data,4943,assign,0
4680,30991.0,openat_www-data,4944,assign,0
4681,30995.0,close_www-data,45,assign,0
4682,30995.0,openat_www-data,4945,assign,0
4683,30995.0,close_www-data,45,assign,0
4684,30995.0,openat_www-data,4946,assign,0
4685,30995.0,openat_www-data,4947,assign,0
4686,30995.0,openat_www-data,4948,assign,0
4687,30999.0,openat_www-data,4949,assign,0
4688,30999.0,close_www-data,45,assign,0
4689,30999.0,openat_www-data,4950,assign,0
4690,30999.0,openat_www-data,4951,assign,0
4691,30999.0,openat_www-data,4952,assign,0
4692,31003.0,close_www-data,45,assign,0
4693,31003.0,openat_www-data,4953,assign,0
4694,31007.0,close_www-data,45,assign,0
4695,31007.0,openat_www-data,4954,assign,0
4696,31007.0,openat_www-data,4955,assign,0
4697,31007.0,openat_www-data,4956,assign,0
4698,31007.0,openat_www-data,4957,assign,0
4699,31007.0,openat_www-data,4958,assign,0
4700,31007.0,openat_www-data,4959,assign,0
4701,31007.0,openat_www-data,4960,assign,0
4702,31011.0,close_www-data,45,assign,0
4703,31011.0,openat_www-data,4961,assign,0
4704,31011.0,close_www-data,45,assign,0
4705,31011.0,openat_www-data,4962,assign,0
4706,31011.0,openat_www-data,4963,assign,0
4707,31011.0,openat_www-data,4964,assign,0
4708,31011.0,openat_www-data,4965,assign,0
4709,31015.0,openat_www-data,4966,assign,0
4710,31015.0,openat_www-data,4967,assign,0
4711,31015.0,close_www-data,45,assign,0
4712,31015.0,openat_www-data,4968,assign,0
4713,31019.0,close_www-data,45,assign,0
4714,31019.0,close_www-data,45,assign,0
4715,31019.0,openat_www-data,4969,assign,0
4716,31019.0,close_www-data,45,assign,0
4717,31019.0,openat_www-data,4970,assign,0
4718,31019.0,openat_www-data,4971,assign,0
4719,31019.0,openat_www-data,4972,assign,0
4720,31019.0,openat_www-data,4973,assign,0
4721,31019.0,openat_www-data,4974,assign,0
4722,31019.0,openat_www-data,4975,assign,0
4723,31023.0,close_www-data,45,assign,0
4724,31023.0,openat_www-data,4976,assign,0
4725,31023.0,openat_www-data,4977,assign,0
4726,31023.0,openat_www-data,4978,assign,0
4727,31027.0,close_www-data,45,assign,0
4728,31027.0,openat_www-data,4979,assign,0
4729,31031.0,close_www-data,45,assign,0
4730,31031.0,openat_www-data,4980,assign,0
4731,31031.0,openat_www-data,4981,assign,0
4732,31031.0,close_www-data,45,assign,0
4733,31031.0,openat_www-data,4982,assign,0
4734,31031.0,openat_www-data,4983,assign,0
4735,31031.0,openat_www-data,4984,assign,0
4736,31031.0,openat_www-data,4985,assign,0
4737,31035.0,close_www-data,45,assign,0
4738,31035.0,openat_www-data,4986,assign,0
4739,31035.0,openat_www-data,4987,assign,0
4740,31039.0,close_www-data,45,assign,0
4741,31039.0,openat_www-data,4988,assign,0
4742,31039.0,openat_www-data,4989,assign,0
4743,31039.0,openat_www-data,4990,assign,0
4744,31039.0,openat_www-data,4991,assign,0
4745,31043.0,close_www-data,45,assign,0
4746,31043.0,openat_www-data,4992,assign,0
4747,31043.0,openat_www-data,4993,assign,0
4748,31043.0,openat_www-data,4994,assign,0
4749,31043.0,openat_www-data,4995,assign,0
4750,31047.0,openat_www-data,4996,assign,0
4751,31047.0,close_www-data,45,assign,0
4752,31051.0,openat_www-data,4997,assign,0
4753,31051.0,close_www-data,45,assign,0
4754,31051.0,openat_www-data,4998,assign,0
4755,31051.0,openat_www-data,4999,assign,0
4756,31051.0,openat_www-data,5000,assign,0
4757,31051.0,openat_www-data,5001,assign,0
4758,31051.0,openat_www-data,5002,assign,0
4759,31055.0,close_www-data,45,assign,0
4760,31055.0,openat_www-data,5003,assign,0
4761,31055.0,close_www-data,45,assign,0
4762,31055.0,close_www-data,45,assign,0
4763,31055.0,openat_www-data,5004,assign,0
4764,31055.0,close_www-data,45,assign,0
4765,31055.0,openat_www-data,5005,assign,0
4766,31055.0,openat_www-data,5006,assign,0
4767,31059.0,close_www-data,45,assign,0
4768,31059.0,openat_www-data,5007,assign,0
4769,31059.0,openat_www-data,5008,assign,0
4770,31059.0,openat_www-data,5009,assign,0
4771,31063.0,close_www-data,45,assign,0
4772,31063.0,openat_www-data,5010,assign,0
4773,31063.0,openat_www-data,5011,assign,0
4774,31063.0,openat_www-data,5012,assign,0
4775,31063.0,openat_www-data,5013,assign,0
4776,31067.0,close_www-data,45,assign,0
4777,31067.0,openat_www-data,5014,assign,0
4778,31067.0,openat_www-data,5015,assign,0
4779,31067.0,openat_www-data,5016,assign,0
4780,31067.0,close_www-data,45,assign,0
4781,31071.0,openat_www-data,5017,assign,0
4782,31075.0,openat_www-data,5018,assign,0
4783,31075.0,openat_www-data,5019,assign,0
4784,31075.0,close_www-data,45,assign,0
4785,31075.0,openat_www-data,5020,assign,0
4786,31075.0,openat_www-data,5021,assign,0
4787,31075.0,openat_www-data,5022,assign,0
4788,31075.0,openat_www-data,5023,assign,0
4789,31079.0,close_www-data,45,assign,0
4790,31079.0,openat_www-data,5024,assign,0
4791,31079.0,openat_www-data,5025,assign,0
4792,31079.0,openat_www-data,5026,assign,0
4793,31083.0,openat_www-data,5027,assign,0
4794,31083.0,close_www-data,45,assign,0
4795,31083.0,openat_www-data,5028,assign,0
4796,31083.0,openat_www-data,5029,assign,0
4797,31083.0,openat_www-data,5030,assign,0
4798,31087.0,close_www-data,45,assign,0
4799,31087.0,openat_www-data,5031,assign,0
4800,31087.0,openat_www-data,5032,assign,0
4801,31087.0,openat_www-data,5033,assign,0
4802,31091.0,close_www-data,45,assign,0
4803,31091.0,openat_www-data,5034,assign,0
4804,31091.0,openat_www-data,5035,assign,0
4805,31091.0,openat_www-data,5036,assign,0
4806,31091.0,openat_www-data,5037,assign,0
4807,31095.0,openat_www-data,5038,assign,0
4808,31095.0,openat_www-data,5039,assign,0
4809,31095.0,close_www-data,45,assign,0
4810,31095.0,openat_www-data,5040,assign,0
4811,31095.0,close_www-data,45,assign,0
4812,31095.0,close_www-data,45,assign,0
4813,31095.0,openat_www-data,5041,assign,0
4814,31095.0,close_www-data,45,assign,0
4815,31095.0,openat_www-data,5042,assign,0
4816,31095.0,openat_www-data,5043,assign,0
4817,31099.0,close_www-data,45,assign,0
4818,31099.0,openat_www-data,5044,assign,0
4819,31099.0,openat_www-data,5045,assign,0
4820,31103.0,close_www-data,45,assign,0
4821,31103.0,openat_www-data,5046,assign,0
4822,31103.0,openat_www-data,5047,assign,0
4823,31103.0,openat_www-data,5048,assign,0
4824,31103.0,openat_www-data,5049,assign,0
4825,31103.0,openat_www-data,5050,assign,0
4826,31107.0,close_www-data,45,assign,0
4827,31107.0,openat_www-data,5051,assign,0
4828,31107.0,openat_www-data,5052,assign,0
4829,31107.0,openat_www-data,5053,assign,0
4830,31107.0,close_www-data,45,assign,0
4831,31107.0,openat_www-data,5054,assign,0
4832,31111.0,openat_www-data,5055,assign,0
4833,31111.0,openat_www-data,5056,assign,0
4834,31111.0,close_www-data,45,assign,0
4835,31111.0,openat_www-data,5057,assign,0
4836,31111.0,openat_www-data,5058,assign,0
4837,31111.0,openat_www-data,5059,assign,0
4838,31115.0,close_www-data,45,assign,0
4839,31115.0,openat_www-data,5060,assign,0
4840,31115.0,openat_www-data,5061,assign,0
4841,31115.0,openat_www-data,5062,assign,0
4842,31115.0,openat_www-data,5063,assign,0
4843,31115.0,openat_www-data,5064,assign,0
4844,31123.0,openat_www-data,5065,assign,0
4845,31123.0,close_www-data,45,assign,0
4846,31123.0,openat_www-data,5066,assign,0
4847,31123.0,openat_www-data,5067,assign,0
4848,31123.0,openat_www-data,5068,assign,0
4849,31123.0,openat_www-data,5069,assign,0
4850,31123.0,openat_www-data,5070,assign,0
4851,31123.0,close_www-data,45,assign,0
4852,31127.0,close_www-data,45,assign,0
4853,31127.0,openat_www-data,5071,assign,0
4854,31127.0,openat_www-data,5072,assign,0
4855,31131.0,close_www-data,45,assign,0
4856,31131.0,openat_www-data,5073,assign,0
4857,31131.0,openat_www-data,5074,assign,0
4858,31131.0,openat_www-data,5075,assign,0
4859,31131.0,openat_www-data,5076,assign,0
4860,31131.0,close_www-data,45,assign,0
4861,31131.0,close_www-data,45,assign,0
4862,31135.0,close_www-data,45,assign,0
4863,31135.0,openat_www-data,5077,assign,0
4864,31135.0,close_www-data,45,assign,0
4865,31135.0,openat_www-data,5078,assign,0
4866,31135.0,openat_www-data,5079,assign,0
4867,31135.0,openat_www-data,5080,assign,0
4868,31139.0,close_www-data,45,assign,0
4869,31139.0,openat_www-data,5081,assign,0
4870,31139.0,openat_www-data,5082,assign,0
4871,31139.0,openat_www-data,5083,assign,0
4872,31143.0,close_www-data,45,assign,0
4873,31143.0,openat_www-data,5084,assign,0
4874,31143.0,openat_www-data,5085,assign,0
4875,31143.0,openat_www-data,5086,assign,0
4876,31147.0,close_www-data,45,assign,0
4877,31147.0,openat_www-data,5087,assign,0
4878,31147.0,openat_www-data,5088,assign,0
4879,31147.0,openat_www-data,5089,assign,0
4880,31147.0,close_www-data,45,assign,0
4881,31147.0,openat_www-data,5090,assign,0
4882,31147.0,openat_www-data,5091,assign,0
4883,31155.0,close_www-data,45,assign,0
4884,31155.0,openat_www-data,5092,assign,0
4885,31155.0,openat_www-data,5093,assign,0
4886,31155.0,openat_www-data,5094,assign,0
4887,31155.0,openat_www-data,5095,assign,0
4888,31155.0,openat_www-data,5096,assign,0
4889,31155.0,openat_www-data,5097,assign,0
4890,31155.0,openat_www-data,5098,assign,0
4891,31155.0,openat_www-data,5099,assign,0
4892,31159.0,close_www-data,45,assign,0
4893,31163.0,openat_www-data,5100,assign,0
4894,31163.0,close_www-data,45,assign,0
4895,31163.0,openat_www-data,5101,assign,0
4896,31163.0,openat_www-data,5102,assign,0
4897,31163.0,openat_www-data,5103,assign,0
4898,31163.0,openat_www-data,5104,assign,0
4899,31167.0,close_www-data,45,assign,0
4900,31167.0,openat_www-data,5105,assign,0
4901,31167.0,close_www-data,45,assign,0
4902,31167.0,openat_www-data,5106,assign,0
4903,31167.0,openat_www-data,5107,assign,0
4904,31167.0,openat_www-data,5108,assign,0
4905,31167.0,openat_www-data,5109,assign,0
4906,31171.0,openat_www-data,5110,assign,0
4907,31171.0,close_www-data,45,assign,0
4908,31171.0,openat_www-data,5111,assign,0
4909,31171.0,close_www-data,45,assign,0
4910,31171.0,close_www-data,45,assign,0
4911,31171.0,openat_www-data,5112,assign,0
4912,31171.0,close_www-data,45,assign,0
4913,31175.0,close_www-data,45,assign,0
4914,31175.0,openat_www-data,5113,assign,0
4915,31175.0,openat_www-data,5114,assign,0
4916,31175.0,openat_www-data,5115,assign,0
4917,31175.0,openat_www-data,5116,assign,0
4918,31179.0,openat_www-data,5117,assign,0
4919,31179.0,close_www-data,45,assign,0
4920,31179.0,openat_www-data,5118,assign,0
4921,31179.0,openat_www-data,5119,assign,0
4922,31179.0,openat_www-data,5120,assign,0
4923,31179.0,openat_www-data,5121,assign,0
4924,31179.0,openat_www-data,5122,assign,0
4925,31183.0,close_www-data,45,assign,0
4926,31183.0,openat_www-data,5123,assign,0
4927,31183.0,openat_www-data,5124,assign,0
4928,31183.0,close_www-data,45,assign,0
4929,31183.0,openat_www-data,5125,assign,0
4930,31187.0,openat_www-data,5126,assign,0
4931,31187.0,openat_www-data,5127,assign,0
4932,31191.0,close_www-data,45,assign,0
4933,31191.0,openat_www-data,5128,assign,0
4934,31191.0,openat_www-data,5129,assign,0
4935,31191.0,openat_www-data,5130,assign,0
4936,31191.0,openat_www-data,5131,assign,0
4937,31191.0,openat_www-data,5132,assign,0
4938,31195.0,close_www-data,45,assign,0
4939,31195.0,openat_www-data,5133,assign,0
4940,31195.0,openat_www-data,5134,assign,0
4941,31195.0,openat_www-data,5135,assign,0
4942,31195.0,openat_www-data,5136,assign,0
4943,31199.0,close_www-data,45,assign,0
4944,31199.0,openat_www-data,5137,assign,0
4945,31199.0,openat_www-data,5138,assign,0
4946,31203.0,close_www-data,45,assign,0
4947,31203.0,openat_www-data,5139,assign,0
4948,31203.0,openat_www-data,5140,assign,0
4949,31203.0,openat_www-data,5141,assign,0
4950,31203.0,close_www-data,45,assign,0
4951,31203.0,openat_www-data,5142,assign,0
4952,31207.0,openat_www-data,5143,assign,0
4953,31207.0,close_www-data,45,assign,0
4954,31207.0,openat_www-data,5144,assign,0
4955,31207.0,openat_www-data,5145,assign,0
4956,31207.0,openat_www-data,5146,assign,0
4957,31207.0,openat_www-data,5147,assign,0
4958,31207.0,close_www-data,45,assign,0
4959,31207.0,close_www-data,45,assign,0
4960,31207.0,openat_www-data,5148,assign,0
4961,31207.0,close_www-data,45,assign,0
4962,31207.0,openat_www-data,5149,assign,0
4963,31211.0,close_www-data,45,assign,0
4964,31211.0,openat_www-data,5150,assign,0
4965,31211.0,openat_www-data,5151,assign,0
4966,31211.0,openat_www-data,5152,assign,0
4967,31215.0,close_www-data,45,assign,0
4968,31215.0,openat_www-data,5153,assign,0
4969,31215.0,openat_www-data,5154,assign,0
4970,31215.0,openat_www-data,5155,assign,0
4971,31215.0,openat_www-data,5156,assign,0
4972,31215.0,openat_www-data,5157,assign,0
4973,31219.0,close_www-data,45,assign,0
4974,31219.0,openat_www-data,5158,assign,0
4975,31219.0,openat_www-data,5159,assign,0
4976,31223.0,close_www-data,45,assign,0
4977,31223.0,openat_www-data,5160,assign,0
4978,31223.0,close_www-data,45,assign,0
4979,31223.0,openat_www-data,5161,assign,0
4980,31223.0,openat_www-data,5162,assign,0
4981,31223.0,openat_www-data,5163,assign,0
4982,31223.0,openat_www-data,5164,assign,0
4983,31231.0,close_www-data,45,assign,0
4984,31231.0,openat_www-data,5165,assign,0
4985,31231.0,openat_www-data,5166,assign,0
4986,31231.0,openat_www-data,5167,assign,0
4987,31231.0,openat_www-data,5168,assign,0
4988,31231.0,openat_www-data,5169,assign,0
4989,31235.0,close_www-data,45,assign,0
4990,31235.0,openat_www-data,5170,assign,0
4991,31235.0,openat_www-data,5171,assign,0
4992,31235.0,openat_www-data,5172,assign,0
4993,31235.0,openat_www-data,5173,assign,0
4994,31239.0,close_www-data,45,assign,0
4995,31239.0,openat_www-data,5174,assign,0
4996,31243.0,close_www-data,45,assign,0
4997,31243.0,openat_www-data,5175,assign,0
4998,31243.0,openat_www-data,5176,assign,0
4999,31243.0,close_www-data,45,assign,0
5000,31243.0,openat_www-data,5177,assign,0
5001,31243.0,openat_www-data,5178,assign,0
5002,31243.0,openat_www-data,5179,assign,0
5003,31247.0,close_www-data,45,assign,0
5004,31247.0,openat_www-data,5180,assign,0
5005,31247.0,openat_www-data,5181,assign,0
5006,31247.0,openat_www-data,5182,assign,0
5007,31247.0,close_www-data,45,assign,0
5008,31247.0,close_www-data,45,assign,0
5009,31247.0,openat_www-data,5183,assign,0
5010,31247.0,close_www-data,45,assign,0
5011,31251.0,openat_www-data,5184,assign,0
5012,31251.0,close_www-data,45,assign,0
5013,31251.0,openat_www-data,5185,assign,0
5014,31251.0,openat_www-data,5186,assign,0
5015,31251.0,openat_www-data,5187,assign,0
5016,31255.0,close_www-data,45,assign,0
5017,31255.0,openat_www-data,5188,assign,0
5018,31255.0,openat_www-data,5189,assign,0
5019,31255.0,openat_www-data,5190,assign,0
5020,31255.0,openat_www-data,5191,assign,0
5021,31259.0,close_www-data,45,assign,0
5022,31259.0,openat_www-data,5192,assign,0
5023,31259.0,openat_www-data,5193,assign,0
5024,31263.0,close_www-data,45,assign,0
5025,31263.0,openat_www-data,5194,assign,0
5026,31263.0,openat_www-data,5195,assign,0
5027,31263.0,close_www-data,45,assign,0
5028,31263.0,openat_www-data,5196,assign,0
5029,31267.0,openat_www-data,5197,assign,0
5030,31267.0,openat_www-data,5198,assign,0
5031,31267.0,close_www-data,45,assign,0
5032,31267.0,openat_www-data,5199,assign,0
5033,31267.0,openat_www-data,5200,assign,0
5034,31271.0,openat_www-data,5201,assign,0
5035,31271.0,close_www-data,45,assign,0
5036,31271.0,openat_www-data,5202,assign,0
5037,31275.0,close_www-data,45,assign,0
5038,31275.0,openat_www-data,5203,assign,0
5039,31275.0,openat_www-data,5204,assign,0
5040,31275.0,openat_www-data,5205,assign,0
5041,31275.0,openat_www-data,5206,assign,0
5042,31279.0,close_www-data,45,assign,0
5043,31279.0,openat_www-data,5207,assign,0
5044,31279.0,openat_www-data,5208,assign,0
5045,31279.0,openat_www-data,5209,assign,0
5046,31279.0,openat_www-data,5210,assign,0
5047,31279.0,openat_www-data,5211,assign,0
5048,31283.0,close_www-data,45,assign,0
5049,31283.0,openat_www-data,5212,assign,0
5050,31283.0,close_www-data,45,assign,0
5051,31283.0,openat_www-data,5213,assign,0
5052,31283.0,openat_www-data,5214,assign,0
5053,31283.0,openat_www-data,5215,assign,0
5054,31283.0,openat_www-data,5216,assign,0
5055,31283.0,openat_www-data,5217,assign,0
5056,31287.0,close_www-data,45,assign,0
5057,31287.0,openat_www-data,5218,assign,0
5058,31287.0,close_www-data,45,assign,0
5059,31287.0,close_www-data,45,assign,0
5060,31287.0,openat_www-data,5219,assign,0
5061,31287.0,close_www-data,45,assign,0
5062,31287.0,openat_www-data,5220,assign,0
5063,31287.0,openat_www-data,5221,assign,0
5064,31291.0,close_www-data,45,assign,0
5065,31291.0,openat_www-data,5222,assign,0
5066,31291.0,openat_www-data,5223,assign,0
5067,31291.0,openat_www-data,5224,assign,0
5068,31295.0,openat_www-data,5225,assign,0
5069,31295.0,close_www-data,45,assign,0
5070,31295.0,openat_www-data,5226,assign,0
5071,31295.0,openat_www-data,5227,assign,0
5072,31299.0,openat_www-data,5228,assign,0
5073,31299.0,close_www-data,45,assign,0
5074,31299.0,openat_www-data,5229,assign,0
5075,31299.0,openat_www-data,5230,assign,0
5076,31299.0,openat_www-data,5231,assign,0
5077,31299.0,close_www-data,45,assign,0
5078,31303.0,close_www-data,45,assign,0
5079,31303.0,openat_www-data,5232,assign,0
5080,31307.0,openat_www-data,5233,assign,0
5081,31307.0,openat_www-data,5234,assign,0
5082,31307.0,close_www-data,45,assign,0
5083,31307.0,openat_www-data,5235,assign,0
5084,31307.0,openat_www-data,5236,assign,0
5085,31307.0,openat_www-data,5237,assign,0
5086,31311.0,openat_www-data,5238,assign,0
5087,31311.0,close_www-data,45,assign,0
5088,31311.0,openat_www-data,5239,assign,0
5089,31311.0,openat_www-data,5240,assign,0
5090,31311.0,openat_www-data,5241,assign,0
5091,31311.0,openat_www-data,5242,assign,0
5092,31315.0,close_www-data,45,assign,0
5093,31315.0,openat_www-data,5243,assign,0
5094,31319.0,openat_www-data,5244,assign,0
5095,31319.0,close_www-data,45,assign,0
5096,31319.0,openat_www-data,5245,assign,0
5097,31319.0,openat_www-data,5246,assign,0
5098,31319.0,openat_www-data,5247,assign,0
5099,31323.0,close_www-data,45,assign,0
5100,31323.0,openat_www-data,5248,assign,0
5101,31323.0,close_www-data,45,assign,0
5102,31323.0,openat_www-data,5249,assign,0
5103,31323.0,openat_www-data,5250,assign,0
5104,31323.0,openat_www-data,5251,assign,0
5105,31323.0,openat_www-data,5252,assign,0
5106,31323.0,openat_www-data,5253,assign,0
5107,31323.0,openat_www-data,5254,assign,0
5108,31327.0,close_www-data,45,assign,0
5109,31327.0,close_www-data,45,assign,0
5110,31327.0,openat_www-data,5255,assign,0
5111,31327.0,close_www-data,45,assign,0
5112,31327.0,openat_www-data,5256,assign,0
5113,31331.0,close_www-data,45,assign,0
5114,31331.0,openat_www-data,5257,assign,0
5115,31331.0,openat_www-data,5258,assign,0
5116,31331.0,openat_www-data,5259,assign,0
5117,31331.0,openat_www-data,5260,assign,0
5118,31335.0,close_www-data,45,assign,0
5119,31335.0,openat_www-data,5261,assign,0
5120,31335.0,openat_www-data,5262,assign,0
5121,31335.0,openat_www-data,5263,assign,0
5122,31335.0,openat_www-data,5264,assign,0
5123,31335.0,openat_www-data,5265,assign,0
5124,31335.0,openat_www-data,5266,assign,0
5125,31343.0,close_www-data,45,assign,0
5126,31343.0,openat_www-data,5267,assign,0
5127,31343.0,close_www-data,45,assign,0
5128,31343.0,openat_www-data,5268,assign,0
5129,31343.0,openat_www-data,5269,assign,0
5130,31343.0,openat_www-data,5270,assign,0
5131,31343.0,openat_www-data,5271,assign,0
5132,31343.0,openat_www-data,5272,assign,0
5133,31343.0,openat_www-data,5273,assign,0
5134,31343.0,openat_www-data,5274,assign,0
5135,31347.0,close_www-data,45,assign,0
5136,31347.0,openat_www-data,5275,assign,0
5137,31347.0,openat_www-data,5276,assign,0
5138,31351.0,close_www-data,45,assign,0
5139,31351.0,openat_www-data,5277,assign,0
5140,31351.0,openat_www-data,5278,assign,0
5141,31351.0,openat_www-data,5279,assign,0
5142,31355.0,close_www-data,45,assign,0
5143,31355.0,openat_www-data,5280,assign,0
5144,31355.0,openat_www-data,5281,assign,0
5145,31359.0,openat_www-data,5282,assign,0
5146,31359.0,close_www-data,45,assign,0
5147,31359.0,openat_www-data,5283,assign,0
5148,31359.0,close_www-data,45,assign,0
5149,31359.0,openat_www-data,5284,assign,0
5150,31359.0,openat_www-data,5285,assign,0
5151,31359.0,openat_www-data,5286,assign,0
5152,31359.0,openat_www-data,5287,assign,0
5153,31363.0,openat_www-data,5288,assign,0
5154,31363.0,openat_www-data,5289,assign,0
5155,31363.0,close_www-data,45,assign,0
5156,31363.0,openat_www-data,5290,assign,0
5157,31363.0,close_www-data,45,assign,0
5158,31363.0,close_www-data,45,assign,0
5159,31363.0,openat_www-data,5291,assign,0
5160,31363.0,close_www-data,45,assign,0
5161,31371.0,close_www-data,45,assign,0
5162,31371.0,openat_www-data,5292,assign,0
5163,31371.0,openat_www-data,5293,assign,0
5164,31371.0,openat_www-data,5294,assign,0
5165,31371.0,openat_www-data,5295,assign,0
5166,31371.0,openat_www-data,5296,assign,0
5167,31371.0,openat_www-data,5297,assign,0
5168,31371.0,openat_www-data,5298,assign,0
5169,31375.0,openat_www-data,5299,assign,0
5170,31375.0,close_www-data,45,assign,0
5171,31375.0,openat_www-data,5300,assign,0
5172,31379.0,close_www-data,45,assign,0
5173,31379.0,openat_www-data,5301,assign,0
5174,31379.0,openat_www-data,5302,assign,0
5175,31379.0,openat_www-data,5303,assign,0
5176,31379.0,openat_www-data,5304,assign,0
5177,31383.0,openat_www-data,5305,assign,0
5178,31383.0,openat_www-data,5306,assign,0
5179,31383.0,close_www-data,45,assign,0
5180,31383.0,openat_www-data,5307,assign,0
5181,31383.0,openat_www-data,5308,assign,0
5182,31383.0,openat_www-data,5309,assign,0
5183,31387.0,close_www-data,45,assign,0
5184,31387.0,openat_www-data,5310,assign,0
5185,31387.0,openat_www-data,5311,assign,0
5186,31387.0,openat_www-data,5312,assign,0
5187,31387.0,openat_www-data,5313,assign,0
5188,31391.0,close_www-data,45,assign,0
5189,31391.0,openat_www-data,5314,assign,0
5190,31395.0,close_www-data,45,assign,0
5191,31395.0,openat_www-data,5315,assign,0
5192,31395.0,openat_www-data,5316,assign,0
5193,31395.0,openat_www-data,5317,assign,0
5194,31395.0,openat_www-data,5318,assign,0
5195,31399.0,openat_www-data,5319,assign,0
5196,31399.0,close_www-data,45,assign,0
5197,31399.0,openat_www-data,5320,assign,0
5198,31399.0,openat_www-data,5321,assign,0
5199,31399.0,openat_www-data,5322,assign,0
5200,31399.0,openat_www-data,5323,assign,0
5201,31407.0,close_www-data,45,assign,0
5202,31407.0,openat_www-data,5324,assign,0
5203,31407.0,openat_www-data,5325,assign,0
5204,31407.0,openat_www-data,5326,assign,0
5205,31407.0,openat_www-data,5327,assign,0
5206,31407.0,openat_www-data,5328,assign,0
5207,31407.0,openat_www-data,5329,assign,0
5208,31411.0,close_www-data,45,assign,0
5209,31411.0,openat_www-data,5330,assign,0
5210,31411.0,openat_www-data,5331,assign,0
5211,31411.0,openat_www-data,5332,assign,0
5212,31411.0,openat_www-data,5333,assign,0
5213,31415.0,close_www-data,45,assign,0
5214,31415.0,openat_www-data,5334,assign,0
5215,31415.0,openat_www-data,5335,assign,0
5216,31419.0,close_www-data,45,assign,0
5217,31419.0,openat_www-data,5336,assign,0
5218,31419.0,close_www-data,45,assign,0
5219,31419.0,openat_www-data,5337,assign,0
5220,31423.0,openat_www-data,5338,assign,0
5221,31423.0,openat_www-data,5339,assign,0
5222,31423.0,close_www-data,45,assign,0
5223,31423.0,openat_www-data,5340,assign,0
5224,31427.0,close_www-data,45,assign,0
5225,31427.0,openat_www-data,5341,assign,0
5226,31427.0,openat_www-data,5342,assign,0
5227,31427.0,openat_www-data,5343,assign,0
5228,31427.0,openat_www-data,5344,assign,0
5229,31431.0,close_www-data,45,assign,0
5230,31431.0,openat_www-data,5345,assign,0
5231,31431.0,openat_www-data,5346,assign,0
5232,31431.0,openat_www-data,5347,assign,0
5233,31431.0,openat_www-data,5348,assign,0
5234,31439.0,close_www-data,45,assign,0
5235,31439.0,openat_www-data,5349,assign,0
5236,31439.0,openat_www-data,5350,assign,0
5237,31439.0,openat_www-data,5351,assign,0
5238,31439.0,openat_www-data,5352,assign,0
5239,31439.0,openat_www-data,5353,assign,0
5240,31439.0,close_www-data,45,assign,0
5241,31439.0,openat_www-data,5354,assign,0
5242,31443.0,close_www-data,45,assign,0
5243,31443.0,openat_www-data,5355,assign,0
5244,31443.0,openat_www-data,5356,assign,0
5245,31443.0,openat_www-data,5357,assign,0
5246,31443.0,openat_www-data,5358,assign,0
5247,31443.0,openat_www-data,5359,assign,0
5248,31443.0,close_www-data,45,assign,0
5249,31443.0,close_www-data,45,assign,0
5250,31443.0,openat_www-data,5360,assign,0
5251,31443.0,close_www-data,45,assign,0
5252,31451.0,close_www-data,45,assign,0
5253,31451.0,openat_www-data,5361,assign,0
5254,31451.0,openat_www-data,5362,assign,0
5255,31455.0,close_www-data,45,assign,0
5256,31455.0,openat_www-data,5363,assign,0
5257,31455.0,openat_www-data,5364,assign,0
5258,31455.0,openat_www-data,5365,assign,0
5259,31455.0,openat_www-data,5366,assign,0
5260,31455.0,openat_www-data,5367,assign,0
5261,31455.0,openat_www-data,5368,assign,0
5262,31455.0,openat_www-data,5369,assign,0
5263,31463.0,close_www-data,45,assign,0
5264,31463.0,openat_www-data,5370,assign,0
5265,31463.0,openat_www-data,5371,assign,0
5266,31463.0,openat_www-data,5372,assign,0
5267,31463.0,openat_www-data,5373,assign,0
5268,31463.0,openat_www-data,5374,assign,0
5269,31471.0,close_www-data,45,assign,0
5270,31471.0,openat_www-data,5375,assign,0
5271,31471.0,openat_www-data,5376,assign,0
5272,31471.0,openat_www-data,5377,assign,0
5273,31471.0,openat_www-data,5378,assign,0
5274,31471.0,openat_www-data,5379,assign,0
5275,31471.0,openat_www-data,5380,assign,0
5276,31471.0,openat_www-data,5381,assign,0
5277,31471.0,openat_www-data,5382,assign,0
5278,31471.0,openat_www-data,5383,assign,0
5279,31479.0,close_www-data,45,assign,0
5280,31479.0,openat_www-data,5384,assign,0
5281,31479.0,openat_www-data,5385,assign,0
5282,31479.0,openat_www-data,5386,assign,0
5283,31483.0,close_www-data,45,assign,0
5284,31483.0,openat_www-data,5387,assign,0
5285,31483.0,openat_www-data,5388,assign,0
5286,31483.0,openat_www-data,5389,assign,0
5287,31487.0,openat_www-data,5390,assign,0
5288,31487.0,close_www-data,45,assign,0
5289,31487.0,openat_www-data,5391,assign,0
5290,31487.0,openat_www-data,5392,assign,0
5291,31487.0,openat_www-data,5393,assign,0
5292,31491.0,close_www-data,45,assign,0
5293,31491.0,openat_www-data,5394,assign,0
5294,31491.0,openat_www-data,5395,assign,0
5295,31491.0,openat_www-data,5396,assign,0
5296,31491.0,openat_www-data,5397,assign,0
5297,31491.0,openat_www-data,5398,assign,0
5298,31495.0,close_www-data,45,assign,0
5299,31495.0,openat_www-data,5399,assign,0
5300,31495.0,openat_www-data,5400,assign,0
5301,31495.0,openat_www-data,5401,assign,0
5302,31499.0,close_www-data,45,assign,0
5303,31499.0,openat_www-data,5402,assign,0
5304,31499.0,openat_www-data,5403,assign,0
5305,31503.0,close_www-data,45,assign,0
5306,31503.0,openat_www-data,5404,assign,0
5307,31503.0,openat_www-data,5405,assign,0
5308,31503.0,openat_www-data,5406,assign,0
5309,31503.0,openat_www-data,5407,assign,0
5310,31503.0,openat_www-data,5408,assign,0
5311,31503.0,openat_www-data,5409,assign,0
5312,31503.0,openat_www-data,5410,assign,0
5313,31503.0,openat_www-data,5411,assign,0
5314,31511.0,openat_www-data,5412,assign,0
5315,31511.0,close_www-data,45,assign,0
5316,31511.0,openat_www-data,5413,assign,0
5317,31511.0,openat_www-data,5414,assign,0
5318,31511.0,openat_www-data,5415,assign,0
5319,31515.0,close_www-data,45,assign,0
5320,31515.0,openat_www-data,5416,assign,0
5321,31515.0,openat_www-data,5417,assign,0
5322,31515.0,openat_www-data,5418,assign,0
5323,31515.0,openat_www-data,5419,assign,0
5324,31515.0,openat_www-data,5420,assign,0
5325,31515.0,close_www-data,45,assign,0
5326,31515.0,openat_www-data,5421,assign,0
5327,31515.0,openat_www-data,5422,assign,0
5328,31523.0,openat_www-data,5423,assign,0
5329,31523.0,close_www-data,45,assign,0
5330,31523.0,openat_www-data,5424,assign,0
5331,31523.0,openat_www-data,5425,assign,0
5332,31523.0,openat_www-data,5426,assign,0
5333,31523.0,openat_www-data,5427,assign,0
5334,31523.0,openat_www-data,5428,assign,0
5335,31523.0,openat_www-data,5429,assign,0
5336,31523.0,openat_www-data,5430,assign,0
5337,31531.0,close_www-data,45,assign,0
5338,31531.0,openat_www-data,5431,assign,0
5339,31531.0,openat_www-data,5432,assign,0
5340,31531.0,openat_www-data,5433,assign,0
5341,31531.0,openat_www-data,5434,assign,0
5342,31531.0,openat_www-data,5435,assign,0
5343,31535.0,close_www-data,45,assign,0
5344,31535.0,openat_www-data,5436,assign,0
5345,31535.0,close_www-data,45,assign,0
5346,31535.0,openat_www-data,5437,assign,0
5347,31535.0,openat_www-data,5438,assign,0
5348,31535.0,openat_www-data,5439,assign,0
5349,31539.0,close_www-data,45,assign,0
5350,31539.0,openat_www-data,5440,assign,0
5351,31539.0,openat_www-data,5441,assign,0
5352,31539.0,openat_www-data,5442,assign,0
5353,31539.0,close_www-data,45,assign,0
5354,31539.0,close_www-data,45,assign,0
5355,31539.0,openat_www-data,5443,assign,0
5356,31539.0,close_www-data,45,assign,0
5357,31539.0,openat_www-data,5444,assign,0
5358,31543.0,close_www-data,45,assign,0
5359,31543.0,openat_www-data,5445,assign,0
5360,31543.0,openat_www-data,5446,assign,0
5361,31543.0,openat_www-data,5447,assign,0
5362,31543.0,openat_www-data,5448,assign,0
5363,31547.0,openat_www-data,5449,assign,0
5364,31547.0,close_www-data,45,assign,0
5365,31547.0,openat_www-data,5450,assign,0
5366,31551.0,close_www-data,45,assign,0
5367,31551.0,openat_www-data,5451,assign,0
5368,31551.0,openat_www-data,5452,assign,0
5369,31551.0,openat_www-data,5453,assign,0
5370,31551.0,openat_www-data,5454,assign,0
5371,31551.0,openat_www-data,5455,assign,0
5372,31551.0,close_www-data,45,assign,0
5373,31551.0,openat_www-data,5456,assign,0
5374,31551.0,openat_www-data,5457,assign,0
5375,31559.0,openat_www-data,5458,assign,0
5376,31559.0,close_www-data,45,assign,0
5377,31559.0,openat_www-data,5459,assign,0
5378,31559.0,openat_www-data,5460,assign,0
5379,31559.0,openat_www-data,5461,assign,0
5380,31559.0,openat_www-data,5462,assign,0
5381,31563.0,close_www-data,45,assign,0
5382,31563.0,openat_www-data,5463,assign,0
5383,31567.0,openat_www-data,5464,assign,0
5384,31567.0,close_www-data,45,assign,0
5385,31567.0,openat_www-data,5465,assign,0
5386,31567.0,openat_www-data,5466,assign,0
5387,31567.0,openat_www-data,5467,assign,0
5388,31575.0,close_www-data,45,assign,0
5389,31575.0,openat_www-data,5468,assign,0
5390,31575.0,openat_www-data,5469,assign,0
5391,31575.0,openat_www-data,5470,assign,0
5392,31579.0,close_www-data,45,assign,0
5393,31579.0,openat_www-data,5471,assign,0
5394,31579.0,close_www-data,45,assign,0
5395,31579.0,openat_www-data,5472,assign,0
5396,31579.0,openat_www-data,5473,assign,0
5397,31579.0,openat_www-data,5474,assign,0
5398,31579.0,openat_www-data,5475,assign,0
5399,31583.0,openat_www-data,5476,assign,0
5400,31583.0,close_www-data,45,assign,0
5401,31583.0,openat_www-data,5477,assign,0
5402,31583.0,close_www-data,45,assign,0
5403,31583.0,close_www-data,45,assign,0
5404,31583.0,openat_www-data,5478,assign,0
5405,31583.0,close_www-data,45,assign,0
5406,31583.0,openat_www-data,5479,assign,0
5407,31583.0,openat_www-data,5480,assign,0
5408,31587.0,close_www-data,45,assign,0
5409,31587.0,openat_www-data,5481,assign,0
5410,31587.0,openat_www-data,5482,assign,0
5411,31587.0,openat_www-data,5483,assign,0
5412,31591.0,openat_www-data,5484,assign,0
5413,31591.0,close_www-data,45,assign,0
5414,31595.0,openat_www-data,5485,assign,0
5415,31595.0,close_www-data,45,assign,0
5416,31595.0,openat_www-data,5486,assign,0
5417,31595.0,openat_www-data,5487,assign,0
5418,31595.0,openat_www-data,5488,assign,0
5419,31599.0,openat_www-data,5489,assign,0
5420,31599.0,close_www-data,45,assign,0
5421,31599.0,openat_www-data,5490,assign,0
5422,31599.0,close_www-data,45,assign,0
5423,31599.0,openat_www-data,5491,assign,0
5424,31599.0,openat_www-data,5492,assign,0
5425,31603.0,close_www-data,45,assign,0
5426,31603.0,openat_www-data,5493,assign,0
5427,31603.0,openat_www-data,5494,assign,0
5428,31603.0,openat_www-data,5495,assign,0
5429,31603.0,openat_www-data,5496,assign,0
5430,31603.0,openat_www-data,5497,assign,0
5431,31607.0,close_www-data,45,assign,0
5432,31607.0,openat_www-data,5498,assign,0
5433,31607.0,openat_www-data,5499,assign,0
5434,31607.0,openat_www-data,5500,assign,0
5435,31607.0,openat_www-data,5501,assign,0
5436,31611.0,close_www-data,45,assign,0
5437,31611.0,openat_www-data,5502,assign,0
5438,31611.0,openat_www-data,5503,assign,0
5439,31615.0,openat_www-data,5504,assign,0
5440,31615.0,close_www-data,45,assign,0
5441,31615.0,openat_www-data,5505,assign,0
5442,31615.0,openat_www-data,5506,assign,0
5443,31615.0,close_www-data,45,assign,0
5444,31615.0,openat_www-data,5507,assign,0
5445,31619.0,close_www-data,45,assign,0
5446,31619.0,openat_www-data,5508,assign,0
5447,31619.0,openat_www-data,5509,assign,0
5448,31619.0,openat_www-data,5510,assign,0
5449,31619.0,openat_www-data,5511,assign,0
5450,31619.0,openat_www-data,5512,assign,0
5451,31619.0,close_www-data,45,assign,0
5452,31619.0,close_www-data,45,assign,0
5453,31619.0,openat_www-data,5513,assign,0
5454,31623.0,close_www-data,45,assign,0
5455,31623.0,close_www-data,45,assign,0
5456,31623.0,openat_www-data,5514,assign,0
5457,31623.0,openat_www-data,5515,assign,0
5458,31623.0,openat_www-data,5516,assign,0
5459,31627.0,close_www-data,45,assign,0
5460,31627.0,openat_www-data,5517,assign,0
5461,31627.0,openat_www-data,5518,assign,0
5462,31627.0,openat_www-data,5519,assign,0
5463,31631.0,close_www-data,45,assign,0
5464,31631.0,openat_www-data,5520,assign,0
5465,31631.0,openat_www-data,5521,assign,0
5466,31631.0,openat_www-data,5522,assign,0
5467,31631.0,openat_www-data,5523,assign,0
5468,31635.0,close_www-data,45,assign,0
5469,31635.0,openat_www-data,5524,assign,0
5470,31635.0,openat_www-data,5525,assign,0
5471,31635.0,close_www-data,45,assign,0
5472,31635.0,openat_www-data,5526,assign,0
5473,31639.0,openat_www-data,5527,assign,0
5474,31643.0,close_www-data,45,assign,0
5475,31643.0,openat_www-data,5528,assign,0
5476,31643.0,openat_www-data,5529,assign,0
5477,31643.0,openat_www-data,5530,assign,0
5478,31643.0,openat_www-data,5531,assign,0
5479,31643.0,openat_www-data,5532,assign,0
5480,31643.0,openat_www-data,5533,assign,0
5481,31643.0,openat_www-data,5534,assign,0
5482,31647.0,close_www-data,45,assign,0
5483,31647.0,openat_www-data,5535,assign,0
5484,31647.0,openat_www-data,5536,assign,0
5485,31647.0,openat_www-data,5537,assign,0
5486,31647.0,openat_www-data,5538,assign,0
5487,31651.0,close_www-data,45,assign,0
5488,31651.0,openat_www-data,5539,assign,0
5489,31651.0,openat_www-data,5540,assign,0
5490,31655.0,close_www-data,45,assign,0
5491,31655.0,openat_www-data,5541,assign,0
5492,31655.0,close_www-data,45,assign,0
5493,31655.0,openat_www-data,5542,assign,0
5494,31655.0,openat_www-data,5543,assign,0
5495,31655.0,openat_www-data,5544,assign,0
5496,31655.0,openat_www-data,5545,assign,0
5497,31659.0,openat_www-data,5546,assign,0
5498,31659.0,openat_www-data,5547,assign,0
5499,31659.0,close_www-data,45,assign,0
5500,31659.0,openat_www-data,5548,assign,0
5501,31659.0,close_www-data,45,assign,0
5502,31659.0,close_www-data,45,assign,0
5503,31659.0,openat_www-data,5549,assign,0
5504,31659.0,close_www-data,45,assign,0
5505,31659.0,openat_www-data,5550,assign,0
5506,31663.0,close_www-data,45,assign,0
5507,31663.0,openat_www-data,5551,assign,0
5508,31663.0,openat_www-data,5552,assign,0
5509,31667.0,close_www-data,45,assign,0
5510,31667.0,openat_www-data,5553,assign,0
5511,31667.0,openat_www-data,5554,assign,0
5512,31667.0,openat_www-data,5555,assign,0
5513,31667.0,openat_www-data,5556,assign,0
5514,31671.0,openat_www-data,5557,assign,0
5515,31671.0,close_www-data,45,assign,0
5516,31671.0,openat_www-data,5558,assign,0
5517,31671.0,openat_www-data,5559,assign,0
5518,31671.0,openat_www-data,5560,assign,0
5519,31675.0,close_www-data,45,assign,0
5520,31675.0,openat_www-data,5561,assign,0
5521,31675.0,close_www-data,45,assign,0
5522,31675.0,openat_www-data,5562,assign,0
5523,31679.0,openat_www-data,5563,assign,0
5524,31679.0,openat_www-data,5564,assign,0
5525,31679.0,close_www-data,45,assign,0
5526,31679.0,openat_www-data,5565,assign,0
5527,31679.0,openat_www-data,5566,assign,0
5528,31679.0,openat_www-data,5567,assign,0
5529,31679.0,openat_www-data,5568,assign,0
5530,31683.0,close_www-data,45,assign,0
5531,31683.0,openat_www-data,5569,assign,0
5532,31683.0,openat_www-data,5570,assign,0
5533,31683.0,openat_www-data,5571,assign,0
5534,31683.0,openat_www-data,5572,assign,0
5535,31683.0,openat_www-data,5573,assign,0
5536,31683.0,openat_www-data,5574,assign,0
5537,31691.0,close_www-data,45,assign,0
5538,31691.0,openat_www-data,5575,assign,0
5539,31691.0,openat_www-data,5576,assign,0
5540,31691.0,openat_www-data,5577,assign,0
5541,31691.0,openat_www-data,5578,assign,0
5542,31695.0,close_www-data,45,assign,0
5543,31695.0,openat_www-data,5579,assign,0
5544,31695.0,openat_www-data,5580,assign,0
5545,31695.0,openat_www-data,5581,assign,0
5546,31695.0,openat_www-data,5582,assign,0
5547,31699.0,openat_www-data,5583,assign,0
5548,31699.0,openat_www-data,5584,assign,0
5549,31699.0,close_www-data,45,assign,0
5550,31699.0,openat_www-data,5585,assign,0
5551,31699.0,close_www-data,45,assign,0
5552,31699.0,close_www-data,45,assign,0
5553,31703.0,openat_www-data,5586,assign,0
5554,31703.0,close_www-data,45,assign,0
5555,31703.0,close_www-data,45,assign,0
5556,31703.0,openat_www-data,5587,assign,0
5557,31703.0,openat_www-data,5588,assign,0
5558,31703.0,openat_www-data,5589,assign,0
5559,31703.0,openat_www-data,5590,assign,0
5560,31703.0,openat_www-data,5591,assign,0
5561,31703.0,openat_www-data,5592,assign,0
5562,31703.0,openat_www-data,5593,assign,0
5563,31711.0,close_www-data,45,assign,0
5564,31711.0,openat_www-data,5594,assign,0
5565,31711.0,openat_www-data,5595,assign,0
5566,31711.0,openat_www-data,5596,assign,0
5567,31715.0,close_www-data,45,assign,0
5568,31715.0,openat_www-data,5597,assign,0
5569,31715.0,openat_www-data,5598,assign,0
5570,31719.0,close_www-data,45,assign,0
5571,31719.0,openat_www-data,5599,assign,0
5572,31719.0,openat_www-data,5600,assign,0
5573,31719.0,openat_www-data,5601,assign,0
5574,31719.0,openat_www-data,5602,assign,0
5575,31719.0,openat_www-data,5603,assign,0
5576,31727.0,close_www-data,45,assign,0
5577,31727.0,openat_www-data,5604,assign,0
5578,31727.0,openat_www-data,5605,assign,0
5579,31727.0,openat_www-data,5606,assign,0
5580,31727.0,openat_www-data,5607,assign,0
5581,31731.0,close_www-data,45,assign,0
5582,31731.0,openat_www-data,5608,assign,0
5583,31731.0,openat_www-data,5609,assign,0
5584,31735.0,close_www-data,45,assign,0
5585,31735.0,openat_www-data,5610,assign,0
5586,31735.0,openat_www-data,5611,assign,0
5587,31735.0,openat_www-data,5612,assign,0
5588,31735.0,openat_www-data,5613,assign,0
5589,31739.0,close_www-data,45,assign,0
5590,31739.0,openat_www-data,5614,assign,0
5591,31739.0,openat_www-data,5615,assign,0
5592,31743.0,openat_www-data,5616,assign,0
5593,31743.0,openat_www-data,5617,assign,0
5594,31743.0,close_www-data,45,assign,0
5595,31743.0,openat_www-data,5618,assign,0
5596,31743.0,openat_www-data,5619,assign,0
5597,31743.0,openat_www-data,5620,assign,0
5598,31743.0,openat_www-data,5621,assign,0
5599,31743.0,openat_www-data,5622,assign,0
5600,31743.0,openat_www-data,5623,assign,0
5601,31743.0,openat_www-data,5624,assign,0
5602,31751.0,close_www-data,45,assign,0
5603,31751.0,openat_www-data,5625,assign,0
5604,31751.0,openat_www-data,5626,assign,0
5605,31751.0,openat_www-data,5627,assign,0
5606,31755.0,close_www-data,45,assign,0
5607,31755.0,openat_www-data,5628,assign,0
5608,31755.0,openat_www-data,5629,assign,0
5609,31755.0,openat_www-data,5630,assign,0
5610,31759.0,openat_www-data,5631,assign,0
5611,31759.0,close_www-data,45,assign,0
5612,31759.0,openat_www-data,5632,assign,0
5613,31759.0,openat_www-data,5633,assign,0
5614,31759.0,openat_www-data,5634,assign,0
5615,31759.0,openat_www-data,5635,assign,0
5616,31763.0,openat_www-data,5636,assign,0
5617,31763.0,close_www-data,45,assign,0
5618,31763.0,openat_www-data,5637,assign,0
5619,31763.0,openat_www-data,5638,assign,0
5620,31767.0,close_www-data,45,assign,0
5621,31767.0,openat_www-data,5639,assign,0
5622,31767.0,openat_www-data,5640,assign,0
5623,31767.0,openat_www-data,5641,assign,0
5624,31767.0,openat_www-data,5642,assign,0
5625,31767.0,openat_www-data,5643,assign,0
5626,31775.0,close_www-data,45,assign,0
5627,31775.0,openat_www-data,5644,assign,0
5628,31775.0,openat_www-data,5645,assign,0
5629,31775.0,openat_www-data,5646,assign,0
5630,31775.0,openat_www-data,5647,assign,0
5631,31775.0,close_www-data,45,assign,0
5632,31775.0,openat_www-data,5648,assign,0
5633,31775.0,openat_www-data,5649,assign,0
5634,31775.0,openat_www-data,5650,assign,0
5635,31775.0,openat_www-data,5651,assign,0
5636,31783.0,openat_www-data,5652,assign,0
5637,31783.0,close_www-data,45,assign,0
5638,31783.0,openat_www-data,5653,assign,0
5639,31783.0,close_www-data,45,assign,0
5640,31783.0,close_www-data,45,assign,0
5641,31783.0,openat_www-data,5654,assign,0
5642,31783.0,close_www-data,45,assign,0
5643,31783.0,openat_www-data,5655,assign,0
5644,31783.0,openat_www-data,5656,assign,0
5645,31787.0,close_www-data,45,assign,0
5646,31787.0,openat_www-data,5657,assign,0
5647,31787.0,openat_www-data,5658,assign,0
5648,31787.0,openat_www-data,5659,assign,0
5649,31787.0,openat_www-data,5660,assign,0
5650,31791.0,close_www-data,45,assign,0
5651,31791.0,openat_www-data,5661,assign,0
5652,31795.0,close_www-data,45,assign,0
5653,31795.0,openat_www-data,5662,assign,0
5654,31795.0,openat_www-data,5663,assign,0
5655,31795.0,openat_www-data,5664,assign,0
5656,31795.0,openat_www-data,5665,assign,0
5657,31799.0,close_www-data,45,assign,0
5658,31799.0,openat_www-data,5666,assign,0
5659,31799.0,openat_www-data,5667,assign,0
5660,31799.0,openat_www-data,5668,assign,0
5661,31799.0,openat_www-data,5669,assign,0
5662,31799.0,openat_www-data,5670,assign,0
5663,31803.0,close_www-data,45,assign,0
5664,31803.0,openat_www-data,5671,assign,0
5665,31803.0,openat_www-data,5672,assign,0
5666,31803.0,openat_www-data,5673,assign,0
5667,31807.0,close_www-data,45,assign,0
5668,31807.0,openat_www-data,5674,assign,0
5669,31807.0,openat_www-data,5675,assign,0
5670,31811.0,close_www-data,45,assign,0
5671,31811.0,openat_www-data,5676,assign,0
5672,31811.0,openat_www-data,5677,assign,0
5673,31811.0,openat_www-data,5678,assign,0
5674,31811.0,openat_www-data,5679,assign,0
5675,31811.0,openat_www-data,5680,assign,0
5676,31815.0,close_www-data,45,assign,0
5677,31815.0,openat_www-data,5681,assign,0
5678,31819.0,close_www-data,45,assign,0
5679,31819.0,openat_www-data,5682,assign,0
5680,31819.0,openat_www-data,5683,assign,0
5681,31819.0,openat_www-data,5684,assign,0
5682,31819.0,openat_www-data,5685,assign,0
5683,31819.0,openat_www-data,5686,assign,0
5684,31823.0,close_www-data,45,assign,0
5685,31823.0,openat_www-data,5687,assign,0
5686,31823.0,openat_www-data,5688,assign,0
5687,31823.0,openat_www-data,5689,assign,0
5688,31823.0,openat_www-data,5690,assign,0
5689,31827.0,close_www-data,45,assign,0
5690,31827.0,openat_www-data,5691,assign,0
5691,31827.0,openat_www-data,5692,assign,0
5692,31827.0,openat_www-data,5693,assign,0
5693,31831.0,close_www-data,45,assign,0
5694,31831.0,openat_www-data,5694,assign,0
5695,31835.0,close_www-data,45,assign,0
5696,31835.0,openat_www-data,5695,assign,0
5697,31835.0,openat_www-data,5696,assign,0
5698,31835.0,openat_www-data,5697,assign,0
5699,31835.0,openat_www-data,5698,assign,0
5700,31835.0,openat_www-data,5699,assign,0
5701,31839.0,openat_www-data,5700,assign,0
5702,31839.0,openat_www-data,5701,assign,0
5703,31839.0,close_www-data,45,assign,0
5704,31839.0,openat_www-data,5702,assign,0
5705,31839.0,openat_www-data,5703,assign,0
5706,31839.0,openat_www-data,5704,assign,0
5707,31843.0,close_www-data,45,assign,0
5708,31843.0,openat_www-data,5705,assign,0
5709,31843.0,openat_www-data,5706,assign,0
5710,31843.0,openat_www-data,5707,assign,0
5711,31843.0,openat_www-data,5708,assign,0
5712,31847.0,close_www-data,45,assign,0
5713,31847.0,openat_www-data,5709,assign,0
5714,31851.0,openat_www-data,5710,assign,0
5715,31851.0,close_www-data,45,assign,0
5716,31851.0,openat_www-data,5711,assign,0
5717,31851.0,openat_www-data,5712,assign,0
5718,31851.0,openat_www-data,5713,assign,0
5719,31855.0,openat_www-data,5714,assign,0
5720,31855.0,close_www-data,45,assign,0
5721,31855.0,openat_www-data,5715,assign,0
5722,31855.0,close_www-data,45,assign,0
5723,31855.0,openat_www-data,5716,assign,0
5724,31859.0,openat_www-data,5717,assign,0
5725,31859.0,openat_www-data,5718,assign,0
5726,31859.0,close_www-data,45,assign,0
5727,31859.0,openat_www-data,5719,assign,0
5728,31859.0,openat_www-data,5720,assign,0
5729,31859.0,openat_www-data,5721,assign,0
5730,31863.0,openat_www-data,5722,assign,0
5731,31863.0,close_www-data,45,assign,0
5732,31863.0,openat_www-data,5723,assign,0
5733,31863.0,openat_www-data,5724,assign,0
5734,31863.0,openat_www-data,5725,assign,0
5735,31867.0,close_www-data,45,assign,0
5736,31867.0,openat_www-data,5726,assign,0
5737,31867.0,openat_www-data,5727,assign,0
5738,31867.0,openat_www-data,5728,assign,0
5739,31867.0,openat_www-data,5729,assign,0
5740,31871.0,close_www-data,45,assign,0
5741,31875.0,openat_www-data,5730,assign,0
5742,31875.0,close_www-data,45,assign,0
5743,31875.0,openat_www-data,5731,assign,0
5744,31875.0,openat_www-data,5732,assign,0
5745,31875.0,close_www-data,45,assign,0
5746,31875.0,openat_www-data,5733,assign,0
5747,31875.0,openat_www-data,5734,assign,0
5748,31883.0,close_www-data,45,assign,0
5749,31883.0,openat_www-data,5735,assign,0
5750,31883.0,openat_www-data,5736,assign,0
5751,31883.0,openat_www-data,5737,assign,0
5752,31883.0,openat_www-data,5738,assign,0
5753,31883.0,close_www-data,45,assign,0
5754,31883.0,close_www-data,45,assign,0
5755,31883.0,openat_www-data,5739,assign,0
5756,31883.0,close_www-data,45,assign,0
5757,31883.0,openat_www-data,5740,assign,0
5758,31887.0,close_www-data,45,assign,0
5759,31887.0,openat_www-data,5741,assign,0
5760,31887.0,openat_www-data,5742,assign,0
5761,31891.0,close_www-data,45,assign,0
5762,31891.0,openat_www-data,5743,assign,0
5763,31891.0,openat_www-data,5744,assign,0
5764,31891.0,openat_www-data,5745,assign,0
5765,31891.0,openat_www-data,5746,assign,0
5766,31891.0,openat_www-data,5747,assign,0
5767,31895.0,close_www-data,45,assign,0
5768,31895.0,openat_www-data,5748,assign,0
5769,31895.0,openat_www-data,5749,assign,0
5770,31895.0,openat_www-data,5750,assign,0
5771,31899.0,close_www-data,45,assign,0
5772,31899.0,openat_www-data,5751,assign,0
5773,31899.0,close_www-data,45,assign,0
5774,31899.0,openat_www-data,5752,assign,0
5775,31903.0,openat_www-data,5753,assign,0
5776,31903.0,openat_www-data,5754,assign,0
5777,31903.0,close_www-data,45,assign,0
5778,31903.0,openat_www-data,5755,assign,0
5779,31903.0,openat_www-data,5756,assign,0
5780,31903.0,openat_www-data,5757,assign,0
5781,31903.0,openat_www-data,5758,assign,0
5782,31903.0,openat_www-data,5759,assign,0
5783,31907.0,close_www-data,45,assign,0
5784,31907.0,openat_www-data,5760,assign,0
5785,31911.0,close_www-data,45,assign,0
5786,31911.0,openat_www-data,5761,assign,0
5787,31911.0,openat_www-data,5762,assign,0
5788,31911.0,openat_www-data,5763,assign,0
5789,31911.0,openat_www-data,5764,assign,0
5790,31915.0,close_www-data,45,assign,0
5791,31915.0,openat_www-data,5765,assign,0
5792,31915.0,openat_www-data,5766,assign,0
5793,31915.0,openat_www-data,5767,assign,0
5794,31915.0,openat_www-data,5768,assign,0
5795,31915.0,close_www-data,45,assign,0
5796,31919.0,openat_www-data,5769,assign,0
5797,31919.0,close_www-data,45,assign,0
5798,31919.0,openat_www-data,5770,assign,0
5799,31923.0,close_www-data,45,assign,0
5800,31923.0,openat_www-data,5771,assign,0
5801,31923.0,openat_www-data,5772,assign,0
5802,31923.0,openat_www-data,5773,assign,0
5803,31923.0,openat_www-data,5774,assign,0
5804,31923.0,close_www-data,45,assign,0
5805,31923.0,close_www-data,45,assign,0
5806,31923.0,openat_www-data,5775,assign,0
5807,31923.0,close_www-data,45,assign,0
5808,31923.0,openat_www-data,5776,assign,0
5809,31927.0,close_www-data,45,assign,0
5810,31927.0,openat_www-data,5777,assign,0
5811,31927.0,openat_www-data,5778,assign,0
5812,31927.0,openat_www-data,5779,assign,0
5813,31931.0,close_www-data,45,assign,0
5814,31931.0,openat_www-data,5780,assign,0
5815,31935.0,close_www-data,45,assign,0
5816,31935.0,openat_www-data,5781,assign,0
5817,31935.0,openat_www-data,5782,assign,0
5818,31935.0,openat_www-data,5783,assign,0
5819,31935.0,openat_www-data,5784,assign,0
5820,31939.0,close_www-data,45,assign,0
5821,31939.0,openat_www-data,5785,assign,0
5822,31939.0,openat_www-data,5786,assign,0
5823,31939.0,openat_www-data,5787,assign,0
5824,31939.0,close_www-data,45,assign,0
5825,31939.0,openat_www-data,5788,assign,0
5826,31943.0,openat_www-data,5789,assign,0
5827,31943.0,close_www-data,45,assign,0
5828,31943.0,openat_www-data,5790,assign,0
5829,31943.0,openat_www-data,5791,assign,0
5830,31943.0,openat_www-data,5792,assign,0
5831,31947.0,close_www-data,45,assign,0
5832,31947.0,openat_www-data,5793,assign,0
5833,31947.0,openat_www-data,5794,assign,0
5834,31951.0,close_www-data,45,assign,0
5835,31951.0,openat_www-data,5795,assign,0
5836,31951.0,openat_www-data,5796,assign,0
5837,31951.0,openat_www-data,5797,assign,0
5838,31951.0,openat_www-data,5798,assign,0
5839,31955.0,close_www-data,45,assign,0
5840,31955.0,openat_www-data,5799,assign,0
5841,31955.0,openat_www-data,5800,assign,0
5842,31955.0,openat_www-data,5801,assign,0
5843,31955.0,openat_www-data,5802,assign,0
5844,31959.0,close_www-data,45,assign,0
5845,31959.0,openat_www-data,5803,assign,0
5846,31959.0,close_www-data,45,assign,0
5847,31959.0,openat_www-data,5804,assign,0
5848,31963.0,close_www-data,45,assign,0
5849,31963.0,openat_www-data,5805,assign,0
5850,31963.0,openat_www-data,5806,assign,0
5851,31963.0,openat_www-data,5807,assign,0
5852,31963.0,openat_www-data,5808,assign,0
5853,31963.0,openat_www-data,5809,assign,0
5854,31963.0,close_www-data,45,assign,0
5855,31967.0,close_www-data,45,assign,0
5856,31967.0,openat_www-data,5810,assign,0
5857,31967.0,close_www-data,45,assign,0
5858,31967.0,openat_www-data,5811,assign,0
5859,31967.0,openat_www-data,5812,assign,0
5860,31967.0,openat_www-data,5813,assign,0
5861,31971.0,close_www-data,45,assign,0
5862,31971.0,openat_www-data,5814,assign,0
5863,31971.0,openat_www-data,5815,assign,0
5864,31971.0,openat_www-data,5816,assign,0
5865,31975.0,close_www-data,45,assign,0
5866,31975.0,openat_www-data,5817,assign,0
5867,31975.0,openat_www-data,5818,assign,0
5868,31975.0,openat_www-data,5819,assign,0
5869,31975.0,openat_www-data,5820,assign,0
5870,31979.0,close_www-data,45,assign,0
5871,31979.0,openat_www-data,5821,assign,0
5872,31983.0,openat_www-data,5822,assign,0
5873,31983.0,close_www-data,45,assign,0
5874,31983.0,openat_www-data,5823,assign,0
5875,31983.0,openat_www-data,5824,assign,0
5876,31983.0,openat_www-data,5825,assign,0
5877,31987.0,openat_www-data,5826,assign,0
5878,31987.0,close_www-data,45,assign,0
5879,31987.0,openat_www-data,5827,assign,0
5880,31987.0,openat_www-data,5828,assign,0
5881,31987.0,openat_www-data,5829,assign,0
5882,31987.0,openat_www-data,5830,assign,0
5883,31991.0,openat_www-data,5831,assign,0
5884,31991.0,close_www-data,45,assign,0
5885,31991.0,openat_www-data,5832,assign,0
5886,31995.0,close_www-data,45,assign,0
5887,31995.0,openat_www-data,5833,assign,0
5888,31995.0,openat_www-data,5834,assign,0
5889,31995.0,openat_www-data,5835,assign,0
5890,31995.0,openat_www-data,5836,assign,0
5891,31999.0,openat_www-data,5837,assign,0
5892,31999.0,close_www-data,45,assign,0
5893,31999.0,openat_www-data,5838,assign,0
5894,31999.0,close_www-data,45,assign,0
5895,31999.0,openat_www-data,5839,assign,0
5896,31999.0,openat_www-data,5840,assign,0
5897,31999.0,openat_www-data,5841,assign,0
5898,31999.0,openat_www-data,5842,assign,0
5899,32003.0,openat_www-data,5843,assign,0
5900,32003.0,openat_www-data,5844,assign,0
5901,32003.0,close_www-data,45,assign,0
5902,32003.0,openat_www-data,5845,assign,0
5903,32007.0,close_www-data,45,assign,0
5904,32007.0,close_www-data,45,assign,0
5905,32007.0,openat_www-data,5846,assign,0
5906,32007.0,close_www-data,45,assign,0
5907,32007.0,openat_www-data,5847,assign,0
5908,32007.0,openat_www-data,5848,assign,0
5909,32007.0,openat_www-data,5849,assign,0
5910,32011.0,close_www-data,45,assign,0
5911,32011.0,openat_www-data,5850,assign,0
5912,32011.0,openat_www-data,5851,assign,0
5913,32015.0,close_www-data,45,assign,0
5914,32015.0,openat_www-data,5852,assign,0
5915,32015.0,openat_www-data,5853,assign,0
5916,32015.0,openat_www-data,5854,assign,0
5917,32015.0,openat_www-data,5855,assign,0
5918,32019.0,close_www-data,45,assign,0
5919,32019.0,openat_www-data,5856,assign,0
5920,32019.0,openat_www-data,5857,assign,0
5921,32019.0,openat_www-data,5858,assign,0
5922,32019.0,close_www-data,45,assign,0
5923,32019.0,openat_www-data,5859,assign,0
5924,32023.0,openat_www-data,5860,assign,0
5925,32027.0,openat_www-data,5861,assign,0
5926,32027.0,openat_www-data,5862,assign,0
5927,32027.0,close_www-data,45,assign,0
5928,32027.0,openat_www-data,5863,assign,0
5929,32027.0,openat_www-data,5864,assign,0
5930,32027.0,openat_www-data,5865,assign,0
5931,32027.0,openat_www-data,5866,assign,0
5932,32035.0,close_www-data,45,assign,0
5933,32035.0,openat_www-data,5867,assign,0
5934,32035.0,openat_www-data,5868,assign,0
5935,32035.0,openat_www-data,5869,assign,0
5936,32039.0,close_www-data,45,assign,0
5937,32039.0,openat_www-data,5870,assign,0
5938,32039.0,openat_www-data,5871,assign,0
5939,32039.0,openat_www-data,5872,assign,0
5940,32039.0,openat_www-data,5873,assign,0
5941,32039.0,openat_www-data,5874,assign,0
5942,32039.0,openat_www-data,5875,assign,0
5943,32043.0,close_www-data,45,assign,0
5944,32043.0,openat_www-data,5876,assign,0
5945,32043.0,close_www-data,45,assign,0
5946,32043.0,openat_www-data,5877,assign,0
5947,32043.0,openat_www-data,5878,assign,0
5948,32047.0,close_www-data,45,assign,0
5949,32047.0,openat_www-data,5879,assign,0
5950,32047.0,openat_www-data,5880,assign,0
5951,32047.0,openat_www-data,5881,assign,0
5952,32047.0,openat_www-data,5882,assign,0
5953,32047.0,close_www-data,45,assign,0
5954,32047.0,close_www-data,45,assign,0
5955,32047.0,openat_www-data,5883,assign,0
5956,32047.0,close_www-data,45,assign,0
5957,32051.0,close_www-data,45,assign,0
5958,32051.0,openat_www-data,5884,assign,0
5959,32051.0,openat_www-data,5885,assign,0
5960,32055.0,close_www-data,45,assign,0
5961,32055.0,openat_www-data,5886,assign,0
5962,32055.0,openat_www-data,5887,assign,0
5963,32055.0,openat_www-data,5888,assign,0
5964,32059.0,close_www-data,45,assign,0
5965,32059.0,openat_www-data,5889,assign,0
5966,32059.0,openat_www-data,5890,assign,0
5967,32059.0,openat_www-data,5891,assign,0
5968,32059.0,openat_www-data,5892,assign,0
5969,32063.0,close_www-data,45,assign,0
5970,32063.0,openat_www-data,5893,assign,0
5971,32063.0,openat_www-data,5894,assign,0
5972,32063.0,openat_www-data,5895,assign,0
5973,32067.0,close_www-data,45,assign,0
5974,32067.0,openat_www-data,5896,assign,0
5975,32067.0,openat_www-data,5897,assign,0
5976,32067.0,openat_www-data,5898,assign,0
5977,32067.0,openat_www-data,5899,assign,0
5978,32071.0,openat_www-data,5900,assign,0
5979,32071.0,close_www-data,45,assign,0
5980,32071.0,openat_www-data,5901,assign,0
5981,32071.0,openat_www-data,5902,assign,0
5982,32075.0,close_www-data,45,assign,0
5983,32075.0,openat_www-data,5903,assign,0
5984,32075.0,openat_www-data,5904,assign,0
5985,32079.0,close_www-data,45,assign,0
5986,32079.0,openat_www-data,5905,assign,0
5987,32079.0,openat_www-data,5906,assign,0
5988,32079.0,openat_www-data,5907,assign,0
5989,32079.0,openat_www-data,5908,assign,0
5990,32083.0,close_www-data,45,assign,0
5991,32083.0,openat_www-data,5909,assign,0
5992,32083.0,openat_www-data,5910,assign,0
5993,32083.0,openat_www-data,5911,assign,0
5994,32083.0,close_www-data,45,assign,0
5995,32083.0,openat_www-data,5912,assign,0
5996,32087.0,close_www-data,45,assign,0
5997,32087.0,openat_www-data,5913,assign,0
5998,32087.0,openat_www-data,5914,assign,0
5999,32087.0,openat_www-data,5915,assign,0
6000,32087.0,openat_www-data,5916,assign,0
6001,32087.0,openat_www-data,5917,assign,0
6002,32087.0,close_www-data,45,assign,0
6003,32087.0,close_www-data,45,assign,0
6004,32091.0,openat_www-data,5918,assign,0
6005,32091.0,close_www-data,45,assign,0
6006,32091.0,close_www-data,45,assign,0
6007,32091.0,openat_www-data,5919,assign,0
6008,32091.0,openat_www-data,5920,assign,0
6009,32091.0,openat_www-data,5921,assign,0
6010,32095.0,close_www-data,45,assign,0
6011,32095.0,openat_www-data,5922,assign,0
6012,32095.0,openat_www-data,5923,assign,0
6013,32095.0,openat_www-data,5924,assign,0
6014,32099.0,openat_www-data,5925,assign,0
6015,32099.0,close_www-data,45,assign,0
6016,32103.0,close_www-data,45,assign,0
6017,32103.0,openat_www-data,5926,assign,0
6018,32103.0,openat_www-data,5927,assign,0
6019,32103.0,openat_www-data,5928,assign,0
6020,32103.0,openat_www-data,5929,assign,0
6021,32103.0,openat_www-data,5930,assign,0
6022,32107.0,close_www-data,45,assign,0
6023,32107.0,openat_www-data,5931,assign,0
6024,32107.0,openat_www-data,5932,assign,0
6025,32107.0,openat_www-data,5933,assign,0
6026,32111.0,close_www-data,45,assign,0
6027,32111.0,openat_www-data,5934,assign,0
6028,32115.0,openat_www-data,5935,assign,0
6029,32115.0,close_www-data,45,assign,0
6030,32115.0,openat_www-data,5936,assign,0
6031,32115.0,openat_www-data,5937,assign,0
6032,32115.0,openat_www-data,5938,assign,0
6033,32115.0,openat_www-data,5939,assign,0
6034,32115.0,openat_www-data,5940,assign,0
6035,32119.0,close_www-data,45,assign,0
6036,32119.0,openat_www-data,5941,assign,0
6037,32119.0,openat_www-data,5942,assign,0
6038,32119.0,openat_www-data,5943,assign,0
6039,32119.0,openat_www-data,5944,assign,0
6040,32127.0,close_www-data,45,assign,0
6041,32127.0,openat_www-data,5945,assign,0
6042,32127.0,openat_www-data,5946,assign,0
6043,32127.0,close_www-data,45,assign,0
6044,32127.0,openat_www-data,5947,assign,0
6045,32127.0,openat_www-data,5948,assign,0
6046,32127.0,openat_www-data,5949,assign,0
6047,32127.0,openat_www-data,5950,assign,0
6048,32127.0,openat_www-data,5951,assign,0
6049,32131.0,close_www-data,45,assign,0
6050,32131.0,openat_www-data,5952,assign,0
6051,32131.0,close_www-data,45,assign,0
6052,32131.0,close_www-data,45,assign,0
6053,32131.0,openat_www-data,5953,assign,0
6054,32131.0,close_www-data,45,assign,0
6055,32131.0,openat_www-data,5954,assign,0
6056,32131.0,openat_www-data,5955,assign,0
6057,32135.0,close_www-data,45,assign,0
6058,32135.0,openat_www-data,5956,assign,0
6059,32135.0,openat_www-data,5957,assign,0
6060,32135.0,openat_www-data,5958,assign,0
6061,32135.0,openat_www-data,5959,assign,0
6062,32139.0,close_www-data,45,assign,0
6063,32143.0,openat_www-data,5960,assign,0
6064,32143.0,close_www-data,45,assign,0
6065,32143.0,openat_www-data,5961,assign,0
6066,32143.0,openat_www-data,5962,assign,0
6067,32143.0,openat_www-data,5963,assign,0
6068,32143.0,openat_www-data,5964,assign,0
6069,32147.0,close_www-data,45,assign,0
6070,32147.0,openat_www-data,5965,assign,0
6071,32147.0,close_www-data,45,assign,0
6072,32147.0,openat_www-data,5966,assign,0
6073,32147.0,openat_www-data,5967,assign,0
6074,32147.0,openat_www-data,5968,assign,0
6075,32151.0,close_www-data,45,assign,0
6076,32151.0,openat_www-data,5969,assign,0
6077,32155.0,close_www-data,45,assign,0
6078,32155.0,openat_www-data,5970,assign,0
6079,32155.0,openat_www-data,5971,assign,0
6080,32155.0,openat_www-data,5972,assign,0
6081,32155.0,openat_www-data,5973,assign,0
6082,32159.0,close_www-data,45,assign,0
6083,32159.0,openat_www-data,5974,assign,0
6084,32159.0,openat_www-data,5975,assign,0
6085,32159.0,openat_www-data,5976,assign,0
6086,32159.0,openat_www-data,5977,assign,0
6087,32159.0,openat_www-data,5978,assign,0
6088,32163.0,close_www-data,45,assign,0
6089,32163.0,openat_www-data,5979,assign,0
6090,32163.0,openat_www-data,5980,assign,0
6091,32167.0,close_www-data,45,assign,0
6092,32167.0,openat_www-data,5981,assign,0
6093,32167.0,close_www-data,45,assign,0
6094,32167.0,openat_www-data,5982,assign,0
6095,32167.0,openat_www-data,5983,assign,0
6096,32167.0,openat_www-data,5984,assign,0
6097,32167.0,openat_www-data,5985,assign,0
6098,32171.0,openat_www-data,5986,assign,0
6099,32171.0,openat_www-data,5987,assign,0
6100,32171.0,close_www-data,45,assign,0
6101,32171.0,openat_www-data,5988,assign,0
6102,32171.0,close_www-data,45,assign,0
6103,32171.0,close_www-data,45,assign,0
6104,32171.0,openat_www-data,5989,assign,0
6105,32171.0,close_www-data,45,assign,0
6106,32171.0,openat_www-data,5990,assign,0
6107,32171.0,openat_www-data,5991,assign,0
6108,32175.0,close_www-data,45,assign,0
6109,32175.0,openat_www-data,5992,assign,0
6110,32175.0,openat_www-data,5993,assign,0
6111,32175.0,openat_www-data,5994,assign,0
6112,32179.0,close_www-data,45,assign,0
6113,32179.0,openat_www-data,5995,assign,0
6114,32183.0,close_www-data,45,assign,0
6115,32183.0,openat_www-data,5996,assign,0
6116,32183.0,openat_www-data,5997,assign,0
6117,32183.0,openat_www-data,5998,assign,0
6118,32187.0,close_www-data,45,assign,0
6119,32187.0,openat_www-data,5999,assign,0
6120,32187.0,openat_www-data,6000,assign,0
6121,32191.0,close_www-data,45,assign,0
6122,32191.0,openat_www-data,6001,assign,0
6123,32191.0,close_www-data,45,assign,0
6124,32191.0,openat_www-data,6002,assign,0
6125,32195.0,openat_www-data,6003,assign,0
6126,32195.0,openat_www-data,6004,assign,0
6127,32195.0,close_www-data,45,assign,0
6128,32195.0,openat_www-data,6005,assign,0
6129,32195.0,openat_www-data,6006,assign,0
6130,32195.0,openat_www-data,6007,assign,0
6131,32195.0,openat_www-data,6008,assign,0
6132,32199.0,close_www-data,45,assign,0
6133,32199.0,openat_www-data,6009,assign,0
6134,32199.0,openat_www-data,6010,assign,0
6135,32199.0,openat_www-data,6011,assign,0
6136,32199.0,openat_www-data,6012,assign,0
6137,32203.0,close_www-data,45,assign,0
6138,32203.0,openat_www-data,6013,assign,0
6139,32203.0,openat_www-data,6014,assign,0
6140,32203.0,openat_www-data,6015,assign,0
6141,32207.0,close_www-data,45,assign,0
6142,32207.0,openat_www-data,6016,assign,0
6143,32207.0,openat_www-data,6017,assign,0
6144,32207.0,openat_www-data,6018,assign,0
6145,32207.0,close_www-data,45,assign,0
6146,32207.0,openat_www-data,6019,assign,0
6147,32211.0,close_www-data,45,assign,0
6148,32211.0,openat_www-data,6020,assign,0
6149,32215.0,close_www-data,45,assign,0
6150,32215.0,openat_www-data,6021,assign,0
6151,32215.0,openat_www-data,6022,assign,0
6152,32215.0,openat_www-data,6023,assign,0
6153,32215.0,openat_www-data,6024,assign,0
6154,32215.0,close_www-data,45,assign,0
6155,32215.0,close_www-data,45,assign,0
6156,32215.0,openat_www-data,6025,assign,0
6157,32215.0,close_www-data,45,assign,0
6158,32215.0,openat_www-data,6026,assign,0
6159,32219.0,openat_www-data,6027,assign,0
6160,32219.0,close_www-data,45,assign,0
6161,32219.0,openat_www-data,6028,assign,0
6162,32219.0,openat_www-data,6029,assign,0
6163,32223.0,close_www-data,45,assign,0
6164,32223.0,openat_www-data,6030,assign,0
6165,32223.0,openat_www-data,6031,assign,0
6166,32223.0,openat_www-data,6032,assign,0
6167,32223.0,openat_www-data,6033,assign,0
6168,32227.0,close_www-data,45,assign,0
6169,32227.0,openat_www-data,6034,assign,0
6170,32227.0,openat_www-data,6035,assign,0
6171,32227.0,openat_www-data,6036,assign,0
6172,32231.0,close_www-data,45,assign,0
6173,32231.0,openat_www-data,6037,assign,0
6174,32231.0,openat_www-data,6038,assign,0
6175,32235.0,openat_www-data,6039,assign,0
6176,32235.0,openat_www-data,6040,assign,0
6177,32235.0,close_www-data,45,assign,0
6178,32235.0,openat_www-data,6041,assign,0
6179,32235.0,openat_www-data,6042,assign,0
6180,32235.0,openat_www-data,6043,assign,0
6181,32239.0,close_www-data,45,assign,0
6182,32239.0,openat_www-data,6044,assign,0
6183,32239.0,openat_www-data,6045,assign,0
6184,32239.0,openat_www-data,6046,assign,0
6185,32239.0,openat_www-data,6047,assign,0
6186,32239.0,openat_www-data,6048,assign,0
6187,32243.0,close_www-data,45,assign,0
6188,32243.0,openat_www-data,6049,assign,0
6189,32243.0,openat_www-data,6050,assign,0
6190,32243.0,openat_www-data,6051,assign,0
6191,32247.0,close_www-data,45,assign,0
6192,32247.0,openat_www-data,6052,assign,0
6193,32247.0,openat_www-data,6053,assign,0
6194,32247.0,openat_www-data,6054,assign,0
6195,32251.0,close_www-data,45,assign,0
6196,32251.0,openat_www-data,6055,assign,0
6197,32251.0,openat_www-data,6056,assign,0
6198,32251.0,openat_www-data,6057,assign,0
6199,32251.0,openat_www-data,6058,assign,0
6200,32255.0,openat_www-data,6059,assign,0
6201,32255.0,close_www-data,45,assign,0
6202,32259.0,openat_www-data,6060,assign,0
6203,32259.0,close_www-data,45,assign,0
6204,32259.0,openat_www-data,6061,assign,0
6205,32259.0,openat_www-data,6062,assign,0
6206,32259.0,openat_www-data,6063,assign,0
6207,32263.0,openat_www-data,6064,assign,0
6208,32263.0,close_www-data,45,assign,0
6209,32263.0,openat_www-data,6065,assign,0
6210,32263.0,openat_www-data,6066,assign,0
6211,32263.0,openat_www-data,6067,assign,0
6212,32267.0,close_www-data,45,assign,0
6213,32267.0,openat_www-data,6068,assign,0
6214,32267.0,openat_www-data,6069,assign,0
6215,32267.0,openat_www-data,6070,assign,0
6216,32267.0,openat_www-data,6071,assign,0
6217,32271.0,openat_www-data,6072,assign,0
6218,32271.0,openat_www-data,6073,assign,0
6219,32271.0,close_www-data,45,assign,0
6220,32271.0,openat_www-data,6074,assign,0
6221,32271.0,openat_www-data,6075,assign,0
6222,32275.0,close_www-data,45,assign,0
6223,32275.0,openat_www-data,6076,assign,0
6224,32275.0,openat_www-data,6077,assign,0
6225,32275.0,openat_www-data,6078,assign,0
6226,32275.0,openat_www-data,6079,assign,0
6227,32279.0,close_www-data,45,assign,0
6228,32279.0,openat_www-data,6080,assign,0
6229,32279.0,openat_www-data,6081,assign,0
6230,32283.0,close_www-data,45,assign,0
6231,32283.0,openat_www-data,6082,assign,0
6232,32283.0,openat_www-data,6083,assign,0
6233,32283.0,openat_www-data,6084,assign,0
6234,32283.0,openat_www-data,6085,assign,0
6235,32287.0,close_www-data,45,assign,0
6236,32287.0,openat_www-data,6086,assign,0
6237,32287.0,openat_www-data,6087,assign,0
6238,32287.0,openat_www-data,6088,assign,0
6239,32287.0,openat_www-data,6089,assign,0
6240,32291.0,openat_www-data,6090,assign,0
6241,32291.0,close_www-data,45,assign,0
6242,32291.0,openat_www-data,6091,assign,0
6243,32291.0,openat_www-data,6092,assign,0
6244,32291.0,openat_www-data,6093,assign,0
6245,32295.0,close_www-data,45,assign,0
6246,32295.0,openat_www-data,6094,assign,0
6247,32295.0,openat_www-data,6095,assign,0
6248,32295.0,openat_www-data,6096,assign,0
6249,32299.0,openat_www-data,6097,assign,0
6250,32299.0,close_www-data,45,assign,0
6251,32299.0,openat_www-data,6098,assign,0
6252,32303.0,close_www-data,45,assign,0
6253,32303.0,openat_www-data,6099,assign,0
6254,32303.0,openat_www-data,6100,assign,0
6255,32303.0,openat_www-data,6101,assign,0
6256,32303.0,openat_www-data,6102,assign,0
6257,32307.0,close_www-data,45,assign,0
6258,32307.0,openat_www-data,6103,assign,0
6259,32307.0,openat_www-data,6104,assign,0
6260,32307.0,openat_www-data,6105,assign,0
6261,32307.0,openat_www-data,6106,assign,0
6262,32307.0,openat_www-data,6107,assign,0
6263,32311.0,close_www-data,45,assign,0
6264,32311.0,openat_www-data,6108,assign,0
6265,32311.0,openat_www-data,6109,assign,0
6266,32315.0,close_www-data,45,assign,0
6267,32315.0,openat_www-data,6110,assign,0
6268,32315.0,openat_www-data,6111,assign,0
6269,32315.0,openat_www-data,6112,assign,0
6270,32315.0,openat_www-data,6113,assign,0
6271,32319.0,close_www-data,45,assign,0
6272,32319.0,openat_www-data,6114,assign,0
6273,32319.0,openat_www-data,6115,assign,0
6274,32319.0,openat_www-data,6116,assign,0
6275,32323.0,close_www-data,45,assign,0
6276,32323.0,openat_www-data,6117,assign,0
6277,32323.0,openat_www-data,6118,assign,0
6278,32323.0,openat_www-data,6119,assign,0
6279,32327.0,close_www-data,45,assign,0
6280,32327.0,openat_www-data,6120,assign,0
6281,32327.0,openat_www-data,6121,assign,0
6282,32327.0,openat_www-data,6122,assign,0
6283,32331.0,openat_www-data,6123,assign,0
6284,32331.0,close_www-data,45,assign,0
6285,32331.0,openat_www-data,6124,assign,0
6286,32331.0,openat_www-data,6125,assign,0
6287,32331.0,openat_www-data,6126,assign,0
6288,32335.0,close_www-data,45,assign,0
6289,32335.0,openat_www-data,6127,assign,0
6290,32335.0,openat_www-data,6128,assign,0
6291,32335.0,openat_www-data,6129,assign,0
6292,32335.0,openat_www-data,6130,assign,0
6293,32335.0,openat_www-data,6131,assign,0
6294,32343.0,close_www-data,45,assign,0
6295,32343.0,openat_www-data,6132,assign,0
6296,32343.0,openat_www-data,6133,assign,0
6297,32347.0,close_www-data,45,assign,0
6298,32347.0,openat_www-data,6134,assign,0
6299,32351.0,close_www-data,45,assign,0
6300,32351.0,openat_www-data,6135,assign,0
6301,32351.0,openat_www-data,6136,assign,0
6302,32351.0,openat_www-data,6137,assign,0
6303,32351.0,openat_www-data,6138,assign,0
6304,32351.0,openat_www-data,6139,assign,0
6305,32351.0,openat_www-data,6140,assign,0
6306,32355.0,close_www-data,45,assign,0
6307,32355.0,openat_www-data,6141,assign,0
6308,32359.0,close_www-data,45,assign,0
6309,32359.0,openat_www-data,6142,assign,0
6310,32359.0,openat_www-data,6143,assign,0
6311,32359.0,openat_www-data,6144,assign,0
6312,32359.0,openat_www-data,6145,assign,0
6313,32359.0,openat_www-data,6146,assign,0
6314,32363.0,close_www-data,45,assign,0
6315,32363.0,openat_www-data,6147,assign,0
6316,32363.0,openat_www-data,6148,assign,0
6317,32363.0,openat_www-data,6149,assign,0
6318,32363.0,openat_www-data,6150,assign,0
6319,32367.0,close_www-data,45,assign,0
6320,32367.0,openat_www-data,6151,assign,0
6321,32371.0,close_www-data,45,assign,0
6322,32371.0,openat_www-data,6152,assign,0
6323,32371.0,openat_www-data,6153,assign,0
6324,32371.0,openat_www-data,6154,assign,0
6325,32371.0,openat_www-data,6155,assign,0
6326,32371.0,openat_www-data,6156,assign,0
6327,32371.0,openat_www-data,6157,assign,0
6328,32375.0,close_www-data,45,assign,0
6329,32375.0,openat_www-data,6158,assign,0
6330,32375.0,openat_www-data,6159,assign,0
6331,32375.0,openat_www-data,6160,assign,0
6332,32379.0,close_www-data,45,assign,0
6333,32379.0,openat_www-data,6161,assign,0
6334,32383.0,openat_www-data,6162,assign,0
6335,32383.0,close_www-data,45,assign,0
6336,32383.0,openat_www-data,6163,assign,0
6337,32383.0,openat_www-data,6164,assign,0
6338,32387.0,close_www-data,45,assign,0
6339,32387.0,openat_www-data,6165,assign,0
6340,32387.0,openat_www-data,6166,assign,0
6341,32387.0,openat_www-data,6167,assign,0
6342,32387.0,openat_www-data,6168,assign,0
6343,32387.0,openat_www-data,6169,assign,0
6344,32387.0,openat_www-data,6170,assign,0
6345,32387.0,openat_www-data,6171,assign,0
6346,32391.0,close_www-data,45,assign,0
6347,32391.0,openat_www-data,6172,assign,0
6348,32391.0,openat_www-data,6173,assign,0
6349,32395.0,close_www-data,45,assign,0
6350,32395.0,openat_www-data,6174,assign,0
6351,32395.0,openat_www-data,6175,assign,0
6352,32395.0,openat_www-data,6176,assign,0
6353,32395.0,openat_www-data,6177,assign,0
6354,32399.0,close_www-data,45,assign,0
6355,32399.0,openat_www-data,6178,assign,0
6356,32399.0,openat_www-data,6179,assign,0
6357,32399.0,openat_www-data,6180,assign,0
6358,32399.0,openat_www-data,6181,assign,0
6359,32403.0,close_www-data,45,assign,0
6360,32403.0,openat_www-data,6182,assign,0
6361,32407.0,close_www-data,47,assign,0
6362,32407.0,openat_www-data,6183,assign,0
6363,32407.0,openat_www-data,6184,assign,0
6364,32407.0,openat_www-data,6185,assign,0
6365,32407.0,openat_www-data,6186,assign,0
6366,32407.0,openat_www-data,6187,assign,0
6367,32411.0,close_www-data,44,assign,0
6368,32411.0,openat_www-data,6188,assign,0
6369,32411.0,openat_www-data,6189,assign,0
6370,32415.0,close_www-data,44,assign,0
6371,32415.0,openat_www-data,6190,assign,0
6372,32415.0,openat_www-data,6191,assign,0
6373,32415.0,openat_www-data,6192,assign,0
6374,32415.0,openat_www-data,6193,assign,0
6375,32415.0,openat_www-data,6194,assign,0
6376,32419.0,close_www-data,44,assign,0
6377,32419.0,openat_www-data,6195,assign,0
6378,32419.0,openat_www-data,6196,assign,0
6379,32419.0,openat_www-data,6197,assign,0
6380,32419.0,openat_www-data,6198,assign,0
6381,32423.0,close_www-data,44,assign,0
6382,32423.0,openat_www-data,6199,assign,0
6383,32427.0,close_www-data,44,assign,0
6384,32427.0,openat_www-data,6200,assign,0
6385,32427.0,openat_www-data,6201,assign,0
6386,32427.0,openat_www-data,6202,assign,0
6387,32427.0,openat_www-data,6203,assign,0
6388,32427.0,openat_www-data,6204,assign,0
6389,32427.0,openat_www-data,6205,assign,0
6390,32431.0,close_www-data,44,assign,0
6391,32431.0,openat_www-data,6206,assign,0
6392,32431.0,openat_www-data,6207,assign,0
6393,32435.0,close_www-data,44,assign,0
6394,32435.0,openat_www-data,6208,assign,0
6395,32435.0,openat_www-data,6209,assign,0
6396,32439.0,close_www-data,44,assign,0
6397,32439.0,openat_www-data,6210,assign,0
6398,32439.0,openat_www-data,6211,assign,0
6399,32439.0,openat_www-data,6212,assign,0
6400,32439.0,openat_www-data,6213,assign,0
6401,32443.0,close_www-data,44,assign,0
6402,32443.0,openat_www-data,6214,assign,0
6403,32443.0,openat_www-data,6215,assign,0
6404,32443.0,close_www-data,44,assign,0
6405,32443.0,openat_www-data,6216,assign,0
6406,32447.0,openat_www-data,6217,assign,0
6407,32447.0,close_www-data,44,assign,0
6408,32447.0,openat_www-data,6218,assign,0
6409,32447.0,openat_www-data,6219,assign,0
6410,32447.0,openat_www-data,6220,assign,0
6411,32447.0,openat_www-data,6221,assign,0
6412,32451.0,close_www-data,44,assign,0
6413,32451.0,openat_www-data,6222,assign,0
6414,32451.0,openat_www-data,6223,assign,0
6415,32455.0,close_www-data,44,assign,0
6416,32455.0,openat_www-data,6224,assign,0
6417,32455.0,openat_www-data,6225,assign,0
6418,32455.0,openat_www-data,6226,assign,0
6419,32459.0,close_www-data,44,assign,0
6420,32459.0,openat_www-data,6227,assign,0
6421,32459.0,openat_www-data,6228,assign,0
6422,32459.0,openat_www-data,6229,assign,0
6423,32459.0,openat_www-data,6230,assign,0
6424,32463.0,close_www-data,44,assign,0
6425,32463.0,openat_www-data,6231,assign,0
6426,32463.0,close_www-data,45,assign,0
6427,32463.0,openat_www-data,6232,assign,0
6428,32463.0,openat_www-data,6233,assign,0
6429,32463.0,openat_www-data,6234,assign,0
6430,32463.0,openat_www-data,6235,assign,0
6431,32467.0,openat_www-data,6236,assign,0
6432,32467.0,openat_www-data,6237,assign,0
6433,32467.0,close_www-data,39,assign,0
6434,32467.0,openat_www-data,6238,assign,0
6435,32467.0,close_www-data,39,assign,0
6436,32467.0,close_www-data,39,assign,0
6437,32471.0,openat_www-data,6239,assign,0
6438,32471.0,close_www-data,39,assign,0
6439,32471.0,close_www-data,39,assign,0
6440,32471.0,openat_www-data,6240,assign,0
6441,32471.0,openat_www-data,6241,assign,0
6442,32471.0,openat_www-data,6242,assign,0
6443,32475.0,close_www-data,39,assign,0
6444,32475.0,openat_www-data,6243,assign,0
6445,32475.0,openat_www-data,6244,assign,0
6446,32475.0,openat_www-data,6245,assign,0
6447,32475.0,openat_www-data,6246,assign,0
6448,32475.0,openat_www-data,6247,assign,0
6449,32479.0,close_www-data,39,assign,0
6450,32479.0,openat_www-data,6248,assign,0
6451,32479.0,openat_www-data,6249,assign,0
6452,32483.0,openat_www-data,6250,assign,0
6453,32483.0,close_www-data,39,assign,0
6454,32483.0,openat_www-data,6251,assign,0
6455,32483.0,close_www-data,39,assign,0
6456,32483.0,openat_www-data,6252,assign,0
6457,32487.0,openat_www-data,6253,assign,0
6458,32487.0,openat_www-data,6254,assign,0
6459,32487.0,close_www-data,39,assign,0
6460,32487.0,openat_www-data,6255,assign,0
6461,32487.0,openat_www-data,6256,assign,0
6462,32487.0,openat_www-data,6257,assign,0
6463,32487.0,openat_www-data,6258,assign,0
6464,32491.0,close_www-data,39,assign,0
6465,32491.0,openat_www-data,6259,assign,0
6466,32495.0,close_www-data,39,assign,0
6467,32495.0,openat_www-data,6260,assign,0
6468,32495.0,openat_www-data,6261,assign,0
6469,32495.0,openat_www-data,6262,assign,0
6470,32499.0,close_www-data,39,assign,0
6471,32503.0,openat_www-data,6263,assign,0
6472,32503.0,close_www-data,39,assign,0
6473,32503.0,openat_www-data,6264,assign,0
6474,32503.0,openat_www-data,6265,assign,0
6475,32503.0,openat_www-data,6266,assign,0
6476,32503.0,openat_www-data,6267,assign,0
6477,32507.0,close_www-data,39,assign,0
6478,32507.0,openat_www-data,6268,assign,0
6479,32507.0,close_www-data,39,assign,0
6480,32507.0,openat_www-data,6269,assign,0
6481,32507.0,openat_www-data,6270,assign,0
6482,32507.0,openat_www-data,6271,assign,0
6483,32507.0,openat_www-data,6272,assign,0
6484,32511.0,openat_www-data,6273,assign,0
6485,32511.0,openat_www-data,6274,assign,0
6486,32511.0,close_www-data,39,assign,0
6487,32511.0,openat_www-data,6275,assign,0
6488,32515.0,close_www-data,39,assign,0
6489,32515.0,close_www-data,39,assign,0
6490,32515.0,openat_www-data,6276,assign,0
6491,32515.0,close_www-data,39,assign,0
6492,32515.0,openat_www-data,6277,assign,0
6493,32515.0,openat_www-data,6278,assign,0
6494,32515.0,openat_www-data,6279,assign,0
6495,32515.0,openat_www-data,6280,assign,0
6496,32519.0,close_www-data,39,assign,0
6497,32519.0,openat_www-data,6281,assign,0
6498,32519.0,openat_www-data,6282,assign,0
6499,32519.0,openat_www-data,6283,assign,0
6500,32519.0,openat_www-data,6284,assign,0
6501,32523.0,close_www-data,39,assign,0
6502,32523.0,openat_www-data,6285,assign,0
6503,32527.0,close_www-data,39,assign,0
6504,32527.0,openat_www-data,6286,assign,0
6505,32527.0,openat_www-data,6287,assign,0
6506,32527.0,openat_www-data,6288,assign,0
6507,32527.0,close_www-data,39,assign,0
6508,32527.0,openat_www-data,6289,assign,0
6509,32531.0,openat_www-data,6290,assign,0
6510,32531.0,openat_www-data,6291,assign,0
6511,32531.0,close_www-data,39,assign,0
6512,32531.0,openat_www-data,6292,assign,0
6513,32531.0,openat_www-data,6293,assign,0
6514,32531.0,openat_www-data,6294,assign,0
6515,32535.0,close_www-data,39,assign,0
6516,32535.0,openat_www-data,6295,assign,0
6517,32535.0,openat_www-data,6296,assign,0
6518,32539.0,openat_www-data,6297,assign,0
6519,32539.0,close_www-data,39,assign,0
6520,32539.0,openat_www-data,6298,assign,0
6521,32539.0,openat_www-data,6299,assign,0
6522,32543.0,close_www-data,39,assign,0
6523,32543.0,openat_www-data,6300,assign,0
6524,32543.0,openat_www-data,6301,assign,0
6525,32543.0,openat_www-data,6302,assign,0
6526,32543.0,openat_www-data,6303,assign,0
6527,32547.0,close_www-data,39,assign,0
6528,32547.0,openat_www-data,6304,assign,0
6529,32547.0,openat_www-data,6305,assign,0
6530,32547.0,close_www-data,39,assign,0
6531,32547.0,openat_www-data,6306,assign,0
6532,32547.0,openat_www-data,6307,assign,0
6533,32547.0,openat_www-data,6308,assign,0
6534,32547.0,openat_www-data,6309,assign,0
6535,32551.0,close_www-data,39,assign,0
6536,32551.0,openat_www-data,6310,assign,0
6537,32551.0,openat_www-data,6311,assign,0
6538,32551.0,openat_www-data,6312,assign,0
6539,32555.0,openat_www-data,6313,assign,0
6540,32555.0,close_www-data,39,assign,0
6541,32555.0,close_www-data,39,assign,0
6542,32555.0,openat_www-data,6314,assign,0
6543,32555.0,close_www-data,39,assign,0
6544,32559.0,close_www-data,39,assign,0
6545,32559.0,openat_www-data,6315,assign,0
6546,32559.0,openat_www-data,6316,assign,0
6547,32559.0,openat_www-data,6317,assign,0
6548,32563.0,close_www-data,39,assign,0
6549,32563.0,openat_www-data,6318,assign,0
6550,32563.0,openat_www-data,6319,assign,0
6551,32563.0,openat_www-data,6320,assign,0
6552,32563.0,openat_www-data,6321,assign,0
6553,32567.0,openat_www-data,6322,assign,0
6554,32567.0,close_www-data,39,assign,0
6555,32567.0,openat_www-data,6323,assign,0
6556,32567.0,openat_www-data,6324,assign,0
6557,32567.0,openat_www-data,6325,assign,0
6558,32571.0,close_www-data,39,assign,0
6559,32571.0,openat_www-data,6326,assign,0
6560,32571.0,close_www-data,39,assign,0
6561,32571.0,openat_www-data,6327,assign,0
6562,32571.0,openat_www-data,6328,assign,0
6563,32575.0,openat_www-data,6329,assign,0
6564,32575.0,close_www-data,39,assign,0
6565,32575.0,openat_www-data,6330,assign,0
6566,32575.0,openat_www-data,6331,assign,0
6567,32575.0,openat_www-data,6332,assign,0
6568,32579.0,close_www-data,39,assign,0
6569,32579.0,openat_www-data,6333,assign,0
6570,32579.0,openat_www-data,6334,assign,0
6571,32583.0,close_www-data,39,assign,0
6572,32583.0,openat_www-data,6335,assign,0
6573,32583.0,openat_www-data,6336,assign,0
6574,32583.0,openat_www-data,6337,assign,0
6575,32583.0,openat_www-data,6338,assign,0
6576,32587.0,close_www-data,39,assign,0
6577,32587.0,openat_www-data,6339,assign,0
6578,32587.0,openat_www-data,6340,assign,0
6579,32587.0,openat_www-data,6341,assign,0
6580,32587.0,openat_www-data,6342,assign,0
6581,32591.0,close_www-data,39,assign,0
6582,32591.0,openat_www-data,6343,assign,0
6583,32591.0,openat_www-data,6344,assign,0
6584,32591.0,openat_www-data,6345,assign,0
6585,32591.0,close_www-data,39,assign,0
6586,32595.0,openat_www-data,6346,assign,0
6587,32595.0,close_www-data,39,assign,0
6588,32595.0,openat_www-data,6347,assign,0
6589,32595.0,openat_www-data,6348,assign,0
6590,32595.0,openat_www-data,6349,assign,0
6591,32595.0,openat_www-data,6350,assign,0
6592,32599.0,openat_www-data,6351,assign,0
6593,32599.0,close_www-data,39,assign,0
6594,32599.0,openat_www-data,6352,assign,0
6595,32599.0,openat_www-data,6353,assign,0
6596,32599.0,close_www-data,39,assign,0
6597,32599.0,close_www-data,39,assign,0
6598,32599.0,openat_www-data,6354,assign,0
6599,32599.0,close_www-data,39,assign,0
6600,32603.0,close_www-data,39,assign,0
6601,32603.0,openat_www-data,6355,assign,0
6602,32607.0,close_www-data,39,assign,0
6603,32607.0,openat_www-data,6356,assign,0
6604,32607.0,openat_www-data,6357,assign,0
6605,32607.0,openat_www-data,6358,assign,0
6606,32607.0,openat_www-data,6359,assign,0
6607,32611.0,close_www-data,39,assign,0
6608,32611.0,openat_www-data,6360,assign,0
6609,32611.0,openat_www-data,6361,assign,0
6610,32611.0,openat_www-data,6362,assign,0
6611,32611.0,openat_www-data,6363,assign,0
6612,32615.0,close_www-data,39,assign,0
6613,32615.0,openat_www-data,6364,assign,0
6614,32615.0,openat_www-data,6365,assign,0
6615,32615.0,openat_www-data,6366,assign,0
6616,32615.0,close_www-data,39,assign,0
6617,32615.0,openat_www-data,6367,assign,0
6618,32619.0,close_www-data,39,assign,0
6619,32619.0,openat_www-data,6368,assign,0
6620,32619.0,openat_www-data,6369,assign,0
6621,32619.0,openat_www-data,6370,assign,0
6622,32623.0,openat_www-data,6371,assign,0
6623,32623.0,close_www-data,39,assign,0
6624,32623.0,openat_www-data,6372,assign,0
6625,32623.0,openat_www-data,6373,assign,0
6626,32623.0,openat_www-data,6374,assign,0
6627,32623.0,openat_www-data,6375,assign,0
6628,32627.0,close_www-data,39,assign,0
6629,32627.0,openat_www-data,6376,assign,0
6630,32631.0,close_www-data,39,assign,0
6631,32631.0,openat_www-data,6377,assign,0
6632,32631.0,openat_www-data,6378,assign,0
6633,32631.0,openat_www-data,6379,assign,0
6634,32631.0,openat_www-data,6380,assign,0
6635,32635.0,close_www-data,39,assign,0
6636,32635.0,openat_www-data,6381,assign,0
6637,32635.0,openat_www-data,6382,assign,0
6638,32635.0,openat_www-data,6383,assign,0
6639,32635.0,openat_www-data,6384,assign,0
6640,32639.0,close_www-data,39,assign,0
6641,32639.0,openat_www-data,6385,assign,0
6642,32639.0,close_www-data,39,assign,0
6643,32639.0,openat_www-data,6386,assign,0
6644,32639.0,openat_www-data,6387,assign,0
6645,32639.0,openat_www-data,6388,assign,0
6646,32639.0,openat_www-data,6389,assign,0
6647,32643.0,close_www-data,39,assign,0
6648,32643.0,openat_www-data,6390,assign,0
6649,32643.0,openat_www-data,6391,assign,0
6650,32647.0,openat_www-data,6392,assign,0
6651,32647.0,close_www-data,39,assign,0
6652,32647.0,openat_www-data,6393,assign,0
6653,32647.0,close_www-data,39,assign,0
6654,32647.0,close_www-data,39,assign,0
6655,32651.0,openat_www-data,6394,assign,0
6656,32651.0,close_www-data,39,assign,0
6657,32651.0,close_www-data,39,assign,0
6658,32651.0,openat_www-data,6395,assign,0
6659,32655.0,close_www-data,39,assign,0
6660,32655.0,openat_www-data,6396,assign,0
6661,32655.0,openat_www-data,6397,assign,0
6662,32659.0,close_www-data,39,assign,0
6663,32659.0,openat_www-data,6398,assign,0
6664,32659.0,openat_www-data,6399,assign,0
6665,32659.0,openat_www-data,6400,assign,0
6666,32659.0,openat_www-data,6401,assign,0
6667,32659.0,openat_www-data,6402,assign,0
6668,32663.0,close_www-data,39,assign,0
6669,32663.0,openat_www-data,6403,assign,0
6670,32663.0,openat_www-data,6404,assign,0
6671,32663.0,openat_www-data,6405,assign,0
6672,32667.0,close_www-data,39,assign,0
6673,32667.0,openat_www-data,6406,assign,0
6674,32667.0,close_www-data,39,assign,0
6675,32667.0,openat_www-data,6407,assign,0
6676,32667.0,openat_www-data,6408,assign,0
6677,32671.0,close_www-data,39,assign,0
6678,32671.0,openat_www-data,6409,assign,0
6679,32671.0,openat_www-data,6410,assign,0
6680,32675.0,close_www-data,39,assign,0
6681,32675.0,openat_www-data,6411,assign,0
6682,32675.0,openat_www-data,6412,assign,0
6683,32675.0,openat_www-data,6413,assign,0
6684,32675.0,openat_www-data,6414,assign,0
6685,32675.0,openat_www-data,6415,assign,0
6686,32679.0,close_www-data,39,assign,0
6687,32679.0,openat_www-data,6416,assign,0
6688,32679.0,openat_www-data,6417,assign,0
6689,32679.0,openat_www-data,6418,assign,0
6690,32683.0,close_www-data,39,assign,0
6691,32683.0,openat_www-data,6419,assign,0
6692,32683.0,openat_www-data,6420,assign,0
6693,32683.0,openat_www-data,6421,assign,0
6694,32683.0,openat_www-data,6422,assign,0
6695,32687.0,close_www-data,39,assign,0
6696,32687.0,openat_www-data,6423,assign,0
6697,32687.0,openat_www-data,6424,assign,0
6698,32691.0,openat_www-data,6425,assign,0
6699,32691.0,close_www-data,39,assign,0
6700,32691.0,openat_www-data,6426,assign,0
6701,32691.0,openat_www-data,6427,assign,0
6702,32691.0,openat_www-data,6428,assign,0
6703,32691.0,openat_www-data,6429,assign,0
6704,32695.0,openat_www-data,6430,assign,0
6705,32695.0,openat_www-data,6431,assign,0
6706,32695.0,close_www-data,39,assign,0
6707,32695.0,openat_www-data,6432,assign,0
6708,32695.0,close_www-data,39,assign,0
6709,32695.0,close_www-data,39,assign,0
6710,32695.0,openat_www-data,6433,assign,0
6711,32695.0,close_www-data,39,assign,0
6712,32695.0,openat_www-data,6434,assign,0
6713,32699.0,close_www-data,39,assign,0
6714,32699.0,openat_www-data,6435,assign,0
6715,32699.0,openat_www-data,6436,assign,0
6716,32699.0,openat_www-data,6437,assign,0
6717,32699.0,openat_www-data,6438,assign,0
6718,32703.0,close_www-data,39,assign,0
6719,32703.0,openat_www-data,6439,assign,0
6720,32703.0,openat_www-data,6440,assign,0
6721,32703.0,openat_www-data,6441,assign,0
6722,32707.0,close_www-data,39,assign,0
6723,32707.0,openat_www-data,6442,assign,0
6724,32707.0,openat_www-data,6443,assign,0
6725,32707.0,openat_www-data,6444,assign,0
6726,32711.0,openat_www-data,6445,assign,0
6727,32711.0,close_www-data,39,assign,0
6728,32711.0,openat_www-data,6446,assign,0
6729,32715.0,openat_www-data,6447,assign,0
6730,32715.0,openat_www-data,6448,assign,0
6731,32715.0,close_www-data,39,assign,0
6732,32715.0,openat_www-data,6449,assign,0
6733,32715.0,openat_www-data,6450,assign,0
6734,32715.0,openat_www-data,6451,assign,0
6735,32719.0,openat_www-data,6452,assign,0
6736,32719.0,close_www-data,39,assign,0
6737,32719.0,openat_www-data,6453,assign,0
6738,32719.0,openat_www-data,6454,assign,0
6739,32719.0,openat_www-data,6455,assign,0
6740,32723.0,close_www-data,39,assign,0
6741,32723.0,openat_www-data,6456,assign,0
6742,32723.0,openat_www-data,6457,assign,0
6743,32723.0,openat_www-data,6458,assign,0
6744,32723.0,openat_www-data,6459,assign,0
6745,32727.0,close_www-data,39,assign,0
6746,32727.0,openat_www-data,6460,assign,0
6747,32727.0,openat_www-data,6461,assign,0
6748,32727.0,openat_www-data,6462,assign,0
6749,32727.0,close_www-data,39,assign,0
6750,32727.0,openat_www-data,6463,assign,0
6751,32731.0,close_www-data,39,assign,0
6752,32731.0,openat_www-data,6464,assign,0
6753,32731.0,openat_www-data,6465,assign,0
6754,32731.0,openat_www-data,6466,assign,0
6755,32735.0,openat_www-data,6467,assign,0
6756,32735.0,openat_www-data,6468,assign,0
6757,32735.0,close_www-data,39,assign,0
6758,32735.0,openat_www-data,6469,assign,0
6759,32735.0,close_www-data,39,assign,0
6760,32735.0,close_www-data,39,assign,0
6761,32735.0,openat_www-data,6470,assign,0
6762,32735.0,close_www-data,39,assign,0
6763,32735.0,openat_www-data,6471,assign,0
6764,32739.0,close_www-data,39,assign,0
6765,32739.0,openat_www-data,6472,assign,0
6766,32739.0,openat_www-data,6473,assign,0
6767,32739.0,openat_www-data,6474,assign,0
6768,32739.0,openat_www-data,6475,assign,0
6769,32739.0,openat_www-data,6476,assign,0
6770,32739.0,openat_www-data,6477,assign,0
6771,32743.0,openat_www-data,6478,assign,0
6772,32743.0,close_www-data,39,assign,0
6773,32743.0,openat_www-data,6479,assign,0
6774,32743.0,openat_www-data,6480,assign,0
6775,32743.0,openat_www-data,6481,assign,0
6776,32747.0,close_www-data,39,assign,0
6777,32747.0,openat_www-data,6482,assign,0
6778,32747.0,close_www-data,39,assign,0
6779,32747.0,openat_www-data,6483,assign,0
6780,32747.0,openat_www-data,6484,assign,0
6781,32747.0,openat_www-data,6485,assign,0
6782,32747.0,openat_www-data,6486,assign,0
6783,32747.0,openat_www-data,6487,assign,0
6784,32747.0,openat_www-data,6488,assign,0
6785,32747.0,openat_www-data,6489,assign,0
6786,32751.0,close_www-data,39,assign,0
6787,32751.0,openat_www-data,6490,assign,0
6788,32751.0,openat_www-data,6491,assign,0
6789,32751.0,openat_www-data,6492,assign,0
6790,32751.0,openat_www-data,6493,assign,0
6791,32755.0,openat_www-data,6494,assign,0
6792,32755.0,close_www-data,39,assign,0
6793,32755.0,openat_www-data,6495,assign,0
6794,32755.0,openat_www-data,6496,assign,0
6795,32755.0,openat_www-data,6497,assign,0
6796,32755.0,openat_www-data,6498,assign,0
6797,32755.0,close_www-data,39,assign,0
6798,32755.0,openat_www-data,6499,assign,0
6799,32759.0,close_www-data,39,assign,0
6800,32759.0,openat_www-data,6500,assign,0
6801,32759.0,openat_www-data,6501,assign,0
6802,32759.0,openat_www-data,6502,assign,0
6803,32759.0,openat_www-data,6503,assign,0
6804,32759.0,openat_www-data,6504,assign,0
6805,32759.0,close_www-data,39,assign,0
6806,32759.0,close_www-data,39,assign,0
6807,32759.0,openat_www-data,6505,assign,0
6808,32759.0,close_www-data,39,assign,0
6809,32759.0,openat_www-data,6506,assign,0
6810,32763.0,close_www-data,39,assign,0
6811,32763.0,openat_www-data,6507,assign,0
6812,32763.0,openat_www-data,6508,assign,0
6813,32763.0,openat_www-data,6509,assign,0
6814,32783.0,close_www-data,39,assign,0
6815,32783.0,openat_www-data,6510,assign,0
6816,32787.0,openat_www-data,6511,assign,0
6817,32787.0,close_www-data,39,assign,0
6818,32787.0,openat_www-data,6512,assign,0
6819,32787.0,openat_www-data,6513,assign,0
6820,32787.0,openat_www-data,6514,assign,0
6821,32787.0,openat_www-data,6515,assign,0
6822,32787.0,openat_www-data,6516,assign,0
6823,32791.0,close_www-data,39,assign,0
6824,32791.0,openat_www-data,6517,assign,0
6825,32791.0,close_www-data,39,assign,0
6826,32791.0,openat_www-data,6518,assign,0
6827,32791.0,openat_www-data,6519,assign,0
6828,32791.0,openat_www-data,6520,assign,0
6829,32791.0,openat_www-data,6521,assign,0
6830,32791.0,openat_www-data,6522,assign,0
6831,32791.0,openat_www-data,6523,assign,0
6832,32791.0,openat_www-data,6524,assign,0
6833,32795.0,close_www-data,39,assign,0
6834,32795.0,openat_www-data,6525,assign,0
6835,32795.0,openat_www-data,6526,assign,0
6836,32795.0,openat_www-data,6527,assign,0
6837,32795.0,openat_www-data,6528,assign,0
6838,32795.0,openat_www-data,6529,assign,0
6839,32799.0,openat_www-data,6530,assign,0
6840,32799.0,close_www-data,39,assign,0
6841,32799.0,openat_www-data,6531,assign,0
6842,32799.0,openat_www-data,6532,assign,0
6843,32799.0,openat_www-data,6533,assign,0
6844,32799.0,close_www-data,39,assign,0
6845,32803.0,close_www-data,39,assign,0
6846,32803.0,openat_www-data,6534,assign,0
6847,32803.0,openat_www-data,6535,assign,0
6848,32803.0,openat_www-data,6536,assign,0
6849,32803.0,openat_www-data,6537,assign,0
6850,32803.0,openat_www-data,6538,assign,0
6851,32803.0,openat_www-data,6539,assign,0
6852,32803.0,close_www-data,39,assign,0
6853,32803.0,close_www-data,39,assign,0
6854,32803.0,openat_www-data,6540,assign,0
6855,32803.0,close_www-data,39,assign,0
6856,32807.0,close_www-data,39,assign,0
6857,32807.0,openat_www-data,6541,assign,0
6858,32807.0,openat_www-data,6542,assign,0
6859,32807.0,openat_www-data,6543,assign,0
6860,32807.0,openat_www-data,6544,assign,0
6861,32807.0,openat_www-data,6545,assign,0
6862,32807.0,openat_www-data,6546,assign,0
6863,32807.0,openat_www-data,6547,assign,0
6864,32811.0,close_www-data,39,assign,0
6865,32811.0,openat_www-data,6548,assign,0
6866,32811.0,openat_www-data,6549,assign,0
6867,32811.0,openat_www-data,6550,assign,0
6868,32811.0,openat_www-data,6551,assign,0
6869,32811.0,openat_www-data,6552,assign,0
6870,32811.0,close_www-data,39,assign,0
6871,32815.0,openat_www-data,6553,assign,0
6872,32815.0,openat_www-data,6554,assign,0
6873,32815.0,close_www-data,39,assign,0
6874,32815.0,openat_www-data,6555,assign,0
6875,32815.0,openat_www-data,6556,assign,0
6876,32815.0,openat_www-data,6557,assign,0
6877,32819.0,close_www-data,39,assign,0
6878,32819.0,openat_www-data,6558,assign,0
6879,32819.0,openat_www-data,6559,assign,0
6880,32819.0,openat_www-data,6560,assign,0
6881,32819.0,openat_www-data,6561,assign,0
6882,32819.0,openat_www-data,6562,assign,0
6883,32819.0,openat_www-data,6563,assign,0
6884,32823.0,close_www-data,39,assign,0
6885,32823.0,openat_www-data,6564,assign,0
6886,32823.0,openat_www-data,6565,assign,0
6887,32823.0,openat_www-data,6566,assign,0
6888,32823.0,openat_www-data,6567,assign,0
6889,32823.0,openat_www-data,6568,assign,0
6890,32823.0,close_www-data,39,assign,0
6891,32831.0,close_www-data,39,assign,0
6892,32831.0,openat_www-data,6569,assign,0
6893,32831.0,openat_www-data,6570,assign,0
6894,32831.0,openat_www-data,6571,assign,0
6895,32831.0,openat_www-data,6572,assign,0
6896,32831.0,openat_www-data,6573,assign,0
6897,32831.0,openat_www-data,6574,assign,0
6898,32831.0,close_www-data,39,assign,0
6899,32835.0,close_www-data,39,assign,0
6900,32835.0,openat_www-data,6575,assign,0
6901,32835.0,close_www-data,39,assign,0
6902,32835.0,openat_www-data,6576,assign,0
6903,32835.0,openat_www-data,6577,assign,0
6904,32835.0,openat_www-data,6578,assign,0
6905,32835.0,openat_www-data,6579,assign,0
6906,32839.0,openat_www-data,6580,assign,0
6907,32839.0,close_www-data,39,assign,0
6908,32839.0,openat_www-data,6581,assign,0
6909,32839.0,openat_www-data,6582,assign,0
6910,32839.0,openat_www-data,6583,assign,0
6911,32839.0,openat_www-data,6584,assign,0
6912,32839.0,openat_www-data,6585,assign,0
6913,32843.0,close_www-data,39,assign,0
6914,32843.0,openat_www-data,6586,assign,0
6915,32843.0,openat_www-data,6587,assign,0
6916,32843.0,close_www-data,39,assign,0
6917,32843.0,openat_www-data,6588,assign,0
6918,32847.0,openat_www-data,6589,assign,0
6919,32847.0,close_www-data,39,assign,0
6920,32847.0,openat_www-data,6590,assign,0
6921,32847.0,openat_www-data,6591,assign,0
6922,32847.0,openat_www-data,6592,assign,0
6923,32847.0,openat_www-data,6593,assign,0
6924,32847.0,openat_www-data,6594,assign,0
6925,32847.0,openat_www-data,6595,assign,0
6926,32851.0,openat_www-data,6596,assign,0
6927,32851.0,close_www-data,39,assign,0
6928,32851.0,openat_www-data,6597,assign,0
6929,32859.0,openat_www-data,6598,assign,0
6930,32859.0,close_www-data,39,assign,0
6931,32859.0,openat_www-data,6599,assign,0
6932,32859.0,openat_www-data,6600,assign,0
6933,32859.0,openat_www-data,6601,assign,0
6934,32859.0,openat_www-data,6602,assign,0
6935,32859.0,openat_www-data,6603,assign,0
6936,32859.0,close_www-data,39,assign,0
6937,32859.0,openat_www-data,6604,assign,0
6938,32859.0,openat_www-data,6605,assign,0
6939,32859.0,openat_www-data,6606,assign,0
6940,32863.0,close_www-data,39,assign,0
6941,32863.0,openat_www-data,6607,assign,0
6942,32863.0,openat_www-data,6608,assign,0
6943,32863.0,openat_www-data,6609,assign,0
6944,32863.0,close_www-data,39,assign,0
6945,32863.0,close_www-data,39,assign,0
6946,32863.0,openat_www-data,6610,assign,0
6947,32863.0,close_www-data,39,assign,0
6948,32863.0,openat_www-data,6611,assign,0
6949,32863.0,openat_www-data,6612,assign,0
6950,32867.0,openat_www-data,6613,assign,0
6951,32867.0,close_www-data,39,assign,0
6952,32867.0,openat_www-data,6614,assign,0
6953,32867.0,openat_www-data,6615,assign,0
6954,32867.0,openat_www-data,6616,assign,0
6955,32871.0,openat_www-data,6617,assign,0
6956,32871.0,close_www-data,39,assign,0
6957,32871.0,openat_www-data,6618,assign,0
6958,32871.0,openat_www-data,6619,assign,0
6959,32871.0,openat_www-data,6620,assign,0
6960,32871.0,openat_www-data,6621,assign,0
6961,32883.0,close_www-data,39,assign,0
6962,32883.0,openat_www-data,6622,assign,0
6963,32883.0,close_www-data,39,assign,0
6964,32883.0,openat_www-data,6623,assign,0
6965,32883.0,openat_www-data,6624,assign,0
6966,32883.0,openat_www-data,6625,assign,0
6967,32883.0,openat_www-data,6626,assign,0
6968,32887.0,close_www-data,39,assign,0
6969,32887.0,openat_www-data,6627,assign,0
6970,32887.0,openat_www-data,6628,assign,0
6971,32887.0,openat_www-data,6629,assign,0
6972,32887.0,openat_www-data,6630,assign,0
6973,32887.0,openat_www-data,6631,assign,0
6974,32891.0,close_www-data,39,assign,0
6975,32891.0,openat_www-data,6632,assign,0
6976,32891.0,openat_www-data,6633,assign,0
6977,32895.0,close_www-data,39,assign,0
6978,32895.0,openat_www-data,6634,assign,0
6979,32899.0,close_www-data,39,assign,0
6980,32899.0,openat_www-data,6635,assign,0
6981,32899.0,openat_www-data,6636,assign,0
6982,32899.0,openat_www-data,6637,assign,0
6983,32903.0,close_www-data,39,assign,0
6984,32903.0,openat_www-data,6638,assign,0
6985,32903.0,close_www-data,39,assign,0
6986,32903.0,openat_www-data,6639,assign,0
6987,32903.0,openat_www-data,6640,assign,0
6988,32903.0,openat_www-data,6641,assign,0
6989,32903.0,openat_www-data,6642,assign,0
6990,32903.0,openat_www-data,6643,assign,0
6991,32903.0,openat_www-data,6644,assign,0
6992,32903.0,close_www-data,39,assign,0
6993,32903.0,close_www-data,39,assign,0
6994,32903.0,openat_www-data,6645,assign,0
6995,32903.0,close_www-data,39,assign,0
6996,32911.0,close_www-data,39,assign,0
6997,32911.0,openat_www-data,6646,assign,0
6998,32911.0,openat_www-data,6647,assign,0
6999,32915.0,close_www-data,39,assign,0
7000,32915.0,openat_www-data,6648,assign,0
7001,32915.0,openat_www-data,6649,assign,0
7002,32915.0,openat_www-data,6650,assign,0
7003,32919.0,close_www-data,39,assign,0
7004,32919.0,openat_www-data,6651,assign,0
7005,32919.0,openat_www-data,6652,assign,0
7006,32919.0,openat_www-data,6653,assign,0
7007,32919.0,openat_www-data,6654,assign,0
7008,32923.0,openat_www-data,6655,assign,0
7009,32923.0,close_www-data,39,assign,0
7010,32923.0,openat_www-data,6656,assign,0
7011,32923.0,openat_www-data,6657,assign,0
7012,32923.0,close_www-data,39,assign,0
7013,32923.0,openat_www-data,6658,assign,0
7014,32927.0,openat_www-data,6659,assign,0
7015,32927.0,openat_www-data,6660,assign,0
7016,32927.0,close_www-data,39,assign,0
7017,32927.0,openat_www-data,6661,assign,0
7018,32927.0,openat_www-data,6662,assign,0
7019,32927.0,openat_www-data,6663,assign,0
7020,32927.0,openat_www-data,6664,assign,0
7021,32927.0,openat_www-data,6665,assign,0
7022,32935.0,close_www-data,39,assign,0
7023,32935.0,openat_www-data,6666,assign,0
7024,32935.0,openat_www-data,6667,assign,0
7025,32935.0,openat_www-data,6668,assign,0
7026,32935.0,openat_www-data,6669,assign,0
7027,32935.0,openat_www-data,6670,assign,0
7028,32939.0,close_www-data,39,assign,0
7029,32939.0,openat_www-data,6671,assign,0
7030,32939.0,openat_www-data,6672,assign,0
7031,32939.0,openat_www-data,6673,assign,0
7032,32939.0,openat_www-data,6674,assign,0
7033,32939.0,close_www-data,39,assign,0
7034,32939.0,openat_www-data,6675,assign,0
7035,32939.0,openat_www-data,6676,assign,0
7036,32951.0,openat_www-data,6677,assign,0
7037,32955.0,close_www-data,39,assign,0
7038,32955.0,openat_www-data,6678,assign,0
7039,32955.0,openat_www-data,6679,assign,0
7040,32955.0,openat_www-data,6680,assign,0
7041,32955.0,close_www-data,39,assign,0
7042,32955.0,close_www-data,39,assign,0
7043,32955.0,openat_www-data,6681,assign,0
7044,32955.0,close_www-data,39,assign,0
7045,32959.0,close_www-data,39,assign,0
7046,32959.0,openat_www-data,6682,assign,0
7047,32959.0,openat_www-data,6683,assign,0
7048,32959.0,openat_www-data,6684,assign,0
7049,32959.0,openat_www-data,6685,assign,0
7050,32963.0,close_www-data,39,assign,0
7051,32963.0,openat_www-data,6686,assign,0
7052,32963.0,openat_www-data,6687,assign,0
7053,32963.0,openat_www-data,6688,assign,0
7054,32963.0,openat_www-data,6689,assign,0
7055,32967.0,close_www-data,39,assign,0
7056,32967.0,openat_www-data,6690,assign,0
7057,32967.0,openat_www-data,6691,assign,0
7058,32967.0,openat_www-data,6692,assign,0
7059,32967.0,openat_www-data,6693,assign,0
7060,32967.0,close_www-data,39,assign,0
7061,32967.0,openat_www-data,6694,assign,0
7062,32971.0,openat_www-data,6695,assign,0
7063,32971.0,openat_www-data,6696,assign,0
7064,32971.0,close_www-data,39,assign,0
7065,32971.0,openat_www-data,6697,assign,0
7066,32971.0,openat_www-data,6698,assign,0
7067,32971.0,openat_www-data,6699,assign,0
7068,32971.0,openat_www-data,6700,assign,0
7069,32979.0,close_www-data,39,assign,0
7070,32979.0,openat_www-data,6701,assign,0
7071,32979.0,openat_www-data,6702,assign,0
7072,32979.0,openat_www-data,6703,assign,0
7073,32979.0,openat_www-data,6704,assign,0
7074,32979.0,openat_www-data,6705,assign,0
7075,32979.0,openat_www-data,6706,assign,0
7076,32983.0,openat_www-data,6707,assign,0
7077,32983.0,close_www-data,39,assign,0
7078,32983.0,openat_www-data,6708,assign,0
7079,32983.0,openat_www-data,6709,assign,0
7080,32983.0,openat_www-data,6710,assign,0
7081,32983.0,close_www-data,39,assign,0
7082,32983.0,openat_www-data,6711,assign,0
7083,32987.0,close_www-data,39,assign,0
7084,32987.0,openat_www-data,6712,assign,0
7085,32987.0,openat_www-data,6713,assign,0
7086,32987.0,openat_www-data,6714,assign,0
7087,32987.0,openat_www-data,6715,assign,0
7088,32987.0,openat_www-data,6716,assign,0
7089,32987.0,close_www-data,39,assign,0
7090,32987.0,close_www-data,39,assign,0
7091,32987.0,openat_www-data,6717,assign,0
7092,32987.0,close_www-data,39,assign,0
7093,32987.0,openat_www-data,6718,assign,0
7094,32987.0,openat_www-data,6719,assign,0
7095,32991.0,close_www-data,39,assign,0
7096,32991.0,openat_www-data,6720,assign,0
7097,32991.0,openat_www-data,6721,assign,0
7098,32991.0,openat_www-data,6722,assign,0
7099,32991.0,openat_www-data,6723,assign,0
7100,32995.0,openat_www-data,6724,assign,0
7101,32995.0,close_www-data,39,assign,0
7102,32995.0,openat_www-data,6725,assign,0
7103,32995.0,openat_www-data,6726,assign,0
7104,32995.0,openat_www-data,6727,assign,0
7105,32995.0,openat_www-data,6728,assign,0
7106,32995.0,openat_www-data,6729,assign,0
7107,32999.0,close_www-data,39,assign,0
7108,32999.0,openat_www-data,6730,assign,0
7109,32999.0,openat_www-data,6731,assign,0
7110,32999.0,openat_www-data,6732,assign,0
7111,32999.0,openat_www-data,6733,assign,0
7112,32999.0,openat_www-data,6734,assign,0
7113,32999.0,openat_www-data,6735,assign,0
7114,33003.0,close_www-data,39,assign,0
7115,33003.0,openat_www-data,6736,assign,0
7116,33003.0,openat_www-data,6737,assign,0
7117,33007.0,close_www-data,39,assign,0
7118,33007.0,openat_www-data,6738,assign,0
7119,33007.0,openat_www-data,6739,assign,0
7120,33011.0,close_www-data,39,assign,0
7121,33011.0,openat_www-data,6740,assign,0
7122,33011.0,openat_www-data,6741,assign,0
7123,33011.0,openat_www-data,6742,assign,0
7124,33011.0,openat_www-data,6743,assign,0
7125,33011.0,openat_www-data,6744,assign,0
7126,33015.0,close_www-data,39,assign,0
7127,33015.0,openat_www-data,6745,assign,0
7128,33015.0,close_www-data,39,assign,0
7129,33015.0,openat_www-data,6746,assign,0
7130,33015.0,openat_www-data,6747,assign,0
7131,33015.0,openat_www-data,6748,assign,0
7132,33015.0,openat_www-data,6749,assign,0
7133,33015.0,openat_www-data,6750,assign,0
7134,33015.0,openat_www-data,6751,assign,0
7135,33015.0,openat_www-data,6752,assign,0
7136,33019.0,close_www-data,39,assign,0
7137,33019.0,openat_www-data,6753,assign,0
7138,33019.0,openat_www-data,6754,assign,0
7139,33019.0,openat_www-data,6755,assign,0
7140,33023.0,close_www-data,39,assign,0
7141,33023.0,openat_www-data,6756,assign,0
7142,33023.0,openat_www-data,6757,assign,0
7143,33023.0,openat_www-data,6758,assign,0
7144,33023.0,openat_www-data,6759,assign,0
7145,33023.0,openat_www-data,6760,assign,0
7146,33027.0,close_www-data,39,assign,0
7147,33027.0,openat_www-data,6761,assign,0
7148,33027.0,close_www-data,39,assign,0
7149,33027.0,openat_www-data,6762,assign,0
7150,33027.0,openat_www-data,6763,assign,0
7151,33027.0,openat_www-data,6764,assign,0
7152,33027.0,openat_www-data,6765,assign,0
7153,33027.0,openat_www-data,6766,assign,0
7154,33027.0,openat_www-data,6767,assign,0
7155,33027.0,close_www-data,39,assign,0
7156,33027.0,close_www-data,39,assign,0
7157,33027.0,openat_www-data,6768,assign,0
7158,33027.0,close_www-data,39,assign,0
7159,33035.0,close_www-data,39,assign,0
7160,33035.0,openat_www-data,6769,assign,0
7161,33035.0,openat_www-data,6770,assign,0
7162,33035.0,openat_www-data,6771,assign,0
7163,33035.0,openat_www-data,6772,assign,0
7164,33035.0,openat_www-data,6773,assign,0
7165,33035.0,openat_www-data,6774,assign,0
7166,33039.0,close_www-data,39,assign,0
7167,33039.0,openat_www-data,6775,assign,0
7168,33039.0,openat_www-data,6776,assign,0
7169,33039.0,openat_www-data,6777,assign,0
7170,33039.0,openat_www-data,6778,assign,0
7171,33043.0,close_www-data,39,assign,0
7172,33043.0,openat_www-data,6779,assign,0
7173,33043.0,openat_www-data,6780,assign,0
7174,33043.0,close_www-data,39,assign,0
7175,33043.0,openat_www-data,6781,assign,0
7176,33047.0,openat_www-data,6782,assign,0
7177,33047.0,openat_www-data,6783,assign,0
7178,33047.0,close_www-data,39,assign,0
7179,33047.0,openat_www-data,6784,assign,0
7180,33047.0,openat_www-data,6785,assign,0
7181,33047.0,openat_www-data,6786,assign,0
7182,33047.0,openat_www-data,6787,assign,0
7183,33047.0,openat_www-data,6788,assign,0
7184,33051.0,close_www-data,39,assign,0
7185,33051.0,openat_www-data,6789,assign,0
7186,33051.0,openat_www-data,6790,assign,0
7187,33051.0,openat_www-data,6791,assign,0
7188,33051.0,openat_www-data,6792,assign,0
7189,33051.0,openat_www-data,6793,assign,0
7190,33055.0,close_www-data,39,assign,0
7191,33055.0,openat_www-data,6794,assign,0
7192,33055.0,openat_www-data,6795,assign,0
7193,33055.0,openat_www-data,6796,assign,0
7194,33055.0,openat_www-data,6797,assign,0
7195,33055.0,close_www-data,39,assign,0
7196,33055.0,openat_www-data,6798,assign,0
7197,33055.0,openat_www-data,6799,assign,0
7198,33055.0,openat_www-data,6800,assign,0
7199,33059.0,close_www-data,39,assign,0
7200,33059.0,openat_www-data,6801,assign,0
7201,33059.0,openat_www-data,6802,assign,0
7202,33059.0,openat_www-data,6803,assign,0
7203,33059.0,close_www-data,39,assign,0
7204,33059.0,close_www-data,39,assign,0
7205,33059.0,openat_www-data,6804,assign,0
7206,33059.0,close_www-data,39,assign,0
7207,33059.0,openat_www-data,6805,assign,0
7208,33063.0,close_www-data,39,assign,0
7209,33063.0,openat_www-data,6806,assign,0
7210,33063.0,openat_www-data,6807,assign,0
7211,33063.0,openat_www-data,6808,assign,0
7212,33063.0,openat_www-data,6809,assign,0
7213,33063.0,openat_www-data,6810,assign,0
7214,33063.0,openat_www-data,6811,assign,0
7215,33063.0,openat_www-data,6812,assign,0
7216,33067.0,openat_www-data,6813,assign,0
7217,33067.0,close_www-data,39,assign,0
7218,33067.0,openat_www-data,6814,assign,0
7219,33067.0,openat_www-data,6815,assign,0
7220,33067.0,openat_www-data,6816,assign,0
7221,33067.0,close_www-data,39,assign,0
7222,33067.0,openat_www-data,6817,assign,0
7223,33071.0,openat_www-data,6818,assign,0
7224,33071.0,openat_www-data,6819,assign,0
7225,33071.0,close_www-data,39,assign,0
7226,33071.0,openat_www-data,6820,assign,0
7227,33075.0,close_www-data,39,assign,0
7228,33075.0,openat_www-data,6821,assign,0
7229,33075.0,openat_www-data,6822,assign,0
7230,33075.0,openat_www-data,6823,assign,0
7231,33079.0,openat_www-data,6824,assign,0
7232,33079.0,close_www-data,39,assign,0
7233,33079.0,openat_www-data,6825,assign,0
7234,33079.0,openat_www-data,6826,assign,0
7235,33079.0,openat_www-data,6827,assign,0
7236,33079.0,openat_www-data,6828,assign,0
7237,33083.0,close_www-data,39,assign,0
7238,33083.0,openat_www-data,6829,assign,0
7239,33083.0,openat_www-data,6830,assign,0
7240,33083.0,openat_www-data,6831,assign,0
7241,33083.0,openat_www-data,6832,assign,0
7242,33083.0,openat_www-data,6833,assign,0
7243,33083.0,close_www-data,39,assign,0
7244,33083.0,openat_www-data,6834,assign,0
7245,33087.0,close_www-data,39,assign,0
7246,33087.0,openat_www-data,6835,assign,0
7247,33087.0,openat_www-data,6836,assign,0
7248,33087.0,openat_www-data,6837,assign,0
7249,33087.0,openat_www-data,6838,assign,0
7250,33087.0,openat_www-data,6839,assign,0
7251,33095.0,close_www-data,39,assign,0
7252,33095.0,openat_www-data,6840,assign,0
7253,33095.0,openat_www-data,6841,assign,0
7254,33095.0,close_www-data,39,assign,0
7255,33095.0,close_www-data,39,assign,0
7256,33095.0,openat_www-data,6842,assign,0
7257,33095.0,close_www-data,39,assign,0
7258,33095.0,openat_www-data,6843,assign,0
7259,33095.0,openat_www-data,6844,assign,0
7260,33095.0,openat_www-data,6845,assign,0
7261,33099.0,close_www-data,39,assign,0
7262,33099.0,openat_www-data,6846,assign,0
7263,33099.0,openat_www-data,6847,assign,0
7264,33099.0,openat_www-data,6848,assign,0
7265,33099.0,openat_www-data,6849,assign,0
7266,33103.0,close_www-data,39,assign,0
7267,33103.0,openat_www-data,6850,assign,0
7268,33103.0,openat_www-data,6851,assign,0
7269,33103.0,openat_www-data,6852,assign,0
7270,33103.0,openat_www-data,6853,assign,0
7271,33107.0,close_www-data,39,assign,0
7272,33107.0,openat_www-data,6854,assign,0
7273,33107.0,close_www-data,39,assign,0
7274,33107.0,openat_www-data,6855,assign,0
7275,33107.0,openat_www-data,6856,assign,0
7276,33107.0,openat_www-data,6857,assign,0
7277,33107.0,openat_www-data,6858,assign,0
7278,33107.0,openat_www-data,6859,assign,0
7279,33111.0,openat_www-data,6860,assign,0
7280,33111.0,close_www-data,39,assign,0
7281,33111.0,openat_www-data,6861,assign,0
7282,33111.0,openat_www-data,6862,assign,0
7283,33111.0,openat_www-data,6863,assign,0
7284,33111.0,openat_www-data,6864,assign,0
7285,33111.0,openat_www-data,6865,assign,0
7286,33111.0,openat_www-data,6866,assign,0
7287,33115.0,openat_www-data,6867,assign,0
7288,33115.0,close_www-data,39,assign,0
7289,33115.0,openat_www-data,6868,assign,0
7290,33115.0,openat_www-data,6869,assign,0
7291,33115.0,openat_www-data,6870,assign,0
7292,33115.0,openat_www-data,6871,assign,0
7293,33115.0,openat_www-data,6872,assign,0
7294,33115.0,openat_www-data,6873,assign,0
7295,33119.0,close_www-data,39,assign,0
7296,33119.0,openat_www-data,6874,assign,0
7297,33119.0,openat_www-data,6875,assign,0
7298,33119.0,openat_www-data,6876,assign,0
7299,33119.0,openat_www-data,6877,assign,0
7300,33119.0,openat_www-data,6878,assign,0
7301,33119.0,openat_www-data,6879,assign,0
7302,33123.0,close_www-data,39,assign,0
7303,33123.0,openat_www-data,6880,assign,0
7304,33123.0,openat_www-data,6881,assign,0
7305,33123.0,close_www-data,39,assign,0
7306,33123.0,close_www-data,39,assign,0
7307,33123.0,openat_www-data,6882,assign,0
7308,33123.0,close_www-data,39,assign,0
7309,33123.0,openat_www-data,6883,assign,0
7310,33123.0,openat_www-data,6884,assign,0
7311,33123.0,openat_www-data,6885,assign,0
7312,33127.0,close_www-data,39,assign,0
7313,33127.0,openat_www-data,6886,assign,0
7314,33127.0,openat_www-data,6887,assign,0
7315,33127.0,openat_www-data,6888,assign,0
7316,33127.0,openat_www-data,6889,assign,0
7317,33127.0,openat_www-data,6890,assign,0
7318,33131.0,openat_www-data,6891,assign,0
7319,33131.0,close_www-data,39,assign,0
7320,33131.0,openat_www-data,6892,assign,0
7321,33131.0,openat_www-data,6893,assign,0
7322,33131.0,openat_www-data,6894,assign,0
7323,33131.0,close_www-data,39,assign,0
7324,33135.0,openat_www-data,6895,assign,0
7325,33135.0,close_www-data,39,assign,0
7326,33135.0,openat_www-data,6896,assign,0
7327,33135.0,openat_www-data,6897,assign,0
7328,33135.0,openat_www-data,6898,assign,0
7329,33135.0,openat_www-data,6899,assign,0
7330,33135.0,openat_www-data,6900,assign,0
7331,33135.0,openat_www-data,6901,assign,0
7332,33139.0,close_www-data,39,assign,0
7333,33139.0,openat_www-data,6902,assign,0
7334,33139.0,openat_www-data,6903,assign,0
7335,33139.0,openat_www-data,6904,assign,0
7336,33139.0,openat_www-data,6905,assign,0
7337,33139.0,openat_www-data,6906,assign,0
7338,33139.0,openat_www-data,6907,assign,0
7339,33143.0,openat_www-data,6908,assign,0
7340,33143.0,close_www-data,39,assign,0
7341,33143.0,openat_www-data,6909,assign,0
7342,33143.0,openat_www-data,6910,assign,0
7343,33143.0,openat_www-data,6911,assign,0
7344,33143.0,openat_www-data,6912,assign,0
7345,33143.0,openat_www-data,6913,assign,0
7346,33143.0,close_www-data,39,assign,0
7347,33143.0,openat_www-data,6914,assign,0
7348,33147.0,close_www-data,39,assign,0
7349,33147.0,openat_www-data,6915,assign,0
7350,33147.0,openat_www-data,6916,assign,0
7351,33147.0,openat_www-data,6917,assign,0
7352,33147.0,openat_www-data,6918,assign,0
7353,33147.0,openat_www-data,6919,assign,0
7354,33151.0,openat_www-data,6920,assign,0
7355,33151.0,close_www-data,39,assign,0
7356,33159.0,openat_www-data,6921,assign,0
7357,33159.0,close_www-data,39,assign,0
7358,33159.0,close_www-data,39,assign,0
7359,33159.0,openat_www-data,6922,assign,0
7360,33159.0,close_www-data,39,assign,0
7361,33159.0,openat_www-data,6923,assign,0
7362,33163.0,close_www-data,39,assign,0
7363,33163.0,openat_www-data,6924,assign,0
7364,33163.0,openat_www-data,6925,assign,0
7365,33163.0,openat_www-data,6926,assign,0
7366,33163.0,openat_www-data,6927,assign,0
7367,33163.0,openat_www-data,6928,assign,0
7368,33167.0,close_www-data,39,assign,0
7369,33167.0,openat_www-data,6929,assign,0
7370,33167.0,openat_www-data,6930,assign,0
7371,33167.0,openat_www-data,6931,assign,0
7372,33167.0,openat_www-data,6932,assign,0
7373,33167.0,openat_www-data,6933,assign,0
7374,33171.0,close_www-data,39,assign,0
7375,33175.0,close_www-data,39,assign,0
7376,33175.0,openat_www-data,6934,assign,0
7377,33175.0,close_www-data,39,assign,0
7378,33175.0,openat_www-data,6935,assign,0
7379,33175.0,openat_www-data,6936,assign,0
7380,33175.0,openat_www-data,6937,assign,0
7381,33175.0,openat_www-data,6938,assign,0
7382,33175.0,openat_www-data,6939,assign,0
7383,33175.0,openat_www-data,6940,assign,0
7384,33175.0,openat_www-data,6941,assign,0
7385,33175.0,openat_www-data,6942,assign,0
7386,33179.0,close_www-data,39,assign,0
7387,33179.0,openat_www-data,6943,assign,0
7388,33183.0,openat_www-data,6944,assign,0
7389,33183.0,close_www-data,39,assign,0
7390,33183.0,openat_www-data,6945,assign,0
7391,33183.0,openat_www-data,6946,assign,0
7392,33183.0,openat_www-data,6947,assign,0
7393,33187.0,close_www-data,39,assign,0
7394,33187.0,openat_www-data,6948,assign,0
7395,33187.0,openat_www-data,6949,assign,0
7396,33187.0,openat_www-data,6950,assign,0
7397,33187.0,openat_www-data,6951,assign,0
7398,33187.0,openat_www-data,6952,assign,0
7399,33187.0,openat_www-data,6953,assign,0
7400,33187.0,close_www-data,39,assign,0
7401,33187.0,openat_www-data,6954,assign,0
7402,33191.0,close_www-data,39,assign,0
7403,33191.0,openat_www-data,6955,assign,0
7404,33191.0,openat_www-data,6956,assign,0
7405,33191.0,openat_www-data,6957,assign,0
7406,33191.0,openat_www-data,6958,assign,0
7407,33195.0,openat_www-data,6959,assign,0
7408,33195.0,close_www-data,39,assign,0
7409,33195.0,close_www-data,39,assign,0
7410,33195.0,openat_www-data,6960,assign,0
7411,33195.0,close_www-data,39,assign,0
7412,33195.0,openat_www-data,6961,assign,0
7413,33195.0,openat_www-data,6962,assign,0
7414,33195.0,openat_www-data,6963,assign,0
7415,33199.0,close_www-data,39,assign,0
7416,33199.0,openat_www-data,6964,assign,0
7417,33199.0,openat_www-data,6965,assign,0
7418,33199.0,openat_www-data,6966,assign,0
7419,33199.0,openat_www-data,6967,assign,0
7420,33199.0,openat_www-data,6968,assign,0
7421,33199.0,openat_www-data,6969,assign,0
7422,33203.0,close_www-data,39,assign,0
7423,33203.0,openat_www-data,6970,assign,0
7424,33203.0,openat_www-data,6971,assign,0
7425,33203.0,openat_www-data,6972,assign,0
7426,33203.0,close_www-data,39,assign,0
7427,33203.0,openat_www-data,6973,assign,0
7428,33207.0,openat_www-data,6974,assign,0
7429,33207.0,openat_www-data,6975,assign,0
7430,33207.0,close_www-data,39,assign,0
7431,33207.0,openat_www-data,6976,assign,0
7432,33207.0,openat_www-data,6977,assign,0
7433,33207.0,openat_www-data,6978,assign,0
7434,33207.0,openat_www-data,6979,assign,0
7435,33207.0,openat_www-data,6980,assign,0
7436,33211.0,openat_www-data,6981,assign,0
7437,33211.0,close_www-data,39,assign,0
7438,33211.0,openat_www-data,6982,assign,0
7439,33211.0,openat_www-data,6983,assign,0
7440,33211.0,openat_www-data,6984,assign,0
7441,33211.0,openat_www-data,6985,assign,0
7442,33211.0,openat_www-data,6986,assign,0
7443,33215.0,close_www-data,39,assign,0
7444,33215.0,openat_www-data,6987,assign,0
7445,33215.0,openat_www-data,6988,assign,0
7446,33219.0,close_www-data,39,assign,0
7447,33219.0,openat_www-data,6989,assign,0
7448,33219.0,close_www-data,39,assign,0
7449,33219.0,openat_www-data,6990,assign,0
7450,33219.0,openat_www-data,6991,assign,0
7451,33219.0,openat_www-data,6992,assign,0
7452,33219.0,openat_www-data,6993,assign,0
7453,33219.0,openat_www-data,6994,assign,0
7454,33219.0,openat_www-data,6995,assign,0
7455,33219.0,close_www-data,39,assign,0
7456,33223.0,close_www-data,39,assign,0
7457,33223.0,openat_www-data,6996,assign,0
7458,33223.0,close_www-data,39,assign,0
7459,33223.0,openat_www-data,6997,assign,0
7460,33223.0,openat_www-data,6998,assign,0
7461,33223.0,openat_www-data,6999,assign,0
7462,33227.0,openat_www-data,7000,assign,0
7463,33227.0,close_www-data,39,assign,0
7464,33231.0,openat_www-data,7001,assign,0
7465,33231.0,close_www-data,39,assign,0
7466,33231.0,openat_www-data,7002,assign,0
7467,33231.0,openat_www-data,7003,assign,0
7468,33231.0,openat_www-data,7004,assign,0
7469,33231.0,openat_www-data,7005,assign,0
7470,33231.0,openat_www-data,7006,assign,0
7471,33235.0,close_www-data,39,assign,0
7472,33235.0,openat_www-data,7007,assign,0
7473,33235.0,openat_www-data,7008,assign,0
7474,33235.0,close_www-data,39,assign,0
7475,33235.0,openat_www-data,7009,assign,0
7476,33239.0,openat_www-data,7010,assign,0
7477,33239.0,openat_www-data,7011,assign,0
7478,33239.0,close_www-data,39,assign,0
7479,33239.0,openat_www-data,7012,assign,0
7480,33239.0,openat_www-data,7013,assign,0
7481,33239.0,openat_www-data,7014,assign,0
7482,33239.0,openat_www-data,7015,assign,0
7483,33243.0,close_www-data,39,assign,0
7484,33243.0,openat_www-data,7016,assign,0
7485,33243.0,openat_www-data,7017,assign,0
7486,33243.0,openat_www-data,7018,assign,0
7487,33247.0,openat_www-data,7019,assign,0
7488,33247.0,close_www-data,39,assign,0
7489,33247.0,openat_www-data,7020,assign,0
7490,33247.0,openat_www-data,7021,assign,0
7491,33247.0,openat_www-data,7022,assign,0
7492,33251.0,close_www-data,39,assign,0
7493,33251.0,openat_www-data,7023,assign,0
7494,33251.0,openat_www-data,7024,assign,0
7495,33251.0,openat_www-data,7025,assign,0
7496,33251.0,close_www-data,39,assign,0
7497,33251.0,openat_www-data,7026,assign,0
7498,33255.0,close_www-data,39,assign,0
7499,33255.0,openat_www-data,7027,assign,0
7500,33255.0,openat_www-data,7028,assign,0
7501,33255.0,openat_www-data,7029,assign,0
7502,33255.0,openat_www-data,7030,assign,0
7503,33255.0,openat_www-data,7031,assign,0
7504,33259.0,close_www-data,39,assign,0
7505,33259.0,close_www-data,39,assign,0
7506,33259.0,openat_www-data,7032,assign,0
7507,33259.0,close_www-data,39,assign,0
7508,33259.0,openat_www-data,7033,assign,0
7509,33259.0,openat_www-data,7034,assign,0
7510,33259.0,openat_www-data,7035,assign,0
7511,33263.0,close_www-data,39,assign,0
7512,33263.0,openat_www-data,7036,assign,0
7513,33267.0,close_www-data,39,assign,0
7514,33267.0,openat_www-data,7037,assign,0
7515,33267.0,openat_www-data,7038,assign,0
7516,33267.0,openat_www-data,7039,assign,0
7517,33267.0,openat_www-data,7040,assign,0
7518,33271.0,openat_www-data,7041,assign,0
7519,33271.0,close_www-data,39,assign,0
7520,33271.0,openat_www-data,7042,assign,0
7521,33271.0,openat_www-data,7043,assign,0
7522,33271.0,openat_www-data,7044,assign,0
7523,33271.0,close_www-data,39,assign,0
7524,33275.0,close_www-data,39,assign,0
7525,33275.0,openat_www-data,7045,assign,0
7526,33275.0,openat_www-data,7046,assign,0
7527,33275.0,openat_www-data,7047,assign,0
7528,33275.0,openat_www-data,7048,assign,0
7529,33275.0,openat_www-data,7049,assign,0
7530,33275.0,openat_www-data,7050,assign,0
7531,33275.0,openat_www-data,7051,assign,0
7532,33279.0,close_www-data,39,assign,0
7533,33279.0,openat_www-data,7052,assign,0
7534,33279.0,openat_www-data,7053,assign,0
7535,33283.0,close_www-data,39,assign,0
7536,33283.0,openat_www-data,7054,assign,0
7537,33283.0,openat_www-data,7055,assign,0
7538,33283.0,openat_www-data,7056,assign,0
7539,33287.0,close_www-data,39,assign,0
7540,33287.0,openat_www-data,7057,assign,0
7541,33287.0,openat_www-data,7058,assign,0
7542,33287.0,openat_www-data,7059,assign,0
7543,33287.0,openat_www-data,7060,assign,0
7544,33287.0,close_www-data,39,assign,0
7545,33287.0,openat_www-data,7061,assign,0
7546,33287.0,openat_www-data,7062,assign,0
7547,33291.0,openat_www-data,7063,assign,0
7548,33291.0,close_www-data,39,assign,0
7549,33291.0,openat_www-data,7064,assign,0
7550,33295.0,openat_www-data,7065,assign,0
7551,33295.0,openat_www-data,7066,assign,0
7552,33295.0,close_www-data,39,assign,0
7553,33295.0,openat_www-data,7067,assign,0
7554,33295.0,close_www-data,39,assign,0
7555,33295.0,close_www-data,39,assign,0
7556,33295.0,openat_www-data,7068,assign,0
7557,33295.0,close_www-data,39,assign,0
7558,33295.0,openat_www-data,7069,assign,0
7559,33295.0,openat_www-data,7070,assign,0
7560,33299.0,close_www-data,39,assign,0
7561,33299.0,openat_www-data,7071,assign,0
7562,33299.0,openat_www-data,7072,assign,0
7563,33299.0,openat_www-data,7073,assign,0
7564,33299.0,openat_www-data,7074,assign,0
7565,33299.0,openat_www-data,7075,assign,0
7566,33299.0,openat_www-data,7076,assign,0
7567,33303.0,close_www-data,39,assign,0
7568,33303.0,openat_www-data,7077,assign,0
7569,33303.0,openat_www-data,7078,assign,0
7570,33303.0,openat_www-data,7079,assign,0
7571,33303.0,openat_www-data,7080,assign,0
7572,33303.0,close_www-data,39,assign,0
7573,33303.0,openat_www-data,7081,assign,0
7574,33307.0,openat_www-data,7082,assign,0
7575,33307.0,openat_www-data,7083,assign,0
7576,33307.0,close_www-data,39,assign,0
7577,33307.0,openat_www-data,7084,assign,0
7578,33307.0,openat_www-data,7085,assign,0
7579,33307.0,openat_www-data,7086,assign,0
7580,33311.0,close_www-data,39,assign,0
7581,33311.0,openat_www-data,7087,assign,0
7582,33311.0,openat_www-data,7088,assign,0
7583,33315.0,close_www-data,39,assign,0
7584,33315.0,openat_www-data,7089,assign,0
7585,33315.0,openat_www-data,7090,assign,0
7586,33343.0,openat_www-data,7091,assign,0
7587,33343.0,close_www-data,39,assign,0
7588,33347.0,close_www-data,39,assign,0
7589,33347.0,openat_www-data,7092,assign,0
7590,33347.0,openat_www-data,7093,assign,0
7591,33347.0,openat_www-data,7094,assign,0
7592,33347.0,openat_www-data,7095,assign,0
7593,33347.0,openat_www-data,7096,assign,0
7594,33347.0,openat_www-data,7097,assign,0
7595,33347.0,close_www-data,39,assign,0
7596,33347.0,openat_www-data,7098,assign,0
7597,33347.0,openat_www-data,7099,assign,0
7598,33347.0,openat_www-data,7100,assign,0
7599,33351.0,close_www-data,39,assign,0
7600,33351.0,openat_www-data,7101,assign,0
7601,33351.0,openat_www-data,7102,assign,0
7602,33351.0,openat_www-data,7103,assign,0
7603,33351.0,close_www-data,39,assign,0
7604,33351.0,close_www-data,39,assign,0
7605,33351.0,openat_www-data,7104,assign,0
7606,33351.0,close_www-data,39,assign,0
7607,33351.0,openat_www-data,7105,assign,0
7608,33351.0,openat_www-data,7106,assign,0
7609,33355.0,close_www-data,39,assign,0
7610,33355.0,openat_www-data,7107,assign,0
7611,33355.0,openat_www-data,7108,assign,0
7612,33355.0,openat_www-data,7109,assign,0
7613,33355.0,openat_www-data,7110,assign,0
7614,33355.0,openat_www-data,7111,assign,0
7615,33355.0,openat_www-data,7112,assign,0
7616,33359.0,close_www-data,39,assign,0
7617,33359.0,openat_www-data,7113,assign,0
7618,33359.0,openat_www-data,7114,assign,0
7619,33359.0,openat_www-data,7115,assign,0
7620,33359.0,openat_www-data,7116,assign,0
7621,33359.0,close_www-data,39,assign,0
7622,33359.0,openat_www-data,7117,assign,0
7623,33363.0,openat_www-data,7118,assign,0
7624,33363.0,openat_www-data,7119,assign,0
7625,33363.0,close_www-data,39,assign,0
7626,33363.0,openat_www-data,7120,assign,0
7627,33363.0,openat_www-data,7121,assign,0
7628,33363.0,openat_www-data,7122,assign,0
7629,33363.0,openat_www-data,7123,assign,0
7630,33363.0,openat_www-data,7124,assign,0
7631,33367.0,close_www-data,39,assign,0
7632,33367.0,openat_www-data,7125,assign,0
7633,33367.0,openat_www-data,7126,assign,0
7634,33367.0,openat_www-data,7127,assign,0
7635,33367.0,openat_www-data,7128,assign,0
7636,33367.0,openat_www-data,7129,assign,0
7637,33367.0,openat_www-data,7130,assign,0
7638,33371.0,close_www-data,39,assign,0
7639,33371.0,openat_www-data,7131,assign,0
7640,33371.0,openat_www-data,7132,assign,0
7641,33371.0,openat_www-data,7133,assign,0
7642,33371.0,close_www-data,39,assign,0
7643,33371.0,openat_www-data,7134,assign,0
7644,33371.0,openat_www-data,7135,assign,0
7645,33371.0,openat_www-data,7136,assign,0
7646,33375.0,close_www-data,39,assign,0
7647,33375.0,openat_www-data,7137,assign,0
7648,33375.0,openat_www-data,7138,assign,0
7649,33375.0,openat_www-data,7139,assign,0
7650,33375.0,close_www-data,39,assign,0
7651,33375.0,close_www-data,39,assign,0
7652,33375.0,openat_www-data,7140,assign,0
7653,33375.0,close_www-data,39,assign,0
7654,33379.0,openat_www-data,7141,assign,0
7655,33379.0,close_www-data,39,assign,0
7656,33379.0,openat_www-data,7142,assign,0
7657,33379.0,openat_www-data,7143,assign,0
7658,33379.0,openat_www-data,7144,assign,0
7659,33379.0,openat_www-data,7145,assign,0
7660,33383.0,close_www-data,39,assign,0
7661,33383.0,openat_www-data,7146,assign,0
7662,33383.0,openat_www-data,7147,assign,0
7663,33383.0,openat_www-data,7148,assign,0
7664,33383.0,openat_www-data,7149,assign,0
7665,33383.0,openat_www-data,7150,assign,0
7666,33383.0,openat_www-data,7151,assign,0
7667,33395.0,close_www-data,39,assign,0
7668,33395.0,openat_www-data,7152,assign,0
7669,33395.0,close_www-data,39,assign,0
7670,33395.0,openat_www-data,7153,assign,0
7671,33399.0,openat_www-data,7154,assign,0
7672,33399.0,openat_www-data,7155,assign,0
7673,33399.0,close_www-data,39,assign,0
7674,33399.0,openat_www-data,7156,assign,0
7675,33399.0,openat_www-data,7157,assign,0
7676,33399.0,openat_www-data,7158,assign,0
7677,33399.0,openat_www-data,7159,assign,0
7678,33403.0,close_www-data,39,assign,0
7679,33403.0,openat_www-data,7160,assign,0
7680,33403.0,openat_www-data,7161,assign,0
7681,33403.0,openat_www-data,7162,assign,0
7682,33403.0,openat_www-data,7163,assign,0
7683,33403.0,openat_www-data,7164,assign,0
7684,33407.0,openat_www-data,7165,assign,0
7685,33407.0,close_www-data,39,assign,0
7686,33407.0,openat_www-data,7166,assign,0
7687,33407.0,openat_www-data,7167,assign,0
7688,33407.0,openat_www-data,7168,assign,0
7689,33407.0,openat_www-data,7169,assign,0
7690,33407.0,close_www-data,39,assign,0
7691,33407.0,openat_www-data,7170,assign,0
7692,33407.0,openat_www-data,7171,assign,0
7693,33407.0,openat_www-data,7172,assign,0
7694,33407.0,openat_www-data,7173,assign,0
7695,33411.0,openat_www-data,7174,assign,0
7696,33411.0,openat_www-data,7175,assign,0
7697,33411.0,close_www-data,39,assign,0
7698,33411.0,openat_www-data,7176,assign,0
7699,33411.0,close_www-data,39,assign,0
7700,33411.0,close_www-data,39,assign,0
7701,33411.0,openat_www-data,7177,assign,0
7702,33411.0,close_www-data,39,assign,0
7703,33411.0,openat_www-data,7178,assign,0
7704,33415.0,close_www-data,39,assign,0
7705,33415.0,openat_www-data,7179,assign,0
7706,33415.0,openat_www-data,7180,assign,0
7707,33415.0,openat_www-data,7181,assign,0
7708,33415.0,openat_www-data,7182,assign,0
7709,33415.0,openat_www-data,7183,assign,0
7710,33415.0,openat_www-data,7184,assign,0
7711,33419.0,openat_www-data,7185,assign,0
7712,33419.0,close_www-data,39,assign,0
7713,33419.0,openat_www-data,7186,assign,0
7714,33419.0,openat_www-data,7187,assign,0
7715,33419.0,openat_www-data,7188,assign,0
7716,33419.0,openat_www-data,7189,assign,0
7717,33419.0,close_www-data,39,assign,0
7718,33423.0,close_www-data,39,assign,0
7719,33423.0,openat_www-data,7190,assign,0
7720,33423.0,openat_www-data,7191,assign,0
7721,33423.0,openat_www-data,7192,assign,0
7722,33423.0,openat_www-data,7193,assign,0
7723,33423.0,openat_www-data,7194,assign,0
7724,33423.0,openat_www-data,7195,assign,0
7725,33423.0,openat_www-data,7196,assign,0
7726,33423.0,openat_www-data,7197,assign,0
7727,33427.0,close_www-data,39,assign,0
7728,33427.0,openat_www-data,7198,assign,0
7729,33427.0,openat_www-data,7199,assign,0
7730,33427.0,openat_www-data,7200,assign,0
7731,33427.0,openat_www-data,7201,assign,0
7732,33431.0,close_www-data,39,assign,0
7733,33431.0,openat_www-data,7202,assign,0
7734,33431.0,openat_www-data,7203,assign,0
7735,33431.0,openat_www-data,7204,assign,0
7736,33431.0,openat_www-data,7205,assign,0
7737,33431.0,close_www-data,39,assign,0
7738,33431.0,openat_www-data,7206,assign,0
7739,33431.0,openat_www-data,7207,assign,0
7740,33431.0,openat_www-data,7208,assign,0
7741,33431.0,openat_www-data,7209,assign,0
7742,33435.0,openat_www-data,7210,assign,0
7743,33435.0,openat_www-data,7211,assign,0
7744,33435.0,close_www-data,39,assign,0
7745,33435.0,openat_www-data,7212,assign,0
7746,33435.0,close_www-data,39,assign,0
7747,33435.0,close_www-data,39,assign,0
7748,33435.0,openat_www-data,7213,assign,0
7749,33435.0,close_www-data,39,assign,0
7750,33435.0,openat_www-data,7214,assign,0
7751,33435.0,openat_www-data,7215,assign,0
7752,33439.0,close_www-data,39,assign,0
7753,33439.0,openat_www-data,7216,assign,0
7754,33439.0,openat_www-data,7217,assign,0
7755,33439.0,openat_www-data,7218,assign,0
7756,33439.0,openat_www-data,7219,assign,0
7757,33443.0,openat_www-data,7220,assign,0
7758,33443.0,close_www-data,39,assign,0
7759,33443.0,openat_www-data,7221,assign,0
7760,33443.0,openat_www-data,7222,assign,0
7761,33443.0,openat_www-data,7223,assign,0
7762,33443.0,openat_www-data,7224,assign,0
7763,33443.0,openat_www-data,7225,assign,0
7764,33443.0,close_www-data,39,assign,0
7765,33443.0,openat_www-data,7226,assign,0
7766,33447.0,openat_www-data,7227,assign,0
7767,33447.0,openat_www-data,7228,assign,0
7768,33447.0,close_www-data,39,assign,0
7769,33447.0,openat_www-data,7229,assign,0
7770,33447.0,openat_www-data,7230,assign,0
7771,33447.0,openat_www-data,7231,assign,0
7772,33447.0,openat_www-data,7232,assign,0
7773,33451.0,close_www-data,39,assign,0
7774,33451.0,openat_www-data,7233,assign,0
7775,33451.0,openat_www-data,7234,assign,0
7776,33451.0,openat_www-data,7235,assign,0
7777,33451.0,openat_www-data,7236,assign,0
7778,33451.0,openat_www-data,7237,assign,0
7779,33455.0,close_www-data,39,assign,0
7780,33455.0,openat_www-data,7238,assign,0
7781,33455.0,mmap_www-data,0,assign,0
7,2025-07-02T20:45:40.028987,mmap_www-data,0,split,5686
10,2025-07-02T20:45:40.028987,mmap_www-data,0,split,5686
11,2025-07-02T20:45:40.028987,mmap_www-data,0,split,5686
12,2025-07-02T20:45:40.028987,mmap_www-data,0,split,5686
13,2025-07-02T20:45:40.028987,mmap_www-data,0,split,5686
19,2025-07-02T20:45:40.028987,mmap_www-data,0,split,5686
22,2025-07-02T20:45:40.028987,mmap_www-data,0,split,5686
23,2025-07-02T20:45:40.028987,mmap_www-data,0,split,5686
24,2025-07-02T20:45:40.028987,mmap_www-data,0,split,5686
25,2025-07-02T20:45:40.028987,mmap_www-data,0,split,5686
85,2025-07-02T20:45:40.028987,mmap_www-data,0,split,5686
88,2025-07-02T20:45:40.028987,mmap_www-data,0,split,5686
89,2025-07-02T20:45:40.028987,mmap_www-data,0,split,5686
90,2025-07-02T20:45:40.028987,mmap_www-data,0,split,5686
91,2025-07-02T20:45:40.028987,mmap_www-data,0,split,5686
131,2025-07-02T20:45:40.028987,mmap_www-data,0,split,5686
134,2025-07-02T20:45:40.028987,mmap_www-data,0,split,5686
135,2025-07-02T20:45:40.028987,mmap_www-data,0,split,5686
136,2025-07-02T20:45:40.028987,mmap_www-data,0,split,5686
137,2025-07-02T20:45:40.028987,mmap_www-data,0,split,5686
140,2025-07-02T20:45:40.028987,mmap_www-data,0,split,5686
141,2025-07-02T20:45:40.028987,mmap_www-data,0,split,5686
7781,2025-07-02T20:45:40.028987,mmap_www-data,0,split,5686
144,2025-07-02T20:45:40.028987,mmap_www-data,42,split,5686
145,2025-07-02T20:45:40.028987,mmap_www-data,42,split,5686
146,2025-07-02T20:45:40.028987,mmap_www-data,42,split,5686
149,2025-07-02T20:45:40.028987,mmap_www-data,42,split,5686
150,2025-07-02T20:45:40.028987,mmap_www-data,42,split,5686
153,2025-07-02T20:45:40.028987,mmap_www-data,42,split,5686
154,2025-07-02T20:45:40.028987,mmap_www-data,42,split,5686
157,2025-07-02T20:45:40.028987,mmap_www-data,42,split,5686
158,2025-07-02T20:45:40.028987,mmap_www-data,42,split,5686
159,2025-07-02T20:45:40.028987,mmap_www-data,42,split,5686
160,2025-07-02T20:45:40.028987,mmap_www-data,42,split,5686
162,2025-07-02T20:45:40.028987,mmap_www-data,42,split,5686
167,2025-07-02T20:45:40.028987,mmap_www-data,42,split,5686
171,2025-07-02T20:45:40.028987,mmap_www-data,42,split,5686
173,2025-07-02T20:45:40.028987,mmap_www-data,42,split,5686
7782,33455.0,openat_www-data,7239,assign,0
7783,33455.0,clone_www-data,0,assign,0
7784,33455.0,munmap_www-data,4,assign,0
7785,33455.0,close_www-data,1954,assign,0
7786,33455.0,openat_www-data,7240,assign,0
7787,33455.0,execve_www-data,0,assign,0
7788,33455.0,openat_www-data,7241,assign,0
7789,33455.0,mmap_www-data,0,assign,0
7790,33455.0,close_www-data,0,assign,0
7791,33455.0,openat_www-data,7242,assign,0
7792,33455.0,mmap_www-data,0,assign,0
7793,33455.0,mmap_www-data,0,assign,0
7794,33455.0,mmap_www-data,0,assign,0
7795,33455.0,mmap_www-data,0,assign,0
7796,33455.0,close_www-data,1954,assign,0
7797,33455.0,munmap_www-data,5,assign,0
7798,33455.0,openat_www-data,7243,assign,0
7799,33455.0,clone_www-data,0,assign,0
7800,33455.0,execve_www-data,0,assign,0
7801,33459.0,openat_www-data,7244,assign,0
7802,33459.0,mmap_www-data,0,assign,0
7803,33459.0,close_www-data,0,assign,0
7804,33459.0,close_www-data,39,assign,0
7805,33459.0,openat_www-data,7245,assign,0
7806,33459.0,close_www-data,39,assign,0
7807,33459.0,openat_www-data,7246,assign,0
7808,33459.0,openat_www-data,7247,assign,0
7809,33459.0,mmap_www-data,0,assign,0
7810,33459.0,mmap_www-data,0,assign,0
7811,33459.0,mmap_www-data,0,assign,0
7812,33459.0,mmap_www-data,0,assign,0
7813,33459.0,close_www-data,1,assign,0
7814,33459.0,munmap_www-data,6,assign,0
7815,33463.0,openat_www-data,7248,assign,0
7816,33463.0,close_www-data,1959,assign,0
7817,33463.0,close_www-data,39,assign,0
7818,33463.0,openat_www-data,7249,assign,0
7819,33463.0,openat_www-data,7250,assign,0
7820,33463.0,close_www-data,3,assign,0
7821,33463.0,openat_www-data,7251,assign,0
7822,33463.0,openat_www-data,7252,assign,0
7823,33463.0,openat_www-data,7253,assign,0
7824,33463.0,close_www-data,1959,assign,0
7825,33463.0,close_www-data,39,assign,0
7826,33467.0,openat_www-data,7254,assign,0
7827,33467.0,close_www-data,39,assign,0
7828,33467.0,close_www-data,39,assign,0
7829,33467.0,openat_www-data,7255,assign,0
7830,33467.0,openat_www-data,7256,assign,0
7831,33467.0,openat_www-data,7257,assign,0
7832,33467.0,openat_www-data,7258,assign,0
7833,33467.0,openat_www-data,7259,assign,0
7834,33471.0,close_www-data,39,assign,0
7835,33471.0,openat_www-data,7260,assign,0
7836,33471.0,openat_www-data,7261,assign,0
7837,33471.0,close_www-data,3,assign,0
7838,33471.0,openat_www-data,7262,assign,0
7839,33471.0,openat_www-data,7263,assign,0
7840,33471.0,openat_www-data,7264,assign,0
7841,33475.0,close_www-data,39,assign,0
7842,33475.0,openat_www-data,7265,assign,0
7843,33475.0,openat_www-data,7266,assign,0
7844,33475.0,close_www-data,39,assign,0
7845,33475.0,openat_www-data,7267,assign,0
7846,33475.0,openat_www-data,7268,assign,0
7847,33475.0,openat_www-data,7269,assign,0
7848,33475.0,openat_www-data,7270,assign,0
7849,33475.0,openat_www-data,7271,assign,0
7850,33475.0,openat_www-data,7272,assign,0
7851,33479.0,close_www-data,44,assign,0
7852,33479.0,openat_www-data,7273,assign,0
7853,33479.0,openat_www-data,7274,assign,0
7854,33479.0,openat_www-data,7275,assign,0
7855,33479.0,openat_www-data,7276,assign,0
7856,33483.0,close_www-data,32,assign,0
7857,33483.0,openat_www-data,7277,assign,0
7858,33483.0,openat_www-data,7278,assign,0
7859,33483.0,openat_www-data,7279,assign,0
7860,33483.0,openat_www-data,7280,assign,0
7861,33487.0,openat_www-data,7281,assign,0
7862,33487.0,close_www-data,32,assign,0
7863,33487.0,openat_www-data,7282,assign,0
7864,33487.0,close_www-data,32,assign,0
7865,33487.0,openat_www-data,7283,assign,0
7866,33487.0,openat_www-data,7284,assign,0
7867,33487.0,openat_www-data,7285,assign,0
7868,33487.0,openat_www-data,7286,assign,0
7869,33487.0,openat_www-data,7287,assign,0
7870,33487.0,openat_www-data,7288,assign,0
7871,33487.0,close_www-data,32,assign,0
7872,33487.0,close_www-data,32,assign,0
7873,33487.0,openat_www-data,7289,assign,0
7874,33491.0,close_www-data,39,assign,0
7875,33491.0,close_www-data,30,assign,0
7876,33491.0,openat_www-data,7290,assign,0
7877,33491.0,openat_www-data,7291,assign,0
7878,33491.0,openat_www-data,7292,assign,0
7879,33491.0,openat_www-data,7293,assign,0
7880,33495.0,close_www-data,30,assign,0
7881,33495.0,openat_www-data,7294,assign,0
7882,33495.0,openat_www-data,7295,assign,0
7883,33495.0,openat_www-data,7296,assign,0
7884,33495.0,openat_www-data,7297,assign,0
7885,33495.0,openat_www-data,7298,assign,0
7886,33495.0,openat_www-data,7299,assign,0
7887,33499.0,openat_www-data,7300,assign,0
7888,33499.0,close_www-data,30,assign,0
7889,33499.0,openat_www-data,7301,assign,0
7890,33499.0,close_www-data,30,assign,0
7891,33499.0,openat_www-data,7302,assign,0
7892,33499.0,openat_www-data,7303,assign,0
7893,33499.0,openat_www-data,7304,assign,0
7894,33503.0,close_www-data,30,assign,0
7895,33503.0,openat_www-data,7305,assign,0
7896,33503.0,openat_www-data,7306,assign,0
7897,33503.0,openat_www-data,7307,assign,0
7898,33503.0,openat_www-data,7308,assign,0
7899,33503.0,openat_www-data,7309,assign,0
7900,33503.0,openat_www-data,7310,assign,0
7901,33503.0,openat_www-data,7311,assign,0
7902,33503.0,openat_www-data,7312,assign,0
7903,33507.0,close_www-data,30,assign,0
7904,33507.0,openat_www-data,7313,assign,0
7905,33507.0,openat_www-data,7314,assign,0
7906,33507.0,openat_www-data,7315,assign,0
7907,33507.0,openat_www-data,7316,assign,0
7908,33507.0,openat_www-data,7317,assign,0
7909,33507.0,close_www-data,30,assign,0
7910,33507.0,openat_www-data,7318,assign,0
7911,33511.0,close_www-data,30,assign,0
7912,33511.0,openat_www-data,7319,assign,0
7913,33511.0,openat_www-data,7320,assign,0
7914,33511.0,openat_www-data,7321,assign,0
7915,33511.0,openat_www-data,7322,assign,0
7916,33511.0,openat_www-data,7323,assign,0
7917,33511.0,close_www-data,30,assign,0
7918,33511.0,close_www-data,30,assign,0
7919,33511.0,openat_www-data,7324,assign,0
7920,33511.0,close_www-data,30,assign,0
7921,33515.0,openat_www-data,7325,assign,0
7922,33515.0,close_www-data,30,assign,0
7923,33515.0,openat_www-data,7326,assign,0
7924,33515.0,openat_www-data,7327,assign,0
7925,33515.0,openat_www-data,7328,assign,0
7926,33515.0,openat_www-data,7329,assign,0
7927,33519.0,close_www-data,30,assign,0
7928,33519.0,openat_www-data,7330,assign,0
7929,33519.0,openat_www-data,7331,assign,0
7930,33519.0,openat_www-data,7332,assign,0
7931,33519.0,openat_www-data,7333,assign,0
7932,33523.0,close_www-data,30,assign,0
7933,33523.0,openat_www-data,7334,assign,0
7934,33523.0,openat_www-data,7335,assign,0
7935,33523.0,openat_www-data,7336,assign,0
7936,33523.0,close_www-data,30,assign,0
7937,33523.0,openat_www-data,7337,assign,0
7938,33523.0,openat_www-data,7338,assign,0
7939,33523.0,openat_www-data,7339,assign,0
7940,33523.0,openat_www-data,7340,assign,0
7941,33527.0,close_www-data,30,assign,0
7942,33527.0,openat_www-data,7341,assign,0
7943,33527.0,openat_www-data,7342,assign,0
7944,33527.0,openat_www-data,7343,assign,0
7945,33527.0,openat_www-data,7344,assign,0
7946,33527.0,openat_www-data,7345,assign,0
7947,33527.0,openat_www-data,7346,assign,0
7948,33527.0,openat_www-data,7347,assign,0
7949,33531.0,close_www-data,30,assign,0
7950,33531.0,openat_www-data,7348,assign,0
7951,33531.0,openat_www-data,7349,assign,0
7952,33531.0,openat_www-data,7350,assign,0
7953,33531.0,openat_www-data,7351,assign,0
7954,33535.0,close_www-data,30,assign,0
7955,33535.0,openat_www-data,7352,assign,0
7956,33535.0,close_www-data,30,assign,0
7957,33535.0,openat_www-data,7353,assign,0
7958,33535.0,openat_www-data,7354,assign,0
7959,33535.0,openat_www-data,7355,assign,0
7960,33535.0,openat_www-data,7356,assign,0
7961,33535.0,openat_www-data,7357,assign,0
7962,33535.0,openat_www-data,7358,assign,0
7963,33535.0,close_www-data,30,assign,0
7964,33535.0,close_www-data,30,assign,0
7965,33535.0,openat_www-data,7359,assign,0
7966,33535.0,close_www-data,30,assign,0
7967,33539.0,close_www-data,30,assign,0
7968,33539.0,openat_www-data,7360,assign,0
7969,33539.0,openat_www-data,7361,assign,0
7970,33539.0,openat_www-data,7362,assign,0
7971,33539.0,openat_www-data,7363,assign,0
7972,33543.0,openat_www-data,7364,assign,0
7973,33543.0,close_www-data,30,assign,0
7974,33543.0,openat_www-data,7365,assign,0
7975,33543.0,openat_www-data,7366,assign,0
7976,33543.0,openat_www-data,7367,assign,0
7977,33543.0,openat_www-data,7368,assign,0
7978,33543.0,openat_www-data,7369,assign,0
7979,33547.0,close_www-data,30,assign,0
7980,33547.0,openat_www-data,7370,assign,0
7981,33547.0,openat_www-data,7371,assign,0
7982,33547.0,close_www-data,30,assign,0
7983,33547.0,openat_www-data,7372,assign,0
7984,33547.0,openat_www-data,7373,assign,0
7985,33547.0,openat_www-data,7374,assign,0
7986,33547.0,openat_www-data,7375,assign,0
7987,33547.0,openat_www-data,7376,assign,0
7988,33547.0,openat_www-data,7377,assign,0
7989,33551.0,close_www-data,30,assign,0
7990,33551.0,openat_www-data,7378,assign,0
7991,33551.0,openat_www-data,7379,assign,0
7992,33551.0,openat_www-data,7380,assign,0
7993,33555.0,openat_www-data,7381,assign,0
7994,33555.0,close_www-data,30,assign,0
7995,33555.0,openat_www-data,7382,assign,0
7996,33555.0,openat_www-data,7383,assign,0
7997,33555.0,openat_www-data,7384,assign,0
7998,33555.0,openat_www-data,7385,assign,0
7999,33555.0,openat_www-data,7386,assign,0
8000,33555.0,openat_www-data,7387,assign,0
8001,33555.0,close_www-data,30,assign,0
8002,33555.0,openat_www-data,7388,assign,0
8003,33559.0,close_www-data,30,assign,0
8004,33559.0,openat_www-data,7389,assign,0
8005,33559.0,openat_www-data,7390,assign,0
8006,33559.0,openat_www-data,7391,assign,0
8007,33559.0,openat_www-data,7392,assign,0
8008,33559.0,openat_www-data,7393,assign,0
8009,33559.0,close_www-data,30,assign,0
8010,33559.0,close_www-data,30,assign,0
8011,33559.0,openat_www-data,7394,assign,0
8012,33559.0,close_www-data,30,assign,0
8013,33563.0,close_www-data,30,assign,0
8014,33563.0,openat_www-data,7395,assign,0
8015,33563.0,openat_www-data,7396,assign,0
8016,33563.0,openat_www-data,7397,assign,0
8017,33563.0,openat_www-data,7398,assign,0
8018,33567.0,close_www-data,30,assign,0
8019,33567.0,openat_www-data,7399,assign,0
8020,33567.0,openat_www-data,7400,assign,0
8021,33567.0,openat_www-data,7401,assign,0
8022,33567.0,openat_www-data,7402,assign,0
8023,33567.0,openat_www-data,7403,assign,0
8024,33567.0,openat_www-data,7404,assign,0
8025,33567.0,openat_www-data,7405,assign,0
8026,33571.0,close_www-data,32,assign,0
8027,33571.0,openat_www-data,7406,assign,0
8028,33571.0,close_www-data,28,assign,0
8029,33571.0,openat_www-data,7407,assign,0
8030,33571.0,openat_www-data,7408,assign,0
8031,33571.0,openat_www-data,7409,assign,0
8032,33571.0,openat_www-data,7410,assign,0
8033,33571.0,openat_www-data,7411,assign,0
8034,33571.0,openat_www-data,7412,assign,0
8035,33575.0,close_www-data,28,assign,0
8036,33575.0,openat_www-data,7413,assign,0
8037,33575.0,openat_www-data,7414,assign,0
8038,33575.0,openat_www-data,7415,assign,0
8039,33575.0,openat_www-data,7416,assign,0
8040,33579.0,openat_www-data,7417,assign,0
8041,33579.0,close_www-data,28,assign,0
8042,33579.0,openat_www-data,7418,assign,0
8043,33579.0,openat_www-data,7419,assign,0
8044,33583.0,openat_www-data,7420,assign,0
8045,33583.0,close_www-data,28,assign,0
8046,33583.0,openat_www-data,7421,assign,0
8047,33583.0,openat_www-data,7422,assign,0
8048,33583.0,close_www-data,28,assign,0
8049,33583.0,openat_www-data,7423,assign,0
8050,33583.0,openat_www-data,7424,assign,0
8051,33583.0,openat_www-data,7425,assign,0
8052,33583.0,openat_www-data,7426,assign,0
8053,33583.0,openat_www-data,7427,assign,0
8054,33583.0,openat_www-data,7428,assign,0
8055,33583.0,close_www-data,28,assign,0
8056,33583.0,close_www-data,28,assign,0
8057,33583.0,openat_www-data,7429,assign,0
8058,33587.0,close_www-data,2004,assign,0
8059,33587.0,close_www-data,25,assign,0
8060,33587.0,openat_www-data,7430,assign,0
8061,33587.0,openat_www-data,7431,assign,0
8062,33587.0,openat_www-data,7432,assign,0
8063,33591.0,close_www-data,25,assign,0
8064,33591.0,openat_www-data,7433,assign,0
8065,33591.0,openat_www-data,7434,assign,0
8066,33591.0,openat_www-data,7435,assign,0
8067,33591.0,openat_www-data,7436,assign,0
8068,33591.0,openat_www-data,7437,assign,0
8069,33591.0,openat_www-data,7438,assign,0
8070,33595.0,close_www-data,25,assign,0
8071,33595.0,openat_www-data,7439,assign,0
8072,33595.0,openat_www-data,7440,assign,0
8073,33595.0,openat_www-data,7441,assign,0
8074,33595.0,close_www-data,25,assign,0
8075,33595.0,openat_www-data,7442,assign,0
8076,33595.0,openat_www-data,7443,assign,0
8077,33595.0,openat_www-data,7444,assign,0
8078,33595.0,openat_www-data,7445,assign,0
8079,33595.0,openat_www-data,7446,assign,0
8080,33599.0,close_www-data,25,assign,0
8081,33599.0,openat_www-data,7447,assign,0
8082,33599.0,openat_www-data,7448,assign,0
8083,33599.0,openat_www-data,7449,assign,0
8084,33599.0,openat_www-data,7450,assign,0
8085,33599.0,openat_www-data,7451,assign,0
8086,33599.0,openat_www-data,7452,assign,0
8087,33603.0,close_www-data,25,assign,0
8088,33603.0,openat_www-data,7453,assign,0
8089,33603.0,openat_www-data,7454,assign,0
8090,33603.0,openat_www-data,7455,assign,0
8091,33603.0,openat_www-data,7456,assign,0
8092,33603.0,openat_www-data,7457,assign,0
8093,33603.0,close_www-data,25,assign,0
8094,33603.0,openat_www-data,7458,assign,0
8095,33607.0,close_www-data,25,assign,0
8096,33607.0,openat_www-data,7459,assign,0
8097,33607.0,openat_www-data,7460,assign,0
8098,33607.0,openat_www-data,7461,assign,0
8099,33607.0,openat_www-data,7462,assign,0
8100,33607.0,openat_www-data,7463,assign,0
8101,33607.0,close_www-data,25,assign,0
8102,33607.0,close_www-data,25,assign,0
8103,33607.0,openat_www-data,7464,assign,0
8104,33607.0,close_www-data,25,assign,0
8105,33611.0,openat_www-data,7465,assign,0
8106,33611.0,close_www-data,25,assign,0
8107,33611.0,openat_www-data,7466,assign,0
8108,33611.0,openat_www-data,7467,assign,0
8109,33611.0,openat_www-data,7468,assign,0
8110,33611.0,openat_www-data,7469,assign,0
8111,33611.0,openat_www-data,7470,assign,0
8112,33615.0,close_www-data,25,assign,0
8113,33615.0,openat_www-data,7471,assign,0
8114,33615.0,openat_www-data,7472,assign,0
8115,33615.0,openat_www-data,7473,assign,0
8116,33615.0,openat_www-data,7474,assign,0
8117,33615.0,openat_www-data,7475,assign,0
8118,33619.0,openat_www-data,7476,assign,0
8119,33619.0,close_www-data,25,assign,0
8120,33619.0,openat_www-data,7477,assign,0
8121,33619.0,openat_www-data,7478,assign,0
8122,33619.0,openat_www-data,7479,assign,0
8123,33619.0,openat_www-data,7480,assign,0
8124,33623.0,openat_www-data,7481,assign,0
8125,33623.0,close_www-data,25,assign,0
8126,33623.0,openat_www-data,7482,assign,0
8127,33623.0,openat_www-data,7483,assign,0
8128,33623.0,openat_www-data,7484,assign,0
8129,33623.0,openat_www-data,7485,assign,0
8130,33623.0,openat_www-data,7486,assign,0
8131,33623.0,openat_www-data,7487,assign,0
8132,33627.0,close_www-data,25,assign,0
8133,33627.0,openat_www-data,7488,assign,0
8134,33627.0,openat_www-data,7489,assign,0
8135,33627.0,openat_www-data,7490,assign,0
8136,33627.0,openat_www-data,7491,assign,0
8137,33631.0,close_www-data,25,assign,0
8138,33631.0,openat_www-data,7492,assign,0
8139,33631.0,close_www-data,25,assign,0
8140,33631.0,openat_www-data,7493,assign,0
8141,33631.0,openat_www-data,7494,assign,0
8142,33631.0,openat_www-data,7495,assign,0
8143,33631.0,openat_www-data,7496,assign,0
8144,33631.0,openat_www-data,7497,assign,0
8145,33631.0,openat_www-data,7498,assign,0
8146,33631.0,close_www-data,25,assign,0
8147,33631.0,close_www-data,25,assign,0
8148,33635.0,close_www-data,25,assign,0
8149,33635.0,openat_www-data,7499,assign,0
8150,33635.0,close_www-data,25,assign,0
8151,33635.0,openat_www-data,7500,assign,0
8152,33635.0,openat_www-data,7501,assign,0
8153,33635.0,openat_www-data,7502,assign,0
8154,33635.0,openat_www-data,7503,assign,0
8155,33639.0,openat_www-data,7504,assign,0
8156,33639.0,close_www-data,25,assign,0
8157,33639.0,openat_www-data,7505,assign,0
8158,33639.0,openat_www-data,7506,assign,0
8159,33639.0,openat_www-data,7507,assign,0
8160,33639.0,openat_www-data,7508,assign,0
8161,33639.0,openat_www-data,7509,assign,0
8162,33639.0,openat_www-data,7510,assign,0
8163,33643.0,close_www-data,25,assign,0
8164,33643.0,openat_www-data,7511,assign,0
8165,33643.0,close_www-data,25,assign,0
8166,33643.0,openat_www-data,7512,assign,0
8167,33643.0,openat_www-data,7513,assign,0
8168,33643.0,openat_www-data,7514,assign,0
8169,33643.0,openat_www-data,7515,assign,0
8170,33643.0,openat_www-data,7516,assign,0
8171,33647.0,close_www-data,25,assign,0
8172,33647.0,openat_www-data,7517,assign,0
8173,33647.0,openat_www-data,7518,assign,0
8174,33647.0,openat_www-data,7519,assign,0
8175,33647.0,openat_www-data,7520,assign,0
8176,33647.0,openat_www-data,7521,assign,0
8177,33651.0,close_www-data,25,assign,0
8178,33651.0,openat_www-data,7522,assign,0
8179,33651.0,openat_www-data,7523,assign,0
8180,33651.0,openat_www-data,7524,assign,0
8181,33651.0,openat_www-data,7525,assign,0
8182,33651.0,openat_www-data,7526,assign,0
8183,33655.0,close_www-data,25,assign,0
8184,33655.0,openat_www-data,7527,assign,0
8185,33655.0,close_www-data,25,assign,0
8186,33655.0,openat_www-data,7528,assign,0
8187,33655.0,openat_www-data,7529,assign,0
8188,33655.0,openat_www-data,7530,assign,0
8189,33655.0,openat_www-data,7531,assign,0
8190,33655.0,openat_www-data,7532,assign,0
8191,33655.0,openat_www-data,7533,assign,0
8192,33655.0,close_www-data,25,assign,0
8193,33655.0,close_www-data,25,assign,0
8194,33655.0,openat_www-data,7534,assign,0
8195,33655.0,close_www-data,25,assign,0
8196,33655.0,openat_www-data,7535,assign,0
8197,33659.0,close_www-data,25,assign,0
8198,33659.0,openat_www-data,7536,assign,0
8199,33659.0,openat_www-data,7537,assign,0
8200,33659.0,openat_www-data,7538,assign,0
8201,33659.0,openat_www-data,7539,assign,0
8202,33659.0,openat_www-data,7540,assign,0
8203,33663.0,close_www-data,25,assign,0
8204,33663.0,openat_www-data,7541,assign,0
8205,33663.0,openat_www-data,7542,assign,0
8206,33663.0,openat_www-data,7543,assign,0
8207,33663.0,openat_www-data,7544,assign,0
8208,33663.0,openat_www-data,7545,assign,0
8209,33667.0,close_www-data,25,assign,0
8210,33667.0,openat_www-data,7546,assign,0
8211,33667.0,close_www-data,25,assign,0
8212,33667.0,openat_www-data,7547,assign,0
8213,33667.0,openat_www-data,7548,assign,0
8214,33667.0,openat_www-data,7549,assign,0
8215,33667.0,openat_www-data,7550,assign,0
8216,33667.0,openat_www-data,7551,assign,0
8217,33671.0,close_www-data,25,assign,0
8218,33671.0,openat_www-data,7552,assign,0
8219,33671.0,openat_www-data,7553,assign,0
8220,33671.0,openat_www-data,7554,assign,0
8221,33671.0,openat_www-data,7555,assign,0
8222,33671.0,openat_www-data,7556,assign,0
8223,33671.0,openat_www-data,7557,assign,0
8224,33675.0,close_www-data,25,assign,0
8225,33675.0,openat_www-data,7558,assign,0
8226,33675.0,openat_www-data,7559,assign,0
8227,33675.0,openat_www-data,7560,assign,0
8228,33679.0,close_www-data,25,assign,0
8229,33679.0,openat_www-data,7561,assign,0
8230,33679.0,openat_www-data,7562,assign,0
8231,33679.0,close_www-data,25,assign,0
8232,33679.0,openat_www-data,7563,assign,0
8233,33679.0,openat_www-data,7564,assign,0
8234,33783.0,close_www-data,25,assign,0
8235,33783.0,openat_www-data,7565,assign,0
8236,33819.0,openat_www-data,7566,assign,0
8237,33823.0,openat_www-data,7567,assign,0
8238,33823.0,openat_www-data,7568,assign,0
8239,33823.0,close_www-data,25,assign,0
8240,33823.0,openat_www-data,7569,assign,0
8241,33823.0,close_www-data,25,assign,0
8242,33823.0,close_www-data,25,assign,0
8243,33823.0,openat_www-data,7570,assign,0
8244,33823.0,close_www-data,25,assign,0
8245,33823.0,openat_www-data,7571,assign,0
8246,33823.0,openat_www-data,7572,assign,0
8247,33823.0,openat_www-data,7573,assign,0
8248,33823.0,openat_www-data,7574,assign,0
8249,33823.0,openat_www-data,7575,assign,0
8250,33823.0,openat_www-data,7576,assign,0
8251,33823.0,openat_www-data,7577,assign,0
8252,33823.0,openat_www-data,7578,assign,0
8253,33823.0,openat_www-data,7579,assign,0
8254,33823.0,openat_www-data,7580,assign,0
8255,33823.0,openat_www-data,7581,assign,0
8256,33827.0,close_www-data,25,assign,0
8257,33827.0,openat_www-data,7582,assign,0
8258,33827.0,close_www-data,25,assign,0
8259,33827.0,openat_www-data,7583,assign,0
8260,33827.0,openat_www-data,7584,assign,0
8261,33827.0,openat_www-data,7585,assign,0
8262,33827.0,openat_www-data,7586,assign,0
8263,33827.0,openat_www-data,7587,assign,0
8264,33827.0,openat_www-data,7588,assign,0
8265,33827.0,openat_www-data,7589,assign,0
8266,33827.0,openat_www-data,7590,assign,0
8267,33831.0,close_www-data,25,assign,0
8268,33831.0,openat_www-data,7591,assign,0
8269,33831.0,openat_www-data,7592,assign,0
8270,33831.0,openat_www-data,7593,assign,0
8271,33831.0,openat_www-data,7594,assign,0
8272,33831.0,openat_www-data,7595,assign,0
8273,33835.0,close_www-data,25,assign,0
8274,33835.0,openat_www-data,7596,assign,0
8275,33835.0,openat_www-data,7597,assign,0
8276,33835.0,openat_www-data,7598,assign,0
8277,33835.0,close_www-data,25,assign,0
8278,33835.0,openat_www-data,7599,assign,0
8279,33835.0,openat_www-data,7600,assign,0
8280,33835.0,openat_www-data,7601,assign,0
8281,33835.0,openat_www-data,7602,assign,0
8282,33835.0,openat_www-data,7603,assign,0
8283,33835.0,openat_www-data,7604,assign,0
8284,33835.0,close_www-data,25,assign,0
8285,33835.0,close_www-data,25,assign,0
8286,33835.0,openat_www-data,7605,assign,0
8287,33835.0,close_www-data,25,assign,0
8288,33839.0,close_www-data,25,assign,0
8289,33839.0,openat_www-data,7606,assign,0
8290,33839.0,openat_www-data,7607,assign,0
8291,33839.0,openat_www-data,7608,assign,0
8292,33839.0,openat_www-data,7609,assign,0
8293,33839.0,openat_www-data,7610,assign,0
8294,33843.0,close_www-data,25,assign,0
8295,33843.0,openat_www-data,7611,assign,0
8296,33843.0,openat_www-data,7612,assign,0
8297,33843.0,openat_www-data,7613,assign,0
8298,33843.0,openat_www-data,7614,assign,0
8299,33843.0,openat_www-data,7615,assign,0
8300,33847.0,close_www-data,25,assign,0
8301,33847.0,openat_www-data,7616,assign,0
8302,33847.0,openat_www-data,7617,assign,0
8303,33847.0,close_www-data,25,assign,0
8304,33847.0,openat_www-data,7618,assign,0
8305,33847.0,openat_www-data,7619,assign,0
8306,33847.0,openat_www-data,7620,assign,0
8307,33847.0,openat_www-data,7621,assign,0
8308,33851.0,close_www-data,25,assign,0
8309,33851.0,openat_www-data,7622,assign,0
8310,33851.0,openat_www-data,7623,assign,0
8311,33851.0,openat_www-data,7624,assign,0
8312,33851.0,openat_www-data,7625,assign,0
8313,33851.0,openat_www-data,7626,assign,0
8314,33851.0,openat_www-data,7627,assign,0
8315,33855.0,close_www-data,25,assign,0
8316,33855.0,openat_www-data,7628,assign,0
8317,33855.0,openat_www-data,7629,assign,0
8318,33855.0,openat_www-data,7630,assign,0
8319,33855.0,openat_www-data,7631,assign,0
8320,33855.0,openat_www-data,7632,assign,0
8321,33859.0,close_www-data,25,assign,0
8322,33859.0,openat_www-data,7633,assign,0
8323,33859.0,close_www-data,25,assign,0
8324,33859.0,openat_www-data,7634,assign,0
8325,33859.0,openat_www-data,7635,assign,0
8326,33859.0,openat_www-data,7636,assign,0
8327,33859.0,openat_www-data,7637,assign,0
8328,33859.0,openat_www-data,7638,assign,0
8329,33859.0,openat_www-data,7639,assign,0
8330,33859.0,close_www-data,25,assign,0
8331,33859.0,close_www-data,25,assign,0
8332,33859.0,openat_www-data,7640,assign,0
8333,33863.0,close_www-data,25,assign,0
8334,33863.0,close_www-data,25,assign,0
8335,33863.0,openat_www-data,7641,assign,0
8336,33863.0,openat_www-data,7642,assign,0
8337,33863.0,openat_www-data,7643,assign,0
8338,33863.0,openat_www-data,7644,assign,0
8339,33863.0,openat_www-data,7645,assign,0
8340,33867.0,close_www-data,25,assign,0
8341,33867.0,openat_www-data,7646,assign,0
8342,33867.0,openat_www-data,7647,assign,0
8343,33867.0,openat_www-data,7648,assign,0
8344,33867.0,openat_www-data,7649,assign,0
8345,33871.0,openat_www-data,7650,assign,0
8346,33871.0,close_www-data,25,assign,0
8347,33871.0,openat_www-data,7651,assign,0
8348,33871.0,openat_www-data,7652,assign,0
8349,33871.0,close_www-data,25,assign,0
8350,33871.0,openat_www-data,7653,assign,0
8351,33871.0,openat_www-data,7654,assign,0
8352,33871.0,openat_www-data,7655,assign,0
8353,33871.0,openat_www-data,7656,assign,0
8354,33875.0,openat_www-data,7657,assign,0
8355,33875.0,close_www-data,25,assign,0
8356,33875.0,openat_www-data,7658,assign,0
8357,33875.0,openat_www-data,7659,assign,0
8358,33875.0,openat_www-data,7660,assign,0
8359,33875.0,openat_www-data,7661,assign,0
8360,33879.0,openat_www-data,7662,assign,0
8361,33879.0,close_www-data,25,assign,0
8362,33879.0,openat_www-data,7663,assign,0
8363,33879.0,openat_www-data,7664,assign,0
8364,33879.0,openat_www-data,7665,assign,0
8365,33879.0,openat_www-data,7666,assign,0
8366,33879.0,openat_www-data,7667,assign,0
8367,33883.0,close_www-data,25,assign,0
8368,33883.0,openat_www-data,7668,assign,0
8369,33883.0,close_www-data,25,assign,0
8370,33883.0,openat_www-data,7669,assign,0
8371,33883.0,openat_www-data,7670,assign,0
8372,33883.0,openat_www-data,7671,assign,0
8373,33883.0,openat_www-data,7672,assign,0
8374,33883.0,openat_www-data,7673,assign,0
8375,33883.0,openat_www-data,7674,assign,0
8376,33883.0,close_www-data,25,assign,0
8377,33883.0,close_www-data,25,assign,0
8378,33883.0,openat_www-data,7675,assign,0
8379,33883.0,close_www-data,25,assign,0
8380,33887.0,close_www-data,25,assign,0
8381,33887.0,openat_www-data,7676,assign,0
8382,33887.0,openat_www-data,7677,assign,0
8383,33887.0,openat_www-data,7678,assign,0
8384,33891.0,close_www-data,25,assign,0
8385,33891.0,openat_www-data,7679,assign,0
8386,33891.0,openat_www-data,7680,assign,0
8387,33891.0,openat_www-data,7681,assign,0
8388,33891.0,openat_www-data,7682,assign,0
8389,33891.0,openat_www-data,7683,assign,0
8390,33891.0,openat_www-data,7684,assign,0
8391,33891.0,openat_www-data,7685,assign,0
8392,33891.0,openat_www-data,7686,assign,0
8393,33895.0,close_www-data,25,assign,0
8394,33895.0,openat_www-data,7687,assign,0
8395,33895.0,close_www-data,25,assign,0
8396,33895.0,openat_www-data,7688,assign,0
8397,33895.0,openat_www-data,7689,assign,0
8398,33895.0,openat_www-data,7690,assign,0
8399,33895.0,openat_www-data,7691,assign,0
8400,33899.0,close_www-data,25,assign,0
8401,33899.0,openat_www-data,7692,assign,0
8402,33899.0,openat_www-data,7693,assign,0
8403,33899.0,openat_www-data,7694,assign,0
8404,33899.0,openat_www-data,7695,assign,0
8405,33899.0,openat_www-data,7696,assign,0
8406,33903.0,close_www-data,25,assign,0
8407,33903.0,openat_www-data,7697,assign,0
8408,33903.0,openat_www-data,7698,assign,0
8409,33903.0,openat_www-data,7699,assign,0
8410,33903.0,openat_www-data,7700,assign,0
8411,33903.0,openat_www-data,7701,assign,0
8412,33903.0,openat_www-data,7702,assign,0
8413,33907.0,close_www-data,25,assign,0
8414,33907.0,openat_www-data,7703,assign,0
8415,33907.0,close_www-data,25,assign,0
8416,33907.0,openat_www-data,7704,assign,0
8417,33907.0,openat_www-data,7705,assign,0
8418,33907.0,openat_www-data,7706,assign,0
8419,33907.0,openat_www-data,7707,assign,0
8420,33907.0,openat_www-data,7708,assign,0
8421,33907.0,openat_www-data,7709,assign,0
8422,33907.0,close_www-data,25,assign,0
8423,33907.0,close_www-data,25,assign,0
8424,33911.0,close_www-data,25,assign,0
8425,33911.0,openat_www-data,7710,assign,0
8426,33911.0,close_www-data,25,assign,0
8427,33911.0,openat_www-data,7711,assign,0
8428,33911.0,openat_www-data,7712,assign,0
8429,33911.0,openat_www-data,7713,assign,0
8430,33911.0,openat_www-data,7714,assign,0
8431,33915.0,close_www-data,25,assign,0
8432,33915.0,openat_www-data,7715,assign,0
8433,33915.0,openat_www-data,7716,assign,0
8434,33915.0,openat_www-data,7717,assign,0
8435,33915.0,openat_www-data,7718,assign,0
8436,33915.0,openat_www-data,7719,assign,0
8437,33915.0,openat_www-data,7720,assign,0
8438,33919.0,close_www-data,25,assign,0
8439,33919.0,openat_www-data,7721,assign,0
8440,33919.0,openat_www-data,7722,assign,0
8441,33919.0,close_www-data,25,assign,0
8442,33919.0,openat_www-data,7723,assign,0
8443,33919.0,openat_www-data,7724,assign,0
8444,33919.0,openat_www-data,7725,assign,0
8445,33923.0,openat_www-data,7726,assign,0
8446,33923.0,close_www-data,25,assign,0
8447,33923.0,openat_www-data,7727,assign,0
8448,33923.0,openat_www-data,7728,assign,0
8449,33923.0,openat_www-data,7729,assign,0
8450,33923.0,openat_www-data,7730,assign,0
8451,33923.0,openat_www-data,7731,assign,0
8452,33923.0,openat_www-data,7732,assign,0
8453,33927.0,close_www-data,25,assign,0
8454,33927.0,openat_www-data,7733,assign,0
8455,33927.0,openat_www-data,7734,assign,0
8456,33927.0,openat_www-data,7735,assign,0
8457,33931.0,close_www-data,25,assign,0
8458,33931.0,openat_www-data,7736,assign,0
8459,33931.0,openat_www-data,7737,assign,0
8460,33931.0,openat_www-data,7738,assign,0
8461,33931.0,close_www-data,25,assign,0
8462,33931.0,openat_www-data,7739,assign,0
8463,33931.0,openat_www-data,7740,assign,0
8464,33931.0,openat_www-data,7741,assign,0
8465,33931.0,openat_www-data,7742,assign,0
8466,33935.0,openat_www-data,7743,assign,0
8467,33935.0,openat_www-data,7744,assign,0
8468,33935.0,close_www-data,25,assign,0
8469,33935.0,openat_www-data,7745,assign,0
8470,33935.0,close_www-data,25,assign,0
8471,33935.0,close_www-data,25,assign,0
8472,33935.0,openat_www-data,7746,assign,0
8473,33935.0,close_www-data,25,assign,0
8474,33935.0,openat_www-data,7747,assign,0
8475,33935.0,openat_www-data,7748,assign,0
8476,33939.0,close_www-data,25,assign,0
8477,33939.0,openat_www-data,7749,assign,0
8478,33939.0,openat_www-data,7750,assign,0
8479,33939.0,openat_www-data,7751,assign,0
8480,33939.0,openat_www-data,7752,assign,0
8481,33939.0,openat_www-data,7753,assign,0
8482,33939.0,openat_www-data,7754,assign,0
8483,33943.0,close_www-data,25,assign,0
8484,33943.0,openat_www-data,7755,assign,0
8485,33943.0,openat_www-data,7756,assign,0
8486,33943.0,openat_www-data,7757,assign,0
8487,33943.0,openat_www-data,7758,assign,0
8488,33943.0,close_www-data,25,assign,0
8489,33943.0,openat_www-data,7759,assign,0
8490,33943.0,openat_www-data,7760,assign,0
8491,33943.0,openat_www-data,7761,assign,0
8492,33943.0,openat_www-data,7762,assign,0
8493,33947.0,close_www-data,25,assign,0
8494,33947.0,openat_www-data,7763,assign,0
8495,33947.0,openat_www-data,7764,assign,0
8496,33947.0,openat_www-data,7765,assign,0
8497,33947.0,openat_www-data,7766,assign,0
8498,33951.0,close_www-data,25,assign,0
8499,33951.0,openat_www-data,7767,assign,0
8500,33951.0,openat_www-data,7768,assign,0
8501,33951.0,openat_www-data,7769,assign,0
8502,33951.0,openat_www-data,7770,assign,0
8503,33951.0,openat_www-data,7771,assign,0
8504,33955.0,close_www-data,25,assign,0
8505,33955.0,openat_www-data,7772,assign,0
8506,33955.0,openat_www-data,7773,assign,0
8507,33955.0,openat_www-data,7774,assign,0
8508,33955.0,close_www-data,25,assign,0
8509,33955.0,openat_www-data,7775,assign,0
8510,33955.0,openat_www-data,7776,assign,0
8511,33955.0,openat_www-data,7777,assign,0
8512,33955.0,openat_www-data,7778,assign,0
8513,33959.0,openat_www-data,7779,assign,0
8514,33959.0,close_www-data,25,assign,0
8515,33959.0,openat_www-data,7780,assign,0
8516,33959.0,close_www-data,25,assign,0
8517,33959.0,close_www-data,25,assign,0
8518,33959.0,openat_www-data,7781,assign,0
8519,33959.0,close_www-data,25,assign,0
8520,33959.0,openat_www-data,7782,assign,0
8521,33959.0,openat_www-data,7783,assign,0
8522,33959.0,openat_www-data,7784,assign,0
8523,33963.0,openat_www-data,7785,assign,0
8524,33963.0,close_www-data,25,assign,0
8525,33963.0,openat_www-data,7786,assign,0
8526,33963.0,openat_www-data,7787,assign,0
8527,33963.0,openat_www-data,7788,assign,0
8528,33963.0,openat_www-data,7789,assign,0
8529,33963.0,openat_www-data,7790,assign,0
8530,33967.0,close_www-data,25,assign,0
8531,33967.0,openat_www-data,7791,assign,0
8532,33967.0,openat_www-data,7792,assign,0
8533,33967.0,openat_www-data,7793,assign,0
8534,33967.0,close_www-data,25,assign,0
8535,33967.0,openat_www-data,7794,assign,0
8536,33971.0,openat_www-data,7795,assign,0
8537,33971.0,openat_www-data,7796,assign,0
8538,33971.0,close_www-data,25,assign,0
8539,33971.0,openat_www-data,7797,assign,0
8540,33971.0,openat_www-data,7798,assign,0
8541,33971.0,openat_www-data,7799,assign,0
8542,33971.0,openat_www-data,7800,assign,0
8543,33971.0,openat_www-data,7801,assign,0
8544,33971.0,openat_www-data,7802,assign,0
8545,33971.0,openat_www-data,7803,assign,0
8546,33975.0,close_www-data,25,assign,0
8547,33975.0,openat_www-data,7804,assign,0
8548,33975.0,openat_www-data,7805,assign,0
8549,33975.0,openat_www-data,7806,assign,0
8550,33975.0,openat_www-data,7807,assign,0
8551,33975.0,openat_www-data,7808,assign,0
8552,33975.0,openat_www-data,7809,assign,0
8553,33979.0,close_www-data,25,assign,0
8554,33979.0,openat_www-data,7810,assign,0
8555,33979.0,close_www-data,25,assign,0
8556,33979.0,openat_www-data,7811,assign,0
8557,33979.0,openat_www-data,7812,assign,0
8558,33979.0,openat_www-data,7813,assign,0
8559,33979.0,openat_www-data,7814,assign,0
8560,33983.0,openat_www-data,7815,assign,0
8561,33983.0,close_www-data,25,assign,0
8562,33983.0,openat_www-data,7816,assign,0
8563,33983.0,close_www-data,25,assign,0
8564,33983.0,close_www-data,25,assign,0
8565,33983.0,openat_www-data,7817,assign,0
8566,33983.0,close_www-data,25,assign,0
8567,33983.0,openat_www-data,7818,assign,0
8568,33983.0,openat_www-data,7819,assign,0
8569,33983.0,openat_www-data,7820,assign,0
8570,33987.0,openat_www-data,7821,assign,0
8571,33987.0,close_www-data,25,assign,0
8572,33987.0,openat_www-data,7822,assign,0
8573,33987.0,openat_www-data,7823,assign,0
8574,33987.0,openat_www-data,7824,assign,0
8575,33991.0,openat_www-data,7825,assign,0
8576,33991.0,close_www-data,25,assign,0
8577,33991.0,openat_www-data,7826,assign,0
8578,33991.0,openat_www-data,7827,assign,0
8579,33991.0,openat_www-data,7828,assign,0
8580,33991.0,openat_www-data,7829,assign,0
8581,33991.0,close_www-data,25,assign,0
8582,33991.0,openat_www-data,7830,assign,0
8583,33995.0,openat_www-data,7831,assign,0
8584,33995.0,openat_www-data,7832,assign,0
8585,33995.0,close_www-data,25,assign,0
8586,33995.0,openat_www-data,7833,assign,0
8587,33995.0,openat_www-data,7834,assign,0
8588,33995.0,openat_www-data,7835,assign,0
8589,33995.0,openat_www-data,7836,assign,0
8590,33995.0,openat_www-data,7837,assign,0
8591,33995.0,openat_www-data,7838,assign,0
8592,33999.0,close_www-data,25,assign,0
8593,33999.0,openat_www-data,7839,assign,0
8594,33999.0,openat_www-data,7840,assign,0
8595,33999.0,openat_www-data,7841,assign,0
8596,33999.0,openat_www-data,7842,assign,0
8597,33999.0,openat_www-data,7843,assign,0
8598,34003.0,close_www-data,25,assign,0
8599,34003.0,openat_www-data,7844,assign,0
8600,34003.0,openat_www-data,7845,assign,0
8601,34003.0,openat_www-data,7846,assign,0
8602,34003.0,close_www-data,25,assign,0
8603,34003.0,openat_www-data,7847,assign,0
8604,34003.0,openat_www-data,7848,assign,0
8605,34003.0,openat_www-data,7849,assign,0
8606,34007.0,close_www-data,25,assign,0
8607,34007.0,openat_www-data,7850,assign,0
8608,34007.0,openat_www-data,7851,assign,0
8609,34007.0,openat_www-data,7852,assign,0
8610,34007.0,openat_www-data,7853,assign,0
8611,34007.0,openat_www-data,7854,assign,0
8612,34007.0,close_www-data,25,assign,0
8613,34007.0,close_www-data,25,assign,0
8614,34007.0,openat_www-data,7855,assign,0
8615,34007.0,close_www-data,25,assign,0
8616,34007.0,openat_www-data,7856,assign,0
8617,34007.0,openat_www-data,7857,assign,0
8618,34011.0,close_www-data,25,assign,0
8619,34011.0,openat_www-data,7858,assign,0
8620,34011.0,openat_www-data,7859,assign,0
8621,34011.0,openat_www-data,7860,assign,0
8622,34011.0,openat_www-data,7861,assign,0
8623,34011.0,openat_www-data,7862,assign,0
8624,34015.0,openat_www-data,7863,assign,0
8625,34015.0,close_www-data,25,assign,0
8626,34015.0,openat_www-data,7864,assign,0
8627,34015.0,openat_www-data,7865,assign,0
8628,34015.0,openat_www-data,7866,assign,0
8629,34015.0,openat_www-data,7867,assign,0
8630,34015.0,close_www-data,25,assign,0
8631,34015.0,openat_www-data,7868,assign,0
8632,34019.0,close_www-data,25,assign,0
8633,34019.0,openat_www-data,7869,assign,0
8634,34019.0,openat_www-data,7870,assign,0
8635,34019.0,openat_www-data,7871,assign,0
8636,34019.0,openat_www-data,7872,assign,0
8637,34019.0,openat_www-data,7873,assign,0
8638,34019.0,openat_www-data,7874,assign,0
8639,34019.0,openat_www-data,7875,assign,0
8640,34023.0,close_www-data,25,assign,0
8641,34023.0,openat_www-data,7876,assign,0
8642,34023.0,openat_www-data,7877,assign,0
8643,34023.0,openat_www-data,7878,assign,0
8644,34023.0,openat_www-data,7879,assign,0
8645,34027.0,close_www-data,25,assign,0
8646,34027.0,openat_www-data,7880,assign,0
8647,34027.0,openat_www-data,7881,assign,0
8648,34027.0,openat_www-data,7882,assign,0
8649,34027.0,openat_www-data,7883,assign,0
8650,34031.0,close_www-data,25,assign,0
8651,34031.0,openat_www-data,7884,assign,0
8652,34031.0,openat_www-data,7885,assign,0
8653,34031.0,openat_www-data,7886,assign,0
8654,34031.0,close_www-data,25,assign,0
8655,34031.0,openat_www-data,7887,assign,0
8656,34031.0,close_www-data,25,assign,0
8657,34031.0,openat_www-data,7888,assign,0
8658,34031.0,openat_www-data,7889,assign,0
8659,34035.0,close_www-data,25,assign,0
8660,34035.0,openat_www-data,7890,assign,0
8661,34035.0,openat_www-data,7891,assign,0
8662,34035.0,openat_www-data,7892,assign,0
8663,34035.0,openat_www-data,7893,assign,0
8664,34035.0,openat_www-data,7894,assign,0
8665,34035.0,openat_www-data,7895,assign,0
8666,34035.0,openat_www-data,7896,assign,0
8667,34035.0,openat_www-data,7897,assign,0
8668,34035.0,openat_www-data,7898,assign,0
8669,34039.0,close_www-data,25,assign,0
8670,34039.0,openat_www-data,7899,assign,0
8671,34039.0,openat_www-data,7900,assign,0
8672,34039.0,openat_www-data,7901,assign,0
8673,34039.0,openat_www-data,7902,assign,0
8674,34039.0,openat_www-data,7903,assign,0
8675,34039.0,openat_www-data,7904,assign,0
8676,34043.0,close_www-data,25,assign,0
8677,34043.0,openat_www-data,7905,assign,0
8678,34043.0,openat_www-data,7906,assign,0
8679,34043.0,openat_www-data,7907,assign,0
8680,34043.0,openat_www-data,7908,assign,0
8681,34043.0,openat_www-data,7909,assign,0
8682,34043.0,openat_www-data,7910,assign,0
8683,34043.0,openat_www-data,7911,assign,0
8684,34047.0,close_www-data,25,assign,0
8685,34047.0,openat_www-data,7912,assign,0
8686,34047.0,openat_www-data,7913,assign,0
8687,34047.0,openat_www-data,7914,assign,0
8688,34047.0,openat_www-data,7915,assign,0
8689,34051.0,close_www-data,25,assign,0
8690,34051.0,openat_www-data,7916,assign,0
8691,34051.0,openat_www-data,7917,assign,0
8692,34051.0,openat_www-data,7918,assign,0
8693,34051.0,openat_www-data,7919,assign,0
8694,34051.0,openat_www-data,7920,assign,0
8695,34051.0,openat_www-data,7921,assign,0
8696,34055.0,close_www-data,25,assign,0
8697,34055.0,openat_www-data,7922,assign,0
8698,34055.0,openat_www-data,7923,assign,0
8699,34055.0,openat_www-data,7924,assign,0
8700,34055.0,openat_www-data,7925,assign,0
8701,34055.0,openat_www-data,7926,assign,0
8702,34059.0,close_www-data,25,assign,0
8703,34059.0,openat_www-data,7927,assign,0
8704,34059.0,openat_www-data,7928,assign,0
8705,34059.0,openat_www-data,7929,assign,0
8706,34059.0,openat_www-data,7930,assign,0
8707,34059.0,openat_www-data,7931,assign,0
8708,34059.0,openat_www-data,7932,assign,0
8709,34063.0,close_www-data,25,assign,0
8710,34063.0,openat_www-data,7933,assign,0
8711,34063.0,openat_www-data,7934,assign,0
8712,34063.0,close_www-data,25,assign,0
8713,34063.0,close_www-data,25,assign,0
8714,34063.0,openat_www-data,7935,assign,0
8715,34063.0,openat_www-data,7936,assign,0
8716,34063.0,openat_www-data,7937,assign,0
8717,34063.0,openat_www-data,7938,assign,0
8718,34063.0,openat_www-data,7939,assign,0
8719,34067.0,close_www-data,25,assign,0
8720,34067.0,openat_www-data,7940,assign,0
8721,34067.0,openat_www-data,7941,assign,0
8722,34067.0,openat_www-data,7942,assign,0
8723,34067.0,openat_www-data,7943,assign,0
8724,34067.0,openat_www-data,7944,assign,0
8725,34067.0,openat_www-data,7945,assign,0
8726,34071.0,openat_www-data,7946,assign,0
8727,34071.0,close_www-data,25,assign,0
8728,34071.0,openat_www-data,7947,assign,0
8729,34071.0,openat_www-data,7948,assign,0
8730,34071.0,openat_www-data,7949,assign,0
8731,34075.0,close_www-data,25,assign,0
8732,34091.0,close_www-data,25,assign,0
8733,34091.0,openat_www-data,7950,assign,0
8734,34091.0,openat_www-data,7951,assign,0
8735,34091.0,openat_www-data,7952,assign,0
8736,34091.0,openat_www-data,7953,assign,0
8737,34091.0,openat_www-data,7954,assign,0
8738,34091.0,openat_www-data,7955,assign,0
8739,34091.0,openat_www-data,7956,assign,0
8740,34091.0,openat_www-data,7957,assign,0
8741,34091.0,openat_www-data,7958,assign,0
8742,34095.0,close_www-data,25,assign,0
8743,34095.0,openat_www-data,7959,assign,0
8744,34095.0,openat_www-data,7960,assign,0
8745,34095.0,openat_www-data,7961,assign,0
8746,34095.0,openat_www-data,7962,assign,0
8747,34095.0,openat_www-data,7963,assign,0
8748,34095.0,openat_www-data,7964,assign,0
8749,34095.0,openat_www-data,7965,assign,0
8750,34095.0,openat_www-data,7966,assign,0
8751,34095.0,openat_www-data,7967,assign,0
8752,34095.0,openat_www-data,7968,assign,0
8753,34095.0,openat_www-data,7969,assign,0
8754,34095.0,openat_www-data,7970,assign,0
8755,34095.0,openat_www-data,7971,assign,0
8756,34095.0,openat_www-data,7972,assign,0
8757,34095.0,openat_www-data,7973,assign,0
8758,34095.0,openat_www-data,7974,assign,0
8759,34095.0,openat_www-data,7975,assign,0
8760,34099.0,close_www-data,25,assign,0
8761,34099.0,openat_www-data,7976,assign,0
8762,34099.0,openat_www-data,7977,assign,0
8763,34099.0,openat_www-data,7978,assign,0
8764,34099.0,openat_www-data,7979,assign,0
8765,34099.0,openat_www-data,7980,assign,0
8766,34103.0,openat_www-data,7981,assign,0
8767,34103.0,close_www-data,25,assign,0
8768,34103.0,openat_www-data,7982,assign,0
8769,34103.0,openat_www-data,7983,assign,0
8770,34103.0,openat_www-data,7984,assign,0
8771,34103.0,openat_www-data,7985,assign,0
8772,34103.0,openat_www-data,7986,assign,0
8773,34103.0,openat_www-data,7987,assign,0
8774,34107.0,close_www-data,25,assign,0
8775,34107.0,openat_www-data,7988,assign,0
8776,34107.0,openat_www-data,7989,assign,0
8777,34107.0,openat_www-data,7990,assign,0
8778,34107.0,openat_www-data,7991,assign,0
8779,34111.0,openat_www-data,7992,assign,0
8780,34111.0,close_www-data,25,assign,0
8781,34111.0,openat_www-data,7993,assign,0
8782,34111.0,openat_www-data,7994,assign,0
8783,34111.0,openat_www-data,7995,assign,0
8784,34111.0,openat_www-data,7996,assign,0
8785,34111.0,openat_www-data,7997,assign,0
8786,34111.0,close_www-data,25,assign,0
8787,34111.0,openat_www-data,7998,assign,0
8788,34111.0,openat_www-data,7999,assign,0
8789,34111.0,close_www-data,25,assign,0
8790,34115.0,close_www-data,25,assign,0
8791,34115.0,openat_www-data,8000,assign,0
8792,34115.0,openat_www-data,8001,assign,0
8793,34115.0,openat_www-data,8002,assign,0
8794,34115.0,openat_www-data,8003,assign,0
8795,34115.0,close_www-data,25,assign,0
8796,34115.0,openat_www-data,8004,assign,0
8797,34119.0,close_www-data,30,assign,0
8798,34119.0,openat_www-data,8005,assign,0
8799,34119.0,openat_www-data,8006,assign,0
8800,34119.0,openat_www-data,8007,assign,0
8801,34119.0,openat_www-data,8008,assign,0
8802,34119.0,openat_www-data,8009,assign,0
8803,34119.0,openat_www-data,8010,assign,0
8804,34119.0,close_www-data,28,assign,0
8805,34119.0,openat_www-data,8011,assign,0
8806,34119.0,openat_www-data,8012,assign,0
8807,34123.0,openat_www-data,8013,assign,0
8808,34123.0,close_www-data,25,assign,0
8809,34123.0,openat_www-data,8014,assign,0
8810,34123.0,openat_www-data,8015,assign,0
8811,34159.0,close_www-data,17,assign,0
8812,34159.0,mmap_www-data,54,assign,0
8813,34159.0,mmap_www-data,54,assign,0
8814,34171.0,munmap_www-data,7,assign,0
8815,34171.0,close_www-data,17,assign,0
8816,34303.0,close_www-data,17,assign,0
8817,34303.0,openat_www-data,8016,assign,0
8818,34303.0,openat_www-data,8017,assign,0
8819,34303.0,openat_www-data,8018,assign,0
8820,34303.0,openat_www-data,8019,assign,0
8821,34303.0,openat_www-data,8020,assign,0
8822,34303.0,openat_www-data,8021,assign,0
8823,34303.0,openat_www-data,8022,assign,0
8824,34303.0,openat_www-data,8023,assign,0
8825,34303.0,openat_www-data,8024,assign,0
8826,34303.0,openat_www-data,8025,assign,0
8827,34303.0,openat_www-data,8026,assign,0
8828,34307.0,close_www-data,17,assign,0
8829,34307.0,openat_www-data,8027,assign,0
8830,34307.0,openat_www-data,8028,assign,0
8831,34307.0,openat_www-data,8029,assign,0
8832,34307.0,openat_www-data,8030,assign,0
8833,34307.0,openat_www-data,8031,assign,0
8834,34307.0,openat_www-data,8032,assign,0
8835,34307.0,openat_www-data,8033,assign,0
8836,34307.0,openat_www-data,8034,assign,0
8837,34307.0,openat_www-data,8035,assign,0
8838,34307.0,openat_www-data,8036,assign,0
8839,34307.0,openat_www-data,8037,assign,0
8840,34307.0,openat_www-data,8038,assign,0
8841,34307.0,openat_www-data,8039,assign,0
8842,34307.0,openat_www-data,8040,assign,0
8843,34311.0,close_www-data,17,assign,0
8844,34311.0,openat_www-data,8041,assign,0
8845,34311.0,openat_www-data,8042,assign,0
8846,34311.0,openat_www-data,8043,assign,0
8847,34311.0,openat_www-data,8044,assign,0
8848,34311.0,openat_www-data,8045,assign,0
8849,34311.0,openat_www-data,8046,assign,0
8850,34311.0,openat_www-data,8047,assign,0
8851,34311.0,openat_www-data,8048,assign,0
8852,34315.0,close_www-data,17,assign,0
8853,34315.0,openat_www-data,8049,assign,0
8854,34315.0,openat_www-data,8050,assign,0
8855,34315.0,openat_www-data,8051,assign,0
8856,34315.0,openat_www-data,8052,assign,0
8857,34315.0,openat_www-data,8053,assign,0
8858,34315.0,openat_www-data,8054,assign,0
8859,34319.0,close_www-data,17,assign,0
8860,34319.0,openat_www-data,8055,assign,0
8861,34319.0,openat_www-data,8056,assign,0
8862,34319.0,openat_www-data,8057,assign,0
8863,34319.0,openat_www-data,8058,assign,0
8864,34319.0,openat_www-data,8059,assign,0
8865,34323.0,close_www-data,17,assign,0
8866,34323.0,openat_www-data,8060,assign,0
8867,34323.0,openat_www-data,8061,assign,0
8868,34323.0,openat_www-data,8062,assign,0
8869,34323.0,openat_www-data,8063,assign,0
8870,34323.0,openat_www-data,8064,assign,0
8871,34323.0,openat_www-data,8065,assign,0
8872,34323.0,openat_www-data,8066,assign,0
8873,34327.0,close_www-data,17,assign,0
8874,34327.0,openat_www-data,8067,assign,0
8875,34327.0,openat_www-data,8068,assign,0
8876,34327.0,openat_www-data,8069,assign,0
8877,34327.0,openat_www-data,8070,assign,0
8878,34331.0,close_www-data,17,assign,0
8879,34331.0,openat_www-data,8071,assign,0
8880,34331.0,openat_www-data,8072,assign,0
8881,34331.0,openat_www-data,8073,assign,0
8882,34331.0,openat_www-data,8074,assign,0
8883,34331.0,openat_www-data,8075,assign,0
8884,34331.0,openat_www-data,8076,assign,0
8885,34335.0,close_www-data,17,assign,0
8886,34335.0,openat_www-data,8077,assign,0
8887,34335.0,openat_www-data,8078,assign,0
8888,34335.0,openat_www-data,8079,assign,0
8889,34335.0,openat_www-data,8080,assign,0
8890,34335.0,openat_www-data,8081,assign,0
8891,34339.0,close_www-data,17,assign,0
8892,34339.0,openat_www-data,8082,assign,0
8893,34339.0,openat_www-data,8083,assign,0
8894,34339.0,openat_www-data,8084,assign,0
8895,34339.0,openat_www-data,8085,assign,0
8896,34339.0,openat_www-data,8086,assign,0
8897,34339.0,openat_www-data,8087,assign,0
8898,34339.0,openat_www-data,8088,assign,0
8899,34343.0,close_www-data,17,assign,0
8900,34343.0,openat_www-data,8089,assign,0
8901,34343.0,openat_www-data,8090,assign,0
8902,34343.0,openat_www-data,8091,assign,0
8903,34343.0,openat_www-data,8092,assign,0
8904,34343.0,openat_www-data,8093,assign,0
8905,34343.0,openat_www-data,8094,assign,0
8906,34347.0,close_www-data,17,assign,0
8907,34347.0,openat_www-data,8095,assign,0
8908,34347.0,openat_www-data,8096,assign,0
8909,34347.0,openat_www-data,8097,assign,0
8910,34347.0,openat_www-data,8098,assign,0
8911,34351.0,close_www-data,17,assign,0
8912,34351.0,openat_www-data,8099,assign,0
8913,34351.0,openat_www-data,8100,assign,0
8914,34351.0,openat_www-data,8101,assign,0
8915,34351.0,openat_www-data,8102,assign,0
8916,34351.0,openat_www-data,8103,assign,0
8917,34351.0,openat_www-data,8104,assign,0
8918,34351.0,openat_www-data,8105,assign,0
8919,34351.0,openat_www-data,8106,assign,0
8920,34355.0,close_www-data,17,assign,0
8921,34355.0,openat_www-data,8107,assign,0
8922,34355.0,openat_www-data,8108,assign,0
8923,34355.0,openat_www-data,8109,assign,0
8924,34355.0,openat_www-data,8110,assign,0
8925,34359.0,close_www-data,17,assign,0
8926,34359.0,openat_www-data,8111,assign,0
8927,34359.0,openat_www-data,8112,assign,0
8928,34359.0,openat_www-data,8113,assign,0
8929,34359.0,openat_www-data,8114,assign,0
8930,34359.0,openat_www-data,8115,assign,0
8931,34363.0,close_www-data,17,assign,0
8932,34363.0,openat_www-data,8116,assign,0
8933,34363.0,openat_www-data,8117,assign,0
8934,34363.0,openat_www-data,8118,assign,0
8935,34363.0,openat_www-data,8119,assign,0
8936,34363.0,openat_www-data,8120,assign,0
8937,34363.0,openat_www-data,8121,assign,0
8938,34363.0,openat_www-data,8122,assign,0
8939,34367.0,close_www-data,17,assign,0
8940,34367.0,openat_www-data,8123,assign,0
8941,34367.0,openat_www-data,8124,assign,0
8942,34367.0,openat_www-data,8125,assign,0
8943,34367.0,openat_www-data,8126,assign,0
8944,34367.0,openat_www-data,8127,assign,0
8945,34367.0,openat_www-data,8128,assign,0
8946,34371.0,close_www-data,17,assign,0
8947,34371.0,openat_www-data,8129,assign,0
8948,34371.0,openat_www-data,8130,assign,0
8949,34371.0,openat_www-data,8131,assign,0
8950,34371.0,openat_www-data,8132,assign,0
8951,34371.0,openat_www-data,8133,assign,0
8952,34371.0,openat_www-data,8134,assign,0
8953,34375.0,close_www-data,17,assign,0
8954,34375.0,openat_www-data,8135,assign,0
8955,34375.0,openat_www-data,8136,assign,0
8956,34375.0,openat_www-data,8137,assign,0
8957,34375.0,openat_www-data,8138,assign,0
8958,34379.0,close_www-data,17,assign,0
8959,34379.0,openat_www-data,8139,assign,0
8960,34379.0,openat_www-data,8140,assign,0
8961,34379.0,openat_www-data,8141,assign,0
8962,34379.0,openat_www-data,8142,assign,0
8963,34383.0,close_www-data,17,assign,0
8964,34383.0,openat_www-data,8143,assign,0
8965,34383.0,openat_www-data,8144,assign,0
8966,34383.0,openat_www-data,8145,assign,0
8967,34383.0,openat_www-data,8146,assign,0
8968,34383.0,openat_www-data,8147,assign,0
8969,34383.0,openat_www-data,8148,assign,0
8970,34383.0,openat_www-data,8149,assign,0
8971,34387.0,openat_www-data,8150,assign,0
8972,34387.0,close_www-data,17,assign,0
8973,34387.0,openat_www-data,8151,assign,0
8974,34387.0,openat_www-data,8152,assign,0
8975,34387.0,openat_www-data,8153,assign,0
8976,34387.0,openat_www-data,8154,assign,0
8977,34387.0,openat_www-data,8155,assign,0
8978,34387.0,openat_www-data,8156,assign,0
8979,34391.0,close_www-data,17,assign,0
8980,34391.0,openat_www-data,8157,assign,0
8981,34391.0,openat_www-data,8158,assign,0
8982,34391.0,openat_www-data,8159,assign,0
8983,34391.0,openat_www-data,8160,assign,0
8984,34391.0,openat_www-data,8161,assign,0
8985,34391.0,openat_www-data,8162,assign,0
8986,34395.0,close_www-data,17,assign,0
8987,34395.0,openat_www-data,8163,assign,0
8988,34395.0,openat_www-data,8164,assign,0
8989,34395.0,openat_www-data,8165,assign,0
8990,34399.0,close_www-data,17,assign,0
8991,34399.0,openat_www-data,8166,assign,0
8992,34399.0,openat_www-data,8167,assign,0
8993,34399.0,openat_www-data,8168,assign,0
8994,34399.0,openat_www-data,8169,assign,0
8995,34399.0,openat_www-data,8170,assign,0
8996,34399.0,openat_www-data,8171,assign,0
8997,34399.0,openat_www-data,8172,assign,0
8998,34403.0,openat_www-data,8173,assign,0
8999,34403.0,close_www-data,17,assign,0
9000,34403.0,openat_www-data,8174,assign,0
9001,34403.0,openat_www-data,8175,assign,0
9002,34403.0,openat_www-data,8176,assign,0
9003,34403.0,openat_www-data,8177,assign,0
9004,34403.0,openat_www-data,8178,assign,0
9005,34403.0,openat_www-data,8179,assign,0
9006,34407.0,close_www-data,17,assign,0
9007,34407.0,openat_www-data,8180,assign,0
9008,34407.0,openat_www-data,8181,assign,0
9009,34407.0,openat_www-data,8182,assign,0
9010,34407.0,openat_www-data,8183,assign,0
9011,34411.0,close_www-data,17,assign,0
9012,34411.0,openat_www-data,8184,assign,0
9013,34411.0,openat_www-data,8185,assign,0
9014,34411.0,openat_www-data,8186,assign,0
9015,34411.0,openat_www-data,8187,assign,0
9016,34411.0,openat_www-data,8188,assign,0
9017,34411.0,openat_www-data,8189,assign,0
9018,34415.0,close_www-data,17,assign,0
9019,34415.0,openat_www-data,8190,assign,0
9020,34415.0,openat_www-data,8191,assign,0
9021,34415.0,openat_www-data,8192,assign,0
9022,34415.0,openat_www-data,8193,assign,0
9023,34415.0,openat_www-data,8194,assign,0
9024,34415.0,openat_www-data,8195,assign,0
9025,34419.0,close_www-data,17,assign,0
9026,34419.0,openat_www-data,8196,assign,0
9027,34419.0,openat_www-data,8197,assign,0
9028,34419.0,openat_www-data,8198,assign,0
9029,34419.0,openat_www-data,8199,assign,0
9030,34419.0,openat_www-data,8200,assign,0
9031,34419.0,openat_www-data,8201,assign,0
9032,34419.0,openat_www-data,8202,assign,0
9033,34423.0,close_www-data,17,assign,0
9034,34423.0,openat_www-data,8203,assign,0
9035,34423.0,openat_www-data,8204,assign,0
9036,34423.0,openat_www-data,8205,assign,0
9037,34423.0,openat_www-data,8206,assign,0
9038,34423.0,openat_www-data,8207,assign,0
9039,34423.0,openat_www-data,8208,assign,0
9040,34423.0,openat_www-data,8209,assign,0
9041,34427.0,close_www-data,17,assign,0
9042,34427.0,openat_www-data,8210,assign,0
9043,34427.0,openat_www-data,8211,assign,0
9044,34427.0,openat_www-data,8212,assign,0
9045,34427.0,openat_www-data,8213,assign,0
9046,34427.0,openat_www-data,8214,assign,0
9047,34431.0,close_www-data,17,assign,0
9048,34431.0,openat_www-data,8215,assign,0
9049,34431.0,openat_www-data,8216,assign,0
9050,34431.0,openat_www-data,8217,assign,0
9051,34431.0,openat_www-data,8218,assign,0
9052,34435.0,close_www-data,17,assign,0
9053,34435.0,openat_www-data,8219,assign,0
9054,34435.0,openat_www-data,8220,assign,0
9055,34435.0,openat_www-data,8221,assign,0
9056,34435.0,openat_www-data,8222,assign,0
9057,34435.0,openat_www-data,8223,assign,0
9058,34435.0,openat_www-data,8224,assign,0
9059,34435.0,openat_www-data,8225,assign,0
9060,34435.0,openat_www-data,8226,assign,0
9061,34439.0,close_www-data,17,assign,0
9062,34439.0,openat_www-data,8227,assign,0
9063,34439.0,openat_www-data,8228,assign,0
9064,34439.0,openat_www-data,8229,assign,0
9065,34439.0,openat_www-data,8230,assign,0
9066,34439.0,openat_www-data,8231,assign,0
9067,34443.0,close_www-data,17,assign,0
9068,34443.0,openat_www-data,8232,assign,0
9069,34443.0,openat_www-data,8233,assign,0
9070,34443.0,openat_www-data,8234,assign,0
9071,34443.0,openat_www-data,8235,assign,0
9072,34447.0,openat_www-data,8236,assign,0
9073,34447.0,close_www-data,17,assign,0
9074,34447.0,openat_www-data,8237,assign,0
9075,34447.0,openat_www-data,8238,assign,0
9076,34447.0,openat_www-data,8239,assign,0
9077,34447.0,openat_www-data,8240,assign,0
9078,34447.0,openat_www-data,8241,assign,0
9079,34447.0,close_www-data,17,assign,0
9080,34447.0,close_www-data,17,assign,0
9081,34447.0,openat_www-data,8242,assign,0
9082,34451.0,openat_www-data,8243,assign,0
9083,34451.0,close_www-data,17,assign,0
9084,34451.0,openat_www-data,8244,assign,0
9085,34451.0,openat_www-data,8245,assign,0
9086,34451.0,openat_www-data,8246,assign,0
9087,34455.0,openat_www-data,8247,assign,0
9088,34455.0,close_www-data,17,assign,0
9089,34455.0,openat_www-data,8248,assign,0
9090,34455.0,openat_www-data,8249,assign,0
9091,34455.0,openat_www-data,8250,assign,0
9092,34455.0,openat_www-data,8251,assign,0
9093,34455.0,openat_www-data,8252,assign,0
9094,34459.0,close_www-data,17,assign,0
9095,34459.0,openat_www-data,8253,assign,0
9096,34459.0,openat_www-data,8254,assign,0
9097,34459.0,openat_www-data,8255,assign,0
9098,34459.0,openat_www-data,8256,assign,0
9099,34459.0,openat_www-data,8257,assign,0
9100,34459.0,openat_www-data,8258,assign,0
9101,34459.0,openat_www-data,8259,assign,0
9102,34459.0,openat_www-data,8260,assign,0
9103,34459.0,openat_www-data,8261,assign,0
9104,34463.0,close_www-data,17,assign,0
9105,34463.0,openat_www-data,8262,assign,0
9106,34463.0,openat_www-data,8263,assign,0
9107,34463.0,openat_www-data,8264,assign,0
9108,34463.0,openat_www-data,8265,assign,0
9109,34463.0,openat_www-data,8266,assign,0
9110,34463.0,openat_www-data,8267,assign,0
9111,34463.0,openat_www-data,8268,assign,0
9112,34467.0,close_www-data,17,assign,0
9113,34467.0,openat_www-data,8269,assign,0
9114,34467.0,openat_www-data,8270,assign,0
9115,34467.0,openat_www-data,8271,assign,0
9116,34467.0,openat_www-data,8272,assign,0
9117,34467.0,openat_www-data,8273,assign,0
9118,34471.0,close_www-data,17,assign,0
9119,34471.0,openat_www-data,8274,assign,0
9120,34471.0,openat_www-data,8275,assign,0
9121,34471.0,openat_www-data,8276,assign,0
9122,34471.0,openat_www-data,8277,assign,0
9123,34471.0,openat_www-data,8278,assign,0
9124,34475.0,openat_www-data,8279,assign,0
9125,34475.0,close_www-data,17,assign,0
9126,34475.0,openat_www-data,8280,assign,0
9127,34475.0,openat_www-data,8281,assign,0
9128,34475.0,openat_www-data,8282,assign,0
9129,34475.0,openat_www-data,8283,assign,0
9130,34475.0,openat_www-data,8284,assign,0
9131,34479.0,close_www-data,17,assign,0
9132,34479.0,openat_www-data,8285,assign,0
9133,34479.0,openat_www-data,8286,assign,0
9134,34479.0,openat_www-data,8287,assign,0
9135,34479.0,openat_www-data,8288,assign,0
9136,34479.0,openat_www-data,8289,assign,0
9137,34479.0,openat_www-data,8290,assign,0
9138,34483.0,close_www-data,17,assign,0
9139,34483.0,openat_www-data,8291,assign,0
9140,34483.0,openat_www-data,8292,assign,0
9141,34483.0,openat_www-data,8293,assign,0
9142,34483.0,openat_www-data,8294,assign,0
9143,34483.0,openat_www-data,8295,assign,0
9144,34487.0,close_www-data,17,assign,0
9145,34487.0,openat_www-data,8296,assign,0
9146,34487.0,openat_www-data,8297,assign,0
9147,34487.0,openat_www-data,8298,assign,0
9148,34487.0,openat_www-data,8299,assign,0
9149,34487.0,openat_www-data,8300,assign,0
9150,34487.0,openat_www-data,8301,assign,0
9151,34487.0,openat_www-data,8302,assign,0
9152,34487.0,openat_www-data,8303,assign,0
9153,34491.0,close_www-data,17,assign,0
9154,34491.0,openat_www-data,8304,assign,0
9155,34491.0,openat_www-data,8305,assign,0
9156,34491.0,openat_www-data,8306,assign,0
9157,34491.0,openat_www-data,8307,assign,0
9158,34491.0,openat_www-data,8308,assign,0
9159,34495.0,openat_www-data,8309,assign,0
9160,34495.0,close_www-data,17,assign,0
9161,34495.0,openat_www-data,8310,assign,0
9162,34495.0,openat_www-data,8311,assign,0
9163,34495.0,openat_www-data,8312,assign,0
9164,34495.0,close_www-data,17,assign,0
9165,34499.0,close_www-data,17,assign,0
9166,34499.0,openat_www-data,8313,assign,0
9167,34499.0,openat_www-data,8314,assign,0
9168,34499.0,openat_www-data,8315,assign,0
9169,34499.0,openat_www-data,8316,assign,0
9170,34499.0,close_www-data,17,assign,0
9171,34499.0,openat_www-data,8317,assign,0
9172,34499.0,openat_www-data,8318,assign,0
9173,34503.0,close_www-data,17,assign,0
9174,34503.0,openat_www-data,8319,assign,0
9175,34503.0,openat_www-data,8320,assign,0
9176,34503.0,openat_www-data,8321,assign,0
9177,34503.0,openat_www-data,8322,assign,0
9178,34507.0,close_www-data,17,assign,0
9179,34507.0,openat_www-data,8323,assign,0
9180,34507.0,openat_www-data,8324,assign,0
9181,34507.0,openat_www-data,8325,assign,0
9182,34511.0,close_www-data,17,assign,0
9183,34511.0,openat_www-data,8326,assign,0
9184,34511.0,openat_www-data,8327,assign,0
9185,34511.0,openat_www-data,8328,assign,0
9186,34511.0,openat_www-data,8329,assign,0
9187,34511.0,close_www-data,17,assign,0
9188,34515.0,close_www-data,17,assign,0
9189,34515.0,openat_www-data,8330,assign,0
9190,34515.0,openat_www-data,8331,assign,0
9191,34515.0,openat_www-data,8332,assign,0
9192,34519.0,close_www-data,17,assign,0
9193,34519.0,openat_www-data,8333,assign,0
9194,34519.0,close_www-data,17,assign,0
9195,34519.0,openat_www-data,8334,assign,0
9196,34519.0,openat_www-data,8335,assign,0
9197,34519.0,openat_www-data,8336,assign,0
9198,34519.0,openat_www-data,8337,assign,0
9199,34519.0,openat_www-data,8338,assign,0
9200,34519.0,openat_www-data,8339,assign,0
9201,34523.0,close_www-data,17,assign,0
9202,34523.0,openat_www-data,8340,assign,0
9203,34523.0,openat_www-data,8341,assign,0
9204,34523.0,openat_www-data,8342,assign,0
9205,34523.0,close_www-data,17,assign,0
9206,34523.0,close_www-data,17,assign,0
9207,34523.0,openat_www-data,8343,assign,0
9208,34527.0,openat_www-data,8344,assign,0
9209,34527.0,close_www-data,17,assign,0
9210,34527.0,openat_www-data,8345,assign,0
9211,34527.0,close_www-data,17,assign,0
9212,34527.0,openat_www-data,8346,assign,0
9213,34527.0,close_www-data,17,assign,0
9214,34527.0,openat_www-data,8347,assign,0
9215,34527.0,openat_www-data,8348,assign,0
9216,34531.0,close_www-data,17,assign,0
9217,34531.0,openat_www-data,8349,assign,0
9218,34531.0,openat_www-data,8350,assign,0
9219,34531.0,openat_www-data,8351,assign,0
9220,34531.0,openat_www-data,8352,assign,0
9221,34535.0,close_www-data,17,assign,0
9222,34535.0,openat_www-data,8353,assign,0
9223,34535.0,close_www-data,17,assign,0
9224,34535.0,openat_www-data,8354,assign,0
9225,34535.0,openat_www-data,8355,assign,0
9226,34535.0,openat_www-data,8356,assign,0
9227,34535.0,openat_www-data,8357,assign,0
9228,34535.0,openat_www-data,8358,assign,0
9229,34535.0,openat_www-data,8359,assign,0
9230,34535.0,close_www-data,17,assign,0
9231,34535.0,openat_www-data,8360,assign,0
9232,34539.0,openat_www-data,8361,assign,0
9233,34539.0,close_www-data,17,assign,0
9234,34539.0,openat_www-data,8362,assign,0
9235,34539.0,close_www-data,17,assign,0
9236,34539.0,openat_www-data,8363,assign,0
9237,34539.0,close_www-data,17,assign,0
9238,34539.0,openat_www-data,8364,assign,0
9239,34539.0,openat_www-data,8365,assign,0
9240,34543.0,close_www-data,17,assign,0
9241,34543.0,openat_www-data,8366,assign,0
9242,34543.0,openat_www-data,8367,assign,0
9243,34543.0,close_www-data,17,assign,0
9244,34543.0,openat_www-data,8368,assign,0
9245,34543.0,close_www-data,17,assign,0
9246,34543.0,openat_www-data,8369,assign,0
9247,34543.0,close_www-data,17,assign,0
9248,34543.0,openat_www-data,8370,assign,0
9249,34543.0,close_www-data,17,assign,0
9250,34543.0,openat_www-data,8371,assign,0
9251,34547.0,close_www-data,17,assign,0
9252,34547.0,openat_www-data,8372,assign,0
9253,34547.0,openat_www-data,8373,assign,0
9254,34547.0,openat_www-data,8374,assign,0
9255,34547.0,openat_www-data,8375,assign,0
9256,34547.0,openat_www-data,8376,assign,0
9257,34551.0,close_www-data,17,assign,0
9258,34551.0,openat_www-data,8377,assign,0
9259,34551.0,openat_www-data,8378,assign,0
9260,34551.0,openat_www-data,8379,assign,0
9261,34551.0,openat_www-data,8380,assign,0
9262,34551.0,openat_www-data,8381,assign,0
9263,34555.0,close_www-data,17,assign,0
9264,34555.0,openat_www-data,8382,assign,0
9265,34555.0,openat_www-data,8383,assign,0
9266,34555.0,openat_www-data,8384,assign,0
9267,34555.0,openat_www-data,8385,assign,0
9268,34559.0,openat_www-data,8386,assign,0
9269,34559.0,close_www-data,17,assign,0
9270,34559.0,openat_www-data,8387,assign,0
9271,34559.0,openat_www-data,8388,assign,0
9272,34559.0,close_www-data,17,assign,0
9273,34559.0,close_www-data,17,assign,0
9274,34559.0,openat_www-data,8389,assign,0
9275,34559.0,close_www-data,17,assign,0
9276,34559.0,openat_www-data,8390,assign,0
9277,34559.0,close_www-data,17,assign,0
9278,34563.0,close_www-data,17,assign,0
9279,34563.0,openat_www-data,8391,assign,0
9280,34563.0,openat_www-data,8392,assign,0
9281,34563.0,openat_www-data,8393,assign,0
9282,34563.0,close_www-data,17,assign,0
9283,34563.0,openat_www-data,8394,assign,0
9284,34563.0,openat_www-data,8395,assign,0
9285,34567.0,close_www-data,17,assign,0
9286,34567.0,openat_www-data,8396,assign,0
9287,34567.0,openat_www-data,8397,assign,0
9288,34567.0,openat_www-data,8398,assign,0
9289,34571.0,close_www-data,17,assign,0
9290,34571.0,openat_www-data,8399,assign,0
9291,34571.0,openat_www-data,8400,assign,0
9292,34571.0,openat_www-data,8401,assign,0
9293,34575.0,close_www-data,17,assign,0
9294,34575.0,openat_www-data,8402,assign,0
9295,34575.0,openat_www-data,8403,assign,0
9296,34575.0,openat_www-data,8404,assign,0
9297,34575.0,openat_www-data,8405,assign,0
9298,34579.0,close_www-data,17,assign,0
9299,34579.0,openat_www-data,8406,assign,0
9300,34579.0,close_www-data,17,assign,0
9301,34579.0,openat_www-data,8407,assign,0
9302,34579.0,openat_www-data,8408,assign,0
9303,34579.0,openat_www-data,8409,assign,0
9304,34579.0,openat_www-data,8410,assign,0
9305,34583.0,close_www-data,17,assign,0
9306,34583.0,openat_www-data,8411,assign,0
9307,34583.0,openat_www-data,8412,assign,0
9308,34583.0,openat_www-data,8413,assign,0
9309,34583.0,openat_www-data,8414,assign,0
9310,34587.0,openat_www-data,8415,assign,0
9311,34587.0,close_www-data,17,assign,0
9312,34587.0,openat_www-data,8416,assign,0
9313,34587.0,openat_www-data,8417,assign,0
9314,34587.0,openat_www-data,8418,assign,0
9315,34591.0,close_www-data,17,assign,0
9316,34591.0,openat_www-data,8419,assign,0
9317,34591.0,openat_www-data,8420,assign,0
9318,34591.0,openat_www-data,8421,assign,0
9319,34591.0,close_www-data,17,assign,0
9320,34595.0,openat_www-data,8422,assign,0
9321,34595.0,close_www-data,17,assign,0
9322,34595.0,openat_www-data,8423,assign,0
9323,34595.0,openat_www-data,8424,assign,0
9324,34595.0,openat_www-data,8425,assign,0
9325,34595.0,openat_www-data,8426,assign,0
9326,34595.0,close_www-data,17,assign,0
9327,34595.0,openat_www-data,8427,assign,0
9328,34595.0,openat_www-data,8428,assign,0
9329,34595.0,openat_www-data,8429,assign,0
9330,34599.0,close_www-data,17,assign,0
9331,34599.0,openat_www-data,8430,assign,0
9332,34599.0,close_www-data,17,assign,0
9333,34599.0,openat_www-data,8431,assign,0
9334,34599.0,close_www-data,17,assign,0
9335,34599.0,openat_www-data,8432,assign,0
9336,34599.0,close_www-data,17,assign,0
9337,34599.0,openat_www-data,8433,assign,0
9338,34599.0,openat_www-data,8434,assign,0
9339,34599.0,openat_www-data,8435,assign,0
9340,34599.0,openat_www-data,8436,assign,0
9341,34603.0,close_www-data,17,assign,0
9342,34603.0,openat_www-data,8437,assign,0
9343,34603.0,openat_www-data,8438,assign,0
9344,34603.0,openat_www-data,8439,assign,0
9345,34603.0,openat_www-data,8440,assign,0
9346,34603.0,openat_www-data,8441,assign,0
9347,34607.0,close_www-data,17,assign,0
9348,34607.0,openat_www-data,8442,assign,0
9349,34607.0,openat_www-data,8443,assign,0
9350,34607.0,openat_www-data,8444,assign,0
9351,34611.0,close_www-data,17,assign,0
9352,34611.0,openat_www-data,8445,assign,0
9353,34611.0,openat_www-data,8446,assign,0
9354,34611.0,openat_www-data,8447,assign,0
9355,34611.0,openat_www-data,8448,assign,0
9356,34615.0,close_www-data,17,assign,0
9357,34615.0,openat_www-data,8449,assign,0
9358,34615.0,openat_www-data,8450,assign,0
9359,34615.0,openat_www-data,8451,assign,0
9360,34615.0,openat_www-data,8452,assign,0
9361,34615.0,close_www-data,17,assign,0
9362,34615.0,close_www-data,17,assign,0
9363,34615.0,openat_www-data,8453,assign,0
9364,34615.0,openat_www-data,8454,assign,0
9365,34615.0,openat_www-data,8455,assign,0
9366,34619.0,close_www-data,17,assign,0
9367,34619.0,openat_www-data,8456,assign,0
9368,34619.0,close_www-data,17,assign,0
9369,34619.0,openat_www-data,8457,assign,0
9370,34619.0,openat_www-data,8458,assign,0
9371,34619.0,openat_www-data,8459,assign,0
9372,34619.0,close_www-data,17,assign,0
9373,34619.0,openat_www-data,8460,assign,0
9374,34619.0,close_www-data,17,assign,0
9375,34623.0,close_www-data,17,assign,0
9376,34623.0,openat_www-data,8461,assign,0
9377,34623.0,openat_www-data,8462,assign,0
9378,34623.0,openat_www-data,8463,assign,0
9379,34623.0,openat_www-data,8464,assign,0
9380,34623.0,close_www-data,17,assign,0
9381,34623.0,openat_www-data,8465,assign,0
9382,34623.0,close_www-data,17,assign,0
9383,34623.0,openat_www-data,8466,assign,0
9384,34627.0,close_www-data,17,assign,0
9385,34627.0,openat_www-data,8467,assign,0
9386,34627.0,close_www-data,17,assign,0
9387,34627.0,openat_www-data,8468,assign,0
9388,34627.0,openat_www-data,8469,assign,0
9389,34627.0,openat_www-data,8470,assign,0
9390,34627.0,openat_www-data,8471,assign,0
9391,34631.0,close_www-data,17,assign,0
9392,34631.0,openat_www-data,8472,assign,0
9393,34631.0,close_www-data,17,assign,0
9394,34631.0,openat_www-data,8473,assign,0
9395,34631.0,openat_www-data,8474,assign,0
9396,34631.0,openat_www-data,8475,assign,0
9397,34631.0,close_www-data,17,assign,0
9398,34631.0,openat_www-data,8476,assign,0
9399,34631.0,close_www-data,17,assign,0
9400,34631.0,openat_www-data,8477,assign,0
9401,34631.0,close_www-data,17,assign,0
9402,34635.0,close_www-data,17,assign,0
9403,34635.0,openat_www-data,8478,assign,0
9404,34635.0,close_www-data,17,assign,0
9405,34635.0,openat_www-data,8479,assign,0
9406,34635.0,openat_www-data,8480,assign,0
9407,34635.0,openat_www-data,8481,assign,0
9408,34635.0,openat_www-data,8482,assign,0
9409,34639.0,openat_www-data,8483,assign,0
9410,34639.0,close_www-data,17,assign,0
9411,34639.0,openat_www-data,8484,assign,0
9412,34639.0,openat_www-data,8485,assign,0
9413,34639.0,openat_www-data,8486,assign,0
9414,34643.0,close_www-data,17,assign,0
9415,34643.0,openat_www-data,8487,assign,0
9416,34643.0,openat_www-data,8488,assign,0
9417,34643.0,openat_www-data,8489,assign,0
9418,34647.0,close_www-data,17,assign,0
9419,34647.0,openat_www-data,8490,assign,0
9420,34647.0,openat_www-data,8491,assign,0
9421,34647.0,openat_www-data,8492,assign,0
9422,34647.0,openat_www-data,8493,assign,0
9423,34647.0,openat_www-data,8494,assign,0
9424,34651.0,close_www-data,17,assign,0
9425,34651.0,openat_www-data,8495,assign,0
9426,34651.0,openat_www-data,8496,assign,0
9427,34651.0,openat_www-data,8497,assign,0
9428,34651.0,openat_www-data,8498,assign,0
9429,34651.0,openat_www-data,8499,assign,0
9430,34651.0,openat_www-data,8500,assign,0
9431,34651.0,close_www-data,17,assign,0
9432,34655.0,close_www-data,17,assign,0
9433,34655.0,openat_www-data,8501,assign,0
9434,34655.0,openat_www-data,8502,assign,0
9435,34659.0,close_www-data,17,assign,0
9436,34659.0,openat_www-data,8503,assign,0
9437,34659.0,openat_www-data,8504,assign,0
9438,34659.0,openat_www-data,8505,assign,0
9439,34659.0,openat_www-data,8506,assign,0
9440,34659.0,openat_www-data,8507,assign,0
9441,34663.0,close_www-data,17,assign,0
9442,34663.0,openat_www-data,8508,assign,0
9443,34663.0,openat_www-data,8509,assign,0
9444,34663.0,openat_www-data,8510,assign,0
9445,34667.0,openat_www-data,8511,assign,0
9446,34667.0,close_www-data,17,assign,0
9447,34667.0,openat_www-data,8512,assign,0
9448,34667.0,openat_www-data,8513,assign,0
9449,34667.0,openat_www-data,8514,assign,0
9450,34667.0,openat_www-data,8515,assign,0
9451,34667.0,close_www-data,17,assign,0
9452,34667.0,openat_www-data,8516,assign,0
9453,34671.0,close_www-data,17,assign,0
9454,34671.0,openat_www-data,8517,assign,0
9455,34671.0,openat_www-data,8518,assign,0
9456,34671.0,openat_www-data,8519,assign,0
9457,34671.0,openat_www-data,8520,assign,0
9458,34671.0,close_www-data,17,assign,0
9459,34671.0,close_www-data,17,assign,0
9460,34675.0,openat_www-data,8521,assign,0
9461,34675.0,close_www-data,17,assign,0
9462,34675.0,openat_www-data,8522,assign,0
9463,34675.0,openat_www-data,8523,assign,0
9464,34675.0,openat_www-data,8524,assign,0
9465,34675.0,openat_www-data,8525,assign,0
9466,34679.0,close_www-data,17,assign,0
9467,34679.0,openat_www-data,8526,assign,0
9468,34679.0,openat_www-data,8527,assign,0
9469,34679.0,openat_www-data,8528,assign,0
9470,34683.0,openat_www-data,8529,assign,0
9471,34683.0,close_www-data,17,assign,0
9472,34683.0,openat_www-data,8530,assign,0
9473,34683.0,openat_www-data,8531,assign,0
9474,34683.0,openat_www-data,8532,assign,0
9475,34683.0,openat_www-data,8533,assign,0
9476,34687.0,close_www-data,17,assign,0
9477,34687.0,openat_www-data,8534,assign,0
9478,34687.0,openat_www-data,8535,assign,0
9479,34687.0,openat_www-data,8536,assign,0
9480,34691.0,close_www-data,17,assign,0
9481,34691.0,openat_www-data,8537,assign,0
9482,34691.0,openat_www-data,8538,assign,0
9483,34691.0,openat_www-data,8539,assign,0
9484,34691.0,openat_www-data,8540,assign,0
9485,34691.0,openat_www-data,8541,assign,0
9486,34695.0,close_www-data,17,assign,0
9487,34695.0,openat_www-data,8542,assign,0
9488,34695.0,openat_www-data,8543,assign,0
9489,34695.0,openat_www-data,8544,assign,0
9490,34695.0,openat_www-data,8545,assign,0
9491,34695.0,openat_www-data,8546,assign,0
9492,34699.0,close_www-data,17,assign,0
9493,34699.0,openat_www-data,8547,assign,0
9494,34699.0,openat_www-data,8548,assign,0
9495,34699.0,openat_www-data,8549,assign,0
9496,34703.0,close_www-data,17,assign,0
9497,34703.0,openat_www-data,8550,assign,0
9498,34703.0,openat_www-data,8551,assign,0
9499,34703.0,openat_www-data,8552,assign,0
9500,34703.0,openat_www-data,8553,assign,0
9501,34707.0,openat_www-data,8554,assign,0
9502,34707.0,close_www-data,17,assign,0
9503,34707.0,openat_www-data,8555,assign,0
9504,34707.0,openat_www-data,8556,assign,0
9505,34707.0,openat_www-data,8557,assign,0
9506,34707.0,openat_www-data,8558,assign,0
9507,34707.0,close_www-data,17,assign,0
9508,34707.0,close_www-data,17,assign,0
9509,34707.0,openat_www-data,8559,assign,0
9510,34711.0,close_www-data,17,assign,0
9511,34711.0,openat_www-data,8560,assign,0
9512,34711.0,openat_www-data,8561,assign,0
9513,34711.0,openat_www-data,8562,assign,0
9514,34711.0,close_www-data,17,assign,0
9515,34715.0,close_www-data,17,assign,0
9516,34715.0,openat_www-data,8563,assign,0
9517,34715.0,close_www-data,17,assign,0
9518,34715.0,openat_www-data,8564,assign,0
9519,34715.0,openat_www-data,8565,assign,0
9520,34715.0,openat_www-data,8566,assign,0
9521,34715.0,openat_www-data,8567,assign,0
9522,34715.0,openat_www-data,8568,assign,0
9523,34715.0,openat_www-data,8569,assign,0
9524,34715.0,openat_www-data,8570,assign,0
9525,34719.0,close_www-data,17,assign,0
9526,34719.0,openat_www-data,8571,assign,0
9527,34719.0,openat_www-data,8572,assign,0
9528,34723.0,openat_www-data,8573,assign,0
9529,34723.0,close_www-data,17,assign,0
9530,34723.0,openat_www-data,8574,assign,0
9531,34723.0,openat_www-data,8575,assign,0
9532,34723.0,openat_www-data,8576,assign,0
9533,34723.0,openat_www-data,8577,assign,0
9534,34727.0,openat_www-data,8578,assign,0
9535,34727.0,close_www-data,17,assign,0
9536,34727.0,openat_www-data,8579,assign,0
9537,34727.0,openat_www-data,8580,assign,0
9538,34727.0,openat_www-data,8581,assign,0
9539,34731.0,close_www-data,17,assign,0
9540,34731.0,openat_www-data,8582,assign,0
9541,34731.0,openat_www-data,8583,assign,0
9542,34731.0,openat_www-data,8584,assign,0
9543,34731.0,close_www-data,17,assign,0
9544,34731.0,close_www-data,17,assign,0
9545,34731.0,openat_www-data,8585,assign,0
9546,34731.0,openat_www-data,8586,assign,0
9547,34731.0,openat_www-data,8587,assign,0
9548,34735.0,close_www-data,17,assign,0
9549,34735.0,openat_www-data,8588,assign,0
9550,34735.0,openat_www-data,8589,assign,0
9551,34735.0,openat_www-data,8590,assign,0
9552,34735.0,openat_www-data,8591,assign,0
9553,34739.0,close_www-data,17,assign,0
9554,34739.0,openat_www-data,8592,assign,0
9555,34739.0,openat_www-data,8593,assign,0
9556,34739.0,openat_www-data,8594,assign,0
9557,34739.0,openat_www-data,8595,assign,0
9558,34739.0,close_www-data,17,assign,0
9559,34739.0,openat_www-data,8596,assign,0
9560,34743.0,close_www-data,17,assign,0
9561,34743.0,openat_www-data,8597,assign,0
9562,34743.0,openat_www-data,8598,assign,0
9563,34743.0,close_www-data,17,assign,0
9564,34743.0,openat_www-data,8599,assign,0
9565,34743.0,openat_www-data,8600,assign,0
9566,34747.0,close_www-data,17,assign,0
9567,34747.0,openat_www-data,8601,assign,0
9568,34747.0,openat_www-data,8602,assign,0
9569,34747.0,openat_www-data,8603,assign,0
9570,34747.0,openat_www-data,8604,assign,0
9571,34751.0,openat_www-data,8605,assign,0
9572,34751.0,close_www-data,17,assign,0
9573,34751.0,openat_www-data,8606,assign,0
9574,34751.0,openat_www-data,8607,assign,0
9575,34751.0,openat_www-data,8608,assign,0
9576,34751.0,openat_www-data,8609,assign,0
9577,34755.0,close_www-data,17,assign,0
9578,34755.0,openat_www-data,8610,assign,0
9579,34755.0,openat_www-data,8611,assign,0
9580,34755.0,openat_www-data,8612,assign,0
9581,34755.0,openat_www-data,8613,assign,0
9582,34759.0,close_www-data,17,assign,0
9583,34759.0,openat_www-data,8614,assign,0
9584,34759.0,openat_www-data,8615,assign,0
9585,34759.0,openat_www-data,8616,assign,0
9586,34759.0,openat_www-data,8617,assign,0
9587,34763.0,close_www-data,17,assign,0
9588,34763.0,openat_www-data,8618,assign,0
9589,34763.0,openat_www-data,8619,assign,0
9590,34763.0,openat_www-data,8620,assign,0
9591,34763.0,openat_www-data,8621,assign,0
9592,34763.0,openat_www-data,8622,assign,0
9593,34767.0,close_www-data,17,assign,0
9594,34767.0,openat_www-data,8623,assign,0
9595,34767.0,openat_www-data,8624,assign,0
9596,34767.0,close_www-data,17,assign,0
9597,34767.0,close_www-data,17,assign,0
9598,34767.0,openat_www-data,8625,assign,0
9599,34767.0,openat_www-data,8626,assign,0
9600,34771.0,close_www-data,17,assign,0
9601,34771.0,close_www-data,17,assign,0
9602,34771.0,openat_www-data,8627,assign,0
9603,34771.0,close_www-data,17,assign,0
9604,34771.0,openat_www-data,8628,assign,0
9605,34771.0,close_www-data,17,assign,0
9606,34771.0,openat_www-data,8629,assign,0
9607,34771.0,openat_www-data,8630,assign,0
9608,34771.0,openat_www-data,8631,assign,0
9609,34771.0,openat_www-data,8632,assign,0
9610,34771.0,openat_www-data,8633,assign,0
9611,34775.0,close_www-data,17,assign,0
9612,34775.0,openat_www-data,8634,assign,0
9613,34775.0,close_www-data,17,assign,0
9614,34775.0,close_www-data,17,assign,0
9615,34775.0,openat_www-data,8635,assign,0
9616,34775.0,openat_www-data,8636,assign,0
9617,34775.0,openat_www-data,8637,assign,0
9618,34775.0,close_www-data,17,assign,0
9619,34775.0,openat_www-data,8638,assign,0
9620,34775.0,close_www-data,17,assign,0
9621,34779.0,openat_www-data,8639,assign,0
9622,34779.0,close_www-data,17,assign,0
9623,34779.0,openat_www-data,8640,assign,0
9624,34779.0,openat_www-data,8641,assign,0
9625,34779.0,openat_www-data,8642,assign,0
9626,34779.0,openat_www-data,8643,assign,0
9627,34783.0,close_www-data,17,assign,0
9628,34783.0,openat_www-data,8644,assign,0
9629,34783.0,openat_www-data,8645,assign,0
9630,34783.0,openat_www-data,8646,assign,0
9631,34783.0,openat_www-data,8647,assign,0
9632,34783.0,openat_www-data,8648,assign,0
9633,34787.0,close_www-data,17,assign,0
9634,34787.0,openat_www-data,8649,assign,0
9635,34787.0,openat_www-data,8650,assign,0
9636,34787.0,openat_www-data,8651,assign,0
9637,34791.0,close_www-data,17,assign,0
9638,34791.0,openat_www-data,8652,assign,0
9639,34791.0,close_www-data,17,assign,0
9640,34791.0,openat_www-data,8653,assign,0
9641,34791.0,openat_www-data,8654,assign,0
9642,34791.0,openat_www-data,8655,assign,0
9643,34791.0,openat_www-data,8656,assign,0
9644,34791.0,openat_www-data,8657,assign,0
9645,34795.0,close_www-data,17,assign,0
9646,34795.0,openat_www-data,8658,assign,0
9647,34795.0,openat_www-data,8659,assign,0
9648,34795.0,openat_www-data,8660,assign,0
9649,34795.0,openat_www-data,8661,assign,0
9650,34799.0,close_www-data,17,assign,0
9651,34799.0,openat_www-data,8662,assign,0
9652,34799.0,openat_www-data,8663,assign,0
9653,34799.0,openat_www-data,8664,assign,0
9654,34803.0,close_www-data,17,assign,0
9655,34803.0,openat_www-data,8665,assign,0
9656,34803.0,openat_www-data,8666,assign,0
9657,34803.0,openat_www-data,8667,assign,0
9658,34803.0,openat_www-data,8668,assign,0
9659,34803.0,close_www-data,17,assign,0
9660,34803.0,close_www-data,17,assign,0
9661,34803.0,openat_www-data,8669,assign,0
9662,34807.0,close_www-data,17,assign,0
9663,34807.0,openat_www-data,8670,assign,0
9664,34807.0,openat_www-data,8671,assign,0
9665,34807.0,openat_www-data,8672,assign,0
9666,34807.0,close_www-data,17,assign,0
9667,34807.0,openat_www-data,8673,assign,0
9668,34807.0,openat_www-data,8674,assign,0
9669,34807.0,close_www-data,17,assign,0
9670,34807.0,openat_www-data,8675,assign,0
9671,34807.0,openat_www-data,8676,assign,0
9672,34811.0,close_www-data,17,assign,0
9673,34811.0,openat_www-data,8677,assign,0
9674,34811.0,close_www-data,17,assign,0
9675,34811.0,openat_www-data,8678,assign,0
9676,34811.0,openat_www-data,8679,assign,0
9677,34811.0,openat_www-data,8680,assign,0
9678,34811.0,openat_www-data,8681,assign,0
9679,34811.0,openat_www-data,8682,assign,0
9680,34815.0,close_www-data,17,assign,0
9681,34815.0,close_www-data,17,assign,0
9682,34815.0,openat_www-data,8683,assign,0
9683,34815.0,openat_www-data,8684,assign,0
9684,34815.0,openat_www-data,8685,assign,0
9685,34815.0,openat_www-data,8686,assign,0
9686,34819.0,openat_www-data,8687,assign,0
9687,34819.0,close_www-data,17,assign,0
9688,34819.0,openat_www-data,8688,assign,0
9689,34819.0,openat_www-data,8689,assign,0
9690,34819.0,openat_www-data,8690,assign,0
9691,34819.0,openat_www-data,8691,assign,0
9692,34819.0,openat_www-data,8692,assign,0
9693,34823.0,close_www-data,17,assign,0
9694,34823.0,openat_www-data,8693,assign,0
9695,34823.0,close_www-data,17,assign,0
9696,34823.0,openat_www-data,8694,assign,0
9697,34823.0,close_www-data,17,assign,0
9698,34823.0,openat_www-data,8695,assign,0
9699,34823.0,close_www-data,17,assign,0
9700,34823.0,openat_www-data,8696,assign,0
9701,34823.0,close_www-data,17,assign,0
9702,34823.0,openat_www-data,8697,assign,0
9703,34823.0,close_www-data,17,assign,0
9704,34823.0,openat_www-data,8698,assign,0
9705,34823.0,close_www-data,17,assign,0
9706,34823.0,openat_www-data,8699,assign,0
9707,34823.0,openat_www-data,8700,assign,0
9708,34823.0,openat_www-data,8701,assign,0
9709,34827.0,close_www-data,17,assign,0
9710,34827.0,openat_www-data,8702,assign,0
9711,34827.0,openat_www-data,8703,assign,0
9712,34827.0,openat_www-data,8704,assign,0
9713,34827.0,openat_www-data,8705,assign,0
9714,34827.0,openat_www-data,8706,assign,0
9715,34831.0,close_www-data,17,assign,0
9716,34831.0,openat_www-data,8707,assign,0
9717,34831.0,openat_www-data,8708,assign,0
9718,34831.0,openat_www-data,8709,assign,0
9719,34831.0,openat_www-data,8710,assign,0
9720,34835.0,close_www-data,17,assign,0
9721,34835.0,openat_www-data,8711,assign,0
9722,34835.0,openat_www-data,8712,assign,0
9723,34835.0,close_www-data,17,assign,0
9724,34835.0,close_www-data,17,assign,0
9725,34835.0,openat_www-data,8713,assign,0
9726,34835.0,openat_www-data,8714,assign,0
9727,34839.0,close_www-data,17,assign,0
9728,34839.0,openat_www-data,8715,assign,0
9729,34839.0,openat_www-data,8716,assign,0
9730,34839.0,close_www-data,17,assign,0
9731,34839.0,openat_www-data,8717,assign,0
9732,34839.0,close_www-data,17,assign,0
9733,34839.0,openat_www-data,8718,assign,0
9734,34839.0,openat_www-data,8719,assign,0
9735,34839.0,openat_www-data,8720,assign,0
9736,34843.0,close_www-data,17,assign,0
9737,34843.0,openat_www-data,8721,assign,0
9738,34843.0,openat_www-data,8722,assign,0
9739,34843.0,openat_www-data,8723,assign,0
9740,34843.0,openat_www-data,8724,assign,0
9741,34843.0,openat_www-data,8725,assign,0
9742,34843.0,openat_www-data,8726,assign,0
9743,34847.0,close_www-data,17,assign,0
9744,34847.0,openat_www-data,8727,assign,0
9745,34847.0,openat_www-data,8728,assign,0
9746,34847.0,openat_www-data,8729,assign,0
9747,34847.0,openat_www-data,8730,assign,0
9748,34847.0,openat_www-data,8731,assign,0
9749,34847.0,close_www-data,17,assign,0
9750,34847.0,close_www-data,17,assign,0
9751,34847.0,openat_www-data,8732,assign,0
9752,34847.0,openat_www-data,8733,assign,0
9753,34851.0,close_www-data,17,assign,0
9754,34851.0,openat_www-data,8734,assign,0
9755,34851.0,openat_www-data,8735,assign,0
9756,34851.0,openat_www-data,8736,assign,0
9757,34851.0,openat_www-data,8737,assign,0
9758,34959.0,close_www-data,17,assign,0
9759,34959.0,openat_www-data,8738,assign,0
9760,34959.0,openat_www-data,8739,assign,0
9761,34959.0,openat_www-data,8740,assign,0
9762,34959.0,openat_www-data,8741,assign,0
9763,34991.0,close_www-data,17,assign,0
9764,34991.0,openat_www-data,8742,assign,0
9765,34991.0,openat_www-data,8743,assign,0
9766,34991.0,openat_www-data,8744,assign,0
9767,34991.0,openat_www-data,8745,assign,0
9768,34991.0,openat_www-data,8746,assign,0
9769,34991.0,openat_www-data,8747,assign,0
9770,34991.0,openat_www-data,8748,assign,0
9771,34991.0,openat_www-data,8749,assign,0
9772,34991.0,openat_www-data,8750,assign,0
9773,34991.0,openat_www-data,8751,assign,0
9774,34991.0,openat_www-data,8752,assign,0
9775,34991.0,openat_www-data,8753,assign,0
9776,34991.0,openat_www-data,8754,assign,0
9777,34991.0,openat_www-data,8755,assign,0
9778,34995.0,openat_www-data,8756,assign,0
9779,34995.0,close_www-data,17,assign,0
9780,34995.0,openat_www-data,8757,assign,0
9781,34995.0,openat_www-data,8758,assign,0
9782,34995.0,openat_www-data,8759,assign,0
9783,34995.0,openat_www-data,8760,assign,0
9784,34995.0,openat_www-data,8761,assign,0
9785,34995.0,openat_www-data,8762,assign,0
9786,34999.0,close_www-data,17,assign,0
9787,34999.0,openat_www-data,8763,assign,0
9788,34999.0,openat_www-data,8764,assign,0
9789,34999.0,openat_www-data,8765,assign,0
9790,34999.0,openat_www-data,8766,assign,0
9791,34999.0,openat_www-data,8767,assign,0
9792,34999.0,openat_www-data,8768,assign,0
9793,35003.0,openat_www-data,8769,assign,0
9794,35003.0,close_www-data,17,assign,0
9795,35003.0,openat_www-data,8770,assign,0
9796,35003.0,openat_www-data,8771,assign,0
9797,35003.0,openat_www-data,8772,assign,0
9798,35007.0,close_www-data,17,assign,0
9799,35007.0,openat_www-data,8773,assign,0
9800,35007.0,openat_www-data,8774,assign,0
9801,35007.0,openat_www-data,8775,assign,0
9802,35011.0,close_www-data,17,assign,0
9803,35011.0,openat_www-data,8776,assign,0
9804,35011.0,openat_www-data,8777,assign,0
9805,35011.0,openat_www-data,8778,assign,0
9806,35011.0,openat_www-data,8779,assign,0
9807,35011.0,close_www-data,17,assign,0
9808,35011.0,openat_www-data,8780,assign,0
9809,35011.0,openat_www-data,8781,assign,0
9810,35015.0,close_www-data,17,assign,0
9811,35015.0,openat_www-data,8782,assign,0
9812,35015.0,openat_www-data,8783,assign,0
9813,35015.0,openat_www-data,8784,assign,0
9814,35015.0,openat_www-data,8785,assign,0
9815,35015.0,openat_www-data,8786,assign,0
9816,35015.0,close_www-data,17,assign,0
9817,35015.0,close_www-data,17,assign,0
9818,35019.0,close_www-data,17,assign,0
9819,35019.0,openat_www-data,8787,assign,0
9820,35019.0,openat_www-data,8788,assign,0
9821,35019.0,openat_www-data,8789,assign,0
9822,35019.0,openat_www-data,8790,assign,0
9823,35019.0,openat_www-data,8791,assign,0
9824,35023.0,close_www-data,17,assign,0
9825,35023.0,openat_www-data,8792,assign,0
9826,35023.0,openat_www-data,8793,assign,0
9827,35023.0,openat_www-data,8794,assign,0
9828,35023.0,openat_www-data,8795,assign,0
9829,35027.0,close_www-data,17,assign,0
9830,35027.0,openat_www-data,8796,assign,0
9831,35027.0,openat_www-data,8797,assign,0
9832,35027.0,openat_www-data,8798,assign,0
9833,35027.0,openat_www-data,8799,assign,0
9834,35031.0,close_www-data,17,assign,0
9835,35031.0,openat_www-data,8800,assign,0
9836,35031.0,openat_www-data,8801,assign,0
9837,35031.0,openat_www-data,8802,assign,0
9838,35031.0,openat_www-data,8803,assign,0
9839,35035.0,close_www-data,17,assign,0
9840,35035.0,openat_www-data,8804,assign,0
9841,35035.0,openat_www-data,8805,assign,0
9842,35035.0,openat_www-data,8806,assign,0
9843,35039.0,close_www-data,17,assign,0
9844,35039.0,openat_www-data,8807,assign,0
9845,35039.0,openat_www-data,8808,assign,0
9846,35039.0,openat_www-data,8809,assign,0
9847,35039.0,openat_www-data,8810,assign,0
9848,35039.0,openat_www-data,8811,assign,0
9849,35039.0,openat_www-data,8812,assign,0
9850,35043.0,close_www-data,17,assign,0
9851,35043.0,openat_www-data,8813,assign,0
9852,35043.0,openat_www-data,8814,assign,0
9853,35043.0,openat_www-data,8815,assign,0
9854,35043.0,openat_www-data,8816,assign,0
9855,35043.0,openat_www-data,8817,assign,0
9856,35043.0,openat_www-data,8818,assign,0
9857,35047.0,close_www-data,17,assign,0
9858,35047.0,openat_www-data,8819,assign,0
9859,35047.0,openat_www-data,8820,assign,0
9860,35047.0,openat_www-data,8821,assign,0
9861,35047.0,openat_www-data,8822,assign,0
9862,35047.0,openat_www-data,8823,assign,0
9863,35047.0,openat_www-data,8824,assign,0
9864,35051.0,close_www-data,17,assign,0
9865,35051.0,openat_www-data,8825,assign,0
9866,35051.0,openat_www-data,8826,assign,0
9867,35051.0,openat_www-data,8827,assign,0
9868,35051.0,openat_www-data,8828,assign,0
9869,35051.0,openat_www-data,8829,assign,0
9870,35051.0,openat_www-data,8830,assign,0
9871,35055.0,close_www-data,17,assign,0
9872,35055.0,openat_www-data,8831,assign,0
9873,35055.0,openat_www-data,8832,assign,0
9874,35055.0,openat_www-data,8833,assign,0
9875,35055.0,openat_www-data,8834,assign,0
9876,35059.0,close_www-data,17,assign,0
9877,35059.0,openat_www-data,8835,assign,0
9878,35059.0,openat_www-data,8836,assign,0
9879,35059.0,openat_www-data,8837,assign,0
9880,35059.0,openat_www-data,8838,assign,0
9881,35063.0,close_www-data,17,assign,0
9882,35063.0,openat_www-data,8839,assign,0
9883,35063.0,openat_www-data,8840,assign,0
9884,35063.0,openat_www-data,8841,assign,0
9885,35063.0,openat_www-data,8842,assign,0
9886,35067.0,close_www-data,17,assign,0
9887,35067.0,openat_www-data,8843,assign,0
9888,35067.0,openat_www-data,8844,assign,0
9889,35067.0,openat_www-data,8845,assign,0
9890,35067.0,openat_www-data,8846,assign,0
9891,35071.0,close_www-data,17,assign,0
9892,35071.0,openat_www-data,8847,assign,0
9893,35071.0,openat_www-data,8848,assign,0
9894,35071.0,openat_www-data,8849,assign,0
9895,35071.0,openat_www-data,8850,assign,0
9896,35075.0,close_www-data,17,assign,0
9897,35075.0,openat_www-data,8851,assign,0
9898,35075.0,openat_www-data,8852,assign,0
9899,35075.0,openat_www-data,8853,assign,0
9900,35075.0,openat_www-data,8854,assign,0
9901,35075.0,openat_www-data,8855,assign,0
9902,35075.0,openat_www-data,8856,assign,0
9903,35079.0,close_www-data,17,assign,0
9904,35079.0,openat_www-data,8857,assign,0
9905,35079.0,openat_www-data,8858,assign,0
9906,35079.0,openat_www-data,8859,assign,0
9907,35079.0,openat_www-data,8860,assign,0
9908,35079.0,close_www-data,17,assign,0
9909,35079.0,openat_www-data,8861,assign,0
9910,35083.0,close_www-data,17,assign,0
9911,35083.0,openat_www-data,8862,assign,0
9912,35083.0,openat_www-data,8863,assign,0
9913,35083.0,openat_www-data,8864,assign,0
9914,35083.0,openat_www-data,8865,assign,0
9915,35083.0,openat_www-data,8866,assign,0
9916,35087.0,close_www-data,17,assign,0
9917,35087.0,openat_www-data,8867,assign,0
9918,35087.0,openat_www-data,8868,assign,0
9919,35087.0,openat_www-data,8869,assign,0
9920,35087.0,close_www-data,17,assign,0
9921,35087.0,openat_www-data,8870,assign,0
9922,35087.0,openat_www-data,8871,assign,0
9923,35087.0,openat_www-data,8872,assign,0
9924,35087.0,openat_www-data,8873,assign,0
9925,35087.0,openat_www-data,8874,assign,0
9926,35091.0,close_www-data,17,assign,0
9927,35091.0,openat_www-data,8875,assign,0
9928,35091.0,openat_www-data,8876,assign,0
9929,35091.0,openat_www-data,8877,assign,0
9930,35091.0,openat_www-data,8878,assign,0
9931,35095.0,close_www-data,17,assign,0
9932,35095.0,openat_www-data,8879,assign,0
9933,35095.0,openat_www-data,8880,assign,0
9934,35095.0,openat_www-data,8881,assign,0
9935,35099.0,close_www-data,17,assign,0
9936,35099.0,openat_www-data,8882,assign,0
9937,35099.0,openat_www-data,8883,assign,0
9938,35099.0,openat_www-data,8884,assign,0
9939,35103.0,openat_www-data,8885,assign,0
9940,35103.0,close_www-data,17,assign,0
9941,35103.0,openat_www-data,8886,assign,0
9942,35103.0,openat_www-data,8887,assign,0
9943,35103.0,openat_www-data,8888,assign,0
9944,35103.0,openat_www-data,8889,assign,0
9945,35107.0,close_www-data,17,assign,0
9946,35107.0,openat_www-data,8890,assign,0
9947,35107.0,openat_www-data,8891,assign,0
9948,35107.0,openat_www-data,8892,assign,0
9949,35111.0,openat_www-data,8893,assign,0
9950,35111.0,close_www-data,17,assign,0
9951,35111.0,openat_www-data,8894,assign,0
9952,35111.0,openat_www-data,8895,assign,0
9953,35111.0,openat_www-data,8896,assign,0
9954,35111.0,openat_www-data,8897,assign,0
9955,35115.0,openat_www-data,8898,assign,0
9956,35115.0,close_www-data,17,assign,0
9957,35115.0,openat_www-data,8899,assign,0
9958,35115.0,openat_www-data,8900,assign,0
9959,35119.0,openat_www-data,8901,assign,0
9960,35119.0,close_www-data,17,assign,0
9961,35119.0,openat_www-data,8902,assign,0
9962,35119.0,openat_www-data,8903,assign,0
9963,35119.0,openat_www-data,8904,assign,0
9964,35123.0,openat_www-data,8905,assign,0
9965,35123.0,close_www-data,17,assign,0
9966,35123.0,openat_www-data,8906,assign,0
9967,35123.0,openat_www-data,8907,assign,0
9968,35123.0,openat_www-data,8908,assign,0
9969,35127.0,close_www-data,17,assign,0
9970,35127.0,openat_www-data,8909,assign,0
9971,35127.0,openat_www-data,8910,assign,0
9972,35131.0,close_www-data,17,assign,0
9973,35131.0,openat_www-data,8911,assign,0
9974,35131.0,openat_www-data,8912,assign,0
9975,35131.0,openat_www-data,8913,assign,0
9976,35135.0,close_www-data,17,assign,0
9977,35135.0,openat_www-data,8914,assign,0
9978,35135.0,openat_www-data,8915,assign,0
9979,35135.0,openat_www-data,8916,assign,0
9980,35135.0,openat_www-data,8917,assign,0
9981,35135.0,openat_www-data,8918,assign,0
9982,35139.0,close_www-data,17,assign,0
9983,35139.0,openat_www-data,8919,assign,0
9984,35139.0,openat_www-data,8920,assign,0
9985,35139.0,openat_www-data,8921,assign,0
9986,35143.0,openat_www-data,8922,assign,0
9987,35143.0,close_www-data,17,assign,0
9988,35143.0,openat_www-data,8923,assign,0
9989,35143.0,openat_www-data,8924,assign,0
9990,35143.0,openat_www-data,8925,assign,0
9991,35147.0,close_www-data,17,assign,0
9992,35147.0,openat_www-data,8926,assign,0
9993,35147.0,openat_www-data,8927,assign,0
9994,35147.0,openat_www-data,8928,assign,0
9995,35147.0,openat_www-data,8929,assign,0
9996,35151.0,close_www-data,17,assign,0
9997,35151.0,openat_www-data,8930,assign,0
9998,35151.0,openat_www-data,8931,assign,0
9999,35151.0,openat_www-data,8932,assign,0
10000,35155.0,close_www-data,17,assign,0
10001,35155.0,openat_www-data,8933,assign,0
10002,35155.0,openat_www-data,8934,assign,0
10003,35155.0,openat_www-data,8935,assign,0
10004,35155.0,openat_www-data,8936,assign,0
10005,35159.0,openat_www-data,8937,assign,0
10006,35159.0,close_www-data,17,assign,0
10007,35159.0,openat_www-data,8938,assign,0
10008,35159.0,openat_www-data,8939,assign,0
10009,35163.0,close_www-data,17,assign,0
10010,35163.0,openat_www-data,8940,assign,0
10011,35163.0,openat_www-data,8941,assign,0
10012,35163.0,openat_www-data,8942,assign,0
10013,35163.0,openat_www-data,8943,assign,0
10014,35163.0,openat_www-data,8944,assign,0
10015,35167.0,close_www-data,17,assign,0
10016,35167.0,openat_www-data,8945,assign,0
10017,35167.0,openat_www-data,8946,assign,0
10018,35167.0,openat_www-data,8947,assign,0
10019,35167.0,openat_www-data,8948,assign,0
10020,35171.0,openat_www-data,8949,assign,0
10021,35171.0,close_www-data,17,assign,0
10022,35171.0,openat_www-data,8950,assign,0
10023,35171.0,openat_www-data,8951,assign,0
10024,35171.0,openat_www-data,8952,assign,0
10025,35175.0,close_www-data,17,assign,0
10026,35175.0,openat_www-data,8953,assign,0
10027,35175.0,openat_www-data,8954,assign,0
10028,35175.0,openat_www-data,8955,assign,0
10029,35175.0,openat_www-data,8956,assign,0
10030,35179.0,close_www-data,17,assign,0
10031,35179.0,openat_www-data,8957,assign,0
10032,35179.0,openat_www-data,8958,assign,0
10033,35179.0,openat_www-data,8959,assign,0
10034,35183.0,close_www-data,17,assign,0
10035,35183.0,openat_www-data,8960,assign,0
10036,35183.0,openat_www-data,8961,assign,0
10037,35183.0,openat_www-data,8962,assign,0
10038,35183.0,openat_www-data,8963,assign,0
10039,35187.0,close_www-data,17,assign,0
10040,35187.0,openat_www-data,8964,assign,0
10041,35187.0,openat_www-data,8965,assign,0
10042,35187.0,openat_www-data,8966,assign,0
10043,35187.0,openat_www-data,8967,assign,0
10044,35187.0,openat_www-data,8968,assign,0
10045,35191.0,close_www-data,17,assign,0
10046,35191.0,openat_www-data,8969,assign,0
10047,35191.0,openat_www-data,8970,assign,0
10048,35191.0,openat_www-data,8971,assign,0
10049,35191.0,openat_www-data,8972,assign,0
10050,35195.0,close_www-data,17,assign,0
10051,35195.0,openat_www-data,8973,assign,0
10052,35195.0,openat_www-data,8974,assign,0
10053,35195.0,openat_www-data,8975,assign,0
10054,35199.0,close_www-data,17,assign,0
10055,35199.0,openat_www-data,8976,assign,0
10056,35199.0,openat_www-data,8977,assign,0
10057,35199.0,openat_www-data,8978,assign,0
10058,35199.0,openat_www-data,8979,assign,0
10059,35203.0,close_www-data,17,assign,0
10060,35203.0,openat_www-data,8980,assign,0
10061,35203.0,openat_www-data,8981,assign,0
10062,35203.0,openat_www-data,8982,assign,0
10063,35207.0,close_www-data,17,assign,0
10064,35207.0,openat_www-data,8983,assign,0
10065,35207.0,openat_www-data,8984,assign,0
10066,35207.0,openat_www-data,8985,assign,0
10067,35207.0,openat_www-data,8986,assign,0
10068,35207.0,openat_www-data,8987,assign,0
10069,35211.0,close_www-data,17,assign,0
10070,35211.0,openat_www-data,8988,assign,0
10071,35211.0,openat_www-data,8989,assign,0
10072,35211.0,openat_www-data,8990,assign,0
10073,35211.0,openat_www-data,8991,assign,0
10074,35215.0,close_www-data,17,assign,0
10075,35215.0,openat_www-data,8992,assign,0
10076,35215.0,openat_www-data,8993,assign,0
10077,35215.0,openat_www-data,8994,assign,0
10078,35219.0,close_www-data,17,assign,0
10079,35219.0,openat_www-data,8995,assign,0
10080,35219.0,openat_www-data,8996,assign,0
10081,35219.0,openat_www-data,8997,assign,0
10082,35219.0,openat_www-data,8998,assign,0
10083,35223.0,openat_www-data,8999,assign,0
10084,35223.0,close_www-data,17,assign,0
10085,35223.0,openat_www-data,9000,assign,0
10086,35223.0,openat_www-data,9001,assign,0
10087,35223.0,openat_www-data,9002,assign,0
10088,35223.0,openat_www-data,9003,assign,0
10089,35227.0,close_www-data,17,assign,0
10090,35227.0,openat_www-data,9004,assign,0
10091,35227.0,openat_www-data,9005,assign,0
10092,35227.0,openat_www-data,9006,assign,0
10093,35227.0,openat_www-data,9007,assign,0
10094,35231.0,close_www-data,17,assign,0
10095,35231.0,openat_www-data,9008,assign,0
10096,35231.0,openat_www-data,9009,assign,0
10097,35231.0,openat_www-data,9010,assign,0
10098,35231.0,close_www-data,17,assign,0
10099,35231.0,close_www-data,17,assign,0
10100,35231.0,openat_www-data,9011,assign,0
10101,35231.0,openat_www-data,9012,assign,0
10102,35231.0,openat_www-data,9013,assign,0
10103,35231.0,openat_www-data,9014,assign,0
10104,35231.0,openat_www-data,9015,assign,0
10105,35235.0,openat_www-data,9016,assign,0
10106,35235.0,close_www-data,17,assign,0
10107,35235.0,openat_www-data,9017,assign,0
10108,35235.0,openat_www-data,9018,assign,0
10109,35235.0,openat_www-data,9019,assign,0
10110,35235.0,openat_www-data,9020,assign,0
10111,35235.0,openat_www-data,9021,assign,0
10112,35239.0,close_www-data,17,assign,0
10113,35239.0,openat_www-data,9022,assign,0
10114,35239.0,openat_www-data,9023,assign,0
10115,35239.0,openat_www-data,9024,assign,0
10116,35239.0,openat_www-data,9025,assign,0
10117,35239.0,openat_www-data,9026,assign,0
10118,35239.0,openat_www-data,9027,assign,0
10119,35243.0,close_www-data,17,assign,0
10120,35243.0,openat_www-data,9028,assign,0
10121,35243.0,openat_www-data,9029,assign,0
10122,35243.0,openat_www-data,9030,assign,0
10123,35243.0,openat_www-data,9031,assign,0
10124,35243.0,openat_www-data,9032,assign,0
10125,35243.0,openat_www-data,9033,assign,0
10126,35247.0,close_www-data,17,assign,0
10127,35247.0,openat_www-data,9034,assign,0
10128,35247.0,openat_www-data,9035,assign,0
10129,35247.0,openat_www-data,9036,assign,0
10130,35247.0,openat_www-data,9037,assign,0
10131,35247.0,openat_www-data,9038,assign,0
10132,35247.0,openat_www-data,9039,assign,0
10133,35251.0,close_www-data,17,assign,0
10134,35251.0,openat_www-data,9040,assign,0
10135,35251.0,openat_www-data,9041,assign,0
10136,35251.0,openat_www-data,9042,assign,0
10137,35251.0,openat_www-data,9043,assign,0
10138,35251.0,openat_www-data,9044,assign,0
10139,35255.0,openat_www-data,9045,assign,0
10140,35255.0,close_www-data,17,assign,0
10141,35255.0,openat_www-data,9046,assign,0
10142,35255.0,openat_www-data,9047,assign,0
10143,35255.0,openat_www-data,9048,assign,0
10144,35255.0,openat_www-data,9049,assign,0
10145,35259.0,close_www-data,17,assign,0
10146,35259.0,openat_www-data,9050,assign,0
10147,35259.0,openat_www-data,9051,assign,0
10148,35259.0,openat_www-data,9052,assign,0
10149,35259.0,openat_www-data,9053,assign,0
10150,35259.0,openat_www-data,9054,assign,0
10151,35259.0,openat_www-data,9055,assign,0
10152,35263.0,openat_www-data,9056,assign,0
10153,35263.0,close_www-data,17,assign,0
10154,35263.0,openat_www-data,9057,assign,0
10155,35263.0,openat_www-data,9058,assign,0
10156,35263.0,openat_www-data,9059,assign,0
10157,35263.0,openat_www-data,9060,assign,0
10158,35263.0,openat_www-data,9061,assign,0
10159,35263.0,openat_www-data,9062,assign,0
10160,35263.0,openat_www-data,9063,assign,0
10161,35267.0,close_www-data,17,assign,0
10162,35267.0,openat_www-data,9064,assign,0
10163,35267.0,openat_www-data,9065,assign,0
10164,35267.0,openat_www-data,9066,assign,0
10165,35267.0,openat_www-data,9067,assign,0
10166,35267.0,openat_www-data,9068,assign,0
10167,35271.0,close_www-data,17,assign,0
10168,35271.0,openat_www-data,9069,assign,0
10169,35271.0,openat_www-data,9070,assign,0
10170,35271.0,openat_www-data,9071,assign,0
10171,35271.0,openat_www-data,9072,assign,0
10172,35275.0,openat_www-data,9073,assign,0
10173,35275.0,close_www-data,17,assign,0
10174,35275.0,openat_www-data,9074,assign,0
10175,35275.0,openat_www-data,9075,assign,0
10176,35275.0,openat_www-data,9076,assign,0
10177,35275.0,openat_www-data,9077,assign,0
10178,35275.0,openat_www-data,9078,assign,0
10179,35275.0,openat_www-data,9079,assign,0
10180,35279.0,close_www-data,17,assign,0
10181,35279.0,openat_www-data,9080,assign,0
10182,35279.0,openat_www-data,9081,assign,0
10183,35279.0,openat_www-data,9082,assign,0
10184,35279.0,openat_www-data,9083,assign,0
10185,35279.0,openat_www-data,9084,assign,0
10186,35279.0,openat_www-data,9085,assign,0
10187,35283.0,openat_www-data,9086,assign,0
10188,35283.0,close_www-data,17,assign,0
10189,35283.0,openat_www-data,9087,assign,0
10190,35283.0,openat_www-data,9088,assign,0
10191,35283.0,openat_www-data,9089,assign,0
10192,35283.0,openat_www-data,9090,assign,0
10193,35283.0,openat_www-data,9091,assign,0
10194,35283.0,openat_www-data,9092,assign,0
10195,35287.0,close_www-data,17,assign,0
10196,35287.0,openat_www-data,9093,assign,0
10197,35287.0,openat_www-data,9094,assign,0
10198,35287.0,openat_www-data,9095,assign,0
10199,35287.0,openat_www-data,9096,assign,0
10200,35291.0,close_www-data,17,assign,0
10201,35291.0,openat_www-data,9097,assign,0
10202,35291.0,openat_www-data,9098,assign,0
10203,35291.0,openat_www-data,9099,assign,0
10204,35291.0,openat_www-data,9100,assign,0
10205,35291.0,openat_www-data,9101,assign,0
10206,35295.0,openat_www-data,9102,assign,0
10207,35295.0,close_www-data,17,assign,0
10208,35295.0,openat_www-data,9103,assign,0
10209,35295.0,openat_www-data,9104,assign,0
10210,35295.0,openat_www-data,9105,assign,0
10211,35295.0,openat_www-data,9106,assign,0
10212,35295.0,openat_www-data,9107,assign,0
10213,35295.0,openat_www-data,9108,assign,0
10214,35295.0,openat_www-data,9109,assign,0
10215,35295.0,openat_www-data,9110,assign,0
10216,35295.0,openat_www-data,9111,assign,0
10217,35299.0,close_www-data,17,assign,0
10218,35299.0,openat_www-data,9112,assign,0
10219,35299.0,openat_www-data,9113,assign,0
10220,35299.0,openat_www-data,9114,assign,0
10221,35299.0,openat_www-data,9115,assign,0
10222,35303.0,close_www-data,17,assign,0
10223,35303.0,openat_www-data,9116,assign,0
10224,35303.0,openat_www-data,9117,assign,0
10225,35303.0,openat_www-data,9118,assign,0
10226,35303.0,openat_www-data,9119,assign,0
10227,35303.0,openat_www-data,9120,assign,0
10228,35303.0,openat_www-data,9121,assign,0
10229,35307.0,close_www-data,17,assign,0
10230,35307.0,openat_www-data,9122,assign,0
10231,35307.0,openat_www-data,9123,assign,0
10232,35307.0,openat_www-data,9124,assign,0
10233,35307.0,openat_www-data,9125,assign,0
10234,35307.0,openat_www-data,9126,assign,0
10235,35307.0,openat_www-data,9127,assign,0
10236,35307.0,openat_www-data,9128,assign,0
10237,35311.0,close_www-data,17,assign,0
10238,35311.0,openat_www-data,9129,assign,0
10239,35311.0,openat_www-data,9130,assign,0
10240,35311.0,openat_www-data,9131,assign,0
10241,35311.0,openat_www-data,9132,assign,0
10242,35311.0,openat_www-data,9133,assign,0
10243,35315.0,openat_www-data,9134,assign,0
10244,35315.0,close_www-data,17,assign,0
10245,35315.0,openat_www-data,9135,assign,0
10246,35315.0,openat_www-data,9136,assign,0
10247,35315.0,openat_www-data,9137,assign,0
10248,35319.0,openat_www-data,9138,assign,0
10249,35319.0,close_www-data,17,assign,0
10250,35319.0,openat_www-data,9139,assign,0
10251,35319.0,openat_www-data,9140,assign,0
10252,35319.0,openat_www-data,9141,assign,0
10253,35319.0,openat_www-data,9142,assign,0
10254,35319.0,openat_www-data,9143,assign,0
10255,35319.0,openat_www-data,9144,assign,0
10256,35323.0,close_www-data,17,assign,0
10257,35323.0,openat_www-data,9145,assign,0
10258,35323.0,openat_www-data,9146,assign,0
10259,35323.0,openat_www-data,9147,assign,0
10260,35323.0,openat_www-data,9148,assign,0
10261,35323.0,openat_www-data,9149,assign,0
10262,35327.0,close_www-data,17,assign,0
10263,35327.0,openat_www-data,9150,assign,0
10264,35327.0,openat_www-data,9151,assign,0
10265,35327.0,openat_www-data,9152,assign,0
10266,35327.0,openat_www-data,9153,assign,0
10267,35327.0,openat_www-data,9154,assign,0
10268,35327.0,openat_www-data,9155,assign,0
10269,35327.0,openat_www-data,9156,assign,0
10270,35327.0,openat_www-data,9157,assign,0
10271,35331.0,close_www-data,17,assign,0
10272,35331.0,openat_www-data,9158,assign,0
10273,35331.0,openat_www-data,9159,assign,0
10274,35331.0,openat_www-data,9160,assign,0
10275,35331.0,openat_www-data,9161,assign,0
10276,35335.0,openat_www-data,9162,assign,0
10277,35335.0,close_www-data,17,assign,0
10278,35335.0,openat_www-data,9163,assign,0
10279,35335.0,openat_www-data,9164,assign,0
10280,35335.0,openat_www-data,9165,assign,0
10281,35335.0,openat_www-data,9166,assign,0
10282,35335.0,openat_www-data,9167,assign,0
10283,35339.0,openat_www-data,9168,assign,0
10284,35339.0,close_www-data,17,assign,0
10285,35339.0,openat_www-data,9169,assign,0
10286,35339.0,openat_www-data,9170,assign,0
10287,35339.0,openat_www-data,9171,assign,0
10288,35339.0,openat_www-data,9172,assign,0
10289,35339.0,openat_www-data,9173,assign,0
10290,35339.0,openat_www-data,9174,assign,0
10291,35343.0,close_www-data,17,assign,0
10292,35343.0,openat_www-data,9175,assign,0
10293,35343.0,openat_www-data,9176,assign,0
10294,35343.0,openat_www-data,9177,assign,0
10295,35347.0,openat_www-data,9178,assign,0
10296,35347.0,close_www-data,17,assign,0
10297,35347.0,openat_www-data,9179,assign,0
10298,35347.0,openat_www-data,9180,assign,0
10299,35347.0,openat_www-data,9181,assign,0
10300,35347.0,openat_www-data,9182,assign,0
10301,35347.0,openat_www-data,9183,assign,0
10302,35347.0,openat_www-data,9184,assign,0
10303,35351.0,close_www-data,17,assign,0
10304,35351.0,openat_www-data,9185,assign,0
10305,35351.0,openat_www-data,9186,assign,0
10306,35351.0,openat_www-data,9187,assign,0
10307,35351.0,openat_www-data,9188,assign,0
10308,35351.0,close_www-data,17,assign,0
10309,35351.0,openat_www-data,9189,assign,0
10310,35355.0,close_www-data,17,assign,0
10311,35355.0,openat_www-data,9190,assign,0
10312,35355.0,openat_www-data,9191,assign,0
10313,35355.0,openat_www-data,9192,assign,0
10314,35355.0,openat_www-data,9193,assign,0
10315,35355.0,openat_www-data,9194,assign,0
10316,35355.0,openat_www-data,9195,assign,0
10317,35359.0,close_www-data,17,assign,0
10318,35359.0,openat_www-data,9196,assign,0
10319,35359.0,openat_www-data,9197,assign,0
10320,35359.0,openat_www-data,9198,assign,0
10321,35363.0,close_www-data,17,assign,0
10322,35363.0,openat_www-data,9199,assign,0
10323,35363.0,openat_www-data,9200,assign,0
10324,35363.0,openat_www-data,9201,assign,0
10325,35363.0,openat_www-data,9202,assign,0
10326,35367.0,close_www-data,17,assign,0
10327,35367.0,openat_www-data,9203,assign,0
10328,35367.0,openat_www-data,9204,assign,0
10329,35367.0,openat_www-data,9205,assign,0
10330,35367.0,openat_www-data,9206,assign,0
10331,35371.0,close_www-data,17,assign,0
10332,35371.0,openat_www-data,9207,assign,0
10333,35371.0,openat_www-data,9208,assign,0
10334,35371.0,openat_www-data,9209,assign,0
10335,35371.0,openat_www-data,9210,assign,0
10336,35375.0,close_www-data,17,assign,0
10337,35375.0,openat_www-data,9211,assign,0
10338,35375.0,openat_www-data,9212,assign,0
10339,35375.0,openat_www-data,9213,assign,0
10340,35379.0,close_www-data,17,assign,0
10341,35379.0,openat_www-data,9214,assign,0
10342,35379.0,openat_www-data,9215,assign,0
10343,35379.0,openat_www-data,9216,assign,0
10344,35379.0,openat_www-data,9217,assign,0
10345,35383.0,close_www-data,17,assign,0
10346,35383.0,openat_www-data,9218,assign,0
10347,35383.0,openat_www-data,9219,assign,0
10348,35383.0,openat_www-data,9220,assign,0
10349,35383.0,openat_www-data,9221,assign,0
10350,35383.0,openat_www-data,9222,assign,0
10351,35387.0,close_www-data,17,assign,0
10352,35387.0,openat_www-data,9223,assign,0
10353,35387.0,openat_www-data,9224,assign,0
10354,35387.0,openat_www-data,9225,assign,0
10355,35391.0,openat_www-data,9226,assign,0
10356,35391.0,close_www-data,17,assign,0
10357,35391.0,openat_www-data,9227,assign,0
10358,35391.0,openat_www-data,9228,assign,0
10359,35391.0,openat_www-data,9229,assign,0
10360,35395.0,openat_www-data,9230,assign,0
10361,35395.0,close_www-data,17,assign,0
10362,35395.0,openat_www-data,9231,assign,0
10363,35395.0,openat_www-data,9232,assign,0
10364,35395.0,close_www-data,17,assign,0
10365,35395.0,openat_www-data,9233,assign,0
10366,35395.0,openat_www-data,9234,assign,0
10367,35399.0,openat_www-data,9235,assign,0
10368,35399.0,close_www-data,17,assign,0
10369,35399.0,openat_www-data,9236,assign,0
10370,35399.0,openat_www-data,9237,assign,0
10371,35399.0,openat_www-data,9238,assign,0
10372,35399.0,close_www-data,17,assign,0
10373,35399.0,openat_www-data,9239,assign,0
10374,35399.0,openat_www-data,9240,assign,0
10375,35403.0,close_www-data,17,assign,0
10376,35403.0,openat_www-data,9241,assign,0
10377,35403.0,openat_www-data,9242,assign,0
10378,35403.0,openat_www-data,9243,assign,0
10379,35403.0,openat_www-data,9244,assign,0
10380,35403.0,openat_www-data,9245,assign,0
10381,35407.0,openat_www-data,9246,assign,0
10382,35407.0,close_www-data,17,assign,0
10383,35407.0,openat_www-data,9247,assign,0
10384,35407.0,openat_www-data,9248,assign,0
10385,35407.0,openat_www-data,9249,assign,0
10386,35407.0,openat_www-data,9250,assign,0
10387,35407.0,openat_www-data,9251,assign,0
10388,35407.0,openat_www-data,9252,assign,0
10389,35407.0,openat_www-data,9253,assign,0
10390,35411.0,openat_www-data,9254,assign,0
10391,35411.0,close_www-data,17,assign,0
10392,35411.0,openat_www-data,9255,assign,0
10393,35411.0,openat_www-data,9256,assign,0
10394,35411.0,openat_www-data,9257,assign,0
10395,35415.0,openat_www-data,9258,assign,0
10396,35415.0,close_www-data,17,assign,0
10397,35415.0,openat_www-data,9259,assign,0
10398,35415.0,openat_www-data,9260,assign,0
10399,35415.0,openat_www-data,9261,assign,0
10400,35415.0,openat_www-data,9262,assign,0
10401,35415.0,openat_www-data,9263,assign,0
10402,35415.0,openat_www-data,9264,assign,0
10403,35419.0,close_www-data,17,assign,0
10404,35419.0,openat_www-data,9265,assign,0
10405,35419.0,openat_www-data,9266,assign,0
10406,35419.0,close_www-data,17,assign,0
10407,35419.0,close_www-data,17,assign,0
10408,35419.0,openat_www-data,9267,assign,0
10409,35419.0,openat_www-data,9268,assign,0
10410,35419.0,openat_www-data,9269,assign,0
10411,35419.0,openat_www-data,9270,assign,0
10412,35419.0,openat_www-data,9271,assign,0
10413,35423.0,close_www-data,17,assign,0
10414,35423.0,openat_www-data,9272,assign,0
10415,35423.0,openat_www-data,9273,assign,0
10416,35423.0,openat_www-data,9274,assign,0
10417,35423.0,openat_www-data,9275,assign,0
10418,35427.0,close_www-data,17,assign,0
10419,35427.0,openat_www-data,9276,assign,0
10420,35427.0,openat_www-data,9277,assign,0
10421,35427.0,openat_www-data,9278,assign,0
10422,35427.0,openat_www-data,9279,assign,0
10423,35427.0,openat_www-data,9280,assign,0
10424,35427.0,openat_www-data,9281,assign,0
10425,35431.0,close_www-data,17,assign,0
10426,35431.0,openat_www-data,9282,assign,0
10427,35431.0,openat_www-data,9283,assign,0
10428,35431.0,openat_www-data,9284,assign,0
10429,35431.0,openat_www-data,9285,assign,0
10430,35431.0,openat_www-data,9286,assign,0
10431,35435.0,openat_www-data,9287,assign,0
10432,35435.0,close_www-data,17,assign,0
10433,35435.0,openat_www-data,9288,assign,0
10434,35435.0,openat_www-data,9289,assign,0
10435,35435.0,openat_www-data,9290,assign,0
10436,35439.0,openat_www-data,9291,assign,0
10437,35439.0,close_www-data,17,assign,0
10438,35439.0,openat_www-data,9292,assign,0
10439,35439.0,openat_www-data,9293,assign,0
10440,35439.0,close_www-data,17,assign,0
10441,35439.0,openat_www-data,9294,assign,0
10442,35439.0,openat_www-data,9295,assign,0
10443,35439.0,openat_www-data,9296,assign,0
10444,35439.0,openat_www-data,9297,assign,0
10445,35439.0,openat_www-data,9298,assign,0
10446,35439.0,openat_www-data,9299,assign,0
10447,35443.0,close_www-data,17,assign,0
10448,35443.0,openat_www-data,9300,assign,0
10449,35443.0,openat_www-data,9301,assign,0
10450,35443.0,openat_www-data,9302,assign,0
10451,35443.0,openat_www-data,9303,assign,0
10452,35447.0,close_www-data,17,assign,0
10453,35447.0,openat_www-data,9304,assign,0
10454,35447.0,openat_www-data,9305,assign,0
10455,35447.0,openat_www-data,9306,assign,0
10456,35447.0,openat_www-data,9307,assign,0
10457,35451.0,close_www-data,17,assign,0
10458,35451.0,openat_www-data,9308,assign,0
10459,35451.0,openat_www-data,9309,assign,0
10460,35451.0,openat_www-data,9310,assign,0
10461,35451.0,openat_www-data,9311,assign,0
10462,35451.0,openat_www-data,9312,assign,0
10463,35451.0,openat_www-data,9313,assign,0
10464,35451.0,openat_www-data,9314,assign,0
10465,35451.0,openat_www-data,9315,assign,0
10466,35451.0,openat_www-data,9316,assign,0
10467,35455.0,close_www-data,17,assign,0
10468,35455.0,openat_www-data,9317,assign,0
10469,35455.0,openat_www-data,9318,assign,0
10470,35455.0,openat_www-data,9319,assign,0
10471,35455.0,openat_www-data,9320,assign,0
10472,35455.0,openat_www-data,9321,assign,0
10473,35459.0,close_www-data,17,assign,0
10474,35459.0,openat_www-data,9322,assign,0
10475,35459.0,openat_www-data,9323,assign,0
10476,35459.0,openat_www-data,9324,assign,0
10477,35459.0,openat_www-data,9325,assign,0
10478,35459.0,openat_www-data,9326,assign,0
10479,35463.0,openat_www-data,9327,assign,0
10480,35463.0,close_www-data,17,assign,0
10481,35463.0,openat_www-data,9328,assign,0
10482,35463.0,openat_www-data,9329,assign,0
10483,35463.0,openat_www-data,9330,assign,0
10484,35463.0,openat_www-data,9331,assign,0
10485,35463.0,openat_www-data,9332,assign,0
10486,35467.0,close_www-data,17,assign,0
10487,35467.0,openat_www-data,9333,assign,0
10488,35467.0,openat_www-data,9334,assign,0
10489,35467.0,openat_www-data,9335,assign,0
10490,35467.0,openat_www-data,9336,assign,0
10491,35467.0,openat_www-data,9337,assign,0
10492,35471.0,close_www-data,17,assign,0
10493,35471.0,openat_www-data,9338,assign,0
10494,35471.0,openat_www-data,9339,assign,0
10495,35471.0,openat_www-data,9340,assign,0
10496,35471.0,openat_www-data,9341,assign,0
10497,35471.0,openat_www-data,9342,assign,0
10498,35471.0,openat_www-data,9343,assign,0
10499,35475.0,close_www-data,17,assign,0
10500,35475.0,openat_www-data,9344,assign,0
10501,35475.0,openat_www-data,9345,assign,0
10502,35475.0,openat_www-data,9346,assign,0
10503,35475.0,openat_www-data,9347,assign,0
10504,35475.0,openat_www-data,9348,assign,0
10505,35479.0,close_www-data,17,assign,0
10506,35479.0,openat_www-data,9349,assign,0
10507,35479.0,openat_www-data,9350,assign,0
10508,35479.0,openat_www-data,9351,assign,0
10509,35479.0,openat_www-data,9352,assign,0
10510,35479.0,openat_www-data,9353,assign,0
10511,35479.0,openat_www-data,9354,assign,0
10512,35483.0,close_www-data,17,assign,0
10513,35483.0,openat_www-data,9355,assign,0
10514,35483.0,openat_www-data,9356,assign,0
10515,35483.0,openat_www-data,9357,assign,0
10516,35483.0,openat_www-data,9358,assign,0
10517,35483.0,openat_www-data,9359,assign,0
10518,35483.0,openat_www-data,9360,assign,0
10519,35487.0,close_www-data,17,assign,0
10520,35487.0,openat_www-data,9361,assign,0
10521,35487.0,openat_www-data,9362,assign,0
10522,35487.0,openat_www-data,9363,assign,0
10523,35487.0,openat_www-data,9364,assign,0
10524,35487.0,openat_www-data,9365,assign,0
10525,35487.0,openat_www-data,9366,assign,0
10526,35491.0,openat_www-data,9367,assign,0
10527,35491.0,close_www-data,17,assign,0
10528,35491.0,openat_www-data,9368,assign,0
10529,35491.0,openat_www-data,9369,assign,0
10530,35491.0,openat_www-data,9370,assign,0
10531,35491.0,openat_www-data,9371,assign,0
10532,35491.0,openat_www-data,9372,assign,0
10533,35491.0,openat_www-data,9373,assign,0
10534,35495.0,close_www-data,17,assign,0
10535,35495.0,openat_www-data,9374,assign,0
10536,35495.0,openat_www-data,9375,assign,0
10537,35495.0,openat_www-data,9376,assign,0
10538,35495.0,openat_www-data,9377,assign,0
10539,35499.0,close_www-data,17,assign,0
10540,35499.0,openat_www-data,9378,assign,0
10541,35499.0,openat_www-data,9379,assign,0
10542,35499.0,openat_www-data,9380,assign,0
10543,35499.0,openat_www-data,9381,assign,0
10544,35503.0,openat_www-data,9382,assign,0
10545,35503.0,close_www-data,17,assign,0
10546,35503.0,openat_www-data,9383,assign,0
10547,35503.0,openat_www-data,9384,assign,0
10548,35503.0,openat_www-data,9385,assign,0
10549,35503.0,openat_www-data,9386,assign,0
10550,35503.0,openat_www-data,9387,assign,0
10551,35503.0,openat_www-data,9388,assign,0
10552,35507.0,close_www-data,17,assign,0
10553,35507.0,openat_www-data,9389,assign,0
10554,35507.0,openat_www-data,9390,assign,0
10555,35507.0,openat_www-data,9391,assign,0
10556,35507.0,openat_www-data,9392,assign,0
10557,35507.0,openat_www-data,9393,assign,0
10558,35507.0,openat_www-data,9394,assign,0
10559,35507.0,openat_www-data,9395,assign,0
10560,35511.0,close_www-data,17,assign,0
10561,35511.0,openat_www-data,9396,assign,0
10562,35511.0,openat_www-data,9397,assign,0
10563,35511.0,openat_www-data,9398,assign,0
10564,35511.0,openat_www-data,9399,assign,0
10565,35515.0,close_www-data,17,assign,0
10566,35515.0,openat_www-data,9400,assign,0
10567,35515.0,openat_www-data,9401,assign,0
10568,35515.0,openat_www-data,9402,assign,0
10569,35515.0,openat_www-data,9403,assign,0
10570,35515.0,openat_www-data,9404,assign,0
10571,35519.0,close_www-data,17,assign,0
10572,35519.0,openat_www-data,9405,assign,0
10573,35519.0,openat_www-data,9406,assign,0
10574,35519.0,openat_www-data,9407,assign,0
10575,35519.0,openat_www-data,9408,assign,0
10576,35519.0,openat_www-data,9409,assign,0
10577,35519.0,openat_www-data,9410,assign,0
10578,35523.0,close_www-data,17,assign,0
10579,35523.0,openat_www-data,9411,assign,0
10580,35523.0,openat_www-data,9412,assign,0
10581,35523.0,openat_www-data,9413,assign,0
10582,35523.0,openat_www-data,9414,assign,0
10583,35527.0,close_www-data,17,assign,0
10584,35527.0,openat_www-data,9415,assign,0
10585,35527.0,openat_www-data,9416,assign,0
10586,35527.0,openat_www-data,9417,assign,0
10587,35527.0,openat_www-data,9418,assign,0
10588,35527.0,openat_www-data,9419,assign,0
10589,35527.0,openat_www-data,9420,assign,0
10590,35527.0,openat_www-data,9421,assign,0
10591,35531.0,close_www-data,17,assign,0
10592,35531.0,openat_www-data,9422,assign,0
10593,35531.0,openat_www-data,9423,assign,0
10594,35531.0,openat_www-data,9424,assign,0
10595,35531.0,openat_www-data,9425,assign,0
10596,35531.0,openat_www-data,9426,assign,0
10597,35535.0,openat_www-data,9427,assign,0
10598,35535.0,close_www-data,17,assign,0
10599,35535.0,openat_www-data,9428,assign,0
10600,35535.0,openat_www-data,9429,assign,0
10601,35535.0,openat_www-data,9430,assign,0
10602,35535.0,openat_www-data,9431,assign,0
10603,35535.0,openat_www-data,9432,assign,0
10604,35539.0,close_www-data,17,assign,0
10605,35539.0,openat_www-data,9433,assign,0
10606,35539.0,openat_www-data,9434,assign,0
10607,35539.0,openat_www-data,9435,assign,0
10608,35539.0,openat_www-data,9436,assign,0
10609,35539.0,openat_www-data,9437,assign,0
10610,35539.0,openat_www-data,9438,assign,0
10611,35543.0,close_www-data,17,assign,0
10612,35543.0,openat_www-data,9439,assign,0
10613,35543.0,openat_www-data,9440,assign,0
10614,35543.0,openat_www-data,9441,assign,0
10615,35543.0,openat_www-data,9442,assign,0
10616,35543.0,openat_www-data,9443,assign,0
10617,35547.0,close_www-data,17,assign,0
10618,35547.0,openat_www-data,9444,assign,0
10619,35547.0,openat_www-data,9445,assign,0
10620,35547.0,openat_www-data,9446,assign,0
10621,35547.0,openat_www-data,9447,assign,0
10622,35547.0,openat_www-data,9448,assign,0
10623,35551.0,close_www-data,17,assign,0
10624,35551.0,openat_www-data,9449,assign,0
10625,35551.0,openat_www-data,9450,assign,0
10626,35551.0,openat_www-data,9451,assign,0
10627,35551.0,openat_www-data,9452,assign,0
10628,35551.0,openat_www-data,9453,assign,0
10629,35555.0,openat_www-data,9454,assign,0
10630,35555.0,close_www-data,17,assign,0
10631,35555.0,openat_www-data,9455,assign,0
10632,35555.0,openat_www-data,9456,assign,0
10633,35555.0,openat_www-data,9457,assign,0
10634,35555.0,openat_www-data,9458,assign,0
10635,35555.0,openat_www-data,9459,assign,0
10636,35559.0,openat_www-data,9460,assign,0
10637,35559.0,close_www-data,17,assign,0
10638,35559.0,openat_www-data,9461,assign,0
10639,35559.0,openat_www-data,9462,assign,0
10640,35559.0,openat_www-data,9463,assign,0
10641,35559.0,openat_www-data,9464,assign,0
10642,35563.0,close_www-data,17,assign,0
10643,35563.0,openat_www-data,9465,assign,0
10644,35563.0,openat_www-data,9466,assign,0
10645,35563.0,openat_www-data,9467,assign,0
10646,35563.0,openat_www-data,9468,assign,0
10647,35563.0,openat_www-data,9469,assign,0
10648,35563.0,openat_www-data,9470,assign,0
10649,35567.0,close_www-data,17,assign,0
10650,35567.0,openat_www-data,9471,assign,0
10651,35567.0,openat_www-data,9472,assign,0
10652,35567.0,openat_www-data,9473,assign,0
10653,35567.0,openat_www-data,9474,assign,0
10654,35567.0,openat_www-data,9475,assign,0
10655,35567.0,openat_www-data,9476,assign,0
10656,35571.0,close_www-data,17,assign,0
10657,35571.0,openat_www-data,9477,assign,0
10658,35571.0,openat_www-data,9478,assign,0
10659,35571.0,openat_www-data,9479,assign,0
10660,35571.0,openat_www-data,9480,assign,0
10661,35571.0,openat_www-data,9481,assign,0
10662,35575.0,close_www-data,17,assign,0
10663,35575.0,openat_www-data,9482,assign,0
10664,35575.0,openat_www-data,9483,assign,0
10665,35575.0,openat_www-data,9484,assign,0
10666,35575.0,openat_www-data,9485,assign,0
10667,35579.0,close_www-data,17,assign,0
10668,35579.0,openat_www-data,9486,assign,0
10669,35579.0,openat_www-data,9487,assign,0
10670,35579.0,openat_www-data,9488,assign,0
10671,35579.0,openat_www-data,9489,assign,0
10672,35583.0,close_www-data,17,assign,0
10673,35583.0,openat_www-data,9490,assign,0
10674,35583.0,openat_www-data,9491,assign,0
10675,35583.0,openat_www-data,9492,assign,0
10676,35583.0,openat_www-data,9493,assign,0
10677,35583.0,openat_www-data,9494,assign,0
10678,35587.0,openat_www-data,9495,assign,0
10679,35587.0,close_www-data,17,assign,0
10680,35587.0,openat_www-data,9496,assign,0
10681,35587.0,openat_www-data,9497,assign,0
10682,35587.0,openat_www-data,9498,assign,0
10683,35587.0,openat_www-data,9499,assign,0
10684,35587.0,openat_www-data,9500,assign,0
10685,35591.0,close_www-data,17,assign,0
10686,35591.0,openat_www-data,9501,assign,0
10687,35591.0,openat_www-data,9502,assign,0
10688,35591.0,openat_www-data,9503,assign,0
10689,35591.0,openat_www-data,9504,assign,0
10690,35595.0,close_www-data,17,assign,0
10691,35595.0,openat_www-data,9505,assign,0
10692,35595.0,openat_www-data,9506,assign,0
10693,35595.0,openat_www-data,9507,assign,0
10694,35595.0,openat_www-data,9508,assign,0
10695,35595.0,openat_www-data,9509,assign,0
10696,35599.0,close_www-data,17,assign,0
10697,35599.0,openat_www-data,9510,assign,0
10698,35599.0,openat_www-data,9511,assign,0
10699,35599.0,openat_www-data,9512,assign,0
10700,35599.0,openat_www-data,9513,assign,0
10701,35599.0,openat_www-data,9514,assign,0
10702,35603.0,close_www-data,17,assign,0
10703,35603.0,openat_www-data,9515,assign,0
10704,35603.0,openat_www-data,9516,assign,0
10705,35603.0,openat_www-data,9517,assign,0
10706,35603.0,openat_www-data,9518,assign,0
10707,35607.0,close_www-data,17,assign,0
10708,35607.0,openat_www-data,9519,assign,0
10709,35607.0,openat_www-data,9520,assign,0
10710,35607.0,openat_www-data,9521,assign,0
10711,35607.0,openat_www-data,9522,assign,0
10712,35607.0,openat_www-data,9523,assign,0
10713,35611.0,close_www-data,17,assign,0
10714,35611.0,openat_www-data,9524,assign,0
10715,35611.0,openat_www-data,9525,assign,0
10716,35611.0,openat_www-data,9526,assign,0
10717,35611.0,openat_www-data,9527,assign,0
10718,35611.0,openat_www-data,9528,assign,0
10719,35615.0,close_www-data,17,assign,0
10720,35615.0,openat_www-data,9529,assign,0
10721,35615.0,openat_www-data,9530,assign,0
10722,35615.0,openat_www-data,9531,assign,0
10723,35615.0,openat_www-data,9532,assign,0
10724,35615.0,openat_www-data,9533,assign,0
10725,35615.0,openat_www-data,9534,assign,0
10726,35615.0,openat_www-data,9535,assign,0
10727,35619.0,close_www-data,17,assign,0
10728,35619.0,openat_www-data,9536,assign,0
10729,35619.0,openat_www-data,9537,assign,0
10730,35619.0,openat_www-data,9538,assign,0
10731,35619.0,openat_www-data,9539,assign,0
10732,35619.0,openat_www-data,9540,assign,0
10733,35623.0,close_www-data,17,assign,0
10734,35623.0,openat_www-data,9541,assign,0
10735,35623.0,close_www-data,17,assign,0
10736,35623.0,close_www-data,17,assign,0
10737,35623.0,openat_www-data,9542,assign,0
10738,35623.0,openat_www-data,9543,assign,0
10739,35623.0,close_www-data,17,assign,0
10740,35623.0,openat_www-data,9544,assign,0
10741,35623.0,close_www-data,17,assign,0
10742,35627.0,close_www-data,17,assign,0
10743,35627.0,openat_www-data,9545,assign,0
10744,35627.0,openat_www-data,9546,assign,0
10745,35631.0,close_www-data,17,assign,0
10746,35631.0,openat_www-data,9547,assign,0
10747,35631.0,openat_www-data,9548,assign,0
10748,35631.0,openat_www-data,9549,assign,0
10749,35631.0,openat_www-data,9550,assign,0
10750,35631.0,openat_www-data,9551,assign,0
10751,35631.0,openat_www-data,9552,assign,0
10752,35635.0,close_www-data,17,assign,0
10753,35635.0,openat_www-data,9553,assign,0
10754,35635.0,openat_www-data,9554,assign,0
10755,35635.0,openat_www-data,9555,assign,0
10756,35635.0,openat_www-data,9556,assign,0
10757,35639.0,openat_www-data,9557,assign,0
10758,35639.0,close_www-data,17,assign,0
10759,35639.0,openat_www-data,9558,assign,0
10760,35639.0,openat_www-data,9559,assign,0
10761,35639.0,openat_www-data,9560,assign,0
10762,35639.0,openat_www-data,9561,assign,0
10763,35639.0,openat_www-data,9562,assign,0
10764,35639.0,openat_www-data,9563,assign,0
10765,35639.0,openat_www-data,9564,assign,0
10766,35643.0,close_www-data,17,assign,0
10767,35643.0,openat_www-data,9565,assign,0
10768,35643.0,openat_www-data,9566,assign,0
10769,35643.0,openat_www-data,9567,assign,0
10770,35643.0,openat_www-data,9568,assign,0
10771,35643.0,openat_www-data,9569,assign,0
10772,35643.0,openat_www-data,9570,assign,0
10773,35643.0,openat_www-data,9571,assign,0
10774,35647.0,close_www-data,17,assign,0
10775,35647.0,openat_www-data,9572,assign,0
10776,35647.0,openat_www-data,9573,assign,0
10777,35647.0,openat_www-data,9574,assign,0
10778,35647.0,openat_www-data,9575,assign,0
10779,35651.0,close_www-data,17,assign,0
10780,35651.0,openat_www-data,9576,assign,0
10781,35651.0,openat_www-data,9577,assign,0
10782,35651.0,openat_www-data,9578,assign,0
10783,35651.0,openat_www-data,9579,assign,0
10784,35655.0,close_www-data,17,assign,0
10785,35655.0,openat_www-data,9580,assign,0
10786,35655.0,openat_www-data,9581,assign,0
10787,35655.0,openat_www-data,9582,assign,0
10788,35655.0,openat_www-data,9583,assign,0
10789,35659.0,close_www-data,17,assign,0
10790,35659.0,openat_www-data,9584,assign,0
10791,35659.0,openat_www-data,9585,assign,0
10792,35663.0,close_www-data,17,assign,0
10793,35663.0,openat_www-data,9586,assign,0
10794,35663.0,openat_www-data,9587,assign,0
10795,35663.0,openat_www-data,9588,assign,0
10796,35663.0,openat_www-data,9589,assign,0
10797,35663.0,openat_www-data,9590,assign,0
10798,35667.0,close_www-data,17,assign,0
10799,35667.0,openat_www-data,9591,assign,0
10800,35667.0,openat_www-data,9592,assign,0
10801,35667.0,openat_www-data,9593,assign,0
10802,35671.0,close_www-data,17,assign,0
10803,35671.0,openat_www-data,9594,assign,0
10804,35671.0,openat_www-data,9595,assign,0
10805,35675.0,close_www-data,17,assign,0
10806,35675.0,openat_www-data,9596,assign,0
10807,35675.0,openat_www-data,9597,assign,0
10808,35675.0,openat_www-data,9598,assign,0
10809,35675.0,openat_www-data,9599,assign,0
10810,35675.0,openat_www-data,9600,assign,0
10811,35675.0,openat_www-data,9601,assign,0
10812,35679.0,close_www-data,17,assign,0
10813,35679.0,openat_www-data,9602,assign,0
10814,35679.0,openat_www-data,9603,assign,0
10815,35679.0,openat_www-data,9604,assign,0
10816,35683.0,close_www-data,17,assign,0
10817,35683.0,openat_www-data,9605,assign,0
10818,35683.0,openat_www-data,9606,assign,0
10819,35683.0,openat_www-data,9607,assign,0
10820,35683.0,openat_www-data,9608,assign,0
10821,35683.0,openat_www-data,9609,assign,0
10822,35687.0,openat_www-data,9610,assign,0
10823,35691.0,close_www-data,17,assign,0
10824,35691.0,openat_www-data,9611,assign,0
10825,35691.0,openat_www-data,9612,assign,0
10826,35691.0,openat_www-data,9613,assign,0
10827,35691.0,openat_www-data,9614,assign,0
10828,35691.0,openat_www-data,9615,assign,0
10829,35691.0,openat_www-data,9616,assign,0
10830,35695.0,close_www-data,17,assign,0
10831,35695.0,openat_www-data,9617,assign,0
10832,35695.0,openat_www-data,9618,assign,0
10833,35695.0,openat_www-data,9619,assign,0
10834,35695.0,openat_www-data,9620,assign,0
10835,35695.0,openat_www-data,9621,assign,0
10836,35695.0,openat_www-data,9622,assign,0
10837,35699.0,close_www-data,17,assign,0
10838,35699.0,openat_www-data,9623,assign,0
10839,35699.0,openat_www-data,9624,assign,0
10840,35699.0,openat_www-data,9625,assign,0
10841,35699.0,openat_www-data,9626,assign,0
10842,35699.0,openat_www-data,9627,assign,0
10843,35703.0,close_www-data,22,assign,0
10844,35703.0,openat_www-data,9628,assign,0
10845,35703.0,openat_www-data,9629,assign,0
10846,35703.0,openat_www-data,9630,assign,0
10847,35707.0,close_www-data,14,assign,0
10848,35707.0,openat_www-data,9631,assign,0
10849,35707.0,openat_www-data,9632,assign,0
10850,35707.0,openat_www-data,9633,assign,0
10851,35707.0,openat_www-data,9634,assign,0
10852,35711.0,close_www-data,14,assign,0
10853,35711.0,openat_www-data,9635,assign,0
10854,35711.0,openat_www-data,9636,assign,0
10855,35711.0,openat_www-data,9637,assign,0
10856,35711.0,openat_www-data,9638,assign,0
10857,35715.0,close_www-data,14,assign,0
10858,35715.0,openat_www-data,9639,assign,0
10859,35715.0,openat_www-data,9640,assign,0
10860,35715.0,openat_www-data,9641,assign,0
10861,35719.0,close_www-data,14,assign,0
10862,35719.0,openat_www-data,9642,assign,0
10863,35719.0,openat_www-data,9643,assign,0
10864,35719.0,openat_www-data,9644,assign,0
10865,35719.0,openat_www-data,9645,assign,0
10866,35719.0,openat_www-data,9646,assign,0
10867,35723.0,close_www-data,14,assign,0
10868,35723.0,openat_www-data,9647,assign,0
10869,35727.0,close_www-data,14,assign,0
10870,35727.0,openat_www-data,9648,assign,0
10871,35727.0,openat_www-data,9649,assign,0
10872,35727.0,openat_www-data,9650,assign,0
10873,35727.0,openat_www-data,9651,assign,0
10874,35727.0,openat_www-data,9652,assign,0
10875,35727.0,openat_www-data,9653,assign,0
10876,35731.0,close_www-data,14,assign,0
10877,35731.0,openat_www-data,9654,assign,0
10878,35731.0,openat_www-data,9655,assign,0
10879,35731.0,openat_www-data,9656,assign,0
10880,35731.0,openat_www-data,9657,assign,0
10881,35735.0,close_www-data,14,assign,0
10882,35735.0,openat_www-data,9658,assign,0
10883,35735.0,openat_www-data,9659,assign,0
10884,35735.0,openat_www-data,9660,assign,0
10885,35735.0,openat_www-data,9661,assign,0
10886,35739.0,openat_www-data,9662,assign,0
10887,35739.0,close_www-data,14,assign,0
10888,35739.0,openat_www-data,9663,assign,0
10889,35743.0,openat_www-data,9664,assign,0
10890,35743.0,close_www-data,14,assign,0
10891,35743.0,openat_www-data,9665,assign,0
10892,35743.0,openat_www-data,9666,assign,0
10893,35743.0,openat_www-data,9667,assign,0
10894,35743.0,openat_www-data,9668,assign,0
10895,35743.0,openat_www-data,9669,assign,0
10896,35747.0,close_www-data,14,assign,0
10897,35747.0,openat_www-data,9670,assign,0
10898,35747.0,openat_www-data,9671,assign,0
10899,35747.0,openat_www-data,9672,assign,0
10900,35751.0,close_www-data,14,assign,0
10901,35751.0,openat_www-data,9673,assign,0
10902,35751.0,openat_www-data,9674,assign,0
10903,35751.0,openat_www-data,9675,assign,0
10904,35751.0,openat_www-data,9676,assign,0
10905,35751.0,openat_www-data,9677,assign,0
10906,35755.0,close_www-data,14,assign,0
10907,35755.0,openat_www-data,9678,assign,0
10908,35755.0,openat_www-data,9679,assign,0
10909,35755.0,openat_www-data,9680,assign,0
10910,35759.0,openat_www-data,9681,assign,0
10911,35759.0,close_www-data,14,assign,0
10912,35759.0,openat_www-data,9682,assign,0
10913,35759.0,openat_www-data,9683,assign,0
10914,35759.0,openat_www-data,9684,assign,0
10915,35759.0,openat_www-data,9685,assign,0
10916,35759.0,openat_www-data,9686,assign,0
10917,35763.0,close_www-data,14,assign,0
10918,35763.0,openat_www-data,9687,assign,0
10919,35763.0,openat_www-data,9688,assign,0
10920,35763.0,openat_www-data,9689,assign,0
10921,35763.0,openat_www-data,9690,assign,0
10922,35767.0,close_www-data,14,assign,0
10923,35767.0,openat_www-data,9691,assign,0
10924,35767.0,openat_www-data,9692,assign,0
10925,35767.0,openat_www-data,9693,assign,0
10926,35767.0,openat_www-data,9694,assign,0
10927,35767.0,openat_www-data,9695,assign,0
10928,35771.0,openat_www-data,9696,assign,0
10929,35771.0,close_www-data,14,assign,0
10930,35771.0,openat_www-data,9697,assign,0
10931,35771.0,openat_www-data,9698,assign,0
10932,35771.0,openat_www-data,9699,assign,0
10933,35771.0,openat_www-data,9700,assign,0
10934,35771.0,openat_www-data,9701,assign,0
10935,35775.0,close_www-data,14,assign,0
10936,35775.0,openat_www-data,9702,assign,0
10937,35775.0,openat_www-data,9703,assign,0
10938,35775.0,openat_www-data,9704,assign,0
10939,35775.0,openat_www-data,9705,assign,0
10940,35775.0,openat_www-data,9706,assign,0
10941,35779.0,close_www-data,14,assign,0
10942,35779.0,openat_www-data,9707,assign,0
10943,35779.0,openat_www-data,9708,assign,0
10944,35779.0,openat_www-data,9709,assign,0
10945,35779.0,openat_www-data,9710,assign,0
10946,35779.0,openat_www-data,9711,assign,0
10947,35779.0,openat_www-data,9712,assign,0
10948,35783.0,close_www-data,14,assign,0
10949,35783.0,openat_www-data,9713,assign,0
10950,35783.0,openat_www-data,9714,assign,0
10951,35783.0,openat_www-data,9715,assign,0
10952,35787.0,close_www-data,14,assign,0
10953,35787.0,openat_www-data,9716,assign,0
10954,35787.0,openat_www-data,9717,assign,0
10955,35787.0,openat_www-data,9718,assign,0
10956,35787.0,openat_www-data,9719,assign,0
10957,35791.0,close_www-data,14,assign,0
10958,35791.0,openat_www-data,9720,assign,0
10959,35791.0,openat_www-data,9721,assign,0
10960,35791.0,openat_www-data,9722,assign,0
10961,35791.0,openat_www-data,9723,assign,0
10962,35791.0,openat_www-data,9724,assign,0
10963,35795.0,close_www-data,14,assign,0
10964,35795.0,openat_www-data,9725,assign,0
10965,35795.0,openat_www-data,9726,assign,0
10966,35795.0,openat_www-data,9727,assign,0
10967,35795.0,openat_www-data,9728,assign,0
10968,35795.0,openat_www-data,9729,assign,0
10969,35795.0,openat_www-data,9730,assign,0
10970,35795.0,openat_www-data,9731,assign,0
10971,35799.0,close_www-data,14,assign,0
10972,35799.0,openat_www-data,9732,assign,0
10973,35799.0,openat_www-data,9733,assign,0
10974,35799.0,openat_www-data,9734,assign,0
10975,35803.0,close_www-data,14,assign,0
10976,35803.0,openat_www-data,9735,assign,0
10977,35803.0,openat_www-data,9736,assign,0
10978,35803.0,openat_www-data,9737,assign,0
10979,35803.0,openat_www-data,9738,assign,0
10980,35803.0,openat_www-data,9739,assign,0
10981,35807.0,close_www-data,14,assign,0
10982,35807.0,openat_www-data,9740,assign,0
10983,35807.0,openat_www-data,9741,assign,0
10984,35807.0,openat_www-data,9742,assign,0
10985,35811.0,close_www-data,14,assign,0
10986,35811.0,openat_www-data,9743,assign,0
10987,35811.0,openat_www-data,9744,assign,0
10988,35811.0,openat_www-data,9745,assign,0
10989,35815.0,close_www-data,14,assign,0
10990,35815.0,openat_www-data,9746,assign,0
10991,35815.0,openat_www-data,9747,assign,0
10992,35815.0,openat_www-data,9748,assign,0
10993,35815.0,openat_www-data,9749,assign,0
10994,35815.0,openat_www-data,9750,assign,0
10995,35819.0,close_www-data,14,assign,0
10996,35819.0,openat_www-data,9751,assign,0
10997,35819.0,openat_www-data,9752,assign,0
10998,35819.0,openat_www-data,9753,assign,0
10999,35819.0,openat_www-data,9754,assign,0
11000,35823.0,close_www-data,14,assign,0
11001,35823.0,openat_www-data,9755,assign,0
11002,35823.0,openat_www-data,9756,assign,0
11003,35823.0,openat_www-data,9757,assign,0
11004,35823.0,openat_www-data,9758,assign,0
11005,35823.0,openat_www-data,9759,assign,0
11006,35823.0,openat_www-data,9760,assign,0
11007,35827.0,close_www-data,14,assign,0
11008,35831.0,openat_www-data,9761,assign,0
11009,35831.0,close_www-data,14,assign,0
11010,35831.0,openat_www-data,9762,assign,0
11011,35831.0,openat_www-data,9763,assign,0
11012,35831.0,openat_www-data,9764,assign,0
11013,35831.0,openat_www-data,9765,assign,0
11014,35831.0,openat_www-data,9766,assign,0
11015,35831.0,openat_www-data,9767,assign,0
11016,35835.0,close_www-data,14,assign,0
11017,35835.0,openat_www-data,9768,assign,0
11018,35835.0,openat_www-data,9769,assign,0
11019,35835.0,openat_www-data,9770,assign,0
11020,35835.0,openat_www-data,9771,assign,0
11021,35835.0,openat_www-data,9772,assign,0
11022,35839.0,close_www-data,14,assign,0
11023,35839.0,openat_www-data,9773,assign,0
11024,35839.0,openat_www-data,9774,assign,0
11025,35839.0,openat_www-data,9775,assign,0
11026,35839.0,openat_www-data,9776,assign,0
11027,35839.0,openat_www-data,9777,assign,0
11028,35843.0,close_www-data,14,assign,0
11029,35843.0,openat_www-data,9778,assign,0
11030,35843.0,openat_www-data,9779,assign,0
11031,35843.0,openat_www-data,9780,assign,0
11032,35843.0,openat_www-data,9781,assign,0
11033,35847.0,openat_www-data,9782,assign,0
11034,35847.0,close_www-data,14,assign,0
11035,35847.0,openat_www-data,9783,assign,0
11036,35847.0,openat_www-data,9784,assign,0
11037,35847.0,openat_www-data,9785,assign,0
11038,35851.0,close_www-data,14,assign,0
11039,35851.0,openat_www-data,9786,assign,0
11040,35851.0,openat_www-data,9787,assign,0
11041,35851.0,openat_www-data,9788,assign,0
11042,35851.0,openat_www-data,9789,assign,0
11043,35855.0,openat_www-data,9790,assign,0
11044,35855.0,close_www-data,14,assign,0
11045,35855.0,openat_www-data,9791,assign,0
11046,35855.0,openat_www-data,9792,assign,0
11047,35855.0,openat_www-data,9793,assign,0
11048,35855.0,openat_www-data,9794,assign,0
11049,35855.0,openat_www-data,9795,assign,0
11050,35859.0,close_www-data,14,assign,0
11051,35859.0,openat_www-data,9796,assign,0
11052,35859.0,openat_www-data,9797,assign,0
11053,35863.0,close_www-data,14,assign,0
11054,35863.0,openat_www-data,9798,assign,0
11055,35863.0,openat_www-data,9799,assign,0
11056,35863.0,openat_www-data,9800,assign,0
11057,35863.0,openat_www-data,9801,assign,0
11058,35863.0,openat_www-data,9802,assign,0
11059,35867.0,close_www-data,14,assign,0
11060,35867.0,openat_www-data,9803,assign,0
11061,35867.0,openat_www-data,9804,assign,0
11062,35867.0,openat_www-data,9805,assign,0
11063,35867.0,openat_www-data,9806,assign,0
11064,35867.0,openat_www-data,9807,assign,0
11065,35871.0,close_www-data,14,assign,0
11066,35871.0,openat_www-data,9808,assign,0
11067,35871.0,openat_www-data,9809,assign,0
11068,35871.0,openat_www-data,9810,assign,0
11069,35875.0,close_www-data,14,assign,0
11070,35875.0,openat_www-data,9811,assign,0
11071,35875.0,openat_www-data,9812,assign,0
11072,35875.0,openat_www-data,9813,assign,0
11073,35875.0,openat_www-data,9814,assign,0
11074,35875.0,openat_www-data,9815,assign,0
11075,35879.0,close_www-data,14,assign,0
11076,35879.0,openat_www-data,9816,assign,0
11077,35879.0,openat_www-data,9817,assign,0
11078,35879.0,openat_www-data,9818,assign,0
11079,35883.0,close_www-data,14,assign,0
11080,35883.0,openat_www-data,9819,assign,0
11081,35883.0,openat_www-data,9820,assign,0
11082,35883.0,openat_www-data,9821,assign,0
11083,35883.0,openat_www-data,9822,assign,0
11084,35887.0,openat_www-data,9823,assign,0
11085,35887.0,close_www-data,14,assign,0
11086,35887.0,openat_www-data,9824,assign,0
11087,35887.0,openat_www-data,9825,assign,0
11088,35887.0,openat_www-data,9826,assign,0
11089,35891.0,openat_www-data,9827,assign,0
11090,35891.0,close_www-data,14,assign,0
11091,35895.0,close_www-data,14,assign,0
11092,35895.0,openat_www-data,9828,assign,0
11093,35895.0,openat_www-data,9829,assign,0
11094,35895.0,openat_www-data,9830,assign,0
11095,35895.0,openat_www-data,9831,assign,0
11096,35895.0,openat_www-data,9832,assign,0
11097,35895.0,openat_www-data,9833,assign,0
11098,35895.0,openat_www-data,9834,assign,0
11099,35895.0,openat_www-data,9835,assign,0
11100,35899.0,close_www-data,14,assign,0
11101,35899.0,openat_www-data,9836,assign,0
11102,35899.0,openat_www-data,9837,assign,0
11103,35899.0,openat_www-data,9838,assign,0
11104,35903.0,openat_www-data,9839,assign,0
11105,35903.0,close_www-data,14,assign,0
11106,35903.0,openat_www-data,9840,assign,0
11107,35907.0,close_www-data,14,assign,0
11108,35907.0,openat_www-data,9841,assign,0
11109,35907.0,openat_www-data,9842,assign,0
11110,35907.0,openat_www-data,9843,assign,0
11111,35907.0,openat_www-data,9844,assign,0
11112,35907.0,openat_www-data,9845,assign,0
11113,35907.0,openat_www-data,9846,assign,0
11114,35907.0,openat_www-data,9847,assign,0
11115,35907.0,openat_www-data,9848,assign,0
11116,35907.0,openat_www-data,9849,assign,0
11117,35911.0,close_www-data,14,assign,0
11118,35911.0,openat_www-data,9850,assign,0
11119,35911.0,openat_www-data,9851,assign,0
11120,35911.0,close_www-data,14,assign,0
11121,35911.0,openat_www-data,9852,assign,0
11122,35911.0,close_www-data,14,assign,0
11123,35911.0,openat_www-data,9853,assign,0
11124,35911.0,close_www-data,14,assign,0
11125,35911.0,openat_www-data,9854,assign,0
11126,35915.0,openat_www-data,9855,assign,0
11127,35915.0,close_www-data,14,assign,0
11128,35915.0,openat_www-data,9856,assign,0
11129,35915.0,openat_www-data,9857,assign,0
11130,35915.0,openat_www-data,9858,assign,0
11131,35915.0,openat_www-data,9859,assign,0
11132,35915.0,openat_www-data,9860,assign,0
11133,35919.0,close_www-data,14,assign,0
11134,35919.0,openat_www-data,9861,assign,0
11135,35919.0,openat_www-data,9862,assign,0
11136,35923.0,openat_www-data,9863,assign,0
11137,35923.0,close_www-data,14,assign,0
11138,35923.0,openat_www-data,9864,assign,0
11139,35923.0,openat_www-data,9865,assign,0
11140,35923.0,openat_www-data,9866,assign,0
11141,35923.0,openat_www-data,9867,assign,0
11142,35927.0,close_www-data,14,assign,0
11143,35927.0,openat_www-data,9868,assign,0
11144,35927.0,openat_www-data,9869,assign,0
11145,35927.0,openat_www-data,9870,assign,0
11146,35931.0,openat_www-data,9871,assign,0
11147,35931.0,close_www-data,14,assign,0
11148,35931.0,openat_www-data,9872,assign,0
11149,35931.0,openat_www-data,9873,assign,0
11150,35931.0,openat_www-data,9874,assign,0
11151,35931.0,openat_www-data,9875,assign,0
11152,35931.0,openat_www-data,9876,assign,0
11153,35935.0,close_www-data,14,assign,0
11154,35935.0,openat_www-data,9877,assign,0
11155,35935.0,openat_www-data,9878,assign,0
11156,35935.0,openat_www-data,9879,assign,0
11157,35935.0,openat_www-data,9880,assign,0
11158,35935.0,openat_www-data,9881,assign,0
11159,35939.0,close_www-data,14,assign,0
11160,35939.0,openat_www-data,9882,assign,0
11161,35939.0,openat_www-data,9883,assign,0
11162,35939.0,openat_www-data,9884,assign,0
11163,35943.0,openat_www-data,9885,assign,0
11164,35943.0,close_www-data,14,assign,0
11165,35943.0,openat_www-data,9886,assign,0
11166,35943.0,openat_www-data,9887,assign,0
11167,35943.0,openat_www-data,9888,assign,0
11168,35943.0,openat_www-data,9889,assign,0
11169,35943.0,openat_www-data,9890,assign,0
11170,35943.0,openat_www-data,9891,assign,0
11171,35947.0,close_www-data,14,assign,0
11172,35947.0,openat_www-data,9892,assign,0
11173,35947.0,openat_www-data,9893,assign,0
11174,35947.0,openat_www-data,9894,assign,0
11175,35947.0,openat_www-data,9895,assign,0
11176,35951.0,close_www-data,14,assign,0
11177,35951.0,openat_www-data,9896,assign,0
11178,35951.0,openat_www-data,9897,assign,0
11179,35955.0,close_www-data,14,assign,0
11180,35955.0,openat_www-data,9898,assign,0
11181,35955.0,openat_www-data,9899,assign,0
11182,35955.0,openat_www-data,9900,assign,0
11183,35955.0,openat_www-data,9901,assign,0
11184,35955.0,openat_www-data,9902,assign,0
11185,35959.0,close_www-data,14,assign,0
11186,35959.0,openat_www-data,9903,assign,0
11187,35959.0,openat_www-data,9904,assign,0
11188,35959.0,openat_www-data,9905,assign,0
11189,35959.0,openat_www-data,9906,assign,0
11190,35963.0,close_www-data,14,assign,0
11191,35963.0,openat_www-data,9907,assign,0
11192,35963.0,openat_www-data,9908,assign,0
11193,35963.0,openat_www-data,9909,assign,0
11194,35963.0,openat_www-data,9910,assign,0
11195,35967.0,close_www-data,14,assign,0
11196,35967.0,openat_www-data,9911,assign,0
11197,35967.0,openat_www-data,9912,assign,0
11198,35967.0,openat_www-data,9913,assign,0
11199,35967.0,openat_www-data,9914,assign,0
11200,35967.0,openat_www-data,9915,assign,0
11201,35967.0,openat_www-data,9916,assign,0
11202,35971.0,openat_www-data,9917,assign,0
11203,35971.0,close_www-data,14,assign,0
11204,35971.0,openat_www-data,9918,assign,0
11205,35975.0,close_www-data,14,assign,0
11206,35975.0,openat_www-data,9919,assign,0
11207,35975.0,openat_www-data,9920,assign,0
11208,35975.0,openat_www-data,9921,assign,0
11209,35975.0,openat_www-data,9922,assign,0
11210,35979.0,close_www-data,14,assign,0
11211,35979.0,openat_www-data,9923,assign,0
11212,35979.0,openat_www-data,9924,assign,0
11213,35979.0,openat_www-data,9925,assign,0
11214,35979.0,openat_www-data,9926,assign,0
11215,35983.0,close_www-data,14,assign,0
11216,35983.0,openat_www-data,9927,assign,0
11217,35983.0,openat_www-data,9928,assign,0
11218,35983.0,openat_www-data,9929,assign,0
11219,35983.0,openat_www-data,9930,assign,0
11220,35987.0,close_www-data,14,assign,0
11221,35987.0,openat_www-data,9931,assign,0
11222,35987.0,openat_www-data,9932,assign,0
11223,35991.0,openat_www-data,9933,assign,0
11224,35991.0,close_www-data,14,assign,0
11225,35991.0,openat_www-data,9934,assign,0
11226,35991.0,openat_www-data,9935,assign,0
11227,35991.0,openat_www-data,9936,assign,0
11228,35991.0,openat_www-data,9937,assign,0
11229,35995.0,close_www-data,14,assign,0
11230,35995.0,openat_www-data,9938,assign,0
11231,35995.0,openat_www-data,9939,assign,0
11232,35995.0,openat_www-data,9940,assign,0
11233,35999.0,close_www-data,14,assign,0
11234,35999.0,openat_www-data,9941,assign,0
11235,35999.0,openat_www-data,9942,assign,0
11236,35999.0,openat_www-data,9943,assign,0
11237,35999.0,openat_www-data,9944,assign,0
11238,35999.0,openat_www-data,9945,assign,0
11239,36003.0,close_www-data,14,assign,0
11240,36003.0,openat_www-data,9946,assign,0
11241,36003.0,openat_www-data,9947,assign,0
11242,36003.0,openat_www-data,9948,assign,0
11243,36003.0,openat_www-data,9949,assign,0
11244,36003.0,openat_www-data,9950,assign,0
11245,36003.0,openat_www-data,9951,assign,0
11246,36007.0,close_www-data,14,assign,0
11247,36007.0,openat_www-data,9952,assign,0
11248,36007.0,openat_www-data,9953,assign,0
11249,36007.0,openat_www-data,9954,assign,0
11250,36007.0,openat_www-data,9955,assign,0
11251,36011.0,close_www-data,14,assign,0
11252,36011.0,openat_www-data,9956,assign,0
11253,36011.0,openat_www-data,9957,assign,0
11254,36011.0,openat_www-data,9958,assign,0
11255,36015.0,close_www-data,14,assign,0
11256,36015.0,openat_www-data,9959,assign,0
11257,36015.0,openat_www-data,9960,assign,0
11258,36015.0,openat_www-data,9961,assign,0
11259,36015.0,openat_www-data,9962,assign,0
11260,36015.0,openat_www-data,9963,assign,0
11261,36015.0,openat_www-data,9964,assign,0
11262,36019.0,close_www-data,14,assign,0
11263,36019.0,openat_www-data,9965,assign,0
11264,36019.0,openat_www-data,9966,assign,0
11265,36019.0,openat_www-data,9967,assign,0
11266,36019.0,openat_www-data,9968,assign,0
11267,36019.0,openat_www-data,9969,assign,0
11268,36019.0,openat_www-data,9970,assign,0
11269,36027.0,close_www-data,14,assign,0
11270,36027.0,openat_www-data,9971,assign,0
11271,36027.0,openat_www-data,9972,assign,0
11272,36027.0,openat_www-data,9973,assign,0
11273,36027.0,openat_www-data,9974,assign,0
11274,36027.0,openat_www-data,9975,assign,0
11275,36031.0,close_www-data,14,assign,0
11276,36031.0,openat_www-data,9976,assign,0
11277,36031.0,openat_www-data,9977,assign,0
11278,36031.0,openat_www-data,9978,assign,0
11279,36031.0,openat_www-data,9979,assign,0
11280,36035.0,close_www-data,14,assign,0
11281,36035.0,openat_www-data,9980,assign,0
11282,36039.0,close_www-data,14,assign,0
11283,36039.0,openat_www-data,9981,assign,0
11284,36039.0,openat_www-data,9982,assign,0
11285,36039.0,openat_www-data,9983,assign,0
11286,36039.0,openat_www-data,9984,assign,0
11287,36039.0,openat_www-data,9985,assign,0
11288,36043.0,close_www-data,14,assign,0
11289,36043.0,openat_www-data,9986,assign,0
11290,36043.0,openat_www-data,9987,assign,0
11291,36043.0,openat_www-data,9988,assign,0
11292,36043.0,openat_www-data,9989,assign,0
11293,36047.0,openat_www-data,9990,assign,0
11294,36047.0,close_www-data,14,assign,0
11295,36047.0,openat_www-data,9991,assign,0
11296,36047.0,openat_www-data,9992,assign,0
11297,36047.0,openat_www-data,9993,assign,0
11298,36051.0,close_www-data,14,assign,0
11299,36051.0,openat_www-data,9994,assign,0
11300,36051.0,openat_www-data,9995,assign,0
11301,36051.0,openat_www-data,9996,assign,0
11302,36051.0,openat_www-data,9997,assign,0
11303,36055.0,close_www-data,14,assign,0
11304,36059.0,openat_www-data,9998,assign,0
11305,36059.0,close_www-data,14,assign,0
11306,36059.0,openat_www-data,9999,assign,0
11307,36059.0,openat_www-data,10000,assign,0
11308,36059.0,openat_www-data,10001,assign,0
11309,36063.0,openat_www-data,10002,assign,0
11310,36063.0,close_www-data,14,assign,0
11311,36063.0,openat_www-data,10003,assign,0
11312,36063.0,openat_www-data,10004,assign,0
11313,36063.0,openat_www-data,10005,assign,0
11314,36067.0,openat_www-data,10006,assign,0
11315,36071.0,close_www-data,14,assign,0
11316,36071.0,openat_www-data,10007,assign,0
11317,36071.0,openat_www-data,10008,assign,0
11318,36071.0,openat_www-data,10009,assign,0
11319,36071.0,openat_www-data,10010,assign,0
11320,36071.0,openat_www-data,10011,assign,0
11321,36075.0,close_www-data,14,assign,0
11322,36075.0,openat_www-data,10012,assign,0
11323,36075.0,openat_www-data,10013,assign,0
11324,36075.0,openat_www-data,10014,assign,0
11325,36075.0,openat_www-data,10015,assign,0
11326,36079.0,close_www-data,14,assign,0
11327,36079.0,openat_root,2,assign,0
11328,36079.0,openat_www-data,10016,assign,0
11329,36079.0,close_root,0,assign,0
11330,36079.0,openat_root,2,assign,0
11331,36079.0,openat_root,2,assign,0
11332,36083.0,close_root,0,assign,0
11333,36083.0,openat_www-data,10017,assign,0
11334,36083.0,openat_root,2,assign,0
11335,36083.0,close_www-data,14,assign,0
11336,36083.0,openat_www-data,10018,assign,0
11337,36083.0,openat_root,2,assign,0
11338,36083.0,openat_www-data,10019,assign,0
11339,36083.0,openat_root,2,assign,0
11340,36087.0,close_www-data,14,assign,0
11341,36087.0,openat_www-data,10020,assign,0
11342,36087.0,close_root,1,assign,0
11343,36087.0,openat_root,2,assign,0
11344,36087.0,openat_www-data,10021,assign,0
11345,36087.0,openat_root,2,assign,0
11346,36091.0,openat_www-data,10022,assign,0
11347,36091.0,close_www-data,14,assign,0
11348,36087.0,openat_root,2,assign,0
11349,36091.0,openat_www-data,10023,assign,0
11350,36091.0,openat_www-data,10024,assign,0
11351,36091.0,close_root,1,assign,0
11352,36091.0,openat_root,2,assign,0
11353,36091.0,openat_www-data,10025,assign,0
11354,36095.0,openat_root,2,assign,0
11355,36095.0,openat_root,2,assign,0
11356,36095.0,close_root,1,assign,0
11357,36095.0,close_root,1,assign,0
11358,36095.0,openat_root,9,assign,0
11359,36095.0,openat_root,0,assign,0
11360,36095.0,openat_root,9,assign,0
11361,36095.0,openat_root,0,assign,0
11362,36095.0,openat_root,0,assign,0
11363,36095.0,openat_root,0,assign,0
11364,36099.0,close_www-data,14,assign,0
11365,36099.0,openat_www-data,10026,assign,0
11366,36099.0,close_root,1,assign,0
11367,36099.0,openat_www-data,10027,assign,0
11368,36099.0,openat_root,0,assign,0
11369,36099.0,openat_www-data,10028,assign,0
11370,36099.0,openat_root,0,assign,0
11371,36103.0,openat_root,0,assign,0
11372,36103.0,close_root,1,assign,0
11373,36103.0,openat_root,0,assign,0
11374,36103.0,openat_root,0,assign,0
11375,36103.0,openat_root,0,assign,0
11376,36103.0,openat_root,0,assign,0
11377,36103.0,openat_root,0,assign,0
11378,36103.0,openat_root,0,assign,0
11379,36107.0,close_root,1,assign,0
11380,36107.0,close_www-data,14,assign,0
11381,36107.0,openat_root,0,assign,0
11382,36107.0,openat_root,0,assign,0
11383,36107.0,openat_www-data,10029,assign,0
11384,36107.0,openat_www-data,10030,assign,0
11385,36111.0,close_www-data,14,assign,0
11386,36111.0,openat_www-data,10031,assign,0
11387,36111.0,openat_www-data,10032,assign,0
11388,36111.0,openat_www-data,10033,assign,0
11389,36111.0,openat_www-data,10034,assign,0
11390,36111.0,openat_www-data,10035,assign,0
11391,36111.0,openat_www-data,10036,assign,0
11392,36111.0,openat_www-data,10037,assign,0
11393,36115.0,close_www-data,14,assign,0
11394,36115.0,openat_www-data,10038,assign,0
11395,36119.0,close_www-data,14,assign,0
11396,36119.0,openat_www-data,10039,assign,0
11397,36119.0,openat_www-data,10040,assign,0
11398,36119.0,openat_www-data,10041,assign,0
11399,36119.0,openat_www-data,10042,assign,0
11400,36119.0,openat_www-data,10043,assign,0
11401,36123.0,close_www-data,14,assign,0
11402,36123.0,openat_www-data,10044,assign,0
11403,36123.0,openat_www-data,10045,assign,0
11404,36127.0,close_www-data,14,assign,0
11405,36127.0,openat_www-data,10046,assign,0
11406,36127.0,openat_www-data,10047,assign,0
11407,36127.0,openat_www-data,10048,assign,0
11408,36127.0,openat_www-data,10049,assign,0
11409,36131.0,close_www-data,14,assign,0
11410,36131.0,openat_www-data,10050,assign,0
11411,36131.0,openat_www-data,10051,assign,0
11412,36131.0,openat_www-data,10052,assign,0
11413,36135.0,close_www-data,14,assign,0
11414,36135.0,openat_www-data,10053,assign,0
11415,36135.0,openat_www-data,10054,assign,0
11416,36135.0,openat_www-data,10055,assign,0
11417,36135.0,openat_www-data,10056,assign,0
11418,36135.0,openat_www-data,10057,assign,0
11419,36139.0,close_www-data,14,assign,0
11420,36139.0,openat_www-data,10058,assign,0
11421,36139.0,openat_www-data,10059,assign,0
11422,36139.0,openat_www-data,10060,assign,0
11423,36139.0,openat_www-data,10061,assign,0
11424,36143.0,close_www-data,14,assign,0
11425,36143.0,openat_www-data,10062,assign,0
11426,36143.0,openat_www-data,10063,assign,0
11427,36147.0,close_www-data,14,assign,0
11428,36147.0,openat_www-data,10064,assign,0
11429,36147.0,openat_www-data,10065,assign,0
11430,36151.0,openat_www-data,10066,assign,0
11431,36151.0,close_www-data,14,assign,0
11432,36151.0,openat_www-data,10067,assign,0
11433,36151.0,openat_www-data,10068,assign,0
11434,36151.0,openat_www-data,10069,assign,0
11435,36155.0,close_www-data,14,assign,0
11436,36155.0,openat_www-data,10070,assign,0
11437,36155.0,openat_www-data,10071,assign,0
11438,36155.0,openat_www-data,10072,assign,0
11439,36155.0,openat_www-data,10073,assign,0
11440,36159.0,close_www-data,14,assign,0
11441,36159.0,openat_www-data,10074,assign,0
11442,36159.0,openat_www-data,10075,assign,0
11443,36159.0,openat_www-data,10076,assign,0
11444,36159.0,openat_www-data,10077,assign,0
11445,36163.0,close_www-data,14,assign,0
11446,36163.0,openat_www-data,10078,assign,0
11447,36167.0,openat_www-data,10079,assign,0
11448,36167.0,close_www-data,14,assign,0
11449,36167.0,openat_www-data,10080,assign,0
11450,36171.0,openat_www-data,10081,assign,0
11451,36171.0,close_www-data,14,assign,0
11452,36171.0,openat_www-data,10082,assign,0
11453,36171.0,openat_www-data,10083,assign,0
11454,36171.0,openat_www-data,10084,assign,0
11455,36175.0,close_www-data,14,assign,0
11456,36175.0,openat_www-data,10085,assign,0
11457,36175.0,openat_www-data,10086,assign,0
11458,36175.0,openat_www-data,10087,assign,0
11459,36175.0,openat_www-data,10088,assign,0
11460,36179.0,close_www-data,14,assign,0
11461,36179.0,openat_www-data,10089,assign,0
11462,36179.0,openat_www-data,10090,assign,0
11463,36179.0,openat_www-data,10091,assign,0
11464,36179.0,openat_www-data,10092,assign,0
11465,36179.0,openat_www-data,10093,assign,0
11466,36183.0,close_www-data,14,assign,0
11467,36183.0,openat_www-data,10094,assign,0
11468,36183.0,openat_www-data,10095,assign,0
11469,36183.0,openat_www-data,10096,assign,0
11470,36183.0,openat_www-data,10097,assign,0
11471,36183.0,openat_www-data,10098,assign,0
11472,36187.0,close_www-data,14,assign,0
11473,36187.0,openat_www-data,10099,assign,0
11474,36187.0,openat_www-data,10100,assign,0
11475,36187.0,openat_www-data,10101,assign,0
11476,36191.0,close_www-data,14,assign,0
11477,36191.0,openat_www-data,10102,assign,0
11478,36191.0,openat_www-data,10103,assign,0
11479,36191.0,openat_www-data,10104,assign,0
11480,36195.0,openat_www-data,10105,assign,0
11481,36195.0,close_www-data,14,assign,0
11482,36195.0,openat_www-data,10106,assign,0
11483,36195.0,openat_www-data,10107,assign,0
11484,36195.0,openat_www-data,10108,assign,0
11485,36199.0,close_www-data,14,assign,0
11486,36199.0,openat_www-data,10109,assign,0
11487,36199.0,openat_www-data,10110,assign,0
11488,36199.0,openat_www-data,10111,assign,0
11489,36199.0,openat_www-data,10112,assign,0
11490,36199.0,openat_www-data,10113,assign,0
11491,36203.0,close_www-data,14,assign,0
11492,36203.0,openat_www-data,10114,assign,0
11493,36203.0,openat_www-data,10115,assign,0
11494,36203.0,openat_www-data,10116,assign,0
11495,36203.0,openat_www-data,10117,assign,0
11496,36207.0,close_www-data,14,assign,0
11497,36207.0,openat_www-data,10118,assign,0
11498,36207.0,openat_www-data,10119,assign,0
11499,36207.0,openat_www-data,10120,assign,0
11500,36207.0,openat_www-data,10121,assign,0
11501,36207.0,openat_www-data,10122,assign,0
11502,36211.0,openat_www-data,10123,assign,0
11503,36211.0,close_www-data,14,assign,0
11504,36211.0,openat_www-data,10124,assign,0
11505,36215.0,openat_www-data,10125,assign,0
11506,36215.0,close_www-data,14,assign,0
11507,36215.0,openat_www-data,10126,assign,0
11508,36215.0,openat_www-data,10127,assign,0
11509,36215.0,openat_www-data,10128,assign,0
11510,36215.0,openat_www-data,10129,assign,0
11511,36219.0,close_www-data,14,assign,0
11512,36219.0,openat_www-data,10130,assign,0
11513,36219.0,openat_www-data,10131,assign,0
11514,36219.0,openat_www-data,10132,assign,0
11515,36219.0,openat_www-data,10133,assign,0
11516,36219.0,openat_www-data,10134,assign,0
11517,36223.0,close_www-data,14,assign,0
11518,36223.0,openat_www-data,10135,assign,0
11519,36223.0,openat_www-data,10136,assign,0
11520,36223.0,openat_www-data,10137,assign,0
11521,36223.0,openat_www-data,10138,assign,0
11522,36223.0,openat_www-data,10139,assign,0
11523,36227.0,close_www-data,14,assign,0
11524,36227.0,openat_www-data,10140,assign,0
11525,36227.0,openat_www-data,10141,assign,0
11526,36231.0,close_www-data,14,assign,0
11527,36231.0,openat_www-data,10142,assign,0
11528,36231.0,openat_www-data,10143,assign,0
11529,36231.0,openat_www-data,10144,assign,0
11530,36235.0,openat_www-data,10145,assign,0
11531,36235.0,close_www-data,14,assign,0
11532,36235.0,openat_www-data,10146,assign,0
11533,36235.0,openat_www-data,10147,assign,0
11534,36235.0,openat_www-data,10148,assign,0
11535,36235.0,openat_www-data,10149,assign,0
11536,36239.0,close_www-data,14,assign,0
11537,36239.0,openat_www-data,10150,assign,0
11538,36239.0,openat_www-data,10151,assign,0
11539,36243.0,close_www-data,14,assign,0
11540,36243.0,openat_www-data,10152,assign,0
11541,36243.0,openat_www-data,10153,assign,0
11542,36243.0,openat_www-data,10154,assign,0
11543,36243.0,openat_www-data,10155,assign,0
11544,36243.0,openat_www-data,10156,assign,0
11545,36243.0,openat_www-data,10157,assign,0
11546,36247.0,close_www-data,14,assign,0
11547,36247.0,openat_www-data,10158,assign,0
11548,36247.0,openat_www-data,10159,assign,0
11549,36247.0,openat_www-data,10160,assign,0
11550,36247.0,openat_www-data,10161,assign,0
11551,36251.0,close_www-data,14,assign,0
11552,36251.0,openat_www-data,10162,assign,0
11553,36251.0,openat_www-data,10163,assign,0
11554,36251.0,openat_www-data,10164,assign,0
11555,36251.0,openat_www-data,10165,assign,0
11556,36251.0,openat_www-data,10166,assign,0
11557,36251.0,openat_www-data,10167,assign,0
11558,36255.0,close_www-data,14,assign,0
11559,36255.0,openat_www-data,10168,assign,0
11560,36255.0,openat_www-data,10169,assign,0
11561,36255.0,openat_www-data,10170,assign,0
11562,36255.0,openat_www-data,10171,assign,0
11563,36259.0,close_www-data,14,assign,0
11564,36259.0,openat_www-data,10172,assign,0
11565,36259.0,openat_www-data,10173,assign,0
11566,36259.0,openat_www-data,10174,assign,0
11567,36259.0,openat_www-data,10175,assign,0
11568,36263.0,close_www-data,14,assign,0
11569,36263.0,openat_www-data,10176,assign,0
11570,36263.0,openat_www-data,10177,assign,0
11571,36263.0,openat_www-data,10178,assign,0
11572,36263.0,openat_www-data,10179,assign,0
11573,36263.0,openat_www-data,10180,assign,0
11574,36263.0,openat_www-data,10181,assign,0
11575,36267.0,close_www-data,14,assign,0
11576,36267.0,openat_www-data,10182,assign,0
11577,36267.0,openat_www-data,10183,assign,0
11578,36267.0,openat_www-data,10184,assign,0
11579,36267.0,openat_www-data,10185,assign,0
11580,36267.0,openat_www-data,10186,assign,0
11581,36271.0,close_www-data,14,assign,0
11582,36271.0,openat_www-data,10187,assign,0
11583,36271.0,openat_www-data,10188,assign,0
11584,36271.0,openat_www-data,10189,assign,0
11585,36275.0,close_www-data,14,assign,0
11586,36275.0,openat_www-data,10190,assign,0
11587,36275.0,openat_www-data,10191,assign,0
11588,36275.0,openat_www-data,10192,assign,0
11589,36275.0,openat_www-data,10193,assign,0
11590,36275.0,openat_www-data,10194,assign,0
11591,36275.0,openat_www-data,10195,assign,0
11592,36279.0,close_www-data,14,assign,0
11593,36279.0,openat_www-data,10196,assign,0
11594,36279.0,openat_www-data,10197,assign,0
11595,36279.0,openat_www-data,10198,assign,0
11596,36279.0,openat_www-data,10199,assign,0
11597,36279.0,openat_www-data,10200,assign,0
11598,36279.0,openat_www-data,10201,assign,0
11599,36283.0,close_www-data,14,assign,0
11600,36283.0,openat_www-data,10202,assign,0
11601,36287.0,openat_www-data,10203,assign,0
11602,36287.0,close_www-data,14,assign,0
11603,36287.0,openat_www-data,10204,assign,0
11604,36287.0,openat_www-data,10205,assign,0
11605,36287.0,openat_www-data,10206,assign,0
11606,36287.0,openat_www-data,10207,assign,0
11607,36291.0,close_www-data,14,assign,0
11608,36291.0,openat_www-data,10208,assign,0
11609,36291.0,openat_www-data,10209,assign,0
11610,36291.0,openat_www-data,10210,assign,0
11611,36291.0,openat_www-data,10211,assign,0
11612,36295.0,close_www-data,14,assign,0
11613,36295.0,openat_www-data,10212,assign,0
11614,36295.0,openat_www-data,10213,assign,0
11615,36295.0,openat_www-data,10214,assign,0
11616,36295.0,openat_www-data,10215,assign,0
11617,36299.0,close_www-data,14,assign,0
11618,36299.0,openat_www-data,10216,assign,0
11619,36299.0,openat_www-data,10217,assign,0
11620,36299.0,openat_www-data,10218,assign,0
11621,36299.0,openat_www-data,10219,assign,0
11622,36299.0,openat_www-data,10220,assign,0
11623,36303.0,close_www-data,14,assign,0
11624,36303.0,openat_www-data,10221,assign,0
11625,36303.0,openat_www-data,10222,assign,0
11626,36303.0,openat_www-data,10223,assign,0
11627,36303.0,openat_www-data,10224,assign,0
11628,36303.0,openat_www-data,10225,assign,0
11629,36307.0,close_www-data,14,assign,0
11630,36307.0,openat_www-data,10226,assign,0
11631,36307.0,openat_www-data,10227,assign,0
11632,36307.0,openat_www-data,10228,assign,0
11633,36307.0,openat_www-data,10229,assign,0
11634,36307.0,openat_www-data,10230,assign,0
11635,36307.0,openat_www-data,10231,assign,0
11636,36311.0,openat_www-data,10232,assign,0
11637,36311.0,close_www-data,14,assign,0
11638,36311.0,openat_www-data,10233,assign,0
11639,36311.0,openat_www-data,10234,assign,0
11640,36311.0,openat_www-data,10235,assign,0
11641,36315.0,openat_www-data,10236,assign,0
11642,36315.0,close_www-data,14,assign,0
11643,36315.0,openat_www-data,10237,assign,0
11644,36315.0,openat_www-data,10238,assign,0
11645,36315.0,openat_www-data,10239,assign,0
11646,36319.0,close_www-data,14,assign,0
11647,36319.0,openat_www-data,10240,assign,0
11648,36319.0,openat_www-data,10241,assign,0
11649,36319.0,openat_www-data,10242,assign,0
11650,36323.0,close_www-data,14,assign,0
11651,36323.0,openat_www-data,10243,assign,0
11652,36323.0,openat_www-data,10244,assign,0
11653,36323.0,openat_www-data,10245,assign,0
11654,36327.0,close_www-data,14,assign,0
11655,36327.0,openat_www-data,10246,assign,0
11656,36331.0,openat_www-data,10247,assign,0
11657,36331.0,close_www-data,14,assign,0
11658,36331.0,openat_www-data,10248,assign,0
11659,36331.0,openat_www-data,10249,assign,0
11660,36331.0,openat_www-data,10250,assign,0
11661,36331.0,openat_www-data,10251,assign,0
11662,36331.0,openat_www-data,10252,assign,0
11663,36335.0,close_www-data,14,assign,0
11664,36335.0,openat_www-data,10253,assign,0
11665,36335.0,openat_www-data,10254,assign,0
11666,36335.0,openat_www-data,10255,assign,0
11667,36335.0,openat_www-data,10256,assign,0
11668,36339.0,openat_www-data,10257,assign,0
11669,36339.0,close_www-data,14,assign,0
11670,36339.0,openat_www-data,10258,assign,0
11671,36339.0,openat_www-data,10259,assign,0
11672,36339.0,openat_www-data,10260,assign,0
11673,36343.0,openat_www-data,10261,assign,0
11674,36343.0,close_www-data,14,assign,0
11675,36343.0,openat_www-data,10262,assign,0
11676,36343.0,openat_www-data,10263,assign,0
11677,36343.0,openat_www-data,10264,assign,0
11678,36347.0,close_www-data,14,assign,0
11679,36347.0,openat_www-data,10265,assign,0
11680,36347.0,openat_www-data,10266,assign,0
11681,36347.0,openat_www-data,10267,assign,0
11682,36351.0,close_www-data,14,assign,0
11683,36351.0,openat_www-data,10268,assign,0
11684,36351.0,openat_www-data,10269,assign,0
11685,36351.0,openat_www-data,10270,assign,0
11686,36355.0,close_www-data,14,assign,0
11687,36355.0,openat_www-data,10271,assign,0
11688,36355.0,openat_www-data,10272,assign,0
11689,36355.0,openat_www-data,10273,assign,0
11690,36355.0,openat_www-data,10274,assign,0
11691,36359.0,close_www-data,14,assign,0
11692,36359.0,openat_www-data,10275,assign,0
11693,36359.0,openat_www-data,10276,assign,0
11694,36363.0,close_www-data,14,assign,0
11695,36363.0,openat_www-data,10277,assign,0
11696,36363.0,openat_www-data,10278,assign,0
11697,36363.0,openat_www-data,10279,assign,0
11698,36363.0,openat_www-data,10280,assign,0
11699,36367.0,close_www-data,14,assign,0
11700,36367.0,openat_www-data,10281,assign,0
11701,36367.0,openat_www-data,10282,assign,0
11702,36367.0,openat_www-data,10283,assign,0
11703,36367.0,openat_www-data,10284,assign,0
11704,36371.0,close_www-data,14,assign,0
11705,36371.0,openat_www-data,10285,assign,0
11706,36371.0,openat_www-data,10286,assign,0
11707,36371.0,openat_www-data,10287,assign,0
11708,36371.0,openat_www-data,10288,assign,0
11709,36371.0,openat_www-data,10289,assign,0
11710,36375.0,close_www-data,14,assign,0
11711,36375.0,openat_www-data,10290,assign,0
11712,36375.0,openat_www-data,10291,assign,0
11713,36375.0,openat_www-data,10292,assign,0
11714,36375.0,openat_www-data,10293,assign,0
11715,36375.0,openat_www-data,10294,assign,0
11716,36379.0,close_www-data,14,assign,0
11717,36379.0,openat_www-data,10295,assign,0
11718,36379.0,openat_www-data,10296,assign,0
11719,36383.0,close_www-data,14,assign,0
11720,36383.0,openat_www-data,10297,assign,0
11721,36383.0,openat_www-data,10298,assign,0
11722,36383.0,openat_www-data,10299,assign,0
11723,36383.0,openat_www-data,10300,assign,0
11724,36387.0,close_www-data,14,assign,0
11725,36387.0,openat_www-data,10301,assign,0
11726,36387.0,close_www-data,14,assign,0
11727,36387.0,openat_www-data,10302,assign,0
11728,36387.0,openat_www-data,10303,assign,0
11729,36387.0,openat_www-data,10304,assign,0
11730,36387.0,openat_www-data,10305,assign,0
11731,36391.0,close_www-data,14,assign,0
11732,36391.0,openat_www-data,10306,assign,0
11733,36391.0,openat_www-data,10307,assign,0
11734,36391.0,openat_www-data,10308,assign,0
11735,36395.0,close_www-data,14,assign,0
11736,36395.0,openat_www-data,10309,assign,0
11737,36399.0,close_www-data,14,assign,0
11738,36399.0,openat_www-data,10310,assign,0
11739,36399.0,openat_www-data,10311,assign,0
11740,36399.0,openat_www-data,10312,assign,0
11741,36399.0,openat_www-data,10313,assign,0
11742,36399.0,openat_www-data,10314,assign,0
11743,36403.0,close_www-data,14,assign,0
11744,36403.0,openat_www-data,10315,assign,0
11745,36403.0,openat_www-data,10316,assign,0
11746,36403.0,openat_www-data,10317,assign,0
11747,36403.0,openat_www-data,10318,assign,0
11748,36411.0,close_www-data,14,assign,0
11749,36411.0,openat_www-data,10319,assign,0
11750,36411.0,openat_www-data,10320,assign,0
11751,36411.0,openat_www-data,10321,assign,0
11752,36411.0,openat_www-data,10322,assign,0
11753,36411.0,openat_www-data,10323,assign,0
11754,36411.0,openat_www-data,10324,assign,0
11755,36415.0,close_www-data,14,assign,0
11756,36415.0,openat_www-data,10325,assign,0
11757,36415.0,openat_www-data,10326,assign,0
11758,36415.0,openat_www-data,10327,assign,0
11759,36415.0,openat_www-data,10328,assign,0
11760,36419.0,close_www-data,14,assign,0
11761,36419.0,openat_www-data,10329,assign,0
11762,36419.0,openat_www-data,10330,assign,0
11763,36419.0,openat_www-data,10331,assign,0
11764,36419.0,openat_www-data,10332,assign,0
11765,36419.0,openat_www-data,10333,assign,0
11766,36419.0,openat_www-data,10334,assign,0
11767,36423.0,close_www-data,14,assign,0
11768,36423.0,openat_www-data,10335,assign,0
11769,36423.0,openat_www-data,10336,assign,0
11770,36423.0,openat_www-data,10337,assign,0
11771,36427.0,close_www-data,14,assign,0
11772,36427.0,openat_www-data,10338,assign,0
11773,36427.0,openat_www-data,10339,assign,0
11774,36427.0,openat_www-data,10340,assign,0
11775,36427.0,openat_www-data,10341,assign,0
11776,36431.0,close_www-data,14,assign,0
11777,36431.0,openat_www-data,10342,assign,0
11778,36431.0,openat_www-data,10343,assign,0
11779,36431.0,openat_www-data,10344,assign,0
11780,36431.0,openat_www-data,10345,assign,0
11781,36435.0,close_www-data,14,assign,0
11782,36435.0,openat_www-data,10346,assign,0
11783,36435.0,openat_www-data,10347,assign,0
11784,36435.0,openat_www-data,10348,assign,0
11785,36435.0,openat_www-data,10349,assign,0
11786,36439.0,close_www-data,14,assign,0
11787,36439.0,openat_www-data,10350,assign,0
11788,36439.0,openat_www-data,10351,assign,0
11789,36439.0,openat_www-data,10352,assign,0
11790,36439.0,openat_www-data,10353,assign,0
11791,36443.0,close_www-data,14,assign,0
11792,36443.0,openat_www-data,10354,assign,0
11793,36443.0,openat_www-data,10355,assign,0
11794,36443.0,openat_www-data,10356,assign,0
11795,36443.0,openat_www-data,10357,assign,0
11796,36443.0,openat_www-data,10358,assign,0
11797,36443.0,openat_www-data,10359,assign,0
11798,36447.0,close_www-data,14,assign,0
11799,36447.0,openat_www-data,10360,assign,0
11800,36447.0,openat_www-data,10361,assign,0
11801,36451.0,close_www-data,14,assign,0
11802,36451.0,openat_www-data,10362,assign,0
11803,36451.0,openat_www-data,10363,assign,0
11804,36451.0,openat_www-data,10364,assign,0
11805,36451.0,openat_www-data,10365,assign,0
11806,36451.0,openat_www-data,10366,assign,0
11807,36455.0,openat_www-data,10367,assign,0
11808,36455.0,close_www-data,14,assign,0
11809,36455.0,openat_www-data,10368,assign,0
11810,36455.0,openat_www-data,10369,assign,0
11811,36455.0,openat_www-data,10370,assign,0
11812,36455.0,openat_www-data,10371,assign,0
11813,36455.0,openat_www-data,10372,assign,0
11814,36459.0,close_www-data,14,assign,0
11815,36459.0,openat_www-data,10373,assign,0
11816,36459.0,openat_www-data,10374,assign,0
11817,36459.0,openat_www-data,10375,assign,0
11818,36459.0,openat_www-data,10376,assign,0
11819,36459.0,openat_www-data,10377,assign,0
11820,36463.0,close_www-data,14,assign,0
11821,36467.0,close_www-data,14,assign,0
11822,36467.0,openat_www-data,10378,assign,0
11823,36467.0,openat_www-data,10379,assign,0
11824,36467.0,openat_www-data,10380,assign,0
11825,36467.0,openat_www-data,10381,assign,0
11826,36467.0,openat_www-data,10382,assign,0
11827,36467.0,openat_www-data,10383,assign,0
11828,36471.0,openat_www-data,10384,assign,0
11829,36471.0,close_www-data,14,assign,0
11830,36471.0,openat_www-data,10385,assign,0
11831,36471.0,openat_www-data,10386,assign,0
11832,36475.0,close_www-data,14,assign,0
11833,36475.0,openat_www-data,10387,assign,0
11834,36475.0,openat_www-data,10388,assign,0
11835,36475.0,openat_www-data,10389,assign,0
11836,36475.0,openat_www-data,10390,assign,0
11837,36479.0,close_www-data,14,assign,0
11838,36479.0,openat_www-data,10391,assign,0
11839,36479.0,openat_www-data,10392,assign,0
11840,36479.0,openat_www-data,10393,assign,0
11841,36479.0,openat_www-data,10394,assign,0
11842,36479.0,openat_www-data,10395,assign,0
11843,36483.0,close_www-data,14,assign,0
11844,36483.0,openat_www-data,10396,assign,0
11845,36483.0,openat_www-data,10397,assign,0
11846,36483.0,openat_www-data,10398,assign,0
11847,36483.0,openat_www-data,10399,assign,0
11848,36483.0,openat_www-data,10400,assign,0
11849,36487.0,close_www-data,14,assign,0
11850,36487.0,openat_www-data,10401,assign,0
11851,36487.0,openat_www-data,10402,assign,0
11852,36487.0,openat_www-data,10403,assign,0
11853,36487.0,openat_www-data,10404,assign,0
11854,36491.0,close_www-data,14,assign,0
11855,36491.0,openat_www-data,10405,assign,0
11856,36491.0,openat_www-data,10406,assign,0
11857,36491.0,openat_www-data,10407,assign,0
11858,36491.0,openat_www-data,10408,assign,0
11859,36491.0,openat_www-data,10409,assign,0
11860,36495.0,close_www-data,14,assign,0
11861,36495.0,openat_www-data,10410,assign,0
11862,36495.0,openat_www-data,10411,assign,0
11863,36495.0,openat_www-data,10412,assign,0
11864,36495.0,openat_www-data,10413,assign,0
11865,36495.0,openat_www-data,10414,assign,0
11866,36499.0,close_www-data,14,assign,0
11867,36499.0,openat_www-data,10415,assign,0
11868,36499.0,openat_www-data,10416,assign,0
11869,36503.0,close_www-data,14,assign,0
11870,36503.0,openat_www-data,10417,assign,0
11871,36503.0,openat_www-data,10418,assign,0
11872,36503.0,openat_www-data,10419,assign,0
11873,36503.0,openat_www-data,10420,assign,0
11874,36503.0,openat_www-data,10421,assign,0
11875,36507.0,close_www-data,14,assign,0
11876,36507.0,openat_www-data,10422,assign,0
11877,36507.0,openat_www-data,10423,assign,0
11878,36507.0,openat_www-data,10424,assign,0
11879,36507.0,openat_www-data,10425,assign,0
11880,36507.0,openat_www-data,10426,assign,0
11881,36511.0,close_www-data,14,assign,0
11882,36511.0,openat_www-data,10427,assign,0
11883,36511.0,openat_www-data,10428,assign,0
11884,36511.0,openat_www-data,10429,assign,0
11885,36511.0,openat_www-data,10430,assign,0
11886,36511.0,openat_www-data,10431,assign,0
11887,36515.0,close_www-data,14,assign,0
11888,36515.0,openat_www-data,10432,assign,0
11889,36515.0,openat_www-data,10433,assign,0
11890,36515.0,openat_www-data,10434,assign,0
11891,36515.0,openat_www-data,10435,assign,0
11892,36515.0,openat_www-data,10436,assign,0
11893,36519.0,openat_www-data,10437,assign,0
11894,36519.0,close_www-data,14,assign,0
11895,36519.0,openat_www-data,10438,assign,0
11896,36519.0,openat_www-data,10439,assign,0
11897,36519.0,openat_www-data,10440,assign,0
11898,36523.0,openat_www-data,10441,assign,0
11899,36523.0,close_www-data,14,assign,0
11900,36523.0,openat_www-data,10442,assign,0
11901,36523.0,openat_www-data,10443,assign,0
11902,36523.0,openat_www-data,10444,assign,0
11903,36523.0,openat_www-data,10445,assign,0
11904,36527.0,close_www-data,14,assign,0
11905,36527.0,openat_www-data,10446,assign,0
11906,36527.0,openat_www-data,10447,assign,0
11907,36527.0,openat_www-data,10448,assign,0
11908,36527.0,openat_www-data,10449,assign,0
11909,36527.0,openat_www-data,10450,assign,0
11910,36527.0,openat_www-data,10451,assign,0
11911,36531.0,close_www-data,14,assign,0
11912,36531.0,openat_www-data,10452,assign,0
11913,36531.0,openat_www-data,10453,assign,0
11914,36531.0,openat_www-data,10454,assign,0
11915,36535.0,openat_www-data,10455,assign,0
11916,36535.0,close_www-data,14,assign,0
11917,36535.0,openat_www-data,10456,assign,0
11918,36539.0,close_www-data,14,assign,0
11919,36539.0,openat_www-data,10457,assign,0
11920,36539.0,openat_www-data,10458,assign,0
11921,36539.0,openat_www-data,10459,assign,0
11922,36539.0,openat_www-data,10460,assign,0
11923,36543.0,close_www-data,14,assign,0
11924,36543.0,openat_www-data,10461,assign,0
11925,36543.0,openat_www-data,10462,assign,0
11926,36543.0,openat_www-data,10463,assign,0
11927,36543.0,openat_www-data,10464,assign,0
11928,36543.0,openat_www-data,10465,assign,0
11929,36547.0,close_www-data,14,assign,0
11930,36547.0,openat_www-data,10466,assign,0
11931,36547.0,openat_www-data,10467,assign,0
11932,36547.0,openat_www-data,10468,assign,0
11933,36547.0,openat_www-data,10469,assign,0
11934,36547.0,openat_www-data,10470,assign,0
11935,36547.0,openat_www-data,10471,assign,0
11936,36551.0,close_www-data,14,assign,0
11937,36551.0,openat_www-data,10472,assign,0
11938,36551.0,openat_www-data,10473,assign,0
11939,36551.0,openat_www-data,10474,assign,0
11940,36551.0,openat_www-data,10475,assign,0
11941,36555.0,openat_www-data,10476,assign,0
11942,36555.0,close_www-data,14,assign,0
11943,36555.0,openat_www-data,10477,assign,0
11944,36559.0,close_www-data,14,assign,0
11945,36559.0,openat_www-data,10478,assign,0
11946,36559.0,openat_www-data,10479,assign,0
11947,36559.0,openat_www-data,10480,assign,0
11948,36559.0,openat_www-data,10481,assign,0
11949,36559.0,openat_www-data,10482,assign,0
11950,36559.0,openat_www-data,10483,assign,0
11951,36563.0,close_www-data,14,assign,0
11952,36563.0,openat_www-data,10484,assign,0
11953,36563.0,openat_www-data,10485,assign,0
11954,36563.0,openat_www-data,10486,assign,0
11955,36563.0,openat_www-data,10487,assign,0
11956,36567.0,openat_www-data,10488,assign,0
11957,36567.0,close_www-data,14,assign,0
11958,36567.0,openat_www-data,10489,assign,0
11959,36567.0,openat_www-data,10490,assign,0
11960,36567.0,openat_www-data,10491,assign,0
11961,36567.0,openat_www-data,10492,assign,0
11962,36567.0,openat_www-data,10493,assign,0
11963,36567.0,openat_www-data,10494,assign,0
11964,36571.0,close_www-data,14,assign,0
11965,36571.0,openat_www-data,10495,assign,0
11966,36571.0,close_www-data,14,assign,0
11967,36571.0,close_www-data,14,assign,0
11968,36571.0,openat_www-data,10496,assign,0
11969,36571.0,openat_www-data,10497,assign,0
11970,36575.0,close_www-data,14,assign,0
11971,36575.0,openat_www-data,10498,assign,0
11972,36575.0,openat_www-data,10499,assign,0
11973,36575.0,openat_www-data,10500,assign,0
11974,36579.0,close_www-data,14,assign,0
11975,36579.0,openat_www-data,10501,assign,0
11976,36579.0,openat_www-data,10502,assign,0
11977,36579.0,openat_www-data,10503,assign,0
11978,36579.0,openat_www-data,10504,assign,0
11979,36579.0,openat_www-data,10505,assign,0
11980,36579.0,openat_www-data,10506,assign,0
11981,36579.0,openat_www-data,10507,assign,0
11982,36583.0,close_www-data,14,assign,0
11983,36583.0,openat_www-data,10508,assign,0
11984,36583.0,openat_www-data,10509,assign,0
11985,36583.0,openat_www-data,10510,assign,0
11986,36583.0,openat_www-data,10511,assign,0
11987,36587.0,close_www-data,14,assign,0
11988,36587.0,openat_www-data,10512,assign,0
11989,36587.0,openat_www-data,10513,assign,0
11990,36587.0,openat_www-data,10514,assign,0
11991,36587.0,openat_www-data,10515,assign,0
11992,36591.0,close_www-data,14,assign,0
11993,36591.0,openat_www-data,10516,assign,0
11994,36591.0,openat_www-data,10517,assign,0
11995,36591.0,openat_www-data,10518,assign,0
11996,36595.0,close_www-data,14,assign,0
11997,36595.0,openat_www-data,10519,assign,0
11998,36595.0,openat_www-data,10520,assign,0
11999,36595.0,openat_www-data,10521,assign,0
12000,36595.0,openat_www-data,10522,assign,0
12001,36599.0,close_www-data,14,assign,0
12002,36599.0,openat_www-data,10523,assign,0
12003,36599.0,openat_www-data,10524,assign,0
12004,36599.0,openat_www-data,10525,assign,0
12005,36599.0,openat_www-data,10526,assign,0
12006,36603.0,close_www-data,14,assign,0
12007,36603.0,openat_www-data,10527,assign,0
12008,36603.0,openat_www-data,10528,assign,0
12009,36603.0,openat_www-data,10529,assign,0
12010,36603.0,openat_www-data,10530,assign,0
12011,36603.0,openat_www-data,10531,assign,0
12012,36603.0,close_www-data,14,assign,0
12013,36603.0,openat_www-data,10532,assign,0
12014,36603.0,openat_www-data,10533,assign,0
12015,36607.0,close_www-data,14,assign,0
12016,36607.0,openat_www-data,10534,assign,0
12017,36607.0,openat_www-data,10535,assign,0
12018,36607.0,openat_www-data,10536,assign,0
12019,36607.0,openat_www-data,10537,assign,0
12020,36607.0,openat_www-data,10538,assign,0
12021,36611.0,close_www-data,14,assign,0
12022,36611.0,openat_www-data,10539,assign,0
12023,36611.0,openat_www-data,10540,assign,0
12024,36611.0,openat_www-data,10541,assign,0
12025,36611.0,openat_www-data,10542,assign,0
12026,36615.0,close_www-data,14,assign,0
12027,36615.0,openat_www-data,10543,assign,0
12028,36615.0,openat_www-data,10544,assign,0
12029,36615.0,openat_www-data,10545,assign,0
12030,36615.0,openat_www-data,10546,assign,0
12031,36615.0,openat_www-data,10547,assign,0
12032,36619.0,close_www-data,14,assign,0
12033,36619.0,openat_www-data,10548,assign,0
12034,36619.0,openat_www-data,10549,assign,0
12035,36619.0,openat_www-data,10550,assign,0
12036,36623.0,close_www-data,14,assign,0
12037,36623.0,openat_www-data,10551,assign,0
12038,36623.0,openat_www-data,10552,assign,0
12039,36623.0,openat_www-data,10553,assign,0
12040,36627.0,close_www-data,14,assign,0
12041,36627.0,openat_www-data,10554,assign,0
12042,36627.0,openat_www-data,10555,assign,0
12043,36627.0,openat_www-data,10556,assign,0
12044,36627.0,openat_www-data,10557,assign,0
12045,36627.0,openat_www-data,10558,assign,0
12046,36627.0,openat_www-data,10559,assign,0
12047,36627.0,openat_www-data,10560,assign,0
12048,36631.0,close_www-data,14,assign,0
12049,36631.0,openat_www-data,10561,assign,0
12050,36631.0,openat_www-data,10562,assign,0
12051,36631.0,openat_www-data,10563,assign,0
12052,36631.0,openat_www-data,10564,assign,0
12053,36631.0,openat_www-data,10565,assign,0
12054,36635.0,close_www-data,14,assign,0
12055,36635.0,openat_www-data,10566,assign,0
12056,36635.0,openat_www-data,10567,assign,0
12057,36635.0,openat_www-data,10568,assign,0
12058,36635.0,openat_www-data,10569,assign,0
12059,36639.0,openat_www-data,10570,assign,0
12060,36639.0,close_www-data,14,assign,0
12061,36639.0,openat_www-data,10571,assign,0
12062,36639.0,openat_www-data,10572,assign,0
12063,36643.0,close_www-data,14,assign,0
12064,36643.0,openat_www-data,10573,assign,0
12065,36643.0,openat_www-data,10574,assign,0
12066,36643.0,openat_www-data,10575,assign,0
12067,36643.0,openat_www-data,10576,assign,0
12068,36643.0,openat_www-data,10577,assign,0
12069,36643.0,openat_www-data,10578,assign,0
12070,36643.0,openat_www-data,10579,assign,0
12071,36647.0,close_www-data,14,assign,0
12072,36647.0,openat_www-data,10580,assign,0
12073,36647.0,openat_www-data,10581,assign,0
12074,36647.0,openat_www-data,10582,assign,0
12075,36647.0,openat_www-data,10583,assign,0
12076,36647.0,openat_www-data,10584,assign,0
12077,36651.0,close_www-data,14,assign,0
12078,36655.0,openat_www-data,10585,assign,0
12079,36655.0,close_www-data,14,assign,0
12080,36655.0,openat_www-data,10586,assign,0
12081,36655.0,openat_www-data,10587,assign,0
12082,36655.0,openat_www-data,10588,assign,0
12083,36655.0,openat_www-data,10589,assign,0
12084,36655.0,openat_www-data,10590,assign,0
12085,36655.0,openat_www-data,10591,assign,0
12086,36659.0,close_www-data,14,assign,0
12087,36659.0,openat_www-data,10592,assign,0
12088,36659.0,openat_www-data,10593,assign,0
12089,36659.0,openat_www-data,10594,assign,0
12090,36659.0,openat_www-data,10595,assign,0
12091,36663.0,close_www-data,14,assign,0
12092,36663.0,openat_www-data,10596,assign,0
12093,36663.0,openat_www-data,10597,assign,0
12094,36663.0,openat_www-data,10598,assign,0
12095,36663.0,openat_www-data,10599,assign,0
12096,36663.0,openat_www-data,10600,assign,0
12097,36667.0,close_www-data,14,assign,0
12098,36667.0,openat_www-data,10601,assign,0
12099,36667.0,openat_www-data,10602,assign,0
12100,36671.0,close_www-data,14,assign,0
12101,36671.0,openat_www-data,10603,assign,0
12102,36671.0,openat_www-data,10604,assign,0
12103,36671.0,openat_www-data,10605,assign,0
12104,36671.0,openat_www-data,10606,assign,0
12105,36671.0,openat_www-data,10607,assign,0
12106,36675.0,close_www-data,14,assign,0
12107,36675.0,openat_www-data,10608,assign,0
12108,36675.0,openat_www-data,10609,assign,0
12109,36675.0,openat_www-data,10610,assign,0
12110,36675.0,openat_www-data,10611,assign,0
12111,36675.0,openat_www-data,10612,assign,0
12112,36675.0,openat_www-data,10613,assign,0
12113,36675.0,openat_www-data,10614,assign,0
12114,36675.0,openat_www-data,10615,assign,0
12115,36675.0,openat_www-data,10616,assign,0
12116,36675.0,openat_www-data,10617,assign,0
12117,36679.0,close_www-data,14,assign,0
12118,36679.0,openat_www-data,10618,assign,0
12119,36683.0,close_www-data,14,assign,0
12120,36683.0,openat_www-data,10619,assign,0
12121,36683.0,openat_www-data,10620,assign,0
12122,36683.0,openat_www-data,10621,assign,0
12123,36683.0,openat_www-data,10622,assign,0
12124,36683.0,openat_www-data,10623,assign,0
12125,36683.0,openat_www-data,10624,assign,0
12126,36683.0,openat_www-data,10625,assign,0
12127,36683.0,openat_www-data,10626,assign,0
12128,36687.0,close_www-data,14,assign,0
12129,36687.0,openat_www-data,10627,assign,0
12130,36687.0,openat_www-data,10628,assign,0
12131,36687.0,openat_www-data,10629,assign,0
12132,36687.0,openat_www-data,10630,assign,0
12133,36691.0,close_www-data,14,assign,0
12134,36691.0,openat_www-data,10631,assign,0
12135,36691.0,openat_www-data,10632,assign,0
12136,36691.0,openat_www-data,10633,assign,0
12137,36691.0,openat_www-data,10634,assign,0
12138,36691.0,openat_www-data,10635,assign,0
12139,36695.0,close_www-data,14,assign,0
12140,36695.0,openat_www-data,10636,assign,0
12141,36695.0,openat_www-data,10637,assign,0
12142,36695.0,openat_www-data,10638,assign,0
12143,36695.0,openat_www-data,10639,assign,0
12144,36699.0,openat_www-data,10640,assign,0
12145,36699.0,close_www-data,14,assign,0
12146,36699.0,openat_www-data,10641,assign,0
12147,36699.0,openat_www-data,10642,assign,0
12148,36699.0,openat_www-data,10643,assign,0
12149,36699.0,openat_www-data,10644,assign,0
12150,36699.0,close_www-data,14,assign,0
12151,36699.0,close_www-data,14,assign,0
12152,36703.0,close_www-data,14,assign,0
12153,36703.0,openat_www-data,10645,assign,0
12154,36703.0,openat_www-data,10646,assign,0
12155,36703.0,openat_www-data,10647,assign,0
12156,36703.0,openat_www-data,10648,assign,0
12157,36703.0,openat_www-data,10649,assign,0
12158,36707.0,close_www-data,14,assign,0
12159,36707.0,openat_www-data,10650,assign,0
12160,36707.0,openat_www-data,10651,assign,0
12161,36707.0,openat_www-data,10652,assign,0
12162,36707.0,openat_www-data,10653,assign,0
12163,36707.0,openat_www-data,10654,assign,0
12164,36707.0,openat_www-data,10655,assign,0
12165,36707.0,openat_www-data,10656,assign,0
12166,36715.0,openat_www-data,10657,assign,0
12167,36715.0,close_www-data,14,assign,0
12168,36715.0,openat_www-data,10658,assign,0
12169,36715.0,openat_www-data,10659,assign,0
12170,36715.0,openat_www-data,10660,assign,0
12171,36715.0,openat_www-data,10661,assign,0
12172,36715.0,openat_www-data,10662,assign,0
12173,36715.0,openat_www-data,10663,assign,0
12174,36719.0,openat_www-data,10664,assign,0
12175,36719.0,close_www-data,14,assign,0
12176,36719.0,openat_www-data,10665,assign,0
12177,36719.0,openat_www-data,10666,assign,0
12178,36719.0,openat_www-data,10667,assign,0
12179,36723.0,openat_www-data,10668,assign,0
12180,36723.0,close_www-data,14,assign,0
12181,36723.0,openat_www-data,10669,assign,0
12182,36723.0,openat_www-data,10670,assign,0
12183,36723.0,openat_www-data,10671,assign,0
12184,36723.0,close_www-data,14,assign,0
12185,36727.0,close_www-data,14,assign,0
12186,36727.0,openat_www-data,10672,assign,0
12187,36727.0,openat_www-data,10673,assign,0
12188,36731.0,close_www-data,14,assign,0
12189,36731.0,openat_www-data,10674,assign,0
12190,36731.0,openat_www-data,10675,assign,0
12191,36731.0,openat_www-data,10676,assign,0
12192,36735.0,openat_www-data,10677,assign,0
12193,36735.0,close_www-data,14,assign,0
12194,36735.0,openat_www-data,10678,assign,0
12195,36735.0,openat_www-data,10679,assign,0
12196,36739.0,openat_www-data,10680,assign,0
12197,36739.0,close_www-data,14,assign,0
12198,36739.0,openat_www-data,10681,assign,0
12199,36739.0,openat_www-data,10682,assign,0
12200,36743.0,close_www-data,14,assign,0
12201,36743.0,openat_www-data,10683,assign,0
12202,36743.0,openat_www-data,10684,assign,0
12203,36743.0,openat_www-data,10685,assign,0
12204,36743.0,openat_www-data,10686,assign,0
12205,36747.0,openat_www-data,10687,assign,0
12206,36747.0,close_www-data,14,assign,0
12207,36747.0,openat_www-data,10688,assign,0
12208,36747.0,openat_www-data,10689,assign,0
12209,36747.0,openat_www-data,10690,assign,0
12210,36751.0,close_www-data,14,assign,0
12211,36751.0,openat_www-data,10691,assign,0
12212,36755.0,close_www-data,14,assign,0
12213,36755.0,openat_www-data,10692,assign,0
12214,36755.0,openat_www-data,10693,assign,0
12215,36755.0,openat_www-data,10694,assign,0
12216,36759.0,openat_www-data,10695,assign,0
12217,36759.0,close_www-data,14,assign,0
12218,36759.0,openat_www-data,10696,assign,0
12219,36759.0,openat_www-data,10697,assign,0
12220,36759.0,openat_www-data,10698,assign,0
12221,36763.0,close_www-data,14,assign,0
12222,36763.0,openat_www-data,10699,assign,0
12223,36763.0,openat_www-data,10700,assign,0
12224,36763.0,openat_www-data,10701,assign,0
12225,36763.0,openat_www-data,10702,assign,0
12226,36763.0,openat_www-data,10703,assign,0
12227,36767.0,close_www-data,14,assign,0
12228,36767.0,openat_www-data,10704,assign,0
12229,36767.0,openat_www-data,10705,assign,0
12230,36767.0,openat_www-data,10706,assign,0
12231,36767.0,openat_www-data,10707,assign,0
12232,36771.0,close_www-data,14,assign,0
12233,36771.0,openat_www-data,10708,assign,0
12234,36771.0,openat_www-data,10709,assign,0
12235,36771.0,openat_www-data,10710,assign,0
12236,36771.0,openat_www-data,10711,assign,0
12237,36775.0,close_www-data,14,assign,0
12238,36775.0,openat_www-data,10712,assign,0
12239,36775.0,openat_www-data,10713,assign,0
12240,36775.0,openat_www-data,10714,assign,0
12241,36775.0,openat_www-data,10715,assign,0
12242,36775.0,openat_www-data,10716,assign,0
12243,36779.0,close_www-data,14,assign,0
12244,36779.0,openat_www-data,10717,assign,0
12245,36779.0,openat_www-data,10718,assign,0
12246,36779.0,openat_www-data,10719,assign,0
12247,36779.0,openat_www-data,10720,assign,0
12248,36783.0,close_www-data,14,assign,0
12249,36783.0,openat_www-data,10721,assign,0
12250,36783.0,openat_www-data,10722,assign,0
12251,36783.0,openat_www-data,10723,assign,0
12252,36783.0,openat_www-data,10724,assign,0
12253,36783.0,openat_www-data,10725,assign,0
12254,36783.0,close_www-data,14,assign,0
12255,36787.0,close_www-data,14,assign,0
12256,36787.0,openat_www-data,10726,assign,0
12257,36787.0,openat_www-data,10727,assign,0
12258,36787.0,openat_www-data,10728,assign,0
12259,36787.0,openat_www-data,10729,assign,0
12260,36791.0,close_www-data,14,assign,0
12261,36791.0,openat_www-data,10730,assign,0
12262,36791.0,close_www-data,14,assign,0
12263,36791.0,openat_www-data,10731,assign,0
12264,36791.0,openat_www-data,10732,assign,0
12265,36791.0,openat_www-data,10733,assign,0
12266,36803.0,close_www-data,14,assign,0
12267,36803.0,openat_www-data,10734,assign,0
12268,36803.0,openat_www-data,10735,assign,0
12269,36803.0,openat_www-data,10736,assign,0
12270,36807.0,close_www-data,14,assign,0
12271,36807.0,openat_www-data,10737,assign,0
12272,36807.0,openat_www-data,10738,assign,0
12273,36807.0,openat_www-data,10739,assign,0
12274,36807.0,openat_www-data,10740,assign,0
12275,36807.0,openat_www-data,10741,assign,0
12276,36807.0,openat_www-data,10742,assign,0
12277,36807.0,openat_www-data,10743,assign,0
12278,36807.0,openat_www-data,10744,assign,0
12279,36807.0,openat_www-data,10745,assign,0
12280,36807.0,openat_www-data,10746,assign,0
12281,36807.0,openat_www-data,10747,assign,0
12282,36807.0,openat_www-data,10748,assign,0
12283,36807.0,openat_www-data,10749,assign,0
12284,36807.0,openat_www-data,10750,assign,0
12285,36807.0,openat_www-data,10751,assign,0
12286,36811.0,close_www-data,14,assign,0
12287,36811.0,openat_www-data,10752,assign,0
12288,36811.0,openat_www-data,10753,assign,0
12289,36811.0,openat_www-data,10754,assign,0
12290,36811.0,openat_www-data,10755,assign,0
12291,36815.0,close_www-data,14,assign,0
12292,36815.0,openat_www-data,10756,assign,0
12293,36815.0,openat_www-data,10757,assign,0
12294,36815.0,openat_www-data,10758,assign,0
12295,36815.0,openat_www-data,10759,assign,0
12296,36819.0,close_www-data,14,assign,0
12297,36819.0,openat_www-data,10760,assign,0
12298,36819.0,openat_www-data,10761,assign,0
12299,36819.0,openat_www-data,10762,assign,0
12300,36819.0,openat_www-data,10763,assign,0
12301,36823.0,close_www-data,14,assign,0
12302,36823.0,openat_www-data,10764,assign,0
12303,36823.0,openat_www-data,10765,assign,0
12304,36823.0,openat_www-data,10766,assign,0
12305,36823.0,close_www-data,14,assign,0
12306,36823.0,close_www-data,14,assign,0
12307,36823.0,openat_www-data,10767,assign,0
12308,36823.0,openat_www-data,10768,assign,0
12309,36827.0,close_www-data,14,assign,0
12310,36827.0,openat_www-data,10769,assign,0
12311,36827.0,openat_www-data,10770,assign,0
12312,36827.0,close_www-data,14,assign,0
12313,36827.0,openat_www-data,10771,assign,0
12314,36831.0,openat_www-data,10772,assign,0
12315,36831.0,close_www-data,14,assign,0
12316,36831.0,openat_www-data,10773,assign,0
12317,36831.0,openat_www-data,10774,assign,0
12318,36831.0,close_www-data,14,assign,0
12319,36835.0,close_www-data,14,assign,0
12320,36835.0,openat_www-data,10775,assign,0
12321,36835.0,close_www-data,14,assign,0
12322,36835.0,openat_www-data,10776,assign,0
12323,36835.0,openat_www-data,10777,assign,0
12324,36835.0,openat_www-data,10778,assign,0
12325,36839.0,close_www-data,14,assign,0
12326,36839.0,openat_www-data,10779,assign,0
12327,36839.0,openat_www-data,10780,assign,0
12328,36839.0,openat_www-data,10781,assign,0
12329,36839.0,openat_www-data,10782,assign,0
12330,36843.0,close_www-data,14,assign,0
12331,36843.0,openat_www-data,10783,assign,0
12332,36843.0,openat_www-data,10784,assign,0
12333,36843.0,openat_www-data,10785,assign,0
12334,36843.0,openat_www-data,10786,assign,0
12335,36847.0,close_www-data,14,assign,0
12336,36847.0,openat_www-data,10787,assign,0
12337,36851.0,close_www-data,14,assign,0
12338,36851.0,openat_www-data,10788,assign,0
12339,36851.0,openat_www-data,10789,assign,0
12340,36855.0,close_www-data,14,assign,0
12341,36855.0,openat_www-data,10790,assign,0
12342,36855.0,openat_www-data,10791,assign,0
12343,36855.0,openat_www-data,10792,assign,0
12344,36855.0,openat_www-data,10793,assign,0
12345,36863.0,close_www-data,14,assign,0
12346,36863.0,openat_www-data,10794,assign,0
12347,36863.0,openat_www-data,10795,assign,0
12348,36863.0,openat_www-data,10796,assign,0
12349,36867.0,openat_www-data,10797,assign,0
12350,36867.0,close_www-data,14,assign,0
12351,36867.0,openat_www-data,10798,assign,0
12352,36867.0,openat_www-data,10799,assign,0
12353,36867.0,openat_www-data,10800,assign,0
12354,36871.0,close_www-data,14,assign,0
12355,36871.0,openat_www-data,10801,assign,0
12356,36871.0,openat_www-data,10802,assign,0
12357,36871.0,openat_www-data,10803,assign,0
12358,36871.0,openat_www-data,10804,assign,0
12359,36875.0,close_www-data,14,assign,0
12360,36879.0,openat_www-data,10805,assign,0
12361,36879.0,close_www-data,14,assign,0
12362,36879.0,openat_www-data,10806,assign,0
12363,36879.0,openat_www-data,10807,assign,0
12364,36883.0,close_www-data,14,assign,0
12365,36883.0,openat_www-data,10808,assign,0
12366,36883.0,openat_www-data,10809,assign,0
12367,36883.0,openat_www-data,10810,assign,0
12368,36887.0,close_www-data,14,assign,0
12369,36887.0,openat_www-data,10811,assign,0
12370,36887.0,openat_www-data,10812,assign,0
12371,36887.0,openat_www-data,10813,assign,0
12372,36887.0,openat_www-data,10814,assign,0
12373,36891.0,openat_www-data,10815,assign,0
12374,36891.0,close_www-data,14,assign,0
12375,36891.0,openat_www-data,10816,assign,0
12376,36891.0,openat_www-data,10817,assign,0
12377,36891.0,openat_www-data,10818,assign,0
12378,36895.0,openat_www-data,10819,assign,0
12379,36895.0,close_www-data,14,assign,0
12380,36895.0,openat_www-data,10820,assign,0
12381,36895.0,openat_www-data,10821,assign,0
12382,36899.0,close_www-data,14,assign,0
12383,36899.0,openat_www-data,10822,assign,0
12384,36899.0,openat_www-data,10823,assign,0
12385,36903.0,close_www-data,14,assign,0
12386,36903.0,openat_www-data,10824,assign,0
12387,36903.0,openat_www-data,10825,assign,0
12388,36903.0,openat_www-data,10826,assign,0
12389,36907.0,close_www-data,14,assign,0
12390,36907.0,openat_www-data,10827,assign,0
12391,36907.0,openat_www-data,10828,assign,0
12392,36907.0,openat_www-data,10829,assign,0
12393,36907.0,openat_www-data,10830,assign,0
12394,36911.0,close_www-data,14,assign,0
12395,36911.0,openat_www-data,10831,assign,0
12396,36911.0,openat_www-data,10832,assign,0
12397,36911.0,openat_www-data,10833,assign,0
12398,36911.0,openat_www-data,10834,assign,0
12399,36915.0,close_www-data,14,assign,0
12400,36915.0,openat_www-data,10835,assign,0
12401,36915.0,openat_www-data,10836,assign,0
12402,36915.0,openat_www-data,10837,assign,0
12403,36915.0,openat_www-data,10838,assign,0
12404,36919.0,close_www-data,14,assign,0
12405,36919.0,openat_www-data,10839,assign,0
12406,36919.0,openat_www-data,10840,assign,0
12407,36919.0,openat_www-data,10841,assign,0
12408,36919.0,openat_www-data,10842,assign,0
12409,36919.0,openat_www-data,10843,assign,0
12410,36923.0,close_www-data,14,assign,0
12411,36923.0,openat_www-data,10844,assign,0
12412,36923.0,openat_www-data,10845,assign,0
12413,36923.0,openat_www-data,10846,assign,0
12414,36927.0,close_www-data,14,assign,0
12415,36927.0,openat_www-data,10847,assign,0
12416,36927.0,openat_www-data,10848,assign,0
12417,36927.0,openat_www-data,10849,assign,0
12418,36931.0,close_www-data,14,assign,0
12419,36931.0,openat_www-data,10850,assign,0
12420,36931.0,close_www-data,14,assign,0
12421,36931.0,close_www-data,14,assign,0
12422,36931.0,openat_www-data,10851,assign,0
12423,36931.0,openat_www-data,10852,assign,0
12424,36931.0,openat_www-data,10853,assign,0
12425,36935.0,close_www-data,14,assign,0
12426,36935.0,openat_www-data,10854,assign,0
12427,36935.0,openat_www-data,10855,assign,0
12428,36935.0,openat_www-data,10856,assign,0
12429,36939.0,close_www-data,14,assign,0
12430,36939.0,openat_www-data,10857,assign,0
12431,36939.0,openat_www-data,10858,assign,0
12432,36943.0,close_www-data,14,assign,0
12433,36943.0,openat_www-data,10859,assign,0
12434,36943.0,openat_www-data,10860,assign,0
12435,36943.0,openat_www-data,10861,assign,0
12436,36943.0,openat_www-data,10862,assign,0
12437,36943.0,openat_www-data,10863,assign,0
12438,36947.0,close_www-data,14,assign,0
12439,36947.0,openat_www-data,10864,assign,0
12440,36947.0,openat_www-data,10865,assign,0
12441,36947.0,openat_www-data,10866,assign,0
12442,36947.0,openat_www-data,10867,assign,0
12443,36951.0,close_www-data,14,assign,0
12444,36955.0,openat_www-data,10868,assign,0
12445,36955.0,close_www-data,14,assign,0
12446,36955.0,openat_www-data,10869,assign,0
12447,36955.0,openat_www-data,10870,assign,0
12448,36955.0,openat_www-data,10871,assign,0
12449,36959.0,close_www-data,14,assign,0
12450,36959.0,openat_www-data,10872,assign,0
12451,36959.0,openat_www-data,10873,assign,0
12452,36963.0,openat_www-data,10874,assign,0
12453,36963.0,close_www-data,14,assign,0
12454,36963.0,openat_www-data,10875,assign,0
12455,36963.0,openat_www-data,10876,assign,0
12456,36967.0,openat_www-data,10877,assign,0
12457,36967.0,close_www-data,14,assign,0
12458,36967.0,openat_www-data,10878,assign,0
12459,36967.0,openat_www-data,10879,assign,0
12460,36967.0,openat_www-data,10880,assign,0
12461,36967.0,openat_www-data,10881,assign,0
12462,36971.0,close_www-data,14,assign,0
12463,36971.0,openat_www-data,10882,assign,0
12464,36971.0,openat_www-data,10883,assign,0
12465,36971.0,openat_www-data,10884,assign,0
12466,36975.0,close_www-data,14,assign,0
12467,36975.0,openat_www-data,10885,assign,0
12468,36975.0,openat_www-data,10886,assign,0
12469,36975.0,openat_www-data,10887,assign,0
12470,36975.0,openat_www-data,10888,assign,0
12471,36979.0,openat_www-data,10889,assign,0
12472,36979.0,close_www-data,14,assign,0
12473,36979.0,openat_www-data,10890,assign,0
12474,36979.0,openat_www-data,10891,assign,0
12475,36979.0,openat_www-data,10892,assign,0
12476,36983.0,close_www-data,14,assign,0
12477,36983.0,openat_www-data,10893,assign,0
12478,36983.0,openat_www-data,10894,assign,0
12479,36983.0,openat_www-data,10895,assign,0
12480,36983.0,openat_www-data,10896,assign,0
12481,36983.0,close_www-data,14,assign,0
12482,36987.0,openat_www-data,10897,assign,0
12483,36987.0,close_www-data,14,assign,0
12484,36987.0,openat_www-data,10898,assign,0
12485,36987.0,openat_www-data,10899,assign,0
12486,36987.0,openat_www-data,10900,assign,0
12487,36987.0,openat_www-data,10901,assign,0
12488,36987.0,openat_www-data,10902,assign,0
12489,36991.0,close_www-data,14,assign,0
12490,36991.0,openat_www-data,10903,assign,0
12491,36991.0,openat_www-data,10904,assign,0
12492,36991.0,openat_www-data,10905,assign,0
12493,36991.0,openat_www-data,10906,assign,0
12494,36991.0,openat_www-data,10907,assign,0
12495,36995.0,close_www-data,14,assign,0
12496,36995.0,openat_www-data,10908,assign,0
12497,36995.0,openat_www-data,10909,assign,0
12498,36995.0,openat_www-data,10910,assign,0
12499,36999.0,close_www-data,14,assign,0
12500,36999.0,openat_www-data,10911,assign,0
12501,36999.0,openat_www-data,10912,assign,0
12502,36999.0,openat_www-data,10913,assign,0
12503,36999.0,openat_www-data,10914,assign,0
12504,36999.0,openat_www-data,10915,assign,0
12505,37003.0,close_www-data,14,assign,0
12506,37003.0,openat_www-data,10916,assign,0
12507,37003.0,close_www-data,14,assign,0
12508,37003.0,openat_www-data,10917,assign,0
12509,37003.0,close_www-data,14,assign,0
12510,37003.0,openat_www-data,10918,assign,0
12511,37003.0,openat_www-data,10919,assign,0
12512,37003.0,openat_www-data,10920,assign,0
12513,37003.0,openat_www-data,10921,assign,0
12514,37007.0,close_www-data,14,assign,0
12515,37007.0,openat_www-data,10922,assign,0
12516,37011.0,openat_www-data,10923,assign,0
12517,37011.0,close_www-data,14,assign,0
12518,37011.0,openat_www-data,10924,assign,0
12519,37011.0,openat_www-data,10925,assign,0
12520,37011.0,openat_www-data,10926,assign,0
12521,37011.0,openat_www-data,10927,assign,0
12522,37011.0,openat_www-data,10928,assign,0
12523,37011.0,openat_www-data,10929,assign,0
12524,37015.0,openat_www-data,10930,assign,0
12525,37015.0,close_www-data,14,assign,0
12526,37015.0,openat_www-data,10931,assign,0
12527,37019.0,close_www-data,14,assign,0
12528,37019.0,openat_www-data,10932,assign,0
12529,37019.0,openat_www-data,10933,assign,0
12530,37019.0,openat_www-data,10934,assign,0
12531,37019.0,openat_www-data,10935,assign,0
12532,37023.0,close_www-data,14,assign,0
12533,37023.0,openat_www-data,10936,assign,0
12534,37023.0,openat_www-data,10937,assign,0
12535,37023.0,openat_www-data,10938,assign,0
12536,37023.0,openat_www-data,10939,assign,0
12537,37023.0,openat_www-data,10940,assign,0
12538,37023.0,openat_www-data,10941,assign,0
12539,37027.0,close_www-data,14,assign,0
12540,37027.0,openat_www-data,10942,assign,0
12541,37027.0,openat_www-data,10943,assign,0
12542,37027.0,openat_www-data,10944,assign,0
12543,37027.0,openat_www-data,10945,assign,0
12544,37027.0,openat_www-data,10946,assign,0
12545,37031.0,close_www-data,14,assign,0
12546,37031.0,openat_www-data,10947,assign,0
12547,37031.0,openat_www-data,10948,assign,0
12548,37031.0,openat_www-data,10949,assign,0
12549,37031.0,openat_www-data,10950,assign,0
12550,37035.0,close_www-data,14,assign,0
12551,37035.0,openat_www-data,10951,assign,0
12552,37035.0,openat_www-data,10952,assign,0
12553,37035.0,openat_www-data,10953,assign,0
12554,37035.0,openat_www-data,10954,assign,0
12555,37039.0,close_www-data,14,assign,0
12556,37039.0,openat_www-data,10955,assign,0
12557,37039.0,openat_www-data,10956,assign,0
12558,37039.0,openat_www-data,10957,assign,0
12559,37039.0,openat_www-data,10958,assign,0
12560,37043.0,close_www-data,14,assign,0
12561,37043.0,openat_www-data,10959,assign,0
12562,37043.0,openat_www-data,10960,assign,0
12563,37043.0,openat_www-data,10961,assign,0
12564,37043.0,openat_www-data,10962,assign,0
12565,37047.0,close_www-data,14,assign,0
12566,37047.0,openat_www-data,10963,assign,0
12567,37047.0,openat_www-data,10964,assign,0
12568,37047.0,openat_www-data,10965,assign,0
12569,37047.0,openat_www-data,10966,assign,0
12570,37047.0,openat_www-data,10967,assign,0
12571,37051.0,close_www-data,14,assign,0
12572,37051.0,openat_www-data,10968,assign,0
12573,37051.0,openat_www-data,10969,assign,0
12574,37051.0,openat_www-data,10970,assign,0
12575,37051.0,openat_www-data,10971,assign,0
12576,37055.0,close_www-data,14,assign,0
12577,37055.0,openat_www-data,10972,assign,0
12578,37055.0,openat_www-data,10973,assign,0
12579,37055.0,openat_www-data,10974,assign,0
12580,37055.0,openat_www-data,10975,assign,0
12581,37059.0,close_www-data,14,assign,0
12582,37059.0,openat_www-data,10976,assign,0
12583,37059.0,openat_www-data,10977,assign,0
12584,37059.0,openat_www-data,10978,assign,0
12585,37063.0,openat_www-data,10979,assign,0
12586,37063.0,close_www-data,14,assign,0
12587,37067.0,close_www-data,14,assign,0
12588,37067.0,openat_www-data,10980,assign,0
12589,37067.0,openat_www-data,10981,assign,0
12590,37067.0,openat_www-data,10982,assign,0
12591,37067.0,openat_www-data,10983,assign,0
12592,37067.0,openat_www-data,10984,assign,0
12593,37071.0,openat_www-data,10985,assign,0
12594,37071.0,close_www-data,14,assign,0
12595,37071.0,openat_www-data,10986,assign,0
12596,37071.0,openat_www-data,10987,assign,0
12597,37071.0,openat_www-data,10988,assign,0
12598,37071.0,openat_www-data,10989,assign,0
12599,37071.0,openat_www-data,10990,assign,0
12600,37071.0,openat_www-data,10991,assign,0
12601,37071.0,openat_www-data,10992,assign,0
12602,37075.0,openat_www-data,10993,assign,0
12603,37075.0,close_www-data,14,assign,0
12604,37075.0,openat_www-data,10994,assign,0
12605,37075.0,openat_www-data,10995,assign,0
12606,37075.0,openat_www-data,10996,assign,0
12607,37075.0,openat_www-data,10997,assign,0
12608,37075.0,openat_www-data,10998,assign,0
12609,37075.0,openat_www-data,10999,assign,0
12610,37079.0,close_www-data,14,assign,0
12611,37079.0,openat_www-data,11000,assign,0
12612,37083.0,close_www-data,14,assign,0
12613,37083.0,openat_www-data,11001,assign,0
12614,37083.0,openat_www-data,11002,assign,0
12615,37083.0,openat_www-data,11003,assign,0
12616,37083.0,openat_www-data,11004,assign,0
12617,37087.0,close_www-data,14,assign,0
12618,37087.0,openat_www-data,11005,assign,0
12619,37087.0,openat_www-data,11006,assign,0
12620,37087.0,openat_www-data,11007,assign,0
12621,37087.0,openat_www-data,11008,assign,0
12622,37087.0,openat_www-data,11009,assign,0
12623,37091.0,openat_www-data,11010,assign,0
12624,37091.0,close_www-data,14,assign,0
12625,37091.0,openat_www-data,11011,assign,0
12626,37091.0,openat_www-data,11012,assign,0
12627,37091.0,openat_www-data,11013,assign,0
12628,37091.0,openat_www-data,11014,assign,0
12629,37095.0,close_www-data,14,assign,0
12630,37095.0,openat_www-data,11015,assign,0
12631,37095.0,openat_www-data,11016,assign,0
12632,37095.0,openat_www-data,11017,assign,0
12633,37095.0,openat_www-data,11018,assign,0
12634,37099.0,close_www-data,14,assign,0
12635,37099.0,openat_www-data,11019,assign,0
12636,37099.0,openat_www-data,11020,assign,0
12637,37099.0,openat_www-data,11021,assign,0
12638,37099.0,openat_www-data,11022,assign,0
12639,37103.0,openat_www-data,11023,assign,0
12640,37103.0,close_www-data,14,assign,0
12641,37103.0,openat_www-data,11024,assign,0
12642,37103.0,openat_www-data,11025,assign,0
12643,37103.0,openat_www-data,11026,assign,0
12644,37103.0,openat_www-data,11027,assign,0
12645,37107.0,close_www-data,14,assign,0
12646,37107.0,openat_www-data,11028,assign,0
12647,37107.0,openat_www-data,11029,assign,0
12648,37107.0,openat_www-data,11030,assign,0
12649,37107.0,openat_www-data,11031,assign,0
12650,37111.0,close_www-data,14,assign,0
12651,37111.0,openat_www-data,11032,assign,0
12652,37111.0,openat_www-data,11033,assign,0
12653,37111.0,openat_www-data,11034,assign,0
12654,37111.0,openat_www-data,11035,assign,0
12655,37115.0,close_www-data,14,assign,0
12656,37115.0,openat_www-data,11036,assign,0
12657,37115.0,openat_www-data,11037,assign,0
12658,37143.0,close_www-data,14,assign,0
12659,37143.0,openat_www-data,11038,assign,0
12660,37143.0,openat_www-data,11039,assign,0
12661,37143.0,openat_www-data,11040,assign,0
12662,37143.0,openat_www-data,11041,assign,0
12663,37147.0,openat_www-data,11042,assign,0
12664,37147.0,close_www-data,14,assign,0
12665,37147.0,openat_www-data,11043,assign,0
12666,37147.0,openat_www-data,11044,assign,0
12667,37147.0,openat_www-data,11045,assign,0
12668,37147.0,openat_www-data,11046,assign,0
12669,37151.0,close_www-data,14,assign,0
12670,37151.0,openat_www-data,11047,assign,0
12671,37151.0,openat_www-data,11048,assign,0
12672,37151.0,openat_www-data,11049,assign,0
12673,37151.0,openat_www-data,11050,assign,0
12674,37155.0,close_www-data,14,assign,0
12675,37155.0,openat_www-data,11051,assign,0
12676,37155.0,openat_www-data,11052,assign,0
12677,37155.0,openat_www-data,11053,assign,0
12678,37155.0,openat_www-data,11054,assign,0
12679,37155.0,openat_www-data,11055,assign,0
12680,37159.0,close_www-data,14,assign,0
12681,37159.0,openat_www-data,11056,assign,0
12682,37159.0,openat_www-data,11057,assign,0
12683,37163.0,close_www-data,14,assign,0
12684,37163.0,openat_www-data,11058,assign,0
12685,37163.0,openat_www-data,11059,assign,0
12686,37163.0,openat_www-data,11060,assign,0
12687,37167.0,close_www-data,14,assign,0
12688,37167.0,openat_www-data,11061,assign,0
12689,37167.0,openat_www-data,11062,assign,0
12690,37167.0,openat_www-data,11063,assign,0
12691,37167.0,openat_www-data,11064,assign,0
12692,37167.0,openat_www-data,11065,assign,0
12693,37167.0,openat_www-data,11066,assign,0
12694,37167.0,openat_www-data,11067,assign,0
12695,37171.0,openat_www-data,11068,assign,0
12696,37171.0,close_www-data,14,assign,0
12697,37171.0,openat_www-data,11069,assign,0
12698,37175.0,openat_www-data,11070,assign,0
12699,37175.0,close_www-data,14,assign,0
12700,37175.0,openat_www-data,11071,assign,0
12701,37175.0,openat_www-data,11072,assign,0
12702,37175.0,openat_www-data,11073,assign,0
12703,37179.0,openat_www-data,11074,assign,0
12704,37179.0,close_www-data,14,assign,0
12705,37179.0,openat_www-data,11075,assign,0
12706,37179.0,openat_www-data,11076,assign,0
12707,37179.0,openat_www-data,11077,assign,0
12708,37179.0,openat_www-data,11078,assign,0
12709,37179.0,openat_www-data,11079,assign,0
12710,37183.0,openat_www-data,11080,assign,0
12711,37183.0,close_www-data,14,assign,0
12712,37183.0,openat_www-data,11081,assign,0
12713,37183.0,openat_www-data,11082,assign,0
12714,37183.0,openat_www-data,11083,assign,0
12715,37187.0,openat_www-data,11084,assign,0
12716,37187.0,close_www-data,14,assign,0
12717,37187.0,openat_www-data,11085,assign,0
12718,37187.0,openat_www-data,11086,assign,0
12719,37187.0,openat_www-data,11087,assign,0
12720,37187.0,openat_www-data,11088,assign,0
12721,37191.0,close_www-data,14,assign,0
12722,37191.0,openat_www-data,11089,assign,0
12723,37191.0,openat_www-data,11090,assign,0
12724,37191.0,openat_www-data,11091,assign,0
12725,37191.0,openat_www-data,11092,assign,0
12726,37195.0,close_www-data,14,assign,0
12727,37195.0,openat_www-data,11093,assign,0
12728,37195.0,openat_www-data,11094,assign,0
12729,37195.0,openat_www-data,11095,assign,0
12730,37199.0,openat_www-data,11096,assign,0
12731,37199.0,close_www-data,14,assign,0
12732,37203.0,close_www-data,14,assign,0
12733,37203.0,openat_www-data,11097,assign,0
12734,37203.0,openat_www-data,11098,assign,0
12735,37203.0,openat_www-data,11099,assign,0
12736,37203.0,openat_www-data,11100,assign,0
12737,37203.0,openat_www-data,11101,assign,0
12738,37207.0,close_www-data,14,assign,0
12739,37207.0,openat_www-data,11102,assign,0
12740,37207.0,openat_www-data,11103,assign,0
12741,37207.0,openat_www-data,11104,assign,0
12742,37207.0,openat_www-data,11105,assign,0
12743,37211.0,close_www-data,14,assign,0
12744,37211.0,openat_www-data,11106,assign,0
12745,37211.0,close_www-data,14,assign,0
12746,37211.0,close_www-data,14,assign,0
12747,37211.0,openat_www-data,11107,assign,0
12748,37215.0,close_www-data,14,assign,0
12749,37215.0,openat_www-data,11108,assign,0
12750,37215.0,close_www-data,14,assign,0
12751,37215.0,openat_www-data,11109,assign,0
12752,37215.0,openat_www-data,11110,assign,0
12753,37215.0,openat_www-data,11111,assign,0
12754,37219.0,close_www-data,14,assign,0
12755,37219.0,openat_www-data,11112,assign,0
12756,37219.0,openat_www-data,11113,assign,0
12757,37219.0,openat_www-data,11114,assign,0
12758,37219.0,openat_www-data,11115,assign,0
12759,37223.0,close_www-data,14,assign,0
12760,37223.0,openat_www-data,11116,assign,0
12761,37223.0,openat_www-data,11117,assign,0
12762,37223.0,openat_www-data,11118,assign,0
12763,37223.0,openat_www-data,11119,assign,0
12764,37227.0,close_www-data,14,assign,0
12765,37227.0,openat_www-data,11120,assign,0
12766,37231.0,close_www-data,14,assign,0
12767,37231.0,openat_www-data,11121,assign,0
12768,37231.0,openat_www-data,11122,assign,0
12769,37231.0,openat_www-data,11123,assign,0
12770,37231.0,openat_www-data,11124,assign,0
12771,37231.0,openat_www-data,11125,assign,0
12772,37235.0,close_www-data,14,assign,0
12773,37235.0,openat_www-data,11126,assign,0
12774,37235.0,openat_www-data,11127,assign,0
12775,37235.0,openat_www-data,11128,assign,0
12776,37235.0,openat_www-data,11129,assign,0
12777,37239.0,close_www-data,14,assign,0
12778,37239.0,openat_www-data,11130,assign,0
12779,37239.0,openat_www-data,11131,assign,0
12780,37243.0,close_www-data,14,assign,0
12781,37243.0,openat_www-data,11132,assign,0
12782,37243.0,openat_www-data,11133,assign,0
12783,37247.0,close_www-data,14,assign,0
12784,37247.0,openat_www-data,11134,assign,0
12785,37247.0,openat_www-data,11135,assign,0
12786,37247.0,openat_www-data,11136,assign,0
12787,37247.0,openat_www-data,11137,assign,0
12788,37251.0,close_www-data,14,assign,0
12789,37251.0,openat_www-data,11138,assign,0
12790,37251.0,openat_www-data,11139,assign,0
12791,37251.0,openat_www-data,11140,assign,0
12792,37251.0,openat_www-data,11141,assign,0
12793,37255.0,close_www-data,14,assign,0
12794,37255.0,openat_www-data,11142,assign,0
12795,37255.0,openat_www-data,11143,assign,0
12796,37255.0,openat_www-data,11144,assign,0
12797,37255.0,openat_www-data,11145,assign,0
12798,37259.0,close_www-data,14,assign,0
12799,37259.0,openat_www-data,11146,assign,0
12800,37259.0,openat_www-data,11147,assign,0
12801,37259.0,openat_www-data,11148,assign,0
12802,37263.0,close_www-data,14,assign,0
12803,37263.0,openat_www-data,11149,assign,0
12804,37263.0,openat_www-data,11150,assign,0
12805,37267.0,openat_www-data,11151,assign,0
12806,37267.0,close_www-data,14,assign,0
12807,37267.0,openat_www-data,11152,assign,0
12808,37267.0,openat_www-data,11153,assign,0
12809,37267.0,openat_www-data,11154,assign,0
12810,37271.0,close_www-data,14,assign,0
12811,37271.0,openat_www-data,11155,assign,0
12812,37271.0,openat_www-data,11156,assign,0
12813,37271.0,openat_www-data,11157,assign,0
12814,37275.0,openat_www-data,11158,assign,0
12815,37275.0,close_www-data,14,assign,0
12816,37275.0,openat_www-data,11159,assign,0
12817,37275.0,openat_www-data,11160,assign,0
12818,37275.0,openat_www-data,11161,assign,0
12819,37279.0,close_www-data,14,assign,0
12820,37279.0,openat_www-data,11162,assign,0
12821,37279.0,openat_www-data,11163,assign,0
12822,37279.0,openat_www-data,11164,assign,0
12823,37279.0,openat_www-data,11165,assign,0
12824,37311.0,close_www-data,14,assign,0
12825,37311.0,openat_www-data,11166,assign,0
12826,37311.0,openat_www-data,11167,assign,0
12827,37311.0,openat_www-data,11168,assign,0
12828,37311.0,openat_www-data,11169,assign,0
12829,37311.0,openat_www-data,11170,assign,0
12830,37315.0,close_www-data,14,assign,0
12831,37315.0,openat_www-data,11171,assign,0
12832,37315.0,openat_www-data,11172,assign,0
12833,37315.0,openat_www-data,11173,assign,0
12834,37323.0,close_www-data,14,assign,0
12835,37323.0,openat_www-data,11174,assign,0
12836,37323.0,openat_www-data,11175,assign,0
12837,37323.0,openat_www-data,11176,assign,0
12838,37323.0,openat_www-data,11177,assign,0
12839,37323.0,openat_www-data,11178,assign,0
12840,37327.0,openat_www-data,11179,assign,0
12841,37327.0,close_www-data,14,assign,0
12842,37327.0,openat_www-data,11180,assign,0
12843,37327.0,openat_www-data,11181,assign,0
12844,37327.0,openat_www-data,11182,assign,0
12845,37331.0,close_www-data,14,assign,0
12846,37331.0,openat_www-data,11183,assign,0
12847,37331.0,openat_www-data,11184,assign,0
12848,37331.0,openat_www-data,11185,assign,0
12849,37331.0,openat_www-data,11186,assign,0
12850,37335.0,close_www-data,14,assign,0
12851,37335.0,openat_www-data,11187,assign,0
12852,37335.0,openat_www-data,11188,assign,0
12853,37335.0,openat_www-data,11189,assign,0
12854,37339.0,close_www-data,14,assign,0
12855,37339.0,openat_www-data,11190,assign,0
12856,37339.0,openat_www-data,11191,assign,0
12857,37343.0,close_www-data,14,assign,0
12858,37343.0,openat_www-data,11192,assign,0
12859,37343.0,openat_www-data,11193,assign,0
12860,37343.0,openat_www-data,11194,assign,0
12861,37347.0,openat_www-data,11195,assign,0
12862,37347.0,close_www-data,14,assign,0
12863,37347.0,openat_www-data,11196,assign,0
12864,37347.0,openat_www-data,11197,assign,0
12865,37347.0,openat_www-data,11198,assign,0
12866,37355.0,openat_www-data,11199,assign,0
12867,37355.0,close_www-data,14,assign,0
12868,37355.0,openat_www-data,11200,assign,0
12869,37355.0,openat_www-data,11201,assign,0
12870,37355.0,openat_www-data,11202,assign,0
12871,37355.0,openat_www-data,11203,assign,0
12872,37359.0,close_www-data,14,assign,0
12873,37359.0,openat_www-data,11204,assign,0
12874,37359.0,openat_www-data,11205,assign,0
12875,37359.0,openat_www-data,11206,assign,0
12876,37363.0,close_www-data,14,assign,0
12877,37363.0,openat_www-data,11207,assign,0
12878,37363.0,openat_www-data,11208,assign,0
12879,37367.0,close_www-data,14,assign,0
12880,37367.0,openat_www-data,11209,assign,0
12881,37367.0,openat_www-data,11210,assign,0
12882,37367.0,openat_www-data,11211,assign,0
12883,37371.0,close_www-data,14,assign,0
12884,37371.0,openat_www-data,11212,assign,0
12885,37375.0,openat_www-data,11213,assign,0
12886,37375.0,close_www-data,14,assign,0
12887,37375.0,openat_www-data,11214,assign,0
12888,37375.0,openat_www-data,11215,assign,0
12889,37375.0,openat_www-data,11216,assign,0
12890,37379.0,close_www-data,14,assign,0
12891,37383.0,close_www-data,14,assign,0
12892,37383.0,openat_www-data,11217,assign,0
12893,37383.0,openat_www-data,11218,assign,0
12894,37383.0,openat_www-data,11219,assign,0
12895,37387.0,openat_www-data,11220,assign,0
12896,37387.0,close_www-data,14,assign,0
12897,37391.0,close_www-data,14,assign,0
12898,37391.0,openat_www-data,11221,assign,0
12899,37391.0,openat_www-data,11222,assign,0
12900,37391.0,openat_www-data,11223,assign,0
12901,37391.0,openat_www-data,11224,assign,0
12902,37395.0,openat_www-data,11225,assign,0
12903,37399.0,close_www-data,14,assign,0
12904,37399.0,openat_www-data,11226,assign,0
12905,37399.0,openat_www-data,11227,assign,0
12906,37399.0,openat_www-data,11228,assign,0
12907,37403.0,openat_www-data,11229,assign,0
12908,37403.0,close_www-data,14,assign,0
12909,37403.0,openat_www-data,11230,assign,0
12910,37403.0,openat_www-data,11231,assign,0
12911,37403.0,openat_www-data,11232,assign,0
12912,37407.0,openat_www-data,11233,assign,0
12913,37407.0,close_www-data,14,assign,0
12914,37407.0,openat_www-data,11234,assign,0
12915,37411.0,close_www-data,14,assign,0
12916,37411.0,openat_www-data,11235,assign,0
12917,37411.0,openat_www-data,11236,assign,0
12918,37415.0,openat_www-data,11237,assign,0
12919,37415.0,close_www-data,14,assign,0
12920,37415.0,openat_www-data,11238,assign,0
12921,37415.0,openat_www-data,11239,assign,0
12922,37419.0,close_www-data,14,assign,0
12923,37419.0,openat_www-data,11240,assign,0
12924,37419.0,openat_www-data,11241,assign,0
12925,37423.0,close_www-data,14,assign,0
12926,37423.0,openat_www-data,11242,assign,0
12927,37423.0,openat_www-data,11243,assign,0
12928,37423.0,openat_www-data,11244,assign,0
12929,37423.0,openat_www-data,11245,assign,0
12930,37431.0,close_www-data,14,assign,0
12931,37431.0,openat_www-data,11246,assign,0
12932,37431.0,openat_www-data,11247,assign,0
12933,37431.0,openat_www-data,11248,assign,0
12934,37431.0,openat_www-data,11249,assign,0
12935,37435.0,close_www-data,14,assign,0
12936,37435.0,openat_www-data,11250,assign,0
12937,37435.0,openat_www-data,11251,assign,0
12938,37435.0,openat_www-data,11252,assign,0
12939,37439.0,close_www-data,14,assign,0
12940,37439.0,openat_www-data,11253,assign,0
12941,37443.0,close_www-data,14,assign,0
12942,37443.0,openat_www-data,11254,assign,0
12943,37443.0,openat_www-data,11255,assign,0
12944,37443.0,openat_www-data,11256,assign,0
12945,37443.0,openat_www-data,11257,assign,0
12946,37451.0,close_www-data,14,assign,0
12947,37451.0,openat_www-data,11258,assign,0
12948,37451.0,openat_www-data,11259,assign,0
12949,37451.0,openat_www-data,11260,assign,0
12950,37451.0,openat_www-data,11261,assign,0
12951,37451.0,openat_www-data,11262,assign,0
12952,37455.0,close_www-data,14,assign,0
12953,37455.0,openat_www-data,11263,assign,0
12954,37455.0,openat_www-data,11264,assign,0
12955,37459.0,close_www-data,14,assign,0
12956,37459.0,openat_www-data,11265,assign,0
12957,37459.0,openat_www-data,11266,assign,0
12958,37463.0,close_www-data,14,assign,0
12959,37463.0,openat_www-data,11267,assign,0
12960,37463.0,openat_www-data,11268,assign,0
12961,37463.0,openat_www-data,11269,assign,0
12962,37463.0,openat_www-data,11270,assign,0
12963,37467.0,close_www-data,14,assign,0
12964,37471.0,close_www-data,14,assign,0
12965,37471.0,openat_www-data,11271,assign,0
12966,37471.0,openat_www-data,11272,assign,0
12967,37471.0,openat_www-data,11273,assign,0
12968,37471.0,openat_www-data,11274,assign,0
12969,37475.0,close_www-data,14,assign,0
12970,37475.0,openat_www-data,11275,assign,0
12971,37479.0,openat_www-data,11276,assign,0
12972,37479.0,close_www-data,14,assign,0
12973,37479.0,openat_www-data,11277,assign,0
12974,37479.0,openat_www-data,11278,assign,0
12975,37479.0,openat_www-data,11279,assign,0
12976,37483.0,close_www-data,14,assign,0
12977,37483.0,openat_www-data,11280,assign,0
12978,37483.0,openat_www-data,11281,assign,0
12979,37483.0,openat_www-data,11282,assign,0
12980,37487.0,close_www-data,14,assign,0
12981,37487.0,openat_www-data,11283,assign,0
12982,37491.0,openat_www-data,11284,assign,0
12983,37491.0,close_www-data,14,assign,0
12984,37491.0,openat_www-data,11285,assign,0
12985,37491.0,openat_www-data,11286,assign,0
12986,37495.0,close_www-data,14,assign,0
12987,37495.0,openat_www-data,11287,assign,0
12988,37495.0,openat_www-data,11288,assign,0
12989,37499.0,close_www-data,14,assign,0
12990,37499.0,openat_www-data,11289,assign,0
12991,37499.0,openat_www-data,11290,assign,0
12992,37499.0,openat_www-data,11291,assign,0
12993,37503.0,close_www-data,14,assign,0
12994,37503.0,openat_www-data,11292,assign,0
12995,37503.0,openat_www-data,11293,assign,0
12996,37503.0,openat_www-data,11294,assign,0
12997,37503.0,openat_www-data,11295,assign,0
12998,37507.0,close_www-data,14,assign,0
12999,37507.0,openat_www-data,11296,assign,0
13000,37507.0,openat_www-data,11297,assign,0
13001,37507.0,openat_www-data,11298,assign,0
13002,37507.0,openat_www-data,11299,assign,0
13003,37511.0,openat_www-data,11300,assign,0
13004,37511.0,close_www-data,14,assign,0
13005,37515.0,close_www-data,14,assign,0
13006,37515.0,openat_www-data,11301,assign,0
13007,37515.0,openat_www-data,11302,assign,0
13008,37515.0,openat_www-data,11303,assign,0
13009,37515.0,openat_www-data,11304,assign,0
13010,37515.0,openat_www-data,11305,assign,0
13011,37519.0,openat_www-data,11306,assign,0
13012,37519.0,close_www-data,14,assign,0
13013,37519.0,openat_www-data,11307,assign,0
13014,37519.0,openat_www-data,11308,assign,0
13015,37519.0,openat_www-data,11309,assign,0
13016,37519.0,openat_www-data,11310,assign,0
13017,37523.0,close_www-data,14,assign,0
13018,37523.0,openat_www-data,11311,assign,0
13019,37523.0,openat_www-data,11312,assign,0
13020,37523.0,openat_www-data,11313,assign,0
13021,37523.0,openat_www-data,11314,assign,0
13022,37531.0,close_www-data,14,assign,0
13023,37531.0,openat_www-data,11315,assign,0
13024,37531.0,openat_www-data,11316,assign,0
13025,37531.0,openat_www-data,11317,assign,0
13026,37531.0,openat_www-data,11318,assign,0
13027,37539.0,close_www-data,14,assign,0
13028,37539.0,openat_www-data,11319,assign,0
13029,37539.0,openat_www-data,11320,assign,0
13030,37539.0,openat_www-data,11321,assign,0
13031,37539.0,openat_www-data,11322,assign,0
13032,37539.0,openat_www-data,11323,assign,0
13033,37547.0,close_www-data,14,assign,0
13034,37547.0,openat_www-data,11324,assign,0
13035,37547.0,openat_www-data,11325,assign,0
13036,37547.0,openat_www-data,11326,assign,0
13037,37547.0,openat_www-data,11327,assign,0
13038,37551.0,close_www-data,14,assign,0
13039,37551.0,openat_www-data,11328,assign,0
13040,37551.0,openat_www-data,11329,assign,0
13041,37551.0,openat_www-data,11330,assign,0
13042,37551.0,openat_www-data,11331,assign,0
13043,37559.0,close_www-data,14,assign,0
13044,37559.0,openat_www-data,11332,assign,0
13045,37559.0,openat_www-data,11333,assign,0
13046,37559.0,openat_www-data,11334,assign,0
13047,37559.0,openat_www-data,11335,assign,0
13048,37563.0,close_www-data,14,assign,0
13049,37563.0,openat_www-data,11336,assign,0
13050,37563.0,openat_www-data,11337,assign,0
13051,37563.0,openat_www-data,11338,assign,0
13052,37567.0,openat_www-data,11339,assign,0
13053,37567.0,close_www-data,14,assign,0
13054,37567.0,openat_www-data,11340,assign,0
13055,37571.0,close_www-data,14,assign,0
13056,37571.0,openat_www-data,11341,assign,0
13057,37571.0,openat_www-data,11342,assign,0
13058,37571.0,close_www-data,14,assign,0
13059,37571.0,close_www-data,14,assign,0
13060,37571.0,openat_www-data,11343,assign,0
13061,37571.0,openat_www-data,11344,assign,0
13062,37575.0,openat_www-data,11345,assign,0
13063,37575.0,close_www-data,14,assign,0
13064,37575.0,openat_www-data,11346,assign,0
13065,37575.0,openat_www-data,11347,assign,0
13066,37579.0,close_www-data,14,assign,0
13067,37579.0,openat_www-data,11348,assign,0
13068,37583.0,openat_www-data,11349,assign,0
13069,37583.0,close_www-data,14,assign,0
13070,37583.0,openat_www-data,11350,assign,0
13071,37583.0,openat_www-data,11351,assign,0
13072,37583.0,close_www-data,14,assign,0
13073,37583.0,openat_www-data,11352,assign,0
13074,37583.0,openat_www-data,11353,assign,0
13075,37591.0,close_www-data,14,assign,0
13076,37591.0,openat_www-data,11354,assign,0
13077,37591.0,openat_www-data,11355,assign,0
13078,37591.0,openat_www-data,11356,assign,0
13079,37595.0,close_www-data,14,assign,0
13080,37595.0,openat_www-data,11357,assign,0
13081,37595.0,openat_www-data,11358,assign,0
13082,37595.0,openat_www-data,11359,assign,0
13083,37595.0,openat_www-data,11360,assign,0
13084,37599.0,close_www-data,14,assign,0
13085,37599.0,openat_www-data,11361,assign,0
13086,37603.0,close_www-data,14,assign,0
13087,37603.0,openat_www-data,11362,assign,0
13088,37603.0,openat_www-data,11363,assign,0
13089,37603.0,openat_www-data,11364,assign,0
13090,37603.0,openat_www-data,11365,assign,0
13091,37607.0,close_www-data,14,assign,0
13092,37607.0,openat_www-data,11366,assign,0
13093,37607.0,openat_www-data,11367,assign,0
13094,37611.0,close_www-data,14,assign,0
13095,37611.0,openat_www-data,11368,assign,0
13096,37611.0,openat_www-data,11369,assign,0
13097,37611.0,openat_www-data,11370,assign,0
13098,37611.0,openat_www-data,11371,assign,0
13099,37615.0,close_www-data,14,assign,0
13100,37619.0,close_www-data,14,assign,0
13101,37619.0,openat_www-data,11372,assign,0
13102,37619.0,openat_www-data,11373,assign,0
13103,37619.0,openat_www-data,11374,assign,0
13104,37619.0,openat_www-data,11375,assign,0
13105,37623.0,close_www-data,14,assign,0
13106,37623.0,openat_www-data,11376,assign,0
13107,37623.0,openat_www-data,11377,assign,0
13108,37623.0,openat_www-data,11378,assign,0
13109,37627.0,openat_www-data,11379,assign,0
13110,37627.0,close_www-data,14,assign,0
13111,37627.0,openat_www-data,11380,assign,0
13112,37631.0,close_www-data,14,assign,0
13113,37631.0,openat_www-data,11381,assign,0
13114,37631.0,openat_www-data,11382,assign,0
13115,37631.0,openat_www-data,11383,assign,0
13116,37635.0,close_www-data,14,assign,0
13117,37635.0,openat_www-data,11384,assign,0
13118,37635.0,openat_www-data,11385,assign,0
13119,37639.0,openat_www-data,11386,assign,0
13120,37639.0,close_www-data,14,assign,0
13121,37639.0,openat_www-data,11387,assign,0
13122,37643.0,close_www-data,14,assign,0
13123,37643.0,openat_www-data,11388,assign,0
13124,37643.0,openat_www-data,11389,assign,0
13125,37643.0,openat_www-data,11390,assign,0
13126,37643.0,openat_www-data,11391,assign,0
13127,37651.0,openat_www-data,11392,assign,0
13128,37651.0,close_www-data,14,assign,0
13129,37651.0,openat_www-data,11393,assign,0
13130,37651.0,openat_www-data,11394,assign,0
13131,37651.0,openat_www-data,11395,assign,0
13132,37655.0,openat_www-data,11396,assign,0
13133,37655.0,close_www-data,14,assign,0
13134,37655.0,openat_www-data,11397,assign,0
13135,37659.0,close_www-data,14,assign,0
13136,37659.0,openat_www-data,11398,assign,0
13137,37659.0,openat_www-data,11399,assign,0
13138,37659.0,openat_www-data,11400,assign,0
13139,37663.0,openat_www-data,11401,assign,0
13140,37663.0,close_www-data,14,assign,0
13141,37663.0,openat_www-data,11402,assign,0
13142,37663.0,openat_www-data,11403,assign,0
13143,37663.0,openat_www-data,11404,assign,0
13144,37667.0,close_www-data,14,assign,0
13145,37667.0,openat_www-data,11405,assign,0
13146,37667.0,openat_www-data,11406,assign,0
13147,37671.0,close_www-data,14,assign,0
13148,37671.0,openat_www-data,11407,assign,0
13149,37671.0,openat_www-data,11408,assign,0
13150,37675.0,openat_www-data,11409,assign,0
13151,37675.0,close_www-data,14,assign,0
13152,37675.0,openat_www-data,11410,assign,0
13153,37675.0,openat_www-data,11411,assign,0
13154,37679.0,close_www-data,14,assign,0
13155,37679.0,openat_www-data,11412,assign,0
13156,37679.0,openat_www-data,11413,assign,0
13157,37679.0,openat_www-data,11414,assign,0
13158,37679.0,openat_www-data,11415,assign,0
13159,37683.0,close_www-data,14,assign,0
13160,37683.0,openat_www-data,11416,assign,0
13161,37683.0,openat_www-data,11417,assign,0
13162,37687.0,close_www-data,14,assign,0
13163,37687.0,openat_www-data,11418,assign,0
13164,37687.0,openat_www-data,11419,assign,0
13165,37691.0,close_www-data,14,assign,0
13166,37691.0,openat_www-data,11420,assign,0
13167,37691.0,openat_www-data,11421,assign,0
13168,37695.0,close_www-data,14,assign,0
13169,37695.0,openat_www-data,11422,assign,0
13170,37695.0,openat_www-data,11423,assign,0
13171,37695.0,openat_www-data,11424,assign,0
13172,37695.0,openat_www-data,11425,assign,0
13173,37699.0,close_www-data,14,assign,0
13174,37699.0,openat_www-data,11426,assign,0
13175,37699.0,openat_www-data,11427,assign,0
13176,37703.0,close_www-data,14,assign,0
13177,37703.0,openat_www-data,11428,assign,0
13178,37703.0,openat_www-data,11429,assign,0
13179,37707.0,close_www-data,14,assign,0
13180,37707.0,openat_www-data,11430,assign,0
13181,37707.0,openat_www-data,11431,assign,0
13182,37711.0,openat_www-data,11432,assign,0
13183,37711.0,close_www-data,14,assign,0
13184,37711.0,openat_www-data,11433,assign,0
13185,37715.0,close_www-data,14,assign,0
13186,37715.0,openat_www-data,11434,assign,0
13187,37715.0,openat_www-data,11435,assign,0
13188,37715.0,openat_www-data,11436,assign,0
13189,37715.0,openat_www-data,11437,assign,0
13190,37719.0,close_www-data,14,assign,0
13191,37719.0,openat_www-data,11438,assign,0
13192,37719.0,openat_www-data,11439,assign,0
13193,37719.0,openat_www-data,11440,assign,0
13194,37719.0,openat_www-data,11441,assign,0
13195,37719.0,openat_www-data,11442,assign,0
13196,37723.0,close_www-data,14,assign,0
13197,37723.0,openat_www-data,11443,assign,0
13198,37723.0,openat_www-data,11444,assign,0
13199,37727.0,close_www-data,14,assign,0
13200,37727.0,openat_www-data,11445,assign,0
13201,37727.0,openat_www-data,11446,assign,0
13202,37727.0,openat_www-data,11447,assign,0
13203,37731.0,close_www-data,14,assign,0
13204,37731.0,openat_www-data,11448,assign,0
13205,37731.0,openat_www-data,11449,assign,0
13206,37731.0,openat_www-data,11450,assign,0
13207,37731.0,openat_www-data,11451,assign,0
13208,37735.0,close_www-data,14,assign,0
13209,37735.0,openat_www-data,11452,assign,0
13210,37735.0,openat_www-data,11453,assign,0
13211,37735.0,openat_www-data,11454,assign,0
13212,37743.0,close_www-data,14,assign,0
13213,37743.0,openat_www-data,11455,assign,0
13214,37743.0,openat_www-data,11456,assign,0
13215,37743.0,openat_www-data,11457,assign,0
13216,37743.0,openat_www-data,11458,assign,0
13217,37743.0,openat_www-data,11459,assign,0
13218,37747.0,close_www-data,14,assign,0
13219,37747.0,openat_www-data,11460,assign,0
13220,37751.0,openat_www-data,11461,assign,0
13221,37751.0,close_www-data,14,assign,0
13222,37751.0,openat_www-data,11462,assign,0
13223,37751.0,openat_www-data,11463,assign,0
13224,37755.0,close_www-data,14,assign,0
13225,37755.0,openat_www-data,11464,assign,0
13226,37755.0,openat_www-data,11465,assign,0
13227,37755.0,openat_www-data,11466,assign,0
13228,37755.0,openat_www-data,11467,assign,0
13229,37759.0,close_www-data,14,assign,0
13230,37763.0,openat_www-data,11468,assign,0
13231,37763.0,close_www-data,14,assign,0
13232,37763.0,openat_www-data,11469,assign,0
13233,37763.0,openat_www-data,11470,assign,0
13234,37763.0,openat_www-data,11471,assign,0
13235,37763.0,openat_www-data,11472,assign,0
13236,37767.0,close_www-data,14,assign,0
13237,37767.0,openat_www-data,11473,assign,0
13238,37767.0,openat_www-data,11474,assign,0
13239,37767.0,openat_www-data,11475,assign,0
13240,37767.0,openat_www-data,11476,assign,0
13241,37767.0,close_www-data,14,assign,0
13242,37771.0,close_www-data,14,assign,0
13243,37771.0,openat_www-data,11477,assign,0
13244,37771.0,openat_www-data,11478,assign,0
13245,37775.0,close_www-data,14,assign,0
13246,37775.0,openat_www-data,11479,assign,0
13247,37775.0,openat_www-data,11480,assign,0
13248,37775.0,openat_www-data,11481,assign,0
13249,37775.0,openat_www-data,11482,assign,0
13250,37775.0,openat_www-data,11483,assign,0
13251,37775.0,openat_www-data,11484,assign,0
13252,37775.0,openat_www-data,11485,assign,0
13253,37779.0,close_www-data,14,assign,0
13254,37779.0,openat_www-data,11486,assign,0
13255,37779.0,openat_www-data,11487,assign,0
13256,37779.0,openat_www-data,11488,assign,0
13257,37779.0,openat_www-data,11489,assign,0
13258,37779.0,openat_www-data,11490,assign,0
13259,37783.0,close_www-data,14,assign,0
13260,37783.0,openat_www-data,11491,assign,0
13261,37783.0,openat_www-data,11492,assign,0
13262,37783.0,openat_www-data,11493,assign,0
13263,37787.0,close_www-data,14,assign,0
13264,37787.0,openat_www-data,11494,assign,0
13265,37787.0,openat_www-data,11495,assign,0
13266,37787.0,openat_www-data,11496,assign,0
13267,37787.0,openat_www-data,11497,assign,0
13268,37791.0,close_www-data,14,assign,0
13269,37791.0,openat_www-data,11498,assign,0
13270,37791.0,openat_www-data,11499,assign,0
13271,37791.0,openat_www-data,11500,assign,0
13272,37791.0,openat_www-data,11501,assign,0
13273,37795.0,close_www-data,14,assign,0
13274,37795.0,openat_www-data,11502,assign,0
13275,37795.0,close_www-data,14,assign,0
13276,37795.0,openat_www-data,11503,assign,0
13277,37795.0,openat_www-data,11504,assign,0
13278,37795.0,openat_www-data,11505,assign,0
13279,37799.0,close_www-data,14,assign,0
13280,37799.0,openat_www-data,11506,assign,0
13281,37799.0,openat_www-data,11507,assign,0
13282,37799.0,openat_www-data,11508,assign,0
13283,37803.0,close_www-data,14,assign,0
13284,37803.0,openat_www-data,11509,assign,0
13285,37803.0,openat_www-data,11510,assign,0
13286,37803.0,openat_www-data,11511,assign,0
13287,37803.0,openat_www-data,11512,assign,0
13288,37803.0,openat_www-data,11513,assign,0
13289,37807.0,close_www-data,14,assign,0
13290,37807.0,openat_www-data,11514,assign,0
13291,37807.0,openat_www-data,11515,assign,0
13292,37811.0,close_www-data,14,assign,0
13293,37811.0,openat_www-data,11516,assign,0
13294,37811.0,openat_www-data,11517,assign,0
13295,37811.0,openat_www-data,11518,assign,0
13296,37815.0,close_www-data,14,assign,0
13297,37815.0,openat_www-data,11519,assign,0
13298,37815.0,openat_www-data,11520,assign,0
13299,37815.0,openat_www-data,11521,assign,0
13300,37815.0,openat_www-data,11522,assign,0
13301,37815.0,close_www-data,14,assign,0
13302,37815.0,openat_www-data,11523,assign,0
13303,37819.0,close_www-data,14,assign,0
13304,37819.0,openat_www-data,11524,assign,0
13305,37819.0,openat_www-data,11525,assign,0
13306,37819.0,openat_www-data,11526,assign,0
13307,37819.0,openat_www-data,11527,assign,0
13308,37819.0,openat_www-data,11528,assign,0
13309,37819.0,openat_www-data,11529,assign,0
13310,37819.0,openat_www-data,11530,assign,0
13311,37823.0,close_www-data,14,assign,0
13312,37823.0,openat_www-data,11531,assign,0
13313,37823.0,openat_www-data,11532,assign,0
13314,37823.0,openat_www-data,11533,assign,0
13315,37823.0,openat_www-data,11534,assign,0
13316,37827.0,openat_www-data,11535,assign,0
13317,37827.0,close_www-data,14,assign,0
13318,37827.0,openat_www-data,11536,assign,0
13319,37827.0,openat_www-data,11537,assign,0
13320,37827.0,openat_www-data,11538,assign,0
13321,37831.0,close_www-data,14,assign,0
13322,37831.0,openat_www-data,11539,assign,0
13323,37831.0,openat_www-data,11540,assign,0
13324,37831.0,openat_www-data,11541,assign,0
13325,37831.0,openat_www-data,11542,assign,0
13326,37835.0,close_www-data,14,assign,0
13327,37835.0,openat_www-data,11543,assign,0
13328,37835.0,openat_www-data,11544,assign,0
13329,37839.0,close_www-data,14,assign,0
13330,37839.0,openat_www-data,11545,assign,0
13331,37839.0,openat_www-data,11546,assign,0
13332,37839.0,openat_www-data,11547,assign,0
13333,37839.0,close_www-data,14,assign,0
13334,37839.0,openat_www-data,11548,assign,0
13335,37839.0,openat_www-data,11549,assign,0
13336,37839.0,openat_www-data,11550,assign,0
13337,37839.0,openat_www-data,11551,assign,0
13338,37839.0,openat_www-data,11552,assign,0
13339,37843.0,close_www-data,14,assign,0
13340,37847.0,close_www-data,14,assign,0
13341,37847.0,openat_www-data,11553,assign,0
13342,37847.0,openat_www-data,11554,assign,0
13343,37847.0,openat_www-data,11555,assign,0
13344,37847.0,openat_www-data,11556,assign,0
13345,37847.0,openat_www-data,11557,assign,0
13346,37847.0,openat_www-data,11558,assign,0
13347,37847.0,openat_www-data,11559,assign,0
13348,37847.0,openat_www-data,11560,assign,0
13349,37851.0,close_www-data,14,assign,0
13350,37851.0,openat_www-data,11561,assign,0
13351,37851.0,openat_www-data,11562,assign,0
13352,37851.0,openat_www-data,11563,assign,0
13353,37855.0,close_www-data,14,assign,0
13354,37855.0,openat_www-data,11564,assign,0
13355,37855.0,openat_www-data,11565,assign,0
13356,37855.0,openat_www-data,11566,assign,0
13357,37855.0,openat_www-data,11567,assign,0
13358,37855.0,openat_www-data,11568,assign,0
13359,37855.0,openat_www-data,11569,assign,0
13360,37859.0,close_www-data,14,assign,0
13361,37863.0,close_www-data,14,assign,0
13362,37863.0,openat_www-data,11570,assign,0
13363,37863.0,openat_www-data,11571,assign,0
13364,37863.0,openat_www-data,11572,assign,0
13365,37863.0,openat_www-data,11573,assign,0
13366,37863.0,openat_www-data,11574,assign,0
13367,37863.0,openat_www-data,11575,assign,0
13368,37863.0,openat_www-data,11576,assign,0
13369,37867.0,close_www-data,14,assign,0
13370,37867.0,openat_www-data,11577,assign,0
13371,37867.0,openat_www-data,11578,assign,0
13372,37867.0,openat_www-data,11579,assign,0
13373,37867.0,openat_www-data,11580,assign,0
13374,37871.0,close_www-data,14,assign,0
13375,37871.0,openat_www-data,11581,assign,0
13376,37871.0,openat_www-data,11582,assign,0
13377,37871.0,openat_www-data,11583,assign,0
13378,37871.0,openat_www-data,11584,assign,0
13379,37871.0,openat_www-data,11585,assign,0
13380,37871.0,openat_www-data,11586,assign,0
13381,37875.0,openat_www-data,11587,assign,0
13382,37875.0,close_www-data,14,assign,0
13383,37875.0,openat_www-data,11588,assign,0
13384,37875.0,openat_www-data,11589,assign,0
13385,37875.0,openat_www-data,11590,assign,0
13386,37875.0,openat_www-data,11591,assign,0
13387,37879.0,close_www-data,14,assign,0
13388,37879.0,openat_www-data,11592,assign,0
13389,37879.0,openat_www-data,11593,assign,0
13390,37879.0,openat_www-data,11594,assign,0
13391,37879.0,openat_www-data,11595,assign,0
13392,37879.0,openat_www-data,11596,assign,0
13393,37879.0,openat_www-data,11597,assign,0
13394,37883.0,close_www-data,14,assign,0
13395,37883.0,openat_www-data,11598,assign,0
13396,37883.0,openat_www-data,11599,assign,0
13397,37883.0,openat_www-data,11600,assign,0
13398,37883.0,openat_www-data,11601,assign,0
13399,37883.0,openat_www-data,11602,assign,0
13400,37887.0,close_www-data,14,assign,0
13401,37887.0,openat_www-data,11603,assign,0
13402,37887.0,openat_www-data,11604,assign,0
13403,37887.0,openat_www-data,11605,assign,0
13404,37887.0,openat_www-data,11606,assign,0
13405,37887.0,openat_www-data,11607,assign,0
13406,37887.0,openat_www-data,11608,assign,0
13407,37887.0,openat_www-data,11609,assign,0
13408,37891.0,close_www-data,14,assign,0
13409,37891.0,openat_www-data,11610,assign,0
13410,37891.0,openat_www-data,11611,assign,0
13411,37891.0,openat_www-data,11612,assign,0
13412,37891.0,openat_www-data,11613,assign,0
13413,37895.0,close_www-data,14,assign,0
13414,37895.0,openat_www-data,11614,assign,0
13415,37895.0,openat_www-data,11615,assign,0
13416,37895.0,openat_www-data,11616,assign,0
13417,37895.0,openat_www-data,11617,assign,0
13418,37899.0,openat_www-data,11618,assign,0
13419,37899.0,close_www-data,14,assign,0
13420,37899.0,openat_www-data,11619,assign,0
13421,37899.0,openat_www-data,11620,assign,0
13422,37899.0,openat_www-data,11621,assign,0
13423,37899.0,openat_www-data,11622,assign,0
13424,37903.0,openat_www-data,11623,assign,0
13425,37903.0,close_www-data,14,assign,0
13426,37903.0,openat_www-data,11624,assign,0
13427,37903.0,openat_www-data,11625,assign,0
13428,37903.0,openat_www-data,11626,assign,0
13429,37903.0,openat_www-data,11627,assign,0
13430,37903.0,openat_www-data,11628,assign,0
13431,37907.0,close_www-data,14,assign,0
13432,37907.0,openat_www-data,11629,assign,0
13433,37907.0,openat_www-data,11630,assign,0
13434,37907.0,openat_www-data,11631,assign,0
13435,37907.0,openat_www-data,11632,assign,0
13436,37911.0,close_www-data,14,assign,0
13437,37911.0,openat_www-data,11633,assign,0
13438,37911.0,openat_www-data,11634,assign,0
13439,37911.0,openat_www-data,11635,assign,0
13440,37911.0,openat_www-data,11636,assign,0
13441,37915.0,close_www-data,14,assign,0
13442,37915.0,openat_www-data,11637,assign,0
13443,37915.0,openat_www-data,11638,assign,0
13444,37915.0,openat_www-data,11639,assign,0
13445,37915.0,openat_www-data,11640,assign,0
13446,37915.0,openat_www-data,11641,assign,0
13447,37919.0,close_www-data,14,assign,0
13448,37919.0,openat_www-data,11642,assign,0
13449,37919.0,openat_www-data,11643,assign,0
13450,37919.0,openat_www-data,11644,assign,0
13451,37919.0,openat_www-data,11645,assign,0
13452,37923.0,openat_www-data,11646,assign,0
13453,37923.0,close_www-data,14,assign,0
13454,37927.0,close_www-data,14,assign,0
13455,37927.0,openat_www-data,11647,assign,0
13456,37927.0,openat_www-data,11648,assign,0
13457,37927.0,openat_www-data,11649,assign,0
13458,37927.0,openat_www-data,11650,assign,0
13459,37931.0,close_www-data,14,assign,0
13460,37931.0,openat_www-data,11651,assign,0
13461,37931.0,openat_www-data,11652,assign,0
13462,37931.0,openat_www-data,11653,assign,0
13463,37931.0,openat_www-data,11654,assign,0
13464,37931.0,openat_www-data,11655,assign,0
13465,37931.0,openat_www-data,11656,assign,0
13466,37931.0,openat_www-data,11657,assign,0
13467,37935.0,close_www-data,14,assign,0
13468,37935.0,openat_www-data,11658,assign,0
13469,37935.0,openat_www-data,11659,assign,0
13470,37935.0,openat_www-data,11660,assign,0
13471,37939.0,close_www-data,14,assign,0
13472,37939.0,openat_www-data,11661,assign,0
13473,37971.0,openat_www-data,11662,assign,0
13474,37971.0,close_www-data,14,assign,0
13475,37971.0,openat_www-data,11663,assign,0
13476,37971.0,openat_www-data,11664,assign,0
13477,37971.0,openat_www-data,11665,assign,0
13478,37971.0,openat_www-data,11666,assign,0
13479,37975.0,openat_www-data,11667,assign,0
13480,37975.0,close_www-data,14,assign,0
13481,37975.0,openat_www-data,11668,assign,0
13482,37975.0,openat_www-data,11669,assign,0
13483,37975.0,openat_www-data,11670,assign,0
13484,37975.0,openat_www-data,11671,assign,0
13485,37975.0,openat_www-data,11672,assign,0
13486,37975.0,openat_www-data,11673,assign,0
13487,37979.0,close_www-data,14,assign,0
13488,37979.0,openat_www-data,11674,assign,0
13489,37979.0,openat_www-data,11675,assign,0
13490,37979.0,openat_www-data,11676,assign,0
13491,37979.0,openat_www-data,11677,assign,0
13492,37979.0,openat_www-data,11678,assign,0
13493,37983.0,close_www-data,14,assign,0
13494,37983.0,openat_www-data,11679,assign,0
13495,37983.0,openat_www-data,11680,assign,0
13496,37983.0,openat_www-data,11681,assign,0
13497,37983.0,openat_www-data,11682,assign,0
13498,37987.0,close_www-data,14,assign,0
13499,37987.0,openat_www-data,11683,assign,0
13500,37987.0,openat_www-data,11684,assign,0
13501,37987.0,openat_www-data,11685,assign,0
13502,37987.0,openat_www-data,11686,assign,0
13503,37987.0,openat_www-data,11687,assign,0
13504,37987.0,openat_www-data,11688,assign,0
13505,37987.0,openat_www-data,11689,assign,0
13506,37991.0,openat_www-data,11690,assign,0
13507,37991.0,close_www-data,14,assign,0
13508,37991.0,openat_www-data,11691,assign,0
13509,37991.0,openat_www-data,11692,assign,0
13510,37991.0,openat_www-data,11693,assign,0
13511,37991.0,openat_www-data,11694,assign,0
13512,37995.0,openat_www-data,11695,assign,0
13513,37995.0,close_www-data,14,assign,0
13514,37995.0,openat_www-data,11696,assign,0
13515,37995.0,close_www-data,14,assign,0
13516,37995.0,openat_www-data,11697,assign,0
13517,37995.0,close_www-data,14,assign,0
13518,37995.0,openat_www-data,11698,assign,0
13519,37995.0,close_www-data,14,assign,0
13520,37995.0,openat_www-data,11699,assign,0
13521,37995.0,close_www-data,14,assign,0
13522,37995.0,openat_www-data,11700,assign,0
13523,37995.0,openat_www-data,11701,assign,0
13524,37995.0,openat_www-data,11702,assign,0
13525,37999.0,close_www-data,14,assign,0
13526,37999.0,openat_www-data,11703,assign,0
13527,37999.0,openat_www-data,11704,assign,0
13528,37999.0,openat_www-data,11705,assign,0
13529,38003.0,close_www-data,14,assign,0
13530,38003.0,openat_www-data,11706,assign,0
13531,38003.0,openat_www-data,11707,assign,0
13532,38003.0,openat_www-data,11708,assign,0
13533,38003.0,openat_www-data,11709,assign,0
13534,38003.0,openat_www-data,11710,assign,0
13535,38007.0,close_www-data,14,assign,0
13536,38007.0,openat_www-data,11711,assign,0
13537,38007.0,openat_www-data,11712,assign,0
13538,38007.0,openat_www-data,11713,assign,0
13539,38007.0,openat_www-data,11714,assign,0
13540,38007.0,openat_www-data,11715,assign,0
13541,38007.0,openat_www-data,11716,assign,0
13542,38007.0,openat_www-data,11717,assign,0
13543,38011.0,close_www-data,14,assign,0
13544,38011.0,openat_www-data,11718,assign,0
13545,38011.0,openat_www-data,11719,assign,0
13546,38011.0,openat_www-data,11720,assign,0
13547,38011.0,openat_www-data,11721,assign,0
13548,38011.0,openat_www-data,11722,assign,0
13549,38011.0,openat_www-data,11723,assign,0
13550,38011.0,openat_www-data,11724,assign,0
13551,38015.0,close_www-data,14,assign,0
13552,38015.0,openat_www-data,11725,assign,0
13553,38015.0,openat_www-data,11726,assign,0
13554,38015.0,openat_www-data,11727,assign,0
13555,38015.0,openat_www-data,11728,assign,0
13556,38015.0,openat_www-data,11729,assign,0
13557,38015.0,openat_www-data,11730,assign,0
13558,38015.0,openat_www-data,11731,assign,0
13559,38019.0,close_www-data,14,assign,0
13560,38019.0,openat_www-data,11732,assign,0
13561,38019.0,openat_www-data,11733,assign,0
13562,38019.0,openat_www-data,11734,assign,0
13563,38019.0,openat_www-data,11735,assign,0
13564,38023.0,close_www-data,14,assign,0
13565,38023.0,openat_www-data,11736,assign,0
13566,38023.0,openat_www-data,11737,assign,0
13567,38023.0,openat_www-data,11738,assign,0
13568,38023.0,openat_www-data,11739,assign,0
13569,38023.0,openat_www-data,11740,assign,0
13570,38023.0,openat_www-data,11741,assign,0
13571,38023.0,openat_www-data,11742,assign,0
13572,38023.0,close_www-data,14,assign,0
13573,38023.0,close_www-data,14,assign,0
13574,38027.0,close_www-data,14,assign,0
13575,38027.0,openat_www-data,11743,assign,0
13576,38027.0,openat_www-data,11744,assign,0
13577,38027.0,openat_www-data,11745,assign,0
13578,38027.0,openat_www-data,11746,assign,0
13579,38027.0,openat_www-data,11747,assign,0
13580,38027.0,openat_www-data,11748,assign,0
13581,38027.0,close_www-data,14,assign,0
13582,38027.0,openat_www-data,11749,assign,0
13583,38031.0,openat_www-data,11750,assign,0
13584,38031.0,close_www-data,14,assign,0
13585,38031.0,openat_www-data,11751,assign,0
13586,38031.0,openat_www-data,11752,assign,0
13587,38031.0,close_www-data,14,assign,0
13588,38031.0,openat_www-data,11753,assign,0
13589,38031.0,openat_www-data,11754,assign,0
13590,38035.0,close_www-data,14,assign,0
13591,38035.0,openat_www-data,11755,assign,0
13592,38035.0,openat_www-data,11756,assign,0
13593,38035.0,openat_www-data,11757,assign,0
13594,38035.0,openat_www-data,11758,assign,0
13595,38039.0,close_www-data,14,assign,0
13596,38039.0,openat_www-data,11759,assign,0
13597,38039.0,openat_www-data,11760,assign,0
13598,38039.0,openat_www-data,11761,assign,0
13599,38039.0,openat_www-data,11762,assign,0
13600,38039.0,openat_www-data,11763,assign,0
13601,38039.0,openat_www-data,11764,assign,0
13602,38043.0,close_www-data,14,assign,0
13603,38043.0,openat_www-data,11765,assign,0
13604,38043.0,openat_www-data,11766,assign,0
13605,38043.0,openat_www-data,11767,assign,0
13606,38043.0,openat_www-data,11768,assign,0
13607,38043.0,openat_www-data,11769,assign,0
13608,38043.0,openat_www-data,11770,assign,0
13609,38047.0,close_www-data,14,assign,0
13610,38047.0,openat_www-data,11771,assign,0
13611,38047.0,openat_www-data,11772,assign,0
13612,38047.0,openat_www-data,11773,assign,0
13613,38047.0,openat_www-data,11774,assign,0
13614,38047.0,openat_www-data,11775,assign,0
13615,38051.0,close_www-data,14,assign,0
13616,38051.0,openat_www-data,11776,assign,0
13617,38051.0,openat_www-data,11777,assign,0
13618,38051.0,openat_www-data,11778,assign,0
13619,38051.0,openat_www-data,11779,assign,0
13620,38051.0,openat_www-data,11780,assign,0
13621,38051.0,openat_www-data,11781,assign,0
13622,38051.0,openat_www-data,11782,assign,0
13623,38051.0,openat_www-data,11783,assign,0
13624,38055.0,close_www-data,14,assign,0
13625,38055.0,openat_www-data,11784,assign,0
13626,38055.0,openat_www-data,11785,assign,0
13627,38055.0,openat_www-data,11786,assign,0
13628,38055.0,openat_www-data,11787,assign,0
13629,38059.0,close_www-data,14,assign,0
13630,38059.0,openat_www-data,11788,assign,0
13631,38059.0,openat_www-data,11789,assign,0
13632,38059.0,openat_www-data,11790,assign,0
13633,38059.0,openat_www-data,11791,assign,0
13634,38059.0,openat_www-data,11792,assign,0
13635,38063.0,close_www-data,14,assign,0
13636,38063.0,openat_www-data,11793,assign,0
13637,38063.0,openat_www-data,11794,assign,0
13638,38063.0,openat_www-data,11795,assign,0
13639,38063.0,openat_www-data,11796,assign,0
13640,38063.0,openat_www-data,11797,assign,0
13641,38063.0,openat_www-data,11798,assign,0
13642,38063.0,openat_www-data,11799,assign,0
13643,38063.0,openat_www-data,11800,assign,0
13644,38067.0,close_www-data,14,assign,0
13645,38067.0,openat_www-data,11801,assign,0
13646,38067.0,openat_www-data,11802,assign,0
13647,38067.0,openat_www-data,11803,assign,0
13648,38067.0,openat_www-data,11804,assign,0
13649,38067.0,openat_www-data,11805,assign,0
13650,38071.0,close_www-data,14,assign,0
13651,38071.0,openat_www-data,11806,assign,0
13652,38071.0,openat_www-data,11807,assign,0
13653,38071.0,openat_www-data,11808,assign,0
13654,38071.0,openat_www-data,11809,assign,0
13655,38071.0,openat_www-data,11810,assign,0
13656,38071.0,openat_www-data,11811,assign,0
13657,38071.0,openat_www-data,11812,assign,0
13658,38075.0,close_www-data,14,assign,0
13659,38075.0,openat_www-data,11813,assign,0
13660,38075.0,openat_www-data,11814,assign,0
13661,38075.0,openat_www-data,11815,assign,0
13662,38075.0,openat_www-data,11816,assign,0
13663,38079.0,openat_www-data,11817,assign,0
13664,38079.0,close_www-data,14,assign,0
13665,38079.0,openat_www-data,11818,assign,0
13666,38079.0,openat_www-data,11819,assign,0
13667,38079.0,openat_www-data,11820,assign,0
13668,38079.0,openat_www-data,11821,assign,0
13669,38079.0,openat_www-data,11822,assign,0
13670,38079.0,openat_www-data,11823,assign,0
13671,38079.0,openat_www-data,11824,assign,0
13672,38083.0,openat_www-data,11825,assign,0
13673,38083.0,close_www-data,14,assign,0
13674,38083.0,openat_www-data,11826,assign,0
13675,38083.0,openat_www-data,11827,assign,0
13676,38083.0,openat_www-data,11828,assign,0
13677,38083.0,openat_www-data,11829,assign,0
13678,38083.0,openat_www-data,11830,assign,0
13679,38087.0,close_www-data,14,assign,0
13680,38087.0,openat_www-data,11831,assign,0
13681,38087.0,openat_www-data,11832,assign,0
13682,38087.0,openat_www-data,11833,assign,0
13683,38087.0,openat_www-data,11834,assign,0
13684,38087.0,openat_www-data,11835,assign,0
13685,38091.0,close_www-data,14,assign,0
13686,38091.0,openat_www-data,11836,assign,0
13687,38091.0,openat_www-data,11837,assign,0
13688,38091.0,openat_www-data,11838,assign,0
13689,38091.0,openat_www-data,11839,assign,0
13690,38091.0,openat_www-data,11840,assign,0
13691,38091.0,openat_www-data,11841,assign,0
13692,38091.0,openat_www-data,11842,assign,0
13693,38095.0,close_www-data,14,assign,0
13694,38095.0,openat_www-data,11843,assign,0
13695,38095.0,openat_www-data,11844,assign,0
13696,38095.0,openat_www-data,11845,assign,0
13697,38095.0,openat_www-data,11846,assign,0
13698,38095.0,openat_www-data,11847,assign,0
13699,38099.0,close_www-data,14,assign,0
13700,38099.0,openat_www-data,11848,assign,0
13701,38099.0,openat_www-data,11849,assign,0
13702,38099.0,openat_www-data,11850,assign,0
13703,38099.0,openat_www-data,11851,assign,0
13704,38099.0,openat_www-data,11852,assign,0
13705,38099.0,openat_www-data,11853,assign,0
13706,38103.0,close_www-data,14,assign,0
13707,38103.0,openat_www-data,11854,assign,0
13708,38103.0,openat_www-data,11855,assign,0
13709,38103.0,openat_www-data,11856,assign,0
13710,38103.0,close_www-data,14,assign,0
13711,38103.0,openat_www-data,11857,assign,0
13712,38107.0,close_www-data,14,assign,0
13713,38107.0,openat_www-data,11858,assign,0
13714,38107.0,close_www-data,14,assign,0
13715,38107.0,openat_www-data,11859,assign,0
13716,38107.0,openat_www-data,11860,assign,0
13717,38107.0,openat_www-data,11861,assign,0
13718,38107.0,openat_www-data,11862,assign,0
13719,38107.0,openat_www-data,11863,assign,0
13720,38107.0,openat_www-data,11864,assign,0
13721,38111.0,close_www-data,14,assign,0
13722,38111.0,openat_www-data,11865,assign,0
13723,38111.0,openat_www-data,11866,assign,0
13724,38111.0,openat_www-data,11867,assign,0
13725,38111.0,openat_www-data,11868,assign,0
13726,38111.0,openat_www-data,11869,assign,0
13727,38115.0,close_www-data,14,assign,0
13728,38115.0,openat_www-data,11870,assign,0
13729,38115.0,openat_www-data,11871,assign,0
13730,38119.0,close_www-data,14,assign,0
13731,38119.0,openat_www-data,11872,assign,0
13732,38119.0,openat_www-data,11873,assign,0
13733,38119.0,openat_www-data,11874,assign,0
13734,38119.0,openat_www-data,11875,assign,0
13735,38119.0,openat_www-data,11876,assign,0
13736,38119.0,openat_www-data,11877,assign,0
13737,38119.0,openat_www-data,11878,assign,0
13738,38119.0,openat_www-data,11879,assign,0
13739,38119.0,openat_www-data,11880,assign,0
13740,38119.0,openat_www-data,11881,assign,0
13741,38123.0,close_www-data,14,assign,0
13742,38123.0,openat_www-data,11882,assign,0
13743,38123.0,openat_www-data,11883,assign,0
13744,38123.0,openat_www-data,11884,assign,0
13745,38123.0,openat_www-data,11885,assign,0
13746,38123.0,openat_www-data,11886,assign,0
13747,38123.0,openat_www-data,11887,assign,0
13748,38123.0,openat_www-data,11888,assign,0
13749,38127.0,close_www-data,14,assign,0
13750,38127.0,openat_www-data,11889,assign,0
13751,38127.0,openat_www-data,11890,assign,0
13752,38127.0,openat_www-data,11891,assign,0
13753,38127.0,openat_www-data,11892,assign,0
13754,38127.0,openat_www-data,11893,assign,0
13755,38127.0,openat_www-data,11894,assign,0
13756,38131.0,close_www-data,14,assign,0
13757,38131.0,openat_www-data,11895,assign,0
13758,38131.0,openat_www-data,11896,assign,0
13759,38131.0,openat_www-data,11897,assign,0
13760,38131.0,close_www-data,14,assign,0
13761,38131.0,close_www-data,14,assign,0
13762,38131.0,openat_www-data,11898,assign,0
13763,38131.0,close_www-data,14,assign,0
13764,38139.0,close_www-data,14,assign,0
13765,38139.0,openat_www-data,11899,assign,0
13766,38139.0,openat_www-data,11900,assign,0
13767,38139.0,openat_www-data,11901,assign,0
13768,38139.0,openat_www-data,11902,assign,0
13769,38139.0,openat_www-data,11903,assign,0
13770,38139.0,openat_www-data,11904,assign,0
13771,38139.0,openat_www-data,11905,assign,0
13772,38143.0,close_www-data,14,assign,0
13773,38143.0,openat_www-data,11906,assign,0
13774,38143.0,openat_www-data,11907,assign,0
13775,38143.0,openat_www-data,11908,assign,0
13776,38143.0,openat_www-data,11909,assign,0
13777,38143.0,openat_www-data,11910,assign,0
13778,38143.0,close_www-data,14,assign,0
13779,38143.0,openat_www-data,11911,assign,0
13780,38143.0,close_www-data,14,assign,0
13781,38143.0,openat_www-data,11912,assign,0
13782,38143.0,openat_www-data,11913,assign,0
13783,38143.0,openat_www-data,11914,assign,0
13784,38147.0,close_www-data,14,assign,0
13785,38147.0,openat_www-data,11915,assign,0
13786,38147.0,openat_www-data,11916,assign,0
13787,38147.0,openat_www-data,11917,assign,0
13788,38147.0,openat_www-data,11918,assign,0
13789,38155.0,close_www-data,14,assign,0
13790,38155.0,openat_www-data,11919,assign,0
13791,38155.0,openat_www-data,11920,assign,0
13792,38155.0,openat_www-data,11921,assign,0
13793,38155.0,openat_www-data,11922,assign,0
13794,38159.0,close_www-data,14,assign,0
13795,38159.0,openat_www-data,11923,assign,0
13796,38159.0,openat_www-data,11924,assign,0
13797,38159.0,openat_www-data,11925,assign,0
13798,38159.0,openat_www-data,11926,assign,0
13799,38159.0,openat_www-data,11927,assign,0
13800,38159.0,openat_www-data,11928,assign,0
13801,38163.0,openat_www-data,11929,assign,0
13802,38163.0,close_www-data,14,assign,0
13803,38163.0,openat_www-data,11930,assign,0
13804,38163.0,openat_www-data,11931,assign,0
13805,38163.0,openat_www-data,11932,assign,0
13806,38163.0,openat_www-data,11933,assign,0
13807,38167.0,openat_www-data,11934,assign,0
13808,38167.0,close_www-data,14,assign,0
13809,38167.0,openat_www-data,11935,assign,0
13810,38167.0,openat_www-data,11936,assign,0
13811,38167.0,openat_www-data,11937,assign,0
13812,38167.0,openat_www-data,11938,assign,0
13813,38171.0,close_www-data,14,assign,0
13814,38171.0,openat_www-data,11939,assign,0
13815,38171.0,openat_www-data,11940,assign,0
13816,38171.0,openat_www-data,11941,assign,0
13817,38171.0,openat_www-data,11942,assign,0
13818,38171.0,openat_www-data,11943,assign,0
13819,38171.0,openat_www-data,11944,assign,0
13820,38171.0,openat_www-data,11945,assign,0
13821,38175.0,close_www-data,14,assign,0
13822,38175.0,openat_www-data,11946,assign,0
13823,38175.0,openat_www-data,11947,assign,0
13824,38175.0,openat_www-data,11948,assign,0
13825,38175.0,openat_www-data,11949,assign,0
13826,38179.0,close_www-data,14,assign,0
13827,38179.0,openat_www-data,11950,assign,0
13828,38179.0,openat_www-data,11951,assign,0
13829,38179.0,openat_www-data,11952,assign,0
13830,38179.0,openat_www-data,11953,assign,0
13831,38179.0,openat_www-data,11954,assign,0
13832,38179.0,openat_www-data,11955,assign,0
13833,38179.0,openat_www-data,11956,assign,0
13834,38179.0,openat_www-data,11957,assign,0
13835,38183.0,close_www-data,14,assign,0
13836,38183.0,openat_www-data,11958,assign,0
13837,38183.0,openat_www-data,11959,assign,0
13838,38183.0,openat_www-data,11960,assign,0
13839,38187.0,openat_www-data,11961,assign,0
13840,38187.0,close_www-data,14,assign,0
13841,38187.0,openat_www-data,11962,assign,0
13842,38187.0,openat_www-data,11963,assign,0
13843,38187.0,openat_www-data,11964,assign,0
13844,38187.0,openat_www-data,11965,assign,0
13845,38187.0,openat_www-data,11966,assign,0
13846,38191.0,close_www-data,14,assign,0
13847,38191.0,openat_www-data,11967,assign,0
13848,38191.0,openat_www-data,11968,assign,0
13849,38195.0,close_www-data,14,assign,0
13850,38195.0,openat_www-data,11969,assign,0
13851,38195.0,openat_www-data,11970,assign,0
13852,38195.0,openat_www-data,11971,assign,0
13853,38195.0,openat_www-data,11972,assign,0
13854,38199.0,close_www-data,14,assign,0
13855,38199.0,openat_www-data,11973,assign,0
13856,38199.0,openat_www-data,11974,assign,0
13857,38199.0,openat_www-data,11975,assign,0
13858,38199.0,openat_www-data,11976,assign,0
13859,38203.0,close_www-data,14,assign,0
13860,38203.0,openat_www-data,11977,assign,0
13861,38203.0,openat_www-data,11978,assign,0
13862,38203.0,openat_www-data,11979,assign,0
13863,38203.0,openat_www-data,11980,assign,0
13864,38211.0,close_www-data,14,assign,0
13865,38211.0,openat_www-data,11981,assign,0
13866,38211.0,openat_www-data,11982,assign,0
13867,38211.0,openat_www-data,11983,assign,0
13868,38211.0,openat_www-data,11984,assign,0
13869,38211.0,openat_www-data,11985,assign,0
13870,38211.0,openat_www-data,11986,assign,0
13871,38211.0,openat_www-data,11987,assign,0
13872,38215.0,close_www-data,14,assign,0
13873,38215.0,openat_www-data,11988,assign,0
13874,38215.0,openat_www-data,11989,assign,0
13875,38215.0,openat_www-data,11990,assign,0
13876,38215.0,openat_www-data,11991,assign,0
13877,38219.0,close_www-data,14,assign,0
13878,38219.0,openat_www-data,11992,assign,0
13879,38219.0,openat_www-data,11993,assign,0
13880,38219.0,openat_www-data,11994,assign,0
13881,38219.0,openat_www-data,11995,assign,0
13882,38223.0,close_www-data,14,assign,0
13883,38223.0,openat_www-data,11996,assign,0
13884,38223.0,openat_www-data,11997,assign,0
13885,38223.0,openat_www-data,11998,assign,0
13886,38223.0,openat_www-data,11999,assign,0
13887,38227.0,close_www-data,14,assign,0
13888,38227.0,openat_www-data,12000,assign,0
13889,38227.0,openat_www-data,12001,assign,0
13890,38227.0,openat_www-data,12002,assign,0
13891,38227.0,openat_www-data,12003,assign,0
13892,38231.0,openat_www-data,12004,assign,0
13893,38231.0,close_www-data,14,assign,0
13894,38231.0,openat_www-data,12005,assign,0
13895,38231.0,openat_www-data,12006,assign,0
13896,38231.0,openat_www-data,12007,assign,0
13897,38235.0,close_www-data,14,assign,0
13898,38235.0,openat_www-data,12008,assign,0
13899,38235.0,openat_www-data,12009,assign,0
13900,38235.0,openat_www-data,12010,assign,0
13901,38235.0,openat_www-data,12011,assign,0
13902,38235.0,openat_www-data,12012,assign,0
13903,38235.0,openat_www-data,12013,assign,0
13904,38239.0,close_www-data,14,assign,0
13905,38239.0,openat_www-data,12014,assign,0
13906,38239.0,openat_www-data,12015,assign,0
13907,38239.0,openat_www-data,12016,assign,0
13908,38239.0,openat_www-data,12017,assign,0
13909,38243.0,close_www-data,14,assign,0
13910,38243.0,openat_www-data,12018,assign,0
13911,38243.0,openat_www-data,12019,assign,0
13912,38243.0,openat_www-data,12020,assign,0
13913,38243.0,openat_www-data,12021,assign,0
13914,38243.0,openat_www-data,12022,assign,0
13915,38243.0,close_www-data,14,assign,0
13916,38247.0,close_www-data,14,assign,0
13917,38247.0,openat_www-data,12023,assign,0
13918,38247.0,openat_www-data,12024,assign,0
13919,38247.0,openat_www-data,12025,assign,0
13920,38247.0,openat_www-data,12026,assign,0
13921,38247.0,openat_www-data,12027,assign,0
13922,38247.0,close_www-data,14,assign,0
13923,38247.0,openat_www-data,12028,assign,0
13924,38255.0,close_www-data,14,assign,0
13925,38255.0,openat_www-data,12029,assign,0
13926,38255.0,openat_www-data,12030,assign,0
13927,38255.0,openat_www-data,12031,assign,0
13928,38259.0,close_www-data,14,assign,0
13929,38259.0,openat_www-data,12032,assign,0
13930,38259.0,openat_www-data,12033,assign,0
13931,38259.0,openat_www-data,12034,assign,0
13932,38259.0,openat_www-data,12035,assign,0
13933,38259.0,openat_www-data,12036,assign,0
13934,38259.0,openat_www-data,12037,assign,0
13935,38259.0,openat_www-data,12038,assign,0
13936,38259.0,openat_www-data,12039,assign,0
13937,38263.0,openat_www-data,12040,assign,0
13938,38263.0,close_www-data,14,assign,0
13939,38263.0,openat_www-data,12041,assign,0
13940,38263.0,openat_www-data,12042,assign,0
13941,38263.0,openat_www-data,12043,assign,0
13942,38263.0,openat_www-data,12044,assign,0
13943,38263.0,openat_www-data,12045,assign,0
13944,38267.0,openat_www-data,12046,assign,0
13945,38267.0,close_www-data,14,assign,0
13946,38267.0,openat_www-data,12047,assign,0
13947,38267.0,openat_www-data,12048,assign,0
13948,38267.0,openat_www-data,12049,assign,0
13949,38267.0,openat_www-data,12050,assign,0
13950,38267.0,openat_www-data,12051,assign,0
13951,38271.0,close_www-data,14,assign,0
13952,38271.0,openat_www-data,12052,assign,0
13953,38271.0,openat_www-data,12053,assign,0
13954,38271.0,openat_www-data,12054,assign,0
13955,38271.0,openat_www-data,12055,assign,0
13956,38271.0,openat_www-data,12056,assign,0
13957,38271.0,openat_www-data,12057,assign,0
13958,38275.0,close_www-data,14,assign,0
13959,38275.0,openat_www-data,12058,assign,0
13960,38275.0,openat_www-data,12059,assign,0
13961,38275.0,openat_www-data,12060,assign,0
13962,38275.0,openat_www-data,12061,assign,0
13963,38279.0,close_www-data,14,assign,0
13964,38279.0,openat_www-data,12062,assign,0
13965,38279.0,openat_www-data,12063,assign,0
13966,38279.0,openat_www-data,12064,assign,0
13967,38279.0,openat_www-data,12065,assign,0
13968,38283.0,close_www-data,14,assign,0
13969,38283.0,openat_www-data,12066,assign,0
13970,38283.0,openat_www-data,12067,assign,0
13971,38287.0,close_www-data,14,assign,0
13972,38287.0,openat_www-data,12068,assign,0
13973,38287.0,openat_www-data,12069,assign,0
13974,38287.0,close_www-data,14,assign,0
13975,38287.0,close_www-data,14,assign,0
13976,38291.0,close_www-data,14,assign,0
13977,38291.0,openat_www-data,12070,assign,0
13978,38291.0,openat_www-data,12071,assign,0
13979,38291.0,openat_www-data,12072,assign,0
13980,38291.0,close_www-data,14,assign,0
13981,38291.0,openat_www-data,12073,assign,0
13982,38291.0,close_www-data,14,assign,0
13983,38291.0,openat_www-data,12074,assign,0
13984,38295.0,close_www-data,14,assign,0
13985,38295.0,openat_www-data,12075,assign,0
13986,38295.0,openat_www-data,12076,assign,0
13987,38295.0,openat_www-data,12077,assign,0
13988,38299.0,openat_www-data,12078,assign,0
13989,38299.0,close_www-data,14,assign,0
13990,38299.0,openat_www-data,12079,assign,0
13991,38299.0,openat_www-data,12080,assign,0
13992,38299.0,openat_www-data,12081,assign,0
13993,38303.0,close_www-data,14,assign,0
13994,38303.0,openat_www-data,12082,assign,0
13995,38303.0,openat_www-data,12083,assign,0
13996,38303.0,openat_www-data,12084,assign,0
13997,38303.0,openat_www-data,12085,assign,0
13998,38303.0,openat_www-data,12086,assign,0
13999,38307.0,close_www-data,14,assign,0
14000,38307.0,openat_www-data,12087,assign,0
14001,38307.0,openat_www-data,12088,assign,0
14002,38307.0,openat_www-data,12089,assign,0
14003,38307.0,openat_www-data,12090,assign,0
14004,38311.0,close_www-data,14,assign,0
14005,38311.0,openat_www-data,12091,assign,0
14006,38311.0,openat_www-data,12092,assign,0
14007,38311.0,openat_www-data,12093,assign,0
14008,38311.0,openat_www-data,12094,assign,0
14009,38311.0,openat_www-data,12095,assign,0
14010,38319.0,close_www-data,14,assign,0
14011,38319.0,openat_www-data,12096,assign,0
14012,38319.0,openat_www-data,12097,assign,0
14013,38323.0,openat_www-data,12098,assign,0
14014,38323.0,close_www-data,14,assign,0
14015,38323.0,openat_www-data,12099,assign,0
14016,38323.0,close_www-data,14,assign,0
14017,38323.0,openat_www-data,12100,assign,0
14018,38323.0,close_www-data,14,assign,0
14019,38323.0,openat_www-data,12101,assign,0
14020,38323.0,openat_www-data,12102,assign,0
14021,38323.0,openat_www-data,12103,assign,0
14022,38323.0,openat_www-data,12104,assign,0
14023,38323.0,openat_www-data,12105,assign,0
14024,38323.0,openat_www-data,12106,assign,0
14025,38327.0,close_www-data,14,assign,0
14026,38327.0,openat_www-data,12107,assign,0
14027,38331.0,openat_www-data,12108,assign,0
14028,38331.0,close_www-data,14,assign,0
14029,38331.0,openat_www-data,12109,assign,0
14030,38331.0,openat_www-data,12110,assign,0
14031,38331.0,openat_www-data,12111,assign,0
14032,38331.0,openat_www-data,12112,assign,0
14033,38335.0,openat_www-data,12113,assign,0
14034,38335.0,close_www-data,14,assign,0
14035,38335.0,openat_www-data,12114,assign,0
14036,38335.0,openat_www-data,12115,assign,0
14037,38335.0,openat_www-data,12116,assign,0
14038,38335.0,openat_www-data,12117,assign,0
14039,38335.0,openat_www-data,12118,assign,0
14040,38339.0,close_www-data,14,assign,0
14041,38339.0,openat_www-data,12119,assign,0
14042,38339.0,openat_www-data,12120,assign,0
14043,38339.0,openat_www-data,12121,assign,0
14044,38343.0,openat_www-data,12122,assign,0
14045,38343.0,close_www-data,14,assign,0
14046,38343.0,openat_www-data,12123,assign,0
14047,38343.0,openat_www-data,12124,assign,0
14048,38343.0,openat_www-data,12125,assign,0
14049,38343.0,openat_www-data,12126,assign,0
14050,38343.0,openat_www-data,12127,assign,0
14051,38347.0,close_www-data,14,assign,0
14052,38347.0,openat_www-data,12128,assign,0
14053,38347.0,openat_www-data,12129,assign,0
14054,38347.0,openat_www-data,12130,assign,0
14055,38347.0,openat_www-data,12131,assign,0
14056,38351.0,openat_www-data,12132,assign,0
14057,38351.0,close_www-data,14,assign,0
14058,38351.0,openat_www-data,12133,assign,0
14059,38351.0,openat_www-data,12134,assign,0
14060,38351.0,openat_www-data,12135,assign,0
14061,38351.0,openat_www-data,12136,assign,0
14062,38355.0,close_www-data,14,assign,0
14063,38355.0,openat_www-data,12137,assign,0
14064,38355.0,openat_www-data,12138,assign,0
14065,38355.0,openat_www-data,12139,assign,0
14066,38355.0,openat_www-data,12140,assign,0
14067,38355.0,openat_www-data,12141,assign,0
14068,38363.0,close_www-data,14,assign,0
14069,38363.0,openat_www-data,12142,assign,0
14070,38363.0,openat_www-data,12143,assign,0
14071,38363.0,openat_www-data,12144,assign,0
14072,38363.0,openat_www-data,12145,assign,0
14073,38363.0,openat_www-data,12146,assign,0
14074,38363.0,openat_www-data,12147,assign,0
14075,38367.0,openat_www-data,12148,assign,0
14076,38367.0,close_www-data,14,assign,0
14077,38367.0,openat_www-data,12149,assign,0
14078,38367.0,openat_www-data,12150,assign,0
14079,38367.0,openat_www-data,12151,assign,0
14080,38367.0,openat_www-data,12152,assign,0
14081,38371.0,openat_www-data,12153,assign,0
14082,38371.0,close_www-data,14,assign,0
14083,38371.0,openat_www-data,12154,assign,0
14084,38371.0,openat_www-data,12155,assign,0
14085,38371.0,openat_www-data,12156,assign,0
14086,38371.0,openat_www-data,12157,assign,0
14087,38371.0,openat_www-data,12158,assign,0
14088,38375.0,close_www-data,14,assign,0
14089,38375.0,openat_www-data,12159,assign,0
14090,38375.0,openat_www-data,12160,assign,0
14091,38375.0,openat_www-data,12161,assign,0
14092,38379.0,close_www-data,14,assign,0
14093,38379.0,openat_www-data,12162,assign,0
14094,38379.0,openat_www-data,12163,assign,0
14095,38379.0,openat_www-data,12164,assign,0
14096,38379.0,openat_www-data,12165,assign,0
14097,38379.0,openat_www-data,12166,assign,0
14098,38379.0,openat_www-data,12167,assign,0
14099,38379.0,close_www-data,14,assign,0
14100,38379.0,openat_www-data,12168,assign,0
14101,38379.0,openat_www-data,12169,assign,0
14102,38383.0,close_www-data,14,assign,0
14103,38383.0,openat_www-data,12170,assign,0
14104,38383.0,openat_www-data,12171,assign,0
14105,38383.0,openat_www-data,12172,assign,0
14106,38383.0,openat_www-data,12173,assign,0
14107,38383.0,openat_www-data,12174,assign,0
14108,38383.0,openat_www-data,12175,assign,0
14109,38383.0,close_www-data,14,assign,0
14110,38383.0,close_www-data,14,assign,0
14111,38383.0,openat_www-data,12176,assign,0
14112,38387.0,openat_www-data,12177,assign,0
14113,38387.0,close_www-data,14,assign,0
14114,38387.0,openat_www-data,12178,assign,0
14115,38387.0,openat_www-data,12179,assign,0
14116,38387.0,openat_www-data,12180,assign,0
14117,38387.0,openat_www-data,12181,assign,0
14118,38387.0,openat_www-data,12182,assign,0
14119,38391.0,close_www-data,14,assign,0
14120,38391.0,openat_www-data,12183,assign,0
14121,38391.0,openat_www-data,12184,assign,0
14122,38391.0,openat_www-data,12185,assign,0
14123,38391.0,close_www-data,14,assign,0
14124,38391.0,openat_www-data,12186,assign,0
14125,38391.0,close_www-data,14,assign,0
14126,38391.0,openat_www-data,12187,assign,0
14127,38395.0,close_www-data,14,assign,0
14128,38395.0,openat_www-data,12188,assign,0
14129,38395.0,openat_www-data,12189,assign,0
14130,38395.0,openat_www-data,12190,assign,0
14131,38395.0,openat_www-data,12191,assign,0
14132,38399.0,close_www-data,14,assign,0
14133,38399.0,openat_www-data,12192,assign,0
14134,38399.0,openat_www-data,12193,assign,0
14135,38399.0,openat_www-data,12194,assign,0
14136,38399.0,openat_www-data,12195,assign,0
14137,38403.0,close_www-data,14,assign,0
14138,38403.0,openat_www-data,12196,assign,0
14139,38403.0,openat_www-data,12197,assign,0
14140,38403.0,openat_www-data,12198,assign,0
14141,38403.0,openat_www-data,12199,assign,0
14142,38403.0,openat_www-data,12200,assign,0
14143,38403.0,openat_www-data,12201,assign,0
14144,38403.0,openat_www-data,12202,assign,0
14145,38407.0,close_www-data,14,assign,0
14146,38407.0,openat_www-data,12203,assign,0
14147,38407.0,openat_www-data,12204,assign,0
14148,38407.0,openat_www-data,12205,assign,0
14149,38407.0,openat_www-data,12206,assign,0
14150,38407.0,openat_www-data,12207,assign,0
14151,38407.0,openat_www-data,12208,assign,0
14152,38407.0,openat_www-data,12209,assign,0
14153,38411.0,close_www-data,14,assign,0
14154,38411.0,openat_www-data,12210,assign,0
14155,38411.0,openat_www-data,12211,assign,0
14156,38411.0,openat_www-data,12212,assign,0
14157,38411.0,openat_www-data,12213,assign,0
14158,38411.0,openat_www-data,12214,assign,0
14159,38415.0,openat_www-data,12215,assign,0
14160,38415.0,close_www-data,14,assign,0
14161,38415.0,openat_www-data,12216,assign,0
14162,38415.0,openat_www-data,12217,assign,0
14163,38415.0,openat_www-data,12218,assign,0
14164,38415.0,openat_www-data,12219,assign,0
14165,38415.0,openat_www-data,12220,assign,0
14166,38415.0,openat_www-data,12221,assign,0
14167,38419.0,close_www-data,14,assign,0
14168,38419.0,openat_www-data,12222,assign,0
14169,38419.0,openat_www-data,12223,assign,0
14170,38419.0,openat_www-data,12224,assign,0
14171,38419.0,openat_www-data,12225,assign,0
14172,38423.0,close_www-data,14,assign,0
14173,38423.0,openat_www-data,12226,assign,0
14174,38423.0,openat_www-data,12227,assign,0
14175,38423.0,openat_www-data,12228,assign,0
14176,38423.0,openat_www-data,12229,assign,0
14177,38423.0,openat_www-data,12230,assign,0
14178,38431.0,close_www-data,14,assign,0
14179,38431.0,openat_www-data,12231,assign,0
14180,38431.0,openat_www-data,12232,assign,0
14181,38431.0,openat_www-data,12233,assign,0
14182,38431.0,openat_www-data,12234,assign,0
14183,38431.0,openat_www-data,12235,assign,0
14184,38435.0,openat_www-data,12236,assign,0
14185,38435.0,close_www-data,14,assign,0
14186,38435.0,openat_www-data,12237,assign,0
14187,38435.0,openat_www-data,12238,assign,0
14188,38435.0,openat_www-data,12239,assign,0
14189,38435.0,openat_www-data,12240,assign,0
14190,38435.0,openat_www-data,12241,assign,0
14191,38439.0,openat_www-data,12242,assign,0
14192,38439.0,close_www-data,14,assign,0
14193,38439.0,openat_www-data,12243,assign,0
14194,38439.0,openat_www-data,12244,assign,0
14195,38439.0,openat_www-data,12245,assign,0
14196,38439.0,openat_www-data,12246,assign,0
14197,38443.0,close_www-data,14,assign,0
14198,38443.0,openat_www-data,12247,assign,0
14199,38443.0,openat_www-data,12248,assign,0
14200,38443.0,openat_www-data,12249,assign,0
14201,38443.0,openat_www-data,12250,assign,0
14202,38443.0,openat_www-data,12251,assign,0
14203,38451.0,close_www-data,14,assign,0
14204,38451.0,openat_www-data,12252,assign,0
14205,38451.0,openat_www-data,12253,assign,0
14206,38451.0,openat_www-data,12254,assign,0
14207,38451.0,openat_www-data,12255,assign,0
14208,38451.0,openat_www-data,12256,assign,0
14209,38451.0,openat_www-data,12257,assign,0
14210,38455.0,close_www-data,14,assign,0
14211,38455.0,openat_www-data,12258,assign,0
14212,38455.0,openat_www-data,12259,assign,0
14213,38455.0,openat_www-data,12260,assign,0
14214,38455.0,openat_www-data,12261,assign,0
14215,38459.0,close_www-data,14,assign,0
14216,38459.0,openat_www-data,12262,assign,0
14217,38459.0,openat_www-data,12263,assign,0
14218,38463.0,close_www-data,14,assign,0
14219,38463.0,openat_www-data,12264,assign,0
14220,38463.0,openat_www-data,12265,assign,0
14221,38463.0,openat_www-data,12266,assign,0
14222,38467.0,close_www-data,14,assign,0
14223,38467.0,openat_www-data,12267,assign,0
14224,38467.0,openat_www-data,12268,assign,0
14225,38467.0,openat_www-data,12269,assign,0
14226,38467.0,openat_www-data,12270,assign,0
14227,38471.0,close_www-data,14,assign,0
14228,38471.0,openat_www-data,12271,assign,0
14229,38471.0,openat_www-data,12272,assign,0
14230,38471.0,openat_www-data,12273,assign,0
14231,38471.0,openat_www-data,12274,assign,0
14232,38475.0,close_www-data,14,assign,0
14233,38475.0,openat_www-data,12275,assign,0
14234,38475.0,openat_www-data,12276,assign,0
14235,38475.0,openat_www-data,12277,assign,0
14236,38479.0,close_www-data,14,assign,0
14237,38479.0,openat_www-data,12278,assign,0
14238,38479.0,openat_www-data,12279,assign,0
14239,38479.0,openat_www-data,12280,assign,0
14240,38479.0,openat_www-data,12281,assign,0
14241,38483.0,close_www-data,14,assign,0
14242,38483.0,openat_www-data,12282,assign,0
14243,38483.0,openat_www-data,12283,assign,0
14244,38483.0,openat_www-data,12284,assign,0
14245,38483.0,openat_www-data,12285,assign,0
14246,38483.0,openat_www-data,12286,assign,0
14247,38487.0,close_www-data,14,assign,0
14248,38487.0,openat_www-data,12287,assign,0
14249,38487.0,openat_www-data,12288,assign,0
14250,38487.0,openat_www-data,12289,assign,0
14251,38487.0,openat_www-data,12290,assign,0
14252,38491.0,close_www-data,14,assign,0
14253,38491.0,openat_www-data,12291,assign,0
14254,38491.0,openat_www-data,12292,assign,0
14255,38491.0,openat_www-data,12293,assign,0
14256,38491.0,openat_www-data,12294,assign,0
14257,38491.0,openat_www-data,12295,assign,0
14258,38491.0,openat_www-data,12296,assign,0
14259,38495.0,close_www-data,14,assign,0
14260,38495.0,openat_www-data,12297,assign,0
14261,38495.0,openat_www-data,12298,assign,0
14262,38495.0,openat_www-data,12299,assign,0
14263,38495.0,openat_www-data,12300,assign,0
14264,38495.0,openat_www-data,12301,assign,0
14265,38495.0,openat_www-data,12302,assign,0
14266,38499.0,openat_www-data,12303,assign,0
14267,38499.0,close_www-data,14,assign,0
14268,38499.0,openat_www-data,12304,assign,0
14269,38499.0,openat_www-data,12305,assign,0
14270,38499.0,openat_www-data,12306,assign,0
14271,38499.0,openat_www-data,12307,assign,0
14272,38499.0,openat_www-data,12308,assign,0
14273,38499.0,openat_www-data,12309,assign,0
14274,38503.0,close_www-data,14,assign,0
14275,38503.0,openat_www-data,12310,assign,0
14276,38503.0,openat_www-data,12311,assign,0
14277,38503.0,openat_www-data,12312,assign,0
14278,38507.0,close_www-data,14,assign,0
14279,38507.0,openat_www-data,12313,assign,0
14280,38507.0,openat_www-data,12314,assign,0
14281,38507.0,openat_www-data,12315,assign,0
14282,38507.0,openat_www-data,12316,assign,0
14283,38507.0,openat_www-data,12317,assign,0
14284,38511.0,close_www-data,14,assign,0
14285,38511.0,openat_www-data,12318,assign,0
14286,38511.0,openat_www-data,12319,assign,0
14287,38511.0,openat_www-data,12320,assign,0
14288,38515.0,close_www-data,14,assign,0
14289,38515.0,openat_www-data,12321,assign,0
14290,38515.0,openat_www-data,12322,assign,0
14291,38515.0,openat_www-data,12323,assign,0
14292,38515.0,openat_www-data,12324,assign,0
14293,38515.0,openat_www-data,12325,assign,0
14294,38515.0,openat_www-data,12326,assign,0
14295,38519.0,close_www-data,14,assign,0
14296,38519.0,openat_www-data,12327,assign,0
14297,38519.0,openat_www-data,12328,assign,0
14298,38519.0,openat_www-data,12329,assign,0
14299,38523.0,close_www-data,14,assign,0
14300,38523.0,openat_www-data,12330,assign,0
14301,38523.0,openat_www-data,12331,assign,0
14302,38527.0,close_www-data,14,assign,0
14303,38527.0,openat_www-data,12332,assign,0
14304,38527.0,openat_www-data,12333,assign,0
14305,38527.0,openat_www-data,12334,assign,0
14306,38527.0,openat_www-data,12335,assign,0
14307,38531.0,openat_www-data,12336,assign,0
14308,38531.0,close_www-data,14,assign,0
14309,38531.0,openat_www-data,12337,assign,0
14310,38531.0,openat_www-data,12338,assign,0
14311,38531.0,openat_www-data,12339,assign,0
14312,38531.0,openat_www-data,12340,assign,0
14313,38535.0,close_www-data,14,assign,0
14314,38535.0,openat_www-data,12341,assign,0
14315,38535.0,openat_www-data,12342,assign,0
14316,38535.0,openat_www-data,12343,assign,0
14317,38535.0,openat_www-data,12344,assign,0
14318,38539.0,close_www-data,14,assign,0
14319,38543.0,openat_www-data,12345,assign,0
14320,38543.0,close_www-data,14,assign,0
14321,38543.0,openat_www-data,12346,assign,0
14322,38543.0,openat_www-data,12347,assign,0
14323,38543.0,openat_www-data,12348,assign,0
14324,38543.0,openat_www-data,12349,assign,0
14325,38543.0,openat_www-data,12350,assign,0
14326,38547.0,close_www-data,14,assign,0
14327,38547.0,openat_www-data,12351,assign,0
14328,38547.0,openat_www-data,12352,assign,0
14329,38547.0,openat_www-data,12353,assign,0
14330,38547.0,openat_www-data,12354,assign,0
14331,38547.0,openat_www-data,12355,assign,0
14332,38547.0,openat_www-data,12356,assign,0
14333,38551.0,close_www-data,14,assign,0
14334,38555.0,openat_www-data,12357,assign,0
14335,38555.0,close_www-data,14,assign,0
14336,38555.0,openat_www-data,12358,assign,0
14337,38555.0,openat_www-data,12359,assign,0
14338,38555.0,openat_www-data,12360,assign,0
14339,38555.0,openat_www-data,12361,assign,0
14340,38555.0,openat_www-data,12362,assign,0
14341,38559.0,openat_www-data,12363,assign,0
14342,38559.0,close_www-data,14,assign,0
14343,38559.0,openat_www-data,12364,assign,0
14344,38559.0,openat_www-data,12365,assign,0
14345,38559.0,openat_www-data,12366,assign,0
14346,38559.0,openat_www-data,12367,assign,0
14347,38559.0,openat_www-data,12368,assign,0
14348,38563.0,close_www-data,14,assign,0
14349,38563.0,openat_www-data,12369,assign,0
14350,38563.0,openat_www-data,12370,assign,0
14351,38563.0,openat_www-data,12371,assign,0
14352,38563.0,openat_www-data,12372,assign,0
14353,38567.0,openat_www-data,12373,assign,0
14354,38567.0,close_www-data,14,assign,0
14355,38567.0,openat_www-data,12374,assign,0
14356,38567.0,openat_www-data,12375,assign,0
14357,38567.0,close_www-data,14,assign,0
14358,38571.0,close_www-data,14,assign,0
14359,38571.0,openat_www-data,12376,assign,0
14360,38571.0,close_www-data,14,assign,0
14361,38571.0,openat_www-data,12377,assign,0
14362,38571.0,openat_www-data,12378,assign,0
14363,38571.0,openat_www-data,12379,assign,0
14364,38571.0,openat_www-data,12380,assign,0
14365,38571.0,openat_www-data,12381,assign,0
14366,38575.0,close_www-data,14,assign,0
14367,38575.0,openat_www-data,12382,assign,0
14368,38575.0,openat_www-data,12383,assign,0
14369,38575.0,openat_www-data,12384,assign,0
14370,38579.0,close_www-data,14,assign,0
14371,38591.0,close_www-data,14,assign,0
14372,38591.0,openat_www-data,12385,assign,0
14373,38591.0,openat_www-data,12386,assign,0
14374,38591.0,openat_www-data,12387,assign,0
14375,38591.0,openat_www-data,12388,assign,0
14376,38591.0,openat_www-data,12389,assign,0
14377,38591.0,openat_www-data,12390,assign,0
14378,38595.0,close_www-data,14,assign,0
14379,38595.0,openat_www-data,12391,assign,0
14380,38595.0,openat_www-data,12392,assign,0
14381,38595.0,openat_www-data,12393,assign,0
14382,38595.0,openat_www-data,12394,assign,0
14383,38595.0,openat_www-data,12395,assign,0
14384,38595.0,openat_www-data,12396,assign,0
14385,38599.0,close_www-data,14,assign,0
14386,38603.0,close_www-data,14,assign,0
14387,38603.0,openat_www-data,12397,assign,0
14388,38603.0,openat_www-data,12398,assign,0
14389,38607.0,close_www-data,14,assign,0
14390,38607.0,openat_www-data,12399,assign,0
14391,38607.0,openat_www-data,12400,assign,0
14392,38607.0,openat_www-data,12401,assign,0
14393,38611.0,close_www-data,14,assign,0
14394,38611.0,openat_www-data,12402,assign,0
14395,38611.0,openat_www-data,12403,assign,0
14396,38611.0,openat_www-data,12404,assign,0
14397,38611.0,openat_www-data,12405,assign,0
14398,38611.0,openat_www-data,12406,assign,0
14399,38611.0,openat_www-data,12407,assign,0
14400,38615.0,close_www-data,14,assign,0
14401,38615.0,openat_www-data,12408,assign,0
14402,38615.0,openat_www-data,12409,assign,0
14403,38615.0,openat_www-data,12410,assign,0
14404,38615.0,openat_www-data,12411,assign,0
14405,38615.0,openat_www-data,12412,assign,0
14406,38615.0,openat_www-data,12413,assign,0
14407,38619.0,close_www-data,14,assign,0
14408,38619.0,openat_www-data,12414,assign,0
14409,38619.0,openat_www-data,12415,assign,0
14410,38619.0,openat_www-data,12416,assign,0
14411,38619.0,openat_www-data,12417,assign,0
14412,38623.0,close_www-data,14,assign,0
14413,38623.0,openat_www-data,12418,assign,0
14414,38623.0,openat_www-data,12419,assign,0
14415,38623.0,openat_www-data,12420,assign,0
14416,38627.0,close_www-data,14,assign,0
14417,38627.0,openat_www-data,12421,assign,0
14418,38627.0,openat_www-data,12422,assign,0
14419,38643.0,close_www-data,14,assign,0
14420,38643.0,openat_www-data,12423,assign,0
14421,38643.0,openat_www-data,12424,assign,0
14422,38643.0,openat_www-data,12425,assign,0
14423,38643.0,openat_www-data,12426,assign,0
14424,38643.0,openat_www-data,12427,assign,0
14425,38643.0,openat_www-data,12428,assign,0
14426,38643.0,openat_www-data,12429,assign,0
14427,38643.0,openat_www-data,12430,assign,0
14428,38647.0,close_www-data,14,assign,0
14429,38647.0,openat_www-data,12431,assign,0
14430,38647.0,openat_www-data,12432,assign,0
14431,38647.0,openat_www-data,12433,assign,0
14432,38647.0,openat_www-data,12434,assign,0
14433,38647.0,openat_www-data,12435,assign,0
14434,38647.0,openat_www-data,12436,assign,0
14435,38651.0,openat_www-data,12437,assign,0
14436,38651.0,close_www-data,14,assign,0
14437,38651.0,openat_www-data,12438,assign,0
14438,38651.0,openat_www-data,12439,assign,0
14439,38651.0,openat_www-data,12440,assign,0
14440,38651.0,openat_www-data,12441,assign,0
14441,38655.0,close_www-data,14,assign,0
14442,38655.0,openat_www-data,12442,assign,0
14443,38655.0,openat_www-data,12443,assign,0
14444,38655.0,openat_www-data,12444,assign,0
14445,38655.0,openat_www-data,12445,assign,0
14446,38659.0,close_www-data,14,assign,0
14447,38659.0,openat_www-data,12446,assign,0
14448,38659.0,openat_www-data,12447,assign,0
14449,38659.0,openat_www-data,12448,assign,0
14450,38659.0,openat_www-data,12449,assign,0
14451,38663.0,close_www-data,14,assign,0
14452,38667.0,close_www-data,14,assign,0
14453,38667.0,openat_www-data,12450,assign,0
14454,38667.0,openat_www-data,12451,assign,0
14455,38667.0,openat_www-data,12452,assign,0
14456,38667.0,openat_www-data,12453,assign,0
14457,38671.0,close_www-data,14,assign,0
14458,38671.0,openat_www-data,12454,assign,0
14459,38671.0,openat_www-data,12455,assign,0
14460,38671.0,openat_www-data,12456,assign,0
14461,38671.0,openat_www-data,12457,assign,0
14462,38671.0,openat_www-data,12458,assign,0
14463,38675.0,close_www-data,14,assign,0
14464,38675.0,openat_www-data,12459,assign,0
14465,38675.0,openat_www-data,12460,assign,0
14466,38675.0,openat_www-data,12461,assign,0
14467,38675.0,openat_www-data,12462,assign,0
14468,38679.0,close_www-data,14,assign,0
14469,38679.0,openat_www-data,12463,assign,0
14470,38679.0,openat_www-data,12464,assign,0
14471,38679.0,openat_www-data,12465,assign,0
14472,38683.0,close_www-data,14,assign,0
14473,38683.0,openat_www-data,12466,assign,0
14474,38683.0,openat_www-data,12467,assign,0
14475,38687.0,close_www-data,14,assign,0
14476,38687.0,openat_www-data,12468,assign,0
14477,38687.0,openat_www-data,12469,assign,0
14478,38687.0,openat_www-data,12470,assign,0
14479,38687.0,openat_www-data,12471,assign,0
14480,38691.0,close_www-data,14,assign,0
14481,38691.0,openat_www-data,12472,assign,0
14482,38691.0,openat_www-data,12473,assign,0
14483,38691.0,openat_www-data,12474,assign,0
14484,38691.0,openat_www-data,12475,assign,0
14485,38691.0,openat_www-data,12476,assign,0
14486,38695.0,openat_www-data,12477,assign,0
14487,38695.0,close_www-data,14,assign,0
14488,38695.0,openat_www-data,12478,assign,0
14489,38695.0,openat_www-data,12479,assign,0
14490,38695.0,close_www-data,14,assign,0
14491,38695.0,close_www-data,14,assign,0
14492,38699.0,close_www-data,14,assign,0
14493,38699.0,openat_www-data,12480,assign,0
14494,38699.0,openat_www-data,12481,assign,0
14495,38699.0,openat_www-data,12482,assign,0
14496,38699.0,openat_www-data,12483,assign,0
14497,38703.0,openat_www-data,12484,assign,0
14498,38703.0,close_www-data,14,assign,0
14499,38703.0,openat_www-data,12485,assign,0
14500,38703.0,openat_www-data,12486,assign,0
14501,38703.0,close_www-data,14,assign,0
14502,38703.0,openat_www-data,12487,assign,0
14503,38703.0,openat_www-data,12488,assign,0
14504,38703.0,openat_www-data,12489,assign,0
14505,38707.0,close_www-data,14,assign,0
14506,38711.0,openat_www-data,12490,assign,0
14507,38711.0,close_www-data,14,assign,0
14508,38711.0,openat_www-data,12491,assign,0
14509,38711.0,openat_www-data,12492,assign,0
14510,38711.0,openat_www-data,12493,assign,0
14511,38711.0,openat_www-data,12494,assign,0
14512,38715.0,close_www-data,14,assign,0
14513,38715.0,openat_www-data,12495,assign,0
14514,38715.0,openat_www-data,12496,assign,0
14515,38715.0,openat_www-data,12497,assign,0
14516,38715.0,openat_www-data,12498,assign,0
14517,38715.0,openat_www-data,12499,assign,0
14518,38715.0,openat_www-data,12500,assign,0
14519,38715.0,openat_www-data,12501,assign,0
14520,38719.0,close_www-data,14,assign,0
14521,38719.0,openat_www-data,12502,assign,0
14522,38719.0,openat_www-data,12503,assign,0
14523,38719.0,openat_www-data,12504,assign,0
14524,38719.0,openat_www-data,12505,assign,0
14525,38719.0,openat_www-data,12506,assign,0
14526,38719.0,openat_www-data,12507,assign,0
14527,38723.0,close_www-data,14,assign,0
14528,38723.0,openat_www-data,12508,assign,0
14529,38723.0,openat_www-data,12509,assign,0
14530,38723.0,openat_www-data,12510,assign,0
14531,38723.0,openat_www-data,12511,assign,0
14532,38723.0,openat_www-data,12512,assign,0
14533,38727.0,close_www-data,14,assign,0
14534,38731.0,close_www-data,14,assign,0
14535,38731.0,openat_www-data,12513,assign,0
14536,38731.0,openat_www-data,12514,assign,0
14537,38731.0,openat_www-data,12515,assign,0
14538,38731.0,openat_www-data,12516,assign,0
14539,38731.0,openat_www-data,12517,assign,0
14540,38735.0,close_www-data,14,assign,0
14541,38735.0,openat_www-data,12518,assign,0
14542,38735.0,openat_www-data,12519,assign,0
14543,38735.0,openat_www-data,12520,assign,0
14544,38735.0,openat_www-data,12521,assign,0
14545,38735.0,openat_www-data,12522,assign,0
14546,38739.0,close_www-data,14,assign,0
14547,38739.0,openat_www-data,12523,assign,0
14548,38739.0,openat_www-data,12524,assign,0
14549,38739.0,openat_www-data,12525,assign,0
14550,38739.0,openat_www-data,12526,assign,0
14551,38739.0,openat_www-data,12527,assign,0
14552,38743.0,close_www-data,14,assign,0
14553,38743.0,openat_www-data,12528,assign,0
14554,38743.0,close_www-data,14,assign,0
14555,38743.0,close_www-data,14,assign,0
14556,38743.0,openat_www-data,12529,assign,0
14557,38743.0,openat_www-data,12530,assign,0
14558,38747.0,close_www-data,14,assign,0
14559,38747.0,openat_www-data,12531,assign,0
14560,38747.0,openat_www-data,12532,assign,0
14561,38747.0,openat_www-data,12533,assign,0
14562,38747.0,openat_www-data,12534,assign,0
14563,38747.0,openat_www-data,12535,assign,0
14564,38751.0,close_www-data,14,assign,0
14565,38751.0,openat_www-data,12536,assign,0
14566,38751.0,openat_www-data,12537,assign,0
14567,38751.0,openat_www-data,12538,assign,0
14568,38751.0,openat_www-data,12539,assign,0
14569,38755.0,close_www-data,14,assign,0
14570,38755.0,openat_www-data,12540,assign,0
14571,38755.0,openat_www-data,12541,assign,0
14572,38755.0,openat_www-data,12542,assign,0
14573,38755.0,openat_www-data,12543,assign,0
14574,38759.0,close_www-data,14,assign,0
14575,38759.0,openat_www-data,12544,assign,0
14576,38759.0,openat_www-data,12545,assign,0
14577,38759.0,openat_www-data,12546,assign,0
14578,38759.0,openat_www-data,12547,assign,0
14579,38763.0,close_www-data,14,assign,0
14580,38763.0,openat_www-data,12548,assign,0
14581,38763.0,openat_www-data,12549,assign,0
14582,38763.0,openat_www-data,12550,assign,0
14583,38763.0,openat_www-data,12551,assign,0
14584,38763.0,openat_www-data,12552,assign,0
14585,38767.0,close_www-data,14,assign,0
14586,38767.0,openat_www-data,12553,assign,0
14587,38767.0,openat_www-data,12554,assign,0
14588,38767.0,openat_www-data,12555,assign,0
14589,38771.0,openat_www-data,12556,assign,0
14590,38771.0,close_www-data,14,assign,0
14591,38771.0,openat_www-data,12557,assign,0
14592,38771.0,openat_www-data,12558,assign,0
14593,38771.0,openat_www-data,12559,assign,0
14594,38771.0,openat_www-data,12560,assign,0
14595,38775.0,close_www-data,14,assign,0
14596,38775.0,openat_www-data,12561,assign,0
14597,38775.0,openat_www-data,12562,assign,0
14598,38775.0,openat_www-data,12563,assign,0
14599,38775.0,openat_www-data,12564,assign,0
14600,38779.0,close_www-data,14,assign,0
14601,38779.0,openat_www-data,12565,assign,0
14602,38779.0,openat_www-data,12566,assign,0
14603,38779.0,openat_www-data,12567,assign,0
14604,38779.0,openat_www-data,12568,assign,0
14605,38779.0,openat_www-data,12569,assign,0
14606,38783.0,close_www-data,14,assign,0
14607,38783.0,openat_www-data,12570,assign,0
14608,38783.0,openat_www-data,12571,assign,0
14609,38783.0,openat_www-data,12572,assign,0
14610,38783.0,openat_www-data,12573,assign,0
14611,38783.0,openat_www-data,12574,assign,0
14612,38787.0,close_www-data,14,assign,0
14613,38787.0,openat_www-data,12575,assign,0
14614,38787.0,openat_www-data,12576,assign,0
14615,38787.0,openat_www-data,12577,assign,0
14616,38787.0,openat_www-data,12578,assign,0
14617,38787.0,openat_www-data,12579,assign,0
14618,38791.0,close_www-data,14,assign,0
14619,38791.0,openat_www-data,12580,assign,0
14620,38791.0,openat_www-data,12581,assign,0
14621,38791.0,openat_www-data,12582,assign,0
14622,38791.0,openat_www-data,12583,assign,0
14623,38791.0,openat_www-data,12584,assign,0
14624,38791.0,openat_www-data,12585,assign,0
14625,38791.0,openat_www-data,12586,assign,0
14626,38795.0,close_www-data,14,assign,0
14627,38795.0,openat_www-data,12587,assign,0
14628,38795.0,openat_www-data,12588,assign,0
14629,38795.0,openat_www-data,12589,assign,0
14630,38795.0,openat_www-data,12590,assign,0
14631,38795.0,openat_www-data,12591,assign,0
14632,38799.0,close_www-data,14,assign,0
14633,38799.0,openat_www-data,12592,assign,0
14634,38799.0,openat_www-data,12593,assign,0
14635,38803.0,close_www-data,14,assign,0
14636,38803.0,openat_www-data,12594,assign,0
14637,38803.0,openat_www-data,12595,assign,0
14638,38803.0,openat_www-data,12596,assign,0
14639,38803.0,openat_www-data,12597,assign,0
14640,38807.0,close_www-data,14,assign,0
14641,38807.0,openat_www-data,12598,assign,0
14642,38807.0,openat_www-data,12599,assign,0
14643,38807.0,openat_www-data,12600,assign,0
14644,38811.0,close_www-data,14,assign,0
14645,38811.0,openat_www-data,12601,assign,0
14646,38811.0,openat_www-data,12602,assign,0
14647,38811.0,openat_www-data,12603,assign,0
14648,38811.0,openat_www-data,12604,assign,0
14649,38811.0,openat_www-data,12605,assign,0
14650,38815.0,close_www-data,14,assign,0
14651,38815.0,openat_www-data,12606,assign,0
14652,38815.0,openat_www-data,12607,assign,0
14653,38815.0,openat_www-data,12608,assign,0
14654,38815.0,openat_www-data,12609,assign,0
14655,38815.0,openat_www-data,12610,assign,0
14656,38819.0,openat_www-data,12611,assign,0
14657,38819.0,close_www-data,14,assign,0
14658,38819.0,openat_www-data,12612,assign,0
14659,38819.0,openat_www-data,12613,assign,0
14660,38819.0,openat_www-data,12614,assign,0
14661,38819.0,openat_www-data,12615,assign,0
14662,38823.0,openat_www-data,12616,assign,0
14663,38823.0,close_www-data,14,assign,0
14664,38823.0,openat_www-data,12617,assign,0
14665,38823.0,openat_www-data,12618,assign,0
14666,38823.0,openat_www-data,12619,assign,0
14667,38823.0,openat_www-data,12620,assign,0
14668,38823.0,close_www-data,14,assign,0
14669,38823.0,openat_www-data,12621,assign,0
14670,38827.0,close_www-data,14,assign,0
14671,38827.0,openat_www-data,12622,assign,0
14672,38827.0,close_www-data,14,assign,0
14673,38827.0,openat_www-data,12623,assign,0
14674,38827.0,openat_www-data,12624,assign,0
14675,38831.0,close_www-data,14,assign,0
14676,38831.0,openat_www-data,12625,assign,0
14677,38831.0,openat_www-data,12626,assign,0
14678,38831.0,openat_www-data,12627,assign,0
14679,38831.0,openat_www-data,12628,assign,0
14680,38835.0,close_www-data,14,assign,0
14681,38835.0,openat_www-data,12629,assign,0
14682,38835.0,openat_www-data,12630,assign,0
14683,38835.0,openat_www-data,12631,assign,0
14684,38835.0,openat_www-data,12632,assign,0
14685,38839.0,close_www-data,14,assign,0
14686,38839.0,openat_www-data,12633,assign,0
14687,38839.0,openat_www-data,12634,assign,0
14688,38839.0,openat_www-data,12635,assign,0
14689,38839.0,openat_www-data,12636,assign,0
14690,38839.0,openat_www-data,12637,assign,0
14691,38843.0,close_www-data,14,assign,0
14692,38843.0,openat_www-data,12638,assign,0
14693,38843.0,openat_www-data,12639,assign,0
14694,38847.0,close_www-data,14,assign,0
14695,38847.0,openat_www-data,12640,assign,0
14696,38847.0,openat_www-data,12641,assign,0
14697,38847.0,openat_www-data,12642,assign,0
14698,38847.0,openat_www-data,12643,assign,0
14699,38847.0,openat_www-data,12644,assign,0
14700,38851.0,close_www-data,14,assign,0
14701,38851.0,openat_www-data,12645,assign,0
14702,38851.0,openat_www-data,12646,assign,0
14703,38851.0,openat_www-data,12647,assign,0
14704,38851.0,openat_www-data,12648,assign,0
14705,38855.0,close_www-data,14,assign,0
14706,38855.0,openat_www-data,12649,assign,0
14707,38855.0,openat_www-data,12650,assign,0
14708,38855.0,openat_www-data,12651,assign,0
14709,38855.0,openat_www-data,12652,assign,0
14710,38859.0,close_www-data,14,assign,0
14711,38859.0,openat_www-data,12653,assign,0
14712,38859.0,openat_www-data,12654,assign,0
14713,38859.0,openat_www-data,12655,assign,0
14714,38859.0,openat_www-data,12656,assign,0
14715,38863.0,close_www-data,14,assign,0
14716,38863.0,openat_www-data,12657,assign,0
14717,38863.0,openat_www-data,12658,assign,0
14718,38863.0,openat_www-data,12659,assign,0
14719,38863.0,openat_www-data,12660,assign,0
14720,38863.0,openat_www-data,12661,assign,0
14721,38867.0,close_www-data,14,assign,0
14722,38867.0,openat_www-data,12662,assign,0
14723,38867.0,openat_www-data,12663,assign,0
14724,38871.0,close_www-data,14,assign,0
14725,38871.0,openat_www-data,12664,assign,0
14726,38871.0,openat_www-data,12665,assign,0
14727,38871.0,openat_www-data,12666,assign,0
14728,38871.0,openat_www-data,12667,assign,0
14729,38875.0,close_www-data,14,assign,0
14730,38875.0,openat_www-data,12668,assign,0
14731,38875.0,openat_www-data,12669,assign,0
14732,38875.0,openat_www-data,12670,assign,0
14733,38875.0,openat_www-data,12671,assign,0
14734,38879.0,close_www-data,14,assign,0
14735,38879.0,openat_www-data,12672,assign,0
14736,38879.0,openat_www-data,12673,assign,0
14737,38879.0,openat_www-data,12674,assign,0
14738,38879.0,openat_www-data,12675,assign,0
14739,38879.0,openat_www-data,12676,assign,0
14740,38883.0,close_www-data,14,assign,0
14741,38883.0,openat_www-data,12677,assign,0
14742,38887.0,close_www-data,14,assign,0
14743,38887.0,openat_www-data,12678,assign,0
14744,38887.0,openat_www-data,12679,assign,0
14745,38891.0,close_www-data,14,assign,0
14746,38891.0,openat_www-data,12680,assign,0
14747,38891.0,openat_www-data,12681,assign,0
14748,38891.0,openat_www-data,12682,assign,0
14749,38891.0,openat_www-data,12683,assign,0
14750,38891.0,openat_www-data,12684,assign,0
14751,38891.0,openat_www-data,12685,assign,0
14752,38891.0,openat_www-data,12686,assign,0
14753,38891.0,openat_www-data,12687,assign,0
14754,38891.0,openat_www-data,12688,assign,0
14755,38891.0,openat_www-data,12689,assign,0
14756,38891.0,openat_www-data,12690,assign,0
14757,38891.0,openat_www-data,12691,assign,0
14758,38895.0,close_www-data,14,assign,0
14759,38895.0,openat_www-data,12692,assign,0
14760,38895.0,openat_www-data,12693,assign,0
14761,38899.0,openat_www-data,12694,assign,0
14762,38899.0,close_www-data,14,assign,0
14763,38899.0,openat_www-data,12695,assign,0
14764,38899.0,openat_www-data,12696,assign,0
14765,38903.0,close_www-data,14,assign,0
14766,38903.0,openat_www-data,12697,assign,0
14767,38903.0,openat_www-data,12698,assign,0
14768,38903.0,openat_www-data,12699,assign,0
14769,38907.0,close_www-data,14,assign,0
14770,38907.0,openat_www-data,12700,assign,0
14771,38907.0,openat_www-data,12701,assign,0
14772,38907.0,openat_www-data,12702,assign,0
14773,38907.0,openat_www-data,12703,assign,0
14774,38907.0,openat_www-data,12704,assign,0
14775,38911.0,close_www-data,14,assign,0
14776,38911.0,openat_www-data,12705,assign,0
14777,38915.0,close_www-data,14,assign,0
14778,38915.0,openat_www-data,12706,assign,0
14779,38915.0,openat_www-data,12707,assign,0
14780,38915.0,openat_www-data,12708,assign,0
14781,38915.0,openat_www-data,12709,assign,0
14782,38919.0,close_www-data,14,assign,0
14783,38919.0,openat_www-data,12710,assign,0
14784,38919.0,openat_www-data,12711,assign,0
14785,38919.0,openat_www-data,12712,assign,0
14786,38919.0,openat_www-data,12713,assign,0
14787,38919.0,openat_www-data,12714,assign,0
14788,38919.0,openat_www-data,12715,assign,0
14789,38919.0,openat_www-data,12716,assign,0
14790,38923.0,close_www-data,14,assign,0
14791,38923.0,openat_www-data,12717,assign,0
14792,38923.0,openat_www-data,12718,assign,0
14793,38923.0,openat_www-data,12719,assign,0
14794,38923.0,openat_www-data,12720,assign,0
14795,38927.0,close_www-data,14,assign,0
14796,38927.0,openat_www-data,12721,assign,0
14797,38927.0,openat_www-data,12722,assign,0
14798,38927.0,openat_www-data,12723,assign,0
14799,38931.0,close_www-data,14,assign,0
14800,38931.0,openat_www-data,12724,assign,0
14801,38931.0,openat_www-data,12725,assign,0
14802,38931.0,openat_www-data,12726,assign,0
14803,38931.0,openat_www-data,12727,assign,0
14804,38935.0,close_www-data,14,assign,0
14805,38935.0,openat_www-data,12728,assign,0
14806,38935.0,openat_www-data,12729,assign,0
14807,38935.0,openat_www-data,12730,assign,0
14808,38935.0,openat_www-data,12731,assign,0
14809,38935.0,openat_www-data,12732,assign,0
14810,38939.0,close_www-data,14,assign,0
14811,38939.0,openat_www-data,12733,assign,0
14812,38939.0,openat_www-data,12734,assign,0
14813,38939.0,openat_www-data,12735,assign,0
14814,38943.0,close_www-data,14,assign,0
14815,38943.0,openat_www-data,12736,assign,0
14816,38943.0,openat_www-data,12737,assign,0
14817,38943.0,openat_www-data,12738,assign,0
14818,38943.0,openat_www-data,12739,assign,0
14819,38947.0,close_www-data,14,assign,0
14820,38947.0,openat_www-data,12740,assign,0
14821,38947.0,openat_www-data,12741,assign,0
14822,38947.0,openat_www-data,12742,assign,0
14823,38947.0,openat_www-data,12743,assign,0
14824,38951.0,close_www-data,14,assign,0
14825,38951.0,openat_www-data,12744,assign,0
14826,38951.0,openat_www-data,12745,assign,0
14827,38951.0,openat_www-data,12746,assign,0
14828,38955.0,close_www-data,14,assign,0
14829,38955.0,openat_www-data,12747,assign,0
14830,38955.0,openat_www-data,12748,assign,0
14831,38955.0,openat_www-data,12749,assign,0
14832,38955.0,openat_www-data,12750,assign,0
14833,38959.0,close_www-data,14,assign,0
14834,38959.0,openat_www-data,12751,assign,0
14835,38959.0,openat_www-data,12752,assign,0
14836,38959.0,openat_www-data,12753,assign,0
14837,38959.0,openat_www-data,12754,assign,0
14838,38963.0,close_www-data,14,assign,0
14839,38963.0,openat_www-data,12755,assign,0
14840,38963.0,openat_www-data,12756,assign,0
14841,38963.0,openat_www-data,12757,assign,0
14842,38963.0,openat_www-data,12758,assign,0
14843,38963.0,openat_www-data,12759,assign,0
14844,38963.0,openat_www-data,12760,assign,0
14845,38967.0,close_www-data,14,assign,0
14846,38967.0,openat_www-data,12761,assign,0
14847,38967.0,openat_www-data,12762,assign,0
14848,38967.0,openat_www-data,12763,assign,0
14849,38967.0,openat_www-data,12764,assign,0
14850,38967.0,openat_www-data,12765,assign,0
14851,38967.0,openat_www-data,12766,assign,0
14852,38971.0,close_www-data,14,assign,0
14853,38971.0,openat_www-data,12767,assign,0
14854,38971.0,openat_www-data,12768,assign,0
14855,38971.0,openat_www-data,12769,assign,0
14856,38971.0,openat_www-data,12770,assign,0
14857,38975.0,close_www-data,14,assign,0
14858,38975.0,openat_www-data,12771,assign,0
14859,38975.0,openat_www-data,12772,assign,0
14860,38975.0,openat_www-data,12773,assign,0
14861,38975.0,openat_www-data,12774,assign,0
14862,38975.0,openat_www-data,12775,assign,0
14863,38975.0,openat_www-data,12776,assign,0
14864,38979.0,close_www-data,14,assign,0
14865,38979.0,openat_www-data,12777,assign,0
14866,38979.0,openat_www-data,12778,assign,0
14867,38979.0,openat_www-data,12779,assign,0
14868,38979.0,openat_www-data,12780,assign,0
14869,38979.0,openat_www-data,12781,assign,0
14870,38979.0,openat_www-data,12782,assign,0
14871,38979.0,openat_www-data,12783,assign,0
14872,38983.0,close_www-data,14,assign,0
14873,38983.0,openat_www-data,12784,assign,0
14874,38983.0,openat_www-data,12785,assign,0
14875,38983.0,openat_www-data,12786,assign,0
14876,38983.0,openat_www-data,12787,assign,0
14877,38983.0,openat_www-data,12788,assign,0
14878,38983.0,openat_www-data,12789,assign,0
14879,38983.0,openat_www-data,12790,assign,0
14880,38987.0,close_www-data,14,assign,0
14881,38987.0,openat_www-data,12791,assign,0
14882,38987.0,openat_www-data,12792,assign,0
14883,38987.0,openat_www-data,12793,assign,0
14884,38987.0,openat_www-data,12794,assign,0
14885,38987.0,openat_www-data,12795,assign,0
14886,38991.0,close_www-data,14,assign,0
14887,38991.0,openat_www-data,12796,assign,0
14888,38991.0,openat_www-data,12797,assign,0
14889,38991.0,openat_www-data,12798,assign,0
14890,38991.0,openat_www-data,12799,assign,0
14891,38991.0,openat_www-data,12800,assign,0
14892,39015.0,close_www-data,14,assign,0
14893,39015.0,openat_www-data,12801,assign,0
14894,39015.0,openat_www-data,12802,assign,0
14895,39015.0,openat_www-data,12803,assign,0
14896,39015.0,openat_www-data,12804,assign,0
14897,39015.0,openat_www-data,12805,assign,0
14898,39019.0,openat_www-data,12806,assign,0
14899,39019.0,close_www-data,14,assign,0
14900,39019.0,openat_www-data,12807,assign,0
14901,39019.0,openat_www-data,12808,assign,0
14902,39019.0,openat_www-data,12809,assign,0
14903,39019.0,openat_www-data,12810,assign,0
14904,39019.0,openat_www-data,12811,assign,0
14905,39019.0,openat_www-data,12812,assign,0
14906,39023.0,close_www-data,14,assign,0
14907,39023.0,openat_www-data,12813,assign,0
14908,39023.0,openat_www-data,12814,assign,0
14909,39023.0,openat_www-data,12815,assign,0
14910,39023.0,openat_www-data,12816,assign,0
14911,39023.0,openat_www-data,12817,assign,0
14912,39027.0,close_www-data,14,assign,0
14913,39027.0,openat_www-data,12818,assign,0
14914,39027.0,openat_www-data,12819,assign,0
14915,39027.0,openat_www-data,12820,assign,0
14916,39027.0,openat_www-data,12821,assign,0
14917,39027.0,openat_www-data,12822,assign,0
14918,39031.0,close_www-data,14,assign,0
14919,39031.0,openat_www-data,12823,assign,0
14920,39031.0,openat_www-data,12824,assign,0
14921,39031.0,openat_www-data,12825,assign,0
14922,39031.0,openat_www-data,12826,assign,0
14923,39031.0,openat_www-data,12827,assign,0
14924,39031.0,openat_www-data,12828,assign,0
14925,39035.0,close_www-data,14,assign,0
14926,39035.0,openat_www-data,12829,assign,0
14927,39035.0,openat_www-data,12830,assign,0
14928,39035.0,openat_www-data,12831,assign,0
14929,39035.0,openat_www-data,12832,assign,0
14930,39039.0,close_www-data,14,assign,0
14931,39039.0,openat_www-data,12833,assign,0
14932,39039.0,openat_www-data,12834,assign,0
14933,39039.0,openat_www-data,12835,assign,0
14934,39039.0,openat_www-data,12836,assign,0
14935,39039.0,openat_www-data,12837,assign,0
14936,39039.0,openat_www-data,12838,assign,0
14937,39039.0,openat_www-data,12839,assign,0
14938,39039.0,openat_www-data,12840,assign,0
14939,39043.0,close_www-data,14,assign,0
14940,39043.0,openat_www-data,12841,assign,0
14941,39043.0,openat_www-data,12842,assign,0
14942,39043.0,openat_www-data,12843,assign,0
14943,39043.0,openat_www-data,12844,assign,0
14944,39043.0,openat_www-data,12845,assign,0
14945,39043.0,openat_www-data,12846,assign,0
14946,39043.0,openat_www-data,12847,assign,0
14947,39047.0,close_www-data,14,assign,0
14948,39047.0,openat_www-data,12848,assign,0
14949,39047.0,openat_www-data,12849,assign,0
14950,39047.0,openat_www-data,12850,assign,0
14951,39047.0,openat_www-data,12851,assign,0
14952,39047.0,openat_www-data,12852,assign,0
14953,39047.0,openat_www-data,12853,assign,0
14954,39051.0,close_www-data,14,assign,0
14955,39051.0,openat_www-data,12854,assign,0
14956,39051.0,openat_www-data,12855,assign,0
14957,39051.0,openat_www-data,12856,assign,0
14958,39051.0,openat_www-data,12857,assign,0
14959,39051.0,openat_www-data,12858,assign,0
14960,39055.0,close_www-data,14,assign,0
14961,39055.0,openat_www-data,12859,assign,0
14962,39055.0,openat_www-data,12860,assign,0
14963,39055.0,openat_www-data,12861,assign,0
14964,39055.0,openat_www-data,12862,assign,0
14965,39055.0,openat_www-data,12863,assign,0
14966,39063.0,close_www-data,14,assign,0
14967,39063.0,openat_www-data,12864,assign,0
14968,39063.0,openat_www-data,12865,assign,0
14969,39063.0,openat_www-data,12866,assign,0
14970,39063.0,openat_www-data,12867,assign,0
14971,39067.0,close_www-data,14,assign,0
14972,39067.0,openat_www-data,12868,assign,0
14973,39067.0,openat_www-data,12869,assign,0
14974,39067.0,openat_www-data,12870,assign,0
14975,39067.0,openat_www-data,12871,assign,0
14976,39067.0,openat_www-data,12872,assign,0
14977,39067.0,openat_www-data,12873,assign,0
14978,39067.0,openat_www-data,12874,assign,0
14979,39071.0,close_www-data,14,assign,0
14980,39071.0,openat_www-data,12875,assign,0
14981,39071.0,openat_www-data,12876,assign,0
14982,39071.0,openat_www-data,12877,assign,0
14983,39071.0,openat_www-data,12878,assign,0
14984,39075.0,close_www-data,14,assign,0
14985,39075.0,openat_www-data,12879,assign,0
14986,39075.0,openat_www-data,12880,assign,0
14987,39075.0,openat_www-data,12881,assign,0
14988,39075.0,openat_www-data,12882,assign,0
14989,39075.0,openat_www-data,12883,assign,0
14990,39079.0,close_www-data,14,assign,0
14991,39079.0,openat_www-data,12884,assign,0
14992,39079.0,openat_www-data,12885,assign,0
14993,39079.0,openat_www-data,12886,assign,0
14994,39079.0,openat_www-data,12887,assign,0
14995,39079.0,openat_www-data,12888,assign,0
14996,39079.0,openat_www-data,12889,assign,0
14997,39079.0,openat_www-data,12890,assign,0
14998,39083.0,openat_www-data,12891,assign,0
14999,39083.0,close_www-data,14,assign,0
15000,39083.0,openat_www-data,12892,assign,0
15001,39083.0,openat_www-data,12893,assign,0
15002,39083.0,openat_www-data,12894,assign,0
15003,39083.0,openat_www-data,12895,assign,0
15004,39083.0,openat_www-data,12896,assign,0
15005,39087.0,openat_www-data,12897,assign,0
15006,39087.0,close_www-data,14,assign,0
15007,39087.0,openat_www-data,12898,assign,0
15008,39087.0,openat_www-data,12899,assign,0
15009,39087.0,openat_www-data,12900,assign,0
15010,39087.0,openat_www-data,12901,assign,0
15011,39091.0,close_www-data,14,assign,0
15012,39091.0,openat_www-data,12902,assign,0
15013,39091.0,openat_www-data,12903,assign,0
15014,39091.0,openat_www-data,12904,assign,0
15015,39091.0,openat_www-data,12905,assign,0
15016,39091.0,openat_www-data,12906,assign,0
15017,39091.0,openat_www-data,12907,assign,0
15018,39095.0,close_www-data,14,assign,0
15019,39095.0,openat_www-data,12908,assign,0
15020,39095.0,openat_www-data,12909,assign,0
15021,39095.0,openat_www-data,12910,assign,0
15022,39095.0,openat_www-data,12911,assign,0
15023,39095.0,openat_www-data,12912,assign,0
15024,39095.0,openat_www-data,12913,assign,0
15025,39095.0,openat_www-data,12914,assign,0
15026,39099.0,close_www-data,14,assign,0
15027,39099.0,openat_www-data,12915,assign,0
15028,39099.0,openat_www-data,12916,assign,0
15029,39099.0,openat_www-data,12917,assign,0
15030,39099.0,openat_www-data,12918,assign,0
15031,39099.0,openat_www-data,12919,assign,0
15032,39103.0,close_www-data,14,assign,0
15033,39103.0,openat_www-data,12920,assign,0
15034,39103.0,openat_www-data,12921,assign,0
15035,39103.0,openat_www-data,12922,assign,0
15036,39103.0,openat_www-data,12923,assign,0
15037,39103.0,openat_www-data,12924,assign,0
15038,39103.0,openat_www-data,12925,assign,0
15039,39107.0,openat_www-data,12926,assign,0
15040,39107.0,close_www-data,14,assign,0
15041,39107.0,openat_www-data,12927,assign,0
15042,39107.0,openat_www-data,12928,assign,0
15043,39107.0,openat_www-data,12929,assign,0
15044,39135.0,close_www-data,14,assign,0
15045,39135.0,openat_www-data,12930,assign,0
15046,39135.0,openat_www-data,12931,assign,0
15047,39135.0,openat_www-data,12932,assign,0
15048,39135.0,openat_www-data,12933,assign,0
15049,39135.0,openat_www-data,12934,assign,0
15050,39135.0,openat_www-data,12935,assign,0
15051,39135.0,openat_www-data,12936,assign,0
15052,39139.0,close_www-data,14,assign,0
15053,39139.0,openat_www-data,12937,assign,0
15054,39139.0,openat_www-data,12938,assign,0
15055,39139.0,openat_www-data,12939,assign,0
15056,39139.0,openat_www-data,12940,assign,0
15057,39139.0,openat_www-data,12941,assign,0
15058,39139.0,openat_www-data,12942,assign,0
15059,39139.0,openat_www-data,12943,assign,0
15060,39143.0,close_www-data,14,assign,0
15061,39143.0,openat_www-data,12944,assign,0
15062,39143.0,openat_www-data,12945,assign,0
15063,39143.0,openat_www-data,12946,assign,0
15064,39143.0,openat_www-data,12947,assign,0
15065,39143.0,openat_www-data,12948,assign,0
15066,39143.0,openat_www-data,12949,assign,0
15067,39143.0,openat_www-data,12950,assign,0
15068,39151.0,close_www-data,14,assign,0
15069,39151.0,openat_www-data,12951,assign,0
15070,39151.0,openat_www-data,12952,assign,0
15071,39151.0,openat_www-data,12953,assign,0
15072,39151.0,openat_www-data,12954,assign,0
15073,39151.0,openat_www-data,12955,assign,0
15074,39151.0,openat_www-data,12956,assign,0
15075,39151.0,openat_www-data,12957,assign,0
15076,39155.0,close_www-data,14,assign,0
15077,39155.0,openat_www-data,12958,assign,0
15078,39155.0,openat_www-data,12959,assign,0
15079,39155.0,openat_www-data,12960,assign,0
15080,39155.0,openat_www-data,12961,assign,0
15081,39155.0,openat_www-data,12962,assign,0
15082,39155.0,openat_www-data,12963,assign,0
15083,39155.0,openat_www-data,12964,assign,0
15084,39155.0,openat_www-data,12965,assign,0
15085,39159.0,close_www-data,14,assign,0
15086,39159.0,openat_www-data,12966,assign,0
15087,39159.0,openat_www-data,12967,assign,0
15088,39159.0,openat_www-data,12968,assign,0
15089,39159.0,openat_www-data,12969,assign,0
15090,39159.0,openat_www-data,12970,assign,0
15091,39163.0,openat_www-data,12971,assign,0
15092,39163.0,close_www-data,14,assign,0
15093,39163.0,openat_www-data,12972,assign,0
15094,39163.0,openat_www-data,12973,assign,0
15095,39163.0,openat_www-data,12974,assign,0
15096,39163.0,openat_www-data,12975,assign,0
15097,39163.0,openat_www-data,12976,assign,0
15098,39167.0,close_www-data,14,assign,0
15099,39167.0,openat_www-data,12977,assign,0
15100,39167.0,openat_www-data,12978,assign,0
15101,39167.0,openat_www-data,12979,assign,0
15102,39167.0,openat_www-data,12980,assign,0
15103,39167.0,openat_www-data,12981,assign,0
15104,39171.0,close_www-data,14,assign,0
15105,39171.0,openat_www-data,12982,assign,0
15106,39171.0,openat_www-data,12983,assign,0
15107,39171.0,openat_www-data,12984,assign,0
15108,39171.0,openat_www-data,12985,assign,0
15109,39171.0,openat_www-data,12986,assign,0
15110,39175.0,close_www-data,14,assign,0
15111,39175.0,openat_www-data,12987,assign,0
15112,39175.0,openat_www-data,12988,assign,0
15113,39175.0,openat_www-data,12989,assign,0
15114,39175.0,openat_www-data,12990,assign,0
15115,39175.0,openat_www-data,12991,assign,0
15116,39175.0,openat_www-data,12992,assign,0
15117,39175.0,openat_www-data,12993,assign,0
15118,39175.0,openat_www-data,12994,assign,0
15119,39179.0,close_www-data,14,assign,0
15120,39179.0,openat_www-data,12995,assign,0
15121,39179.0,openat_www-data,12996,assign,0
15122,39179.0,openat_www-data,12997,assign,0
15123,39179.0,openat_www-data,12998,assign,0
15124,39179.0,openat_www-data,12999,assign,0
15125,39183.0,openat_www-data,13000,assign,0
15126,39183.0,close_www-data,14,assign,0
15127,39183.0,openat_www-data,13001,assign,0
15128,39183.0,openat_www-data,13002,assign,0
15129,39183.0,openat_www-data,13003,assign,0
15130,39183.0,openat_www-data,13004,assign,0
15131,39183.0,openat_www-data,13005,assign,0
15132,39187.0,close_www-data,14,assign,0
15133,39187.0,openat_www-data,13006,assign,0
15134,39187.0,openat_www-data,13007,assign,0
15135,39187.0,openat_www-data,13008,assign,0
15136,39187.0,openat_www-data,13009,assign,0
15137,39191.0,close_www-data,14,assign,0
15138,39191.0,openat_www-data,13010,assign,0
15139,39191.0,openat_www-data,13011,assign,0
15140,39191.0,openat_www-data,13012,assign,0
15141,39191.0,openat_www-data,13013,assign,0
15142,39195.0,openat_www-data,13014,assign,0
15143,39195.0,close_www-data,14,assign,0
15144,39195.0,openat_www-data,13015,assign,0
15145,39195.0,openat_www-data,13016,assign,0
15146,39195.0,openat_www-data,13017,assign,0
15147,39195.0,openat_www-data,13018,assign,0
15148,39195.0,openat_www-data,13019,assign,0
15149,39195.0,openat_www-data,13020,assign,0
15150,39195.0,openat_www-data,13021,assign,0
15151,39199.0,close_www-data,14,assign,0
15152,39199.0,openat_www-data,13022,assign,0
15153,39199.0,openat_www-data,13023,assign,0
15154,39199.0,openat_www-data,13024,assign,0
15155,39199.0,openat_www-data,13025,assign,0
15156,39199.0,openat_www-data,13026,assign,0
15157,39199.0,openat_www-data,13027,assign,0
15158,39203.0,close_www-data,14,assign,0
15159,39203.0,openat_www-data,13028,assign,0
15160,39203.0,openat_www-data,13029,assign,0
15161,39203.0,openat_www-data,13030,assign,0
15162,39203.0,openat_www-data,13031,assign,0
15163,39207.0,close_www-data,14,assign,0
15164,39207.0,openat_www-data,13032,assign,0
15165,39207.0,openat_www-data,13033,assign,0
15166,39207.0,openat_www-data,13034,assign,0
15167,39207.0,openat_www-data,13035,assign,0
15168,39207.0,openat_www-data,13036,assign,0
15169,39207.0,openat_www-data,13037,assign,0
15170,39207.0,openat_www-data,13038,assign,0
15171,39211.0,close_www-data,14,assign,0
15172,39211.0,openat_www-data,13039,assign,0
15173,39219.0,close_www-data,14,assign,0
15174,39219.0,openat_www-data,13040,assign,0
15175,39219.0,openat_www-data,13041,assign,0
15176,39219.0,openat_www-data,13042,assign,0
15177,39219.0,openat_www-data,13043,assign,0
15178,39219.0,openat_www-data,13044,assign,0
15179,39219.0,openat_www-data,13045,assign,0
15180,39223.0,close_www-data,14,assign,0
15181,39223.0,openat_www-data,13046,assign,0
15182,39223.0,openat_www-data,13047,assign,0
15183,39223.0,openat_www-data,13048,assign,0
15184,39223.0,openat_www-data,13049,assign,0
15185,39223.0,openat_www-data,13050,assign,0
15186,39223.0,openat_www-data,13051,assign,0
15187,39223.0,openat_www-data,13052,assign,0
15188,39223.0,openat_www-data,13053,assign,0
15189,39227.0,close_www-data,14,assign,0
15190,39227.0,openat_www-data,13054,assign,0
15191,39227.0,openat_www-data,13055,assign,0
15192,39227.0,openat_www-data,13056,assign,0
15193,39227.0,openat_www-data,13057,assign,0
15194,39227.0,openat_www-data,13058,assign,0
15195,39227.0,openat_www-data,13059,assign,0
15196,39231.0,close_www-data,14,assign,0
15197,39231.0,openat_www-data,13060,assign,0
15198,39231.0,openat_www-data,13061,assign,0
15199,39231.0,openat_www-data,13062,assign,0
15200,39231.0,openat_www-data,13063,assign,0
15201,39231.0,openat_www-data,13064,assign,0
15202,39235.0,close_www-data,14,assign,0
15203,39235.0,openat_www-data,13065,assign,0
15204,39235.0,openat_www-data,13066,assign,0
15205,39235.0,openat_www-data,13067,assign,0
15206,39239.0,openat_www-data,13068,assign,0
15207,39239.0,close_www-data,14,assign,0
15208,39239.0,openat_www-data,13069,assign,0
15209,39239.0,openat_www-data,13070,assign,0
15210,39239.0,openat_www-data,13071,assign,0
15211,39239.0,openat_www-data,13072,assign,0
15212,39239.0,openat_www-data,13073,assign,0
15213,39243.0,close_www-data,14,assign,0
15214,39243.0,openat_www-data,13074,assign,0
15215,39243.0,openat_www-data,13075,assign,0
15216,39243.0,openat_www-data,13076,assign,0
15217,39243.0,openat_www-data,13077,assign,0
15218,39243.0,openat_www-data,13078,assign,0
15219,39243.0,close_www-data,14,assign,0
15220,39243.0,close_www-data,14,assign,0
15221,39243.0,openat_www-data,13079,assign,0
15222,39243.0,openat_www-data,13080,assign,0
15223,39243.0,openat_www-data,13081,assign,0
15224,39247.0,close_www-data,14,assign,0
15225,39247.0,openat_www-data,13082,assign,0
15226,39247.0,openat_www-data,13083,assign,0
15227,39247.0,openat_www-data,13084,assign,0
15228,39247.0,openat_www-data,13085,assign,0
15229,39255.0,close_www-data,14,assign,0
15230,39255.0,openat_www-data,13086,assign,0
15231,39255.0,openat_www-data,13087,assign,0
15232,39255.0,openat_www-data,13088,assign,0
15233,39255.0,openat_www-data,13089,assign,0
15234,39255.0,openat_www-data,13090,assign,0
15235,39259.0,close_www-data,14,assign,0
15236,39259.0,openat_www-data,13091,assign,0
15237,39259.0,openat_www-data,13092,assign,0
15238,39259.0,openat_www-data,13093,assign,0
15239,39259.0,openat_www-data,13094,assign,0
15240,39263.0,close_www-data,14,assign,0
15241,39263.0,openat_www-data,13095,assign,0
15242,39263.0,openat_www-data,13096,assign,0
15243,39263.0,openat_www-data,13097,assign,0
15244,39263.0,openat_www-data,13098,assign,0
15245,39267.0,openat_www-data,13099,assign,0
15246,39267.0,close_www-data,14,assign,0
15247,39267.0,openat_www-data,13100,assign,0
15248,39267.0,openat_www-data,13101,assign,0
15249,39267.0,openat_www-data,13102,assign,0
15250,39267.0,openat_www-data,13103,assign,0
15251,39371.0,close_www-data,14,assign,0
15252,39371.0,openat_www-data,13104,assign,0
15253,39371.0,openat_www-data,13105,assign,0
15254,39371.0,openat_www-data,13106,assign,0
15255,39371.0,openat_www-data,13107,assign,0
15256,39419.0,close_www-data,14,assign,0
15257,39419.0,openat_www-data,13108,assign,0
15258,39419.0,openat_www-data,13109,assign,0
15259,39419.0,openat_www-data,13110,assign,0
15260,39419.0,openat_www-data,13111,assign,0
15261,39419.0,openat_www-data,13112,assign,0
15262,39419.0,openat_www-data,13113,assign,0
15263,39419.0,openat_www-data,13114,assign,0
15264,39419.0,openat_www-data,13115,assign,0
15265,39419.0,openat_www-data,13116,assign,0
15266,39419.0,openat_www-data,13117,assign,0
15267,39419.0,openat_www-data,13118,assign,0
15268,39419.0,openat_www-data,13119,assign,0
15269,39419.0,openat_www-data,13120,assign,0
15270,39419.0,openat_www-data,13121,assign,0
15271,39423.0,close_www-data,14,assign,0
15272,39423.0,openat_www-data,13122,assign,0
15273,39423.0,openat_www-data,13123,assign,0
15274,39423.0,openat_www-data,13124,assign,0
15275,39423.0,openat_www-data,13125,assign,0
15276,39423.0,openat_www-data,13126,assign,0
15277,39423.0,openat_www-data,13127,assign,0
15278,39427.0,close_www-data,14,assign,0
15279,39427.0,openat_www-data,13128,assign,0
15280,39427.0,openat_www-data,13129,assign,0
15281,39427.0,openat_www-data,13130,assign,0
15282,39427.0,openat_www-data,13131,assign,0
15283,39427.0,openat_www-data,13132,assign,0
15284,39427.0,openat_www-data,13133,assign,0
15285,39427.0,openat_www-data,13134,assign,0
15286,39427.0,openat_www-data,13135,assign,0
15287,39431.0,close_www-data,14,assign,0
15288,39431.0,openat_www-data,13136,assign,0
15289,39431.0,openat_www-data,13137,assign,0
15290,39431.0,openat_www-data,13138,assign,0
15291,39431.0,openat_www-data,13139,assign,0
15292,39431.0,openat_www-data,13140,assign,0
15293,39435.0,close_www-data,14,assign,0
15294,39435.0,openat_www-data,13141,assign,0
15295,39435.0,openat_www-data,13142,assign,0
15296,39435.0,openat_www-data,13143,assign,0
15297,39435.0,openat_www-data,13144,assign,0
15298,39435.0,openat_www-data,13145,assign,0
15299,39435.0,openat_www-data,13146,assign,0
15300,39439.0,close_www-data,14,assign,0
15301,39439.0,openat_www-data,13147,assign,0
15302,39439.0,openat_www-data,13148,assign,0
15303,39439.0,openat_www-data,13149,assign,0
15304,39439.0,openat_www-data,13150,assign,0
15305,39439.0,openat_www-data,13151,assign,0
15306,39443.0,close_www-data,14,assign,0
15307,39443.0,openat_www-data,13152,assign,0
15308,39443.0,openat_www-data,13153,assign,0
15309,39443.0,openat_www-data,13154,assign,0
15310,39443.0,openat_www-data,13155,assign,0
15311,39447.0,close_www-data,14,assign,0
15312,39447.0,openat_www-data,13156,assign,0
15313,39447.0,openat_www-data,13157,assign,0
15314,39447.0,openat_www-data,13158,assign,0
15315,39447.0,openat_www-data,13159,assign,0
15316,39447.0,openat_www-data,13160,assign,0
15317,39447.0,openat_www-data,13161,assign,0
15318,39447.0,close_www-data,14,assign,0
15319,39447.0,openat_www-data,13162,assign,0
15320,39447.0,openat_www-data,13163,assign,0
15321,39451.0,openat_www-data,13164,assign,0
15322,39451.0,close_www-data,14,assign,0
15323,39451.0,openat_www-data,13165,assign,0
15324,39451.0,openat_www-data,13166,assign,0
15325,39451.0,openat_www-data,13167,assign,0
15326,39451.0,close_www-data,14,assign,0
15327,39451.0,close_www-data,14,assign,0
15328,39451.0,openat_www-data,13168,assign,0
15329,39451.0,openat_www-data,13169,assign,0
15330,39455.0,close_www-data,14,assign,0
15331,39455.0,openat_www-data,13170,assign,0
15332,39455.0,openat_www-data,13171,assign,0
15333,39455.0,openat_www-data,13172,assign,0
15334,39455.0,openat_www-data,13173,assign,0
15335,39459.0,close_www-data,14,assign,0
15336,39459.0,openat_www-data,13174,assign,0
15337,39459.0,openat_www-data,13175,assign,0
15338,39459.0,openat_www-data,13176,assign,0
15339,39459.0,openat_www-data,13177,assign,0
15340,39463.0,openat_www-data,13178,assign,0
15341,39463.0,close_www-data,14,assign,0
15342,39463.0,openat_www-data,13179,assign,0
15343,39463.0,openat_www-data,13180,assign,0
15344,39463.0,openat_www-data,13181,assign,0
15345,39463.0,openat_www-data,13182,assign,0
15346,39463.0,openat_www-data,13183,assign,0
15347,39471.0,close_www-data,14,assign,0
15348,39471.0,openat_www-data,13184,assign,0
15349,39471.0,openat_www-data,13185,assign,0
15350,39471.0,openat_www-data,13186,assign,0
15351,39471.0,openat_www-data,13187,assign,0
15352,39471.0,openat_www-data,13188,assign,0
15353,39475.0,close_www-data,14,assign,0
15354,39475.0,openat_www-data,13189,assign,0
15355,39475.0,openat_www-data,13190,assign,0
15356,39475.0,openat_www-data,13191,assign,0
15357,39475.0,openat_www-data,13192,assign,0
15358,39475.0,openat_www-data,13193,assign,0
15359,39475.0,openat_www-data,13194,assign,0
15360,39479.0,close_www-data,14,assign,0
15361,39479.0,openat_www-data,13195,assign,0
15362,39479.0,openat_www-data,13196,assign,0
15363,39479.0,openat_www-data,13197,assign,0
15364,39479.0,openat_www-data,13198,assign,0
15365,39483.0,close_www-data,14,assign,0
15366,39483.0,openat_www-data,13199,assign,0
15367,39483.0,openat_www-data,13200,assign,0
15368,39483.0,openat_www-data,13201,assign,0
15369,39483.0,openat_www-data,13202,assign,0
15370,39483.0,openat_www-data,13203,assign,0
15371,39487.0,openat_www-data,13204,assign,0
15372,39487.0,close_www-data,14,assign,0
15373,39487.0,openat_www-data,13205,assign,0
15374,39487.0,openat_www-data,13206,assign,0
15375,39487.0,openat_www-data,13207,assign,0
15376,39491.0,close_www-data,14,assign,0
15377,39491.0,openat_www-data,13208,assign,0
15378,39491.0,openat_www-data,13209,assign,0
15379,39491.0,openat_www-data,13210,assign,0
15380,39491.0,openat_www-data,13211,assign,0
15381,39491.0,openat_www-data,13212,assign,0
15382,39495.0,close_www-data,14,assign,0
15383,39495.0,openat_www-data,13213,assign,0
15384,39495.0,openat_www-data,13214,assign,0
15385,39495.0,openat_www-data,13215,assign,0
15386,39495.0,openat_www-data,13216,assign,0
15387,39499.0,close_www-data,14,assign,0
15388,39499.0,openat_www-data,13217,assign,0
15389,39499.0,openat_www-data,13218,assign,0
15390,39499.0,openat_www-data,13219,assign,0
15391,39503.0,close_www-data,14,assign,0
15392,39503.0,openat_www-data,13220,assign,0
15393,39503.0,openat_www-data,13221,assign,0
15394,39503.0,openat_www-data,13222,assign,0
15395,39503.0,openat_www-data,13223,assign,0
15396,39507.0,close_www-data,14,assign,0
15397,39507.0,openat_www-data,13224,assign,0
15398,39507.0,openat_www-data,13225,assign,0
15399,39507.0,openat_www-data,13226,assign,0
15400,39507.0,openat_www-data,13227,assign,0
15401,39507.0,openat_www-data,13228,assign,0
15402,39507.0,openat_www-data,13229,assign,0
15403,39511.0,close_www-data,14,assign,0
15404,39511.0,openat_www-data,13230,assign,0
15405,39511.0,openat_www-data,13231,assign,0
15406,39511.0,openat_www-data,13232,assign,0
15407,39511.0,openat_www-data,13233,assign,0
15408,39515.0,close_www-data,14,assign,0
15409,39515.0,openat_www-data,13234,assign,0
15410,39515.0,openat_www-data,13235,assign,0
15411,39515.0,openat_www-data,13236,assign,0
15412,39515.0,openat_www-data,13237,assign,0
15413,39519.0,close_www-data,14,assign,0
15414,39519.0,openat_www-data,13238,assign,0
15415,39519.0,openat_www-data,13239,assign,0
15416,39519.0,openat_www-data,13240,assign,0
15417,39519.0,openat_www-data,13241,assign,0
15418,39523.0,openat_www-data,13242,assign,0
15419,39523.0,close_www-data,14,assign,0
15420,39523.0,openat_www-data,13243,assign,0
15421,39523.0,openat_www-data,13244,assign,0
15422,39523.0,openat_www-data,13245,assign,0
15423,39527.0,close_www-data,14,assign,0
15424,39527.0,openat_www-data,13246,assign,0
15425,39527.0,openat_www-data,13247,assign,0
15426,39527.0,openat_www-data,13248,assign,0
15427,39527.0,openat_www-data,13249,assign,0
15428,39527.0,openat_www-data,13250,assign,0
15429,39531.0,close_www-data,14,assign,0
15430,39531.0,openat_www-data,13251,assign,0
15431,39531.0,openat_www-data,13252,assign,0
15432,39531.0,openat_www-data,13253,assign,0
15433,39531.0,openat_www-data,13254,assign,0
15434,39535.0,openat_www-data,13255,assign,0
15435,39535.0,close_www-data,14,assign,0
15436,39535.0,openat_www-data,13256,assign,0
15437,39535.0,openat_www-data,13257,assign,0
15438,39535.0,openat_www-data,13258,assign,0
15439,39539.0,close_www-data,14,assign,0
15440,39539.0,openat_www-data,13259,assign,0
15441,39539.0,openat_www-data,13260,assign,0
15442,39539.0,openat_www-data,13261,assign,0
15443,39539.0,openat_www-data,13262,assign,0
15444,39543.0,close_www-data,14,assign,0
15445,39543.0,openat_www-data,13263,assign,0
15446,39543.0,openat_www-data,13264,assign,0
15447,39543.0,openat_www-data,13265,assign,0
15448,39543.0,openat_www-data,13266,assign,0
15449,39543.0,openat_www-data,13267,assign,0
15450,39547.0,close_www-data,14,assign,0
15451,39547.0,openat_www-data,13268,assign,0
15452,39547.0,openat_www-data,13269,assign,0
15453,39547.0,openat_www-data,13270,assign,0
15454,39547.0,openat_www-data,13271,assign,0
15455,39547.0,openat_www-data,13272,assign,0
15456,39551.0,close_www-data,14,assign,0
15457,39551.0,openat_www-data,13273,assign,0
15458,39551.0,openat_www-data,13274,assign,0
15459,39551.0,openat_www-data,13275,assign,0
15460,39555.0,close_www-data,14,assign,0
15461,39555.0,openat_www-data,13276,assign,0
15462,39555.0,openat_www-data,13277,assign,0
15463,39555.0,openat_www-data,13278,assign,0
15464,39555.0,openat_www-data,13279,assign,0
15465,39555.0,openat_www-data,13280,assign,0
15466,39559.0,close_www-data,14,assign,0
15467,39559.0,openat_www-data,13281,assign,0
15468,39559.0,openat_www-data,13282,assign,0
15469,39559.0,openat_www-data,13283,assign,0
15470,39559.0,openat_www-data,13284,assign,0
15471,39563.0,close_www-data,14,assign,0
15472,39563.0,openat_www-data,13285,assign,0
15473,39563.0,openat_www-data,13286,assign,0
15474,39563.0,openat_www-data,13287,assign,0
15475,39563.0,openat_www-data,13288,assign,0
15476,39567.0,openat_www-data,13289,assign,0
15477,39567.0,close_www-data,14,assign,0
15478,39567.0,openat_www-data,13290,assign,0
15479,39567.0,openat_www-data,13291,assign,0
15480,39567.0,openat_www-data,13292,assign,0
15481,39571.0,close_www-data,14,assign,0
15482,39571.0,openat_www-data,13293,assign,0
15483,39571.0,openat_www-data,13294,assign,0
15484,39571.0,openat_www-data,13295,assign,0
15485,39571.0,openat_www-data,13296,assign,0
15486,39575.0,openat_www-data,13297,assign,0
15487,39575.0,close_www-data,14,assign,0
15488,39575.0,openat_www-data,13298,assign,0
15489,39575.0,openat_www-data,13299,assign,0
15490,39579.0,openat_www-data,13300,assign,0
15491,39579.0,close_www-data,14,assign,0
15492,39579.0,openat_www-data,13301,assign,0
15493,39579.0,openat_www-data,13302,assign,0
15494,39579.0,openat_www-data,13303,assign,0
15495,39583.0,openat_www-data,13304,assign,0
15496,39583.0,close_www-data,14,assign,0
15497,39583.0,openat_www-data,13305,assign,0
15498,39583.0,openat_www-data,13306,assign,0
15499,39583.0,openat_www-data,13307,assign,0
15500,39583.0,openat_www-data,13308,assign,0
15501,39587.0,close_www-data,14,assign,0
15502,39587.0,openat_www-data,13309,assign,0
15503,39587.0,openat_www-data,13310,assign,0
15504,39587.0,openat_www-data,13311,assign,0
15505,39587.0,openat_www-data,13312,assign,0
15506,39591.0,openat_www-data,13313,assign,0
15507,39591.0,close_www-data,14,assign,0
15508,39591.0,openat_www-data,13314,assign,0
15509,39591.0,openat_www-data,13315,assign,0
15510,39591.0,openat_www-data,13316,assign,0
15511,39595.0,close_www-data,14,assign,0
15512,39595.0,openat_www-data,13317,assign,0
15513,39595.0,openat_www-data,13318,assign,0
15514,39595.0,openat_www-data,13319,assign,0
15515,39595.0,openat_www-data,13320,assign,0
15516,39595.0,openat_www-data,13321,assign,0
15517,39599.0,close_www-data,14,assign,0
15518,39599.0,openat_www-data,13322,assign,0
15519,39599.0,openat_www-data,13323,assign,0
15520,39599.0,openat_www-data,13324,assign,0
15521,39603.0,close_www-data,14,assign,0
15522,39603.0,openat_www-data,13325,assign,0
15523,39603.0,openat_www-data,13326,assign,0
15524,39603.0,openat_www-data,13327,assign,0
15525,39603.0,openat_www-data,13328,assign,0
15526,39607.0,close_www-data,14,assign,0
15527,39607.0,openat_www-data,13329,assign,0
15528,39607.0,openat_www-data,13330,assign,0
15529,39607.0,openat_www-data,13331,assign,0
15530,39607.0,openat_www-data,13332,assign,0
15531,39607.0,openat_www-data,13333,assign,0
15532,39607.0,openat_www-data,13334,assign,0
15533,39611.0,close_www-data,14,assign,0
15534,39611.0,openat_www-data,13335,assign,0
15535,39611.0,openat_www-data,13336,assign,0
15536,39611.0,openat_www-data,13337,assign,0
15537,39611.0,openat_www-data,13338,assign,0
15538,39611.0,openat_www-data,13339,assign,0
15539,39615.0,openat_www-data,13340,assign,0
15540,39615.0,close_www-data,14,assign,0
15541,39615.0,openat_www-data,13341,assign,0
15542,39615.0,openat_www-data,13342,assign,0
15543,39615.0,openat_www-data,13343,assign,0
15544,39619.0,close_www-data,14,assign,0
15545,39619.0,openat_www-data,13344,assign,0
15546,39619.0,openat_www-data,13345,assign,0
15547,39619.0,openat_www-data,13346,assign,0
15548,39619.0,openat_www-data,13347,assign,0
15549,39619.0,openat_www-data,13348,assign,0
15550,39623.0,close_www-data,14,assign,0
15551,39623.0,openat_www-data,13349,assign,0
15552,39623.0,openat_www-data,13350,assign,0
15553,39623.0,openat_www-data,13351,assign,0
15554,39623.0,openat_www-data,13352,assign,0
15555,39627.0,close_www-data,14,assign,0
15556,39627.0,openat_www-data,13353,assign,0
15557,39627.0,openat_www-data,13354,assign,0
15558,39627.0,openat_www-data,13355,assign,0
15559,39627.0,openat_www-data,13356,assign,0
15560,39627.0,openat_www-data,13357,assign,0
15561,39631.0,close_www-data,14,assign,0
15562,39631.0,openat_www-data,13358,assign,0
15563,39631.0,openat_www-data,13359,assign,0
15564,39631.0,openat_www-data,13360,assign,0
15565,39631.0,openat_www-data,13361,assign,0
15566,39635.0,close_www-data,14,assign,0
15567,39635.0,openat_www-data,13362,assign,0
15568,39635.0,openat_www-data,13363,assign,0
15569,39635.0,openat_www-data,13364,assign,0
15570,39635.0,openat_www-data,13365,assign,0
15571,39639.0,close_www-data,14,assign,0
15572,39639.0,openat_www-data,13366,assign,0
15573,39639.0,openat_www-data,13367,assign,0
15574,39639.0,openat_www-data,13368,assign,0
15575,39639.0,openat_www-data,13369,assign,0
15576,39643.0,close_www-data,14,assign,0
15577,39643.0,openat_www-data,13370,assign,0
15578,39643.0,openat_www-data,13371,assign,0
15579,39643.0,openat_www-data,13372,assign,0
15580,39647.0,close_www-data,14,assign,0
15581,39647.0,openat_www-data,13373,assign,0
15582,39647.0,openat_www-data,13374,assign,0
15583,39647.0,openat_www-data,13375,assign,0
15584,39647.0,openat_www-data,13376,assign,0
15585,39647.0,openat_www-data,13377,assign,0
15586,39647.0,openat_www-data,13378,assign,0
15587,39647.0,openat_www-data,13379,assign,0
15588,39651.0,close_www-data,14,assign,0
15589,39651.0,openat_www-data,13380,assign,0
15590,39651.0,openat_www-data,13381,assign,0
15591,39651.0,openat_www-data,13382,assign,0
15592,39651.0,openat_www-data,13383,assign,0
15593,39651.0,openat_www-data,13384,assign,0
15594,39655.0,openat_www-data,13385,assign,0
15595,39655.0,close_www-data,14,assign,0
15596,39655.0,openat_www-data,13386,assign,0
15597,39655.0,openat_www-data,13387,assign,0
15598,39655.0,openat_www-data,13388,assign,0
15599,39659.0,close_www-data,14,assign,0
15600,39659.0,openat_www-data,13389,assign,0
15601,39659.0,openat_www-data,13390,assign,0
15602,39659.0,openat_www-data,13391,assign,0
15603,39663.0,openat_www-data,13392,assign,0
15604,39663.0,close_www-data,14,assign,0
15605,39663.0,openat_www-data,13393,assign,0
15606,39663.0,openat_www-data,13394,assign,0
15607,39663.0,openat_www-data,13395,assign,0
15608,39663.0,openat_www-data,13396,assign,0
15609,39667.0,close_www-data,14,assign,0
15610,39667.0,openat_www-data,13397,assign,0
15611,39667.0,openat_www-data,13398,assign,0
15612,39667.0,openat_www-data,13399,assign,0
15613,39667.0,openat_www-data,13400,assign,0
15614,39671.0,openat_www-data,13401,assign,0
15615,39671.0,close_www-data,14,assign,0
15616,39671.0,openat_www-data,13402,assign,0
15617,39671.0,openat_www-data,13403,assign,0
15618,39671.0,openat_www-data,13404,assign,0
15619,39671.0,openat_www-data,13405,assign,0
15620,39671.0,openat_www-data,13406,assign,0
15621,39675.0,openat_www-data,13407,assign,0
15622,39675.0,close_www-data,14,assign,0
15623,39675.0,openat_www-data,13408,assign,0
15624,39675.0,openat_www-data,13409,assign,0
15625,39675.0,openat_www-data,13410,assign,0
15626,39675.0,openat_www-data,13411,assign,0
15627,39675.0,openat_www-data,13412,assign,0
15628,39679.0,close_www-data,14,assign,0
15629,39679.0,openat_www-data,13413,assign,0
15630,39679.0,openat_www-data,13414,assign,0
15631,39679.0,openat_www-data,13415,assign,0
15632,39679.0,openat_www-data,13416,assign,0
15633,39683.0,openat_www-data,13417,assign,0
15634,39683.0,close_www-data,14,assign,0
15635,39683.0,openat_www-data,13418,assign,0
15636,39683.0,openat_www-data,13419,assign,0
15637,39683.0,openat_www-data,13420,assign,0
15638,39687.0,close_www-data,14,assign,0
15639,39687.0,openat_www-data,13421,assign,0
15640,39687.0,openat_www-data,13422,assign,0
15641,39687.0,openat_www-data,13423,assign,0
15642,39687.0,openat_www-data,13424,assign,0
15643,39691.0,openat_www-data,13425,assign,0
15644,39691.0,close_www-data,14,assign,0
15645,39691.0,openat_www-data,13426,assign,0
15646,39691.0,openat_www-data,13427,assign,0
15647,39691.0,openat_www-data,13428,assign,0
15648,39691.0,openat_www-data,13429,assign,0
15649,39691.0,openat_www-data,13430,assign,0
15650,39695.0,close_www-data,14,assign,0
15651,39695.0,openat_www-data,13431,assign,0
15652,39695.0,openat_www-data,13432,assign,0
15653,39695.0,openat_www-data,13433,assign,0
15654,39695.0,openat_www-data,13434,assign,0
15655,39695.0,openat_www-data,13435,assign,0
15656,39699.0,openat_www-data,13436,assign,0
15657,39699.0,close_www-data,14,assign,0
15658,39699.0,openat_www-data,13437,assign,0
15659,39699.0,openat_www-data,13438,assign,0
15660,39699.0,openat_www-data,13439,assign,0
15661,39703.0,close_www-data,14,assign,0
15662,39703.0,openat_www-data,13440,assign,0
15663,39703.0,openat_www-data,13441,assign,0
15664,39703.0,openat_www-data,13442,assign,0
15665,39703.0,openat_www-data,13443,assign,0
15666,39707.0,openat_www-data,13444,assign,0
15667,39707.0,close_www-data,14,assign,0
15668,39707.0,openat_www-data,13445,assign,0
15669,39707.0,openat_www-data,13446,assign,0
15670,39707.0,openat_www-data,13447,assign,0
15671,39707.0,openat_www-data,13448,assign,0
15672,39711.0,close_www-data,14,assign,0
15673,39711.0,openat_www-data,13449,assign,0
15674,39711.0,openat_www-data,13450,assign,0
15675,39711.0,openat_www-data,13451,assign,0
15676,39711.0,openat_www-data,13452,assign,0
15677,39711.0,openat_www-data,13453,assign,0
15678,39715.0,close_www-data,14,assign,0
15679,39715.0,openat_www-data,13454,assign,0
15680,39715.0,openat_www-data,13455,assign,0
15681,39715.0,openat_www-data,13456,assign,0
15682,39715.0,openat_www-data,13457,assign,0
15683,39715.0,openat_www-data,13458,assign,0
15684,39719.0,close_www-data,14,assign,0
15685,39719.0,openat_www-data,13459,assign,0
15686,39719.0,openat_www-data,13460,assign,0
15687,39719.0,openat_www-data,13461,assign,0
15688,39719.0,openat_www-data,13462,assign,0
15689,39723.0,close_www-data,14,assign,0
15690,39723.0,openat_www-data,13463,assign,0
15691,39723.0,openat_www-data,13464,assign,0
15692,39723.0,openat_www-data,13465,assign,0
15693,39723.0,openat_www-data,13466,assign,0
15694,39723.0,openat_www-data,13467,assign,0
15695,39727.0,close_www-data,14,assign,0
15696,39727.0,openat_www-data,13468,assign,0
15697,39727.0,openat_www-data,13469,assign,0
15698,39727.0,openat_www-data,13470,assign,0
15699,39727.0,openat_www-data,13471,assign,0
15700,39731.0,close_www-data,14,assign,0
15701,39731.0,openat_www-data,13472,assign,0
15702,39731.0,openat_www-data,13473,assign,0
15703,39731.0,openat_www-data,13474,assign,0
15704,39731.0,openat_www-data,13475,assign,0
15705,39731.0,openat_www-data,13476,assign,0
15706,39735.0,close_www-data,14,assign,0
15707,39735.0,openat_www-data,13477,assign,0
15708,39735.0,openat_www-data,13478,assign,0
15709,39735.0,openat_www-data,13479,assign,0
15710,39735.0,openat_www-data,13480,assign,0
15711,39739.0,close_www-data,14,assign,0
15712,39739.0,openat_www-data,13481,assign,0
15713,39739.0,openat_www-data,13482,assign,0
15714,39739.0,openat_www-data,13483,assign,0
15715,39739.0,openat_www-data,13484,assign,0
15716,39743.0,close_www-data,14,assign,0
15717,39743.0,openat_www-data,13485,assign,0
15718,39743.0,openat_www-data,13486,assign,0
15719,39743.0,openat_www-data,13487,assign,0
15720,39743.0,openat_www-data,13488,assign,0
15721,39747.0,close_www-data,14,assign,0
15722,39747.0,openat_www-data,13489,assign,0
15723,39747.0,openat_www-data,13490,assign,0
15724,39747.0,openat_www-data,13491,assign,0
15725,39751.0,close_www-data,14,assign,0
15726,39751.0,openat_www-data,13492,assign,0
15727,39751.0,openat_www-data,13493,assign,0
15728,39751.0,openat_www-data,13494,assign,0
15729,39751.0,openat_www-data,13495,assign,0
15730,39755.0,openat_www-data,13496,assign,0
15731,39755.0,close_www-data,14,assign,0
15732,39755.0,openat_www-data,13497,assign,0
15733,39755.0,openat_www-data,13498,assign,0
15734,39755.0,openat_www-data,13499,assign,0
15735,39759.0,close_www-data,14,assign,0
15736,39759.0,openat_www-data,13500,assign,0
15737,39759.0,openat_www-data,13501,assign,0
15738,39759.0,openat_www-data,13502,assign,0
15739,39759.0,openat_www-data,13503,assign,0
15740,39759.0,openat_www-data,13504,assign,0
15741,39763.0,close_www-data,14,assign,0
15742,39763.0,openat_www-data,13505,assign,0
15743,39763.0,openat_www-data,13506,assign,0
15744,39763.0,openat_www-data,13507,assign,0
15745,39767.0,close_www-data,14,assign,0
15746,39767.0,openat_www-data,13508,assign,0
15747,39767.0,openat_www-data,13509,assign,0
15748,39767.0,openat_www-data,13510,assign,0
15749,39771.0,close_www-data,14,assign,0
15750,39771.0,openat_www-data,13511,assign,0
15751,39771.0,openat_www-data,13512,assign,0
15752,39771.0,openat_www-data,13513,assign,0
15753,39771.0,openat_www-data,13514,assign,0
15754,39771.0,openat_www-data,13515,assign,0
15755,39775.0,close_www-data,14,assign,0
15756,39775.0,openat_www-data,13516,assign,0
15757,39775.0,openat_www-data,13517,assign,0
15758,39775.0,openat_www-data,13518,assign,0
15759,39775.0,openat_www-data,13519,assign,0
15760,39779.0,close_www-data,14,assign,0
15761,39779.0,openat_www-data,13520,assign,0
15762,39779.0,openat_www-data,13521,assign,0
15763,39779.0,openat_www-data,13522,assign,0
15764,39779.0,openat_www-data,13523,assign,0
15765,39783.0,close_www-data,14,assign,0
15766,39783.0,openat_www-data,13524,assign,0
15767,39783.0,openat_www-data,13525,assign,0
15768,39783.0,openat_www-data,13526,assign,0
15769,39783.0,openat_www-data,13527,assign,0
15770,39787.0,openat_www-data,13528,assign,0
15771,39787.0,close_www-data,14,assign,0
15772,39787.0,openat_www-data,13529,assign,0
15773,39787.0,openat_www-data,13530,assign,0
15774,39787.0,openat_www-data,13531,assign,0
15775,39791.0,close_www-data,14,assign,0
15776,39791.0,openat_www-data,13532,assign,0
15777,39791.0,openat_www-data,13533,assign,0
15778,39791.0,openat_www-data,13534,assign,0
15779,39795.0,close_www-data,14,assign,0
15780,39795.0,openat_www-data,13535,assign,0
15781,39795.0,openat_www-data,13536,assign,0
15782,39795.0,openat_www-data,13537,assign,0
15783,39795.0,openat_www-data,13538,assign,0
15784,39799.0,openat_www-data,13539,assign,0
15785,39799.0,close_www-data,14,assign,0
15786,39799.0,openat_www-data,13540,assign,0
15787,39799.0,openat_www-data,13541,assign,0
15788,39799.0,openat_www-data,13542,assign,0
15789,39803.0,close_www-data,14,assign,0
15790,39803.0,openat_www-data,13543,assign,0
15791,39803.0,openat_www-data,13544,assign,0
15792,39803.0,openat_www-data,13545,assign,0
15793,39803.0,openat_www-data,13546,assign,0
15794,39807.0,close_www-data,14,assign,0
15795,39807.0,openat_www-data,13547,assign,0
15796,39807.0,openat_www-data,13548,assign,0
15797,39811.0,close_www-data,14,assign,0
15798,39811.0,openat_www-data,13549,assign,0
15799,39811.0,openat_www-data,13550,assign,0
15800,39811.0,openat_www-data,13551,assign,0
15801,39811.0,openat_www-data,13552,assign,0
15802,39811.0,openat_www-data,13553,assign,0
15803,39811.0,openat_www-data,13554,assign,0
15804,39811.0,openat_www-data,13555,assign,0
15805,39815.0,close_www-data,14,assign,0
15806,39815.0,openat_www-data,13556,assign,0
15807,39815.0,openat_www-data,13557,assign,0
15808,39815.0,openat_www-data,13558,assign,0
15809,39815.0,openat_www-data,13559,assign,0
15810,39819.0,close_www-data,14,assign,0
15811,39819.0,openat_www-data,13560,assign,0
15812,39819.0,openat_www-data,13561,assign,0
15813,39819.0,openat_www-data,13562,assign,0
15814,39819.0,openat_www-data,13563,assign,0
15815,39823.0,close_www-data,14,assign,0
15816,39823.0,openat_www-data,13564,assign,0
15817,39823.0,openat_www-data,13565,assign,0
15818,39823.0,openat_www-data,13566,assign,0
15819,39823.0,openat_www-data,13567,assign,0
15820,39827.0,close_www-data,14,assign,0
15821,39827.0,openat_www-data,13568,assign,0
15822,39827.0,openat_www-data,13569,assign,0
15823,39827.0,openat_www-data,13570,assign,0
15824,39827.0,openat_www-data,13571,assign,0
15825,39827.0,openat_www-data,13572,assign,0
15826,39831.0,close_www-data,14,assign,0
15827,39831.0,openat_www-data,13573,assign,0
15828,39831.0,openat_www-data,13574,assign,0
15829,39831.0,openat_www-data,13575,assign,0
15830,39831.0,openat_www-data,13576,assign,0
15831,39835.0,close_www-data,14,assign,0
15832,39835.0,openat_www-data,13577,assign,0
15833,39835.0,openat_www-data,13578,assign,0
15834,39835.0,openat_www-data,13579,assign,0
15835,39835.0,openat_www-data,13580,assign,0
15836,39839.0,openat_www-data,13581,assign,0
15837,39839.0,close_www-data,14,assign,0
15838,39839.0,openat_www-data,13582,assign,0
15839,39839.0,openat_www-data,13583,assign,0
15840,39839.0,openat_www-data,13584,assign,0
15841,39843.0,close_www-data,14,assign,0
15842,39843.0,openat_www-data,13585,assign,0
15843,39843.0,openat_www-data,13586,assign,0
15844,39843.0,openat_www-data,13587,assign,0
15845,39843.0,openat_www-data,13588,assign,0
15846,39843.0,openat_www-data,13589,assign,0
15847,39843.0,openat_www-data,13590,assign,0
15848,39847.0,close_www-data,14,assign,0
15849,39847.0,openat_www-data,13591,assign,0
15850,39847.0,openat_www-data,13592,assign,0
15851,39847.0,openat_www-data,13593,assign,0
15852,39847.0,openat_www-data,13594,assign,0
15853,39851.0,close_www-data,14,assign,0
15854,39851.0,openat_www-data,13595,assign,0
15855,39851.0,openat_www-data,13596,assign,0
15856,39851.0,openat_www-data,13597,assign,0
15857,39851.0,openat_www-data,13598,assign,0
15858,39851.0,openat_www-data,13599,assign,0
15859,39851.0,openat_www-data,13600,assign,0
15860,39855.0,close_www-data,14,assign,0
15861,39855.0,openat_www-data,13601,assign,0
15862,39855.0,openat_www-data,13602,assign,0
15863,39855.0,openat_www-data,13603,assign,0
15864,39855.0,openat_www-data,13604,assign,0
15865,39859.0,close_www-data,14,assign,0
15866,39859.0,openat_www-data,13605,assign,0
15867,39859.0,close_www-data,14,assign,0
15868,39859.0,openat_www-data,13606,assign,0
15869,39859.0,openat_www-data,13607,assign,0
15870,39859.0,openat_www-data,13608,assign,0
15871,39859.0,openat_www-data,13609,assign,0
15872,39859.0,openat_www-data,13610,assign,0
15873,39859.0,openat_www-data,13611,assign,0
15874,39859.0,openat_www-data,13612,assign,0
15875,39859.0,openat_www-data,13613,assign,0
15876,39863.0,close_www-data,14,assign,0
15877,39863.0,openat_www-data,13614,assign,0
15878,39863.0,openat_www-data,13615,assign,0
15879,39863.0,openat_www-data,13616,assign,0
15880,39863.0,openat_www-data,13617,assign,0
15881,39863.0,openat_www-data,13618,assign,0
15882,39867.0,close_www-data,14,assign,0
15883,39867.0,openat_www-data,13619,assign,0
15884,39867.0,openat_www-data,13620,assign,0
15885,39867.0,openat_www-data,13621,assign,0
15886,39867.0,openat_www-data,13622,assign,0
15887,39867.0,openat_www-data,13623,assign,0
15888,39867.0,openat_www-data,13624,assign,0
15889,39871.0,close_www-data,14,assign,0
15890,39871.0,openat_www-data,13625,assign,0
15891,39871.0,openat_www-data,13626,assign,0
15892,39871.0,openat_www-data,13627,assign,0
15893,39871.0,openat_www-data,13628,assign,0
15894,39871.0,openat_www-data,13629,assign,0
15895,39875.0,close_www-data,14,assign,0
15896,39875.0,openat_www-data,13630,assign,0
15897,39875.0,openat_www-data,13631,assign,0
15898,39875.0,openat_www-data,13632,assign,0
15899,39875.0,openat_www-data,13633,assign,0
15900,39875.0,openat_www-data,13634,assign,0
15901,39875.0,openat_www-data,13635,assign,0
15902,39875.0,openat_www-data,13636,assign,0
15903,39879.0,close_www-data,14,assign,0
15904,39879.0,openat_www-data,13637,assign,0
15905,39879.0,openat_www-data,13638,assign,0
15906,39879.0,openat_www-data,13639,assign,0
15907,39879.0,openat_www-data,13640,assign,0
15908,39879.0,openat_www-data,13641,assign,0
15909,39879.0,openat_www-data,13642,assign,0
15910,39883.0,close_www-data,14,assign,0
15911,39883.0,openat_www-data,13643,assign,0
15912,39883.0,openat_www-data,13644,assign,0
15913,39883.0,openat_www-data,13645,assign,0
15914,39883.0,openat_www-data,13646,assign,0
15915,39887.0,close_www-data,14,assign,0
15916,39887.0,openat_www-data,13647,assign,0
15917,39887.0,openat_www-data,13648,assign,0
15918,39887.0,openat_www-data,13649,assign,0
15919,39887.0,openat_www-data,13650,assign,0
15920,39887.0,openat_www-data,13651,assign,0
15921,39891.0,close_www-data,14,assign,0
15922,39891.0,openat_www-data,13652,assign,0
15923,39891.0,openat_www-data,13653,assign,0
15924,39891.0,openat_www-data,13654,assign,0
15925,39891.0,openat_www-data,13655,assign,0
15926,39891.0,openat_www-data,13656,assign,0
15927,39891.0,openat_www-data,13657,assign,0
15928,39891.0,openat_www-data,13658,assign,0
15929,39891.0,openat_www-data,13659,assign,0
15930,39895.0,close_www-data,14,assign,0
15931,39895.0,openat_www-data,13660,assign,0
15932,39895.0,openat_www-data,13661,assign,0
15933,39895.0,openat_www-data,13662,assign,0
15934,39895.0,openat_www-data,13663,assign,0
15935,39899.0,close_www-data,14,assign,0
15936,39899.0,openat_www-data,13664,assign,0
15937,39899.0,openat_www-data,13665,assign,0
15938,39899.0,openat_www-data,13666,assign,0
15939,39899.0,openat_www-data,13667,assign,0
15940,39899.0,openat_www-data,13668,assign,0
15941,39899.0,openat_www-data,13669,assign,0
15942,39903.0,close_www-data,14,assign,0
15943,39903.0,openat_www-data,13670,assign,0
15944,39903.0,openat_www-data,13671,assign,0
15945,39903.0,openat_www-data,13672,assign,0
15946,39903.0,openat_www-data,13673,assign,0
15947,39903.0,openat_www-data,13674,assign,0
15948,39903.0,openat_www-data,13675,assign,0
15949,39903.0,openat_www-data,13676,assign,0
15950,39907.0,close_www-data,14,assign,0
15951,39907.0,openat_www-data,13677,assign,0
15952,39907.0,openat_www-data,13678,assign,0
15953,39907.0,openat_www-data,13679,assign,0
15954,39907.0,openat_www-data,13680,assign,0
15955,39907.0,openat_www-data,13681,assign,0
15956,39907.0,openat_www-data,13682,assign,0
15957,39911.0,openat_www-data,13683,assign,0
15958,39911.0,close_www-data,14,assign,0
15959,39911.0,close_www-data,14,assign,0
15960,39911.0,openat_www-data,13684,assign,0
15961,39911.0,openat_www-data,13685,assign,0
15962,39911.0,openat_www-data,13686,assign,0
15963,39911.0,openat_www-data,13687,assign,0
15964,39915.0,close_www-data,14,assign,0
15965,39915.0,openat_www-data,13688,assign,0
15966,39915.0,openat_www-data,13689,assign,0
15967,39915.0,openat_www-data,13690,assign,0
15968,39915.0,openat_www-data,13691,assign,0
15969,39919.0,close_www-data,14,assign,0
15970,39919.0,openat_www-data,13692,assign,0
15971,39919.0,openat_www-data,13693,assign,0
15972,39919.0,openat_www-data,13694,assign,0
15973,39919.0,openat_www-data,13695,assign,0
15974,39919.0,openat_www-data,13696,assign,0
15975,39919.0,openat_www-data,13697,assign,0
15976,39919.0,openat_www-data,13698,assign,0
15977,39919.0,openat_www-data,13699,assign,0
15978,39923.0,close_www-data,14,assign,0
15979,39923.0,openat_www-data,13700,assign,0
15980,39923.0,openat_www-data,13701,assign,0
15981,39923.0,openat_www-data,13702,assign,0
15982,39923.0,openat_www-data,13703,assign,0
15983,39923.0,openat_www-data,13704,assign,0
15984,39927.0,close_www-data,14,assign,0
15985,39927.0,openat_www-data,13705,assign,0
15986,39927.0,openat_www-data,13706,assign,0
15987,39927.0,openat_www-data,13707,assign,0
15988,39927.0,openat_www-data,13708,assign,0
15989,39927.0,openat_www-data,13709,assign,0
15990,39927.0,openat_www-data,13710,assign,0
15991,39927.0,openat_www-data,13711,assign,0
15992,39931.0,close_www-data,14,assign,0
15993,39931.0,openat_www-data,13712,assign,0
15994,39931.0,openat_www-data,13713,assign,0
15995,39931.0,openat_www-data,13714,assign,0
15996,39935.0,close_www-data,14,assign,0
15997,39935.0,openat_www-data,13715,assign,0
15998,39935.0,openat_www-data,13716,assign,0
15999,39935.0,openat_www-data,13717,assign,0
16000,39935.0,openat_www-data,13718,assign,0
16001,39935.0,close_www-data,14,assign,0
16002,39935.0,openat_www-data,13719,assign,0
16003,39935.0,openat_www-data,13720,assign,0
16004,39935.0,openat_www-data,13721,assign,0
16005,39939.0,close_www-data,14,assign,0
16006,39939.0,openat_www-data,13722,assign,0
16007,39939.0,openat_www-data,13723,assign,0
16008,39939.0,openat_www-data,13724,assign,0
16009,39939.0,openat_www-data,13725,assign,0
16010,39939.0,openat_www-data,13726,assign,0
16011,39939.0,openat_www-data,13727,assign,0
16012,39939.0,openat_www-data,13728,assign,0
16013,39943.0,close_www-data,14,assign,0
16014,39943.0,openat_www-data,13729,assign,0
16015,39943.0,openat_www-data,13730,assign,0
16016,39943.0,openat_www-data,13731,assign,0
16017,39943.0,openat_www-data,13732,assign,0
16018,39943.0,openat_www-data,13733,assign,0
16019,39943.0,openat_www-data,13734,assign,0
16020,39947.0,close_www-data,14,assign,0
16021,39947.0,openat_www-data,13735,assign,0
16022,39947.0,openat_www-data,13736,assign,0
16023,39947.0,openat_www-data,13737,assign,0
16024,39947.0,openat_www-data,13738,assign,0
16025,39947.0,openat_www-data,13739,assign,0
16026,39951.0,openat_www-data,13740,assign,0
16027,39951.0,close_www-data,14,assign,0
16028,39951.0,openat_www-data,13741,assign,0
16029,39951.0,openat_www-data,13742,assign,0
16030,39951.0,openat_www-data,13743,assign,0
16031,39951.0,openat_www-data,13744,assign,0
16032,39951.0,openat_www-data,13745,assign,0
16033,39951.0,openat_www-data,13746,assign,0
16034,39955.0,close_www-data,14,assign,0
16035,39955.0,openat_www-data,13747,assign,0
16036,39955.0,openat_www-data,13748,assign,0
16037,39955.0,openat_www-data,13749,assign,0
16038,39955.0,openat_www-data,13750,assign,0
16039,39959.0,close_www-data,14,assign,0
16040,39959.0,openat_www-data,13751,assign,0
16041,39959.0,openat_www-data,13752,assign,0
16042,39959.0,openat_www-data,13753,assign,0
16043,39959.0,openat_www-data,13754,assign,0
16044,39963.0,close_www-data,14,assign,0
16045,39963.0,openat_www-data,13755,assign,0
16046,39963.0,openat_www-data,13756,assign,0
16047,39963.0,openat_www-data,13757,assign,0
16048,39963.0,openat_www-data,13758,assign,0
16049,39963.0,openat_www-data,13759,assign,0
16050,39963.0,openat_www-data,13760,assign,0
16051,39963.0,openat_www-data,13761,assign,0
16052,39963.0,openat_www-data,13762,assign,0
16053,39967.0,close_www-data,14,assign,0
16054,39967.0,openat_www-data,13763,assign,0
16055,39967.0,openat_www-data,13764,assign,0
16056,39967.0,openat_www-data,13765,assign,0
16057,39967.0,openat_www-data,13766,assign,0
16058,39967.0,openat_www-data,13767,assign,0
16059,39967.0,openat_www-data,13768,assign,0
16060,39971.0,openat_www-data,13769,assign,0
16061,39971.0,close_www-data,14,assign,0
16062,39971.0,openat_www-data,13770,assign,0
16063,39971.0,openat_www-data,13771,assign,0
16064,39971.0,openat_www-data,13772,assign,0
16065,39971.0,openat_www-data,13773,assign,0
16066,40075.0,close_www-data,14,assign,0
16067,40075.0,openat_www-data,13774,assign,0
16068,40075.0,openat_www-data,13775,assign,0
16069,40075.0,openat_www-data,13776,assign,0
16070,40075.0,openat_www-data,13777,assign,0
16071,40115.0,close_www-data,14,assign,0
16072,40115.0,openat_www-data,13778,assign,0
16073,40115.0,openat_www-data,13779,assign,0
16074,40115.0,openat_www-data,13780,assign,0
16075,40115.0,openat_www-data,13781,assign,0
16076,40115.0,openat_www-data,13782,assign,0
16077,40115.0,openat_www-data,13783,assign,0
16078,40115.0,openat_www-data,13784,assign,0
16079,40115.0,openat_www-data,13785,assign,0
16080,40115.0,openat_www-data,13786,assign,0
16081,40115.0,openat_www-data,13787,assign,0
16082,40115.0,openat_www-data,13788,assign,0
16083,40115.0,openat_www-data,13789,assign,0
16084,40115.0,openat_www-data,13790,assign,0
16085,40115.0,openat_www-data,13791,assign,0
16086,40115.0,openat_www-data,13792,assign,0
16087,40119.0,openat_www-data,13793,assign,0
16088,40119.0,close_www-data,14,assign,0
16089,40119.0,openat_www-data,13794,assign,0
16090,40119.0,openat_www-data,13795,assign,0
16091,40119.0,openat_www-data,13796,assign,0
16092,40119.0,openat_www-data,13797,assign,0
16093,40119.0,openat_www-data,13798,assign,0
16094,40119.0,openat_www-data,13799,assign,0
16095,40123.0,close_www-data,14,assign,0
16096,40127.0,openat_www-data,13800,assign,0
16097,40127.0,close_www-data,14,assign,0
16098,40127.0,openat_www-data,13801,assign,0
16099,40127.0,openat_www-data,13802,assign,0
16100,40127.0,openat_www-data,13803,assign,0
16101,40127.0,openat_www-data,13804,assign,0
16102,40127.0,openat_www-data,13805,assign,0
16103,40127.0,openat_www-data,13806,assign,0
16104,40127.0,openat_www-data,13807,assign,0
16105,40127.0,openat_www-data,13808,assign,0
16106,40131.0,close_www-data,14,assign,0
16107,40131.0,openat_www-data,13809,assign,0
16108,40131.0,openat_www-data,13810,assign,0
16109,40131.0,openat_www-data,13811,assign,0
16110,40131.0,openat_www-data,13812,assign,0
16111,40131.0,openat_www-data,13813,assign,0
16112,40131.0,openat_www-data,13814,assign,0
16113,40131.0,openat_www-data,13815,assign,0
16114,40135.0,close_www-data,14,assign,0
16115,40135.0,openat_www-data,13816,assign,0
16116,40135.0,openat_www-data,13817,assign,0
16117,40139.0,openat_www-data,13818,assign,0
16118,40139.0,close_www-data,14,assign,0
16119,40139.0,openat_www-data,13819,assign,0
16120,40139.0,openat_www-data,13820,assign,0
16121,40139.0,openat_www-data,13821,assign,0
16122,40139.0,openat_www-data,13822,assign,0
16123,40143.0,close_www-data,14,assign,0
16124,40143.0,openat_www-data,13823,assign,0
16125,40143.0,openat_www-data,13824,assign,0
16126,40143.0,openat_www-data,13825,assign,0
16127,40143.0,openat_www-data,13826,assign,0
16128,40143.0,openat_www-data,13827,assign,0
16129,40143.0,openat_www-data,13828,assign,0
16130,40143.0,openat_www-data,13829,assign,0
16131,40143.0,openat_www-data,13830,assign,0
16132,40143.0,openat_www-data,13831,assign,0
16133,40147.0,close_www-data,14,assign,0
16134,40147.0,openat_www-data,13832,assign,0
16135,40147.0,openat_www-data,13833,assign,0
16136,40147.0,openat_www-data,13834,assign,0
16137,40151.0,close_www-data,14,assign,0
16138,40151.0,openat_www-data,13835,assign,0
16139,40151.0,openat_www-data,13836,assign,0
16140,40151.0,openat_www-data,13837,assign,0
16141,40151.0,openat_www-data,13838,assign,0
16142,40151.0,openat_www-data,13839,assign,0
16143,40151.0,openat_www-data,13840,assign,0
16144,40151.0,openat_www-data,13841,assign,0
16145,40155.0,close_www-data,14,assign,0
16146,40155.0,openat_www-data,13842,assign,0
16147,40155.0,openat_www-data,13843,assign,0
16148,40155.0,openat_www-data,13844,assign,0
16149,40159.0,openat_www-data,13845,assign,0
16150,40159.0,close_www-data,14,assign,0
16151,40159.0,openat_www-data,13846,assign,0
16152,40159.0,openat_www-data,13847,assign,0
16153,40159.0,openat_www-data,13848,assign,0
16154,40159.0,openat_www-data,13849,assign,0
16155,40159.0,openat_www-data,13850,assign,0
16156,40159.0,openat_www-data,13851,assign,0
16157,40159.0,openat_www-data,13852,assign,0
16158,40163.0,openat_www-data,13853,assign,0
16159,40163.0,close_www-data,14,assign,0
16160,40163.0,openat_www-data,13854,assign,0
16161,40163.0,openat_www-data,13855,assign,0
16162,40163.0,openat_www-data,13856,assign,0
16163,40163.0,openat_www-data,13857,assign,0
16164,40163.0,openat_www-data,13858,assign,0
16165,40163.0,openat_www-data,13859,assign,0
16166,40167.0,close_www-data,14,assign,0
16167,40167.0,openat_www-data,13860,assign,0
16168,40167.0,openat_www-data,13861,assign,0
16169,40167.0,openat_www-data,13862,assign,0
16170,40167.0,openat_www-data,13863,assign,0
16171,40171.0,close_www-data,14,assign,0
16172,40171.0,openat_www-data,13864,assign,0
16173,40171.0,openat_www-data,13865,assign,0
16174,40171.0,openat_www-data,13866,assign,0
16175,40171.0,openat_www-data,13867,assign,0
16176,40171.0,openat_www-data,13868,assign,0
16177,40175.0,close_www-data,14,assign,0
16178,40179.0,close_www-data,14,assign,0
16179,40179.0,openat_www-data,13869,assign,0
16180,40179.0,openat_www-data,13870,assign,0
16181,40179.0,openat_www-data,13871,assign,0
16182,40179.0,openat_www-data,13872,assign,0
16183,40179.0,openat_www-data,13873,assign,0
16184,40179.0,openat_www-data,13874,assign,0
16185,40179.0,openat_www-data,13875,assign,0
16186,40179.0,openat_www-data,13876,assign,0
16187,40179.0,openat_www-data,13877,assign,0
16188,40179.0,openat_www-data,13878,assign,0
16189,40179.0,openat_www-data,13879,assign,0
16190,40179.0,openat_www-data,13880,assign,0
16191,40183.0,close_www-data,14,assign,0
16192,40183.0,openat_www-data,13881,assign,0
16193,40183.0,openat_www-data,13882,assign,0
16194,40183.0,openat_www-data,13883,assign,0
16195,40183.0,openat_www-data,13884,assign,0
16196,40183.0,openat_www-data,13885,assign,0
16197,40187.0,openat_www-data,13886,assign,0
16198,40187.0,close_www-data,14,assign,0
16199,40187.0,openat_www-data,13887,assign,0
16200,40187.0,openat_www-data,13888,assign,0
16201,40187.0,openat_www-data,13889,assign,0
16202,40187.0,openat_www-data,13890,assign,0
16203,40187.0,openat_www-data,13891,assign,0
16204,40187.0,openat_www-data,13892,assign,0
16205,40191.0,close_www-data,14,assign,0
16206,40191.0,openat_www-data,13893,assign,0
16207,40191.0,openat_www-data,13894,assign,0
16208,40191.0,openat_www-data,13895,assign,0
16209,40191.0,openat_www-data,13896,assign,0
16210,40191.0,openat_www-data,13897,assign,0
16211,40191.0,openat_www-data,13898,assign,0
16212,40195.0,close_www-data,14,assign,0
16213,40195.0,openat_www-data,13899,assign,0
16214,40195.0,openat_www-data,13900,assign,0
16215,40195.0,openat_www-data,13901,assign,0
16216,40195.0,openat_www-data,13902,assign,0
16217,40199.0,close_www-data,14,assign,0
16218,40199.0,openat_www-data,13903,assign,0
16219,40199.0,openat_www-data,13904,assign,0
16220,40199.0,openat_www-data,13905,assign,0
16221,40203.0,close_www-data,14,assign,0
16222,40203.0,openat_www-data,13906,assign,0
16223,40203.0,openat_www-data,13907,assign,0
16224,40203.0,openat_www-data,13908,assign,0
16225,40203.0,openat_www-data,13909,assign,0
16226,40203.0,openat_www-data,13910,assign,0
16227,40207.0,close_www-data,14,assign,0
16228,40207.0,openat_www-data,13911,assign,0
16229,40207.0,openat_www-data,13912,assign,0
16230,40207.0,openat_www-data,13913,assign,0
16231,40207.0,openat_www-data,13914,assign,0
16232,40211.0,close_www-data,14,assign,0
16233,40211.0,openat_www-data,13915,assign,0
16234,40211.0,openat_www-data,13916,assign,0
16235,40211.0,openat_www-data,13917,assign,0
16236,40211.0,openat_www-data,13918,assign,0
16237,40215.0,close_www-data,14,assign,0
16238,40215.0,openat_www-data,13919,assign,0
16239,40215.0,openat_www-data,13920,assign,0
16240,40215.0,openat_www-data,13921,assign,0
16241,40215.0,openat_www-data,13922,assign,0
16242,40215.0,openat_www-data,13923,assign,0
16243,40219.0,close_www-data,14,assign,0
16244,40219.0,openat_www-data,13924,assign,0
16245,40219.0,openat_www-data,13925,assign,0
16246,40219.0,openat_www-data,13926,assign,0
16247,40219.0,openat_www-data,13927,assign,0
16248,40223.0,close_www-data,14,assign,0
16249,40223.0,openat_www-data,13928,assign,0
16250,40223.0,openat_www-data,13929,assign,0
16251,40223.0,openat_www-data,13930,assign,0
16252,40223.0,openat_www-data,13931,assign,0
16253,40227.0,close_www-data,14,assign,0
16254,40227.0,openat_www-data,13932,assign,0
16255,40227.0,openat_www-data,13933,assign,0
16256,40227.0,openat_www-data,13934,assign,0
16257,40227.0,openat_www-data,13935,assign,0
16258,40231.0,close_www-data,14,assign,0
16259,40231.0,openat_www-data,13936,assign,0
16260,40231.0,openat_www-data,13937,assign,0
16261,40231.0,openat_www-data,13938,assign,0
16262,40231.0,openat_www-data,13939,assign,0
16263,40235.0,openat_www-data,13940,assign,0
16264,40235.0,close_www-data,14,assign,0
16265,40235.0,openat_www-data,13941,assign,0
16266,40235.0,openat_www-data,13942,assign,0
16267,40235.0,openat_www-data,13943,assign,0
16268,40239.0,close_www-data,14,assign,0
16269,40239.0,openat_www-data,13944,assign,0
16270,40239.0,openat_www-data,13945,assign,0
16271,40239.0,openat_www-data,13946,assign,0
16272,40239.0,openat_www-data,13947,assign,0
16273,40243.0,openat_www-data,13948,assign,0
16274,40243.0,close_www-data,14,assign,0
16275,40243.0,openat_www-data,13949,assign,0
16276,40243.0,openat_www-data,13950,assign,0
16277,40243.0,openat_www-data,13951,assign,0
16278,40243.0,openat_www-data,13952,assign,0
16279,40247.0,close_www-data,14,assign,0
16280,40247.0,openat_www-data,13953,assign,0
16281,40247.0,openat_www-data,13954,assign,0
16282,40247.0,openat_www-data,13955,assign,0
16283,40247.0,openat_www-data,13956,assign,0
16284,40251.0,close_www-data,14,assign,0
16285,40251.0,openat_www-data,13957,assign,0
16286,40251.0,openat_www-data,13958,assign,0
16287,40251.0,openat_www-data,13959,assign,0
16288,40251.0,openat_www-data,13960,assign,0
16289,40255.0,close_www-data,14,assign,0
16290,40255.0,openat_www-data,13961,assign,0
16291,40255.0,openat_www-data,13962,assign,0
16292,40255.0,openat_www-data,13963,assign,0
16293,40255.0,openat_www-data,13964,assign,0
16294,40259.0,close_www-data,14,assign,0
16295,40259.0,openat_www-data,13965,assign,0
16296,40259.0,openat_www-data,13966,assign,0
16297,40259.0,openat_www-data,13967,assign,0
16298,40259.0,openat_www-data,13968,assign,0
16299,40263.0,openat_www-data,13969,assign,0
16300,40263.0,close_www-data,14,assign,0
16301,40263.0,openat_www-data,13970,assign,0
16302,40263.0,openat_www-data,13971,assign,0
16303,40263.0,openat_www-data,13972,assign,0
16304,40267.0,openat_www-data,13973,assign,0
16305,40267.0,close_www-data,17,assign,0
16306,40267.0,openat_www-data,13974,assign,0
16307,40267.0,openat_www-data,13975,assign,0
16308,40267.0,openat_www-data,13976,assign,0
16309,40271.0,close_www-data,3,assign,0
16310,40271.0,openat_www-data,13977,assign,0
16311,40271.0,openat_www-data,13978,assign,0
16312,40271.0,openat_www-data,13979,assign,0
16313,40271.0,openat_www-data,13980,assign,0
16314,40271.0,openat_www-data,13981,assign,0
16315,40275.0,close_www-data,3,assign,0
16316,40275.0,openat_www-data,13982,assign,0
16317,40275.0,openat_www-data,13983,assign,0
16318,40275.0,openat_www-data,13984,assign,0
16319,40279.0,close_www-data,3,assign,0
16320,40279.0,openat_www-data,13985,assign,0
16321,40279.0,openat_www-data,13986,assign,0
16322,40279.0,openat_www-data,13987,assign,0
16323,40279.0,openat_www-data,13988,assign,0
16324,40283.0,close_www-data,3,assign,0
16325,40283.0,openat_www-data,13989,assign,0
16326,40283.0,openat_www-data,13990,assign,0
16327,40283.0,openat_www-data,13991,assign,0
16328,40283.0,openat_www-data,13992,assign,0
16329,40287.0,close_www-data,3,assign,0
16330,40287.0,openat_www-data,13993,assign,0
16331,40287.0,openat_www-data,13994,assign,0
16332,40291.0,openat_www-data,13995,assign,0
16333,40291.0,close_www-data,3,assign,0
16334,40291.0,openat_www-data,13996,assign,0
16335,40291.0,openat_www-data,13997,assign,0
16336,40291.0,openat_www-data,13998,assign,0
16337,40291.0,openat_www-data,13999,assign,0
16338,40291.0,openat_www-data,14000,assign,0
16339,40295.0,close_www-data,3,assign,0
16340,40295.0,openat_www-data,14001,assign,0
16341,40295.0,openat_www-data,14002,assign,0
16342,40295.0,openat_www-data,14003,assign,0
16343,40295.0,openat_www-data,14004,assign,0
16344,40299.0,close_www-data,14,assign,0
16345,40299.0,openat_www-data,14005,assign,0
16346,40299.0,openat_www-data,14006,assign,0
16347,40299.0,openat_www-data,14007,assign,0
16348,40299.0,openat_www-data,14008,assign,0
16349,40303.0,close_www-data,1,assign,0
16350,40303.0,openat_www-data,14009,assign,0
16351,40303.0,openat_www-data,14010,assign,0
16352,40303.0,openat_www-data,14011,assign,0
16353,40303.0,openat_www-data,14012,assign,0
16354,40307.0,close_www-data,1,assign,0
16355,40307.0,openat_www-data,14013,assign,0
16356,40307.0,openat_www-data,14014,assign,0
16357,40307.0,openat_www-data,14015,assign,0
16358,40311.0,close_www-data,1,assign,0
16359,40311.0,openat_www-data,14016,assign,0
16360,40311.0,openat_www-data,14017,assign,0
16361,40311.0,openat_www-data,14018,assign,0
16362,40311.0,openat_www-data,14019,assign,0
16363,40311.0,openat_www-data,14020,assign,0
16364,40315.0,close_www-data,1,assign,0
16365,40315.0,openat_www-data,14021,assign,0
16366,40315.0,openat_www-data,14022,assign,0
16367,40315.0,openat_www-data,14023,assign,0
16368,40315.0,openat_www-data,14024,assign,0
16369,40319.0,close_www-data,1,assign,0
16370,40319.0,openat_www-data,14025,assign,0
16371,40319.0,openat_www-data,14026,assign,0
16372,40319.0,openat_www-data,14027,assign,0
16373,40319.0,openat_www-data,14028,assign,0
16374,40323.0,close_www-data,1,assign,0
16375,40323.0,openat_www-data,14029,assign,0
16376,40323.0,openat_www-data,14030,assign,0
16377,40323.0,openat_www-data,14031,assign,0
16378,40323.0,openat_www-data,14032,assign,0
16379,40327.0,openat_www-data,14033,assign,0
16380,40327.0,close_www-data,1,assign,0
16381,40327.0,openat_www-data,14034,assign,0
16382,40327.0,openat_www-data,14035,assign,0
16383,40327.0,openat_www-data,14036,assign,0
16384,40331.0,close_www-data,1,assign,0
16385,40331.0,openat_www-data,14037,assign,0
16386,40331.0,openat_www-data,14038,assign,0
16387,40331.0,openat_www-data,14039,assign,0
16388,40331.0,openat_www-data,14040,assign,0
16389,40331.0,openat_www-data,14041,assign,0
16390,40335.0,close_www-data,1,assign,0
16391,40335.0,openat_www-data,14042,assign,0
16392,40335.0,openat_www-data,14043,assign,0
16393,40335.0,openat_www-data,14044,assign,0
16394,40335.0,openat_www-data,14045,assign,0
16395,40339.0,close_www-data,1,assign,0
16396,40339.0,openat_www-data,14046,assign,0
16397,40339.0,openat_www-data,14047,assign,0
16398,40339.0,openat_www-data,14048,assign,0
16399,40339.0,openat_www-data,14049,assign,0
16400,40343.0,close_www-data,1,assign,0
16401,40343.0,openat_www-data,14050,assign,0
16402,40343.0,openat_www-data,14051,assign,0
16403,40343.0,openat_www-data,14052,assign,0
16404,40347.0,openat_www-data,14053,assign,0
16405,40347.0,close_www-data,1,assign,0
16406,40347.0,openat_www-data,14054,assign,0
16407,40347.0,openat_www-data,14055,assign,0
16408,40347.0,openat_www-data,14056,assign,0
16409,40347.0,openat_www-data,14057,assign,0
16410,40351.0,close_www-data,1,assign,0
16411,40351.0,openat_www-data,14058,assign,0
16412,40351.0,openat_www-data,14059,assign,0
16413,40351.0,openat_www-data,14060,assign,0
16414,40351.0,openat_www-data,14061,assign,0
16415,40355.0,close_www-data,1,assign,0
16416,40355.0,openat_www-data,14062,assign,0
16417,40355.0,openat_www-data,14063,assign,0
16418,40355.0,openat_www-data,14064,assign,0
16419,40355.0,openat_www-data,14065,assign,0
16420,40359.0,close_www-data,1,assign,0
16421,40359.0,openat_www-data,14066,assign,0
16422,40359.0,openat_www-data,14067,assign,0
16423,40359.0,openat_www-data,14068,assign,0
16424,40359.0,openat_www-data,14069,assign,0
16425,40363.0,close_www-data,1,assign,0
16426,40363.0,openat_www-data,14070,assign,0
16427,40363.0,openat_www-data,14071,assign,0
16428,40363.0,openat_www-data,14072,assign,0
16429,40367.0,openat_www-data,14073,assign,0
16430,40367.0,close_www-data,1,assign,0
16431,40367.0,openat_www-data,14074,assign,0
16432,40367.0,openat_www-data,14075,assign,0
16433,40367.0,openat_www-data,14076,assign,0
16434,40367.0,openat_www-data,14077,assign,0
16435,40371.0,close_www-data,1,assign,0
16436,40371.0,openat_www-data,14078,assign,0
16437,40371.0,openat_www-data,14079,assign,0
16438,40371.0,openat_www-data,14080,assign,0
16439,40375.0,close_www-data,1,assign,0
16440,40375.0,openat_www-data,14081,assign,0
16441,40375.0,openat_www-data,14082,assign,0
16442,40375.0,openat_www-data,14083,assign,0
16443,40375.0,openat_www-data,14084,assign,0
16444,40379.0,close_www-data,1,assign,0
16445,40379.0,openat_www-data,14085,assign,0
16446,40379.0,openat_www-data,14086,assign,0
16447,40379.0,openat_www-data,14087,assign,0
16448,40379.0,openat_www-data,14088,assign,0
16449,40383.0,close_www-data,1,assign,0
16450,40383.0,openat_www-data,14089,assign,0
16451,40383.0,openat_www-data,14090,assign,0
16452,40383.0,openat_www-data,14091,assign,0
16453,40383.0,openat_www-data,14092,assign,0
16454,40383.0,openat_www-data,14093,assign,0
16455,40387.0,close_www-data,1,assign,0
16456,40387.0,openat_www-data,14094,assign,0
16457,40387.0,openat_www-data,14095,assign,0
16458,40387.0,openat_www-data,14096,assign,0
16459,40387.0,openat_www-data,14097,assign,0
16460,40391.0,close_www-data,1,assign,0
16461,40391.0,openat_www-data,14098,assign,0
16462,40391.0,openat_www-data,14099,assign,0
16463,40391.0,openat_www-data,14100,assign,0
16464,40391.0,openat_www-data,14101,assign,0
16465,40395.0,close_www-data,1,assign,0
16466,40395.0,openat_www-data,14102,assign,0
16467,40395.0,openat_www-data,14103,assign,0
16468,40395.0,openat_www-data,14104,assign,0
16469,40395.0,openat_www-data,14105,assign,0
16470,40399.0,close_www-data,1,assign,0
16471,40399.0,openat_www-data,14106,assign,0
16472,40399.0,openat_www-data,14107,assign,0
16473,40399.0,openat_www-data,14108,assign,0
16474,40399.0,openat_www-data,14109,assign,0
16475,40403.0,close_www-data,1,assign,0
16476,40403.0,openat_www-data,14110,assign,0
16477,40403.0,openat_www-data,14111,assign,0
16478,40403.0,openat_www-data,14112,assign,0
16479,40403.0,openat_www-data,14113,assign,0
16480,40407.0,close_www-data,1,assign,0
16481,40407.0,openat_www-data,14114,assign,0
16482,40407.0,openat_www-data,14115,assign,0
16483,40407.0,openat_www-data,14116,assign,0
16484,40407.0,openat_www-data,14117,assign,0
16485,40411.0,close_www-data,1,assign,0
16486,40411.0,openat_www-data,14118,assign,0
16487,40411.0,openat_www-data,14119,assign,0
16488,40411.0,openat_www-data,14120,assign,0
16489,40415.0,close_www-data,1,assign,0
16490,40415.0,openat_www-data,14121,assign,0
16491,40415.0,openat_www-data,14122,assign,0
16492,40415.0,openat_www-data,14123,assign,0
16493,40415.0,openat_www-data,14124,assign,0
16494,40415.0,openat_www-data,14125,assign,0
16495,40419.0,close_www-data,1,assign,0
16496,40419.0,openat_www-data,14126,assign,0
16497,40419.0,openat_www-data,14127,assign,0
16498,40419.0,openat_www-data,14128,assign,0
16499,40423.0,openat_www-data,14129,assign,0
16500,40423.0,close_www-data,1,assign,0
16501,40423.0,openat_www-data,14130,assign,0
16502,40423.0,openat_www-data,14131,assign,0
16503,40423.0,openat_www-data,14132,assign,0
16504,40423.0,openat_www-data,14133,assign,0
16505,40427.0,close_www-data,1,assign,0
16506,40427.0,openat_www-data,14134,assign,0
16507,40427.0,openat_www-data,14135,assign,0
16508,40427.0,openat_www-data,14136,assign,0
16509,40427.0,openat_www-data,14137,assign,0
16510,40431.0,openat_www-data,14138,assign,0
16511,40431.0,close_www-data,1,assign,0
16512,40431.0,openat_www-data,14139,assign,0
16513,40431.0,openat_www-data,14140,assign,0
16514,40435.0,close_www-data,1,assign,0
16515,40435.0,openat_www-data,14141,assign,0
16516,40435.0,openat_www-data,14142,assign,0
16517,40435.0,openat_www-data,14143,assign,0
16518,40435.0,openat_www-data,14144,assign,0
16519,40439.0,close_www-data,1,assign,0
16520,40439.0,openat_www-data,14145,assign,0
16521,40439.0,openat_www-data,14146,assign,0
16522,40439.0,openat_www-data,14147,assign,0
16523,40439.0,openat_www-data,14148,assign,0
16524,40439.0,openat_www-data,14149,assign,0
16525,40443.0,close_www-data,1,assign,0
16526,40443.0,openat_www-data,14150,assign,0
16527,40443.0,openat_www-data,14151,assign,0
16528,40443.0,openat_www-data,14152,assign,0
16529,40443.0,openat_www-data,14153,assign,0
16530,40447.0,close_www-data,1,assign,0
16531,40447.0,openat_www-data,14154,assign,0
16532,40447.0,openat_www-data,14155,assign,0
16533,40447.0,openat_www-data,14156,assign,0
16534,40447.0,openat_www-data,14157,assign,0
16535,40451.0,close_www-data,1,assign,0
16536,40451.0,openat_www-data,14158,assign,0
16537,40451.0,openat_www-data,14159,assign,0
16538,40451.0,openat_www-data,14160,assign,0
16539,40451.0,openat_www-data,14161,assign,0
16540,40455.0,close_www-data,1,assign,0
16541,40455.0,openat_www-data,14162,assign,0
16542,40455.0,openat_www-data,14163,assign,0
16543,40455.0,openat_www-data,14164,assign,0
16544,40455.0,openat_www-data,14165,assign,0
16545,40459.0,close_www-data,1,assign,0
16546,40459.0,openat_www-data,14166,assign,0
16547,40459.0,openat_www-data,14167,assign,0
16548,40459.0,openat_www-data,14168,assign,0
16549,40459.0,openat_www-data,14169,assign,0
16550,40463.0,close_www-data,1,assign,0
16551,40463.0,openat_www-data,14170,assign,0
16552,40463.0,openat_www-data,14171,assign,0
16553,40463.0,openat_www-data,14172,assign,0
16554,40463.0,openat_www-data,14173,assign,0
16555,40463.0,openat_www-data,14174,assign,0
16556,40471.0,close_www-data,1,assign,0
16557,40471.0,openat_www-data,14175,assign,0
16558,40471.0,openat_www-data,14176,assign,0
16559,40471.0,openat_www-data,14177,assign,0
16560,40471.0,openat_www-data,14178,assign,0
16561,40471.0,openat_www-data,14179,assign,0
16562,40471.0,openat_www-data,14180,assign,0
16563,40471.0,openat_www-data,14181,assign,0
16564,40475.0,close_www-data,1,assign,0
16565,40475.0,openat_www-data,14182,assign,0
16566,40475.0,openat_www-data,14183,assign,0
16567,40475.0,openat_www-data,14184,assign,0
16568,40475.0,openat_www-data,14185,assign,0
16569,40479.0,close_www-data,1,assign,0
16570,40479.0,openat_www-data,14186,assign,0
16571,40479.0,openat_www-data,14187,assign,0
16572,40479.0,openat_www-data,14188,assign,0
16573,40479.0,openat_www-data,14189,assign,0
16574,40483.0,close_www-data,1,assign,0
16575,40483.0,openat_www-data,14190,assign,0
16576,40483.0,openat_www-data,14191,assign,0
16577,40483.0,openat_www-data,14192,assign,0
16578,40483.0,openat_www-data,14193,assign,0
16579,40483.0,openat_www-data,14194,assign,0
16580,40487.0,close_www-data,1,assign,0
16581,40487.0,openat_www-data,14195,assign,0
16582,40487.0,openat_www-data,14196,assign,0
16583,40487.0,openat_www-data,14197,assign,0
16584,40491.0,openat_www-data,14198,assign,0
16585,40491.0,close_www-data,1,assign,0
16586,40491.0,openat_www-data,14199,assign,0
16587,40491.0,openat_www-data,14200,assign,0
16588,40491.0,openat_www-data,14201,assign,0
16589,40491.0,openat_www-data,14202,assign,0
16590,40495.0,close_www-data,1,assign,0
16591,40495.0,openat_www-data,14203,assign,0
16592,40495.0,openat_www-data,14204,assign,0
16593,40495.0,openat_www-data,14205,assign,0
16594,40495.0,openat_www-data,14206,assign,0
16595,40499.0,close_www-data,1,assign,0
16596,40499.0,openat_www-data,14207,assign,0
16597,40499.0,openat_www-data,14208,assign,0
16598,40499.0,openat_www-data,14209,assign,0
16599,40503.0,close_www-data,1,assign,0
16600,40503.0,openat_www-data,14210,assign,0
16601,40503.0,openat_www-data,14211,assign,0
16602,40503.0,openat_www-data,14212,assign,0
16603,40503.0,openat_www-data,14213,assign,0
16604,40503.0,openat_www-data,14214,assign,0
16605,40503.0,openat_www-data,14215,assign,0
16606,40503.0,openat_www-data,14216,assign,0
16607,40503.0,openat_www-data,14217,assign,0
16608,40503.0,openat_www-data,14218,assign,0
16609,40507.0,openat_www-data,14219,assign,0
16610,40507.0,close_www-data,1,assign,0
16611,40507.0,openat_www-data,14220,assign,0
16612,40507.0,openat_www-data,14221,assign,0
16613,40507.0,close_www-data,1,assign,0
16614,40507.0,close_www-data,1,assign,0
16615,40507.0,openat_www-data,14222,assign,0
16616,40507.0,close_www-data,1,assign,0
16617,40507.0,openat_www-data,14223,assign,0
16618,40511.0,close_www-data,1,assign,0
16619,40511.0,openat_www-data,14224,assign,0
16620,40511.0,close_www-data,1,assign,0
16621,40511.0,openat_www-data,14225,assign,0
16622,40511.0,close_www-data,1,assign,0
16623,40511.0,openat_www-data,14226,assign,0
16624,40511.0,openat_www-data,14227,assign,0
16625,40511.0,openat_www-data,14228,assign,0
16626,40511.0,openat_www-data,14229,assign,0
16627,40515.0,close_www-data,1,assign,0
16628,40515.0,openat_www-data,14230,assign,0
16629,40515.0,openat_www-data,14231,assign,0
16630,40515.0,openat_www-data,14232,assign,0
16631,40515.0,openat_www-data,14233,assign,0
16632,40515.0,openat_www-data,14234,assign,0
16633,40515.0,openat_www-data,14235,assign,0
16634,40519.0,close_www-data,1,assign,0
16635,40519.0,openat_www-data,14236,assign,0
16636,40519.0,openat_www-data,14237,assign,0
16637,40519.0,openat_www-data,14238,assign,0
16638,40519.0,openat_www-data,14239,assign,0
16639,40519.0,openat_www-data,14240,assign,0
16640,40519.0,openat_www-data,14241,assign,0
16641,40519.0,openat_www-data,14242,assign,0
16642,40523.0,close_www-data,1,assign,0
16643,40523.0,openat_www-data,14243,assign,0
16644,40523.0,openat_www-data,14244,assign,0
16645,40523.0,openat_www-data,14245,assign,0
16646,40527.0,close_www-data,1,assign,0
16647,40527.0,openat_www-data,14246,assign,0
16648,40527.0,openat_www-data,14247,assign,0
16649,40527.0,openat_www-data,14248,assign,0
16650,40527.0,openat_www-data,14249,assign,0
16651,40527.0,openat_www-data,14250,assign,0
16652,40527.0,openat_www-data,14251,assign,0
16653,40531.0,close_www-data,1,assign,0
16654,40531.0,openat_www-data,14252,assign,0
16655,40531.0,openat_www-data,14253,assign,0
16656,40531.0,openat_www-data,14254,assign,0
16657,40531.0,openat_www-data,14255,assign,0
16658,40535.0,close_www-data,1,assign,0
16659,40535.0,openat_www-data,14256,assign,0
16660,40535.0,openat_www-data,14257,assign,0
16661,40535.0,openat_www-data,14258,assign,0
16662,40535.0,openat_www-data,14259,assign,0
16663,40539.0,close_www-data,1,assign,0
16664,40539.0,openat_www-data,14260,assign,0
16665,40539.0,openat_www-data,14261,assign,0
16666,40539.0,openat_www-data,14262,assign,0
16667,40539.0,openat_www-data,14263,assign,0
16668,40539.0,openat_www-data,14264,assign,0
16669,40539.0,openat_www-data,14265,assign,0
16670,40539.0,openat_www-data,14266,assign,0
16671,40539.0,openat_www-data,14267,assign,0
16672,40539.0,openat_www-data,14268,assign,0
16673,40543.0,close_www-data,1,assign,0
16674,40543.0,openat_www-data,14269,assign,0
16675,40543.0,openat_www-data,14270,assign,0
16676,40543.0,openat_www-data,14271,assign,0
16677,40543.0,openat_www-data,14272,assign,0
16678,40543.0,openat_www-data,14273,assign,0
16679,40547.0,openat_www-data,14274,assign,0
16680,40547.0,close_www-data,1,assign,0
16681,40547.0,openat_www-data,14275,assign,0
16682,40547.0,openat_www-data,14276,assign,0
16683,40547.0,openat_www-data,14277,assign,0
16684,40547.0,openat_www-data,14278,assign,0
16685,40551.0,close_www-data,1,assign,0
16686,40551.0,openat_www-data,14279,assign,0
16687,40551.0,openat_www-data,14280,assign,0
16688,40551.0,openat_www-data,14281,assign,0
16689,40551.0,openat_www-data,14282,assign,0
16690,40551.0,openat_www-data,14283,assign,0
16691,40555.0,close_www-data,1,assign,0
16692,40555.0,openat_www-data,14284,assign,0
16693,40555.0,openat_www-data,14285,assign,0
16694,40555.0,openat_www-data,14286,assign,0
16695,40555.0,openat_www-data,14287,assign,0
16696,40555.0,openat_www-data,14288,assign,0
16697,40555.0,openat_www-data,14289,assign,0
16698,40559.0,close_www-data,1,assign,0
16699,40559.0,openat_www-data,14290,assign,0
16700,40559.0,openat_www-data,14291,assign,0
16701,40559.0,openat_www-data,14292,assign,0
16702,40559.0,openat_www-data,14293,assign,0
16703,40559.0,openat_www-data,14294,assign,0
16704,40563.0,openat_www-data,14295,assign,0
16705,40563.0,close_www-data,1,assign,0
16706,40563.0,openat_www-data,14296,assign,0
16707,40563.0,openat_www-data,14297,assign,0
16708,40563.0,openat_www-data,14298,assign,0
16709,40563.0,openat_www-data,14299,assign,0
16710,40563.0,openat_www-data,14300,assign,0
16711,40563.0,openat_www-data,14301,assign,0
16712,40567.0,close_www-data,1,assign,0
16713,40567.0,openat_www-data,14302,assign,0
16714,40567.0,openat_www-data,14303,assign,0
16715,40567.0,openat_www-data,14304,assign,0
16716,40567.0,openat_www-data,14305,assign,0
16717,40567.0,openat_www-data,14306,assign,0
16718,40567.0,openat_www-data,14307,assign,0
16719,40571.0,close_www-data,1,assign,0
16720,40571.0,openat_www-data,14308,assign,0
16721,40571.0,openat_www-data,14309,assign,0
16722,40571.0,openat_www-data,14310,assign,0
16723,40571.0,openat_www-data,14311,assign,0
16724,40575.0,openat_www-data,14312,assign,0
16725,40575.0,close_www-data,1,assign,0
16726,40575.0,openat_www-data,14313,assign,0
16727,40575.0,openat_www-data,14314,assign,0
16728,40575.0,openat_www-data,14315,assign,0
16729,40575.0,openat_www-data,14316,assign,0
16730,40575.0,openat_www-data,14317,assign,0
16731,40575.0,openat_www-data,14318,assign,0
16732,40575.0,openat_www-data,14319,assign,0
16733,40579.0,openat_www-data,14320,assign,0
16734,40579.0,close_www-data,1,assign,0
16735,40579.0,openat_www-data,14321,assign,0
16736,40579.0,openat_www-data,14322,assign,0
16737,40579.0,openat_www-data,14323,assign,0
16738,40579.0,openat_www-data,14324,assign,0
16739,40583.0,close_www-data,1,assign,0
16740,40583.0,openat_www-data,14325,assign,0
16741,40583.0,openat_www-data,14326,assign,0
16742,40583.0,openat_www-data,14327,assign,0
16743,40583.0,openat_www-data,14328,assign,0
16744,40583.0,openat_www-data,14329,assign,0
16745,40587.0,close_www-data,1,assign,0
16746,40587.0,openat_www-data,14330,assign,0
16747,40587.0,openat_www-data,14331,assign,0
16748,40587.0,openat_www-data,14332,assign,0
16749,40587.0,openat_www-data,14333,assign,0
16750,40587.0,openat_www-data,14334,assign,0
16751,40587.0,openat_www-data,14335,assign,0
16752,40587.0,openat_www-data,14336,assign,0
16753,40587.0,openat_www-data,14337,assign,0
16754,40591.0,close_www-data,1,assign,0
16755,40591.0,openat_www-data,14338,assign,0
16756,40591.0,openat_www-data,14339,assign,0
16757,40591.0,openat_www-data,14340,assign,0
16758,40591.0,openat_www-data,14341,assign,0
16759,40591.0,openat_www-data,14342,assign,0
16760,40595.0,close_www-data,1,assign,0
16761,40595.0,openat_www-data,14343,assign,0
16762,40595.0,openat_www-data,14344,assign,0
16763,40595.0,openat_www-data,14345,assign,0
16764,40599.0,close_www-data,1,assign,0
16765,40599.0,openat_www-data,14346,assign,0
16766,40599.0,openat_www-data,14347,assign,0
16767,40599.0,openat_www-data,14348,assign,0
16768,40599.0,openat_www-data,14349,assign,0
16769,40599.0,openat_www-data,14350,assign,0
16770,40599.0,openat_www-data,14351,assign,0
16771,40599.0,openat_www-data,14352,assign,0
16772,40599.0,openat_www-data,14353,assign,0
16773,40599.0,openat_www-data,14354,assign,0
16774,40599.0,openat_www-data,14355,assign,0
16775,40603.0,openat_www-data,14356,assign,0
16776,40603.0,close_www-data,1,assign,0
16777,40603.0,openat_www-data,14357,assign,0
16778,40603.0,openat_www-data,14358,assign,0
16779,40603.0,openat_www-data,14359,assign,0
16780,40603.0,openat_www-data,14360,assign,0
16781,40603.0,openat_www-data,14361,assign,0
16782,40603.0,openat_www-data,14362,assign,0
16783,40607.0,close_www-data,1,assign,0
16784,40607.0,openat_www-data,14363,assign,0
16785,40607.0,openat_www-data,14364,assign,0
16786,40607.0,close_www-data,1,assign,0
16787,40607.0,close_www-data,1,assign,0
16788,40607.0,openat_www-data,14365,assign,0
16789,40607.0,openat_www-data,14366,assign,0
16790,40607.0,openat_www-data,14367,assign,0
16791,40607.0,openat_www-data,14368,assign,0
16792,40611.0,close_www-data,1,assign,0
16793,40611.0,openat_www-data,14369,assign,0
16794,40611.0,close_www-data,1,assign,0
16795,40611.0,openat_www-data,14370,assign,0
16796,40611.0,openat_www-data,14371,assign,0
16797,40611.0,openat_www-data,14372,assign,0
16798,40615.0,openat_www-data,14373,assign,0
16799,40615.0,close_www-data,1,assign,0
16800,40615.0,openat_www-data,14374,assign,0
16801,40615.0,openat_www-data,14375,assign,0
16802,40615.0,openat_www-data,14376,assign,0
16803,40615.0,openat_www-data,14377,assign,0
16804,40615.0,openat_www-data,14378,assign,0
16805,40615.0,openat_www-data,14379,assign,0
16806,40619.0,close_www-data,1,assign,0
16807,40619.0,openat_www-data,14380,assign,0
16808,40619.0,openat_www-data,14381,assign,0
16809,40619.0,openat_www-data,14382,assign,0
16810,40627.0,close_www-data,1,assign,0
16811,40627.0,openat_www-data,14383,assign,0
16812,40627.0,openat_www-data,14384,assign,0
16813,40627.0,openat_www-data,14385,assign,0
16814,40627.0,openat_www-data,14386,assign,0
16815,40627.0,openat_www-data,14387,assign,0
16816,40627.0,close_www-data,1,assign,0
16817,40627.0,close_www-data,1,assign,0
16818,40627.0,openat_www-data,14388,assign,0
16819,40627.0,openat_www-data,14389,assign,0
16820,40627.0,openat_www-data,14390,assign,0
16821,40627.0,openat_www-data,14391,assign,0
16822,40627.0,openat_www-data,14392,assign,0
16823,40627.0,openat_www-data,14393,assign,0
16824,40627.0,openat_www-data,14394,assign,0
16825,40631.0,openat_www-data,14395,assign,0
16826,40631.0,close_www-data,1,assign,0
16827,40631.0,openat_www-data,14396,assign,0
16828,40631.0,openat_www-data,14397,assign,0
16829,40631.0,openat_www-data,14398,assign,0
16830,40631.0,openat_www-data,14399,assign,0
16831,40631.0,openat_www-data,14400,assign,0
16832,40631.0,openat_www-data,14401,assign,0
16833,40631.0,openat_www-data,14402,assign,0
16834,40631.0,openat_www-data,14403,assign,0
16835,40635.0,close_www-data,1,assign,0
16836,40635.0,openat_www-data,14404,assign,0
16837,40635.0,openat_www-data,14405,assign,0
16838,40635.0,openat_www-data,14406,assign,0
16839,40635.0,openat_www-data,14407,assign,0
16840,40635.0,close_www-data,1,assign,0
16841,40635.0,openat_www-data,14408,assign,0
16842,40635.0,openat_www-data,14409,assign,0
16843,40639.0,close_www-data,1,assign,0
16844,40639.0,openat_www-data,14410,assign,0
16845,40639.0,openat_www-data,14411,assign,0
16846,40639.0,openat_www-data,14412,assign,0
16847,40639.0,openat_www-data,14413,assign,0
16848,40639.0,openat_www-data,14414,assign,0
16849,40639.0,openat_www-data,14415,assign,0
16850,40643.0,close_www-data,1,assign,0
16851,40643.0,openat_www-data,14416,assign,0
16852,40643.0,openat_www-data,14417,assign,0
16853,40643.0,openat_www-data,14418,assign,0
16854,40643.0,openat_www-data,14419,assign,0
16855,40647.0,close_www-data,1,assign,0
16856,40647.0,openat_www-data,14420,assign,0
16857,40647.0,openat_www-data,14421,assign,0
16858,40647.0,openat_www-data,14422,assign,0
16859,40647.0,openat_www-data,14423,assign,0
16860,40647.0,openat_www-data,14424,assign,0
16861,40651.0,close_www-data,1,assign,0
16862,40651.0,openat_www-data,14425,assign,0
16863,40651.0,openat_www-data,14426,assign,0
16864,40651.0,close_www-data,1,assign,0
16865,40651.0,openat_www-data,14427,assign,0
16866,40651.0,openat_www-data,14428,assign,0
16867,40651.0,openat_www-data,14429,assign,0
16868,40651.0,openat_www-data,14430,assign,0
16869,40655.0,close_www-data,1,assign,0
16870,40655.0,openat_www-data,14431,assign,0
16871,40655.0,openat_www-data,14432,assign,0
16872,40655.0,close_www-data,1,assign,0
16873,40655.0,openat_www-data,14433,assign,0
16874,40659.0,close_www-data,1,assign,0
16875,40659.0,openat_www-data,14434,assign,0
16876,40659.0,openat_www-data,14435,assign,0
16877,40659.0,openat_www-data,14436,assign,0
16878,40659.0,close_www-data,1,assign,0
16879,40659.0,munmap_www-data,8,assign,0
16880,40659.0,close_www-data,1,assign,0
16881,44043.0,mmap_www-data,55,assign,0
16882,44043.0,clone_www-data,0,assign,0
16883,44043.0,munmap_www-data,9,assign,0
16884,44043.0,close_www-data,3948,assign,0
16885,44043.0,execve_www-data,0,assign,0
16886,44043.0,openat_www-data,14437,assign,0
16887,44043.0,mmap_www-data,56,assign,0
16888,44043.0,close_www-data,3949,assign,0
16889,44043.0,openat_www-data,14438,assign,0
16890,44043.0,mmap_www-data,57,assign,0
16891,44043.0,mmap_www-data,58,assign,0
16892,44043.0,mmap_www-data,59,assign,0
16893,44043.0,mmap_www-data,60,assign,0
16894,44043.0,close_www-data,3949,assign,0
16895,44043.0,munmap_www-data,10,assign,0
16896,44043.0,clone_www-data,0,assign,0
16897,44043.0,execve_www-data,0,assign,0
16898,44047.0,openat_www-data,14439,assign,0
16899,44047.0,mmap_www-data,61,assign,0
16900,44047.0,close_www-data,3948,assign,0
16901,44047.0,openat_www-data,14440,assign,0
16902,44047.0,mmap_www-data,62,assign,0
16903,44047.0,mmap_www-data,63,assign,0
16904,44047.0,mmap_www-data,64,assign,0
16905,44047.0,mmap_www-data,65,assign,0
16906,44047.0,close_www-data,0,assign,0
16907,44047.0,munmap_www-data,11,assign,0
16908,44047.0,openat_www-data,14441,assign,0
16909,44047.0,close_www-data,3950,assign,0
16910,44055.0,close_www-data,3950,assign,0
16911,44463.0,close_www-data,3951,assign,0
16912,44475.0,close_www-data,3952,assign,0
16913,44487.0,close_www-data,3952,assign,0
16914,44503.0,close_www-data,3952,assign,0
16915,44511.0,close_www-data,3951,assign,0
16916,44523.0,close_www-data,3951,assign,0
16917,44535.0,close_www-data,3953,assign,0
16918,44547.0,close_www-data,3951,assign,0
16919,44583.0,close_www-data,3951,assign,0
16920,44599.0,close_www-data,3953,assign,0
16921,44615.0,close_www-data,3951,assign,0
16922,45627.0,close_www-data,3951,assign,0
16923,47635.0,close_www-data,3958,assign,0
16924,55111.0,mmap_www-data,66,assign,0
16925,55111.0,clone_www-data,0,assign,0
16926,55111.0,munmap_www-data,12,assign,0
16927,55111.0,close_www-data,3959,assign,0
16928,55111.0,execve_www-data,0,assign,0
16929,55115.0,openat_www-data,14442,assign,0
16930,55115.0,mmap_www-data,67,assign,0
16931,55115.0,close_www-data,3948,assign,0
16932,55115.0,openat_www-data,14443,assign,0
16933,55115.0,mmap_www-data,68,assign,0
16934,55115.0,mmap_www-data,69,assign,0
16935,55115.0,mmap_www-data,70,assign,0
16936,55115.0,mmap_www-data,71,assign,0
16937,55115.0,close_www-data,3959,assign,0
16938,55115.0,munmap_www-data,13,assign,0
16939,55115.0,execve_www-data,0,assign,0
16940,55115.0,openat_www-data,14445,assign,0
16941,55115.0,mmap_www-data,72,assign,0
16942,55115.0,close_www-data,3948,assign,0
16943,55115.0,openat_www-data,14447,assign,0
16944,55115.0,mmap_www-data,73,assign,0
16945,55115.0,mmap_www-data,74,assign,0
16946,55115.0,mmap_www-data,75,assign,0
16947,55115.0,mmap_www-data,76,assign,0
16948,55115.0,close_www-data,0,assign,0
16949,55115.0,clone_www-data,0,assign,0
16950,55115.0,munmap_www-data,14,assign,0
16951,55115.0,openat_www-data,14449,assign,0
16952,55115.0,close_www-data,3950,assign,0
16953,55147.0,close_www-data,3951,assign,0
16954,57267.0,socket_root,1,assign,0
16955,57267.0,close_root,0,assign,0
16956,58027.0,clone_root,0,assign,0
16957,58027.0,close_root,0,assign,0
16958,58027.0,openat_root,10,assign,0
16959,58027.0,openat_root,0,assign,0
16960,58027.0,openat_root,0,assign,0
16961,58027.0,openat_root,10,assign,0
16962,58027.0,mmap_root,0,assign,0
16963,58027.0,mmap_root,1,assign,0
16964,58027.0,mmap_root,1,assign,0
16965,58027.0,close_root,1,assign,0
16966,58027.0,openat_root,0,assign,0
16967,58027.0,mmap_root,1,assign,0
16968,58027.0,openat_root,0,assign,0
16969,58027.0,mmap_root,0,assign,0
16970,58027.0,mmap_root,2,assign,0
16971,58027.0,mmap_root,2,assign,0
16972,58027.0,close_root,1,assign,0
16973,58027.0,openat_root,11,assign,0
16974,58027.0,mmap_root,0,assign,0
16975,58027.0,mmap_root,0,assign,0
16976,58027.0,mmap_root,0,assign,0
16977,58027.0,close_root,13,assign,0
16978,58027.0,openat_root,12,assign,0
16979,58027.0,mmap_root,0,assign,0
16980,58027.0,mmap_root,0,assign,0
16981,58027.0,close_root,13,assign,0
16982,58027.0,openat_root,12,assign,0
16983,58027.0,mmap_root,3,assign,0
16984,58027.0,mmap_root,3,assign,0
16985,58027.0,close_root,14,assign,0
16986,58027.0,openat_root,11,assign,0
16987,58027.0,mmap_root,3,assign,0
16988,58027.0,mmap_root,3,assign,0
16989,58027.0,close_root,15,assign,0
16990,58027.0,openat_root,11,assign,0
16991,58027.0,mmap_root,3,assign,0
16992,58027.0,mmap_root,3,assign,0
16993,58027.0,mmap_root,3,assign,0
16994,58027.0,close_root,16,assign,0
16995,58027.0,openat_root,11,assign,0
16996,58027.0,mmap_root,3,assign,0
16997,58027.0,mmap_root,3,assign,0
16998,58027.0,close_root,17,assign,0
16999,58027.0,openat_root,11,assign,0
17000,58027.0,mmap_root,3,assign,0
17001,58027.0,mmap_root,3,assign,0
17002,58027.0,close_root,18,assign,0
17003,58027.0,openat_root,11,assign,0
17004,58027.0,mmap_root,3,assign,0
17005,58027.0,mmap_root,3,assign,0
17006,58027.0,close_root,19,assign,0
17007,58027.0,openat_root,11,assign,0
17008,58027.0,mmap_root,3,assign,0
17009,58027.0,mmap_root,3,assign,0
17010,58027.0,mmap_root,3,assign,0
17011,58027.0,close_root,20,assign,0
17012,58031.0,munmap_root,0,assign,0
17013,58031.0,openat_root,11,assign,0
17014,58031.0,mmap_root,3,assign,0
17015,58031.0,mmap_root,3,assign,0
17016,58031.0,close_root,21,assign,0
17017,58031.0,openat_root,11,assign,0
17018,58031.0,mmap_root,3,assign,0
17019,58031.0,mmap_root,3,assign,0
17020,58031.0,close_root,22,assign,0
17021,58031.0,close_root,23,assign,0
17022,58031.0,openat_root,11,assign,0
17023,58031.0,mmap_root,3,assign,0
17024,58031.0,mmap_root,3,assign,0
17025,58031.0,close_root,24,assign,0
17026,58031.0,openat_root,11,assign,0
17027,58031.0,mmap_root,3,assign,0
17028,58031.0,mmap_root,3,assign,0
17029,58031.0,close_root,25,assign,0
17030,58031.0,openat_root,11,assign,0
17031,58031.0,openat_root,0,assign,0
17032,58031.0,openat_root,0,assign,0
17033,58031.0,mmap_root,3,assign,0
17034,58031.0,mmap_root,3,assign,0
17035,58031.0,close_root,26,assign,0
17036,58031.0,close_root,27,assign,0
17037,58031.0,openat_root,11,assign,0
17038,58035.0,openat_root,0,assign,0
17039,58035.0,close_root,28,assign,0
17040,58035.0,openat_root,0,assign,0
17041,58035.0,openat_root,0,assign,0
17042,58035.0,openat_root,0,assign,0
17043,58035.0,openat_root,0,assign,0
17044,58035.0,mmap_root,3,assign,0
17045,58035.0,mmap_root,3,assign,0
17046,58035.0,mmap_root,3,assign,0
17047,58035.0,close_root,29,assign,0
17048,58035.0,openat_root,11,assign,0
17049,58035.0,mmap_root,3,assign,0
17050,58035.0,openat_root,11,assign,0
17051,58035.0,mmap_root,3,assign,0
17052,58035.0,mmap_root,3,assign,0
17053,58035.0,close_root,30,assign,0
17054,58035.0,openat_root,11,assign,0
17055,58035.0,mmap_root,3,assign,0
17056,58035.0,mmap_root,3,assign,0
17057,58035.0,close_root,31,assign,0
17058,58035.0,munmap_root,1,assign,0
17059,58035.0,openat_root,11,assign,0
17060,58035.0,mmap_root,3,assign,0
17061,58035.0,mmap_root,3,assign,0
17062,58035.0,close_root,33,assign,0
17063,58035.0,close_root,34,assign,0
17064,58035.0,close_root,35,assign,0
17065,58035.0,openat_root,26,assign,0
17066,58035.0,openat_root,27,assign,0
17067,58035.0,openat_root,27,assign,0
17068,58035.0,socket_root,2,assign,0
17069,58035.0,close_root,36,assign,0
17070,58035.0,close_root,37,assign,0
17071,58035.0,openat_root,26,assign,0
17072,58035.0,openat_root,27,assign,0
17073,58035.0,write_root,0,assign,0
17074,58035.0,openat_root,11,assign,0
17075,58035.0,openat_root,27,assign,0
17076,58035.0,openat_root,27,assign,0
17077,58039.0,close_root,38,assign,0
17078,58039.0,openat_root,27,assign,0
17079,58039.0,openat_root,26,assign,0
17080,58039.0,openat_root,26,assign,0
17081,58039.0,openat_root,26,assign,0
17082,58039.0,openat_root,26,assign,0
17083,58039.0,openat_root,26,assign,0
17084,58039.0,socket_root,2,assign,0
17085,58039.0,close_root,39,assign,0
17086,58039.0,clone_root,0,assign,0
17087,58039.0,close_root,40,assign,0
17088,58039.0,close_root,41,assign,0
17089,58039.0,close_root,42,assign,0
17090,58039.0,openat_root,32,assign,0
17091,58039.0,socket_root,3,assign,0
17092,58039.0,connect_root,1,assign,0
17093,58043.0,close_root,43,assign,0
17094,58043.0,socket_root,3,assign,0
17095,58043.0,connect_root,0,assign,0
17096,58043.0,openat_root,33,assign,0
17097,58043.0,execve_root,0,assign,0
17098,58047.0,openat_root,34,assign,0
17099,58047.0,mmap_root,0,assign,0
17100,58047.0,close_root,44,assign,0
17101,58047.0,openat_root,34,assign,0
17102,58047.0,mmap_root,37,assign,0
17103,58047.0,mmap_root,37,assign,0
17104,58047.0,mmap_root,38,assign,0
17105,58047.0,mmap_root,39,assign,0
17106,58047.0,close_root,45,assign,0
17107,58047.0,munmap_root,2,assign,0
17108,58047.0,clone_root,0,assign,0
17109,58047.0,execve_root,1,assign,0
17110,58047.0,openat_root,35,assign,0
17111,58047.0,mmap_root,40,assign,0
17112,58047.0,close_root,46,assign,0
17113,58047.0,openat_root,35,assign,0
17114,58047.0,mmap_root,41,assign,0
17115,58047.0,mmap_root,42,assign,0
17116,58047.0,mmap_root,43,assign,0
17117,58047.0,close_root,47,assign,0
17118,58047.0,openat_root,32,assign,0
17119,58047.0,mmap_root,44,assign,0
17120,58047.0,mmap_root,45,assign,0
17121,58047.0,close_root,48,assign,0
17122,58047.0,openat_root,33,assign,0
17123,58051.0,mmap_root,46,assign,0
17124,58051.0,mmap_root,47,assign,0
17125,58051.0,mmap_root,48,assign,0
17126,58051.0,close_root,49,assign,0
17127,58051.0,mmap_root,49,assign,0
17128,58051.0,munmap_root,2,assign,0
17129,58051.0,openat_root,36,assign,0
17130,58051.0,openat_root,37,assign,0
17131,58051.0,mmap_root,50,assign,0
17132,58055.0,openat_root,32,assign,0
17133,58055.0,mmap_root,51,assign,0
17134,58055.0,close_root,50,assign,0
17135,58055.0,openat_root,37,assign,0
17136,58055.0,clone_root,0,assign,0
17137,58055.0,close_root,51,assign,0
17138,58055.0,clone_root,0,assign,0
17139,58055.0,close_root,52,assign,0
17140,58055.0,execve_root,2,assign,0
17141,58055.0,openat_root,38,assign,0
17142,58055.0,mmap_root,52,assign,0
17143,58055.0,close_root,53,assign,0
17144,58055.0,openat_root,38,assign,0
17145,58055.0,mmap_root,53,assign,0
17146,58055.0,mmap_root,54,assign,0
17147,58055.0,mmap_root,55,assign,0
17148,58055.0,mmap_root,56,assign,0
17149,58055.0,close_root,54,assign,0
17150,58063.0,munmap_root,0,assign,0
17151,58063.0,openat_root,40,assign,0
17152,58063.0,mmap_root,57,assign,0
17153,58063.0,close_root,55,assign,0
17154,58063.0,openat_root,40,assign,0
17155,58063.0,close_root,56,assign,0
17156,58063.0,openat_root,42,assign,0
17157,58063.0,execve_root,2,assign,0
17158,58063.0,openat_root,42,assign,0
17159,58063.0,mmap_root,58,assign,0
17160,58063.0,close_root,57,assign,0
17161,58063.0,openat_root,32,assign,0
17162,58063.0,mmap_root,59,assign,0
17163,58063.0,mmap_root,60,assign,0
17164,58063.0,mmap_root,61,assign,0
17165,58063.0,mmap_root,62,assign,0
17166,58063.0,close_root,58,assign,0
17167,58063.0,openat_root,36,assign,0
17168,58063.0,mmap_root,63,assign,0
17169,58063.0,mmap_root,64,assign,0
17170,58063.0,close_root,59,assign,0
17171,58063.0,openat_root,32,assign,0
17172,58067.0,mmap_root,65,assign,0
17173,58067.0,mmap_root,66,assign,0
17174,58067.0,mmap_root,68,assign,0
17175,58067.0,close_root,60,assign,0
17176,58067.0,openat_root,36,assign,0
17177,58067.0,mmap_root,70,assign,0
17178,58067.0,mmap_root,72,assign,0
17179,58067.0,mmap_root,74,assign,0
17180,58067.0,close_root,61,assign,0
17181,58067.0,openat_root,46,assign,0
17182,58067.0,mmap_root,76,assign,0
17183,58067.0,mmap_root,78,assign,0
17184,58067.0,close_root,62,assign,0
17185,58067.0,openat_root,46,assign,0
17186,58067.0,mmap_root,80,assign,0
17187,58067.0,mmap_root,82,assign,0
17188,58067.0,mmap_root,84,assign,0
17189,58067.0,close_root,63,assign,0
17190,58067.0,openat_root,46,assign,0
17191,58067.0,mmap_root,86,assign,0
17192,58067.0,mmap_root,88,assign,0
17193,58067.0,close_root,64,assign,0
17194,58067.0,openat_root,36,assign,0
17195,58067.0,mmap_root,90,assign,0
17196,58067.0,mmap_root,92,assign,0
17197,58071.0,close_root,65,assign,0
17198,58071.0,openat_root,36,assign,0
17199,58071.0,mmap_root,94,assign,0
17200,58071.0,mmap_root,96,assign,0
17201,58071.0,close_root,66,assign,0
17202,58071.0,openat_root,36,assign,0
17203,58071.0,mmap_root,98,assign,0
17204,58071.0,mmap_root,100,assign,0
17205,58071.0,mmap_root,102,assign,0
17206,58071.0,close_root,67,assign,0
17207,58071.0,openat_root,32,assign,0
17208,58071.0,mmap_root,104,assign,0
17209,58071.0,mmap_root,106,assign,0
17210,58071.0,mmap_root,108,assign,0
17211,58071.0,close_root,68,assign,0
17212,58071.0,mmap_root,110,assign,0
17213,58071.0,munmap_root,1,assign,0
17214,58071.0,openat_root,36,assign,0
17215,58071.0,openat_root,52,assign,0
17216,58071.0,openat_root,52,assign,0
17217,58071.0,openat_root,52,assign,0
17218,58071.0,mmap_root,112,assign,0
17219,58075.0,openat_root,32,assign,0
17220,58075.0,close_root,69,assign,0
17221,58075.0,openat_root,54,assign,0
17222,58075.0,openat_root,52,assign,0
17223,58079.0,openat_root,32,assign,0
17224,58079.0,close_root,70,assign,0
17225,58079.0,openat_root,54,assign,0
17226,58079.0,openat_root,32,assign,0
17227,58079.0,mmap_root,114,assign,0
17228,58079.0,openat_root,54,assign,0
17229,58079.0,openat_root,32,assign,0
17230,58079.0,openat_root,32,assign,0
17231,58079.0,mmap_root,116,assign,0
17232,58079.0,mmap_root,118,assign,0
17233,58079.0,openat_root,26,assign,0
17234,58079.0,close_root,71,assign,0
17235,58079.0,openat_root,26,assign,0
17236,58079.0,socket_root,4,assign,0
17237,58079.0,connect_root,1,assign,0
17238,58083.0,close_root,72,assign,0
17239,58083.0,socket_root,4,assign,0
17240,58083.0,connect_root,0,assign,0
17241,58083.0,openat_root,11,assign,0
17242,58083.0,openat_root,32,assign,0
17243,58083.0,mmap_root,120,assign,0
17244,58083.0,openat_root,11,assign,0
17245,58083.0,mmap_root,122,assign,0
17246,58083.0,mmap_root,124,assign,0
17247,58083.0,mmap_root,126,assign,0
17248,58083.0,close_root,73,assign,0
17249,58083.0,munmap_root,3,assign,0
17250,58083.0,openat_root,32,assign,0
17251,58087.0,close_root,74,assign,0
17252,58087.0,openat_root,32,assign,0
17253,58087.0,openat_root,32,assign,0
17254,58087.0,mmap_root,128,assign,0
17255,58087.0,openat_root,32,assign,0
17256,58087.0,openat_root,32,assign,0
17257,58087.0,openat_root,52,assign,0
17258,58087.0,openat_root,11,assign,0
17259,58091.0,close_root,75,assign,0
17260,58091.0,openat_root,11,assign,0
17261,58091.0,openat_root,11,assign,0
17262,58091.0,openat_root,11,assign,0
17263,58091.0,openat_root,11,assign,0
17264,58091.0,openat_root,11,assign,0
17265,58091.0,openat_root,11,assign,0
17266,58091.0,openat_root,11,assign,0
17267,58091.0,openat_root,11,assign,0
17268,58091.0,openat_root,11,assign,0
17269,58091.0,openat_root,11,assign,0
17270,58095.0,close_root,76,assign,0
17271,58095.0,openat_root,26,assign,0
17272,58095.0,openat_root,11,assign,0
17273,58095.0,openat_root,11,assign,0
17274,58095.0,openat_root,11,assign,0
17275,58099.0,close_root,78,assign,0
17276,58099.0,openat_root,86,assign,0
17277,58099.0,openat_root,11,assign,0
17278,58099.0,openat_root,11,assign,0
17279,58099.0,openat_root,11,assign,0
17280,58099.0,openat_root,11,assign,0
17281,58099.0,openat_root,11,assign,0
17282,58099.0,openat_root,11,assign,0
17283,58099.0,openat_root,11,assign,0
17284,58099.0,openat_root,26,assign,0
17285,58103.0,openat_root,11,assign,0
17286,58103.0,close_root,80,assign,0
17287,58103.0,openat_root,26,assign,0
17288,58103.0,openat_root,11,assign,0
17289,58103.0,openat_root,11,assign,0
17290,58103.0,openat_root,11,assign,0
17291,58103.0,openat_root,26,assign,0
17292,58103.0,openat_root,11,assign,0
17293,58103.0,openat_root,11,assign,0
17294,58103.0,openat_root,26,assign,0
17295,58107.0,openat_root,11,assign,0
17296,58107.0,close_root,82,assign,0
17297,58107.0,openat_root,26,assign,0
17298,58107.0,openat_root,11,assign,0
17299,58107.0,openat_root,11,assign,0
17300,58107.0,openat_root,11,assign,0
17301,58107.0,openat_root,11,assign,0
17302,58107.0,openat_root,11,assign,0
17303,58111.0,openat_root,11,assign,0
17304,58111.0,close_root,84,assign,0
17305,58111.0,openat_root,26,assign,0
17306,58111.0,openat_root,11,assign,0
17307,58111.0,openat_root,26,assign,0
17308,58111.0,openat_root,26,assign,0
17309,58111.0,openat_root,26,assign,0
17310,58111.0,openat_root,26,assign,0
17311,58111.0,openat_root,26,assign,0
17312,58111.0,openat_root,26,assign,0
17313,58111.0,openat_root,26,assign,0
17314,58111.0,openat_root,26,assign,0
17315,58115.0,close_root,86,assign,0
17316,58115.0,openat_root,26,assign,0
17317,58115.0,openat_root,26,assign,0
17318,58115.0,openat_root,26,assign,0
17319,58115.0,openat_root,26,assign,0
17320,58115.0,openat_root,26,assign,0
17321,58115.0,openat_root,26,assign,0
17322,58115.0,openat_root,26,assign,0
17323,58115.0,openat_root,26,assign,0
17324,58115.0,openat_root,26,assign,0
17325,58119.0,openat_root,26,assign,0
17326,58119.0,close_root,88,assign,0
17327,58119.0,openat_root,26,assign,0
17328,58119.0,openat_root,26,assign,0
17329,58119.0,openat_root,26,assign,0
17330,58119.0,openat_root,26,assign,0
17331,58119.0,openat_root,26,assign,0
17332,58119.0,openat_root,26,assign,0
17333,58119.0,openat_root,26,assign,0
17334,58119.0,openat_root,26,assign,0
17335,58119.0,openat_root,26,assign,0
17336,58119.0,openat_root,26,assign,0
17337,58119.0,openat_root,26,assign,0
17338,58119.0,openat_root,26,assign,0
17339,58123.0,close_root,90,assign,0
17340,58123.0,openat_root,26,assign,0
17341,58123.0,openat_root,26,assign,0
17342,58123.0,openat_root,26,assign,0
17343,58123.0,openat_root,26,assign,0
17344,58123.0,openat_root,26,assign,0
17345,58123.0,openat_root,26,assign,0
17346,58123.0,openat_root,26,assign,0
17347,58123.0,openat_root,26,assign,0
17348,58123.0,openat_root,26,assign,0
17349,58123.0,openat_root,26,assign,0
17350,58123.0,openat_root,26,assign,0
17351,58127.0,close_root,92,assign,0
17352,58127.0,openat_root,26,assign,0
17353,58127.0,openat_root,26,assign,0
17354,58127.0,openat_root,26,assign,0
17355,58127.0,openat_root,26,assign,0
17356,58127.0,openat_root,26,assign,0
17357,58127.0,openat_root,26,assign,0
17358,58127.0,openat_root,26,assign,0
17359,58127.0,openat_root,26,assign,0
17360,58127.0,openat_root,26,assign,0
17361,58131.0,close_root,94,assign,0
17362,58131.0,openat_root,26,assign,0
17363,58131.0,openat_root,26,assign,0
17364,58131.0,openat_root,26,assign,0
17365,58131.0,openat_root,26,assign,0
17366,58131.0,openat_root,26,assign,0
17367,58131.0,openat_root,26,assign,0
17368,58131.0,openat_root,26,assign,0
17369,58131.0,openat_root,26,assign,0
17370,58131.0,openat_root,26,assign,0
17371,58135.0,close_root,96,assign,0
17372,58135.0,openat_root,26,assign,0
17373,58135.0,openat_root,26,assign,0
17374,58135.0,openat_root,26,assign,0
17375,58135.0,openat_root,26,assign,0
17376,58135.0,openat_root,26,assign,0
17377,58135.0,close_root,98,assign,0
17378,58135.0,openat_root,178,assign,0
17379,58135.0,openat_root,26,assign,0
17380,58135.0,openat_root,26,assign,0
17381,58139.0,openat_root,178,assign,0
17382,58139.0,close_root,100,assign,0
17383,58139.0,openat_root,182,assign,0
17384,58139.0,openat_root,26,assign,0
17385,58139.0,openat_root,26,assign,0
17386,58139.0,openat_root,182,assign,0
17387,58139.0,openat_root,26,assign,0
17388,58139.0,openat_root,26,assign,0
17389,58139.0,openat_root,26,assign,0
17390,58139.0,openat_root,26,assign,0
17391,58143.0,openat_root,26,assign,0
17392,58143.0,close_root,102,assign,0
17393,58143.0,openat_root,26,assign,0
17394,58143.0,openat_root,26,assign,0
17395,58143.0,openat_root,26,assign,0
17396,58143.0,openat_root,26,assign,0
17397,58143.0,openat_root,26,assign,0
17398,58143.0,openat_root,26,assign,0
17399,58147.0,openat_root,26,assign,0
17400,58147.0,close_root,104,assign,0
17401,58147.0,openat_root,26,assign,0
17402,58147.0,openat_root,26,assign,0
17403,58147.0,openat_root,26,assign,0
17404,58147.0,openat_root,26,assign,0
17405,58147.0,openat_root,26,assign,0
17406,58147.0,openat_root,26,assign,0
17407,58147.0,openat_root,26,assign,0
17408,58151.0,close_root,106,assign,0
17409,58151.0,openat_root,205,assign,0
17410,58151.0,openat_root,26,assign,0
17411,58151.0,openat_root,205,assign,0
17412,58151.0,openat_root,26,assign,0
17413,58151.0,openat_root,26,assign,0
17414,58151.0,openat_root,26,assign,0
17415,58151.0,openat_root,26,assign,0
17416,58151.0,openat_root,26,assign,0
17417,58151.0,openat_root,26,assign,0
17418,58151.0,openat_root,26,assign,0
17419,58151.0,openat_root,26,assign,0
17420,58151.0,openat_root,26,assign,0
17421,58151.0,openat_root,26,assign,0
17422,58155.0,openat_root,26,assign,0
17423,58155.0,close_root,108,assign,0
17424,58155.0,openat_root,26,assign,0
17425,58155.0,openat_root,26,assign,0
17426,58155.0,openat_root,26,assign,0
17427,58155.0,openat_root,26,assign,0
17428,58155.0,openat_root,26,assign,0
17429,58155.0,openat_root,26,assign,0
17430,58155.0,openat_root,26,assign,0
17431,58155.0,openat_root,26,assign,0
17432,58155.0,openat_root,26,assign,0
17433,58155.0,openat_root,26,assign,0
17434,58155.0,openat_root,26,assign,0
17435,58159.0,close_root,110,assign,0
17436,58159.0,openat_root,26,assign,0
17437,58159.0,openat_root,26,assign,0
17438,58163.0,close_root,112,assign,0
17439,58163.0,openat_root,232,assign,0
17440,58163.0,openat_root,26,assign,0
17441,58163.0,openat_root,26,assign,0
17442,58163.0,openat_root,232,assign,0
17443,58163.0,openat_root,26,assign,0
17444,58163.0,openat_root,26,assign,0
17445,58163.0,openat_root,26,assign,0
17446,58163.0,openat_root,26,assign,0
17447,58163.0,openat_root,26,assign,0
17448,58163.0,openat_root,26,assign,0
17449,58163.0,openat_root,26,assign,0
17450,58163.0,openat_root,26,assign,0
17451,58167.0,close_root,114,assign,0
17452,58167.0,openat_root,244,assign,0
17453,58167.0,openat_root,26,assign,0
17454,58167.0,openat_root,26,assign,0
17455,58167.0,openat_root,244,assign,0
17456,58167.0,openat_root,26,assign,0
17457,58167.0,openat_root,26,assign,0
17458,58167.0,openat_root,26,assign,0
17459,58167.0,openat_root,26,assign,0
17460,58167.0,openat_root,26,assign,0
17461,58167.0,openat_root,26,assign,0
17462,58171.0,close_root,116,assign,0
17463,58171.0,openat_root,26,assign,0
17464,58171.0,openat_root,26,assign,0
17465,58171.0,openat_root,26,assign,0
17466,58171.0,openat_root,26,assign,0
17467,58171.0,openat_root,26,assign,0
17468,58171.0,openat_root,26,assign,0
17469,58171.0,openat_root,26,assign,0
17470,58171.0,openat_root,26,assign,0
17471,58175.0,close_root,118,assign,0
17472,58175.0,openat_root,262,assign,0
17473,58175.0,openat_root,26,assign,0
17474,58175.0,openat_root,26,assign,0
17475,58175.0,openat_root,262,assign,0
17476,58175.0,openat_root,26,assign,0
17477,58175.0,openat_root,26,assign,0
17478,58175.0,openat_root,26,assign,0
17479,58175.0,openat_root,26,assign,0
17480,58179.0,close_root,120,assign,0
17481,58179.0,openat_root,270,assign,0
17482,58179.0,openat_root,26,assign,0
17483,58179.0,openat_root,26,assign,0
17484,58179.0,openat_root,26,assign,0
17485,58179.0,openat_root,26,assign,0
17486,58179.0,openat_root,26,assign,0
17487,58179.0,openat_root,26,assign,0
17488,58183.0,openat_root,26,assign,0
17489,58183.0,close_root,122,assign,0
17490,58183.0,openat_root,270,assign,0
17491,58183.0,openat_root,26,assign,0
17492,58183.0,openat_root,26,assign,0
17493,58183.0,openat_root,26,assign,0
17494,58183.0,openat_root,26,assign,0
17495,58183.0,openat_root,26,assign,0
17496,58183.0,openat_root,26,assign,0
17497,58183.0,openat_root,26,assign,0
17498,58183.0,openat_root,26,assign,0
17499,58183.0,openat_root,26,assign,0
17500,58183.0,openat_root,26,assign,0
17501,58187.0,close_root,124,assign,0
17502,58187.0,openat_root,270,assign,0
17503,58187.0,openat_root,26,assign,0
17504,58187.0,openat_root,26,assign,0
17505,58187.0,openat_root,26,assign,0
17506,58187.0,openat_root,26,assign,0
17507,58187.0,openat_root,26,assign,0
17508,58187.0,openat_root,26,assign,0
17509,58187.0,openat_root,26,assign,0
17510,58187.0,openat_root,26,assign,0
17511,58191.0,close_root,126,assign,0
17512,58191.0,openat_root,270,assign,0
17513,58191.0,openat_root,26,assign,0
17514,58191.0,openat_root,26,assign,0
17515,58191.0,openat_root,26,assign,0
17516,58191.0,openat_root,26,assign,0
17517,58191.0,openat_root,26,assign,0
17518,58191.0,openat_root,26,assign,0
17519,58191.0,openat_root,26,assign,0
17520,58195.0,close_root,128,assign,0
17521,58195.0,openat_root,270,assign,0
17522,58195.0,openat_root,26,assign,0
17523,58195.0,openat_root,26,assign,0
17524,58195.0,openat_root,26,assign,0
17525,58195.0,openat_root,26,assign,0
17526,58195.0,openat_root,26,assign,0
17527,58195.0,openat_root,26,assign,0
17528,58195.0,openat_root,270,assign,0
17529,58195.0,openat_root,26,assign,0
17530,58195.0,openat_root,26,assign,0
17531,58195.0,openat_root,270,assign,0
17532,58195.0,openat_root,270,assign,0
17533,58195.0,openat_root,26,assign,0
17534,58195.0,openat_root,270,assign,0
17535,58199.0,close_root,130,assign,0
17536,58199.0,openat_root,270,assign,0
17537,58199.0,openat_root,26,assign,0
17538,58199.0,openat_root,26,assign,0
17539,58199.0,openat_root,32,assign,0
17540,58203.0,openat_root,32,assign,0
17541,58203.0,close_root,132,assign,0
17542,58203.0,openat_root,321,assign,0
17543,58203.0,openat_root,32,assign,0
17544,58203.0,openat_root,321,assign,0
17545,58203.0,openat_root,32,assign,0
17546,58203.0,openat_root,32,assign,0
17547,58203.0,openat_root,32,assign,0
17548,58203.0,openat_root,32,assign,0
17549,58203.0,openat_root,32,assign,0
17550,58207.0,close_root,134,assign,0
17551,58207.0,openat_root,329,assign,0
17552,58207.0,openat_root,32,assign,0
17553,58207.0,openat_root,32,assign,0
17554,58207.0,openat_root,32,assign,0
17555,58207.0,openat_root,32,assign,0
17556,58207.0,openat_root,32,assign,0
17557,58207.0,openat_root,32,assign,0
17558,58207.0,openat_root,32,assign,0
17559,58211.0,openat_root,32,assign,0
17560,58211.0,close_root,136,assign,0
17561,58211.0,openat_root,338,assign,0
17562,58211.0,openat_root,32,assign,0
17563,58211.0,openat_root,32,assign,0
17564,58211.0,openat_root,338,assign,0
17565,58211.0,openat_root,329,assign,0
17566,58211.0,openat_root,32,assign,0
17567,58215.0,openat_root,32,assign,0
17568,58215.0,close_root,138,assign,0
17569,58215.0,openat_root,345,assign,0
17570,58215.0,openat_root,32,assign,0
17571,58215.0,openat_root,345,assign,0
17572,58215.0,openat_root,32,assign,0
17573,58215.0,openat_root,32,assign,0
17574,58219.0,close_root,140,assign,0
17575,58219.0,openat_root,350,assign,0
17576,58219.0,openat_root,32,assign,0
17577,58219.0,openat_root,32,assign,0
17578,58219.0,openat_root,350,assign,0
17579,58219.0,openat_root,32,assign,0
17580,58219.0,openat_root,32,assign,0
17581,58219.0,openat_root,356,assign,0
17582,58219.0,openat_root,356,assign,0
17583,58219.0,openat_root,356,assign,0
17584,58223.0,close_root,142,assign,0
17585,58223.0,openat_root,357,assign,0
17586,58223.0,openat_root,356,assign,0
17587,58223.0,openat_root,357,assign,0
17588,58223.0,openat_root,356,assign,0
17589,58223.0,openat_root,356,assign,0
17590,58223.0,openat_root,356,assign,0
17591,58223.0,openat_root,356,assign,0
17592,58223.0,openat_root,356,assign,0
17593,58223.0,openat_root,356,assign,0
17594,58223.0,openat_root,356,assign,0
17595,58223.0,openat_root,356,assign,0
17596,58223.0,openat_root,356,assign,0
17597,58223.0,openat_root,356,assign,0
17598,58223.0,openat_root,368,assign,0
17599,58227.0,close_root,144,assign,0
17600,58227.0,openat_root,369,assign,0
17601,58227.0,openat_root,32,assign,0
17602,58227.0,openat_root,369,assign,0
17603,58227.0,openat_root,356,assign,0
17604,58231.0,openat_root,356,assign,0
17605,58231.0,close_root,146,assign,0
17606,58231.0,openat_root,374,assign,0
17607,58231.0,openat_root,356,assign,0
17608,58231.0,openat_root,356,assign,0
17609,58231.0,openat_root,374,assign,0
17610,58231.0,openat_root,356,assign,0
17611,58231.0,openat_root,356,assign,0
17612,58231.0,openat_root,356,assign,0
17613,58231.0,openat_root,356,assign,0
17614,58231.0,openat_root,356,assign,0
17615,58231.0,openat_root,356,assign,0
17616,58231.0,openat_root,356,assign,0
17617,58235.0,close_root,148,assign,0
17618,58235.0,openat_root,385,assign,0
17619,58235.0,openat_root,386,assign,0
17620,58235.0,openat_root,386,assign,0
17621,58235.0,openat_root,385,assign,0
17622,58235.0,openat_root,356,assign,0
17623,58235.0,openat_root,356,assign,0
17624,58235.0,openat_root,356,assign,0
17625,58235.0,openat_root,356,assign,0
17626,58235.0,openat_root,356,assign,0
17627,58235.0,openat_root,356,assign,0
17628,58235.0,openat_root,356,assign,0
17629,58235.0,openat_root,356,assign,0
17630,58235.0,openat_root,395,assign,0
17631,58235.0,openat_root,395,assign,0
17632,58239.0,openat_root,395,assign,0
17633,58239.0,close_root,150,assign,0
17634,58239.0,openat_root,396,assign,0
17635,58239.0,openat_root,385,assign,0
17636,58239.0,openat_root,385,assign,0
17637,58239.0,openat_root,396,assign,0
17638,58239.0,openat_root,356,assign,0
17639,58239.0,openat_root,356,assign,0
17640,58239.0,openat_root,356,assign,0
17641,58239.0,openat_root,356,assign,0
17642,58239.0,openat_root,356,assign,0
17643,58239.0,openat_root,395,assign,0
17644,58239.0,openat_root,395,assign,0
17645,58239.0,openat_root,395,assign,0
17646,58239.0,openat_root,395,assign,0
17647,58243.0,close_root,152,assign,0
17648,58243.0,openat_root,405,assign,0
17649,58243.0,openat_root,356,assign,0
17650,58247.0,openat_root,405,assign,0
17651,58247.0,close_root,154,assign,0
17652,58247.0,openat_root,408,assign,0
17653,58247.0,openat_root,356,assign,0
17654,58247.0,openat_root,356,assign,0
17655,58247.0,openat_root,408,assign,0
17656,58247.0,openat_root,356,assign,0
17657,58247.0,openat_root,356,assign,0
17658,58247.0,openat_root,356,assign,0
17659,58247.0,openat_root,395,assign,0
17660,58251.0,close_root,156,assign,0
17661,58251.0,openat_root,416,assign,0
17662,58251.0,openat_root,356,assign,0
17663,58251.0,openat_root,356,assign,0
17664,58251.0,openat_root,416,assign,0
17665,58251.0,openat_root,356,assign,0
17666,58251.0,openat_root,356,assign,0
17667,58251.0,openat_root,395,assign,0
17668,58251.0,openat_root,395,assign,0
17669,58251.0,openat_root,395,assign,0
17670,58251.0,openat_root,395,assign,0
17671,58251.0,openat_root,426,assign,0
17672,58255.0,openat_root,426,assign,0
17673,58255.0,close_root,158,assign,0
17674,58255.0,openat_root,427,assign,0
17675,58255.0,openat_root,356,assign,0
17676,58255.0,openat_root,356,assign,0
17677,58255.0,openat_root,427,assign,0
17678,58259.0,openat_root,356,assign,0
17679,58259.0,close_root,160,assign,0
17680,58259.0,openat_root,432,assign,0
17681,58259.0,openat_root,356,assign,0
17682,58259.0,openat_root,432,assign,0
17683,58259.0,openat_root,356,assign,0
17684,58259.0,openat_root,356,assign,0
17685,58259.0,openat_root,426,assign,0
17686,58259.0,openat_root,426,assign,0
17687,58259.0,openat_root,426,assign,0
17688,58263.0,openat_root,426,assign,0
17689,58263.0,close_root,162,assign,0
17690,58263.0,openat_root,438,assign,0
17691,58263.0,openat_root,356,assign,0
17692,58263.0,openat_root,356,assign,0
17693,58263.0,openat_root,438,assign,0
17694,58263.0,openat_root,356,assign,0
17695,58263.0,openat_root,426,assign,0
17696,58263.0,openat_root,426,assign,0
17697,58263.0,openat_root,426,assign,0
17698,58263.0,openat_root,426,assign,0
17699,58263.0,openat_root,447,assign,0
17700,58263.0,openat_root,447,assign,0
17701,58263.0,openat_root,447,assign,0
17702,58263.0,openat_root,447,assign,0
17703,58267.0,close_root,164,assign,0
17704,58267.0,openat_root,448,assign,0
17705,58267.0,openat_root,356,assign,0
17706,58267.0,openat_root,448,assign,0
17707,58267.0,openat_root,426,assign,0
17708,58267.0,openat_root,426,assign,0
17709,58267.0,openat_root,426,assign,0
17710,58267.0,openat_root,447,assign,0
17711,58271.0,close_root,166,assign,0
17712,58271.0,openat_root,454,assign,0
17713,58271.0,openat_root,426,assign,0
17714,58271.0,openat_root,456,assign,0
17715,58271.0,openat_root,456,assign,0
17716,58271.0,openat_root,447,assign,0
17717,58271.0,openat_root,447,assign,0
17718,58271.0,openat_root,447,assign,0
17719,58271.0,openat_root,447,assign,0
17720,58271.0,openat_root,461,assign,0
17721,58271.0,openat_root,461,assign,0
17722,58271.0,openat_root,461,assign,0
17723,58271.0,openat_root,462,assign,0
17724,58275.0,close_root,168,assign,0
17725,58275.0,openat_root,463,assign,0
17726,58275.0,openat_root,463,assign,0
17727,58275.0,openat_root,454,assign,0
17728,58275.0,openat_root,462,assign,0
17729,58275.0,openat_root,462,assign,0
17730,58275.0,openat_root,461,assign,0
17731,58275.0,openat_root,461,assign,0
17732,58275.0,openat_root,461,assign,0
17733,58279.0,close_root,170,assign,0
17734,58279.0,openat_root,466,assign,0
17735,58279.0,openat_root,461,assign,0
17736,58279.0,openat_root,461,assign,0
17737,58279.0,openat_root,466,assign,0
17738,58279.0,openat_root,461,assign,0
17739,58279.0,openat_root,461,assign,0
17740,58279.0,openat_root,472,assign,0
17741,58279.0,openat_root,472,assign,0
17742,58279.0,openat_root,472,assign,0
17743,58279.0,openat_root,473,assign,0
17744,58283.0,close_root,172,assign,0
17745,58283.0,openat_root,474,assign,0
17746,58283.0,openat_root,474,assign,0
17747,58283.0,openat_root,472,assign,0
17748,58283.0,openat_root,473,assign,0
17749,58283.0,openat_root,472,assign,0
17750,58283.0,openat_root,472,assign,0
17751,58283.0,openat_root,478,assign,0
17752,58283.0,openat_root,478,assign,0
17753,58283.0,openat_root,479,assign,0
17754,58283.0,openat_root,479,assign,0
17755,58283.0,openat_root,480,assign,0
17756,58287.0,openat_root,481,assign,0
17757,58287.0,close_root,174,assign,0
17758,58287.0,openat_root,482,assign,0
17759,58287.0,openat_root,482,assign,0
17760,58287.0,openat_root,484,assign,0
17761,58287.0,openat_root,484,assign,0
17762,58287.0,openat_root,478,assign,0
17763,58287.0,openat_root,479,assign,0
17764,58287.0,openat_root,479,assign,0
17765,58287.0,openat_root,479,assign,0
17766,58291.0,openat_root,485,assign,0
17767,58291.0,close_root,176,assign,0
17768,58291.0,openat_root,486,assign,0
17769,58291.0,openat_root,478,assign,0
17770,58291.0,openat_root,486,assign,0
17771,58291.0,openat_root,479,assign,0
17772,58291.0,openat_root,485,assign,0
17773,58291.0,openat_root,489,assign,0
17774,58291.0,openat_root,490,assign,0
17775,58291.0,openat_root,490,assign,0
17776,58295.0,close_root,178,assign,0
17777,58295.0,openat_root,490,assign,0
17778,58295.0,openat_root,479,assign,0
17779,58295.0,openat_root,490,assign,0
17780,58295.0,openat_root,493,assign,0
17781,58295.0,openat_root,489,assign,0
17782,58295.0,openat_root,489,assign,0
17783,58295.0,openat_root,493,assign,0
17784,58295.0,openat_root,494,assign,0
17785,58299.0,openat_root,494,assign,0
17786,58299.0,close_root,180,assign,0
17787,58299.0,openat_root,495,assign,0
17788,58299.0,openat_root,496,assign,0
17789,58299.0,openat_root,496,assign,0
17790,58299.0,openat_root,496,assign,0
17791,58299.0,openat_root,493,assign,0
17792,58299.0,openat_root,496,assign,0
17793,58299.0,openat_root,493,assign,0
17794,58299.0,openat_root,497,assign,0
17795,58299.0,openat_root,497,assign,0
17796,58299.0,openat_root,498,assign,0
17797,58303.0,close_root,182,assign,0
17798,58307.0,close_root,184,assign,0
17799,58307.0,openat_root,499,assign,0
17800,58307.0,socket_root,5,assign,0
17801,58307.0,close_root,185,assign,0
17802,58307.0,close_root,187,assign,0
17803,58307.0,munmap_root,3,assign,0
17804,58311.0,munmap_root,4,assign,0
