event_id,timestamp,activity,cluster_id,operation,operation_id
4001,2023-01-14 21:36:00+00:00,A,0,assign,0
4002,2023-01-14 21:46:00+00:00,A,0,assign,0
4003,2023-01-14 21:47:00+00:00,F,0,assign,0
4004,2023-01-14 21:47:00+00:00,C,0,assign,0
4005,2023-01-14 21:49:00+00:00,E1,0,assign,0
4006,2023-01-14 21:50:00+00:00,B1,0,assign,0
4007,2023-01-14 21:51:00+00:00,D,0,assign,0
4008,2023-01-14 21:58:00+00:00,C,0,assign,0
4009,2023-01-14 22:03:00+00:00,D,0,assign,0
4010,2023-01-14 22:04:00+00:00,F,0,assign,0
4011,2023-01-14 22:05:00+00:00,B1,0,assign,0
4012,2023-01-14 22:27:00+00:00,A,1,assign,0
4013,2023-01-14 22:30:00+00:00,B2,0,assign,0
4014,2023-01-14 22:30:00+00:00,B2,0,assign,0
4015,2023-01-14 22:34:00+00:00,E2,0,assign,0
4016,2023-01-14 22:38:00+00:00,C,0,assign,0
4017,2023-01-14 22:39:00+00:00,D,0,assign,0
4018,2023-01-14 22:41:00+00:00,B1,0,assign,0
4019,2023-01-14 22:47:00+00:00,A,2,assign,0
4020,2023-01-14 22:54:00+00:00,A,1,assign,0
4021,2023-01-14 22:56:00+00:00,A,2,assign,0
4022,2023-01-14 22:57:00+00:00,B2,0,assign,0
4023,2023-01-14 22:59:00+00:00,A,0,assign,0
4024,2023-01-14 23:07:00+00:00,C,0,assign,0
4025,2023-01-14 23:10:00+00:00,D,0,assign,0
4026,2023-01-14 23:11:00+00:00,B1,0,assign,0
4027,2023-01-14 23:18:00+00:00,A,2,assign,0
4028,2023-01-14 23:21:00+00:00,A,0,assign,0
4029,2023-01-14 23:24:00+00:00,E1,0,assign,0
4030,2023-01-14 23:37:00+00:00,B2,0,assign,0
4031,2023-01-14 23:40:00+00:00,F,0,assign,0
4032,2023-01-14 23:48:00+00:00,A,2,assign,0
4033,2023-01-14 23:49:00+00:00,E2,0,assign,0
4034,2023-01-14 23:53:00+00:00,A,1,assign,0
4035,2023-01-14 23:59:00+00:00,A,1,assign,0
4036,2023-01-15 00:03:00+00:00,C,0,assign,0
4037,2023-01-15 00:04:00+00:00,D,0,assign,0
4038,2023-01-15 00:06:00+00:00,F,0,assign,0
4039,2023-01-15 00:10:00+00:00,B1,0,assign,0
4040,2023-01-15 00:17:00+00:00,A,3,assign,0
4041,2023-01-15 00:26:00+00:00,C,0,assign,0
4042,2023-01-15 00:29:00+00:00,D,0,assign,0
4043,2023-01-15 00:30:00+00:00,B1,0,assign,0
4044,2023-01-15 00:32:00+00:00,A,0,assign,0
4045,2023-01-15 00:42:00+00:00,A,1,assign,0
4046,2023-01-15 00:51:00+00:00,A,3,assign,0
4047,2023-01-15 00:55:00+00:00,B2,0,assign,0
4048,2023-01-15 00:59:00+00:00,E1,0,assign,0
4049,2023-01-15 01:04:00+00:00,C,0,assign,0
4050,2023-01-15 01:06:00+00:00,B2,0,assign,0
4051,2023-01-15 01:07:00+00:00,D,0,assign,0
4052,2023-01-15 01:11:00+00:00,B1,0,assign,0
4053,2023-01-15 01:21:00+00:00,A,3,assign,0
4054,2023-01-15 01:27:00+00:00,E2,0,assign,0
4055,2023-01-15 01:49:00+00:00,A,1,assign,0
4056,2023-01-15 01:53:00+00:00,A,0,assign,0
4057,2023-01-15 01:53:00+00:00,A,4,assign,0
4058,2023-01-15 01:56:00+00:00,B2,0,assign,0
4059,2023-01-15 01:58:00+00:00,A,0,assign,0
4060,2023-01-15 02:09:00+00:00,E1,0,assign,0
4061,2023-01-15 02:12:00+00:00,C,0,assign,0
4062,2023-01-15 02:17:00+00:00,D,0,assign,0
4063,2023-01-15 02:17:00+00:00,B1,0,assign,0
4064,2023-01-15 02:23:00+00:00,E1,0,assign,0
4065,2023-01-15 02:25:00+00:00,A,4,assign,0
4066,2023-01-15 02:40:00+00:00,E1,0,assign,0
4067,2023-01-15 02:49:00+00:00,E2,0,assign,0
4068,2023-01-15 02:57:00+00:00,E2,0,assign,0
4069,2023-01-15 02:59:00+00:00,B2,0,assign,0
4070,2023-01-15 03:03:00+00:00,A,1,assign,0
4071,2023-01-15 03:14:00+00:00,A,5,assign,0
4072,2023-01-15 03:23:00+00:00,A,0,assign,0
4073,2023-01-15 03:23:00+00:00,C,0,assign,0
4074,2023-01-15 03:24:00+00:00,A,5,assign,0
4075,2023-01-15 03:26:00+00:00,D,0,assign,0
4076,2023-01-15 03:27:00+00:00,B1,0,assign,0
4077,2023-01-15 03:29:00+00:00,E2,0,assign,0
4078,2023-01-15 03:35:00+00:00,F,0,assign,0
4079,2023-01-15 03:44:00+00:00,A,1,assign,0
4080,2023-01-15 03:54:00+00:00,A,5,assign,0
4081,2023-01-15 04:01:00+00:00,B2,0,assign,0
4082,2023-01-15 04:12:00+00:00,C,0,assign,0
4083,2023-01-15 04:15:00+00:00,B1,0,assign,0
4084,2023-01-15 04:16:00+00:00,D,0,assign,0
4085,2023-01-15 04:24:00+00:00,A,3,assign,0
4086,2023-01-15 04:28:00+00:00,A,1,assign,0
4087,2023-01-15 04:35:00+00:00,B2,0,assign,0
4088,2023-01-15 04:40:00+00:00,C,0,assign,0
4089,2023-01-15 04:42:00+00:00,D,0,assign,0
4090,2023-01-15 04:42:00+00:00,B1,0,assign,0
4091,2023-01-15 04:44:00+00:00,A,1,assign,0
4092,2023-01-15 04:46:00+00:00,A,0,assign,0
4093,2023-01-15 05:00:00+00:00,B2,0,assign,0
4094,2023-01-15 05:04:00+00:00,E1,0,assign,0
4095,2023-01-15 05:06:00+00:00,C,0,assign,0
4096,2023-01-15 05:07:00+00:00,D,0,assign,0
4097,2023-01-15 05:10:00+00:00,B1,0,assign,0
4098,2023-01-15 05:15:00+00:00,A,0,assign,0
4099,2023-01-15 05:29:00+00:00,E1,0,assign,0
4100,2023-01-15 05:32:00+00:00,A,0,assign,0
4101,2023-01-15 05:44:00+00:00,B2,0,assign,0
4102,2023-01-15 05:48:00+00:00,E2,0,assign,0
4103,2023-01-15 05:57:00+00:00,E1,0,assign,0
4104,2023-01-15 06:10:00+00:00,E2,0,assign,0
4105,2023-01-15 06:13:00+00:00,A,0,assign,0
4106,2023-01-15 06:14:00+00:00,A,5,assign,0
4107,2023-01-15 06:17:00+00:00,E2,0,assign,0
4108,2023-01-15 06:25:00+00:00,E1,0,assign,0
4109,2023-01-15 06:32:00+00:00,A,1,assign,0
4110,2023-01-15 06:33:00+00:00,A,5,assign,0
4111,2023-01-15 06:37:00+00:00,A,1,assign,0
4112,2023-01-15 06:47:00+00:00,C,0,assign,0
4113,2023-01-15 06:50:00+00:00,D,0,assign,0
4114,2023-01-15 06:51:00+00:00,C,0,assign,0
4115,2023-01-15 06:52:00+00:00,A,1,assign,0
4116,2023-01-15 06:52:00+00:00,B1,0,assign,0
4117,2023-01-15 06:53:00+00:00,D,0,assign,0
4118,2023-01-15 06:55:00+00:00,B1,0,assign,0
4119,2023-01-15 06:56:00+00:00,A,5,assign,0
4120,2023-01-15 07:10:00+00:00,A,1,assign,0
4121,2023-01-15 07:13:00+00:00,E2,0,assign,0
4122,2023-01-15 07:19:00+00:00,C,0,assign,0
4123,2023-01-15 07:21:00+00:00,B2,0,assign,0
4124,2023-01-15 07:24:00+00:00,B1,0,assign,0
4125,2023-01-15 07:24:00+00:00,D,0,assign,0
4126,2023-01-15 07:24:00+00:00,B2,0,assign,0
4127,2023-01-15 07:32:00+00:00,A,1,assign,0
4128,2023-01-15 07:40:00+00:00,C,0,assign,0
4129,2023-01-15 07:40:00+00:00,A,5,assign,0
4130,2023-01-15 07:42:00+00:00,A,1,assign,0
4131,2023-01-15 07:43:00+00:00,D,0,assign,0
4132,2023-01-15 07:45:00+00:00,B1,0,assign,0
4133,2023-01-15 07:55:00+00:00,C,0,assign,0
4134,2023-01-15 07:57:00+00:00,D,0,assign,0
4135,2023-01-15 07:57:00+00:00,B1,0,assign,0
4136,2023-01-15 07:59:00+00:00,B2,0,assign,0
4137,2023-01-15 08:09:00+00:00,C,0,assign,0
4138,2023-01-15 08:12:00+00:00,B2,0,assign,0
4139,2023-01-15 08:13:00+00:00,D,0,assign,0
4140,2023-01-15 08:14:00+00:00,B1,0,assign,0
4141,2023-01-15 08:15:00+00:00,A,0,assign,0
4142,2023-01-15 08:17:00+00:00,B2,0,assign,0
4143,2023-01-15 08:24:00+00:00,A,0,assign,0
4144,2023-01-15 08:33:00+00:00,A,1,assign,0
4145,2023-01-15 08:33:00+00:00,E1,0,assign,0
4146,2023-01-15 08:38:00+00:00,B2,0,assign,0
4147,2023-01-15 08:38:00+00:00,F,0,assign,0
4148,2023-01-15 08:39:00+00:00,A,1,assign,0
4149,2023-01-15 08:43:00+00:00,C,0,assign,0
4150,2023-01-15 08:46:00+00:00,D,0,assign,0
4151,2023-01-15 08:48:00+00:00,B1,0,assign,0
4152,2023-01-15 08:51:00+00:00,A,0,assign,0
4153,2023-01-15 08:57:00+00:00,E2,0,assign,0
4154,2023-01-15 08:59:00+00:00,A,0,assign,0
4155,2023-01-15 09:03:00+00:00,F,0,assign,0
4156,2023-01-15 09:05:00+00:00,A,0,assign,0
4157,2023-01-15 09:09:00+00:00,C,0,assign,0
4158,2023-01-15 09:13:00+00:00,B1,0,assign,0
4159,2023-01-15 09:13:00+00:00,D,0,assign,0
4160,2023-01-15 09:19:00+00:00,F,0,assign,0
4161,2023-01-15 09:20:00+00:00,A,1,assign,0
4162,2023-01-15 09:23:00+00:00,A,3,assign,0
4163,2023-01-15 09:26:00+00:00,A,0,assign,0
4164,2023-01-15 09:27:00+00:00,F,0,assign,0
4165,2023-01-15 09:30:00+00:00,B2,0,assign,0
4166,2023-01-15 09:31:00+00:00,B2,0,assign,0
4167,2023-01-15 09:33:00+00:00,A,1,assign,0
4168,2023-01-15 09:34:00+00:00,A,5,assign,0
4169,2023-01-15 09:38:00+00:00,C,0,assign,0
4170,2023-01-15 09:43:00+00:00,B1,0,assign,0
4171,2023-01-15 09:43:00+00:00,D,0,assign,0
4172,2023-01-15 09:49:00+00:00,E1,0,assign,0
4173,2023-01-15 10:01:00+00:00,A,3,assign,0
4174,2023-01-15 10:03:00+00:00,C,0,assign,0
4175,2023-01-15 10:04:00+00:00,B2,0,assign,0
4176,2023-01-15 10:07:00+00:00,B1,0,assign,0
4177,2023-01-15 10:08:00+00:00,D,0,assign,0
4178,2023-01-15 10:17:00+00:00,A,0,assign,0
4179,2023-01-15 10:24:00+00:00,A,3,assign,0
4180,2023-01-15 10:26:00+00:00,A,0,assign,0
4181,2023-01-15 10:28:00+00:00,A,0,assign,0
4182,2023-01-15 10:28:00+00:00,E2,0,assign,0
4183,2023-01-15 10:34:00+00:00,A,1,assign,0
4184,2023-01-15 10:42:00+00:00,A,3,assign,0
4185,2023-01-15 10:43:00+00:00,F,0,assign,0
4186,2023-01-15 10:44:00+00:00,B2,0,assign,0
4187,2023-01-15 10:47:00+00:00,F,0,assign,0
4188,2023-01-15 10:48:00+00:00,C,0,assign,0
4189,2023-01-15 10:49:00+00:00,F,0,assign,0
4190,2023-01-15 10:50:00+00:00,A,5,assign,0
4191,2023-01-15 10:51:00+00:00,B1,0,assign,0
4192,2023-01-15 10:53:00+00:00,D,0,assign,0
4193,2023-01-15 11:09:00+00:00,B2,0,assign,0
4194,2023-01-15 11:25:00+00:00,A,3,assign,0
4195,2023-01-15 11:34:00+00:00,A,3,assign,0
4196,2023-01-15 11:43:00+00:00,A,0,assign,0
4197,2023-01-15 11:47:00+00:00,A,0,assign,0
4198,2023-01-15 12:01:00+00:00,A,3,assign,0
4199,2023-01-15 12:05:00+00:00,F,0,assign,0
4200,2023-01-15 12:08:00+00:00,F,0,assign,0
4201,2023-01-15 12:44:00+00:00,A,3,assign,0
4202,2023-01-15 13:08:00+00:00,A,3,assign,0
4203,2023-01-15 13:12:00+00:00,A,1,assign,0
4204,2023-01-15 13:22:00+00:00,C,0,assign,0
4205,2023-01-15 13:23:00+00:00,D,0,assign,0
4206,2023-01-15 13:24:00+00:00,B1,0,assign,0
4207,2023-01-15 13:54:00+00:00,B2,0,assign,0
4208,2023-01-15 14:27:00+00:00,A,0,assign,0
4209,2023-01-15 14:40:00+00:00,A,1,assign,0
4210,2023-01-15 14:47:00+00:00,F,0,assign,0
4211,2023-01-15 15:01:00+00:00,C,0,assign,0
4212,2023-01-15 15:02:00+00:00,D,0,assign,0
4213,2023-01-15 15:03:00+00:00,B1,0,assign,0
4214,2023-01-15 15:44:00+00:00,B2,0,assign,0
4215,2023-01-15 15:53:00+00:00,A,3,assign,0
4216,2023-01-15 15:58:00+00:00,A,1,assign,0
4217,2023-01-15 16:02:00+00:00,A,1,assign,0
4218,2023-01-15 16:03:00+00:00,A,1,assign,0
4219,2023-01-15 16:10:00+00:00,C,0,assign,0
4220,2023-01-15 16:13:00+00:00,B1,0,assign,0
4221,2023-01-15 16:13:00+00:00,A,0,assign,0
4222,2023-01-15 16:14:00+00:00,D,0,assign,0
4223,2023-01-15 16:19:00+00:00,C,0,assign,0
4224,2023-01-15 16:19:00+00:00,C,0,assign,0
4225,2023-01-15 16:23:00+00:00,B1,0,assign,0
4226,2023-01-15 16:23:00+00:00,D,0,assign,0
4227,2023-01-15 16:23:00+00:00,D,0,assign,0
4228,2023-01-15 16:24:00+00:00,F,0,assign,0
4229,2023-01-15 16:26:00+00:00,B1,0,assign,0
4230,2023-01-15 16:42:00+00:00,B2,0,assign,0
4231,2023-01-15 16:56:00+00:00,B2,0,assign,0
4232,2023-01-15 17:06:00+00:00,A,1,assign,0
4233,2023-01-15 17:07:00+00:00,B2,0,assign,0
4234,2023-01-15 17:14:00+00:00,A,0,assign,0
4235,2023-01-15 17:24:00+00:00,A,3,assign,0
4236,2023-01-15 17:32:00+00:00,A,0,assign,0
4237,2023-01-15 17:33:00+00:00,C,0,assign,0
4238,2023-01-15 17:34:00+00:00,D,0,assign,0
4239,2023-01-15 17:38:00+00:00,B1,0,assign,0
4240,2023-01-15 17:38:00+00:00,E1,0,assign,0
4241,2023-01-15 17:47:00+00:00,A,0,assign,0
4242,2023-01-15 17:54:00+00:00,E1,0,assign,0
4243,2023-01-15 18:01:00+00:00,E2,0,assign,0
4244,2023-01-15 18:02:00+00:00,E1,0,assign,0
4245,2023-01-15 18:03:00+00:00,A,1,assign,0
4246,2023-01-15 18:12:00+00:00,A,1,assign,0
4247,2023-01-15 18:13:00+00:00,B2,0,assign,0
4248,2023-01-15 18:17:00+00:00,E2,0,assign,0
4249,2023-01-15 18:19:00+00:00,C,0,assign,0
4250,2023-01-15 18:21:00+00:00,D,0,assign,0
4251,2023-01-15 18:23:00+00:00,E2,0,assign,0
4252,2023-01-15 18:24:00+00:00,B1,0,assign,0
4253,2023-01-15 18:32:00+00:00,A,5,assign,0
4254,2023-01-15 18:34:00+00:00,C,0,assign,0
4255,2023-01-15 18:36:00+00:00,B1,0,assign,0
4256,2023-01-15 18:36:00+00:00,D,0,assign,0
4257,2023-01-15 18:49:00+00:00,B2,0,assign,0
4258,2023-01-15 18:52:00+00:00,A,0,assign,0
4259,2023-01-15 18:56:00+00:00,A,5,assign,0
4260,2023-01-15 19:00:00+00:00,A,1,assign,0
4261,2023-01-15 19:01:00+00:00,A,5,assign,0
4262,2023-01-15 19:08:00+00:00,F,0,assign,0
4263,2023-01-15 19:09:00+00:00,B2,0,assign,0
4264,2023-01-15 19:17:00+00:00,C,0,assign,0
4265,2023-01-15 19:21:00+00:00,D,0,assign,0
4266,2023-01-15 19:24:00+00:00,B1,0,assign,0
4267,2023-01-15 19:26:00+00:00,A,0,assign,0
4268,2023-01-15 19:41:00+00:00,E1,0,assign,0
4269,2023-01-15 19:46:00+00:00,A,3,assign,0
4270,2023-01-15 19:58:00+00:00,B2,0,assign,0
4271,2023-01-15 19:59:00+00:00,A,0,assign,0
4272,2023-01-15 20:16:00+00:00,A,1,assign,0
4273,2023-01-15 20:19:00+00:00,E2,0,assign,0
4274,2023-01-15 20:28:00+00:00,F,0,assign,0
4275,2023-01-15 20:37:00+00:00,A,5,assign,0
4276,2023-01-15 20:39:00+00:00,A,0,assign,0
4277,2023-01-15 20:46:00+00:00,C,0,assign,0
4278,2023-01-15 20:48:00+00:00,B1,0,assign,0
4279,2023-01-15 20:51:00+00:00,D,0,assign,0
4280,2023-01-15 21:00:00+00:00,A,1,assign,0
4281,2023-01-15 21:07:00+00:00,B2,0,assign,0
4282,2023-01-15 21:08:00+00:00,A,3,assign,0
4283,2023-01-15 21:09:00+00:00,F,0,assign,0
4284,2023-01-15 21:30:00+00:00,C,0,assign,0
4285,2023-01-15 21:33:00+00:00,D,0,assign,0
4286,2023-01-15 21:33:00+00:00,A,1,assign,0
4287,2023-01-15 21:37:00+00:00,B1,0,assign,0
4288,2023-01-15 21:51:00+00:00,C,0,assign,0
4289,2023-01-15 21:52:00+00:00,D,0,assign,0
4290,2023-01-15 21:58:00+00:00,B2,0,assign,0
4291,2023-01-15 21:58:00+00:00,B1,0,assign,0
4292,2023-01-15 22:06:00+00:00,A,0,assign,0
4293,2023-01-15 22:06:00+00:00,A,3,assign,0
4294,2023-01-15 22:23:00+00:00,F,0,assign,0
4295,2023-01-15 22:27:00+00:00,B2,0,assign,0
4296,2023-01-15 22:32:00+00:00,A,1,assign,0
4297,2023-01-15 22:48:00+00:00,A,0,assign,0
4298,2023-01-15 23:00:00+00:00,C,0,assign,0
4299,2023-01-15 23:04:00+00:00,B1,0,assign,0
4300,2023-01-15 23:05:00+00:00,D,0,assign,0
4301,2023-01-15 23:10:00+00:00,F,0,assign,0
4302,2023-01-15 23:22:00+00:00,A,0,assign,0
4303,2023-01-15 23:33:00+00:00,A,3,assign,0
4304,2023-01-15 23:41:00+00:00,E1,0,assign,0
4305,2023-01-15 23:42:00+00:00,B2,0,assign,0
4306,2023-01-15 23:53:00+00:00,A,3,assign,0
4307,2023-01-16 00:14:00+00:00,A,1,assign,0
4308,2023-01-16 00:16:00+00:00,E2,0,assign,0
4309,2023-01-16 00:29:00+00:00,C,0,assign,0
4310,2023-01-16 00:31:00+00:00,A,7,assign,0
4311,2023-01-16 00:34:00+00:00,B1,0,assign,0
4312,2023-01-16 00:34:00+00:00,D,0,assign,0
4313,2023-01-16 00:37:00+00:00,A,8,assign,0
4314,2023-01-16 00:39:00+00:00,A,9,assign,0
4315,2023-01-16 00:49:00+00:00,E1,0,assign,0
4316,2023-01-16 00:54:00+00:00,A,10,assign,0
4317,2023-01-16 00:58:00+00:00,B2,0,assign,0
4318,2023-01-16 01:09:00+00:00,C,0,assign,0
4319,2023-01-16 01:11:00+00:00,C,0,assign,0
4320,2023-01-16 01:12:00+00:00,B1,0,assign,0
4321,2023-01-16 01:12:00+00:00,D,0,assign,0
4322,2023-01-16 01:13:00+00:00,D,0,assign,0
4323,2023-01-16 01:17:00+00:00,B1,0,assign,0
4324,2023-01-16 01:18:00+00:00,A,11,assign,0
4325,2023-01-16 01:24:00+00:00,A,12,assign,0
4326,2023-01-16 01:28:00+00:00,E2,0,assign,0
4327,2023-01-16 01:34:00+00:00,A,13,assign,0
4328,2023-01-16 01:36:00+00:00,C,0,assign,0
4329,2023-01-16 01:38:00+00:00,D,0,assign,0
4330,2023-01-16 01:38:00+00:00,B1,0,assign,0
4331,2023-01-16 01:42:00+00:00,A,14,assign,0
4332,2023-01-16 01:45:00+00:00,C,0,assign,0
4333,2023-01-16 01:49:00+00:00,B1,0,assign,0
4334,2023-01-16 01:50:00+00:00,D,0,assign,0
4335,2023-01-16 01:55:00+00:00,B2,0,assign,0
4336,2023-01-16 01:58:00+00:00,B2,0,assign,0
4337,2023-01-16 01:59:00+00:00,B2,0,assign,0
4338,2023-01-16 02:00:00+00:00,A,15,assign,0
4339,2023-01-16 02:01:00+00:00,F,0,assign,0
4340,2023-01-16 02:10:00+00:00,C,0,assign,0
4341,2023-01-16 02:14:00+00:00,D,0,assign,0
4342,2023-01-16 02:15:00+00:00,B1,0,assign,0
4343,2023-01-16 02:17:00+00:00,B2,0,assign,0
4344,2023-01-16 02:24:00+00:00,A,16,assign,0
4345,2023-01-16 02:25:00+00:00,A,17,assign,0
4346,2023-01-16 02:36:00+00:00,A,18,assign,0
4347,2023-01-16 02:42:00+00:00,A,19,assign,0
4348,2023-01-16 02:46:00+00:00,B2,0,assign,0
4349,2023-01-16 02:50:00+00:00,F,0,assign,0
4350,2023-01-16 02:50:00+00:00,A,20,assign,0
4351,2023-01-16 02:53:00+00:00,E1,0,assign,0
4352,2023-01-16 02:57:00+00:00,A,21,assign,0
4353,2023-01-16 02:58:00+00:00,E1,0,assign,0
4354,2023-01-16 03:07:00+00:00,C,0,assign,0
4355,2023-01-16 03:08:00+00:00,D,0,assign,0
4356,2023-01-16 03:10:00+00:00,B1,0,assign,0
4357,2023-01-16 03:10:00+00:00,F,0,assign,0
4358,2023-01-16 03:27:00+00:00,A,22,assign,0
4359,2023-01-16 03:33:00+00:00,E2,0,assign,0
4360,2023-01-16 03:37:00+00:00,E2,0,assign,0
4361,2023-01-16 03:45:00+00:00,A,23,assign,0
4362,2023-01-16 03:45:00+00:00,B2,0,assign,0
4363,2023-01-16 04:03:00+00:00,A,24,assign,0
4364,2023-01-16 04:11:00+00:00,A,25,assign,0
4365,2023-01-16 04:12:00+00:00,A,26,assign,0
4366,2023-01-16 04:13:00+00:00,F,0,assign,0
4367,2023-01-16 04:14:00+00:00,C,0,assign,0
4368,2023-01-16 04:19:00+00:00,B1,0,assign,0
4369,2023-01-16 04:19:00+00:00,D,0,assign,0
4370,2023-01-16 04:19:00+00:00,A,27,assign,0
4371,2023-01-16 04:27:00+00:00,A,28,assign,0
4372,2023-01-16 04:30:00+00:00,C,0,assign,0
4373,2023-01-16 04:31:00+00:00,D,0,assign,0
4374,2023-01-16 04:32:00+00:00,B1,0,assign,0
4375,2023-01-16 04:36:00+00:00,A,29,assign,0
4376,2023-01-16 04:48:00+00:00,F,0,assign,0
4377,2023-01-16 05:00:00+00:00,B2,0,assign,0
4378,2023-01-16 05:11:00+00:00,A,30,assign,0
4379,2023-01-16 05:17:00+00:00,B2,0,assign,0
4380,2023-01-16 05:43:00+00:00,A,31,assign,0
4381,2023-01-16 05:50:00+00:00,A,32,assign,0
4382,2023-01-16 05:54:00+00:00,E1,0,assign,0
4383,2023-01-16 06:03:00+00:00,A,33,assign,0
4384,2023-01-16 06:06:00+00:00,A,34,assign,0
4385,2023-01-16 06:16:00+00:00,F,0,assign,0
4386,2023-01-16 06:22:00+00:00,E2,0,assign,0
4387,2023-01-16 06:33:00+00:00,C,0,assign,0
4388,2023-01-16 06:35:00+00:00,D,0,assign,0
4389,2023-01-16 06:39:00+00:00,B1,0,assign,0
4390,2023-01-16 06:50:00+00:00,A,35,assign,0
4391,2023-01-16 06:53:00+00:00,A,36,assign,0
4392,2023-01-16 07:05:00+00:00,A,37,assign,0
4393,2023-01-16 07:08:00+00:00,A,38,assign,0
4394,2023-01-16 07:15:00+00:00,B2,0,assign,0
4395,2023-01-16 07:17:00+00:00,C,0,assign,0
4396,2023-01-16 07:18:00+00:00,D,0,assign,0
4397,2023-01-16 07:23:00+00:00,C,0,assign,0
4398,2023-01-16 07:24:00+00:00,B1,0,assign,0
4399,2023-01-16 07:25:00+00:00,D,0,assign,0
4400,2023-01-16 07:26:00+00:00,A,39,assign,0
4401,2023-01-16 07:28:00+00:00,B1,0,assign,0
4402,2023-01-16 07:39:00+00:00,A,40,assign,0
4403,2023-01-16 07:47:00+00:00,C,0,assign,0
4404,2023-01-16 07:50:00+00:00,D,0,assign,0
4405,2023-01-16 07:50:00+00:00,A,41,assign,0
4406,2023-01-16 07:51:00+00:00,B1,0,assign,0
4407,2023-01-16 07:57:00+00:00,B2,0,assign,0
4408,2023-01-16 07:59:00+00:00,B2,0,assign,0
4409,2023-01-16 07:59:00+00:00,C,0,assign,0
4410,2023-01-16 08:01:00+00:00,D,0,assign,0
4411,2023-01-16 08:05:00+00:00,B1,0,assign,0
4412,2023-01-16 08:18:00+00:00,E1,0,assign,0
4413,2023-01-16 08:26:00+00:00,B2,0,assign,0
4414,2023-01-16 08:33:00+00:00,B2,0,assign,0
4415,2023-01-16 08:38:00+00:00,A,42,assign,0
4416,2023-01-16 08:39:00+00:00,A,43,assign,0
4417,2023-01-16 08:43:00+00:00,E2,0,assign,0
4418,2023-01-16 08:43:00+00:00,A,44,assign,0
4419,2023-01-16 08:58:00+00:00,E1,0,assign,0
4420,2023-01-16 09:02:00+00:00,C,0,assign,0
4421,2023-01-16 09:03:00+00:00,E1,0,assign,0
4422,2023-01-16 09:06:00+00:00,D,0,assign,0
4423,2023-01-16 09:09:00+00:00,B1,0,assign,0
4424,2023-01-16 09:10:00+00:00,A,45,assign,0
4425,2023-01-16 09:15:00+00:00,A,46,assign,0
4426,2023-01-16 09:16:00+00:00,A,47,assign,0
4427,2023-01-16 09:16:00+00:00,A,48,assign,0
4428,2023-01-16 09:25:00+00:00,B2,0,assign,0
4429,2023-01-16 09:35:00+00:00,C,0,assign,0
4430,2023-01-16 09:36:00+00:00,E2,0,assign,0
4431,2023-01-16 09:37:00+00:00,E1,0,assign,0
4432,2023-01-16 09:37:00+00:00,E2,0,assign,0
4433,2023-01-16 09:38:00+00:00,B1,0,assign,0
4434,2023-01-16 09:38:00+00:00,D,0,assign,0
4435,2023-01-16 09:39:00+00:00,E1,0,assign,0
4436,2023-01-16 09:54:00+00:00,A,49,assign,0
4437,2023-01-16 10:03:00+00:00,A,50,assign,0
4438,2023-01-16 10:05:00+00:00,E2,0,assign,0
4439,2023-01-16 10:06:00+00:00,A,51,assign,0
4440,2023-01-16 10:12:00+00:00,E2,0,assign,0
4441,2023-01-16 10:20:00+00:00,B2,0,assign,0
4442,2023-01-16 10:31:00+00:00,A,53,assign,0
4443,2023-01-16 10:32:00+00:00,F,0,assign,0
4444,2023-01-16 10:36:00+00:00,A,55,assign,0
4445,2023-01-16 10:50:00+00:00,A,56,assign,0
4446,2023-01-16 10:54:00+00:00,C,0,assign,0
4447,2023-01-16 10:59:00+00:00,D,0,assign,0
4448,2023-01-16 11:00:00+00:00,B1,0,assign,0
4449,2023-01-16 11:00:00+00:00,A,58,assign,0
4450,2023-01-16 11:10:00+00:00,E1,0,assign,0
4451,2023-01-16 11:15:00+00:00,A,59,assign,0
4452,2023-01-16 11:33:00+00:00,B2,0,assign,0
4453,2023-01-16 11:33:00+00:00,A,60,assign,0
4454,2023-01-16 11:38:00+00:00,A,61,assign,0
4455,2023-01-16 11:44:00+00:00,A,62,assign,0
4456,2023-01-16 11:50:00+00:00,C,0,assign,0
4457,2023-01-16 11:53:00+00:00,B1,0,assign,0
4458,2023-01-16 11:54:00+00:00,D,0,assign,0
4459,2023-01-16 11:54:00+00:00,C,0,assign,0
4460,2023-01-16 11:56:00+00:00,D,0,assign,0
4461,2023-01-16 11:58:00+00:00,B1,0,assign,0
4462,2023-01-16 12:00:00+00:00,E2,0,assign,0
4463,2023-01-16 12:08:00+00:00,A,63,assign,0
4464,2023-01-16 12:12:00+00:00,C,0,assign,0
4465,2023-01-16 12:13:00+00:00,D,0,assign,0
4466,2023-01-16 12:19:00+00:00,B1,0,assign,0
4467,2023-01-16 12:28:00+00:00,C,0,assign,0
4468,2023-01-16 12:29:00+00:00,A,64,assign,0
4469,2023-01-16 12:30:00+00:00,B1,0,assign,0
4470,2023-01-16 12:31:00+00:00,B2,0,assign,0
4471,2023-01-16 12:32:00+00:00,D,0,assign,0
4472,2023-01-16 12:37:00+00:00,A,65,assign,0
4473,2023-01-16 12:41:00+00:00,B2,0,assign,0
4474,2023-01-16 12:42:00+00:00,A,67,assign,0
4475,2023-01-16 12:43:00+00:00,F,0,assign,0
4476,2023-01-16 12:43:00+00:00,B2,0,assign,0
4477,2023-01-16 12:56:00+00:00,A,68,assign,0
4478,2023-01-16 13:12:00+00:00,C,0,assign,0
4479,2023-01-16 13:12:00+00:00,B2,0,assign,0
4480,2023-01-16 13:16:00+00:00,E1,0,assign,0
4481,2023-01-16 13:16:00+00:00,B1,0,assign,0
4482,2023-01-16 13:16:00+00:00,D,0,assign,0
4483,2023-01-16 13:34:00+00:00,A,69,assign,0
4484,2023-01-16 13:38:00+00:00,A,70,assign,0
4485,2023-01-16 13:41:00+00:00,E2,0,assign,0
4486,2023-01-16 13:46:00+00:00,A,71,assign,0
4487,2023-01-16 13:47:00+00:00,B2,0,assign,0
4488,2023-01-16 13:47:00+00:00,A,72,assign,0
4489,2023-01-16 13:55:00+00:00,F,0,assign,0
4490,2023-01-16 14:02:00+00:00,F,0,assign,0
4491,2023-01-16 14:11:00+00:00,A,73,assign,0
4492,2023-01-16 14:16:00+00:00,E1,0,assign,0
4493,2023-01-16 14:31:00+00:00,A,75,assign,0
4494,2023-01-16 14:31:00+00:00,A,76,assign,0
4495,2023-01-16 14:40:00+00:00,A,77,assign,0
4496,2023-01-16 14:49:00+00:00,A,78,assign,0
4497,2023-01-16 14:51:00+00:00,E1,0,assign,0
4498,2023-01-16 14:57:00+00:00,C,0,assign,0
4499,2023-01-16 14:59:00+00:00,B1,0,assign,0
4500,2023-01-16 14:59:00+00:00,D,0,assign,0
4501,2023-01-16 15:05:00+00:00,E2,0,assign,0
4502,2023-01-16 15:15:00+00:00,E2,0,assign,0
4503,2023-01-16 15:20:00+00:00,A,79,assign,0
4504,2023-01-16 15:28:00+00:00,A,81,assign,0
4505,2023-01-16 15:35:00+00:00,B2,0,assign,0
4506,2023-01-16 15:40:00+00:00,A,82,assign,0
4507,2023-01-16 15:40:00+00:00,C,0,assign,0
4508,2023-01-16 15:41:00+00:00,A,84,assign,0
4509,2023-01-16 15:44:00+00:00,D,0,assign,0
4510,2023-01-16 15:45:00+00:00,B1,0,assign,0
4511,2023-01-16 15:52:00+00:00,C,0,assign,0
4512,2023-01-16 15:54:00+00:00,B1,0,assign,0
4513,2023-01-16 15:56:00+00:00,D,0,assign,0
4514,2023-01-16 16:04:00+00:00,B2,0,assign,0
4515,2023-01-16 16:20:00+00:00,A,85,assign,0
4516,2023-01-16 16:21:00+00:00,B2,0,assign,0
4517,2023-01-16 16:32:00+00:00,A,86,assign,0
4518,2023-01-16 16:44:00+00:00,E1,0,assign,0
4519,2023-01-16 16:52:00+00:00,F,0,assign,0
4520,2023-01-16 17:13:00+00:00,A,87,assign,0
4521,2023-01-16 17:22:00+00:00,E2,0,assign,0
4522,2023-01-16 17:34:00+00:00,A,88,assign,0
4523,2023-01-16 17:36:00+00:00,E1,0,assign,0
4524,2023-01-16 17:48:00+00:00,C,0,assign,0
4525,2023-01-16 17:53:00+00:00,D,0,assign,0
4526,2023-01-16 17:53:00+00:00,B1,0,assign,0
4527,2023-01-16 17:53:00+00:00,A,89,assign,0
4528,2023-01-16 18:00:00+00:00,E2,0,assign,0
4529,2023-01-16 18:03:00+00:00,A,91,assign,0
4530,2023-01-16 18:20:00+00:00,B2,0,assign,0
4531,2023-01-16 18:39:00+00:00,A,92,assign,0
4532,2023-01-16 19:14:00+00:00,A,94,assign,0
4533,2023-01-16 19:16:00+00:00,A,95,assign,0
4534,2023-01-16 19:31:00+00:00,C,0,assign,0
4535,2023-01-16 19:32:00+00:00,D,0,assign,0
4536,2023-01-16 19:32:00+00:00,E1,0,assign,0
4537,2023-01-16 19:36:00+00:00,B1,0,assign,0
4538,2023-01-16 20:01:00+00:00,B2,0,assign,0
4539,2023-01-16 20:03:00+00:00,A,96,assign,0
4540,2023-01-16 20:15:00+00:00,E2,0,assign,0
4541,2023-01-16 20:26:00+00:00,C,0,assign,0
4542,2023-01-16 20:29:00+00:00,D,0,assign,0
4543,2023-01-16 20:30:00+00:00,B1,0,assign,0
4544,2023-01-16 20:46:00+00:00,A,97,assign,0
4545,2023-01-16 20:56:00+00:00,B2,0,assign,0
4546,2023-01-16 20:57:00+00:00,A,99,assign,0
4547,2023-01-16 21:09:00+00:00,F,0,assign,0
4548,2023-01-16 21:12:00+00:00,A,100,assign,0
4549,2023-01-16 21:27:00+00:00,C,0,assign,0
4550,2023-01-16 21:32:00+00:00,D,0,assign,0
4551,2023-01-16 21:33:00+00:00,B1,0,assign,0
4552,2023-01-16 21:52:00+00:00,B2,0,assign,0
4553,2023-01-16 21:54:00+00:00,A,101,assign,0
4554,2023-01-16 21:55:00+00:00,A,102,assign,0
4555,2023-01-16 22:10:00+00:00,A,103,assign,0
4556,2023-01-16 22:15:00+00:00,A,104,assign,0
4557,2023-01-16 22:16:00+00:00,C,0,assign,0
4558,2023-01-16 22:17:00+00:00,D,0,assign,0
4559,2023-01-16 22:23:00+00:00,B1,0,assign,0
4560,2023-01-16 22:24:00+00:00,F,0,assign,0
4561,2023-01-16 22:25:00+00:00,C,0,assign,0
4562,2023-01-16 22:26:00+00:00,D,0,assign,0
4563,2023-01-16 22:30:00+00:00,B1,0,assign,0
4564,2023-01-16 22:39:00+00:00,B2,0,assign,0
4565,2023-01-16 22:40:00+00:00,A,105,assign,0
4566,2023-01-16 22:51:00+00:00,E1,0,assign,0
4567,2023-01-16 23:00:00+00:00,B2,0,assign,0
4568,2023-01-16 23:14:00+00:00,A,106,assign,0
4569,2023-01-16 23:18:00+00:00,E2,0,assign,0
4570,2023-01-16 23:18:00+00:00,A,107,assign,0
4571,2023-01-16 23:21:00+00:00,A,108,assign,0
4572,2023-01-16 23:32:00+00:00,A,109,assign,0
4573,2023-01-16 23:39:00+00:00,A,110,assign,0
4574,2023-01-16 23:41:00+00:00,F,0,assign,0
4575,2023-01-16 23:43:00+00:00,E1,0,assign,0
4576,2023-01-16 23:48:00+00:00,C,0,assign,0
4577,2023-01-16 23:52:00+00:00,B1,0,assign,0
4578,2023-01-16 23:53:00+00:00,D,0,assign,0
4579,2023-01-17 00:12:00+00:00,A,112,assign,0
4580,2023-01-17 00:16:00+00:00,A,113,assign,0
4581,2023-01-17 00:22:00+00:00,C,0,assign,0
4582,2023-01-17 00:24:00+00:00,B2,0,assign,0
4583,2023-01-17 00:27:00+00:00,D,0,assign,0
4584,2023-01-17 00:28:00+00:00,B1,0,assign,0
4585,2023-01-17 00:30:00+00:00,E2,0,assign,0
4586,2023-01-17 00:44:00+00:00,B2,0,assign,0
4587,2023-01-17 00:45:00+00:00,C,0,assign,0
4588,2023-01-17 00:46:00+00:00,D,0,assign,0
4589,2023-01-17 00:50:00+00:00,A,114,assign,0
4590,2023-01-17 00:52:00+00:00,B1,0,assign,0
4591,2023-01-17 00:54:00+00:00,A,115,assign,0
4592,2023-01-17 01:14:00+00:00,A,117,assign,0
4593,2023-01-17 01:34:00+00:00,A,118,assign,0
4594,2023-01-17 01:37:00+00:00,B2,0,assign,0
4595,2023-01-17 01:43:00+00:00,E1,0,assign,0
4596,2023-01-17 01:49:00+00:00,F,0,assign,0
4597,2023-01-17 01:57:00+00:00,A,119,assign,0
4598,2023-01-17 02:07:00+00:00,E2,0,assign,0
4599,2023-01-17 02:09:00+00:00,F,0,assign,0
4600,2023-01-17 02:18:00+00:00,A,120,assign,0
4601,2023-01-17 02:36:00+00:00,A,121,assign,0
4602,2023-01-17 02:39:00+00:00,C,0,assign,0
4603,2023-01-17 02:40:00+00:00,D,0,assign,0
4604,2023-01-17 02:43:00+00:00,B1,0,assign,0
4605,2023-01-17 02:44:00+00:00,A,122,assign,0
4606,2023-01-17 02:59:00+00:00,A,124,assign,0
4607,2023-01-17 03:01:00+00:00,A,125,assign,0
4608,2023-01-17 03:12:00+00:00,C,0,assign,0
4609,2023-01-17 03:15:00+00:00,D,0,assign,0
4610,2023-01-17 03:18:00+00:00,B1,0,assign,0
4611,2023-01-17 03:25:00+00:00,B2,0,assign,0
4612,2023-01-17 03:33:00+00:00,A,126,assign,0
4613,2023-01-17 03:50:00+00:00,B2,0,assign,0
4614,2023-01-17 04:00:00+00:00,C,0,assign,0
4615,2023-01-17 04:01:00+00:00,D,0,assign,0
4616,2023-01-17 04:03:00+00:00,A,127,assign,0
4617,2023-01-17 04:03:00+00:00,B1,0,assign,0
4618,2023-01-17 04:09:00+00:00,A,128,assign,0
4619,2023-01-17 04:18:00+00:00,C,0,assign,0
4620,2023-01-17 04:21:00+00:00,D,0,assign,0
4621,2023-01-17 04:22:00+00:00,B1,0,assign,0
4622,2023-01-17 04:26:00+00:00,E1,0,assign,0
4623,2023-01-17 04:39:00+00:00,A,129,assign,0
4624,2023-01-17 04:47:00+00:00,B2,0,assign,0
4625,2023-01-17 04:48:00+00:00,B2,0,assign,0
4626,2023-01-17 04:54:00+00:00,F,0,assign,0
4627,2023-01-17 05:02:00+00:00,E2,0,assign,0
4628,2023-01-17 05:39:00+00:00,A,130,assign,0
4629,2023-01-17 05:40:00+00:00,A,132,assign,0
4630,2023-01-17 05:48:00+00:00,A,133,assign,0
4631,2023-01-17 05:58:00+00:00,A,134,assign,0
4632,2023-01-17 05:59:00+00:00,F,0,assign,0
4633,2023-01-17 06:07:00+00:00,F,0,assign,0
4634,2023-01-17 06:49:00+00:00,A,135,assign,0
4635,2023-01-17 06:59:00+00:00,A,136,assign,0
4636,2023-01-17 07:07:00+00:00,C,0,assign,0
4637,2023-01-17 07:08:00+00:00,D,0,assign,0
4638,2023-01-17 07:11:00+00:00,B1,0,assign,0
4639,2023-01-17 07:14:00+00:00,A,137,assign,0
4640,2023-01-17 07:54:00+00:00,B2,0,assign,0
4641,2023-01-17 08:06:00+00:00,A,138,assign,0
4642,2023-01-17 08:23:00+00:00,C,0,assign,0
4643,2023-01-17 08:26:00+00:00,D,0,assign,0
4644,2023-01-17 08:30:00+00:00,B1,0,assign,0
4645,2023-01-17 08:38:00+00:00,A,139,assign,0
4646,2023-01-17 08:48:00+00:00,E1,0,assign,0
4647,2023-01-17 08:49:00+00:00,B2,0,assign,0
4648,2023-01-17 09:16:00+00:00,A,140,assign,0
4649,2023-01-17 09:38:00+00:00,E2,0,assign,0
4650,2023-01-17 09:38:00+00:00,E1,0,assign,0
4651,2023-01-17 10:01:00+00:00,A,141,assign,0
4652,2023-01-17 10:10:00+00:00,A,143,assign,0
4653,2023-01-17 10:19:00+00:00,E2,0,assign,0
4654,2023-01-17 10:40:00+00:00,C,0,assign,0
4655,2023-01-17 10:42:00+00:00,D,0,assign,0
4656,2023-01-17 10:43:00+00:00,B1,0,assign,0
4657,2023-01-17 10:53:00+00:00,A,144,assign,0
4658,2023-01-17 11:00:00+00:00,A,146,assign,0
4659,2023-01-17 11:16:00+00:00,B2,0,assign,0
4660,2023-01-17 11:20:00+00:00,C,0,assign,0
4661,2023-01-17 11:23:00+00:00,A,147,assign,0
4662,2023-01-17 11:23:00+00:00,B1,0,assign,0
4663,2023-01-17 11:25:00+00:00,D,0,assign,0
4664,2023-01-17 11:36:00+00:00,A,148,assign,0
4665,2023-01-17 11:37:00+00:00,C,0,assign,0
4666,2023-01-17 11:42:00+00:00,B1,0,assign,0
4667,2023-01-17 11:42:00+00:00,D,0,assign,0
4668,2023-01-17 11:53:00+00:00,A,149,assign,0
4669,2023-01-17 11:56:00+00:00,C,0,assign,0
4670,2023-01-17 11:58:00+00:00,B2,0,assign,0
4671,2023-01-17 12:01:00+00:00,D,0,assign,0
4672,2023-01-17 12:03:00+00:00,B1,0,assign,0
4673,2023-01-17 12:16:00+00:00,E1,0,assign,0
4674,2023-01-17 12:21:00+00:00,B2,0,assign,0
4675,2023-01-17 12:26:00+00:00,B2,0,assign,0
4676,2023-01-17 12:26:00+00:00,A,150,assign,0
4677,2023-01-17 12:28:00+00:00,A,151,assign,0
4678,2023-01-17 12:38:00+00:00,C,0,assign,0
4679,2023-01-17 12:41:00+00:00,D,0,assign,0
4680,2023-01-17 12:43:00+00:00,B1,0,assign,0
4681,2023-01-17 12:54:00+00:00,E1,0,assign,0
4682,2023-01-17 12:55:00+00:00,A,152,assign,0
4683,2023-01-17 13:00:00+00:00,A,153,assign,0
4684,2023-01-17 13:05:00+00:00,E2,0,assign,0
4685,2023-01-17 13:07:00+00:00,B2,0,assign,0
4686,2023-01-17 13:20:00+00:00,E1,0,assign,0
4687,2023-01-17 13:25:00+00:00,E1,0,assign,0
4688,2023-01-17 13:39:00+00:00,E2,0,assign,0
4689,2023-01-17 13:39:00+00:00,A,154,assign,0
4690,2023-01-17 13:44:00+00:00,E2,0,assign,0
4691,2023-01-17 13:49:00+00:00,A,156,assign,0
4692,2023-01-17 13:56:00+00:00,A,157,assign,0
4693,2023-01-17 14:00:00+00:00,A,158,assign,0
4694,2023-01-17 14:05:00+00:00,C,0,assign,0
4695,2023-01-17 14:07:00+00:00,D,0,assign,0
4696,2023-01-17 14:07:00+00:00,B1,0,assign,0
4697,2023-01-17 14:14:00+00:00,E2,0,assign,0
4698,2023-01-17 14:17:00+00:00,A,160,assign,0
4699,2023-01-17 14:22:00+00:00,A,161,assign,0
4700,2023-01-17 14:26:00+00:00,E1,0,assign,0
4701,2023-01-17 14:29:00+00:00,A,163,assign,0
4702,2023-01-17 14:34:00+00:00,A,164,assign,0
4703,2023-01-17 14:43:00+00:00,C,0,assign,0
4704,2023-01-17 14:46:00+00:00,C,0,assign,0
4705,2023-01-17 14:46:00+00:00,B2,0,assign,0
4706,2023-01-17 14:48:00+00:00,D,0,assign,0
4707,2023-01-17 14:49:00+00:00,B1,0,assign,0
4708,2023-01-17 14:50:00+00:00,B1,0,assign,0
4709,2023-01-17 14:51:00+00:00,D,0,assign,0
4710,2023-01-17 14:54:00+00:00,E2,0,assign,0
4711,2023-01-17 15:13:00+00:00,A,166,assign,0
4712,2023-01-17 15:25:00+00:00,B2,0,assign,0
4713,2023-01-17 15:25:00+00:00,B2,0,assign,0
4714,2023-01-17 15:45:00+00:00,A,168,assign,0
4715,2023-01-17 15:46:00+00:00,A,169,assign,0
4716,2023-01-17 16:07:00+00:00,F,0,assign,0
4717,2023-01-17 16:08:00+00:00,A,170,assign,0
4718,2023-01-17 16:14:00+00:00,F,0,assign,0
4719,2023-01-17 16:23:00+00:00,E1,0,assign,0
4720,2023-01-17 16:58:00+00:00,E2,0,assign,0
4721,2023-01-17 17:12:00+00:00,A,171,assign,0
4722,2023-01-17 17:25:00+00:00,A,172,assign,0
4723,2023-01-17 17:28:00+00:00,A,173,assign,0
4724,2023-01-17 18:55:00+00:00,A,175,assign,0
4725,2023-01-17 19:04:00+00:00,A,176,assign,0
4726,2023-01-17 19:09:00+00:00,C,0,assign,0
4727,2023-01-17 19:11:00+00:00,D,0,assign,0
4728,2023-01-17 19:11:00+00:00,B1,0,assign,0
4729,2023-01-17 19:16:00+00:00,A,177,assign,0
4730,2023-01-17 19:20:00+00:00,C,0,assign,0
4731,2023-01-17 19:22:00+00:00,D,0,assign,0
4732,2023-01-17 19:23:00+00:00,B1,0,assign,0
4733,2023-01-17 19:37:00+00:00,A,178,assign,0
4734,2023-01-17 19:39:00+00:00,B2,0,assign,0
4735,2023-01-17 19:40:00+00:00,C,0,assign,0
4736,2023-01-17 19:42:00+00:00,D,0,assign,0
4737,2023-01-17 19:45:00+00:00,B1,0,assign,0
4738,2023-01-17 19:57:00+00:00,C,0,assign,0
4739,2023-01-17 19:59:00+00:00,A,179,assign,0
4740,2023-01-17 20:02:00+00:00,D,0,assign,0
4741,2023-01-17 20:03:00+00:00,B1,0,assign,0
4742,2023-01-17 20:07:00+00:00,B2,0,assign,0
4743,2023-01-17 20:17:00+00:00,E1,0,assign,0
4744,2023-01-17 20:20:00+00:00,A,180,assign,0
4745,2023-01-17 20:24:00+00:00,B2,0,assign,0
4746,2023-01-17 20:31:00+00:00,C,0,assign,0
4747,2023-01-17 20:32:00+00:00,D,0,assign,0
4748,2023-01-17 20:36:00+00:00,B1,0,assign,0
4749,2023-01-17 20:37:00+00:00,B2,0,assign,0
4750,2023-01-17 20:44:00+00:00,E2,0,assign,0
4751,2023-01-17 20:45:00+00:00,A,181,assign,0
4752,2023-01-17 20:55:00+00:00,A,182,assign,0
4753,2023-01-17 20:56:00+00:00,C,0,assign,0
4754,2023-01-17 21:00:00+00:00,D,0,assign,0
4755,2023-01-17 21:03:00+00:00,B1,0,assign,0
4756,2023-01-17 21:06:00+00:00,A,183,assign,0
4757,2023-01-17 21:17:00+00:00,B2,0,assign,0
4758,2023-01-17 21:22:00+00:00,A,184,assign,0
4759,2023-01-17 21:24:00+00:00,F,0,assign,0
4760,2023-01-17 21:31:00+00:00,A,186,assign,0
4761,2023-01-17 21:35:00+00:00,E1,0,assign,0
4762,2023-01-17 21:39:00+00:00,A,187,assign,0
4763,2023-01-17 21:48:00+00:00,B2,0,assign,0
4764,2023-01-17 21:56:00+00:00,E1,0,assign,0
4765,2023-01-17 21:57:00+00:00,E1,0,assign,0
4766,2023-01-17 22:07:00+00:00,E2,0,assign,0
4767,2023-01-17 22:11:00+00:00,A,188,assign,0
4768,2023-01-17 22:19:00+00:00,A,189,assign,0
4769,2023-01-17 22:27:00+00:00,F,0,assign,0
4770,2023-01-17 22:28:00+00:00,E2,0,assign,0
4771,2023-01-17 22:39:00+00:00,E2,0,assign,0
4772,2023-01-17 22:45:00+00:00,A,190,assign,0
4773,2023-01-17 23:06:00+00:00,A,192,assign,0
4774,2023-01-17 23:19:00+00:00,A,194,assign,0
4775,2023-01-17 23:27:00+00:00,A,196,assign,0
4776,2023-01-17 23:52:00+00:00,A,197,assign,0
4777,2023-01-18 00:11:00+00:00,C,0,assign,0
4778,2023-01-18 00:14:00+00:00,B1,0,assign,0
4779,2023-01-18 00:14:00+00:00,D,0,assign,0
4780,2023-01-18 00:24:00+00:00,A,198,assign,0
4781,2023-01-18 00:38:00+00:00,C,0,assign,0
4782,2023-01-18 00:42:00+00:00,B2,0,assign,0
4783,2023-01-18 00:42:00+00:00,D,0,assign,0
4784,2023-01-18 00:45:00+00:00,B1,0,assign,0
4785,2023-01-18 01:16:00+00:00,B2,0,assign,0
4786,2023-01-18 01:30:00+00:00,A,199,assign,0
4787,2023-01-18 01:43:00+00:00,A,200,assign,0
4788,2023-01-18 01:56:00+00:00,A,201,assign,0
4789,2023-01-18 01:58:00+00:00,E1,0,assign,0
4790,2023-01-18 01:59:00+00:00,E1,0,assign,0
4791,2023-01-18 02:23:00+00:00,C,0,assign,0
4792,2023-01-18 02:27:00+00:00,D,0,assign,0
4793,2023-01-18 02:27:00+00:00,B1,0,assign,0
4794,2023-01-18 02:41:00+00:00,E2,0,assign,0
4795,2023-01-18 02:48:00+00:00,E2,0,assign,0
4796,2023-01-18 02:56:00+00:00,B2,0,assign,0
4797,2023-01-18 03:12:00+00:00,A,202,assign,0
4798,2023-01-18 03:18:00+00:00,A,204,assign,0
4799,2023-01-18 03:25:00+00:00,A,205,assign,0
4800,2023-01-18 03:33:00+00:00,F,0,assign,0
4801,2023-01-18 04:53:00+00:00,A,207,assign,0
4802,2023-01-18 05:27:00+00:00,A,208,assign,0
4803,2023-01-18 05:43:00+00:00,C,0,assign,0
4804,2023-01-18 05:47:00+00:00,D,0,assign,0
4805,2023-01-18 05:47:00+00:00,B1,0,assign,0
4806,2023-01-18 05:56:00+00:00,A,209,assign,0
4807,2023-01-18 05:57:00+00:00,A,210,assign,0
4808,2023-01-18 06:04:00+00:00,A,211,assign,0
4809,2023-01-18 06:06:00+00:00,A,212,assign,0
4810,2023-01-18 06:07:00+00:00,A,213,assign,0
4811,2023-01-18 06:12:00+00:00,B2,0,assign,0
4812,2023-01-18 06:19:00+00:00,C,0,assign,0
4813,2023-01-18 06:20:00+00:00,C,0,assign,0
4814,2023-01-18 06:21:00+00:00,D,0,assign,0
4815,2023-01-18 06:23:00+00:00,D,0,assign,0
4816,2023-01-18 06:24:00+00:00,C,0,assign,0
4817,2023-01-18 06:25:00+00:00,C,0,assign,0
4818,2023-01-18 06:25:00+00:00,D,0,assign,0
4819,2023-01-18 06:26:00+00:00,B1,0,assign,0
4820,2023-01-18 06:26:00+00:00,B1,0,assign,0
4821,2023-01-18 06:27:00+00:00,D,0,assign,0
4822,2023-01-18 06:27:00+00:00,A,214,assign,0
4823,2023-01-18 06:27:00+00:00,B1,0,assign,0
4824,2023-01-18 06:28:00+00:00,B1,0,assign,0
4825,2023-01-18 06:31:00+00:00,C,0,assign,0
4826,2023-01-18 06:33:00+00:00,B1,0,assign,0
4827,2023-01-18 06:35:00+00:00,D,0,assign,0
4828,2023-01-18 06:42:00+00:00,B2,0,assign,0
4829,2023-01-18 06:52:00+00:00,C,0,assign,0
4830,2023-01-18 06:54:00+00:00,B1,0,assign,0
4831,2023-01-18 06:56:00+00:00,D,0,assign,0
4832,2023-01-18 06:58:00+00:00,A,215,assign,0
4833,2023-01-18 07:03:00+00:00,B2,0,assign,0
4834,2023-01-18 07:07:00+00:00,B2,0,assign,0
4835,2023-01-18 07:09:00+00:00,A,216,assign,0
4836,2023-01-18 07:11:00+00:00,B2,0,assign,0
4837,2023-01-18 07:11:00+00:00,A,217,assign,0
4838,2023-01-18 07:13:00+00:00,B2,0,assign,0
4839,2023-01-18 07:16:00+00:00,C,0,assign,0
4840,2023-01-18 07:18:00+00:00,B1,0,assign,0
4841,2023-01-18 07:21:00+00:00,D,0,assign,0
4842,2023-01-18 07:22:00+00:00,C,0,assign,0
4843,2023-01-18 07:22:00+00:00,F,0,assign,0
4844,2023-01-18 07:26:00+00:00,B1,0,assign,0
4845,2023-01-18 07:27:00+00:00,D,0,assign,0
4846,2023-01-18 07:28:00+00:00,A,218,assign,0
4847,2023-01-18 07:28:00+00:00,B2,0,assign,0
4848,2023-01-18 07:28:00+00:00,A,219,assign,0
4849,2023-01-18 07:38:00+00:00,B2,0,assign,0
4850,2023-01-18 07:43:00+00:00,C,0,assign,0
4851,2023-01-18 07:44:00+00:00,A,220,assign,0
4852,2023-01-18 07:45:00+00:00,A,221,assign,0
4853,2023-01-18 07:46:00+00:00,D,0,assign,0
4854,2023-01-18 07:47:00+00:00,A,222,assign,0
4855,2023-01-18 07:50:00+00:00,B1,0,assign,0
4856,2023-01-18 07:51:00+00:00,B2,0,assign,0
4857,2023-01-18 07:52:00+00:00,A,223,assign,0
4858,2023-01-18 07:55:00+00:00,E1,0,assign,0
4859,2023-01-18 07:56:00+00:00,C,0,assign,0
4860,2023-01-18 07:57:00+00:00,D,0,assign,0
4861,2023-01-18 07:58:00+00:00,A,224,assign,0
4862,2023-01-18 08:00:00+00:00,B1,0,assign,0
4863,2023-01-18 08:03:00+00:00,F,0,assign,0
4864,2023-01-18 08:13:00+00:00,E1,0,assign,0
4865,2023-01-18 08:15:00+00:00,F,0,assign,0
4866,2023-01-18 08:20:00+00:00,E1,0,assign,0
4867,2023-01-18 08:23:00+00:00,E2,0,assign,0
4868,2023-01-18 08:25:00+00:00,B2,0,assign,0
4869,2023-01-18 08:25:00+00:00,A,225,assign,0
4870,2023-01-18 08:26:00+00:00,A,226,assign,0
4871,2023-01-18 08:27:00+00:00,B2,0,assign,0
4872,2023-01-18 08:34:00+00:00,A,227,assign,0
4873,2023-01-18 08:36:00+00:00,E1,0,assign,0
4874,2023-01-18 08:36:00+00:00,F,0,assign,0
4875,2023-01-18 08:38:00+00:00,A,228,assign,0
4876,2023-01-18 08:38:00+00:00,E2,0,assign,0
4877,2023-01-18 08:42:00+00:00,A,230,assign,0
4878,2023-01-18 08:45:00+00:00,F,0,assign,0
4879,2023-01-18 08:49:00+00:00,A,231,assign,0
4880,2023-01-18 08:57:00+00:00,E2,0,assign,0
4881,2023-01-18 09:05:00+00:00,A,232,assign,0
4882,2023-01-18 09:06:00+00:00,A,234,assign,0
4883,2023-01-18 09:07:00+00:00,E2,0,assign,0
4884,2023-01-18 09:08:00+00:00,A,235,assign,0
4885,2023-01-18 09:16:00+00:00,A,236,assign,0
4886,2023-01-18 09:16:00+00:00,C,0,assign,0
4887,2023-01-18 09:19:00+00:00,B1,0,assign,0
4888,2023-01-18 09:19:00+00:00,D,0,assign,0
4889,2023-01-18 09:25:00+00:00,A,238,assign,0
4890,2023-01-18 09:26:00+00:00,A,239,assign,0
4891,2023-01-18 09:30:00+00:00,E1,0,assign,0
4892,2023-01-18 09:31:00+00:00,A,241,assign,0
4893,2023-01-18 09:32:00+00:00,A,242,assign,0
4894,2023-01-18 09:37:00+00:00,B2,0,assign,0
4895,2023-01-18 09:46:00+00:00,A,243,assign,0
4896,2023-01-18 09:50:00+00:00,A,244,assign,0
4897,2023-01-18 09:53:00+00:00,E1,0,assign,0
4898,2023-01-18 10:06:00+00:00,C,0,assign,0
4899,2023-01-18 10:07:00+00:00,D,0,assign,0
4900,2023-01-18 10:12:00+00:00,B1,0,assign,0
4901,2023-01-18 10:14:00+00:00,E2,0,assign,0
4902,2023-01-18 10:14:00+00:00,A,245,assign,0
4903,2023-01-18 10:18:00+00:00,E2,0,assign,0
4904,2023-01-18 10:22:00+00:00,A,246,assign,0
4905,2023-01-18 10:34:00+00:00,E1,0,assign,0
4906,2023-01-18 10:42:00+00:00,A,247,assign,0
4907,2023-01-18 10:47:00+00:00,A,249,assign,0
4908,2023-01-18 10:50:00+00:00,B2,0,assign,0
4909,2023-01-18 10:51:00+00:00,C,0,assign,0
4910,2023-01-18 10:54:00+00:00,D,0,assign,0
4911,2023-01-18 10:57:00+00:00,B1,0,assign,0
4912,2023-01-18 11:10:00+00:00,E2,0,assign,0
4913,2023-01-18 11:24:00+00:00,A,251,assign,0
4914,2023-01-18 11:31:00+00:00,A,252,assign,0
4915,2023-01-18 11:38:00+00:00,C,0,assign,0
4916,2023-01-18 11:39:00+00:00,B2,0,assign,0
4917,2023-01-18 11:43:00+00:00,D,0,assign,0
4918,2023-01-18 11:44:00+00:00,B1,0,assign,0
4919,2023-01-18 11:50:00+00:00,A,254,assign,0
4920,2023-01-18 12:16:00+00:00,E1,0,assign,0
4921,2023-01-18 12:16:00+00:00,A,255,assign,0
4922,2023-01-18 12:20:00+00:00,A,256,assign,0
4923,2023-01-18 12:22:00+00:00,B2,0,assign,0
4924,2023-01-18 12:38:00+00:00,E1,0,assign,0
4925,2023-01-18 12:44:00+00:00,A,257,assign,0
4926,2023-01-18 12:45:00+00:00,C,0,assign,0
4927,2023-01-18 12:47:00+00:00,B1,0,assign,0
4928,2023-01-18 12:48:00+00:00,D,0,assign,0
4929,2023-01-18 12:51:00+00:00,E2,0,assign,0
4930,2023-01-18 13:00:00+00:00,C,0,assign,0
4931,2023-01-18 13:05:00+00:00,B1,0,assign,0
4932,2023-01-18 13:05:00+00:00,D,0,assign,0
4933,2023-01-18 13:05:00+00:00,B2,0,assign,0
4934,2023-01-18 13:17:00+00:00,E2,0,assign,0
4935,2023-01-18 13:21:00+00:00,B2,0,assign,0
4936,2023-01-18 13:22:00+00:00,A,258,assign,0
4937,2023-01-18 13:29:00+00:00,A,259,assign,0
4938,2023-01-18 13:29:00+00:00,A,260,assign,0
4939,2023-01-18 13:43:00+00:00,A,262,assign,0
4940,2023-01-18 13:47:00+00:00,F,0,assign,0
4941,2023-01-18 13:53:00+00:00,E1,0,assign,0
4942,2023-01-18 14:16:00+00:00,E2,0,assign,0
4943,2023-01-18 14:21:00+00:00,A,264,assign,0
4944,2023-01-18 14:33:00+00:00,A,265,assign,0
4945,2023-01-18 14:42:00+00:00,E1,0,assign,0
4946,2023-01-18 14:54:00+00:00,A,266,assign,0
4947,2023-01-18 15:22:00+00:00,E2,0,assign,0
4948,2023-01-18 15:43:00+00:00,A,268,assign,0
4949,2023-01-18 16:44:00+00:00,A,270,assign,0
4950,2023-01-18 16:54:00+00:00,C,0,assign,0
4951,2023-01-18 16:56:00+00:00,D,0,assign,0
4952,2023-01-18 16:58:00+00:00,B1,0,assign,0
4953,2023-01-18 17:21:00+00:00,B2,0,assign,0
4954,2023-01-18 17:24:00+00:00,A,271,assign,0
4955,2023-01-18 17:44:00+00:00,C,0,assign,0
4956,2023-01-18 17:45:00+00:00,D,0,assign,0
4957,2023-01-18 17:51:00+00:00,B1,0,assign,0
4958,2023-01-18 17:58:00+00:00,A,272,assign,0
4959,2023-01-18 18:05:00+00:00,A,273,assign,0
4960,2023-01-18 18:13:00+00:00,C,0,assign,0
4961,2023-01-18 18:16:00+00:00,B2,0,assign,0
4962,2023-01-18 18:16:00+00:00,D,0,assign,0
4963,2023-01-18 18:20:00+00:00,B1,0,assign,0
4964,2023-01-18 18:24:00+00:00,F,0,assign,0
4965,2023-01-18 18:26:00+00:00,A,274,assign,0
4966,2023-01-18 18:50:00+00:00,B2,0,assign,0
4967,2023-01-18 18:56:00+00:00,C,0,assign,0
4968,2023-01-18 19:01:00+00:00,B1,0,assign,0
4969,2023-01-18 19:01:00+00:00,D,0,assign,0
4970,2023-01-18 19:03:00+00:00,A,275,assign,0
4971,2023-01-18 19:25:00+00:00,E1,0,assign,0
4972,2023-01-18 19:34:00+00:00,A,276,assign,0
4973,2023-01-18 19:40:00+00:00,A,277,assign,0
4974,2023-01-18 19:41:00+00:00,B2,0,assign,0
4975,2023-01-18 19:51:00+00:00,E1,0,assign,0
4976,2023-01-18 20:04:00+00:00,E2,0,assign,0
4977,2023-01-18 20:19:00+00:00,A,278,assign,0
4978,2023-01-18 20:26:00+00:00,E2,0,assign,0
4979,2023-01-18 20:27:00+00:00,A,280,assign,0
4980,2023-01-18 20:38:00+00:00,E1,0,assign,0
4981,2023-01-18 20:45:00+00:00,A,281,assign,0
4982,2023-01-18 21:07:00+00:00,E2,0,assign,0
4983,2023-01-18 21:40:00+00:00,A,283,assign,0
4984,2023-01-18 22:22:00+00:00,A,285,assign,0
4985,2023-01-18 22:42:00+00:00,C,0,assign,0
4986,2023-01-18 22:45:00+00:00,B1,0,assign,0
4987,2023-01-18 22:47:00+00:00,D,0,assign,0
4988,2023-01-18 23:18:00+00:00,B2,0,assign,0
4989,2023-01-18 23:59:00+00:00,A,286,assign,0
4990,2023-01-19 00:08:00+00:00,A,287,assign,0
4991,2023-01-19 00:18:00+00:00,A,288,assign,0
4992,2023-01-19 00:20:00+00:00,F,0,assign,0
4993,2023-01-19 00:26:00+00:00,C,0,assign,0
4994,2023-01-19 00:27:00+00:00,D,0,assign,0
4995,2023-01-19 00:31:00+00:00,B1,0,assign,0
4996,2023-01-19 00:47:00+00:00,C,0,assign,0
4997,2023-01-19 00:50:00+00:00,D,0,assign,0
4998,2023-01-19 00:51:00+00:00,B1,0,assign,0
4999,2023-01-19 01:04:00+00:00,A,289,assign,0
5000,2023-01-19 01:06:00+00:00,B2,0,assign,0
5001,2023-01-19 01:15:00+00:00,A,290,assign,0
5002,2023-01-19 01:28:00+00:00,B2,0,assign,0
5003,2023-01-19 01:32:00+00:00,C,0,assign,0
5004,2023-01-19 01:35:00+00:00,B1,0,assign,0
5005,2023-01-19 01:36:00+00:00,D,0,assign,0
5006,2023-01-19 02:00:00+00:00,A,291,assign,0
5007,2023-01-19 02:00:00+00:00,A,292,assign,0
5008,2023-01-19 02:06:00+00:00,B2,0,assign,0
5009,2023-01-19 02:15:00+00:00,E1,0,assign,0
5010,2023-01-19 02:18:00+00:00,F,0,assign,0
5011,2023-01-19 02:45:00+00:00,A,293,assign,0
5012,2023-01-19 02:47:00+00:00,E2,0,assign,0
5013,2023-01-19 03:00:00+00:00,F,0,assign,0
5014,2023-01-19 03:07:00+00:00,A,294,assign,0
5015,2023-01-19 03:13:00+00:00,A,296,assign,0
5016,2023-01-19 03:24:00+00:00,A,297,assign,0
5017,2023-01-19 03:29:00+00:00,C,0,assign,0
5018,2023-01-19 03:30:00+00:00,D,0,assign,0
5019,2023-01-19 03:35:00+00:00,B1,0,assign,0
5020,2023-01-19 03:37:00+00:00,A,298,assign,0
5021,2023-01-19 03:48:00+00:00,A,299,assign,0
5022,2023-01-19 03:50:00+00:00,B2,0,assign,0
5023,2023-01-19 04:13:00+00:00,C,0,assign,0
5024,2023-01-19 04:15:00+00:00,A,300,assign,0
5025,2023-01-19 04:17:00+00:00,B1,0,assign,0
5026,2023-01-19 04:18:00+00:00,D,0,assign,0
5027,2023-01-19 04:26:00+00:00,C,0,assign,0
5028,2023-01-19 04:30:00+00:00,D,0,assign,0
5029,2023-01-19 04:31:00+00:00,A,301,assign,0
5030,2023-01-19 04:32:00+00:00,B1,0,assign,0
5031,2023-01-19 04:33:00+00:00,A,302,assign,0
5032,2023-01-19 04:36:00+00:00,B2,0,assign,0
5033,2023-01-19 04:43:00+00:00,C,0,assign,0
5034,2023-01-19 04:45:00+00:00,B1,0,assign,0
5035,2023-01-19 04:47:00+00:00,D,0,assign,0
5036,2023-01-19 04:49:00+00:00,C,0,assign,0
5037,2023-01-19 04:50:00+00:00,B2,0,assign,0
5038,2023-01-19 04:51:00+00:00,D,0,assign,0
5039,2023-01-19 04:53:00+00:00,B1,0,assign,0
5040,2023-01-19 04:57:00+00:00,A,303,assign,0
5041,2023-01-19 05:16:00+00:00,B2,0,assign,0
5042,2023-01-19 05:16:00+00:00,B2,0,assign,0
5043,2023-01-19 05:23:00+00:00,F,0,assign,0
5044,2023-01-19 05:24:00+00:00,A,304,assign,0
5045,2023-01-19 05:29:00+00:00,A,305,assign,0
5046,2023-01-19 05:40:00+00:00,A,306,assign,0
5047,2023-01-19 05:40:00+00:00,A,307,assign,0
5048,2023-01-19 05:42:00+00:00,C,0,assign,0
5049,2023-01-19 05:44:00+00:00,D,0,assign,0
5050,2023-01-19 05:44:00+00:00,B1,0,assign,0
5051,2023-01-19 05:55:00+00:00,A,308,assign,0
5052,2023-01-19 05:55:00+00:00,E1,0,assign,0
5053,2023-01-19 05:59:00+00:00,B2,0,assign,0
5054,2023-01-19 05:59:00+00:00,E1,0,assign,0
5055,2023-01-19 06:01:00+00:00,C,0,assign,0
5056,2023-01-19 06:02:00+00:00,A,309,assign,0
5057,2023-01-19 06:04:00+00:00,D,0,assign,0
5058,2023-01-19 06:04:00+00:00,B1,0,assign,0
5059,2023-01-19 06:05:00+00:00,E1,0,assign,0
5060,2023-01-19 06:10:00+00:00,A,310,assign,0
5061,2023-01-19 06:10:00+00:00,A,311,assign,0
5062,2023-01-19 06:19:00+00:00,E2,0,assign,0
5063,2023-01-19 06:19:00+00:00,A,312,assign,0
5064,2023-01-19 06:21:00+00:00,C,0,assign,0
5065,2023-01-19 06:21:00+00:00,C,0,assign,0
5066,2023-01-19 06:23:00+00:00,B1,0,assign,0
5067,2023-01-19 06:24:00+00:00,D,0,assign,0
5068,2023-01-19 06:25:00+00:00,D,0,assign,0
5069,2023-01-19 06:26:00+00:00,B1,0,assign,0
5070,2023-01-19 06:30:00+00:00,E1,0,assign,0
5071,2023-01-19 06:34:00+00:00,E2,0,assign,0
5072,2023-01-19 06:40:00+00:00,A,313,assign,0
5073,2023-01-19 06:40:00+00:00,E2,0,assign,0
5074,2023-01-19 06:42:00+00:00,B2,0,assign,0
5075,2023-01-19 06:49:00+00:00,B2,0,assign,0
5076,2023-01-19 06:51:00+00:00,B2,0,assign,0
5077,2023-01-19 06:58:00+00:00,A,315,assign,0
5078,2023-01-19 07:09:00+00:00,A,316,assign,0
5079,2023-01-19 07:11:00+00:00,E2,0,assign,0
5080,2023-01-19 07:14:00+00:00,A,318,assign,0
5081,2023-01-19 07:25:00+00:00,E1,0,assign,0
5082,2023-01-19 07:27:00+00:00,A,320,assign,0
5083,2023-01-19 07:29:00+00:00,A,321,assign,0
5084,2023-01-19 07:30:00+00:00,A,323,assign,0
5085,2023-01-19 07:31:00+00:00,A,324,assign,0
5086,2023-01-19 07:36:00+00:00,A,325,assign,0
5087,2023-01-19 07:38:00+00:00,A,326,assign,0
5088,2023-01-19 07:40:00+00:00,F,0,assign,0
5089,2023-01-19 07:46:00+00:00,A,327,assign,0
5090,2023-01-19 07:51:00+00:00,E2,0,assign,0
5091,2023-01-19 07:51:00+00:00,E1,0,assign,0
5092,2023-01-19 07:55:00+00:00,F,0,assign,0
5093,2023-01-19 08:01:00+00:00,C,0,assign,0
5094,2023-01-19 08:05:00+00:00,D,0,assign,0
5095,2023-01-19 08:05:00+00:00,B1,0,assign,0
5096,2023-01-19 08:05:00+00:00,C,0,assign,0
5097,2023-01-19 08:08:00+00:00,B1,0,assign,0
5098,2023-01-19 08:09:00+00:00,D,0,assign,0
5099,2023-01-19 08:16:00+00:00,C,0,assign,0
5100,2023-01-19 08:19:00+00:00,B1,0,assign,0
5101,2023-01-19 08:20:00+00:00,D,0,assign,0
5102,2023-01-19 08:23:00+00:00,A,328,assign,0
5103,2023-01-19 08:25:00+00:00,B2,0,assign,0
5104,2023-01-19 08:29:00+00:00,B2,0,assign,0
5105,2023-01-19 08:34:00+00:00,A,330,assign,0
5106,2023-01-19 08:39:00+00:00,E2,0,assign,0
5107,2023-01-19 08:58:00+00:00,A,331,assign,0
5108,2023-01-19 09:01:00+00:00,A,332,assign,0
5109,2023-01-19 09:04:00+00:00,B2,0,assign,0
5110,2023-01-19 09:12:00+00:00,A,333,assign,0
5111,2023-01-19 09:14:00+00:00,A,335,assign,0
5112,2023-01-19 09:22:00+00:00,C,0,assign,0
5113,2023-01-19 09:24:00+00:00,A,336,assign,0
5114,2023-01-19 09:24:00+00:00,D,0,assign,0
5115,2023-01-19 09:27:00+00:00,F,0,assign,0
5116,2023-01-19 09:28:00+00:00,A,337,assign,0
5117,2023-01-19 09:29:00+00:00,B1,0,assign,0
5118,2023-01-19 09:37:00+00:00,A,338,assign,0
5119,2023-01-19 09:38:00+00:00,A,339,assign,0
5120,2023-01-19 09:40:00+00:00,E1,0,assign,0
5121,2023-01-19 09:42:00+00:00,A,340,assign,0
5122,2023-01-19 09:51:00+00:00,C,0,assign,0
5123,2023-01-19 09:52:00+00:00,D,0,assign,0
5124,2023-01-19 09:52:00+00:00,E1,0,assign,0
5125,2023-01-19 09:53:00+00:00,C,0,assign,0
5126,2023-01-19 09:54:00+00:00,B2,0,assign,0
5127,2023-01-19 09:56:00+00:00,D,0,assign,0
5128,2023-01-19 09:58:00+00:00,B1,0,assign,0
5129,2023-01-19 09:58:00+00:00,B1,0,assign,0
5130,2023-01-19 10:01:00+00:00,C,0,assign,0
5131,2023-01-19 10:05:00+00:00,D,0,assign,0
5132,2023-01-19 10:07:00+00:00,B1,0,assign,0
5133,2023-01-19 10:21:00+00:00,E2,0,assign,0
5134,2023-01-19 10:31:00+00:00,E2,0,assign,0
5135,2023-01-19 10:34:00+00:00,A,341,assign,0
5136,2023-01-19 10:35:00+00:00,B2,0,assign,0
5137,2023-01-19 10:38:00+00:00,B2,0,assign,0
5138,2023-01-19 10:40:00+00:00,B2,0,assign,0
5139,2023-01-19 10:45:00+00:00,A,342,assign,0
5140,2023-01-19 10:54:00+00:00,A,343,assign,0
5141,2023-01-19 10:58:00+00:00,F,0,assign,0
5142,2023-01-19 11:01:00+00:00,A,345,assign,0
5143,2023-01-19 11:04:00+00:00,A,347,assign,0
5144,2023-01-19 11:10:00+00:00,A,348,assign,0
5145,2023-01-19 11:10:00+00:00,A,349,assign,0
5146,2023-01-19 11:24:00+00:00,E1,0,assign,0
5147,2023-01-19 11:29:00+00:00,E1,0,assign,0
5148,2023-01-19 11:32:00+00:00,A,350,assign,0
5149,2023-01-19 11:37:00+00:00,A,351,assign,0
5150,2023-01-19 11:39:00+00:00,F,0,assign,0
5151,2023-01-19 11:46:00+00:00,E2,0,assign,0
5152,2023-01-19 11:52:00+00:00,A,352,assign,0
5153,2023-01-19 11:54:00+00:00,A,353,assign,0
5154,2023-01-19 11:55:00+00:00,A,354,assign,0
5155,2023-01-19 11:57:00+00:00,C,0,assign,0
5156,2023-01-19 11:58:00+00:00,D,0,assign,0
5157,2023-01-19 12:00:00+00:00,B1,0,assign,0
5158,2023-01-19 12:07:00+00:00,C,0,assign,0
5159,2023-01-19 12:08:00+00:00,E2,0,assign,0
5160,2023-01-19 12:08:00+00:00,D,0,assign,0
5161,2023-01-19 12:12:00+00:00,C,0,assign,0
5162,2023-01-19 12:13:00+00:00,B1,0,assign,0
5163,2023-01-19 12:14:00+00:00,D,0,assign,0
5164,2023-01-19 12:19:00+00:00,B1,0,assign,0
5165,2023-01-19 12:23:00+00:00,C,0,assign,0
5166,2023-01-19 12:24:00+00:00,A,355,assign,0
5167,2023-01-19 12:25:00+00:00,B1,0,assign,0
5168,2023-01-19 12:26:00+00:00,D,0,assign,0
5169,2023-01-19 12:26:00+00:00,A,356,assign,0
5170,2023-01-19 12:37:00+00:00,A,358,assign,0
5171,2023-01-19 12:41:00+00:00,A,359,assign,0
5172,2023-01-19 12:41:00+00:00,B2,0,assign,0
5173,2023-01-19 12:48:00+00:00,C,0,assign,0
5174,2023-01-19 12:50:00+00:00,D,0,assign,0
5175,2023-01-19 12:52:00+00:00,B2,0,assign,0
5176,2023-01-19 12:54:00+00:00,B1,0,assign,0
5177,2023-01-19 12:55:00+00:00,B2,0,assign,0
5178,2023-01-19 13:06:00+00:00,B2,0,assign,0
5179,2023-01-19 13:12:00+00:00,A,361,assign,0
5180,2023-01-19 13:19:00+00:00,A,362,assign,0
5181,2023-01-19 13:36:00+00:00,C,0,assign,0
5182,2023-01-19 13:36:00+00:00,A,363,assign,0
5183,2023-01-19 13:37:00+00:00,B2,0,assign,0
5184,2023-01-19 13:38:00+00:00,A,364,assign,0
5185,2023-01-19 13:39:00+00:00,D,0,assign,0
5186,2023-01-19 13:42:00+00:00,B1,0,assign,0
5187,2023-01-19 13:47:00+00:00,E1,0,assign,0
5188,2023-01-19 13:54:00+00:00,A,365,assign,0
5189,2023-01-19 13:56:00+00:00,F,0,assign,0
5190,2023-01-19 14:01:00+00:00,A,366,assign,0
5191,2023-01-19 14:01:00+00:00,E1,0,assign,0
5192,2023-01-19 14:04:00+00:00,A,367,assign,0
5193,2023-01-19 14:09:00+00:00,F,0,assign,0
5194,2023-01-19 14:10:00+00:00,E2,0,assign,0
5195,2023-01-19 14:12:00+00:00,A,368,assign,0
5196,2023-01-19 14:15:00+00:00,B2,0,assign,0
5197,2023-01-19 14:20:00+00:00,C,0,assign,0
5198,2023-01-19 14:23:00+00:00,D,0,assign,0
5199,2023-01-19 14:26:00+00:00,C,0,assign,0
5200,2023-01-19 14:27:00+00:00,B1,0,assign,0
5201,2023-01-19 14:28:00+00:00,B1,0,assign,0
5202,2023-01-19 14:28:00+00:00,D,0,assign,0
5203,2023-01-19 14:33:00+00:00,C,0,assign,0
5204,2023-01-19 14:34:00+00:00,E2,0,assign,0
5205,2023-01-19 14:36:00+00:00,D,0,assign,0
5206,2023-01-19 14:36:00+00:00,B1,0,assign,0
5207,2023-01-19 14:37:00+00:00,A,369,assign,0
5208,2023-01-19 14:43:00+00:00,A,370,assign,0
5209,2023-01-19 14:47:00+00:00,E1,0,assign,0
5210,2023-01-19 14:54:00+00:00,B2,0,assign,0
5211,2023-01-19 15:03:00+00:00,A,372,assign,0
5212,2023-01-19 15:04:00+00:00,B2,0,assign,0
5213,2023-01-19 15:07:00+00:00,A,373,assign,0
5214,2023-01-19 15:09:00+00:00,A,375,assign,0
5215,2023-01-19 15:11:00+00:00,B2,0,assign,0
5216,2023-01-19 15:13:00+00:00,A,376,assign,0
5217,2023-01-19 15:19:00+00:00,F,0,assign,0
5218,2023-01-19 15:28:00+00:00,E2,0,assign,0
5219,2023-01-19 15:47:00+00:00,A,377,assign,0
5220,2023-01-19 15:50:00+00:00,A,379,assign,0
5221,2023-01-19 15:53:00+00:00,A,380,assign,0
5222,2023-01-19 16:01:00+00:00,F,0,assign,0
5223,2023-01-19 16:01:00+00:00,A,381,assign,0
5224,2023-01-19 16:05:00+00:00,E1,0,assign,0
5225,2023-01-19 16:14:00+00:00,A,382,assign,0
5226,2023-01-19 16:23:00+00:00,E1,0,assign,0
5227,2023-01-19 16:44:00+00:00,E2,0,assign,0
5228,2023-01-19 17:01:00+00:00,A,383,assign,0
5229,2023-01-19 17:05:00+00:00,E2,0,assign,0
5230,2023-01-19 17:11:00+00:00,A,384,assign,0
5231,2023-01-19 17:15:00+00:00,A,385,assign,0
5232,2023-01-19 17:23:00+00:00,C,0,assign,0
5233,2023-01-19 17:26:00+00:00,B1,0,assign,0
5234,2023-01-19 17:27:00+00:00,D,0,assign,0
5235,2023-01-19 17:32:00+00:00,A,387,assign,0
5236,2023-01-19 17:37:00+00:00,A,389,assign,0
5237,2023-01-19 17:42:00+00:00,A,390,assign,0
5238,2023-01-19 17:52:00+00:00,C,0,assign,0
5239,2023-01-19 17:56:00+00:00,D,0,assign,0
5240,2023-01-19 17:57:00+00:00,B1,0,assign,0
5241,2023-01-19 17:59:00+00:00,C,0,assign,0
5242,2023-01-19 18:02:00+00:00,B1,0,assign,0
5243,2023-01-19 18:02:00+00:00,B2,0,assign,0
5244,2023-01-19 18:02:00+00:00,D,0,assign,0
5245,2023-01-19 18:16:00+00:00,B2,0,assign,0
5246,2023-01-19 18:20:00+00:00,A,391,assign,0
5247,2023-01-19 18:26:00+00:00,B2,0,assign,0
5248,2023-01-19 18:33:00+00:00,A,392,assign,0
5249,2023-01-19 18:49:00+00:00,C,0,assign,0
5250,2023-01-19 18:52:00+00:00,B1,0,assign,0
5251,2023-01-19 18:53:00+00:00,D,0,assign,0
5252,2023-01-19 18:58:00+00:00,F,0,assign,0
5253,2023-01-19 19:03:00+00:00,A,393,assign,0
5254,2023-01-19 19:17:00+00:00,E1,0,assign,0
5255,2023-01-19 19:21:00+00:00,B2,0,assign,0
5256,2023-01-19 19:22:00+00:00,A,394,assign,0
5257,2023-01-19 19:36:00+00:00,F,0,assign,0
5258,2023-01-19 19:50:00+00:00,E2,0,assign,0
5259,2023-01-19 20:08:00+00:00,A,395,assign,0
5260,2023-01-19 20:18:00+00:00,A,396,assign,0
5261,2023-01-19 20:19:00+00:00,A,397,assign,0
5262,2023-01-19 20:40:00+00:00,A,399,assign,0
5263,2023-01-19 20:41:00+00:00,E1,0,assign,0
5264,2023-01-19 20:52:00+00:00,A,400,assign,0
5265,2023-01-19 21:01:00+00:00,C,0,assign,0
5266,2023-01-19 21:03:00+00:00,D,0,assign,0
5267,2023-01-19 21:07:00+00:00,B1,0,assign,0
5268,2023-01-19 21:08:00+00:00,A,401,assign,0
5269,2023-01-19 21:15:00+00:00,E2,0,assign,0
5270,2023-01-19 21:22:00+00:00,B2,0,assign,0
5271,2023-01-19 21:34:00+00:00,C,0,assign,0
5272,2023-01-19 21:38:00+00:00,D,0,assign,0
5273,2023-01-19 21:40:00+00:00,B1,0,assign,0
5274,2023-01-19 21:42:00+00:00,A,402,assign,0
5275,2023-01-19 22:06:00+00:00,B2,0,assign,0
5276,2023-01-19 22:08:00+00:00,A,404,assign,0
5277,2023-01-19 22:18:00+00:00,A,405,assign,0
5278,2023-01-19 22:21:00+00:00,C,0,assign,0
5279,2023-01-19 22:23:00+00:00,B1,0,assign,0
5280,2023-01-19 22:25:00+00:00,D,0,assign,0
5281,2023-01-19 22:34:00+00:00,A,406,assign,0
5282,2023-01-19 22:37:00+00:00,A,407,assign,0
5283,2023-01-19 22:42:00+00:00,B2,0,assign,0
5284,2023-01-19 22:43:00+00:00,E1,0,assign,0
5285,2023-01-19 22:48:00+00:00,E1,0,assign,0
5286,2023-01-19 23:00:00+00:00,C,0,assign,0
5287,2023-01-19 23:03:00+00:00,B1,0,assign,0
5288,2023-01-19 23:05:00+00:00,D,0,assign,0
5289,2023-01-19 23:10:00+00:00,E2,0,assign,0
5290,2023-01-19 23:30:00+00:00,E2,0,assign,0
5291,2023-01-19 23:33:00+00:00,B2,0,assign,0
5292,2023-01-19 23:35:00+00:00,A,408,assign,0
5293,2023-01-19 23:47:00+00:00,A,409,assign,0
5294,2023-01-19 23:53:00+00:00,F,0,assign,0
5295,2023-01-19 23:56:00+00:00,A,411,assign,0
5296,2023-01-20 00:33:00+00:00,A,413,assign,0
5297,2023-01-20 00:33:00+00:00,A,414,assign,0
5298,2023-01-20 00:45:00+00:00,E1,0,assign,0
5299,2023-01-20 01:22:00+00:00,E2,0,assign,0
5300,2023-01-20 01:40:00+00:00,A,415,assign,0
5301,2023-01-20 01:54:00+00:00,A,416,assign,0
5302,2023-01-20 02:02:00+00:00,A,417,assign,0
5303,2023-01-20 02:08:00+00:00,C,0,assign,0
5304,2023-01-20 02:12:00+00:00,B1,0,assign,0
5305,2023-01-20 02:13:00+00:00,A,419,assign,0
5306,2023-01-20 02:13:00+00:00,D,0,assign,0
5307,2023-01-20 02:22:00+00:00,C,0,assign,0
5308,2023-01-20 02:25:00+00:00,D,0,assign,0
5309,2023-01-20 02:26:00+00:00,B1,0,assign,0
5310,2023-01-20 02:42:00+00:00,C,0,assign,0
5311,2023-01-20 02:44:00+00:00,B2,0,assign,0
5312,2023-01-20 02:45:00+00:00,D,0,assign,0
5313,2023-01-20 02:48:00+00:00,A,420,assign,0
5314,2023-01-20 02:48:00+00:00,B1,0,assign,0
5315,2023-01-20 02:54:00+00:00,A,421,assign,0
5316,2023-01-20 03:04:00+00:00,A,422,assign,0
5317,2023-01-20 03:06:00+00:00,C,0,assign,0
5318,2023-01-20 03:09:00+00:00,D,0,assign,0
5319,2023-01-20 03:09:00+00:00,B1,0,assign,0
5320,2023-01-20 03:11:00+00:00,B2,0,assign,0
5321,2023-01-20 03:11:00+00:00,B2,0,assign,0
5322,2023-01-20 03:14:00+00:00,A,423,assign,0
5323,2023-01-20 03:16:00+00:00,C,0,assign,0
5324,2023-01-20 03:19:00+00:00,D,0,assign,0
5325,2023-01-20 03:22:00+00:00,B1,0,assign,0
5326,2023-01-20 03:27:00+00:00,C,0,assign,0
5327,2023-01-20 03:29:00+00:00,D,0,assign,0
5328,2023-01-20 03:29:00+00:00,F,0,assign,0
5329,2023-01-20 03:34:00+00:00,B1,0,assign,0
5330,2023-01-20 03:37:00+00:00,B2,0,assign,0
5331,2023-01-20 03:43:00+00:00,B2,0,assign,0
5332,2023-01-20 03:49:00+00:00,A,424,assign,0
5333,2023-01-20 03:53:00+00:00,B2,0,assign,0
5334,2023-01-20 03:59:00+00:00,A,425,assign,0
5335,2023-01-20 04:08:00+00:00,F,0,assign,0
5336,2023-01-20 04:27:00+00:00,A,426,assign,0
5337,2023-01-20 04:29:00+00:00,F,0,assign,0
5338,2023-01-20 04:30:00+00:00,A,427,assign,0
5339,2023-01-20 04:31:00+00:00,A,428,assign,0
5340,2023-01-20 04:34:00+00:00,A,429,assign,0
5341,2023-01-20 04:41:00+00:00,A,430,assign,0
5342,2023-01-20 04:44:00+00:00,C,0,assign,0
5343,2023-01-20 04:46:00+00:00,B1,0,assign,0
5344,2023-01-20 04:46:00+00:00,D,0,assign,0
5345,2023-01-20 04:48:00+00:00,E1,0,assign,0
5346,2023-01-20 04:48:00+00:00,A,431,assign,0
5347,2023-01-20 04:51:00+00:00,A,432,assign,0
5348,2023-01-20 04:56:00+00:00,F,0,assign,0
5349,2023-01-20 05:02:00+00:00,E1,0,assign,0
5350,2023-01-20 05:06:00+00:00,A,433,assign,0
5351,2023-01-20 05:08:00+00:00,E2,0,assign,0
5352,2023-01-20 05:11:00+00:00,B2,0,assign,0
5353,2023-01-20 05:12:00+00:00,C,0,assign,0
5354,2023-01-20 05:13:00+00:00,C,0,assign,0
5355,2023-01-20 05:14:00+00:00,B1,0,assign,0
5356,2023-01-20 05:14:00+00:00,A,434,assign,0
5357,2023-01-20 05:15:00+00:00,D,0,assign,0
5358,2023-01-20 05:17:00+00:00,D,0,assign,0
5359,2023-01-20 05:18:00+00:00,B1,0,assign,0
5360,2023-01-20 05:27:00+00:00,A,435,assign,0
5361,2023-01-20 05:30:00+00:00,E2,0,assign,0
5362,2023-01-20 05:30:00+00:00,B2,0,assign,0
5363,2023-01-20 05:31:00+00:00,C,0,assign,0
5364,2023-01-20 05:36:00+00:00,B1,0,assign,0
5365,2023-01-20 05:36:00+00:00,D,0,assign,0
5366,2023-01-20 05:36:00+00:00,A,436,assign,0
5367,2023-01-20 05:40:00+00:00,B2,0,assign,0
5368,2023-01-20 05:45:00+00:00,A,437,assign,0
5369,2023-01-20 05:46:00+00:00,A,438,assign,0
5370,2023-01-20 05:59:00+00:00,E1,0,assign,0
5371,2023-01-20 05:59:00+00:00,C,0,assign,0
5372,2023-01-20 06:02:00+00:00,A,440,assign,0
5373,2023-01-20 06:02:00+00:00,D,0,assign,0
5374,2023-01-20 06:03:00+00:00,A,441,assign,0
5375,2023-01-20 06:04:00+00:00,B1,0,assign,0
5376,2023-01-20 06:10:00+00:00,A,442,assign,0
5377,2023-01-20 06:10:00+00:00,A,443,assign,0
5378,2023-01-20 06:12:00+00:00,B2,0,assign,0
5379,2023-01-20 06:28:00+00:00,C,0,assign,0
5380,2023-01-20 06:28:00+00:00,A,445,assign,0
5381,2023-01-20 06:29:00+00:00,C,0,assign,0
5382,2023-01-20 06:31:00+00:00,A,446,assign,0
5383,2023-01-20 06:32:00+00:00,D,0,assign,0
5384,2023-01-20 06:33:00+00:00,B1,0,assign,0
5385,2023-01-20 06:33:00+00:00,D,0,assign,0
5386,2023-01-20 06:35:00+00:00,B1,0,assign,0
5387,2023-01-20 06:39:00+00:00,A,447,assign,0
5388,2023-01-20 06:39:00+00:00,A,448,assign,0
5389,2023-01-20 06:40:00+00:00,B2,0,assign,0
5390,2023-01-20 06:45:00+00:00,E2,0,assign,0
5391,2023-01-20 06:52:00+00:00,F,0,assign,0
5392,2023-01-20 06:52:00+00:00,C,0,assign,0
5393,2023-01-20 06:54:00+00:00,C,0,assign,0
5394,2023-01-20 06:55:00+00:00,B1,0,assign,0
5395,2023-01-20 06:56:00+00:00,A,449,assign,0
5396,2023-01-20 06:56:00+00:00,D,0,assign,0
5397,2023-01-20 06:59:00+00:00,D,0,assign,0
5398,2023-01-20 07:01:00+00:00,B1,0,assign,0
5399,2023-01-20 07:01:00+00:00,F,0,assign,0
5400,2023-01-20 07:04:00+00:00,A,450,assign,0
5401,2023-01-20 07:12:00+00:00,B2,0,assign,0
5402,2023-01-20 07:16:00+00:00,B2,0,assign,0
5403,2023-01-20 07:19:00+00:00,B2,0,assign,0
5404,2023-01-20 07:20:00+00:00,A,452,assign,0
5405,2023-01-20 07:21:00+00:00,F,0,assign,0
5406,2023-01-20 07:33:00+00:00,B2,0,assign,0
5407,2023-01-20 07:44:00+00:00,A,453,assign,0
5408,2023-01-20 07:46:00+00:00,A,454,assign,0
5409,2023-01-20 07:46:00+00:00,E1,0,assign,0
5410,2023-01-20 07:47:00+00:00,A,455,assign,0
5411,2023-01-20 07:54:00+00:00,F,0,assign,0
5412,2023-01-20 07:56:00+00:00,A,456,assign,0
5413,2023-01-20 08:07:00+00:00,E2,0,assign,0
5414,2023-01-20 08:11:00+00:00,A,457,assign,0
5415,2023-01-20 08:12:00+00:00,A,458,assign,0
5416,2023-01-20 08:15:00+00:00,E1,0,assign,0
5417,2023-01-20 08:16:00+00:00,F,0,assign,0
5418,2023-01-20 08:21:00+00:00,A,459,assign,0
5419,2023-01-20 08:22:00+00:00,A,460,assign,0
5420,2023-01-20 08:25:00+00:00,A,461,assign,0
5421,2023-01-20 08:29:00+00:00,A,463,assign,0
5422,2023-01-20 08:29:00+00:00,F,0,assign,0
5423,2023-01-20 08:34:00+00:00,C,0,assign,0
5424,2023-01-20 08:39:00+00:00,D,0,assign,0
5425,2023-01-20 08:39:00+00:00,B1,0,assign,0
5426,2023-01-20 08:45:00+00:00,A,464,assign,0
5427,2023-01-20 08:50:00+00:00,C,0,assign,0
5428,2023-01-20 08:51:00+00:00,E2,0,assign,0
5429,2023-01-20 08:51:00+00:00,D,0,assign,0
5430,2023-01-20 08:57:00+00:00,B1,0,assign,0
5431,2023-01-20 08:57:00+00:00,A,465,assign,0
5432,2023-01-20 09:02:00+00:00,A,466,assign,0
5433,2023-01-20 09:03:00+00:00,C,0,assign,0
5434,2023-01-20 09:05:00+00:00,A,467,assign,0
5435,2023-01-20 09:05:00+00:00,B1,0,assign,0
5436,2023-01-20 09:07:00+00:00,D,0,assign,0
5437,2023-01-20 09:15:00+00:00,B2,0,assign,0
5438,2023-01-20 09:16:00+00:00,A,468,assign,0
5439,2023-01-20 09:40:00+00:00,B2,0,assign,0
5440,2023-01-20 09:40:00+00:00,B2,0,assign,0
5441,2023-01-20 10:06:00+00:00,A,470,assign,0
5442,2023-01-20 10:11:00+00:00,A,471,assign,0
5443,2023-01-20 10:13:00+00:00,A,472,assign,0
5444,2023-01-20 10:26:00+00:00,E1,0,assign,0
5445,2023-01-20 10:26:00+00:00,C,0,assign,0
5446,2023-01-20 10:28:00+00:00,B1,0,assign,0
5447,2023-01-20 10:28:00+00:00,D,0,assign,0
5448,2023-01-20 10:29:00+00:00,A,473,assign,0
5449,2023-01-20 10:42:00+00:00,E1,0,assign,0
5450,2023-01-20 10:47:00+00:00,E1,0,assign,0
5451,2023-01-20 10:51:00+00:00,B2,0,assign,0
5452,2023-01-20 11:08:00+00:00,E2,0,assign,0
5453,2023-01-20 11:08:00+00:00,A,474,assign,0
5454,2023-01-20 11:24:00+00:00,E2,0,assign,0
5455,2023-01-20 11:26:00+00:00,C,0,assign,0
5456,2023-01-20 11:28:00+00:00,A,475,assign,0
5457,2023-01-20 11:29:00+00:00,E2,0,assign,0
5458,2023-01-20 11:29:00+00:00,D,0,assign,0
5459,2023-01-20 11:31:00+00:00,B1,0,assign,0
5460,2023-01-20 11:42:00+00:00,A,477,assign,0
5461,2023-01-20 11:42:00+00:00,A,478,assign,0
5462,2023-01-20 11:48:00+00:00,B2,0,assign,0
5463,2023-01-20 11:54:00+00:00,A,480,assign,0
5464,2023-01-20 11:57:00+00:00,A,481,assign,0
5465,2023-01-20 12:04:00+00:00,F,0,assign,0
5466,2023-01-20 12:05:00+00:00,A,482,assign,0
5467,2023-01-20 12:09:00+00:00,A,484,assign,0
5468,2023-01-20 12:15:00+00:00,C,0,assign,0
5469,2023-01-20 12:16:00+00:00,D,0,assign,0
5470,2023-01-20 12:17:00+00:00,B1,0,assign,0
5471,2023-01-20 12:19:00+00:00,C,0,assign,0
5472,2023-01-20 12:21:00+00:00,D,0,assign,0
5473,2023-01-20 12:23:00+00:00,C,0,assign,0
5474,2023-01-20 12:23:00+00:00,A,485,assign,0
5475,2023-01-20 12:24:00+00:00,B1,0,assign,0
5476,2023-01-20 12:24:00+00:00,D,0,assign,0
5477,2023-01-20 12:30:00+00:00,B1,0,assign,0
5478,2023-01-20 12:42:00+00:00,A,486,assign,0
5479,2023-01-20 12:45:00+00:00,B2,0,assign,0
5480,2023-01-20 12:48:00+00:00,A,487,assign,0
5481,2023-01-20 12:50:00+00:00,B2,0,assign,0
5482,2023-01-20 12:51:00+00:00,C,0,assign,0
5483,2023-01-20 12:56:00+00:00,D,0,assign,0
5484,2023-01-20 12:56:00+00:00,B1,0,assign,0
5485,2023-01-20 12:57:00+00:00,B2,0,assign,0
5486,2023-01-20 13:04:00+00:00,E1,0,assign,0
5487,2023-01-20 13:26:00+00:00,B2,0,assign,0
5488,2023-01-20 13:26:00+00:00,A,488,assign,0
5489,2023-01-20 13:26:00+00:00,A,489,assign,0
5490,2023-01-20 13:29:00+00:00,E2,0,assign,0
5491,2023-01-20 13:33:00+00:00,A,490,assign,0
5492,2023-01-20 13:34:00+00:00,A,491,assign,0
5493,2023-01-20 13:38:00+00:00,C,0,assign,0
5494,2023-01-20 13:40:00+00:00,D,0,assign,0
5495,2023-01-20 13:43:00+00:00,B1,0,assign,0
5496,2023-01-20 13:44:00+00:00,A,492,assign,0
5497,2023-01-20 13:48:00+00:00,E1,0,assign,0
5498,2023-01-20 13:50:00+00:00,F,0,assign,0
5499,2023-01-20 13:53:00+00:00,C,0,assign,0
5500,2023-01-20 13:55:00+00:00,B1,0,assign,0
5501,2023-01-20 13:56:00+00:00,D,0,assign,0
5502,2023-01-20 14:04:00+00:00,A,493,assign,0
5503,2023-01-20 14:13:00+00:00,A,495,assign,0
5504,2023-01-20 14:14:00+00:00,F,0,assign,0
5505,2023-01-20 14:28:00+00:00,B2,0,assign,0
5506,2023-01-20 14:30:00+00:00,B2,0,assign,0
5507,2023-01-20 14:35:00+00:00,E1,0,assign,0
5508,2023-01-20 14:36:00+00:00,E2,0,assign,0
5509,2023-01-20 14:49:00+00:00,A,496,assign,0
5510,2023-01-20 14:56:00+00:00,A,497,assign,0
5511,2023-01-20 15:01:00+00:00,C,0,assign,0
5512,2023-01-20 15:03:00+00:00,A,498,assign,0
5513,2023-01-20 15:05:00+00:00,A,500,assign,0
5514,2023-01-20 15:05:00+00:00,B1,0,assign,0
5515,2023-01-20 15:05:00+00:00,D,0,assign,0
5516,2023-01-20 15:06:00+00:00,A,501,assign,0
5517,2023-01-20 15:17:00+00:00,A,502,assign,0
5518,2023-01-20 15:18:00+00:00,A,503,assign,0
5519,2023-01-20 15:19:00+00:00,E2,0,assign,0
5520,2023-01-20 15:21:00+00:00,C,0,assign,0
5521,2023-01-20 15:25:00+00:00,D,0,assign,0
5522,2023-01-20 15:27:00+00:00,E1,0,assign,0
5523,2023-01-20 15:28:00+00:00,B1,0,assign,0
5524,2023-01-20 15:31:00+00:00,E1,0,assign,0
5525,2023-01-20 15:40:00+00:00,B2,0,assign,0
5526,2023-01-20 15:53:00+00:00,A,504,assign,0
5527,2023-01-20 15:59:00+00:00,A,505,assign,0
5528,2023-01-20 16:05:00+00:00,B2,0,assign,0
5529,2023-01-20 16:17:00+00:00,E2,0,assign,0
5530,2023-01-20 16:17:00+00:00,C,0,assign,0
5531,2023-01-20 16:19:00+00:00,B1,0,assign,0
5532,2023-01-20 16:19:00+00:00,D,0,assign,0
5533,2023-01-20 16:20:00+00:00,E2,0,assign,0
5534,2023-01-20 16:24:00+00:00,A,507,assign,0
5535,2023-01-20 16:39:00+00:00,E1,0,assign,0
5536,2023-01-20 16:40:00+00:00,B2,0,assign,0
5537,2023-01-20 16:42:00+00:00,A,508,assign,0
5538,2023-01-20 16:46:00+00:00,A,510,assign,0
5539,2023-01-20 16:47:00+00:00,A,512,assign,0
5540,2023-01-20 17:12:00+00:00,F,0,assign,0
5541,2023-01-20 17:29:00+00:00,E2,0,assign,0
5542,2023-01-20 17:31:00+00:00,A,513,assign,0
5543,2023-01-20 17:34:00+00:00,A,514,assign,0
5544,2023-01-20 17:43:00+00:00,C,0,assign,0
5545,2023-01-20 17:47:00+00:00,B1,0,assign,0
5546,2023-01-20 17:48:00+00:00,D,0,assign,0
5547,2023-01-20 17:56:00+00:00,A,515,assign,0
5548,2023-01-20 18:02:00+00:00,F,0,assign,0
5549,2023-01-20 18:17:00+00:00,B2,0,assign,0
5550,2023-01-20 18:27:00+00:00,A,517,assign,0
5551,2023-01-20 18:39:00+00:00,A,518,assign,0
5552,2023-01-20 18:52:00+00:00,A,519,assign,0
5553,2023-01-20 18:59:00+00:00,C,0,assign,0
5554,2023-01-20 19:01:00+00:00,A,520,assign,0
5555,2023-01-20 19:02:00+00:00,D,0,assign,0
5556,2023-01-20 19:06:00+00:00,B1,0,assign,0
5557,2023-01-20 19:11:00+00:00,A,521,assign,0
5558,2023-01-20 19:18:00+00:00,C,0,assign,0
5559,2023-01-20 19:22:00+00:00,B2,0,assign,0
5560,2023-01-20 19:23:00+00:00,D,0,assign,0
5561,2023-01-20 19:25:00+00:00,B1,0,assign,0
5562,2023-01-20 19:35:00+00:00,E1,0,assign,0
5563,2023-01-20 19:40:00+00:00,A,522,assign,0
5564,2023-01-20 19:45:00+00:00,A,523,assign,0
5565,2023-01-20 19:55:00+00:00,E2,0,assign,0
5566,2023-01-20 19:58:00+00:00,B2,0,assign,0
5567,2023-01-20 20:02:00+00:00,A,524,assign,0
5568,2023-01-20 20:05:00+00:00,C,0,assign,0
5569,2023-01-20 20:06:00+00:00,D,0,assign,0
5570,2023-01-20 20:06:00+00:00,A,525,assign,0
5571,2023-01-20 20:11:00+00:00,B1,0,assign,0
5572,2023-01-20 20:11:00+00:00,A,526,assign,0
5573,2023-01-20 20:15:00+00:00,C,0,assign,0
5574,2023-01-20 20:15:00+00:00,C,0,assign,0
5575,2023-01-20 20:17:00+00:00,A,528,assign,0
5576,2023-01-20 20:17:00+00:00,B1,0,assign,0
5577,2023-01-20 20:17:00+00:00,A,529,assign,0
5578,2023-01-20 20:18:00+00:00,D,0,assign,0
5579,2023-01-20 20:18:00+00:00,B1,0,assign,0
5580,2023-01-20 20:20:00+00:00,D,0,assign,0
5581,2023-01-20 20:27:00+00:00,B2,0,assign,0
5582,2023-01-20 20:28:00+00:00,C,0,assign,0
5583,2023-01-20 20:28:00+00:00,C,0,assign,0
5584,2023-01-20 20:29:00+00:00,D,0,assign,0
5585,2023-01-20 20:30:00+00:00,F,0,assign,0
5586,2023-01-20 20:30:00+00:00,D,0,assign,0
5587,2023-01-20 20:30:00+00:00,B1,0,assign,0
5588,2023-01-20 20:32:00+00:00,A,530,assign,0
5589,2023-01-20 20:34:00+00:00,B1,0,assign,0
5590,2023-01-20 20:35:00+00:00,B2,0,assign,0
5591,2023-01-20 20:39:00+00:00,A,531,assign,0
5592,2023-01-20 20:44:00+00:00,F,0,assign,0
5593,2023-01-20 20:46:00+00:00,B2,0,assign,0
5594,2023-01-20 20:48:00+00:00,B2,0,assign,0
5595,2023-01-20 21:00:00+00:00,C,0,assign,0
5596,2023-01-20 21:02:00+00:00,D,0,assign,0
5597,2023-01-20 21:03:00+00:00,B1,0,assign,0
5598,2023-01-20 21:06:00+00:00,B2,0,assign,0
5599,2023-01-20 21:16:00+00:00,A,532,assign,0
5600,2023-01-20 21:24:00+00:00,A,533,assign,0
5601,2023-01-20 21:28:00+00:00,A,534,assign,0
5602,2023-01-20 21:35:00+00:00,A,535,assign,0
5603,2023-01-20 21:37:00+00:00,A,536,assign,0
5604,2023-01-20 21:45:00+00:00,A,537,assign,0
5605,2023-01-20 21:46:00+00:00,F,0,assign,0
5606,2023-01-20 21:46:00+00:00,A,538,assign,0
5607,2023-01-20 21:47:00+00:00,F,0,assign,0
5608,2023-01-20 21:47:00+00:00,B2,0,assign,0
5609,2023-01-20 21:49:00+00:00,E1,0,assign,0
5610,2023-01-20 21:57:00+00:00,E1,0,assign,0
5611,2023-01-20 22:00:00+00:00,E1,0,assign,0
5612,2023-01-20 22:08:00+00:00,A,539,assign,0
5613,2023-01-20 22:14:00+00:00,E2,0,assign,0
5614,2023-01-20 22:22:00+00:00,E2,0,assign,0
5615,2023-01-20 22:31:00+00:00,A,540,assign,0
5616,2023-01-20 22:32:00+00:00,A,541,assign,0
5617,2023-01-20 22:36:00+00:00,A,542,assign,0
5618,2023-01-20 22:37:00+00:00,C,0,assign,0
5619,2023-01-20 22:39:00+00:00,D,0,assign,0
5620,2023-01-20 22:40:00+00:00,A,543,assign,0
5621,2023-01-20 22:42:00+00:00,B1,0,assign,0
5622,2023-01-20 22:42:00+00:00,E2,0,assign,0
5623,2023-01-20 22:44:00+00:00,A,545,assign,0
5624,2023-01-20 22:51:00+00:00,A,546,assign,0
5625,2023-01-20 22:54:00+00:00,C,0,assign,0
5626,2023-01-20 22:55:00+00:00,F,0,assign,0
5627,2023-01-20 22:57:00+00:00,B1,0,assign,0
5628,2023-01-20 22:58:00+00:00,D,0,assign,0
5629,2023-01-20 22:59:00+00:00,B2,0,assign,0
5630,2023-01-20 23:01:00+00:00,C,0,assign,0
5631,2023-01-20 23:03:00+00:00,A,548,assign,0
5632,2023-01-20 23:04:00+00:00,D,0,assign,0
5633,2023-01-20 23:05:00+00:00,A,550,assign,0
5634,2023-01-20 23:08:00+00:00,B1,0,assign,0
5635,2023-01-20 23:31:00+00:00,A,551,assign,0
5636,2023-01-20 23:40:00+00:00,A,552,assign,0
5637,2023-01-20 23:41:00+00:00,F,0,assign,0
5638,2023-01-20 23:42:00+00:00,B2,0,assign,0
5639,2023-01-20 23:48:00+00:00,B2,0,assign,0
5640,2023-01-21 00:05:00+00:00,C,0,assign,0
5641,2023-01-21 00:06:00+00:00,D,0,assign,0
5642,2023-01-21 00:09:00+00:00,B1,0,assign,0
5643,2023-01-21 00:10:00+00:00,A,553,assign,0
5644,2023-01-21 00:13:00+00:00,A,554,assign,0
5645,2023-01-21 00:21:00+00:00,A,555,assign,0
5646,2023-01-21 00:27:00+00:00,A,556,assign,0
5647,2023-01-21 00:35:00+00:00,B2,0,assign,0
5648,2023-01-21 00:38:00+00:00,A,557,assign,0
5649,2023-01-21 00:42:00+00:00,E1,0,assign,0
5650,2023-01-21 00:52:00+00:00,F,0,assign,0
5651,2023-01-21 00:53:00+00:00,C,0,assign,0
5652,2023-01-21 00:58:00+00:00,D,0,assign,0
5653,2023-01-21 00:59:00+00:00,B1,0,assign,0
5654,2023-01-21 01:06:00+00:00,A,558,assign,0
5655,2023-01-21 01:21:00+00:00,A,559,assign,0
5656,2023-01-21 01:21:00+00:00,E2,0,assign,0
5657,2023-01-21 01:24:00+00:00,C,0,assign,0
5658,2023-01-21 01:26:00+00:00,D,0,assign,0
5659,2023-01-21 01:27:00+00:00,B1,0,assign,0
5660,2023-01-21 01:30:00+00:00,B2,0,assign,0
5661,2023-01-21 01:31:00+00:00,E1,0,assign,0
5662,2023-01-21 01:41:00+00:00,A,560,assign,0
5663,2023-01-21 01:57:00+00:00,E2,0,assign,0
5664,2023-01-21 02:03:00+00:00,B2,0,assign,0
5665,2023-01-21 02:04:00+00:00,A,562,assign,0
5666,2023-01-21 02:07:00+00:00,A,563,assign,0
5667,2023-01-21 02:15:00+00:00,A,564,assign,0
5668,2023-01-21 02:28:00+00:00,E1,0,assign,0
5669,2023-01-21 02:32:00+00:00,A,566,assign,0
5670,2023-01-21 02:36:00+00:00,A,567,assign,0
5671,2023-01-21 02:43:00+00:00,C,0,assign,0
5672,2023-01-21 02:46:00+00:00,D,0,assign,0
5673,2023-01-21 02:46:00+00:00,B1,0,assign,0
5674,2023-01-21 02:53:00+00:00,A,568,assign,0
5675,2023-01-21 02:57:00+00:00,A,569,assign,0
5676,2023-01-21 03:00:00+00:00,C,0,assign,0
5677,2023-01-21 03:01:00+00:00,A,570,assign,0
5678,2023-01-21 03:01:00+00:00,D,0,assign,0
5679,2023-01-21 03:02:00+00:00,B1,0,assign,0
5680,2023-01-21 03:09:00+00:00,E2,0,assign,0
5681,2023-01-21 03:14:00+00:00,B2,0,assign,0
5682,2023-01-21 03:18:00+00:00,F,0,assign,0
5683,2023-01-21 03:21:00+00:00,C,0,assign,0
5684,2023-01-21 03:22:00+00:00,D,0,assign,0
5685,2023-01-21 03:22:00+00:00,C,0,assign,0
5686,2023-01-21 03:23:00+00:00,D,0,assign,0
5687,2023-01-21 03:24:00+00:00,B1,0,assign,0
5688,2023-01-21 03:24:00+00:00,A,571,assign,0
5689,2023-01-21 03:25:00+00:00,B1,0,assign,0
5690,2023-01-21 03:30:00+00:00,A,572,assign,0
5691,2023-01-21 03:34:00+00:00,A,574,assign,0
5692,2023-01-21 03:36:00+00:00,C,0,assign,0
5693,2023-01-21 03:38:00+00:00,B1,0,assign,0
5694,2023-01-21 03:41:00+00:00,D,0,assign,0
5695,2023-01-21 03:42:00+00:00,B2,0,assign,0
5696,2023-01-21 03:46:00+00:00,B2,0,assign,0
5697,2023-01-21 03:50:00+00:00,A,575,assign,0
5698,2023-01-21 03:58:00+00:00,C,0,assign,0
5699,2023-01-21 04:01:00+00:00,B1,0,assign,0
5700,2023-01-21 04:01:00+00:00,A,576,assign,0
5701,2023-01-21 04:02:00+00:00,D,0,assign,0
5702,2023-01-21 04:03:00+00:00,B2,0,assign,0
5703,2023-01-21 04:10:00+00:00,E1,0,assign,0
5704,2023-01-21 04:17:00+00:00,C,0,assign,0
5705,2023-01-21 04:17:00+00:00,A,577,assign,0
5706,2023-01-21 04:19:00+00:00,D,0,assign,0
5707,2023-01-21 04:21:00+00:00,B2,0,assign,0
5708,2023-01-21 04:24:00+00:00,B1,0,assign,0
5709,2023-01-21 04:30:00+00:00,B2,0,assign,0
5710,2023-01-21 04:35:00+00:00,A,578,assign,0
5711,2023-01-21 04:40:00+00:00,A,579,assign,0
5712,2023-01-21 04:40:00+00:00,E1,0,assign,0
5713,2023-01-21 04:51:00+00:00,A,580,assign,0
5714,2023-01-21 04:55:00+00:00,F,0,assign,0
5715,2023-01-21 04:57:00+00:00,B2,0,assign,0
5716,2023-01-21 04:58:00+00:00,E2,0,assign,0
5717,2023-01-21 05:02:00+00:00,A,581,assign,0
5718,2023-01-21 05:08:00+00:00,A,582,assign,0
5719,2023-01-21 05:12:00+00:00,E2,0,assign,0
5720,2023-01-21 05:19:00+00:00,E1,0,assign,0
5721,2023-01-21 05:20:00+00:00,A,583,assign,0
5722,2023-01-21 05:22:00+00:00,F,0,assign,0
5723,2023-01-21 05:31:00+00:00,A,584,assign,0
5724,2023-01-21 05:32:00+00:00,F,0,assign,0
5725,2023-01-21 05:34:00+00:00,A,585,assign,0
5726,2023-01-21 05:37:00+00:00,A,587,assign,0
5727,2023-01-21 05:38:00+00:00,F,0,assign,0
5728,2023-01-21 05:52:00+00:00,E2,0,assign,0
5729,2023-01-21 06:13:00+00:00,A,589,assign,0
5730,2023-01-21 06:24:00+00:00,A,591,assign,0
5731,2023-01-21 06:36:00+00:00,A,592,assign,0
5732,2023-01-21 06:42:00+00:00,A,593,assign,0
5733,2023-01-21 07:03:00+00:00,A,594,assign,0
5734,2023-01-21 07:27:00+00:00,C,0,assign,0
5735,2023-01-21 07:29:00+00:00,D,0,assign,0
5736,2023-01-21 07:31:00+00:00,B1,0,assign,0
5737,2023-01-21 07:53:00+00:00,B2,0,assign,0
5738,2023-01-21 08:42:00+00:00,A,595,assign,0
5739,2023-01-21 09:11:00+00:00,F,0,assign,0
5740,2023-01-21 09:31:00+00:00,A,596,assign,0
5741,2023-01-21 10:00:00+00:00,C,0,assign,0
5742,2023-01-21 10:00:00+00:00,A,597,assign,0
5743,2023-01-21 10:02:00+00:00,D,0,assign,0
5744,2023-01-21 10:06:00+00:00,B1,0,assign,0
5745,2023-01-21 10:25:00+00:00,C,0,assign,0
5746,2023-01-21 10:26:00+00:00,A,598,assign,0
5747,2023-01-21 10:27:00+00:00,D,0,assign,0
5748,2023-01-21 10:30:00+00:00,B1,0,assign,0
5749,2023-01-21 10:39:00+00:00,A,599,assign,0
5750,2023-01-21 10:48:00+00:00,B2,0,assign,0
5751,2023-01-21 10:56:00+00:00,C,0,assign,0
5752,2023-01-21 10:59:00+00:00,D,0,assign,0
5753,2023-01-21 11:02:00+00:00,B1,0,assign,0
5754,2023-01-21 11:11:00+00:00,B2,0,assign,0
5755,2023-01-21 11:24:00+00:00,B2,0,assign,0
5756,2023-01-21 11:27:00+00:00,A,600,assign,0
5757,2023-01-21 11:35:00+00:00,A,601,assign,0
5758,2023-01-21 11:39:00+00:00,F,0,assign,0
5759,2023-01-21 11:58:00+00:00,C,0,assign,0
5760,2023-01-21 11:59:00+00:00,D,0,assign,0
5761,2023-01-21 12:00:00+00:00,A,602,assign,0
5762,2023-01-21 12:04:00+00:00,A,603,assign,0
5763,2023-01-21 12:04:00+00:00,A,604,assign,0
5764,2023-01-21 12:05:00+00:00,B1,0,assign,0
5765,2023-01-21 12:18:00+00:00,F,0,assign,0
5766,2023-01-21 12:21:00+00:00,A,605,assign,0
5767,2023-01-21 12:23:00+00:00,A,606,assign,0
5768,2023-01-21 12:27:00+00:00,C,0,assign,0
5769,2023-01-21 12:29:00+00:00,D,0,assign,0
5770,2023-01-21 12:29:00+00:00,C,0,assign,0
5771,2023-01-21 12:30:00+00:00,D,0,assign,0
5772,2023-01-21 12:31:00+00:00,B1,0,assign,0
5773,2023-01-21 12:34:00+00:00,B1,0,assign,0
5774,2023-01-21 12:35:00+00:00,E1,0,assign,0
5775,2023-01-21 12:42:00+00:00,C,0,assign,0
5776,2023-01-21 12:44:00+00:00,B2,0,assign,0
5777,2023-01-21 12:46:00+00:00,D,0,assign,0
5778,2023-01-21 12:47:00+00:00,A,607,assign,0
5779,2023-01-21 12:49:00+00:00,B1,0,assign,0
5780,2023-01-21 12:55:00+00:00,B2,0,assign,0
5781,2023-01-21 12:56:00+00:00,B2,0,assign,0
5782,2023-01-21 13:08:00+00:00,A,608,assign,0
5783,2023-01-21 13:20:00+00:00,A,609,assign,0
5784,2023-01-21 13:22:00+00:00,B2,0,assign,0
5785,2023-01-21 13:23:00+00:00,E2,0,assign,0
5786,2023-01-21 13:30:00+00:00,C,0,assign,0
5787,2023-01-21 13:33:00+00:00,D,0,assign,0
5788,2023-01-21 13:35:00+00:00,B1,0,assign,0
5789,2023-01-21 13:36:00+00:00,A,610,assign,0
5790,2023-01-21 13:38:00+00:00,A,611,assign,0
5791,2023-01-21 13:47:00+00:00,F,0,assign,0
5792,2023-01-21 13:47:00+00:00,A,613,assign,0
5793,2023-01-21 13:50:00+00:00,A,614,assign,0
5794,2023-01-21 13:57:00+00:00,A,615,assign,0
5795,2023-01-21 14:11:00+00:00,F,0,assign,0
5796,2023-01-21 14:12:00+00:00,B2,0,assign,0
5797,2023-01-21 14:17:00+00:00,E1,0,assign,0
5798,2023-01-21 14:27:00+00:00,E1,0,assign,0
5799,2023-01-21 14:47:00+00:00,E2,0,assign,0
5800,2023-01-21 14:47:00+00:00,A,616,assign,0
5801,2023-01-21 14:54:00+00:00,A,617,assign,0
5802,2023-01-21 14:59:00+00:00,E2,0,assign,0
5803,2023-01-21 15:12:00+00:00,A,618,assign,0
5804,2023-01-21 15:14:00+00:00,A,619,assign,0
5805,2023-01-21 15:17:00+00:00,A,620,assign,0
5806,2023-01-21 15:22:00+00:00,E1,0,assign,0
5807,2023-01-21 15:34:00+00:00,C,0,assign,0
5808,2023-01-21 15:35:00+00:00,A,622,assign,0
5809,2023-01-21 15:35:00+00:00,D,0,assign,0
5810,2023-01-21 15:36:00+00:00,A,623,assign,0
5811,2023-01-21 15:37:00+00:00,A,624,assign,0
5812,2023-01-21 15:39:00+00:00,B1,0,assign,0
5813,2023-01-21 15:44:00+00:00,E2,0,assign,0
5814,2023-01-21 15:47:00+00:00,C,0,assign,0
5815,2023-01-21 15:49:00+00:00,B1,0,assign,0
5816,2023-01-21 15:50:00+00:00,D,0,assign,0
5817,2023-01-21 15:55:00+00:00,A,626,assign,0
5818,2023-01-21 16:00:00+00:00,C,0,assign,0
5819,2023-01-21 16:01:00+00:00,D,0,assign,0
5820,2023-01-21 16:04:00+00:00,B1,0,assign,0
5821,2023-01-21 16:09:00+00:00,C,0,assign,0
5822,2023-01-21 16:11:00+00:00,D,0,assign,0
5823,2023-01-21 16:11:00+00:00,A,627,assign,0
5824,2023-01-21 16:11:00+00:00,B1,0,assign,0
5825,2023-01-21 16:18:00+00:00,B2,0,assign,0
5826,2023-01-21 16:20:00+00:00,B2,0,assign,0
5827,2023-01-21 16:24:00+00:00,B2,0,assign,0
5828,2023-01-21 16:39:00+00:00,A,629,assign,0
5829,2023-01-21 16:46:00+00:00,B2,0,assign,0
5830,2023-01-21 16:47:00+00:00,A,630,assign,0
5831,2023-01-21 16:55:00+00:00,A,631,assign,0
5832,2023-01-21 16:56:00+00:00,C,0,assign,0
5833,2023-01-21 16:59:00+00:00,D,0,assign,0
5834,2023-01-21 16:59:00+00:00,A,632,assign,0
5835,2023-01-21 17:02:00+00:00,B1,0,assign,0
5836,2023-01-21 17:03:00+00:00,A,633,assign,0
5837,2023-01-21 17:08:00+00:00,C,0,assign,0
5838,2023-01-21 17:12:00+00:00,D,0,assign,0
5839,2023-01-21 17:14:00+00:00,B1,0,assign,0
5840,2023-01-21 17:14:00+00:00,F,0,assign,0
5841,2023-01-21 17:18:00+00:00,C,0,assign,0
5842,2023-01-21 17:19:00+00:00,A,634,assign,0
5843,2023-01-21 17:23:00+00:00,D,0,assign,0
5844,2023-01-21 17:24:00+00:00,E1,0,assign,0
5845,2023-01-21 17:25:00+00:00,B1,0,assign,0
5846,2023-01-21 17:26:00+00:00,A,635,assign,0
5847,2023-01-21 17:31:00+00:00,E1,0,assign,0
5848,2023-01-21 17:36:00+00:00,A,636,assign,0
5849,2023-01-21 17:38:00+00:00,C,0,assign,0
5850,2023-01-21 17:38:00+00:00,B2,0,assign,0
5851,2023-01-21 17:40:00+00:00,B1,0,assign,0
5852,2023-01-21 17:40:00+00:00,D,0,assign,0
5853,2023-01-21 17:55:00+00:00,B2,0,assign,0
5854,2023-01-21 17:58:00+00:00,B2,0,assign,0
5855,2023-01-21 18:04:00+00:00,E1,0,assign,0
5856,2023-01-21 18:09:00+00:00,E2,0,assign,0
5857,2023-01-21 18:10:00+00:00,B2,0,assign,0
5858,2023-01-21 18:12:00+00:00,A,637,assign,0
5859,2023-01-21 18:15:00+00:00,E2,0,assign,0
5860,2023-01-21 18:22:00+00:00,A,638,assign,0
5861,2023-01-21 18:25:00+00:00,A,639,assign,0
5862,2023-01-21 18:30:00+00:00,A,640,assign,0
5863,2023-01-21 18:33:00+00:00,A,642,assign,0
5864,2023-01-21 18:34:00+00:00,A,643,assign,0
5865,2023-01-21 18:34:00+00:00,A,644,assign,0
5866,2023-01-21 18:36:00+00:00,A,645,assign,0
5867,2023-01-21 18:43:00+00:00,F,0,assign,0
5868,2023-01-21 18:46:00+00:00,E2,0,assign,0
5869,2023-01-21 18:47:00+00:00,E1,0,assign,0
5870,2023-01-21 18:50:00+00:00,E1,0,assign,0
5871,2023-01-21 18:51:00+00:00,F,0,assign,0
5872,2023-01-21 18:59:00+00:00,C,0,assign,0
5873,2023-01-21 19:01:00+00:00,D,0,assign,0
5874,2023-01-21 19:06:00+00:00,B1,0,assign,0
5875,2023-01-21 19:07:00+00:00,A,647,assign,0
5876,2023-01-21 19:21:00+00:00,B2,0,assign,0
5877,2023-01-21 19:24:00+00:00,A,649,assign,0
5878,2023-01-21 19:24:00+00:00,E2,0,assign,0
5879,2023-01-21 19:28:00+00:00,E2,0,assign,0
5880,2023-01-21 19:35:00+00:00,A,650,assign,0
5881,2023-01-21 19:41:00+00:00,A,651,assign,0
5882,2023-01-21 19:41:00+00:00,A,653,assign,0
5883,2023-01-21 19:49:00+00:00,C,0,assign,0
5884,2023-01-21 19:53:00+00:00,D,0,assign,0
5885,2023-01-21 19:56:00+00:00,B1,0,assign,0
5886,2023-01-21 19:59:00+00:00,A,654,assign,0
5887,2023-01-21 20:00:00+00:00,A,655,assign,0
5888,2023-01-21 20:22:00+00:00,E1,0,assign,0
5889,2023-01-21 20:31:00+00:00,B2,0,assign,0
5890,2023-01-21 20:34:00+00:00,A,657,assign,0
5891,2023-01-21 20:51:00+00:00,C,0,assign,0
5892,2023-01-21 20:52:00+00:00,A,658,assign,0
5893,2023-01-21 20:55:00+00:00,B1,0,assign,0
5894,2023-01-21 20:56:00+00:00,D,0,assign,0
5895,2023-01-21 20:59:00+00:00,E2,0,assign,0
5896,2023-01-21 21:11:00+00:00,F,0,assign,0
5897,2023-01-21 21:11:00+00:00,A,659,assign,0
5898,2023-01-21 21:18:00+00:00,A,660,assign,0
5899,2023-01-21 21:23:00+00:00,B2,0,assign,0
5900,2023-01-21 21:36:00+00:00,C,0,assign,0
5901,2023-01-21 21:41:00+00:00,B1,0,assign,0
5902,2023-01-21 21:41:00+00:00,D,0,assign,0
5903,2023-01-21 21:47:00+00:00,A,662,assign,0
5904,2023-01-21 21:48:00+00:00,A,663,assign,0
5905,2023-01-21 22:03:00+00:00,C,0,assign,0
5906,2023-01-21 22:06:00+00:00,D,0,assign,0
5907,2023-01-21 22:08:00+00:00,B1,0,assign,0
5908,2023-01-21 22:09:00+00:00,A,664,assign,0
5909,2023-01-21 22:10:00+00:00,B2,0,assign,0
5910,2023-01-21 22:20:00+00:00,A,665,assign,0
5911,2023-01-21 22:33:00+00:00,C,0,assign,0
5912,2023-01-21 22:34:00+00:00,B2,0,assign,0
5913,2023-01-21 22:38:00+00:00,D,0,assign,0
5914,2023-01-21 22:40:00+00:00,E1,0,assign,0
5915,2023-01-21 22:40:00+00:00,B1,0,assign,0
5916,2023-01-21 22:46:00+00:00,A,666,assign,0
5917,2023-01-21 22:49:00+00:00,A,667,assign,0
5918,2023-01-21 23:00:00+00:00,C,0,assign,0
5919,2023-01-21 23:02:00+00:00,D,0,assign,0
5920,2023-01-21 23:02:00+00:00,B1,0,assign,0
5921,2023-01-21 23:12:00+00:00,B2,0,assign,0
5922,2023-01-21 23:17:00+00:00,F,0,assign,0
5923,2023-01-21 23:23:00+00:00,A,668,assign,0
5924,2023-01-21 23:25:00+00:00,E2,0,assign,0
5925,2023-01-21 23:27:00+00:00,B2,0,assign,0
5926,2023-01-21 23:34:00+00:00,F,0,assign,0
5927,2023-01-21 23:50:00+00:00,A,669,assign,0
5928,2023-01-21 23:50:00+00:00,A,671,assign,0
5929,2023-01-22 00:05:00+00:00,E1,0,assign,0
5930,2023-01-22 00:11:00+00:00,A,672,assign,0
5931,2023-01-22 00:17:00+00:00,A,673,assign,0
5932,2023-01-22 00:23:00+00:00,A,674,assign,0
5933,2023-01-22 00:27:00+00:00,A,675,assign,0
5934,2023-01-22 00:32:00+00:00,C,0,assign,0
5935,2023-01-22 00:34:00+00:00,B1,0,assign,0
5936,2023-01-22 00:37:00+00:00,F,0,assign,0
5937,2023-01-22 00:37:00+00:00,D,0,assign,0
5938,2023-01-22 00:51:00+00:00,E2,0,assign,0
5939,2023-01-22 00:54:00+00:00,A,676,assign,0
5940,2023-01-22 01:10:00+00:00,B2,0,assign,0
5941,2023-01-22 01:18:00+00:00,A,677,assign,0
5942,2023-01-22 01:21:00+00:00,C,0,assign,0
5943,2023-01-22 01:23:00+00:00,B1,0,assign,0
5944,2023-01-22 01:26:00+00:00,D,0,assign,0
5945,2023-01-22 01:28:00+00:00,A,678,assign,0
5946,2023-01-22 01:35:00+00:00,A,680,assign,0
5947,2023-01-22 01:42:00+00:00,C,0,assign,0
5948,2023-01-22 01:44:00+00:00,B1,0,assign,0
5949,2023-01-22 01:45:00+00:00,D,0,assign,0
5950,2023-01-22 01:50:00+00:00,A,681,assign,0
5951,2023-01-22 02:07:00+00:00,B2,0,assign,0
5952,2023-01-22 02:11:00+00:00,F,0,assign,0
5953,2023-01-22 02:22:00+00:00,B2,0,assign,0
5954,2023-01-22 02:28:00+00:00,A,682,assign,0
5955,2023-01-22 02:50:00+00:00,E1,0,assign,0
5956,2023-01-22 03:14:00+00:00,A,683,assign,0
5957,2023-01-22 03:16:00+00:00,A,684,assign,0
5958,2023-01-22 03:24:00+00:00,A,685,assign,0
5959,2023-01-22 03:30:00+00:00,A,686,assign,0
5960,2023-01-22 03:34:00+00:00,E2,0,assign,0
5961,2023-01-22 03:35:00+00:00,A,687,assign,0
5962,2023-01-22 03:42:00+00:00,F,0,assign,0
5963,2023-01-22 03:43:00+00:00,C,0,assign,0
5964,2023-01-22 03:45:00+00:00,C,0,assign,0
5965,2023-01-22 03:45:00+00:00,A,688,assign,0
5966,2023-01-22 03:46:00+00:00,D,0,assign,0
5967,2023-01-22 03:49:00+00:00,B1,0,assign,0
5968,2023-01-22 03:50:00+00:00,B1,0,assign,0
5969,2023-01-22 03:50:00+00:00,D,0,assign,0
5970,2023-01-22 03:50:00+00:00,C,0,assign,0
5971,2023-01-22 03:51:00+00:00,D,0,assign,0
5972,2023-01-22 03:53:00+00:00,A,689,assign,0
5973,2023-01-22 03:53:00+00:00,A,691,assign,0
5974,2023-01-22 03:55:00+00:00,B1,0,assign,0
5975,2023-01-22 03:56:00+00:00,A,692,assign,0
5976,2023-01-22 04:01:00+00:00,C,0,assign,0
5977,2023-01-22 04:05:00+00:00,B1,0,assign,0
5978,2023-01-22 04:05:00+00:00,C,0,assign,0
5979,2023-01-22 04:06:00+00:00,D,0,assign,0
5980,2023-01-22 04:09:00+00:00,D,0,assign,0
5981,2023-01-22 04:10:00+00:00,B1,0,assign,0
5982,2023-01-22 04:16:00+00:00,B2,0,assign,0
5983,2023-01-22 04:17:00+00:00,C,0,assign,0
5984,2023-01-22 04:19:00+00:00,D,0,assign,0
5985,2023-01-22 04:22:00+00:00,B1,0,assign,0
5986,2023-01-22 04:25:00+00:00,B2,0,assign,0
5987,2023-01-22 04:26:00+00:00,B2,0,assign,0
5988,2023-01-22 04:35:00+00:00,B2,0,assign,0
5989,2023-01-22 04:38:00+00:00,B2,0,assign,0
5990,2023-01-22 04:41:00+00:00,A,693,assign,0
5991,2023-01-22 04:48:00+00:00,B2,0,assign,0
5992,2023-01-22 04:54:00+00:00,A,694,assign,0
5993,2023-01-22 04:59:00+00:00,A,695,assign,0
5994,2023-01-22 05:01:00+00:00,F,0,assign,0
5995,2023-01-22 05:02:00+00:00,A,696,assign,0
5996,2023-01-22 05:04:00+00:00,A,697,assign,0
5997,2023-01-22 05:08:00+00:00,A,698,assign,0
5998,2023-01-22 05:15:00+00:00,C,0,assign,0
5999,2023-01-22 05:17:00+00:00,B1,0,assign,0
6000,2023-01-22 05:18:00+00:00,E1,0,assign,0
6001,2023-01-22 05:19:00+00:00,D,0,assign,0
6002,2023-01-22 05:20:00+00:00,E1,0,assign,0
6003,2023-01-22 05:27:00+00:00,E1,0,assign,0
6004,2023-01-22 05:32:00+00:00,A,699,assign,0
6005,2023-01-22 05:33:00+00:00,A,700,assign,0
6006,2023-01-22 05:38:00+00:00,B2,0,assign,0
6007,2023-01-22 05:41:00+00:00,E2,0,assign,0
6008,2023-01-22 05:53:00+00:00,F,0,assign,0
6009,2023-01-22 05:54:00+00:00,E2,0,assign,0
6010,2023-01-22 06:02:00+00:00,E1,0,assign,0
6011,2023-01-22 06:05:00+00:00,A,701,assign,0
6012,2023-01-22 06:06:00+00:00,A,703,assign,0
6013,2023-01-22 06:16:00+00:00,E2,0,assign,0
6014,2023-01-22 06:17:00+00:00,A,704,assign,0
6015,2023-01-22 06:23:00+00:00,E2,0,assign,0
6016,2023-01-22 06:26:00+00:00,A,705,assign,0
6017,2023-01-22 06:29:00+00:00,C,0,assign,0
6018,2023-01-22 06:30:00+00:00,A,706,assign,0
6019,2023-01-22 06:30:00+00:00,A,708,assign,0
6020,2023-01-22 06:33:00+00:00,D,0,assign,0
6021,2023-01-22 06:35:00+00:00,B1,0,assign,0
6022,2023-01-22 06:45:00+00:00,A,709,assign,0
6023,2023-01-22 06:49:00+00:00,E1,0,assign,0
6024,2023-01-22 06:50:00+00:00,A,711,assign,0
6025,2023-01-22 06:56:00+00:00,C,0,assign,0
6026,2023-01-22 06:57:00+00:00,D,0,assign,0
6027,2023-01-22 06:59:00+00:00,A,712,assign,0
6028,2023-01-22 07:01:00+00:00,B1,0,assign,0
6029,2023-01-22 07:09:00+00:00,B2,0,assign,0
6030,2023-01-22 07:14:00+00:00,A,714,assign,0
6031,2023-01-22 07:18:00+00:00,B2,0,assign,0
6032,2023-01-22 07:18:00+00:00,E2,0,assign,0
6033,2023-01-22 07:29:00+00:00,C,0,assign,0
6034,2023-01-22 07:33:00+00:00,D,0,assign,0
6035,2023-01-22 07:35:00+00:00,B1,0,assign,0
6036,2023-01-22 07:38:00+00:00,A,715,assign,0
6037,2023-01-22 07:45:00+00:00,A,717,assign,0
6038,2023-01-22 07:56:00+00:00,A,718,assign,0
6039,2023-01-22 07:59:00+00:00,A,719,assign,0
6040,2023-01-22 07:59:00+00:00,F,0,assign,0
6041,2023-01-22 08:14:00+00:00,B2,0,assign,0
6042,2023-01-22 08:15:00+00:00,C,0,assign,0
6043,2023-01-22 08:19:00+00:00,B1,0,assign,0
6044,2023-01-22 08:19:00+00:00,D,0,assign,0
6045,2023-01-22 08:22:00+00:00,E1,0,assign,0
6046,2023-01-22 08:42:00+00:00,A,720,assign,0
6047,2023-01-22 08:43:00+00:00,A,721,assign,0
6048,2023-01-22 08:50:00+00:00,E2,0,assign,0
6049,2023-01-22 08:59:00+00:00,C,0,assign,0
6050,2023-01-22 08:59:00+00:00,F,0,assign,0
6051,2023-01-22 09:00:00+00:00,B2,0,assign,0
6052,2023-01-22 09:00:00+00:00,D,0,assign,0
6053,2023-01-22 09:03:00+00:00,B1,0,assign,0
6054,2023-01-22 09:04:00+00:00,A,722,assign,0
6055,2023-01-22 09:16:00+00:00,A,723,assign,0
6056,2023-01-22 09:18:00+00:00,A,724,assign,0
6057,2023-01-22 09:22:00+00:00,A,726,assign,0
6058,2023-01-22 09:27:00+00:00,B2,0,assign,0
6059,2023-01-22 09:35:00+00:00,C,0,assign,0
6060,2023-01-22 09:37:00+00:00,D,0,assign,0
6061,2023-01-22 09:42:00+00:00,A,727,assign,0
6062,2023-01-22 09:42:00+00:00,B1,0,assign,0
6063,2023-01-22 09:47:00+00:00,C,0,assign,0
6064,2023-01-22 09:51:00+00:00,B1,0,assign,0
6065,2023-01-22 09:52:00+00:00,D,0,assign,0
6066,2023-01-22 09:54:00+00:00,A,728,assign,0
6067,2023-01-22 09:57:00+00:00,A,729,assign,0
6068,2023-01-22 09:58:00+00:00,A,730,assign,0
6069,2023-01-22 10:07:00+00:00,A,731,assign,0
6070,2023-01-22 10:09:00+00:00,C,0,assign,0
6071,2023-01-22 10:10:00+00:00,D,0,assign,0
6072,2023-01-22 10:12:00+00:00,C,0,assign,0
6073,2023-01-22 10:13:00+00:00,B1,0,assign,0
6074,2023-01-22 10:14:00+00:00,B1,0,assign,0
6075,2023-01-22 10:16:00+00:00,D,0,assign,0
6076,2023-01-22 10:16:00+00:00,F,0,assign,0
6077,2023-01-22 10:17:00+00:00,B2,0,assign,0
6078,2023-01-22 10:24:00+00:00,B2,0,assign,0
6079,2023-01-22 10:27:00+00:00,A,732,assign,0
6080,2023-01-22 10:28:00+00:00,C,0,assign,0
6081,2023-01-22 10:31:00+00:00,D,0,assign,0
6082,2023-01-22 10:32:00+00:00,B1,0,assign,0
6083,2023-01-22 10:40:00+00:00,B2,0,assign,0
6084,2023-01-22 10:42:00+00:00,B2,0,assign,0
6085,2023-01-22 10:52:00+00:00,A,733,assign,0
6086,2023-01-22 10:56:00+00:00,B2,0,assign,0
6087,2023-01-22 10:57:00+00:00,F,0,assign,0
6088,2023-01-22 11:02:00+00:00,F,0,assign,0
6089,2023-01-22 11:14:00+00:00,A,734,assign,0
6090,2023-01-22 11:16:00+00:00,A,735,assign,0
6091,2023-01-22 11:20:00+00:00,A,736,assign,0
6092,2023-01-22 11:32:00+00:00,A,737,assign,0
6093,2023-01-22 11:37:00+00:00,F,0,assign,0
6094,2023-01-22 11:42:00+00:00,F,0,assign,0
6095,2023-01-22 11:49:00+00:00,A,738,assign,0
6096,2023-01-22 11:54:00+00:00,A,739,assign,0
6097,2023-01-22 12:00:00+00:00,F,0,assign,0
6098,2023-01-22 12:13:00+00:00,A,740,assign,0
6099,2023-01-22 12:16:00+00:00,A,741,assign,0
6100,2023-01-22 12:19:00+00:00,E1,0,assign,0
6101,2023-01-22 12:29:00+00:00,A,742,assign,0
6102,2023-01-22 12:33:00+00:00,A,743,assign,0
6103,2023-01-22 12:36:00+00:00,A,744,assign,0
6104,2023-01-22 12:46:00+00:00,C,0,assign,0
6105,2023-01-22 12:47:00+00:00,D,0,assign,0
6106,2023-01-22 12:49:00+00:00,B1,0,assign,0
6107,2023-01-22 12:50:00+00:00,A,745,assign,0
6108,2023-01-22 12:51:00+00:00,A,746,assign,0
6109,2023-01-22 12:55:00+00:00,C,0,assign,0
6110,2023-01-22 12:55:00+00:00,A,747,assign,0
6111,2023-01-22 12:55:00+00:00,E2,0,assign,0
6112,2023-01-22 12:58:00+00:00,D,0,assign,0
6113,2023-01-22 13:01:00+00:00,B1,0,assign,0
6114,2023-01-22 13:09:00+00:00,C,0,assign,0
6115,2023-01-22 13:12:00+00:00,C,0,assign,0
6116,2023-01-22 13:13:00+00:00,D,0,assign,0
6117,2023-01-22 13:13:00+00:00,B1,0,assign,0
6118,2023-01-22 13:14:00+00:00,D,0,assign,0
6119,2023-01-22 13:15:00+00:00,A,748,assign,0
6120,2023-01-22 13:16:00+00:00,A,749,assign,0
6121,2023-01-22 13:18:00+00:00,B1,0,assign,0
6122,2023-01-22 13:21:00+00:00,B2,0,assign,0
6123,2023-01-22 13:28:00+00:00,C,0,assign,0
6124,2023-01-22 13:30:00+00:00,B1,0,assign,0
6125,2023-01-22 13:32:00+00:00,D,0,assign,0
6126,2023-01-22 13:34:00+00:00,B2,0,assign,0
6127,2023-01-22 13:52:00+00:00,B2,0,assign,0
6128,2023-01-22 13:57:00+00:00,B2,0,assign,0
6129,2023-01-22 14:01:00+00:00,A,751,assign,0
6130,2023-01-22 14:11:00+00:00,B2,0,assign,0
6131,2023-01-22 14:16:00+00:00,A,752,assign,0
6132,2023-01-22 14:21:00+00:00,E1,0,assign,0
6133,2023-01-22 14:27:00+00:00,A,753,assign,0
6134,2023-01-22 14:28:00+00:00,A,754,assign,0
6135,2023-01-22 14:30:00+00:00,F,0,assign,0
6136,2023-01-22 14:39:00+00:00,A,755,assign,0
6137,2023-01-22 14:40:00+00:00,F,0,assign,0
6138,2023-01-22 14:45:00+00:00,A,756,assign,0
6139,2023-01-22 14:49:00+00:00,F,0,assign,0
6140,2023-01-22 14:49:00+00:00,C,0,assign,0
6141,2023-01-22 14:53:00+00:00,D,0,assign,0
6142,2023-01-22 14:55:00+00:00,B1,0,assign,0
6143,2023-01-22 14:58:00+00:00,A,757,assign,0
6144,2023-01-22 15:02:00+00:00,E2,0,assign,0
6145,2023-01-22 15:08:00+00:00,A,758,assign,0
6146,2023-01-22 15:11:00+00:00,C,0,assign,0
6147,2023-01-22 15:12:00+00:00,E1,0,assign,0
6148,2023-01-22 15:13:00+00:00,D,0,assign,0
6149,2023-01-22 15:14:00+00:00,B1,0,assign,0
6150,2023-01-22 15:20:00+00:00,C,0,assign,0
6151,2023-01-22 15:21:00+00:00,D,0,assign,0
6152,2023-01-22 15:22:00+00:00,B1,0,assign,0
6153,2023-01-22 15:34:00+00:00,B2,0,assign,0
6154,2023-01-22 15:38:00+00:00,A,759,assign,0
6155,2023-01-22 15:42:00+00:00,A,760,assign,0
6156,2023-01-22 15:43:00+00:00,A,762,assign,0
6157,2023-01-22 15:47:00+00:00,A,763,assign,0
6158,2023-01-22 15:51:00+00:00,B2,0,assign,0
6159,2023-01-22 15:54:00+00:00,E2,0,assign,0
6160,2023-01-22 16:01:00+00:00,A,764,assign,0
6161,2023-01-22 16:01:00+00:00,B2,0,assign,0
6162,2023-01-22 16:12:00+00:00,C,0,assign,0
6163,2023-01-22 16:14:00+00:00,B1,0,assign,0
6164,2023-01-22 16:15:00+00:00,A,765,assign,0
6165,2023-01-22 16:17:00+00:00,D,0,assign,0
6166,2023-01-22 16:25:00+00:00,A,766,assign,0
6167,2023-01-22 16:30:00+00:00,E1,0,assign,0
6168,2023-01-22 16:33:00+00:00,A,767,assign,0
6169,2023-01-22 16:44:00+00:00,F,0,assign,0
6170,2023-01-22 16:44:00+00:00,B2,0,assign,0
6171,2023-01-22 16:46:00+00:00,A,769,assign,0
6172,2023-01-22 16:50:00+00:00,E2,0,assign,0
6173,2023-01-22 16:51:00+00:00,A,770,assign,0
6174,2023-01-22 16:56:00+00:00,C,0,assign,0
6175,2023-01-22 16:57:00+00:00,D,0,assign,0
6176,2023-01-22 16:58:00+00:00,B1,0,assign,0
6177,2023-01-22 16:59:00+00:00,A,771,assign,0
6178,2023-01-22 17:14:00+00:00,F,0,assign,0
6179,2023-01-22 17:20:00+00:00,C,0,assign,0
6180,2023-01-22 17:21:00+00:00,D,0,assign,0
6181,2023-01-22 17:27:00+00:00,B1,0,assign,0
6182,2023-01-22 17:27:00+00:00,A,772,assign,0
6183,2023-01-22 17:28:00+00:00,A,773,assign,0
6184,2023-01-22 17:32:00+00:00,A,775,assign,0
6185,2023-01-22 17:42:00+00:00,B2,0,assign,0
6186,2023-01-22 17:48:00+00:00,A,776,assign,0
6187,2023-01-22 17:50:00+00:00,F,0,assign,0
6188,2023-01-22 17:55:00+00:00,A,777,assign,0
6189,2023-01-22 18:12:00+00:00,B2,0,assign,0
6190,2023-01-22 18:14:00+00:00,C,0,assign,0
6191,2023-01-22 18:19:00+00:00,D,0,assign,0
6192,2023-01-22 18:20:00+00:00,B1,0,assign,0
6193,2023-01-22 18:40:00+00:00,A,778,assign,0
6194,2023-01-22 18:44:00+00:00,A,779,assign,0
6195,2023-01-22 18:49:00+00:00,A,780,assign,0
6196,2023-01-22 18:53:00+00:00,B2,0,assign,0
6197,2023-01-22 18:53:00+00:00,A,781,assign,0
6198,2023-01-22 18:56:00+00:00,E1,0,assign,0
6199,2023-01-22 19:17:00+00:00,F,0,assign,0
6200,2023-01-22 19:19:00+00:00,C,0,assign,0
6201,2023-01-22 19:21:00+00:00,D,0,assign,0
6202,2023-01-22 19:22:00+00:00,B1,0,assign,0
6203,2023-01-22 19:22:00+00:00,E2,0,assign,0
6204,2023-01-22 19:33:00+00:00,A,782,assign,0
6205,2023-01-22 19:42:00+00:00,A,783,assign,0
6206,2023-01-22 19:46:00+00:00,E1,0,assign,0
6207,2023-01-22 20:02:00+00:00,A,785,assign,0
6208,2023-01-22 20:05:00+00:00,B2,0,assign,0
6209,2023-01-22 20:30:00+00:00,E2,0,assign,0
6210,2023-01-22 20:45:00+00:00,A,786,assign,0
6211,2023-01-22 20:59:00+00:00,A,788,assign,0
6212,2023-01-22 21:09:00+00:00,E1,0,assign,0
6213,2023-01-22 21:32:00+00:00,E2,0,assign,0
6214,2023-01-22 21:46:00+00:00,A,789,assign,0
6215,2023-01-22 21:53:00+00:00,A,790,assign,0
6216,2023-01-22 22:12:00+00:00,C,0,assign,0
6217,2023-01-22 22:16:00+00:00,D,0,assign,0
6218,2023-01-22 22:19:00+00:00,B1,0,assign,0
6219,2023-01-22 22:52:00+00:00,B2,0,assign,0
6220,2023-01-22 23:36:00+00:00,A,792,assign,0
6221,2023-01-23 00:00:00+00:00,E1,0,assign,0
6222,2023-01-23 00:06:00+00:00,A,793,assign,0
6223,2023-01-23 00:23:00+00:00,E2,0,assign,0
6224,2023-01-23 00:27:00+00:00,C,0,assign,0
6225,2023-01-23 00:31:00+00:00,D,0,assign,0
6226,2023-01-23 00:33:00+00:00,B1,0,assign,0
6227,2023-01-23 00:43:00+00:00,A,794,assign,0
6228,2023-01-23 00:52:00+00:00,A,796,assign,0
6229,2023-01-23 00:55:00+00:00,B2,0,assign,0
6230,2023-01-23 01:16:00+00:00,C,0,assign,0
6231,2023-01-23 01:18:00+00:00,A,797,assign,0
6232,2023-01-23 01:21:00+00:00,D,0,assign,0
6233,2023-01-23 01:21:00+00:00,B1,0,assign,0
6234,2023-01-23 01:38:00+00:00,C,0,assign,0
6235,2023-01-23 01:39:00+00:00,D,0,assign,0
6236,2023-01-23 01:41:00+00:00,A,798,assign,0
6237,2023-01-23 01:42:00+00:00,B1,0,assign,0
6238,2023-01-23 01:54:00+00:00,E1,0,assign,0
6239,2023-01-23 02:00:00+00:00,B2,0,assign,0
6240,2023-01-23 02:11:00+00:00,B2,0,assign,0
6241,2023-01-23 02:12:00+00:00,A,799,assign,0
6242,2023-01-23 02:24:00+00:00,E2,0,assign,0
6243,2023-01-23 02:26:00+00:00,A,800,assign,0
6244,2023-01-23 02:27:00+00:00,A,801,assign,0
6245,2023-01-23 02:29:00+00:00,C,0,assign,0
6246,2023-01-23 02:33:00+00:00,D,0,assign,0
6247,2023-01-23 02:34:00+00:00,B1,0,assign,0
6248,2023-01-23 02:36:00+00:00,C,0,assign,0
6249,2023-01-23 02:38:00+00:00,B1,0,assign,0
6250,2023-01-23 02:40:00+00:00,D,0,assign,0
6251,2023-01-23 02:41:00+00:00,C,0,assign,0
6252,2023-01-23 02:42:00+00:00,A,802,assign,0
6253,2023-01-23 02:43:00+00:00,A,804,assign,0
6254,2023-01-23 02:45:00+00:00,D,0,assign,0
6255,2023-01-23 02:47:00+00:00,B1,0,assign,0
6256,2023-01-23 02:49:00+00:00,A,805,assign,0
6257,2023-01-23 02:55:00+00:00,B2,0,assign,0
6258,2023-01-23 03:02:00+00:00,E1,0,assign,0
6259,2023-01-23 03:05:00+00:00,B2,0,assign,0
6260,2023-01-23 03:05:00+00:00,B2,0,assign,0
6261,2023-01-23 03:09:00+00:00,C,0,assign,0
6262,2023-01-23 03:09:00+00:00,A,806,assign,0
6263,2023-01-23 03:11:00+00:00,B1,0,assign,0
6264,2023-01-23 03:14:00+00:00,D,0,assign,0
6265,2023-01-23 03:23:00+00:00,E2,0,assign,0
6266,2023-01-23 03:28:00+00:00,E1,0,assign,0
6267,2023-01-23 03:33:00+00:00,B2,0,assign,0
6268,2023-01-23 03:34:00+00:00,A,807,assign,0
6269,2023-01-23 03:34:00+00:00,A,808,assign,0
6270,2023-01-23 03:40:00+00:00,A,809,assign,0
6271,2023-01-23 03:53:00+00:00,A,811,assign,0
6272,2023-01-23 03:54:00+00:00,A,812,assign,0
6273,2023-01-23 03:59:00+00:00,E1,0,assign,0
6274,2023-01-23 04:02:00+00:00,C,0,assign,0
6275,2023-01-23 04:05:00+00:00,D,0,assign,0
6276,2023-01-23 04:06:00+00:00,F,0,assign,0
6277,2023-01-23 04:09:00+00:00,B1,0,assign,0
6278,2023-01-23 04:14:00+00:00,E2,0,assign,0
6279,2023-01-23 04:19:00+00:00,E1,0,assign,0
6280,2023-01-23 04:20:00+00:00,A,813,assign,0
6281,2023-01-23 04:30:00+00:00,E2,0,assign,0
6282,2023-01-23 04:32:00+00:00,A,814,assign,0
6283,2023-01-23 04:41:00+00:00,E2,0,assign,0
6284,2023-01-23 04:43:00+00:00,A,815,assign,0
6285,2023-01-23 04:45:00+00:00,F,0,assign,0
6286,2023-01-23 04:50:00+00:00,A,817,assign,0
6287,2023-01-23 04:53:00+00:00,A,819,assign,0
6288,2023-01-23 04:54:00+00:00,C,0,assign,0
6289,2023-01-23 04:54:00+00:00,B2,0,assign,0
6290,2023-01-23 04:57:00+00:00,B1,0,assign,0
6291,2023-01-23 04:59:00+00:00,A,820,assign,0
6292,2023-01-23 04:59:00+00:00,D,0,assign,0
6293,2023-01-23 05:16:00+00:00,A,822,assign,0
6294,2023-01-23 05:36:00+00:00,A,823,assign,0
6295,2023-01-23 05:36:00+00:00,B2,0,assign,0
6296,2023-01-23 05:39:00+00:00,A,824,assign,0
6297,2023-01-23 05:39:00+00:00,A,825,assign,0
6298,2023-01-23 05:41:00+00:00,A,826,assign,0
6299,2023-01-23 05:41:00+00:00,C,0,assign,0
6300,2023-01-23 05:43:00+00:00,D,0,assign,0
6301,2023-01-23 05:43:00+00:00,B1,0,assign,0
6302,2023-01-23 05:51:00+00:00,C,0,assign,0
6303,2023-01-23 05:55:00+00:00,B1,0,assign,0
6304,2023-01-23 05:56:00+00:00,D,0,assign,0
6305,2023-01-23 06:00:00+00:00,F,0,assign,0
6306,2023-01-23 06:05:00+00:00,C,0,assign,0
6307,2023-01-23 06:05:00+00:00,A,827,assign,0
6308,2023-01-23 06:08:00+00:00,C,0,assign,0
6309,2023-01-23 06:09:00+00:00,D,0,assign,0
6310,2023-01-23 06:10:00+00:00,B1,0,assign,0
6311,2023-01-23 06:10:00+00:00,B1,0,assign,0
6312,2023-01-23 06:13:00+00:00,D,0,assign,0
6313,2023-01-23 06:14:00+00:00,B2,0,assign,0
6314,2023-01-23 06:21:00+00:00,B2,0,assign,0
6315,2023-01-23 06:25:00+00:00,A,828,assign,0
6316,2023-01-23 06:31:00+00:00,B2,0,assign,0
6317,2023-01-23 06:38:00+00:00,F,0,assign,0
6318,2023-01-23 06:44:00+00:00,A,829,assign,0
6319,2023-01-23 06:55:00+00:00,B2,0,assign,0
6320,2023-01-23 06:56:00+00:00,F,0,assign,0
6321,2023-01-23 07:04:00+00:00,A,830,assign,0
6322,2023-01-23 07:13:00+00:00,A,831,assign,0
6323,2023-01-23 07:17:00+00:00,A,832,assign,0
6324,2023-01-23 07:24:00+00:00,A,833,assign,0
6325,2023-01-23 07:25:00+00:00,A,834,assign,0
6326,2023-01-23 07:32:00+00:00,A,835,assign,0
6327,2023-01-23 07:33:00+00:00,E1,0,assign,0
6328,2023-01-23 07:40:00+00:00,E1,0,assign,0
6329,2023-01-23 07:44:00+00:00,A,836,assign,0
6330,2023-01-23 07:49:00+00:00,F,0,assign,0
6331,2023-01-23 07:49:00+00:00,C,0,assign,0
6332,2023-01-23 07:53:00+00:00,D,0,assign,0
6333,2023-01-23 07:54:00+00:00,B1,0,assign,0
6334,2023-01-23 08:03:00+00:00,E2,0,assign,0
6335,2023-01-23 08:06:00+00:00,A,837,assign,0
6336,2023-01-23 08:10:00+00:00,B2,0,assign,0
6337,2023-01-23 08:10:00+00:00,A,838,assign,0
6338,2023-01-23 08:17:00+00:00,E2,0,assign,0
6339,2023-01-23 08:25:00+00:00,C,0,assign,0
6340,2023-01-23 08:27:00+00:00,D,0,assign,0
6341,2023-01-23 08:30:00+00:00,A,839,assign,0
6342,2023-01-23 08:30:00+00:00,B1,0,assign,0
6343,2023-01-23 08:34:00+00:00,A,841,assign,0
6344,2023-01-23 08:38:00+00:00,C,0,assign,0
6345,2023-01-23 08:40:00+00:00,A,843,assign,0
6346,2023-01-23 08:42:00+00:00,D,0,assign,0
6347,2023-01-23 08:44:00+00:00,B1,0,assign,0
6348,2023-01-23 08:46:00+00:00,A,844,assign,0
6349,2023-01-23 08:49:00+00:00,B2,0,assign,0
6350,2023-01-23 09:01:00+00:00,E1,0,assign,0
6351,2023-01-23 09:05:00+00:00,A,845,assign,0
6352,2023-01-23 09:07:00+00:00,A,846,assign,0
6353,2023-01-23 09:20:00+00:00,B2,0,assign,0
6354,2023-01-23 09:20:00+00:00,C,0,assign,0
6355,2023-01-23 09:21:00+00:00,D,0,assign,0
6356,2023-01-23 09:24:00+00:00,B1,0,assign,0
6357,2023-01-23 09:26:00+00:00,C,0,assign,0
6358,2023-01-23 09:27:00+00:00,D,0,assign,0
6359,2023-01-23 09:32:00+00:00,B1,0,assign,0
6360,2023-01-23 09:48:00+00:00,B2,0,assign,0
6361,2023-01-23 09:48:00+00:00,E2,0,assign,0
6362,2023-01-23 09:51:00+00:00,A,847,assign,0
6363,2023-01-23 09:54:00+00:00,B2,0,assign,0
6364,2023-01-23 10:13:00+00:00,F,0,assign,0
6365,2023-01-23 10:14:00+00:00,A,848,assign,0
6366,2023-01-23 10:16:00+00:00,A,849,assign,0
6367,2023-01-23 10:27:00+00:00,A,850,assign,0
6368,2023-01-23 10:37:00+00:00,F,0,assign,0
6369,2023-01-23 10:42:00+00:00,F,0,assign,0
6370,2023-01-23 10:51:00+00:00,A,852,assign,0
6371,2023-01-23 10:55:00+00:00,A,853,assign,0
6372,2023-01-23 11:03:00+00:00,A,854,assign,0
6373,2023-01-23 11:13:00+00:00,C,0,assign,0
6374,2023-01-23 11:13:00+00:00,E1,0,assign,0
6375,2023-01-23 11:15:00+00:00,B1,0,assign,0
6376,2023-01-23 11:16:00+00:00,D,0,assign,0
6377,2023-01-23 11:21:00+00:00,A,855,assign,0
6378,2023-01-23 11:38:00+00:00,C,0,assign,0
6379,2023-01-23 11:40:00+00:00,D,0,assign,0
6380,2023-01-23 11:42:00+00:00,B1,0,assign,0
6381,2023-01-23 11:43:00+00:00,B2,0,assign,0
6382,2023-01-23 11:44:00+00:00,E2,0,assign,0
6383,2023-01-23 11:49:00+00:00,A,856,assign,0
6384,2023-01-23 11:52:00+00:00,A,857,assign,0
6385,2023-01-23 11:54:00+00:00,A,858,assign,0
6386,2023-01-23 11:59:00+00:00,A,859,assign,0
6387,2023-01-23 12:09:00+00:00,C,0,assign,0
6388,2023-01-23 12:09:00+00:00,C,0,assign,0
6389,2023-01-23 12:11:00+00:00,B1,0,assign,0
6390,2023-01-23 12:11:00+00:00,B1,0,assign,0
6391,2023-01-23 12:13:00+00:00,D,0,assign,0
6392,2023-01-23 12:14:00+00:00,D,0,assign,0
6393,2023-01-23 12:15:00+00:00,B2,0,assign,0
6394,2023-01-23 12:23:00+00:00,A,860,assign,0
6395,2023-01-23 12:31:00+00:00,A,862,assign,0
6396,2023-01-23 12:36:00+00:00,B2,0,assign,0
6397,2023-01-23 12:40:00+00:00,B2,0,assign,0
6398,2023-01-23 12:46:00+00:00,A,863,assign,0
6399,2023-01-23 12:52:00+00:00,F,0,assign,0
6400,2023-01-23 12:58:00+00:00,E1,0,assign,0
6401,2023-01-23 13:11:00+00:00,A,864,assign,0
6402,2023-01-23 13:21:00+00:00,E2,0,assign,0
6403,2023-01-23 13:23:00+00:00,A,865,assign,0
6404,2023-01-23 13:24:00+00:00,C,0,assign,0
6405,2023-01-23 13:27:00+00:00,A,866,assign,0
6406,2023-01-23 13:28:00+00:00,D,0,assign,0
6407,2023-01-23 13:30:00+00:00,A,867,assign,0
6408,2023-01-23 13:31:00+00:00,B1,0,assign,0
6409,2023-01-23 13:46:00+00:00,A,868,assign,0
6410,2023-01-23 13:51:00+00:00,F,0,assign,0
6411,2023-01-23 13:55:00+00:00,E1,0,assign,0
6412,2023-01-23 14:07:00+00:00,B2,0,assign,0
6413,2023-01-23 14:28:00+00:00,E2,0,assign,0
6414,2023-01-23 14:45:00+00:00,A,870,assign,0
6415,2023-01-23 14:51:00+00:00,A,871,assign,0
6416,2023-01-23 15:02:00+00:00,A,873,assign,0
6417,2023-01-23 15:05:00+00:00,F,0,assign,0
6418,2023-01-23 16:22:00+00:00,A,874,assign,0
6419,2023-01-23 17:17:00+00:00,A,875,assign,0
6420,2023-01-23 17:37:00+00:00,C,0,assign,0
6421,2023-01-23 17:41:00+00:00,B1,0,assign,0
6422,2023-01-23 17:42:00+00:00,D,0,assign,0
6423,2023-01-23 18:09:00+00:00,B2,0,assign,0
6424,2023-01-23 18:38:00+00:00,A,876,assign,0
6425,2023-01-23 18:41:00+00:00,A,877,assign,0
6426,2023-01-23 18:46:00+00:00,A,878,assign,0
6427,2023-01-23 18:58:00+00:00,C,0,assign,0
6428,2023-01-23 19:03:00+00:00,D,0,assign,0
6429,2023-01-23 19:04:00+00:00,B1,0,assign,0
6430,2023-01-23 19:05:00+00:00,C,0,assign,0
6431,2023-01-23 19:06:00+00:00,E1,0,assign,0
6432,2023-01-23 19:07:00+00:00,B1,0,assign,0
6433,2023-01-23 19:08:00+00:00,D,0,assign,0
6434,2023-01-23 19:29:00+00:00,B2,0,assign,0
6435,2023-01-23 19:31:00+00:00,B2,0,assign,0
6436,2023-01-23 19:51:00+00:00,E2,0,assign,0
6437,2023-01-23 20:08:00+00:00,A,879,assign,0
6438,2023-01-23 20:13:00+00:00,A,881,assign,0
6439,2023-01-23 20:25:00+00:00,E1,0,assign,0
6440,2023-01-23 20:27:00+00:00,A,882,assign,0
6441,2023-01-23 20:49:00+00:00,E1,0,assign,0
6442,2023-01-23 21:01:00+00:00,E2,0,assign,0
6443,2023-01-23 21:14:00+00:00,A,883,assign,0
6444,2023-01-23 21:28:00+00:00,E2,0,assign,0
6445,2023-01-23 21:31:00+00:00,A,884,assign,0
6446,2023-01-23 21:37:00+00:00,C,0,assign,0
6447,2023-01-23 21:39:00+00:00,B1,0,assign,0
6448,2023-01-23 21:40:00+00:00,D,0,assign,0
6449,2023-01-23 22:06:00+00:00,A,886,assign,0
6450,2023-01-23 22:14:00+00:00,B2,0,assign,0
6451,2023-01-23 22:55:00+00:00,A,888,assign,0
6452,2023-01-23 23:21:00+00:00,E1,0,assign,0
6453,2023-01-23 23:21:00+00:00,A,889,assign,0
6454,2023-01-23 23:48:00+00:00,C,0,assign,0
6455,2023-01-23 23:50:00+00:00,D,0,assign,0
6456,2023-01-23 23:53:00+00:00,B1,0,assign,0
6457,2023-01-23 23:54:00+00:00,E2,0,assign,0
6458,2023-01-23 23:58:00+00:00,A,890,assign,0
6459,2023-01-24 00:02:00+00:00,A,891,assign,0
6460,2023-01-24 00:13:00+00:00,C,0,assign,0
6461,2023-01-24 00:14:00+00:00,D,0,assign,0
6462,2023-01-24 00:16:00+00:00,B2,0,assign,0
6463,2023-01-24 00:20:00+00:00,B1,0,assign,0
6464,2023-01-24 00:26:00+00:00,C,0,assign,0
6465,2023-01-24 00:30:00+00:00,A,892,assign,0
6466,2023-01-24 00:31:00+00:00,B1,0,assign,0
6467,2023-01-24 00:31:00+00:00,D,0,assign,0
6468,2023-01-24 00:33:00+00:00,A,894,assign,0
6469,2023-01-24 00:38:00+00:00,A,895,assign,0
6470,2023-01-24 00:51:00+00:00,B2,0,assign,0
6471,2023-01-24 00:54:00+00:00,C,0,assign,0
6472,2023-01-24 00:56:00+00:00,D,0,assign,0
6473,2023-01-24 00:57:00+00:00,B1,0,assign,0
6474,2023-01-24 01:08:00+00:00,C,0,assign,0
6475,2023-01-24 01:12:00+00:00,B1,0,assign,0
6476,2023-01-24 01:12:00+00:00,D,0,assign,0
6477,2023-01-24 01:15:00+00:00,B2,0,assign,0
6478,2023-01-24 01:15:00+00:00,A,896,assign,0
6479,2023-01-24 01:35:00+00:00,B2,0,assign,0
6480,2023-01-24 01:39:00+00:00,A,897,assign,0
6481,2023-01-24 01:41:00+00:00,F,0,assign,0
6482,2023-01-24 01:47:00+00:00,B2,0,assign,0
6483,2023-01-24 01:54:00+00:00,A,898,assign,0
6484,2023-01-24 02:07:00+00:00,F,0,assign,0
6485,2023-01-24 02:11:00+00:00,C,0,assign,0
6486,2023-01-24 02:11:00+00:00,A,899,assign,0
6487,2023-01-24 02:13:00+00:00,B1,0,assign,0
6488,2023-01-24 02:13:00+00:00,D,0,assign,0
6489,2023-01-24 02:14:00+00:00,A,900,assign,0
6490,2023-01-24 02:17:00+00:00,A,901,assign,0
6491,2023-01-24 02:30:00+00:00,A,902,assign,0
6492,2023-01-24 02:31:00+00:00,A,903,assign,0
6493,2023-01-24 02:35:00+00:00,B2,0,assign,0
6494,2023-01-24 02:35:00+00:00,E1,0,assign,0
6495,2023-01-24 02:37:00+00:00,F,0,assign,0
6496,2023-01-24 02:41:00+00:00,F,0,assign,0
6497,2023-01-24 02:41:00+00:00,A,904,assign,0
6498,2023-01-24 02:51:00+00:00,A,905,assign,0
6499,2023-01-24 02:53:00+00:00,C,0,assign,0
6500,2023-01-24 02:54:00+00:00,D,0,assign,0
6501,2023-01-24 02:56:00+00:00,B1,0,assign,0
6502,2023-01-24 02:58:00+00:00,C,0,assign,0
6503,2023-01-24 02:59:00+00:00,D,0,assign,0
6504,2023-01-24 03:02:00+00:00,E2,0,assign,0
6505,2023-01-24 03:03:00+00:00,B1,0,assign,0
6506,2023-01-24 03:10:00+00:00,C,0,assign,0
6507,2023-01-24 03:11:00+00:00,D,0,assign,0
6508,2023-01-24 03:14:00+00:00,A,906,assign,0
6509,2023-01-24 03:14:00+00:00,B1,0,assign,0
6510,2023-01-24 03:16:00+00:00,A,907,assign,0
6511,2023-01-24 03:19:00+00:00,B2,0,assign,0
6512,2023-01-24 03:24:00+00:00,A,908,assign,0
6513,2023-01-24 03:28:00+00:00,A,909,assign,0
6514,2023-01-24 03:29:00+00:00,A,910,assign,0
6515,2023-01-24 03:38:00+00:00,F,0,assign,0
6516,2023-01-24 03:43:00+00:00,B2,0,assign,0
6517,2023-01-24 03:50:00+00:00,B2,0,assign,0
6518,2023-01-24 04:04:00+00:00,A,912,assign,0
6519,2023-01-24 04:10:00+00:00,A,913,assign,0
6520,2023-01-24 04:14:00+00:00,F,0,assign,0
6521,2023-01-24 04:15:00+00:00,A,914,assign,0
6522,2023-01-24 04:21:00+00:00,E1,0,assign,0
6523,2023-01-24 04:24:00+00:00,A,915,assign,0
6524,2023-01-24 04:32:00+00:00,A,916,assign,0
6525,2023-01-24 04:37:00+00:00,E1,0,assign,0
6526,2023-01-24 04:40:00+00:00,A,917,assign,0
6527,2023-01-24 04:41:00+00:00,C,0,assign,0
6528,2023-01-24 04:43:00+00:00,E2,0,assign,0
6529,2023-01-24 04:46:00+00:00,D,0,assign,0
6530,2023-01-24 04:47:00+00:00,B1,0,assign,0
6531,2023-01-24 04:58:00+00:00,C,0,assign,0
6532,2023-01-24 05:01:00+00:00,B1,0,assign,0
6533,2023-01-24 05:02:00+00:00,D,0,assign,0
6534,2023-01-24 05:06:00+00:00,A,918,assign,0
6535,2023-01-24 05:08:00+00:00,A,919,assign,0
6536,2023-01-24 05:20:00+00:00,E2,0,assign,0
6537,2023-01-24 05:31:00+00:00,B2,0,assign,0
6538,2023-01-24 05:35:00+00:00,B2,0,assign,0
6539,2023-01-24 05:39:00+00:00,A,921,assign,0
6540,2023-01-24 05:58:00+00:00,A,923,assign,0
6541,2023-01-24 06:02:00+00:00,A,924,assign,0
6542,2023-01-24 06:20:00+00:00,A,925,assign,0
6543,2023-01-24 06:22:00+00:00,F,0,assign,0
6544,2023-01-24 06:24:00+00:00,E1,0,assign,0
6545,2023-01-24 06:36:00+00:00,A,926,assign,0
6546,2023-01-24 06:42:00+00:00,C,0,assign,0
6547,2023-01-24 06:44:00+00:00,D,0,assign,0
6548,2023-01-24 06:45:00+00:00,B1,0,assign,0
6549,2023-01-24 07:00:00+00:00,C,0,assign,0
6550,2023-01-24 07:02:00+00:00,E2,0,assign,0
6551,2023-01-24 07:02:00+00:00,B1,0,assign,0
6552,2023-01-24 07:03:00+00:00,D,0,assign,0
6553,2023-01-24 07:04:00+00:00,B2,0,assign,0
6554,2023-01-24 07:32:00+00:00,B2,0,assign,0
6555,2023-01-24 07:34:00+00:00,A,927,assign,0
6556,2023-01-24 07:41:00+00:00,A,928,assign,0
6557,2023-01-24 08:03:00+00:00,A,930,assign,0
6558,2023-01-24 08:18:00+00:00,F,0,assign,0
6559,2023-01-24 08:26:00+00:00,A,931,assign,0
6560,2023-01-24 08:47:00+00:00,E1,0,assign,0
6561,2023-01-24 09:10:00+00:00,E2,0,assign,0
6562,2023-01-24 09:10:00+00:00,A,932,assign,0
6563,2023-01-24 09:35:00+00:00,A,933,assign,0
6564,2023-01-24 09:35:00+00:00,A,935,assign,0
6565,2023-01-24 10:02:00+00:00,C,0,assign,0
6566,2023-01-24 10:04:00+00:00,A,936,assign,0
6567,2023-01-24 10:05:00+00:00,B1,0,assign,0
6568,2023-01-24 10:06:00+00:00,D,0,assign,0
6569,2023-01-24 10:25:00+00:00,C,0,assign,0
6570,2023-01-24 10:28:00+00:00,D,0,assign,0
6571,2023-01-24 10:32:00+00:00,B1,0,assign,0
6572,2023-01-24 10:50:00+00:00,B2,0,assign,0
6573,2023-01-24 11:00:00+00:00,A,937,assign,0
6574,2023-01-24 11:11:00+00:00,C,0,assign,0
6575,2023-01-24 11:13:00+00:00,D,0,assign,0
6576,2023-01-24 11:17:00+00:00,B1,0,assign,0
6577,2023-01-24 11:17:00+00:00,B2,0,assign,0
6578,2023-01-24 11:27:00+00:00,A,938,assign,0
6579,2023-01-24 11:41:00+00:00,F,0,assign,0
6580,2023-01-24 11:44:00+00:00,B2,0,assign,0
6581,2023-01-24 12:15:00+00:00,A,939,assign,0
6582,2023-01-24 12:17:00+00:00,A,940,assign,0
6583,2023-01-24 12:25:00+00:00,A,941,assign,0
6584,2023-01-24 12:26:00+00:00,E1,0,assign,0
6585,2023-01-24 12:30:00+00:00,C,0,assign,0
6586,2023-01-24 12:32:00+00:00,D,0,assign,0
6587,2023-01-24 12:35:00+00:00,B1,0,assign,0
6588,2023-01-24 12:50:00+00:00,B2,0,assign,0
6589,2023-01-24 12:55:00+00:00,E1,0,assign,0
6590,2023-01-24 13:01:00+00:00,A,942,assign,0
6591,2023-01-24 13:07:00+00:00,E2,0,assign,0
6592,2023-01-24 13:19:00+00:00,A,943,assign,0
6593,2023-01-24 13:26:00+00:00,E2,0,assign,0
6594,2023-01-24 13:35:00+00:00,A,944,assign,0
6595,2023-01-24 13:38:00+00:00,C,0,assign,0
6596,2023-01-24 13:40:00+00:00,D,0,assign,0
6597,2023-01-24 13:44:00+00:00,A,945,assign,0
6598,2023-01-24 13:45:00+00:00,B1,0,assign,0
6599,2023-01-24 13:47:00+00:00,A,946,assign,0
6600,2023-01-24 13:53:00+00:00,F,0,assign,0
6601,2023-01-24 14:06:00+00:00,A,948,assign,0
6602,2023-01-24 14:09:00+00:00,C,0,assign,0
6603,2023-01-24 14:10:00+00:00,B2,0,assign,0
6604,2023-01-24 14:13:00+00:00,D,0,assign,0
6605,2023-01-24 14:16:00+00:00,B1,0,assign,0
6606,2023-01-24 14:43:00+00:00,A,950,assign,0
6607,2023-01-24 14:44:00+00:00,B2,0,assign,0
6608,2023-01-24 14:50:00+00:00,A,951,assign,0
6609,2023-01-24 14:56:00+00:00,A,952,assign,0
6610,2023-01-24 15:07:00+00:00,F,0,assign,0
6611,2023-01-24 15:10:00+00:00,A,953,assign,0
6612,2023-01-24 15:11:00+00:00,C,0,assign,0
6613,2023-01-24 15:16:00+00:00,D,0,assign,0
6614,2023-01-24 15:17:00+00:00,B1,0,assign,0
6615,2023-01-24 15:25:00+00:00,E1,0,assign,0
6616,2023-01-24 15:47:00+00:00,A,954,assign,0
6617,2023-01-24 15:53:00+00:00,A,955,assign,0
6618,2023-01-24 15:55:00+00:00,B2,0,assign,0
6619,2023-01-24 16:01:00+00:00,E2,0,assign,0
6620,2023-01-24 16:18:00+00:00,A,956,assign,0
6621,2023-01-24 16:23:00+00:00,C,0,assign,0
6622,2023-01-24 16:25:00+00:00,D,0,assign,0
6623,2023-01-24 16:28:00+00:00,B1,0,assign,0
6624,2023-01-24 16:35:00+00:00,A,958,assign,0
6625,2023-01-24 16:59:00+00:00,E1,0,assign,0
6626,2023-01-24 17:08:00+00:00,B2,0,assign,0
6627,2023-01-24 17:23:00+00:00,A,959,assign,0
6628,2023-01-24 17:36:00+00:00,A,960,assign,0
6629,2023-01-24 17:42:00+00:00,C,0,assign,0
6630,2023-01-24 17:43:00+00:00,E2,0,assign,0
6631,2023-01-24 17:44:00+00:00,B1,0,assign,0
6632,2023-01-24 17:46:00+00:00,F,0,assign,0
6633,2023-01-24 17:47:00+00:00,D,0,assign,0
6634,2023-01-24 17:53:00+00:00,A,961,assign,0
6635,2023-01-24 17:59:00+00:00,A,962,assign,0
6636,2023-01-24 18:04:00+00:00,B2,0,assign,0
6637,2023-01-24 18:07:00+00:00,C,0,assign,0
6638,2023-01-24 18:12:00+00:00,D,0,assign,0
6639,2023-01-24 18:12:00+00:00,B1,0,assign,0
6640,2023-01-24 18:39:00+00:00,A,964,assign,0
6641,2023-01-24 18:47:00+00:00,A,965,assign,0
6642,2023-01-24 18:52:00+00:00,B2,0,assign,0
6643,2023-01-24 19:01:00+00:00,A,966,assign,0
6644,2023-01-24 19:01:00+00:00,A,967,assign,0
6645,2023-01-24 19:05:00+00:00,E1,0,assign,0
6646,2023-01-24 19:05:00+00:00,C,0,assign,0
6647,2023-01-24 19:09:00+00:00,B1,0,assign,0
6648,2023-01-24 19:10:00+00:00,D,0,assign,0
6649,2023-01-24 19:23:00+00:00,C,0,assign,0
6650,2023-01-24 19:25:00+00:00,B1,0,assign,0
6651,2023-01-24 19:28:00+00:00,D,0,assign,0
6652,2023-01-24 19:30:00+00:00,B2,0,assign,0
6653,2023-01-24 19:32:00+00:00,A,968,assign,0
6654,2023-01-24 19:49:00+00:00,E2,0,assign,0
6655,2023-01-24 19:55:00+00:00,A,969,assign,0
6656,2023-01-24 19:56:00+00:00,F,0,assign,0
6657,2023-01-24 20:10:00+00:00,B2,0,assign,0
6658,2023-01-24 20:18:00+00:00,F,0,assign,0
6659,2023-01-24 20:24:00+00:00,A,970,assign,0
6660,2023-01-24 20:39:00+00:00,A,972,assign,0
6661,2023-01-24 20:53:00+00:00,A,973,assign,0
6662,2023-01-24 21:02:00+00:00,A,974,assign,0
6663,2023-01-24 21:14:00+00:00,C,0,assign,0
6664,2023-01-24 21:16:00+00:00,D,0,assign,0
6665,2023-01-24 21:18:00+00:00,A,975,assign,0
6666,2023-01-24 21:20:00+00:00,E1,0,assign,0
6667,2023-01-24 21:21:00+00:00,B1,0,assign,0
6668,2023-01-24 22:00:00+00:00,E2,0,assign,0
6669,2023-01-24 22:03:00+00:00,B2,0,assign,0
6670,2023-01-24 22:22:00+00:00,A,976,assign,0
6671,2023-01-24 22:33:00+00:00,A,978,assign,0
6672,2023-01-24 22:44:00+00:00,F,0,assign,0
6673,2023-01-24 23:46:00+00:00,A,979,assign,0
6674,2023-01-25 00:21:00+00:00,A,980,assign,0
6675,2023-01-25 00:50:00+00:00,C,0,assign,0
6676,2023-01-25 00:52:00+00:00,D,0,assign,0
6677,2023-01-25 00:54:00+00:00,B1,0,assign,0
6678,2023-01-25 01:14:00+00:00,B2,0,assign,0
6679,2023-01-25 01:44:00+00:00,A,981,assign,0
6680,2023-01-25 01:56:00+00:00,A,982,assign,0
6681,2023-01-25 02:07:00+00:00,C,0,assign,0
6682,2023-01-25 02:10:00+00:00,A,983,assign,0
6683,2023-01-25 02:11:00+00:00,D,0,assign,0
6684,2023-01-25 02:12:00+00:00,B1,0,assign,0
6685,2023-01-25 02:15:00+00:00,C,0,assign,0
6686,2023-01-25 02:18:00+00:00,B1,0,assign,0
6687,2023-01-25 02:19:00+00:00,D,0,assign,0
6688,2023-01-25 02:23:00+00:00,F,0,assign,0
6689,2023-01-25 02:30:00+00:00,B2,0,assign,0
6690,2023-01-25 02:46:00+00:00,B2,0,assign,0
6691,2023-01-25 03:17:00+00:00,A,984,assign,0
6692,2023-01-25 03:26:00+00:00,A,985,assign,0
6693,2023-01-25 03:31:00+00:00,A,986,assign,0
6694,2023-01-25 03:32:00+00:00,A,987,assign,0
6695,2023-01-25 03:33:00+00:00,C,0,assign,0
6696,2023-01-25 03:35:00+00:00,D,0,assign,0
6697,2023-01-25 03:36:00+00:00,B1,0,assign,0
6698,2023-01-25 03:42:00+00:00,F,0,assign,0
6699,2023-01-25 03:51:00+00:00,B2,0,assign,0
6700,2023-01-25 03:54:00+00:00,A,988,assign,0
6701,2023-01-25 04:01:00+00:00,F,0,assign,0
6702,2023-01-25 04:07:00+00:00,A,989,assign,0
6703,2023-01-25 04:08:00+00:00,A,990,assign,0
6704,2023-01-25 04:11:00+00:00,C,0,assign,0
6705,2023-01-25 04:16:00+00:00,D,0,assign,0
6706,2023-01-25 04:18:00+00:00,B1,0,assign,0
6707,2023-01-25 04:29:00+00:00,C,0,assign,0
6708,2023-01-25 04:29:00+00:00,A,991,assign,0
6709,2023-01-25 04:31:00+00:00,D,0,assign,0
6710,2023-01-25 04:34:00+00:00,A,992,assign,0
6711,2023-01-25 04:34:00+00:00,B1,0,assign,0
6712,2023-01-25 04:35:00+00:00,C,0,assign,0
6713,2023-01-25 04:36:00+00:00,D,0,assign,0
6714,2023-01-25 04:38:00+00:00,B1,0,assign,0
6715,2023-01-25 04:47:00+00:00,B2,0,assign,0
6716,2023-01-25 04:47:00+00:00,F,0,assign,0
6717,2023-01-25 04:54:00+00:00,A,993,assign,0
6718,2023-01-25 05:08:00+00:00,B2,0,assign,0
6719,2023-01-25 05:11:00+00:00,B2,0,assign,0
6720,2023-01-25 05:24:00+00:00,A,994,assign,0
6721,2023-01-25 05:34:00+00:00,F,0,assign,0
6722,2023-01-25 05:50:00+00:00,A,995,assign,0
6723,2023-01-25 05:50:00+00:00,A,996,assign,0
6724,2023-01-25 05:51:00+00:00,A,997,assign,0
6725,2023-01-25 05:53:00+00:00,A,998,assign,0
6726,2023-01-25 05:58:00+00:00,A,999,assign,0
6727,2023-01-25 06:14:00+00:00,C,0,assign,0
6728,2023-01-25 06:19:00+00:00,E1,0,assign,0
6729,2023-01-25 06:19:00+00:00,D,0,assign,0
6730,2023-01-25 06:20:00+00:00,B1,0,assign,0
6731,2023-01-25 06:20:00+00:00,C,0,assign,0
6732,2023-01-25 06:21:00+00:00,D,0,assign,0
6733,2023-01-25 06:24:00+00:00,B1,0,assign,0
6734,2023-01-25 06:27:00+00:00,F,0,assign,0
6735,2023-01-25 06:29:00+00:00,A,1000,assign,0
6736,2023-01-25 06:40:00+00:00,B2,0,assign,0
6737,2023-01-25 06:55:00+00:00,B2,0,assign,0
6738,2023-01-25 07:08:00+00:00,A,1001,assign,0
6739,2023-01-25 07:09:00+00:00,E2,0,assign,0
6740,2023-01-25 07:16:00+00:00,A,1002,assign,0
6741,2023-01-25 07:24:00+00:00,A,1003,assign,0
6742,2023-01-25 07:25:00+00:00,A,1004,assign,0
6743,2023-01-25 07:25:00+00:00,A,1005,assign,0
6744,2023-01-25 07:31:00+00:00,E1,0,assign,0
6745,2023-01-25 07:36:00+00:00,C,0,assign,0
6746,2023-01-25 07:40:00+00:00,D,0,assign,0
6747,2023-01-25 07:43:00+00:00,C,0,assign,0
6748,2023-01-25 07:43:00+00:00,B1,0,assign,0
6749,2023-01-25 07:46:00+00:00,D,0,assign,0
6750,2023-01-25 07:46:00+00:00,B1,0,assign,0
6751,2023-01-25 07:48:00+00:00,C,0,assign,0
6752,2023-01-25 07:49:00+00:00,D,0,assign,0
6753,2023-01-25 07:49:00+00:00,A,1006,assign,0
6754,2023-01-25 07:54:00+00:00,A,1008,assign,0
6755,2023-01-25 07:55:00+00:00,B1,0,assign,0
6756,2023-01-25 08:09:00+00:00,B2,0,assign,0
6757,2023-01-25 08:11:00+00:00,B2,0,assign,0
6758,2023-01-25 08:16:00+00:00,F,0,assign,0
6759,2023-01-25 08:20:00+00:00,E2,0,assign,0
6760,2023-01-25 08:26:00+00:00,B2,0,assign,0
6761,2023-01-25 08:45:00+00:00,A,1009,assign,0
6762,2023-01-25 08:56:00+00:00,A,1011,assign,0
6763,2023-01-25 09:02:00+00:00,A,1012,assign,0
6764,2023-01-25 09:13:00+00:00,A,1013,assign,0
6765,2023-01-25 09:15:00+00:00,E1,0,assign,0
6766,2023-01-25 09:16:00+00:00,A,1014,assign,0
6767,2023-01-25 09:16:00+00:00,E1,0,assign,0
6768,2023-01-25 09:18:00+00:00,A,1015,assign,0
6769,2023-01-25 09:27:00+00:00,F,0,assign,0
6770,2023-01-25 09:41:00+00:00,A,1016,assign,0
6771,2023-01-25 09:42:00+00:00,A,1017,assign,0
6772,2023-01-25 09:43:00+00:00,E2,0,assign,0
6773,2023-01-25 09:46:00+00:00,A,1018,assign,0
6774,2023-01-25 09:48:00+00:00,C,0,assign,0
6775,2023-01-25 09:51:00+00:00,B1,0,assign,0
6776,2023-01-25 09:52:00+00:00,D,0,assign,0
6777,2023-01-25 09:59:00+00:00,C,0,assign,0
6778,2023-01-25 10:01:00+00:00,B1,0,assign,0
6779,2023-01-25 10:03:00+00:00,D,0,assign,0
6780,2023-01-25 10:05:00+00:00,C,0,assign,0
6781,2023-01-25 10:05:00+00:00,E2,0,assign,0
6782,2023-01-25 10:07:00+00:00,D,0,assign,0
6783,2023-01-25 10:09:00+00:00,C,0,assign,0
6784,2023-01-25 10:10:00+00:00,B2,0,assign,0
6785,2023-01-25 10:11:00+00:00,B1,0,assign,0
6786,2023-01-25 10:11:00+00:00,B1,0,assign,0
6787,2023-01-25 10:13:00+00:00,D,0,assign,0
6788,2023-01-25 10:17:00+00:00,A,1019,assign,0
6789,2023-01-25 10:22:00+00:00,A,1021,assign,0
6790,2023-01-25 10:30:00+00:00,A,1022,assign,0
6791,2023-01-25 10:41:00+00:00,A,1023,assign,0
6792,2023-01-25 10:44:00+00:00,B2,0,assign,0
6793,2023-01-25 10:52:00+00:00,B2,0,assign,0
6794,2023-01-25 10:53:00+00:00,B2,0,assign,0
6795,2023-01-25 10:58:00+00:00,C,0,assign,0
6796,2023-01-25 11:03:00+00:00,D,0,assign,0
6797,2023-01-25 11:04:00+00:00,B1,0,assign,0
6798,2023-01-25 11:09:00+00:00,A,1025,assign,0
6799,2023-01-25 11:14:00+00:00,A,1026,assign,0
6800,2023-01-25 11:22:00+00:00,A,1027,assign,0
6801,2023-01-25 11:24:00+00:00,B2,0,assign,0
6802,2023-01-25 11:26:00+00:00,F,0,assign,0
6803,2023-01-25 11:27:00+00:00,C,0,assign,0
6804,2023-01-25 11:29:00+00:00,A,1028,assign,0
6805,2023-01-25 11:30:00+00:00,D,0,assign,0
6806,2023-01-25 11:31:00+00:00,B1,0,assign,0
6807,2023-01-25 11:35:00+00:00,F,0,assign,0
6808,2023-01-25 11:35:00+00:00,A,1029,assign,0
6809,2023-01-25 11:46:00+00:00,F,0,assign,0
6810,2023-01-25 11:49:00+00:00,A,1030,assign,0
6811,2023-01-25 11:52:00+00:00,A,1031,assign,0
6812,2023-01-25 11:57:00+00:00,E1,0,assign,0
6813,2023-01-25 12:02:00+00:00,C,0,assign,0
6814,2023-01-25 12:03:00+00:00,D,0,assign,0
6815,2023-01-25 12:07:00+00:00,A,1032,assign,0
6816,2023-01-25 12:07:00+00:00,B2,0,assign,0
6817,2023-01-25 12:08:00+00:00,B1,0,assign,0
6818,2023-01-25 12:09:00+00:00,C,0,assign,0
6819,2023-01-25 12:10:00+00:00,D,0,assign,0
6820,2023-01-25 12:14:00+00:00,B1,0,assign,0
6821,2023-01-25 12:17:00+00:00,A,1033,assign,0
6822,2023-01-25 12:23:00+00:00,A,1034,assign,0
6823,2023-01-25 12:29:00+00:00,F,0,assign,0
6824,2023-01-25 12:31:00+00:00,A,1035,assign,0
6825,2023-01-25 12:35:00+00:00,E2,0,assign,0
6826,2023-01-25 12:35:00+00:00,C,0,assign,0
6827,2023-01-25 12:37:00+00:00,D,0,assign,0
6828,2023-01-25 12:42:00+00:00,B1,0,assign,0
6829,2023-01-25 12:42:00+00:00,A,1036,assign,0
6830,2023-01-25 12:53:00+00:00,B2,0,assign,0
6831,2023-01-25 12:53:00+00:00,A,1037,assign,0
6832,2023-01-25 12:55:00+00:00,B2,0,assign,0
6833,2023-01-25 12:56:00+00:00,A,1038,assign,0
6834,2023-01-25 12:59:00+00:00,A,1040,assign,0
6835,2023-01-25 13:03:00+00:00,A,1041,assign,0
6836,2023-01-25 13:04:00+00:00,C,0,assign,0
6837,2023-01-25 13:06:00+00:00,B2,0,assign,0
6838,2023-01-25 13:06:00+00:00,A,1042,assign,0
6839,2023-01-25 13:07:00+00:00,B1,0,assign,0
6840,2023-01-25 13:08:00+00:00,A,1043,assign,0
6841,2023-01-25 13:08:00+00:00,D,0,assign,0
6842,2023-01-25 13:11:00+00:00,A,1044,assign,0
6843,2023-01-25 13:14:00+00:00,C,0,assign,0
6844,2023-01-25 13:15:00+00:00,F,0,assign,0
6845,2023-01-25 13:18:00+00:00,D,0,assign,0
6846,2023-01-25 13:21:00+00:00,B1,0,assign,0
6847,2023-01-25 13:22:00+00:00,C,0,assign,0
6848,2023-01-25 13:26:00+00:00,B1,0,assign,0
6849,2023-01-25 13:27:00+00:00,D,0,assign,0
6850,2023-01-25 13:29:00+00:00,B2,0,assign,0
6851,2023-01-25 13:30:00+00:00,C,0,assign,0
6852,2023-01-25 13:33:00+00:00,D,0,assign,0
6853,2023-01-25 13:34:00+00:00,C,0,assign,0
6854,2023-01-25 13:35:00+00:00,A,1045,assign,0
6855,2023-01-25 13:36:00+00:00,B1,0,assign,0
6856,2023-01-25 13:36:00+00:00,B1,0,assign,0
6857,2023-01-25 13:38:00+00:00,D,0,assign,0
6858,2023-01-25 13:41:00+00:00,A,1046,assign,0
6859,2023-01-25 13:45:00+00:00,A,1047,assign,0
6860,2023-01-25 13:46:00+00:00,A,1048,assign,0
6861,2023-01-25 13:48:00+00:00,A,1049,assign,0
6862,2023-01-25 13:56:00+00:00,A,1050,assign,0
6863,2023-01-25 13:57:00+00:00,E1,0,assign,0
6864,2023-01-25 13:59:00+00:00,A,1051,assign,0
6865,2023-01-25 14:00:00+00:00,B2,0,assign,0
6866,2023-01-25 14:01:00+00:00,E1,0,assign,0
6867,2023-01-25 14:02:00+00:00,B2,0,assign,0
6868,2023-01-25 14:02:00+00:00,C,0,assign,0
6869,2023-01-25 14:04:00+00:00,B2,0,assign,0
6870,2023-01-25 14:06:00+00:00,D,0,assign,0
6871,2023-01-25 14:07:00+00:00,B2,0,assign,0
6872,2023-01-25 14:09:00+00:00,B1,0,assign,0
6873,2023-01-25 14:09:00+00:00,E1,0,assign,0
6874,2023-01-25 14:11:00+00:00,C,0,assign,0
6875,2023-01-25 14:14:00+00:00,B1,0,assign,0
6876,2023-01-25 14:14:00+00:00,A,1052,assign,0
6877,2023-01-25 14:15:00+00:00,D,0,assign,0
6878,2023-01-25 14:26:00+00:00,F,0,assign,0
6879,2023-01-25 14:27:00+00:00,A,1053,assign,0
6880,2023-01-25 14:29:00+00:00,A,1054,assign,0
6881,2023-01-25 14:33:00+00:00,B2,0,assign,0
6882,2023-01-25 14:34:00+00:00,E2,0,assign,0
6883,2023-01-25 14:34:00+00:00,A,1055,assign,0
6884,2023-01-25 14:37:00+00:00,E2,0,assign,0
6885,2023-01-25 14:38:00+00:00,C,0,assign,0
6886,2023-01-25 14:39:00+00:00,D,0,assign,0
6887,2023-01-25 14:42:00+00:00,F,0,assign,0
6888,2023-01-25 14:44:00+00:00,B1,0,assign,0
6889,2023-01-25 14:44:00+00:00,E2,0,assign,0
6890,2023-01-25 14:44:00+00:00,B2,0,assign,0
6891,2023-01-25 14:48:00+00:00,A,1056,assign,0
6892,2023-01-25 14:49:00+00:00,A,1057,assign,0
6893,2023-01-25 14:57:00+00:00,E1,0,assign,0
6894,2023-01-25 15:02:00+00:00,B2,0,assign,0
6895,2023-01-25 15:08:00+00:00,A,1058,assign,0
6896,2023-01-25 15:10:00+00:00,E1,0,assign,0
6897,2023-01-25 15:11:00+00:00,A,1060,assign,0
6898,2023-01-25 15:12:00+00:00,E1,0,assign,0
6899,2023-01-25 15:14:00+00:00,A,1062,assign,0
6900,2023-01-25 15:24:00+00:00,A,1063,assign,0
6901,2023-01-25 15:36:00+00:00,E2,0,assign,0
6902,2023-01-25 15:37:00+00:00,A,1065,assign,0
6903,2023-01-25 15:39:00+00:00,A,1066,assign,0
6904,2023-01-25 15:44:00+00:00,A,1067,assign,0
6905,2023-01-25 15:45:00+00:00,E2,0,assign,0
6906,2023-01-25 15:49:00+00:00,F,0,assign,0
6907,2023-01-25 15:52:00+00:00,E2,0,assign,0
6908,2023-01-25 15:54:00+00:00,A,1068,assign,0
6909,2023-01-25 15:56:00+00:00,A,1069,assign,0
6910,2023-01-25 15:56:00+00:00,E1,0,assign,0
6911,2023-01-25 16:13:00+00:00,A,1071,assign,0
6912,2023-01-25 16:14:00+00:00,A,1072,assign,0
6913,2023-01-25 16:17:00+00:00,F,0,assign,0
6914,2023-01-25 16:25:00+00:00,E2,0,assign,0
6915,2023-01-25 16:28:00+00:00,A,1074,assign,0
6916,2023-01-25 16:40:00+00:00,A,1076,assign,0
6917,2023-01-25 16:41:00+00:00,C,0,assign,0
6918,2023-01-25 16:44:00+00:00,D,0,assign,0
6919,2023-01-25 16:45:00+00:00,B1,0,assign,0
6920,2023-01-25 16:51:00+00:00,A,1077,assign,0
6921,2023-01-25 16:58:00+00:00,A,1078,assign,0
6922,2023-01-25 17:04:00+00:00,C,0,assign,0
6923,2023-01-25 17:06:00+00:00,B1,0,assign,0
6924,2023-01-25 17:06:00+00:00,D,0,assign,0
6925,2023-01-25 17:18:00+00:00,B2,0,assign,0
6926,2023-01-25 17:20:00+00:00,A,1080,assign,0
6927,2023-01-25 17:21:00+00:00,A,1081,assign,0
6928,2023-01-25 17:23:00+00:00,B2,0,assign,0
6929,2023-01-25 17:44:00+00:00,C,0,assign,0
6930,2023-01-25 17:47:00+00:00,B1,0,assign,0
6931,2023-01-25 17:47:00+00:00,D,0,assign,0
6932,2023-01-25 18:03:00+00:00,A,1082,assign,0
6933,2023-01-25 18:08:00+00:00,B2,0,assign,0
6934,2023-01-25 18:09:00+00:00,A,1083,assign,0
6935,2023-01-25 18:28:00+00:00,F,0,assign,0
6936,2023-01-25 18:29:00+00:00,F,0,assign,0
6937,2023-01-25 18:48:00+00:00,A,1084,assign,0
6938,2023-01-25 18:53:00+00:00,A,1085,assign,0
6939,2023-01-25 19:01:00+00:00,C,0,assign,0
6940,2023-01-25 19:03:00+00:00,B1,0,assign,0
6941,2023-01-25 19:05:00+00:00,E1,0,assign,0
6942,2023-01-25 19:06:00+00:00,D,0,assign,0
6943,2023-01-25 19:13:00+00:00,A,1086,assign,0
6944,2023-01-25 19:30:00+00:00,B2,0,assign,0
6945,2023-01-25 19:32:00+00:00,A,1087,assign,0
6946,2023-01-25 19:37:00+00:00,C,0,assign,0
6947,2023-01-25 19:41:00+00:00,D,0,assign,0
6948,2023-01-25 19:41:00+00:00,A,1088,assign,0
6949,2023-01-25 19:44:00+00:00,B1,0,assign,0
6950,2023-01-25 19:44:00+00:00,E2,0,assign,0
6951,2023-01-25 19:46:00+00:00,A,1089,assign,0
6952,2023-01-25 19:55:00+00:00,A,1090,assign,0
6953,2023-01-25 19:58:00+00:00,A,1091,assign,0
6954,2023-01-25 20:03:00+00:00,C,0,assign,0
6955,2023-01-25 20:06:00+00:00,B1,0,assign,0
6956,2023-01-25 20:06:00+00:00,D,0,assign,0
6957,2023-01-25 20:07:00+00:00,A,1092,assign,0
6958,2023-01-25 20:08:00+00:00,F,0,assign,0
6959,2023-01-25 20:11:00+00:00,C,0,assign,0
6960,2023-01-25 20:12:00+00:00,D,0,assign,0
6961,2023-01-25 20:16:00+00:00,B1,0,assign,0
6962,2023-01-25 20:18:00+00:00,B2,0,assign,0
6963,2023-01-25 20:25:00+00:00,B2,0,assign,0
6964,2023-01-25 20:31:00+00:00,A,1094,assign,0
6965,2023-01-25 20:51:00+00:00,B2,0,assign,0
6966,2023-01-25 20:58:00+00:00,C,0,assign,0
6967,2023-01-25 20:59:00+00:00,D,0,assign,0
6968,2023-01-25 21:03:00+00:00,B1,0,assign,0
6969,2023-01-25 21:09:00+00:00,A,1095,assign,0
6970,2023-01-25 21:13:00+00:00,A,1096,assign,0
6971,2023-01-25 21:22:00+00:00,B2,0,assign,0
6972,2023-01-25 21:24:00+00:00,A,1097,assign,0
6973,2023-01-25 21:28:00+00:00,E1,0,assign,0
6974,2023-01-25 21:35:00+00:00,A,1098,assign,0
6975,2023-01-25 21:40:00+00:00,F,0,assign,0
6976,2023-01-25 22:05:00+00:00,F,0,assign,0
6977,2023-01-25 22:07:00+00:00,E2,0,assign,0
6978,2023-01-25 22:12:00+00:00,A,1099,assign,0
6979,2023-01-25 22:16:00+00:00,A,1100,assign,0
6980,2023-01-25 22:25:00+00:00,A,1101,assign,0
6981,2023-01-25 22:29:00+00:00,A,1102,assign,0
6982,2023-01-25 22:33:00+00:00,A,1103,assign,0
6983,2023-01-25 22:35:00+00:00,F,0,assign,0
6984,2023-01-25 22:39:00+00:00,C,0,assign,0
6985,2023-01-25 22:43:00+00:00,D,0,assign,0
6986,2023-01-25 22:44:00+00:00,B1,0,assign,0
6987,2023-01-25 22:57:00+00:00,C,0,assign,0
6988,2023-01-25 22:59:00+00:00,B2,0,assign,0
6989,2023-01-25 23:01:00+00:00,B1,0,assign,0
6990,2023-01-25 23:01:00+00:00,D,0,assign,0
6991,2023-01-25 23:16:00+00:00,B2,0,assign,0
6992,2023-01-25 23:20:00+00:00,A,1105,assign,0
6993,2023-01-25 23:20:00+00:00,A,1106,assign,0
6994,2023-01-25 23:56:00+00:00,A,1107,assign,0
6995,2023-01-26 00:20:00+00:00,A,1108,assign,0
6996,2023-01-26 00:24:00+00:00,F,0,assign,0
6997,2023-01-26 00:31:00+00:00,A,1109,assign,0
6998,2023-01-26 00:50:00+00:00,E1,0,assign,0
6999,2023-01-26 00:51:00+00:00,A,1110,assign,0
7000,2023-01-26 00:56:00+00:00,C,0,assign,0
7001,2023-01-26 01:01:00+00:00,D,0,assign,0
7002,2023-01-26 01:03:00+00:00,B1,0,assign,0
7003,2023-01-26 01:06:00+00:00,A,1111,assign,0
7004,2023-01-26 01:10:00+00:00,A,1112,assign,0
7005,2023-01-26 01:17:00+00:00,C,0,assign,0
7006,2023-01-26 01:17:00+00:00,A,1113,assign,0
7007,2023-01-26 01:22:00+00:00,D,0,assign,0
7008,2023-01-26 01:22:00+00:00,B1,0,assign,0
7009,2023-01-26 01:23:00+00:00,E2,0,assign,0
7010,2023-01-26 01:26:00+00:00,C,0,assign,0
7011,2023-01-26 01:27:00+00:00,D,0,assign,0
7012,2023-01-26 01:31:00+00:00,C,0,assign,0
7013,2023-01-26 01:33:00+00:00,B1,0,assign,0
7014,2023-01-26 01:34:00+00:00,B1,0,assign,0
7015,2023-01-26 01:35:00+00:00,D,0,assign,0
7016,2023-01-26 01:35:00+00:00,B2,0,assign,0
7017,2023-01-26 01:44:00+00:00,B2,0,assign,0
7018,2023-01-26 01:51:00+00:00,A,1114,assign,0
7019,2023-01-26 01:58:00+00:00,B2,0,assign,0
7020,2023-01-26 02:01:00+00:00,B2,0,assign,0
7021,2023-01-26 02:13:00+00:00,A,1116,assign,0
7022,2023-01-26 02:24:00+00:00,F,0,assign,0
7023,2023-01-26 02:30:00+00:00,A,1117,assign,0
7024,2023-01-26 02:30:00+00:00,A,1118,assign,0
7025,2023-01-26 02:34:00+00:00,A,1119,assign,0
7026,2023-01-26 02:51:00+00:00,A,1120,assign,0
7027,2023-01-26 02:55:00+00:00,F,0,assign,0
7028,2023-01-26 02:55:00+00:00,A,1121,assign,0
7029,2023-01-26 02:56:00+00:00,F,0,assign,0
7030,2023-01-26 02:58:00+00:00,A,1122,assign,0
7031,2023-01-26 03:00:00+00:00,C,0,assign,0
7032,2023-01-26 03:04:00+00:00,B1,0,assign,0
7033,2023-01-26 03:04:00+00:00,F,0,assign,0
7034,2023-01-26 03:05:00+00:00,D,0,assign,0
7035,2023-01-26 03:10:00+00:00,C,0,assign,0
7036,2023-01-26 03:13:00+00:00,B1,0,assign,0
7037,2023-01-26 03:14:00+00:00,D,0,assign,0
7038,2023-01-26 03:17:00+00:00,C,0,assign,0
7039,2023-01-26 03:20:00+00:00,D,0,assign,0
7040,2023-01-26 03:22:00+00:00,B1,0,assign,0
7041,2023-01-26 03:30:00+00:00,A,1123,assign,0
7042,2023-01-26 03:30:00+00:00,A,1124,assign,0
7043,2023-01-26 03:34:00+00:00,B2,0,assign,0
7044,2023-01-26 03:44:00+00:00,A,1125,assign,0
7045,2023-01-26 03:48:00+00:00,B2,0,assign,0
7046,2023-01-26 03:55:00+00:00,C,0,assign,0
7047,2023-01-26 03:57:00+00:00,D,0,assign,0
7048,2023-01-26 04:01:00+00:00,B1,0,assign,0
7049,2023-01-26 04:02:00+00:00,B2,0,assign,0
7050,2023-01-26 04:07:00+00:00,A,1126,assign,0
7051,2023-01-26 04:16:00+00:00,A,1127,assign,0
7052,2023-01-26 04:16:00+00:00,A,1128,assign,0
7053,2023-01-26 04:17:00+00:00,B2,0,assign,0
7054,2023-01-26 04:20:00+00:00,A,1129,assign,0
7055,2023-01-26 04:22:00+00:00,A,1130,assign,0
7056,2023-01-26 04:24:00+00:00,A,1131,assign,0
7057,2023-01-26 04:31:00+00:00,C,0,assign,0
7058,2023-01-26 04:32:00+00:00,A,1132,assign,0
7059,2023-01-26 04:33:00+00:00,C,0,assign,0
7060,2023-01-26 04:33:00+00:00,B1,0,assign,0
7061,2023-01-26 04:35:00+00:00,A,1133,assign,0
7062,2023-01-26 04:36:00+00:00,D,0,assign,0
7063,2023-01-26 04:36:00+00:00,D,0,assign,0
7064,2023-01-26 04:37:00+00:00,B1,0,assign,0
7065,2023-01-26 04:44:00+00:00,A,1134,assign,0
7066,2023-01-26 04:45:00+00:00,C,0,assign,0
7067,2023-01-26 04:46:00+00:00,A,1135,assign,0
7068,2023-01-26 04:47:00+00:00,B1,0,assign,0
7069,2023-01-26 04:50:00+00:00,C,0,assign,0
7070,2023-01-26 04:50:00+00:00,D,0,assign,0
7071,2023-01-26 04:51:00+00:00,F,0,assign,0
7072,2023-01-26 04:51:00+00:00,D,0,assign,0
7073,2023-01-26 04:52:00+00:00,B1,0,assign,0
7074,2023-01-26 04:58:00+00:00,B2,0,assign,0
7075,2023-01-26 05:01:00+00:00,A,1136,assign,0
7076,2023-01-26 05:04:00+00:00,F,0,assign,0
7077,2023-01-26 05:05:00+00:00,E1,0,assign,0
7078,2023-01-26 05:10:00+00:00,F,0,assign,0
7079,2023-01-26 05:14:00+00:00,C,0,assign,0
7080,2023-01-26 05:16:00+00:00,B2,0,assign,0
7081,2023-01-26 05:16:00+00:00,D,0,assign,0
7082,2023-01-26 05:17:00+00:00,B1,0,assign,0
7083,2023-01-26 05:28:00+00:00,B2,0,assign,0
7084,2023-01-26 05:33:00+00:00,A,1137,assign,0
7085,2023-01-26 05:36:00+00:00,B2,0,assign,0
7086,2023-01-26 05:36:00+00:00,E2,0,assign,0
7087,2023-01-26 05:38:00+00:00,A,1138,assign,0
7088,2023-01-26 05:45:00+00:00,A,1139,assign,0
7089,2023-01-26 05:46:00+00:00,C,0,assign,0
7090,2023-01-26 05:46:00+00:00,A,1140,assign,0
7091,2023-01-26 05:49:00+00:00,B1,0,assign,0
7092,2023-01-26 05:49:00+00:00,D,0,assign,0
7093,2023-01-26 05:52:00+00:00,A,1141,assign,0
7094,2023-01-26 05:55:00+00:00,B2,0,assign,0
7095,2023-01-26 05:56:00+00:00,C,0,assign,0
7096,2023-01-26 05:58:00+00:00,E1,0,assign,0
7097,2023-01-26 06:00:00+00:00,D,0,assign,0
7098,2023-01-26 06:00:00+00:00,B1,0,assign,0
7099,2023-01-26 06:03:00+00:00,A,1142,assign,0
7100,2023-01-26 06:05:00+00:00,F,0,assign,0
7101,2023-01-26 06:07:00+00:00,B2,0,assign,0
7102,2023-01-26 06:12:00+00:00,A,1143,assign,0
7103,2023-01-26 06:21:00+00:00,E2,0,assign,0
7104,2023-01-26 06:23:00+00:00,A,1145,assign,0
7105,2023-01-26 06:23:00+00:00,A,1146,assign,0
7106,2023-01-26 06:24:00+00:00,A,1147,assign,0
7107,2023-01-26 06:24:00+00:00,A,1148,assign,0
7108,2023-01-26 06:31:00+00:00,B2,0,assign,0
7109,2023-01-26 06:34:00+00:00,E1,0,assign,0
7110,2023-01-26 06:39:00+00:00,A,1149,assign,0
7111,2023-01-26 06:39:00+00:00,A,1150,assign,0
7112,2023-01-26 06:47:00+00:00,C,0,assign,0
7113,2023-01-26 06:48:00+00:00,E1,0,assign,0
7114,2023-01-26 06:49:00+00:00,A,1151,assign,0
7115,2023-01-26 06:49:00+00:00,D,0,assign,0
7116,2023-01-26 06:53:00+00:00,B1,0,assign,0
7117,2023-01-26 06:53:00+00:00,A,1152,assign,0
7118,2023-01-26 06:59:00+00:00,E2,0,assign,0
7119,2023-01-26 07:01:00+00:00,A,1154,assign,0
7120,2023-01-26 07:02:00+00:00,A,1155,assign,0
7121,2023-01-26 07:03:00+00:00,E1,0,assign,0
7122,2023-01-26 07:03:00+00:00,E1,0,assign,0
7123,2023-01-26 07:04:00+00:00,A,1156,assign,0
7124,2023-01-26 07:13:00+00:00,F,0,assign,0
7125,2023-01-26 07:21:00+00:00,B2,0,assign,0
7126,2023-01-26 07:26:00+00:00,C,0,assign,0
7127,2023-01-26 07:30:00+00:00,C,0,assign,0
7128,2023-01-26 07:31:00+00:00,D,0,assign,0
7129,2023-01-26 07:31:00+00:00,D,0,assign,0
7130,2023-01-26 07:32:00+00:00,E2,0,assign,0
7131,2023-01-26 07:33:00+00:00,B1,0,assign,0
7132,2023-01-26 07:34:00+00:00,B1,0,assign,0
7133,2023-01-26 07:34:00+00:00,A,1157,assign,0
7134,2023-01-26 07:38:00+00:00,E2,0,assign,0
7135,2023-01-26 07:47:00+00:00,E2,0,assign,0
7136,2023-01-26 07:50:00+00:00,A,1159,assign,0
7137,2023-01-26 07:55:00+00:00,A,1161,assign,0
7138,2023-01-26 07:59:00+00:00,B2,0,assign,0
7139,2023-01-26 07:59:00+00:00,B2,0,assign,0
7140,2023-01-26 08:09:00+00:00,E1,0,assign,0
7141,2023-01-26 08:16:00+00:00,A,1162,assign,0
7142,2023-01-26 08:20:00+00:00,A,1164,assign,0
7143,2023-01-26 08:26:00+00:00,A,1165,assign,0
7144,2023-01-26 08:31:00+00:00,C,0,assign,0
7145,2023-01-26 08:33:00+00:00,B1,0,assign,0
7146,2023-01-26 08:33:00+00:00,D,0,assign,0
7147,2023-01-26 08:33:00+00:00,A,1167,assign,0
7148,2023-01-26 08:42:00+00:00,E2,0,assign,0
7149,2023-01-26 08:50:00+00:00,A,1168,assign,0
7150,2023-01-26 08:56:00+00:00,A,1169,assign,0
7151,2023-01-26 09:00:00+00:00,A,1170,assign,0
7152,2023-01-26 09:08:00+00:00,B2,0,assign,0
7153,2023-01-26 09:10:00+00:00,A,1171,assign,0
7154,2023-01-26 09:15:00+00:00,F,0,assign,0
7155,2023-01-26 09:17:00+00:00,C,0,assign,0
7156,2023-01-26 09:20:00+00:00,F,0,assign,0
7157,2023-01-26 09:20:00+00:00,D,0,assign,0
7158,2023-01-26 09:24:00+00:00,B1,0,assign,0
7159,2023-01-26 09:33:00+00:00,A,1173,assign,0
7160,2023-01-26 09:49:00+00:00,B2,0,assign,0
7161,2023-01-26 09:55:00+00:00,A,1174,assign,0
7162,2023-01-26 10:01:00+00:00,A,1175,assign,0
7163,2023-01-26 10:02:00+00:00,C,0,assign,0
7164,2023-01-26 10:04:00+00:00,D,0,assign,0
7165,2023-01-26 10:07:00+00:00,B1,0,assign,0
7166,2023-01-26 10:15:00+00:00,A,1176,assign,0
7167,2023-01-26 10:20:00+00:00,F,0,assign,0
7168,2023-01-26 10:29:00+00:00,A,1177,assign,0
7169,2023-01-26 10:36:00+00:00,B2,0,assign,0
7170,2023-01-26 10:42:00+00:00,A,1178,assign,0
7171,2023-01-26 10:52:00+00:00,E1,0,assign,0
7172,2023-01-26 10:53:00+00:00,C,0,assign,0
7173,2023-01-26 10:56:00+00:00,D,0,assign,0
7174,2023-01-26 11:00:00+00:00,B1,0,assign,0
7175,2023-01-26 11:27:00+00:00,B2,0,assign,0
7176,2023-01-26 11:30:00+00:00,A,1179,assign,0
7177,2023-01-26 11:32:00+00:00,A,1180,assign,0
7178,2023-01-26 11:38:00+00:00,A,1181,assign,0
7179,2023-01-26 11:40:00+00:00,E2,0,assign,0
7180,2023-01-26 11:52:00+00:00,C,0,assign,0
7181,2023-01-26 11:54:00+00:00,D,0,assign,0
7182,2023-01-26 11:57:00+00:00,E1,0,assign,0
7183,2023-01-26 11:58:00+00:00,B1,0,assign,0
7184,2023-01-26 12:11:00+00:00,A,1182,assign,0
7185,2023-01-26 12:11:00+00:00,A,1183,assign,0
7186,2023-01-26 12:22:00+00:00,B2,0,assign,0
7187,2023-01-26 12:30:00+00:00,F,0,assign,0
7188,2023-01-26 12:36:00+00:00,E2,0,assign,0
7189,2023-01-26 12:39:00+00:00,A,1185,assign,0
7190,2023-01-26 12:55:00+00:00,A,1186,assign,0
7191,2023-01-26 12:59:00+00:00,C,0,assign,0
7192,2023-01-26 13:01:00+00:00,B1,0,assign,0
7193,2023-01-26 13:01:00+00:00,D,0,assign,0
7194,2023-01-26 13:01:00+00:00,A,1187,assign,0
7195,2023-01-26 13:07:00+00:00,E1,0,assign,0
7196,2023-01-26 13:09:00+00:00,A,1188,assign,0
7197,2023-01-26 13:11:00+00:00,A,1189,assign,0
7198,2023-01-26 13:20:00+00:00,C,0,assign,0
7199,2023-01-26 13:21:00+00:00,D,0,assign,0
7200,2023-01-26 13:24:00+00:00,C,0,assign,0
7201,2023-01-26 13:24:00+00:00,B1,0,assign,0
7202,2023-01-26 13:25:00+00:00,D,0,assign,0
7203,2023-01-26 13:26:00+00:00,B1,0,assign,0
7204,2023-01-26 13:36:00+00:00,E2,0,assign,0
7205,2023-01-26 13:39:00+00:00,A,1191,assign,0
7206,2023-01-26 13:44:00+00:00,B2,0,assign,0
7207,2023-01-26 13:57:00+00:00,B2,0,assign,0
7208,2023-01-26 14:07:00+00:00,B2,0,assign,0
7209,2023-01-26 14:07:00+00:00,A,1192,assign,0
7210,2023-01-26 14:38:00+00:00,A,1194,assign,0
7211,2023-01-26 14:38:00+00:00,A,1195,assign,0
7212,2023-01-26 14:46:00+00:00,A,1196,assign,0
7213,2023-01-26 14:50:00+00:00,A,1197,assign,0
7214,2023-01-26 14:56:00+00:00,A,1198,assign,0
7215,2023-01-26 15:02:00+00:00,F,0,assign,0
7216,2023-01-26 15:06:00+00:00,F,0,assign,0
7217,2023-01-26 15:08:00+00:00,E1,0,assign,0
7218,2023-01-26 15:14:00+00:00,C,0,assign,0
7219,2023-01-26 15:17:00+00:00,B1,0,assign,0
7220,2023-01-26 15:19:00+00:00,D,0,assign,0
7221,2023-01-26 15:24:00+00:00,C,0,assign,0
7222,2023-01-26 15:26:00+00:00,D,0,assign,0
7223,2023-01-26 15:29:00+00:00,B1,0,assign,0
7224,2023-01-26 15:39:00+00:00,E2,0,assign,0
7225,2023-01-26 15:43:00+00:00,B2,0,assign,0
7226,2023-01-26 15:52:00+00:00,A,1199,assign,0
7227,2023-01-26 15:57:00+00:00,A,1200,assign,0
7228,2023-01-26 16:00:00+00:00,A,1202,assign,0
7229,2023-01-26 16:00:00+00:00,A,1203,assign,0
7230,2023-01-26 16:00:00+00:00,B2,0,assign,0
7231,2023-01-26 16:16:00+00:00,C,0,assign,0
7232,2023-01-26 16:18:00+00:00,B1,0,assign,0
7233,2023-01-26 16:19:00+00:00,D,0,assign,0
7234,2023-01-26 16:22:00+00:00,A,1204,assign,0
7235,2023-01-26 16:27:00+00:00,A,1205,assign,0
7236,2023-01-26 16:37:00+00:00,A,1206,assign,0
7237,2023-01-26 16:37:00+00:00,B2,0,assign,0
7238,2023-01-26 16:41:00+00:00,E1,0,assign,0
7239,2023-01-26 16:50:00+00:00,F,0,assign,0
7240,2023-01-26 16:50:00+00:00,C,0,assign,0
7241,2023-01-26 16:52:00+00:00,D,0,assign,0
7242,2023-01-26 16:53:00+00:00,B1,0,assign,0
7243,2023-01-26 17:22:00+00:00,A,1207,assign,0
7244,2023-01-26 17:22:00+00:00,B2,0,assign,0
7245,2023-01-26 17:27:00+00:00,E2,0,assign,0
7246,2023-01-26 17:38:00+00:00,A,1208,assign,0
7247,2023-01-26 17:49:00+00:00,C,0,assign,0
7248,2023-01-26 17:53:00+00:00,D,0,assign,0
7249,2023-01-26 17:55:00+00:00,B1,0,assign,0
7250,2023-01-26 18:01:00+00:00,F,0,assign,0
7251,2023-01-26 18:02:00+00:00,A,1209,assign,0
7252,2023-01-26 18:04:00+00:00,A,1210,assign,0
7253,2023-01-26 18:08:00+00:00,A,1212,assign,0
7254,2023-01-26 18:16:00+00:00,A,1213,assign,0
7255,2023-01-26 18:25:00+00:00,B2,0,assign,0
7256,2023-01-26 18:31:00+00:00,C,0,assign,0
7257,2023-01-26 18:33:00+00:00,D,0,assign,0
7258,2023-01-26 18:37:00+00:00,B1,0,assign,0
7259,2023-01-26 18:37:00+00:00,E1,0,assign,0
7260,2023-01-26 18:39:00+00:00,A,1214,assign,0
7261,2023-01-26 18:56:00+00:00,B2,0,assign,0
7262,2023-01-26 19:09:00+00:00,E2,0,assign,0
7263,2023-01-26 19:25:00+00:00,A,1215,assign,0
7264,2023-01-26 19:30:00+00:00,A,1216,assign,0
7265,2023-01-26 19:42:00+00:00,A,1217,assign,0
7266,2023-01-26 19:42:00+00:00,A,1219,assign,0
7267,2023-01-26 19:48:00+00:00,E1,0,assign,0
7268,2023-01-26 19:53:00+00:00,A,1220,assign,0
7269,2023-01-26 19:56:00+00:00,C,0,assign,0
7270,2023-01-26 20:01:00+00:00,D,0,assign,0
7271,2023-01-26 20:03:00+00:00,B1,0,assign,0
7272,2023-01-26 20:09:00+00:00,C,0,assign,0
7273,2023-01-26 20:10:00+00:00,D,0,assign,0
7274,2023-01-26 20:14:00+00:00,B1,0,assign,0
7275,2023-01-26 20:17:00+00:00,F,0,assign,0
7276,2023-01-26 20:24:00+00:00,B2,0,assign,0
7277,2023-01-26 20:30:00+00:00,E2,0,assign,0
7278,2023-01-26 20:32:00+00:00,B2,0,assign,0
7279,2023-01-26 21:00:00+00:00,A,1221,assign,0
7280,2023-01-26 21:05:00+00:00,A,1223,assign,0
7281,2023-01-26 21:13:00+00:00,A,1224,assign,0
7282,2023-01-26 21:19:00+00:00,C,0,assign,0
7283,2023-01-26 21:21:00+00:00,A,1225,assign,0
7284,2023-01-26 21:22:00+00:00,D,0,assign,0
7285,2023-01-26 21:23:00+00:00,B1,0,assign,0
7286,2023-01-26 21:34:00+00:00,E1,0,assign,0
7287,2023-01-26 21:36:00+00:00,A,1226,assign,0
7288,2023-01-26 21:37:00+00:00,A,1227,assign,0
7289,2023-01-26 21:43:00+00:00,A,1228,assign,0
7290,2023-01-26 21:46:00+00:00,F,0,assign,0
7291,2023-01-26 21:47:00+00:00,B2,0,assign,0
7292,2023-01-26 21:50:00+00:00,C,0,assign,0
7293,2023-01-26 21:52:00+00:00,B1,0,assign,0
7294,2023-01-26 21:53:00+00:00,C,0,assign,0
7295,2023-01-26 21:55:00+00:00,D,0,assign,0
7296,2023-01-26 21:55:00+00:00,B1,0,assign,0
7297,2023-01-26 21:55:00+00:00,E2,0,assign,0
7298,2023-01-26 21:58:00+00:00,D,0,assign,0
7299,2023-01-26 22:14:00+00:00,A,1229,assign,0
7300,2023-01-26 22:25:00+00:00,A,1230,assign,0
7301,2023-01-26 22:25:00+00:00,A,1231,assign,0
7302,2023-01-26 22:26:00+00:00,A,1232,assign,0
7303,2023-01-26 22:31:00+00:00,A,1234,assign,0
7304,2023-01-26 22:36:00+00:00,B2,0,assign,0
7305,2023-01-26 22:37:00+00:00,B2,0,assign,0
7306,2023-01-26 22:42:00+00:00,C,0,assign,0
7307,2023-01-26 22:45:00+00:00,D,0,assign,0
7308,2023-01-26 22:47:00+00:00,B1,0,assign,0
7309,2023-01-26 22:49:00+00:00,C,0,assign,0
7310,2023-01-26 22:50:00+00:00,F,0,assign,0
7311,2023-01-26 22:53:00+00:00,D,0,assign,0
7312,2023-01-26 22:54:00+00:00,B1,0,assign,0
7313,2023-01-26 22:59:00+00:00,A,1235,assign,0
7314,2023-01-26 23:13:00+00:00,B2,0,assign,0
7315,2023-01-26 23:15:00+00:00,A,1236,assign,0
7316,2023-01-26 23:17:00+00:00,B2,0,assign,0
7317,2023-01-26 23:22:00+00:00,F,0,assign,0
7318,2023-01-26 23:34:00+00:00,F,0,assign,0
7319,2023-01-26 23:34:00+00:00,A,1237,assign,0
7320,2023-01-26 23:43:00+00:00,A,1238,assign,0
7321,2023-01-27 00:06:00+00:00,C,0,assign,0
7322,2023-01-27 00:07:00+00:00,A,1239,assign,0
7323,2023-01-27 00:08:00+00:00,D,0,assign,0
7324,2023-01-27 00:10:00+00:00,B1,0,assign,0
7325,2023-01-27 00:15:00+00:00,A,1240,assign,0
7326,2023-01-27 00:16:00+00:00,A,1241,assign,0
7327,2023-01-27 00:19:00+00:00,E1,0,assign,0
7328,2023-01-27 00:29:00+00:00,E1,0,assign,0
7329,2023-01-27 00:40:00+00:00,A,1242,assign,0
7330,2023-01-27 00:42:00+00:00,B2,0,assign,0
7331,2023-01-27 01:00:00+00:00,E2,0,assign,0
7332,2023-01-27 01:04:00+00:00,A,1243,assign,0
7333,2023-01-27 01:05:00+00:00,E2,0,assign,0
7334,2023-01-27 01:28:00+00:00,E1,0,assign,0
7335,2023-01-27 01:34:00+00:00,A,1244,assign,0
7336,2023-01-27 01:40:00+00:00,A,1246,assign,0
7337,2023-01-27 02:08:00+00:00,E2,0,assign,0
7338,2023-01-27 02:25:00+00:00,A,1248,assign,0
7339,2023-01-27 03:01:00+00:00,A,1250,assign,0
7340,2023-01-27 03:16:00+00:00,C,0,assign,0
7341,2023-01-27 03:17:00+00:00,D,0,assign,0
7342,2023-01-27 03:23:00+00:00,B1,0,assign,0
7343,2023-01-27 04:03:00+00:00,B2,0,assign,0
7344,2023-01-27 04:16:00+00:00,A,1251,assign,0
7345,2023-01-27 04:28:00+00:00,C,0,assign,0
7346,2023-01-27 04:33:00+00:00,D,0,assign,0
7347,2023-01-27 04:34:00+00:00,B1,0,assign,0
7348,2023-01-27 04:42:00+00:00,A,1252,assign,0
7349,2023-01-27 04:47:00+00:00,A,1253,assign,0
7350,2023-01-27 04:48:00+00:00,A,1254,assign,0
7351,2023-01-27 04:55:00+00:00,A,1255,assign,0
7352,2023-01-27 05:04:00+00:00,C,0,assign,0
7353,2023-01-27 05:06:00+00:00,C,0,assign,0
7354,2023-01-27 05:06:00+00:00,B1,0,assign,0
7355,2023-01-27 05:07:00+00:00,D,0,assign,0
7356,2023-01-27 05:09:00+00:00,E1,0,assign,0
7357,2023-01-27 05:09:00+00:00,D,0,assign,0
7358,2023-01-27 05:11:00+00:00,B1,0,assign,0
7359,2023-01-27 05:13:00+00:00,C,0,assign,0
7360,2023-01-27 05:13:00+00:00,B2,0,assign,0
7361,2023-01-27 05:14:00+00:00,D,0,assign,0
7362,2023-01-27 05:20:00+00:00,B1,0,assign,0
7363,2023-01-27 05:22:00+00:00,A,1256,assign,0
7364,2023-01-27 05:24:00+00:00,A,1257,assign,0
7365,2023-01-27 05:31:00+00:00,B2,0,assign,0
7366,2023-01-27 05:36:00+00:00,A,1258,assign,0
7367,2023-01-27 05:38:00+00:00,C,0,assign,0
7368,2023-01-27 05:40:00+00:00,C,0,assign,0
7369,2023-01-27 05:41:00+00:00,D,0,assign,0
7370,2023-01-27 05:41:00+00:00,B1,0,assign,0
7371,2023-01-27 05:42:00+00:00,D,0,assign,0
7372,2023-01-27 05:46:00+00:00,B2,0,assign,0
7373,2023-01-27 05:46:00+00:00,B1,0,assign,0
7374,2023-01-27 05:47:00+00:00,A,1259,assign,0
7375,2023-01-27 05:49:00+00:00,E2,0,assign,0
7376,2023-01-27 05:57:00+00:00,B2,0,assign,0
7377,2023-01-27 05:58:00+00:00,C,0,assign,0
7378,2023-01-27 06:02:00+00:00,D,0,assign,0
7379,2023-01-27 06:02:00+00:00,B1,0,assign,0
7380,2023-01-27 06:04:00+00:00,E1,0,assign,0
7381,2023-01-27 06:04:00+00:00,B2,0,assign,0
7382,2023-01-27 06:06:00+00:00,B2,0,assign,0
7383,2023-01-27 06:15:00+00:00,A,1260,assign,0
7384,2023-01-27 06:17:00+00:00,A,1261,assign,0
7385,2023-01-27 06:21:00+00:00,A,1262,assign,0
7386,2023-01-27 06:21:00+00:00,B2,0,assign,0
7387,2023-01-27 06:26:00+00:00,C,0,assign,0
7388,2023-01-27 06:27:00+00:00,E1,0,assign,0
7389,2023-01-27 06:28:00+00:00,D,0,assign,0
7390,2023-01-27 06:32:00+00:00,B1,0,assign,0
7391,2023-01-27 06:37:00+00:00,A,1264,assign,0
7392,2023-01-27 06:40:00+00:00,A,1265,assign,0
7393,2023-01-27 06:44:00+00:00,A,1266,assign,0
7394,2023-01-27 06:48:00+00:00,E2,0,assign,0
7395,2023-01-27 06:50:00+00:00,C,0,assign,0
7396,2023-01-27 06:51:00+00:00,D,0,assign,0
7397,2023-01-27 06:55:00+00:00,B1,0,assign,0
7398,2023-01-27 06:56:00+00:00,A,1267,assign,0
7399,2023-01-27 06:57:00+00:00,E2,0,assign,0
7400,2023-01-27 06:58:00+00:00,F,0,assign,0
7401,2023-01-27 06:58:00+00:00,A,1268,assign,0
7402,2023-01-27 07:05:00+00:00,B2,0,assign,0
7403,2023-01-27 07:07:00+00:00,A,1269,assign,0
7404,2023-01-27 07:09:00+00:00,F,0,assign,0
7405,2023-01-27 07:13:00+00:00,E1,0,assign,0
7406,2023-01-27 07:16:00+00:00,F,0,assign,0
7407,2023-01-27 07:18:00+00:00,A,1270,assign,0
7408,2023-01-27 07:24:00+00:00,A,1272,assign,0
7409,2023-01-27 07:27:00+00:00,F,0,assign,0
7410,2023-01-27 07:27:00+00:00,B2,0,assign,0
7411,2023-01-27 07:38:00+00:00,A,1274,assign,0
7412,2023-01-27 07:41:00+00:00,A,1275,assign,0
7413,2023-01-27 07:41:00+00:00,E2,0,assign,0
7414,2023-01-27 08:04:00+00:00,A,1276,assign,0
7415,2023-01-27 08:06:00+00:00,E1,0,assign,0
7416,2023-01-27 08:09:00+00:00,A,1277,assign,0
7417,2023-01-27 08:13:00+00:00,A,1278,assign,0
7418,2023-01-27 08:20:00+00:00,A,1279,assign,0
7419,2023-01-27 08:21:00+00:00,A,1280,assign,0
7420,2023-01-27 08:21:00+00:00,A,1282,assign,0
7421,2023-01-27 08:25:00+00:00,F,0,assign,0
7422,2023-01-27 08:34:00+00:00,C,0,assign,0
7423,2023-01-27 08:35:00+00:00,D,0,assign,0
7424,2023-01-27 08:36:00+00:00,A,1283,assign,0
7425,2023-01-27 08:37:00+00:00,A,1284,assign,0
7426,2023-01-27 08:40:00+00:00,B1,0,assign,0
7427,2023-01-27 08:42:00+00:00,E2,0,assign,0
7428,2023-01-27 08:50:00+00:00,C,0,assign,0
7429,2023-01-27 08:51:00+00:00,C,0,assign,0
7430,2023-01-27 08:52:00+00:00,D,0,assign,0
7431,2023-01-27 08:54:00+00:00,B1,0,assign,0
7432,2023-01-27 08:56:00+00:00,B1,0,assign,0
7433,2023-01-27 08:56:00+00:00,D,0,assign,0
7434,2023-01-27 09:09:00+00:00,A,1285,assign,0
7435,2023-01-27 09:24:00+00:00,B2,0,assign,0
7436,2023-01-27 09:25:00+00:00,B2,0,assign,0
7437,2023-01-27 09:26:00+00:00,B2,0,assign,0
7438,2023-01-27 09:26:00+00:00,A,1287,assign,0
7439,2023-01-27 09:29:00+00:00,A,1288,assign,0
7440,2023-01-27 09:53:00+00:00,C,0,assign,0
7441,2023-01-27 09:58:00+00:00,D,0,assign,0
7442,2023-01-27 10:00:00+00:00,B1,0,assign,0
7443,2023-01-27 10:09:00+00:00,A,1289,assign,0
7444,2023-01-27 10:12:00+00:00,A,1290,assign,0
7445,2023-01-27 10:13:00+00:00,A,1291,assign,0
7446,2023-01-27 10:20:00+00:00,B2,0,assign,0
7447,2023-01-27 10:22:00+00:00,A,1292,assign,0
7448,2023-01-27 10:24:00+00:00,E1,0,assign,0
7449,2023-01-27 10:35:00+00:00,F,0,assign,0
7450,2023-01-27 10:38:00+00:00,C,0,assign,0
7451,2023-01-27 10:40:00+00:00,F,0,assign,0
7452,2023-01-27 10:42:00+00:00,D,0,assign,0
7453,2023-01-27 10:45:00+00:00,B1,0,assign,0
7454,2023-01-27 11:00:00+00:00,E2,0,assign,0
7455,2023-01-27 11:06:00+00:00,B2,0,assign,0
7456,2023-01-27 11:12:00+00:00,A,1293,assign,0
7457,2023-01-27 11:15:00+00:00,A,1294,assign,0
7458,2023-01-27 11:16:00+00:00,A,1295,assign,0
7459,2023-01-27 11:21:00+00:00,A,1296,assign,0
7460,2023-01-27 11:27:00+00:00,E1,0,assign,0
7461,2023-01-27 11:39:00+00:00,C,0,assign,0
7462,2023-01-27 11:40:00+00:00,D,0,assign,0
7463,2023-01-27 11:41:00+00:00,B1,0,assign,0
7464,2023-01-27 11:45:00+00:00,A,1298,assign,0
7465,2023-01-27 12:02:00+00:00,E2,0,assign,0
7466,2023-01-27 12:03:00+00:00,A,1299,assign,0
7467,2023-01-27 12:08:00+00:00,B2,0,assign,0
7468,2023-01-27 12:15:00+00:00,A,1300,assign,0
7469,2023-01-27 12:25:00+00:00,A,1301,assign,0
7470,2023-01-27 12:29:00+00:00,F,0,assign,0
7471,2023-01-27 12:31:00+00:00,C,0,assign,0
7472,2023-01-27 12:36:00+00:00,D,0,assign,0
7473,2023-01-27 12:38:00+00:00,B1,0,assign,0
7474,2023-01-27 12:45:00+00:00,A,1303,assign,0
7475,2023-01-27 12:59:00+00:00,E1,0,assign,0
7476,2023-01-27 13:14:00+00:00,A,1304,assign,0
7477,2023-01-27 13:22:00+00:00,A,1305,assign,0
7478,2023-01-27 13:23:00+00:00,B2,0,assign,0
7479,2023-01-27 13:27:00+00:00,E2,0,assign,0
7480,2023-01-27 13:31:00+00:00,A,1306,assign,0
7481,2023-01-27 13:45:00+00:00,C,0,assign,0
7482,2023-01-27 13:46:00+00:00,D,0,assign,0
7483,2023-01-27 13:46:00+00:00,C,0,assign,0
7484,2023-01-27 13:48:00+00:00,D,0,assign,0
7485,2023-01-27 13:50:00+00:00,B1,0,assign,0
7486,2023-01-27 13:50:00+00:00,B1,0,assign,0
7487,2023-01-27 13:55:00+00:00,A,1307,assign,0
7488,2023-01-27 13:58:00+00:00,A,1309,assign,0
7489,2023-01-27 14:04:00+00:00,A,1310,assign,0
7490,2023-01-27 14:04:00+00:00,A,1311,assign,0
7491,2023-01-27 14:05:00+00:00,B2,0,assign,0
7492,2023-01-27 14:15:00+00:00,B2,0,assign,0
7493,2023-01-27 14:23:00+00:00,C,0,assign,0
7494,2023-01-27 14:25:00+00:00,B1,0,assign,0
7495,2023-01-27 14:27:00+00:00,D,0,assign,0
7496,2023-01-27 14:28:00+00:00,C,0,assign,0
7497,2023-01-27 14:29:00+00:00,D,0,assign,0
7498,2023-01-27 14:31:00+00:00,A,1312,assign,0
7499,2023-01-27 14:33:00+00:00,B1,0,assign,0
7500,2023-01-27 14:34:00+00:00,F,0,assign,0
7501,2023-01-27 14:41:00+00:00,C,0,assign,0
7502,2023-01-27 14:44:00+00:00,B1,0,assign,0
7503,2023-01-27 14:45:00+00:00,D,0,assign,0
7504,2023-01-27 14:55:00+00:00,A,1313,assign,0
7505,2023-01-27 14:56:00+00:00,A,1314,assign,0
7506,2023-01-27 15:05:00+00:00,B2,0,assign,0
7507,2023-01-27 15:11:00+00:00,F,0,assign,0
7508,2023-01-27 15:13:00+00:00,B2,0,assign,0
7509,2023-01-27 15:14:00+00:00,B2,0,assign,0
7510,2023-01-27 15:19:00+00:00,E1,0,assign,0
7511,2023-01-27 15:20:00+00:00,A,1315,assign,0
7512,2023-01-27 15:33:00+00:00,A,1316,assign,0
7513,2023-01-27 15:41:00+00:00,A,1317,assign,0
7514,2023-01-27 15:41:00+00:00,C,0,assign,0
7515,2023-01-27 15:42:00+00:00,D,0,assign,0
7516,2023-01-27 15:48:00+00:00,B1,0,assign,0
7517,2023-01-27 15:49:00+00:00,E2,0,assign,0
7518,2023-01-27 15:50:00+00:00,E1,0,assign,0
7519,2023-01-27 15:54:00+00:00,A,1318,assign,0
7520,2023-01-27 16:04:00+00:00,A,1319,assign,0
7521,2023-01-27 16:08:00+00:00,F,0,assign,0
7522,2023-01-27 16:12:00+00:00,A,1321,assign,0
7523,2023-01-27 16:12:00+00:00,B2,0,assign,0
7524,2023-01-27 16:30:00+00:00,A,1322,assign,0
7525,2023-01-27 16:33:00+00:00,F,0,assign,0
7526,2023-01-27 16:34:00+00:00,E2,0,assign,0
7527,2023-01-27 16:46:00+00:00,A,1323,assign,0
7528,2023-01-27 16:57:00+00:00,A,1324,assign,0
7529,2023-01-27 17:03:00+00:00,E1,0,assign,0
7530,2023-01-27 17:17:00+00:00,A,1326,assign,0
7531,2023-01-27 17:25:00+00:00,A,1327,assign,0
7532,2023-01-27 17:28:00+00:00,C,0,assign,0
7533,2023-01-27 17:32:00+00:00,D,0,assign,0
7534,2023-01-27 17:35:00+00:00,B1,0,assign,0
7535,2023-01-27 17:52:00+00:00,A,1328,assign,0
7536,2023-01-27 17:53:00+00:00,E2,0,assign,0
7537,2023-01-27 18:09:00+00:00,B2,0,assign,0
7538,2023-01-27 18:19:00+00:00,A,1329,assign,0
7539,2023-01-27 18:35:00+00:00,A,1331,assign,0
7540,2023-01-27 18:42:00+00:00,A,1332,assign,0
7541,2023-01-27 18:44:00+00:00,A,1333,assign,0
7542,2023-01-27 18:49:00+00:00,A,1334,assign,0
7543,2023-01-27 18:52:00+00:00,F,0,assign,0
7544,2023-01-27 18:57:00+00:00,C,0,assign,0
7545,2023-01-27 19:00:00+00:00,D,0,assign,0
7546,2023-01-27 19:03:00+00:00,B1,0,assign,0
7547,2023-01-27 19:06:00+00:00,C,0,assign,0
7548,2023-01-27 19:10:00+00:00,B1,0,assign,0
7549,2023-01-27 19:11:00+00:00,D,0,assign,0
7550,2023-01-27 19:13:00+00:00,C,0,assign,0
7551,2023-01-27 19:15:00+00:00,D,0,assign,0
7552,2023-01-27 19:19:00+00:00,B1,0,assign,0
7553,2023-01-27 19:31:00+00:00,B2,0,assign,0
7554,2023-01-27 19:33:00+00:00,B2,0,assign,0
7555,2023-01-27 19:38:00+00:00,B2,0,assign,0
7556,2023-01-27 19:38:00+00:00,A,1335,assign,0
7557,2023-01-27 19:59:00+00:00,A,1336,assign,0
7558,2023-01-27 20:02:00+00:00,C,0,assign,0
7559,2023-01-27 20:03:00+00:00,A,1337,assign,0
7560,2023-01-27 20:06:00+00:00,D,0,assign,0
7561,2023-01-27 20:07:00+00:00,A,1338,assign,0
7562,2023-01-27 20:09:00+00:00,B1,0,assign,0
7563,2023-01-27 20:12:00+00:00,A,1339,assign,0
7564,2023-01-27 20:17:00+00:00,C,0,assign,0
7565,2023-01-27 20:19:00+00:00,A,1340,assign,0
7566,2023-01-27 20:22:00+00:00,B1,0,assign,0
7567,2023-01-27 20:22:00+00:00,D,0,assign,0
7568,2023-01-27 20:30:00+00:00,F,0,assign,0
7569,2023-01-27 20:30:00+00:00,C,0,assign,0
7570,2023-01-27 20:32:00+00:00,A,1341,assign,0
7571,2023-01-27 20:33:00+00:00,F,0,assign,0
7572,2023-01-27 20:34:00+00:00,D,0,assign,0
7573,2023-01-27 20:35:00+00:00,B1,0,assign,0
7574,2023-01-27 20:48:00+00:00,B2,0,assign,0
7575,2023-01-27 20:54:00+00:00,B2,0,assign,0
7576,2023-01-27 20:58:00+00:00,A,1342,assign,0
7577,2023-01-27 20:59:00+00:00,E1,0,assign,0
7578,2023-01-27 21:00:00+00:00,B2,0,assign,0
7579,2023-01-27 21:17:00+00:00,A,1343,assign,0
7580,2023-01-27 21:26:00+00:00,C,0,assign,0
7581,2023-01-27 21:27:00+00:00,D,0,assign,0
7582,2023-01-27 21:29:00+00:00,B1,0,assign,0
7583,2023-01-27 21:37:00+00:00,F,0,assign,0
7584,2023-01-27 21:40:00+00:00,E2,0,assign,0
7585,2023-01-27 21:41:00+00:00,A,1344,assign,0
7586,2023-01-27 21:41:00+00:00,A,1345,assign,0
7587,2023-01-27 21:44:00+00:00,A,1346,assign,0
7588,2023-01-27 21:52:00+00:00,E1,0,assign,0
7589,2023-01-27 21:58:00+00:00,A,1347,assign,0
7590,2023-01-27 22:06:00+00:00,B2,0,assign,0
7591,2023-01-27 22:12:00+00:00,A,1348,assign,0
7592,2023-01-27 22:19:00+00:00,E2,0,assign,0
7593,2023-01-27 22:20:00+00:00,F,0,assign,0
7594,2023-01-27 22:30:00+00:00,A,1350,assign,0
7595,2023-01-27 22:35:00+00:00,A,1351,assign,0
7596,2023-01-27 22:38:00+00:00,A,1353,assign,0
7597,2023-01-27 22:43:00+00:00,A,1354,assign,0
7598,2023-01-27 22:50:00+00:00,C,0,assign,0
7599,2023-01-27 22:51:00+00:00,D,0,assign,0
7600,2023-01-27 22:53:00+00:00,A,1355,assign,0
7601,2023-01-27 22:57:00+00:00,B1,0,assign,0
7602,2023-01-27 23:00:00+00:00,A,1356,assign,0
7603,2023-01-27 23:05:00+00:00,E1,0,assign,0
7604,2023-01-27 23:08:00+00:00,A,1357,assign,0
7605,2023-01-27 23:11:00+00:00,C,0,assign,0
7606,2023-01-27 23:14:00+00:00,B1,0,assign,0
7607,2023-01-27 23:14:00+00:00,D,0,assign,0
7608,2023-01-27 23:15:00+00:00,B2,0,assign,0
7609,2023-01-27 23:28:00+00:00,C,0,assign,0
7610,2023-01-27 23:30:00+00:00,D,0,assign,0
7611,2023-01-27 23:31:00+00:00,E2,0,assign,0
7612,2023-01-27 23:32:00+00:00,B2,0,assign,0
7613,2023-01-27 23:34:00+00:00,B1,0,assign,0
7614,2023-01-27 23:51:00+00:00,A,1358,assign,0
7615,2023-01-27 23:56:00+00:00,A,1360,assign,0
7616,2023-01-28 00:08:00+00:00,B2,0,assign,0
7617,2023-01-28 00:21:00+00:00,F,0,assign,0
7618,2023-01-28 00:32:00+00:00,A,1361,assign,0
7619,2023-01-28 00:36:00+00:00,A,1362,assign,0
7620,2023-01-28 00:48:00+00:00,C,0,assign,0
7621,2023-01-28 00:49:00+00:00,E1,0,assign,0
7622,2023-01-28 00:49:00+00:00,D,0,assign,0
7623,2023-01-28 00:52:00+00:00,B1,0,assign,0
7624,2023-01-28 00:56:00+00:00,A,1363,assign,0
7625,2023-01-28 00:57:00+00:00,A,1364,assign,0
7626,2023-01-28 01:09:00+00:00,E1,0,assign,0
7627,2023-01-28 01:22:00+00:00,A,1365,assign,0
7628,2023-01-28 01:33:00+00:00,C,0,assign,0
7629,2023-01-28 01:35:00+00:00,B2,0,assign,0
7630,2023-01-28 01:35:00+00:00,E2,0,assign,0
7631,2023-01-28 01:38:00+00:00,B1,0,assign,0
7632,2023-01-28 01:38:00+00:00,D,0,assign,0
7633,2023-01-28 01:47:00+00:00,E2,0,assign,0
7634,2023-01-28 01:51:00+00:00,A,1366,assign,0
7635,2023-01-28 01:55:00+00:00,B2,0,assign,0
7636,2023-01-28 01:56:00+00:00,A,1368,assign,0
7637,2023-01-28 01:56:00+00:00,A,1369,assign,0
7638,2023-01-28 01:59:00+00:00,A,1370,assign,0
7639,2023-01-28 02:05:00+00:00,A,1371,assign,0
7640,2023-01-28 02:13:00+00:00,F,0,assign,0
7641,2023-01-28 02:18:00+00:00,C,0,assign,0
7642,2023-01-28 02:20:00+00:00,C,0,assign,0
7643,2023-01-28 02:23:00+00:00,A,1373,assign,0
7644,2023-01-28 02:23:00+00:00,D,0,assign,0
7645,2023-01-28 02:23:00+00:00,B1,0,assign,0
7646,2023-01-28 02:24:00+00:00,D,0,assign,0
7647,2023-01-28 02:26:00+00:00,B1,0,assign,0
7648,2023-01-28 02:43:00+00:00,A,1374,assign,0
7649,2023-01-28 02:44:00+00:00,B2,0,assign,0
7650,2023-01-28 02:45:00+00:00,B2,0,assign,0
7651,2023-01-28 02:47:00+00:00,C,0,assign,0
7652,2023-01-28 02:50:00+00:00,B1,0,assign,0
7653,2023-01-28 02:50:00+00:00,D,0,assign,0
7654,2023-01-28 02:52:00+00:00,A,1375,assign,0
7655,2023-01-28 02:54:00+00:00,E1,0,assign,0
7656,2023-01-28 03:07:00+00:00,A,1376,assign,0
7657,2023-01-28 03:08:00+00:00,C,0,assign,0
7658,2023-01-28 03:08:00+00:00,B2,0,assign,0
7659,2023-01-28 03:09:00+00:00,A,1377,assign,0
7660,2023-01-28 03:13:00+00:00,D,0,assign,0
7661,2023-01-28 03:15:00+00:00,B1,0,assign,0
7662,2023-01-28 03:16:00+00:00,A,1378,assign,0
7663,2023-01-28 03:23:00+00:00,E2,0,assign,0
7664,2023-01-28 03:26:00+00:00,A,1379,assign,0
7665,2023-01-28 03:30:00+00:00,C,0,assign,0
7666,2023-01-28 03:31:00+00:00,C,0,assign,0
7667,2023-01-28 03:33:00+00:00,B1,0,assign,0
7668,2023-01-28 03:33:00+00:00,D,0,assign,0
7669,2023-01-28 03:33:00+00:00,B1,0,assign,0
7670,2023-01-28 03:35:00+00:00,D,0,assign,0
7671,2023-01-28 03:36:00+00:00,C,0,assign,0
7672,2023-01-28 03:36:00+00:00,A,1380,assign,0
7673,2023-01-28 03:40:00+00:00,A,1381,assign,0
7674,2023-01-28 03:41:00+00:00,D,0,assign,0
7675,2023-01-28 03:43:00+00:00,A,1382,assign,0
7676,2023-01-28 03:43:00+00:00,B1,0,assign,0
7677,2023-01-28 03:46:00+00:00,B2,0,assign,0
7678,2023-01-28 03:47:00+00:00,C,0,assign,0
7679,2023-01-28 03:49:00+00:00,B2,0,assign,0
7680,2023-01-28 03:50:00+00:00,A,1383,assign,0
7681,2023-01-28 03:50:00+00:00,B1,0,assign,0
7682,2023-01-28 03:50:00+00:00,D,0,assign,0
7683,2023-01-28 03:51:00+00:00,A,1385,assign,0
7684,2023-01-28 03:52:00+00:00,B2,0,assign,0
7685,2023-01-28 03:52:00+00:00,A,1386,assign,0
7686,2023-01-28 04:02:00+00:00,B2,0,assign,0
7687,2023-01-28 04:02:00+00:00,E1,0,assign,0
7688,2023-01-28 04:10:00+00:00,E1,0,assign,0
7689,2023-01-28 04:12:00+00:00,F,0,assign,0
7690,2023-01-28 04:16:00+00:00,C,0,assign,0
7691,2023-01-28 04:17:00+00:00,A,1387,assign,0
7692,2023-01-28 04:20:00+00:00,D,0,assign,0
7693,2023-01-28 04:23:00+00:00,B1,0,assign,0
7694,2023-01-28 04:24:00+00:00,E2,0,assign,0
7695,2023-01-28 04:25:00+00:00,B2,0,assign,0
7696,2023-01-28 04:35:00+00:00,A,1388,assign,0
7697,2023-01-28 04:36:00+00:00,E1,0,assign,0
7698,2023-01-28 04:42:00+00:00,A,1389,assign,0
7699,2023-01-28 04:48:00+00:00,B2,0,assign,0
7700,2023-01-28 04:48:00+00:00,A,1390,assign,0
7701,2023-01-28 04:55:00+00:00,E2,0,assign,0
7702,2023-01-28 04:56:00+00:00,F,0,assign,0
7703,2023-01-28 04:57:00+00:00,A,1391,assign,0
7704,2023-01-28 04:57:00+00:00,A,1393,assign,0
7705,2023-01-28 05:01:00+00:00,E1,0,assign,0
7706,2023-01-28 05:05:00+00:00,E1,0,assign,0
7707,2023-01-28 05:09:00+00:00,F,0,assign,0
7708,2023-01-28 05:10:00+00:00,A,1394,assign,0
7709,2023-01-28 05:11:00+00:00,A,1396,assign,0
7710,2023-01-28 05:12:00+00:00,A,1397,assign,0
7711,2023-01-28 05:12:00+00:00,E2,0,assign,0
7712,2023-01-28 05:30:00+00:00,E2,0,assign,0
7713,2023-01-28 05:35:00+00:00,C,0,assign,0
7714,2023-01-28 05:37:00+00:00,D,0,assign,0
7715,2023-01-28 05:40:00+00:00,B1,0,assign,0
7716,2023-01-28 05:45:00+00:00,A,1398,assign,0
7717,2023-01-28 05:47:00+00:00,A,1399,assign,0
7718,2023-01-28 05:51:00+00:00,E2,0,assign,0
7719,2023-01-28 05:56:00+00:00,A,1401,assign,0
7720,2023-01-28 06:10:00+00:00,A,1403,assign,0
7721,2023-01-28 06:12:00+00:00,A,1404,assign,0
7722,2023-01-28 06:13:00+00:00,E1,0,assign,0
7723,2023-01-28 06:23:00+00:00,A,1405,assign,0
7724,2023-01-28 06:23:00+00:00,B2,0,assign,0
7725,2023-01-28 06:26:00+00:00,A,1407,assign,0
7726,2023-01-28 06:42:00+00:00,C,0,assign,0
7727,2023-01-28 06:44:00+00:00,D,0,assign,0
7728,2023-01-28 06:45:00+00:00,A,1408,assign,0
7729,2023-01-28 06:48:00+00:00,B1,0,assign,0
7730,2023-01-28 06:52:00+00:00,E2,0,assign,0
7731,2023-01-28 07:09:00+00:00,B2,0,assign,0
7732,2023-01-28 07:10:00+00:00,F,0,assign,0
7733,2023-01-28 07:16:00+00:00,A,1409,assign,0
7734,2023-01-28 07:44:00+00:00,A,1411,assign,0
7735,2023-01-28 07:45:00+00:00,A,1412,assign,0
7736,2023-01-28 07:48:00+00:00,A,1413,assign,0
7737,2023-01-28 08:09:00+00:00,E1,0,assign,0
7738,2023-01-28 08:10:00+00:00,C,0,assign,0
7739,2023-01-28 08:12:00+00:00,B1,0,assign,0
7740,2023-01-28 08:14:00+00:00,D,0,assign,0
7741,2023-01-28 08:38:00+00:00,B2,0,assign,0
7742,2023-01-28 08:58:00+00:00,A,1414,assign,0
7743,2023-01-28 08:59:00+00:00,E2,0,assign,0
7744,2023-01-28 09:10:00+00:00,F,0,assign,0
7745,2023-01-28 09:24:00+00:00,A,1415,assign,0
7746,2023-01-28 09:33:00+00:00,A,1417,assign,0
7747,2023-01-28 09:46:00+00:00,C,0,assign,0
7748,2023-01-28 09:49:00+00:00,B1,0,assign,0
7749,2023-01-28 09:49:00+00:00,D,0,assign,0
7750,2023-01-28 10:20:00+00:00,A,1418,assign,0
7751,2023-01-28 10:24:00+00:00,B2,0,assign,0
7752,2023-01-28 10:54:00+00:00,A,1419,assign,0
7753,2023-01-28 11:10:00+00:00,C,0,assign,0
7754,2023-01-28 11:13:00+00:00,D,0,assign,0
7755,2023-01-28 11:13:00+00:00,B1,0,assign,0
7756,2023-01-28 11:21:00+00:00,A,1420,assign,0
7757,2023-01-28 11:24:00+00:00,A,1421,assign,0
7758,2023-01-28 11:25:00+00:00,A,1422,assign,0
7759,2023-01-28 11:39:00+00:00,C,0,assign,0
7760,2023-01-28 11:40:00+00:00,D,0,assign,0
7761,2023-01-28 11:41:00+00:00,C,0,assign,0
7762,2023-01-28 11:42:00+00:00,F,0,assign,0
7763,2023-01-28 11:42:00+00:00,B1,0,assign,0
7764,2023-01-28 11:43:00+00:00,D,0,assign,0
7765,2023-01-28 11:44:00+00:00,B1,0,assign,0
7766,2023-01-28 11:56:00+00:00,B2,0,assign,0
7767,2023-01-28 12:06:00+00:00,B2,0,assign,0
7768,2023-01-28 12:18:00+00:00,A,1423,assign,0
7769,2023-01-28 12:25:00+00:00,B2,0,assign,0
7770,2023-01-28 12:32:00+00:00,A,1424,assign,0
7771,2023-01-28 12:38:00+00:00,A,1425,assign,0
7772,2023-01-28 12:47:00+00:00,F,0,assign,0
7773,2023-01-28 12:53:00+00:00,C,0,assign,0
7774,2023-01-28 12:55:00+00:00,A,1426,assign,0
7775,2023-01-28 12:58:00+00:00,D,0,assign,0
7776,2023-01-28 12:58:00+00:00,B1,0,assign,0
7777,2023-01-28 13:01:00+00:00,A,1427,assign,0
7778,2023-01-28 13:12:00+00:00,F,0,assign,0
7779,2023-01-28 13:14:00+00:00,F,0,assign,0
7780,2023-01-28 13:41:00+00:00,B2,0,assign,0
7781,2023-01-28 13:47:00+00:00,A,1428,assign,0
7782,2023-01-28 13:57:00+00:00,A,1429,assign,0
7783,2023-01-28 14:03:00+00:00,C,0,assign,0
7784,2023-01-28 14:08:00+00:00,D,0,assign,0
7785,2023-01-28 14:08:00+00:00,A,1430,assign,0
7786,2023-01-28 14:10:00+00:00,A,1431,assign,0
7787,2023-01-28 14:10:00+00:00,B1,0,assign,0
7788,2023-01-28 14:15:00+00:00,A,1432,assign,0
7789,2023-01-28 14:23:00+00:00,A,1433,assign,0
7790,2023-01-28 14:25:00+00:00,C,0,assign,0
7791,2023-01-28 14:26:00+00:00,D,0,assign,0
7792,2023-01-28 14:31:00+00:00,B1,0,assign,0
7793,2023-01-28 14:32:00+00:00,A,1434,assign,0
7794,2023-01-28 14:33:00+00:00,A,1435,assign,0
7795,2023-01-28 14:35:00+00:00,C,0,assign,0
7796,2023-01-28 14:36:00+00:00,B2,0,assign,0
7797,2023-01-28 14:36:00+00:00,D,0,assign,0
7798,2023-01-28 14:36:00+00:00,F,0,assign,0
7799,2023-01-28 14:38:00+00:00,A,1436,assign,0
7800,2023-01-28 14:39:00+00:00,B1,0,assign,0
7801,2023-01-28 14:49:00+00:00,C,0,assign,0
7802,2023-01-28 14:50:00+00:00,D,0,assign,0
7803,2023-01-28 14:54:00+00:00,B1,0,assign,0
7804,2023-01-28 15:04:00+00:00,B2,0,assign,0
7805,2023-01-28 15:08:00+00:00,C,0,assign,0
7806,2023-01-28 15:13:00+00:00,D,0,assign,0
7807,2023-01-28 15:13:00+00:00,B1,0,assign,0
7808,2023-01-28 15:16:00+00:00,A,1437,assign,0
7809,2023-01-28 15:16:00+00:00,A,1438,assign,0
7810,2023-01-28 15:19:00+00:00,A,1439,assign,0
7811,2023-01-28 15:21:00+00:00,B2,0,assign,0
7812,2023-01-28 15:34:00+00:00,B2,0,assign,0
7813,2023-01-28 15:42:00+00:00,C,0,assign,0
7814,2023-01-28 15:44:00+00:00,B2,0,assign,0
7815,2023-01-28 15:45:00+00:00,F,0,assign,0
7816,2023-01-28 15:46:00+00:00,D,0,assign,0
7817,2023-01-28 15:47:00+00:00,B1,0,assign,0
7818,2023-01-28 15:49:00+00:00,A,1440,assign,0
7819,2023-01-28 15:53:00+00:00,A,1441,assign,0
7820,2023-01-28 16:15:00+00:00,E1,0,assign,0
7821,2023-01-28 16:17:00+00:00,B2,0,assign,0
7822,2023-01-28 16:20:00+00:00,F,0,assign,0
7823,2023-01-28 16:33:00+00:00,A,1442,assign,0
7824,2023-01-28 16:33:00+00:00,A,1443,assign,0
7825,2023-01-28 16:45:00+00:00,F,0,assign,0
7826,2023-01-28 16:48:00+00:00,F,0,assign,0
7827,2023-01-28 16:56:00+00:00,A,1444,assign,0
7828,2023-01-28 17:00:00+00:00,A,1445,assign,0
7829,2023-01-28 17:03:00+00:00,E2,0,assign,0
7830,2023-01-28 17:04:00+00:00,A,1446,assign,0
7831,2023-01-28 17:09:00+00:00,A,1447,assign,0
7832,2023-01-28 17:20:00+00:00,A,1448,assign,0
7833,2023-01-28 17:24:00+00:00,F,0,assign,0
7834,2023-01-28 17:33:00+00:00,A,1449,assign,0
7835,2023-01-28 17:39:00+00:00,C,0,assign,0
7836,2023-01-28 17:41:00+00:00,D,0,assign,0
7837,2023-01-28 17:42:00+00:00,C,0,assign,0
7838,2023-01-28 17:42:00+00:00,B1,0,assign,0
7839,2023-01-28 17:44:00+00:00,D,0,assign,0
7840,2023-01-28 17:44:00+00:00,A,1451,assign,0
7841,2023-01-28 17:46:00+00:00,B1,0,assign,0
7842,2023-01-28 17:46:00+00:00,A,1452,assign,0
7843,2023-01-28 17:52:00+00:00,A,1453,assign,0
7844,2023-01-28 18:11:00+00:00,B2,0,assign,0
7845,2023-01-28 18:18:00+00:00,B2,0,assign,0
7846,2023-01-28 18:18:00+00:00,C,0,assign,0
7847,2023-01-28 18:20:00+00:00,D,0,assign,0
7848,2023-01-28 18:20:00+00:00,B1,0,assign,0
7849,2023-01-28 18:36:00+00:00,A,1454,assign,0
7850,2023-01-28 18:38:00+00:00,A,1455,assign,0
7851,2023-01-28 18:46:00+00:00,A,1456,assign,0
7852,2023-01-28 18:48:00+00:00,A,1457,assign,0
7853,2023-01-28 18:49:00+00:00,B2,0,assign,0
7854,2023-01-28 19:02:00+00:00,E1,0,assign,0
7855,2023-01-28 19:02:00+00:00,C,0,assign,0
7856,2023-01-28 19:06:00+00:00,D,0,assign,0
7857,2023-01-28 19:07:00+00:00,B1,0,assign,0
7858,2023-01-28 19:08:00+00:00,F,0,assign,0
7859,2023-01-28 19:31:00+00:00,E2,0,assign,0
7860,2023-01-28 19:32:00+00:00,B2,0,assign,0
7861,2023-01-28 19:40:00+00:00,A,1458,assign,0
7862,2023-01-28 19:41:00+00:00,A,1459,assign,0
7863,2023-01-28 19:57:00+00:00,C,0,assign,0
7864,2023-01-28 19:58:00+00:00,D,0,assign,0
7865,2023-01-28 19:59:00+00:00,B1,0,assign,0
7866,2023-01-28 20:00:00+00:00,A,1460,assign,0
7867,2023-01-28 20:06:00+00:00,A,1462,assign,0
7868,2023-01-28 20:09:00+00:00,A,1463,assign,0
7869,2023-01-28 20:10:00+00:00,A,1464,assign,0
7870,2023-01-28 20:10:00+00:00,F,0,assign,0
7871,2023-01-28 20:23:00+00:00,B2,0,assign,0
7872,2023-01-28 20:24:00+00:00,C,0,assign,0
7873,2023-01-28 20:26:00+00:00,D,0,assign,0
7874,2023-01-28 20:26:00+00:00,B1,0,assign,0
7875,2023-01-28 20:31:00+00:00,F,0,assign,0
7876,2023-01-28 20:43:00+00:00,B2,0,assign,0
7877,2023-01-28 21:10:00+00:00,A,1465,assign,0
7878,2023-01-28 21:13:00+00:00,A,1466,assign,0
7879,2023-01-28 21:15:00+00:00,A,1467,assign,0
7880,2023-01-28 21:30:00+00:00,C,0,assign,0
7881,2023-01-28 21:33:00+00:00,D,0,assign,0
7882,2023-01-28 21:34:00+00:00,A,1468,assign,0
7883,2023-01-28 21:37:00+00:00,B1,0,assign,0
7884,2023-01-28 21:41:00+00:00,E1,0,assign,0
7885,2023-01-28 21:53:00+00:00,A,1469,assign,0
7886,2023-01-28 22:03:00+00:00,E2,0,assign,0
7887,2023-01-28 22:04:00+00:00,E1,0,assign,0
7888,2023-01-28 22:19:00+00:00,B2,0,assign,0
7889,2023-01-28 22:34:00+00:00,E2,0,assign,0
7890,2023-01-28 22:43:00+00:00,A,1470,assign,0
7891,2023-01-28 22:55:00+00:00,A,1472,assign,0
7892,2023-01-28 22:56:00+00:00,A,1474,assign,0
7893,2023-01-28 23:12:00+00:00,E1,0,assign,0
7894,2023-01-28 23:36:00+00:00,E2,0,assign,0
7895,2023-01-29 00:15:00+00:00,A,1475,assign,0
7896,2023-01-29 00:18:00+00:00,A,1477,assign,0
7897,2023-01-29 00:44:00+00:00,A,1478,assign,0
7898,2023-01-29 00:45:00+00:00,C,0,assign,0
7899,2023-01-29 00:48:00+00:00,D,0,assign,0
7900,2023-01-29 00:49:00+00:00,B1,0,assign,0
7901,2023-01-29 01:13:00+00:00,B2,0,assign,0
7902,2023-01-29 01:14:00+00:00,C,0,assign,0
7903,2023-01-29 01:18:00+00:00,D,0,assign,0
7904,2023-01-29 01:20:00+00:00,B1,0,assign,0
7905,2023-01-29 01:59:00+00:00,B2,0,assign,0
7906,2023-01-29 02:13:00+00:00,A,1479,assign,0
7907,2023-01-29 02:28:00+00:00,A,1480,assign,0
7908,2023-01-29 02:35:00+00:00,E1,0,assign,0
7909,2023-01-29 02:50:00+00:00,F,0,assign,0
7910,2023-01-29 03:21:00+00:00,E2,0,assign,0
7911,2023-01-29 03:28:00+00:00,A,1481,assign,0
7912,2023-01-29 03:35:00+00:00,A,1482,assign,0
7913,2023-01-29 03:38:00+00:00,A,1483,assign,0
7914,2023-01-29 03:53:00+00:00,C,0,assign,0
7915,2023-01-29 03:54:00+00:00,A,1484,assign,0
7916,2023-01-29 03:55:00+00:00,C,0,assign,0
7917,2023-01-29 03:57:00+00:00,D,0,assign,0
7918,2023-01-29 03:58:00+00:00,D,0,assign,0
7919,2023-01-29 03:59:00+00:00,B1,0,assign,0
7920,2023-01-29 04:02:00+00:00,B1,0,assign,0
7921,2023-01-29 04:23:00+00:00,A,1486,assign,0
7922,2023-01-29 04:30:00+00:00,B2,0,assign,0
7923,2023-01-29 04:31:00+00:00,A,1487,assign,0
7924,2023-01-29 04:33:00+00:00,C,0,assign,0
7925,2023-01-29 04:35:00+00:00,D,0,assign,0
7926,2023-01-29 04:36:00+00:00,B1,0,assign,0
7927,2023-01-29 04:38:00+00:00,B2,0,assign,0
7928,2023-01-29 04:51:00+00:00,C,0,assign,0
7929,2023-01-29 04:55:00+00:00,D,0,assign,0
7930,2023-01-29 04:58:00+00:00,B1,0,assign,0
7931,2023-01-29 05:00:00+00:00,B2,0,assign,0
7932,2023-01-29 05:19:00+00:00,A,1488,assign,0
7933,2023-01-29 05:27:00+00:00,A,1489,assign,0
7934,2023-01-29 05:36:00+00:00,A,1490,assign,0
7935,2023-01-29 05:37:00+00:00,B2,0,assign,0
7936,2023-01-29 05:43:00+00:00,F,0,assign,0
7937,2023-01-29 05:51:00+00:00,F,0,assign,0
7938,2023-01-29 05:55:00+00:00,A,1491,assign,0
7939,2023-01-29 06:01:00+00:00,E1,0,assign,0
7940,2023-01-29 06:05:00+00:00,C,0,assign,0
7941,2023-01-29 06:06:00+00:00,D,0,assign,0
7942,2023-01-29 06:08:00+00:00,B1,0,assign,0
7943,2023-01-29 06:19:00+00:00,A,1492,assign,0
7944,2023-01-29 06:22:00+00:00,A,1493,assign,0
7945,2023-01-29 06:28:00+00:00,A,1494,assign,0
7946,2023-01-29 06:31:00+00:00,A,1495,assign,0
7947,2023-01-29 06:39:00+00:00,A,1496,assign,0
7948,2023-01-29 06:41:00+00:00,C,0,assign,0
7949,2023-01-29 06:46:00+00:00,D,0,assign,0
7950,2023-01-29 06:47:00+00:00,C,0,assign,0
7951,2023-01-29 06:47:00+00:00,E2,0,assign,0
7952,2023-01-29 06:48:00+00:00,B1,0,assign,0
7953,2023-01-29 06:49:00+00:00,F,0,assign,0
7954,2023-01-29 06:50:00+00:00,B1,0,assign,0
7955,2023-01-29 06:51:00+00:00,D,0,assign,0
7956,2023-01-29 06:53:00+00:00,B2,0,assign,0
7957,2023-01-29 06:53:00+00:00,A,1497,assign,0
7958,2023-01-29 07:06:00+00:00,C,0,assign,0
7959,2023-01-29 07:07:00+00:00,D,0,assign,0
7960,2023-01-29 07:12:00+00:00,B1,0,assign,0
7961,2023-01-29 07:13:00+00:00,A,1498,assign,0
7962,2023-01-29 07:31:00+00:00,B2,0,assign,0
7963,2023-01-29 07:34:00+00:00,A,1500,assign,0
7964,2023-01-29 07:35:00+00:00,B2,0,assign,0
7965,2023-01-29 07:40:00+00:00,A,1501,assign,0
7966,2023-01-29 07:42:00+00:00,B2,0,assign,0
7967,2023-01-29 07:59:00+00:00,C,0,assign,0
7968,2023-01-29 08:01:00+00:00,A,1502,assign,0
7969,2023-01-29 08:01:00+00:00,D,0,assign,0
7970,2023-01-29 08:02:00+00:00,E1,0,assign,0
7971,2023-01-29 08:06:00+00:00,B1,0,assign,0
7972,2023-01-29 08:10:00+00:00,A,1503,assign,0
7973,2023-01-29 08:16:00+00:00,A,1504,assign,0
7974,2023-01-29 08:20:00+00:00,A,1505,assign,0
7975,2023-01-29 08:22:00+00:00,F,0,assign,0
7976,2023-01-29 08:31:00+00:00,F,0,assign,0
7977,2023-01-29 08:32:00+00:00,E1,0,assign,0
7978,2023-01-29 08:37:00+00:00,B2,0,assign,0
7979,2023-01-29 08:39:00+00:00,A,1506,assign,0
7980,2023-01-29 08:41:00+00:00,E2,0,assign,0
7981,2023-01-29 08:49:00+00:00,C,0,assign,0
7982,2023-01-29 08:52:00+00:00,D,0,assign,0
7983,2023-01-29 08:54:00+00:00,B1,0,assign,0
7984,2023-01-29 08:58:00+00:00,E2,0,assign,0
7985,2023-01-29 09:01:00+00:00,A,1507,assign,0
7986,2023-01-29 09:14:00+00:00,B2,0,assign,0
7987,2023-01-29 09:15:00+00:00,A,1508,assign,0
7988,2023-01-29 09:25:00+00:00,F,0,assign,0
7989,2023-01-29 09:28:00+00:00,A,1510,assign,0
7990,2023-01-29 09:30:00+00:00,A,1512,assign,0
7991,2023-01-29 09:40:00+00:00,A,1513,assign,0
7992,2023-01-29 09:43:00+00:00,A,1514,assign,0
7993,2023-01-29 09:57:00+00:00,E1,0,assign,0
7994,2023-01-29 10:32:00+00:00,E2,0,assign,0
7995,2023-01-29 10:33:00+00:00,A,1515,assign,0
7996,2023-01-29 10:43:00+00:00,A,1516,assign,0
7997,2023-01-29 10:55:00+00:00,C,0,assign,0
7998,2023-01-29 10:57:00+00:00,D,0,assign,0
7999,2023-01-29 10:58:00+00:00,B1,0,assign,0
8000,2023-01-29 10:59:00+00:00,A,1517,assign,0
8001,2023-01-29 11:10:00+00:00,A,1518,assign,0
8002,2023-01-29 11:13:00+00:00,A,1520,assign,0
8003,2023-01-29 11:18:00+00:00,C,0,assign,0
8004,2023-01-29 11:20:00+00:00,D,0,assign,0
8005,2023-01-29 11:22:00+00:00,B2,0,assign,0
8006,2023-01-29 11:25:00+00:00,B1,0,assign,0
8007,2023-01-29 11:37:00+00:00,C,0,assign,0
8008,2023-01-29 11:40:00+00:00,B1,0,assign,0
8009,2023-01-29 11:41:00+00:00,D,0,assign,0
8010,2023-01-29 12:01:00+00:00,B2,0,assign,0
8011,2023-01-29 12:09:00+00:00,A,1521,assign,0
8012,2023-01-29 12:11:00+00:00,B2,0,assign,0
8013,2023-01-29 12:34:00+00:00,A,1522,assign,0
8014,2023-01-29 12:34:00+00:00,F,0,assign,0
8015,2023-01-29 12:50:00+00:00,A,1523,assign,0
8016,2023-01-29 12:52:00+00:00,A,1524,assign,0
8017,2023-01-29 13:02:00+00:00,C,0,assign,0
8018,2023-01-29 13:03:00+00:00,D,0,assign,0
8019,2023-01-29 13:06:00+00:00,A,1525,assign,0
8020,2023-01-29 13:08:00+00:00,F,0,assign,0
8021,2023-01-29 13:09:00+00:00,B1,0,assign,0
8022,2023-01-29 13:20:00+00:00,E1,0,assign,0
8023,2023-01-29 13:20:00+00:00,A,1526,assign,0
8024,2023-01-29 13:25:00+00:00,C,0,assign,0
8025,2023-01-29 13:30:00+00:00,B1,0,assign,0
8026,2023-01-29 13:30:00+00:00,D,0,assign,0
8027,2023-01-29 13:35:00+00:00,C,0,assign,0
8028,2023-01-29 13:40:00+00:00,B1,0,assign,0
8029,2023-01-29 13:40:00+00:00,D,0,assign,0
8030,2023-01-29 13:45:00+00:00,A,1527,assign,0
8031,2023-01-29 13:52:00+00:00,B2,0,assign,0
8032,2023-01-29 13:52:00+00:00,A,1528,assign,0
8033,2023-01-29 13:52:00+00:00,B2,0,assign,0
8034,2023-01-29 13:54:00+00:00,E2,0,assign,0
8035,2023-01-29 14:17:00+00:00,B2,0,assign,0
8036,2023-01-29 14:23:00+00:00,A,1529,assign,0
8037,2023-01-29 14:23:00+00:00,A,1531,assign,0
8038,2023-01-29 14:38:00+00:00,A,1532,assign,0
8039,2023-01-29 14:41:00+00:00,A,1533,assign,0
8040,2023-01-29 14:49:00+00:00,A,1534,assign,0
8041,2023-01-29 14:52:00+00:00,E1,0,assign,0
8042,2023-01-29 15:02:00+00:00,E1,0,assign,0
8043,2023-01-29 15:06:00+00:00,E1,0,assign,0
8044,2023-01-29 15:08:00+00:00,C,0,assign,0
8045,2023-01-29 15:10:00+00:00,B1,0,assign,0
8046,2023-01-29 15:11:00+00:00,D,0,assign,0
8047,2023-01-29 15:26:00+00:00,E2,0,assign,0
8048,2023-01-29 15:31:00+00:00,E2,0,assign,0
8049,2023-01-29 15:31:00+00:00,A,1535,assign,0
8050,2023-01-29 15:44:00+00:00,C,0,assign,0
8051,2023-01-29 15:44:00+00:00,E2,0,assign,0
8052,2023-01-29 15:45:00+00:00,D,0,assign,0
8053,2023-01-29 15:46:00+00:00,B1,0,assign,0
8054,2023-01-29 15:47:00+00:00,B2,0,assign,0
8055,2023-01-29 15:52:00+00:00,A,1536,assign,0
8056,2023-01-29 15:53:00+00:00,A,1537,assign,0
8057,2023-01-29 15:54:00+00:00,A,1539,assign,0
8058,2023-01-29 16:08:00+00:00,C,0,assign,0
8059,2023-01-29 16:09:00+00:00,D,0,assign,0
8060,2023-01-29 16:10:00+00:00,B1,0,assign,0
8061,2023-01-29 16:17:00+00:00,B2,0,assign,0
8062,2023-01-29 16:20:00+00:00,A,1541,assign,0
8063,2023-01-29 16:24:00+00:00,A,1542,assign,0
8064,2023-01-29 16:27:00+00:00,B2,0,assign,0
8065,2023-01-29 16:45:00+00:00,F,0,assign,0
8066,2023-01-29 16:58:00+00:00,A,1544,assign,0
8067,2023-01-29 17:19:00+00:00,A,1545,assign,0
8068,2023-01-29 17:21:00+00:00,F,0,assign,0
8069,2023-01-29 17:27:00+00:00,A,1546,assign,0
8070,2023-01-29 17:35:00+00:00,C,0,assign,0
8071,2023-01-29 17:36:00+00:00,D,0,assign,0
8072,2023-01-29 17:39:00+00:00,B1,0,assign,0
8073,2023-01-29 17:51:00+00:00,F,0,assign,0
8074,2023-01-29 17:55:00+00:00,A,1547,assign,0
8075,2023-01-29 17:57:00+00:00,B2,0,assign,0
8076,2023-01-29 18:12:00+00:00,A,1548,assign,0
8077,2023-01-29 18:30:00+00:00,A,1549,assign,0
8078,2023-01-29 18:50:00+00:00,E1,0,assign,0
8079,2023-01-29 18:51:00+00:00,A,1550,assign,0
8080,2023-01-29 19:20:00+00:00,A,1551,assign,0
8081,2023-01-29 19:24:00+00:00,E2,0,assign,0
8082,2023-01-29 19:44:00+00:00,C,0,assign,0
8083,2023-01-29 19:45:00+00:00,D,0,assign,0
8084,2023-01-29 19:51:00+00:00,B1,0,assign,0
8085,2023-01-29 19:54:00+00:00,A,1552,assign,0
8086,2023-01-29 20:13:00+00:00,B2,0,assign,0
8087,2023-01-29 20:45:00+00:00,A,1554,assign,0
8088,2023-01-29 20:48:00+00:00,A,1555,assign,0
8089,2023-01-29 21:00:00+00:00,C,0,assign,0
8090,2023-01-29 21:00:00+00:00,C,0,assign,0
8091,2023-01-29 21:01:00+00:00,D,0,assign,0
8092,2023-01-29 21:01:00+00:00,D,0,assign,0
8093,2023-01-29 21:01:00+00:00,A,1556,assign,0
8094,2023-01-29 21:02:00+00:00,B1,0,assign,0
8095,2023-01-29 21:04:00+00:00,B1,0,assign,0
8096,2023-01-29 21:15:00+00:00,F,0,assign,0
8097,2023-01-29 21:21:00+00:00,A,1557,assign,0
8098,2023-01-29 21:22:00+00:00,B2,0,assign,0
8099,2023-01-29 21:23:00+00:00,B2,0,assign,0
8100,2023-01-29 21:32:00+00:00,C,0,assign,0
8101,2023-01-29 21:33:00+00:00,A,1558,assign,0
8102,2023-01-29 21:37:00+00:00,D,0,assign,0
8103,2023-01-29 21:37:00+00:00,B1,0,assign,0
8104,2023-01-29 21:46:00+00:00,C,0,assign,0
8105,2023-01-29 21:48:00+00:00,B1,0,assign,0
8106,2023-01-29 21:49:00+00:00,D,0,assign,0
8107,2023-01-29 22:04:00+00:00,A,1559,assign,0
8108,2023-01-29 22:07:00+00:00,A,1560,assign,0
8109,2023-01-29 22:12:00+00:00,A,1561,assign,0
8110,2023-01-29 22:13:00+00:00,A,1562,assign,0
8111,2023-01-29 22:14:00+00:00,B2,0,assign,0
8112,2023-01-29 22:17:00+00:00,E1,0,assign,0
8113,2023-01-29 22:20:00+00:00,A,1563,assign,0
8114,2023-01-29 22:22:00+00:00,B2,0,assign,0
8115,2023-01-29 22:30:00+00:00,C,0,assign,0
8116,2023-01-29 22:32:00+00:00,C,0,assign,0
8117,2023-01-29 22:32:00+00:00,B1,0,assign,0
8118,2023-01-29 22:32:00+00:00,D,0,assign,0
8119,2023-01-29 22:33:00+00:00,D,0,assign,0
8120,2023-01-29 22:33:00+00:00,F,0,assign,0
8121,2023-01-29 22:35:00+00:00,B1,0,assign,0
8122,2023-01-29 22:42:00+00:00,A,1564,assign,0
8123,2023-01-29 22:47:00+00:00,B2,0,assign,0
8124,2023-01-29 22:49:00+00:00,E2,0,assign,0
8125,2023-01-29 22:53:00+00:00,E1,0,assign,0
8126,2023-01-29 22:59:00+00:00,A,1565,assign,0
8127,2023-01-29 23:09:00+00:00,A,1566,assign,0
8128,2023-01-29 23:13:00+00:00,B2,0,assign,0
8129,2023-01-29 23:29:00+00:00,E1,0,assign,0
8130,2023-01-29 23:33:00+00:00,A,1568,assign,0
8131,2023-01-29 23:37:00+00:00,E2,0,assign,0
8132,2023-01-29 23:43:00+00:00,A,1569,assign,0
8133,2023-01-29 23:43:00+00:00,E1,0,assign,0
8134,2023-01-29 23:53:00+00:00,A,1570,assign,0
8135,2023-01-29 23:53:00+00:00,A,1571,assign,0
8136,2023-01-29 23:54:00+00:00,F,0,assign,0
8137,2023-01-29 23:58:00+00:00,A,1572,assign,0
8138,2023-01-30 00:09:00+00:00,E2,0,assign,0
8139,2023-01-30 00:13:00+00:00,C,0,assign,0
8140,2023-01-30 00:13:00+00:00,E2,0,assign,0
8141,2023-01-30 00:16:00+00:00,B1,0,assign,0
8142,2023-01-30 00:18:00+00:00,D,0,assign,0
8143,2023-01-30 00:29:00+00:00,A,1574,assign,0
8144,2023-01-30 00:34:00+00:00,A,1575,assign,0
8145,2023-01-30 00:35:00+00:00,A,1577,assign,0
8146,2023-01-30 00:42:00+00:00,C,0,assign,0
8147,2023-01-30 00:43:00+00:00,A,1578,assign,0
8148,2023-01-30 00:44:00+00:00,D,0,assign,0
8149,2023-01-30 00:45:00+00:00,A,1579,assign,0
8150,2023-01-30 00:46:00+00:00,B1,0,assign,0
8151,2023-01-30 00:50:00+00:00,B2,0,assign,0
8152,2023-01-30 00:53:00+00:00,C,0,assign,0
8153,2023-01-30 00:55:00+00:00,D,0,assign,0
8154,2023-01-30 00:56:00+00:00,B1,0,assign,0
8155,2023-01-30 01:11:00+00:00,B2,0,assign,0
8156,2023-01-30 01:13:00+00:00,B2,0,assign,0
8157,2023-01-30 01:23:00+00:00,A,1581,assign,0
8158,2023-01-30 01:42:00+00:00,A,1582,assign,0
8159,2023-01-30 01:50:00+00:00,F,0,assign,0
8160,2023-01-30 01:50:00+00:00,A,1583,assign,0
8161,2023-01-30 01:52:00+00:00,F,0,assign,0
8162,2023-01-30 01:54:00+00:00,A,1584,assign,0
8163,2023-01-30 02:10:00+00:00,C,0,assign,0
8164,2023-01-30 02:13:00+00:00,D,0,assign,0
8165,2023-01-30 02:16:00+00:00,B1,0,assign,0
8166,2023-01-30 02:20:00+00:00,E1,0,assign,0
8167,2023-01-30 02:25:00+00:00,A,1585,assign,0
8168,2023-01-30 02:40:00+00:00,C,0,assign,0
8169,2023-01-30 02:41:00+00:00,E2,0,assign,0
8170,2023-01-30 02:41:00+00:00,D,0,assign,0
8171,2023-01-30 02:44:00+00:00,B1,0,assign,0
8172,2023-01-30 02:46:00+00:00,B2,0,assign,0
8173,2023-01-30 02:47:00+00:00,A,1586,assign,0
8174,2023-01-30 02:52:00+00:00,A,1587,assign,0
8175,2023-01-30 02:58:00+00:00,A,1588,assign,0
8176,2023-01-30 03:03:00+00:00,A,1590,assign,0
8177,2023-01-30 03:19:00+00:00,B2,0,assign,0
8178,2023-01-30 03:23:00+00:00,C,0,assign,0
8179,2023-01-30 03:27:00+00:00,B1,0,assign,0
8180,2023-01-30 03:27:00+00:00,D,0,assign,0
8181,2023-01-30 03:27:00+00:00,A,1591,assign,0
8182,2023-01-30 03:42:00+00:00,B2,0,assign,0
8183,2023-01-30 03:54:00+00:00,E1,0,assign,0
8184,2023-01-30 04:03:00+00:00,A,1592,assign,0
8185,2023-01-30 04:06:00+00:00,A,1593,assign,0
8186,2023-01-30 04:17:00+00:00,F,0,assign,0
8187,2023-01-30 04:36:00+00:00,C,0,assign,0
8188,2023-01-30 04:38:00+00:00,D,0,assign,0
8189,2023-01-30 04:40:00+00:00,A,1594,assign,0
8190,2023-01-30 04:42:00+00:00,B1,0,assign,0
8191,2023-01-30 04:43:00+00:00,E2,0,assign,0
8192,2023-01-30 04:47:00+00:00,A,1595,assign,0
8193,2023-01-30 04:59:00+00:00,C,0,assign,0
8194,2023-01-30 05:02:00+00:00,B1,0,assign,0
8195,2023-01-30 05:03:00+00:00,D,0,assign,0
8196,2023-01-30 05:15:00+00:00,F,0,assign,0
8197,2023-01-30 05:16:00+00:00,A,1596,assign,0
8198,2023-01-30 05:19:00+00:00,B2,0,assign,0
8199,2023-01-30 05:32:00+00:00,A,1598,assign,0
8200,2023-01-30 05:36:00+00:00,B2,0,assign,0
8201,2023-01-30 05:53:00+00:00,A,1599,assign,0
8202,2023-01-30 06:03:00+00:00,A,1600,assign,0
8203,2023-01-30 06:09:00+00:00,A,1601,assign,0
8204,2023-01-30 06:10:00+00:00,F,0,assign,0
8205,2023-01-30 06:16:00+00:00,A,1602,assign,0
8206,2023-01-30 06:22:00+00:00,A,1603,assign,0
8207,2023-01-30 06:22:00+00:00,C,0,assign,0
8208,2023-01-30 06:24:00+00:00,D,0,assign,0
8209,2023-01-30 06:25:00+00:00,B1,0,assign,0
8210,2023-01-30 06:27:00+00:00,F,0,assign,0
8211,2023-01-30 06:29:00+00:00,C,0,assign,0
8212,2023-01-30 06:32:00+00:00,D,0,assign,0
8213,2023-01-30 06:36:00+00:00,B1,0,assign,0
8214,2023-01-30 06:52:00+00:00,A,1604,assign,0
8215,2023-01-30 07:00:00+00:00,B2,0,assign,0
8216,2023-01-30 07:16:00+00:00,B2,0,assign,0
8217,2023-01-30 07:22:00+00:00,A,1605,assign,0
8218,2023-01-30 07:33:00+00:00,A,1606,assign,0
8219,2023-01-30 07:38:00+00:00,A,1607,assign,0
8220,2023-01-30 07:39:00+00:00,E1,0,assign,0
8221,2023-01-30 08:04:00+00:00,E1,0,assign,0
8222,2023-01-30 08:18:00+00:00,E2,0,assign,0
8223,2023-01-30 08:37:00+00:00,E2,0,assign,0
8224,2023-01-30 08:47:00+00:00,A,1608,assign,0
8225,2023-01-30 09:03:00+00:00,A,1610,assign,0
8226,2023-01-30 09:12:00+00:00,A,1611,assign,0
8227,2023-01-30 09:22:00+00:00,C,0,assign,0
8228,2023-01-30 09:23:00+00:00,D,0,assign,0
8229,2023-01-30 09:29:00+00:00,B1,0,assign,0
8230,2023-01-30 09:29:00+00:00,A,1613,assign,0
8231,2023-01-30 09:46:00+00:00,C,0,assign,0
8232,2023-01-30 09:48:00+00:00,D,0,assign,0
8233,2023-01-30 09:48:00+00:00,A,1614,assign,0
8234,2023-01-30 09:51:00+00:00,B1,0,assign,0
8235,2023-01-30 09:54:00+00:00,B2,0,assign,0
8236,2023-01-30 10:00:00+00:00,C,0,assign,0
8237,2023-01-30 10:03:00+00:00,B1,0,assign,0
8238,2023-01-30 10:04:00+00:00,D,0,assign,0
8239,2023-01-30 10:19:00+00:00,B2,0,assign,0
8240,2023-01-30 10:22:00+00:00,B2,0,assign,0
8241,2023-01-30 10:40:00+00:00,A,1615,assign,0
8242,2023-01-30 10:57:00+00:00,F,0,assign,0
8243,2023-01-30 11:07:00+00:00,A,1616,assign,0
8244,2023-01-30 11:17:00+00:00,A,1617,assign,0
8245,2023-01-30 11:22:00+00:00,F,0,assign,0
8246,2023-01-30 11:23:00+00:00,A,1618,assign,0
8247,2023-01-30 11:25:00+00:00,A,1619,assign,0
8248,2023-01-30 11:32:00+00:00,C,0,assign,0
8249,2023-01-30 11:35:00+00:00,A,1620,assign,0
8250,2023-01-30 11:35:00+00:00,B1,0,assign,0
8251,2023-01-30 11:37:00+00:00,D,0,assign,0
8252,2023-01-30 11:39:00+00:00,E1,0,assign,0
8253,2023-01-30 11:42:00+00:00,C,0,assign,0
8254,2023-01-30 11:44:00+00:00,D,0,assign,0
8255,2023-01-30 11:47:00+00:00,B1,0,assign,0
8256,2023-01-30 11:49:00+00:00,A,1621,assign,0
8257,2023-01-30 11:57:00+00:00,B2,0,assign,0
8258,2023-01-30 11:57:00+00:00,A,1622,assign,0
8259,2023-01-30 12:03:00+00:00,E2,0,assign,0
8260,2023-01-30 12:07:00+00:00,B2,0,assign,0
8261,2023-01-30 12:13:00+00:00,C,0,assign,0
8262,2023-01-30 12:15:00+00:00,D,0,assign,0
8263,2023-01-30 12:18:00+00:00,B1,0,assign,0
8264,2023-01-30 12:20:00+00:00,A,1623,assign,0
8265,2023-01-30 12:35:00+00:00,B2,0,assign,0
8266,2023-01-30 12:52:00+00:00,A,1625,assign,0
8267,2023-01-30 13:04:00+00:00,F,0,assign,0
8268,2023-01-30 13:05:00+00:00,A,1626,assign,0
8269,2023-01-30 13:22:00+00:00,F,0,assign,0
8270,2023-01-30 13:23:00+00:00,A,1627,assign,0
8271,2023-01-30 13:45:00+00:00,F,0,assign,0
8272,2023-01-30 13:50:00+00:00,A,1628,assign,0
8273,2023-01-30 13:50:00+00:00,A,1629,assign,0
8274,2023-01-30 14:07:00+00:00,A,1630,assign,0
8275,2023-01-30 14:08:00+00:00,A,1631,assign,0
8276,2023-01-30 14:13:00+00:00,C,0,assign,0
8277,2023-01-30 14:14:00+00:00,D,0,assign,0
8278,2023-01-30 14:14:00+00:00,C,0,assign,0
8279,2023-01-30 14:17:00+00:00,B1,0,assign,0
8280,2023-01-30 14:19:00+00:00,D,0,assign,0
8281,2023-01-30 14:21:00+00:00,B1,0,assign,0
8282,2023-01-30 14:28:00+00:00,A,1632,assign,0
8283,2023-01-30 14:29:00+00:00,C,0,assign,0
8284,2023-01-30 14:32:00+00:00,D,0,assign,0
8285,2023-01-30 14:33:00+00:00,A,1633,assign,0
8286,2023-01-30 14:33:00+00:00,B1,0,assign,0
8287,2023-01-30 14:42:00+00:00,C,0,assign,0
8288,2023-01-30 14:45:00+00:00,B1,0,assign,0
8289,2023-01-30 14:46:00+00:00,D,0,assign,0
8290,2023-01-30 14:49:00+00:00,B2,0,assign,0
8291,2023-01-30 14:50:00+00:00,A,1634,assign,0
8292,2023-01-30 14:51:00+00:00,B2,0,assign,0
8293,2023-01-30 15:00:00+00:00,B2,0,assign,0
8294,2023-01-30 15:23:00+00:00,A,1635,assign,0
8295,2023-01-30 15:29:00+00:00,B2,0,assign,0
8296,2023-01-30 15:37:00+00:00,A,1636,assign,0
8297,2023-01-30 15:45:00+00:00,A,1637,assign,0
8298,2023-01-30 15:48:00+00:00,F,0,assign,0
8299,2023-01-30 15:53:00+00:00,A,1638,assign,0
8300,2023-01-30 15:55:00+00:00,A,1639,assign,0
8301,2023-01-30 15:58:00+00:00,C,0,assign,0
8302,2023-01-30 15:59:00+00:00,E1,0,assign,0
8303,2023-01-30 16:01:00+00:00,A,1640,assign,0
8304,2023-01-30 16:02:00+00:00,D,0,assign,0
8305,2023-01-30 16:03:00+00:00,B1,0,assign,0
8306,2023-01-30 16:11:00+00:00,F,0,assign,0
8307,2023-01-30 16:18:00+00:00,A,1641,assign,0
8308,2023-01-30 16:21:00+00:00,C,0,assign,0
8309,2023-01-30 16:23:00+00:00,B1,0,assign,0
8310,2023-01-30 16:24:00+00:00,F,0,assign,0
8311,2023-01-30 16:24:00+00:00,E2,0,assign,0
8312,2023-01-30 16:25:00+00:00,D,0,assign,0
8313,2023-01-30 16:36:00+00:00,C,0,assign,0
8314,2023-01-30 16:39:00+00:00,D,0,assign,0
8315,2023-01-30 16:41:00+00:00,B2,0,assign,0
8316,2023-01-30 16:43:00+00:00,B1,0,assign,0
8317,2023-01-30 16:47:00+00:00,A,1642,assign,0
8318,2023-01-30 16:47:00+00:00,A,1644,assign,0
8319,2023-01-30 16:50:00+00:00,B2,0,assign,0
8320,2023-01-30 17:13:00+00:00,B2,0,assign,0
8321,2023-01-30 17:18:00+00:00,A,1645,assign,0
8322,2023-01-30 17:20:00+00:00,A,1646,assign,0
8323,2023-01-30 17:24:00+00:00,A,1647,assign,0
8324,2023-01-30 17:44:00+00:00,A,1648,assign,0
8325,2023-01-30 17:46:00+00:00,A,1649,assign,0
8326,2023-01-30 17:46:00+00:00,F,0,assign,0
8327,2023-01-30 18:01:00+00:00,F,0,assign,0
8328,2023-01-30 18:07:00+00:00,C,0,assign,0
8329,2023-01-30 18:09:00+00:00,D,0,assign,0
8330,2023-01-30 18:12:00+00:00,B1,0,assign,0
8331,2023-01-30 18:13:00+00:00,A,1650,assign,0
8332,2023-01-30 18:18:00+00:00,A,1651,assign,0
8333,2023-01-30 18:28:00+00:00,B2,0,assign,0
8334,2023-01-30 18:34:00+00:00,E1,0,assign,0
8335,2023-01-30 18:48:00+00:00,C,0,assign,0
8336,2023-01-30 18:51:00+00:00,D,0,assign,0
8337,2023-01-30 18:53:00+00:00,B1,0,assign,0
8338,2023-01-30 19:02:00+00:00,A,1652,assign,0
8339,2023-01-30 19:03:00+00:00,A,1653,assign,0
8340,2023-01-30 19:06:00+00:00,A,1654,assign,0
8341,2023-01-30 19:14:00+00:00,E2,0,assign,0
8342,2023-01-30 19:21:00+00:00,C,0,assign,0
8343,2023-01-30 19:22:00+00:00,D,0,assign,0
8344,2023-01-30 19:23:00+00:00,B1,0,assign,0
8345,2023-01-30 19:24:00+00:00,A,1655,assign,0
8346,2023-01-30 19:38:00+00:00,B2,0,assign,0
8347,2023-01-30 19:41:00+00:00,A,1656,assign,0
8348,2023-01-30 19:54:00+00:00,E1,0,assign,0
8349,2023-01-30 19:54:00+00:00,A,1658,assign,0
8350,2023-01-30 19:58:00+00:00,B2,0,assign,0
8351,2023-01-30 20:07:00+00:00,A,1659,assign,0
8352,2023-01-30 20:14:00+00:00,E2,0,assign,0
8353,2023-01-30 20:20:00+00:00,C,0,assign,0
8354,2023-01-30 20:22:00+00:00,D,0,assign,0
8355,2023-01-30 20:23:00+00:00,B1,0,assign,0
8356,2023-01-30 20:25:00+00:00,F,0,assign,0
8357,2023-01-30 20:35:00+00:00,A,1660,assign,0
8358,2023-01-30 20:42:00+00:00,A,1661,assign,0
8359,2023-01-30 20:51:00+00:00,A,1662,assign,0
8360,2023-01-30 20:57:00+00:00,C,0,assign,0
8361,2023-01-30 21:00:00+00:00,D,0,assign,0
8362,2023-01-30 21:02:00+00:00,B1,0,assign,0
8363,2023-01-30 21:04:00+00:00,E1,0,assign,0
8364,2023-01-30 21:04:00+00:00,B2,0,assign,0
8365,2023-01-30 21:37:00+00:00,A,1664,assign,0
8366,2023-01-30 21:41:00+00:00,B2,0,assign,0
8367,2023-01-30 21:51:00+00:00,A,1665,assign,0
8368,2023-01-30 21:52:00+00:00,E2,0,assign,0
8369,2023-01-30 22:01:00+00:00,A,1666,assign,0
8370,2023-01-30 22:09:00+00:00,E1,0,assign,0
8371,2023-01-30 22:09:00+00:00,A,1667,assign,0
8372,2023-01-30 22:11:00+00:00,A,1669,assign,0
8373,2023-01-30 22:22:00+00:00,C,0,assign,0
8374,2023-01-30 22:24:00+00:00,D,0,assign,0
8375,2023-01-30 22:24:00+00:00,E1,0,assign,0
8376,2023-01-30 22:29:00+00:00,B1,0,assign,0
8377,2023-01-30 22:45:00+00:00,E2,0,assign,0
8378,2023-01-30 22:50:00+00:00,B2,0,assign,0
8379,2023-01-30 23:08:00+00:00,E2,0,assign,0
8380,2023-01-30 23:17:00+00:00,A,1670,assign,0
8381,2023-01-30 23:38:00+00:00,A,1672,assign,0
8382,2023-01-30 23:44:00+00:00,A,1673,assign,0
8383,2023-01-30 23:47:00+00:00,A,1674,assign,0
8384,2023-01-30 23:48:00+00:00,A,1675,assign,0
8385,2023-01-31 00:02:00+00:00,C,0,assign,0
8386,2023-01-31 00:03:00+00:00,F,0,assign,0
8387,2023-01-31 00:03:00+00:00,C,0,assign,0
8388,2023-01-31 00:04:00+00:00,D,0,assign,0
8389,2023-01-31 00:05:00+00:00,D,0,assign,0
8390,2023-01-31 00:09:00+00:00,B1,0,assign,0
8391,2023-01-31 00:10:00+00:00,B1,0,assign,0
8392,2023-01-31 00:28:00+00:00,B2,0,assign,0
8393,2023-01-31 00:38:00+00:00,B2,0,assign,0
8394,2023-01-31 00:48:00+00:00,A,1677,assign,0
8395,2023-01-31 01:00:00+00:00,A,1678,assign,0
8396,2023-01-31 01:25:00+00:00,F,0,assign,0
8397,2023-01-31 01:31:00+00:00,A,1679,assign,0
8398,2023-01-31 01:54:00+00:00,E1,0,assign,0
8399,2023-01-31 02:07:00+00:00,A,1680,assign,0
8400,2023-01-31 02:37:00+00:00,E2,0,assign,0
8401,2023-01-31 03:05:00+00:00,A,1681,assign,0
