
 Performance of golden standard model:
token_fitness
{"perc_fit_traces": 49.9, "average_trace_fitness": 0.9225879199813868, "log_fitness": 0.9311423012986202, "percentage_of_fitting_traces": 49.9}
precision
0.9796045268001492
0.7714285714285715
generalization
0.9433300629664488

 Xixi split labels:
['D_X_1', 'D_X_0']

 Xixi refined log results:

 IM without noise threshold:
token_fitness
{"perc_fit_traces": 0.0, "average_trace_fitness": 0.8646579015642564, "log_fitness": 0.8761154074955384, "percentage_of_fitting_traces": 0.0}
precision
0.7499166944351883
0.7499999999999999
generalization
0.902799765288707

 Xixi clustering:
Clustering with 448 elements and 2 clusters
[0] 252
[1] 0, 1, 2, 3, 4, 5, 6, 7, 8, 9, 10, 11, 12, 13, 14, 15, 16, 17, 18, 19, 20,
    21, 22, 23, 24, 25, 26, 27, 28, 29, 30, 31, 32, 33, 34, 35, 36, 37, 38,
    39, 40, 41, 42, 43, 44, 45, 46, 47, 48, 49, 50, 51, 52, 53, 54, 55, 56,
    57, 58, 59, 60, 61, 62, 63, 64, 65, 66, 67, 68, 69, 70, 71, 72, 73, 74,
    75, 76, 77, 78, 79, 80, 81, 82, 83, 84, 85, 86, 87, 88, 89, 90, 91, 92,
    93, 94, 95, 96, 97, 98, 99, 100, 101, 102, 103, 104, 105, 106, 107, 108,
    109, 110, 111, 112, 113, 114, 115, 116, 117, 118, 119, 120, 121, 122, 123,
    124, 125, 126, 127, 128, 129, 130, 131, 132, 133, 134, 135, 136, 137, 138,
    139, 140, 141, 142, 143, 144, 145, 146, 147, 148, 149, 150, 151, 152, 153,
    154, 155, 156, 157, 158, 159, 160, 161, 162, 163, 164, 165, 166, 167, 168,
    169, 170, 171, 172, 173, 174, 175, 176, 177, 178, 179, 180, 181, 182, 183,
    184, 185, 186, 187, 188, 189, 190, 191, 192, 193, 194, 195, 196, 197, 198,
    199, 200, 201, 202, 203, 204, 205, 206, 207, 208, 209, 210, 211, 212, 213,
    214, 215, 216, 217, 218, 219, 220, 221, 222, 223, 224, 225, 226, 227, 228,
    229, 230, 231, 232, 233, 234, 235, 236, 237, 238, 239, 240, 241, 242, 243,
    244, 245, 246, 247, 248, 249, 250, 251, 253, 254, 255, 256, 257, 258, 259,
    260, 261, 262, 263, 264, 265, 266, 267, 268, 269, 270, 271, 272, 273, 274,
    275, 276, 277, 278, 279, 280, 281, 282, 283, 284, 285, 286, 287, 288, 289,
    290, 291, 292, 293, 294, 295, 296, 297, 298, 299, 300, 301, 302, 303, 304,
    305, 306, 307, 308, 309, 310, 311, 312, 313, 314, 315, 316, 317, 318, 319,
    320, 321, 322, 323, 324, 325, 326, 327, 328, 329, 330, 331, 332, 333, 334,
    335, 336, 337, 338, 339, 340, 341, 342, 343, 344, 345, 346, 347, 348, 349,
    350, 351, 352, 353, 354, 355, 356, 357, 358, 359, 360, 361, 362, 363, 364,
    365, 366, 367, 368, 369, 370, 371, 372, 373, 374, 375, 376, 377, 378, 379,
    380, 381, 382, 383, 384, 385, 386, 387, 388, 389, 390, 391, 392, 393, 394,
    395, 396, 397, 398, 399, 400, 401, 402, 403, 404, 405, 406, 407, 408, 409,
    410, 411, 412, 413, 414, 415, 416, 417, 418, 419, 420, 421, 422, 423, 424,
    425, 426, 427, 428, 429, 430, 431, 432, 433, 434, 435, 436, 437, 438, 439,
    440, 441, 442, 443, 444, 445, 446, 447

 Data from log without imprecise labels

 IM without noise threshold:
token_fitness
{"perc_fit_traces": 100.0, "average_trace_fitness": 1.0, "log_fitness": 1.0, "percentage_of_fitting_traces": 100.0}
precision
0.9622478882951215
0.7714285714285715
generalization
0.9441490730883728

 Original Labels:
['B', 'C', 'D', 'E']

 Ground truth clustering clustering:
Clustering with 448 elements and 4 clusters
[0] 0, 4, 8, 12, 16, 20, 24, 28, 32, 36, 40, 44, 48, 52, 56, 60, 64, 68, 72,
    76, 80, 84, 88, 92, 96, 100, 104, 108, 112, 116, 120, 124, 128, 132, 136,
    140, 144, 148, 152, 156, 160, 164, 168, 172, 176, 180, 184, 188, 192, 196,
    200, 204, 208, 212, 216, 220, 224, 228, 232, 236, 240, 244, 248, 252, 256,
    260, 264, 268, 272, 276, 280, 284, 288, 292, 296, 300, 304, 308, 312, 316,
    320, 324, 328, 332, 336, 340, 344, 348, 352, 356, 360, 364, 368, 372, 376,
    380, 384, 388, 392, 396, 400, 404, 408, 412, 416, 420, 424, 428, 432, 436,
    440, 444
[1] 3, 6, 9, 14, 18, 21, 27, 30, 34, 38, 42, 47, 51, 53, 57, 62, 67, 71, 73,
    78, 82, 86, 90, 95, 98, 102, 105, 110, 115, 119, 123, 125, 130, 134, 137,
    143, 147, 149, 155, 157, 163, 166, 170, 173, 178, 181, 187, 191, 195, 197,
    202, 206, 210, 215, 218, 223, 227, 229, 234, 238, 243, 247, 250, 254, 259,
    262, 265, 269, 275, 279, 281, 286, 290, 295, 298, 302, 307, 310, 314, 318,
    321, 326, 330, 335, 339, 343, 347, 350, 353, 359, 363, 366, 370, 374, 379,
    383, 387, 390, 395, 397, 401, 407, 410, 414, 419, 421, 425, 431, 434, 438,
    441, 447
[2] 1, 7, 10, 13, 17, 23, 25, 29, 35, 37, 41, 46, 50, 55, 58, 61, 66, 69, 74,
    79, 81, 85, 91, 93, 99, 103, 106, 109, 114, 118, 121, 126, 129, 133, 139,
    142, 146, 151, 154, 158, 161, 165, 171, 174, 177, 182, 186, 189, 194, 199,
    203, 207, 211, 214, 217, 221, 225, 230, 235, 239, 242, 246, 251, 253, 258,
    261, 266, 270, 274, 277, 282, 285, 289, 293, 299, 301, 306, 309, 313, 317,
    323, 327, 329, 333, 337, 342, 346, 351, 354, 357, 361, 367, 369, 373, 377,
    381, 385, 389, 394, 399, 403, 406, 411, 413, 418, 423, 427, 430, 435, 437,
    443, 445
[3] 2, 5, 11, 15, 19, 22, 26, 31, 33, 39, 43, 45, 49, 54, 59, 63, 65, 70, 75,
    77, 83, 87, 89, 94, 97, 101, 107, 111, 113, 117, 122, 127, 131, 135, 138,
    141, 145, 150, 153, 159, 162, 167, 169, 175, 179, 183, 185, 190, 193, 198,
    201, 205, 209, 213, 219, 222, 226, 231, 233, 237, 241, 245, 249, 255, 257,
    263, 267, 271, 273, 278, 283, 287, 291, 294, 297, 303, 305, 311, 315, 319,
    322, 325, 331, 334, 338, 341, 345, 349, 355, 358, 362, 365, 371, 375, 378,
    382, 386, 391, 393, 398, 402, 405, 409, 415, 417, 422, 426, 429, 433, 439,
    442, 446

 Xixi Adjusted Rand Index:
-1.481421807455692e-16




----------------------------------------------------------------------------------------------
Output from 2025-07-08 17:56:37.926005
----------------------------------------------------------------------------------------------


                

Parameters of this run:

Window size: 1
Threshold for edges: 0
Split candidates: D
Max number of traces: 5000000
Method for distance calculation: Distance.EDIT_DISTANCE
Method for finding clusters: ClusteringMethod.COMMUNITY_DETECTION
Original log location: ./data/noImprInLoop_default_OD\feb16-1625\logs\A_1_LogD_Sequence_feb16-1625.xes.gz
Use frequency: True

Found communities: 

Clustering with 448 elements and 3 clusters
[0] 1, 2, 3, 5, 6, 7, 9, 10, 11, 14, 15, 18, 19, 22, 23, 26, 27, 29, 30, 31,
    34, 35, 38, 39, 41, 42, 43, 46, 47, 49, 50, 51, 54, 55, 57, 58, 59, 62,
    63, 66, 67, 69, 70, 71, 73, 74, 75, 77, 78, 79, 81, 82, 83, 85, 86, 87,
    90, 91, 94, 95, 97, 98, 99, 102, 103, 106, 107, 109, 110, 111, 113, 114,
    115, 118, 119, 122, 123, 126, 127, 129, 130, 131, 133, 134, 135, 137, 138,
    139, 141, 142, 143, 145, 146, 147, 149, 150, 151, 154, 155, 157, 158, 159,
    162, 163, 165, 166, 167, 170, 171, 174, 175, 178, 179, 182, 183, 186, 187,
    189, 190, 191, 194, 195, 198, 199, 201, 202, 203, 206, 207, 209, 210, 211,
    214, 215, 218, 219, 221, 222, 223, 225, 226, 227, 230, 231, 233, 234, 235,
    238, 239, 241, 242, 243, 246, 247, 250, 251, 254, 255, 257, 258, 259, 262,
    263, 266, 267, 270, 271, 273, 274, 275, 277, 278, 279, 281, 282, 283, 285,
    286, 287, 289, 290, 291, 293, 294, 295, 297, 298, 299, 302, 303, 306, 307,
    309, 310, 311, 314, 315, 317, 318, 319, 321, 322, 323, 326, 327, 330, 331,
    333, 334, 335, 338, 339, 341, 342, 343, 345, 346, 347, 350, 351, 353, 354,
    355, 358, 359, 362, 363, 365, 366, 367, 370, 371, 373, 374, 375, 378, 379,
    381, 382, 383, 386, 387, 389, 390, 391, 394, 395, 397, 398, 399, 402, 403,
    406, 407, 410, 411, 413, 414, 415, 418, 419, 421, 422, 423, 425, 426, 427,
    429, 430, 431, 433, 434, 435, 438, 439, 441, 442, 443, 445, 446, 447
[1] 0, 4, 8, 13, 17, 21, 25, 28, 33, 37, 40, 45, 48, 53, 56, 61, 65, 68, 72,
    76, 80, 84, 89, 93, 96, 101, 105, 108, 112, 117, 121, 125, 128, 132, 136,
    140, 144, 148, 153, 156, 161, 164, 169, 173, 177, 181, 185, 188, 193, 197,
    200, 205, 208, 213, 217, 220, 224, 229, 232, 237, 240, 245, 249, 253, 256,
    261, 265, 269, 272, 276, 280, 284, 288, 292, 296, 301, 305, 308, 313, 316,
    320, 325, 329, 332, 337, 340, 344, 349, 352, 357, 361, 364, 369, 372, 377,
    380, 385, 388, 393, 396, 401, 405, 409, 412, 417, 420, 424, 428, 432, 437,
    440, 444
[2] 12, 16, 20, 24, 32, 36, 44, 52, 60, 64, 88, 92, 100, 104, 116, 120, 124,
    152, 160, 168, 172, 176, 180, 184, 192, 196, 204, 212, 216, 228, 236, 244,
    248, 252, 260, 264, 268, 300, 304, 312, 324, 328, 336, 348, 356, 360, 368,
    376, 384, 392, 400, 404, 408, 416, 436

Reassigned labels

Runtime: 0.16899681091308594

Performance split_log:

IM without threshold:
Map:
{"D_0": "D", "D_1": "D", "D_2": "D"}
token_fitness
{"perc_fit_traces": 100.0, "average_trace_fitness": 1.0, "log_fitness": 1.0, "percentage_of_fitting_traces": 100.0}
precision
0.7439695302581464
0.7627118644067797
generalization
0.9421714501515178
token_fitness
{"perc_fit_traces": 0.0, "average_trace_fitness": 0.9366381450702758, "log_fitness": 0.941290694917919, "percentage_of_fitting_traces": 0.0}
precision
0.8461775111521305
0.7704918032786884
generalization
0.9002271479630739

Adjusted Rand Index:
0.20504476060552415



Parameters of this run:

Window size: 1
Threshold for edges: 0.25
Split candidates: D
Max number of traces: 5000000
Method for distance calculation: Distance.EDIT_DISTANCE
Method for finding clusters: ClusteringMethod.COMMUNITY_DETECTION
Original log location: ./data/noImprInLoop_default_OD\feb16-1625\logs\A_1_LogD_Sequence_feb16-1625.xes.gz
Use frequency: True

Found communities: 

Clustering with 448 elements and 3 clusters
[0] 1, 2, 3, 5, 6, 7, 9, 10, 11, 14, 15, 18, 19, 22, 23, 26, 27, 29, 30, 31,
    34, 35, 38, 39, 41, 42, 43, 46, 47, 49, 50, 51, 54, 55, 57, 58, 59, 62,
    63, 66, 67, 69, 70, 71, 73, 74, 75, 77, 78, 79, 81, 82, 83, 85, 86, 87,
    90, 91, 94, 95, 97, 98, 99, 102, 103, 106, 107, 109, 110, 111, 113, 114,
    115, 118, 119, 122, 123, 126, 127, 129, 130, 131, 133, 134, 135, 137, 138,
    139, 141, 142, 143, 145, 146, 147, 149, 150, 151, 154, 155, 157, 158, 159,
    162, 163, 165, 166, 167, 170, 171, 174, 175, 178, 179, 182, 183, 186, 187,
    189, 190, 191, 194, 195, 198, 199, 201, 202, 203, 206, 207, 209, 210, 211,
    214, 215, 218, 219, 221, 222, 223, 225, 226, 227, 230, 231, 233, 234, 235,
    238, 239, 241, 242, 243, 246, 247, 250, 251, 254, 255, 257, 258, 259, 262,
    263, 266, 267, 270, 271, 273, 274, 275, 277, 278, 279, 281, 282, 283, 285,
    286, 287, 289, 290, 291, 293, 294, 295, 297, 298, 299, 302, 303, 306, 307,
    309, 310, 311, 314, 315, 317, 318, 319, 321, 322, 323, 326, 327, 330, 331,
    333, 334, 335, 338, 339, 341, 342, 343, 345, 346, 347, 350, 351, 353, 354,
    355, 358, 359, 362, 363, 365, 366, 367, 370, 371, 373, 374, 375, 378, 379,
    381, 382, 383, 386, 387, 389, 390, 391, 394, 395, 397, 398, 399, 402, 403,
    406, 407, 410, 411, 413, 414, 415, 418, 419, 421, 422, 423, 425, 426, 427,
    429, 430, 431, 433, 434, 435, 438, 439, 441, 442, 443, 445, 446, 447
[1] 0, 4, 8, 13, 17, 21, 25, 28, 33, 37, 40, 45, 48, 53, 56, 61, 65, 68, 72,
    76, 80, 84, 89, 93, 96, 101, 105, 108, 112, 117, 121, 125, 128, 132, 136,
    140, 144, 148, 153, 156, 161, 164, 169, 173, 177, 181, 185, 188, 193, 197,
    200, 205, 208, 213, 217, 220, 224, 229, 232, 237, 240, 245, 249, 253, 256,
    261, 265, 269, 272, 276, 280, 284, 288, 292, 296, 301, 305, 308, 313, 316,
    320, 325, 329, 332, 337, 340, 344, 349, 352, 357, 361, 364, 369, 372, 377,
    380, 385, 388, 393, 396, 401, 405, 409, 412, 417, 420, 424, 428, 432, 437,
    440, 444
[2] 12, 16, 20, 24, 32, 36, 44, 52, 60, 64, 88, 92, 100, 104, 116, 120, 124,
    152, 160, 168, 172, 176, 180, 184, 192, 196, 204, 212, 216, 228, 236, 244,
    248, 252, 260, 264, 268, 300, 304, 312, 324, 328, 336, 348, 356, 360, 368,
    376, 384, 392, 400, 404, 408, 416, 436

Reassigned labels

Runtime: 0.15999555587768555

Performance split_log:

IM without threshold:
Map:
{"D_0": "D", "D_1": "D", "D_2": "D"}
token_fitness
{"perc_fit_traces": 0.0, "average_trace_fitness": 0.908610156675509, "log_fitness": 0.9175104556460488, "percentage_of_fitting_traces": 0.0}
precision
0.8461775111521305
0.7704918032786884
generalization
0.9026287960723948

Adjusted Rand Index:
0.20504476060552415



Parameters of this run:

Window size: 1
Threshold for edges: 0.5
Split candidates: D
Max number of traces: 5000000
Method for distance calculation: Distance.EDIT_DISTANCE
Method for finding clusters: ClusteringMethod.COMMUNITY_DETECTION
Original log location: ./data/noImprInLoop_default_OD\feb16-1625\logs\A_1_LogD_Sequence_feb16-1625.xes.gz
Use frequency: True

Found communities: 

Clustering with 448 elements and 3 clusters
[0] 1, 2, 3, 5, 6, 7, 9, 10, 11, 14, 15, 18, 19, 22, 23, 26, 27, 29, 30, 31,
    34, 35, 38, 39, 41, 42, 43, 46, 47, 49, 50, 51, 54, 55, 57, 58, 59, 62,
    63, 66, 67, 69, 70, 71, 73, 74, 75, 77, 78, 79, 81, 82, 83, 85, 86, 87,
    90, 91, 94, 95, 97, 98, 99, 102, 103, 106, 107, 109, 110, 111, 113, 114,
    115, 118, 119, 122, 123, 126, 127, 129, 130, 131, 133, 134, 135, 137, 138,
    139, 141, 142, 143, 145, 146, 147, 149, 150, 151, 154, 155, 157, 158, 159,
    162, 163, 165, 166, 167, 170, 171, 174, 175, 178, 179, 182, 183, 186, 187,
    189, 190, 191, 194, 195, 198, 199, 201, 202, 203, 206, 207, 209, 210, 211,
    214, 215, 218, 219, 221, 222, 223, 225, 226, 227, 230, 231, 233, 234, 235,
    238, 239, 241, 242, 243, 246, 247, 250, 251, 254, 255, 257, 258, 259, 262,
    263, 266, 267, 270, 271, 273, 274, 275, 277, 278, 279, 281, 282, 283, 285,
    286, 287, 289, 290, 291, 293, 294, 295, 297, 298, 299, 302, 303, 306, 307,
    309, 310, 311, 314, 315, 317, 318, 319, 321, 322, 323, 326, 327, 330, 331,
    333, 334, 335, 338, 339, 341, 342, 343, 345, 346, 347, 350, 351, 353, 354,
    355, 358, 359, 362, 363, 365, 366, 367, 370, 371, 373, 374, 375, 378, 379,
    381, 382, 383, 386, 387, 389, 390, 391, 394, 395, 397, 398, 399, 402, 403,
    406, 407, 410, 411, 413, 414, 415, 418, 419, 421, 422, 423, 425, 426, 427,
    429, 430, 431, 433, 434, 435, 438, 439, 441, 442, 443, 445, 446, 447
[1] 0, 4, 8, 13, 17, 21, 25, 28, 33, 37, 40, 45, 48, 53, 56, 61, 65, 68, 72,
    76, 80, 84, 89, 93, 96, 101, 105, 108, 112, 117, 121, 125, 128, 132, 136,
    140, 144, 148, 153, 156, 161, 164, 169, 173, 177, 181, 185, 188, 193, 197,
    200, 205, 208, 213, 217, 220, 224, 229, 232, 237, 240, 245, 249, 253, 256,
    261, 265, 269, 272, 276, 280, 284, 288, 292, 296, 301, 305, 308, 313, 316,
    320, 325, 329, 332, 337, 340, 344, 349, 352, 357, 361, 364, 369, 372, 377,
    380, 385, 388, 393, 396, 401, 405, 409, 412, 417, 420, 424, 428, 432, 437,
    440, 444
[2] 12, 16, 20, 24, 32, 36, 44, 52, 60, 64, 88, 92, 100, 104, 116, 120, 124,
    152, 160, 168, 172, 176, 180, 184, 192, 196, 204, 212, 216, 228, 236, 244,
    248, 252, 260, 264, 268, 300, 304, 312, 324, 328, 336, 348, 356, 360, 368,
    376, 384, 392, 400, 404, 408, 416, 436

Reassigned labels

Runtime: 0.16599631309509277

Performance split_log:

IM without threshold:
Map:
{"D_0": "D", "D_1": "D", "D_2": "D"}
token_fitness
{"perc_fit_traces": 0.0, "average_trace_fitness": 0.9366381450702758, "log_fitness": 0.941290694917919, "percentage_of_fitting_traces": 0.0}
precision
0.8461775111521305
0.7704918032786884
generalization
0.9002271479630739

Adjusted Rand Index:
0.20504476060552415



Parameters of this run:

Window size: 1
Threshold for edges: 0.75
Split candidates: D
Max number of traces: 5000000
Method for distance calculation: Distance.EDIT_DISTANCE
Method for finding clusters: ClusteringMethod.COMMUNITY_DETECTION
Original log location: ./data/noImprInLoop_default_OD\feb16-1625\logs\A_1_LogD_Sequence_feb16-1625.xes.gz
Use frequency: True

Found communities: 

Clustering with 448 elements and 3 clusters
[0] 1, 2, 3, 5, 6, 7, 9, 10, 11, 14, 15, 18, 19, 22, 23, 26, 27, 29, 30, 31,
    34, 35, 38, 39, 41, 42, 43, 46, 47, 49, 50, 51, 54, 55, 57, 58, 59, 62,
    63, 66, 67, 69, 70, 71, 73, 74, 75, 77, 78, 79, 81, 82, 83, 85, 86, 87,
    90, 91, 94, 95, 97, 98, 99, 102, 103, 106, 107, 109, 110, 111, 113, 114,
    115, 118, 119, 122, 123, 126, 127, 129, 130, 131, 133, 134, 135, 137, 138,
    139, 141, 142, 143, 145, 146, 147, 149, 150, 151, 154, 155, 157, 158, 159,
    162, 163, 165, 166, 167, 170, 171, 174, 175, 178, 179, 182, 183, 186, 187,
    189, 190, 191, 194, 195, 198, 199, 201, 202, 203, 206, 207, 209, 210, 211,
    214, 215, 218, 219, 221, 222, 223, 225, 226, 227, 230, 231, 233, 234, 235,
    238, 239, 241, 242, 243, 246, 247, 250, 251, 254, 255, 257, 258, 259, 262,
    263, 266, 267, 270, 271, 273, 274, 275, 277, 278, 279, 281, 282, 283, 285,
    286, 287, 289, 290, 291, 293, 294, 295, 297, 298, 299, 302, 303, 306, 307,
    309, 310, 311, 314, 315, 317, 318, 319, 321, 322, 323, 326, 327, 330, 331,
    333, 334, 335, 338, 339, 341, 342, 343, 345, 346, 347, 350, 351, 353, 354,
    355, 358, 359, 362, 363, 365, 366, 367, 370, 371, 373, 374, 375, 378, 379,
    381, 382, 383, 386, 387, 389, 390, 391, 394, 395, 397, 398, 399, 402, 403,
    406, 407, 410, 411, 413, 414, 415, 418, 419, 421, 422, 423, 425, 426, 427,
    429, 430, 431, 433, 434, 435, 438, 439, 441, 442, 443, 445, 446, 447
[1] 0, 4, 8, 13, 17, 21, 25, 28, 33, 37, 40, 45, 48, 53, 56, 61, 65, 68, 72,
    76, 80, 84, 89, 93, 96, 101, 105, 108, 112, 117, 121, 125, 128, 132, 136,
    140, 144, 148, 153, 156, 161, 164, 169, 173, 177, 181, 185, 188, 193, 197,
    200, 205, 208, 213, 217, 220, 224, 229, 232, 237, 240, 245, 249, 253, 256,
    261, 265, 269, 272, 276, 280, 284, 288, 292, 296, 301, 305, 308, 313, 316,
    320, 325, 329, 332, 337, 340, 344, 349, 352, 357, 361, 364, 369, 372, 377,
    380, 385, 388, 393, 396, 401, 405, 409, 412, 417, 420, 424, 428, 432, 437,
    440, 444
[2] 12, 16, 20, 24, 32, 36, 44, 52, 60, 64, 88, 92, 100, 104, 116, 120, 124,
    152, 160, 168, 172, 176, 180, 184, 192, 196, 204, 212, 216, 228, 236, 244,
    248, 252, 260, 264, 268, 300, 304, 312, 324, 328, 336, 348, 356, 360, 368,
    376, 384, 392, 400, 404, 408, 416, 436

Reassigned labels

Runtime: 0.15037107467651367

Performance split_log:

IM without threshold:
Map:
{"D_0": "D", "D_1": "D", "D_2": "D"}
token_fitness
{"perc_fit_traces": 0.0, "average_trace_fitness": 0.9366381450702758, "log_fitness": 0.941290694917919, "percentage_of_fitting_traces": 0.0}
precision
0.8461775111521305
0.7704918032786884
generalization
0.9002271479630739

Adjusted Rand Index:
0.20504476060552415



Parameters of this run:

Window size: 1
Threshold for edges: 1
Split candidates: D
Max number of traces: 5000000
Method for distance calculation: Distance.EDIT_DISTANCE
Method for finding clusters: ClusteringMethod.COMMUNITY_DETECTION
Original log location: ./data/noImprInLoop_default_OD\feb16-1625\logs\A_1_LogD_Sequence_feb16-1625.xes.gz
Use frequency: True

Found communities: 

Clustering with 448 elements and 3 clusters
[0] 1, 2, 3, 5, 6, 7, 9, 10, 11, 14, 15, 18, 19, 22, 23, 26, 27, 29, 30, 31,
    34, 35, 38, 39, 41, 42, 43, 46, 47, 49, 50, 51, 54, 55, 57, 58, 59, 62,
    63, 66, 67, 69, 70, 71, 73, 74, 75, 77, 78, 79, 81, 82, 83, 85, 86, 87,
    90, 91, 94, 95, 97, 98, 99, 102, 103, 106, 107, 109, 110, 111, 113, 114,
    115, 118, 119, 122, 123, 126, 127, 129, 130, 131, 133, 134, 135, 137, 138,
    139, 141, 142, 143, 145, 146, 147, 149, 150, 151, 154, 155, 157, 158, 159,
    162, 163, 165, 166, 167, 170, 171, 174, 175, 178, 179, 182, 183, 186, 187,
    189, 190, 191, 194, 195, 198, 199, 201, 202, 203, 206, 207, 209, 210, 211,
    214, 215, 218, 219, 221, 222, 223, 225, 226, 227, 230, 231, 233, 234, 235,
    238, 239, 241, 242, 243, 246, 247, 250, 251, 254, 255, 257, 258, 259, 262,
    263, 266, 267, 270, 271, 273, 274, 275, 277, 278, 279, 281, 282, 283, 285,
    286, 287, 289, 290, 291, 293, 294, 295, 297, 298, 299, 302, 303, 306, 307,
    309, 310, 311, 314, 315, 317, 318, 319, 321, 322, 323, 326, 327, 330, 331,
    333, 334, 335, 338, 339, 341, 342, 343, 345, 346, 347, 350, 351, 353, 354,
    355, 358, 359, 362, 363, 365, 366, 367, 370, 371, 373, 374, 375, 378, 379,
    381, 382, 383, 386, 387, 389, 390, 391, 394, 395, 397, 398, 399, 402, 403,
    406, 407, 410, 411, 413, 414, 415, 418, 419, 421, 422, 423, 425, 426, 427,
    429, 430, 431, 433, 434, 435, 438, 439, 441, 442, 443, 445, 446, 447
[1] 0, 4, 8, 13, 17, 21, 25, 28, 33, 37, 40, 45, 48, 53, 56, 61, 65, 68, 72,
    76, 80, 84, 89, 93, 96, 101, 105, 108, 112, 117, 121, 125, 128, 132, 136,
    140, 144, 148, 153, 156, 161, 164, 169, 173, 177, 181, 185, 188, 193, 197,
    200, 205, 208, 213, 217, 220, 224, 229, 232, 237, 240, 245, 249, 253, 256,
    261, 265, 269, 272, 276, 280, 284, 288, 292, 296, 301, 305, 308, 313, 316,
    320, 325, 329, 332, 337, 340, 344, 349, 352, 357, 361, 364, 369, 372, 377,
    380, 385, 388, 393, 396, 401, 405, 409, 412, 417, 420, 424, 428, 432, 437,
    440, 444
[2] 12, 16, 20, 24, 32, 36, 44, 52, 60, 64, 88, 92, 100, 104, 116, 120, 124,
    152, 160, 168, 172, 176, 180, 184, 192, 196, 204, 212, 216, 228, 236, 244,
    248, 252, 260, 264, 268, 300, 304, 312, 324, 328, 336, 348, 356, 360, 368,
    376, 384, 392, 400, 404, 408, 416, 436

Reassigned labels

Runtime: 0.15199637413024902

Performance split_log:

IM without threshold:
Map:
{"D_0": "D", "D_1": "D", "D_2": "D"}
token_fitness
{"perc_fit_traces": 0.0, "average_trace_fitness": 0.9366381450702758, "log_fitness": 0.941290694917919, "percentage_of_fitting_traces": 0.0}
precision
0.8461775111521305
0.7704918032786884
generalization
0.9002271479630739

Adjusted Rand Index:
0.20504476060552415



Parameters of this run:

Window size: 1
Threshold for edges: 0
Split candidates: D
Max number of traces: 5000000
Method for distance calculation: Distance.SET_DISTANCE
Method for finding clusters: ClusteringMethod.COMMUNITY_DETECTION
Original log location: ./data/noImprInLoop_default_OD\feb16-1625\logs\A_1_LogD_Sequence_feb16-1625.xes.gz
Use frequency: True

Found communities: 

Clustering with 448 elements and 3 clusters
[0] 1, 2, 3, 5, 6, 7, 9, 10, 11, 14, 15, 18, 19, 22, 23, 26, 27, 29, 30, 31,
    34, 35, 38, 39, 41, 42, 43, 46, 47, 49, 50, 51, 54, 55, 57, 58, 59, 62,
    63, 66, 67, 69, 70, 71, 73, 74, 75, 77, 78, 79, 81, 82, 83, 85, 86, 87,
    90, 91, 94, 95, 97, 98, 99, 102, 103, 106, 107, 109, 110, 111, 113, 114,
    115, 118, 119, 122, 123, 126, 127, 129, 130, 131, 133, 134, 135, 137, 138,
    139, 141, 142, 143, 145, 146, 147, 149, 150, 151, 154, 155, 157, 158, 159,
    162, 163, 165, 166, 167, 170, 171, 174, 175, 178, 179, 182, 183, 186, 187,
    189, 190, 191, 194, 195, 198, 199, 201, 202, 203, 206, 207, 209, 210, 211,
    214, 215, 218, 219, 221, 222, 223, 225, 226, 227, 230, 231, 233, 234, 235,
    238, 239, 241, 242, 243, 246, 247, 250, 251, 254, 255, 257, 258, 259, 262,
    263, 266, 267, 270, 271, 273, 274, 275, 277, 278, 279, 281, 282, 283, 285,
    286, 287, 289, 290, 291, 293, 294, 295, 297, 298, 299, 302, 303, 306, 307,
    309, 310, 311, 314, 315, 317, 318, 319, 321, 322, 323, 326, 327, 330, 331,
    333, 334, 335, 338, 339, 341, 342, 343, 345, 346, 347, 350, 351, 353, 354,
    355, 358, 359, 362, 363, 365, 366, 367, 370, 371, 373, 374, 375, 378, 379,
    381, 382, 383, 386, 387, 389, 390, 391, 394, 395, 397, 398, 399, 402, 403,
    406, 407, 410, 411, 413, 414, 415, 418, 419, 421, 422, 423, 425, 426, 427,
    429, 430, 431, 433, 434, 435, 438, 439, 441, 442, 443, 445, 446, 447
[1] 0, 4, 8, 13, 17, 21, 25, 28, 33, 37, 40, 45, 48, 53, 56, 61, 65, 68, 72,
    76, 80, 84, 89, 93, 96, 101, 105, 108, 112, 117, 121, 125, 128, 132, 136,
    140, 144, 148, 153, 156, 161, 164, 169, 173, 177, 181, 185, 188, 193, 197,
    200, 205, 208, 213, 217, 220, 224, 229, 232, 237, 240, 245, 249, 253, 256,
    261, 265, 269, 272, 276, 280, 284, 288, 292, 296, 301, 305, 308, 313, 316,
    320, 325, 329, 332, 337, 340, 344, 349, 352, 357, 361, 364, 369, 372, 377,
    380, 385, 388, 393, 396, 401, 405, 409, 412, 417, 420, 424, 428, 432, 437,
    440, 444
[2] 12, 16, 20, 24, 32, 36, 44, 52, 60, 64, 88, 92, 100, 104, 116, 120, 124,
    152, 160, 168, 172, 176, 180, 184, 192, 196, 204, 212, 216, 228, 236, 244,
    248, 252, 260, 264, 268, 300, 304, 312, 324, 328, 336, 348, 356, 360, 368,
    376, 384, 392, 400, 404, 408, 416, 436

Reassigned labels

Runtime: 0.16508245468139648

Performance split_log:

IM without threshold:
Map:
{"D_0": "D", "D_1": "D", "D_2": "D"}
token_fitness
{"perc_fit_traces": 0.0, "average_trace_fitness": 0.9366381450702758, "log_fitness": 0.941290694917919, "percentage_of_fitting_traces": 0.0}
precision
0.8461775111521305
0.7704918032786884
generalization
0.9002271479630739

Adjusted Rand Index:
0.20504476060552415



Parameters of this run:

Window size: 1
Threshold for edges: 0.25
Split candidates: D
Max number of traces: 5000000
Method for distance calculation: Distance.SET_DISTANCE
Method for finding clusters: ClusteringMethod.COMMUNITY_DETECTION
Original log location: ./data/noImprInLoop_default_OD\feb16-1625\logs\A_1_LogD_Sequence_feb16-1625.xes.gz
Use frequency: True

Found communities: 

Clustering with 448 elements and 3 clusters
[0] 1, 2, 3, 5, 6, 7, 9, 10, 11, 14, 15, 18, 19, 22, 23, 26, 27, 29, 30, 31,
    34, 35, 38, 39, 41, 42, 43, 46, 47, 49, 50, 51, 54, 55, 57, 58, 59, 62,
    63, 66, 67, 69, 70, 71, 73, 74, 75, 77, 78, 79, 81, 82, 83, 85, 86, 87,
    90, 91, 94, 95, 97, 98, 99, 102, 103, 106, 107, 109, 110, 111, 113, 114,
    115, 118, 119, 122, 123, 126, 127, 129, 130, 131, 133, 134, 135, 137, 138,
    139, 141, 142, 143, 145, 146, 147, 149, 150, 151, 154, 155, 157, 158, 159,
    162, 163, 165, 166, 167, 170, 171, 174, 175, 178, 179, 182, 183, 186, 187,
    189, 190, 191, 194, 195, 198, 199, 201, 202, 203, 206, 207, 209, 210, 211,
    214, 215, 218, 219, 221, 222, 223, 225, 226, 227, 230, 231, 233, 234, 235,
    238, 239, 241, 242, 243, 246, 247, 250, 251, 254, 255, 257, 258, 259, 262,
    263, 266, 267, 270, 271, 273, 274, 275, 277, 278, 279, 281, 282, 283, 285,
    286, 287, 289, 290, 291, 293, 294, 295, 297, 298, 299, 302, 303, 306, 307,
    309, 310, 311, 314, 315, 317, 318, 319, 321, 322, 323, 326, 327, 330, 331,
    333, 334, 335, 338, 339, 341, 342, 343, 345, 346, 347, 350, 351, 353, 354,
    355, 358, 359, 362, 363, 365, 366, 367, 370, 371, 373, 374, 375, 378, 379,
    381, 382, 383, 386, 387, 389, 390, 391, 394, 395, 397, 398, 399, 402, 403,
    406, 407, 410, 411, 413, 414, 415, 418, 419, 421, 422, 423, 425, 426, 427,
    429, 430, 431, 433, 434, 435, 438, 439, 441, 442, 443, 445, 446, 447
[1] 0, 4, 8, 13, 17, 21, 25, 28, 33, 37, 40, 45, 48, 53, 56, 61, 65, 68, 72,
    76, 80, 84, 89, 93, 96, 101, 105, 108, 112, 117, 121, 125, 128, 132, 136,
    140, 144, 148, 153, 156, 161, 164, 169, 173, 177, 181, 185, 188, 193, 197,
    200, 205, 208, 213, 217, 220, 224, 229, 232, 237, 240, 245, 249, 253, 256,
    261, 265, 269, 272, 276, 280, 284, 288, 292, 296, 301, 305, 308, 313, 316,
    320, 325, 329, 332, 337, 340, 344, 349, 352, 357, 361, 364, 369, 372, 377,
    380, 385, 388, 393, 396, 401, 405, 409, 412, 417, 420, 424, 428, 432, 437,
    440, 444
[2] 12, 16, 20, 24, 32, 36, 44, 52, 60, 64, 88, 92, 100, 104, 116, 120, 124,
    152, 160, 168, 172, 176, 180, 184, 192, 196, 204, 212, 216, 228, 236, 244,
    248, 252, 260, 264, 268, 300, 304, 312, 324, 328, 336, 348, 356, 360, 368,
    376, 384, 392, 400, 404, 408, 416, 436

Reassigned labels

Runtime: 0.1679980754852295

Performance split_log:

IM without threshold:
Map:
{"D_0": "D", "D_1": "D", "D_2": "D"}
token_fitness
{"perc_fit_traces": 0.0, "average_trace_fitness": 0.9366381450702758, "log_fitness": 0.941290694917919, "percentage_of_fitting_traces": 0.0}
precision
0.8461775111521305
0.7704918032786884
generalization
0.9002271479630739

Adjusted Rand Index:
0.20504476060552415



Parameters of this run:

Window size: 1
Threshold for edges: 0.5
Split candidates: D
Max number of traces: 5000000
Method for distance calculation: Distance.SET_DISTANCE
Method for finding clusters: ClusteringMethod.COMMUNITY_DETECTION
Original log location: ./data/noImprInLoop_default_OD\feb16-1625\logs\A_1_LogD_Sequence_feb16-1625.xes.gz
Use frequency: True

Found communities: 

Clustering with 448 elements and 3 clusters
[0] 1, 2, 3, 5, 6, 7, 9, 10, 11, 14, 15, 18, 19, 22, 23, 26, 27, 29, 30, 31,
    34, 35, 38, 39, 41, 42, 43, 46, 47, 49, 50, 51, 54, 55, 57, 58, 59, 62,
    63, 66, 67, 69, 70, 71, 73, 74, 75, 77, 78, 79, 81, 82, 83, 85, 86, 87,
    90, 91, 94, 95, 97, 98, 99, 102, 103, 106, 107, 109, 110, 111, 113, 114,
    115, 118, 119, 122, 123, 126, 127, 129, 130, 131, 133, 134, 135, 137, 138,
    139, 141, 142, 143, 145, 146, 147, 149, 150, 151, 154, 155, 157, 158, 159,
    162, 163, 165, 166, 167, 170, 171, 174, 175, 178, 179, 182, 183, 186, 187,
    189, 190, 191, 194, 195, 198, 199, 201, 202, 203, 206, 207, 209, 210, 211,
    214, 215, 218, 219, 221, 222, 223, 225, 226, 227, 230, 231, 233, 234, 235,
    238, 239, 241, 242, 243, 246, 247, 250, 251, 254, 255, 257, 258, 259, 262,
    263, 266, 267, 270, 271, 273, 274, 275, 277, 278, 279, 281, 282, 283, 285,
    286, 287, 289, 290, 291, 293, 294, 295, 297, 298, 299, 302, 303, 306, 307,
    309, 310, 311, 314, 315, 317, 318, 319, 321, 322, 323, 326, 327, 330, 331,
    333, 334, 335, 338, 339, 341, 342, 343, 345, 346, 347, 350, 351, 353, 354,
    355, 358, 359, 362, 363, 365, 366, 367, 370, 371, 373, 374, 375, 378, 379,
    381, 382, 383, 386, 387, 389, 390, 391, 394, 395, 397, 398, 399, 402, 403,
    406, 407, 410, 411, 413, 414, 415, 418, 419, 421, 422, 423, 425, 426, 427,
    429, 430, 431, 433, 434, 435, 438, 439, 441, 442, 443, 445, 446, 447
[1] 0, 4, 8, 13, 17, 21, 25, 28, 33, 37, 40, 45, 48, 53, 56, 61, 65, 68, 72,
    76, 80, 84, 89, 93, 96, 101, 105, 108, 112, 117, 121, 125, 128, 132, 136,
    140, 144, 148, 153, 156, 161, 164, 169, 173, 177, 181, 185, 188, 193, 197,
    200, 205, 208, 213, 217, 220, 224, 229, 232, 237, 240, 245, 249, 253, 256,
    261, 265, 269, 272, 276, 280, 284, 288, 292, 296, 301, 305, 308, 313, 316,
    320, 325, 329, 332, 337, 340, 344, 349, 352, 357, 361, 364, 369, 372, 377,
    380, 385, 388, 393, 396, 401, 405, 409, 412, 417, 420, 424, 428, 432, 437,
    440, 444
[2] 12, 16, 20, 24, 32, 36, 44, 52, 60, 64, 88, 92, 100, 104, 116, 120, 124,
    152, 160, 168, 172, 176, 180, 184, 192, 196, 204, 212, 216, 228, 236, 244,
    248, 252, 260, 264, 268, 300, 304, 312, 324, 328, 336, 348, 356, 360, 368,
    376, 384, 392, 400, 404, 408, 416, 436

Reassigned labels

Runtime: 0.16833186149597168

Performance split_log:

IM without threshold:
Map:
{"D_0": "D", "D_1": "D", "D_2": "D"}
token_fitness
{"perc_fit_traces": 0.0, "average_trace_fitness": 0.908610156675509, "log_fitness": 0.9175104556460488, "percentage_of_fitting_traces": 0.0}
precision
0.8461775111521305
0.7704918032786884
generalization
0.9026287960723948

Adjusted Rand Index:
0.20504476060552415



Parameters of this run:

Window size: 1
Threshold for edges: 0.75
Split candidates: D
Max number of traces: 5000000
Method for distance calculation: Distance.SET_DISTANCE
Method for finding clusters: ClusteringMethod.COMMUNITY_DETECTION
Original log location: ./data/noImprInLoop_default_OD\feb16-1625\logs\A_1_LogD_Sequence_feb16-1625.xes.gz
Use frequency: True

Found communities: 

Clustering with 448 elements and 3 clusters
[0] 1, 2, 3, 5, 6, 7, 9, 10, 11, 14, 15, 18, 19, 22, 23, 26, 27, 29, 30, 31,
    34, 35, 38, 39, 41, 42, 43, 46, 47, 49, 50, 51, 54, 55, 57, 58, 59, 62,
    63, 66, 67, 69, 70, 71, 73, 74, 75, 77, 78, 79, 81, 82, 83, 85, 86, 87,
    90, 91, 94, 95, 97, 98, 99, 102, 103, 106, 107, 109, 110, 111, 113, 114,
    115, 118, 119, 122, 123, 126, 127, 129, 130, 131, 133, 134, 135, 137, 138,
    139, 141, 142, 143, 145, 146, 147, 149, 150, 151, 154, 155, 157, 158, 159,
    162, 163, 165, 166, 167, 170, 171, 174, 175, 178, 179, 182, 183, 186, 187,
    189, 190, 191, 194, 195, 198, 199, 201, 202, 203, 206, 207, 209, 210, 211,
    214, 215, 218, 219, 221, 222, 223, 225, 226, 227, 230, 231, 233, 234, 235,
    238, 239, 241, 242, 243, 246, 247, 250, 251, 254, 255, 257, 258, 259, 262,
    263, 266, 267, 270, 271, 273, 274, 275, 277, 278, 279, 281, 282, 283, 285,
    286, 287, 289, 290, 291, 293, 294, 295, 297, 298, 299, 302, 303, 306, 307,
    309, 310, 311, 314, 315, 317, 318, 319, 321, 322, 323, 326, 327, 330, 331,
    333, 334, 335, 338, 339, 341, 342, 343, 345, 346, 347, 350, 351, 353, 354,
    355, 358, 359, 362, 363, 365, 366, 367, 370, 371, 373, 374, 375, 378, 379,
    381, 382, 383, 386, 387, 389, 390, 391, 394, 395, 397, 398, 399, 402, 403,
    406, 407, 410, 411, 413, 414, 415, 418, 419, 421, 422, 423, 425, 426, 427,
    429, 430, 431, 433, 434, 435, 438, 439, 441, 442, 443, 445, 446, 447
[1] 0, 4, 8, 13, 17, 21, 25, 28, 33, 37, 40, 45, 48, 53, 56, 61, 65, 68, 72,
    76, 80, 84, 89, 93, 96, 101, 105, 108, 112, 117, 121, 125, 128, 132, 136,
    140, 144, 148, 153, 156, 161, 164, 169, 173, 177, 181, 185, 188, 193, 197,
    200, 205, 208, 213, 217, 220, 224, 229, 232, 237, 240, 245, 249, 253, 256,
    261, 265, 269, 272, 276, 280, 284, 288, 292, 296, 301, 305, 308, 313, 316,
    320, 325, 329, 332, 337, 340, 344, 349, 352, 357, 361, 364, 369, 372, 377,
    380, 385, 388, 393, 396, 401, 405, 409, 412, 417, 420, 424, 428, 432, 437,
    440, 444
[2] 12, 16, 20, 24, 32, 36, 44, 52, 60, 64, 88, 92, 100, 104, 116, 120, 124,
    152, 160, 168, 172, 176, 180, 184, 192, 196, 204, 212, 216, 228, 236, 244,
    248, 252, 260, 264, 268, 300, 304, 312, 324, 328, 336, 348, 356, 360, 368,
    376, 384, 392, 400, 404, 408, 416, 436

Reassigned labels

Runtime: 0.21599459648132324

Performance split_log:

IM without threshold:
Map:
{"D_0": "D", "D_1": "D", "D_2": "D"}
token_fitness
{"perc_fit_traces": 0.0, "average_trace_fitness": 0.9366381450702758, "log_fitness": 0.941290694917919, "percentage_of_fitting_traces": 0.0}
precision
0.8461775111521305
0.7704918032786884
generalization
0.9002271479630739

Adjusted Rand Index:
0.20504476060552415



Parameters of this run:

Window size: 1
Threshold for edges: 1
Split candidates: D
Max number of traces: 5000000
Method for distance calculation: Distance.SET_DISTANCE
Method for finding clusters: ClusteringMethod.COMMUNITY_DETECTION
Original log location: ./data/noImprInLoop_default_OD\feb16-1625\logs\A_1_LogD_Sequence_feb16-1625.xes.gz
Use frequency: True

Found communities: 

Clustering with 448 elements and 3 clusters
[0] 1, 2, 3, 5, 6, 7, 9, 10, 11, 14, 15, 18, 19, 22, 23, 26, 27, 29, 30, 31,
    34, 35, 38, 39, 41, 42, 43, 46, 47, 49, 50, 51, 54, 55, 57, 58, 59, 62,
    63, 66, 67, 69, 70, 71, 73, 74, 75, 77, 78, 79, 81, 82, 83, 85, 86, 87,
    90, 91, 94, 95, 97, 98, 99, 102, 103, 106, 107, 109, 110, 111, 113, 114,
    115, 118, 119, 122, 123, 126, 127, 129, 130, 131, 133, 134, 135, 137, 138,
    139, 141, 142, 143, 145, 146, 147, 149, 150, 151, 154, 155, 157, 158, 159,
    162, 163, 165, 166, 167, 170, 171, 174, 175, 178, 179, 182, 183, 186, 187,
    189, 190, 191, 194, 195, 198, 199, 201, 202, 203, 206, 207, 209, 210, 211,
    214, 215, 218, 219, 221, 222, 223, 225, 226, 227, 230, 231, 233, 234, 235,
    238, 239, 241, 242, 243, 246, 247, 250, 251, 254, 255, 257, 258, 259, 262,
    263, 266, 267, 270, 271, 273, 274, 275, 277, 278, 279, 281, 282, 283, 285,
    286, 287, 289, 290, 291, 293, 294, 295, 297, 298, 299, 302, 303, 306, 307,
    309, 310, 311, 314, 315, 317, 318, 319, 321, 322, 323, 326, 327, 330, 331,
    333, 334, 335, 338, 339, 341, 342, 343, 345, 346, 347, 350, 351, 353, 354,
    355, 358, 359, 362, 363, 365, 366, 367, 370, 371, 373, 374, 375, 378, 379,
    381, 382, 383, 386, 387, 389, 390, 391, 394, 395, 397, 398, 399, 402, 403,
    406, 407, 410, 411, 413, 414, 415, 418, 419, 421, 422, 423, 425, 426, 427,
    429, 430, 431, 433, 434, 435, 438, 439, 441, 442, 443, 445, 446, 447
[1] 0, 4, 8, 13, 17, 21, 25, 28, 33, 37, 40, 45, 48, 53, 56, 61, 65, 68, 72,
    76, 80, 84, 89, 93, 96, 101, 105, 108, 112, 117, 121, 125, 128, 132, 136,
    140, 144, 148, 153, 156, 161, 164, 169, 173, 177, 181, 185, 188, 193, 197,
    200, 205, 208, 213, 217, 220, 224, 229, 232, 237, 240, 245, 249, 253, 256,
    261, 265, 269, 272, 276, 280, 284, 288, 292, 296, 301, 305, 308, 313, 316,
    320, 325, 329, 332, 337, 340, 344, 349, 352, 357, 361, 364, 369, 372, 377,
    380, 385, 388, 393, 396, 401, 405, 409, 412, 417, 420, 424, 428, 432, 437,
    440, 444
[2] 12, 16, 20, 24, 32, 36, 44, 52, 60, 64, 88, 92, 100, 104, 116, 120, 124,
    152, 160, 168, 172, 176, 180, 184, 192, 196, 204, 212, 216, 228, 236, 244,
    248, 252, 260, 264, 268, 300, 304, 312, 324, 328, 336, 348, 356, 360, 368,
    376, 384, 392, 400, 404, 408, 416, 436

Reassigned labels

Runtime: 0.15299749374389648

Performance split_log:

IM without threshold:
Map:
{"D_0": "D", "D_1": "D", "D_2": "D"}
token_fitness
{"perc_fit_traces": 0.0, "average_trace_fitness": 0.908610156675509, "log_fitness": 0.9175104556460488, "percentage_of_fitting_traces": 0.0}
precision
0.8461775111521305
0.7704918032786884
generalization
0.9026287960723948

Adjusted Rand Index:
0.20504476060552415



Parameters of this run:

Window size: 1
Threshold for edges: 0
Split candidates: D
Max number of traces: 5000000
Method for distance calculation: Distance.MULTISET_DISTANCE
Method for finding clusters: ClusteringMethod.COMMUNITY_DETECTION
Original log location: ./data/noImprInLoop_default_OD\feb16-1625\logs\A_1_LogD_Sequence_feb16-1625.xes.gz
Use frequency: True

Found communities: 

Clustering with 448 elements and 3 clusters
[0] 1, 2, 3, 5, 6, 7, 9, 10, 11, 14, 15, 18, 19, 22, 23, 26, 27, 29, 30, 31,
    34, 35, 38, 39, 41, 42, 43, 46, 47, 49, 50, 51, 54, 55, 57, 58, 59, 62,
    63, 66, 67, 69, 70, 71, 73, 74, 75, 77, 78, 79, 81, 82, 83, 85, 86, 87,
    90, 91, 94, 95, 97, 98, 99, 102, 103, 106, 107, 109, 110, 111, 113, 114,
    115, 118, 119, 122, 123, 126, 127, 129, 130, 131, 133, 134, 135, 137, 138,
    139, 141, 142, 143, 145, 146, 147, 149, 150, 151, 154, 155, 157, 158, 159,
    162, 163, 165, 166, 167, 170, 171, 174, 175, 178, 179, 182, 183, 186, 187,
    189, 190, 191, 194, 195, 198, 199, 201, 202, 203, 206, 207, 209, 210, 211,
    214, 215, 218, 219, 221, 222, 223, 225, 226, 227, 230, 231, 233, 234, 235,
    238, 239, 241, 242, 243, 246, 247, 250, 251, 254, 255, 257, 258, 259, 262,
    263, 266, 267, 270, 271, 273, 274, 275, 277, 278, 279, 281, 282, 283, 285,
    286, 287, 289, 290, 291, 293, 294, 295, 297, 298, 299, 302, 303, 306, 307,
    309, 310, 311, 314, 315, 317, 318, 319, 321, 322, 323, 326, 327, 330, 331,
    333, 334, 335, 338, 339, 341, 342, 343, 345, 346, 347, 350, 351, 353, 354,
    355, 358, 359, 362, 363, 365, 366, 367, 370, 371, 373, 374, 375, 378, 379,
    381, 382, 383, 386, 387, 389, 390, 391, 394, 395, 397, 398, 399, 402, 403,
    406, 407, 410, 411, 413, 414, 415, 418, 419, 421, 422, 423, 425, 426, 427,
    429, 430, 431, 433, 434, 435, 438, 439, 441, 442, 443, 445, 446, 447
[1] 0, 4, 8, 13, 17, 21, 25, 28, 33, 37, 40, 45, 48, 53, 56, 61, 65, 68, 72,
    76, 80, 84, 89, 93, 96, 101, 105, 108, 112, 117, 121, 125, 128, 132, 136,
    140, 144, 148, 153, 156, 161, 164, 169, 173, 177, 181, 185, 188, 193, 197,
    200, 205, 208, 213, 217, 220, 224, 229, 232, 237, 240, 245, 249, 253, 256,
    261, 265, 269, 272, 276, 280, 284, 288, 292, 296, 301, 305, 308, 313, 316,
    320, 325, 329, 332, 337, 340, 344, 349, 352, 357, 361, 364, 369, 372, 377,
    380, 385, 388, 393, 396, 401, 405, 409, 412, 417, 420, 424, 428, 432, 437,
    440, 444
[2] 12, 16, 20, 24, 32, 36, 44, 52, 60, 64, 88, 92, 100, 104, 116, 120, 124,
    152, 160, 168, 172, 176, 180, 184, 192, 196, 204, 212, 216, 228, 236, 244,
    248, 252, 260, 264, 268, 300, 304, 312, 324, 328, 336, 348, 356, 360, 368,
    376, 384, 392, 400, 404, 408, 416, 436

Reassigned labels

Runtime: 0.18550777435302734

Performance split_log:

IM without threshold:
Map:
{"D_0": "D", "D_1": "D", "D_2": "D"}
token_fitness
{"perc_fit_traces": 100.0, "average_trace_fitness": 1.0, "log_fitness": 1.0, "percentage_of_fitting_traces": 100.0}
precision
0.8320908768193114
0.7704918032786884
generalization
0.9427735564934498

Adjusted Rand Index:
0.20504476060552415



Parameters of this run:

Window size: 1
Threshold for edges: 0.25
Split candidates: D
Max number of traces: 5000000
Method for distance calculation: Distance.MULTISET_DISTANCE
Method for finding clusters: ClusteringMethod.COMMUNITY_DETECTION
Original log location: ./data/noImprInLoop_default_OD\feb16-1625\logs\A_1_LogD_Sequence_feb16-1625.xes.gz
Use frequency: True

Found communities: 

Clustering with 448 elements and 3 clusters
[0] 1, 2, 3, 5, 6, 7, 9, 10, 11, 14, 15, 18, 19, 22, 23, 26, 27, 29, 30, 31,
    34, 35, 38, 39, 41, 42, 43, 46, 47, 49, 50, 51, 54, 55, 57, 58, 59, 62,
    63, 66, 67, 69, 70, 71, 73, 74, 75, 77, 78, 79, 81, 82, 83, 85, 86, 87,
    90, 91, 94, 95, 97, 98, 99, 102, 103, 106, 107, 109, 110, 111, 113, 114,
    115, 118, 119, 122, 123, 126, 127, 129, 130, 131, 133, 134, 135, 137, 138,
    139, 141, 142, 143, 145, 146, 147, 149, 150, 151, 154, 155, 157, 158, 159,
    162, 163, 165, 166, 167, 170, 171, 174, 175, 178, 179, 182, 183, 186, 187,
    189, 190, 191, 194, 195, 198, 199, 201, 202, 203, 206, 207, 209, 210, 211,
    214, 215, 218, 219, 221, 222, 223, 225, 226, 227, 230, 231, 233, 234, 235,
    238, 239, 241, 242, 243, 246, 247, 250, 251, 254, 255, 257, 258, 259, 262,
    263, 266, 267, 270, 271, 273, 274, 275, 277, 278, 279, 281, 282, 283, 285,
    286, 287, 289, 290, 291, 293, 294, 295, 297, 298, 299, 302, 303, 306, 307,
    309, 310, 311, 314, 315, 317, 318, 319, 321, 322, 323, 326, 327, 330, 331,
    333, 334, 335, 338, 339, 341, 342, 343, 345, 346, 347, 350, 351, 353, 354,
    355, 358, 359, 362, 363, 365, 366, 367, 370, 371, 373, 374, 375, 378, 379,
    381, 382, 383, 386, 387, 389, 390, 391, 394, 395, 397, 398, 399, 402, 403,
    406, 407, 410, 411, 413, 414, 415, 418, 419, 421, 422, 423, 425, 426, 427,
    429, 430, 431, 433, 434, 435, 438, 439, 441, 442, 443, 445, 446, 447
[1] 0, 4, 8, 13, 17, 21, 25, 28, 33, 37, 40, 45, 48, 53, 56, 61, 65, 68, 72,
    76, 80, 84, 89, 93, 96, 101, 105, 108, 112, 117, 121, 125, 128, 132, 136,
    140, 144, 148, 153, 156, 161, 164, 169, 173, 177, 181, 185, 188, 193, 197,
    200, 205, 208, 213, 217, 220, 224, 229, 232, 237, 240, 245, 249, 253, 256,
    261, 265, 269, 272, 276, 280, 284, 288, 292, 296, 301, 305, 308, 313, 316,
    320, 325, 329, 332, 337, 340, 344, 349, 352, 357, 361, 364, 369, 372, 377,
    380, 385, 388, 393, 396, 401, 405, 409, 412, 417, 420, 424, 428, 432, 437,
    440, 444
[2] 12, 16, 20, 24, 32, 36, 44, 52, 60, 64, 88, 92, 100, 104, 116, 120, 124,
    152, 160, 168, 172, 176, 180, 184, 192, 196, 204, 212, 216, 228, 236, 244,
    248, 252, 260, 264, 268, 300, 304, 312, 324, 328, 336, 348, 356, 360, 368,
    376, 384, 392, 400, 404, 408, 416, 436

Reassigned labels

Runtime: 0.16850614547729492

Performance split_log:

IM without threshold:
Map:
{"D_0": "D", "D_1": "D", "D_2": "D"}
token_fitness
{"perc_fit_traces": 0.0, "average_trace_fitness": 0.908610156675509, "log_fitness": 0.9175104556460488, "percentage_of_fitting_traces": 0.0}
precision
0.8461775111521305
0.7704918032786884
generalization
0.9026287960723948

Adjusted Rand Index:
0.20504476060552415



Parameters of this run:

Window size: 1
Threshold for edges: 0.5
Split candidates: D
Max number of traces: 5000000
Method for distance calculation: Distance.MULTISET_DISTANCE
Method for finding clusters: ClusteringMethod.COMMUNITY_DETECTION
Original log location: ./data/noImprInLoop_default_OD\feb16-1625\logs\A_1_LogD_Sequence_feb16-1625.xes.gz
Use frequency: True

Found communities: 

Clustering with 448 elements and 3 clusters
[0] 1, 2, 3, 5, 6, 7, 9, 10, 11, 14, 15, 18, 19, 22, 23, 26, 27, 29, 30, 31,
    34, 35, 38, 39, 41, 42, 43, 46, 47, 49, 50, 51, 54, 55, 57, 58, 59, 62,
    63, 66, 67, 69, 70, 71, 73, 74, 75, 77, 78, 79, 81, 82, 83, 85, 86, 87,
    90, 91, 94, 95, 97, 98, 99, 102, 103, 106, 107, 109, 110, 111, 113, 114,
    115, 118, 119, 122, 123, 126, 127, 129, 130, 131, 133, 134, 135, 137, 138,
    139, 141, 142, 143, 145, 146, 147, 149, 150, 151, 154, 155, 157, 158, 159,
    162, 163, 165, 166, 167, 170, 171, 174, 175, 178, 179, 182, 183, 186, 187,
    189, 190, 191, 194, 195, 198, 199, 201, 202, 203, 206, 207, 209, 210, 211,
    214, 215, 218, 219, 221, 222, 223, 225, 226, 227, 230, 231, 233, 234, 235,
    238, 239, 241, 242, 243, 246, 247, 250, 251, 254, 255, 257, 258, 259, 262,
    263, 266, 267, 270, 271, 273, 274, 275, 277, 278, 279, 281, 282, 283, 285,
    286, 287, 289, 290, 291, 293, 294, 295, 297, 298, 299, 302, 303, 306, 307,
    309, 310, 311, 314, 315, 317, 318, 319, 321, 322, 323, 326, 327, 330, 331,
    333, 334, 335, 338, 339, 341, 342, 343, 345, 346, 347, 350, 351, 353, 354,
    355, 358, 359, 362, 363, 365, 366, 367, 370, 371, 373, 374, 375, 378, 379,
    381, 382, 383, 386, 387, 389, 390, 391, 394, 395, 397, 398, 399, 402, 403,
    406, 407, 410, 411, 413, 414, 415, 418, 419, 421, 422, 423, 425, 426, 427,
    429, 430, 431, 433, 434, 435, 438, 439, 441, 442, 443, 445, 446, 447
[1] 0, 4, 8, 13, 17, 21, 25, 28, 33, 37, 40, 45, 48, 53, 56, 61, 65, 68, 72,
    76, 80, 84, 89, 93, 96, 101, 105, 108, 112, 117, 121, 125, 128, 132, 136,
    140, 144, 148, 153, 156, 161, 164, 169, 173, 177, 181, 185, 188, 193, 197,
    200, 205, 208, 213, 217, 220, 224, 229, 232, 237, 240, 245, 249, 253, 256,
    261, 265, 269, 272, 276, 280, 284, 288, 292, 296, 301, 305, 308, 313, 316,
    320, 325, 329, 332, 337, 340, 344, 349, 352, 357, 361, 364, 369, 372, 377,
    380, 385, 388, 393, 396, 401, 405, 409, 412, 417, 420, 424, 428, 432, 437,
    440, 444
[2] 12, 16, 20, 24, 32, 36, 44, 52, 60, 64, 88, 92, 100, 104, 116, 120, 124,
    152, 160, 168, 172, 176, 180, 184, 192, 196, 204, 212, 216, 228, 236, 244,
    248, 252, 260, 264, 268, 300, 304, 312, 324, 328, 336, 348, 356, 360, 368,
    376, 384, 392, 400, 404, 408, 416, 436

Reassigned labels

Runtime: 0.2154695987701416

Performance split_log:

IM without threshold:
Map:
{"D_0": "D", "D_1": "D", "D_2": "D"}
token_fitness
{"perc_fit_traces": 0.0, "average_trace_fitness": 0.9366381450702758, "log_fitness": 0.941290694917919, "percentage_of_fitting_traces": 0.0}
precision
0.8461775111521305
0.7704918032786884
generalization
0.9002271479630739

Adjusted Rand Index:
0.20504476060552415



Parameters of this run:

Window size: 1
Threshold for edges: 0.75
Split candidates: D
Max number of traces: 5000000
Method for distance calculation: Distance.MULTISET_DISTANCE
Method for finding clusters: ClusteringMethod.COMMUNITY_DETECTION
Original log location: ./data/noImprInLoop_default_OD\feb16-1625\logs\A_1_LogD_Sequence_feb16-1625.xes.gz
Use frequency: True

Found communities: 

Clustering with 448 elements and 3 clusters
[0] 1, 2, 3, 5, 6, 7, 9, 10, 11, 14, 15, 18, 19, 22, 23, 26, 27, 29, 30, 31,
    34, 35, 38, 39, 41, 42, 43, 46, 47, 49, 50, 51, 54, 55, 57, 58, 59, 62,
    63, 66, 67, 69, 70, 71, 73, 74, 75, 77, 78, 79, 81, 82, 83, 85, 86, 87,
    90, 91, 94, 95, 97, 98, 99, 102, 103, 106, 107, 109, 110, 111, 113, 114,
    115, 118, 119, 122, 123, 126, 127, 129, 130, 131, 133, 134, 135, 137, 138,
    139, 141, 142, 143, 145, 146, 147, 149, 150, 151, 154, 155, 157, 158, 159,
    162, 163, 165, 166, 167, 170, 171, 174, 175, 178, 179, 182, 183, 186, 187,
    189, 190, 191, 194, 195, 198, 199, 201, 202, 203, 206, 207, 209, 210, 211,
    214, 215, 218, 219, 221, 222, 223, 225, 226, 227, 230, 231, 233, 234, 235,
    238, 239, 241, 242, 243, 246, 247, 250, 251, 254, 255, 257, 258, 259, 262,
    263, 266, 267, 270, 271, 273, 274, 275, 277, 278, 279, 281, 282, 283, 285,
    286, 287, 289, 290, 291, 293, 294, 295, 297, 298, 299, 302, 303, 306, 307,
    309, 310, 311, 314, 315, 317, 318, 319, 321, 322, 323, 326, 327, 330, 331,
    333, 334, 335, 338, 339, 341, 342, 343, 345, 346, 347, 350, 351, 353, 354,
    355, 358, 359, 362, 363, 365, 366, 367, 370, 371, 373, 374, 375, 378, 379,
    381, 382, 383, 386, 387, 389, 390, 391, 394, 395, 397, 398, 399, 402, 403,
    406, 407, 410, 411, 413, 414, 415, 418, 419, 421, 422, 423, 425, 426, 427,
    429, 430, 431, 433, 434, 435, 438, 439, 441, 442, 443, 445, 446, 447
[1] 0, 4, 8, 13, 17, 21, 25, 28, 33, 37, 40, 45, 48, 53, 56, 61, 65, 68, 72,
    76, 80, 84, 89, 93, 96, 101, 105, 108, 112, 117, 121, 125, 128, 132, 136,
    140, 144, 148, 153, 156, 161, 164, 169, 173, 177, 181, 185, 188, 193, 197,
    200, 205, 208, 213, 217, 220, 224, 229, 232, 237, 240, 245, 249, 253, 256,
    261, 265, 269, 272, 276, 280, 284, 288, 292, 296, 301, 305, 308, 313, 316,
    320, 325, 329, 332, 337, 340, 344, 349, 352, 357, 361, 364, 369, 372, 377,
    380, 385, 388, 393, 396, 401, 405, 409, 412, 417, 420, 424, 428, 432, 437,
    440, 444
[2] 12, 16, 20, 24, 32, 36, 44, 52, 60, 64, 88, 92, 100, 104, 116, 120, 124,
    152, 160, 168, 172, 176, 180, 184, 192, 196, 204, 212, 216, 228, 236, 244,
    248, 252, 260, 264, 268, 300, 304, 312, 324, 328, 336, 348, 356, 360, 368,
    376, 384, 392, 400, 404, 408, 416, 436

Reassigned labels

Runtime: 0.1459965705871582

Performance split_log:

IM without threshold:
Map:
{"D_0": "D", "D_1": "D", "D_2": "D"}
token_fitness
{"perc_fit_traces": 0.0, "average_trace_fitness": 0.908610156675509, "log_fitness": 0.9175104556460488, "percentage_of_fitting_traces": 0.0}
precision
0.8461775111521305
0.7704918032786884
generalization
0.9026287960723948

Adjusted Rand Index:
0.20504476060552415



Parameters of this run:

Window size: 1
Threshold for edges: 1
Split candidates: D
Max number of traces: 5000000
Method for distance calculation: Distance.MULTISET_DISTANCE
Method for finding clusters: ClusteringMethod.COMMUNITY_DETECTION
Original log location: ./data/noImprInLoop_default_OD\feb16-1625\logs\A_1_LogD_Sequence_feb16-1625.xes.gz
Use frequency: True

Found communities: 

Clustering with 448 elements and 3 clusters
[0] 1, 2, 3, 5, 6, 7, 9, 10, 11, 14, 15, 18, 19, 22, 23, 26, 27, 29, 30, 31,
    34, 35, 38, 39, 41, 42, 43, 46, 47, 49, 50, 51, 54, 55, 57, 58, 59, 62,
    63, 66, 67, 69, 70, 71, 73, 74, 75, 77, 78, 79, 81, 82, 83, 85, 86, 87,
    90, 91, 94, 95, 97, 98, 99, 102, 103, 106, 107, 109, 110, 111, 113, 114,
    115, 118, 119, 122, 123, 126, 127, 129, 130, 131, 133, 134, 135, 137, 138,
    139, 141, 142, 143, 145, 146, 147, 149, 150, 151, 154, 155, 157, 158, 159,
    162, 163, 165, 166, 167, 170, 171, 174, 175, 178, 179, 182, 183, 186, 187,
    189, 190, 191, 194, 195, 198, 199, 201, 202, 203, 206, 207, 209, 210, 211,
    214, 215, 218, 219, 221, 222, 223, 225, 226, 227, 230, 231, 233, 234, 235,
    238, 239, 241, 242, 243, 246, 247, 250, 251, 254, 255, 257, 258, 259, 262,
    263, 266, 267, 270, 271, 273, 274, 275, 277, 278, 279, 281, 282, 283, 285,
    286, 287, 289, 290, 291, 293, 294, 295, 297, 298, 299, 302, 303, 306, 307,
    309, 310, 311, 314, 315, 317, 318, 319, 321, 322, 323, 326, 327, 330, 331,
    333, 334, 335, 338, 339, 341, 342, 343, 345, 346, 347, 350, 351, 353, 354,
    355, 358, 359, 362, 363, 365, 366, 367, 370, 371, 373, 374, 375, 378, 379,
    381, 382, 383, 386, 387, 389, 390, 391, 394, 395, 397, 398, 399, 402, 403,
    406, 407, 410, 411, 413, 414, 415, 418, 419, 421, 422, 423, 425, 426, 427,
    429, 430, 431, 433, 434, 435, 438, 439, 441, 442, 443, 445, 446, 447
[1] 0, 4, 8, 13, 17, 21, 25, 28, 33, 37, 40, 45, 48, 53, 56, 61, 65, 68, 72,
    76, 80, 84, 89, 93, 96, 101, 105, 108, 112, 117, 121, 125, 128, 132, 136,
    140, 144, 148, 153, 156, 161, 164, 169, 173, 177, 181, 185, 188, 193, 197,
    200, 205, 208, 213, 217, 220, 224, 229, 232, 237, 240, 245, 249, 253, 256,
    261, 265, 269, 272, 276, 280, 284, 288, 292, 296, 301, 305, 308, 313, 316,
    320, 325, 329, 332, 337, 340, 344, 349, 352, 357, 361, 364, 369, 372, 377,
    380, 385, 388, 393, 396, 401, 405, 409, 412, 417, 420, 424, 428, 432, 437,
    440, 444
[2] 12, 16, 20, 24, 32, 36, 44, 52, 60, 64, 88, 92, 100, 104, 116, 120, 124,
    152, 160, 168, 172, 176, 180, 184, 192, 196, 204, 212, 216, 228, 236, 244,
    248, 252, 260, 264, 268, 300, 304, 312, 324, 328, 336, 348, 356, 360, 368,
    376, 384, 392, 400, 404, 408, 416, 436

Reassigned labels

Runtime: 0.14899730682373047

Performance split_log:

IM without threshold:
Map:
{"D_0": "D", "D_1": "D", "D_2": "D"}
token_fitness
{"perc_fit_traces": 0.0, "average_trace_fitness": 0.9366381450702758, "log_fitness": 0.941290694917919, "percentage_of_fitting_traces": 0.0}
precision
0.8461775111521305
0.7704918032786884
generalization
0.9002271479630739

Adjusted Rand Index:
0.20504476060552415



Parameters of this run:

Window size: 3
Threshold for edges: 0
Split candidates: D
Max number of traces: 5000000
Method for distance calculation: Distance.EDIT_DISTANCE
Method for finding clusters: ClusteringMethod.COMMUNITY_DETECTION
Original log location: ./data/noImprInLoop_default_OD\feb16-1625\logs\A_1_LogD_Sequence_feb16-1625.xes.gz
Use frequency: True

Found communities: 

Clustering with 448 elements and 4 clusters
[0] 0, 4, 8, 12, 13, 16, 17, 20, 21, 24, 25, 28, 32, 33, 36, 37, 40, 44, 45,
    48, 52, 53, 56, 60, 61, 64, 65, 68, 72, 76, 80, 84, 88, 89, 92, 93, 96,
    100, 101, 104, 105, 108, 112, 116, 117, 120, 121, 124, 125, 128, 132, 136,
    140, 144, 148, 152, 153, 156, 160, 161, 164, 168, 169, 172, 173, 176, 177,
    180, 181, 184, 185, 188, 192, 193, 196, 197, 200, 204, 205, 208, 212, 213,
    216, 217, 220, 224, 228, 229, 232, 236, 237, 240, 244, 245, 248, 249, 252,
    253, 256, 260, 261, 264, 265, 268, 269, 272, 276, 280, 284, 288, 292, 296,
    300, 301, 304, 305, 308, 312, 313, 316, 320, 324, 325, 328, 329, 332, 336,
    337, 340, 344, 348, 349, 352, 356, 357, 360, 361, 364, 368, 369, 372, 376,
    377, 380, 384, 385, 388, 392, 393, 396, 400, 401, 404, 405, 408, 409, 412,
    416, 417, 420, 424, 428, 432, 436, 437, 440, 444
[1] 3, 7, 11, 15, 19, 23, 27, 31, 35, 39, 43, 47, 51, 55, 59, 63, 67, 71, 75,
    79, 83, 87, 91, 95, 99, 103, 107, 111, 115, 119, 123, 127, 131, 135, 139,
    143, 147, 151, 155, 159, 163, 167, 171, 175, 179, 183, 187, 191, 195, 199,
    203, 207, 211, 215, 219, 223, 227, 231, 235, 239, 243, 247, 251, 255, 259,
    263, 267, 271, 275, 279, 283, 287, 291, 295, 299, 303, 307, 311, 315, 319,
    323, 327, 331, 335, 339, 343, 347, 351, 355, 359, 363, 367, 371, 375, 379,
    383, 387, 391, 395, 399, 403, 407, 411, 415, 419, 423, 427, 431, 435, 439,
    443, 447
[2] 2, 6, 10, 14, 18, 22, 26, 30, 34, 38, 42, 46, 50, 54, 58, 62, 66, 70, 74,
    78, 82, 86, 90, 94, 98, 102, 106, 110, 114, 118, 122, 126, 130, 134, 138,
    142, 146, 150, 154, 158, 162, 166, 170, 174, 178, 182, 186, 190, 194, 198,
    202, 206, 210, 214, 218, 222, 226, 230, 234, 238, 242, 246, 250, 254, 258,
    262, 266, 270, 274, 278, 282, 286, 290, 294, 298, 302, 306, 310, 314, 318,
    322, 326, 330, 334, 338, 342, 346, 350, 354, 358, 362, 366, 370, 374, 378,
    382, 386, 390, 394, 398, 402, 406, 410, 414, 418, 422, 426, 430, 434, 438,
    442, 446
[3] 1, 5, 9, 29, 41, 49, 57, 69, 73, 77, 81, 85, 97, 109, 113, 129, 133, 137,
    141, 145, 149, 157, 165, 189, 201, 209, 221, 225, 233, 241, 257, 273, 277,
    281, 285, 289, 293, 297, 309, 317, 321, 333, 341, 345, 353, 365, 373, 381,
    389, 397, 413, 421, 425, 429, 433, 441, 445

Reassigned labels

Runtime: 0.18399786949157715

Performance split_log:

IM without threshold:
Map:
{"D_0": "D", "D_1": "D", "D_2": "D", "D_3": "D"}
token_fitness
{"perc_fit_traces": 0.0, "average_trace_fitness": 0.9471716553281184, "log_fitness": 0.9516277269868911, "percentage_of_fitting_traces": 0.0}
precision
0.8751251251251251
0.7647058823529413
generalization
0.8709466038706803

Adjusted Rand Index:
0.23353726987268486



Parameters of this run:

Window size: 3
Threshold for edges: 0.25
Split candidates: D
Max number of traces: 5000000
Method for distance calculation: Distance.EDIT_DISTANCE
Method for finding clusters: ClusteringMethod.COMMUNITY_DETECTION
Original log location: ./data/noImprInLoop_default_OD\feb16-1625\logs\A_1_LogD_Sequence_feb16-1625.xes.gz
Use frequency: True

Found communities: 

Clustering with 448 elements and 3 clusters
[0] 0, 1, 4, 5, 8, 9, 12, 13, 16, 17, 20, 21, 24, 25, 28, 29, 32, 33, 36, 37,
    40, 41, 44, 45, 48, 49, 52, 53, 56, 57, 60, 61, 64, 65, 68, 69, 72, 73,
    76, 77, 80, 81, 84, 85, 88, 89, 92, 93, 96, 97, 100, 101, 104, 105, 108,
    109, 112, 113, 116, 117, 120, 121, 124, 125, 128, 129, 132, 133, 136, 137,
    140, 141, 144, 145, 148, 149, 152, 153, 156, 157, 160, 161, 164, 165, 168,
    169, 172, 173, 176, 177, 180, 181, 184, 185, 188, 189, 192, 193, 196, 197,
    200, 201, 204, 205, 208, 209, 212, 213, 216, 217, 220, 221, 224, 225, 228,
    229, 232, 233, 236, 237, 240, 241, 244, 245, 248, 249, 252, 253, 256, 257,
    260, 261, 264, 265, 268, 269, 272, 273, 276, 277, 280, 281, 284, 285, 288,
    289, 292, 293, 296, 297, 300, 301, 304, 305, 308, 309, 312, 313, 316, 317,
    320, 321, 324, 325, 328, 329, 332, 333, 336, 337, 340, 341, 344, 345, 348,
    349, 352, 353, 356, 357, 360, 361, 364, 365, 368, 369, 372, 373, 376, 377,
    380, 381, 384, 385, 388, 389, 392, 393, 396, 397, 400, 401, 404, 405, 408,
    409, 412, 413, 416, 417, 420, 421, 424, 425, 428, 429, 432, 433, 436, 437,
    440, 441, 444, 445
[1] 2, 3, 6, 7, 10, 11, 15, 19, 23, 27, 30, 31, 35, 39, 42, 43, 47, 50, 51,
    55, 58, 59, 63, 67, 70, 71, 74, 75, 78, 79, 82, 83, 86, 87, 91, 95, 98,
    99, 103, 107, 110, 111, 114, 115, 119, 123, 127, 130, 131, 134, 135, 138,
    139, 142, 143, 146, 147, 150, 151, 155, 158, 159, 163, 166, 167, 171, 175,
    179, 183, 187, 190, 191, 195, 199, 202, 203, 207, 210, 211, 215, 219, 222,
    223, 226, 227, 231, 234, 235, 239, 242, 243, 247, 251, 255, 258, 259, 263,
    267, 271, 274, 275, 278, 279, 282, 283, 286, 287, 290, 291, 294, 295, 298,
    299, 303, 307, 310, 311, 315, 318, 319, 322, 323, 327, 331, 334, 335, 339,
    342, 343, 346, 347, 351, 354, 355, 359, 363, 366, 367, 371, 374, 375, 379,
    382, 383, 387, 390, 391, 395, 398, 399, 403, 407, 411, 414, 415, 419, 422,
    423, 426, 427, 430, 431, 434, 435, 439, 442, 443, 446, 447
[2] 14, 18, 22, 26, 34, 38, 46, 54, 62, 66, 90, 94, 102, 106, 118, 122, 126,
    154, 162, 170, 174, 178, 182, 186, 194, 198, 206, 214, 218, 230, 238, 246,
    250, 254, 262, 266, 270, 302, 306, 314, 326, 330, 338, 350, 358, 362, 370,
    378, 386, 394, 402, 406, 410, 418, 438

Reassigned labels

Runtime: 0.17499399185180664

Performance split_log:

IM without threshold:
Map:
{"D_0": "D", "D_1": "D", "D_2": "D"}
token_fitness
{"perc_fit_traces": 0.0, "average_trace_fitness": 0.9235299973484755, "log_fitness": 0.9296735045214528, "percentage_of_fitting_traces": 0.0}
precision
0.7998933475536595
0.7534246575342466
generalization
0.7056926671405384

Adjusted Rand Index:
0.1573814434119221



Parameters of this run:

Window size: 3
Threshold for edges: 0.5
Split candidates: D
Max number of traces: 5000000
Method for distance calculation: Distance.EDIT_DISTANCE
Method for finding clusters: ClusteringMethod.COMMUNITY_DETECTION
Original log location: ./data/noImprInLoop_default_OD\feb16-1625\logs\A_1_LogD_Sequence_feb16-1625.xes.gz
Use frequency: True

Found communities: 

Clustering with 448 elements and 3 clusters
[0] 0, 1, 4, 5, 8, 9, 12, 13, 16, 17, 20, 21, 24, 25, 28, 29, 32, 33, 36, 37,
    40, 41, 44, 45, 48, 49, 52, 53, 56, 57, 60, 61, 64, 65, 68, 69, 72, 73,
    76, 77, 80, 81, 84, 85, 88, 89, 92, 93, 96, 97, 100, 101, 104, 105, 108,
    109, 112, 113, 116, 117, 120, 121, 124, 125, 128, 129, 132, 133, 136, 137,
    140, 141, 144, 145, 148, 149, 152, 153, 156, 157, 160, 161, 164, 165, 168,
    169, 172, 173, 176, 177, 180, 181, 184, 185, 188, 189, 192, 193, 196, 197,
    200, 201, 204, 205, 208, 209, 212, 213, 216, 217, 220, 221, 224, 225, 228,
    229, 232, 233, 236, 237, 240, 241, 244, 245, 248, 249, 252, 253, 256, 257,
    260, 261, 264, 265, 268, 269, 272, 273, 276, 277, 280, 281, 284, 285, 288,
    289, 292, 293, 296, 297, 300, 301, 304, 305, 308, 309, 312, 313, 316, 317,
    320, 321, 324, 325, 328, 329, 332, 333, 336, 337, 340, 341, 344, 345, 348,
    349, 352, 353, 356, 357, 360, 361, 364, 365, 368, 369, 372, 373, 376, 377,
    380, 381, 384, 385, 388, 389, 392, 393, 396, 397, 400, 401, 404, 405, 408,
    409, 412, 413, 416, 417, 420, 421, 424, 425, 428, 429, 432, 433, 436, 437,
    440, 441, 444, 445
[1] 2, 3, 6, 7, 10, 11, 15, 19, 23, 27, 30, 31, 35, 39, 42, 43, 47, 50, 51,
    55, 58, 59, 63, 67, 70, 71, 74, 75, 78, 79, 82, 83, 86, 87, 91, 95, 98,
    99, 103, 107, 110, 111, 114, 115, 119, 123, 127, 130, 131, 134, 135, 138,
    139, 142, 143, 146, 147, 150, 151, 155, 158, 159, 163, 166, 167, 171, 175,
    179, 183, 187, 190, 191, 195, 199, 202, 203, 207, 210, 211, 215, 219, 222,
    223, 226, 227, 231, 234, 235, 239, 242, 243, 247, 251, 255, 258, 259, 263,
    267, 271, 274, 275, 278, 279, 282, 283, 286, 287, 290, 291, 294, 295, 298,
    299, 303, 307, 310, 311, 315, 318, 319, 322, 323, 327, 331, 334, 335, 339,
    342, 343, 346, 347, 351, 354, 355, 359, 363, 366, 367, 371, 374, 375, 379,
    382, 383, 387, 390, 391, 395, 398, 399, 403, 407, 411, 414, 415, 419, 422,
    423, 426, 427, 430, 431, 434, 435, 439, 442, 443, 446, 447
[2] 14, 18, 22, 26, 34, 38, 46, 54, 62, 66, 90, 94, 102, 106, 118, 122, 126,
    154, 162, 170, 174, 178, 182, 186, 194, 198, 206, 214, 218, 230, 238, 246,
    250, 254, 262, 266, 270, 302, 306, 314, 326, 330, 338, 350, 358, 362, 370,
    378, 386, 394, 402, 406, 410, 418, 438

Reassigned labels

Runtime: 0.17299485206604004

Performance split_log:

IM without threshold:
Map:
{"D_0": "D", "D_1": "D", "D_2": "D"}
token_fitness
{"perc_fit_traces": 49.9, "average_trace_fitness": 0.9620594148286066, "log_fitness": 0.9673268788580047, "percentage_of_fitting_traces": 49.9}
precision
0.825854476829524
0.7534246575342466
generalization
0.8769750496766714

Adjusted Rand Index:
0.1573814434119221



Parameters of this run:

Window size: 3
Threshold for edges: 0.75
Split candidates: D
Max number of traces: 5000000
Method for distance calculation: Distance.EDIT_DISTANCE
Method for finding clusters: ClusteringMethod.COMMUNITY_DETECTION
Original log location: ./data/noImprInLoop_default_OD\feb16-1625\logs\A_1_LogD_Sequence_feb16-1625.xes.gz
Use frequency: True

Found communities: 

Clustering with 448 elements and 5 clusters
[0] 0, 1, 4, 5, 8, 9, 13, 17, 21, 25, 28, 29, 33, 37, 40, 41, 45, 48, 49, 53,
    56, 57, 61, 65, 68, 69, 72, 73, 76, 77, 80, 81, 84, 85, 89, 93, 96, 97,
    101, 105, 108, 109, 112, 113, 117, 121, 125, 128, 129, 132, 133, 136, 137,
    140, 141, 144, 145, 148, 149, 153, 156, 157, 161, 164, 165, 169, 173, 177,
    181, 185, 188, 189, 193, 197, 200, 201, 205, 208, 209, 213, 217, 220, 221,
    224, 225, 229, 232, 233, 237, 240, 241, 245, 249, 253, 256, 257, 261, 265,
    269, 272, 273, 276, 277, 280, 281, 284, 285, 288, 289, 292, 293, 296, 297,
    301, 305, 308, 309, 313, 316, 317, 320, 321, 325, 329, 332, 333, 337, 340,
    341, 344, 345, 349, 352, 353, 357, 361, 364, 365, 369, 372, 373, 377, 380,
    381, 385, 388, 389, 393, 396, 397, 401, 405, 409, 412, 413, 417, 420, 421,
    424, 425, 428, 429, 432, 433, 437, 440, 441, 444, 445
[1] 3, 7, 11, 15, 19, 23, 27, 31, 35, 39, 43, 47, 51, 55, 59, 63, 67, 71, 75,
    79, 83, 87, 91, 95, 99, 103, 107, 111, 115, 119, 123, 127, 131, 135, 139,
    143, 147, 151, 155, 159, 163, 167, 171, 175, 179, 183, 187, 191, 195, 199,
    203, 207, 211, 215, 219, 223, 227, 231, 235, 239, 243, 247, 251, 255, 259,
    263, 267, 271, 275, 279, 283, 287, 291, 295, 299, 303, 307, 311, 315, 319,
    323, 327, 331, 335, 339, 343, 347, 351, 355, 359, 363, 367, 371, 375, 379,
    383, 387, 391, 395, 399, 403, 407, 411, 415, 419, 423, 427, 431, 435, 439,
    443, 447
[2] 2, 6, 10, 30, 42, 50, 58, 70, 74, 78, 82, 86, 98, 110, 114, 130, 134, 138,
    142, 146, 150, 158, 166, 190, 202, 210, 222, 226, 234, 242, 258, 274, 278,
    282, 286, 290, 294, 298, 310, 318, 322, 334, 342, 346, 354, 366, 374, 382,
    390, 398, 414, 422, 426, 430, 434, 442, 446
[3] 12, 16, 20, 24, 32, 36, 44, 52, 60, 64, 88, 92, 100, 104, 116, 120, 124,
    152, 160, 168, 172, 176, 180, 184, 192, 196, 204, 212, 216, 228, 236, 244,
    248, 252, 260, 264, 268, 300, 304, 312, 324, 328, 336, 348, 356, 360, 368,
    376, 384, 392, 400, 404, 408, 416, 436
[4] 14, 18, 22, 26, 34, 38, 46, 54, 62, 66, 90, 94, 102, 106, 118, 122, 126,
    154, 162, 170, 174, 178, 182, 186, 194, 198, 206, 214, 218, 230, 238, 246,
    250, 254, 262, 266, 270, 302, 306, 314, 326, 330, 338, 350, 358, 362, 370,
    378, 386, 394, 402, 406, 410, 418, 438

Reassigned labels

Runtime: 0.16399550437927246

Performance split_log:

IM without threshold:
Map:
{"D_0": "D", "D_1": "D", "D_2": "D", "D_3": "D", "D_4": "D"}
token_fitness
{"perc_fit_traces": 50.1, "average_trace_fitness": 0.9679914244291429, "log_fitness": 0.9709410668530165, "percentage_of_fitting_traces": 50.1}
precision
0.9349295230739525
0.7704918032786884
generalization
0.9022428753712828

Adjusted Rand Index:
0.12625552384043853



Parameters of this run:

Window size: 3
Threshold for edges: 1
Split candidates: D
Max number of traces: 5000000
Method for distance calculation: Distance.EDIT_DISTANCE
Method for finding clusters: ClusteringMethod.COMMUNITY_DETECTION
Original log location: ./data/noImprInLoop_default_OD\feb16-1625\logs\A_1_LogD_Sequence_feb16-1625.xes.gz
Use frequency: True

Found communities: 

Clustering with 448 elements and 8 clusters
[0] 1, 5, 9, 29, 41, 49, 57, 69, 73, 77, 81, 85, 97, 109, 113, 129, 133, 137,
    141, 145, 149, 157, 165, 189, 201, 209, 221, 225, 233, 241, 257, 273, 277,
    281, 285, 289, 293, 297, 309, 317, 321, 333, 341, 345, 353, 365, 373, 381,
    389, 397, 413, 421, 425, 429, 433, 441, 445
[1] 2, 6, 10, 30, 42, 50, 58, 70, 74, 78, 82, 86, 98, 110, 114, 130, 134, 138,
    142, 146, 150, 158, 166, 190, 202, 210, 222, 226, 234, 242, 258, 274, 278,
    282, 286, 290, 294, 298, 310, 318, 322, 334, 342, 346, 354, 366, 374, 382,
    390, 398, 414, 422, 426, 430, 434, 442, 446
[2] 3, 7, 11, 31, 43, 51, 59, 71, 75, 79, 83, 87, 99, 111, 115, 131, 135, 139,
    143, 147, 151, 159, 167, 191, 203, 211, 223, 227, 235, 243, 259, 275, 279,
    283, 287, 291, 295, 299, 311, 319, 323, 335, 343, 347, 355, 367, 375, 383,
    391, 399, 415, 423, 427, 431, 435, 443, 447
[3] 0, 4, 8, 28, 40, 48, 56, 68, 72, 76, 80, 84, 96, 108, 112, 128, 132, 136,
    140, 144, 148, 156, 164, 188, 200, 208, 220, 224, 232, 240, 256, 272, 276,
    280, 284, 288, 292, 296, 308, 316, 320, 332, 340, 344, 352, 364, 372, 380,
    388, 396, 412, 420, 424, 428, 432, 440, 444
[4] 12, 16, 20, 24, 32, 36, 44, 52, 60, 64, 88, 92, 100, 104, 116, 120, 124,
    152, 160, 168, 172, 176, 180, 184, 192, 196, 204, 212, 216, 228, 236, 244,
    248, 252, 260, 264, 268, 300, 304, 312, 324, 328, 336, 348, 356, 360, 368,
    376, 384, 392, 400, 404, 408, 416, 436
[5] 13, 17, 21, 25, 33, 37, 45, 53, 61, 65, 89, 93, 101, 105, 117, 121, 125,
    153, 161, 169, 173, 177, 181, 185, 193, 197, 205, 213, 217, 229, 237, 245,
    249, 253, 261, 265, 269, 301, 305, 313, 325, 329, 337, 349, 357, 361, 369,
    377, 385, 393, 401, 405, 409, 417, 437
[6] 14, 18, 22, 26, 34, 38, 46, 54, 62, 66, 90, 94, 102, 106, 118, 122, 126,
    154, 162, 170, 174, 178, 182, 186, 194, 198, 206, 214, 218, 230, 238, 246,
    250, 254, 262, 266, 270, 302, 306, 314, 326, 330, 338, 350, 358, 362, 370,
    378, 386, 394, 402, 406, 410, 418, 438
[7] 15, 19, 23, 27, 35, 39, 47, 55, 63, 67, 91, 95, 103, 107, 119, 123, 127,
    155, 163, 171, 175, 179, 183, 187, 195, 199, 207, 215, 219, 231, 239, 247,
    251, 255, 263, 267, 271, 303, 307, 315, 327, 331, 339, 351, 359, 363, 371,
    379, 387, 395, 403, 407, 411, 419, 439

Reassigned labels

Runtime: 0.147996187210083

Performance split_log:

IM without threshold:
Map:
{"D_0": "D", "D_1": "D", "D_2": "D", "D_3": "D", "D_4": "D", "D_5": "D", "D_6": "D", "D_7": "D"}
token_fitness
{"perc_fit_traces": 49.9, "average_trace_fitness": 0.9663148968962675, "log_fitness": 0.9716484635844038, "percentage_of_fitting_traces": 49.9}
precision
0.9369429167456855
0.7971014492753624
generalization
0.8411158137194438

Adjusted Rand Index:
0.20160569068808304



Parameters of this run:

Window size: 3
Threshold for edges: 0
Split candidates: D
Max number of traces: 5000000
Method for distance calculation: Distance.SET_DISTANCE
Method for finding clusters: ClusteringMethod.COMMUNITY_DETECTION
Original log location: ./data/noImprInLoop_default_OD\feb16-1625\logs\A_1_LogD_Sequence_feb16-1625.xes.gz
Use frequency: True

Found communities: 

Clustering with 448 elements and 4 clusters
[0] 3, 7, 11, 15, 19, 23, 27, 31, 35, 39, 43, 47, 51, 55, 59, 63, 67, 71, 75,
    79, 83, 87, 91, 95, 99, 103, 107, 111, 115, 119, 123, 127, 131, 135, 139,
    143, 147, 151, 155, 159, 163, 167, 171, 175, 179, 183, 187, 191, 195, 199,
    203, 207, 211, 215, 219, 223, 227, 231, 235, 239, 243, 247, 251, 255, 259,
    263, 267, 271, 275, 279, 283, 287, 291, 295, 299, 303, 307, 311, 315, 319,
    323, 327, 331, 335, 339, 343, 347, 351, 355, 359, 363, 367, 371, 375, 379,
    383, 387, 391, 395, 399, 403, 407, 411, 415, 419, 423, 427, 431, 435, 439,
    443, 447
[1] 0, 4, 8, 12, 16, 20, 24, 28, 32, 36, 40, 44, 48, 52, 56, 60, 64, 68, 72,
    76, 80, 84, 88, 92, 96, 100, 104, 108, 112, 116, 120, 124, 128, 132, 136,
    140, 144, 148, 152, 156, 160, 164, 168, 172, 176, 180, 184, 188, 192, 196,
    200, 204, 208, 212, 216, 220, 224, 228, 232, 236, 240, 244, 248, 252, 256,
    260, 264, 268, 272, 276, 280, 284, 288, 292, 296, 300, 304, 308, 312, 316,
    320, 324, 328, 332, 336, 340, 344, 348, 352, 356, 360, 364, 368, 372, 376,
    380, 384, 388, 392, 396, 400, 404, 408, 412, 416, 420, 424, 428, 432, 436,
    440, 444
[2] 1, 5, 9, 13, 17, 21, 25, 29, 33, 37, 41, 45, 49, 53, 57, 61, 65, 69, 73,
    77, 81, 85, 89, 93, 97, 101, 105, 109, 113, 117, 121, 125, 129, 133, 137,
    141, 145, 149, 153, 157, 161, 165, 169, 173, 177, 181, 185, 189, 193, 197,
    201, 205, 209, 213, 217, 221, 225, 229, 233, 237, 241, 245, 249, 253, 257,
    261, 265, 269, 273, 277, 281, 285, 289, 293, 297, 301, 305, 309, 313, 317,
    321, 325, 329, 333, 337, 341, 345, 349, 353, 357, 361, 365, 369, 373, 377,
    381, 385, 389, 393, 397, 401, 405, 409, 413, 417, 421, 425, 429, 433, 437,
    441, 445
[3] 2, 6, 10, 14, 18, 22, 26, 30, 34, 38, 42, 46, 50, 54, 58, 62, 66, 70, 74,
    78, 82, 86, 90, 94, 98, 102, 106, 110, 114, 118, 122, 126, 130, 134, 138,
    142, 146, 150, 154, 158, 162, 166, 170, 174, 178, 182, 186, 190, 194, 198,
    202, 206, 210, 214, 218, 222, 226, 230, 234, 238, 242, 246, 250, 254, 258,
    262, 266, 270, 274, 278, 282, 286, 290, 294, 298, 302, 306, 310, 314, 318,
    322, 326, 330, 334, 338, 342, 346, 350, 354, 358, 362, 366, 370, 374, 378,
    382, 386, 390, 394, 398, 402, 406, 410, 414, 418, 422, 426, 430, 434, 438,
    442, 446

Reassigned labels

Runtime: 0.17724013328552246

Performance split_log:

IM without threshold:
Map:
{"D_0": "D", "D_1": "D", "D_2": "D", "D_3": "D"}
token_fitness
{"perc_fit_traces": 49.9, "average_trace_fitness": 0.928933400352607, "log_fitness": 0.9339761175815728, "percentage_of_fitting_traces": 49.9}
precision
0.9796045268001492
0.8
generalization
0.9417234999507169

Adjusted Rand Index:
0.34268671573359116



Parameters of this run:

Window size: 3
Threshold for edges: 0.25
Split candidates: D
Max number of traces: 5000000
Method for distance calculation: Distance.SET_DISTANCE
Method for finding clusters: ClusteringMethod.COMMUNITY_DETECTION
Original log location: ./data/noImprInLoop_default_OD\feb16-1625\logs\A_1_LogD_Sequence_feb16-1625.xes.gz
Use frequency: True

Found communities: 

Clustering with 448 elements and 4 clusters
[0] 3, 7, 11, 15, 19, 23, 27, 31, 35, 39, 43, 47, 51, 55, 59, 63, 67, 71, 75,
    79, 83, 87, 91, 95, 99, 103, 107, 111, 115, 119, 123, 127, 131, 135, 139,
    143, 147, 151, 155, 159, 163, 167, 171, 175, 179, 183, 187, 191, 195, 199,
    203, 207, 211, 215, 219, 223, 227, 231, 235, 239, 243, 247, 251, 255, 259,
    263, 267, 271, 275, 279, 283, 287, 291, 295, 299, 303, 307, 311, 315, 319,
    323, 327, 331, 335, 339, 343, 347, 351, 355, 359, 363, 367, 371, 375, 379,
    383, 387, 391, 395, 399, 403, 407, 411, 415, 419, 423, 427, 431, 435, 439,
    443, 447
[1] 0, 4, 8, 12, 16, 20, 24, 28, 32, 36, 40, 44, 48, 52, 56, 60, 64, 68, 72,
    76, 80, 84, 88, 92, 96, 100, 104, 108, 112, 116, 120, 124, 128, 132, 136,
    140, 144, 148, 152, 156, 160, 164, 168, 172, 176, 180, 184, 188, 192, 196,
    200, 204, 208, 212, 216, 220, 224, 228, 232, 236, 240, 244, 248, 252, 256,
    260, 264, 268, 272, 276, 280, 284, 288, 292, 296, 300, 304, 308, 312, 316,
    320, 324, 328, 332, 336, 340, 344, 348, 352, 356, 360, 364, 368, 372, 376,
    380, 384, 388, 392, 396, 400, 404, 408, 412, 416, 420, 424, 428, 432, 436,
    440, 444
[2] 1, 5, 9, 13, 17, 21, 25, 29, 33, 37, 41, 45, 49, 53, 57, 61, 65, 69, 73,
    77, 81, 85, 89, 93, 97, 101, 105, 109, 113, 117, 121, 125, 129, 133, 137,
    141, 145, 149, 153, 157, 161, 165, 169, 173, 177, 181, 185, 189, 193, 197,
    201, 205, 209, 213, 217, 221, 225, 229, 233, 237, 241, 245, 249, 253, 257,
    261, 265, 269, 273, 277, 281, 285, 289, 293, 297, 301, 305, 309, 313, 317,
    321, 325, 329, 333, 337, 341, 345, 349, 353, 357, 361, 365, 369, 373, 377,
    381, 385, 389, 393, 397, 401, 405, 409, 413, 417, 421, 425, 429, 433, 437,
    441, 445
[3] 2, 6, 10, 14, 18, 22, 26, 30, 34, 38, 42, 46, 50, 54, 58, 62, 66, 70, 74,
    78, 82, 86, 90, 94, 98, 102, 106, 110, 114, 118, 122, 126, 130, 134, 138,
    142, 146, 150, 154, 158, 162, 166, 170, 174, 178, 182, 186, 190, 194, 198,
    202, 206, 210, 214, 218, 222, 226, 230, 234, 238, 242, 246, 250, 254, 258,
    262, 266, 270, 274, 278, 282, 286, 290, 294, 298, 302, 306, 310, 314, 318,
    322, 326, 330, 334, 338, 342, 346, 350, 354, 358, 362, 366, 370, 374, 378,
    382, 386, 390, 394, 398, 402, 406, 410, 414, 418, 422, 426, 430, 434, 438,
    442, 446

Reassigned labels

Runtime: 0.1779952049255371

Performance split_log:

IM without threshold:
Map:
{"D_0": "D", "D_1": "D", "D_2": "D", "D_3": "D"}
token_fitness
{"perc_fit_traces": 100.0, "average_trace_fitness": 1.0, "log_fitness": 1.0, "percentage_of_fitting_traces": 100.0}
precision
0.9764632368256613
0.8
generalization
0.9420422774092474

Adjusted Rand Index:
0.34268671573359116



Parameters of this run:

Window size: 3
Threshold for edges: 0.5
Split candidates: D
Max number of traces: 5000000
Method for distance calculation: Distance.SET_DISTANCE
Method for finding clusters: ClusteringMethod.COMMUNITY_DETECTION
Original log location: ./data/noImprInLoop_default_OD\feb16-1625\logs\A_1_LogD_Sequence_feb16-1625.xes.gz
Use frequency: True

Found communities: 

Clustering with 448 elements and 4 clusters
[0] 0, 4, 8, 12, 16, 20, 24, 28, 32, 36, 40, 44, 48, 52, 56, 60, 64, 68, 72,
    76, 80, 84, 88, 92, 96, 100, 104, 108, 112, 116, 120, 124, 128, 132, 136,
    140, 144, 148, 152, 156, 160, 164, 168, 172, 176, 180, 184, 188, 192, 196,
    200, 204, 208, 212, 216, 220, 224, 228, 232, 236, 240, 244, 248, 252, 256,
    260, 264, 268, 272, 276, 280, 284, 288, 292, 296, 300, 304, 308, 312, 316,
    320, 324, 328, 332, 336, 340, 344, 348, 352, 356, 360, 364, 368, 372, 376,
    380, 384, 388, 392, 396, 400, 404, 408, 412, 416, 420, 424, 428, 432, 436,
    440, 444
[1] 3, 7, 11, 15, 19, 23, 27, 31, 35, 39, 43, 47, 51, 55, 59, 63, 67, 71, 75,
    79, 83, 87, 91, 95, 99, 103, 107, 111, 115, 119, 123, 127, 131, 135, 139,
    143, 147, 151, 155, 159, 163, 167, 171, 175, 179, 183, 187, 191, 195, 199,
    203, 207, 211, 215, 219, 223, 227, 231, 235, 239, 243, 247, 251, 255, 259,
    263, 267, 271, 275, 279, 283, 287, 291, 295, 299, 303, 307, 311, 315, 319,
    323, 327, 331, 335, 339, 343, 347, 351, 355, 359, 363, 367, 371, 375, 379,
    383, 387, 391, 395, 399, 403, 407, 411, 415, 419, 423, 427, 431, 435, 439,
    443, 447
[2] 2, 6, 10, 14, 18, 22, 26, 30, 34, 38, 42, 46, 50, 54, 58, 62, 66, 70, 74,
    78, 82, 86, 90, 94, 98, 102, 106, 110, 114, 118, 122, 126, 130, 134, 138,
    142, 146, 150, 154, 158, 162, 166, 170, 174, 178, 182, 186, 190, 194, 198,
    202, 206, 210, 214, 218, 222, 226, 230, 234, 238, 242, 246, 250, 254, 258,
    262, 266, 270, 274, 278, 282, 286, 290, 294, 298, 302, 306, 310, 314, 318,
    322, 326, 330, 334, 338, 342, 346, 350, 354, 358, 362, 366, 370, 374, 378,
    382, 386, 390, 394, 398, 402, 406, 410, 414, 418, 422, 426, 430, 434, 438,
    442, 446
[3] 1, 5, 9, 13, 17, 21, 25, 29, 33, 37, 41, 45, 49, 53, 57, 61, 65, 69, 73,
    77, 81, 85, 89, 93, 97, 101, 105, 109, 113, 117, 121, 125, 129, 133, 137,
    141, 145, 149, 153, 157, 161, 165, 169, 173, 177, 181, 185, 189, 193, 197,
    201, 205, 209, 213, 217, 221, 225, 229, 233, 237, 241, 245, 249, 253, 257,
    261, 265, 269, 273, 277, 281, 285, 289, 293, 297, 301, 305, 309, 313, 317,
    321, 325, 329, 333, 337, 341, 345, 349, 353, 357, 361, 365, 369, 373, 377,
    381, 385, 389, 393, 397, 401, 405, 409, 413, 417, 421, 425, 429, 433, 437,
    441, 445

Reassigned labels

Runtime: 0.17834019660949707

Performance split_log:

IM without threshold:
Map:
{"D_0": "D", "D_1": "D", "D_2": "D", "D_3": "D"}
token_fitness
{"perc_fit_traces": 49.9, "average_trace_fitness": 0.928933400352607, "log_fitness": 0.9339761175815728, "percentage_of_fitting_traces": 49.9}
precision
0.9796045268001492
0.8
generalization
0.9417234999507169

Adjusted Rand Index:
0.34268671573359116



Parameters of this run:

Window size: 3
Threshold for edges: 0.75
Split candidates: D
Max number of traces: 5000000
Method for distance calculation: Distance.SET_DISTANCE
Method for finding clusters: ClusteringMethod.COMMUNITY_DETECTION
Original log location: ./data/noImprInLoop_default_OD\feb16-1625\logs\A_1_LogD_Sequence_feb16-1625.xes.gz
Use frequency: True

Found communities: 

Clustering with 448 elements and 4 clusters
[0] 0, 1, 4, 5, 8, 9, 13, 17, 21, 25, 28, 29, 33, 37, 40, 41, 45, 48, 49, 53,
    56, 57, 61, 65, 68, 69, 72, 73, 76, 77, 80, 81, 84, 85, 89, 93, 96, 97,
    101, 105, 108, 109, 112, 113, 117, 121, 125, 128, 129, 132, 133, 136, 137,
    140, 141, 144, 145, 148, 149, 153, 156, 157, 161, 164, 165, 169, 173, 177,
    181, 185, 188, 189, 193, 197, 200, 201, 205, 208, 209, 213, 217, 220, 221,
    224, 225, 229, 232, 233, 237, 240, 241, 245, 249, 253, 256, 257, 261, 265,
    269, 272, 273, 276, 277, 280, 281, 284, 285, 288, 289, 292, 293, 296, 297,
    301, 305, 308, 309, 313, 316, 317, 320, 321, 325, 329, 332, 333, 337, 340,
    341, 344, 345, 349, 352, 353, 357, 361, 364, 365, 369, 372, 373, 377, 380,
    381, 385, 388, 389, 393, 396, 397, 401, 405, 409, 412, 413, 417, 420, 421,
    424, 425, 428, 429, 432, 433, 437, 440, 441, 444, 445
[1] 3, 7, 11, 15, 19, 23, 27, 31, 35, 39, 43, 47, 51, 55, 59, 63, 67, 71, 75,
    79, 83, 87, 91, 95, 99, 103, 107, 111, 115, 119, 123, 127, 131, 135, 139,
    143, 147, 151, 155, 159, 163, 167, 171, 175, 179, 183, 187, 191, 195, 199,
    203, 207, 211, 215, 219, 223, 227, 231, 235, 239, 243, 247, 251, 255, 259,
    263, 267, 271, 275, 279, 283, 287, 291, 295, 299, 303, 307, 311, 315, 319,
    323, 327, 331, 335, 339, 343, 347, 351, 355, 359, 363, 367, 371, 375, 379,
    383, 387, 391, 395, 399, 403, 407, 411, 415, 419, 423, 427, 431, 435, 439,
    443, 447
[2] 2, 6, 10, 14, 18, 22, 26, 30, 34, 38, 42, 46, 50, 54, 58, 62, 66, 70, 74,
    78, 82, 86, 90, 94, 98, 102, 106, 110, 114, 118, 122, 126, 130, 134, 138,
    142, 146, 150, 154, 158, 162, 166, 170, 174, 178, 182, 186, 190, 194, 198,
    202, 206, 210, 214, 218, 222, 226, 230, 234, 238, 242, 246, 250, 254, 258,
    262, 266, 270, 274, 278, 282, 286, 290, 294, 298, 302, 306, 310, 314, 318,
    322, 326, 330, 334, 338, 342, 346, 350, 354, 358, 362, 366, 370, 374, 378,
    382, 386, 390, 394, 398, 402, 406, 410, 414, 418, 422, 426, 430, 434, 438,
    442, 446
[3] 12, 16, 20, 24, 32, 36, 44, 52, 60, 64, 88, 92, 100, 104, 116, 120, 124,
    152, 160, 168, 172, 176, 180, 184, 192, 196, 204, 212, 216, 228, 236, 244,
    248, 252, 260, 264, 268, 300, 304, 312, 324, 328, 336, 348, 356, 360, 368,
    376, 384, 392, 400, 404, 408, 416, 436

Reassigned labels

Runtime: 0.16406464576721191

Performance split_log:

IM without threshold:
Map:
{"D_0": "D", "D_1": "D", "D_2": "D", "D_3": "D"}
token_fitness
{"perc_fit_traces": 50.1, "average_trace_fitness": 0.9657723242851859, "log_fitness": 0.9670956301419462, "percentage_of_fitting_traces": 50.1}
precision
0.9349295230739525
0.7704918032786884
generalization
0.8997821992646631

Adjusted Rand Index:
0.12625552384043853



Parameters of this run:

Window size: 3
Threshold for edges: 1
Split candidates: D
Max number of traces: 5000000
Method for distance calculation: Distance.SET_DISTANCE
Method for finding clusters: ClusteringMethod.COMMUNITY_DETECTION
Original log location: ./data/noImprInLoop_default_OD\feb16-1625\logs\A_1_LogD_Sequence_feb16-1625.xes.gz
Use frequency: True

Found communities: 

Clustering with 448 elements and 6 clusters
[0] 1, 5, 9, 13, 17, 21, 25, 29, 33, 37, 41, 45, 49, 53, 57, 61, 65, 69, 73,
    77, 81, 85, 89, 93, 97, 101, 105, 109, 113, 117, 121, 125, 129, 133, 137,
    141, 145, 149, 153, 157, 161, 165, 169, 173, 177, 181, 185, 189, 193, 197,
    201, 205, 209, 213, 217, 221, 225, 229, 233, 237, 241, 245, 249, 253, 257,
    261, 265, 269, 273, 277, 281, 285, 289, 293, 297, 301, 305, 309, 313, 317,
    321, 325, 329, 333, 337, 341, 345, 349, 353, 357, 361, 365, 369, 373, 377,
    381, 385, 389, 393, 397, 401, 405, 409, 413, 417, 421, 425, 429, 433, 437,
    441, 445
[1] 2, 6, 10, 14, 18, 22, 26, 30, 34, 38, 42, 46, 50, 54, 58, 62, 66, 70, 74,
    78, 82, 86, 90, 94, 98, 102, 106, 110, 114, 118, 122, 126, 130, 134, 138,
    142, 146, 150, 154, 158, 162, 166, 170, 174, 178, 182, 186, 190, 194, 198,
    202, 206, 210, 214, 218, 222, 226, 230, 234, 238, 242, 246, 250, 254, 258,
    262, 266, 270, 274, 278, 282, 286, 290, 294, 298, 302, 306, 310, 314, 318,
    322, 326, 330, 334, 338, 342, 346, 350, 354, 358, 362, 366, 370, 374, 378,
    382, 386, 390, 394, 398, 402, 406, 410, 414, 418, 422, 426, 430, 434, 438,
    442, 446
[2] 3, 7, 11, 31, 43, 51, 59, 71, 75, 79, 83, 87, 99, 111, 115, 131, 135, 139,
    143, 147, 151, 159, 167, 191, 203, 211, 223, 227, 235, 243, 259, 275, 279,
    283, 287, 291, 295, 299, 311, 319, 323, 335, 343, 347, 355, 367, 375, 383,
    391, 399, 415, 423, 427, 431, 435, 443, 447
[3] 0, 4, 8, 28, 40, 48, 56, 68, 72, 76, 80, 84, 96, 108, 112, 128, 132, 136,
    140, 144, 148, 156, 164, 188, 200, 208, 220, 224, 232, 240, 256, 272, 276,
    280, 284, 288, 292, 296, 308, 316, 320, 332, 340, 344, 352, 364, 372, 380,
    388, 396, 412, 420, 424, 428, 432, 440, 444
[4] 12, 16, 20, 24, 32, 36, 44, 52, 60, 64, 88, 92, 100, 104, 116, 120, 124,
    152, 160, 168, 172, 176, 180, 184, 192, 196, 204, 212, 216, 228, 236, 244,
    248, 252, 260, 264, 268, 300, 304, 312, 324, 328, 336, 348, 356, 360, 368,
    376, 384, 392, 400, 404, 408, 416, 436
[5] 15, 19, 23, 27, 35, 39, 47, 55, 63, 67, 91, 95, 103, 107, 119, 123, 127,
    155, 163, 171, 175, 179, 183, 187, 195, 199, 207, 215, 219, 231, 239, 247,
    251, 255, 263, 267, 271, 303, 307, 315, 327, 331, 339, 351, 359, 363, 371,
    379, 387, 395, 403, 407, 411, 419, 439

Reassigned labels

Runtime: 0.16399598121643066

Performance split_log:

IM without threshold:
Map:
{"D_0": "D", "D_1": "D", "D_2": "D", "D_3": "D", "D_4": "D", "D_5": "D"}
token_fitness
{"perc_fit_traces": 49.9, "average_trace_fitness": 0.9663148968962675, "log_fitness": 0.9708245981830887, "percentage_of_fitting_traces": 49.9}
precision
0.9369429167456855
0.7777777777777779
generalization
0.9038403572899204

Adjusted Rand Index:
0.22614792898409958



Parameters of this run:

Window size: 3
Threshold for edges: 0
Split candidates: D
Max number of traces: 5000000
Method for distance calculation: Distance.MULTISET_DISTANCE
Method for finding clusters: ClusteringMethod.COMMUNITY_DETECTION
Original log location: ./data/noImprInLoop_default_OD\feb16-1625\logs\A_1_LogD_Sequence_feb16-1625.xes.gz
Use frequency: True

Found communities: 

Clustering with 448 elements and 2 clusters
[0] 2, 3, 6, 7, 10, 11, 14, 15, 18, 19, 22, 23, 26, 27, 30, 31, 34, 35, 38,
    39, 42, 43, 46, 47, 50, 51, 54, 55, 58, 59, 62, 63, 66, 67, 70, 71, 74,
    75, 78, 79, 82, 83, 86, 87, 90, 91, 94, 95, 98, 99, 102, 103, 106, 107,
    110, 111, 114, 115, 118, 119, 122, 123, 126, 127, 130, 131, 134, 135, 138,
    139, 142, 143, 146, 147, 150, 151, 154, 155, 158, 159, 162, 163, 166, 167,
    170, 171, 174, 175, 178, 179, 182, 183, 186, 187, 190, 191, 194, 195, 198,
    199, 202, 203, 206, 207, 210, 211, 214, 215, 218, 219, 222, 223, 226, 227,
    230, 231, 234, 235, 238, 239, 242, 243, 246, 247, 250, 251, 254, 255, 258,
    259, 262, 263, 266, 267, 270, 271, 274, 275, 278, 279, 282, 283, 286, 287,
    290, 291, 294, 295, 298, 299, 302, 303, 306, 307, 310, 311, 314, 315, 318,
    319, 322, 323, 326, 327, 330, 331, 334, 335, 338, 339, 342, 343, 346, 347,
    350, 351, 354, 355, 358, 359, 362, 363, 366, 367, 370, 371, 374, 375, 378,
    379, 382, 383, 386, 387, 390, 391, 394, 395, 398, 399, 402, 403, 406, 407,
    410, 411, 414, 415, 418, 419, 422, 423, 426, 427, 430, 431, 434, 435, 438,
    439, 442, 443, 446, 447
[1] 0, 1, 4, 5, 8, 9, 12, 13, 16, 17, 20, 21, 24, 25, 28, 29, 32, 33, 36, 37,
    40, 41, 44, 45, 48, 49, 52, 53, 56, 57, 60, 61, 64, 65, 68, 69, 72, 73,
    76, 77, 80, 81, 84, 85, 88, 89, 92, 93, 96, 97, 100, 101, 104, 105, 108,
    109, 112, 113, 116, 117, 120, 121, 124, 125, 128, 129, 132, 133, 136, 137,
    140, 141, 144, 145, 148, 149, 152, 153, 156, 157, 160, 161, 164, 165, 168,
    169, 172, 173, 176, 177, 180, 181, 184, 185, 188, 189, 192, 193, 196, 197,
    200, 201, 204, 205, 208, 209, 212, 213, 216, 217, 220, 221, 224, 225, 228,
    229, 232, 233, 236, 237, 240, 241, 244, 245, 248, 249, 252, 253, 256, 257,
    260, 261, 264, 265, 268, 269, 272, 273, 276, 277, 280, 281, 284, 285, 288,
    289, 292, 293, 296, 297, 300, 301, 304, 305, 308, 309, 312, 313, 316, 317,
    320, 321, 324, 325, 328, 329, 332, 333, 336, 337, 340, 341, 344, 345, 348,
    349, 352, 353, 356, 357, 360, 361, 364, 365, 368, 369, 372, 373, 376, 377,
    380, 381, 384, 385, 388, 389, 392, 393, 396, 397, 400, 401, 404, 405, 408,
    409, 412, 413, 416, 417, 420, 421, 424, 425, 428, 429, 432, 433, 436, 437,
    440, 441, 444, 445

Reassigned labels

Runtime: 0.177781343460083

Performance split_log:

IM without threshold:
Map:
{"D_0": "D", "D_1": "D"}
token_fitness
{"perc_fit_traces": 49.9, "average_trace_fitness": 0.9729468005970984, "log_fitness": 0.974037620776011, "percentage_of_fitting_traces": 49.9}
precision
0.825854476829524
0.7575757575757577
generalization
0.9034925567468203

Adjusted Rand Index:
0.1752457611832613



Parameters of this run:

Window size: 3
Threshold for edges: 0.25
Split candidates: D
Max number of traces: 5000000
Method for distance calculation: Distance.MULTISET_DISTANCE
Method for finding clusters: ClusteringMethod.COMMUNITY_DETECTION
Original log location: ./data/noImprInLoop_default_OD\feb16-1625\logs\A_1_LogD_Sequence_feb16-1625.xes.gz
Use frequency: True

Found communities: 

Clustering with 448 elements and 2 clusters
[0] 2, 3, 6, 7, 10, 11, 14, 15, 18, 19, 22, 23, 26, 27, 30, 31, 34, 35, 38,
    39, 42, 43, 46, 47, 50, 51, 54, 55, 58, 59, 62, 63, 66, 67, 70, 71, 74,
    75, 78, 79, 82, 83, 86, 87, 90, 91, 94, 95, 98, 99, 102, 103, 106, 107,
    110, 111, 114, 115, 118, 119, 122, 123, 126, 127, 130, 131, 134, 135, 138,
    139, 142, 143, 146, 147, 150, 151, 154, 155, 158, 159, 162, 163, 166, 167,
    170, 171, 174, 175, 178, 179, 182, 183, 186, 187, 190, 191, 194, 195, 198,
    199, 202, 203, 206, 207, 210, 211, 214, 215, 218, 219, 222, 223, 226, 227,
    230, 231, 234, 235, 238, 239, 242, 243, 246, 247, 250, 251, 254, 255, 258,
    259, 262, 263, 266, 267, 270, 271, 274, 275, 278, 279, 282, 283, 286, 287,
    290, 291, 294, 295, 298, 299, 302, 303, 306, 307, 310, 311, 314, 315, 318,
    319, 322, 323, 326, 327, 330, 331, 334, 335, 338, 339, 342, 343, 346, 347,
    350, 351, 354, 355, 358, 359, 362, 363, 366, 367, 370, 371, 374, 375, 378,
    379, 382, 383, 386, 387, 390, 391, 394, 395, 398, 399, 402, 403, 406, 407,
    410, 411, 414, 415, 418, 419, 422, 423, 426, 427, 430, 431, 434, 435, 438,
    439, 442, 443, 446, 447
[1] 0, 1, 4, 5, 8, 9, 12, 13, 16, 17, 20, 21, 24, 25, 28, 29, 32, 33, 36, 37,
    40, 41, 44, 45, 48, 49, 52, 53, 56, 57, 60, 61, 64, 65, 68, 69, 72, 73,
    76, 77, 80, 81, 84, 85, 88, 89, 92, 93, 96, 97, 100, 101, 104, 105, 108,
    109, 112, 113, 116, 117, 120, 121, 124, 125, 128, 129, 132, 133, 136, 137,
    140, 141, 144, 145, 148, 149, 152, 153, 156, 157, 160, 161, 164, 165, 168,
    169, 172, 173, 176, 177, 180, 181, 184, 185, 188, 189, 192, 193, 196, 197,
    200, 201, 204, 205, 208, 209, 212, 213, 216, 217, 220, 221, 224, 225, 228,
    229, 232, 233, 236, 237, 240, 241, 244, 245, 248, 249, 252, 253, 256, 257,
    260, 261, 264, 265, 268, 269, 272, 273, 276, 277, 280, 281, 284, 285, 288,
    289, 292, 293, 296, 297, 300, 301, 304, 305, 308, 309, 312, 313, 316, 317,
    320, 321, 324, 325, 328, 329, 332, 333, 336, 337, 340, 341, 344, 345, 348,
    349, 352, 353, 356, 357, 360, 361, 364, 365, 368, 369, 372, 373, 376, 377,
    380, 381, 384, 385, 388, 389, 392, 393, 396, 397, 400, 401, 404, 405, 408,
    409, 412, 413, 416, 417, 420, 421, 424, 425, 428, 429, 432, 433, 436, 437,
    440, 441, 444, 445

Reassigned labels

Runtime: 0.17580938339233398

Performance split_log:

IM without threshold:
Map:
{"D_0": "D", "D_1": "D"}
token_fitness
{"perc_fit_traces": 49.9, "average_trace_fitness": 0.9729468005970984, "log_fitness": 0.974037620776011, "percentage_of_fitting_traces": 49.9}
precision
0.825854476829524
0.7575757575757577
generalization
0.9034925567468203

Adjusted Rand Index:
0.1752457611832613



Parameters of this run:

Window size: 3
Threshold for edges: 0.5
Split candidates: D
Max number of traces: 5000000
Method for distance calculation: Distance.MULTISET_DISTANCE
Method for finding clusters: ClusteringMethod.COMMUNITY_DETECTION
Original log location: ./data/noImprInLoop_default_OD\feb16-1625\logs\A_1_LogD_Sequence_feb16-1625.xes.gz
Use frequency: True

Found communities: 

Clustering with 448 elements and 2 clusters
[0] 0, 1, 4, 5, 8, 9, 12, 13, 16, 17, 20, 21, 24, 25, 28, 29, 32, 33, 36, 37,
    40, 41, 44, 45, 48, 49, 52, 53, 56, 57, 60, 61, 64, 65, 68, 69, 72, 73,
    76, 77, 80, 81, 84, 85, 88, 89, 92, 93, 96, 97, 100, 101, 104, 105, 108,
    109, 112, 113, 116, 117, 120, 121, 124, 125, 128, 129, 132, 133, 136, 137,
    140, 141, 144, 145, 148, 149, 152, 153, 156, 157, 160, 161, 164, 165, 168,
    169, 172, 173, 176, 177, 180, 181, 184, 185, 188, 189, 192, 193, 196, 197,
    200, 201, 204, 205, 208, 209, 212, 213, 216, 217, 220, 221, 224, 225, 228,
    229, 232, 233, 236, 237, 240, 241, 244, 245, 248, 249, 252, 253, 256, 257,
    260, 261, 264, 265, 268, 269, 272, 273, 276, 277, 280, 281, 284, 285, 288,
    289, 292, 293, 296, 297, 300, 301, 304, 305, 308, 309, 312, 313, 316, 317,
    320, 321, 324, 325, 328, 329, 332, 333, 336, 337, 340, 341, 344, 345, 348,
    349, 352, 353, 356, 357, 360, 361, 364, 365, 368, 369, 372, 373, 376, 377,
    380, 381, 384, 385, 388, 389, 392, 393, 396, 397, 400, 401, 404, 405, 408,
    409, 412, 413, 416, 417, 420, 421, 424, 425, 428, 429, 432, 433, 436, 437,
    440, 441, 444, 445
[1] 2, 3, 6, 7, 10, 11, 14, 15, 18, 19, 22, 23, 26, 27, 30, 31, 34, 35, 38,
    39, 42, 43, 46, 47, 50, 51, 54, 55, 58, 59, 62, 63, 66, 67, 70, 71, 74,
    75, 78, 79, 82, 83, 86, 87, 90, 91, 94, 95, 98, 99, 102, 103, 106, 107,
    110, 111, 114, 115, 118, 119, 122, 123, 126, 127, 130, 131, 134, 135, 138,
    139, 142, 143, 146, 147, 150, 151, 154, 155, 158, 159, 162, 163, 166, 167,
    170, 171, 174, 175, 178, 179, 182, 183, 186, 187, 190, 191, 194, 195, 198,
    199, 202, 203, 206, 207, 210, 211, 214, 215, 218, 219, 222, 223, 226, 227,
    230, 231, 234, 235, 238, 239, 242, 243, 246, 247, 250, 251, 254, 255, 258,
    259, 262, 263, 266, 267, 270, 271, 274, 275, 278, 279, 282, 283, 286, 287,
    290, 291, 294, 295, 298, 299, 302, 303, 306, 307, 310, 311, 314, 315, 318,
    319, 322, 323, 326, 327, 330, 331, 334, 335, 338, 339, 342, 343, 346, 347,
    350, 351, 354, 355, 358, 359, 362, 363, 366, 367, 370, 371, 374, 375, 378,
    379, 382, 383, 386, 387, 390, 391, 394, 395, 398, 399, 402, 403, 406, 407,
    410, 411, 414, 415, 418, 419, 422, 423, 426, 427, 430, 431, 434, 435, 438,
    439, 442, 443, 446, 447

Reassigned labels

Runtime: 0.1799943447113037

Performance split_log:

IM without threshold:
Map:
{"D_0": "D", "D_1": "D"}
token_fitness
{"perc_fit_traces": 0.0, "average_trace_fitness": 0.9235299973484755, "log_fitness": 0.9296735045214528, "percentage_of_fitting_traces": 0.0}
precision
0.7998933475536595
0.7575757575757577
generalization
0.7903757871974031

Adjusted Rand Index:
0.1752457611832613



Parameters of this run:

Window size: 3
Threshold for edges: 0.75
Split candidates: D
Max number of traces: 5000000
Method for distance calculation: Distance.MULTISET_DISTANCE
Method for finding clusters: ClusteringMethod.COMMUNITY_DETECTION
Original log location: ./data/noImprInLoop_default_OD\feb16-1625\logs\A_1_LogD_Sequence_feb16-1625.xes.gz
Use frequency: True

Found communities: 

Clustering with 448 elements and 4 clusters
[0] 0, 1, 4, 5, 8, 9, 13, 17, 21, 25, 28, 29, 33, 37, 40, 41, 45, 48, 49, 53,
    56, 57, 61, 65, 68, 69, 72, 73, 76, 77, 80, 81, 84, 85, 89, 93, 96, 97,
    101, 105, 108, 109, 112, 113, 117, 121, 125, 128, 129, 132, 133, 136, 137,
    140, 141, 144, 145, 148, 149, 153, 156, 157, 161, 164, 165, 169, 173, 177,
    181, 185, 188, 189, 193, 197, 200, 201, 205, 208, 209, 213, 217, 220, 221,
    224, 225, 229, 232, 233, 237, 240, 241, 245, 249, 253, 256, 257, 261, 265,
    269, 272, 273, 276, 277, 280, 281, 284, 285, 288, 289, 292, 293, 296, 297,
    301, 305, 308, 309, 313, 316, 317, 320, 321, 325, 329, 332, 333, 337, 340,
    341, 344, 345, 349, 352, 353, 357, 361, 364, 365, 369, 372, 373, 377, 380,
    381, 385, 388, 389, 393, 396, 397, 401, 405, 409, 412, 413, 417, 420, 421,
    424, 425, 428, 429, 432, 433, 437, 440, 441, 444, 445
[1] 2, 6, 10, 14, 15, 18, 19, 22, 23, 26, 27, 30, 34, 35, 38, 39, 42, 46, 47,
    50, 54, 55, 58, 62, 66, 67, 70, 74, 78, 82, 86, 90, 91, 94, 95, 98, 102,
    103, 106, 107, 110, 114, 118, 119, 122, 123, 126, 127, 130, 134, 138, 142,
    146, 150, 154, 155, 158, 162, 163, 166, 170, 171, 174, 175, 178, 179, 182,
    183, 186, 187, 190, 194, 195, 198, 199, 202, 206, 207, 210, 214, 215, 218,
    219, 222, 226, 230, 231, 234, 238, 239, 242, 246, 247, 250, 251, 254, 255,
    258, 262, 263, 266, 267, 270, 271, 274, 278, 282, 286, 290, 294, 298, 302,
    303, 306, 307, 310, 314, 315, 318, 322, 326, 327, 330, 331, 334, 338, 339,
    342, 346, 350, 351, 354, 358, 362, 363, 366, 370, 371, 374, 378, 379, 382,
    386, 387, 390, 394, 395, 398, 402, 403, 406, 407, 410, 411, 414, 418, 419,
    422, 426, 430, 434, 438, 439, 442, 446
[2] 3, 7, 11, 31, 43, 51, 59, 63, 71, 75, 79, 83, 87, 99, 111, 115, 131, 135,
    139, 143, 147, 151, 159, 167, 191, 203, 211, 223, 227, 235, 243, 259, 275,
    279, 283, 287, 291, 295, 299, 311, 319, 323, 335, 343, 347, 355, 359, 367,
    375, 383, 391, 399, 415, 423, 427, 431, 435, 443, 447
[3] 12, 16, 20, 24, 32, 36, 44, 52, 60, 64, 88, 92, 100, 104, 116, 120, 124,
    152, 160, 168, 172, 176, 180, 184, 192, 196, 204, 212, 216, 228, 236, 244,
    248, 252, 260, 264, 268, 300, 304, 312, 324, 328, 336, 348, 356, 360, 368,
    376, 384, 392, 400, 404, 408, 416, 436

Reassigned labels

Runtime: 0.15499472618103027

Performance split_log:

IM without threshold:
Map:
{"D_0": "D", "D_1": "D", "D_2": "D", "D_3": "D"}
token_fitness
{"perc_fit_traces": 100.0, "average_trace_fitness": 1.0, "log_fitness": 1.0, "percentage_of_fitting_traces": 100.0}
precision
0.8320908768193114
0.7534246575342466
generalization
0.8804033457254395

Adjusted Rand Index:
0.1337355985820454



Parameters of this run:

Window size: 3
Threshold for edges: 1
Split candidates: D
Max number of traces: 5000000
Method for distance calculation: Distance.MULTISET_DISTANCE
Method for finding clusters: ClusteringMethod.COMMUNITY_DETECTION
Original log location: ./data/noImprInLoop_default_OD\feb16-1625\logs\A_1_LogD_Sequence_feb16-1625.xes.gz
Use frequency: True

Found communities: 

Clustering with 448 elements and 6 clusters
[0] 1, 5, 9, 13, 17, 21, 25, 29, 33, 37, 41, 45, 49, 53, 57, 61, 65, 69, 73,
    77, 81, 85, 89, 93, 97, 101, 105, 109, 113, 117, 121, 125, 129, 133, 137,
    141, 145, 149, 153, 157, 161, 165, 169, 173, 177, 181, 185, 189, 193, 197,
    201, 205, 209, 213, 217, 221, 225, 229, 233, 237, 241, 245, 249, 253, 257,
    261, 265, 269, 273, 277, 281, 285, 289, 293, 297, 301, 305, 309, 313, 317,
    321, 325, 329, 333, 337, 341, 345, 349, 353, 357, 361, 365, 369, 373, 377,
    381, 385, 389, 393, 397, 401, 405, 409, 413, 417, 421, 425, 429, 433, 437,
    441, 445
[1] 2, 6, 10, 14, 18, 22, 26, 30, 34, 38, 42, 46, 50, 54, 58, 62, 66, 70, 74,
    78, 82, 86, 90, 94, 98, 102, 106, 110, 114, 118, 122, 126, 130, 134, 138,
    142, 146, 150, 154, 158, 162, 166, 170, 174, 178, 182, 186, 190, 194, 198,
    202, 206, 210, 214, 218, 222, 226, 230, 234, 238, 242, 246, 250, 254, 258,
    262, 266, 270, 274, 278, 282, 286, 290, 294, 298, 302, 306, 310, 314, 318,
    322, 326, 330, 334, 338, 342, 346, 350, 354, 358, 362, 366, 370, 374, 378,
    382, 386, 390, 394, 398, 402, 406, 410, 414, 418, 422, 426, 430, 434, 438,
    442, 446
[2] 3, 7, 11, 31, 43, 51, 59, 71, 75, 79, 83, 87, 99, 111, 115, 131, 135, 139,
    143, 147, 151, 159, 167, 191, 203, 211, 223, 227, 235, 243, 259, 275, 279,
    283, 287, 291, 295, 299, 311, 319, 323, 335, 343, 347, 355, 367, 375, 383,
    391, 399, 415, 423, 427, 431, 435, 443, 447
[3] 0, 4, 8, 28, 40, 48, 56, 68, 72, 76, 80, 84, 96, 108, 112, 128, 132, 136,
    140, 144, 148, 156, 164, 188, 200, 208, 220, 224, 232, 240, 256, 272, 276,
    280, 284, 288, 292, 296, 308, 316, 320, 332, 340, 344, 352, 364, 372, 380,
    388, 396, 412, 420, 424, 428, 432, 440, 444
[4] 12, 16, 20, 24, 32, 36, 44, 52, 60, 64, 88, 92, 100, 104, 116, 120, 124,
    152, 160, 168, 172, 176, 180, 184, 192, 196, 204, 212, 216, 228, 236, 244,
    248, 252, 260, 264, 268, 300, 304, 312, 324, 328, 336, 348, 356, 360, 368,
    376, 384, 392, 400, 404, 408, 416, 436
[5] 15, 19, 23, 27, 35, 39, 47, 55, 63, 67, 91, 95, 103, 107, 119, 123, 127,
    155, 163, 171, 175, 179, 183, 187, 195, 199, 207, 215, 219, 231, 239, 247,
    251, 255, 263, 267, 271, 303, 307, 315, 327, 331, 339, 351, 359, 363, 371,
    379, 387, 395, 403, 407, 411, 419, 439

Reassigned labels

Runtime: 0.1589961051940918

Performance split_log:

IM without threshold:
Map:
{"D_0": "D", "D_1": "D", "D_2": "D", "D_3": "D", "D_4": "D", "D_5": "D"}
token_fitness
{"perc_fit_traces": 49.9, "average_trace_fitness": 0.9663148968962675, "log_fitness": 0.9708245981830887, "percentage_of_fitting_traces": 49.9}
precision
0.9369429167456855
0.7777777777777779
generalization
0.9038403572899204

Adjusted Rand Index:
0.22614792898409958



Parameters of this run:

Window size: 5
Threshold for edges: 0
Split candidates: D
Max number of traces: 5000000
Method for distance calculation: Distance.EDIT_DISTANCE
Method for finding clusters: ClusteringMethod.COMMUNITY_DETECTION
Original log location: ./data/noImprInLoop_default_OD\feb16-1625\logs\A_1_LogD_Sequence_feb16-1625.xes.gz
Use frequency: True

Found communities: 

Clustering with 448 elements and 3 clusters
[0] 2, 3, 6, 7, 10, 11, 14, 15, 18, 19, 22, 23, 26, 27, 30, 31, 34, 35, 38,
    39, 42, 43, 46, 47, 50, 51, 54, 55, 58, 59, 62, 63, 66, 67, 70, 71, 74,
    75, 78, 79, 82, 83, 86, 87, 90, 91, 94, 95, 98, 99, 102, 103, 106, 107,
    110, 111, 114, 115, 118, 119, 122, 123, 126, 127, 130, 131, 134, 135, 138,
    139, 142, 143, 146, 147, 150, 151, 154, 155, 158, 159, 162, 163, 166, 167,
    170, 171, 174, 175, 178, 179, 182, 183, 186, 187, 190, 191, 194, 195, 198,
    199, 202, 203, 206, 207, 210, 211, 214, 215, 218, 219, 222, 223, 226, 227,
    230, 231, 234, 235, 238, 239, 242, 243, 246, 247, 250, 251, 254, 255, 258,
    259, 262, 263, 266, 267, 270, 271, 274, 275, 278, 279, 282, 283, 286, 287,
    290, 291, 294, 295, 298, 299, 302, 303, 306, 307, 310, 311, 314, 315, 318,
    319, 322, 323, 326, 327, 330, 331, 334, 335, 338, 339, 342, 343, 346, 347,
    350, 351, 354, 355, 358, 359, 362, 363, 366, 367, 370, 371, 374, 375, 378,
    379, 382, 383, 386, 387, 390, 391, 394, 395, 398, 399, 402, 403, 406, 407,
    410, 411, 414, 415, 418, 419, 422, 423, 426, 427, 430, 431, 434, 435, 438,
    439, 442, 443, 446, 447
[1] 0, 4, 8, 12, 16, 20, 24, 28, 32, 36, 40, 44, 48, 52, 56, 60, 64, 68, 72,
    76, 80, 84, 88, 92, 96, 100, 104, 108, 112, 116, 120, 124, 128, 132, 136,
    140, 144, 148, 152, 156, 160, 164, 168, 172, 176, 180, 184, 188, 192, 196,
    200, 204, 208, 212, 216, 220, 224, 228, 232, 236, 240, 244, 248, 252, 256,
    260, 264, 268, 272, 276, 280, 284, 288, 292, 296, 300, 304, 308, 312, 316,
    320, 324, 328, 332, 336, 340, 344, 348, 352, 356, 360, 364, 368, 372, 376,
    380, 384, 388, 392, 396, 400, 404, 408, 412, 416, 420, 424, 428, 432, 436,
    440, 444
[2] 1, 5, 9, 13, 17, 21, 25, 29, 33, 37, 41, 45, 49, 53, 57, 61, 65, 69, 73,
    77, 81, 85, 89, 93, 97, 101, 105, 109, 113, 117, 121, 125, 129, 133, 137,
    141, 145, 149, 153, 157, 161, 165, 169, 173, 177, 181, 185, 189, 193, 197,
    201, 205, 209, 213, 217, 221, 225, 229, 233, 237, 241, 245, 249, 253, 257,
    261, 265, 269, 273, 277, 281, 285, 289, 293, 297, 301, 305, 309, 313, 317,
    321, 325, 329, 333, 337, 341, 345, 349, 353, 357, 361, 365, 369, 373, 377,
    381, 385, 389, 393, 397, 401, 405, 409, 413, 417, 421, 425, 429, 433, 437,
    441, 445

Reassigned labels

Runtime: 0.18393325805664062

Performance split_log:

IM without threshold:
Map:
{"D_0": "D", "D_1": "D", "D_2": "D"}
token_fitness
{"perc_fit_traces": 49.9, "average_trace_fitness": 0.9698927970732962, "log_fitness": 0.9714404894448878, "percentage_of_fitting_traces": 49.9}
precision
0.8714459564111074
0.7777777777777779
generalization
0.940178042053563

Adjusted Rand Index:
0.3431521813927885



Parameters of this run:

Window size: 5
Threshold for edges: 0.25
Split candidates: D
Max number of traces: 5000000
Method for distance calculation: Distance.EDIT_DISTANCE
Method for finding clusters: ClusteringMethod.COMMUNITY_DETECTION
Original log location: ./data/noImprInLoop_default_OD\feb16-1625\logs\A_1_LogD_Sequence_feb16-1625.xes.gz
Use frequency: True

Found communities: 

Clustering with 448 elements and 2 clusters
[0] 2, 3, 6, 7, 10, 11, 14, 15, 18, 19, 22, 23, 26, 27, 30, 31, 34, 35, 38,
    39, 42, 43, 46, 47, 50, 51, 54, 55, 58, 59, 62, 63, 66, 67, 70, 71, 74,
    75, 78, 79, 82, 83, 86, 87, 90, 91, 94, 95, 98, 99, 102, 103, 106, 107,
    110, 111, 114, 115, 118, 119, 122, 123, 126, 127, 130, 131, 134, 135, 138,
    139, 142, 143, 146, 147, 150, 151, 154, 155, 158, 159, 162, 163, 166, 167,
    170, 171, 174, 175, 178, 179, 182, 183, 186, 187, 190, 191, 194, 195, 198,
    199, 202, 203, 206, 207, 210, 211, 214, 215, 218, 219, 222, 223, 226, 227,
    230, 231, 234, 235, 238, 239, 242, 243, 246, 247, 250, 251, 254, 255, 258,
    259, 262, 263, 266, 267, 270, 271, 274, 275, 278, 279, 282, 283, 286, 287,
    290, 291, 294, 295, 298, 299, 302, 303, 306, 307, 310, 311, 314, 315, 318,
    319, 322, 323, 326, 327, 330, 331, 334, 335, 338, 339, 342, 343, 346, 347,
    350, 351, 354, 355, 358, 359, 362, 363, 366, 367, 370, 371, 374, 375, 378,
    379, 382, 383, 386, 387, 390, 391, 394, 395, 398, 399, 402, 403, 406, 407,
    410, 411, 414, 415, 418, 419, 422, 423, 426, 427, 430, 431, 434, 435, 438,
    439, 442, 443, 446, 447
[1] 0, 1, 4, 5, 8, 9, 12, 13, 16, 17, 20, 21, 24, 25, 28, 29, 32, 33, 36, 37,
    40, 41, 44, 45, 48, 49, 52, 53, 56, 57, 60, 61, 64, 65, 68, 69, 72, 73,
    76, 77, 80, 81, 84, 85, 88, 89, 92, 93, 96, 97, 100, 101, 104, 105, 108,
    109, 112, 113, 116, 117, 120, 121, 124, 125, 128, 129, 132, 133, 136, 137,
    140, 141, 144, 145, 148, 149, 152, 153, 156, 157, 160, 161, 164, 165, 168,
    169, 172, 173, 176, 177, 180, 181, 184, 185, 188, 189, 192, 193, 196, 197,
    200, 201, 204, 205, 208, 209, 212, 213, 216, 217, 220, 221, 224, 225, 228,
    229, 232, 233, 236, 237, 240, 241, 244, 245, 248, 249, 252, 253, 256, 257,
    260, 261, 264, 265, 268, 269, 272, 273, 276, 277, 280, 281, 284, 285, 288,
    289, 292, 293, 296, 297, 300, 301, 304, 305, 308, 309, 312, 313, 316, 317,
    320, 321, 324, 325, 328, 329, 332, 333, 336, 337, 340, 341, 344, 345, 348,
    349, 352, 353, 356, 357, 360, 361, 364, 365, 368, 369, 372, 373, 376, 377,
    380, 381, 384, 385, 388, 389, 392, 393, 396, 397, 400, 401, 404, 405, 408,
    409, 412, 413, 416, 417, 420, 421, 424, 425, 428, 429, 432, 433, 436, 437,
    440, 441, 444, 445

Reassigned labels

Runtime: 0.18099522590637207

Performance split_log:

IM without threshold:
Map:
{"D_0": "D", "D_1": "D"}
token_fitness
{"perc_fit_traces": 0.0, "average_trace_fitness": 0.9235299973484755, "log_fitness": 0.9296735045214528, "percentage_of_fitting_traces": 0.0}
precision
0.7998933475536595
0.7575757575757577
generalization
0.7903757871974031

Adjusted Rand Index:
0.1752457611832613



Parameters of this run:

Window size: 5
Threshold for edges: 0.5
Split candidates: D
Max number of traces: 5000000
Method for distance calculation: Distance.EDIT_DISTANCE
Method for finding clusters: ClusteringMethod.COMMUNITY_DETECTION
Original log location: ./data/noImprInLoop_default_OD\feb16-1625\logs\A_1_LogD_Sequence_feb16-1625.xes.gz
Use frequency: True

Found communities: 

Clustering with 448 elements and 2 clusters
[0] 2, 3, 6, 7, 10, 11, 14, 15, 18, 19, 22, 23, 26, 27, 30, 31, 34, 35, 38,
    39, 42, 43, 46, 47, 50, 51, 54, 55, 58, 59, 62, 63, 66, 67, 70, 71, 74,
    75, 78, 79, 82, 83, 86, 87, 90, 91, 94, 95, 98, 99, 102, 103, 106, 107,
    110, 111, 114, 115, 118, 119, 122, 123, 126, 127, 130, 131, 134, 135, 138,
    139, 142, 143, 146, 147, 150, 151, 154, 155, 158, 159, 162, 163, 166, 167,
    170, 171, 174, 175, 178, 179, 182, 183, 186, 187, 190, 191, 194, 195, 198,
    199, 202, 203, 206, 207, 210, 211, 214, 215, 218, 219, 222, 223, 226, 227,
    230, 231, 234, 235, 238, 239, 242, 243, 246, 247, 250, 251, 254, 255, 258,
    259, 262, 263, 266, 267, 270, 271, 274, 275, 278, 279, 282, 283, 286, 287,
    290, 291, 294, 295, 298, 299, 302, 303, 306, 307, 310, 311, 314, 315, 318,
    319, 322, 323, 326, 327, 330, 331, 334, 335, 338, 339, 342, 343, 346, 347,
    350, 351, 354, 355, 358, 359, 362, 363, 366, 367, 370, 371, 374, 375, 378,
    379, 382, 383, 386, 387, 390, 391, 394, 395, 398, 399, 402, 403, 406, 407,
    410, 411, 414, 415, 418, 419, 422, 423, 426, 427, 430, 431, 434, 435, 438,
    439, 442, 443, 446, 447
[1] 0, 1, 4, 5, 8, 9, 12, 13, 16, 17, 20, 21, 24, 25, 28, 29, 32, 33, 36, 37,
    40, 41, 44, 45, 48, 49, 52, 53, 56, 57, 60, 61, 64, 65, 68, 69, 72, 73,
    76, 77, 80, 81, 84, 85, 88, 89, 92, 93, 96, 97, 100, 101, 104, 105, 108,
    109, 112, 113, 116, 117, 120, 121, 124, 125, 128, 129, 132, 133, 136, 137,
    140, 141, 144, 145, 148, 149, 152, 153, 156, 157, 160, 161, 164, 165, 168,
    169, 172, 173, 176, 177, 180, 181, 184, 185, 188, 189, 192, 193, 196, 197,
    200, 201, 204, 205, 208, 209, 212, 213, 216, 217, 220, 221, 224, 225, 228,
    229, 232, 233, 236, 237, 240, 241, 244, 245, 248, 249, 252, 253, 256, 257,
    260, 261, 264, 265, 268, 269, 272, 273, 276, 277, 280, 281, 284, 285, 288,
    289, 292, 293, 296, 297, 300, 301, 304, 305, 308, 309, 312, 313, 316, 317,
    320, 321, 324, 325, 328, 329, 332, 333, 336, 337, 340, 341, 344, 345, 348,
    349, 352, 353, 356, 357, 360, 361, 364, 365, 368, 369, 372, 373, 376, 377,
    380, 381, 384, 385, 388, 389, 392, 393, 396, 397, 400, 401, 404, 405, 408,
    409, 412, 413, 416, 417, 420, 421, 424, 425, 428, 429, 432, 433, 436, 437,
    440, 441, 444, 445

Reassigned labels

Runtime: 0.2016890048980713

Performance split_log:

IM without threshold:
Map:
{"D_0": "D", "D_1": "D"}
token_fitness
{"perc_fit_traces": 0.0, "average_trace_fitness": 0.9235299973484755, "log_fitness": 0.9296735045214528, "percentage_of_fitting_traces": 0.0}
precision
0.7998933475536595
0.7575757575757577
generalization
0.7903757871974031

Adjusted Rand Index:
0.1752457611832613



Parameters of this run:

Window size: 5
Threshold for edges: 0.75
Split candidates: D
Max number of traces: 5000000
Method for distance calculation: Distance.EDIT_DISTANCE
Method for finding clusters: ClusteringMethod.COMMUNITY_DETECTION
Original log location: ./data/noImprInLoop_default_OD\feb16-1625\logs\A_1_LogD_Sequence_feb16-1625.xes.gz
Use frequency: True

Found communities: 

Clustering with 448 elements and 5 clusters
[0] 2, 3, 6, 7, 10, 11, 30, 31, 42, 43, 50, 51, 58, 59, 70, 71, 74, 75, 78,
    79, 82, 83, 86, 87, 98, 99, 110, 111, 114, 115, 130, 131, 134, 135, 138,
    139, 142, 143, 146, 147, 150, 151, 158, 159, 166, 167, 190, 191, 202, 203,
    210, 211, 222, 223, 226, 227, 234, 235, 242, 243, 258, 259, 274, 275, 278,
    279, 282, 283, 286, 287, 290, 291, 294, 295, 298, 299, 310, 311, 318, 319,
    322, 323, 334, 335, 342, 343, 346, 347, 354, 355, 366, 367, 374, 375, 382,
    383, 390, 391, 398, 399, 414, 415, 422, 423, 426, 427, 430, 431, 434, 435,
    442, 443, 446, 447
[1] 1, 5, 9, 13, 17, 21, 25, 29, 33, 37, 41, 45, 49, 53, 57, 61, 65, 69, 73,
    77, 81, 85, 89, 93, 97, 101, 105, 109, 113, 117, 121, 125, 129, 133, 137,
    141, 145, 149, 153, 157, 161, 165, 169, 173, 177, 181, 185, 189, 193, 197,
    201, 205, 209, 213, 217, 221, 225, 229, 233, 237, 241, 245, 249, 253, 257,
    261, 265, 269, 273, 277, 281, 285, 289, 293, 297, 301, 305, 309, 313, 317,
    321, 325, 329, 333, 337, 341, 345, 349, 353, 357, 361, 365, 369, 373, 377,
    381, 385, 389, 393, 397, 401, 405, 409, 413, 417, 421, 425, 429, 433, 437,
    441, 445
[2] 14, 15, 18, 19, 22, 23, 26, 27, 34, 35, 38, 39, 46, 47, 54, 55, 62, 63,
    66, 67, 90, 91, 94, 95, 102, 103, 106, 107, 118, 119, 122, 123, 126, 127,
    154, 155, 162, 163, 170, 171, 174, 175, 178, 179, 182, 183, 186, 187, 194,
    195, 198, 199, 206, 207, 214, 215, 218, 219, 230, 231, 238, 239, 246, 247,
    250, 251, 254, 255, 262, 263, 266, 267, 270, 271, 302, 303, 306, 307, 314,
    315, 326, 327, 330, 331, 338, 339, 350, 351, 358, 359, 362, 363, 370, 371,
    378, 379, 386, 387, 394, 395, 402, 403, 406, 407, 410, 411, 418, 419, 438,
    439
[3] 0, 4, 8, 28, 40, 48, 56, 68, 72, 76, 80, 84, 96, 108, 112, 128, 132, 136,
    140, 144, 148, 156, 164, 188, 200, 208, 220, 224, 232, 240, 256, 272, 276,
    280, 284, 288, 292, 296, 308, 316, 320, 332, 340, 344, 352, 364, 372, 380,
    388, 396, 412, 420, 424, 428, 432, 440, 444
[4] 12, 16, 20, 24, 32, 36, 44, 52, 60, 64, 88, 92, 100, 104, 116, 120, 124,
    152, 160, 168, 172, 176, 180, 184, 192, 196, 204, 212, 216, 228, 236, 244,
    248, 252, 260, 264, 268, 300, 304, 312, 324, 328, 336, 348, 356, 360, 368,
    376, 384, 392, 400, 404, 408, 416, 436

Reassigned labels

Runtime: 0.16173362731933594

Performance split_log:

IM without threshold:
Map:
{"D_0": "D", "D_1": "D", "D_2": "D", "D_3": "D", "D_4": "D"}
token_fitness
{"perc_fit_traces": 0.0, "average_trace_fitness": 0.8686126426508205, "log_fitness": 0.8835313300722105, "percentage_of_fitting_traces": 0.0}
precision
1.0
0.7499999999999999
generalization
0.6464829447022364

Adjusted Rand Index:
0.22390116353069514



Parameters of this run:

Window size: 5
Threshold for edges: 1
Split candidates: D
Max number of traces: 5000000
Method for distance calculation: Distance.EDIT_DISTANCE
Method for finding clusters: ClusteringMethod.COMMUNITY_DETECTION
Original log location: ./data/noImprInLoop_default_OD\feb16-1625\logs\A_1_LogD_Sequence_feb16-1625.xes.gz
Use frequency: True

Found communities: 

Clustering with 448 elements and 16 clusters
[ 0] 1, 5, 9, 29, 41, 49, 57, 69, 73, 77, 81, 85, 97, 109, 113, 129, 133, 137,
     141, 145, 149, 157, 165, 189, 201, 209, 221, 225, 233, 241, 257, 273,
     277, 281, 285, 289, 293, 297, 309, 317, 321, 333, 341, 345, 353, 365,
     373, 381, 389, 397, 413, 421, 425, 429, 433, 441, 445
[ 1] 0, 4, 8, 28, 40, 48, 56, 68, 72, 76, 80, 84, 96, 108, 112, 128, 132, 136,
     140, 144, 148, 156, 164, 188, 200, 208, 220, 224, 232, 240, 256, 272,
     276, 280, 284, 288, 292, 296, 308, 316, 320, 332, 340, 344, 352, 364,
     372, 380, 388, 396, 412, 420, 424, 428, 432, 440, 444
[ 2] 12, 16, 20, 24, 32, 36, 44, 52, 60, 64, 88, 92, 100, 104, 116, 120, 124,
     152, 160, 168, 172, 176, 180, 184, 192, 196, 204, 212, 216, 228, 236,
     244, 248, 252, 260, 264, 268, 300, 304, 312, 324, 328, 336, 348, 356,
     360, 368, 376, 384, 392, 400, 404, 408, 416, 436
[ 3] 13, 17, 21, 25, 33, 37, 45, 53, 61, 65, 89, 93, 101, 105, 117, 121, 125,
     153, 161, 169, 173, 177, 181, 185, 193, 197, 205, 213, 217, 229, 237,
     245, 249, 253, 261, 265, 269, 301, 305, 313, 325, 329, 337, 349, 357,
     361, 369, 377, 385, 393, 401, 405, 409, 417, 437
[ 4] 14, 34, 38, 54, 62, 94, 102, 118, 122, 126, 170, 178, 182, 198, 214, 250,
     254, 266, 270, 306, 314, 330, 338, 358, 378, 394, 402, 406, 418, 438
[ 5] 2, 30, 50, 78, 98, 110, 138, 146, 158, 166, 190, 202, 210, 222, 226, 234,
     258, 278, 282, 294, 298, 318, 334, 342, 354, 382, 414, 426, 430
[ 6] 35, 39, 55, 63, 95, 103, 119, 123, 127, 171, 179, 183, 199, 215, 251,
     255, 267, 271, 307, 315, 331, 339, 359, 379, 395, 403, 407, 419, 439
[ 7] 6, 10, 42, 58, 70, 74, 82, 86, 114, 130, 134, 142, 150, 242, 274, 286,
     290, 310, 322, 346, 366, 374, 390, 398, 422, 434, 442, 446
[ 8] 31, 51, 79, 99, 111, 139, 147, 159, 167, 191, 203, 211, 223, 227, 235,
     259, 279, 283, 295, 299, 319, 335, 343, 355, 383, 415, 427, 431
[ 9] 7, 43, 59, 71, 75, 83, 87, 115, 131, 135, 143, 151, 243, 275, 287, 291,
     311, 323, 347, 367, 375, 391, 399, 423, 435, 443, 447
[10] 18, 22, 26, 46, 66, 90, 106, 154, 162, 174, 186, 194, 206, 218, 230, 238,
     246, 262, 302, 326, 350, 362, 370, 386, 410
[11] 23, 27, 47, 67, 91, 107, 155, 163, 175, 187, 195, 207, 219, 231, 239,
     247, 263, 303, 327, 351, 363, 371, 387, 411
[12] 3
[13] 11
[14] 15
[15] 19

Reassigned labels

Runtime: 0.18099427223205566

Performance split_log:

IM without threshold:
Map:
{"D_0": "D", "D_1": "D", "D_2": "D", "D_3": "D", "D_4": "D", "D_5": "D", "D_6": "D", "D_7": "D", "D_8": "D", "D_9": "D", "D_10": "D", "D_11": "D", "D_12": "D", "D_13": "D", "D_14": "D", "D_15": "D"}
token_fitness
{"perc_fit_traces": 50.1, "average_trace_fitness": 0.9680664612895928, "log_fitness": 0.9690965108468033, "percentage_of_fitting_traces": 50.1}
precision
0.9349295230739525
0.7721518987341773
generalization
0.7348126954028192

Adjusted Rand Index:
0.19355474367516043



Parameters of this run:

Window size: 5
Threshold for edges: 0
Split candidates: D
Max number of traces: 5000000
Method for distance calculation: Distance.SET_DISTANCE
Method for finding clusters: ClusteringMethod.COMMUNITY_DETECTION
Original log location: ./data/noImprInLoop_default_OD\feb16-1625\logs\A_1_LogD_Sequence_feb16-1625.xes.gz
Use frequency: True

Found communities: 

Clustering with 448 elements and 4 clusters
[0] 0, 4, 8, 12, 16, 20, 24, 28, 32, 36, 40, 44, 48, 52, 56, 60, 64, 68, 72,
    76, 80, 84, 88, 92, 96, 100, 104, 108, 112, 116, 120, 124, 128, 132, 136,
    140, 144, 148, 152, 156, 160, 164, 168, 172, 176, 180, 184, 188, 192, 196,
    200, 204, 208, 212, 216, 220, 224, 228, 232, 236, 240, 244, 248, 252, 256,
    260, 264, 268, 272, 276, 280, 284, 288, 292, 296, 300, 304, 308, 312, 316,
    320, 324, 328, 332, 336, 340, 344, 348, 352, 356, 360, 364, 368, 372, 376,
    380, 384, 388, 392, 396, 400, 404, 408, 412, 416, 420, 424, 428, 432, 436,
    440, 444
[1] 3, 7, 11, 15, 19, 23, 27, 31, 35, 39, 43, 47, 51, 55, 59, 63, 67, 71, 75,
    79, 83, 87, 91, 95, 99, 103, 107, 111, 115, 119, 123, 127, 131, 135, 139,
    143, 147, 151, 155, 159, 163, 167, 171, 175, 179, 183, 187, 191, 195, 199,
    203, 207, 211, 215, 219, 223, 227, 231, 235, 239, 243, 247, 251, 255, 259,
    263, 267, 271, 275, 279, 283, 287, 291, 295, 299, 303, 307, 311, 315, 319,
    323, 327, 331, 335, 339, 343, 347, 351, 355, 359, 363, 367, 371, 375, 379,
    383, 387, 391, 395, 399, 403, 407, 411, 415, 419, 423, 427, 431, 435, 439,
    443, 447
[2] 2, 6, 10, 14, 18, 22, 26, 30, 34, 38, 42, 46, 50, 54, 58, 62, 66, 70, 74,
    78, 82, 86, 90, 94, 98, 102, 106, 110, 114, 118, 122, 126, 130, 134, 138,
    142, 146, 150, 154, 158, 162, 166, 170, 174, 178, 182, 186, 190, 194, 198,
    202, 206, 210, 214, 218, 222, 226, 230, 234, 238, 242, 246, 250, 254, 258,
    262, 266, 270, 274, 278, 282, 286, 290, 294, 298, 302, 306, 310, 314, 318,
    322, 326, 330, 334, 338, 342, 346, 350, 354, 358, 362, 366, 370, 374, 378,
    382, 386, 390, 394, 398, 402, 406, 410, 414, 418, 422, 426, 430, 434, 438,
    442, 446
[3] 1, 5, 9, 13, 17, 21, 25, 29, 33, 37, 41, 45, 49, 53, 57, 61, 65, 69, 73,
    77, 81, 85, 89, 93, 97, 101, 105, 109, 113, 117, 121, 125, 129, 133, 137,
    141, 145, 149, 153, 157, 161, 165, 169, 173, 177, 181, 185, 189, 193, 197,
    201, 205, 209, 213, 217, 221, 225, 229, 233, 237, 241, 245, 249, 253, 257,
    261, 265, 269, 273, 277, 281, 285, 289, 293, 297, 301, 305, 309, 313, 317,
    321, 325, 329, 333, 337, 341, 345, 349, 353, 357, 361, 365, 369, 373, 377,
    381, 385, 389, 393, 397, 401, 405, 409, 413, 417, 421, 425, 429, 433, 437,
    441, 445

Reassigned labels

Runtime: 0.2005159854888916

Performance split_log:

IM without threshold:
Map:
{"D_0": "D", "D_1": "D", "D_2": "D", "D_3": "D"}
token_fitness
{"perc_fit_traces": 100.0, "average_trace_fitness": 1.0, "log_fitness": 1.0, "percentage_of_fitting_traces": 100.0}
precision
0.9764632368256613
0.8
generalization
0.9420422774092474

Adjusted Rand Index:
0.34268671573359116



Parameters of this run:

Window size: 5
Threshold for edges: 0.25
Split candidates: D
Max number of traces: 5000000
Method for distance calculation: Distance.SET_DISTANCE
Method for finding clusters: ClusteringMethod.COMMUNITY_DETECTION
Original log location: ./data/noImprInLoop_default_OD\feb16-1625\logs\A_1_LogD_Sequence_feb16-1625.xes.gz
Use frequency: True

Found communities: 

Clustering with 448 elements and 4 clusters
[0] 0, 4, 8, 12, 16, 20, 24, 28, 32, 36, 40, 44, 48, 52, 56, 60, 64, 68, 72,
    76, 80, 84, 88, 92, 96, 100, 104, 108, 112, 116, 120, 124, 128, 132, 136,
    140, 144, 148, 152, 156, 160, 164, 168, 172, 176, 180, 184, 188, 192, 196,
    200, 204, 208, 212, 216, 220, 224, 228, 232, 236, 240, 244, 248, 252, 256,
    260, 264, 268, 272, 276, 280, 284, 288, 292, 296, 300, 304, 308, 312, 316,
    320, 324, 328, 332, 336, 340, 344, 348, 352, 356, 360, 364, 368, 372, 376,
    380, 384, 388, 392, 396, 400, 404, 408, 412, 416, 420, 424, 428, 432, 436,
    440, 444
[1] 3, 7, 11, 15, 19, 23, 27, 31, 35, 39, 43, 47, 51, 55, 59, 63, 67, 71, 75,
    79, 83, 87, 91, 95, 99, 103, 107, 111, 115, 119, 123, 127, 131, 135, 139,
    143, 147, 151, 155, 159, 163, 167, 171, 175, 179, 183, 187, 191, 195, 199,
    203, 207, 211, 215, 219, 223, 227, 231, 235, 239, 243, 247, 251, 255, 259,
    263, 267, 271, 275, 279, 283, 287, 291, 295, 299, 303, 307, 311, 315, 319,
    323, 327, 331, 335, 339, 343, 347, 351, 355, 359, 363, 367, 371, 375, 379,
    383, 387, 391, 395, 399, 403, 407, 411, 415, 419, 423, 427, 431, 435, 439,
    443, 447
[2] 2, 6, 10, 14, 18, 22, 26, 30, 34, 38, 42, 46, 50, 54, 58, 62, 66, 70, 74,
    78, 82, 86, 90, 94, 98, 102, 106, 110, 114, 118, 122, 126, 130, 134, 138,
    142, 146, 150, 154, 158, 162, 166, 170, 174, 178, 182, 186, 190, 194, 198,
    202, 206, 210, 214, 218, 222, 226, 230, 234, 238, 242, 246, 250, 254, 258,
    262, 266, 270, 274, 278, 282, 286, 290, 294, 298, 302, 306, 310, 314, 318,
    322, 326, 330, 334, 338, 342, 346, 350, 354, 358, 362, 366, 370, 374, 378,
    382, 386, 390, 394, 398, 402, 406, 410, 414, 418, 422, 426, 430, 434, 438,
    442, 446
[3] 1, 5, 9, 13, 17, 21, 25, 29, 33, 37, 41, 45, 49, 53, 57, 61, 65, 69, 73,
    77, 81, 85, 89, 93, 97, 101, 105, 109, 113, 117, 121, 125, 129, 133, 137,
    141, 145, 149, 153, 157, 161, 165, 169, 173, 177, 181, 185, 189, 193, 197,
    201, 205, 209, 213, 217, 221, 225, 229, 233, 237, 241, 245, 249, 253, 257,
    261, 265, 269, 273, 277, 281, 285, 289, 293, 297, 301, 305, 309, 313, 317,
    321, 325, 329, 333, 337, 341, 345, 349, 353, 357, 361, 365, 369, 373, 377,
    381, 385, 389, 393, 397, 401, 405, 409, 413, 417, 421, 425, 429, 433, 437,
    441, 445

Reassigned labels

Runtime: 0.20499539375305176

Performance split_log:

IM without threshold:
Map:
{"D_0": "D", "D_1": "D", "D_2": "D", "D_3": "D"}
token_fitness
{"perc_fit_traces": 49.9, "average_trace_fitness": 0.9705368972637122, "log_fitness": 0.9731698173833878, "percentage_of_fitting_traces": 49.9}
precision
0.9796045268001492
0.8
generalization
0.9420422774092474

Adjusted Rand Index:
0.34268671573359116



Parameters of this run:

Window size: 5
Threshold for edges: 0.5
Split candidates: D
Max number of traces: 5000000
Method for distance calculation: Distance.SET_DISTANCE
Method for finding clusters: ClusteringMethod.COMMUNITY_DETECTION
Original log location: ./data/noImprInLoop_default_OD\feb16-1625\logs\A_1_LogD_Sequence_feb16-1625.xes.gz
Use frequency: True

Found communities: 

Clustering with 448 elements and 4 clusters
[0] 3, 7, 11, 15, 19, 23, 27, 31, 35, 39, 43, 47, 51, 55, 59, 63, 67, 71, 75,
    79, 83, 87, 91, 95, 99, 103, 107, 111, 115, 119, 123, 127, 131, 135, 139,
    143, 147, 151, 155, 159, 163, 167, 171, 175, 179, 183, 187, 191, 195, 199,
    203, 207, 211, 215, 219, 223, 227, 231, 235, 239, 243, 247, 251, 255, 259,
    263, 267, 271, 275, 279, 283, 287, 291, 295, 299, 303, 307, 311, 315, 319,
    323, 327, 331, 335, 339, 343, 347, 351, 355, 359, 363, 367, 371, 375, 379,
    383, 387, 391, 395, 399, 403, 407, 411, 415, 419, 423, 427, 431, 435, 439,
    443, 447
[1] 0, 4, 8, 12, 16, 20, 24, 28, 32, 36, 40, 44, 48, 52, 56, 60, 64, 68, 72,
    76, 80, 84, 88, 92, 96, 100, 104, 108, 112, 116, 120, 124, 128, 132, 136,
    140, 144, 148, 152, 156, 160, 164, 168, 172, 176, 180, 184, 188, 192, 196,
    200, 204, 208, 212, 216, 220, 224, 228, 232, 236, 240, 244, 248, 252, 256,
    260, 264, 268, 272, 276, 280, 284, 288, 292, 296, 300, 304, 308, 312, 316,
    320, 324, 328, 332, 336, 340, 344, 348, 352, 356, 360, 364, 368, 372, 376,
    380, 384, 388, 392, 396, 400, 404, 408, 412, 416, 420, 424, 428, 432, 436,
    440, 444
[2] 2, 6, 10, 14, 18, 22, 26, 30, 34, 38, 42, 46, 50, 54, 58, 62, 66, 70, 74,
    78, 82, 86, 90, 94, 98, 102, 106, 110, 114, 118, 122, 126, 130, 134, 138,
    142, 146, 150, 154, 158, 162, 166, 170, 174, 178, 182, 186, 190, 194, 198,
    202, 206, 210, 214, 218, 222, 226, 230, 234, 238, 242, 246, 250, 254, 258,
    262, 266, 270, 274, 278, 282, 286, 290, 294, 298, 302, 306, 310, 314, 318,
    322, 326, 330, 334, 338, 342, 346, 350, 354, 358, 362, 366, 370, 374, 378,
    382, 386, 390, 394, 398, 402, 406, 410, 414, 418, 422, 426, 430, 434, 438,
    442, 446
[3] 1, 5, 9, 13, 17, 21, 25, 29, 33, 37, 41, 45, 49, 53, 57, 61, 65, 69, 73,
    77, 81, 85, 89, 93, 97, 101, 105, 109, 113, 117, 121, 125, 129, 133, 137,
    141, 145, 149, 153, 157, 161, 165, 169, 173, 177, 181, 185, 189, 193, 197,
    201, 205, 209, 213, 217, 221, 225, 229, 233, 237, 241, 245, 249, 253, 257,
    261, 265, 269, 273, 277, 281, 285, 289, 293, 297, 301, 305, 309, 313, 317,
    321, 325, 329, 333, 337, 341, 345, 349, 353, 357, 361, 365, 369, 373, 377,
    381, 385, 389, 393, 397, 401, 405, 409, 413, 417, 421, 425, 429, 433, 437,
    441, 445

Reassigned labels

Runtime: 0.1889948844909668

Performance split_log:

IM without threshold:
Map:
{"D_0": "D", "D_1": "D", "D_2": "D", "D_3": "D"}
token_fitness
{"perc_fit_traces": 49.9, "average_trace_fitness": 0.928933400352607, "log_fitness": 0.9339761175815728, "percentage_of_fitting_traces": 49.9}
precision
0.9796045268001492
0.8
generalization
0.9417234999507169

Adjusted Rand Index:
0.34268671573359116



Parameters of this run:

Window size: 5
Threshold for edges: 0.75
Split candidates: D
Max number of traces: 5000000
Method for distance calculation: Distance.SET_DISTANCE
Method for finding clusters: ClusteringMethod.COMMUNITY_DETECTION
Original log location: ./data/noImprInLoop_default_OD\feb16-1625\logs\A_1_LogD_Sequence_feb16-1625.xes.gz
Use frequency: True

Found communities: 

Clustering with 448 elements and 3 clusters
[0] 2, 3, 6, 7, 10, 11, 14, 15, 18, 19, 22, 23, 26, 27, 30, 31, 34, 35, 38,
    39, 42, 43, 46, 47, 50, 51, 54, 55, 58, 59, 62, 63, 66, 67, 70, 71, 74,
    75, 78, 79, 82, 83, 86, 87, 90, 91, 94, 95, 98, 99, 102, 103, 106, 107,
    110, 111, 114, 115, 118, 119, 122, 123, 126, 127, 130, 131, 134, 135, 138,
    139, 142, 143, 146, 147, 150, 151, 154, 155, 158, 159, 162, 163, 166, 167,
    170, 171, 174, 175, 178, 179, 182, 183, 186, 187, 190, 191, 194, 195, 198,
    199, 202, 203, 206, 207, 210, 211, 214, 215, 218, 219, 222, 223, 226, 227,
    230, 231, 234, 235, 238, 239, 242, 243, 246, 247, 250, 251, 254, 255, 258,
    259, 262, 263, 266, 267, 270, 271, 274, 275, 278, 279, 282, 283, 286, 287,
    290, 291, 294, 295, 298, 299, 302, 303, 306, 307, 310, 311, 314, 315, 318,
    319, 322, 323, 326, 327, 330, 331, 334, 335, 338, 339, 342, 343, 346, 347,
    350, 351, 354, 355, 358, 359, 362, 363, 366, 367, 370, 371, 374, 375, 378,
    379, 382, 383, 386, 387, 390, 391, 394, 395, 398, 399, 402, 403, 406, 407,
    410, 411, 414, 415, 418, 419, 422, 423, 426, 427, 430, 431, 434, 435, 438,
    439, 442, 443, 446, 447
[1] 0, 1, 4, 5, 8, 9, 13, 17, 21, 25, 28, 29, 33, 37, 40, 41, 45, 48, 49, 53,
    56, 57, 61, 65, 68, 69, 72, 73, 76, 77, 80, 81, 84, 85, 89, 93, 96, 97,
    101, 105, 108, 109, 112, 113, 117, 121, 125, 128, 129, 132, 133, 136, 137,
    140, 141, 144, 145, 148, 149, 153, 156, 157, 161, 164, 165, 169, 173, 177,
    181, 185, 188, 189, 193, 197, 200, 201, 205, 208, 209, 213, 217, 220, 221,
    224, 225, 229, 232, 233, 237, 240, 241, 245, 249, 253, 256, 257, 261, 265,
    269, 272, 273, 276, 277, 280, 281, 284, 285, 288, 289, 292, 293, 296, 297,
    301, 305, 308, 309, 313, 316, 317, 320, 321, 325, 329, 332, 333, 337, 340,
    341, 344, 345, 349, 352, 353, 357, 361, 364, 365, 369, 372, 373, 377, 380,
    381, 385, 388, 389, 393, 396, 397, 401, 405, 409, 412, 413, 417, 420, 421,
    424, 425, 428, 429, 432, 433, 437, 440, 441, 444, 445
[2] 12, 16, 20, 24, 32, 36, 44, 52, 60, 64, 88, 92, 100, 104, 116, 120, 124,
    152, 160, 168, 172, 176, 180, 184, 192, 196, 204, 212, 216, 228, 236, 244,
    248, 252, 260, 264, 268, 300, 304, 312, 324, 328, 336, 348, 356, 360, 368,
    376, 384, 392, 400, 404, 408, 416, 436

Reassigned labels

Runtime: 0.18199467658996582

Performance split_log:

IM without threshold:
Map:
{"D_0": "D", "D_1": "D", "D_2": "D"}
token_fitness
{"perc_fit_traces": 0.0, "average_trace_fitness": 0.7709103884053587, "log_fitness": 0.7962380619613324, "percentage_of_fitting_traces": 0.0}
precision
1.0
0.7575757575757577
generalization
0.7588630738512436

Adjusted Rand Index:
0.15685198025291924



Parameters of this run:

Window size: 5
Threshold for edges: 1
Split candidates: D
Max number of traces: 5000000
Method for distance calculation: Distance.SET_DISTANCE
Method for finding clusters: ClusteringMethod.COMMUNITY_DETECTION
Original log location: ./data/noImprInLoop_default_OD\feb16-1625\logs\A_1_LogD_Sequence_feb16-1625.xes.gz
Use frequency: True

Found communities: 

Clustering with 448 elements and 8 clusters
[0] 1, 5, 9, 13, 17, 21, 25, 29, 33, 37, 41, 45, 49, 53, 57, 61, 65, 69, 73,
    77, 81, 85, 89, 93, 97, 101, 105, 109, 113, 117, 121, 125, 129, 133, 137,
    141, 145, 149, 153, 157, 161, 165, 169, 173, 177, 181, 185, 189, 193, 197,
    201, 205, 209, 213, 217, 221, 225, 229, 233, 237, 241, 245, 249, 253, 257,
    261, 265, 269, 273, 277, 281, 285, 289, 293, 297, 301, 305, 309, 313, 317,
    321, 325, 329, 333, 337, 341, 345, 349, 353, 357, 361, 365, 369, 373, 377,
    381, 385, 389, 393, 397, 401, 405, 409, 413, 417, 421, 425, 429, 433, 437,
    441, 445
[1] 7, 23, 27, 31, 35, 39, 43, 47, 51, 55, 59, 63, 67, 71, 75, 79, 83, 87, 91,
    95, 99, 103, 107, 111, 115, 119, 123, 127, 131, 135, 139, 143, 147, 151,
    155, 159, 163, 167, 171, 175, 179, 183, 187, 191, 195, 199, 203, 207, 211,
    215, 219, 223, 227, 231, 235, 239, 243, 247, 251, 255, 259, 263, 267, 271,
    275, 279, 283, 287, 291, 295, 299, 303, 307, 311, 315, 319, 323, 327, 331,
    335, 339, 343, 347, 351, 355, 359, 363, 367, 371, 375, 379, 383, 387, 391,
    395, 399, 403, 407, 411, 415, 419, 423, 427, 431, 435, 439, 443, 447
[2] 6, 10, 14, 34, 38, 42, 54, 58, 62, 70, 74, 82, 86, 94, 102, 114, 118, 122,
    126, 130, 134, 142, 150, 170, 178, 182, 198, 214, 242, 250, 254, 266, 270,
    274, 286, 290, 306, 310, 314, 322, 330, 338, 346, 358, 366, 374, 378, 390,
    394, 398, 402, 406, 418, 422, 434, 438, 442, 446
[3] 0, 4, 8, 28, 40, 48, 56, 68, 72, 76, 80, 84, 96, 108, 112, 128, 132, 136,
    140, 144, 148, 156, 164, 188, 200, 208, 220, 224, 232, 240, 256, 272, 276,
    280, 284, 288, 292, 296, 308, 316, 320, 332, 340, 344, 352, 364, 372, 380,
    388, 396, 412, 420, 424, 428, 432, 440, 444
[4] 12, 16, 20, 24, 32, 36, 44, 52, 60, 64, 88, 92, 100, 104, 116, 120, 124,
    152, 160, 168, 172, 176, 180, 184, 192, 196, 204, 212, 216, 228, 236, 244,
    248, 252, 260, 264, 268, 300, 304, 312, 324, 328, 336, 348, 356, 360, 368,
    376, 384, 392, 400, 404, 408, 416, 436
[5] 2, 18, 22, 26, 30, 46, 50, 66, 78, 90, 98, 106, 110, 138, 146, 154, 158,
    162, 166, 174, 186, 190, 194, 202, 206, 210, 218, 222, 226, 230, 234, 238,
    246, 258, 262, 278, 282, 294, 298, 302, 318, 326, 334, 342, 350, 354, 362,
    370, 382, 386, 410, 414, 426, 430
[6] 3, 19
[7] 11, 15

Reassigned labels

Runtime: 0.16699624061584473

Performance split_log:

IM without threshold:
Map:
{"D_0": "D", "D_1": "D", "D_2": "D", "D_3": "D", "D_4": "D", "D_5": "D", "D_6": "D", "D_7": "D"}
token_fitness
{"perc_fit_traces": 100.0, "average_trace_fitness": 1.0, "log_fitness": 1.0, "percentage_of_fitting_traces": 100.0}
precision
0.8844170544585587
0.7142857142857143
generalization
0.7965027085588676

Adjusted Rand Index:
0.21744880557020996



Parameters of this run:

Window size: 5
Threshold for edges: 0
Split candidates: D
Max number of traces: 5000000
Method for distance calculation: Distance.MULTISET_DISTANCE
Method for finding clusters: ClusteringMethod.COMMUNITY_DETECTION
Original log location: ./data/noImprInLoop_default_OD\feb16-1625\logs\A_1_LogD_Sequence_feb16-1625.xes.gz
Use frequency: True

Found communities: 

Clustering with 448 elements and 3 clusters
[0] 2, 3, 6, 7, 10, 11, 14, 15, 18, 19, 22, 23, 26, 27, 30, 31, 34, 35, 38,
    39, 42, 43, 46, 47, 50, 51, 54, 55, 58, 59, 62, 63, 66, 67, 70, 71, 74,
    75, 78, 79, 82, 83, 86, 87, 90, 91, 94, 95, 98, 99, 102, 103, 106, 107,
    110, 111, 114, 115, 118, 119, 122, 123, 126, 127, 130, 131, 134, 135, 138,
    139, 142, 143, 146, 147, 150, 151, 154, 155, 158, 159, 162, 163, 166, 167,
    170, 171, 174, 175, 178, 179, 182, 183, 186, 187, 190, 191, 194, 195, 198,
    199, 202, 203, 206, 207, 210, 211, 214, 215, 218, 219, 222, 223, 226, 227,
    230, 231, 234, 235, 238, 239, 242, 243, 246, 247, 250, 251, 254, 255, 258,
    259, 262, 263, 266, 267, 270, 271, 274, 275, 278, 279, 282, 283, 286, 287,
    290, 291, 294, 295, 298, 299, 302, 303, 306, 307, 310, 311, 314, 315, 318,
    319, 322, 323, 326, 327, 330, 331, 334, 335, 338, 339, 342, 343, 346, 347,
    350, 351, 354, 355, 358, 359, 362, 363, 366, 367, 370, 371, 374, 375, 378,
    379, 382, 383, 386, 387, 390, 391, 394, 395, 398, 399, 402, 403, 406, 407,
    410, 411, 414, 415, 418, 419, 422, 423, 426, 427, 430, 431, 434, 435, 438,
    439, 442, 443, 446, 447
[1] 0, 4, 8, 12, 16, 20, 24, 28, 32, 36, 40, 44, 48, 52, 56, 60, 64, 68, 72,
    76, 80, 84, 88, 92, 96, 100, 104, 108, 112, 116, 120, 124, 128, 132, 136,
    140, 144, 148, 152, 156, 160, 164, 168, 172, 176, 180, 184, 188, 192, 196,
    200, 204, 208, 212, 216, 220, 224, 228, 232, 236, 240, 244, 248, 252, 256,
    260, 264, 268, 272, 276, 280, 284, 288, 292, 296, 300, 304, 308, 312, 316,
    320, 324, 328, 332, 336, 340, 344, 348, 352, 356, 360, 364, 368, 372, 376,
    380, 384, 388, 392, 396, 400, 404, 408, 412, 416, 420, 424, 428, 432, 436,
    440, 444
[2] 1, 5, 9, 13, 17, 21, 25, 29, 33, 37, 41, 45, 49, 53, 57, 61, 65, 69, 73,
    77, 81, 85, 89, 93, 97, 101, 105, 109, 113, 117, 121, 125, 129, 133, 137,
    141, 145, 149, 153, 157, 161, 165, 169, 173, 177, 181, 185, 189, 193, 197,
    201, 205, 209, 213, 217, 221, 225, 229, 233, 237, 241, 245, 249, 253, 257,
    261, 265, 269, 273, 277, 281, 285, 289, 293, 297, 301, 305, 309, 313, 317,
    321, 325, 329, 333, 337, 341, 345, 349, 353, 357, 361, 365, 369, 373, 377,
    381, 385, 389, 393, 397, 401, 405, 409, 413, 417, 421, 425, 429, 433, 437,
    441, 445

Reassigned labels

Runtime: 0.25620579719543457

Performance split_log:

IM without threshold:
Map:
{"D_0": "D", "D_1": "D", "D_2": "D"}
token_fitness
{"perc_fit_traces": 0.0, "average_trace_fitness": 0.9440642161898634, "log_fitness": 0.9491689117063996, "percentage_of_fitting_traces": 0.0}
precision
0.8571428571428572
0.7777777777777779
generalization
0.9031764365516406

Adjusted Rand Index:
0.3431521813927885



Parameters of this run:

Window size: 5
Threshold for edges: 0.25
Split candidates: D
Max number of traces: 5000000
Method for distance calculation: Distance.MULTISET_DISTANCE
Method for finding clusters: ClusteringMethod.COMMUNITY_DETECTION
Original log location: ./data/noImprInLoop_default_OD\feb16-1625\logs\A_1_LogD_Sequence_feb16-1625.xes.gz
Use frequency: True

Found communities: 

Clustering with 448 elements and 2 clusters
[0] 2, 3, 6, 7, 10, 11, 14, 15, 18, 19, 22, 23, 26, 27, 30, 31, 34, 35, 38,
    39, 42, 43, 46, 47, 50, 51, 54, 55, 58, 59, 62, 63, 66, 67, 70, 71, 74,
    75, 78, 79, 82, 83, 86, 87, 90, 91, 94, 95, 98, 99, 102, 103, 106, 107,
    110, 111, 114, 115, 118, 119, 122, 123, 126, 127, 130, 131, 134, 135, 138,
    139, 142, 143, 146, 147, 150, 151, 154, 155, 158, 159, 162, 163, 166, 167,
    170, 171, 174, 175, 178, 179, 182, 183, 186, 187, 190, 191, 194, 195, 198,
    199, 202, 203, 206, 207, 210, 211, 214, 215, 218, 219, 222, 223, 226, 227,
    230, 231, 234, 235, 238, 239, 242, 243, 246, 247, 250, 251, 254, 255, 258,
    259, 262, 263, 266, 267, 270, 271, 274, 275, 278, 279, 282, 283, 286, 287,
    290, 291, 294, 295, 298, 299, 302, 303, 306, 307, 310, 311, 314, 315, 318,
    319, 322, 323, 326, 327, 330, 331, 334, 335, 338, 339, 342, 343, 346, 347,
    350, 351, 354, 355, 358, 359, 362, 363, 366, 367, 370, 371, 374, 375, 378,
    379, 382, 383, 386, 387, 390, 391, 394, 395, 398, 399, 402, 403, 406, 407,
    410, 411, 414, 415, 418, 419, 422, 423, 426, 427, 430, 431, 434, 435, 438,
    439, 442, 443, 446, 447
[1] 0, 1, 4, 5, 8, 9, 12, 13, 16, 17, 20, 21, 24, 25, 28, 29, 32, 33, 36, 37,
    40, 41, 44, 45, 48, 49, 52, 53, 56, 57, 60, 61, 64, 65, 68, 69, 72, 73,
    76, 77, 80, 81, 84, 85, 88, 89, 92, 93, 96, 97, 100, 101, 104, 105, 108,
    109, 112, 113, 116, 117, 120, 121, 124, 125, 128, 129, 132, 133, 136, 137,
    140, 141, 144, 145, 148, 149, 152, 153, 156, 157, 160, 161, 164, 165, 168,
    169, 172, 173, 176, 177, 180, 181, 184, 185, 188, 189, 192, 193, 196, 197,
    200, 201, 204, 205, 208, 209, 212, 213, 216, 217, 220, 221, 224, 225, 228,
    229, 232, 233, 236, 237, 240, 241, 244, 245, 248, 249, 252, 253, 256, 257,
    260, 261, 264, 265, 268, 269, 272, 273, 276, 277, 280, 281, 284, 285, 288,
    289, 292, 293, 296, 297, 300, 301, 304, 305, 308, 309, 312, 313, 316, 317,
    320, 321, 324, 325, 328, 329, 332, 333, 336, 337, 340, 341, 344, 345, 348,
    349, 352, 353, 356, 357, 360, 361, 364, 365, 368, 369, 372, 373, 376, 377,
    380, 381, 384, 385, 388, 389, 392, 393, 396, 397, 400, 401, 404, 405, 408,
    409, 412, 413, 416, 417, 420, 421, 424, 425, 428, 429, 432, 433, 436, 437,
    440, 441, 444, 445

Reassigned labels

Runtime: 0.2169950008392334

Performance split_log:

IM without threshold:
Map:
{"D_0": "D", "D_1": "D"}
token_fitness
{"perc_fit_traces": 0.0, "average_trace_fitness": 0.9235299973484755, "log_fitness": 0.9296735045214528, "percentage_of_fitting_traces": 0.0}
precision
0.7998933475536595
0.7575757575757577
generalization
0.7903757871974031

Adjusted Rand Index:
0.1752457611832613



Parameters of this run:

Window size: 5
Threshold for edges: 0.5
Split candidates: D
Max number of traces: 5000000
Method for distance calculation: Distance.MULTISET_DISTANCE
Method for finding clusters: ClusteringMethod.COMMUNITY_DETECTION
Original log location: ./data/noImprInLoop_default_OD\feb16-1625\logs\A_1_LogD_Sequence_feb16-1625.xes.gz
Use frequency: True

Found communities: 

Clustering with 448 elements and 2 clusters
[0] 2, 3, 6, 7, 10, 11, 14, 15, 18, 19, 22, 23, 26, 27, 30, 31, 34, 35, 38,
    39, 42, 43, 46, 47, 50, 51, 54, 55, 58, 59, 62, 63, 66, 67, 70, 71, 74,
    75, 78, 79, 82, 83, 86, 87, 90, 91, 94, 95, 98, 99, 102, 103, 106, 107,
    110, 111, 114, 115, 118, 119, 122, 123, 126, 127, 130, 131, 134, 135, 138,
    139, 142, 143, 146, 147, 150, 151, 154, 155, 158, 159, 162, 163, 166, 167,
    170, 171, 174, 175, 178, 179, 182, 183, 186, 187, 190, 191, 194, 195, 198,
    199, 202, 203, 206, 207, 210, 211, 214, 215, 218, 219, 222, 223, 226, 227,
    230, 231, 234, 235, 238, 239, 242, 243, 246, 247, 250, 251, 254, 255, 258,
    259, 262, 263, 266, 267, 270, 271, 274, 275, 278, 279, 282, 283, 286, 287,
    290, 291, 294, 295, 298, 299, 302, 303, 306, 307, 310, 311, 314, 315, 318,
    319, 322, 323, 326, 327, 330, 331, 334, 335, 338, 339, 342, 343, 346, 347,
    350, 351, 354, 355, 358, 359, 362, 363, 366, 367, 370, 371, 374, 375, 378,
    379, 382, 383, 386, 387, 390, 391, 394, 395, 398, 399, 402, 403, 406, 407,
    410, 411, 414, 415, 418, 419, 422, 423, 426, 427, 430, 431, 434, 435, 438,
    439, 442, 443, 446, 447
[1] 0, 1, 4, 5, 8, 9, 12, 13, 16, 17, 20, 21, 24, 25, 28, 29, 32, 33, 36, 37,
    40, 41, 44, 45, 48, 49, 52, 53, 56, 57, 60, 61, 64, 65, 68, 69, 72, 73,
    76, 77, 80, 81, 84, 85, 88, 89, 92, 93, 96, 97, 100, 101, 104, 105, 108,
    109, 112, 113, 116, 117, 120, 121, 124, 125, 128, 129, 132, 133, 136, 137,
    140, 141, 144, 145, 148, 149, 152, 153, 156, 157, 160, 161, 164, 165, 168,
    169, 172, 173, 176, 177, 180, 181, 184, 185, 188, 189, 192, 193, 196, 197,
    200, 201, 204, 205, 208, 209, 212, 213, 216, 217, 220, 221, 224, 225, 228,
    229, 232, 233, 236, 237, 240, 241, 244, 245, 248, 249, 252, 253, 256, 257,
    260, 261, 264, 265, 268, 269, 272, 273, 276, 277, 280, 281, 284, 285, 288,
    289, 292, 293, 296, 297, 300, 301, 304, 305, 308, 309, 312, 313, 316, 317,
    320, 321, 324, 325, 328, 329, 332, 333, 336, 337, 340, 341, 344, 345, 348,
    349, 352, 353, 356, 357, 360, 361, 364, 365, 368, 369, 372, 373, 376, 377,
    380, 381, 384, 385, 388, 389, 392, 393, 396, 397, 400, 401, 404, 405, 408,
    409, 412, 413, 416, 417, 420, 421, 424, 425, 428, 429, 432, 433, 436, 437,
    440, 441, 444, 445

Reassigned labels

Runtime: 0.18499517440795898

Performance split_log:

IM without threshold:
Map:
{"D_0": "D", "D_1": "D"}
token_fitness
{"perc_fit_traces": 0.0, "average_trace_fitness": 0.9235299973484755, "log_fitness": 0.9296735045214528, "percentage_of_fitting_traces": 0.0}
precision
0.7998933475536595
0.7575757575757577
generalization
0.7903757871974031

Adjusted Rand Index:
0.1752457611832613



Parameters of this run:

Window size: 5
Threshold for edges: 0.75
Split candidates: D
Max number of traces: 5000000
Method for distance calculation: Distance.MULTISET_DISTANCE
Method for finding clusters: ClusteringMethod.COMMUNITY_DETECTION
Original log location: ./data/noImprInLoop_default_OD\feb16-1625\logs\A_1_LogD_Sequence_feb16-1625.xes.gz
Use frequency: True

Found communities: 

Clustering with 448 elements and 3 clusters
[0] 2, 3, 6, 7, 10, 11, 14, 15, 18, 19, 22, 23, 26, 27, 30, 31, 34, 35, 38,
    39, 42, 43, 46, 47, 50, 51, 54, 55, 58, 59, 62, 63, 66, 67, 70, 71, 74,
    75, 78, 79, 82, 83, 86, 87, 90, 91, 94, 95, 98, 99, 102, 103, 106, 107,
    110, 111, 114, 115, 118, 119, 122, 123, 126, 127, 130, 131, 134, 135, 138,
    139, 142, 143, 146, 147, 150, 151, 154, 155, 158, 159, 162, 163, 166, 167,
    170, 171, 174, 175, 178, 179, 182, 183, 186, 187, 190, 191, 194, 195, 198,
    199, 202, 203, 206, 207, 210, 211, 214, 215, 218, 219, 222, 223, 226, 227,
    230, 231, 234, 235, 238, 239, 242, 243, 246, 247, 250, 251, 254, 255, 258,
    259, 262, 263, 266, 267, 270, 271, 274, 275, 278, 279, 282, 283, 286, 287,
    290, 291, 294, 295, 298, 299, 302, 303, 306, 307, 310, 311, 314, 315, 318,
    319, 322, 323, 326, 327, 330, 331, 334, 335, 338, 339, 342, 343, 346, 347,
    350, 351, 354, 355, 358, 359, 362, 363, 366, 367, 370, 371, 374, 375, 378,
    379, 382, 383, 386, 387, 390, 391, 394, 395, 398, 399, 402, 403, 406, 407,
    410, 411, 414, 415, 418, 419, 422, 423, 426, 427, 430, 431, 434, 435, 438,
    439, 442, 443, 446, 447
[1] 0, 4, 8, 12, 16, 20, 24, 28, 32, 36, 40, 44, 48, 52, 56, 60, 64, 68, 72,
    76, 80, 84, 88, 92, 96, 100, 104, 108, 112, 116, 120, 124, 128, 132, 136,
    140, 144, 148, 152, 156, 160, 164, 168, 172, 176, 180, 184, 188, 192, 196,
    200, 204, 208, 212, 216, 220, 224, 228, 232, 236, 240, 244, 248, 252, 256,
    260, 264, 268, 272, 276, 280, 284, 288, 292, 296, 300, 304, 308, 312, 316,
    320, 324, 328, 332, 336, 340, 344, 348, 352, 356, 360, 364, 368, 372, 376,
    380, 384, 388, 392, 396, 400, 404, 408, 412, 416, 420, 424, 428, 432, 436,
    440, 444
[2] 1, 5, 9, 13, 17, 21, 25, 29, 33, 37, 41, 45, 49, 53, 57, 61, 65, 69, 73,
    77, 81, 85, 89, 93, 97, 101, 105, 109, 113, 117, 121, 125, 129, 133, 137,
    141, 145, 149, 153, 157, 161, 165, 169, 173, 177, 181, 185, 189, 193, 197,
    201, 205, 209, 213, 217, 221, 225, 229, 233, 237, 241, 245, 249, 253, 257,
    261, 265, 269, 273, 277, 281, 285, 289, 293, 297, 301, 305, 309, 313, 317,
    321, 325, 329, 333, 337, 341, 345, 349, 353, 357, 361, 365, 369, 373, 377,
    381, 385, 389, 393, 397, 401, 405, 409, 413, 417, 421, 425, 429, 433, 437,
    441, 445

Reassigned labels

Runtime: 0.1913001537322998

Performance split_log:

IM without threshold:
Map:
{"D_0": "D", "D_1": "D", "D_2": "D"}
token_fitness
{"perc_fit_traces": 49.9, "average_trace_fitness": 0.9698927970732962, "log_fitness": 0.9714404894448878, "percentage_of_fitting_traces": 49.9}
precision
0.8714459564111074
0.7777777777777779
generalization
0.940178042053563

Adjusted Rand Index:
0.3431521813927885



Parameters of this run:

Window size: 5
Threshold for edges: 1
Split candidates: D
Max number of traces: 5000000
Method for distance calculation: Distance.MULTISET_DISTANCE
Method for finding clusters: ClusteringMethod.COMMUNITY_DETECTION
Original log location: ./data/noImprInLoop_default_OD\feb16-1625\logs\A_1_LogD_Sequence_feb16-1625.xes.gz
Use frequency: True

Found communities: 

Clustering with 448 elements and 8 clusters
[0] 1, 5, 9, 13, 17, 21, 25, 29, 33, 37, 41, 45, 49, 53, 57, 61, 65, 69, 73,
    77, 81, 85, 89, 93, 97, 101, 105, 109, 113, 117, 121, 125, 129, 133, 137,
    141, 145, 149, 153, 157, 161, 165, 169, 173, 177, 181, 185, 189, 193, 197,
    201, 205, 209, 213, 217, 221, 225, 229, 233, 237, 241, 245, 249, 253, 257,
    261, 265, 269, 273, 277, 281, 285, 289, 293, 297, 301, 305, 309, 313, 317,
    321, 325, 329, 333, 337, 341, 345, 349, 353, 357, 361, 365, 369, 373, 377,
    381, 385, 389, 393, 397, 401, 405, 409, 413, 417, 421, 425, 429, 433, 437,
    441, 445
[1] 7, 23, 27, 31, 35, 39, 43, 47, 51, 55, 59, 63, 67, 71, 75, 79, 83, 87, 91,
    95, 99, 103, 107, 111, 115, 119, 123, 127, 131, 135, 139, 143, 147, 151,
    155, 159, 163, 167, 171, 175, 179, 183, 187, 191, 195, 199, 203, 207, 211,
    215, 219, 223, 227, 231, 235, 239, 243, 247, 251, 255, 259, 263, 267, 271,
    275, 279, 283, 287, 291, 295, 299, 303, 307, 311, 315, 319, 323, 327, 331,
    335, 339, 343, 347, 351, 355, 359, 363, 367, 371, 375, 379, 383, 387, 391,
    395, 399, 403, 407, 411, 415, 419, 423, 427, 431, 435, 439, 443, 447
[2] 6, 10, 14, 34, 38, 42, 54, 58, 62, 70, 74, 82, 86, 94, 102, 114, 118, 122,
    126, 130, 134, 142, 150, 170, 178, 182, 198, 214, 242, 250, 254, 266, 270,
    274, 286, 290, 306, 310, 314, 322, 330, 338, 346, 358, 366, 374, 378, 390,
    394, 398, 402, 406, 418, 422, 434, 438, 442, 446
[3] 0, 4, 8, 28, 40, 48, 56, 68, 72, 76, 80, 84, 96, 108, 112, 128, 132, 136,
    140, 144, 148, 156, 164, 188, 200, 208, 220, 224, 232, 240, 256, 272, 276,
    280, 284, 288, 292, 296, 308, 316, 320, 332, 340, 344, 352, 364, 372, 380,
    388, 396, 412, 420, 424, 428, 432, 440, 444
[4] 12, 16, 20, 24, 32, 36, 44, 52, 60, 64, 88, 92, 100, 104, 116, 120, 124,
    152, 160, 168, 172, 176, 180, 184, 192, 196, 204, 212, 216, 228, 236, 244,
    248, 252, 260, 264, 268, 300, 304, 312, 324, 328, 336, 348, 356, 360, 368,
    376, 384, 392, 400, 404, 408, 416, 436
[5] 2, 18, 22, 26, 30, 46, 50, 66, 78, 90, 98, 106, 110, 138, 146, 154, 158,
    162, 166, 174, 186, 190, 194, 202, 206, 210, 218, 222, 226, 230, 234, 238,
    246, 258, 262, 278, 282, 294, 298, 302, 318, 326, 334, 342, 350, 354, 362,
    370, 382, 386, 410, 414, 426, 430
[6] 3, 19
[7] 11, 15

Reassigned labels

Runtime: 0.15799522399902344

Performance split_log:

IM without threshold:
Map:
{"D_0": "D", "D_1": "D", "D_2": "D", "D_3": "D", "D_4": "D", "D_5": "D", "D_6": "D", "D_7": "D"}
token_fitness
{"perc_fit_traces": 100.0, "average_trace_fitness": 1.0, "log_fitness": 1.0, "percentage_of_fitting_traces": 100.0}
precision
0.8844170544585587
0.7142857142857143
generalization
0.7965027085588676

Adjusted Rand Index:
0.21744880557020996

Best precision found:
0.8714459564111074
 Performance of golden standard model:
token_fitness
{"perc_fit_traces": 49.9, "average_trace_fitness": 0.9225879199813868, "log_fitness": 0.9311423012986202, "percentage_of_fitting_traces": 49.9}
precision
0.9796045268001492
0.7714285714285715
generalization
0.9433300629664488

 Xixi split labels:
['D_X_1', 'D_X_0']

 Xixi refined log results:

 IM without noise threshold:
token_fitness
{"perc_fit_traces": 0.0, "average_trace_fitness": 0.8646579015642564, "log_fitness": 0.8761154074955384, "percentage_of_fitting_traces": 0.0}
precision
0.7499166944351883
0.7499999999999999
generalization
0.902799765288707

 Xixi clustering:
Clustering with 448 elements and 2 clusters
[0] 252
[1] 0, 1, 2, 3, 4, 5, 6, 7, 8, 9, 10, 11, 12, 13, 14, 15, 16, 17, 18, 19, 20,
    21, 22, 23, 24, 25, 26, 27, 28, 29, 30, 31, 32, 33, 34, 35, 36, 37, 38,
    39, 40, 41, 42, 43, 44, 45, 46, 47, 48, 49, 50, 51, 52, 53, 54, 55, 56,
    57, 58, 59, 60, 61, 62, 63, 64, 65, 66, 67, 68, 69, 70, 71, 72, 73, 74,
    75, 76, 77, 78, 79, 80, 81, 82, 83, 84, 85, 86, 87, 88, 89, 90, 91, 92,
    93, 94, 95, 96, 97, 98, 99, 100, 101, 102, 103, 104, 105, 106, 107, 108,
    109, 110, 111, 112, 113, 114, 115, 116, 117, 118, 119, 120, 121, 122, 123,
    124, 125, 126, 127, 128, 129, 130, 131, 132, 133, 134, 135, 136, 137, 138,
    139, 140, 141, 142, 143, 144, 145, 146, 147, 148, 149, 150, 151, 152, 153,
    154, 155, 156, 157, 158, 159, 160, 161, 162, 163, 164, 165, 166, 167, 168,
    169, 170, 171, 172, 173, 174, 175, 176, 177, 178, 179, 180, 181, 182, 183,
    184, 185, 186, 187, 188, 189, 190, 191, 192, 193, 194, 195, 196, 197, 198,
    199, 200, 201, 202, 203, 204, 205, 206, 207, 208, 209, 210, 211, 212, 213,
    214, 215, 216, 217, 218, 219, 220, 221, 222, 223, 224, 225, 226, 227, 228,
    229, 230, 231, 232, 233, 234, 235, 236, 237, 238, 239, 240, 241, 242, 243,
    244, 245, 246, 247, 248, 249, 250, 251, 253, 254, 255, 256, 257, 258, 259,
    260, 261, 262, 263, 264, 265, 266, 267, 268, 269, 270, 271, 272, 273, 274,
    275, 276, 277, 278, 279, 280, 281, 282, 283, 284, 285, 286, 287, 288, 289,
    290, 291, 292, 293, 294, 295, 296, 297, 298, 299, 300, 301, 302, 303, 304,
    305, 306, 307, 308, 309, 310, 311, 312, 313, 314, 315, 316, 317, 318, 319,
    320, 321, 322, 323, 324, 325, 326, 327, 328, 329, 330, 331, 332, 333, 334,
    335, 336, 337, 338, 339, 340, 341, 342, 343, 344, 345, 346, 347, 348, 349,
    350, 351, 352, 353, 354, 355, 356, 357, 358, 359, 360, 361, 362, 363, 364,
    365, 366, 367, 368, 369, 370, 371, 372, 373, 374, 375, 376, 377, 378, 379,
    380, 381, 382, 383, 384, 385, 386, 387, 388, 389, 390, 391, 392, 393, 394,
    395, 396, 397, 398, 399, 400, 401, 402, 403, 404, 405, 406, 407, 408, 409,
    410, 411, 412, 413, 414, 415, 416, 417, 418, 419, 420, 421, 422, 423, 424,
    425, 426, 427, 428, 429, 430, 431, 432, 433, 434, 435, 436, 437, 438, 439,
    440, 441, 442, 443, 444, 445, 446, 447

 Data from log without imprecise labels

 IM without noise threshold:
token_fitness
{"perc_fit_traces": 100.0, "average_trace_fitness": 1.0, "log_fitness": 1.0, "percentage_of_fitting_traces": 100.0}
precision
0.9622478882951215
0.7714285714285715
generalization
0.9441490730883728

 Original Labels:
['B', 'C', 'E', 'D']

 Ground truth clustering clustering:
Clustering with 448 elements and 4 clusters
[0] 0, 4, 8, 12, 16, 20, 24, 28, 32, 36, 40, 44, 48, 52, 56, 60, 64, 68, 72,
    76, 80, 84, 88, 92, 96, 100, 104, 108, 112, 116, 120, 124, 128, 132, 136,
    140, 144, 148, 152, 156, 160, 164, 168, 172, 176, 180, 184, 188, 192, 196,
    200, 204, 208, 212, 216, 220, 224, 228, 232, 236, 240, 244, 248, 252, 256,
    260, 264, 268, 272, 276, 280, 284, 288, 292, 296, 300, 304, 308, 312, 316,
    320, 324, 328, 332, 336, 340, 344, 348, 352, 356, 360, 364, 368, 372, 376,
    380, 384, 388, 392, 396, 400, 404, 408, 412, 416, 420, 424, 428, 432, 436,
    440, 444
[1] 3, 6, 9, 14, 18, 21, 27, 30, 34, 38, 42, 47, 51, 53, 57, 62, 67, 71, 73,
    78, 82, 86, 90, 95, 98, 102, 105, 110, 115, 119, 123, 125, 130, 134, 137,
    143, 147, 149, 155, 157, 163, 166, 170, 173, 178, 181, 187, 191, 195, 197,
    202, 206, 210, 215, 218, 223, 227, 229, 234, 238, 243, 247, 250, 254, 259,
    262, 265, 269, 275, 279, 281, 286, 290, 295, 298, 302, 307, 310, 314, 318,
    321, 326, 330, 335, 339, 343, 347, 350, 353, 359, 363, 366, 370, 374, 379,
    383, 387, 390, 395, 397, 401, 407, 410, 414, 419, 421, 425, 431, 434, 438,
    441, 447
[2] 2, 5, 11, 15, 19, 22, 26, 31, 33, 39, 43, 45, 49, 54, 59, 63, 65, 70, 75,
    77, 83, 87, 89, 94, 97, 101, 107, 111, 113, 117, 122, 127, 131, 135, 138,
    141, 145, 150, 153, 159, 162, 167, 169, 175, 179, 183, 185, 190, 193, 198,
    201, 205, 209, 213, 219, 222, 226, 231, 233, 237, 241, 245, 249, 255, 257,
    263, 267, 271, 273, 278, 283, 287, 291, 294, 297, 303, 305, 311, 315, 319,
    322, 325, 331, 334, 338, 341, 345, 349, 355, 358, 362, 365, 371, 375, 378,
    382, 386, 391, 393, 398, 402, 405, 409, 415, 417, 422, 426, 429, 433, 439,
    442, 446
[3] 1, 7, 10, 13, 17, 23, 25, 29, 35, 37, 41, 46, 50, 55, 58, 61, 66, 69, 74,
    79, 81, 85, 91, 93, 99, 103, 106, 109, 114, 118, 121, 126, 129, 133, 139,
    142, 146, 151, 154, 158, 161, 165, 171, 174, 177, 182, 186, 189, 194, 199,
    203, 207, 211, 214, 217, 221, 225, 230, 235, 239, 242, 246, 251, 253, 258,
    261, 266, 270, 274, 277, 282, 285, 289, 293, 299, 301, 306, 309, 313, 317,
    323, 327, 329, 333, 337, 342, 346, 351, 354, 357, 361, 367, 369, 373, 377,
    381, 385, 389, 394, 399, 403, 406, 411, 413, 418, 423, 427, 430, 435, 437,
    443, 445

 Xixi Adjusted Rand Index:
-1.481421807455692e-16




----------------------------------------------------------------------------------------------
Output from 2025-08-11 16:29:09.414994
----------------------------------------------------------------------------------------------


                

###### Starting pipeline for 0, Distance.EDIT_DISTANCE, 1######
Found communities: 

Clustering with 448 elements and 3 clusters
[0] 1, 2, 3, 5, 6, 7, 9, 10, 11, 14, 15, 18, 19, 22, 23, 26, 27, 29, 30, 31,
    34, 35, 38, 39, 41, 42, 43, 46, 47, 49, 50, 51, 54, 55, 57, 58, 59, 62,
    63, 66, 67, 69, 70, 71, 73, 74, 75, 77, 78, 79, 81, 82, 83, 85, 86, 87,
    90, 91, 94, 95, 97, 98, 99, 102, 103, 106, 107, 109, 110, 111, 113, 114,
    115, 118, 119, 122, 123, 126, 127, 129, 130, 131, 133, 134, 135, 137, 138,
    139, 141, 142, 143, 145, 146, 147, 149, 150, 151, 154, 155, 157, 158, 159,
    162, 163, 165, 166, 167, 170, 171, 174, 175, 178, 179, 182, 183, 186, 187,
    189, 190, 191, 194, 195, 198, 199, 201, 202, 203, 206, 207, 209, 210, 211,
    214, 215, 218, 219, 221, 222, 223, 225, 226, 227, 230, 231, 233, 234, 235,
    238, 239, 241, 242, 243, 246, 247, 250, 251, 254, 255, 257, 258, 259, 262,
    263, 266, 267, 270, 271, 273, 274, 275, 277, 278, 279, 281, 282, 283, 285,
    286, 287, 289, 290, 291, 293, 294, 295, 297, 298, 299, 302, 303, 306, 307,
    309, 310, 311, 314, 315, 317, 318, 319, 321, 322, 323, 326, 327, 330, 331,
    333, 334, 335, 338, 339, 341, 342, 343, 345, 346, 347, 350, 351, 353, 354,
    355, 358, 359, 362, 363, 365, 366, 367, 370, 371, 373, 374, 375, 378, 379,
    381, 382, 383, 386, 387, 389, 390, 391, 394, 395, 397, 398, 399, 402, 403,
    406, 407, 410, 411, 413, 414, 415, 418, 419, 421, 422, 423, 425, 426, 427,
    429, 430, 431, 433, 434, 435, 438, 439, 441, 442, 443, 445, 446, 447
[1] 0, 4, 8, 13, 17, 21, 25, 28, 33, 37, 40, 45, 48, 53, 56, 61, 65, 68, 72,
    76, 80, 84, 89, 93, 96, 101, 105, 108, 112, 117, 121, 125, 128, 132, 136,
    140, 144, 148, 153, 156, 161, 164, 169, 173, 177, 181, 185, 188, 193, 197,
    200, 205, 208, 213, 217, 220, 224, 229, 232, 237, 240, 245, 249, 253, 256,
    261, 265, 269, 272, 276, 280, 284, 288, 292, 296, 301, 305, 308, 313, 316,
    320, 325, 329, 332, 337, 340, 344, 349, 352, 357, 361, 364, 369, 372, 377,
    380, 385, 388, 393, 396, 401, 405, 409, 412, 417, 420, 424, 428, 432, 437,
    440, 444
[2] 12, 16, 20, 24, 32, 36, 44, 52, 60, 64, 88, 92, 100, 104, 116, 120, 124,
    152, 160, 168, 172, 176, 180, 184, 192, 196, 204, 212, 216, 228, 236, 244,
    248, 252, 260, 264, 268, 300, 304, 312, 324, 328, 336, 348, 356, 360, 368,
    376, 384, 392, 400, 404, 408, 416, 436

Reassigned labels
Map:
{"D_0": "D", "D_1": "D", "D_2": "D"}
token_fitness
{"perc_fit_traces": 100.0, "average_trace_fitness": 1.0, "log_fitness": 1.0, "percentage_of_fitting_traces": 100.0}
precision
0.7439695302581464
0.7627118644067797
generalization
0.9421714501515178
token_fitness
{"perc_fit_traces": 0.0, "average_trace_fitness": 0.8768205076929377, "log_fitness": 0.895279191745866, "percentage_of_fitting_traces": 0.0}
precision
0.20010665244634052
0.7627118644067797
generalization
0.8087937948554283


###### Starting pipeline for 0.25, Distance.EDIT_DISTANCE, 1######
Found communities: 

Clustering with 448 elements and 3 clusters
[0] 1, 2, 3, 5, 6, 7, 9, 10, 11, 14, 15, 18, 19, 22, 23, 26, 27, 29, 30, 31,
    34, 35, 38, 39, 41, 42, 43, 46, 47, 49, 50, 51, 54, 55, 57, 58, 59, 62,
    63, 66, 67, 69, 70, 71, 73, 74, 75, 77, 78, 79, 81, 82, 83, 85, 86, 87,
    90, 91, 94, 95, 97, 98, 99, 102, 103, 106, 107, 109, 110, 111, 113, 114,
    115, 118, 119, 122, 123, 126, 127, 129, 130, 131, 133, 134, 135, 137, 138,
    139, 141, 142, 143, 145, 146, 147, 149, 150, 151, 154, 155, 157, 158, 159,
    162, 163, 165, 166, 167, 170, 171, 174, 175, 178, 179, 182, 183, 186, 187,
    189, 190, 191, 194, 195, 198, 199, 201, 202, 203, 206, 207, 209, 210, 211,
    214, 215, 218, 219, 221, 222, 223, 225, 226, 227, 230, 231, 233, 234, 235,
    238, 239, 241, 242, 243, 246, 247, 250, 251, 254, 255, 257, 258, 259, 262,
    263, 266, 267, 270, 271, 273, 274, 275, 277, 278, 279, 281, 282, 283, 285,
    286, 287, 289, 290, 291, 293, 294, 295, 297, 298, 299, 302, 303, 306, 307,
    309, 310, 311, 314, 315, 317, 318, 319, 321, 322, 323, 326, 327, 330, 331,
    333, 334, 335, 338, 339, 341, 342, 343, 345, 346, 347, 350, 351, 353, 354,
    355, 358, 359, 362, 363, 365, 366, 367, 370, 371, 373, 374, 375, 378, 379,
    381, 382, 383, 386, 387, 389, 390, 391, 394, 395, 397, 398, 399, 402, 403,
    406, 407, 410, 411, 413, 414, 415, 418, 419, 421, 422, 423, 425, 426, 427,
    429, 430, 431, 433, 434, 435, 438, 439, 441, 442, 443, 445, 446, 447
[1] 0, 4, 8, 13, 17, 21, 25, 28, 33, 37, 40, 45, 48, 53, 56, 61, 65, 68, 72,
    76, 80, 84, 89, 93, 96, 101, 105, 108, 112, 117, 121, 125, 128, 132, 136,
    140, 144, 148, 153, 156, 161, 164, 169, 173, 177, 181, 185, 188, 193, 197,
    200, 205, 208, 213, 217, 220, 224, 229, 232, 237, 240, 245, 249, 253, 256,
    261, 265, 269, 272, 276, 280, 284, 288, 292, 296, 301, 305, 308, 313, 316,
    320, 325, 329, 332, 337, 340, 344, 349, 352, 357, 361, 364, 369, 372, 377,
    380, 385, 388, 393, 396, 401, 405, 409, 412, 417, 420, 424, 428, 432, 437,
    440, 444
[2] 12, 16, 20, 24, 32, 36, 44, 52, 60, 64, 88, 92, 100, 104, 116, 120, 124,
    152, 160, 168, 172, 176, 180, 184, 192, 196, 204, 212, 216, 228, 236, 244,
    248, 252, 260, 264, 268, 300, 304, 312, 324, 328, 336, 348, 356, 360, 368,
    376, 384, 392, 400, 404, 408, 416, 436

Reassigned labels
Map:
{"D_0": "D", "D_1": "D", "D_2": "D"}
token_fitness
{"perc_fit_traces": 0.0, "average_trace_fitness": 0.8768205076929377, "log_fitness": 0.895279191745866, "percentage_of_fitting_traces": 0.0}
precision
0.20010665244634052
0.7627118644067797
generalization
0.8087937948554283


###### Starting pipeline for 0.5, Distance.EDIT_DISTANCE, 1######
Found communities: 

Clustering with 448 elements and 3 clusters
[0] 1, 2, 3, 5, 6, 7, 9, 10, 11, 14, 15, 18, 19, 22, 23, 26, 27, 29, 30, 31,
    34, 35, 38, 39, 41, 42, 43, 46, 47, 49, 50, 51, 54, 55, 57, 58, 59, 62,
    63, 66, 67, 69, 70, 71, 73, 74, 75, 77, 78, 79, 81, 82, 83, 85, 86, 87,
    90, 91, 94, 95, 97, 98, 99, 102, 103, 106, 107, 109, 110, 111, 113, 114,
    115, 118, 119, 122, 123, 126, 127, 129, 130, 131, 133, 134, 135, 137, 138,
    139, 141, 142, 143, 145, 146, 147, 149, 150, 151, 154, 155, 157, 158, 159,
    162, 163, 165, 166, 167, 170, 171, 174, 175, 178, 179, 182, 183, 186, 187,
    189, 190, 191, 194, 195, 198, 199, 201, 202, 203, 206, 207, 209, 210, 211,
    214, 215, 218, 219, 221, 222, 223, 225, 226, 227, 230, 231, 233, 234, 235,
    238, 239, 241, 242, 243, 246, 247, 250, 251, 254, 255, 257, 258, 259, 262,
    263, 266, 267, 270, 271, 273, 274, 275, 277, 278, 279, 281, 282, 283, 285,
    286, 287, 289, 290, 291, 293, 294, 295, 297, 298, 299, 302, 303, 306, 307,
    309, 310, 311, 314, 315, 317, 318, 319, 321, 322, 323, 326, 327, 330, 331,
    333, 334, 335, 338, 339, 341, 342, 343, 345, 346, 347, 350, 351, 353, 354,
    355, 358, 359, 362, 363, 365, 366, 367, 370, 371, 373, 374, 375, 378, 379,
    381, 382, 383, 386, 387, 389, 390, 391, 394, 395, 397, 398, 399, 402, 403,
    406, 407, 410, 411, 413, 414, 415, 418, 419, 421, 422, 423, 425, 426, 427,
    429, 430, 431, 433, 434, 435, 438, 439, 441, 442, 443, 445, 446, 447
[1] 0, 4, 8, 13, 17, 21, 25, 28, 33, 37, 40, 45, 48, 53, 56, 61, 65, 68, 72,
    76, 80, 84, 89, 93, 96, 101, 105, 108, 112, 117, 121, 125, 128, 132, 136,
    140, 144, 148, 153, 156, 161, 164, 169, 173, 177, 181, 185, 188, 193, 197,
    200, 205, 208, 213, 217, 220, 224, 229, 232, 237, 240, 245, 249, 253, 256,
    261, 265, 269, 272, 276, 280, 284, 288, 292, 296, 301, 305, 308, 313, 316,
    320, 325, 329, 332, 337, 340, 344, 349, 352, 357, 361, 364, 369, 372, 377,
    380, 385, 388, 393, 396, 401, 405, 409, 412, 417, 420, 424, 428, 432, 437,
    440, 444
[2] 12, 16, 20, 24, 32, 36, 44, 52, 60, 64, 88, 92, 100, 104, 116, 120, 124,
    152, 160, 168, 172, 176, 180, 184, 192, 196, 204, 212, 216, 228, 236, 244,
    248, 252, 260, 264, 268, 300, 304, 312, 324, 328, 336, 348, 356, 360, 368,
    376, 384, 392, 400, 404, 408, 416, 436

Reassigned labels
Map:
{"D_0": "D", "D_1": "D", "D_2": "D"}
token_fitness
{"perc_fit_traces": 0.0, "average_trace_fitness": 0.8768205076929377, "log_fitness": 0.895279191745866, "percentage_of_fitting_traces": 0.0}
precision
0.20010665244634052
0.7627118644067797
generalization
0.8087937948554283


###### Starting pipeline for 0.75, Distance.EDIT_DISTANCE, 1######
Found communities: 

Clustering with 448 elements and 3 clusters
[0] 1, 2, 3, 5, 6, 7, 9, 10, 11, 14, 15, 18, 19, 22, 23, 26, 27, 29, 30, 31,
    34, 35, 38, 39, 41, 42, 43, 46, 47, 49, 50, 51, 54, 55, 57, 58, 59, 62,
    63, 66, 67, 69, 70, 71, 73, 74, 75, 77, 78, 79, 81, 82, 83, 85, 86, 87,
    90, 91, 94, 95, 97, 98, 99, 102, 103, 106, 107, 109, 110, 111, 113, 114,
    115, 118, 119, 122, 123, 126, 127, 129, 130, 131, 133, 134, 135, 137, 138,
    139, 141, 142, 143, 145, 146, 147, 149, 150, 151, 154, 155, 157, 158, 159,
    162, 163, 165, 166, 167, 170, 171, 174, 175, 178, 179, 182, 183, 186, 187,
    189, 190, 191, 194, 195, 198, 199, 201, 202, 203, 206, 207, 209, 210, 211,
    214, 215, 218, 219, 221, 222, 223, 225, 226, 227, 230, 231, 233, 234, 235,
    238, 239, 241, 242, 243, 246, 247, 250, 251, 254, 255, 257, 258, 259, 262,
    263, 266, 267, 270, 271, 273, 274, 275, 277, 278, 279, 281, 282, 283, 285,
    286, 287, 289, 290, 291, 293, 294, 295, 297, 298, 299, 302, 303, 306, 307,
    309, 310, 311, 314, 315, 317, 318, 319, 321, 322, 323, 326, 327, 330, 331,
    333, 334, 335, 338, 339, 341, 342, 343, 345, 346, 347, 350, 351, 353, 354,
    355, 358, 359, 362, 363, 365, 366, 367, 370, 371, 373, 374, 375, 378, 379,
    381, 382, 383, 386, 387, 389, 390, 391, 394, 395, 397, 398, 399, 402, 403,
    406, 407, 410, 411, 413, 414, 415, 418, 419, 421, 422, 423, 425, 426, 427,
    429, 430, 431, 433, 434, 435, 438, 439, 441, 442, 443, 445, 446, 447
[1] 0, 4, 8, 13, 17, 21, 25, 28, 33, 37, 40, 45, 48, 53, 56, 61, 65, 68, 72,
    76, 80, 84, 89, 93, 96, 101, 105, 108, 112, 117, 121, 125, 128, 132, 136,
    140, 144, 148, 153, 156, 161, 164, 169, 173, 177, 181, 185, 188, 193, 197,
    200, 205, 208, 213, 217, 220, 224, 229, 232, 237, 240, 245, 249, 253, 256,
    261, 265, 269, 272, 276, 280, 284, 288, 292, 296, 301, 305, 308, 313, 316,
    320, 325, 329, 332, 337, 340, 344, 349, 352, 357, 361, 364, 369, 372, 377,
    380, 385, 388, 393, 396, 401, 405, 409, 412, 417, 420, 424, 428, 432, 437,
    440, 444
[2] 12, 16, 20, 24, 32, 36, 44, 52, 60, 64, 88, 92, 100, 104, 116, 120, 124,
    152, 160, 168, 172, 176, 180, 184, 192, 196, 204, 212, 216, 228, 236, 244,
    248, 252, 260, 264, 268, 300, 304, 312, 324, 328, 336, 348, 356, 360, 368,
    376, 384, 392, 400, 404, 408, 416, 436

Reassigned labels
Map:
{"D_0": "D", "D_1": "D", "D_2": "D"}
token_fitness
{"perc_fit_traces": 0.0, "average_trace_fitness": 0.8768205076929377, "log_fitness": 0.895279191745866, "percentage_of_fitting_traces": 0.0}
precision
0.20010665244634052
0.7627118644067797
generalization
0.8087937948554283


###### Starting pipeline for 1, Distance.EDIT_DISTANCE, 1######
Found communities: 

Clustering with 448 elements and 3 clusters
[0] 1, 2, 3, 5, 6, 7, 9, 10, 11, 14, 15, 18, 19, 22, 23, 26, 27, 29, 30, 31,
    34, 35, 38, 39, 41, 42, 43, 46, 47, 49, 50, 51, 54, 55, 57, 58, 59, 62,
    63, 66, 67, 69, 70, 71, 73, 74, 75, 77, 78, 79, 81, 82, 83, 85, 86, 87,
    90, 91, 94, 95, 97, 98, 99, 102, 103, 106, 107, 109, 110, 111, 113, 114,
    115, 118, 119, 122, 123, 126, 127, 129, 130, 131, 133, 134, 135, 137, 138,
    139, 141, 142, 143, 145, 146, 147, 149, 150, 151, 154, 155, 157, 158, 159,
    162, 163, 165, 166, 167, 170, 171, 174, 175, 178, 179, 182, 183, 186, 187,
    189, 190, 191, 194, 195, 198, 199, 201, 202, 203, 206, 207, 209, 210, 211,
    214, 215, 218, 219, 221, 222, 223, 225, 226, 227, 230, 231, 233, 234, 235,
    238, 239, 241, 242, 243, 246, 247, 250, 251, 254, 255, 257, 258, 259, 262,
    263, 266, 267, 270, 271, 273, 274, 275, 277, 278, 279, 281, 282, 283, 285,
    286, 287, 289, 290, 291, 293, 294, 295, 297, 298, 299, 302, 303, 306, 307,
    309, 310, 311, 314, 315, 317, 318, 319, 321, 322, 323, 326, 327, 330, 331,
    333, 334, 335, 338, 339, 341, 342, 343, 345, 346, 347, 350, 351, 353, 354,
    355, 358, 359, 362, 363, 365, 366, 367, 370, 371, 373, 374, 375, 378, 379,
    381, 382, 383, 386, 387, 389, 390, 391, 394, 395, 397, 398, 399, 402, 403,
    406, 407, 410, 411, 413, 414, 415, 418, 419, 421, 422, 423, 425, 426, 427,
    429, 430, 431, 433, 434, 435, 438, 439, 441, 442, 443, 445, 446, 447
[1] 0, 4, 8, 13, 17, 21, 25, 28, 33, 37, 40, 45, 48, 53, 56, 61, 65, 68, 72,
    76, 80, 84, 89, 93, 96, 101, 105, 108, 112, 117, 121, 125, 128, 132, 136,
    140, 144, 148, 153, 156, 161, 164, 169, 173, 177, 181, 185, 188, 193, 197,
    200, 205, 208, 213, 217, 220, 224, 229, 232, 237, 240, 245, 249, 253, 256,
    261, 265, 269, 272, 276, 280, 284, 288, 292, 296, 301, 305, 308, 313, 316,
    320, 325, 329, 332, 337, 340, 344, 349, 352, 357, 361, 364, 369, 372, 377,
    380, 385, 388, 393, 396, 401, 405, 409, 412, 417, 420, 424, 428, 432, 437,
    440, 444
[2] 12, 16, 20, 24, 32, 36, 44, 52, 60, 64, 88, 92, 100, 104, 116, 120, 124,
    152, 160, 168, 172, 176, 180, 184, 192, 196, 204, 212, 216, 228, 236, 244,
    248, 252, 260, 264, 268, 300, 304, 312, 324, 328, 336, 348, 356, 360, 368,
    376, 384, 392, 400, 404, 408, 416, 436

Reassigned labels
Map:
{"D_0": "D", "D_1": "D", "D_2": "D"}
token_fitness
{"perc_fit_traces": 0.0, "average_trace_fitness": 0.8768205076929377, "log_fitness": 0.895279191745866, "percentage_of_fitting_traces": 0.0}
precision
0.20010665244634052
0.7627118644067797
generalization
0.8087937948554283


###### Starting pipeline for 0, Distance.SET_DISTANCE, 1######
Found communities: 

Clustering with 448 elements and 3 clusters
[0] 1, 2, 3, 5, 6, 7, 9, 10, 11, 14, 15, 18, 19, 22, 23, 26, 27, 29, 30, 31,
    34, 35, 38, 39, 41, 42, 43, 46, 47, 49, 50, 51, 54, 55, 57, 58, 59, 62,
    63, 66, 67, 69, 70, 71, 73, 74, 75, 77, 78, 79, 81, 82, 83, 85, 86, 87,
    90, 91, 94, 95, 97, 98, 99, 102, 103, 106, 107, 109, 110, 111, 113, 114,
    115, 118, 119, 122, 123, 126, 127, 129, 130, 131, 133, 134, 135, 137, 138,
    139, 141, 142, 143, 145, 146, 147, 149, 150, 151, 154, 155, 157, 158, 159,
    162, 163, 165, 166, 167, 170, 171, 174, 175, 178, 179, 182, 183, 186, 187,
    189, 190, 191, 194, 195, 198, 199, 201, 202, 203, 206, 207, 209, 210, 211,
    214, 215, 218, 219, 221, 222, 223, 225, 226, 227, 230, 231, 233, 234, 235,
    238, 239, 241, 242, 243, 246, 247, 250, 251, 254, 255, 257, 258, 259, 262,
    263, 266, 267, 270, 271, 273, 274, 275, 277, 278, 279, 281, 282, 283, 285,
    286, 287, 289, 290, 291, 293, 294, 295, 297, 298, 299, 302, 303, 306, 307,
    309, 310, 311, 314, 315, 317, 318, 319, 321, 322, 323, 326, 327, 330, 331,
    333, 334, 335, 338, 339, 341, 342, 343, 345, 346, 347, 350, 351, 353, 354,
    355, 358, 359, 362, 363, 365, 366, 367, 370, 371, 373, 374, 375, 378, 379,
    381, 382, 383, 386, 387, 389, 390, 391, 394, 395, 397, 398, 399, 402, 403,
    406, 407, 410, 411, 413, 414, 415, 418, 419, 421, 422, 423, 425, 426, 427,
    429, 430, 431, 433, 434, 435, 438, 439, 441, 442, 443, 445, 446, 447
[1] 0, 4, 8, 13, 17, 21, 25, 28, 33, 37, 40, 45, 48, 53, 56, 61, 65, 68, 72,
    76, 80, 84, 89, 93, 96, 101, 105, 108, 112, 117, 121, 125, 128, 132, 136,
    140, 144, 148, 153, 156, 161, 164, 169, 173, 177, 181, 185, 188, 193, 197,
    200, 205, 208, 213, 217, 220, 224, 229, 232, 237, 240, 245, 249, 253, 256,
    261, 265, 269, 272, 276, 280, 284, 288, 292, 296, 301, 305, 308, 313, 316,
    320, 325, 329, 332, 337, 340, 344, 349, 352, 357, 361, 364, 369, 372, 377,
    380, 385, 388, 393, 396, 401, 405, 409, 412, 417, 420, 424, 428, 432, 437,
    440, 444
[2] 12, 16, 20, 24, 32, 36, 44, 52, 60, 64, 88, 92, 100, 104, 116, 120, 124,
    152, 160, 168, 172, 176, 180, 184, 192, 196, 204, 212, 216, 228, 236, 244,
    248, 252, 260, 264, 268, 300, 304, 312, 324, 328, 336, 348, 356, 360, 368,
    376, 384, 392, 400, 404, 408, 416, 436

Reassigned labels
Map:
{"D_0": "D", "D_1": "D", "D_2": "D"}
token_fitness
{"perc_fit_traces": 0.0, "average_trace_fitness": 0.8768205076929377, "log_fitness": 0.895279191745866, "percentage_of_fitting_traces": 0.0}
precision
0.20010665244634052
0.7627118644067797
generalization
0.8087937948554283


###### Starting pipeline for 0.25, Distance.SET_DISTANCE, 1######
Found communities: 

Clustering with 448 elements and 3 clusters
[0] 1, 2, 3, 5, 6, 7, 9, 10, 11, 14, 15, 18, 19, 22, 23, 26, 27, 29, 30, 31,
    34, 35, 38, 39, 41, 42, 43, 46, 47, 49, 50, 51, 54, 55, 57, 58, 59, 62,
    63, 66, 67, 69, 70, 71, 73, 74, 75, 77, 78, 79, 81, 82, 83, 85, 86, 87,
    90, 91, 94, 95, 97, 98, 99, 102, 103, 106, 107, 109, 110, 111, 113, 114,
    115, 118, 119, 122, 123, 126, 127, 129, 130, 131, 133, 134, 135, 137, 138,
    139, 141, 142, 143, 145, 146, 147, 149, 150, 151, 154, 155, 157, 158, 159,
    162, 163, 165, 166, 167, 170, 171, 174, 175, 178, 179, 182, 183, 186, 187,
    189, 190, 191, 194, 195, 198, 199, 201, 202, 203, 206, 207, 209, 210, 211,
    214, 215, 218, 219, 221, 222, 223, 225, 226, 227, 230, 231, 233, 234, 235,
    238, 239, 241, 242, 243, 246, 247, 250, 251, 254, 255, 257, 258, 259, 262,
    263, 266, 267, 270, 271, 273, 274, 275, 277, 278, 279, 281, 282, 283, 285,
    286, 287, 289, 290, 291, 293, 294, 295, 297, 298, 299, 302, 303, 306, 307,
    309, 310, 311, 314, 315, 317, 318, 319, 321, 322, 323, 326, 327, 330, 331,
    333, 334, 335, 338, 339, 341, 342, 343, 345, 346, 347, 350, 351, 353, 354,
    355, 358, 359, 362, 363, 365, 366, 367, 370, 371, 373, 374, 375, 378, 379,
    381, 382, 383, 386, 387, 389, 390, 391, 394, 395, 397, 398, 399, 402, 403,
    406, 407, 410, 411, 413, 414, 415, 418, 419, 421, 422, 423, 425, 426, 427,
    429, 430, 431, 433, 434, 435, 438, 439, 441, 442, 443, 445, 446, 447
[1] 0, 4, 8, 13, 17, 21, 25, 28, 33, 37, 40, 45, 48, 53, 56, 61, 65, 68, 72,
    76, 80, 84, 89, 93, 96, 101, 105, 108, 112, 117, 121, 125, 128, 132, 136,
    140, 144, 148, 153, 156, 161, 164, 169, 173, 177, 181, 185, 188, 193, 197,
    200, 205, 208, 213, 217, 220, 224, 229, 232, 237, 240, 245, 249, 253, 256,
    261, 265, 269, 272, 276, 280, 284, 288, 292, 296, 301, 305, 308, 313, 316,
    320, 325, 329, 332, 337, 340, 344, 349, 352, 357, 361, 364, 369, 372, 377,
    380, 385, 388, 393, 396, 401, 405, 409, 412, 417, 420, 424, 428, 432, 437,
    440, 444
[2] 12, 16, 20, 24, 32, 36, 44, 52, 60, 64, 88, 92, 100, 104, 116, 120, 124,
    152, 160, 168, 172, 176, 180, 184, 192, 196, 204, 212, 216, 228, 236, 244,
    248, 252, 260, 264, 268, 300, 304, 312, 324, 328, 336, 348, 356, 360, 368,
    376, 384, 392, 400, 404, 408, 416, 436

Reassigned labels
Map:
{"D_0": "D", "D_1": "D", "D_2": "D"}
token_fitness
{"perc_fit_traces": 0.0, "average_trace_fitness": 0.8768205076929377, "log_fitness": 0.895279191745866, "percentage_of_fitting_traces": 0.0}
precision
0.20010665244634052
0.7627118644067797
generalization
0.8087937948554283


###### Starting pipeline for 0.5, Distance.SET_DISTANCE, 1######
Found communities: 

Clustering with 448 elements and 3 clusters
[0] 1, 2, 3, 5, 6, 7, 9, 10, 11, 14, 15, 18, 19, 22, 23, 26, 27, 29, 30, 31,
    34, 35, 38, 39, 41, 42, 43, 46, 47, 49, 50, 51, 54, 55, 57, 58, 59, 62,
    63, 66, 67, 69, 70, 71, 73, 74, 75, 77, 78, 79, 81, 82, 83, 85, 86, 87,
    90, 91, 94, 95, 97, 98, 99, 102, 103, 106, 107, 109, 110, 111, 113, 114,
    115, 118, 119, 122, 123, 126, 127, 129, 130, 131, 133, 134, 135, 137, 138,
    139, 141, 142, 143, 145, 146, 147, 149, 150, 151, 154, 155, 157, 158, 159,
    162, 163, 165, 166, 167, 170, 171, 174, 175, 178, 179, 182, 183, 186, 187,
    189, 190, 191, 194, 195, 198, 199, 201, 202, 203, 206, 207, 209, 210, 211,
    214, 215, 218, 219, 221, 222, 223, 225, 226, 227, 230, 231, 233, 234, 235,
    238, 239, 241, 242, 243, 246, 247, 250, 251, 254, 255, 257, 258, 259, 262,
    263, 266, 267, 270, 271, 273, 274, 275, 277, 278, 279, 281, 282, 283, 285,
    286, 287, 289, 290, 291, 293, 294, 295, 297, 298, 299, 302, 303, 306, 307,
    309, 310, 311, 314, 315, 317, 318, 319, 321, 322, 323, 326, 327, 330, 331,
    333, 334, 335, 338, 339, 341, 342, 343, 345, 346, 347, 350, 351, 353, 354,
    355, 358, 359, 362, 363, 365, 366, 367, 370, 371, 373, 374, 375, 378, 379,
    381, 382, 383, 386, 387, 389, 390, 391, 394, 395, 397, 398, 399, 402, 403,
    406, 407, 410, 411, 413, 414, 415, 418, 419, 421, 422, 423, 425, 426, 427,
    429, 430, 431, 433, 434, 435, 438, 439, 441, 442, 443, 445, 446, 447
[1] 0, 4, 8, 13, 17, 21, 25, 28, 33, 37, 40, 45, 48, 53, 56, 61, 65, 68, 72,
    76, 80, 84, 89, 93, 96, 101, 105, 108, 112, 117, 121, 125, 128, 132, 136,
    140, 144, 148, 153, 156, 161, 164, 169, 173, 177, 181, 185, 188, 193, 197,
    200, 205, 208, 213, 217, 220, 224, 229, 232, 237, 240, 245, 249, 253, 256,
    261, 265, 269, 272, 276, 280, 284, 288, 292, 296, 301, 305, 308, 313, 316,
    320, 325, 329, 332, 337, 340, 344, 349, 352, 357, 361, 364, 369, 372, 377,
    380, 385, 388, 393, 396, 401, 405, 409, 412, 417, 420, 424, 428, 432, 437,
    440, 444
[2] 12, 16, 20, 24, 32, 36, 44, 52, 60, 64, 88, 92, 100, 104, 116, 120, 124,
    152, 160, 168, 172, 176, 180, 184, 192, 196, 204, 212, 216, 228, 236, 244,
    248, 252, 260, 264, 268, 300, 304, 312, 324, 328, 336, 348, 356, 360, 368,
    376, 384, 392, 400, 404, 408, 416, 436

Reassigned labels
Map:
{"D_0": "D", "D_1": "D", "D_2": "D"}
token_fitness
{"perc_fit_traces": 0.0, "average_trace_fitness": 0.8768205076929377, "log_fitness": 0.895279191745866, "percentage_of_fitting_traces": 0.0}
precision
0.20010665244634052
0.7627118644067797
generalization
0.8087937948554283


###### Starting pipeline for 0.75, Distance.SET_DISTANCE, 1######
Found communities: 

Clustering with 448 elements and 3 clusters
[0] 1, 2, 3, 5, 6, 7, 9, 10, 11, 14, 15, 18, 19, 22, 23, 26, 27, 29, 30, 31,
    34, 35, 38, 39, 41, 42, 43, 46, 47, 49, 50, 51, 54, 55, 57, 58, 59, 62,
    63, 66, 67, 69, 70, 71, 73, 74, 75, 77, 78, 79, 81, 82, 83, 85, 86, 87,
    90, 91, 94, 95, 97, 98, 99, 102, 103, 106, 107, 109, 110, 111, 113, 114,
    115, 118, 119, 122, 123, 126, 127, 129, 130, 131, 133, 134, 135, 137, 138,
    139, 141, 142, 143, 145, 146, 147, 149, 150, 151, 154, 155, 157, 158, 159,
    162, 163, 165, 166, 167, 170, 171, 174, 175, 178, 179, 182, 183, 186, 187,
    189, 190, 191, 194, 195, 198, 199, 201, 202, 203, 206, 207, 209, 210, 211,
    214, 215, 218, 219, 221, 222, 223, 225, 226, 227, 230, 231, 233, 234, 235,
    238, 239, 241, 242, 243, 246, 247, 250, 251, 254, 255, 257, 258, 259, 262,
    263, 266, 267, 270, 271, 273, 274, 275, 277, 278, 279, 281, 282, 283, 285,
    286, 287, 289, 290, 291, 293, 294, 295, 297, 298, 299, 302, 303, 306, 307,
    309, 310, 311, 314, 315, 317, 318, 319, 321, 322, 323, 326, 327, 330, 331,
    333, 334, 335, 338, 339, 341, 342, 343, 345, 346, 347, 350, 351, 353, 354,
    355, 358, 359, 362, 363, 365, 366, 367, 370, 371, 373, 374, 375, 378, 379,
    381, 382, 383, 386, 387, 389, 390, 391, 394, 395, 397, 398, 399, 402, 403,
    406, 407, 410, 411, 413, 414, 415, 418, 419, 421, 422, 423, 425, 426, 427,
    429, 430, 431, 433, 434, 435, 438, 439, 441, 442, 443, 445, 446, 447
[1] 0, 4, 8, 13, 17, 21, 25, 28, 33, 37, 40, 45, 48, 53, 56, 61, 65, 68, 72,
    76, 80, 84, 89, 93, 96, 101, 105, 108, 112, 117, 121, 125, 128, 132, 136,
    140, 144, 148, 153, 156, 161, 164, 169, 173, 177, 181, 185, 188, 193, 197,
    200, 205, 208, 213, 217, 220, 224, 229, 232, 237, 240, 245, 249, 253, 256,
    261, 265, 269, 272, 276, 280, 284, 288, 292, 296, 301, 305, 308, 313, 316,
    320, 325, 329, 332, 337, 340, 344, 349, 352, 357, 361, 364, 369, 372, 377,
    380, 385, 388, 393, 396, 401, 405, 409, 412, 417, 420, 424, 428, 432, 437,
    440, 444
[2] 12, 16, 20, 24, 32, 36, 44, 52, 60, 64, 88, 92, 100, 104, 116, 120, 124,
    152, 160, 168, 172, 176, 180, 184, 192, 196, 204, 212, 216, 228, 236, 244,
    248, 252, 260, 264, 268, 300, 304, 312, 324, 328, 336, 348, 356, 360, 368,
    376, 384, 392, 400, 404, 408, 416, 436

Reassigned labels
Map:
{"D_0": "D", "D_1": "D", "D_2": "D"}
token_fitness
{"perc_fit_traces": 0.0, "average_trace_fitness": 0.8768205076929377, "log_fitness": 0.895279191745866, "percentage_of_fitting_traces": 0.0}
precision
0.20010665244634052
0.7627118644067797
generalization
0.8087937948554283


###### Starting pipeline for 1, Distance.SET_DISTANCE, 1######
Found communities: 

Clustering with 448 elements and 3 clusters
[0] 1, 2, 3, 5, 6, 7, 9, 10, 11, 14, 15, 18, 19, 22, 23, 26, 27, 29, 30, 31,
    34, 35, 38, 39, 41, 42, 43, 46, 47, 49, 50, 51, 54, 55, 57, 58, 59, 62,
    63, 66, 67, 69, 70, 71, 73, 74, 75, 77, 78, 79, 81, 82, 83, 85, 86, 87,
    90, 91, 94, 95, 97, 98, 99, 102, 103, 106, 107, 109, 110, 111, 113, 114,
    115, 118, 119, 122, 123, 126, 127, 129, 130, 131, 133, 134, 135, 137, 138,
    139, 141, 142, 143, 145, 146, 147, 149, 150, 151, 154, 155, 157, 158, 159,
    162, 163, 165, 166, 167, 170, 171, 174, 175, 178, 179, 182, 183, 186, 187,
    189, 190, 191, 194, 195, 198, 199, 201, 202, 203, 206, 207, 209, 210, 211,
    214, 215, 218, 219, 221, 222, 223, 225, 226, 227, 230, 231, 233, 234, 235,
    238, 239, 241, 242, 243, 246, 247, 250, 251, 254, 255, 257, 258, 259, 262,
    263, 266, 267, 270, 271, 273, 274, 275, 277, 278, 279, 281, 282, 283, 285,
    286, 287, 289, 290, 291, 293, 294, 295, 297, 298, 299, 302, 303, 306, 307,
    309, 310, 311, 314, 315, 317, 318, 319, 321, 322, 323, 326, 327, 330, 331,
    333, 334, 335, 338, 339, 341, 342, 343, 345, 346, 347, 350, 351, 353, 354,
    355, 358, 359, 362, 363, 365, 366, 367, 370, 371, 373, 374, 375, 378, 379,
    381, 382, 383, 386, 387, 389, 390, 391, 394, 395, 397, 398, 399, 402, 403,
    406, 407, 410, 411, 413, 414, 415, 418, 419, 421, 422, 423, 425, 426, 427,
    429, 430, 431, 433, 434, 435, 438, 439, 441, 442, 443, 445, 446, 447
[1] 0, 4, 8, 13, 17, 21, 25, 28, 33, 37, 40, 45, 48, 53, 56, 61, 65, 68, 72,
    76, 80, 84, 89, 93, 96, 101, 105, 108, 112, 117, 121, 125, 128, 132, 136,
    140, 144, 148, 153, 156, 161, 164, 169, 173, 177, 181, 185, 188, 193, 197,
    200, 205, 208, 213, 217, 220, 224, 229, 232, 237, 240, 245, 249, 253, 256,
    261, 265, 269, 272, 276, 280, 284, 288, 292, 296, 301, 305, 308, 313, 316,
    320, 325, 329, 332, 337, 340, 344, 349, 352, 357, 361, 364, 369, 372, 377,
    380, 385, 388, 393, 396, 401, 405, 409, 412, 417, 420, 424, 428, 432, 437,
    440, 444
[2] 12, 16, 20, 24, 32, 36, 44, 52, 60, 64, 88, 92, 100, 104, 116, 120, 124,
    152, 160, 168, 172, 176, 180, 184, 192, 196, 204, 212, 216, 228, 236, 244,
    248, 252, 260, 264, 268, 300, 304, 312, 324, 328, 336, 348, 356, 360, 368,
    376, 384, 392, 400, 404, 408, 416, 436

Reassigned labels
Map:
{"D_0": "D", "D_1": "D", "D_2": "D"}
token_fitness
{"perc_fit_traces": 0.0, "average_trace_fitness": 0.8768205076929377, "log_fitness": 0.895279191745866, "percentage_of_fitting_traces": 0.0}
precision
0.20010665244634052
0.7627118644067797
generalization
0.8087937948554283


###### Starting pipeline for 0, Distance.MULTISET_DISTANCE, 1######
Found communities: 

Clustering with 448 elements and 3 clusters
[0] 1, 2, 3, 5, 6, 7, 9, 10, 11, 14, 15, 18, 19, 22, 23, 26, 27, 29, 30, 31,
    34, 35, 38, 39, 41, 42, 43, 46, 47, 49, 50, 51, 54, 55, 57, 58, 59, 62,
    63, 66, 67, 69, 70, 71, 73, 74, 75, 77, 78, 79, 81, 82, 83, 85, 86, 87,
    90, 91, 94, 95, 97, 98, 99, 102, 103, 106, 107, 109, 110, 111, 113, 114,
    115, 118, 119, 122, 123, 126, 127, 129, 130, 131, 133, 134, 135, 137, 138,
    139, 141, 142, 143, 145, 146, 147, 149, 150, 151, 154, 155, 157, 158, 159,
    162, 163, 165, 166, 167, 170, 171, 174, 175, 178, 179, 182, 183, 186, 187,
    189, 190, 191, 194, 195, 198, 199, 201, 202, 203, 206, 207, 209, 210, 211,
    214, 215, 218, 219, 221, 222, 223, 225, 226, 227, 230, 231, 233, 234, 235,
    238, 239, 241, 242, 243, 246, 247, 250, 251, 254, 255, 257, 258, 259, 262,
    263, 266, 267, 270, 271, 273, 274, 275, 277, 278, 279, 281, 282, 283, 285,
    286, 287, 289, 290, 291, 293, 294, 295, 297, 298, 299, 302, 303, 306, 307,
    309, 310, 311, 314, 315, 317, 318, 319, 321, 322, 323, 326, 327, 330, 331,
    333, 334, 335, 338, 339, 341, 342, 343, 345, 346, 347, 350, 351, 353, 354,
    355, 358, 359, 362, 363, 365, 366, 367, 370, 371, 373, 374, 375, 378, 379,
    381, 382, 383, 386, 387, 389, 390, 391, 394, 395, 397, 398, 399, 402, 403,
    406, 407, 410, 411, 413, 414, 415, 418, 419, 421, 422, 423, 425, 426, 427,
    429, 430, 431, 433, 434, 435, 438, 439, 441, 442, 443, 445, 446, 447
[1] 0, 4, 8, 13, 17, 21, 25, 28, 33, 37, 40, 45, 48, 53, 56, 61, 65, 68, 72,
    76, 80, 84, 89, 93, 96, 101, 105, 108, 112, 117, 121, 125, 128, 132, 136,
    140, 144, 148, 153, 156, 161, 164, 169, 173, 177, 181, 185, 188, 193, 197,
    200, 205, 208, 213, 217, 220, 224, 229, 232, 237, 240, 245, 249, 253, 256,
    261, 265, 269, 272, 276, 280, 284, 288, 292, 296, 301, 305, 308, 313, 316,
    320, 325, 329, 332, 337, 340, 344, 349, 352, 357, 361, 364, 369, 372, 377,
    380, 385, 388, 393, 396, 401, 405, 409, 412, 417, 420, 424, 428, 432, 437,
    440, 444
[2] 12, 16, 20, 24, 32, 36, 44, 52, 60, 64, 88, 92, 100, 104, 116, 120, 124,
    152, 160, 168, 172, 176, 180, 184, 192, 196, 204, 212, 216, 228, 236, 244,
    248, 252, 260, 264, 268, 300, 304, 312, 324, 328, 336, 348, 356, 360, 368,
    376, 384, 392, 400, 404, 408, 416, 436

Reassigned labels
Map:
{"D_0": "D", "D_1": "D", "D_2": "D"}
token_fitness
{"perc_fit_traces": 0.0, "average_trace_fitness": 0.8768205076929377, "log_fitness": 0.895279191745866, "percentage_of_fitting_traces": 0.0}
precision
0.20010665244634052
0.7627118644067797
generalization
0.8087937948554283


###### Starting pipeline for 0.25, Distance.MULTISET_DISTANCE, 1######
Found communities: 

Clustering with 448 elements and 3 clusters
[0] 1, 2, 3, 5, 6, 7, 9, 10, 11, 14, 15, 18, 19, 22, 23, 26, 27, 29, 30, 31,
    34, 35, 38, 39, 41, 42, 43, 46, 47, 49, 50, 51, 54, 55, 57, 58, 59, 62,
    63, 66, 67, 69, 70, 71, 73, 74, 75, 77, 78, 79, 81, 82, 83, 85, 86, 87,
    90, 91, 94, 95, 97, 98, 99, 102, 103, 106, 107, 109, 110, 111, 113, 114,
    115, 118, 119, 122, 123, 126, 127, 129, 130, 131, 133, 134, 135, 137, 138,
    139, 141, 142, 143, 145, 146, 147, 149, 150, 151, 154, 155, 157, 158, 159,
    162, 163, 165, 166, 167, 170, 171, 174, 175, 178, 179, 182, 183, 186, 187,
    189, 190, 191, 194, 195, 198, 199, 201, 202, 203, 206, 207, 209, 210, 211,
    214, 215, 218, 219, 221, 222, 223, 225, 226, 227, 230, 231, 233, 234, 235,
    238, 239, 241, 242, 243, 246, 247, 250, 251, 254, 255, 257, 258, 259, 262,
    263, 266, 267, 270, 271, 273, 274, 275, 277, 278, 279, 281, 282, 283, 285,
    286, 287, 289, 290, 291, 293, 294, 295, 297, 298, 299, 302, 303, 306, 307,
    309, 310, 311, 314, 315, 317, 318, 319, 321, 322, 323, 326, 327, 330, 331,
    333, 334, 335, 338, 339, 341, 342, 343, 345, 346, 347, 350, 351, 353, 354,
    355, 358, 359, 362, 363, 365, 366, 367, 370, 371, 373, 374, 375, 378, 379,
    381, 382, 383, 386, 387, 389, 390, 391, 394, 395, 397, 398, 399, 402, 403,
    406, 407, 410, 411, 413, 414, 415, 418, 419, 421, 422, 423, 425, 426, 427,
    429, 430, 431, 433, 434, 435, 438, 439, 441, 442, 443, 445, 446, 447
[1] 0, 4, 8, 13, 17, 21, 25, 28, 33, 37, 40, 45, 48, 53, 56, 61, 65, 68, 72,
    76, 80, 84, 89, 93, 96, 101, 105, 108, 112, 117, 121, 125, 128, 132, 136,
    140, 144, 148, 153, 156, 161, 164, 169, 173, 177, 181, 185, 188, 193, 197,
    200, 205, 208, 213, 217, 220, 224, 229, 232, 237, 240, 245, 249, 253, 256,
    261, 265, 269, 272, 276, 280, 284, 288, 292, 296, 301, 305, 308, 313, 316,
    320, 325, 329, 332, 337, 340, 344, 349, 352, 357, 361, 364, 369, 372, 377,
    380, 385, 388, 393, 396, 401, 405, 409, 412, 417, 420, 424, 428, 432, 437,
    440, 444
[2] 12, 16, 20, 24, 32, 36, 44, 52, 60, 64, 88, 92, 100, 104, 116, 120, 124,
    152, 160, 168, 172, 176, 180, 184, 192, 196, 204, 212, 216, 228, 236, 244,
    248, 252, 260, 264, 268, 300, 304, 312, 324, 328, 336, 348, 356, 360, 368,
    376, 384, 392, 400, 404, 408, 416, 436

Reassigned labels
Map:
{"D_0": "D", "D_1": "D", "D_2": "D"}
token_fitness
{"perc_fit_traces": 0.0, "average_trace_fitness": 0.8768205076929377, "log_fitness": 0.895279191745866, "percentage_of_fitting_traces": 0.0}
precision
0.20010665244634052
0.7627118644067797
generalization
0.8087937948554283


###### Starting pipeline for 0.5, Distance.MULTISET_DISTANCE, 1######
Found communities: 

Clustering with 448 elements and 3 clusters
[0] 1, 2, 3, 5, 6, 7, 9, 10, 11, 14, 15, 18, 19, 22, 23, 26, 27, 29, 30, 31,
    34, 35, 38, 39, 41, 42, 43, 46, 47, 49, 50, 51, 54, 55, 57, 58, 59, 62,
    63, 66, 67, 69, 70, 71, 73, 74, 75, 77, 78, 79, 81, 82, 83, 85, 86, 87,
    90, 91, 94, 95, 97, 98, 99, 102, 103, 106, 107, 109, 110, 111, 113, 114,
    115, 118, 119, 122, 123, 126, 127, 129, 130, 131, 133, 134, 135, 137, 138,
    139, 141, 142, 143, 145, 146, 147, 149, 150, 151, 154, 155, 157, 158, 159,
    162, 163, 165, 166, 167, 170, 171, 174, 175, 178, 179, 182, 183, 186, 187,
    189, 190, 191, 194, 195, 198, 199, 201, 202, 203, 206, 207, 209, 210, 211,
    214, 215, 218, 219, 221, 222, 223, 225, 226, 227, 230, 231, 233, 234, 235,
    238, 239, 241, 242, 243, 246, 247, 250, 251, 254, 255, 257, 258, 259, 262,
    263, 266, 267, 270, 271, 273, 274, 275, 277, 278, 279, 281, 282, 283, 285,
    286, 287, 289, 290, 291, 293, 294, 295, 297, 298, 299, 302, 303, 306, 307,
    309, 310, 311, 314, 315, 317, 318, 319, 321, 322, 323, 326, 327, 330, 331,
    333, 334, 335, 338, 339, 341, 342, 343, 345, 346, 347, 350, 351, 353, 354,
    355, 358, 359, 362, 363, 365, 366, 367, 370, 371, 373, 374, 375, 378, 379,
    381, 382, 383, 386, 387, 389, 390, 391, 394, 395, 397, 398, 399, 402, 403,
    406, 407, 410, 411, 413, 414, 415, 418, 419, 421, 422, 423, 425, 426, 427,
    429, 430, 431, 433, 434, 435, 438, 439, 441, 442, 443, 445, 446, 447
[1] 0, 4, 8, 13, 17, 21, 25, 28, 33, 37, 40, 45, 48, 53, 56, 61, 65, 68, 72,
    76, 80, 84, 89, 93, 96, 101, 105, 108, 112, 117, 121, 125, 128, 132, 136,
    140, 144, 148, 153, 156, 161, 164, 169, 173, 177, 181, 185, 188, 193, 197,
    200, 205, 208, 213, 217, 220, 224, 229, 232, 237, 240, 245, 249, 253, 256,
    261, 265, 269, 272, 276, 280, 284, 288, 292, 296, 301, 305, 308, 313, 316,
    320, 325, 329, 332, 337, 340, 344, 349, 352, 357, 361, 364, 369, 372, 377,
    380, 385, 388, 393, 396, 401, 405, 409, 412, 417, 420, 424, 428, 432, 437,
    440, 444
[2] 12, 16, 20, 24, 32, 36, 44, 52, 60, 64, 88, 92, 100, 104, 116, 120, 124,
    152, 160, 168, 172, 176, 180, 184, 192, 196, 204, 212, 216, 228, 236, 244,
    248, 252, 260, 264, 268, 300, 304, 312, 324, 328, 336, 348, 356, 360, 368,
    376, 384, 392, 400, 404, 408, 416, 436

Reassigned labels
Map:
{"D_0": "D", "D_1": "D", "D_2": "D"}
token_fitness
{"perc_fit_traces": 0.0, "average_trace_fitness": 0.8768205076929377, "log_fitness": 0.895279191745866, "percentage_of_fitting_traces": 0.0}
precision
0.20010665244634052
0.7627118644067797
generalization
0.8087937948554283


###### Starting pipeline for 0.75, Distance.MULTISET_DISTANCE, 1######
Found communities: 

Clustering with 448 elements and 3 clusters
[0] 1, 2, 3, 5, 6, 7, 9, 10, 11, 14, 15, 18, 19, 22, 23, 26, 27, 29, 30, 31,
    34, 35, 38, 39, 41, 42, 43, 46, 47, 49, 50, 51, 54, 55, 57, 58, 59, 62,
    63, 66, 67, 69, 70, 71, 73, 74, 75, 77, 78, 79, 81, 82, 83, 85, 86, 87,
    90, 91, 94, 95, 97, 98, 99, 102, 103, 106, 107, 109, 110, 111, 113, 114,
    115, 118, 119, 122, 123, 126, 127, 129, 130, 131, 133, 134, 135, 137, 138,
    139, 141, 142, 143, 145, 146, 147, 149, 150, 151, 154, 155, 157, 158, 159,
    162, 163, 165, 166, 167, 170, 171, 174, 175, 178, 179, 182, 183, 186, 187,
    189, 190, 191, 194, 195, 198, 199, 201, 202, 203, 206, 207, 209, 210, 211,
    214, 215, 218, 219, 221, 222, 223, 225, 226, 227, 230, 231, 233, 234, 235,
    238, 239, 241, 242, 243, 246, 247, 250, 251, 254, 255, 257, 258, 259, 262,
    263, 266, 267, 270, 271, 273, 274, 275, 277, 278, 279, 281, 282, 283, 285,
    286, 287, 289, 290, 291, 293, 294, 295, 297, 298, 299, 302, 303, 306, 307,
    309, 310, 311, 314, 315, 317, 318, 319, 321, 322, 323, 326, 327, 330, 331,
    333, 334, 335, 338, 339, 341, 342, 343, 345, 346, 347, 350, 351, 353, 354,
    355, 358, 359, 362, 363, 365, 366, 367, 370, 371, 373, 374, 375, 378, 379,
    381, 382, 383, 386, 387, 389, 390, 391, 394, 395, 397, 398, 399, 402, 403,
    406, 407, 410, 411, 413, 414, 415, 418, 419, 421, 422, 423, 425, 426, 427,
    429, 430, 431, 433, 434, 435, 438, 439, 441, 442, 443, 445, 446, 447
[1] 0, 4, 8, 13, 17, 21, 25, 28, 33, 37, 40, 45, 48, 53, 56, 61, 65, 68, 72,
    76, 80, 84, 89, 93, 96, 101, 105, 108, 112, 117, 121, 125, 128, 132, 136,
    140, 144, 148, 153, 156, 161, 164, 169, 173, 177, 181, 185, 188, 193, 197,
    200, 205, 208, 213, 217, 220, 224, 229, 232, 237, 240, 245, 249, 253, 256,
    261, 265, 269, 272, 276, 280, 284, 288, 292, 296, 301, 305, 308, 313, 316,
    320, 325, 329, 332, 337, 340, 344, 349, 352, 357, 361, 364, 369, 372, 377,
    380, 385, 388, 393, 396, 401, 405, 409, 412, 417, 420, 424, 428, 432, 437,
    440, 444
[2] 12, 16, 20, 24, 32, 36, 44, 52, 60, 64, 88, 92, 100, 104, 116, 120, 124,
    152, 160, 168, 172, 176, 180, 184, 192, 196, 204, 212, 216, 228, 236, 244,
    248, 252, 260, 264, 268, 300, 304, 312, 324, 328, 336, 348, 356, 360, 368,
    376, 384, 392, 400, 404, 408, 416, 436

Reassigned labels
Map:
{"D_0": "D", "D_1": "D", "D_2": "D"}
token_fitness
{"perc_fit_traces": 0.0, "average_trace_fitness": 0.8768205076929377, "log_fitness": 0.895279191745866, "percentage_of_fitting_traces": 0.0}
precision
0.20010665244634052
0.7627118644067797
generalization
0.8087937948554283


###### Starting pipeline for 1, Distance.MULTISET_DISTANCE, 1######
Found communities: 

Clustering with 448 elements and 3 clusters
[0] 1, 2, 3, 5, 6, 7, 9, 10, 11, 14, 15, 18, 19, 22, 23, 26, 27, 29, 30, 31,
    34, 35, 38, 39, 41, 42, 43, 46, 47, 49, 50, 51, 54, 55, 57, 58, 59, 62,
    63, 66, 67, 69, 70, 71, 73, 74, 75, 77, 78, 79, 81, 82, 83, 85, 86, 87,
    90, 91, 94, 95, 97, 98, 99, 102, 103, 106, 107, 109, 110, 111, 113, 114,
    115, 118, 119, 122, 123, 126, 127, 129, 130, 131, 133, 134, 135, 137, 138,
    139, 141, 142, 143, 145, 146, 147, 149, 150, 151, 154, 155, 157, 158, 159,
    162, 163, 165, 166, 167, 170, 171, 174, 175, 178, 179, 182, 183, 186, 187,
    189, 190, 191, 194, 195, 198, 199, 201, 202, 203, 206, 207, 209, 210, 211,
    214, 215, 218, 219, 221, 222, 223, 225, 226, 227, 230, 231, 233, 234, 235,
    238, 239, 241, 242, 243, 246, 247, 250, 251, 254, 255, 257, 258, 259, 262,
    263, 266, 267, 270, 271, 273, 274, 275, 277, 278, 279, 281, 282, 283, 285,
    286, 287, 289, 290, 291, 293, 294, 295, 297, 298, 299, 302, 303, 306, 307,
    309, 310, 311, 314, 315, 317, 318, 319, 321, 322, 323, 326, 327, 330, 331,
    333, 334, 335, 338, 339, 341, 342, 343, 345, 346, 347, 350, 351, 353, 354,
    355, 358, 359, 362, 363, 365, 366, 367, 370, 371, 373, 374, 375, 378, 379,
    381, 382, 383, 386, 387, 389, 390, 391, 394, 395, 397, 398, 399, 402, 403,
    406, 407, 410, 411, 413, 414, 415, 418, 419, 421, 422, 423, 425, 426, 427,
    429, 430, 431, 433, 434, 435, 438, 439, 441, 442, 443, 445, 446, 447
[1] 0, 4, 8, 13, 17, 21, 25, 28, 33, 37, 40, 45, 48, 53, 56, 61, 65, 68, 72,
    76, 80, 84, 89, 93, 96, 101, 105, 108, 112, 117, 121, 125, 128, 132, 136,
    140, 144, 148, 153, 156, 161, 164, 169, 173, 177, 181, 185, 188, 193, 197,
    200, 205, 208, 213, 217, 220, 224, 229, 232, 237, 240, 245, 249, 253, 256,
    261, 265, 269, 272, 276, 280, 284, 288, 292, 296, 301, 305, 308, 313, 316,
    320, 325, 329, 332, 337, 340, 344, 349, 352, 357, 361, 364, 369, 372, 377,
    380, 385, 388, 393, 396, 401, 405, 409, 412, 417, 420, 424, 428, 432, 437,
    440, 444
[2] 12, 16, 20, 24, 32, 36, 44, 52, 60, 64, 88, 92, 100, 104, 116, 120, 124,
    152, 160, 168, 172, 176, 180, 184, 192, 196, 204, 212, 216, 228, 236, 244,
    248, 252, 260, 264, 268, 300, 304, 312, 324, 328, 336, 348, 356, 360, 368,
    376, 384, 392, 400, 404, 408, 416, 436

Reassigned labels
Map:
{"D_0": "D", "D_1": "D", "D_2": "D"}
token_fitness
{"perc_fit_traces": 0.0, "average_trace_fitness": 0.8768205076929377, "log_fitness": 0.895279191745866, "percentage_of_fitting_traces": 0.0}
precision
0.20010665244634052
0.7627118644067797
generalization
0.8087937948554283


###### Starting pipeline for 0, Distance.EDIT_DISTANCE, 3######
Found communities: 

Clustering with 448 elements and 4 clusters
[0] 0, 4, 8, 12, 13, 16, 17, 20, 21, 24, 25, 28, 32, 33, 36, 37, 40, 44, 45,
    48, 52, 53, 56, 60, 61, 64, 65, 68, 72, 76, 80, 84, 88, 89, 92, 93, 96,
    100, 101, 104, 105, 108, 112, 116, 117, 120, 121, 124, 125, 128, 132, 136,
    140, 144, 148, 152, 153, 156, 160, 161, 164, 168, 169, 172, 173, 176, 177,
    180, 181, 184, 185, 188, 192, 193, 196, 197, 200, 204, 205, 208, 212, 213,
    216, 217, 220, 224, 228, 229, 232, 236, 237, 240, 244, 245, 248, 249, 252,
    253, 256, 260, 261, 264, 265, 268, 269, 272, 276, 280, 284, 288, 292, 296,
    300, 301, 304, 305, 308, 312, 313, 316, 320, 324, 325, 328, 329, 332, 336,
    337, 340, 344, 348, 349, 352, 356, 357, 360, 361, 364, 368, 369, 372, 376,
    377, 380, 384, 385, 388, 392, 393, 396, 400, 401, 404, 405, 408, 409, 412,
    416, 417, 420, 424, 428, 432, 436, 437, 440, 444
[1] 3, 7, 11, 15, 19, 23, 27, 31, 35, 39, 43, 47, 51, 55, 59, 63, 67, 71, 75,
    79, 83, 87, 91, 95, 99, 103, 107, 111, 115, 119, 123, 127, 131, 135, 139,
    143, 147, 151, 155, 159, 163, 167, 171, 175, 179, 183, 187, 191, 195, 199,
    203, 207, 211, 215, 219, 223, 227, 231, 235, 239, 243, 247, 251, 255, 259,
    263, 267, 271, 275, 279, 283, 287, 291, 295, 299, 303, 307, 311, 315, 319,
    323, 327, 331, 335, 339, 343, 347, 351, 355, 359, 363, 367, 371, 375, 379,
    383, 387, 391, 395, 399, 403, 407, 411, 415, 419, 423, 427, 431, 435, 439,
    443, 447
[2] 2, 6, 10, 14, 18, 22, 26, 30, 34, 38, 42, 46, 50, 54, 58, 62, 66, 70, 74,
    78, 82, 86, 90, 94, 98, 102, 106, 110, 114, 118, 122, 126, 130, 134, 138,
    142, 146, 150, 154, 158, 162, 166, 170, 174, 178, 182, 186, 190, 194, 198,
    202, 206, 210, 214, 218, 222, 226, 230, 234, 238, 242, 246, 250, 254, 258,
    262, 266, 270, 274, 278, 282, 286, 290, 294, 298, 302, 306, 310, 314, 318,
    322, 326, 330, 334, 338, 342, 346, 350, 354, 358, 362, 366, 370, 374, 378,
    382, 386, 390, 394, 398, 402, 406, 410, 414, 418, 422, 426, 430, 434, 438,
    442, 446
[3] 1, 5, 9, 29, 41, 49, 57, 69, 73, 77, 81, 85, 97, 109, 113, 129, 133, 137,
    141, 145, 149, 157, 165, 189, 201, 209, 221, 225, 233, 241, 257, 273, 277,
    281, 285, 289, 293, 297, 309, 317, 321, 333, 341, 345, 353, 365, 373, 381,
    389, 397, 413, 421, 425, 429, 433, 441, 445

Reassigned labels
Map:
{"D_0": "D", "D_1": "D", "D_2": "D", "D_3": "D"}
token_fitness
{"perc_fit_traces": 0.0, "average_trace_fitness": 0.8768205076929377, "log_fitness": 0.895279191745866, "percentage_of_fitting_traces": 0.0}
precision
0.20010665244634052
0.7627118644067797
generalization
0.8087937948554283


###### Starting pipeline for 0.25, Distance.EDIT_DISTANCE, 3######
Found communities: 

Clustering with 448 elements and 3 clusters
[0] 0, 1, 4, 5, 8, 9, 12, 13, 16, 17, 20, 21, 24, 25, 28, 29, 32, 33, 36, 37,
    40, 41, 44, 45, 48, 49, 52, 53, 56, 57, 60, 61, 64, 65, 68, 69, 72, 73,
    76, 77, 80, 81, 84, 85, 88, 89, 92, 93, 96, 97, 100, 101, 104, 105, 108,
    109, 112, 113, 116, 117, 120, 121, 124, 125, 128, 129, 132, 133, 136, 137,
    140, 141, 144, 145, 148, 149, 152, 153, 156, 157, 160, 161, 164, 165, 168,
    169, 172, 173, 176, 177, 180, 181, 184, 185, 188, 189, 192, 193, 196, 197,
    200, 201, 204, 205, 208, 209, 212, 213, 216, 217, 220, 221, 224, 225, 228,
    229, 232, 233, 236, 237, 240, 241, 244, 245, 248, 249, 252, 253, 256, 257,
    260, 261, 264, 265, 268, 269, 272, 273, 276, 277, 280, 281, 284, 285, 288,
    289, 292, 293, 296, 297, 300, 301, 304, 305, 308, 309, 312, 313, 316, 317,
    320, 321, 324, 325, 328, 329, 332, 333, 336, 337, 340, 341, 344, 345, 348,
    349, 352, 353, 356, 357, 360, 361, 364, 365, 368, 369, 372, 373, 376, 377,
    380, 381, 384, 385, 388, 389, 392, 393, 396, 397, 400, 401, 404, 405, 408,
    409, 412, 413, 416, 417, 420, 421, 424, 425, 428, 429, 432, 433, 436, 437,
    440, 441, 444, 445
[1] 2, 3, 6, 7, 10, 11, 15, 19, 23, 27, 30, 31, 35, 39, 42, 43, 47, 50, 51,
    55, 58, 59, 63, 67, 70, 71, 74, 75, 78, 79, 82, 83, 86, 87, 91, 95, 98,
    99, 103, 107, 110, 111, 114, 115, 119, 123, 127, 130, 131, 134, 135, 138,
    139, 142, 143, 146, 147, 150, 151, 155, 158, 159, 163, 166, 167, 171, 175,
    179, 183, 187, 190, 191, 195, 199, 202, 203, 207, 210, 211, 215, 219, 222,
    223, 226, 227, 231, 234, 235, 239, 242, 243, 247, 251, 255, 258, 259, 263,
    267, 271, 274, 275, 278, 279, 282, 283, 286, 287, 290, 291, 294, 295, 298,
    299, 303, 307, 310, 311, 315, 318, 319, 322, 323, 327, 331, 334, 335, 339,
    342, 343, 346, 347, 351, 354, 355, 359, 363, 366, 367, 371, 374, 375, 379,
    382, 383, 387, 390, 391, 395, 398, 399, 403, 407, 411, 414, 415, 419, 422,
    423, 426, 427, 430, 431, 434, 435, 439, 442, 443, 446, 447
[2] 14, 18, 22, 26, 34, 38, 46, 54, 62, 66, 90, 94, 102, 106, 118, 122, 126,
    154, 162, 170, 174, 178, 182, 186, 194, 198, 206, 214, 218, 230, 238, 246,
    250, 254, 262, 266, 270, 302, 306, 314, 326, 330, 338, 350, 358, 362, 370,
    378, 386, 394, 402, 406, 410, 418, 438

Reassigned labels
Map:
{"D_0": "D", "D_1": "D", "D_2": "D"}
token_fitness
{"perc_fit_traces": 0.0, "average_trace_fitness": 0.8768205076929377, "log_fitness": 0.895279191745866, "percentage_of_fitting_traces": 0.0}
precision
0.20010665244634052
0.7627118644067797
generalization
0.8087937948554283


###### Starting pipeline for 0.5, Distance.EDIT_DISTANCE, 3######
Found communities: 

Clustering with 448 elements and 3 clusters
[0] 0, 1, 4, 5, 8, 9, 12, 13, 16, 17, 20, 21, 24, 25, 28, 29, 32, 33, 36, 37,
    40, 41, 44, 45, 48, 49, 52, 53, 56, 57, 60, 61, 64, 65, 68, 69, 72, 73,
    76, 77, 80, 81, 84, 85, 88, 89, 92, 93, 96, 97, 100, 101, 104, 105, 108,
    109, 112, 113, 116, 117, 120, 121, 124, 125, 128, 129, 132, 133, 136, 137,
    140, 141, 144, 145, 148, 149, 152, 153, 156, 157, 160, 161, 164, 165, 168,
    169, 172, 173, 176, 177, 180, 181, 184, 185, 188, 189, 192, 193, 196, 197,
    200, 201, 204, 205, 208, 209, 212, 213, 216, 217, 220, 221, 224, 225, 228,
    229, 232, 233, 236, 237, 240, 241, 244, 245, 248, 249, 252, 253, 256, 257,
    260, 261, 264, 265, 268, 269, 272, 273, 276, 277, 280, 281, 284, 285, 288,
    289, 292, 293, 296, 297, 300, 301, 304, 305, 308, 309, 312, 313, 316, 317,
    320, 321, 324, 325, 328, 329, 332, 333, 336, 337, 340, 341, 344, 345, 348,
    349, 352, 353, 356, 357, 360, 361, 364, 365, 368, 369, 372, 373, 376, 377,
    380, 381, 384, 385, 388, 389, 392, 393, 396, 397, 400, 401, 404, 405, 408,
    409, 412, 413, 416, 417, 420, 421, 424, 425, 428, 429, 432, 433, 436, 437,
    440, 441, 444, 445
[1] 2, 3, 6, 7, 10, 11, 15, 19, 23, 27, 30, 31, 35, 39, 42, 43, 47, 50, 51,
    55, 58, 59, 63, 67, 70, 71, 74, 75, 78, 79, 82, 83, 86, 87, 91, 95, 98,
    99, 103, 107, 110, 111, 114, 115, 119, 123, 127, 130, 131, 134, 135, 138,
    139, 142, 143, 146, 147, 150, 151, 155, 158, 159, 163, 166, 167, 171, 175,
    179, 183, 187, 190, 191, 195, 199, 202, 203, 207, 210, 211, 215, 219, 222,
    223, 226, 227, 231, 234, 235, 239, 242, 243, 247, 251, 255, 258, 259, 263,
    267, 271, 274, 275, 278, 279, 282, 283, 286, 287, 290, 291, 294, 295, 298,
    299, 303, 307, 310, 311, 315, 318, 319, 322, 323, 327, 331, 334, 335, 339,
    342, 343, 346, 347, 351, 354, 355, 359, 363, 366, 367, 371, 374, 375, 379,
    382, 383, 387, 390, 391, 395, 398, 399, 403, 407, 411, 414, 415, 419, 422,
    423, 426, 427, 430, 431, 434, 435, 439, 442, 443, 446, 447
[2] 14, 18, 22, 26, 34, 38, 46, 54, 62, 66, 90, 94, 102, 106, 118, 122, 126,
    154, 162, 170, 174, 178, 182, 186, 194, 198, 206, 214, 218, 230, 238, 246,
    250, 254, 262, 266, 270, 302, 306, 314, 326, 330, 338, 350, 358, 362, 370,
    378, 386, 394, 402, 406, 410, 418, 438

Reassigned labels
Map:
{"D_0": "D", "D_1": "D", "D_2": "D"}
token_fitness
{"perc_fit_traces": 0.0, "average_trace_fitness": 0.8768205076929377, "log_fitness": 0.895279191745866, "percentage_of_fitting_traces": 0.0}
precision
0.20010665244634052
0.7627118644067797
generalization
0.8087937948554283


###### Starting pipeline for 0.75, Distance.EDIT_DISTANCE, 3######
Found communities: 

Clustering with 448 elements and 5 clusters
[0] 0, 1, 4, 5, 8, 9, 13, 17, 21, 25, 28, 29, 33, 37, 40, 41, 45, 48, 49, 53,
    56, 57, 61, 65, 68, 69, 72, 73, 76, 77, 80, 81, 84, 85, 89, 93, 96, 97,
    101, 105, 108, 109, 112, 113, 117, 121, 125, 128, 129, 132, 133, 136, 137,
    140, 141, 144, 145, 148, 149, 153, 156, 157, 161, 164, 165, 169, 173, 177,
    181, 185, 188, 189, 193, 197, 200, 201, 205, 208, 209, 213, 217, 220, 221,
    224, 225, 229, 232, 233, 237, 240, 241, 245, 249, 253, 256, 257, 261, 265,
    269, 272, 273, 276, 277, 280, 281, 284, 285, 288, 289, 292, 293, 296, 297,
    301, 305, 308, 309, 313, 316, 317, 320, 321, 325, 329, 332, 333, 337, 340,
    341, 344, 345, 349, 352, 353, 357, 361, 364, 365, 369, 372, 373, 377, 380,
    381, 385, 388, 389, 393, 396, 397, 401, 405, 409, 412, 413, 417, 420, 421,
    424, 425, 428, 429, 432, 433, 437, 440, 441, 444, 445
[1] 3, 7, 11, 15, 19, 23, 27, 31, 35, 39, 43, 47, 51, 55, 59, 63, 67, 71, 75,
    79, 83, 87, 91, 95, 99, 103, 107, 111, 115, 119, 123, 127, 131, 135, 139,
    143, 147, 151, 155, 159, 163, 167, 171, 175, 179, 183, 187, 191, 195, 199,
    203, 207, 211, 215, 219, 223, 227, 231, 235, 239, 243, 247, 251, 255, 259,
    263, 267, 271, 275, 279, 283, 287, 291, 295, 299, 303, 307, 311, 315, 319,
    323, 327, 331, 335, 339, 343, 347, 351, 355, 359, 363, 367, 371, 375, 379,
    383, 387, 391, 395, 399, 403, 407, 411, 415, 419, 423, 427, 431, 435, 439,
    443, 447
[2] 2, 6, 10, 30, 42, 50, 58, 70, 74, 78, 82, 86, 98, 110, 114, 130, 134, 138,
    142, 146, 150, 158, 166, 190, 202, 210, 222, 226, 234, 242, 258, 274, 278,
    282, 286, 290, 294, 298, 310, 318, 322, 334, 342, 346, 354, 366, 374, 382,
    390, 398, 414, 422, 426, 430, 434, 442, 446
[3] 12, 16, 20, 24, 32, 36, 44, 52, 60, 64, 88, 92, 100, 104, 116, 120, 124,
    152, 160, 168, 172, 176, 180, 184, 192, 196, 204, 212, 216, 228, 236, 244,
    248, 252, 260, 264, 268, 300, 304, 312, 324, 328, 336, 348, 356, 360, 368,
    376, 384, 392, 400, 404, 408, 416, 436
[4] 14, 18, 22, 26, 34, 38, 46, 54, 62, 66, 90, 94, 102, 106, 118, 122, 126,
    154, 162, 170, 174, 178, 182, 186, 194, 198, 206, 214, 218, 230, 238, 246,
    250, 254, 262, 266, 270, 302, 306, 314, 326, 330, 338, 350, 358, 362, 370,
    378, 386, 394, 402, 406, 410, 418, 438

Reassigned labels
Map:
{"D_0": "D", "D_1": "D", "D_2": "D", "D_3": "D", "D_4": "D"}
token_fitness
{"perc_fit_traces": 0.0, "average_trace_fitness": 0.8768205076929377, "log_fitness": 0.895279191745866, "percentage_of_fitting_traces": 0.0}
precision
0.20010665244634052
0.7627118644067797
generalization
0.8087937948554283


###### Starting pipeline for 1, Distance.EDIT_DISTANCE, 3######
Found communities: 

Clustering with 448 elements and 8 clusters
[0] 1, 5, 9, 29, 41, 49, 57, 69, 73, 77, 81, 85, 97, 109, 113, 129, 133, 137,
    141, 145, 149, 157, 165, 189, 201, 209, 221, 225, 233, 241, 257, 273, 277,
    281, 285, 289, 293, 297, 309, 317, 321, 333, 341, 345, 353, 365, 373, 381,
    389, 397, 413, 421, 425, 429, 433, 441, 445
[1] 2, 6, 10, 30, 42, 50, 58, 70, 74, 78, 82, 86, 98, 110, 114, 130, 134, 138,
    142, 146, 150, 158, 166, 190, 202, 210, 222, 226, 234, 242, 258, 274, 278,
    282, 286, 290, 294, 298, 310, 318, 322, 334, 342, 346, 354, 366, 374, 382,
    390, 398, 414, 422, 426, 430, 434, 442, 446
[2] 3, 7, 11, 31, 43, 51, 59, 71, 75, 79, 83, 87, 99, 111, 115, 131, 135, 139,
    143, 147, 151, 159, 167, 191, 203, 211, 223, 227, 235, 243, 259, 275, 279,
    283, 287, 291, 295, 299, 311, 319, 323, 335, 343, 347, 355, 367, 375, 383,
    391, 399, 415, 423, 427, 431, 435, 443, 447
[3] 0, 4, 8, 28, 40, 48, 56, 68, 72, 76, 80, 84, 96, 108, 112, 128, 132, 136,
    140, 144, 148, 156, 164, 188, 200, 208, 220, 224, 232, 240, 256, 272, 276,
    280, 284, 288, 292, 296, 308, 316, 320, 332, 340, 344, 352, 364, 372, 380,
    388, 396, 412, 420, 424, 428, 432, 440, 444
[4] 12, 16, 20, 24, 32, 36, 44, 52, 60, 64, 88, 92, 100, 104, 116, 120, 124,
    152, 160, 168, 172, 176, 180, 184, 192, 196, 204, 212, 216, 228, 236, 244,
    248, 252, 260, 264, 268, 300, 304, 312, 324, 328, 336, 348, 356, 360, 368,
    376, 384, 392, 400, 404, 408, 416, 436
[5] 13, 17, 21, 25, 33, 37, 45, 53, 61, 65, 89, 93, 101, 105, 117, 121, 125,
    153, 161, 169, 173, 177, 181, 185, 193, 197, 205, 213, 217, 229, 237, 245,
    249, 253, 261, 265, 269, 301, 305, 313, 325, 329, 337, 349, 357, 361, 369,
    377, 385, 393, 401, 405, 409, 417, 437
[6] 14, 18, 22, 26, 34, 38, 46, 54, 62, 66, 90, 94, 102, 106, 118, 122, 126,
    154, 162, 170, 174, 178, 182, 186, 194, 198, 206, 214, 218, 230, 238, 246,
    250, 254, 262, 266, 270, 302, 306, 314, 326, 330, 338, 350, 358, 362, 370,
    378, 386, 394, 402, 406, 410, 418, 438
[7] 15, 19, 23, 27, 35, 39, 47, 55, 63, 67, 91, 95, 103, 107, 119, 123, 127,
    155, 163, 171, 175, 179, 183, 187, 195, 199, 207, 215, 219, 231, 239, 247,
    251, 255, 263, 267, 271, 303, 307, 315, 327, 331, 339, 351, 359, 363, 371,
    379, 387, 395, 403, 407, 411, 419, 439

Reassigned labels
Map:
{"D_0": "D", "D_1": "D", "D_2": "D", "D_3": "D", "D_4": "D", "D_5": "D", "D_6": "D", "D_7": "D"}
token_fitness
{"perc_fit_traces": 0.0, "average_trace_fitness": 0.8768205076929377, "log_fitness": 0.895279191745866, "percentage_of_fitting_traces": 0.0}
precision
0.20010665244634052
0.7627118644067797
generalization
0.8087937948554283


###### Starting pipeline for 0, Distance.SET_DISTANCE, 3######
Found communities: 

Clustering with 448 elements and 4 clusters
[0] 3, 7, 11, 15, 19, 23, 27, 31, 35, 39, 43, 47, 51, 55, 59, 63, 67, 71, 75,
    79, 83, 87, 91, 95, 99, 103, 107, 111, 115, 119, 123, 127, 131, 135, 139,
    143, 147, 151, 155, 159, 163, 167, 171, 175, 179, 183, 187, 191, 195, 199,
    203, 207, 211, 215, 219, 223, 227, 231, 235, 239, 243, 247, 251, 255, 259,
    263, 267, 271, 275, 279, 283, 287, 291, 295, 299, 303, 307, 311, 315, 319,
    323, 327, 331, 335, 339, 343, 347, 351, 355, 359, 363, 367, 371, 375, 379,
    383, 387, 391, 395, 399, 403, 407, 411, 415, 419, 423, 427, 431, 435, 439,
    443, 447
[1] 0, 4, 8, 12, 16, 20, 24, 28, 32, 36, 40, 44, 48, 52, 56, 60, 64, 68, 72,
    76, 80, 84, 88, 92, 96, 100, 104, 108, 112, 116, 120, 124, 128, 132, 136,
    140, 144, 148, 152, 156, 160, 164, 168, 172, 176, 180, 184, 188, 192, 196,
    200, 204, 208, 212, 216, 220, 224, 228, 232, 236, 240, 244, 248, 252, 256,
    260, 264, 268, 272, 276, 280, 284, 288, 292, 296, 300, 304, 308, 312, 316,
    320, 324, 328, 332, 336, 340, 344, 348, 352, 356, 360, 364, 368, 372, 376,
    380, 384, 388, 392, 396, 400, 404, 408, 412, 416, 420, 424, 428, 432, 436,
    440, 444
[2] 1, 5, 9, 13, 17, 21, 25, 29, 33, 37, 41, 45, 49, 53, 57, 61, 65, 69, 73,
    77, 81, 85, 89, 93, 97, 101, 105, 109, 113, 117, 121, 125, 129, 133, 137,
    141, 145, 149, 153, 157, 161, 165, 169, 173, 177, 181, 185, 189, 193, 197,
    201, 205, 209, 213, 217, 221, 225, 229, 233, 237, 241, 245, 249, 253, 257,
    261, 265, 269, 273, 277, 281, 285, 289, 293, 297, 301, 305, 309, 313, 317,
    321, 325, 329, 333, 337, 341, 345, 349, 353, 357, 361, 365, 369, 373, 377,
    381, 385, 389, 393, 397, 401, 405, 409, 413, 417, 421, 425, 429, 433, 437,
    441, 445
[3] 2, 6, 10, 14, 18, 22, 26, 30, 34, 38, 42, 46, 50, 54, 58, 62, 66, 70, 74,
    78, 82, 86, 90, 94, 98, 102, 106, 110, 114, 118, 122, 126, 130, 134, 138,
    142, 146, 150, 154, 158, 162, 166, 170, 174, 178, 182, 186, 190, 194, 198,
    202, 206, 210, 214, 218, 222, 226, 230, 234, 238, 242, 246, 250, 254, 258,
    262, 266, 270, 274, 278, 282, 286, 290, 294, 298, 302, 306, 310, 314, 318,
    322, 326, 330, 334, 338, 342, 346, 350, 354, 358, 362, 366, 370, 374, 378,
    382, 386, 390, 394, 398, 402, 406, 410, 414, 418, 422, 426, 430, 434, 438,
    442, 446

Reassigned labels
Map:
{"D_0": "D", "D_1": "D", "D_2": "D", "D_3": "D"}
token_fitness
{"perc_fit_traces": 0.0, "average_trace_fitness": 0.8768205076929377, "log_fitness": 0.895279191745866, "percentage_of_fitting_traces": 0.0}
precision
0.20010665244634052
0.7627118644067797
generalization
0.8087937948554283


###### Starting pipeline for 0.25, Distance.SET_DISTANCE, 3######
Found communities: 

Clustering with 448 elements and 4 clusters
[0] 3, 7, 11, 15, 19, 23, 27, 31, 35, 39, 43, 47, 51, 55, 59, 63, 67, 71, 75,
    79, 83, 87, 91, 95, 99, 103, 107, 111, 115, 119, 123, 127, 131, 135, 139,
    143, 147, 151, 155, 159, 163, 167, 171, 175, 179, 183, 187, 191, 195, 199,
    203, 207, 211, 215, 219, 223, 227, 231, 235, 239, 243, 247, 251, 255, 259,
    263, 267, 271, 275, 279, 283, 287, 291, 295, 299, 303, 307, 311, 315, 319,
    323, 327, 331, 335, 339, 343, 347, 351, 355, 359, 363, 367, 371, 375, 379,
    383, 387, 391, 395, 399, 403, 407, 411, 415, 419, 423, 427, 431, 435, 439,
    443, 447
[1] 0, 4, 8, 12, 16, 20, 24, 28, 32, 36, 40, 44, 48, 52, 56, 60, 64, 68, 72,
    76, 80, 84, 88, 92, 96, 100, 104, 108, 112, 116, 120, 124, 128, 132, 136,
    140, 144, 148, 152, 156, 160, 164, 168, 172, 176, 180, 184, 188, 192, 196,
    200, 204, 208, 212, 216, 220, 224, 228, 232, 236, 240, 244, 248, 252, 256,
    260, 264, 268, 272, 276, 280, 284, 288, 292, 296, 300, 304, 308, 312, 316,
    320, 324, 328, 332, 336, 340, 344, 348, 352, 356, 360, 364, 368, 372, 376,
    380, 384, 388, 392, 396, 400, 404, 408, 412, 416, 420, 424, 428, 432, 436,
    440, 444
[2] 1, 5, 9, 13, 17, 21, 25, 29, 33, 37, 41, 45, 49, 53, 57, 61, 65, 69, 73,
    77, 81, 85, 89, 93, 97, 101, 105, 109, 113, 117, 121, 125, 129, 133, 137,
    141, 145, 149, 153, 157, 161, 165, 169, 173, 177, 181, 185, 189, 193, 197,
    201, 205, 209, 213, 217, 221, 225, 229, 233, 237, 241, 245, 249, 253, 257,
    261, 265, 269, 273, 277, 281, 285, 289, 293, 297, 301, 305, 309, 313, 317,
    321, 325, 329, 333, 337, 341, 345, 349, 353, 357, 361, 365, 369, 373, 377,
    381, 385, 389, 393, 397, 401, 405, 409, 413, 417, 421, 425, 429, 433, 437,
    441, 445
[3] 2, 6, 10, 14, 18, 22, 26, 30, 34, 38, 42, 46, 50, 54, 58, 62, 66, 70, 74,
    78, 82, 86, 90, 94, 98, 102, 106, 110, 114, 118, 122, 126, 130, 134, 138,
    142, 146, 150, 154, 158, 162, 166, 170, 174, 178, 182, 186, 190, 194, 198,
    202, 206, 210, 214, 218, 222, 226, 230, 234, 238, 242, 246, 250, 254, 258,
    262, 266, 270, 274, 278, 282, 286, 290, 294, 298, 302, 306, 310, 314, 318,
    322, 326, 330, 334, 338, 342, 346, 350, 354, 358, 362, 366, 370, 374, 378,
    382, 386, 390, 394, 398, 402, 406, 410, 414, 418, 422, 426, 430, 434, 438,
    442, 446

Reassigned labels
Map:
{"D_0": "D", "D_1": "D", "D_2": "D", "D_3": "D"}
token_fitness
{"perc_fit_traces": 0.0, "average_trace_fitness": 0.8768205076929377, "log_fitness": 0.895279191745866, "percentage_of_fitting_traces": 0.0}
precision
0.20010665244634052
0.7627118644067797
generalization
0.8087937948554283


###### Starting pipeline for 0.5, Distance.SET_DISTANCE, 3######
Found communities: 

Clustering with 448 elements and 4 clusters
[0] 0, 4, 8, 12, 16, 20, 24, 28, 32, 36, 40, 44, 48, 52, 56, 60, 64, 68, 72,
    76, 80, 84, 88, 92, 96, 100, 104, 108, 112, 116, 120, 124, 128, 132, 136,
    140, 144, 148, 152, 156, 160, 164, 168, 172, 176, 180, 184, 188, 192, 196,
    200, 204, 208, 212, 216, 220, 224, 228, 232, 236, 240, 244, 248, 252, 256,
    260, 264, 268, 272, 276, 280, 284, 288, 292, 296, 300, 304, 308, 312, 316,
    320, 324, 328, 332, 336, 340, 344, 348, 352, 356, 360, 364, 368, 372, 376,
    380, 384, 388, 392, 396, 400, 404, 408, 412, 416, 420, 424, 428, 432, 436,
    440, 444
[1] 3, 7, 11, 15, 19, 23, 27, 31, 35, 39, 43, 47, 51, 55, 59, 63, 67, 71, 75,
    79, 83, 87, 91, 95, 99, 103, 107, 111, 115, 119, 123, 127, 131, 135, 139,
    143, 147, 151, 155, 159, 163, 167, 171, 175, 179, 183, 187, 191, 195, 199,
    203, 207, 211, 215, 219, 223, 227, 231, 235, 239, 243, 247, 251, 255, 259,
    263, 267, 271, 275, 279, 283, 287, 291, 295, 299, 303, 307, 311, 315, 319,
    323, 327, 331, 335, 339, 343, 347, 351, 355, 359, 363, 367, 371, 375, 379,
    383, 387, 391, 395, 399, 403, 407, 411, 415, 419, 423, 427, 431, 435, 439,
    443, 447
[2] 2, 6, 10, 14, 18, 22, 26, 30, 34, 38, 42, 46, 50, 54, 58, 62, 66, 70, 74,
    78, 82, 86, 90, 94, 98, 102, 106, 110, 114, 118, 122, 126, 130, 134, 138,
    142, 146, 150, 154, 158, 162, 166, 170, 174, 178, 182, 186, 190, 194, 198,
    202, 206, 210, 214, 218, 222, 226, 230, 234, 238, 242, 246, 250, 254, 258,
    262, 266, 270, 274, 278, 282, 286, 290, 294, 298, 302, 306, 310, 314, 318,
    322, 326, 330, 334, 338, 342, 346, 350, 354, 358, 362, 366, 370, 374, 378,
    382, 386, 390, 394, 398, 402, 406, 410, 414, 418, 422, 426, 430, 434, 438,
    442, 446
[3] 1, 5, 9, 13, 17, 21, 25, 29, 33, 37, 41, 45, 49, 53, 57, 61, 65, 69, 73,
    77, 81, 85, 89, 93, 97, 101, 105, 109, 113, 117, 121, 125, 129, 133, 137,
    141, 145, 149, 153, 157, 161, 165, 169, 173, 177, 181, 185, 189, 193, 197,
    201, 205, 209, 213, 217, 221, 225, 229, 233, 237, 241, 245, 249, 253, 257,
    261, 265, 269, 273, 277, 281, 285, 289, 293, 297, 301, 305, 309, 313, 317,
    321, 325, 329, 333, 337, 341, 345, 349, 353, 357, 361, 365, 369, 373, 377,
    381, 385, 389, 393, 397, 401, 405, 409, 413, 417, 421, 425, 429, 433, 437,
    441, 445

Reassigned labels
Map:
{"D_0": "D", "D_1": "D", "D_2": "D", "D_3": "D"}
token_fitness
{"perc_fit_traces": 0.0, "average_trace_fitness": 0.8768205076929377, "log_fitness": 0.895279191745866, "percentage_of_fitting_traces": 0.0}
precision
0.20010665244634052
0.7627118644067797
generalization
0.8087937948554283


###### Starting pipeline for 0.75, Distance.SET_DISTANCE, 3######
Found communities: 

Clustering with 448 elements and 4 clusters
[0] 0, 1, 4, 5, 8, 9, 13, 17, 21, 25, 28, 29, 33, 37, 40, 41, 45, 48, 49, 53,
    56, 57, 61, 65, 68, 69, 72, 73, 76, 77, 80, 81, 84, 85, 89, 93, 96, 97,
    101, 105, 108, 109, 112, 113, 117, 121, 125, 128, 129, 132, 133, 136, 137,
    140, 141, 144, 145, 148, 149, 153, 156, 157, 161, 164, 165, 169, 173, 177,
    181, 185, 188, 189, 193, 197, 200, 201, 205, 208, 209, 213, 217, 220, 221,
    224, 225, 229, 232, 233, 237, 240, 241, 245, 249, 253, 256, 257, 261, 265,
    269, 272, 273, 276, 277, 280, 281, 284, 285, 288, 289, 292, 293, 296, 297,
    301, 305, 308, 309, 313, 316, 317, 320, 321, 325, 329, 332, 333, 337, 340,
    341, 344, 345, 349, 352, 353, 357, 361, 364, 365, 369, 372, 373, 377, 380,
    381, 385, 388, 389, 393, 396, 397, 401, 405, 409, 412, 413, 417, 420, 421,
    424, 425, 428, 429, 432, 433, 437, 440, 441, 444, 445
[1] 3, 7, 11, 15, 19, 23, 27, 31, 35, 39, 43, 47, 51, 55, 59, 63, 67, 71, 75,
    79, 83, 87, 91, 95, 99, 103, 107, 111, 115, 119, 123, 127, 131, 135, 139,
    143, 147, 151, 155, 159, 163, 167, 171, 175, 179, 183, 187, 191, 195, 199,
    203, 207, 211, 215, 219, 223, 227, 231, 235, 239, 243, 247, 251, 255, 259,
    263, 267, 271, 275, 279, 283, 287, 291, 295, 299, 303, 307, 311, 315, 319,
    323, 327, 331, 335, 339, 343, 347, 351, 355, 359, 363, 367, 371, 375, 379,
    383, 387, 391, 395, 399, 403, 407, 411, 415, 419, 423, 427, 431, 435, 439,
    443, 447
[2] 2, 6, 10, 14, 18, 22, 26, 30, 34, 38, 42, 46, 50, 54, 58, 62, 66, 70, 74,
    78, 82, 86, 90, 94, 98, 102, 106, 110, 114, 118, 122, 126, 130, 134, 138,
    142, 146, 150, 154, 158, 162, 166, 170, 174, 178, 182, 186, 190, 194, 198,
    202, 206, 210, 214, 218, 222, 226, 230, 234, 238, 242, 246, 250, 254, 258,
    262, 266, 270, 274, 278, 282, 286, 290, 294, 298, 302, 306, 310, 314, 318,
    322, 326, 330, 334, 338, 342, 346, 350, 354, 358, 362, 366, 370, 374, 378,
    382, 386, 390, 394, 398, 402, 406, 410, 414, 418, 422, 426, 430, 434, 438,
    442, 446
[3] 12, 16, 20, 24, 32, 36, 44, 52, 60, 64, 88, 92, 100, 104, 116, 120, 124,
    152, 160, 168, 172, 176, 180, 184, 192, 196, 204, 212, 216, 228, 236, 244,
    248, 252, 260, 264, 268, 300, 304, 312, 324, 328, 336, 348, 356, 360, 368,
    376, 384, 392, 400, 404, 408, 416, 436

Reassigned labels
Map:
{"D_0": "D", "D_1": "D", "D_2": "D", "D_3": "D"}
token_fitness
{"perc_fit_traces": 0.0, "average_trace_fitness": 0.8768205076929377, "log_fitness": 0.895279191745866, "percentage_of_fitting_traces": 0.0}
precision
0.20010665244634052
0.7627118644067797
generalization
0.8087937948554283


###### Starting pipeline for 1, Distance.SET_DISTANCE, 3######
Found communities: 

Clustering with 448 elements and 6 clusters
[0] 1, 5, 9, 13, 17, 21, 25, 29, 33, 37, 41, 45, 49, 53, 57, 61, 65, 69, 73,
    77, 81, 85, 89, 93, 97, 101, 105, 109, 113, 117, 121, 125, 129, 133, 137,
    141, 145, 149, 153, 157, 161, 165, 169, 173, 177, 181, 185, 189, 193, 197,
    201, 205, 209, 213, 217, 221, 225, 229, 233, 237, 241, 245, 249, 253, 257,
    261, 265, 269, 273, 277, 281, 285, 289, 293, 297, 301, 305, 309, 313, 317,
    321, 325, 329, 333, 337, 341, 345, 349, 353, 357, 361, 365, 369, 373, 377,
    381, 385, 389, 393, 397, 401, 405, 409, 413, 417, 421, 425, 429, 433, 437,
    441, 445
[1] 2, 6, 10, 14, 18, 22, 26, 30, 34, 38, 42, 46, 50, 54, 58, 62, 66, 70, 74,
    78, 82, 86, 90, 94, 98, 102, 106, 110, 114, 118, 122, 126, 130, 134, 138,
    142, 146, 150, 154, 158, 162, 166, 170, 174, 178, 182, 186, 190, 194, 198,
    202, 206, 210, 214, 218, 222, 226, 230, 234, 238, 242, 246, 250, 254, 258,
    262, 266, 270, 274, 278, 282, 286, 290, 294, 298, 302, 306, 310, 314, 318,
    322, 326, 330, 334, 338, 342, 346, 350, 354, 358, 362, 366, 370, 374, 378,
    382, 386, 390, 394, 398, 402, 406, 410, 414, 418, 422, 426, 430, 434, 438,
    442, 446
[2] 3, 7, 11, 31, 43, 51, 59, 71, 75, 79, 83, 87, 99, 111, 115, 131, 135, 139,
    143, 147, 151, 159, 167, 191, 203, 211, 223, 227, 235, 243, 259, 275, 279,
    283, 287, 291, 295, 299, 311, 319, 323, 335, 343, 347, 355, 367, 375, 383,
    391, 399, 415, 423, 427, 431, 435, 443, 447
[3] 0, 4, 8, 28, 40, 48, 56, 68, 72, 76, 80, 84, 96, 108, 112, 128, 132, 136,
    140, 144, 148, 156, 164, 188, 200, 208, 220, 224, 232, 240, 256, 272, 276,
    280, 284, 288, 292, 296, 308, 316, 320, 332, 340, 344, 352, 364, 372, 380,
    388, 396, 412, 420, 424, 428, 432, 440, 444
[4] 12, 16, 20, 24, 32, 36, 44, 52, 60, 64, 88, 92, 100, 104, 116, 120, 124,
    152, 160, 168, 172, 176, 180, 184, 192, 196, 204, 212, 216, 228, 236, 244,
    248, 252, 260, 264, 268, 300, 304, 312, 324, 328, 336, 348, 356, 360, 368,
    376, 384, 392, 400, 404, 408, 416, 436
[5] 15, 19, 23, 27, 35, 39, 47, 55, 63, 67, 91, 95, 103, 107, 119, 123, 127,
    155, 163, 171, 175, 179, 183, 187, 195, 199, 207, 215, 219, 231, 239, 247,
    251, 255, 263, 267, 271, 303, 307, 315, 327, 331, 339, 351, 359, 363, 371,
    379, 387, 395, 403, 407, 411, 419, 439

Reassigned labels
Map:
{"D_0": "D", "D_1": "D", "D_2": "D", "D_3": "D", "D_4": "D", "D_5": "D"}
token_fitness
{"perc_fit_traces": 0.0, "average_trace_fitness": 0.8768205076929377, "log_fitness": 0.895279191745866, "percentage_of_fitting_traces": 0.0}
precision
0.20010665244634052
0.7627118644067797
generalization
0.8087937948554283


###### Starting pipeline for 0, Distance.MULTISET_DISTANCE, 3######
Found communities: 

Clustering with 448 elements and 2 clusters
[0] 2, 3, 6, 7, 10, 11, 14, 15, 18, 19, 22, 23, 26, 27, 30, 31, 34, 35, 38,
    39, 42, 43, 46, 47, 50, 51, 54, 55, 58, 59, 62, 63, 66, 67, 70, 71, 74,
    75, 78, 79, 82, 83, 86, 87, 90, 91, 94, 95, 98, 99, 102, 103, 106, 107,
    110, 111, 114, 115, 118, 119, 122, 123, 126, 127, 130, 131, 134, 135, 138,
    139, 142, 143, 146, 147, 150, 151, 154, 155, 158, 159, 162, 163, 166, 167,
    170, 171, 174, 175, 178, 179, 182, 183, 186, 187, 190, 191, 194, 195, 198,
    199, 202, 203, 206, 207, 210, 211, 214, 215, 218, 219, 222, 223, 226, 227,
    230, 231, 234, 235, 238, 239, 242, 243, 246, 247, 250, 251, 254, 255, 258,
    259, 262, 263, 266, 267, 270, 271, 274, 275, 278, 279, 282, 283, 286, 287,
    290, 291, 294, 295, 298, 299, 302, 303, 306, 307, 310, 311, 314, 315, 318,
    319, 322, 323, 326, 327, 330, 331, 334, 335, 338, 339, 342, 343, 346, 347,
    350, 351, 354, 355, 358, 359, 362, 363, 366, 367, 370, 371, 374, 375, 378,
    379, 382, 383, 386, 387, 390, 391, 394, 395, 398, 399, 402, 403, 406, 407,
    410, 411, 414, 415, 418, 419, 422, 423, 426, 427, 430, 431, 434, 435, 438,
    439, 442, 443, 446, 447
[1] 0, 1, 4, 5, 8, 9, 12, 13, 16, 17, 20, 21, 24, 25, 28, 29, 32, 33, 36, 37,
    40, 41, 44, 45, 48, 49, 52, 53, 56, 57, 60, 61, 64, 65, 68, 69, 72, 73,
    76, 77, 80, 81, 84, 85, 88, 89, 92, 93, 96, 97, 100, 101, 104, 105, 108,
    109, 112, 113, 116, 117, 120, 121, 124, 125, 128, 129, 132, 133, 136, 137,
    140, 141, 144, 145, 148, 149, 152, 153, 156, 157, 160, 161, 164, 165, 168,
    169, 172, 173, 176, 177, 180, 181, 184, 185, 188, 189, 192, 193, 196, 197,
    200, 201, 204, 205, 208, 209, 212, 213, 216, 217, 220, 221, 224, 225, 228,
    229, 232, 233, 236, 237, 240, 241, 244, 245, 248, 249, 252, 253, 256, 257,
    260, 261, 264, 265, 268, 269, 272, 273, 276, 277, 280, 281, 284, 285, 288,
    289, 292, 293, 296, 297, 300, 301, 304, 305, 308, 309, 312, 313, 316, 317,
    320, 321, 324, 325, 328, 329, 332, 333, 336, 337, 340, 341, 344, 345, 348,
    349, 352, 353, 356, 357, 360, 361, 364, 365, 368, 369, 372, 373, 376, 377,
    380, 381, 384, 385, 388, 389, 392, 393, 396, 397, 400, 401, 404, 405, 408,
    409, 412, 413, 416, 417, 420, 421, 424, 425, 428, 429, 432, 433, 436, 437,
    440, 441, 444, 445

Reassigned labels
Map:
{"D_0": "D", "D_1": "D"}
token_fitness
{"perc_fit_traces": 0.0, "average_trace_fitness": 0.8768205076929377, "log_fitness": 0.895279191745866, "percentage_of_fitting_traces": 0.0}
precision
0.20010665244634052
0.7627118644067797
generalization
0.8087937948554283


###### Starting pipeline for 0.25, Distance.MULTISET_DISTANCE, 3######
Found communities: 

Clustering with 448 elements and 2 clusters
[0] 2, 3, 6, 7, 10, 11, 14, 15, 18, 19, 22, 23, 26, 27, 30, 31, 34, 35, 38,
    39, 42, 43, 46, 47, 50, 51, 54, 55, 58, 59, 62, 63, 66, 67, 70, 71, 74,
    75, 78, 79, 82, 83, 86, 87, 90, 91, 94, 95, 98, 99, 102, 103, 106, 107,
    110, 111, 114, 115, 118, 119, 122, 123, 126, 127, 130, 131, 134, 135, 138,
    139, 142, 143, 146, 147, 150, 151, 154, 155, 158, 159, 162, 163, 166, 167,
    170, 171, 174, 175, 178, 179, 182, 183, 186, 187, 190, 191, 194, 195, 198,
    199, 202, 203, 206, 207, 210, 211, 214, 215, 218, 219, 222, 223, 226, 227,
    230, 231, 234, 235, 238, 239, 242, 243, 246, 247, 250, 251, 254, 255, 258,
    259, 262, 263, 266, 267, 270, 271, 274, 275, 278, 279, 282, 283, 286, 287,
    290, 291, 294, 295, 298, 299, 302, 303, 306, 307, 310, 311, 314, 315, 318,
    319, 322, 323, 326, 327, 330, 331, 334, 335, 338, 339, 342, 343, 346, 347,
    350, 351, 354, 355, 358, 359, 362, 363, 366, 367, 370, 371, 374, 375, 378,
    379, 382, 383, 386, 387, 390, 391, 394, 395, 398, 399, 402, 403, 406, 407,
    410, 411, 414, 415, 418, 419, 422, 423, 426, 427, 430, 431, 434, 435, 438,
    439, 442, 443, 446, 447
[1] 0, 1, 4, 5, 8, 9, 12, 13, 16, 17, 20, 21, 24, 25, 28, 29, 32, 33, 36, 37,
    40, 41, 44, 45, 48, 49, 52, 53, 56, 57, 60, 61, 64, 65, 68, 69, 72, 73,
    76, 77, 80, 81, 84, 85, 88, 89, 92, 93, 96, 97, 100, 101, 104, 105, 108,
    109, 112, 113, 116, 117, 120, 121, 124, 125, 128, 129, 132, 133, 136, 137,
    140, 141, 144, 145, 148, 149, 152, 153, 156, 157, 160, 161, 164, 165, 168,
    169, 172, 173, 176, 177, 180, 181, 184, 185, 188, 189, 192, 193, 196, 197,
    200, 201, 204, 205, 208, 209, 212, 213, 216, 217, 220, 221, 224, 225, 228,
    229, 232, 233, 236, 237, 240, 241, 244, 245, 248, 249, 252, 253, 256, 257,
    260, 261, 264, 265, 268, 269, 272, 273, 276, 277, 280, 281, 284, 285, 288,
    289, 292, 293, 296, 297, 300, 301, 304, 305, 308, 309, 312, 313, 316, 317,
    320, 321, 324, 325, 328, 329, 332, 333, 336, 337, 340, 341, 344, 345, 348,
    349, 352, 353, 356, 357, 360, 361, 364, 365, 368, 369, 372, 373, 376, 377,
    380, 381, 384, 385, 388, 389, 392, 393, 396, 397, 400, 401, 404, 405, 408,
    409, 412, 413, 416, 417, 420, 421, 424, 425, 428, 429, 432, 433, 436, 437,
    440, 441, 444, 445

Reassigned labels
Map:
{"D_0": "D", "D_1": "D"}
token_fitness
{"perc_fit_traces": 0.0, "average_trace_fitness": 0.8768205076929377, "log_fitness": 0.895279191745866, "percentage_of_fitting_traces": 0.0}
precision
0.20010665244634052
0.7627118644067797
generalization
0.8087937948554283


###### Starting pipeline for 0.5, Distance.MULTISET_DISTANCE, 3######
Found communities: 

Clustering with 448 elements and 2 clusters
[0] 0, 1, 4, 5, 8, 9, 12, 13, 16, 17, 20, 21, 24, 25, 28, 29, 32, 33, 36, 37,
    40, 41, 44, 45, 48, 49, 52, 53, 56, 57, 60, 61, 64, 65, 68, 69, 72, 73,
    76, 77, 80, 81, 84, 85, 88, 89, 92, 93, 96, 97, 100, 101, 104, 105, 108,
    109, 112, 113, 116, 117, 120, 121, 124, 125, 128, 129, 132, 133, 136, 137,
    140, 141, 144, 145, 148, 149, 152, 153, 156, 157, 160, 161, 164, 165, 168,
    169, 172, 173, 176, 177, 180, 181, 184, 185, 188, 189, 192, 193, 196, 197,
    200, 201, 204, 205, 208, 209, 212, 213, 216, 217, 220, 221, 224, 225, 228,
    229, 232, 233, 236, 237, 240, 241, 244, 245, 248, 249, 252, 253, 256, 257,
    260, 261, 264, 265, 268, 269, 272, 273, 276, 277, 280, 281, 284, 285, 288,
    289, 292, 293, 296, 297, 300, 301, 304, 305, 308, 309, 312, 313, 316, 317,
    320, 321, 324, 325, 328, 329, 332, 333, 336, 337, 340, 341, 344, 345, 348,
    349, 352, 353, 356, 357, 360, 361, 364, 365, 368, 369, 372, 373, 376, 377,
    380, 381, 384, 385, 388, 389, 392, 393, 396, 397, 400, 401, 404, 405, 408,
    409, 412, 413, 416, 417, 420, 421, 424, 425, 428, 429, 432, 433, 436, 437,
    440, 441, 444, 445
[1] 2, 3, 6, 7, 10, 11, 14, 15, 18, 19, 22, 23, 26, 27, 30, 31, 34, 35, 38,
    39, 42, 43, 46, 47, 50, 51, 54, 55, 58, 59, 62, 63, 66, 67, 70, 71, 74,
    75, 78, 79, 82, 83, 86, 87, 90, 91, 94, 95, 98, 99, 102, 103, 106, 107,
    110, 111, 114, 115, 118, 119, 122, 123, 126, 127, 130, 131, 134, 135, 138,
    139, 142, 143, 146, 147, 150, 151, 154, 155, 158, 159, 162, 163, 166, 167,
    170, 171, 174, 175, 178, 179, 182, 183, 186, 187, 190, 191, 194, 195, 198,
    199, 202, 203, 206, 207, 210, 211, 214, 215, 218, 219, 222, 223, 226, 227,
    230, 231, 234, 235, 238, 239, 242, 243, 246, 247, 250, 251, 254, 255, 258,
    259, 262, 263, 266, 267, 270, 271, 274, 275, 278, 279, 282, 283, 286, 287,
    290, 291, 294, 295, 298, 299, 302, 303, 306, 307, 310, 311, 314, 315, 318,
    319, 322, 323, 326, 327, 330, 331, 334, 335, 338, 339, 342, 343, 346, 347,
    350, 351, 354, 355, 358, 359, 362, 363, 366, 367, 370, 371, 374, 375, 378,
    379, 382, 383, 386, 387, 390, 391, 394, 395, 398, 399, 402, 403, 406, 407,
    410, 411, 414, 415, 418, 419, 422, 423, 426, 427, 430, 431, 434, 435, 438,
    439, 442, 443, 446, 447

Reassigned labels
Map:
{"D_0": "D", "D_1": "D"}
token_fitness
{"perc_fit_traces": 0.0, "average_trace_fitness": 0.8768205076929377, "log_fitness": 0.895279191745866, "percentage_of_fitting_traces": 0.0}
precision
0.20010665244634052
0.7627118644067797
generalization
0.8087937948554283


###### Starting pipeline for 0.75, Distance.MULTISET_DISTANCE, 3######
Found communities: 

Clustering with 448 elements and 4 clusters
[0] 0, 1, 4, 5, 8, 9, 13, 17, 21, 25, 28, 29, 33, 37, 40, 41, 45, 48, 49, 53,
    56, 57, 61, 65, 68, 69, 72, 73, 76, 77, 80, 81, 84, 85, 89, 93, 96, 97,
    101, 105, 108, 109, 112, 113, 117, 121, 125, 128, 129, 132, 133, 136, 137,
    140, 141, 144, 145, 148, 149, 153, 156, 157, 161, 164, 165, 169, 173, 177,
    181, 185, 188, 189, 193, 197, 200, 201, 205, 208, 209, 213, 217, 220, 221,
    224, 225, 229, 232, 233, 237, 240, 241, 245, 249, 253, 256, 257, 261, 265,
    269, 272, 273, 276, 277, 280, 281, 284, 285, 288, 289, 292, 293, 296, 297,
    301, 305, 308, 309, 313, 316, 317, 320, 321, 325, 329, 332, 333, 337, 340,
    341, 344, 345, 349, 352, 353, 357, 361, 364, 365, 369, 372, 373, 377, 380,
    381, 385, 388, 389, 393, 396, 397, 401, 405, 409, 412, 413, 417, 420, 421,
    424, 425, 428, 429, 432, 433, 437, 440, 441, 444, 445
[1] 2, 6, 10, 14, 15, 18, 19, 22, 23, 26, 27, 30, 34, 35, 38, 39, 42, 46, 47,
    50, 54, 55, 58, 62, 66, 67, 70, 74, 78, 82, 86, 90, 91, 94, 95, 98, 102,
    103, 106, 107, 110, 114, 118, 119, 122, 123, 126, 127, 130, 134, 138, 142,
    146, 150, 154, 155, 158, 162, 163, 166, 170, 171, 174, 175, 178, 179, 182,
    183, 186, 187, 190, 194, 195, 198, 199, 202, 206, 207, 210, 214, 215, 218,
    219, 222, 226, 230, 231, 234, 238, 239, 242, 246, 247, 250, 251, 254, 255,
    258, 262, 263, 266, 267, 270, 271, 274, 278, 282, 286, 290, 294, 298, 302,
    303, 306, 307, 310, 314, 315, 318, 322, 326, 327, 330, 331, 334, 338, 339,
    342, 346, 350, 351, 354, 358, 362, 363, 366, 370, 371, 374, 378, 379, 382,
    386, 387, 390, 394, 395, 398, 402, 403, 406, 407, 410, 411, 414, 418, 419,
    422, 426, 430, 434, 438, 439, 442, 446
[2] 3, 7, 11, 31, 43, 51, 59, 63, 71, 75, 79, 83, 87, 99, 111, 115, 131, 135,
    139, 143, 147, 151, 159, 167, 191, 203, 211, 223, 227, 235, 243, 259, 275,
    279, 283, 287, 291, 295, 299, 311, 319, 323, 335, 343, 347, 355, 359, 367,
    375, 383, 391, 399, 415, 423, 427, 431, 435, 443, 447
[3] 12, 16, 20, 24, 32, 36, 44, 52, 60, 64, 88, 92, 100, 104, 116, 120, 124,
    152, 160, 168, 172, 176, 180, 184, 192, 196, 204, 212, 216, 228, 236, 244,
    248, 252, 260, 264, 268, 300, 304, 312, 324, 328, 336, 348, 356, 360, 368,
    376, 384, 392, 400, 404, 408, 416, 436

Reassigned labels
Map:
{"D_0": "D", "D_1": "D", "D_2": "D", "D_3": "D"}
token_fitness
{"perc_fit_traces": 0.0, "average_trace_fitness": 0.8768205076929377, "log_fitness": 0.895279191745866, "percentage_of_fitting_traces": 0.0}
precision
0.20010665244634052
0.7627118644067797
generalization
0.8087937948554283


###### Starting pipeline for 1, Distance.MULTISET_DISTANCE, 3######
Found communities: 

Clustering with 448 elements and 6 clusters
[0] 1, 5, 9, 13, 17, 21, 25, 29, 33, 37, 41, 45, 49, 53, 57, 61, 65, 69, 73,
    77, 81, 85, 89, 93, 97, 101, 105, 109, 113, 117, 121, 125, 129, 133, 137,
    141, 145, 149, 153, 157, 161, 165, 169, 173, 177, 181, 185, 189, 193, 197,
    201, 205, 209, 213, 217, 221, 225, 229, 233, 237, 241, 245, 249, 253, 257,
    261, 265, 269, 273, 277, 281, 285, 289, 293, 297, 301, 305, 309, 313, 317,
    321, 325, 329, 333, 337, 341, 345, 349, 353, 357, 361, 365, 369, 373, 377,
    381, 385, 389, 393, 397, 401, 405, 409, 413, 417, 421, 425, 429, 433, 437,
    441, 445
[1] 2, 6, 10, 14, 18, 22, 26, 30, 34, 38, 42, 46, 50, 54, 58, 62, 66, 70, 74,
    78, 82, 86, 90, 94, 98, 102, 106, 110, 114, 118, 122, 126, 130, 134, 138,
    142, 146, 150, 154, 158, 162, 166, 170, 174, 178, 182, 186, 190, 194, 198,
    202, 206, 210, 214, 218, 222, 226, 230, 234, 238, 242, 246, 250, 254, 258,
    262, 266, 270, 274, 278, 282, 286, 290, 294, 298, 302, 306, 310, 314, 318,
    322, 326, 330, 334, 338, 342, 346, 350, 354, 358, 362, 366, 370, 374, 378,
    382, 386, 390, 394, 398, 402, 406, 410, 414, 418, 422, 426, 430, 434, 438,
    442, 446
[2] 3, 7, 11, 31, 43, 51, 59, 71, 75, 79, 83, 87, 99, 111, 115, 131, 135, 139,
    143, 147, 151, 159, 167, 191, 203, 211, 223, 227, 235, 243, 259, 275, 279,
    283, 287, 291, 295, 299, 311, 319, 323, 335, 343, 347, 355, 367, 375, 383,
    391, 399, 415, 423, 427, 431, 435, 443, 447
[3] 0, 4, 8, 28, 40, 48, 56, 68, 72, 76, 80, 84, 96, 108, 112, 128, 132, 136,
    140, 144, 148, 156, 164, 188, 200, 208, 220, 224, 232, 240, 256, 272, 276,
    280, 284, 288, 292, 296, 308, 316, 320, 332, 340, 344, 352, 364, 372, 380,
    388, 396, 412, 420, 424, 428, 432, 440, 444
[4] 12, 16, 20, 24, 32, 36, 44, 52, 60, 64, 88, 92, 100, 104, 116, 120, 124,
    152, 160, 168, 172, 176, 180, 184, 192, 196, 204, 212, 216, 228, 236, 244,
    248, 252, 260, 264, 268, 300, 304, 312, 324, 328, 336, 348, 356, 360, 368,
    376, 384, 392, 400, 404, 408, 416, 436
[5] 15, 19, 23, 27, 35, 39, 47, 55, 63, 67, 91, 95, 103, 107, 119, 123, 127,
    155, 163, 171, 175, 179, 183, 187, 195, 199, 207, 215, 219, 231, 239, 247,
    251, 255, 263, 267, 271, 303, 307, 315, 327, 331, 339, 351, 359, 363, 371,
    379, 387, 395, 403, 407, 411, 419, 439

Reassigned labels
Map:
{"D_0": "D", "D_1": "D", "D_2": "D", "D_3": "D", "D_4": "D", "D_5": "D"}
token_fitness
{"perc_fit_traces": 0.0, "average_trace_fitness": 0.8768205076929377, "log_fitness": 0.895279191745866, "percentage_of_fitting_traces": 0.0}
precision
0.20010665244634052
0.7627118644067797
generalization
0.8087937948554283


###### Starting pipeline for 0, Distance.EDIT_DISTANCE, 5######
Found communities: 

Clustering with 448 elements and 3 clusters
[0] 2, 3, 6, 7, 10, 11, 14, 15, 18, 19, 22, 23, 26, 27, 30, 31, 34, 35, 38,
    39, 42, 43, 46, 47, 50, 51, 54, 55, 58, 59, 62, 63, 66, 67, 70, 71, 74,
    75, 78, 79, 82, 83, 86, 87, 90, 91, 94, 95, 98, 99, 102, 103, 106, 107,
    110, 111, 114, 115, 118, 119, 122, 123, 126, 127, 130, 131, 134, 135, 138,
    139, 142, 143, 146, 147, 150, 151, 154, 155, 158, 159, 162, 163, 166, 167,
    170, 171, 174, 175, 178, 179, 182, 183, 186, 187, 190, 191, 194, 195, 198,
    199, 202, 203, 206, 207, 210, 211, 214, 215, 218, 219, 222, 223, 226, 227,
    230, 231, 234, 235, 238, 239, 242, 243, 246, 247, 250, 251, 254, 255, 258,
    259, 262, 263, 266, 267, 270, 271, 274, 275, 278, 279, 282, 283, 286, 287,
    290, 291, 294, 295, 298, 299, 302, 303, 306, 307, 310, 311, 314, 315, 318,
    319, 322, 323, 326, 327, 330, 331, 334, 335, 338, 339, 342, 343, 346, 347,
    350, 351, 354, 355, 358, 359, 362, 363, 366, 367, 370, 371, 374, 375, 378,
    379, 382, 383, 386, 387, 390, 391, 394, 395, 398, 399, 402, 403, 406, 407,
    410, 411, 414, 415, 418, 419, 422, 423, 426, 427, 430, 431, 434, 435, 438,
    439, 442, 443, 446, 447
[1] 0, 4, 8, 12, 16, 20, 24, 28, 32, 36, 40, 44, 48, 52, 56, 60, 64, 68, 72,
    76, 80, 84, 88, 92, 96, 100, 104, 108, 112, 116, 120, 124, 128, 132, 136,
    140, 144, 148, 152, 156, 160, 164, 168, 172, 176, 180, 184, 188, 192, 196,
    200, 204, 208, 212, 216, 220, 224, 228, 232, 236, 240, 244, 248, 252, 256,
    260, 264, 268, 272, 276, 280, 284, 288, 292, 296, 300, 304, 308, 312, 316,
    320, 324, 328, 332, 336, 340, 344, 348, 352, 356, 360, 364, 368, 372, 376,
    380, 384, 388, 392, 396, 400, 404, 408, 412, 416, 420, 424, 428, 432, 436,
    440, 444
[2] 1, 5, 9, 13, 17, 21, 25, 29, 33, 37, 41, 45, 49, 53, 57, 61, 65, 69, 73,
    77, 81, 85, 89, 93, 97, 101, 105, 109, 113, 117, 121, 125, 129, 133, 137,
    141, 145, 149, 153, 157, 161, 165, 169, 173, 177, 181, 185, 189, 193, 197,
    201, 205, 209, 213, 217, 221, 225, 229, 233, 237, 241, 245, 249, 253, 257,
    261, 265, 269, 273, 277, 281, 285, 289, 293, 297, 301, 305, 309, 313, 317,
    321, 325, 329, 333, 337, 341, 345, 349, 353, 357, 361, 365, 369, 373, 377,
    381, 385, 389, 393, 397, 401, 405, 409, 413, 417, 421, 425, 429, 433, 437,
    441, 445

Reassigned labels
Map:
{"D_0": "D", "D_1": "D", "D_2": "D"}
token_fitness
{"perc_fit_traces": 0.0, "average_trace_fitness": 0.8768205076929377, "log_fitness": 0.895279191745866, "percentage_of_fitting_traces": 0.0}
precision
0.20010665244634052
0.7627118644067797
generalization
0.8087937948554283


###### Starting pipeline for 0.25, Distance.EDIT_DISTANCE, 5######
Found communities: 

Clustering with 448 elements and 2 clusters
[0] 2, 3, 6, 7, 10, 11, 14, 15, 18, 19, 22, 23, 26, 27, 30, 31, 34, 35, 38,
    39, 42, 43, 46, 47, 50, 51, 54, 55, 58, 59, 62, 63, 66, 67, 70, 71, 74,
    75, 78, 79, 82, 83, 86, 87, 90, 91, 94, 95, 98, 99, 102, 103, 106, 107,
    110, 111, 114, 115, 118, 119, 122, 123, 126, 127, 130, 131, 134, 135, 138,
    139, 142, 143, 146, 147, 150, 151, 154, 155, 158, 159, 162, 163, 166, 167,
    170, 171, 174, 175, 178, 179, 182, 183, 186, 187, 190, 191, 194, 195, 198,
    199, 202, 203, 206, 207, 210, 211, 214, 215, 218, 219, 222, 223, 226, 227,
    230, 231, 234, 235, 238, 239, 242, 243, 246, 247, 250, 251, 254, 255, 258,
    259, 262, 263, 266, 267, 270, 271, 274, 275, 278, 279, 282, 283, 286, 287,
    290, 291, 294, 295, 298, 299, 302, 303, 306, 307, 310, 311, 314, 315, 318,
    319, 322, 323, 326, 327, 330, 331, 334, 335, 338, 339, 342, 343, 346, 347,
    350, 351, 354, 355, 358, 359, 362, 363, 366, 367, 370, 371, 374, 375, 378,
    379, 382, 383, 386, 387, 390, 391, 394, 395, 398, 399, 402, 403, 406, 407,
    410, 411, 414, 415, 418, 419, 422, 423, 426, 427, 430, 431, 434, 435, 438,
    439, 442, 443, 446, 447
[1] 0, 1, 4, 5, 8, 9, 12, 13, 16, 17, 20, 21, 24, 25, 28, 29, 32, 33, 36, 37,
    40, 41, 44, 45, 48, 49, 52, 53, 56, 57, 60, 61, 64, 65, 68, 69, 72, 73,
    76, 77, 80, 81, 84, 85, 88, 89, 92, 93, 96, 97, 100, 101, 104, 105, 108,
    109, 112, 113, 116, 117, 120, 121, 124, 125, 128, 129, 132, 133, 136, 137,
    140, 141, 144, 145, 148, 149, 152, 153, 156, 157, 160, 161, 164, 165, 168,
    169, 172, 173, 176, 177, 180, 181, 184, 185, 188, 189, 192, 193, 196, 197,
    200, 201, 204, 205, 208, 209, 212, 213, 216, 217, 220, 221, 224, 225, 228,
    229, 232, 233, 236, 237, 240, 241, 244, 245, 248, 249, 252, 253, 256, 257,
    260, 261, 264, 265, 268, 269, 272, 273, 276, 277, 280, 281, 284, 285, 288,
    289, 292, 293, 296, 297, 300, 301, 304, 305, 308, 309, 312, 313, 316, 317,
    320, 321, 324, 325, 328, 329, 332, 333, 336, 337, 340, 341, 344, 345, 348,
    349, 352, 353, 356, 357, 360, 361, 364, 365, 368, 369, 372, 373, 376, 377,
    380, 381, 384, 385, 388, 389, 392, 393, 396, 397, 400, 401, 404, 405, 408,
    409, 412, 413, 416, 417, 420, 421, 424, 425, 428, 429, 432, 433, 436, 437,
    440, 441, 444, 445

Reassigned labels
Map:
{"D_0": "D", "D_1": "D"}
token_fitness
{"perc_fit_traces": 0.0, "average_trace_fitness": 0.8768205076929377, "log_fitness": 0.895279191745866, "percentage_of_fitting_traces": 0.0}
precision
0.20010665244634052
0.7627118644067797
generalization
0.8087937948554283


###### Starting pipeline for 0.5, Distance.EDIT_DISTANCE, 5######
Found communities: 

Clustering with 448 elements and 2 clusters
[0] 2, 3, 6, 7, 10, 11, 14, 15, 18, 19, 22, 23, 26, 27, 30, 31, 34, 35, 38,
    39, 42, 43, 46, 47, 50, 51, 54, 55, 58, 59, 62, 63, 66, 67, 70, 71, 74,
    75, 78, 79, 82, 83, 86, 87, 90, 91, 94, 95, 98, 99, 102, 103, 106, 107,
    110, 111, 114, 115, 118, 119, 122, 123, 126, 127, 130, 131, 134, 135, 138,
    139, 142, 143, 146, 147, 150, 151, 154, 155, 158, 159, 162, 163, 166, 167,
    170, 171, 174, 175, 178, 179, 182, 183, 186, 187, 190, 191, 194, 195, 198,
    199, 202, 203, 206, 207, 210, 211, 214, 215, 218, 219, 222, 223, 226, 227,
    230, 231, 234, 235, 238, 239, 242, 243, 246, 247, 250, 251, 254, 255, 258,
    259, 262, 263, 266, 267, 270, 271, 274, 275, 278, 279, 282, 283, 286, 287,
    290, 291, 294, 295, 298, 299, 302, 303, 306, 307, 310, 311, 314, 315, 318,
    319, 322, 323, 326, 327, 330, 331, 334, 335, 338, 339, 342, 343, 346, 347,
    350, 351, 354, 355, 358, 359, 362, 363, 366, 367, 370, 371, 374, 375, 378,
    379, 382, 383, 386, 387, 390, 391, 394, 395, 398, 399, 402, 403, 406, 407,
    410, 411, 414, 415, 418, 419, 422, 423, 426, 427, 430, 431, 434, 435, 438,
    439, 442, 443, 446, 447
[1] 0, 1, 4, 5, 8, 9, 12, 13, 16, 17, 20, 21, 24, 25, 28, 29, 32, 33, 36, 37,
    40, 41, 44, 45, 48, 49, 52, 53, 56, 57, 60, 61, 64, 65, 68, 69, 72, 73,
    76, 77, 80, 81, 84, 85, 88, 89, 92, 93, 96, 97, 100, 101, 104, 105, 108,
    109, 112, 113, 116, 117, 120, 121, 124, 125, 128, 129, 132, 133, 136, 137,
    140, 141, 144, 145, 148, 149, 152, 153, 156, 157, 160, 161, 164, 165, 168,
    169, 172, 173, 176, 177, 180, 181, 184, 185, 188, 189, 192, 193, 196, 197,
    200, 201, 204, 205, 208, 209, 212, 213, 216, 217, 220, 221, 224, 225, 228,
    229, 232, 233, 236, 237, 240, 241, 244, 245, 248, 249, 252, 253, 256, 257,
    260, 261, 264, 265, 268, 269, 272, 273, 276, 277, 280, 281, 284, 285, 288,
    289, 292, 293, 296, 297, 300, 301, 304, 305, 308, 309, 312, 313, 316, 317,
    320, 321, 324, 325, 328, 329, 332, 333, 336, 337, 340, 341, 344, 345, 348,
    349, 352, 353, 356, 357, 360, 361, 364, 365, 368, 369, 372, 373, 376, 377,
    380, 381, 384, 385, 388, 389, 392, 393, 396, 397, 400, 401, 404, 405, 408,
    409, 412, 413, 416, 417, 420, 421, 424, 425, 428, 429, 432, 433, 436, 437,
    440, 441, 444, 445

Reassigned labels
Map:
{"D_0": "D", "D_1": "D"}
token_fitness
{"perc_fit_traces": 0.0, "average_trace_fitness": 0.8768205076929377, "log_fitness": 0.895279191745866, "percentage_of_fitting_traces": 0.0}
precision
0.20010665244634052
0.7627118644067797
generalization
0.8087937948554283


###### Starting pipeline for 0.75, Distance.EDIT_DISTANCE, 5######
Found communities: 

Clustering with 448 elements and 5 clusters
[0] 2, 3, 6, 7, 10, 11, 30, 31, 42, 43, 50, 51, 58, 59, 70, 71, 74, 75, 78,
    79, 82, 83, 86, 87, 98, 99, 110, 111, 114, 115, 130, 131, 134, 135, 138,
    139, 142, 143, 146, 147, 150, 151, 158, 159, 166, 167, 190, 191, 202, 203,
    210, 211, 222, 223, 226, 227, 234, 235, 242, 243, 258, 259, 274, 275, 278,
    279, 282, 283, 286, 287, 290, 291, 294, 295, 298, 299, 310, 311, 318, 319,
    322, 323, 334, 335, 342, 343, 346, 347, 354, 355, 366, 367, 374, 375, 382,
    383, 390, 391, 398, 399, 414, 415, 422, 423, 426, 427, 430, 431, 434, 435,
    442, 443, 446, 447
[1] 1, 5, 9, 13, 17, 21, 25, 29, 33, 37, 41, 45, 49, 53, 57, 61, 65, 69, 73,
    77, 81, 85, 89, 93, 97, 101, 105, 109, 113, 117, 121, 125, 129, 133, 137,
    141, 145, 149, 153, 157, 161, 165, 169, 173, 177, 181, 185, 189, 193, 197,
    201, 205, 209, 213, 217, 221, 225, 229, 233, 237, 241, 245, 249, 253, 257,
    261, 265, 269, 273, 277, 281, 285, 289, 293, 297, 301, 305, 309, 313, 317,
    321, 325, 329, 333, 337, 341, 345, 349, 353, 357, 361, 365, 369, 373, 377,
    381, 385, 389, 393, 397, 401, 405, 409, 413, 417, 421, 425, 429, 433, 437,
    441, 445
[2] 14, 15, 18, 19, 22, 23, 26, 27, 34, 35, 38, 39, 46, 47, 54, 55, 62, 63,
    66, 67, 90, 91, 94, 95, 102, 103, 106, 107, 118, 119, 122, 123, 126, 127,
    154, 155, 162, 163, 170, 171, 174, 175, 178, 179, 182, 183, 186, 187, 194,
    195, 198, 199, 206, 207, 214, 215, 218, 219, 230, 231, 238, 239, 246, 247,
    250, 251, 254, 255, 262, 263, 266, 267, 270, 271, 302, 303, 306, 307, 314,
    315, 326, 327, 330, 331, 338, 339, 350, 351, 358, 359, 362, 363, 370, 371,
    378, 379, 386, 387, 394, 395, 402, 403, 406, 407, 410, 411, 418, 419, 438,
    439
[3] 0, 4, 8, 28, 40, 48, 56, 68, 72, 76, 80, 84, 96, 108, 112, 128, 132, 136,
    140, 144, 148, 156, 164, 188, 200, 208, 220, 224, 232, 240, 256, 272, 276,
    280, 284, 288, 292, 296, 308, 316, 320, 332, 340, 344, 352, 364, 372, 380,
    388, 396, 412, 420, 424, 428, 432, 440, 444
[4] 12, 16, 20, 24, 32, 36, 44, 52, 60, 64, 88, 92, 100, 104, 116, 120, 124,
    152, 160, 168, 172, 176, 180, 184, 192, 196, 204, 212, 216, 228, 236, 244,
    248, 252, 260, 264, 268, 300, 304, 312, 324, 328, 336, 348, 356, 360, 368,
    376, 384, 392, 400, 404, 408, 416, 436

Reassigned labels
Map:
{"D_0": "D", "D_1": "D", "D_2": "D", "D_3": "D", "D_4": "D"}
token_fitness
{"perc_fit_traces": 0.0, "average_trace_fitness": 0.8768205076929377, "log_fitness": 0.895279191745866, "percentage_of_fitting_traces": 0.0}
precision
0.20010665244634052
0.7627118644067797
generalization
0.8087937948554283


###### Starting pipeline for 1, Distance.EDIT_DISTANCE, 5######
Found communities: 

Clustering with 448 elements and 16 clusters
[ 0] 1, 5, 9, 29, 41, 49, 57, 69, 73, 77, 81, 85, 97, 109, 113, 129, 133, 137,
     141, 145, 149, 157, 165, 189, 201, 209, 221, 225, 233, 241, 257, 273,
     277, 281, 285, 289, 293, 297, 309, 317, 321, 333, 341, 345, 353, 365,
     373, 381, 389, 397, 413, 421, 425, 429, 433, 441, 445
[ 1] 0, 4, 8, 28, 40, 48, 56, 68, 72, 76, 80, 84, 96, 108, 112, 128, 132, 136,
     140, 144, 148, 156, 164, 188, 200, 208, 220, 224, 232, 240, 256, 272,
     276, 280, 284, 288, 292, 296, 308, 316, 320, 332, 340, 344, 352, 364,
     372, 380, 388, 396, 412, 420, 424, 428, 432, 440, 444
[ 2] 12, 16, 20, 24, 32, 36, 44, 52, 60, 64, 88, 92, 100, 104, 116, 120, 124,
     152, 160, 168, 172, 176, 180, 184, 192, 196, 204, 212, 216, 228, 236,
     244, 248, 252, 260, 264, 268, 300, 304, 312, 324, 328, 336, 348, 356,
     360, 368, 376, 384, 392, 400, 404, 408, 416, 436
[ 3] 13, 17, 21, 25, 33, 37, 45, 53, 61, 65, 89, 93, 101, 105, 117, 121, 125,
     153, 161, 169, 173, 177, 181, 185, 193, 197, 205, 213, 217, 229, 237,
     245, 249, 253, 261, 265, 269, 301, 305, 313, 325, 329, 337, 349, 357,
     361, 369, 377, 385, 393, 401, 405, 409, 417, 437
[ 4] 14, 34, 38, 54, 62, 94, 102, 118, 122, 126, 170, 178, 182, 198, 214, 250,
     254, 266, 270, 306, 314, 330, 338, 358, 378, 394, 402, 406, 418, 438
[ 5] 2, 30, 50, 78, 98, 110, 138, 146, 158, 166, 190, 202, 210, 222, 226, 234,
     258, 278, 282, 294, 298, 318, 334, 342, 354, 382, 414, 426, 430
[ 6] 35, 39, 55, 63, 95, 103, 119, 123, 127, 171, 179, 183, 199, 215, 251,
     255, 267, 271, 307, 315, 331, 339, 359, 379, 395, 403, 407, 419, 439
[ 7] 6, 10, 42, 58, 70, 74, 82, 86, 114, 130, 134, 142, 150, 242, 274, 286,
     290, 310, 322, 346, 366, 374, 390, 398, 422, 434, 442, 446
[ 8] 31, 51, 79, 99, 111, 139, 147, 159, 167, 191, 203, 211, 223, 227, 235,
     259, 279, 283, 295, 299, 319, 335, 343, 355, 383, 415, 427, 431
[ 9] 7, 43, 59, 71, 75, 83, 87, 115, 131, 135, 143, 151, 243, 275, 287, 291,
     311, 323, 347, 367, 375, 391, 399, 423, 435, 443, 447
[10] 18, 22, 26, 46, 66, 90, 106, 154, 162, 174, 186, 194, 206, 218, 230, 238,
     246, 262, 302, 326, 350, 362, 370, 386, 410
[11] 23, 27, 47, 67, 91, 107, 155, 163, 175, 187, 195, 207, 219, 231, 239,
     247, 263, 303, 327, 351, 363, 371, 387, 411
[12] 3
[13] 11
[14] 15
[15] 19

Reassigned labels
Map:
{"D_0": "D", "D_1": "D", "D_2": "D", "D_3": "D", "D_4": "D", "D_5": "D", "D_6": "D", "D_7": "D", "D_8": "D", "D_9": "D", "D_10": "D", "D_11": "D", "D_12": "D", "D_13": "D", "D_14": "D", "D_15": "D"}
token_fitness
{"perc_fit_traces": 0.0, "average_trace_fitness": 0.8768205076929377, "log_fitness": 0.895279191745866, "percentage_of_fitting_traces": 0.0}
precision
0.20010665244634052
0.7627118644067797
generalization
0.8087937948554283


###### Starting pipeline for 0, Distance.SET_DISTANCE, 5######
Found communities: 

Clustering with 448 elements and 4 clusters
[0] 0, 4, 8, 12, 16, 20, 24, 28, 32, 36, 40, 44, 48, 52, 56, 60, 64, 68, 72,
    76, 80, 84, 88, 92, 96, 100, 104, 108, 112, 116, 120, 124, 128, 132, 136,
    140, 144, 148, 152, 156, 160, 164, 168, 172, 176, 180, 184, 188, 192, 196,
    200, 204, 208, 212, 216, 220, 224, 228, 232, 236, 240, 244, 248, 252, 256,
    260, 264, 268, 272, 276, 280, 284, 288, 292, 296, 300, 304, 308, 312, 316,
    320, 324, 328, 332, 336, 340, 344, 348, 352, 356, 360, 364, 368, 372, 376,
    380, 384, 388, 392, 396, 400, 404, 408, 412, 416, 420, 424, 428, 432, 436,
    440, 444
[1] 3, 7, 11, 15, 19, 23, 27, 31, 35, 39, 43, 47, 51, 55, 59, 63, 67, 71, 75,
    79, 83, 87, 91, 95, 99, 103, 107, 111, 115, 119, 123, 127, 131, 135, 139,
    143, 147, 151, 155, 159, 163, 167, 171, 175, 179, 183, 187, 191, 195, 199,
    203, 207, 211, 215, 219, 223, 227, 231, 235, 239, 243, 247, 251, 255, 259,
    263, 267, 271, 275, 279, 283, 287, 291, 295, 299, 303, 307, 311, 315, 319,
    323, 327, 331, 335, 339, 343, 347, 351, 355, 359, 363, 367, 371, 375, 379,
    383, 387, 391, 395, 399, 403, 407, 411, 415, 419, 423, 427, 431, 435, 439,
    443, 447
[2] 2, 6, 10, 14, 18, 22, 26, 30, 34, 38, 42, 46, 50, 54, 58, 62, 66, 70, 74,
    78, 82, 86, 90, 94, 98, 102, 106, 110, 114, 118, 122, 126, 130, 134, 138,
    142, 146, 150, 154, 158, 162, 166, 170, 174, 178, 182, 186, 190, 194, 198,
    202, 206, 210, 214, 218, 222, 226, 230, 234, 238, 242, 246, 250, 254, 258,
    262, 266, 270, 274, 278, 282, 286, 290, 294, 298, 302, 306, 310, 314, 318,
    322, 326, 330, 334, 338, 342, 346, 350, 354, 358, 362, 366, 370, 374, 378,
    382, 386, 390, 394, 398, 402, 406, 410, 414, 418, 422, 426, 430, 434, 438,
    442, 446
[3] 1, 5, 9, 13, 17, 21, 25, 29, 33, 37, 41, 45, 49, 53, 57, 61, 65, 69, 73,
    77, 81, 85, 89, 93, 97, 101, 105, 109, 113, 117, 121, 125, 129, 133, 137,
    141, 145, 149, 153, 157, 161, 165, 169, 173, 177, 181, 185, 189, 193, 197,
    201, 205, 209, 213, 217, 221, 225, 229, 233, 237, 241, 245, 249, 253, 257,
    261, 265, 269, 273, 277, 281, 285, 289, 293, 297, 301, 305, 309, 313, 317,
    321, 325, 329, 333, 337, 341, 345, 349, 353, 357, 361, 365, 369, 373, 377,
    381, 385, 389, 393, 397, 401, 405, 409, 413, 417, 421, 425, 429, 433, 437,
    441, 445

Reassigned labels
Map:
{"D_0": "D", "D_1": "D", "D_2": "D", "D_3": "D"}
token_fitness
{"perc_fit_traces": 0.0, "average_trace_fitness": 0.8768205076929377, "log_fitness": 0.895279191745866, "percentage_of_fitting_traces": 0.0}
precision
0.20010665244634052
0.7627118644067797
generalization
0.8087937948554283


###### Starting pipeline for 0.25, Distance.SET_DISTANCE, 5######
Found communities: 

Clustering with 448 elements and 4 clusters
[0] 0, 4, 8, 12, 16, 20, 24, 28, 32, 36, 40, 44, 48, 52, 56, 60, 64, 68, 72,
    76, 80, 84, 88, 92, 96, 100, 104, 108, 112, 116, 120, 124, 128, 132, 136,
    140, 144, 148, 152, 156, 160, 164, 168, 172, 176, 180, 184, 188, 192, 196,
    200, 204, 208, 212, 216, 220, 224, 228, 232, 236, 240, 244, 248, 252, 256,
    260, 264, 268, 272, 276, 280, 284, 288, 292, 296, 300, 304, 308, 312, 316,
    320, 324, 328, 332, 336, 340, 344, 348, 352, 356, 360, 364, 368, 372, 376,
    380, 384, 388, 392, 396, 400, 404, 408, 412, 416, 420, 424, 428, 432, 436,
    440, 444
[1] 3, 7, 11, 15, 19, 23, 27, 31, 35, 39, 43, 47, 51, 55, 59, 63, 67, 71, 75,
    79, 83, 87, 91, 95, 99, 103, 107, 111, 115, 119, 123, 127, 131, 135, 139,
    143, 147, 151, 155, 159, 163, 167, 171, 175, 179, 183, 187, 191, 195, 199,
    203, 207, 211, 215, 219, 223, 227, 231, 235, 239, 243, 247, 251, 255, 259,
    263, 267, 271, 275, 279, 283, 287, 291, 295, 299, 303, 307, 311, 315, 319,
    323, 327, 331, 335, 339, 343, 347, 351, 355, 359, 363, 367, 371, 375, 379,
    383, 387, 391, 395, 399, 403, 407, 411, 415, 419, 423, 427, 431, 435, 439,
    443, 447
[2] 2, 6, 10, 14, 18, 22, 26, 30, 34, 38, 42, 46, 50, 54, 58, 62, 66, 70, 74,
    78, 82, 86, 90, 94, 98, 102, 106, 110, 114, 118, 122, 126, 130, 134, 138,
    142, 146, 150, 154, 158, 162, 166, 170, 174, 178, 182, 186, 190, 194, 198,
    202, 206, 210, 214, 218, 222, 226, 230, 234, 238, 242, 246, 250, 254, 258,
    262, 266, 270, 274, 278, 282, 286, 290, 294, 298, 302, 306, 310, 314, 318,
    322, 326, 330, 334, 338, 342, 346, 350, 354, 358, 362, 366, 370, 374, 378,
    382, 386, 390, 394, 398, 402, 406, 410, 414, 418, 422, 426, 430, 434, 438,
    442, 446
[3] 1, 5, 9, 13, 17, 21, 25, 29, 33, 37, 41, 45, 49, 53, 57, 61, 65, 69, 73,
    77, 81, 85, 89, 93, 97, 101, 105, 109, 113, 117, 121, 125, 129, 133, 137,
    141, 145, 149, 153, 157, 161, 165, 169, 173, 177, 181, 185, 189, 193, 197,
    201, 205, 209, 213, 217, 221, 225, 229, 233, 237, 241, 245, 249, 253, 257,
    261, 265, 269, 273, 277, 281, 285, 289, 293, 297, 301, 305, 309, 313, 317,
    321, 325, 329, 333, 337, 341, 345, 349, 353, 357, 361, 365, 369, 373, 377,
    381, 385, 389, 393, 397, 401, 405, 409, 413, 417, 421, 425, 429, 433, 437,
    441, 445

Reassigned labels
Map:
{"D_0": "D", "D_1": "D", "D_2": "D", "D_3": "D"}
token_fitness
{"perc_fit_traces": 0.0, "average_trace_fitness": 0.8768205076929377, "log_fitness": 0.895279191745866, "percentage_of_fitting_traces": 0.0}
precision
0.20010665244634052
0.7627118644067797
generalization
0.8087937948554283


###### Starting pipeline for 0.5, Distance.SET_DISTANCE, 5######
Found communities: 

Clustering with 448 elements and 4 clusters
[0] 3, 7, 11, 15, 19, 23, 27, 31, 35, 39, 43, 47, 51, 55, 59, 63, 67, 71, 75,
    79, 83, 87, 91, 95, 99, 103, 107, 111, 115, 119, 123, 127, 131, 135, 139,
    143, 147, 151, 155, 159, 163, 167, 171, 175, 179, 183, 187, 191, 195, 199,
    203, 207, 211, 215, 219, 223, 227, 231, 235, 239, 243, 247, 251, 255, 259,
    263, 267, 271, 275, 279, 283, 287, 291, 295, 299, 303, 307, 311, 315, 319,
    323, 327, 331, 335, 339, 343, 347, 351, 355, 359, 363, 367, 371, 375, 379,
    383, 387, 391, 395, 399, 403, 407, 411, 415, 419, 423, 427, 431, 435, 439,
    443, 447
[1] 0, 4, 8, 12, 16, 20, 24, 28, 32, 36, 40, 44, 48, 52, 56, 60, 64, 68, 72,
    76, 80, 84, 88, 92, 96, 100, 104, 108, 112, 116, 120, 124, 128, 132, 136,
    140, 144, 148, 152, 156, 160, 164, 168, 172, 176, 180, 184, 188, 192, 196,
    200, 204, 208, 212, 216, 220, 224, 228, 232, 236, 240, 244, 248, 252, 256,
    260, 264, 268, 272, 276, 280, 284, 288, 292, 296, 300, 304, 308, 312, 316,
    320, 324, 328, 332, 336, 340, 344, 348, 352, 356, 360, 364, 368, 372, 376,
    380, 384, 388, 392, 396, 400, 404, 408, 412, 416, 420, 424, 428, 432, 436,
    440, 444
[2] 2, 6, 10, 14, 18, 22, 26, 30, 34, 38, 42, 46, 50, 54, 58, 62, 66, 70, 74,
    78, 82, 86, 90, 94, 98, 102, 106, 110, 114, 118, 122, 126, 130, 134, 138,
    142, 146, 150, 154, 158, 162, 166, 170, 174, 178, 182, 186, 190, 194, 198,
    202, 206, 210, 214, 218, 222, 226, 230, 234, 238, 242, 246, 250, 254, 258,
    262, 266, 270, 274, 278, 282, 286, 290, 294, 298, 302, 306, 310, 314, 318,
    322, 326, 330, 334, 338, 342, 346, 350, 354, 358, 362, 366, 370, 374, 378,
    382, 386, 390, 394, 398, 402, 406, 410, 414, 418, 422, 426, 430, 434, 438,
    442, 446
[3] 1, 5, 9, 13, 17, 21, 25, 29, 33, 37, 41, 45, 49, 53, 57, 61, 65, 69, 73,
    77, 81, 85, 89, 93, 97, 101, 105, 109, 113, 117, 121, 125, 129, 133, 137,
    141, 145, 149, 153, 157, 161, 165, 169, 173, 177, 181, 185, 189, 193, 197,
    201, 205, 209, 213, 217, 221, 225, 229, 233, 237, 241, 245, 249, 253, 257,
    261, 265, 269, 273, 277, 281, 285, 289, 293, 297, 301, 305, 309, 313, 317,
    321, 325, 329, 333, 337, 341, 345, 349, 353, 357, 361, 365, 369, 373, 377,
    381, 385, 389, 393, 397, 401, 405, 409, 413, 417, 421, 425, 429, 433, 437,
    441, 445

Reassigned labels
Map:
{"D_0": "D", "D_1": "D", "D_2": "D", "D_3": "D"}
token_fitness
{"perc_fit_traces": 0.0, "average_trace_fitness": 0.8768205076929377, "log_fitness": 0.895279191745866, "percentage_of_fitting_traces": 0.0}
precision
0.20010665244634052
0.7627118644067797
generalization
0.8087937948554283


###### Starting pipeline for 0.75, Distance.SET_DISTANCE, 5######
Found communities: 

Clustering with 448 elements and 3 clusters
[0] 2, 3, 6, 7, 10, 11, 14, 15, 18, 19, 22, 23, 26, 27, 30, 31, 34, 35, 38,
    39, 42, 43, 46, 47, 50, 51, 54, 55, 58, 59, 62, 63, 66, 67, 70, 71, 74,
    75, 78, 79, 82, 83, 86, 87, 90, 91, 94, 95, 98, 99, 102, 103, 106, 107,
    110, 111, 114, 115, 118, 119, 122, 123, 126, 127, 130, 131, 134, 135, 138,
    139, 142, 143, 146, 147, 150, 151, 154, 155, 158, 159, 162, 163, 166, 167,
    170, 171, 174, 175, 178, 179, 182, 183, 186, 187, 190, 191, 194, 195, 198,
    199, 202, 203, 206, 207, 210, 211, 214, 215, 218, 219, 222, 223, 226, 227,
    230, 231, 234, 235, 238, 239, 242, 243, 246, 247, 250, 251, 254, 255, 258,
    259, 262, 263, 266, 267, 270, 271, 274, 275, 278, 279, 282, 283, 286, 287,
    290, 291, 294, 295, 298, 299, 302, 303, 306, 307, 310, 311, 314, 315, 318,
    319, 322, 323, 326, 327, 330, 331, 334, 335, 338, 339, 342, 343, 346, 347,
    350, 351, 354, 355, 358, 359, 362, 363, 366, 367, 370, 371, 374, 375, 378,
    379, 382, 383, 386, 387, 390, 391, 394, 395, 398, 399, 402, 403, 406, 407,
    410, 411, 414, 415, 418, 419, 422, 423, 426, 427, 430, 431, 434, 435, 438,
    439, 442, 443, 446, 447
[1] 0, 1, 4, 5, 8, 9, 13, 17, 21, 25, 28, 29, 33, 37, 40, 41, 45, 48, 49, 53,
    56, 57, 61, 65, 68, 69, 72, 73, 76, 77, 80, 81, 84, 85, 89, 93, 96, 97,
    101, 105, 108, 109, 112, 113, 117, 121, 125, 128, 129, 132, 133, 136, 137,
    140, 141, 144, 145, 148, 149, 153, 156, 157, 161, 164, 165, 169, 173, 177,
    181, 185, 188, 189, 193, 197, 200, 201, 205, 208, 209, 213, 217, 220, 221,
    224, 225, 229, 232, 233, 237, 240, 241, 245, 249, 253, 256, 257, 261, 265,
    269, 272, 273, 276, 277, 280, 281, 284, 285, 288, 289, 292, 293, 296, 297,
    301, 305, 308, 309, 313, 316, 317, 320, 321, 325, 329, 332, 333, 337, 340,
    341, 344, 345, 349, 352, 353, 357, 361, 364, 365, 369, 372, 373, 377, 380,
    381, 385, 388, 389, 393, 396, 397, 401, 405, 409, 412, 413, 417, 420, 421,
    424, 425, 428, 429, 432, 433, 437, 440, 441, 444, 445
[2] 12, 16, 20, 24, 32, 36, 44, 52, 60, 64, 88, 92, 100, 104, 116, 120, 124,
    152, 160, 168, 172, 176, 180, 184, 192, 196, 204, 212, 216, 228, 236, 244,
    248, 252, 260, 264, 268, 300, 304, 312, 324, 328, 336, 348, 356, 360, 368,
    376, 384, 392, 400, 404, 408, 416, 436

Reassigned labels
Map:
{"D_0": "D", "D_1": "D", "D_2": "D"}
token_fitness
{"perc_fit_traces": 0.0, "average_trace_fitness": 0.8768205076929377, "log_fitness": 0.895279191745866, "percentage_of_fitting_traces": 0.0}
precision
0.20010665244634052
0.7627118644067797
generalization
0.8087937948554283


###### Starting pipeline for 1, Distance.SET_DISTANCE, 5######
Found communities: 

Clustering with 448 elements and 8 clusters
[0] 1, 5, 9, 13, 17, 21, 25, 29, 33, 37, 41, 45, 49, 53, 57, 61, 65, 69, 73,
    77, 81, 85, 89, 93, 97, 101, 105, 109, 113, 117, 121, 125, 129, 133, 137,
    141, 145, 149, 153, 157, 161, 165, 169, 173, 177, 181, 185, 189, 193, 197,
    201, 205, 209, 213, 217, 221, 225, 229, 233, 237, 241, 245, 249, 253, 257,
    261, 265, 269, 273, 277, 281, 285, 289, 293, 297, 301, 305, 309, 313, 317,
    321, 325, 329, 333, 337, 341, 345, 349, 353, 357, 361, 365, 369, 373, 377,
    381, 385, 389, 393, 397, 401, 405, 409, 413, 417, 421, 425, 429, 433, 437,
    441, 445
[1] 7, 23, 27, 31, 35, 39, 43, 47, 51, 55, 59, 63, 67, 71, 75, 79, 83, 87, 91,
    95, 99, 103, 107, 111, 115, 119, 123, 127, 131, 135, 139, 143, 147, 151,
    155, 159, 163, 167, 171, 175, 179, 183, 187, 191, 195, 199, 203, 207, 211,
    215, 219, 223, 227, 231, 235, 239, 243, 247, 251, 255, 259, 263, 267, 271,
    275, 279, 283, 287, 291, 295, 299, 303, 307, 311, 315, 319, 323, 327, 331,
    335, 339, 343, 347, 351, 355, 359, 363, 367, 371, 375, 379, 383, 387, 391,
    395, 399, 403, 407, 411, 415, 419, 423, 427, 431, 435, 439, 443, 447
[2] 6, 10, 14, 34, 38, 42, 54, 58, 62, 70, 74, 82, 86, 94, 102, 114, 118, 122,
    126, 130, 134, 142, 150, 170, 178, 182, 198, 214, 242, 250, 254, 266, 270,
    274, 286, 290, 306, 310, 314, 322, 330, 338, 346, 358, 366, 374, 378, 390,
    394, 398, 402, 406, 418, 422, 434, 438, 442, 446
[3] 0, 4, 8, 28, 40, 48, 56, 68, 72, 76, 80, 84, 96, 108, 112, 128, 132, 136,
    140, 144, 148, 156, 164, 188, 200, 208, 220, 224, 232, 240, 256, 272, 276,
    280, 284, 288, 292, 296, 308, 316, 320, 332, 340, 344, 352, 364, 372, 380,
    388, 396, 412, 420, 424, 428, 432, 440, 444
[4] 12, 16, 20, 24, 32, 36, 44, 52, 60, 64, 88, 92, 100, 104, 116, 120, 124,
    152, 160, 168, 172, 176, 180, 184, 192, 196, 204, 212, 216, 228, 236, 244,
    248, 252, 260, 264, 268, 300, 304, 312, 324, 328, 336, 348, 356, 360, 368,
    376, 384, 392, 400, 404, 408, 416, 436
[5] 2, 18, 22, 26, 30, 46, 50, 66, 78, 90, 98, 106, 110, 138, 146, 154, 158,
    162, 166, 174, 186, 190, 194, 202, 206, 210, 218, 222, 226, 230, 234, 238,
    246, 258, 262, 278, 282, 294, 298, 302, 318, 326, 334, 342, 350, 354, 362,
    370, 382, 386, 410, 414, 426, 430
[6] 3, 19
[7] 11, 15

Reassigned labels
Map:
{"D_0": "D", "D_1": "D", "D_2": "D", "D_3": "D", "D_4": "D", "D_5": "D", "D_6": "D", "D_7": "D"}
token_fitness
{"perc_fit_traces": 0.0, "average_trace_fitness": 0.8768205076929377, "log_fitness": 0.895279191745866, "percentage_of_fitting_traces": 0.0}
precision
0.20010665244634052
0.7627118644067797
generalization
0.8087937948554283


###### Starting pipeline for 0, Distance.MULTISET_DISTANCE, 5######
Found communities: 

Clustering with 448 elements and 3 clusters
[0] 2, 3, 6, 7, 10, 11, 14, 15, 18, 19, 22, 23, 26, 27, 30, 31, 34, 35, 38,
    39, 42, 43, 46, 47, 50, 51, 54, 55, 58, 59, 62, 63, 66, 67, 70, 71, 74,
    75, 78, 79, 82, 83, 86, 87, 90, 91, 94, 95, 98, 99, 102, 103, 106, 107,
    110, 111, 114, 115, 118, 119, 122, 123, 126, 127, 130, 131, 134, 135, 138,
    139, 142, 143, 146, 147, 150, 151, 154, 155, 158, 159, 162, 163, 166, 167,
    170, 171, 174, 175, 178, 179, 182, 183, 186, 187, 190, 191, 194, 195, 198,
    199, 202, 203, 206, 207, 210, 211, 214, 215, 218, 219, 222, 223, 226, 227,
    230, 231, 234, 235, 238, 239, 242, 243, 246, 247, 250, 251, 254, 255, 258,
    259, 262, 263, 266, 267, 270, 271, 274, 275, 278, 279, 282, 283, 286, 287,
    290, 291, 294, 295, 298, 299, 302, 303, 306, 307, 310, 311, 314, 315, 318,
    319, 322, 323, 326, 327, 330, 331, 334, 335, 338, 339, 342, 343, 346, 347,
    350, 351, 354, 355, 358, 359, 362, 363, 366, 367, 370, 371, 374, 375, 378,
    379, 382, 383, 386, 387, 390, 391, 394, 395, 398, 399, 402, 403, 406, 407,
    410, 411, 414, 415, 418, 419, 422, 423, 426, 427, 430, 431, 434, 435, 438,
    439, 442, 443, 446, 447
[1] 0, 4, 8, 12, 16, 20, 24, 28, 32, 36, 40, 44, 48, 52, 56, 60, 64, 68, 72,
    76, 80, 84, 88, 92, 96, 100, 104, 108, 112, 116, 120, 124, 128, 132, 136,
    140, 144, 148, 152, 156, 160, 164, 168, 172, 176, 180, 184, 188, 192, 196,
    200, 204, 208, 212, 216, 220, 224, 228, 232, 236, 240, 244, 248, 252, 256,
    260, 264, 268, 272, 276, 280, 284, 288, 292, 296, 300, 304, 308, 312, 316,
    320, 324, 328, 332, 336, 340, 344, 348, 352, 356, 360, 364, 368, 372, 376,
    380, 384, 388, 392, 396, 400, 404, 408, 412, 416, 420, 424, 428, 432, 436,
    440, 444
[2] 1, 5, 9, 13, 17, 21, 25, 29, 33, 37, 41, 45, 49, 53, 57, 61, 65, 69, 73,
    77, 81, 85, 89, 93, 97, 101, 105, 109, 113, 117, 121, 125, 129, 133, 137,
    141, 145, 149, 153, 157, 161, 165, 169, 173, 177, 181, 185, 189, 193, 197,
    201, 205, 209, 213, 217, 221, 225, 229, 233, 237, 241, 245, 249, 253, 257,
    261, 265, 269, 273, 277, 281, 285, 289, 293, 297, 301, 305, 309, 313, 317,
    321, 325, 329, 333, 337, 341, 345, 349, 353, 357, 361, 365, 369, 373, 377,
    381, 385, 389, 393, 397, 401, 405, 409, 413, 417, 421, 425, 429, 433, 437,
    441, 445

Reassigned labels
Map:
{"D_0": "D", "D_1": "D", "D_2": "D"}
token_fitness
{"perc_fit_traces": 0.0, "average_trace_fitness": 0.8768205076929377, "log_fitness": 0.895279191745866, "percentage_of_fitting_traces": 0.0}
precision
0.20010665244634052
0.7627118644067797
generalization
0.8087937948554283


###### Starting pipeline for 0.25, Distance.MULTISET_DISTANCE, 5######
Found communities: 

Clustering with 448 elements and 2 clusters
[0] 2, 3, 6, 7, 10, 11, 14, 15, 18, 19, 22, 23, 26, 27, 30, 31, 34, 35, 38,
    39, 42, 43, 46, 47, 50, 51, 54, 55, 58, 59, 62, 63, 66, 67, 70, 71, 74,
    75, 78, 79, 82, 83, 86, 87, 90, 91, 94, 95, 98, 99, 102, 103, 106, 107,
    110, 111, 114, 115, 118, 119, 122, 123, 126, 127, 130, 131, 134, 135, 138,
    139, 142, 143, 146, 147, 150, 151, 154, 155, 158, 159, 162, 163, 166, 167,
    170, 171, 174, 175, 178, 179, 182, 183, 186, 187, 190, 191, 194, 195, 198,
    199, 202, 203, 206, 207, 210, 211, 214, 215, 218, 219, 222, 223, 226, 227,
    230, 231, 234, 235, 238, 239, 242, 243, 246, 247, 250, 251, 254, 255, 258,
    259, 262, 263, 266, 267, 270, 271, 274, 275, 278, 279, 282, 283, 286, 287,
    290, 291, 294, 295, 298, 299, 302, 303, 306, 307, 310, 311, 314, 315, 318,
    319, 322, 323, 326, 327, 330, 331, 334, 335, 338, 339, 342, 343, 346, 347,
    350, 351, 354, 355, 358, 359, 362, 363, 366, 367, 370, 371, 374, 375, 378,
    379, 382, 383, 386, 387, 390, 391, 394, 395, 398, 399, 402, 403, 406, 407,
    410, 411, 414, 415, 418, 419, 422, 423, 426, 427, 430, 431, 434, 435, 438,
    439, 442, 443, 446, 447
[1] 0, 1, 4, 5, 8, 9, 12, 13, 16, 17, 20, 21, 24, 25, 28, 29, 32, 33, 36, 37,
    40, 41, 44, 45, 48, 49, 52, 53, 56, 57, 60, 61, 64, 65, 68, 69, 72, 73,
    76, 77, 80, 81, 84, 85, 88, 89, 92, 93, 96, 97, 100, 101, 104, 105, 108,
    109, 112, 113, 116, 117, 120, 121, 124, 125, 128, 129, 132, 133, 136, 137,
    140, 141, 144, 145, 148, 149, 152, 153, 156, 157, 160, 161, 164, 165, 168,
    169, 172, 173, 176, 177, 180, 181, 184, 185, 188, 189, 192, 193, 196, 197,
    200, 201, 204, 205, 208, 209, 212, 213, 216, 217, 220, 221, 224, 225, 228,
    229, 232, 233, 236, 237, 240, 241, 244, 245, 248, 249, 252, 253, 256, 257,
    260, 261, 264, 265, 268, 269, 272, 273, 276, 277, 280, 281, 284, 285, 288,
    289, 292, 293, 296, 297, 300, 301, 304, 305, 308, 309, 312, 313, 316, 317,
    320, 321, 324, 325, 328, 329, 332, 333, 336, 337, 340, 341, 344, 345, 348,
    349, 352, 353, 356, 357, 360, 361, 364, 365, 368, 369, 372, 373, 376, 377,
    380, 381, 384, 385, 388, 389, 392, 393, 396, 397, 400, 401, 404, 405, 408,
    409, 412, 413, 416, 417, 420, 421, 424, 425, 428, 429, 432, 433, 436, 437,
    440, 441, 444, 445

Reassigned labels
Map:
{"D_0": "D", "D_1": "D"}
token_fitness
{"perc_fit_traces": 0.0, "average_trace_fitness": 0.8768205076929377, "log_fitness": 0.895279191745866, "percentage_of_fitting_traces": 0.0}
precision
0.20010665244634052
0.7627118644067797
generalization
0.8087937948554283


###### Starting pipeline for 0.5, Distance.MULTISET_DISTANCE, 5######
Found communities: 

Clustering with 448 elements and 2 clusters
[0] 2, 3, 6, 7, 10, 11, 14, 15, 18, 19, 22, 23, 26, 27, 30, 31, 34, 35, 38,
    39, 42, 43, 46, 47, 50, 51, 54, 55, 58, 59, 62, 63, 66, 67, 70, 71, 74,
    75, 78, 79, 82, 83, 86, 87, 90, 91, 94, 95, 98, 99, 102, 103, 106, 107,
    110, 111, 114, 115, 118, 119, 122, 123, 126, 127, 130, 131, 134, 135, 138,
    139, 142, 143, 146, 147, 150, 151, 154, 155, 158, 159, 162, 163, 166, 167,
    170, 171, 174, 175, 178, 179, 182, 183, 186, 187, 190, 191, 194, 195, 198,
    199, 202, 203, 206, 207, 210, 211, 214, 215, 218, 219, 222, 223, 226, 227,
    230, 231, 234, 235, 238, 239, 242, 243, 246, 247, 250, 251, 254, 255, 258,
    259, 262, 263, 266, 267, 270, 271, 274, 275, 278, 279, 282, 283, 286, 287,
    290, 291, 294, 295, 298, 299, 302, 303, 306, 307, 310, 311, 314, 315, 318,
    319, 322, 323, 326, 327, 330, 331, 334, 335, 338, 339, 342, 343, 346, 347,
    350, 351, 354, 355, 358, 359, 362, 363, 366, 367, 370, 371, 374, 375, 378,
    379, 382, 383, 386, 387, 390, 391, 394, 395, 398, 399, 402, 403, 406, 407,
    410, 411, 414, 415, 418, 419, 422, 423, 426, 427, 430, 431, 434, 435, 438,
    439, 442, 443, 446, 447
[1] 0, 1, 4, 5, 8, 9, 12, 13, 16, 17, 20, 21, 24, 25, 28, 29, 32, 33, 36, 37,
    40, 41, 44, 45, 48, 49, 52, 53, 56, 57, 60, 61, 64, 65, 68, 69, 72, 73,
    76, 77, 80, 81, 84, 85, 88, 89, 92, 93, 96, 97, 100, 101, 104, 105, 108,
    109, 112, 113, 116, 117, 120, 121, 124, 125, 128, 129, 132, 133, 136, 137,
    140, 141, 144, 145, 148, 149, 152, 153, 156, 157, 160, 161, 164, 165, 168,
    169, 172, 173, 176, 177, 180, 181, 184, 185, 188, 189, 192, 193, 196, 197,
    200, 201, 204, 205, 208, 209, 212, 213, 216, 217, 220, 221, 224, 225, 228,
    229, 232, 233, 236, 237, 240, 241, 244, 245, 248, 249, 252, 253, 256, 257,
    260, 261, 264, 265, 268, 269, 272, 273, 276, 277, 280, 281, 284, 285, 288,
    289, 292, 293, 296, 297, 300, 301, 304, 305, 308, 309, 312, 313, 316, 317,
    320, 321, 324, 325, 328, 329, 332, 333, 336, 337, 340, 341, 344, 345, 348,
    349, 352, 353, 356, 357, 360, 361, 364, 365, 368, 369, 372, 373, 376, 377,
    380, 381, 384, 385, 388, 389, 392, 393, 396, 397, 400, 401, 404, 405, 408,
    409, 412, 413, 416, 417, 420, 421, 424, 425, 428, 429, 432, 433, 436, 437,
    440, 441, 444, 445

Reassigned labels
Map:
{"D_0": "D", "D_1": "D"}
token_fitness
{"perc_fit_traces": 0.0, "average_trace_fitness": 0.8768205076929377, "log_fitness": 0.895279191745866, "percentage_of_fitting_traces": 0.0}
precision
0.20010665244634052
0.7627118644067797
generalization
0.8087937948554283


###### Starting pipeline for 0.75, Distance.MULTISET_DISTANCE, 5######
Found communities: 

Clustering with 448 elements and 3 clusters
[0] 2, 3, 6, 7, 10, 11, 14, 15, 18, 19, 22, 23, 26, 27, 30, 31, 34, 35, 38,
    39, 42, 43, 46, 47, 50, 51, 54, 55, 58, 59, 62, 63, 66, 67, 70, 71, 74,
    75, 78, 79, 82, 83, 86, 87, 90, 91, 94, 95, 98, 99, 102, 103, 106, 107,
    110, 111, 114, 115, 118, 119, 122, 123, 126, 127, 130, 131, 134, 135, 138,
    139, 142, 143, 146, 147, 150, 151, 154, 155, 158, 159, 162, 163, 166, 167,
    170, 171, 174, 175, 178, 179, 182, 183, 186, 187, 190, 191, 194, 195, 198,
    199, 202, 203, 206, 207, 210, 211, 214, 215, 218, 219, 222, 223, 226, 227,
    230, 231, 234, 235, 238, 239, 242, 243, 246, 247, 250, 251, 254, 255, 258,
    259, 262, 263, 266, 267, 270, 271, 274, 275, 278, 279, 282, 283, 286, 287,
    290, 291, 294, 295, 298, 299, 302, 303, 306, 307, 310, 311, 314, 315, 318,
    319, 322, 323, 326, 327, 330, 331, 334, 335, 338, 339, 342, 343, 346, 347,
    350, 351, 354, 355, 358, 359, 362, 363, 366, 367, 370, 371, 374, 375, 378,
    379, 382, 383, 386, 387, 390, 391, 394, 395, 398, 399, 402, 403, 406, 407,
    410, 411, 414, 415, 418, 419, 422, 423, 426, 427, 430, 431, 434, 435, 438,
    439, 442, 443, 446, 447
[1] 0, 4, 8, 12, 16, 20, 24, 28, 32, 36, 40, 44, 48, 52, 56, 60, 64, 68, 72,
    76, 80, 84, 88, 92, 96, 100, 104, 108, 112, 116, 120, 124, 128, 132, 136,
    140, 144, 148, 152, 156, 160, 164, 168, 172, 176, 180, 184, 188, 192, 196,
    200, 204, 208, 212, 216, 220, 224, 228, 232, 236, 240, 244, 248, 252, 256,
    260, 264, 268, 272, 276, 280, 284, 288, 292, 296, 300, 304, 308, 312, 316,
    320, 324, 328, 332, 336, 340, 344, 348, 352, 356, 360, 364, 368, 372, 376,
    380, 384, 388, 392, 396, 400, 404, 408, 412, 416, 420, 424, 428, 432, 436,
    440, 444
[2] 1, 5, 9, 13, 17, 21, 25, 29, 33, 37, 41, 45, 49, 53, 57, 61, 65, 69, 73,
    77, 81, 85, 89, 93, 97, 101, 105, 109, 113, 117, 121, 125, 129, 133, 137,
    141, 145, 149, 153, 157, 161, 165, 169, 173, 177, 181, 185, 189, 193, 197,
    201, 205, 209, 213, 217, 221, 225, 229, 233, 237, 241, 245, 249, 253, 257,
    261, 265, 269, 273, 277, 281, 285, 289, 293, 297, 301, 305, 309, 313, 317,
    321, 325, 329, 333, 337, 341, 345, 349, 353, 357, 361, 365, 369, 373, 377,
    381, 385, 389, 393, 397, 401, 405, 409, 413, 417, 421, 425, 429, 433, 437,
    441, 445

Reassigned labels
Map:
{"D_0": "D", "D_1": "D", "D_2": "D"}
token_fitness
{"perc_fit_traces": 0.0, "average_trace_fitness": 0.8768205076929377, "log_fitness": 0.895279191745866, "percentage_of_fitting_traces": 0.0}
precision
0.20010665244634052
0.7627118644067797
generalization
0.8087937948554283


###### Starting pipeline for 1, Distance.MULTISET_DISTANCE, 5######
Found communities: 

Clustering with 448 elements and 8 clusters
[0] 1, 5, 9, 13, 17, 21, 25, 29, 33, 37, 41, 45, 49, 53, 57, 61, 65, 69, 73,
    77, 81, 85, 89, 93, 97, 101, 105, 109, 113, 117, 121, 125, 129, 133, 137,
    141, 145, 149, 153, 157, 161, 165, 169, 173, 177, 181, 185, 189, 193, 197,
    201, 205, 209, 213, 217, 221, 225, 229, 233, 237, 241, 245, 249, 253, 257,
    261, 265, 269, 273, 277, 281, 285, 289, 293, 297, 301, 305, 309, 313, 317,
    321, 325, 329, 333, 337, 341, 345, 349, 353, 357, 361, 365, 369, 373, 377,
    381, 385, 389, 393, 397, 401, 405, 409, 413, 417, 421, 425, 429, 433, 437,
    441, 445
[1] 7, 23, 27, 31, 35, 39, 43, 47, 51, 55, 59, 63, 67, 71, 75, 79, 83, 87, 91,
    95, 99, 103, 107, 111, 115, 119, 123, 127, 131, 135, 139, 143, 147, 151,
    155, 159, 163, 167, 171, 175, 179, 183, 187, 191, 195, 199, 203, 207, 211,
    215, 219, 223, 227, 231, 235, 239, 243, 247, 251, 255, 259, 263, 267, 271,
    275, 279, 283, 287, 291, 295, 299, 303, 307, 311, 315, 319, 323, 327, 331,
    335, 339, 343, 347, 351, 355, 359, 363, 367, 371, 375, 379, 383, 387, 391,
    395, 399, 403, 407, 411, 415, 419, 423, 427, 431, 435, 439, 443, 447
[2] 6, 10, 14, 34, 38, 42, 54, 58, 62, 70, 74, 82, 86, 94, 102, 114, 118, 122,
    126, 130, 134, 142, 150, 170, 178, 182, 198, 214, 242, 250, 254, 266, 270,
    274, 286, 290, 306, 310, 314, 322, 330, 338, 346, 358, 366, 374, 378, 390,
    394, 398, 402, 406, 418, 422, 434, 438, 442, 446
[3] 0, 4, 8, 28, 40, 48, 56, 68, 72, 76, 80, 84, 96, 108, 112, 128, 132, 136,
    140, 144, 148, 156, 164, 188, 200, 208, 220, 224, 232, 240, 256, 272, 276,
    280, 284, 288, 292, 296, 308, 316, 320, 332, 340, 344, 352, 364, 372, 380,
    388, 396, 412, 420, 424, 428, 432, 440, 444
[4] 12, 16, 20, 24, 32, 36, 44, 52, 60, 64, 88, 92, 100, 104, 116, 120, 124,
    152, 160, 168, 172, 176, 180, 184, 192, 196, 204, 212, 216, 228, 236, 244,
    248, 252, 260, 264, 268, 300, 304, 312, 324, 328, 336, 348, 356, 360, 368,
    376, 384, 392, 400, 404, 408, 416, 436
[5] 2, 18, 22, 26, 30, 46, 50, 66, 78, 90, 98, 106, 110, 138, 146, 154, 158,
    162, 166, 174, 186, 190, 194, 202, 206, 210, 218, 222, 226, 230, 234, 238,
    246, 258, 262, 278, 282, 294, 298, 302, 318, 326, 334, 342, 350, 354, 362,
    370, 382, 386, 410, 414, 426, 430
[6] 3, 19
[7] 11, 15

Reassigned labels
Map:
{"D_0": "D", "D_1": "D", "D_2": "D", "D_3": "D", "D_4": "D", "D_5": "D", "D_6": "D", "D_7": "D"}
token_fitness
{"perc_fit_traces": 0.0, "average_trace_fitness": 0.8768205076929377, "log_fitness": 0.895279191745866, "percentage_of_fitting_traces": 0.0}
precision
0.20010665244634052
0.7627118644067797
generalization
0.8087937948554283

 Performance of golden standard model:
token_fitness
{"perc_fit_traces": 49.9, "average_trace_fitness": 0.9225879199813868, "log_fitness": 0.9311423012986202, "percentage_of_fitting_traces": 49.9}
precision
0.9796045268001492
0.7714285714285715
generalization
0.9433300629664488

 Xixi split labels:
['D_X_1', 'D_X_0']

 Xixi refined log results:

 IM without noise threshold:
token_fitness
{"perc_fit_traces": 0.0, "average_trace_fitness": 0.8646579015642564, "log_fitness": 0.8761154074955384, "percentage_of_fitting_traces": 0.0}
precision
0.7499166944351883
0.7499999999999999
generalization
0.902799765288707

 Xixi clustering:
Clustering with 448 elements and 2 clusters
[0] 252
[1] 0, 1, 2, 3, 4, 5, 6, 7, 8, 9, 10, 11, 12, 13, 14, 15, 16, 17, 18, 19, 20,
    21, 22, 23, 24, 25, 26, 27, 28, 29, 30, 31, 32, 33, 34, 35, 36, 37, 38,
    39, 40, 41, 42, 43, 44, 45, 46, 47, 48, 49, 50, 51, 52, 53, 54, 55, 56,
    57, 58, 59, 60, 61, 62, 63, 64, 65, 66, 67, 68, 69, 70, 71, 72, 73, 74,
    75, 76, 77, 78, 79, 80, 81, 82, 83, 84, 85, 86, 87, 88, 89, 90, 91, 92,
    93, 94, 95, 96, 97, 98, 99, 100, 101, 102, 103, 104, 105, 106, 107, 108,
    109, 110, 111, 112, 113, 114, 115, 116, 117, 118, 119, 120, 121, 122, 123,
    124, 125, 126, 127, 128, 129, 130, 131, 132, 133, 134, 135, 136, 137, 138,
    139, 140, 141, 142, 143, 144, 145, 146, 147, 148, 149, 150, 151, 152, 153,
    154, 155, 156, 157, 158, 159, 160, 161, 162, 163, 164, 165, 166, 167, 168,
    169, 170, 171, 172, 173, 174, 175, 176, 177, 178, 179, 180, 181, 182, 183,
    184, 185, 186, 187, 188, 189, 190, 191, 192, 193, 194, 195, 196, 197, 198,
    199, 200, 201, 202, 203, 204, 205, 206, 207, 208, 209, 210, 211, 212, 213,
    214, 215, 216, 217, 218, 219, 220, 221, 222, 223, 224, 225, 226, 227, 228,
    229, 230, 231, 232, 233, 234, 235, 236, 237, 238, 239, 240, 241, 242, 243,
    244, 245, 246, 247, 248, 249, 250, 251, 253, 254, 255, 256, 257, 258, 259,
    260, 261, 262, 263, 264, 265, 266, 267, 268, 269, 270, 271, 272, 273, 274,
    275, 276, 277, 278, 279, 280, 281, 282, 283, 284, 285, 286, 287, 288, 289,
    290, 291, 292, 293, 294, 295, 296, 297, 298, 299, 300, 301, 302, 303, 304,
    305, 306, 307, 308, 309, 310, 311, 312, 313, 314, 315, 316, 317, 318, 319,
    320, 321, 322, 323, 324, 325, 326, 327, 328, 329, 330, 331, 332, 333, 334,
    335, 336, 337, 338, 339, 340, 341, 342, 343, 344, 345, 346, 347, 348, 349,
    350, 351, 352, 353, 354, 355, 356, 357, 358, 359, 360, 361, 362, 363, 364,
    365, 366, 367, 368, 369, 370, 371, 372, 373, 374, 375, 376, 377, 378, 379,
    380, 381, 382, 383, 384, 385, 386, 387, 388, 389, 390, 391, 392, 393, 394,
    395, 396, 397, 398, 399, 400, 401, 402, 403, 404, 405, 406, 407, 408, 409,
    410, 411, 412, 413, 414, 415, 416, 417, 418, 419, 420, 421, 422, 423, 424,
    425, 426, 427, 428, 429, 430, 431, 432, 433, 434, 435, 436, 437, 438, 439,
    440, 441, 442, 443, 444, 445, 446, 447

 Data from log without imprecise labels

 IM without noise threshold:
token_fitness
{"perc_fit_traces": 100.0, "average_trace_fitness": 1.0, "log_fitness": 1.0, "percentage_of_fitting_traces": 100.0}
precision
0.9622478882951215
0.7714285714285715
generalization
0.9441490730883728

 Original Labels:
['E', 'C', 'B', 'D']

 Ground truth clustering clustering:
Clustering with 448 elements and 4 clusters
[0] 2, 5, 11, 15, 19, 22, 26, 31, 33, 39, 43, 45, 49, 54, 59, 63, 65, 70, 75,
    77, 83, 87, 89, 94, 97, 101, 107, 111, 113, 117, 122, 127, 131, 135, 138,
    141, 145, 150, 153, 159, 162, 167, 169, 175, 179, 183, 185, 190, 193, 198,
    201, 205, 209, 213, 219, 222, 226, 231, 233, 237, 241, 245, 249, 255, 257,
    263, 267, 271, 273, 278, 283, 287, 291, 294, 297, 303, 305, 311, 315, 319,
    322, 325, 331, 334, 338, 341, 345, 349, 355, 358, 362, 365, 371, 375, 378,
    382, 386, 391, 393, 398, 402, 405, 409, 415, 417, 422, 426, 429, 433, 439,
    442, 446
[1] 3, 6, 9, 14, 18, 21, 27, 30, 34, 38, 42, 47, 51, 53, 57, 62, 67, 71, 73,
    78, 82, 86, 90, 95, 98, 102, 105, 110, 115, 119, 123, 125, 130, 134, 137,
    143, 147, 149, 155, 157, 163, 166, 170, 173, 178, 181, 187, 191, 195, 197,
    202, 206, 210, 215, 218, 223, 227, 229, 234, 238, 243, 247, 250, 254, 259,
    262, 265, 269, 275, 279, 281, 286, 290, 295, 298, 302, 307, 310, 314, 318,
    321, 326, 330, 335, 339, 343, 347, 350, 353, 359, 363, 366, 370, 374, 379,
    383, 387, 390, 395, 397, 401, 407, 410, 414, 419, 421, 425, 431, 434, 438,
    441, 447
[2] 0, 4, 8, 12, 16, 20, 24, 28, 32, 36, 40, 44, 48, 52, 56, 60, 64, 68, 72,
    76, 80, 84, 88, 92, 96, 100, 104, 108, 112, 116, 120, 124, 128, 132, 136,
    140, 144, 148, 152, 156, 160, 164, 168, 172, 176, 180, 184, 188, 192, 196,
    200, 204, 208, 212, 216, 220, 224, 228, 232, 236, 240, 244, 248, 252, 256,
    260, 264, 268, 272, 276, 280, 284, 288, 292, 296, 300, 304, 308, 312, 316,
    320, 324, 328, 332, 336, 340, 344, 348, 352, 356, 360, 364, 368, 372, 376,
    380, 384, 388, 392, 396, 400, 404, 408, 412, 416, 420, 424, 428, 432, 436,
    440, 444
[3] 1, 7, 10, 13, 17, 23, 25, 29, 35, 37, 41, 46, 50, 55, 58, 61, 66, 69, 74,
    79, 81, 85, 91, 93, 99, 103, 106, 109, 114, 118, 121, 126, 129, 133, 139,
    142, 146, 151, 154, 158, 161, 165, 171, 174, 177, 182, 186, 189, 194, 199,
    203, 207, 211, 214, 217, 221, 225, 230, 235, 239, 242, 246, 251, 253, 258,
    261, 266, 270, 274, 277, 282, 285, 289, 293, 299, 301, 306, 309, 313, 317,
    323, 327, 329, 333, 337, 342, 346, 351, 354, 357, 361, 367, 369, 373, 377,
    381, 385, 389, 394, 399, 403, 406, 411, 413, 418, 423, 427, 430, 435, 437,
    443, 445

 Xixi Adjusted Rand Index:
-1.481421807455692e-16




----------------------------------------------------------------------------------------------
Output from 2025-08-11 16:32:00.750760
----------------------------------------------------------------------------------------------


                

###### Starting pipeline for 0, Distance.EDIT_DISTANCE, 1######
Found communities: 

Clustering with 448 elements and 3 clusters
[0] 1, 2, 3, 5, 6, 7, 9, 10, 11, 14, 15, 18, 19, 22, 23, 26, 27, 29, 30, 31,
    34, 35, 38, 39, 41, 42, 43, 46, 47, 49, 50, 51, 54, 55, 57, 58, 59, 62,
    63, 66, 67, 69, 70, 71, 73, 74, 75, 77, 78, 79, 81, 82, 83, 85, 86, 87,
    90, 91, 94, 95, 97, 98, 99, 102, 103, 106, 107, 109, 110, 111, 113, 114,
    115, 118, 119, 122, 123, 126, 127, 129, 130, 131, 133, 134, 135, 137, 138,
    139, 141, 142, 143, 145, 146, 147, 149, 150, 151, 154, 155, 157, 158, 159,
    162, 163, 165, 166, 167, 170, 171, 174, 175, 178, 179, 182, 183, 186, 187,
    189, 190, 191, 194, 195, 198, 199, 201, 202, 203, 206, 207, 209, 210, 211,
    214, 215, 218, 219, 221, 222, 223, 225, 226, 227, 230, 231, 233, 234, 235,
    238, 239, 241, 242, 243, 246, 247, 250, 251, 254, 255, 257, 258, 259, 262,
    263, 266, 267, 270, 271, 273, 274, 275, 277, 278, 279, 281, 282, 283, 285,
    286, 287, 289, 290, 291, 293, 294, 295, 297, 298, 299, 302, 303, 306, 307,
    309, 310, 311, 314, 315, 317, 318, 319, 321, 322, 323, 326, 327, 330, 331,
    333, 334, 335, 338, 339, 341, 342, 343, 345, 346, 347, 350, 351, 353, 354,
    355, 358, 359, 362, 363, 365, 366, 367, 370, 371, 373, 374, 375, 378, 379,
    381, 382, 383, 386, 387, 389, 390, 391, 394, 395, 397, 398, 399, 402, 403,
    406, 407, 410, 411, 413, 414, 415, 418, 419, 421, 422, 423, 425, 426, 427,
    429, 430, 431, 433, 434, 435, 438, 439, 441, 442, 443, 445, 446, 447
[1] 0, 4, 8, 13, 17, 21, 25, 28, 33, 37, 40, 45, 48, 53, 56, 61, 65, 68, 72,
    76, 80, 84, 89, 93, 96, 101, 105, 108, 112, 117, 121, 125, 128, 132, 136,
    140, 144, 148, 153, 156, 161, 164, 169, 173, 177, 181, 185, 188, 193, 197,
    200, 205, 208, 213, 217, 220, 224, 229, 232, 237, 240, 245, 249, 253, 256,
    261, 265, 269, 272, 276, 280, 284, 288, 292, 296, 301, 305, 308, 313, 316,
    320, 325, 329, 332, 337, 340, 344, 349, 352, 357, 361, 364, 369, 372, 377,
    380, 385, 388, 393, 396, 401, 405, 409, 412, 417, 420, 424, 428, 432, 437,
    440, 444
[2] 12, 16, 20, 24, 32, 36, 44, 52, 60, 64, 88, 92, 100, 104, 116, 120, 124,
    152, 160, 168, 172, 176, 180, 184, 192, 196, 204, 212, 216, 228, 236, 244,
    248, 252, 260, 264, 268, 300, 304, 312, 324, 328, 336, 348, 356, 360, 368,
    376, 384, 392, 400, 404, 408, 416, 436

Reassigned labels
Map:
{"D_0": "D", "D_1": "D", "D_2": "D"}
token_fitness
{"perc_fit_traces": 100.0, "average_trace_fitness": 1.0, "log_fitness": 1.0, "percentage_of_fitting_traces": 100.0}
precision
0.7439695302581464
0.7627118644067797
generalization
0.9421714501515178
token_fitness
{"perc_fit_traces": 0.0, "average_trace_fitness": 0.8768205076929377, "log_fitness": 0.895279191745866, "percentage_of_fitting_traces": 0.0}
precision
0.20010665244634052
0.7627118644067797
generalization
0.8087937948554283


###### Starting pipeline for 0.25, Distance.EDIT_DISTANCE, 1######
Found communities: 

Clustering with 448 elements and 3 clusters
[0] 1, 2, 3, 5, 6, 7, 9, 10, 11, 14, 15, 18, 19, 22, 23, 26, 27, 29, 30, 31,
    34, 35, 38, 39, 41, 42, 43, 46, 47, 49, 50, 51, 54, 55, 57, 58, 59, 62,
    63, 66, 67, 69, 70, 71, 73, 74, 75, 77, 78, 79, 81, 82, 83, 85, 86, 87,
    90, 91, 94, 95, 97, 98, 99, 102, 103, 106, 107, 109, 110, 111, 113, 114,
    115, 118, 119, 122, 123, 126, 127, 129, 130, 131, 133, 134, 135, 137, 138,
    139, 141, 142, 143, 145, 146, 147, 149, 150, 151, 154, 155, 157, 158, 159,
    162, 163, 165, 166, 167, 170, 171, 174, 175, 178, 179, 182, 183, 186, 187,
    189, 190, 191, 194, 195, 198, 199, 201, 202, 203, 206, 207, 209, 210, 211,
    214, 215, 218, 219, 221, 222, 223, 225, 226, 227, 230, 231, 233, 234, 235,
    238, 239, 241, 242, 243, 246, 247, 250, 251, 254, 255, 257, 258, 259, 262,
    263, 266, 267, 270, 271, 273, 274, 275, 277, 278, 279, 281, 282, 283, 285,
    286, 287, 289, 290, 291, 293, 294, 295, 297, 298, 299, 302, 303, 306, 307,
    309, 310, 311, 314, 315, 317, 318, 319, 321, 322, 323, 326, 327, 330, 331,
    333, 334, 335, 338, 339, 341, 342, 343, 345, 346, 347, 350, 351, 353, 354,
    355, 358, 359, 362, 363, 365, 366, 367, 370, 371, 373, 374, 375, 378, 379,
    381, 382, 383, 386, 387, 389, 390, 391, 394, 395, 397, 398, 399, 402, 403,
    406, 407, 410, 411, 413, 414, 415, 418, 419, 421, 422, 423, 425, 426, 427,
    429, 430, 431, 433, 434, 435, 438, 439, 441, 442, 443, 445, 446, 447
[1] 0, 4, 8, 13, 17, 21, 25, 28, 33, 37, 40, 45, 48, 53, 56, 61, 65, 68, 72,
    76, 80, 84, 89, 93, 96, 101, 105, 108, 112, 117, 121, 125, 128, 132, 136,
    140, 144, 148, 153, 156, 161, 164, 169, 173, 177, 181, 185, 188, 193, 197,
    200, 205, 208, 213, 217, 220, 224, 229, 232, 237, 240, 245, 249, 253, 256,
    261, 265, 269, 272, 276, 280, 284, 288, 292, 296, 301, 305, 308, 313, 316,
    320, 325, 329, 332, 337, 340, 344, 349, 352, 357, 361, 364, 369, 372, 377,
    380, 385, 388, 393, 396, 401, 405, 409, 412, 417, 420, 424, 428, 432, 437,
    440, 444
[2] 12, 16, 20, 24, 32, 36, 44, 52, 60, 64, 88, 92, 100, 104, 116, 120, 124,
    152, 160, 168, 172, 176, 180, 184, 192, 196, 204, 212, 216, 228, 236, 244,
    248, 252, 260, 264, 268, 300, 304, 312, 324, 328, 336, 348, 356, 360, 368,
    376, 384, 392, 400, 404, 408, 416, 436

Reassigned labels
Map:
{"D_0": "D", "D_1": "D", "D_2": "D"}
token_fitness
{"perc_fit_traces": 0.0, "average_trace_fitness": 0.8768205076929377, "log_fitness": 0.895279191745866, "percentage_of_fitting_traces": 0.0}
precision
0.20010665244634052
0.7627118644067797
generalization
0.8087937948554283


###### Starting pipeline for 0.5, Distance.EDIT_DISTANCE, 1######
Found communities: 

Clustering with 448 elements and 3 clusters
[0] 1, 2, 3, 5, 6, 7, 9, 10, 11, 14, 15, 18, 19, 22, 23, 26, 27, 29, 30, 31,
    34, 35, 38, 39, 41, 42, 43, 46, 47, 49, 50, 51, 54, 55, 57, 58, 59, 62,
    63, 66, 67, 69, 70, 71, 73, 74, 75, 77, 78, 79, 81, 82, 83, 85, 86, 87,
    90, 91, 94, 95, 97, 98, 99, 102, 103, 106, 107, 109, 110, 111, 113, 114,
    115, 118, 119, 122, 123, 126, 127, 129, 130, 131, 133, 134, 135, 137, 138,
    139, 141, 142, 143, 145, 146, 147, 149, 150, 151, 154, 155, 157, 158, 159,
    162, 163, 165, 166, 167, 170, 171, 174, 175, 178, 179, 182, 183, 186, 187,
    189, 190, 191, 194, 195, 198, 199, 201, 202, 203, 206, 207, 209, 210, 211,
    214, 215, 218, 219, 221, 222, 223, 225, 226, 227, 230, 231, 233, 234, 235,
    238, 239, 241, 242, 243, 246, 247, 250, 251, 254, 255, 257, 258, 259, 262,
    263, 266, 267, 270, 271, 273, 274, 275, 277, 278, 279, 281, 282, 283, 285,
    286, 287, 289, 290, 291, 293, 294, 295, 297, 298, 299, 302, 303, 306, 307,
    309, 310, 311, 314, 315, 317, 318, 319, 321, 322, 323, 326, 327, 330, 331,
    333, 334, 335, 338, 339, 341, 342, 343, 345, 346, 347, 350, 351, 353, 354,
    355, 358, 359, 362, 363, 365, 366, 367, 370, 371, 373, 374, 375, 378, 379,
    381, 382, 383, 386, 387, 389, 390, 391, 394, 395, 397, 398, 399, 402, 403,
    406, 407, 410, 411, 413, 414, 415, 418, 419, 421, 422, 423, 425, 426, 427,
    429, 430, 431, 433, 434, 435, 438, 439, 441, 442, 443, 445, 446, 447
[1] 0, 4, 8, 13, 17, 21, 25, 28, 33, 37, 40, 45, 48, 53, 56, 61, 65, 68, 72,
    76, 80, 84, 89, 93, 96, 101, 105, 108, 112, 117, 121, 125, 128, 132, 136,
    140, 144, 148, 153, 156, 161, 164, 169, 173, 177, 181, 185, 188, 193, 197,
    200, 205, 208, 213, 217, 220, 224, 229, 232, 237, 240, 245, 249, 253, 256,
    261, 265, 269, 272, 276, 280, 284, 288, 292, 296, 301, 305, 308, 313, 316,
    320, 325, 329, 332, 337, 340, 344, 349, 352, 357, 361, 364, 369, 372, 377,
    380, 385, 388, 393, 396, 401, 405, 409, 412, 417, 420, 424, 428, 432, 437,
    440, 444
[2] 12, 16, 20, 24, 32, 36, 44, 52, 60, 64, 88, 92, 100, 104, 116, 120, 124,
    152, 160, 168, 172, 176, 180, 184, 192, 196, 204, 212, 216, 228, 236, 244,
    248, 252, 260, 264, 268, 300, 304, 312, 324, 328, 336, 348, 356, 360, 368,
    376, 384, 392, 400, 404, 408, 416, 436

Reassigned labels
Map:
{"D_0": "D", "D_1": "D", "D_2": "D"}
token_fitness
{"perc_fit_traces": 0.0, "average_trace_fitness": 0.8768205076929377, "log_fitness": 0.895279191745866, "percentage_of_fitting_traces": 0.0}
precision
0.20010665244634052
0.7627118644067797
generalization
0.8087937948554283


###### Starting pipeline for 0.75, Distance.EDIT_DISTANCE, 1######
Found communities: 

Clustering with 448 elements and 3 clusters
[0] 1, 2, 3, 5, 6, 7, 9, 10, 11, 14, 15, 18, 19, 22, 23, 26, 27, 29, 30, 31,
    34, 35, 38, 39, 41, 42, 43, 46, 47, 49, 50, 51, 54, 55, 57, 58, 59, 62,
    63, 66, 67, 69, 70, 71, 73, 74, 75, 77, 78, 79, 81, 82, 83, 85, 86, 87,
    90, 91, 94, 95, 97, 98, 99, 102, 103, 106, 107, 109, 110, 111, 113, 114,
    115, 118, 119, 122, 123, 126, 127, 129, 130, 131, 133, 134, 135, 137, 138,
    139, 141, 142, 143, 145, 146, 147, 149, 150, 151, 154, 155, 157, 158, 159,
    162, 163, 165, 166, 167, 170, 171, 174, 175, 178, 179, 182, 183, 186, 187,
    189, 190, 191, 194, 195, 198, 199, 201, 202, 203, 206, 207, 209, 210, 211,
    214, 215, 218, 219, 221, 222, 223, 225, 226, 227, 230, 231, 233, 234, 235,
    238, 239, 241, 242, 243, 246, 247, 250, 251, 254, 255, 257, 258, 259, 262,
    263, 266, 267, 270, 271, 273, 274, 275, 277, 278, 279, 281, 282, 283, 285,
    286, 287, 289, 290, 291, 293, 294, 295, 297, 298, 299, 302, 303, 306, 307,
    309, 310, 311, 314, 315, 317, 318, 319, 321, 322, 323, 326, 327, 330, 331,
    333, 334, 335, 338, 339, 341, 342, 343, 345, 346, 347, 350, 351, 353, 354,
    355, 358, 359, 362, 363, 365, 366, 367, 370, 371, 373, 374, 375, 378, 379,
    381, 382, 383, 386, 387, 389, 390, 391, 394, 395, 397, 398, 399, 402, 403,
    406, 407, 410, 411, 413, 414, 415, 418, 419, 421, 422, 423, 425, 426, 427,
    429, 430, 431, 433, 434, 435, 438, 439, 441, 442, 443, 445, 446, 447
[1] 0, 4, 8, 13, 17, 21, 25, 28, 33, 37, 40, 45, 48, 53, 56, 61, 65, 68, 72,
    76, 80, 84, 89, 93, 96, 101, 105, 108, 112, 117, 121, 125, 128, 132, 136,
    140, 144, 148, 153, 156, 161, 164, 169, 173, 177, 181, 185, 188, 193, 197,
    200, 205, 208, 213, 217, 220, 224, 229, 232, 237, 240, 245, 249, 253, 256,
    261, 265, 269, 272, 276, 280, 284, 288, 292, 296, 301, 305, 308, 313, 316,
    320, 325, 329, 332, 337, 340, 344, 349, 352, 357, 361, 364, 369, 372, 377,
    380, 385, 388, 393, 396, 401, 405, 409, 412, 417, 420, 424, 428, 432, 437,
    440, 444
[2] 12, 16, 20, 24, 32, 36, 44, 52, 60, 64, 88, 92, 100, 104, 116, 120, 124,
    152, 160, 168, 172, 176, 180, 184, 192, 196, 204, 212, 216, 228, 236, 244,
    248, 252, 260, 264, 268, 300, 304, 312, 324, 328, 336, 348, 356, 360, 368,
    376, 384, 392, 400, 404, 408, 416, 436

Reassigned labels
Map:
{"D_0": "D", "D_1": "D", "D_2": "D"}
token_fitness
{"perc_fit_traces": 0.0, "average_trace_fitness": 0.8768205076929377, "log_fitness": 0.895279191745866, "percentage_of_fitting_traces": 0.0}
precision
0.20010665244634052
0.7627118644067797
generalization
0.8087937948554283


###### Starting pipeline for 1, Distance.EDIT_DISTANCE, 1######
Found communities: 

Clustering with 448 elements and 3 clusters
[0] 1, 2, 3, 5, 6, 7, 9, 10, 11, 14, 15, 18, 19, 22, 23, 26, 27, 29, 30, 31,
    34, 35, 38, 39, 41, 42, 43, 46, 47, 49, 50, 51, 54, 55, 57, 58, 59, 62,
    63, 66, 67, 69, 70, 71, 73, 74, 75, 77, 78, 79, 81, 82, 83, 85, 86, 87,
    90, 91, 94, 95, 97, 98, 99, 102, 103, 106, 107, 109, 110, 111, 113, 114,
    115, 118, 119, 122, 123, 126, 127, 129, 130, 131, 133, 134, 135, 137, 138,
    139, 141, 142, 143, 145, 146, 147, 149, 150, 151, 154, 155, 157, 158, 159,
    162, 163, 165, 166, 167, 170, 171, 174, 175, 178, 179, 182, 183, 186, 187,
    189, 190, 191, 194, 195, 198, 199, 201, 202, 203, 206, 207, 209, 210, 211,
    214, 215, 218, 219, 221, 222, 223, 225, 226, 227, 230, 231, 233, 234, 235,
    238, 239, 241, 242, 243, 246, 247, 250, 251, 254, 255, 257, 258, 259, 262,
    263, 266, 267, 270, 271, 273, 274, 275, 277, 278, 279, 281, 282, 283, 285,
    286, 287, 289, 290, 291, 293, 294, 295, 297, 298, 299, 302, 303, 306, 307,
    309, 310, 311, 314, 315, 317, 318, 319, 321, 322, 323, 326, 327, 330, 331,
    333, 334, 335, 338, 339, 341, 342, 343, 345, 346, 347, 350, 351, 353, 354,
    355, 358, 359, 362, 363, 365, 366, 367, 370, 371, 373, 374, 375, 378, 379,
    381, 382, 383, 386, 387, 389, 390, 391, 394, 395, 397, 398, 399, 402, 403,
    406, 407, 410, 411, 413, 414, 415, 418, 419, 421, 422, 423, 425, 426, 427,
    429, 430, 431, 433, 434, 435, 438, 439, 441, 442, 443, 445, 446, 447
[1] 0, 4, 8, 13, 17, 21, 25, 28, 33, 37, 40, 45, 48, 53, 56, 61, 65, 68, 72,
    76, 80, 84, 89, 93, 96, 101, 105, 108, 112, 117, 121, 125, 128, 132, 136,
    140, 144, 148, 153, 156, 161, 164, 169, 173, 177, 181, 185, 188, 193, 197,
    200, 205, 208, 213, 217, 220, 224, 229, 232, 237, 240, 245, 249, 253, 256,
    261, 265, 269, 272, 276, 280, 284, 288, 292, 296, 301, 305, 308, 313, 316,
    320, 325, 329, 332, 337, 340, 344, 349, 352, 357, 361, 364, 369, 372, 377,
    380, 385, 388, 393, 396, 401, 405, 409, 412, 417, 420, 424, 428, 432, 437,
    440, 444
[2] 12, 16, 20, 24, 32, 36, 44, 52, 60, 64, 88, 92, 100, 104, 116, 120, 124,
    152, 160, 168, 172, 176, 180, 184, 192, 196, 204, 212, 216, 228, 236, 244,
    248, 252, 260, 264, 268, 300, 304, 312, 324, 328, 336, 348, 356, 360, 368,
    376, 384, 392, 400, 404, 408, 416, 436

Reassigned labels
Map:
{"D_0": "D", "D_1": "D", "D_2": "D"}
token_fitness
{"perc_fit_traces": 0.0, "average_trace_fitness": 0.8768205076929377, "log_fitness": 0.895279191745866, "percentage_of_fitting_traces": 0.0}
precision
0.20010665244634052
0.7627118644067797
generalization
0.8087937948554283


###### Starting pipeline for 0, Distance.SET_DISTANCE, 1######
Found communities: 

Clustering with 448 elements and 3 clusters
[0] 1, 2, 3, 5, 6, 7, 9, 10, 11, 14, 15, 18, 19, 22, 23, 26, 27, 29, 30, 31,
    34, 35, 38, 39, 41, 42, 43, 46, 47, 49, 50, 51, 54, 55, 57, 58, 59, 62,
    63, 66, 67, 69, 70, 71, 73, 74, 75, 77, 78, 79, 81, 82, 83, 85, 86, 87,
    90, 91, 94, 95, 97, 98, 99, 102, 103, 106, 107, 109, 110, 111, 113, 114,
    115, 118, 119, 122, 123, 126, 127, 129, 130, 131, 133, 134, 135, 137, 138,
    139, 141, 142, 143, 145, 146, 147, 149, 150, 151, 154, 155, 157, 158, 159,
    162, 163, 165, 166, 167, 170, 171, 174, 175, 178, 179, 182, 183, 186, 187,
    189, 190, 191, 194, 195, 198, 199, 201, 202, 203, 206, 207, 209, 210, 211,
    214, 215, 218, 219, 221, 222, 223, 225, 226, 227, 230, 231, 233, 234, 235,
    238, 239, 241, 242, 243, 246, 247, 250, 251, 254, 255, 257, 258, 259, 262,
    263, 266, 267, 270, 271, 273, 274, 275, 277, 278, 279, 281, 282, 283, 285,
    286, 287, 289, 290, 291, 293, 294, 295, 297, 298, 299, 302, 303, 306, 307,
    309, 310, 311, 314, 315, 317, 318, 319, 321, 322, 323, 326, 327, 330, 331,
    333, 334, 335, 338, 339, 341, 342, 343, 345, 346, 347, 350, 351, 353, 354,
    355, 358, 359, 362, 363, 365, 366, 367, 370, 371, 373, 374, 375, 378, 379,
    381, 382, 383, 386, 387, 389, 390, 391, 394, 395, 397, 398, 399, 402, 403,
    406, 407, 410, 411, 413, 414, 415, 418, 419, 421, 422, 423, 425, 426, 427,
    429, 430, 431, 433, 434, 435, 438, 439, 441, 442, 443, 445, 446, 447
[1] 0, 4, 8, 13, 17, 21, 25, 28, 33, 37, 40, 45, 48, 53, 56, 61, 65, 68, 72,
    76, 80, 84, 89, 93, 96, 101, 105, 108, 112, 117, 121, 125, 128, 132, 136,
    140, 144, 148, 153, 156, 161, 164, 169, 173, 177, 181, 185, 188, 193, 197,
    200, 205, 208, 213, 217, 220, 224, 229, 232, 237, 240, 245, 249, 253, 256,
    261, 265, 269, 272, 276, 280, 284, 288, 292, 296, 301, 305, 308, 313, 316,
    320, 325, 329, 332, 337, 340, 344, 349, 352, 357, 361, 364, 369, 372, 377,
    380, 385, 388, 393, 396, 401, 405, 409, 412, 417, 420, 424, 428, 432, 437,
    440, 444
[2] 12, 16, 20, 24, 32, 36, 44, 52, 60, 64, 88, 92, 100, 104, 116, 120, 124,
    152, 160, 168, 172, 176, 180, 184, 192, 196, 204, 212, 216, 228, 236, 244,
    248, 252, 260, 264, 268, 300, 304, 312, 324, 328, 336, 348, 356, 360, 368,
    376, 384, 392, 400, 404, 408, 416, 436

Reassigned labels
Map:
{"D_0": "D", "D_1": "D", "D_2": "D"}
token_fitness
{"perc_fit_traces": 0.0, "average_trace_fitness": 0.8768205076929377, "log_fitness": 0.895279191745866, "percentage_of_fitting_traces": 0.0}
precision
0.20010665244634052
0.7627118644067797
generalization
0.8087937948554283


###### Starting pipeline for 0.25, Distance.SET_DISTANCE, 1######
Found communities: 

Clustering with 448 elements and 3 clusters
[0] 1, 2, 3, 5, 6, 7, 9, 10, 11, 14, 15, 18, 19, 22, 23, 26, 27, 29, 30, 31,
    34, 35, 38, 39, 41, 42, 43, 46, 47, 49, 50, 51, 54, 55, 57, 58, 59, 62,
    63, 66, 67, 69, 70, 71, 73, 74, 75, 77, 78, 79, 81, 82, 83, 85, 86, 87,
    90, 91, 94, 95, 97, 98, 99, 102, 103, 106, 107, 109, 110, 111, 113, 114,
    115, 118, 119, 122, 123, 126, 127, 129, 130, 131, 133, 134, 135, 137, 138,
    139, 141, 142, 143, 145, 146, 147, 149, 150, 151, 154, 155, 157, 158, 159,
    162, 163, 165, 166, 167, 170, 171, 174, 175, 178, 179, 182, 183, 186, 187,
    189, 190, 191, 194, 195, 198, 199, 201, 202, 203, 206, 207, 209, 210, 211,
    214, 215, 218, 219, 221, 222, 223, 225, 226, 227, 230, 231, 233, 234, 235,
    238, 239, 241, 242, 243, 246, 247, 250, 251, 254, 255, 257, 258, 259, 262,
    263, 266, 267, 270, 271, 273, 274, 275, 277, 278, 279, 281, 282, 283, 285,
    286, 287, 289, 290, 291, 293, 294, 295, 297, 298, 299, 302, 303, 306, 307,
    309, 310, 311, 314, 315, 317, 318, 319, 321, 322, 323, 326, 327, 330, 331,
    333, 334, 335, 338, 339, 341, 342, 343, 345, 346, 347, 350, 351, 353, 354,
    355, 358, 359, 362, 363, 365, 366, 367, 370, 371, 373, 374, 375, 378, 379,
    381, 382, 383, 386, 387, 389, 390, 391, 394, 395, 397, 398, 399, 402, 403,
    406, 407, 410, 411, 413, 414, 415, 418, 419, 421, 422, 423, 425, 426, 427,
    429, 430, 431, 433, 434, 435, 438, 439, 441, 442, 443, 445, 446, 447
[1] 0, 4, 8, 13, 17, 21, 25, 28, 33, 37, 40, 45, 48, 53, 56, 61, 65, 68, 72,
    76, 80, 84, 89, 93, 96, 101, 105, 108, 112, 117, 121, 125, 128, 132, 136,
    140, 144, 148, 153, 156, 161, 164, 169, 173, 177, 181, 185, 188, 193, 197,
    200, 205, 208, 213, 217, 220, 224, 229, 232, 237, 240, 245, 249, 253, 256,
    261, 265, 269, 272, 276, 280, 284, 288, 292, 296, 301, 305, 308, 313, 316,
    320, 325, 329, 332, 337, 340, 344, 349, 352, 357, 361, 364, 369, 372, 377,
    380, 385, 388, 393, 396, 401, 405, 409, 412, 417, 420, 424, 428, 432, 437,
    440, 444
[2] 12, 16, 20, 24, 32, 36, 44, 52, 60, 64, 88, 92, 100, 104, 116, 120, 124,
    152, 160, 168, 172, 176, 180, 184, 192, 196, 204, 212, 216, 228, 236, 244,
    248, 252, 260, 264, 268, 300, 304, 312, 324, 328, 336, 348, 356, 360, 368,
    376, 384, 392, 400, 404, 408, 416, 436

Reassigned labels
Map:
{"D_0": "D", "D_1": "D", "D_2": "D"}
token_fitness
{"perc_fit_traces": 0.0, "average_trace_fitness": 0.8768205076929377, "log_fitness": 0.895279191745866, "percentage_of_fitting_traces": 0.0}
precision
0.20010665244634052
0.7627118644067797
generalization
0.8087937948554283


###### Starting pipeline for 0.5, Distance.SET_DISTANCE, 1######
Found communities: 

Clustering with 448 elements and 3 clusters
[0] 1, 2, 3, 5, 6, 7, 9, 10, 11, 14, 15, 18, 19, 22, 23, 26, 27, 29, 30, 31,
    34, 35, 38, 39, 41, 42, 43, 46, 47, 49, 50, 51, 54, 55, 57, 58, 59, 62,
    63, 66, 67, 69, 70, 71, 73, 74, 75, 77, 78, 79, 81, 82, 83, 85, 86, 87,
    90, 91, 94, 95, 97, 98, 99, 102, 103, 106, 107, 109, 110, 111, 113, 114,
    115, 118, 119, 122, 123, 126, 127, 129, 130, 131, 133, 134, 135, 137, 138,
    139, 141, 142, 143, 145, 146, 147, 149, 150, 151, 154, 155, 157, 158, 159,
    162, 163, 165, 166, 167, 170, 171, 174, 175, 178, 179, 182, 183, 186, 187,
    189, 190, 191, 194, 195, 198, 199, 201, 202, 203, 206, 207, 209, 210, 211,
    214, 215, 218, 219, 221, 222, 223, 225, 226, 227, 230, 231, 233, 234, 235,
    238, 239, 241, 242, 243, 246, 247, 250, 251, 254, 255, 257, 258, 259, 262,
    263, 266, 267, 270, 271, 273, 274, 275, 277, 278, 279, 281, 282, 283, 285,
    286, 287, 289, 290, 291, 293, 294, 295, 297, 298, 299, 302, 303, 306, 307,
    309, 310, 311, 314, 315, 317, 318, 319, 321, 322, 323, 326, 327, 330, 331,
    333, 334, 335, 338, 339, 341, 342, 343, 345, 346, 347, 350, 351, 353, 354,
    355, 358, 359, 362, 363, 365, 366, 367, 370, 371, 373, 374, 375, 378, 379,
    381, 382, 383, 386, 387, 389, 390, 391, 394, 395, 397, 398, 399, 402, 403,
    406, 407, 410, 411, 413, 414, 415, 418, 419, 421, 422, 423, 425, 426, 427,
    429, 430, 431, 433, 434, 435, 438, 439, 441, 442, 443, 445, 446, 447
[1] 0, 4, 8, 13, 17, 21, 25, 28, 33, 37, 40, 45, 48, 53, 56, 61, 65, 68, 72,
    76, 80, 84, 89, 93, 96, 101, 105, 108, 112, 117, 121, 125, 128, 132, 136,
    140, 144, 148, 153, 156, 161, 164, 169, 173, 177, 181, 185, 188, 193, 197,
    200, 205, 208, 213, 217, 220, 224, 229, 232, 237, 240, 245, 249, 253, 256,
    261, 265, 269, 272, 276, 280, 284, 288, 292, 296, 301, 305, 308, 313, 316,
    320, 325, 329, 332, 337, 340, 344, 349, 352, 357, 361, 364, 369, 372, 377,
    380, 385, 388, 393, 396, 401, 405, 409, 412, 417, 420, 424, 428, 432, 437,
    440, 444
[2] 12, 16, 20, 24, 32, 36, 44, 52, 60, 64, 88, 92, 100, 104, 116, 120, 124,
    152, 160, 168, 172, 176, 180, 184, 192, 196, 204, 212, 216, 228, 236, 244,
    248, 252, 260, 264, 268, 300, 304, 312, 324, 328, 336, 348, 356, 360, 368,
    376, 384, 392, 400, 404, 408, 416, 436

Reassigned labels
Map:
{"D_0": "D", "D_1": "D", "D_2": "D"}
token_fitness
{"perc_fit_traces": 0.0, "average_trace_fitness": 0.8768205076929377, "log_fitness": 0.895279191745866, "percentage_of_fitting_traces": 0.0}
precision
0.20010665244634052
0.7627118644067797
generalization
0.8087937948554283


###### Starting pipeline for 0.75, Distance.SET_DISTANCE, 1######
Found communities: 

Clustering with 448 elements and 3 clusters
[0] 1, 2, 3, 5, 6, 7, 9, 10, 11, 14, 15, 18, 19, 22, 23, 26, 27, 29, 30, 31,
    34, 35, 38, 39, 41, 42, 43, 46, 47, 49, 50, 51, 54, 55, 57, 58, 59, 62,
    63, 66, 67, 69, 70, 71, 73, 74, 75, 77, 78, 79, 81, 82, 83, 85, 86, 87,
    90, 91, 94, 95, 97, 98, 99, 102, 103, 106, 107, 109, 110, 111, 113, 114,
    115, 118, 119, 122, 123, 126, 127, 129, 130, 131, 133, 134, 135, 137, 138,
    139, 141, 142, 143, 145, 146, 147, 149, 150, 151, 154, 155, 157, 158, 159,
    162, 163, 165, 166, 167, 170, 171, 174, 175, 178, 179, 182, 183, 186, 187,
    189, 190, 191, 194, 195, 198, 199, 201, 202, 203, 206, 207, 209, 210, 211,
    214, 215, 218, 219, 221, 222, 223, 225, 226, 227, 230, 231, 233, 234, 235,
    238, 239, 241, 242, 243, 246, 247, 250, 251, 254, 255, 257, 258, 259, 262,
    263, 266, 267, 270, 271, 273, 274, 275, 277, 278, 279, 281, 282, 283, 285,
    286, 287, 289, 290, 291, 293, 294, 295, 297, 298, 299, 302, 303, 306, 307,
    309, 310, 311, 314, 315, 317, 318, 319, 321, 322, 323, 326, 327, 330, 331,
    333, 334, 335, 338, 339, 341, 342, 343, 345, 346, 347, 350, 351, 353, 354,
    355, 358, 359, 362, 363, 365, 366, 367, 370, 371, 373, 374, 375, 378, 379,
    381, 382, 383, 386, 387, 389, 390, 391, 394, 395, 397, 398, 399, 402, 403,
    406, 407, 410, 411, 413, 414, 415, 418, 419, 421, 422, 423, 425, 426, 427,
    429, 430, 431, 433, 434, 435, 438, 439, 441, 442, 443, 445, 446, 447
[1] 0, 4, 8, 13, 17, 21, 25, 28, 33, 37, 40, 45, 48, 53, 56, 61, 65, 68, 72,
    76, 80, 84, 89, 93, 96, 101, 105, 108, 112, 117, 121, 125, 128, 132, 136,
    140, 144, 148, 153, 156, 161, 164, 169, 173, 177, 181, 185, 188, 193, 197,
    200, 205, 208, 213, 217, 220, 224, 229, 232, 237, 240, 245, 249, 253, 256,
    261, 265, 269, 272, 276, 280, 284, 288, 292, 296, 301, 305, 308, 313, 316,
    320, 325, 329, 332, 337, 340, 344, 349, 352, 357, 361, 364, 369, 372, 377,
    380, 385, 388, 393, 396, 401, 405, 409, 412, 417, 420, 424, 428, 432, 437,
    440, 444
[2] 12, 16, 20, 24, 32, 36, 44, 52, 60, 64, 88, 92, 100, 104, 116, 120, 124,
    152, 160, 168, 172, 176, 180, 184, 192, 196, 204, 212, 216, 228, 236, 244,
    248, 252, 260, 264, 268, 300, 304, 312, 324, 328, 336, 348, 356, 360, 368,
    376, 384, 392, 400, 404, 408, 416, 436

Reassigned labels
Map:
{"D_0": "D", "D_1": "D", "D_2": "D"}
token_fitness
{"perc_fit_traces": 0.0, "average_trace_fitness": 0.8768205076929377, "log_fitness": 0.895279191745866, "percentage_of_fitting_traces": 0.0}
precision
0.20010665244634052
0.7627118644067797
generalization
0.8087937948554283


###### Starting pipeline for 1, Distance.SET_DISTANCE, 1######
Found communities: 

Clustering with 448 elements and 3 clusters
[0] 1, 2, 3, 5, 6, 7, 9, 10, 11, 14, 15, 18, 19, 22, 23, 26, 27, 29, 30, 31,
    34, 35, 38, 39, 41, 42, 43, 46, 47, 49, 50, 51, 54, 55, 57, 58, 59, 62,
    63, 66, 67, 69, 70, 71, 73, 74, 75, 77, 78, 79, 81, 82, 83, 85, 86, 87,
    90, 91, 94, 95, 97, 98, 99, 102, 103, 106, 107, 109, 110, 111, 113, 114,
    115, 118, 119, 122, 123, 126, 127, 129, 130, 131, 133, 134, 135, 137, 138,
    139, 141, 142, 143, 145, 146, 147, 149, 150, 151, 154, 155, 157, 158, 159,
    162, 163, 165, 166, 167, 170, 171, 174, 175, 178, 179, 182, 183, 186, 187,
    189, 190, 191, 194, 195, 198, 199, 201, 202, 203, 206, 207, 209, 210, 211,
    214, 215, 218, 219, 221, 222, 223, 225, 226, 227, 230, 231, 233, 234, 235,
    238, 239, 241, 242, 243, 246, 247, 250, 251, 254, 255, 257, 258, 259, 262,
    263, 266, 267, 270, 271, 273, 274, 275, 277, 278, 279, 281, 282, 283, 285,
    286, 287, 289, 290, 291, 293, 294, 295, 297, 298, 299, 302, 303, 306, 307,
    309, 310, 311, 314, 315, 317, 318, 319, 321, 322, 323, 326, 327, 330, 331,
    333, 334, 335, 338, 339, 341, 342, 343, 345, 346, 347, 350, 351, 353, 354,
    355, 358, 359, 362, 363, 365, 366, 367, 370, 371, 373, 374, 375, 378, 379,
    381, 382, 383, 386, 387, 389, 390, 391, 394, 395, 397, 398, 399, 402, 403,
    406, 407, 410, 411, 413, 414, 415, 418, 419, 421, 422, 423, 425, 426, 427,
    429, 430, 431, 433, 434, 435, 438, 439, 441, 442, 443, 445, 446, 447
[1] 0, 4, 8, 13, 17, 21, 25, 28, 33, 37, 40, 45, 48, 53, 56, 61, 65, 68, 72,
    76, 80, 84, 89, 93, 96, 101, 105, 108, 112, 117, 121, 125, 128, 132, 136,
    140, 144, 148, 153, 156, 161, 164, 169, 173, 177, 181, 185, 188, 193, 197,
    200, 205, 208, 213, 217, 220, 224, 229, 232, 237, 240, 245, 249, 253, 256,
    261, 265, 269, 272, 276, 280, 284, 288, 292, 296, 301, 305, 308, 313, 316,
    320, 325, 329, 332, 337, 340, 344, 349, 352, 357, 361, 364, 369, 372, 377,
    380, 385, 388, 393, 396, 401, 405, 409, 412, 417, 420, 424, 428, 432, 437,
    440, 444
[2] 12, 16, 20, 24, 32, 36, 44, 52, 60, 64, 88, 92, 100, 104, 116, 120, 124,
    152, 160, 168, 172, 176, 180, 184, 192, 196, 204, 212, 216, 228, 236, 244,
    248, 252, 260, 264, 268, 300, 304, 312, 324, 328, 336, 348, 356, 360, 368,
    376, 384, 392, 400, 404, 408, 416, 436

Reassigned labels
Map:
{"D_0": "D", "D_1": "D", "D_2": "D"}
token_fitness
{"perc_fit_traces": 0.0, "average_trace_fitness": 0.8768205076929377, "log_fitness": 0.895279191745866, "percentage_of_fitting_traces": 0.0}
precision
0.20010665244634052
0.7627118644067797
generalization
0.8087937948554283


###### Starting pipeline for 0, Distance.MULTISET_DISTANCE, 1######
Found communities: 

Clustering with 448 elements and 3 clusters
[0] 1, 2, 3, 5, 6, 7, 9, 10, 11, 14, 15, 18, 19, 22, 23, 26, 27, 29, 30, 31,
    34, 35, 38, 39, 41, 42, 43, 46, 47, 49, 50, 51, 54, 55, 57, 58, 59, 62,
    63, 66, 67, 69, 70, 71, 73, 74, 75, 77, 78, 79, 81, 82, 83, 85, 86, 87,
    90, 91, 94, 95, 97, 98, 99, 102, 103, 106, 107, 109, 110, 111, 113, 114,
    115, 118, 119, 122, 123, 126, 127, 129, 130, 131, 133, 134, 135, 137, 138,
    139, 141, 142, 143, 145, 146, 147, 149, 150, 151, 154, 155, 157, 158, 159,
    162, 163, 165, 166, 167, 170, 171, 174, 175, 178, 179, 182, 183, 186, 187,
    189, 190, 191, 194, 195, 198, 199, 201, 202, 203, 206, 207, 209, 210, 211,
    214, 215, 218, 219, 221, 222, 223, 225, 226, 227, 230, 231, 233, 234, 235,
    238, 239, 241, 242, 243, 246, 247, 250, 251, 254, 255, 257, 258, 259, 262,
    263, 266, 267, 270, 271, 273, 274, 275, 277, 278, 279, 281, 282, 283, 285,
    286, 287, 289, 290, 291, 293, 294, 295, 297, 298, 299, 302, 303, 306, 307,
    309, 310, 311, 314, 315, 317, 318, 319, 321, 322, 323, 326, 327, 330, 331,
    333, 334, 335, 338, 339, 341, 342, 343, 345, 346, 347, 350, 351, 353, 354,
    355, 358, 359, 362, 363, 365, 366, 367, 370, 371, 373, 374, 375, 378, 379,
    381, 382, 383, 386, 387, 389, 390, 391, 394, 395, 397, 398, 399, 402, 403,
    406, 407, 410, 411, 413, 414, 415, 418, 419, 421, 422, 423, 425, 426, 427,
    429, 430, 431, 433, 434, 435, 438, 439, 441, 442, 443, 445, 446, 447
[1] 0, 4, 8, 13, 17, 21, 25, 28, 33, 37, 40, 45, 48, 53, 56, 61, 65, 68, 72,
    76, 80, 84, 89, 93, 96, 101, 105, 108, 112, 117, 121, 125, 128, 132, 136,
    140, 144, 148, 153, 156, 161, 164, 169, 173, 177, 181, 185, 188, 193, 197,
    200, 205, 208, 213, 217, 220, 224, 229, 232, 237, 240, 245, 249, 253, 256,
    261, 265, 269, 272, 276, 280, 284, 288, 292, 296, 301, 305, 308, 313, 316,
    320, 325, 329, 332, 337, 340, 344, 349, 352, 357, 361, 364, 369, 372, 377,
    380, 385, 388, 393, 396, 401, 405, 409, 412, 417, 420, 424, 428, 432, 437,
    440, 444
[2] 12, 16, 20, 24, 32, 36, 44, 52, 60, 64, 88, 92, 100, 104, 116, 120, 124,
    152, 160, 168, 172, 176, 180, 184, 192, 196, 204, 212, 216, 228, 236, 244,
    248, 252, 260, 264, 268, 300, 304, 312, 324, 328, 336, 348, 356, 360, 368,
    376, 384, 392, 400, 404, 408, 416, 436

Reassigned labels
Map:
{"D_0": "D", "D_1": "D", "D_2": "D"}
token_fitness
{"perc_fit_traces": 0.0, "average_trace_fitness": 0.8768205076929377, "log_fitness": 0.895279191745866, "percentage_of_fitting_traces": 0.0}
precision
0.20010665244634052
0.7627118644067797
generalization
0.8087937948554283


###### Starting pipeline for 0.25, Distance.MULTISET_DISTANCE, 1######
Found communities: 

Clustering with 448 elements and 3 clusters
[0] 1, 2, 3, 5, 6, 7, 9, 10, 11, 14, 15, 18, 19, 22, 23, 26, 27, 29, 30, 31,
    34, 35, 38, 39, 41, 42, 43, 46, 47, 49, 50, 51, 54, 55, 57, 58, 59, 62,
    63, 66, 67, 69, 70, 71, 73, 74, 75, 77, 78, 79, 81, 82, 83, 85, 86, 87,
    90, 91, 94, 95, 97, 98, 99, 102, 103, 106, 107, 109, 110, 111, 113, 114,
    115, 118, 119, 122, 123, 126, 127, 129, 130, 131, 133, 134, 135, 137, 138,
    139, 141, 142, 143, 145, 146, 147, 149, 150, 151, 154, 155, 157, 158, 159,
    162, 163, 165, 166, 167, 170, 171, 174, 175, 178, 179, 182, 183, 186, 187,
    189, 190, 191, 194, 195, 198, 199, 201, 202, 203, 206, 207, 209, 210, 211,
    214, 215, 218, 219, 221, 222, 223, 225, 226, 227, 230, 231, 233, 234, 235,
    238, 239, 241, 242, 243, 246, 247, 250, 251, 254, 255, 257, 258, 259, 262,
    263, 266, 267, 270, 271, 273, 274, 275, 277, 278, 279, 281, 282, 283, 285,
    286, 287, 289, 290, 291, 293, 294, 295, 297, 298, 299, 302, 303, 306, 307,
    309, 310, 311, 314, 315, 317, 318, 319, 321, 322, 323, 326, 327, 330, 331,
    333, 334, 335, 338, 339, 341, 342, 343, 345, 346, 347, 350, 351, 353, 354,
    355, 358, 359, 362, 363, 365, 366, 367, 370, 371, 373, 374, 375, 378, 379,
    381, 382, 383, 386, 387, 389, 390, 391, 394, 395, 397, 398, 399, 402, 403,
    406, 407, 410, 411, 413, 414, 415, 418, 419, 421, 422, 423, 425, 426, 427,
    429, 430, 431, 433, 434, 435, 438, 439, 441, 442, 443, 445, 446, 447
[1] 0, 4, 8, 13, 17, 21, 25, 28, 33, 37, 40, 45, 48, 53, 56, 61, 65, 68, 72,
    76, 80, 84, 89, 93, 96, 101, 105, 108, 112, 117, 121, 125, 128, 132, 136,
    140, 144, 148, 153, 156, 161, 164, 169, 173, 177, 181, 185, 188, 193, 197,
    200, 205, 208, 213, 217, 220, 224, 229, 232, 237, 240, 245, 249, 253, 256,
    261, 265, 269, 272, 276, 280, 284, 288, 292, 296, 301, 305, 308, 313, 316,
    320, 325, 329, 332, 337, 340, 344, 349, 352, 357, 361, 364, 369, 372, 377,
    380, 385, 388, 393, 396, 401, 405, 409, 412, 417, 420, 424, 428, 432, 437,
    440, 444
[2] 12, 16, 20, 24, 32, 36, 44, 52, 60, 64, 88, 92, 100, 104, 116, 120, 124,
    152, 160, 168, 172, 176, 180, 184, 192, 196, 204, 212, 216, 228, 236, 244,
    248, 252, 260, 264, 268, 300, 304, 312, 324, 328, 336, 348, 356, 360, 368,
    376, 384, 392, 400, 404, 408, 416, 436

Reassigned labels
Map:
{"D_0": "D", "D_1": "D", "D_2": "D"}
token_fitness
{"perc_fit_traces": 0.0, "average_trace_fitness": 0.8768205076929377, "log_fitness": 0.895279191745866, "percentage_of_fitting_traces": 0.0}
precision
0.20010665244634052
0.7627118644067797
generalization
0.8087937948554283


###### Starting pipeline for 0.5, Distance.MULTISET_DISTANCE, 1######
Found communities: 

Clustering with 448 elements and 3 clusters
[0] 1, 2, 3, 5, 6, 7, 9, 10, 11, 14, 15, 18, 19, 22, 23, 26, 27, 29, 30, 31,
    34, 35, 38, 39, 41, 42, 43, 46, 47, 49, 50, 51, 54, 55, 57, 58, 59, 62,
    63, 66, 67, 69, 70, 71, 73, 74, 75, 77, 78, 79, 81, 82, 83, 85, 86, 87,
    90, 91, 94, 95, 97, 98, 99, 102, 103, 106, 107, 109, 110, 111, 113, 114,
    115, 118, 119, 122, 123, 126, 127, 129, 130, 131, 133, 134, 135, 137, 138,
    139, 141, 142, 143, 145, 146, 147, 149, 150, 151, 154, 155, 157, 158, 159,
    162, 163, 165, 166, 167, 170, 171, 174, 175, 178, 179, 182, 183, 186, 187,
    189, 190, 191, 194, 195, 198, 199, 201, 202, 203, 206, 207, 209, 210, 211,
    214, 215, 218, 219, 221, 222, 223, 225, 226, 227, 230, 231, 233, 234, 235,
    238, 239, 241, 242, 243, 246, 247, 250, 251, 254, 255, 257, 258, 259, 262,
    263, 266, 267, 270, 271, 273, 274, 275, 277, 278, 279, 281, 282, 283, 285,
    286, 287, 289, 290, 291, 293, 294, 295, 297, 298, 299, 302, 303, 306, 307,
    309, 310, 311, 314, 315, 317, 318, 319, 321, 322, 323, 326, 327, 330, 331,
    333, 334, 335, 338, 339, 341, 342, 343, 345, 346, 347, 350, 351, 353, 354,
    355, 358, 359, 362, 363, 365, 366, 367, 370, 371, 373, 374, 375, 378, 379,
    381, 382, 383, 386, 387, 389, 390, 391, 394, 395, 397, 398, 399, 402, 403,
    406, 407, 410, 411, 413, 414, 415, 418, 419, 421, 422, 423, 425, 426, 427,
    429, 430, 431, 433, 434, 435, 438, 439, 441, 442, 443, 445, 446, 447
[1] 0, 4, 8, 13, 17, 21, 25, 28, 33, 37, 40, 45, 48, 53, 56, 61, 65, 68, 72,
    76, 80, 84, 89, 93, 96, 101, 105, 108, 112, 117, 121, 125, 128, 132, 136,
    140, 144, 148, 153, 156, 161, 164, 169, 173, 177, 181, 185, 188, 193, 197,
    200, 205, 208, 213, 217, 220, 224, 229, 232, 237, 240, 245, 249, 253, 256,
    261, 265, 269, 272, 276, 280, 284, 288, 292, 296, 301, 305, 308, 313, 316,
    320, 325, 329, 332, 337, 340, 344, 349, 352, 357, 361, 364, 369, 372, 377,
    380, 385, 388, 393, 396, 401, 405, 409, 412, 417, 420, 424, 428, 432, 437,
    440, 444
[2] 12, 16, 20, 24, 32, 36, 44, 52, 60, 64, 88, 92, 100, 104, 116, 120, 124,
    152, 160, 168, 172, 176, 180, 184, 192, 196, 204, 212, 216, 228, 236, 244,
    248, 252, 260, 264, 268, 300, 304, 312, 324, 328, 336, 348, 356, 360, 368,
    376, 384, 392, 400, 404, 408, 416, 436

Reassigned labels
Map:
{"D_0": "D", "D_1": "D", "D_2": "D"}
token_fitness
{"perc_fit_traces": 0.0, "average_trace_fitness": 0.8768205076929377, "log_fitness": 0.895279191745866, "percentage_of_fitting_traces": 0.0}
precision
0.20010665244634052
0.7627118644067797
generalization
0.8087937948554283


###### Starting pipeline for 0.75, Distance.MULTISET_DISTANCE, 1######
Found communities: 

Clustering with 448 elements and 3 clusters
[0] 1, 2, 3, 5, 6, 7, 9, 10, 11, 14, 15, 18, 19, 22, 23, 26, 27, 29, 30, 31,
    34, 35, 38, 39, 41, 42, 43, 46, 47, 49, 50, 51, 54, 55, 57, 58, 59, 62,
    63, 66, 67, 69, 70, 71, 73, 74, 75, 77, 78, 79, 81, 82, 83, 85, 86, 87,
    90, 91, 94, 95, 97, 98, 99, 102, 103, 106, 107, 109, 110, 111, 113, 114,
    115, 118, 119, 122, 123, 126, 127, 129, 130, 131, 133, 134, 135, 137, 138,
    139, 141, 142, 143, 145, 146, 147, 149, 150, 151, 154, 155, 157, 158, 159,
    162, 163, 165, 166, 167, 170, 171, 174, 175, 178, 179, 182, 183, 186, 187,
    189, 190, 191, 194, 195, 198, 199, 201, 202, 203, 206, 207, 209, 210, 211,
    214, 215, 218, 219, 221, 222, 223, 225, 226, 227, 230, 231, 233, 234, 235,
    238, 239, 241, 242, 243, 246, 247, 250, 251, 254, 255, 257, 258, 259, 262,
    263, 266, 267, 270, 271, 273, 274, 275, 277, 278, 279, 281, 282, 283, 285,
    286, 287, 289, 290, 291, 293, 294, 295, 297, 298, 299, 302, 303, 306, 307,
    309, 310, 311, 314, 315, 317, 318, 319, 321, 322, 323, 326, 327, 330, 331,
    333, 334, 335, 338, 339, 341, 342, 343, 345, 346, 347, 350, 351, 353, 354,
    355, 358, 359, 362, 363, 365, 366, 367, 370, 371, 373, 374, 375, 378, 379,
    381, 382, 383, 386, 387, 389, 390, 391, 394, 395, 397, 398, 399, 402, 403,
    406, 407, 410, 411, 413, 414, 415, 418, 419, 421, 422, 423, 425, 426, 427,
    429, 430, 431, 433, 434, 435, 438, 439, 441, 442, 443, 445, 446, 447
[1] 0, 4, 8, 13, 17, 21, 25, 28, 33, 37, 40, 45, 48, 53, 56, 61, 65, 68, 72,
    76, 80, 84, 89, 93, 96, 101, 105, 108, 112, 117, 121, 125, 128, 132, 136,
    140, 144, 148, 153, 156, 161, 164, 169, 173, 177, 181, 185, 188, 193, 197,
    200, 205, 208, 213, 217, 220, 224, 229, 232, 237, 240, 245, 249, 253, 256,
    261, 265, 269, 272, 276, 280, 284, 288, 292, 296, 301, 305, 308, 313, 316,
    320, 325, 329, 332, 337, 340, 344, 349, 352, 357, 361, 364, 369, 372, 377,
    380, 385, 388, 393, 396, 401, 405, 409, 412, 417, 420, 424, 428, 432, 437,
    440, 444
[2] 12, 16, 20, 24, 32, 36, 44, 52, 60, 64, 88, 92, 100, 104, 116, 120, 124,
    152, 160, 168, 172, 176, 180, 184, 192, 196, 204, 212, 216, 228, 236, 244,
    248, 252, 260, 264, 268, 300, 304, 312, 324, 328, 336, 348, 356, 360, 368,
    376, 384, 392, 400, 404, 408, 416, 436

Reassigned labels
Map:
{"D_0": "D", "D_1": "D", "D_2": "D"}
token_fitness
{"perc_fit_traces": 0.0, "average_trace_fitness": 0.8768205076929377, "log_fitness": 0.895279191745866, "percentage_of_fitting_traces": 0.0}
precision
0.20010665244634052
0.7627118644067797
generalization
0.8087937948554283


###### Starting pipeline for 1, Distance.MULTISET_DISTANCE, 1######
Found communities: 

Clustering with 448 elements and 3 clusters
[0] 1, 2, 3, 5, 6, 7, 9, 10, 11, 14, 15, 18, 19, 22, 23, 26, 27, 29, 30, 31,
    34, 35, 38, 39, 41, 42, 43, 46, 47, 49, 50, 51, 54, 55, 57, 58, 59, 62,
    63, 66, 67, 69, 70, 71, 73, 74, 75, 77, 78, 79, 81, 82, 83, 85, 86, 87,
    90, 91, 94, 95, 97, 98, 99, 102, 103, 106, 107, 109, 110, 111, 113, 114,
    115, 118, 119, 122, 123, 126, 127, 129, 130, 131, 133, 134, 135, 137, 138,
    139, 141, 142, 143, 145, 146, 147, 149, 150, 151, 154, 155, 157, 158, 159,
    162, 163, 165, 166, 167, 170, 171, 174, 175, 178, 179, 182, 183, 186, 187,
    189, 190, 191, 194, 195, 198, 199, 201, 202, 203, 206, 207, 209, 210, 211,
    214, 215, 218, 219, 221, 222, 223, 225, 226, 227, 230, 231, 233, 234, 235,
    238, 239, 241, 242, 243, 246, 247, 250, 251, 254, 255, 257, 258, 259, 262,
    263, 266, 267, 270, 271, 273, 274, 275, 277, 278, 279, 281, 282, 283, 285,
    286, 287, 289, 290, 291, 293, 294, 295, 297, 298, 299, 302, 303, 306, 307,
    309, 310, 311, 314, 315, 317, 318, 319, 321, 322, 323, 326, 327, 330, 331,
    333, 334, 335, 338, 339, 341, 342, 343, 345, 346, 347, 350, 351, 353, 354,
    355, 358, 359, 362, 363, 365, 366, 367, 370, 371, 373, 374, 375, 378, 379,
    381, 382, 383, 386, 387, 389, 390, 391, 394, 395, 397, 398, 399, 402, 403,
    406, 407, 410, 411, 413, 414, 415, 418, 419, 421, 422, 423, 425, 426, 427,
    429, 430, 431, 433, 434, 435, 438, 439, 441, 442, 443, 445, 446, 447
[1] 0, 4, 8, 13, 17, 21, 25, 28, 33, 37, 40, 45, 48, 53, 56, 61, 65, 68, 72,
    76, 80, 84, 89, 93, 96, 101, 105, 108, 112, 117, 121, 125, 128, 132, 136,
    140, 144, 148, 153, 156, 161, 164, 169, 173, 177, 181, 185, 188, 193, 197,
    200, 205, 208, 213, 217, 220, 224, 229, 232, 237, 240, 245, 249, 253, 256,
    261, 265, 269, 272, 276, 280, 284, 288, 292, 296, 301, 305, 308, 313, 316,
    320, 325, 329, 332, 337, 340, 344, 349, 352, 357, 361, 364, 369, 372, 377,
    380, 385, 388, 393, 396, 401, 405, 409, 412, 417, 420, 424, 428, 432, 437,
    440, 444
[2] 12, 16, 20, 24, 32, 36, 44, 52, 60, 64, 88, 92, 100, 104, 116, 120, 124,
    152, 160, 168, 172, 176, 180, 184, 192, 196, 204, 212, 216, 228, 236, 244,
    248, 252, 260, 264, 268, 300, 304, 312, 324, 328, 336, 348, 356, 360, 368,
    376, 384, 392, 400, 404, 408, 416, 436

Reassigned labels
Map:
{"D_0": "D", "D_1": "D", "D_2": "D"}
token_fitness
{"perc_fit_traces": 0.0, "average_trace_fitness": 0.8768205076929377, "log_fitness": 0.895279191745866, "percentage_of_fitting_traces": 0.0}
precision
0.20010665244634052
0.7627118644067797
generalization
0.8087937948554283


###### Starting pipeline for 0, Distance.EDIT_DISTANCE, 3######
Found communities: 

Clustering with 448 elements and 4 clusters
[0] 0, 4, 8, 12, 13, 16, 17, 20, 21, 24, 25, 28, 32, 33, 36, 37, 40, 44, 45,
    48, 52, 53, 56, 60, 61, 64, 65, 68, 72, 76, 80, 84, 88, 89, 92, 93, 96,
    100, 101, 104, 105, 108, 112, 116, 117, 120, 121, 124, 125, 128, 132, 136,
    140, 144, 148, 152, 153, 156, 160, 161, 164, 168, 169, 172, 173, 176, 177,
    180, 181, 184, 185, 188, 192, 193, 196, 197, 200, 204, 205, 208, 212, 213,
    216, 217, 220, 224, 228, 229, 232, 236, 237, 240, 244, 245, 248, 249, 252,
    253, 256, 260, 261, 264, 265, 268, 269, 272, 276, 280, 284, 288, 292, 296,
    300, 301, 304, 305, 308, 312, 313, 316, 320, 324, 325, 328, 329, 332, 336,
    337, 340, 344, 348, 349, 352, 356, 357, 360, 361, 364, 368, 369, 372, 376,
    377, 380, 384, 385, 388, 392, 393, 396, 400, 401, 404, 405, 408, 409, 412,
    416, 417, 420, 424, 428, 432, 436, 437, 440, 444
[1] 3, 7, 11, 15, 19, 23, 27, 31, 35, 39, 43, 47, 51, 55, 59, 63, 67, 71, 75,
    79, 83, 87, 91, 95, 99, 103, 107, 111, 115, 119, 123, 127, 131, 135, 139,
    143, 147, 151, 155, 159, 163, 167, 171, 175, 179, 183, 187, 191, 195, 199,
    203, 207, 211, 215, 219, 223, 227, 231, 235, 239, 243, 247, 251, 255, 259,
    263, 267, 271, 275, 279, 283, 287, 291, 295, 299, 303, 307, 311, 315, 319,
    323, 327, 331, 335, 339, 343, 347, 351, 355, 359, 363, 367, 371, 375, 379,
    383, 387, 391, 395, 399, 403, 407, 411, 415, 419, 423, 427, 431, 435, 439,
    443, 447
[2] 2, 6, 10, 14, 18, 22, 26, 30, 34, 38, 42, 46, 50, 54, 58, 62, 66, 70, 74,
    78, 82, 86, 90, 94, 98, 102, 106, 110, 114, 118, 122, 126, 130, 134, 138,
    142, 146, 150, 154, 158, 162, 166, 170, 174, 178, 182, 186, 190, 194, 198,
    202, 206, 210, 214, 218, 222, 226, 230, 234, 238, 242, 246, 250, 254, 258,
    262, 266, 270, 274, 278, 282, 286, 290, 294, 298, 302, 306, 310, 314, 318,
    322, 326, 330, 334, 338, 342, 346, 350, 354, 358, 362, 366, 370, 374, 378,
    382, 386, 390, 394, 398, 402, 406, 410, 414, 418, 422, 426, 430, 434, 438,
    442, 446
[3] 1, 5, 9, 29, 41, 49, 57, 69, 73, 77, 81, 85, 97, 109, 113, 129, 133, 137,
    141, 145, 149, 157, 165, 189, 201, 209, 221, 225, 233, 241, 257, 273, 277,
    281, 285, 289, 293, 297, 309, 317, 321, 333, 341, 345, 353, 365, 373, 381,
    389, 397, 413, 421, 425, 429, 433, 441, 445

Reassigned labels
Map:
{"D_0": "D", "D_1": "D", "D_2": "D", "D_3": "D"}
token_fitness
{"perc_fit_traces": 0.0, "average_trace_fitness": 0.8768205076929377, "log_fitness": 0.895279191745866, "percentage_of_fitting_traces": 0.0}
precision
0.20010665244634052
0.7627118644067797
generalization
0.8087937948554283


###### Starting pipeline for 0.25, Distance.EDIT_DISTANCE, 3######
Found communities: 

Clustering with 448 elements and 3 clusters
[0] 0, 1, 4, 5, 8, 9, 12, 13, 16, 17, 20, 21, 24, 25, 28, 29, 32, 33, 36, 37,
    40, 41, 44, 45, 48, 49, 52, 53, 56, 57, 60, 61, 64, 65, 68, 69, 72, 73,
    76, 77, 80, 81, 84, 85, 88, 89, 92, 93, 96, 97, 100, 101, 104, 105, 108,
    109, 112, 113, 116, 117, 120, 121, 124, 125, 128, 129, 132, 133, 136, 137,
    140, 141, 144, 145, 148, 149, 152, 153, 156, 157, 160, 161, 164, 165, 168,
    169, 172, 173, 176, 177, 180, 181, 184, 185, 188, 189, 192, 193, 196, 197,
    200, 201, 204, 205, 208, 209, 212, 213, 216, 217, 220, 221, 224, 225, 228,
    229, 232, 233, 236, 237, 240, 241, 244, 245, 248, 249, 252, 253, 256, 257,
    260, 261, 264, 265, 268, 269, 272, 273, 276, 277, 280, 281, 284, 285, 288,
    289, 292, 293, 296, 297, 300, 301, 304, 305, 308, 309, 312, 313, 316, 317,
    320, 321, 324, 325, 328, 329, 332, 333, 336, 337, 340, 341, 344, 345, 348,
    349, 352, 353, 356, 357, 360, 361, 364, 365, 368, 369, 372, 373, 376, 377,
    380, 381, 384, 385, 388, 389, 392, 393, 396, 397, 400, 401, 404, 405, 408,
    409, 412, 413, 416, 417, 420, 421, 424, 425, 428, 429, 432, 433, 436, 437,
    440, 441, 444, 445
[1] 2, 3, 6, 7, 10, 11, 15, 19, 23, 27, 30, 31, 35, 39, 42, 43, 47, 50, 51,
    55, 58, 59, 63, 67, 70, 71, 74, 75, 78, 79, 82, 83, 86, 87, 91, 95, 98,
    99, 103, 107, 110, 111, 114, 115, 119, 123, 127, 130, 131, 134, 135, 138,
    139, 142, 143, 146, 147, 150, 151, 155, 158, 159, 163, 166, 167, 171, 175,
    179, 183, 187, 190, 191, 195, 199, 202, 203, 207, 210, 211, 215, 219, 222,
    223, 226, 227, 231, 234, 235, 239, 242, 243, 247, 251, 255, 258, 259, 263,
    267, 271, 274, 275, 278, 279, 282, 283, 286, 287, 290, 291, 294, 295, 298,
    299, 303, 307, 310, 311, 315, 318, 319, 322, 323, 327, 331, 334, 335, 339,
    342, 343, 346, 347, 351, 354, 355, 359, 363, 366, 367, 371, 374, 375, 379,
    382, 383, 387, 390, 391, 395, 398, 399, 403, 407, 411, 414, 415, 419, 422,
    423, 426, 427, 430, 431, 434, 435, 439, 442, 443, 446, 447
[2] 14, 18, 22, 26, 34, 38, 46, 54, 62, 66, 90, 94, 102, 106, 118, 122, 126,
    154, 162, 170, 174, 178, 182, 186, 194, 198, 206, 214, 218, 230, 238, 246,
    250, 254, 262, 266, 270, 302, 306, 314, 326, 330, 338, 350, 358, 362, 370,
    378, 386, 394, 402, 406, 410, 418, 438

Reassigned labels
Map:
{"D_0": "D", "D_1": "D", "D_2": "D"}
token_fitness
{"perc_fit_traces": 0.0, "average_trace_fitness": 0.8768205076929377, "log_fitness": 0.895279191745866, "percentage_of_fitting_traces": 0.0}
precision
0.20010665244634052
0.7627118644067797
generalization
0.8087937948554283


###### Starting pipeline for 0.5, Distance.EDIT_DISTANCE, 3######
Found communities: 

Clustering with 448 elements and 3 clusters
[0] 0, 1, 4, 5, 8, 9, 12, 13, 16, 17, 20, 21, 24, 25, 28, 29, 32, 33, 36, 37,
    40, 41, 44, 45, 48, 49, 52, 53, 56, 57, 60, 61, 64, 65, 68, 69, 72, 73,
    76, 77, 80, 81, 84, 85, 88, 89, 92, 93, 96, 97, 100, 101, 104, 105, 108,
    109, 112, 113, 116, 117, 120, 121, 124, 125, 128, 129, 132, 133, 136, 137,
    140, 141, 144, 145, 148, 149, 152, 153, 156, 157, 160, 161, 164, 165, 168,
    169, 172, 173, 176, 177, 180, 181, 184, 185, 188, 189, 192, 193, 196, 197,
    200, 201, 204, 205, 208, 209, 212, 213, 216, 217, 220, 221, 224, 225, 228,
    229, 232, 233, 236, 237, 240, 241, 244, 245, 248, 249, 252, 253, 256, 257,
    260, 261, 264, 265, 268, 269, 272, 273, 276, 277, 280, 281, 284, 285, 288,
    289, 292, 293, 296, 297, 300, 301, 304, 305, 308, 309, 312, 313, 316, 317,
    320, 321, 324, 325, 328, 329, 332, 333, 336, 337, 340, 341, 344, 345, 348,
    349, 352, 353, 356, 357, 360, 361, 364, 365, 368, 369, 372, 373, 376, 377,
    380, 381, 384, 385, 388, 389, 392, 393, 396, 397, 400, 401, 404, 405, 408,
    409, 412, 413, 416, 417, 420, 421, 424, 425, 428, 429, 432, 433, 436, 437,
    440, 441, 444, 445
[1] 2, 3, 6, 7, 10, 11, 15, 19, 23, 27, 30, 31, 35, 39, 42, 43, 47, 50, 51,
    55, 58, 59, 63, 67, 70, 71, 74, 75, 78, 79, 82, 83, 86, 87, 91, 95, 98,
    99, 103, 107, 110, 111, 114, 115, 119, 123, 127, 130, 131, 134, 135, 138,
    139, 142, 143, 146, 147, 150, 151, 155, 158, 159, 163, 166, 167, 171, 175,
    179, 183, 187, 190, 191, 195, 199, 202, 203, 207, 210, 211, 215, 219, 222,
    223, 226, 227, 231, 234, 235, 239, 242, 243, 247, 251, 255, 258, 259, 263,
    267, 271, 274, 275, 278, 279, 282, 283, 286, 287, 290, 291, 294, 295, 298,
    299, 303, 307, 310, 311, 315, 318, 319, 322, 323, 327, 331, 334, 335, 339,
    342, 343, 346, 347, 351, 354, 355, 359, 363, 366, 367, 371, 374, 375, 379,
    382, 383, 387, 390, 391, 395, 398, 399, 403, 407, 411, 414, 415, 419, 422,
    423, 426, 427, 430, 431, 434, 435, 439, 442, 443, 446, 447
[2] 14, 18, 22, 26, 34, 38, 46, 54, 62, 66, 90, 94, 102, 106, 118, 122, 126,
    154, 162, 170, 174, 178, 182, 186, 194, 198, 206, 214, 218, 230, 238, 246,
    250, 254, 262, 266, 270, 302, 306, 314, 326, 330, 338, 350, 358, 362, 370,
    378, 386, 394, 402, 406, 410, 418, 438

Reassigned labels
Map:
{"D_0": "D", "D_1": "D", "D_2": "D"}
token_fitness
{"perc_fit_traces": 0.0, "average_trace_fitness": 0.8768205076929377, "log_fitness": 0.895279191745866, "percentage_of_fitting_traces": 0.0}
precision
0.20010665244634052
0.7627118644067797
generalization
0.8087937948554283


###### Starting pipeline for 0.75, Distance.EDIT_DISTANCE, 3######
Found communities: 

Clustering with 448 elements and 5 clusters
[0] 0, 1, 4, 5, 8, 9, 13, 17, 21, 25, 28, 29, 33, 37, 40, 41, 45, 48, 49, 53,
    56, 57, 61, 65, 68, 69, 72, 73, 76, 77, 80, 81, 84, 85, 89, 93, 96, 97,
    101, 105, 108, 109, 112, 113, 117, 121, 125, 128, 129, 132, 133, 136, 137,
    140, 141, 144, 145, 148, 149, 153, 156, 157, 161, 164, 165, 169, 173, 177,
    181, 185, 188, 189, 193, 197, 200, 201, 205, 208, 209, 213, 217, 220, 221,
    224, 225, 229, 232, 233, 237, 240, 241, 245, 249, 253, 256, 257, 261, 265,
    269, 272, 273, 276, 277, 280, 281, 284, 285, 288, 289, 292, 293, 296, 297,
    301, 305, 308, 309, 313, 316, 317, 320, 321, 325, 329, 332, 333, 337, 340,
    341, 344, 345, 349, 352, 353, 357, 361, 364, 365, 369, 372, 373, 377, 380,
    381, 385, 388, 389, 393, 396, 397, 401, 405, 409, 412, 413, 417, 420, 421,
    424, 425, 428, 429, 432, 433, 437, 440, 441, 444, 445
[1] 3, 7, 11, 15, 19, 23, 27, 31, 35, 39, 43, 47, 51, 55, 59, 63, 67, 71, 75,
    79, 83, 87, 91, 95, 99, 103, 107, 111, 115, 119, 123, 127, 131, 135, 139,
    143, 147, 151, 155, 159, 163, 167, 171, 175, 179, 183, 187, 191, 195, 199,
    203, 207, 211, 215, 219, 223, 227, 231, 235, 239, 243, 247, 251, 255, 259,
    263, 267, 271, 275, 279, 283, 287, 291, 295, 299, 303, 307, 311, 315, 319,
    323, 327, 331, 335, 339, 343, 347, 351, 355, 359, 363, 367, 371, 375, 379,
    383, 387, 391, 395, 399, 403, 407, 411, 415, 419, 423, 427, 431, 435, 439,
    443, 447
[2] 2, 6, 10, 30, 42, 50, 58, 70, 74, 78, 82, 86, 98, 110, 114, 130, 134, 138,
    142, 146, 150, 158, 166, 190, 202, 210, 222, 226, 234, 242, 258, 274, 278,
    282, 286, 290, 294, 298, 310, 318, 322, 334, 342, 346, 354, 366, 374, 382,
    390, 398, 414, 422, 426, 430, 434, 442, 446
[3] 12, 16, 20, 24, 32, 36, 44, 52, 60, 64, 88, 92, 100, 104, 116, 120, 124,
    152, 160, 168, 172, 176, 180, 184, 192, 196, 204, 212, 216, 228, 236, 244,
    248, 252, 260, 264, 268, 300, 304, 312, 324, 328, 336, 348, 356, 360, 368,
    376, 384, 392, 400, 404, 408, 416, 436
[4] 14, 18, 22, 26, 34, 38, 46, 54, 62, 66, 90, 94, 102, 106, 118, 122, 126,
    154, 162, 170, 174, 178, 182, 186, 194, 198, 206, 214, 218, 230, 238, 246,
    250, 254, 262, 266, 270, 302, 306, 314, 326, 330, 338, 350, 358, 362, 370,
    378, 386, 394, 402, 406, 410, 418, 438

Reassigned labels
Map:
{"D_0": "D", "D_1": "D", "D_2": "D", "D_3": "D", "D_4": "D"}
token_fitness
{"perc_fit_traces": 0.0, "average_trace_fitness": 0.8768205076929377, "log_fitness": 0.895279191745866, "percentage_of_fitting_traces": 0.0}
precision
0.20010665244634052
0.7627118644067797
generalization
0.8087937948554283


###### Starting pipeline for 1, Distance.EDIT_DISTANCE, 3######
Found communities: 

Clustering with 448 elements and 8 clusters
[0] 1, 5, 9, 29, 41, 49, 57, 69, 73, 77, 81, 85, 97, 109, 113, 129, 133, 137,
    141, 145, 149, 157, 165, 189, 201, 209, 221, 225, 233, 241, 257, 273, 277,
    281, 285, 289, 293, 297, 309, 317, 321, 333, 341, 345, 353, 365, 373, 381,
    389, 397, 413, 421, 425, 429, 433, 441, 445
[1] 2, 6, 10, 30, 42, 50, 58, 70, 74, 78, 82, 86, 98, 110, 114, 130, 134, 138,
    142, 146, 150, 158, 166, 190, 202, 210, 222, 226, 234, 242, 258, 274, 278,
    282, 286, 290, 294, 298, 310, 318, 322, 334, 342, 346, 354, 366, 374, 382,
    390, 398, 414, 422, 426, 430, 434, 442, 446
[2] 3, 7, 11, 31, 43, 51, 59, 71, 75, 79, 83, 87, 99, 111, 115, 131, 135, 139,
    143, 147, 151, 159, 167, 191, 203, 211, 223, 227, 235, 243, 259, 275, 279,
    283, 287, 291, 295, 299, 311, 319, 323, 335, 343, 347, 355, 367, 375, 383,
    391, 399, 415, 423, 427, 431, 435, 443, 447
[3] 0, 4, 8, 28, 40, 48, 56, 68, 72, 76, 80, 84, 96, 108, 112, 128, 132, 136,
    140, 144, 148, 156, 164, 188, 200, 208, 220, 224, 232, 240, 256, 272, 276,
    280, 284, 288, 292, 296, 308, 316, 320, 332, 340, 344, 352, 364, 372, 380,
    388, 396, 412, 420, 424, 428, 432, 440, 444
[4] 12, 16, 20, 24, 32, 36, 44, 52, 60, 64, 88, 92, 100, 104, 116, 120, 124,
    152, 160, 168, 172, 176, 180, 184, 192, 196, 204, 212, 216, 228, 236, 244,
    248, 252, 260, 264, 268, 300, 304, 312, 324, 328, 336, 348, 356, 360, 368,
    376, 384, 392, 400, 404, 408, 416, 436
[5] 13, 17, 21, 25, 33, 37, 45, 53, 61, 65, 89, 93, 101, 105, 117, 121, 125,
    153, 161, 169, 173, 177, 181, 185, 193, 197, 205, 213, 217, 229, 237, 245,
    249, 253, 261, 265, 269, 301, 305, 313, 325, 329, 337, 349, 357, 361, 369,
    377, 385, 393, 401, 405, 409, 417, 437
[6] 14, 18, 22, 26, 34, 38, 46, 54, 62, 66, 90, 94, 102, 106, 118, 122, 126,
    154, 162, 170, 174, 178, 182, 186, 194, 198, 206, 214, 218, 230, 238, 246,
    250, 254, 262, 266, 270, 302, 306, 314, 326, 330, 338, 350, 358, 362, 370,
    378, 386, 394, 402, 406, 410, 418, 438
[7] 15, 19, 23, 27, 35, 39, 47, 55, 63, 67, 91, 95, 103, 107, 119, 123, 127,
    155, 163, 171, 175, 179, 183, 187, 195, 199, 207, 215, 219, 231, 239, 247,
    251, 255, 263, 267, 271, 303, 307, 315, 327, 331, 339, 351, 359, 363, 371,
    379, 387, 395, 403, 407, 411, 419, 439

Reassigned labels
Map:
{"D_0": "D", "D_1": "D", "D_2": "D", "D_3": "D", "D_4": "D", "D_5": "D", "D_6": "D", "D_7": "D"}
token_fitness
{"perc_fit_traces": 0.0, "average_trace_fitness": 0.8768205076929377, "log_fitness": 0.895279191745866, "percentage_of_fitting_traces": 0.0}
precision
0.20010665244634052
0.7627118644067797
generalization
0.8087937948554283


###### Starting pipeline for 0, Distance.SET_DISTANCE, 3######
Found communities: 

Clustering with 448 elements and 4 clusters
[0] 3, 7, 11, 15, 19, 23, 27, 31, 35, 39, 43, 47, 51, 55, 59, 63, 67, 71, 75,
    79, 83, 87, 91, 95, 99, 103, 107, 111, 115, 119, 123, 127, 131, 135, 139,
    143, 147, 151, 155, 159, 163, 167, 171, 175, 179, 183, 187, 191, 195, 199,
    203, 207, 211, 215, 219, 223, 227, 231, 235, 239, 243, 247, 251, 255, 259,
    263, 267, 271, 275, 279, 283, 287, 291, 295, 299, 303, 307, 311, 315, 319,
    323, 327, 331, 335, 339, 343, 347, 351, 355, 359, 363, 367, 371, 375, 379,
    383, 387, 391, 395, 399, 403, 407, 411, 415, 419, 423, 427, 431, 435, 439,
    443, 447
[1] 0, 4, 8, 12, 16, 20, 24, 28, 32, 36, 40, 44, 48, 52, 56, 60, 64, 68, 72,
    76, 80, 84, 88, 92, 96, 100, 104, 108, 112, 116, 120, 124, 128, 132, 136,
    140, 144, 148, 152, 156, 160, 164, 168, 172, 176, 180, 184, 188, 192, 196,
    200, 204, 208, 212, 216, 220, 224, 228, 232, 236, 240, 244, 248, 252, 256,
    260, 264, 268, 272, 276, 280, 284, 288, 292, 296, 300, 304, 308, 312, 316,
    320, 324, 328, 332, 336, 340, 344, 348, 352, 356, 360, 364, 368, 372, 376,
    380, 384, 388, 392, 396, 400, 404, 408, 412, 416, 420, 424, 428, 432, 436,
    440, 444
[2] 1, 5, 9, 13, 17, 21, 25, 29, 33, 37, 41, 45, 49, 53, 57, 61, 65, 69, 73,
    77, 81, 85, 89, 93, 97, 101, 105, 109, 113, 117, 121, 125, 129, 133, 137,
    141, 145, 149, 153, 157, 161, 165, 169, 173, 177, 181, 185, 189, 193, 197,
    201, 205, 209, 213, 217, 221, 225, 229, 233, 237, 241, 245, 249, 253, 257,
    261, 265, 269, 273, 277, 281, 285, 289, 293, 297, 301, 305, 309, 313, 317,
    321, 325, 329, 333, 337, 341, 345, 349, 353, 357, 361, 365, 369, 373, 377,
    381, 385, 389, 393, 397, 401, 405, 409, 413, 417, 421, 425, 429, 433, 437,
    441, 445
[3] 2, 6, 10, 14, 18, 22, 26, 30, 34, 38, 42, 46, 50, 54, 58, 62, 66, 70, 74,
    78, 82, 86, 90, 94, 98, 102, 106, 110, 114, 118, 122, 126, 130, 134, 138,
    142, 146, 150, 154, 158, 162, 166, 170, 174, 178, 182, 186, 190, 194, 198,
    202, 206, 210, 214, 218, 222, 226, 230, 234, 238, 242, 246, 250, 254, 258,
    262, 266, 270, 274, 278, 282, 286, 290, 294, 298, 302, 306, 310, 314, 318,
    322, 326, 330, 334, 338, 342, 346, 350, 354, 358, 362, 366, 370, 374, 378,
    382, 386, 390, 394, 398, 402, 406, 410, 414, 418, 422, 426, 430, 434, 438,
    442, 446

Reassigned labels
Map:
{"D_0": "D", "D_1": "D", "D_2": "D", "D_3": "D"}
token_fitness
{"perc_fit_traces": 0.0, "average_trace_fitness": 0.8768205076929377, "log_fitness": 0.895279191745866, "percentage_of_fitting_traces": 0.0}
precision
0.20010665244634052
0.7627118644067797
generalization
0.8087937948554283


###### Starting pipeline for 0.25, Distance.SET_DISTANCE, 3######
Found communities: 

Clustering with 448 elements and 4 clusters
[0] 3, 7, 11, 15, 19, 23, 27, 31, 35, 39, 43, 47, 51, 55, 59, 63, 67, 71, 75,
    79, 83, 87, 91, 95, 99, 103, 107, 111, 115, 119, 123, 127, 131, 135, 139,
    143, 147, 151, 155, 159, 163, 167, 171, 175, 179, 183, 187, 191, 195, 199,
    203, 207, 211, 215, 219, 223, 227, 231, 235, 239, 243, 247, 251, 255, 259,
    263, 267, 271, 275, 279, 283, 287, 291, 295, 299, 303, 307, 311, 315, 319,
    323, 327, 331, 335, 339, 343, 347, 351, 355, 359, 363, 367, 371, 375, 379,
    383, 387, 391, 395, 399, 403, 407, 411, 415, 419, 423, 427, 431, 435, 439,
    443, 447
[1] 0, 4, 8, 12, 16, 20, 24, 28, 32, 36, 40, 44, 48, 52, 56, 60, 64, 68, 72,
    76, 80, 84, 88, 92, 96, 100, 104, 108, 112, 116, 120, 124, 128, 132, 136,
    140, 144, 148, 152, 156, 160, 164, 168, 172, 176, 180, 184, 188, 192, 196,
    200, 204, 208, 212, 216, 220, 224, 228, 232, 236, 240, 244, 248, 252, 256,
    260, 264, 268, 272, 276, 280, 284, 288, 292, 296, 300, 304, 308, 312, 316,
    320, 324, 328, 332, 336, 340, 344, 348, 352, 356, 360, 364, 368, 372, 376,
    380, 384, 388, 392, 396, 400, 404, 408, 412, 416, 420, 424, 428, 432, 436,
    440, 444
[2] 1, 5, 9, 13, 17, 21, 25, 29, 33, 37, 41, 45, 49, 53, 57, 61, 65, 69, 73,
    77, 81, 85, 89, 93, 97, 101, 105, 109, 113, 117, 121, 125, 129, 133, 137,
    141, 145, 149, 153, 157, 161, 165, 169, 173, 177, 181, 185, 189, 193, 197,
    201, 205, 209, 213, 217, 221, 225, 229, 233, 237, 241, 245, 249, 253, 257,
    261, 265, 269, 273, 277, 281, 285, 289, 293, 297, 301, 305, 309, 313, 317,
    321, 325, 329, 333, 337, 341, 345, 349, 353, 357, 361, 365, 369, 373, 377,
    381, 385, 389, 393, 397, 401, 405, 409, 413, 417, 421, 425, 429, 433, 437,
    441, 445
[3] 2, 6, 10, 14, 18, 22, 26, 30, 34, 38, 42, 46, 50, 54, 58, 62, 66, 70, 74,
    78, 82, 86, 90, 94, 98, 102, 106, 110, 114, 118, 122, 126, 130, 134, 138,
    142, 146, 150, 154, 158, 162, 166, 170, 174, 178, 182, 186, 190, 194, 198,
    202, 206, 210, 214, 218, 222, 226, 230, 234, 238, 242, 246, 250, 254, 258,
    262, 266, 270, 274, 278, 282, 286, 290, 294, 298, 302, 306, 310, 314, 318,
    322, 326, 330, 334, 338, 342, 346, 350, 354, 358, 362, 366, 370, 374, 378,
    382, 386, 390, 394, 398, 402, 406, 410, 414, 418, 422, 426, 430, 434, 438,
    442, 446

Reassigned labels
Map:
{"D_0": "D", "D_1": "D", "D_2": "D", "D_3": "D"}
token_fitness
{"perc_fit_traces": 0.0, "average_trace_fitness": 0.8768205076929377, "log_fitness": 0.895279191745866, "percentage_of_fitting_traces": 0.0}
precision
0.20010665244634052
0.7627118644067797
generalization
0.8087937948554283


###### Starting pipeline for 0.5, Distance.SET_DISTANCE, 3######
Found communities: 

Clustering with 448 elements and 4 clusters
[0] 0, 4, 8, 12, 16, 20, 24, 28, 32, 36, 40, 44, 48, 52, 56, 60, 64, 68, 72,
    76, 80, 84, 88, 92, 96, 100, 104, 108, 112, 116, 120, 124, 128, 132, 136,
    140, 144, 148, 152, 156, 160, 164, 168, 172, 176, 180, 184, 188, 192, 196,
    200, 204, 208, 212, 216, 220, 224, 228, 232, 236, 240, 244, 248, 252, 256,
    260, 264, 268, 272, 276, 280, 284, 288, 292, 296, 300, 304, 308, 312, 316,
    320, 324, 328, 332, 336, 340, 344, 348, 352, 356, 360, 364, 368, 372, 376,
    380, 384, 388, 392, 396, 400, 404, 408, 412, 416, 420, 424, 428, 432, 436,
    440, 444
[1] 3, 7, 11, 15, 19, 23, 27, 31, 35, 39, 43, 47, 51, 55, 59, 63, 67, 71, 75,
    79, 83, 87, 91, 95, 99, 103, 107, 111, 115, 119, 123, 127, 131, 135, 139,
    143, 147, 151, 155, 159, 163, 167, 171, 175, 179, 183, 187, 191, 195, 199,
    203, 207, 211, 215, 219, 223, 227, 231, 235, 239, 243, 247, 251, 255, 259,
    263, 267, 271, 275, 279, 283, 287, 291, 295, 299, 303, 307, 311, 315, 319,
    323, 327, 331, 335, 339, 343, 347, 351, 355, 359, 363, 367, 371, 375, 379,
    383, 387, 391, 395, 399, 403, 407, 411, 415, 419, 423, 427, 431, 435, 439,
    443, 447
[2] 2, 6, 10, 14, 18, 22, 26, 30, 34, 38, 42, 46, 50, 54, 58, 62, 66, 70, 74,
    78, 82, 86, 90, 94, 98, 102, 106, 110, 114, 118, 122, 126, 130, 134, 138,
    142, 146, 150, 154, 158, 162, 166, 170, 174, 178, 182, 186, 190, 194, 198,
    202, 206, 210, 214, 218, 222, 226, 230, 234, 238, 242, 246, 250, 254, 258,
    262, 266, 270, 274, 278, 282, 286, 290, 294, 298, 302, 306, 310, 314, 318,
    322, 326, 330, 334, 338, 342, 346, 350, 354, 358, 362, 366, 370, 374, 378,
    382, 386, 390, 394, 398, 402, 406, 410, 414, 418, 422, 426, 430, 434, 438,
    442, 446
[3] 1, 5, 9, 13, 17, 21, 25, 29, 33, 37, 41, 45, 49, 53, 57, 61, 65, 69, 73,
    77, 81, 85, 89, 93, 97, 101, 105, 109, 113, 117, 121, 125, 129, 133, 137,
    141, 145, 149, 153, 157, 161, 165, 169, 173, 177, 181, 185, 189, 193, 197,
    201, 205, 209, 213, 217, 221, 225, 229, 233, 237, 241, 245, 249, 253, 257,
    261, 265, 269, 273, 277, 281, 285, 289, 293, 297, 301, 305, 309, 313, 317,
    321, 325, 329, 333, 337, 341, 345, 349, 353, 357, 361, 365, 369, 373, 377,
    381, 385, 389, 393, 397, 401, 405, 409, 413, 417, 421, 425, 429, 433, 437,
    441, 445

Reassigned labels
Map:
{"D_0": "D", "D_1": "D", "D_2": "D", "D_3": "D"}
token_fitness
{"perc_fit_traces": 0.0, "average_trace_fitness": 0.8768205076929377, "log_fitness": 0.895279191745866, "percentage_of_fitting_traces": 0.0}
precision
0.20010665244634052
0.7627118644067797
generalization
0.8087937948554283


###### Starting pipeline for 0.75, Distance.SET_DISTANCE, 3######
Found communities: 

Clustering with 448 elements and 4 clusters
[0] 0, 1, 4, 5, 8, 9, 13, 17, 21, 25, 28, 29, 33, 37, 40, 41, 45, 48, 49, 53,
    56, 57, 61, 65, 68, 69, 72, 73, 76, 77, 80, 81, 84, 85, 89, 93, 96, 97,
    101, 105, 108, 109, 112, 113, 117, 121, 125, 128, 129, 132, 133, 136, 137,
    140, 141, 144, 145, 148, 149, 153, 156, 157, 161, 164, 165, 169, 173, 177,
    181, 185, 188, 189, 193, 197, 200, 201, 205, 208, 209, 213, 217, 220, 221,
    224, 225, 229, 232, 233, 237, 240, 241, 245, 249, 253, 256, 257, 261, 265,
    269, 272, 273, 276, 277, 280, 281, 284, 285, 288, 289, 292, 293, 296, 297,
    301, 305, 308, 309, 313, 316, 317, 320, 321, 325, 329, 332, 333, 337, 340,
    341, 344, 345, 349, 352, 353, 357, 361, 364, 365, 369, 372, 373, 377, 380,
    381, 385, 388, 389, 393, 396, 397, 401, 405, 409, 412, 413, 417, 420, 421,
    424, 425, 428, 429, 432, 433, 437, 440, 441, 444, 445
[1] 3, 7, 11, 15, 19, 23, 27, 31, 35, 39, 43, 47, 51, 55, 59, 63, 67, 71, 75,
    79, 83, 87, 91, 95, 99, 103, 107, 111, 115, 119, 123, 127, 131, 135, 139,
    143, 147, 151, 155, 159, 163, 167, 171, 175, 179, 183, 187, 191, 195, 199,
    203, 207, 211, 215, 219, 223, 227, 231, 235, 239, 243, 247, 251, 255, 259,
    263, 267, 271, 275, 279, 283, 287, 291, 295, 299, 303, 307, 311, 315, 319,
    323, 327, 331, 335, 339, 343, 347, 351, 355, 359, 363, 367, 371, 375, 379,
    383, 387, 391, 395, 399, 403, 407, 411, 415, 419, 423, 427, 431, 435, 439,
    443, 447
[2] 2, 6, 10, 14, 18, 22, 26, 30, 34, 38, 42, 46, 50, 54, 58, 62, 66, 70, 74,
    78, 82, 86, 90, 94, 98, 102, 106, 110, 114, 118, 122, 126, 130, 134, 138,
    142, 146, 150, 154, 158, 162, 166, 170, 174, 178, 182, 186, 190, 194, 198,
    202, 206, 210, 214, 218, 222, 226, 230, 234, 238, 242, 246, 250, 254, 258,
    262, 266, 270, 274, 278, 282, 286, 290, 294, 298, 302, 306, 310, 314, 318,
    322, 326, 330, 334, 338, 342, 346, 350, 354, 358, 362, 366, 370, 374, 378,
    382, 386, 390, 394, 398, 402, 406, 410, 414, 418, 422, 426, 430, 434, 438,
    442, 446
[3] 12, 16, 20, 24, 32, 36, 44, 52, 60, 64, 88, 92, 100, 104, 116, 120, 124,
    152, 160, 168, 172, 176, 180, 184, 192, 196, 204, 212, 216, 228, 236, 244,
    248, 252, 260, 264, 268, 300, 304, 312, 324, 328, 336, 348, 356, 360, 368,
    376, 384, 392, 400, 404, 408, 416, 436

Reassigned labels
Map:
{"D_0": "D", "D_1": "D", "D_2": "D", "D_3": "D"}
token_fitness
{"perc_fit_traces": 0.0, "average_trace_fitness": 0.8768205076929377, "log_fitness": 0.895279191745866, "percentage_of_fitting_traces": 0.0}
precision
0.20010665244634052
0.7627118644067797
generalization
0.8087937948554283


###### Starting pipeline for 1, Distance.SET_DISTANCE, 3######
Found communities: 

Clustering with 448 elements and 6 clusters
[0] 1, 5, 9, 13, 17, 21, 25, 29, 33, 37, 41, 45, 49, 53, 57, 61, 65, 69, 73,
    77, 81, 85, 89, 93, 97, 101, 105, 109, 113, 117, 121, 125, 129, 133, 137,
    141, 145, 149, 153, 157, 161, 165, 169, 173, 177, 181, 185, 189, 193, 197,
    201, 205, 209, 213, 217, 221, 225, 229, 233, 237, 241, 245, 249, 253, 257,
    261, 265, 269, 273, 277, 281, 285, 289, 293, 297, 301, 305, 309, 313, 317,
    321, 325, 329, 333, 337, 341, 345, 349, 353, 357, 361, 365, 369, 373, 377,
    381, 385, 389, 393, 397, 401, 405, 409, 413, 417, 421, 425, 429, 433, 437,
    441, 445
[1] 2, 6, 10, 14, 18, 22, 26, 30, 34, 38, 42, 46, 50, 54, 58, 62, 66, 70, 74,
    78, 82, 86, 90, 94, 98, 102, 106, 110, 114, 118, 122, 126, 130, 134, 138,
    142, 146, 150, 154, 158, 162, 166, 170, 174, 178, 182, 186, 190, 194, 198,
    202, 206, 210, 214, 218, 222, 226, 230, 234, 238, 242, 246, 250, 254, 258,
    262, 266, 270, 274, 278, 282, 286, 290, 294, 298, 302, 306, 310, 314, 318,
    322, 326, 330, 334, 338, 342, 346, 350, 354, 358, 362, 366, 370, 374, 378,
    382, 386, 390, 394, 398, 402, 406, 410, 414, 418, 422, 426, 430, 434, 438,
    442, 446
[2] 3, 7, 11, 31, 43, 51, 59, 71, 75, 79, 83, 87, 99, 111, 115, 131, 135, 139,
    143, 147, 151, 159, 167, 191, 203, 211, 223, 227, 235, 243, 259, 275, 279,
    283, 287, 291, 295, 299, 311, 319, 323, 335, 343, 347, 355, 367, 375, 383,
    391, 399, 415, 423, 427, 431, 435, 443, 447
[3] 0, 4, 8, 28, 40, 48, 56, 68, 72, 76, 80, 84, 96, 108, 112, 128, 132, 136,
    140, 144, 148, 156, 164, 188, 200, 208, 220, 224, 232, 240, 256, 272, 276,
    280, 284, 288, 292, 296, 308, 316, 320, 332, 340, 344, 352, 364, 372, 380,
    388, 396, 412, 420, 424, 428, 432, 440, 444
[4] 12, 16, 20, 24, 32, 36, 44, 52, 60, 64, 88, 92, 100, 104, 116, 120, 124,
    152, 160, 168, 172, 176, 180, 184, 192, 196, 204, 212, 216, 228, 236, 244,
    248, 252, 260, 264, 268, 300, 304, 312, 324, 328, 336, 348, 356, 360, 368,
    376, 384, 392, 400, 404, 408, 416, 436
[5] 15, 19, 23, 27, 35, 39, 47, 55, 63, 67, 91, 95, 103, 107, 119, 123, 127,
    155, 163, 171, 175, 179, 183, 187, 195, 199, 207, 215, 219, 231, 239, 247,
    251, 255, 263, 267, 271, 303, 307, 315, 327, 331, 339, 351, 359, 363, 371,
    379, 387, 395, 403, 407, 411, 419, 439

Reassigned labels
Map:
{"D_0": "D", "D_1": "D", "D_2": "D", "D_3": "D", "D_4": "D", "D_5": "D"}
token_fitness
{"perc_fit_traces": 0.0, "average_trace_fitness": 0.8768205076929377, "log_fitness": 0.895279191745866, "percentage_of_fitting_traces": 0.0}
precision
0.20010665244634052
0.7627118644067797
generalization
0.8087937948554283


###### Starting pipeline for 0, Distance.MULTISET_DISTANCE, 3######
Found communities: 

Clustering with 448 elements and 2 clusters
[0] 2, 3, 6, 7, 10, 11, 14, 15, 18, 19, 22, 23, 26, 27, 30, 31, 34, 35, 38,
    39, 42, 43, 46, 47, 50, 51, 54, 55, 58, 59, 62, 63, 66, 67, 70, 71, 74,
    75, 78, 79, 82, 83, 86, 87, 90, 91, 94, 95, 98, 99, 102, 103, 106, 107,
    110, 111, 114, 115, 118, 119, 122, 123, 126, 127, 130, 131, 134, 135, 138,
    139, 142, 143, 146, 147, 150, 151, 154, 155, 158, 159, 162, 163, 166, 167,
    170, 171, 174, 175, 178, 179, 182, 183, 186, 187, 190, 191, 194, 195, 198,
    199, 202, 203, 206, 207, 210, 211, 214, 215, 218, 219, 222, 223, 226, 227,
    230, 231, 234, 235, 238, 239, 242, 243, 246, 247, 250, 251, 254, 255, 258,
    259, 262, 263, 266, 267, 270, 271, 274, 275, 278, 279, 282, 283, 286, 287,
    290, 291, 294, 295, 298, 299, 302, 303, 306, 307, 310, 311, 314, 315, 318,
    319, 322, 323, 326, 327, 330, 331, 334, 335, 338, 339, 342, 343, 346, 347,
    350, 351, 354, 355, 358, 359, 362, 363, 366, 367, 370, 371, 374, 375, 378,
    379, 382, 383, 386, 387, 390, 391, 394, 395, 398, 399, 402, 403, 406, 407,
    410, 411, 414, 415, 418, 419, 422, 423, 426, 427, 430, 431, 434, 435, 438,
    439, 442, 443, 446, 447
[1] 0, 1, 4, 5, 8, 9, 12, 13, 16, 17, 20, 21, 24, 25, 28, 29, 32, 33, 36, 37,
    40, 41, 44, 45, 48, 49, 52, 53, 56, 57, 60, 61, 64, 65, 68, 69, 72, 73,
    76, 77, 80, 81, 84, 85, 88, 89, 92, 93, 96, 97, 100, 101, 104, 105, 108,
    109, 112, 113, 116, 117, 120, 121, 124, 125, 128, 129, 132, 133, 136, 137,
    140, 141, 144, 145, 148, 149, 152, 153, 156, 157, 160, 161, 164, 165, 168,
    169, 172, 173, 176, 177, 180, 181, 184, 185, 188, 189, 192, 193, 196, 197,
    200, 201, 204, 205, 208, 209, 212, 213, 216, 217, 220, 221, 224, 225, 228,
    229, 232, 233, 236, 237, 240, 241, 244, 245, 248, 249, 252, 253, 256, 257,
    260, 261, 264, 265, 268, 269, 272, 273, 276, 277, 280, 281, 284, 285, 288,
    289, 292, 293, 296, 297, 300, 301, 304, 305, 308, 309, 312, 313, 316, 317,
    320, 321, 324, 325, 328, 329, 332, 333, 336, 337, 340, 341, 344, 345, 348,
    349, 352, 353, 356, 357, 360, 361, 364, 365, 368, 369, 372, 373, 376, 377,
    380, 381, 384, 385, 388, 389, 392, 393, 396, 397, 400, 401, 404, 405, 408,
    409, 412, 413, 416, 417, 420, 421, 424, 425, 428, 429, 432, 433, 436, 437,
    440, 441, 444, 445

Reassigned labels
Map:
{"D_0": "D", "D_1": "D"}
token_fitness
{"perc_fit_traces": 0.0, "average_trace_fitness": 0.8768205076929377, "log_fitness": 0.895279191745866, "percentage_of_fitting_traces": 0.0}
precision
0.20010665244634052
0.7627118644067797
generalization
0.8087937948554283


###### Starting pipeline for 0.25, Distance.MULTISET_DISTANCE, 3######
Found communities: 

Clustering with 448 elements and 2 clusters
[0] 2, 3, 6, 7, 10, 11, 14, 15, 18, 19, 22, 23, 26, 27, 30, 31, 34, 35, 38,
    39, 42, 43, 46, 47, 50, 51, 54, 55, 58, 59, 62, 63, 66, 67, 70, 71, 74,
    75, 78, 79, 82, 83, 86, 87, 90, 91, 94, 95, 98, 99, 102, 103, 106, 107,
    110, 111, 114, 115, 118, 119, 122, 123, 126, 127, 130, 131, 134, 135, 138,
    139, 142, 143, 146, 147, 150, 151, 154, 155, 158, 159, 162, 163, 166, 167,
    170, 171, 174, 175, 178, 179, 182, 183, 186, 187, 190, 191, 194, 195, 198,
    199, 202, 203, 206, 207, 210, 211, 214, 215, 218, 219, 222, 223, 226, 227,
    230, 231, 234, 235, 238, 239, 242, 243, 246, 247, 250, 251, 254, 255, 258,
    259, 262, 263, 266, 267, 270, 271, 274, 275, 278, 279, 282, 283, 286, 287,
    290, 291, 294, 295, 298, 299, 302, 303, 306, 307, 310, 311, 314, 315, 318,
    319, 322, 323, 326, 327, 330, 331, 334, 335, 338, 339, 342, 343, 346, 347,
    350, 351, 354, 355, 358, 359, 362, 363, 366, 367, 370, 371, 374, 375, 378,
    379, 382, 383, 386, 387, 390, 391, 394, 395, 398, 399, 402, 403, 406, 407,
    410, 411, 414, 415, 418, 419, 422, 423, 426, 427, 430, 431, 434, 435, 438,
    439, 442, 443, 446, 447
[1] 0, 1, 4, 5, 8, 9, 12, 13, 16, 17, 20, 21, 24, 25, 28, 29, 32, 33, 36, 37,
    40, 41, 44, 45, 48, 49, 52, 53, 56, 57, 60, 61, 64, 65, 68, 69, 72, 73,
    76, 77, 80, 81, 84, 85, 88, 89, 92, 93, 96, 97, 100, 101, 104, 105, 108,
    109, 112, 113, 116, 117, 120, 121, 124, 125, 128, 129, 132, 133, 136, 137,
    140, 141, 144, 145, 148, 149, 152, 153, 156, 157, 160, 161, 164, 165, 168,
    169, 172, 173, 176, 177, 180, 181, 184, 185, 188, 189, 192, 193, 196, 197,
    200, 201, 204, 205, 208, 209, 212, 213, 216, 217, 220, 221, 224, 225, 228,
    229, 232, 233, 236, 237, 240, 241, 244, 245, 248, 249, 252, 253, 256, 257,
    260, 261, 264, 265, 268, 269, 272, 273, 276, 277, 280, 281, 284, 285, 288,
    289, 292, 293, 296, 297, 300, 301, 304, 305, 308, 309, 312, 313, 316, 317,
    320, 321, 324, 325, 328, 329, 332, 333, 336, 337, 340, 341, 344, 345, 348,
    349, 352, 353, 356, 357, 360, 361, 364, 365, 368, 369, 372, 373, 376, 377,
    380, 381, 384, 385, 388, 389, 392, 393, 396, 397, 400, 401, 404, 405, 408,
    409, 412, 413, 416, 417, 420, 421, 424, 425, 428, 429, 432, 433, 436, 437,
    440, 441, 444, 445

Reassigned labels
Map:
{"D_0": "D", "D_1": "D"}
token_fitness
{"perc_fit_traces": 0.0, "average_trace_fitness": 0.8768205076929377, "log_fitness": 0.895279191745866, "percentage_of_fitting_traces": 0.0}
precision
0.20010665244634052
0.7627118644067797
generalization
0.8087937948554283


###### Starting pipeline for 0.5, Distance.MULTISET_DISTANCE, 3######
Found communities: 

Clustering with 448 elements and 2 clusters
[0] 0, 1, 4, 5, 8, 9, 12, 13, 16, 17, 20, 21, 24, 25, 28, 29, 32, 33, 36, 37,
    40, 41, 44, 45, 48, 49, 52, 53, 56, 57, 60, 61, 64, 65, 68, 69, 72, 73,
    76, 77, 80, 81, 84, 85, 88, 89, 92, 93, 96, 97, 100, 101, 104, 105, 108,
    109, 112, 113, 116, 117, 120, 121, 124, 125, 128, 129, 132, 133, 136, 137,
    140, 141, 144, 145, 148, 149, 152, 153, 156, 157, 160, 161, 164, 165, 168,
    169, 172, 173, 176, 177, 180, 181, 184, 185, 188, 189, 192, 193, 196, 197,
    200, 201, 204, 205, 208, 209, 212, 213, 216, 217, 220, 221, 224, 225, 228,
    229, 232, 233, 236, 237, 240, 241, 244, 245, 248, 249, 252, 253, 256, 257,
    260, 261, 264, 265, 268, 269, 272, 273, 276, 277, 280, 281, 284, 285, 288,
    289, 292, 293, 296, 297, 300, 301, 304, 305, 308, 309, 312, 313, 316, 317,
    320, 321, 324, 325, 328, 329, 332, 333, 336, 337, 340, 341, 344, 345, 348,
    349, 352, 353, 356, 357, 360, 361, 364, 365, 368, 369, 372, 373, 376, 377,
    380, 381, 384, 385, 388, 389, 392, 393, 396, 397, 400, 401, 404, 405, 408,
    409, 412, 413, 416, 417, 420, 421, 424, 425, 428, 429, 432, 433, 436, 437,
    440, 441, 444, 445
[1] 2, 3, 6, 7, 10, 11, 14, 15, 18, 19, 22, 23, 26, 27, 30, 31, 34, 35, 38,
    39, 42, 43, 46, 47, 50, 51, 54, 55, 58, 59, 62, 63, 66, 67, 70, 71, 74,
    75, 78, 79, 82, 83, 86, 87, 90, 91, 94, 95, 98, 99, 102, 103, 106, 107,
    110, 111, 114, 115, 118, 119, 122, 123, 126, 127, 130, 131, 134, 135, 138,
    139, 142, 143, 146, 147, 150, 151, 154, 155, 158, 159, 162, 163, 166, 167,
    170, 171, 174, 175, 178, 179, 182, 183, 186, 187, 190, 191, 194, 195, 198,
    199, 202, 203, 206, 207, 210, 211, 214, 215, 218, 219, 222, 223, 226, 227,
    230, 231, 234, 235, 238, 239, 242, 243, 246, 247, 250, 251, 254, 255, 258,
    259, 262, 263, 266, 267, 270, 271, 274, 275, 278, 279, 282, 283, 286, 287,
    290, 291, 294, 295, 298, 299, 302, 303, 306, 307, 310, 311, 314, 315, 318,
    319, 322, 323, 326, 327, 330, 331, 334, 335, 338, 339, 342, 343, 346, 347,
    350, 351, 354, 355, 358, 359, 362, 363, 366, 367, 370, 371, 374, 375, 378,
    379, 382, 383, 386, 387, 390, 391, 394, 395, 398, 399, 402, 403, 406, 407,
    410, 411, 414, 415, 418, 419, 422, 423, 426, 427, 430, 431, 434, 435, 438,
    439, 442, 443, 446, 447

Reassigned labels
Map:
{"D_0": "D", "D_1": "D"}
token_fitness
{"perc_fit_traces": 0.0, "average_trace_fitness": 0.8768205076929377, "log_fitness": 0.895279191745866, "percentage_of_fitting_traces": 0.0}
precision
0.20010665244634052
0.7627118644067797
generalization
0.8087937948554283


###### Starting pipeline for 0.75, Distance.MULTISET_DISTANCE, 3######
Found communities: 

Clustering with 448 elements and 4 clusters
[0] 0, 1, 4, 5, 8, 9, 13, 17, 21, 25, 28, 29, 33, 37, 40, 41, 45, 48, 49, 53,
    56, 57, 61, 65, 68, 69, 72, 73, 76, 77, 80, 81, 84, 85, 89, 93, 96, 97,
    101, 105, 108, 109, 112, 113, 117, 121, 125, 128, 129, 132, 133, 136, 137,
    140, 141, 144, 145, 148, 149, 153, 156, 157, 161, 164, 165, 169, 173, 177,
    181, 185, 188, 189, 193, 197, 200, 201, 205, 208, 209, 213, 217, 220, 221,
    224, 225, 229, 232, 233, 237, 240, 241, 245, 249, 253, 256, 257, 261, 265,
    269, 272, 273, 276, 277, 280, 281, 284, 285, 288, 289, 292, 293, 296, 297,
    301, 305, 308, 309, 313, 316, 317, 320, 321, 325, 329, 332, 333, 337, 340,
    341, 344, 345, 349, 352, 353, 357, 361, 364, 365, 369, 372, 373, 377, 380,
    381, 385, 388, 389, 393, 396, 397, 401, 405, 409, 412, 413, 417, 420, 421,
    424, 425, 428, 429, 432, 433, 437, 440, 441, 444, 445
[1] 2, 6, 10, 14, 15, 18, 19, 22, 23, 26, 27, 30, 34, 35, 38, 39, 42, 46, 47,
    50, 54, 55, 58, 62, 66, 67, 70, 74, 78, 82, 86, 90, 91, 94, 95, 98, 102,
    103, 106, 107, 110, 114, 118, 119, 122, 123, 126, 127, 130, 134, 138, 142,
    146, 150, 154, 155, 158, 162, 163, 166, 170, 171, 174, 175, 178, 179, 182,
    183, 186, 187, 190, 194, 195, 198, 199, 202, 206, 207, 210, 214, 215, 218,
    219, 222, 226, 230, 231, 234, 238, 239, 242, 246, 247, 250, 251, 254, 255,
    258, 262, 263, 266, 267, 270, 271, 274, 278, 282, 286, 290, 294, 298, 302,
    303, 306, 307, 310, 314, 315, 318, 322, 326, 327, 330, 331, 334, 338, 339,
    342, 346, 350, 351, 354, 358, 362, 363, 366, 370, 371, 374, 378, 379, 382,
    386, 387, 390, 394, 395, 398, 402, 403, 406, 407, 410, 411, 414, 418, 419,
    422, 426, 430, 434, 438, 439, 442, 446
[2] 3, 7, 11, 31, 43, 51, 59, 63, 71, 75, 79, 83, 87, 99, 111, 115, 131, 135,
    139, 143, 147, 151, 159, 167, 191, 203, 211, 223, 227, 235, 243, 259, 275,
    279, 283, 287, 291, 295, 299, 311, 319, 323, 335, 343, 347, 355, 359, 367,
    375, 383, 391, 399, 415, 423, 427, 431, 435, 443, 447
[3] 12, 16, 20, 24, 32, 36, 44, 52, 60, 64, 88, 92, 100, 104, 116, 120, 124,
    152, 160, 168, 172, 176, 180, 184, 192, 196, 204, 212, 216, 228, 236, 244,
    248, 252, 260, 264, 268, 300, 304, 312, 324, 328, 336, 348, 356, 360, 368,
    376, 384, 392, 400, 404, 408, 416, 436

Reassigned labels
Map:
{"D_0": "D", "D_1": "D", "D_2": "D", "D_3": "D"}
token_fitness
{"perc_fit_traces": 0.0, "average_trace_fitness": 0.8768205076929377, "log_fitness": 0.895279191745866, "percentage_of_fitting_traces": 0.0}
precision
0.20010665244634052
0.7627118644067797
generalization
0.8087937948554283


###### Starting pipeline for 1, Distance.MULTISET_DISTANCE, 3######
Found communities: 

Clustering with 448 elements and 6 clusters
[0] 1, 5, 9, 13, 17, 21, 25, 29, 33, 37, 41, 45, 49, 53, 57, 61, 65, 69, 73,
    77, 81, 85, 89, 93, 97, 101, 105, 109, 113, 117, 121, 125, 129, 133, 137,
    141, 145, 149, 153, 157, 161, 165, 169, 173, 177, 181, 185, 189, 193, 197,
    201, 205, 209, 213, 217, 221, 225, 229, 233, 237, 241, 245, 249, 253, 257,
    261, 265, 269, 273, 277, 281, 285, 289, 293, 297, 301, 305, 309, 313, 317,
    321, 325, 329, 333, 337, 341, 345, 349, 353, 357, 361, 365, 369, 373, 377,
    381, 385, 389, 393, 397, 401, 405, 409, 413, 417, 421, 425, 429, 433, 437,
    441, 445
[1] 2, 6, 10, 14, 18, 22, 26, 30, 34, 38, 42, 46, 50, 54, 58, 62, 66, 70, 74,
    78, 82, 86, 90, 94, 98, 102, 106, 110, 114, 118, 122, 126, 130, 134, 138,
    142, 146, 150, 154, 158, 162, 166, 170, 174, 178, 182, 186, 190, 194, 198,
    202, 206, 210, 214, 218, 222, 226, 230, 234, 238, 242, 246, 250, 254, 258,
    262, 266, 270, 274, 278, 282, 286, 290, 294, 298, 302, 306, 310, 314, 318,
    322, 326, 330, 334, 338, 342, 346, 350, 354, 358, 362, 366, 370, 374, 378,
    382, 386, 390, 394, 398, 402, 406, 410, 414, 418, 422, 426, 430, 434, 438,
    442, 446
[2] 3, 7, 11, 31, 43, 51, 59, 71, 75, 79, 83, 87, 99, 111, 115, 131, 135, 139,
    143, 147, 151, 159, 167, 191, 203, 211, 223, 227, 235, 243, 259, 275, 279,
    283, 287, 291, 295, 299, 311, 319, 323, 335, 343, 347, 355, 367, 375, 383,
    391, 399, 415, 423, 427, 431, 435, 443, 447
[3] 0, 4, 8, 28, 40, 48, 56, 68, 72, 76, 80, 84, 96, 108, 112, 128, 132, 136,
    140, 144, 148, 156, 164, 188, 200, 208, 220, 224, 232, 240, 256, 272, 276,
    280, 284, 288, 292, 296, 308, 316, 320, 332, 340, 344, 352, 364, 372, 380,
    388, 396, 412, 420, 424, 428, 432, 440, 444
[4] 12, 16, 20, 24, 32, 36, 44, 52, 60, 64, 88, 92, 100, 104, 116, 120, 124,
    152, 160, 168, 172, 176, 180, 184, 192, 196, 204, 212, 216, 228, 236, 244,
    248, 252, 260, 264, 268, 300, 304, 312, 324, 328, 336, 348, 356, 360, 368,
    376, 384, 392, 400, 404, 408, 416, 436
[5] 15, 19, 23, 27, 35, 39, 47, 55, 63, 67, 91, 95, 103, 107, 119, 123, 127,
    155, 163, 171, 175, 179, 183, 187, 195, 199, 207, 215, 219, 231, 239, 247,
    251, 255, 263, 267, 271, 303, 307, 315, 327, 331, 339, 351, 359, 363, 371,
    379, 387, 395, 403, 407, 411, 419, 439

Reassigned labels
Map:
{"D_0": "D", "D_1": "D", "D_2": "D", "D_3": "D", "D_4": "D", "D_5": "D"}
token_fitness
{"perc_fit_traces": 0.0, "average_trace_fitness": 0.8768205076929377, "log_fitness": 0.895279191745866, "percentage_of_fitting_traces": 0.0}
precision
0.20010665244634052
0.7627118644067797
generalization
0.8087937948554283


###### Starting pipeline for 0, Distance.EDIT_DISTANCE, 5######
Found communities: 

Clustering with 448 elements and 3 clusters
[0] 2, 3, 6, 7, 10, 11, 14, 15, 18, 19, 22, 23, 26, 27, 30, 31, 34, 35, 38,
    39, 42, 43, 46, 47, 50, 51, 54, 55, 58, 59, 62, 63, 66, 67, 70, 71, 74,
    75, 78, 79, 82, 83, 86, 87, 90, 91, 94, 95, 98, 99, 102, 103, 106, 107,
    110, 111, 114, 115, 118, 119, 122, 123, 126, 127, 130, 131, 134, 135, 138,
    139, 142, 143, 146, 147, 150, 151, 154, 155, 158, 159, 162, 163, 166, 167,
    170, 171, 174, 175, 178, 179, 182, 183, 186, 187, 190, 191, 194, 195, 198,
    199, 202, 203, 206, 207, 210, 211, 214, 215, 218, 219, 222, 223, 226, 227,
    230, 231, 234, 235, 238, 239, 242, 243, 246, 247, 250, 251, 254, 255, 258,
    259, 262, 263, 266, 267, 270, 271, 274, 275, 278, 279, 282, 283, 286, 287,
    290, 291, 294, 295, 298, 299, 302, 303, 306, 307, 310, 311, 314, 315, 318,
    319, 322, 323, 326, 327, 330, 331, 334, 335, 338, 339, 342, 343, 346, 347,
    350, 351, 354, 355, 358, 359, 362, 363, 366, 367, 370, 371, 374, 375, 378,
    379, 382, 383, 386, 387, 390, 391, 394, 395, 398, 399, 402, 403, 406, 407,
    410, 411, 414, 415, 418, 419, 422, 423, 426, 427, 430, 431, 434, 435, 438,
    439, 442, 443, 446, 447
[1] 0, 4, 8, 12, 16, 20, 24, 28, 32, 36, 40, 44, 48, 52, 56, 60, 64, 68, 72,
    76, 80, 84, 88, 92, 96, 100, 104, 108, 112, 116, 120, 124, 128, 132, 136,
    140, 144, 148, 152, 156, 160, 164, 168, 172, 176, 180, 184, 188, 192, 196,
    200, 204, 208, 212, 216, 220, 224, 228, 232, 236, 240, 244, 248, 252, 256,
    260, 264, 268, 272, 276, 280, 284, 288, 292, 296, 300, 304, 308, 312, 316,
    320, 324, 328, 332, 336, 340, 344, 348, 352, 356, 360, 364, 368, 372, 376,
    380, 384, 388, 392, 396, 400, 404, 408, 412, 416, 420, 424, 428, 432, 436,
    440, 444
[2] 1, 5, 9, 13, 17, 21, 25, 29, 33, 37, 41, 45, 49, 53, 57, 61, 65, 69, 73,
    77, 81, 85, 89, 93, 97, 101, 105, 109, 113, 117, 121, 125, 129, 133, 137,
    141, 145, 149, 153, 157, 161, 165, 169, 173, 177, 181, 185, 189, 193, 197,
    201, 205, 209, 213, 217, 221, 225, 229, 233, 237, 241, 245, 249, 253, 257,
    261, 265, 269, 273, 277, 281, 285, 289, 293, 297, 301, 305, 309, 313, 317,
    321, 325, 329, 333, 337, 341, 345, 349, 353, 357, 361, 365, 369, 373, 377,
    381, 385, 389, 393, 397, 401, 405, 409, 413, 417, 421, 425, 429, 433, 437,
    441, 445

Reassigned labels
Map:
{"D_0": "D", "D_1": "D", "D_2": "D"}
token_fitness
{"perc_fit_traces": 0.0, "average_trace_fitness": 0.8768205076929377, "log_fitness": 0.895279191745866, "percentage_of_fitting_traces": 0.0}
precision
0.20010665244634052
0.7627118644067797
generalization
0.8087937948554283


###### Starting pipeline for 0.25, Distance.EDIT_DISTANCE, 5######
Found communities: 

Clustering with 448 elements and 2 clusters
[0] 2, 3, 6, 7, 10, 11, 14, 15, 18, 19, 22, 23, 26, 27, 30, 31, 34, 35, 38,
    39, 42, 43, 46, 47, 50, 51, 54, 55, 58, 59, 62, 63, 66, 67, 70, 71, 74,
    75, 78, 79, 82, 83, 86, 87, 90, 91, 94, 95, 98, 99, 102, 103, 106, 107,
    110, 111, 114, 115, 118, 119, 122, 123, 126, 127, 130, 131, 134, 135, 138,
    139, 142, 143, 146, 147, 150, 151, 154, 155, 158, 159, 162, 163, 166, 167,
    170, 171, 174, 175, 178, 179, 182, 183, 186, 187, 190, 191, 194, 195, 198,
    199, 202, 203, 206, 207, 210, 211, 214, 215, 218, 219, 222, 223, 226, 227,
    230, 231, 234, 235, 238, 239, 242, 243, 246, 247, 250, 251, 254, 255, 258,
    259, 262, 263, 266, 267, 270, 271, 274, 275, 278, 279, 282, 283, 286, 287,
    290, 291, 294, 295, 298, 299, 302, 303, 306, 307, 310, 311, 314, 315, 318,
    319, 322, 323, 326, 327, 330, 331, 334, 335, 338, 339, 342, 343, 346, 347,
    350, 351, 354, 355, 358, 359, 362, 363, 366, 367, 370, 371, 374, 375, 378,
    379, 382, 383, 386, 387, 390, 391, 394, 395, 398, 399, 402, 403, 406, 407,
    410, 411, 414, 415, 418, 419, 422, 423, 426, 427, 430, 431, 434, 435, 438,
    439, 442, 443, 446, 447
[1] 0, 1, 4, 5, 8, 9, 12, 13, 16, 17, 20, 21, 24, 25, 28, 29, 32, 33, 36, 37,
    40, 41, 44, 45, 48, 49, 52, 53, 56, 57, 60, 61, 64, 65, 68, 69, 72, 73,
    76, 77, 80, 81, 84, 85, 88, 89, 92, 93, 96, 97, 100, 101, 104, 105, 108,
    109, 112, 113, 116, 117, 120, 121, 124, 125, 128, 129, 132, 133, 136, 137,
    140, 141, 144, 145, 148, 149, 152, 153, 156, 157, 160, 161, 164, 165, 168,
    169, 172, 173, 176, 177, 180, 181, 184, 185, 188, 189, 192, 193, 196, 197,
    200, 201, 204, 205, 208, 209, 212, 213, 216, 217, 220, 221, 224, 225, 228,
    229, 232, 233, 236, 237, 240, 241, 244, 245, 248, 249, 252, 253, 256, 257,
    260, 261, 264, 265, 268, 269, 272, 273, 276, 277, 280, 281, 284, 285, 288,
    289, 292, 293, 296, 297, 300, 301, 304, 305, 308, 309, 312, 313, 316, 317,
    320, 321, 324, 325, 328, 329, 332, 333, 336, 337, 340, 341, 344, 345, 348,
    349, 352, 353, 356, 357, 360, 361, 364, 365, 368, 369, 372, 373, 376, 377,
    380, 381, 384, 385, 388, 389, 392, 393, 396, 397, 400, 401, 404, 405, 408,
    409, 412, 413, 416, 417, 420, 421, 424, 425, 428, 429, 432, 433, 436, 437,
    440, 441, 444, 445

Reassigned labels
Map:
{"D_0": "D", "D_1": "D"}
token_fitness
{"perc_fit_traces": 0.0, "average_trace_fitness": 0.8768205076929377, "log_fitness": 0.895279191745866, "percentage_of_fitting_traces": 0.0}
precision
0.20010665244634052
0.7627118644067797
generalization
0.8087937948554283


###### Starting pipeline for 0.5, Distance.EDIT_DISTANCE, 5######
Found communities: 

Clustering with 448 elements and 2 clusters
[0] 2, 3, 6, 7, 10, 11, 14, 15, 18, 19, 22, 23, 26, 27, 30, 31, 34, 35, 38,
    39, 42, 43, 46, 47, 50, 51, 54, 55, 58, 59, 62, 63, 66, 67, 70, 71, 74,
    75, 78, 79, 82, 83, 86, 87, 90, 91, 94, 95, 98, 99, 102, 103, 106, 107,
    110, 111, 114, 115, 118, 119, 122, 123, 126, 127, 130, 131, 134, 135, 138,
    139, 142, 143, 146, 147, 150, 151, 154, 155, 158, 159, 162, 163, 166, 167,
    170, 171, 174, 175, 178, 179, 182, 183, 186, 187, 190, 191, 194, 195, 198,
    199, 202, 203, 206, 207, 210, 211, 214, 215, 218, 219, 222, 223, 226, 227,
    230, 231, 234, 235, 238, 239, 242, 243, 246, 247, 250, 251, 254, 255, 258,
    259, 262, 263, 266, 267, 270, 271, 274, 275, 278, 279, 282, 283, 286, 287,
    290, 291, 294, 295, 298, 299, 302, 303, 306, 307, 310, 311, 314, 315, 318,
    319, 322, 323, 326, 327, 330, 331, 334, 335, 338, 339, 342, 343, 346, 347,
    350, 351, 354, 355, 358, 359, 362, 363, 366, 367, 370, 371, 374, 375, 378,
    379, 382, 383, 386, 387, 390, 391, 394, 395, 398, 399, 402, 403, 406, 407,
    410, 411, 414, 415, 418, 419, 422, 423, 426, 427, 430, 431, 434, 435, 438,
    439, 442, 443, 446, 447
[1] 0, 1, 4, 5, 8, 9, 12, 13, 16, 17, 20, 21, 24, 25, 28, 29, 32, 33, 36, 37,
    40, 41, 44, 45, 48, 49, 52, 53, 56, 57, 60, 61, 64, 65, 68, 69, 72, 73,
    76, 77, 80, 81, 84, 85, 88, 89, 92, 93, 96, 97, 100, 101, 104, 105, 108,
    109, 112, 113, 116, 117, 120, 121, 124, 125, 128, 129, 132, 133, 136, 137,
    140, 141, 144, 145, 148, 149, 152, 153, 156, 157, 160, 161, 164, 165, 168,
    169, 172, 173, 176, 177, 180, 181, 184, 185, 188, 189, 192, 193, 196, 197,
    200, 201, 204, 205, 208, 209, 212, 213, 216, 217, 220, 221, 224, 225, 228,
    229, 232, 233, 236, 237, 240, 241, 244, 245, 248, 249, 252, 253, 256, 257,
    260, 261, 264, 265, 268, 269, 272, 273, 276, 277, 280, 281, 284, 285, 288,
    289, 292, 293, 296, 297, 300, 301, 304, 305, 308, 309, 312, 313, 316, 317,
    320, 321, 324, 325, 328, 329, 332, 333, 336, 337, 340, 341, 344, 345, 348,
    349, 352, 353, 356, 357, 360, 361, 364, 365, 368, 369, 372, 373, 376, 377,
    380, 381, 384, 385, 388, 389, 392, 393, 396, 397, 400, 401, 404, 405, 408,
    409, 412, 413, 416, 417, 420, 421, 424, 425, 428, 429, 432, 433, 436, 437,
    440, 441, 444, 445

Reassigned labels
Map:
{"D_0": "D", "D_1": "D"}
token_fitness
{"perc_fit_traces": 0.0, "average_trace_fitness": 0.8768205076929377, "log_fitness": 0.895279191745866, "percentage_of_fitting_traces": 0.0}
precision
0.20010665244634052
0.7627118644067797
generalization
0.8087937948554283


###### Starting pipeline for 0.75, Distance.EDIT_DISTANCE, 5######
Found communities: 

Clustering with 448 elements and 5 clusters
[0] 2, 3, 6, 7, 10, 11, 30, 31, 42, 43, 50, 51, 58, 59, 70, 71, 74, 75, 78,
    79, 82, 83, 86, 87, 98, 99, 110, 111, 114, 115, 130, 131, 134, 135, 138,
    139, 142, 143, 146, 147, 150, 151, 158, 159, 166, 167, 190, 191, 202, 203,
    210, 211, 222, 223, 226, 227, 234, 235, 242, 243, 258, 259, 274, 275, 278,
    279, 282, 283, 286, 287, 290, 291, 294, 295, 298, 299, 310, 311, 318, 319,
    322, 323, 334, 335, 342, 343, 346, 347, 354, 355, 366, 367, 374, 375, 382,
    383, 390, 391, 398, 399, 414, 415, 422, 423, 426, 427, 430, 431, 434, 435,
    442, 443, 446, 447
[1] 1, 5, 9, 13, 17, 21, 25, 29, 33, 37, 41, 45, 49, 53, 57, 61, 65, 69, 73,
    77, 81, 85, 89, 93, 97, 101, 105, 109, 113, 117, 121, 125, 129, 133, 137,
    141, 145, 149, 153, 157, 161, 165, 169, 173, 177, 181, 185, 189, 193, 197,
    201, 205, 209, 213, 217, 221, 225, 229, 233, 237, 241, 245, 249, 253, 257,
    261, 265, 269, 273, 277, 281, 285, 289, 293, 297, 301, 305, 309, 313, 317,
    321, 325, 329, 333, 337, 341, 345, 349, 353, 357, 361, 365, 369, 373, 377,
    381, 385, 389, 393, 397, 401, 405, 409, 413, 417, 421, 425, 429, 433, 437,
    441, 445
[2] 14, 15, 18, 19, 22, 23, 26, 27, 34, 35, 38, 39, 46, 47, 54, 55, 62, 63,
    66, 67, 90, 91, 94, 95, 102, 103, 106, 107, 118, 119, 122, 123, 126, 127,
    154, 155, 162, 163, 170, 171, 174, 175, 178, 179, 182, 183, 186, 187, 194,
    195, 198, 199, 206, 207, 214, 215, 218, 219, 230, 231, 238, 239, 246, 247,
    250, 251, 254, 255, 262, 263, 266, 267, 270, 271, 302, 303, 306, 307, 314,
    315, 326, 327, 330, 331, 338, 339, 350, 351, 358, 359, 362, 363, 370, 371,
    378, 379, 386, 387, 394, 395, 402, 403, 406, 407, 410, 411, 418, 419, 438,
    439
[3] 0, 4, 8, 28, 40, 48, 56, 68, 72, 76, 80, 84, 96, 108, 112, 128, 132, 136,
    140, 144, 148, 156, 164, 188, 200, 208, 220, 224, 232, 240, 256, 272, 276,
    280, 284, 288, 292, 296, 308, 316, 320, 332, 340, 344, 352, 364, 372, 380,
    388, 396, 412, 420, 424, 428, 432, 440, 444
[4] 12, 16, 20, 24, 32, 36, 44, 52, 60, 64, 88, 92, 100, 104, 116, 120, 124,
    152, 160, 168, 172, 176, 180, 184, 192, 196, 204, 212, 216, 228, 236, 244,
    248, 252, 260, 264, 268, 300, 304, 312, 324, 328, 336, 348, 356, 360, 368,
    376, 384, 392, 400, 404, 408, 416, 436

Reassigned labels
Map:
{"D_0": "D", "D_1": "D", "D_2": "D", "D_3": "D", "D_4": "D"}
token_fitness
{"perc_fit_traces": 0.0, "average_trace_fitness": 0.8768205076929377, "log_fitness": 0.895279191745866, "percentage_of_fitting_traces": 0.0}
precision
0.20010665244634052
0.7627118644067797
generalization
0.8087937948554283


###### Starting pipeline for 1, Distance.EDIT_DISTANCE, 5######
Found communities: 

Clustering with 448 elements and 16 clusters
[ 0] 1, 5, 9, 29, 41, 49, 57, 69, 73, 77, 81, 85, 97, 109, 113, 129, 133, 137,
     141, 145, 149, 157, 165, 189, 201, 209, 221, 225, 233, 241, 257, 273,
     277, 281, 285, 289, 293, 297, 309, 317, 321, 333, 341, 345, 353, 365,
     373, 381, 389, 397, 413, 421, 425, 429, 433, 441, 445
[ 1] 0, 4, 8, 28, 40, 48, 56, 68, 72, 76, 80, 84, 96, 108, 112, 128, 132, 136,
     140, 144, 148, 156, 164, 188, 200, 208, 220, 224, 232, 240, 256, 272,
     276, 280, 284, 288, 292, 296, 308, 316, 320, 332, 340, 344, 352, 364,
     372, 380, 388, 396, 412, 420, 424, 428, 432, 440, 444
[ 2] 12, 16, 20, 24, 32, 36, 44, 52, 60, 64, 88, 92, 100, 104, 116, 120, 124,
     152, 160, 168, 172, 176, 180, 184, 192, 196, 204, 212, 216, 228, 236,
     244, 248, 252, 260, 264, 268, 300, 304, 312, 324, 328, 336, 348, 356,
     360, 368, 376, 384, 392, 400, 404, 408, 416, 436
[ 3] 13, 17, 21, 25, 33, 37, 45, 53, 61, 65, 89, 93, 101, 105, 117, 121, 125,
     153, 161, 169, 173, 177, 181, 185, 193, 197, 205, 213, 217, 229, 237,
     245, 249, 253, 261, 265, 269, 301, 305, 313, 325, 329, 337, 349, 357,
     361, 369, 377, 385, 393, 401, 405, 409, 417, 437
[ 4] 14, 34, 38, 54, 62, 94, 102, 118, 122, 126, 170, 178, 182, 198, 214, 250,
     254, 266, 270, 306, 314, 330, 338, 358, 378, 394, 402, 406, 418, 438
[ 5] 2, 30, 50, 78, 98, 110, 138, 146, 158, 166, 190, 202, 210, 222, 226, 234,
     258, 278, 282, 294, 298, 318, 334, 342, 354, 382, 414, 426, 430
[ 6] 35, 39, 55, 63, 95, 103, 119, 123, 127, 171, 179, 183, 199, 215, 251,
     255, 267, 271, 307, 315, 331, 339, 359, 379, 395, 403, 407, 419, 439
[ 7] 6, 10, 42, 58, 70, 74, 82, 86, 114, 130, 134, 142, 150, 242, 274, 286,
     290, 310, 322, 346, 366, 374, 390, 398, 422, 434, 442, 446
[ 8] 31, 51, 79, 99, 111, 139, 147, 159, 167, 191, 203, 211, 223, 227, 235,
     259, 279, 283, 295, 299, 319, 335, 343, 355, 383, 415, 427, 431
[ 9] 7, 43, 59, 71, 75, 83, 87, 115, 131, 135, 143, 151, 243, 275, 287, 291,
     311, 323, 347, 367, 375, 391, 399, 423, 435, 443, 447
[10] 18, 22, 26, 46, 66, 90, 106, 154, 162, 174, 186, 194, 206, 218, 230, 238,
     246, 262, 302, 326, 350, 362, 370, 386, 410
[11] 23, 27, 47, 67, 91, 107, 155, 163, 175, 187, 195, 207, 219, 231, 239,
     247, 263, 303, 327, 351, 363, 371, 387, 411
[12] 3
[13] 11
[14] 15
[15] 19

Reassigned labels
Map:
{"D_0": "D", "D_1": "D", "D_2": "D", "D_3": "D", "D_4": "D", "D_5": "D", "D_6": "D", "D_7": "D", "D_8": "D", "D_9": "D", "D_10": "D", "D_11": "D", "D_12": "D", "D_13": "D", "D_14": "D", "D_15": "D"}
token_fitness
{"perc_fit_traces": 0.0, "average_trace_fitness": 0.8768205076929377, "log_fitness": 0.895279191745866, "percentage_of_fitting_traces": 0.0}
precision
0.20010665244634052
0.7627118644067797
generalization
0.8087937948554283


###### Starting pipeline for 0, Distance.SET_DISTANCE, 5######
Found communities: 

Clustering with 448 elements and 4 clusters
[0] 0, 4, 8, 12, 16, 20, 24, 28, 32, 36, 40, 44, 48, 52, 56, 60, 64, 68, 72,
    76, 80, 84, 88, 92, 96, 100, 104, 108, 112, 116, 120, 124, 128, 132, 136,
    140, 144, 148, 152, 156, 160, 164, 168, 172, 176, 180, 184, 188, 192, 196,
    200, 204, 208, 212, 216, 220, 224, 228, 232, 236, 240, 244, 248, 252, 256,
    260, 264, 268, 272, 276, 280, 284, 288, 292, 296, 300, 304, 308, 312, 316,
    320, 324, 328, 332, 336, 340, 344, 348, 352, 356, 360, 364, 368, 372, 376,
    380, 384, 388, 392, 396, 400, 404, 408, 412, 416, 420, 424, 428, 432, 436,
    440, 444
[1] 3, 7, 11, 15, 19, 23, 27, 31, 35, 39, 43, 47, 51, 55, 59, 63, 67, 71, 75,
    79, 83, 87, 91, 95, 99, 103, 107, 111, 115, 119, 123, 127, 131, 135, 139,
    143, 147, 151, 155, 159, 163, 167, 171, 175, 179, 183, 187, 191, 195, 199,
    203, 207, 211, 215, 219, 223, 227, 231, 235, 239, 243, 247, 251, 255, 259,
    263, 267, 271, 275, 279, 283, 287, 291, 295, 299, 303, 307, 311, 315, 319,
    323, 327, 331, 335, 339, 343, 347, 351, 355, 359, 363, 367, 371, 375, 379,
    383, 387, 391, 395, 399, 403, 407, 411, 415, 419, 423, 427, 431, 435, 439,
    443, 447
[2] 2, 6, 10, 14, 18, 22, 26, 30, 34, 38, 42, 46, 50, 54, 58, 62, 66, 70, 74,
    78, 82, 86, 90, 94, 98, 102, 106, 110, 114, 118, 122, 126, 130, 134, 138,
    142, 146, 150, 154, 158, 162, 166, 170, 174, 178, 182, 186, 190, 194, 198,
    202, 206, 210, 214, 218, 222, 226, 230, 234, 238, 242, 246, 250, 254, 258,
    262, 266, 270, 274, 278, 282, 286, 290, 294, 298, 302, 306, 310, 314, 318,
    322, 326, 330, 334, 338, 342, 346, 350, 354, 358, 362, 366, 370, 374, 378,
    382, 386, 390, 394, 398, 402, 406, 410, 414, 418, 422, 426, 430, 434, 438,
    442, 446
[3] 1, 5, 9, 13, 17, 21, 25, 29, 33, 37, 41, 45, 49, 53, 57, 61, 65, 69, 73,
    77, 81, 85, 89, 93, 97, 101, 105, 109, 113, 117, 121, 125, 129, 133, 137,
    141, 145, 149, 153, 157, 161, 165, 169, 173, 177, 181, 185, 189, 193, 197,
    201, 205, 209, 213, 217, 221, 225, 229, 233, 237, 241, 245, 249, 253, 257,
    261, 265, 269, 273, 277, 281, 285, 289, 293, 297, 301, 305, 309, 313, 317,
    321, 325, 329, 333, 337, 341, 345, 349, 353, 357, 361, 365, 369, 373, 377,
    381, 385, 389, 393, 397, 401, 405, 409, 413, 417, 421, 425, 429, 433, 437,
    441, 445

Reassigned labels
Map:
{"D_0": "D", "D_1": "D", "D_2": "D", "D_3": "D"}
token_fitness
{"perc_fit_traces": 0.0, "average_trace_fitness": 0.8768205076929377, "log_fitness": 0.895279191745866, "percentage_of_fitting_traces": 0.0}
precision
0.20010665244634052
0.7627118644067797
generalization
0.8087937948554283


###### Starting pipeline for 0.25, Distance.SET_DISTANCE, 5######
Found communities: 

Clustering with 448 elements and 4 clusters
[0] 0, 4, 8, 12, 16, 20, 24, 28, 32, 36, 40, 44, 48, 52, 56, 60, 64, 68, 72,
    76, 80, 84, 88, 92, 96, 100, 104, 108, 112, 116, 120, 124, 128, 132, 136,
    140, 144, 148, 152, 156, 160, 164, 168, 172, 176, 180, 184, 188, 192, 196,
    200, 204, 208, 212, 216, 220, 224, 228, 232, 236, 240, 244, 248, 252, 256,
    260, 264, 268, 272, 276, 280, 284, 288, 292, 296, 300, 304, 308, 312, 316,
    320, 324, 328, 332, 336, 340, 344, 348, 352, 356, 360, 364, 368, 372, 376,
    380, 384, 388, 392, 396, 400, 404, 408, 412, 416, 420, 424, 428, 432, 436,
    440, 444
[1] 3, 7, 11, 15, 19, 23, 27, 31, 35, 39, 43, 47, 51, 55, 59, 63, 67, 71, 75,
    79, 83, 87, 91, 95, 99, 103, 107, 111, 115, 119, 123, 127, 131, 135, 139,
    143, 147, 151, 155, 159, 163, 167, 171, 175, 179, 183, 187, 191, 195, 199,
    203, 207, 211, 215, 219, 223, 227, 231, 235, 239, 243, 247, 251, 255, 259,
    263, 267, 271, 275, 279, 283, 287, 291, 295, 299, 303, 307, 311, 315, 319,
    323, 327, 331, 335, 339, 343, 347, 351, 355, 359, 363, 367, 371, 375, 379,
    383, 387, 391, 395, 399, 403, 407, 411, 415, 419, 423, 427, 431, 435, 439,
    443, 447
[2] 2, 6, 10, 14, 18, 22, 26, 30, 34, 38, 42, 46, 50, 54, 58, 62, 66, 70, 74,
    78, 82, 86, 90, 94, 98, 102, 106, 110, 114, 118, 122, 126, 130, 134, 138,
    142, 146, 150, 154, 158, 162, 166, 170, 174, 178, 182, 186, 190, 194, 198,
    202, 206, 210, 214, 218, 222, 226, 230, 234, 238, 242, 246, 250, 254, 258,
    262, 266, 270, 274, 278, 282, 286, 290, 294, 298, 302, 306, 310, 314, 318,
    322, 326, 330, 334, 338, 342, 346, 350, 354, 358, 362, 366, 370, 374, 378,
    382, 386, 390, 394, 398, 402, 406, 410, 414, 418, 422, 426, 430, 434, 438,
    442, 446
[3] 1, 5, 9, 13, 17, 21, 25, 29, 33, 37, 41, 45, 49, 53, 57, 61, 65, 69, 73,
    77, 81, 85, 89, 93, 97, 101, 105, 109, 113, 117, 121, 125, 129, 133, 137,
    141, 145, 149, 153, 157, 161, 165, 169, 173, 177, 181, 185, 189, 193, 197,
    201, 205, 209, 213, 217, 221, 225, 229, 233, 237, 241, 245, 249, 253, 257,
    261, 265, 269, 273, 277, 281, 285, 289, 293, 297, 301, 305, 309, 313, 317,
    321, 325, 329, 333, 337, 341, 345, 349, 353, 357, 361, 365, 369, 373, 377,
    381, 385, 389, 393, 397, 401, 405, 409, 413, 417, 421, 425, 429, 433, 437,
    441, 445

Reassigned labels
Map:
{"D_0": "D", "D_1": "D", "D_2": "D", "D_3": "D"}
token_fitness
{"perc_fit_traces": 0.0, "average_trace_fitness": 0.8768205076929377, "log_fitness": 0.895279191745866, "percentage_of_fitting_traces": 0.0}
precision
0.20010665244634052
0.7627118644067797
generalization
0.8087937948554283


###### Starting pipeline for 0.5, Distance.SET_DISTANCE, 5######
Found communities: 

Clustering with 448 elements and 4 clusters
[0] 3, 7, 11, 15, 19, 23, 27, 31, 35, 39, 43, 47, 51, 55, 59, 63, 67, 71, 75,
    79, 83, 87, 91, 95, 99, 103, 107, 111, 115, 119, 123, 127, 131, 135, 139,
    143, 147, 151, 155, 159, 163, 167, 171, 175, 179, 183, 187, 191, 195, 199,
    203, 207, 211, 215, 219, 223, 227, 231, 235, 239, 243, 247, 251, 255, 259,
    263, 267, 271, 275, 279, 283, 287, 291, 295, 299, 303, 307, 311, 315, 319,
    323, 327, 331, 335, 339, 343, 347, 351, 355, 359, 363, 367, 371, 375, 379,
    383, 387, 391, 395, 399, 403, 407, 411, 415, 419, 423, 427, 431, 435, 439,
    443, 447
[1] 0, 4, 8, 12, 16, 20, 24, 28, 32, 36, 40, 44, 48, 52, 56, 60, 64, 68, 72,
    76, 80, 84, 88, 92, 96, 100, 104, 108, 112, 116, 120, 124, 128, 132, 136,
    140, 144, 148, 152, 156, 160, 164, 168, 172, 176, 180, 184, 188, 192, 196,
    200, 204, 208, 212, 216, 220, 224, 228, 232, 236, 240, 244, 248, 252, 256,
    260, 264, 268, 272, 276, 280, 284, 288, 292, 296, 300, 304, 308, 312, 316,
    320, 324, 328, 332, 336, 340, 344, 348, 352, 356, 360, 364, 368, 372, 376,
    380, 384, 388, 392, 396, 400, 404, 408, 412, 416, 420, 424, 428, 432, 436,
    440, 444
[2] 2, 6, 10, 14, 18, 22, 26, 30, 34, 38, 42, 46, 50, 54, 58, 62, 66, 70, 74,
    78, 82, 86, 90, 94, 98, 102, 106, 110, 114, 118, 122, 126, 130, 134, 138,
    142, 146, 150, 154, 158, 162, 166, 170, 174, 178, 182, 186, 190, 194, 198,
    202, 206, 210, 214, 218, 222, 226, 230, 234, 238, 242, 246, 250, 254, 258,
    262, 266, 270, 274, 278, 282, 286, 290, 294, 298, 302, 306, 310, 314, 318,
    322, 326, 330, 334, 338, 342, 346, 350, 354, 358, 362, 366, 370, 374, 378,
    382, 386, 390, 394, 398, 402, 406, 410, 414, 418, 422, 426, 430, 434, 438,
    442, 446
[3] 1, 5, 9, 13, 17, 21, 25, 29, 33, 37, 41, 45, 49, 53, 57, 61, 65, 69, 73,
    77, 81, 85, 89, 93, 97, 101, 105, 109, 113, 117, 121, 125, 129, 133, 137,
    141, 145, 149, 153, 157, 161, 165, 169, 173, 177, 181, 185, 189, 193, 197,
    201, 205, 209, 213, 217, 221, 225, 229, 233, 237, 241, 245, 249, 253, 257,
    261, 265, 269, 273, 277, 281, 285, 289, 293, 297, 301, 305, 309, 313, 317,
    321, 325, 329, 333, 337, 341, 345, 349, 353, 357, 361, 365, 369, 373, 377,
    381, 385, 389, 393, 397, 401, 405, 409, 413, 417, 421, 425, 429, 433, 437,
    441, 445

Reassigned labels
Map:
{"D_0": "D", "D_1": "D", "D_2": "D", "D_3": "D"}
token_fitness
{"perc_fit_traces": 0.0, "average_trace_fitness": 0.8768205076929377, "log_fitness": 0.895279191745866, "percentage_of_fitting_traces": 0.0}
precision
0.20010665244634052
0.7627118644067797
generalization
0.8087937948554283


###### Starting pipeline for 0.75, Distance.SET_DISTANCE, 5######
Found communities: 

Clustering with 448 elements and 3 clusters
[0] 2, 3, 6, 7, 10, 11, 14, 15, 18, 19, 22, 23, 26, 27, 30, 31, 34, 35, 38,
    39, 42, 43, 46, 47, 50, 51, 54, 55, 58, 59, 62, 63, 66, 67, 70, 71, 74,
    75, 78, 79, 82, 83, 86, 87, 90, 91, 94, 95, 98, 99, 102, 103, 106, 107,
    110, 111, 114, 115, 118, 119, 122, 123, 126, 127, 130, 131, 134, 135, 138,
    139, 142, 143, 146, 147, 150, 151, 154, 155, 158, 159, 162, 163, 166, 167,
    170, 171, 174, 175, 178, 179, 182, 183, 186, 187, 190, 191, 194, 195, 198,
    199, 202, 203, 206, 207, 210, 211, 214, 215, 218, 219, 222, 223, 226, 227,
    230, 231, 234, 235, 238, 239, 242, 243, 246, 247, 250, 251, 254, 255, 258,
    259, 262, 263, 266, 267, 270, 271, 274, 275, 278, 279, 282, 283, 286, 287,
    290, 291, 294, 295, 298, 299, 302, 303, 306, 307, 310, 311, 314, 315, 318,
    319, 322, 323, 326, 327, 330, 331, 334, 335, 338, 339, 342, 343, 346, 347,
    350, 351, 354, 355, 358, 359, 362, 363, 366, 367, 370, 371, 374, 375, 378,
    379, 382, 383, 386, 387, 390, 391, 394, 395, 398, 399, 402, 403, 406, 407,
    410, 411, 414, 415, 418, 419, 422, 423, 426, 427, 430, 431, 434, 435, 438,
    439, 442, 443, 446, 447
[1] 0, 1, 4, 5, 8, 9, 13, 17, 21, 25, 28, 29, 33, 37, 40, 41, 45, 48, 49, 53,
    56, 57, 61, 65, 68, 69, 72, 73, 76, 77, 80, 81, 84, 85, 89, 93, 96, 97,
    101, 105, 108, 109, 112, 113, 117, 121, 125, 128, 129, 132, 133, 136, 137,
    140, 141, 144, 145, 148, 149, 153, 156, 157, 161, 164, 165, 169, 173, 177,
    181, 185, 188, 189, 193, 197, 200, 201, 205, 208, 209, 213, 217, 220, 221,
    224, 225, 229, 232, 233, 237, 240, 241, 245, 249, 253, 256, 257, 261, 265,
    269, 272, 273, 276, 277, 280, 281, 284, 285, 288, 289, 292, 293, 296, 297,
    301, 305, 308, 309, 313, 316, 317, 320, 321, 325, 329, 332, 333, 337, 340,
    341, 344, 345, 349, 352, 353, 357, 361, 364, 365, 369, 372, 373, 377, 380,
    381, 385, 388, 389, 393, 396, 397, 401, 405, 409, 412, 413, 417, 420, 421,
    424, 425, 428, 429, 432, 433, 437, 440, 441, 444, 445
[2] 12, 16, 20, 24, 32, 36, 44, 52, 60, 64, 88, 92, 100, 104, 116, 120, 124,
    152, 160, 168, 172, 176, 180, 184, 192, 196, 204, 212, 216, 228, 236, 244,
    248, 252, 260, 264, 268, 300, 304, 312, 324, 328, 336, 348, 356, 360, 368,
    376, 384, 392, 400, 404, 408, 416, 436

Reassigned labels
Map:
{"D_0": "D", "D_1": "D", "D_2": "D"}
token_fitness
{"perc_fit_traces": 0.0, "average_trace_fitness": 0.8768205076929377, "log_fitness": 0.895279191745866, "percentage_of_fitting_traces": 0.0}
precision
0.20010665244634052
0.7627118644067797
generalization
0.8087937948554283


###### Starting pipeline for 1, Distance.SET_DISTANCE, 5######
Found communities: 

Clustering with 448 elements and 8 clusters
[0] 1, 5, 9, 13, 17, 21, 25, 29, 33, 37, 41, 45, 49, 53, 57, 61, 65, 69, 73,
    77, 81, 85, 89, 93, 97, 101, 105, 109, 113, 117, 121, 125, 129, 133, 137,
    141, 145, 149, 153, 157, 161, 165, 169, 173, 177, 181, 185, 189, 193, 197,
    201, 205, 209, 213, 217, 221, 225, 229, 233, 237, 241, 245, 249, 253, 257,
    261, 265, 269, 273, 277, 281, 285, 289, 293, 297, 301, 305, 309, 313, 317,
    321, 325, 329, 333, 337, 341, 345, 349, 353, 357, 361, 365, 369, 373, 377,
    381, 385, 389, 393, 397, 401, 405, 409, 413, 417, 421, 425, 429, 433, 437,
    441, 445
[1] 7, 23, 27, 31, 35, 39, 43, 47, 51, 55, 59, 63, 67, 71, 75, 79, 83, 87, 91,
    95, 99, 103, 107, 111, 115, 119, 123, 127, 131, 135, 139, 143, 147, 151,
    155, 159, 163, 167, 171, 175, 179, 183, 187, 191, 195, 199, 203, 207, 211,
    215, 219, 223, 227, 231, 235, 239, 243, 247, 251, 255, 259, 263, 267, 271,
    275, 279, 283, 287, 291, 295, 299, 303, 307, 311, 315, 319, 323, 327, 331,
    335, 339, 343, 347, 351, 355, 359, 363, 367, 371, 375, 379, 383, 387, 391,
    395, 399, 403, 407, 411, 415, 419, 423, 427, 431, 435, 439, 443, 447
[2] 6, 10, 14, 34, 38, 42, 54, 58, 62, 70, 74, 82, 86, 94, 102, 114, 118, 122,
    126, 130, 134, 142, 150, 170, 178, 182, 198, 214, 242, 250, 254, 266, 270,
    274, 286, 290, 306, 310, 314, 322, 330, 338, 346, 358, 366, 374, 378, 390,
    394, 398, 402, 406, 418, 422, 434, 438, 442, 446
[3] 0, 4, 8, 28, 40, 48, 56, 68, 72, 76, 80, 84, 96, 108, 112, 128, 132, 136,
    140, 144, 148, 156, 164, 188, 200, 208, 220, 224, 232, 240, 256, 272, 276,
    280, 284, 288, 292, 296, 308, 316, 320, 332, 340, 344, 352, 364, 372, 380,
    388, 396, 412, 420, 424, 428, 432, 440, 444
[4] 12, 16, 20, 24, 32, 36, 44, 52, 60, 64, 88, 92, 100, 104, 116, 120, 124,
    152, 160, 168, 172, 176, 180, 184, 192, 196, 204, 212, 216, 228, 236, 244,
    248, 252, 260, 264, 268, 300, 304, 312, 324, 328, 336, 348, 356, 360, 368,
    376, 384, 392, 400, 404, 408, 416, 436
[5] 2, 18, 22, 26, 30, 46, 50, 66, 78, 90, 98, 106, 110, 138, 146, 154, 158,
    162, 166, 174, 186, 190, 194, 202, 206, 210, 218, 222, 226, 230, 234, 238,
    246, 258, 262, 278, 282, 294, 298, 302, 318, 326, 334, 342, 350, 354, 362,
    370, 382, 386, 410, 414, 426, 430
[6] 3, 19
[7] 11, 15

Reassigned labels
Map:
{"D_0": "D", "D_1": "D", "D_2": "D", "D_3": "D", "D_4": "D", "D_5": "D", "D_6": "D", "D_7": "D"}
token_fitness
{"perc_fit_traces": 0.0, "average_trace_fitness": 0.8768205076929377, "log_fitness": 0.895279191745866, "percentage_of_fitting_traces": 0.0}
precision
0.20010665244634052
0.7627118644067797
generalization
0.8087937948554283


###### Starting pipeline for 0, Distance.MULTISET_DISTANCE, 5######
Found communities: 

Clustering with 448 elements and 3 clusters
[0] 2, 3, 6, 7, 10, 11, 14, 15, 18, 19, 22, 23, 26, 27, 30, 31, 34, 35, 38,
    39, 42, 43, 46, 47, 50, 51, 54, 55, 58, 59, 62, 63, 66, 67, 70, 71, 74,
    75, 78, 79, 82, 83, 86, 87, 90, 91, 94, 95, 98, 99, 102, 103, 106, 107,
    110, 111, 114, 115, 118, 119, 122, 123, 126, 127, 130, 131, 134, 135, 138,
    139, 142, 143, 146, 147, 150, 151, 154, 155, 158, 159, 162, 163, 166, 167,
    170, 171, 174, 175, 178, 179, 182, 183, 186, 187, 190, 191, 194, 195, 198,
    199, 202, 203, 206, 207, 210, 211, 214, 215, 218, 219, 222, 223, 226, 227,
    230, 231, 234, 235, 238, 239, 242, 243, 246, 247, 250, 251, 254, 255, 258,
    259, 262, 263, 266, 267, 270, 271, 274, 275, 278, 279, 282, 283, 286, 287,
    290, 291, 294, 295, 298, 299, 302, 303, 306, 307, 310, 311, 314, 315, 318,
    319, 322, 323, 326, 327, 330, 331, 334, 335, 338, 339, 342, 343, 346, 347,
    350, 351, 354, 355, 358, 359, 362, 363, 366, 367, 370, 371, 374, 375, 378,
    379, 382, 383, 386, 387, 390, 391, 394, 395, 398, 399, 402, 403, 406, 407,
    410, 411, 414, 415, 418, 419, 422, 423, 426, 427, 430, 431, 434, 435, 438,
    439, 442, 443, 446, 447
[1] 0, 4, 8, 12, 16, 20, 24, 28, 32, 36, 40, 44, 48, 52, 56, 60, 64, 68, 72,
    76, 80, 84, 88, 92, 96, 100, 104, 108, 112, 116, 120, 124, 128, 132, 136,
    140, 144, 148, 152, 156, 160, 164, 168, 172, 176, 180, 184, 188, 192, 196,
    200, 204, 208, 212, 216, 220, 224, 228, 232, 236, 240, 244, 248, 252, 256,
    260, 264, 268, 272, 276, 280, 284, 288, 292, 296, 300, 304, 308, 312, 316,
    320, 324, 328, 332, 336, 340, 344, 348, 352, 356, 360, 364, 368, 372, 376,
    380, 384, 388, 392, 396, 400, 404, 408, 412, 416, 420, 424, 428, 432, 436,
    440, 444
[2] 1, 5, 9, 13, 17, 21, 25, 29, 33, 37, 41, 45, 49, 53, 57, 61, 65, 69, 73,
    77, 81, 85, 89, 93, 97, 101, 105, 109, 113, 117, 121, 125, 129, 133, 137,
    141, 145, 149, 153, 157, 161, 165, 169, 173, 177, 181, 185, 189, 193, 197,
    201, 205, 209, 213, 217, 221, 225, 229, 233, 237, 241, 245, 249, 253, 257,
    261, 265, 269, 273, 277, 281, 285, 289, 293, 297, 301, 305, 309, 313, 317,
    321, 325, 329, 333, 337, 341, 345, 349, 353, 357, 361, 365, 369, 373, 377,
    381, 385, 389, 393, 397, 401, 405, 409, 413, 417, 421, 425, 429, 433, 437,
    441, 445

Reassigned labels
Map:
{"D_0": "D", "D_1": "D", "D_2": "D"}
token_fitness
{"perc_fit_traces": 0.0, "average_trace_fitness": 0.8768205076929377, "log_fitness": 0.895279191745866, "percentage_of_fitting_traces": 0.0}
precision
0.20010665244634052
0.7627118644067797
generalization
0.8087937948554283


###### Starting pipeline for 0.25, Distance.MULTISET_DISTANCE, 5######
Found communities: 

Clustering with 448 elements and 2 clusters
[0] 2, 3, 6, 7, 10, 11, 14, 15, 18, 19, 22, 23, 26, 27, 30, 31, 34, 35, 38,
    39, 42, 43, 46, 47, 50, 51, 54, 55, 58, 59, 62, 63, 66, 67, 70, 71, 74,
    75, 78, 79, 82, 83, 86, 87, 90, 91, 94, 95, 98, 99, 102, 103, 106, 107,
    110, 111, 114, 115, 118, 119, 122, 123, 126, 127, 130, 131, 134, 135, 138,
    139, 142, 143, 146, 147, 150, 151, 154, 155, 158, 159, 162, 163, 166, 167,
    170, 171, 174, 175, 178, 179, 182, 183, 186, 187, 190, 191, 194, 195, 198,
    199, 202, 203, 206, 207, 210, 211, 214, 215, 218, 219, 222, 223, 226, 227,
    230, 231, 234, 235, 238, 239, 242, 243, 246, 247, 250, 251, 254, 255, 258,
    259, 262, 263, 266, 267, 270, 271, 274, 275, 278, 279, 282, 283, 286, 287,
    290, 291, 294, 295, 298, 299, 302, 303, 306, 307, 310, 311, 314, 315, 318,
    319, 322, 323, 326, 327, 330, 331, 334, 335, 338, 339, 342, 343, 346, 347,
    350, 351, 354, 355, 358, 359, 362, 363, 366, 367, 370, 371, 374, 375, 378,
    379, 382, 383, 386, 387, 390, 391, 394, 395, 398, 399, 402, 403, 406, 407,
    410, 411, 414, 415, 418, 419, 422, 423, 426, 427, 430, 431, 434, 435, 438,
    439, 442, 443, 446, 447
[1] 0, 1, 4, 5, 8, 9, 12, 13, 16, 17, 20, 21, 24, 25, 28, 29, 32, 33, 36, 37,
    40, 41, 44, 45, 48, 49, 52, 53, 56, 57, 60, 61, 64, 65, 68, 69, 72, 73,
    76, 77, 80, 81, 84, 85, 88, 89, 92, 93, 96, 97, 100, 101, 104, 105, 108,
    109, 112, 113, 116, 117, 120, 121, 124, 125, 128, 129, 132, 133, 136, 137,
    140, 141, 144, 145, 148, 149, 152, 153, 156, 157, 160, 161, 164, 165, 168,
    169, 172, 173, 176, 177, 180, 181, 184, 185, 188, 189, 192, 193, 196, 197,
    200, 201, 204, 205, 208, 209, 212, 213, 216, 217, 220, 221, 224, 225, 228,
    229, 232, 233, 236, 237, 240, 241, 244, 245, 248, 249, 252, 253, 256, 257,
    260, 261, 264, 265, 268, 269, 272, 273, 276, 277, 280, 281, 284, 285, 288,
    289, 292, 293, 296, 297, 300, 301, 304, 305, 308, 309, 312, 313, 316, 317,
    320, 321, 324, 325, 328, 329, 332, 333, 336, 337, 340, 341, 344, 345, 348,
    349, 352, 353, 356, 357, 360, 361, 364, 365, 368, 369, 372, 373, 376, 377,
    380, 381, 384, 385, 388, 389, 392, 393, 396, 397, 400, 401, 404, 405, 408,
    409, 412, 413, 416, 417, 420, 421, 424, 425, 428, 429, 432, 433, 436, 437,
    440, 441, 444, 445

Reassigned labels
Map:
{"D_0": "D", "D_1": "D"}
token_fitness
{"perc_fit_traces": 0.0, "average_trace_fitness": 0.8768205076929377, "log_fitness": 0.895279191745866, "percentage_of_fitting_traces": 0.0}
precision
0.20010665244634052
0.7627118644067797
generalization
0.8087937948554283


###### Starting pipeline for 0.5, Distance.MULTISET_DISTANCE, 5######
Found communities: 

Clustering with 448 elements and 2 clusters
[0] 2, 3, 6, 7, 10, 11, 14, 15, 18, 19, 22, 23, 26, 27, 30, 31, 34, 35, 38,
    39, 42, 43, 46, 47, 50, 51, 54, 55, 58, 59, 62, 63, 66, 67, 70, 71, 74,
    75, 78, 79, 82, 83, 86, 87, 90, 91, 94, 95, 98, 99, 102, 103, 106, 107,
    110, 111, 114, 115, 118, 119, 122, 123, 126, 127, 130, 131, 134, 135, 138,
    139, 142, 143, 146, 147, 150, 151, 154, 155, 158, 159, 162, 163, 166, 167,
    170, 171, 174, 175, 178, 179, 182, 183, 186, 187, 190, 191, 194, 195, 198,
    199, 202, 203, 206, 207, 210, 211, 214, 215, 218, 219, 222, 223, 226, 227,
    230, 231, 234, 235, 238, 239, 242, 243, 246, 247, 250, 251, 254, 255, 258,
    259, 262, 263, 266, 267, 270, 271, 274, 275, 278, 279, 282, 283, 286, 287,
    290, 291, 294, 295, 298, 299, 302, 303, 306, 307, 310, 311, 314, 315, 318,
    319, 322, 323, 326, 327, 330, 331, 334, 335, 338, 339, 342, 343, 346, 347,
    350, 351, 354, 355, 358, 359, 362, 363, 366, 367, 370, 371, 374, 375, 378,
    379, 382, 383, 386, 387, 390, 391, 394, 395, 398, 399, 402, 403, 406, 407,
    410, 411, 414, 415, 418, 419, 422, 423, 426, 427, 430, 431, 434, 435, 438,
    439, 442, 443, 446, 447
[1] 0, 1, 4, 5, 8, 9, 12, 13, 16, 17, 20, 21, 24, 25, 28, 29, 32, 33, 36, 37,
    40, 41, 44, 45, 48, 49, 52, 53, 56, 57, 60, 61, 64, 65, 68, 69, 72, 73,
    76, 77, 80, 81, 84, 85, 88, 89, 92, 93, 96, 97, 100, 101, 104, 105, 108,
    109, 112, 113, 116, 117, 120, 121, 124, 125, 128, 129, 132, 133, 136, 137,
    140, 141, 144, 145, 148, 149, 152, 153, 156, 157, 160, 161, 164, 165, 168,
    169, 172, 173, 176, 177, 180, 181, 184, 185, 188, 189, 192, 193, 196, 197,
    200, 201, 204, 205, 208, 209, 212, 213, 216, 217, 220, 221, 224, 225, 228,
    229, 232, 233, 236, 237, 240, 241, 244, 245, 248, 249, 252, 253, 256, 257,
    260, 261, 264, 265, 268, 269, 272, 273, 276, 277, 280, 281, 284, 285, 288,
    289, 292, 293, 296, 297, 300, 301, 304, 305, 308, 309, 312, 313, 316, 317,
    320, 321, 324, 325, 328, 329, 332, 333, 336, 337, 340, 341, 344, 345, 348,
    349, 352, 353, 356, 357, 360, 361, 364, 365, 368, 369, 372, 373, 376, 377,
    380, 381, 384, 385, 388, 389, 392, 393, 396, 397, 400, 401, 404, 405, 408,
    409, 412, 413, 416, 417, 420, 421, 424, 425, 428, 429, 432, 433, 436, 437,
    440, 441, 444, 445

Reassigned labels
Map:
{"D_0": "D", "D_1": "D"}
token_fitness
{"perc_fit_traces": 0.0, "average_trace_fitness": 0.8768205076929377, "log_fitness": 0.895279191745866, "percentage_of_fitting_traces": 0.0}
precision
0.20010665244634052
0.7627118644067797
generalization
0.8087937948554283


###### Starting pipeline for 0.75, Distance.MULTISET_DISTANCE, 5######
Found communities: 

Clustering with 448 elements and 3 clusters
[0] 2, 3, 6, 7, 10, 11, 14, 15, 18, 19, 22, 23, 26, 27, 30, 31, 34, 35, 38,
    39, 42, 43, 46, 47, 50, 51, 54, 55, 58, 59, 62, 63, 66, 67, 70, 71, 74,
    75, 78, 79, 82, 83, 86, 87, 90, 91, 94, 95, 98, 99, 102, 103, 106, 107,
    110, 111, 114, 115, 118, 119, 122, 123, 126, 127, 130, 131, 134, 135, 138,
    139, 142, 143, 146, 147, 150, 151, 154, 155, 158, 159, 162, 163, 166, 167,
    170, 171, 174, 175, 178, 179, 182, 183, 186, 187, 190, 191, 194, 195, 198,
    199, 202, 203, 206, 207, 210, 211, 214, 215, 218, 219, 222, 223, 226, 227,
    230, 231, 234, 235, 238, 239, 242, 243, 246, 247, 250, 251, 254, 255, 258,
    259, 262, 263, 266, 267, 270, 271, 274, 275, 278, 279, 282, 283, 286, 287,
    290, 291, 294, 295, 298, 299, 302, 303, 306, 307, 310, 311, 314, 315, 318,
    319, 322, 323, 326, 327, 330, 331, 334, 335, 338, 339, 342, 343, 346, 347,
    350, 351, 354, 355, 358, 359, 362, 363, 366, 367, 370, 371, 374, 375, 378,
    379, 382, 383, 386, 387, 390, 391, 394, 395, 398, 399, 402, 403, 406, 407,
    410, 411, 414, 415, 418, 419, 422, 423, 426, 427, 430, 431, 434, 435, 438,
    439, 442, 443, 446, 447
[1] 0, 4, 8, 12, 16, 20, 24, 28, 32, 36, 40, 44, 48, 52, 56, 60, 64, 68, 72,
    76, 80, 84, 88, 92, 96, 100, 104, 108, 112, 116, 120, 124, 128, 132, 136,
    140, 144, 148, 152, 156, 160, 164, 168, 172, 176, 180, 184, 188, 192, 196,
    200, 204, 208, 212, 216, 220, 224, 228, 232, 236, 240, 244, 248, 252, 256,
    260, 264, 268, 272, 276, 280, 284, 288, 292, 296, 300, 304, 308, 312, 316,
    320, 324, 328, 332, 336, 340, 344, 348, 352, 356, 360, 364, 368, 372, 376,
    380, 384, 388, 392, 396, 400, 404, 408, 412, 416, 420, 424, 428, 432, 436,
    440, 444
[2] 1, 5, 9, 13, 17, 21, 25, 29, 33, 37, 41, 45, 49, 53, 57, 61, 65, 69, 73,
    77, 81, 85, 89, 93, 97, 101, 105, 109, 113, 117, 121, 125, 129, 133, 137,
    141, 145, 149, 153, 157, 161, 165, 169, 173, 177, 181, 185, 189, 193, 197,
    201, 205, 209, 213, 217, 221, 225, 229, 233, 237, 241, 245, 249, 253, 257,
    261, 265, 269, 273, 277, 281, 285, 289, 293, 297, 301, 305, 309, 313, 317,
    321, 325, 329, 333, 337, 341, 345, 349, 353, 357, 361, 365, 369, 373, 377,
    381, 385, 389, 393, 397, 401, 405, 409, 413, 417, 421, 425, 429, 433, 437,
    441, 445

Reassigned labels
Map:
{"D_0": "D", "D_1": "D", "D_2": "D"}
token_fitness
{"perc_fit_traces": 0.0, "average_trace_fitness": 0.8768205076929377, "log_fitness": 0.895279191745866, "percentage_of_fitting_traces": 0.0}
precision
0.20010665244634052
0.7627118644067797
generalization
0.8087937948554283


###### Starting pipeline for 1, Distance.MULTISET_DISTANCE, 5######
Found communities: 

Clustering with 448 elements and 8 clusters
[0] 1, 5, 9, 13, 17, 21, 25, 29, 33, 37, 41, 45, 49, 53, 57, 61, 65, 69, 73,
    77, 81, 85, 89, 93, 97, 101, 105, 109, 113, 117, 121, 125, 129, 133, 137,
    141, 145, 149, 153, 157, 161, 165, 169, 173, 177, 181, 185, 189, 193, 197,
    201, 205, 209, 213, 217, 221, 225, 229, 233, 237, 241, 245, 249, 253, 257,
    261, 265, 269, 273, 277, 281, 285, 289, 293, 297, 301, 305, 309, 313, 317,
    321, 325, 329, 333, 337, 341, 345, 349, 353, 357, 361, 365, 369, 373, 377,
    381, 385, 389, 393, 397, 401, 405, 409, 413, 417, 421, 425, 429, 433, 437,
    441, 445
[1] 7, 23, 27, 31, 35, 39, 43, 47, 51, 55, 59, 63, 67, 71, 75, 79, 83, 87, 91,
    95, 99, 103, 107, 111, 115, 119, 123, 127, 131, 135, 139, 143, 147, 151,
    155, 159, 163, 167, 171, 175, 179, 183, 187, 191, 195, 199, 203, 207, 211,
    215, 219, 223, 227, 231, 235, 239, 243, 247, 251, 255, 259, 263, 267, 271,
    275, 279, 283, 287, 291, 295, 299, 303, 307, 311, 315, 319, 323, 327, 331,
    335, 339, 343, 347, 351, 355, 359, 363, 367, 371, 375, 379, 383, 387, 391,
    395, 399, 403, 407, 411, 415, 419, 423, 427, 431, 435, 439, 443, 447
[2] 6, 10, 14, 34, 38, 42, 54, 58, 62, 70, 74, 82, 86, 94, 102, 114, 118, 122,
    126, 130, 134, 142, 150, 170, 178, 182, 198, 214, 242, 250, 254, 266, 270,
    274, 286, 290, 306, 310, 314, 322, 330, 338, 346, 358, 366, 374, 378, 390,
    394, 398, 402, 406, 418, 422, 434, 438, 442, 446
[3] 0, 4, 8, 28, 40, 48, 56, 68, 72, 76, 80, 84, 96, 108, 112, 128, 132, 136,
    140, 144, 148, 156, 164, 188, 200, 208, 220, 224, 232, 240, 256, 272, 276,
    280, 284, 288, 292, 296, 308, 316, 320, 332, 340, 344, 352, 364, 372, 380,
    388, 396, 412, 420, 424, 428, 432, 440, 444
[4] 12, 16, 20, 24, 32, 36, 44, 52, 60, 64, 88, 92, 100, 104, 116, 120, 124,
    152, 160, 168, 172, 176, 180, 184, 192, 196, 204, 212, 216, 228, 236, 244,
    248, 252, 260, 264, 268, 300, 304, 312, 324, 328, 336, 348, 356, 360, 368,
    376, 384, 392, 400, 404, 408, 416, 436
[5] 2, 18, 22, 26, 30, 46, 50, 66, 78, 90, 98, 106, 110, 138, 146, 154, 158,
    162, 166, 174, 186, 190, 194, 202, 206, 210, 218, 222, 226, 230, 234, 238,
    246, 258, 262, 278, 282, 294, 298, 302, 318, 326, 334, 342, 350, 354, 362,
    370, 382, 386, 410, 414, 426, 430
[6] 3, 19
[7] 11, 15

Reassigned labels
Map:
{"D_0": "D", "D_1": "D", "D_2": "D", "D_3": "D", "D_4": "D", "D_5": "D", "D_6": "D", "D_7": "D"}
token_fitness
{"perc_fit_traces": 0.0, "average_trace_fitness": 0.8768205076929377, "log_fitness": 0.895279191745866, "percentage_of_fitting_traces": 0.0}
precision
0.20010665244634052
0.7627118644067797
generalization
0.8087937948554283

 Performance of golden standard model:
token_fitness
{"perc_fit_traces": 49.9, "average_trace_fitness": 0.9225879199813868, "log_fitness": 0.9311423012986202, "percentage_of_fitting_traces": 49.9}
precision
0.9796045268001492
0.7714285714285715
generalization
0.9433300629664488

 Xixi split labels:
['D_X_1', 'D_X_0']

 Xixi refined log results:

 IM without noise threshold:
token_fitness
{"perc_fit_traces": 0.0, "average_trace_fitness": 0.8646579015642564, "log_fitness": 0.8761154074955384, "percentage_of_fitting_traces": 0.0}
precision
0.7499166944351883
0.7499999999999999
generalization
0.902799765288707

 Xixi clustering:
Clustering with 448 elements and 2 clusters
[0] 252
[1] 0, 1, 2, 3, 4, 5, 6, 7, 8, 9, 10, 11, 12, 13, 14, 15, 16, 17, 18, 19, 20,
    21, 22, 23, 24, 25, 26, 27, 28, 29, 30, 31, 32, 33, 34, 35, 36, 37, 38,
    39, 40, 41, 42, 43, 44, 45, 46, 47, 48, 49, 50, 51, 52, 53, 54, 55, 56,
    57, 58, 59, 60, 61, 62, 63, 64, 65, 66, 67, 68, 69, 70, 71, 72, 73, 74,
    75, 76, 77, 78, 79, 80, 81, 82, 83, 84, 85, 86, 87, 88, 89, 90, 91, 92,
    93, 94, 95, 96, 97, 98, 99, 100, 101, 102, 103, 104, 105, 106, 107, 108,
    109, 110, 111, 112, 113, 114, 115, 116, 117, 118, 119, 120, 121, 122, 123,
    124, 125, 126, 127, 128, 129, 130, 131, 132, 133, 134, 135, 136, 137, 138,
    139, 140, 141, 142, 143, 144, 145, 146, 147, 148, 149, 150, 151, 152, 153,
    154, 155, 156, 157, 158, 159, 160, 161, 162, 163, 164, 165, 166, 167, 168,
    169, 170, 171, 172, 173, 174, 175, 176, 177, 178, 179, 180, 181, 182, 183,
    184, 185, 186, 187, 188, 189, 190, 191, 192, 193, 194, 195, 196, 197, 198,
    199, 200, 201, 202, 203, 204, 205, 206, 207, 208, 209, 210, 211, 212, 213,
    214, 215, 216, 217, 218, 219, 220, 221, 222, 223, 224, 225, 226, 227, 228,
    229, 230, 231, 232, 233, 234, 235, 236, 237, 238, 239, 240, 241, 242, 243,
    244, 245, 246, 247, 248, 249, 250, 251, 253, 254, 255, 256, 257, 258, 259,
    260, 261, 262, 263, 264, 265, 266, 267, 268, 269, 270, 271, 272, 273, 274,
    275, 276, 277, 278, 279, 280, 281, 282, 283, 284, 285, 286, 287, 288, 289,
    290, 291, 292, 293, 294, 295, 296, 297, 298, 299, 300, 301, 302, 303, 304,
    305, 306, 307, 308, 309, 310, 311, 312, 313, 314, 315, 316, 317, 318, 319,
    320, 321, 322, 323, 324, 325, 326, 327, 328, 329, 330, 331, 332, 333, 334,
    335, 336, 337, 338, 339, 340, 341, 342, 343, 344, 345, 346, 347, 348, 349,
    350, 351, 352, 353, 354, 355, 356, 357, 358, 359, 360, 361, 362, 363, 364,
    365, 366, 367, 368, 369, 370, 371, 372, 373, 374, 375, 376, 377, 378, 379,
    380, 381, 382, 383, 384, 385, 386, 387, 388, 389, 390, 391, 392, 393, 394,
    395, 396, 397, 398, 399, 400, 401, 402, 403, 404, 405, 406, 407, 408, 409,
    410, 411, 412, 413, 414, 415, 416, 417, 418, 419, 420, 421, 422, 423, 424,
    425, 426, 427, 428, 429, 430, 431, 432, 433, 434, 435, 436, 437, 438, 439,
    440, 441, 442, 443, 444, 445, 446, 447

 Data from log without imprecise labels

 IM without noise threshold:
token_fitness
{"perc_fit_traces": 100.0, "average_trace_fitness": 1.0, "log_fitness": 1.0, "percentage_of_fitting_traces": 100.0}
precision
0.9622478882951215
0.7714285714285715
generalization
0.9441490730883728

 Original Labels:
['E', 'C', 'B', 'D']

 Ground truth clustering clustering:
Clustering with 448 elements and 4 clusters
[0] 2, 5, 11, 15, 19, 22, 26, 31, 33, 39, 43, 45, 49, 54, 59, 63, 65, 70, 75,
    77, 83, 87, 89, 94, 97, 101, 107, 111, 113, 117, 122, 127, 131, 135, 138,
    141, 145, 150, 153, 159, 162, 167, 169, 175, 179, 183, 185, 190, 193, 198,
    201, 205, 209, 213, 219, 222, 226, 231, 233, 237, 241, 245, 249, 255, 257,
    263, 267, 271, 273, 278, 283, 287, 291, 294, 297, 303, 305, 311, 315, 319,
    322, 325, 331, 334, 338, 341, 345, 349, 355, 358, 362, 365, 371, 375, 378,
    382, 386, 391, 393, 398, 402, 405, 409, 415, 417, 422, 426, 429, 433, 439,
    442, 446
[1] 3, 6, 9, 14, 18, 21, 27, 30, 34, 38, 42, 47, 51, 53, 57, 62, 67, 71, 73,
    78, 82, 86, 90, 95, 98, 102, 105, 110, 115, 119, 123, 125, 130, 134, 137,
    143, 147, 149, 155, 157, 163, 166, 170, 173, 178, 181, 187, 191, 195, 197,
    202, 206, 210, 215, 218, 223, 227, 229, 234, 238, 243, 247, 250, 254, 259,
    262, 265, 269, 275, 279, 281, 286, 290, 295, 298, 302, 307, 310, 314, 318,
    321, 326, 330, 335, 339, 343, 347, 350, 353, 359, 363, 366, 370, 374, 379,
    383, 387, 390, 395, 397, 401, 407, 410, 414, 419, 421, 425, 431, 434, 438,
    441, 447
[2] 0, 4, 8, 12, 16, 20, 24, 28, 32, 36, 40, 44, 48, 52, 56, 60, 64, 68, 72,
    76, 80, 84, 88, 92, 96, 100, 104, 108, 112, 116, 120, 124, 128, 132, 136,
    140, 144, 148, 152, 156, 160, 164, 168, 172, 176, 180, 184, 188, 192, 196,
    200, 204, 208, 212, 216, 220, 224, 228, 232, 236, 240, 244, 248, 252, 256,
    260, 264, 268, 272, 276, 280, 284, 288, 292, 296, 300, 304, 308, 312, 316,
    320, 324, 328, 332, 336, 340, 344, 348, 352, 356, 360, 364, 368, 372, 376,
    380, 384, 388, 392, 396, 400, 404, 408, 412, 416, 420, 424, 428, 432, 436,
    440, 444
[3] 1, 7, 10, 13, 17, 23, 25, 29, 35, 37, 41, 46, 50, 55, 58, 61, 66, 69, 74,
    79, 81, 85, 91, 93, 99, 103, 106, 109, 114, 118, 121, 126, 129, 133, 139,
    142, 146, 151, 154, 158, 161, 165, 171, 174, 177, 182, 186, 189, 194, 199,
    203, 207, 211, 214, 217, 221, 225, 230, 235, 239, 242, 246, 251, 253, 258,
    261, 266, 270, 274, 277, 282, 285, 289, 293, 299, 301, 306, 309, 313, 317,
    323, 327, 329, 333, 337, 342, 346, 351, 354, 357, 361, 367, 369, 373, 377,
    381, 385, 389, 394, 399, 403, 406, 411, 413, 418, 423, 427, 430, 435, 437,
    443, 445

 Xixi Adjusted Rand Index:
-1.481421807455692e-16




----------------------------------------------------------------------------------------------
Output from 2025-08-11 16:37:12.405780
----------------------------------------------------------------------------------------------


                

###### Starting pipeline for 0, Distance.EDIT_DISTANCE, 1######
Found communities: 

Clustering with 448 elements and 3 clusters
[0] 1, 2, 3, 5, 6, 7, 9, 10, 11, 14, 15, 18, 19, 22, 23, 26, 27, 29, 30, 31,
    34, 35, 38, 39, 41, 42, 43, 46, 47, 49, 50, 51, 54, 55, 57, 58, 59, 62,
    63, 66, 67, 69, 70, 71, 73, 74, 75, 77, 78, 79, 81, 82, 83, 85, 86, 87,
    90, 91, 94, 95, 97, 98, 99, 102, 103, 106, 107, 109, 110, 111, 113, 114,
    115, 118, 119, 122, 123, 126, 127, 129, 130, 131, 133, 134, 135, 137, 138,
    139, 141, 142, 143, 145, 146, 147, 149, 150, 151, 154, 155, 157, 158, 159,
    162, 163, 165, 166, 167, 170, 171, 174, 175, 178, 179, 182, 183, 186, 187,
    189, 190, 191, 194, 195, 198, 199, 201, 202, 203, 206, 207, 209, 210, 211,
    214, 215, 218, 219, 221, 222, 223, 225, 226, 227, 230, 231, 233, 234, 235,
    238, 239, 241, 242, 243, 246, 247, 250, 251, 254, 255, 257, 258, 259, 262,
    263, 266, 267, 270, 271, 273, 274, 275, 277, 278, 279, 281, 282, 283, 285,
    286, 287, 289, 290, 291, 293, 294, 295, 297, 298, 299, 302, 303, 306, 307,
    309, 310, 311, 314, 315, 317, 318, 319, 321, 322, 323, 326, 327, 330, 331,
    333, 334, 335, 338, 339, 341, 342, 343, 345, 346, 347, 350, 351, 353, 354,
    355, 358, 359, 362, 363, 365, 366, 367, 370, 371, 373, 374, 375, 378, 379,
    381, 382, 383, 386, 387, 389, 390, 391, 394, 395, 397, 398, 399, 402, 403,
    406, 407, 410, 411, 413, 414, 415, 418, 419, 421, 422, 423, 425, 426, 427,
    429, 430, 431, 433, 434, 435, 438, 439, 441, 442, 443, 445, 446, 447
[1] 0, 4, 8, 13, 17, 21, 25, 28, 33, 37, 40, 45, 48, 53, 56, 61, 65, 68, 72,
    76, 80, 84, 89, 93, 96, 101, 105, 108, 112, 117, 121, 125, 128, 132, 136,
    140, 144, 148, 153, 156, 161, 164, 169, 173, 177, 181, 185, 188, 193, 197,
    200, 205, 208, 213, 217, 220, 224, 229, 232, 237, 240, 245, 249, 253, 256,
    261, 265, 269, 272, 276, 280, 284, 288, 292, 296, 301, 305, 308, 313, 316,
    320, 325, 329, 332, 337, 340, 344, 349, 352, 357, 361, 364, 369, 372, 377,
    380, 385, 388, 393, 396, 401, 405, 409, 412, 417, 420, 424, 428, 432, 437,
    440, 444
[2] 12, 16, 20, 24, 32, 36, 44, 52, 60, 64, 88, 92, 100, 104, 116, 120, 124,
    152, 160, 168, 172, 176, 180, 184, 192, 196, 204, 212, 216, 228, 236, 244,
    248, 252, 260, 264, 268, 300, 304, 312, 324, 328, 336, 348, 356, 360, 368,
    376, 384, 392, 400, 404, 408, 416, 436

Reassigned labels
Map:
{"D_0": "D", "D_1": "D", "D_2": "D"}
token_fitness
{"perc_fit_traces": 100.0, "average_trace_fitness": 1.0, "log_fitness": 1.0, "percentage_of_fitting_traces": 100.0}
precision
0.7439695302581464
0.7627118644067797
generalization
0.9421714501515178
token_fitness
{"perc_fit_traces": 0.0, "average_trace_fitness": 0.8768205076929377, "log_fitness": 0.895279191745866, "percentage_of_fitting_traces": 0.0}
precision
0.20010665244634052
0.7627118644067797
generalization
0.8087937948554283


###### Starting pipeline for 0.25, Distance.EDIT_DISTANCE, 1######
Found communities: 

Clustering with 448 elements and 3 clusters
[0] 1, 2, 3, 5, 6, 7, 9, 10, 11, 14, 15, 18, 19, 22, 23, 26, 27, 29, 30, 31,
    34, 35, 38, 39, 41, 42, 43, 46, 47, 49, 50, 51, 54, 55, 57, 58, 59, 62,
    63, 66, 67, 69, 70, 71, 73, 74, 75, 77, 78, 79, 81, 82, 83, 85, 86, 87,
    90, 91, 94, 95, 97, 98, 99, 102, 103, 106, 107, 109, 110, 111, 113, 114,
    115, 118, 119, 122, 123, 126, 127, 129, 130, 131, 133, 134, 135, 137, 138,
    139, 141, 142, 143, 145, 146, 147, 149, 150, 151, 154, 155, 157, 158, 159,
    162, 163, 165, 166, 167, 170, 171, 174, 175, 178, 179, 182, 183, 186, 187,
    189, 190, 191, 194, 195, 198, 199, 201, 202, 203, 206, 207, 209, 210, 211,
    214, 215, 218, 219, 221, 222, 223, 225, 226, 227, 230, 231, 233, 234, 235,
    238, 239, 241, 242, 243, 246, 247, 250, 251, 254, 255, 257, 258, 259, 262,
    263, 266, 267, 270, 271, 273, 274, 275, 277, 278, 279, 281, 282, 283, 285,
    286, 287, 289, 290, 291, 293, 294, 295, 297, 298, 299, 302, 303, 306, 307,
    309, 310, 311, 314, 315, 317, 318, 319, 321, 322, 323, 326, 327, 330, 331,
    333, 334, 335, 338, 339, 341, 342, 343, 345, 346, 347, 350, 351, 353, 354,
    355, 358, 359, 362, 363, 365, 366, 367, 370, 371, 373, 374, 375, 378, 379,
    381, 382, 383, 386, 387, 389, 390, 391, 394, 395, 397, 398, 399, 402, 403,
    406, 407, 410, 411, 413, 414, 415, 418, 419, 421, 422, 423, 425, 426, 427,
    429, 430, 431, 433, 434, 435, 438, 439, 441, 442, 443, 445, 446, 447
[1] 0, 4, 8, 13, 17, 21, 25, 28, 33, 37, 40, 45, 48, 53, 56, 61, 65, 68, 72,
    76, 80, 84, 89, 93, 96, 101, 105, 108, 112, 117, 121, 125, 128, 132, 136,
    140, 144, 148, 153, 156, 161, 164, 169, 173, 177, 181, 185, 188, 193, 197,
    200, 205, 208, 213, 217, 220, 224, 229, 232, 237, 240, 245, 249, 253, 256,
    261, 265, 269, 272, 276, 280, 284, 288, 292, 296, 301, 305, 308, 313, 316,
    320, 325, 329, 332, 337, 340, 344, 349, 352, 357, 361, 364, 369, 372, 377,
    380, 385, 388, 393, 396, 401, 405, 409, 412, 417, 420, 424, 428, 432, 437,
    440, 444
[2] 12, 16, 20, 24, 32, 36, 44, 52, 60, 64, 88, 92, 100, 104, 116, 120, 124,
    152, 160, 168, 172, 176, 180, 184, 192, 196, 204, 212, 216, 228, 236, 244,
    248, 252, 260, 264, 268, 300, 304, 312, 324, 328, 336, 348, 356, 360, 368,
    376, 384, 392, 400, 404, 408, 416, 436

Reassigned labels
Map:
{"D_0": "D", "D_1": "D", "D_2": "D"}
token_fitness
{"perc_fit_traces": 0.0, "average_trace_fitness": 0.8768205076929377, "log_fitness": 0.895279191745866, "percentage_of_fitting_traces": 0.0}
precision
0.20010665244634052
0.7627118644067797
generalization
0.8087937948554283


###### Starting pipeline for 0.5, Distance.EDIT_DISTANCE, 1######
Found communities: 

Clustering with 448 elements and 3 clusters
[0] 1, 2, 3, 5, 6, 7, 9, 10, 11, 14, 15, 18, 19, 22, 23, 26, 27, 29, 30, 31,
    34, 35, 38, 39, 41, 42, 43, 46, 47, 49, 50, 51, 54, 55, 57, 58, 59, 62,
    63, 66, 67, 69, 70, 71, 73, 74, 75, 77, 78, 79, 81, 82, 83, 85, 86, 87,
    90, 91, 94, 95, 97, 98, 99, 102, 103, 106, 107, 109, 110, 111, 113, 114,
    115, 118, 119, 122, 123, 126, 127, 129, 130, 131, 133, 134, 135, 137, 138,
    139, 141, 142, 143, 145, 146, 147, 149, 150, 151, 154, 155, 157, 158, 159,
    162, 163, 165, 166, 167, 170, 171, 174, 175, 178, 179, 182, 183, 186, 187,
    189, 190, 191, 194, 195, 198, 199, 201, 202, 203, 206, 207, 209, 210, 211,
    214, 215, 218, 219, 221, 222, 223, 225, 226, 227, 230, 231, 233, 234, 235,
    238, 239, 241, 242, 243, 246, 247, 250, 251, 254, 255, 257, 258, 259, 262,
    263, 266, 267, 270, 271, 273, 274, 275, 277, 278, 279, 281, 282, 283, 285,
    286, 287, 289, 290, 291, 293, 294, 295, 297, 298, 299, 302, 303, 306, 307,
    309, 310, 311, 314, 315, 317, 318, 319, 321, 322, 323, 326, 327, 330, 331,
    333, 334, 335, 338, 339, 341, 342, 343, 345, 346, 347, 350, 351, 353, 354,
    355, 358, 359, 362, 363, 365, 366, 367, 370, 371, 373, 374, 375, 378, 379,
    381, 382, 383, 386, 387, 389, 390, 391, 394, 395, 397, 398, 399, 402, 403,
    406, 407, 410, 411, 413, 414, 415, 418, 419, 421, 422, 423, 425, 426, 427,
    429, 430, 431, 433, 434, 435, 438, 439, 441, 442, 443, 445, 446, 447
[1] 0, 4, 8, 13, 17, 21, 25, 28, 33, 37, 40, 45, 48, 53, 56, 61, 65, 68, 72,
    76, 80, 84, 89, 93, 96, 101, 105, 108, 112, 117, 121, 125, 128, 132, 136,
    140, 144, 148, 153, 156, 161, 164, 169, 173, 177, 181, 185, 188, 193, 197,
    200, 205, 208, 213, 217, 220, 224, 229, 232, 237, 240, 245, 249, 253, 256,
    261, 265, 269, 272, 276, 280, 284, 288, 292, 296, 301, 305, 308, 313, 316,
    320, 325, 329, 332, 337, 340, 344, 349, 352, 357, 361, 364, 369, 372, 377,
    380, 385, 388, 393, 396, 401, 405, 409, 412, 417, 420, 424, 428, 432, 437,
    440, 444
[2] 12, 16, 20, 24, 32, 36, 44, 52, 60, 64, 88, 92, 100, 104, 116, 120, 124,
    152, 160, 168, 172, 176, 180, 184, 192, 196, 204, 212, 216, 228, 236, 244,
    248, 252, 260, 264, 268, 300, 304, 312, 324, 328, 336, 348, 356, 360, 368,
    376, 384, 392, 400, 404, 408, 416, 436

Reassigned labels
Map:
{"D_0": "D", "D_1": "D", "D_2": "D"}
token_fitness
{"perc_fit_traces": 0.0, "average_trace_fitness": 0.8768205076929377, "log_fitness": 0.895279191745866, "percentage_of_fitting_traces": 0.0}
precision
0.20010665244634052
0.7627118644067797
generalization
0.8087937948554283


###### Starting pipeline for 0.75, Distance.EDIT_DISTANCE, 1######
Found communities: 

Clustering with 448 elements and 3 clusters
[0] 1, 2, 3, 5, 6, 7, 9, 10, 11, 14, 15, 18, 19, 22, 23, 26, 27, 29, 30, 31,
    34, 35, 38, 39, 41, 42, 43, 46, 47, 49, 50, 51, 54, 55, 57, 58, 59, 62,
    63, 66, 67, 69, 70, 71, 73, 74, 75, 77, 78, 79, 81, 82, 83, 85, 86, 87,
    90, 91, 94, 95, 97, 98, 99, 102, 103, 106, 107, 109, 110, 111, 113, 114,
    115, 118, 119, 122, 123, 126, 127, 129, 130, 131, 133, 134, 135, 137, 138,
    139, 141, 142, 143, 145, 146, 147, 149, 150, 151, 154, 155, 157, 158, 159,
    162, 163, 165, 166, 167, 170, 171, 174, 175, 178, 179, 182, 183, 186, 187,
    189, 190, 191, 194, 195, 198, 199, 201, 202, 203, 206, 207, 209, 210, 211,
    214, 215, 218, 219, 221, 222, 223, 225, 226, 227, 230, 231, 233, 234, 235,
    238, 239, 241, 242, 243, 246, 247, 250, 251, 254, 255, 257, 258, 259, 262,
    263, 266, 267, 270, 271, 273, 274, 275, 277, 278, 279, 281, 282, 283, 285,
    286, 287, 289, 290, 291, 293, 294, 295, 297, 298, 299, 302, 303, 306, 307,
    309, 310, 311, 314, 315, 317, 318, 319, 321, 322, 323, 326, 327, 330, 331,
    333, 334, 335, 338, 339, 341, 342, 343, 345, 346, 347, 350, 351, 353, 354,
    355, 358, 359, 362, 363, 365, 366, 367, 370, 371, 373, 374, 375, 378, 379,
    381, 382, 383, 386, 387, 389, 390, 391, 394, 395, 397, 398, 399, 402, 403,
    406, 407, 410, 411, 413, 414, 415, 418, 419, 421, 422, 423, 425, 426, 427,
    429, 430, 431, 433, 434, 435, 438, 439, 441, 442, 443, 445, 446, 447
[1] 0, 4, 8, 13, 17, 21, 25, 28, 33, 37, 40, 45, 48, 53, 56, 61, 65, 68, 72,
    76, 80, 84, 89, 93, 96, 101, 105, 108, 112, 117, 121, 125, 128, 132, 136,
    140, 144, 148, 153, 156, 161, 164, 169, 173, 177, 181, 185, 188, 193, 197,
    200, 205, 208, 213, 217, 220, 224, 229, 232, 237, 240, 245, 249, 253, 256,
    261, 265, 269, 272, 276, 280, 284, 288, 292, 296, 301, 305, 308, 313, 316,
    320, 325, 329, 332, 337, 340, 344, 349, 352, 357, 361, 364, 369, 372, 377,
    380, 385, 388, 393, 396, 401, 405, 409, 412, 417, 420, 424, 428, 432, 437,
    440, 444
[2] 12, 16, 20, 24, 32, 36, 44, 52, 60, 64, 88, 92, 100, 104, 116, 120, 124,
    152, 160, 168, 172, 176, 180, 184, 192, 196, 204, 212, 216, 228, 236, 244,
    248, 252, 260, 264, 268, 300, 304, 312, 324, 328, 336, 348, 356, 360, 368,
    376, 384, 392, 400, 404, 408, 416, 436

Reassigned labels
Map:
{"D_0": "D", "D_1": "D", "D_2": "D"}
token_fitness
{"perc_fit_traces": 0.0, "average_trace_fitness": 0.8768205076929377, "log_fitness": 0.895279191745866, "percentage_of_fitting_traces": 0.0}
precision
0.20010665244634052
0.7627118644067797
generalization
0.8087937948554283


###### Starting pipeline for 1, Distance.EDIT_DISTANCE, 1######
Found communities: 

Clustering with 448 elements and 3 clusters
[0] 1, 2, 3, 5, 6, 7, 9, 10, 11, 14, 15, 18, 19, 22, 23, 26, 27, 29, 30, 31,
    34, 35, 38, 39, 41, 42, 43, 46, 47, 49, 50, 51, 54, 55, 57, 58, 59, 62,
    63, 66, 67, 69, 70, 71, 73, 74, 75, 77, 78, 79, 81, 82, 83, 85, 86, 87,
    90, 91, 94, 95, 97, 98, 99, 102, 103, 106, 107, 109, 110, 111, 113, 114,
    115, 118, 119, 122, 123, 126, 127, 129, 130, 131, 133, 134, 135, 137, 138,
    139, 141, 142, 143, 145, 146, 147, 149, 150, 151, 154, 155, 157, 158, 159,
    162, 163, 165, 166, 167, 170, 171, 174, 175, 178, 179, 182, 183, 186, 187,
    189, 190, 191, 194, 195, 198, 199, 201, 202, 203, 206, 207, 209, 210, 211,
    214, 215, 218, 219, 221, 222, 223, 225, 226, 227, 230, 231, 233, 234, 235,
    238, 239, 241, 242, 243, 246, 247, 250, 251, 254, 255, 257, 258, 259, 262,
    263, 266, 267, 270, 271, 273, 274, 275, 277, 278, 279, 281, 282, 283, 285,
    286, 287, 289, 290, 291, 293, 294, 295, 297, 298, 299, 302, 303, 306, 307,
    309, 310, 311, 314, 315, 317, 318, 319, 321, 322, 323, 326, 327, 330, 331,
    333, 334, 335, 338, 339, 341, 342, 343, 345, 346, 347, 350, 351, 353, 354,
    355, 358, 359, 362, 363, 365, 366, 367, 370, 371, 373, 374, 375, 378, 379,
    381, 382, 383, 386, 387, 389, 390, 391, 394, 395, 397, 398, 399, 402, 403,
    406, 407, 410, 411, 413, 414, 415, 418, 419, 421, 422, 423, 425, 426, 427,
    429, 430, 431, 433, 434, 435, 438, 439, 441, 442, 443, 445, 446, 447
[1] 0, 4, 8, 13, 17, 21, 25, 28, 33, 37, 40, 45, 48, 53, 56, 61, 65, 68, 72,
    76, 80, 84, 89, 93, 96, 101, 105, 108, 112, 117, 121, 125, 128, 132, 136,
    140, 144, 148, 153, 156, 161, 164, 169, 173, 177, 181, 185, 188, 193, 197,
    200, 205, 208, 213, 217, 220, 224, 229, 232, 237, 240, 245, 249, 253, 256,
    261, 265, 269, 272, 276, 280, 284, 288, 292, 296, 301, 305, 308, 313, 316,
    320, 325, 329, 332, 337, 340, 344, 349, 352, 357, 361, 364, 369, 372, 377,
    380, 385, 388, 393, 396, 401, 405, 409, 412, 417, 420, 424, 428, 432, 437,
    440, 444
[2] 12, 16, 20, 24, 32, 36, 44, 52, 60, 64, 88, 92, 100, 104, 116, 120, 124,
    152, 160, 168, 172, 176, 180, 184, 192, 196, 204, 212, 216, 228, 236, 244,
    248, 252, 260, 264, 268, 300, 304, 312, 324, 328, 336, 348, 356, 360, 368,
    376, 384, 392, 400, 404, 408, 416, 436

Reassigned labels
Map:
{"D_0": "D", "D_1": "D", "D_2": "D"}
token_fitness
{"perc_fit_traces": 0.0, "average_trace_fitness": 0.8768205076929377, "log_fitness": 0.895279191745866, "percentage_of_fitting_traces": 0.0}
precision
0.20010665244634052
0.7627118644067797
generalization
0.8087937948554283


###### Starting pipeline for 0, Distance.SET_DISTANCE, 1######
Found communities: 

Clustering with 448 elements and 3 clusters
[0] 1, 2, 3, 5, 6, 7, 9, 10, 11, 14, 15, 18, 19, 22, 23, 26, 27, 29, 30, 31,
    34, 35, 38, 39, 41, 42, 43, 46, 47, 49, 50, 51, 54, 55, 57, 58, 59, 62,
    63, 66, 67, 69, 70, 71, 73, 74, 75, 77, 78, 79, 81, 82, 83, 85, 86, 87,
    90, 91, 94, 95, 97, 98, 99, 102, 103, 106, 107, 109, 110, 111, 113, 114,
    115, 118, 119, 122, 123, 126, 127, 129, 130, 131, 133, 134, 135, 137, 138,
    139, 141, 142, 143, 145, 146, 147, 149, 150, 151, 154, 155, 157, 158, 159,
    162, 163, 165, 166, 167, 170, 171, 174, 175, 178, 179, 182, 183, 186, 187,
    189, 190, 191, 194, 195, 198, 199, 201, 202, 203, 206, 207, 209, 210, 211,
    214, 215, 218, 219, 221, 222, 223, 225, 226, 227, 230, 231, 233, 234, 235,
    238, 239, 241, 242, 243, 246, 247, 250, 251, 254, 255, 257, 258, 259, 262,
    263, 266, 267, 270, 271, 273, 274, 275, 277, 278, 279, 281, 282, 283, 285,
    286, 287, 289, 290, 291, 293, 294, 295, 297, 298, 299, 302, 303, 306, 307,
    309, 310, 311, 314, 315, 317, 318, 319, 321, 322, 323, 326, 327, 330, 331,
    333, 334, 335, 338, 339, 341, 342, 343, 345, 346, 347, 350, 351, 353, 354,
    355, 358, 359, 362, 363, 365, 366, 367, 370, 371, 373, 374, 375, 378, 379,
    381, 382, 383, 386, 387, 389, 390, 391, 394, 395, 397, 398, 399, 402, 403,
    406, 407, 410, 411, 413, 414, 415, 418, 419, 421, 422, 423, 425, 426, 427,
    429, 430, 431, 433, 434, 435, 438, 439, 441, 442, 443, 445, 446, 447
[1] 0, 4, 8, 13, 17, 21, 25, 28, 33, 37, 40, 45, 48, 53, 56, 61, 65, 68, 72,
    76, 80, 84, 89, 93, 96, 101, 105, 108, 112, 117, 121, 125, 128, 132, 136,
    140, 144, 148, 153, 156, 161, 164, 169, 173, 177, 181, 185, 188, 193, 197,
    200, 205, 208, 213, 217, 220, 224, 229, 232, 237, 240, 245, 249, 253, 256,
    261, 265, 269, 272, 276, 280, 284, 288, 292, 296, 301, 305, 308, 313, 316,
    320, 325, 329, 332, 337, 340, 344, 349, 352, 357, 361, 364, 369, 372, 377,
    380, 385, 388, 393, 396, 401, 405, 409, 412, 417, 420, 424, 428, 432, 437,
    440, 444
[2] 12, 16, 20, 24, 32, 36, 44, 52, 60, 64, 88, 92, 100, 104, 116, 120, 124,
    152, 160, 168, 172, 176, 180, 184, 192, 196, 204, 212, 216, 228, 236, 244,
    248, 252, 260, 264, 268, 300, 304, 312, 324, 328, 336, 348, 356, 360, 368,
    376, 384, 392, 400, 404, 408, 416, 436

Reassigned labels
Map:
{"D_0": "D", "D_1": "D", "D_2": "D"}
token_fitness
{"perc_fit_traces": 0.0, "average_trace_fitness": 0.8768205076929377, "log_fitness": 0.895279191745866, "percentage_of_fitting_traces": 0.0}
precision
0.20010665244634052
0.7627118644067797
generalization
0.8087937948554283


###### Starting pipeline for 0.25, Distance.SET_DISTANCE, 1######
Found communities: 

Clustering with 448 elements and 3 clusters
[0] 1, 2, 3, 5, 6, 7, 9, 10, 11, 14, 15, 18, 19, 22, 23, 26, 27, 29, 30, 31,
    34, 35, 38, 39, 41, 42, 43, 46, 47, 49, 50, 51, 54, 55, 57, 58, 59, 62,
    63, 66, 67, 69, 70, 71, 73, 74, 75, 77, 78, 79, 81, 82, 83, 85, 86, 87,
    90, 91, 94, 95, 97, 98, 99, 102, 103, 106, 107, 109, 110, 111, 113, 114,
    115, 118, 119, 122, 123, 126, 127, 129, 130, 131, 133, 134, 135, 137, 138,
    139, 141, 142, 143, 145, 146, 147, 149, 150, 151, 154, 155, 157, 158, 159,
    162, 163, 165, 166, 167, 170, 171, 174, 175, 178, 179, 182, 183, 186, 187,
    189, 190, 191, 194, 195, 198, 199, 201, 202, 203, 206, 207, 209, 210, 211,
    214, 215, 218, 219, 221, 222, 223, 225, 226, 227, 230, 231, 233, 234, 235,
    238, 239, 241, 242, 243, 246, 247, 250, 251, 254, 255, 257, 258, 259, 262,
    263, 266, 267, 270, 271, 273, 274, 275, 277, 278, 279, 281, 282, 283, 285,
    286, 287, 289, 290, 291, 293, 294, 295, 297, 298, 299, 302, 303, 306, 307,
    309, 310, 311, 314, 315, 317, 318, 319, 321, 322, 323, 326, 327, 330, 331,
    333, 334, 335, 338, 339, 341, 342, 343, 345, 346, 347, 350, 351, 353, 354,
    355, 358, 359, 362, 363, 365, 366, 367, 370, 371, 373, 374, 375, 378, 379,
    381, 382, 383, 386, 387, 389, 390, 391, 394, 395, 397, 398, 399, 402, 403,
    406, 407, 410, 411, 413, 414, 415, 418, 419, 421, 422, 423, 425, 426, 427,
    429, 430, 431, 433, 434, 435, 438, 439, 441, 442, 443, 445, 446, 447
[1] 0, 4, 8, 13, 17, 21, 25, 28, 33, 37, 40, 45, 48, 53, 56, 61, 65, 68, 72,
    76, 80, 84, 89, 93, 96, 101, 105, 108, 112, 117, 121, 125, 128, 132, 136,
    140, 144, 148, 153, 156, 161, 164, 169, 173, 177, 181, 185, 188, 193, 197,
    200, 205, 208, 213, 217, 220, 224, 229, 232, 237, 240, 245, 249, 253, 256,
    261, 265, 269, 272, 276, 280, 284, 288, 292, 296, 301, 305, 308, 313, 316,
    320, 325, 329, 332, 337, 340, 344, 349, 352, 357, 361, 364, 369, 372, 377,
    380, 385, 388, 393, 396, 401, 405, 409, 412, 417, 420, 424, 428, 432, 437,
    440, 444
[2] 12, 16, 20, 24, 32, 36, 44, 52, 60, 64, 88, 92, 100, 104, 116, 120, 124,
    152, 160, 168, 172, 176, 180, 184, 192, 196, 204, 212, 216, 228, 236, 244,
    248, 252, 260, 264, 268, 300, 304, 312, 324, 328, 336, 348, 356, 360, 368,
    376, 384, 392, 400, 404, 408, 416, 436

Reassigned labels
Map:
{"D_0": "D", "D_1": "D", "D_2": "D"}
token_fitness
{"perc_fit_traces": 0.0, "average_trace_fitness": 0.8768205076929377, "log_fitness": 0.895279191745866, "percentage_of_fitting_traces": 0.0}
precision
0.20010665244634052
0.7627118644067797
generalization
0.8087937948554283


###### Starting pipeline for 0.5, Distance.SET_DISTANCE, 1######
Found communities: 

Clustering with 448 elements and 3 clusters
[0] 1, 2, 3, 5, 6, 7, 9, 10, 11, 14, 15, 18, 19, 22, 23, 26, 27, 29, 30, 31,
    34, 35, 38, 39, 41, 42, 43, 46, 47, 49, 50, 51, 54, 55, 57, 58, 59, 62,
    63, 66, 67, 69, 70, 71, 73, 74, 75, 77, 78, 79, 81, 82, 83, 85, 86, 87,
    90, 91, 94, 95, 97, 98, 99, 102, 103, 106, 107, 109, 110, 111, 113, 114,
    115, 118, 119, 122, 123, 126, 127, 129, 130, 131, 133, 134, 135, 137, 138,
    139, 141, 142, 143, 145, 146, 147, 149, 150, 151, 154, 155, 157, 158, 159,
    162, 163, 165, 166, 167, 170, 171, 174, 175, 178, 179, 182, 183, 186, 187,
    189, 190, 191, 194, 195, 198, 199, 201, 202, 203, 206, 207, 209, 210, 211,
    214, 215, 218, 219, 221, 222, 223, 225, 226, 227, 230, 231, 233, 234, 235,
    238, 239, 241, 242, 243, 246, 247, 250, 251, 254, 255, 257, 258, 259, 262,
    263, 266, 267, 270, 271, 273, 274, 275, 277, 278, 279, 281, 282, 283, 285,
    286, 287, 289, 290, 291, 293, 294, 295, 297, 298, 299, 302, 303, 306, 307,
    309, 310, 311, 314, 315, 317, 318, 319, 321, 322, 323, 326, 327, 330, 331,
    333, 334, 335, 338, 339, 341, 342, 343, 345, 346, 347, 350, 351, 353, 354,
    355, 358, 359, 362, 363, 365, 366, 367, 370, 371, 373, 374, 375, 378, 379,
    381, 382, 383, 386, 387, 389, 390, 391, 394, 395, 397, 398, 399, 402, 403,
    406, 407, 410, 411, 413, 414, 415, 418, 419, 421, 422, 423, 425, 426, 427,
    429, 430, 431, 433, 434, 435, 438, 439, 441, 442, 443, 445, 446, 447
[1] 0, 4, 8, 13, 17, 21, 25, 28, 33, 37, 40, 45, 48, 53, 56, 61, 65, 68, 72,
    76, 80, 84, 89, 93, 96, 101, 105, 108, 112, 117, 121, 125, 128, 132, 136,
    140, 144, 148, 153, 156, 161, 164, 169, 173, 177, 181, 185, 188, 193, 197,
    200, 205, 208, 213, 217, 220, 224, 229, 232, 237, 240, 245, 249, 253, 256,
    261, 265, 269, 272, 276, 280, 284, 288, 292, 296, 301, 305, 308, 313, 316,
    320, 325, 329, 332, 337, 340, 344, 349, 352, 357, 361, 364, 369, 372, 377,
    380, 385, 388, 393, 396, 401, 405, 409, 412, 417, 420, 424, 428, 432, 437,
    440, 444
[2] 12, 16, 20, 24, 32, 36, 44, 52, 60, 64, 88, 92, 100, 104, 116, 120, 124,
    152, 160, 168, 172, 176, 180, 184, 192, 196, 204, 212, 216, 228, 236, 244,
    248, 252, 260, 264, 268, 300, 304, 312, 324, 328, 336, 348, 356, 360, 368,
    376, 384, 392, 400, 404, 408, 416, 436

Reassigned labels
Map:
{"D_0": "D", "D_1": "D", "D_2": "D"}
token_fitness
{"perc_fit_traces": 0.0, "average_trace_fitness": 0.8768205076929377, "log_fitness": 0.895279191745866, "percentage_of_fitting_traces": 0.0}
precision
0.20010665244634052
0.7627118644067797
generalization
0.8087937948554283


###### Starting pipeline for 0.75, Distance.SET_DISTANCE, 1######
Found communities: 

Clustering with 448 elements and 3 clusters
[0] 1, 2, 3, 5, 6, 7, 9, 10, 11, 14, 15, 18, 19, 22, 23, 26, 27, 29, 30, 31,
    34, 35, 38, 39, 41, 42, 43, 46, 47, 49, 50, 51, 54, 55, 57, 58, 59, 62,
    63, 66, 67, 69, 70, 71, 73, 74, 75, 77, 78, 79, 81, 82, 83, 85, 86, 87,
    90, 91, 94, 95, 97, 98, 99, 102, 103, 106, 107, 109, 110, 111, 113, 114,
    115, 118, 119, 122, 123, 126, 127, 129, 130, 131, 133, 134, 135, 137, 138,
    139, 141, 142, 143, 145, 146, 147, 149, 150, 151, 154, 155, 157, 158, 159,
    162, 163, 165, 166, 167, 170, 171, 174, 175, 178, 179, 182, 183, 186, 187,
    189, 190, 191, 194, 195, 198, 199, 201, 202, 203, 206, 207, 209, 210, 211,
    214, 215, 218, 219, 221, 222, 223, 225, 226, 227, 230, 231, 233, 234, 235,
    238, 239, 241, 242, 243, 246, 247, 250, 251, 254, 255, 257, 258, 259, 262,
    263, 266, 267, 270, 271, 273, 274, 275, 277, 278, 279, 281, 282, 283, 285,
    286, 287, 289, 290, 291, 293, 294, 295, 297, 298, 299, 302, 303, 306, 307,
    309, 310, 311, 314, 315, 317, 318, 319, 321, 322, 323, 326, 327, 330, 331,
    333, 334, 335, 338, 339, 341, 342, 343, 345, 346, 347, 350, 351, 353, 354,
    355, 358, 359, 362, 363, 365, 366, 367, 370, 371, 373, 374, 375, 378, 379,
    381, 382, 383, 386, 387, 389, 390, 391, 394, 395, 397, 398, 399, 402, 403,
    406, 407, 410, 411, 413, 414, 415, 418, 419, 421, 422, 423, 425, 426, 427,
    429, 430, 431, 433, 434, 435, 438, 439, 441, 442, 443, 445, 446, 447
[1] 0, 4, 8, 13, 17, 21, 25, 28, 33, 37, 40, 45, 48, 53, 56, 61, 65, 68, 72,
    76, 80, 84, 89, 93, 96, 101, 105, 108, 112, 117, 121, 125, 128, 132, 136,
    140, 144, 148, 153, 156, 161, 164, 169, 173, 177, 181, 185, 188, 193, 197,
    200, 205, 208, 213, 217, 220, 224, 229, 232, 237, 240, 245, 249, 253, 256,
    261, 265, 269, 272, 276, 280, 284, 288, 292, 296, 301, 305, 308, 313, 316,
    320, 325, 329, 332, 337, 340, 344, 349, 352, 357, 361, 364, 369, 372, 377,
    380, 385, 388, 393, 396, 401, 405, 409, 412, 417, 420, 424, 428, 432, 437,
    440, 444
[2] 12, 16, 20, 24, 32, 36, 44, 52, 60, 64, 88, 92, 100, 104, 116, 120, 124,
    152, 160, 168, 172, 176, 180, 184, 192, 196, 204, 212, 216, 228, 236, 244,
    248, 252, 260, 264, 268, 300, 304, 312, 324, 328, 336, 348, 356, 360, 368,
    376, 384, 392, 400, 404, 408, 416, 436

Reassigned labels
Map:
{"D_0": "D", "D_1": "D", "D_2": "D"}
token_fitness
{"perc_fit_traces": 0.0, "average_trace_fitness": 0.8768205076929377, "log_fitness": 0.895279191745866, "percentage_of_fitting_traces": 0.0}
precision
0.20010665244634052
0.7627118644067797
generalization
0.8087937948554283


###### Starting pipeline for 1, Distance.SET_DISTANCE, 1######
Found communities: 

Clustering with 448 elements and 3 clusters
[0] 1, 2, 3, 5, 6, 7, 9, 10, 11, 14, 15, 18, 19, 22, 23, 26, 27, 29, 30, 31,
    34, 35, 38, 39, 41, 42, 43, 46, 47, 49, 50, 51, 54, 55, 57, 58, 59, 62,
    63, 66, 67, 69, 70, 71, 73, 74, 75, 77, 78, 79, 81, 82, 83, 85, 86, 87,
    90, 91, 94, 95, 97, 98, 99, 102, 103, 106, 107, 109, 110, 111, 113, 114,
    115, 118, 119, 122, 123, 126, 127, 129, 130, 131, 133, 134, 135, 137, 138,
    139, 141, 142, 143, 145, 146, 147, 149, 150, 151, 154, 155, 157, 158, 159,
    162, 163, 165, 166, 167, 170, 171, 174, 175, 178, 179, 182, 183, 186, 187,
    189, 190, 191, 194, 195, 198, 199, 201, 202, 203, 206, 207, 209, 210, 211,
    214, 215, 218, 219, 221, 222, 223, 225, 226, 227, 230, 231, 233, 234, 235,
    238, 239, 241, 242, 243, 246, 247, 250, 251, 254, 255, 257, 258, 259, 262,
    263, 266, 267, 270, 271, 273, 274, 275, 277, 278, 279, 281, 282, 283, 285,
    286, 287, 289, 290, 291, 293, 294, 295, 297, 298, 299, 302, 303, 306, 307,
    309, 310, 311, 314, 315, 317, 318, 319, 321, 322, 323, 326, 327, 330, 331,
    333, 334, 335, 338, 339, 341, 342, 343, 345, 346, 347, 350, 351, 353, 354,
    355, 358, 359, 362, 363, 365, 366, 367, 370, 371, 373, 374, 375, 378, 379,
    381, 382, 383, 386, 387, 389, 390, 391, 394, 395, 397, 398, 399, 402, 403,
    406, 407, 410, 411, 413, 414, 415, 418, 419, 421, 422, 423, 425, 426, 427,
    429, 430, 431, 433, 434, 435, 438, 439, 441, 442, 443, 445, 446, 447
[1] 0, 4, 8, 13, 17, 21, 25, 28, 33, 37, 40, 45, 48, 53, 56, 61, 65, 68, 72,
    76, 80, 84, 89, 93, 96, 101, 105, 108, 112, 117, 121, 125, 128, 132, 136,
    140, 144, 148, 153, 156, 161, 164, 169, 173, 177, 181, 185, 188, 193, 197,
    200, 205, 208, 213, 217, 220, 224, 229, 232, 237, 240, 245, 249, 253, 256,
    261, 265, 269, 272, 276, 280, 284, 288, 292, 296, 301, 305, 308, 313, 316,
    320, 325, 329, 332, 337, 340, 344, 349, 352, 357, 361, 364, 369, 372, 377,
    380, 385, 388, 393, 396, 401, 405, 409, 412, 417, 420, 424, 428, 432, 437,
    440, 444
[2] 12, 16, 20, 24, 32, 36, 44, 52, 60, 64, 88, 92, 100, 104, 116, 120, 124,
    152, 160, 168, 172, 176, 180, 184, 192, 196, 204, 212, 216, 228, 236, 244,
    248, 252, 260, 264, 268, 300, 304, 312, 324, 328, 336, 348, 356, 360, 368,
    376, 384, 392, 400, 404, 408, 416, 436

Reassigned labels
Map:
{"D_0": "D", "D_1": "D", "D_2": "D"}
token_fitness
{"perc_fit_traces": 0.0, "average_trace_fitness": 0.8768205076929377, "log_fitness": 0.895279191745866, "percentage_of_fitting_traces": 0.0}
precision
0.20010665244634052
0.7627118644067797
generalization
0.8087937948554283


###### Starting pipeline for 0, Distance.MULTISET_DISTANCE, 1######
Found communities: 

Clustering with 448 elements and 3 clusters
[0] 1, 2, 3, 5, 6, 7, 9, 10, 11, 14, 15, 18, 19, 22, 23, 26, 27, 29, 30, 31,
    34, 35, 38, 39, 41, 42, 43, 46, 47, 49, 50, 51, 54, 55, 57, 58, 59, 62,
    63, 66, 67, 69, 70, 71, 73, 74, 75, 77, 78, 79, 81, 82, 83, 85, 86, 87,
    90, 91, 94, 95, 97, 98, 99, 102, 103, 106, 107, 109, 110, 111, 113, 114,
    115, 118, 119, 122, 123, 126, 127, 129, 130, 131, 133, 134, 135, 137, 138,
    139, 141, 142, 143, 145, 146, 147, 149, 150, 151, 154, 155, 157, 158, 159,
    162, 163, 165, 166, 167, 170, 171, 174, 175, 178, 179, 182, 183, 186, 187,
    189, 190, 191, 194, 195, 198, 199, 201, 202, 203, 206, 207, 209, 210, 211,
    214, 215, 218, 219, 221, 222, 223, 225, 226, 227, 230, 231, 233, 234, 235,
    238, 239, 241, 242, 243, 246, 247, 250, 251, 254, 255, 257, 258, 259, 262,
    263, 266, 267, 270, 271, 273, 274, 275, 277, 278, 279, 281, 282, 283, 285,
    286, 287, 289, 290, 291, 293, 294, 295, 297, 298, 299, 302, 303, 306, 307,
    309, 310, 311, 314, 315, 317, 318, 319, 321, 322, 323, 326, 327, 330, 331,
    333, 334, 335, 338, 339, 341, 342, 343, 345, 346, 347, 350, 351, 353, 354,
    355, 358, 359, 362, 363, 365, 366, 367, 370, 371, 373, 374, 375, 378, 379,
    381, 382, 383, 386, 387, 389, 390, 391, 394, 395, 397, 398, 399, 402, 403,
    406, 407, 410, 411, 413, 414, 415, 418, 419, 421, 422, 423, 425, 426, 427,
    429, 430, 431, 433, 434, 435, 438, 439, 441, 442, 443, 445, 446, 447
[1] 0, 4, 8, 13, 17, 21, 25, 28, 33, 37, 40, 45, 48, 53, 56, 61, 65, 68, 72,
    76, 80, 84, 89, 93, 96, 101, 105, 108, 112, 117, 121, 125, 128, 132, 136,
    140, 144, 148, 153, 156, 161, 164, 169, 173, 177, 181, 185, 188, 193, 197,
    200, 205, 208, 213, 217, 220, 224, 229, 232, 237, 240, 245, 249, 253, 256,
    261, 265, 269, 272, 276, 280, 284, 288, 292, 296, 301, 305, 308, 313, 316,
    320, 325, 329, 332, 337, 340, 344, 349, 352, 357, 361, 364, 369, 372, 377,
    380, 385, 388, 393, 396, 401, 405, 409, 412, 417, 420, 424, 428, 432, 437,
    440, 444
[2] 12, 16, 20, 24, 32, 36, 44, 52, 60, 64, 88, 92, 100, 104, 116, 120, 124,
    152, 160, 168, 172, 176, 180, 184, 192, 196, 204, 212, 216, 228, 236, 244,
    248, 252, 260, 264, 268, 300, 304, 312, 324, 328, 336, 348, 356, 360, 368,
    376, 384, 392, 400, 404, 408, 416, 436

Reassigned labels
Map:
{"D_0": "D", "D_1": "D", "D_2": "D"}
token_fitness
{"perc_fit_traces": 0.0, "average_trace_fitness": 0.8768205076929377, "log_fitness": 0.895279191745866, "percentage_of_fitting_traces": 0.0}
precision
0.20010665244634052
0.7627118644067797
generalization
0.8087937948554283


###### Starting pipeline for 0.25, Distance.MULTISET_DISTANCE, 1######
Found communities: 

Clustering with 448 elements and 3 clusters
[0] 1, 2, 3, 5, 6, 7, 9, 10, 11, 14, 15, 18, 19, 22, 23, 26, 27, 29, 30, 31,
    34, 35, 38, 39, 41, 42, 43, 46, 47, 49, 50, 51, 54, 55, 57, 58, 59, 62,
    63, 66, 67, 69, 70, 71, 73, 74, 75, 77, 78, 79, 81, 82, 83, 85, 86, 87,
    90, 91, 94, 95, 97, 98, 99, 102, 103, 106, 107, 109, 110, 111, 113, 114,
    115, 118, 119, 122, 123, 126, 127, 129, 130, 131, 133, 134, 135, 137, 138,
    139, 141, 142, 143, 145, 146, 147, 149, 150, 151, 154, 155, 157, 158, 159,
    162, 163, 165, 166, 167, 170, 171, 174, 175, 178, 179, 182, 183, 186, 187,
    189, 190, 191, 194, 195, 198, 199, 201, 202, 203, 206, 207, 209, 210, 211,
    214, 215, 218, 219, 221, 222, 223, 225, 226, 227, 230, 231, 233, 234, 235,
    238, 239, 241, 242, 243, 246, 247, 250, 251, 254, 255, 257, 258, 259, 262,
    263, 266, 267, 270, 271, 273, 274, 275, 277, 278, 279, 281, 282, 283, 285,
    286, 287, 289, 290, 291, 293, 294, 295, 297, 298, 299, 302, 303, 306, 307,
    309, 310, 311, 314, 315, 317, 318, 319, 321, 322, 323, 326, 327, 330, 331,
    333, 334, 335, 338, 339, 341, 342, 343, 345, 346, 347, 350, 351, 353, 354,
    355, 358, 359, 362, 363, 365, 366, 367, 370, 371, 373, 374, 375, 378, 379,
    381, 382, 383, 386, 387, 389, 390, 391, 394, 395, 397, 398, 399, 402, 403,
    406, 407, 410, 411, 413, 414, 415, 418, 419, 421, 422, 423, 425, 426, 427,
    429, 430, 431, 433, 434, 435, 438, 439, 441, 442, 443, 445, 446, 447
[1] 0, 4, 8, 13, 17, 21, 25, 28, 33, 37, 40, 45, 48, 53, 56, 61, 65, 68, 72,
    76, 80, 84, 89, 93, 96, 101, 105, 108, 112, 117, 121, 125, 128, 132, 136,
    140, 144, 148, 153, 156, 161, 164, 169, 173, 177, 181, 185, 188, 193, 197,
    200, 205, 208, 213, 217, 220, 224, 229, 232, 237, 240, 245, 249, 253, 256,
    261, 265, 269, 272, 276, 280, 284, 288, 292, 296, 301, 305, 308, 313, 316,
    320, 325, 329, 332, 337, 340, 344, 349, 352, 357, 361, 364, 369, 372, 377,
    380, 385, 388, 393, 396, 401, 405, 409, 412, 417, 420, 424, 428, 432, 437,
    440, 444
[2] 12, 16, 20, 24, 32, 36, 44, 52, 60, 64, 88, 92, 100, 104, 116, 120, 124,
    152, 160, 168, 172, 176, 180, 184, 192, 196, 204, 212, 216, 228, 236, 244,
    248, 252, 260, 264, 268, 300, 304, 312, 324, 328, 336, 348, 356, 360, 368,
    376, 384, 392, 400, 404, 408, 416, 436

Reassigned labels
Map:
{"D_0": "D", "D_1": "D", "D_2": "D"}
token_fitness
{"perc_fit_traces": 0.0, "average_trace_fitness": 0.8768205076929377, "log_fitness": 0.895279191745866, "percentage_of_fitting_traces": 0.0}
precision
0.20010665244634052
0.7627118644067797
generalization
0.8087937948554283


###### Starting pipeline for 0.5, Distance.MULTISET_DISTANCE, 1######
Found communities: 

Clustering with 448 elements and 3 clusters
[0] 1, 2, 3, 5, 6, 7, 9, 10, 11, 14, 15, 18, 19, 22, 23, 26, 27, 29, 30, 31,
    34, 35, 38, 39, 41, 42, 43, 46, 47, 49, 50, 51, 54, 55, 57, 58, 59, 62,
    63, 66, 67, 69, 70, 71, 73, 74, 75, 77, 78, 79, 81, 82, 83, 85, 86, 87,
    90, 91, 94, 95, 97, 98, 99, 102, 103, 106, 107, 109, 110, 111, 113, 114,
    115, 118, 119, 122, 123, 126, 127, 129, 130, 131, 133, 134, 135, 137, 138,
    139, 141, 142, 143, 145, 146, 147, 149, 150, 151, 154, 155, 157, 158, 159,
    162, 163, 165, 166, 167, 170, 171, 174, 175, 178, 179, 182, 183, 186, 187,
    189, 190, 191, 194, 195, 198, 199, 201, 202, 203, 206, 207, 209, 210, 211,
    214, 215, 218, 219, 221, 222, 223, 225, 226, 227, 230, 231, 233, 234, 235,
    238, 239, 241, 242, 243, 246, 247, 250, 251, 254, 255, 257, 258, 259, 262,
    263, 266, 267, 270, 271, 273, 274, 275, 277, 278, 279, 281, 282, 283, 285,
    286, 287, 289, 290, 291, 293, 294, 295, 297, 298, 299, 302, 303, 306, 307,
    309, 310, 311, 314, 315, 317, 318, 319, 321, 322, 323, 326, 327, 330, 331,
    333, 334, 335, 338, 339, 341, 342, 343, 345, 346, 347, 350, 351, 353, 354,
    355, 358, 359, 362, 363, 365, 366, 367, 370, 371, 373, 374, 375, 378, 379,
    381, 382, 383, 386, 387, 389, 390, 391, 394, 395, 397, 398, 399, 402, 403,
    406, 407, 410, 411, 413, 414, 415, 418, 419, 421, 422, 423, 425, 426, 427,
    429, 430, 431, 433, 434, 435, 438, 439, 441, 442, 443, 445, 446, 447
[1] 0, 4, 8, 13, 17, 21, 25, 28, 33, 37, 40, 45, 48, 53, 56, 61, 65, 68, 72,
    76, 80, 84, 89, 93, 96, 101, 105, 108, 112, 117, 121, 125, 128, 132, 136,
    140, 144, 148, 153, 156, 161, 164, 169, 173, 177, 181, 185, 188, 193, 197,
    200, 205, 208, 213, 217, 220, 224, 229, 232, 237, 240, 245, 249, 253, 256,
    261, 265, 269, 272, 276, 280, 284, 288, 292, 296, 301, 305, 308, 313, 316,
    320, 325, 329, 332, 337, 340, 344, 349, 352, 357, 361, 364, 369, 372, 377,
    380, 385, 388, 393, 396, 401, 405, 409, 412, 417, 420, 424, 428, 432, 437,
    440, 444
[2] 12, 16, 20, 24, 32, 36, 44, 52, 60, 64, 88, 92, 100, 104, 116, 120, 124,
    152, 160, 168, 172, 176, 180, 184, 192, 196, 204, 212, 216, 228, 236, 244,
    248, 252, 260, 264, 268, 300, 304, 312, 324, 328, 336, 348, 356, 360, 368,
    376, 384, 392, 400, 404, 408, 416, 436

Reassigned labels
Map:
{"D_0": "D", "D_1": "D", "D_2": "D"}
token_fitness
{"perc_fit_traces": 0.0, "average_trace_fitness": 0.8768205076929377, "log_fitness": 0.895279191745866, "percentage_of_fitting_traces": 0.0}
precision
0.20010665244634052
0.7627118644067797
generalization
0.8087937948554283


###### Starting pipeline for 0.75, Distance.MULTISET_DISTANCE, 1######
Found communities: 

Clustering with 448 elements and 3 clusters
[0] 1, 2, 3, 5, 6, 7, 9, 10, 11, 14, 15, 18, 19, 22, 23, 26, 27, 29, 30, 31,
    34, 35, 38, 39, 41, 42, 43, 46, 47, 49, 50, 51, 54, 55, 57, 58, 59, 62,
    63, 66, 67, 69, 70, 71, 73, 74, 75, 77, 78, 79, 81, 82, 83, 85, 86, 87,
    90, 91, 94, 95, 97, 98, 99, 102, 103, 106, 107, 109, 110, 111, 113, 114,
    115, 118, 119, 122, 123, 126, 127, 129, 130, 131, 133, 134, 135, 137, 138,
    139, 141, 142, 143, 145, 146, 147, 149, 150, 151, 154, 155, 157, 158, 159,
    162, 163, 165, 166, 167, 170, 171, 174, 175, 178, 179, 182, 183, 186, 187,
    189, 190, 191, 194, 195, 198, 199, 201, 202, 203, 206, 207, 209, 210, 211,
    214, 215, 218, 219, 221, 222, 223, 225, 226, 227, 230, 231, 233, 234, 235,
    238, 239, 241, 242, 243, 246, 247, 250, 251, 254, 255, 257, 258, 259, 262,
    263, 266, 267, 270, 271, 273, 274, 275, 277, 278, 279, 281, 282, 283, 285,
    286, 287, 289, 290, 291, 293, 294, 295, 297, 298, 299, 302, 303, 306, 307,
    309, 310, 311, 314, 315, 317, 318, 319, 321, 322, 323, 326, 327, 330, 331,
    333, 334, 335, 338, 339, 341, 342, 343, 345, 346, 347, 350, 351, 353, 354,
    355, 358, 359, 362, 363, 365, 366, 367, 370, 371, 373, 374, 375, 378, 379,
    381, 382, 383, 386, 387, 389, 390, 391, 394, 395, 397, 398, 399, 402, 403,
    406, 407, 410, 411, 413, 414, 415, 418, 419, 421, 422, 423, 425, 426, 427,
    429, 430, 431, 433, 434, 435, 438, 439, 441, 442, 443, 445, 446, 447
[1] 0, 4, 8, 13, 17, 21, 25, 28, 33, 37, 40, 45, 48, 53, 56, 61, 65, 68, 72,
    76, 80, 84, 89, 93, 96, 101, 105, 108, 112, 117, 121, 125, 128, 132, 136,
    140, 144, 148, 153, 156, 161, 164, 169, 173, 177, 181, 185, 188, 193, 197,
    200, 205, 208, 213, 217, 220, 224, 229, 232, 237, 240, 245, 249, 253, 256,
    261, 265, 269, 272, 276, 280, 284, 288, 292, 296, 301, 305, 308, 313, 316,
    320, 325, 329, 332, 337, 340, 344, 349, 352, 357, 361, 364, 369, 372, 377,
    380, 385, 388, 393, 396, 401, 405, 409, 412, 417, 420, 424, 428, 432, 437,
    440, 444
[2] 12, 16, 20, 24, 32, 36, 44, 52, 60, 64, 88, 92, 100, 104, 116, 120, 124,
    152, 160, 168, 172, 176, 180, 184, 192, 196, 204, 212, 216, 228, 236, 244,
    248, 252, 260, 264, 268, 300, 304, 312, 324, 328, 336, 348, 356, 360, 368,
    376, 384, 392, 400, 404, 408, 416, 436

Reassigned labels
Map:
{"D_0": "D", "D_1": "D", "D_2": "D"}
token_fitness
{"perc_fit_traces": 0.0, "average_trace_fitness": 0.8768205076929377, "log_fitness": 0.895279191745866, "percentage_of_fitting_traces": 0.0}
precision
0.20010665244634052
0.7627118644067797
generalization
0.8087937948554283


###### Starting pipeline for 1, Distance.MULTISET_DISTANCE, 1######
Found communities: 

Clustering with 448 elements and 3 clusters
[0] 1, 2, 3, 5, 6, 7, 9, 10, 11, 14, 15, 18, 19, 22, 23, 26, 27, 29, 30, 31,
    34, 35, 38, 39, 41, 42, 43, 46, 47, 49, 50, 51, 54, 55, 57, 58, 59, 62,
    63, 66, 67, 69, 70, 71, 73, 74, 75, 77, 78, 79, 81, 82, 83, 85, 86, 87,
    90, 91, 94, 95, 97, 98, 99, 102, 103, 106, 107, 109, 110, 111, 113, 114,
    115, 118, 119, 122, 123, 126, 127, 129, 130, 131, 133, 134, 135, 137, 138,
    139, 141, 142, 143, 145, 146, 147, 149, 150, 151, 154, 155, 157, 158, 159,
    162, 163, 165, 166, 167, 170, 171, 174, 175, 178, 179, 182, 183, 186, 187,
    189, 190, 191, 194, 195, 198, 199, 201, 202, 203, 206, 207, 209, 210, 211,
    214, 215, 218, 219, 221, 222, 223, 225, 226, 227, 230, 231, 233, 234, 235,
    238, 239, 241, 242, 243, 246, 247, 250, 251, 254, 255, 257, 258, 259, 262,
    263, 266, 267, 270, 271, 273, 274, 275, 277, 278, 279, 281, 282, 283, 285,
    286, 287, 289, 290, 291, 293, 294, 295, 297, 298, 299, 302, 303, 306, 307,
    309, 310, 311, 314, 315, 317, 318, 319, 321, 322, 323, 326, 327, 330, 331,
    333, 334, 335, 338, 339, 341, 342, 343, 345, 346, 347, 350, 351, 353, 354,
    355, 358, 359, 362, 363, 365, 366, 367, 370, 371, 373, 374, 375, 378, 379,
    381, 382, 383, 386, 387, 389, 390, 391, 394, 395, 397, 398, 399, 402, 403,
    406, 407, 410, 411, 413, 414, 415, 418, 419, 421, 422, 423, 425, 426, 427,
    429, 430, 431, 433, 434, 435, 438, 439, 441, 442, 443, 445, 446, 447
[1] 0, 4, 8, 13, 17, 21, 25, 28, 33, 37, 40, 45, 48, 53, 56, 61, 65, 68, 72,
    76, 80, 84, 89, 93, 96, 101, 105, 108, 112, 117, 121, 125, 128, 132, 136,
    140, 144, 148, 153, 156, 161, 164, 169, 173, 177, 181, 185, 188, 193, 197,
    200, 205, 208, 213, 217, 220, 224, 229, 232, 237, 240, 245, 249, 253, 256,
    261, 265, 269, 272, 276, 280, 284, 288, 292, 296, 301, 305, 308, 313, 316,
    320, 325, 329, 332, 337, 340, 344, 349, 352, 357, 361, 364, 369, 372, 377,
    380, 385, 388, 393, 396, 401, 405, 409, 412, 417, 420, 424, 428, 432, 437,
    440, 444
[2] 12, 16, 20, 24, 32, 36, 44, 52, 60, 64, 88, 92, 100, 104, 116, 120, 124,
    152, 160, 168, 172, 176, 180, 184, 192, 196, 204, 212, 216, 228, 236, 244,
    248, 252, 260, 264, 268, 300, 304, 312, 324, 328, 336, 348, 356, 360, 368,
    376, 384, 392, 400, 404, 408, 416, 436

Reassigned labels
Map:
{"D_0": "D", "D_1": "D", "D_2": "D"}
token_fitness
{"perc_fit_traces": 0.0, "average_trace_fitness": 0.8768205076929377, "log_fitness": 0.895279191745866, "percentage_of_fitting_traces": 0.0}
precision
0.20010665244634052
0.7627118644067797
generalization
0.8087937948554283


###### Starting pipeline for 0, Distance.EDIT_DISTANCE, 3######
Found communities: 

Clustering with 448 elements and 4 clusters
[0] 0, 4, 8, 12, 13, 16, 17, 20, 21, 24, 25, 28, 32, 33, 36, 37, 40, 44, 45,
    48, 52, 53, 56, 60, 61, 64, 65, 68, 72, 76, 80, 84, 88, 89, 92, 93, 96,
    100, 101, 104, 105, 108, 112, 116, 117, 120, 121, 124, 125, 128, 132, 136,
    140, 144, 148, 152, 153, 156, 160, 161, 164, 168, 169, 172, 173, 176, 177,
    180, 181, 184, 185, 188, 192, 193, 196, 197, 200, 204, 205, 208, 212, 213,
    216, 217, 220, 224, 228, 229, 232, 236, 237, 240, 244, 245, 248, 249, 252,
    253, 256, 260, 261, 264, 265, 268, 269, 272, 276, 280, 284, 288, 292, 296,
    300, 301, 304, 305, 308, 312, 313, 316, 320, 324, 325, 328, 329, 332, 336,
    337, 340, 344, 348, 349, 352, 356, 357, 360, 361, 364, 368, 369, 372, 376,
    377, 380, 384, 385, 388, 392, 393, 396, 400, 401, 404, 405, 408, 409, 412,
    416, 417, 420, 424, 428, 432, 436, 437, 440, 444
[1] 3, 7, 11, 15, 19, 23, 27, 31, 35, 39, 43, 47, 51, 55, 59, 63, 67, 71, 75,
    79, 83, 87, 91, 95, 99, 103, 107, 111, 115, 119, 123, 127, 131, 135, 139,
    143, 147, 151, 155, 159, 163, 167, 171, 175, 179, 183, 187, 191, 195, 199,
    203, 207, 211, 215, 219, 223, 227, 231, 235, 239, 243, 247, 251, 255, 259,
    263, 267, 271, 275, 279, 283, 287, 291, 295, 299, 303, 307, 311, 315, 319,
    323, 327, 331, 335, 339, 343, 347, 351, 355, 359, 363, 367, 371, 375, 379,
    383, 387, 391, 395, 399, 403, 407, 411, 415, 419, 423, 427, 431, 435, 439,
    443, 447
[2] 2, 6, 10, 14, 18, 22, 26, 30, 34, 38, 42, 46, 50, 54, 58, 62, 66, 70, 74,
    78, 82, 86, 90, 94, 98, 102, 106, 110, 114, 118, 122, 126, 130, 134, 138,
    142, 146, 150, 154, 158, 162, 166, 170, 174, 178, 182, 186, 190, 194, 198,
    202, 206, 210, 214, 218, 222, 226, 230, 234, 238, 242, 246, 250, 254, 258,
    262, 266, 270, 274, 278, 282, 286, 290, 294, 298, 302, 306, 310, 314, 318,
    322, 326, 330, 334, 338, 342, 346, 350, 354, 358, 362, 366, 370, 374, 378,
    382, 386, 390, 394, 398, 402, 406, 410, 414, 418, 422, 426, 430, 434, 438,
    442, 446
[3] 1, 5, 9, 29, 41, 49, 57, 69, 73, 77, 81, 85, 97, 109, 113, 129, 133, 137,
    141, 145, 149, 157, 165, 189, 201, 209, 221, 225, 233, 241, 257, 273, 277,
    281, 285, 289, 293, 297, 309, 317, 321, 333, 341, 345, 353, 365, 373, 381,
    389, 397, 413, 421, 425, 429, 433, 441, 445

Reassigned labels
Map:
{"D_0": "D", "D_1": "D", "D_2": "D", "D_3": "D"}
token_fitness
{"perc_fit_traces": 0.0, "average_trace_fitness": 0.8768205076929377, "log_fitness": 0.895279191745866, "percentage_of_fitting_traces": 0.0}
precision
0.20010665244634052
0.7627118644067797
generalization
0.8087937948554283


###### Starting pipeline for 0.25, Distance.EDIT_DISTANCE, 3######
Found communities: 

Clustering with 448 elements and 3 clusters
[0] 0, 1, 4, 5, 8, 9, 12, 13, 16, 17, 20, 21, 24, 25, 28, 29, 32, 33, 36, 37,
    40, 41, 44, 45, 48, 49, 52, 53, 56, 57, 60, 61, 64, 65, 68, 69, 72, 73,
    76, 77, 80, 81, 84, 85, 88, 89, 92, 93, 96, 97, 100, 101, 104, 105, 108,
    109, 112, 113, 116, 117, 120, 121, 124, 125, 128, 129, 132, 133, 136, 137,
    140, 141, 144, 145, 148, 149, 152, 153, 156, 157, 160, 161, 164, 165, 168,
    169, 172, 173, 176, 177, 180, 181, 184, 185, 188, 189, 192, 193, 196, 197,
    200, 201, 204, 205, 208, 209, 212, 213, 216, 217, 220, 221, 224, 225, 228,
    229, 232, 233, 236, 237, 240, 241, 244, 245, 248, 249, 252, 253, 256, 257,
    260, 261, 264, 265, 268, 269, 272, 273, 276, 277, 280, 281, 284, 285, 288,
    289, 292, 293, 296, 297, 300, 301, 304, 305, 308, 309, 312, 313, 316, 317,
    320, 321, 324, 325, 328, 329, 332, 333, 336, 337, 340, 341, 344, 345, 348,
    349, 352, 353, 356, 357, 360, 361, 364, 365, 368, 369, 372, 373, 376, 377,
    380, 381, 384, 385, 388, 389, 392, 393, 396, 397, 400, 401, 404, 405, 408,
    409, 412, 413, 416, 417, 420, 421, 424, 425, 428, 429, 432, 433, 436, 437,
    440, 441, 444, 445
[1] 2, 3, 6, 7, 10, 11, 15, 19, 23, 27, 30, 31, 35, 39, 42, 43, 47, 50, 51,
    55, 58, 59, 63, 67, 70, 71, 74, 75, 78, 79, 82, 83, 86, 87, 91, 95, 98,
    99, 103, 107, 110, 111, 114, 115, 119, 123, 127, 130, 131, 134, 135, 138,
    139, 142, 143, 146, 147, 150, 151, 155, 158, 159, 163, 166, 167, 171, 175,
    179, 183, 187, 190, 191, 195, 199, 202, 203, 207, 210, 211, 215, 219, 222,
    223, 226, 227, 231, 234, 235, 239, 242, 243, 247, 251, 255, 258, 259, 263,
    267, 271, 274, 275, 278, 279, 282, 283, 286, 287, 290, 291, 294, 295, 298,
    299, 303, 307, 310, 311, 315, 318, 319, 322, 323, 327, 331, 334, 335, 339,
    342, 343, 346, 347, 351, 354, 355, 359, 363, 366, 367, 371, 374, 375, 379,
    382, 383, 387, 390, 391, 395, 398, 399, 403, 407, 411, 414, 415, 419, 422,
    423, 426, 427, 430, 431, 434, 435, 439, 442, 443, 446, 447
[2] 14, 18, 22, 26, 34, 38, 46, 54, 62, 66, 90, 94, 102, 106, 118, 122, 126,
    154, 162, 170, 174, 178, 182, 186, 194, 198, 206, 214, 218, 230, 238, 246,
    250, 254, 262, 266, 270, 302, 306, 314, 326, 330, 338, 350, 358, 362, 370,
    378, 386, 394, 402, 406, 410, 418, 438

Reassigned labels
Map:
{"D_0": "D", "D_1": "D", "D_2": "D"}
token_fitness
{"perc_fit_traces": 0.0, "average_trace_fitness": 0.8768205076929377, "log_fitness": 0.895279191745866, "percentage_of_fitting_traces": 0.0}
precision
0.20010665244634052
0.7627118644067797
generalization
0.8087937948554283


###### Starting pipeline for 0.5, Distance.EDIT_DISTANCE, 3######
Found communities: 

Clustering with 448 elements and 3 clusters
[0] 0, 1, 4, 5, 8, 9, 12, 13, 16, 17, 20, 21, 24, 25, 28, 29, 32, 33, 36, 37,
    40, 41, 44, 45, 48, 49, 52, 53, 56, 57, 60, 61, 64, 65, 68, 69, 72, 73,
    76, 77, 80, 81, 84, 85, 88, 89, 92, 93, 96, 97, 100, 101, 104, 105, 108,
    109, 112, 113, 116, 117, 120, 121, 124, 125, 128, 129, 132, 133, 136, 137,
    140, 141, 144, 145, 148, 149, 152, 153, 156, 157, 160, 161, 164, 165, 168,
    169, 172, 173, 176, 177, 180, 181, 184, 185, 188, 189, 192, 193, 196, 197,
    200, 201, 204, 205, 208, 209, 212, 213, 216, 217, 220, 221, 224, 225, 228,
    229, 232, 233, 236, 237, 240, 241, 244, 245, 248, 249, 252, 253, 256, 257,
    260, 261, 264, 265, 268, 269, 272, 273, 276, 277, 280, 281, 284, 285, 288,
    289, 292, 293, 296, 297, 300, 301, 304, 305, 308, 309, 312, 313, 316, 317,
    320, 321, 324, 325, 328, 329, 332, 333, 336, 337, 340, 341, 344, 345, 348,
    349, 352, 353, 356, 357, 360, 361, 364, 365, 368, 369, 372, 373, 376, 377,
    380, 381, 384, 385, 388, 389, 392, 393, 396, 397, 400, 401, 404, 405, 408,
    409, 412, 413, 416, 417, 420, 421, 424, 425, 428, 429, 432, 433, 436, 437,
    440, 441, 444, 445
[1] 2, 3, 6, 7, 10, 11, 15, 19, 23, 27, 30, 31, 35, 39, 42, 43, 47, 50, 51,
    55, 58, 59, 63, 67, 70, 71, 74, 75, 78, 79, 82, 83, 86, 87, 91, 95, 98,
    99, 103, 107, 110, 111, 114, 115, 119, 123, 127, 130, 131, 134, 135, 138,
    139, 142, 143, 146, 147, 150, 151, 155, 158, 159, 163, 166, 167, 171, 175,
    179, 183, 187, 190, 191, 195, 199, 202, 203, 207, 210, 211, 215, 219, 222,
    223, 226, 227, 231, 234, 235, 239, 242, 243, 247, 251, 255, 258, 259, 263,
    267, 271, 274, 275, 278, 279, 282, 283, 286, 287, 290, 291, 294, 295, 298,
    299, 303, 307, 310, 311, 315, 318, 319, 322, 323, 327, 331, 334, 335, 339,
    342, 343, 346, 347, 351, 354, 355, 359, 363, 366, 367, 371, 374, 375, 379,
    382, 383, 387, 390, 391, 395, 398, 399, 403, 407, 411, 414, 415, 419, 422,
    423, 426, 427, 430, 431, 434, 435, 439, 442, 443, 446, 447
[2] 14, 18, 22, 26, 34, 38, 46, 54, 62, 66, 90, 94, 102, 106, 118, 122, 126,
    154, 162, 170, 174, 178, 182, 186, 194, 198, 206, 214, 218, 230, 238, 246,
    250, 254, 262, 266, 270, 302, 306, 314, 326, 330, 338, 350, 358, 362, 370,
    378, 386, 394, 402, 406, 410, 418, 438

Reassigned labels
Map:
{"D_0": "D", "D_1": "D", "D_2": "D"}
token_fitness
{"perc_fit_traces": 0.0, "average_trace_fitness": 0.8768205076929377, "log_fitness": 0.895279191745866, "percentage_of_fitting_traces": 0.0}
precision
0.20010665244634052
0.7627118644067797
generalization
0.8087937948554283


###### Starting pipeline for 0.75, Distance.EDIT_DISTANCE, 3######
Found communities: 

Clustering with 448 elements and 5 clusters
[0] 0, 1, 4, 5, 8, 9, 13, 17, 21, 25, 28, 29, 33, 37, 40, 41, 45, 48, 49, 53,
    56, 57, 61, 65, 68, 69, 72, 73, 76, 77, 80, 81, 84, 85, 89, 93, 96, 97,
    101, 105, 108, 109, 112, 113, 117, 121, 125, 128, 129, 132, 133, 136, 137,
    140, 141, 144, 145, 148, 149, 153, 156, 157, 161, 164, 165, 169, 173, 177,
    181, 185, 188, 189, 193, 197, 200, 201, 205, 208, 209, 213, 217, 220, 221,
    224, 225, 229, 232, 233, 237, 240, 241, 245, 249, 253, 256, 257, 261, 265,
    269, 272, 273, 276, 277, 280, 281, 284, 285, 288, 289, 292, 293, 296, 297,
    301, 305, 308, 309, 313, 316, 317, 320, 321, 325, 329, 332, 333, 337, 340,
    341, 344, 345, 349, 352, 353, 357, 361, 364, 365, 369, 372, 373, 377, 380,
    381, 385, 388, 389, 393, 396, 397, 401, 405, 409, 412, 413, 417, 420, 421,
    424, 425, 428, 429, 432, 433, 437, 440, 441, 444, 445
[1] 3, 7, 11, 15, 19, 23, 27, 31, 35, 39, 43, 47, 51, 55, 59, 63, 67, 71, 75,
    79, 83, 87, 91, 95, 99, 103, 107, 111, 115, 119, 123, 127, 131, 135, 139,
    143, 147, 151, 155, 159, 163, 167, 171, 175, 179, 183, 187, 191, 195, 199,
    203, 207, 211, 215, 219, 223, 227, 231, 235, 239, 243, 247, 251, 255, 259,
    263, 267, 271, 275, 279, 283, 287, 291, 295, 299, 303, 307, 311, 315, 319,
    323, 327, 331, 335, 339, 343, 347, 351, 355, 359, 363, 367, 371, 375, 379,
    383, 387, 391, 395, 399, 403, 407, 411, 415, 419, 423, 427, 431, 435, 439,
    443, 447
[2] 2, 6, 10, 30, 42, 50, 58, 70, 74, 78, 82, 86, 98, 110, 114, 130, 134, 138,
    142, 146, 150, 158, 166, 190, 202, 210, 222, 226, 234, 242, 258, 274, 278,
    282, 286, 290, 294, 298, 310, 318, 322, 334, 342, 346, 354, 366, 374, 382,
    390, 398, 414, 422, 426, 430, 434, 442, 446
[3] 12, 16, 20, 24, 32, 36, 44, 52, 60, 64, 88, 92, 100, 104, 116, 120, 124,
    152, 160, 168, 172, 176, 180, 184, 192, 196, 204, 212, 216, 228, 236, 244,
    248, 252, 260, 264, 268, 300, 304, 312, 324, 328, 336, 348, 356, 360, 368,
    376, 384, 392, 400, 404, 408, 416, 436
[4] 14, 18, 22, 26, 34, 38, 46, 54, 62, 66, 90, 94, 102, 106, 118, 122, 126,
    154, 162, 170, 174, 178, 182, 186, 194, 198, 206, 214, 218, 230, 238, 246,
    250, 254, 262, 266, 270, 302, 306, 314, 326, 330, 338, 350, 358, 362, 370,
    378, 386, 394, 402, 406, 410, 418, 438

Reassigned labels
Map:
{"D_0": "D", "D_1": "D", "D_2": "D", "D_3": "D", "D_4": "D"}
token_fitness
{"perc_fit_traces": 0.0, "average_trace_fitness": 0.8768205076929377, "log_fitness": 0.895279191745866, "percentage_of_fitting_traces": 0.0}
precision
0.20010665244634052
0.7627118644067797
generalization
0.8087937948554283


###### Starting pipeline for 1, Distance.EDIT_DISTANCE, 3######
Found communities: 

Clustering with 448 elements and 8 clusters
[0] 1, 5, 9, 29, 41, 49, 57, 69, 73, 77, 81, 85, 97, 109, 113, 129, 133, 137,
    141, 145, 149, 157, 165, 189, 201, 209, 221, 225, 233, 241, 257, 273, 277,
    281, 285, 289, 293, 297, 309, 317, 321, 333, 341, 345, 353, 365, 373, 381,
    389, 397, 413, 421, 425, 429, 433, 441, 445
[1] 2, 6, 10, 30, 42, 50, 58, 70, 74, 78, 82, 86, 98, 110, 114, 130, 134, 138,
    142, 146, 150, 158, 166, 190, 202, 210, 222, 226, 234, 242, 258, 274, 278,
    282, 286, 290, 294, 298, 310, 318, 322, 334, 342, 346, 354, 366, 374, 382,
    390, 398, 414, 422, 426, 430, 434, 442, 446
[2] 3, 7, 11, 31, 43, 51, 59, 71, 75, 79, 83, 87, 99, 111, 115, 131, 135, 139,
    143, 147, 151, 159, 167, 191, 203, 211, 223, 227, 235, 243, 259, 275, 279,
    283, 287, 291, 295, 299, 311, 319, 323, 335, 343, 347, 355, 367, 375, 383,
    391, 399, 415, 423, 427, 431, 435, 443, 447
[3] 0, 4, 8, 28, 40, 48, 56, 68, 72, 76, 80, 84, 96, 108, 112, 128, 132, 136,
    140, 144, 148, 156, 164, 188, 200, 208, 220, 224, 232, 240, 256, 272, 276,
    280, 284, 288, 292, 296, 308, 316, 320, 332, 340, 344, 352, 364, 372, 380,
    388, 396, 412, 420, 424, 428, 432, 440, 444
[4] 12, 16, 20, 24, 32, 36, 44, 52, 60, 64, 88, 92, 100, 104, 116, 120, 124,
    152, 160, 168, 172, 176, 180, 184, 192, 196, 204, 212, 216, 228, 236, 244,
    248, 252, 260, 264, 268, 300, 304, 312, 324, 328, 336, 348, 356, 360, 368,
    376, 384, 392, 400, 404, 408, 416, 436
[5] 13, 17, 21, 25, 33, 37, 45, 53, 61, 65, 89, 93, 101, 105, 117, 121, 125,
    153, 161, 169, 173, 177, 181, 185, 193, 197, 205, 213, 217, 229, 237, 245,
    249, 253, 261, 265, 269, 301, 305, 313, 325, 329, 337, 349, 357, 361, 369,
    377, 385, 393, 401, 405, 409, 417, 437
[6] 14, 18, 22, 26, 34, 38, 46, 54, 62, 66, 90, 94, 102, 106, 118, 122, 126,
    154, 162, 170, 174, 178, 182, 186, 194, 198, 206, 214, 218, 230, 238, 246,
    250, 254, 262, 266, 270, 302, 306, 314, 326, 330, 338, 350, 358, 362, 370,
    378, 386, 394, 402, 406, 410, 418, 438
[7] 15, 19, 23, 27, 35, 39, 47, 55, 63, 67, 91, 95, 103, 107, 119, 123, 127,
    155, 163, 171, 175, 179, 183, 187, 195, 199, 207, 215, 219, 231, 239, 247,
    251, 255, 263, 267, 271, 303, 307, 315, 327, 331, 339, 351, 359, 363, 371,
    379, 387, 395, 403, 407, 411, 419, 439

Reassigned labels
Map:
{"D_0": "D", "D_1": "D", "D_2": "D", "D_3": "D", "D_4": "D", "D_5": "D", "D_6": "D", "D_7": "D"}
token_fitness
{"perc_fit_traces": 0.0, "average_trace_fitness": 0.8768205076929377, "log_fitness": 0.895279191745866, "percentage_of_fitting_traces": 0.0}
precision
0.20010665244634052
0.7627118644067797
generalization
0.8087937948554283


###### Starting pipeline for 0, Distance.SET_DISTANCE, 3######
Found communities: 

Clustering with 448 elements and 4 clusters
[0] 3, 7, 11, 15, 19, 23, 27, 31, 35, 39, 43, 47, 51, 55, 59, 63, 67, 71, 75,
    79, 83, 87, 91, 95, 99, 103, 107, 111, 115, 119, 123, 127, 131, 135, 139,
    143, 147, 151, 155, 159, 163, 167, 171, 175, 179, 183, 187, 191, 195, 199,
    203, 207, 211, 215, 219, 223, 227, 231, 235, 239, 243, 247, 251, 255, 259,
    263, 267, 271, 275, 279, 283, 287, 291, 295, 299, 303, 307, 311, 315, 319,
    323, 327, 331, 335, 339, 343, 347, 351, 355, 359, 363, 367, 371, 375, 379,
    383, 387, 391, 395, 399, 403, 407, 411, 415, 419, 423, 427, 431, 435, 439,
    443, 447
[1] 0, 4, 8, 12, 16, 20, 24, 28, 32, 36, 40, 44, 48, 52, 56, 60, 64, 68, 72,
    76, 80, 84, 88, 92, 96, 100, 104, 108, 112, 116, 120, 124, 128, 132, 136,
    140, 144, 148, 152, 156, 160, 164, 168, 172, 176, 180, 184, 188, 192, 196,
    200, 204, 208, 212, 216, 220, 224, 228, 232, 236, 240, 244, 248, 252, 256,
    260, 264, 268, 272, 276, 280, 284, 288, 292, 296, 300, 304, 308, 312, 316,
    320, 324, 328, 332, 336, 340, 344, 348, 352, 356, 360, 364, 368, 372, 376,
    380, 384, 388, 392, 396, 400, 404, 408, 412, 416, 420, 424, 428, 432, 436,
    440, 444
[2] 1, 5, 9, 13, 17, 21, 25, 29, 33, 37, 41, 45, 49, 53, 57, 61, 65, 69, 73,
    77, 81, 85, 89, 93, 97, 101, 105, 109, 113, 117, 121, 125, 129, 133, 137,
    141, 145, 149, 153, 157, 161, 165, 169, 173, 177, 181, 185, 189, 193, 197,
    201, 205, 209, 213, 217, 221, 225, 229, 233, 237, 241, 245, 249, 253, 257,
    261, 265, 269, 273, 277, 281, 285, 289, 293, 297, 301, 305, 309, 313, 317,
    321, 325, 329, 333, 337, 341, 345, 349, 353, 357, 361, 365, 369, 373, 377,
    381, 385, 389, 393, 397, 401, 405, 409, 413, 417, 421, 425, 429, 433, 437,
    441, 445
[3] 2, 6, 10, 14, 18, 22, 26, 30, 34, 38, 42, 46, 50, 54, 58, 62, 66, 70, 74,
    78, 82, 86, 90, 94, 98, 102, 106, 110, 114, 118, 122, 126, 130, 134, 138,
    142, 146, 150, 154, 158, 162, 166, 170, 174, 178, 182, 186, 190, 194, 198,
    202, 206, 210, 214, 218, 222, 226, 230, 234, 238, 242, 246, 250, 254, 258,
    262, 266, 270, 274, 278, 282, 286, 290, 294, 298, 302, 306, 310, 314, 318,
    322, 326, 330, 334, 338, 342, 346, 350, 354, 358, 362, 366, 370, 374, 378,
    382, 386, 390, 394, 398, 402, 406, 410, 414, 418, 422, 426, 430, 434, 438,
    442, 446

Reassigned labels
Map:
{"D_0": "D", "D_1": "D", "D_2": "D", "D_3": "D"}
token_fitness
{"perc_fit_traces": 0.0, "average_trace_fitness": 0.8768205076929377, "log_fitness": 0.895279191745866, "percentage_of_fitting_traces": 0.0}
precision
0.20010665244634052
0.7627118644067797
generalization
0.8087937948554283


###### Starting pipeline for 0.25, Distance.SET_DISTANCE, 3######
Found communities: 

Clustering with 448 elements and 4 clusters
[0] 3, 7, 11, 15, 19, 23, 27, 31, 35, 39, 43, 47, 51, 55, 59, 63, 67, 71, 75,
    79, 83, 87, 91, 95, 99, 103, 107, 111, 115, 119, 123, 127, 131, 135, 139,
    143, 147, 151, 155, 159, 163, 167, 171, 175, 179, 183, 187, 191, 195, 199,
    203, 207, 211, 215, 219, 223, 227, 231, 235, 239, 243, 247, 251, 255, 259,
    263, 267, 271, 275, 279, 283, 287, 291, 295, 299, 303, 307, 311, 315, 319,
    323, 327, 331, 335, 339, 343, 347, 351, 355, 359, 363, 367, 371, 375, 379,
    383, 387, 391, 395, 399, 403, 407, 411, 415, 419, 423, 427, 431, 435, 439,
    443, 447
[1] 0, 4, 8, 12, 16, 20, 24, 28, 32, 36, 40, 44, 48, 52, 56, 60, 64, 68, 72,
    76, 80, 84, 88, 92, 96, 100, 104, 108, 112, 116, 120, 124, 128, 132, 136,
    140, 144, 148, 152, 156, 160, 164, 168, 172, 176, 180, 184, 188, 192, 196,
    200, 204, 208, 212, 216, 220, 224, 228, 232, 236, 240, 244, 248, 252, 256,
    260, 264, 268, 272, 276, 280, 284, 288, 292, 296, 300, 304, 308, 312, 316,
    320, 324, 328, 332, 336, 340, 344, 348, 352, 356, 360, 364, 368, 372, 376,
    380, 384, 388, 392, 396, 400, 404, 408, 412, 416, 420, 424, 428, 432, 436,
    440, 444
[2] 1, 5, 9, 13, 17, 21, 25, 29, 33, 37, 41, 45, 49, 53, 57, 61, 65, 69, 73,
    77, 81, 85, 89, 93, 97, 101, 105, 109, 113, 117, 121, 125, 129, 133, 137,
    141, 145, 149, 153, 157, 161, 165, 169, 173, 177, 181, 185, 189, 193, 197,
    201, 205, 209, 213, 217, 221, 225, 229, 233, 237, 241, 245, 249, 253, 257,
    261, 265, 269, 273, 277, 281, 285, 289, 293, 297, 301, 305, 309, 313, 317,
    321, 325, 329, 333, 337, 341, 345, 349, 353, 357, 361, 365, 369, 373, 377,
    381, 385, 389, 393, 397, 401, 405, 409, 413, 417, 421, 425, 429, 433, 437,
    441, 445
[3] 2, 6, 10, 14, 18, 22, 26, 30, 34, 38, 42, 46, 50, 54, 58, 62, 66, 70, 74,
    78, 82, 86, 90, 94, 98, 102, 106, 110, 114, 118, 122, 126, 130, 134, 138,
    142, 146, 150, 154, 158, 162, 166, 170, 174, 178, 182, 186, 190, 194, 198,
    202, 206, 210, 214, 218, 222, 226, 230, 234, 238, 242, 246, 250, 254, 258,
    262, 266, 270, 274, 278, 282, 286, 290, 294, 298, 302, 306, 310, 314, 318,
    322, 326, 330, 334, 338, 342, 346, 350, 354, 358, 362, 366, 370, 374, 378,
    382, 386, 390, 394, 398, 402, 406, 410, 414, 418, 422, 426, 430, 434, 438,
    442, 446

Reassigned labels
Map:
{"D_0": "D", "D_1": "D", "D_2": "D", "D_3": "D"}
token_fitness
{"perc_fit_traces": 0.0, "average_trace_fitness": 0.8768205076929377, "log_fitness": 0.895279191745866, "percentage_of_fitting_traces": 0.0}
precision
0.20010665244634052
0.7627118644067797
generalization
0.8087937948554283


###### Starting pipeline for 0.5, Distance.SET_DISTANCE, 3######
Found communities: 

Clustering with 448 elements and 4 clusters
[0] 0, 4, 8, 12, 16, 20, 24, 28, 32, 36, 40, 44, 48, 52, 56, 60, 64, 68, 72,
    76, 80, 84, 88, 92, 96, 100, 104, 108, 112, 116, 120, 124, 128, 132, 136,
    140, 144, 148, 152, 156, 160, 164, 168, 172, 176, 180, 184, 188, 192, 196,
    200, 204, 208, 212, 216, 220, 224, 228, 232, 236, 240, 244, 248, 252, 256,
    260, 264, 268, 272, 276, 280, 284, 288, 292, 296, 300, 304, 308, 312, 316,
    320, 324, 328, 332, 336, 340, 344, 348, 352, 356, 360, 364, 368, 372, 376,
    380, 384, 388, 392, 396, 400, 404, 408, 412, 416, 420, 424, 428, 432, 436,
    440, 444
[1] 3, 7, 11, 15, 19, 23, 27, 31, 35, 39, 43, 47, 51, 55, 59, 63, 67, 71, 75,
    79, 83, 87, 91, 95, 99, 103, 107, 111, 115, 119, 123, 127, 131, 135, 139,
    143, 147, 151, 155, 159, 163, 167, 171, 175, 179, 183, 187, 191, 195, 199,
    203, 207, 211, 215, 219, 223, 227, 231, 235, 239, 243, 247, 251, 255, 259,
    263, 267, 271, 275, 279, 283, 287, 291, 295, 299, 303, 307, 311, 315, 319,
    323, 327, 331, 335, 339, 343, 347, 351, 355, 359, 363, 367, 371, 375, 379,
    383, 387, 391, 395, 399, 403, 407, 411, 415, 419, 423, 427, 431, 435, 439,
    443, 447
[2] 2, 6, 10, 14, 18, 22, 26, 30, 34, 38, 42, 46, 50, 54, 58, 62, 66, 70, 74,
    78, 82, 86, 90, 94, 98, 102, 106, 110, 114, 118, 122, 126, 130, 134, 138,
    142, 146, 150, 154, 158, 162, 166, 170, 174, 178, 182, 186, 190, 194, 198,
    202, 206, 210, 214, 218, 222, 226, 230, 234, 238, 242, 246, 250, 254, 258,
    262, 266, 270, 274, 278, 282, 286, 290, 294, 298, 302, 306, 310, 314, 318,
    322, 326, 330, 334, 338, 342, 346, 350, 354, 358, 362, 366, 370, 374, 378,
    382, 386, 390, 394, 398, 402, 406, 410, 414, 418, 422, 426, 430, 434, 438,
    442, 446
[3] 1, 5, 9, 13, 17, 21, 25, 29, 33, 37, 41, 45, 49, 53, 57, 61, 65, 69, 73,
    77, 81, 85, 89, 93, 97, 101, 105, 109, 113, 117, 121, 125, 129, 133, 137,
    141, 145, 149, 153, 157, 161, 165, 169, 173, 177, 181, 185, 189, 193, 197,
    201, 205, 209, 213, 217, 221, 225, 229, 233, 237, 241, 245, 249, 253, 257,
    261, 265, 269, 273, 277, 281, 285, 289, 293, 297, 301, 305, 309, 313, 317,
    321, 325, 329, 333, 337, 341, 345, 349, 353, 357, 361, 365, 369, 373, 377,
    381, 385, 389, 393, 397, 401, 405, 409, 413, 417, 421, 425, 429, 433, 437,
    441, 445

Reassigned labels
Map:
{"D_0": "D", "D_1": "D", "D_2": "D", "D_3": "D"}
token_fitness
{"perc_fit_traces": 0.0, "average_trace_fitness": 0.8768205076929377, "log_fitness": 0.895279191745866, "percentage_of_fitting_traces": 0.0}
precision
0.20010665244634052
0.7627118644067797
generalization
0.8087937948554283


###### Starting pipeline for 0.75, Distance.SET_DISTANCE, 3######
Found communities: 

Clustering with 448 elements and 4 clusters
[0] 0, 1, 4, 5, 8, 9, 13, 17, 21, 25, 28, 29, 33, 37, 40, 41, 45, 48, 49, 53,
    56, 57, 61, 65, 68, 69, 72, 73, 76, 77, 80, 81, 84, 85, 89, 93, 96, 97,
    101, 105, 108, 109, 112, 113, 117, 121, 125, 128, 129, 132, 133, 136, 137,
    140, 141, 144, 145, 148, 149, 153, 156, 157, 161, 164, 165, 169, 173, 177,
    181, 185, 188, 189, 193, 197, 200, 201, 205, 208, 209, 213, 217, 220, 221,
    224, 225, 229, 232, 233, 237, 240, 241, 245, 249, 253, 256, 257, 261, 265,
    269, 272, 273, 276, 277, 280, 281, 284, 285, 288, 289, 292, 293, 296, 297,
    301, 305, 308, 309, 313, 316, 317, 320, 321, 325, 329, 332, 333, 337, 340,
    341, 344, 345, 349, 352, 353, 357, 361, 364, 365, 369, 372, 373, 377, 380,
    381, 385, 388, 389, 393, 396, 397, 401, 405, 409, 412, 413, 417, 420, 421,
    424, 425, 428, 429, 432, 433, 437, 440, 441, 444, 445
[1] 3, 7, 11, 15, 19, 23, 27, 31, 35, 39, 43, 47, 51, 55, 59, 63, 67, 71, 75,
    79, 83, 87, 91, 95, 99, 103, 107, 111, 115, 119, 123, 127, 131, 135, 139,
    143, 147, 151, 155, 159, 163, 167, 171, 175, 179, 183, 187, 191, 195, 199,
    203, 207, 211, 215, 219, 223, 227, 231, 235, 239, 243, 247, 251, 255, 259,
    263, 267, 271, 275, 279, 283, 287, 291, 295, 299, 303, 307, 311, 315, 319,
    323, 327, 331, 335, 339, 343, 347, 351, 355, 359, 363, 367, 371, 375, 379,
    383, 387, 391, 395, 399, 403, 407, 411, 415, 419, 423, 427, 431, 435, 439,
    443, 447
[2] 2, 6, 10, 14, 18, 22, 26, 30, 34, 38, 42, 46, 50, 54, 58, 62, 66, 70, 74,
    78, 82, 86, 90, 94, 98, 102, 106, 110, 114, 118, 122, 126, 130, 134, 138,
    142, 146, 150, 154, 158, 162, 166, 170, 174, 178, 182, 186, 190, 194, 198,
    202, 206, 210, 214, 218, 222, 226, 230, 234, 238, 242, 246, 250, 254, 258,
    262, 266, 270, 274, 278, 282, 286, 290, 294, 298, 302, 306, 310, 314, 318,
    322, 326, 330, 334, 338, 342, 346, 350, 354, 358, 362, 366, 370, 374, 378,
    382, 386, 390, 394, 398, 402, 406, 410, 414, 418, 422, 426, 430, 434, 438,
    442, 446
[3] 12, 16, 20, 24, 32, 36, 44, 52, 60, 64, 88, 92, 100, 104, 116, 120, 124,
    152, 160, 168, 172, 176, 180, 184, 192, 196, 204, 212, 216, 228, 236, 244,
    248, 252, 260, 264, 268, 300, 304, 312, 324, 328, 336, 348, 356, 360, 368,
    376, 384, 392, 400, 404, 408, 416, 436

Reassigned labels
Map:
{"D_0": "D", "D_1": "D", "D_2": "D", "D_3": "D"}
token_fitness
{"perc_fit_traces": 0.0, "average_trace_fitness": 0.8768205076929377, "log_fitness": 0.895279191745866, "percentage_of_fitting_traces": 0.0}
precision
0.20010665244634052
0.7627118644067797
generalization
0.8087937948554283


###### Starting pipeline for 1, Distance.SET_DISTANCE, 3######
Found communities: 

Clustering with 448 elements and 6 clusters
[0] 1, 5, 9, 13, 17, 21, 25, 29, 33, 37, 41, 45, 49, 53, 57, 61, 65, 69, 73,
    77, 81, 85, 89, 93, 97, 101, 105, 109, 113, 117, 121, 125, 129, 133, 137,
    141, 145, 149, 153, 157, 161, 165, 169, 173, 177, 181, 185, 189, 193, 197,
    201, 205, 209, 213, 217, 221, 225, 229, 233, 237, 241, 245, 249, 253, 257,
    261, 265, 269, 273, 277, 281, 285, 289, 293, 297, 301, 305, 309, 313, 317,
    321, 325, 329, 333, 337, 341, 345, 349, 353, 357, 361, 365, 369, 373, 377,
    381, 385, 389, 393, 397, 401, 405, 409, 413, 417, 421, 425, 429, 433, 437,
    441, 445
[1] 2, 6, 10, 14, 18, 22, 26, 30, 34, 38, 42, 46, 50, 54, 58, 62, 66, 70, 74,
    78, 82, 86, 90, 94, 98, 102, 106, 110, 114, 118, 122, 126, 130, 134, 138,
    142, 146, 150, 154, 158, 162, 166, 170, 174, 178, 182, 186, 190, 194, 198,
    202, 206, 210, 214, 218, 222, 226, 230, 234, 238, 242, 246, 250, 254, 258,
    262, 266, 270, 274, 278, 282, 286, 290, 294, 298, 302, 306, 310, 314, 318,
    322, 326, 330, 334, 338, 342, 346, 350, 354, 358, 362, 366, 370, 374, 378,
    382, 386, 390, 394, 398, 402, 406, 410, 414, 418, 422, 426, 430, 434, 438,
    442, 446
[2] 3, 7, 11, 31, 43, 51, 59, 71, 75, 79, 83, 87, 99, 111, 115, 131, 135, 139,
    143, 147, 151, 159, 167, 191, 203, 211, 223, 227, 235, 243, 259, 275, 279,
    283, 287, 291, 295, 299, 311, 319, 323, 335, 343, 347, 355, 367, 375, 383,
    391, 399, 415, 423, 427, 431, 435, 443, 447
[3] 0, 4, 8, 28, 40, 48, 56, 68, 72, 76, 80, 84, 96, 108, 112, 128, 132, 136,
    140, 144, 148, 156, 164, 188, 200, 208, 220, 224, 232, 240, 256, 272, 276,
    280, 284, 288, 292, 296, 308, 316, 320, 332, 340, 344, 352, 364, 372, 380,
    388, 396, 412, 420, 424, 428, 432, 440, 444
[4] 12, 16, 20, 24, 32, 36, 44, 52, 60, 64, 88, 92, 100, 104, 116, 120, 124,
    152, 160, 168, 172, 176, 180, 184, 192, 196, 204, 212, 216, 228, 236, 244,
    248, 252, 260, 264, 268, 300, 304, 312, 324, 328, 336, 348, 356, 360, 368,
    376, 384, 392, 400, 404, 408, 416, 436
[5] 15, 19, 23, 27, 35, 39, 47, 55, 63, 67, 91, 95, 103, 107, 119, 123, 127,
    155, 163, 171, 175, 179, 183, 187, 195, 199, 207, 215, 219, 231, 239, 247,
    251, 255, 263, 267, 271, 303, 307, 315, 327, 331, 339, 351, 359, 363, 371,
    379, 387, 395, 403, 407, 411, 419, 439

Reassigned labels
Map:
{"D_0": "D", "D_1": "D", "D_2": "D", "D_3": "D", "D_4": "D", "D_5": "D"}
token_fitness
{"perc_fit_traces": 0.0, "average_trace_fitness": 0.8768205076929377, "log_fitness": 0.895279191745866, "percentage_of_fitting_traces": 0.0}
precision
0.20010665244634052
0.7627118644067797
generalization
0.8087937948554283


###### Starting pipeline for 0, Distance.MULTISET_DISTANCE, 3######
Found communities: 

Clustering with 448 elements and 2 clusters
[0] 2, 3, 6, 7, 10, 11, 14, 15, 18, 19, 22, 23, 26, 27, 30, 31, 34, 35, 38,
    39, 42, 43, 46, 47, 50, 51, 54, 55, 58, 59, 62, 63, 66, 67, 70, 71, 74,
    75, 78, 79, 82, 83, 86, 87, 90, 91, 94, 95, 98, 99, 102, 103, 106, 107,
    110, 111, 114, 115, 118, 119, 122, 123, 126, 127, 130, 131, 134, 135, 138,
    139, 142, 143, 146, 147, 150, 151, 154, 155, 158, 159, 162, 163, 166, 167,
    170, 171, 174, 175, 178, 179, 182, 183, 186, 187, 190, 191, 194, 195, 198,
    199, 202, 203, 206, 207, 210, 211, 214, 215, 218, 219, 222, 223, 226, 227,
    230, 231, 234, 235, 238, 239, 242, 243, 246, 247, 250, 251, 254, 255, 258,
    259, 262, 263, 266, 267, 270, 271, 274, 275, 278, 279, 282, 283, 286, 287,
    290, 291, 294, 295, 298, 299, 302, 303, 306, 307, 310, 311, 314, 315, 318,
    319, 322, 323, 326, 327, 330, 331, 334, 335, 338, 339, 342, 343, 346, 347,
    350, 351, 354, 355, 358, 359, 362, 363, 366, 367, 370, 371, 374, 375, 378,
    379, 382, 383, 386, 387, 390, 391, 394, 395, 398, 399, 402, 403, 406, 407,
    410, 411, 414, 415, 418, 419, 422, 423, 426, 427, 430, 431, 434, 435, 438,
    439, 442, 443, 446, 447
[1] 0, 1, 4, 5, 8, 9, 12, 13, 16, 17, 20, 21, 24, 25, 28, 29, 32, 33, 36, 37,
    40, 41, 44, 45, 48, 49, 52, 53, 56, 57, 60, 61, 64, 65, 68, 69, 72, 73,
    76, 77, 80, 81, 84, 85, 88, 89, 92, 93, 96, 97, 100, 101, 104, 105, 108,
    109, 112, 113, 116, 117, 120, 121, 124, 125, 128, 129, 132, 133, 136, 137,
    140, 141, 144, 145, 148, 149, 152, 153, 156, 157, 160, 161, 164, 165, 168,
    169, 172, 173, 176, 177, 180, 181, 184, 185, 188, 189, 192, 193, 196, 197,
    200, 201, 204, 205, 208, 209, 212, 213, 216, 217, 220, 221, 224, 225, 228,
    229, 232, 233, 236, 237, 240, 241, 244, 245, 248, 249, 252, 253, 256, 257,
    260, 261, 264, 265, 268, 269, 272, 273, 276, 277, 280, 281, 284, 285, 288,
    289, 292, 293, 296, 297, 300, 301, 304, 305, 308, 309, 312, 313, 316, 317,
    320, 321, 324, 325, 328, 329, 332, 333, 336, 337, 340, 341, 344, 345, 348,
    349, 352, 353, 356, 357, 360, 361, 364, 365, 368, 369, 372, 373, 376, 377,
    380, 381, 384, 385, 388, 389, 392, 393, 396, 397, 400, 401, 404, 405, 408,
    409, 412, 413, 416, 417, 420, 421, 424, 425, 428, 429, 432, 433, 436, 437,
    440, 441, 444, 445

Reassigned labels
Map:
{"D_0": "D", "D_1": "D"}
token_fitness
{"perc_fit_traces": 0.0, "average_trace_fitness": 0.8768205076929377, "log_fitness": 0.895279191745866, "percentage_of_fitting_traces": 0.0}
precision
0.20010665244634052
0.7627118644067797
generalization
0.8087937948554283


###### Starting pipeline for 0.25, Distance.MULTISET_DISTANCE, 3######
Found communities: 

Clustering with 448 elements and 2 clusters
[0] 2, 3, 6, 7, 10, 11, 14, 15, 18, 19, 22, 23, 26, 27, 30, 31, 34, 35, 38,
    39, 42, 43, 46, 47, 50, 51, 54, 55, 58, 59, 62, 63, 66, 67, 70, 71, 74,
    75, 78, 79, 82, 83, 86, 87, 90, 91, 94, 95, 98, 99, 102, 103, 106, 107,
    110, 111, 114, 115, 118, 119, 122, 123, 126, 127, 130, 131, 134, 135, 138,
    139, 142, 143, 146, 147, 150, 151, 154, 155, 158, 159, 162, 163, 166, 167,
    170, 171, 174, 175, 178, 179, 182, 183, 186, 187, 190, 191, 194, 195, 198,
    199, 202, 203, 206, 207, 210, 211, 214, 215, 218, 219, 222, 223, 226, 227,
    230, 231, 234, 235, 238, 239, 242, 243, 246, 247, 250, 251, 254, 255, 258,
    259, 262, 263, 266, 267, 270, 271, 274, 275, 278, 279, 282, 283, 286, 287,
    290, 291, 294, 295, 298, 299, 302, 303, 306, 307, 310, 311, 314, 315, 318,
    319, 322, 323, 326, 327, 330, 331, 334, 335, 338, 339, 342, 343, 346, 347,
    350, 351, 354, 355, 358, 359, 362, 363, 366, 367, 370, 371, 374, 375, 378,
    379, 382, 383, 386, 387, 390, 391, 394, 395, 398, 399, 402, 403, 406, 407,
    410, 411, 414, 415, 418, 419, 422, 423, 426, 427, 430, 431, 434, 435, 438,
    439, 442, 443, 446, 447
[1] 0, 1, 4, 5, 8, 9, 12, 13, 16, 17, 20, 21, 24, 25, 28, 29, 32, 33, 36, 37,
    40, 41, 44, 45, 48, 49, 52, 53, 56, 57, 60, 61, 64, 65, 68, 69, 72, 73,
    76, 77, 80, 81, 84, 85, 88, 89, 92, 93, 96, 97, 100, 101, 104, 105, 108,
    109, 112, 113, 116, 117, 120, 121, 124, 125, 128, 129, 132, 133, 136, 137,
    140, 141, 144, 145, 148, 149, 152, 153, 156, 157, 160, 161, 164, 165, 168,
    169, 172, 173, 176, 177, 180, 181, 184, 185, 188, 189, 192, 193, 196, 197,
    200, 201, 204, 205, 208, 209, 212, 213, 216, 217, 220, 221, 224, 225, 228,
    229, 232, 233, 236, 237, 240, 241, 244, 245, 248, 249, 252, 253, 256, 257,
    260, 261, 264, 265, 268, 269, 272, 273, 276, 277, 280, 281, 284, 285, 288,
    289, 292, 293, 296, 297, 300, 301, 304, 305, 308, 309, 312, 313, 316, 317,
    320, 321, 324, 325, 328, 329, 332, 333, 336, 337, 340, 341, 344, 345, 348,
    349, 352, 353, 356, 357, 360, 361, 364, 365, 368, 369, 372, 373, 376, 377,
    380, 381, 384, 385, 388, 389, 392, 393, 396, 397, 400, 401, 404, 405, 408,
    409, 412, 413, 416, 417, 420, 421, 424, 425, 428, 429, 432, 433, 436, 437,
    440, 441, 444, 445

Reassigned labels
Map:
{"D_0": "D", "D_1": "D"}
token_fitness
{"perc_fit_traces": 0.0, "average_trace_fitness": 0.8768205076929377, "log_fitness": 0.895279191745866, "percentage_of_fitting_traces": 0.0}
precision
0.20010665244634052
0.7627118644067797
generalization
0.8087937948554283


###### Starting pipeline for 0.5, Distance.MULTISET_DISTANCE, 3######
Found communities: 

Clustering with 448 elements and 2 clusters
[0] 0, 1, 4, 5, 8, 9, 12, 13, 16, 17, 20, 21, 24, 25, 28, 29, 32, 33, 36, 37,
    40, 41, 44, 45, 48, 49, 52, 53, 56, 57, 60, 61, 64, 65, 68, 69, 72, 73,
    76, 77, 80, 81, 84, 85, 88, 89, 92, 93, 96, 97, 100, 101, 104, 105, 108,
    109, 112, 113, 116, 117, 120, 121, 124, 125, 128, 129, 132, 133, 136, 137,
    140, 141, 144, 145, 148, 149, 152, 153, 156, 157, 160, 161, 164, 165, 168,
    169, 172, 173, 176, 177, 180, 181, 184, 185, 188, 189, 192, 193, 196, 197,
    200, 201, 204, 205, 208, 209, 212, 213, 216, 217, 220, 221, 224, 225, 228,
    229, 232, 233, 236, 237, 240, 241, 244, 245, 248, 249, 252, 253, 256, 257,
    260, 261, 264, 265, 268, 269, 272, 273, 276, 277, 280, 281, 284, 285, 288,
    289, 292, 293, 296, 297, 300, 301, 304, 305, 308, 309, 312, 313, 316, 317,
    320, 321, 324, 325, 328, 329, 332, 333, 336, 337, 340, 341, 344, 345, 348,
    349, 352, 353, 356, 357, 360, 361, 364, 365, 368, 369, 372, 373, 376, 377,
    380, 381, 384, 385, 388, 389, 392, 393, 396, 397, 400, 401, 404, 405, 408,
    409, 412, 413, 416, 417, 420, 421, 424, 425, 428, 429, 432, 433, 436, 437,
    440, 441, 444, 445
[1] 2, 3, 6, 7, 10, 11, 14, 15, 18, 19, 22, 23, 26, 27, 30, 31, 34, 35, 38,
    39, 42, 43, 46, 47, 50, 51, 54, 55, 58, 59, 62, 63, 66, 67, 70, 71, 74,
    75, 78, 79, 82, 83, 86, 87, 90, 91, 94, 95, 98, 99, 102, 103, 106, 107,
    110, 111, 114, 115, 118, 119, 122, 123, 126, 127, 130, 131, 134, 135, 138,
    139, 142, 143, 146, 147, 150, 151, 154, 155, 158, 159, 162, 163, 166, 167,
    170, 171, 174, 175, 178, 179, 182, 183, 186, 187, 190, 191, 194, 195, 198,
    199, 202, 203, 206, 207, 210, 211, 214, 215, 218, 219, 222, 223, 226, 227,
    230, 231, 234, 235, 238, 239, 242, 243, 246, 247, 250, 251, 254, 255, 258,
    259, 262, 263, 266, 267, 270, 271, 274, 275, 278, 279, 282, 283, 286, 287,
    290, 291, 294, 295, 298, 299, 302, 303, 306, 307, 310, 311, 314, 315, 318,
    319, 322, 323, 326, 327, 330, 331, 334, 335, 338, 339, 342, 343, 346, 347,
    350, 351, 354, 355, 358, 359, 362, 363, 366, 367, 370, 371, 374, 375, 378,
    379, 382, 383, 386, 387, 390, 391, 394, 395, 398, 399, 402, 403, 406, 407,
    410, 411, 414, 415, 418, 419, 422, 423, 426, 427, 430, 431, 434, 435, 438,
    439, 442, 443, 446, 447

Reassigned labels
Map:
{"D_0": "D", "D_1": "D"}
token_fitness
{"perc_fit_traces": 0.0, "average_trace_fitness": 0.8768205076929377, "log_fitness": 0.895279191745866, "percentage_of_fitting_traces": 0.0}
precision
0.20010665244634052
0.7627118644067797
generalization
0.8087937948554283


###### Starting pipeline for 0.75, Distance.MULTISET_DISTANCE, 3######
Found communities: 

Clustering with 448 elements and 4 clusters
[0] 0, 1, 4, 5, 8, 9, 13, 17, 21, 25, 28, 29, 33, 37, 40, 41, 45, 48, 49, 53,
    56, 57, 61, 65, 68, 69, 72, 73, 76, 77, 80, 81, 84, 85, 89, 93, 96, 97,
    101, 105, 108, 109, 112, 113, 117, 121, 125, 128, 129, 132, 133, 136, 137,
    140, 141, 144, 145, 148, 149, 153, 156, 157, 161, 164, 165, 169, 173, 177,
    181, 185, 188, 189, 193, 197, 200, 201, 205, 208, 209, 213, 217, 220, 221,
    224, 225, 229, 232, 233, 237, 240, 241, 245, 249, 253, 256, 257, 261, 265,
    269, 272, 273, 276, 277, 280, 281, 284, 285, 288, 289, 292, 293, 296, 297,
    301, 305, 308, 309, 313, 316, 317, 320, 321, 325, 329, 332, 333, 337, 340,
    341, 344, 345, 349, 352, 353, 357, 361, 364, 365, 369, 372, 373, 377, 380,
    381, 385, 388, 389, 393, 396, 397, 401, 405, 409, 412, 413, 417, 420, 421,
    424, 425, 428, 429, 432, 433, 437, 440, 441, 444, 445
[1] 2, 6, 10, 14, 15, 18, 19, 22, 23, 26, 27, 30, 34, 35, 38, 39, 42, 46, 47,
    50, 54, 55, 58, 62, 66, 67, 70, 74, 78, 82, 86, 90, 91, 94, 95, 98, 102,
    103, 106, 107, 110, 114, 118, 119, 122, 123, 126, 127, 130, 134, 138, 142,
    146, 150, 154, 155, 158, 162, 163, 166, 170, 171, 174, 175, 178, 179, 182,
    183, 186, 187, 190, 194, 195, 198, 199, 202, 206, 207, 210, 214, 215, 218,
    219, 222, 226, 230, 231, 234, 238, 239, 242, 246, 247, 250, 251, 254, 255,
    258, 262, 263, 266, 267, 270, 271, 274, 278, 282, 286, 290, 294, 298, 302,
    303, 306, 307, 310, 314, 315, 318, 322, 326, 327, 330, 331, 334, 338, 339,
    342, 346, 350, 351, 354, 358, 362, 363, 366, 370, 371, 374, 378, 379, 382,
    386, 387, 390, 394, 395, 398, 402, 403, 406, 407, 410, 411, 414, 418, 419,
    422, 426, 430, 434, 438, 439, 442, 446
[2] 3, 7, 11, 31, 43, 51, 59, 63, 71, 75, 79, 83, 87, 99, 111, 115, 131, 135,
    139, 143, 147, 151, 159, 167, 191, 203, 211, 223, 227, 235, 243, 259, 275,
    279, 283, 287, 291, 295, 299, 311, 319, 323, 335, 343, 347, 355, 359, 367,
    375, 383, 391, 399, 415, 423, 427, 431, 435, 443, 447
[3] 12, 16, 20, 24, 32, 36, 44, 52, 60, 64, 88, 92, 100, 104, 116, 120, 124,
    152, 160, 168, 172, 176, 180, 184, 192, 196, 204, 212, 216, 228, 236, 244,
    248, 252, 260, 264, 268, 300, 304, 312, 324, 328, 336, 348, 356, 360, 368,
    376, 384, 392, 400, 404, 408, 416, 436

Reassigned labels
Map:
{"D_0": "D", "D_1": "D", "D_2": "D", "D_3": "D"}
token_fitness
{"perc_fit_traces": 0.0, "average_trace_fitness": 0.8768205076929377, "log_fitness": 0.895279191745866, "percentage_of_fitting_traces": 0.0}
precision
0.20010665244634052
0.7627118644067797
generalization
0.8087937948554283


###### Starting pipeline for 1, Distance.MULTISET_DISTANCE, 3######
Found communities: 

Clustering with 448 elements and 6 clusters
[0] 1, 5, 9, 13, 17, 21, 25, 29, 33, 37, 41, 45, 49, 53, 57, 61, 65, 69, 73,
    77, 81, 85, 89, 93, 97, 101, 105, 109, 113, 117, 121, 125, 129, 133, 137,
    141, 145, 149, 153, 157, 161, 165, 169, 173, 177, 181, 185, 189, 193, 197,
    201, 205, 209, 213, 217, 221, 225, 229, 233, 237, 241, 245, 249, 253, 257,
    261, 265, 269, 273, 277, 281, 285, 289, 293, 297, 301, 305, 309, 313, 317,
    321, 325, 329, 333, 337, 341, 345, 349, 353, 357, 361, 365, 369, 373, 377,
    381, 385, 389, 393, 397, 401, 405, 409, 413, 417, 421, 425, 429, 433, 437,
    441, 445
[1] 2, 6, 10, 14, 18, 22, 26, 30, 34, 38, 42, 46, 50, 54, 58, 62, 66, 70, 74,
    78, 82, 86, 90, 94, 98, 102, 106, 110, 114, 118, 122, 126, 130, 134, 138,
    142, 146, 150, 154, 158, 162, 166, 170, 174, 178, 182, 186, 190, 194, 198,
    202, 206, 210, 214, 218, 222, 226, 230, 234, 238, 242, 246, 250, 254, 258,
    262, 266, 270, 274, 278, 282, 286, 290, 294, 298, 302, 306, 310, 314, 318,
    322, 326, 330, 334, 338, 342, 346, 350, 354, 358, 362, 366, 370, 374, 378,
    382, 386, 390, 394, 398, 402, 406, 410, 414, 418, 422, 426, 430, 434, 438,
    442, 446
[2] 3, 7, 11, 31, 43, 51, 59, 71, 75, 79, 83, 87, 99, 111, 115, 131, 135, 139,
    143, 147, 151, 159, 167, 191, 203, 211, 223, 227, 235, 243, 259, 275, 279,
    283, 287, 291, 295, 299, 311, 319, 323, 335, 343, 347, 355, 367, 375, 383,
    391, 399, 415, 423, 427, 431, 435, 443, 447
[3] 0, 4, 8, 28, 40, 48, 56, 68, 72, 76, 80, 84, 96, 108, 112, 128, 132, 136,
    140, 144, 148, 156, 164, 188, 200, 208, 220, 224, 232, 240, 256, 272, 276,
    280, 284, 288, 292, 296, 308, 316, 320, 332, 340, 344, 352, 364, 372, 380,
    388, 396, 412, 420, 424, 428, 432, 440, 444
[4] 12, 16, 20, 24, 32, 36, 44, 52, 60, 64, 88, 92, 100, 104, 116, 120, 124,
    152, 160, 168, 172, 176, 180, 184, 192, 196, 204, 212, 216, 228, 236, 244,
    248, 252, 260, 264, 268, 300, 304, 312, 324, 328, 336, 348, 356, 360, 368,
    376, 384, 392, 400, 404, 408, 416, 436
[5] 15, 19, 23, 27, 35, 39, 47, 55, 63, 67, 91, 95, 103, 107, 119, 123, 127,
    155, 163, 171, 175, 179, 183, 187, 195, 199, 207, 215, 219, 231, 239, 247,
    251, 255, 263, 267, 271, 303, 307, 315, 327, 331, 339, 351, 359, 363, 371,
    379, 387, 395, 403, 407, 411, 419, 439

Reassigned labels
Map:
{"D_0": "D", "D_1": "D", "D_2": "D", "D_3": "D", "D_4": "D", "D_5": "D"}
token_fitness
{"perc_fit_traces": 0.0, "average_trace_fitness": 0.8768205076929377, "log_fitness": 0.895279191745866, "percentage_of_fitting_traces": 0.0}
precision
0.20010665244634052
0.7627118644067797
generalization
0.8087937948554283


###### Starting pipeline for 0, Distance.EDIT_DISTANCE, 5######
Found communities: 

Clustering with 448 elements and 3 clusters
[0] 2, 3, 6, 7, 10, 11, 14, 15, 18, 19, 22, 23, 26, 27, 30, 31, 34, 35, 38,
    39, 42, 43, 46, 47, 50, 51, 54, 55, 58, 59, 62, 63, 66, 67, 70, 71, 74,
    75, 78, 79, 82, 83, 86, 87, 90, 91, 94, 95, 98, 99, 102, 103, 106, 107,
    110, 111, 114, 115, 118, 119, 122, 123, 126, 127, 130, 131, 134, 135, 138,
    139, 142, 143, 146, 147, 150, 151, 154, 155, 158, 159, 162, 163, 166, 167,
    170, 171, 174, 175, 178, 179, 182, 183, 186, 187, 190, 191, 194, 195, 198,
    199, 202, 203, 206, 207, 210, 211, 214, 215, 218, 219, 222, 223, 226, 227,
    230, 231, 234, 235, 238, 239, 242, 243, 246, 247, 250, 251, 254, 255, 258,
    259, 262, 263, 266, 267, 270, 271, 274, 275, 278, 279, 282, 283, 286, 287,
    290, 291, 294, 295, 298, 299, 302, 303, 306, 307, 310, 311, 314, 315, 318,
    319, 322, 323, 326, 327, 330, 331, 334, 335, 338, 339, 342, 343, 346, 347,
    350, 351, 354, 355, 358, 359, 362, 363, 366, 367, 370, 371, 374, 375, 378,
    379, 382, 383, 386, 387, 390, 391, 394, 395, 398, 399, 402, 403, 406, 407,
    410, 411, 414, 415, 418, 419, 422, 423, 426, 427, 430, 431, 434, 435, 438,
    439, 442, 443, 446, 447
[1] 0, 4, 8, 12, 16, 20, 24, 28, 32, 36, 40, 44, 48, 52, 56, 60, 64, 68, 72,
    76, 80, 84, 88, 92, 96, 100, 104, 108, 112, 116, 120, 124, 128, 132, 136,
    140, 144, 148, 152, 156, 160, 164, 168, 172, 176, 180, 184, 188, 192, 196,
    200, 204, 208, 212, 216, 220, 224, 228, 232, 236, 240, 244, 248, 252, 256,
    260, 264, 268, 272, 276, 280, 284, 288, 292, 296, 300, 304, 308, 312, 316,
    320, 324, 328, 332, 336, 340, 344, 348, 352, 356, 360, 364, 368, 372, 376,
    380, 384, 388, 392, 396, 400, 404, 408, 412, 416, 420, 424, 428, 432, 436,
    440, 444
[2] 1, 5, 9, 13, 17, 21, 25, 29, 33, 37, 41, 45, 49, 53, 57, 61, 65, 69, 73,
    77, 81, 85, 89, 93, 97, 101, 105, 109, 113, 117, 121, 125, 129, 133, 137,
    141, 145, 149, 153, 157, 161, 165, 169, 173, 177, 181, 185, 189, 193, 197,
    201, 205, 209, 213, 217, 221, 225, 229, 233, 237, 241, 245, 249, 253, 257,
    261, 265, 269, 273, 277, 281, 285, 289, 293, 297, 301, 305, 309, 313, 317,
    321, 325, 329, 333, 337, 341, 345, 349, 353, 357, 361, 365, 369, 373, 377,
    381, 385, 389, 393, 397, 401, 405, 409, 413, 417, 421, 425, 429, 433, 437,
    441, 445

Reassigned labels
Map:
{"D_0": "D", "D_1": "D", "D_2": "D"}
token_fitness
{"perc_fit_traces": 0.0, "average_trace_fitness": 0.8768205076929377, "log_fitness": 0.895279191745866, "percentage_of_fitting_traces": 0.0}
precision
0.20010665244634052
0.7627118644067797
generalization
0.8087937948554283


###### Starting pipeline for 0.25, Distance.EDIT_DISTANCE, 5######
Found communities: 

Clustering with 448 elements and 2 clusters
[0] 2, 3, 6, 7, 10, 11, 14, 15, 18, 19, 22, 23, 26, 27, 30, 31, 34, 35, 38,
    39, 42, 43, 46, 47, 50, 51, 54, 55, 58, 59, 62, 63, 66, 67, 70, 71, 74,
    75, 78, 79, 82, 83, 86, 87, 90, 91, 94, 95, 98, 99, 102, 103, 106, 107,
    110, 111, 114, 115, 118, 119, 122, 123, 126, 127, 130, 131, 134, 135, 138,
    139, 142, 143, 146, 147, 150, 151, 154, 155, 158, 159, 162, 163, 166, 167,
    170, 171, 174, 175, 178, 179, 182, 183, 186, 187, 190, 191, 194, 195, 198,
    199, 202, 203, 206, 207, 210, 211, 214, 215, 218, 219, 222, 223, 226, 227,
    230, 231, 234, 235, 238, 239, 242, 243, 246, 247, 250, 251, 254, 255, 258,
    259, 262, 263, 266, 267, 270, 271, 274, 275, 278, 279, 282, 283, 286, 287,
    290, 291, 294, 295, 298, 299, 302, 303, 306, 307, 310, 311, 314, 315, 318,
    319, 322, 323, 326, 327, 330, 331, 334, 335, 338, 339, 342, 343, 346, 347,
    350, 351, 354, 355, 358, 359, 362, 363, 366, 367, 370, 371, 374, 375, 378,
    379, 382, 383, 386, 387, 390, 391, 394, 395, 398, 399, 402, 403, 406, 407,
    410, 411, 414, 415, 418, 419, 422, 423, 426, 427, 430, 431, 434, 435, 438,
    439, 442, 443, 446, 447
[1] 0, 1, 4, 5, 8, 9, 12, 13, 16, 17, 20, 21, 24, 25, 28, 29, 32, 33, 36, 37,
    40, 41, 44, 45, 48, 49, 52, 53, 56, 57, 60, 61, 64, 65, 68, 69, 72, 73,
    76, 77, 80, 81, 84, 85, 88, 89, 92, 93, 96, 97, 100, 101, 104, 105, 108,
    109, 112, 113, 116, 117, 120, 121, 124, 125, 128, 129, 132, 133, 136, 137,
    140, 141, 144, 145, 148, 149, 152, 153, 156, 157, 160, 161, 164, 165, 168,
    169, 172, 173, 176, 177, 180, 181, 184, 185, 188, 189, 192, 193, 196, 197,
    200, 201, 204, 205, 208, 209, 212, 213, 216, 217, 220, 221, 224, 225, 228,
    229, 232, 233, 236, 237, 240, 241, 244, 245, 248, 249, 252, 253, 256, 257,
    260, 261, 264, 265, 268, 269, 272, 273, 276, 277, 280, 281, 284, 285, 288,
    289, 292, 293, 296, 297, 300, 301, 304, 305, 308, 309, 312, 313, 316, 317,
    320, 321, 324, 325, 328, 329, 332, 333, 336, 337, 340, 341, 344, 345, 348,
    349, 352, 353, 356, 357, 360, 361, 364, 365, 368, 369, 372, 373, 376, 377,
    380, 381, 384, 385, 388, 389, 392, 393, 396, 397, 400, 401, 404, 405, 408,
    409, 412, 413, 416, 417, 420, 421, 424, 425, 428, 429, 432, 433, 436, 437,
    440, 441, 444, 445

Reassigned labels
Map:
{"D_0": "D", "D_1": "D"}
token_fitness
{"perc_fit_traces": 0.0, "average_trace_fitness": 0.8768205076929377, "log_fitness": 0.895279191745866, "percentage_of_fitting_traces": 0.0}
precision
0.20010665244634052
0.7627118644067797
generalization
0.8087937948554283


###### Starting pipeline for 0.5, Distance.EDIT_DISTANCE, 5######
Found communities: 

Clustering with 448 elements and 2 clusters
[0] 2, 3, 6, 7, 10, 11, 14, 15, 18, 19, 22, 23, 26, 27, 30, 31, 34, 35, 38,
    39, 42, 43, 46, 47, 50, 51, 54, 55, 58, 59, 62, 63, 66, 67, 70, 71, 74,
    75, 78, 79, 82, 83, 86, 87, 90, 91, 94, 95, 98, 99, 102, 103, 106, 107,
    110, 111, 114, 115, 118, 119, 122, 123, 126, 127, 130, 131, 134, 135, 138,
    139, 142, 143, 146, 147, 150, 151, 154, 155, 158, 159, 162, 163, 166, 167,
    170, 171, 174, 175, 178, 179, 182, 183, 186, 187, 190, 191, 194, 195, 198,
    199, 202, 203, 206, 207, 210, 211, 214, 215, 218, 219, 222, 223, 226, 227,
    230, 231, 234, 235, 238, 239, 242, 243, 246, 247, 250, 251, 254, 255, 258,
    259, 262, 263, 266, 267, 270, 271, 274, 275, 278, 279, 282, 283, 286, 287,
    290, 291, 294, 295, 298, 299, 302, 303, 306, 307, 310, 311, 314, 315, 318,
    319, 322, 323, 326, 327, 330, 331, 334, 335, 338, 339, 342, 343, 346, 347,
    350, 351, 354, 355, 358, 359, 362, 363, 366, 367, 370, 371, 374, 375, 378,
    379, 382, 383, 386, 387, 390, 391, 394, 395, 398, 399, 402, 403, 406, 407,
    410, 411, 414, 415, 418, 419, 422, 423, 426, 427, 430, 431, 434, 435, 438,
    439, 442, 443, 446, 447
[1] 0, 1, 4, 5, 8, 9, 12, 13, 16, 17, 20, 21, 24, 25, 28, 29, 32, 33, 36, 37,
    40, 41, 44, 45, 48, 49, 52, 53, 56, 57, 60, 61, 64, 65, 68, 69, 72, 73,
    76, 77, 80, 81, 84, 85, 88, 89, 92, 93, 96, 97, 100, 101, 104, 105, 108,
    109, 112, 113, 116, 117, 120, 121, 124, 125, 128, 129, 132, 133, 136, 137,
    140, 141, 144, 145, 148, 149, 152, 153, 156, 157, 160, 161, 164, 165, 168,
    169, 172, 173, 176, 177, 180, 181, 184, 185, 188, 189, 192, 193, 196, 197,
    200, 201, 204, 205, 208, 209, 212, 213, 216, 217, 220, 221, 224, 225, 228,
    229, 232, 233, 236, 237, 240, 241, 244, 245, 248, 249, 252, 253, 256, 257,
    260, 261, 264, 265, 268, 269, 272, 273, 276, 277, 280, 281, 284, 285, 288,
    289, 292, 293, 296, 297, 300, 301, 304, 305, 308, 309, 312, 313, 316, 317,
    320, 321, 324, 325, 328, 329, 332, 333, 336, 337, 340, 341, 344, 345, 348,
    349, 352, 353, 356, 357, 360, 361, 364, 365, 368, 369, 372, 373, 376, 377,
    380, 381, 384, 385, 388, 389, 392, 393, 396, 397, 400, 401, 404, 405, 408,
    409, 412, 413, 416, 417, 420, 421, 424, 425, 428, 429, 432, 433, 436, 437,
    440, 441, 444, 445

Reassigned labels
Map:
{"D_0": "D", "D_1": "D"}
token_fitness
{"perc_fit_traces": 0.0, "average_trace_fitness": 0.8768205076929377, "log_fitness": 0.895279191745866, "percentage_of_fitting_traces": 0.0}
precision
0.20010665244634052
0.7627118644067797
generalization
0.8087937948554283


###### Starting pipeline for 0.75, Distance.EDIT_DISTANCE, 5######
Found communities: 

Clustering with 448 elements and 5 clusters
[0] 2, 3, 6, 7, 10, 11, 30, 31, 42, 43, 50, 51, 58, 59, 70, 71, 74, 75, 78,
    79, 82, 83, 86, 87, 98, 99, 110, 111, 114, 115, 130, 131, 134, 135, 138,
    139, 142, 143, 146, 147, 150, 151, 158, 159, 166, 167, 190, 191, 202, 203,
    210, 211, 222, 223, 226, 227, 234, 235, 242, 243, 258, 259, 274, 275, 278,
    279, 282, 283, 286, 287, 290, 291, 294, 295, 298, 299, 310, 311, 318, 319,
    322, 323, 334, 335, 342, 343, 346, 347, 354, 355, 366, 367, 374, 375, 382,
    383, 390, 391, 398, 399, 414, 415, 422, 423, 426, 427, 430, 431, 434, 435,
    442, 443, 446, 447
[1] 1, 5, 9, 13, 17, 21, 25, 29, 33, 37, 41, 45, 49, 53, 57, 61, 65, 69, 73,
    77, 81, 85, 89, 93, 97, 101, 105, 109, 113, 117, 121, 125, 129, 133, 137,
    141, 145, 149, 153, 157, 161, 165, 169, 173, 177, 181, 185, 189, 193, 197,
    201, 205, 209, 213, 217, 221, 225, 229, 233, 237, 241, 245, 249, 253, 257,
    261, 265, 269, 273, 277, 281, 285, 289, 293, 297, 301, 305, 309, 313, 317,
    321, 325, 329, 333, 337, 341, 345, 349, 353, 357, 361, 365, 369, 373, 377,
    381, 385, 389, 393, 397, 401, 405, 409, 413, 417, 421, 425, 429, 433, 437,
    441, 445
[2] 14, 15, 18, 19, 22, 23, 26, 27, 34, 35, 38, 39, 46, 47, 54, 55, 62, 63,
    66, 67, 90, 91, 94, 95, 102, 103, 106, 107, 118, 119, 122, 123, 126, 127,
    154, 155, 162, 163, 170, 171, 174, 175, 178, 179, 182, 183, 186, 187, 194,
    195, 198, 199, 206, 207, 214, 215, 218, 219, 230, 231, 238, 239, 246, 247,
    250, 251, 254, 255, 262, 263, 266, 267, 270, 271, 302, 303, 306, 307, 314,
    315, 326, 327, 330, 331, 338, 339, 350, 351, 358, 359, 362, 363, 370, 371,
    378, 379, 386, 387, 394, 395, 402, 403, 406, 407, 410, 411, 418, 419, 438,
    439
[3] 0, 4, 8, 28, 40, 48, 56, 68, 72, 76, 80, 84, 96, 108, 112, 128, 132, 136,
    140, 144, 148, 156, 164, 188, 200, 208, 220, 224, 232, 240, 256, 272, 276,
    280, 284, 288, 292, 296, 308, 316, 320, 332, 340, 344, 352, 364, 372, 380,
    388, 396, 412, 420, 424, 428, 432, 440, 444
[4] 12, 16, 20, 24, 32, 36, 44, 52, 60, 64, 88, 92, 100, 104, 116, 120, 124,
    152, 160, 168, 172, 176, 180, 184, 192, 196, 204, 212, 216, 228, 236, 244,
    248, 252, 260, 264, 268, 300, 304, 312, 324, 328, 336, 348, 356, 360, 368,
    376, 384, 392, 400, 404, 408, 416, 436

Reassigned labels
Map:
{"D_0": "D", "D_1": "D", "D_2": "D", "D_3": "D", "D_4": "D"}
token_fitness
{"perc_fit_traces": 0.0, "average_trace_fitness": 0.8768205076929377, "log_fitness": 0.895279191745866, "percentage_of_fitting_traces": 0.0}
precision
0.20010665244634052
0.7627118644067797
generalization
0.8087937948554283


###### Starting pipeline for 1, Distance.EDIT_DISTANCE, 5######
Found communities: 

Clustering with 448 elements and 16 clusters
[ 0] 1, 5, 9, 29, 41, 49, 57, 69, 73, 77, 81, 85, 97, 109, 113, 129, 133, 137,
     141, 145, 149, 157, 165, 189, 201, 209, 221, 225, 233, 241, 257, 273,
     277, 281, 285, 289, 293, 297, 309, 317, 321, 333, 341, 345, 353, 365,
     373, 381, 389, 397, 413, 421, 425, 429, 433, 441, 445
[ 1] 0, 4, 8, 28, 40, 48, 56, 68, 72, 76, 80, 84, 96, 108, 112, 128, 132, 136,
     140, 144, 148, 156, 164, 188, 200, 208, 220, 224, 232, 240, 256, 272,
     276, 280, 284, 288, 292, 296, 308, 316, 320, 332, 340, 344, 352, 364,
     372, 380, 388, 396, 412, 420, 424, 428, 432, 440, 444
[ 2] 12, 16, 20, 24, 32, 36, 44, 52, 60, 64, 88, 92, 100, 104, 116, 120, 124,
     152, 160, 168, 172, 176, 180, 184, 192, 196, 204, 212, 216, 228, 236,
     244, 248, 252, 260, 264, 268, 300, 304, 312, 324, 328, 336, 348, 356,
     360, 368, 376, 384, 392, 400, 404, 408, 416, 436
[ 3] 13, 17, 21, 25, 33, 37, 45, 53, 61, 65, 89, 93, 101, 105, 117, 121, 125,
     153, 161, 169, 173, 177, 181, 185, 193, 197, 205, 213, 217, 229, 237,
     245, 249, 253, 261, 265, 269, 301, 305, 313, 325, 329, 337, 349, 357,
     361, 369, 377, 385, 393, 401, 405, 409, 417, 437
[ 4] 14, 34, 38, 54, 62, 94, 102, 118, 122, 126, 170, 178, 182, 198, 214, 250,
     254, 266, 270, 306, 314, 330, 338, 358, 378, 394, 402, 406, 418, 438
[ 5] 2, 30, 50, 78, 98, 110, 138, 146, 158, 166, 190, 202, 210, 222, 226, 234,
     258, 278, 282, 294, 298, 318, 334, 342, 354, 382, 414, 426, 430
[ 6] 35, 39, 55, 63, 95, 103, 119, 123, 127, 171, 179, 183, 199, 215, 251,
     255, 267, 271, 307, 315, 331, 339, 359, 379, 395, 403, 407, 419, 439
[ 7] 6, 10, 42, 58, 70, 74, 82, 86, 114, 130, 134, 142, 150, 242, 274, 286,
     290, 310, 322, 346, 366, 374, 390, 398, 422, 434, 442, 446
[ 8] 31, 51, 79, 99, 111, 139, 147, 159, 167, 191, 203, 211, 223, 227, 235,
     259, 279, 283, 295, 299, 319, 335, 343, 355, 383, 415, 427, 431
[ 9] 7, 43, 59, 71, 75, 83, 87, 115, 131, 135, 143, 151, 243, 275, 287, 291,
     311, 323, 347, 367, 375, 391, 399, 423, 435, 443, 447
[10] 18, 22, 26, 46, 66, 90, 106, 154, 162, 174, 186, 194, 206, 218, 230, 238,
     246, 262, 302, 326, 350, 362, 370, 386, 410
[11] 23, 27, 47, 67, 91, 107, 155, 163, 175, 187, 195, 207, 219, 231, 239,
     247, 263, 303, 327, 351, 363, 371, 387, 411
[12] 3
[13] 11
[14] 15
[15] 19

Reassigned labels
Map:
{"D_0": "D", "D_1": "D", "D_2": "D", "D_3": "D", "D_4": "D", "D_5": "D", "D_6": "D", "D_7": "D", "D_8": "D", "D_9": "D", "D_10": "D", "D_11": "D", "D_12": "D", "D_13": "D", "D_14": "D", "D_15": "D"}
token_fitness
{"perc_fit_traces": 0.0, "average_trace_fitness": 0.8768205076929377, "log_fitness": 0.895279191745866, "percentage_of_fitting_traces": 0.0}
precision
0.20010665244634052
0.7627118644067797
generalization
0.8087937948554283


###### Starting pipeline for 0, Distance.SET_DISTANCE, 5######
Found communities: 

Clustering with 448 elements and 4 clusters
[0] 0, 4, 8, 12, 16, 20, 24, 28, 32, 36, 40, 44, 48, 52, 56, 60, 64, 68, 72,
    76, 80, 84, 88, 92, 96, 100, 104, 108, 112, 116, 120, 124, 128, 132, 136,
    140, 144, 148, 152, 156, 160, 164, 168, 172, 176, 180, 184, 188, 192, 196,
    200, 204, 208, 212, 216, 220, 224, 228, 232, 236, 240, 244, 248, 252, 256,
    260, 264, 268, 272, 276, 280, 284, 288, 292, 296, 300, 304, 308, 312, 316,
    320, 324, 328, 332, 336, 340, 344, 348, 352, 356, 360, 364, 368, 372, 376,
    380, 384, 388, 392, 396, 400, 404, 408, 412, 416, 420, 424, 428, 432, 436,
    440, 444
[1] 3, 7, 11, 15, 19, 23, 27, 31, 35, 39, 43, 47, 51, 55, 59, 63, 67, 71, 75,
    79, 83, 87, 91, 95, 99, 103, 107, 111, 115, 119, 123, 127, 131, 135, 139,
    143, 147, 151, 155, 159, 163, 167, 171, 175, 179, 183, 187, 191, 195, 199,
    203, 207, 211, 215, 219, 223, 227, 231, 235, 239, 243, 247, 251, 255, 259,
    263, 267, 271, 275, 279, 283, 287, 291, 295, 299, 303, 307, 311, 315, 319,
    323, 327, 331, 335, 339, 343, 347, 351, 355, 359, 363, 367, 371, 375, 379,
    383, 387, 391, 395, 399, 403, 407, 411, 415, 419, 423, 427, 431, 435, 439,
    443, 447
[2] 2, 6, 10, 14, 18, 22, 26, 30, 34, 38, 42, 46, 50, 54, 58, 62, 66, 70, 74,
    78, 82, 86, 90, 94, 98, 102, 106, 110, 114, 118, 122, 126, 130, 134, 138,
    142, 146, 150, 154, 158, 162, 166, 170, 174, 178, 182, 186, 190, 194, 198,
    202, 206, 210, 214, 218, 222, 226, 230, 234, 238, 242, 246, 250, 254, 258,
    262, 266, 270, 274, 278, 282, 286, 290, 294, 298, 302, 306, 310, 314, 318,
    322, 326, 330, 334, 338, 342, 346, 350, 354, 358, 362, 366, 370, 374, 378,
    382, 386, 390, 394, 398, 402, 406, 410, 414, 418, 422, 426, 430, 434, 438,
    442, 446
[3] 1, 5, 9, 13, 17, 21, 25, 29, 33, 37, 41, 45, 49, 53, 57, 61, 65, 69, 73,
    77, 81, 85, 89, 93, 97, 101, 105, 109, 113, 117, 121, 125, 129, 133, 137,
    141, 145, 149, 153, 157, 161, 165, 169, 173, 177, 181, 185, 189, 193, 197,
    201, 205, 209, 213, 217, 221, 225, 229, 233, 237, 241, 245, 249, 253, 257,
    261, 265, 269, 273, 277, 281, 285, 289, 293, 297, 301, 305, 309, 313, 317,
    321, 325, 329, 333, 337, 341, 345, 349, 353, 357, 361, 365, 369, 373, 377,
    381, 385, 389, 393, 397, 401, 405, 409, 413, 417, 421, 425, 429, 433, 437,
    441, 445

Reassigned labels
Map:
{"D_0": "D", "D_1": "D", "D_2": "D", "D_3": "D"}
token_fitness
{"perc_fit_traces": 0.0, "average_trace_fitness": 0.8768205076929377, "log_fitness": 0.895279191745866, "percentage_of_fitting_traces": 0.0}
precision
0.20010665244634052
0.7627118644067797
generalization
0.8087937948554283


###### Starting pipeline for 0.25, Distance.SET_DISTANCE, 5######
Found communities: 

Clustering with 448 elements and 4 clusters
[0] 0, 4, 8, 12, 16, 20, 24, 28, 32, 36, 40, 44, 48, 52, 56, 60, 64, 68, 72,
    76, 80, 84, 88, 92, 96, 100, 104, 108, 112, 116, 120, 124, 128, 132, 136,
    140, 144, 148, 152, 156, 160, 164, 168, 172, 176, 180, 184, 188, 192, 196,
    200, 204, 208, 212, 216, 220, 224, 228, 232, 236, 240, 244, 248, 252, 256,
    260, 264, 268, 272, 276, 280, 284, 288, 292, 296, 300, 304, 308, 312, 316,
    320, 324, 328, 332, 336, 340, 344, 348, 352, 356, 360, 364, 368, 372, 376,
    380, 384, 388, 392, 396, 400, 404, 408, 412, 416, 420, 424, 428, 432, 436,
    440, 444
[1] 3, 7, 11, 15, 19, 23, 27, 31, 35, 39, 43, 47, 51, 55, 59, 63, 67, 71, 75,
    79, 83, 87, 91, 95, 99, 103, 107, 111, 115, 119, 123, 127, 131, 135, 139,
    143, 147, 151, 155, 159, 163, 167, 171, 175, 179, 183, 187, 191, 195, 199,
    203, 207, 211, 215, 219, 223, 227, 231, 235, 239, 243, 247, 251, 255, 259,
    263, 267, 271, 275, 279, 283, 287, 291, 295, 299, 303, 307, 311, 315, 319,
    323, 327, 331, 335, 339, 343, 347, 351, 355, 359, 363, 367, 371, 375, 379,
    383, 387, 391, 395, 399, 403, 407, 411, 415, 419, 423, 427, 431, 435, 439,
    443, 447
[2] 2, 6, 10, 14, 18, 22, 26, 30, 34, 38, 42, 46, 50, 54, 58, 62, 66, 70, 74,
    78, 82, 86, 90, 94, 98, 102, 106, 110, 114, 118, 122, 126, 130, 134, 138,
    142, 146, 150, 154, 158, 162, 166, 170, 174, 178, 182, 186, 190, 194, 198,
    202, 206, 210, 214, 218, 222, 226, 230, 234, 238, 242, 246, 250, 254, 258,
    262, 266, 270, 274, 278, 282, 286, 290, 294, 298, 302, 306, 310, 314, 318,
    322, 326, 330, 334, 338, 342, 346, 350, 354, 358, 362, 366, 370, 374, 378,
    382, 386, 390, 394, 398, 402, 406, 410, 414, 418, 422, 426, 430, 434, 438,
    442, 446
[3] 1, 5, 9, 13, 17, 21, 25, 29, 33, 37, 41, 45, 49, 53, 57, 61, 65, 69, 73,
    77, 81, 85, 89, 93, 97, 101, 105, 109, 113, 117, 121, 125, 129, 133, 137,
    141, 145, 149, 153, 157, 161, 165, 169, 173, 177, 181, 185, 189, 193, 197,
    201, 205, 209, 213, 217, 221, 225, 229, 233, 237, 241, 245, 249, 253, 257,
    261, 265, 269, 273, 277, 281, 285, 289, 293, 297, 301, 305, 309, 313, 317,
    321, 325, 329, 333, 337, 341, 345, 349, 353, 357, 361, 365, 369, 373, 377,
    381, 385, 389, 393, 397, 401, 405, 409, 413, 417, 421, 425, 429, 433, 437,
    441, 445

Reassigned labels
Map:
{"D_0": "D", "D_1": "D", "D_2": "D", "D_3": "D"}
token_fitness
{"perc_fit_traces": 0.0, "average_trace_fitness": 0.8768205076929377, "log_fitness": 0.895279191745866, "percentage_of_fitting_traces": 0.0}
precision
0.20010665244634052
0.7627118644067797
generalization
0.8087937948554283


###### Starting pipeline for 0.5, Distance.SET_DISTANCE, 5######
Found communities: 

Clustering with 448 elements and 4 clusters
[0] 3, 7, 11, 15, 19, 23, 27, 31, 35, 39, 43, 47, 51, 55, 59, 63, 67, 71, 75,
    79, 83, 87, 91, 95, 99, 103, 107, 111, 115, 119, 123, 127, 131, 135, 139,
    143, 147, 151, 155, 159, 163, 167, 171, 175, 179, 183, 187, 191, 195, 199,
    203, 207, 211, 215, 219, 223, 227, 231, 235, 239, 243, 247, 251, 255, 259,
    263, 267, 271, 275, 279, 283, 287, 291, 295, 299, 303, 307, 311, 315, 319,
    323, 327, 331, 335, 339, 343, 347, 351, 355, 359, 363, 367, 371, 375, 379,
    383, 387, 391, 395, 399, 403, 407, 411, 415, 419, 423, 427, 431, 435, 439,
    443, 447
[1] 0, 4, 8, 12, 16, 20, 24, 28, 32, 36, 40, 44, 48, 52, 56, 60, 64, 68, 72,
    76, 80, 84, 88, 92, 96, 100, 104, 108, 112, 116, 120, 124, 128, 132, 136,
    140, 144, 148, 152, 156, 160, 164, 168, 172, 176, 180, 184, 188, 192, 196,
    200, 204, 208, 212, 216, 220, 224, 228, 232, 236, 240, 244, 248, 252, 256,
    260, 264, 268, 272, 276, 280, 284, 288, 292, 296, 300, 304, 308, 312, 316,
    320, 324, 328, 332, 336, 340, 344, 348, 352, 356, 360, 364, 368, 372, 376,
    380, 384, 388, 392, 396, 400, 404, 408, 412, 416, 420, 424, 428, 432, 436,
    440, 444
[2] 2, 6, 10, 14, 18, 22, 26, 30, 34, 38, 42, 46, 50, 54, 58, 62, 66, 70, 74,
    78, 82, 86, 90, 94, 98, 102, 106, 110, 114, 118, 122, 126, 130, 134, 138,
    142, 146, 150, 154, 158, 162, 166, 170, 174, 178, 182, 186, 190, 194, 198,
    202, 206, 210, 214, 218, 222, 226, 230, 234, 238, 242, 246, 250, 254, 258,
    262, 266, 270, 274, 278, 282, 286, 290, 294, 298, 302, 306, 310, 314, 318,
    322, 326, 330, 334, 338, 342, 346, 350, 354, 358, 362, 366, 370, 374, 378,
    382, 386, 390, 394, 398, 402, 406, 410, 414, 418, 422, 426, 430, 434, 438,
    442, 446
[3] 1, 5, 9, 13, 17, 21, 25, 29, 33, 37, 41, 45, 49, 53, 57, 61, 65, 69, 73,
    77, 81, 85, 89, 93, 97, 101, 105, 109, 113, 117, 121, 125, 129, 133, 137,
    141, 145, 149, 153, 157, 161, 165, 169, 173, 177, 181, 185, 189, 193, 197,
    201, 205, 209, 213, 217, 221, 225, 229, 233, 237, 241, 245, 249, 253, 257,
    261, 265, 269, 273, 277, 281, 285, 289, 293, 297, 301, 305, 309, 313, 317,
    321, 325, 329, 333, 337, 341, 345, 349, 353, 357, 361, 365, 369, 373, 377,
    381, 385, 389, 393, 397, 401, 405, 409, 413, 417, 421, 425, 429, 433, 437,
    441, 445

Reassigned labels
Map:
{"D_0": "D", "D_1": "D", "D_2": "D", "D_3": "D"}
token_fitness
{"perc_fit_traces": 0.0, "average_trace_fitness": 0.8768205076929377, "log_fitness": 0.895279191745866, "percentage_of_fitting_traces": 0.0}
precision
0.20010665244634052
0.7627118644067797
generalization
0.8087937948554283


###### Starting pipeline for 0.75, Distance.SET_DISTANCE, 5######
Found communities: 

Clustering with 448 elements and 3 clusters
[0] 2, 3, 6, 7, 10, 11, 14, 15, 18, 19, 22, 23, 26, 27, 30, 31, 34, 35, 38,
    39, 42, 43, 46, 47, 50, 51, 54, 55, 58, 59, 62, 63, 66, 67, 70, 71, 74,
    75, 78, 79, 82, 83, 86, 87, 90, 91, 94, 95, 98, 99, 102, 103, 106, 107,
    110, 111, 114, 115, 118, 119, 122, 123, 126, 127, 130, 131, 134, 135, 138,
    139, 142, 143, 146, 147, 150, 151, 154, 155, 158, 159, 162, 163, 166, 167,
    170, 171, 174, 175, 178, 179, 182, 183, 186, 187, 190, 191, 194, 195, 198,
    199, 202, 203, 206, 207, 210, 211, 214, 215, 218, 219, 222, 223, 226, 227,
    230, 231, 234, 235, 238, 239, 242, 243, 246, 247, 250, 251, 254, 255, 258,
    259, 262, 263, 266, 267, 270, 271, 274, 275, 278, 279, 282, 283, 286, 287,
    290, 291, 294, 295, 298, 299, 302, 303, 306, 307, 310, 311, 314, 315, 318,
    319, 322, 323, 326, 327, 330, 331, 334, 335, 338, 339, 342, 343, 346, 347,
    350, 351, 354, 355, 358, 359, 362, 363, 366, 367, 370, 371, 374, 375, 378,
    379, 382, 383, 386, 387, 390, 391, 394, 395, 398, 399, 402, 403, 406, 407,
    410, 411, 414, 415, 418, 419, 422, 423, 426, 427, 430, 431, 434, 435, 438,
    439, 442, 443, 446, 447
[1] 0, 1, 4, 5, 8, 9, 13, 17, 21, 25, 28, 29, 33, 37, 40, 41, 45, 48, 49, 53,
    56, 57, 61, 65, 68, 69, 72, 73, 76, 77, 80, 81, 84, 85, 89, 93, 96, 97,
    101, 105, 108, 109, 112, 113, 117, 121, 125, 128, 129, 132, 133, 136, 137,
    140, 141, 144, 145, 148, 149, 153, 156, 157, 161, 164, 165, 169, 173, 177,
    181, 185, 188, 189, 193, 197, 200, 201, 205, 208, 209, 213, 217, 220, 221,
    224, 225, 229, 232, 233, 237, 240, 241, 245, 249, 253, 256, 257, 261, 265,
    269, 272, 273, 276, 277, 280, 281, 284, 285, 288, 289, 292, 293, 296, 297,
    301, 305, 308, 309, 313, 316, 317, 320, 321, 325, 329, 332, 333, 337, 340,
    341, 344, 345, 349, 352, 353, 357, 361, 364, 365, 369, 372, 373, 377, 380,
    381, 385, 388, 389, 393, 396, 397, 401, 405, 409, 412, 413, 417, 420, 421,
    424, 425, 428, 429, 432, 433, 437, 440, 441, 444, 445
[2] 12, 16, 20, 24, 32, 36, 44, 52, 60, 64, 88, 92, 100, 104, 116, 120, 124,
    152, 160, 168, 172, 176, 180, 184, 192, 196, 204, 212, 216, 228, 236, 244,
    248, 252, 260, 264, 268, 300, 304, 312, 324, 328, 336, 348, 356, 360, 368,
    376, 384, 392, 400, 404, 408, 416, 436

Reassigned labels
Map:
{"D_0": "D", "D_1": "D", "D_2": "D"}
token_fitness
{"perc_fit_traces": 0.0, "average_trace_fitness": 0.8768205076929377, "log_fitness": 0.895279191745866, "percentage_of_fitting_traces": 0.0}
precision
0.20010665244634052
0.7627118644067797
generalization
0.8087937948554283


###### Starting pipeline for 1, Distance.SET_DISTANCE, 5######
Found communities: 

Clustering with 448 elements and 8 clusters
[0] 1, 5, 9, 13, 17, 21, 25, 29, 33, 37, 41, 45, 49, 53, 57, 61, 65, 69, 73,
    77, 81, 85, 89, 93, 97, 101, 105, 109, 113, 117, 121, 125, 129, 133, 137,
    141, 145, 149, 153, 157, 161, 165, 169, 173, 177, 181, 185, 189, 193, 197,
    201, 205, 209, 213, 217, 221, 225, 229, 233, 237, 241, 245, 249, 253, 257,
    261, 265, 269, 273, 277, 281, 285, 289, 293, 297, 301, 305, 309, 313, 317,
    321, 325, 329, 333, 337, 341, 345, 349, 353, 357, 361, 365, 369, 373, 377,
    381, 385, 389, 393, 397, 401, 405, 409, 413, 417, 421, 425, 429, 433, 437,
    441, 445
[1] 7, 23, 27, 31, 35, 39, 43, 47, 51, 55, 59, 63, 67, 71, 75, 79, 83, 87, 91,
    95, 99, 103, 107, 111, 115, 119, 123, 127, 131, 135, 139, 143, 147, 151,
    155, 159, 163, 167, 171, 175, 179, 183, 187, 191, 195, 199, 203, 207, 211,
    215, 219, 223, 227, 231, 235, 239, 243, 247, 251, 255, 259, 263, 267, 271,
    275, 279, 283, 287, 291, 295, 299, 303, 307, 311, 315, 319, 323, 327, 331,
    335, 339, 343, 347, 351, 355, 359, 363, 367, 371, 375, 379, 383, 387, 391,
    395, 399, 403, 407, 411, 415, 419, 423, 427, 431, 435, 439, 443, 447
[2] 6, 10, 14, 34, 38, 42, 54, 58, 62, 70, 74, 82, 86, 94, 102, 114, 118, 122,
    126, 130, 134, 142, 150, 170, 178, 182, 198, 214, 242, 250, 254, 266, 270,
    274, 286, 290, 306, 310, 314, 322, 330, 338, 346, 358, 366, 374, 378, 390,
    394, 398, 402, 406, 418, 422, 434, 438, 442, 446
[3] 0, 4, 8, 28, 40, 48, 56, 68, 72, 76, 80, 84, 96, 108, 112, 128, 132, 136,
    140, 144, 148, 156, 164, 188, 200, 208, 220, 224, 232, 240, 256, 272, 276,
    280, 284, 288, 292, 296, 308, 316, 320, 332, 340, 344, 352, 364, 372, 380,
    388, 396, 412, 420, 424, 428, 432, 440, 444
[4] 12, 16, 20, 24, 32, 36, 44, 52, 60, 64, 88, 92, 100, 104, 116, 120, 124,
    152, 160, 168, 172, 176, 180, 184, 192, 196, 204, 212, 216, 228, 236, 244,
    248, 252, 260, 264, 268, 300, 304, 312, 324, 328, 336, 348, 356, 360, 368,
    376, 384, 392, 400, 404, 408, 416, 436
[5] 2, 18, 22, 26, 30, 46, 50, 66, 78, 90, 98, 106, 110, 138, 146, 154, 158,
    162, 166, 174, 186, 190, 194, 202, 206, 210, 218, 222, 226, 230, 234, 238,
    246, 258, 262, 278, 282, 294, 298, 302, 318, 326, 334, 342, 350, 354, 362,
    370, 382, 386, 410, 414, 426, 430
[6] 3, 19
[7] 11, 15

Reassigned labels
Map:
{"D_0": "D", "D_1": "D", "D_2": "D", "D_3": "D", "D_4": "D", "D_5": "D", "D_6": "D", "D_7": "D"}
token_fitness
{"perc_fit_traces": 0.0, "average_trace_fitness": 0.8768205076929377, "log_fitness": 0.895279191745866, "percentage_of_fitting_traces": 0.0}
precision
0.20010665244634052
0.7627118644067797
generalization
0.8087937948554283


###### Starting pipeline for 0, Distance.MULTISET_DISTANCE, 5######
Found communities: 

Clustering with 448 elements and 3 clusters
[0] 2, 3, 6, 7, 10, 11, 14, 15, 18, 19, 22, 23, 26, 27, 30, 31, 34, 35, 38,
    39, 42, 43, 46, 47, 50, 51, 54, 55, 58, 59, 62, 63, 66, 67, 70, 71, 74,
    75, 78, 79, 82, 83, 86, 87, 90, 91, 94, 95, 98, 99, 102, 103, 106, 107,
    110, 111, 114, 115, 118, 119, 122, 123, 126, 127, 130, 131, 134, 135, 138,
    139, 142, 143, 146, 147, 150, 151, 154, 155, 158, 159, 162, 163, 166, 167,
    170, 171, 174, 175, 178, 179, 182, 183, 186, 187, 190, 191, 194, 195, 198,
    199, 202, 203, 206, 207, 210, 211, 214, 215, 218, 219, 222, 223, 226, 227,
    230, 231, 234, 235, 238, 239, 242, 243, 246, 247, 250, 251, 254, 255, 258,
    259, 262, 263, 266, 267, 270, 271, 274, 275, 278, 279, 282, 283, 286, 287,
    290, 291, 294, 295, 298, 299, 302, 303, 306, 307, 310, 311, 314, 315, 318,
    319, 322, 323, 326, 327, 330, 331, 334, 335, 338, 339, 342, 343, 346, 347,
    350, 351, 354, 355, 358, 359, 362, 363, 366, 367, 370, 371, 374, 375, 378,
    379, 382, 383, 386, 387, 390, 391, 394, 395, 398, 399, 402, 403, 406, 407,
    410, 411, 414, 415, 418, 419, 422, 423, 426, 427, 430, 431, 434, 435, 438,
    439, 442, 443, 446, 447
[1] 0, 4, 8, 12, 16, 20, 24, 28, 32, 36, 40, 44, 48, 52, 56, 60, 64, 68, 72,
    76, 80, 84, 88, 92, 96, 100, 104, 108, 112, 116, 120, 124, 128, 132, 136,
    140, 144, 148, 152, 156, 160, 164, 168, 172, 176, 180, 184, 188, 192, 196,
    200, 204, 208, 212, 216, 220, 224, 228, 232, 236, 240, 244, 248, 252, 256,
    260, 264, 268, 272, 276, 280, 284, 288, 292, 296, 300, 304, 308, 312, 316,
    320, 324, 328, 332, 336, 340, 344, 348, 352, 356, 360, 364, 368, 372, 376,
    380, 384, 388, 392, 396, 400, 404, 408, 412, 416, 420, 424, 428, 432, 436,
    440, 444
[2] 1, 5, 9, 13, 17, 21, 25, 29, 33, 37, 41, 45, 49, 53, 57, 61, 65, 69, 73,
    77, 81, 85, 89, 93, 97, 101, 105, 109, 113, 117, 121, 125, 129, 133, 137,
    141, 145, 149, 153, 157, 161, 165, 169, 173, 177, 181, 185, 189, 193, 197,
    201, 205, 209, 213, 217, 221, 225, 229, 233, 237, 241, 245, 249, 253, 257,
    261, 265, 269, 273, 277, 281, 285, 289, 293, 297, 301, 305, 309, 313, 317,
    321, 325, 329, 333, 337, 341, 345, 349, 353, 357, 361, 365, 369, 373, 377,
    381, 385, 389, 393, 397, 401, 405, 409, 413, 417, 421, 425, 429, 433, 437,
    441, 445

Reassigned labels
Map:
{"D_0": "D", "D_1": "D", "D_2": "D"}
token_fitness
{"perc_fit_traces": 0.0, "average_trace_fitness": 0.8768205076929377, "log_fitness": 0.895279191745866, "percentage_of_fitting_traces": 0.0}
precision
0.20010665244634052
0.7627118644067797
generalization
0.8087937948554283


###### Starting pipeline for 0.25, Distance.MULTISET_DISTANCE, 5######
Found communities: 

Clustering with 448 elements and 2 clusters
[0] 2, 3, 6, 7, 10, 11, 14, 15, 18, 19, 22, 23, 26, 27, 30, 31, 34, 35, 38,
    39, 42, 43, 46, 47, 50, 51, 54, 55, 58, 59, 62, 63, 66, 67, 70, 71, 74,
    75, 78, 79, 82, 83, 86, 87, 90, 91, 94, 95, 98, 99, 102, 103, 106, 107,
    110, 111, 114, 115, 118, 119, 122, 123, 126, 127, 130, 131, 134, 135, 138,
    139, 142, 143, 146, 147, 150, 151, 154, 155, 158, 159, 162, 163, 166, 167,
    170, 171, 174, 175, 178, 179, 182, 183, 186, 187, 190, 191, 194, 195, 198,
    199, 202, 203, 206, 207, 210, 211, 214, 215, 218, 219, 222, 223, 226, 227,
    230, 231, 234, 235, 238, 239, 242, 243, 246, 247, 250, 251, 254, 255, 258,
    259, 262, 263, 266, 267, 270, 271, 274, 275, 278, 279, 282, 283, 286, 287,
    290, 291, 294, 295, 298, 299, 302, 303, 306, 307, 310, 311, 314, 315, 318,
    319, 322, 323, 326, 327, 330, 331, 334, 335, 338, 339, 342, 343, 346, 347,
    350, 351, 354, 355, 358, 359, 362, 363, 366, 367, 370, 371, 374, 375, 378,
    379, 382, 383, 386, 387, 390, 391, 394, 395, 398, 399, 402, 403, 406, 407,
    410, 411, 414, 415, 418, 419, 422, 423, 426, 427, 430, 431, 434, 435, 438,
    439, 442, 443, 446, 447
[1] 0, 1, 4, 5, 8, 9, 12, 13, 16, 17, 20, 21, 24, 25, 28, 29, 32, 33, 36, 37,
    40, 41, 44, 45, 48, 49, 52, 53, 56, 57, 60, 61, 64, 65, 68, 69, 72, 73,
    76, 77, 80, 81, 84, 85, 88, 89, 92, 93, 96, 97, 100, 101, 104, 105, 108,
    109, 112, 113, 116, 117, 120, 121, 124, 125, 128, 129, 132, 133, 136, 137,
    140, 141, 144, 145, 148, 149, 152, 153, 156, 157, 160, 161, 164, 165, 168,
    169, 172, 173, 176, 177, 180, 181, 184, 185, 188, 189, 192, 193, 196, 197,
    200, 201, 204, 205, 208, 209, 212, 213, 216, 217, 220, 221, 224, 225, 228,
    229, 232, 233, 236, 237, 240, 241, 244, 245, 248, 249, 252, 253, 256, 257,
    260, 261, 264, 265, 268, 269, 272, 273, 276, 277, 280, 281, 284, 285, 288,
    289, 292, 293, 296, 297, 300, 301, 304, 305, 308, 309, 312, 313, 316, 317,
    320, 321, 324, 325, 328, 329, 332, 333, 336, 337, 340, 341, 344, 345, 348,
    349, 352, 353, 356, 357, 360, 361, 364, 365, 368, 369, 372, 373, 376, 377,
    380, 381, 384, 385, 388, 389, 392, 393, 396, 397, 400, 401, 404, 405, 408,
    409, 412, 413, 416, 417, 420, 421, 424, 425, 428, 429, 432, 433, 436, 437,
    440, 441, 444, 445

Reassigned labels
Map:
{"D_0": "D", "D_1": "D"}
token_fitness
{"perc_fit_traces": 0.0, "average_trace_fitness": 0.8768205076929377, "log_fitness": 0.895279191745866, "percentage_of_fitting_traces": 0.0}
precision
0.20010665244634052
0.7627118644067797
generalization
0.8087937948554283


###### Starting pipeline for 0.5, Distance.MULTISET_DISTANCE, 5######
Found communities: 

Clustering with 448 elements and 2 clusters
[0] 2, 3, 6, 7, 10, 11, 14, 15, 18, 19, 22, 23, 26, 27, 30, 31, 34, 35, 38,
    39, 42, 43, 46, 47, 50, 51, 54, 55, 58, 59, 62, 63, 66, 67, 70, 71, 74,
    75, 78, 79, 82, 83, 86, 87, 90, 91, 94, 95, 98, 99, 102, 103, 106, 107,
    110, 111, 114, 115, 118, 119, 122, 123, 126, 127, 130, 131, 134, 135, 138,
    139, 142, 143, 146, 147, 150, 151, 154, 155, 158, 159, 162, 163, 166, 167,
    170, 171, 174, 175, 178, 179, 182, 183, 186, 187, 190, 191, 194, 195, 198,
    199, 202, 203, 206, 207, 210, 211, 214, 215, 218, 219, 222, 223, 226, 227,
    230, 231, 234, 235, 238, 239, 242, 243, 246, 247, 250, 251, 254, 255, 258,
    259, 262, 263, 266, 267, 270, 271, 274, 275, 278, 279, 282, 283, 286, 287,
    290, 291, 294, 295, 298, 299, 302, 303, 306, 307, 310, 311, 314, 315, 318,
    319, 322, 323, 326, 327, 330, 331, 334, 335, 338, 339, 342, 343, 346, 347,
    350, 351, 354, 355, 358, 359, 362, 363, 366, 367, 370, 371, 374, 375, 378,
    379, 382, 383, 386, 387, 390, 391, 394, 395, 398, 399, 402, 403, 406, 407,
    410, 411, 414, 415, 418, 419, 422, 423, 426, 427, 430, 431, 434, 435, 438,
    439, 442, 443, 446, 447
[1] 0, 1, 4, 5, 8, 9, 12, 13, 16, 17, 20, 21, 24, 25, 28, 29, 32, 33, 36, 37,
    40, 41, 44, 45, 48, 49, 52, 53, 56, 57, 60, 61, 64, 65, 68, 69, 72, 73,
    76, 77, 80, 81, 84, 85, 88, 89, 92, 93, 96, 97, 100, 101, 104, 105, 108,
    109, 112, 113, 116, 117, 120, 121, 124, 125, 128, 129, 132, 133, 136, 137,
    140, 141, 144, 145, 148, 149, 152, 153, 156, 157, 160, 161, 164, 165, 168,
    169, 172, 173, 176, 177, 180, 181, 184, 185, 188, 189, 192, 193, 196, 197,
    200, 201, 204, 205, 208, 209, 212, 213, 216, 217, 220, 221, 224, 225, 228,
    229, 232, 233, 236, 237, 240, 241, 244, 245, 248, 249, 252, 253, 256, 257,
    260, 261, 264, 265, 268, 269, 272, 273, 276, 277, 280, 281, 284, 285, 288,
    289, 292, 293, 296, 297, 300, 301, 304, 305, 308, 309, 312, 313, 316, 317,
    320, 321, 324, 325, 328, 329, 332, 333, 336, 337, 340, 341, 344, 345, 348,
    349, 352, 353, 356, 357, 360, 361, 364, 365, 368, 369, 372, 373, 376, 377,
    380, 381, 384, 385, 388, 389, 392, 393, 396, 397, 400, 401, 404, 405, 408,
    409, 412, 413, 416, 417, 420, 421, 424, 425, 428, 429, 432, 433, 436, 437,
    440, 441, 444, 445

Reassigned labels
Map:
{"D_0": "D", "D_1": "D"}
token_fitness
{"perc_fit_traces": 0.0, "average_trace_fitness": 0.8768205076929377, "log_fitness": 0.895279191745866, "percentage_of_fitting_traces": 0.0}
precision
0.20010665244634052
0.7627118644067797
generalization
0.8087937948554283


###### Starting pipeline for 0.75, Distance.MULTISET_DISTANCE, 5######
Found communities: 

Clustering with 448 elements and 3 clusters
[0] 2, 3, 6, 7, 10, 11, 14, 15, 18, 19, 22, 23, 26, 27, 30, 31, 34, 35, 38,
    39, 42, 43, 46, 47, 50, 51, 54, 55, 58, 59, 62, 63, 66, 67, 70, 71, 74,
    75, 78, 79, 82, 83, 86, 87, 90, 91, 94, 95, 98, 99, 102, 103, 106, 107,
    110, 111, 114, 115, 118, 119, 122, 123, 126, 127, 130, 131, 134, 135, 138,
    139, 142, 143, 146, 147, 150, 151, 154, 155, 158, 159, 162, 163, 166, 167,
    170, 171, 174, 175, 178, 179, 182, 183, 186, 187, 190, 191, 194, 195, 198,
    199, 202, 203, 206, 207, 210, 211, 214, 215, 218, 219, 222, 223, 226, 227,
    230, 231, 234, 235, 238, 239, 242, 243, 246, 247, 250, 251, 254, 255, 258,
    259, 262, 263, 266, 267, 270, 271, 274, 275, 278, 279, 282, 283, 286, 287,
    290, 291, 294, 295, 298, 299, 302, 303, 306, 307, 310, 311, 314, 315, 318,
    319, 322, 323, 326, 327, 330, 331, 334, 335, 338, 339, 342, 343, 346, 347,
    350, 351, 354, 355, 358, 359, 362, 363, 366, 367, 370, 371, 374, 375, 378,
    379, 382, 383, 386, 387, 390, 391, 394, 395, 398, 399, 402, 403, 406, 407,
    410, 411, 414, 415, 418, 419, 422, 423, 426, 427, 430, 431, 434, 435, 438,
    439, 442, 443, 446, 447
[1] 0, 4, 8, 12, 16, 20, 24, 28, 32, 36, 40, 44, 48, 52, 56, 60, 64, 68, 72,
    76, 80, 84, 88, 92, 96, 100, 104, 108, 112, 116, 120, 124, 128, 132, 136,
    140, 144, 148, 152, 156, 160, 164, 168, 172, 176, 180, 184, 188, 192, 196,
    200, 204, 208, 212, 216, 220, 224, 228, 232, 236, 240, 244, 248, 252, 256,
    260, 264, 268, 272, 276, 280, 284, 288, 292, 296, 300, 304, 308, 312, 316,
    320, 324, 328, 332, 336, 340, 344, 348, 352, 356, 360, 364, 368, 372, 376,
    380, 384, 388, 392, 396, 400, 404, 408, 412, 416, 420, 424, 428, 432, 436,
    440, 444
[2] 1, 5, 9, 13, 17, 21, 25, 29, 33, 37, 41, 45, 49, 53, 57, 61, 65, 69, 73,
    77, 81, 85, 89, 93, 97, 101, 105, 109, 113, 117, 121, 125, 129, 133, 137,
    141, 145, 149, 153, 157, 161, 165, 169, 173, 177, 181, 185, 189, 193, 197,
    201, 205, 209, 213, 217, 221, 225, 229, 233, 237, 241, 245, 249, 253, 257,
    261, 265, 269, 273, 277, 281, 285, 289, 293, 297, 301, 305, 309, 313, 317,
    321, 325, 329, 333, 337, 341, 345, 349, 353, 357, 361, 365, 369, 373, 377,
    381, 385, 389, 393, 397, 401, 405, 409, 413, 417, 421, 425, 429, 433, 437,
    441, 445

Reassigned labels
Map:
{"D_0": "D", "D_1": "D", "D_2": "D"}
token_fitness
{"perc_fit_traces": 0.0, "average_trace_fitness": 0.8768205076929377, "log_fitness": 0.895279191745866, "percentage_of_fitting_traces": 0.0}
precision
0.20010665244634052
0.7627118644067797
generalization
0.8087937948554283


###### Starting pipeline for 1, Distance.MULTISET_DISTANCE, 5######
Found communities: 

Clustering with 448 elements and 8 clusters
[0] 1, 5, 9, 13, 17, 21, 25, 29, 33, 37, 41, 45, 49, 53, 57, 61, 65, 69, 73,
    77, 81, 85, 89, 93, 97, 101, 105, 109, 113, 117, 121, 125, 129, 133, 137,
    141, 145, 149, 153, 157, 161, 165, 169, 173, 177, 181, 185, 189, 193, 197,
    201, 205, 209, 213, 217, 221, 225, 229, 233, 237, 241, 245, 249, 253, 257,
    261, 265, 269, 273, 277, 281, 285, 289, 293, 297, 301, 305, 309, 313, 317,
    321, 325, 329, 333, 337, 341, 345, 349, 353, 357, 361, 365, 369, 373, 377,
    381, 385, 389, 393, 397, 401, 405, 409, 413, 417, 421, 425, 429, 433, 437,
    441, 445
[1] 7, 23, 27, 31, 35, 39, 43, 47, 51, 55, 59, 63, 67, 71, 75, 79, 83, 87, 91,
    95, 99, 103, 107, 111, 115, 119, 123, 127, 131, 135, 139, 143, 147, 151,
    155, 159, 163, 167, 171, 175, 179, 183, 187, 191, 195, 199, 203, 207, 211,
    215, 219, 223, 227, 231, 235, 239, 243, 247, 251, 255, 259, 263, 267, 271,
    275, 279, 283, 287, 291, 295, 299, 303, 307, 311, 315, 319, 323, 327, 331,
    335, 339, 343, 347, 351, 355, 359, 363, 367, 371, 375, 379, 383, 387, 391,
    395, 399, 403, 407, 411, 415, 419, 423, 427, 431, 435, 439, 443, 447
[2] 6, 10, 14, 34, 38, 42, 54, 58, 62, 70, 74, 82, 86, 94, 102, 114, 118, 122,
    126, 130, 134, 142, 150, 170, 178, 182, 198, 214, 242, 250, 254, 266, 270,
    274, 286, 290, 306, 310, 314, 322, 330, 338, 346, 358, 366, 374, 378, 390,
    394, 398, 402, 406, 418, 422, 434, 438, 442, 446
[3] 0, 4, 8, 28, 40, 48, 56, 68, 72, 76, 80, 84, 96, 108, 112, 128, 132, 136,
    140, 144, 148, 156, 164, 188, 200, 208, 220, 224, 232, 240, 256, 272, 276,
    280, 284, 288, 292, 296, 308, 316, 320, 332, 340, 344, 352, 364, 372, 380,
    388, 396, 412, 420, 424, 428, 432, 440, 444
[4] 12, 16, 20, 24, 32, 36, 44, 52, 60, 64, 88, 92, 100, 104, 116, 120, 124,
    152, 160, 168, 172, 176, 180, 184, 192, 196, 204, 212, 216, 228, 236, 244,
    248, 252, 260, 264, 268, 300, 304, 312, 324, 328, 336, 348, 356, 360, 368,
    376, 384, 392, 400, 404, 408, 416, 436
[5] 2, 18, 22, 26, 30, 46, 50, 66, 78, 90, 98, 106, 110, 138, 146, 154, 158,
    162, 166, 174, 186, 190, 194, 202, 206, 210, 218, 222, 226, 230, 234, 238,
    246, 258, 262, 278, 282, 294, 298, 302, 318, 326, 334, 342, 350, 354, 362,
    370, 382, 386, 410, 414, 426, 430
[6] 3, 19
[7] 11, 15

Reassigned labels
Map:
{"D_0": "D", "D_1": "D", "D_2": "D", "D_3": "D", "D_4": "D", "D_5": "D", "D_6": "D", "D_7": "D"}
token_fitness
{"perc_fit_traces": 0.0, "average_trace_fitness": 0.8768205076929377, "log_fitness": 0.895279191745866, "percentage_of_fitting_traces": 0.0}
precision
0.20010665244634052
0.7627118644067797
generalization
0.8087937948554283

 Performance of golden standard model:
token_fitness
{"perc_fit_traces": 49.9, "average_trace_fitness": 0.9225879199813868, "log_fitness": 0.9311423012986202, "percentage_of_fitting_traces": 49.9}
precision
0.9796045268001492
0.7714285714285715
generalization
0.9433300629664488

 Xixi split labels:
['D_X_1', 'D_X_0']

 Xixi refined log results:

 IM without noise threshold:
token_fitness
{"perc_fit_traces": 100.0, "average_trace_fitness": 1.0, "log_fitness": 1.0, "percentage_of_fitting_traces": 100.0}
precision
0.7642232244742705
0.7499999999999999
generalization
0.9431453481422626

 Xixi clustering:
Clustering with 448 elements and 2 clusters
[0] 252
[1] 0, 1, 2, 3, 4, 5, 6, 7, 8, 9, 10, 11, 12, 13, 14, 15, 16, 17, 18, 19, 20,
    21, 22, 23, 24, 25, 26, 27, 28, 29, 30, 31, 32, 33, 34, 35, 36, 37, 38,
    39, 40, 41, 42, 43, 44, 45, 46, 47, 48, 49, 50, 51, 52, 53, 54, 55, 56,
    57, 58, 59, 60, 61, 62, 63, 64, 65, 66, 67, 68, 69, 70, 71, 72, 73, 74,
    75, 76, 77, 78, 79, 80, 81, 82, 83, 84, 85, 86, 87, 88, 89, 90, 91, 92,
    93, 94, 95, 96, 97, 98, 99, 100, 101, 102, 103, 104, 105, 106, 107, 108,
    109, 110, 111, 112, 113, 114, 115, 116, 117, 118, 119, 120, 121, 122, 123,
    124, 125, 126, 127, 128, 129, 130, 131, 132, 133, 134, 135, 136, 137, 138,
    139, 140, 141, 142, 143, 144, 145, 146, 147, 148, 149, 150, 151, 152, 153,
    154, 155, 156, 157, 158, 159, 160, 161, 162, 163, 164, 165, 166, 167, 168,
    169, 170, 171, 172, 173, 174, 175, 176, 177, 178, 179, 180, 181, 182, 183,
    184, 185, 186, 187, 188, 189, 190, 191, 192, 193, 194, 195, 196, 197, 198,
    199, 200, 201, 202, 203, 204, 205, 206, 207, 208, 209, 210, 211, 212, 213,
    214, 215, 216, 217, 218, 219, 220, 221, 222, 223, 224, 225, 226, 227, 228,
    229, 230, 231, 232, 233, 234, 235, 236, 237, 238, 239, 240, 241, 242, 243,
    244, 245, 246, 247, 248, 249, 250, 251, 253, 254, 255, 256, 257, 258, 259,
    260, 261, 262, 263, 264, 265, 266, 267, 268, 269, 270, 271, 272, 273, 274,
    275, 276, 277, 278, 279, 280, 281, 282, 283, 284, 285, 286, 287, 288, 289,
    290, 291, 292, 293, 294, 295, 296, 297, 298, 299, 300, 301, 302, 303, 304,
    305, 306, 307, 308, 309, 310, 311, 312, 313, 314, 315, 316, 317, 318, 319,
    320, 321, 322, 323, 324, 325, 326, 327, 328, 329, 330, 331, 332, 333, 334,
    335, 336, 337, 338, 339, 340, 341, 342, 343, 344, 345, 346, 347, 348, 349,
    350, 351, 352, 353, 354, 355, 356, 357, 358, 359, 360, 361, 362, 363, 364,
    365, 366, 367, 368, 369, 370, 371, 372, 373, 374, 375, 376, 377, 378, 379,
    380, 381, 382, 383, 384, 385, 386, 387, 388, 389, 390, 391, 392, 393, 394,
    395, 396, 397, 398, 399, 400, 401, 402, 403, 404, 405, 406, 407, 408, 409,
    410, 411, 412, 413, 414, 415, 416, 417, 418, 419, 420, 421, 422, 423, 424,
    425, 426, 427, 428, 429, 430, 431, 432, 433, 434, 435, 436, 437, 438, 439,
    440, 441, 442, 443, 444, 445, 446, 447

 Data from log without imprecise labels

 IM without noise threshold:
token_fitness
{"perc_fit_traces": 100.0, "average_trace_fitness": 1.0, "log_fitness": 1.0, "percentage_of_fitting_traces": 100.0}
precision
0.9622478882951215
0.7714285714285715
generalization
0.9441490730883728

 Original Labels:
['D', 'E', 'C', 'B']

 Ground truth clustering clustering:
Clustering with 448 elements and 4 clusters
[0] 1, 7, 10, 13, 17, 23, 25, 29, 35, 37, 41, 46, 50, 55, 58, 61, 66, 69, 74,
    79, 81, 85, 91, 93, 99, 103, 106, 109, 114, 118, 121, 126, 129, 133, 139,
    142, 146, 151, 154, 158, 161, 165, 171, 174, 177, 182, 186, 189, 194, 199,
    203, 207, 211, 214, 217, 221, 225, 230, 235, 239, 242, 246, 251, 253, 258,
    261, 266, 270, 274, 277, 282, 285, 289, 293, 299, 301, 306, 309, 313, 317,
    323, 327, 329, 333, 337, 342, 346, 351, 354, 357, 361, 367, 369, 373, 377,
    381, 385, 389, 394, 399, 403, 406, 411, 413, 418, 423, 427, 430, 435, 437,
    443, 445
[1] 2, 5, 11, 15, 19, 22, 26, 31, 33, 39, 43, 45, 49, 54, 59, 63, 65, 70, 75,
    77, 83, 87, 89, 94, 97, 101, 107, 111, 113, 117, 122, 127, 131, 135, 138,
    141, 145, 150, 153, 159, 162, 167, 169, 175, 179, 183, 185, 190, 193, 198,
    201, 205, 209, 213, 219, 222, 226, 231, 233, 237, 241, 245, 249, 255, 257,
    263, 267, 271, 273, 278, 283, 287, 291, 294, 297, 303, 305, 311, 315, 319,
    322, 325, 331, 334, 338, 341, 345, 349, 355, 358, 362, 365, 371, 375, 378,
    382, 386, 391, 393, 398, 402, 405, 409, 415, 417, 422, 426, 429, 433, 439,
    442, 446
[2] 3, 6, 9, 14, 18, 21, 27, 30, 34, 38, 42, 47, 51, 53, 57, 62, 67, 71, 73,
    78, 82, 86, 90, 95, 98, 102, 105, 110, 115, 119, 123, 125, 130, 134, 137,
    143, 147, 149, 155, 157, 163, 166, 170, 173, 178, 181, 187, 191, 195, 197,
    202, 206, 210, 215, 218, 223, 227, 229, 234, 238, 243, 247, 250, 254, 259,
    262, 265, 269, 275, 279, 281, 286, 290, 295, 298, 302, 307, 310, 314, 318,
    321, 326, 330, 335, 339, 343, 347, 350, 353, 359, 363, 366, 370, 374, 379,
    383, 387, 390, 395, 397, 401, 407, 410, 414, 419, 421, 425, 431, 434, 438,
    441, 447
[3] 0, 4, 8, 12, 16, 20, 24, 28, 32, 36, 40, 44, 48, 52, 56, 60, 64, 68, 72,
    76, 80, 84, 88, 92, 96, 100, 104, 108, 112, 116, 120, 124, 128, 132, 136,
    140, 144, 148, 152, 156, 160, 164, 168, 172, 176, 180, 184, 188, 192, 196,
    200, 204, 208, 212, 216, 220, 224, 228, 232, 236, 240, 244, 248, 252, 256,
    260, 264, 268, 272, 276, 280, 284, 288, 292, 296, 300, 304, 308, 312, 316,
    320, 324, 328, 332, 336, 340, 344, 348, 352, 356, 360, 364, 368, 372, 376,
    380, 384, 388, 392, 396, 400, 404, 408, 412, 416, 420, 424, 428, 432, 436,
    440, 444

 Xixi Adjusted Rand Index:
-1.481421807455692e-16




----------------------------------------------------------------------------------------------
Output from 2025-08-11 16:55:18.180787
----------------------------------------------------------------------------------------------


                

###### Starting pipeline for 0, Distance.EDIT_DISTANCE, 1######
Found communities: 

Clustering with 448 elements and 3 clusters
[0] 1, 2, 3, 5, 6, 7, 9, 10, 11, 14, 15, 18, 19, 22, 23, 26, 27, 29, 30, 31,
    34, 35, 38, 39, 41, 42, 43, 46, 47, 49, 50, 51, 54, 55, 57, 58, 59, 62,
    63, 66, 67, 69, 70, 71, 73, 74, 75, 77, 78, 79, 81, 82, 83, 85, 86, 87,
    90, 91, 94, 95, 97, 98, 99, 102, 103, 106, 107, 109, 110, 111, 113, 114,
    115, 118, 119, 122, 123, 126, 127, 129, 130, 131, 133, 134, 135, 137, 138,
    139, 141, 142, 143, 145, 146, 147, 149, 150, 151, 154, 155, 157, 158, 159,
    162, 163, 165, 166, 167, 170, 171, 174, 175, 178, 179, 182, 183, 186, 187,
    189, 190, 191, 194, 195, 198, 199, 201, 202, 203, 206, 207, 209, 210, 211,
    214, 215, 218, 219, 221, 222, 223, 225, 226, 227, 230, 231, 233, 234, 235,
    238, 239, 241, 242, 243, 246, 247, 250, 251, 254, 255, 257, 258, 259, 262,
    263, 266, 267, 270, 271, 273, 274, 275, 277, 278, 279, 281, 282, 283, 285,
    286, 287, 289, 290, 291, 293, 294, 295, 297, 298, 299, 302, 303, 306, 307,
    309, 310, 311, 314, 315, 317, 318, 319, 321, 322, 323, 326, 327, 330, 331,
    333, 334, 335, 338, 339, 341, 342, 343, 345, 346, 347, 350, 351, 353, 354,
    355, 358, 359, 362, 363, 365, 366, 367, 370, 371, 373, 374, 375, 378, 379,
    381, 382, 383, 386, 387, 389, 390, 391, 394, 395, 397, 398, 399, 402, 403,
    406, 407, 410, 411, 413, 414, 415, 418, 419, 421, 422, 423, 425, 426, 427,
    429, 430, 431, 433, 434, 435, 438, 439, 441, 442, 443, 445, 446, 447
[1] 0, 4, 8, 13, 17, 21, 25, 28, 33, 37, 40, 45, 48, 53, 56, 61, 65, 68, 72,
    76, 80, 84, 89, 93, 96, 101, 105, 108, 112, 117, 121, 125, 128, 132, 136,
    140, 144, 148, 153, 156, 161, 164, 169, 173, 177, 181, 185, 188, 193, 197,
    200, 205, 208, 213, 217, 220, 224, 229, 232, 237, 240, 245, 249, 253, 256,
    261, 265, 269, 272, 276, 280, 284, 288, 292, 296, 301, 305, 308, 313, 316,
    320, 325, 329, 332, 337, 340, 344, 349, 352, 357, 361, 364, 369, 372, 377,
    380, 385, 388, 393, 396, 401, 405, 409, 412, 417, 420, 424, 428, 432, 437,
    440, 444
[2] 12, 16, 20, 24, 32, 36, 44, 52, 60, 64, 88, 92, 100, 104, 116, 120, 124,
    152, 160, 168, 172, 176, 180, 184, 192, 196, 204, 212, 216, 228, 236, 244,
    248, 252, 260, 264, 268, 300, 304, 312, 324, 328, 336, 348, 356, 360, 368,
    376, 384, 392, 400, 404, 408, 416, 436

Reassigned labels
Map:
{"D_0": "D", "D_1": "D", "D_2": "D"}
token_fitness
{"perc_fit_traces": 100.0, "average_trace_fitness": 1.0, "log_fitness": 1.0, "percentage_of_fitting_traces": 100.0}
precision
0.7439695302581464
0.7627118644067797
generalization
0.9421714501515178
token_fitness
{"perc_fit_traces": 0.0, "average_trace_fitness": 0.8768205076929377, "log_fitness": 0.895279191745866, "percentage_of_fitting_traces": 0.0}
precision
0.20010665244634052
0.7627118644067797
generalization
0.8087937948554283


###### Starting pipeline for 0.25, Distance.EDIT_DISTANCE, 1######
Found communities: 

Clustering with 448 elements and 3 clusters
[0] 1, 2, 3, 5, 6, 7, 9, 10, 11, 14, 15, 18, 19, 22, 23, 26, 27, 29, 30, 31,
    34, 35, 38, 39, 41, 42, 43, 46, 47, 49, 50, 51, 54, 55, 57, 58, 59, 62,
    63, 66, 67, 69, 70, 71, 73, 74, 75, 77, 78, 79, 81, 82, 83, 85, 86, 87,
    90, 91, 94, 95, 97, 98, 99, 102, 103, 106, 107, 109, 110, 111, 113, 114,
    115, 118, 119, 122, 123, 126, 127, 129, 130, 131, 133, 134, 135, 137, 138,
    139, 141, 142, 143, 145, 146, 147, 149, 150, 151, 154, 155, 157, 158, 159,
    162, 163, 165, 166, 167, 170, 171, 174, 175, 178, 179, 182, 183, 186, 187,
    189, 190, 191, 194, 195, 198, 199, 201, 202, 203, 206, 207, 209, 210, 211,
    214, 215, 218, 219, 221, 222, 223, 225, 226, 227, 230, 231, 233, 234, 235,
    238, 239, 241, 242, 243, 246, 247, 250, 251, 254, 255, 257, 258, 259, 262,
    263, 266, 267, 270, 271, 273, 274, 275, 277, 278, 279, 281, 282, 283, 285,
    286, 287, 289, 290, 291, 293, 294, 295, 297, 298, 299, 302, 303, 306, 307,
    309, 310, 311, 314, 315, 317, 318, 319, 321, 322, 323, 326, 327, 330, 331,
    333, 334, 335, 338, 339, 341, 342, 343, 345, 346, 347, 350, 351, 353, 354,
    355, 358, 359, 362, 363, 365, 366, 367, 370, 371, 373, 374, 375, 378, 379,
    381, 382, 383, 386, 387, 389, 390, 391, 394, 395, 397, 398, 399, 402, 403,
    406, 407, 410, 411, 413, 414, 415, 418, 419, 421, 422, 423, 425, 426, 427,
    429, 430, 431, 433, 434, 435, 438, 439, 441, 442, 443, 445, 446, 447
[1] 0, 4, 8, 13, 17, 21, 25, 28, 33, 37, 40, 45, 48, 53, 56, 61, 65, 68, 72,
    76, 80, 84, 89, 93, 96, 101, 105, 108, 112, 117, 121, 125, 128, 132, 136,
    140, 144, 148, 153, 156, 161, 164, 169, 173, 177, 181, 185, 188, 193, 197,
    200, 205, 208, 213, 217, 220, 224, 229, 232, 237, 240, 245, 249, 253, 256,
    261, 265, 269, 272, 276, 280, 284, 288, 292, 296, 301, 305, 308, 313, 316,
    320, 325, 329, 332, 337, 340, 344, 349, 352, 357, 361, 364, 369, 372, 377,
    380, 385, 388, 393, 396, 401, 405, 409, 412, 417, 420, 424, 428, 432, 437,
    440, 444
[2] 12, 16, 20, 24, 32, 36, 44, 52, 60, 64, 88, 92, 100, 104, 116, 120, 124,
    152, 160, 168, 172, 176, 180, 184, 192, 196, 204, 212, 216, 228, 236, 244,
    248, 252, 260, 264, 268, 300, 304, 312, 324, 328, 336, 348, 356, 360, 368,
    376, 384, 392, 400, 404, 408, 416, 436

Reassigned labels
Map:
{"D_0": "D", "D_1": "D", "D_2": "D"}
token_fitness
{"perc_fit_traces": 0.0, "average_trace_fitness": 0.8768205076929377, "log_fitness": 0.895279191745866, "percentage_of_fitting_traces": 0.0}
precision
0.20010665244634052
0.7627118644067797
generalization
0.8087937948554283


###### Starting pipeline for 0.5, Distance.EDIT_DISTANCE, 1######
Found communities: 

Clustering with 448 elements and 3 clusters
[0] 1, 2, 3, 5, 6, 7, 9, 10, 11, 14, 15, 18, 19, 22, 23, 26, 27, 29, 30, 31,
    34, 35, 38, 39, 41, 42, 43, 46, 47, 49, 50, 51, 54, 55, 57, 58, 59, 62,
    63, 66, 67, 69, 70, 71, 73, 74, 75, 77, 78, 79, 81, 82, 83, 85, 86, 87,
    90, 91, 94, 95, 97, 98, 99, 102, 103, 106, 107, 109, 110, 111, 113, 114,
    115, 118, 119, 122, 123, 126, 127, 129, 130, 131, 133, 134, 135, 137, 138,
    139, 141, 142, 143, 145, 146, 147, 149, 150, 151, 154, 155, 157, 158, 159,
    162, 163, 165, 166, 167, 170, 171, 174, 175, 178, 179, 182, 183, 186, 187,
    189, 190, 191, 194, 195, 198, 199, 201, 202, 203, 206, 207, 209, 210, 211,
    214, 215, 218, 219, 221, 222, 223, 225, 226, 227, 230, 231, 233, 234, 235,
    238, 239, 241, 242, 243, 246, 247, 250, 251, 254, 255, 257, 258, 259, 262,
    263, 266, 267, 270, 271, 273, 274, 275, 277, 278, 279, 281, 282, 283, 285,
    286, 287, 289, 290, 291, 293, 294, 295, 297, 298, 299, 302, 303, 306, 307,
    309, 310, 311, 314, 315, 317, 318, 319, 321, 322, 323, 326, 327, 330, 331,
    333, 334, 335, 338, 339, 341, 342, 343, 345, 346, 347, 350, 351, 353, 354,
    355, 358, 359, 362, 363, 365, 366, 367, 370, 371, 373, 374, 375, 378, 379,
    381, 382, 383, 386, 387, 389, 390, 391, 394, 395, 397, 398, 399, 402, 403,
    406, 407, 410, 411, 413, 414, 415, 418, 419, 421, 422, 423, 425, 426, 427,
    429, 430, 431, 433, 434, 435, 438, 439, 441, 442, 443, 445, 446, 447
[1] 0, 4, 8, 13, 17, 21, 25, 28, 33, 37, 40, 45, 48, 53, 56, 61, 65, 68, 72,
    76, 80, 84, 89, 93, 96, 101, 105, 108, 112, 117, 121, 125, 128, 132, 136,
    140, 144, 148, 153, 156, 161, 164, 169, 173, 177, 181, 185, 188, 193, 197,
    200, 205, 208, 213, 217, 220, 224, 229, 232, 237, 240, 245, 249, 253, 256,
    261, 265, 269, 272, 276, 280, 284, 288, 292, 296, 301, 305, 308, 313, 316,
    320, 325, 329, 332, 337, 340, 344, 349, 352, 357, 361, 364, 369, 372, 377,
    380, 385, 388, 393, 396, 401, 405, 409, 412, 417, 420, 424, 428, 432, 437,
    440, 444
[2] 12, 16, 20, 24, 32, 36, 44, 52, 60, 64, 88, 92, 100, 104, 116, 120, 124,
    152, 160, 168, 172, 176, 180, 184, 192, 196, 204, 212, 216, 228, 236, 244,
    248, 252, 260, 264, 268, 300, 304, 312, 324, 328, 336, 348, 356, 360, 368,
    376, 384, 392, 400, 404, 408, 416, 436

Reassigned labels
Map:
{"D_0": "D", "D_1": "D", "D_2": "D"}
token_fitness
{"perc_fit_traces": 0.0, "average_trace_fitness": 0.8768205076929377, "log_fitness": 0.895279191745866, "percentage_of_fitting_traces": 0.0}
precision
0.20010665244634052
0.7627118644067797
generalization
0.8087937948554283


###### Starting pipeline for 0.75, Distance.EDIT_DISTANCE, 1######
Found communities: 

Clustering with 448 elements and 3 clusters
[0] 1, 2, 3, 5, 6, 7, 9, 10, 11, 14, 15, 18, 19, 22, 23, 26, 27, 29, 30, 31,
    34, 35, 38, 39, 41, 42, 43, 46, 47, 49, 50, 51, 54, 55, 57, 58, 59, 62,
    63, 66, 67, 69, 70, 71, 73, 74, 75, 77, 78, 79, 81, 82, 83, 85, 86, 87,
    90, 91, 94, 95, 97, 98, 99, 102, 103, 106, 107, 109, 110, 111, 113, 114,
    115, 118, 119, 122, 123, 126, 127, 129, 130, 131, 133, 134, 135, 137, 138,
    139, 141, 142, 143, 145, 146, 147, 149, 150, 151, 154, 155, 157, 158, 159,
    162, 163, 165, 166, 167, 170, 171, 174, 175, 178, 179, 182, 183, 186, 187,
    189, 190, 191, 194, 195, 198, 199, 201, 202, 203, 206, 207, 209, 210, 211,
    214, 215, 218, 219, 221, 222, 223, 225, 226, 227, 230, 231, 233, 234, 235,
    238, 239, 241, 242, 243, 246, 247, 250, 251, 254, 255, 257, 258, 259, 262,
    263, 266, 267, 270, 271, 273, 274, 275, 277, 278, 279, 281, 282, 283, 285,
    286, 287, 289, 290, 291, 293, 294, 295, 297, 298, 299, 302, 303, 306, 307,
    309, 310, 311, 314, 315, 317, 318, 319, 321, 322, 323, 326, 327, 330, 331,
    333, 334, 335, 338, 339, 341, 342, 343, 345, 346, 347, 350, 351, 353, 354,
    355, 358, 359, 362, 363, 365, 366, 367, 370, 371, 373, 374, 375, 378, 379,
    381, 382, 383, 386, 387, 389, 390, 391, 394, 395, 397, 398, 399, 402, 403,
    406, 407, 410, 411, 413, 414, 415, 418, 419, 421, 422, 423, 425, 426, 427,
    429, 430, 431, 433, 434, 435, 438, 439, 441, 442, 443, 445, 446, 447
[1] 0, 4, 8, 13, 17, 21, 25, 28, 33, 37, 40, 45, 48, 53, 56, 61, 65, 68, 72,
    76, 80, 84, 89, 93, 96, 101, 105, 108, 112, 117, 121, 125, 128, 132, 136,
    140, 144, 148, 153, 156, 161, 164, 169, 173, 177, 181, 185, 188, 193, 197,
    200, 205, 208, 213, 217, 220, 224, 229, 232, 237, 240, 245, 249, 253, 256,
    261, 265, 269, 272, 276, 280, 284, 288, 292, 296, 301, 305, 308, 313, 316,
    320, 325, 329, 332, 337, 340, 344, 349, 352, 357, 361, 364, 369, 372, 377,
    380, 385, 388, 393, 396, 401, 405, 409, 412, 417, 420, 424, 428, 432, 437,
    440, 444
[2] 12, 16, 20, 24, 32, 36, 44, 52, 60, 64, 88, 92, 100, 104, 116, 120, 124,
    152, 160, 168, 172, 176, 180, 184, 192, 196, 204, 212, 216, 228, 236, 244,
    248, 252, 260, 264, 268, 300, 304, 312, 324, 328, 336, 348, 356, 360, 368,
    376, 384, 392, 400, 404, 408, 416, 436

Reassigned labels
Map:
{"D_0": "D", "D_1": "D", "D_2": "D"}
token_fitness
{"perc_fit_traces": 0.0, "average_trace_fitness": 0.8768205076929377, "log_fitness": 0.895279191745866, "percentage_of_fitting_traces": 0.0}
precision
0.20010665244634052
0.7627118644067797
generalization
0.8087937948554283


###### Starting pipeline for 1, Distance.EDIT_DISTANCE, 1######
Found communities: 

Clustering with 448 elements and 3 clusters
[0] 1, 2, 3, 5, 6, 7, 9, 10, 11, 14, 15, 18, 19, 22, 23, 26, 27, 29, 30, 31,
    34, 35, 38, 39, 41, 42, 43, 46, 47, 49, 50, 51, 54, 55, 57, 58, 59, 62,
    63, 66, 67, 69, 70, 71, 73, 74, 75, 77, 78, 79, 81, 82, 83, 85, 86, 87,
    90, 91, 94, 95, 97, 98, 99, 102, 103, 106, 107, 109, 110, 111, 113, 114,
    115, 118, 119, 122, 123, 126, 127, 129, 130, 131, 133, 134, 135, 137, 138,
    139, 141, 142, 143, 145, 146, 147, 149, 150, 151, 154, 155, 157, 158, 159,
    162, 163, 165, 166, 167, 170, 171, 174, 175, 178, 179, 182, 183, 186, 187,
    189, 190, 191, 194, 195, 198, 199, 201, 202, 203, 206, 207, 209, 210, 211,
    214, 215, 218, 219, 221, 222, 223, 225, 226, 227, 230, 231, 233, 234, 235,
    238, 239, 241, 242, 243, 246, 247, 250, 251, 254, 255, 257, 258, 259, 262,
    263, 266, 267, 270, 271, 273, 274, 275, 277, 278, 279, 281, 282, 283, 285,
    286, 287, 289, 290, 291, 293, 294, 295, 297, 298, 299, 302, 303, 306, 307,
    309, 310, 311, 314, 315, 317, 318, 319, 321, 322, 323, 326, 327, 330, 331,
    333, 334, 335, 338, 339, 341, 342, 343, 345, 346, 347, 350, 351, 353, 354,
    355, 358, 359, 362, 363, 365, 366, 367, 370, 371, 373, 374, 375, 378, 379,
    381, 382, 383, 386, 387, 389, 390, 391, 394, 395, 397, 398, 399, 402, 403,
    406, 407, 410, 411, 413, 414, 415, 418, 419, 421, 422, 423, 425, 426, 427,
    429, 430, 431, 433, 434, 435, 438, 439, 441, 442, 443, 445, 446, 447
[1] 0, 4, 8, 13, 17, 21, 25, 28, 33, 37, 40, 45, 48, 53, 56, 61, 65, 68, 72,
    76, 80, 84, 89, 93, 96, 101, 105, 108, 112, 117, 121, 125, 128, 132, 136,
    140, 144, 148, 153, 156, 161, 164, 169, 173, 177, 181, 185, 188, 193, 197,
    200, 205, 208, 213, 217, 220, 224, 229, 232, 237, 240, 245, 249, 253, 256,
    261, 265, 269, 272, 276, 280, 284, 288, 292, 296, 301, 305, 308, 313, 316,
    320, 325, 329, 332, 337, 340, 344, 349, 352, 357, 361, 364, 369, 372, 377,
    380, 385, 388, 393, 396, 401, 405, 409, 412, 417, 420, 424, 428, 432, 437,
    440, 444
[2] 12, 16, 20, 24, 32, 36, 44, 52, 60, 64, 88, 92, 100, 104, 116, 120, 124,
    152, 160, 168, 172, 176, 180, 184, 192, 196, 204, 212, 216, 228, 236, 244,
    248, 252, 260, 264, 268, 300, 304, 312, 324, 328, 336, 348, 356, 360, 368,
    376, 384, 392, 400, 404, 408, 416, 436

Reassigned labels
Map:
{"D_0": "D", "D_1": "D", "D_2": "D"}
token_fitness
{"perc_fit_traces": 0.0, "average_trace_fitness": 0.8768205076929377, "log_fitness": 0.895279191745866, "percentage_of_fitting_traces": 0.0}
precision
0.20010665244634052
0.7627118644067797
generalization
0.8087937948554283


###### Starting pipeline for 0, Distance.SET_DISTANCE, 1######
Found communities: 

Clustering with 448 elements and 3 clusters
[0] 1, 2, 3, 5, 6, 7, 9, 10, 11, 14, 15, 18, 19, 22, 23, 26, 27, 29, 30, 31,
    34, 35, 38, 39, 41, 42, 43, 46, 47, 49, 50, 51, 54, 55, 57, 58, 59, 62,
    63, 66, 67, 69, 70, 71, 73, 74, 75, 77, 78, 79, 81, 82, 83, 85, 86, 87,
    90, 91, 94, 95, 97, 98, 99, 102, 103, 106, 107, 109, 110, 111, 113, 114,
    115, 118, 119, 122, 123, 126, 127, 129, 130, 131, 133, 134, 135, 137, 138,
    139, 141, 142, 143, 145, 146, 147, 149, 150, 151, 154, 155, 157, 158, 159,
    162, 163, 165, 166, 167, 170, 171, 174, 175, 178, 179, 182, 183, 186, 187,
    189, 190, 191, 194, 195, 198, 199, 201, 202, 203, 206, 207, 209, 210, 211,
    214, 215, 218, 219, 221, 222, 223, 225, 226, 227, 230, 231, 233, 234, 235,
    238, 239, 241, 242, 243, 246, 247, 250, 251, 254, 255, 257, 258, 259, 262,
    263, 266, 267, 270, 271, 273, 274, 275, 277, 278, 279, 281, 282, 283, 285,
    286, 287, 289, 290, 291, 293, 294, 295, 297, 298, 299, 302, 303, 306, 307,
    309, 310, 311, 314, 315, 317, 318, 319, 321, 322, 323, 326, 327, 330, 331,
    333, 334, 335, 338, 339, 341, 342, 343, 345, 346, 347, 350, 351, 353, 354,
    355, 358, 359, 362, 363, 365, 366, 367, 370, 371, 373, 374, 375, 378, 379,
    381, 382, 383, 386, 387, 389, 390, 391, 394, 395, 397, 398, 399, 402, 403,
    406, 407, 410, 411, 413, 414, 415, 418, 419, 421, 422, 423, 425, 426, 427,
    429, 430, 431, 433, 434, 435, 438, 439, 441, 442, 443, 445, 446, 447
[1] 0, 4, 8, 13, 17, 21, 25, 28, 33, 37, 40, 45, 48, 53, 56, 61, 65, 68, 72,
    76, 80, 84, 89, 93, 96, 101, 105, 108, 112, 117, 121, 125, 128, 132, 136,
    140, 144, 148, 153, 156, 161, 164, 169, 173, 177, 181, 185, 188, 193, 197,
    200, 205, 208, 213, 217, 220, 224, 229, 232, 237, 240, 245, 249, 253, 256,
    261, 265, 269, 272, 276, 280, 284, 288, 292, 296, 301, 305, 308, 313, 316,
    320, 325, 329, 332, 337, 340, 344, 349, 352, 357, 361, 364, 369, 372, 377,
    380, 385, 388, 393, 396, 401, 405, 409, 412, 417, 420, 424, 428, 432, 437,
    440, 444
[2] 12, 16, 20, 24, 32, 36, 44, 52, 60, 64, 88, 92, 100, 104, 116, 120, 124,
    152, 160, 168, 172, 176, 180, 184, 192, 196, 204, 212, 216, 228, 236, 244,
    248, 252, 260, 264, 268, 300, 304, 312, 324, 328, 336, 348, 356, 360, 368,
    376, 384, 392, 400, 404, 408, 416, 436

Reassigned labels
Map:
{"D_0": "D", "D_1": "D", "D_2": "D"}
token_fitness
{"perc_fit_traces": 0.0, "average_trace_fitness": 0.8768205076929377, "log_fitness": 0.895279191745866, "percentage_of_fitting_traces": 0.0}
precision
0.20010665244634052
0.7627118644067797
generalization
0.8087937948554283


###### Starting pipeline for 0.25, Distance.SET_DISTANCE, 1######
Found communities: 

Clustering with 448 elements and 3 clusters
[0] 1, 2, 3, 5, 6, 7, 9, 10, 11, 14, 15, 18, 19, 22, 23, 26, 27, 29, 30, 31,
    34, 35, 38, 39, 41, 42, 43, 46, 47, 49, 50, 51, 54, 55, 57, 58, 59, 62,
    63, 66, 67, 69, 70, 71, 73, 74, 75, 77, 78, 79, 81, 82, 83, 85, 86, 87,
    90, 91, 94, 95, 97, 98, 99, 102, 103, 106, 107, 109, 110, 111, 113, 114,
    115, 118, 119, 122, 123, 126, 127, 129, 130, 131, 133, 134, 135, 137, 138,
    139, 141, 142, 143, 145, 146, 147, 149, 150, 151, 154, 155, 157, 158, 159,
    162, 163, 165, 166, 167, 170, 171, 174, 175, 178, 179, 182, 183, 186, 187,
    189, 190, 191, 194, 195, 198, 199, 201, 202, 203, 206, 207, 209, 210, 211,
    214, 215, 218, 219, 221, 222, 223, 225, 226, 227, 230, 231, 233, 234, 235,
    238, 239, 241, 242, 243, 246, 247, 250, 251, 254, 255, 257, 258, 259, 262,
    263, 266, 267, 270, 271, 273, 274, 275, 277, 278, 279, 281, 282, 283, 285,
    286, 287, 289, 290, 291, 293, 294, 295, 297, 298, 299, 302, 303, 306, 307,
    309, 310, 311, 314, 315, 317, 318, 319, 321, 322, 323, 326, 327, 330, 331,
    333, 334, 335, 338, 339, 341, 342, 343, 345, 346, 347, 350, 351, 353, 354,
    355, 358, 359, 362, 363, 365, 366, 367, 370, 371, 373, 374, 375, 378, 379,
    381, 382, 383, 386, 387, 389, 390, 391, 394, 395, 397, 398, 399, 402, 403,
    406, 407, 410, 411, 413, 414, 415, 418, 419, 421, 422, 423, 425, 426, 427,
    429, 430, 431, 433, 434, 435, 438, 439, 441, 442, 443, 445, 446, 447
[1] 0, 4, 8, 13, 17, 21, 25, 28, 33, 37, 40, 45, 48, 53, 56, 61, 65, 68, 72,
    76, 80, 84, 89, 93, 96, 101, 105, 108, 112, 117, 121, 125, 128, 132, 136,
    140, 144, 148, 153, 156, 161, 164, 169, 173, 177, 181, 185, 188, 193, 197,
    200, 205, 208, 213, 217, 220, 224, 229, 232, 237, 240, 245, 249, 253, 256,
    261, 265, 269, 272, 276, 280, 284, 288, 292, 296, 301, 305, 308, 313, 316,
    320, 325, 329, 332, 337, 340, 344, 349, 352, 357, 361, 364, 369, 372, 377,
    380, 385, 388, 393, 396, 401, 405, 409, 412, 417, 420, 424, 428, 432, 437,
    440, 444
[2] 12, 16, 20, 24, 32, 36, 44, 52, 60, 64, 88, 92, 100, 104, 116, 120, 124,
    152, 160, 168, 172, 176, 180, 184, 192, 196, 204, 212, 216, 228, 236, 244,
    248, 252, 260, 264, 268, 300, 304, 312, 324, 328, 336, 348, 356, 360, 368,
    376, 384, 392, 400, 404, 408, 416, 436

Reassigned labels
Map:
{"D_0": "D", "D_1": "D", "D_2": "D"}
token_fitness
{"perc_fit_traces": 0.0, "average_trace_fitness": 0.8768205076929377, "log_fitness": 0.895279191745866, "percentage_of_fitting_traces": 0.0}
precision
0.20010665244634052
0.7627118644067797
generalization
0.8087937948554283


###### Starting pipeline for 0.5, Distance.SET_DISTANCE, 1######
Found communities: 

Clustering with 448 elements and 3 clusters
[0] 1, 2, 3, 5, 6, 7, 9, 10, 11, 14, 15, 18, 19, 22, 23, 26, 27, 29, 30, 31,
    34, 35, 38, 39, 41, 42, 43, 46, 47, 49, 50, 51, 54, 55, 57, 58, 59, 62,
    63, 66, 67, 69, 70, 71, 73, 74, 75, 77, 78, 79, 81, 82, 83, 85, 86, 87,
    90, 91, 94, 95, 97, 98, 99, 102, 103, 106, 107, 109, 110, 111, 113, 114,
    115, 118, 119, 122, 123, 126, 127, 129, 130, 131, 133, 134, 135, 137, 138,
    139, 141, 142, 143, 145, 146, 147, 149, 150, 151, 154, 155, 157, 158, 159,
    162, 163, 165, 166, 167, 170, 171, 174, 175, 178, 179, 182, 183, 186, 187,
    189, 190, 191, 194, 195, 198, 199, 201, 202, 203, 206, 207, 209, 210, 211,
    214, 215, 218, 219, 221, 222, 223, 225, 226, 227, 230, 231, 233, 234, 235,
    238, 239, 241, 242, 243, 246, 247, 250, 251, 254, 255, 257, 258, 259, 262,
    263, 266, 267, 270, 271, 273, 274, 275, 277, 278, 279, 281, 282, 283, 285,
    286, 287, 289, 290, 291, 293, 294, 295, 297, 298, 299, 302, 303, 306, 307,
    309, 310, 311, 314, 315, 317, 318, 319, 321, 322, 323, 326, 327, 330, 331,
    333, 334, 335, 338, 339, 341, 342, 343, 345, 346, 347, 350, 351, 353, 354,
    355, 358, 359, 362, 363, 365, 366, 367, 370, 371, 373, 374, 375, 378, 379,
    381, 382, 383, 386, 387, 389, 390, 391, 394, 395, 397, 398, 399, 402, 403,
    406, 407, 410, 411, 413, 414, 415, 418, 419, 421, 422, 423, 425, 426, 427,
    429, 430, 431, 433, 434, 435, 438, 439, 441, 442, 443, 445, 446, 447
[1] 0, 4, 8, 13, 17, 21, 25, 28, 33, 37, 40, 45, 48, 53, 56, 61, 65, 68, 72,
    76, 80, 84, 89, 93, 96, 101, 105, 108, 112, 117, 121, 125, 128, 132, 136,
    140, 144, 148, 153, 156, 161, 164, 169, 173, 177, 181, 185, 188, 193, 197,
    200, 205, 208, 213, 217, 220, 224, 229, 232, 237, 240, 245, 249, 253, 256,
    261, 265, 269, 272, 276, 280, 284, 288, 292, 296, 301, 305, 308, 313, 316,
    320, 325, 329, 332, 337, 340, 344, 349, 352, 357, 361, 364, 369, 372, 377,
    380, 385, 388, 393, 396, 401, 405, 409, 412, 417, 420, 424, 428, 432, 437,
    440, 444
[2] 12, 16, 20, 24, 32, 36, 44, 52, 60, 64, 88, 92, 100, 104, 116, 120, 124,
    152, 160, 168, 172, 176, 180, 184, 192, 196, 204, 212, 216, 228, 236, 244,
    248, 252, 260, 264, 268, 300, 304, 312, 324, 328, 336, 348, 356, 360, 368,
    376, 384, 392, 400, 404, 408, 416, 436

Reassigned labels
Map:
{"D_0": "D", "D_1": "D", "D_2": "D"}
token_fitness
{"perc_fit_traces": 0.0, "average_trace_fitness": 0.8768205076929377, "log_fitness": 0.895279191745866, "percentage_of_fitting_traces": 0.0}
precision
0.20010665244634052
0.7627118644067797
generalization
0.8087937948554283


###### Starting pipeline for 0.75, Distance.SET_DISTANCE, 1######
Found communities: 

Clustering with 448 elements and 3 clusters
[0] 1, 2, 3, 5, 6, 7, 9, 10, 11, 14, 15, 18, 19, 22, 23, 26, 27, 29, 30, 31,
    34, 35, 38, 39, 41, 42, 43, 46, 47, 49, 50, 51, 54, 55, 57, 58, 59, 62,
    63, 66, 67, 69, 70, 71, 73, 74, 75, 77, 78, 79, 81, 82, 83, 85, 86, 87,
    90, 91, 94, 95, 97, 98, 99, 102, 103, 106, 107, 109, 110, 111, 113, 114,
    115, 118, 119, 122, 123, 126, 127, 129, 130, 131, 133, 134, 135, 137, 138,
    139, 141, 142, 143, 145, 146, 147, 149, 150, 151, 154, 155, 157, 158, 159,
    162, 163, 165, 166, 167, 170, 171, 174, 175, 178, 179, 182, 183, 186, 187,
    189, 190, 191, 194, 195, 198, 199, 201, 202, 203, 206, 207, 209, 210, 211,
    214, 215, 218, 219, 221, 222, 223, 225, 226, 227, 230, 231, 233, 234, 235,
    238, 239, 241, 242, 243, 246, 247, 250, 251, 254, 255, 257, 258, 259, 262,
    263, 266, 267, 270, 271, 273, 274, 275, 277, 278, 279, 281, 282, 283, 285,
    286, 287, 289, 290, 291, 293, 294, 295, 297, 298, 299, 302, 303, 306, 307,
    309, 310, 311, 314, 315, 317, 318, 319, 321, 322, 323, 326, 327, 330, 331,
    333, 334, 335, 338, 339, 341, 342, 343, 345, 346, 347, 350, 351, 353, 354,
    355, 358, 359, 362, 363, 365, 366, 367, 370, 371, 373, 374, 375, 378, 379,
    381, 382, 383, 386, 387, 389, 390, 391, 394, 395, 397, 398, 399, 402, 403,
    406, 407, 410, 411, 413, 414, 415, 418, 419, 421, 422, 423, 425, 426, 427,
    429, 430, 431, 433, 434, 435, 438, 439, 441, 442, 443, 445, 446, 447
[1] 0, 4, 8, 13, 17, 21, 25, 28, 33, 37, 40, 45, 48, 53, 56, 61, 65, 68, 72,
    76, 80, 84, 89, 93, 96, 101, 105, 108, 112, 117, 121, 125, 128, 132, 136,
    140, 144, 148, 153, 156, 161, 164, 169, 173, 177, 181, 185, 188, 193, 197,
    200, 205, 208, 213, 217, 220, 224, 229, 232, 237, 240, 245, 249, 253, 256,
    261, 265, 269, 272, 276, 280, 284, 288, 292, 296, 301, 305, 308, 313, 316,
    320, 325, 329, 332, 337, 340, 344, 349, 352, 357, 361, 364, 369, 372, 377,
    380, 385, 388, 393, 396, 401, 405, 409, 412, 417, 420, 424, 428, 432, 437,
    440, 444
[2] 12, 16, 20, 24, 32, 36, 44, 52, 60, 64, 88, 92, 100, 104, 116, 120, 124,
    152, 160, 168, 172, 176, 180, 184, 192, 196, 204, 212, 216, 228, 236, 244,
    248, 252, 260, 264, 268, 300, 304, 312, 324, 328, 336, 348, 356, 360, 368,
    376, 384, 392, 400, 404, 408, 416, 436

Reassigned labels
Map:
{"D_0": "D", "D_1": "D", "D_2": "D"}
token_fitness
{"perc_fit_traces": 0.0, "average_trace_fitness": 0.8768205076929377, "log_fitness": 0.895279191745866, "percentage_of_fitting_traces": 0.0}
precision
0.20010665244634052
0.7627118644067797
generalization
0.8087937948554283


###### Starting pipeline for 1, Distance.SET_DISTANCE, 1######
Found communities: 

Clustering with 448 elements and 3 clusters
[0] 1, 2, 3, 5, 6, 7, 9, 10, 11, 14, 15, 18, 19, 22, 23, 26, 27, 29, 30, 31,
    34, 35, 38, 39, 41, 42, 43, 46, 47, 49, 50, 51, 54, 55, 57, 58, 59, 62,
    63, 66, 67, 69, 70, 71, 73, 74, 75, 77, 78, 79, 81, 82, 83, 85, 86, 87,
    90, 91, 94, 95, 97, 98, 99, 102, 103, 106, 107, 109, 110, 111, 113, 114,
    115, 118, 119, 122, 123, 126, 127, 129, 130, 131, 133, 134, 135, 137, 138,
    139, 141, 142, 143, 145, 146, 147, 149, 150, 151, 154, 155, 157, 158, 159,
    162, 163, 165, 166, 167, 170, 171, 174, 175, 178, 179, 182, 183, 186, 187,
    189, 190, 191, 194, 195, 198, 199, 201, 202, 203, 206, 207, 209, 210, 211,
    214, 215, 218, 219, 221, 222, 223, 225, 226, 227, 230, 231, 233, 234, 235,
    238, 239, 241, 242, 243, 246, 247, 250, 251, 254, 255, 257, 258, 259, 262,
    263, 266, 267, 270, 271, 273, 274, 275, 277, 278, 279, 281, 282, 283, 285,
    286, 287, 289, 290, 291, 293, 294, 295, 297, 298, 299, 302, 303, 306, 307,
    309, 310, 311, 314, 315, 317, 318, 319, 321, 322, 323, 326, 327, 330, 331,
    333, 334, 335, 338, 339, 341, 342, 343, 345, 346, 347, 350, 351, 353, 354,
    355, 358, 359, 362, 363, 365, 366, 367, 370, 371, 373, 374, 375, 378, 379,
    381, 382, 383, 386, 387, 389, 390, 391, 394, 395, 397, 398, 399, 402, 403,
    406, 407, 410, 411, 413, 414, 415, 418, 419, 421, 422, 423, 425, 426, 427,
    429, 430, 431, 433, 434, 435, 438, 439, 441, 442, 443, 445, 446, 447
[1] 0, 4, 8, 13, 17, 21, 25, 28, 33, 37, 40, 45, 48, 53, 56, 61, 65, 68, 72,
    76, 80, 84, 89, 93, 96, 101, 105, 108, 112, 117, 121, 125, 128, 132, 136,
    140, 144, 148, 153, 156, 161, 164, 169, 173, 177, 181, 185, 188, 193, 197,
    200, 205, 208, 213, 217, 220, 224, 229, 232, 237, 240, 245, 249, 253, 256,
    261, 265, 269, 272, 276, 280, 284, 288, 292, 296, 301, 305, 308, 313, 316,
    320, 325, 329, 332, 337, 340, 344, 349, 352, 357, 361, 364, 369, 372, 377,
    380, 385, 388, 393, 396, 401, 405, 409, 412, 417, 420, 424, 428, 432, 437,
    440, 444
[2] 12, 16, 20, 24, 32, 36, 44, 52, 60, 64, 88, 92, 100, 104, 116, 120, 124,
    152, 160, 168, 172, 176, 180, 184, 192, 196, 204, 212, 216, 228, 236, 244,
    248, 252, 260, 264, 268, 300, 304, 312, 324, 328, 336, 348, 356, 360, 368,
    376, 384, 392, 400, 404, 408, 416, 436

Reassigned labels
Map:
{"D_0": "D", "D_1": "D", "D_2": "D"}
token_fitness
{"perc_fit_traces": 0.0, "average_trace_fitness": 0.8768205076929377, "log_fitness": 0.895279191745866, "percentage_of_fitting_traces": 0.0}
precision
0.20010665244634052
0.7627118644067797
generalization
0.8087937948554283


###### Starting pipeline for 0, Distance.MULTISET_DISTANCE, 1######
Found communities: 

Clustering with 448 elements and 3 clusters
[0] 1, 2, 3, 5, 6, 7, 9, 10, 11, 14, 15, 18, 19, 22, 23, 26, 27, 29, 30, 31,
    34, 35, 38, 39, 41, 42, 43, 46, 47, 49, 50, 51, 54, 55, 57, 58, 59, 62,
    63, 66, 67, 69, 70, 71, 73, 74, 75, 77, 78, 79, 81, 82, 83, 85, 86, 87,
    90, 91, 94, 95, 97, 98, 99, 102, 103, 106, 107, 109, 110, 111, 113, 114,
    115, 118, 119, 122, 123, 126, 127, 129, 130, 131, 133, 134, 135, 137, 138,
    139, 141, 142, 143, 145, 146, 147, 149, 150, 151, 154, 155, 157, 158, 159,
    162, 163, 165, 166, 167, 170, 171, 174, 175, 178, 179, 182, 183, 186, 187,
    189, 190, 191, 194, 195, 198, 199, 201, 202, 203, 206, 207, 209, 210, 211,
    214, 215, 218, 219, 221, 222, 223, 225, 226, 227, 230, 231, 233, 234, 235,
    238, 239, 241, 242, 243, 246, 247, 250, 251, 254, 255, 257, 258, 259, 262,
    263, 266, 267, 270, 271, 273, 274, 275, 277, 278, 279, 281, 282, 283, 285,
    286, 287, 289, 290, 291, 293, 294, 295, 297, 298, 299, 302, 303, 306, 307,
    309, 310, 311, 314, 315, 317, 318, 319, 321, 322, 323, 326, 327, 330, 331,
    333, 334, 335, 338, 339, 341, 342, 343, 345, 346, 347, 350, 351, 353, 354,
    355, 358, 359, 362, 363, 365, 366, 367, 370, 371, 373, 374, 375, 378, 379,
    381, 382, 383, 386, 387, 389, 390, 391, 394, 395, 397, 398, 399, 402, 403,
    406, 407, 410, 411, 413, 414, 415, 418, 419, 421, 422, 423, 425, 426, 427,
    429, 430, 431, 433, 434, 435, 438, 439, 441, 442, 443, 445, 446, 447
[1] 0, 4, 8, 13, 17, 21, 25, 28, 33, 37, 40, 45, 48, 53, 56, 61, 65, 68, 72,
    76, 80, 84, 89, 93, 96, 101, 105, 108, 112, 117, 121, 125, 128, 132, 136,
    140, 144, 148, 153, 156, 161, 164, 169, 173, 177, 181, 185, 188, 193, 197,
    200, 205, 208, 213, 217, 220, 224, 229, 232, 237, 240, 245, 249, 253, 256,
    261, 265, 269, 272, 276, 280, 284, 288, 292, 296, 301, 305, 308, 313, 316,
    320, 325, 329, 332, 337, 340, 344, 349, 352, 357, 361, 364, 369, 372, 377,
    380, 385, 388, 393, 396, 401, 405, 409, 412, 417, 420, 424, 428, 432, 437,
    440, 444
[2] 12, 16, 20, 24, 32, 36, 44, 52, 60, 64, 88, 92, 100, 104, 116, 120, 124,
    152, 160, 168, 172, 176, 180, 184, 192, 196, 204, 212, 216, 228, 236, 244,
    248, 252, 260, 264, 268, 300, 304, 312, 324, 328, 336, 348, 356, 360, 368,
    376, 384, 392, 400, 404, 408, 416, 436

Reassigned labels
Map:
{"D_0": "D", "D_1": "D", "D_2": "D"}
token_fitness
{"perc_fit_traces": 0.0, "average_trace_fitness": 0.8768205076929377, "log_fitness": 0.895279191745866, "percentage_of_fitting_traces": 0.0}
precision
0.20010665244634052
0.7627118644067797
generalization
0.8087937948554283


###### Starting pipeline for 0.25, Distance.MULTISET_DISTANCE, 1######
Found communities: 

Clustering with 448 elements and 3 clusters
[0] 1, 2, 3, 5, 6, 7, 9, 10, 11, 14, 15, 18, 19, 22, 23, 26, 27, 29, 30, 31,
    34, 35, 38, 39, 41, 42, 43, 46, 47, 49, 50, 51, 54, 55, 57, 58, 59, 62,
    63, 66, 67, 69, 70, 71, 73, 74, 75, 77, 78, 79, 81, 82, 83, 85, 86, 87,
    90, 91, 94, 95, 97, 98, 99, 102, 103, 106, 107, 109, 110, 111, 113, 114,
    115, 118, 119, 122, 123, 126, 127, 129, 130, 131, 133, 134, 135, 137, 138,
    139, 141, 142, 143, 145, 146, 147, 149, 150, 151, 154, 155, 157, 158, 159,
    162, 163, 165, 166, 167, 170, 171, 174, 175, 178, 179, 182, 183, 186, 187,
    189, 190, 191, 194, 195, 198, 199, 201, 202, 203, 206, 207, 209, 210, 211,
    214, 215, 218, 219, 221, 222, 223, 225, 226, 227, 230, 231, 233, 234, 235,
    238, 239, 241, 242, 243, 246, 247, 250, 251, 254, 255, 257, 258, 259, 262,
    263, 266, 267, 270, 271, 273, 274, 275, 277, 278, 279, 281, 282, 283, 285,
    286, 287, 289, 290, 291, 293, 294, 295, 297, 298, 299, 302, 303, 306, 307,
    309, 310, 311, 314, 315, 317, 318, 319, 321, 322, 323, 326, 327, 330, 331,
    333, 334, 335, 338, 339, 341, 342, 343, 345, 346, 347, 350, 351, 353, 354,
    355, 358, 359, 362, 363, 365, 366, 367, 370, 371, 373, 374, 375, 378, 379,
    381, 382, 383, 386, 387, 389, 390, 391, 394, 395, 397, 398, 399, 402, 403,
    406, 407, 410, 411, 413, 414, 415, 418, 419, 421, 422, 423, 425, 426, 427,
    429, 430, 431, 433, 434, 435, 438, 439, 441, 442, 443, 445, 446, 447
[1] 0, 4, 8, 13, 17, 21, 25, 28, 33, 37, 40, 45, 48, 53, 56, 61, 65, 68, 72,
    76, 80, 84, 89, 93, 96, 101, 105, 108, 112, 117, 121, 125, 128, 132, 136,
    140, 144, 148, 153, 156, 161, 164, 169, 173, 177, 181, 185, 188, 193, 197,
    200, 205, 208, 213, 217, 220, 224, 229, 232, 237, 240, 245, 249, 253, 256,
    261, 265, 269, 272, 276, 280, 284, 288, 292, 296, 301, 305, 308, 313, 316,
    320, 325, 329, 332, 337, 340, 344, 349, 352, 357, 361, 364, 369, 372, 377,
    380, 385, 388, 393, 396, 401, 405, 409, 412, 417, 420, 424, 428, 432, 437,
    440, 444
[2] 12, 16, 20, 24, 32, 36, 44, 52, 60, 64, 88, 92, 100, 104, 116, 120, 124,
    152, 160, 168, 172, 176, 180, 184, 192, 196, 204, 212, 216, 228, 236, 244,
    248, 252, 260, 264, 268, 300, 304, 312, 324, 328, 336, 348, 356, 360, 368,
    376, 384, 392, 400, 404, 408, 416, 436

Reassigned labels
Map:
{"D_0": "D", "D_1": "D", "D_2": "D"}
token_fitness
{"perc_fit_traces": 0.0, "average_trace_fitness": 0.8768205076929377, "log_fitness": 0.895279191745866, "percentage_of_fitting_traces": 0.0}
precision
0.20010665244634052
0.7627118644067797
generalization
0.8087937948554283


###### Starting pipeline for 0.5, Distance.MULTISET_DISTANCE, 1######
Found communities: 

Clustering with 448 elements and 3 clusters
[0] 1, 2, 3, 5, 6, 7, 9, 10, 11, 14, 15, 18, 19, 22, 23, 26, 27, 29, 30, 31,
    34, 35, 38, 39, 41, 42, 43, 46, 47, 49, 50, 51, 54, 55, 57, 58, 59, 62,
    63, 66, 67, 69, 70, 71, 73, 74, 75, 77, 78, 79, 81, 82, 83, 85, 86, 87,
    90, 91, 94, 95, 97, 98, 99, 102, 103, 106, 107, 109, 110, 111, 113, 114,
    115, 118, 119, 122, 123, 126, 127, 129, 130, 131, 133, 134, 135, 137, 138,
    139, 141, 142, 143, 145, 146, 147, 149, 150, 151, 154, 155, 157, 158, 159,
    162, 163, 165, 166, 167, 170, 171, 174, 175, 178, 179, 182, 183, 186, 187,
    189, 190, 191, 194, 195, 198, 199, 201, 202, 203, 206, 207, 209, 210, 211,
    214, 215, 218, 219, 221, 222, 223, 225, 226, 227, 230, 231, 233, 234, 235,
    238, 239, 241, 242, 243, 246, 247, 250, 251, 254, 255, 257, 258, 259, 262,
    263, 266, 267, 270, 271, 273, 274, 275, 277, 278, 279, 281, 282, 283, 285,
    286, 287, 289, 290, 291, 293, 294, 295, 297, 298, 299, 302, 303, 306, 307,
    309, 310, 311, 314, 315, 317, 318, 319, 321, 322, 323, 326, 327, 330, 331,
    333, 334, 335, 338, 339, 341, 342, 343, 345, 346, 347, 350, 351, 353, 354,
    355, 358, 359, 362, 363, 365, 366, 367, 370, 371, 373, 374, 375, 378, 379,
    381, 382, 383, 386, 387, 389, 390, 391, 394, 395, 397, 398, 399, 402, 403,
    406, 407, 410, 411, 413, 414, 415, 418, 419, 421, 422, 423, 425, 426, 427,
    429, 430, 431, 433, 434, 435, 438, 439, 441, 442, 443, 445, 446, 447
[1] 0, 4, 8, 13, 17, 21, 25, 28, 33, 37, 40, 45, 48, 53, 56, 61, 65, 68, 72,
    76, 80, 84, 89, 93, 96, 101, 105, 108, 112, 117, 121, 125, 128, 132, 136,
    140, 144, 148, 153, 156, 161, 164, 169, 173, 177, 181, 185, 188, 193, 197,
    200, 205, 208, 213, 217, 220, 224, 229, 232, 237, 240, 245, 249, 253, 256,
    261, 265, 269, 272, 276, 280, 284, 288, 292, 296, 301, 305, 308, 313, 316,
    320, 325, 329, 332, 337, 340, 344, 349, 352, 357, 361, 364, 369, 372, 377,
    380, 385, 388, 393, 396, 401, 405, 409, 412, 417, 420, 424, 428, 432, 437,
    440, 444
[2] 12, 16, 20, 24, 32, 36, 44, 52, 60, 64, 88, 92, 100, 104, 116, 120, 124,
    152, 160, 168, 172, 176, 180, 184, 192, 196, 204, 212, 216, 228, 236, 244,
    248, 252, 260, 264, 268, 300, 304, 312, 324, 328, 336, 348, 356, 360, 368,
    376, 384, 392, 400, 404, 408, 416, 436

Reassigned labels
Map:
{"D_0": "D", "D_1": "D", "D_2": "D"}
token_fitness
{"perc_fit_traces": 0.0, "average_trace_fitness": 0.8768205076929377, "log_fitness": 0.895279191745866, "percentage_of_fitting_traces": 0.0}
precision
0.20010665244634052
0.7627118644067797
generalization
0.8087937948554283


###### Starting pipeline for 0.75, Distance.MULTISET_DISTANCE, 1######
Found communities: 

Clustering with 448 elements and 3 clusters
[0] 1, 2, 3, 5, 6, 7, 9, 10, 11, 14, 15, 18, 19, 22, 23, 26, 27, 29, 30, 31,
    34, 35, 38, 39, 41, 42, 43, 46, 47, 49, 50, 51, 54, 55, 57, 58, 59, 62,
    63, 66, 67, 69, 70, 71, 73, 74, 75, 77, 78, 79, 81, 82, 83, 85, 86, 87,
    90, 91, 94, 95, 97, 98, 99, 102, 103, 106, 107, 109, 110, 111, 113, 114,
    115, 118, 119, 122, 123, 126, 127, 129, 130, 131, 133, 134, 135, 137, 138,
    139, 141, 142, 143, 145, 146, 147, 149, 150, 151, 154, 155, 157, 158, 159,
    162, 163, 165, 166, 167, 170, 171, 174, 175, 178, 179, 182, 183, 186, 187,
    189, 190, 191, 194, 195, 198, 199, 201, 202, 203, 206, 207, 209, 210, 211,
    214, 215, 218, 219, 221, 222, 223, 225, 226, 227, 230, 231, 233, 234, 235,
    238, 239, 241, 242, 243, 246, 247, 250, 251, 254, 255, 257, 258, 259, 262,
    263, 266, 267, 270, 271, 273, 274, 275, 277, 278, 279, 281, 282, 283, 285,
    286, 287, 289, 290, 291, 293, 294, 295, 297, 298, 299, 302, 303, 306, 307,
    309, 310, 311, 314, 315, 317, 318, 319, 321, 322, 323, 326, 327, 330, 331,
    333, 334, 335, 338, 339, 341, 342, 343, 345, 346, 347, 350, 351, 353, 354,
    355, 358, 359, 362, 363, 365, 366, 367, 370, 371, 373, 374, 375, 378, 379,
    381, 382, 383, 386, 387, 389, 390, 391, 394, 395, 397, 398, 399, 402, 403,
    406, 407, 410, 411, 413, 414, 415, 418, 419, 421, 422, 423, 425, 426, 427,
    429, 430, 431, 433, 434, 435, 438, 439, 441, 442, 443, 445, 446, 447
[1] 0, 4, 8, 13, 17, 21, 25, 28, 33, 37, 40, 45, 48, 53, 56, 61, 65, 68, 72,
    76, 80, 84, 89, 93, 96, 101, 105, 108, 112, 117, 121, 125, 128, 132, 136,
    140, 144, 148, 153, 156, 161, 164, 169, 173, 177, 181, 185, 188, 193, 197,
    200, 205, 208, 213, 217, 220, 224, 229, 232, 237, 240, 245, 249, 253, 256,
    261, 265, 269, 272, 276, 280, 284, 288, 292, 296, 301, 305, 308, 313, 316,
    320, 325, 329, 332, 337, 340, 344, 349, 352, 357, 361, 364, 369, 372, 377,
    380, 385, 388, 393, 396, 401, 405, 409, 412, 417, 420, 424, 428, 432, 437,
    440, 444
[2] 12, 16, 20, 24, 32, 36, 44, 52, 60, 64, 88, 92, 100, 104, 116, 120, 124,
    152, 160, 168, 172, 176, 180, 184, 192, 196, 204, 212, 216, 228, 236, 244,
    248, 252, 260, 264, 268, 300, 304, 312, 324, 328, 336, 348, 356, 360, 368,
    376, 384, 392, 400, 404, 408, 416, 436

Reassigned labels
Map:
{"D_0": "D", "D_1": "D", "D_2": "D"}
token_fitness
{"perc_fit_traces": 0.0, "average_trace_fitness": 0.8768205076929377, "log_fitness": 0.895279191745866, "percentage_of_fitting_traces": 0.0}
precision
0.20010665244634052
0.7627118644067797
generalization
0.8087937948554283


###### Starting pipeline for 1, Distance.MULTISET_DISTANCE, 1######
Found communities: 

Clustering with 448 elements and 3 clusters
[0] 1, 2, 3, 5, 6, 7, 9, 10, 11, 14, 15, 18, 19, 22, 23, 26, 27, 29, 30, 31,
    34, 35, 38, 39, 41, 42, 43, 46, 47, 49, 50, 51, 54, 55, 57, 58, 59, 62,
    63, 66, 67, 69, 70, 71, 73, 74, 75, 77, 78, 79, 81, 82, 83, 85, 86, 87,
    90, 91, 94, 95, 97, 98, 99, 102, 103, 106, 107, 109, 110, 111, 113, 114,
    115, 118, 119, 122, 123, 126, 127, 129, 130, 131, 133, 134, 135, 137, 138,
    139, 141, 142, 143, 145, 146, 147, 149, 150, 151, 154, 155, 157, 158, 159,
    162, 163, 165, 166, 167, 170, 171, 174, 175, 178, 179, 182, 183, 186, 187,
    189, 190, 191, 194, 195, 198, 199, 201, 202, 203, 206, 207, 209, 210, 211,
    214, 215, 218, 219, 221, 222, 223, 225, 226, 227, 230, 231, 233, 234, 235,
    238, 239, 241, 242, 243, 246, 247, 250, 251, 254, 255, 257, 258, 259, 262,
    263, 266, 267, 270, 271, 273, 274, 275, 277, 278, 279, 281, 282, 283, 285,
    286, 287, 289, 290, 291, 293, 294, 295, 297, 298, 299, 302, 303, 306, 307,
    309, 310, 311, 314, 315, 317, 318, 319, 321, 322, 323, 326, 327, 330, 331,
    333, 334, 335, 338, 339, 341, 342, 343, 345, 346, 347, 350, 351, 353, 354,
    355, 358, 359, 362, 363, 365, 366, 367, 370, 371, 373, 374, 375, 378, 379,
    381, 382, 383, 386, 387, 389, 390, 391, 394, 395, 397, 398, 399, 402, 403,
    406, 407, 410, 411, 413, 414, 415, 418, 419, 421, 422, 423, 425, 426, 427,
    429, 430, 431, 433, 434, 435, 438, 439, 441, 442, 443, 445, 446, 447
[1] 0, 4, 8, 13, 17, 21, 25, 28, 33, 37, 40, 45, 48, 53, 56, 61, 65, 68, 72,
    76, 80, 84, 89, 93, 96, 101, 105, 108, 112, 117, 121, 125, 128, 132, 136,
    140, 144, 148, 153, 156, 161, 164, 169, 173, 177, 181, 185, 188, 193, 197,
    200, 205, 208, 213, 217, 220, 224, 229, 232, 237, 240, 245, 249, 253, 256,
    261, 265, 269, 272, 276, 280, 284, 288, 292, 296, 301, 305, 308, 313, 316,
    320, 325, 329, 332, 337, 340, 344, 349, 352, 357, 361, 364, 369, 372, 377,
    380, 385, 388, 393, 396, 401, 405, 409, 412, 417, 420, 424, 428, 432, 437,
    440, 444
[2] 12, 16, 20, 24, 32, 36, 44, 52, 60, 64, 88, 92, 100, 104, 116, 120, 124,
    152, 160, 168, 172, 176, 180, 184, 192, 196, 204, 212, 216, 228, 236, 244,
    248, 252, 260, 264, 268, 300, 304, 312, 324, 328, 336, 348, 356, 360, 368,
    376, 384, 392, 400, 404, 408, 416, 436

Reassigned labels
Map:
{"D_0": "D", "D_1": "D", "D_2": "D"}
token_fitness
{"perc_fit_traces": 0.0, "average_trace_fitness": 0.8768205076929377, "log_fitness": 0.895279191745866, "percentage_of_fitting_traces": 0.0}
precision
0.20010665244634052
0.7627118644067797
generalization
0.8087937948554283


###### Starting pipeline for 0, Distance.EDIT_DISTANCE, 3######
Found communities: 

Clustering with 448 elements and 4 clusters
[0] 0, 4, 8, 12, 13, 16, 17, 20, 21, 24, 25, 28, 32, 33, 36, 37, 40, 44, 45,
    48, 52, 53, 56, 60, 61, 64, 65, 68, 72, 76, 80, 84, 88, 89, 92, 93, 96,
    100, 101, 104, 105, 108, 112, 116, 117, 120, 121, 124, 125, 128, 132, 136,
    140, 144, 148, 152, 153, 156, 160, 161, 164, 168, 169, 172, 173, 176, 177,
    180, 181, 184, 185, 188, 192, 193, 196, 197, 200, 204, 205, 208, 212, 213,
    216, 217, 220, 224, 228, 229, 232, 236, 237, 240, 244, 245, 248, 249, 252,
    253, 256, 260, 261, 264, 265, 268, 269, 272, 276, 280, 284, 288, 292, 296,
    300, 301, 304, 305, 308, 312, 313, 316, 320, 324, 325, 328, 329, 332, 336,
    337, 340, 344, 348, 349, 352, 356, 357, 360, 361, 364, 368, 369, 372, 376,
    377, 380, 384, 385, 388, 392, 393, 396, 400, 401, 404, 405, 408, 409, 412,
    416, 417, 420, 424, 428, 432, 436, 437, 440, 444
[1] 3, 7, 11, 15, 19, 23, 27, 31, 35, 39, 43, 47, 51, 55, 59, 63, 67, 71, 75,
    79, 83, 87, 91, 95, 99, 103, 107, 111, 115, 119, 123, 127, 131, 135, 139,
    143, 147, 151, 155, 159, 163, 167, 171, 175, 179, 183, 187, 191, 195, 199,
    203, 207, 211, 215, 219, 223, 227, 231, 235, 239, 243, 247, 251, 255, 259,
    263, 267, 271, 275, 279, 283, 287, 291, 295, 299, 303, 307, 311, 315, 319,
    323, 327, 331, 335, 339, 343, 347, 351, 355, 359, 363, 367, 371, 375, 379,
    383, 387, 391, 395, 399, 403, 407, 411, 415, 419, 423, 427, 431, 435, 439,
    443, 447
[2] 2, 6, 10, 14, 18, 22, 26, 30, 34, 38, 42, 46, 50, 54, 58, 62, 66, 70, 74,
    78, 82, 86, 90, 94, 98, 102, 106, 110, 114, 118, 122, 126, 130, 134, 138,
    142, 146, 150, 154, 158, 162, 166, 170, 174, 178, 182, 186, 190, 194, 198,
    202, 206, 210, 214, 218, 222, 226, 230, 234, 238, 242, 246, 250, 254, 258,
    262, 266, 270, 274, 278, 282, 286, 290, 294, 298, 302, 306, 310, 314, 318,
    322, 326, 330, 334, 338, 342, 346, 350, 354, 358, 362, 366, 370, 374, 378,
    382, 386, 390, 394, 398, 402, 406, 410, 414, 418, 422, 426, 430, 434, 438,
    442, 446
[3] 1, 5, 9, 29, 41, 49, 57, 69, 73, 77, 81, 85, 97, 109, 113, 129, 133, 137,
    141, 145, 149, 157, 165, 189, 201, 209, 221, 225, 233, 241, 257, 273, 277,
    281, 285, 289, 293, 297, 309, 317, 321, 333, 341, 345, 353, 365, 373, 381,
    389, 397, 413, 421, 425, 429, 433, 441, 445

Reassigned labels
Map:
{"D_0": "D", "D_1": "D", "D_2": "D", "D_3": "D"}
token_fitness
{"perc_fit_traces": 0.0, "average_trace_fitness": 0.8768205076929377, "log_fitness": 0.895279191745866, "percentage_of_fitting_traces": 0.0}
precision
0.20010665244634052
0.7627118644067797
generalization
0.8087937948554283


###### Starting pipeline for 0.25, Distance.EDIT_DISTANCE, 3######
Found communities: 

Clustering with 448 elements and 3 clusters
[0] 0, 1, 4, 5, 8, 9, 12, 13, 16, 17, 20, 21, 24, 25, 28, 29, 32, 33, 36, 37,
    40, 41, 44, 45, 48, 49, 52, 53, 56, 57, 60, 61, 64, 65, 68, 69, 72, 73,
    76, 77, 80, 81, 84, 85, 88, 89, 92, 93, 96, 97, 100, 101, 104, 105, 108,
    109, 112, 113, 116, 117, 120, 121, 124, 125, 128, 129, 132, 133, 136, 137,
    140, 141, 144, 145, 148, 149, 152, 153, 156, 157, 160, 161, 164, 165, 168,
    169, 172, 173, 176, 177, 180, 181, 184, 185, 188, 189, 192, 193, 196, 197,
    200, 201, 204, 205, 208, 209, 212, 213, 216, 217, 220, 221, 224, 225, 228,
    229, 232, 233, 236, 237, 240, 241, 244, 245, 248, 249, 252, 253, 256, 257,
    260, 261, 264, 265, 268, 269, 272, 273, 276, 277, 280, 281, 284, 285, 288,
    289, 292, 293, 296, 297, 300, 301, 304, 305, 308, 309, 312, 313, 316, 317,
    320, 321, 324, 325, 328, 329, 332, 333, 336, 337, 340, 341, 344, 345, 348,
    349, 352, 353, 356, 357, 360, 361, 364, 365, 368, 369, 372, 373, 376, 377,
    380, 381, 384, 385, 388, 389, 392, 393, 396, 397, 400, 401, 404, 405, 408,
    409, 412, 413, 416, 417, 420, 421, 424, 425, 428, 429, 432, 433, 436, 437,
    440, 441, 444, 445
[1] 2, 3, 6, 7, 10, 11, 15, 19, 23, 27, 30, 31, 35, 39, 42, 43, 47, 50, 51,
    55, 58, 59, 63, 67, 70, 71, 74, 75, 78, 79, 82, 83, 86, 87, 91, 95, 98,
    99, 103, 107, 110, 111, 114, 115, 119, 123, 127, 130, 131, 134, 135, 138,
    139, 142, 143, 146, 147, 150, 151, 155, 158, 159, 163, 166, 167, 171, 175,
    179, 183, 187, 190, 191, 195, 199, 202, 203, 207, 210, 211, 215, 219, 222,
    223, 226, 227, 231, 234, 235, 239, 242, 243, 247, 251, 255, 258, 259, 263,
    267, 271, 274, 275, 278, 279, 282, 283, 286, 287, 290, 291, 294, 295, 298,
    299, 303, 307, 310, 311, 315, 318, 319, 322, 323, 327, 331, 334, 335, 339,
    342, 343, 346, 347, 351, 354, 355, 359, 363, 366, 367, 371, 374, 375, 379,
    382, 383, 387, 390, 391, 395, 398, 399, 403, 407, 411, 414, 415, 419, 422,
    423, 426, 427, 430, 431, 434, 435, 439, 442, 443, 446, 447
[2] 14, 18, 22, 26, 34, 38, 46, 54, 62, 66, 90, 94, 102, 106, 118, 122, 126,
    154, 162, 170, 174, 178, 182, 186, 194, 198, 206, 214, 218, 230, 238, 246,
    250, 254, 262, 266, 270, 302, 306, 314, 326, 330, 338, 350, 358, 362, 370,
    378, 386, 394, 402, 406, 410, 418, 438

Reassigned labels
Map:
{"D_0": "D", "D_1": "D", "D_2": "D"}
token_fitness
{"perc_fit_traces": 0.0, "average_trace_fitness": 0.8768205076929377, "log_fitness": 0.895279191745866, "percentage_of_fitting_traces": 0.0}
precision
0.20010665244634052
0.7627118644067797
generalization
0.8087937948554283


###### Starting pipeline for 0.5, Distance.EDIT_DISTANCE, 3######
Found communities: 

Clustering with 448 elements and 3 clusters
[0] 0, 1, 4, 5, 8, 9, 12, 13, 16, 17, 20, 21, 24, 25, 28, 29, 32, 33, 36, 37,
    40, 41, 44, 45, 48, 49, 52, 53, 56, 57, 60, 61, 64, 65, 68, 69, 72, 73,
    76, 77, 80, 81, 84, 85, 88, 89, 92, 93, 96, 97, 100, 101, 104, 105, 108,
    109, 112, 113, 116, 117, 120, 121, 124, 125, 128, 129, 132, 133, 136, 137,
    140, 141, 144, 145, 148, 149, 152, 153, 156, 157, 160, 161, 164, 165, 168,
    169, 172, 173, 176, 177, 180, 181, 184, 185, 188, 189, 192, 193, 196, 197,
    200, 201, 204, 205, 208, 209, 212, 213, 216, 217, 220, 221, 224, 225, 228,
    229, 232, 233, 236, 237, 240, 241, 244, 245, 248, 249, 252, 253, 256, 257,
    260, 261, 264, 265, 268, 269, 272, 273, 276, 277, 280, 281, 284, 285, 288,
    289, 292, 293, 296, 297, 300, 301, 304, 305, 308, 309, 312, 313, 316, 317,
    320, 321, 324, 325, 328, 329, 332, 333, 336, 337, 340, 341, 344, 345, 348,
    349, 352, 353, 356, 357, 360, 361, 364, 365, 368, 369, 372, 373, 376, 377,
    380, 381, 384, 385, 388, 389, 392, 393, 396, 397, 400, 401, 404, 405, 408,
    409, 412, 413, 416, 417, 420, 421, 424, 425, 428, 429, 432, 433, 436, 437,
    440, 441, 444, 445
[1] 2, 3, 6, 7, 10, 11, 15, 19, 23, 27, 30, 31, 35, 39, 42, 43, 47, 50, 51,
    55, 58, 59, 63, 67, 70, 71, 74, 75, 78, 79, 82, 83, 86, 87, 91, 95, 98,
    99, 103, 107, 110, 111, 114, 115, 119, 123, 127, 130, 131, 134, 135, 138,
    139, 142, 143, 146, 147, 150, 151, 155, 158, 159, 163, 166, 167, 171, 175,
    179, 183, 187, 190, 191, 195, 199, 202, 203, 207, 210, 211, 215, 219, 222,
    223, 226, 227, 231, 234, 235, 239, 242, 243, 247, 251, 255, 258, 259, 263,
    267, 271, 274, 275, 278, 279, 282, 283, 286, 287, 290, 291, 294, 295, 298,
    299, 303, 307, 310, 311, 315, 318, 319, 322, 323, 327, 331, 334, 335, 339,
    342, 343, 346, 347, 351, 354, 355, 359, 363, 366, 367, 371, 374, 375, 379,
    382, 383, 387, 390, 391, 395, 398, 399, 403, 407, 411, 414, 415, 419, 422,
    423, 426, 427, 430, 431, 434, 435, 439, 442, 443, 446, 447
[2] 14, 18, 22, 26, 34, 38, 46, 54, 62, 66, 90, 94, 102, 106, 118, 122, 126,
    154, 162, 170, 174, 178, 182, 186, 194, 198, 206, 214, 218, 230, 238, 246,
    250, 254, 262, 266, 270, 302, 306, 314, 326, 330, 338, 350, 358, 362, 370,
    378, 386, 394, 402, 406, 410, 418, 438

Reassigned labels
Map:
{"D_0": "D", "D_1": "D", "D_2": "D"}
token_fitness
{"perc_fit_traces": 0.0, "average_trace_fitness": 0.8768205076929377, "log_fitness": 0.895279191745866, "percentage_of_fitting_traces": 0.0}
precision
0.20010665244634052
0.7627118644067797
generalization
0.8087937948554283


###### Starting pipeline for 0.75, Distance.EDIT_DISTANCE, 3######
Found communities: 

Clustering with 448 elements and 5 clusters
[0] 0, 1, 4, 5, 8, 9, 13, 17, 21, 25, 28, 29, 33, 37, 40, 41, 45, 48, 49, 53,
    56, 57, 61, 65, 68, 69, 72, 73, 76, 77, 80, 81, 84, 85, 89, 93, 96, 97,
    101, 105, 108, 109, 112, 113, 117, 121, 125, 128, 129, 132, 133, 136, 137,
    140, 141, 144, 145, 148, 149, 153, 156, 157, 161, 164, 165, 169, 173, 177,
    181, 185, 188, 189, 193, 197, 200, 201, 205, 208, 209, 213, 217, 220, 221,
    224, 225, 229, 232, 233, 237, 240, 241, 245, 249, 253, 256, 257, 261, 265,
    269, 272, 273, 276, 277, 280, 281, 284, 285, 288, 289, 292, 293, 296, 297,
    301, 305, 308, 309, 313, 316, 317, 320, 321, 325, 329, 332, 333, 337, 340,
    341, 344, 345, 349, 352, 353, 357, 361, 364, 365, 369, 372, 373, 377, 380,
    381, 385, 388, 389, 393, 396, 397, 401, 405, 409, 412, 413, 417, 420, 421,
    424, 425, 428, 429, 432, 433, 437, 440, 441, 444, 445
[1] 3, 7, 11, 15, 19, 23, 27, 31, 35, 39, 43, 47, 51, 55, 59, 63, 67, 71, 75,
    79, 83, 87, 91, 95, 99, 103, 107, 111, 115, 119, 123, 127, 131, 135, 139,
    143, 147, 151, 155, 159, 163, 167, 171, 175, 179, 183, 187, 191, 195, 199,
    203, 207, 211, 215, 219, 223, 227, 231, 235, 239, 243, 247, 251, 255, 259,
    263, 267, 271, 275, 279, 283, 287, 291, 295, 299, 303, 307, 311, 315, 319,
    323, 327, 331, 335, 339, 343, 347, 351, 355, 359, 363, 367, 371, 375, 379,
    383, 387, 391, 395, 399, 403, 407, 411, 415, 419, 423, 427, 431, 435, 439,
    443, 447
[2] 2, 6, 10, 30, 42, 50, 58, 70, 74, 78, 82, 86, 98, 110, 114, 130, 134, 138,
    142, 146, 150, 158, 166, 190, 202, 210, 222, 226, 234, 242, 258, 274, 278,
    282, 286, 290, 294, 298, 310, 318, 322, 334, 342, 346, 354, 366, 374, 382,
    390, 398, 414, 422, 426, 430, 434, 442, 446
[3] 12, 16, 20, 24, 32, 36, 44, 52, 60, 64, 88, 92, 100, 104, 116, 120, 124,
    152, 160, 168, 172, 176, 180, 184, 192, 196, 204, 212, 216, 228, 236, 244,
    248, 252, 260, 264, 268, 300, 304, 312, 324, 328, 336, 348, 356, 360, 368,
    376, 384, 392, 400, 404, 408, 416, 436
[4] 14, 18, 22, 26, 34, 38, 46, 54, 62, 66, 90, 94, 102, 106, 118, 122, 126,
    154, 162, 170, 174, 178, 182, 186, 194, 198, 206, 214, 218, 230, 238, 246,
    250, 254, 262, 266, 270, 302, 306, 314, 326, 330, 338, 350, 358, 362, 370,
    378, 386, 394, 402, 406, 410, 418, 438

Reassigned labels
Map:
{"D_0": "D", "D_1": "D", "D_2": "D", "D_3": "D", "D_4": "D"}
token_fitness
{"perc_fit_traces": 0.0, "average_trace_fitness": 0.8768205076929377, "log_fitness": 0.895279191745866, "percentage_of_fitting_traces": 0.0}
precision
0.20010665244634052
0.7627118644067797
generalization
0.8087937948554283


###### Starting pipeline for 1, Distance.EDIT_DISTANCE, 3######
Found communities: 

Clustering with 448 elements and 8 clusters
[0] 1, 5, 9, 29, 41, 49, 57, 69, 73, 77, 81, 85, 97, 109, 113, 129, 133, 137,
    141, 145, 149, 157, 165, 189, 201, 209, 221, 225, 233, 241, 257, 273, 277,
    281, 285, 289, 293, 297, 309, 317, 321, 333, 341, 345, 353, 365, 373, 381,
    389, 397, 413, 421, 425, 429, 433, 441, 445
[1] 2, 6, 10, 30, 42, 50, 58, 70, 74, 78, 82, 86, 98, 110, 114, 130, 134, 138,
    142, 146, 150, 158, 166, 190, 202, 210, 222, 226, 234, 242, 258, 274, 278,
    282, 286, 290, 294, 298, 310, 318, 322, 334, 342, 346, 354, 366, 374, 382,
    390, 398, 414, 422, 426, 430, 434, 442, 446
[2] 3, 7, 11, 31, 43, 51, 59, 71, 75, 79, 83, 87, 99, 111, 115, 131, 135, 139,
    143, 147, 151, 159, 167, 191, 203, 211, 223, 227, 235, 243, 259, 275, 279,
    283, 287, 291, 295, 299, 311, 319, 323, 335, 343, 347, 355, 367, 375, 383,
    391, 399, 415, 423, 427, 431, 435, 443, 447
[3] 0, 4, 8, 28, 40, 48, 56, 68, 72, 76, 80, 84, 96, 108, 112, 128, 132, 136,
    140, 144, 148, 156, 164, 188, 200, 208, 220, 224, 232, 240, 256, 272, 276,
    280, 284, 288, 292, 296, 308, 316, 320, 332, 340, 344, 352, 364, 372, 380,
    388, 396, 412, 420, 424, 428, 432, 440, 444
[4] 12, 16, 20, 24, 32, 36, 44, 52, 60, 64, 88, 92, 100, 104, 116, 120, 124,
    152, 160, 168, 172, 176, 180, 184, 192, 196, 204, 212, 216, 228, 236, 244,
    248, 252, 260, 264, 268, 300, 304, 312, 324, 328, 336, 348, 356, 360, 368,
    376, 384, 392, 400, 404, 408, 416, 436
[5] 13, 17, 21, 25, 33, 37, 45, 53, 61, 65, 89, 93, 101, 105, 117, 121, 125,
    153, 161, 169, 173, 177, 181, 185, 193, 197, 205, 213, 217, 229, 237, 245,
    249, 253, 261, 265, 269, 301, 305, 313, 325, 329, 337, 349, 357, 361, 369,
    377, 385, 393, 401, 405, 409, 417, 437
[6] 14, 18, 22, 26, 34, 38, 46, 54, 62, 66, 90, 94, 102, 106, 118, 122, 126,
    154, 162, 170, 174, 178, 182, 186, 194, 198, 206, 214, 218, 230, 238, 246,
    250, 254, 262, 266, 270, 302, 306, 314, 326, 330, 338, 350, 358, 362, 370,
    378, 386, 394, 402, 406, 410, 418, 438
[7] 15, 19, 23, 27, 35, 39, 47, 55, 63, 67, 91, 95, 103, 107, 119, 123, 127,
    155, 163, 171, 175, 179, 183, 187, 195, 199, 207, 215, 219, 231, 239, 247,
    251, 255, 263, 267, 271, 303, 307, 315, 327, 331, 339, 351, 359, 363, 371,
    379, 387, 395, 403, 407, 411, 419, 439

Reassigned labels
Map:
{"D_0": "D", "D_1": "D", "D_2": "D", "D_3": "D", "D_4": "D", "D_5": "D", "D_6": "D", "D_7": "D"}
token_fitness
{"perc_fit_traces": 0.0, "average_trace_fitness": 0.8768205076929377, "log_fitness": 0.895279191745866, "percentage_of_fitting_traces": 0.0}
precision
0.20010665244634052
0.7627118644067797
generalization
0.8087937948554283


###### Starting pipeline for 0, Distance.SET_DISTANCE, 3######
Found communities: 

Clustering with 448 elements and 4 clusters
[0] 3, 7, 11, 15, 19, 23, 27, 31, 35, 39, 43, 47, 51, 55, 59, 63, 67, 71, 75,
    79, 83, 87, 91, 95, 99, 103, 107, 111, 115, 119, 123, 127, 131, 135, 139,
    143, 147, 151, 155, 159, 163, 167, 171, 175, 179, 183, 187, 191, 195, 199,
    203, 207, 211, 215, 219, 223, 227, 231, 235, 239, 243, 247, 251, 255, 259,
    263, 267, 271, 275, 279, 283, 287, 291, 295, 299, 303, 307, 311, 315, 319,
    323, 327, 331, 335, 339, 343, 347, 351, 355, 359, 363, 367, 371, 375, 379,
    383, 387, 391, 395, 399, 403, 407, 411, 415, 419, 423, 427, 431, 435, 439,
    443, 447
[1] 0, 4, 8, 12, 16, 20, 24, 28, 32, 36, 40, 44, 48, 52, 56, 60, 64, 68, 72,
    76, 80, 84, 88, 92, 96, 100, 104, 108, 112, 116, 120, 124, 128, 132, 136,
    140, 144, 148, 152, 156, 160, 164, 168, 172, 176, 180, 184, 188, 192, 196,
    200, 204, 208, 212, 216, 220, 224, 228, 232, 236, 240, 244, 248, 252, 256,
    260, 264, 268, 272, 276, 280, 284, 288, 292, 296, 300, 304, 308, 312, 316,
    320, 324, 328, 332, 336, 340, 344, 348, 352, 356, 360, 364, 368, 372, 376,
    380, 384, 388, 392, 396, 400, 404, 408, 412, 416, 420, 424, 428, 432, 436,
    440, 444
[2] 1, 5, 9, 13, 17, 21, 25, 29, 33, 37, 41, 45, 49, 53, 57, 61, 65, 69, 73,
    77, 81, 85, 89, 93, 97, 101, 105, 109, 113, 117, 121, 125, 129, 133, 137,
    141, 145, 149, 153, 157, 161, 165, 169, 173, 177, 181, 185, 189, 193, 197,
    201, 205, 209, 213, 217, 221, 225, 229, 233, 237, 241, 245, 249, 253, 257,
    261, 265, 269, 273, 277, 281, 285, 289, 293, 297, 301, 305, 309, 313, 317,
    321, 325, 329, 333, 337, 341, 345, 349, 353, 357, 361, 365, 369, 373, 377,
    381, 385, 389, 393, 397, 401, 405, 409, 413, 417, 421, 425, 429, 433, 437,
    441, 445
[3] 2, 6, 10, 14, 18, 22, 26, 30, 34, 38, 42, 46, 50, 54, 58, 62, 66, 70, 74,
    78, 82, 86, 90, 94, 98, 102, 106, 110, 114, 118, 122, 126, 130, 134, 138,
    142, 146, 150, 154, 158, 162, 166, 170, 174, 178, 182, 186, 190, 194, 198,
    202, 206, 210, 214, 218, 222, 226, 230, 234, 238, 242, 246, 250, 254, 258,
    262, 266, 270, 274, 278, 282, 286, 290, 294, 298, 302, 306, 310, 314, 318,
    322, 326, 330, 334, 338, 342, 346, 350, 354, 358, 362, 366, 370, 374, 378,
    382, 386, 390, 394, 398, 402, 406, 410, 414, 418, 422, 426, 430, 434, 438,
    442, 446

Reassigned labels
Map:
{"D_0": "D", "D_1": "D", "D_2": "D", "D_3": "D"}
token_fitness
{"perc_fit_traces": 0.0, "average_trace_fitness": 0.8768205076929377, "log_fitness": 0.895279191745866, "percentage_of_fitting_traces": 0.0}
precision
0.20010665244634052
0.7627118644067797
generalization
0.8087937948554283


###### Starting pipeline for 0.25, Distance.SET_DISTANCE, 3######
Found communities: 

Clustering with 448 elements and 4 clusters
[0] 3, 7, 11, 15, 19, 23, 27, 31, 35, 39, 43, 47, 51, 55, 59, 63, 67, 71, 75,
    79, 83, 87, 91, 95, 99, 103, 107, 111, 115, 119, 123, 127, 131, 135, 139,
    143, 147, 151, 155, 159, 163, 167, 171, 175, 179, 183, 187, 191, 195, 199,
    203, 207, 211, 215, 219, 223, 227, 231, 235, 239, 243, 247, 251, 255, 259,
    263, 267, 271, 275, 279, 283, 287, 291, 295, 299, 303, 307, 311, 315, 319,
    323, 327, 331, 335, 339, 343, 347, 351, 355, 359, 363, 367, 371, 375, 379,
    383, 387, 391, 395, 399, 403, 407, 411, 415, 419, 423, 427, 431, 435, 439,
    443, 447
[1] 0, 4, 8, 12, 16, 20, 24, 28, 32, 36, 40, 44, 48, 52, 56, 60, 64, 68, 72,
    76, 80, 84, 88, 92, 96, 100, 104, 108, 112, 116, 120, 124, 128, 132, 136,
    140, 144, 148, 152, 156, 160, 164, 168, 172, 176, 180, 184, 188, 192, 196,
    200, 204, 208, 212, 216, 220, 224, 228, 232, 236, 240, 244, 248, 252, 256,
    260, 264, 268, 272, 276, 280, 284, 288, 292, 296, 300, 304, 308, 312, 316,
    320, 324, 328, 332, 336, 340, 344, 348, 352, 356, 360, 364, 368, 372, 376,
    380, 384, 388, 392, 396, 400, 404, 408, 412, 416, 420, 424, 428, 432, 436,
    440, 444
[2] 1, 5, 9, 13, 17, 21, 25, 29, 33, 37, 41, 45, 49, 53, 57, 61, 65, 69, 73,
    77, 81, 85, 89, 93, 97, 101, 105, 109, 113, 117, 121, 125, 129, 133, 137,
    141, 145, 149, 153, 157, 161, 165, 169, 173, 177, 181, 185, 189, 193, 197,
    201, 205, 209, 213, 217, 221, 225, 229, 233, 237, 241, 245, 249, 253, 257,
    261, 265, 269, 273, 277, 281, 285, 289, 293, 297, 301, 305, 309, 313, 317,
    321, 325, 329, 333, 337, 341, 345, 349, 353, 357, 361, 365, 369, 373, 377,
    381, 385, 389, 393, 397, 401, 405, 409, 413, 417, 421, 425, 429, 433, 437,
    441, 445
[3] 2, 6, 10, 14, 18, 22, 26, 30, 34, 38, 42, 46, 50, 54, 58, 62, 66, 70, 74,
    78, 82, 86, 90, 94, 98, 102, 106, 110, 114, 118, 122, 126, 130, 134, 138,
    142, 146, 150, 154, 158, 162, 166, 170, 174, 178, 182, 186, 190, 194, 198,
    202, 206, 210, 214, 218, 222, 226, 230, 234, 238, 242, 246, 250, 254, 258,
    262, 266, 270, 274, 278, 282, 286, 290, 294, 298, 302, 306, 310, 314, 318,
    322, 326, 330, 334, 338, 342, 346, 350, 354, 358, 362, 366, 370, 374, 378,
    382, 386, 390, 394, 398, 402, 406, 410, 414, 418, 422, 426, 430, 434, 438,
    442, 446

Reassigned labels
Map:
{"D_0": "D", "D_1": "D", "D_2": "D", "D_3": "D"}
token_fitness
{"perc_fit_traces": 0.0, "average_trace_fitness": 0.8768205076929377, "log_fitness": 0.895279191745866, "percentage_of_fitting_traces": 0.0}
precision
0.20010665244634052
0.7627118644067797
generalization
0.8087937948554283


###### Starting pipeline for 0.5, Distance.SET_DISTANCE, 3######
Found communities: 

Clustering with 448 elements and 4 clusters
[0] 0, 4, 8, 12, 16, 20, 24, 28, 32, 36, 40, 44, 48, 52, 56, 60, 64, 68, 72,
    76, 80, 84, 88, 92, 96, 100, 104, 108, 112, 116, 120, 124, 128, 132, 136,
    140, 144, 148, 152, 156, 160, 164, 168, 172, 176, 180, 184, 188, 192, 196,
    200, 204, 208, 212, 216, 220, 224, 228, 232, 236, 240, 244, 248, 252, 256,
    260, 264, 268, 272, 276, 280, 284, 288, 292, 296, 300, 304, 308, 312, 316,
    320, 324, 328, 332, 336, 340, 344, 348, 352, 356, 360, 364, 368, 372, 376,
    380, 384, 388, 392, 396, 400, 404, 408, 412, 416, 420, 424, 428, 432, 436,
    440, 444
[1] 3, 7, 11, 15, 19, 23, 27, 31, 35, 39, 43, 47, 51, 55, 59, 63, 67, 71, 75,
    79, 83, 87, 91, 95, 99, 103, 107, 111, 115, 119, 123, 127, 131, 135, 139,
    143, 147, 151, 155, 159, 163, 167, 171, 175, 179, 183, 187, 191, 195, 199,
    203, 207, 211, 215, 219, 223, 227, 231, 235, 239, 243, 247, 251, 255, 259,
    263, 267, 271, 275, 279, 283, 287, 291, 295, 299, 303, 307, 311, 315, 319,
    323, 327, 331, 335, 339, 343, 347, 351, 355, 359, 363, 367, 371, 375, 379,
    383, 387, 391, 395, 399, 403, 407, 411, 415, 419, 423, 427, 431, 435, 439,
    443, 447
[2] 2, 6, 10, 14, 18, 22, 26, 30, 34, 38, 42, 46, 50, 54, 58, 62, 66, 70, 74,
    78, 82, 86, 90, 94, 98, 102, 106, 110, 114, 118, 122, 126, 130, 134, 138,
    142, 146, 150, 154, 158, 162, 166, 170, 174, 178, 182, 186, 190, 194, 198,
    202, 206, 210, 214, 218, 222, 226, 230, 234, 238, 242, 246, 250, 254, 258,
    262, 266, 270, 274, 278, 282, 286, 290, 294, 298, 302, 306, 310, 314, 318,
    322, 326, 330, 334, 338, 342, 346, 350, 354, 358, 362, 366, 370, 374, 378,
    382, 386, 390, 394, 398, 402, 406, 410, 414, 418, 422, 426, 430, 434, 438,
    442, 446
[3] 1, 5, 9, 13, 17, 21, 25, 29, 33, 37, 41, 45, 49, 53, 57, 61, 65, 69, 73,
    77, 81, 85, 89, 93, 97, 101, 105, 109, 113, 117, 121, 125, 129, 133, 137,
    141, 145, 149, 153, 157, 161, 165, 169, 173, 177, 181, 185, 189, 193, 197,
    201, 205, 209, 213, 217, 221, 225, 229, 233, 237, 241, 245, 249, 253, 257,
    261, 265, 269, 273, 277, 281, 285, 289, 293, 297, 301, 305, 309, 313, 317,
    321, 325, 329, 333, 337, 341, 345, 349, 353, 357, 361, 365, 369, 373, 377,
    381, 385, 389, 393, 397, 401, 405, 409, 413, 417, 421, 425, 429, 433, 437,
    441, 445

Reassigned labels
Map:
{"D_0": "D", "D_1": "D", "D_2": "D", "D_3": "D"}
token_fitness
{"perc_fit_traces": 0.0, "average_trace_fitness": 0.8768205076929377, "log_fitness": 0.895279191745866, "percentage_of_fitting_traces": 0.0}
precision
0.20010665244634052
0.7627118644067797
generalization
0.8087937948554283


###### Starting pipeline for 0.75, Distance.SET_DISTANCE, 3######
Found communities: 

Clustering with 448 elements and 4 clusters
[0] 0, 1, 4, 5, 8, 9, 13, 17, 21, 25, 28, 29, 33, 37, 40, 41, 45, 48, 49, 53,
    56, 57, 61, 65, 68, 69, 72, 73, 76, 77, 80, 81, 84, 85, 89, 93, 96, 97,
    101, 105, 108, 109, 112, 113, 117, 121, 125, 128, 129, 132, 133, 136, 137,
    140, 141, 144, 145, 148, 149, 153, 156, 157, 161, 164, 165, 169, 173, 177,
    181, 185, 188, 189, 193, 197, 200, 201, 205, 208, 209, 213, 217, 220, 221,
    224, 225, 229, 232, 233, 237, 240, 241, 245, 249, 253, 256, 257, 261, 265,
    269, 272, 273, 276, 277, 280, 281, 284, 285, 288, 289, 292, 293, 296, 297,
    301, 305, 308, 309, 313, 316, 317, 320, 321, 325, 329, 332, 333, 337, 340,
    341, 344, 345, 349, 352, 353, 357, 361, 364, 365, 369, 372, 373, 377, 380,
    381, 385, 388, 389, 393, 396, 397, 401, 405, 409, 412, 413, 417, 420, 421,
    424, 425, 428, 429, 432, 433, 437, 440, 441, 444, 445
[1] 3, 7, 11, 15, 19, 23, 27, 31, 35, 39, 43, 47, 51, 55, 59, 63, 67, 71, 75,
    79, 83, 87, 91, 95, 99, 103, 107, 111, 115, 119, 123, 127, 131, 135, 139,
    143, 147, 151, 155, 159, 163, 167, 171, 175, 179, 183, 187, 191, 195, 199,
    203, 207, 211, 215, 219, 223, 227, 231, 235, 239, 243, 247, 251, 255, 259,
    263, 267, 271, 275, 279, 283, 287, 291, 295, 299, 303, 307, 311, 315, 319,
    323, 327, 331, 335, 339, 343, 347, 351, 355, 359, 363, 367, 371, 375, 379,
    383, 387, 391, 395, 399, 403, 407, 411, 415, 419, 423, 427, 431, 435, 439,
    443, 447
[2] 2, 6, 10, 14, 18, 22, 26, 30, 34, 38, 42, 46, 50, 54, 58, 62, 66, 70, 74,
    78, 82, 86, 90, 94, 98, 102, 106, 110, 114, 118, 122, 126, 130, 134, 138,
    142, 146, 150, 154, 158, 162, 166, 170, 174, 178, 182, 186, 190, 194, 198,
    202, 206, 210, 214, 218, 222, 226, 230, 234, 238, 242, 246, 250, 254, 258,
    262, 266, 270, 274, 278, 282, 286, 290, 294, 298, 302, 306, 310, 314, 318,
    322, 326, 330, 334, 338, 342, 346, 350, 354, 358, 362, 366, 370, 374, 378,
    382, 386, 390, 394, 398, 402, 406, 410, 414, 418, 422, 426, 430, 434, 438,
    442, 446
[3] 12, 16, 20, 24, 32, 36, 44, 52, 60, 64, 88, 92, 100, 104, 116, 120, 124,
    152, 160, 168, 172, 176, 180, 184, 192, 196, 204, 212, 216, 228, 236, 244,
    248, 252, 260, 264, 268, 300, 304, 312, 324, 328, 336, 348, 356, 360, 368,
    376, 384, 392, 400, 404, 408, 416, 436

Reassigned labels
Map:
{"D_0": "D", "D_1": "D", "D_2": "D", "D_3": "D"}
token_fitness
{"perc_fit_traces": 0.0, "average_trace_fitness": 0.8768205076929377, "log_fitness": 0.895279191745866, "percentage_of_fitting_traces": 0.0}
precision
0.20010665244634052
0.7627118644067797
generalization
0.8087937948554283


###### Starting pipeline for 1, Distance.SET_DISTANCE, 3######
Found communities: 

Clustering with 448 elements and 6 clusters
[0] 1, 5, 9, 13, 17, 21, 25, 29, 33, 37, 41, 45, 49, 53, 57, 61, 65, 69, 73,
    77, 81, 85, 89, 93, 97, 101, 105, 109, 113, 117, 121, 125, 129, 133, 137,
    141, 145, 149, 153, 157, 161, 165, 169, 173, 177, 181, 185, 189, 193, 197,
    201, 205, 209, 213, 217, 221, 225, 229, 233, 237, 241, 245, 249, 253, 257,
    261, 265, 269, 273, 277, 281, 285, 289, 293, 297, 301, 305, 309, 313, 317,
    321, 325, 329, 333, 337, 341, 345, 349, 353, 357, 361, 365, 369, 373, 377,
    381, 385, 389, 393, 397, 401, 405, 409, 413, 417, 421, 425, 429, 433, 437,
    441, 445
[1] 2, 6, 10, 14, 18, 22, 26, 30, 34, 38, 42, 46, 50, 54, 58, 62, 66, 70, 74,
    78, 82, 86, 90, 94, 98, 102, 106, 110, 114, 118, 122, 126, 130, 134, 138,
    142, 146, 150, 154, 158, 162, 166, 170, 174, 178, 182, 186, 190, 194, 198,
    202, 206, 210, 214, 218, 222, 226, 230, 234, 238, 242, 246, 250, 254, 258,
    262, 266, 270, 274, 278, 282, 286, 290, 294, 298, 302, 306, 310, 314, 318,
    322, 326, 330, 334, 338, 342, 346, 350, 354, 358, 362, 366, 370, 374, 378,
    382, 386, 390, 394, 398, 402, 406, 410, 414, 418, 422, 426, 430, 434, 438,
    442, 446
[2] 3, 7, 11, 31, 43, 51, 59, 71, 75, 79, 83, 87, 99, 111, 115, 131, 135, 139,
    143, 147, 151, 159, 167, 191, 203, 211, 223, 227, 235, 243, 259, 275, 279,
    283, 287, 291, 295, 299, 311, 319, 323, 335, 343, 347, 355, 367, 375, 383,
    391, 399, 415, 423, 427, 431, 435, 443, 447
[3] 0, 4, 8, 28, 40, 48, 56, 68, 72, 76, 80, 84, 96, 108, 112, 128, 132, 136,
    140, 144, 148, 156, 164, 188, 200, 208, 220, 224, 232, 240, 256, 272, 276,
    280, 284, 288, 292, 296, 308, 316, 320, 332, 340, 344, 352, 364, 372, 380,
    388, 396, 412, 420, 424, 428, 432, 440, 444
[4] 12, 16, 20, 24, 32, 36, 44, 52, 60, 64, 88, 92, 100, 104, 116, 120, 124,
    152, 160, 168, 172, 176, 180, 184, 192, 196, 204, 212, 216, 228, 236, 244,
    248, 252, 260, 264, 268, 300, 304, 312, 324, 328, 336, 348, 356, 360, 368,
    376, 384, 392, 400, 404, 408, 416, 436
[5] 15, 19, 23, 27, 35, 39, 47, 55, 63, 67, 91, 95, 103, 107, 119, 123, 127,
    155, 163, 171, 175, 179, 183, 187, 195, 199, 207, 215, 219, 231, 239, 247,
    251, 255, 263, 267, 271, 303, 307, 315, 327, 331, 339, 351, 359, 363, 371,
    379, 387, 395, 403, 407, 411, 419, 439

Reassigned labels
Map:
{"D_0": "D", "D_1": "D", "D_2": "D", "D_3": "D", "D_4": "D", "D_5": "D"}
token_fitness
{"perc_fit_traces": 0.0, "average_trace_fitness": 0.8768205076929377, "log_fitness": 0.895279191745866, "percentage_of_fitting_traces": 0.0}
precision
0.20010665244634052
0.7627118644067797
generalization
0.8087937948554283


###### Starting pipeline for 0, Distance.MULTISET_DISTANCE, 3######
Found communities: 

Clustering with 448 elements and 2 clusters
[0] 2, 3, 6, 7, 10, 11, 14, 15, 18, 19, 22, 23, 26, 27, 30, 31, 34, 35, 38,
    39, 42, 43, 46, 47, 50, 51, 54, 55, 58, 59, 62, 63, 66, 67, 70, 71, 74,
    75, 78, 79, 82, 83, 86, 87, 90, 91, 94, 95, 98, 99, 102, 103, 106, 107,
    110, 111, 114, 115, 118, 119, 122, 123, 126, 127, 130, 131, 134, 135, 138,
    139, 142, 143, 146, 147, 150, 151, 154, 155, 158, 159, 162, 163, 166, 167,
    170, 171, 174, 175, 178, 179, 182, 183, 186, 187, 190, 191, 194, 195, 198,
    199, 202, 203, 206, 207, 210, 211, 214, 215, 218, 219, 222, 223, 226, 227,
    230, 231, 234, 235, 238, 239, 242, 243, 246, 247, 250, 251, 254, 255, 258,
    259, 262, 263, 266, 267, 270, 271, 274, 275, 278, 279, 282, 283, 286, 287,
    290, 291, 294, 295, 298, 299, 302, 303, 306, 307, 310, 311, 314, 315, 318,
    319, 322, 323, 326, 327, 330, 331, 334, 335, 338, 339, 342, 343, 346, 347,
    350, 351, 354, 355, 358, 359, 362, 363, 366, 367, 370, 371, 374, 375, 378,
    379, 382, 383, 386, 387, 390, 391, 394, 395, 398, 399, 402, 403, 406, 407,
    410, 411, 414, 415, 418, 419, 422, 423, 426, 427, 430, 431, 434, 435, 438,
    439, 442, 443, 446, 447
[1] 0, 1, 4, 5, 8, 9, 12, 13, 16, 17, 20, 21, 24, 25, 28, 29, 32, 33, 36, 37,
    40, 41, 44, 45, 48, 49, 52, 53, 56, 57, 60, 61, 64, 65, 68, 69, 72, 73,
    76, 77, 80, 81, 84, 85, 88, 89, 92, 93, 96, 97, 100, 101, 104, 105, 108,
    109, 112, 113, 116, 117, 120, 121, 124, 125, 128, 129, 132, 133, 136, 137,
    140, 141, 144, 145, 148, 149, 152, 153, 156, 157, 160, 161, 164, 165, 168,
    169, 172, 173, 176, 177, 180, 181, 184, 185, 188, 189, 192, 193, 196, 197,
    200, 201, 204, 205, 208, 209, 212, 213, 216, 217, 220, 221, 224, 225, 228,
    229, 232, 233, 236, 237, 240, 241, 244, 245, 248, 249, 252, 253, 256, 257,
    260, 261, 264, 265, 268, 269, 272, 273, 276, 277, 280, 281, 284, 285, 288,
    289, 292, 293, 296, 297, 300, 301, 304, 305, 308, 309, 312, 313, 316, 317,
    320, 321, 324, 325, 328, 329, 332, 333, 336, 337, 340, 341, 344, 345, 348,
    349, 352, 353, 356, 357, 360, 361, 364, 365, 368, 369, 372, 373, 376, 377,
    380, 381, 384, 385, 388, 389, 392, 393, 396, 397, 400, 401, 404, 405, 408,
    409, 412, 413, 416, 417, 420, 421, 424, 425, 428, 429, 432, 433, 436, 437,
    440, 441, 444, 445

Reassigned labels
Map:
{"D_0": "D", "D_1": "D"}
token_fitness
{"perc_fit_traces": 0.0, "average_trace_fitness": 0.8768205076929377, "log_fitness": 0.895279191745866, "percentage_of_fitting_traces": 0.0}

 Performance of golden standard model:
token_fitness
{"perc_fit_traces": 0.0, "average_trace_fitness": 0.7245165506974648, "log_fitness": 0.7529498753346621, "percentage_of_fitting_traces": 0.0}
precision
1.0
0.7714285714285715
generalization
0.7511060839407433

 Xixi split labels:
['D_X_1', 'D_X_0']

 Xixi refined log results:

 IM without noise threshold:
token_fitness
{"perc_fit_traces": 0.0, "average_trace_fitness": 0.8646579015642564, "log_fitness": 0.8761154074955384, "percentage_of_fitting_traces": 0.0}
precision
0.7499166944351883
0.7499999999999999
generalization
0.902799765288707

 Xixi clustering:
Clustering with 448 elements and 2 clusters
[0] 252
[1] 0, 1, 2, 3, 4, 5, 6, 7, 8, 9, 10, 11, 12, 13, 14, 15, 16, 17, 18, 19, 20,
    21, 22, 23, 24, 25, 26, 27, 28, 29, 30, 31, 32, 33, 34, 35, 36, 37, 38,
    39, 40, 41, 42, 43, 44, 45, 46, 47, 48, 49, 50, 51, 52, 53, 54, 55, 56,
    57, 58, 59, 60, 61, 62, 63, 64, 65, 66, 67, 68, 69, 70, 71, 72, 73, 74,
    75, 76, 77, 78, 79, 80, 81, 82, 83, 84, 85, 86, 87, 88, 89, 90, 91, 92,
    93, 94, 95, 96, 97, 98, 99, 100, 101, 102, 103, 104, 105, 106, 107, 108,
    109, 110, 111, 112, 113, 114, 115, 116, 117, 118, 119, 120, 121, 122, 123,
    124, 125, 126, 127, 128, 129, 130, 131, 132, 133, 134, 135, 136, 137, 138,
    139, 140, 141, 142, 143, 144, 145, 146, 147, 148, 149, 150, 151, 152, 153,
    154, 155, 156, 157, 158, 159, 160, 161, 162, 163, 164, 165, 166, 167, 168,
    169, 170, 171, 172, 173, 174, 175, 176, 177, 178, 179, 180, 181, 182, 183,
    184, 185, 186, 187, 188, 189, 190, 191, 192, 193, 194, 195, 196, 197, 198,
    199, 200, 201, 202, 203, 204, 205, 206, 207, 208, 209, 210, 211, 212, 213,
    214, 215, 216, 217, 218, 219, 220, 221, 222, 223, 224, 225, 226, 227, 228,
    229, 230, 231, 232, 233, 234, 235, 236, 237, 238, 239, 240, 241, 242, 243,
    244, 245, 246, 247, 248, 249, 250, 251, 253, 254, 255, 256, 257, 258, 259,
    260, 261, 262, 263, 264, 265, 266, 267, 268, 269, 270, 271, 272, 273, 274,
    275, 276, 277, 278, 279, 280, 281, 282, 283, 284, 285, 286, 287, 288, 289,
    290, 291, 292, 293, 294, 295, 296, 297, 298, 299, 300, 301, 302, 303, 304,
    305, 306, 307, 308, 309, 310, 311, 312, 313, 314, 315, 316, 317, 318, 319,
    320, 321, 322, 323, 324, 325, 326, 327, 328, 329, 330, 331, 332, 333, 334,
    335, 336, 337, 338, 339, 340, 341, 342, 343, 344, 345, 346, 347, 348, 349,
    350, 351, 352, 353, 354, 355, 356, 357, 358, 359, 360, 361, 362, 363, 364,
    365, 366, 367, 368, 369, 370, 371, 372, 373, 374, 375, 376, 377, 378, 379,
    380, 381, 382, 383, 384, 385, 386, 387, 388, 389, 390, 391, 392, 393, 394,
    395, 396, 397, 398, 399, 400, 401, 402, 403, 404, 405, 406, 407, 408, 409,
    410, 411, 412, 413, 414, 415, 416, 417, 418, 419, 420, 421, 422, 423, 424,
    425, 426, 427, 428, 429, 430, 431, 432, 433, 434, 435, 436, 437, 438, 439,
    440, 441, 442, 443, 444, 445, 446, 447

 Data from log without imprecise labels

 IM without noise threshold:
token_fitness
{"perc_fit_traces": 100.0, "average_trace_fitness": 1.0, "log_fitness": 1.0, "percentage_of_fitting_traces": 100.0}
precision
0.9622478882951215
0.7714285714285715
generalization
0.9441490730883728

 Original Labels:
['C', 'E', 'B', 'D']

 Ground truth clustering clustering:
Clustering with 448 elements and 4 clusters
[0] 3, 6, 9, 14, 18, 21, 27, 30, 34, 38, 42, 47, 51, 53, 57, 62, 67, 71, 73,
    78, 82, 86, 90, 95, 98, 102, 105, 110, 115, 119, 123, 125, 130, 134, 137,
    143, 147, 149, 155, 157, 163, 166, 170, 173, 178, 181, 187, 191, 195, 197,
    202, 206, 210, 215, 218, 223, 227, 229, 234, 238, 243, 247, 250, 254, 259,
    262, 265, 269, 275, 279, 281, 286, 290, 295, 298, 302, 307, 310, 314, 318,
    321, 326, 330, 335, 339, 343, 347, 350, 353, 359, 363, 366, 370, 374, 379,
    383, 387, 390, 395, 397, 401, 407, 410, 414, 419, 421, 425, 431, 434, 438,
    441, 447
[1] 2, 5, 11, 15, 19, 22, 26, 31, 33, 39, 43, 45, 49, 54, 59, 63, 65, 70, 75,
    77, 83, 87, 89, 94, 97, 101, 107, 111, 113, 117, 122, 127, 131, 135, 138,
    141, 145, 150, 153, 159, 162, 167, 169, 175, 179, 183, 185, 190, 193, 198,
    201, 205, 209, 213, 219, 222, 226, 231, 233, 237, 241, 245, 249, 255, 257,
    263, 267, 271, 273, 278, 283, 287, 291, 294, 297, 303, 305, 311, 315, 319,
    322, 325, 331, 334, 338, 341, 345, 349, 355, 358, 362, 365, 371, 375, 378,
    382, 386, 391, 393, 398, 402, 405, 409, 415, 417, 422, 426, 429, 433, 439,
    442, 446
[2] 0, 4, 8, 12, 16, 20, 24, 28, 32, 36, 40, 44, 48, 52, 56, 60, 64, 68, 72,
    76, 80, 84, 88, 92, 96, 100, 104, 108, 112, 116, 120, 124, 128, 132, 136,
    140, 144, 148, 152, 156, 160, 164, 168, 172, 176, 180, 184, 188, 192, 196,
    200, 204, 208, 212, 216, 220, 224, 228, 232, 236, 240, 244, 248, 252, 256,
    260, 264, 268, 272, 276, 280, 284, 288, 292, 296, 300, 304, 308, 312, 316,
    320, 324, 328, 332, 336, 340, 344, 348, 352, 356, 360, 364, 368, 372, 376,
    380, 384, 388, 392, 396, 400, 404, 408, 412, 416, 420, 424, 428, 432, 436,
    440, 444
[3] 1, 7, 10, 13, 17, 23, 25, 29, 35, 37, 41, 46, 50, 55, 58, 61, 66, 69, 74,
    79, 81, 85, 91, 93, 99, 103, 106, 109, 114, 118, 121, 126, 129, 133, 139,
    142, 146, 151, 154, 158, 161, 165, 171, 174, 177, 182, 186, 189, 194, 199,
    203, 207, 211, 214, 217, 221, 225, 230, 235, 239, 242, 246, 251, 253, 258,
    261, 266, 270, 274, 277, 282, 285, 289, 293, 299, 301, 306, 309, 313, 317,
    323, 327, 329, 333, 337, 342, 346, 351, 354, 357, 361, 367, 369, 373, 377,
    381, 385, 389, 394, 399, 403, 406, 411, 413, 418, 423, 427, 430, 435, 437,
    443, 445

 Xixi Adjusted Rand Index:
-1.481421807455692e-16




----------------------------------------------------------------------------------------------
Output from 2025-08-11 17:03:04.518190
----------------------------------------------------------------------------------------------


                

###### Starting pipeline for 0, Distance.EDIT_DISTANCE, 1######
Found communities: 

Clustering with 448 elements and 3 clusters
[0] 1, 2, 3, 5, 6, 7, 9, 10, 11, 14, 15, 18, 19, 22, 23, 26, 27, 29, 30, 31,
    34, 35, 38, 39, 41, 42, 43, 46, 47, 49, 50, 51, 54, 55, 57, 58, 59, 62,
    63, 66, 67, 69, 70, 71, 73, 74, 75, 77, 78, 79, 81, 82, 83, 85, 86, 87,
    90, 91, 94, 95, 97, 98, 99, 102, 103, 106, 107, 109, 110, 111, 113, 114,
    115, 118, 119, 122, 123, 126, 127, 129, 130, 131, 133, 134, 135, 137, 138,
    139, 141, 142, 143, 145, 146, 147, 149, 150, 151, 154, 155, 157, 158, 159,
    162, 163, 165, 166, 167, 170, 171, 174, 175, 178, 179, 182, 183, 186, 187,
    189, 190, 191, 194, 195, 198, 199, 201, 202, 203, 206, 207, 209, 210, 211,
    214, 215, 218, 219, 221, 222, 223, 225, 226, 227, 230, 231, 233, 234, 235,
    238, 239, 241, 242, 243, 246, 247, 250, 251, 254, 255, 257, 258, 259, 262,
    263, 266, 267, 270, 271, 273, 274, 275, 277, 278, 279, 281, 282, 283, 285,
    286, 287, 289, 290, 291, 293, 294, 295, 297, 298, 299, 302, 303, 306, 307,
    309, 310, 311, 314, 315, 317, 318, 319, 321, 322, 323, 326, 327, 330, 331,
    333, 334, 335, 338, 339, 341, 342, 343, 345, 346, 347, 350, 351, 353, 354,
    355, 358, 359, 362, 363, 365, 366, 367, 370, 371, 373, 374, 375, 378, 379,
    381, 382, 383, 386, 387, 389, 390, 391, 394, 395, 397, 398, 399, 402, 403,
    406, 407, 410, 411, 413, 414, 415, 418, 419, 421, 422, 423, 425, 426, 427,
    429, 430, 431, 433, 434, 435, 438, 439, 441, 442, 443, 445, 446, 447
[1] 0, 4, 8, 13, 17, 21, 25, 28, 33, 37, 40, 45, 48, 53, 56, 61, 65, 68, 72,
    76, 80, 84, 89, 93, 96, 101, 105, 108, 112, 117, 121, 125, 128, 132, 136,
    140, 144, 148, 153, 156, 161, 164, 169, 173, 177, 181, 185, 188, 193, 197,
    200, 205, 208, 213, 217, 220, 224, 229, 232, 237, 240, 245, 249, 253, 256,
    261, 265, 269, 272, 276, 280, 284, 288, 292, 296, 301, 305, 308, 313, 316,
    320, 325, 329, 332, 337, 340, 344, 349, 352, 357, 361, 364, 369, 372, 377,
    380, 385, 388, 393, 396, 401, 405, 409, 412, 417, 420, 424, 428, 432, 437,
    440, 444
[2] 12, 16, 20, 24, 32, 36, 44, 52, 60, 64, 88, 92, 100, 104, 116, 120, 124,
    152, 160, 168, 172, 176, 180, 184, 192, 196, 204, 212, 216, 228, 236, 244,
    248, 252, 260, 264, 268, 300, 304, 312, 324, 328, 336, 348, 356, 360, 368,
    376, 384, 392, 400, 404, 408, 416, 436

Reassigned labels
Map:
{"D_0": "D", "D_1": "D", "D_2": "D"}
token_fitness
{"perc_fit_traces": 100.0, "average_trace_fitness": 1.0, "log_fitness": 1.0, "percentage_of_fitting_traces": 100.0}
precision
0.7439695302581464
0.7627118644067797
generalization
0.9421714501515178
token_fitness
{"perc_fit_traces": 0.0, "average_trace_fitness": 0.8768205076929377, "log_fitness": 0.895279191745866, "percentage_of_fitting_traces": 0.0}
precision
0.20010665244634052
0.7627118644067797
generalization
0.8087937948554283


###### Starting pipeline for 0.25, Distance.EDIT_DISTANCE, 1######
Found communities: 

Clustering with 448 elements and 3 clusters
[0] 1, 2, 3, 5, 6, 7, 9, 10, 11, 14, 15, 18, 19, 22, 23, 26, 27, 29, 30, 31,
    34, 35, 38, 39, 41, 42, 43, 46, 47, 49, 50, 51, 54, 55, 57, 58, 59, 62,
    63, 66, 67, 69, 70, 71, 73, 74, 75, 77, 78, 79, 81, 82, 83, 85, 86, 87,
    90, 91, 94, 95, 97, 98, 99, 102, 103, 106, 107, 109, 110, 111, 113, 114,
    115, 118, 119, 122, 123, 126, 127, 129, 130, 131, 133, 134, 135, 137, 138,
    139, 141, 142, 143, 145, 146, 147, 149, 150, 151, 154, 155, 157, 158, 159,
    162, 163, 165, 166, 167, 170, 171, 174, 175, 178, 179, 182, 183, 186, 187,
    189, 190, 191, 194, 195, 198, 199, 201, 202, 203, 206, 207, 209, 210, 211,
    214, 215, 218, 219, 221, 222, 223, 225, 226, 227, 230, 231, 233, 234, 235,
    238, 239, 241, 242, 243, 246, 247, 250, 251, 254, 255, 257, 258, 259, 262,
    263, 266, 267, 270, 271, 273, 274, 275, 277, 278, 279, 281, 282, 283, 285,
    286, 287, 289, 290, 291, 293, 294, 295, 297, 298, 299, 302, 303, 306, 307,
    309, 310, 311, 314, 315, 317, 318, 319, 321, 322, 323, 326, 327, 330, 331,
    333, 334, 335, 338, 339, 341, 342, 343, 345, 346, 347, 350, 351, 353, 354,
    355, 358, 359, 362, 363, 365, 366, 367, 370, 371, 373, 374, 375, 378, 379,
    381, 382, 383, 386, 387, 389, 390, 391, 394, 395, 397, 398, 399, 402, 403,
    406, 407, 410, 411, 413, 414, 415, 418, 419, 421, 422, 423, 425, 426, 427,
    429, 430, 431, 433, 434, 435, 438, 439, 441, 442, 443, 445, 446, 447
[1] 0, 4, 8, 13, 17, 21, 25, 28, 33, 37, 40, 45, 48, 53, 56, 61, 65, 68, 72,
    76, 80, 84, 89, 93, 96, 101, 105, 108, 112, 117, 121, 125, 128, 132, 136,
    140, 144, 148, 153, 156, 161, 164, 169, 173, 177, 181, 185, 188, 193, 197,
    200, 205, 208, 213, 217, 220, 224, 229, 232, 237, 240, 245, 249, 253, 256,
    261, 265, 269, 272, 276, 280, 284, 288, 292, 296, 301, 305, 308, 313, 316,
    320, 325, 329, 332, 337, 340, 344, 349, 352, 357, 361, 364, 369, 372, 377,
    380, 385, 388, 393, 396, 401, 405, 409, 412, 417, 420, 424, 428, 432, 437,
    440, 444
[2] 12, 16, 20, 24, 32, 36, 44, 52, 60, 64, 88, 92, 100, 104, 116, 120, 124,
    152, 160, 168, 172, 176, 180, 184, 192, 196, 204, 212, 216, 228, 236, 244,
    248, 252, 260, 264, 268, 300, 304, 312, 324, 328, 336, 348, 356, 360, 368,
    376, 384, 392, 400, 404, 408, 416, 436

Reassigned labels
Map:
{"D_0": "D", "D_1": "D", "D_2": "D"}
token_fitness
{"perc_fit_traces": 0.0, "average_trace_fitness": 0.8768205076929377, "log_fitness": 0.895279191745866, "percentage_of_fitting_traces": 0.0}
precision
0.20010665244634052
0.7627118644067797
generalization
0.8087937948554283


###### Starting pipeline for 0.5, Distance.EDIT_DISTANCE, 1######
Found communities: 

Clustering with 448 elements and 3 clusters
[0] 1, 2, 3, 5, 6, 7, 9, 10, 11, 14, 15, 18, 19, 22, 23, 26, 27, 29, 30, 31,
    34, 35, 38, 39, 41, 42, 43, 46, 47, 49, 50, 51, 54, 55, 57, 58, 59, 62,
    63, 66, 67, 69, 70, 71, 73, 74, 75, 77, 78, 79, 81, 82, 83, 85, 86, 87,
    90, 91, 94, 95, 97, 98, 99, 102, 103, 106, 107, 109, 110, 111, 113, 114,
    115, 118, 119, 122, 123, 126, 127, 129, 130, 131, 133, 134, 135, 137, 138,
    139, 141, 142, 143, 145, 146, 147, 149, 150, 151, 154, 155, 157, 158, 159,
    162, 163, 165, 166, 167, 170, 171, 174, 175, 178, 179, 182, 183, 186, 187,
    189, 190, 191, 194, 195, 198, 199, 201, 202, 203, 206, 207, 209, 210, 211,
    214, 215, 218, 219, 221, 222, 223, 225, 226, 227, 230, 231, 233, 234, 235,
    238, 239, 241, 242, 243, 246, 247, 250, 251, 254, 255, 257, 258, 259, 262,
    263, 266, 267, 270, 271, 273, 274, 275, 277, 278, 279, 281, 282, 283, 285,
    286, 287, 289, 290, 291, 293, 294, 295, 297, 298, 299, 302, 303, 306, 307,
    309, 310, 311, 314, 315, 317, 318, 319, 321, 322, 323, 326, 327, 330, 331,
    333, 334, 335, 338, 339, 341, 342, 343, 345, 346, 347, 350, 351, 353, 354,
    355, 358, 359, 362, 363, 365, 366, 367, 370, 371, 373, 374, 375, 378, 379,
    381, 382, 383, 386, 387, 389, 390, 391, 394, 395, 397, 398, 399, 402, 403,
    406, 407, 410, 411, 413, 414, 415, 418, 419, 421, 422, 423, 425, 426, 427,
    429, 430, 431, 433, 434, 435, 438, 439, 441, 442, 443, 445, 446, 447
[1] 0, 4, 8, 13, 17, 21, 25, 28, 33, 37, 40, 45, 48, 53, 56, 61, 65, 68, 72,
    76, 80, 84, 89, 93, 96, 101, 105, 108, 112, 117, 121, 125, 128, 132, 136,
    140, 144, 148, 153, 156, 161, 164, 169, 173, 177, 181, 185, 188, 193, 197,
    200, 205, 208, 213, 217, 220, 224, 229, 232, 237, 240, 245, 249, 253, 256,
    261, 265, 269, 272, 276, 280, 284, 288, 292, 296, 301, 305, 308, 313, 316,
    320, 325, 329, 332, 337, 340, 344, 349, 352, 357, 361, 364, 369, 372, 377,
    380, 385, 388, 393, 396, 401, 405, 409, 412, 417, 420, 424, 428, 432, 437,
    440, 444
[2] 12, 16, 20, 24, 32, 36, 44, 52, 60, 64, 88, 92, 100, 104, 116, 120, 124,
    152, 160, 168, 172, 176, 180, 184, 192, 196, 204, 212, 216, 228, 236, 244,
    248, 252, 260, 264, 268, 300, 304, 312, 324, 328, 336, 348, 356, 360, 368,
    376, 384, 392, 400, 404, 408, 416, 436

Reassigned labels
Map:
{"D_0": "D", "D_1": "D", "D_2": "D"}
token_fitness
{"perc_fit_traces": 0.0, "average_trace_fitness": 0.8768205076929377, "log_fitness": 0.895279191745866, "percentage_of_fitting_traces": 0.0}
precision
0.20010665244634052
0.7627118644067797
generalization
0.8087937948554283


###### Starting pipeline for 0.75, Distance.EDIT_DISTANCE, 1######
Found communities: 

Clustering with 448 elements and 3 clusters
[0] 1, 2, 3, 5, 6, 7, 9, 10, 11, 14, 15, 18, 19, 22, 23, 26, 27, 29, 30, 31,
    34, 35, 38, 39, 41, 42, 43, 46, 47, 49, 50, 51, 54, 55, 57, 58, 59, 62,
    63, 66, 67, 69, 70, 71, 73, 74, 75, 77, 78, 79, 81, 82, 83, 85, 86, 87,
    90, 91, 94, 95, 97, 98, 99, 102, 103, 106, 107, 109, 110, 111, 113, 114,
    115, 118, 119, 122, 123, 126, 127, 129, 130, 131, 133, 134, 135, 137, 138,
    139, 141, 142, 143, 145, 146, 147, 149, 150, 151, 154, 155, 157, 158, 159,
    162, 163, 165, 166, 167, 170, 171, 174, 175, 178, 179, 182, 183, 186, 187,
    189, 190, 191, 194, 195, 198, 199, 201, 202, 203, 206, 207, 209, 210, 211,
    214, 215, 218, 219, 221, 222, 223, 225, 226, 227, 230, 231, 233, 234, 235,
    238, 239, 241, 242, 243, 246, 247, 250, 251, 254, 255, 257, 258, 259, 262,
    263, 266, 267, 270, 271, 273, 274, 275, 277, 278, 279, 281, 282, 283, 285,
    286, 287, 289, 290, 291, 293, 294, 295, 297, 298, 299, 302, 303, 306, 307,
    309, 310, 311, 314, 315, 317, 318, 319, 321, 322, 323, 326, 327, 330, 331,
    333, 334, 335, 338, 339, 341, 342, 343, 345, 346, 347, 350, 351, 353, 354,
    355, 358, 359, 362, 363, 365, 366, 367, 370, 371, 373, 374, 375, 378, 379,
    381, 382, 383, 386, 387, 389, 390, 391, 394, 395, 397, 398, 399, 402, 403,
    406, 407, 410, 411, 413, 414, 415, 418, 419, 421, 422, 423, 425, 426, 427,
    429, 430, 431, 433, 434, 435, 438, 439, 441, 442, 443, 445, 446, 447
[1] 0, 4, 8, 13, 17, 21, 25, 28, 33, 37, 40, 45, 48, 53, 56, 61, 65, 68, 72,
    76, 80, 84, 89, 93, 96, 101, 105, 108, 112, 117, 121, 125, 128, 132, 136,
    140, 144, 148, 153, 156, 161, 164, 169, 173, 177, 181, 185, 188, 193, 197,
    200, 205, 208, 213, 217, 220, 224, 229, 232, 237, 240, 245, 249, 253, 256,
    261, 265, 269, 272, 276, 280, 284, 288, 292, 296, 301, 305, 308, 313, 316,
    320, 325, 329, 332, 337, 340, 344, 349, 352, 357, 361, 364, 369, 372, 377,
    380, 385, 388, 393, 396, 401, 405, 409, 412, 417, 420, 424, 428, 432, 437,
    440, 444
[2] 12, 16, 20, 24, 32, 36, 44, 52, 60, 64, 88, 92, 100, 104, 116, 120, 124,
    152, 160, 168, 172, 176, 180, 184, 192, 196, 204, 212, 216, 228, 236, 244,
    248, 252, 260, 264, 268, 300, 304, 312, 324, 328, 336, 348, 356, 360, 368,
    376, 384, 392, 400, 404, 408, 416, 436

Reassigned labels
Map:
{"D_0": "D", "D_1": "D", "D_2": "D"}
token_fitness
{"perc_fit_traces": 0.0, "average_trace_fitness": 0.8768205076929377, "log_fitness": 0.895279191745866, "percentage_of_fitting_traces": 0.0}
precision
0.20010665244634052
0.7627118644067797
generalization
0.8087937948554283


###### Starting pipeline for 1, Distance.EDIT_DISTANCE, 1######
Found communities: 

Clustering with 448 elements and 3 clusters
[0] 1, 2, 3, 5, 6, 7, 9, 10, 11, 14, 15, 18, 19, 22, 23, 26, 27, 29, 30, 31,
    34, 35, 38, 39, 41, 42, 43, 46, 47, 49, 50, 51, 54, 55, 57, 58, 59, 62,
    63, 66, 67, 69, 70, 71, 73, 74, 75, 77, 78, 79, 81, 82, 83, 85, 86, 87,
    90, 91, 94, 95, 97, 98, 99, 102, 103, 106, 107, 109, 110, 111, 113, 114,
    115, 118, 119, 122, 123, 126, 127, 129, 130, 131, 133, 134, 135, 137, 138,
    139, 141, 142, 143, 145, 146, 147, 149, 150, 151, 154, 155, 157, 158, 159,
    162, 163, 165, 166, 167, 170, 171, 174, 175, 178, 179, 182, 183, 186, 187,
    189, 190, 191, 194, 195, 198, 199, 201, 202, 203, 206, 207, 209, 210, 211,
    214, 215, 218, 219, 221, 222, 223, 225, 226, 227, 230, 231, 233, 234, 235,
    238, 239, 241, 242, 243, 246, 247, 250, 251, 254, 255, 257, 258, 259, 262,
    263, 266, 267, 270, 271, 273, 274, 275, 277, 278, 279, 281, 282, 283, 285,
    286, 287, 289, 290, 291, 293, 294, 295, 297, 298, 299, 302, 303, 306, 307,
    309, 310, 311, 314, 315, 317, 318, 319, 321, 322, 323, 326, 327, 330, 331,
    333, 334, 335, 338, 339, 341, 342, 343, 345, 346, 347, 350, 351, 353, 354,
    355, 358, 359, 362, 363, 365, 366, 367, 370, 371, 373, 374, 375, 378, 379,
    381, 382, 383, 386, 387, 389, 390, 391, 394, 395, 397, 398, 399, 402, 403,
    406, 407, 410, 411, 413, 414, 415, 418, 419, 421, 422, 423, 425, 426, 427,
    429, 430, 431, 433, 434, 435, 438, 439, 441, 442, 443, 445, 446, 447
[1] 0, 4, 8, 13, 17, 21, 25, 28, 33, 37, 40, 45, 48, 53, 56, 61, 65, 68, 72,
    76, 80, 84, 89, 93, 96, 101, 105, 108, 112, 117, 121, 125, 128, 132, 136,
    140, 144, 148, 153, 156, 161, 164, 169, 173, 177, 181, 185, 188, 193, 197,
    200, 205, 208, 213, 217, 220, 224, 229, 232, 237, 240, 245, 249, 253, 256,
    261, 265, 269, 272, 276, 280, 284, 288, 292, 296, 301, 305, 308, 313, 316,
    320, 325, 329, 332, 337, 340, 344, 349, 352, 357, 361, 364, 369, 372, 377,
    380, 385, 388, 393, 396, 401, 405, 409, 412, 417, 420, 424, 428, 432, 437,
    440, 444
[2] 12, 16, 20, 24, 32, 36, 44, 52, 60, 64, 88, 92, 100, 104, 116, 120, 124,
    152, 160, 168, 172, 176, 180, 184, 192, 196, 204, 212, 216, 228, 236, 244,
    248, 252, 260, 264, 268, 300, 304, 312, 324, 328, 336, 348, 356, 360, 368,
    376, 384, 392, 400, 404, 408, 416, 436

Reassigned labels
Map:
{"D_0": "D", "D_1": "D", "D_2": "D"}
token_fitness
{"perc_fit_traces": 0.0, "average_trace_fitness": 0.8768205076929377, "log_fitness": 0.895279191745866, "percentage_of_fitting_traces": 0.0}
precision
0.20010665244634052
0.7627118644067797
generalization
0.8087937948554283


###### Starting pipeline for 0, Distance.SET_DISTANCE, 1######
Found communities: 

Clustering with 448 elements and 3 clusters
[0] 1, 2, 3, 5, 6, 7, 9, 10, 11, 14, 15, 18, 19, 22, 23, 26, 27, 29, 30, 31,
    34, 35, 38, 39, 41, 42, 43, 46, 47, 49, 50, 51, 54, 55, 57, 58, 59, 62,
    63, 66, 67, 69, 70, 71, 73, 74, 75, 77, 78, 79, 81, 82, 83, 85, 86, 87,
    90, 91, 94, 95, 97, 98, 99, 102, 103, 106, 107, 109, 110, 111, 113, 114,
    115, 118, 119, 122, 123, 126, 127, 129, 130, 131, 133, 134, 135, 137, 138,
    139, 141, 142, 143, 145, 146, 147, 149, 150, 151, 154, 155, 157, 158, 159,
    162, 163, 165, 166, 167, 170, 171, 174, 175, 178, 179, 182, 183, 186, 187,
    189, 190, 191, 194, 195, 198, 199, 201, 202, 203, 206, 207, 209, 210, 211,
    214, 215, 218, 219, 221, 222, 223, 225, 226, 227, 230, 231, 233, 234, 235,
    238, 239, 241, 242, 243, 246, 247, 250, 251, 254, 255, 257, 258, 259, 262,
    263, 266, 267, 270, 271, 273, 274, 275, 277, 278, 279, 281, 282, 283, 285,
    286, 287, 289, 290, 291, 293, 294, 295, 297, 298, 299, 302, 303, 306, 307,
    309, 310, 311, 314, 315, 317, 318, 319, 321, 322, 323, 326, 327, 330, 331,
    333, 334, 335, 338, 339, 341, 342, 343, 345, 346, 347, 350, 351, 353, 354,
    355, 358, 359, 362, 363, 365, 366, 367, 370, 371, 373, 374, 375, 378, 379,
    381, 382, 383, 386, 387, 389, 390, 391, 394, 395, 397, 398, 399, 402, 403,
    406, 407, 410, 411, 413, 414, 415, 418, 419, 421, 422, 423, 425, 426, 427,
    429, 430, 431, 433, 434, 435, 438, 439, 441, 442, 443, 445, 446, 447
[1] 0, 4, 8, 13, 17, 21, 25, 28, 33, 37, 40, 45, 48, 53, 56, 61, 65, 68, 72,
    76, 80, 84, 89, 93, 96, 101, 105, 108, 112, 117, 121, 125, 128, 132, 136,
    140, 144, 148, 153, 156, 161, 164, 169, 173, 177, 181, 185, 188, 193, 197,
    200, 205, 208, 213, 217, 220, 224, 229, 232, 237, 240, 245, 249, 253, 256,
    261, 265, 269, 272, 276, 280, 284, 288, 292, 296, 301, 305, 308, 313, 316,
    320, 325, 329, 332, 337, 340, 344, 349, 352, 357, 361, 364, 369, 372, 377,
    380, 385, 388, 393, 396, 401, 405, 409, 412, 417, 420, 424, 428, 432, 437,
    440, 444
[2] 12, 16, 20, 24, 32, 36, 44, 52, 60, 64, 88, 92, 100, 104, 116, 120, 124,
    152, 160, 168, 172, 176, 180, 184, 192, 196, 204, 212, 216, 228, 236, 244,
    248, 252, 260, 264, 268, 300, 304, 312, 324, 328, 336, 348, 356, 360, 368,
    376, 384, 392, 400, 404, 408, 416, 436

Reassigned labels
Map:
{"D_0": "D", "D_1": "D", "D_2": "D"}
token_fitness
{"perc_fit_traces": 0.0, "average_trace_fitness": 0.8768205076929377, "log_fitness": 0.895279191745866, "percentage_of_fitting_traces": 0.0}
precision
0.20010665244634052
0.7627118644067797
generalization
0.8087937948554283


###### Starting pipeline for 0.25, Distance.SET_DISTANCE, 1######
Found communities: 

Clustering with 448 elements and 3 clusters
[0] 1, 2, 3, 5, 6, 7, 9, 10, 11, 14, 15, 18, 19, 22, 23, 26, 27, 29, 30, 31,
    34, 35, 38, 39, 41, 42, 43, 46, 47, 49, 50, 51, 54, 55, 57, 58, 59, 62,
    63, 66, 67, 69, 70, 71, 73, 74, 75, 77, 78, 79, 81, 82, 83, 85, 86, 87,
    90, 91, 94, 95, 97, 98, 99, 102, 103, 106, 107, 109, 110, 111, 113, 114,
    115, 118, 119, 122, 123, 126, 127, 129, 130, 131, 133, 134, 135, 137, 138,
    139, 141, 142, 143, 145, 146, 147, 149, 150, 151, 154, 155, 157, 158, 159,
    162, 163, 165, 166, 167, 170, 171, 174, 175, 178, 179, 182, 183, 186, 187,
    189, 190, 191, 194, 195, 198, 199, 201, 202, 203, 206, 207, 209, 210, 211,
    214, 215, 218, 219, 221, 222, 223, 225, 226, 227, 230, 231, 233, 234, 235,
    238, 239, 241, 242, 243, 246, 247, 250, 251, 254, 255, 257, 258, 259, 262,
    263, 266, 267, 270, 271, 273, 274, 275, 277, 278, 279, 281, 282, 283, 285,
    286, 287, 289, 290, 291, 293, 294, 295, 297, 298, 299, 302, 303, 306, 307,
    309, 310, 311, 314, 315, 317, 318, 319, 321, 322, 323, 326, 327, 330, 331,
    333, 334, 335, 338, 339, 341, 342, 343, 345, 346, 347, 350, 351, 353, 354,
    355, 358, 359, 362, 363, 365, 366, 367, 370, 371, 373, 374, 375, 378, 379,
    381, 382, 383, 386, 387, 389, 390, 391, 394, 395, 397, 398, 399, 402, 403,
    406, 407, 410, 411, 413, 414, 415, 418, 419, 421, 422, 423, 425, 426, 427,
    429, 430, 431, 433, 434, 435, 438, 439, 441, 442, 443, 445, 446, 447
[1] 0, 4, 8, 13, 17, 21, 25, 28, 33, 37, 40, 45, 48, 53, 56, 61, 65, 68, 72,
    76, 80, 84, 89, 93, 96, 101, 105, 108, 112, 117, 121, 125, 128, 132, 136,
    140, 144, 148, 153, 156, 161, 164, 169, 173, 177, 181, 185, 188, 193, 197,
    200, 205, 208, 213, 217, 220, 224, 229, 232, 237, 240, 245, 249, 253, 256,
    261, 265, 269, 272, 276, 280, 284, 288, 292, 296, 301, 305, 308, 313, 316,
    320, 325, 329, 332, 337, 340, 344, 349, 352, 357, 361, 364, 369, 372, 377,
    380, 385, 388, 393, 396, 401, 405, 409, 412, 417, 420, 424, 428, 432, 437,
    440, 444
[2] 12, 16, 20, 24, 32, 36, 44, 52, 60, 64, 88, 92, 100, 104, 116, 120, 124,
    152, 160, 168, 172, 176, 180, 184, 192, 196, 204, 212, 216, 228, 236, 244,
    248, 252, 260, 264, 268, 300, 304, 312, 324, 328, 336, 348, 356, 360, 368,
    376, 384, 392, 400, 404, 408, 416, 436

Reassigned labels
Map:
{"D_0": "D", "D_1": "D", "D_2": "D"}
token_fitness
{"perc_fit_traces": 0.0, "average_trace_fitness": 0.8768205076929377, "log_fitness": 0.895279191745866, "percentage_of_fitting_traces": 0.0}
precision
0.20010665244634052
0.7627118644067797
generalization
0.8087937948554283


###### Starting pipeline for 0.5, Distance.SET_DISTANCE, 1######
Found communities: 

Clustering with 448 elements and 3 clusters
[0] 1, 2, 3, 5, 6, 7, 9, 10, 11, 14, 15, 18, 19, 22, 23, 26, 27, 29, 30, 31,
    34, 35, 38, 39, 41, 42, 43, 46, 47, 49, 50, 51, 54, 55, 57, 58, 59, 62,
    63, 66, 67, 69, 70, 71, 73, 74, 75, 77, 78, 79, 81, 82, 83, 85, 86, 87,
    90, 91, 94, 95, 97, 98, 99, 102, 103, 106, 107, 109, 110, 111, 113, 114,
    115, 118, 119, 122, 123, 126, 127, 129, 130, 131, 133, 134, 135, 137, 138,
    139, 141, 142, 143, 145, 146, 147, 149, 150, 151, 154, 155, 157, 158, 159,
    162, 163, 165, 166, 167, 170, 171, 174, 175, 178, 179, 182, 183, 186, 187,
    189, 190, 191, 194, 195, 198, 199, 201, 202, 203, 206, 207, 209, 210, 211,
    214, 215, 218, 219, 221, 222, 223, 225, 226, 227, 230, 231, 233, 234, 235,
    238, 239, 241, 242, 243, 246, 247, 250, 251, 254, 255, 257, 258, 259, 262,
    263, 266, 267, 270, 271, 273, 274, 275, 277, 278, 279, 281, 282, 283, 285,
    286, 287, 289, 290, 291, 293, 294, 295, 297, 298, 299, 302, 303, 306, 307,
    309, 310, 311, 314, 315, 317, 318, 319, 321, 322, 323, 326, 327, 330, 331,
    333, 334, 335, 338, 339, 341, 342, 343, 345, 346, 347, 350, 351, 353, 354,
    355, 358, 359, 362, 363, 365, 366, 367, 370, 371, 373, 374, 375, 378, 379,
    381, 382, 383, 386, 387, 389, 390, 391, 394, 395, 397, 398, 399, 402, 403,
    406, 407, 410, 411, 413, 414, 415, 418, 419, 421, 422, 423, 425, 426, 427,
    429, 430, 431, 433, 434, 435, 438, 439, 441, 442, 443, 445, 446, 447
[1] 0, 4, 8, 13, 17, 21, 25, 28, 33, 37, 40, 45, 48, 53, 56, 61, 65, 68, 72,
    76, 80, 84, 89, 93, 96, 101, 105, 108, 112, 117, 121, 125, 128, 132, 136,
    140, 144, 148, 153, 156, 161, 164, 169, 173, 177, 181, 185, 188, 193, 197,
    200, 205, 208, 213, 217, 220, 224, 229, 232, 237, 240, 245, 249, 253, 256,
    261, 265, 269, 272, 276, 280, 284, 288, 292, 296, 301, 305, 308, 313, 316,
    320, 325, 329, 332, 337, 340, 344, 349, 352, 357, 361, 364, 369, 372, 377,
    380, 385, 388, 393, 396, 401, 405, 409, 412, 417, 420, 424, 428, 432, 437,
    440, 444
[2] 12, 16, 20, 24, 32, 36, 44, 52, 60, 64, 88, 92, 100, 104, 116, 120, 124,
    152, 160, 168, 172, 176, 180, 184, 192, 196, 204, 212, 216, 228, 236, 244,
    248, 252, 260, 264, 268, 300, 304, 312, 324, 328, 336, 348, 356, 360, 368,
    376, 384, 392, 400, 404, 408, 416, 436

Reassigned labels
Map:
{"D_0": "D", "D_1": "D", "D_2": "D"}
token_fitness
{"perc_fit_traces": 0.0, "average_trace_fitness": 0.8768205076929377, "log_fitness": 0.895279191745866, "percentage_of_fitting_traces": 0.0}
precision
0.20010665244634052
0.7627118644067797
generalization
0.8087937948554283


###### Starting pipeline for 0.75, Distance.SET_DISTANCE, 1######
Found communities: 

Clustering with 448 elements and 3 clusters
[0] 1, 2, 3, 5, 6, 7, 9, 10, 11, 14, 15, 18, 19, 22, 23, 26, 27, 29, 30, 31,
    34, 35, 38, 39, 41, 42, 43, 46, 47, 49, 50, 51, 54, 55, 57, 58, 59, 62,
    63, 66, 67, 69, 70, 71, 73, 74, 75, 77, 78, 79, 81, 82, 83, 85, 86, 87,
    90, 91, 94, 95, 97, 98, 99, 102, 103, 106, 107, 109, 110, 111, 113, 114,
    115, 118, 119, 122, 123, 126, 127, 129, 130, 131, 133, 134, 135, 137, 138,
    139, 141, 142, 143, 145, 146, 147, 149, 150, 151, 154, 155, 157, 158, 159,
    162, 163, 165, 166, 167, 170, 171, 174, 175, 178, 179, 182, 183, 186, 187,
    189, 190, 191, 194, 195, 198, 199, 201, 202, 203, 206, 207, 209, 210, 211,
    214, 215, 218, 219, 221, 222, 223, 225, 226, 227, 230, 231, 233, 234, 235,
    238, 239, 241, 242, 243, 246, 247, 250, 251, 254, 255, 257, 258, 259, 262,
    263, 266, 267, 270, 271, 273, 274, 275, 277, 278, 279, 281, 282, 283, 285,
    286, 287, 289, 290, 291, 293, 294, 295, 297, 298, 299, 302, 303, 306, 307,
    309, 310, 311, 314, 315, 317, 318, 319, 321, 322, 323, 326, 327, 330, 331,
    333, 334, 335, 338, 339, 341, 342, 343, 345, 346, 347, 350, 351, 353, 354,
    355, 358, 359, 362, 363, 365, 366, 367, 370, 371, 373, 374, 375, 378, 379,
    381, 382, 383, 386, 387, 389, 390, 391, 394, 395, 397, 398, 399, 402, 403,
    406, 407, 410, 411, 413, 414, 415, 418, 419, 421, 422, 423, 425, 426, 427,
    429, 430, 431, 433, 434, 435, 438, 439, 441, 442, 443, 445, 446, 447
[1] 0, 4, 8, 13, 17, 21, 25, 28, 33, 37, 40, 45, 48, 53, 56, 61, 65, 68, 72,
    76, 80, 84, 89, 93, 96, 101, 105, 108, 112, 117, 121, 125, 128, 132, 136,
    140, 144, 148, 153, 156, 161, 164, 169, 173, 177, 181, 185, 188, 193, 197,
    200, 205, 208, 213, 217, 220, 224, 229, 232, 237, 240, 245, 249, 253, 256,
    261, 265, 269, 272, 276, 280, 284, 288, 292, 296, 301, 305, 308, 313, 316,
    320, 325, 329, 332, 337, 340, 344, 349, 352, 357, 361, 364, 369, 372, 377,
    380, 385, 388, 393, 396, 401, 405, 409, 412, 417, 420, 424, 428, 432, 437,
    440, 444
[2] 12, 16, 20, 24, 32, 36, 44, 52, 60, 64, 88, 92, 100, 104, 116, 120, 124,
    152, 160, 168, 172, 176, 180, 184, 192, 196, 204, 212, 216, 228, 236, 244,
    248, 252, 260, 264, 268, 300, 304, 312, 324, 328, 336, 348, 356, 360, 368,
    376, 384, 392, 400, 404, 408, 416, 436

Reassigned labels
Map:
{"D_0": "D", "D_1": "D", "D_2": "D"}
token_fitness
{"perc_fit_traces": 0.0, "average_trace_fitness": 0.8768205076929377, "log_fitness": 0.895279191745866, "percentage_of_fitting_traces": 0.0}
precision
0.20010665244634052
0.7627118644067797
generalization
0.8087937948554283


###### Starting pipeline for 1, Distance.SET_DISTANCE, 1######
Found communities: 

Clustering with 448 elements and 3 clusters
[0] 1, 2, 3, 5, 6, 7, 9, 10, 11, 14, 15, 18, 19, 22, 23, 26, 27, 29, 30, 31,
    34, 35, 38, 39, 41, 42, 43, 46, 47, 49, 50, 51, 54, 55, 57, 58, 59, 62,
    63, 66, 67, 69, 70, 71, 73, 74, 75, 77, 78, 79, 81, 82, 83, 85, 86, 87,
    90, 91, 94, 95, 97, 98, 99, 102, 103, 106, 107, 109, 110, 111, 113, 114,
    115, 118, 119, 122, 123, 126, 127, 129, 130, 131, 133, 134, 135, 137, 138,
    139, 141, 142, 143, 145, 146, 147, 149, 150, 151, 154, 155, 157, 158, 159,
    162, 163, 165, 166, 167, 170, 171, 174, 175, 178, 179, 182, 183, 186, 187,
    189, 190, 191, 194, 195, 198, 199, 201, 202, 203, 206, 207, 209, 210, 211,
    214, 215, 218, 219, 221, 222, 223, 225, 226, 227, 230, 231, 233, 234, 235,
    238, 239, 241, 242, 243, 246, 247, 250, 251, 254, 255, 257, 258, 259, 262,
    263, 266, 267, 270, 271, 273, 274, 275, 277, 278, 279, 281, 282, 283, 285,
    286, 287, 289, 290, 291, 293, 294, 295, 297, 298, 299, 302, 303, 306, 307,
    309, 310, 311, 314, 315, 317, 318, 319, 321, 322, 323, 326, 327, 330, 331,
    333, 334, 335, 338, 339, 341, 342, 343, 345, 346, 347, 350, 351, 353, 354,
    355, 358, 359, 362, 363, 365, 366, 367, 370, 371, 373, 374, 375, 378, 379,
    381, 382, 383, 386, 387, 389, 390, 391, 394, 395, 397, 398, 399, 402, 403,
    406, 407, 410, 411, 413, 414, 415, 418, 419, 421, 422, 423, 425, 426, 427,
    429, 430, 431, 433, 434, 435, 438, 439, 441, 442, 443, 445, 446, 447
[1] 0, 4, 8, 13, 17, 21, 25, 28, 33, 37, 40, 45, 48, 53, 56, 61, 65, 68, 72,
    76, 80, 84, 89, 93, 96, 101, 105, 108, 112, 117, 121, 125, 128, 132, 136,
    140, 144, 148, 153, 156, 161, 164, 169, 173, 177, 181, 185, 188, 193, 197,
    200, 205, 208, 213, 217, 220, 224, 229, 232, 237, 240, 245, 249, 253, 256,
    261, 265, 269, 272, 276, 280, 284, 288, 292, 296, 301, 305, 308, 313, 316,
    320, 325, 329, 332, 337, 340, 344, 349, 352, 357, 361, 364, 369, 372, 377,
    380, 385, 388, 393, 396, 401, 405, 409, 412, 417, 420, 424, 428, 432, 437,
    440, 444
[2] 12, 16, 20, 24, 32, 36, 44, 52, 60, 64, 88, 92, 100, 104, 116, 120, 124,
    152, 160, 168, 172, 176, 180, 184, 192, 196, 204, 212, 216, 228, 236, 244,
    248, 252, 260, 264, 268, 300, 304, 312, 324, 328, 336, 348, 356, 360, 368,
    376, 384, 392, 400, 404, 408, 416, 436

Reassigned labels
Map:
{"D_0": "D", "D_1": "D", "D_2": "D"}
token_fitness
{"perc_fit_traces": 0.0, "average_trace_fitness": 0.8768205076929377, "log_fitness": 0.895279191745866, "percentage_of_fitting_traces": 0.0}
precision
0.20010665244634052
0.7627118644067797
generalization
0.8087937948554283


###### Starting pipeline for 0, Distance.MULTISET_DISTANCE, 1######
Found communities: 

Clustering with 448 elements and 3 clusters
[0] 1, 2, 3, 5, 6, 7, 9, 10, 11, 14, 15, 18, 19, 22, 23, 26, 27, 29, 30, 31,
    34, 35, 38, 39, 41, 42, 43, 46, 47, 49, 50, 51, 54, 55, 57, 58, 59, 62,
    63, 66, 67, 69, 70, 71, 73, 74, 75, 77, 78, 79, 81, 82, 83, 85, 86, 87,
    90, 91, 94, 95, 97, 98, 99, 102, 103, 106, 107, 109, 110, 111, 113, 114,
    115, 118, 119, 122, 123, 126, 127, 129, 130, 131, 133, 134, 135, 137, 138,
    139, 141, 142, 143, 145, 146, 147, 149, 150, 151, 154, 155, 157, 158, 159,
    162, 163, 165, 166, 167, 170, 171, 174, 175, 178, 179, 182, 183, 186, 187,
    189, 190, 191, 194, 195, 198, 199, 201, 202, 203, 206, 207, 209, 210, 211,
    214, 215, 218, 219, 221, 222, 223, 225, 226, 227, 230, 231, 233, 234, 235,
    238, 239, 241, 242, 243, 246, 247, 250, 251, 254, 255, 257, 258, 259, 262,
    263, 266, 267, 270, 271, 273, 274, 275, 277, 278, 279, 281, 282, 283, 285,
    286, 287, 289, 290, 291, 293, 294, 295, 297, 298, 299, 302, 303, 306, 307,
    309, 310, 311, 314, 315, 317, 318, 319, 321, 322, 323, 326, 327, 330, 331,
    333, 334, 335, 338, 339, 341, 342, 343, 345, 346, 347, 350, 351, 353, 354,
    355, 358, 359, 362, 363, 365, 366, 367, 370, 371, 373, 374, 375, 378, 379,
    381, 382, 383, 386, 387, 389, 390, 391, 394, 395, 397, 398, 399, 402, 403,
    406, 407, 410, 411, 413, 414, 415, 418, 419, 421, 422, 423, 425, 426, 427,
    429, 430, 431, 433, 434, 435, 438, 439, 441, 442, 443, 445, 446, 447
[1] 0, 4, 8, 13, 17, 21, 25, 28, 33, 37, 40, 45, 48, 53, 56, 61, 65, 68, 72,
    76, 80, 84, 89, 93, 96, 101, 105, 108, 112, 117, 121, 125, 128, 132, 136,
    140, 144, 148, 153, 156, 161, 164, 169, 173, 177, 181, 185, 188, 193, 197,
    200, 205, 208, 213, 217, 220, 224, 229, 232, 237, 240, 245, 249, 253, 256,
    261, 265, 269, 272, 276, 280, 284, 288, 292, 296, 301, 305, 308, 313, 316,
    320, 325, 329, 332, 337, 340, 344, 349, 352, 357, 361, 364, 369, 372, 377,
    380, 385, 388, 393, 396, 401, 405, 409, 412, 417, 420, 424, 428, 432, 437,
    440, 444
[2] 12, 16, 20, 24, 32, 36, 44, 52, 60, 64, 88, 92, 100, 104, 116, 120, 124,
    152, 160, 168, 172, 176, 180, 184, 192, 196, 204, 212, 216, 228, 236, 244,
    248, 252, 260, 264, 268, 300, 304, 312, 324, 328, 336, 348, 356, 360, 368,
    376, 384, 392, 400, 404, 408, 416, 436

Reassigned labels
Map:
{"D_0": "D", "D_1": "D", "D_2": "D"}
token_fitness
{"perc_fit_traces": 0.0, "average_trace_fitness": 0.8768205076929377, "log_fitness": 0.895279191745866, "percentage_of_fitting_traces": 0.0}
precision
0.20010665244634052
0.7627118644067797
generalization
0.8087937948554283


###### Starting pipeline for 0.25, Distance.MULTISET_DISTANCE, 1######
Found communities: 

Clustering with 448 elements and 3 clusters
[0] 1, 2, 3, 5, 6, 7, 9, 10, 11, 14, 15, 18, 19, 22, 23, 26, 27, 29, 30, 31,
    34, 35, 38, 39, 41, 42, 43, 46, 47, 49, 50, 51, 54, 55, 57, 58, 59, 62,
    63, 66, 67, 69, 70, 71, 73, 74, 75, 77, 78, 79, 81, 82, 83, 85, 86, 87,
    90, 91, 94, 95, 97, 98, 99, 102, 103, 106, 107, 109, 110, 111, 113, 114,
    115, 118, 119, 122, 123, 126, 127, 129, 130, 131, 133, 134, 135, 137, 138,
    139, 141, 142, 143, 145, 146, 147, 149, 150, 151, 154, 155, 157, 158, 159,
    162, 163, 165, 166, 167, 170, 171, 174, 175, 178, 179, 182, 183, 186, 187,
    189, 190, 191, 194, 195, 198, 199, 201, 202, 203, 206, 207, 209, 210, 211,
    214, 215, 218, 219, 221, 222, 223, 225, 226, 227, 230, 231, 233, 234, 235,
    238, 239, 241, 242, 243, 246, 247, 250, 251, 254, 255, 257, 258, 259, 262,
    263, 266, 267, 270, 271, 273, 274, 275, 277, 278, 279, 281, 282, 283, 285,
    286, 287, 289, 290, 291, 293, 294, 295, 297, 298, 299, 302, 303, 306, 307,
    309, 310, 311, 314, 315, 317, 318, 319, 321, 322, 323, 326, 327, 330, 331,
    333, 334, 335, 338, 339, 341, 342, 343, 345, 346, 347, 350, 351, 353, 354,
    355, 358, 359, 362, 363, 365, 366, 367, 370, 371, 373, 374, 375, 378, 379,
    381, 382, 383, 386, 387, 389, 390, 391, 394, 395, 397, 398, 399, 402, 403,
    406, 407, 410, 411, 413, 414, 415, 418, 419, 421, 422, 423, 425, 426, 427,
    429, 430, 431, 433, 434, 435, 438, 439, 441, 442, 443, 445, 446, 447
[1] 0, 4, 8, 13, 17, 21, 25, 28, 33, 37, 40, 45, 48, 53, 56, 61, 65, 68, 72,
    76, 80, 84, 89, 93, 96, 101, 105, 108, 112, 117, 121, 125, 128, 132, 136,
    140, 144, 148, 153, 156, 161, 164, 169, 173, 177, 181, 185, 188, 193, 197,
    200, 205, 208, 213, 217, 220, 224, 229, 232, 237, 240, 245, 249, 253, 256,
    261, 265, 269, 272, 276, 280, 284, 288, 292, 296, 301, 305, 308, 313, 316,
    320, 325, 329, 332, 337, 340, 344, 349, 352, 357, 361, 364, 369, 372, 377,
    380, 385, 388, 393, 396, 401, 405, 409, 412, 417, 420, 424, 428, 432, 437,
    440, 444
[2] 12, 16, 20, 24, 32, 36, 44, 52, 60, 64, 88, 92, 100, 104, 116, 120, 124,
    152, 160, 168, 172, 176, 180, 184, 192, 196, 204, 212, 216, 228, 236, 244,
    248, 252, 260, 264, 268, 300, 304, 312, 324, 328, 336, 348, 356, 360, 368,
    376, 384, 392, 400, 404, 408, 416, 436

Reassigned labels
Map:
{"D_0": "D", "D_1": "D", "D_2": "D"}
token_fitness
{"perc_fit_traces": 0.0, "average_trace_fitness": 0.8768205076929377, "log_fitness": 0.895279191745866, "percentage_of_fitting_traces": 0.0}
precision
0.20010665244634052
0.7627118644067797
generalization
0.8087937948554283


###### Starting pipeline for 0.5, Distance.MULTISET_DISTANCE, 1######
Found communities: 

Clustering with 448 elements and 3 clusters
[0] 1, 2, 3, 5, 6, 7, 9, 10, 11, 14, 15, 18, 19, 22, 23, 26, 27, 29, 30, 31,
    34, 35, 38, 39, 41, 42, 43, 46, 47, 49, 50, 51, 54, 55, 57, 58, 59, 62,
    63, 66, 67, 69, 70, 71, 73, 74, 75, 77, 78, 79, 81, 82, 83, 85, 86, 87,
    90, 91, 94, 95, 97, 98, 99, 102, 103, 106, 107, 109, 110, 111, 113, 114,
    115, 118, 119, 122, 123, 126, 127, 129, 130, 131, 133, 134, 135, 137, 138,
    139, 141, 142, 143, 145, 146, 147, 149, 150, 151, 154, 155, 157, 158, 159,
    162, 163, 165, 166, 167, 170, 171, 174, 175, 178, 179, 182, 183, 186, 187,
    189, 190, 191, 194, 195, 198, 199, 201, 202, 203, 206, 207, 209, 210, 211,
    214, 215, 218, 219, 221, 222, 223, 225, 226, 227, 230, 231, 233, 234, 235,
    238, 239, 241, 242, 243, 246, 247, 250, 251, 254, 255, 257, 258, 259, 262,
    263, 266, 267, 270, 271, 273, 274, 275, 277, 278, 279, 281, 282, 283, 285,
    286, 287, 289, 290, 291, 293, 294, 295, 297, 298, 299, 302, 303, 306, 307,
    309, 310, 311, 314, 315, 317, 318, 319, 321, 322, 323, 326, 327, 330, 331,
    333, 334, 335, 338, 339, 341, 342, 343, 345, 346, 347, 350, 351, 353, 354,
    355, 358, 359, 362, 363, 365, 366, 367, 370, 371, 373, 374, 375, 378, 379,
    381, 382, 383, 386, 387, 389, 390, 391, 394, 395, 397, 398, 399, 402, 403,
    406, 407, 410, 411, 413, 414, 415, 418, 419, 421, 422, 423, 425, 426, 427,
    429, 430, 431, 433, 434, 435, 438, 439, 441, 442, 443, 445, 446, 447
[1] 0, 4, 8, 13, 17, 21, 25, 28, 33, 37, 40, 45, 48, 53, 56, 61, 65, 68, 72,
    76, 80, 84, 89, 93, 96, 101, 105, 108, 112, 117, 121, 125, 128, 132, 136,
    140, 144, 148, 153, 156, 161, 164, 169, 173, 177, 181, 185, 188, 193, 197,
    200, 205, 208, 213, 217, 220, 224, 229, 232, 237, 240, 245, 249, 253, 256,
    261, 265, 269, 272, 276, 280, 284, 288, 292, 296, 301, 305, 308, 313, 316,
    320, 325, 329, 332, 337, 340, 344, 349, 352, 357, 361, 364, 369, 372, 377,
    380, 385, 388, 393, 396, 401, 405, 409, 412, 417, 420, 424, 428, 432, 437,
    440, 444
[2] 12, 16, 20, 24, 32, 36, 44, 52, 60, 64, 88, 92, 100, 104, 116, 120, 124,
    152, 160, 168, 172, 176, 180, 184, 192, 196, 204, 212, 216, 228, 236, 244,
    248, 252, 260, 264, 268, 300, 304, 312, 324, 328, 336, 348, 356, 360, 368,
    376, 384, 392, 400, 404, 408, 416, 436

Reassigned labels
Map:
{"D_0": "D", "D_1": "D", "D_2": "D"}
token_fitness
{"perc_fit_traces": 0.0, "average_trace_fitness": 0.8768205076929377, "log_fitness": 0.895279191745866, "percentage_of_fitting_traces": 0.0}
precision
0.20010665244634052
0.7627118644067797
generalization
0.8087937948554283


###### Starting pipeline for 0.75, Distance.MULTISET_DISTANCE, 1######
Found communities: 

Clustering with 448 elements and 3 clusters
[0] 1, 2, 3, 5, 6, 7, 9, 10, 11, 14, 15, 18, 19, 22, 23, 26, 27, 29, 30, 31,
    34, 35, 38, 39, 41, 42, 43, 46, 47, 49, 50, 51, 54, 55, 57, 58, 59, 62,
    63, 66, 67, 69, 70, 71, 73, 74, 75, 77, 78, 79, 81, 82, 83, 85, 86, 87,
    90, 91, 94, 95, 97, 98, 99, 102, 103, 106, 107, 109, 110, 111, 113, 114,
    115, 118, 119, 122, 123, 126, 127, 129, 130, 131, 133, 134, 135, 137, 138,
    139, 141, 142, 143, 145, 146, 147, 149, 150, 151, 154, 155, 157, 158, 159,
    162, 163, 165, 166, 167, 170, 171, 174, 175, 178, 179, 182, 183, 186, 187,
    189, 190, 191, 194, 195, 198, 199, 201, 202, 203, 206, 207, 209, 210, 211,
    214, 215, 218, 219, 221, 222, 223, 225, 226, 227, 230, 231, 233, 234, 235,
    238, 239, 241, 242, 243, 246, 247, 250, 251, 254, 255, 257, 258, 259, 262,
    263, 266, 267, 270, 271, 273, 274, 275, 277, 278, 279, 281, 282, 283, 285,
    286, 287, 289, 290, 291, 293, 294, 295, 297, 298, 299, 302, 303, 306, 307,
    309, 310, 311, 314, 315, 317, 318, 319, 321, 322, 323, 326, 327, 330, 331,
    333, 334, 335, 338, 339, 341, 342, 343, 345, 346, 347, 350, 351, 353, 354,
    355, 358, 359, 362, 363, 365, 366, 367, 370, 371, 373, 374, 375, 378, 379,
    381, 382, 383, 386, 387, 389, 390, 391, 394, 395, 397, 398, 399, 402, 403,
    406, 407, 410, 411, 413, 414, 415, 418, 419, 421, 422, 423, 425, 426, 427,
    429, 430, 431, 433, 434, 435, 438, 439, 441, 442, 443, 445, 446, 447
[1] 0, 4, 8, 13, 17, 21, 25, 28, 33, 37, 40, 45, 48, 53, 56, 61, 65, 68, 72,
    76, 80, 84, 89, 93, 96, 101, 105, 108, 112, 117, 121, 125, 128, 132, 136,
    140, 144, 148, 153, 156, 161, 164, 169, 173, 177, 181, 185, 188, 193, 197,
    200, 205, 208, 213, 217, 220, 224, 229, 232, 237, 240, 245, 249, 253, 256,
    261, 265, 269, 272, 276, 280, 284, 288, 292, 296, 301, 305, 308, 313, 316,
    320, 325, 329, 332, 337, 340, 344, 349, 352, 357, 361, 364, 369, 372, 377,
    380, 385, 388, 393, 396, 401, 405, 409, 412, 417, 420, 424, 428, 432, 437,
    440, 444
[2] 12, 16, 20, 24, 32, 36, 44, 52, 60, 64, 88, 92, 100, 104, 116, 120, 124,
    152, 160, 168, 172, 176, 180, 184, 192, 196, 204, 212, 216, 228, 236, 244,
    248, 252, 260, 264, 268, 300, 304, 312, 324, 328, 336, 348, 356, 360, 368,
    376, 384, 392, 400, 404, 408, 416, 436

Reassigned labels
Map:
{"D_0": "D", "D_1": "D", "D_2": "D"}
token_fitness
{"perc_fit_traces": 0.0, "average_trace_fitness": 0.8768205076929377, "log_fitness": 0.895279191745866, "percentage_of_fitting_traces": 0.0}
precision
0.20010665244634052
0.7627118644067797
generalization
0.8087937948554283


###### Starting pipeline for 1, Distance.MULTISET_DISTANCE, 1######
Found communities: 

Clustering with 448 elements and 3 clusters
[0] 1, 2, 3, 5, 6, 7, 9, 10, 11, 14, 15, 18, 19, 22, 23, 26, 27, 29, 30, 31,
    34, 35, 38, 39, 41, 42, 43, 46, 47, 49, 50, 51, 54, 55, 57, 58, 59, 62,
    63, 66, 67, 69, 70, 71, 73, 74, 75, 77, 78, 79, 81, 82, 83, 85, 86, 87,
    90, 91, 94, 95, 97, 98, 99, 102, 103, 106, 107, 109, 110, 111, 113, 114,
    115, 118, 119, 122, 123, 126, 127, 129, 130, 131, 133, 134, 135, 137, 138,
    139, 141, 142, 143, 145, 146, 147, 149, 150, 151, 154, 155, 157, 158, 159,
    162, 163, 165, 166, 167, 170, 171, 174, 175, 178, 179, 182, 183, 186, 187,
    189, 190, 191, 194, 195, 198, 199, 201, 202, 203, 206, 207, 209, 210, 211,
    214, 215, 218, 219, 221, 222, 223, 225, 226, 227, 230, 231, 233, 234, 235,
    238, 239, 241, 242, 243, 246, 247, 250, 251, 254, 255, 257, 258, 259, 262,
    263, 266, 267, 270, 271, 273, 274, 275, 277, 278, 279, 281, 282, 283, 285,
    286, 287, 289, 290, 291, 293, 294, 295, 297, 298, 299, 302, 303, 306, 307,
    309, 310, 311, 314, 315, 317, 318, 319, 321, 322, 323, 326, 327, 330, 331,
    333, 334, 335, 338, 339, 341, 342, 343, 345, 346, 347, 350, 351, 353, 354,
    355, 358, 359, 362, 363, 365, 366, 367, 370, 371, 373, 374, 375, 378, 379,
    381, 382, 383, 386, 387, 389, 390, 391, 394, 395, 397, 398, 399, 402, 403,
    406, 407, 410, 411, 413, 414, 415, 418, 419, 421, 422, 423, 425, 426, 427,
    429, 430, 431, 433, 434, 435, 438, 439, 441, 442, 443, 445, 446, 447
[1] 0, 4, 8, 13, 17, 21, 25, 28, 33, 37, 40, 45, 48, 53, 56, 61, 65, 68, 72,
    76, 80, 84, 89, 93, 96, 101, 105, 108, 112, 117, 121, 125, 128, 132, 136,
    140, 144, 148, 153, 156, 161, 164, 169, 173, 177, 181, 185, 188, 193, 197,
    200, 205, 208, 213, 217, 220, 224, 229, 232, 237, 240, 245, 249, 253, 256,
    261, 265, 269, 272, 276, 280, 284, 288, 292, 296, 301, 305, 308, 313, 316,
    320, 325, 329, 332, 337, 340, 344, 349, 352, 357, 361, 364, 369, 372, 377,
    380, 385, 388, 393, 396, 401, 405, 409, 412, 417, 420, 424, 428, 432, 437,
    440, 444
[2] 12, 16, 20, 24, 32, 36, 44, 52, 60, 64, 88, 92, 100, 104, 116, 120, 124,
    152, 160, 168, 172, 176, 180, 184, 192, 196, 204, 212, 216, 228, 236, 244,
    248, 252, 260, 264, 268, 300, 304, 312, 324, 328, 336, 348, 356, 360, 368,
    376, 384, 392, 400, 404, 408, 416, 436

Reassigned labels
Map:
{"D_0": "D", "D_1": "D", "D_2": "D"}
token_fitness
{"perc_fit_traces": 0.0, "average_trace_fitness": 0.8768205076929377, "log_fitness": 0.895279191745866, "percentage_of_fitting_traces": 0.0}
precision
0.20010665244634052
0.7627118644067797
generalization
0.8087937948554283


###### Starting pipeline for 0, Distance.EDIT_DISTANCE, 3######
Found communities: 

Clustering with 448 elements and 4 clusters
[0] 0, 4, 8, 12, 13, 16, 17, 20, 21, 24, 25, 28, 32, 33, 36, 37, 40, 44, 45,
    48, 52, 53, 56, 60, 61, 64, 65, 68, 72, 76, 80, 84, 88, 89, 92, 93, 96,
    100, 101, 104, 105, 108, 112, 116, 117, 120, 121, 124, 125, 128, 132, 136,
    140, 144, 148, 152, 153, 156, 160, 161, 164, 168, 169, 172, 173, 176, 177,
    180, 181, 184, 185, 188, 192, 193, 196, 197, 200, 204, 205, 208, 212, 213,
    216, 217, 220, 224, 228, 229, 232, 236, 237, 240, 244, 245, 248, 249, 252,
    253, 256, 260, 261, 264, 265, 268, 269, 272, 276, 280, 284, 288, 292, 296,
    300, 301, 304, 305, 308, 312, 313, 316, 320, 324, 325, 328, 329, 332, 336,
    337, 340, 344, 348, 349, 352, 356, 357, 360, 361, 364, 368, 369, 372, 376,
    377, 380, 384, 385, 388, 392, 393, 396, 400, 401, 404, 405, 408, 409, 412,
    416, 417, 420, 424, 428, 432, 436, 437, 440, 444
[1] 3, 7, 11, 15, 19, 23, 27, 31, 35, 39, 43, 47, 51, 55, 59, 63, 67, 71, 75,
    79, 83, 87, 91, 95, 99, 103, 107, 111, 115, 119, 123, 127, 131, 135, 139,
    143, 147, 151, 155, 159, 163, 167, 171, 175, 179, 183, 187, 191, 195, 199,
    203, 207, 211, 215, 219, 223, 227, 231, 235, 239, 243, 247, 251, 255, 259,
    263, 267, 271, 275, 279, 283, 287, 291, 295, 299, 303, 307, 311, 315, 319,
    323, 327, 331, 335, 339, 343, 347, 351, 355, 359, 363, 367, 371, 375, 379,
    383, 387, 391, 395, 399, 403, 407, 411, 415, 419, 423, 427, 431, 435, 439,
    443, 447
[2] 2, 6, 10, 14, 18, 22, 26, 30, 34, 38, 42, 46, 50, 54, 58, 62, 66, 70, 74,
    78, 82, 86, 90, 94, 98, 102, 106, 110, 114, 118, 122, 126, 130, 134, 138,
    142, 146, 150, 154, 158, 162, 166, 170, 174, 178, 182, 186, 190, 194, 198,
    202, 206, 210, 214, 218, 222, 226, 230, 234, 238, 242, 246, 250, 254, 258,
    262, 266, 270, 274, 278, 282, 286, 290, 294, 298, 302, 306, 310, 314, 318,
    322, 326, 330, 334, 338, 342, 346, 350, 354, 358, 362, 366, 370, 374, 378,
    382, 386, 390, 394, 398, 402, 406, 410, 414, 418, 422, 426, 430, 434, 438,
    442, 446
[3] 1, 5, 9, 29, 41, 49, 57, 69, 73, 77, 81, 85, 97, 109, 113, 129, 133, 137,
    141, 145, 149, 157, 165, 189, 201, 209, 221, 225, 233, 241, 257, 273, 277,
    281, 285, 289, 293, 297, 309, 317, 321, 333, 341, 345, 353, 365, 373, 381,
    389, 397, 413, 421, 425, 429, 433, 441, 445

Reassigned labels
Map:
{"D_0": "D", "D_1": "D", "D_2": "D", "D_3": "D"}
token_fitness
{"perc_fit_traces": 0.0, "average_trace_fitness": 0.8768205076929377, "log_fitness": 0.895279191745866, "percentage_of_fitting_traces": 0.0}
precision
0.20010665244634052
0.7627118644067797
generalization
0.8087937948554283


###### Starting pipeline for 0.25, Distance.EDIT_DISTANCE, 3######
Found communities: 

Clustering with 448 elements and 3 clusters
[0] 0, 1, 4, 5, 8, 9, 12, 13, 16, 17, 20, 21, 24, 25, 28, 29, 32, 33, 36, 37,
    40, 41, 44, 45, 48, 49, 52, 53, 56, 57, 60, 61, 64, 65, 68, 69, 72, 73,
    76, 77, 80, 81, 84, 85, 88, 89, 92, 93, 96, 97, 100, 101, 104, 105, 108,
    109, 112, 113, 116, 117, 120, 121, 124, 125, 128, 129, 132, 133, 136, 137,
    140, 141, 144, 145, 148, 149, 152, 153, 156, 157, 160, 161, 164, 165, 168,
    169, 172, 173, 176, 177, 180, 181, 184, 185, 188, 189, 192, 193, 196, 197,
    200, 201, 204, 205, 208, 209, 212, 213, 216, 217, 220, 221, 224, 225, 228,
    229, 232, 233, 236, 237, 240, 241, 244, 245, 248, 249, 252, 253, 256, 257,
    260, 261, 264, 265, 268, 269, 272, 273, 276, 277, 280, 281, 284, 285, 288,
    289, 292, 293, 296, 297, 300, 301, 304, 305, 308, 309, 312, 313, 316, 317,
    320, 321, 324, 325, 328, 329, 332, 333, 336, 337, 340, 341, 344, 345, 348,
    349, 352, 353, 356, 357, 360, 361, 364, 365, 368, 369, 372, 373, 376, 377,
    380, 381, 384, 385, 388, 389, 392, 393, 396, 397, 400, 401, 404, 405, 408,
    409, 412, 413, 416, 417, 420, 421, 424, 425, 428, 429, 432, 433, 436, 437,
    440, 441, 444, 445
[1] 2, 3, 6, 7, 10, 11, 15, 19, 23, 27, 30, 31, 35, 39, 42, 43, 47, 50, 51,
    55, 58, 59, 63, 67, 70, 71, 74, 75, 78, 79, 82, 83, 86, 87, 91, 95, 98,
    99, 103, 107, 110, 111, 114, 115, 119, 123, 127, 130, 131, 134, 135, 138,
    139, 142, 143, 146, 147, 150, 151, 155, 158, 159, 163, 166, 167, 171, 175,
    179, 183, 187, 190, 191, 195, 199, 202, 203, 207, 210, 211, 215, 219, 222,
    223, 226, 227, 231, 234, 235, 239, 242, 243, 247, 251, 255, 258, 259, 263,
    267, 271, 274, 275, 278, 279, 282, 283, 286, 287, 290, 291, 294, 295, 298,
    299, 303, 307, 310, 311, 315, 318, 319, 322, 323, 327, 331, 334, 335, 339,
    342, 343, 346, 347, 351, 354, 355, 359, 363, 366, 367, 371, 374, 375, 379,
    382, 383, 387, 390, 391, 395, 398, 399, 403, 407, 411, 414, 415, 419, 422,
    423, 426, 427, 430, 431, 434, 435, 439, 442, 443, 446, 447
[2] 14, 18, 22, 26, 34, 38, 46, 54, 62, 66, 90, 94, 102, 106, 118, 122, 126,
    154, 162, 170, 174, 178, 182, 186, 194, 198, 206, 214, 218, 230, 238, 246,
    250, 254, 262, 266, 270, 302, 306, 314, 326, 330, 338, 350, 358, 362, 370,
    378, 386, 394, 402, 406, 410, 418, 438

Reassigned labels
Map:
{"D_0": "D", "D_1": "D", "D_2": "D"}
token_fitness
{"perc_fit_traces": 0.0, "average_trace_fitness": 0.8768205076929377, "log_fitness": 0.895279191745866, "percentage_of_fitting_traces": 0.0}
precision
0.20010665244634052
0.7627118644067797
generalization
0.8087937948554283


###### Starting pipeline for 0.5, Distance.EDIT_DISTANCE, 3######
Found communities: 

Clustering with 448 elements and 3 clusters
[0] 0, 1, 4, 5, 8, 9, 12, 13, 16, 17, 20, 21, 24, 25, 28, 29, 32, 33, 36, 37,
    40, 41, 44, 45, 48, 49, 52, 53, 56, 57, 60, 61, 64, 65, 68, 69, 72, 73,
    76, 77, 80, 81, 84, 85, 88, 89, 92, 93, 96, 97, 100, 101, 104, 105, 108,
    109, 112, 113, 116, 117, 120, 121, 124, 125, 128, 129, 132, 133, 136, 137,
    140, 141, 144, 145, 148, 149, 152, 153, 156, 157, 160, 161, 164, 165, 168,
    169, 172, 173, 176, 177, 180, 181, 184, 185, 188, 189, 192, 193, 196, 197,
    200, 201, 204, 205, 208, 209, 212, 213, 216, 217, 220, 221, 224, 225, 228,
    229, 232, 233, 236, 237, 240, 241, 244, 245, 248, 249, 252, 253, 256, 257,
    260, 261, 264, 265, 268, 269, 272, 273, 276, 277, 280, 281, 284, 285, 288,
    289, 292, 293, 296, 297, 300, 301, 304, 305, 308, 309, 312, 313, 316, 317,
    320, 321, 324, 325, 328, 329, 332, 333, 336, 337, 340, 341, 344, 345, 348,
    349, 352, 353, 356, 357, 360, 361, 364, 365, 368, 369, 372, 373, 376, 377,
    380, 381, 384, 385, 388, 389, 392, 393, 396, 397, 400, 401, 404, 405, 408,
    409, 412, 413, 416, 417, 420, 421, 424, 425, 428, 429, 432, 433, 436, 437,
    440, 441, 444, 445
[1] 2, 3, 6, 7, 10, 11, 15, 19, 23, 27, 30, 31, 35, 39, 42, 43, 47, 50, 51,
    55, 58, 59, 63, 67, 70, 71, 74, 75, 78, 79, 82, 83, 86, 87, 91, 95, 98,
    99, 103, 107, 110, 111, 114, 115, 119, 123, 127, 130, 131, 134, 135, 138,
    139, 142, 143, 146, 147, 150, 151, 155, 158, 159, 163, 166, 167, 171, 175,
    179, 183, 187, 190, 191, 195, 199, 202, 203, 207, 210, 211, 215, 219, 222,
    223, 226, 227, 231, 234, 235, 239, 242, 243, 247, 251, 255, 258, 259, 263,
    267, 271, 274, 275, 278, 279, 282, 283, 286, 287, 290, 291, 294, 295, 298,
    299, 303, 307, 310, 311, 315, 318, 319, 322, 323, 327, 331, 334, 335, 339,
    342, 343, 346, 347, 351, 354, 355, 359, 363, 366, 367, 371, 374, 375, 379,
    382, 383, 387, 390, 391, 395, 398, 399, 403, 407, 411, 414, 415, 419, 422,
    423, 426, 427, 430, 431, 434, 435, 439, 442, 443, 446, 447
[2] 14, 18, 22, 26, 34, 38, 46, 54, 62, 66, 90, 94, 102, 106, 118, 122, 126,
    154, 162, 170, 174, 178, 182, 186, 194, 198, 206, 214, 218, 230, 238, 246,
    250, 254, 262, 266, 270, 302, 306, 314, 326, 330, 338, 350, 358, 362, 370,
    378, 386, 394, 402, 406, 410, 418, 438

Reassigned labels
Map:
{"D_0": "D", "D_1": "D", "D_2": "D"}
token_fitness
{"perc_fit_traces": 0.0, "average_trace_fitness": 0.8768205076929377, "log_fitness": 0.895279191745866, "percentage_of_fitting_traces": 0.0}
precision
0.20010665244634052
0.7627118644067797
generalization
0.8087937948554283


###### Starting pipeline for 0.75, Distance.EDIT_DISTANCE, 3######
Found communities: 

Clustering with 448 elements and 5 clusters
[0] 0, 1, 4, 5, 8, 9, 13, 17, 21, 25, 28, 29, 33, 37, 40, 41, 45, 48, 49, 53,
    56, 57, 61, 65, 68, 69, 72, 73, 76, 77, 80, 81, 84, 85, 89, 93, 96, 97,
    101, 105, 108, 109, 112, 113, 117, 121, 125, 128, 129, 132, 133, 136, 137,
    140, 141, 144, 145, 148, 149, 153, 156, 157, 161, 164, 165, 169, 173, 177,
    181, 185, 188, 189, 193, 197, 200, 201, 205, 208, 209, 213, 217, 220, 221,
    224, 225, 229, 232, 233, 237, 240, 241, 245, 249, 253, 256, 257, 261, 265,
    269, 272, 273, 276, 277, 280, 281, 284, 285, 288, 289, 292, 293, 296, 297,
    301, 305, 308, 309, 313, 316, 317, 320, 321, 325, 329, 332, 333, 337, 340,
    341, 344, 345, 349, 352, 353, 357, 361, 364, 365, 369, 372, 373, 377, 380,
    381, 385, 388, 389, 393, 396, 397, 401, 405, 409, 412, 413, 417, 420, 421,
    424, 425, 428, 429, 432, 433, 437, 440, 441, 444, 445
[1] 3, 7, 11, 15, 19, 23, 27, 31, 35, 39, 43, 47, 51, 55, 59, 63, 67, 71, 75,
    79, 83, 87, 91, 95, 99, 103, 107, 111, 115, 119, 123, 127, 131, 135, 139,
    143, 147, 151, 155, 159, 163, 167, 171, 175, 179, 183, 187, 191, 195, 199,
    203, 207, 211, 215, 219, 223, 227, 231, 235, 239, 243, 247, 251, 255, 259,
    263, 267, 271, 275, 279, 283, 287, 291, 295, 299, 303, 307, 311, 315, 319,
    323, 327, 331, 335, 339, 343, 347, 351, 355, 359, 363, 367, 371, 375, 379,
    383, 387, 391, 395, 399, 403, 407, 411, 415, 419, 423, 427, 431, 435, 439,
    443, 447
[2] 2, 6, 10, 30, 42, 50, 58, 70, 74, 78, 82, 86, 98, 110, 114, 130, 134, 138,
    142, 146, 150, 158, 166, 190, 202, 210, 222, 226, 234, 242, 258, 274, 278,
    282, 286, 290, 294, 298, 310, 318, 322, 334, 342, 346, 354, 366, 374, 382,
    390, 398, 414, 422, 426, 430, 434, 442, 446
[3] 12, 16, 20, 24, 32, 36, 44, 52, 60, 64, 88, 92, 100, 104, 116, 120, 124,
    152, 160, 168, 172, 176, 180, 184, 192, 196, 204, 212, 216, 228, 236, 244,
    248, 252, 260, 264, 268, 300, 304, 312, 324, 328, 336, 348, 356, 360, 368,
    376, 384, 392, 400, 404, 408, 416, 436
[4] 14, 18, 22, 26, 34, 38, 46, 54, 62, 66, 90, 94, 102, 106, 118, 122, 126,
    154, 162, 170, 174, 178, 182, 186, 194, 198, 206, 214, 218, 230, 238, 246,
    250, 254, 262, 266, 270, 302, 306, 314, 326, 330, 338, 350, 358, 362, 370,
    378, 386, 394, 402, 406, 410, 418, 438

Reassigned labels
Map:
{"D_0": "D", "D_1": "D", "D_2": "D", "D_3": "D", "D_4": "D"}
token_fitness
{"perc_fit_traces": 0.0, "average_trace_fitness": 0.8768205076929377, "log_fitness": 0.895279191745866, "percentage_of_fitting_traces": 0.0}
precision
0.20010665244634052
0.7627118644067797
generalization
0.8087937948554283


###### Starting pipeline for 1, Distance.EDIT_DISTANCE, 3######
Found communities: 

Clustering with 448 elements and 8 clusters
[0] 1, 5, 9, 29, 41, 49, 57, 69, 73, 77, 81, 85, 97, 109, 113, 129, 133, 137,
    141, 145, 149, 157, 165, 189, 201, 209, 221, 225, 233, 241, 257, 273, 277,
    281, 285, 289, 293, 297, 309, 317, 321, 333, 341, 345, 353, 365, 373, 381,
    389, 397, 413, 421, 425, 429, 433, 441, 445
[1] 2, 6, 10, 30, 42, 50, 58, 70, 74, 78, 82, 86, 98, 110, 114, 130, 134, 138,
    142, 146, 150, 158, 166, 190, 202, 210, 222, 226, 234, 242, 258, 274, 278,
    282, 286, 290, 294, 298, 310, 318, 322, 334, 342, 346, 354, 366, 374, 382,
    390, 398, 414, 422, 426, 430, 434, 442, 446
[2] 3, 7, 11, 31, 43, 51, 59, 71, 75, 79, 83, 87, 99, 111, 115, 131, 135, 139,
    143, 147, 151, 159, 167, 191, 203, 211, 223, 227, 235, 243, 259, 275, 279,
    283, 287, 291, 295, 299, 311, 319, 323, 335, 343, 347, 355, 367, 375, 383,
    391, 399, 415, 423, 427, 431, 435, 443, 447
[3] 0, 4, 8, 28, 40, 48, 56, 68, 72, 76, 80, 84, 96, 108, 112, 128, 132, 136,
    140, 144, 148, 156, 164, 188, 200, 208, 220, 224, 232, 240, 256, 272, 276,
    280, 284, 288, 292, 296, 308, 316, 320, 332, 340, 344, 352, 364, 372, 380,
    388, 396, 412, 420, 424, 428, 432, 440, 444
[4] 12, 16, 20, 24, 32, 36, 44, 52, 60, 64, 88, 92, 100, 104, 116, 120, 124,
    152, 160, 168, 172, 176, 180, 184, 192, 196, 204, 212, 216, 228, 236, 244,
    248, 252, 260, 264, 268, 300, 304, 312, 324, 328, 336, 348, 356, 360, 368,
    376, 384, 392, 400, 404, 408, 416, 436
[5] 13, 17, 21, 25, 33, 37, 45, 53, 61, 65, 89, 93, 101, 105, 117, 121, 125,
    153, 161, 169, 173, 177, 181, 185, 193, 197, 205, 213, 217, 229, 237, 245,
    249, 253, 261, 265, 269, 301, 305, 313, 325, 329, 337, 349, 357, 361, 369,
    377, 385, 393, 401, 405, 409, 417, 437
[6] 14, 18, 22, 26, 34, 38, 46, 54, 62, 66, 90, 94, 102, 106, 118, 122, 126,
    154, 162, 170, 174, 178, 182, 186, 194, 198, 206, 214, 218, 230, 238, 246,
    250, 254, 262, 266, 270, 302, 306, 314, 326, 330, 338, 350, 358, 362, 370,
    378, 386, 394, 402, 406, 410, 418, 438
[7] 15, 19, 23, 27, 35, 39, 47, 55, 63, 67, 91, 95, 103, 107, 119, 123, 127,
    155, 163, 171, 175, 179, 183, 187, 195, 199, 207, 215, 219, 231, 239, 247,
    251, 255, 263, 267, 271, 303, 307, 315, 327, 331, 339, 351, 359, 363, 371,
    379, 387, 395, 403, 407, 411, 419, 439

Reassigned labels
Map:
{"D_0": "D", "D_1": "D", "D_2": "D", "D_3": "D", "D_4": "D", "D_5": "D", "D_6": "D", "D_7": "D"}
token_fitness
{"perc_fit_traces": 0.0, "average_trace_fitness": 0.8768205076929377, "log_fitness": 0.895279191745866, "percentage_of_fitting_traces": 0.0}
precision
0.20010665244634052
0.7627118644067797
generalization
0.8087937948554283


###### Starting pipeline for 0, Distance.SET_DISTANCE, 3######
Found communities: 

Clustering with 448 elements and 4 clusters
[0] 3, 7, 11, 15, 19, 23, 27, 31, 35, 39, 43, 47, 51, 55, 59, 63, 67, 71, 75,
    79, 83, 87, 91, 95, 99, 103, 107, 111, 115, 119, 123, 127, 131, 135, 139,
    143, 147, 151, 155, 159, 163, 167, 171, 175, 179, 183, 187, 191, 195, 199,
    203, 207, 211, 215, 219, 223, 227, 231, 235, 239, 243, 247, 251, 255, 259,
    263, 267, 271, 275, 279, 283, 287, 291, 295, 299, 303, 307, 311, 315, 319,
    323, 327, 331, 335, 339, 343, 347, 351, 355, 359, 363, 367, 371, 375, 379,
    383, 387, 391, 395, 399, 403, 407, 411, 415, 419, 423, 427, 431, 435, 439,
    443, 447
[1] 0, 4, 8, 12, 16, 20, 24, 28, 32, 36, 40, 44, 48, 52, 56, 60, 64, 68, 72,
    76, 80, 84, 88, 92, 96, 100, 104, 108, 112, 116, 120, 124, 128, 132, 136,
    140, 144, 148, 152, 156, 160, 164, 168, 172, 176, 180, 184, 188, 192, 196,
    200, 204, 208, 212, 216, 220, 224, 228, 232, 236, 240, 244, 248, 252, 256,
    260, 264, 268, 272, 276, 280, 284, 288, 292, 296, 300, 304, 308, 312, 316,
    320, 324, 328, 332, 336, 340, 344, 348, 352, 356, 360, 364, 368, 372, 376,
    380, 384, 388, 392, 396, 400, 404, 408, 412, 416, 420, 424, 428, 432, 436,
    440, 444
[2] 1, 5, 9, 13, 17, 21, 25, 29, 33, 37, 41, 45, 49, 53, 57, 61, 65, 69, 73,
    77, 81, 85, 89, 93, 97, 101, 105, 109, 113, 117, 121, 125, 129, 133, 137,
    141, 145, 149, 153, 157, 161, 165, 169, 173, 177, 181, 185, 189, 193, 197,
    201, 205, 209, 213, 217, 221, 225, 229, 233, 237, 241, 245, 249, 253, 257,
    261, 265, 269, 273, 277, 281, 285, 289, 293, 297, 301, 305, 309, 313, 317,
    321, 325, 329, 333, 337, 341, 345, 349, 353, 357, 361, 365, 369, 373, 377,
    381, 385, 389, 393, 397, 401, 405, 409, 413, 417, 421, 425, 429, 433, 437,
    441, 445
[3] 2, 6, 10, 14, 18, 22, 26, 30, 34, 38, 42, 46, 50, 54, 58, 62, 66, 70, 74,
    78, 82, 86, 90, 94, 98, 102, 106, 110, 114, 118, 122, 126, 130, 134, 138,
    142, 146, 150, 154, 158, 162, 166, 170, 174, 178, 182, 186, 190, 194, 198,
    202, 206, 210, 214, 218, 222, 226, 230, 234, 238, 242, 246, 250, 254, 258,
    262, 266, 270, 274, 278, 282, 286, 290, 294, 298, 302, 306, 310, 314, 318,
    322, 326, 330, 334, 338, 342, 346, 350, 354, 358, 362, 366, 370, 374, 378,
    382, 386, 390, 394, 398, 402, 406, 410, 414, 418, 422, 426, 430, 434, 438,
    442, 446

Reassigned labels
Map:
{"D_0": "D", "D_1": "D", "D_2": "D", "D_3": "D"}
token_fitness
{"perc_fit_traces": 0.0, "average_trace_fitness": 0.8768205076929377, "log_fitness": 0.895279191745866, "percentage_of_fitting_traces": 0.0}
precision
0.20010665244634052
0.7627118644067797
generalization
0.8087937948554283


###### Starting pipeline for 0.25, Distance.SET_DISTANCE, 3######
Found communities: 

Clustering with 448 elements and 4 clusters
[0] 3, 7, 11, 15, 19, 23, 27, 31, 35, 39, 43, 47, 51, 55, 59, 63, 67, 71, 75,
    79, 83, 87, 91, 95, 99, 103, 107, 111, 115, 119, 123, 127, 131, 135, 139,
    143, 147, 151, 155, 159, 163, 167, 171, 175, 179, 183, 187, 191, 195, 199,
    203, 207, 211, 215, 219, 223, 227, 231, 235, 239, 243, 247, 251, 255, 259,
    263, 267, 271, 275, 279, 283, 287, 291, 295, 299, 303, 307, 311, 315, 319,
    323, 327, 331, 335, 339, 343, 347, 351, 355, 359, 363, 367, 371, 375, 379,
    383, 387, 391, 395, 399, 403, 407, 411, 415, 419, 423, 427, 431, 435, 439,
    443, 447
[1] 0, 4, 8, 12, 16, 20, 24, 28, 32, 36, 40, 44, 48, 52, 56, 60, 64, 68, 72,
    76, 80, 84, 88, 92, 96, 100, 104, 108, 112, 116, 120, 124, 128, 132, 136,
    140, 144, 148, 152, 156, 160, 164, 168, 172, 176, 180, 184, 188, 192, 196,
    200, 204, 208, 212, 216, 220, 224, 228, 232, 236, 240, 244, 248, 252, 256,
    260, 264, 268, 272, 276, 280, 284, 288, 292, 296, 300, 304, 308, 312, 316,
    320, 324, 328, 332, 336, 340, 344, 348, 352, 356, 360, 364, 368, 372, 376,
    380, 384, 388, 392, 396, 400, 404, 408, 412, 416, 420, 424, 428, 432, 436,
    440, 444
[2] 1, 5, 9, 13, 17, 21, 25, 29, 33, 37, 41, 45, 49, 53, 57, 61, 65, 69, 73,
    77, 81, 85, 89, 93, 97, 101, 105, 109, 113, 117, 121, 125, 129, 133, 137,
    141, 145, 149, 153, 157, 161, 165, 169, 173, 177, 181, 185, 189, 193, 197,
    201, 205, 209, 213, 217, 221, 225, 229, 233, 237, 241, 245, 249, 253, 257,
    261, 265, 269, 273, 277, 281, 285, 289, 293, 297, 301, 305, 309, 313, 317,
    321, 325, 329, 333, 337, 341, 345, 349, 353, 357, 361, 365, 369, 373, 377,
    381, 385, 389, 393, 397, 401, 405, 409, 413, 417, 421, 425, 429, 433, 437,
    441, 445
[3] 2, 6, 10, 14, 18, 22, 26, 30, 34, 38, 42, 46, 50, 54, 58, 62, 66, 70, 74,
    78, 82, 86, 90, 94, 98, 102, 106, 110, 114, 118, 122, 126, 130, 134, 138,
    142, 146, 150, 154, 158, 162, 166, 170, 174, 178, 182, 186, 190, 194, 198,
    202, 206, 210, 214, 218, 222, 226, 230, 234, 238, 242, 246, 250, 254, 258,
    262, 266, 270, 274, 278, 282, 286, 290, 294, 298, 302, 306, 310, 314, 318,
    322, 326, 330, 334, 338, 342, 346, 350, 354, 358, 362, 366, 370, 374, 378,
    382, 386, 390, 394, 398, 402, 406, 410, 414, 418, 422, 426, 430, 434, 438,
    442, 446

Reassigned labels
Map:
{"D_0": "D", "D_1": "D", "D_2": "D", "D_3": "D"}
token_fitness
{"perc_fit_traces": 0.0, "average_trace_fitness": 0.8768205076929377, "log_fitness": 0.895279191745866, "percentage_of_fitting_traces": 0.0}
precision
0.20010665244634052
0.7627118644067797
generalization
0.8087937948554283


###### Starting pipeline for 0.5, Distance.SET_DISTANCE, 3######
Found communities: 

Clustering with 448 elements and 4 clusters
[0] 0, 4, 8, 12, 16, 20, 24, 28, 32, 36, 40, 44, 48, 52, 56, 60, 64, 68, 72,
    76, 80, 84, 88, 92, 96, 100, 104, 108, 112, 116, 120, 124, 128, 132, 136,
    140, 144, 148, 152, 156, 160, 164, 168, 172, 176, 180, 184, 188, 192, 196,
    200, 204, 208, 212, 216, 220, 224, 228, 232, 236, 240, 244, 248, 252, 256,
    260, 264, 268, 272, 276, 280, 284, 288, 292, 296, 300, 304, 308, 312, 316,
    320, 324, 328, 332, 336, 340, 344, 348, 352, 356, 360, 364, 368, 372, 376,
    380, 384, 388, 392, 396, 400, 404, 408, 412, 416, 420, 424, 428, 432, 436,
    440, 444
[1] 3, 7, 11, 15, 19, 23, 27, 31, 35, 39, 43, 47, 51, 55, 59, 63, 67, 71, 75,
    79, 83, 87, 91, 95, 99, 103, 107, 111, 115, 119, 123, 127, 131, 135, 139,
    143, 147, 151, 155, 159, 163, 167, 171, 175, 179, 183, 187, 191, 195, 199,
    203, 207, 211, 215, 219, 223, 227, 231, 235, 239, 243, 247, 251, 255, 259,
    263, 267, 271, 275, 279, 283, 287, 291, 295, 299, 303, 307, 311, 315, 319,
    323, 327, 331, 335, 339, 343, 347, 351, 355, 359, 363, 367, 371, 375, 379,
    383, 387, 391, 395, 399, 403, 407, 411, 415, 419, 423, 427, 431, 435, 439,
    443, 447
[2] 2, 6, 10, 14, 18, 22, 26, 30, 34, 38, 42, 46, 50, 54, 58, 62, 66, 70, 74,
    78, 82, 86, 90, 94, 98, 102, 106, 110, 114, 118, 122, 126, 130, 134, 138,
    142, 146, 150, 154, 158, 162, 166, 170, 174, 178, 182, 186, 190, 194, 198,
    202, 206, 210, 214, 218, 222, 226, 230, 234, 238, 242, 246, 250, 254, 258,
    262, 266, 270, 274, 278, 282, 286, 290, 294, 298, 302, 306, 310, 314, 318,
    322, 326, 330, 334, 338, 342, 346, 350, 354, 358, 362, 366, 370, 374, 378,
    382, 386, 390, 394, 398, 402, 406, 410, 414, 418, 422, 426, 430, 434, 438,
    442, 446
[3] 1, 5, 9, 13, 17, 21, 25, 29, 33, 37, 41, 45, 49, 53, 57, 61, 65, 69, 73,
    77, 81, 85, 89, 93, 97, 101, 105, 109, 113, 117, 121, 125, 129, 133, 137,
    141, 145, 149, 153, 157, 161, 165, 169, 173, 177, 181, 185, 189, 193, 197,
    201, 205, 209, 213, 217, 221, 225, 229, 233, 237, 241, 245, 249, 253, 257,
    261, 265, 269, 273, 277, 281, 285, 289, 293, 297, 301, 305, 309, 313, 317,
    321, 325, 329, 333, 337, 341, 345, 349, 353, 357, 361, 365, 369, 373, 377,
    381, 385, 389, 393, 397, 401, 405, 409, 413, 417, 421, 425, 429, 433, 437,
    441, 445

Reassigned labels
Map:
{"D_0": "D", "D_1": "D", "D_2": "D", "D_3": "D"}
token_fitness
{"perc_fit_traces": 0.0, "average_trace_fitness": 0.8768205076929377, "log_fitness": 0.895279191745866, "percentage_of_fitting_traces": 0.0}
precision
0.20010665244634052
0.7627118644067797
generalization
0.8087937948554283


###### Starting pipeline for 0.75, Distance.SET_DISTANCE, 3######
Found communities: 

Clustering with 448 elements and 4 clusters
[0] 0, 1, 4, 5, 8, 9, 13, 17, 21, 25, 28, 29, 33, 37, 40, 41, 45, 48, 49, 53,
    56, 57, 61, 65, 68, 69, 72, 73, 76, 77, 80, 81, 84, 85, 89, 93, 96, 97,
    101, 105, 108, 109, 112, 113, 117, 121, 125, 128, 129, 132, 133, 136, 137,
    140, 141, 144, 145, 148, 149, 153, 156, 157, 161, 164, 165, 169, 173, 177,
    181, 185, 188, 189, 193, 197, 200, 201, 205, 208, 209, 213, 217, 220, 221,
    224, 225, 229, 232, 233, 237, 240, 241, 245, 249, 253, 256, 257, 261, 265,
    269, 272, 273, 276, 277, 280, 281, 284, 285, 288, 289, 292, 293, 296, 297,
    301, 305, 308, 309, 313, 316, 317, 320, 321, 325, 329, 332, 333, 337, 340,
    341, 344, 345, 349, 352, 353, 357, 361, 364, 365, 369, 372, 373, 377, 380,
    381, 385, 388, 389, 393, 396, 397, 401, 405, 409, 412, 413, 417, 420, 421,
    424, 425, 428, 429, 432, 433, 437, 440, 441, 444, 445
[1] 3, 7, 11, 15, 19, 23, 27, 31, 35, 39, 43, 47, 51, 55, 59, 63, 67, 71, 75,
    79, 83, 87, 91, 95, 99, 103, 107, 111, 115, 119, 123, 127, 131, 135, 139,
    143, 147, 151, 155, 159, 163, 167, 171, 175, 179, 183, 187, 191, 195, 199,
    203, 207, 211, 215, 219, 223, 227, 231, 235, 239, 243, 247, 251, 255, 259,
    263, 267, 271, 275, 279, 283, 287, 291, 295, 299, 303, 307, 311, 315, 319,
    323, 327, 331, 335, 339, 343, 347, 351, 355, 359, 363, 367, 371, 375, 379,
    383, 387, 391, 395, 399, 403, 407, 411, 415, 419, 423, 427, 431, 435, 439,
    443, 447
[2] 2, 6, 10, 14, 18, 22, 26, 30, 34, 38, 42, 46, 50, 54, 58, 62, 66, 70, 74,
    78, 82, 86, 90, 94, 98, 102, 106, 110, 114, 118, 122, 126, 130, 134, 138,
    142, 146, 150, 154, 158, 162, 166, 170, 174, 178, 182, 186, 190, 194, 198,
    202, 206, 210, 214, 218, 222, 226, 230, 234, 238, 242, 246, 250, 254, 258,
    262, 266, 270, 274, 278, 282, 286, 290, 294, 298, 302, 306, 310, 314, 318,
    322, 326, 330, 334, 338, 342, 346, 350, 354, 358, 362, 366, 370, 374, 378,
    382, 386, 390, 394, 398, 402, 406, 410, 414, 418, 422, 426, 430, 434, 438,
    442, 446
[3] 12, 16, 20, 24, 32, 36, 44, 52, 60, 64, 88, 92, 100, 104, 116, 120, 124,
    152, 160, 168, 172, 176, 180, 184, 192, 196, 204, 212, 216, 228, 236, 244,
    248, 252, 260, 264, 268, 300, 304, 312, 324, 328, 336, 348, 356, 360, 368,
    376, 384, 392, 400, 404, 408, 416, 436

Reassigned labels
Map:
{"D_0": "D", "D_1": "D", "D_2": "D", "D_3": "D"}
token_fitness
{"perc_fit_traces": 0.0, "average_trace_fitness": 0.8768205076929377, "log_fitness": 0.895279191745866, "percentage_of_fitting_traces": 0.0}
precision
0.20010665244634052
0.7627118644067797
generalization
0.8087937948554283


###### Starting pipeline for 1, Distance.SET_DISTANCE, 3######
Found communities: 

Clustering with 448 elements and 6 clusters
[0] 1, 5, 9, 13, 17, 21, 25, 29, 33, 37, 41, 45, 49, 53, 57, 61, 65, 69, 73,
    77, 81, 85, 89, 93, 97, 101, 105, 109, 113, 117, 121, 125, 129, 133, 137,
    141, 145, 149, 153, 157, 161, 165, 169, 173, 177, 181, 185, 189, 193, 197,
    201, 205, 209, 213, 217, 221, 225, 229, 233, 237, 241, 245, 249, 253, 257,
    261, 265, 269, 273, 277, 281, 285, 289, 293, 297, 301, 305, 309, 313, 317,
    321, 325, 329, 333, 337, 341, 345, 349, 353, 357, 361, 365, 369, 373, 377,
    381, 385, 389, 393, 397, 401, 405, 409, 413, 417, 421, 425, 429, 433, 437,
    441, 445
[1] 2, 6, 10, 14, 18, 22, 26, 30, 34, 38, 42, 46, 50, 54, 58, 62, 66, 70, 74,
    78, 82, 86, 90, 94, 98, 102, 106, 110, 114, 118, 122, 126, 130, 134, 138,
    142, 146, 150, 154, 158, 162, 166, 170, 174, 178, 182, 186, 190, 194, 198,
    202, 206, 210, 214, 218, 222, 226, 230, 234, 238, 242, 246, 250, 254, 258,
    262, 266, 270, 274, 278, 282, 286, 290, 294, 298, 302, 306, 310, 314, 318,
    322, 326, 330, 334, 338, 342, 346, 350, 354, 358, 362, 366, 370, 374, 378,
    382, 386, 390, 394, 398, 402, 406, 410, 414, 418, 422, 426, 430, 434, 438,
    442, 446
[2] 3, 7, 11, 31, 43, 51, 59, 71, 75, 79, 83, 87, 99, 111, 115, 131, 135, 139,
    143, 147, 151, 159, 167, 191, 203, 211, 223, 227, 235, 243, 259, 275, 279,
    283, 287, 291, 295, 299, 311, 319, 323, 335, 343, 347, 355, 367, 375, 383,
    391, 399, 415, 423, 427, 431, 435, 443, 447
[3] 0, 4, 8, 28, 40, 48, 56, 68, 72, 76, 80, 84, 96, 108, 112, 128, 132, 136,
    140, 144, 148, 156, 164, 188, 200, 208, 220, 224, 232, 240, 256, 272, 276,
    280, 284, 288, 292, 296, 308, 316, 320, 332, 340, 344, 352, 364, 372, 380,
    388, 396, 412, 420, 424, 428, 432, 440, 444
[4] 12, 16, 20, 24, 32, 36, 44, 52, 60, 64, 88, 92, 100, 104, 116, 120, 124,
    152, 160, 168, 172, 176, 180, 184, 192, 196, 204, 212, 216, 228, 236, 244,
    248, 252, 260, 264, 268, 300, 304, 312, 324, 328, 336, 348, 356, 360, 368,
    376, 384, 392, 400, 404, 408, 416, 436
[5] 15, 19, 23, 27, 35, 39, 47, 55, 63, 67, 91, 95, 103, 107, 119, 123, 127,
    155, 163, 171, 175, 179, 183, 187, 195, 199, 207, 215, 219, 231, 239, 247,
    251, 255, 263, 267, 271, 303, 307, 315, 327, 331, 339, 351, 359, 363, 371,
    379, 387, 395, 403, 407, 411, 419, 439

Reassigned labels
Map:
{"D_0": "D", "D_1": "D", "D_2": "D", "D_3": "D", "D_4": "D", "D_5": "D"}
token_fitness
{"perc_fit_traces": 0.0, "average_trace_fitness": 0.8768205076929377, "log_fitness": 0.895279191745866, "percentage_of_fitting_traces": 0.0}
precision
0.20010665244634052
0.7627118644067797
generalization
0.8087937948554283


###### Starting pipeline for 0, Distance.MULTISET_DISTANCE, 3######
Found communities: 

Clustering with 448 elements and 2 clusters
[0] 2, 3, 6, 7, 10, 11, 14, 15, 18, 19, 22, 23, 26, 27, 30, 31, 34, 35, 38,
    39, 42, 43, 46, 47, 50, 51, 54, 55, 58, 59, 62, 63, 66, 67, 70, 71, 74,
    75, 78, 79, 82, 83, 86, 87, 90, 91, 94, 95, 98, 99, 102, 103, 106, 107,
    110, 111, 114, 115, 118, 119, 122, 123, 126, 127, 130, 131, 134, 135, 138,
    139, 142, 143, 146, 147, 150, 151, 154, 155, 158, 159, 162, 163, 166, 167,
    170, 171, 174, 175, 178, 179, 182, 183, 186, 187, 190, 191, 194, 195, 198,
    199, 202, 203, 206, 207, 210, 211, 214, 215, 218, 219, 222, 223, 226, 227,
    230, 231, 234, 235, 238, 239, 242, 243, 246, 247, 250, 251, 254, 255, 258,
    259, 262, 263, 266, 267, 270, 271, 274, 275, 278, 279, 282, 283, 286, 287,
    290, 291, 294, 295, 298, 299, 302, 303, 306, 307, 310, 311, 314, 315, 318,
    319, 322, 323, 326, 327, 330, 331, 334, 335, 338, 339, 342, 343, 346, 347,
    350, 351, 354, 355, 358, 359, 362, 363, 366, 367, 370, 371, 374, 375, 378,
    379, 382, 383, 386, 387, 390, 391, 394, 395, 398, 399, 402, 403, 406, 407,
    410, 411, 414, 415, 418, 419, 422, 423, 426, 427, 430, 431, 434, 435, 438,
    439, 442, 443, 446, 447
[1] 0, 1, 4, 5, 8, 9, 12, 13, 16, 17, 20, 21, 24, 25, 28, 29, 32, 33, 36, 37,
    40, 41, 44, 45, 48, 49, 52, 53, 56, 57, 60, 61, 64, 65, 68, 69, 72, 73,
    76, 77, 80, 81, 84, 85, 88, 89, 92, 93, 96, 97, 100, 101, 104, 105, 108,
    109, 112, 113, 116, 117, 120, 121, 124, 125, 128, 129, 132, 133, 136, 137,
    140, 141, 144, 145, 148, 149, 152, 153, 156, 157, 160, 161, 164, 165, 168,
    169, 172, 173, 176, 177, 180, 181, 184, 185, 188, 189, 192, 193, 196, 197,
    200, 201, 204, 205, 208, 209, 212, 213, 216, 217, 220, 221, 224, 225, 228,
    229, 232, 233, 236, 237, 240, 241, 244, 245, 248, 249, 252, 253, 256, 257,
    260, 261, 264, 265, 268, 269, 272, 273, 276, 277, 280, 281, 284, 285, 288,
    289, 292, 293, 296, 297, 300, 301, 304, 305, 308, 309, 312, 313, 316, 317,
    320, 321, 324, 325, 328, 329, 332, 333, 336, 337, 340, 341, 344, 345, 348,
    349, 352, 353, 356, 357, 360, 361, 364, 365, 368, 369, 372, 373, 376, 377,
    380, 381, 384, 385, 388, 389, 392, 393, 396, 397, 400, 401, 404, 405, 408,
    409, 412, 413, 416, 417, 420, 421, 424, 425, 428, 429, 432, 433, 436, 437,
    440, 441, 444, 445

Reassigned labels
Map:
{"D_0": "D", "D_1": "D"}
token_fitness
{"perc_fit_traces": 0.0, "average_trace_fitness": 0.8768205076929377, "log_fitness": 0.895279191745866, "percentage_of_fitting_traces": 0.0}
precision
0.20010665244634052
0.7627118644067797
generalization
0.8087937948554283


###### Starting pipeline for 0.25, Distance.MULTISET_DISTANCE, 3######
Found communities: 

Clustering with 448 elements and 2 clusters
[0] 2, 3, 6, 7, 10, 11, 14, 15, 18, 19, 22, 23, 26, 27, 30, 31, 34, 35, 38,
    39, 42, 43, 46, 47, 50, 51, 54, 55, 58, 59, 62, 63, 66, 67, 70, 71, 74,
    75, 78, 79, 82, 83, 86, 87, 90, 91, 94, 95, 98, 99, 102, 103, 106, 107,
    110, 111, 114, 115, 118, 119, 122, 123, 126, 127, 130, 131, 134, 135, 138,
    139, 142, 143, 146, 147, 150, 151, 154, 155, 158, 159, 162, 163, 166, 167,
    170, 171, 174, 175, 178, 179, 182, 183, 186, 187, 190, 191, 194, 195, 198,
    199, 202, 203, 206, 207, 210, 211, 214, 215, 218, 219, 222, 223, 226, 227,
    230, 231, 234, 235, 238, 239, 242, 243, 246, 247, 250, 251, 254, 255, 258,
    259, 262, 263, 266, 267, 270, 271, 274, 275, 278, 279, 282, 283, 286, 287,
    290, 291, 294, 295, 298, 299, 302, 303, 306, 307, 310, 311, 314, 315, 318,
    319, 322, 323, 326, 327, 330, 331, 334, 335, 338, 339, 342, 343, 346, 347,
    350, 351, 354, 355, 358, 359, 362, 363, 366, 367, 370, 371, 374, 375, 378,
    379, 382, 383, 386, 387, 390, 391, 394, 395, 398, 399, 402, 403, 406, 407,
    410, 411, 414, 415, 418, 419, 422, 423, 426, 427, 430, 431, 434, 435, 438,
    439, 442, 443, 446, 447
[1] 0, 1, 4, 5, 8, 9, 12, 13, 16, 17, 20, 21, 24, 25, 28, 29, 32, 33, 36, 37,
    40, 41, 44, 45, 48, 49, 52, 53, 56, 57, 60, 61, 64, 65, 68, 69, 72, 73,
    76, 77, 80, 81, 84, 85, 88, 89, 92, 93, 96, 97, 100, 101, 104, 105, 108,
    109, 112, 113, 116, 117, 120, 121, 124, 125, 128, 129, 132, 133, 136, 137,
    140, 141, 144, 145, 148, 149, 152, 153, 156, 157, 160, 161, 164, 165, 168,
    169, 172, 173, 176, 177, 180, 181, 184, 185, 188, 189, 192, 193, 196, 197,
    200, 201, 204, 205, 208, 209, 212, 213, 216, 217, 220, 221, 224, 225, 228,
    229, 232, 233, 236, 237, 240, 241, 244, 245, 248, 249, 252, 253, 256, 257,
    260, 261, 264, 265, 268, 269, 272, 273, 276, 277, 280, 281, 284, 285, 288,
    289, 292, 293, 296, 297, 300, 301, 304, 305, 308, 309, 312, 313, 316, 317,
    320, 321, 324, 325, 328, 329, 332, 333, 336, 337, 340, 341, 344, 345, 348,
    349, 352, 353, 356, 357, 360, 361, 364, 365, 368, 369, 372, 373, 376, 377,
    380, 381, 384, 385, 388, 389, 392, 393, 396, 397, 400, 401, 404, 405, 408,
    409, 412, 413, 416, 417, 420, 421, 424, 425, 428, 429, 432, 433, 436, 437,
    440, 441, 444, 445

Reassigned labels
Map:
{"D_0": "D", "D_1": "D"}
token_fitness
{"perc_fit_traces": 0.0, "average_trace_fitness": 0.8768205076929377, "log_fitness": 0.895279191745866, "percentage_of_fitting_traces": 0.0}
precision
0.20010665244634052
0.7627118644067797
generalization
0.8087937948554283


###### Starting pipeline for 0.5, Distance.MULTISET_DISTANCE, 3######
Found communities: 

Clustering with 448 elements and 2 clusters
[0] 0, 1, 4, 5, 8, 9, 12, 13, 16, 17, 20, 21, 24, 25, 28, 29, 32, 33, 36, 37,
    40, 41, 44, 45, 48, 49, 52, 53, 56, 57, 60, 61, 64, 65, 68, 69, 72, 73,
    76, 77, 80, 81, 84, 85, 88, 89, 92, 93, 96, 97, 100, 101, 104, 105, 108,
    109, 112, 113, 116, 117, 120, 121, 124, 125, 128, 129, 132, 133, 136, 137,
    140, 141, 144, 145, 148, 149, 152, 153, 156, 157, 160, 161, 164, 165, 168,
    169, 172, 173, 176, 177, 180, 181, 184, 185, 188, 189, 192, 193, 196, 197,
    200, 201, 204, 205, 208, 209, 212, 213, 216, 217, 220, 221, 224, 225, 228,
    229, 232, 233, 236, 237, 240, 241, 244, 245, 248, 249, 252, 253, 256, 257,
    260, 261, 264, 265, 268, 269, 272, 273, 276, 277, 280, 281, 284, 285, 288,
    289, 292, 293, 296, 297, 300, 301, 304, 305, 308, 309, 312, 313, 316, 317,
    320, 321, 324, 325, 328, 329, 332, 333, 336, 337, 340, 341, 344, 345, 348,
    349, 352, 353, 356, 357, 360, 361, 364, 365, 368, 369, 372, 373, 376, 377,
    380, 381, 384, 385, 388, 389, 392, 393, 396, 397, 400, 401, 404, 405, 408,
    409, 412, 413, 416, 417, 420, 421, 424, 425, 428, 429, 432, 433, 436, 437,
    440, 441, 444, 445
[1] 2, 3, 6, 7, 10, 11, 14, 15, 18, 19, 22, 23, 26, 27, 30, 31, 34, 35, 38,
    39, 42, 43, 46, 47, 50, 51, 54, 55, 58, 59, 62, 63, 66, 67, 70, 71, 74,
    75, 78, 79, 82, 83, 86, 87, 90, 91, 94, 95, 98, 99, 102, 103, 106, 107,
    110, 111, 114, 115, 118, 119, 122, 123, 126, 127, 130, 131, 134, 135, 138,
    139, 142, 143, 146, 147, 150, 151, 154, 155, 158, 159, 162, 163, 166, 167,
    170, 171, 174, 175, 178, 179, 182, 183, 186, 187, 190, 191, 194, 195, 198,
    199, 202, 203, 206, 207, 210, 211, 214, 215, 218, 219, 222, 223, 226, 227,
    230, 231, 234, 235, 238, 239, 242, 243, 246, 247, 250, 251, 254, 255, 258,
    259, 262, 263, 266, 267, 270, 271, 274, 275, 278, 279, 282, 283, 286, 287,
    290, 291, 294, 295, 298, 299, 302, 303, 306, 307, 310, 311, 314, 315, 318,
    319, 322, 323, 326, 327, 330, 331, 334, 335, 338, 339, 342, 343, 346, 347,
    350, 351, 354, 355, 358, 359, 362, 363, 366, 367, 370, 371, 374, 375, 378,
    379, 382, 383, 386, 387, 390, 391, 394, 395, 398, 399, 402, 403, 406, 407,
    410, 411, 414, 415, 418, 419, 422, 423, 426, 427, 430, 431, 434, 435, 438,
    439, 442, 443, 446, 447

Reassigned labels
Map:
{"D_0": "D", "D_1": "D"}
token_fitness
{"perc_fit_traces": 0.0, "average_trace_fitness": 0.8768205076929377, "log_fitness": 0.895279191745866, "percentage_of_fitting_traces": 0.0}
precision
0.20010665244634052
0.7627118644067797
generalization
0.8087937948554283


###### Starting pipeline for 0.75, Distance.MULTISET_DISTANCE, 3######
Found communities: 

Clustering with 448 elements and 4 clusters
[0] 0, 1, 4, 5, 8, 9, 13, 17, 21, 25, 28, 29, 33, 37, 40, 41, 45, 48, 49, 53,
    56, 57, 61, 65, 68, 69, 72, 73, 76, 77, 80, 81, 84, 85, 89, 93, 96, 97,
    101, 105, 108, 109, 112, 113, 117, 121, 125, 128, 129, 132, 133, 136, 137,
    140, 141, 144, 145, 148, 149, 153, 156, 157, 161, 164, 165, 169, 173, 177,
    181, 185, 188, 189, 193, 197, 200, 201, 205, 208, 209, 213, 217, 220, 221,
    224, 225, 229, 232, 233, 237, 240, 241, 245, 249, 253, 256, 257, 261, 265,
    269, 272, 273, 276, 277, 280, 281, 284, 285, 288, 289, 292, 293, 296, 297,
    301, 305, 308, 309, 313, 316, 317, 320, 321, 325, 329, 332, 333, 337, 340,
    341, 344, 345, 349, 352, 353, 357, 361, 364, 365, 369, 372, 373, 377, 380,
    381, 385, 388, 389, 393, 396, 397, 401, 405, 409, 412, 413, 417, 420, 421,
    424, 425, 428, 429, 432, 433, 437, 440, 441, 444, 445
[1] 2, 6, 10, 14, 15, 18, 19, 22, 23, 26, 27, 30, 34, 35, 38, 39, 42, 46, 47,
    50, 54, 55, 58, 62, 66, 67, 70, 74, 78, 82, 86, 90, 91, 94, 95, 98, 102,
    103, 106, 107, 110, 114, 118, 119, 122, 123, 126, 127, 130, 134, 138, 142,
    146, 150, 154, 155, 158, 162, 163, 166, 170, 171, 174, 175, 178, 179, 182,
    183, 186, 187, 190, 194, 195, 198, 199, 202, 206, 207, 210, 214, 215, 218,
    219, 222, 226, 230, 231, 234, 238, 239, 242, 246, 247, 250, 251, 254, 255,
    258, 262, 263, 266, 267, 270, 271, 274, 278, 282, 286, 290, 294, 298, 302,
    303, 306, 307, 310, 314, 315, 318, 322, 326, 327, 330, 331, 334, 338, 339,
    342, 346, 350, 351, 354, 358, 362, 363, 366, 370, 371, 374, 378, 379, 382,
    386, 387, 390, 394, 395, 398, 402, 403, 406, 407, 410, 411, 414, 418, 419,
    422, 426, 430, 434, 438, 439, 442, 446
[2] 3, 7, 11, 31, 43, 51, 59, 63, 71, 75, 79, 83, 87, 99, 111, 115, 131, 135,
    139, 143, 147, 151, 159, 167, 191, 203, 211, 223, 227, 235, 243, 259, 275,
    279, 283, 287, 291, 295, 299, 311, 319, 323, 335, 343, 347, 355, 359, 367,
    375, 383, 391, 399, 415, 423, 427, 431, 435, 443, 447
[3] 12, 16, 20, 24, 32, 36, 44, 52, 60, 64, 88, 92, 100, 104, 116, 120, 124,
    152, 160, 168, 172, 176, 180, 184, 192, 196, 204, 212, 216, 228, 236, 244,
    248, 252, 260, 264, 268, 300, 304, 312, 324, 328, 336, 348, 356, 360, 368,
    376, 384, 392, 400, 404, 408, 416, 436

Reassigned labels
Map:
{"D_0": "D", "D_1": "D", "D_2": "D", "D_3": "D"}
token_fitness
{"perc_fit_traces": 0.0, "average_trace_fitness": 0.8768205076929377, "log_fitness": 0.895279191745866, "percentage_of_fitting_traces": 0.0}
precision
0.20010665244634052
0.7627118644067797
generalization
0.8087937948554283


###### Starting pipeline for 1, Distance.MULTISET_DISTANCE, 3######
Found communities: 

Clustering with 448 elements and 6 clusters
[0] 1, 5, 9, 13, 17, 21, 25, 29, 33, 37, 41, 45, 49, 53, 57, 61, 65, 69, 73,
    77, 81, 85, 89, 93, 97, 101, 105, 109, 113, 117, 121, 125, 129, 133, 137,
    141, 145, 149, 153, 157, 161, 165, 169, 173, 177, 181, 185, 189, 193, 197,
    201, 205, 209, 213, 217, 221, 225, 229, 233, 237, 241, 245, 249, 253, 257,
    261, 265, 269, 273, 277, 281, 285, 289, 293, 297, 301, 305, 309, 313, 317,
    321, 325, 329, 333, 337, 341, 345, 349, 353, 357, 361, 365, 369, 373, 377,
    381, 385, 389, 393, 397, 401, 405, 409, 413, 417, 421, 425, 429, 433, 437,
    441, 445
[1] 2, 6, 10, 14, 18, 22, 26, 30, 34, 38, 42, 46, 50, 54, 58, 62, 66, 70, 74,
    78, 82, 86, 90, 94, 98, 102, 106, 110, 114, 118, 122, 126, 130, 134, 138,
    142, 146, 150, 154, 158, 162, 166, 170, 174, 178, 182, 186, 190, 194, 198,
    202, 206, 210, 214, 218, 222, 226, 230, 234, 238, 242, 246, 250, 254, 258,
    262, 266, 270, 274, 278, 282, 286, 290, 294, 298, 302, 306, 310, 314, 318,
    322, 326, 330, 334, 338, 342, 346, 350, 354, 358, 362, 366, 370, 374, 378,
    382, 386, 390, 394, 398, 402, 406, 410, 414, 418, 422, 426, 430, 434, 438,
    442, 446
[2] 3, 7, 11, 31, 43, 51, 59, 71, 75, 79, 83, 87, 99, 111, 115, 131, 135, 139,
    143, 147, 151, 159, 167, 191, 203, 211, 223, 227, 235, 243, 259, 275, 279,
    283, 287, 291, 295, 299, 311, 319, 323, 335, 343, 347, 355, 367, 375, 383,
    391, 399, 415, 423, 427, 431, 435, 443, 447
[3] 0, 4, 8, 28, 40, 48, 56, 68, 72, 76, 80, 84, 96, 108, 112, 128, 132, 136,
    140, 144, 148, 156, 164, 188, 200, 208, 220, 224, 232, 240, 256, 272, 276,
    280, 284, 288, 292, 296, 308, 316, 320, 332, 340, 344, 352, 364, 372, 380,
    388, 396, 412, 420, 424, 428, 432, 440, 444
[4] 12, 16, 20, 24, 32, 36, 44, 52, 60, 64, 88, 92, 100, 104, 116, 120, 124,
    152, 160, 168, 172, 176, 180, 184, 192, 196, 204, 212, 216, 228, 236, 244,
    248, 252, 260, 264, 268, 300, 304, 312, 324, 328, 336, 348, 356, 360, 368,
    376, 384, 392, 400, 404, 408, 416, 436
[5] 15, 19, 23, 27, 35, 39, 47, 55, 63, 67, 91, 95, 103, 107, 119, 123, 127,
    155, 163, 171, 175, 179, 183, 187, 195, 199, 207, 215, 219, 231, 239, 247,
    251, 255, 263, 267, 271, 303, 307, 315, 327, 331, 339, 351, 359, 363, 371,
    379, 387, 395, 403, 407, 411, 419, 439

Reassigned labels
Map:
{"D_0": "D", "D_1": "D", "D_2": "D", "D_3": "D", "D_4": "D", "D_5": "D"}
token_fitness
{"perc_fit_traces": 0.0, "average_trace_fitness": 0.8768205076929377, "log_fitness": 0.895279191745866, "percentage_of_fitting_traces": 0.0}
precision
0.20010665244634052
0.7627118644067797
generalization
0.8087937948554283


###### Starting pipeline for 0, Distance.EDIT_DISTANCE, 5######
Found communities: 

Clustering with 448 elements and 3 clusters
[0] 2, 3, 6, 7, 10, 11, 14, 15, 18, 19, 22, 23, 26, 27, 30, 31, 34, 35, 38,
    39, 42, 43, 46, 47, 50, 51, 54, 55, 58, 59, 62, 63, 66, 67, 70, 71, 74,
    75, 78, 79, 82, 83, 86, 87, 90, 91, 94, 95, 98, 99, 102, 103, 106, 107,
    110, 111, 114, 115, 118, 119, 122, 123, 126, 127, 130, 131, 134, 135, 138,
    139, 142, 143, 146, 147, 150, 151, 154, 155, 158, 159, 162, 163, 166, 167,
    170, 171, 174, 175, 178, 179, 182, 183, 186, 187, 190, 191, 194, 195, 198,
    199, 202, 203, 206, 207, 210, 211, 214, 215, 218, 219, 222, 223, 226, 227,
    230, 231, 234, 235, 238, 239, 242, 243, 246, 247, 250, 251, 254, 255, 258,
    259, 262, 263, 266, 267, 270, 271, 274, 275, 278, 279, 282, 283, 286, 287,
    290, 291, 294, 295, 298, 299, 302, 303, 306, 307, 310, 311, 314, 315, 318,
    319, 322, 323, 326, 327, 330, 331, 334, 335, 338, 339, 342, 343, 346, 347,
    350, 351, 354, 355, 358, 359, 362, 363, 366, 367, 370, 371, 374, 375, 378,
    379, 382, 383, 386, 387, 390, 391, 394, 395, 398, 399, 402, 403, 406, 407,
    410, 411, 414, 415, 418, 419, 422, 423, 426, 427, 430, 431, 434, 435, 438,
    439, 442, 443, 446, 447
[1] 0, 4, 8, 12, 16, 20, 24, 28, 32, 36, 40, 44, 48, 52, 56, 60, 64, 68, 72,
    76, 80, 84, 88, 92, 96, 100, 104, 108, 112, 116, 120, 124, 128, 132, 136,
    140, 144, 148, 152, 156, 160, 164, 168, 172, 176, 180, 184, 188, 192, 196,
    200, 204, 208, 212, 216, 220, 224, 228, 232, 236, 240, 244, 248, 252, 256,
    260, 264, 268, 272, 276, 280, 284, 288, 292, 296, 300, 304, 308, 312, 316,
    320, 324, 328, 332, 336, 340, 344, 348, 352, 356, 360, 364, 368, 372, 376,
    380, 384, 388, 392, 396, 400, 404, 408, 412, 416, 420, 424, 428, 432, 436,
    440, 444
[2] 1, 5, 9, 13, 17, 21, 25, 29, 33, 37, 41, 45, 49, 53, 57, 61, 65, 69, 73,
    77, 81, 85, 89, 93, 97, 101, 105, 109, 113, 117, 121, 125, 129, 133, 137,
    141, 145, 149, 153, 157, 161, 165, 169, 173, 177, 181, 185, 189, 193, 197,
    201, 205, 209, 213, 217, 221, 225, 229, 233, 237, 241, 245, 249, 253, 257,
    261, 265, 269, 273, 277, 281, 285, 289, 293, 297, 301, 305, 309, 313, 317,
    321, 325, 329, 333, 337, 341, 345, 349, 353, 357, 361, 365, 369, 373, 377,
    381, 385, 389, 393, 397, 401, 405, 409, 413, 417, 421, 425, 429, 433, 437,
    441, 445

Reassigned labels
Map:
{"D_0": "D", "D_1": "D", "D_2": "D"}
token_fitness
{"perc_fit_traces": 0.0, "average_trace_fitness": 0.8768205076929377, "log_fitness": 0.895279191745866, "percentage_of_fitting_traces": 0.0}
precision
0.20010665244634052
0.7627118644067797
generalization
0.8087937948554283


###### Starting pipeline for 0.25, Distance.EDIT_DISTANCE, 5######
Found communities: 

Clustering with 448 elements and 2 clusters
[0] 2, 3, 6, 7, 10, 11, 14, 15, 18, 19, 22, 23, 26, 27, 30, 31, 34, 35, 38,
    39, 42, 43, 46, 47, 50, 51, 54, 55, 58, 59, 62, 63, 66, 67, 70, 71, 74,
    75, 78, 79, 82, 83, 86, 87, 90, 91, 94, 95, 98, 99, 102, 103, 106, 107,
    110, 111, 114, 115, 118, 119, 122, 123, 126, 127, 130, 131, 134, 135, 138,
    139, 142, 143, 146, 147, 150, 151, 154, 155, 158, 159, 162, 163, 166, 167,
    170, 171, 174, 175, 178, 179, 182, 183, 186, 187, 190, 191, 194, 195, 198,
    199, 202, 203, 206, 207, 210, 211, 214, 215, 218, 219, 222, 223, 226, 227,
    230, 231, 234, 235, 238, 239, 242, 243, 246, 247, 250, 251, 254, 255, 258,
    259, 262, 263, 266, 267, 270, 271, 274, 275, 278, 279, 282, 283, 286, 287,
    290, 291, 294, 295, 298, 299, 302, 303, 306, 307, 310, 311, 314, 315, 318,
    319, 322, 323, 326, 327, 330, 331, 334, 335, 338, 339, 342, 343, 346, 347,
    350, 351, 354, 355, 358, 359, 362, 363, 366, 367, 370, 371, 374, 375, 378,
    379, 382, 383, 386, 387, 390, 391, 394, 395, 398, 399, 402, 403, 406, 407,
    410, 411, 414, 415, 418, 419, 422, 423, 426, 427, 430, 431, 434, 435, 438,
    439, 442, 443, 446, 447
[1] 0, 1, 4, 5, 8, 9, 12, 13, 16, 17, 20, 21, 24, 25, 28, 29, 32, 33, 36, 37,
    40, 41, 44, 45, 48, 49, 52, 53, 56, 57, 60, 61, 64, 65, 68, 69, 72, 73,
    76, 77, 80, 81, 84, 85, 88, 89, 92, 93, 96, 97, 100, 101, 104, 105, 108,
    109, 112, 113, 116, 117, 120, 121, 124, 125, 128, 129, 132, 133, 136, 137,
    140, 141, 144, 145, 148, 149, 152, 153, 156, 157, 160, 161, 164, 165, 168,
    169, 172, 173, 176, 177, 180, 181, 184, 185, 188, 189, 192, 193, 196, 197,
    200, 201, 204, 205, 208, 209, 212, 213, 216, 217, 220, 221, 224, 225, 228,
    229, 232, 233, 236, 237, 240, 241, 244, 245, 248, 249, 252, 253, 256, 257,
    260, 261, 264, 265, 268, 269, 272, 273, 276, 277, 280, 281, 284, 285, 288,
    289, 292, 293, 296, 297, 300, 301, 304, 305, 308, 309, 312, 313, 316, 317,
    320, 321, 324, 325, 328, 329, 332, 333, 336, 337, 340, 341, 344, 345, 348,
    349, 352, 353, 356, 357, 360, 361, 364, 365, 368, 369, 372, 373, 376, 377,
    380, 381, 384, 385, 388, 389, 392, 393, 396, 397, 400, 401, 404, 405, 408,
    409, 412, 413, 416, 417, 420, 421, 424, 425, 428, 429, 432, 433, 436, 437,
    440, 441, 444, 445

Reassigned labels
Map:
{"D_0": "D", "D_1": "D"}
token_fitness
{"perc_fit_traces": 0.0, "average_trace_fitness": 0.8768205076929377, "log_fitness": 0.895279191745866, "percentage_of_fitting_traces": 0.0}
precision
0.20010665244634052
0.7627118644067797
generalization
0.8087937948554283


###### Starting pipeline for 0.5, Distance.EDIT_DISTANCE, 5######
Found communities: 

Clustering with 448 elements and 2 clusters
[0] 2, 3, 6, 7, 10, 11, 14, 15, 18, 19, 22, 23, 26, 27, 30, 31, 34, 35, 38,
    39, 42, 43, 46, 47, 50, 51, 54, 55, 58, 59, 62, 63, 66, 67, 70, 71, 74,
    75, 78, 79, 82, 83, 86, 87, 90, 91, 94, 95, 98, 99, 102, 103, 106, 107,
    110, 111, 114, 115, 118, 119, 122, 123, 126, 127, 130, 131, 134, 135, 138,
    139, 142, 143, 146, 147, 150, 151, 154, 155, 158, 159, 162, 163, 166, 167,
    170, 171, 174, 175, 178, 179, 182, 183, 186, 187, 190, 191, 194, 195, 198,
    199, 202, 203, 206, 207, 210, 211, 214, 215, 218, 219, 222, 223, 226, 227,
    230, 231, 234, 235, 238, 239, 242, 243, 246, 247, 250, 251, 254, 255, 258,
    259, 262, 263, 266, 267, 270, 271, 274, 275, 278, 279, 282, 283, 286, 287,
    290, 291, 294, 295, 298, 299, 302, 303, 306, 307, 310, 311, 314, 315, 318,
    319, 322, 323, 326, 327, 330, 331, 334, 335, 338, 339, 342, 343, 346, 347,
    350, 351, 354, 355, 358, 359, 362, 363, 366, 367, 370, 371, 374, 375, 378,
    379, 382, 383, 386, 387, 390, 391, 394, 395, 398, 399, 402, 403, 406, 407,
    410, 411, 414, 415, 418, 419, 422, 423, 426, 427, 430, 431, 434, 435, 438,
    439, 442, 443, 446, 447
[1] 0, 1, 4, 5, 8, 9, 12, 13, 16, 17, 20, 21, 24, 25, 28, 29, 32, 33, 36, 37,
    40, 41, 44, 45, 48, 49, 52, 53, 56, 57, 60, 61, 64, 65, 68, 69, 72, 73,
    76, 77, 80, 81, 84, 85, 88, 89, 92, 93, 96, 97, 100, 101, 104, 105, 108,
    109, 112, 113, 116, 117, 120, 121, 124, 125, 128, 129, 132, 133, 136, 137,
    140, 141, 144, 145, 148, 149, 152, 153, 156, 157, 160, 161, 164, 165, 168,
    169, 172, 173, 176, 177, 180, 181, 184, 185, 188, 189, 192, 193, 196, 197,
    200, 201, 204, 205, 208, 209, 212, 213, 216, 217, 220, 221, 224, 225, 228,
    229, 232, 233, 236, 237, 240, 241, 244, 245, 248, 249, 252, 253, 256, 257,
    260, 261, 264, 265, 268, 269, 272, 273, 276, 277, 280, 281, 284, 285, 288,
    289, 292, 293, 296, 297, 300, 301, 304, 305, 308, 309, 312, 313, 316, 317,
    320, 321, 324, 325, 328, 329, 332, 333, 336, 337, 340, 341, 344, 345, 348,
    349, 352, 353, 356, 357, 360, 361, 364, 365, 368, 369, 372, 373, 376, 377,
    380, 381, 384, 385, 388, 389, 392, 393, 396, 397, 400, 401, 404, 405, 408,
    409, 412, 413, 416, 417, 420, 421, 424, 425, 428, 429, 432, 433, 436, 437,
    440, 441, 444, 445

Reassigned labels
Map:
{"D_0": "D", "D_1": "D"}
token_fitness
{"perc_fit_traces": 0.0, "average_trace_fitness": 0.8768205076929377, "log_fitness": 0.895279191745866, "percentage_of_fitting_traces": 0.0}
precision
0.20010665244634052
0.7627118644067797
generalization
0.8087937948554283


###### Starting pipeline for 0.75, Distance.EDIT_DISTANCE, 5######
Found communities: 

Clustering with 448 elements and 5 clusters
[0] 2, 3, 6, 7, 10, 11, 30, 31, 42, 43, 50, 51, 58, 59, 70, 71, 74, 75, 78,
    79, 82, 83, 86, 87, 98, 99, 110, 111, 114, 115, 130, 131, 134, 135, 138,
    139, 142, 143, 146, 147, 150, 151, 158, 159, 166, 167, 190, 191, 202, 203,
    210, 211, 222, 223, 226, 227, 234, 235, 242, 243, 258, 259, 274, 275, 278,
    279, 282, 283, 286, 287, 290, 291, 294, 295, 298, 299, 310, 311, 318, 319,
    322, 323, 334, 335, 342, 343, 346, 347, 354, 355, 366, 367, 374, 375, 382,
    383, 390, 391, 398, 399, 414, 415, 422, 423, 426, 427, 430, 431, 434, 435,
    442, 443, 446, 447
[1] 1, 5, 9, 13, 17, 21, 25, 29, 33, 37, 41, 45, 49, 53, 57, 61, 65, 69, 73,
    77, 81, 85, 89, 93, 97, 101, 105, 109, 113, 117, 121, 125, 129, 133, 137,
    141, 145, 149, 153, 157, 161, 165, 169, 173, 177, 181, 185, 189, 193, 197,
    201, 205, 209, 213, 217, 221, 225, 229, 233, 237, 241, 245, 249, 253, 257,
    261, 265, 269, 273, 277, 281, 285, 289, 293, 297, 301, 305, 309, 313, 317,
    321, 325, 329, 333, 337, 341, 345, 349, 353, 357, 361, 365, 369, 373, 377,
    381, 385, 389, 393, 397, 401, 405, 409, 413, 417, 421, 425, 429, 433, 437,
    441, 445
[2] 14, 15, 18, 19, 22, 23, 26, 27, 34, 35, 38, 39, 46, 47, 54, 55, 62, 63,
    66, 67, 90, 91, 94, 95, 102, 103, 106, 107, 118, 119, 122, 123, 126, 127,
    154, 155, 162, 163, 170, 171, 174, 175, 178, 179, 182, 183, 186, 187, 194,
    195, 198, 199, 206, 207, 214, 215, 218, 219, 230, 231, 238, 239, 246, 247,
    250, 251, 254, 255, 262, 263, 266, 267, 270, 271, 302, 303, 306, 307, 314,
    315, 326, 327, 330, 331, 338, 339, 350, 351, 358, 359, 362, 363, 370, 371,
    378, 379, 386, 387, 394, 395, 402, 403, 406, 407, 410, 411, 418, 419, 438,
    439
[3] 0, 4, 8, 28, 40, 48, 56, 68, 72, 76, 80, 84, 96, 108, 112, 128, 132, 136,
    140, 144, 148, 156, 164, 188, 200, 208, 220, 224, 232, 240, 256, 272, 276,
    280, 284, 288, 292, 296, 308, 316, 320, 332, 340, 344, 352, 364, 372, 380,
    388, 396, 412, 420, 424, 428, 432, 440, 444
[4] 12, 16, 20, 24, 32, 36, 44, 52, 60, 64, 88, 92, 100, 104, 116, 120, 124,
    152, 160, 168, 172, 176, 180, 184, 192, 196, 204, 212, 216, 228, 236, 244,
    248, 252, 260, 264, 268, 300, 304, 312, 324, 328, 336, 348, 356, 360, 368,
    376, 384, 392, 400, 404, 408, 416, 436

Reassigned labels
Map:
{"D_0": "D", "D_1": "D", "D_2": "D", "D_3": "D", "D_4": "D"}
token_fitness
{"perc_fit_traces": 0.0, "average_trace_fitness": 0.8768205076929377, "log_fitness": 0.895279191745866, "percentage_of_fitting_traces": 0.0}
precision
0.20010665244634052
0.7627118644067797
generalization
0.8087937948554283


###### Starting pipeline for 1, Distance.EDIT_DISTANCE, 5######
Found communities: 

Clustering with 448 elements and 16 clusters
[ 0] 1, 5, 9, 29, 41, 49, 57, 69, 73, 77, 81, 85, 97, 109, 113, 129, 133, 137,
     141, 145, 149, 157, 165, 189, 201, 209, 221, 225, 233, 241, 257, 273,
     277, 281, 285, 289, 293, 297, 309, 317, 321, 333, 341, 345, 353, 365,
     373, 381, 389, 397, 413, 421, 425, 429, 433, 441, 445
[ 1] 0, 4, 8, 28, 40, 48, 56, 68, 72, 76, 80, 84, 96, 108, 112, 128, 132, 136,
     140, 144, 148, 156, 164, 188, 200, 208, 220, 224, 232, 240, 256, 272,
     276, 280, 284, 288, 292, 296, 308, 316, 320, 332, 340, 344, 352, 364,
     372, 380, 388, 396, 412, 420, 424, 428, 432, 440, 444
[ 2] 12, 16, 20, 24, 32, 36, 44, 52, 60, 64, 88, 92, 100, 104, 116, 120, 124,
     152, 160, 168, 172, 176, 180, 184, 192, 196, 204, 212, 216, 228, 236,
     244, 248, 252, 260, 264, 268, 300, 304, 312, 324, 328, 336, 348, 356,
     360, 368, 376, 384, 392, 400, 404, 408, 416, 436
[ 3] 13, 17, 21, 25, 33, 37, 45, 53, 61, 65, 89, 93, 101, 105, 117, 121, 125,
     153, 161, 169, 173, 177, 181, 185, 193, 197, 205, 213, 217, 229, 237,
     245, 249, 253, 261, 265, 269, 301, 305, 313, 325, 329, 337, 349, 357,
     361, 369, 377, 385, 393, 401, 405, 409, 417, 437
[ 4] 14, 34, 38, 54, 62, 94, 102, 118, 122, 126, 170, 178, 182, 198, 214, 250,
     254, 266, 270, 306, 314, 330, 338, 358, 378, 394, 402, 406, 418, 438
[ 5] 2, 30, 50, 78, 98, 110, 138, 146, 158, 166, 190, 202, 210, 222, 226, 234,
     258, 278, 282, 294, 298, 318, 334, 342, 354, 382, 414, 426, 430
[ 6] 35, 39, 55, 63, 95, 103, 119, 123, 127, 171, 179, 183, 199, 215, 251,
     255, 267, 271, 307, 315, 331, 339, 359, 379, 395, 403, 407, 419, 439
[ 7] 6, 10, 42, 58, 70, 74, 82, 86, 114, 130, 134, 142, 150, 242, 274, 286,
     290, 310, 322, 346, 366, 374, 390, 398, 422, 434, 442, 446
[ 8] 31, 51, 79, 99, 111, 139, 147, 159, 167, 191, 203, 211, 223, 227, 235,
     259, 279, 283, 295, 299, 319, 335, 343, 355, 383, 415, 427, 431
[ 9] 7, 43, 59, 71, 75, 83, 87, 115, 131, 135, 143, 151, 243, 275, 287, 291,
     311, 323, 347, 367, 375, 391, 399, 423, 435, 443, 447
[10] 18, 22, 26, 46, 66, 90, 106, 154, 162, 174, 186, 194, 206, 218, 230, 238,
     246, 262, 302, 326, 350, 362, 370, 386, 410
[11] 23, 27, 47, 67, 91, 107, 155, 163, 175, 187, 195, 207, 219, 231, 239,
     247, 263, 303, 327, 351, 363, 371, 387, 411
[12] 3
[13] 11
[14] 15
[15] 19

Reassigned labels
Map:
{"D_0": "D", "D_1": "D", "D_2": "D", "D_3": "D", "D_4": "D", "D_5": "D", "D_6": "D", "D_7": "D", "D_8": "D", "D_9": "D", "D_10": "D", "D_11": "D", "D_12": "D", "D_13": "D", "D_14": "D", "D_15": "D"}
token_fitness
{"perc_fit_traces": 0.0, "average_trace_fitness": 0.8768205076929377, "log_fitness": 0.895279191745866, "percentage_of_fitting_traces": 0.0}
precision
0.20010665244634052
0.7627118644067797
generalization
0.8087937948554283


###### Starting pipeline for 0, Distance.SET_DISTANCE, 5######
Found communities: 

Clustering with 448 elements and 4 clusters
[0] 0, 4, 8, 12, 16, 20, 24, 28, 32, 36, 40, 44, 48, 52, 56, 60, 64, 68, 72,
    76, 80, 84, 88, 92, 96, 100, 104, 108, 112, 116, 120, 124, 128, 132, 136,
    140, 144, 148, 152, 156, 160, 164, 168, 172, 176, 180, 184, 188, 192, 196,
    200, 204, 208, 212, 216, 220, 224, 228, 232, 236, 240, 244, 248, 252, 256,
    260, 264, 268, 272, 276, 280, 284, 288, 292, 296, 300, 304, 308, 312, 316,
    320, 324, 328, 332, 336, 340, 344, 348, 352, 356, 360, 364, 368, 372, 376,
    380, 384, 388, 392, 396, 400, 404, 408, 412, 416, 420, 424, 428, 432, 436,
    440, 444
[1] 3, 7, 11, 15, 19, 23, 27, 31, 35, 39, 43, 47, 51, 55, 59, 63, 67, 71, 75,
    79, 83, 87, 91, 95, 99, 103, 107, 111, 115, 119, 123, 127, 131, 135, 139,
    143, 147, 151, 155, 159, 163, 167, 171, 175, 179, 183, 187, 191, 195, 199,
    203, 207, 211, 215, 219, 223, 227, 231, 235, 239, 243, 247, 251, 255, 259,
    263, 267, 271, 275, 279, 283, 287, 291, 295, 299, 303, 307, 311, 315, 319,
    323, 327, 331, 335, 339, 343, 347, 351, 355, 359, 363, 367, 371, 375, 379,
    383, 387, 391, 395, 399, 403, 407, 411, 415, 419, 423, 427, 431, 435, 439,
    443, 447
[2] 2, 6, 10, 14, 18, 22, 26, 30, 34, 38, 42, 46, 50, 54, 58, 62, 66, 70, 74,
    78, 82, 86, 90, 94, 98, 102, 106, 110, 114, 118, 122, 126, 130, 134, 138,
    142, 146, 150, 154, 158, 162, 166, 170, 174, 178, 182, 186, 190, 194, 198,
    202, 206, 210, 214, 218, 222, 226, 230, 234, 238, 242, 246, 250, 254, 258,
    262, 266, 270, 274, 278, 282, 286, 290, 294, 298, 302, 306, 310, 314, 318,
    322, 326, 330, 334, 338, 342, 346, 350, 354, 358, 362, 366, 370, 374, 378,
    382, 386, 390, 394, 398, 402, 406, 410, 414, 418, 422, 426, 430, 434, 438,
    442, 446
[3] 1, 5, 9, 13, 17, 21, 25, 29, 33, 37, 41, 45, 49, 53, 57, 61, 65, 69, 73,
    77, 81, 85, 89, 93, 97, 101, 105, 109, 113, 117, 121, 125, 129, 133, 137,
    141, 145, 149, 153, 157, 161, 165, 169, 173, 177, 181, 185, 189, 193, 197,
    201, 205, 209, 213, 217, 221, 225, 229, 233, 237, 241, 245, 249, 253, 257,
    261, 265, 269, 273, 277, 281, 285, 289, 293, 297, 301, 305, 309, 313, 317,
    321, 325, 329, 333, 337, 341, 345, 349, 353, 357, 361, 365, 369, 373, 377,
    381, 385, 389, 393, 397, 401, 405, 409, 413, 417, 421, 425, 429, 433, 437,
    441, 445

Reassigned labels
Map:
{"D_0": "D", "D_1": "D", "D_2": "D", "D_3": "D"}
token_fitness
{"perc_fit_traces": 0.0, "average_trace_fitness": 0.8768205076929377, "log_fitness": 0.895279191745866, "percentage_of_fitting_traces": 0.0}
precision
0.20010665244634052
0.7627118644067797
generalization
0.8087937948554283


###### Starting pipeline for 0.25, Distance.SET_DISTANCE, 5######
Found communities: 

Clustering with 448 elements and 4 clusters
[0] 0, 4, 8, 12, 16, 20, 24, 28, 32, 36, 40, 44, 48, 52, 56, 60, 64, 68, 72,
    76, 80, 84, 88, 92, 96, 100, 104, 108, 112, 116, 120, 124, 128, 132, 136,
    140, 144, 148, 152, 156, 160, 164, 168, 172, 176, 180, 184, 188, 192, 196,
    200, 204, 208, 212, 216, 220, 224, 228, 232, 236, 240, 244, 248, 252, 256,
    260, 264, 268, 272, 276, 280, 284, 288, 292, 296, 300, 304, 308, 312, 316,
    320, 324, 328, 332, 336, 340, 344, 348, 352, 356, 360, 364, 368, 372, 376,
    380, 384, 388, 392, 396, 400, 404, 408, 412, 416, 420, 424, 428, 432, 436,
    440, 444
[1] 3, 7, 11, 15, 19, 23, 27, 31, 35, 39, 43, 47, 51, 55, 59, 63, 67, 71, 75,
    79, 83, 87, 91, 95, 99, 103, 107, 111, 115, 119, 123, 127, 131, 135, 139,
    143, 147, 151, 155, 159, 163, 167, 171, 175, 179, 183, 187, 191, 195, 199,
    203, 207, 211, 215, 219, 223, 227, 231, 235, 239, 243, 247, 251, 255, 259,
    263, 267, 271, 275, 279, 283, 287, 291, 295, 299, 303, 307, 311, 315, 319,
    323, 327, 331, 335, 339, 343, 347, 351, 355, 359, 363, 367, 371, 375, 379,
    383, 387, 391, 395, 399, 403, 407, 411, 415, 419, 423, 427, 431, 435, 439,
    443, 447
[2] 2, 6, 10, 14, 18, 22, 26, 30, 34, 38, 42, 46, 50, 54, 58, 62, 66, 70, 74,
    78, 82, 86, 90, 94, 98, 102, 106, 110, 114, 118, 122, 126, 130, 134, 138,
    142, 146, 150, 154, 158, 162, 166, 170, 174, 178, 182, 186, 190, 194, 198,
    202, 206, 210, 214, 218, 222, 226, 230, 234, 238, 242, 246, 250, 254, 258,
    262, 266, 270, 274, 278, 282, 286, 290, 294, 298, 302, 306, 310, 314, 318,
    322, 326, 330, 334, 338, 342, 346, 350, 354, 358, 362, 366, 370, 374, 378,
    382, 386, 390, 394, 398, 402, 406, 410, 414, 418, 422, 426, 430, 434, 438,
    442, 446
[3] 1, 5, 9, 13, 17, 21, 25, 29, 33, 37, 41, 45, 49, 53, 57, 61, 65, 69, 73,
    77, 81, 85, 89, 93, 97, 101, 105, 109, 113, 117, 121, 125, 129, 133, 137,
    141, 145, 149, 153, 157, 161, 165, 169, 173, 177, 181, 185, 189, 193, 197,
    201, 205, 209, 213, 217, 221, 225, 229, 233, 237, 241, 245, 249, 253, 257,
    261, 265, 269, 273, 277, 281, 285, 289, 293, 297, 301, 305, 309, 313, 317,
    321, 325, 329, 333, 337, 341, 345, 349, 353, 357, 361, 365, 369, 373, 377,
    381, 385, 389, 393, 397, 401, 405, 409, 413, 417, 421, 425, 429, 433, 437,
    441, 445

Reassigned labels
Map:
{"D_0": "D", "D_1": "D", "D_2": "D", "D_3": "D"}
token_fitness
{"perc_fit_traces": 0.0, "average_trace_fitness": 0.8768205076929377, "log_fitness": 0.895279191745866, "percentage_of_fitting_traces": 0.0}
precision
0.20010665244634052
0.7627118644067797
generalization
0.8087937948554283


###### Starting pipeline for 0.5, Distance.SET_DISTANCE, 5######
Found communities: 

Clustering with 448 elements and 4 clusters
[0] 3, 7, 11, 15, 19, 23, 27, 31, 35, 39, 43, 47, 51, 55, 59, 63, 67, 71, 75,
    79, 83, 87, 91, 95, 99, 103, 107, 111, 115, 119, 123, 127, 131, 135, 139,
    143, 147, 151, 155, 159, 163, 167, 171, 175, 179, 183, 187, 191, 195, 199,
    203, 207, 211, 215, 219, 223, 227, 231, 235, 239, 243, 247, 251, 255, 259,
    263, 267, 271, 275, 279, 283, 287, 291, 295, 299, 303, 307, 311, 315, 319,
    323, 327, 331, 335, 339, 343, 347, 351, 355, 359, 363, 367, 371, 375, 379,
    383, 387, 391, 395, 399, 403, 407, 411, 415, 419, 423, 427, 431, 435, 439,
    443, 447
[1] 0, 4, 8, 12, 16, 20, 24, 28, 32, 36, 40, 44, 48, 52, 56, 60, 64, 68, 72,
    76, 80, 84, 88, 92, 96, 100, 104, 108, 112, 116, 120, 124, 128, 132, 136,
    140, 144, 148, 152, 156, 160, 164, 168, 172, 176, 180, 184, 188, 192, 196,
    200, 204, 208, 212, 216, 220, 224, 228, 232, 236, 240, 244, 248, 252, 256,
    260, 264, 268, 272, 276, 280, 284, 288, 292, 296, 300, 304, 308, 312, 316,
    320, 324, 328, 332, 336, 340, 344, 348, 352, 356, 360, 364, 368, 372, 376,
    380, 384, 388, 392, 396, 400, 404, 408, 412, 416, 420, 424, 428, 432, 436,
    440, 444
[2] 2, 6, 10, 14, 18, 22, 26, 30, 34, 38, 42, 46, 50, 54, 58, 62, 66, 70, 74,
    78, 82, 86, 90, 94, 98, 102, 106, 110, 114, 118, 122, 126, 130, 134, 138,
    142, 146, 150, 154, 158, 162, 166, 170, 174, 178, 182, 186, 190, 194, 198,
    202, 206, 210, 214, 218, 222, 226, 230, 234, 238, 242, 246, 250, 254, 258,
    262, 266, 270, 274, 278, 282, 286, 290, 294, 298, 302, 306, 310, 314, 318,
    322, 326, 330, 334, 338, 342, 346, 350, 354, 358, 362, 366, 370, 374, 378,
    382, 386, 390, 394, 398, 402, 406, 410, 414, 418, 422, 426, 430, 434, 438,
    442, 446
[3] 1, 5, 9, 13, 17, 21, 25, 29, 33, 37, 41, 45, 49, 53, 57, 61, 65, 69, 73,
    77, 81, 85, 89, 93, 97, 101, 105, 109, 113, 117, 121, 125, 129, 133, 137,
    141, 145, 149, 153, 157, 161, 165, 169, 173, 177, 181, 185, 189, 193, 197,
    201, 205, 209, 213, 217, 221, 225, 229, 233, 237, 241, 245, 249, 253, 257,
    261, 265, 269, 273, 277, 281, 285, 289, 293, 297, 301, 305, 309, 313, 317,
    321, 325, 329, 333, 337, 341, 345, 349, 353, 357, 361, 365, 369, 373, 377,
    381, 385, 389, 393, 397, 401, 405, 409, 413, 417, 421, 425, 429, 433, 437,
    441, 445

Reassigned labels
Map:
{"D_0": "D", "D_1": "D", "D_2": "D", "D_3": "D"}
token_fitness
{"perc_fit_traces": 0.0, "average_trace_fitness": 0.8768205076929377, "log_fitness": 0.895279191745866, "percentage_of_fitting_traces": 0.0}
precision
0.20010665244634052
0.7627118644067797
generalization
0.8087937948554283


###### Starting pipeline for 0.75, Distance.SET_DISTANCE, 5######
Found communities: 

Clustering with 448 elements and 3 clusters
[0] 2, 3, 6, 7, 10, 11, 14, 15, 18, 19, 22, 23, 26, 27, 30, 31, 34, 35, 38,
    39, 42, 43, 46, 47, 50, 51, 54, 55, 58, 59, 62, 63, 66, 67, 70, 71, 74,
    75, 78, 79, 82, 83, 86, 87, 90, 91, 94, 95, 98, 99, 102, 103, 106, 107,
    110, 111, 114, 115, 118, 119, 122, 123, 126, 127, 130, 131, 134, 135, 138,
    139, 142, 143, 146, 147, 150, 151, 154, 155, 158, 159, 162, 163, 166, 167,
    170, 171, 174, 175, 178, 179, 182, 183, 186, 187, 190, 191, 194, 195, 198,
    199, 202, 203, 206, 207, 210, 211, 214, 215, 218, 219, 222, 223, 226, 227,
    230, 231, 234, 235, 238, 239, 242, 243, 246, 247, 250, 251, 254, 255, 258,
    259, 262, 263, 266, 267, 270, 271, 274, 275, 278, 279, 282, 283, 286, 287,
    290, 291, 294, 295, 298, 299, 302, 303, 306, 307, 310, 311, 314, 315, 318,
    319, 322, 323, 326, 327, 330, 331, 334, 335, 338, 339, 342, 343, 346, 347,
    350, 351, 354, 355, 358, 359, 362, 363, 366, 367, 370, 371, 374, 375, 378,
    379, 382, 383, 386, 387, 390, 391, 394, 395, 398, 399, 402, 403, 406, 407,
    410, 411, 414, 415, 418, 419, 422, 423, 426, 427, 430, 431, 434, 435, 438,
    439, 442, 443, 446, 447
[1] 0, 1, 4, 5, 8, 9, 13, 17, 21, 25, 28, 29, 33, 37, 40, 41, 45, 48, 49, 53,
    56, 57, 61, 65, 68, 69, 72, 73, 76, 77, 80, 81, 84, 85, 89, 93, 96, 97,
    101, 105, 108, 109, 112, 113, 117, 121, 125, 128, 129, 132, 133, 136, 137,
    140, 141, 144, 145, 148, 149, 153, 156, 157, 161, 164, 165, 169, 173, 177,
    181, 185, 188, 189, 193, 197, 200, 201, 205, 208, 209, 213, 217, 220, 221,
    224, 225, 229, 232, 233, 237, 240, 241, 245, 249, 253, 256, 257, 261, 265,
    269, 272, 273, 276, 277, 280, 281, 284, 285, 288, 289, 292, 293, 296, 297,
    301, 305, 308, 309, 313, 316, 317, 320, 321, 325, 329, 332, 333, 337, 340,
    341, 344, 345, 349, 352, 353, 357, 361, 364, 365, 369, 372, 373, 377, 380,
    381, 385, 388, 389, 393, 396, 397, 401, 405, 409, 412, 413, 417, 420, 421,
    424, 425, 428, 429, 432, 433, 437, 440, 441, 444, 445
[2] 12, 16, 20, 24, 32, 36, 44, 52, 60, 64, 88, 92, 100, 104, 116, 120, 124,
    152, 160, 168, 172, 176, 180, 184, 192, 196, 204, 212, 216, 228, 236, 244,
    248, 252, 260, 264, 268, 300, 304, 312, 324, 328, 336, 348, 356, 360, 368,
    376, 384, 392, 400, 404, 408, 416, 436

Reassigned labels
Map:
{"D_0": "D", "D_1": "D", "D_2": "D"}
token_fitness
{"perc_fit_traces": 0.0, "average_trace_fitness": 0.8768205076929377, "log_fitness": 0.895279191745866, "percentage_of_fitting_traces": 0.0}
precision
0.20010665244634052
0.7627118644067797
generalization
0.8087937948554283


###### Starting pipeline for 1, Distance.SET_DISTANCE, 5######
Found communities: 

Clustering with 448 elements and 8 clusters
[0] 1, 5, 9, 13, 17, 21, 25, 29, 33, 37, 41, 45, 49, 53, 57, 61, 65, 69, 73,
    77, 81, 85, 89, 93, 97, 101, 105, 109, 113, 117, 121, 125, 129, 133, 137,
    141, 145, 149, 153, 157, 161, 165, 169, 173, 177, 181, 185, 189, 193, 197,
    201, 205, 209, 213, 217, 221, 225, 229, 233, 237, 241, 245, 249, 253, 257,
    261, 265, 269, 273, 277, 281, 285, 289, 293, 297, 301, 305, 309, 313, 317,
    321, 325, 329, 333, 337, 341, 345, 349, 353, 357, 361, 365, 369, 373, 377,
    381, 385, 389, 393, 397, 401, 405, 409, 413, 417, 421, 425, 429, 433, 437,
    441, 445
[1] 7, 23, 27, 31, 35, 39, 43, 47, 51, 55, 59, 63, 67, 71, 75, 79, 83, 87, 91,
    95, 99, 103, 107, 111, 115, 119, 123, 127, 131, 135, 139, 143, 147, 151,
    155, 159, 163, 167, 171, 175, 179, 183, 187, 191, 195, 199, 203, 207, 211,
    215, 219, 223, 227, 231, 235, 239, 243, 247, 251, 255, 259, 263, 267, 271,
    275, 279, 283, 287, 291, 295, 299, 303, 307, 311, 315, 319, 323, 327, 331,
    335, 339, 343, 347, 351, 355, 359, 363, 367, 371, 375, 379, 383, 387, 391,
    395, 399, 403, 407, 411, 415, 419, 423, 427, 431, 435, 439, 443, 447
[2] 6, 10, 14, 34, 38, 42, 54, 58, 62, 70, 74, 82, 86, 94, 102, 114, 118, 122,
    126, 130, 134, 142, 150, 170, 178, 182, 198, 214, 242, 250, 254, 266, 270,
    274, 286, 290, 306, 310, 314, 322, 330, 338, 346, 358, 366, 374, 378, 390,
    394, 398, 402, 406, 418, 422, 434, 438, 442, 446
[3] 0, 4, 8, 28, 40, 48, 56, 68, 72, 76, 80, 84, 96, 108, 112, 128, 132, 136,
    140, 144, 148, 156, 164, 188, 200, 208, 220, 224, 232, 240, 256, 272, 276,
    280, 284, 288, 292, 296, 308, 316, 320, 332, 340, 344, 352, 364, 372, 380,
    388, 396, 412, 420, 424, 428, 432, 440, 444
[4] 12, 16, 20, 24, 32, 36, 44, 52, 60, 64, 88, 92, 100, 104, 116, 120, 124,
    152, 160, 168, 172, 176, 180, 184, 192, 196, 204, 212, 216, 228, 236, 244,
    248, 252, 260, 264, 268, 300, 304, 312, 324, 328, 336, 348, 356, 360, 368,
    376, 384, 392, 400, 404, 408, 416, 436
[5] 2, 18, 22, 26, 30, 46, 50, 66, 78, 90, 98, 106, 110, 138, 146, 154, 158,
    162, 166, 174, 186, 190, 194, 202, 206, 210, 218, 222, 226, 230, 234, 238,
    246, 258, 262, 278, 282, 294, 298, 302, 318, 326, 334, 342, 350, 354, 362,
    370, 382, 386, 410, 414, 426, 430
[6] 3, 19
[7] 11, 15

Reassigned labels
Map:
{"D_0": "D", "D_1": "D", "D_2": "D", "D_3": "D", "D_4": "D", "D_5": "D", "D_6": "D", "D_7": "D"}
token_fitness
{"perc_fit_traces": 0.0, "average_trace_fitness": 0.8768205076929377, "log_fitness": 0.895279191745866, "percentage_of_fitting_traces": 0.0}
precision
0.20010665244634052
0.7627118644067797
generalization
0.8087937948554283


###### Starting pipeline for 0, Distance.MULTISET_DISTANCE, 5######
Found communities: 

Clustering with 448 elements and 3 clusters
[0] 2, 3, 6, 7, 10, 11, 14, 15, 18, 19, 22, 23, 26, 27, 30, 31, 34, 35, 38,
    39, 42, 43, 46, 47, 50, 51, 54, 55, 58, 59, 62, 63, 66, 67, 70, 71, 74,
    75, 78, 79, 82, 83, 86, 87, 90, 91, 94, 95, 98, 99, 102, 103, 106, 107,
    110, 111, 114, 115, 118, 119, 122, 123, 126, 127, 130, 131, 134, 135, 138,
    139, 142, 143, 146, 147, 150, 151, 154, 155, 158, 159, 162, 163, 166, 167,
    170, 171, 174, 175, 178, 179, 182, 183, 186, 187, 190, 191, 194, 195, 198,
    199, 202, 203, 206, 207, 210, 211, 214, 215, 218, 219, 222, 223, 226, 227,
    230, 231, 234, 235, 238, 239, 242, 243, 246, 247, 250, 251, 254, 255, 258,
    259, 262, 263, 266, 267, 270, 271, 274, 275, 278, 279, 282, 283, 286, 287,
    290, 291, 294, 295, 298, 299, 302, 303, 306, 307, 310, 311, 314, 315, 318,
    319, 322, 323, 326, 327, 330, 331, 334, 335, 338, 339, 342, 343, 346, 347,
    350, 351, 354, 355, 358, 359, 362, 363, 366, 367, 370, 371, 374, 375, 378,
    379, 382, 383, 386, 387, 390, 391, 394, 395, 398, 399, 402, 403, 406, 407,
    410, 411, 414, 415, 418, 419, 422, 423, 426, 427, 430, 431, 434, 435, 438,
    439, 442, 443, 446, 447
[1] 0, 4, 8, 12, 16, 20, 24, 28, 32, 36, 40, 44, 48, 52, 56, 60, 64, 68, 72,
    76, 80, 84, 88, 92, 96, 100, 104, 108, 112, 116, 120, 124, 128, 132, 136,
    140, 144, 148, 152, 156, 160, 164, 168, 172, 176, 180, 184, 188, 192, 196,
    200, 204, 208, 212, 216, 220, 224, 228, 232, 236, 240, 244, 248, 252, 256,
    260, 264, 268, 272, 276, 280, 284, 288, 292, 296, 300, 304, 308, 312, 316,
    320, 324, 328, 332, 336, 340, 344, 348, 352, 356, 360, 364, 368, 372, 376,
    380, 384, 388, 392, 396, 400, 404, 408, 412, 416, 420, 424, 428, 432, 436,
    440, 444
[2] 1, 5, 9, 13, 17, 21, 25, 29, 33, 37, 41, 45, 49, 53, 57, 61, 65, 69, 73,
    77, 81, 85, 89, 93, 97, 101, 105, 109, 113, 117, 121, 125, 129, 133, 137,
    141, 145, 149, 153, 157, 161, 165, 169, 173, 177, 181, 185, 189, 193, 197,
    201, 205, 209, 213, 217, 221, 225, 229, 233, 237, 241, 245, 249, 253, 257,
    261, 265, 269, 273, 277, 281, 285, 289, 293, 297, 301, 305, 309, 313, 317,
    321, 325, 329, 333, 337, 341, 345, 349, 353, 357, 361, 365, 369, 373, 377,
    381, 385, 389, 393, 397, 401, 405, 409, 413, 417, 421, 425, 429, 433, 437,
    441, 445

Reassigned labels
Map:
{"D_0": "D", "D_1": "D", "D_2": "D"}
token_fitness
{"perc_fit_traces": 0.0, "average_trace_fitness": 0.8768205076929377, "log_fitness": 0.895279191745866, "percentage_of_fitting_traces": 0.0}
precision
0.20010665244634052
0.7627118644067797
generalization
0.8087937948554283


###### Starting pipeline for 0.25, Distance.MULTISET_DISTANCE, 5######
Found communities: 

Clustering with 448 elements and 2 clusters
[0] 2, 3, 6, 7, 10, 11, 14, 15, 18, 19, 22, 23, 26, 27, 30, 31, 34, 35, 38,
    39, 42, 43, 46, 47, 50, 51, 54, 55, 58, 59, 62, 63, 66, 67, 70, 71, 74,
    75, 78, 79, 82, 83, 86, 87, 90, 91, 94, 95, 98, 99, 102, 103, 106, 107,
    110, 111, 114, 115, 118, 119, 122, 123, 126, 127, 130, 131, 134, 135, 138,
    139, 142, 143, 146, 147, 150, 151, 154, 155, 158, 159, 162, 163, 166, 167,
    170, 171, 174, 175, 178, 179, 182, 183, 186, 187, 190, 191, 194, 195, 198,
    199, 202, 203, 206, 207, 210, 211, 214, 215, 218, 219, 222, 223, 226, 227,
    230, 231, 234, 235, 238, 239, 242, 243, 246, 247, 250, 251, 254, 255, 258,
    259, 262, 263, 266, 267, 270, 271, 274, 275, 278, 279, 282, 283, 286, 287,
    290, 291, 294, 295, 298, 299, 302, 303, 306, 307, 310, 311, 314, 315, 318,
    319, 322, 323, 326, 327, 330, 331, 334, 335, 338, 339, 342, 343, 346, 347,
    350, 351, 354, 355, 358, 359, 362, 363, 366, 367, 370, 371, 374, 375, 378,
    379, 382, 383, 386, 387, 390, 391, 394, 395, 398, 399, 402, 403, 406, 407,
    410, 411, 414, 415, 418, 419, 422, 423, 426, 427, 430, 431, 434, 435, 438,
    439, 442, 443, 446, 447
[1] 0, 1, 4, 5, 8, 9, 12, 13, 16, 17, 20, 21, 24, 25, 28, 29, 32, 33, 36, 37,
    40, 41, 44, 45, 48, 49, 52, 53, 56, 57, 60, 61, 64, 65, 68, 69, 72, 73,
    76, 77, 80, 81, 84, 85, 88, 89, 92, 93, 96, 97, 100, 101, 104, 105, 108,
    109, 112, 113, 116, 117, 120, 121, 124, 125, 128, 129, 132, 133, 136, 137,
    140, 141, 144, 145, 148, 149, 152, 153, 156, 157, 160, 161, 164, 165, 168,
    169, 172, 173, 176, 177, 180, 181, 184, 185, 188, 189, 192, 193, 196, 197,
    200, 201, 204, 205, 208, 209, 212, 213, 216, 217, 220, 221, 224, 225, 228,
    229, 232, 233, 236, 237, 240, 241, 244, 245, 248, 249, 252, 253, 256, 257,
    260, 261, 264, 265, 268, 269, 272, 273, 276, 277, 280, 281, 284, 285, 288,
    289, 292, 293, 296, 297, 300, 301, 304, 305, 308, 309, 312, 313, 316, 317,
    320, 321, 324, 325, 328, 329, 332, 333, 336, 337, 340, 341, 344, 345, 348,
    349, 352, 353, 356, 357, 360, 361, 364, 365, 368, 369, 372, 373, 376, 377,
    380, 381, 384, 385, 388, 389, 392, 393, 396, 397, 400, 401, 404, 405, 408,
    409, 412, 413, 416, 417, 420, 421, 424, 425, 428, 429, 432, 433, 436, 437,
    440, 441, 444, 445

Reassigned labels
Map:
{"D_0": "D", "D_1": "D"}
token_fitness
{"perc_fit_traces": 0.0, "average_trace_fitness": 0.8768205076929377, "log_fitness": 0.895279191745866, "percentage_of_fitting_traces": 0.0}
precision
0.20010665244634052
0.7627118644067797
generalization
0.8087937948554283


###### Starting pipeline for 0.5, Distance.MULTISET_DISTANCE, 5######
Found communities: 

Clustering with 448 elements and 2 clusters
[0] 2, 3, 6, 7, 10, 11, 14, 15, 18, 19, 22, 23, 26, 27, 30, 31, 34, 35, 38,
    39, 42, 43, 46, 47, 50, 51, 54, 55, 58, 59, 62, 63, 66, 67, 70, 71, 74,
    75, 78, 79, 82, 83, 86, 87, 90, 91, 94, 95, 98, 99, 102, 103, 106, 107,
    110, 111, 114, 115, 118, 119, 122, 123, 126, 127, 130, 131, 134, 135, 138,
    139, 142, 143, 146, 147, 150, 151, 154, 155, 158, 159, 162, 163, 166, 167,
    170, 171, 174, 175, 178, 179, 182, 183, 186, 187, 190, 191, 194, 195, 198,
    199, 202, 203, 206, 207, 210, 211, 214, 215, 218, 219, 222, 223, 226, 227,
    230, 231, 234, 235, 238, 239, 242, 243, 246, 247, 250, 251, 254, 255, 258,
    259, 262, 263, 266, 267, 270, 271, 274, 275, 278, 279, 282, 283, 286, 287,
    290, 291, 294, 295, 298, 299, 302, 303, 306, 307, 310, 311, 314, 315, 318,
    319, 322, 323, 326, 327, 330, 331, 334, 335, 338, 339, 342, 343, 346, 347,
    350, 351, 354, 355, 358, 359, 362, 363, 366, 367, 370, 371, 374, 375, 378,
    379, 382, 383, 386, 387, 390, 391, 394, 395, 398, 399, 402, 403, 406, 407,
    410, 411, 414, 415, 418, 419, 422, 423, 426, 427, 430, 431, 434, 435, 438,
    439, 442, 443, 446, 447
[1] 0, 1, 4, 5, 8, 9, 12, 13, 16, 17, 20, 21, 24, 25, 28, 29, 32, 33, 36, 37,
    40, 41, 44, 45, 48, 49, 52, 53, 56, 57, 60, 61, 64, 65, 68, 69, 72, 73,
    76, 77, 80, 81, 84, 85, 88, 89, 92, 93, 96, 97, 100, 101, 104, 105, 108,
    109, 112, 113, 116, 117, 120, 121, 124, 125, 128, 129, 132, 133, 136, 137,
    140, 141, 144, 145, 148, 149, 152, 153, 156, 157, 160, 161, 164, 165, 168,
    169, 172, 173, 176, 177, 180, 181, 184, 185, 188, 189, 192, 193, 196, 197,
    200, 201, 204, 205, 208, 209, 212, 213, 216, 217, 220, 221, 224, 225, 228,
    229, 232, 233, 236, 237, 240, 241, 244, 245, 248, 249, 252, 253, 256, 257,
    260, 261, 264, 265, 268, 269, 272, 273, 276, 277, 280, 281, 284, 285, 288,
    289, 292, 293, 296, 297, 300, 301, 304, 305, 308, 309, 312, 313, 316, 317,
    320, 321, 324, 325, 328, 329, 332, 333, 336, 337, 340, 341, 344, 345, 348,
    349, 352, 353, 356, 357, 360, 361, 364, 365, 368, 369, 372, 373, 376, 377,
    380, 381, 384, 385, 388, 389, 392, 393, 396, 397, 400, 401, 404, 405, 408,
    409, 412, 413, 416, 417, 420, 421, 424, 425, 428, 429, 432, 433, 436, 437,
    440, 441, 444, 445

Reassigned labels
Map:
{"D_0": "D", "D_1": "D"}
token_fitness
{"perc_fit_traces": 0.0, "average_trace_fitness": 0.8768205076929377, "log_fitness": 0.895279191745866, "percentage_of_fitting_traces": 0.0}
precision
0.20010665244634052
0.7627118644067797
generalization
0.8087937948554283


###### Starting pipeline for 0.75, Distance.MULTISET_DISTANCE, 5######
Found communities: 

Clustering with 448 elements and 3 clusters
[0] 2, 3, 6, 7, 10, 11, 14, 15, 18, 19, 22, 23, 26, 27, 30, 31, 34, 35, 38,
    39, 42, 43, 46, 47, 50, 51, 54, 55, 58, 59, 62, 63, 66, 67, 70, 71, 74,
    75, 78, 79, 82, 83, 86, 87, 90, 91, 94, 95, 98, 99, 102, 103, 106, 107,
    110, 111, 114, 115, 118, 119, 122, 123, 126, 127, 130, 131, 134, 135, 138,
    139, 142, 143, 146, 147, 150, 151, 154, 155, 158, 159, 162, 163, 166, 167,
    170, 171, 174, 175, 178, 179, 182, 183, 186, 187, 190, 191, 194, 195, 198,
    199, 202, 203, 206, 207, 210, 211, 214, 215, 218, 219, 222, 223, 226, 227,
    230, 231, 234, 235, 238, 239, 242, 243, 246, 247, 250, 251, 254, 255, 258,
    259, 262, 263, 266, 267, 270, 271, 274, 275, 278, 279, 282, 283, 286, 287,
    290, 291, 294, 295, 298, 299, 302, 303, 306, 307, 310, 311, 314, 315, 318,
    319, 322, 323, 326, 327, 330, 331, 334, 335, 338, 339, 342, 343, 346, 347,
    350, 351, 354, 355, 358, 359, 362, 363, 366, 367, 370, 371, 374, 375, 378,
    379, 382, 383, 386, 387, 390, 391, 394, 395, 398, 399, 402, 403, 406, 407,
    410, 411, 414, 415, 418, 419, 422, 423, 426, 427, 430, 431, 434, 435, 438,
    439, 442, 443, 446, 447
[1] 0, 4, 8, 12, 16, 20, 24, 28, 32, 36, 40, 44, 48, 52, 56, 60, 64, 68, 72,
    76, 80, 84, 88, 92, 96, 100, 104, 108, 112, 116, 120, 124, 128, 132, 136,
    140, 144, 148, 152, 156, 160, 164, 168, 172, 176, 180, 184, 188, 192, 196,
    200, 204, 208, 212, 216, 220, 224, 228, 232, 236, 240, 244, 248, 252, 256,
    260, 264, 268, 272, 276, 280, 284, 288, 292, 296, 300, 304, 308, 312, 316,
    320, 324, 328, 332, 336, 340, 344, 348, 352, 356, 360, 364, 368, 372, 376,
    380, 384, 388, 392, 396, 400, 404, 408, 412, 416, 420, 424, 428, 432, 436,
    440, 444
[2] 1, 5, 9, 13, 17, 21, 25, 29, 33, 37, 41, 45, 49, 53, 57, 61, 65, 69, 73,
    77, 81, 85, 89, 93, 97, 101, 105, 109, 113, 117, 121, 125, 129, 133, 137,
    141, 145, 149, 153, 157, 161, 165, 169, 173, 177, 181, 185, 189, 193, 197,
    201, 205, 209, 213, 217, 221, 225, 229, 233, 237, 241, 245, 249, 253, 257,
    261, 265, 269, 273, 277, 281, 285, 289, 293, 297, 301, 305, 309, 313, 317,
    321, 325, 329, 333, 337, 341, 345, 349, 353, 357, 361, 365, 369, 373, 377,
    381, 385, 389, 393, 397, 401, 405, 409, 413, 417, 421, 425, 429, 433, 437,
    441, 445

Reassigned labels
Map:
{"D_0": "D", "D_1": "D", "D_2": "D"}
token_fitness
{"perc_fit_traces": 0.0, "average_trace_fitness": 0.8768205076929377, "log_fitness": 0.895279191745866, "percentage_of_fitting_traces": 0.0}
precision
0.20010665244634052
0.7627118644067797
generalization
0.8087937948554283


###### Starting pipeline for 1, Distance.MULTISET_DISTANCE, 5######
Found communities: 

Clustering with 448 elements and 8 clusters
[0] 1, 5, 9, 13, 17, 21, 25, 29, 33, 37, 41, 45, 49, 53, 57, 61, 65, 69, 73,
    77, 81, 85, 89, 93, 97, 101, 105, 109, 113, 117, 121, 125, 129, 133, 137,
    141, 145, 149, 153, 157, 161, 165, 169, 173, 177, 181, 185, 189, 193, 197,
    201, 205, 209, 213, 217, 221, 225, 229, 233, 237, 241, 245, 249, 253, 257,
    261, 265, 269, 273, 277, 281, 285, 289, 293, 297, 301, 305, 309, 313, 317,
    321, 325, 329, 333, 337, 341, 345, 349, 353, 357, 361, 365, 369, 373, 377,
    381, 385, 389, 393, 397, 401, 405, 409, 413, 417, 421, 425, 429, 433, 437,
    441, 445
[1] 7, 23, 27, 31, 35, 39, 43, 47, 51, 55, 59, 63, 67, 71, 75, 79, 83, 87, 91,
    95, 99, 103, 107, 111, 115, 119, 123, 127, 131, 135, 139, 143, 147, 151,
    155, 159, 163, 167, 171, 175, 179, 183, 187, 191, 195, 199, 203, 207, 211,
    215, 219, 223, 227, 231, 235, 239, 243, 247, 251, 255, 259, 263, 267, 271,
    275, 279, 283, 287, 291, 295, 299, 303, 307, 311, 315, 319, 323, 327, 331,
    335, 339, 343, 347, 351, 355, 359, 363, 367, 371, 375, 379, 383, 387, 391,
    395, 399, 403, 407, 411, 415, 419, 423, 427, 431, 435, 439, 443, 447
[2] 6, 10, 14, 34, 38, 42, 54, 58, 62, 70, 74, 82, 86, 94, 102, 114, 118, 122,
    126, 130, 134, 142, 150, 170, 178, 182, 198, 214, 242, 250, 254, 266, 270,
    274, 286, 290, 306, 310, 314, 322, 330, 338, 346, 358, 366, 374, 378, 390,
    394, 398, 402, 406, 418, 422, 434, 438, 442, 446
[3] 0, 4, 8, 28, 40, 48, 56, 68, 72, 76, 80, 84, 96, 108, 112, 128, 132, 136,
    140, 144, 148, 156, 164, 188, 200, 208, 220, 224, 232, 240, 256, 272, 276,
    280, 284, 288, 292, 296, 308, 316, 320, 332, 340, 344, 352, 364, 372, 380,
    388, 396, 412, 420, 424, 428, 432, 440, 444
[4] 12, 16, 20, 24, 32, 36, 44, 52, 60, 64, 88, 92, 100, 104, 116, 120, 124,
    152, 160, 168, 172, 176, 180, 184, 192, 196, 204, 212, 216, 228, 236, 244,
    248, 252, 260, 264, 268, 300, 304, 312, 324, 328, 336, 348, 356, 360, 368,
    376, 384, 392, 400, 404, 408, 416, 436
[5] 2, 18, 22, 26, 30, 46, 50, 66, 78, 90, 98, 106, 110, 138, 146, 154, 158,
    162, 166, 174, 186, 190, 194, 202, 206, 210, 218, 222, 226, 230, 234, 238,
    246, 258, 262, 278, 282, 294, 298, 302, 318, 326, 334, 342, 350, 354, 362,
    370, 382, 386, 410, 414, 426, 430
[6] 3, 19
[7] 11, 15

Reassigned labels
Map:
{"D_0": "D", "D_1": "D", "D_2": "D", "D_3": "D", "D_4": "D", "D_5": "D", "D_6": "D", "D_7": "D"}
token_fitness
{"perc_fit_traces": 0.0, "average_trace_fitness": 0.8768205076929377, "log_fitness": 0.895279191745866, "percentage_of_fitting_traces": 0.0}
precision
0.20010665244634052
0.7627118644067797
generalization
0.8087937948554283

 Performance of golden standard model:
token_fitness
{"perc_fit_traces": 49.9, "average_trace_fitness": 0.9225879199813868, "log_fitness": 0.9311423012986202, "percentage_of_fitting_traces": 49.9}
precision
0.9796045268001492
0.7714285714285715
generalization
0.9433300629664488

 Xixi split labels:
['D_X_1', 'D_X_0']

 Xixi refined log results:

 IM without noise threshold:
token_fitness
{"perc_fit_traces": 100.0, "average_trace_fitness": 1.0, "log_fitness": 1.0, "percentage_of_fitting_traces": 100.0}
precision
0.7642232244742705
0.7499999999999999
generalization
0.9431453481422626

 Xixi clustering:
Clustering with 448 elements and 2 clusters
[0] 252
[1] 0, 1, 2, 3, 4, 5, 6, 7, 8, 9, 10, 11, 12, 13, 14, 15, 16, 17, 18, 19, 20,
    21, 22, 23, 24, 25, 26, 27, 28, 29, 30, 31, 32, 33, 34, 35, 36, 37, 38,
    39, 40, 41, 42, 43, 44, 45, 46, 47, 48, 49, 50, 51, 52, 53, 54, 55, 56,
    57, 58, 59, 60, 61, 62, 63, 64, 65, 66, 67, 68, 69, 70, 71, 72, 73, 74,
    75, 76, 77, 78, 79, 80, 81, 82, 83, 84, 85, 86, 87, 88, 89, 90, 91, 92,
    93, 94, 95, 96, 97, 98, 99, 100, 101, 102, 103, 104, 105, 106, 107, 108,
    109, 110, 111, 112, 113, 114, 115, 116, 117, 118, 119, 120, 121, 122, 123,
    124, 125, 126, 127, 128, 129, 130, 131, 132, 133, 134, 135, 136, 137, 138,
    139, 140, 141, 142, 143, 144, 145, 146, 147, 148, 149, 150, 151, 152, 153,
    154, 155, 156, 157, 158, 159, 160, 161, 162, 163, 164, 165, 166, 167, 168,
    169, 170, 171, 172, 173, 174, 175, 176, 177, 178, 179, 180, 181, 182, 183,
    184, 185, 186, 187, 188, 189, 190, 191, 192, 193, 194, 195, 196, 197, 198,
    199, 200, 201, 202, 203, 204, 205, 206, 207, 208, 209, 210, 211, 212, 213,
    214, 215, 216, 217, 218, 219, 220, 221, 222, 223, 224, 225, 226, 227, 228,
    229, 230, 231, 232, 233, 234, 235, 236, 237, 238, 239, 240, 241, 242, 243,
    244, 245, 246, 247, 248, 249, 250, 251, 253, 254, 255, 256, 257, 258, 259,
    260, 261, 262, 263, 264, 265, 266, 267, 268, 269, 270, 271, 272, 273, 274,
    275, 276, 277, 278, 279, 280, 281, 282, 283, 284, 285, 286, 287, 288, 289,
    290, 291, 292, 293, 294, 295, 296, 297, 298, 299, 300, 301, 302, 303, 304,
    305, 306, 307, 308, 309, 310, 311, 312, 313, 314, 315, 316, 317, 318, 319,
    320, 321, 322, 323, 324, 325, 326, 327, 328, 329, 330, 331, 332, 333, 334,
    335, 336, 337, 338, 339, 340, 341, 342, 343, 344, 345, 346, 347, 348, 349,
    350, 351, 352, 353, 354, 355, 356, 357, 358, 359, 360, 361, 362, 363, 364,
    365, 366, 367, 368, 369, 370, 371, 372, 373, 374, 375, 376, 377, 378, 379,
    380, 381, 382, 383, 384, 385, 386, 387, 388, 389, 390, 391, 392, 393, 394,
    395, 396, 397, 398, 399, 400, 401, 402, 403, 404, 405, 406, 407, 408, 409,
    410, 411, 412, 413, 414, 415, 416, 417, 418, 419, 420, 421, 422, 423, 424,
    425, 426, 427, 428, 429, 430, 431, 432, 433, 434, 435, 436, 437, 438, 439,
    440, 441, 442, 443, 444, 445, 446, 447

 Data from log without imprecise labels

 IM without noise threshold:
token_fitness
{"perc_fit_traces": 100.0, "average_trace_fitness": 1.0, "log_fitness": 1.0, "percentage_of_fitting_traces": 100.0}
precision
0.9622478882951215
0.7714285714285715
generalization
0.9441490730883728

 Original Labels:
['B', 'D', 'C', 'E']

 Ground truth clustering clustering:
Clustering with 448 elements and 4 clusters
[0] 0, 4, 8, 12, 16, 20, 24, 28, 32, 36, 40, 44, 48, 52, 56, 60, 64, 68, 72,
    76, 80, 84, 88, 92, 96, 100, 104, 108, 112, 116, 120, 124, 128, 132, 136,
    140, 144, 148, 152, 156, 160, 164, 168, 172, 176, 180, 184, 188, 192, 196,
    200, 204, 208, 212, 216, 220, 224, 228, 232, 236, 240, 244, 248, 252, 256,
    260, 264, 268, 272, 276, 280, 284, 288, 292, 296, 300, 304, 308, 312, 316,
    320, 324, 328, 332, 336, 340, 344, 348, 352, 356, 360, 364, 368, 372, 376,
    380, 384, 388, 392, 396, 400, 404, 408, 412, 416, 420, 424, 428, 432, 436,
    440, 444
[1] 1, 7, 10, 13, 17, 23, 25, 29, 35, 37, 41, 46, 50, 55, 58, 61, 66, 69, 74,
    79, 81, 85, 91, 93, 99, 103, 106, 109, 114, 118, 121, 126, 129, 133, 139,
    142, 146, 151, 154, 158, 161, 165, 171, 174, 177, 182, 186, 189, 194, 199,
    203, 207, 211, 214, 217, 221, 225, 230, 235, 239, 242, 246, 251, 253, 258,
    261, 266, 270, 274, 277, 282, 285, 289, 293, 299, 301, 306, 309, 313, 317,
    323, 327, 329, 333, 337, 342, 346, 351, 354, 357, 361, 367, 369, 373, 377,
    381, 385, 389, 394, 399, 403, 406, 411, 413, 418, 423, 427, 430, 435, 437,
    443, 445
[2] 3, 6, 9, 14, 18, 21, 27, 30, 34, 38, 42, 47, 51, 53, 57, 62, 67, 71, 73,
    78, 82, 86, 90, 95, 98, 102, 105, 110, 115, 119, 123, 125, 130, 134, 137,
    143, 147, 149, 155, 157, 163, 166, 170, 173, 178, 181, 187, 191, 195, 197,
    202, 206, 210, 215, 218, 223, 227, 229, 234, 238, 243, 247, 250, 254, 259,
    262, 265, 269, 275, 279, 281, 286, 290, 295, 298, 302, 307, 310, 314, 318,
    321, 326, 330, 335, 339, 343, 347, 350, 353, 359, 363, 366, 370, 374, 379,
    383, 387, 390, 395, 397, 401, 407, 410, 414, 419, 421, 425, 431, 434, 438,
    441, 447
[3] 2, 5, 11, 15, 19, 22, 26, 31, 33, 39, 43, 45, 49, 54, 59, 63, 65, 70, 75,
    77, 83, 87, 89, 94, 97, 101, 107, 111, 113, 117, 122, 127, 131, 135, 138,
    141, 145, 150, 153, 159, 162, 167, 169, 175, 179, 183, 185, 190, 193, 198,
    201, 205, 209, 213, 219, 222, 226, 231, 233, 237, 241, 245, 249, 255, 257,
    263, 267, 271, 273, 278, 283, 287, 291, 294, 297, 303, 305, 311, 315, 319,
    322, 325, 331, 334, 338, 341, 345, 349, 355, 358, 362, 365, 371, 375, 378,
    382, 386, 391, 393, 398, 402, 405, 409, 415, 417, 422, 426, 429, 433, 439,
    442, 446

 Xixi Adjusted Rand Index:
-1.481421807455692e-16




----------------------------------------------------------------------------------------------
Output from 2025-08-11 18:35:28.110471
----------------------------------------------------------------------------------------------


                

###### Starting pipeline for 0, Distance.EDIT_DISTANCE, 1######
Found communities: 

Clustering with 448 elements and 3 clusters
[0] 1, 2, 3, 5, 6, 7, 9, 10, 11, 14, 15, 18, 19, 22, 23, 26, 27, 29, 30, 31,
    34, 35, 38, 39, 41, 42, 43, 46, 47, 49, 50, 51, 54, 55, 57, 58, 59, 62,
    63, 66, 67, 69, 70, 71, 73, 74, 75, 77, 78, 79, 81, 82, 83, 85, 86, 87,
    90, 91, 94, 95, 97, 98, 99, 102, 103, 106, 107, 109, 110, 111, 113, 114,
    115, 118, 119, 122, 123, 126, 127, 129, 130, 131, 133, 134, 135, 137, 138,
    139, 141, 142, 143, 145, 146, 147, 149, 150, 151, 154, 155, 157, 158, 159,
    162, 163, 165, 166, 167, 170, 171, 174, 175, 178, 179, 182, 183, 186, 187,
    189, 190, 191, 194, 195, 198, 199, 201, 202, 203, 206, 207, 209, 210, 211,
    214, 215, 218, 219, 221, 222, 223, 225, 226, 227, 230, 231, 233, 234, 235,
    238, 239, 241, 242, 243, 246, 247, 250, 251, 254, 255, 257, 258, 259, 262,
    263, 266, 267, 270, 271, 273, 274, 275, 277, 278, 279, 281, 282, 283, 285,
    286, 287, 289, 290, 291, 293, 294, 295, 297, 298, 299, 302, 303, 306, 307,
    309, 310, 311, 314, 315, 317, 318, 319, 321, 322, 323, 326, 327, 330, 331,
    333, 334, 335, 338, 339, 341, 342, 343, 345, 346, 347, 350, 351, 353, 354,
    355, 358, 359, 362, 363, 365, 366, 367, 370, 371, 373, 374, 375, 378, 379,
    381, 382, 383, 386, 387, 389, 390, 391, 394, 395, 397, 398, 399, 402, 403,
    406, 407, 410, 411, 413, 414, 415, 418, 419, 421, 422, 423, 425, 426, 427,
    429, 430, 431, 433, 434, 435, 438, 439, 441, 442, 443, 445, 446, 447
[1] 0, 4, 8, 13, 17, 21, 25, 28, 33, 37, 40, 45, 48, 53, 56, 61, 65, 68, 72,
    76, 80, 84, 89, 93, 96, 101, 105, 108, 112, 117, 121, 125, 128, 132, 136,
    140, 144, 148, 153, 156, 161, 164, 169, 173, 177, 181, 185, 188, 193, 197,
    200, 205, 208, 213, 217, 220, 224, 229, 232, 237, 240, 245, 249, 253, 256,
    261, 265, 269, 272, 276, 280, 284, 288, 292, 296, 301, 305, 308, 313, 316,
    320, 325, 329, 332, 337, 340, 344, 349, 352, 357, 361, 364, 369, 372, 377,
    380, 385, 388, 393, 396, 401, 405, 409, 412, 417, 420, 424, 428, 432, 437,
    440, 444
[2] 12, 16, 20, 24, 32, 36, 44, 52, 60, 64, 88, 92, 100, 104, 116, 120, 124,
    152, 160, 168, 172, 176, 180, 184, 192, 196, 204, 212, 216, 228, 236, 244,
    248, 252, 260, 264, 268, 300, 304, 312, 324, 328, 336, 348, 356, 360, 368,
    376, 384, 392, 400, 404, 408, 416, 436

Reassigned labels
Map:
{"D_0": "D", "D_1": "D", "D_2": "D"}
token_fitness
{"perc_fit_traces": 100.0, "average_trace_fitness": 1.0, "log_fitness": 1.0, "percentage_of_fitting_traces": 100.0}
precision
0.7439695302581464
0.7627118644067797
generalization
0.9421714501515178
token_fitness
{"perc_fit_traces": 0.0, "average_trace_fitness": 0.8768205076929377, "log_fitness": 0.895279191745866, "percentage_of_fitting_traces": 0.0}
precision
0.20010665244634052
0.7627118644067797
generalization
0.8087937948554283


###### Starting pipeline for 0.25, Distance.EDIT_DISTANCE, 1######
Found communities: 

Clustering with 448 elements and 3 clusters
[0] 1, 2, 3, 5, 6, 7, 9, 10, 11, 14, 15, 18, 19, 22, 23, 26, 27, 29, 30, 31,
    34, 35, 38, 39, 41, 42, 43, 46, 47, 49, 50, 51, 54, 55, 57, 58, 59, 62,
    63, 66, 67, 69, 70, 71, 73, 74, 75, 77, 78, 79, 81, 82, 83, 85, 86, 87,
    90, 91, 94, 95, 97, 98, 99, 102, 103, 106, 107, 109, 110, 111, 113, 114,
    115, 118, 119, 122, 123, 126, 127, 129, 130, 131, 133, 134, 135, 137, 138,
    139, 141, 142, 143, 145, 146, 147, 149, 150, 151, 154, 155, 157, 158, 159,
    162, 163, 165, 166, 167, 170, 171, 174, 175, 178, 179, 182, 183, 186, 187,
    189, 190, 191, 194, 195, 198, 199, 201, 202, 203, 206, 207, 209, 210, 211,
    214, 215, 218, 219, 221, 222, 223, 225, 226, 227, 230, 231, 233, 234, 235,
    238, 239, 241, 242, 243, 246, 247, 250, 251, 254, 255, 257, 258, 259, 262,
    263, 266, 267, 270, 271, 273, 274, 275, 277, 278, 279, 281, 282, 283, 285,
    286, 287, 289, 290, 291, 293, 294, 295, 297, 298, 299, 302, 303, 306, 307,
    309, 310, 311, 314, 315, 317, 318, 319, 321, 322, 323, 326, 327, 330, 331,
    333, 334, 335, 338, 339, 341, 342, 343, 345, 346, 347, 350, 351, 353, 354,
    355, 358, 359, 362, 363, 365, 366, 367, 370, 371, 373, 374, 375, 378, 379,
    381, 382, 383, 386, 387, 389, 390, 391, 394, 395, 397, 398, 399, 402, 403,
    406, 407, 410, 411, 413, 414, 415, 418, 419, 421, 422, 423, 425, 426, 427,
    429, 430, 431, 433, 434, 435, 438, 439, 441, 442, 443, 445, 446, 447
[1] 0, 4, 8, 13, 17, 21, 25, 28, 33, 37, 40, 45, 48, 53, 56, 61, 65, 68, 72,
    76, 80, 84, 89, 93, 96, 101, 105, 108, 112, 117, 121, 125, 128, 132, 136,
    140, 144, 148, 153, 156, 161, 164, 169, 173, 177, 181, 185, 188, 193, 197,
    200, 205, 208, 213, 217, 220, 224, 229, 232, 237, 240, 245, 249, 253, 256,
    261, 265, 269, 272, 276, 280, 284, 288, 292, 296, 301, 305, 308, 313, 316,
    320, 325, 329, 332, 337, 340, 344, 349, 352, 357, 361, 364, 369, 372, 377,
    380, 385, 388, 393, 396, 401, 405, 409, 412, 417, 420, 424, 428, 432, 437,
    440, 444
[2] 12, 16, 20, 24, 32, 36, 44, 52, 60, 64, 88, 92, 100, 104, 116, 120, 124,
    152, 160, 168, 172, 176, 180, 184, 192, 196, 204, 212, 216, 228, 236, 244,
    248, 252, 260, 264, 268, 300, 304, 312, 324, 328, 336, 348, 356, 360, 368,
    376, 384, 392, 400, 404, 408, 416, 436

Reassigned labels
Map:
{"D_0": "D", "D_1": "D", "D_2": "D"}
token_fitness
{"perc_fit_traces": 0.0, "average_trace_fitness": 0.8768205076929377, "log_fitness": 0.895279191745866, "percentage_of_fitting_traces": 0.0}
precision
0.20010665244634052
0.7627118644067797
generalization
0.8087937948554283


###### Starting pipeline for 0.5, Distance.EDIT_DISTANCE, 1######
Found communities: 

Clustering with 448 elements and 3 clusters
[0] 1, 2, 3, 5, 6, 7, 9, 10, 11, 14, 15, 18, 19, 22, 23, 26, 27, 29, 30, 31,
    34, 35, 38, 39, 41, 42, 43, 46, 47, 49, 50, 51, 54, 55, 57, 58, 59, 62,
    63, 66, 67, 69, 70, 71, 73, 74, 75, 77, 78, 79, 81, 82, 83, 85, 86, 87,
    90, 91, 94, 95, 97, 98, 99, 102, 103, 106, 107, 109, 110, 111, 113, 114,
    115, 118, 119, 122, 123, 126, 127, 129, 130, 131, 133, 134, 135, 137, 138,
    139, 141, 142, 143, 145, 146, 147, 149, 150, 151, 154, 155, 157, 158, 159,
    162, 163, 165, 166, 167, 170, 171, 174, 175, 178, 179, 182, 183, 186, 187,
    189, 190, 191, 194, 195, 198, 199, 201, 202, 203, 206, 207, 209, 210, 211,
    214, 215, 218, 219, 221, 222, 223, 225, 226, 227, 230, 231, 233, 234, 235,
    238, 239, 241, 242, 243, 246, 247, 250, 251, 254, 255, 257, 258, 259, 262,
    263, 266, 267, 270, 271, 273, 274, 275, 277, 278, 279, 281, 282, 283, 285,
    286, 287, 289, 290, 291, 293, 294, 295, 297, 298, 299, 302, 303, 306, 307,
    309, 310, 311, 314, 315, 317, 318, 319, 321, 322, 323, 326, 327, 330, 331,
    333, 334, 335, 338, 339, 341, 342, 343, 345, 346, 347, 350, 351, 353, 354,
    355, 358, 359, 362, 363, 365, 366, 367, 370, 371, 373, 374, 375, 378, 379,
    381, 382, 383, 386, 387, 389, 390, 391, 394, 395, 397, 398, 399, 402, 403,
    406, 407, 410, 411, 413, 414, 415, 418, 419, 421, 422, 423, 425, 426, 427,
    429, 430, 431, 433, 434, 435, 438, 439, 441, 442, 443, 445, 446, 447
[1] 0, 4, 8, 13, 17, 21, 25, 28, 33, 37, 40, 45, 48, 53, 56, 61, 65, 68, 72,
    76, 80, 84, 89, 93, 96, 101, 105, 108, 112, 117, 121, 125, 128, 132, 136,
    140, 144, 148, 153, 156, 161, 164, 169, 173, 177, 181, 185, 188, 193, 197,
    200, 205, 208, 213, 217, 220, 224, 229, 232, 237, 240, 245, 249, 253, 256,
    261, 265, 269, 272, 276, 280, 284, 288, 292, 296, 301, 305, 308, 313, 316,
    320, 325, 329, 332, 337, 340, 344, 349, 352, 357, 361, 364, 369, 372, 377,
    380, 385, 388, 393, 396, 401, 405, 409, 412, 417, 420, 424, 428, 432, 437,
    440, 444
[2] 12, 16, 20, 24, 32, 36, 44, 52, 60, 64, 88, 92, 100, 104, 116, 120, 124,
    152, 160, 168, 172, 176, 180, 184, 192, 196, 204, 212, 216, 228, 236, 244,
    248, 252, 260, 264, 268, 300, 304, 312, 324, 328, 336, 348, 356, 360, 368,
    376, 384, 392, 400, 404, 408, 416, 436

Reassigned labels
Map:
{"D_0": "D", "D_1": "D", "D_2": "D"}
token_fitness
{"perc_fit_traces": 0.0, "average_trace_fitness": 0.8768205076929377, "log_fitness": 0.895279191745866, "percentage_of_fitting_traces": 0.0}
precision
0.20010665244634052
0.7627118644067797
generalization
0.8087937948554283


###### Starting pipeline for 0.75, Distance.EDIT_DISTANCE, 1######
Found communities: 

Clustering with 448 elements and 3 clusters
[0] 1, 2, 3, 5, 6, 7, 9, 10, 11, 14, 15, 18, 19, 22, 23, 26, 27, 29, 30, 31,
    34, 35, 38, 39, 41, 42, 43, 46, 47, 49, 50, 51, 54, 55, 57, 58, 59, 62,
    63, 66, 67, 69, 70, 71, 73, 74, 75, 77, 78, 79, 81, 82, 83, 85, 86, 87,
    90, 91, 94, 95, 97, 98, 99, 102, 103, 106, 107, 109, 110, 111, 113, 114,
    115, 118, 119, 122, 123, 126, 127, 129, 130, 131, 133, 134, 135, 137, 138,
    139, 141, 142, 143, 145, 146, 147, 149, 150, 151, 154, 155, 157, 158, 159,
    162, 163, 165, 166, 167, 170, 171, 174, 175, 178, 179, 182, 183, 186, 187,
    189, 190, 191, 194, 195, 198, 199, 201, 202, 203, 206, 207, 209, 210, 211,
    214, 215, 218, 219, 221, 222, 223, 225, 226, 227, 230, 231, 233, 234, 235,
    238, 239, 241, 242, 243, 246, 247, 250, 251, 254, 255, 257, 258, 259, 262,
    263, 266, 267, 270, 271, 273, 274, 275, 277, 278, 279, 281, 282, 283, 285,
    286, 287, 289, 290, 291, 293, 294, 295, 297, 298, 299, 302, 303, 306, 307,
    309, 310, 311, 314, 315, 317, 318, 319, 321, 322, 323, 326, 327, 330, 331,
    333, 334, 335, 338, 339, 341, 342, 343, 345, 346, 347, 350, 351, 353, 354,
    355, 358, 359, 362, 363, 365, 366, 367, 370, 371, 373, 374, 375, 378, 379,
    381, 382, 383, 386, 387, 389, 390, 391, 394, 395, 397, 398, 399, 402, 403,
    406, 407, 410, 411, 413, 414, 415, 418, 419, 421, 422, 423, 425, 426, 427,
    429, 430, 431, 433, 434, 435, 438, 439, 441, 442, 443, 445, 446, 447
[1] 0, 4, 8, 13, 17, 21, 25, 28, 33, 37, 40, 45, 48, 53, 56, 61, 65, 68, 72,
    76, 80, 84, 89, 93, 96, 101, 105, 108, 112, 117, 121, 125, 128, 132, 136,
    140, 144, 148, 153, 156, 161, 164, 169, 173, 177, 181, 185, 188, 193, 197,
    200, 205, 208, 213, 217, 220, 224, 229, 232, 237, 240, 245, 249, 253, 256,
    261, 265, 269, 272, 276, 280, 284, 288, 292, 296, 301, 305, 308, 313, 316,
    320, 325, 329, 332, 337, 340, 344, 349, 352, 357, 361, 364, 369, 372, 377,
    380, 385, 388, 393, 396, 401, 405, 409, 412, 417, 420, 424, 428, 432, 437,
    440, 444
[2] 12, 16, 20, 24, 32, 36, 44, 52, 60, 64, 88, 92, 100, 104, 116, 120, 124,
    152, 160, 168, 172, 176, 180, 184, 192, 196, 204, 212, 216, 228, 236, 244,
    248, 252, 260, 264, 268, 300, 304, 312, 324, 328, 336, 348, 356, 360, 368,
    376, 384, 392, 400, 404, 408, 416, 436

Reassigned labels
Map:
{"D_0": "D", "D_1": "D", "D_2": "D"}
token_fitness
{"perc_fit_traces": 0.0, "average_trace_fitness": 0.8768205076929377, "log_fitness": 0.895279191745866, "percentage_of_fitting_traces": 0.0}
precision
0.20010665244634052
0.7627118644067797
generalization
0.8087937948554283


###### Starting pipeline for 1, Distance.EDIT_DISTANCE, 1######
Found communities: 

Clustering with 448 elements and 3 clusters
[0] 1, 2, 3, 5, 6, 7, 9, 10, 11, 14, 15, 18, 19, 22, 23, 26, 27, 29, 30, 31,
    34, 35, 38, 39, 41, 42, 43, 46, 47, 49, 50, 51, 54, 55, 57, 58, 59, 62,
    63, 66, 67, 69, 70, 71, 73, 74, 75, 77, 78, 79, 81, 82, 83, 85, 86, 87,
    90, 91, 94, 95, 97, 98, 99, 102, 103, 106, 107, 109, 110, 111, 113, 114,
    115, 118, 119, 122, 123, 126, 127, 129, 130, 131, 133, 134, 135, 137, 138,
    139, 141, 142, 143, 145, 146, 147, 149, 150, 151, 154, 155, 157, 158, 159,
    162, 163, 165, 166, 167, 170, 171, 174, 175, 178, 179, 182, 183, 186, 187,
    189, 190, 191, 194, 195, 198, 199, 201, 202, 203, 206, 207, 209, 210, 211,
    214, 215, 218, 219, 221, 222, 223, 225, 226, 227, 230, 231, 233, 234, 235,
    238, 239, 241, 242, 243, 246, 247, 250, 251, 254, 255, 257, 258, 259, 262,
    263, 266, 267, 270, 271, 273, 274, 275, 277, 278, 279, 281, 282, 283, 285,
    286, 287, 289, 290, 291, 293, 294, 295, 297, 298, 299, 302, 303, 306, 307,
    309, 310, 311, 314, 315, 317, 318, 319, 321, 322, 323, 326, 327, 330, 331,
    333, 334, 335, 338, 339, 341, 342, 343, 345, 346, 347, 350, 351, 353, 354,
    355, 358, 359, 362, 363, 365, 366, 367, 370, 371, 373, 374, 375, 378, 379,
    381, 382, 383, 386, 387, 389, 390, 391, 394, 395, 397, 398, 399, 402, 403,
    406, 407, 410, 411, 413, 414, 415, 418, 419, 421, 422, 423, 425, 426, 427,
    429, 430, 431, 433, 434, 435, 438, 439, 441, 442, 443, 445, 446, 447
[1] 0, 4, 8, 13, 17, 21, 25, 28, 33, 37, 40, 45, 48, 53, 56, 61, 65, 68, 72,
    76, 80, 84, 89, 93, 96, 101, 105, 108, 112, 117, 121, 125, 128, 132, 136,
    140, 144, 148, 153, 156, 161, 164, 169, 173, 177, 181, 185, 188, 193, 197,
    200, 205, 208, 213, 217, 220, 224, 229, 232, 237, 240, 245, 249, 253, 256,
    261, 265, 269, 272, 276, 280, 284, 288, 292, 296, 301, 305, 308, 313, 316,
    320, 325, 329, 332, 337, 340, 344, 349, 352, 357, 361, 364, 369, 372, 377,
    380, 385, 388, 393, 396, 401, 405, 409, 412, 417, 420, 424, 428, 432, 437,
    440, 444
[2] 12, 16, 20, 24, 32, 36, 44, 52, 60, 64, 88, 92, 100, 104, 116, 120, 124,
    152, 160, 168, 172, 176, 180, 184, 192, 196, 204, 212, 216, 228, 236, 244,
    248, 252, 260, 264, 268, 300, 304, 312, 324, 328, 336, 348, 356, 360, 368,
    376, 384, 392, 400, 404, 408, 416, 436

Reassigned labels
Map:
{"D_0": "D", "D_1": "D", "D_2": "D"}
token_fitness
{"perc_fit_traces": 0.0, "average_trace_fitness": 0.8768205076929377, "log_fitness": 0.895279191745866, "percentage_of_fitting_traces": 0.0}
precision
0.20010665244634052
0.7627118644067797
generalization
0.8087937948554283


###### Starting pipeline for 0, Distance.SET_DISTANCE, 1######
Found communities: 

Clustering with 448 elements and 3 clusters
[0] 1, 2, 3, 5, 6, 7, 9, 10, 11, 14, 15, 18, 19, 22, 23, 26, 27, 29, 30, 31,
    34, 35, 38, 39, 41, 42, 43, 46, 47, 49, 50, 51, 54, 55, 57, 58, 59, 62,
    63, 66, 67, 69, 70, 71, 73, 74, 75, 77, 78, 79, 81, 82, 83, 85, 86, 87,
    90, 91, 94, 95, 97, 98, 99, 102, 103, 106, 107, 109, 110, 111, 113, 114,
    115, 118, 119, 122, 123, 126, 127, 129, 130, 131, 133, 134, 135, 137, 138,
    139, 141, 142, 143, 145, 146, 147, 149, 150, 151, 154, 155, 157, 158, 159,
    162, 163, 165, 166, 167, 170, 171, 174, 175, 178, 179, 182, 183, 186, 187,
    189, 190, 191, 194, 195, 198, 199, 201, 202, 203, 206, 207, 209, 210, 211,
    214, 215, 218, 219, 221, 222, 223, 225, 226, 227, 230, 231, 233, 234, 235,
    238, 239, 241, 242, 243, 246, 247, 250, 251, 254, 255, 257, 258, 259, 262,
    263, 266, 267, 270, 271, 273, 274, 275, 277, 278, 279, 281, 282, 283, 285,
    286, 287, 289, 290, 291, 293, 294, 295, 297, 298, 299, 302, 303, 306, 307,
    309, 310, 311, 314, 315, 317, 318, 319, 321, 322, 323, 326, 327, 330, 331,
    333, 334, 335, 338, 339, 341, 342, 343, 345, 346, 347, 350, 351, 353, 354,
    355, 358, 359, 362, 363, 365, 366, 367, 370, 371, 373, 374, 375, 378, 379,
    381, 382, 383, 386, 387, 389, 390, 391, 394, 395, 397, 398, 399, 402, 403,
    406, 407, 410, 411, 413, 414, 415, 418, 419, 421, 422, 423, 425, 426, 427,
    429, 430, 431, 433, 434, 435, 438, 439, 441, 442, 443, 445, 446, 447
[1] 0, 4, 8, 13, 17, 21, 25, 28, 33, 37, 40, 45, 48, 53, 56, 61, 65, 68, 72,
    76, 80, 84, 89, 93, 96, 101, 105, 108, 112, 117, 121, 125, 128, 132, 136,
    140, 144, 148, 153, 156, 161, 164, 169, 173, 177, 181, 185, 188, 193, 197,
    200, 205, 208, 213, 217, 220, 224, 229, 232, 237, 240, 245, 249, 253, 256,
    261, 265, 269, 272, 276, 280, 284, 288, 292, 296, 301, 305, 308, 313, 316,
    320, 325, 329, 332, 337, 340, 344, 349, 352, 357, 361, 364, 369, 372, 377,
    380, 385, 388, 393, 396, 401, 405, 409, 412, 417, 420, 424, 428, 432, 437,
    440, 444
[2] 12, 16, 20, 24, 32, 36, 44, 52, 60, 64, 88, 92, 100, 104, 116, 120, 124,
    152, 160, 168, 172, 176, 180, 184, 192, 196, 204, 212, 216, 228, 236, 244,
    248, 252, 260, 264, 268, 300, 304, 312, 324, 328, 336, 348, 356, 360, 368,
    376, 384, 392, 400, 404, 408, 416, 436

Reassigned labels
Map:
{"D_0": "D", "D_1": "D", "D_2": "D"}
token_fitness
{"perc_fit_traces": 0.0, "average_trace_fitness": 0.8768205076929377, "log_fitness": 0.895279191745866, "percentage_of_fitting_traces": 0.0}
precision
0.20010665244634052
0.7627118644067797
generalization
0.8087937948554283


###### Starting pipeline for 0.25, Distance.SET_DISTANCE, 1######
Found communities: 

Clustering with 448 elements and 3 clusters
[0] 1, 2, 3, 5, 6, 7, 9, 10, 11, 14, 15, 18, 19, 22, 23, 26, 27, 29, 30, 31,
    34, 35, 38, 39, 41, 42, 43, 46, 47, 49, 50, 51, 54, 55, 57, 58, 59, 62,
    63, 66, 67, 69, 70, 71, 73, 74, 75, 77, 78, 79, 81, 82, 83, 85, 86, 87,
    90, 91, 94, 95, 97, 98, 99, 102, 103, 106, 107, 109, 110, 111, 113, 114,
    115, 118, 119, 122, 123, 126, 127, 129, 130, 131, 133, 134, 135, 137, 138,
    139, 141, 142, 143, 145, 146, 147, 149, 150, 151, 154, 155, 157, 158, 159,
    162, 163, 165, 166, 167, 170, 171, 174, 175, 178, 179, 182, 183, 186, 187,
    189, 190, 191, 194, 195, 198, 199, 201, 202, 203, 206, 207, 209, 210, 211,
    214, 215, 218, 219, 221, 222, 223, 225, 226, 227, 230, 231, 233, 234, 235,
    238, 239, 241, 242, 243, 246, 247, 250, 251, 254, 255, 257, 258, 259, 262,
    263, 266, 267, 270, 271, 273, 274, 275, 277, 278, 279, 281, 282, 283, 285,
    286, 287, 289, 290, 291, 293, 294, 295, 297, 298, 299, 302, 303, 306, 307,
    309, 310, 311, 314, 315, 317, 318, 319, 321, 322, 323, 326, 327, 330, 331,
    333, 334, 335, 338, 339, 341, 342, 343, 345, 346, 347, 350, 351, 353, 354,
    355, 358, 359, 362, 363, 365, 366, 367, 370, 371, 373, 374, 375, 378, 379,
    381, 382, 383, 386, 387, 389, 390, 391, 394, 395, 397, 398, 399, 402, 403,
    406, 407, 410, 411, 413, 414, 415, 418, 419, 421, 422, 423, 425, 426, 427,
    429, 430, 431, 433, 434, 435, 438, 439, 441, 442, 443, 445, 446, 447
[1] 0, 4, 8, 13, 17, 21, 25, 28, 33, 37, 40, 45, 48, 53, 56, 61, 65, 68, 72,
    76, 80, 84, 89, 93, 96, 101, 105, 108, 112, 117, 121, 125, 128, 132, 136,
    140, 144, 148, 153, 156, 161, 164, 169, 173, 177, 181, 185, 188, 193, 197,
    200, 205, 208, 213, 217, 220, 224, 229, 232, 237, 240, 245, 249, 253, 256,
    261, 265, 269, 272, 276, 280, 284, 288, 292, 296, 301, 305, 308, 313, 316,
    320, 325, 329, 332, 337, 340, 344, 349, 352, 357, 361, 364, 369, 372, 377,
    380, 385, 388, 393, 396, 401, 405, 409, 412, 417, 420, 424, 428, 432, 437,
    440, 444
[2] 12, 16, 20, 24, 32, 36, 44, 52, 60, 64, 88, 92, 100, 104, 116, 120, 124,
    152, 160, 168, 172, 176, 180, 184, 192, 196, 204, 212, 216, 228, 236, 244,
    248, 252, 260, 264, 268, 300, 304, 312, 324, 328, 336, 348, 356, 360, 368,
    376, 384, 392, 400, 404, 408, 416, 436

Reassigned labels
Map:
{"D_0": "D", "D_1": "D", "D_2": "D"}
token_fitness
{"perc_fit_traces": 0.0, "average_trace_fitness": 0.8768205076929377, "log_fitness": 0.895279191745866, "percentage_of_fitting_traces": 0.0}
precision
0.20010665244634052
0.7627118644067797
generalization
0.8087937948554283


###### Starting pipeline for 0.5, Distance.SET_DISTANCE, 1######
Found communities: 

Clustering with 448 elements and 3 clusters
[0] 1, 2, 3, 5, 6, 7, 9, 10, 11, 14, 15, 18, 19, 22, 23, 26, 27, 29, 30, 31,
    34, 35, 38, 39, 41, 42, 43, 46, 47, 49, 50, 51, 54, 55, 57, 58, 59, 62,
    63, 66, 67, 69, 70, 71, 73, 74, 75, 77, 78, 79, 81, 82, 83, 85, 86, 87,
    90, 91, 94, 95, 97, 98, 99, 102, 103, 106, 107, 109, 110, 111, 113, 114,
    115, 118, 119, 122, 123, 126, 127, 129, 130, 131, 133, 134, 135, 137, 138,
    139, 141, 142, 143, 145, 146, 147, 149, 150, 151, 154, 155, 157, 158, 159,
    162, 163, 165, 166, 167, 170, 171, 174, 175, 178, 179, 182, 183, 186, 187,
    189, 190, 191, 194, 195, 198, 199, 201, 202, 203, 206, 207, 209, 210, 211,
    214, 215, 218, 219, 221, 222, 223, 225, 226, 227, 230, 231, 233, 234, 235,
    238, 239, 241, 242, 243, 246, 247, 250, 251, 254, 255, 257, 258, 259, 262,
    263, 266, 267, 270, 271, 273, 274, 275, 277, 278, 279, 281, 282, 283, 285,
    286, 287, 289, 290, 291, 293, 294, 295, 297, 298, 299, 302, 303, 306, 307,
    309, 310, 311, 314, 315, 317, 318, 319, 321, 322, 323, 326, 327, 330, 331,
    333, 334, 335, 338, 339, 341, 342, 343, 345, 346, 347, 350, 351, 353, 354,
    355, 358, 359, 362, 363, 365, 366, 367, 370, 371, 373, 374, 375, 378, 379,
    381, 382, 383, 386, 387, 389, 390, 391, 394, 395, 397, 398, 399, 402, 403,
    406, 407, 410, 411, 413, 414, 415, 418, 419, 421, 422, 423, 425, 426, 427,
    429, 430, 431, 433, 434, 435, 438, 439, 441, 442, 443, 445, 446, 447
[1] 0, 4, 8, 13, 17, 21, 25, 28, 33, 37, 40, 45, 48, 53, 56, 61, 65, 68, 72,
    76, 80, 84, 89, 93, 96, 101, 105, 108, 112, 117, 121, 125, 128, 132, 136,
    140, 144, 148, 153, 156, 161, 164, 169, 173, 177, 181, 185, 188, 193, 197,
    200, 205, 208, 213, 217, 220, 224, 229, 232, 237, 240, 245, 249, 253, 256,
    261, 265, 269, 272, 276, 280, 284, 288, 292, 296, 301, 305, 308, 313, 316,
    320, 325, 329, 332, 337, 340, 344, 349, 352, 357, 361, 364, 369, 372, 377,
    380, 385, 388, 393, 396, 401, 405, 409, 412, 417, 420, 424, 428, 432, 437,
    440, 444
[2] 12, 16, 20, 24, 32, 36, 44, 52, 60, 64, 88, 92, 100, 104, 116, 120, 124,
    152, 160, 168, 172, 176, 180, 184, 192, 196, 204, 212, 216, 228, 236, 244,
    248, 252, 260, 264, 268, 300, 304, 312, 324, 328, 336, 348, 356, 360, 368,
    376, 384, 392, 400, 404, 408, 416, 436

Reassigned labels
Map:
{"D_0": "D", "D_1": "D", "D_2": "D"}
token_fitness
{"perc_fit_traces": 0.0, "average_trace_fitness": 0.8768205076929377, "log_fitness": 0.895279191745866, "percentage_of_fitting_traces": 0.0}
precision
0.20010665244634052
0.7627118644067797
generalization
0.8087937948554283


###### Starting pipeline for 0.75, Distance.SET_DISTANCE, 1######
Found communities: 

Clustering with 448 elements and 3 clusters
[0] 1, 2, 3, 5, 6, 7, 9, 10, 11, 14, 15, 18, 19, 22, 23, 26, 27, 29, 30, 31,
    34, 35, 38, 39, 41, 42, 43, 46, 47, 49, 50, 51, 54, 55, 57, 58, 59, 62,
    63, 66, 67, 69, 70, 71, 73, 74, 75, 77, 78, 79, 81, 82, 83, 85, 86, 87,
    90, 91, 94, 95, 97, 98, 99, 102, 103, 106, 107, 109, 110, 111, 113, 114,
    115, 118, 119, 122, 123, 126, 127, 129, 130, 131, 133, 134, 135, 137, 138,
    139, 141, 142, 143, 145, 146, 147, 149, 150, 151, 154, 155, 157, 158, 159,
    162, 163, 165, 166, 167, 170, 171, 174, 175, 178, 179, 182, 183, 186, 187,
    189, 190, 191, 194, 195, 198, 199, 201, 202, 203, 206, 207, 209, 210, 211,
    214, 215, 218, 219, 221, 222, 223, 225, 226, 227, 230, 231, 233, 234, 235,
    238, 239, 241, 242, 243, 246, 247, 250, 251, 254, 255, 257, 258, 259, 262,
    263, 266, 267, 270, 271, 273, 274, 275, 277, 278, 279, 281, 282, 283, 285,
    286, 287, 289, 290, 291, 293, 294, 295, 297, 298, 299, 302, 303, 306, 307,
    309, 310, 311, 314, 315, 317, 318, 319, 321, 322, 323, 326, 327, 330, 331,
    333, 334, 335, 338, 339, 341, 342, 343, 345, 346, 347, 350, 351, 353, 354,
    355, 358, 359, 362, 363, 365, 366, 367, 370, 371, 373, 374, 375, 378, 379,
    381, 382, 383, 386, 387, 389, 390, 391, 394, 395, 397, 398, 399, 402, 403,
    406, 407, 410, 411, 413, 414, 415, 418, 419, 421, 422, 423, 425, 426, 427,
    429, 430, 431, 433, 434, 435, 438, 439, 441, 442, 443, 445, 446, 447
[1] 0, 4, 8, 13, 17, 21, 25, 28, 33, 37, 40, 45, 48, 53, 56, 61, 65, 68, 72,
    76, 80, 84, 89, 93, 96, 101, 105, 108, 112, 117, 121, 125, 128, 132, 136,
    140, 144, 148, 153, 156, 161, 164, 169, 173, 177, 181, 185, 188, 193, 197,
    200, 205, 208, 213, 217, 220, 224, 229, 232, 237, 240, 245, 249, 253, 256,
    261, 265, 269, 272, 276, 280, 284, 288, 292, 296, 301, 305, 308, 313, 316,
    320, 325, 329, 332, 337, 340, 344, 349, 352, 357, 361, 364, 369, 372, 377,
    380, 385, 388, 393, 396, 401, 405, 409, 412, 417, 420, 424, 428, 432, 437,
    440, 444
[2] 12, 16, 20, 24, 32, 36, 44, 52, 60, 64, 88, 92, 100, 104, 116, 120, 124,
    152, 160, 168, 172, 176, 180, 184, 192, 196, 204, 212, 216, 228, 236, 244,
    248, 252, 260, 264, 268, 300, 304, 312, 324, 328, 336, 348, 356, 360, 368,
    376, 384, 392, 400, 404, 408, 416, 436

Reassigned labels
Map:
{"D_0": "D", "D_1": "D", "D_2": "D"}
token_fitness
{"perc_fit_traces": 0.0, "average_trace_fitness": 0.8768205076929377, "log_fitness": 0.895279191745866, "percentage_of_fitting_traces": 0.0}
precision
0.20010665244634052
0.7627118644067797
generalization
0.8087937948554283


###### Starting pipeline for 1, Distance.SET_DISTANCE, 1######
Found communities: 

Clustering with 448 elements and 3 clusters
[0] 1, 2, 3, 5, 6, 7, 9, 10, 11, 14, 15, 18, 19, 22, 23, 26, 27, 29, 30, 31,
    34, 35, 38, 39, 41, 42, 43, 46, 47, 49, 50, 51, 54, 55, 57, 58, 59, 62,
    63, 66, 67, 69, 70, 71, 73, 74, 75, 77, 78, 79, 81, 82, 83, 85, 86, 87,
    90, 91, 94, 95, 97, 98, 99, 102, 103, 106, 107, 109, 110, 111, 113, 114,
    115, 118, 119, 122, 123, 126, 127, 129, 130, 131, 133, 134, 135, 137, 138,
    139, 141, 142, 143, 145, 146, 147, 149, 150, 151, 154, 155, 157, 158, 159,
    162, 163, 165, 166, 167, 170, 171, 174, 175, 178, 179, 182, 183, 186, 187,
    189, 190, 191, 194, 195, 198, 199, 201, 202, 203, 206, 207, 209, 210, 211,
    214, 215, 218, 219, 221, 222, 223, 225, 226, 227, 230, 231, 233, 234, 235,
    238, 239, 241, 242, 243, 246, 247, 250, 251, 254, 255, 257, 258, 259, 262,
    263, 266, 267, 270, 271, 273, 274, 275, 277, 278, 279, 281, 282, 283, 285,
    286, 287, 289, 290, 291, 293, 294, 295, 297, 298, 299, 302, 303, 306, 307,
    309, 310, 311, 314, 315, 317, 318, 319, 321, 322, 323, 326, 327, 330, 331,
    333, 334, 335, 338, 339, 341, 342, 343, 345, 346, 347, 350, 351, 353, 354,
    355, 358, 359, 362, 363, 365, 366, 367, 370, 371, 373, 374, 375, 378, 379,
    381, 382, 383, 386, 387, 389, 390, 391, 394, 395, 397, 398, 399, 402, 403,
    406, 407, 410, 411, 413, 414, 415, 418, 419, 421, 422, 423, 425, 426, 427,
    429, 430, 431, 433, 434, 435, 438, 439, 441, 442, 443, 445, 446, 447
[1] 0, 4, 8, 13, 17, 21, 25, 28, 33, 37, 40, 45, 48, 53, 56, 61, 65, 68, 72,
    76, 80, 84, 89, 93, 96, 101, 105, 108, 112, 117, 121, 125, 128, 132, 136,
    140, 144, 148, 153, 156, 161, 164, 169, 173, 177, 181, 185, 188, 193, 197,
    200, 205, 208, 213, 217, 220, 224, 229, 232, 237, 240, 245, 249, 253, 256,
    261, 265, 269, 272, 276, 280, 284, 288, 292, 296, 301, 305, 308, 313, 316,
    320, 325, 329, 332, 337, 340, 344, 349, 352, 357, 361, 364, 369, 372, 377,
    380, 385, 388, 393, 396, 401, 405, 409, 412, 417, 420, 424, 428, 432, 437,
    440, 444
[2] 12, 16, 20, 24, 32, 36, 44, 52, 60, 64, 88, 92, 100, 104, 116, 120, 124,
    152, 160, 168, 172, 176, 180, 184, 192, 196, 204, 212, 216, 228, 236, 244,
    248, 252, 260, 264, 268, 300, 304, 312, 324, 328, 336, 348, 356, 360, 368,
    376, 384, 392, 400, 404, 408, 416, 436

Reassigned labels
Map:
{"D_0": "D", "D_1": "D", "D_2": "D"}
token_fitness
{"perc_fit_traces": 0.0, "average_trace_fitness": 0.8768205076929377, "log_fitness": 0.895279191745866, "percentage_of_fitting_traces": 0.0}
precision
0.20010665244634052
0.7627118644067797
generalization
0.8087937948554283


###### Starting pipeline for 0, Distance.MULTISET_DISTANCE, 1######
Found communities: 

Clustering with 448 elements and 3 clusters
[0] 1, 2, 3, 5, 6, 7, 9, 10, 11, 14, 15, 18, 19, 22, 23, 26, 27, 29, 30, 31,
    34, 35, 38, 39, 41, 42, 43, 46, 47, 49, 50, 51, 54, 55, 57, 58, 59, 62,
    63, 66, 67, 69, 70, 71, 73, 74, 75, 77, 78, 79, 81, 82, 83, 85, 86, 87,
    90, 91, 94, 95, 97, 98, 99, 102, 103, 106, 107, 109, 110, 111, 113, 114,
    115, 118, 119, 122, 123, 126, 127, 129, 130, 131, 133, 134, 135, 137, 138,
    139, 141, 142, 143, 145, 146, 147, 149, 150, 151, 154, 155, 157, 158, 159,
    162, 163, 165, 166, 167, 170, 171, 174, 175, 178, 179, 182, 183, 186, 187,
    189, 190, 191, 194, 195, 198, 199, 201, 202, 203, 206, 207, 209, 210, 211,
    214, 215, 218, 219, 221, 222, 223, 225, 226, 227, 230, 231, 233, 234, 235,
    238, 239, 241, 242, 243, 246, 247, 250, 251, 254, 255, 257, 258, 259, 262,
    263, 266, 267, 270, 271, 273, 274, 275, 277, 278, 279, 281, 282, 283, 285,
    286, 287, 289, 290, 291, 293, 294, 295, 297, 298, 299, 302, 303, 306, 307,
    309, 310, 311, 314, 315, 317, 318, 319, 321, 322, 323, 326, 327, 330, 331,
    333, 334, 335, 338, 339, 341, 342, 343, 345, 346, 347, 350, 351, 353, 354,
    355, 358, 359, 362, 363, 365, 366, 367, 370, 371, 373, 374, 375, 378, 379,
    381, 382, 383, 386, 387, 389, 390, 391, 394, 395, 397, 398, 399, 402, 403,
    406, 407, 410, 411, 413, 414, 415, 418, 419, 421, 422, 423, 425, 426, 427,
    429, 430, 431, 433, 434, 435, 438, 439, 441, 442, 443, 445, 446, 447
[1] 0, 4, 8, 13, 17, 21, 25, 28, 33, 37, 40, 45, 48, 53, 56, 61, 65, 68, 72,
    76, 80, 84, 89, 93, 96, 101, 105, 108, 112, 117, 121, 125, 128, 132, 136,
    140, 144, 148, 153, 156, 161, 164, 169, 173, 177, 181, 185, 188, 193, 197,
    200, 205, 208, 213, 217, 220, 224, 229, 232, 237, 240, 245, 249, 253, 256,
    261, 265, 269, 272, 276, 280, 284, 288, 292, 296, 301, 305, 308, 313, 316,
    320, 325, 329, 332, 337, 340, 344, 349, 352, 357, 361, 364, 369, 372, 377,
    380, 385, 388, 393, 396, 401, 405, 409, 412, 417, 420, 424, 428, 432, 437,
    440, 444
[2] 12, 16, 20, 24, 32, 36, 44, 52, 60, 64, 88, 92, 100, 104, 116, 120, 124,
    152, 160, 168, 172, 176, 180, 184, 192, 196, 204, 212, 216, 228, 236, 244,
    248, 252, 260, 264, 268, 300, 304, 312, 324, 328, 336, 348, 356, 360, 368,
    376, 384, 392, 400, 404, 408, 416, 436

Reassigned labels
Map:
{"D_0": "D", "D_1": "D", "D_2": "D"}
token_fitness
{"perc_fit_traces": 0.0, "average_trace_fitness": 0.8768205076929377, "log_fitness": 0.895279191745866, "percentage_of_fitting_traces": 0.0}
precision
0.20010665244634052
0.7627118644067797
generalization
0.8087937948554283


###### Starting pipeline for 0.25, Distance.MULTISET_DISTANCE, 1######
Found communities: 

Clustering with 448 elements and 3 clusters
[0] 1, 2, 3, 5, 6, 7, 9, 10, 11, 14, 15, 18, 19, 22, 23, 26, 27, 29, 30, 31,
    34, 35, 38, 39, 41, 42, 43, 46, 47, 49, 50, 51, 54, 55, 57, 58, 59, 62,
    63, 66, 67, 69, 70, 71, 73, 74, 75, 77, 78, 79, 81, 82, 83, 85, 86, 87,
    90, 91, 94, 95, 97, 98, 99, 102, 103, 106, 107, 109, 110, 111, 113, 114,
    115, 118, 119, 122, 123, 126, 127, 129, 130, 131, 133, 134, 135, 137, 138,
    139, 141, 142, 143, 145, 146, 147, 149, 150, 151, 154, 155, 157, 158, 159,
    162, 163, 165, 166, 167, 170, 171, 174, 175, 178, 179, 182, 183, 186, 187,
    189, 190, 191, 194, 195, 198, 199, 201, 202, 203, 206, 207, 209, 210, 211,
    214, 215, 218, 219, 221, 222, 223, 225, 226, 227, 230, 231, 233, 234, 235,
    238, 239, 241, 242, 243, 246, 247, 250, 251, 254, 255, 257, 258, 259, 262,
    263, 266, 267, 270, 271, 273, 274, 275, 277, 278, 279, 281, 282, 283, 285,
    286, 287, 289, 290, 291, 293, 294, 295, 297, 298, 299, 302, 303, 306, 307,
    309, 310, 311, 314, 315, 317, 318, 319, 321, 322, 323, 326, 327, 330, 331,
    333, 334, 335, 338, 339, 341, 342, 343, 345, 346, 347, 350, 351, 353, 354,
    355, 358, 359, 362, 363, 365, 366, 367, 370, 371, 373, 374, 375, 378, 379,
    381, 382, 383, 386, 387, 389, 390, 391, 394, 395, 397, 398, 399, 402, 403,
    406, 407, 410, 411, 413, 414, 415, 418, 419, 421, 422, 423, 425, 426, 427,
    429, 430, 431, 433, 434, 435, 438, 439, 441, 442, 443, 445, 446, 447
[1] 0, 4, 8, 13, 17, 21, 25, 28, 33, 37, 40, 45, 48, 53, 56, 61, 65, 68, 72,
    76, 80, 84, 89, 93, 96, 101, 105, 108, 112, 117, 121, 125, 128, 132, 136,
    140, 144, 148, 153, 156, 161, 164, 169, 173, 177, 181, 185, 188, 193, 197,
    200, 205, 208, 213, 217, 220, 224, 229, 232, 237, 240, 245, 249, 253, 256,
    261, 265, 269, 272, 276, 280, 284, 288, 292, 296, 301, 305, 308, 313, 316,
    320, 325, 329, 332, 337, 340, 344, 349, 352, 357, 361, 364, 369, 372, 377,
    380, 385, 388, 393, 396, 401, 405, 409, 412, 417, 420, 424, 428, 432, 437,
    440, 444
[2] 12, 16, 20, 24, 32, 36, 44, 52, 60, 64, 88, 92, 100, 104, 116, 120, 124,
    152, 160, 168, 172, 176, 180, 184, 192, 196, 204, 212, 216, 228, 236, 244,
    248, 252, 260, 264, 268, 300, 304, 312, 324, 328, 336, 348, 356, 360, 368,
    376, 384, 392, 400, 404, 408, 416, 436

Reassigned labels
Map:
{"D_0": "D", "D_1": "D", "D_2": "D"}
token_fitness
{"perc_fit_traces": 0.0, "average_trace_fitness": 0.8768205076929377, "log_fitness": 0.895279191745866, "percentage_of_fitting_traces": 0.0}
precision
0.20010665244634052
0.7627118644067797
generalization
0.8087937948554283


###### Starting pipeline for 0.5, Distance.MULTISET_DISTANCE, 1######
Found communities: 

Clustering with 448 elements and 3 clusters
[0] 1, 2, 3, 5, 6, 7, 9, 10, 11, 14, 15, 18, 19, 22, 23, 26, 27, 29, 30, 31,
    34, 35, 38, 39, 41, 42, 43, 46, 47, 49, 50, 51, 54, 55, 57, 58, 59, 62,
    63, 66, 67, 69, 70, 71, 73, 74, 75, 77, 78, 79, 81, 82, 83, 85, 86, 87,
    90, 91, 94, 95, 97, 98, 99, 102, 103, 106, 107, 109, 110, 111, 113, 114,
    115, 118, 119, 122, 123, 126, 127, 129, 130, 131, 133, 134, 135, 137, 138,
    139, 141, 142, 143, 145, 146, 147, 149, 150, 151, 154, 155, 157, 158, 159,
    162, 163, 165, 166, 167, 170, 171, 174, 175, 178, 179, 182, 183, 186, 187,
    189, 190, 191, 194, 195, 198, 199, 201, 202, 203, 206, 207, 209, 210, 211,
    214, 215, 218, 219, 221, 222, 223, 225, 226, 227, 230, 231, 233, 234, 235,
    238, 239, 241, 242, 243, 246, 247, 250, 251, 254, 255, 257, 258, 259, 262,
    263, 266, 267, 270, 271, 273, 274, 275, 277, 278, 279, 281, 282, 283, 285,
    286, 287, 289, 290, 291, 293, 294, 295, 297, 298, 299, 302, 303, 306, 307,
    309, 310, 311, 314, 315, 317, 318, 319, 321, 322, 323, 326, 327, 330, 331,
    333, 334, 335, 338, 339, 341, 342, 343, 345, 346, 347, 350, 351, 353, 354,
    355, 358, 359, 362, 363, 365, 366, 367, 370, 371, 373, 374, 375, 378, 379,
    381, 382, 383, 386, 387, 389, 390, 391, 394, 395, 397, 398, 399, 402, 403,
    406, 407, 410, 411, 413, 414, 415, 418, 419, 421, 422, 423, 425, 426, 427,
    429, 430, 431, 433, 434, 435, 438, 439, 441, 442, 443, 445, 446, 447
[1] 0, 4, 8, 13, 17, 21, 25, 28, 33, 37, 40, 45, 48, 53, 56, 61, 65, 68, 72,
    76, 80, 84, 89, 93, 96, 101, 105, 108, 112, 117, 121, 125, 128, 132, 136,
    140, 144, 148, 153, 156, 161, 164, 169, 173, 177, 181, 185, 188, 193, 197,
    200, 205, 208, 213, 217, 220, 224, 229, 232, 237, 240, 245, 249, 253, 256,
    261, 265, 269, 272, 276, 280, 284, 288, 292, 296, 301, 305, 308, 313, 316,
    320, 325, 329, 332, 337, 340, 344, 349, 352, 357, 361, 364, 369, 372, 377,
    380, 385, 388, 393, 396, 401, 405, 409, 412, 417, 420, 424, 428, 432, 437,
    440, 444
[2] 12, 16, 20, 24, 32, 36, 44, 52, 60, 64, 88, 92, 100, 104, 116, 120, 124,
    152, 160, 168, 172, 176, 180, 184, 192, 196, 204, 212, 216, 228, 236, 244,
    248, 252, 260, 264, 268, 300, 304, 312, 324, 328, 336, 348, 356, 360, 368,
    376, 384, 392, 400, 404, 408, 416, 436

Reassigned labels
Map:
{"D_0": "D", "D_1": "D", "D_2": "D"}
token_fitness
{"perc_fit_traces": 0.0, "average_trace_fitness": 0.8768205076929377, "log_fitness": 0.895279191745866, "percentage_of_fitting_traces": 0.0}
precision
0.20010665244634052
0.7627118644067797
generalization
0.8087937948554283


###### Starting pipeline for 0.75, Distance.MULTISET_DISTANCE, 1######
Found communities: 

Clustering with 448 elements and 3 clusters
[0] 1, 2, 3, 5, 6, 7, 9, 10, 11, 14, 15, 18, 19, 22, 23, 26, 27, 29, 30, 31,
    34, 35, 38, 39, 41, 42, 43, 46, 47, 49, 50, 51, 54, 55, 57, 58, 59, 62,
    63, 66, 67, 69, 70, 71, 73, 74, 75, 77, 78, 79, 81, 82, 83, 85, 86, 87,
    90, 91, 94, 95, 97, 98, 99, 102, 103, 106, 107, 109, 110, 111, 113, 114,
    115, 118, 119, 122, 123, 126, 127, 129, 130, 131, 133, 134, 135, 137, 138,
    139, 141, 142, 143, 145, 146, 147, 149, 150, 151, 154, 155, 157, 158, 159,
    162, 163, 165, 166, 167, 170, 171, 174, 175, 178, 179, 182, 183, 186, 187,
    189, 190, 191, 194, 195, 198, 199, 201, 202, 203, 206, 207, 209, 210, 211,
    214, 215, 218, 219, 221, 222, 223, 225, 226, 227, 230, 231, 233, 234, 235,
    238, 239, 241, 242, 243, 246, 247, 250, 251, 254, 255, 257, 258, 259, 262,
    263, 266, 267, 270, 271, 273, 274, 275, 277, 278, 279, 281, 282, 283, 285,
    286, 287, 289, 290, 291, 293, 294, 295, 297, 298, 299, 302, 303, 306, 307,
    309, 310, 311, 314, 315, 317, 318, 319, 321, 322, 323, 326, 327, 330, 331,
    333, 334, 335, 338, 339, 341, 342, 343, 345, 346, 347, 350, 351, 353, 354,
    355, 358, 359, 362, 363, 365, 366, 367, 370, 371, 373, 374, 375, 378, 379,
    381, 382, 383, 386, 387, 389, 390, 391, 394, 395, 397, 398, 399, 402, 403,
    406, 407, 410, 411, 413, 414, 415, 418, 419, 421, 422, 423, 425, 426, 427,
    429, 430, 431, 433, 434, 435, 438, 439, 441, 442, 443, 445, 446, 447
[1] 0, 4, 8, 13, 17, 21, 25, 28, 33, 37, 40, 45, 48, 53, 56, 61, 65, 68, 72,
    76, 80, 84, 89, 93, 96, 101, 105, 108, 112, 117, 121, 125, 128, 132, 136,
    140, 144, 148, 153, 156, 161, 164, 169, 173, 177, 181, 185, 188, 193, 197,
    200, 205, 208, 213, 217, 220, 224, 229, 232, 237, 240, 245, 249, 253, 256,
    261, 265, 269, 272, 276, 280, 284, 288, 292, 296, 301, 305, 308, 313, 316,
    320, 325, 329, 332, 337, 340, 344, 349, 352, 357, 361, 364, 369, 372, 377,
    380, 385, 388, 393, 396, 401, 405, 409, 412, 417, 420, 424, 428, 432, 437,
    440, 444
[2] 12, 16, 20, 24, 32, 36, 44, 52, 60, 64, 88, 92, 100, 104, 116, 120, 124,
    152, 160, 168, 172, 176, 180, 184, 192, 196, 204, 212, 216, 228, 236, 244,
    248, 252, 260, 264, 268, 300, 304, 312, 324, 328, 336, 348, 356, 360, 368,
    376, 384, 392, 400, 404, 408, 416, 436

Reassigned labels
Map:
{"D_0": "D", "D_1": "D", "D_2": "D"}
token_fitness
{"perc_fit_traces": 0.0, "average_trace_fitness": 0.8768205076929377, "log_fitness": 0.895279191745866, "percentage_of_fitting_traces": 0.0}
precision
0.20010665244634052
0.7627118644067797
generalization
0.8087937948554283


###### Starting pipeline for 1, Distance.MULTISET_DISTANCE, 1######
Found communities: 

Clustering with 448 elements and 3 clusters
[0] 1, 2, 3, 5, 6, 7, 9, 10, 11, 14, 15, 18, 19, 22, 23, 26, 27, 29, 30, 31,
    34, 35, 38, 39, 41, 42, 43, 46, 47, 49, 50, 51, 54, 55, 57, 58, 59, 62,
    63, 66, 67, 69, 70, 71, 73, 74, 75, 77, 78, 79, 81, 82, 83, 85, 86, 87,
    90, 91, 94, 95, 97, 98, 99, 102, 103, 106, 107, 109, 110, 111, 113, 114,
    115, 118, 119, 122, 123, 126, 127, 129, 130, 131, 133, 134, 135, 137, 138,
    139, 141, 142, 143, 145, 146, 147, 149, 150, 151, 154, 155, 157, 158, 159,
    162, 163, 165, 166, 167, 170, 171, 174, 175, 178, 179, 182, 183, 186, 187,
    189, 190, 191, 194, 195, 198, 199, 201, 202, 203, 206, 207, 209, 210, 211,
    214, 215, 218, 219, 221, 222, 223, 225, 226, 227, 230, 231, 233, 234, 235,
    238, 239, 241, 242, 243, 246, 247, 250, 251, 254, 255, 257, 258, 259, 262,
    263, 266, 267, 270, 271, 273, 274, 275, 277, 278, 279, 281, 282, 283, 285,
    286, 287, 289, 290, 291, 293, 294, 295, 297, 298, 299, 302, 303, 306, 307,
    309, 310, 311, 314, 315, 317, 318, 319, 321, 322, 323, 326, 327, 330, 331,
    333, 334, 335, 338, 339, 341, 342, 343, 345, 346, 347, 350, 351, 353, 354,
    355, 358, 359, 362, 363, 365, 366, 367, 370, 371, 373, 374, 375, 378, 379,
    381, 382, 383, 386, 387, 389, 390, 391, 394, 395, 397, 398, 399, 402, 403,
    406, 407, 410, 411, 413, 414, 415, 418, 419, 421, 422, 423, 425, 426, 427,
    429, 430, 431, 433, 434, 435, 438, 439, 441, 442, 443, 445, 446, 447
[1] 0, 4, 8, 13, 17, 21, 25, 28, 33, 37, 40, 45, 48, 53, 56, 61, 65, 68, 72,
    76, 80, 84, 89, 93, 96, 101, 105, 108, 112, 117, 121, 125, 128, 132, 136,
    140, 144, 148, 153, 156, 161, 164, 169, 173, 177, 181, 185, 188, 193, 197,
    200, 205, 208, 213, 217, 220, 224, 229, 232, 237, 240, 245, 249, 253, 256,
    261, 265, 269, 272, 276, 280, 284, 288, 292, 296, 301, 305, 308, 313, 316,
    320, 325, 329, 332, 337, 340, 344, 349, 352, 357, 361, 364, 369, 372, 377,
    380, 385, 388, 393, 396, 401, 405, 409, 412, 417, 420, 424, 428, 432, 437,
    440, 444
[2] 12, 16, 20, 24, 32, 36, 44, 52, 60, 64, 88, 92, 100, 104, 116, 120, 124,
    152, 160, 168, 172, 176, 180, 184, 192, 196, 204, 212, 216, 228, 236, 244,
    248, 252, 260, 264, 268, 300, 304, 312, 324, 328, 336, 348, 356, 360, 368,
    376, 384, 392, 400, 404, 408, 416, 436

Reassigned labels
Map:
{"D_0": "D", "D_1": "D", "D_2": "D"}
token_fitness
{"perc_fit_traces": 0.0, "average_trace_fitness": 0.8768205076929377, "log_fitness": 0.895279191745866, "percentage_of_fitting_traces": 0.0}
precision
0.20010665244634052
0.7627118644067797
generalization
0.8087937948554283


###### Starting pipeline for 0, Distance.EDIT_DISTANCE, 3######
Found communities: 

Clustering with 448 elements and 4 clusters
[0] 0, 4, 8, 12, 13, 16, 17, 20, 21, 24, 25, 28, 32, 33, 36, 37, 40, 44, 45,
    48, 52, 53, 56, 60, 61, 64, 65, 68, 72, 76, 80, 84, 88, 89, 92, 93, 96,
    100, 101, 104, 105, 108, 112, 116, 117, 120, 121, 124, 125, 128, 132, 136,
    140, 144, 148, 152, 153, 156, 160, 161, 164, 168, 169, 172, 173, 176, 177,
    180, 181, 184, 185, 188, 192, 193, 196, 197, 200, 204, 205, 208, 212, 213,
    216, 217, 220, 224, 228, 229, 232, 236, 237, 240, 244, 245, 248, 249, 252,
    253, 256, 260, 261, 264, 265, 268, 269, 272, 276, 280, 284, 288, 292, 296,
    300, 301, 304, 305, 308, 312, 313, 316, 320, 324, 325, 328, 329, 332, 336,
    337, 340, 344, 348, 349, 352, 356, 357, 360, 361, 364, 368, 369, 372, 376,
    377, 380, 384, 385, 388, 392, 393, 396, 400, 401, 404, 405, 408, 409, 412,
    416, 417, 420, 424, 428, 432, 436, 437, 440, 444
[1] 3, 7, 11, 15, 19, 23, 27, 31, 35, 39, 43, 47, 51, 55, 59, 63, 67, 71, 75,
    79, 83, 87, 91, 95, 99, 103, 107, 111, 115, 119, 123, 127, 131, 135, 139,
    143, 147, 151, 155, 159, 163, 167, 171, 175, 179, 183, 187, 191, 195, 199,
    203, 207, 211, 215, 219, 223, 227, 231, 235, 239, 243, 247, 251, 255, 259,
    263, 267, 271, 275, 279, 283, 287, 291, 295, 299, 303, 307, 311, 315, 319,
    323, 327, 331, 335, 339, 343, 347, 351, 355, 359, 363, 367, 371, 375, 379,
    383, 387, 391, 395, 399, 403, 407, 411, 415, 419, 423, 427, 431, 435, 439,
    443, 447
[2] 2, 6, 10, 14, 18, 22, 26, 30, 34, 38, 42, 46, 50, 54, 58, 62, 66, 70, 74,
    78, 82, 86, 90, 94, 98, 102, 106, 110, 114, 118, 122, 126, 130, 134, 138,
    142, 146, 150, 154, 158, 162, 166, 170, 174, 178, 182, 186, 190, 194, 198,
    202, 206, 210, 214, 218, 222, 226, 230, 234, 238, 242, 246, 250, 254, 258,
    262, 266, 270, 274, 278, 282, 286, 290, 294, 298, 302, 306, 310, 314, 318,
    322, 326, 330, 334, 338, 342, 346, 350, 354, 358, 362, 366, 370, 374, 378,
    382, 386, 390, 394, 398, 402, 406, 410, 414, 418, 422, 426, 430, 434, 438,
    442, 446
[3] 1, 5, 9, 29, 41, 49, 57, 69, 73, 77, 81, 85, 97, 109, 113, 129, 133, 137,
    141, 145, 149, 157, 165, 189, 201, 209, 221, 225, 233, 241, 257, 273, 277,
    281, 285, 289, 293, 297, 309, 317, 321, 333, 341, 345, 353, 365, 373, 381,
    389, 397, 413, 421, 425, 429, 433, 441, 445

Reassigned labels
Map:
{"D_0": "D", "D_1": "D", "D_2": "D", "D_3": "D"}
token_fitness
{"perc_fit_traces": 0.0, "average_trace_fitness": 0.8768205076929377, "log_fitness": 0.895279191745866, "percentage_of_fitting_traces": 0.0}
precision
0.20010665244634052
0.7627118644067797
generalization
0.8087937948554283


###### Starting pipeline for 0.25, Distance.EDIT_DISTANCE, 3######
Found communities: 

Clustering with 448 elements and 3 clusters
[0] 0, 1, 4, 5, 8, 9, 12, 13, 16, 17, 20, 21, 24, 25, 28, 29, 32, 33, 36, 37,
    40, 41, 44, 45, 48, 49, 52, 53, 56, 57, 60, 61, 64, 65, 68, 69, 72, 73,
    76, 77, 80, 81, 84, 85, 88, 89, 92, 93, 96, 97, 100, 101, 104, 105, 108,
    109, 112, 113, 116, 117, 120, 121, 124, 125, 128, 129, 132, 133, 136, 137,
    140, 141, 144, 145, 148, 149, 152, 153, 156, 157, 160, 161, 164, 165, 168,
    169, 172, 173, 176, 177, 180, 181, 184, 185, 188, 189, 192, 193, 196, 197,
    200, 201, 204, 205, 208, 209, 212, 213, 216, 217, 220, 221, 224, 225, 228,
    229, 232, 233, 236, 237, 240, 241, 244, 245, 248, 249, 252, 253, 256, 257,
    260, 261, 264, 265, 268, 269, 272, 273, 276, 277, 280, 281, 284, 285, 288,
    289, 292, 293, 296, 297, 300, 301, 304, 305, 308, 309, 312, 313, 316, 317,
    320, 321, 324, 325, 328, 329, 332, 333, 336, 337, 340, 341, 344, 345, 348,
    349, 352, 353, 356, 357, 360, 361, 364, 365, 368, 369, 372, 373, 376, 377,
    380, 381, 384, 385, 388, 389, 392, 393, 396, 397, 400, 401, 404, 405, 408,
    409, 412, 413, 416, 417, 420, 421, 424, 425, 428, 429, 432, 433, 436, 437,
    440, 441, 444, 445
[1] 2, 3, 6, 7, 10, 11, 15, 19, 23, 27, 30, 31, 35, 39, 42, 43, 47, 50, 51,
    55, 58, 59, 63, 67, 70, 71, 74, 75, 78, 79, 82, 83, 86, 87, 91, 95, 98,
    99, 103, 107, 110, 111, 114, 115, 119, 123, 127, 130, 131, 134, 135, 138,
    139, 142, 143, 146, 147, 150, 151, 155, 158, 159, 163, 166, 167, 171, 175,
    179, 183, 187, 190, 191, 195, 199, 202, 203, 207, 210, 211, 215, 219, 222,
    223, 226, 227, 231, 234, 235, 239, 242, 243, 247, 251, 255, 258, 259, 263,
    267, 271, 274, 275, 278, 279, 282, 283, 286, 287, 290, 291, 294, 295, 298,
    299, 303, 307, 310, 311, 315, 318, 319, 322, 323, 327, 331, 334, 335, 339,
    342, 343, 346, 347, 351, 354, 355, 359, 363, 366, 367, 371, 374, 375, 379,
    382, 383, 387, 390, 391, 395, 398, 399, 403, 407, 411, 414, 415, 419, 422,
    423, 426, 427, 430, 431, 434, 435, 439, 442, 443, 446, 447
[2] 14, 18, 22, 26, 34, 38, 46, 54, 62, 66, 90, 94, 102, 106, 118, 122, 126,
    154, 162, 170, 174, 178, 182, 186, 194, 198, 206, 214, 218, 230, 238, 246,
    250, 254, 262, 266, 270, 302, 306, 314, 326, 330, 338, 350, 358, 362, 370,
    378, 386, 394, 402, 406, 410, 418, 438

Reassigned labels
Map:
{"D_0": "D", "D_1": "D", "D_2": "D"}
token_fitness
{"perc_fit_traces": 0.0, "average_trace_fitness": 0.8768205076929377, "log_fitness": 0.895279191745866, "percentage_of_fitting_traces": 0.0}
precision
0.20010665244634052
0.7627118644067797
generalization
0.8087937948554283


###### Starting pipeline for 0.5, Distance.EDIT_DISTANCE, 3######
Found communities: 

Clustering with 448 elements and 3 clusters
[0] 0, 1, 4, 5, 8, 9, 12, 13, 16, 17, 20, 21, 24, 25, 28, 29, 32, 33, 36, 37,
    40, 41, 44, 45, 48, 49, 52, 53, 56, 57, 60, 61, 64, 65, 68, 69, 72, 73,
    76, 77, 80, 81, 84, 85, 88, 89, 92, 93, 96, 97, 100, 101, 104, 105, 108,
    109, 112, 113, 116, 117, 120, 121, 124, 125, 128, 129, 132, 133, 136, 137,
    140, 141, 144, 145, 148, 149, 152, 153, 156, 157, 160, 161, 164, 165, 168,
    169, 172, 173, 176, 177, 180, 181, 184, 185, 188, 189, 192, 193, 196, 197,
    200, 201, 204, 205, 208, 209, 212, 213, 216, 217, 220, 221, 224, 225, 228,
    229, 232, 233, 236, 237, 240, 241, 244, 245, 248, 249, 252, 253, 256, 257,
    260, 261, 264, 265, 268, 269, 272, 273, 276, 277, 280, 281, 284, 285, 288,
    289, 292, 293, 296, 297, 300, 301, 304, 305, 308, 309, 312, 313, 316, 317,
    320, 321, 324, 325, 328, 329, 332, 333, 336, 337, 340, 341, 344, 345, 348,
    349, 352, 353, 356, 357, 360, 361, 364, 365, 368, 369, 372, 373, 376, 377,
    380, 381, 384, 385, 388, 389, 392, 393, 396, 397, 400, 401, 404, 405, 408,
    409, 412, 413, 416, 417, 420, 421, 424, 425, 428, 429, 432, 433, 436, 437,
    440, 441, 444, 445
[1] 2, 3, 6, 7, 10, 11, 15, 19, 23, 27, 30, 31, 35, 39, 42, 43, 47, 50, 51,
    55, 58, 59, 63, 67, 70, 71, 74, 75, 78, 79, 82, 83, 86, 87, 91, 95, 98,
    99, 103, 107, 110, 111, 114, 115, 119, 123, 127, 130, 131, 134, 135, 138,
    139, 142, 143, 146, 147, 150, 151, 155, 158, 159, 163, 166, 167, 171, 175,
    179, 183, 187, 190, 191, 195, 199, 202, 203, 207, 210, 211, 215, 219, 222,
    223, 226, 227, 231, 234, 235, 239, 242, 243, 247, 251, 255, 258, 259, 263,
    267, 271, 274, 275, 278, 279, 282, 283, 286, 287, 290, 291, 294, 295, 298,
    299, 303, 307, 310, 311, 315, 318, 319, 322, 323, 327, 331, 334, 335, 339,
    342, 343, 346, 347, 351, 354, 355, 359, 363, 366, 367, 371, 374, 375, 379,
    382, 383, 387, 390, 391, 395, 398, 399, 403, 407, 411, 414, 415, 419, 422,
    423, 426, 427, 430, 431, 434, 435, 439, 442, 443, 446, 447
[2] 14, 18, 22, 26, 34, 38, 46, 54, 62, 66, 90, 94, 102, 106, 118, 122, 126,
    154, 162, 170, 174, 178, 182, 186, 194, 198, 206, 214, 218, 230, 238, 246,
    250, 254, 262, 266, 270, 302, 306, 314, 326, 330, 338, 350, 358, 362, 370,
    378, 386, 394, 402, 406, 410, 418, 438

Reassigned labels
Map:
{"D_0": "D", "D_1": "D", "D_2": "D"}
token_fitness
{"perc_fit_traces": 0.0, "average_trace_fitness": 0.8768205076929377, "log_fitness": 0.895279191745866, "percentage_of_fitting_traces": 0.0}
precision
0.20010665244634052
0.7627118644067797
generalization
0.8087937948554283


###### Starting pipeline for 0.75, Distance.EDIT_DISTANCE, 3######
Found communities: 

Clustering with 448 elements and 5 clusters
[0] 0, 1, 4, 5, 8, 9, 13, 17, 21, 25, 28, 29, 33, 37, 40, 41, 45, 48, 49, 53,
    56, 57, 61, 65, 68, 69, 72, 73, 76, 77, 80, 81, 84, 85, 89, 93, 96, 97,
    101, 105, 108, 109, 112, 113, 117, 121, 125, 128, 129, 132, 133, 136, 137,
    140, 141, 144, 145, 148, 149, 153, 156, 157, 161, 164, 165, 169, 173, 177,
    181, 185, 188, 189, 193, 197, 200, 201, 205, 208, 209, 213, 217, 220, 221,
    224, 225, 229, 232, 233, 237, 240, 241, 245, 249, 253, 256, 257, 261, 265,
    269, 272, 273, 276, 277, 280, 281, 284, 285, 288, 289, 292, 293, 296, 297,
    301, 305, 308, 309, 313, 316, 317, 320, 321, 325, 329, 332, 333, 337, 340,
    341, 344, 345, 349, 352, 353, 357, 361, 364, 365, 369, 372, 373, 377, 380,
    381, 385, 388, 389, 393, 396, 397, 401, 405, 409, 412, 413, 417, 420, 421,
    424, 425, 428, 429, 432, 433, 437, 440, 441, 444, 445
[1] 3, 7, 11, 15, 19, 23, 27, 31, 35, 39, 43, 47, 51, 55, 59, 63, 67, 71, 75,
    79, 83, 87, 91, 95, 99, 103, 107, 111, 115, 119, 123, 127, 131, 135, 139,
    143, 147, 151, 155, 159, 163, 167, 171, 175, 179, 183, 187, 191, 195, 199,
    203, 207, 211, 215, 219, 223, 227, 231, 235, 239, 243, 247, 251, 255, 259,
    263, 267, 271, 275, 279, 283, 287, 291, 295, 299, 303, 307, 311, 315, 319,
    323, 327, 331, 335, 339, 343, 347, 351, 355, 359, 363, 367, 371, 375, 379,
    383, 387, 391, 395, 399, 403, 407, 411, 415, 419, 423, 427, 431, 435, 439,
    443, 447
[2] 2, 6, 10, 30, 42, 50, 58, 70, 74, 78, 82, 86, 98, 110, 114, 130, 134, 138,
    142, 146, 150, 158, 166, 190, 202, 210, 222, 226, 234, 242, 258, 274, 278,
    282, 286, 290, 294, 298, 310, 318, 322, 334, 342, 346, 354, 366, 374, 382,
    390, 398, 414, 422, 426, 430, 434, 442, 446
[3] 12, 16, 20, 24, 32, 36, 44, 52, 60, 64, 88, 92, 100, 104, 116, 120, 124,
    152, 160, 168, 172, 176, 180, 184, 192, 196, 204, 212, 216, 228, 236, 244,
    248, 252, 260, 264, 268, 300, 304, 312, 324, 328, 336, 348, 356, 360, 368,
    376, 384, 392, 400, 404, 408, 416, 436
[4] 14, 18, 22, 26, 34, 38, 46, 54, 62, 66, 90, 94, 102, 106, 118, 122, 126,
    154, 162, 170, 174, 178, 182, 186, 194, 198, 206, 214, 218, 230, 238, 246,
    250, 254, 262, 266, 270, 302, 306, 314, 326, 330, 338, 350, 358, 362, 370,
    378, 386, 394, 402, 406, 410, 418, 438

Reassigned labels
Map:
{"D_0": "D", "D_1": "D", "D_2": "D", "D_3": "D", "D_4": "D"}
token_fitness
{"perc_fit_traces": 0.0, "average_trace_fitness": 0.8768205076929377, "log_fitness": 0.895279191745866, "percentage_of_fitting_traces": 0.0}
precision
0.20010665244634052
0.7627118644067797
generalization
0.8087937948554283


###### Starting pipeline for 1, Distance.EDIT_DISTANCE, 3######
Found communities: 

Clustering with 448 elements and 8 clusters
[0] 1, 5, 9, 29, 41, 49, 57, 69, 73, 77, 81, 85, 97, 109, 113, 129, 133, 137,
    141, 145, 149, 157, 165, 189, 201, 209, 221, 225, 233, 241, 257, 273, 277,
    281, 285, 289, 293, 297, 309, 317, 321, 333, 341, 345, 353, 365, 373, 381,
    389, 397, 413, 421, 425, 429, 433, 441, 445
[1] 2, 6, 10, 30, 42, 50, 58, 70, 74, 78, 82, 86, 98, 110, 114, 130, 134, 138,
    142, 146, 150, 158, 166, 190, 202, 210, 222, 226, 234, 242, 258, 274, 278,
    282, 286, 290, 294, 298, 310, 318, 322, 334, 342, 346, 354, 366, 374, 382,
    390, 398, 414, 422, 426, 430, 434, 442, 446
[2] 3, 7, 11, 31, 43, 51, 59, 71, 75, 79, 83, 87, 99, 111, 115, 131, 135, 139,
    143, 147, 151, 159, 167, 191, 203, 211, 223, 227, 235, 243, 259, 275, 279,
    283, 287, 291, 295, 299, 311, 319, 323, 335, 343, 347, 355, 367, 375, 383,
    391, 399, 415, 423, 427, 431, 435, 443, 447
[3] 0, 4, 8, 28, 40, 48, 56, 68, 72, 76, 80, 84, 96, 108, 112, 128, 132, 136,
    140, 144, 148, 156, 164, 188, 200, 208, 220, 224, 232, 240, 256, 272, 276,
    280, 284, 288, 292, 296, 308, 316, 320, 332, 340, 344, 352, 364, 372, 380,
    388, 396, 412, 420, 424, 428, 432, 440, 444
[4] 12, 16, 20, 24, 32, 36, 44, 52, 60, 64, 88, 92, 100, 104, 116, 120, 124,
    152, 160, 168, 172, 176, 180, 184, 192, 196, 204, 212, 216, 228, 236, 244,
    248, 252, 260, 264, 268, 300, 304, 312, 324, 328, 336, 348, 356, 360, 368,
    376, 384, 392, 400, 404, 408, 416, 436
[5] 13, 17, 21, 25, 33, 37, 45, 53, 61, 65, 89, 93, 101, 105, 117, 121, 125,
    153, 161, 169, 173, 177, 181, 185, 193, 197, 205, 213, 217, 229, 237, 245,
    249, 253, 261, 265, 269, 301, 305, 313, 325, 329, 337, 349, 357, 361, 369,
    377, 385, 393, 401, 405, 409, 417, 437
[6] 14, 18, 22, 26, 34, 38, 46, 54, 62, 66, 90, 94, 102, 106, 118, 122, 126,
    154, 162, 170, 174, 178, 182, 186, 194, 198, 206, 214, 218, 230, 238, 246,
    250, 254, 262, 266, 270, 302, 306, 314, 326, 330, 338, 350, 358, 362, 370,
    378, 386, 394, 402, 406, 410, 418, 438
[7] 15, 19, 23, 27, 35, 39, 47, 55, 63, 67, 91, 95, 103, 107, 119, 123, 127,
    155, 163, 171, 175, 179, 183, 187, 195, 199, 207, 215, 219, 231, 239, 247,
    251, 255, 263, 267, 271, 303, 307, 315, 327, 331, 339, 351, 359, 363, 371,
    379, 387, 395, 403, 407, 411, 419, 439

Reassigned labels
Map:
{"D_0": "D", "D_1": "D", "D_2": "D", "D_3": "D", "D_4": "D", "D_5": "D", "D_6": "D", "D_7": "D"}
token_fitness
{"perc_fit_traces": 0.0, "average_trace_fitness": 0.8768205076929377, "log_fitness": 0.895279191745866, "percentage_of_fitting_traces": 0.0}
precision
0.20010665244634052
0.7627118644067797
generalization
0.8087937948554283


###### Starting pipeline for 0, Distance.SET_DISTANCE, 3######
Found communities: 

Clustering with 448 elements and 4 clusters
[0] 3, 7, 11, 15, 19, 23, 27, 31, 35, 39, 43, 47, 51, 55, 59, 63, 67, 71, 75,
    79, 83, 87, 91, 95, 99, 103, 107, 111, 115, 119, 123, 127, 131, 135, 139,
    143, 147, 151, 155, 159, 163, 167, 171, 175, 179, 183, 187, 191, 195, 199,
    203, 207, 211, 215, 219, 223, 227, 231, 235, 239, 243, 247, 251, 255, 259,
    263, 267, 271, 275, 279, 283, 287, 291, 295, 299, 303, 307, 311, 315, 319,
    323, 327, 331, 335, 339, 343, 347, 351, 355, 359, 363, 367, 371, 375, 379,
    383, 387, 391, 395, 399, 403, 407, 411, 415, 419, 423, 427, 431, 435, 439,
    443, 447
[1] 0, 4, 8, 12, 16, 20, 24, 28, 32, 36, 40, 44, 48, 52, 56, 60, 64, 68, 72,
    76, 80, 84, 88, 92, 96, 100, 104, 108, 112, 116, 120, 124, 128, 132, 136,
    140, 144, 148, 152, 156, 160, 164, 168, 172, 176, 180, 184, 188, 192, 196,
    200, 204, 208, 212, 216, 220, 224, 228, 232, 236, 240, 244, 248, 252, 256,
    260, 264, 268, 272, 276, 280, 284, 288, 292, 296, 300, 304, 308, 312, 316,
    320, 324, 328, 332, 336, 340, 344, 348, 352, 356, 360, 364, 368, 372, 376,
    380, 384, 388, 392, 396, 400, 404, 408, 412, 416, 420, 424, 428, 432, 436,
    440, 444
[2] 1, 5, 9, 13, 17, 21, 25, 29, 33, 37, 41, 45, 49, 53, 57, 61, 65, 69, 73,
    77, 81, 85, 89, 93, 97, 101, 105, 109, 113, 117, 121, 125, 129, 133, 137,
    141, 145, 149, 153, 157, 161, 165, 169, 173, 177, 181, 185, 189, 193, 197,
    201, 205, 209, 213, 217, 221, 225, 229, 233, 237, 241, 245, 249, 253, 257,
    261, 265, 269, 273, 277, 281, 285, 289, 293, 297, 301, 305, 309, 313, 317,
    321, 325, 329, 333, 337, 341, 345, 349, 353, 357, 361, 365, 369, 373, 377,
    381, 385, 389, 393, 397, 401, 405, 409, 413, 417, 421, 425, 429, 433, 437,
    441, 445
[3] 2, 6, 10, 14, 18, 22, 26, 30, 34, 38, 42, 46, 50, 54, 58, 62, 66, 70, 74,
    78, 82, 86, 90, 94, 98, 102, 106, 110, 114, 118, 122, 126, 130, 134, 138,
    142, 146, 150, 154, 158, 162, 166, 170, 174, 178, 182, 186, 190, 194, 198,
    202, 206, 210, 214, 218, 222, 226, 230, 234, 238, 242, 246, 250, 254, 258,
    262, 266, 270, 274, 278, 282, 286, 290, 294, 298, 302, 306, 310, 314, 318,
    322, 326, 330, 334, 338, 342, 346, 350, 354, 358, 362, 366, 370, 374, 378,
    382, 386, 390, 394, 398, 402, 406, 410, 414, 418, 422, 426, 430, 434, 438,
    442, 446

Reassigned labels
Map:
{"D_0": "D", "D_1": "D", "D_2": "D", "D_3": "D"}
token_fitness
{"perc_fit_traces": 0.0, "average_trace_fitness": 0.8768205076929377, "log_fitness": 0.895279191745866, "percentage_of_fitting_traces": 0.0}
precision
0.20010665244634052
0.7627118644067797
generalization
0.8087937948554283


###### Starting pipeline for 0.25, Distance.SET_DISTANCE, 3######
Found communities: 

Clustering with 448 elements and 4 clusters
[0] 3, 7, 11, 15, 19, 23, 27, 31, 35, 39, 43, 47, 51, 55, 59, 63, 67, 71, 75,
    79, 83, 87, 91, 95, 99, 103, 107, 111, 115, 119, 123, 127, 131, 135, 139,
    143, 147, 151, 155, 159, 163, 167, 171, 175, 179, 183, 187, 191, 195, 199,
    203, 207, 211, 215, 219, 223, 227, 231, 235, 239, 243, 247, 251, 255, 259,
    263, 267, 271, 275, 279, 283, 287, 291, 295, 299, 303, 307, 311, 315, 319,
    323, 327, 331, 335, 339, 343, 347, 351, 355, 359, 363, 367, 371, 375, 379,
    383, 387, 391, 395, 399, 403, 407, 411, 415, 419, 423, 427, 431, 435, 439,
    443, 447
[1] 0, 4, 8, 12, 16, 20, 24, 28, 32, 36, 40, 44, 48, 52, 56, 60, 64, 68, 72,
    76, 80, 84, 88, 92, 96, 100, 104, 108, 112, 116, 120, 124, 128, 132, 136,
    140, 144, 148, 152, 156, 160, 164, 168, 172, 176, 180, 184, 188, 192, 196,
    200, 204, 208, 212, 216, 220, 224, 228, 232, 236, 240, 244, 248, 252, 256,
    260, 264, 268, 272, 276, 280, 284, 288, 292, 296, 300, 304, 308, 312, 316,
    320, 324, 328, 332, 336, 340, 344, 348, 352, 356, 360, 364, 368, 372, 376,
    380, 384, 388, 392, 396, 400, 404, 408, 412, 416, 420, 424, 428, 432, 436,
    440, 444
[2] 1, 5, 9, 13, 17, 21, 25, 29, 33, 37, 41, 45, 49, 53, 57, 61, 65, 69, 73,
    77, 81, 85, 89, 93, 97, 101, 105, 109, 113, 117, 121, 125, 129, 133, 137,
    141, 145, 149, 153, 157, 161, 165, 169, 173, 177, 181, 185, 189, 193, 197,
    201, 205, 209, 213, 217, 221, 225, 229, 233, 237, 241, 245, 249, 253, 257,
    261, 265, 269, 273, 277, 281, 285, 289, 293, 297, 301, 305, 309, 313, 317,
    321, 325, 329, 333, 337, 341, 345, 349, 353, 357, 361, 365, 369, 373, 377,
    381, 385, 389, 393, 397, 401, 405, 409, 413, 417, 421, 425, 429, 433, 437,
    441, 445
[3] 2, 6, 10, 14, 18, 22, 26, 30, 34, 38, 42, 46, 50, 54, 58, 62, 66, 70, 74,
    78, 82, 86, 90, 94, 98, 102, 106, 110, 114, 118, 122, 126, 130, 134, 138,
    142, 146, 150, 154, 158, 162, 166, 170, 174, 178, 182, 186, 190, 194, 198,
    202, 206, 210, 214, 218, 222, 226, 230, 234, 238, 242, 246, 250, 254, 258,
    262, 266, 270, 274, 278, 282, 286, 290, 294, 298, 302, 306, 310, 314, 318,
    322, 326, 330, 334, 338, 342, 346, 350, 354, 358, 362, 366, 370, 374, 378,
    382, 386, 390, 394, 398, 402, 406, 410, 414, 418, 422, 426, 430, 434, 438,
    442, 446

Reassigned labels
Map:
{"D_0": "D", "D_1": "D", "D_2": "D", "D_3": "D"}
token_fitness
{"perc_fit_traces": 0.0, "average_trace_fitness": 0.8768205076929377, "log_fitness": 0.895279191745866, "percentage_of_fitting_traces": 0.0}
precision
0.20010665244634052
0.7627118644067797
generalization
0.8087937948554283


###### Starting pipeline for 0.5, Distance.SET_DISTANCE, 3######
Found communities: 

Clustering with 448 elements and 4 clusters
[0] 0, 4, 8, 12, 16, 20, 24, 28, 32, 36, 40, 44, 48, 52, 56, 60, 64, 68, 72,
    76, 80, 84, 88, 92, 96, 100, 104, 108, 112, 116, 120, 124, 128, 132, 136,
    140, 144, 148, 152, 156, 160, 164, 168, 172, 176, 180, 184, 188, 192, 196,
    200, 204, 208, 212, 216, 220, 224, 228, 232, 236, 240, 244, 248, 252, 256,
    260, 264, 268, 272, 276, 280, 284, 288, 292, 296, 300, 304, 308, 312, 316,
    320, 324, 328, 332, 336, 340, 344, 348, 352, 356, 360, 364, 368, 372, 376,
    380, 384, 388, 392, 396, 400, 404, 408, 412, 416, 420, 424, 428, 432, 436,
    440, 444
[1] 3, 7, 11, 15, 19, 23, 27, 31, 35, 39, 43, 47, 51, 55, 59, 63, 67, 71, 75,
    79, 83, 87, 91, 95, 99, 103, 107, 111, 115, 119, 123, 127, 131, 135, 139,
    143, 147, 151, 155, 159, 163, 167, 171, 175, 179, 183, 187, 191, 195, 199,
    203, 207, 211, 215, 219, 223, 227, 231, 235, 239, 243, 247, 251, 255, 259,
    263, 267, 271, 275, 279, 283, 287, 291, 295, 299, 303, 307, 311, 315, 319,
    323, 327, 331, 335, 339, 343, 347, 351, 355, 359, 363, 367, 371, 375, 379,
    383, 387, 391, 395, 399, 403, 407, 411, 415, 419, 423, 427, 431, 435, 439,
    443, 447
[2] 2, 6, 10, 14, 18, 22, 26, 30, 34, 38, 42, 46, 50, 54, 58, 62, 66, 70, 74,
    78, 82, 86, 90, 94, 98, 102, 106, 110, 114, 118, 122, 126, 130, 134, 138,
    142, 146, 150, 154, 158, 162, 166, 170, 174, 178, 182, 186, 190, 194, 198,
    202, 206, 210, 214, 218, 222, 226, 230, 234, 238, 242, 246, 250, 254, 258,
    262, 266, 270, 274, 278, 282, 286, 290, 294, 298, 302, 306, 310, 314, 318,
    322, 326, 330, 334, 338, 342, 346, 350, 354, 358, 362, 366, 370, 374, 378,
    382, 386, 390, 394, 398, 402, 406, 410, 414, 418, 422, 426, 430, 434, 438,
    442, 446
[3] 1, 5, 9, 13, 17, 21, 25, 29, 33, 37, 41, 45, 49, 53, 57, 61, 65, 69, 73,
    77, 81, 85, 89, 93, 97, 101, 105, 109, 113, 117, 121, 125, 129, 133, 137,
    141, 145, 149, 153, 157, 161, 165, 169, 173, 177, 181, 185, 189, 193, 197,
    201, 205, 209, 213, 217, 221, 225, 229, 233, 237, 241, 245, 249, 253, 257,
    261, 265, 269, 273, 277, 281, 285, 289, 293, 297, 301, 305, 309, 313, 317,
    321, 325, 329, 333, 337, 341, 345, 349, 353, 357, 361, 365, 369, 373, 377,
    381, 385, 389, 393, 397, 401, 405, 409, 413, 417, 421, 425, 429, 433, 437,
    441, 445

Reassigned labels
Map:
{"D_0": "D", "D_1": "D", "D_2": "D", "D_3": "D"}
token_fitness
{"perc_fit_traces": 0.0, "average_trace_fitness": 0.8768205076929377, "log_fitness": 0.895279191745866, "percentage_of_fitting_traces": 0.0}
precision
0.20010665244634052
0.7627118644067797
generalization
0.8087937948554283


###### Starting pipeline for 0.75, Distance.SET_DISTANCE, 3######
Found communities: 

Clustering with 448 elements and 4 clusters
[0] 0, 1, 4, 5, 8, 9, 13, 17, 21, 25, 28, 29, 33, 37, 40, 41, 45, 48, 49, 53,
    56, 57, 61, 65, 68, 69, 72, 73, 76, 77, 80, 81, 84, 85, 89, 93, 96, 97,
    101, 105, 108, 109, 112, 113, 117, 121, 125, 128, 129, 132, 133, 136, 137,
    140, 141, 144, 145, 148, 149, 153, 156, 157, 161, 164, 165, 169, 173, 177,
    181, 185, 188, 189, 193, 197, 200, 201, 205, 208, 209, 213, 217, 220, 221,
    224, 225, 229, 232, 233, 237, 240, 241, 245, 249, 253, 256, 257, 261, 265,
    269, 272, 273, 276, 277, 280, 281, 284, 285, 288, 289, 292, 293, 296, 297,
    301, 305, 308, 309, 313, 316, 317, 320, 321, 325, 329, 332, 333, 337, 340,
    341, 344, 345, 349, 352, 353, 357, 361, 364, 365, 369, 372, 373, 377, 380,
    381, 385, 388, 389, 393, 396, 397, 401, 405, 409, 412, 413, 417, 420, 421,
    424, 425, 428, 429, 432, 433, 437, 440, 441, 444, 445
[1] 3, 7, 11, 15, 19, 23, 27, 31, 35, 39, 43, 47, 51, 55, 59, 63, 67, 71, 75,
    79, 83, 87, 91, 95, 99, 103, 107, 111, 115, 119, 123, 127, 131, 135, 139,
    143, 147, 151, 155, 159, 163, 167, 171, 175, 179, 183, 187, 191, 195, 199,
    203, 207, 211, 215, 219, 223, 227, 231, 235, 239, 243, 247, 251, 255, 259,
    263, 267, 271, 275, 279, 283, 287, 291, 295, 299, 303, 307, 311, 315, 319,
    323, 327, 331, 335, 339, 343, 347, 351, 355, 359, 363, 367, 371, 375, 379,
    383, 387, 391, 395, 399, 403, 407, 411, 415, 419, 423, 427, 431, 435, 439,
    443, 447
[2] 2, 6, 10, 14, 18, 22, 26, 30, 34, 38, 42, 46, 50, 54, 58, 62, 66, 70, 74,
    78, 82, 86, 90, 94, 98, 102, 106, 110, 114, 118, 122, 126, 130, 134, 138,
    142, 146, 150, 154, 158, 162, 166, 170, 174, 178, 182, 186, 190, 194, 198,
    202, 206, 210, 214, 218, 222, 226, 230, 234, 238, 242, 246, 250, 254, 258,
    262, 266, 270, 274, 278, 282, 286, 290, 294, 298, 302, 306, 310, 314, 318,
    322, 326, 330, 334, 338, 342, 346, 350, 354, 358, 362, 366, 370, 374, 378,
    382, 386, 390, 394, 398, 402, 406, 410, 414, 418, 422, 426, 430, 434, 438,
    442, 446
[3] 12, 16, 20, 24, 32, 36, 44, 52, 60, 64, 88, 92, 100, 104, 116, 120, 124,
    152, 160, 168, 172, 176, 180, 184, 192, 196, 204, 212, 216, 228, 236, 244,
    248, 252, 260, 264, 268, 300, 304, 312, 324, 328, 336, 348, 356, 360, 368,
    376, 384, 392, 400, 404, 408, 416, 436

Reassigned labels
Map:
{"D_0": "D", "D_1": "D", "D_2": "D", "D_3": "D"}
token_fitness
{"perc_fit_traces": 0.0, "average_trace_fitness": 0.8768205076929377, "log_fitness": 0.895279191745866, "percentage_of_fitting_traces": 0.0}
precision
0.20010665244634052
0.7627118644067797
generalization
0.8087937948554283


###### Starting pipeline for 1, Distance.SET_DISTANCE, 3######
Found communities: 

Clustering with 448 elements and 6 clusters
[0] 1, 5, 9, 13, 17, 21, 25, 29, 33, 37, 41, 45, 49, 53, 57, 61, 65, 69, 73,
    77, 81, 85, 89, 93, 97, 101, 105, 109, 113, 117, 121, 125, 129, 133, 137,
    141, 145, 149, 153, 157, 161, 165, 169, 173, 177, 181, 185, 189, 193, 197,
    201, 205, 209, 213, 217, 221, 225, 229, 233, 237, 241, 245, 249, 253, 257,
    261, 265, 269, 273, 277, 281, 285, 289, 293, 297, 301, 305, 309, 313, 317,
    321, 325, 329, 333, 337, 341, 345, 349, 353, 357, 361, 365, 369, 373, 377,
    381, 385, 389, 393, 397, 401, 405, 409, 413, 417, 421, 425, 429, 433, 437,
    441, 445
[1] 2, 6, 10, 14, 18, 22, 26, 30, 34, 38, 42, 46, 50, 54, 58, 62, 66, 70, 74,
    78, 82, 86, 90, 94, 98, 102, 106, 110, 114, 118, 122, 126, 130, 134, 138,
    142, 146, 150, 154, 158, 162, 166, 170, 174, 178, 182, 186, 190, 194, 198,
    202, 206, 210, 214, 218, 222, 226, 230, 234, 238, 242, 246, 250, 254, 258,
    262, 266, 270, 274, 278, 282, 286, 290, 294, 298, 302, 306, 310, 314, 318,
    322, 326, 330, 334, 338, 342, 346, 350, 354, 358, 362, 366, 370, 374, 378,
    382, 386, 390, 394, 398, 402, 406, 410, 414, 418, 422, 426, 430, 434, 438,
    442, 446
[2] 3, 7, 11, 31, 43, 51, 59, 71, 75, 79, 83, 87, 99, 111, 115, 131, 135, 139,
    143, 147, 151, 159, 167, 191, 203, 211, 223, 227, 235, 243, 259, 275, 279,
    283, 287, 291, 295, 299, 311, 319, 323, 335, 343, 347, 355, 367, 375, 383,
    391, 399, 415, 423, 427, 431, 435, 443, 447
[3] 0, 4, 8, 28, 40, 48, 56, 68, 72, 76, 80, 84, 96, 108, 112, 128, 132, 136,
    140, 144, 148, 156, 164, 188, 200, 208, 220, 224, 232, 240, 256, 272, 276,
    280, 284, 288, 292, 296, 308, 316, 320, 332, 340, 344, 352, 364, 372, 380,
    388, 396, 412, 420, 424, 428, 432, 440, 444
[4] 12, 16, 20, 24, 32, 36, 44, 52, 60, 64, 88, 92, 100, 104, 116, 120, 124,
    152, 160, 168, 172, 176, 180, 184, 192, 196, 204, 212, 216, 228, 236, 244,
    248, 252, 260, 264, 268, 300, 304, 312, 324, 328, 336, 348, 356, 360, 368,
    376, 384, 392, 400, 404, 408, 416, 436
[5] 15, 19, 23, 27, 35, 39, 47, 55, 63, 67, 91, 95, 103, 107, 119, 123, 127,
    155, 163, 171, 175, 179, 183, 187, 195, 199, 207, 215, 219, 231, 239, 247,
    251, 255, 263, 267, 271, 303, 307, 315, 327, 331, 339, 351, 359, 363, 371,
    379, 387, 395, 403, 407, 411, 419, 439

Reassigned labels
Map:
{"D_0": "D", "D_1": "D", "D_2": "D", "D_3": "D", "D_4": "D", "D_5": "D"}
token_fitness
{"perc_fit_traces": 0.0, "average_trace_fitness": 0.8768205076929377, "log_fitness": 0.895279191745866, "percentage_of_fitting_traces": 0.0}
precision
0.20010665244634052
0.7627118644067797
generalization
0.8087937948554283


###### Starting pipeline for 0, Distance.MULTISET_DISTANCE, 3######
Found communities: 

Clustering with 448 elements and 2 clusters
[0] 2, 3, 6, 7, 10, 11, 14, 15, 18, 19, 22, 23, 26, 27, 30, 31, 34, 35, 38,
    39, 42, 43, 46, 47, 50, 51, 54, 55, 58, 59, 62, 63, 66, 67, 70, 71, 74,
    75, 78, 79, 82, 83, 86, 87, 90, 91, 94, 95, 98, 99, 102, 103, 106, 107,
    110, 111, 114, 115, 118, 119, 122, 123, 126, 127, 130, 131, 134, 135, 138,
    139, 142, 143, 146, 147, 150, 151, 154, 155, 158, 159, 162, 163, 166, 167,
    170, 171, 174, 175, 178, 179, 182, 183, 186, 187, 190, 191, 194, 195, 198,
    199, 202, 203, 206, 207, 210, 211, 214, 215, 218, 219, 222, 223, 226, 227,
    230, 231, 234, 235, 238, 239, 242, 243, 246, 247, 250, 251, 254, 255, 258,
    259, 262, 263, 266, 267, 270, 271, 274, 275, 278, 279, 282, 283, 286, 287,
    290, 291, 294, 295, 298, 299, 302, 303, 306, 307, 310, 311, 314, 315, 318,
    319, 322, 323, 326, 327, 330, 331, 334, 335, 338, 339, 342, 343, 346, 347,
    350, 351, 354, 355, 358, 359, 362, 363, 366, 367, 370, 371, 374, 375, 378,
    379, 382, 383, 386, 387, 390, 391, 394, 395, 398, 399, 402, 403, 406, 407,
    410, 411, 414, 415, 418, 419, 422, 423, 426, 427, 430, 431, 434, 435, 438,
    439, 442, 443, 446, 447
[1] 0, 1, 4, 5, 8, 9, 12, 13, 16, 17, 20, 21, 24, 25, 28, 29, 32, 33, 36, 37,
    40, 41, 44, 45, 48, 49, 52, 53, 56, 57, 60, 61, 64, 65, 68, 69, 72, 73,
    76, 77, 80, 81, 84, 85, 88, 89, 92, 93, 96, 97, 100, 101, 104, 105, 108,
    109, 112, 113, 116, 117, 120, 121, 124, 125, 128, 129, 132, 133, 136, 137,
    140, 141, 144, 145, 148, 149, 152, 153, 156, 157, 160, 161, 164, 165, 168,
    169, 172, 173, 176, 177, 180, 181, 184, 185, 188, 189, 192, 193, 196, 197,
    200, 201, 204, 205, 208, 209, 212, 213, 216, 217, 220, 221, 224, 225, 228,
    229, 232, 233, 236, 237, 240, 241, 244, 245, 248, 249, 252, 253, 256, 257,
    260, 261, 264, 265, 268, 269, 272, 273, 276, 277, 280, 281, 284, 285, 288,
    289, 292, 293, 296, 297, 300, 301, 304, 305, 308, 309, 312, 313, 316, 317,
    320, 321, 324, 325, 328, 329, 332, 333, 336, 337, 340, 341, 344, 345, 348,
    349, 352, 353, 356, 357, 360, 361, 364, 365, 368, 369, 372, 373, 376, 377,
    380, 381, 384, 385, 388, 389, 392, 393, 396, 397, 400, 401, 404, 405, 408,
    409, 412, 413, 416, 417, 420, 421, 424, 425, 428, 429, 432, 433, 436, 437,
    440, 441, 444, 445

Reassigned labels
Map:
{"D_0": "D", "D_1": "D"}
token_fitness
{"perc_fit_traces": 0.0, "average_trace_fitness": 0.8768205076929377, "log_fitness": 0.895279191745866, "percentage_of_fitting_traces": 0.0}
precision
0.20010665244634052
0.7627118644067797
generalization
0.8087937948554283


###### Starting pipeline for 0.25, Distance.MULTISET_DISTANCE, 3######
Found communities: 

Clustering with 448 elements and 2 clusters
[0] 2, 3, 6, 7, 10, 11, 14, 15, 18, 19, 22, 23, 26, 27, 30, 31, 34, 35, 38,
    39, 42, 43, 46, 47, 50, 51, 54, 55, 58, 59, 62, 63, 66, 67, 70, 71, 74,
    75, 78, 79, 82, 83, 86, 87, 90, 91, 94, 95, 98, 99, 102, 103, 106, 107,
    110, 111, 114, 115, 118, 119, 122, 123, 126, 127, 130, 131, 134, 135, 138,
    139, 142, 143, 146, 147, 150, 151, 154, 155, 158, 159, 162, 163, 166, 167,
    170, 171, 174, 175, 178, 179, 182, 183, 186, 187, 190, 191, 194, 195, 198,
    199, 202, 203, 206, 207, 210, 211, 214, 215, 218, 219, 222, 223, 226, 227,
    230, 231, 234, 235, 238, 239, 242, 243, 246, 247, 250, 251, 254, 255, 258,
    259, 262, 263, 266, 267, 270, 271, 274, 275, 278, 279, 282, 283, 286, 287,
    290, 291, 294, 295, 298, 299, 302, 303, 306, 307, 310, 311, 314, 315, 318,
    319, 322, 323, 326, 327, 330, 331, 334, 335, 338, 339, 342, 343, 346, 347,
    350, 351, 354, 355, 358, 359, 362, 363, 366, 367, 370, 371, 374, 375, 378,
    379, 382, 383, 386, 387, 390, 391, 394, 395, 398, 399, 402, 403, 406, 407,
    410, 411, 414, 415, 418, 419, 422, 423, 426, 427, 430, 431, 434, 435, 438,
    439, 442, 443, 446, 447
[1] 0, 1, 4, 5, 8, 9, 12, 13, 16, 17, 20, 21, 24, 25, 28, 29, 32, 33, 36, 37,
    40, 41, 44, 45, 48, 49, 52, 53, 56, 57, 60, 61, 64, 65, 68, 69, 72, 73,
    76, 77, 80, 81, 84, 85, 88, 89, 92, 93, 96, 97, 100, 101, 104, 105, 108,
    109, 112, 113, 116, 117, 120, 121, 124, 125, 128, 129, 132, 133, 136, 137,
    140, 141, 144, 145, 148, 149, 152, 153, 156, 157, 160, 161, 164, 165, 168,
    169, 172, 173, 176, 177, 180, 181, 184, 185, 188, 189, 192, 193, 196, 197,
    200, 201, 204, 205, 208, 209, 212, 213, 216, 217, 220, 221, 224, 225, 228,
    229, 232, 233, 236, 237, 240, 241, 244, 245, 248, 249, 252, 253, 256, 257,
    260, 261, 264, 265, 268, 269, 272, 273, 276, 277, 280, 281, 284, 285, 288,
    289, 292, 293, 296, 297, 300, 301, 304, 305, 308, 309, 312, 313, 316, 317,
    320, 321, 324, 325, 328, 329, 332, 333, 336, 337, 340, 341, 344, 345, 348,
    349, 352, 353, 356, 357, 360, 361, 364, 365, 368, 369, 372, 373, 376, 377,
    380, 381, 384, 385, 388, 389, 392, 393, 396, 397, 400, 401, 404, 405, 408,
    409, 412, 413, 416, 417, 420, 421, 424, 425, 428, 429, 432, 433, 436, 437,
    440, 441, 444, 445

Reassigned labels
Map:
{"D_0": "D", "D_1": "D"}
token_fitness
{"perc_fit_traces": 0.0, "average_trace_fitness": 0.8768205076929377, "log_fitness": 0.895279191745866, "percentage_of_fitting_traces": 0.0}
precision
0.20010665244634052
0.7627118644067797
generalization
0.8087937948554283


###### Starting pipeline for 0.5, Distance.MULTISET_DISTANCE, 3######
Found communities: 

Clustering with 448 elements and 2 clusters
[0] 0, 1, 4, 5, 8, 9, 12, 13, 16, 17, 20, 21, 24, 25, 28, 29, 32, 33, 36, 37,
    40, 41, 44, 45, 48, 49, 52, 53, 56, 57, 60, 61, 64, 65, 68, 69, 72, 73,
    76, 77, 80, 81, 84, 85, 88, 89, 92, 93, 96, 97, 100, 101, 104, 105, 108,
    109, 112, 113, 116, 117, 120, 121, 124, 125, 128, 129, 132, 133, 136, 137,
    140, 141, 144, 145, 148, 149, 152, 153, 156, 157, 160, 161, 164, 165, 168,
    169, 172, 173, 176, 177, 180, 181, 184, 185, 188, 189, 192, 193, 196, 197,
    200, 201, 204, 205, 208, 209, 212, 213, 216, 217, 220, 221, 224, 225, 228,
    229, 232, 233, 236, 237, 240, 241, 244, 245, 248, 249, 252, 253, 256, 257,
    260, 261, 264, 265, 268, 269, 272, 273, 276, 277, 280, 281, 284, 285, 288,
    289, 292, 293, 296, 297, 300, 301, 304, 305, 308, 309, 312, 313, 316, 317,
    320, 321, 324, 325, 328, 329, 332, 333, 336, 337, 340, 341, 344, 345, 348,
    349, 352, 353, 356, 357, 360, 361, 364, 365, 368, 369, 372, 373, 376, 377,
    380, 381, 384, 385, 388, 389, 392, 393, 396, 397, 400, 401, 404, 405, 408,
    409, 412, 413, 416, 417, 420, 421, 424, 425, 428, 429, 432, 433, 436, 437,
    440, 441, 444, 445
[1] 2, 3, 6, 7, 10, 11, 14, 15, 18, 19, 22, 23, 26, 27, 30, 31, 34, 35, 38,
    39, 42, 43, 46, 47, 50, 51, 54, 55, 58, 59, 62, 63, 66, 67, 70, 71, 74,
    75, 78, 79, 82, 83, 86, 87, 90, 91, 94, 95, 98, 99, 102, 103, 106, 107,
    110, 111, 114, 115, 118, 119, 122, 123, 126, 127, 130, 131, 134, 135, 138,
    139, 142, 143, 146, 147, 150, 151, 154, 155, 158, 159, 162, 163, 166, 167,
    170, 171, 174, 175, 178, 179, 182, 183, 186, 187, 190, 191, 194, 195, 198,
    199, 202, 203, 206, 207, 210, 211, 214, 215, 218, 219, 222, 223, 226, 227,
    230, 231, 234, 235, 238, 239, 242, 243, 246, 247, 250, 251, 254, 255, 258,
    259, 262, 263, 266, 267, 270, 271, 274, 275, 278, 279, 282, 283, 286, 287,
    290, 291, 294, 295, 298, 299, 302, 303, 306, 307, 310, 311, 314, 315, 318,
    319, 322, 323, 326, 327, 330, 331, 334, 335, 338, 339, 342, 343, 346, 347,
    350, 351, 354, 355, 358, 359, 362, 363, 366, 367, 370, 371, 374, 375, 378,
    379, 382, 383, 386, 387, 390, 391, 394, 395, 398, 399, 402, 403, 406, 407,
    410, 411, 414, 415, 418, 419, 422, 423, 426, 427, 430, 431, 434, 435, 438,
    439, 442, 443, 446, 447

Reassigned labels
Map:
{"D_0": "D", "D_1": "D"}
token_fitness
{"perc_fit_traces": 0.0, "average_trace_fitness": 0.8768205076929377, "log_fitness": 0.895279191745866, "percentage_of_fitting_traces": 0.0}
precision
0.20010665244634052
0.7627118644067797
generalization
0.8087937948554283


###### Starting pipeline for 0.75, Distance.MULTISET_DISTANCE, 3######
Found communities: 

Clustering with 448 elements and 4 clusters
[0] 0, 1, 4, 5, 8, 9, 13, 17, 21, 25, 28, 29, 33, 37, 40, 41, 45, 48, 49, 53,
    56, 57, 61, 65, 68, 69, 72, 73, 76, 77, 80, 81, 84, 85, 89, 93, 96, 97,
    101, 105, 108, 109, 112, 113, 117, 121, 125, 128, 129, 132, 133, 136, 137,
    140, 141, 144, 145, 148, 149, 153, 156, 157, 161, 164, 165, 169, 173, 177,
    181, 185, 188, 189, 193, 197, 200, 201, 205, 208, 209, 213, 217, 220, 221,
    224, 225, 229, 232, 233, 237, 240, 241, 245, 249, 253, 256, 257, 261, 265,
    269, 272, 273, 276, 277, 280, 281, 284, 285, 288, 289, 292, 293, 296, 297,
    301, 305, 308, 309, 313, 316, 317, 320, 321, 325, 329, 332, 333, 337, 340,
    341, 344, 345, 349, 352, 353, 357, 361, 364, 365, 369, 372, 373, 377, 380,
    381, 385, 388, 389, 393, 396, 397, 401, 405, 409, 412, 413, 417, 420, 421,
    424, 425, 428, 429, 432, 433, 437, 440, 441, 444, 445
[1] 2, 6, 10, 14, 15, 18, 19, 22, 23, 26, 27, 30, 34, 35, 38, 39, 42, 46, 47,
    50, 54, 55, 58, 62, 66, 67, 70, 74, 78, 82, 86, 90, 91, 94, 95, 98, 102,
    103, 106, 107, 110, 114, 118, 119, 122, 123, 126, 127, 130, 134, 138, 142,
    146, 150, 154, 155, 158, 162, 163, 166, 170, 171, 174, 175, 178, 179, 182,
    183, 186, 187, 190, 194, 195, 198, 199, 202, 206, 207, 210, 214, 215, 218,
    219, 222, 226, 230, 231, 234, 238, 239, 242, 246, 247, 250, 251, 254, 255,
    258, 262, 263, 266, 267, 270, 271, 274, 278, 282, 286, 290, 294, 298, 302,
    303, 306, 307, 310, 314, 315, 318, 322, 326, 327, 330, 331, 334, 338, 339,
    342, 346, 350, 351, 354, 358, 362, 363, 366, 370, 371, 374, 378, 379, 382,
    386, 387, 390, 394, 395, 398, 402, 403, 406, 407, 410, 411, 414, 418, 419,
    422, 426, 430, 434, 438, 439, 442, 446
[2] 3, 7, 11, 31, 43, 51, 59, 63, 71, 75, 79, 83, 87, 99, 111, 115, 131, 135,
    139, 143, 147, 151, 159, 167, 191, 203, 211, 223, 227, 235, 243, 259, 275,
    279, 283, 287, 291, 295, 299, 311, 319, 323, 335, 343, 347, 355, 359, 367,
    375, 383, 391, 399, 415, 423, 427, 431, 435, 443, 447
[3] 12, 16, 20, 24, 32, 36, 44, 52, 60, 64, 88, 92, 100, 104, 116, 120, 124,
    152, 160, 168, 172, 176, 180, 184, 192, 196, 204, 212, 216, 228, 236, 244,
    248, 252, 260, 264, 268, 300, 304, 312, 324, 328, 336, 348, 356, 360, 368,
    376, 384, 392, 400, 404, 408, 416, 436

Reassigned labels
Map:
{"D_0": "D", "D_1": "D", "D_2": "D", "D_3": "D"}
token_fitness
{"perc_fit_traces": 0.0, "average_trace_fitness": 0.8768205076929377, "log_fitness": 0.895279191745866, "percentage_of_fitting_traces": 0.0}
precision
0.20010665244634052
0.7627118644067797
generalization
0.8087937948554283


###### Starting pipeline for 1, Distance.MULTISET_DISTANCE, 3######
Found communities: 

Clustering with 448 elements and 6 clusters
[0] 1, 5, 9, 13, 17, 21, 25, 29, 33, 37, 41, 45, 49, 53, 57, 61, 65, 69, 73,
    77, 81, 85, 89, 93, 97, 101, 105, 109, 113, 117, 121, 125, 129, 133, 137,
    141, 145, 149, 153, 157, 161, 165, 169, 173, 177, 181, 185, 189, 193, 197,
    201, 205, 209, 213, 217, 221, 225, 229, 233, 237, 241, 245, 249, 253, 257,
    261, 265, 269, 273, 277, 281, 285, 289, 293, 297, 301, 305, 309, 313, 317,
    321, 325, 329, 333, 337, 341, 345, 349, 353, 357, 361, 365, 369, 373, 377,
    381, 385, 389, 393, 397, 401, 405, 409, 413, 417, 421, 425, 429, 433, 437,
    441, 445
[1] 2, 6, 10, 14, 18, 22, 26, 30, 34, 38, 42, 46, 50, 54, 58, 62, 66, 70, 74,
    78, 82, 86, 90, 94, 98, 102, 106, 110, 114, 118, 122, 126, 130, 134, 138,
    142, 146, 150, 154, 158, 162, 166, 170, 174, 178, 182, 186, 190, 194, 198,
    202, 206, 210, 214, 218, 222, 226, 230, 234, 238, 242, 246, 250, 254, 258,
    262, 266, 270, 274, 278, 282, 286, 290, 294, 298, 302, 306, 310, 314, 318,
    322, 326, 330, 334, 338, 342, 346, 350, 354, 358, 362, 366, 370, 374, 378,
    382, 386, 390, 394, 398, 402, 406, 410, 414, 418, 422, 426, 430, 434, 438,
    442, 446
[2] 3, 7, 11, 31, 43, 51, 59, 71, 75, 79, 83, 87, 99, 111, 115, 131, 135, 139,
    143, 147, 151, 159, 167, 191, 203, 211, 223, 227, 235, 243, 259, 275, 279,
    283, 287, 291, 295, 299, 311, 319, 323, 335, 343, 347, 355, 367, 375, 383,
    391, 399, 415, 423, 427, 431, 435, 443, 447
[3] 0, 4, 8, 28, 40, 48, 56, 68, 72, 76, 80, 84, 96, 108, 112, 128, 132, 136,
    140, 144, 148, 156, 164, 188, 200, 208, 220, 224, 232, 240, 256, 272, 276,
    280, 284, 288, 292, 296, 308, 316, 320, 332, 340, 344, 352, 364, 372, 380,
    388, 396, 412, 420, 424, 428, 432, 440, 444
[4] 12, 16, 20, 24, 32, 36, 44, 52, 60, 64, 88, 92, 100, 104, 116, 120, 124,
    152, 160, 168, 172, 176, 180, 184, 192, 196, 204, 212, 216, 228, 236, 244,
    248, 252, 260, 264, 268, 300, 304, 312, 324, 328, 336, 348, 356, 360, 368,
    376, 384, 392, 400, 404, 408, 416, 436
[5] 15, 19, 23, 27, 35, 39, 47, 55, 63, 67, 91, 95, 103, 107, 119, 123, 127,
    155, 163, 171, 175, 179, 183, 187, 195, 199, 207, 215, 219, 231, 239, 247,
    251, 255, 263, 267, 271, 303, 307, 315, 327, 331, 339, 351, 359, 363, 371,
    379, 387, 395, 403, 407, 411, 419, 439

Reassigned labels
Map:
{"D_0": "D", "D_1": "D", "D_2": "D", "D_3": "D", "D_4": "D", "D_5": "D"}
token_fitness
{"perc_fit_traces": 0.0, "average_trace_fitness": 0.8768205076929377, "log_fitness": 0.895279191745866, "percentage_of_fitting_traces": 0.0}
precision
0.20010665244634052
0.7627118644067797
generalization
0.8087937948554283


###### Starting pipeline for 0, Distance.EDIT_DISTANCE, 5######
Found communities: 

Clustering with 448 elements and 3 clusters
[0] 2, 3, 6, 7, 10, 11, 14, 15, 18, 19, 22, 23, 26, 27, 30, 31, 34, 35, 38,
    39, 42, 43, 46, 47, 50, 51, 54, 55, 58, 59, 62, 63, 66, 67, 70, 71, 74,
    75, 78, 79, 82, 83, 86, 87, 90, 91, 94, 95, 98, 99, 102, 103, 106, 107,
    110, 111, 114, 115, 118, 119, 122, 123, 126, 127, 130, 131, 134, 135, 138,
    139, 142, 143, 146, 147, 150, 151, 154, 155, 158, 159, 162, 163, 166, 167,
    170, 171, 174, 175, 178, 179, 182, 183, 186, 187, 190, 191, 194, 195, 198,
    199, 202, 203, 206, 207, 210, 211, 214, 215, 218, 219, 222, 223, 226, 227,
    230, 231, 234, 235, 238, 239, 242, 243, 246, 247, 250, 251, 254, 255, 258,
    259, 262, 263, 266, 267, 270, 271, 274, 275, 278, 279, 282, 283, 286, 287,
    290, 291, 294, 295, 298, 299, 302, 303, 306, 307, 310, 311, 314, 315, 318,
    319, 322, 323, 326, 327, 330, 331, 334, 335, 338, 339, 342, 343, 346, 347,
    350, 351, 354, 355, 358, 359, 362, 363, 366, 367, 370, 371, 374, 375, 378,
    379, 382, 383, 386, 387, 390, 391, 394, 395, 398, 399, 402, 403, 406, 407,
    410, 411, 414, 415, 418, 419, 422, 423, 426, 427, 430, 431, 434, 435, 438,
    439, 442, 443, 446, 447
[1] 0, 4, 8, 12, 16, 20, 24, 28, 32, 36, 40, 44, 48, 52, 56, 60, 64, 68, 72,
    76, 80, 84, 88, 92, 96, 100, 104, 108, 112, 116, 120, 124, 128, 132, 136,
    140, 144, 148, 152, 156, 160, 164, 168, 172, 176, 180, 184, 188, 192, 196,
    200, 204, 208, 212, 216, 220, 224, 228, 232, 236, 240, 244, 248, 252, 256,
    260, 264, 268, 272, 276, 280, 284, 288, 292, 296, 300, 304, 308, 312, 316,
    320, 324, 328, 332, 336, 340, 344, 348, 352, 356, 360, 364, 368, 372, 376,
    380, 384, 388, 392, 396, 400, 404, 408, 412, 416, 420, 424, 428, 432, 436,
    440, 444
[2] 1, 5, 9, 13, 17, 21, 25, 29, 33, 37, 41, 45, 49, 53, 57, 61, 65, 69, 73,
    77, 81, 85, 89, 93, 97, 101, 105, 109, 113, 117, 121, 125, 129, 133, 137,
    141, 145, 149, 153, 157, 161, 165, 169, 173, 177, 181, 185, 189, 193, 197,
    201, 205, 209, 213, 217, 221, 225, 229, 233, 237, 241, 245, 249, 253, 257,
    261, 265, 269, 273, 277, 281, 285, 289, 293, 297, 301, 305, 309, 313, 317,
    321, 325, 329, 333, 337, 341, 345, 349, 353, 357, 361, 365, 369, 373, 377,
    381, 385, 389, 393, 397, 401, 405, 409, 413, 417, 421, 425, 429, 433, 437,
    441, 445

Reassigned labels
Map:
{"D_0": "D", "D_1": "D", "D_2": "D"}
token_fitness
{"perc_fit_traces": 0.0, "average_trace_fitness": 0.8768205076929377, "log_fitness": 0.895279191745866, "percentage_of_fitting_traces": 0.0}
precision
0.20010665244634052
0.7627118644067797
generalization
0.8087937948554283


###### Starting pipeline for 0.25, Distance.EDIT_DISTANCE, 5######
Found communities: 

Clustering with 448 elements and 2 clusters
[0] 2, 3, 6, 7, 10, 11, 14, 15, 18, 19, 22, 23, 26, 27, 30, 31, 34, 35, 38,
    39, 42, 43, 46, 47, 50, 51, 54, 55, 58, 59, 62, 63, 66, 67, 70, 71, 74,
    75, 78, 79, 82, 83, 86, 87, 90, 91, 94, 95, 98, 99, 102, 103, 106, 107,
    110, 111, 114, 115, 118, 119, 122, 123, 126, 127, 130, 131, 134, 135, 138,
    139, 142, 143, 146, 147, 150, 151, 154, 155, 158, 159, 162, 163, 166, 167,
    170, 171, 174, 175, 178, 179, 182, 183, 186, 187, 190, 191, 194, 195, 198,
    199, 202, 203, 206, 207, 210, 211, 214, 215, 218, 219, 222, 223, 226, 227,
    230, 231, 234, 235, 238, 239, 242, 243, 246, 247, 250, 251, 254, 255, 258,
    259, 262, 263, 266, 267, 270, 271, 274, 275, 278, 279, 282, 283, 286, 287,
    290, 291, 294, 295, 298, 299, 302, 303, 306, 307, 310, 311, 314, 315, 318,
    319, 322, 323, 326, 327, 330, 331, 334, 335, 338, 339, 342, 343, 346, 347,
    350, 351, 354, 355, 358, 359, 362, 363, 366, 367, 370, 371, 374, 375, 378,
    379, 382, 383, 386, 387, 390, 391, 394, 395, 398, 399, 402, 403, 406, 407,
    410, 411, 414, 415, 418, 419, 422, 423, 426, 427, 430, 431, 434, 435, 438,
    439, 442, 443, 446, 447
[1] 0, 1, 4, 5, 8, 9, 12, 13, 16, 17, 20, 21, 24, 25, 28, 29, 32, 33, 36, 37,
    40, 41, 44, 45, 48, 49, 52, 53, 56, 57, 60, 61, 64, 65, 68, 69, 72, 73,
    76, 77, 80, 81, 84, 85, 88, 89, 92, 93, 96, 97, 100, 101, 104, 105, 108,
    109, 112, 113, 116, 117, 120, 121, 124, 125, 128, 129, 132, 133, 136, 137,
    140, 141, 144, 145, 148, 149, 152, 153, 156, 157, 160, 161, 164, 165, 168,
    169, 172, 173, 176, 177, 180, 181, 184, 185, 188, 189, 192, 193, 196, 197,
    200, 201, 204, 205, 208, 209, 212, 213, 216, 217, 220, 221, 224, 225, 228,
    229, 232, 233, 236, 237, 240, 241, 244, 245, 248, 249, 252, 253, 256, 257,
    260, 261, 264, 265, 268, 269, 272, 273, 276, 277, 280, 281, 284, 285, 288,
    289, 292, 293, 296, 297, 300, 301, 304, 305, 308, 309, 312, 313, 316, 317,
    320, 321, 324, 325, 328, 329, 332, 333, 336, 337, 340, 341, 344, 345, 348,
    349, 352, 353, 356, 357, 360, 361, 364, 365, 368, 369, 372, 373, 376, 377,
    380, 381, 384, 385, 388, 389, 392, 393, 396, 397, 400, 401, 404, 405, 408,
    409, 412, 413, 416, 417, 420, 421, 424, 425, 428, 429, 432, 433, 436, 437,
    440, 441, 444, 445

Reassigned labels
Map:
{"D_0": "D", "D_1": "D"}
token_fitness
{"perc_fit_traces": 0.0, "average_trace_fitness": 0.8768205076929377, "log_fitness": 0.895279191745866, "percentage_of_fitting_traces": 0.0}
precision
0.20010665244634052
0.7627118644067797
generalization
0.8087937948554283


###### Starting pipeline for 0.5, Distance.EDIT_DISTANCE, 5######
Found communities: 

Clustering with 448 elements and 2 clusters
[0] 2, 3, 6, 7, 10, 11, 14, 15, 18, 19, 22, 23, 26, 27, 30, 31, 34, 35, 38,
    39, 42, 43, 46, 47, 50, 51, 54, 55, 58, 59, 62, 63, 66, 67, 70, 71, 74,
    75, 78, 79, 82, 83, 86, 87, 90, 91, 94, 95, 98, 99, 102, 103, 106, 107,
    110, 111, 114, 115, 118, 119, 122, 123, 126, 127, 130, 131, 134, 135, 138,
    139, 142, 143, 146, 147, 150, 151, 154, 155, 158, 159, 162, 163, 166, 167,
    170, 171, 174, 175, 178, 179, 182, 183, 186, 187, 190, 191, 194, 195, 198,
    199, 202, 203, 206, 207, 210, 211, 214, 215, 218, 219, 222, 223, 226, 227,
    230, 231, 234, 235, 238, 239, 242, 243, 246, 247, 250, 251, 254, 255, 258,
    259, 262, 263, 266, 267, 270, 271, 274, 275, 278, 279, 282, 283, 286, 287,
    290, 291, 294, 295, 298, 299, 302, 303, 306, 307, 310, 311, 314, 315, 318,
    319, 322, 323, 326, 327, 330, 331, 334, 335, 338, 339, 342, 343, 346, 347,
    350, 351, 354, 355, 358, 359, 362, 363, 366, 367, 370, 371, 374, 375, 378,
    379, 382, 383, 386, 387, 390, 391, 394, 395, 398, 399, 402, 403, 406, 407,
    410, 411, 414, 415, 418, 419, 422, 423, 426, 427, 430, 431, 434, 435, 438,
    439, 442, 443, 446, 447
[1] 0, 1, 4, 5, 8, 9, 12, 13, 16, 17, 20, 21, 24, 25, 28, 29, 32, 33, 36, 37,
    40, 41, 44, 45, 48, 49, 52, 53, 56, 57, 60, 61, 64, 65, 68, 69, 72, 73,
    76, 77, 80, 81, 84, 85, 88, 89, 92, 93, 96, 97, 100, 101, 104, 105, 108,
    109, 112, 113, 116, 117, 120, 121, 124, 125, 128, 129, 132, 133, 136, 137,
    140, 141, 144, 145, 148, 149, 152, 153, 156, 157, 160, 161, 164, 165, 168,
    169, 172, 173, 176, 177, 180, 181, 184, 185, 188, 189, 192, 193, 196, 197,
    200, 201, 204, 205, 208, 209, 212, 213, 216, 217, 220, 221, 224, 225, 228,
    229, 232, 233, 236, 237, 240, 241, 244, 245, 248, 249, 252, 253, 256, 257,
    260, 261, 264, 265, 268, 269, 272, 273, 276, 277, 280, 281, 284, 285, 288,
    289, 292, 293, 296, 297, 300, 301, 304, 305, 308, 309, 312, 313, 316, 317,
    320, 321, 324, 325, 328, 329, 332, 333, 336, 337, 340, 341, 344, 345, 348,
    349, 352, 353, 356, 357, 360, 361, 364, 365, 368, 369, 372, 373, 376, 377,
    380, 381, 384, 385, 388, 389, 392, 393, 396, 397, 400, 401, 404, 405, 408,
    409, 412, 413, 416, 417, 420, 421, 424, 425, 428, 429, 432, 433, 436, 437,
    440, 441, 444, 445

Reassigned labels
Map:
{"D_0": "D", "D_1": "D"}
token_fitness
{"perc_fit_traces": 0.0, "average_trace_fitness": 0.8768205076929377, "log_fitness": 0.895279191745866, "percentage_of_fitting_traces": 0.0}
precision
0.20010665244634052
0.7627118644067797
generalization
0.8087937948554283


###### Starting pipeline for 0.75, Distance.EDIT_DISTANCE, 5######
Found communities: 

Clustering with 448 elements and 5 clusters
[0] 2, 3, 6, 7, 10, 11, 30, 31, 42, 43, 50, 51, 58, 59, 70, 71, 74, 75, 78,
    79, 82, 83, 86, 87, 98, 99, 110, 111, 114, 115, 130, 131, 134, 135, 138,
    139, 142, 143, 146, 147, 150, 151, 158, 159, 166, 167, 190, 191, 202, 203,
    210, 211, 222, 223, 226, 227, 234, 235, 242, 243, 258, 259, 274, 275, 278,
    279, 282, 283, 286, 287, 290, 291, 294, 295, 298, 299, 310, 311, 318, 319,
    322, 323, 334, 335, 342, 343, 346, 347, 354, 355, 366, 367, 374, 375, 382,
    383, 390, 391, 398, 399, 414, 415, 422, 423, 426, 427, 430, 431, 434, 435,
    442, 443, 446, 447
[1] 1, 5, 9, 13, 17, 21, 25, 29, 33, 37, 41, 45, 49, 53, 57, 61, 65, 69, 73,
    77, 81, 85, 89, 93, 97, 101, 105, 109, 113, 117, 121, 125, 129, 133, 137,
    141, 145, 149, 153, 157, 161, 165, 169, 173, 177, 181, 185, 189, 193, 197,
    201, 205, 209, 213, 217, 221, 225, 229, 233, 237, 241, 245, 249, 253, 257,
    261, 265, 269, 273, 277, 281, 285, 289, 293, 297, 301, 305, 309, 313, 317,
    321, 325, 329, 333, 337, 341, 345, 349, 353, 357, 361, 365, 369, 373, 377,
    381, 385, 389, 393, 397, 401, 405, 409, 413, 417, 421, 425, 429, 433, 437,
    441, 445
[2] 14, 15, 18, 19, 22, 23, 26, 27, 34, 35, 38, 39, 46, 47, 54, 55, 62, 63,
    66, 67, 90, 91, 94, 95, 102, 103, 106, 107, 118, 119, 122, 123, 126, 127,
    154, 155, 162, 163, 170, 171, 174, 175, 178, 179, 182, 183, 186, 187, 194,
    195, 198, 199, 206, 207, 214, 215, 218, 219, 230, 231, 238, 239, 246, 247,
    250, 251, 254, 255, 262, 263, 266, 267, 270, 271, 302, 303, 306, 307, 314,
    315, 326, 327, 330, 331, 338, 339, 350, 351, 358, 359, 362, 363, 370, 371,
    378, 379, 386, 387, 394, 395, 402, 403, 406, 407, 410, 411, 418, 419, 438,
    439
[3] 0, 4, 8, 28, 40, 48, 56, 68, 72, 76, 80, 84, 96, 108, 112, 128, 132, 136,
    140, 144, 148, 156, 164, 188, 200, 208, 220, 224, 232, 240, 256, 272, 276,
    280, 284, 288, 292, 296, 308, 316, 320, 332, 340, 344, 352, 364, 372, 380,
    388, 396, 412, 420, 424, 428, 432, 440, 444
[4] 12, 16, 20, 24, 32, 36, 44, 52, 60, 64, 88, 92, 100, 104, 116, 120, 124,
    152, 160, 168, 172, 176, 180, 184, 192, 196, 204, 212, 216, 228, 236, 244,
    248, 252, 260, 264, 268, 300, 304, 312, 324, 328, 336, 348, 356, 360, 368,
    376, 384, 392, 400, 404, 408, 416, 436

Reassigned labels
Map:
{"D_0": "D", "D_1": "D", "D_2": "D", "D_3": "D", "D_4": "D"}
token_fitness
{"perc_fit_traces": 0.0, "average_trace_fitness": 0.8768205076929377, "log_fitness": 0.895279191745866, "percentage_of_fitting_traces": 0.0}
precision
0.20010665244634052
0.7627118644067797
generalization
0.8087937948554283


###### Starting pipeline for 1, Distance.EDIT_DISTANCE, 5######
Found communities: 

Clustering with 448 elements and 16 clusters
[ 0] 1, 5, 9, 29, 41, 49, 57, 69, 73, 77, 81, 85, 97, 109, 113, 129, 133, 137,
     141, 145, 149, 157, 165, 189, 201, 209, 221, 225, 233, 241, 257, 273,
     277, 281, 285, 289, 293, 297, 309, 317, 321, 333, 341, 345, 353, 365,
     373, 381, 389, 397, 413, 421, 425, 429, 433, 441, 445
[ 1] 0, 4, 8, 28, 40, 48, 56, 68, 72, 76, 80, 84, 96, 108, 112, 128, 132, 136,
     140, 144, 148, 156, 164, 188, 200, 208, 220, 224, 232, 240, 256, 272,
     276, 280, 284, 288, 292, 296, 308, 316, 320, 332, 340, 344, 352, 364,
     372, 380, 388, 396, 412, 420, 424, 428, 432, 440, 444
[ 2] 12, 16, 20, 24, 32, 36, 44, 52, 60, 64, 88, 92, 100, 104, 116, 120, 124,
     152, 160, 168, 172, 176, 180, 184, 192, 196, 204, 212, 216, 228, 236,
     244, 248, 252, 260, 264, 268, 300, 304, 312, 324, 328, 336, 348, 356,
     360, 368, 376, 384, 392, 400, 404, 408, 416, 436
[ 3] 13, 17, 21, 25, 33, 37, 45, 53, 61, 65, 89, 93, 101, 105, 117, 121, 125,
     153, 161, 169, 173, 177, 181, 185, 193, 197, 205, 213, 217, 229, 237,
     245, 249, 253, 261, 265, 269, 301, 305, 313, 325, 329, 337, 349, 357,
     361, 369, 377, 385, 393, 401, 405, 409, 417, 437
[ 4] 14, 34, 38, 54, 62, 94, 102, 118, 122, 126, 170, 178, 182, 198, 214, 250,
     254, 266, 270, 306, 314, 330, 338, 358, 378, 394, 402, 406, 418, 438
[ 5] 2, 30, 50, 78, 98, 110, 138, 146, 158, 166, 190, 202, 210, 222, 226, 234,
     258, 278, 282, 294, 298, 318, 334, 342, 354, 382, 414, 426, 430
[ 6] 35, 39, 55, 63, 95, 103, 119, 123, 127, 171, 179, 183, 199, 215, 251,
     255, 267, 271, 307, 315, 331, 339, 359, 379, 395, 403, 407, 419, 439
[ 7] 6, 10, 42, 58, 70, 74, 82, 86, 114, 130, 134, 142, 150, 242, 274, 286,
     290, 310, 322, 346, 366, 374, 390, 398, 422, 434, 442, 446
[ 8] 31, 51, 79, 99, 111, 139, 147, 159, 167, 191, 203, 211, 223, 227, 235,
     259, 279, 283, 295, 299, 319, 335, 343, 355, 383, 415, 427, 431
[ 9] 7, 43, 59, 71, 75, 83, 87, 115, 131, 135, 143, 151, 243, 275, 287, 291,
     311, 323, 347, 367, 375, 391, 399, 423, 435, 443, 447
[10] 18, 22, 26, 46, 66, 90, 106, 154, 162, 174, 186, 194, 206, 218, 230, 238,
     246, 262, 302, 326, 350, 362, 370, 386, 410
[11] 23, 27, 47, 67, 91, 107, 155, 163, 175, 187, 195, 207, 219, 231, 239,
     247, 263, 303, 327, 351, 363, 371, 387, 411
[12] 3
[13] 11
[14] 15
[15] 19

Reassigned labels
Map:
{"D_0": "D", "D_1": "D", "D_2": "D", "D_3": "D", "D_4": "D", "D_5": "D", "D_6": "D", "D_7": "D", "D_8": "D", "D_9": "D", "D_10": "D", "D_11": "D", "D_12": "D", "D_13": "D", "D_14": "D", "D_15": "D"}
token_fitness
{"perc_fit_traces": 0.0, "average_trace_fitness": 0.8768205076929377, "log_fitness": 0.895279191745866, "percentage_of_fitting_traces": 0.0}
precision
0.20010665244634052
0.7627118644067797
generalization
0.8087937948554283


###### Starting pipeline for 0, Distance.SET_DISTANCE, 5######
Found communities: 

Clustering with 448 elements and 4 clusters
[0] 0, 4, 8, 12, 16, 20, 24, 28, 32, 36, 40, 44, 48, 52, 56, 60, 64, 68, 72,
    76, 80, 84, 88, 92, 96, 100, 104, 108, 112, 116, 120, 124, 128, 132, 136,
    140, 144, 148, 152, 156, 160, 164, 168, 172, 176, 180, 184, 188, 192, 196,
    200, 204, 208, 212, 216, 220, 224, 228, 232, 236, 240, 244, 248, 252, 256,
    260, 264, 268, 272, 276, 280, 284, 288, 292, 296, 300, 304, 308, 312, 316,
    320, 324, 328, 332, 336, 340, 344, 348, 352, 356, 360, 364, 368, 372, 376,
    380, 384, 388, 392, 396, 400, 404, 408, 412, 416, 420, 424, 428, 432, 436,
    440, 444
[1] 3, 7, 11, 15, 19, 23, 27, 31, 35, 39, 43, 47, 51, 55, 59, 63, 67, 71, 75,
    79, 83, 87, 91, 95, 99, 103, 107, 111, 115, 119, 123, 127, 131, 135, 139,
    143, 147, 151, 155, 159, 163, 167, 171, 175, 179, 183, 187, 191, 195, 199,
    203, 207, 211, 215, 219, 223, 227, 231, 235, 239, 243, 247, 251, 255, 259,
    263, 267, 271, 275, 279, 283, 287, 291, 295, 299, 303, 307, 311, 315, 319,
    323, 327, 331, 335, 339, 343, 347, 351, 355, 359, 363, 367, 371, 375, 379,
    383, 387, 391, 395, 399, 403, 407, 411, 415, 419, 423, 427, 431, 435, 439,
    443, 447
[2] 2, 6, 10, 14, 18, 22, 26, 30, 34, 38, 42, 46, 50, 54, 58, 62, 66, 70, 74,
    78, 82, 86, 90, 94, 98, 102, 106, 110, 114, 118, 122, 126, 130, 134, 138,
    142, 146, 150, 154, 158, 162, 166, 170, 174, 178, 182, 186, 190, 194, 198,
    202, 206, 210, 214, 218, 222, 226, 230, 234, 238, 242, 246, 250, 254, 258,
    262, 266, 270, 274, 278, 282, 286, 290, 294, 298, 302, 306, 310, 314, 318,
    322, 326, 330, 334, 338, 342, 346, 350, 354, 358, 362, 366, 370, 374, 378,
    382, 386, 390, 394, 398, 402, 406, 410, 414, 418, 422, 426, 430, 434, 438,
    442, 446
[3] 1, 5, 9, 13, 17, 21, 25, 29, 33, 37, 41, 45, 49, 53, 57, 61, 65, 69, 73,
    77, 81, 85, 89, 93, 97, 101, 105, 109, 113, 117, 121, 125, 129, 133, 137,
    141, 145, 149, 153, 157, 161, 165, 169, 173, 177, 181, 185, 189, 193, 197,
    201, 205, 209, 213, 217, 221, 225, 229, 233, 237, 241, 245, 249, 253, 257,
    261, 265, 269, 273, 277, 281, 285, 289, 293, 297, 301, 305, 309, 313, 317,
    321, 325, 329, 333, 337, 341, 345, 349, 353, 357, 361, 365, 369, 373, 377,
    381, 385, 389, 393, 397, 401, 405, 409, 413, 417, 421, 425, 429, 433, 437,
    441, 445

Reassigned labels
Map:
{"D_0": "D", "D_1": "D", "D_2": "D", "D_3": "D"}
token_fitness
{"perc_fit_traces": 0.0, "average_trace_fitness": 0.8768205076929377, "log_fitness": 0.895279191745866, "percentage_of_fitting_traces": 0.0}
precision
0.20010665244634052
0.7627118644067797
generalization
0.8087937948554283


###### Starting pipeline for 0.25, Distance.SET_DISTANCE, 5######
Found communities: 

Clustering with 448 elements and 4 clusters
[0] 0, 4, 8, 12, 16, 20, 24, 28, 32, 36, 40, 44, 48, 52, 56, 60, 64, 68, 72,
    76, 80, 84, 88, 92, 96, 100, 104, 108, 112, 116, 120, 124, 128, 132, 136,
    140, 144, 148, 152, 156, 160, 164, 168, 172, 176, 180, 184, 188, 192, 196,
    200, 204, 208, 212, 216, 220, 224, 228, 232, 236, 240, 244, 248, 252, 256,
    260, 264, 268, 272, 276, 280, 284, 288, 292, 296, 300, 304, 308, 312, 316,
    320, 324, 328, 332, 336, 340, 344, 348, 352, 356, 360, 364, 368, 372, 376,
    380, 384, 388, 392, 396, 400, 404, 408, 412, 416, 420, 424, 428, 432, 436,
    440, 444
[1] 3, 7, 11, 15, 19, 23, 27, 31, 35, 39, 43, 47, 51, 55, 59, 63, 67, 71, 75,
    79, 83, 87, 91, 95, 99, 103, 107, 111, 115, 119, 123, 127, 131, 135, 139,
    143, 147, 151, 155, 159, 163, 167, 171, 175, 179, 183, 187, 191, 195, 199,
    203, 207, 211, 215, 219, 223, 227, 231, 235, 239, 243, 247, 251, 255, 259,
    263, 267, 271, 275, 279, 283, 287, 291, 295, 299, 303, 307, 311, 315, 319,
    323, 327, 331, 335, 339, 343, 347, 351, 355, 359, 363, 367, 371, 375, 379,
    383, 387, 391, 395, 399, 403, 407, 411, 415, 419, 423, 427, 431, 435, 439,
    443, 447
[2] 2, 6, 10, 14, 18, 22, 26, 30, 34, 38, 42, 46, 50, 54, 58, 62, 66, 70, 74,
    78, 82, 86, 90, 94, 98, 102, 106, 110, 114, 118, 122, 126, 130, 134, 138,
    142, 146, 150, 154, 158, 162, 166, 170, 174, 178, 182, 186, 190, 194, 198,
    202, 206, 210, 214, 218, 222, 226, 230, 234, 238, 242, 246, 250, 254, 258,
    262, 266, 270, 274, 278, 282, 286, 290, 294, 298, 302, 306, 310, 314, 318,
    322, 326, 330, 334, 338, 342, 346, 350, 354, 358, 362, 366, 370, 374, 378,
    382, 386, 390, 394, 398, 402, 406, 410, 414, 418, 422, 426, 430, 434, 438,
    442, 446
[3] 1, 5, 9, 13, 17, 21, 25, 29, 33, 37, 41, 45, 49, 53, 57, 61, 65, 69, 73,
    77, 81, 85, 89, 93, 97, 101, 105, 109, 113, 117, 121, 125, 129, 133, 137,
    141, 145, 149, 153, 157, 161, 165, 169, 173, 177, 181, 185, 189, 193, 197,
    201, 205, 209, 213, 217, 221, 225, 229, 233, 237, 241, 245, 249, 253, 257,
    261, 265, 269, 273, 277, 281, 285, 289, 293, 297, 301, 305, 309, 313, 317,
    321, 325, 329, 333, 337, 341, 345, 349, 353, 357, 361, 365, 369, 373, 377,
    381, 385, 389, 393, 397, 401, 405, 409, 413, 417, 421, 425, 429, 433, 437,
    441, 445

Reassigned labels
Map:
{"D_0": "D", "D_1": "D", "D_2": "D", "D_3": "D"}
token_fitness
{"perc_fit_traces": 0.0, "average_trace_fitness": 0.8768205076929377, "log_fitness": 0.895279191745866, "percentage_of_fitting_traces": 0.0}
precision
0.20010665244634052
0.7627118644067797
generalization
0.8087937948554283


###### Starting pipeline for 0.5, Distance.SET_DISTANCE, 5######
Found communities: 

Clustering with 448 elements and 4 clusters
[0] 3, 7, 11, 15, 19, 23, 27, 31, 35, 39, 43, 47, 51, 55, 59, 63, 67, 71, 75,
    79, 83, 87, 91, 95, 99, 103, 107, 111, 115, 119, 123, 127, 131, 135, 139,
    143, 147, 151, 155, 159, 163, 167, 171, 175, 179, 183, 187, 191, 195, 199,
    203, 207, 211, 215, 219, 223, 227, 231, 235, 239, 243, 247, 251, 255, 259,
    263, 267, 271, 275, 279, 283, 287, 291, 295, 299, 303, 307, 311, 315, 319,
    323, 327, 331, 335, 339, 343, 347, 351, 355, 359, 363, 367, 371, 375, 379,
    383, 387, 391, 395, 399, 403, 407, 411, 415, 419, 423, 427, 431, 435, 439,
    443, 447
[1] 0, 4, 8, 12, 16, 20, 24, 28, 32, 36, 40, 44, 48, 52, 56, 60, 64, 68, 72,
    76, 80, 84, 88, 92, 96, 100, 104, 108, 112, 116, 120, 124, 128, 132, 136,
    140, 144, 148, 152, 156, 160, 164, 168, 172, 176, 180, 184, 188, 192, 196,
    200, 204, 208, 212, 216, 220, 224, 228, 232, 236, 240, 244, 248, 252, 256,
    260, 264, 268, 272, 276, 280, 284, 288, 292, 296, 300, 304, 308, 312, 316,
    320, 324, 328, 332, 336, 340, 344, 348, 352, 356, 360, 364, 368, 372, 376,
    380, 384, 388, 392, 396, 400, 404, 408, 412, 416, 420, 424, 428, 432, 436,
    440, 444
[2] 2, 6, 10, 14, 18, 22, 26, 30, 34, 38, 42, 46, 50, 54, 58, 62, 66, 70, 74,
    78, 82, 86, 90, 94, 98, 102, 106, 110, 114, 118, 122, 126, 130, 134, 138,
    142, 146, 150, 154, 158, 162, 166, 170, 174, 178, 182, 186, 190, 194, 198,
    202, 206, 210, 214, 218, 222, 226, 230, 234, 238, 242, 246, 250, 254, 258,
    262, 266, 270, 274, 278, 282, 286, 290, 294, 298, 302, 306, 310, 314, 318,
    322, 326, 330, 334, 338, 342, 346, 350, 354, 358, 362, 366, 370, 374, 378,
    382, 386, 390, 394, 398, 402, 406, 410, 414, 418, 422, 426, 430, 434, 438,
    442, 446
[3] 1, 5, 9, 13, 17, 21, 25, 29, 33, 37, 41, 45, 49, 53, 57, 61, 65, 69, 73,
    77, 81, 85, 89, 93, 97, 101, 105, 109, 113, 117, 121, 125, 129, 133, 137,
    141, 145, 149, 153, 157, 161, 165, 169, 173, 177, 181, 185, 189, 193, 197,
    201, 205, 209, 213, 217, 221, 225, 229, 233, 237, 241, 245, 249, 253, 257,
    261, 265, 269, 273, 277, 281, 285, 289, 293, 297, 301, 305, 309, 313, 317,
    321, 325, 329, 333, 337, 341, 345, 349, 353, 357, 361, 365, 369, 373, 377,
    381, 385, 389, 393, 397, 401, 405, 409, 413, 417, 421, 425, 429, 433, 437,
    441, 445

Reassigned labels
Map:
{"D_0": "D", "D_1": "D", "D_2": "D", "D_3": "D"}
token_fitness
{"perc_fit_traces": 0.0, "average_trace_fitness": 0.8768205076929377, "log_fitness": 0.895279191745866, "percentage_of_fitting_traces": 0.0}
precision
0.20010665244634052
0.7627118644067797
generalization
0.8087937948554283


###### Starting pipeline for 0.75, Distance.SET_DISTANCE, 5######
Found communities: 

Clustering with 448 elements and 3 clusters
[0] 2, 3, 6, 7, 10, 11, 14, 15, 18, 19, 22, 23, 26, 27, 30, 31, 34, 35, 38,
    39, 42, 43, 46, 47, 50, 51, 54, 55, 58, 59, 62, 63, 66, 67, 70, 71, 74,
    75, 78, 79, 82, 83, 86, 87, 90, 91, 94, 95, 98, 99, 102, 103, 106, 107,
    110, 111, 114, 115, 118, 119, 122, 123, 126, 127, 130, 131, 134, 135, 138,
    139, 142, 143, 146, 147, 150, 151, 154, 155, 158, 159, 162, 163, 166, 167,
    170, 171, 174, 175, 178, 179, 182, 183, 186, 187, 190, 191, 194, 195, 198,
    199, 202, 203, 206, 207, 210, 211, 214, 215, 218, 219, 222, 223, 226, 227,
    230, 231, 234, 235, 238, 239, 242, 243, 246, 247, 250, 251, 254, 255, 258,
    259, 262, 263, 266, 267, 270, 271, 274, 275, 278, 279, 282, 283, 286, 287,
    290, 291, 294, 295, 298, 299, 302, 303, 306, 307, 310, 311, 314, 315, 318,
    319, 322, 323, 326, 327, 330, 331, 334, 335, 338, 339, 342, 343, 346, 347,
    350, 351, 354, 355, 358, 359, 362, 363, 366, 367, 370, 371, 374, 375, 378,
    379, 382, 383, 386, 387, 390, 391, 394, 395, 398, 399, 402, 403, 406, 407,
    410, 411, 414, 415, 418, 419, 422, 423, 426, 427, 430, 431, 434, 435, 438,
    439, 442, 443, 446, 447
[1] 0, 1, 4, 5, 8, 9, 13, 17, 21, 25, 28, 29, 33, 37, 40, 41, 45, 48, 49, 53,
    56, 57, 61, 65, 68, 69, 72, 73, 76, 77, 80, 81, 84, 85, 89, 93, 96, 97,
    101, 105, 108, 109, 112, 113, 117, 121, 125, 128, 129, 132, 133, 136, 137,
    140, 141, 144, 145, 148, 149, 153, 156, 157, 161, 164, 165, 169, 173, 177,
    181, 185, 188, 189, 193, 197, 200, 201, 205, 208, 209, 213, 217, 220, 221,
    224, 225, 229, 232, 233, 237, 240, 241, 245, 249, 253, 256, 257, 261, 265,
    269, 272, 273, 276, 277, 280, 281, 284, 285, 288, 289, 292, 293, 296, 297,
    301, 305, 308, 309, 313, 316, 317, 320, 321, 325, 329, 332, 333, 337, 340,
    341, 344, 345, 349, 352, 353, 357, 361, 364, 365, 369, 372, 373, 377, 380,
    381, 385, 388, 389, 393, 396, 397, 401, 405, 409, 412, 413, 417, 420, 421,
    424, 425, 428, 429, 432, 433, 437, 440, 441, 444, 445
[2] 12, 16, 20, 24, 32, 36, 44, 52, 60, 64, 88, 92, 100, 104, 116, 120, 124,
    152, 160, 168, 172, 176, 180, 184, 192, 196, 204, 212, 216, 228, 236, 244,
    248, 252, 260, 264, 268, 300, 304, 312, 324, 328, 336, 348, 356, 360, 368,
    376, 384, 392, 400, 404, 408, 416, 436

Reassigned labels
Map:
{"D_0": "D", "D_1": "D", "D_2": "D"}
token_fitness
{"perc_fit_traces": 0.0, "average_trace_fitness": 0.8768205076929377, "log_fitness": 0.895279191745866, "percentage_of_fitting_traces": 0.0}
precision
0.20010665244634052
0.7627118644067797
generalization
0.8087937948554283


###### Starting pipeline for 1, Distance.SET_DISTANCE, 5######
Found communities: 

Clustering with 448 elements and 8 clusters
[0] 1, 5, 9, 13, 17, 21, 25, 29, 33, 37, 41, 45, 49, 53, 57, 61, 65, 69, 73,
    77, 81, 85, 89, 93, 97, 101, 105, 109, 113, 117, 121, 125, 129, 133, 137,
    141, 145, 149, 153, 157, 161, 165, 169, 173, 177, 181, 185, 189, 193, 197,
    201, 205, 209, 213, 217, 221, 225, 229, 233, 237, 241, 245, 249, 253, 257,
    261, 265, 269, 273, 277, 281, 285, 289, 293, 297, 301, 305, 309, 313, 317,
    321, 325, 329, 333, 337, 341, 345, 349, 353, 357, 361, 365, 369, 373, 377,
    381, 385, 389, 393, 397, 401, 405, 409, 413, 417, 421, 425, 429, 433, 437,
    441, 445
[1] 7, 23, 27, 31, 35, 39, 43, 47, 51, 55, 59, 63, 67, 71, 75, 79, 83, 87, 91,
    95, 99, 103, 107, 111, 115, 119, 123, 127, 131, 135, 139, 143, 147, 151,
    155, 159, 163, 167, 171, 175, 179, 183, 187, 191, 195, 199, 203, 207, 211,
    215, 219, 223, 227, 231, 235, 239, 243, 247, 251, 255, 259, 263, 267, 271,
    275, 279, 283, 287, 291, 295, 299, 303, 307, 311, 315, 319, 323, 327, 331,
    335, 339, 343, 347, 351, 355, 359, 363, 367, 371, 375, 379, 383, 387, 391,
    395, 399, 403, 407, 411, 415, 419, 423, 427, 431, 435, 439, 443, 447
[2] 6, 10, 14, 34, 38, 42, 54, 58, 62, 70, 74, 82, 86, 94, 102, 114, 118, 122,
    126, 130, 134, 142, 150, 170, 178, 182, 198, 214, 242, 250, 254, 266, 270,
    274, 286, 290, 306, 310, 314, 322, 330, 338, 346, 358, 366, 374, 378, 390,
    394, 398, 402, 406, 418, 422, 434, 438, 442, 446
[3] 0, 4, 8, 28, 40, 48, 56, 68, 72, 76, 80, 84, 96, 108, 112, 128, 132, 136,
    140, 144, 148, 156, 164, 188, 200, 208, 220, 224, 232, 240, 256, 272, 276,
    280, 284, 288, 292, 296, 308, 316, 320, 332, 340, 344, 352, 364, 372, 380,
    388, 396, 412, 420, 424, 428, 432, 440, 444
[4] 12, 16, 20, 24, 32, 36, 44, 52, 60, 64, 88, 92, 100, 104, 116, 120, 124,
    152, 160, 168, 172, 176, 180, 184, 192, 196, 204, 212, 216, 228, 236, 244,
    248, 252, 260, 264, 268, 300, 304, 312, 324, 328, 336, 348, 356, 360, 368,
    376, 384, 392, 400, 404, 408, 416, 436
[5] 2, 18, 22, 26, 30, 46, 50, 66, 78, 90, 98, 106, 110, 138, 146, 154, 158,
    162, 166, 174, 186, 190, 194, 202, 206, 210, 218, 222, 226, 230, 234, 238,
    246, 258, 262, 278, 282, 294, 298, 302, 318, 326, 334, 342, 350, 354, 362,
    370, 382, 386, 410, 414, 426, 430
[6] 3, 19
[7] 11, 15

Reassigned labels
Map:
{"D_0": "D", "D_1": "D", "D_2": "D", "D_3": "D", "D_4": "D", "D_5": "D", "D_6": "D", "D_7": "D"}
token_fitness
{"perc_fit_traces": 0.0, "average_trace_fitness": 0.8768205076929377, "log_fitness": 0.895279191745866, "percentage_of_fitting_traces": 0.0}
precision
0.20010665244634052
0.7627118644067797
generalization
0.8087937948554283


###### Starting pipeline for 0, Distance.MULTISET_DISTANCE, 5######
Found communities: 

Clustering with 448 elements and 3 clusters
[0] 2, 3, 6, 7, 10, 11, 14, 15, 18, 19, 22, 23, 26, 27, 30, 31, 34, 35, 38,
    39, 42, 43, 46, 47, 50, 51, 54, 55, 58, 59, 62, 63, 66, 67, 70, 71, 74,
    75, 78, 79, 82, 83, 86, 87, 90, 91, 94, 95, 98, 99, 102, 103, 106, 107,
    110, 111, 114, 115, 118, 119, 122, 123, 126, 127, 130, 131, 134, 135, 138,
    139, 142, 143, 146, 147, 150, 151, 154, 155, 158, 159, 162, 163, 166, 167,
    170, 171, 174, 175, 178, 179, 182, 183, 186, 187, 190, 191, 194, 195, 198,
    199, 202, 203, 206, 207, 210, 211, 214, 215, 218, 219, 222, 223, 226, 227,
    230, 231, 234, 235, 238, 239, 242, 243, 246, 247, 250, 251, 254, 255, 258,
    259, 262, 263, 266, 267, 270, 271, 274, 275, 278, 279, 282, 283, 286, 287,
    290, 291, 294, 295, 298, 299, 302, 303, 306, 307, 310, 311, 314, 315, 318,
    319, 322, 323, 326, 327, 330, 331, 334, 335, 338, 339, 342, 343, 346, 347,
    350, 351, 354, 355, 358, 359, 362, 363, 366, 367, 370, 371, 374, 375, 378,
    379, 382, 383, 386, 387, 390, 391, 394, 395, 398, 399, 402, 403, 406, 407,
    410, 411, 414, 415, 418, 419, 422, 423, 426, 427, 430, 431, 434, 435, 438,
    439, 442, 443, 446, 447
[1] 0, 4, 8, 12, 16, 20, 24, 28, 32, 36, 40, 44, 48, 52, 56, 60, 64, 68, 72,
    76, 80, 84, 88, 92, 96, 100, 104, 108, 112, 116, 120, 124, 128, 132, 136,
    140, 144, 148, 152, 156, 160, 164, 168, 172, 176, 180, 184, 188, 192, 196,
    200, 204, 208, 212, 216, 220, 224, 228, 232, 236, 240, 244, 248, 252, 256,
    260, 264, 268, 272, 276, 280, 284, 288, 292, 296, 300, 304, 308, 312, 316,
    320, 324, 328, 332, 336, 340, 344, 348, 352, 356, 360, 364, 368, 372, 376,
    380, 384, 388, 392, 396, 400, 404, 408, 412, 416, 420, 424, 428, 432, 436,
    440, 444
[2] 1, 5, 9, 13, 17, 21, 25, 29, 33, 37, 41, 45, 49, 53, 57, 61, 65, 69, 73,
    77, 81, 85, 89, 93, 97, 101, 105, 109, 113, 117, 121, 125, 129, 133, 137,
    141, 145, 149, 153, 157, 161, 165, 169, 173, 177, 181, 185, 189, 193, 197,
    201, 205, 209, 213, 217, 221, 225, 229, 233, 237, 241, 245, 249, 253, 257,
    261, 265, 269, 273, 277, 281, 285, 289, 293, 297, 301, 305, 309, 313, 317,
    321, 325, 329, 333, 337, 341, 345, 349, 353, 357, 361, 365, 369, 373, 377,
    381, 385, 389, 393, 397, 401, 405, 409, 413, 417, 421, 425, 429, 433, 437,
    441, 445

Reassigned labels
Map:
{"D_0": "D", "D_1": "D", "D_2": "D"}
token_fitness
{"perc_fit_traces": 0.0, "average_trace_fitness": 0.8768205076929377, "log_fitness": 0.895279191745866, "percentage_of_fitting_traces": 0.0}
precision
0.20010665244634052
0.7627118644067797
generalization
0.8087937948554283


###### Starting pipeline for 0.25, Distance.MULTISET_DISTANCE, 5######
Found communities: 

Clustering with 448 elements and 2 clusters
[0] 2, 3, 6, 7, 10, 11, 14, 15, 18, 19, 22, 23, 26, 27, 30, 31, 34, 35, 38,
    39, 42, 43, 46, 47, 50, 51, 54, 55, 58, 59, 62, 63, 66, 67, 70, 71, 74,
    75, 78, 79, 82, 83, 86, 87, 90, 91, 94, 95, 98, 99, 102, 103, 106, 107,
    110, 111, 114, 115, 118, 119, 122, 123, 126, 127, 130, 131, 134, 135, 138,
    139, 142, 143, 146, 147, 150, 151, 154, 155, 158, 159, 162, 163, 166, 167,
    170, 171, 174, 175, 178, 179, 182, 183, 186, 187, 190, 191, 194, 195, 198,
    199, 202, 203, 206, 207, 210, 211, 214, 215, 218, 219, 222, 223, 226, 227,
    230, 231, 234, 235, 238, 239, 242, 243, 246, 247, 250, 251, 254, 255, 258,
    259, 262, 263, 266, 267, 270, 271, 274, 275, 278, 279, 282, 283, 286, 287,
    290, 291, 294, 295, 298, 299, 302, 303, 306, 307, 310, 311, 314, 315, 318,
    319, 322, 323, 326, 327, 330, 331, 334, 335, 338, 339, 342, 343, 346, 347,
    350, 351, 354, 355, 358, 359, 362, 363, 366, 367, 370, 371, 374, 375, 378,
    379, 382, 383, 386, 387, 390, 391, 394, 395, 398, 399, 402, 403, 406, 407,
    410, 411, 414, 415, 418, 419, 422, 423, 426, 427, 430, 431, 434, 435, 438,
    439, 442, 443, 446, 447
[1] 0, 1, 4, 5, 8, 9, 12, 13, 16, 17, 20, 21, 24, 25, 28, 29, 32, 33, 36, 37,
    40, 41, 44, 45, 48, 49, 52, 53, 56, 57, 60, 61, 64, 65, 68, 69, 72, 73,
    76, 77, 80, 81, 84, 85, 88, 89, 92, 93, 96, 97, 100, 101, 104, 105, 108,
    109, 112, 113, 116, 117, 120, 121, 124, 125, 128, 129, 132, 133, 136, 137,
    140, 141, 144, 145, 148, 149, 152, 153, 156, 157, 160, 161, 164, 165, 168,
    169, 172, 173, 176, 177, 180, 181, 184, 185, 188, 189, 192, 193, 196, 197,
    200, 201, 204, 205, 208, 209, 212, 213, 216, 217, 220, 221, 224, 225, 228,
    229, 232, 233, 236, 237, 240, 241, 244, 245, 248, 249, 252, 253, 256, 257,
    260, 261, 264, 265, 268, 269, 272, 273, 276, 277, 280, 281, 284, 285, 288,
    289, 292, 293, 296, 297, 300, 301, 304, 305, 308, 309, 312, 313, 316, 317,
    320, 321, 324, 325, 328, 329, 332, 333, 336, 337, 340, 341, 344, 345, 348,
    349, 352, 353, 356, 357, 360, 361, 364, 365, 368, 369, 372, 373, 376, 377,
    380, 381, 384, 385, 388, 389, 392, 393, 396, 397, 400, 401, 404, 405, 408,
    409, 412, 413, 416, 417, 420, 421, 424, 425, 428, 429, 432, 433, 436, 437,
    440, 441, 444, 445

Reassigned labels
Map:
{"D_0": "D", "D_1": "D"}
token_fitness
{"perc_fit_traces": 0.0, "average_trace_fitness": 0.8768205076929377, "log_fitness": 0.895279191745866, "percentage_of_fitting_traces": 0.0}
precision
0.20010665244634052
0.7627118644067797
generalization
0.8087937948554283


###### Starting pipeline for 0.5, Distance.MULTISET_DISTANCE, 5######
Found communities: 

Clustering with 448 elements and 2 clusters
[0] 2, 3, 6, 7, 10, 11, 14, 15, 18, 19, 22, 23, 26, 27, 30, 31, 34, 35, 38,
    39, 42, 43, 46, 47, 50, 51, 54, 55, 58, 59, 62, 63, 66, 67, 70, 71, 74,
    75, 78, 79, 82, 83, 86, 87, 90, 91, 94, 95, 98, 99, 102, 103, 106, 107,
    110, 111, 114, 115, 118, 119, 122, 123, 126, 127, 130, 131, 134, 135, 138,
    139, 142, 143, 146, 147, 150, 151, 154, 155, 158, 159, 162, 163, 166, 167,
    170, 171, 174, 175, 178, 179, 182, 183, 186, 187, 190, 191, 194, 195, 198,
    199, 202, 203, 206, 207, 210, 211, 214, 215, 218, 219, 222, 223, 226, 227,
    230, 231, 234, 235, 238, 239, 242, 243, 246, 247, 250, 251, 254, 255, 258,
    259, 262, 263, 266, 267, 270, 271, 274, 275, 278, 279, 282, 283, 286, 287,
    290, 291, 294, 295, 298, 299, 302, 303, 306, 307, 310, 311, 314, 315, 318,
    319, 322, 323, 326, 327, 330, 331, 334, 335, 338, 339, 342, 343, 346, 347,
    350, 351, 354, 355, 358, 359, 362, 363, 366, 367, 370, 371, 374, 375, 378,
    379, 382, 383, 386, 387, 390, 391, 394, 395, 398, 399, 402, 403, 406, 407,
    410, 411, 414, 415, 418, 419, 422, 423, 426, 427, 430, 431, 434, 435, 438,
    439, 442, 443, 446, 447
[1] 0, 1, 4, 5, 8, 9, 12, 13, 16, 17, 20, 21, 24, 25, 28, 29, 32, 33, 36, 37,
    40, 41, 44, 45, 48, 49, 52, 53, 56, 57, 60, 61, 64, 65, 68, 69, 72, 73,
    76, 77, 80, 81, 84, 85, 88, 89, 92, 93, 96, 97, 100, 101, 104, 105, 108,
    109, 112, 113, 116, 117, 120, 121, 124, 125, 128, 129, 132, 133, 136, 137,
    140, 141, 144, 145, 148, 149, 152, 153, 156, 157, 160, 161, 164, 165, 168,
    169, 172, 173, 176, 177, 180, 181, 184, 185, 188, 189, 192, 193, 196, 197,
    200, 201, 204, 205, 208, 209, 212, 213, 216, 217, 220, 221, 224, 225, 228,
    229, 232, 233, 236, 237, 240, 241, 244, 245, 248, 249, 252, 253, 256, 257,
    260, 261, 264, 265, 268, 269, 272, 273, 276, 277, 280, 281, 284, 285, 288,
    289, 292, 293, 296, 297, 300, 301, 304, 305, 308, 309, 312, 313, 316, 317,
    320, 321, 324, 325, 328, 329, 332, 333, 336, 337, 340, 341, 344, 345, 348,
    349, 352, 353, 356, 357, 360, 361, 364, 365, 368, 369, 372, 373, 376, 377,
    380, 381, 384, 385, 388, 389, 392, 393, 396, 397, 400, 401, 404, 405, 408,
    409, 412, 413, 416, 417, 420, 421, 424, 425, 428, 429, 432, 433, 436, 437,
    440, 441, 444, 445

Reassigned labels
Map:
{"D_0": "D", "D_1": "D"}
token_fitness
{"perc_fit_traces": 0.0, "average_trace_fitness": 0.8768205076929377, "log_fitness": 0.895279191745866, "percentage_of_fitting_traces": 0.0}
precision
0.20010665244634052
0.7627118644067797
generalization
0.8087937948554283


###### Starting pipeline for 0.75, Distance.MULTISET_DISTANCE, 5######
Found communities: 

Clustering with 448 elements and 3 clusters
[0] 2, 3, 6, 7, 10, 11, 14, 15, 18, 19, 22, 23, 26, 27, 30, 31, 34, 35, 38,
    39, 42, 43, 46, 47, 50, 51, 54, 55, 58, 59, 62, 63, 66, 67, 70, 71, 74,
    75, 78, 79, 82, 83, 86, 87, 90, 91, 94, 95, 98, 99, 102, 103, 106, 107,
    110, 111, 114, 115, 118, 119, 122, 123, 126, 127, 130, 131, 134, 135, 138,
    139, 142, 143, 146, 147, 150, 151, 154, 155, 158, 159, 162, 163, 166, 167,
    170, 171, 174, 175, 178, 179, 182, 183, 186, 187, 190, 191, 194, 195, 198,
    199, 202, 203, 206, 207, 210, 211, 214, 215, 218, 219, 222, 223, 226, 227,
    230, 231, 234, 235, 238, 239, 242, 243, 246, 247, 250, 251, 254, 255, 258,
    259, 262, 263, 266, 267, 270, 271, 274, 275, 278, 279, 282, 283, 286, 287,
    290, 291, 294, 295, 298, 299, 302, 303, 306, 307, 310, 311, 314, 315, 318,
    319, 322, 323, 326, 327, 330, 331, 334, 335, 338, 339, 342, 343, 346, 347,
    350, 351, 354, 355, 358, 359, 362, 363, 366, 367, 370, 371, 374, 375, 378,
    379, 382, 383, 386, 387, 390, 391, 394, 395, 398, 399, 402, 403, 406, 407,
    410, 411, 414, 415, 418, 419, 422, 423, 426, 427, 430, 431, 434, 435, 438,
    439, 442, 443, 446, 447
[1] 0, 4, 8, 12, 16, 20, 24, 28, 32, 36, 40, 44, 48, 52, 56, 60, 64, 68, 72,
    76, 80, 84, 88, 92, 96, 100, 104, 108, 112, 116, 120, 124, 128, 132, 136,
    140, 144, 148, 152, 156, 160, 164, 168, 172, 176, 180, 184, 188, 192, 196,
    200, 204, 208, 212, 216, 220, 224, 228, 232, 236, 240, 244, 248, 252, 256,
    260, 264, 268, 272, 276, 280, 284, 288, 292, 296, 300, 304, 308, 312, 316,
    320, 324, 328, 332, 336, 340, 344, 348, 352, 356, 360, 364, 368, 372, 376,
    380, 384, 388, 392, 396, 400, 404, 408, 412, 416, 420, 424, 428, 432, 436,
    440, 444
[2] 1, 5, 9, 13, 17, 21, 25, 29, 33, 37, 41, 45, 49, 53, 57, 61, 65, 69, 73,
    77, 81, 85, 89, 93, 97, 101, 105, 109, 113, 117, 121, 125, 129, 133, 137,
    141, 145, 149, 153, 157, 161, 165, 169, 173, 177, 181, 185, 189, 193, 197,
    201, 205, 209, 213, 217, 221, 225, 229, 233, 237, 241, 245, 249, 253, 257,
    261, 265, 269, 273, 277, 281, 285, 289, 293, 297, 301, 305, 309, 313, 317,
    321, 325, 329, 333, 337, 341, 345, 349, 353, 357, 361, 365, 369, 373, 377,
    381, 385, 389, 393, 397, 401, 405, 409, 413, 417, 421, 425, 429, 433, 437,
    441, 445

Reassigned labels
Map:
{"D_0": "D", "D_1": "D", "D_2": "D"}
token_fitness
{"perc_fit_traces": 0.0, "average_trace_fitness": 0.8768205076929377, "log_fitness": 0.895279191745866, "percentage_of_fitting_traces": 0.0}
precision
0.20010665244634052
0.7627118644067797
generalization
0.8087937948554283


###### Starting pipeline for 1, Distance.MULTISET_DISTANCE, 5######
Found communities: 

Clustering with 448 elements and 8 clusters
[0] 1, 5, 9, 13, 17, 21, 25, 29, 33, 37, 41, 45, 49, 53, 57, 61, 65, 69, 73,
    77, 81, 85, 89, 93, 97, 101, 105, 109, 113, 117, 121, 125, 129, 133, 137,
    141, 145, 149, 153, 157, 161, 165, 169, 173, 177, 181, 185, 189, 193, 197,
    201, 205, 209, 213, 217, 221, 225, 229, 233, 237, 241, 245, 249, 253, 257,
    261, 265, 269, 273, 277, 281, 285, 289, 293, 297, 301, 305, 309, 313, 317,
    321, 325, 329, 333, 337, 341, 345, 349, 353, 357, 361, 365, 369, 373, 377,
    381, 385, 389, 393, 397, 401, 405, 409, 413, 417, 421, 425, 429, 433, 437,
    441, 445
[1] 7, 23, 27, 31, 35, 39, 43, 47, 51, 55, 59, 63, 67, 71, 75, 79, 83, 87, 91,
    95, 99, 103, 107, 111, 115, 119, 123, 127, 131, 135, 139, 143, 147, 151,
    155, 159, 163, 167, 171, 175, 179, 183, 187, 191, 195, 199, 203, 207, 211,
    215, 219, 223, 227, 231, 235, 239, 243, 247, 251, 255, 259, 263, 267, 271,
    275, 279, 283, 287, 291, 295, 299, 303, 307, 311, 315, 319, 323, 327, 331,
    335, 339, 343, 347, 351, 355, 359, 363, 367, 371, 375, 379, 383, 387, 391,
    395, 399, 403, 407, 411, 415, 419, 423, 427, 431, 435, 439, 443, 447
[2] 6, 10, 14, 34, 38, 42, 54, 58, 62, 70, 74, 82, 86, 94, 102, 114, 118, 122,
    126, 130, 134, 142, 150, 170, 178, 182, 198, 214, 242, 250, 254, 266, 270,
    274, 286, 290, 306, 310, 314, 322, 330, 338, 346, 358, 366, 374, 378, 390,
    394, 398, 402, 406, 418, 422, 434, 438, 442, 446
[3] 0, 4, 8, 28, 40, 48, 56, 68, 72, 76, 80, 84, 96, 108, 112, 128, 132, 136,
    140, 144, 148, 156, 164, 188, 200, 208, 220, 224, 232, 240, 256, 272, 276,
    280, 284, 288, 292, 296, 308, 316, 320, 332, 340, 344, 352, 364, 372, 380,
    388, 396, 412, 420, 424, 428, 432, 440, 444
[4] 12, 16, 20, 24, 32, 36, 44, 52, 60, 64, 88, 92, 100, 104, 116, 120, 124,
    152, 160, 168, 172, 176, 180, 184, 192, 196, 204, 212, 216, 228, 236, 244,
    248, 252, 260, 264, 268, 300, 304, 312, 324, 328, 336, 348, 356, 360, 368,
    376, 384, 392, 400, 404, 408, 416, 436
[5] 2, 18, 22, 26, 30, 46, 50, 66, 78, 90, 98, 106, 110, 138, 146, 154, 158,
    162, 166, 174, 186, 190, 194, 202, 206, 210, 218, 222, 226, 230, 234, 238,
    246, 258, 262, 278, 282, 294, 298, 302, 318, 326, 334, 342, 350, 354, 362,
    370, 382, 386, 410, 414, 426, 430
[6] 3, 19
[7] 11, 15

Reassigned labels
Map:
{"D_0": "D", "D_1": "D", "D_2": "D", "D_3": "D", "D_4": "D", "D_5": "D", "D_6": "D", "D_7": "D"}
token_fitness
{"perc_fit_traces": 0.0, "average_trace_fitness": 0.8768205076929377, "log_fitness": 0.895279191745866, "percentage_of_fitting_traces": 0.0}
precision
0.20010665244634052
0.7627118644067797
generalization
0.8087937948554283

 Performance of golden standard model:
token_fitness
{"perc_fit_traces": 49.9, "average_trace_fitness": 0.9225879199813868, "log_fitness": 0.9311423012986202, "percentage_of_fitting_traces": 49.9}
precision
0.9796045268001492
0.7714285714285715
generalization
0.9433300629664488

 Xixi split labels:
['D_X_1', 'D_X_0']

 Xixi refined log results:

 IM without noise threshold:
token_fitness
{"perc_fit_traces": 0.0, "average_trace_fitness": 0.8646579015642564, "log_fitness": 0.8761154074955384, "percentage_of_fitting_traces": 0.0}
precision
0.7499166944351883
0.7499999999999999
generalization
0.902799765288707

 Xixi clustering:
Clustering with 448 elements and 2 clusters
[0] 252
[1] 0, 1, 2, 3, 4, 5, 6, 7, 8, 9, 10, 11, 12, 13, 14, 15, 16, 17, 18, 19, 20,
    21, 22, 23, 24, 25, 26, 27, 28, 29, 30, 31, 32, 33, 34, 35, 36, 37, 38,
    39, 40, 41, 42, 43, 44, 45, 46, 47, 48, 49, 50, 51, 52, 53, 54, 55, 56,
    57, 58, 59, 60, 61, 62, 63, 64, 65, 66, 67, 68, 69, 70, 71, 72, 73, 74,
    75, 76, 77, 78, 79, 80, 81, 82, 83, 84, 85, 86, 87, 88, 89, 90, 91, 92,
    93, 94, 95, 96, 97, 98, 99, 100, 101, 102, 103, 104, 105, 106, 107, 108,
    109, 110, 111, 112, 113, 114, 115, 116, 117, 118, 119, 120, 121, 122, 123,
    124, 125, 126, 127, 128, 129, 130, 131, 132, 133, 134, 135, 136, 137, 138,
    139, 140, 141, 142, 143, 144, 145, 146, 147, 148, 149, 150, 151, 152, 153,
    154, 155, 156, 157, 158, 159, 160, 161, 162, 163, 164, 165, 166, 167, 168,
    169, 170, 171, 172, 173, 174, 175, 176, 177, 178, 179, 180, 181, 182, 183,
    184, 185, 186, 187, 188, 189, 190, 191, 192, 193, 194, 195, 196, 197, 198,
    199, 200, 201, 202, 203, 204, 205, 206, 207, 208, 209, 210, 211, 212, 213,
    214, 215, 216, 217, 218, 219, 220, 221, 222, 223, 224, 225, 226, 227, 228,
    229, 230, 231, 232, 233, 234, 235, 236, 237, 238, 239, 240, 241, 242, 243,
    244, 245, 246, 247, 248, 249, 250, 251, 253, 254, 255, 256, 257, 258, 259,
    260, 261, 262, 263, 264, 265, 266, 267, 268, 269, 270, 271, 272, 273, 274,
    275, 276, 277, 278, 279, 280, 281, 282, 283, 284, 285, 286, 287, 288, 289,
    290, 291, 292, 293, 294, 295, 296, 297, 298, 299, 300, 301, 302, 303, 304,
    305, 306, 307, 308, 309, 310, 311, 312, 313, 314, 315, 316, 317, 318, 319,
    320, 321, 322, 323, 324, 325, 326, 327, 328, 329, 330, 331, 332, 333, 334,
    335, 336, 337, 338, 339, 340, 341, 342, 343, 344, 345, 346, 347, 348, 349,
    350, 351, 352, 353, 354, 355, 356, 357, 358, 359, 360, 361, 362, 363, 364,
    365, 366, 367, 368, 369, 370, 371, 372, 373, 374, 375, 376, 377, 378, 379,
    380, 381, 382, 383, 384, 385, 386, 387, 388, 389, 390, 391, 392, 393, 394,
    395, 396, 397, 398, 399, 400, 401, 402, 403, 404, 405, 406, 407, 408, 409,
    410, 411, 412, 413, 414, 415, 416, 417, 418, 419, 420, 421, 422, 423, 424,
    425, 426, 427, 428, 429, 430, 431, 432, 433, 434, 435, 436, 437, 438, 439,
    440, 441, 442, 443, 444, 445, 446, 447

 Data from log without imprecise labels

 IM without noise threshold:
token_fitness
{"perc_fit_traces": 100.0, "average_trace_fitness": 1.0, "log_fitness": 1.0, "percentage_of_fitting_traces": 100.0}
precision
0.9622478882951215
0.7714285714285715
generalization
0.9441490730883728

 Original Labels:
['C', 'D', 'B', 'E']

 Ground truth clustering clustering:
Clustering with 448 elements and 4 clusters
[0] 3, 6, 9, 14, 18, 21, 27, 30, 34, 38, 42, 47, 51, 53, 57, 62, 67, 71, 73,
    78, 82, 86, 90, 95, 98, 102, 105, 110, 115, 119, 123, 125, 130, 134, 137,
    143, 147, 149, 155, 157, 163, 166, 170, 173, 178, 181, 187, 191, 195, 197,
    202, 206, 210, 215, 218, 223, 227, 229, 234, 238, 243, 247, 250, 254, 259,
    262, 265, 269, 275, 279, 281, 286, 290, 295, 298, 302, 307, 310, 314, 318,
    321, 326, 330, 335, 339, 343, 347, 350, 353, 359, 363, 366, 370, 374, 379,
    383, 387, 390, 395, 397, 401, 407, 410, 414, 419, 421, 425, 431, 434, 438,
    441, 447
[1] 1, 7, 10, 13, 17, 23, 25, 29, 35, 37, 41, 46, 50, 55, 58, 61, 66, 69, 74,
    79, 81, 85, 91, 93, 99, 103, 106, 109, 114, 118, 121, 126, 129, 133, 139,
    142, 146, 151, 154, 158, 161, 165, 171, 174, 177, 182, 186, 189, 194, 199,
    203, 207, 211, 214, 217, 221, 225, 230, 235, 239, 242, 246, 251, 253, 258,
    261, 266, 270, 274, 277, 282, 285, 289, 293, 299, 301, 306, 309, 313, 317,
    323, 327, 329, 333, 337, 342, 346, 351, 354, 357, 361, 367, 369, 373, 377,
    381, 385, 389, 394, 399, 403, 406, 411, 413, 418, 423, 427, 430, 435, 437,
    443, 445
[2] 0, 4, 8, 12, 16, 20, 24, 28, 32, 36, 40, 44, 48, 52, 56, 60, 64, 68, 72,
    76, 80, 84, 88, 92, 96, 100, 104, 108, 112, 116, 120, 124, 128, 132, 136,
    140, 144, 148, 152, 156, 160, 164, 168, 172, 176, 180, 184, 188, 192, 196,
    200, 204, 208, 212, 216, 220, 224, 228, 232, 236, 240, 244, 248, 252, 256,
    260, 264, 268, 272, 276, 280, 284, 288, 292, 296, 300, 304, 308, 312, 316,
    320, 324, 328, 332, 336, 340, 344, 348, 352, 356, 360, 364, 368, 372, 376,
    380, 384, 388, 392, 396, 400, 404, 408, 412, 416, 420, 424, 428, 432, 436,
    440, 444
[3] 2, 5, 11, 15, 19, 22, 26, 31, 33, 39, 43, 45, 49, 54, 59, 63, 65, 70, 75,
    77, 83, 87, 89, 94, 97, 101, 107, 111, 113, 117, 122, 127, 131, 135, 138,
    141, 145, 150, 153, 159, 162, 167, 169, 175, 179, 183, 185, 190, 193, 198,
    201, 205, 209, 213, 219, 222, 226, 231, 233, 237, 241, 245, 249, 255, 257,
    263, 267, 271, 273, 278, 283, 287, 291, 294, 297, 303, 305, 311, 315, 319,
    322, 325, 331, 334, 338, 341, 345, 349, 355, 358, 362, 365, 371, 375, 378,
    382, 386, 391, 393, 398, 402, 405, 409, 415, 417, 422, 426, 429, 433, 439,
    442, 446

 Xixi Adjusted Rand Index:
-1.481421807455692e-16




----------------------------------------------------------------------------------------------
Output from 2025-08-11 18:47:34.662480
----------------------------------------------------------------------------------------------


                

###### Starting pipeline for 0, Distance.EDIT_DISTANCE, 1######
Found communities: 

Clustering with 448 elements and 3 clusters
[0] 1, 2, 3, 5, 6, 7, 9, 10, 11, 14, 15, 18, 19, 22, 23, 26, 27, 29, 30, 31,
    34, 35, 38, 39, 41, 42, 43, 46, 47, 49, 50, 51, 54, 55, 57, 58, 59, 62,
    63, 66, 67, 69, 70, 71, 73, 74, 75, 77, 78, 79, 81, 82, 83, 85, 86, 87,
    90, 91, 94, 95, 97, 98, 99, 102, 103, 106, 107, 109, 110, 111, 113, 114,
    115, 118, 119, 122, 123, 126, 127, 129, 130, 131, 133, 134, 135, 137, 138,
    139, 141, 142, 143, 145, 146, 147, 149, 150, 151, 154, 155, 157, 158, 159,
    162, 163, 165, 166, 167, 170, 171, 174, 175, 178, 179, 182, 183, 186, 187,
    189, 190, 191, 194, 195, 198, 199, 201, 202, 203, 206, 207, 209, 210, 211,
    214, 215, 218, 219, 221, 222, 223, 225, 226, 227, 230, 231, 233, 234, 235,
    238, 239, 241, 242, 243, 246, 247, 250, 251, 254, 255, 257, 258, 259, 262,
    263, 266, 267, 270, 271, 273, 274, 275, 277, 278, 279, 281, 282, 283, 285,
    286, 287, 289, 290, 291, 293, 294, 295, 297, 298, 299, 302, 303, 306, 307,
    309, 310, 311, 314, 315, 317, 318, 319, 321, 322, 323, 326, 327, 330, 331,
    333, 334, 335, 338, 339, 341, 342, 343, 345, 346, 347, 350, 351, 353, 354,
    355, 358, 359, 362, 363, 365, 366, 367, 370, 371, 373, 374, 375, 378, 379,
    381, 382, 383, 386, 387, 389, 390, 391, 394, 395, 397, 398, 399, 402, 403,
    406, 407, 410, 411, 413, 414, 415, 418, 419, 421, 422, 423, 425, 426, 427,
    429, 430, 431, 433, 434, 435, 438, 439, 441, 442, 443, 445, 446, 447
[1] 0, 4, 8, 13, 17, 21, 25, 28, 33, 37, 40, 45, 48, 53, 56, 61, 65, 68, 72,
    76, 80, 84, 89, 93, 96, 101, 105, 108, 112, 117, 121, 125, 128, 132, 136,
    140, 144, 148, 153, 156, 161, 164, 169, 173, 177, 181, 185, 188, 193, 197,
    200, 205, 208, 213, 217, 220, 224, 229, 232, 237, 240, 245, 249, 253, 256,
    261, 265, 269, 272, 276, 280, 284, 288, 292, 296, 301, 305, 308, 313, 316,
    320, 325, 329, 332, 337, 340, 344, 349, 352, 357, 361, 364, 369, 372, 377,
    380, 385, 388, 393, 396, 401, 405, 409, 412, 417, 420, 424, 428, 432, 437,
    440, 444
[2] 12, 16, 20, 24, 32, 36, 44, 52, 60, 64, 88, 92, 100, 104, 116, 120, 124,
    152, 160, 168, 172, 176, 180, 184, 192, 196, 204, 212, 216, 228, 236, 244,
    248, 252, 260, 264, 268, 300, 304, 312, 324, 328, 336, 348, 356, 360, 368,
    376, 384, 392, 400, 404, 408, 416, 436

Reassigned labels
Map:
{"D_0": "D", "D_1": "D", "D_2": "D"}
token_fitness
{"perc_fit_traces": 100.0, "average_trace_fitness": 1.0, "log_fitness": 1.0, "percentage_of_fitting_traces": 100.0}
precision
0.7439695302581464
0.7627118644067797
generalization
0.9421714501515178
token_fitness
{"perc_fit_traces": 0.0, "average_trace_fitness": 0.8768205076929377, "log_fitness": 0.895279191745866, "percentage_of_fitting_traces": 0.0}
precision
0.20010665244634052
0.7627118644067797
generalization
0.8087937948554283


###### Starting pipeline for 0.25, Distance.EDIT_DISTANCE, 1######
Found communities: 

Clustering with 448 elements and 3 clusters
[0] 1, 2, 3, 5, 6, 7, 9, 10, 11, 14, 15, 18, 19, 22, 23, 26, 27, 29, 30, 31,
    34, 35, 38, 39, 41, 42, 43, 46, 47, 49, 50, 51, 54, 55, 57, 58, 59, 62,
    63, 66, 67, 69, 70, 71, 73, 74, 75, 77, 78, 79, 81, 82, 83, 85, 86, 87,
    90, 91, 94, 95, 97, 98, 99, 102, 103, 106, 107, 109, 110, 111, 113, 114,
    115, 118, 119, 122, 123, 126, 127, 129, 130, 131, 133, 134, 135, 137, 138,
    139, 141, 142, 143, 145, 146, 147, 149, 150, 151, 154, 155, 157, 158, 159,
    162, 163, 165, 166, 167, 170, 171, 174, 175, 178, 179, 182, 183, 186, 187,
    189, 190, 191, 194, 195, 198, 199, 201, 202, 203, 206, 207, 209, 210, 211,
    214, 215, 218, 219, 221, 222, 223, 225, 226, 227, 230, 231, 233, 234, 235,
    238, 239, 241, 242, 243, 246, 247, 250, 251, 254, 255, 257, 258, 259, 262,
    263, 266, 267, 270, 271, 273, 274, 275, 277, 278, 279, 281, 282, 283, 285,
    286, 287, 289, 290, 291, 293, 294, 295, 297, 298, 299, 302, 303, 306, 307,
    309, 310, 311, 314, 315, 317, 318, 319, 321, 322, 323, 326, 327, 330, 331,
    333, 334, 335, 338, 339, 341, 342, 343, 345, 346, 347, 350, 351, 353, 354,
    355, 358, 359, 362, 363, 365, 366, 367, 370, 371, 373, 374, 375, 378, 379,
    381, 382, 383, 386, 387, 389, 390, 391, 394, 395, 397, 398, 399, 402, 403,
    406, 407, 410, 411, 413, 414, 415, 418, 419, 421, 422, 423, 425, 426, 427,
    429, 430, 431, 433, 434, 435, 438, 439, 441, 442, 443, 445, 446, 447
[1] 0, 4, 8, 13, 17, 21, 25, 28, 33, 37, 40, 45, 48, 53, 56, 61, 65, 68, 72,
    76, 80, 84, 89, 93, 96, 101, 105, 108, 112, 117, 121, 125, 128, 132, 136,
    140, 144, 148, 153, 156, 161, 164, 169, 173, 177, 181, 185, 188, 193, 197,
    200, 205, 208, 213, 217, 220, 224, 229, 232, 237, 240, 245, 249, 253, 256,
    261, 265, 269, 272, 276, 280, 284, 288, 292, 296, 301, 305, 308, 313, 316,
    320, 325, 329, 332, 337, 340, 344, 349, 352, 357, 361, 364, 369, 372, 377,
    380, 385, 388, 393, 396, 401, 405, 409, 412, 417, 420, 424, 428, 432, 437,
    440, 444
[2] 12, 16, 20, 24, 32, 36, 44, 52, 60, 64, 88, 92, 100, 104, 116, 120, 124,
    152, 160, 168, 172, 176, 180, 184, 192, 196, 204, 212, 216, 228, 236, 244,
    248, 252, 260, 264, 268, 300, 304, 312, 324, 328, 336, 348, 356, 360, 368,
    376, 384, 392, 400, 404, 408, 416, 436

Reassigned labels
Map:
{"D_0": "D", "D_1": "D", "D_2": "D"}
token_fitness
{"perc_fit_traces": 0.0, "average_trace_fitness": 0.8768205076929377, "log_fitness": 0.895279191745866, "percentage_of_fitting_traces": 0.0}
precision
0.20010665244634052
0.7627118644067797
generalization
0.8087937948554283


###### Starting pipeline for 0.5, Distance.EDIT_DISTANCE, 1######
Found communities: 

Clustering with 448 elements and 3 clusters
[0] 1, 2, 3, 5, 6, 7, 9, 10, 11, 14, 15, 18, 19, 22, 23, 26, 27, 29, 30, 31,
    34, 35, 38, 39, 41, 42, 43, 46, 47, 49, 50, 51, 54, 55, 57, 58, 59, 62,
    63, 66, 67, 69, 70, 71, 73, 74, 75, 77, 78, 79, 81, 82, 83, 85, 86, 87,
    90, 91, 94, 95, 97, 98, 99, 102, 103, 106, 107, 109, 110, 111, 113, 114,
    115, 118, 119, 122, 123, 126, 127, 129, 130, 131, 133, 134, 135, 137, 138,
    139, 141, 142, 143, 145, 146, 147, 149, 150, 151, 154, 155, 157, 158, 159,
    162, 163, 165, 166, 167, 170, 171, 174, 175, 178, 179, 182, 183, 186, 187,
    189, 190, 191, 194, 195, 198, 199, 201, 202, 203, 206, 207, 209, 210, 211,
    214, 215, 218, 219, 221, 222, 223, 225, 226, 227, 230, 231, 233, 234, 235,
    238, 239, 241, 242, 243, 246, 247, 250, 251, 254, 255, 257, 258, 259, 262,
    263, 266, 267, 270, 271, 273, 274, 275, 277, 278, 279, 281, 282, 283, 285,
    286, 287, 289, 290, 291, 293, 294, 295, 297, 298, 299, 302, 303, 306, 307,
    309, 310, 311, 314, 315, 317, 318, 319, 321, 322, 323, 326, 327, 330, 331,
    333, 334, 335, 338, 339, 341, 342, 343, 345, 346, 347, 350, 351, 353, 354,
    355, 358, 359, 362, 363, 365, 366, 367, 370, 371, 373, 374, 375, 378, 379,
    381, 382, 383, 386, 387, 389, 390, 391, 394, 395, 397, 398, 399, 402, 403,
    406, 407, 410, 411, 413, 414, 415, 418, 419, 421, 422, 423, 425, 426, 427,
    429, 430, 431, 433, 434, 435, 438, 439, 441, 442, 443, 445, 446, 447
[1] 0, 4, 8, 13, 17, 21, 25, 28, 33, 37, 40, 45, 48, 53, 56, 61, 65, 68, 72,
    76, 80, 84, 89, 93, 96, 101, 105, 108, 112, 117, 121, 125, 128, 132, 136,
    140, 144, 148, 153, 156, 161, 164, 169, 173, 177, 181, 185, 188, 193, 197,
    200, 205, 208, 213, 217, 220, 224, 229, 232, 237, 240, 245, 249, 253, 256,
    261, 265, 269, 272, 276, 280, 284, 288, 292, 296, 301, 305, 308, 313, 316,
    320, 325, 329, 332, 337, 340, 344, 349, 352, 357, 361, 364, 369, 372, 377,
    380, 385, 388, 393, 396, 401, 405, 409, 412, 417, 420, 424, 428, 432, 437,
    440, 444
[2] 12, 16, 20, 24, 32, 36, 44, 52, 60, 64, 88, 92, 100, 104, 116, 120, 124,
    152, 160, 168, 172, 176, 180, 184, 192, 196, 204, 212, 216, 228, 236, 244,
    248, 252, 260, 264, 268, 300, 304, 312, 324, 328, 336, 348, 356, 360, 368,
    376, 384, 392, 400, 404, 408, 416, 436

Reassigned labels
Map:
{"D_0": "D", "D_1": "D", "D_2": "D"}
token_fitness
{"perc_fit_traces": 0.0, "average_trace_fitness": 0.8768205076929377, "log_fitness": 0.895279191745866, "percentage_of_fitting_traces": 0.0}
precision
0.20010665244634052
0.7627118644067797
generalization
0.8087937948554283


###### Starting pipeline for 0.75, Distance.EDIT_DISTANCE, 1######
Found communities: 

Clustering with 448 elements and 3 clusters
[0] 1, 2, 3, 5, 6, 7, 9, 10, 11, 14, 15, 18, 19, 22, 23, 26, 27, 29, 30, 31,
    34, 35, 38, 39, 41, 42, 43, 46, 47, 49, 50, 51, 54, 55, 57, 58, 59, 62,
    63, 66, 67, 69, 70, 71, 73, 74, 75, 77, 78, 79, 81, 82, 83, 85, 86, 87,
    90, 91, 94, 95, 97, 98, 99, 102, 103, 106, 107, 109, 110, 111, 113, 114,
    115, 118, 119, 122, 123, 126, 127, 129, 130, 131, 133, 134, 135, 137, 138,
    139, 141, 142, 143, 145, 146, 147, 149, 150, 151, 154, 155, 157, 158, 159,
    162, 163, 165, 166, 167, 170, 171, 174, 175, 178, 179, 182, 183, 186, 187,
    189, 190, 191, 194, 195, 198, 199, 201, 202, 203, 206, 207, 209, 210, 211,
    214, 215, 218, 219, 221, 222, 223, 225, 226, 227, 230, 231, 233, 234, 235,
    238, 239, 241, 242, 243, 246, 247, 250, 251, 254, 255, 257, 258, 259, 262,
    263, 266, 267, 270, 271, 273, 274, 275, 277, 278, 279, 281, 282, 283, 285,
    286, 287, 289, 290, 291, 293, 294, 295, 297, 298, 299, 302, 303, 306, 307,
    309, 310, 311, 314, 315, 317, 318, 319, 321, 322, 323, 326, 327, 330, 331,
    333, 334, 335, 338, 339, 341, 342, 343, 345, 346, 347, 350, 351, 353, 354,
    355, 358, 359, 362, 363, 365, 366, 367, 370, 371, 373, 374, 375, 378, 379,
    381, 382, 383, 386, 387, 389, 390, 391, 394, 395, 397, 398, 399, 402, 403,
    406, 407, 410, 411, 413, 414, 415, 418, 419, 421, 422, 423, 425, 426, 427,
    429, 430, 431, 433, 434, 435, 438, 439, 441, 442, 443, 445, 446, 447
[1] 0, 4, 8, 13, 17, 21, 25, 28, 33, 37, 40, 45, 48, 53, 56, 61, 65, 68, 72,
    76, 80, 84, 89, 93, 96, 101, 105, 108, 112, 117, 121, 125, 128, 132, 136,
    140, 144, 148, 153, 156, 161, 164, 169, 173, 177, 181, 185, 188, 193, 197,
    200, 205, 208, 213, 217, 220, 224, 229, 232, 237, 240, 245, 249, 253, 256,
    261, 265, 269, 272, 276, 280, 284, 288, 292, 296, 301, 305, 308, 313, 316,
    320, 325, 329, 332, 337, 340, 344, 349, 352, 357, 361, 364, 369, 372, 377,
    380, 385, 388, 393, 396, 401, 405, 409, 412, 417, 420, 424, 428, 432, 437,
    440, 444
[2] 12, 16, 20, 24, 32, 36, 44, 52, 60, 64, 88, 92, 100, 104, 116, 120, 124,
    152, 160, 168, 172, 176, 180, 184, 192, 196, 204, 212, 216, 228, 236, 244,
    248, 252, 260, 264, 268, 300, 304, 312, 324, 328, 336, 348, 356, 360, 368,
    376, 384, 392, 400, 404, 408, 416, 436

Reassigned labels
Map:
{"D_0": "D", "D_1": "D", "D_2": "D"}
token_fitness
{"perc_fit_traces": 0.0, "average_trace_fitness": 0.8768205076929377, "log_fitness": 0.895279191745866, "percentage_of_fitting_traces": 0.0}
precision
0.20010665244634052
0.7627118644067797
generalization
0.8087937948554283


###### Starting pipeline for 1, Distance.EDIT_DISTANCE, 1######
Found communities: 

Clustering with 448 elements and 3 clusters
[0] 1, 2, 3, 5, 6, 7, 9, 10, 11, 14, 15, 18, 19, 22, 23, 26, 27, 29, 30, 31,
    34, 35, 38, 39, 41, 42, 43, 46, 47, 49, 50, 51, 54, 55, 57, 58, 59, 62,
    63, 66, 67, 69, 70, 71, 73, 74, 75, 77, 78, 79, 81, 82, 83, 85, 86, 87,
    90, 91, 94, 95, 97, 98, 99, 102, 103, 106, 107, 109, 110, 111, 113, 114,
    115, 118, 119, 122, 123, 126, 127, 129, 130, 131, 133, 134, 135, 137, 138,
    139, 141, 142, 143, 145, 146, 147, 149, 150, 151, 154, 155, 157, 158, 159,
    162, 163, 165, 166, 167, 170, 171, 174, 175, 178, 179, 182, 183, 186, 187,
    189, 190, 191, 194, 195, 198, 199, 201, 202, 203, 206, 207, 209, 210, 211,
    214, 215, 218, 219, 221, 222, 223, 225, 226, 227, 230, 231, 233, 234, 235,
    238, 239, 241, 242, 243, 246, 247, 250, 251, 254, 255, 257, 258, 259, 262,
    263, 266, 267, 270, 271, 273, 274, 275, 277, 278, 279, 281, 282, 283, 285,
    286, 287, 289, 290, 291, 293, 294, 295, 297, 298, 299, 302, 303, 306, 307,
    309, 310, 311, 314, 315, 317, 318, 319, 321, 322, 323, 326, 327, 330, 331,
    333, 334, 335, 338, 339, 341, 342, 343, 345, 346, 347, 350, 351, 353, 354,
    355, 358, 359, 362, 363, 365, 366, 367, 370, 371, 373, 374, 375, 378, 379,
    381, 382, 383, 386, 387, 389, 390, 391, 394, 395, 397, 398, 399, 402, 403,
    406, 407, 410, 411, 413, 414, 415, 418, 419, 421, 422, 423, 425, 426, 427,
    429, 430, 431, 433, 434, 435, 438, 439, 441, 442, 443, 445, 446, 447
[1] 0, 4, 8, 13, 17, 21, 25, 28, 33, 37, 40, 45, 48, 53, 56, 61, 65, 68, 72,
    76, 80, 84, 89, 93, 96, 101, 105, 108, 112, 117, 121, 125, 128, 132, 136,
    140, 144, 148, 153, 156, 161, 164, 169, 173, 177, 181, 185, 188, 193, 197,
    200, 205, 208, 213, 217, 220, 224, 229, 232, 237, 240, 245, 249, 253, 256,
    261, 265, 269, 272, 276, 280, 284, 288, 292, 296, 301, 305, 308, 313, 316,
    320, 325, 329, 332, 337, 340, 344, 349, 352, 357, 361, 364, 369, 372, 377,
    380, 385, 388, 393, 396, 401, 405, 409, 412, 417, 420, 424, 428, 432, 437,
    440, 444
[2] 12, 16, 20, 24, 32, 36, 44, 52, 60, 64, 88, 92, 100, 104, 116, 120, 124,
    152, 160, 168, 172, 176, 180, 184, 192, 196, 204, 212, 216, 228, 236, 244,
    248, 252, 260, 264, 268, 300, 304, 312, 324, 328, 336, 348, 356, 360, 368,
    376, 384, 392, 400, 404, 408, 416, 436

Reassigned labels
Map:
{"D_0": "D", "D_1": "D", "D_2": "D"}
token_fitness
{"perc_fit_traces": 0.0, "average_trace_fitness": 0.8768205076929377, "log_fitness": 0.895279191745866, "percentage_of_fitting_traces": 0.0}
precision
0.20010665244634052
0.7627118644067797
generalization
0.8087937948554283


###### Starting pipeline for 0, Distance.SET_DISTANCE, 1######
Found communities: 

Clustering with 448 elements and 3 clusters
[0] 1, 2, 3, 5, 6, 7, 9, 10, 11, 14, 15, 18, 19, 22, 23, 26, 27, 29, 30, 31,
    34, 35, 38, 39, 41, 42, 43, 46, 47, 49, 50, 51, 54, 55, 57, 58, 59, 62,
    63, 66, 67, 69, 70, 71, 73, 74, 75, 77, 78, 79, 81, 82, 83, 85, 86, 87,
    90, 91, 94, 95, 97, 98, 99, 102, 103, 106, 107, 109, 110, 111, 113, 114,
    115, 118, 119, 122, 123, 126, 127, 129, 130, 131, 133, 134, 135, 137, 138,
    139, 141, 142, 143, 145, 146, 147, 149, 150, 151, 154, 155, 157, 158, 159,
    162, 163, 165, 166, 167, 170, 171, 174, 175, 178, 179, 182, 183, 186, 187,
    189, 190, 191, 194, 195, 198, 199, 201, 202, 203, 206, 207, 209, 210, 211,
    214, 215, 218, 219, 221, 222, 223, 225, 226, 227, 230, 231, 233, 234, 235,
    238, 239, 241, 242, 243, 246, 247, 250, 251, 254, 255, 257, 258, 259, 262,
    263, 266, 267, 270, 271, 273, 274, 275, 277, 278, 279, 281, 282, 283, 285,
    286, 287, 289, 290, 291, 293, 294, 295, 297, 298, 299, 302, 303, 306, 307,
    309, 310, 311, 314, 315, 317, 318, 319, 321, 322, 323, 326, 327, 330, 331,
    333, 334, 335, 338, 339, 341, 342, 343, 345, 346, 347, 350, 351, 353, 354,
    355, 358, 359, 362, 363, 365, 366, 367, 370, 371, 373, 374, 375, 378, 379,
    381, 382, 383, 386, 387, 389, 390, 391, 394, 395, 397, 398, 399, 402, 403,
    406, 407, 410, 411, 413, 414, 415, 418, 419, 421, 422, 423, 425, 426, 427,
    429, 430, 431, 433, 434, 435, 438, 439, 441, 442, 443, 445, 446, 447
[1] 0, 4, 8, 13, 17, 21, 25, 28, 33, 37, 40, 45, 48, 53, 56, 61, 65, 68, 72,
    76, 80, 84, 89, 93, 96, 101, 105, 108, 112, 117, 121, 125, 128, 132, 136,
    140, 144, 148, 153, 156, 161, 164, 169, 173, 177, 181, 185, 188, 193, 197,
    200, 205, 208, 213, 217, 220, 224, 229, 232, 237, 240, 245, 249, 253, 256,
    261, 265, 269, 272, 276, 280, 284, 288, 292, 296, 301, 305, 308, 313, 316,
    320, 325, 329, 332, 337, 340, 344, 349, 352, 357, 361, 364, 369, 372, 377,
    380, 385, 388, 393, 396, 401, 405, 409, 412, 417, 420, 424, 428, 432, 437,
    440, 444
[2] 12, 16, 20, 24, 32, 36, 44, 52, 60, 64, 88, 92, 100, 104, 116, 120, 124,
    152, 160, 168, 172, 176, 180, 184, 192, 196, 204, 212, 216, 228, 236, 244,
    248, 252, 260, 264, 268, 300, 304, 312, 324, 328, 336, 348, 356, 360, 368,
    376, 384, 392, 400, 404, 408, 416, 436

Reassigned labels
Map:
{"D_0": "D", "D_1": "D", "D_2": "D"}
token_fitness
{"perc_fit_traces": 0.0, "average_trace_fitness": 0.8768205076929377, "log_fitness": 0.895279191745866, "percentage_of_fitting_traces": 0.0}
precision
0.20010665244634052
0.7627118644067797
generalization
0.8087937948554283


###### Starting pipeline for 0.25, Distance.SET_DISTANCE, 1######
Found communities: 

Clustering with 448 elements and 3 clusters
[0] 1, 2, 3, 5, 6, 7, 9, 10, 11, 14, 15, 18, 19, 22, 23, 26, 27, 29, 30, 31,
    34, 35, 38, 39, 41, 42, 43, 46, 47, 49, 50, 51, 54, 55, 57, 58, 59, 62,
    63, 66, 67, 69, 70, 71, 73, 74, 75, 77, 78, 79, 81, 82, 83, 85, 86, 87,
    90, 91, 94, 95, 97, 98, 99, 102, 103, 106, 107, 109, 110, 111, 113, 114,
    115, 118, 119, 122, 123, 126, 127, 129, 130, 131, 133, 134, 135, 137, 138,
    139, 141, 142, 143, 145, 146, 147, 149, 150, 151, 154, 155, 157, 158, 159,
    162, 163, 165, 166, 167, 170, 171, 174, 175, 178, 179, 182, 183, 186, 187,
    189, 190, 191, 194, 195, 198, 199, 201, 202, 203, 206, 207, 209, 210, 211,
    214, 215, 218, 219, 221, 222, 223, 225, 226, 227, 230, 231, 233, 234, 235,
    238, 239, 241, 242, 243, 246, 247, 250, 251, 254, 255, 257, 258, 259, 262,
    263, 266, 267, 270, 271, 273, 274, 275, 277, 278, 279, 281, 282, 283, 285,
    286, 287, 289, 290, 291, 293, 294, 295, 297, 298, 299, 302, 303, 306, 307,
    309, 310, 311, 314, 315, 317, 318, 319, 321, 322, 323, 326, 327, 330, 331,
    333, 334, 335, 338, 339, 341, 342, 343, 345, 346, 347, 350, 351, 353, 354,
    355, 358, 359, 362, 363, 365, 366, 367, 370, 371, 373, 374, 375, 378, 379,
    381, 382, 383, 386, 387, 389, 390, 391, 394, 395, 397, 398, 399, 402, 403,
    406, 407, 410, 411, 413, 414, 415, 418, 419, 421, 422, 423, 425, 426, 427,
    429, 430, 431, 433, 434, 435, 438, 439, 441, 442, 443, 445, 446, 447
[1] 0, 4, 8, 13, 17, 21, 25, 28, 33, 37, 40, 45, 48, 53, 56, 61, 65, 68, 72,
    76, 80, 84, 89, 93, 96, 101, 105, 108, 112, 117, 121, 125, 128, 132, 136,
    140, 144, 148, 153, 156, 161, 164, 169, 173, 177, 181, 185, 188, 193, 197,
    200, 205, 208, 213, 217, 220, 224, 229, 232, 237, 240, 245, 249, 253, 256,
    261, 265, 269, 272, 276, 280, 284, 288, 292, 296, 301, 305, 308, 313, 316,
    320, 325, 329, 332, 337, 340, 344, 349, 352, 357, 361, 364, 369, 372, 377,
    380, 385, 388, 393, 396, 401, 405, 409, 412, 417, 420, 424, 428, 432, 437,
    440, 444
[2] 12, 16, 20, 24, 32, 36, 44, 52, 60, 64, 88, 92, 100, 104, 116, 120, 124,
    152, 160, 168, 172, 176, 180, 184, 192, 196, 204, 212, 216, 228, 236, 244,
    248, 252, 260, 264, 268, 300, 304, 312, 324, 328, 336, 348, 356, 360, 368,
    376, 384, 392, 400, 404, 408, 416, 436

Reassigned labels
Map:
{"D_0": "D", "D_1": "D", "D_2": "D"}
token_fitness
{"perc_fit_traces": 0.0, "average_trace_fitness": 0.8768205076929377, "log_fitness": 0.895279191745866, "percentage_of_fitting_traces": 0.0}
precision
0.20010665244634052
0.7627118644067797
generalization
0.8087937948554283


###### Starting pipeline for 0.5, Distance.SET_DISTANCE, 1######
Found communities: 

Clustering with 448 elements and 3 clusters
[0] 1, 2, 3, 5, 6, 7, 9, 10, 11, 14, 15, 18, 19, 22, 23, 26, 27, 29, 30, 31,
    34, 35, 38, 39, 41, 42, 43, 46, 47, 49, 50, 51, 54, 55, 57, 58, 59, 62,
    63, 66, 67, 69, 70, 71, 73, 74, 75, 77, 78, 79, 81, 82, 83, 85, 86, 87,
    90, 91, 94, 95, 97, 98, 99, 102, 103, 106, 107, 109, 110, 111, 113, 114,
    115, 118, 119, 122, 123, 126, 127, 129, 130, 131, 133, 134, 135, 137, 138,
    139, 141, 142, 143, 145, 146, 147, 149, 150, 151, 154, 155, 157, 158, 159,
    162, 163, 165, 166, 167, 170, 171, 174, 175, 178, 179, 182, 183, 186, 187,
    189, 190, 191, 194, 195, 198, 199, 201, 202, 203, 206, 207, 209, 210, 211,
    214, 215, 218, 219, 221, 222, 223, 225, 226, 227, 230, 231, 233, 234, 235,
    238, 239, 241, 242, 243, 246, 247, 250, 251, 254, 255, 257, 258, 259, 262,
    263, 266, 267, 270, 271, 273, 274, 275, 277, 278, 279, 281, 282, 283, 285,
    286, 287, 289, 290, 291, 293, 294, 295, 297, 298, 299, 302, 303, 306, 307,
    309, 310, 311, 314, 315, 317, 318, 319, 321, 322, 323, 326, 327, 330, 331,
    333, 334, 335, 338, 339, 341, 342, 343, 345, 346, 347, 350, 351, 353, 354,
    355, 358, 359, 362, 363, 365, 366, 367, 370, 371, 373, 374, 375, 378, 379,
    381, 382, 383, 386, 387, 389, 390, 391, 394, 395, 397, 398, 399, 402, 403,
    406, 407, 410, 411, 413, 414, 415, 418, 419, 421, 422, 423, 425, 426, 427,
    429, 430, 431, 433, 434, 435, 438, 439, 441, 442, 443, 445, 446, 447
[1] 0, 4, 8, 13, 17, 21, 25, 28, 33, 37, 40, 45, 48, 53, 56, 61, 65, 68, 72,
    76, 80, 84, 89, 93, 96, 101, 105, 108, 112, 117, 121, 125, 128, 132, 136,
    140, 144, 148, 153, 156, 161, 164, 169, 173, 177, 181, 185, 188, 193, 197,
    200, 205, 208, 213, 217, 220, 224, 229, 232, 237, 240, 245, 249, 253, 256,
    261, 265, 269, 272, 276, 280, 284, 288, 292, 296, 301, 305, 308, 313, 316,
    320, 325, 329, 332, 337, 340, 344, 349, 352, 357, 361, 364, 369, 372, 377,
    380, 385, 388, 393, 396, 401, 405, 409, 412, 417, 420, 424, 428, 432, 437,
    440, 444
[2] 12, 16, 20, 24, 32, 36, 44, 52, 60, 64, 88, 92, 100, 104, 116, 120, 124,
    152, 160, 168, 172, 176, 180, 184, 192, 196, 204, 212, 216, 228, 236, 244,
    248, 252, 260, 264, 268, 300, 304, 312, 324, 328, 336, 348, 356, 360, 368,
    376, 384, 392, 400, 404, 408, 416, 436

Reassigned labels
Map:
{"D_0": "D", "D_1": "D", "D_2": "D"}
token_fitness
{"perc_fit_traces": 0.0, "average_trace_fitness": 0.8768205076929377, "log_fitness": 0.895279191745866, "percentage_of_fitting_traces": 0.0}
precision
0.20010665244634052
0.7627118644067797
generalization
0.8087937948554283


###### Starting pipeline for 0.75, Distance.SET_DISTANCE, 1######
Found communities: 

Clustering with 448 elements and 3 clusters
[0] 1, 2, 3, 5, 6, 7, 9, 10, 11, 14, 15, 18, 19, 22, 23, 26, 27, 29, 30, 31,
    34, 35, 38, 39, 41, 42, 43, 46, 47, 49, 50, 51, 54, 55, 57, 58, 59, 62,
    63, 66, 67, 69, 70, 71, 73, 74, 75, 77, 78, 79, 81, 82, 83, 85, 86, 87,
    90, 91, 94, 95, 97, 98, 99, 102, 103, 106, 107, 109, 110, 111, 113, 114,
    115, 118, 119, 122, 123, 126, 127, 129, 130, 131, 133, 134, 135, 137, 138,
    139, 141, 142, 143, 145, 146, 147, 149, 150, 151, 154, 155, 157, 158, 159,
    162, 163, 165, 166, 167, 170, 171, 174, 175, 178, 179, 182, 183, 186, 187,
    189, 190, 191, 194, 195, 198, 199, 201, 202, 203, 206, 207, 209, 210, 211,
    214, 215, 218, 219, 221, 222, 223, 225, 226, 227, 230, 231, 233, 234, 235,
    238, 239, 241, 242, 243, 246, 247, 250, 251, 254, 255, 257, 258, 259, 262,
    263, 266, 267, 270, 271, 273, 274, 275, 277, 278, 279, 281, 282, 283, 285,
    286, 287, 289, 290, 291, 293, 294, 295, 297, 298, 299, 302, 303, 306, 307,
    309, 310, 311, 314, 315, 317, 318, 319, 321, 322, 323, 326, 327, 330, 331,
    333, 334, 335, 338, 339, 341, 342, 343, 345, 346, 347, 350, 351, 353, 354,
    355, 358, 359, 362, 363, 365, 366, 367, 370, 371, 373, 374, 375, 378, 379,
    381, 382, 383, 386, 387, 389, 390, 391, 394, 395, 397, 398, 399, 402, 403,
    406, 407, 410, 411, 413, 414, 415, 418, 419, 421, 422, 423, 425, 426, 427,
    429, 430, 431, 433, 434, 435, 438, 439, 441, 442, 443, 445, 446, 447
[1] 0, 4, 8, 13, 17, 21, 25, 28, 33, 37, 40, 45, 48, 53, 56, 61, 65, 68, 72,
    76, 80, 84, 89, 93, 96, 101, 105, 108, 112, 117, 121, 125, 128, 132, 136,
    140, 144, 148, 153, 156, 161, 164, 169, 173, 177, 181, 185, 188, 193, 197,
    200, 205, 208, 213, 217, 220, 224, 229, 232, 237, 240, 245, 249, 253, 256,
    261, 265, 269, 272, 276, 280, 284, 288, 292, 296, 301, 305, 308, 313, 316,
    320, 325, 329, 332, 337, 340, 344, 349, 352, 357, 361, 364, 369, 372, 377,
    380, 385, 388, 393, 396, 401, 405, 409, 412, 417, 420, 424, 428, 432, 437,
    440, 444
[2] 12, 16, 20, 24, 32, 36, 44, 52, 60, 64, 88, 92, 100, 104, 116, 120, 124,
    152, 160, 168, 172, 176, 180, 184, 192, 196, 204, 212, 216, 228, 236, 244,
    248, 252, 260, 264, 268, 300, 304, 312, 324, 328, 336, 348, 356, 360, 368,
    376, 384, 392, 400, 404, 408, 416, 436

Reassigned labels
Map:
{"D_0": "D", "D_1": "D", "D_2": "D"}
token_fitness
{"perc_fit_traces": 0.0, "average_trace_fitness": 0.8768205076929377, "log_fitness": 0.895279191745866, "percentage_of_fitting_traces": 0.0}
precision
0.20010665244634052
0.7627118644067797
generalization
0.8087937948554283


###### Starting pipeline for 1, Distance.SET_DISTANCE, 1######
Found communities: 

Clustering with 448 elements and 3 clusters
[0] 1, 2, 3, 5, 6, 7, 9, 10, 11, 14, 15, 18, 19, 22, 23, 26, 27, 29, 30, 31,
    34, 35, 38, 39, 41, 42, 43, 46, 47, 49, 50, 51, 54, 55, 57, 58, 59, 62,
    63, 66, 67, 69, 70, 71, 73, 74, 75, 77, 78, 79, 81, 82, 83, 85, 86, 87,
    90, 91, 94, 95, 97, 98, 99, 102, 103, 106, 107, 109, 110, 111, 113, 114,
    115, 118, 119, 122, 123, 126, 127, 129, 130, 131, 133, 134, 135, 137, 138,
    139, 141, 142, 143, 145, 146, 147, 149, 150, 151, 154, 155, 157, 158, 159,
    162, 163, 165, 166, 167, 170, 171, 174, 175, 178, 179, 182, 183, 186, 187,
    189, 190, 191, 194, 195, 198, 199, 201, 202, 203, 206, 207, 209, 210, 211,
    214, 215, 218, 219, 221, 222, 223, 225, 226, 227, 230, 231, 233, 234, 235,
    238, 239, 241, 242, 243, 246, 247, 250, 251, 254, 255, 257, 258, 259, 262,
    263, 266, 267, 270, 271, 273, 274, 275, 277, 278, 279, 281, 282, 283, 285,
    286, 287, 289, 290, 291, 293, 294, 295, 297, 298, 299, 302, 303, 306, 307,
    309, 310, 311, 314, 315, 317, 318, 319, 321, 322, 323, 326, 327, 330, 331,
    333, 334, 335, 338, 339, 341, 342, 343, 345, 346, 347, 350, 351, 353, 354,
    355, 358, 359, 362, 363, 365, 366, 367, 370, 371, 373, 374, 375, 378, 379,
    381, 382, 383, 386, 387, 389, 390, 391, 394, 395, 397, 398, 399, 402, 403,
    406, 407, 410, 411, 413, 414, 415, 418, 419, 421, 422, 423, 425, 426, 427,
    429, 430, 431, 433, 434, 435, 438, 439, 441, 442, 443, 445, 446, 447
[1] 0, 4, 8, 13, 17, 21, 25, 28, 33, 37, 40, 45, 48, 53, 56, 61, 65, 68, 72,
    76, 80, 84, 89, 93, 96, 101, 105, 108, 112, 117, 121, 125, 128, 132, 136,
    140, 144, 148, 153, 156, 161, 164, 169, 173, 177, 181, 185, 188, 193, 197,
    200, 205, 208, 213, 217, 220, 224, 229, 232, 237, 240, 245, 249, 253, 256,
    261, 265, 269, 272, 276, 280, 284, 288, 292, 296, 301, 305, 308, 313, 316,
    320, 325, 329, 332, 337, 340, 344, 349, 352, 357, 361, 364, 369, 372, 377,
    380, 385, 388, 393, 396, 401, 405, 409, 412, 417, 420, 424, 428, 432, 437,
    440, 444
[2] 12, 16, 20, 24, 32, 36, 44, 52, 60, 64, 88, 92, 100, 104, 116, 120, 124,
    152, 160, 168, 172, 176, 180, 184, 192, 196, 204, 212, 216, 228, 236, 244,
    248, 252, 260, 264, 268, 300, 304, 312, 324, 328, 336, 348, 356, 360, 368,
    376, 384, 392, 400, 404, 408, 416, 436

Reassigned labels
Map:
{"D_0": "D", "D_1": "D", "D_2": "D"}
token_fitness
{"perc_fit_traces": 0.0, "average_trace_fitness": 0.8768205076929377, "log_fitness": 0.895279191745866, "percentage_of_fitting_traces": 0.0}
precision
0.20010665244634052
0.7627118644067797
generalization
0.8087937948554283


###### Starting pipeline for 0, Distance.MULTISET_DISTANCE, 1######
Found communities: 

Clustering with 448 elements and 3 clusters
[0] 1, 2, 3, 5, 6, 7, 9, 10, 11, 14, 15, 18, 19, 22, 23, 26, 27, 29, 30, 31,
    34, 35, 38, 39, 41, 42, 43, 46, 47, 49, 50, 51, 54, 55, 57, 58, 59, 62,
    63, 66, 67, 69, 70, 71, 73, 74, 75, 77, 78, 79, 81, 82, 83, 85, 86, 87,
    90, 91, 94, 95, 97, 98, 99, 102, 103, 106, 107, 109, 110, 111, 113, 114,
    115, 118, 119, 122, 123, 126, 127, 129, 130, 131, 133, 134, 135, 137, 138,
    139, 141, 142, 143, 145, 146, 147, 149, 150, 151, 154, 155, 157, 158, 159,
    162, 163, 165, 166, 167, 170, 171, 174, 175, 178, 179, 182, 183, 186, 187,
    189, 190, 191, 194, 195, 198, 199, 201, 202, 203, 206, 207, 209, 210, 211,
    214, 215, 218, 219, 221, 222, 223, 225, 226, 227, 230, 231, 233, 234, 235,
    238, 239, 241, 242, 243, 246, 247, 250, 251, 254, 255, 257, 258, 259, 262,
    263, 266, 267, 270, 271, 273, 274, 275, 277, 278, 279, 281, 282, 283, 285,
    286, 287, 289, 290, 291, 293, 294, 295, 297, 298, 299, 302, 303, 306, 307,
    309, 310, 311, 314, 315, 317, 318, 319, 321, 322, 323, 326, 327, 330, 331,
    333, 334, 335, 338, 339, 341, 342, 343, 345, 346, 347, 350, 351, 353, 354,
    355, 358, 359, 362, 363, 365, 366, 367, 370, 371, 373, 374, 375, 378, 379,
    381, 382, 383, 386, 387, 389, 390, 391, 394, 395, 397, 398, 399, 402, 403,
    406, 407, 410, 411, 413, 414, 415, 418, 419, 421, 422, 423, 425, 426, 427,
    429, 430, 431, 433, 434, 435, 438, 439, 441, 442, 443, 445, 446, 447
[1] 0, 4, 8, 13, 17, 21, 25, 28, 33, 37, 40, 45, 48, 53, 56, 61, 65, 68, 72,
    76, 80, 84, 89, 93, 96, 101, 105, 108, 112, 117, 121, 125, 128, 132, 136,
    140, 144, 148, 153, 156, 161, 164, 169, 173, 177, 181, 185, 188, 193, 197,
    200, 205, 208, 213, 217, 220, 224, 229, 232, 237, 240, 245, 249, 253, 256,
    261, 265, 269, 272, 276, 280, 284, 288, 292, 296, 301, 305, 308, 313, 316,
    320, 325, 329, 332, 337, 340, 344, 349, 352, 357, 361, 364, 369, 372, 377,
    380, 385, 388, 393, 396, 401, 405, 409, 412, 417, 420, 424, 428, 432, 437,
    440, 444
[2] 12, 16, 20, 24, 32, 36, 44, 52, 60, 64, 88, 92, 100, 104, 116, 120, 124,
    152, 160, 168, 172, 176, 180, 184, 192, 196, 204, 212, 216, 228, 236, 244,
    248, 252, 260, 264, 268, 300, 304, 312, 324, 328, 336, 348, 356, 360, 368,
    376, 384, 392, 400, 404, 408, 416, 436

Reassigned labels
Map:
{"D_0": "D", "D_1": "D", "D_2": "D"}
token_fitness
{"perc_fit_traces": 0.0, "average_trace_fitness": 0.8768205076929377, "log_fitness": 0.895279191745866, "percentage_of_fitting_traces": 0.0}
precision
0.20010665244634052
0.7627118644067797
generalization
0.8087937948554283


###### Starting pipeline for 0.25, Distance.MULTISET_DISTANCE, 1######
Found communities: 

Clustering with 448 elements and 3 clusters
[0] 1, 2, 3, 5, 6, 7, 9, 10, 11, 14, 15, 18, 19, 22, 23, 26, 27, 29, 30, 31,
    34, 35, 38, 39, 41, 42, 43, 46, 47, 49, 50, 51, 54, 55, 57, 58, 59, 62,
    63, 66, 67, 69, 70, 71, 73, 74, 75, 77, 78, 79, 81, 82, 83, 85, 86, 87,
    90, 91, 94, 95, 97, 98, 99, 102, 103, 106, 107, 109, 110, 111, 113, 114,
    115, 118, 119, 122, 123, 126, 127, 129, 130, 131, 133, 134, 135, 137, 138,
    139, 141, 142, 143, 145, 146, 147, 149, 150, 151, 154, 155, 157, 158, 159,
    162, 163, 165, 166, 167, 170, 171, 174, 175, 178, 179, 182, 183, 186, 187,
    189, 190, 191, 194, 195, 198, 199, 201, 202, 203, 206, 207, 209, 210, 211,
    214, 215, 218, 219, 221, 222, 223, 225, 226, 227, 230, 231, 233, 234, 235,
    238, 239, 241, 242, 243, 246, 247, 250, 251, 254, 255, 257, 258, 259, 262,
    263, 266, 267, 270, 271, 273, 274, 275, 277, 278, 279, 281, 282, 283, 285,
    286, 287, 289, 290, 291, 293, 294, 295, 297, 298, 299, 302, 303, 306, 307,
    309, 310, 311, 314, 315, 317, 318, 319, 321, 322, 323, 326, 327, 330, 331,
    333, 334, 335, 338, 339, 341, 342, 343, 345, 346, 347, 350, 351, 353, 354,
    355, 358, 359, 362, 363, 365, 366, 367, 370, 371, 373, 374, 375, 378, 379,
    381, 382, 383, 386, 387, 389, 390, 391, 394, 395, 397, 398, 399, 402, 403,
    406, 407, 410, 411, 413, 414, 415, 418, 419, 421, 422, 423, 425, 426, 427,
    429, 430, 431, 433, 434, 435, 438, 439, 441, 442, 443, 445, 446, 447
[1] 0, 4, 8, 13, 17, 21, 25, 28, 33, 37, 40, 45, 48, 53, 56, 61, 65, 68, 72,
    76, 80, 84, 89, 93, 96, 101, 105, 108, 112, 117, 121, 125, 128, 132, 136,
    140, 144, 148, 153, 156, 161, 164, 169, 173, 177, 181, 185, 188, 193, 197,
    200, 205, 208, 213, 217, 220, 224, 229, 232, 237, 240, 245, 249, 253, 256,
    261, 265, 269, 272, 276, 280, 284, 288, 292, 296, 301, 305, 308, 313, 316,
    320, 325, 329, 332, 337, 340, 344, 349, 352, 357, 361, 364, 369, 372, 377,
    380, 385, 388, 393, 396, 401, 405, 409, 412, 417, 420, 424, 428, 432, 437,
    440, 444
[2] 12, 16, 20, 24, 32, 36, 44, 52, 60, 64, 88, 92, 100, 104, 116, 120, 124,
    152, 160, 168, 172, 176, 180, 184, 192, 196, 204, 212, 216, 228, 236, 244,
    248, 252, 260, 264, 268, 300, 304, 312, 324, 328, 336, 348, 356, 360, 368,
    376, 384, 392, 400, 404, 408, 416, 436

Reassigned labels
Map:
{"D_0": "D", "D_1": "D", "D_2": "D"}
token_fitness
{"perc_fit_traces": 0.0, "average_trace_fitness": 0.8768205076929377, "log_fitness": 0.895279191745866, "percentage_of_fitting_traces": 0.0}
precision
0.20010665244634052
0.7627118644067797
generalization
0.8087937948554283


###### Starting pipeline for 0.5, Distance.MULTISET_DISTANCE, 1######
Found communities: 

Clustering with 448 elements and 3 clusters
[0] 1, 2, 3, 5, 6, 7, 9, 10, 11, 14, 15, 18, 19, 22, 23, 26, 27, 29, 30, 31,
    34, 35, 38, 39, 41, 42, 43, 46, 47, 49, 50, 51, 54, 55, 57, 58, 59, 62,
    63, 66, 67, 69, 70, 71, 73, 74, 75, 77, 78, 79, 81, 82, 83, 85, 86, 87,
    90, 91, 94, 95, 97, 98, 99, 102, 103, 106, 107, 109, 110, 111, 113, 114,
    115, 118, 119, 122, 123, 126, 127, 129, 130, 131, 133, 134, 135, 137, 138,
    139, 141, 142, 143, 145, 146, 147, 149, 150, 151, 154, 155, 157, 158, 159,
    162, 163, 165, 166, 167, 170, 171, 174, 175, 178, 179, 182, 183, 186, 187,
    189, 190, 191, 194, 195, 198, 199, 201, 202, 203, 206, 207, 209, 210, 211,
    214, 215, 218, 219, 221, 222, 223, 225, 226, 227, 230, 231, 233, 234, 235,
    238, 239, 241, 242, 243, 246, 247, 250, 251, 254, 255, 257, 258, 259, 262,
    263, 266, 267, 270, 271, 273, 274, 275, 277, 278, 279, 281, 282, 283, 285,
    286, 287, 289, 290, 291, 293, 294, 295, 297, 298, 299, 302, 303, 306, 307,
    309, 310, 311, 314, 315, 317, 318, 319, 321, 322, 323, 326, 327, 330, 331,
    333, 334, 335, 338, 339, 341, 342, 343, 345, 346, 347, 350, 351, 353, 354,
    355, 358, 359, 362, 363, 365, 366, 367, 370, 371, 373, 374, 375, 378, 379,
    381, 382, 383, 386, 387, 389, 390, 391, 394, 395, 397, 398, 399, 402, 403,
    406, 407, 410, 411, 413, 414, 415, 418, 419, 421, 422, 423, 425, 426, 427,
    429, 430, 431, 433, 434, 435, 438, 439, 441, 442, 443, 445, 446, 447
[1] 0, 4, 8, 13, 17, 21, 25, 28, 33, 37, 40, 45, 48, 53, 56, 61, 65, 68, 72,
    76, 80, 84, 89, 93, 96, 101, 105, 108, 112, 117, 121, 125, 128, 132, 136,
    140, 144, 148, 153, 156, 161, 164, 169, 173, 177, 181, 185, 188, 193, 197,
    200, 205, 208, 213, 217, 220, 224, 229, 232, 237, 240, 245, 249, 253, 256,
    261, 265, 269, 272, 276, 280, 284, 288, 292, 296, 301, 305, 308, 313, 316,
    320, 325, 329, 332, 337, 340, 344, 349, 352, 357, 361, 364, 369, 372, 377,
    380, 385, 388, 393, 396, 401, 405, 409, 412, 417, 420, 424, 428, 432, 437,
    440, 444
[2] 12, 16, 20, 24, 32, 36, 44, 52, 60, 64, 88, 92, 100, 104, 116, 120, 124,
    152, 160, 168, 172, 176, 180, 184, 192, 196, 204, 212, 216, 228, 236, 244,
    248, 252, 260, 264, 268, 300, 304, 312, 324, 328, 336, 348, 356, 360, 368,
    376, 384, 392, 400, 404, 408, 416, 436

Reassigned labels
Map:
{"D_0": "D", "D_1": "D", "D_2": "D"}
token_fitness
{"perc_fit_traces": 0.0, "average_trace_fitness": 0.8768205076929377, "log_fitness": 0.895279191745866, "percentage_of_fitting_traces": 0.0}
precision
0.20010665244634052
0.7627118644067797
generalization
0.8087937948554283


###### Starting pipeline for 0.75, Distance.MULTISET_DISTANCE, 1######
Found communities: 

Clustering with 448 elements and 3 clusters
[0] 1, 2, 3, 5, 6, 7, 9, 10, 11, 14, 15, 18, 19, 22, 23, 26, 27, 29, 30, 31,
    34, 35, 38, 39, 41, 42, 43, 46, 47, 49, 50, 51, 54, 55, 57, 58, 59, 62,
    63, 66, 67, 69, 70, 71, 73, 74, 75, 77, 78, 79, 81, 82, 83, 85, 86, 87,
    90, 91, 94, 95, 97, 98, 99, 102, 103, 106, 107, 109, 110, 111, 113, 114,
    115, 118, 119, 122, 123, 126, 127, 129, 130, 131, 133, 134, 135, 137, 138,
    139, 141, 142, 143, 145, 146, 147, 149, 150, 151, 154, 155, 157, 158, 159,
    162, 163, 165, 166, 167, 170, 171, 174, 175, 178, 179, 182, 183, 186, 187,
    189, 190, 191, 194, 195, 198, 199, 201, 202, 203, 206, 207, 209, 210, 211,
    214, 215, 218, 219, 221, 222, 223, 225, 226, 227, 230, 231, 233, 234, 235,
    238, 239, 241, 242, 243, 246, 247, 250, 251, 254, 255, 257, 258, 259, 262,
    263, 266, 267, 270, 271, 273, 274, 275, 277, 278, 279, 281, 282, 283, 285,
    286, 287, 289, 290, 291, 293, 294, 295, 297, 298, 299, 302, 303, 306, 307,
    309, 310, 311, 314, 315, 317, 318, 319, 321, 322, 323, 326, 327, 330, 331,
    333, 334, 335, 338, 339, 341, 342, 343, 345, 346, 347, 350, 351, 353, 354,
    355, 358, 359, 362, 363, 365, 366, 367, 370, 371, 373, 374, 375, 378, 379,
    381, 382, 383, 386, 387, 389, 390, 391, 394, 395, 397, 398, 399, 402, 403,
    406, 407, 410, 411, 413, 414, 415, 418, 419, 421, 422, 423, 425, 426, 427,
    429, 430, 431, 433, 434, 435, 438, 439, 441, 442, 443, 445, 446, 447
[1] 0, 4, 8, 13, 17, 21, 25, 28, 33, 37, 40, 45, 48, 53, 56, 61, 65, 68, 72,
    76, 80, 84, 89, 93, 96, 101, 105, 108, 112, 117, 121, 125, 128, 132, 136,
    140, 144, 148, 153, 156, 161, 164, 169, 173, 177, 181, 185, 188, 193, 197,
    200, 205, 208, 213, 217, 220, 224, 229, 232, 237, 240, 245, 249, 253, 256,
    261, 265, 269, 272, 276, 280, 284, 288, 292, 296, 301, 305, 308, 313, 316,
    320, 325, 329, 332, 337, 340, 344, 349, 352, 357, 361, 364, 369, 372, 377,
    380, 385, 388, 393, 396, 401, 405, 409, 412, 417, 420, 424, 428, 432, 437,
    440, 444
[2] 12, 16, 20, 24, 32, 36, 44, 52, 60, 64, 88, 92, 100, 104, 116, 120, 124,
    152, 160, 168, 172, 176, 180, 184, 192, 196, 204, 212, 216, 228, 236, 244,
    248, 252, 260, 264, 268, 300, 304, 312, 324, 328, 336, 348, 356, 360, 368,
    376, 384, 392, 400, 404, 408, 416, 436

Reassigned labels
Map:
{"D_0": "D", "D_1": "D", "D_2": "D"}
token_fitness
{"perc_fit_traces": 0.0, "average_trace_fitness": 0.8768205076929377, "log_fitness": 0.895279191745866, "percentage_of_fitting_traces": 0.0}
precision
0.20010665244634052
0.7627118644067797
generalization
0.8087937948554283


###### Starting pipeline for 1, Distance.MULTISET_DISTANCE, 1######
Found communities: 

Clustering with 448 elements and 3 clusters
[0] 1, 2, 3, 5, 6, 7, 9, 10, 11, 14, 15, 18, 19, 22, 23, 26, 27, 29, 30, 31,
    34, 35, 38, 39, 41, 42, 43, 46, 47, 49, 50, 51, 54, 55, 57, 58, 59, 62,
    63, 66, 67, 69, 70, 71, 73, 74, 75, 77, 78, 79, 81, 82, 83, 85, 86, 87,
    90, 91, 94, 95, 97, 98, 99, 102, 103, 106, 107, 109, 110, 111, 113, 114,
    115, 118, 119, 122, 123, 126, 127, 129, 130, 131, 133, 134, 135, 137, 138,
    139, 141, 142, 143, 145, 146, 147, 149, 150, 151, 154, 155, 157, 158, 159,
    162, 163, 165, 166, 167, 170, 171, 174, 175, 178, 179, 182, 183, 186, 187,
    189, 190, 191, 194, 195, 198, 199, 201, 202, 203, 206, 207, 209, 210, 211,
    214, 215, 218, 219, 221, 222, 223, 225, 226, 227, 230, 231, 233, 234, 235,
    238, 239, 241, 242, 243, 246, 247, 250, 251, 254, 255, 257, 258, 259, 262,
    263, 266, 267, 270, 271, 273, 274, 275, 277, 278, 279, 281, 282, 283, 285,
    286, 287, 289, 290, 291, 293, 294, 295, 297, 298, 299, 302, 303, 306, 307,
    309, 310, 311, 314, 315, 317, 318, 319, 321, 322, 323, 326, 327, 330, 331,
    333, 334, 335, 338, 339, 341, 342, 343, 345, 346, 347, 350, 351, 353, 354,
    355, 358, 359, 362, 363, 365, 366, 367, 370, 371, 373, 374, 375, 378, 379,
    381, 382, 383, 386, 387, 389, 390, 391, 394, 395, 397, 398, 399, 402, 403,
    406, 407, 410, 411, 413, 414, 415, 418, 419, 421, 422, 423, 425, 426, 427,
    429, 430, 431, 433, 434, 435, 438, 439, 441, 442, 443, 445, 446, 447
[1] 0, 4, 8, 13, 17, 21, 25, 28, 33, 37, 40, 45, 48, 53, 56, 61, 65, 68, 72,
    76, 80, 84, 89, 93, 96, 101, 105, 108, 112, 117, 121, 125, 128, 132, 136,
    140, 144, 148, 153, 156, 161, 164, 169, 173, 177, 181, 185, 188, 193, 197,
    200, 205, 208, 213, 217, 220, 224, 229, 232, 237, 240, 245, 249, 253, 256,
    261, 265, 269, 272, 276, 280, 284, 288, 292, 296, 301, 305, 308, 313, 316,
    320, 325, 329, 332, 337, 340, 344, 349, 352, 357, 361, 364, 369, 372, 377,
    380, 385, 388, 393, 396, 401, 405, 409, 412, 417, 420, 424, 428, 432, 437,
    440, 444
[2] 12, 16, 20, 24, 32, 36, 44, 52, 60, 64, 88, 92, 100, 104, 116, 120, 124,
    152, 160, 168, 172, 176, 180, 184, 192, 196, 204, 212, 216, 228, 236, 244,
    248, 252, 260, 264, 268, 300, 304, 312, 324, 328, 336, 348, 356, 360, 368,
    376, 384, 392, 400, 404, 408, 416, 436

Reassigned labels
Map:
{"D_0": "D", "D_1": "D", "D_2": "D"}
token_fitness
{"perc_fit_traces": 0.0, "average_trace_fitness": 0.8768205076929377, "log_fitness": 0.895279191745866, "percentage_of_fitting_traces": 0.0}
precision
0.20010665244634052
0.7627118644067797
generalization
0.8087937948554283


###### Starting pipeline for 0, Distance.EDIT_DISTANCE, 3######
Found communities: 

Clustering with 448 elements and 4 clusters
[0] 0, 4, 8, 12, 13, 16, 17, 20, 21, 24, 25, 28, 32, 33, 36, 37, 40, 44, 45,
    48, 52, 53, 56, 60, 61, 64, 65, 68, 72, 76, 80, 84, 88, 89, 92, 93, 96,
    100, 101, 104, 105, 108, 112, 116, 117, 120, 121, 124, 125, 128, 132, 136,
    140, 144, 148, 152, 153, 156, 160, 161, 164, 168, 169, 172, 173, 176, 177,
    180, 181, 184, 185, 188, 192, 193, 196, 197, 200, 204, 205, 208, 212, 213,
    216, 217, 220, 224, 228, 229, 232, 236, 237, 240, 244, 245, 248, 249, 252,
    253, 256, 260, 261, 264, 265, 268, 269, 272, 276, 280, 284, 288, 292, 296,
    300, 301, 304, 305, 308, 312, 313, 316, 320, 324, 325, 328, 329, 332, 336,
    337, 340, 344, 348, 349, 352, 356, 357, 360, 361, 364, 368, 369, 372, 376,
    377, 380, 384, 385, 388, 392, 393, 396, 400, 401, 404, 405, 408, 409, 412,
    416, 417, 420, 424, 428, 432, 436, 437, 440, 444
[1] 3, 7, 11, 15, 19, 23, 27, 31, 35, 39, 43, 47, 51, 55, 59, 63, 67, 71, 75,
    79, 83, 87, 91, 95, 99, 103, 107, 111, 115, 119, 123, 127, 131, 135, 139,
    143, 147, 151, 155, 159, 163, 167, 171, 175, 179, 183, 187, 191, 195, 199,
    203, 207, 211, 215, 219, 223, 227, 231, 235, 239, 243, 247, 251, 255, 259,
    263, 267, 271, 275, 279, 283, 287, 291, 295, 299, 303, 307, 311, 315, 319,
    323, 327, 331, 335, 339, 343, 347, 351, 355, 359, 363, 367, 371, 375, 379,
    383, 387, 391, 395, 399, 403, 407, 411, 415, 419, 423, 427, 431, 435, 439,
    443, 447
[2] 2, 6, 10, 14, 18, 22, 26, 30, 34, 38, 42, 46, 50, 54, 58, 62, 66, 70, 74,
    78, 82, 86, 90, 94, 98, 102, 106, 110, 114, 118, 122, 126, 130, 134, 138,
    142, 146, 150, 154, 158, 162, 166, 170, 174, 178, 182, 186, 190, 194, 198,
    202, 206, 210, 214, 218, 222, 226, 230, 234, 238, 242, 246, 250, 254, 258,
    262, 266, 270, 274, 278, 282, 286, 290, 294, 298, 302, 306, 310, 314, 318,
    322, 326, 330, 334, 338, 342, 346, 350, 354, 358, 362, 366, 370, 374, 378,
    382, 386, 390, 394, 398, 402, 406, 410, 414, 418, 422, 426, 430, 434, 438,
    442, 446
[3] 1, 5, 9, 29, 41, 49, 57, 69, 73, 77, 81, 85, 97, 109, 113, 129, 133, 137,
    141, 145, 149, 157, 165, 189, 201, 209, 221, 225, 233, 241, 257, 273, 277,
    281, 285, 289, 293, 297, 309, 317, 321, 333, 341, 345, 353, 365, 373, 381,
    389, 397, 413, 421, 425, 429, 433, 441, 445

Reassigned labels
Map:
{"D_0": "D", "D_1": "D", "D_2": "D", "D_3": "D"}
token_fitness
{"perc_fit_traces": 0.0, "average_trace_fitness": 0.8768205076929377, "log_fitness": 0.895279191745866, "percentage_of_fitting_traces": 0.0}
precision
0.20010665244634052
0.7627118644067797
generalization
0.8087937948554283


###### Starting pipeline for 0.25, Distance.EDIT_DISTANCE, 3######
Found communities: 

Clustering with 448 elements and 3 clusters
[0] 0, 1, 4, 5, 8, 9, 12, 13, 16, 17, 20, 21, 24, 25, 28, 29, 32, 33, 36, 37,
    40, 41, 44, 45, 48, 49, 52, 53, 56, 57, 60, 61, 64, 65, 68, 69, 72, 73,
    76, 77, 80, 81, 84, 85, 88, 89, 92, 93, 96, 97, 100, 101, 104, 105, 108,
    109, 112, 113, 116, 117, 120, 121, 124, 125, 128, 129, 132, 133, 136, 137,
    140, 141, 144, 145, 148, 149, 152, 153, 156, 157, 160, 161, 164, 165, 168,
    169, 172, 173, 176, 177, 180, 181, 184, 185, 188, 189, 192, 193, 196, 197,
    200, 201, 204, 205, 208, 209, 212, 213, 216, 217, 220, 221, 224, 225, 228,
    229, 232, 233, 236, 237, 240, 241, 244, 245, 248, 249, 252, 253, 256, 257,
    260, 261, 264, 265, 268, 269, 272, 273, 276, 277, 280, 281, 284, 285, 288,
    289, 292, 293, 296, 297, 300, 301, 304, 305, 308, 309, 312, 313, 316, 317,
    320, 321, 324, 325, 328, 329, 332, 333, 336, 337, 340, 341, 344, 345, 348,
    349, 352, 353, 356, 357, 360, 361, 364, 365, 368, 369, 372, 373, 376, 377,
    380, 381, 384, 385, 388, 389, 392, 393, 396, 397, 400, 401, 404, 405, 408,
    409, 412, 413, 416, 417, 420, 421, 424, 425, 428, 429, 432, 433, 436, 437,
    440, 441, 444, 445
[1] 2, 3, 6, 7, 10, 11, 15, 19, 23, 27, 30, 31, 35, 39, 42, 43, 47, 50, 51,
    55, 58, 59, 63, 67, 70, 71, 74, 75, 78, 79, 82, 83, 86, 87, 91, 95, 98,
    99, 103, 107, 110, 111, 114, 115, 119, 123, 127, 130, 131, 134, 135, 138,
    139, 142, 143, 146, 147, 150, 151, 155, 158, 159, 163, 166, 167, 171, 175,
    179, 183, 187, 190, 191, 195, 199, 202, 203, 207, 210, 211, 215, 219, 222,
    223, 226, 227, 231, 234, 235, 239, 242, 243, 247, 251, 255, 258, 259, 263,
    267, 271, 274, 275, 278, 279, 282, 283, 286, 287, 290, 291, 294, 295, 298,
    299, 303, 307, 310, 311, 315, 318, 319, 322, 323, 327, 331, 334, 335, 339,
    342, 343, 346, 347, 351, 354, 355, 359, 363, 366, 367, 371, 374, 375, 379,
    382, 383, 387, 390, 391, 395, 398, 399, 403, 407, 411, 414, 415, 419, 422,
    423, 426, 427, 430, 431, 434, 435, 439, 442, 443, 446, 447
[2] 14, 18, 22, 26, 34, 38, 46, 54, 62, 66, 90, 94, 102, 106, 118, 122, 126,
    154, 162, 170, 174, 178, 182, 186, 194, 198, 206, 214, 218, 230, 238, 246,
    250, 254, 262, 266, 270, 302, 306, 314, 326, 330, 338, 350, 358, 362, 370,
    378, 386, 394, 402, 406, 410, 418, 438

Reassigned labels
Map:
{"D_0": "D", "D_1": "D", "D_2": "D"}
token_fitness
{"perc_fit_traces": 0.0, "average_trace_fitness": 0.8768205076929377, "log_fitness": 0.895279191745866, "percentage_of_fitting_traces": 0.0}
precision
0.20010665244634052
0.7627118644067797
generalization
0.8087937948554283


###### Starting pipeline for 0.5, Distance.EDIT_DISTANCE, 3######
Found communities: 

Clustering with 448 elements and 3 clusters
[0] 0, 1, 4, 5, 8, 9, 12, 13, 16, 17, 20, 21, 24, 25, 28, 29, 32, 33, 36, 37,
    40, 41, 44, 45, 48, 49, 52, 53, 56, 57, 60, 61, 64, 65, 68, 69, 72, 73,
    76, 77, 80, 81, 84, 85, 88, 89, 92, 93, 96, 97, 100, 101, 104, 105, 108,
    109, 112, 113, 116, 117, 120, 121, 124, 125, 128, 129, 132, 133, 136, 137,
    140, 141, 144, 145, 148, 149, 152, 153, 156, 157, 160, 161, 164, 165, 168,
    169, 172, 173, 176, 177, 180, 181, 184, 185, 188, 189, 192, 193, 196, 197,
    200, 201, 204, 205, 208, 209, 212, 213, 216, 217, 220, 221, 224, 225, 228,
    229, 232, 233, 236, 237, 240, 241, 244, 245, 248, 249, 252, 253, 256, 257,
    260, 261, 264, 265, 268, 269, 272, 273, 276, 277, 280, 281, 284, 285, 288,
    289, 292, 293, 296, 297, 300, 301, 304, 305, 308, 309, 312, 313, 316, 317,
    320, 321, 324, 325, 328, 329, 332, 333, 336, 337, 340, 341, 344, 345, 348,
    349, 352, 353, 356, 357, 360, 361, 364, 365, 368, 369, 372, 373, 376, 377,
    380, 381, 384, 385, 388, 389, 392, 393, 396, 397, 400, 401, 404, 405, 408,
    409, 412, 413, 416, 417, 420, 421, 424, 425, 428, 429, 432, 433, 436, 437,
    440, 441, 444, 445
[1] 2, 3, 6, 7, 10, 11, 15, 19, 23, 27, 30, 31, 35, 39, 42, 43, 47, 50, 51,
    55, 58, 59, 63, 67, 70, 71, 74, 75, 78, 79, 82, 83, 86, 87, 91, 95, 98,
    99, 103, 107, 110, 111, 114, 115, 119, 123, 127, 130, 131, 134, 135, 138,
    139, 142, 143, 146, 147, 150, 151, 155, 158, 159, 163, 166, 167, 171, 175,
    179, 183, 187, 190, 191, 195, 199, 202, 203, 207, 210, 211, 215, 219, 222,
    223, 226, 227, 231, 234, 235, 239, 242, 243, 247, 251, 255, 258, 259, 263,
    267, 271, 274, 275, 278, 279, 282, 283, 286, 287, 290, 291, 294, 295, 298,
    299, 303, 307, 310, 311, 315, 318, 319, 322, 323, 327, 331, 334, 335, 339,
    342, 343, 346, 347, 351, 354, 355, 359, 363, 366, 367, 371, 374, 375, 379,
    382, 383, 387, 390, 391, 395, 398, 399, 403, 407, 411, 414, 415, 419, 422,
    423, 426, 427, 430, 431, 434, 435, 439, 442, 443, 446, 447
[2] 14, 18, 22, 26, 34, 38, 46, 54, 62, 66, 90, 94, 102, 106, 118, 122, 126,
    154, 162, 170, 174, 178, 182, 186, 194, 198, 206, 214, 218, 230, 238, 246,
    250, 254, 262, 266, 270, 302, 306, 314, 326, 330, 338, 350, 358, 362, 370,
    378, 386, 394, 402, 406, 410, 418, 438

Reassigned labels
Map:
{"D_0": "D", "D_1": "D", "D_2": "D"}
token_fitness
{"perc_fit_traces": 0.0, "average_trace_fitness": 0.8768205076929377, "log_fitness": 0.895279191745866, "percentage_of_fitting_traces": 0.0}
precision
0.20010665244634052
0.7627118644067797
generalization
0.8087937948554283


###### Starting pipeline for 0.75, Distance.EDIT_DISTANCE, 3######
Found communities: 

Clustering with 448 elements and 5 clusters
[0] 0, 1, 4, 5, 8, 9, 13, 17, 21, 25, 28, 29, 33, 37, 40, 41, 45, 48, 49, 53,
    56, 57, 61, 65, 68, 69, 72, 73, 76, 77, 80, 81, 84, 85, 89, 93, 96, 97,
    101, 105, 108, 109, 112, 113, 117, 121, 125, 128, 129, 132, 133, 136, 137,
    140, 141, 144, 145, 148, 149, 153, 156, 157, 161, 164, 165, 169, 173, 177,
    181, 185, 188, 189, 193, 197, 200, 201, 205, 208, 209, 213, 217, 220, 221,
    224, 225, 229, 232, 233, 237, 240, 241, 245, 249, 253, 256, 257, 261, 265,
    269, 272, 273, 276, 277, 280, 281, 284, 285, 288, 289, 292, 293, 296, 297,
    301, 305, 308, 309, 313, 316, 317, 320, 321, 325, 329, 332, 333, 337, 340,
    341, 344, 345, 349, 352, 353, 357, 361, 364, 365, 369, 372, 373, 377, 380,
    381, 385, 388, 389, 393, 396, 397, 401, 405, 409, 412, 413, 417, 420, 421,
    424, 425, 428, 429, 432, 433, 437, 440, 441, 444, 445
[1] 3, 7, 11, 15, 19, 23, 27, 31, 35, 39, 43, 47, 51, 55, 59, 63, 67, 71, 75,
    79, 83, 87, 91, 95, 99, 103, 107, 111, 115, 119, 123, 127, 131, 135, 139,
    143, 147, 151, 155, 159, 163, 167, 171, 175, 179, 183, 187, 191, 195, 199,
    203, 207, 211, 215, 219, 223, 227, 231, 235, 239, 243, 247, 251, 255, 259,
    263, 267, 271, 275, 279, 283, 287, 291, 295, 299, 303, 307, 311, 315, 319,
    323, 327, 331, 335, 339, 343, 347, 351, 355, 359, 363, 367, 371, 375, 379,
    383, 387, 391, 395, 399, 403, 407, 411, 415, 419, 423, 427, 431, 435, 439,
    443, 447
[2] 2, 6, 10, 30, 42, 50, 58, 70, 74, 78, 82, 86, 98, 110, 114, 130, 134, 138,
    142, 146, 150, 158, 166, 190, 202, 210, 222, 226, 234, 242, 258, 274, 278,
    282, 286, 290, 294, 298, 310, 318, 322, 334, 342, 346, 354, 366, 374, 382,
    390, 398, 414, 422, 426, 430, 434, 442, 446
[3] 12, 16, 20, 24, 32, 36, 44, 52, 60, 64, 88, 92, 100, 104, 116, 120, 124,
    152, 160, 168, 172, 176, 180, 184, 192, 196, 204, 212, 216, 228, 236, 244,
    248, 252, 260, 264, 268, 300, 304, 312, 324, 328, 336, 348, 356, 360, 368,
    376, 384, 392, 400, 404, 408, 416, 436
[4] 14, 18, 22, 26, 34, 38, 46, 54, 62, 66, 90, 94, 102, 106, 118, 122, 126,
    154, 162, 170, 174, 178, 182, 186, 194, 198, 206, 214, 218, 230, 238, 246,
    250, 254, 262, 266, 270, 302, 306, 314, 326, 330, 338, 350, 358, 362, 370,
    378, 386, 394, 402, 406, 410, 418, 438

Reassigned labels
Map:
{"D_0": "D", "D_1": "D", "D_2": "D", "D_3": "D", "D_4": "D"}
token_fitness
{"perc_fit_traces": 0.0, "average_trace_fitness": 0.8768205076929377, "log_fitness": 0.895279191745866, "percentage_of_fitting_traces": 0.0}
precision
0.20010665244634052
0.7627118644067797
generalization
0.8087937948554283


###### Starting pipeline for 1, Distance.EDIT_DISTANCE, 3######
Found communities: 

Clustering with 448 elements and 8 clusters
[0] 1, 5, 9, 29, 41, 49, 57, 69, 73, 77, 81, 85, 97, 109, 113, 129, 133, 137,
    141, 145, 149, 157, 165, 189, 201, 209, 221, 225, 233, 241, 257, 273, 277,
    281, 285, 289, 293, 297, 309, 317, 321, 333, 341, 345, 353, 365, 373, 381,
    389, 397, 413, 421, 425, 429, 433, 441, 445
[1] 2, 6, 10, 30, 42, 50, 58, 70, 74, 78, 82, 86, 98, 110, 114, 130, 134, 138,
    142, 146, 150, 158, 166, 190, 202, 210, 222, 226, 234, 242, 258, 274, 278,
    282, 286, 290, 294, 298, 310, 318, 322, 334, 342, 346, 354, 366, 374, 382,
    390, 398, 414, 422, 426, 430, 434, 442, 446
[2] 3, 7, 11, 31, 43, 51, 59, 71, 75, 79, 83, 87, 99, 111, 115, 131, 135, 139,
    143, 147, 151, 159, 167, 191, 203, 211, 223, 227, 235, 243, 259, 275, 279,
    283, 287, 291, 295, 299, 311, 319, 323, 335, 343, 347, 355, 367, 375, 383,
    391, 399, 415, 423, 427, 431, 435, 443, 447
[3] 0, 4, 8, 28, 40, 48, 56, 68, 72, 76, 80, 84, 96, 108, 112, 128, 132, 136,
    140, 144, 148, 156, 164, 188, 200, 208, 220, 224, 232, 240, 256, 272, 276,
    280, 284, 288, 292, 296, 308, 316, 320, 332, 340, 344, 352, 364, 372, 380,
    388, 396, 412, 420, 424, 428, 432, 440, 444
[4] 12, 16, 20, 24, 32, 36, 44, 52, 60, 64, 88, 92, 100, 104, 116, 120, 124,
    152, 160, 168, 172, 176, 180, 184, 192, 196, 204, 212, 216, 228, 236, 244,
    248, 252, 260, 264, 268, 300, 304, 312, 324, 328, 336, 348, 356, 360, 368,
    376, 384, 392, 400, 404, 408, 416, 436
[5] 13, 17, 21, 25, 33, 37, 45, 53, 61, 65, 89, 93, 101, 105, 117, 121, 125,
    153, 161, 169, 173, 177, 181, 185, 193, 197, 205, 213, 217, 229, 237, 245,
    249, 253, 261, 265, 269, 301, 305, 313, 325, 329, 337, 349, 357, 361, 369,
    377, 385, 393, 401, 405, 409, 417, 437
[6] 14, 18, 22, 26, 34, 38, 46, 54, 62, 66, 90, 94, 102, 106, 118, 122, 126,
    154, 162, 170, 174, 178, 182, 186, 194, 198, 206, 214, 218, 230, 238, 246,
    250, 254, 262, 266, 270, 302, 306, 314, 326, 330, 338, 350, 358, 362, 370,
    378, 386, 394, 402, 406, 410, 418, 438
[7] 15, 19, 23, 27, 35, 39, 47, 55, 63, 67, 91, 95, 103, 107, 119, 123, 127,
    155, 163, 171, 175, 179, 183, 187, 195, 199, 207, 215, 219, 231, 239, 247,
    251, 255, 263, 267, 271, 303, 307, 315, 327, 331, 339, 351, 359, 363, 371,
    379, 387, 395, 403, 407, 411, 419, 439

Reassigned labels
Map:
{"D_0": "D", "D_1": "D", "D_2": "D", "D_3": "D", "D_4": "D", "D_5": "D", "D_6": "D", "D_7": "D"}
token_fitness
{"perc_fit_traces": 0.0, "average_trace_fitness": 0.8768205076929377, "log_fitness": 0.895279191745866, "percentage_of_fitting_traces": 0.0}
precision
0.20010665244634052
0.7627118644067797
generalization
0.8087937948554283


###### Starting pipeline for 0, Distance.SET_DISTANCE, 3######
Found communities: 

Clustering with 448 elements and 4 clusters
[0] 3, 7, 11, 15, 19, 23, 27, 31, 35, 39, 43, 47, 51, 55, 59, 63, 67, 71, 75,
    79, 83, 87, 91, 95, 99, 103, 107, 111, 115, 119, 123, 127, 131, 135, 139,
    143, 147, 151, 155, 159, 163, 167, 171, 175, 179, 183, 187, 191, 195, 199,
    203, 207, 211, 215, 219, 223, 227, 231, 235, 239, 243, 247, 251, 255, 259,
    263, 267, 271, 275, 279, 283, 287, 291, 295, 299, 303, 307, 311, 315, 319,
    323, 327, 331, 335, 339, 343, 347, 351, 355, 359, 363, 367, 371, 375, 379,
    383, 387, 391, 395, 399, 403, 407, 411, 415, 419, 423, 427, 431, 435, 439,
    443, 447
[1] 0, 4, 8, 12, 16, 20, 24, 28, 32, 36, 40, 44, 48, 52, 56, 60, 64, 68, 72,
    76, 80, 84, 88, 92, 96, 100, 104, 108, 112, 116, 120, 124, 128, 132, 136,
    140, 144, 148, 152, 156, 160, 164, 168, 172, 176, 180, 184, 188, 192, 196,
    200, 204, 208, 212, 216, 220, 224, 228, 232, 236, 240, 244, 248, 252, 256,
    260, 264, 268, 272, 276, 280, 284, 288, 292, 296, 300, 304, 308, 312, 316,
    320, 324, 328, 332, 336, 340, 344, 348, 352, 356, 360, 364, 368, 372, 376,
    380, 384, 388, 392, 396, 400, 404, 408, 412, 416, 420, 424, 428, 432, 436,
    440, 444
[2] 1, 5, 9, 13, 17, 21, 25, 29, 33, 37, 41, 45, 49, 53, 57, 61, 65, 69, 73,
    77, 81, 85, 89, 93, 97, 101, 105, 109, 113, 117, 121, 125, 129, 133, 137,
    141, 145, 149, 153, 157, 161, 165, 169, 173, 177, 181, 185, 189, 193, 197,
    201, 205, 209, 213, 217, 221, 225, 229, 233, 237, 241, 245, 249, 253, 257,
    261, 265, 269, 273, 277, 281, 285, 289, 293, 297, 301, 305, 309, 313, 317,
    321, 325, 329, 333, 337, 341, 345, 349, 353, 357, 361, 365, 369, 373, 377,
    381, 385, 389, 393, 397, 401, 405, 409, 413, 417, 421, 425, 429, 433, 437,
    441, 445
[3] 2, 6, 10, 14, 18, 22, 26, 30, 34, 38, 42, 46, 50, 54, 58, 62, 66, 70, 74,
    78, 82, 86, 90, 94, 98, 102, 106, 110, 114, 118, 122, 126, 130, 134, 138,
    142, 146, 150, 154, 158, 162, 166, 170, 174, 178, 182, 186, 190, 194, 198,
    202, 206, 210, 214, 218, 222, 226, 230, 234, 238, 242, 246, 250, 254, 258,
    262, 266, 270, 274, 278, 282, 286, 290, 294, 298, 302, 306, 310, 314, 318,
    322, 326, 330, 334, 338, 342, 346, 350, 354, 358, 362, 366, 370, 374, 378,
    382, 386, 390, 394, 398, 402, 406, 410, 414, 418, 422, 426, 430, 434, 438,
    442, 446

Reassigned labels
Map:
{"D_0": "D", "D_1": "D", "D_2": "D", "D_3": "D"}
token_fitness
{"perc_fit_traces": 0.0, "average_trace_fitness": 0.8768205076929377, "log_fitness": 0.895279191745866, "percentage_of_fitting_traces": 0.0}
precision
0.20010665244634052
0.7627118644067797
generalization
0.8087937948554283


###### Starting pipeline for 0.25, Distance.SET_DISTANCE, 3######
Found communities: 

Clustering with 448 elements and 4 clusters
[0] 3, 7, 11, 15, 19, 23, 27, 31, 35, 39, 43, 47, 51, 55, 59, 63, 67, 71, 75,
    79, 83, 87, 91, 95, 99, 103, 107, 111, 115, 119, 123, 127, 131, 135, 139,
    143, 147, 151, 155, 159, 163, 167, 171, 175, 179, 183, 187, 191, 195, 199,
    203, 207, 211, 215, 219, 223, 227, 231, 235, 239, 243, 247, 251, 255, 259,
    263, 267, 271, 275, 279, 283, 287, 291, 295, 299, 303, 307, 311, 315, 319,
    323, 327, 331, 335, 339, 343, 347, 351, 355, 359, 363, 367, 371, 375, 379,
    383, 387, 391, 395, 399, 403, 407, 411, 415, 419, 423, 427, 431, 435, 439,
    443, 447
[1] 0, 4, 8, 12, 16, 20, 24, 28, 32, 36, 40, 44, 48, 52, 56, 60, 64, 68, 72,
    76, 80, 84, 88, 92, 96, 100, 104, 108, 112, 116, 120, 124, 128, 132, 136,
    140, 144, 148, 152, 156, 160, 164, 168, 172, 176, 180, 184, 188, 192, 196,
    200, 204, 208, 212, 216, 220, 224, 228, 232, 236, 240, 244, 248, 252, 256,
    260, 264, 268, 272, 276, 280, 284, 288, 292, 296, 300, 304, 308, 312, 316,
    320, 324, 328, 332, 336, 340, 344, 348, 352, 356, 360, 364, 368, 372, 376,
    380, 384, 388, 392, 396, 400, 404, 408, 412, 416, 420, 424, 428, 432, 436,
    440, 444
[2] 1, 5, 9, 13, 17, 21, 25, 29, 33, 37, 41, 45, 49, 53, 57, 61, 65, 69, 73,
    77, 81, 85, 89, 93, 97, 101, 105, 109, 113, 117, 121, 125, 129, 133, 137,
    141, 145, 149, 153, 157, 161, 165, 169, 173, 177, 181, 185, 189, 193, 197,
    201, 205, 209, 213, 217, 221, 225, 229, 233, 237, 241, 245, 249, 253, 257,
    261, 265, 269, 273, 277, 281, 285, 289, 293, 297, 301, 305, 309, 313, 317,
    321, 325, 329, 333, 337, 341, 345, 349, 353, 357, 361, 365, 369, 373, 377,
    381, 385, 389, 393, 397, 401, 405, 409, 413, 417, 421, 425, 429, 433, 437,
    441, 445
[3] 2, 6, 10, 14, 18, 22, 26, 30, 34, 38, 42, 46, 50, 54, 58, 62, 66, 70, 74,
    78, 82, 86, 90, 94, 98, 102, 106, 110, 114, 118, 122, 126, 130, 134, 138,
    142, 146, 150, 154, 158, 162, 166, 170, 174, 178, 182, 186, 190, 194, 198,
    202, 206, 210, 214, 218, 222, 226, 230, 234, 238, 242, 246, 250, 254, 258,
    262, 266, 270, 274, 278, 282, 286, 290, 294, 298, 302, 306, 310, 314, 318,
    322, 326, 330, 334, 338, 342, 346, 350, 354, 358, 362, 366, 370, 374, 378,
    382, 386, 390, 394, 398, 402, 406, 410, 414, 418, 422, 426, 430, 434, 438,
    442, 446

Reassigned labels
Map:
{"D_0": "D", "D_1": "D", "D_2": "D", "D_3": "D"}
token_fitness
{"perc_fit_traces": 0.0, "average_trace_fitness": 0.8768205076929377, "log_fitness": 0.895279191745866, "percentage_of_fitting_traces": 0.0}
precision
0.20010665244634052
0.7627118644067797
generalization
0.8087937948554283


###### Starting pipeline for 0.5, Distance.SET_DISTANCE, 3######
Found communities: 

Clustering with 448 elements and 4 clusters
[0] 0, 4, 8, 12, 16, 20, 24, 28, 32, 36, 40, 44, 48, 52, 56, 60, 64, 68, 72,
    76, 80, 84, 88, 92, 96, 100, 104, 108, 112, 116, 120, 124, 128, 132, 136,
    140, 144, 148, 152, 156, 160, 164, 168, 172, 176, 180, 184, 188, 192, 196,
    200, 204, 208, 212, 216, 220, 224, 228, 232, 236, 240, 244, 248, 252, 256,
    260, 264, 268, 272, 276, 280, 284, 288, 292, 296, 300, 304, 308, 312, 316,
    320, 324, 328, 332, 336, 340, 344, 348, 352, 356, 360, 364, 368, 372, 376,
    380, 384, 388, 392, 396, 400, 404, 408, 412, 416, 420, 424, 428, 432, 436,
    440, 444
[1] 3, 7, 11, 15, 19, 23, 27, 31, 35, 39, 43, 47, 51, 55, 59, 63, 67, 71, 75,
    79, 83, 87, 91, 95, 99, 103, 107, 111, 115, 119, 123, 127, 131, 135, 139,
    143, 147, 151, 155, 159, 163, 167, 171, 175, 179, 183, 187, 191, 195, 199,
    203, 207, 211, 215, 219, 223, 227, 231, 235, 239, 243, 247, 251, 255, 259,
    263, 267, 271, 275, 279, 283, 287, 291, 295, 299, 303, 307, 311, 315, 319,
    323, 327, 331, 335, 339, 343, 347, 351, 355, 359, 363, 367, 371, 375, 379,
    383, 387, 391, 395, 399, 403, 407, 411, 415, 419, 423, 427, 431, 435, 439,
    443, 447
[2] 2, 6, 10, 14, 18, 22, 26, 30, 34, 38, 42, 46, 50, 54, 58, 62, 66, 70, 74,
    78, 82, 86, 90, 94, 98, 102, 106, 110, 114, 118, 122, 126, 130, 134, 138,
    142, 146, 150, 154, 158, 162, 166, 170, 174, 178, 182, 186, 190, 194, 198,
    202, 206, 210, 214, 218, 222, 226, 230, 234, 238, 242, 246, 250, 254, 258,
    262, 266, 270, 274, 278, 282, 286, 290, 294, 298, 302, 306, 310, 314, 318,
    322, 326, 330, 334, 338, 342, 346, 350, 354, 358, 362, 366, 370, 374, 378,
    382, 386, 390, 394, 398, 402, 406, 410, 414, 418, 422, 426, 430, 434, 438,
    442, 446
[3] 1, 5, 9, 13, 17, 21, 25, 29, 33, 37, 41, 45, 49, 53, 57, 61, 65, 69, 73,
    77, 81, 85, 89, 93, 97, 101, 105, 109, 113, 117, 121, 125, 129, 133, 137,
    141, 145, 149, 153, 157, 161, 165, 169, 173, 177, 181, 185, 189, 193, 197,
    201, 205, 209, 213, 217, 221, 225, 229, 233, 237, 241, 245, 249, 253, 257,
    261, 265, 269, 273, 277, 281, 285, 289, 293, 297, 301, 305, 309, 313, 317,
    321, 325, 329, 333, 337, 341, 345, 349, 353, 357, 361, 365, 369, 373, 377,
    381, 385, 389, 393, 397, 401, 405, 409, 413, 417, 421, 425, 429, 433, 437,
    441, 445

Reassigned labels
Map:
{"D_0": "D", "D_1": "D", "D_2": "D", "D_3": "D"}
token_fitness
{"perc_fit_traces": 0.0, "average_trace_fitness": 0.8768205076929377, "log_fitness": 0.895279191745866, "percentage_of_fitting_traces": 0.0}
precision
0.20010665244634052
0.7627118644067797
generalization
0.8087937948554283


###### Starting pipeline for 0.75, Distance.SET_DISTANCE, 3######
Found communities: 

Clustering with 448 elements and 4 clusters
[0] 0, 1, 4, 5, 8, 9, 13, 17, 21, 25, 28, 29, 33, 37, 40, 41, 45, 48, 49, 53,
    56, 57, 61, 65, 68, 69, 72, 73, 76, 77, 80, 81, 84, 85, 89, 93, 96, 97,
    101, 105, 108, 109, 112, 113, 117, 121, 125, 128, 129, 132, 133, 136, 137,
    140, 141, 144, 145, 148, 149, 153, 156, 157, 161, 164, 165, 169, 173, 177,
    181, 185, 188, 189, 193, 197, 200, 201, 205, 208, 209, 213, 217, 220, 221,
    224, 225, 229, 232, 233, 237, 240, 241, 245, 249, 253, 256, 257, 261, 265,
    269, 272, 273, 276, 277, 280, 281, 284, 285, 288, 289, 292, 293, 296, 297,
    301, 305, 308, 309, 313, 316, 317, 320, 321, 325, 329, 332, 333, 337, 340,
    341, 344, 345, 349, 352, 353, 357, 361, 364, 365, 369, 372, 373, 377, 380,
    381, 385, 388, 389, 393, 396, 397, 401, 405, 409, 412, 413, 417, 420, 421,
    424, 425, 428, 429, 432, 433, 437, 440, 441, 444, 445
[1] 3, 7, 11, 15, 19, 23, 27, 31, 35, 39, 43, 47, 51, 55, 59, 63, 67, 71, 75,
    79, 83, 87, 91, 95, 99, 103, 107, 111, 115, 119, 123, 127, 131, 135, 139,
    143, 147, 151, 155, 159, 163, 167, 171, 175, 179, 183, 187, 191, 195, 199,
    203, 207, 211, 215, 219, 223, 227, 231, 235, 239, 243, 247, 251, 255, 259,
    263, 267, 271, 275, 279, 283, 287, 291, 295, 299, 303, 307, 311, 315, 319,
    323, 327, 331, 335, 339, 343, 347, 351, 355, 359, 363, 367, 371, 375, 379,
    383, 387, 391, 395, 399, 403, 407, 411, 415, 419, 423, 427, 431, 435, 439,
    443, 447
[2] 2, 6, 10, 14, 18, 22, 26, 30, 34, 38, 42, 46, 50, 54, 58, 62, 66, 70, 74,
    78, 82, 86, 90, 94, 98, 102, 106, 110, 114, 118, 122, 126, 130, 134, 138,
    142, 146, 150, 154, 158, 162, 166, 170, 174, 178, 182, 186, 190, 194, 198,
    202, 206, 210, 214, 218, 222, 226, 230, 234, 238, 242, 246, 250, 254, 258,
    262, 266, 270, 274, 278, 282, 286, 290, 294, 298, 302, 306, 310, 314, 318,
    322, 326, 330, 334, 338, 342, 346, 350, 354, 358, 362, 366, 370, 374, 378,
    382, 386, 390, 394, 398, 402, 406, 410, 414, 418, 422, 426, 430, 434, 438,
    442, 446
[3] 12, 16, 20, 24, 32, 36, 44, 52, 60, 64, 88, 92, 100, 104, 116, 120, 124,
    152, 160, 168, 172, 176, 180, 184, 192, 196, 204, 212, 216, 228, 236, 244,
    248, 252, 260, 264, 268, 300, 304, 312, 324, 328, 336, 348, 356, 360, 368,
    376, 384, 392, 400, 404, 408, 416, 436

Reassigned labels
Map:
{"D_0": "D", "D_1": "D", "D_2": "D", "D_3": "D"}
token_fitness
{"perc_fit_traces": 0.0, "average_trace_fitness": 0.8768205076929377, "log_fitness": 0.895279191745866, "percentage_of_fitting_traces": 0.0}
precision
0.20010665244634052
0.7627118644067797
generalization
0.8087937948554283


###### Starting pipeline for 1, Distance.SET_DISTANCE, 3######
Found communities: 

Clustering with 448 elements and 6 clusters
[0] 1, 5, 9, 13, 17, 21, 25, 29, 33, 37, 41, 45, 49, 53, 57, 61, 65, 69, 73,
    77, 81, 85, 89, 93, 97, 101, 105, 109, 113, 117, 121, 125, 129, 133, 137,
    141, 145, 149, 153, 157, 161, 165, 169, 173, 177, 181, 185, 189, 193, 197,
    201, 205, 209, 213, 217, 221, 225, 229, 233, 237, 241, 245, 249, 253, 257,
    261, 265, 269, 273, 277, 281, 285, 289, 293, 297, 301, 305, 309, 313, 317,
    321, 325, 329, 333, 337, 341, 345, 349, 353, 357, 361, 365, 369, 373, 377,
    381, 385, 389, 393, 397, 401, 405, 409, 413, 417, 421, 425, 429, 433, 437,
    441, 445
[1] 2, 6, 10, 14, 18, 22, 26, 30, 34, 38, 42, 46, 50, 54, 58, 62, 66, 70, 74,
    78, 82, 86, 90, 94, 98, 102, 106, 110, 114, 118, 122, 126, 130, 134, 138,
    142, 146, 150, 154, 158, 162, 166, 170, 174, 178, 182, 186, 190, 194, 198,
    202, 206, 210, 214, 218, 222, 226, 230, 234, 238, 242, 246, 250, 254, 258,
    262, 266, 270, 274, 278, 282, 286, 290, 294, 298, 302, 306, 310, 314, 318,
    322, 326, 330, 334, 338, 342, 346, 350, 354, 358, 362, 366, 370, 374, 378,
    382, 386, 390, 394, 398, 402, 406, 410, 414, 418, 422, 426, 430, 434, 438,
    442, 446
[2] 3, 7, 11, 31, 43, 51, 59, 71, 75, 79, 83, 87, 99, 111, 115, 131, 135, 139,
    143, 147, 151, 159, 167, 191, 203, 211, 223, 227, 235, 243, 259, 275, 279,
    283, 287, 291, 295, 299, 311, 319, 323, 335, 343, 347, 355, 367, 375, 383,
    391, 399, 415, 423, 427, 431, 435, 443, 447
[3] 0, 4, 8, 28, 40, 48, 56, 68, 72, 76, 80, 84, 96, 108, 112, 128, 132, 136,
    140, 144, 148, 156, 164, 188, 200, 208, 220, 224, 232, 240, 256, 272, 276,
    280, 284, 288, 292, 296, 308, 316, 320, 332, 340, 344, 352, 364, 372, 380,
    388, 396, 412, 420, 424, 428, 432, 440, 444
[4] 12, 16, 20, 24, 32, 36, 44, 52, 60, 64, 88, 92, 100, 104, 116, 120, 124,
    152, 160, 168, 172, 176, 180, 184, 192, 196, 204, 212, 216, 228, 236, 244,
    248, 252, 260, 264, 268, 300, 304, 312, 324, 328, 336, 348, 356, 360, 368,
    376, 384, 392, 400, 404, 408, 416, 436
[5] 15, 19, 23, 27, 35, 39, 47, 55, 63, 67, 91, 95, 103, 107, 119, 123, 127,
    155, 163, 171, 175, 179, 183, 187, 195, 199, 207, 215, 219, 231, 239, 247,
    251, 255, 263, 267, 271, 303, 307, 315, 327, 331, 339, 351, 359, 363, 371,
    379, 387, 395, 403, 407, 411, 419, 439

Reassigned labels
Map:
{"D_0": "D", "D_1": "D", "D_2": "D", "D_3": "D", "D_4": "D", "D_5": "D"}
token_fitness
{"perc_fit_traces": 0.0, "average_trace_fitness": 0.8768205076929377, "log_fitness": 0.895279191745866, "percentage_of_fitting_traces": 0.0}
precision
0.20010665244634052
0.7627118644067797
generalization
0.8087937948554283


###### Starting pipeline for 0, Distance.MULTISET_DISTANCE, 3######
Found communities: 

Clustering with 448 elements and 2 clusters
[0] 2, 3, 6, 7, 10, 11, 14, 15, 18, 19, 22, 23, 26, 27, 30, 31, 34, 35, 38,
    39, 42, 43, 46, 47, 50, 51, 54, 55, 58, 59, 62, 63, 66, 67, 70, 71, 74,
    75, 78, 79, 82, 83, 86, 87, 90, 91, 94, 95, 98, 99, 102, 103, 106, 107,
    110, 111, 114, 115, 118, 119, 122, 123, 126, 127, 130, 131, 134, 135, 138,
    139, 142, 143, 146, 147, 150, 151, 154, 155, 158, 159, 162, 163, 166, 167,
    170, 171, 174, 175, 178, 179, 182, 183, 186, 187, 190, 191, 194, 195, 198,
    199, 202, 203, 206, 207, 210, 211, 214, 215, 218, 219, 222, 223, 226, 227,
    230, 231, 234, 235, 238, 239, 242, 243, 246, 247, 250, 251, 254, 255, 258,
    259, 262, 263, 266, 267, 270, 271, 274, 275, 278, 279, 282, 283, 286, 287,
    290, 291, 294, 295, 298, 299, 302, 303, 306, 307, 310, 311, 314, 315, 318,
    319, 322, 323, 326, 327, 330, 331, 334, 335, 338, 339, 342, 343, 346, 347,
    350, 351, 354, 355, 358, 359, 362, 363, 366, 367, 370, 371, 374, 375, 378,
    379, 382, 383, 386, 387, 390, 391, 394, 395, 398, 399, 402, 403, 406, 407,
    410, 411, 414, 415, 418, 419, 422, 423, 426, 427, 430, 431, 434, 435, 438,
    439, 442, 443, 446, 447
[1] 0, 1, 4, 5, 8, 9, 12, 13, 16, 17, 20, 21, 24, 25, 28, 29, 32, 33, 36, 37,
    40, 41, 44, 45, 48, 49, 52, 53, 56, 57, 60, 61, 64, 65, 68, 69, 72, 73,
    76, 77, 80, 81, 84, 85, 88, 89, 92, 93, 96, 97, 100, 101, 104, 105, 108,
    109, 112, 113, 116, 117, 120, 121, 124, 125, 128, 129, 132, 133, 136, 137,
    140, 141, 144, 145, 148, 149, 152, 153, 156, 157, 160, 161, 164, 165, 168,
    169, 172, 173, 176, 177, 180, 181, 184, 185, 188, 189, 192, 193, 196, 197,
    200, 201, 204, 205, 208, 209, 212, 213, 216, 217, 220, 221, 224, 225, 228,
    229, 232, 233, 236, 237, 240, 241, 244, 245, 248, 249, 252, 253, 256, 257,
    260, 261, 264, 265, 268, 269, 272, 273, 276, 277, 280, 281, 284, 285, 288,
    289, 292, 293, 296, 297, 300, 301, 304, 305, 308, 309, 312, 313, 316, 317,
    320, 321, 324, 325, 328, 329, 332, 333, 336, 337, 340, 341, 344, 345, 348,
    349, 352, 353, 356, 357, 360, 361, 364, 365, 368, 369, 372, 373, 376, 377,
    380, 381, 384, 385, 388, 389, 392, 393, 396, 397, 400, 401, 404, 405, 408,
    409, 412, 413, 416, 417, 420, 421, 424, 425, 428, 429, 432, 433, 436, 437,
    440, 441, 444, 445

Reassigned labels
Map:
{"D_0": "D", "D_1": "D"}
token_fitness
{"perc_fit_traces": 0.0, "average_trace_fitness": 0.8768205076929377, "log_fitness": 0.895279191745866, "percentage_of_fitting_traces": 0.0}
precision
0.20010665244634052
0.7627118644067797
generalization
0.8087937948554283


###### Starting pipeline for 0.25, Distance.MULTISET_DISTANCE, 3######
Found communities: 

Clustering with 448 elements and 2 clusters
[0] 2, 3, 6, 7, 10, 11, 14, 15, 18, 19, 22, 23, 26, 27, 30, 31, 34, 35, 38,
    39, 42, 43, 46, 47, 50, 51, 54, 55, 58, 59, 62, 63, 66, 67, 70, 71, 74,
    75, 78, 79, 82, 83, 86, 87, 90, 91, 94, 95, 98, 99, 102, 103, 106, 107,
    110, 111, 114, 115, 118, 119, 122, 123, 126, 127, 130, 131, 134, 135, 138,
    139, 142, 143, 146, 147, 150, 151, 154, 155, 158, 159, 162, 163, 166, 167,
    170, 171, 174, 175, 178, 179, 182, 183, 186, 187, 190, 191, 194, 195, 198,
    199, 202, 203, 206, 207, 210, 211, 214, 215, 218, 219, 222, 223, 226, 227,
    230, 231, 234, 235, 238, 239, 242, 243, 246, 247, 250, 251, 254, 255, 258,
    259, 262, 263, 266, 267, 270, 271, 274, 275, 278, 279, 282, 283, 286, 287,
    290, 291, 294, 295, 298, 299, 302, 303, 306, 307, 310, 311, 314, 315, 318,
    319, 322, 323, 326, 327, 330, 331, 334, 335, 338, 339, 342, 343, 346, 347,
    350, 351, 354, 355, 358, 359, 362, 363, 366, 367, 370, 371, 374, 375, 378,
    379, 382, 383, 386, 387, 390, 391, 394, 395, 398, 399, 402, 403, 406, 407,
    410, 411, 414, 415, 418, 419, 422, 423, 426, 427, 430, 431, 434, 435, 438,
    439, 442, 443, 446, 447
[1] 0, 1, 4, 5, 8, 9, 12, 13, 16, 17, 20, 21, 24, 25, 28, 29, 32, 33, 36, 37,
    40, 41, 44, 45, 48, 49, 52, 53, 56, 57, 60, 61, 64, 65, 68, 69, 72, 73,
    76, 77, 80, 81, 84, 85, 88, 89, 92, 93, 96, 97, 100, 101, 104, 105, 108,
    109, 112, 113, 116, 117, 120, 121, 124, 125, 128, 129, 132, 133, 136, 137,
    140, 141, 144, 145, 148, 149, 152, 153, 156, 157, 160, 161, 164, 165, 168,
    169, 172, 173, 176, 177, 180, 181, 184, 185, 188, 189, 192, 193, 196, 197,
    200, 201, 204, 205, 208, 209, 212, 213, 216, 217, 220, 221, 224, 225, 228,
    229, 232, 233, 236, 237, 240, 241, 244, 245, 248, 249, 252, 253, 256, 257,
    260, 261, 264, 265, 268, 269, 272, 273, 276, 277, 280, 281, 284, 285, 288,
    289, 292, 293, 296, 297, 300, 301, 304, 305, 308, 309, 312, 313, 316, 317,
    320, 321, 324, 325, 328, 329, 332, 333, 336, 337, 340, 341, 344, 345, 348,
    349, 352, 353, 356, 357, 360, 361, 364, 365, 368, 369, 372, 373, 376, 377,
    380, 381, 384, 385, 388, 389, 392, 393, 396, 397, 400, 401, 404, 405, 408,
    409, 412, 413, 416, 417, 420, 421, 424, 425, 428, 429, 432, 433, 436, 437,
    440, 441, 444, 445

Reassigned labels
Map:
{"D_0": "D", "D_1": "D"}
token_fitness
{"perc_fit_traces": 0.0, "average_trace_fitness": 0.8768205076929377, "log_fitness": 0.895279191745866, "percentage_of_fitting_traces": 0.0}
precision
0.20010665244634052
0.7627118644067797
generalization
0.8087937948554283


###### Starting pipeline for 0.5, Distance.MULTISET_DISTANCE, 3######
Found communities: 

Clustering with 448 elements and 2 clusters
[0] 0, 1, 4, 5, 8, 9, 12, 13, 16, 17, 20, 21, 24, 25, 28, 29, 32, 33, 36, 37,
    40, 41, 44, 45, 48, 49, 52, 53, 56, 57, 60, 61, 64, 65, 68, 69, 72, 73,
    76, 77, 80, 81, 84, 85, 88, 89, 92, 93, 96, 97, 100, 101, 104, 105, 108,
    109, 112, 113, 116, 117, 120, 121, 124, 125, 128, 129, 132, 133, 136, 137,
    140, 141, 144, 145, 148, 149, 152, 153, 156, 157, 160, 161, 164, 165, 168,
    169, 172, 173, 176, 177, 180, 181, 184, 185, 188, 189, 192, 193, 196, 197,
    200, 201, 204, 205, 208, 209, 212, 213, 216, 217, 220, 221, 224, 225, 228,
    229, 232, 233, 236, 237, 240, 241, 244, 245, 248, 249, 252, 253, 256, 257,
    260, 261, 264, 265, 268, 269, 272, 273, 276, 277, 280, 281, 284, 285, 288,
    289, 292, 293, 296, 297, 300, 301, 304, 305, 308, 309, 312, 313, 316, 317,
    320, 321, 324, 325, 328, 329, 332, 333, 336, 337, 340, 341, 344, 345, 348,
    349, 352, 353, 356, 357, 360, 361, 364, 365, 368, 369, 372, 373, 376, 377,
    380, 381, 384, 385, 388, 389, 392, 393, 396, 397, 400, 401, 404, 405, 408,
    409, 412, 413, 416, 417, 420, 421, 424, 425, 428, 429, 432, 433, 436, 437,
    440, 441, 444, 445
[1] 2, 3, 6, 7, 10, 11, 14, 15, 18, 19, 22, 23, 26, 27, 30, 31, 34, 35, 38,
    39, 42, 43, 46, 47, 50, 51, 54, 55, 58, 59, 62, 63, 66, 67, 70, 71, 74,
    75, 78, 79, 82, 83, 86, 87, 90, 91, 94, 95, 98, 99, 102, 103, 106, 107,
    110, 111, 114, 115, 118, 119, 122, 123, 126, 127, 130, 131, 134, 135, 138,
    139, 142, 143, 146, 147, 150, 151, 154, 155, 158, 159, 162, 163, 166, 167,
    170, 171, 174, 175, 178, 179, 182, 183, 186, 187, 190, 191, 194, 195, 198,
    199, 202, 203, 206, 207, 210, 211, 214, 215, 218, 219, 222, 223, 226, 227,
    230, 231, 234, 235, 238, 239, 242, 243, 246, 247, 250, 251, 254, 255, 258,
    259, 262, 263, 266, 267, 270, 271, 274, 275, 278, 279, 282, 283, 286, 287,
    290, 291, 294, 295, 298, 299, 302, 303, 306, 307, 310, 311, 314, 315, 318,
    319, 322, 323, 326, 327, 330, 331, 334, 335, 338, 339, 342, 343, 346, 347,
    350, 351, 354, 355, 358, 359, 362, 363, 366, 367, 370, 371, 374, 375, 378,
    379, 382, 383, 386, 387, 390, 391, 394, 395, 398, 399, 402, 403, 406, 407,
    410, 411, 414, 415, 418, 419, 422, 423, 426, 427, 430, 431, 434, 435, 438,
    439, 442, 443, 446, 447

Reassigned labels
Map:
{"D_0": "D", "D_1": "D"}
token_fitness
{"perc_fit_traces": 0.0, "average_trace_fitness": 0.8768205076929377, "log_fitness": 0.895279191745866, "percentage_of_fitting_traces": 0.0}
precision
0.20010665244634052
0.7627118644067797
generalization
0.8087937948554283


###### Starting pipeline for 0.75, Distance.MULTISET_DISTANCE, 3######
Found communities: 

Clustering with 448 elements and 4 clusters
[0] 0, 1, 4, 5, 8, 9, 13, 17, 21, 25, 28, 29, 33, 37, 40, 41, 45, 48, 49, 53,
    56, 57, 61, 65, 68, 69, 72, 73, 76, 77, 80, 81, 84, 85, 89, 93, 96, 97,
    101, 105, 108, 109, 112, 113, 117, 121, 125, 128, 129, 132, 133, 136, 137,
    140, 141, 144, 145, 148, 149, 153, 156, 157, 161, 164, 165, 169, 173, 177,
    181, 185, 188, 189, 193, 197, 200, 201, 205, 208, 209, 213, 217, 220, 221,
    224, 225, 229, 232, 233, 237, 240, 241, 245, 249, 253, 256, 257, 261, 265,
    269, 272, 273, 276, 277, 280, 281, 284, 285, 288, 289, 292, 293, 296, 297,
    301, 305, 308, 309, 313, 316, 317, 320, 321, 325, 329, 332, 333, 337, 340,
    341, 344, 345, 349, 352, 353, 357, 361, 364, 365, 369, 372, 373, 377, 380,
    381, 385, 388, 389, 393, 396, 397, 401, 405, 409, 412, 413, 417, 420, 421,
    424, 425, 428, 429, 432, 433, 437, 440, 441, 444, 445
[1] 2, 6, 10, 14, 15, 18, 19, 22, 23, 26, 27, 30, 34, 35, 38, 39, 42, 46, 47,
    50, 54, 55, 58, 62, 66, 67, 70, 74, 78, 82, 86, 90, 91, 94, 95, 98, 102,
    103, 106, 107, 110, 114, 118, 119, 122, 123, 126, 127, 130, 134, 138, 142,
    146, 150, 154, 155, 158, 162, 163, 166, 170, 171, 174, 175, 178, 179, 182,
    183, 186, 187, 190, 194, 195, 198, 199, 202, 206, 207, 210, 214, 215, 218,
    219, 222, 226, 230, 231, 234, 238, 239, 242, 246, 247, 250, 251, 254, 255,
    258, 262, 263, 266, 267, 270, 271, 274, 278, 282, 286, 290, 294, 298, 302,
    303, 306, 307, 310, 314, 315, 318, 322, 326, 327, 330, 331, 334, 338, 339,
    342, 346, 350, 351, 354, 358, 362, 363, 366, 370, 371, 374, 378, 379, 382,
    386, 387, 390, 394, 395, 398, 402, 403, 406, 407, 410, 411, 414, 418, 419,
    422, 426, 430, 434, 438, 439, 442, 446
[2] 3, 7, 11, 31, 43, 51, 59, 63, 71, 75, 79, 83, 87, 99, 111, 115, 131, 135,
    139, 143, 147, 151, 159, 167, 191, 203, 211, 223, 227, 235, 243, 259, 275,
    279, 283, 287, 291, 295, 299, 311, 319, 323, 335, 343, 347, 355, 359, 367,
    375, 383, 391, 399, 415, 423, 427, 431, 435, 443, 447
[3] 12, 16, 20, 24, 32, 36, 44, 52, 60, 64, 88, 92, 100, 104, 116, 120, 124,
    152, 160, 168, 172, 176, 180, 184, 192, 196, 204, 212, 216, 228, 236, 244,
    248, 252, 260, 264, 268, 300, 304, 312, 324, 328, 336, 348, 356, 360, 368,
    376, 384, 392, 400, 404, 408, 416, 436

Reassigned labels
Map:
{"D_0": "D", "D_1": "D", "D_2": "D", "D_3": "D"}
token_fitness
{"perc_fit_traces": 0.0, "average_trace_fitness": 0.8768205076929377, "log_fitness": 0.895279191745866, "percentage_of_fitting_traces": 0.0}
precision
0.20010665244634052
0.7627118644067797
generalization
0.8087937948554283


###### Starting pipeline for 1, Distance.MULTISET_DISTANCE, 3######
Found communities: 

Clustering with 448 elements and 6 clusters
[0] 1, 5, 9, 13, 17, 21, 25, 29, 33, 37, 41, 45, 49, 53, 57, 61, 65, 69, 73,
    77, 81, 85, 89, 93, 97, 101, 105, 109, 113, 117, 121, 125, 129, 133, 137,
    141, 145, 149, 153, 157, 161, 165, 169, 173, 177, 181, 185, 189, 193, 197,
    201, 205, 209, 213, 217, 221, 225, 229, 233, 237, 241, 245, 249, 253, 257,
    261, 265, 269, 273, 277, 281, 285, 289, 293, 297, 301, 305, 309, 313, 317,
    321, 325, 329, 333, 337, 341, 345, 349, 353, 357, 361, 365, 369, 373, 377,
    381, 385, 389, 393, 397, 401, 405, 409, 413, 417, 421, 425, 429, 433, 437,
    441, 445
[1] 2, 6, 10, 14, 18, 22, 26, 30, 34, 38, 42, 46, 50, 54, 58, 62, 66, 70, 74,
    78, 82, 86, 90, 94, 98, 102, 106, 110, 114, 118, 122, 126, 130, 134, 138,
    142, 146, 150, 154, 158, 162, 166, 170, 174, 178, 182, 186, 190, 194, 198,
    202, 206, 210, 214, 218, 222, 226, 230, 234, 238, 242, 246, 250, 254, 258,
    262, 266, 270, 274, 278, 282, 286, 290, 294, 298, 302, 306, 310, 314, 318,
    322, 326, 330, 334, 338, 342, 346, 350, 354, 358, 362, 366, 370, 374, 378,
    382, 386, 390, 394, 398, 402, 406, 410, 414, 418, 422, 426, 430, 434, 438,
    442, 446
[2] 3, 7, 11, 31, 43, 51, 59, 71, 75, 79, 83, 87, 99, 111, 115, 131, 135, 139,
    143, 147, 151, 159, 167, 191, 203, 211, 223, 227, 235, 243, 259, 275, 279,
    283, 287, 291, 295, 299, 311, 319, 323, 335, 343, 347, 355, 367, 375, 383,
    391, 399, 415, 423, 427, 431, 435, 443, 447
[3] 0, 4, 8, 28, 40, 48, 56, 68, 72, 76, 80, 84, 96, 108, 112, 128, 132, 136,
    140, 144, 148, 156, 164, 188, 200, 208, 220, 224, 232, 240, 256, 272, 276,
    280, 284, 288, 292, 296, 308, 316, 320, 332, 340, 344, 352, 364, 372, 380,
    388, 396, 412, 420, 424, 428, 432, 440, 444
[4] 12, 16, 20, 24, 32, 36, 44, 52, 60, 64, 88, 92, 100, 104, 116, 120, 124,
    152, 160, 168, 172, 176, 180, 184, 192, 196, 204, 212, 216, 228, 236, 244,
    248, 252, 260, 264, 268, 300, 304, 312, 324, 328, 336, 348, 356, 360, 368,
    376, 384, 392, 400, 404, 408, 416, 436
[5] 15, 19, 23, 27, 35, 39, 47, 55, 63, 67, 91, 95, 103, 107, 119, 123, 127,
    155, 163, 171, 175, 179, 183, 187, 195, 199, 207, 215, 219, 231, 239, 247,
    251, 255, 263, 267, 271, 303, 307, 315, 327, 331, 339, 351, 359, 363, 371,
    379, 387, 395, 403, 407, 411, 419, 439

Reassigned labels
Map:
{"D_0": "D", "D_1": "D", "D_2": "D", "D_3": "D", "D_4": "D", "D_5": "D"}
token_fitness
{"perc_fit_traces": 0.0, "average_trace_fitness": 0.8768205076929377, "log_fitness": 0.895279191745866, "percentage_of_fitting_traces": 0.0}
precision
0.20010665244634052
0.7627118644067797
generalization
0.8087937948554283


###### Starting pipeline for 0, Distance.EDIT_DISTANCE, 5######
Found communities: 

Clustering with 448 elements and 3 clusters
[0] 2, 3, 6, 7, 10, 11, 14, 15, 18, 19, 22, 23, 26, 27, 30, 31, 34, 35, 38,
    39, 42, 43, 46, 47, 50, 51, 54, 55, 58, 59, 62, 63, 66, 67, 70, 71, 74,
    75, 78, 79, 82, 83, 86, 87, 90, 91, 94, 95, 98, 99, 102, 103, 106, 107,
    110, 111, 114, 115, 118, 119, 122, 123, 126, 127, 130, 131, 134, 135, 138,
    139, 142, 143, 146, 147, 150, 151, 154, 155, 158, 159, 162, 163, 166, 167,
    170, 171, 174, 175, 178, 179, 182, 183, 186, 187, 190, 191, 194, 195, 198,
    199, 202, 203, 206, 207, 210, 211, 214, 215, 218, 219, 222, 223, 226, 227,
    230, 231, 234, 235, 238, 239, 242, 243, 246, 247, 250, 251, 254, 255, 258,
    259, 262, 263, 266, 267, 270, 271, 274, 275, 278, 279, 282, 283, 286, 287,
    290, 291, 294, 295, 298, 299, 302, 303, 306, 307, 310, 311, 314, 315, 318,
    319, 322, 323, 326, 327, 330, 331, 334, 335, 338, 339, 342, 343, 346, 347,
    350, 351, 354, 355, 358, 359, 362, 363, 366, 367, 370, 371, 374, 375, 378,
    379, 382, 383, 386, 387, 390, 391, 394, 395, 398, 399, 402, 403, 406, 407,
    410, 411, 414, 415, 418, 419, 422, 423, 426, 427, 430, 431, 434, 435, 438,
    439, 442, 443, 446, 447
[1] 0, 4, 8, 12, 16, 20, 24, 28, 32, 36, 40, 44, 48, 52, 56, 60, 64, 68, 72,
    76, 80, 84, 88, 92, 96, 100, 104, 108, 112, 116, 120, 124, 128, 132, 136,
    140, 144, 148, 152, 156, 160, 164, 168, 172, 176, 180, 184, 188, 192, 196,
    200, 204, 208, 212, 216, 220, 224, 228, 232, 236, 240, 244, 248, 252, 256,
    260, 264, 268, 272, 276, 280, 284, 288, 292, 296, 300, 304, 308, 312, 316,
    320, 324, 328, 332, 336, 340, 344, 348, 352, 356, 360, 364, 368, 372, 376,
    380, 384, 388, 392, 396, 400, 404, 408, 412, 416, 420, 424, 428, 432, 436,
    440, 444
[2] 1, 5, 9, 13, 17, 21, 25, 29, 33, 37, 41, 45, 49, 53, 57, 61, 65, 69, 73,
    77, 81, 85, 89, 93, 97, 101, 105, 109, 113, 117, 121, 125, 129, 133, 137,
    141, 145, 149, 153, 157, 161, 165, 169, 173, 177, 181, 185, 189, 193, 197,
    201, 205, 209, 213, 217, 221, 225, 229, 233, 237, 241, 245, 249, 253, 257,
    261, 265, 269, 273, 277, 281, 285, 289, 293, 297, 301, 305, 309, 313, 317,
    321, 325, 329, 333, 337, 341, 345, 349, 353, 357, 361, 365, 369, 373, 377,
    381, 385, 389, 393, 397, 401, 405, 409, 413, 417, 421, 425, 429, 433, 437,
    441, 445

Reassigned labels
Map:
{"D_0": "D", "D_1": "D", "D_2": "D"}
token_fitness
{"perc_fit_traces": 0.0, "average_trace_fitness": 0.8768205076929377, "log_fitness": 0.895279191745866, "percentage_of_fitting_traces": 0.0}
precision
0.20010665244634052
0.7627118644067797
generalization
0.8087937948554283


###### Starting pipeline for 0.25, Distance.EDIT_DISTANCE, 5######
Found communities: 

Clustering with 448 elements and 2 clusters
[0] 2, 3, 6, 7, 10, 11, 14, 15, 18, 19, 22, 23, 26, 27, 30, 31, 34, 35, 38,
    39, 42, 43, 46, 47, 50, 51, 54, 55, 58, 59, 62, 63, 66, 67, 70, 71, 74,
    75, 78, 79, 82, 83, 86, 87, 90, 91, 94, 95, 98, 99, 102, 103, 106, 107,
    110, 111, 114, 115, 118, 119, 122, 123, 126, 127, 130, 131, 134, 135, 138,
    139, 142, 143, 146, 147, 150, 151, 154, 155, 158, 159, 162, 163, 166, 167,
    170, 171, 174, 175, 178, 179, 182, 183, 186, 187, 190, 191, 194, 195, 198,
    199, 202, 203, 206, 207, 210, 211, 214, 215, 218, 219, 222, 223, 226, 227,
    230, 231, 234, 235, 238, 239, 242, 243, 246, 247, 250, 251, 254, 255, 258,
    259, 262, 263, 266, 267, 270, 271, 274, 275, 278, 279, 282, 283, 286, 287,
    290, 291, 294, 295, 298, 299, 302, 303, 306, 307, 310, 311, 314, 315, 318,
    319, 322, 323, 326, 327, 330, 331, 334, 335, 338, 339, 342, 343, 346, 347,
    350, 351, 354, 355, 358, 359, 362, 363, 366, 367, 370, 371, 374, 375, 378,
    379, 382, 383, 386, 387, 390, 391, 394, 395, 398, 399, 402, 403, 406, 407,
    410, 411, 414, 415, 418, 419, 422, 423, 426, 427, 430, 431, 434, 435, 438,
    439, 442, 443, 446, 447
[1] 0, 1, 4, 5, 8, 9, 12, 13, 16, 17, 20, 21, 24, 25, 28, 29, 32, 33, 36, 37,
    40, 41, 44, 45, 48, 49, 52, 53, 56, 57, 60, 61, 64, 65, 68, 69, 72, 73,
    76, 77, 80, 81, 84, 85, 88, 89, 92, 93, 96, 97, 100, 101, 104, 105, 108,
    109, 112, 113, 116, 117, 120, 121, 124, 125, 128, 129, 132, 133, 136, 137,
    140, 141, 144, 145, 148, 149, 152, 153, 156, 157, 160, 161, 164, 165, 168,
    169, 172, 173, 176, 177, 180, 181, 184, 185, 188, 189, 192, 193, 196, 197,
    200, 201, 204, 205, 208, 209, 212, 213, 216, 217, 220, 221, 224, 225, 228,
    229, 232, 233, 236, 237, 240, 241, 244, 245, 248, 249, 252, 253, 256, 257,
    260, 261, 264, 265, 268, 269, 272, 273, 276, 277, 280, 281, 284, 285, 288,
    289, 292, 293, 296, 297, 300, 301, 304, 305, 308, 309, 312, 313, 316, 317,
    320, 321, 324, 325, 328, 329, 332, 333, 336, 337, 340, 341, 344, 345, 348,
    349, 352, 353, 356, 357, 360, 361, 364, 365, 368, 369, 372, 373, 376, 377,
    380, 381, 384, 385, 388, 389, 392, 393, 396, 397, 400, 401, 404, 405, 408,
    409, 412, 413, 416, 417, 420, 421, 424, 425, 428, 429, 432, 433, 436, 437,
    440, 441, 444, 445

Reassigned labels
Map:
{"D_0": "D", "D_1": "D"}
token_fitness
{"perc_fit_traces": 0.0, "average_trace_fitness": 0.8768205076929377, "log_fitness": 0.895279191745866, "percentage_of_fitting_traces": 0.0}
precision
0.20010665244634052
0.7627118644067797
generalization
0.8087937948554283


###### Starting pipeline for 0.5, Distance.EDIT_DISTANCE, 5######
Found communities: 

Clustering with 448 elements and 2 clusters
[0] 2, 3, 6, 7, 10, 11, 14, 15, 18, 19, 22, 23, 26, 27, 30, 31, 34, 35, 38,
    39, 42, 43, 46, 47, 50, 51, 54, 55, 58, 59, 62, 63, 66, 67, 70, 71, 74,
    75, 78, 79, 82, 83, 86, 87, 90, 91, 94, 95, 98, 99, 102, 103, 106, 107,
    110, 111, 114, 115, 118, 119, 122, 123, 126, 127, 130, 131, 134, 135, 138,
    139, 142, 143, 146, 147, 150, 151, 154, 155, 158, 159, 162, 163, 166, 167,
    170, 171, 174, 175, 178, 179, 182, 183, 186, 187, 190, 191, 194, 195, 198,
    199, 202, 203, 206, 207, 210, 211, 214, 215, 218, 219, 222, 223, 226, 227,
    230, 231, 234, 235, 238, 239, 242, 243, 246, 247, 250, 251, 254, 255, 258,
    259, 262, 263, 266, 267, 270, 271, 274, 275, 278, 279, 282, 283, 286, 287,
    290, 291, 294, 295, 298, 299, 302, 303, 306, 307, 310, 311, 314, 315, 318,
    319, 322, 323, 326, 327, 330, 331, 334, 335, 338, 339, 342, 343, 346, 347,
    350, 351, 354, 355, 358, 359, 362, 363, 366, 367, 370, 371, 374, 375, 378,
    379, 382, 383, 386, 387, 390, 391, 394, 395, 398, 399, 402, 403, 406, 407,
    410, 411, 414, 415, 418, 419, 422, 423, 426, 427, 430, 431, 434, 435, 438,
    439, 442, 443, 446, 447
[1] 0, 1, 4, 5, 8, 9, 12, 13, 16, 17, 20, 21, 24, 25, 28, 29, 32, 33, 36, 37,
    40, 41, 44, 45, 48, 49, 52, 53, 56, 57, 60, 61, 64, 65, 68, 69, 72, 73,
    76, 77, 80, 81, 84, 85, 88, 89, 92, 93, 96, 97, 100, 101, 104, 105, 108,
    109, 112, 113, 116, 117, 120, 121, 124, 125, 128, 129, 132, 133, 136, 137,
    140, 141, 144, 145, 148, 149, 152, 153, 156, 157, 160, 161, 164, 165, 168,
    169, 172, 173, 176, 177, 180, 181, 184, 185, 188, 189, 192, 193, 196, 197,
    200, 201, 204, 205, 208, 209, 212, 213, 216, 217, 220, 221, 224, 225, 228,
    229, 232, 233, 236, 237, 240, 241, 244, 245, 248, 249, 252, 253, 256, 257,
    260, 261, 264, 265, 268, 269, 272, 273, 276, 277, 280, 281, 284, 285, 288,
    289, 292, 293, 296, 297, 300, 301, 304, 305, 308, 309, 312, 313, 316, 317,
    320, 321, 324, 325, 328, 329, 332, 333, 336, 337, 340, 341, 344, 345, 348,
    349, 352, 353, 356, 357, 360, 361, 364, 365, 368, 369, 372, 373, 376, 377,
    380, 381, 384, 385, 388, 389, 392, 393, 396, 397, 400, 401, 404, 405, 408,
    409, 412, 413, 416, 417, 420, 421, 424, 425, 428, 429, 432, 433, 436, 437,
    440, 441, 444, 445

Reassigned labels
Map:
{"D_0": "D", "D_1": "D"}
token_fitness
{"perc_fit_traces": 0.0, "average_trace_fitness": 0.8768205076929377, "log_fitness": 0.895279191745866, "percentage_of_fitting_traces": 0.0}
precision
0.20010665244634052
0.7627118644067797
generalization
0.8087937948554283


###### Starting pipeline for 0.75, Distance.EDIT_DISTANCE, 5######
Found communities: 

Clustering with 448 elements and 5 clusters
[0] 2, 3, 6, 7, 10, 11, 30, 31, 42, 43, 50, 51, 58, 59, 70, 71, 74, 75, 78,
    79, 82, 83, 86, 87, 98, 99, 110, 111, 114, 115, 130, 131, 134, 135, 138,
    139, 142, 143, 146, 147, 150, 151, 158, 159, 166, 167, 190, 191, 202, 203,
    210, 211, 222, 223, 226, 227, 234, 235, 242, 243, 258, 259, 274, 275, 278,
    279, 282, 283, 286, 287, 290, 291, 294, 295, 298, 299, 310, 311, 318, 319,
    322, 323, 334, 335, 342, 343, 346, 347, 354, 355, 366, 367, 374, 375, 382,
    383, 390, 391, 398, 399, 414, 415, 422, 423, 426, 427, 430, 431, 434, 435,
    442, 443, 446, 447
[1] 1, 5, 9, 13, 17, 21, 25, 29, 33, 37, 41, 45, 49, 53, 57, 61, 65, 69, 73,
    77, 81, 85, 89, 93, 97, 101, 105, 109, 113, 117, 121, 125, 129, 133, 137,
    141, 145, 149, 153, 157, 161, 165, 169, 173, 177, 181, 185, 189, 193, 197,
    201, 205, 209, 213, 217, 221, 225, 229, 233, 237, 241, 245, 249, 253, 257,
    261, 265, 269, 273, 277, 281, 285, 289, 293, 297, 301, 305, 309, 313, 317,
    321, 325, 329, 333, 337, 341, 345, 349, 353, 357, 361, 365, 369, 373, 377,
    381, 385, 389, 393, 397, 401, 405, 409, 413, 417, 421, 425, 429, 433, 437,
    441, 445
[2] 14, 15, 18, 19, 22, 23, 26, 27, 34, 35, 38, 39, 46, 47, 54, 55, 62, 63,
    66, 67, 90, 91, 94, 95, 102, 103, 106, 107, 118, 119, 122, 123, 126, 127,
    154, 155, 162, 163, 170, 171, 174, 175, 178, 179, 182, 183, 186, 187, 194,
    195, 198, 199, 206, 207, 214, 215, 218, 219, 230, 231, 238, 239, 246, 247,
    250, 251, 254, 255, 262, 263, 266, 267, 270, 271, 302, 303, 306, 307, 314,
    315, 326, 327, 330, 331, 338, 339, 350, 351, 358, 359, 362, 363, 370, 371,
    378, 379, 386, 387, 394, 395, 402, 403, 406, 407, 410, 411, 418, 419, 438,
    439
[3] 0, 4, 8, 28, 40, 48, 56, 68, 72, 76, 80, 84, 96, 108, 112, 128, 132, 136,
    140, 144, 148, 156, 164, 188, 200, 208, 220, 224, 232, 240, 256, 272, 276,
    280, 284, 288, 292, 296, 308, 316, 320, 332, 340, 344, 352, 364, 372, 380,
    388, 396, 412, 420, 424, 428, 432, 440, 444
[4] 12, 16, 20, 24, 32, 36, 44, 52, 60, 64, 88, 92, 100, 104, 116, 120, 124,
    152, 160, 168, 172, 176, 180, 184, 192, 196, 204, 212, 216, 228, 236, 244,
    248, 252, 260, 264, 268, 300, 304, 312, 324, 328, 336, 348, 356, 360, 368,
    376, 384, 392, 400, 404, 408, 416, 436

Reassigned labels
Map:
{"D_0": "D", "D_1": "D", "D_2": "D", "D_3": "D", "D_4": "D"}
token_fitness
{"perc_fit_traces": 0.0, "average_trace_fitness": 0.8768205076929377, "log_fitness": 0.895279191745866, "percentage_of_fitting_traces": 0.0}
precision
0.20010665244634052
0.7627118644067797
generalization
0.8087937948554283


###### Starting pipeline for 1, Distance.EDIT_DISTANCE, 5######
Found communities: 

Clustering with 448 elements and 16 clusters
[ 0] 1, 5, 9, 29, 41, 49, 57, 69, 73, 77, 81, 85, 97, 109, 113, 129, 133, 137,
     141, 145, 149, 157, 165, 189, 201, 209, 221, 225, 233, 241, 257, 273,
     277, 281, 285, 289, 293, 297, 309, 317, 321, 333, 341, 345, 353, 365,
     373, 381, 389, 397, 413, 421, 425, 429, 433, 441, 445
[ 1] 0, 4, 8, 28, 40, 48, 56, 68, 72, 76, 80, 84, 96, 108, 112, 128, 132, 136,
     140, 144, 148, 156, 164, 188, 200, 208, 220, 224, 232, 240, 256, 272,
     276, 280, 284, 288, 292, 296, 308, 316, 320, 332, 340, 344, 352, 364,
     372, 380, 388, 396, 412, 420, 424, 428, 432, 440, 444
[ 2] 12, 16, 20, 24, 32, 36, 44, 52, 60, 64, 88, 92, 100, 104, 116, 120, 124,
     152, 160, 168, 172, 176, 180, 184, 192, 196, 204, 212, 216, 228, 236,
     244, 248, 252, 260, 264, 268, 300, 304, 312, 324, 328, 336, 348, 356,
     360, 368, 376, 384, 392, 400, 404, 408, 416, 436
[ 3] 13, 17, 21, 25, 33, 37, 45, 53, 61, 65, 89, 93, 101, 105, 117, 121, 125,
     153, 161, 169, 173, 177, 181, 185, 193, 197, 205, 213, 217, 229, 237,
     245, 249, 253, 261, 265, 269, 301, 305, 313, 325, 329, 337, 349, 357,
     361, 369, 377, 385, 393, 401, 405, 409, 417, 437
[ 4] 14, 34, 38, 54, 62, 94, 102, 118, 122, 126, 170, 178, 182, 198, 214, 250,
     254, 266, 270, 306, 314, 330, 338, 358, 378, 394, 402, 406, 418, 438
[ 5] 2, 30, 50, 78, 98, 110, 138, 146, 158, 166, 190, 202, 210, 222, 226, 234,
     258, 278, 282, 294, 298, 318, 334, 342, 354, 382, 414, 426, 430
[ 6] 35, 39, 55, 63, 95, 103, 119, 123, 127, 171, 179, 183, 199, 215, 251,
     255, 267, 271, 307, 315, 331, 339, 359, 379, 395, 403, 407, 419, 439
[ 7] 6, 10, 42, 58, 70, 74, 82, 86, 114, 130, 134, 142, 150, 242, 274, 286,
     290, 310, 322, 346, 366, 374, 390, 398, 422, 434, 442, 446
[ 8] 31, 51, 79, 99, 111, 139, 147, 159, 167, 191, 203, 211, 223, 227, 235,
     259, 279, 283, 295, 299, 319, 335, 343, 355, 383, 415, 427, 431
[ 9] 7, 43, 59, 71, 75, 83, 87, 115, 131, 135, 143, 151, 243, 275, 287, 291,
     311, 323, 347, 367, 375, 391, 399, 423, 435, 443, 447
[10] 18, 22, 26, 46, 66, 90, 106, 154, 162, 174, 186, 194, 206, 218, 230, 238,
     246, 262, 302, 326, 350, 362, 370, 386, 410
[11] 23, 27, 47, 67, 91, 107, 155, 163, 175, 187, 195, 207, 219, 231, 239,
     247, 263, 303, 327, 351, 363, 371, 387, 411
[12] 3
[13] 11
[14] 15
[15] 19

Reassigned labels
Map:
{"D_0": "D", "D_1": "D", "D_2": "D", "D_3": "D", "D_4": "D", "D_5": "D", "D_6": "D", "D_7": "D", "D_8": "D", "D_9": "D", "D_10": "D", "D_11": "D", "D_12": "D", "D_13": "D", "D_14": "D", "D_15": "D"}
token_fitness
{"perc_fit_traces": 0.0, "average_trace_fitness": 0.8768205076929377, "log_fitness": 0.895279191745866, "percentage_of_fitting_traces": 0.0}
precision
0.20010665244634052
0.7627118644067797
generalization
0.8087937948554283


###### Starting pipeline for 0, Distance.SET_DISTANCE, 5######
Found communities: 

Clustering with 448 elements and 4 clusters
[0] 0, 4, 8, 12, 16, 20, 24, 28, 32, 36, 40, 44, 48, 52, 56, 60, 64, 68, 72,
    76, 80, 84, 88, 92, 96, 100, 104, 108, 112, 116, 120, 124, 128, 132, 136,
    140, 144, 148, 152, 156, 160, 164, 168, 172, 176, 180, 184, 188, 192, 196,
    200, 204, 208, 212, 216, 220, 224, 228, 232, 236, 240, 244, 248, 252, 256,
    260, 264, 268, 272, 276, 280, 284, 288, 292, 296, 300, 304, 308, 312, 316,
    320, 324, 328, 332, 336, 340, 344, 348, 352, 356, 360, 364, 368, 372, 376,
    380, 384, 388, 392, 396, 400, 404, 408, 412, 416, 420, 424, 428, 432, 436,
    440, 444
[1] 3, 7, 11, 15, 19, 23, 27, 31, 35, 39, 43, 47, 51, 55, 59, 63, 67, 71, 75,
    79, 83, 87, 91, 95, 99, 103, 107, 111, 115, 119, 123, 127, 131, 135, 139,
    143, 147, 151, 155, 159, 163, 167, 171, 175, 179, 183, 187, 191, 195, 199,
    203, 207, 211, 215, 219, 223, 227, 231, 235, 239, 243, 247, 251, 255, 259,
    263, 267, 271, 275, 279, 283, 287, 291, 295, 299, 303, 307, 311, 315, 319,
    323, 327, 331, 335, 339, 343, 347, 351, 355, 359, 363, 367, 371, 375, 379,
    383, 387, 391, 395, 399, 403, 407, 411, 415, 419, 423, 427, 431, 435, 439,
    443, 447
[2] 2, 6, 10, 14, 18, 22, 26, 30, 34, 38, 42, 46, 50, 54, 58, 62, 66, 70, 74,
    78, 82, 86, 90, 94, 98, 102, 106, 110, 114, 118, 122, 126, 130, 134, 138,
    142, 146, 150, 154, 158, 162, 166, 170, 174, 178, 182, 186, 190, 194, 198,
    202, 206, 210, 214, 218, 222, 226, 230, 234, 238, 242, 246, 250, 254, 258,
    262, 266, 270, 274, 278, 282, 286, 290, 294, 298, 302, 306, 310, 314, 318,
    322, 326, 330, 334, 338, 342, 346, 350, 354, 358, 362, 366, 370, 374, 378,
    382, 386, 390, 394, 398, 402, 406, 410, 414, 418, 422, 426, 430, 434, 438,
    442, 446
[3] 1, 5, 9, 13, 17, 21, 25, 29, 33, 37, 41, 45, 49, 53, 57, 61, 65, 69, 73,
    77, 81, 85, 89, 93, 97, 101, 105, 109, 113, 117, 121, 125, 129, 133, 137,
    141, 145, 149, 153, 157, 161, 165, 169, 173, 177, 181, 185, 189, 193, 197,
    201, 205, 209, 213, 217, 221, 225, 229, 233, 237, 241, 245, 249, 253, 257,
    261, 265, 269, 273, 277, 281, 285, 289, 293, 297, 301, 305, 309, 313, 317,
    321, 325, 329, 333, 337, 341, 345, 349, 353, 357, 361, 365, 369, 373, 377,
    381, 385, 389, 393, 397, 401, 405, 409, 413, 417, 421, 425, 429, 433, 437,
    441, 445

Reassigned labels
Map:
{"D_0": "D", "D_1": "D", "D_2": "D", "D_3": "D"}
token_fitness
{"perc_fit_traces": 0.0, "average_trace_fitness": 0.8768205076929377, "log_fitness": 0.895279191745866, "percentage_of_fitting_traces": 0.0}
precision
0.20010665244634052
0.7627118644067797
generalization
0.8087937948554283


###### Starting pipeline for 0.25, Distance.SET_DISTANCE, 5######
Found communities: 

Clustering with 448 elements and 4 clusters
[0] 0, 4, 8, 12, 16, 20, 24, 28, 32, 36, 40, 44, 48, 52, 56, 60, 64, 68, 72,
    76, 80, 84, 88, 92, 96, 100, 104, 108, 112, 116, 120, 124, 128, 132, 136,
    140, 144, 148, 152, 156, 160, 164, 168, 172, 176, 180, 184, 188, 192, 196,
    200, 204, 208, 212, 216, 220, 224, 228, 232, 236, 240, 244, 248, 252, 256,
    260, 264, 268, 272, 276, 280, 284, 288, 292, 296, 300, 304, 308, 312, 316,
    320, 324, 328, 332, 336, 340, 344, 348, 352, 356, 360, 364, 368, 372, 376,
    380, 384, 388, 392, 396, 400, 404, 408, 412, 416, 420, 424, 428, 432, 436,
    440, 444
[1] 3, 7, 11, 15, 19, 23, 27, 31, 35, 39, 43, 47, 51, 55, 59, 63, 67, 71, 75,
    79, 83, 87, 91, 95, 99, 103, 107, 111, 115, 119, 123, 127, 131, 135, 139,
    143, 147, 151, 155, 159, 163, 167, 171, 175, 179, 183, 187, 191, 195, 199,
    203, 207, 211, 215, 219, 223, 227, 231, 235, 239, 243, 247, 251, 255, 259,
    263, 267, 271, 275, 279, 283, 287, 291, 295, 299, 303, 307, 311, 315, 319,
    323, 327, 331, 335, 339, 343, 347, 351, 355, 359, 363, 367, 371, 375, 379,
    383, 387, 391, 395, 399, 403, 407, 411, 415, 419, 423, 427, 431, 435, 439,
    443, 447
[2] 2, 6, 10, 14, 18, 22, 26, 30, 34, 38, 42, 46, 50, 54, 58, 62, 66, 70, 74,
    78, 82, 86, 90, 94, 98, 102, 106, 110, 114, 118, 122, 126, 130, 134, 138,
    142, 146, 150, 154, 158, 162, 166, 170, 174, 178, 182, 186, 190, 194, 198,
    202, 206, 210, 214, 218, 222, 226, 230, 234, 238, 242, 246, 250, 254, 258,
    262, 266, 270, 274, 278, 282, 286, 290, 294, 298, 302, 306, 310, 314, 318,
    322, 326, 330, 334, 338, 342, 346, 350, 354, 358, 362, 366, 370, 374, 378,
    382, 386, 390, 394, 398, 402, 406, 410, 414, 418, 422, 426, 430, 434, 438,
    442, 446
[3] 1, 5, 9, 13, 17, 21, 25, 29, 33, 37, 41, 45, 49, 53, 57, 61, 65, 69, 73,
    77, 81, 85, 89, 93, 97, 101, 105, 109, 113, 117, 121, 125, 129, 133, 137,
    141, 145, 149, 153, 157, 161, 165, 169, 173, 177, 181, 185, 189, 193, 197,
    201, 205, 209, 213, 217, 221, 225, 229, 233, 237, 241, 245, 249, 253, 257,
    261, 265, 269, 273, 277, 281, 285, 289, 293, 297, 301, 305, 309, 313, 317,
    321, 325, 329, 333, 337, 341, 345, 349, 353, 357, 361, 365, 369, 373, 377,
    381, 385, 389, 393, 397, 401, 405, 409, 413, 417, 421, 425, 429, 433, 437,
    441, 445

Reassigned labels
Map:
{"D_0": "D", "D_1": "D", "D_2": "D", "D_3": "D"}
token_fitness
{"perc_fit_traces": 0.0, "average_trace_fitness": 0.8768205076929377, "log_fitness": 0.895279191745866, "percentage_of_fitting_traces": 0.0}
precision
0.20010665244634052
0.7627118644067797
generalization
0.8087937948554283


###### Starting pipeline for 0.5, Distance.SET_DISTANCE, 5######
Found communities: 

Clustering with 448 elements and 4 clusters
[0] 3, 7, 11, 15, 19, 23, 27, 31, 35, 39, 43, 47, 51, 55, 59, 63, 67, 71, 75,
    79, 83, 87, 91, 95, 99, 103, 107, 111, 115, 119, 123, 127, 131, 135, 139,
    143, 147, 151, 155, 159, 163, 167, 171, 175, 179, 183, 187, 191, 195, 199,
    203, 207, 211, 215, 219, 223, 227, 231, 235, 239, 243, 247, 251, 255, 259,
    263, 267, 271, 275, 279, 283, 287, 291, 295, 299, 303, 307, 311, 315, 319,
    323, 327, 331, 335, 339, 343, 347, 351, 355, 359, 363, 367, 371, 375, 379,
    383, 387, 391, 395, 399, 403, 407, 411, 415, 419, 423, 427, 431, 435, 439,
    443, 447
[1] 0, 4, 8, 12, 16, 20, 24, 28, 32, 36, 40, 44, 48, 52, 56, 60, 64, 68, 72,
    76, 80, 84, 88, 92, 96, 100, 104, 108, 112, 116, 120, 124, 128, 132, 136,
    140, 144, 148, 152, 156, 160, 164, 168, 172, 176, 180, 184, 188, 192, 196,
    200, 204, 208, 212, 216, 220, 224, 228, 232, 236, 240, 244, 248, 252, 256,
    260, 264, 268, 272, 276, 280, 284, 288, 292, 296, 300, 304, 308, 312, 316,
    320, 324, 328, 332, 336, 340, 344, 348, 352, 356, 360, 364, 368, 372, 376,
    380, 384, 388, 392, 396, 400, 404, 408, 412, 416, 420, 424, 428, 432, 436,
    440, 444
[2] 2, 6, 10, 14, 18, 22, 26, 30, 34, 38, 42, 46, 50, 54, 58, 62, 66, 70, 74,
    78, 82, 86, 90, 94, 98, 102, 106, 110, 114, 118, 122, 126, 130, 134, 138,
    142, 146, 150, 154, 158, 162, 166, 170, 174, 178, 182, 186, 190, 194, 198,
    202, 206, 210, 214, 218, 222, 226, 230, 234, 238, 242, 246, 250, 254, 258,
    262, 266, 270, 274, 278, 282, 286, 290, 294, 298, 302, 306, 310, 314, 318,
    322, 326, 330, 334, 338, 342, 346, 350, 354, 358, 362, 366, 370, 374, 378,
    382, 386, 390, 394, 398, 402, 406, 410, 414, 418, 422, 426, 430, 434, 438,
    442, 446
[3] 1, 5, 9, 13, 17, 21, 25, 29, 33, 37, 41, 45, 49, 53, 57, 61, 65, 69, 73,
    77, 81, 85, 89, 93, 97, 101, 105, 109, 113, 117, 121, 125, 129, 133, 137,
    141, 145, 149, 153, 157, 161, 165, 169, 173, 177, 181, 185, 189, 193, 197,
    201, 205, 209, 213, 217, 221, 225, 229, 233, 237, 241, 245, 249, 253, 257,
    261, 265, 269, 273, 277, 281, 285, 289, 293, 297, 301, 305, 309, 313, 317,
    321, 325, 329, 333, 337, 341, 345, 349, 353, 357, 361, 365, 369, 373, 377,
    381, 385, 389, 393, 397, 401, 405, 409, 413, 417, 421, 425, 429, 433, 437,
    441, 445

Reassigned labels
Map:
{"D_0": "D", "D_1": "D", "D_2": "D", "D_3": "D"}
token_fitness
{"perc_fit_traces": 0.0, "average_trace_fitness": 0.8768205076929377, "log_fitness": 0.895279191745866, "percentage_of_fitting_traces": 0.0}
precision
0.20010665244634052
0.7627118644067797
generalization
0.8087937948554283


###### Starting pipeline for 0.75, Distance.SET_DISTANCE, 5######
Found communities: 

Clustering with 448 elements and 3 clusters
[0] 2, 3, 6, 7, 10, 11, 14, 15, 18, 19, 22, 23, 26, 27, 30, 31, 34, 35, 38,
    39, 42, 43, 46, 47, 50, 51, 54, 55, 58, 59, 62, 63, 66, 67, 70, 71, 74,
    75, 78, 79, 82, 83, 86, 87, 90, 91, 94, 95, 98, 99, 102, 103, 106, 107,
    110, 111, 114, 115, 118, 119, 122, 123, 126, 127, 130, 131, 134, 135, 138,
    139, 142, 143, 146, 147, 150, 151, 154, 155, 158, 159, 162, 163, 166, 167,
    170, 171, 174, 175, 178, 179, 182, 183, 186, 187, 190, 191, 194, 195, 198,
    199, 202, 203, 206, 207, 210, 211, 214, 215, 218, 219, 222, 223, 226, 227,
    230, 231, 234, 235, 238, 239, 242, 243, 246, 247, 250, 251, 254, 255, 258,
    259, 262, 263, 266, 267, 270, 271, 274, 275, 278, 279, 282, 283, 286, 287,
    290, 291, 294, 295, 298, 299, 302, 303, 306, 307, 310, 311, 314, 315, 318,
    319, 322, 323, 326, 327, 330, 331, 334, 335, 338, 339, 342, 343, 346, 347,
    350, 351, 354, 355, 358, 359, 362, 363, 366, 367, 370, 371, 374, 375, 378,
    379, 382, 383, 386, 387, 390, 391, 394, 395, 398, 399, 402, 403, 406, 407,
    410, 411, 414, 415, 418, 419, 422, 423, 426, 427, 430, 431, 434, 435, 438,
    439, 442, 443, 446, 447
[1] 0, 1, 4, 5, 8, 9, 13, 17, 21, 25, 28, 29, 33, 37, 40, 41, 45, 48, 49, 53,
    56, 57, 61, 65, 68, 69, 72, 73, 76, 77, 80, 81, 84, 85, 89, 93, 96, 97,
    101, 105, 108, 109, 112, 113, 117, 121, 125, 128, 129, 132, 133, 136, 137,
    140, 141, 144, 145, 148, 149, 153, 156, 157, 161, 164, 165, 169, 173, 177,
    181, 185, 188, 189, 193, 197, 200, 201, 205, 208, 209, 213, 217, 220, 221,
    224, 225, 229, 232, 233, 237, 240, 241, 245, 249, 253, 256, 257, 261, 265,
    269, 272, 273, 276, 277, 280, 281, 284, 285, 288, 289, 292, 293, 296, 297,
    301, 305, 308, 309, 313, 316, 317, 320, 321, 325, 329, 332, 333, 337, 340,
    341, 344, 345, 349, 352, 353, 357, 361, 364, 365, 369, 372, 373, 377, 380,
    381, 385, 388, 389, 393, 396, 397, 401, 405, 409, 412, 413, 417, 420, 421,
    424, 425, 428, 429, 432, 433, 437, 440, 441, 444, 445
[2] 12, 16, 20, 24, 32, 36, 44, 52, 60, 64, 88, 92, 100, 104, 116, 120, 124,
    152, 160, 168, 172, 176, 180, 184, 192, 196, 204, 212, 216, 228, 236, 244,
    248, 252, 260, 264, 268, 300, 304, 312, 324, 328, 336, 348, 356, 360, 368,
    376, 384, 392, 400, 404, 408, 416, 436

Reassigned labels
Map:
{"D_0": "D", "D_1": "D", "D_2": "D"}
token_fitness
{"perc_fit_traces": 0.0, "average_trace_fitness": 0.8768205076929377, "log_fitness": 0.895279191745866, "percentage_of_fitting_traces": 0.0}
precision
0.20010665244634052
0.7627118644067797
generalization
0.8087937948554283


###### Starting pipeline for 1, Distance.SET_DISTANCE, 5######
Found communities: 

Clustering with 448 elements and 8 clusters
[0] 1, 5, 9, 13, 17, 21, 25, 29, 33, 37, 41, 45, 49, 53, 57, 61, 65, 69, 73,
    77, 81, 85, 89, 93, 97, 101, 105, 109, 113, 117, 121, 125, 129, 133, 137,
    141, 145, 149, 153, 157, 161, 165, 169, 173, 177, 181, 185, 189, 193, 197,
    201, 205, 209, 213, 217, 221, 225, 229, 233, 237, 241, 245, 249, 253, 257,
    261, 265, 269, 273, 277, 281, 285, 289, 293, 297, 301, 305, 309, 313, 317,
    321, 325, 329, 333, 337, 341, 345, 349, 353, 357, 361, 365, 369, 373, 377,
    381, 385, 389, 393, 397, 401, 405, 409, 413, 417, 421, 425, 429, 433, 437,
    441, 445
[1] 7, 23, 27, 31, 35, 39, 43, 47, 51, 55, 59, 63, 67, 71, 75, 79, 83, 87, 91,
    95, 99, 103, 107, 111, 115, 119, 123, 127, 131, 135, 139, 143, 147, 151,
    155, 159, 163, 167, 171, 175, 179, 183, 187, 191, 195, 199, 203, 207, 211,
    215, 219, 223, 227, 231, 235, 239, 243, 247, 251, 255, 259, 263, 267, 271,
    275, 279, 283, 287, 291, 295, 299, 303, 307, 311, 315, 319, 323, 327, 331,
    335, 339, 343, 347, 351, 355, 359, 363, 367, 371, 375, 379, 383, 387, 391,
    395, 399, 403, 407, 411, 415, 419, 423, 427, 431, 435, 439, 443, 447
[2] 6, 10, 14, 34, 38, 42, 54, 58, 62, 70, 74, 82, 86, 94, 102, 114, 118, 122,
    126, 130, 134, 142, 150, 170, 178, 182, 198, 214, 242, 250, 254, 266, 270,
    274, 286, 290, 306, 310, 314, 322, 330, 338, 346, 358, 366, 374, 378, 390,
    394, 398, 402, 406, 418, 422, 434, 438, 442, 446
[3] 0, 4, 8, 28, 40, 48, 56, 68, 72, 76, 80, 84, 96, 108, 112, 128, 132, 136,
    140, 144, 148, 156, 164, 188, 200, 208, 220, 224, 232, 240, 256, 272, 276,
    280, 284, 288, 292, 296, 308, 316, 320, 332, 340, 344, 352, 364, 372, 380,
    388, 396, 412, 420, 424, 428, 432, 440, 444
[4] 12, 16, 20, 24, 32, 36, 44, 52, 60, 64, 88, 92, 100, 104, 116, 120, 124,
    152, 160, 168, 172, 176, 180, 184, 192, 196, 204, 212, 216, 228, 236, 244,
    248, 252, 260, 264, 268, 300, 304, 312, 324, 328, 336, 348, 356, 360, 368,
    376, 384, 392, 400, 404, 408, 416, 436
[5] 2, 18, 22, 26, 30, 46, 50, 66, 78, 90, 98, 106, 110, 138, 146, 154, 158,
    162, 166, 174, 186, 190, 194, 202, 206, 210, 218, 222, 226, 230, 234, 238,
    246, 258, 262, 278, 282, 294, 298, 302, 318, 326, 334, 342, 350, 354, 362,
    370, 382, 386, 410, 414, 426, 430
[6] 3, 19
[7] 11, 15

Reassigned labels
Map:
{"D_0": "D", "D_1": "D", "D_2": "D", "D_3": "D", "D_4": "D", "D_5": "D", "D_6": "D", "D_7": "D"}
token_fitness
{"perc_fit_traces": 0.0, "average_trace_fitness": 0.8768205076929377, "log_fitness": 0.895279191745866, "percentage_of_fitting_traces": 0.0}
precision
0.20010665244634052
0.7627118644067797
generalization
0.8087937948554283


###### Starting pipeline for 0, Distance.MULTISET_DISTANCE, 5######
Found communities: 

Clustering with 448 elements and 3 clusters
[0] 2, 3, 6, 7, 10, 11, 14, 15, 18, 19, 22, 23, 26, 27, 30, 31, 34, 35, 38,
    39, 42, 43, 46, 47, 50, 51, 54, 55, 58, 59, 62, 63, 66, 67, 70, 71, 74,
    75, 78, 79, 82, 83, 86, 87, 90, 91, 94, 95, 98, 99, 102, 103, 106, 107,
    110, 111, 114, 115, 118, 119, 122, 123, 126, 127, 130, 131, 134, 135, 138,
    139, 142, 143, 146, 147, 150, 151, 154, 155, 158, 159, 162, 163, 166, 167,
    170, 171, 174, 175, 178, 179, 182, 183, 186, 187, 190, 191, 194, 195, 198,
    199, 202, 203, 206, 207, 210, 211, 214, 215, 218, 219, 222, 223, 226, 227,
    230, 231, 234, 235, 238, 239, 242, 243, 246, 247, 250, 251, 254, 255, 258,
    259, 262, 263, 266, 267, 270, 271, 274, 275, 278, 279, 282, 283, 286, 287,
    290, 291, 294, 295, 298, 299, 302, 303, 306, 307, 310, 311, 314, 315, 318,
    319, 322, 323, 326, 327, 330, 331, 334, 335, 338, 339, 342, 343, 346, 347,
    350, 351, 354, 355, 358, 359, 362, 363, 366, 367, 370, 371, 374, 375, 378,
    379, 382, 383, 386, 387, 390, 391, 394, 395, 398, 399, 402, 403, 406, 407,
    410, 411, 414, 415, 418, 419, 422, 423, 426, 427, 430, 431, 434, 435, 438,
    439, 442, 443, 446, 447
[1] 0, 4, 8, 12, 16, 20, 24, 28, 32, 36, 40, 44, 48, 52, 56, 60, 64, 68, 72,
    76, 80, 84, 88, 92, 96, 100, 104, 108, 112, 116, 120, 124, 128, 132, 136,
    140, 144, 148, 152, 156, 160, 164, 168, 172, 176, 180, 184, 188, 192, 196,
    200, 204, 208, 212, 216, 220, 224, 228, 232, 236, 240, 244, 248, 252, 256,
    260, 264, 268, 272, 276, 280, 284, 288, 292, 296, 300, 304, 308, 312, 316,
    320, 324, 328, 332, 336, 340, 344, 348, 352, 356, 360, 364, 368, 372, 376,
    380, 384, 388, 392, 396, 400, 404, 408, 412, 416, 420, 424, 428, 432, 436,
    440, 444
[2] 1, 5, 9, 13, 17, 21, 25, 29, 33, 37, 41, 45, 49, 53, 57, 61, 65, 69, 73,
    77, 81, 85, 89, 93, 97, 101, 105, 109, 113, 117, 121, 125, 129, 133, 137,
    141, 145, 149, 153, 157, 161, 165, 169, 173, 177, 181, 185, 189, 193, 197,
    201, 205, 209, 213, 217, 221, 225, 229, 233, 237, 241, 245, 249, 253, 257,
    261, 265, 269, 273, 277, 281, 285, 289, 293, 297, 301, 305, 309, 313, 317,
    321, 325, 329, 333, 337, 341, 345, 349, 353, 357, 361, 365, 369, 373, 377,
    381, 385, 389, 393, 397, 401, 405, 409, 413, 417, 421, 425, 429, 433, 437,
    441, 445

Reassigned labels
Map:
{"D_0": "D", "D_1": "D", "D_2": "D"}
token_fitness
{"perc_fit_traces": 0.0, "average_trace_fitness": 0.8768205076929377, "log_fitness": 0.895279191745866, "percentage_of_fitting_traces": 0.0}
precision
0.20010665244634052
0.7627118644067797
generalization
0.8087937948554283


###### Starting pipeline for 0.25, Distance.MULTISET_DISTANCE, 5######
Found communities: 

Clustering with 448 elements and 2 clusters
[0] 2, 3, 6, 7, 10, 11, 14, 15, 18, 19, 22, 23, 26, 27, 30, 31, 34, 35, 38,
    39, 42, 43, 46, 47, 50, 51, 54, 55, 58, 59, 62, 63, 66, 67, 70, 71, 74,
    75, 78, 79, 82, 83, 86, 87, 90, 91, 94, 95, 98, 99, 102, 103, 106, 107,
    110, 111, 114, 115, 118, 119, 122, 123, 126, 127, 130, 131, 134, 135, 138,
    139, 142, 143, 146, 147, 150, 151, 154, 155, 158, 159, 162, 163, 166, 167,
    170, 171, 174, 175, 178, 179, 182, 183, 186, 187, 190, 191, 194, 195, 198,
    199, 202, 203, 206, 207, 210, 211, 214, 215, 218, 219, 222, 223, 226, 227,
    230, 231, 234, 235, 238, 239, 242, 243, 246, 247, 250, 251, 254, 255, 258,
    259, 262, 263, 266, 267, 270, 271, 274, 275, 278, 279, 282, 283, 286, 287,
    290, 291, 294, 295, 298, 299, 302, 303, 306, 307, 310, 311, 314, 315, 318,
    319, 322, 323, 326, 327, 330, 331, 334, 335, 338, 339, 342, 343, 346, 347,
    350, 351, 354, 355, 358, 359, 362, 363, 366, 367, 370, 371, 374, 375, 378,
    379, 382, 383, 386, 387, 390, 391, 394, 395, 398, 399, 402, 403, 406, 407,
    410, 411, 414, 415, 418, 419, 422, 423, 426, 427, 430, 431, 434, 435, 438,
    439, 442, 443, 446, 447
[1] 0, 1, 4, 5, 8, 9, 12, 13, 16, 17, 20, 21, 24, 25, 28, 29, 32, 33, 36, 37,
    40, 41, 44, 45, 48, 49, 52, 53, 56, 57, 60, 61, 64, 65, 68, 69, 72, 73,
    76, 77, 80, 81, 84, 85, 88, 89, 92, 93, 96, 97, 100, 101, 104, 105, 108,
    109, 112, 113, 116, 117, 120, 121, 124, 125, 128, 129, 132, 133, 136, 137,
    140, 141, 144, 145, 148, 149, 152, 153, 156, 157, 160, 161, 164, 165, 168,
    169, 172, 173, 176, 177, 180, 181, 184, 185, 188, 189, 192, 193, 196, 197,
    200, 201, 204, 205, 208, 209, 212, 213, 216, 217, 220, 221, 224, 225, 228,
    229, 232, 233, 236, 237, 240, 241, 244, 245, 248, 249, 252, 253, 256, 257,
    260, 261, 264, 265, 268, 269, 272, 273, 276, 277, 280, 281, 284, 285, 288,
    289, 292, 293, 296, 297, 300, 301, 304, 305, 308, 309, 312, 313, 316, 317,
    320, 321, 324, 325, 328, 329, 332, 333, 336, 337, 340, 341, 344, 345, 348,
    349, 352, 353, 356, 357, 360, 361, 364, 365, 368, 369, 372, 373, 376, 377,
    380, 381, 384, 385, 388, 389, 392, 393, 396, 397, 400, 401, 404, 405, 408,
    409, 412, 413, 416, 417, 420, 421, 424, 425, 428, 429, 432, 433, 436, 437,
    440, 441, 444, 445

Reassigned labels
Map:
{"D_0": "D", "D_1": "D"}
token_fitness
{"perc_fit_traces": 0.0, "average_trace_fitness": 0.8768205076929377, "log_fitness": 0.895279191745866, "percentage_of_fitting_traces": 0.0}
precision
0.20010665244634052
0.7627118644067797
generalization
0.8087937948554283


###### Starting pipeline for 0.5, Distance.MULTISET_DISTANCE, 5######
Found communities: 

Clustering with 448 elements and 2 clusters
[0] 2, 3, 6, 7, 10, 11, 14, 15, 18, 19, 22, 23, 26, 27, 30, 31, 34, 35, 38,
    39, 42, 43, 46, 47, 50, 51, 54, 55, 58, 59, 62, 63, 66, 67, 70, 71, 74,
    75, 78, 79, 82, 83, 86, 87, 90, 91, 94, 95, 98, 99, 102, 103, 106, 107,
    110, 111, 114, 115, 118, 119, 122, 123, 126, 127, 130, 131, 134, 135, 138,
    139, 142, 143, 146, 147, 150, 151, 154, 155, 158, 159, 162, 163, 166, 167,
    170, 171, 174, 175, 178, 179, 182, 183, 186, 187, 190, 191, 194, 195, 198,
    199, 202, 203, 206, 207, 210, 211, 214, 215, 218, 219, 222, 223, 226, 227,
    230, 231, 234, 235, 238, 239, 242, 243, 246, 247, 250, 251, 254, 255, 258,
    259, 262, 263, 266, 267, 270, 271, 274, 275, 278, 279, 282, 283, 286, 287,
    290, 291, 294, 295, 298, 299, 302, 303, 306, 307, 310, 311, 314, 315, 318,
    319, 322, 323, 326, 327, 330, 331, 334, 335, 338, 339, 342, 343, 346, 347,
    350, 351, 354, 355, 358, 359, 362, 363, 366, 367, 370, 371, 374, 375, 378,
    379, 382, 383, 386, 387, 390, 391, 394, 395, 398, 399, 402, 403, 406, 407,
    410, 411, 414, 415, 418, 419, 422, 423, 426, 427, 430, 431, 434, 435, 438,
    439, 442, 443, 446, 447
[1] 0, 1, 4, 5, 8, 9, 12, 13, 16, 17, 20, 21, 24, 25, 28, 29, 32, 33, 36, 37,
    40, 41, 44, 45, 48, 49, 52, 53, 56, 57, 60, 61, 64, 65, 68, 69, 72, 73,
    76, 77, 80, 81, 84, 85, 88, 89, 92, 93, 96, 97, 100, 101, 104, 105, 108,
    109, 112, 113, 116, 117, 120, 121, 124, 125, 128, 129, 132, 133, 136, 137,
    140, 141, 144, 145, 148, 149, 152, 153, 156, 157, 160, 161, 164, 165, 168,
    169, 172, 173, 176, 177, 180, 181, 184, 185, 188, 189, 192, 193, 196, 197,
    200, 201, 204, 205, 208, 209, 212, 213, 216, 217, 220, 221, 224, 225, 228,
    229, 232, 233, 236, 237, 240, 241, 244, 245, 248, 249, 252, 253, 256, 257,
    260, 261, 264, 265, 268, 269, 272, 273, 276, 277, 280, 281, 284, 285, 288,
    289, 292, 293, 296, 297, 300, 301, 304, 305, 308, 309, 312, 313, 316, 317,
    320, 321, 324, 325, 328, 329, 332, 333, 336, 337, 340, 341, 344, 345, 348,
    349, 352, 353, 356, 357, 360, 361, 364, 365, 368, 369, 372, 373, 376, 377,
    380, 381, 384, 385, 388, 389, 392, 393, 396, 397, 400, 401, 404, 405, 408,
    409, 412, 413, 416, 417, 420, 421, 424, 425, 428, 429, 432, 433, 436, 437,
    440, 441, 444, 445

Reassigned labels
Map:
{"D_0": "D", "D_1": "D"}
token_fitness
{"perc_fit_traces": 0.0, "average_trace_fitness": 0.8768205076929377, "log_fitness": 0.895279191745866, "percentage_of_fitting_traces": 0.0}
precision
0.20010665244634052
0.7627118644067797
generalization
0.8087937948554283


###### Starting pipeline for 0.75, Distance.MULTISET_DISTANCE, 5######
Found communities: 

Clustering with 448 elements and 3 clusters
[0] 2, 3, 6, 7, 10, 11, 14, 15, 18, 19, 22, 23, 26, 27, 30, 31, 34, 35, 38,
    39, 42, 43, 46, 47, 50, 51, 54, 55, 58, 59, 62, 63, 66, 67, 70, 71, 74,
    75, 78, 79, 82, 83, 86, 87, 90, 91, 94, 95, 98, 99, 102, 103, 106, 107,
    110, 111, 114, 115, 118, 119, 122, 123, 126, 127, 130, 131, 134, 135, 138,
    139, 142, 143, 146, 147, 150, 151, 154, 155, 158, 159, 162, 163, 166, 167,
    170, 171, 174, 175, 178, 179, 182, 183, 186, 187, 190, 191, 194, 195, 198,
    199, 202, 203, 206, 207, 210, 211, 214, 215, 218, 219, 222, 223, 226, 227,
    230, 231, 234, 235, 238, 239, 242, 243, 246, 247, 250, 251, 254, 255, 258,
    259, 262, 263, 266, 267, 270, 271, 274, 275, 278, 279, 282, 283, 286, 287,
    290, 291, 294, 295, 298, 299, 302, 303, 306, 307, 310, 311, 314, 315, 318,
    319, 322, 323, 326, 327, 330, 331, 334, 335, 338, 339, 342, 343, 346, 347,
    350, 351, 354, 355, 358, 359, 362, 363, 366, 367, 370, 371, 374, 375, 378,
    379, 382, 383, 386, 387, 390, 391, 394, 395, 398, 399, 402, 403, 406, 407,
    410, 411, 414, 415, 418, 419, 422, 423, 426, 427, 430, 431, 434, 435, 438,
    439, 442, 443, 446, 447
[1] 0, 4, 8, 12, 16, 20, 24, 28, 32, 36, 40, 44, 48, 52, 56, 60, 64, 68, 72,
    76, 80, 84, 88, 92, 96, 100, 104, 108, 112, 116, 120, 124, 128, 132, 136,
    140, 144, 148, 152, 156, 160, 164, 168, 172, 176, 180, 184, 188, 192, 196,
    200, 204, 208, 212, 216, 220, 224, 228, 232, 236, 240, 244, 248, 252, 256,
    260, 264, 268, 272, 276, 280, 284, 288, 292, 296, 300, 304, 308, 312, 316,
    320, 324, 328, 332, 336, 340, 344, 348, 352, 356, 360, 364, 368, 372, 376,
    380, 384, 388, 392, 396, 400, 404, 408, 412, 416, 420, 424, 428, 432, 436,
    440, 444
[2] 1, 5, 9, 13, 17, 21, 25, 29, 33, 37, 41, 45, 49, 53, 57, 61, 65, 69, 73,
    77, 81, 85, 89, 93, 97, 101, 105, 109, 113, 117, 121, 125, 129, 133, 137,
    141, 145, 149, 153, 157, 161, 165, 169, 173, 177, 181, 185, 189, 193, 197,
    201, 205, 209, 213, 217, 221, 225, 229, 233, 237, 241, 245, 249, 253, 257,
    261, 265, 269, 273, 277, 281, 285, 289, 293, 297, 301, 305, 309, 313, 317,
    321, 325, 329, 333, 337, 341, 345, 349, 353, 357, 361, 365, 369, 373, 377,
    381, 385, 389, 393, 397, 401, 405, 409, 413, 417, 421, 425, 429, 433, 437,
    441, 445

Reassigned labels
Map:
{"D_0": "D", "D_1": "D", "D_2": "D"}
token_fitness
{"perc_fit_traces": 0.0, "average_trace_fitness": 0.8768205076929377, "log_fitness": 0.895279191745866, "percentage_of_fitting_traces": 0.0}
precision
0.20010665244634052
0.7627118644067797
generalization
0.8087937948554283


###### Starting pipeline for 1, Distance.MULTISET_DISTANCE, 5######
Found communities: 

Clustering with 448 elements and 8 clusters
[0] 1, 5, 9, 13, 17, 21, 25, 29, 33, 37, 41, 45, 49, 53, 57, 61, 65, 69, 73,
    77, 81, 85, 89, 93, 97, 101, 105, 109, 113, 117, 121, 125, 129, 133, 137,
    141, 145, 149, 153, 157, 161, 165, 169, 173, 177, 181, 185, 189, 193, 197,
    201, 205, 209, 213, 217, 221, 225, 229, 233, 237, 241, 245, 249, 253, 257,
    261, 265, 269, 273, 277, 281, 285, 289, 293, 297, 301, 305, 309, 313, 317,
    321, 325, 329, 333, 337, 341, 345, 349, 353, 357, 361, 365, 369, 373, 377,
    381, 385, 389, 393, 397, 401, 405, 409, 413, 417, 421, 425, 429, 433, 437,
    441, 445
[1] 7, 23, 27, 31, 35, 39, 43, 47, 51, 55, 59, 63, 67, 71, 75, 79, 83, 87, 91,
    95, 99, 103, 107, 111, 115, 119, 123, 127, 131, 135, 139, 143, 147, 151,
    155, 159, 163, 167, 171, 175, 179, 183, 187, 191, 195, 199, 203, 207, 211,
    215, 219, 223, 227, 231, 235, 239, 243, 247, 251, 255, 259, 263, 267, 271,
    275, 279, 283, 287, 291, 295, 299, 303, 307, 311, 315, 319, 323, 327, 331,
    335, 339, 343, 347, 351, 355, 359, 363, 367, 371, 375, 379, 383, 387, 391,
    395, 399, 403, 407, 411, 415, 419, 423, 427, 431, 435, 439, 443, 447
[2] 6, 10, 14, 34, 38, 42, 54, 58, 62, 70, 74, 82, 86, 94, 102, 114, 118, 122,
    126, 130, 134, 142, 150, 170, 178, 182, 198, 214, 242, 250, 254, 266, 270,
    274, 286, 290, 306, 310, 314, 322, 330, 338, 346, 358, 366, 374, 378, 390,
    394, 398, 402, 406, 418, 422, 434, 438, 442, 446
[3] 0, 4, 8, 28, 40, 48, 56, 68, 72, 76, 80, 84, 96, 108, 112, 128, 132, 136,
    140, 144, 148, 156, 164, 188, 200, 208, 220, 224, 232, 240, 256, 272, 276,
    280, 284, 288, 292, 296, 308, 316, 320, 332, 340, 344, 352, 364, 372, 380,
    388, 396, 412, 420, 424, 428, 432, 440, 444
[4] 12, 16, 20, 24, 32, 36, 44, 52, 60, 64, 88, 92, 100, 104, 116, 120, 124,
    152, 160, 168, 172, 176, 180, 184, 192, 196, 204, 212, 216, 228, 236, 244,
    248, 252, 260, 264, 268, 300, 304, 312, 324, 328, 336, 348, 356, 360, 368,
    376, 384, 392, 400, 404, 408, 416, 436
[5] 2, 18, 22, 26, 30, 46, 50, 66, 78, 90, 98, 106, 110, 138, 146, 154, 158,
    162, 166, 174, 186, 190, 194, 202, 206, 210, 218, 222, 226, 230, 234, 238,
    246, 258, 262, 278, 282, 294, 298, 302, 318, 326, 334, 342, 350, 354, 362,
    370, 382, 386, 410, 414, 426, 430
[6] 3, 19
[7] 11, 15

Reassigned labels
Map:
{"D_0": "D", "D_1": "D", "D_2": "D", "D_3": "D", "D_4": "D", "D_5": "D", "D_6": "D", "D_7": "D"}
token_fitness
{"perc_fit_traces": 0.0, "average_trace_fitness": 0.8768205076929377, "log_fitness": 0.895279191745866, "percentage_of_fitting_traces": 0.0}
precision
0.20010665244634052
0.7627118644067797
generalization
0.8087937948554283
