
 Performance of golden standard model:
token_fitness
{"perc_fit_traces": 100.0, "average_trace_fitness": 1.0, "log_fitness": 1.0, "percentage_of_fitting_traces": 100.0}
precision
0.6478780748077817
0.7142857142857143
generalization
0.9564644775391566

 Xixi split labels:
['O_X_1', 'O_X_2', 'O_X_3', 'O_X_4']

 Xixi refined log results:

 IM without noise threshold:
token_fitness
{"perc_fit_traces": 0.0, "average_trace_fitness": 0.7713511467263692, "log_fitness": 0.7851819547971624, "percentage_of_fitting_traces": 0.0}
precision
0.6163889468506871
0.7142857142857143
generalization
0.6879658620712286

 Xixi clustering:
Clustering with 1396 elements and 5 clusters

[1] 0, 4, 8, 12, 16, 20, 24, 28, 32, 36, 40, 44, 52, 56, 64, 68, 72, 76, 80,
    84, 88, 92, 96, 100, 104, 108, 112, 116, 120, 124, 128, 132, 136, 140,
    148, 152, 156, 160, 164, 168, 172, 176, 180, 184, 188, 192, 196, 200, 204,
    208, 212, 216, 220, 224, 228, 232, 236, 240, 244, 248, 252, 256, 260, 268,
    272, 276, 280, 284, 288, 292, 296, 300, 304, 308, 312, 316, 320, 324, 328,
    332, 336, 340, 344, 352, 356, 360, 364, 368, 372, 376, 380, 384, 388, 396,
    400, 404, 408, 412, 416, 420, 424, 428, 432, 436, 440, 444, 448, 452, 456,
    460, 464, 468, 472, 476, 480, 484, 488, 492, 496, 500, 504, 508, 512, 516,
    520, 524, 528, 532, 536, 540, 544, 548, 552, 556, 560, 572, 576, 580, 584,
    588, 592, 596, 600, 604, 608, 612, 616, 620, 624, 628, 632, 636, 640, 644,
    648, 652, 656, 660, 664, 668, 672, 676, 680, 684, 688, 692, 696, 700, 704,
    708, 712, 716, 720, 724, 728, 732, 736, 740, 744, 748, 752, 756, 760, 764,
    768, 772, 776, 780, 784, 788, 792, 796, 800, 804, 808, 812, 816, 820, 824,
    828, 836, 840, 848, 852, 856, 860, 864, 868, 872, 876, 880, 884, 888, 892,
    896, 900, 904, 908, 912, 916, 920, 924, 928, 932, 936, 940, 944, 948, 952,
    956, 960, 964, 972, 976, 980, 984, 988, 992, 996, 1000, 1004, 1008, 1012,
    1016, 1020, 1024, 1028, 1032, 1036, 1040, 1044, 1048, 1052, 1056, 1060,
    1064, 1068, 1072, 1076, 1080, 1084, 1088, 1092, 1096, 1100, 1104, 1108,
    1112, 1116, 1120, 1124, 1128, 1132, 1136, 1140, 1144, 1148, 1152, 1156,
    1160, 1164, 1168, 1172, 1176, 1180, 1184, 1188, 1192, 1196, 1200, 1204,
    1208, 1212, 1216, 1220, 1224, 1228, 1232, 1236, 1244, 1248, 1252, 1256,
    1264, 1268, 1272, 1280, 1284, 1288, 1292, 1296, 1300, 1304, 1308, 1316,
    1320, 1324, 1332, 1336, 1340, 1344, 1348, 1352, 1356, 1360, 1364, 1368,
    1372, 1376, 1380, 1384, 1388, 1392
[2] 1, 5, 9, 13, 17, 21, 25, 29, 33, 37, 41, 45, 53, 57, 65, 69, 73, 77, 81,
    85, 89, 93, 97, 101, 105, 109, 113, 117, 121, 125, 129, 133, 137, 141,
    149, 153, 157, 161, 165, 169, 173, 177, 181, 185, 189, 193, 197, 201, 205,
    209, 213, 217, 221, 225, 229, 233, 237, 241, 245, 249, 253, 257, 261, 269,
    273, 277, 281, 285, 289, 293, 297, 301, 305, 309, 313, 317, 321, 325, 329,
    333, 337, 341, 345, 353, 357, 361, 365, 369, 373, 377, 381, 385, 389, 397,
    401, 405, 409, 413, 417, 421, 425, 429, 433, 437, 441, 445, 449, 453, 457,
    461, 465, 469, 473, 477, 481, 485, 489, 493, 497, 501, 505, 509, 513, 517,
    521, 525, 529, 533, 537, 541, 545, 549, 553, 557, 561, 573, 577, 581, 585,
    589, 593, 597, 601, 605, 609, 613, 617, 621, 625, 629, 633, 637, 641, 645,
    649, 653, 657, 661, 665, 669, 673, 677, 681, 685, 689, 693, 697, 701, 705,
    709, 713, 717, 721, 725, 729, 733, 737, 741, 745, 749, 753, 757, 761, 765,
    769, 773, 777, 781, 785, 789, 793, 797, 801, 805, 809, 813, 817, 821, 825,
    829, 837, 841, 849, 853, 857, 861, 865, 869, 873, 877, 881, 885, 889, 893,
    897, 901, 905, 909, 913, 917, 921, 925, 929, 933, 937, 941, 945, 949, 953,
    957, 961, 965, 973, 977, 981, 985, 989, 993, 997, 1001, 1005, 1009, 1013,
    1017, 1021, 1025, 1029, 1033, 1037, 1041, 1045, 1049, 1053, 1057, 1061,
    1065, 1069, 1073, 1077, 1081, 1085, 1089, 1093, 1097, 1101, 1105, 1109,
    1113, 1117, 1121, 1125, 1129, 1133, 1137, 1141, 1145, 1149, 1153, 1157,
    1161, 1165, 1169, 1173, 1177, 1181, 1185, 1189, 1193, 1197, 1201, 1205,
    1209, 1213, 1217, 1221, 1225, 1229, 1233, 1237, 1245, 1249, 1253, 1257,
    1265, 1269, 1273, 1281, 1285, 1289, 1293, 1297, 1301, 1305, 1309, 1317,
    1321, 1325, 1333, 1337, 1341, 1345, 1349, 1353, 1357, 1361, 1365, 1369,
    1373, 1377, 1381, 1385, 1389, 1393
[3] 2, 6, 10, 14, 18, 22, 26, 30, 34, 38, 42, 46, 54, 58, 66, 70, 74, 78, 82,
    86, 90, 94, 98, 102, 106, 110, 114, 118, 122, 126, 130, 134, 138, 142,
    150, 154, 158, 162, 166, 170, 174, 178, 182, 186, 190, 194, 198, 202, 206,
    210, 214, 218, 222, 226, 230, 234, 238, 242, 246, 250, 254, 258, 262, 270,
    274, 278, 282, 286, 290, 294, 298, 302, 306, 310, 314, 318, 322, 326, 330,
    334, 338, 342, 346, 354, 358, 362, 366, 370, 374, 378, 382, 386, 390, 398,
    402, 406, 410, 414, 418, 422, 426, 430, 434, 438, 442, 446, 450, 454, 458,
    462, 466, 470, 474, 478, 482, 486, 490, 494, 498, 502, 506, 510, 514, 518,
    522, 526, 530, 534, 538, 542, 546, 550, 554, 558, 562, 574, 578, 582, 586,
    590, 594, 598, 602, 606, 610, 614, 618, 622, 626, 630, 634, 638, 642, 646,
    650, 654, 658, 662, 666, 670, 674, 678, 682, 686, 690, 694, 698, 702, 706,
    710, 714, 718, 722, 726, 730, 734, 738, 742, 746, 750, 754, 758, 762, 766,
    770, 774, 778, 782, 786, 790, 794, 798, 802, 806, 810, 814, 818, 822, 826,
    830, 838, 842, 850, 854, 858, 862, 866, 870, 874, 878, 882, 886, 890, 894,
    898, 902, 906, 910, 914, 918, 922, 926, 930, 934, 938, 942, 946, 950, 954,
    958, 962, 966, 974, 978, 982, 986, 990, 994, 998, 1002, 1006, 1010, 1014,
    1018, 1022, 1026, 1030, 1034, 1038, 1042, 1046, 1050, 1054, 1058, 1062,
    1066, 1070, 1074, 1078, 1082, 1086, 1090, 1094, 1098, 1102, 1106, 1110,
    1114, 1118, 1122, 1126, 1130, 1134, 1138, 1142, 1146, 1150, 1154, 1158,
    1162, 1166, 1170, 1174, 1178, 1182, 1186, 1190, 1194, 1198, 1202, 1206,
    1210, 1214, 1218, 1222, 1226, 1230, 1234, 1238, 1246, 1250, 1254, 1258,
    1266, 1270, 1274, 1282, 1286, 1290, 1294, 1298, 1302, 1306, 1310, 1318,
    1322, 1326, 1334, 1338, 1342, 1346, 1350, 1354, 1358, 1362, 1366, 1370,
    1374, 1378, 1382, 1386, 1390, 1394
[4] 3, 7, 11, 15, 19, 23, 27, 31, 35, 39, 43, 47, 48, 49, 50, 51, 55, 59, 60,
    61, 62, 63, 67, 71, 75, 79, 83, 87, 91, 95, 99, 103, 107, 111, 115, 119,
    123, 127, 131, 135, 139, 143, 144, 145, 146, 147, 151, 155, 159, 163, 167,
    171, 175, 179, 183, 187, 191, 195, 199, 203, 207, 211, 215, 219, 223, 227,
    231, 235, 239, 243, 247, 251, 255, 259, 263, 264, 265, 266, 267, 271, 275,
    279, 283, 287, 291, 295, 299, 303, 307, 311, 315, 319, 323, 327, 331, 335,
    339, 343, 347, 348, 349, 350, 351, 355, 359, 363, 367, 371, 375, 379, 383,
    387, 391, 392, 393, 394, 395, 399, 403, 407, 411, 415, 419, 423, 427, 431,
    435, 439, 443, 447, 451, 455, 459, 463, 467, 471, 475, 479, 483, 487, 491,
    495, 499, 503, 507, 511, 515, 519, 523, 527, 531, 535, 539, 543, 547, 551,
    555, 559, 563, 564, 565, 566, 567, 568, 569, 570, 571, 575, 579, 583, 587,
    591, 595, 599, 603, 607, 611, 615, 619, 623, 627, 631, 635, 639, 643, 647,
    651, 655, 659, 663, 667, 671, 675, 679, 683, 687, 691, 695, 699, 703, 707,
    711, 715, 719, 723, 727, 731, 735, 739, 743, 747, 751, 755, 759, 763, 767,
    771, 775, 779, 783, 787, 791, 795, 799, 803, 807, 811, 815, 819, 823, 827,
    831, 832, 833, 834, 835, 839, 843, 844, 845, 846, 847, 851, 855, 859, 863,
    867, 871, 875, 879, 883, 887, 891, 895, 899, 903, 907, 911, 915, 919, 923,
    927, 931, 935, 939, 943, 947, 951, 955, 959, 963, 967, 968, 969, 970, 971,
    975, 979, 983, 987, 991, 995, 999, 1003, 1007, 1011, 1015, 1019, 1023,
    1027, 1031, 1035, 1039, 1043, 1047, 1051, 1055, 1059, 1063, 1067, 1071,
    1075, 1079, 1083, 1087, 1091, 1095, 1099, 1103, 1107, 1111, 1115, 1119,
    1123, 1127, 1131, 1135, 1139, 1143, 1147, 1151, 1155, 1159, 1163, 1167,
    1171, 1175, 1179, 1183, 1187, 1191, 1195, 1199, 1203, 1207, 1211, 1215,
    1219, 1223, 1227, 1231, 1235, 1239, 1240, 1241, 1242, 1243, 1247, 1251,
    1255, 1259, 1260, 1261, 1262, 1263, 1267, 1271, 1275, 1276, 1277, 1278,
    1279, 1283, 1287, 1291, 1295, 1299, 1303, 1307, 1311, 1312, 1313, 1314,
    1315, 1319, 1323, 1327, 1328, 1329, 1330, 1331, 1335, 1339, 1343, 1347,
    1351, 1355, 1359, 1363, 1367, 1371, 1375, 1379, 1383, 1387, 1391, 1395

 Data from log without imprecise labels

 IM without noise threshold:
token_fitness
{"perc_fit_traces": 100.0, "average_trace_fitness": 1.0, "log_fitness": 1.0, "percentage_of_fitting_traces": 100.0}
precision
0.6490531866727036
0.7142857142857143
generalization
0.9564644775391566

 Original Labels:
['O', 'L', 'M', 'N']

 Ground truth clustering clustering:
Clustering with 1396 elements and 4 clusters
[0] 3, 7, 10, 14, 19, 22, 26, 31, 34, 38, 43, 46, 50, 55, 58, 63, 67, 70, 74,
    78, 82, 87, 90, 94, 98, 103, 107, 111, 114, 119, 122, 127, 130, 135, 138,
    142, 146, 150, 155, 158, 163, 166, 171, 175, 178, 183, 187, 191, 194, 199,
    202, 207, 210, 214, 218, 222, 227, 231, 234, 238, 243, 247, 251, 255, 259,
    263, 267, 270, 274, 279, 282, 287, 291, 294, 298, 302, 307, 311, 314, 319,
    322, 327, 331, 334, 338, 343, 347, 350, 355, 358, 363, 366, 370, 375, 378,
    383, 386, 391, 394, 399, 402, 407, 411, 414, 418, 422, 426, 430, 435, 439,
    443, 447, 451, 455, 459, 462, 466, 471, 475, 478, 483, 487, 491, 495, 498,
    503, 507, 510, 514, 518, 523, 526, 530, 535, 539, 542, 547, 551, 554, 559,
    562, 567, 570, 574, 579, 583, 587, 591, 594, 599, 602, 606, 611, 615, 619,
    623, 627, 631, 634, 639, 642, 647, 651, 654, 658, 662, 666, 671, 674, 678,
    683, 686, 690, 694, 698, 702, 706, 711, 714, 718, 722, 726, 730, 734, 738,
    742, 747, 750, 754, 759, 762, 766, 771, 774, 779, 782, 786, 791, 794, 799,
    803, 806, 810, 814, 818, 822, 826, 830, 834, 839, 842, 847, 850, 854, 858,
    863, 867, 871, 874, 879, 882, 886, 891, 895, 898, 903, 906, 911, 915, 918,
    923, 927, 930, 935, 938, 942, 947, 951, 954, 958, 963, 966, 971, 974, 979,
    983, 987, 990, 995, 998, 1002, 1006, 1010, 1014, 1018, 1022, 1026, 1030,
    1034, 1039, 1042, 1047, 1051, 1055, 1059, 1063, 1067, 1071, 1075, 1079,
    1083, 1087, 1091, 1095, 1099, 1103, 1107, 1111, 1114, 1119, 1122, 1127,
    1130, 1135, 1139, 1143, 1147, 1151, 1155, 1159, 1163, 1167, 1170, 1175,
    1178, 1182, 1186, 1190, 1195, 1198, 1203, 1206, 1211, 1215, 1219, 1222,
    1227, 1231, 1235, 1239, 1242, 1247, 1251, 1255, 1258, 1263, 1267, 1271,
    1275, 1278, 1283, 1286, 1290, 1294, 1298, 1302, 1306, 1310, 1315, 1319,
    1323, 1327, 1331, 1335, 1339, 1343, 1347, 1351, 1354, 1358, 1363, 1366,
    1371, 1375, 1379, 1382, 1387, 1391, 1395
[1] 0, 4, 8, 12, 16, 20, 24, 28, 32, 36, 40, 44, 48, 52, 56, 60, 64, 68, 72,
    76, 80, 84, 88, 92, 96, 100, 104, 108, 112, 116, 120, 124, 128, 132, 136,
    140, 144, 148, 152, 156, 160, 164, 168, 172, 176, 180, 184, 188, 192, 196,
    200, 204, 208, 212, 216, 220, 224, 228, 232, 236, 240, 244, 248, 252, 256,
    260, 264, 268, 272, 276, 280, 284, 288, 292, 296, 300, 304, 308, 312, 316,
    320, 324, 328, 332, 336, 340, 344, 348, 352, 356, 360, 364, 368, 372, 376,
    380, 384, 388, 392, 396, 400, 404, 408, 412, 416, 420, 424, 428, 432, 436,
    440, 444, 448, 452, 456, 460, 464, 468, 472, 476, 480, 484, 488, 492, 496,
    500, 504, 508, 512, 516, 520, 524, 528, 532, 536, 540, 544, 548, 552, 556,
    560, 564, 568, 572, 576, 580, 584, 588, 592, 596, 600, 604, 608, 612, 616,
    620, 624, 628, 632, 636, 640, 644, 648, 652, 656, 660, 664, 668, 672, 676,
    680, 684, 688, 692, 696, 700, 704, 708, 712, 716, 720, 724, 728, 732, 736,
    740, 744, 748, 752, 756, 760, 764, 768, 772, 776, 780, 784, 788, 792, 796,
    800, 804, 808, 812, 816, 820, 824, 828, 832, 836, 840, 844, 848, 852, 856,
    860, 864, 868, 872, 876, 880, 884, 888, 892, 896, 900, 904, 908, 912, 916,
    920, 924, 928, 932, 936, 940, 944, 948, 952, 956, 960, 964, 968, 972, 976,
    980, 984, 988, 992, 996, 1000, 1004, 1008, 1012, 1016, 1020, 1024, 1028,
    1032, 1036, 1040, 1044, 1048, 1052, 1056, 1060, 1064, 1068, 1072, 1076,
    1080, 1084, 1088, 1092, 1096, 1100, 1104, 1108, 1112, 1116, 1120, 1124,
    1128, 1132, 1136, 1140, 1144, 1148, 1152, 1156, 1160, 1164, 1168, 1172,
    1176, 1180, 1184, 1188, 1192, 1196, 1200, 1204, 1208, 1212, 1216, 1220,
    1224, 1228, 1232, 1236, 1240, 1244, 1248, 1252, 1256, 1260, 1264, 1268,
    1272, 1276, 1280, 1284, 1288, 1292, 1296, 1300, 1304, 1308, 1312, 1316,
    1320, 1324, 1328, 1332, 1336, 1340, 1344, 1348, 1352, 1356, 1360, 1364,
    1368, 1372, 1376, 1380, 1384, 1388, 1392
[2] 1, 5, 9, 13, 17, 21, 25, 29, 33, 37, 41, 45, 49, 53, 57, 61, 65, 69, 73,
    77, 81, 85, 89, 93, 97, 101, 105, 109, 113, 117, 121, 125, 129, 133, 137,
    141, 145, 149, 153, 157, 161, 165, 169, 173, 177, 181, 185, 189, 193, 197,
    201, 205, 209, 213, 217, 221, 225, 229, 233, 237, 241, 245, 249, 253, 257,
    261, 265, 269, 273, 277, 281, 285, 289, 293, 297, 301, 305, 309, 313, 317,
    321, 325, 329, 333, 337, 341, 345, 349, 353, 357, 361, 365, 369, 373, 377,
    381, 385, 389, 393, 397, 401, 405, 409, 413, 417, 421, 425, 429, 433, 437,
    441, 445, 449, 453, 457, 461, 465, 469, 473, 477, 481, 485, 489, 493, 497,
    501, 505, 509, 513, 517, 521, 525, 529, 533, 537, 541, 545, 549, 553, 557,
    561, 565, 569, 573, 577, 581, 585, 589, 593, 597, 601, 605, 609, 613, 617,
    621, 625, 629, 633, 637, 641, 645, 649, 653, 657, 661, 665, 669, 673, 677,
    681, 685, 689, 693, 697, 701, 705, 709, 713, 717, 721, 725, 729, 733, 737,
    741, 745, 749, 753, 757, 761, 765, 769, 773, 777, 781, 785, 789, 793, 797,
    801, 805, 809, 813, 817, 821, 825, 829, 833, 837, 841, 845, 849, 853, 857,
    861, 865, 869, 873, 877, 881, 885, 889, 893, 897, 901, 905, 909, 913, 917,
    921, 925, 929, 933, 937, 941, 945, 949, 953, 957, 961, 965, 969, 973, 977,
    981, 985, 989, 993, 997, 1001, 1005, 1009, 1013, 1017, 1021, 1025, 1029,
    1033, 1037, 1041, 1045, 1049, 1053, 1057, 1061, 1065, 1069, 1073, 1077,
    1081, 1085, 1089, 1093, 1097, 1101, 1105, 1109, 1113, 1117, 1121, 1125,
    1129, 1133, 1137, 1141, 1145, 1149, 1153, 1157, 1161, 1165, 1169, 1173,
    1177, 1181, 1185, 1189, 1193, 1197, 1201, 1205, 1209, 1213, 1217, 1221,
    1225, 1229, 1233, 1237, 1241, 1245, 1249, 1253, 1257, 1261, 1265, 1269,
    1273, 1277, 1281, 1285, 1289, 1293, 1297, 1301, 1305, 1309, 1313, 1317,
    1321, 1325, 1329, 1333, 1337, 1341, 1345, 1349, 1353, 1357, 1361, 1365,
    1369, 1373, 1377, 1381, 1385, 1389, 1393
[3] 2, 6, 11, 15, 18, 23, 27, 30, 35, 39, 42, 47, 51, 54, 59, 62, 66, 71, 75,
    79, 83, 86, 91, 95, 99, 102, 106, 110, 115, 118, 123, 126, 131, 134, 139,
    143, 147, 151, 154, 159, 162, 167, 170, 174, 179, 182, 186, 190, 195, 198,
    203, 206, 211, 215, 219, 223, 226, 230, 235, 239, 242, 246, 250, 254, 258,
    262, 266, 271, 275, 278, 283, 286, 290, 295, 299, 303, 306, 310, 315, 318,
    323, 326, 330, 335, 339, 342, 346, 351, 354, 359, 362, 367, 371, 374, 379,
    382, 387, 390, 395, 398, 403, 406, 410, 415, 419, 423, 427, 431, 434, 438,
    442, 446, 450, 454, 458, 463, 467, 470, 474, 479, 482, 486, 490, 494, 499,
    502, 506, 511, 515, 519, 522, 527, 531, 534, 538, 543, 546, 550, 555, 558,
    563, 566, 571, 575, 578, 582, 586, 590, 595, 598, 603, 607, 610, 614, 618,
    622, 626, 630, 635, 638, 643, 646, 650, 655, 659, 663, 667, 670, 675, 679,
    682, 687, 691, 695, 699, 703, 707, 710, 715, 719, 723, 727, 731, 735, 739,
    743, 746, 751, 755, 758, 763, 767, 770, 775, 778, 783, 787, 790, 795, 798,
    802, 807, 811, 815, 819, 823, 827, 831, 835, 838, 843, 846, 851, 855, 859,
    862, 866, 870, 875, 878, 883, 887, 890, 894, 899, 902, 907, 910, 914, 919,
    922, 926, 931, 934, 939, 943, 946, 950, 955, 959, 962, 967, 970, 975, 978,
    982, 986, 991, 994, 999, 1003, 1007, 1011, 1015, 1019, 1023, 1027, 1031,
    1035, 1038, 1043, 1046, 1050, 1054, 1058, 1062, 1066, 1070, 1074, 1078,
    1082, 1086, 1090, 1094, 1098, 1102, 1106, 1110, 1115, 1118, 1123, 1126,
    1131, 1134, 1138, 1142, 1146, 1150, 1154, 1158, 1162, 1166, 1171, 1174,
    1179, 1183, 1187, 1191, 1194, 1199, 1202, 1207, 1210, 1214, 1218, 1223,
    1226, 1230, 1234, 1238, 1243, 1246, 1250, 1254, 1259, 1262, 1266, 1270,
    1274, 1279, 1282, 1287, 1291, 1295, 1299, 1303, 1307, 1311, 1314, 1318,
    1322, 1326, 1330, 1334, 1338, 1342, 1346, 1350, 1355, 1359, 1362, 1367,
    1370, 1374, 1378, 1383, 1386, 1390, 1394

 Xixi Adjusted Rand Index:
0.6056125050675413




----------------------------------------------------------------------------------------------
Output from 2025-07-08 18:33:47.562231
----------------------------------------------------------------------------------------------


                

Parameters of this run:

Window size: 1
Threshold for edges: 0
Split candidates: O
Max number of traces: 5000000
Method for distance calculation: Distance.EDIT_DISTANCE
Method for finding clusters: ClusteringMethod.COMMUNITY_DETECTION
Original log location: ./data/noImprInLoop_default_OD\feb16-1625\logs\I_1_LogD_Sequence_feb16-1625.xes.gz
Use frequency: True

Found communities: 

Clustering with 1396 elements and 2 clusters
[0] 1, 2, 3, 5, 6, 7, 9, 10, 11, 13, 14, 15, 17, 18, 19, 21, 22, 23, 25, 26,
    27, 29, 30, 31, 33, 34, 35, 37, 38, 39, 41, 42, 43, 45, 46, 47, 49, 50,
    51, 53, 54, 55, 57, 58, 59, 61, 62, 63, 65, 66, 67, 69, 70, 71, 73, 74,
    75, 77, 78, 79, 81, 82, 83, 85, 86, 87, 89, 90, 91, 93, 94, 95, 97, 98,
    99, 101, 102, 103, 105, 106, 107, 109, 110, 111, 113, 114, 115, 117, 118,
    119, 121, 122, 123, 125, 126, 127, 129, 130, 131, 133, 134, 135, 137, 138,
    139, 141, 142, 143, 145, 146, 147, 149, 150, 151, 153, 154, 155, 157, 158,
    159, 161, 162, 163, 165, 166, 167, 169, 170, 171, 173, 174, 175, 177, 178,
    179, 181, 182, 183, 185, 186, 187, 189, 190, 191, 193, 194, 195, 197, 198,
    199, 201, 202, 203, 205, 206, 207, 209, 210, 211, 213, 214, 215, 217, 218,
    219, 221, 222, 223, 225, 226, 227, 229, 230, 231, 233, 234, 235, 237, 238,
    239, 241, 242, 243, 245, 246, 247, 249, 250, 251, 253, 254, 255, 257, 258,
    259, 261, 262, 263, 265, 266, 267, 269, 270, 271, 273, 274, 275, 277, 278,
    279, 281, 282, 283, 285, 286, 287, 289, 290, 291, 293, 294, 295, 297, 298,
    299, 301, 302, 303, 305, 306, 307, 309, 310, 311, 313, 314, 315, 317, 318,
    319, 321, 322, 323, 325, 326, 327, 329, 330, 331, 333, 334, 335, 337, 338,
    339, 341, 342, 343, 345, 346, 347, 349, 350, 351, 353, 354, 355, 357, 358,
    359, 361, 362, 363, 365, 366, 367, 369, 370, 371, 373, 374, 375, 377, 378,
    379, 381, 382, 383, 385, 386, 387, 389, 390, 391, 393, 394, 395, 397, 398,
    399, 401, 402, 403, 405, 406, 407, 409, 410, 411, 413, 414, 415, 417, 418,
    419, 421, 422, 423, 425, 426, 427, 429, 430, 431, 433, 434, 435, 437, 438,
    439, 441, 442, 443, 445, 446, 447, 449, 450, 451, 453, 454, 455, 457, 458,
    459, 461, 462, 463, 465, 466, 467, 469, 470, 471, 473, 474, 475, 477, 478,
    479, 481, 482, 483, 485, 486, 487, 489, 490, 491, 493, 494, 495, 497, 498,
    499, 501, 502, 503, 505, 506, 507, 509, 510, 511, 513, 514, 515, 517, 518,
    519, 521, 522, 523, 525, 526, 527, 529, 530, 531, 533, 534, 535, 537, 538,
    539, 541, 542, 543, 545, 546, 547, 549, 550, 551, 553, 554, 555, 557, 558,
    559, 561, 562, 563, 565, 566, 567, 569, 570, 571, 573, 574, 575, 577, 578,
    579, 581, 582, 583, 585, 586, 587, 589, 590, 591, 593, 594, 595, 597, 598,
    599, 601, 602, 603, 605, 606, 607, 609, 610, 611, 613, 614, 615, 617, 618,
    619, 621, 622, 623, 625, 626, 627, 629, 630, 631, 633, 634, 635, 637, 638,
    639, 641, 642, 643, 645, 646, 647, 649, 650, 651, 653, 654, 655, 657, 658,
    659, 661, 662, 663, 665, 666, 667, 669, 670, 671, 673, 674, 675, 677, 678,
    679, 681, 682, 683, 685, 686, 687, 689, 690, 691, 693, 694, 695, 697, 698,
    699, 701, 702, 703, 705, 706, 707, 709, 710, 711, 713, 714, 715, 717, 718,
    719, 721, 722, 723, 725, 726, 727, 729, 730, 731, 733, 734, 735, 737, 738,
    739, 741, 742, 743, 745, 746, 747, 749, 750, 751, 753, 754, 755, 757, 758,
    759, 761, 762, 763, 765, 766, 767, 769, 770, 771, 773, 774, 775, 777, 778,
    779, 781, 782, 783, 785, 786, 787, 789, 790, 791, 793, 794, 795, 797, 798,
    799, 801, 802, 803, 805, 806, 807, 809, 810, 811, 813, 814, 815, 817, 818,
    819, 821, 822, 823, 825, 826, 827, 829, 830, 831, 833, 834, 835, 837, 838,
    839, 841, 842, 843, 845, 846, 847, 849, 850, 851, 853, 854, 855, 857, 858,
    859, 861, 862, 863, 865, 866, 867, 869, 870, 871, 873, 874, 875, 877, 878,
    879, 881, 882, 883, 885, 886, 887, 889, 890, 891, 893, 894, 895, 897, 898,
    899, 901, 902, 903, 905, 906, 907, 909, 910, 911, 913, 914, 915, 917, 918,
    919, 921, 922, 923, 925, 926, 927, 929, 930, 931, 933, 934, 935, 937, 938,
    939, 941, 942, 943, 945, 946, 947, 949, 950, 951, 953, 954, 955, 957, 958,
    959, 961, 962, 963, 965, 966, 967, 969, 970, 971, 973, 974, 975, 977, 978,
    979, 981, 982, 983, 985, 986, 987, 989, 990, 991, 993, 994, 995, 997, 998,
    999, 1001, 1002, 1003, 1005, 1006, 1007, 1009, 1010, 1011, 1013, 1014,
    1015, 1017, 1018, 1019, 1021, 1022, 1023, 1025, 1026, 1027, 1029, 1030,
    1031, 1033, 1034, 1035, 1037, 1038, 1039, 1041, 1042, 1043, 1045, 1046,
    1047, 1049, 1050, 1051, 1053, 1054, 1055, 1057, 1058, 1059, 1061, 1062,
    1063, 1065, 1066, 1067, 1069, 1070, 1071, 1073, 1074, 1075, 1077, 1078,
    1079, 1081, 1082, 1083, 1085, 1086, 1087, 1089, 1090, 1091, 1093, 1094,
    1095, 1097, 1098, 1099, 1101, 1102, 1103, 1105, 1106, 1107, 1109, 1110,
    1111, 1113, 1114, 1115, 1117, 1118, 1119, 1121, 1122, 1123, 1125, 1126,
    1127, 1129, 1130, 1131, 1133, 1134, 1135, 1137, 1138, 1139, 1141, 1142,
    1143, 1145, 1146, 1147, 1149, 1150, 1151, 1153, 1154, 1155, 1157, 1158,
    1159, 1161, 1162, 1163, 1165, 1166, 1167, 1169, 1170, 1171, 1173, 1174,
    1175, 1177, 1178, 1179, 1181, 1182, 1183, 1185, 1186, 1187, 1189, 1190,
    1191, 1193, 1194, 1195, 1197, 1198, 1199, 1201, 1202, 1203, 1205, 1206,
    1207, 1209, 1210, 1211, 1213, 1214, 1215, 1217, 1218, 1219, 1221, 1222,
    1223, 1225, 1226, 1227, 1229, 1230, 1231, 1233, 1234, 1235, 1237, 1238,
    1239, 1241, 1242, 1243, 1245, 1246, 1247, 1249, 1250, 1251, 1253, 1254,
    1255, 1257, 1258, 1259, 1261, 1262, 1263, 1265, 1266, 1267, 1269, 1270,
    1271, 1273, 1274, 1275, 1277, 1278, 1279, 1281, 1282, 1283, 1285, 1286,
    1287, 1289, 1290, 1291, 1293, 1294, 1295, 1297, 1298, 1299, 1301, 1302,
    1303, 1305, 1306, 1307, 1309, 1310, 1311, 1313, 1314, 1315, 1317, 1318,
    1319, 1321, 1322, 1323, 1325, 1326, 1327, 1329, 1330, 1331, 1333, 1334,
    1335, 1337, 1338, 1339, 1341, 1342, 1343, 1345, 1346, 1347, 1349, 1350,
    1351, 1353, 1354, 1355, 1357, 1358, 1359, 1361, 1362, 1363, 1365, 1366,
    1367, 1369, 1370, 1371, 1373, 1374, 1375, 1377, 1378, 1379, 1381, 1382,
    1383, 1385, 1386, 1387, 1389, 1390, 1391, 1393, 1394, 1395
[1] 0, 4, 8, 12, 16, 20, 24, 28, 32, 36, 40, 44, 48, 52, 56, 60, 64, 68, 72,
    76, 80, 84, 88, 92, 96, 100, 104, 108, 112, 116, 120, 124, 128, 132, 136,
    140, 144, 148, 152, 156, 160, 164, 168, 172, 176, 180, 184, 188, 192, 196,
    200, 204, 208, 212, 216, 220, 224, 228, 232, 236, 240, 244, 248, 252, 256,
    260, 264, 268, 272, 276, 280, 284, 288, 292, 296, 300, 304, 308, 312, 316,
    320, 324, 328, 332, 336, 340, 344, 348, 352, 356, 360, 364, 368, 372, 376,
    380, 384, 388, 392, 396, 400, 404, 408, 412, 416, 420, 424, 428, 432, 436,
    440, 444, 448, 452, 456, 460, 464, 468, 472, 476, 480, 484, 488, 492, 496,
    500, 504, 508, 512, 516, 520, 524, 528, 532, 536, 540, 544, 548, 552, 556,
    560, 564, 568, 572, 576, 580, 584, 588, 592, 596, 600, 604, 608, 612, 616,
    620, 624, 628, 632, 636, 640, 644, 648, 652, 656, 660, 664, 668, 672, 676,
    680, 684, 688, 692, 696, 700, 704, 708, 712, 716, 720, 724, 728, 732, 736,
    740, 744, 748, 752, 756, 760, 764, 768, 772, 776, 780, 784, 788, 792, 796,
    800, 804, 808, 812, 816, 820, 824, 828, 832, 836, 840, 844, 848, 852, 856,
    860, 864, 868, 872, 876, 880, 884, 888, 892, 896, 900, 904, 908, 912, 916,
    920, 924, 928, 932, 936, 940, 944, 948, 952, 956, 960, 964, 968, 972, 976,
    980, 984, 988, 992, 996, 1000, 1004, 1008, 1012, 1016, 1020, 1024, 1028,
    1032, 1036, 1040, 1044, 1048, 1052, 1056, 1060, 1064, 1068, 1072, 1076,
    1080, 1084, 1088, 1092, 1096, 1100, 1104, 1108, 1112, 1116, 1120, 1124,
    1128, 1132, 1136, 1140, 1144, 1148, 1152, 1156, 1160, 1164, 1168, 1172,
    1176, 1180, 1184, 1188, 1192, 1196, 1200, 1204, 1208, 1212, 1216, 1220,
    1224, 1228, 1232, 1236, 1240, 1244, 1248, 1252, 1256, 1260, 1264, 1268,
    1272, 1276, 1280, 1284, 1288, 1292, 1296, 1300, 1304, 1308, 1312, 1316,
    1320, 1324, 1328, 1332, 1336, 1340, 1344, 1348, 1352, 1356, 1360, 1364,
    1368, 1372, 1376, 1380, 1384, 1388, 1392

Reassigned labels

Runtime: 1.89750337600708

Performance split_log:

IM without threshold:
Map:
{"O_0": "O", "O_1": "O"}
token_fitness
{"perc_fit_traces": 100.0, "average_trace_fitness": 1.0, "log_fitness": 1.0, "percentage_of_fitting_traces": 100.0}
precision
0.6478780748077817
0.6923076923076922
generalization
0.9573276775621496
token_fitness
{"perc_fit_traces": 100.0, "average_trace_fitness": 1.0, "log_fitness": 1.0, "percentage_of_fitting_traces": 100.0}
precision
0.6478780748077817
0.6923076923076922
generalization
0.9570002129884418

Adjusted Rand Index:
0.33285509325681506



Parameters of this run:

Window size: 1
Threshold for edges: 0.25
Split candidates: O
Max number of traces: 5000000
Method for distance calculation: Distance.EDIT_DISTANCE
Method for finding clusters: ClusteringMethod.COMMUNITY_DETECTION
Original log location: ./data/noImprInLoop_default_OD\feb16-1625\logs\I_1_LogD_Sequence_feb16-1625.xes.gz
Use frequency: True

Found communities: 

Clustering with 1396 elements and 2 clusters
[0] 1, 2, 3, 5, 6, 7, 9, 10, 11, 13, 14, 15, 17, 18, 19, 21, 22, 23, 25, 26,
    27, 29, 30, 31, 33, 34, 35, 37, 38, 39, 41, 42, 43, 45, 46, 47, 49, 50,
    51, 53, 54, 55, 57, 58, 59, 61, 62, 63, 65, 66, 67, 69, 70, 71, 73, 74,
    75, 77, 78, 79, 81, 82, 83, 85, 86, 87, 89, 90, 91, 93, 94, 95, 97, 98,
    99, 101, 102, 103, 105, 106, 107, 109, 110, 111, 113, 114, 115, 117, 118,
    119, 121, 122, 123, 125, 126, 127, 129, 130, 131, 133, 134, 135, 137, 138,
    139, 141, 142, 143, 145, 146, 147, 149, 150, 151, 153, 154, 155, 157, 158,
    159, 161, 162, 163, 165, 166, 167, 169, 170, 171, 173, 174, 175, 177, 178,
    179, 181, 182, 183, 185, 186, 187, 189, 190, 191, 193, 194, 195, 197, 198,
    199, 201, 202, 203, 205, 206, 207, 209, 210, 211, 213, 214, 215, 217, 218,
    219, 221, 222, 223, 225, 226, 227, 229, 230, 231, 233, 234, 235, 237, 238,
    239, 241, 242, 243, 245, 246, 247, 249, 250, 251, 253, 254, 255, 257, 258,
    259, 261, 262, 263, 265, 266, 267, 269, 270, 271, 273, 274, 275, 277, 278,
    279, 281, 282, 283, 285, 286, 287, 289, 290, 291, 293, 294, 295, 297, 298,
    299, 301, 302, 303, 305, 306, 307, 309, 310, 311, 313, 314, 315, 317, 318,
    319, 321, 322, 323, 325, 326, 327, 329, 330, 331, 333, 334, 335, 337, 338,
    339, 341, 342, 343, 345, 346, 347, 349, 350, 351, 353, 354, 355, 357, 358,
    359, 361, 362, 363, 365, 366, 367, 369, 370, 371, 373, 374, 375, 377, 378,
    379, 381, 382, 383, 385, 386, 387, 389, 390, 391, 393, 394, 395, 397, 398,
    399, 401, 402, 403, 405, 406, 407, 409, 410, 411, 413, 414, 415, 417, 418,
    419, 421, 422, 423, 425, 426, 427, 429, 430, 431, 433, 434, 435, 437, 438,
    439, 441, 442, 443, 445, 446, 447, 449, 450, 451, 453, 454, 455, 457, 458,
    459, 461, 462, 463, 465, 466, 467, 469, 470, 471, 473, 474, 475, 477, 478,
    479, 481, 482, 483, 485, 486, 487, 489, 490, 491, 493, 494, 495, 497, 498,
    499, 501, 502, 503, 505, 506, 507, 509, 510, 511, 513, 514, 515, 517, 518,
    519, 521, 522, 523, 525, 526, 527, 529, 530, 531, 533, 534, 535, 537, 538,
    539, 541, 542, 543, 545, 546, 547, 549, 550, 551, 553, 554, 555, 557, 558,
    559, 561, 562, 563, 565, 566, 567, 569, 570, 571, 573, 574, 575, 577, 578,
    579, 581, 582, 583, 585, 586, 587, 589, 590, 591, 593, 594, 595, 597, 598,
    599, 601, 602, 603, 605, 606, 607, 609, 610, 611, 613, 614, 615, 617, 618,
    619, 621, 622, 623, 625, 626, 627, 629, 630, 631, 633, 634, 635, 637, 638,
    639, 641, 642, 643, 645, 646, 647, 649, 650, 651, 653, 654, 655, 657, 658,
    659, 661, 662, 663, 665, 666, 667, 669, 670, 671, 673, 674, 675, 677, 678,
    679, 681, 682, 683, 685, 686, 687, 689, 690, 691, 693, 694, 695, 697, 698,
    699, 701, 702, 703, 705, 706, 707, 709, 710, 711, 713, 714, 715, 717, 718,
    719, 721, 722, 723, 725, 726, 727, 729, 730, 731, 733, 734, 735, 737, 738,
    739, 741, 742, 743, 745, 746, 747, 749, 750, 751, 753, 754, 755, 757, 758,
    759, 761, 762, 763, 765, 766, 767, 769, 770, 771, 773, 774, 775, 777, 778,
    779, 781, 782, 783, 785, 786, 787, 789, 790, 791, 793, 794, 795, 797, 798,
    799, 801, 802, 803, 805, 806, 807, 809, 810, 811, 813, 814, 815, 817, 818,
    819, 821, 822, 823, 825, 826, 827, 829, 830, 831, 833, 834, 835, 837, 838,
    839, 841, 842, 843, 845, 846, 847, 849, 850, 851, 853, 854, 855, 857, 858,
    859, 861, 862, 863, 865, 866, 867, 869, 870, 871, 873, 874, 875, 877, 878,
    879, 881, 882, 883, 885, 886, 887, 889, 890, 891, 893, 894, 895, 897, 898,
    899, 901, 902, 903, 905, 906, 907, 909, 910, 911, 913, 914, 915, 917, 918,
    919, 921, 922, 923, 925, 926, 927, 929, 930, 931, 933, 934, 935, 937, 938,
    939, 941, 942, 943, 945, 946, 947, 949, 950, 951, 953, 954, 955, 957, 958,
    959, 961, 962, 963, 965, 966, 967, 969, 970, 971, 973, 974, 975, 977, 978,
    979, 981, 982, 983, 985, 986, 987, 989, 990, 991, 993, 994, 995, 997, 998,
    999, 1001, 1002, 1003, 1005, 1006, 1007, 1009, 1010, 1011, 1013, 1014,
    1015, 1017, 1018, 1019, 1021, 1022, 1023, 1025, 1026, 1027, 1029, 1030,
    1031, 1033, 1034, 1035, 1037, 1038, 1039, 1041, 1042, 1043, 1045, 1046,
    1047, 1049, 1050, 1051, 1053, 1054, 1055, 1057, 1058, 1059, 1061, 1062,
    1063, 1065, 1066, 1067, 1069, 1070, 1071, 1073, 1074, 1075, 1077, 1078,
    1079, 1081, 1082, 1083, 1085, 1086, 1087, 1089, 1090, 1091, 1093, 1094,
    1095, 1097, 1098, 1099, 1101, 1102, 1103, 1105, 1106, 1107, 1109, 1110,
    1111, 1113, 1114, 1115, 1117, 1118, 1119, 1121, 1122, 1123, 1125, 1126,
    1127, 1129, 1130, 1131, 1133, 1134, 1135, 1137, 1138, 1139, 1141, 1142,
    1143, 1145, 1146, 1147, 1149, 1150, 1151, 1153, 1154, 1155, 1157, 1158,
    1159, 1161, 1162, 1163, 1165, 1166, 1167, 1169, 1170, 1171, 1173, 1174,
    1175, 1177, 1178, 1179, 1181, 1182, 1183, 1185, 1186, 1187, 1189, 1190,
    1191, 1193, 1194, 1195, 1197, 1198, 1199, 1201, 1202, 1203, 1205, 1206,
    1207, 1209, 1210, 1211, 1213, 1214, 1215, 1217, 1218, 1219, 1221, 1222,
    1223, 1225, 1226, 1227, 1229, 1230, 1231, 1233, 1234, 1235, 1237, 1238,
    1239, 1241, 1242, 1243, 1245, 1246, 1247, 1249, 1250, 1251, 1253, 1254,
    1255, 1257, 1258, 1259, 1261, 1262, 1263, 1265, 1266, 1267, 1269, 1270,
    1271, 1273, 1274, 1275, 1277, 1278, 1279, 1281, 1282, 1283, 1285, 1286,
    1287, 1289, 1290, 1291, 1293, 1294, 1295, 1297, 1298, 1299, 1301, 1302,
    1303, 1305, 1306, 1307, 1309, 1310, 1311, 1313, 1314, 1315, 1317, 1318,
    1319, 1321, 1322, 1323, 1325, 1326, 1327, 1329, 1330, 1331, 1333, 1334,
    1335, 1337, 1338, 1339, 1341, 1342, 1343, 1345, 1346, 1347, 1349, 1350,
    1351, 1353, 1354, 1355, 1357, 1358, 1359, 1361, 1362, 1363, 1365, 1366,
    1367, 1369, 1370, 1371, 1373, 1374, 1375, 1377, 1378, 1379, 1381, 1382,
    1383, 1385, 1386, 1387, 1389, 1390, 1391, 1393, 1394, 1395
[1] 0, 4, 8, 12, 16, 20, 24, 28, 32, 36, 40, 44, 48, 52, 56, 60, 64, 68, 72,
    76, 80, 84, 88, 92, 96, 100, 104, 108, 112, 116, 120, 124, 128, 132, 136,
    140, 144, 148, 152, 156, 160, 164, 168, 172, 176, 180, 184, 188, 192, 196,
    200, 204, 208, 212, 216, 220, 224, 228, 232, 236, 240, 244, 248, 252, 256,
    260, 264, 268, 272, 276, 280, 284, 288, 292, 296, 300, 304, 308, 312, 316,
    320, 324, 328, 332, 336, 340, 344, 348, 352, 356, 360, 364, 368, 372, 376,
    380, 384, 388, 392, 396, 400, 404, 408, 412, 416, 420, 424, 428, 432, 436,
    440, 444, 448, 452, 456, 460, 464, 468, 472, 476, 480, 484, 488, 492, 496,
    500, 504, 508, 512, 516, 520, 524, 528, 532, 536, 540, 544, 548, 552, 556,
    560, 564, 568, 572, 576, 580, 584, 588, 592, 596, 600, 604, 608, 612, 616,
    620, 624, 628, 632, 636, 640, 644, 648, 652, 656, 660, 664, 668, 672, 676,
    680, 684, 688, 692, 696, 700, 704, 708, 712, 716, 720, 724, 728, 732, 736,
    740, 744, 748, 752, 756, 760, 764, 768, 772, 776, 780, 784, 788, 792, 796,
    800, 804, 808, 812, 816, 820, 824, 828, 832, 836, 840, 844, 848, 852, 856,
    860, 864, 868, 872, 876, 880, 884, 888, 892, 896, 900, 904, 908, 912, 916,
    920, 924, 928, 932, 936, 940, 944, 948, 952, 956, 960, 964, 968, 972, 976,
    980, 984, 988, 992, 996, 1000, 1004, 1008, 1012, 1016, 1020, 1024, 1028,
    1032, 1036, 1040, 1044, 1048, 1052, 1056, 1060, 1064, 1068, 1072, 1076,
    1080, 1084, 1088, 1092, 1096, 1100, 1104, 1108, 1112, 1116, 1120, 1124,
    1128, 1132, 1136, 1140, 1144, 1148, 1152, 1156, 1160, 1164, 1168, 1172,
    1176, 1180, 1184, 1188, 1192, 1196, 1200, 1204, 1208, 1212, 1216, 1220,
    1224, 1228, 1232, 1236, 1240, 1244, 1248, 1252, 1256, 1260, 1264, 1268,
    1272, 1276, 1280, 1284, 1288, 1292, 1296, 1300, 1304, 1308, 1312, 1316,
    1320, 1324, 1328, 1332, 1336, 1340, 1344, 1348, 1352, 1356, 1360, 1364,
    1368, 1372, 1376, 1380, 1384, 1388, 1392

Reassigned labels

Runtime: 1.8346452713012695

Performance split_log:

IM without threshold:
Map:
{"O_0": "O", "O_1": "O"}
token_fitness
{"perc_fit_traces": 0.0, "average_trace_fitness": 0.9043423130272674, "log_fitness": 0.9086180179953057, "percentage_of_fitting_traces": 0.0}
precision
0.6379722620755619
0.6923076923076922
generalization
0.9083761887589514

Adjusted Rand Index:
0.33285509325681506



Parameters of this run:

Window size: 1
Threshold for edges: 0.5
Split candidates: O
Max number of traces: 5000000
Method for distance calculation: Distance.EDIT_DISTANCE
Method for finding clusters: ClusteringMethod.COMMUNITY_DETECTION
Original log location: ./data/noImprInLoop_default_OD\feb16-1625\logs\I_1_LogD_Sequence_feb16-1625.xes.gz
Use frequency: True

Found communities: 

Clustering with 1396 elements and 2 clusters
[0] 1, 2, 3, 5, 6, 7, 9, 10, 11, 13, 14, 15, 17, 18, 19, 21, 22, 23, 25, 26,
    27, 29, 30, 31, 33, 34, 35, 37, 38, 39, 41, 42, 43, 45, 46, 47, 49, 50,
    51, 53, 54, 55, 57, 58, 59, 61, 62, 63, 65, 66, 67, 69, 70, 71, 73, 74,
    75, 77, 78, 79, 81, 82, 83, 85, 86, 87, 89, 90, 91, 93, 94, 95, 97, 98,
    99, 101, 102, 103, 105, 106, 107, 109, 110, 111, 113, 114, 115, 117, 118,
    119, 121, 122, 123, 125, 126, 127, 129, 130, 131, 133, 134, 135, 137, 138,
    139, 141, 142, 143, 145, 146, 147, 149, 150, 151, 153, 154, 155, 157, 158,
    159, 161, 162, 163, 165, 166, 167, 169, 170, 171, 173, 174, 175, 177, 178,
    179, 181, 182, 183, 185, 186, 187, 189, 190, 191, 193, 194, 195, 197, 198,
    199, 201, 202, 203, 205, 206, 207, 209, 210, 211, 213, 214, 215, 217, 218,
    219, 221, 222, 223, 225, 226, 227, 229, 230, 231, 233, 234, 235, 237, 238,
    239, 241, 242, 243, 245, 246, 247, 249, 250, 251, 253, 254, 255, 257, 258,
    259, 261, 262, 263, 265, 266, 267, 269, 270, 271, 273, 274, 275, 277, 278,
    279, 281, 282, 283, 285, 286, 287, 289, 290, 291, 293, 294, 295, 297, 298,
    299, 301, 302, 303, 305, 306, 307, 309, 310, 311, 313, 314, 315, 317, 318,
    319, 321, 322, 323, 325, 326, 327, 329, 330, 331, 333, 334, 335, 337, 338,
    339, 341, 342, 343, 345, 346, 347, 349, 350, 351, 353, 354, 355, 357, 358,
    359, 361, 362, 363, 365, 366, 367, 369, 370, 371, 373, 374, 375, 377, 378,
    379, 381, 382, 383, 385, 386, 387, 389, 390, 391, 393, 394, 395, 397, 398,
    399, 401, 402, 403, 405, 406, 407, 409, 410, 411, 413, 414, 415, 417, 418,
    419, 421, 422, 423, 425, 426, 427, 429, 430, 431, 433, 434, 435, 437, 438,
    439, 441, 442, 443, 445, 446, 447, 449, 450, 451, 453, 454, 455, 457, 458,
    459, 461, 462, 463, 465, 466, 467, 469, 470, 471, 473, 474, 475, 477, 478,
    479, 481, 482, 483, 485, 486, 487, 489, 490, 491, 493, 494, 495, 497, 498,
    499, 501, 502, 503, 505, 506, 507, 509, 510, 511, 513, 514, 515, 517, 518,
    519, 521, 522, 523, 525, 526, 527, 529, 530, 531, 533, 534, 535, 537, 538,
    539, 541, 542, 543, 545, 546, 547, 549, 550, 551, 553, 554, 555, 557, 558,
    559, 561, 562, 563, 565, 566, 567, 569, 570, 571, 573, 574, 575, 577, 578,
    579, 581, 582, 583, 585, 586, 587, 589, 590, 591, 593, 594, 595, 597, 598,
    599, 601, 602, 603, 605, 606, 607, 609, 610, 611, 613, 614, 615, 617, 618,
    619, 621, 622, 623, 625, 626, 627, 629, 630, 631, 633, 634, 635, 637, 638,
    639, 641, 642, 643, 645, 646, 647, 649, 650, 651, 653, 654, 655, 657, 658,
    659, 661, 662, 663, 665, 666, 667, 669, 670, 671, 673, 674, 675, 677, 678,
    679, 681, 682, 683, 685, 686, 687, 689, 690, 691, 693, 694, 695, 697, 698,
    699, 701, 702, 703, 705, 706, 707, 709, 710, 711, 713, 714, 715, 717, 718,
    719, 721, 722, 723, 725, 726, 727, 729, 730, 731, 733, 734, 735, 737, 738,
    739, 741, 742, 743, 745, 746, 747, 749, 750, 751, 753, 754, 755, 757, 758,
    759, 761, 762, 763, 765, 766, 767, 769, 770, 771, 773, 774, 775, 777, 778,
    779, 781, 782, 783, 785, 786, 787, 789, 790, 791, 793, 794, 795, 797, 798,
    799, 801, 802, 803, 805, 806, 807, 809, 810, 811, 813, 814, 815, 817, 818,
    819, 821, 822, 823, 825, 826, 827, 829, 830, 831, 833, 834, 835, 837, 838,
    839, 841, 842, 843, 845, 846, 847, 849, 850, 851, 853, 854, 855, 857, 858,
    859, 861, 862, 863, 865, 866, 867, 869, 870, 871, 873, 874, 875, 877, 878,
    879, 881, 882, 883, 885, 886, 887, 889, 890, 891, 893, 894, 895, 897, 898,
    899, 901, 902, 903, 905, 906, 907, 909, 910, 911, 913, 914, 915, 917, 918,
    919, 921, 922, 923, 925, 926, 927, 929, 930, 931, 933, 934, 935, 937, 938,
    939, 941, 942, 943, 945, 946, 947, 949, 950, 951, 953, 954, 955, 957, 958,
    959, 961, 962, 963, 965, 966, 967, 969, 970, 971, 973, 974, 975, 977, 978,
    979, 981, 982, 983, 985, 986, 987, 989, 990, 991, 993, 994, 995, 997, 998,
    999, 1001, 1002, 1003, 1005, 1006, 1007, 1009, 1010, 1011, 1013, 1014,
    1015, 1017, 1018, 1019, 1021, 1022, 1023, 1025, 1026, 1027, 1029, 1030,
    1031, 1033, 1034, 1035, 1037, 1038, 1039, 1041, 1042, 1043, 1045, 1046,
    1047, 1049, 1050, 1051, 1053, 1054, 1055, 1057, 1058, 1059, 1061, 1062,
    1063, 1065, 1066, 1067, 1069, 1070, 1071, 1073, 1074, 1075, 1077, 1078,
    1079, 1081, 1082, 1083, 1085, 1086, 1087, 1089, 1090, 1091, 1093, 1094,
    1095, 1097, 1098, 1099, 1101, 1102, 1103, 1105, 1106, 1107, 1109, 1110,
    1111, 1113, 1114, 1115, 1117, 1118, 1119, 1121, 1122, 1123, 1125, 1126,
    1127, 1129, 1130, 1131, 1133, 1134, 1135, 1137, 1138, 1139, 1141, 1142,
    1143, 1145, 1146, 1147, 1149, 1150, 1151, 1153, 1154, 1155, 1157, 1158,
    1159, 1161, 1162, 1163, 1165, 1166, 1167, 1169, 1170, 1171, 1173, 1174,
    1175, 1177, 1178, 1179, 1181, 1182, 1183, 1185, 1186, 1187, 1189, 1190,
    1191, 1193, 1194, 1195, 1197, 1198, 1199, 1201, 1202, 1203, 1205, 1206,
    1207, 1209, 1210, 1211, 1213, 1214, 1215, 1217, 1218, 1219, 1221, 1222,
    1223, 1225, 1226, 1227, 1229, 1230, 1231, 1233, 1234, 1235, 1237, 1238,
    1239, 1241, 1242, 1243, 1245, 1246, 1247, 1249, 1250, 1251, 1253, 1254,
    1255, 1257, 1258, 1259, 1261, 1262, 1263, 1265, 1266, 1267, 1269, 1270,
    1271, 1273, 1274, 1275, 1277, 1278, 1279, 1281, 1282, 1283, 1285, 1286,
    1287, 1289, 1290, 1291, 1293, 1294, 1295, 1297, 1298, 1299, 1301, 1302,
    1303, 1305, 1306, 1307, 1309, 1310, 1311, 1313, 1314, 1315, 1317, 1318,
    1319, 1321, 1322, 1323, 1325, 1326, 1327, 1329, 1330, 1331, 1333, 1334,
    1335, 1337, 1338, 1339, 1341, 1342, 1343, 1345, 1346, 1347, 1349, 1350,
    1351, 1353, 1354, 1355, 1357, 1358, 1359, 1361, 1362, 1363, 1365, 1366,
    1367, 1369, 1370, 1371, 1373, 1374, 1375, 1377, 1378, 1379, 1381, 1382,
    1383, 1385, 1386, 1387, 1389, 1390, 1391, 1393, 1394, 1395
[1] 0, 4, 8, 12, 16, 20, 24, 28, 32, 36, 40, 44, 48, 52, 56, 60, 64, 68, 72,
    76, 80, 84, 88, 92, 96, 100, 104, 108, 112, 116, 120, 124, 128, 132, 136,
    140, 144, 148, 152, 156, 160, 164, 168, 172, 176, 180, 184, 188, 192, 196,
    200, 204, 208, 212, 216, 220, 224, 228, 232, 236, 240, 244, 248, 252, 256,
    260, 264, 268, 272, 276, 280, 284, 288, 292, 296, 300, 304, 308, 312, 316,
    320, 324, 328, 332, 336, 340, 344, 348, 352, 356, 360, 364, 368, 372, 376,
    380, 384, 388, 392, 396, 400, 404, 408, 412, 416, 420, 424, 428, 432, 436,
    440, 444, 448, 452, 456, 460, 464, 468, 472, 476, 480, 484, 488, 492, 496,
    500, 504, 508, 512, 516, 520, 524, 528, 532, 536, 540, 544, 548, 552, 556,
    560, 564, 568, 572, 576, 580, 584, 588, 592, 596, 600, 604, 608, 612, 616,
    620, 624, 628, 632, 636, 640, 644, 648, 652, 656, 660, 664, 668, 672, 676,
    680, 684, 688, 692, 696, 700, 704, 708, 712, 716, 720, 724, 728, 732, 736,
    740, 744, 748, 752, 756, 760, 764, 768, 772, 776, 780, 784, 788, 792, 796,
    800, 804, 808, 812, 816, 820, 824, 828, 832, 836, 840, 844, 848, 852, 856,
    860, 864, 868, 872, 876, 880, 884, 888, 892, 896, 900, 904, 908, 912, 916,
    920, 924, 928, 932, 936, 940, 944, 948, 952, 956, 960, 964, 968, 972, 976,
    980, 984, 988, 992, 996, 1000, 1004, 1008, 1012, 1016, 1020, 1024, 1028,
    1032, 1036, 1040, 1044, 1048, 1052, 1056, 1060, 1064, 1068, 1072, 1076,
    1080, 1084, 1088, 1092, 1096, 1100, 1104, 1108, 1112, 1116, 1120, 1124,
    1128, 1132, 1136, 1140, 1144, 1148, 1152, 1156, 1160, 1164, 1168, 1172,
    1176, 1180, 1184, 1188, 1192, 1196, 1200, 1204, 1208, 1212, 1216, 1220,
    1224, 1228, 1232, 1236, 1240, 1244, 1248, 1252, 1256, 1260, 1264, 1268,
    1272, 1276, 1280, 1284, 1288, 1292, 1296, 1300, 1304, 1308, 1312, 1316,
    1320, 1324, 1328, 1332, 1336, 1340, 1344, 1348, 1352, 1356, 1360, 1364,
    1368, 1372, 1376, 1380, 1384, 1388, 1392

Reassigned labels

Runtime: 1.8714139461517334

Performance split_log:

IM without threshold:
Map:
{"O_0": "O", "O_1": "O"}
token_fitness
{"perc_fit_traces": 0.0, "average_trace_fitness": 0.9043423130272674, "log_fitness": 0.9086180179953057, "percentage_of_fitting_traces": 0.0}
precision
0.6379722620755619
0.6923076923076922
generalization
0.9083761887589514

Adjusted Rand Index:
0.33285509325681506



Parameters of this run:

Window size: 1
Threshold for edges: 0.75
Split candidates: O
Max number of traces: 5000000
Method for distance calculation: Distance.EDIT_DISTANCE
Method for finding clusters: ClusteringMethod.COMMUNITY_DETECTION
Original log location: ./data/noImprInLoop_default_OD\feb16-1625\logs\I_1_LogD_Sequence_feb16-1625.xes.gz
Use frequency: True

Found communities: 

Clustering with 1396 elements and 3 clusters
[0] 1, 2, 3, 5, 6, 7, 9, 10, 11, 13, 14, 15, 17, 18, 19, 21, 22, 23, 25, 26,
    27, 29, 30, 31, 33, 34, 35, 37, 38, 39, 41, 42, 43, 45, 46, 47, 49, 50,
    51, 53, 54, 55, 57, 58, 59, 61, 62, 63, 65, 66, 67, 69, 70, 71, 73, 74,
    75, 77, 78, 79, 81, 82, 83, 85, 86, 87, 89, 90, 91, 93, 94, 95, 97, 98,
    99, 101, 102, 103, 105, 106, 107, 109, 110, 111, 113, 114, 115, 117, 118,
    119, 121, 122, 123, 125, 126, 127, 129, 130, 131, 133, 134, 135, 137, 138,
    139, 141, 142, 143, 145, 146, 147, 149, 150, 151, 153, 154, 155, 157, 158,
    159, 161, 162, 163, 165, 166, 167, 169, 170, 171, 173, 174, 175, 177, 178,
    179, 181, 182, 183, 185, 186, 187, 189, 190, 191, 193, 194, 195, 197, 198,
    199, 201, 202, 203, 205, 206, 207, 209, 210, 211, 213, 214, 215, 217, 218,
    219, 221, 222, 223, 225, 226, 227, 229, 230, 231, 233, 234, 235, 237, 238,
    239, 241, 242, 243, 245, 246, 247, 249, 250, 251, 253, 254, 255, 257, 258,
    259, 261, 262, 263, 265, 266, 267, 269, 270, 271, 273, 274, 275, 277, 278,
    279, 281, 282, 283, 285, 286, 287, 289, 290, 291, 293, 294, 295, 297, 298,
    299, 301, 302, 303, 305, 306, 307, 309, 310, 311, 313, 314, 315, 317, 318,
    319, 321, 322, 323, 325, 326, 327, 329, 330, 331, 333, 334, 335, 337, 338,
    339, 341, 342, 343, 345, 346, 347, 349, 350, 351, 353, 354, 355, 357, 358,
    359, 361, 362, 363, 365, 366, 367, 369, 370, 371, 373, 374, 375, 377, 378,
    379, 381, 382, 383, 385, 386, 387, 389, 390, 391, 393, 394, 395, 397, 398,
    399, 401, 402, 403, 405, 406, 407, 409, 410, 411, 413, 414, 415, 417, 418,
    419, 421, 422, 423, 425, 426, 427, 429, 430, 431, 433, 434, 435, 437, 438,
    439, 441, 442, 443, 445, 446, 447, 449, 450, 451, 453, 454, 455, 457, 458,
    459, 461, 462, 463, 465, 466, 467, 469, 470, 471, 473, 474, 475, 477, 478,
    479, 481, 482, 483, 485, 486, 487, 489, 490, 491, 493, 494, 495, 497, 498,
    499, 501, 502, 503, 505, 506, 507, 509, 510, 511, 513, 514, 515, 517, 518,
    519, 521, 522, 523, 525, 526, 527, 529, 530, 531, 533, 534, 535, 537, 538,
    539, 541, 542, 543, 545, 546, 547, 549, 550, 551, 553, 554, 555, 557, 558,
    559, 561, 562, 563, 565, 566, 567, 569, 570, 571, 573, 574, 575, 577, 578,
    579, 581, 582, 583, 585, 586, 587, 589, 590, 591, 593, 594, 595, 597, 598,
    599, 601, 602, 603, 605, 606, 607, 609, 610, 611, 613, 614, 615, 617, 618,
    619, 621, 622, 623, 625, 626, 627, 629, 630, 631, 633, 634, 635, 637, 638,
    639, 641, 642, 643, 645, 646, 647, 649, 650, 651, 653, 654, 655, 657, 658,
    659, 661, 662, 663, 665, 666, 667, 669, 670, 671, 673, 674, 675, 677, 678,
    679, 681, 682, 683, 685, 686, 687, 689, 690, 691, 693, 694, 695, 697, 698,
    699, 701, 702, 703, 705, 706, 707, 709, 710, 711, 713, 714, 715, 717, 718,
    719, 721, 722, 723, 725, 726, 727, 729, 730, 731, 733, 734, 735, 737, 738,
    739, 741, 742, 743, 745, 746, 747, 749, 750, 751, 753, 754, 755, 757, 758,
    759, 761, 762, 763, 765, 766, 767, 769, 770, 771, 773, 774, 775, 777, 778,
    779, 781, 782, 783, 785, 786, 787, 789, 790, 791, 793, 794, 795, 797, 798,
    799, 801, 802, 803, 805, 806, 807, 809, 810, 811, 813, 814, 815, 817, 818,
    819, 821, 822, 823, 825, 826, 827, 829, 830, 831, 833, 834, 835, 837, 838,
    839, 841, 842, 843, 845, 846, 847, 849, 850, 851, 853, 854, 855, 857, 858,
    859, 861, 862, 863, 865, 866, 867, 869, 870, 871, 873, 874, 875, 877, 878,
    879, 881, 882, 883, 885, 886, 887, 889, 890, 891, 893, 894, 895, 897, 898,
    899, 901, 902, 903, 905, 906, 907, 909, 910, 911, 913, 914, 915, 917, 918,
    919, 921, 922, 923, 925, 926, 927, 929, 930, 931, 933, 934, 935, 937, 938,
    939, 941, 942, 943, 945, 946, 947, 949, 950, 951, 953, 954, 955, 957, 958,
    959, 961, 962, 963, 965, 966, 967, 969, 970, 971, 973, 974, 975, 977, 978,
    979, 981, 982, 983, 985, 986, 987, 989, 990, 991, 993, 994, 995, 997, 998,
    999, 1001, 1002, 1003, 1005, 1006, 1007, 1009, 1010, 1011, 1013, 1014,
    1015, 1017, 1018, 1019, 1021, 1022, 1023, 1025, 1026, 1027, 1029, 1030,
    1031, 1033, 1034, 1035, 1037, 1038, 1039, 1041, 1042, 1043, 1045, 1046,
    1047, 1049, 1050, 1051, 1053, 1054, 1055, 1057, 1058, 1059, 1061, 1062,
    1063, 1065, 1066, 1067, 1069, 1070, 1071, 1073, 1074, 1075, 1077, 1078,
    1079, 1081, 1082, 1083, 1085, 1086, 1087, 1089, 1090, 1091, 1093, 1094,
    1095, 1097, 1098, 1099, 1101, 1102, 1103, 1105, 1106, 1107, 1109, 1110,
    1111, 1113, 1114, 1115, 1117, 1118, 1119, 1121, 1122, 1123, 1125, 1126,
    1127, 1129, 1130, 1131, 1133, 1134, 1135, 1137, 1138, 1139, 1141, 1142,
    1143, 1145, 1146, 1147, 1149, 1150, 1151, 1153, 1154, 1155, 1157, 1158,
    1159, 1161, 1162, 1163, 1165, 1166, 1167, 1169, 1170, 1171, 1173, 1174,
    1175, 1177, 1178, 1179, 1181, 1182, 1183, 1185, 1186, 1187, 1189, 1190,
    1191, 1193, 1194, 1195, 1197, 1198, 1199, 1201, 1202, 1203, 1205, 1206,
    1207, 1209, 1210, 1211, 1213, 1214, 1215, 1217, 1218, 1219, 1221, 1222,
    1223, 1225, 1226, 1227, 1229, 1230, 1231, 1233, 1234, 1235, 1237, 1238,
    1239, 1241, 1242, 1243, 1245, 1246, 1247, 1249, 1250, 1251, 1253, 1254,
    1255, 1257, 1258, 1259, 1261, 1262, 1263, 1265, 1266, 1267, 1269, 1270,
    1271, 1273, 1274, 1275, 1277, 1278, 1279, 1281, 1282, 1283, 1285, 1286,
    1287, 1289, 1290, 1291, 1293, 1294, 1295, 1297, 1298, 1299, 1301, 1302,
    1303, 1305, 1306, 1307, 1309, 1310, 1311, 1313, 1314, 1315, 1317, 1318,
    1319, 1321, 1322, 1323, 1325, 1326, 1327, 1329, 1330, 1331, 1333, 1334,
    1335, 1337, 1338, 1339, 1341, 1342, 1343, 1345, 1346, 1347, 1349, 1350,
    1351, 1353, 1354, 1355, 1357, 1358, 1359, 1361, 1362, 1363, 1365, 1366,
    1367, 1369, 1370, 1371, 1373, 1374, 1375, 1377, 1378, 1379, 1381, 1382,
    1383, 1385, 1386, 1387, 1389, 1390, 1391, 1393, 1394, 1395
[1] 8, 28, 32, 36, 44, 56, 60, 64, 72, 80, 84, 88, 96, 100, 104, 108, 112,
    116, 128, 132, 144, 156, 160, 172, 180, 184, 196, 204, 208, 212, 216, 224,
    228, 236, 240, 244, 248, 252, 260, 272, 276, 280, 284, 292, 296, 308, 316,
    324, 332, 336, 340, 344, 348, 352, 360, 364, 380, 384, 396, 412, 428, 432,
    436, 452, 476, 484, 488, 492, 504, 512, 516, 528, 536, 540, 548, 552, 564,
    568, 576, 580, 584, 588, 592, 596, 612, 616, 620, 636, 640, 644, 648, 660,
    664, 672, 676, 680, 692, 700, 704, 708, 712, 716, 720, 728, 736, 740, 744,
    748, 752, 756, 760, 764, 776, 780, 784, 788, 792, 796, 804, 808, 820, 824,
    832, 836, 840, 844, 848, 852, 860, 868, 872, 888, 892, 896, 900, 904, 908,
    928, 936, 944, 948, 956, 960, 968, 980, 984, 988, 992, 996, 1000, 1004,
    1008, 1020, 1024, 1032, 1036, 1040, 1044, 1048, 1052, 1060, 1064, 1072,
    1080, 1084, 1088, 1096, 1100, 1104, 1108, 1116, 1124, 1128, 1140, 1160,
    1172, 1176, 1188, 1196, 1208, 1212, 1216, 1224, 1228, 1236, 1240, 1244,
    1248, 1252, 1264, 1272, 1284, 1292, 1300, 1304, 1308, 1320, 1328, 1332,
    1340, 1344, 1356, 1360, 1364, 1372, 1380, 1384, 1388, 1392
[2] 0, 4, 12, 16, 20, 24, 40, 48, 52, 68, 76, 92, 120, 124, 136, 140, 148,
    152, 164, 168, 176, 188, 192, 200, 220, 232, 256, 264, 268, 288, 300, 304,
    312, 320, 328, 356, 368, 372, 376, 388, 392, 400, 404, 408, 416, 420, 424,
    440, 444, 448, 456, 460, 464, 468, 472, 480, 496, 500, 508, 520, 524, 532,
    544, 556, 560, 572, 600, 604, 608, 624, 628, 632, 652, 656, 668, 684, 688,
    696, 724, 732, 768, 772, 800, 812, 816, 828, 856, 864, 876, 880, 884, 912,
    916, 920, 924, 932, 940, 952, 964, 972, 976, 1012, 1016, 1028, 1056, 1068,
    1076, 1092, 1112, 1120, 1132, 1136, 1144, 1148, 1152, 1156, 1164, 1168,
    1180, 1184, 1192, 1200, 1204, 1220, 1232, 1256, 1260, 1268, 1276, 1280,
    1288, 1296, 1312, 1316, 1324, 1336, 1348, 1352, 1368, 1376

Reassigned labels

Runtime: 1.5874829292297363

Performance split_log:

IM without threshold:
Map:
{"O_0": "O", "O_1": "O", "O_2": "O"}
token_fitness
{"perc_fit_traces": 0.0, "average_trace_fitness": 0.9043423130272674, "log_fitness": 0.9086180179953057, "percentage_of_fitting_traces": 0.0}
precision
0.6379722620755619
0.6923076923076922
generalization
0.9083761887589514

Adjusted Rand Index:
0.33285509325681506



Parameters of this run:

Window size: 1
Threshold for edges: 1
Split candidates: O
Max number of traces: 5000000
Method for distance calculation: Distance.EDIT_DISTANCE
Method for finding clusters: ClusteringMethod.COMMUNITY_DETECTION
Original log location: ./data/noImprInLoop_default_OD\feb16-1625\logs\I_1_LogD_Sequence_feb16-1625.xes.gz
Use frequency: True

Found communities: 

Clustering with 1396 elements and 3 clusters
[0] 1, 2, 3, 5, 6, 7, 9, 10, 11, 13, 14, 15, 17, 18, 19, 21, 22, 23, 25, 26,
    27, 29, 30, 31, 33, 34, 35, 37, 38, 39, 41, 42, 43, 45, 46, 47, 49, 50,
    51, 53, 54, 55, 57, 58, 59, 61, 62, 63, 65, 66, 67, 69, 70, 71, 73, 74,
    75, 77, 78, 79, 81, 82, 83, 85, 86, 87, 89, 90, 91, 93, 94, 95, 97, 98,
    99, 101, 102, 103, 105, 106, 107, 109, 110, 111, 113, 114, 115, 117, 118,
    119, 121, 122, 123, 125, 126, 127, 129, 130, 131, 133, 134, 135, 137, 138,
    139, 141, 142, 143, 145, 146, 147, 149, 150, 151, 153, 154, 155, 157, 158,
    159, 161, 162, 163, 165, 166, 167, 169, 170, 171, 173, 174, 175, 177, 178,
    179, 181, 182, 183, 185, 186, 187, 189, 190, 191, 193, 194, 195, 197, 198,
    199, 201, 202, 203, 205, 206, 207, 209, 210, 211, 213, 214, 215, 217, 218,
    219, 221, 222, 223, 225, 226, 227, 229, 230, 231, 233, 234, 235, 237, 238,
    239, 241, 242, 243, 245, 246, 247, 249, 250, 251, 253, 254, 255, 257, 258,
    259, 261, 262, 263, 265, 266, 267, 269, 270, 271, 273, 274, 275, 277, 278,
    279, 281, 282, 283, 285, 286, 287, 289, 290, 291, 293, 294, 295, 297, 298,
    299, 301, 302, 303, 305, 306, 307, 309, 310, 311, 313, 314, 315, 317, 318,
    319, 321, 322, 323, 325, 326, 327, 329, 330, 331, 333, 334, 335, 337, 338,
    339, 341, 342, 343, 345, 346, 347, 349, 350, 351, 353, 354, 355, 357, 358,
    359, 361, 362, 363, 365, 366, 367, 369, 370, 371, 373, 374, 375, 377, 378,
    379, 381, 382, 383, 385, 386, 387, 389, 390, 391, 393, 394, 395, 397, 398,
    399, 401, 402, 403, 405, 406, 407, 409, 410, 411, 413, 414, 415, 417, 418,
    419, 421, 422, 423, 425, 426, 427, 429, 430, 431, 433, 434, 435, 437, 438,
    439, 441, 442, 443, 445, 446, 447, 449, 450, 451, 453, 454, 455, 457, 458,
    459, 461, 462, 463, 465, 466, 467, 469, 470, 471, 473, 474, 475, 477, 478,
    479, 481, 482, 483, 485, 486, 487, 489, 490, 491, 493, 494, 495, 497, 498,
    499, 501, 502, 503, 505, 506, 507, 509, 510, 511, 513, 514, 515, 517, 518,
    519, 521, 522, 523, 525, 526, 527, 529, 530, 531, 533, 534, 535, 537, 538,
    539, 541, 542, 543, 545, 546, 547, 549, 550, 551, 553, 554, 555, 557, 558,
    559, 561, 562, 563, 565, 566, 567, 569, 570, 571, 573, 574, 575, 577, 578,
    579, 581, 582, 583, 585, 586, 587, 589, 590, 591, 593, 594, 595, 597, 598,
    599, 601, 602, 603, 605, 606, 607, 609, 610, 611, 613, 614, 615, 617, 618,
    619, 621, 622, 623, 625, 626, 627, 629, 630, 631, 633, 634, 635, 637, 638,
    639, 641, 642, 643, 645, 646, 647, 649, 650, 651, 653, 654, 655, 657, 658,
    659, 661, 662, 663, 665, 666, 667, 669, 670, 671, 673, 674, 675, 677, 678,
    679, 681, 682, 683, 685, 686, 687, 689, 690, 691, 693, 694, 695, 697, 698,
    699, 701, 702, 703, 705, 706, 707, 709, 710, 711, 713, 714, 715, 717, 718,
    719, 721, 722, 723, 725, 726, 727, 729, 730, 731, 733, 734, 735, 737, 738,
    739, 741, 742, 743, 745, 746, 747, 749, 750, 751, 753, 754, 755, 757, 758,
    759, 761, 762, 763, 765, 766, 767, 769, 770, 771, 773, 774, 775, 777, 778,
    779, 781, 782, 783, 785, 786, 787, 789, 790, 791, 793, 794, 795, 797, 798,
    799, 801, 802, 803, 805, 806, 807, 809, 810, 811, 813, 814, 815, 817, 818,
    819, 821, 822, 823, 825, 826, 827, 829, 830, 831, 833, 834, 835, 837, 838,
    839, 841, 842, 843, 845, 846, 847, 849, 850, 851, 853, 854, 855, 857, 858,
    859, 861, 862, 863, 865, 866, 867, 869, 870, 871, 873, 874, 875, 877, 878,
    879, 881, 882, 883, 885, 886, 887, 889, 890, 891, 893, 894, 895, 897, 898,
    899, 901, 902, 903, 905, 906, 907, 909, 910, 911, 913, 914, 915, 917, 918,
    919, 921, 922, 923, 925, 926, 927, 929, 930, 931, 933, 934, 935, 937, 938,
    939, 941, 942, 943, 945, 946, 947, 949, 950, 951, 953, 954, 955, 957, 958,
    959, 961, 962, 963, 965, 966, 967, 969, 970, 971, 973, 974, 975, 977, 978,
    979, 981, 982, 983, 985, 986, 987, 989, 990, 991, 993, 994, 995, 997, 998,
    999, 1001, 1002, 1003, 1005, 1006, 1007, 1009, 1010, 1011, 1013, 1014,
    1015, 1017, 1018, 1019, 1021, 1022, 1023, 1025, 1026, 1027, 1029, 1030,
    1031, 1033, 1034, 1035, 1037, 1038, 1039, 1041, 1042, 1043, 1045, 1046,
    1047, 1049, 1050, 1051, 1053, 1054, 1055, 1057, 1058, 1059, 1061, 1062,
    1063, 1065, 1066, 1067, 1069, 1070, 1071, 1073, 1074, 1075, 1077, 1078,
    1079, 1081, 1082, 1083, 1085, 1086, 1087, 1089, 1090, 1091, 1093, 1094,
    1095, 1097, 1098, 1099, 1101, 1102, 1103, 1105, 1106, 1107, 1109, 1110,
    1111, 1113, 1114, 1115, 1117, 1118, 1119, 1121, 1122, 1123, 1125, 1126,
    1127, 1129, 1130, 1131, 1133, 1134, 1135, 1137, 1138, 1139, 1141, 1142,
    1143, 1145, 1146, 1147, 1149, 1150, 1151, 1153, 1154, 1155, 1157, 1158,
    1159, 1161, 1162, 1163, 1165, 1166, 1167, 1169, 1170, 1171, 1173, 1174,
    1175, 1177, 1178, 1179, 1181, 1182, 1183, 1185, 1186, 1187, 1189, 1190,
    1191, 1193, 1194, 1195, 1197, 1198, 1199, 1201, 1202, 1203, 1205, 1206,
    1207, 1209, 1210, 1211, 1213, 1214, 1215, 1217, 1218, 1219, 1221, 1222,
    1223, 1225, 1226, 1227, 1229, 1230, 1231, 1233, 1234, 1235, 1237, 1238,
    1239, 1241, 1242, 1243, 1245, 1246, 1247, 1249, 1250, 1251, 1253, 1254,
    1255, 1257, 1258, 1259, 1261, 1262, 1263, 1265, 1266, 1267, 1269, 1270,
    1271, 1273, 1274, 1275, 1277, 1278, 1279, 1281, 1282, 1283, 1285, 1286,
    1287, 1289, 1290, 1291, 1293, 1294, 1295, 1297, 1298, 1299, 1301, 1302,
    1303, 1305, 1306, 1307, 1309, 1310, 1311, 1313, 1314, 1315, 1317, 1318,
    1319, 1321, 1322, 1323, 1325, 1326, 1327, 1329, 1330, 1331, 1333, 1334,
    1335, 1337, 1338, 1339, 1341, 1342, 1343, 1345, 1346, 1347, 1349, 1350,
    1351, 1353, 1354, 1355, 1357, 1358, 1359, 1361, 1362, 1363, 1365, 1366,
    1367, 1369, 1370, 1371, 1373, 1374, 1375, 1377, 1378, 1379, 1381, 1382,
    1383, 1385, 1386, 1387, 1389, 1390, 1391, 1393, 1394, 1395
[1] 8, 28, 32, 36, 44, 56, 60, 64, 72, 80, 84, 88, 96, 100, 104, 108, 112,
    116, 128, 132, 144, 156, 160, 172, 180, 184, 196, 204, 208, 212, 216, 224,
    228, 236, 240, 244, 248, 252, 260, 272, 276, 280, 284, 292, 296, 308, 316,
    324, 332, 336, 340, 344, 348, 352, 360, 364, 380, 384, 396, 412, 428, 432,
    436, 452, 476, 484, 488, 492, 504, 512, 516, 528, 536, 540, 548, 552, 564,
    568, 576, 580, 584, 588, 592, 596, 612, 616, 620, 636, 640, 644, 648, 660,
    664, 672, 676, 680, 692, 700, 704, 708, 712, 716, 720, 728, 736, 740, 744,
    748, 752, 756, 760, 764, 776, 780, 784, 788, 792, 796, 804, 808, 820, 824,
    832, 836, 840, 844, 848, 852, 860, 868, 872, 888, 892, 896, 900, 904, 908,
    928, 936, 944, 948, 956, 960, 968, 980, 984, 988, 992, 996, 1000, 1004,
    1008, 1020, 1024, 1032, 1036, 1040, 1044, 1048, 1052, 1060, 1064, 1072,
    1080, 1084, 1088, 1096, 1100, 1104, 1108, 1116, 1124, 1128, 1140, 1160,
    1172, 1176, 1188, 1196, 1208, 1212, 1216, 1224, 1228, 1236, 1240, 1244,
    1248, 1252, 1264, 1272, 1284, 1292, 1300, 1304, 1308, 1320, 1328, 1332,
    1340, 1344, 1356, 1360, 1364, 1372, 1380, 1384, 1388, 1392
[2] 0, 4, 12, 16, 20, 24, 40, 48, 52, 68, 76, 92, 120, 124, 136, 140, 148,
    152, 164, 168, 176, 188, 192, 200, 220, 232, 256, 264, 268, 288, 300, 304,
    312, 320, 328, 356, 368, 372, 376, 388, 392, 400, 404, 408, 416, 420, 424,
    440, 444, 448, 456, 460, 464, 468, 472, 480, 496, 500, 508, 520, 524, 532,
    544, 556, 560, 572, 600, 604, 608, 624, 628, 632, 652, 656, 668, 684, 688,
    696, 724, 732, 768, 772, 800, 812, 816, 828, 856, 864, 876, 880, 884, 912,
    916, 920, 924, 932, 940, 952, 964, 972, 976, 1012, 1016, 1028, 1056, 1068,
    1076, 1092, 1112, 1120, 1132, 1136, 1144, 1148, 1152, 1156, 1164, 1168,
    1180, 1184, 1192, 1200, 1204, 1220, 1232, 1256, 1260, 1268, 1276, 1280,
    1288, 1296, 1312, 1316, 1324, 1336, 1348, 1352, 1368, 1376

Reassigned labels

Runtime: 1.6272547245025635

Performance split_log:

IM without threshold:
Map:
{"O_0": "O", "O_1": "O", "O_2": "O"}
token_fitness
{"perc_fit_traces": 0.0, "average_trace_fitness": 0.9043423130272674, "log_fitness": 0.9086180179953057, "percentage_of_fitting_traces": 0.0}
precision
0.6379722620755619
0.6923076923076922
generalization
0.9083761887589514

Adjusted Rand Index:
0.33285509325681506



Parameters of this run:

Window size: 1
Threshold for edges: 0
Split candidates: O
Max number of traces: 5000000
Method for distance calculation: Distance.SET_DISTANCE
Method for finding clusters: ClusteringMethod.COMMUNITY_DETECTION
Original log location: ./data/noImprInLoop_default_OD\feb16-1625\logs\I_1_LogD_Sequence_feb16-1625.xes.gz
Use frequency: True

Found communities: 

Clustering with 1396 elements and 2 clusters
[0] 1, 2, 3, 5, 6, 7, 9, 10, 11, 13, 14, 15, 17, 18, 19, 21, 22, 23, 25, 26,
    27, 29, 30, 31, 33, 34, 35, 37, 38, 39, 41, 42, 43, 45, 46, 47, 49, 50,
    51, 53, 54, 55, 57, 58, 59, 61, 62, 63, 65, 66, 67, 69, 70, 71, 73, 74,
    75, 77, 78, 79, 81, 82, 83, 85, 86, 87, 89, 90, 91, 93, 94, 95, 97, 98,
    99, 101, 102, 103, 105, 106, 107, 109, 110, 111, 113, 114, 115, 117, 118,
    119, 121, 122, 123, 125, 126, 127, 129, 130, 131, 133, 134, 135, 137, 138,
    139, 141, 142, 143, 145, 146, 147, 149, 150, 151, 153, 154, 155, 157, 158,
    159, 161, 162, 163, 165, 166, 167, 169, 170, 171, 173, 174, 175, 177, 178,
    179, 181, 182, 183, 185, 186, 187, 189, 190, 191, 193, 194, 195, 197, 198,
    199, 201, 202, 203, 205, 206, 207, 209, 210, 211, 213, 214, 215, 217, 218,
    219, 221, 222, 223, 225, 226, 227, 229, 230, 231, 233, 234, 235, 237, 238,
    239, 241, 242, 243, 245, 246, 247, 249, 250, 251, 253, 254, 255, 257, 258,
    259, 261, 262, 263, 265, 266, 267, 269, 270, 271, 273, 274, 275, 277, 278,
    279, 281, 282, 283, 285, 286, 287, 289, 290, 291, 293, 294, 295, 297, 298,
    299, 301, 302, 303, 305, 306, 307, 309, 310, 311, 313, 314, 315, 317, 318,
    319, 321, 322, 323, 325, 326, 327, 329, 330, 331, 333, 334, 335, 337, 338,
    339, 341, 342, 343, 345, 346, 347, 349, 350, 351, 353, 354, 355, 357, 358,
    359, 361, 362, 363, 365, 366, 367, 369, 370, 371, 373, 374, 375, 377, 378,
    379, 381, 382, 383, 385, 386, 387, 389, 390, 391, 393, 394, 395, 397, 398,
    399, 401, 402, 403, 405, 406, 407, 409, 410, 411, 413, 414, 415, 417, 418,
    419, 421, 422, 423, 425, 426, 427, 429, 430, 431, 433, 434, 435, 437, 438,
    439, 441, 442, 443, 445, 446, 447, 449, 450, 451, 453, 454, 455, 457, 458,
    459, 461, 462, 463, 465, 466, 467, 469, 470, 471, 473, 474, 475, 477, 478,
    479, 481, 482, 483, 485, 486, 487, 489, 490, 491, 493, 494, 495, 497, 498,
    499, 501, 502, 503, 505, 506, 507, 509, 510, 511, 513, 514, 515, 517, 518,
    519, 521, 522, 523, 525, 526, 527, 529, 530, 531, 533, 534, 535, 537, 538,
    539, 541, 542, 543, 545, 546, 547, 549, 550, 551, 553, 554, 555, 557, 558,
    559, 561, 562, 563, 565, 566, 567, 569, 570, 571, 573, 574, 575, 577, 578,
    579, 581, 582, 583, 585, 586, 587, 589, 590, 591, 593, 594, 595, 597, 598,
    599, 601, 602, 603, 605, 606, 607, 609, 610, 611, 613, 614, 615, 617, 618,
    619, 621, 622, 623, 625, 626, 627, 629, 630, 631, 633, 634, 635, 637, 638,
    639, 641, 642, 643, 645, 646, 647, 649, 650, 651, 653, 654, 655, 657, 658,
    659, 661, 662, 663, 665, 666, 667, 669, 670, 671, 673, 674, 675, 677, 678,
    679, 681, 682, 683, 685, 686, 687, 689, 690, 691, 693, 694, 695, 697, 698,
    699, 701, 702, 703, 705, 706, 707, 709, 710, 711, 713, 714, 715, 717, 718,
    719, 721, 722, 723, 725, 726, 727, 729, 730, 731, 733, 734, 735, 737, 738,
    739, 741, 742, 743, 745, 746, 747, 749, 750, 751, 753, 754, 755, 757, 758,
    759, 761, 762, 763, 765, 766, 767, 769, 770, 771, 773, 774, 775, 777, 778,
    779, 781, 782, 783, 785, 786, 787, 789, 790, 791, 793, 794, 795, 797, 798,
    799, 801, 802, 803, 805, 806, 807, 809, 810, 811, 813, 814, 815, 817, 818,
    819, 821, 822, 823, 825, 826, 827, 829, 830, 831, 833, 834, 835, 837, 838,
    839, 841, 842, 843, 845, 846, 847, 849, 850, 851, 853, 854, 855, 857, 858,
    859, 861, 862, 863, 865, 866, 867, 869, 870, 871, 873, 874, 875, 877, 878,
    879, 881, 882, 883, 885, 886, 887, 889, 890, 891, 893, 894, 895, 897, 898,
    899, 901, 902, 903, 905, 906, 907, 909, 910, 911, 913, 914, 915, 917, 918,
    919, 921, 922, 923, 925, 926, 927, 929, 930, 931, 933, 934, 935, 937, 938,
    939, 941, 942, 943, 945, 946, 947, 949, 950, 951, 953, 954, 955, 957, 958,
    959, 961, 962, 963, 965, 966, 967, 969, 970, 971, 973, 974, 975, 977, 978,
    979, 981, 982, 983, 985, 986, 987, 989, 990, 991, 993, 994, 995, 997, 998,
    999, 1001, 1002, 1003, 1005, 1006, 1007, 1009, 1010, 1011, 1013, 1014,
    1015, 1017, 1018, 1019, 1021, 1022, 1023, 1025, 1026, 1027, 1029, 1030,
    1031, 1033, 1034, 1035, 1037, 1038, 1039, 1041, 1042, 1043, 1045, 1046,
    1047, 1049, 1050, 1051, 1053, 1054, 1055, 1057, 1058, 1059, 1061, 1062,
    1063, 1065, 1066, 1067, 1069, 1070, 1071, 1073, 1074, 1075, 1077, 1078,
    1079, 1081, 1082, 1083, 1085, 1086, 1087, 1089, 1090, 1091, 1093, 1094,
    1095, 1097, 1098, 1099, 1101, 1102, 1103, 1105, 1106, 1107, 1109, 1110,
    1111, 1113, 1114, 1115, 1117, 1118, 1119, 1121, 1122, 1123, 1125, 1126,
    1127, 1129, 1130, 1131, 1133, 1134, 1135, 1137, 1138, 1139, 1141, 1142,
    1143, 1145, 1146, 1147, 1149, 1150, 1151, 1153, 1154, 1155, 1157, 1158,
    1159, 1161, 1162, 1163, 1165, 1166, 1167, 1169, 1170, 1171, 1173, 1174,
    1175, 1177, 1178, 1179, 1181, 1182, 1183, 1185, 1186, 1187, 1189, 1190,
    1191, 1193, 1194, 1195, 1197, 1198, 1199, 1201, 1202, 1203, 1205, 1206,
    1207, 1209, 1210, 1211, 1213, 1214, 1215, 1217, 1218, 1219, 1221, 1222,
    1223, 1225, 1226, 1227, 1229, 1230, 1231, 1233, 1234, 1235, 1237, 1238,
    1239, 1241, 1242, 1243, 1245, 1246, 1247, 1249, 1250, 1251, 1253, 1254,
    1255, 1257, 1258, 1259, 1261, 1262, 1263, 1265, 1266, 1267, 1269, 1270,
    1271, 1273, 1274, 1275, 1277, 1278, 1279, 1281, 1282, 1283, 1285, 1286,
    1287, 1289, 1290, 1291, 1293, 1294, 1295, 1297, 1298, 1299, 1301, 1302,
    1303, 1305, 1306, 1307, 1309, 1310, 1311, 1313, 1314, 1315, 1317, 1318,
    1319, 1321, 1322, 1323, 1325, 1326, 1327, 1329, 1330, 1331, 1333, 1334,
    1335, 1337, 1338, 1339, 1341, 1342, 1343, 1345, 1346, 1347, 1349, 1350,
    1351, 1353, 1354, 1355, 1357, 1358, 1359, 1361, 1362, 1363, 1365, 1366,
    1367, 1369, 1370, 1371, 1373, 1374, 1375, 1377, 1378, 1379, 1381, 1382,
    1383, 1385, 1386, 1387, 1389, 1390, 1391, 1393, 1394, 1395
[1] 0, 4, 8, 12, 16, 20, 24, 28, 32, 36, 40, 44, 48, 52, 56, 60, 64, 68, 72,
    76, 80, 84, 88, 92, 96, 100, 104, 108, 112, 116, 120, 124, 128, 132, 136,
    140, 144, 148, 152, 156, 160, 164, 168, 172, 176, 180, 184, 188, 192, 196,
    200, 204, 208, 212, 216, 220, 224, 228, 232, 236, 240, 244, 248, 252, 256,
    260, 264, 268, 272, 276, 280, 284, 288, 292, 296, 300, 304, 308, 312, 316,
    320, 324, 328, 332, 336, 340, 344, 348, 352, 356, 360, 364, 368, 372, 376,
    380, 384, 388, 392, 396, 400, 404, 408, 412, 416, 420, 424, 428, 432, 436,
    440, 444, 448, 452, 456, 460, 464, 468, 472, 476, 480, 484, 488, 492, 496,
    500, 504, 508, 512, 516, 520, 524, 528, 532, 536, 540, 544, 548, 552, 556,
    560, 564, 568, 572, 576, 580, 584, 588, 592, 596, 600, 604, 608, 612, 616,
    620, 624, 628, 632, 636, 640, 644, 648, 652, 656, 660, 664, 668, 672, 676,
    680, 684, 688, 692, 696, 700, 704, 708, 712, 716, 720, 724, 728, 732, 736,
    740, 744, 748, 752, 756, 760, 764, 768, 772, 776, 780, 784, 788, 792, 796,
    800, 804, 808, 812, 816, 820, 824, 828, 832, 836, 840, 844, 848, 852, 856,
    860, 864, 868, 872, 876, 880, 884, 888, 892, 896, 900, 904, 908, 912, 916,
    920, 924, 928, 932, 936, 940, 944, 948, 952, 956, 960, 964, 968, 972, 976,
    980, 984, 988, 992, 996, 1000, 1004, 1008, 1012, 1016, 1020, 1024, 1028,
    1032, 1036, 1040, 1044, 1048, 1052, 1056, 1060, 1064, 1068, 1072, 1076,
    1080, 1084, 1088, 1092, 1096, 1100, 1104, 1108, 1112, 1116, 1120, 1124,
    1128, 1132, 1136, 1140, 1144, 1148, 1152, 1156, 1160, 1164, 1168, 1172,
    1176, 1180, 1184, 1188, 1192, 1196, 1200, 1204, 1208, 1212, 1216, 1220,
    1224, 1228, 1232, 1236, 1240, 1244, 1248, 1252, 1256, 1260, 1264, 1268,
    1272, 1276, 1280, 1284, 1288, 1292, 1296, 1300, 1304, 1308, 1312, 1316,
    1320, 1324, 1328, 1332, 1336, 1340, 1344, 1348, 1352, 1356, 1360, 1364,
    1368, 1372, 1376, 1380, 1384, 1388, 1392

Reassigned labels

Runtime: 1.9950752258300781

Performance split_log:

IM without threshold:
Map:
{"O_0": "O", "O_1": "O"}
token_fitness
{"perc_fit_traces": 100.0, "average_trace_fitness": 1.0, "log_fitness": 1.0, "percentage_of_fitting_traces": 100.0}
precision
0.6478780748077817
0.6923076923076922
generalization
0.9570002129884418

Adjusted Rand Index:
0.33285509325681506



Parameters of this run:

Window size: 1
Threshold for edges: 0.25
Split candidates: O
Max number of traces: 5000000
Method for distance calculation: Distance.SET_DISTANCE
Method for finding clusters: ClusteringMethod.COMMUNITY_DETECTION
Original log location: ./data/noImprInLoop_default_OD\feb16-1625\logs\I_1_LogD_Sequence_feb16-1625.xes.gz
Use frequency: True

Found communities: 

Clustering with 1396 elements and 2 clusters
[0] 1, 2, 3, 5, 6, 7, 9, 10, 11, 13, 14, 15, 17, 18, 19, 21, 22, 23, 25, 26,
    27, 29, 30, 31, 33, 34, 35, 37, 38, 39, 41, 42, 43, 45, 46, 47, 49, 50,
    51, 53, 54, 55, 57, 58, 59, 61, 62, 63, 65, 66, 67, 69, 70, 71, 73, 74,
    75, 77, 78, 79, 81, 82, 83, 85, 86, 87, 89, 90, 91, 93, 94, 95, 97, 98,
    99, 101, 102, 103, 105, 106, 107, 109, 110, 111, 113, 114, 115, 117, 118,
    119, 121, 122, 123, 125, 126, 127, 129, 130, 131, 133, 134, 135, 137, 138,
    139, 141, 142, 143, 145, 146, 147, 149, 150, 151, 153, 154, 155, 157, 158,
    159, 161, 162, 163, 165, 166, 167, 169, 170, 171, 173, 174, 175, 177, 178,
    179, 181, 182, 183, 185, 186, 187, 189, 190, 191, 193, 194, 195, 197, 198,
    199, 201, 202, 203, 205, 206, 207, 209, 210, 211, 213, 214, 215, 217, 218,
    219, 221, 222, 223, 225, 226, 227, 229, 230, 231, 233, 234, 235, 237, 238,
    239, 241, 242, 243, 245, 246, 247, 249, 250, 251, 253, 254, 255, 257, 258,
    259, 261, 262, 263, 265, 266, 267, 269, 270, 271, 273, 274, 275, 277, 278,
    279, 281, 282, 283, 285, 286, 287, 289, 290, 291, 293, 294, 295, 297, 298,
    299, 301, 302, 303, 305, 306, 307, 309, 310, 311, 313, 314, 315, 317, 318,
    319, 321, 322, 323, 325, 326, 327, 329, 330, 331, 333, 334, 335, 337, 338,
    339, 341, 342, 343, 345, 346, 347, 349, 350, 351, 353, 354, 355, 357, 358,
    359, 361, 362, 363, 365, 366, 367, 369, 370, 371, 373, 374, 375, 377, 378,
    379, 381, 382, 383, 385, 386, 387, 389, 390, 391, 393, 394, 395, 397, 398,
    399, 401, 402, 403, 405, 406, 407, 409, 410, 411, 413, 414, 415, 417, 418,
    419, 421, 422, 423, 425, 426, 427, 429, 430, 431, 433, 434, 435, 437, 438,
    439, 441, 442, 443, 445, 446, 447, 449, 450, 451, 453, 454, 455, 457, 458,
    459, 461, 462, 463, 465, 466, 467, 469, 470, 471, 473, 474, 475, 477, 478,
    479, 481, 482, 483, 485, 486, 487, 489, 490, 491, 493, 494, 495, 497, 498,
    499, 501, 502, 503, 505, 506, 507, 509, 510, 511, 513, 514, 515, 517, 518,
    519, 521, 522, 523, 525, 526, 527, 529, 530, 531, 533, 534, 535, 537, 538,
    539, 541, 542, 543, 545, 546, 547, 549, 550, 551, 553, 554, 555, 557, 558,
    559, 561, 562, 563, 565, 566, 567, 569, 570, 571, 573, 574, 575, 577, 578,
    579, 581, 582, 583, 585, 586, 587, 589, 590, 591, 593, 594, 595, 597, 598,
    599, 601, 602, 603, 605, 606, 607, 609, 610, 611, 613, 614, 615, 617, 618,
    619, 621, 622, 623, 625, 626, 627, 629, 630, 631, 633, 634, 635, 637, 638,
    639, 641, 642, 643, 645, 646, 647, 649, 650, 651, 653, 654, 655, 657, 658,
    659, 661, 662, 663, 665, 666, 667, 669, 670, 671, 673, 674, 675, 677, 678,
    679, 681, 682, 683, 685, 686, 687, 689, 690, 691, 693, 694, 695, 697, 698,
    699, 701, 702, 703, 705, 706, 707, 709, 710, 711, 713, 714, 715, 717, 718,
    719, 721, 722, 723, 725, 726, 727, 729, 730, 731, 733, 734, 735, 737, 738,
    739, 741, 742, 743, 745, 746, 747, 749, 750, 751, 753, 754, 755, 757, 758,
    759, 761, 762, 763, 765, 766, 767, 769, 770, 771, 773, 774, 775, 777, 778,
    779, 781, 782, 783, 785, 786, 787, 789, 790, 791, 793, 794, 795, 797, 798,
    799, 801, 802, 803, 805, 806, 807, 809, 810, 811, 813, 814, 815, 817, 818,
    819, 821, 822, 823, 825, 826, 827, 829, 830, 831, 833, 834, 835, 837, 838,
    839, 841, 842, 843, 845, 846, 847, 849, 850, 851, 853, 854, 855, 857, 858,
    859, 861, 862, 863, 865, 866, 867, 869, 870, 871, 873, 874, 875, 877, 878,
    879, 881, 882, 883, 885, 886, 887, 889, 890, 891, 893, 894, 895, 897, 898,
    899, 901, 902, 903, 905, 906, 907, 909, 910, 911, 913, 914, 915, 917, 918,
    919, 921, 922, 923, 925, 926, 927, 929, 930, 931, 933, 934, 935, 937, 938,
    939, 941, 942, 943, 945, 946, 947, 949, 950, 951, 953, 954, 955, 957, 958,
    959, 961, 962, 963, 965, 966, 967, 969, 970, 971, 973, 974, 975, 977, 978,
    979, 981, 982, 983, 985, 986, 987, 989, 990, 991, 993, 994, 995, 997, 998,
    999, 1001, 1002, 1003, 1005, 1006, 1007, 1009, 1010, 1011, 1013, 1014,
    1015, 1017, 1018, 1019, 1021, 1022, 1023, 1025, 1026, 1027, 1029, 1030,
    1031, 1033, 1034, 1035, 1037, 1038, 1039, 1041, 1042, 1043, 1045, 1046,
    1047, 1049, 1050, 1051, 1053, 1054, 1055, 1057, 1058, 1059, 1061, 1062,
    1063, 1065, 1066, 1067, 1069, 1070, 1071, 1073, 1074, 1075, 1077, 1078,
    1079, 1081, 1082, 1083, 1085, 1086, 1087, 1089, 1090, 1091, 1093, 1094,
    1095, 1097, 1098, 1099, 1101, 1102, 1103, 1105, 1106, 1107, 1109, 1110,
    1111, 1113, 1114, 1115, 1117, 1118, 1119, 1121, 1122, 1123, 1125, 1126,
    1127, 1129, 1130, 1131, 1133, 1134, 1135, 1137, 1138, 1139, 1141, 1142,
    1143, 1145, 1146, 1147, 1149, 1150, 1151, 1153, 1154, 1155, 1157, 1158,
    1159, 1161, 1162, 1163, 1165, 1166, 1167, 1169, 1170, 1171, 1173, 1174,
    1175, 1177, 1178, 1179, 1181, 1182, 1183, 1185, 1186, 1187, 1189, 1190,
    1191, 1193, 1194, 1195, 1197, 1198, 1199, 1201, 1202, 1203, 1205, 1206,
    1207, 1209, 1210, 1211, 1213, 1214, 1215, 1217, 1218, 1219, 1221, 1222,
    1223, 1225, 1226, 1227, 1229, 1230, 1231, 1233, 1234, 1235, 1237, 1238,
    1239, 1241, 1242, 1243, 1245, 1246, 1247, 1249, 1250, 1251, 1253, 1254,
    1255, 1257, 1258, 1259, 1261, 1262, 1263, 1265, 1266, 1267, 1269, 1270,
    1271, 1273, 1274, 1275, 1277, 1278, 1279, 1281, 1282, 1283, 1285, 1286,
    1287, 1289, 1290, 1291, 1293, 1294, 1295, 1297, 1298, 1299, 1301, 1302,
    1303, 1305, 1306, 1307, 1309, 1310, 1311, 1313, 1314, 1315, 1317, 1318,
    1319, 1321, 1322, 1323, 1325, 1326, 1327, 1329, 1330, 1331, 1333, 1334,
    1335, 1337, 1338, 1339, 1341, 1342, 1343, 1345, 1346, 1347, 1349, 1350,
    1351, 1353, 1354, 1355, 1357, 1358, 1359, 1361, 1362, 1363, 1365, 1366,
    1367, 1369, 1370, 1371, 1373, 1374, 1375, 1377, 1378, 1379, 1381, 1382,
    1383, 1385, 1386, 1387, 1389, 1390, 1391, 1393, 1394, 1395
[1] 0, 4, 8, 12, 16, 20, 24, 28, 32, 36, 40, 44, 48, 52, 56, 60, 64, 68, 72,
    76, 80, 84, 88, 92, 96, 100, 104, 108, 112, 116, 120, 124, 128, 132, 136,
    140, 144, 148, 152, 156, 160, 164, 168, 172, 176, 180, 184, 188, 192, 196,
    200, 204, 208, 212, 216, 220, 224, 228, 232, 236, 240, 244, 248, 252, 256,
    260, 264, 268, 272, 276, 280, 284, 288, 292, 296, 300, 304, 308, 312, 316,
    320, 324, 328, 332, 336, 340, 344, 348, 352, 356, 360, 364, 368, 372, 376,
    380, 384, 388, 392, 396, 400, 404, 408, 412, 416, 420, 424, 428, 432, 436,
    440, 444, 448, 452, 456, 460, 464, 468, 472, 476, 480, 484, 488, 492, 496,
    500, 504, 508, 512, 516, 520, 524, 528, 532, 536, 540, 544, 548, 552, 556,
    560, 564, 568, 572, 576, 580, 584, 588, 592, 596, 600, 604, 608, 612, 616,
    620, 624, 628, 632, 636, 640, 644, 648, 652, 656, 660, 664, 668, 672, 676,
    680, 684, 688, 692, 696, 700, 704, 708, 712, 716, 720, 724, 728, 732, 736,
    740, 744, 748, 752, 756, 760, 764, 768, 772, 776, 780, 784, 788, 792, 796,
    800, 804, 808, 812, 816, 820, 824, 828, 832, 836, 840, 844, 848, 852, 856,
    860, 864, 868, 872, 876, 880, 884, 888, 892, 896, 900, 904, 908, 912, 916,
    920, 924, 928, 932, 936, 940, 944, 948, 952, 956, 960, 964, 968, 972, 976,
    980, 984, 988, 992, 996, 1000, 1004, 1008, 1012, 1016, 1020, 1024, 1028,
    1032, 1036, 1040, 1044, 1048, 1052, 1056, 1060, 1064, 1068, 1072, 1076,
    1080, 1084, 1088, 1092, 1096, 1100, 1104, 1108, 1112, 1116, 1120, 1124,
    1128, 1132, 1136, 1140, 1144, 1148, 1152, 1156, 1160, 1164, 1168, 1172,
    1176, 1180, 1184, 1188, 1192, 1196, 1200, 1204, 1208, 1212, 1216, 1220,
    1224, 1228, 1232, 1236, 1240, 1244, 1248, 1252, 1256, 1260, 1264, 1268,
    1272, 1276, 1280, 1284, 1288, 1292, 1296, 1300, 1304, 1308, 1312, 1316,
    1320, 1324, 1328, 1332, 1336, 1340, 1344, 1348, 1352, 1356, 1360, 1364,
    1368, 1372, 1376, 1380, 1384, 1388, 1392

Reassigned labels

Runtime: 1.8452188968658447

Performance split_log:

IM without threshold:
Map:
{"O_0": "O", "O_1": "O"}
token_fitness
{"perc_fit_traces": 100.0, "average_trace_fitness": 1.0, "log_fitness": 1.0, "percentage_of_fitting_traces": 100.0}
precision
0.6478780748077817
0.6923076923076922
generalization
0.9570002129884418

Adjusted Rand Index:
0.33285509325681506



Parameters of this run:

Window size: 1
Threshold for edges: 0.5
Split candidates: O
Max number of traces: 5000000
Method for distance calculation: Distance.SET_DISTANCE
Method for finding clusters: ClusteringMethod.COMMUNITY_DETECTION
Original log location: ./data/noImprInLoop_default_OD\feb16-1625\logs\I_1_LogD_Sequence_feb16-1625.xes.gz
Use frequency: True

Found communities: 

Clustering with 1396 elements and 2 clusters
[0] 1, 2, 3, 5, 6, 7, 9, 10, 11, 13, 14, 15, 17, 18, 19, 21, 22, 23, 25, 26,
    27, 29, 30, 31, 33, 34, 35, 37, 38, 39, 41, 42, 43, 45, 46, 47, 49, 50,
    51, 53, 54, 55, 57, 58, 59, 61, 62, 63, 65, 66, 67, 69, 70, 71, 73, 74,
    75, 77, 78, 79, 81, 82, 83, 85, 86, 87, 89, 90, 91, 93, 94, 95, 97, 98,
    99, 101, 102, 103, 105, 106, 107, 109, 110, 111, 113, 114, 115, 117, 118,
    119, 121, 122, 123, 125, 126, 127, 129, 130, 131, 133, 134, 135, 137, 138,
    139, 141, 142, 143, 145, 146, 147, 149, 150, 151, 153, 154, 155, 157, 158,
    159, 161, 162, 163, 165, 166, 167, 169, 170, 171, 173, 174, 175, 177, 178,
    179, 181, 182, 183, 185, 186, 187, 189, 190, 191, 193, 194, 195, 197, 198,
    199, 201, 202, 203, 205, 206, 207, 209, 210, 211, 213, 214, 215, 217, 218,
    219, 221, 222, 223, 225, 226, 227, 229, 230, 231, 233, 234, 235, 237, 238,
    239, 241, 242, 243, 245, 246, 247, 249, 250, 251, 253, 254, 255, 257, 258,
    259, 261, 262, 263, 265, 266, 267, 269, 270, 271, 273, 274, 275, 277, 278,
    279, 281, 282, 283, 285, 286, 287, 289, 290, 291, 293, 294, 295, 297, 298,
    299, 301, 302, 303, 305, 306, 307, 309, 310, 311, 313, 314, 315, 317, 318,
    319, 321, 322, 323, 325, 326, 327, 329, 330, 331, 333, 334, 335, 337, 338,
    339, 341, 342, 343, 345, 346, 347, 349, 350, 351, 353, 354, 355, 357, 358,
    359, 361, 362, 363, 365, 366, 367, 369, 370, 371, 373, 374, 375, 377, 378,
    379, 381, 382, 383, 385, 386, 387, 389, 390, 391, 393, 394, 395, 397, 398,
    399, 401, 402, 403, 405, 406, 407, 409, 410, 411, 413, 414, 415, 417, 418,
    419, 421, 422, 423, 425, 426, 427, 429, 430, 431, 433, 434, 435, 437, 438,
    439, 441, 442, 443, 445, 446, 447, 449, 450, 451, 453, 454, 455, 457, 458,
    459, 461, 462, 463, 465, 466, 467, 469, 470, 471, 473, 474, 475, 477, 478,
    479, 481, 482, 483, 485, 486, 487, 489, 490, 491, 493, 494, 495, 497, 498,
    499, 501, 502, 503, 505, 506, 507, 509, 510, 511, 513, 514, 515, 517, 518,
    519, 521, 522, 523, 525, 526, 527, 529, 530, 531, 533, 534, 535, 537, 538,
    539, 541, 542, 543, 545, 546, 547, 549, 550, 551, 553, 554, 555, 557, 558,
    559, 561, 562, 563, 565, 566, 567, 569, 570, 571, 573, 574, 575, 577, 578,
    579, 581, 582, 583, 585, 586, 587, 589, 590, 591, 593, 594, 595, 597, 598,
    599, 601, 602, 603, 605, 606, 607, 609, 610, 611, 613, 614, 615, 617, 618,
    619, 621, 622, 623, 625, 626, 627, 629, 630, 631, 633, 634, 635, 637, 638,
    639, 641, 642, 643, 645, 646, 647, 649, 650, 651, 653, 654, 655, 657, 658,
    659, 661, 662, 663, 665, 666, 667, 669, 670, 671, 673, 674, 675, 677, 678,
    679, 681, 682, 683, 685, 686, 687, 689, 690, 691, 693, 694, 695, 697, 698,
    699, 701, 702, 703, 705, 706, 707, 709, 710, 711, 713, 714, 715, 717, 718,
    719, 721, 722, 723, 725, 726, 727, 729, 730, 731, 733, 734, 735, 737, 738,
    739, 741, 742, 743, 745, 746, 747, 749, 750, 751, 753, 754, 755, 757, 758,
    759, 761, 762, 763, 765, 766, 767, 769, 770, 771, 773, 774, 775, 777, 778,
    779, 781, 782, 783, 785, 786, 787, 789, 790, 791, 793, 794, 795, 797, 798,
    799, 801, 802, 803, 805, 806, 807, 809, 810, 811, 813, 814, 815, 817, 818,
    819, 821, 822, 823, 825, 826, 827, 829, 830, 831, 833, 834, 835, 837, 838,
    839, 841, 842, 843, 845, 846, 847, 849, 850, 851, 853, 854, 855, 857, 858,
    859, 861, 862, 863, 865, 866, 867, 869, 870, 871, 873, 874, 875, 877, 878,
    879, 881, 882, 883, 885, 886, 887, 889, 890, 891, 893, 894, 895, 897, 898,
    899, 901, 902, 903, 905, 906, 907, 909, 910, 911, 913, 914, 915, 917, 918,
    919, 921, 922, 923, 925, 926, 927, 929, 930, 931, 933, 934, 935, 937, 938,
    939, 941, 942, 943, 945, 946, 947, 949, 950, 951, 953, 954, 955, 957, 958,
    959, 961, 962, 963, 965, 966, 967, 969, 970, 971, 973, 974, 975, 977, 978,
    979, 981, 982, 983, 985, 986, 987, 989, 990, 991, 993, 994, 995, 997, 998,
    999, 1001, 1002, 1003, 1005, 1006, 1007, 1009, 1010, 1011, 1013, 1014,
    1015, 1017, 1018, 1019, 1021, 1022, 1023, 1025, 1026, 1027, 1029, 1030,
    1031, 1033, 1034, 1035, 1037, 1038, 1039, 1041, 1042, 1043, 1045, 1046,
    1047, 1049, 1050, 1051, 1053, 1054, 1055, 1057, 1058, 1059, 1061, 1062,
    1063, 1065, 1066, 1067, 1069, 1070, 1071, 1073, 1074, 1075, 1077, 1078,
    1079, 1081, 1082, 1083, 1085, 1086, 1087, 1089, 1090, 1091, 1093, 1094,
    1095, 1097, 1098, 1099, 1101, 1102, 1103, 1105, 1106, 1107, 1109, 1110,
    1111, 1113, 1114, 1115, 1117, 1118, 1119, 1121, 1122, 1123, 1125, 1126,
    1127, 1129, 1130, 1131, 1133, 1134, 1135, 1137, 1138, 1139, 1141, 1142,
    1143, 1145, 1146, 1147, 1149, 1150, 1151, 1153, 1154, 1155, 1157, 1158,
    1159, 1161, 1162, 1163, 1165, 1166, 1167, 1169, 1170, 1171, 1173, 1174,
    1175, 1177, 1178, 1179, 1181, 1182, 1183, 1185, 1186, 1187, 1189, 1190,
    1191, 1193, 1194, 1195, 1197, 1198, 1199, 1201, 1202, 1203, 1205, 1206,
    1207, 1209, 1210, 1211, 1213, 1214, 1215, 1217, 1218, 1219, 1221, 1222,
    1223, 1225, 1226, 1227, 1229, 1230, 1231, 1233, 1234, 1235, 1237, 1238,
    1239, 1241, 1242, 1243, 1245, 1246, 1247, 1249, 1250, 1251, 1253, 1254,
    1255, 1257, 1258, 1259, 1261, 1262, 1263, 1265, 1266, 1267, 1269, 1270,
    1271, 1273, 1274, 1275, 1277, 1278, 1279, 1281, 1282, 1283, 1285, 1286,
    1287, 1289, 1290, 1291, 1293, 1294, 1295, 1297, 1298, 1299, 1301, 1302,
    1303, 1305, 1306, 1307, 1309, 1310, 1311, 1313, 1314, 1315, 1317, 1318,
    1319, 1321, 1322, 1323, 1325, 1326, 1327, 1329, 1330, 1331, 1333, 1334,
    1335, 1337, 1338, 1339, 1341, 1342, 1343, 1345, 1346, 1347, 1349, 1350,
    1351, 1353, 1354, 1355, 1357, 1358, 1359, 1361, 1362, 1363, 1365, 1366,
    1367, 1369, 1370, 1371, 1373, 1374, 1375, 1377, 1378, 1379, 1381, 1382,
    1383, 1385, 1386, 1387, 1389, 1390, 1391, 1393, 1394, 1395
[1] 0, 4, 8, 12, 16, 20, 24, 28, 32, 36, 40, 44, 48, 52, 56, 60, 64, 68, 72,
    76, 80, 84, 88, 92, 96, 100, 104, 108, 112, 116, 120, 124, 128, 132, 136,
    140, 144, 148, 152, 156, 160, 164, 168, 172, 176, 180, 184, 188, 192, 196,
    200, 204, 208, 212, 216, 220, 224, 228, 232, 236, 240, 244, 248, 252, 256,
    260, 264, 268, 272, 276, 280, 284, 288, 292, 296, 300, 304, 308, 312, 316,
    320, 324, 328, 332, 336, 340, 344, 348, 352, 356, 360, 364, 368, 372, 376,
    380, 384, 388, 392, 396, 400, 404, 408, 412, 416, 420, 424, 428, 432, 436,
    440, 444, 448, 452, 456, 460, 464, 468, 472, 476, 480, 484, 488, 492, 496,
    500, 504, 508, 512, 516, 520, 524, 528, 532, 536, 540, 544, 548, 552, 556,
    560, 564, 568, 572, 576, 580, 584, 588, 592, 596, 600, 604, 608, 612, 616,
    620, 624, 628, 632, 636, 640, 644, 648, 652, 656, 660, 664, 668, 672, 676,
    680, 684, 688, 692, 696, 700, 704, 708, 712, 716, 720, 724, 728, 732, 736,
    740, 744, 748, 752, 756, 760, 764, 768, 772, 776, 780, 784, 788, 792, 796,
    800, 804, 808, 812, 816, 820, 824, 828, 832, 836, 840, 844, 848, 852, 856,
    860, 864, 868, 872, 876, 880, 884, 888, 892, 896, 900, 904, 908, 912, 916,
    920, 924, 928, 932, 936, 940, 944, 948, 952, 956, 960, 964, 968, 972, 976,
    980, 984, 988, 992, 996, 1000, 1004, 1008, 1012, 1016, 1020, 1024, 1028,
    1032, 1036, 1040, 1044, 1048, 1052, 1056, 1060, 1064, 1068, 1072, 1076,
    1080, 1084, 1088, 1092, 1096, 1100, 1104, 1108, 1112, 1116, 1120, 1124,
    1128, 1132, 1136, 1140, 1144, 1148, 1152, 1156, 1160, 1164, 1168, 1172,
    1176, 1180, 1184, 1188, 1192, 1196, 1200, 1204, 1208, 1212, 1216, 1220,
    1224, 1228, 1232, 1236, 1240, 1244, 1248, 1252, 1256, 1260, 1264, 1268,
    1272, 1276, 1280, 1284, 1288, 1292, 1296, 1300, 1304, 1308, 1312, 1316,
    1320, 1324, 1328, 1332, 1336, 1340, 1344, 1348, 1352, 1356, 1360, 1364,
    1368, 1372, 1376, 1380, 1384, 1388, 1392

Reassigned labels

Runtime: 1.8864562511444092

Performance split_log:

IM without threshold:
Map:
{"O_0": "O", "O_1": "O"}
token_fitness
{"perc_fit_traces": 0.0, "average_trace_fitness": 0.9043423130272674, "log_fitness": 0.9086180179953057, "percentage_of_fitting_traces": 0.0}
precision
0.6379722620755619
0.6923076923076922
generalization
0.9083761887589514

Adjusted Rand Index:
0.33285509325681506



Parameters of this run:

Window size: 1
Threshold for edges: 0.75
Split candidates: O
Max number of traces: 5000000
Method for distance calculation: Distance.SET_DISTANCE
Method for finding clusters: ClusteringMethod.COMMUNITY_DETECTION
Original log location: ./data/noImprInLoop_default_OD\feb16-1625\logs\I_1_LogD_Sequence_feb16-1625.xes.gz
Use frequency: True

Found communities: 

Clustering with 1396 elements and 3 clusters
[0] 1, 2, 3, 5, 6, 7, 9, 10, 11, 13, 14, 15, 17, 18, 19, 21, 22, 23, 25, 26,
    27, 29, 30, 31, 33, 34, 35, 37, 38, 39, 41, 42, 43, 45, 46, 47, 49, 50,
    51, 53, 54, 55, 57, 58, 59, 61, 62, 63, 65, 66, 67, 69, 70, 71, 73, 74,
    75, 77, 78, 79, 81, 82, 83, 85, 86, 87, 89, 90, 91, 93, 94, 95, 97, 98,
    99, 101, 102, 103, 105, 106, 107, 109, 110, 111, 113, 114, 115, 117, 118,
    119, 121, 122, 123, 125, 126, 127, 129, 130, 131, 133, 134, 135, 137, 138,
    139, 141, 142, 143, 145, 146, 147, 149, 150, 151, 153, 154, 155, 157, 158,
    159, 161, 162, 163, 165, 166, 167, 169, 170, 171, 173, 174, 175, 177, 178,
    179, 181, 182, 183, 185, 186, 187, 189, 190, 191, 193, 194, 195, 197, 198,
    199, 201, 202, 203, 205, 206, 207, 209, 210, 211, 213, 214, 215, 217, 218,
    219, 221, 222, 223, 225, 226, 227, 229, 230, 231, 233, 234, 235, 237, 238,
    239, 241, 242, 243, 245, 246, 247, 249, 250, 251, 253, 254, 255, 257, 258,
    259, 261, 262, 263, 265, 266, 267, 269, 270, 271, 273, 274, 275, 277, 278,
    279, 281, 282, 283, 285, 286, 287, 289, 290, 291, 293, 294, 295, 297, 298,
    299, 301, 302, 303, 305, 306, 307, 309, 310, 311, 313, 314, 315, 317, 318,
    319, 321, 322, 323, 325, 326, 327, 329, 330, 331, 333, 334, 335, 337, 338,
    339, 341, 342, 343, 345, 346, 347, 349, 350, 351, 353, 354, 355, 357, 358,
    359, 361, 362, 363, 365, 366, 367, 369, 370, 371, 373, 374, 375, 377, 378,
    379, 381, 382, 383, 385, 386, 387, 389, 390, 391, 393, 394, 395, 397, 398,
    399, 401, 402, 403, 405, 406, 407, 409, 410, 411, 413, 414, 415, 417, 418,
    419, 421, 422, 423, 425, 426, 427, 429, 430, 431, 433, 434, 435, 437, 438,
    439, 441, 442, 443, 445, 446, 447, 449, 450, 451, 453, 454, 455, 457, 458,
    459, 461, 462, 463, 465, 466, 467, 469, 470, 471, 473, 474, 475, 477, 478,
    479, 481, 482, 483, 485, 486, 487, 489, 490, 491, 493, 494, 495, 497, 498,
    499, 501, 502, 503, 505, 506, 507, 509, 510, 511, 513, 514, 515, 517, 518,
    519, 521, 522, 523, 525, 526, 527, 529, 530, 531, 533, 534, 535, 537, 538,
    539, 541, 542, 543, 545, 546, 547, 549, 550, 551, 553, 554, 555, 557, 558,
    559, 561, 562, 563, 565, 566, 567, 569, 570, 571, 573, 574, 575, 577, 578,
    579, 581, 582, 583, 585, 586, 587, 589, 590, 591, 593, 594, 595, 597, 598,
    599, 601, 602, 603, 605, 606, 607, 609, 610, 611, 613, 614, 615, 617, 618,
    619, 621, 622, 623, 625, 626, 627, 629, 630, 631, 633, 634, 635, 637, 638,
    639, 641, 642, 643, 645, 646, 647, 649, 650, 651, 653, 654, 655, 657, 658,
    659, 661, 662, 663, 665, 666, 667, 669, 670, 671, 673, 674, 675, 677, 678,
    679, 681, 682, 683, 685, 686, 687, 689, 690, 691, 693, 694, 695, 697, 698,
    699, 701, 702, 703, 705, 706, 707, 709, 710, 711, 713, 714, 715, 717, 718,
    719, 721, 722, 723, 725, 726, 727, 729, 730, 731, 733, 734, 735, 737, 738,
    739, 741, 742, 743, 745, 746, 747, 749, 750, 751, 753, 754, 755, 757, 758,
    759, 761, 762, 763, 765, 766, 767, 769, 770, 771, 773, 774, 775, 777, 778,
    779, 781, 782, 783, 785, 786, 787, 789, 790, 791, 793, 794, 795, 797, 798,
    799, 801, 802, 803, 805, 806, 807, 809, 810, 811, 813, 814, 815, 817, 818,
    819, 821, 822, 823, 825, 826, 827, 829, 830, 831, 833, 834, 835, 837, 838,
    839, 841, 842, 843, 845, 846, 847, 849, 850, 851, 853, 854, 855, 857, 858,
    859, 861, 862, 863, 865, 866, 867, 869, 870, 871, 873, 874, 875, 877, 878,
    879, 881, 882, 883, 885, 886, 887, 889, 890, 891, 893, 894, 895, 897, 898,
    899, 901, 902, 903, 905, 906, 907, 909, 910, 911, 913, 914, 915, 917, 918,
    919, 921, 922, 923, 925, 926, 927, 929, 930, 931, 933, 934, 935, 937, 938,
    939, 941, 942, 943, 945, 946, 947, 949, 950, 951, 953, 954, 955, 957, 958,
    959, 961, 962, 963, 965, 966, 967, 969, 970, 971, 973, 974, 975, 977, 978,
    979, 981, 982, 983, 985, 986, 987, 989, 990, 991, 993, 994, 995, 997, 998,
    999, 1001, 1002, 1003, 1005, 1006, 1007, 1009, 1010, 1011, 1013, 1014,
    1015, 1017, 1018, 1019, 1021, 1022, 1023, 1025, 1026, 1027, 1029, 1030,
    1031, 1033, 1034, 1035, 1037, 1038, 1039, 1041, 1042, 1043, 1045, 1046,
    1047, 1049, 1050, 1051, 1053, 1054, 1055, 1057, 1058, 1059, 1061, 1062,
    1063, 1065, 1066, 1067, 1069, 1070, 1071, 1073, 1074, 1075, 1077, 1078,
    1079, 1081, 1082, 1083, 1085, 1086, 1087, 1089, 1090, 1091, 1093, 1094,
    1095, 1097, 1098, 1099, 1101, 1102, 1103, 1105, 1106, 1107, 1109, 1110,
    1111, 1113, 1114, 1115, 1117, 1118, 1119, 1121, 1122, 1123, 1125, 1126,
    1127, 1129, 1130, 1131, 1133, 1134, 1135, 1137, 1138, 1139, 1141, 1142,
    1143, 1145, 1146, 1147, 1149, 1150, 1151, 1153, 1154, 1155, 1157, 1158,
    1159, 1161, 1162, 1163, 1165, 1166, 1167, 1169, 1170, 1171, 1173, 1174,
    1175, 1177, 1178, 1179, 1181, 1182, 1183, 1185, 1186, 1187, 1189, 1190,
    1191, 1193, 1194, 1195, 1197, 1198, 1199, 1201, 1202, 1203, 1205, 1206,
    1207, 1209, 1210, 1211, 1213, 1214, 1215, 1217, 1218, 1219, 1221, 1222,
    1223, 1225, 1226, 1227, 1229, 1230, 1231, 1233, 1234, 1235, 1237, 1238,
    1239, 1241, 1242, 1243, 1245, 1246, 1247, 1249, 1250, 1251, 1253, 1254,
    1255, 1257, 1258, 1259, 1261, 1262, 1263, 1265, 1266, 1267, 1269, 1270,
    1271, 1273, 1274, 1275, 1277, 1278, 1279, 1281, 1282, 1283, 1285, 1286,
    1287, 1289, 1290, 1291, 1293, 1294, 1295, 1297, 1298, 1299, 1301, 1302,
    1303, 1305, 1306, 1307, 1309, 1310, 1311, 1313, 1314, 1315, 1317, 1318,
    1319, 1321, 1322, 1323, 1325, 1326, 1327, 1329, 1330, 1331, 1333, 1334,
    1335, 1337, 1338, 1339, 1341, 1342, 1343, 1345, 1346, 1347, 1349, 1350,
    1351, 1353, 1354, 1355, 1357, 1358, 1359, 1361, 1362, 1363, 1365, 1366,
    1367, 1369, 1370, 1371, 1373, 1374, 1375, 1377, 1378, 1379, 1381, 1382,
    1383, 1385, 1386, 1387, 1389, 1390, 1391, 1393, 1394, 1395
[1] 8, 28, 32, 36, 44, 56, 60, 64, 72, 80, 84, 88, 96, 100, 104, 108, 112,
    116, 128, 132, 144, 156, 160, 172, 180, 184, 196, 204, 208, 212, 216, 224,
    228, 236, 240, 244, 248, 252, 260, 272, 276, 280, 284, 292, 296, 308, 316,
    324, 332, 336, 340, 344, 348, 352, 360, 364, 380, 384, 396, 412, 428, 432,
    436, 452, 476, 484, 488, 492, 504, 512, 516, 528, 536, 540, 548, 552, 564,
    568, 576, 580, 584, 588, 592, 596, 612, 616, 620, 636, 640, 644, 648, 660,
    664, 672, 676, 680, 692, 700, 704, 708, 712, 716, 720, 728, 736, 740, 744,
    748, 752, 756, 760, 764, 776, 780, 784, 788, 792, 796, 804, 808, 820, 824,
    832, 836, 840, 844, 848, 852, 860, 868, 872, 888, 892, 896, 900, 904, 908,
    928, 936, 944, 948, 956, 960, 968, 980, 984, 988, 992, 996, 1000, 1004,
    1008, 1020, 1024, 1032, 1036, 1040, 1044, 1048, 1052, 1060, 1064, 1072,
    1080, 1084, 1088, 1096, 1100, 1104, 1108, 1116, 1124, 1128, 1140, 1160,
    1172, 1176, 1188, 1196, 1208, 1212, 1216, 1224, 1228, 1236, 1240, 1244,
    1248, 1252, 1264, 1272, 1284, 1292, 1300, 1304, 1308, 1320, 1328, 1332,
    1340, 1344, 1356, 1360, 1364, 1372, 1380, 1384, 1388, 1392
[2] 0, 4, 12, 16, 20, 24, 40, 48, 52, 68, 76, 92, 120, 124, 136, 140, 148,
    152, 164, 168, 176, 188, 192, 200, 220, 232, 256, 264, 268, 288, 300, 304,
    312, 320, 328, 356, 368, 372, 376, 388, 392, 400, 404, 408, 416, 420, 424,
    440, 444, 448, 456, 460, 464, 468, 472, 480, 496, 500, 508, 520, 524, 532,
    544, 556, 560, 572, 600, 604, 608, 624, 628, 632, 652, 656, 668, 684, 688,
    696, 724, 732, 768, 772, 800, 812, 816, 828, 856, 864, 876, 880, 884, 912,
    916, 920, 924, 932, 940, 952, 964, 972, 976, 1012, 1016, 1028, 1056, 1068,
    1076, 1092, 1112, 1120, 1132, 1136, 1144, 1148, 1152, 1156, 1164, 1168,
    1180, 1184, 1192, 1200, 1204, 1220, 1232, 1256, 1260, 1268, 1276, 1280,
    1288, 1296, 1312, 1316, 1324, 1336, 1348, 1352, 1368, 1376

Reassigned labels

Runtime: 1.5610711574554443

Performance split_log:

IM without threshold:
Map:
{"O_0": "O", "O_1": "O", "O_2": "O"}
token_fitness
{"perc_fit_traces": 0.0, "average_trace_fitness": 0.9043423130272674, "log_fitness": 0.9086180179953057, "percentage_of_fitting_traces": 0.0}
precision
0.6379722620755619
0.6923076923076922
generalization
0.9083761887589514

Adjusted Rand Index:
0.33285509325681506



Parameters of this run:

Window size: 1
Threshold for edges: 1
Split candidates: O
Max number of traces: 5000000
Method for distance calculation: Distance.SET_DISTANCE
Method for finding clusters: ClusteringMethod.COMMUNITY_DETECTION
Original log location: ./data/noImprInLoop_default_OD\feb16-1625\logs\I_1_LogD_Sequence_feb16-1625.xes.gz
Use frequency: True

Found communities: 

Clustering with 1396 elements and 3 clusters
[0] 1, 2, 3, 5, 6, 7, 9, 10, 11, 13, 14, 15, 17, 18, 19, 21, 22, 23, 25, 26,
    27, 29, 30, 31, 33, 34, 35, 37, 38, 39, 41, 42, 43, 45, 46, 47, 49, 50,
    51, 53, 54, 55, 57, 58, 59, 61, 62, 63, 65, 66, 67, 69, 70, 71, 73, 74,
    75, 77, 78, 79, 81, 82, 83, 85, 86, 87, 89, 90, 91, 93, 94, 95, 97, 98,
    99, 101, 102, 103, 105, 106, 107, 109, 110, 111, 113, 114, 115, 117, 118,
    119, 121, 122, 123, 125, 126, 127, 129, 130, 131, 133, 134, 135, 137, 138,
    139, 141, 142, 143, 145, 146, 147, 149, 150, 151, 153, 154, 155, 157, 158,
    159, 161, 162, 163, 165, 166, 167, 169, 170, 171, 173, 174, 175, 177, 178,
    179, 181, 182, 183, 185, 186, 187, 189, 190, 191, 193, 194, 195, 197, 198,
    199, 201, 202, 203, 205, 206, 207, 209, 210, 211, 213, 214, 215, 217, 218,
    219, 221, 222, 223, 225, 226, 227, 229, 230, 231, 233, 234, 235, 237, 238,
    239, 241, 242, 243, 245, 246, 247, 249, 250, 251, 253, 254, 255, 257, 258,
    259, 261, 262, 263, 265, 266, 267, 269, 270, 271, 273, 274, 275, 277, 278,
    279, 281, 282, 283, 285, 286, 287, 289, 290, 291, 293, 294, 295, 297, 298,
    299, 301, 302, 303, 305, 306, 307, 309, 310, 311, 313, 314, 315, 317, 318,
    319, 321, 322, 323, 325, 326, 327, 329, 330, 331, 333, 334, 335, 337, 338,
    339, 341, 342, 343, 345, 346, 347, 349, 350, 351, 353, 354, 355, 357, 358,
    359, 361, 362, 363, 365, 366, 367, 369, 370, 371, 373, 374, 375, 377, 378,
    379, 381, 382, 383, 385, 386, 387, 389, 390, 391, 393, 394, 395, 397, 398,
    399, 401, 402, 403, 405, 406, 407, 409, 410, 411, 413, 414, 415, 417, 418,
    419, 421, 422, 423, 425, 426, 427, 429, 430, 431, 433, 434, 435, 437, 438,
    439, 441, 442, 443, 445, 446, 447, 449, 450, 451, 453, 454, 455, 457, 458,
    459, 461, 462, 463, 465, 466, 467, 469, 470, 471, 473, 474, 475, 477, 478,
    479, 481, 482, 483, 485, 486, 487, 489, 490, 491, 493, 494, 495, 497, 498,
    499, 501, 502, 503, 505, 506, 507, 509, 510, 511, 513, 514, 515, 517, 518,
    519, 521, 522, 523, 525, 526, 527, 529, 530, 531, 533, 534, 535, 537, 538,
    539, 541, 542, 543, 545, 546, 547, 549, 550, 551, 553, 554, 555, 557, 558,
    559, 561, 562, 563, 565, 566, 567, 569, 570, 571, 573, 574, 575, 577, 578,
    579, 581, 582, 583, 585, 586, 587, 589, 590, 591, 593, 594, 595, 597, 598,
    599, 601, 602, 603, 605, 606, 607, 609, 610, 611, 613, 614, 615, 617, 618,
    619, 621, 622, 623, 625, 626, 627, 629, 630, 631, 633, 634, 635, 637, 638,
    639, 641, 642, 643, 645, 646, 647, 649, 650, 651, 653, 654, 655, 657, 658,
    659, 661, 662, 663, 665, 666, 667, 669, 670, 671, 673, 674, 675, 677, 678,
    679, 681, 682, 683, 685, 686, 687, 689, 690, 691, 693, 694, 695, 697, 698,
    699, 701, 702, 703, 705, 706, 707, 709, 710, 711, 713, 714, 715, 717, 718,
    719, 721, 722, 723, 725, 726, 727, 729, 730, 731, 733, 734, 735, 737, 738,
    739, 741, 742, 743, 745, 746, 747, 749, 750, 751, 753, 754, 755, 757, 758,
    759, 761, 762, 763, 765, 766, 767, 769, 770, 771, 773, 774, 775, 777, 778,
    779, 781, 782, 783, 785, 786, 787, 789, 790, 791, 793, 794, 795, 797, 798,
    799, 801, 802, 803, 805, 806, 807, 809, 810, 811, 813, 814, 815, 817, 818,
    819, 821, 822, 823, 825, 826, 827, 829, 830, 831, 833, 834, 835, 837, 838,
    839, 841, 842, 843, 845, 846, 847, 849, 850, 851, 853, 854, 855, 857, 858,
    859, 861, 862, 863, 865, 866, 867, 869, 870, 871, 873, 874, 875, 877, 878,
    879, 881, 882, 883, 885, 886, 887, 889, 890, 891, 893, 894, 895, 897, 898,
    899, 901, 902, 903, 905, 906, 907, 909, 910, 911, 913, 914, 915, 917, 918,
    919, 921, 922, 923, 925, 926, 927, 929, 930, 931, 933, 934, 935, 937, 938,
    939, 941, 942, 943, 945, 946, 947, 949, 950, 951, 953, 954, 955, 957, 958,
    959, 961, 962, 963, 965, 966, 967, 969, 970, 971, 973, 974, 975, 977, 978,
    979, 981, 982, 983, 985, 986, 987, 989, 990, 991, 993, 994, 995, 997, 998,
    999, 1001, 1002, 1003, 1005, 1006, 1007, 1009, 1010, 1011, 1013, 1014,
    1015, 1017, 1018, 1019, 1021, 1022, 1023, 1025, 1026, 1027, 1029, 1030,
    1031, 1033, 1034, 1035, 1037, 1038, 1039, 1041, 1042, 1043, 1045, 1046,
    1047, 1049, 1050, 1051, 1053, 1054, 1055, 1057, 1058, 1059, 1061, 1062,
    1063, 1065, 1066, 1067, 1069, 1070, 1071, 1073, 1074, 1075, 1077, 1078,
    1079, 1081, 1082, 1083, 1085, 1086, 1087, 1089, 1090, 1091, 1093, 1094,
    1095, 1097, 1098, 1099, 1101, 1102, 1103, 1105, 1106, 1107, 1109, 1110,
    1111, 1113, 1114, 1115, 1117, 1118, 1119, 1121, 1122, 1123, 1125, 1126,
    1127, 1129, 1130, 1131, 1133, 1134, 1135, 1137, 1138, 1139, 1141, 1142,
    1143, 1145, 1146, 1147, 1149, 1150, 1151, 1153, 1154, 1155, 1157, 1158,
    1159, 1161, 1162, 1163, 1165, 1166, 1167, 1169, 1170, 1171, 1173, 1174,
    1175, 1177, 1178, 1179, 1181, 1182, 1183, 1185, 1186, 1187, 1189, 1190,
    1191, 1193, 1194, 1195, 1197, 1198, 1199, 1201, 1202, 1203, 1205, 1206,
    1207, 1209, 1210, 1211, 1213, 1214, 1215, 1217, 1218, 1219, 1221, 1222,
    1223, 1225, 1226, 1227, 1229, 1230, 1231, 1233, 1234, 1235, 1237, 1238,
    1239, 1241, 1242, 1243, 1245, 1246, 1247, 1249, 1250, 1251, 1253, 1254,
    1255, 1257, 1258, 1259, 1261, 1262, 1263, 1265, 1266, 1267, 1269, 1270,
    1271, 1273, 1274, 1275, 1277, 1278, 1279, 1281, 1282, 1283, 1285, 1286,
    1287, 1289, 1290, 1291, 1293, 1294, 1295, 1297, 1298, 1299, 1301, 1302,
    1303, 1305, 1306, 1307, 1309, 1310, 1311, 1313, 1314, 1315, 1317, 1318,
    1319, 1321, 1322, 1323, 1325, 1326, 1327, 1329, 1330, 1331, 1333, 1334,
    1335, 1337, 1338, 1339, 1341, 1342, 1343, 1345, 1346, 1347, 1349, 1350,
    1351, 1353, 1354, 1355, 1357, 1358, 1359, 1361, 1362, 1363, 1365, 1366,
    1367, 1369, 1370, 1371, 1373, 1374, 1375, 1377, 1378, 1379, 1381, 1382,
    1383, 1385, 1386, 1387, 1389, 1390, 1391, 1393, 1394, 1395
[1] 8, 28, 32, 36, 44, 56, 60, 64, 72, 80, 84, 88, 96, 100, 104, 108, 112,
    116, 128, 132, 144, 156, 160, 172, 180, 184, 196, 204, 208, 212, 216, 224,
    228, 236, 240, 244, 248, 252, 260, 272, 276, 280, 284, 292, 296, 308, 316,
    324, 332, 336, 340, 344, 348, 352, 360, 364, 380, 384, 396, 412, 428, 432,
    436, 452, 476, 484, 488, 492, 504, 512, 516, 528, 536, 540, 548, 552, 564,
    568, 576, 580, 584, 588, 592, 596, 612, 616, 620, 636, 640, 644, 648, 660,
    664, 672, 676, 680, 692, 700, 704, 708, 712, 716, 720, 728, 736, 740, 744,
    748, 752, 756, 760, 764, 776, 780, 784, 788, 792, 796, 804, 808, 820, 824,
    832, 836, 840, 844, 848, 852, 860, 868, 872, 888, 892, 896, 900, 904, 908,
    928, 936, 944, 948, 956, 960, 968, 980, 984, 988, 992, 996, 1000, 1004,
    1008, 1020, 1024, 1032, 1036, 1040, 1044, 1048, 1052, 1060, 1064, 1072,
    1080, 1084, 1088, 1096, 1100, 1104, 1108, 1116, 1124, 1128, 1140, 1160,
    1172, 1176, 1188, 1196, 1208, 1212, 1216, 1224, 1228, 1236, 1240, 1244,
    1248, 1252, 1264, 1272, 1284, 1292, 1300, 1304, 1308, 1320, 1328, 1332,
    1340, 1344, 1356, 1360, 1364, 1372, 1380, 1384, 1388, 1392
[2] 0, 4, 12, 16, 20, 24, 40, 48, 52, 68, 76, 92, 120, 124, 136, 140, 148,
    152, 164, 168, 176, 188, 192, 200, 220, 232, 256, 264, 268, 288, 300, 304,
    312, 320, 328, 356, 368, 372, 376, 388, 392, 400, 404, 408, 416, 420, 424,
    440, 444, 448, 456, 460, 464, 468, 472, 480, 496, 500, 508, 520, 524, 532,
    544, 556, 560, 572, 600, 604, 608, 624, 628, 632, 652, 656, 668, 684, 688,
    696, 724, 732, 768, 772, 800, 812, 816, 828, 856, 864, 876, 880, 884, 912,
    916, 920, 924, 932, 940, 952, 964, 972, 976, 1012, 1016, 1028, 1056, 1068,
    1076, 1092, 1112, 1120, 1132, 1136, 1144, 1148, 1152, 1156, 1164, 1168,
    1180, 1184, 1192, 1200, 1204, 1220, 1232, 1256, 1260, 1268, 1276, 1280,
    1288, 1296, 1312, 1316, 1324, 1336, 1348, 1352, 1368, 1376

Reassigned labels

Runtime: 1.5749335289001465

Performance split_log:

IM without threshold:
Map:
{"O_0": "O", "O_1": "O", "O_2": "O"}
token_fitness
{"perc_fit_traces": 100.0, "average_trace_fitness": 1.0, "log_fitness": 1.0, "percentage_of_fitting_traces": 100.0}
precision
0.6478780748077817
0.6923076923076922
generalization
0.9570002129884418

Adjusted Rand Index:
0.33285509325681506



Parameters of this run:

Window size: 1
Threshold for edges: 0
Split candidates: O
Max number of traces: 5000000
Method for distance calculation: Distance.MULTISET_DISTANCE
Method for finding clusters: ClusteringMethod.COMMUNITY_DETECTION
Original log location: ./data/noImprInLoop_default_OD\feb16-1625\logs\I_1_LogD_Sequence_feb16-1625.xes.gz
Use frequency: True

Found communities: 

Clustering with 1396 elements and 2 clusters
[0] 1, 2, 3, 5, 6, 7, 9, 10, 11, 13, 14, 15, 17, 18, 19, 21, 22, 23, 25, 26,
    27, 29, 30, 31, 33, 34, 35, 37, 38, 39, 41, 42, 43, 45, 46, 47, 49, 50,
    51, 53, 54, 55, 57, 58, 59, 61, 62, 63, 65, 66, 67, 69, 70, 71, 73, 74,
    75, 77, 78, 79, 81, 82, 83, 85, 86, 87, 89, 90, 91, 93, 94, 95, 97, 98,
    99, 101, 102, 103, 105, 106, 107, 109, 110, 111, 113, 114, 115, 117, 118,
    119, 121, 122, 123, 125, 126, 127, 129, 130, 131, 133, 134, 135, 137, 138,
    139, 141, 142, 143, 145, 146, 147, 149, 150, 151, 153, 154, 155, 157, 158,
    159, 161, 162, 163, 165, 166, 167, 169, 170, 171, 173, 174, 175, 177, 178,
    179, 181, 182, 183, 185, 186, 187, 189, 190, 191, 193, 194, 195, 197, 198,
    199, 201, 202, 203, 205, 206, 207, 209, 210, 211, 213, 214, 215, 217, 218,
    219, 221, 222, 223, 225, 226, 227, 229, 230, 231, 233, 234, 235, 237, 238,
    239, 241, 242, 243, 245, 246, 247, 249, 250, 251, 253, 254, 255, 257, 258,
    259, 261, 262, 263, 265, 266, 267, 269, 270, 271, 273, 274, 275, 277, 278,
    279, 281, 282, 283, 285, 286, 287, 289, 290, 291, 293, 294, 295, 297, 298,
    299, 301, 302, 303, 305, 306, 307, 309, 310, 311, 313, 314, 315, 317, 318,
    319, 321, 322, 323, 325, 326, 327, 329, 330, 331, 333, 334, 335, 337, 338,
    339, 341, 342, 343, 345, 346, 347, 349, 350, 351, 353, 354, 355, 357, 358,
    359, 361, 362, 363, 365, 366, 367, 369, 370, 371, 373, 374, 375, 377, 378,
    379, 381, 382, 383, 385, 386, 387, 389, 390, 391, 393, 394, 395, 397, 398,
    399, 401, 402, 403, 405, 406, 407, 409, 410, 411, 413, 414, 415, 417, 418,
    419, 421, 422, 423, 425, 426, 427, 429, 430, 431, 433, 434, 435, 437, 438,
    439, 441, 442, 443, 445, 446, 447, 449, 450, 451, 453, 454, 455, 457, 458,
    459, 461, 462, 463, 465, 466, 467, 469, 470, 471, 473, 474, 475, 477, 478,
    479, 481, 482, 483, 485, 486, 487, 489, 490, 491, 493, 494, 495, 497, 498,
    499, 501, 502, 503, 505, 506, 507, 509, 510, 511, 513, 514, 515, 517, 518,
    519, 521, 522, 523, 525, 526, 527, 529, 530, 531, 533, 534, 535, 537, 538,
    539, 541, 542, 543, 545, 546, 547, 549, 550, 551, 553, 554, 555, 557, 558,
    559, 561, 562, 563, 565, 566, 567, 569, 570, 571, 573, 574, 575, 577, 578,
    579, 581, 582, 583, 585, 586, 587, 589, 590, 591, 593, 594, 595, 597, 598,
    599, 601, 602, 603, 605, 606, 607, 609, 610, 611, 613, 614, 615, 617, 618,
    619, 621, 622, 623, 625, 626, 627, 629, 630, 631, 633, 634, 635, 637, 638,
    639, 641, 642, 643, 645, 646, 647, 649, 650, 651, 653, 654, 655, 657, 658,
    659, 661, 662, 663, 665, 666, 667, 669, 670, 671, 673, 674, 675, 677, 678,
    679, 681, 682, 683, 685, 686, 687, 689, 690, 691, 693, 694, 695, 697, 698,
    699, 701, 702, 703, 705, 706, 707, 709, 710, 711, 713, 714, 715, 717, 718,
    719, 721, 722, 723, 725, 726, 727, 729, 730, 731, 733, 734, 735, 737, 738,
    739, 741, 742, 743, 745, 746, 747, 749, 750, 751, 753, 754, 755, 757, 758,
    759, 761, 762, 763, 765, 766, 767, 769, 770, 771, 773, 774, 775, 777, 778,
    779, 781, 782, 783, 785, 786, 787, 789, 790, 791, 793, 794, 795, 797, 798,
    799, 801, 802, 803, 805, 806, 807, 809, 810, 811, 813, 814, 815, 817, 818,
    819, 821, 822, 823, 825, 826, 827, 829, 830, 831, 833, 834, 835, 837, 838,
    839, 841, 842, 843, 845, 846, 847, 849, 850, 851, 853, 854, 855, 857, 858,
    859, 861, 862, 863, 865, 866, 867, 869, 870, 871, 873, 874, 875, 877, 878,
    879, 881, 882, 883, 885, 886, 887, 889, 890, 891, 893, 894, 895, 897, 898,
    899, 901, 902, 903, 905, 906, 907, 909, 910, 911, 913, 914, 915, 917, 918,
    919, 921, 922, 923, 925, 926, 927, 929, 930, 931, 933, 934, 935, 937, 938,
    939, 941, 942, 943, 945, 946, 947, 949, 950, 951, 953, 954, 955, 957, 958,
    959, 961, 962, 963, 965, 966, 967, 969, 970, 971, 973, 974, 975, 977, 978,
    979, 981, 982, 983, 985, 986, 987, 989, 990, 991, 993, 994, 995, 997, 998,
    999, 1001, 1002, 1003, 1005, 1006, 1007, 1009, 1010, 1011, 1013, 1014,
    1015, 1017, 1018, 1019, 1021, 1022, 1023, 1025, 1026, 1027, 1029, 1030,
    1031, 1033, 1034, 1035, 1037, 1038, 1039, 1041, 1042, 1043, 1045, 1046,
    1047, 1049, 1050, 1051, 1053, 1054, 1055, 1057, 1058, 1059, 1061, 1062,
    1063, 1065, 1066, 1067, 1069, 1070, 1071, 1073, 1074, 1075, 1077, 1078,
    1079, 1081, 1082, 1083, 1085, 1086, 1087, 1089, 1090, 1091, 1093, 1094,
    1095, 1097, 1098, 1099, 1101, 1102, 1103, 1105, 1106, 1107, 1109, 1110,
    1111, 1113, 1114, 1115, 1117, 1118, 1119, 1121, 1122, 1123, 1125, 1126,
    1127, 1129, 1130, 1131, 1133, 1134, 1135, 1137, 1138, 1139, 1141, 1142,
    1143, 1145, 1146, 1147, 1149, 1150, 1151, 1153, 1154, 1155, 1157, 1158,
    1159, 1161, 1162, 1163, 1165, 1166, 1167, 1169, 1170, 1171, 1173, 1174,
    1175, 1177, 1178, 1179, 1181, 1182, 1183, 1185, 1186, 1187, 1189, 1190,
    1191, 1193, 1194, 1195, 1197, 1198, 1199, 1201, 1202, 1203, 1205, 1206,
    1207, 1209, 1210, 1211, 1213, 1214, 1215, 1217, 1218, 1219, 1221, 1222,
    1223, 1225, 1226, 1227, 1229, 1230, 1231, 1233, 1234, 1235, 1237, 1238,
    1239, 1241, 1242, 1243, 1245, 1246, 1247, 1249, 1250, 1251, 1253, 1254,
    1255, 1257, 1258, 1259, 1261, 1262, 1263, 1265, 1266, 1267, 1269, 1270,
    1271, 1273, 1274, 1275, 1277, 1278, 1279, 1281, 1282, 1283, 1285, 1286,
    1287, 1289, 1290, 1291, 1293, 1294, 1295, 1297, 1298, 1299, 1301, 1302,
    1303, 1305, 1306, 1307, 1309, 1310, 1311, 1313, 1314, 1315, 1317, 1318,
    1319, 1321, 1322, 1323, 1325, 1326, 1327, 1329, 1330, 1331, 1333, 1334,
    1335, 1337, 1338, 1339, 1341, 1342, 1343, 1345, 1346, 1347, 1349, 1350,
    1351, 1353, 1354, 1355, 1357, 1358, 1359, 1361, 1362, 1363, 1365, 1366,
    1367, 1369, 1370, 1371, 1373, 1374, 1375, 1377, 1378, 1379, 1381, 1382,
    1383, 1385, 1386, 1387, 1389, 1390, 1391, 1393, 1394, 1395
[1] 0, 4, 8, 12, 16, 20, 24, 28, 32, 36, 40, 44, 48, 52, 56, 60, 64, 68, 72,
    76, 80, 84, 88, 92, 96, 100, 104, 108, 112, 116, 120, 124, 128, 132, 136,
    140, 144, 148, 152, 156, 160, 164, 168, 172, 176, 180, 184, 188, 192, 196,
    200, 204, 208, 212, 216, 220, 224, 228, 232, 236, 240, 244, 248, 252, 256,
    260, 264, 268, 272, 276, 280, 284, 288, 292, 296, 300, 304, 308, 312, 316,
    320, 324, 328, 332, 336, 340, 344, 348, 352, 356, 360, 364, 368, 372, 376,
    380, 384, 388, 392, 396, 400, 404, 408, 412, 416, 420, 424, 428, 432, 436,
    440, 444, 448, 452, 456, 460, 464, 468, 472, 476, 480, 484, 488, 492, 496,
    500, 504, 508, 512, 516, 520, 524, 528, 532, 536, 540, 544, 548, 552, 556,
    560, 564, 568, 572, 576, 580, 584, 588, 592, 596, 600, 604, 608, 612, 616,
    620, 624, 628, 632, 636, 640, 644, 648, 652, 656, 660, 664, 668, 672, 676,
    680, 684, 688, 692, 696, 700, 704, 708, 712, 716, 720, 724, 728, 732, 736,
    740, 744, 748, 752, 756, 760, 764, 768, 772, 776, 780, 784, 788, 792, 796,
    800, 804, 808, 812, 816, 820, 824, 828, 832, 836, 840, 844, 848, 852, 856,
    860, 864, 868, 872, 876, 880, 884, 888, 892, 896, 900, 904, 908, 912, 916,
    920, 924, 928, 932, 936, 940, 944, 948, 952, 956, 960, 964, 968, 972, 976,
    980, 984, 988, 992, 996, 1000, 1004, 1008, 1012, 1016, 1020, 1024, 1028,
    1032, 1036, 1040, 1044, 1048, 1052, 1056, 1060, 1064, 1068, 1072, 1076,
    1080, 1084, 1088, 1092, 1096, 1100, 1104, 1108, 1112, 1116, 1120, 1124,
    1128, 1132, 1136, 1140, 1144, 1148, 1152, 1156, 1160, 1164, 1168, 1172,
    1176, 1180, 1184, 1188, 1192, 1196, 1200, 1204, 1208, 1212, 1216, 1220,
    1224, 1228, 1232, 1236, 1240, 1244, 1248, 1252, 1256, 1260, 1264, 1268,
    1272, 1276, 1280, 1284, 1288, 1292, 1296, 1300, 1304, 1308, 1312, 1316,
    1320, 1324, 1328, 1332, 1336, 1340, 1344, 1348, 1352, 1356, 1360, 1364,
    1368, 1372, 1376, 1380, 1384, 1388, 1392

Reassigned labels

Runtime: 2.0420236587524414

Performance split_log:

IM without threshold:
Map:
{"O_0": "O", "O_1": "O"}
token_fitness
{"perc_fit_traces": 0.0, "average_trace_fitness": 0.9043423130272674, "log_fitness": 0.9086180179953057, "percentage_of_fitting_traces": 0.0}
precision
0.6379722620755619
0.6923076923076922
generalization
0.9083761887589514

Adjusted Rand Index:
0.33285509325681506



Parameters of this run:

Window size: 1
Threshold for edges: 0.25
Split candidates: O
Max number of traces: 5000000
Method for distance calculation: Distance.MULTISET_DISTANCE
Method for finding clusters: ClusteringMethod.COMMUNITY_DETECTION
Original log location: ./data/noImprInLoop_default_OD\feb16-1625\logs\I_1_LogD_Sequence_feb16-1625.xes.gz
Use frequency: True

Found communities: 

Clustering with 1396 elements and 2 clusters
[0] 1, 2, 3, 5, 6, 7, 9, 10, 11, 13, 14, 15, 17, 18, 19, 21, 22, 23, 25, 26,
    27, 29, 30, 31, 33, 34, 35, 37, 38, 39, 41, 42, 43, 45, 46, 47, 49, 50,
    51, 53, 54, 55, 57, 58, 59, 61, 62, 63, 65, 66, 67, 69, 70, 71, 73, 74,
    75, 77, 78, 79, 81, 82, 83, 85, 86, 87, 89, 90, 91, 93, 94, 95, 97, 98,
    99, 101, 102, 103, 105, 106, 107, 109, 110, 111, 113, 114, 115, 117, 118,
    119, 121, 122, 123, 125, 126, 127, 129, 130, 131, 133, 134, 135, 137, 138,
    139, 141, 142, 143, 145, 146, 147, 149, 150, 151, 153, 154, 155, 157, 158,
    159, 161, 162, 163, 165, 166, 167, 169, 170, 171, 173, 174, 175, 177, 178,
    179, 181, 182, 183, 185, 186, 187, 189, 190, 191, 193, 194, 195, 197, 198,
    199, 201, 202, 203, 205, 206, 207, 209, 210, 211, 213, 214, 215, 217, 218,
    219, 221, 222, 223, 225, 226, 227, 229, 230, 231, 233, 234, 235, 237, 238,
    239, 241, 242, 243, 245, 246, 247, 249, 250, 251, 253, 254, 255, 257, 258,
    259, 261, 262, 263, 265, 266, 267, 269, 270, 271, 273, 274, 275, 277, 278,
    279, 281, 282, 283, 285, 286, 287, 289, 290, 291, 293, 294, 295, 297, 298,
    299, 301, 302, 303, 305, 306, 307, 309, 310, 311, 313, 314, 315, 317, 318,
    319, 321, 322, 323, 325, 326, 327, 329, 330, 331, 333, 334, 335, 337, 338,
    339, 341, 342, 343, 345, 346, 347, 349, 350, 351, 353, 354, 355, 357, 358,
    359, 361, 362, 363, 365, 366, 367, 369, 370, 371, 373, 374, 375, 377, 378,
    379, 381, 382, 383, 385, 386, 387, 389, 390, 391, 393, 394, 395, 397, 398,
    399, 401, 402, 403, 405, 406, 407, 409, 410, 411, 413, 414, 415, 417, 418,
    419, 421, 422, 423, 425, 426, 427, 429, 430, 431, 433, 434, 435, 437, 438,
    439, 441, 442, 443, 445, 446, 447, 449, 450, 451, 453, 454, 455, 457, 458,
    459, 461, 462, 463, 465, 466, 467, 469, 470, 471, 473, 474, 475, 477, 478,
    479, 481, 482, 483, 485, 486, 487, 489, 490, 491, 493, 494, 495, 497, 498,
    499, 501, 502, 503, 505, 506, 507, 509, 510, 511, 513, 514, 515, 517, 518,
    519, 521, 522, 523, 525, 526, 527, 529, 530, 531, 533, 534, 535, 537, 538,
    539, 541, 542, 543, 545, 546, 547, 549, 550, 551, 553, 554, 555, 557, 558,
    559, 561, 562, 563, 565, 566, 567, 569, 570, 571, 573, 574, 575, 577, 578,
    579, 581, 582, 583, 585, 586, 587, 589, 590, 591, 593, 594, 595, 597, 598,
    599, 601, 602, 603, 605, 606, 607, 609, 610, 611, 613, 614, 615, 617, 618,
    619, 621, 622, 623, 625, 626, 627, 629, 630, 631, 633, 634, 635, 637, 638,
    639, 641, 642, 643, 645, 646, 647, 649, 650, 651, 653, 654, 655, 657, 658,
    659, 661, 662, 663, 665, 666, 667, 669, 670, 671, 673, 674, 675, 677, 678,
    679, 681, 682, 683, 685, 686, 687, 689, 690, 691, 693, 694, 695, 697, 698,
    699, 701, 702, 703, 705, 706, 707, 709, 710, 711, 713, 714, 715, 717, 718,
    719, 721, 722, 723, 725, 726, 727, 729, 730, 731, 733, 734, 735, 737, 738,
    739, 741, 742, 743, 745, 746, 747, 749, 750, 751, 753, 754, 755, 757, 758,
    759, 761, 762, 763, 765, 766, 767, 769, 770, 771, 773, 774, 775, 777, 778,
    779, 781, 782, 783, 785, 786, 787, 789, 790, 791, 793, 794, 795, 797, 798,
    799, 801, 802, 803, 805, 806, 807, 809, 810, 811, 813, 814, 815, 817, 818,
    819, 821, 822, 823, 825, 826, 827, 829, 830, 831, 833, 834, 835, 837, 838,
    839, 841, 842, 843, 845, 846, 847, 849, 850, 851, 853, 854, 855, 857, 858,
    859, 861, 862, 863, 865, 866, 867, 869, 870, 871, 873, 874, 875, 877, 878,
    879, 881, 882, 883, 885, 886, 887, 889, 890, 891, 893, 894, 895, 897, 898,
    899, 901, 902, 903, 905, 906, 907, 909, 910, 911, 913, 914, 915, 917, 918,
    919, 921, 922, 923, 925, 926, 927, 929, 930, 931, 933, 934, 935, 937, 938,
    939, 941, 942, 943, 945, 946, 947, 949, 950, 951, 953, 954, 955, 957, 958,
    959, 961, 962, 963, 965, 966, 967, 969, 970, 971, 973, 974, 975, 977, 978,
    979, 981, 982, 983, 985, 986, 987, 989, 990, 991, 993, 994, 995, 997, 998,
    999, 1001, 1002, 1003, 1005, 1006, 1007, 1009, 1010, 1011, 1013, 1014,
    1015, 1017, 1018, 1019, 1021, 1022, 1023, 1025, 1026, 1027, 1029, 1030,
    1031, 1033, 1034, 1035, 1037, 1038, 1039, 1041, 1042, 1043, 1045, 1046,
    1047, 1049, 1050, 1051, 1053, 1054, 1055, 1057, 1058, 1059, 1061, 1062,
    1063, 1065, 1066, 1067, 1069, 1070, 1071, 1073, 1074, 1075, 1077, 1078,
    1079, 1081, 1082, 1083, 1085, 1086, 1087, 1089, 1090, 1091, 1093, 1094,
    1095, 1097, 1098, 1099, 1101, 1102, 1103, 1105, 1106, 1107, 1109, 1110,
    1111, 1113, 1114, 1115, 1117, 1118, 1119, 1121, 1122, 1123, 1125, 1126,
    1127, 1129, 1130, 1131, 1133, 1134, 1135, 1137, 1138, 1139, 1141, 1142,
    1143, 1145, 1146, 1147, 1149, 1150, 1151, 1153, 1154, 1155, 1157, 1158,
    1159, 1161, 1162, 1163, 1165, 1166, 1167, 1169, 1170, 1171, 1173, 1174,
    1175, 1177, 1178, 1179, 1181, 1182, 1183, 1185, 1186, 1187, 1189, 1190,
    1191, 1193, 1194, 1195, 1197, 1198, 1199, 1201, 1202, 1203, 1205, 1206,
    1207, 1209, 1210, 1211, 1213, 1214, 1215, 1217, 1218, 1219, 1221, 1222,
    1223, 1225, 1226, 1227, 1229, 1230, 1231, 1233, 1234, 1235, 1237, 1238,
    1239, 1241, 1242, 1243, 1245, 1246, 1247, 1249, 1250, 1251, 1253, 1254,
    1255, 1257, 1258, 1259, 1261, 1262, 1263, 1265, 1266, 1267, 1269, 1270,
    1271, 1273, 1274, 1275, 1277, 1278, 1279, 1281, 1282, 1283, 1285, 1286,
    1287, 1289, 1290, 1291, 1293, 1294, 1295, 1297, 1298, 1299, 1301, 1302,
    1303, 1305, 1306, 1307, 1309, 1310, 1311, 1313, 1314, 1315, 1317, 1318,
    1319, 1321, 1322, 1323, 1325, 1326, 1327, 1329, 1330, 1331, 1333, 1334,
    1335, 1337, 1338, 1339, 1341, 1342, 1343, 1345, 1346, 1347, 1349, 1350,
    1351, 1353, 1354, 1355, 1357, 1358, 1359, 1361, 1362, 1363, 1365, 1366,
    1367, 1369, 1370, 1371, 1373, 1374, 1375, 1377, 1378, 1379, 1381, 1382,
    1383, 1385, 1386, 1387, 1389, 1390, 1391, 1393, 1394, 1395
[1] 0, 4, 8, 12, 16, 20, 24, 28, 32, 36, 40, 44, 48, 52, 56, 60, 64, 68, 72,
    76, 80, 84, 88, 92, 96, 100, 104, 108, 112, 116, 120, 124, 128, 132, 136,
    140, 144, 148, 152, 156, 160, 164, 168, 172, 176, 180, 184, 188, 192, 196,
    200, 204, 208, 212, 216, 220, 224, 228, 232, 236, 240, 244, 248, 252, 256,
    260, 264, 268, 272, 276, 280, 284, 288, 292, 296, 300, 304, 308, 312, 316,
    320, 324, 328, 332, 336, 340, 344, 348, 352, 356, 360, 364, 368, 372, 376,
    380, 384, 388, 392, 396, 400, 404, 408, 412, 416, 420, 424, 428, 432, 436,
    440, 444, 448, 452, 456, 460, 464, 468, 472, 476, 480, 484, 488, 492, 496,
    500, 504, 508, 512, 516, 520, 524, 528, 532, 536, 540, 544, 548, 552, 556,
    560, 564, 568, 572, 576, 580, 584, 588, 592, 596, 600, 604, 608, 612, 616,
    620, 624, 628, 632, 636, 640, 644, 648, 652, 656, 660, 664, 668, 672, 676,
    680, 684, 688, 692, 696, 700, 704, 708, 712, 716, 720, 724, 728, 732, 736,
    740, 744, 748, 752, 756, 760, 764, 768, 772, 776, 780, 784, 788, 792, 796,
    800, 804, 808, 812, 816, 820, 824, 828, 832, 836, 840, 844, 848, 852, 856,
    860, 864, 868, 872, 876, 880, 884, 888, 892, 896, 900, 904, 908, 912, 916,
    920, 924, 928, 932, 936, 940, 944, 948, 952, 956, 960, 964, 968, 972, 976,
    980, 984, 988, 992, 996, 1000, 1004, 1008, 1012, 1016, 1020, 1024, 1028,
    1032, 1036, 1040, 1044, 1048, 1052, 1056, 1060, 1064, 1068, 1072, 1076,
    1080, 1084, 1088, 1092, 1096, 1100, 1104, 1108, 1112, 1116, 1120, 1124,
    1128, 1132, 1136, 1140, 1144, 1148, 1152, 1156, 1160, 1164, 1168, 1172,
    1176, 1180, 1184, 1188, 1192, 1196, 1200, 1204, 1208, 1212, 1216, 1220,
    1224, 1228, 1232, 1236, 1240, 1244, 1248, 1252, 1256, 1260, 1264, 1268,
    1272, 1276, 1280, 1284, 1288, 1292, 1296, 1300, 1304, 1308, 1312, 1316,
    1320, 1324, 1328, 1332, 1336, 1340, 1344, 1348, 1352, 1356, 1360, 1364,
    1368, 1372, 1376, 1380, 1384, 1388, 1392

Reassigned labels

Runtime: 1.8246469497680664

Performance split_log:

IM without threshold:
Map:
{"O_0": "O", "O_1": "O"}
token_fitness
{"perc_fit_traces": 100.0, "average_trace_fitness": 1.0, "log_fitness": 1.0, "percentage_of_fitting_traces": 100.0}
precision
0.6478780748077817
0.6923076923076922
generalization
0.9570002129884418

Adjusted Rand Index:
0.33285509325681506



Parameters of this run:

Window size: 1
Threshold for edges: 0.5
Split candidates: O
Max number of traces: 5000000
Method for distance calculation: Distance.MULTISET_DISTANCE
Method for finding clusters: ClusteringMethod.COMMUNITY_DETECTION
Original log location: ./data/noImprInLoop_default_OD\feb16-1625\logs\I_1_LogD_Sequence_feb16-1625.xes.gz
Use frequency: True

Found communities: 

Clustering with 1396 elements and 2 clusters
[0] 1, 2, 3, 5, 6, 7, 9, 10, 11, 13, 14, 15, 17, 18, 19, 21, 22, 23, 25, 26,
    27, 29, 30, 31, 33, 34, 35, 37, 38, 39, 41, 42, 43, 45, 46, 47, 49, 50,
    51, 53, 54, 55, 57, 58, 59, 61, 62, 63, 65, 66, 67, 69, 70, 71, 73, 74,
    75, 77, 78, 79, 81, 82, 83, 85, 86, 87, 89, 90, 91, 93, 94, 95, 97, 98,
    99, 101, 102, 103, 105, 106, 107, 109, 110, 111, 113, 114, 115, 117, 118,
    119, 121, 122, 123, 125, 126, 127, 129, 130, 131, 133, 134, 135, 137, 138,
    139, 141, 142, 143, 145, 146, 147, 149, 150, 151, 153, 154, 155, 157, 158,
    159, 161, 162, 163, 165, 166, 167, 169, 170, 171, 173, 174, 175, 177, 178,
    179, 181, 182, 183, 185, 186, 187, 189, 190, 191, 193, 194, 195, 197, 198,
    199, 201, 202, 203, 205, 206, 207, 209, 210, 211, 213, 214, 215, 217, 218,
    219, 221, 222, 223, 225, 226, 227, 229, 230, 231, 233, 234, 235, 237, 238,
    239, 241, 242, 243, 245, 246, 247, 249, 250, 251, 253, 254, 255, 257, 258,
    259, 261, 262, 263, 265, 266, 267, 269, 270, 271, 273, 274, 275, 277, 278,
    279, 281, 282, 283, 285, 286, 287, 289, 290, 291, 293, 294, 295, 297, 298,
    299, 301, 302, 303, 305, 306, 307, 309, 310, 311, 313, 314, 315, 317, 318,
    319, 321, 322, 323, 325, 326, 327, 329, 330, 331, 333, 334, 335, 337, 338,
    339, 341, 342, 343, 345, 346, 347, 349, 350, 351, 353, 354, 355, 357, 358,
    359, 361, 362, 363, 365, 366, 367, 369, 370, 371, 373, 374, 375, 377, 378,
    379, 381, 382, 383, 385, 386, 387, 389, 390, 391, 393, 394, 395, 397, 398,
    399, 401, 402, 403, 405, 406, 407, 409, 410, 411, 413, 414, 415, 417, 418,
    419, 421, 422, 423, 425, 426, 427, 429, 430, 431, 433, 434, 435, 437, 438,
    439, 441, 442, 443, 445, 446, 447, 449, 450, 451, 453, 454, 455, 457, 458,
    459, 461, 462, 463, 465, 466, 467, 469, 470, 471, 473, 474, 475, 477, 478,
    479, 481, 482, 483, 485, 486, 487, 489, 490, 491, 493, 494, 495, 497, 498,
    499, 501, 502, 503, 505, 506, 507, 509, 510, 511, 513, 514, 515, 517, 518,
    519, 521, 522, 523, 525, 526, 527, 529, 530, 531, 533, 534, 535, 537, 538,
    539, 541, 542, 543, 545, 546, 547, 549, 550, 551, 553, 554, 555, 557, 558,
    559, 561, 562, 563, 565, 566, 567, 569, 570, 571, 573, 574, 575, 577, 578,
    579, 581, 582, 583, 585, 586, 587, 589, 590, 591, 593, 594, 595, 597, 598,
    599, 601, 602, 603, 605, 606, 607, 609, 610, 611, 613, 614, 615, 617, 618,
    619, 621, 622, 623, 625, 626, 627, 629, 630, 631, 633, 634, 635, 637, 638,
    639, 641, 642, 643, 645, 646, 647, 649, 650, 651, 653, 654, 655, 657, 658,
    659, 661, 662, 663, 665, 666, 667, 669, 670, 671, 673, 674, 675, 677, 678,
    679, 681, 682, 683, 685, 686, 687, 689, 690, 691, 693, 694, 695, 697, 698,
    699, 701, 702, 703, 705, 706, 707, 709, 710, 711, 713, 714, 715, 717, 718,
    719, 721, 722, 723, 725, 726, 727, 729, 730, 731, 733, 734, 735, 737, 738,
    739, 741, 742, 743, 745, 746, 747, 749, 750, 751, 753, 754, 755, 757, 758,
    759, 761, 762, 763, 765, 766, 767, 769, 770, 771, 773, 774, 775, 777, 778,
    779, 781, 782, 783, 785, 786, 787, 789, 790, 791, 793, 794, 795, 797, 798,
    799, 801, 802, 803, 805, 806, 807, 809, 810, 811, 813, 814, 815, 817, 818,
    819, 821, 822, 823, 825, 826, 827, 829, 830, 831, 833, 834, 835, 837, 838,
    839, 841, 842, 843, 845, 846, 847, 849, 850, 851, 853, 854, 855, 857, 858,
    859, 861, 862, 863, 865, 866, 867, 869, 870, 871, 873, 874, 875, 877, 878,
    879, 881, 882, 883, 885, 886, 887, 889, 890, 891, 893, 894, 895, 897, 898,
    899, 901, 902, 903, 905, 906, 907, 909, 910, 911, 913, 914, 915, 917, 918,
    919, 921, 922, 923, 925, 926, 927, 929, 930, 931, 933, 934, 935, 937, 938,
    939, 941, 942, 943, 945, 946, 947, 949, 950, 951, 953, 954, 955, 957, 958,
    959, 961, 962, 963, 965, 966, 967, 969, 970, 971, 973, 974, 975, 977, 978,
    979, 981, 982, 983, 985, 986, 987, 989, 990, 991, 993, 994, 995, 997, 998,
    999, 1001, 1002, 1003, 1005, 1006, 1007, 1009, 1010, 1011, 1013, 1014,
    1015, 1017, 1018, 1019, 1021, 1022, 1023, 1025, 1026, 1027, 1029, 1030,
    1031, 1033, 1034, 1035, 1037, 1038, 1039, 1041, 1042, 1043, 1045, 1046,
    1047, 1049, 1050, 1051, 1053, 1054, 1055, 1057, 1058, 1059, 1061, 1062,
    1063, 1065, 1066, 1067, 1069, 1070, 1071, 1073, 1074, 1075, 1077, 1078,
    1079, 1081, 1082, 1083, 1085, 1086, 1087, 1089, 1090, 1091, 1093, 1094,
    1095, 1097, 1098, 1099, 1101, 1102, 1103, 1105, 1106, 1107, 1109, 1110,
    1111, 1113, 1114, 1115, 1117, 1118, 1119, 1121, 1122, 1123, 1125, 1126,
    1127, 1129, 1130, 1131, 1133, 1134, 1135, 1137, 1138, 1139, 1141, 1142,
    1143, 1145, 1146, 1147, 1149, 1150, 1151, 1153, 1154, 1155, 1157, 1158,
    1159, 1161, 1162, 1163, 1165, 1166, 1167, 1169, 1170, 1171, 1173, 1174,
    1175, 1177, 1178, 1179, 1181, 1182, 1183, 1185, 1186, 1187, 1189, 1190,
    1191, 1193, 1194, 1195, 1197, 1198, 1199, 1201, 1202, 1203, 1205, 1206,
    1207, 1209, 1210, 1211, 1213, 1214, 1215, 1217, 1218, 1219, 1221, 1222,
    1223, 1225, 1226, 1227, 1229, 1230, 1231, 1233, 1234, 1235, 1237, 1238,
    1239, 1241, 1242, 1243, 1245, 1246, 1247, 1249, 1250, 1251, 1253, 1254,
    1255, 1257, 1258, 1259, 1261, 1262, 1263, 1265, 1266, 1267, 1269, 1270,
    1271, 1273, 1274, 1275, 1277, 1278, 1279, 1281, 1282, 1283, 1285, 1286,
    1287, 1289, 1290, 1291, 1293, 1294, 1295, 1297, 1298, 1299, 1301, 1302,
    1303, 1305, 1306, 1307, 1309, 1310, 1311, 1313, 1314, 1315, 1317, 1318,
    1319, 1321, 1322, 1323, 1325, 1326, 1327, 1329, 1330, 1331, 1333, 1334,
    1335, 1337, 1338, 1339, 1341, 1342, 1343, 1345, 1346, 1347, 1349, 1350,
    1351, 1353, 1354, 1355, 1357, 1358, 1359, 1361, 1362, 1363, 1365, 1366,
    1367, 1369, 1370, 1371, 1373, 1374, 1375, 1377, 1378, 1379, 1381, 1382,
    1383, 1385, 1386, 1387, 1389, 1390, 1391, 1393, 1394, 1395
[1] 0, 4, 8, 12, 16, 20, 24, 28, 32, 36, 40, 44, 48, 52, 56, 60, 64, 68, 72,
    76, 80, 84, 88, 92, 96, 100, 104, 108, 112, 116, 120, 124, 128, 132, 136,
    140, 144, 148, 152, 156, 160, 164, 168, 172, 176, 180, 184, 188, 192, 196,
    200, 204, 208, 212, 216, 220, 224, 228, 232, 236, 240, 244, 248, 252, 256,
    260, 264, 268, 272, 276, 280, 284, 288, 292, 296, 300, 304, 308, 312, 316,
    320, 324, 328, 332, 336, 340, 344, 348, 352, 356, 360, 364, 368, 372, 376,
    380, 384, 388, 392, 396, 400, 404, 408, 412, 416, 420, 424, 428, 432, 436,
    440, 444, 448, 452, 456, 460, 464, 468, 472, 476, 480, 484, 488, 492, 496,
    500, 504, 508, 512, 516, 520, 524, 528, 532, 536, 540, 544, 548, 552, 556,
    560, 564, 568, 572, 576, 580, 584, 588, 592, 596, 600, 604, 608, 612, 616,
    620, 624, 628, 632, 636, 640, 644, 648, 652, 656, 660, 664, 668, 672, 676,
    680, 684, 688, 692, 696, 700, 704, 708, 712, 716, 720, 724, 728, 732, 736,
    740, 744, 748, 752, 756, 760, 764, 768, 772, 776, 780, 784, 788, 792, 796,
    800, 804, 808, 812, 816, 820, 824, 828, 832, 836, 840, 844, 848, 852, 856,
    860, 864, 868, 872, 876, 880, 884, 888, 892, 896, 900, 904, 908, 912, 916,
    920, 924, 928, 932, 936, 940, 944, 948, 952, 956, 960, 964, 968, 972, 976,
    980, 984, 988, 992, 996, 1000, 1004, 1008, 1012, 1016, 1020, 1024, 1028,
    1032, 1036, 1040, 1044, 1048, 1052, 1056, 1060, 1064, 1068, 1072, 1076,
    1080, 1084, 1088, 1092, 1096, 1100, 1104, 1108, 1112, 1116, 1120, 1124,
    1128, 1132, 1136, 1140, 1144, 1148, 1152, 1156, 1160, 1164, 1168, 1172,
    1176, 1180, 1184, 1188, 1192, 1196, 1200, 1204, 1208, 1212, 1216, 1220,
    1224, 1228, 1232, 1236, 1240, 1244, 1248, 1252, 1256, 1260, 1264, 1268,
    1272, 1276, 1280, 1284, 1288, 1292, 1296, 1300, 1304, 1308, 1312, 1316,
    1320, 1324, 1328, 1332, 1336, 1340, 1344, 1348, 1352, 1356, 1360, 1364,
    1368, 1372, 1376, 1380, 1384, 1388, 1392

Reassigned labels

Runtime: 1.8294870853424072

Performance split_log:

IM without threshold:
Map:
{"O_0": "O", "O_1": "O"}
token_fitness
{"perc_fit_traces": 0.0, "average_trace_fitness": 0.9043423130272674, "log_fitness": 0.9086180179953057, "percentage_of_fitting_traces": 0.0}
precision
0.6379722620755619
0.6923076923076922
generalization
0.9083761887589514

Adjusted Rand Index:
0.33285509325681506



Parameters of this run:

Window size: 1
Threshold for edges: 0.75
Split candidates: O
Max number of traces: 5000000
Method for distance calculation: Distance.MULTISET_DISTANCE
Method for finding clusters: ClusteringMethod.COMMUNITY_DETECTION
Original log location: ./data/noImprInLoop_default_OD\feb16-1625\logs\I_1_LogD_Sequence_feb16-1625.xes.gz
Use frequency: True

Found communities: 

Clustering with 1396 elements and 3 clusters
[0] 1, 2, 3, 5, 6, 7, 9, 10, 11, 13, 14, 15, 17, 18, 19, 21, 22, 23, 25, 26,
    27, 29, 30, 31, 33, 34, 35, 37, 38, 39, 41, 42, 43, 45, 46, 47, 49, 50,
    51, 53, 54, 55, 57, 58, 59, 61, 62, 63, 65, 66, 67, 69, 70, 71, 73, 74,
    75, 77, 78, 79, 81, 82, 83, 85, 86, 87, 89, 90, 91, 93, 94, 95, 97, 98,
    99, 101, 102, 103, 105, 106, 107, 109, 110, 111, 113, 114, 115, 117, 118,
    119, 121, 122, 123, 125, 126, 127, 129, 130, 131, 133, 134, 135, 137, 138,
    139, 141, 142, 143, 145, 146, 147, 149, 150, 151, 153, 154, 155, 157, 158,
    159, 161, 162, 163, 165, 166, 167, 169, 170, 171, 173, 174, 175, 177, 178,
    179, 181, 182, 183, 185, 186, 187, 189, 190, 191, 193, 194, 195, 197, 198,
    199, 201, 202, 203, 205, 206, 207, 209, 210, 211, 213, 214, 215, 217, 218,
    219, 221, 222, 223, 225, 226, 227, 229, 230, 231, 233, 234, 235, 237, 238,
    239, 241, 242, 243, 245, 246, 247, 249, 250, 251, 253, 254, 255, 257, 258,
    259, 261, 262, 263, 265, 266, 267, 269, 270, 271, 273, 274, 275, 277, 278,
    279, 281, 282, 283, 285, 286, 287, 289, 290, 291, 293, 294, 295, 297, 298,
    299, 301, 302, 303, 305, 306, 307, 309, 310, 311, 313, 314, 315, 317, 318,
    319, 321, 322, 323, 325, 326, 327, 329, 330, 331, 333, 334, 335, 337, 338,
    339, 341, 342, 343, 345, 346, 347, 349, 350, 351, 353, 354, 355, 357, 358,
    359, 361, 362, 363, 365, 366, 367, 369, 370, 371, 373, 374, 375, 377, 378,
    379, 381, 382, 383, 385, 386, 387, 389, 390, 391, 393, 394, 395, 397, 398,
    399, 401, 402, 403, 405, 406, 407, 409, 410, 411, 413, 414, 415, 417, 418,
    419, 421, 422, 423, 425, 426, 427, 429, 430, 431, 433, 434, 435, 437, 438,
    439, 441, 442, 443, 445, 446, 447, 449, 450, 451, 453, 454, 455, 457, 458,
    459, 461, 462, 463, 465, 466, 467, 469, 470, 471, 473, 474, 475, 477, 478,
    479, 481, 482, 483, 485, 486, 487, 489, 490, 491, 493, 494, 495, 497, 498,
    499, 501, 502, 503, 505, 506, 507, 509, 510, 511, 513, 514, 515, 517, 518,
    519, 521, 522, 523, 525, 526, 527, 529, 530, 531, 533, 534, 535, 537, 538,
    539, 541, 542, 543, 545, 546, 547, 549, 550, 551, 553, 554, 555, 557, 558,
    559, 561, 562, 563, 565, 566, 567, 569, 570, 571, 573, 574, 575, 577, 578,
    579, 581, 582, 583, 585, 586, 587, 589, 590, 591, 593, 594, 595, 597, 598,
    599, 601, 602, 603, 605, 606, 607, 609, 610, 611, 613, 614, 615, 617, 618,
    619, 621, 622, 623, 625, 626, 627, 629, 630, 631, 633, 634, 635, 637, 638,
    639, 641, 642, 643, 645, 646, 647, 649, 650, 651, 653, 654, 655, 657, 658,
    659, 661, 662, 663, 665, 666, 667, 669, 670, 671, 673, 674, 675, 677, 678,
    679, 681, 682, 683, 685, 686, 687, 689, 690, 691, 693, 694, 695, 697, 698,
    699, 701, 702, 703, 705, 706, 707, 709, 710, 711, 713, 714, 715, 717, 718,
    719, 721, 722, 723, 725, 726, 727, 729, 730, 731, 733, 734, 735, 737, 738,
    739, 741, 742, 743, 745, 746, 747, 749, 750, 751, 753, 754, 755, 757, 758,
    759, 761, 762, 763, 765, 766, 767, 769, 770, 771, 773, 774, 775, 777, 778,
    779, 781, 782, 783, 785, 786, 787, 789, 790, 791, 793, 794, 795, 797, 798,
    799, 801, 802, 803, 805, 806, 807, 809, 810, 811, 813, 814, 815, 817, 818,
    819, 821, 822, 823, 825, 826, 827, 829, 830, 831, 833, 834, 835, 837, 838,
    839, 841, 842, 843, 845, 846, 847, 849, 850, 851, 853, 854, 855, 857, 858,
    859, 861, 862, 863, 865, 866, 867, 869, 870, 871, 873, 874, 875, 877, 878,
    879, 881, 882, 883, 885, 886, 887, 889, 890, 891, 893, 894, 895, 897, 898,
    899, 901, 902, 903, 905, 906, 907, 909, 910, 911, 913, 914, 915, 917, 918,
    919, 921, 922, 923, 925, 926, 927, 929, 930, 931, 933, 934, 935, 937, 938,
    939, 941, 942, 943, 945, 946, 947, 949, 950, 951, 953, 954, 955, 957, 958,
    959, 961, 962, 963, 965, 966, 967, 969, 970, 971, 973, 974, 975, 977, 978,
    979, 981, 982, 983, 985, 986, 987, 989, 990, 991, 993, 994, 995, 997, 998,
    999, 1001, 1002, 1003, 1005, 1006, 1007, 1009, 1010, 1011, 1013, 1014,
    1015, 1017, 1018, 1019, 1021, 1022, 1023, 1025, 1026, 1027, 1029, 1030,
    1031, 1033, 1034, 1035, 1037, 1038, 1039, 1041, 1042, 1043, 1045, 1046,
    1047, 1049, 1050, 1051, 1053, 1054, 1055, 1057, 1058, 1059, 1061, 1062,
    1063, 1065, 1066, 1067, 1069, 1070, 1071, 1073, 1074, 1075, 1077, 1078,
    1079, 1081, 1082, 1083, 1085, 1086, 1087, 1089, 1090, 1091, 1093, 1094,
    1095, 1097, 1098, 1099, 1101, 1102, 1103, 1105, 1106, 1107, 1109, 1110,
    1111, 1113, 1114, 1115, 1117, 1118, 1119, 1121, 1122, 1123, 1125, 1126,
    1127, 1129, 1130, 1131, 1133, 1134, 1135, 1137, 1138, 1139, 1141, 1142,
    1143, 1145, 1146, 1147, 1149, 1150, 1151, 1153, 1154, 1155, 1157, 1158,
    1159, 1161, 1162, 1163, 1165, 1166, 1167, 1169, 1170, 1171, 1173, 1174,
    1175, 1177, 1178, 1179, 1181, 1182, 1183, 1185, 1186, 1187, 1189, 1190,
    1191, 1193, 1194, 1195, 1197, 1198, 1199, 1201, 1202, 1203, 1205, 1206,
    1207, 1209, 1210, 1211, 1213, 1214, 1215, 1217, 1218, 1219, 1221, 1222,
    1223, 1225, 1226, 1227, 1229, 1230, 1231, 1233, 1234, 1235, 1237, 1238,
    1239, 1241, 1242, 1243, 1245, 1246, 1247, 1249, 1250, 1251, 1253, 1254,
    1255, 1257, 1258, 1259, 1261, 1262, 1263, 1265, 1266, 1267, 1269, 1270,
    1271, 1273, 1274, 1275, 1277, 1278, 1279, 1281, 1282, 1283, 1285, 1286,
    1287, 1289, 1290, 1291, 1293, 1294, 1295, 1297, 1298, 1299, 1301, 1302,
    1303, 1305, 1306, 1307, 1309, 1310, 1311, 1313, 1314, 1315, 1317, 1318,
    1319, 1321, 1322, 1323, 1325, 1326, 1327, 1329, 1330, 1331, 1333, 1334,
    1335, 1337, 1338, 1339, 1341, 1342, 1343, 1345, 1346, 1347, 1349, 1350,
    1351, 1353, 1354, 1355, 1357, 1358, 1359, 1361, 1362, 1363, 1365, 1366,
    1367, 1369, 1370, 1371, 1373, 1374, 1375, 1377, 1378, 1379, 1381, 1382,
    1383, 1385, 1386, 1387, 1389, 1390, 1391, 1393, 1394, 1395
[1] 8, 28, 32, 36, 44, 56, 60, 64, 72, 80, 84, 88, 96, 100, 104, 108, 112,
    116, 128, 132, 144, 156, 160, 172, 180, 184, 196, 204, 208, 212, 216, 224,
    228, 236, 240, 244, 248, 252, 260, 272, 276, 280, 284, 292, 296, 308, 316,
    324, 332, 336, 340, 344, 348, 352, 360, 364, 380, 384, 396, 412, 428, 432,
    436, 452, 476, 484, 488, 492, 504, 512, 516, 528, 536, 540, 548, 552, 564,
    568, 576, 580, 584, 588, 592, 596, 612, 616, 620, 636, 640, 644, 648, 660,
    664, 672, 676, 680, 692, 700, 704, 708, 712, 716, 720, 728, 736, 740, 744,
    748, 752, 756, 760, 764, 776, 780, 784, 788, 792, 796, 804, 808, 820, 824,
    832, 836, 840, 844, 848, 852, 860, 868, 872, 888, 892, 896, 900, 904, 908,
    928, 936, 944, 948, 956, 960, 968, 980, 984, 988, 992, 996, 1000, 1004,
    1008, 1020, 1024, 1032, 1036, 1040, 1044, 1048, 1052, 1060, 1064, 1072,
    1080, 1084, 1088, 1096, 1100, 1104, 1108, 1116, 1124, 1128, 1140, 1160,
    1172, 1176, 1188, 1196, 1208, 1212, 1216, 1224, 1228, 1236, 1240, 1244,
    1248, 1252, 1264, 1272, 1284, 1292, 1300, 1304, 1308, 1320, 1328, 1332,
    1340, 1344, 1356, 1360, 1364, 1372, 1380, 1384, 1388, 1392
[2] 0, 4, 12, 16, 20, 24, 40, 48, 52, 68, 76, 92, 120, 124, 136, 140, 148,
    152, 164, 168, 176, 188, 192, 200, 220, 232, 256, 264, 268, 288, 300, 304,
    312, 320, 328, 356, 368, 372, 376, 388, 392, 400, 404, 408, 416, 420, 424,
    440, 444, 448, 456, 460, 464, 468, 472, 480, 496, 500, 508, 520, 524, 532,
    544, 556, 560, 572, 600, 604, 608, 624, 628, 632, 652, 656, 668, 684, 688,
    696, 724, 732, 768, 772, 800, 812, 816, 828, 856, 864, 876, 880, 884, 912,
    916, 920, 924, 932, 940, 952, 964, 972, 976, 1012, 1016, 1028, 1056, 1068,
    1076, 1092, 1112, 1120, 1132, 1136, 1144, 1148, 1152, 1156, 1164, 1168,
    1180, 1184, 1192, 1200, 1204, 1220, 1232, 1256, 1260, 1268, 1276, 1280,
    1288, 1296, 1312, 1316, 1324, 1336, 1348, 1352, 1368, 1376

Reassigned labels

Runtime: 1.6107628345489502

Performance split_log:

IM without threshold:
Map:
{"O_0": "O", "O_1": "O", "O_2": "O"}
token_fitness
{"perc_fit_traces": 0.0, "average_trace_fitness": 0.9043423130272674, "log_fitness": 0.9086180179953057, "percentage_of_fitting_traces": 0.0}
precision
0.6379722620755619
0.6923076923076922
generalization
0.9083761887589514

Adjusted Rand Index:
0.33285509325681506



Parameters of this run:

Window size: 1
Threshold for edges: 1
Split candidates: O
Max number of traces: 5000000
Method for distance calculation: Distance.MULTISET_DISTANCE
Method for finding clusters: ClusteringMethod.COMMUNITY_DETECTION
Original log location: ./data/noImprInLoop_default_OD\feb16-1625\logs\I_1_LogD_Sequence_feb16-1625.xes.gz
Use frequency: True

Found communities: 

Clustering with 1396 elements and 3 clusters
[0] 1, 2, 3, 5, 6, 7, 9, 10, 11, 13, 14, 15, 17, 18, 19, 21, 22, 23, 25, 26,
    27, 29, 30, 31, 33, 34, 35, 37, 38, 39, 41, 42, 43, 45, 46, 47, 49, 50,
    51, 53, 54, 55, 57, 58, 59, 61, 62, 63, 65, 66, 67, 69, 70, 71, 73, 74,
    75, 77, 78, 79, 81, 82, 83, 85, 86, 87, 89, 90, 91, 93, 94, 95, 97, 98,
    99, 101, 102, 103, 105, 106, 107, 109, 110, 111, 113, 114, 115, 117, 118,
    119, 121, 122, 123, 125, 126, 127, 129, 130, 131, 133, 134, 135, 137, 138,
    139, 141, 142, 143, 145, 146, 147, 149, 150, 151, 153, 154, 155, 157, 158,
    159, 161, 162, 163, 165, 166, 167, 169, 170, 171, 173, 174, 175, 177, 178,
    179, 181, 182, 183, 185, 186, 187, 189, 190, 191, 193, 194, 195, 197, 198,
    199, 201, 202, 203, 205, 206, 207, 209, 210, 211, 213, 214, 215, 217, 218,
    219, 221, 222, 223, 225, 226, 227, 229, 230, 231, 233, 234, 235, 237, 238,
    239, 241, 242, 243, 245, 246, 247, 249, 250, 251, 253, 254, 255, 257, 258,
    259, 261, 262, 263, 265, 266, 267, 269, 270, 271, 273, 274, 275, 277, 278,
    279, 281, 282, 283, 285, 286, 287, 289, 290, 291, 293, 294, 295, 297, 298,
    299, 301, 302, 303, 305, 306, 307, 309, 310, 311, 313, 314, 315, 317, 318,
    319, 321, 322, 323, 325, 326, 327, 329, 330, 331, 333, 334, 335, 337, 338,
    339, 341, 342, 343, 345, 346, 347, 349, 350, 351, 353, 354, 355, 357, 358,
    359, 361, 362, 363, 365, 366, 367, 369, 370, 371, 373, 374, 375, 377, 378,
    379, 381, 382, 383, 385, 386, 387, 389, 390, 391, 393, 394, 395, 397, 398,
    399, 401, 402, 403, 405, 406, 407, 409, 410, 411, 413, 414, 415, 417, 418,
    419, 421, 422, 423, 425, 426, 427, 429, 430, 431, 433, 434, 435, 437, 438,
    439, 441, 442, 443, 445, 446, 447, 449, 450, 451, 453, 454, 455, 457, 458,
    459, 461, 462, 463, 465, 466, 467, 469, 470, 471, 473, 474, 475, 477, 478,
    479, 481, 482, 483, 485, 486, 487, 489, 490, 491, 493, 494, 495, 497, 498,
    499, 501, 502, 503, 505, 506, 507, 509, 510, 511, 513, 514, 515, 517, 518,
    519, 521, 522, 523, 525, 526, 527, 529, 530, 531, 533, 534, 535, 537, 538,
    539, 541, 542, 543, 545, 546, 547, 549, 550, 551, 553, 554, 555, 557, 558,
    559, 561, 562, 563, 565, 566, 567, 569, 570, 571, 573, 574, 575, 577, 578,
    579, 581, 582, 583, 585, 586, 587, 589, 590, 591, 593, 594, 595, 597, 598,
    599, 601, 602, 603, 605, 606, 607, 609, 610, 611, 613, 614, 615, 617, 618,
    619, 621, 622, 623, 625, 626, 627, 629, 630, 631, 633, 634, 635, 637, 638,
    639, 641, 642, 643, 645, 646, 647, 649, 650, 651, 653, 654, 655, 657, 658,
    659, 661, 662, 663, 665, 666, 667, 669, 670, 671, 673, 674, 675, 677, 678,
    679, 681, 682, 683, 685, 686, 687, 689, 690, 691, 693, 694, 695, 697, 698,
    699, 701, 702, 703, 705, 706, 707, 709, 710, 711, 713, 714, 715, 717, 718,
    719, 721, 722, 723, 725, 726, 727, 729, 730, 731, 733, 734, 735, 737, 738,
    739, 741, 742, 743, 745, 746, 747, 749, 750, 751, 753, 754, 755, 757, 758,
    759, 761, 762, 763, 765, 766, 767, 769, 770, 771, 773, 774, 775, 777, 778,
    779, 781, 782, 783, 785, 786, 787, 789, 790, 791, 793, 794, 795, 797, 798,
    799, 801, 802, 803, 805, 806, 807, 809, 810, 811, 813, 814, 815, 817, 818,
    819, 821, 822, 823, 825, 826, 827, 829, 830, 831, 833, 834, 835, 837, 838,
    839, 841, 842, 843, 845, 846, 847, 849, 850, 851, 853, 854, 855, 857, 858,
    859, 861, 862, 863, 865, 866, 867, 869, 870, 871, 873, 874, 875, 877, 878,
    879, 881, 882, 883, 885, 886, 887, 889, 890, 891, 893, 894, 895, 897, 898,
    899, 901, 902, 903, 905, 906, 907, 909, 910, 911, 913, 914, 915, 917, 918,
    919, 921, 922, 923, 925, 926, 927, 929, 930, 931, 933, 934, 935, 937, 938,
    939, 941, 942, 943, 945, 946, 947, 949, 950, 951, 953, 954, 955, 957, 958,
    959, 961, 962, 963, 965, 966, 967, 969, 970, 971, 973, 974, 975, 977, 978,
    979, 981, 982, 983, 985, 986, 987, 989, 990, 991, 993, 994, 995, 997, 998,
    999, 1001, 1002, 1003, 1005, 1006, 1007, 1009, 1010, 1011, 1013, 1014,
    1015, 1017, 1018, 1019, 1021, 1022, 1023, 1025, 1026, 1027, 1029, 1030,
    1031, 1033, 1034, 1035, 1037, 1038, 1039, 1041, 1042, 1043, 1045, 1046,
    1047, 1049, 1050, 1051, 1053, 1054, 1055, 1057, 1058, 1059, 1061, 1062,
    1063, 1065, 1066, 1067, 1069, 1070, 1071, 1073, 1074, 1075, 1077, 1078,
    1079, 1081, 1082, 1083, 1085, 1086, 1087, 1089, 1090, 1091, 1093, 1094,
    1095, 1097, 1098, 1099, 1101, 1102, 1103, 1105, 1106, 1107, 1109, 1110,
    1111, 1113, 1114, 1115, 1117, 1118, 1119, 1121, 1122, 1123, 1125, 1126,
    1127, 1129, 1130, 1131, 1133, 1134, 1135, 1137, 1138, 1139, 1141, 1142,
    1143, 1145, 1146, 1147, 1149, 1150, 1151, 1153, 1154, 1155, 1157, 1158,
    1159, 1161, 1162, 1163, 1165, 1166, 1167, 1169, 1170, 1171, 1173, 1174,
    1175, 1177, 1178, 1179, 1181, 1182, 1183, 1185, 1186, 1187, 1189, 1190,
    1191, 1193, 1194, 1195, 1197, 1198, 1199, 1201, 1202, 1203, 1205, 1206,
    1207, 1209, 1210, 1211, 1213, 1214, 1215, 1217, 1218, 1219, 1221, 1222,
    1223, 1225, 1226, 1227, 1229, 1230, 1231, 1233, 1234, 1235, 1237, 1238,
    1239, 1241, 1242, 1243, 1245, 1246, 1247, 1249, 1250, 1251, 1253, 1254,
    1255, 1257, 1258, 1259, 1261, 1262, 1263, 1265, 1266, 1267, 1269, 1270,
    1271, 1273, 1274, 1275, 1277, 1278, 1279, 1281, 1282, 1283, 1285, 1286,
    1287, 1289, 1290, 1291, 1293, 1294, 1295, 1297, 1298, 1299, 1301, 1302,
    1303, 1305, 1306, 1307, 1309, 1310, 1311, 1313, 1314, 1315, 1317, 1318,
    1319, 1321, 1322, 1323, 1325, 1326, 1327, 1329, 1330, 1331, 1333, 1334,
    1335, 1337, 1338, 1339, 1341, 1342, 1343, 1345, 1346, 1347, 1349, 1350,
    1351, 1353, 1354, 1355, 1357, 1358, 1359, 1361, 1362, 1363, 1365, 1366,
    1367, 1369, 1370, 1371, 1373, 1374, 1375, 1377, 1378, 1379, 1381, 1382,
    1383, 1385, 1386, 1387, 1389, 1390, 1391, 1393, 1394, 1395
[1] 8, 28, 32, 36, 44, 56, 60, 64, 72, 80, 84, 88, 96, 100, 104, 108, 112,
    116, 128, 132, 144, 156, 160, 172, 180, 184, 196, 204, 208, 212, 216, 224,
    228, 236, 240, 244, 248, 252, 260, 272, 276, 280, 284, 292, 296, 308, 316,
    324, 332, 336, 340, 344, 348, 352, 360, 364, 380, 384, 396, 412, 428, 432,
    436, 452, 476, 484, 488, 492, 504, 512, 516, 528, 536, 540, 548, 552, 564,
    568, 576, 580, 584, 588, 592, 596, 612, 616, 620, 636, 640, 644, 648, 660,
    664, 672, 676, 680, 692, 700, 704, 708, 712, 716, 720, 728, 736, 740, 744,
    748, 752, 756, 760, 764, 776, 780, 784, 788, 792, 796, 804, 808, 820, 824,
    832, 836, 840, 844, 848, 852, 860, 868, 872, 888, 892, 896, 900, 904, 908,
    928, 936, 944, 948, 956, 960, 968, 980, 984, 988, 992, 996, 1000, 1004,
    1008, 1020, 1024, 1032, 1036, 1040, 1044, 1048, 1052, 1060, 1064, 1072,
    1080, 1084, 1088, 1096, 1100, 1104, 1108, 1116, 1124, 1128, 1140, 1160,
    1172, 1176, 1188, 1196, 1208, 1212, 1216, 1224, 1228, 1236, 1240, 1244,
    1248, 1252, 1264, 1272, 1284, 1292, 1300, 1304, 1308, 1320, 1328, 1332,
    1340, 1344, 1356, 1360, 1364, 1372, 1380, 1384, 1388, 1392
[2] 0, 4, 12, 16, 20, 24, 40, 48, 52, 68, 76, 92, 120, 124, 136, 140, 148,
    152, 164, 168, 176, 188, 192, 200, 220, 232, 256, 264, 268, 288, 300, 304,
    312, 320, 328, 356, 368, 372, 376, 388, 392, 400, 404, 408, 416, 420, 424,
    440, 444, 448, 456, 460, 464, 468, 472, 480, 496, 500, 508, 520, 524, 532,
    544, 556, 560, 572, 600, 604, 608, 624, 628, 632, 652, 656, 668, 684, 688,
    696, 724, 732, 768, 772, 800, 812, 816, 828, 856, 864, 876, 880, 884, 912,
    916, 920, 924, 932, 940, 952, 964, 972, 976, 1012, 1016, 1028, 1056, 1068,
    1076, 1092, 1112, 1120, 1132, 1136, 1144, 1148, 1152, 1156, 1164, 1168,
    1180, 1184, 1192, 1200, 1204, 1220, 1232, 1256, 1260, 1268, 1276, 1280,
    1288, 1296, 1312, 1316, 1324, 1336, 1348, 1352, 1368, 1376

Reassigned labels

Runtime: 1.638690710067749

Performance split_log:

IM without threshold:
Map:
{"O_0": "O", "O_1": "O", "O_2": "O"}
token_fitness
{"perc_fit_traces": 100.0, "average_trace_fitness": 1.0, "log_fitness": 1.0, "percentage_of_fitting_traces": 100.0}
precision
0.6478780748077817
0.6923076923076922
generalization
0.9570002129884418

Adjusted Rand Index:
0.33285509325681506



Parameters of this run:

Window size: 3
Threshold for edges: 0
Split candidates: O
Max number of traces: 5000000
Method for distance calculation: Distance.EDIT_DISTANCE
Method for finding clusters: ClusteringMethod.COMMUNITY_DETECTION
Original log location: ./data/noImprInLoop_default_OD\feb16-1625\logs\I_1_LogD_Sequence_feb16-1625.xes.gz
Use frequency: True

Found communities: 

Clustering with 1396 elements and 2 clusters
[0] 0, 1, 4, 5, 8, 9, 12, 13, 16, 17, 20, 21, 24, 25, 28, 29, 32, 33, 36, 37,
    40, 41, 44, 45, 48, 49, 52, 53, 56, 57, 60, 61, 64, 65, 68, 69, 72, 73,
    76, 77, 80, 81, 84, 85, 88, 89, 92, 93, 96, 97, 100, 101, 104, 105, 108,
    109, 112, 113, 116, 117, 120, 121, 124, 125, 128, 129, 132, 133, 136, 137,
    140, 141, 144, 145, 148, 149, 152, 153, 156, 157, 160, 161, 164, 165, 168,
    169, 172, 173, 176, 177, 180, 181, 184, 185, 188, 189, 192, 193, 196, 197,
    200, 201, 204, 205, 208, 209, 212, 213, 216, 217, 220, 221, 224, 225, 228,
    229, 232, 233, 236, 237, 240, 241, 244, 245, 248, 249, 252, 253, 256, 257,
    260, 261, 264, 265, 268, 269, 272, 273, 276, 277, 280, 281, 284, 285, 288,
    289, 292, 293, 296, 297, 300, 301, 304, 305, 308, 309, 312, 313, 316, 317,
    320, 321, 324, 325, 328, 329, 332, 333, 336, 337, 340, 341, 344, 345, 348,
    349, 352, 353, 356, 357, 360, 361, 364, 365, 368, 369, 372, 373, 376, 377,
    380, 381, 384, 385, 388, 389, 392, 393, 396, 397, 400, 401, 404, 405, 408,
    409, 412, 413, 416, 417, 420, 421, 424, 425, 428, 429, 432, 433, 436, 437,
    440, 441, 444, 445, 448, 449, 452, 453, 456, 457, 460, 461, 464, 465, 468,
    469, 472, 473, 476, 477, 480, 481, 484, 485, 488, 489, 492, 493, 496, 497,
    500, 501, 504, 505, 508, 509, 512, 513, 516, 517, 520, 521, 524, 525, 528,
    529, 532, 533, 536, 537, 540, 541, 544, 545, 548, 549, 552, 553, 556, 557,
    560, 561, 564, 565, 568, 569, 572, 573, 576, 577, 580, 581, 584, 585, 588,
    589, 592, 593, 596, 597, 600, 601, 604, 605, 608, 609, 612, 613, 616, 617,
    620, 621, 624, 625, 628, 629, 632, 633, 636, 637, 640, 641, 644, 645, 648,
    649, 652, 653, 656, 657, 660, 661, 664, 665, 668, 669, 672, 673, 676, 677,
    680, 681, 684, 685, 688, 689, 692, 693, 696, 697, 700, 701, 704, 705, 708,
    709, 712, 713, 716, 717, 720, 721, 724, 725, 728, 729, 732, 733, 736, 737,
    740, 741, 744, 745, 748, 749, 752, 753, 756, 757, 760, 761, 764, 765, 768,
    769, 772, 773, 776, 777, 780, 781, 784, 785, 788, 789, 792, 793, 796, 797,
    800, 801, 804, 805, 808, 809, 812, 813, 816, 817, 820, 821, 824, 825, 828,
    829, 832, 833, 836, 837, 840, 841, 844, 845, 848, 849, 852, 853, 856, 857,
    860, 861, 864, 865, 868, 869, 872, 873, 876, 877, 880, 881, 884, 885, 888,
    889, 892, 893, 896, 897, 900, 901, 904, 905, 908, 909, 912, 913, 916, 917,
    920, 921, 924, 925, 928, 929, 932, 933, 936, 937, 940, 941, 944, 945, 948,
    949, 952, 953, 956, 957, 960, 961, 964, 965, 968, 969, 972, 973, 976, 977,
    980, 981, 984, 985, 988, 989, 992, 993, 996, 997, 1000, 1001, 1004, 1005,
    1008, 1009, 1012, 1013, 1016, 1017, 1020, 1021, 1024, 1025, 1028, 1029,
    1032, 1033, 1036, 1037, 1040, 1041, 1044, 1045, 1048, 1049, 1052, 1053,
    1056, 1057, 1060, 1061, 1064, 1065, 1068, 1069, 1072, 1073, 1076, 1077,
    1080, 1081, 1084, 1085, 1088, 1089, 1092, 1093, 1096, 1097, 1100, 1101,
    1104, 1105, 1108, 1109, 1112, 1113, 1116, 1117, 1120, 1121, 1124, 1125,
    1128, 1129, 1132, 1133, 1136, 1137, 1140, 1141, 1144, 1145, 1148, 1149,
    1152, 1153, 1156, 1157, 1160, 1161, 1164, 1165, 1168, 1169, 1172, 1173,
    1176, 1177, 1180, 1181, 1184, 1185, 1188, 1189, 1192, 1193, 1196, 1197,
    1200, 1201, 1204, 1205, 1208, 1209, 1212, 1213, 1216, 1217, 1220, 1221,
    1224, 1225, 1228, 1229, 1232, 1233, 1236, 1237, 1240, 1241, 1244, 1245,
    1248, 1249, 1252, 1253, 1256, 1257, 1260, 1261, 1264, 1265, 1268, 1269,
    1272, 1273, 1276, 1277, 1280, 1281, 1284, 1285, 1288, 1289, 1292, 1293,
    1296, 1297, 1300, 1301, 1304, 1305, 1308, 1309, 1312, 1313, 1316, 1317,
    1320, 1321, 1324, 1325, 1328, 1329, 1332, 1333, 1336, 1337, 1340, 1341,
    1344, 1345, 1348, 1349, 1352, 1353, 1356, 1357, 1360, 1361, 1364, 1365,
    1368, 1369, 1372, 1373, 1376, 1377, 1380, 1381, 1384, 1385, 1388, 1389,
    1392, 1393
[1] 2, 3, 6, 7, 10, 11, 14, 15, 18, 19, 22, 23, 26, 27, 30, 31, 34, 35, 38,
    39, 42, 43, 46, 47, 50, 51, 54, 55, 58, 59, 62, 63, 66, 67, 70, 71, 74,
    75, 78, 79, 82, 83, 86, 87, 90, 91, 94, 95, 98, 99, 102, 103, 106, 107,
    110, 111, 114, 115, 118, 119, 122, 123, 126, 127, 130, 131, 134, 135, 138,
    139, 142, 143, 146, 147, 150, 151, 154, 155, 158, 159, 162, 163, 166, 167,
    170, 171, 174, 175, 178, 179, 182, 183, 186, 187, 190, 191, 194, 195, 198,
    199, 202, 203, 206, 207, 210, 211, 214, 215, 218, 219, 222, 223, 226, 227,
    230, 231, 234, 235, 238, 239, 242, 243, 246, 247, 250, 251, 254, 255, 258,
    259, 262, 263, 266, 267, 270, 271, 274, 275, 278, 279, 282, 283, 286, 287,
    290, 291, 294, 295, 298, 299, 302, 303, 306, 307, 310, 311, 314, 315, 318,
    319, 322, 323, 326, 327, 330, 331, 334, 335, 338, 339, 342, 343, 346, 347,
    350, 351, 354, 355, 358, 359, 362, 363, 366, 367, 370, 371, 374, 375, 378,
    379, 382, 383, 386, 387, 390, 391, 394, 395, 398, 399, 402, 403, 406, 407,
    410, 411, 414, 415, 418, 419, 422, 423, 426, 427, 430, 431, 434, 435, 438,
    439, 442, 443, 446, 447, 450, 451, 454, 455, 458, 459, 462, 463, 466, 467,
    470, 471, 474, 475, 478, 479, 482, 483, 486, 487, 490, 491, 494, 495, 498,
    499, 502, 503, 506, 507, 510, 511, 514, 515, 518, 519, 522, 523, 526, 527,
    530, 531, 534, 535, 538, 539, 542, 543, 546, 547, 550, 551, 554, 555, 558,
    559, 562, 563, 566, 567, 570, 571, 574, 575, 578, 579, 582, 583, 586, 587,
    590, 591, 594, 595, 598, 599, 602, 603, 606, 607, 610, 611, 614, 615, 618,
    619, 622, 623, 626, 627, 630, 631, 634, 635, 638, 639, 642, 643, 646, 647,
    650, 651, 654, 655, 658, 659, 662, 663, 666, 667, 670, 671, 674, 675, 678,
    679, 682, 683, 686, 687, 690, 691, 694, 695, 698, 699, 702, 703, 706, 707,
    710, 711, 714, 715, 718, 719, 722, 723, 726, 727, 730, 731, 734, 735, 738,
    739, 742, 743, 746, 747, 750, 751, 754, 755, 758, 759, 762, 763, 766, 767,
    770, 771, 774, 775, 778, 779, 782, 783, 786, 787, 790, 791, 794, 795, 798,
    799, 802, 803, 806, 807, 810, 811, 814, 815, 818, 819, 822, 823, 826, 827,
    830, 831, 834, 835, 838, 839, 842, 843, 846, 847, 850, 851, 854, 855, 858,
    859, 862, 863, 866, 867, 870, 871, 874, 875, 878, 879, 882, 883, 886, 887,
    890, 891, 894, 895, 898, 899, 902, 903, 906, 907, 910, 911, 914, 915, 918,
    919, 922, 923, 926, 927, 930, 931, 934, 935, 938, 939, 942, 943, 946, 947,
    950, 951, 954, 955, 958, 959, 962, 963, 966, 967, 970, 971, 974, 975, 978,
    979, 982, 983, 986, 987, 990, 991, 994, 995, 998, 999, 1002, 1003, 1006,
    1007, 1010, 1011, 1014, 1015, 1018, 1019, 1022, 1023, 1026, 1027, 1030,
    1031, 1034, 1035, 1038, 1039, 1042, 1043, 1046, 1047, 1050, 1051, 1054,
    1055, 1058, 1059, 1062, 1063, 1066, 1067, 1070, 1071, 1074, 1075, 1078,
    1079, 1082, 1083, 1086, 1087, 1090, 1091, 1094, 1095, 1098, 1099, 1102,
    1103, 1106, 1107, 1110, 1111, 1114, 1115, 1118, 1119, 1122, 1123, 1126,
    1127, 1130, 1131, 1134, 1135, 1138, 1139, 1142, 1143, 1146, 1147, 1150,
    1151, 1154, 1155, 1158, 1159, 1162, 1163, 1166, 1167, 1170, 1171, 1174,
    1175, 1178, 1179, 1182, 1183, 1186, 1187, 1190, 1191, 1194, 1195, 1198,
    1199, 1202, 1203, 1206, 1207, 1210, 1211, 1214, 1215, 1218, 1219, 1222,
    1223, 1226, 1227, 1230, 1231, 1234, 1235, 1238, 1239, 1242, 1243, 1246,
    1247, 1250, 1251, 1254, 1255, 1258, 1259, 1262, 1263, 1266, 1267, 1270,
    1271, 1274, 1275, 1278, 1279, 1282, 1283, 1286, 1287, 1290, 1291, 1294,
    1295, 1298, 1299, 1302, 1303, 1306, 1307, 1310, 1311, 1314, 1315, 1318,
    1319, 1322, 1323, 1326, 1327, 1330, 1331, 1334, 1335, 1338, 1339, 1342,
    1343, 1346, 1347, 1350, 1351, 1354, 1355, 1358, 1359, 1362, 1363, 1366,
    1367, 1370, 1371, 1374, 1375, 1378, 1379, 1382, 1383, 1386, 1387, 1390,
    1391, 1394, 1395

Reassigned labels

Runtime: 2.019110918045044

Performance split_log:

IM without threshold:
Map:
{"O_0": "O", "O_1": "O"}
token_fitness
{"perc_fit_traces": 0.0, "average_trace_fitness": 0.9088702049243688, "log_fitness": 0.9126171555730567, "percentage_of_fitting_traces": 0.0}
precision
0.6163889468506871
0.6949152542372882
generalization
0.7903554925149859

Adjusted Rand Index:
0.49946178686759957



Parameters of this run:

Window size: 3
Threshold for edges: 0.25
Split candidates: O
Max number of traces: 5000000
Method for distance calculation: Distance.EDIT_DISTANCE
Method for finding clusters: ClusteringMethod.COMMUNITY_DETECTION
Original log location: ./data/noImprInLoop_default_OD\feb16-1625\logs\I_1_LogD_Sequence_feb16-1625.xes.gz
Use frequency: True

Found communities: 

Clustering with 1396 elements and 2 clusters
[0] 0, 1, 4, 5, 8, 9, 12, 13, 16, 17, 20, 21, 24, 25, 28, 29, 32, 33, 36, 37,
    40, 41, 44, 45, 48, 49, 52, 53, 56, 57, 60, 61, 64, 65, 68, 69, 72, 73,
    76, 77, 80, 81, 84, 85, 88, 89, 92, 93, 96, 97, 100, 101, 104, 105, 108,
    109, 112, 113, 116, 117, 120, 121, 124, 125, 128, 129, 132, 133, 136, 137,
    140, 141, 144, 145, 148, 149, 152, 153, 156, 157, 160, 161, 164, 165, 168,
    169, 172, 173, 176, 177, 180, 181, 184, 185, 188, 189, 192, 193, 196, 197,
    200, 201, 204, 205, 208, 209, 212, 213, 216, 217, 220, 221, 224, 225, 228,
    229, 232, 233, 236, 237, 240, 241, 244, 245, 248, 249, 252, 253, 256, 257,
    260, 261, 264, 265, 268, 269, 272, 273, 276, 277, 280, 281, 284, 285, 288,
    289, 292, 293, 296, 297, 300, 301, 304, 305, 308, 309, 312, 313, 316, 317,
    320, 321, 324, 325, 328, 329, 332, 333, 336, 337, 340, 341, 344, 345, 348,
    349, 352, 353, 356, 357, 360, 361, 364, 365, 368, 369, 372, 373, 376, 377,
    380, 381, 384, 385, 388, 389, 392, 393, 396, 397, 400, 401, 404, 405, 408,
    409, 412, 413, 416, 417, 420, 421, 424, 425, 428, 429, 432, 433, 436, 437,
    440, 441, 444, 445, 448, 449, 452, 453, 456, 457, 460, 461, 464, 465, 468,
    469, 472, 473, 476, 477, 480, 481, 484, 485, 488, 489, 492, 493, 496, 497,
    500, 501, 504, 505, 508, 509, 512, 513, 516, 517, 520, 521, 524, 525, 528,
    529, 532, 533, 536, 537, 540, 541, 544, 545, 548, 549, 552, 553, 556, 557,
    560, 561, 564, 565, 568, 569, 572, 573, 576, 577, 580, 581, 584, 585, 588,
    589, 592, 593, 596, 597, 600, 601, 604, 605, 608, 609, 612, 613, 616, 617,
    620, 621, 624, 625, 628, 629, 632, 633, 636, 637, 640, 641, 644, 645, 648,
    649, 652, 653, 656, 657, 660, 661, 664, 665, 668, 669, 672, 673, 676, 677,
    680, 681, 684, 685, 688, 689, 692, 693, 696, 697, 700, 701, 704, 705, 708,
    709, 712, 713, 716, 717, 720, 721, 724, 725, 728, 729, 732, 733, 736, 737,
    740, 741, 744, 745, 748, 749, 752, 753, 756, 757, 760, 761, 764, 765, 768,
    769, 772, 773, 776, 777, 780, 781, 784, 785, 788, 789, 792, 793, 796, 797,
    800, 801, 804, 805, 808, 809, 812, 813, 816, 817, 820, 821, 824, 825, 828,
    829, 832, 833, 836, 837, 840, 841, 844, 845, 848, 849, 852, 853, 856, 857,
    860, 861, 864, 865, 868, 869, 872, 873, 876, 877, 880, 881, 884, 885, 888,
    889, 892, 893, 896, 897, 900, 901, 904, 905, 908, 909, 912, 913, 916, 917,
    920, 921, 924, 925, 928, 929, 932, 933, 936, 937, 940, 941, 944, 945, 948,
    949, 952, 953, 956, 957, 960, 961, 964, 965, 968, 969, 972, 973, 976, 977,
    980, 981, 984, 985, 988, 989, 992, 993, 996, 997, 1000, 1001, 1004, 1005,
    1008, 1009, 1012, 1013, 1016, 1017, 1020, 1021, 1024, 1025, 1028, 1029,
    1032, 1033, 1036, 1037, 1040, 1041, 1044, 1045, 1048, 1049, 1052, 1053,
    1056, 1057, 1060, 1061, 1064, 1065, 1068, 1069, 1072, 1073, 1076, 1077,
    1080, 1081, 1084, 1085, 1088, 1089, 1092, 1093, 1096, 1097, 1100, 1101,
    1104, 1105, 1108, 1109, 1112, 1113, 1116, 1117, 1120, 1121, 1124, 1125,
    1128, 1129, 1132, 1133, 1136, 1137, 1140, 1141, 1144, 1145, 1148, 1149,
    1152, 1153, 1156, 1157, 1160, 1161, 1164, 1165, 1168, 1169, 1172, 1173,
    1176, 1177, 1180, 1181, 1184, 1185, 1188, 1189, 1192, 1193, 1196, 1197,
    1200, 1201, 1204, 1205, 1208, 1209, 1212, 1213, 1216, 1217, 1220, 1221,
    1224, 1225, 1228, 1229, 1232, 1233, 1236, 1237, 1240, 1241, 1244, 1245,
    1248, 1249, 1252, 1253, 1256, 1257, 1260, 1261, 1264, 1265, 1268, 1269,
    1272, 1273, 1276, 1277, 1280, 1281, 1284, 1285, 1288, 1289, 1292, 1293,
    1296, 1297, 1300, 1301, 1304, 1305, 1308, 1309, 1312, 1313, 1316, 1317,
    1320, 1321, 1324, 1325, 1328, 1329, 1332, 1333, 1336, 1337, 1340, 1341,
    1344, 1345, 1348, 1349, 1352, 1353, 1356, 1357, 1360, 1361, 1364, 1365,
    1368, 1369, 1372, 1373, 1376, 1377, 1380, 1381, 1384, 1385, 1388, 1389,
    1392, 1393
[1] 2, 3, 6, 7, 10, 11, 14, 15, 18, 19, 22, 23, 26, 27, 30, 31, 34, 35, 38,
    39, 42, 43, 46, 47, 50, 51, 54, 55, 58, 59, 62, 63, 66, 67, 70, 71, 74,
    75, 78, 79, 82, 83, 86, 87, 90, 91, 94, 95, 98, 99, 102, 103, 106, 107,
    110, 111, 114, 115, 118, 119, 122, 123, 126, 127, 130, 131, 134, 135, 138,
    139, 142, 143, 146, 147, 150, 151, 154, 155, 158, 159, 162, 163, 166, 167,
    170, 171, 174, 175, 178, 179, 182, 183, 186, 187, 190, 191, 194, 195, 198,
    199, 202, 203, 206, 207, 210, 211, 214, 215, 218, 219, 222, 223, 226, 227,
    230, 231, 234, 235, 238, 239, 242, 243, 246, 247, 250, 251, 254, 255, 258,
    259, 262, 263, 266, 267, 270, 271, 274, 275, 278, 279, 282, 283, 286, 287,
    290, 291, 294, 295, 298, 299, 302, 303, 306, 307, 310, 311, 314, 315, 318,
    319, 322, 323, 326, 327, 330, 331, 334, 335, 338, 339, 342, 343, 346, 347,
    350, 351, 354, 355, 358, 359, 362, 363, 366, 367, 370, 371, 374, 375, 378,
    379, 382, 383, 386, 387, 390, 391, 394, 395, 398, 399, 402, 403, 406, 407,
    410, 411, 414, 415, 418, 419, 422, 423, 426, 427, 430, 431, 434, 435, 438,
    439, 442, 443, 446, 447, 450, 451, 454, 455, 458, 459, 462, 463, 466, 467,
    470, 471, 474, 475, 478, 479, 482, 483, 486, 487, 490, 491, 494, 495, 498,
    499, 502, 503, 506, 507, 510, 511, 514, 515, 518, 519, 522, 523, 526, 527,
    530, 531, 534, 535, 538, 539, 542, 543, 546, 547, 550, 551, 554, 555, 558,
    559, 562, 563, 566, 567, 570, 571, 574, 575, 578, 579, 582, 583, 586, 587,
    590, 591, 594, 595, 598, 599, 602, 603, 606, 607, 610, 611, 614, 615, 618,
    619, 622, 623, 626, 627, 630, 631, 634, 635, 638, 639, 642, 643, 646, 647,
    650, 651, 654, 655, 658, 659, 662, 663, 666, 667, 670, 671, 674, 675, 678,
    679, 682, 683, 686, 687, 690, 691, 694, 695, 698, 699, 702, 703, 706, 707,
    710, 711, 714, 715, 718, 719, 722, 723, 726, 727, 730, 731, 734, 735, 738,
    739, 742, 743, 746, 747, 750, 751, 754, 755, 758, 759, 762, 763, 766, 767,
    770, 771, 774, 775, 778, 779, 782, 783, 786, 787, 790, 791, 794, 795, 798,
    799, 802, 803, 806, 807, 810, 811, 814, 815, 818, 819, 822, 823, 826, 827,
    830, 831, 834, 835, 838, 839, 842, 843, 846, 847, 850, 851, 854, 855, 858,
    859, 862, 863, 866, 867, 870, 871, 874, 875, 878, 879, 882, 883, 886, 887,
    890, 891, 894, 895, 898, 899, 902, 903, 906, 907, 910, 911, 914, 915, 918,
    919, 922, 923, 926, 927, 930, 931, 934, 935, 938, 939, 942, 943, 946, 947,
    950, 951, 954, 955, 958, 959, 962, 963, 966, 967, 970, 971, 974, 975, 978,
    979, 982, 983, 986, 987, 990, 991, 994, 995, 998, 999, 1002, 1003, 1006,
    1007, 1010, 1011, 1014, 1015, 1018, 1019, 1022, 1023, 1026, 1027, 1030,
    1031, 1034, 1035, 1038, 1039, 1042, 1043, 1046, 1047, 1050, 1051, 1054,
    1055, 1058, 1059, 1062, 1063, 1066, 1067, 1070, 1071, 1074, 1075, 1078,
    1079, 1082, 1083, 1086, 1087, 1090, 1091, 1094, 1095, 1098, 1099, 1102,
    1103, 1106, 1107, 1110, 1111, 1114, 1115, 1118, 1119, 1122, 1123, 1126,
    1127, 1130, 1131, 1134, 1135, 1138, 1139, 1142, 1143, 1146, 1147, 1150,
    1151, 1154, 1155, 1158, 1159, 1162, 1163, 1166, 1167, 1170, 1171, 1174,
    1175, 1178, 1179, 1182, 1183, 1186, 1187, 1190, 1191, 1194, 1195, 1198,
    1199, 1202, 1203, 1206, 1207, 1210, 1211, 1214, 1215, 1218, 1219, 1222,
    1223, 1226, 1227, 1230, 1231, 1234, 1235, 1238, 1239, 1242, 1243, 1246,
    1247, 1250, 1251, 1254, 1255, 1258, 1259, 1262, 1263, 1266, 1267, 1270,
    1271, 1274, 1275, 1278, 1279, 1282, 1283, 1286, 1287, 1290, 1291, 1294,
    1295, 1298, 1299, 1302, 1303, 1306, 1307, 1310, 1311, 1314, 1315, 1318,
    1319, 1322, 1323, 1326, 1327, 1330, 1331, 1334, 1335, 1338, 1339, 1342,
    1343, 1346, 1347, 1350, 1351, 1354, 1355, 1358, 1359, 1362, 1363, 1366,
    1367, 1370, 1371, 1374, 1375, 1378, 1379, 1382, 1383, 1386, 1387, 1390,
    1391, 1394, 1395

Reassigned labels

Runtime: 1.7853164672851562

Performance split_log:

IM without threshold:
Map:
{"O_0": "O", "O_1": "O"}
token_fitness
{"perc_fit_traces": 0.0, "average_trace_fitness": 0.9088702049243688, "log_fitness": 0.9126171555730567, "percentage_of_fitting_traces": 0.0}
precision
0.6163889468506871
0.6949152542372882
generalization
0.7903554925149859

Adjusted Rand Index:
0.49946178686759957



Parameters of this run:

Window size: 3
Threshold for edges: 0.5
Split candidates: O
Max number of traces: 5000000
Method for distance calculation: Distance.EDIT_DISTANCE
Method for finding clusters: ClusteringMethod.COMMUNITY_DETECTION
Original log location: ./data/noImprInLoop_default_OD\feb16-1625\logs\I_1_LogD_Sequence_feb16-1625.xes.gz
Use frequency: True

Found communities: 

Clustering with 1396 elements and 2 clusters
[0] 0, 1, 4, 5, 8, 9, 12, 13, 16, 17, 20, 21, 24, 25, 28, 29, 32, 33, 36, 37,
    40, 41, 44, 45, 48, 49, 52, 53, 56, 57, 60, 61, 64, 65, 68, 69, 72, 73,
    76, 77, 80, 81, 84, 85, 88, 89, 92, 93, 96, 97, 100, 101, 104, 105, 108,
    109, 112, 113, 116, 117, 120, 121, 124, 125, 128, 129, 132, 133, 136, 137,
    140, 141, 144, 145, 148, 149, 152, 153, 156, 157, 160, 161, 164, 165, 168,
    169, 172, 173, 176, 177, 180, 181, 184, 185, 188, 189, 192, 193, 196, 197,
    200, 201, 204, 205, 208, 209, 212, 213, 216, 217, 220, 221, 224, 225, 228,
    229, 232, 233, 236, 237, 240, 241, 244, 245, 248, 249, 252, 253, 256, 257,
    260, 261, 264, 265, 268, 269, 272, 273, 276, 277, 280, 281, 284, 285, 288,
    289, 292, 293, 296, 297, 300, 301, 304, 305, 308, 309, 312, 313, 316, 317,
    320, 321, 324, 325, 328, 329, 332, 333, 336, 337, 340, 341, 344, 345, 348,
    349, 352, 353, 356, 357, 360, 361, 364, 365, 368, 369, 372, 373, 376, 377,
    380, 381, 384, 385, 388, 389, 392, 393, 396, 397, 400, 401, 404, 405, 408,
    409, 412, 413, 416, 417, 420, 421, 424, 425, 428, 429, 432, 433, 436, 437,
    440, 441, 444, 445, 448, 449, 452, 453, 456, 457, 460, 461, 464, 465, 468,
    469, 472, 473, 476, 477, 480, 481, 484, 485, 488, 489, 492, 493, 496, 497,
    500, 501, 504, 505, 508, 509, 512, 513, 516, 517, 520, 521, 524, 525, 528,
    529, 532, 533, 536, 537, 540, 541, 544, 545, 548, 549, 552, 553, 556, 557,
    560, 561, 564, 565, 568, 569, 572, 573, 576, 577, 580, 581, 584, 585, 588,
    589, 592, 593, 596, 597, 600, 601, 604, 605, 608, 609, 612, 613, 616, 617,
    620, 621, 624, 625, 628, 629, 632, 633, 636, 637, 640, 641, 644, 645, 648,
    649, 652, 653, 656, 657, 660, 661, 664, 665, 668, 669, 672, 673, 676, 677,
    680, 681, 684, 685, 688, 689, 692, 693, 696, 697, 700, 701, 704, 705, 708,
    709, 712, 713, 716, 717, 720, 721, 724, 725, 728, 729, 732, 733, 736, 737,
    740, 741, 744, 745, 748, 749, 752, 753, 756, 757, 760, 761, 764, 765, 768,
    769, 772, 773, 776, 777, 780, 781, 784, 785, 788, 789, 792, 793, 796, 797,
    800, 801, 804, 805, 808, 809, 812, 813, 816, 817, 820, 821, 824, 825, 828,
    829, 832, 833, 836, 837, 840, 841, 844, 845, 848, 849, 852, 853, 856, 857,
    860, 861, 864, 865, 868, 869, 872, 873, 876, 877, 880, 881, 884, 885, 888,
    889, 892, 893, 896, 897, 900, 901, 904, 905, 908, 909, 912, 913, 916, 917,
    920, 921, 924, 925, 928, 929, 932, 933, 936, 937, 940, 941, 944, 945, 948,
    949, 952, 953, 956, 957, 960, 961, 964, 965, 968, 969, 972, 973, 976, 977,
    980, 981, 984, 985, 988, 989, 992, 993, 996, 997, 1000, 1001, 1004, 1005,
    1008, 1009, 1012, 1013, 1016, 1017, 1020, 1021, 1024, 1025, 1028, 1029,
    1032, 1033, 1036, 1037, 1040, 1041, 1044, 1045, 1048, 1049, 1052, 1053,
    1056, 1057, 1060, 1061, 1064, 1065, 1068, 1069, 1072, 1073, 1076, 1077,
    1080, 1081, 1084, 1085, 1088, 1089, 1092, 1093, 1096, 1097, 1100, 1101,
    1104, 1105, 1108, 1109, 1112, 1113, 1116, 1117, 1120, 1121, 1124, 1125,
    1128, 1129, 1132, 1133, 1136, 1137, 1140, 1141, 1144, 1145, 1148, 1149,
    1152, 1153, 1156, 1157, 1160, 1161, 1164, 1165, 1168, 1169, 1172, 1173,
    1176, 1177, 1180, 1181, 1184, 1185, 1188, 1189, 1192, 1193, 1196, 1197,
    1200, 1201, 1204, 1205, 1208, 1209, 1212, 1213, 1216, 1217, 1220, 1221,
    1224, 1225, 1228, 1229, 1232, 1233, 1236, 1237, 1240, 1241, 1244, 1245,
    1248, 1249, 1252, 1253, 1256, 1257, 1260, 1261, 1264, 1265, 1268, 1269,
    1272, 1273, 1276, 1277, 1280, 1281, 1284, 1285, 1288, 1289, 1292, 1293,
    1296, 1297, 1300, 1301, 1304, 1305, 1308, 1309, 1312, 1313, 1316, 1317,
    1320, 1321, 1324, 1325, 1328, 1329, 1332, 1333, 1336, 1337, 1340, 1341,
    1344, 1345, 1348, 1349, 1352, 1353, 1356, 1357, 1360, 1361, 1364, 1365,
    1368, 1369, 1372, 1373, 1376, 1377, 1380, 1381, 1384, 1385, 1388, 1389,
    1392, 1393
[1] 2, 3, 6, 7, 10, 11, 14, 15, 18, 19, 22, 23, 26, 27, 30, 31, 34, 35, 38,
    39, 42, 43, 46, 47, 50, 51, 54, 55, 58, 59, 62, 63, 66, 67, 70, 71, 74,
    75, 78, 79, 82, 83, 86, 87, 90, 91, 94, 95, 98, 99, 102, 103, 106, 107,
    110, 111, 114, 115, 118, 119, 122, 123, 126, 127, 130, 131, 134, 135, 138,
    139, 142, 143, 146, 147, 150, 151, 154, 155, 158, 159, 162, 163, 166, 167,
    170, 171, 174, 175, 178, 179, 182, 183, 186, 187, 190, 191, 194, 195, 198,
    199, 202, 203, 206, 207, 210, 211, 214, 215, 218, 219, 222, 223, 226, 227,
    230, 231, 234, 235, 238, 239, 242, 243, 246, 247, 250, 251, 254, 255, 258,
    259, 262, 263, 266, 267, 270, 271, 274, 275, 278, 279, 282, 283, 286, 287,
    290, 291, 294, 295, 298, 299, 302, 303, 306, 307, 310, 311, 314, 315, 318,
    319, 322, 323, 326, 327, 330, 331, 334, 335, 338, 339, 342, 343, 346, 347,
    350, 351, 354, 355, 358, 359, 362, 363, 366, 367, 370, 371, 374, 375, 378,
    379, 382, 383, 386, 387, 390, 391, 394, 395, 398, 399, 402, 403, 406, 407,
    410, 411, 414, 415, 418, 419, 422, 423, 426, 427, 430, 431, 434, 435, 438,
    439, 442, 443, 446, 447, 450, 451, 454, 455, 458, 459, 462, 463, 466, 467,
    470, 471, 474, 475, 478, 479, 482, 483, 486, 487, 490, 491, 494, 495, 498,
    499, 502, 503, 506, 507, 510, 511, 514, 515, 518, 519, 522, 523, 526, 527,
    530, 531, 534, 535, 538, 539, 542, 543, 546, 547, 550, 551, 554, 555, 558,
    559, 562, 563, 566, 567, 570, 571, 574, 575, 578, 579, 582, 583, 586, 587,
    590, 591, 594, 595, 598, 599, 602, 603, 606, 607, 610, 611, 614, 615, 618,
    619, 622, 623, 626, 627, 630, 631, 634, 635, 638, 639, 642, 643, 646, 647,
    650, 651, 654, 655, 658, 659, 662, 663, 666, 667, 670, 671, 674, 675, 678,
    679, 682, 683, 686, 687, 690, 691, 694, 695, 698, 699, 702, 703, 706, 707,
    710, 711, 714, 715, 718, 719, 722, 723, 726, 727, 730, 731, 734, 735, 738,
    739, 742, 743, 746, 747, 750, 751, 754, 755, 758, 759, 762, 763, 766, 767,
    770, 771, 774, 775, 778, 779, 782, 783, 786, 787, 790, 791, 794, 795, 798,
    799, 802, 803, 806, 807, 810, 811, 814, 815, 818, 819, 822, 823, 826, 827,
    830, 831, 834, 835, 838, 839, 842, 843, 846, 847, 850, 851, 854, 855, 858,
    859, 862, 863, 866, 867, 870, 871, 874, 875, 878, 879, 882, 883, 886, 887,
    890, 891, 894, 895, 898, 899, 902, 903, 906, 907, 910, 911, 914, 915, 918,
    919, 922, 923, 926, 927, 930, 931, 934, 935, 938, 939, 942, 943, 946, 947,
    950, 951, 954, 955, 958, 959, 962, 963, 966, 967, 970, 971, 974, 975, 978,
    979, 982, 983, 986, 987, 990, 991, 994, 995, 998, 999, 1002, 1003, 1006,
    1007, 1010, 1011, 1014, 1015, 1018, 1019, 1022, 1023, 1026, 1027, 1030,
    1031, 1034, 1035, 1038, 1039, 1042, 1043, 1046, 1047, 1050, 1051, 1054,
    1055, 1058, 1059, 1062, 1063, 1066, 1067, 1070, 1071, 1074, 1075, 1078,
    1079, 1082, 1083, 1086, 1087, 1090, 1091, 1094, 1095, 1098, 1099, 1102,
    1103, 1106, 1107, 1110, 1111, 1114, 1115, 1118, 1119, 1122, 1123, 1126,
    1127, 1130, 1131, 1134, 1135, 1138, 1139, 1142, 1143, 1146, 1147, 1150,
    1151, 1154, 1155, 1158, 1159, 1162, 1163, 1166, 1167, 1170, 1171, 1174,
    1175, 1178, 1179, 1182, 1183, 1186, 1187, 1190, 1191, 1194, 1195, 1198,
    1199, 1202, 1203, 1206, 1207, 1210, 1211, 1214, 1215, 1218, 1219, 1222,
    1223, 1226, 1227, 1230, 1231, 1234, 1235, 1238, 1239, 1242, 1243, 1246,
    1247, 1250, 1251, 1254, 1255, 1258, 1259, 1262, 1263, 1266, 1267, 1270,
    1271, 1274, 1275, 1278, 1279, 1282, 1283, 1286, 1287, 1290, 1291, 1294,
    1295, 1298, 1299, 1302, 1303, 1306, 1307, 1310, 1311, 1314, 1315, 1318,
    1319, 1322, 1323, 1326, 1327, 1330, 1331, 1334, 1335, 1338, 1339, 1342,
    1343, 1346, 1347, 1350, 1351, 1354, 1355, 1358, 1359, 1362, 1363, 1366,
    1367, 1370, 1371, 1374, 1375, 1378, 1379, 1382, 1383, 1386, 1387, 1390,
    1391, 1394, 1395

Reassigned labels

Runtime: 1.795511245727539

Performance split_log:

IM without threshold:
Map:
{"O_0": "O", "O_1": "O"}
token_fitness
{"perc_fit_traces": 0.0, "average_trace_fitness": 0.9555623088960822, "log_fitness": 0.9573050977713261, "percentage_of_fitting_traces": 0.0}
precision
0.6478780748077817
0.6949152542372882
generalization
0.7903554925149859

Adjusted Rand Index:
0.49946178686759957



Parameters of this run:

Window size: 3
Threshold for edges: 0.75
Split candidates: O
Max number of traces: 5000000
Method for distance calculation: Distance.EDIT_DISTANCE
Method for finding clusters: ClusteringMethod.COMMUNITY_DETECTION
Original log location: ./data/noImprInLoop_default_OD\feb16-1625\logs\I_1_LogD_Sequence_feb16-1625.xes.gz
Use frequency: True

Found communities: 

Clustering with 1396 elements and 7 clusters
[0] 2, 3, 6, 7, 10, 11, 14, 15, 18, 19, 22, 23, 26, 27, 30, 31, 34, 35, 38,
    39, 42, 43, 46, 47, 50, 51, 54, 55, 58, 59, 62, 63, 66, 67, 70, 71, 74,
    75, 78, 79, 82, 83, 86, 87, 90, 91, 94, 95, 98, 99, 102, 103, 106, 107,
    110, 111, 114, 115, 118, 119, 122, 123, 126, 127, 130, 131, 134, 135, 138,
    139, 142, 143, 146, 147, 150, 151, 154, 155, 158, 159, 162, 163, 166, 167,
    170, 171, 174, 175, 178, 179, 182, 183, 186, 187, 190, 191, 194, 195, 198,
    199, 202, 203, 206, 207, 210, 211, 214, 215, 218, 219, 222, 223, 226, 227,
    230, 231, 234, 235, 238, 239, 242, 243, 246, 247, 250, 251, 254, 255, 258,
    259, 262, 263, 266, 267, 270, 271, 274, 275, 278, 279, 282, 283, 286, 287,
    290, 291, 294, 295, 298, 299, 302, 303, 306, 307, 310, 311, 314, 315, 318,
    319, 322, 323, 326, 327, 330, 331, 334, 335, 338, 339, 342, 343, 346, 347,
    350, 351, 354, 355, 358, 359, 362, 363, 366, 367, 370, 371, 374, 375, 378,
    379, 382, 383, 386, 387, 390, 391, 394, 395, 398, 399, 402, 403, 406, 407,
    410, 411, 414, 415, 418, 419, 422, 423, 426, 427, 430, 431, 434, 435, 438,
    439, 442, 443, 446, 447, 450, 451, 454, 455, 458, 459, 462, 463, 466, 467,
    470, 471, 474, 475, 478, 479, 482, 483, 486, 487, 490, 491, 494, 495, 498,
    499, 502, 503, 506, 507, 510, 511, 514, 515, 518, 519, 522, 523, 526, 527,
    530, 531, 534, 535, 538, 539, 542, 543, 546, 547, 550, 551, 554, 555, 558,
    559, 562, 563, 566, 567, 570, 571, 574, 575, 578, 579, 582, 583, 586, 587,
    590, 591, 594, 595, 598, 599, 602, 603, 606, 607, 610, 611, 614, 615, 618,
    619, 622, 623, 626, 627, 630, 631, 634, 635, 638, 639, 642, 643, 646, 647,
    650, 651, 654, 655, 658, 659, 662, 663, 666, 667, 670, 671, 674, 675, 678,
    679, 682, 683, 686, 687, 690, 691, 694, 695, 698, 699, 702, 703, 706, 707,
    710, 711, 714, 715, 718, 719, 722, 723, 726, 727, 730, 731, 734, 735, 738,
    739, 742, 743, 746, 747, 750, 751, 754, 755, 758, 759, 762, 763, 766, 767,
    770, 771, 774, 775, 778, 779, 782, 783, 786, 787, 790, 791, 794, 795, 798,
    799, 802, 803, 806, 807, 810, 811, 814, 815, 818, 819, 822, 823, 826, 827,
    830, 831, 834, 835, 838, 839, 842, 843, 846, 847, 850, 851, 854, 855, 858,
    859, 862, 863, 866, 867, 870, 871, 874, 875, 878, 879, 882, 883, 886, 887,
    890, 891, 894, 895, 898, 899, 902, 903, 906, 907, 910, 911, 914, 915, 918,
    919, 922, 923, 926, 927, 930, 931, 934, 935, 938, 939, 942, 943, 946, 947,
    950, 951, 954, 955, 958, 959, 962, 963, 966, 967, 970, 971, 974, 975, 978,
    979, 982, 983, 986, 987, 990, 991, 994, 995, 998, 999, 1002, 1003, 1006,
    1007, 1010, 1011, 1014, 1015, 1018, 1019, 1022, 1023, 1026, 1027, 1030,
    1031, 1034, 1035, 1038, 1039, 1042, 1043, 1046, 1047, 1050, 1051, 1054,
    1055, 1058, 1059, 1062, 1063, 1066, 1067, 1070, 1071, 1074, 1075, 1078,
    1079, 1082, 1083, 1086, 1087, 1090, 1091, 1094, 1095, 1098, 1099, 1102,
    1103, 1106, 1107, 1110, 1111, 1114, 1115, 1118, 1119, 1122, 1123, 1126,
    1127, 1130, 1131, 1134, 1135, 1138, 1139, 1142, 1143, 1146, 1147, 1150,
    1151, 1154, 1155, 1158, 1159, 1162, 1163, 1166, 1167, 1170, 1171, 1174,
    1175, 1178, 1179, 1182, 1183, 1186, 1187, 1190, 1191, 1194, 1195, 1198,
    1199, 1202, 1203, 1206, 1207, 1210, 1211, 1214, 1215, 1218, 1219, 1222,
    1223, 1226, 1227, 1230, 1231, 1234, 1235, 1238, 1239, 1242, 1243, 1246,
    1247, 1250, 1251, 1254, 1255, 1258, 1259, 1262, 1263, 1266, 1267, 1270,
    1271, 1274, 1275, 1278, 1279, 1282, 1283, 1286, 1287, 1290, 1291, 1294,
    1295, 1298, 1299, 1302, 1303, 1306, 1307, 1310, 1311, 1314, 1315, 1318,
    1319, 1322, 1323, 1326, 1327, 1330, 1331, 1334, 1335, 1338, 1339, 1342,
    1343, 1346, 1347, 1350, 1351, 1354, 1355, 1358, 1359, 1362, 1363, 1366,
    1367, 1370, 1371, 1374, 1375, 1378, 1379, 1382, 1383, 1386, 1387, 1390,
    1391, 1394, 1395
[1] 9, 29, 33, 37, 45, 57, 61, 65, 73, 81, 85, 89, 97, 101, 105, 109, 113,
    117, 129, 133, 145, 157, 161, 173, 181, 185, 197, 205, 209, 213, 217, 225,
    229, 237, 241, 245, 249, 253, 261, 273, 277, 281, 285, 293, 297, 309, 317,
    325, 333, 337, 341, 345, 349, 353, 361, 365, 381, 385, 397, 413, 429, 433,
    437, 453, 477, 485, 489, 493, 505, 513, 517, 529, 537, 541, 549, 553, 565,
    569, 577, 581, 585, 589, 593, 597, 613, 617, 621, 637, 641, 645, 649, 661,
    665, 673, 677, 681, 693, 701, 705, 709, 713, 717, 721, 729, 737, 741, 745,
    749, 753, 757, 761, 765, 777, 781, 785, 789, 793, 797, 805, 809, 821, 825,
    833, 837, 841, 845, 849, 853, 861, 869, 873, 889, 893, 897, 901, 905, 909,
    929, 937, 945, 949, 957, 961, 969, 981, 985, 989, 993, 997, 1001, 1005,
    1009, 1021, 1025, 1033, 1037, 1041, 1045, 1049, 1053, 1061, 1065, 1073,
    1081, 1085, 1089, 1097, 1101, 1105, 1109, 1117, 1125, 1129, 1141, 1161,
    1173, 1177, 1189, 1197, 1209, 1213, 1217, 1225, 1229, 1237, 1241, 1245,
    1249, 1253, 1265, 1273, 1285, 1293, 1301, 1305, 1309, 1321, 1329, 1333,
    1341, 1345, 1357, 1361, 1365, 1373, 1381, 1385, 1389, 1393
[2] 1, 5, 13, 17, 21, 25, 41, 49, 53, 69, 77, 93, 121, 125, 137, 141, 149,
    153, 165, 169, 177, 189, 193, 201, 221, 233, 257, 265, 269, 289, 301, 305,
    313, 321, 329, 357, 369, 373, 377, 389, 393, 401, 405, 409, 417, 421, 425,
    441, 445, 449, 457, 461, 465, 469, 473, 481, 497, 501, 509, 521, 525, 533,
    545, 557, 561, 573, 601, 605, 609, 625, 629, 633, 653, 657, 669, 685, 689,
    697, 725, 733, 769, 773, 801, 813, 817, 829, 857, 865, 877, 881, 885, 913,
    917, 921, 925, 933, 941, 953, 965, 973, 977, 1013, 1017, 1029, 1057, 1069,
    1077, 1093, 1113, 1121, 1133, 1137, 1145, 1149, 1153, 1157, 1165, 1169,
    1181, 1185, 1193, 1201, 1205, 1221, 1233, 1257, 1261, 1269, 1277, 1281,
    1289, 1297, 1313, 1317, 1325, 1337, 1349, 1353, 1369, 1377
[3] 8, 36, 56, 72, 88, 96, 104, 108, 112, 116, 144, 156, 172, 180, 184, 204,
    208, 212, 224, 236, 244, 252, 276, 292, 296, 316, 340, 352, 360, 364, 384,
    428, 432, 484, 488, 492, 504, 516, 536, 540, 552, 564, 568, 584, 596, 612,
    616, 636, 640, 644, 648, 660, 676, 700, 704, 712, 720, 728, 740, 744, 752,
    756, 760, 764, 776, 780, 792, 808, 824, 832, 836, 852, 872, 888, 900, 908,
    928, 944, 948, 960, 980, 984, 988, 996, 1000, 1004, 1020, 1024, 1044,
    1048, 1052, 1060, 1072, 1084, 1096, 1100, 1104, 1108, 1116, 1128, 1140,
    1160, 1188, 1196, 1212, 1224, 1240, 1244, 1248, 1264, 1284, 1308, 1320,
    1332, 1340, 1344, 1356, 1364, 1372, 1392
[4] 28, 32, 44, 60, 64, 80, 84, 100, 128, 132, 160, 196, 216, 228, 240, 248,
    260, 272, 280, 284, 308, 324, 332, 336, 344, 348, 380, 396, 412, 436, 452,
    476, 512, 528, 548, 576, 580, 588, 592, 620, 664, 672, 680, 692, 708, 716,
    736, 748, 784, 788, 796, 804, 820, 840, 844, 848, 860, 868, 892, 896, 904,
    936, 956, 968, 992, 1008, 1032, 1036, 1040, 1064, 1080, 1088, 1124, 1172,
    1176, 1208, 1216, 1228, 1236, 1252, 1272, 1292, 1300, 1304, 1328, 1360,
    1380, 1384, 1388
[5] 0, 4, 16, 24, 40, 48, 52, 120, 152, 164, 176, 192, 220, 232, 256, 288,
    300, 304, 320, 372, 376, 388, 400, 408, 416, 420, 424, 440, 444, 448, 456,
    464, 472, 496, 500, 520, 532, 572, 624, 628, 632, 652, 656, 688, 724, 772,
    800, 856, 864, 876, 880, 884, 916, 920, 924, 952, 964, 976, 1012, 1028,
    1056, 1076, 1112, 1136, 1144, 1148, 1164, 1168, 1184, 1192, 1200, 1204,
    1220, 1232, 1256, 1260, 1268, 1280, 1296, 1312, 1316, 1336, 1368
[6] 12, 20, 68, 76, 92, 124, 136, 140, 148, 168, 188, 200, 264, 268, 312, 328,
    356, 368, 392, 404, 460, 468, 480, 508, 524, 544, 556, 560, 600, 604, 608,
    668, 684, 696, 732, 768, 812, 816, 828, 912, 932, 940, 972, 1016, 1068,
    1092, 1120, 1132, 1152, 1156, 1180, 1276, 1288, 1324, 1348, 1352, 1376

Reassigned labels

Runtime: 1.5374863147735596

Performance split_log:

IM without threshold:
Map:
{"O_0": "O", "O_1": "O", "O_2": "O", "O_3": "O", "O_4": "O", "O_5": "O", "O_6": "O"}
token_fitness
{"perc_fit_traces": 0.0, "average_trace_fitness": 0.9088702049243688, "log_fitness": 0.9126171555730567, "percentage_of_fitting_traces": 0.0}
precision
0.6163889468506871
0.7142857142857143
generalization
0.727127053113787

Adjusted Rand Index:
0.5450181862735747



Parameters of this run:

Window size: 3
Threshold for edges: 1
Split candidates: O
Max number of traces: 5000000
Method for distance calculation: Distance.EDIT_DISTANCE
Method for finding clusters: ClusteringMethod.COMMUNITY_DETECTION
Original log location: ./data/noImprInLoop_default_OD\feb16-1625\logs\I_1_LogD_Sequence_feb16-1625.xes.gz
Use frequency: True

Found communities: 

Clustering with 1396 elements and 17 clusters
[ 0] 3, 7, 11, 15, 19, 23, 27, 31, 35, 39, 43, 47, 51, 55, 59, 63, 67, 71, 75,
     79, 83, 87, 91, 95, 99, 103, 107, 111, 115, 119, 123, 127, 131, 135, 139,
     143, 147, 151, 155, 159, 163, 167, 171, 175, 179, 183, 187, 191, 195,
     199, 203, 207, 211, 215, 219, 223, 227, 231, 235, 239, 243, 247, 251,
     255, 259, 263, 267, 271, 275, 279, 283, 287, 291, 295, 299, 303, 307,
     311, 315, 319, 323, 327, 331, 335, 339, 343, 347, 351, 355, 359, 363,
     367, 371, 375, 379, 383, 387, 391, 395, 399, 403, 407, 411, 415, 419,
     423, 427, 431, 435, 439, 443, 447, 451, 455, 459, 463, 467, 471, 475,
     479, 483, 487, 491, 495, 499, 503, 507, 511, 515, 519, 523, 527, 531,
     535, 539, 543, 547, 551, 555, 559, 563, 567, 571, 575, 579, 583, 587,
     591, 595, 599, 603, 607, 611, 615, 619, 623, 627, 631, 635, 639, 643,
     647, 651, 655, 659, 663, 667, 671, 675, 679, 683, 687, 691, 695, 699,
     703, 707, 711, 715, 719, 723, 727, 731, 735, 739, 743, 747, 751, 755,
     759, 763, 767, 771, 775, 779, 783, 787, 791, 795, 799, 803, 807, 811,
     815, 819, 823, 827, 831, 835, 839, 843, 847, 851, 855, 859, 863, 867,
     871, 875, 879, 883, 887, 891, 895, 899, 903, 907, 911, 915, 919, 923,
     927, 931, 935, 939, 943, 947, 951, 955, 959, 963, 967, 971, 975, 979,
     983, 987, 991, 995, 999, 1003, 1007, 1011, 1015, 1019, 1023, 1027, 1031,
     1035, 1039, 1043, 1047, 1051, 1055, 1059, 1063, 1067, 1071, 1075, 1079,
     1083, 1087, 1091, 1095, 1099, 1103, 1107, 1111, 1115, 1119, 1123, 1127,
     1131, 1135, 1139, 1143, 1147, 1151, 1155, 1159, 1163, 1167, 1171, 1175,
     1179, 1183, 1187, 1191, 1195, 1199, 1203, 1207, 1211, 1215, 1219, 1223,
     1227, 1231, 1235, 1239, 1243, 1247, 1251, 1255, 1259, 1263, 1267, 1271,
     1275, 1279, 1283, 1287, 1291, 1295, 1299, 1303, 1307, 1311, 1315, 1319,
     1323, 1327, 1331, 1335, 1339, 1343, 1347, 1351, 1355, 1359, 1363, 1367,
     1371, 1375, 1379, 1383, 1387, 1391, 1395
[ 1] 10, 30, 34, 38, 46, 58, 62, 66, 74, 82, 86, 90, 98, 102, 106, 110, 114,
     118, 130, 134, 146, 158, 162, 174, 182, 186, 198, 206, 210, 214, 218,
     226, 230, 238, 242, 246, 250, 254, 262, 274, 278, 282, 286, 294, 298,
     310, 318, 326, 334, 338, 342, 346, 350, 354, 362, 366, 382, 386, 398,
     414, 430, 434, 438, 454, 478, 486, 490, 494, 506, 514, 518, 530, 538,
     542, 550, 554, 566, 570, 578, 582, 586, 590, 594, 598, 614, 618, 622,
     638, 642, 646, 650, 662, 666, 674, 678, 682, 694, 702, 706, 710, 714,
     718, 722, 730, 738, 742, 746, 750, 754, 758, 762, 766, 778, 782, 786,
     790, 794, 798, 806, 810, 822, 826, 834, 838, 842, 846, 850, 854, 862,
     870, 874, 890, 894, 898, 902, 906, 910, 930, 938, 946, 950, 958, 962,
     970, 982, 986, 990, 994, 998, 1002, 1006, 1010, 1022, 1026, 1034, 1038,
     1042, 1046, 1050, 1054, 1062, 1066, 1074, 1082, 1086, 1090, 1098, 1102,
     1106, 1110, 1118, 1126, 1130, 1142, 1162, 1174, 1178, 1190, 1198, 1210,
     1214, 1218, 1226, 1230, 1238, 1242, 1246, 1250, 1254, 1266, 1274, 1286,
     1294, 1302, 1306, 1310, 1322, 1330, 1334, 1342, 1346, 1358, 1362, 1366,
     1374, 1382, 1386, 1390, 1394
[ 2] 2, 6, 14, 18, 22, 26, 42, 50, 54, 70, 78, 94, 122, 126, 138, 142, 150,
     154, 166, 170, 178, 190, 194, 202, 222, 234, 258, 266, 270, 290, 302,
     306, 314, 322, 330, 358, 370, 374, 378, 390, 394, 402, 406, 410, 418,
     422, 426, 442, 446, 450, 458, 462, 466, 470, 474, 482, 498, 502, 510,
     522, 526, 534, 546, 558, 562, 574, 602, 606, 610, 626, 630, 634, 654,
     658, 670, 686, 690, 698, 726, 734, 770, 774, 802, 814, 818, 830, 858,
     866, 878, 882, 886, 914, 918, 922, 926, 934, 942, 954, 966, 974, 978,
     1014, 1018, 1030, 1058, 1070, 1078, 1094, 1114, 1122, 1134, 1138, 1146,
     1150, 1154, 1158, 1166, 1170, 1182, 1186, 1194, 1202, 1206, 1222, 1234,
     1258, 1262, 1270, 1278, 1282, 1290, 1298, 1314, 1318, 1326, 1338, 1350,
     1354, 1370, 1378
[ 3] 9, 37, 57, 73, 89, 97, 105, 109, 113, 117, 145, 157, 173, 181, 185, 205,
     209, 213, 225, 237, 245, 253, 277, 293, 297, 317, 341, 353, 361, 365,
     385, 429, 433, 485, 489, 493, 505, 517, 537, 541, 553, 565, 569, 585,
     597, 613, 617, 637, 641, 645, 649, 661, 677, 701, 705, 713, 721, 729,
     741, 745, 753, 757, 761, 765, 777, 781, 793, 809, 825, 833, 837, 853,
     873, 889, 901, 909, 929, 945, 949, 961, 981, 985, 989, 997, 1001, 1005,
     1021, 1025, 1045, 1049, 1053, 1061, 1073, 1085, 1097, 1101, 1105, 1109,
     1117, 1129, 1141, 1161, 1189, 1197, 1213, 1225, 1241, 1245, 1249, 1265,
     1285, 1309, 1321, 1333, 1341, 1345, 1357, 1365, 1373, 1393
[ 4] 29, 33, 45, 61, 65, 81, 85, 101, 129, 133, 161, 197, 217, 229, 241, 249,
     261, 273, 281, 285, 309, 325, 333, 337, 345, 349, 381, 397, 413, 437,
     453, 477, 513, 529, 549, 577, 581, 589, 593, 621, 665, 673, 681, 693,
     709, 717, 737, 749, 785, 789, 797, 805, 821, 841, 845, 849, 861, 869,
     893, 897, 905, 937, 957, 969, 993, 1009, 1033, 1037, 1041, 1065, 1081,
     1089, 1125, 1173, 1177, 1209, 1217, 1229, 1237, 1253, 1273, 1293, 1301,
     1305, 1329, 1361, 1381, 1385, 1389
[ 5] 1, 5, 17, 25, 41, 49, 53, 121, 153, 165, 177, 193, 221, 233, 257, 289,
     301, 305, 321, 373, 377, 389, 401, 409, 417, 421, 425, 441, 445, 449,
     457, 465, 473, 497, 501, 521, 533, 573, 625, 629, 633, 653, 657, 689,
     725, 773, 801, 857, 865, 877, 881, 885, 917, 921, 925, 953, 965, 977,
     1013, 1029, 1057, 1077, 1113, 1137, 1145, 1149, 1165, 1169, 1185, 1193,
     1201, 1205, 1221, 1233, 1257, 1261, 1269, 1281, 1297, 1313, 1317, 1337,
     1369
[ 6] 13, 21, 69, 77, 93, 125, 137, 141, 149, 169, 189, 201, 265, 269, 313,
     329, 357, 369, 393, 405, 461, 469, 481, 509, 525, 545, 557, 561, 601,
     605, 609, 669, 685, 697, 733, 769, 813, 817, 829, 913, 933, 941, 973,
     1017, 1069, 1093, 1121, 1133, 1153, 1157, 1181, 1277, 1289, 1325, 1349,
     1353, 1377
[ 7] 32, 64, 80, 100, 128, 160, 196, 216, 228, 240, 260, 272, 280, 284, 336,
     380, 396, 412, 436, 476, 512, 548, 576, 580, 592, 620, 672, 708, 784,
     820, 840, 844, 860, 868, 904, 968, 1008, 1032, 1036, 1040, 1064, 1080,
     1124, 1172, 1176, 1208, 1216, 1236, 1272, 1300, 1304, 1328, 1360, 1380,
     1384, 1388
[ 8] 24, 40, 52, 152, 164, 192, 232, 288, 372, 376, 400, 408, 420, 424, 440,
     448, 464, 472, 496, 500, 520, 532, 572, 624, 628, 632, 656, 688, 724,
     800, 864, 880, 916, 952, 1028, 1076, 1136, 1144, 1148, 1164, 1220, 1232,
     1256, 1260, 1280, 1296, 1312, 1316, 1336, 1368
[ 9] 56, 96, 112, 116, 144, 156, 208, 212, 236, 252, 352, 428, 432, 492, 504,
     536, 540, 564, 568, 612, 636, 700, 728, 740, 756, 776, 832, 872, 900,
     928, 960, 984, 988, 1000, 1020, 1024, 1052, 1096, 1108, 1116, 1160, 1212,
     1240, 1248, 1308, 1320, 1332, 1356, 1364, 1372
[10] 36, 72, 88, 108, 172, 180, 184, 204, 292, 296, 316, 340, 364, 516, 616,
     640, 644, 660, 676, 712, 744, 752, 760, 764, 780, 792, 824, 836, 888,
     908, 944, 980, 996, 1072, 1084, 1128, 1140, 1188, 1196, 1244, 1284, 1344
[11] 0, 4, 16, 48, 120, 176, 220, 256, 300, 304, 320, 388, 416, 444, 456, 652,
     772, 856, 876, 884, 920, 924, 964, 976, 1012, 1056, 1112, 1168, 1184,
     1192, 1200, 1204, 1268
[12] 28, 44, 60, 84, 132, 248, 308, 324, 332, 344, 348, 452, 528, 588, 664,
     680, 692, 716, 736, 748, 788, 796, 804, 848, 892, 896, 936, 956, 992,
     1088, 1228, 1252, 1292
[13] 8, 104, 224, 244, 276, 360, 384, 484, 488, 552, 584, 596, 648, 704, 720,
     808, 852, 948, 1004, 1044, 1048, 1060, 1100, 1104, 1224, 1264, 1340, 1392
[14] 12, 20, 92, 148, 168, 268, 312, 328, 356, 404, 524, 556, 560, 600, 608,
     668, 768, 812, 816, 1092, 1152, 1156, 1180, 1276, 1324, 1376
[15] 68, 124, 136, 140, 200, 264, 604, 684, 696, 732, 912, 1016, 1068, 1120,
     1288, 1348, 1352
[16] 76, 188, 368, 392, 460, 468, 480, 508, 544, 828, 932, 940, 972, 1132

Reassigned labels

Runtime: 1.4084761142730713

Performance split_log:

IM without threshold:
Map:
{"O_0": "O", "O_1": "O", "O_2": "O", "O_3": "O", "O_4": "O", "O_5": "O", "O_6": "O", "O_7": "O", "O_8": "O", "O_9": "O", "O_10": "O", "O_11": "O", "O_12": "O", "O_13": "O", "O_14": "O", "O_15": "O", "O_16": "O"}
token_fitness
{"perc_fit_traces": 0.0, "average_trace_fitness": 0.8293962619065482, "log_fitness": 0.8396253020996974, "percentage_of_fitting_traces": 0.0}
precision
0.6163889468506871
0.7142857142857143
generalization
0.6142552339921683

Adjusted Rand Index:
0.30955494435361636



Parameters of this run:

Window size: 3
Threshold for edges: 0
Split candidates: O
Max number of traces: 5000000
Method for distance calculation: Distance.SET_DISTANCE
Method for finding clusters: ClusteringMethod.COMMUNITY_DETECTION
Original log location: ./data/noImprInLoop_default_OD\feb16-1625\logs\I_1_LogD_Sequence_feb16-1625.xes.gz
Use frequency: True

Found communities: 

Clustering with 1396 elements and 2 clusters
[0] 0, 1, 4, 5, 8, 9, 12, 13, 16, 17, 20, 21, 24, 25, 28, 29, 32, 33, 36, 37,
    40, 41, 44, 45, 48, 49, 52, 53, 56, 57, 60, 61, 64, 65, 68, 69, 72, 73,
    76, 77, 80, 81, 84, 85, 88, 89, 92, 93, 96, 97, 100, 101, 104, 105, 108,
    109, 112, 113, 116, 117, 120, 121, 124, 125, 128, 129, 132, 133, 136, 137,
    140, 141, 144, 145, 148, 149, 152, 153, 156, 157, 160, 161, 164, 165, 168,
    169, 172, 173, 176, 177, 180, 181, 184, 185, 188, 189, 192, 193, 196, 197,
    200, 201, 204, 205, 208, 209, 212, 213, 216, 217, 220, 221, 224, 225, 228,
    229, 232, 233, 236, 237, 240, 241, 244, 245, 248, 249, 252, 253, 256, 257,
    260, 261, 264, 265, 268, 269, 272, 273, 276, 277, 280, 281, 284, 285, 288,
    289, 292, 293, 296, 297, 300, 301, 304, 305, 308, 309, 312, 313, 316, 317,
    320, 321, 324, 325, 328, 329, 332, 333, 336, 337, 340, 341, 344, 345, 348,
    349, 352, 353, 356, 357, 360, 361, 364, 365, 368, 369, 372, 373, 376, 377,
    380, 381, 384, 385, 388, 389, 392, 393, 396, 397, 400, 401, 404, 405, 408,
    409, 412, 413, 416, 417, 420, 421, 424, 425, 428, 429, 432, 433, 436, 437,
    440, 441, 444, 445, 448, 449, 452, 453, 456, 457, 460, 461, 464, 465, 468,
    469, 472, 473, 476, 477, 480, 481, 484, 485, 488, 489, 492, 493, 496, 497,
    500, 501, 504, 505, 508, 509, 512, 513, 516, 517, 520, 521, 524, 525, 528,
    529, 532, 533, 536, 537, 540, 541, 544, 545, 548, 549, 552, 553, 556, 557,
    560, 561, 564, 565, 568, 569, 572, 573, 576, 577, 580, 581, 584, 585, 588,
    589, 592, 593, 596, 597, 600, 601, 604, 605, 608, 609, 612, 613, 616, 617,
    620, 621, 624, 625, 628, 629, 632, 633, 636, 637, 640, 641, 644, 645, 648,
    649, 652, 653, 656, 657, 660, 661, 664, 665, 668, 669, 672, 673, 676, 677,
    680, 681, 684, 685, 688, 689, 692, 693, 696, 697, 700, 701, 704, 705, 708,
    709, 712, 713, 716, 717, 720, 721, 724, 725, 728, 729, 732, 733, 736, 737,
    740, 741, 744, 745, 748, 749, 752, 753, 756, 757, 760, 761, 764, 765, 768,
    769, 772, 773, 776, 777, 780, 781, 784, 785, 788, 789, 792, 793, 796, 797,
    800, 801, 804, 805, 808, 809, 812, 813, 816, 817, 820, 821, 824, 825, 828,
    829, 832, 833, 836, 837, 840, 841, 844, 845, 848, 849, 852, 853, 856, 857,
    860, 861, 864, 865, 868, 869, 872, 873, 876, 877, 880, 881, 884, 885, 888,
    889, 892, 893, 896, 897, 900, 901, 904, 905, 908, 909, 912, 913, 916, 917,
    920, 921, 924, 925, 928, 929, 932, 933, 936, 937, 940, 941, 944, 945, 948,
    949, 952, 953, 956, 957, 960, 961, 964, 965, 968, 969, 972, 973, 976, 977,
    980, 981, 984, 985, 988, 989, 992, 993, 996, 997, 1000, 1001, 1004, 1005,
    1008, 1009, 1012, 1013, 1016, 1017, 1020, 1021, 1024, 1025, 1028, 1029,
    1032, 1033, 1036, 1037, 1040, 1041, 1044, 1045, 1048, 1049, 1052, 1053,
    1056, 1057, 1060, 1061, 1064, 1065, 1068, 1069, 1072, 1073, 1076, 1077,
    1080, 1081, 1084, 1085, 1088, 1089, 1092, 1093, 1096, 1097, 1100, 1101,
    1104, 1105, 1108, 1109, 1112, 1113, 1116, 1117, 1120, 1121, 1124, 1125,
    1128, 1129, 1132, 1133, 1136, 1137, 1140, 1141, 1144, 1145, 1148, 1149,
    1152, 1153, 1156, 1157, 1160, 1161, 1164, 1165, 1168, 1169, 1172, 1173,
    1176, 1177, 1180, 1181, 1184, 1185, 1188, 1189, 1192, 1193, 1196, 1197,
    1200, 1201, 1204, 1205, 1208, 1209, 1212, 1213, 1216, 1217, 1220, 1221,
    1224, 1225, 1228, 1229, 1232, 1233, 1236, 1237, 1240, 1241, 1244, 1245,
    1248, 1249, 1252, 1253, 1256, 1257, 1260, 1261, 1264, 1265, 1268, 1269,
    1272, 1273, 1276, 1277, 1280, 1281, 1284, 1285, 1288, 1289, 1292, 1293,
    1296, 1297, 1300, 1301, 1304, 1305, 1308, 1309, 1312, 1313, 1316, 1317,
    1320, 1321, 1324, 1325, 1328, 1329, 1332, 1333, 1336, 1337, 1340, 1341,
    1344, 1345, 1348, 1349, 1352, 1353, 1356, 1357, 1360, 1361, 1364, 1365,
    1368, 1369, 1372, 1373, 1376, 1377, 1380, 1381, 1384, 1385, 1388, 1389,
    1392, 1393
[1] 2, 3, 6, 7, 10, 11, 14, 15, 18, 19, 22, 23, 26, 27, 30, 31, 34, 35, 38,
    39, 42, 43, 46, 47, 50, 51, 54, 55, 58, 59, 62, 63, 66, 67, 70, 71, 74,
    75, 78, 79, 82, 83, 86, 87, 90, 91, 94, 95, 98, 99, 102, 103, 106, 107,
    110, 111, 114, 115, 118, 119, 122, 123, 126, 127, 130, 131, 134, 135, 138,
    139, 142, 143, 146, 147, 150, 151, 154, 155, 158, 159, 162, 163, 166, 167,
    170, 171, 174, 175, 178, 179, 182, 183, 186, 187, 190, 191, 194, 195, 198,
    199, 202, 203, 206, 207, 210, 211, 214, 215, 218, 219, 222, 223, 226, 227,
    230, 231, 234, 235, 238, 239, 242, 243, 246, 247, 250, 251, 254, 255, 258,
    259, 262, 263, 266, 267, 270, 271, 274, 275, 278, 279, 282, 283, 286, 287,
    290, 291, 294, 295, 298, 299, 302, 303, 306, 307, 310, 311, 314, 315, 318,
    319, 322, 323, 326, 327, 330, 331, 334, 335, 338, 339, 342, 343, 346, 347,
    350, 351, 354, 355, 358, 359, 362, 363, 366, 367, 370, 371, 374, 375, 378,
    379, 382, 383, 386, 387, 390, 391, 394, 395, 398, 399, 402, 403, 406, 407,
    410, 411, 414, 415, 418, 419, 422, 423, 426, 427, 430, 431, 434, 435, 438,
    439, 442, 443, 446, 447, 450, 451, 454, 455, 458, 459, 462, 463, 466, 467,
    470, 471, 474, 475, 478, 479, 482, 483, 486, 487, 490, 491, 494, 495, 498,
    499, 502, 503, 506, 507, 510, 511, 514, 515, 518, 519, 522, 523, 526, 527,
    530, 531, 534, 535, 538, 539, 542, 543, 546, 547, 550, 551, 554, 555, 558,
    559, 562, 563, 566, 567, 570, 571, 574, 575, 578, 579, 582, 583, 586, 587,
    590, 591, 594, 595, 598, 599, 602, 603, 606, 607, 610, 611, 614, 615, 618,
    619, 622, 623, 626, 627, 630, 631, 634, 635, 638, 639, 642, 643, 646, 647,
    650, 651, 654, 655, 658, 659, 662, 663, 666, 667, 670, 671, 674, 675, 678,
    679, 682, 683, 686, 687, 690, 691, 694, 695, 698, 699, 702, 703, 706, 707,
    710, 711, 714, 715, 718, 719, 722, 723, 726, 727, 730, 731, 734, 735, 738,
    739, 742, 743, 746, 747, 750, 751, 754, 755, 758, 759, 762, 763, 766, 767,
    770, 771, 774, 775, 778, 779, 782, 783, 786, 787, 790, 791, 794, 795, 798,
    799, 802, 803, 806, 807, 810, 811, 814, 815, 818, 819, 822, 823, 826, 827,
    830, 831, 834, 835, 838, 839, 842, 843, 846, 847, 850, 851, 854, 855, 858,
    859, 862, 863, 866, 867, 870, 871, 874, 875, 878, 879, 882, 883, 886, 887,
    890, 891, 894, 895, 898, 899, 902, 903, 906, 907, 910, 911, 914, 915, 918,
    919, 922, 923, 926, 927, 930, 931, 934, 935, 938, 939, 942, 943, 946, 947,
    950, 951, 954, 955, 958, 959, 962, 963, 966, 967, 970, 971, 974, 975, 978,
    979, 982, 983, 986, 987, 990, 991, 994, 995, 998, 999, 1002, 1003, 1006,
    1007, 1010, 1011, 1014, 1015, 1018, 1019, 1022, 1023, 1026, 1027, 1030,
    1031, 1034, 1035, 1038, 1039, 1042, 1043, 1046, 1047, 1050, 1051, 1054,
    1055, 1058, 1059, 1062, 1063, 1066, 1067, 1070, 1071, 1074, 1075, 1078,
    1079, 1082, 1083, 1086, 1087, 1090, 1091, 1094, 1095, 1098, 1099, 1102,
    1103, 1106, 1107, 1110, 1111, 1114, 1115, 1118, 1119, 1122, 1123, 1126,
    1127, 1130, 1131, 1134, 1135, 1138, 1139, 1142, 1143, 1146, 1147, 1150,
    1151, 1154, 1155, 1158, 1159, 1162, 1163, 1166, 1167, 1170, 1171, 1174,
    1175, 1178, 1179, 1182, 1183, 1186, 1187, 1190, 1191, 1194, 1195, 1198,
    1199, 1202, 1203, 1206, 1207, 1210, 1211, 1214, 1215, 1218, 1219, 1222,
    1223, 1226, 1227, 1230, 1231, 1234, 1235, 1238, 1239, 1242, 1243, 1246,
    1247, 1250, 1251, 1254, 1255, 1258, 1259, 1262, 1263, 1266, 1267, 1270,
    1271, 1274, 1275, 1278, 1279, 1282, 1283, 1286, 1287, 1290, 1291, 1294,
    1295, 1298, 1299, 1302, 1303, 1306, 1307, 1310, 1311, 1314, 1315, 1318,
    1319, 1322, 1323, 1326, 1327, 1330, 1331, 1334, 1335, 1338, 1339, 1342,
    1343, 1346, 1347, 1350, 1351, 1354, 1355, 1358, 1359, 1362, 1363, 1366,
    1367, 1370, 1371, 1374, 1375, 1378, 1379, 1382, 1383, 1386, 1387, 1390,
    1391, 1394, 1395

Reassigned labels

Runtime: 2.1209917068481445

Performance split_log:

IM without threshold:
Map:
{"O_0": "O", "O_1": "O"}
token_fitness
{"perc_fit_traces": 0.0, "average_trace_fitness": 0.9088702049243688, "log_fitness": 0.9126171555730567, "percentage_of_fitting_traces": 0.0}
precision
0.6163889468506871
0.6949152542372882
generalization
0.7903554925149859

Adjusted Rand Index:
0.49946178686759957



Parameters of this run:

Window size: 3
Threshold for edges: 0.25
Split candidates: O
Max number of traces: 5000000
Method for distance calculation: Distance.SET_DISTANCE
Method for finding clusters: ClusteringMethod.COMMUNITY_DETECTION
Original log location: ./data/noImprInLoop_default_OD\feb16-1625\logs\I_1_LogD_Sequence_feb16-1625.xes.gz
Use frequency: True

Found communities: 

Clustering with 1396 elements and 2 clusters
[0] 0, 1, 4, 5, 8, 9, 12, 13, 16, 17, 20, 21, 24, 25, 28, 29, 32, 33, 36, 37,
    40, 41, 44, 45, 48, 49, 52, 53, 56, 57, 60, 61, 64, 65, 68, 69, 72, 73,
    76, 77, 80, 81, 84, 85, 88, 89, 92, 93, 96, 97, 100, 101, 104, 105, 108,
    109, 112, 113, 116, 117, 120, 121, 124, 125, 128, 129, 132, 133, 136, 137,
    140, 141, 144, 145, 148, 149, 152, 153, 156, 157, 160, 161, 164, 165, 168,
    169, 172, 173, 176, 177, 180, 181, 184, 185, 188, 189, 192, 193, 196, 197,
    200, 201, 204, 205, 208, 209, 212, 213, 216, 217, 220, 221, 224, 225, 228,
    229, 232, 233, 236, 237, 240, 241, 244, 245, 248, 249, 252, 253, 256, 257,
    260, 261, 264, 265, 268, 269, 272, 273, 276, 277, 280, 281, 284, 285, 288,
    289, 292, 293, 296, 297, 300, 301, 304, 305, 308, 309, 312, 313, 316, 317,
    320, 321, 324, 325, 328, 329, 332, 333, 336, 337, 340, 341, 344, 345, 348,
    349, 352, 353, 356, 357, 360, 361, 364, 365, 368, 369, 372, 373, 376, 377,
    380, 381, 384, 385, 388, 389, 392, 393, 396, 397, 400, 401, 404, 405, 408,
    409, 412, 413, 416, 417, 420, 421, 424, 425, 428, 429, 432, 433, 436, 437,
    440, 441, 444, 445, 448, 449, 452, 453, 456, 457, 460, 461, 464, 465, 468,
    469, 472, 473, 476, 477, 480, 481, 484, 485, 488, 489, 492, 493, 496, 497,
    500, 501, 504, 505, 508, 509, 512, 513, 516, 517, 520, 521, 524, 525, 528,
    529, 532, 533, 536, 537, 540, 541, 544, 545, 548, 549, 552, 553, 556, 557,
    560, 561, 564, 565, 568, 569, 572, 573, 576, 577, 580, 581, 584, 585, 588,
    589, 592, 593, 596, 597, 600, 601, 604, 605, 608, 609, 612, 613, 616, 617,
    620, 621, 624, 625, 628, 629, 632, 633, 636, 637, 640, 641, 644, 645, 648,
    649, 652, 653, 656, 657, 660, 661, 664, 665, 668, 669, 672, 673, 676, 677,
    680, 681, 684, 685, 688, 689, 692, 693, 696, 697, 700, 701, 704, 705, 708,
    709, 712, 713, 716, 717, 720, 721, 724, 725, 728, 729, 732, 733, 736, 737,
    740, 741, 744, 745, 748, 749, 752, 753, 756, 757, 760, 761, 764, 765, 768,
    769, 772, 773, 776, 777, 780, 781, 784, 785, 788, 789, 792, 793, 796, 797,
    800, 801, 804, 805, 808, 809, 812, 813, 816, 817, 820, 821, 824, 825, 828,
    829, 832, 833, 836, 837, 840, 841, 844, 845, 848, 849, 852, 853, 856, 857,
    860, 861, 864, 865, 868, 869, 872, 873, 876, 877, 880, 881, 884, 885, 888,
    889, 892, 893, 896, 897, 900, 901, 904, 905, 908, 909, 912, 913, 916, 917,
    920, 921, 924, 925, 928, 929, 932, 933, 936, 937, 940, 941, 944, 945, 948,
    949, 952, 953, 956, 957, 960, 961, 964, 965, 968, 969, 972, 973, 976, 977,
    980, 981, 984, 985, 988, 989, 992, 993, 996, 997, 1000, 1001, 1004, 1005,
    1008, 1009, 1012, 1013, 1016, 1017, 1020, 1021, 1024, 1025, 1028, 1029,
    1032, 1033, 1036, 1037, 1040, 1041, 1044, 1045, 1048, 1049, 1052, 1053,
    1056, 1057, 1060, 1061, 1064, 1065, 1068, 1069, 1072, 1073, 1076, 1077,
    1080, 1081, 1084, 1085, 1088, 1089, 1092, 1093, 1096, 1097, 1100, 1101,
    1104, 1105, 1108, 1109, 1112, 1113, 1116, 1117, 1120, 1121, 1124, 1125,
    1128, 1129, 1132, 1133, 1136, 1137, 1140, 1141, 1144, 1145, 1148, 1149,
    1152, 1153, 1156, 1157, 1160, 1161, 1164, 1165, 1168, 1169, 1172, 1173,
    1176, 1177, 1180, 1181, 1184, 1185, 1188, 1189, 1192, 1193, 1196, 1197,
    1200, 1201, 1204, 1205, 1208, 1209, 1212, 1213, 1216, 1217, 1220, 1221,
    1224, 1225, 1228, 1229, 1232, 1233, 1236, 1237, 1240, 1241, 1244, 1245,
    1248, 1249, 1252, 1253, 1256, 1257, 1260, 1261, 1264, 1265, 1268, 1269,
    1272, 1273, 1276, 1277, 1280, 1281, 1284, 1285, 1288, 1289, 1292, 1293,
    1296, 1297, 1300, 1301, 1304, 1305, 1308, 1309, 1312, 1313, 1316, 1317,
    1320, 1321, 1324, 1325, 1328, 1329, 1332, 1333, 1336, 1337, 1340, 1341,
    1344, 1345, 1348, 1349, 1352, 1353, 1356, 1357, 1360, 1361, 1364, 1365,
    1368, 1369, 1372, 1373, 1376, 1377, 1380, 1381, 1384, 1385, 1388, 1389,
    1392, 1393
[1] 2, 3, 6, 7, 10, 11, 14, 15, 18, 19, 22, 23, 26, 27, 30, 31, 34, 35, 38,
    39, 42, 43, 46, 47, 50, 51, 54, 55, 58, 59, 62, 63, 66, 67, 70, 71, 74,
    75, 78, 79, 82, 83, 86, 87, 90, 91, 94, 95, 98, 99, 102, 103, 106, 107,
    110, 111, 114, 115, 118, 119, 122, 123, 126, 127, 130, 131, 134, 135, 138,
    139, 142, 143, 146, 147, 150, 151, 154, 155, 158, 159, 162, 163, 166, 167,
    170, 171, 174, 175, 178, 179, 182, 183, 186, 187, 190, 191, 194, 195, 198,
    199, 202, 203, 206, 207, 210, 211, 214, 215, 218, 219, 222, 223, 226, 227,
    230, 231, 234, 235, 238, 239, 242, 243, 246, 247, 250, 251, 254, 255, 258,
    259, 262, 263, 266, 267, 270, 271, 274, 275, 278, 279, 282, 283, 286, 287,
    290, 291, 294, 295, 298, 299, 302, 303, 306, 307, 310, 311, 314, 315, 318,
    319, 322, 323, 326, 327, 330, 331, 334, 335, 338, 339, 342, 343, 346, 347,
    350, 351, 354, 355, 358, 359, 362, 363, 366, 367, 370, 371, 374, 375, 378,
    379, 382, 383, 386, 387, 390, 391, 394, 395, 398, 399, 402, 403, 406, 407,
    410, 411, 414, 415, 418, 419, 422, 423, 426, 427, 430, 431, 434, 435, 438,
    439, 442, 443, 446, 447, 450, 451, 454, 455, 458, 459, 462, 463, 466, 467,
    470, 471, 474, 475, 478, 479, 482, 483, 486, 487, 490, 491, 494, 495, 498,
    499, 502, 503, 506, 507, 510, 511, 514, 515, 518, 519, 522, 523, 526, 527,
    530, 531, 534, 535, 538, 539, 542, 543, 546, 547, 550, 551, 554, 555, 558,
    559, 562, 563, 566, 567, 570, 571, 574, 575, 578, 579, 582, 583, 586, 587,
    590, 591, 594, 595, 598, 599, 602, 603, 606, 607, 610, 611, 614, 615, 618,
    619, 622, 623, 626, 627, 630, 631, 634, 635, 638, 639, 642, 643, 646, 647,
    650, 651, 654, 655, 658, 659, 662, 663, 666, 667, 670, 671, 674, 675, 678,
    679, 682, 683, 686, 687, 690, 691, 694, 695, 698, 699, 702, 703, 706, 707,
    710, 711, 714, 715, 718, 719, 722, 723, 726, 727, 730, 731, 734, 735, 738,
    739, 742, 743, 746, 747, 750, 751, 754, 755, 758, 759, 762, 763, 766, 767,
    770, 771, 774, 775, 778, 779, 782, 783, 786, 787, 790, 791, 794, 795, 798,
    799, 802, 803, 806, 807, 810, 811, 814, 815, 818, 819, 822, 823, 826, 827,
    830, 831, 834, 835, 838, 839, 842, 843, 846, 847, 850, 851, 854, 855, 858,
    859, 862, 863, 866, 867, 870, 871, 874, 875, 878, 879, 882, 883, 886, 887,
    890, 891, 894, 895, 898, 899, 902, 903, 906, 907, 910, 911, 914, 915, 918,
    919, 922, 923, 926, 927, 930, 931, 934, 935, 938, 939, 942, 943, 946, 947,
    950, 951, 954, 955, 958, 959, 962, 963, 966, 967, 970, 971, 974, 975, 978,
    979, 982, 983, 986, 987, 990, 991, 994, 995, 998, 999, 1002, 1003, 1006,
    1007, 1010, 1011, 1014, 1015, 1018, 1019, 1022, 1023, 1026, 1027, 1030,
    1031, 1034, 1035, 1038, 1039, 1042, 1043, 1046, 1047, 1050, 1051, 1054,
    1055, 1058, 1059, 1062, 1063, 1066, 1067, 1070, 1071, 1074, 1075, 1078,
    1079, 1082, 1083, 1086, 1087, 1090, 1091, 1094, 1095, 1098, 1099, 1102,
    1103, 1106, 1107, 1110, 1111, 1114, 1115, 1118, 1119, 1122, 1123, 1126,
    1127, 1130, 1131, 1134, 1135, 1138, 1139, 1142, 1143, 1146, 1147, 1150,
    1151, 1154, 1155, 1158, 1159, 1162, 1163, 1166, 1167, 1170, 1171, 1174,
    1175, 1178, 1179, 1182, 1183, 1186, 1187, 1190, 1191, 1194, 1195, 1198,
    1199, 1202, 1203, 1206, 1207, 1210, 1211, 1214, 1215, 1218, 1219, 1222,
    1223, 1226, 1227, 1230, 1231, 1234, 1235, 1238, 1239, 1242, 1243, 1246,
    1247, 1250, 1251, 1254, 1255, 1258, 1259, 1262, 1263, 1266, 1267, 1270,
    1271, 1274, 1275, 1278, 1279, 1282, 1283, 1286, 1287, 1290, 1291, 1294,
    1295, 1298, 1299, 1302, 1303, 1306, 1307, 1310, 1311, 1314, 1315, 1318,
    1319, 1322, 1323, 1326, 1327, 1330, 1331, 1334, 1335, 1338, 1339, 1342,
    1343, 1346, 1347, 1350, 1351, 1354, 1355, 1358, 1359, 1362, 1363, 1366,
    1367, 1370, 1371, 1374, 1375, 1378, 1379, 1382, 1383, 1386, 1387, 1390,
    1391, 1394, 1395

Reassigned labels

Runtime: 2.0280566215515137

Performance split_log:

IM without threshold:
Map:
{"O_0": "O", "O_1": "O"}
token_fitness
{"perc_fit_traces": 0.0, "average_trace_fitness": 0.9555623088960822, "log_fitness": 0.9573050977713261, "percentage_of_fitting_traces": 0.0}
precision
0.6478780748077817
0.6949152542372882
generalization
0.7903554925149859

Adjusted Rand Index:
0.49946178686759957



Parameters of this run:

Window size: 3
Threshold for edges: 0.5
Split candidates: O
Max number of traces: 5000000
Method for distance calculation: Distance.SET_DISTANCE
Method for finding clusters: ClusteringMethod.COMMUNITY_DETECTION
Original log location: ./data/noImprInLoop_default_OD\feb16-1625\logs\I_1_LogD_Sequence_feb16-1625.xes.gz
Use frequency: True

Found communities: 

Clustering with 1396 elements and 2 clusters
[0] 0, 1, 4, 5, 8, 9, 12, 13, 16, 17, 20, 21, 24, 25, 28, 29, 32, 33, 36, 37,
    40, 41, 44, 45, 48, 49, 52, 53, 56, 57, 60, 61, 64, 65, 68, 69, 72, 73,
    76, 77, 80, 81, 84, 85, 88, 89, 92, 93, 96, 97, 100, 101, 104, 105, 108,
    109, 112, 113, 116, 117, 120, 121, 124, 125, 128, 129, 132, 133, 136, 137,
    140, 141, 144, 145, 148, 149, 152, 153, 156, 157, 160, 161, 164, 165, 168,
    169, 172, 173, 176, 177, 180, 181, 184, 185, 188, 189, 192, 193, 196, 197,
    200, 201, 204, 205, 208, 209, 212, 213, 216, 217, 220, 221, 224, 225, 228,
    229, 232, 233, 236, 237, 240, 241, 244, 245, 248, 249, 252, 253, 256, 257,
    260, 261, 264, 265, 268, 269, 272, 273, 276, 277, 280, 281, 284, 285, 288,
    289, 292, 293, 296, 297, 300, 301, 304, 305, 308, 309, 312, 313, 316, 317,
    320, 321, 324, 325, 328, 329, 332, 333, 336, 337, 340, 341, 344, 345, 348,
    349, 352, 353, 356, 357, 360, 361, 364, 365, 368, 369, 372, 373, 376, 377,
    380, 381, 384, 385, 388, 389, 392, 393, 396, 397, 400, 401, 404, 405, 408,
    409, 412, 413, 416, 417, 420, 421, 424, 425, 428, 429, 432, 433, 436, 437,
    440, 441, 444, 445, 448, 449, 452, 453, 456, 457, 460, 461, 464, 465, 468,
    469, 472, 473, 476, 477, 480, 481, 484, 485, 488, 489, 492, 493, 496, 497,
    500, 501, 504, 505, 508, 509, 512, 513, 516, 517, 520, 521, 524, 525, 528,
    529, 532, 533, 536, 537, 540, 541, 544, 545, 548, 549, 552, 553, 556, 557,
    560, 561, 564, 565, 568, 569, 572, 573, 576, 577, 580, 581, 584, 585, 588,
    589, 592, 593, 596, 597, 600, 601, 604, 605, 608, 609, 612, 613, 616, 617,
    620, 621, 624, 625, 628, 629, 632, 633, 636, 637, 640, 641, 644, 645, 648,
    649, 652, 653, 656, 657, 660, 661, 664, 665, 668, 669, 672, 673, 676, 677,
    680, 681, 684, 685, 688, 689, 692, 693, 696, 697, 700, 701, 704, 705, 708,
    709, 712, 713, 716, 717, 720, 721, 724, 725, 728, 729, 732, 733, 736, 737,
    740, 741, 744, 745, 748, 749, 752, 753, 756, 757, 760, 761, 764, 765, 768,
    769, 772, 773, 776, 777, 780, 781, 784, 785, 788, 789, 792, 793, 796, 797,
    800, 801, 804, 805, 808, 809, 812, 813, 816, 817, 820, 821, 824, 825, 828,
    829, 832, 833, 836, 837, 840, 841, 844, 845, 848, 849, 852, 853, 856, 857,
    860, 861, 864, 865, 868, 869, 872, 873, 876, 877, 880, 881, 884, 885, 888,
    889, 892, 893, 896, 897, 900, 901, 904, 905, 908, 909, 912, 913, 916, 917,
    920, 921, 924, 925, 928, 929, 932, 933, 936, 937, 940, 941, 944, 945, 948,
    949, 952, 953, 956, 957, 960, 961, 964, 965, 968, 969, 972, 973, 976, 977,
    980, 981, 984, 985, 988, 989, 992, 993, 996, 997, 1000, 1001, 1004, 1005,
    1008, 1009, 1012, 1013, 1016, 1017, 1020, 1021, 1024, 1025, 1028, 1029,
    1032, 1033, 1036, 1037, 1040, 1041, 1044, 1045, 1048, 1049, 1052, 1053,
    1056, 1057, 1060, 1061, 1064, 1065, 1068, 1069, 1072, 1073, 1076, 1077,
    1080, 1081, 1084, 1085, 1088, 1089, 1092, 1093, 1096, 1097, 1100, 1101,
    1104, 1105, 1108, 1109, 1112, 1113, 1116, 1117, 1120, 1121, 1124, 1125,
    1128, 1129, 1132, 1133, 1136, 1137, 1140, 1141, 1144, 1145, 1148, 1149,
    1152, 1153, 1156, 1157, 1160, 1161, 1164, 1165, 1168, 1169, 1172, 1173,
    1176, 1177, 1180, 1181, 1184, 1185, 1188, 1189, 1192, 1193, 1196, 1197,
    1200, 1201, 1204, 1205, 1208, 1209, 1212, 1213, 1216, 1217, 1220, 1221,
    1224, 1225, 1228, 1229, 1232, 1233, 1236, 1237, 1240, 1241, 1244, 1245,
    1248, 1249, 1252, 1253, 1256, 1257, 1260, 1261, 1264, 1265, 1268, 1269,
    1272, 1273, 1276, 1277, 1280, 1281, 1284, 1285, 1288, 1289, 1292, 1293,
    1296, 1297, 1300, 1301, 1304, 1305, 1308, 1309, 1312, 1313, 1316, 1317,
    1320, 1321, 1324, 1325, 1328, 1329, 1332, 1333, 1336, 1337, 1340, 1341,
    1344, 1345, 1348, 1349, 1352, 1353, 1356, 1357, 1360, 1361, 1364, 1365,
    1368, 1369, 1372, 1373, 1376, 1377, 1380, 1381, 1384, 1385, 1388, 1389,
    1392, 1393
[1] 2, 3, 6, 7, 10, 11, 14, 15, 18, 19, 22, 23, 26, 27, 30, 31, 34, 35, 38,
    39, 42, 43, 46, 47, 50, 51, 54, 55, 58, 59, 62, 63, 66, 67, 70, 71, 74,
    75, 78, 79, 82, 83, 86, 87, 90, 91, 94, 95, 98, 99, 102, 103, 106, 107,
    110, 111, 114, 115, 118, 119, 122, 123, 126, 127, 130, 131, 134, 135, 138,
    139, 142, 143, 146, 147, 150, 151, 154, 155, 158, 159, 162, 163, 166, 167,
    170, 171, 174, 175, 178, 179, 182, 183, 186, 187, 190, 191, 194, 195, 198,
    199, 202, 203, 206, 207, 210, 211, 214, 215, 218, 219, 222, 223, 226, 227,
    230, 231, 234, 235, 238, 239, 242, 243, 246, 247, 250, 251, 254, 255, 258,
    259, 262, 263, 266, 267, 270, 271, 274, 275, 278, 279, 282, 283, 286, 287,
    290, 291, 294, 295, 298, 299, 302, 303, 306, 307, 310, 311, 314, 315, 318,
    319, 322, 323, 326, 327, 330, 331, 334, 335, 338, 339, 342, 343, 346, 347,
    350, 351, 354, 355, 358, 359, 362, 363, 366, 367, 370, 371, 374, 375, 378,
    379, 382, 383, 386, 387, 390, 391, 394, 395, 398, 399, 402, 403, 406, 407,
    410, 411, 414, 415, 418, 419, 422, 423, 426, 427, 430, 431, 434, 435, 438,
    439, 442, 443, 446, 447, 450, 451, 454, 455, 458, 459, 462, 463, 466, 467,
    470, 471, 474, 475, 478, 479, 482, 483, 486, 487, 490, 491, 494, 495, 498,
    499, 502, 503, 506, 507, 510, 511, 514, 515, 518, 519, 522, 523, 526, 527,
    530, 531, 534, 535, 538, 539, 542, 543, 546, 547, 550, 551, 554, 555, 558,
    559, 562, 563, 566, 567, 570, 571, 574, 575, 578, 579, 582, 583, 586, 587,
    590, 591, 594, 595, 598, 599, 602, 603, 606, 607, 610, 611, 614, 615, 618,
    619, 622, 623, 626, 627, 630, 631, 634, 635, 638, 639, 642, 643, 646, 647,
    650, 651, 654, 655, 658, 659, 662, 663, 666, 667, 670, 671, 674, 675, 678,
    679, 682, 683, 686, 687, 690, 691, 694, 695, 698, 699, 702, 703, 706, 707,
    710, 711, 714, 715, 718, 719, 722, 723, 726, 727, 730, 731, 734, 735, 738,
    739, 742, 743, 746, 747, 750, 751, 754, 755, 758, 759, 762, 763, 766, 767,
    770, 771, 774, 775, 778, 779, 782, 783, 786, 787, 790, 791, 794, 795, 798,
    799, 802, 803, 806, 807, 810, 811, 814, 815, 818, 819, 822, 823, 826, 827,
    830, 831, 834, 835, 838, 839, 842, 843, 846, 847, 850, 851, 854, 855, 858,
    859, 862, 863, 866, 867, 870, 871, 874, 875, 878, 879, 882, 883, 886, 887,
    890, 891, 894, 895, 898, 899, 902, 903, 906, 907, 910, 911, 914, 915, 918,
    919, 922, 923, 926, 927, 930, 931, 934, 935, 938, 939, 942, 943, 946, 947,
    950, 951, 954, 955, 958, 959, 962, 963, 966, 967, 970, 971, 974, 975, 978,
    979, 982, 983, 986, 987, 990, 991, 994, 995, 998, 999, 1002, 1003, 1006,
    1007, 1010, 1011, 1014, 1015, 1018, 1019, 1022, 1023, 1026, 1027, 1030,
    1031, 1034, 1035, 1038, 1039, 1042, 1043, 1046, 1047, 1050, 1051, 1054,
    1055, 1058, 1059, 1062, 1063, 1066, 1067, 1070, 1071, 1074, 1075, 1078,
    1079, 1082, 1083, 1086, 1087, 1090, 1091, 1094, 1095, 1098, 1099, 1102,
    1103, 1106, 1107, 1110, 1111, 1114, 1115, 1118, 1119, 1122, 1123, 1126,
    1127, 1130, 1131, 1134, 1135, 1138, 1139, 1142, 1143, 1146, 1147, 1150,
    1151, 1154, 1155, 1158, 1159, 1162, 1163, 1166, 1167, 1170, 1171, 1174,
    1175, 1178, 1179, 1182, 1183, 1186, 1187, 1190, 1191, 1194, 1195, 1198,
    1199, 1202, 1203, 1206, 1207, 1210, 1211, 1214, 1215, 1218, 1219, 1222,
    1223, 1226, 1227, 1230, 1231, 1234, 1235, 1238, 1239, 1242, 1243, 1246,
    1247, 1250, 1251, 1254, 1255, 1258, 1259, 1262, 1263, 1266, 1267, 1270,
    1271, 1274, 1275, 1278, 1279, 1282, 1283, 1286, 1287, 1290, 1291, 1294,
    1295, 1298, 1299, 1302, 1303, 1306, 1307, 1310, 1311, 1314, 1315, 1318,
    1319, 1322, 1323, 1326, 1327, 1330, 1331, 1334, 1335, 1338, 1339, 1342,
    1343, 1346, 1347, 1350, 1351, 1354, 1355, 1358, 1359, 1362, 1363, 1366,
    1367, 1370, 1371, 1374, 1375, 1378, 1379, 1382, 1383, 1386, 1387, 1390,
    1391, 1394, 1395

Reassigned labels

Runtime: 1.8373124599456787

Performance split_log:

IM without threshold:
Map:
{"O_0": "O", "O_1": "O"}
token_fitness
{"perc_fit_traces": 0.0, "average_trace_fitness": 0.9555623088960822, "log_fitness": 0.9573050977713261, "percentage_of_fitting_traces": 0.0}
precision
0.6478780748077817
0.6949152542372882
generalization
0.7903554925149859

Adjusted Rand Index:
0.49946178686759957



Parameters of this run:

Window size: 3
Threshold for edges: 0.75
Split candidates: O
Max number of traces: 5000000
Method for distance calculation: Distance.SET_DISTANCE
Method for finding clusters: ClusteringMethod.COMMUNITY_DETECTION
Original log location: ./data/noImprInLoop_default_OD\feb16-1625\logs\I_1_LogD_Sequence_feb16-1625.xes.gz
Use frequency: True

Found communities: 

Clustering with 1396 elements and 2 clusters
[0] 0, 1, 4, 5, 8, 9, 12, 13, 16, 17, 20, 21, 24, 25, 28, 29, 32, 33, 36, 37,
    40, 41, 44, 45, 48, 49, 52, 53, 56, 57, 60, 61, 64, 65, 68, 69, 72, 73,
    76, 77, 80, 81, 84, 85, 88, 89, 92, 93, 96, 97, 100, 101, 104, 105, 108,
    109, 112, 113, 116, 117, 120, 121, 124, 125, 128, 129, 132, 133, 136, 137,
    140, 141, 144, 145, 148, 149, 152, 153, 156, 157, 160, 161, 164, 165, 168,
    169, 172, 173, 176, 177, 180, 181, 184, 185, 188, 189, 192, 193, 196, 197,
    200, 201, 204, 205, 208, 209, 212, 213, 216, 217, 220, 221, 224, 225, 228,
    229, 232, 233, 236, 237, 240, 241, 244, 245, 248, 249, 252, 253, 256, 257,
    260, 261, 264, 265, 268, 269, 272, 273, 276, 277, 280, 281, 284, 285, 288,
    289, 292, 293, 296, 297, 300, 301, 304, 305, 308, 309, 312, 313, 316, 317,
    320, 321, 324, 325, 328, 329, 332, 333, 336, 337, 340, 341, 344, 345, 348,
    349, 352, 353, 356, 357, 360, 361, 364, 365, 368, 369, 372, 373, 376, 377,
    380, 381, 384, 385, 388, 389, 392, 393, 396, 397, 400, 401, 404, 405, 408,
    409, 412, 413, 416, 417, 420, 421, 424, 425, 428, 429, 432, 433, 436, 437,
    440, 441, 444, 445, 448, 449, 452, 453, 456, 457, 460, 461, 464, 465, 468,
    469, 472, 473, 476, 477, 480, 481, 484, 485, 488, 489, 492, 493, 496, 497,
    500, 501, 504, 505, 508, 509, 512, 513, 516, 517, 520, 521, 524, 525, 528,
    529, 532, 533, 536, 537, 540, 541, 544, 545, 548, 549, 552, 553, 556, 557,
    560, 561, 564, 565, 568, 569, 572, 573, 576, 577, 580, 581, 584, 585, 588,
    589, 592, 593, 596, 597, 600, 601, 604, 605, 608, 609, 612, 613, 616, 617,
    620, 621, 624, 625, 628, 629, 632, 633, 636, 637, 640, 641, 644, 645, 648,
    649, 652, 653, 656, 657, 660, 661, 664, 665, 668, 669, 672, 673, 676, 677,
    680, 681, 684, 685, 688, 689, 692, 693, 696, 697, 700, 701, 704, 705, 708,
    709, 712, 713, 716, 717, 720, 721, 724, 725, 728, 729, 732, 733, 736, 737,
    740, 741, 744, 745, 748, 749, 752, 753, 756, 757, 760, 761, 764, 765, 768,
    769, 772, 773, 776, 777, 780, 781, 784, 785, 788, 789, 792, 793, 796, 797,
    800, 801, 804, 805, 808, 809, 812, 813, 816, 817, 820, 821, 824, 825, 828,
    829, 832, 833, 836, 837, 840, 841, 844, 845, 848, 849, 852, 853, 856, 857,
    860, 861, 864, 865, 868, 869, 872, 873, 876, 877, 880, 881, 884, 885, 888,
    889, 892, 893, 896, 897, 900, 901, 904, 905, 908, 909, 912, 913, 916, 917,
    920, 921, 924, 925, 928, 929, 932, 933, 936, 937, 940, 941, 944, 945, 948,
    949, 952, 953, 956, 957, 960, 961, 964, 965, 968, 969, 972, 973, 976, 977,
    980, 981, 984, 985, 988, 989, 992, 993, 996, 997, 1000, 1001, 1004, 1005,
    1008, 1009, 1012, 1013, 1016, 1017, 1020, 1021, 1024, 1025, 1028, 1029,
    1032, 1033, 1036, 1037, 1040, 1041, 1044, 1045, 1048, 1049, 1052, 1053,
    1056, 1057, 1060, 1061, 1064, 1065, 1068, 1069, 1072, 1073, 1076, 1077,
    1080, 1081, 1084, 1085, 1088, 1089, 1092, 1093, 1096, 1097, 1100, 1101,
    1104, 1105, 1108, 1109, 1112, 1113, 1116, 1117, 1120, 1121, 1124, 1125,
    1128, 1129, 1132, 1133, 1136, 1137, 1140, 1141, 1144, 1145, 1148, 1149,
    1152, 1153, 1156, 1157, 1160, 1161, 1164, 1165, 1168, 1169, 1172, 1173,
    1176, 1177, 1180, 1181, 1184, 1185, 1188, 1189, 1192, 1193, 1196, 1197,
    1200, 1201, 1204, 1205, 1208, 1209, 1212, 1213, 1216, 1217, 1220, 1221,
    1224, 1225, 1228, 1229, 1232, 1233, 1236, 1237, 1240, 1241, 1244, 1245,
    1248, 1249, 1252, 1253, 1256, 1257, 1260, 1261, 1264, 1265, 1268, 1269,
    1272, 1273, 1276, 1277, 1280, 1281, 1284, 1285, 1288, 1289, 1292, 1293,
    1296, 1297, 1300, 1301, 1304, 1305, 1308, 1309, 1312, 1313, 1316, 1317,
    1320, 1321, 1324, 1325, 1328, 1329, 1332, 1333, 1336, 1337, 1340, 1341,
    1344, 1345, 1348, 1349, 1352, 1353, 1356, 1357, 1360, 1361, 1364, 1365,
    1368, 1369, 1372, 1373, 1376, 1377, 1380, 1381, 1384, 1385, 1388, 1389,
    1392, 1393
[1] 2, 3, 6, 7, 10, 11, 14, 15, 18, 19, 22, 23, 26, 27, 30, 31, 34, 35, 38,
    39, 42, 43, 46, 47, 50, 51, 54, 55, 58, 59, 62, 63, 66, 67, 70, 71, 74,
    75, 78, 79, 82, 83, 86, 87, 90, 91, 94, 95, 98, 99, 102, 103, 106, 107,
    110, 111, 114, 115, 118, 119, 122, 123, 126, 127, 130, 131, 134, 135, 138,
    139, 142, 143, 146, 147, 150, 151, 154, 155, 158, 159, 162, 163, 166, 167,
    170, 171, 174, 175, 178, 179, 182, 183, 186, 187, 190, 191, 194, 195, 198,
    199, 202, 203, 206, 207, 210, 211, 214, 215, 218, 219, 222, 223, 226, 227,
    230, 231, 234, 235, 238, 239, 242, 243, 246, 247, 250, 251, 254, 255, 258,
    259, 262, 263, 266, 267, 270, 271, 274, 275, 278, 279, 282, 283, 286, 287,
    290, 291, 294, 295, 298, 299, 302, 303, 306, 307, 310, 311, 314, 315, 318,
    319, 322, 323, 326, 327, 330, 331, 334, 335, 338, 339, 342, 343, 346, 347,
    350, 351, 354, 355, 358, 359, 362, 363, 366, 367, 370, 371, 374, 375, 378,
    379, 382, 383, 386, 387, 390, 391, 394, 395, 398, 399, 402, 403, 406, 407,
    410, 411, 414, 415, 418, 419, 422, 423, 426, 427, 430, 431, 434, 435, 438,
    439, 442, 443, 446, 447, 450, 451, 454, 455, 458, 459, 462, 463, 466, 467,
    470, 471, 474, 475, 478, 479, 482, 483, 486, 487, 490, 491, 494, 495, 498,
    499, 502, 503, 506, 507, 510, 511, 514, 515, 518, 519, 522, 523, 526, 527,
    530, 531, 534, 535, 538, 539, 542, 543, 546, 547, 550, 551, 554, 555, 558,
    559, 562, 563, 566, 567, 570, 571, 574, 575, 578, 579, 582, 583, 586, 587,
    590, 591, 594, 595, 598, 599, 602, 603, 606, 607, 610, 611, 614, 615, 618,
    619, 622, 623, 626, 627, 630, 631, 634, 635, 638, 639, 642, 643, 646, 647,
    650, 651, 654, 655, 658, 659, 662, 663, 666, 667, 670, 671, 674, 675, 678,
    679, 682, 683, 686, 687, 690, 691, 694, 695, 698, 699, 702, 703, 706, 707,
    710, 711, 714, 715, 718, 719, 722, 723, 726, 727, 730, 731, 734, 735, 738,
    739, 742, 743, 746, 747, 750, 751, 754, 755, 758, 759, 762, 763, 766, 767,
    770, 771, 774, 775, 778, 779, 782, 783, 786, 787, 790, 791, 794, 795, 798,
    799, 802, 803, 806, 807, 810, 811, 814, 815, 818, 819, 822, 823, 826, 827,
    830, 831, 834, 835, 838, 839, 842, 843, 846, 847, 850, 851, 854, 855, 858,
    859, 862, 863, 866, 867, 870, 871, 874, 875, 878, 879, 882, 883, 886, 887,
    890, 891, 894, 895, 898, 899, 902, 903, 906, 907, 910, 911, 914, 915, 918,
    919, 922, 923, 926, 927, 930, 931, 934, 935, 938, 939, 942, 943, 946, 947,
    950, 951, 954, 955, 958, 959, 962, 963, 966, 967, 970, 971, 974, 975, 978,
    979, 982, 983, 986, 987, 990, 991, 994, 995, 998, 999, 1002, 1003, 1006,
    1007, 1010, 1011, 1014, 1015, 1018, 1019, 1022, 1023, 1026, 1027, 1030,
    1031, 1034, 1035, 1038, 1039, 1042, 1043, 1046, 1047, 1050, 1051, 1054,
    1055, 1058, 1059, 1062, 1063, 1066, 1067, 1070, 1071, 1074, 1075, 1078,
    1079, 1082, 1083, 1086, 1087, 1090, 1091, 1094, 1095, 1098, 1099, 1102,
    1103, 1106, 1107, 1110, 1111, 1114, 1115, 1118, 1119, 1122, 1123, 1126,
    1127, 1130, 1131, 1134, 1135, 1138, 1139, 1142, 1143, 1146, 1147, 1150,
    1151, 1154, 1155, 1158, 1159, 1162, 1163, 1166, 1167, 1170, 1171, 1174,
    1175, 1178, 1179, 1182, 1183, 1186, 1187, 1190, 1191, 1194, 1195, 1198,
    1199, 1202, 1203, 1206, 1207, 1210, 1211, 1214, 1215, 1218, 1219, 1222,
    1223, 1226, 1227, 1230, 1231, 1234, 1235, 1238, 1239, 1242, 1243, 1246,
    1247, 1250, 1251, 1254, 1255, 1258, 1259, 1262, 1263, 1266, 1267, 1270,
    1271, 1274, 1275, 1278, 1279, 1282, 1283, 1286, 1287, 1290, 1291, 1294,
    1295, 1298, 1299, 1302, 1303, 1306, 1307, 1310, 1311, 1314, 1315, 1318,
    1319, 1322, 1323, 1326, 1327, 1330, 1331, 1334, 1335, 1338, 1339, 1342,
    1343, 1346, 1347, 1350, 1351, 1354, 1355, 1358, 1359, 1362, 1363, 1366,
    1367, 1370, 1371, 1374, 1375, 1378, 1379, 1382, 1383, 1386, 1387, 1390,
    1391, 1394, 1395

Reassigned labels

Runtime: 1.587116003036499

Performance split_log:

IM without threshold:
Map:
{"O_0": "O", "O_1": "O"}
token_fitness
{"perc_fit_traces": 0.0, "average_trace_fitness": 0.9555623088960822, "log_fitness": 0.9573050977713261, "percentage_of_fitting_traces": 0.0}
precision
0.6478780748077817
0.6949152542372882
generalization
0.7903554925149859

Adjusted Rand Index:
0.49946178686759957



Parameters of this run:

Window size: 3
Threshold for edges: 1
Split candidates: O
Max number of traces: 5000000
Method for distance calculation: Distance.SET_DISTANCE
Method for finding clusters: ClusteringMethod.COMMUNITY_DETECTION
Original log location: ./data/noImprInLoop_default_OD\feb16-1625\logs\I_1_LogD_Sequence_feb16-1625.xes.gz
Use frequency: True

Found communities: 

Clustering with 1396 elements and 12 clusters
[ 0] 3, 7, 11, 15, 19, 23, 27, 31, 35, 39, 43, 47, 51, 55, 59, 63, 67, 71, 75,
     79, 83, 87, 91, 95, 99, 103, 107, 111, 115, 119, 123, 127, 131, 135, 139,
     143, 147, 151, 155, 159, 163, 167, 171, 175, 179, 183, 187, 191, 195,
     199, 203, 207, 211, 215, 219, 223, 227, 231, 235, 239, 243, 247, 251,
     255, 259, 263, 267, 271, 275, 279, 283, 287, 291, 295, 299, 303, 307,
     311, 315, 319, 323, 327, 331, 335, 339, 343, 347, 351, 355, 359, 363,
     367, 371, 375, 379, 383, 387, 391, 395, 399, 403, 407, 411, 415, 419,
     423, 427, 431, 435, 439, 443, 447, 451, 455, 459, 463, 467, 471, 475,
     479, 483, 487, 491, 495, 499, 503, 507, 511, 515, 519, 523, 527, 531,
     535, 539, 543, 547, 551, 555, 559, 563, 567, 571, 575, 579, 583, 587,
     591, 595, 599, 603, 607, 611, 615, 619, 623, 627, 631, 635, 639, 643,
     647, 651, 655, 659, 663, 667, 671, 675, 679, 683, 687, 691, 695, 699,
     703, 707, 711, 715, 719, 723, 727, 731, 735, 739, 743, 747, 751, 755,
     759, 763, 767, 771, 775, 779, 783, 787, 791, 795, 799, 803, 807, 811,
     815, 819, 823, 827, 831, 835, 839, 843, 847, 851, 855, 859, 863, 867,
     871, 875, 879, 883, 887, 891, 895, 899, 903, 907, 911, 915, 919, 923,
     927, 931, 935, 939, 943, 947, 951, 955, 959, 963, 967, 971, 975, 979,
     983, 987, 991, 995, 999, 1003, 1007, 1011, 1015, 1019, 1023, 1027, 1031,
     1035, 1039, 1043, 1047, 1051, 1055, 1059, 1063, 1067, 1071, 1075, 1079,
     1083, 1087, 1091, 1095, 1099, 1103, 1107, 1111, 1115, 1119, 1123, 1127,
     1131, 1135, 1139, 1143, 1147, 1151, 1155, 1159, 1163, 1167, 1171, 1175,
     1179, 1183, 1187, 1191, 1195, 1199, 1203, 1207, 1211, 1215, 1219, 1223,
     1227, 1231, 1235, 1239, 1243, 1247, 1251, 1255, 1259, 1263, 1267, 1271,
     1275, 1279, 1283, 1287, 1291, 1295, 1299, 1303, 1307, 1311, 1315, 1319,
     1323, 1327, 1331, 1335, 1339, 1343, 1347, 1351, 1355, 1359, 1363, 1367,
     1371, 1375, 1379, 1383, 1387, 1391, 1395
[ 1] 10, 30, 34, 38, 46, 58, 62, 66, 74, 82, 86, 90, 98, 102, 106, 110, 114,
     118, 130, 134, 146, 158, 162, 174, 182, 186, 198, 206, 210, 214, 218,
     226, 230, 238, 242, 246, 250, 254, 262, 274, 278, 282, 286, 294, 298,
     310, 318, 326, 334, 338, 342, 346, 350, 354, 362, 366, 382, 386, 398,
     414, 430, 434, 438, 454, 478, 486, 490, 494, 506, 514, 518, 530, 538,
     542, 550, 554, 566, 570, 578, 582, 586, 590, 594, 598, 614, 618, 622,
     638, 642, 646, 650, 662, 666, 674, 678, 682, 694, 702, 706, 710, 714,
     718, 722, 730, 738, 742, 746, 750, 754, 758, 762, 766, 778, 782, 786,
     790, 794, 798, 806, 810, 822, 826, 834, 838, 842, 846, 850, 854, 862,
     870, 874, 890, 894, 898, 902, 906, 910, 930, 938, 946, 950, 958, 962,
     970, 982, 986, 990, 994, 998, 1002, 1006, 1010, 1022, 1026, 1034, 1038,
     1042, 1046, 1050, 1054, 1062, 1066, 1074, 1082, 1086, 1090, 1098, 1102,
     1106, 1110, 1118, 1126, 1130, 1142, 1162, 1174, 1178, 1190, 1198, 1210,
     1214, 1218, 1226, 1230, 1238, 1242, 1246, 1250, 1254, 1266, 1274, 1286,
     1294, 1302, 1306, 1310, 1322, 1330, 1334, 1342, 1346, 1358, 1362, 1366,
     1374, 1382, 1386, 1390, 1394
[ 2] 1, 5, 17, 25, 29, 33, 41, 45, 49, 53, 61, 65, 81, 85, 101, 121, 129, 133,
     153, 161, 165, 177, 193, 197, 217, 221, 229, 233, 241, 249, 257, 261,
     273, 281, 285, 289, 301, 305, 309, 321, 325, 333, 337, 345, 349, 373,
     377, 381, 389, 397, 401, 409, 413, 417, 421, 425, 437, 441, 445, 449,
     453, 457, 465, 473, 477, 497, 501, 513, 521, 529, 533, 549, 573, 577,
     581, 589, 593, 621, 625, 629, 633, 653, 657, 665, 673, 681, 689, 693,
     709, 717, 725, 737, 749, 773, 785, 789, 797, 801, 805, 821, 841, 845,
     849, 857, 861, 865, 869, 877, 881, 885, 893, 897, 905, 917, 921, 925,
     937, 953, 957, 965, 969, 977, 993, 1009, 1013, 1029, 1033, 1037, 1041,
     1057, 1065, 1077, 1081, 1089, 1113, 1125, 1137, 1145, 1149, 1165, 1169,
     1173, 1177, 1185, 1193, 1201, 1205, 1209, 1217, 1221, 1229, 1233, 1237,
     1253, 1257, 1261, 1269, 1273, 1281, 1293, 1297, 1301, 1305, 1313, 1317,
     1329, 1337, 1361, 1369, 1381, 1385, 1389
[ 3] 24, 32, 36, 40, 52, 64, 72, 80, 88, 100, 108, 128, 152, 160, 164, 172,
     180, 184, 192, 196, 204, 216, 228, 232, 240, 260, 272, 280, 284, 288,
     292, 296, 316, 336, 340, 364, 372, 376, 380, 396, 400, 408, 412, 420,
     424, 436, 440, 448, 464, 472, 476, 496, 500, 512, 516, 520, 532, 548,
     572, 576, 580, 592, 616, 620, 624, 628, 632, 640, 644, 656, 660, 672,
     676, 688, 708, 712, 724, 744, 752, 760, 764, 780, 784, 792, 800, 820,
     824, 836, 840, 844, 860, 864, 868, 880, 888, 904, 908, 916, 944, 952,
     968, 980, 996, 1008, 1028, 1032, 1036, 1040, 1064, 1072, 1076, 1080,
     1084, 1124, 1128, 1136, 1140, 1144, 1148, 1164, 1172, 1176, 1188, 1196,
     1208, 1216, 1220, 1232, 1236, 1244, 1256, 1260, 1272, 1280, 1284, 1296,
     1300, 1304, 1312, 1316, 1328, 1336, 1344, 1360, 1368, 1380, 1384, 1388
[ 4] 2, 6, 14, 18, 22, 26, 42, 50, 54, 70, 78, 94, 122, 126, 138, 142, 150,
     154, 166, 170, 178, 190, 194, 202, 222, 234, 258, 266, 270, 290, 302,
     306, 314, 322, 330, 358, 370, 374, 378, 390, 394, 402, 406, 410, 418,
     422, 426, 442, 446, 450, 458, 462, 466, 470, 474, 482, 498, 502, 510,
     522, 526, 534, 546, 558, 562, 574, 602, 606, 610, 626, 630, 634, 654,
     658, 670, 686, 690, 698, 726, 734, 770, 774, 802, 814, 818, 830, 858,
     866, 878, 882, 886, 914, 918, 922, 926, 934, 942, 954, 966, 974, 978,
     1014, 1018, 1030, 1058, 1070, 1078, 1094, 1114, 1122, 1134, 1138, 1146,
     1150, 1154, 1158, 1166, 1170, 1182, 1186, 1194, 1202, 1206, 1222, 1234,
     1258, 1262, 1270, 1278, 1282, 1290, 1298, 1314, 1318, 1326, 1338, 1350,
     1354, 1370, 1378
[ 5] 9, 37, 57, 73, 89, 97, 105, 109, 113, 117, 145, 157, 173, 181, 185, 205,
     209, 213, 225, 237, 245, 253, 277, 293, 297, 317, 341, 353, 361, 365,
     385, 429, 433, 485, 489, 493, 505, 517, 537, 541, 553, 565, 569, 585,
     597, 613, 617, 637, 641, 645, 649, 661, 677, 701, 705, 713, 721, 729,
     741, 745, 753, 757, 761, 765, 777, 781, 793, 809, 825, 833, 837, 853,
     873, 889, 901, 909, 929, 945, 949, 961, 981, 985, 989, 997, 1001, 1005,
     1021, 1025, 1045, 1049, 1053, 1061, 1073, 1085, 1097, 1101, 1105, 1109,
     1117, 1129, 1141, 1161, 1189, 1197, 1213, 1225, 1241, 1245, 1249, 1265,
     1285, 1309, 1321, 1333, 1341, 1345, 1357, 1365, 1373, 1393
[ 6] 0, 4, 12, 16, 20, 28, 44, 48, 60, 84, 92, 120, 132, 148, 168, 176, 220,
     248, 256, 268, 300, 304, 308, 312, 320, 324, 328, 332, 344, 348, 356,
     388, 404, 416, 444, 452, 456, 524, 528, 556, 560, 588, 600, 608, 652,
     664, 668, 680, 692, 716, 736, 748, 768, 772, 788, 796, 804, 812, 816,
     848, 856, 876, 884, 892, 896, 920, 924, 936, 956, 964, 976, 992, 1012,
     1056, 1088, 1092, 1112, 1152, 1156, 1168, 1180, 1184, 1192, 1200, 1204,
     1228, 1252, 1268, 1276, 1292, 1324, 1376
[ 7] 13, 21, 69, 77, 93, 125, 137, 141, 149, 169, 189, 201, 265, 269, 313,
     329, 357, 369, 393, 405, 461, 469, 481, 509, 525, 545, 557, 561, 601,
     605, 609, 669, 685, 697, 733, 769, 813, 817, 829, 913, 933, 941, 973,
     1017, 1069, 1093, 1121, 1133, 1153, 1157, 1181, 1277, 1289, 1325, 1349,
     1353, 1377
[ 8] 56, 96, 112, 116, 144, 156, 208, 212, 236, 252, 352, 428, 432, 492, 504,
     536, 540, 564, 568, 612, 636, 700, 728, 740, 756, 776, 832, 872, 900,
     928, 960, 984, 988, 1000, 1020, 1024, 1052, 1096, 1108, 1116, 1160, 1212,
     1240, 1248, 1308, 1320, 1332, 1356, 1364, 1372
[ 9] 8, 104, 224, 244, 276, 360, 384, 484, 488, 552, 584, 596, 648, 704, 720,
     808, 852, 948, 1004, 1044, 1048, 1060, 1100, 1104, 1224, 1264, 1340, 1392
[10] 68, 124, 136, 140, 200, 264, 604, 684, 696, 732, 912, 1016, 1068, 1120,
     1288, 1348, 1352
[11] 76, 188, 368, 392, 460, 468, 480, 508, 544, 828, 932, 940, 972, 1132

Reassigned labels

Runtime: 1.370166301727295

Performance split_log:

IM without threshold:
Map:
{"O_0": "O", "O_1": "O", "O_2": "O", "O_3": "O", "O_4": "O", "O_5": "O", "O_6": "O", "O_7": "O", "O_8": "O", "O_9": "O", "O_10": "O", "O_11": "O"}
token_fitness
{"perc_fit_traces": 0.0, "average_trace_fitness": 0.948424847635624, "log_fitness": 0.9510331994907453, "percentage_of_fitting_traces": 0.0}
precision
0.6274929805771847
0.6923076923076922
generalization
0.9083761887589514

Adjusted Rand Index:
0.1110011076349729



Parameters of this run:

Window size: 3
Threshold for edges: 0
Split candidates: O
Max number of traces: 5000000
Method for distance calculation: Distance.MULTISET_DISTANCE
Method for finding clusters: ClusteringMethod.COMMUNITY_DETECTION
Original log location: ./data/noImprInLoop_default_OD\feb16-1625\logs\I_1_LogD_Sequence_feb16-1625.xes.gz
Use frequency: True

Found communities: 

Clustering with 1396 elements and 2 clusters
[0] 0, 1, 4, 5, 8, 9, 12, 13, 16, 17, 20, 21, 24, 25, 28, 29, 32, 33, 36, 37,
    40, 41, 44, 45, 48, 49, 52, 53, 56, 57, 60, 61, 64, 65, 68, 69, 72, 73,
    76, 77, 80, 81, 84, 85, 88, 89, 92, 93, 96, 97, 100, 101, 104, 105, 108,
    109, 112, 113, 116, 117, 120, 121, 124, 125, 128, 129, 132, 133, 136, 137,
    140, 141, 144, 145, 148, 149, 152, 153, 156, 157, 160, 161, 164, 165, 168,
    169, 172, 173, 176, 177, 180, 181, 184, 185, 188, 189, 192, 193, 196, 197,
    200, 201, 204, 205, 208, 209, 212, 213, 216, 217, 220, 221, 224, 225, 228,
    229, 232, 233, 236, 237, 240, 241, 244, 245, 248, 249, 252, 253, 256, 257,
    260, 261, 264, 265, 268, 269, 272, 273, 276, 277, 280, 281, 284, 285, 288,
    289, 292, 293, 296, 297, 300, 301, 304, 305, 308, 309, 312, 313, 316, 317,
    320, 321, 324, 325, 328, 329, 332, 333, 336, 337, 340, 341, 344, 345, 348,
    349, 352, 353, 356, 357, 360, 361, 364, 365, 368, 369, 372, 373, 376, 377,
    380, 381, 384, 385, 388, 389, 392, 393, 396, 397, 400, 401, 404, 405, 408,
    409, 412, 413, 416, 417, 420, 421, 424, 425, 428, 429, 432, 433, 436, 437,
    440, 441, 444, 445, 448, 449, 452, 453, 456, 457, 460, 461, 464, 465, 468,
    469, 472, 473, 476, 477, 480, 481, 484, 485, 488, 489, 492, 493, 496, 497,
    500, 501, 504, 505, 508, 509, 512, 513, 516, 517, 520, 521, 524, 525, 528,
    529, 532, 533, 536, 537, 540, 541, 544, 545, 548, 549, 552, 553, 556, 557,
    560, 561, 564, 565, 568, 569, 572, 573, 576, 577, 580, 581, 584, 585, 588,
    589, 592, 593, 596, 597, 600, 601, 604, 605, 608, 609, 612, 613, 616, 617,
    620, 621, 624, 625, 628, 629, 632, 633, 636, 637, 640, 641, 644, 645, 648,
    649, 652, 653, 656, 657, 660, 661, 664, 665, 668, 669, 672, 673, 676, 677,
    680, 681, 684, 685, 688, 689, 692, 693, 696, 697, 700, 701, 704, 705, 708,
    709, 712, 713, 716, 717, 720, 721, 724, 725, 728, 729, 732, 733, 736, 737,
    740, 741, 744, 745, 748, 749, 752, 753, 756, 757, 760, 761, 764, 765, 768,
    769, 772, 773, 776, 777, 780, 781, 784, 785, 788, 789, 792, 793, 796, 797,
    800, 801, 804, 805, 808, 809, 812, 813, 816, 817, 820, 821, 824, 825, 828,
    829, 832, 833, 836, 837, 840, 841, 844, 845, 848, 849, 852, 853, 856, 857,
    860, 861, 864, 865, 868, 869, 872, 873, 876, 877, 880, 881, 884, 885, 888,
    889, 892, 893, 896, 897, 900, 901, 904, 905, 908, 909, 912, 913, 916, 917,
    920, 921, 924, 925, 928, 929, 932, 933, 936, 937, 940, 941, 944, 945, 948,
    949, 952, 953, 956, 957, 960, 961, 964, 965, 968, 969, 972, 973, 976, 977,
    980, 981, 984, 985, 988, 989, 992, 993, 996, 997, 1000, 1001, 1004, 1005,
    1008, 1009, 1012, 1013, 1016, 1017, 1020, 1021, 1024, 1025, 1028, 1029,
    1032, 1033, 1036, 1037, 1040, 1041, 1044, 1045, 1048, 1049, 1052, 1053,
    1056, 1057, 1060, 1061, 1064, 1065, 1068, 1069, 1072, 1073, 1076, 1077,
    1080, 1081, 1084, 1085, 1088, 1089, 1092, 1093, 1096, 1097, 1100, 1101,
    1104, 1105, 1108, 1109, 1112, 1113, 1116, 1117, 1120, 1121, 1124, 1125,
    1128, 1129, 1132, 1133, 1136, 1137, 1140, 1141, 1144, 1145, 1148, 1149,
    1152, 1153, 1156, 1157, 1160, 1161, 1164, 1165, 1168, 1169, 1172, 1173,
    1176, 1177, 1180, 1181, 1184, 1185, 1188, 1189, 1192, 1193, 1196, 1197,
    1200, 1201, 1204, 1205, 1208, 1209, 1212, 1213, 1216, 1217, 1220, 1221,
    1224, 1225, 1228, 1229, 1232, 1233, 1236, 1237, 1240, 1241, 1244, 1245,
    1248, 1249, 1252, 1253, 1256, 1257, 1260, 1261, 1264, 1265, 1268, 1269,
    1272, 1273, 1276, 1277, 1280, 1281, 1284, 1285, 1288, 1289, 1292, 1293,
    1296, 1297, 1300, 1301, 1304, 1305, 1308, 1309, 1312, 1313, 1316, 1317,
    1320, 1321, 1324, 1325, 1328, 1329, 1332, 1333, 1336, 1337, 1340, 1341,
    1344, 1345, 1348, 1349, 1352, 1353, 1356, 1357, 1360, 1361, 1364, 1365,
    1368, 1369, 1372, 1373, 1376, 1377, 1380, 1381, 1384, 1385, 1388, 1389,
    1392, 1393
[1] 2, 3, 6, 7, 10, 11, 14, 15, 18, 19, 22, 23, 26, 27, 30, 31, 34, 35, 38,
    39, 42, 43, 46, 47, 50, 51, 54, 55, 58, 59, 62, 63, 66, 67, 70, 71, 74,
    75, 78, 79, 82, 83, 86, 87, 90, 91, 94, 95, 98, 99, 102, 103, 106, 107,
    110, 111, 114, 115, 118, 119, 122, 123, 126, 127, 130, 131, 134, 135, 138,
    139, 142, 143, 146, 147, 150, 151, 154, 155, 158, 159, 162, 163, 166, 167,
    170, 171, 174, 175, 178, 179, 182, 183, 186, 187, 190, 191, 194, 195, 198,
    199, 202, 203, 206, 207, 210, 211, 214, 215, 218, 219, 222, 223, 226, 227,
    230, 231, 234, 235, 238, 239, 242, 243, 246, 247, 250, 251, 254, 255, 258,
    259, 262, 263, 266, 267, 270, 271, 274, 275, 278, 279, 282, 283, 286, 287,
    290, 291, 294, 295, 298, 299, 302, 303, 306, 307, 310, 311, 314, 315, 318,
    319, 322, 323, 326, 327, 330, 331, 334, 335, 338, 339, 342, 343, 346, 347,
    350, 351, 354, 355, 358, 359, 362, 363, 366, 367, 370, 371, 374, 375, 378,
    379, 382, 383, 386, 387, 390, 391, 394, 395, 398, 399, 402, 403, 406, 407,
    410, 411, 414, 415, 418, 419, 422, 423, 426, 427, 430, 431, 434, 435, 438,
    439, 442, 443, 446, 447, 450, 451, 454, 455, 458, 459, 462, 463, 466, 467,
    470, 471, 474, 475, 478, 479, 482, 483, 486, 487, 490, 491, 494, 495, 498,
    499, 502, 503, 506, 507, 510, 511, 514, 515, 518, 519, 522, 523, 526, 527,
    530, 531, 534, 535, 538, 539, 542, 543, 546, 547, 550, 551, 554, 555, 558,
    559, 562, 563, 566, 567, 570, 571, 574, 575, 578, 579, 582, 583, 586, 587,
    590, 591, 594, 595, 598, 599, 602, 603, 606, 607, 610, 611, 614, 615, 618,
    619, 622, 623, 626, 627, 630, 631, 634, 635, 638, 639, 642, 643, 646, 647,
    650, 651, 654, 655, 658, 659, 662, 663, 666, 667, 670, 671, 674, 675, 678,
    679, 682, 683, 686, 687, 690, 691, 694, 695, 698, 699, 702, 703, 706, 707,
    710, 711, 714, 715, 718, 719, 722, 723, 726, 727, 730, 731, 734, 735, 738,
    739, 742, 743, 746, 747, 750, 751, 754, 755, 758, 759, 762, 763, 766, 767,
    770, 771, 774, 775, 778, 779, 782, 783, 786, 787, 790, 791, 794, 795, 798,
    799, 802, 803, 806, 807, 810, 811, 814, 815, 818, 819, 822, 823, 826, 827,
    830, 831, 834, 835, 838, 839, 842, 843, 846, 847, 850, 851, 854, 855, 858,
    859, 862, 863, 866, 867, 870, 871, 874, 875, 878, 879, 882, 883, 886, 887,
    890, 891, 894, 895, 898, 899, 902, 903, 906, 907, 910, 911, 914, 915, 918,
    919, 922, 923, 926, 927, 930, 931, 934, 935, 938, 939, 942, 943, 946, 947,
    950, 951, 954, 955, 958, 959, 962, 963, 966, 967, 970, 971, 974, 975, 978,
    979, 982, 983, 986, 987, 990, 991, 994, 995, 998, 999, 1002, 1003, 1006,
    1007, 1010, 1011, 1014, 1015, 1018, 1019, 1022, 1023, 1026, 1027, 1030,
    1031, 1034, 1035, 1038, 1039, 1042, 1043, 1046, 1047, 1050, 1051, 1054,
    1055, 1058, 1059, 1062, 1063, 1066, 1067, 1070, 1071, 1074, 1075, 1078,
    1079, 1082, 1083, 1086, 1087, 1090, 1091, 1094, 1095, 1098, 1099, 1102,
    1103, 1106, 1107, 1110, 1111, 1114, 1115, 1118, 1119, 1122, 1123, 1126,
    1127, 1130, 1131, 1134, 1135, 1138, 1139, 1142, 1143, 1146, 1147, 1150,
    1151, 1154, 1155, 1158, 1159, 1162, 1163, 1166, 1167, 1170, 1171, 1174,
    1175, 1178, 1179, 1182, 1183, 1186, 1187, 1190, 1191, 1194, 1195, 1198,
    1199, 1202, 1203, 1206, 1207, 1210, 1211, 1214, 1215, 1218, 1219, 1222,
    1223, 1226, 1227, 1230, 1231, 1234, 1235, 1238, 1239, 1242, 1243, 1246,
    1247, 1250, 1251, 1254, 1255, 1258, 1259, 1262, 1263, 1266, 1267, 1270,
    1271, 1274, 1275, 1278, 1279, 1282, 1283, 1286, 1287, 1290, 1291, 1294,
    1295, 1298, 1299, 1302, 1303, 1306, 1307, 1310, 1311, 1314, 1315, 1318,
    1319, 1322, 1323, 1326, 1327, 1330, 1331, 1334, 1335, 1338, 1339, 1342,
    1343, 1346, 1347, 1350, 1351, 1354, 1355, 1358, 1359, 1362, 1363, 1366,
    1367, 1370, 1371, 1374, 1375, 1378, 1379, 1382, 1383, 1386, 1387, 1390,
    1391, 1394, 1395

Reassigned labels

Runtime: 2.156661033630371

Performance split_log:

IM without threshold:
Map:
{"O_0": "O", "O_1": "O"}
token_fitness
{"perc_fit_traces": 0.0, "average_trace_fitness": 0.9555623088960822, "log_fitness": 0.9573050977713261, "percentage_of_fitting_traces": 0.0}
precision
0.6478780748077817
0.6949152542372882
generalization
0.7903554925149859

Adjusted Rand Index:
0.49946178686759957



Parameters of this run:

Window size: 3
Threshold for edges: 0.25
Split candidates: O
Max number of traces: 5000000
Method for distance calculation: Distance.MULTISET_DISTANCE
Method for finding clusters: ClusteringMethod.COMMUNITY_DETECTION
Original log location: ./data/noImprInLoop_default_OD\feb16-1625\logs\I_1_LogD_Sequence_feb16-1625.xes.gz
Use frequency: True

Found communities: 

Clustering with 1396 elements and 2 clusters
[0] 0, 1, 4, 5, 8, 9, 12, 13, 16, 17, 20, 21, 24, 25, 28, 29, 32, 33, 36, 37,
    40, 41, 44, 45, 48, 49, 52, 53, 56, 57, 60, 61, 64, 65, 68, 69, 72, 73,
    76, 77, 80, 81, 84, 85, 88, 89, 92, 93, 96, 97, 100, 101, 104, 105, 108,
    109, 112, 113, 116, 117, 120, 121, 124, 125, 128, 129, 132, 133, 136, 137,
    140, 141, 144, 145, 148, 149, 152, 153, 156, 157, 160, 161, 164, 165, 168,
    169, 172, 173, 176, 177, 180, 181, 184, 185, 188, 189, 192, 193, 196, 197,
    200, 201, 204, 205, 208, 209, 212, 213, 216, 217, 220, 221, 224, 225, 228,
    229, 232, 233, 236, 237, 240, 241, 244, 245, 248, 249, 252, 253, 256, 257,
    260, 261, 264, 265, 268, 269, 272, 273, 276, 277, 280, 281, 284, 285, 288,
    289, 292, 293, 296, 297, 300, 301, 304, 305, 308, 309, 312, 313, 316, 317,
    320, 321, 324, 325, 328, 329, 332, 333, 336, 337, 340, 341, 344, 345, 348,
    349, 352, 353, 356, 357, 360, 361, 364, 365, 368, 369, 372, 373, 376, 377,
    380, 381, 384, 385, 388, 389, 392, 393, 396, 397, 400, 401, 404, 405, 408,
    409, 412, 413, 416, 417, 420, 421, 424, 425, 428, 429, 432, 433, 436, 437,
    440, 441, 444, 445, 448, 449, 452, 453, 456, 457, 460, 461, 464, 465, 468,
    469, 472, 473, 476, 477, 480, 481, 484, 485, 488, 489, 492, 493, 496, 497,
    500, 501, 504, 505, 508, 509, 512, 513, 516, 517, 520, 521, 524, 525, 528,
    529, 532, 533, 536, 537, 540, 541, 544, 545, 548, 549, 552, 553, 556, 557,
    560, 561, 564, 565, 568, 569, 572, 573, 576, 577, 580, 581, 584, 585, 588,
    589, 592, 593, 596, 597, 600, 601, 604, 605, 608, 609, 612, 613, 616, 617,
    620, 621, 624, 625, 628, 629, 632, 633, 636, 637, 640, 641, 644, 645, 648,
    649, 652, 653, 656, 657, 660, 661, 664, 665, 668, 669, 672, 673, 676, 677,
    680, 681, 684, 685, 688, 689, 692, 693, 696, 697, 700, 701, 704, 705, 708,
    709, 712, 713, 716, 717, 720, 721, 724, 725, 728, 729, 732, 733, 736, 737,
    740, 741, 744, 745, 748, 749, 752, 753, 756, 757, 760, 761, 764, 765, 768,
    769, 772, 773, 776, 777, 780, 781, 784, 785, 788, 789, 792, 793, 796, 797,
    800, 801, 804, 805, 808, 809, 812, 813, 816, 817, 820, 821, 824, 825, 828,
    829, 832, 833, 836, 837, 840, 841, 844, 845, 848, 849, 852, 853, 856, 857,
    860, 861, 864, 865, 868, 869, 872, 873, 876, 877, 880, 881, 884, 885, 888,
    889, 892, 893, 896, 897, 900, 901, 904, 905, 908, 909, 912, 913, 916, 917,
    920, 921, 924, 925, 928, 929, 932, 933, 936, 937, 940, 941, 944, 945, 948,
    949, 952, 953, 956, 957, 960, 961, 964, 965, 968, 969, 972, 973, 976, 977,
    980, 981, 984, 985, 988, 989, 992, 993, 996, 997, 1000, 1001, 1004, 1005,
    1008, 1009, 1012, 1013, 1016, 1017, 1020, 1021, 1024, 1025, 1028, 1029,
    1032, 1033, 1036, 1037, 1040, 1041, 1044, 1045, 1048, 1049, 1052, 1053,
    1056, 1057, 1060, 1061, 1064, 1065, 1068, 1069, 1072, 1073, 1076, 1077,
    1080, 1081, 1084, 1085, 1088, 1089, 1092, 1093, 1096, 1097, 1100, 1101,
    1104, 1105, 1108, 1109, 1112, 1113, 1116, 1117, 1120, 1121, 1124, 1125,
    1128, 1129, 1132, 1133, 1136, 1137, 1140, 1141, 1144, 1145, 1148, 1149,
    1152, 1153, 1156, 1157, 1160, 1161, 1164, 1165, 1168, 1169, 1172, 1173,
    1176, 1177, 1180, 1181, 1184, 1185, 1188, 1189, 1192, 1193, 1196, 1197,
    1200, 1201, 1204, 1205, 1208, 1209, 1212, 1213, 1216, 1217, 1220, 1221,
    1224, 1225, 1228, 1229, 1232, 1233, 1236, 1237, 1240, 1241, 1244, 1245,
    1248, 1249, 1252, 1253, 1256, 1257, 1260, 1261, 1264, 1265, 1268, 1269,
    1272, 1273, 1276, 1277, 1280, 1281, 1284, 1285, 1288, 1289, 1292, 1293,
    1296, 1297, 1300, 1301, 1304, 1305, 1308, 1309, 1312, 1313, 1316, 1317,
    1320, 1321, 1324, 1325, 1328, 1329, 1332, 1333, 1336, 1337, 1340, 1341,
    1344, 1345, 1348, 1349, 1352, 1353, 1356, 1357, 1360, 1361, 1364, 1365,
    1368, 1369, 1372, 1373, 1376, 1377, 1380, 1381, 1384, 1385, 1388, 1389,
    1392, 1393
[1] 2, 3, 6, 7, 10, 11, 14, 15, 18, 19, 22, 23, 26, 27, 30, 31, 34, 35, 38,
    39, 42, 43, 46, 47, 50, 51, 54, 55, 58, 59, 62, 63, 66, 67, 70, 71, 74,
    75, 78, 79, 82, 83, 86, 87, 90, 91, 94, 95, 98, 99, 102, 103, 106, 107,
    110, 111, 114, 115, 118, 119, 122, 123, 126, 127, 130, 131, 134, 135, 138,
    139, 142, 143, 146, 147, 150, 151, 154, 155, 158, 159, 162, 163, 166, 167,
    170, 171, 174, 175, 178, 179, 182, 183, 186, 187, 190, 191, 194, 195, 198,
    199, 202, 203, 206, 207, 210, 211, 214, 215, 218, 219, 222, 223, 226, 227,
    230, 231, 234, 235, 238, 239, 242, 243, 246, 247, 250, 251, 254, 255, 258,
    259, 262, 263, 266, 267, 270, 271, 274, 275, 278, 279, 282, 283, 286, 287,
    290, 291, 294, 295, 298, 299, 302, 303, 306, 307, 310, 311, 314, 315, 318,
    319, 322, 323, 326, 327, 330, 331, 334, 335, 338, 339, 342, 343, 346, 347,
    350, 351, 354, 355, 358, 359, 362, 363, 366, 367, 370, 371, 374, 375, 378,
    379, 382, 383, 386, 387, 390, 391, 394, 395, 398, 399, 402, 403, 406, 407,
    410, 411, 414, 415, 418, 419, 422, 423, 426, 427, 430, 431, 434, 435, 438,
    439, 442, 443, 446, 447, 450, 451, 454, 455, 458, 459, 462, 463, 466, 467,
    470, 471, 474, 475, 478, 479, 482, 483, 486, 487, 490, 491, 494, 495, 498,
    499, 502, 503, 506, 507, 510, 511, 514, 515, 518, 519, 522, 523, 526, 527,
    530, 531, 534, 535, 538, 539, 542, 543, 546, 547, 550, 551, 554, 555, 558,
    559, 562, 563, 566, 567, 570, 571, 574, 575, 578, 579, 582, 583, 586, 587,
    590, 591, 594, 595, 598, 599, 602, 603, 606, 607, 610, 611, 614, 615, 618,
    619, 622, 623, 626, 627, 630, 631, 634, 635, 638, 639, 642, 643, 646, 647,
    650, 651, 654, 655, 658, 659, 662, 663, 666, 667, 670, 671, 674, 675, 678,
    679, 682, 683, 686, 687, 690, 691, 694, 695, 698, 699, 702, 703, 706, 707,
    710, 711, 714, 715, 718, 719, 722, 723, 726, 727, 730, 731, 734, 735, 738,
    739, 742, 743, 746, 747, 750, 751, 754, 755, 758, 759, 762, 763, 766, 767,
    770, 771, 774, 775, 778, 779, 782, 783, 786, 787, 790, 791, 794, 795, 798,
    799, 802, 803, 806, 807, 810, 811, 814, 815, 818, 819, 822, 823, 826, 827,
    830, 831, 834, 835, 838, 839, 842, 843, 846, 847, 850, 851, 854, 855, 858,
    859, 862, 863, 866, 867, 870, 871, 874, 875, 878, 879, 882, 883, 886, 887,
    890, 891, 894, 895, 898, 899, 902, 903, 906, 907, 910, 911, 914, 915, 918,
    919, 922, 923, 926, 927, 930, 931, 934, 935, 938, 939, 942, 943, 946, 947,
    950, 951, 954, 955, 958, 959, 962, 963, 966, 967, 970, 971, 974, 975, 978,
    979, 982, 983, 986, 987, 990, 991, 994, 995, 998, 999, 1002, 1003, 1006,
    1007, 1010, 1011, 1014, 1015, 1018, 1019, 1022, 1023, 1026, 1027, 1030,
    1031, 1034, 1035, 1038, 1039, 1042, 1043, 1046, 1047, 1050, 1051, 1054,
    1055, 1058, 1059, 1062, 1063, 1066, 1067, 1070, 1071, 1074, 1075, 1078,
    1079, 1082, 1083, 1086, 1087, 1090, 1091, 1094, 1095, 1098, 1099, 1102,
    1103, 1106, 1107, 1110, 1111, 1114, 1115, 1118, 1119, 1122, 1123, 1126,
    1127, 1130, 1131, 1134, 1135, 1138, 1139, 1142, 1143, 1146, 1147, 1150,
    1151, 1154, 1155, 1158, 1159, 1162, 1163, 1166, 1167, 1170, 1171, 1174,
    1175, 1178, 1179, 1182, 1183, 1186, 1187, 1190, 1191, 1194, 1195, 1198,
    1199, 1202, 1203, 1206, 1207, 1210, 1211, 1214, 1215, 1218, 1219, 1222,
    1223, 1226, 1227, 1230, 1231, 1234, 1235, 1238, 1239, 1242, 1243, 1246,
    1247, 1250, 1251, 1254, 1255, 1258, 1259, 1262, 1263, 1266, 1267, 1270,
    1271, 1274, 1275, 1278, 1279, 1282, 1283, 1286, 1287, 1290, 1291, 1294,
    1295, 1298, 1299, 1302, 1303, 1306, 1307, 1310, 1311, 1314, 1315, 1318,
    1319, 1322, 1323, 1326, 1327, 1330, 1331, 1334, 1335, 1338, 1339, 1342,
    1343, 1346, 1347, 1350, 1351, 1354, 1355, 1358, 1359, 1362, 1363, 1366,
    1367, 1370, 1371, 1374, 1375, 1378, 1379, 1382, 1383, 1386, 1387, 1390,
    1391, 1394, 1395

Reassigned labels

Runtime: 1.878993272781372

Performance split_log:

IM without threshold:
Map:
{"O_0": "O", "O_1": "O"}
token_fitness
{"perc_fit_traces": 0.0, "average_trace_fitness": 0.9555623088960822, "log_fitness": 0.9573050977713261, "percentage_of_fitting_traces": 0.0}
precision
0.6478780748077817
0.6949152542372882
generalization
0.7903554925149859

Adjusted Rand Index:
0.49946178686759957



Parameters of this run:

Window size: 3
Threshold for edges: 0.5
Split candidates: O
Max number of traces: 5000000
Method for distance calculation: Distance.MULTISET_DISTANCE
Method for finding clusters: ClusteringMethod.COMMUNITY_DETECTION
Original log location: ./data/noImprInLoop_default_OD\feb16-1625\logs\I_1_LogD_Sequence_feb16-1625.xes.gz
Use frequency: True

Found communities: 

Clustering with 1396 elements and 2 clusters
[0] 0, 1, 4, 5, 8, 9, 12, 13, 16, 17, 20, 21, 24, 25, 28, 29, 32, 33, 36, 37,
    40, 41, 44, 45, 48, 49, 52, 53, 56, 57, 60, 61, 64, 65, 68, 69, 72, 73,
    76, 77, 80, 81, 84, 85, 88, 89, 92, 93, 96, 97, 100, 101, 104, 105, 108,
    109, 112, 113, 116, 117, 120, 121, 124, 125, 128, 129, 132, 133, 136, 137,
    140, 141, 144, 145, 148, 149, 152, 153, 156, 157, 160, 161, 164, 165, 168,
    169, 172, 173, 176, 177, 180, 181, 184, 185, 188, 189, 192, 193, 196, 197,
    200, 201, 204, 205, 208, 209, 212, 213, 216, 217, 220, 221, 224, 225, 228,
    229, 232, 233, 236, 237, 240, 241, 244, 245, 248, 249, 252, 253, 256, 257,
    260, 261, 264, 265, 268, 269, 272, 273, 276, 277, 280, 281, 284, 285, 288,
    289, 292, 293, 296, 297, 300, 301, 304, 305, 308, 309, 312, 313, 316, 317,
    320, 321, 324, 325, 328, 329, 332, 333, 336, 337, 340, 341, 344, 345, 348,
    349, 352, 353, 356, 357, 360, 361, 364, 365, 368, 369, 372, 373, 376, 377,
    380, 381, 384, 385, 388, 389, 392, 393, 396, 397, 400, 401, 404, 405, 408,
    409, 412, 413, 416, 417, 420, 421, 424, 425, 428, 429, 432, 433, 436, 437,
    440, 441, 444, 445, 448, 449, 452, 453, 456, 457, 460, 461, 464, 465, 468,
    469, 472, 473, 476, 477, 480, 481, 484, 485, 488, 489, 492, 493, 496, 497,
    500, 501, 504, 505, 508, 509, 512, 513, 516, 517, 520, 521, 524, 525, 528,
    529, 532, 533, 536, 537, 540, 541, 544, 545, 548, 549, 552, 553, 556, 557,
    560, 561, 564, 565, 568, 569, 572, 573, 576, 577, 580, 581, 584, 585, 588,
    589, 592, 593, 596, 597, 600, 601, 604, 605, 608, 609, 612, 613, 616, 617,
    620, 621, 624, 625, 628, 629, 632, 633, 636, 637, 640, 641, 644, 645, 648,
    649, 652, 653, 656, 657, 660, 661, 664, 665, 668, 669, 672, 673, 676, 677,
    680, 681, 684, 685, 688, 689, 692, 693, 696, 697, 700, 701, 704, 705, 708,
    709, 712, 713, 716, 717, 720, 721, 724, 725, 728, 729, 732, 733, 736, 737,
    740, 741, 744, 745, 748, 749, 752, 753, 756, 757, 760, 761, 764, 765, 768,
    769, 772, 773, 776, 777, 780, 781, 784, 785, 788, 789, 792, 793, 796, 797,
    800, 801, 804, 805, 808, 809, 812, 813, 816, 817, 820, 821, 824, 825, 828,
    829, 832, 833, 836, 837, 840, 841, 844, 845, 848, 849, 852, 853, 856, 857,
    860, 861, 864, 865, 868, 869, 872, 873, 876, 877, 880, 881, 884, 885, 888,
    889, 892, 893, 896, 897, 900, 901, 904, 905, 908, 909, 912, 913, 916, 917,
    920, 921, 924, 925, 928, 929, 932, 933, 936, 937, 940, 941, 944, 945, 948,
    949, 952, 953, 956, 957, 960, 961, 964, 965, 968, 969, 972, 973, 976, 977,
    980, 981, 984, 985, 988, 989, 992, 993, 996, 997, 1000, 1001, 1004, 1005,
    1008, 1009, 1012, 1013, 1016, 1017, 1020, 1021, 1024, 1025, 1028, 1029,
    1032, 1033, 1036, 1037, 1040, 1041, 1044, 1045, 1048, 1049, 1052, 1053,
    1056, 1057, 1060, 1061, 1064, 1065, 1068, 1069, 1072, 1073, 1076, 1077,
    1080, 1081, 1084, 1085, 1088, 1089, 1092, 1093, 1096, 1097, 1100, 1101,
    1104, 1105, 1108, 1109, 1112, 1113, 1116, 1117, 1120, 1121, 1124, 1125,
    1128, 1129, 1132, 1133, 1136, 1137, 1140, 1141, 1144, 1145, 1148, 1149,
    1152, 1153, 1156, 1157, 1160, 1161, 1164, 1165, 1168, 1169, 1172, 1173,
    1176, 1177, 1180, 1181, 1184, 1185, 1188, 1189, 1192, 1193, 1196, 1197,
    1200, 1201, 1204, 1205, 1208, 1209, 1212, 1213, 1216, 1217, 1220, 1221,
    1224, 1225, 1228, 1229, 1232, 1233, 1236, 1237, 1240, 1241, 1244, 1245,
    1248, 1249, 1252, 1253, 1256, 1257, 1260, 1261, 1264, 1265, 1268, 1269,
    1272, 1273, 1276, 1277, 1280, 1281, 1284, 1285, 1288, 1289, 1292, 1293,
    1296, 1297, 1300, 1301, 1304, 1305, 1308, 1309, 1312, 1313, 1316, 1317,
    1320, 1321, 1324, 1325, 1328, 1329, 1332, 1333, 1336, 1337, 1340, 1341,
    1344, 1345, 1348, 1349, 1352, 1353, 1356, 1357, 1360, 1361, 1364, 1365,
    1368, 1369, 1372, 1373, 1376, 1377, 1380, 1381, 1384, 1385, 1388, 1389,
    1392, 1393
[1] 2, 3, 6, 7, 10, 11, 14, 15, 18, 19, 22, 23, 26, 27, 30, 31, 34, 35, 38,
    39, 42, 43, 46, 47, 50, 51, 54, 55, 58, 59, 62, 63, 66, 67, 70, 71, 74,
    75, 78, 79, 82, 83, 86, 87, 90, 91, 94, 95, 98, 99, 102, 103, 106, 107,
    110, 111, 114, 115, 118, 119, 122, 123, 126, 127, 130, 131, 134, 135, 138,
    139, 142, 143, 146, 147, 150, 151, 154, 155, 158, 159, 162, 163, 166, 167,
    170, 171, 174, 175, 178, 179, 182, 183, 186, 187, 190, 191, 194, 195, 198,
    199, 202, 203, 206, 207, 210, 211, 214, 215, 218, 219, 222, 223, 226, 227,
    230, 231, 234, 235, 238, 239, 242, 243, 246, 247, 250, 251, 254, 255, 258,
    259, 262, 263, 266, 267, 270, 271, 274, 275, 278, 279, 282, 283, 286, 287,
    290, 291, 294, 295, 298, 299, 302, 303, 306, 307, 310, 311, 314, 315, 318,
    319, 322, 323, 326, 327, 330, 331, 334, 335, 338, 339, 342, 343, 346, 347,
    350, 351, 354, 355, 358, 359, 362, 363, 366, 367, 370, 371, 374, 375, 378,
    379, 382, 383, 386, 387, 390, 391, 394, 395, 398, 399, 402, 403, 406, 407,
    410, 411, 414, 415, 418, 419, 422, 423, 426, 427, 430, 431, 434, 435, 438,
    439, 442, 443, 446, 447, 450, 451, 454, 455, 458, 459, 462, 463, 466, 467,
    470, 471, 474, 475, 478, 479, 482, 483, 486, 487, 490, 491, 494, 495, 498,
    499, 502, 503, 506, 507, 510, 511, 514, 515, 518, 519, 522, 523, 526, 527,
    530, 531, 534, 535, 538, 539, 542, 543, 546, 547, 550, 551, 554, 555, 558,
    559, 562, 563, 566, 567, 570, 571, 574, 575, 578, 579, 582, 583, 586, 587,
    590, 591, 594, 595, 598, 599, 602, 603, 606, 607, 610, 611, 614, 615, 618,
    619, 622, 623, 626, 627, 630, 631, 634, 635, 638, 639, 642, 643, 646, 647,
    650, 651, 654, 655, 658, 659, 662, 663, 666, 667, 670, 671, 674, 675, 678,
    679, 682, 683, 686, 687, 690, 691, 694, 695, 698, 699, 702, 703, 706, 707,
    710, 711, 714, 715, 718, 719, 722, 723, 726, 727, 730, 731, 734, 735, 738,
    739, 742, 743, 746, 747, 750, 751, 754, 755, 758, 759, 762, 763, 766, 767,
    770, 771, 774, 775, 778, 779, 782, 783, 786, 787, 790, 791, 794, 795, 798,
    799, 802, 803, 806, 807, 810, 811, 814, 815, 818, 819, 822, 823, 826, 827,
    830, 831, 834, 835, 838, 839, 842, 843, 846, 847, 850, 851, 854, 855, 858,
    859, 862, 863, 866, 867, 870, 871, 874, 875, 878, 879, 882, 883, 886, 887,
    890, 891, 894, 895, 898, 899, 902, 903, 906, 907, 910, 911, 914, 915, 918,
    919, 922, 923, 926, 927, 930, 931, 934, 935, 938, 939, 942, 943, 946, 947,
    950, 951, 954, 955, 958, 959, 962, 963, 966, 967, 970, 971, 974, 975, 978,
    979, 982, 983, 986, 987, 990, 991, 994, 995, 998, 999, 1002, 1003, 1006,
    1007, 1010, 1011, 1014, 1015, 1018, 1019, 1022, 1023, 1026, 1027, 1030,
    1031, 1034, 1035, 1038, 1039, 1042, 1043, 1046, 1047, 1050, 1051, 1054,
    1055, 1058, 1059, 1062, 1063, 1066, 1067, 1070, 1071, 1074, 1075, 1078,
    1079, 1082, 1083, 1086, 1087, 1090, 1091, 1094, 1095, 1098, 1099, 1102,
    1103, 1106, 1107, 1110, 1111, 1114, 1115, 1118, 1119, 1122, 1123, 1126,
    1127, 1130, 1131, 1134, 1135, 1138, 1139, 1142, 1143, 1146, 1147, 1150,
    1151, 1154, 1155, 1158, 1159, 1162, 1163, 1166, 1167, 1170, 1171, 1174,
    1175, 1178, 1179, 1182, 1183, 1186, 1187, 1190, 1191, 1194, 1195, 1198,
    1199, 1202, 1203, 1206, 1207, 1210, 1211, 1214, 1215, 1218, 1219, 1222,
    1223, 1226, 1227, 1230, 1231, 1234, 1235, 1238, 1239, 1242, 1243, 1246,
    1247, 1250, 1251, 1254, 1255, 1258, 1259, 1262, 1263, 1266, 1267, 1270,
    1271, 1274, 1275, 1278, 1279, 1282, 1283, 1286, 1287, 1290, 1291, 1294,
    1295, 1298, 1299, 1302, 1303, 1306, 1307, 1310, 1311, 1314, 1315, 1318,
    1319, 1322, 1323, 1326, 1327, 1330, 1331, 1334, 1335, 1338, 1339, 1342,
    1343, 1346, 1347, 1350, 1351, 1354, 1355, 1358, 1359, 1362, 1363, 1366,
    1367, 1370, 1371, 1374, 1375, 1378, 1379, 1382, 1383, 1386, 1387, 1390,
    1391, 1394, 1395

Reassigned labels

Runtime: 1.8567571640014648

Performance split_log:

IM without threshold:
Map:
{"O_0": "O", "O_1": "O"}
token_fitness
{"perc_fit_traces": 0.0, "average_trace_fitness": 0.9088702049243688, "log_fitness": 0.9126171555730567, "percentage_of_fitting_traces": 0.0}
precision
0.6163889468506871
0.6949152542372882
generalization
0.7903554925149859

Adjusted Rand Index:
0.49946178686759957



Parameters of this run:

Window size: 3
Threshold for edges: 0.75
Split candidates: O
Max number of traces: 5000000
Method for distance calculation: Distance.MULTISET_DISTANCE
Method for finding clusters: ClusteringMethod.COMMUNITY_DETECTION
Original log location: ./data/noImprInLoop_default_OD\feb16-1625\logs\I_1_LogD_Sequence_feb16-1625.xes.gz
Use frequency: True

Found communities: 

Clustering with 1396 elements and 3 clusters
[0] 2, 3, 6, 7, 10, 11, 14, 15, 18, 19, 22, 23, 26, 27, 30, 31, 34, 35, 38,
    39, 42, 43, 46, 47, 50, 51, 54, 55, 58, 59, 62, 63, 66, 67, 70, 71, 74,
    75, 78, 79, 82, 83, 86, 87, 90, 91, 94, 95, 98, 99, 102, 103, 106, 107,
    110, 111, 114, 115, 118, 119, 122, 123, 126, 127, 130, 131, 134, 135, 138,
    139, 142, 143, 146, 147, 150, 151, 154, 155, 158, 159, 162, 163, 166, 167,
    170, 171, 174, 175, 178, 179, 182, 183, 186, 187, 190, 191, 194, 195, 198,
    199, 202, 203, 206, 207, 210, 211, 214, 215, 218, 219, 222, 223, 226, 227,
    230, 231, 234, 235, 238, 239, 242, 243, 246, 247, 250, 251, 254, 255, 258,
    259, 262, 263, 266, 267, 270, 271, 274, 275, 278, 279, 282, 283, 286, 287,
    290, 291, 294, 295, 298, 299, 302, 303, 306, 307, 310, 311, 314, 315, 318,
    319, 322, 323, 326, 327, 330, 331, 334, 335, 338, 339, 342, 343, 346, 347,
    350, 351, 354, 355, 358, 359, 362, 363, 366, 367, 370, 371, 374, 375, 378,
    379, 382, 383, 386, 387, 390, 391, 394, 395, 398, 399, 402, 403, 406, 407,
    410, 411, 414, 415, 418, 419, 422, 423, 426, 427, 430, 431, 434, 435, 438,
    439, 442, 443, 446, 447, 450, 451, 454, 455, 458, 459, 462, 463, 466, 467,
    470, 471, 474, 475, 478, 479, 482, 483, 486, 487, 490, 491, 494, 495, 498,
    499, 502, 503, 506, 507, 510, 511, 514, 515, 518, 519, 522, 523, 526, 527,
    530, 531, 534, 535, 538, 539, 542, 543, 546, 547, 550, 551, 554, 555, 558,
    559, 562, 563, 566, 567, 570, 571, 574, 575, 578, 579, 582, 583, 586, 587,
    590, 591, 594, 595, 598, 599, 602, 603, 606, 607, 610, 611, 614, 615, 618,
    619, 622, 623, 626, 627, 630, 631, 634, 635, 638, 639, 642, 643, 646, 647,
    650, 651, 654, 655, 658, 659, 662, 663, 666, 667, 670, 671, 674, 675, 678,
    679, 682, 683, 686, 687, 690, 691, 694, 695, 698, 699, 702, 703, 706, 707,
    710, 711, 714, 715, 718, 719, 722, 723, 726, 727, 730, 731, 734, 735, 738,
    739, 742, 743, 746, 747, 750, 751, 754, 755, 758, 759, 762, 763, 766, 767,
    770, 771, 774, 775, 778, 779, 782, 783, 786, 787, 790, 791, 794, 795, 798,
    799, 802, 803, 806, 807, 810, 811, 814, 815, 818, 819, 822, 823, 826, 827,
    830, 831, 834, 835, 838, 839, 842, 843, 846, 847, 850, 851, 854, 855, 858,
    859, 862, 863, 866, 867, 870, 871, 874, 875, 878, 879, 882, 883, 886, 887,
    890, 891, 894, 895, 898, 899, 902, 903, 906, 907, 910, 911, 914, 915, 918,
    919, 922, 923, 926, 927, 930, 931, 934, 935, 938, 939, 942, 943, 946, 947,
    950, 951, 954, 955, 958, 959, 962, 963, 966, 967, 970, 971, 974, 975, 978,
    979, 982, 983, 986, 987, 990, 991, 994, 995, 998, 999, 1002, 1003, 1006,
    1007, 1010, 1011, 1014, 1015, 1018, 1019, 1022, 1023, 1026, 1027, 1030,
    1031, 1034, 1035, 1038, 1039, 1042, 1043, 1046, 1047, 1050, 1051, 1054,
    1055, 1058, 1059, 1062, 1063, 1066, 1067, 1070, 1071, 1074, 1075, 1078,
    1079, 1082, 1083, 1086, 1087, 1090, 1091, 1094, 1095, 1098, 1099, 1102,
    1103, 1106, 1107, 1110, 1111, 1114, 1115, 1118, 1119, 1122, 1123, 1126,
    1127, 1130, 1131, 1134, 1135, 1138, 1139, 1142, 1143, 1146, 1147, 1150,
    1151, 1154, 1155, 1158, 1159, 1162, 1163, 1166, 1167, 1170, 1171, 1174,
    1175, 1178, 1179, 1182, 1183, 1186, 1187, 1190, 1191, 1194, 1195, 1198,
    1199, 1202, 1203, 1206, 1207, 1210, 1211, 1214, 1215, 1218, 1219, 1222,
    1223, 1226, 1227, 1230, 1231, 1234, 1235, 1238, 1239, 1242, 1243, 1246,
    1247, 1250, 1251, 1254, 1255, 1258, 1259, 1262, 1263, 1266, 1267, 1270,
    1271, 1274, 1275, 1278, 1279, 1282, 1283, 1286, 1287, 1290, 1291, 1294,
    1295, 1298, 1299, 1302, 1303, 1306, 1307, 1310, 1311, 1314, 1315, 1318,
    1319, 1322, 1323, 1326, 1327, 1330, 1331, 1334, 1335, 1338, 1339, 1342,
    1343, 1346, 1347, 1350, 1351, 1354, 1355, 1358, 1359, 1362, 1363, 1366,
    1367, 1370, 1371, 1374, 1375, 1378, 1379, 1382, 1383, 1386, 1387, 1390,
    1391, 1394, 1395
[1] 1, 5, 9, 13, 17, 21, 25, 29, 33, 37, 41, 45, 49, 53, 57, 61, 65, 69, 73,
    77, 81, 85, 89, 93, 97, 101, 105, 109, 113, 117, 121, 125, 129, 133, 137,
    141, 145, 149, 153, 157, 161, 165, 169, 173, 177, 181, 185, 189, 193, 197,
    201, 205, 209, 213, 217, 221, 225, 229, 233, 237, 241, 245, 249, 253, 257,
    261, 265, 269, 273, 277, 281, 285, 289, 293, 297, 301, 305, 309, 313, 317,
    321, 325, 329, 333, 337, 341, 345, 349, 353, 357, 361, 365, 369, 373, 377,
    381, 385, 389, 393, 397, 401, 405, 409, 413, 417, 421, 425, 429, 433, 437,
    441, 445, 449, 453, 457, 461, 465, 469, 473, 477, 481, 485, 489, 493, 497,
    501, 505, 509, 513, 517, 521, 525, 529, 533, 537, 541, 545, 549, 553, 557,
    561, 565, 569, 573, 577, 581, 585, 589, 593, 597, 601, 605, 609, 613, 617,
    621, 625, 629, 633, 637, 641, 645, 649, 653, 657, 661, 665, 669, 673, 677,
    681, 685, 689, 693, 697, 701, 705, 709, 713, 717, 721, 725, 729, 733, 737,
    741, 745, 749, 753, 757, 761, 765, 769, 773, 777, 781, 785, 789, 793, 797,
    801, 805, 809, 813, 817, 821, 825, 829, 833, 837, 841, 845, 849, 853, 857,
    861, 865, 869, 873, 877, 881, 885, 889, 893, 897, 901, 905, 909, 913, 917,
    921, 925, 929, 933, 937, 941, 945, 949, 953, 957, 961, 965, 969, 973, 977,
    981, 985, 989, 993, 997, 1001, 1005, 1009, 1013, 1017, 1021, 1025, 1029,
    1033, 1037, 1041, 1045, 1049, 1053, 1057, 1061, 1065, 1069, 1073, 1077,
    1081, 1085, 1089, 1093, 1097, 1101, 1105, 1109, 1113, 1117, 1121, 1125,
    1129, 1133, 1137, 1141, 1145, 1149, 1153, 1157, 1161, 1165, 1169, 1173,
    1177, 1181, 1185, 1189, 1193, 1197, 1201, 1205, 1209, 1213, 1217, 1221,
    1225, 1229, 1233, 1237, 1241, 1245, 1249, 1253, 1257, 1261, 1265, 1269,
    1273, 1277, 1281, 1285, 1289, 1293, 1297, 1301, 1305, 1309, 1313, 1317,
    1321, 1325, 1329, 1333, 1337, 1341, 1345, 1349, 1353, 1357, 1361, 1365,
    1369, 1373, 1377, 1381, 1385, 1389, 1393
[2] 0, 4, 8, 12, 16, 20, 24, 28, 32, 36, 40, 44, 48, 52, 56, 60, 64, 68, 72,
    76, 80, 84, 88, 92, 96, 100, 104, 108, 112, 116, 120, 124, 128, 132, 136,
    140, 144, 148, 152, 156, 160, 164, 168, 172, 176, 180, 184, 188, 192, 196,
    200, 204, 208, 212, 216, 220, 224, 228, 232, 236, 240, 244, 248, 252, 256,
    260, 264, 268, 272, 276, 280, 284, 288, 292, 296, 300, 304, 308, 312, 316,
    320, 324, 328, 332, 336, 340, 344, 348, 352, 356, 360, 364, 368, 372, 376,
    380, 384, 388, 392, 396, 400, 404, 408, 412, 416, 420, 424, 428, 432, 436,
    440, 444, 448, 452, 456, 460, 464, 468, 472, 476, 480, 484, 488, 492, 496,
    500, 504, 508, 512, 516, 520, 524, 528, 532, 536, 540, 544, 548, 552, 556,
    560, 564, 568, 572, 576, 580, 584, 588, 592, 596, 600, 604, 608, 612, 616,
    620, 624, 628, 632, 636, 640, 644, 648, 652, 656, 660, 664, 668, 672, 676,
    680, 684, 688, 692, 696, 700, 704, 708, 712, 716, 720, 724, 728, 732, 736,
    740, 744, 748, 752, 756, 760, 764, 768, 772, 776, 780, 784, 788, 792, 796,
    800, 804, 808, 812, 816, 820, 824, 828, 832, 836, 840, 844, 848, 852, 856,
    860, 864, 868, 872, 876, 880, 884, 888, 892, 896, 900, 904, 908, 912, 916,
    920, 924, 928, 932, 936, 940, 944, 948, 952, 956, 960, 964, 968, 972, 976,
    980, 984, 988, 992, 996, 1000, 1004, 1008, 1012, 1016, 1020, 1024, 1028,
    1032, 1036, 1040, 1044, 1048, 1052, 1056, 1060, 1064, 1068, 1072, 1076,
    1080, 1084, 1088, 1092, 1096, 1100, 1104, 1108, 1112, 1116, 1120, 1124,
    1128, 1132, 1136, 1140, 1144, 1148, 1152, 1156, 1160, 1164, 1168, 1172,
    1176, 1180, 1184, 1188, 1192, 1196, 1200, 1204, 1208, 1212, 1216, 1220,
    1224, 1228, 1232, 1236, 1240, 1244, 1248, 1252, 1256, 1260, 1264, 1268,
    1272, 1276, 1280, 1284, 1288, 1292, 1296, 1300, 1304, 1308, 1312, 1316,
    1320, 1324, 1328, 1332, 1336, 1340, 1344, 1348, 1352, 1356, 1360, 1364,
    1368, 1372, 1376, 1380, 1384, 1388, 1392

Reassigned labels

Runtime: 1.5173346996307373

Performance split_log:

IM without threshold:
Map:
{"O_0": "O", "O_1": "O", "O_2": "O"}
token_fitness
{"perc_fit_traces": 0.0, "average_trace_fitness": 0.9043423130272674, "log_fitness": 0.9086180179953057, "percentage_of_fitting_traces": 0.0}
precision
0.6478780748077817
0.7037037037037037
generalization
0.9107923286547933

Adjusted Rand Index:
0.7138461538461539



Parameters of this run:

Window size: 3
Threshold for edges: 1
Split candidates: O
Max number of traces: 5000000
Method for distance calculation: Distance.MULTISET_DISTANCE
Method for finding clusters: ClusteringMethod.COMMUNITY_DETECTION
Original log location: ./data/noImprInLoop_default_OD\feb16-1625\logs\I_1_LogD_Sequence_feb16-1625.xes.gz
Use frequency: True

Found communities: 

Clustering with 1396 elements and 12 clusters
[ 0] 3, 7, 11, 15, 19, 23, 27, 31, 35, 39, 43, 47, 51, 55, 59, 63, 67, 71, 75,
     79, 83, 87, 91, 95, 99, 103, 107, 111, 115, 119, 123, 127, 131, 135, 139,
     143, 147, 151, 155, 159, 163, 167, 171, 175, 179, 183, 187, 191, 195,
     199, 203, 207, 211, 215, 219, 223, 227, 231, 235, 239, 243, 247, 251,
     255, 259, 263, 267, 271, 275, 279, 283, 287, 291, 295, 299, 303, 307,
     311, 315, 319, 323, 327, 331, 335, 339, 343, 347, 351, 355, 359, 363,
     367, 371, 375, 379, 383, 387, 391, 395, 399, 403, 407, 411, 415, 419,
     423, 427, 431, 435, 439, 443, 447, 451, 455, 459, 463, 467, 471, 475,
     479, 483, 487, 491, 495, 499, 503, 507, 511, 515, 519, 523, 527, 531,
     535, 539, 543, 547, 551, 555, 559, 563, 567, 571, 575, 579, 583, 587,
     591, 595, 599, 603, 607, 611, 615, 619, 623, 627, 631, 635, 639, 643,
     647, 651, 655, 659, 663, 667, 671, 675, 679, 683, 687, 691, 695, 699,
     703, 707, 711, 715, 719, 723, 727, 731, 735, 739, 743, 747, 751, 755,
     759, 763, 767, 771, 775, 779, 783, 787, 791, 795, 799, 803, 807, 811,
     815, 819, 823, 827, 831, 835, 839, 843, 847, 851, 855, 859, 863, 867,
     871, 875, 879, 883, 887, 891, 895, 899, 903, 907, 911, 915, 919, 923,
     927, 931, 935, 939, 943, 947, 951, 955, 959, 963, 967, 971, 975, 979,
     983, 987, 991, 995, 999, 1003, 1007, 1011, 1015, 1019, 1023, 1027, 1031,
     1035, 1039, 1043, 1047, 1051, 1055, 1059, 1063, 1067, 1071, 1075, 1079,
     1083, 1087, 1091, 1095, 1099, 1103, 1107, 1111, 1115, 1119, 1123, 1127,
     1131, 1135, 1139, 1143, 1147, 1151, 1155, 1159, 1163, 1167, 1171, 1175,
     1179, 1183, 1187, 1191, 1195, 1199, 1203, 1207, 1211, 1215, 1219, 1223,
     1227, 1231, 1235, 1239, 1243, 1247, 1251, 1255, 1259, 1263, 1267, 1271,
     1275, 1279, 1283, 1287, 1291, 1295, 1299, 1303, 1307, 1311, 1315, 1319,
     1323, 1327, 1331, 1335, 1339, 1343, 1347, 1351, 1355, 1359, 1363, 1367,
     1371, 1375, 1379, 1383, 1387, 1391, 1395
[ 1] 10, 30, 34, 38, 46, 58, 62, 66, 74, 82, 86, 90, 98, 102, 106, 110, 114,
     118, 130, 134, 146, 158, 162, 174, 182, 186, 198, 206, 210, 214, 218,
     226, 230, 238, 242, 246, 250, 254, 262, 274, 278, 282, 286, 294, 298,
     310, 318, 326, 334, 338, 342, 346, 350, 354, 362, 366, 382, 386, 398,
     414, 430, 434, 438, 454, 478, 486, 490, 494, 506, 514, 518, 530, 538,
     542, 550, 554, 566, 570, 578, 582, 586, 590, 594, 598, 614, 618, 622,
     638, 642, 646, 650, 662, 666, 674, 678, 682, 694, 702, 706, 710, 714,
     718, 722, 730, 738, 742, 746, 750, 754, 758, 762, 766, 778, 782, 786,
     790, 794, 798, 806, 810, 822, 826, 834, 838, 842, 846, 850, 854, 862,
     870, 874, 890, 894, 898, 902, 906, 910, 930, 938, 946, 950, 958, 962,
     970, 982, 986, 990, 994, 998, 1002, 1006, 1010, 1022, 1026, 1034, 1038,
     1042, 1046, 1050, 1054, 1062, 1066, 1074, 1082, 1086, 1090, 1098, 1102,
     1106, 1110, 1118, 1126, 1130, 1142, 1162, 1174, 1178, 1190, 1198, 1210,
     1214, 1218, 1226, 1230, 1238, 1242, 1246, 1250, 1254, 1266, 1274, 1286,
     1294, 1302, 1306, 1310, 1322, 1330, 1334, 1342, 1346, 1358, 1362, 1366,
     1374, 1382, 1386, 1390, 1394
[ 2] 1, 5, 17, 25, 29, 33, 41, 45, 49, 53, 61, 65, 81, 85, 101, 121, 129, 133,
     153, 161, 165, 177, 193, 197, 217, 221, 229, 233, 241, 249, 257, 261,
     273, 281, 285, 289, 301, 305, 309, 321, 325, 333, 337, 345, 349, 373,
     377, 381, 389, 397, 401, 409, 413, 417, 421, 425, 437, 441, 445, 449,
     453, 457, 465, 473, 477, 497, 501, 513, 521, 529, 533, 549, 573, 577,
     581, 589, 593, 621, 625, 629, 633, 653, 657, 665, 673, 681, 689, 693,
     709, 717, 725, 737, 749, 773, 785, 789, 797, 801, 805, 821, 841, 845,
     849, 857, 861, 865, 869, 877, 881, 885, 893, 897, 905, 917, 921, 925,
     937, 953, 957, 965, 969, 977, 993, 1009, 1013, 1029, 1033, 1037, 1041,
     1057, 1065, 1077, 1081, 1089, 1113, 1125, 1137, 1145, 1149, 1165, 1169,
     1173, 1177, 1185, 1193, 1201, 1205, 1209, 1217, 1221, 1229, 1233, 1237,
     1253, 1257, 1261, 1269, 1273, 1281, 1293, 1297, 1301, 1305, 1313, 1317,
     1329, 1337, 1361, 1369, 1381, 1385, 1389
[ 3] 24, 32, 36, 40, 52, 64, 72, 80, 88, 100, 108, 128, 152, 160, 164, 172,
     180, 184, 192, 196, 204, 216, 228, 232, 240, 260, 272, 280, 284, 288,
     292, 296, 316, 336, 340, 364, 372, 376, 380, 396, 400, 408, 412, 420,
     424, 436, 440, 448, 464, 472, 476, 496, 500, 512, 516, 520, 532, 548,
     572, 576, 580, 592, 616, 620, 624, 628, 632, 640, 644, 656, 660, 672,
     676, 688, 708, 712, 724, 744, 752, 760, 764, 780, 784, 792, 800, 820,
     824, 836, 840, 844, 860, 864, 868, 880, 888, 904, 908, 916, 944, 952,
     968, 980, 996, 1008, 1028, 1032, 1036, 1040, 1064, 1072, 1076, 1080,
     1084, 1124, 1128, 1136, 1140, 1144, 1148, 1164, 1172, 1176, 1188, 1196,
     1208, 1216, 1220, 1232, 1236, 1244, 1256, 1260, 1272, 1280, 1284, 1296,
     1300, 1304, 1312, 1316, 1328, 1336, 1344, 1360, 1368, 1380, 1384, 1388
[ 4] 2, 6, 14, 18, 22, 26, 42, 50, 54, 70, 78, 94, 122, 126, 138, 142, 150,
     154, 166, 170, 178, 190, 194, 202, 222, 234, 258, 266, 270, 290, 302,
     306, 314, 322, 330, 358, 370, 374, 378, 390, 394, 402, 406, 410, 418,
     422, 426, 442, 446, 450, 458, 462, 466, 470, 474, 482, 498, 502, 510,
     522, 526, 534, 546, 558, 562, 574, 602, 606, 610, 626, 630, 634, 654,
     658, 670, 686, 690, 698, 726, 734, 770, 774, 802, 814, 818, 830, 858,
     866, 878, 882, 886, 914, 918, 922, 926, 934, 942, 954, 966, 974, 978,
     1014, 1018, 1030, 1058, 1070, 1078, 1094, 1114, 1122, 1134, 1138, 1146,
     1150, 1154, 1158, 1166, 1170, 1182, 1186, 1194, 1202, 1206, 1222, 1234,
     1258, 1262, 1270, 1278, 1282, 1290, 1298, 1314, 1318, 1326, 1338, 1350,
     1354, 1370, 1378
[ 5] 9, 37, 57, 73, 89, 97, 105, 109, 113, 117, 145, 157, 173, 181, 185, 205,
     209, 213, 225, 237, 245, 253, 277, 293, 297, 317, 341, 353, 361, 365,
     385, 429, 433, 485, 489, 493, 505, 517, 537, 541, 553, 565, 569, 585,
     597, 613, 617, 637, 641, 645, 649, 661, 677, 701, 705, 713, 721, 729,
     741, 745, 753, 757, 761, 765, 777, 781, 793, 809, 825, 833, 837, 853,
     873, 889, 901, 909, 929, 945, 949, 961, 981, 985, 989, 997, 1001, 1005,
     1021, 1025, 1045, 1049, 1053, 1061, 1073, 1085, 1097, 1101, 1105, 1109,
     1117, 1129, 1141, 1161, 1189, 1197, 1213, 1225, 1241, 1245, 1249, 1265,
     1285, 1309, 1321, 1333, 1341, 1345, 1357, 1365, 1373, 1393
[ 6] 0, 4, 12, 16, 20, 28, 44, 48, 60, 84, 92, 120, 132, 148, 168, 176, 220,
     248, 256, 268, 300, 304, 308, 312, 320, 324, 328, 332, 344, 348, 356,
     388, 404, 416, 444, 452, 456, 524, 528, 556, 560, 588, 600, 608, 652,
     664, 668, 680, 692, 716, 736, 748, 768, 772, 788, 796, 804, 812, 816,
     848, 856, 876, 884, 892, 896, 920, 924, 936, 956, 964, 976, 992, 1012,
     1056, 1088, 1092, 1112, 1152, 1156, 1168, 1180, 1184, 1192, 1200, 1204,
     1228, 1252, 1268, 1276, 1292, 1324, 1376
[ 7] 13, 21, 69, 77, 93, 125, 137, 141, 149, 169, 189, 201, 265, 269, 313,
     329, 357, 369, 393, 405, 461, 469, 481, 509, 525, 545, 557, 561, 601,
     605, 609, 669, 685, 697, 733, 769, 813, 817, 829, 913, 933, 941, 973,
     1017, 1069, 1093, 1121, 1133, 1153, 1157, 1181, 1277, 1289, 1325, 1349,
     1353, 1377
[ 8] 56, 96, 112, 116, 144, 156, 208, 212, 236, 252, 352, 428, 432, 492, 504,
     536, 540, 564, 568, 612, 636, 700, 728, 740, 756, 776, 832, 872, 900,
     928, 960, 984, 988, 1000, 1020, 1024, 1052, 1096, 1108, 1116, 1160, 1212,
     1240, 1248, 1308, 1320, 1332, 1356, 1364, 1372
[ 9] 8, 104, 224, 244, 276, 360, 384, 484, 488, 552, 584, 596, 648, 704, 720,
     808, 852, 948, 1004, 1044, 1048, 1060, 1100, 1104, 1224, 1264, 1340, 1392
[10] 68, 124, 136, 140, 200, 264, 604, 684, 696, 732, 912, 1016, 1068, 1120,
     1288, 1348, 1352
[11] 76, 188, 368, 392, 460, 468, 480, 508, 544, 828, 932, 940, 972, 1132

Reassigned labels

Runtime: 1.4173517227172852

Performance split_log:

IM without threshold:
Map:
{"O_0": "O", "O_1": "O", "O_2": "O", "O_3": "O", "O_4": "O", "O_5": "O", "O_6": "O", "O_7": "O", "O_8": "O", "O_9": "O", "O_10": "O", "O_11": "O"}
token_fitness
{"perc_fit_traces": 0.0, "average_trace_fitness": 0.948424847635624, "log_fitness": 0.9510331994907453, "percentage_of_fitting_traces": 0.0}
precision
0.6274929805771847
0.6923076923076922
generalization
0.9083761887589514

Adjusted Rand Index:
0.1110011076349729



Parameters of this run:

Window size: 5
Threshold for edges: 0
Split candidates: O
Max number of traces: 5000000
Method for distance calculation: Distance.EDIT_DISTANCE
Method for finding clusters: ClusteringMethod.COMMUNITY_DETECTION
Original log location: ./data/noImprInLoop_default_OD\feb16-1625\logs\I_1_LogD_Sequence_feb16-1625.xes.gz
Use frequency: True

Found communities: 

Clustering with 1396 elements and 2 clusters
[0] 0, 1, 4, 5, 8, 9, 12, 13, 16, 17, 20, 21, 24, 25, 28, 29, 32, 33, 36, 37,
    40, 41, 44, 45, 48, 49, 52, 53, 56, 57, 60, 61, 64, 65, 68, 69, 72, 73,
    76, 77, 80, 81, 84, 85, 88, 89, 92, 93, 96, 97, 100, 101, 104, 105, 108,
    109, 112, 113, 116, 117, 120, 121, 124, 125, 128, 129, 132, 133, 136, 137,
    140, 141, 144, 145, 148, 149, 152, 153, 156, 157, 160, 161, 164, 165, 168,
    169, 172, 173, 176, 177, 180, 181, 184, 185, 188, 189, 192, 193, 196, 197,
    200, 201, 204, 205, 208, 209, 212, 213, 216, 217, 220, 221, 224, 225, 228,
    229, 232, 233, 236, 237, 240, 241, 244, 245, 248, 249, 252, 253, 256, 257,
    260, 261, 264, 265, 268, 269, 272, 273, 276, 277, 280, 281, 284, 285, 288,
    289, 292, 293, 296, 297, 300, 301, 304, 305, 308, 309, 312, 313, 316, 317,
    320, 321, 324, 325, 328, 329, 332, 333, 336, 337, 340, 341, 344, 345, 348,
    349, 352, 353, 356, 357, 360, 361, 364, 365, 368, 369, 372, 373, 376, 377,
    380, 381, 384, 385, 388, 389, 392, 393, 396, 397, 400, 401, 404, 405, 408,
    409, 412, 413, 416, 417, 420, 421, 424, 425, 428, 429, 432, 433, 436, 437,
    440, 441, 444, 445, 448, 449, 452, 453, 456, 457, 460, 461, 464, 465, 468,
    469, 472, 473, 476, 477, 480, 481, 484, 485, 488, 489, 492, 493, 496, 497,
    500, 501, 504, 505, 508, 509, 512, 513, 516, 517, 520, 521, 524, 525, 528,
    529, 532, 533, 536, 537, 540, 541, 544, 545, 548, 549, 552, 553, 556, 557,
    560, 561, 564, 565, 568, 569, 572, 573, 576, 577, 580, 581, 584, 585, 588,
    589, 592, 593, 596, 597, 600, 601, 604, 605, 608, 609, 612, 613, 616, 617,
    620, 621, 624, 625, 628, 629, 632, 633, 636, 637, 640, 641, 644, 645, 648,
    649, 652, 653, 656, 657, 660, 661, 664, 665, 668, 669, 672, 673, 676, 677,
    680, 681, 684, 685, 688, 689, 692, 693, 696, 697, 700, 701, 704, 705, 708,
    709, 712, 713, 716, 717, 720, 721, 724, 725, 728, 729, 732, 733, 736, 737,
    740, 741, 744, 745, 748, 749, 752, 753, 756, 757, 760, 761, 764, 765, 768,
    769, 772, 773, 776, 777, 780, 781, 784, 785, 788, 789, 792, 793, 796, 797,
    800, 801, 804, 805, 808, 809, 812, 813, 816, 817, 820, 821, 824, 825, 828,
    829, 832, 833, 836, 837, 840, 841, 844, 845, 848, 849, 852, 853, 856, 857,
    860, 861, 864, 865, 868, 869, 872, 873, 876, 877, 880, 881, 884, 885, 888,
    889, 892, 893, 896, 897, 900, 901, 904, 905, 908, 909, 912, 913, 916, 917,
    920, 921, 924, 925, 928, 929, 932, 933, 936, 937, 940, 941, 944, 945, 948,
    949, 952, 953, 956, 957, 960, 961, 964, 965, 968, 969, 972, 973, 976, 977,
    980, 981, 984, 985, 988, 989, 992, 993, 996, 997, 1000, 1001, 1004, 1005,
    1008, 1009, 1012, 1013, 1016, 1017, 1020, 1021, 1024, 1025, 1028, 1029,
    1032, 1033, 1036, 1037, 1040, 1041, 1044, 1045, 1048, 1049, 1052, 1053,
    1056, 1057, 1060, 1061, 1064, 1065, 1068, 1069, 1072, 1073, 1076, 1077,
    1080, 1081, 1084, 1085, 1088, 1089, 1092, 1093, 1096, 1097, 1100, 1101,
    1104, 1105, 1108, 1109, 1112, 1113, 1116, 1117, 1120, 1121, 1124, 1125,
    1128, 1129, 1132, 1133, 1136, 1137, 1140, 1141, 1144, 1145, 1148, 1149,
    1152, 1153, 1156, 1157, 1160, 1161, 1164, 1165, 1168, 1169, 1172, 1173,
    1176, 1177, 1180, 1181, 1184, 1185, 1188, 1189, 1192, 1193, 1196, 1197,
    1200, 1201, 1204, 1205, 1208, 1209, 1212, 1213, 1216, 1217, 1220, 1221,
    1224, 1225, 1228, 1229, 1232, 1233, 1236, 1237, 1240, 1241, 1244, 1245,
    1248, 1249, 1252, 1253, 1256, 1257, 1260, 1261, 1264, 1265, 1268, 1269,
    1272, 1273, 1276, 1277, 1280, 1281, 1284, 1285, 1288, 1289, 1292, 1293,
    1296, 1297, 1300, 1301, 1304, 1305, 1308, 1309, 1312, 1313, 1316, 1317,
    1320, 1321, 1324, 1325, 1328, 1329, 1332, 1333, 1336, 1337, 1340, 1341,
    1344, 1345, 1348, 1349, 1352, 1353, 1356, 1357, 1360, 1361, 1364, 1365,
    1368, 1369, 1372, 1373, 1376, 1377, 1380, 1381, 1384, 1385, 1388, 1389,
    1392, 1393
[1] 2, 3, 6, 7, 10, 11, 14, 15, 18, 19, 22, 23, 26, 27, 30, 31, 34, 35, 38,
    39, 42, 43, 46, 47, 50, 51, 54, 55, 58, 59, 62, 63, 66, 67, 70, 71, 74,
    75, 78, 79, 82, 83, 86, 87, 90, 91, 94, 95, 98, 99, 102, 103, 106, 107,
    110, 111, 114, 115, 118, 119, 122, 123, 126, 127, 130, 131, 134, 135, 138,
    139, 142, 143, 146, 147, 150, 151, 154, 155, 158, 159, 162, 163, 166, 167,
    170, 171, 174, 175, 178, 179, 182, 183, 186, 187, 190, 191, 194, 195, 198,
    199, 202, 203, 206, 207, 210, 211, 214, 215, 218, 219, 222, 223, 226, 227,
    230, 231, 234, 235, 238, 239, 242, 243, 246, 247, 250, 251, 254, 255, 258,
    259, 262, 263, 266, 267, 270, 271, 274, 275, 278, 279, 282, 283, 286, 287,
    290, 291, 294, 295, 298, 299, 302, 303, 306, 307, 310, 311, 314, 315, 318,
    319, 322, 323, 326, 327, 330, 331, 334, 335, 338, 339, 342, 343, 346, 347,
    350, 351, 354, 355, 358, 359, 362, 363, 366, 367, 370, 371, 374, 375, 378,
    379, 382, 383, 386, 387, 390, 391, 394, 395, 398, 399, 402, 403, 406, 407,
    410, 411, 414, 415, 418, 419, 422, 423, 426, 427, 430, 431, 434, 435, 438,
    439, 442, 443, 446, 447, 450, 451, 454, 455, 458, 459, 462, 463, 466, 467,
    470, 471, 474, 475, 478, 479, 482, 483, 486, 487, 490, 491, 494, 495, 498,
    499, 502, 503, 506, 507, 510, 511, 514, 515, 518, 519, 522, 523, 526, 527,
    530, 531, 534, 535, 538, 539, 542, 543, 546, 547, 550, 551, 554, 555, 558,
    559, 562, 563, 566, 567, 570, 571, 574, 575, 578, 579, 582, 583, 586, 587,
    590, 591, 594, 595, 598, 599, 602, 603, 606, 607, 610, 611, 614, 615, 618,
    619, 622, 623, 626, 627, 630, 631, 634, 635, 638, 639, 642, 643, 646, 647,
    650, 651, 654, 655, 658, 659, 662, 663, 666, 667, 670, 671, 674, 675, 678,
    679, 682, 683, 686, 687, 690, 691, 694, 695, 698, 699, 702, 703, 706, 707,
    710, 711, 714, 715, 718, 719, 722, 723, 726, 727, 730, 731, 734, 735, 738,
    739, 742, 743, 746, 747, 750, 751, 754, 755, 758, 759, 762, 763, 766, 767,
    770, 771, 774, 775, 778, 779, 782, 783, 786, 787, 790, 791, 794, 795, 798,
    799, 802, 803, 806, 807, 810, 811, 814, 815, 818, 819, 822, 823, 826, 827,
    830, 831, 834, 835, 838, 839, 842, 843, 846, 847, 850, 851, 854, 855, 858,
    859, 862, 863, 866, 867, 870, 871, 874, 875, 878, 879, 882, 883, 886, 887,
    890, 891, 894, 895, 898, 899, 902, 903, 906, 907, 910, 911, 914, 915, 918,
    919, 922, 923, 926, 927, 930, 931, 934, 935, 938, 939, 942, 943, 946, 947,
    950, 951, 954, 955, 958, 959, 962, 963, 966, 967, 970, 971, 974, 975, 978,
    979, 982, 983, 986, 987, 990, 991, 994, 995, 998, 999, 1002, 1003, 1006,
    1007, 1010, 1011, 1014, 1015, 1018, 1019, 1022, 1023, 1026, 1027, 1030,
    1031, 1034, 1035, 1038, 1039, 1042, 1043, 1046, 1047, 1050, 1051, 1054,
    1055, 1058, 1059, 1062, 1063, 1066, 1067, 1070, 1071, 1074, 1075, 1078,
    1079, 1082, 1083, 1086, 1087, 1090, 1091, 1094, 1095, 1098, 1099, 1102,
    1103, 1106, 1107, 1110, 1111, 1114, 1115, 1118, 1119, 1122, 1123, 1126,
    1127, 1130, 1131, 1134, 1135, 1138, 1139, 1142, 1143, 1146, 1147, 1150,
    1151, 1154, 1155, 1158, 1159, 1162, 1163, 1166, 1167, 1170, 1171, 1174,
    1175, 1178, 1179, 1182, 1183, 1186, 1187, 1190, 1191, 1194, 1195, 1198,
    1199, 1202, 1203, 1206, 1207, 1210, 1211, 1214, 1215, 1218, 1219, 1222,
    1223, 1226, 1227, 1230, 1231, 1234, 1235, 1238, 1239, 1242, 1243, 1246,
    1247, 1250, 1251, 1254, 1255, 1258, 1259, 1262, 1263, 1266, 1267, 1270,
    1271, 1274, 1275, 1278, 1279, 1282, 1283, 1286, 1287, 1290, 1291, 1294,
    1295, 1298, 1299, 1302, 1303, 1306, 1307, 1310, 1311, 1314, 1315, 1318,
    1319, 1322, 1323, 1326, 1327, 1330, 1331, 1334, 1335, 1338, 1339, 1342,
    1343, 1346, 1347, 1350, 1351, 1354, 1355, 1358, 1359, 1362, 1363, 1366,
    1367, 1370, 1371, 1374, 1375, 1378, 1379, 1382, 1383, 1386, 1387, 1390,
    1391, 1394, 1395

Reassigned labels

Runtime: 2.136237382888794

Performance split_log:

IM without threshold:
Map:
{"O_0": "O", "O_1": "O"}
token_fitness
{"perc_fit_traces": 0.0, "average_trace_fitness": 0.9088702049243688, "log_fitness": 0.9126171555730567, "percentage_of_fitting_traces": 0.0}
precision
0.6163889468506871
0.6949152542372882
generalization
0.7903554925149859

Adjusted Rand Index:
0.49946178686759957



Parameters of this run:

Window size: 5
Threshold for edges: 0.25
Split candidates: O
Max number of traces: 5000000
Method for distance calculation: Distance.EDIT_DISTANCE
Method for finding clusters: ClusteringMethod.COMMUNITY_DETECTION
Original log location: ./data/noImprInLoop_default_OD\feb16-1625\logs\I_1_LogD_Sequence_feb16-1625.xes.gz
Use frequency: True

Found communities: 

Clustering with 1396 elements and 2 clusters
[0] 0, 1, 4, 5, 8, 9, 12, 13, 16, 17, 20, 21, 24, 25, 28, 29, 32, 33, 36, 37,
    40, 41, 44, 45, 48, 49, 52, 53, 56, 57, 60, 61, 64, 65, 68, 69, 72, 73,
    76, 77, 80, 81, 84, 85, 88, 89, 92, 93, 96, 97, 100, 101, 104, 105, 108,
    109, 112, 113, 116, 117, 120, 121, 124, 125, 128, 129, 132, 133, 136, 137,
    140, 141, 144, 145, 148, 149, 152, 153, 156, 157, 160, 161, 164, 165, 168,
    169, 172, 173, 176, 177, 180, 181, 184, 185, 188, 189, 192, 193, 196, 197,
    200, 201, 204, 205, 208, 209, 212, 213, 216, 217, 220, 221, 224, 225, 228,
    229, 232, 233, 236, 237, 240, 241, 244, 245, 248, 249, 252, 253, 256, 257,
    260, 261, 264, 265, 268, 269, 272, 273, 276, 277, 280, 281, 284, 285, 288,
    289, 292, 293, 296, 297, 300, 301, 304, 305, 308, 309, 312, 313, 316, 317,
    320, 321, 324, 325, 328, 329, 332, 333, 336, 337, 340, 341, 344, 345, 348,
    349, 352, 353, 356, 357, 360, 361, 364, 365, 368, 369, 372, 373, 376, 377,
    380, 381, 384, 385, 388, 389, 392, 393, 396, 397, 400, 401, 404, 405, 408,
    409, 412, 413, 416, 417, 420, 421, 424, 425, 428, 429, 432, 433, 436, 437,
    440, 441, 444, 445, 448, 449, 452, 453, 456, 457, 460, 461, 464, 465, 468,
    469, 472, 473, 476, 477, 480, 481, 484, 485, 488, 489, 492, 493, 496, 497,
    500, 501, 504, 505, 508, 509, 512, 513, 516, 517, 520, 521, 524, 525, 528,
    529, 532, 533, 536, 537, 540, 541, 544, 545, 548, 549, 552, 553, 556, 557,
    560, 561, 564, 565, 568, 569, 572, 573, 576, 577, 580, 581, 584, 585, 588,
    589, 592, 593, 596, 597, 600, 601, 604, 605, 608, 609, 612, 613, 616, 617,
    620, 621, 624, 625, 628, 629, 632, 633, 636, 637, 640, 641, 644, 645, 648,
    649, 652, 653, 656, 657, 660, 661, 664, 665, 668, 669, 672, 673, 676, 677,
    680, 681, 684, 685, 688, 689, 692, 693, 696, 697, 700, 701, 704, 705, 708,
    709, 712, 713, 716, 717, 720, 721, 724, 725, 728, 729, 732, 733, 736, 737,
    740, 741, 744, 745, 748, 749, 752, 753, 756, 757, 760, 761, 764, 765, 768,
    769, 772, 773, 776, 777, 780, 781, 784, 785, 788, 789, 792, 793, 796, 797,
    800, 801, 804, 805, 808, 809, 812, 813, 816, 817, 820, 821, 824, 825, 828,
    829, 832, 833, 836, 837, 840, 841, 844, 845, 848, 849, 852, 853, 856, 857,
    860, 861, 864, 865, 868, 869, 872, 873, 876, 877, 880, 881, 884, 885, 888,
    889, 892, 893, 896, 897, 900, 901, 904, 905, 908, 909, 912, 913, 916, 917,
    920, 921, 924, 925, 928, 929, 932, 933, 936, 937, 940, 941, 944, 945, 948,
    949, 952, 953, 956, 957, 960, 961, 964, 965, 968, 969, 972, 973, 976, 977,
    980, 981, 984, 985, 988, 989, 992, 993, 996, 997, 1000, 1001, 1004, 1005,
    1008, 1009, 1012, 1013, 1016, 1017, 1020, 1021, 1024, 1025, 1028, 1029,
    1032, 1033, 1036, 1037, 1040, 1041, 1044, 1045, 1048, 1049, 1052, 1053,
    1056, 1057, 1060, 1061, 1064, 1065, 1068, 1069, 1072, 1073, 1076, 1077,
    1080, 1081, 1084, 1085, 1088, 1089, 1092, 1093, 1096, 1097, 1100, 1101,
    1104, 1105, 1108, 1109, 1112, 1113, 1116, 1117, 1120, 1121, 1124, 1125,
    1128, 1129, 1132, 1133, 1136, 1137, 1140, 1141, 1144, 1145, 1148, 1149,
    1152, 1153, 1156, 1157, 1160, 1161, 1164, 1165, 1168, 1169, 1172, 1173,
    1176, 1177, 1180, 1181, 1184, 1185, 1188, 1189, 1192, 1193, 1196, 1197,
    1200, 1201, 1204, 1205, 1208, 1209, 1212, 1213, 1216, 1217, 1220, 1221,
    1224, 1225, 1228, 1229, 1232, 1233, 1236, 1237, 1240, 1241, 1244, 1245,
    1248, 1249, 1252, 1253, 1256, 1257, 1260, 1261, 1264, 1265, 1268, 1269,
    1272, 1273, 1276, 1277, 1280, 1281, 1284, 1285, 1288, 1289, 1292, 1293,
    1296, 1297, 1300, 1301, 1304, 1305, 1308, 1309, 1312, 1313, 1316, 1317,
    1320, 1321, 1324, 1325, 1328, 1329, 1332, 1333, 1336, 1337, 1340, 1341,
    1344, 1345, 1348, 1349, 1352, 1353, 1356, 1357, 1360, 1361, 1364, 1365,
    1368, 1369, 1372, 1373, 1376, 1377, 1380, 1381, 1384, 1385, 1388, 1389,
    1392, 1393
[1] 2, 3, 6, 7, 10, 11, 14, 15, 18, 19, 22, 23, 26, 27, 30, 31, 34, 35, 38,
    39, 42, 43, 46, 47, 50, 51, 54, 55, 58, 59, 62, 63, 66, 67, 70, 71, 74,
    75, 78, 79, 82, 83, 86, 87, 90, 91, 94, 95, 98, 99, 102, 103, 106, 107,
    110, 111, 114, 115, 118, 119, 122, 123, 126, 127, 130, 131, 134, 135, 138,
    139, 142, 143, 146, 147, 150, 151, 154, 155, 158, 159, 162, 163, 166, 167,
    170, 171, 174, 175, 178, 179, 182, 183, 186, 187, 190, 191, 194, 195, 198,
    199, 202, 203, 206, 207, 210, 211, 214, 215, 218, 219, 222, 223, 226, 227,
    230, 231, 234, 235, 238, 239, 242, 243, 246, 247, 250, 251, 254, 255, 258,
    259, 262, 263, 266, 267, 270, 271, 274, 275, 278, 279, 282, 283, 286, 287,
    290, 291, 294, 295, 298, 299, 302, 303, 306, 307, 310, 311, 314, 315, 318,
    319, 322, 323, 326, 327, 330, 331, 334, 335, 338, 339, 342, 343, 346, 347,
    350, 351, 354, 355, 358, 359, 362, 363, 366, 367, 370, 371, 374, 375, 378,
    379, 382, 383, 386, 387, 390, 391, 394, 395, 398, 399, 402, 403, 406, 407,
    410, 411, 414, 415, 418, 419, 422, 423, 426, 427, 430, 431, 434, 435, 438,
    439, 442, 443, 446, 447, 450, 451, 454, 455, 458, 459, 462, 463, 466, 467,
    470, 471, 474, 475, 478, 479, 482, 483, 486, 487, 490, 491, 494, 495, 498,
    499, 502, 503, 506, 507, 510, 511, 514, 515, 518, 519, 522, 523, 526, 527,
    530, 531, 534, 535, 538, 539, 542, 543, 546, 547, 550, 551, 554, 555, 558,
    559, 562, 563, 566, 567, 570, 571, 574, 575, 578, 579, 582, 583, 586, 587,
    590, 591, 594, 595, 598, 599, 602, 603, 606, 607, 610, 611, 614, 615, 618,
    619, 622, 623, 626, 627, 630, 631, 634, 635, 638, 639, 642, 643, 646, 647,
    650, 651, 654, 655, 658, 659, 662, 663, 666, 667, 670, 671, 674, 675, 678,
    679, 682, 683, 686, 687, 690, 691, 694, 695, 698, 699, 702, 703, 706, 707,
    710, 711, 714, 715, 718, 719, 722, 723, 726, 727, 730, 731, 734, 735, 738,
    739, 742, 743, 746, 747, 750, 751, 754, 755, 758, 759, 762, 763, 766, 767,
    770, 771, 774, 775, 778, 779, 782, 783, 786, 787, 790, 791, 794, 795, 798,
    799, 802, 803, 806, 807, 810, 811, 814, 815, 818, 819, 822, 823, 826, 827,
    830, 831, 834, 835, 838, 839, 842, 843, 846, 847, 850, 851, 854, 855, 858,
    859, 862, 863, 866, 867, 870, 871, 874, 875, 878, 879, 882, 883, 886, 887,
    890, 891, 894, 895, 898, 899, 902, 903, 906, 907, 910, 911, 914, 915, 918,
    919, 922, 923, 926, 927, 930, 931, 934, 935, 938, 939, 942, 943, 946, 947,
    950, 951, 954, 955, 958, 959, 962, 963, 966, 967, 970, 971, 974, 975, 978,
    979, 982, 983, 986, 987, 990, 991, 994, 995, 998, 999, 1002, 1003, 1006,
    1007, 1010, 1011, 1014, 1015, 1018, 1019, 1022, 1023, 1026, 1027, 1030,
    1031, 1034, 1035, 1038, 1039, 1042, 1043, 1046, 1047, 1050, 1051, 1054,
    1055, 1058, 1059, 1062, 1063, 1066, 1067, 1070, 1071, 1074, 1075, 1078,
    1079, 1082, 1083, 1086, 1087, 1090, 1091, 1094, 1095, 1098, 1099, 1102,
    1103, 1106, 1107, 1110, 1111, 1114, 1115, 1118, 1119, 1122, 1123, 1126,
    1127, 1130, 1131, 1134, 1135, 1138, 1139, 1142, 1143, 1146, 1147, 1150,
    1151, 1154, 1155, 1158, 1159, 1162, 1163, 1166, 1167, 1170, 1171, 1174,
    1175, 1178, 1179, 1182, 1183, 1186, 1187, 1190, 1191, 1194, 1195, 1198,
    1199, 1202, 1203, 1206, 1207, 1210, 1211, 1214, 1215, 1218, 1219, 1222,
    1223, 1226, 1227, 1230, 1231, 1234, 1235, 1238, 1239, 1242, 1243, 1246,
    1247, 1250, 1251, 1254, 1255, 1258, 1259, 1262, 1263, 1266, 1267, 1270,
    1271, 1274, 1275, 1278, 1279, 1282, 1283, 1286, 1287, 1290, 1291, 1294,
    1295, 1298, 1299, 1302, 1303, 1306, 1307, 1310, 1311, 1314, 1315, 1318,
    1319, 1322, 1323, 1326, 1327, 1330, 1331, 1334, 1335, 1338, 1339, 1342,
    1343, 1346, 1347, 1350, 1351, 1354, 1355, 1358, 1359, 1362, 1363, 1366,
    1367, 1370, 1371, 1374, 1375, 1378, 1379, 1382, 1383, 1386, 1387, 1390,
    1391, 1394, 1395

Reassigned labels

Runtime: 2.0896997451782227

Performance split_log:

IM without threshold:
Map:
{"O_0": "O", "O_1": "O"}
token_fitness
{"perc_fit_traces": 0.0, "average_trace_fitness": 0.9088702049243688, "log_fitness": 0.9126171555730567, "percentage_of_fitting_traces": 0.0}
precision
0.6163889468506871
0.6949152542372882
generalization
0.7903554925149859

Adjusted Rand Index:
0.49946178686759957



Parameters of this run:

Window size: 5
Threshold for edges: 0.5
Split candidates: O
Max number of traces: 5000000
Method for distance calculation: Distance.EDIT_DISTANCE
Method for finding clusters: ClusteringMethod.COMMUNITY_DETECTION
Original log location: ./data/noImprInLoop_default_OD\feb16-1625\logs\I_1_LogD_Sequence_feb16-1625.xes.gz
Use frequency: True

Found communities: 

Clustering with 1396 elements and 2 clusters
[0] 2, 3, 6, 7, 10, 11, 14, 15, 18, 19, 22, 23, 26, 27, 30, 31, 34, 35, 38,
    39, 42, 43, 46, 47, 50, 51, 54, 55, 58, 59, 62, 63, 66, 67, 70, 71, 74,
    75, 78, 79, 82, 83, 86, 87, 90, 91, 94, 95, 98, 99, 102, 103, 106, 107,
    110, 111, 114, 115, 118, 119, 122, 123, 126, 127, 130, 131, 134, 135, 138,
    139, 142, 143, 146, 147, 150, 151, 154, 155, 158, 159, 162, 163, 166, 167,
    170, 171, 174, 175, 178, 179, 182, 183, 186, 187, 190, 191, 194, 195, 198,
    199, 202, 203, 206, 207, 210, 211, 214, 215, 218, 219, 222, 223, 226, 227,
    230, 231, 234, 235, 238, 239, 242, 243, 246, 247, 250, 251, 254, 255, 258,
    259, 262, 263, 266, 267, 270, 271, 274, 275, 278, 279, 282, 283, 286, 287,
    290, 291, 294, 295, 298, 299, 302, 303, 306, 307, 310, 311, 314, 315, 318,
    319, 322, 323, 326, 327, 330, 331, 334, 335, 338, 339, 342, 343, 346, 347,
    350, 351, 354, 355, 358, 359, 362, 363, 366, 367, 370, 371, 374, 375, 378,
    379, 382, 383, 386, 387, 390, 391, 394, 395, 398, 399, 402, 403, 406, 407,
    410, 411, 414, 415, 418, 419, 422, 423, 426, 427, 430, 431, 434, 435, 438,
    439, 442, 443, 446, 447, 450, 451, 454, 455, 458, 459, 462, 463, 466, 467,
    470, 471, 474, 475, 478, 479, 482, 483, 486, 487, 490, 491, 494, 495, 498,
    499, 502, 503, 506, 507, 510, 511, 514, 515, 518, 519, 522, 523, 526, 527,
    530, 531, 534, 535, 538, 539, 542, 543, 546, 547, 550, 551, 554, 555, 558,
    559, 562, 563, 566, 567, 570, 571, 574, 575, 578, 579, 582, 583, 586, 587,
    590, 591, 594, 595, 598, 599, 602, 603, 606, 607, 610, 611, 614, 615, 618,
    619, 622, 623, 626, 627, 630, 631, 634, 635, 638, 639, 642, 643, 646, 647,
    650, 651, 654, 655, 658, 659, 662, 663, 666, 667, 670, 671, 674, 675, 678,
    679, 682, 683, 686, 687, 690, 691, 694, 695, 698, 699, 702, 703, 706, 707,
    710, 711, 714, 715, 718, 719, 722, 723, 726, 727, 730, 731, 734, 735, 738,
    739, 742, 743, 746, 747, 750, 751, 754, 755, 758, 759, 762, 763, 766, 767,
    770, 771, 774, 775, 778, 779, 782, 783, 786, 787, 790, 791, 794, 795, 798,
    799, 802, 803, 806, 807, 810, 811, 814, 815, 818, 819, 822, 823, 826, 827,
    830, 831, 834, 835, 838, 839, 842, 843, 846, 847, 850, 851, 854, 855, 858,
    859, 862, 863, 866, 867, 870, 871, 874, 875, 878, 879, 882, 883, 886, 887,
    890, 891, 894, 895, 898, 899, 902, 903, 906, 907, 910, 911, 914, 915, 918,
    919, 922, 923, 926, 927, 930, 931, 934, 935, 938, 939, 942, 943, 946, 947,
    950, 951, 954, 955, 958, 959, 962, 963, 966, 967, 970, 971, 974, 975, 978,
    979, 982, 983, 986, 987, 990, 991, 994, 995, 998, 999, 1002, 1003, 1006,
    1007, 1010, 1011, 1014, 1015, 1018, 1019, 1022, 1023, 1026, 1027, 1030,
    1031, 1034, 1035, 1038, 1039, 1042, 1043, 1046, 1047, 1050, 1051, 1054,
    1055, 1058, 1059, 1062, 1063, 1066, 1067, 1070, 1071, 1074, 1075, 1078,
    1079, 1082, 1083, 1086, 1087, 1090, 1091, 1094, 1095, 1098, 1099, 1102,
    1103, 1106, 1107, 1110, 1111, 1114, 1115, 1118, 1119, 1122, 1123, 1126,
    1127, 1130, 1131, 1134, 1135, 1138, 1139, 1142, 1143, 1146, 1147, 1150,
    1151, 1154, 1155, 1158, 1159, 1162, 1163, 1166, 1167, 1170, 1171, 1174,
    1175, 1178, 1179, 1182, 1183, 1186, 1187, 1190, 1191, 1194, 1195, 1198,
    1199, 1202, 1203, 1206, 1207, 1210, 1211, 1214, 1215, 1218, 1219, 1222,
    1223, 1226, 1227, 1230, 1231, 1234, 1235, 1238, 1239, 1242, 1243, 1246,
    1247, 1250, 1251, 1254, 1255, 1258, 1259, 1262, 1263, 1266, 1267, 1270,
    1271, 1274, 1275, 1278, 1279, 1282, 1283, 1286, 1287, 1290, 1291, 1294,
    1295, 1298, 1299, 1302, 1303, 1306, 1307, 1310, 1311, 1314, 1315, 1318,
    1319, 1322, 1323, 1326, 1327, 1330, 1331, 1334, 1335, 1338, 1339, 1342,
    1343, 1346, 1347, 1350, 1351, 1354, 1355, 1358, 1359, 1362, 1363, 1366,
    1367, 1370, 1371, 1374, 1375, 1378, 1379, 1382, 1383, 1386, 1387, 1390,
    1391, 1394, 1395
[1] 0, 1, 4, 5, 8, 9, 12, 13, 16, 17, 20, 21, 24, 25, 28, 29, 32, 33, 36, 37,
    40, 41, 44, 45, 48, 49, 52, 53, 56, 57, 60, 61, 64, 65, 68, 69, 72, 73,
    76, 77, 80, 81, 84, 85, 88, 89, 92, 93, 96, 97, 100, 101, 104, 105, 108,
    109, 112, 113, 116, 117, 120, 121, 124, 125, 128, 129, 132, 133, 136, 137,
    140, 141, 144, 145, 148, 149, 152, 153, 156, 157, 160, 161, 164, 165, 168,
    169, 172, 173, 176, 177, 180, 181, 184, 185, 188, 189, 192, 193, 196, 197,
    200, 201, 204, 205, 208, 209, 212, 213, 216, 217, 220, 221, 224, 225, 228,
    229, 232, 233, 236, 237, 240, 241, 244, 245, 248, 249, 252, 253, 256, 257,
    260, 261, 264, 265, 268, 269, 272, 273, 276, 277, 280, 281, 284, 285, 288,
    289, 292, 293, 296, 297, 300, 301, 304, 305, 308, 309, 312, 313, 316, 317,
    320, 321, 324, 325, 328, 329, 332, 333, 336, 337, 340, 341, 344, 345, 348,
    349, 352, 353, 356, 357, 360, 361, 364, 365, 368, 369, 372, 373, 376, 377,
    380, 381, 384, 385, 388, 389, 392, 393, 396, 397, 400, 401, 404, 405, 408,
    409, 412, 413, 416, 417, 420, 421, 424, 425, 428, 429, 432, 433, 436, 437,
    440, 441, 444, 445, 448, 449, 452, 453, 456, 457, 460, 461, 464, 465, 468,
    469, 472, 473, 476, 477, 480, 481, 484, 485, 488, 489, 492, 493, 496, 497,
    500, 501, 504, 505, 508, 509, 512, 513, 516, 517, 520, 521, 524, 525, 528,
    529, 532, 533, 536, 537, 540, 541, 544, 545, 548, 549, 552, 553, 556, 557,
    560, 561, 564, 565, 568, 569, 572, 573, 576, 577, 580, 581, 584, 585, 588,
    589, 592, 593, 596, 597, 600, 601, 604, 605, 608, 609, 612, 613, 616, 617,
    620, 621, 624, 625, 628, 629, 632, 633, 636, 637, 640, 641, 644, 645, 648,
    649, 652, 653, 656, 657, 660, 661, 664, 665, 668, 669, 672, 673, 676, 677,
    680, 681, 684, 685, 688, 689, 692, 693, 696, 697, 700, 701, 704, 705, 708,
    709, 712, 713, 716, 717, 720, 721, 724, 725, 728, 729, 732, 733, 736, 737,
    740, 741, 744, 745, 748, 749, 752, 753, 756, 757, 760, 761, 764, 765, 768,
    769, 772, 773, 776, 777, 780, 781, 784, 785, 788, 789, 792, 793, 796, 797,
    800, 801, 804, 805, 808, 809, 812, 813, 816, 817, 820, 821, 824, 825, 828,
    829, 832, 833, 836, 837, 840, 841, 844, 845, 848, 849, 852, 853, 856, 857,
    860, 861, 864, 865, 868, 869, 872, 873, 876, 877, 880, 881, 884, 885, 888,
    889, 892, 893, 896, 897, 900, 901, 904, 905, 908, 909, 912, 913, 916, 917,
    920, 921, 924, 925, 928, 929, 932, 933, 936, 937, 940, 941, 944, 945, 948,
    949, 952, 953, 956, 957, 960, 961, 964, 965, 968, 969, 972, 973, 976, 977,
    980, 981, 984, 985, 988, 989, 992, 993, 996, 997, 1000, 1001, 1004, 1005,
    1008, 1009, 1012, 1013, 1016, 1017, 1020, 1021, 1024, 1025, 1028, 1029,
    1032, 1033, 1036, 1037, 1040, 1041, 1044, 1045, 1048, 1049, 1052, 1053,
    1056, 1057, 1060, 1061, 1064, 1065, 1068, 1069, 1072, 1073, 1076, 1077,
    1080, 1081, 1084, 1085, 1088, 1089, 1092, 1093, 1096, 1097, 1100, 1101,
    1104, 1105, 1108, 1109, 1112, 1113, 1116, 1117, 1120, 1121, 1124, 1125,
    1128, 1129, 1132, 1133, 1136, 1137, 1140, 1141, 1144, 1145, 1148, 1149,
    1152, 1153, 1156, 1157, 1160, 1161, 1164, 1165, 1168, 1169, 1172, 1173,
    1176, 1177, 1180, 1181, 1184, 1185, 1188, 1189, 1192, 1193, 1196, 1197,
    1200, 1201, 1204, 1205, 1208, 1209, 1212, 1213, 1216, 1217, 1220, 1221,
    1224, 1225, 1228, 1229, 1232, 1233, 1236, 1237, 1240, 1241, 1244, 1245,
    1248, 1249, 1252, 1253, 1256, 1257, 1260, 1261, 1264, 1265, 1268, 1269,
    1272, 1273, 1276, 1277, 1280, 1281, 1284, 1285, 1288, 1289, 1292, 1293,
    1296, 1297, 1300, 1301, 1304, 1305, 1308, 1309, 1312, 1313, 1316, 1317,
    1320, 1321, 1324, 1325, 1328, 1329, 1332, 1333, 1336, 1337, 1340, 1341,
    1344, 1345, 1348, 1349, 1352, 1353, 1356, 1357, 1360, 1361, 1364, 1365,
    1368, 1369, 1372, 1373, 1376, 1377, 1380, 1381, 1384, 1385, 1388, 1389,
    1392, 1393

Reassigned labels

Runtime: 1.88297700881958

Performance split_log:

IM without threshold:
Map:
{"O_0": "O", "O_1": "O"}
token_fitness
{"perc_fit_traces": 0.0, "average_trace_fitness": 0.9088702049243688, "log_fitness": 0.9126171555730567, "percentage_of_fitting_traces": 0.0}
precision
0.6163889468506871
0.6949152542372882
generalization
0.7903554925149859

Adjusted Rand Index:
0.49946178686759957



Parameters of this run:

Window size: 5
Threshold for edges: 0.75
Split candidates: O
Max number of traces: 5000000
Method for distance calculation: Distance.EDIT_DISTANCE
Method for finding clusters: ClusteringMethod.COMMUNITY_DETECTION
Original log location: ./data/noImprInLoop_default_OD\feb16-1625\logs\I_1_LogD_Sequence_feb16-1625.xes.gz
Use frequency: True

Found communities: 

Clustering with 1396 elements and 4 clusters
[0] 10, 11, 26, 31, 34, 35, 38, 39, 42, 47, 54, 58, 59, 63, 66, 67, 74, 75,
    82, 83, 87, 90, 91, 98, 99, 102, 103, 106, 107, 110, 111, 114, 115, 118,
    119, 130, 131, 135, 146, 147, 154, 158, 159, 162, 163, 166, 174, 175, 182,
    183, 186, 187, 194, 198, 199, 206, 207, 210, 211, 214, 215, 218, 219, 226,
    227, 230, 231, 234, 238, 239, 242, 243, 246, 247, 251, 254, 255, 262, 263,
    274, 275, 278, 279, 282, 283, 286, 287, 290, 294, 295, 298, 299, 311, 318,
    319, 327, 335, 338, 339, 342, 343, 347, 351, 354, 355, 362, 363, 366, 367,
    374, 378, 382, 383, 386, 387, 398, 399, 402, 410, 414, 415, 422, 426, 430,
    431, 434, 435, 438, 439, 442, 450, 455, 466, 474, 478, 479, 486, 487, 490,
    491, 494, 495, 498, 502, 506, 507, 514, 515, 518, 519, 522, 531, 534, 538,
    539, 542, 543, 550, 551, 554, 555, 566, 567, 570, 571, 574, 578, 579, 582,
    583, 586, 587, 591, 594, 595, 598, 599, 614, 615, 618, 619, 622, 623, 626,
    630, 634, 638, 639, 642, 643, 646, 647, 650, 651, 658, 662, 663, 667, 674,
    675, 678, 679, 683, 690, 695, 702, 703, 706, 707, 710, 711, 714, 715, 719,
    722, 723, 726, 730, 731, 739, 742, 743, 746, 747, 751, 754, 755, 758, 759,
    762, 763, 766, 767, 778, 779, 782, 783, 786, 787, 791, 794, 795, 799, 802,
    807, 810, 811, 822, 823, 826, 827, 834, 835, 838, 839, 842, 843, 846, 847,
    851, 854, 855, 862, 863, 866, 870, 871, 874, 875, 882, 890, 891, 895, 899,
    902, 903, 906, 907, 910, 911, 918, 930, 931, 939, 946, 947, 950, 951, 954,
    959, 962, 963, 970, 971, 982, 983, 986, 987, 990, 991, 995, 998, 999,
    1002, 1003, 1006, 1007, 1010, 1011, 1022, 1023, 1026, 1027, 1030, 1034,
    1035, 1038, 1039, 1042, 1043, 1046, 1047, 1050, 1051, 1054, 1055, 1062,
    1063, 1066, 1067, 1074, 1075, 1078, 1082, 1083, 1086, 1087, 1091, 1098,
    1099, 1102, 1103, 1106, 1107, 1110, 1111, 1118, 1119, 1126, 1127, 1130,
    1131, 1138, 1142, 1143, 1146, 1150, 1162, 1163, 1166, 1174, 1175, 1178,
    1179, 1190, 1191, 1198, 1199, 1210, 1211, 1214, 1215, 1218, 1219, 1222,
    1226, 1227, 1231, 1234, 1238, 1239, 1242, 1243, 1246, 1247, 1250, 1251,
    1255, 1258, 1262, 1266, 1267, 1274, 1275, 1282, 1286, 1287, 1295, 1298,
    1302, 1303, 1306, 1307, 1310, 1311, 1314, 1318, 1322, 1323, 1330, 1331,
    1334, 1335, 1338, 1342, 1343, 1346, 1347, 1358, 1359, 1362, 1363, 1366,
    1367, 1370, 1374, 1375, 1382, 1383, 1386, 1387, 1390, 1391, 1394, 1395
[1] 0, 4, 8, 12, 16, 20, 24, 28, 32, 36, 40, 44, 48, 52, 56, 60, 64, 68, 72,
    76, 80, 84, 88, 92, 96, 100, 104, 108, 112, 116, 120, 124, 128, 132, 136,
    140, 144, 148, 152, 156, 160, 164, 168, 172, 176, 180, 184, 188, 192, 196,
    200, 204, 208, 212, 216, 220, 224, 228, 232, 236, 240, 244, 248, 252, 256,
    260, 264, 268, 272, 276, 280, 284, 288, 292, 296, 300, 304, 308, 312, 316,
    320, 324, 328, 332, 336, 340, 344, 348, 352, 356, 360, 364, 368, 372, 376,
    380, 384, 388, 392, 396, 400, 404, 408, 412, 416, 420, 424, 428, 432, 436,
    440, 444, 448, 452, 456, 460, 464, 468, 472, 476, 480, 484, 488, 492, 496,
    500, 504, 508, 512, 516, 520, 524, 528, 532, 536, 540, 544, 548, 552, 556,
    560, 564, 568, 572, 576, 580, 584, 588, 592, 596, 600, 604, 608, 612, 616,
    620, 624, 628, 632, 636, 640, 644, 648, 652, 656, 660, 664, 668, 672, 676,
    680, 684, 688, 692, 696, 700, 704, 708, 712, 716, 720, 724, 728, 732, 736,
    740, 744, 748, 752, 756, 760, 764, 768, 772, 776, 780, 784, 788, 792, 796,
    800, 804, 808, 812, 816, 820, 824, 828, 832, 836, 840, 844, 848, 852, 856,
    860, 864, 868, 872, 876, 880, 884, 888, 892, 896, 900, 904, 908, 912, 916,
    920, 924, 928, 932, 936, 940, 944, 948, 952, 956, 960, 964, 968, 972, 976,
    980, 984, 988, 992, 996, 1000, 1004, 1008, 1012, 1016, 1020, 1024, 1028,
    1032, 1036, 1040, 1044, 1048, 1052, 1056, 1060, 1064, 1068, 1072, 1076,
    1080, 1084, 1088, 1092, 1096, 1100, 1104, 1108, 1112, 1116, 1120, 1124,
    1128, 1132, 1136, 1140, 1144, 1148, 1152, 1156, 1160, 1164, 1168, 1172,
    1176, 1180, 1184, 1188, 1192, 1196, 1200, 1204, 1208, 1212, 1216, 1220,
    1224, 1228, 1232, 1236, 1240, 1244, 1248, 1252, 1256, 1260, 1264, 1268,
    1272, 1276, 1280, 1284, 1288, 1292, 1296, 1300, 1304, 1308, 1312, 1316,
    1320, 1324, 1328, 1332, 1336, 1340, 1344, 1348, 1352, 1356, 1360, 1364,
    1368, 1372, 1376, 1380, 1384, 1388, 1392
[2] 1, 5, 9, 13, 17, 21, 25, 29, 33, 37, 41, 45, 49, 53, 57, 61, 65, 69, 73,
    77, 81, 85, 89, 93, 97, 101, 105, 109, 113, 117, 121, 125, 129, 133, 137,
    141, 145, 149, 153, 157, 161, 165, 169, 173, 177, 181, 185, 189, 193, 197,
    201, 205, 209, 213, 217, 221, 225, 229, 233, 237, 241, 245, 249, 253, 257,
    261, 265, 269, 273, 277, 281, 285, 289, 293, 297, 301, 305, 309, 313, 317,
    321, 325, 329, 333, 337, 341, 345, 349, 353, 357, 361, 365, 369, 373, 377,
    381, 385, 389, 393, 397, 401, 405, 409, 413, 417, 421, 425, 429, 433, 437,
    441, 445, 449, 453, 457, 461, 465, 469, 473, 477, 481, 485, 489, 493, 497,
    501, 505, 509, 513, 517, 521, 525, 529, 533, 537, 541, 545, 549, 553, 557,
    561, 565, 569, 573, 577, 581, 585, 589, 593, 597, 601, 605, 609, 613, 617,
    621, 625, 629, 633, 637, 641, 645, 649, 653, 657, 661, 665, 669, 673, 677,
    681, 685, 689, 693, 697, 701, 705, 709, 713, 717, 721, 725, 729, 733, 737,
    741, 745, 749, 753, 757, 761, 765, 769, 773, 777, 781, 785, 789, 793, 797,
    801, 805, 809, 813, 817, 821, 825, 829, 833, 837, 841, 845, 849, 853, 857,
    861, 865, 869, 873, 877, 881, 885, 889, 893, 897, 901, 905, 909, 913, 917,
    921, 925, 929, 933, 937, 941, 945, 949, 953, 957, 961, 965, 969, 973, 977,
    981, 985, 989, 993, 997, 1001, 1005, 1009, 1013, 1017, 1021, 1025, 1029,
    1033, 1037, 1041, 1045, 1049, 1053, 1057, 1061, 1065, 1069, 1073, 1077,
    1081, 1085, 1089, 1093, 1097, 1101, 1105, 1109, 1113, 1117, 1121, 1125,
    1129, 1133, 1137, 1141, 1145, 1149, 1153, 1157, 1161, 1165, 1169, 1173,
    1177, 1181, 1185, 1189, 1193, 1197, 1201, 1205, 1209, 1213, 1217, 1221,
    1225, 1229, 1233, 1237, 1241, 1245, 1249, 1253, 1257, 1261, 1265, 1269,
    1273, 1277, 1281, 1285, 1289, 1293, 1297, 1301, 1305, 1309, 1313, 1317,
    1321, 1325, 1329, 1333, 1337, 1341, 1345, 1349, 1353, 1357, 1361, 1365,
    1369, 1373, 1377, 1381, 1385, 1389, 1393
[3] 2, 3, 6, 7, 14, 15, 18, 19, 22, 23, 27, 30, 43, 46, 50, 51, 55, 62, 70,
    71, 78, 79, 86, 94, 95, 122, 123, 126, 127, 134, 138, 139, 142, 143, 150,
    151, 155, 167, 170, 171, 178, 179, 190, 191, 195, 202, 203, 222, 223, 235,
    250, 258, 259, 266, 267, 270, 271, 291, 302, 303, 306, 307, 310, 314, 315,
    322, 323, 326, 330, 331, 334, 346, 350, 358, 359, 370, 371, 375, 379, 390,
    391, 394, 395, 403, 406, 407, 411, 418, 419, 423, 427, 443, 446, 447, 451,
    454, 458, 459, 462, 463, 467, 470, 471, 475, 482, 483, 499, 503, 510, 511,
    523, 526, 527, 530, 535, 546, 547, 558, 559, 562, 563, 575, 590, 602, 603,
    606, 607, 610, 611, 627, 631, 635, 654, 655, 659, 666, 670, 671, 682, 686,
    687, 691, 694, 698, 699, 718, 727, 734, 735, 738, 750, 770, 771, 774, 775,
    790, 798, 803, 806, 814, 815, 818, 819, 830, 831, 850, 858, 859, 867, 878,
    879, 883, 886, 887, 894, 898, 914, 915, 919, 922, 923, 926, 927, 934, 935,
    938, 942, 943, 955, 958, 966, 967, 974, 975, 978, 979, 994, 1014, 1015,
    1018, 1019, 1031, 1058, 1059, 1070, 1071, 1079, 1090, 1094, 1095, 1114,
    1115, 1122, 1123, 1134, 1135, 1139, 1147, 1151, 1154, 1155, 1158, 1159,
    1167, 1170, 1171, 1182, 1183, 1186, 1187, 1194, 1195, 1202, 1203, 1206,
    1207, 1223, 1230, 1235, 1254, 1259, 1263, 1270, 1271, 1278, 1279, 1283,
    1290, 1291, 1294, 1299, 1315, 1319, 1326, 1327, 1339, 1350, 1351, 1354,
    1355, 1371, 1378, 1379

Reassigned labels

Runtime: 1.542794942855835

Performance split_log:

IM without threshold:
Map:
{"O_0": "O", "O_1": "O", "O_2": "O", "O_3": "O"}
token_fitness
{"perc_fit_traces": 0.0, "average_trace_fitness": 0.8741488197133764, "log_fitness": 0.8786330814075467, "percentage_of_fitting_traces": 0.0}
precision
0.6379722620755619
0.6842105263157894
generalization
0.6930730822876023

Adjusted Rand Index:
0.6693338353080094



Parameters of this run:

Window size: 5
Threshold for edges: 1
Split candidates: O
Max number of traces: 5000000
Method for distance calculation: Distance.EDIT_DISTANCE
Method for finding clusters: ClusteringMethod.COMMUNITY_DETECTION
Original log location: ./data/noImprInLoop_default_OD\feb16-1625\logs\I_1_LogD_Sequence_feb16-1625.xes.gz
Use frequency: True

Found communities: 

Clustering with 1396 elements and 110 clusters
[  0] 11, 39, 59, 75, 91, 99, 107, 111, 115, 119, 147, 159, 175, 183, 187,
      207, 211, 215, 227, 239, 247, 255, 279, 295, 299, 319, 343, 355, 363,
      367, 387, 431, 435, 487, 491, 495, 507, 519, 539, 543, 555, 567, 571,
      587, 599, 615, 619, 639, 643, 647, 651, 663, 679, 703, 707, 715, 723,
      731, 743, 747, 755, 759, 763, 767, 779, 783, 795, 811, 827, 835, 839,
      855, 875, 891, 903, 911, 931, 947, 951, 963, 983, 987, 991, 999, 1003,
      1007, 1023, 1027, 1047, 1051, 1055, 1063, 1075, 1087, 1099, 1103, 1107,
      1111, 1119, 1131, 1143, 1163, 1191, 1199, 1215, 1227, 1243, 1247, 1251,
      1267, 1287, 1311, 1323, 1335, 1343, 1347, 1359, 1367, 1375, 1395
[  1] 31, 35, 47, 63, 67, 83, 87, 103, 131, 135, 163, 199, 219, 231, 243, 251,
      263, 275, 283, 287, 311, 327, 335, 339, 347, 351, 383, 399, 415, 439,
      455, 479, 515, 531, 551, 579, 583, 591, 595, 623, 667, 675, 683, 695,
      711, 719, 739, 751, 787, 791, 799, 807, 823, 843, 847, 851, 863, 871,
      895, 899, 907, 939, 959, 971, 995, 1011, 1035, 1039, 1043, 1067, 1083,
      1091, 1127, 1175, 1179, 1211, 1219, 1231, 1239, 1255, 1275, 1295, 1303,
      1307, 1331, 1363, 1383, 1387, 1391
[  2] 3, 7, 19, 27, 43, 51, 55, 123, 155, 167, 179, 195, 223, 235, 259, 291,
      303, 307, 323, 375, 379, 391, 403, 411, 419, 423, 427, 443, 447, 451,
      459, 467, 475, 499, 503, 523, 535, 575, 627, 631, 635, 655, 659, 691,
      727, 775, 803, 859, 867, 879, 883, 887, 919, 923, 927, 955, 967, 979,
      1015, 1031, 1059, 1079, 1115, 1139, 1147, 1151, 1167, 1171, 1187, 1195,
      1203, 1207, 1223, 1235, 1259, 1263, 1271, 1283, 1299, 1315, 1319, 1339,
      1371
[  3] 15, 23, 71, 79, 95, 127, 139, 143, 151, 171, 191, 203, 267, 271, 315,
      331, 359, 371, 395, 407, 463, 471, 483, 511, 527, 547, 559, 563, 603,
      607, 611, 671, 687, 699, 735, 771, 815, 819, 831, 915, 935, 943, 975,
      1019, 1071, 1095, 1123, 1135, 1155, 1159, 1183, 1279, 1291, 1327, 1351,
      1355, 1379
[  4] 34, 66, 82, 102, 130, 162, 198, 218, 230, 242, 262, 274, 282, 286, 338,
      382, 398, 414, 438, 478, 514, 550, 578, 582, 594, 622, 674, 710, 786,
      822, 842, 846, 862, 870, 906, 970, 1010, 1034, 1038, 1042, 1066, 1082,
      1126, 1174, 1178, 1210, 1218, 1238, 1274, 1302, 1306, 1330, 1362, 1382,
      1386, 1390
[  5] 26, 42, 54, 154, 166, 194, 234, 290, 374, 378, 402, 410, 422, 426, 442,
      450, 466, 474, 498, 502, 522, 534, 574, 626, 630, 634, 658, 690, 726,
      802, 866, 882, 918, 954, 1030, 1078, 1138, 1146, 1150, 1166, 1222, 1234,
      1258, 1262, 1282, 1298, 1314, 1318, 1338, 1370
[  6] 58, 98, 114, 118, 146, 158, 210, 214, 238, 254, 354, 430, 434, 494, 506,
      538, 542, 566, 570, 614, 638, 702, 730, 742, 758, 778, 834, 874, 902,
      930, 962, 986, 990, 1002, 1022, 1026, 1054, 1098, 1110, 1118, 1162,
      1214, 1242, 1250, 1310, 1322, 1334, 1358, 1366, 1374
[  7] 38, 74, 90, 110, 174, 182, 186, 206, 294, 298, 318, 342, 366, 518, 618,
      642, 646, 662, 678, 714, 746, 754, 762, 766, 782, 794, 826, 838, 890,
      910, 946, 982, 998, 1074, 1086, 1130, 1142, 1190, 1198, 1246, 1286, 1346
[  8] 30, 46, 62, 86, 134, 250, 310, 326, 334, 346, 350, 454, 530, 590, 666,
      682, 694, 718, 738, 750, 790, 798, 806, 850, 894, 898, 938, 958, 994,
      1090, 1230, 1254, 1294
[  9] 2, 6, 18, 50, 122, 178, 222, 258, 302, 306, 322, 390, 418, 446, 458,
      654, 774, 858, 878, 886, 922, 926, 966, 978, 1014, 1058, 1114, 1170,
      1186, 1194, 1202, 1206, 1270
[ 10] 57, 113, 117, 145, 157, 209, 353, 429, 493, 537, 541, 565, 569, 701,
      729, 741, 777, 833, 873, 901, 929, 961, 985, 989, 1001, 1021, 1025,
      1097, 1109, 1249, 1333, 1365, 1373
[ 11] 10, 106, 226, 246, 278, 362, 386, 486, 490, 554, 586, 598, 650, 706,
      722, 810, 854, 950, 1006, 1046, 1050, 1062, 1102, 1106, 1226, 1266,
      1342, 1394
[ 12] 14, 22, 94, 150, 170, 270, 314, 330, 358, 406, 526, 558, 562, 602, 610,
      670, 770, 814, 818, 1094, 1154, 1158, 1182, 1278, 1326, 1378
[ 13] 56, 112, 116, 144, 156, 208, 536, 540, 564, 568, 776, 872, 900, 960,
      984, 988, 1000, 1020, 1024, 1108, 1248, 1364, 1372
[ 14] 65, 129, 197, 229, 241, 261, 273, 285, 337, 413, 437, 821, 869, 905,
      1037, 1081, 1177, 1209, 1237, 1305, 1361, 1381
[ 15] 81, 101, 161, 381, 477, 513, 577, 621, 673, 709, 841, 845, 861, 969,
      1041, 1125, 1173, 1273, 1301
[ 16] 9, 105, 225, 245, 361, 385, 489, 553, 705, 721, 809, 853, 1045, 1061,
      1101, 1105, 1225, 1341, 1393
[ 17] 25, 233, 373, 401, 409, 449, 533, 633, 657, 689, 917, 1029, 1077, 1165,
      1221, 1233, 1261, 1369
[ 18] 1, 17, 49, 121, 177, 221, 321, 773, 857, 877, 925, 977, 1013, 1113,
      1169, 1193, 1205, 1269
[ 19] 41, 53, 153, 289, 421, 425, 441, 465, 473, 521, 573, 629, 865, 1145,
      1149, 1257, 1317
[ 20] 97, 213, 237, 253, 433, 505, 613, 637, 757, 1053, 1117, 1161, 1213,
      1241, 1309, 1321, 1357
[ 21] 70, 126, 138, 142, 202, 266, 606, 686, 698, 734, 914, 1018, 1070, 1122,
      1290, 1350, 1354
[ 22] 29, 45, 85, 133, 249, 333, 453, 589, 681, 749, 797, 849, 893, 957, 1089,
      1229
[ 23] 128, 228, 260, 272, 284, 436, 820, 868, 904, 1036, 1080, 1176, 1236,
      1304, 1360, 1380
[ 24] 73, 181, 297, 317, 341, 365, 517, 617, 641, 753, 781, 825, 945, 1073,
      1245, 1285
[ 25] 165, 193, 377, 497, 501, 625, 725, 801, 881, 953, 1137, 1281, 1297,
      1313, 1337
[ 26] 33, 217, 281, 397, 549, 581, 593, 785, 1009, 1033, 1065, 1217, 1329,
      1385, 1389
[ 27] 78, 190, 370, 394, 462, 470, 482, 510, 546, 830, 934, 942, 974, 1134
[ 28] 37, 89, 185, 645, 661, 761, 793, 981, 997, 1085, 1129, 1141, 1197
[ 29] 109, 173, 205, 293, 677, 713, 745, 765, 837, 889, 909, 1189, 1345
[ 30] 8, 104, 224, 244, 488, 704, 720, 808, 1044, 1060, 1100, 1224, 1392
[ 31] 13, 21, 313, 357, 525, 561, 601, 769, 817, 1093, 1157, 1377
[ 32] 61, 309, 325, 665, 693, 717, 789, 805, 897, 937, 993, 1253
[ 33] 32, 216, 280, 396, 580, 592, 784, 1032, 1064, 1384, 1388
[ 34] 96, 212, 236, 252, 432, 612, 636, 756, 1160, 1308, 1320
[ 35] 125, 137, 201, 265, 605, 697, 913, 1069, 1289, 1349, 1353
[ 36] 296, 316, 364, 516, 616, 640, 752, 824, 1072, 1244, 1284
[ 37] 24, 400, 408, 448, 532, 632, 656, 1164, 1220, 1232, 1260
[ 38] 108, 172, 204, 676, 744, 764, 888, 908, 1188, 1344
[ 39] 352, 428, 492, 700, 728, 740, 832, 928, 1096, 1332
[ 40] 277, 485, 585, 597, 649, 949, 1005, 1049, 1265
[ 41] 169, 269, 329, 609, 813, 1153, 1181, 1277
[ 42] 192, 376, 496, 500, 624, 800, 952, 1296
[ 43] 257, 301, 305, 389, 457, 885, 965, 1201
[ 44] 189, 469, 481, 509, 545, 933, 941, 973
[ 45] 124, 264, 696, 912, 1068, 1348, 1352
[ 46] 60, 308, 324, 664, 692, 716, 1252
[ 47] 5, 417, 445, 653, 921, 1057, 1185
[ 48] 232, 372, 688, 916, 1028, 1076, 1368
[ 49] 164, 724, 880, 1136, 1280, 1312, 1336
[ 50] 64, 196, 240, 336, 412, 1208
[ 51] 77, 369, 393, 461, 829, 1133
[ 52] 93, 149, 405, 557, 669, 1325
[ 53] 248, 332, 588, 680, 748, 1088
[ 54] 360, 384, 552, 852, 1104, 1340
[ 55] 468, 480, 508, 544, 932, 972
[ 56] 276, 584, 596, 648, 948, 1264
[ 57] 576, 620, 708, 860, 1172, 1300
[ 58] 69, 141, 685, 733, 1017, 1121
[ 59] 16, 176, 772, 876, 976, 1204
[ 60] 504, 1052, 1116, 1212, 1240, 1356
[ 61] 72, 180, 340, 780, 944
[ 62] 68, 140, 684, 1016, 1120
[ 63] 220, 924, 1012, 1112, 1168
[ 64] 300, 304, 388, 456, 884
[ 65] 4, 444, 652, 1056, 1184
[ 66] 440, 464, 520, 1256, 1316
[ 67] 345, 349, 529, 737, 1293
[ 68] 788, 804, 896, 936, 992
[ 69] 152, 288, 420, 1144, 1148
[ 70] 28, 44, 848, 956
[ 71] 100, 160, 512, 840
[ 72] 136, 200, 604, 1288
[ 73] 168, 268, 328, 812
[ 74] 80, 380, 476, 844
[ 75] 608, 1152, 1180, 1276
[ 76] 980, 996, 1140, 1196
[ 77] 548, 1008, 1216, 1328
[ 78] 12, 20, 816
[ 79] 40, 52, 424
[ 80] 76, 368, 460
[ 81] 36, 88, 1084
[ 82] 84, 132, 1228
[ 83] 148, 556, 668
[ 84] 292, 712, 836
[ 85] 320, 856, 1268
[ 86] 344, 348, 1292
[ 87] 356, 1156, 1376
[ 88] 92, 404, 1324
[ 89] 484, 1004, 1048
[ 90] 472, 628, 864
[ 91] 184, 760, 792
[ 92] 392, 828, 1132
[ 93] 256, 964, 1200
[ 94] 672, 1040, 1124
[ 95] 0, 120
[ 96] 48, 1192
[ 97] 416, 920
[ 98] 312, 524
[ 99] 560, 600
[100] 644, 1128
[101] 528, 736
[102] 768, 1092
[103] 796, 892
[104] 188, 940
[105] 968, 1272
[106] 452
[107] 572
[108] 660
[109] 732

Reassigned labels

Runtime: 1.4053564071655273

Performance split_log:

IM without threshold:
Map:
{"O_0": "O", "O_1": "O", "O_2": "O", "O_3": "O", "O_4": "O", "O_5": "O", "O_6": "O", "O_7": "O", "O_8": "O", "O_9": "O", "O_10": "O", "O_11": "O", "O_12": "O", "O_13": "O", "O_14": "O", "O_15": "O", "O_16": "O", "O_17": "O", "O_18": "O", "O_19": "O", "O_20": "O", "O_21": "O", "O_22": "O", "O_23": "O", "O_24": "O", "O_25": "O", "O_26": "O", "O_27": "O", "O_28": "O", "O_29": "O", "O_30": "O", "O_31": "O", "O_32": "O", "O_33": "O", "O_34": "O", "O_35": "O", "O_36": "O", "O_37": "O", "O_38": "O", "O_39": "O", "O_40": "O", "O_41": "O", "O_42": "O", "O_43": "O", "O_44": "O", "O_45": "O", "O_46": "O", "O_47": "O", "O_48": "O", "O_49": "O", "O_50": "O", "O_51": "O", "O_52": "O", "O_53": "O", "O_54": "O", "O_55": "O", "O_56": "O", "O_57": "O", "O_58": "O", "O_59": "O", "O_60": "O", "O_61": "O", "O_62": "O", "O_63": "O", "O_64": "O", "O_65": "O", "O_66": "O", "O_67": "O", "O_68": "O", "O_69": "O", "O_70": "O", "O_71": "O", "O_72": "O", "O_73": "O", "O_74": "O", "O_75": "O", "O_76": "O", "O_77": "O", "O_78": "O", "O_79": "O", "O_80": "O", "O_81": "O", "O_82": "O", "O_83": "O", "O_84": "O", "O_85": "O", "O_86": "O", "O_87": "O", "O_88": "O", "O_89": "O", "O_90": "O", "O_91": "O", "O_92": "O", "O_93": "O", "O_94": "O", "O_95": "O", "O_96": "O", "O_97": "O", "O_98": "O", "O_99": "O", "O_100": "O", "O_101": "O", "O_102": "O", "O_103": "O", "O_104": "O", "O_105": "O", "O_106": "O", "O_107": "O", "O_108": "O", "O_109": "O"}
token_fitness
{"perc_fit_traces": 100.0, "average_trace_fitness": 1.0, "log_fitness": 1.0, "percentage_of_fitting_traces": 100.0}
precision
0.6478780748077817
0.6831683168316832
generalization
0.2419970364858106

Adjusted Rand Index:
0.07591705017399988



Parameters of this run:

Window size: 5
Threshold for edges: 0
Split candidates: O
Max number of traces: 5000000
Method for distance calculation: Distance.SET_DISTANCE
Method for finding clusters: ClusteringMethod.COMMUNITY_DETECTION
Original log location: ./data/noImprInLoop_default_OD\feb16-1625\logs\I_1_LogD_Sequence_feb16-1625.xes.gz
Use frequency: True

Found communities: 

Clustering with 1396 elements and 2 clusters
[0] 2, 3, 6, 7, 10, 11, 14, 15, 18, 19, 22, 23, 26, 27, 30, 31, 34, 35, 38,
    39, 42, 43, 46, 47, 50, 51, 54, 55, 58, 59, 62, 63, 66, 67, 70, 71, 74,
    75, 78, 79, 82, 83, 86, 87, 90, 91, 94, 95, 98, 99, 102, 103, 106, 107,
    110, 111, 114, 115, 118, 119, 122, 123, 126, 127, 130, 131, 134, 135, 138,
    139, 142, 143, 146, 147, 150, 151, 154, 155, 158, 159, 162, 163, 166, 167,
    170, 171, 174, 175, 178, 179, 182, 183, 186, 187, 190, 191, 194, 195, 198,
    199, 202, 203, 206, 207, 210, 211, 214, 215, 218, 219, 222, 223, 226, 227,
    230, 231, 234, 235, 238, 239, 242, 243, 246, 247, 250, 251, 254, 255, 258,
    259, 262, 263, 266, 267, 270, 271, 274, 275, 278, 279, 282, 283, 286, 287,
    290, 291, 294, 295, 298, 299, 302, 303, 306, 307, 310, 311, 314, 315, 318,
    319, 322, 323, 326, 327, 330, 331, 334, 335, 338, 339, 342, 343, 346, 347,
    350, 351, 354, 355, 358, 359, 362, 363, 366, 367, 370, 371, 374, 375, 378,
    379, 382, 383, 386, 387, 390, 391, 394, 395, 398, 399, 402, 403, 406, 407,
    410, 411, 414, 415, 418, 419, 422, 423, 426, 427, 430, 431, 434, 435, 438,
    439, 442, 443, 446, 447, 450, 451, 454, 455, 458, 459, 462, 463, 466, 467,
    470, 471, 474, 475, 478, 479, 482, 483, 486, 487, 490, 491, 494, 495, 498,
    499, 502, 503, 506, 507, 510, 511, 514, 515, 518, 519, 522, 523, 526, 527,
    530, 531, 534, 535, 538, 539, 542, 543, 546, 547, 550, 551, 554, 555, 558,
    559, 562, 563, 566, 567, 570, 571, 574, 575, 578, 579, 582, 583, 586, 587,
    590, 591, 594, 595, 598, 599, 602, 603, 606, 607, 610, 611, 614, 615, 618,
    619, 622, 623, 626, 627, 630, 631, 634, 635, 638, 639, 642, 643, 646, 647,
    650, 651, 654, 655, 658, 659, 662, 663, 666, 667, 670, 671, 674, 675, 678,
    679, 682, 683, 686, 687, 690, 691, 694, 695, 698, 699, 702, 703, 706, 707,
    710, 711, 714, 715, 718, 719, 722, 723, 726, 727, 730, 731, 734, 735, 738,
    739, 742, 743, 746, 747, 750, 751, 754, 755, 758, 759, 762, 763, 766, 767,
    770, 771, 774, 775, 778, 779, 782, 783, 786, 787, 790, 791, 794, 795, 798,
    799, 802, 803, 806, 807, 810, 811, 814, 815, 818, 819, 822, 823, 826, 827,
    830, 831, 834, 835, 838, 839, 842, 843, 846, 847, 850, 851, 854, 855, 858,
    859, 862, 863, 866, 867, 870, 871, 874, 875, 878, 879, 882, 883, 886, 887,
    890, 891, 894, 895, 898, 899, 902, 903, 906, 907, 910, 911, 914, 915, 918,
    919, 922, 923, 926, 927, 930, 931, 934, 935, 938, 939, 942, 943, 946, 947,
    950, 951, 954, 955, 958, 959, 962, 963, 966, 967, 970, 971, 974, 975, 978,
    979, 982, 983, 986, 987, 990, 991, 994, 995, 998, 999, 1002, 1003, 1006,
    1007, 1010, 1011, 1014, 1015, 1018, 1019, 1022, 1023, 1026, 1027, 1030,
    1031, 1034, 1035, 1038, 1039, 1042, 1043, 1046, 1047, 1050, 1051, 1054,
    1055, 1058, 1059, 1062, 1063, 1066, 1067, 1070, 1071, 1074, 1075, 1078,
    1079, 1082, 1083, 1086, 1087, 1090, 1091, 1094, 1095, 1098, 1099, 1102,
    1103, 1106, 1107, 1110, 1111, 1114, 1115, 1118, 1119, 1122, 1123, 1126,
    1127, 1130, 1131, 1134, 1135, 1138, 1139, 1142, 1143, 1146, 1147, 1150,
    1151, 1154, 1155, 1158, 1159, 1162, 1163, 1166, 1167, 1170, 1171, 1174,
    1175, 1178, 1179, 1182, 1183, 1186, 1187, 1190, 1191, 1194, 1195, 1198,
    1199, 1202, 1203, 1206, 1207, 1210, 1211, 1214, 1215, 1218, 1219, 1222,
    1223, 1226, 1227, 1230, 1231, 1234, 1235, 1238, 1239, 1242, 1243, 1246,
    1247, 1250, 1251, 1254, 1255, 1258, 1259, 1262, 1263, 1266, 1267, 1270,
    1271, 1274, 1275, 1278, 1279, 1282, 1283, 1286, 1287, 1290, 1291, 1294,
    1295, 1298, 1299, 1302, 1303, 1306, 1307, 1310, 1311, 1314, 1315, 1318,
    1319, 1322, 1323, 1326, 1327, 1330, 1331, 1334, 1335, 1338, 1339, 1342,
    1343, 1346, 1347, 1350, 1351, 1354, 1355, 1358, 1359, 1362, 1363, 1366,
    1367, 1370, 1371, 1374, 1375, 1378, 1379, 1382, 1383, 1386, 1387, 1390,
    1391, 1394, 1395
[1] 0, 1, 4, 5, 8, 9, 12, 13, 16, 17, 20, 21, 24, 25, 28, 29, 32, 33, 36, 37,
    40, 41, 44, 45, 48, 49, 52, 53, 56, 57, 60, 61, 64, 65, 68, 69, 72, 73,
    76, 77, 80, 81, 84, 85, 88, 89, 92, 93, 96, 97, 100, 101, 104, 105, 108,
    109, 112, 113, 116, 117, 120, 121, 124, 125, 128, 129, 132, 133, 136, 137,
    140, 141, 144, 145, 148, 149, 152, 153, 156, 157, 160, 161, 164, 165, 168,
    169, 172, 173, 176, 177, 180, 181, 184, 185, 188, 189, 192, 193, 196, 197,
    200, 201, 204, 205, 208, 209, 212, 213, 216, 217, 220, 221, 224, 225, 228,
    229, 232, 233, 236, 237, 240, 241, 244, 245, 248, 249, 252, 253, 256, 257,
    260, 261, 264, 265, 268, 269, 272, 273, 276, 277, 280, 281, 284, 285, 288,
    289, 292, 293, 296, 297, 300, 301, 304, 305, 308, 309, 312, 313, 316, 317,
    320, 321, 324, 325, 328, 329, 332, 333, 336, 337, 340, 341, 344, 345, 348,
    349, 352, 353, 356, 357, 360, 361, 364, 365, 368, 369, 372, 373, 376, 377,
    380, 381, 384, 385, 388, 389, 392, 393, 396, 397, 400, 401, 404, 405, 408,
    409, 412, 413, 416, 417, 420, 421, 424, 425, 428, 429, 432, 433, 436, 437,
    440, 441, 444, 445, 448, 449, 452, 453, 456, 457, 460, 461, 464, 465, 468,
    469, 472, 473, 476, 477, 480, 481, 484, 485, 488, 489, 492, 493, 496, 497,
    500, 501, 504, 505, 508, 509, 512, 513, 516, 517, 520, 521, 524, 525, 528,
    529, 532, 533, 536, 537, 540, 541, 544, 545, 548, 549, 552, 553, 556, 557,
    560, 561, 564, 565, 568, 569, 572, 573, 576, 577, 580, 581, 584, 585, 588,
    589, 592, 593, 596, 597, 600, 601, 604, 605, 608, 609, 612, 613, 616, 617,
    620, 621, 624, 625, 628, 629, 632, 633, 636, 637, 640, 641, 644, 645, 648,
    649, 652, 653, 656, 657, 660, 661, 664, 665, 668, 669, 672, 673, 676, 677,
    680, 681, 684, 685, 688, 689, 692, 693, 696, 697, 700, 701, 704, 705, 708,
    709, 712, 713, 716, 717, 720, 721, 724, 725, 728, 729, 732, 733, 736, 737,
    740, 741, 744, 745, 748, 749, 752, 753, 756, 757, 760, 761, 764, 765, 768,
    769, 772, 773, 776, 777, 780, 781, 784, 785, 788, 789, 792, 793, 796, 797,
    800, 801, 804, 805, 808, 809, 812, 813, 816, 817, 820, 821, 824, 825, 828,
    829, 832, 833, 836, 837, 840, 841, 844, 845, 848, 849, 852, 853, 856, 857,
    860, 861, 864, 865, 868, 869, 872, 873, 876, 877, 880, 881, 884, 885, 888,
    889, 892, 893, 896, 897, 900, 901, 904, 905, 908, 909, 912, 913, 916, 917,
    920, 921, 924, 925, 928, 929, 932, 933, 936, 937, 940, 941, 944, 945, 948,
    949, 952, 953, 956, 957, 960, 961, 964, 965, 968, 969, 972, 973, 976, 977,
    980, 981, 984, 985, 988, 989, 992, 993, 996, 997, 1000, 1001, 1004, 1005,
    1008, 1009, 1012, 1013, 1016, 1017, 1020, 1021, 1024, 1025, 1028, 1029,
    1032, 1033, 1036, 1037, 1040, 1041, 1044, 1045, 1048, 1049, 1052, 1053,
    1056, 1057, 1060, 1061, 1064, 1065, 1068, 1069, 1072, 1073, 1076, 1077,
    1080, 1081, 1084, 1085, 1088, 1089, 1092, 1093, 1096, 1097, 1100, 1101,
    1104, 1105, 1108, 1109, 1112, 1113, 1116, 1117, 1120, 1121, 1124, 1125,
    1128, 1129, 1132, 1133, 1136, 1137, 1140, 1141, 1144, 1145, 1148, 1149,
    1152, 1153, 1156, 1157, 1160, 1161, 1164, 1165, 1168, 1169, 1172, 1173,
    1176, 1177, 1180, 1181, 1184, 1185, 1188, 1189, 1192, 1193, 1196, 1197,
    1200, 1201, 1204, 1205, 1208, 1209, 1212, 1213, 1216, 1217, 1220, 1221,
    1224, 1225, 1228, 1229, 1232, 1233, 1236, 1237, 1240, 1241, 1244, 1245,
    1248, 1249, 1252, 1253, 1256, 1257, 1260, 1261, 1264, 1265, 1268, 1269,
    1272, 1273, 1276, 1277, 1280, 1281, 1284, 1285, 1288, 1289, 1292, 1293,
    1296, 1297, 1300, 1301, 1304, 1305, 1308, 1309, 1312, 1313, 1316, 1317,
    1320, 1321, 1324, 1325, 1328, 1329, 1332, 1333, 1336, 1337, 1340, 1341,
    1344, 1345, 1348, 1349, 1352, 1353, 1356, 1357, 1360, 1361, 1364, 1365,
    1368, 1369, 1372, 1373, 1376, 1377, 1380, 1381, 1384, 1385, 1388, 1389,
    1392, 1393

Reassigned labels

Runtime: 2.1542303562164307

Performance split_log:

IM without threshold:
Map:
{"O_0": "O", "O_1": "O"}
token_fitness
{"perc_fit_traces": 0.0, "average_trace_fitness": 0.9555623088960822, "log_fitness": 0.9573050977713261, "percentage_of_fitting_traces": 0.0}
precision
0.6478780748077817
0.6949152542372882
generalization
0.7903554925149859

Adjusted Rand Index:
0.49946178686759957



Parameters of this run:

Window size: 5
Threshold for edges: 0.25
Split candidates: O
Max number of traces: 5000000
Method for distance calculation: Distance.SET_DISTANCE
Method for finding clusters: ClusteringMethod.COMMUNITY_DETECTION
Original log location: ./data/noImprInLoop_default_OD\feb16-1625\logs\I_1_LogD_Sequence_feb16-1625.xes.gz
Use frequency: True

Found communities: 

Clustering with 1396 elements and 2 clusters
[0] 2, 3, 6, 7, 10, 11, 14, 15, 18, 19, 22, 23, 26, 27, 30, 31, 34, 35, 38,
    39, 42, 43, 46, 47, 50, 51, 54, 55, 58, 59, 62, 63, 66, 67, 70, 71, 74,
    75, 78, 79, 82, 83, 86, 87, 90, 91, 94, 95, 98, 99, 102, 103, 106, 107,
    110, 111, 114, 115, 118, 119, 122, 123, 126, 127, 130, 131, 134, 135, 138,
    139, 142, 143, 146, 147, 150, 151, 154, 155, 158, 159, 162, 163, 166, 167,
    170, 171, 174, 175, 178, 179, 182, 183, 186, 187, 190, 191, 194, 195, 198,
    199, 202, 203, 206, 207, 210, 211, 214, 215, 218, 219, 222, 223, 226, 227,
    230, 231, 234, 235, 238, 239, 242, 243, 246, 247, 250, 251, 254, 255, 258,
    259, 262, 263, 266, 267, 270, 271, 274, 275, 278, 279, 282, 283, 286, 287,
    290, 291, 294, 295, 298, 299, 302, 303, 306, 307, 310, 311, 314, 315, 318,
    319, 322, 323, 326, 327, 330, 331, 334, 335, 338, 339, 342, 343, 346, 347,
    350, 351, 354, 355, 358, 359, 362, 363, 366, 367, 370, 371, 374, 375, 378,
    379, 382, 383, 386, 387, 390, 391, 394, 395, 398, 399, 402, 403, 406, 407,
    410, 411, 414, 415, 418, 419, 422, 423, 426, 427, 430, 431, 434, 435, 438,
    439, 442, 443, 446, 447, 450, 451, 454, 455, 458, 459, 462, 463, 466, 467,
    470, 471, 474, 475, 478, 479, 482, 483, 486, 487, 490, 491, 494, 495, 498,
    499, 502, 503, 506, 507, 510, 511, 514, 515, 518, 519, 522, 523, 526, 527,
    530, 531, 534, 535, 538, 539, 542, 543, 546, 547, 550, 551, 554, 555, 558,
    559, 562, 563, 566, 567, 570, 571, 574, 575, 578, 579, 582, 583, 586, 587,
    590, 591, 594, 595, 598, 599, 602, 603, 606, 607, 610, 611, 614, 615, 618,
    619, 622, 623, 626, 627, 630, 631, 634, 635, 638, 639, 642, 643, 646, 647,
    650, 651, 654, 655, 658, 659, 662, 663, 666, 667, 670, 671, 674, 675, 678,
    679, 682, 683, 686, 687, 690, 691, 694, 695, 698, 699, 702, 703, 706, 707,
    710, 711, 714, 715, 718, 719, 722, 723, 726, 727, 730, 731, 734, 735, 738,
    739, 742, 743, 746, 747, 750, 751, 754, 755, 758, 759, 762, 763, 766, 767,
    770, 771, 774, 775, 778, 779, 782, 783, 786, 787, 790, 791, 794, 795, 798,
    799, 802, 803, 806, 807, 810, 811, 814, 815, 818, 819, 822, 823, 826, 827,
    830, 831, 834, 835, 838, 839, 842, 843, 846, 847, 850, 851, 854, 855, 858,
    859, 862, 863, 866, 867, 870, 871, 874, 875, 878, 879, 882, 883, 886, 887,
    890, 891, 894, 895, 898, 899, 902, 903, 906, 907, 910, 911, 914, 915, 918,
    919, 922, 923, 926, 927, 930, 931, 934, 935, 938, 939, 942, 943, 946, 947,
    950, 951, 954, 955, 958, 959, 962, 963, 966, 967, 970, 971, 974, 975, 978,
    979, 982, 983, 986, 987, 990, 991, 994, 995, 998, 999, 1002, 1003, 1006,
    1007, 1010, 1011, 1014, 1015, 1018, 1019, 1022, 1023, 1026, 1027, 1030,
    1031, 1034, 1035, 1038, 1039, 1042, 1043, 1046, 1047, 1050, 1051, 1054,
    1055, 1058, 1059, 1062, 1063, 1066, 1067, 1070, 1071, 1074, 1075, 1078,
    1079, 1082, 1083, 1086, 1087, 1090, 1091, 1094, 1095, 1098, 1099, 1102,
    1103, 1106, 1107, 1110, 1111, 1114, 1115, 1118, 1119, 1122, 1123, 1126,
    1127, 1130, 1131, 1134, 1135, 1138, 1139, 1142, 1143, 1146, 1147, 1150,
    1151, 1154, 1155, 1158, 1159, 1162, 1163, 1166, 1167, 1170, 1171, 1174,
    1175, 1178, 1179, 1182, 1183, 1186, 1187, 1190, 1191, 1194, 1195, 1198,
    1199, 1202, 1203, 1206, 1207, 1210, 1211, 1214, 1215, 1218, 1219, 1222,
    1223, 1226, 1227, 1230, 1231, 1234, 1235, 1238, 1239, 1242, 1243, 1246,
    1247, 1250, 1251, 1254, 1255, 1258, 1259, 1262, 1263, 1266, 1267, 1270,
    1271, 1274, 1275, 1278, 1279, 1282, 1283, 1286, 1287, 1290, 1291, 1294,
    1295, 1298, 1299, 1302, 1303, 1306, 1307, 1310, 1311, 1314, 1315, 1318,
    1319, 1322, 1323, 1326, 1327, 1330, 1331, 1334, 1335, 1338, 1339, 1342,
    1343, 1346, 1347, 1350, 1351, 1354, 1355, 1358, 1359, 1362, 1363, 1366,
    1367, 1370, 1371, 1374, 1375, 1378, 1379, 1382, 1383, 1386, 1387, 1390,
    1391, 1394, 1395
[1] 0, 1, 4, 5, 8, 9, 12, 13, 16, 17, 20, 21, 24, 25, 28, 29, 32, 33, 36, 37,
    40, 41, 44, 45, 48, 49, 52, 53, 56, 57, 60, 61, 64, 65, 68, 69, 72, 73,
    76, 77, 80, 81, 84, 85, 88, 89, 92, 93, 96, 97, 100, 101, 104, 105, 108,
    109, 112, 113, 116, 117, 120, 121, 124, 125, 128, 129, 132, 133, 136, 137,
    140, 141, 144, 145, 148, 149, 152, 153, 156, 157, 160, 161, 164, 165, 168,
    169, 172, 173, 176, 177, 180, 181, 184, 185, 188, 189, 192, 193, 196, 197,
    200, 201, 204, 205, 208, 209, 212, 213, 216, 217, 220, 221, 224, 225, 228,
    229, 232, 233, 236, 237, 240, 241, 244, 245, 248, 249, 252, 253, 256, 257,
    260, 261, 264, 265, 268, 269, 272, 273, 276, 277, 280, 281, 284, 285, 288,
    289, 292, 293, 296, 297, 300, 301, 304, 305, 308, 309, 312, 313, 316, 317,
    320, 321, 324, 325, 328, 329, 332, 333, 336, 337, 340, 341, 344, 345, 348,
    349, 352, 353, 356, 357, 360, 361, 364, 365, 368, 369, 372, 373, 376, 377,
    380, 381, 384, 385, 388, 389, 392, 393, 396, 397, 400, 401, 404, 405, 408,
    409, 412, 413, 416, 417, 420, 421, 424, 425, 428, 429, 432, 433, 436, 437,
    440, 441, 444, 445, 448, 449, 452, 453, 456, 457, 460, 461, 464, 465, 468,
    469, 472, 473, 476, 477, 480, 481, 484, 485, 488, 489, 492, 493, 496, 497,
    500, 501, 504, 505, 508, 509, 512, 513, 516, 517, 520, 521, 524, 525, 528,
    529, 532, 533, 536, 537, 540, 541, 544, 545, 548, 549, 552, 553, 556, 557,
    560, 561, 564, 565, 568, 569, 572, 573, 576, 577, 580, 581, 584, 585, 588,
    589, 592, 593, 596, 597, 600, 601, 604, 605, 608, 609, 612, 613, 616, 617,
    620, 621, 624, 625, 628, 629, 632, 633, 636, 637, 640, 641, 644, 645, 648,
    649, 652, 653, 656, 657, 660, 661, 664, 665, 668, 669, 672, 673, 676, 677,
    680, 681, 684, 685, 688, 689, 692, 693, 696, 697, 700, 701, 704, 705, 708,
    709, 712, 713, 716, 717, 720, 721, 724, 725, 728, 729, 732, 733, 736, 737,
    740, 741, 744, 745, 748, 749, 752, 753, 756, 757, 760, 761, 764, 765, 768,
    769, 772, 773, 776, 777, 780, 781, 784, 785, 788, 789, 792, 793, 796, 797,
    800, 801, 804, 805, 808, 809, 812, 813, 816, 817, 820, 821, 824, 825, 828,
    829, 832, 833, 836, 837, 840, 841, 844, 845, 848, 849, 852, 853, 856, 857,
    860, 861, 864, 865, 868, 869, 872, 873, 876, 877, 880, 881, 884, 885, 888,
    889, 892, 893, 896, 897, 900, 901, 904, 905, 908, 909, 912, 913, 916, 917,
    920, 921, 924, 925, 928, 929, 932, 933, 936, 937, 940, 941, 944, 945, 948,
    949, 952, 953, 956, 957, 960, 961, 964, 965, 968, 969, 972, 973, 976, 977,
    980, 981, 984, 985, 988, 989, 992, 993, 996, 997, 1000, 1001, 1004, 1005,
    1008, 1009, 1012, 1013, 1016, 1017, 1020, 1021, 1024, 1025, 1028, 1029,
    1032, 1033, 1036, 1037, 1040, 1041, 1044, 1045, 1048, 1049, 1052, 1053,
    1056, 1057, 1060, 1061, 1064, 1065, 1068, 1069, 1072, 1073, 1076, 1077,
    1080, 1081, 1084, 1085, 1088, 1089, 1092, 1093, 1096, 1097, 1100, 1101,
    1104, 1105, 1108, 1109, 1112, 1113, 1116, 1117, 1120, 1121, 1124, 1125,
    1128, 1129, 1132, 1133, 1136, 1137, 1140, 1141, 1144, 1145, 1148, 1149,
    1152, 1153, 1156, 1157, 1160, 1161, 1164, 1165, 1168, 1169, 1172, 1173,
    1176, 1177, 1180, 1181, 1184, 1185, 1188, 1189, 1192, 1193, 1196, 1197,
    1200, 1201, 1204, 1205, 1208, 1209, 1212, 1213, 1216, 1217, 1220, 1221,
    1224, 1225, 1228, 1229, 1232, 1233, 1236, 1237, 1240, 1241, 1244, 1245,
    1248, 1249, 1252, 1253, 1256, 1257, 1260, 1261, 1264, 1265, 1268, 1269,
    1272, 1273, 1276, 1277, 1280, 1281, 1284, 1285, 1288, 1289, 1292, 1293,
    1296, 1297, 1300, 1301, 1304, 1305, 1308, 1309, 1312, 1313, 1316, 1317,
    1320, 1321, 1324, 1325, 1328, 1329, 1332, 1333, 1336, 1337, 1340, 1341,
    1344, 1345, 1348, 1349, 1352, 1353, 1356, 1357, 1360, 1361, 1364, 1365,
    1368, 1369, 1372, 1373, 1376, 1377, 1380, 1381, 1384, 1385, 1388, 1389,
    1392, 1393

Reassigned labels

Runtime: 2.017721652984619

Performance split_log:

IM without threshold:
Map:
{"O_0": "O", "O_1": "O"}
token_fitness
{"perc_fit_traces": 0.0, "average_trace_fitness": 0.9088702049243688, "log_fitness": 0.9126171555730567, "percentage_of_fitting_traces": 0.0}
precision
0.6163889468506871
0.6949152542372882
generalization
0.7903554925149859

Adjusted Rand Index:
0.49946178686759957



Parameters of this run:

Window size: 5
Threshold for edges: 0.5
Split candidates: O
Max number of traces: 5000000
Method for distance calculation: Distance.SET_DISTANCE
Method for finding clusters: ClusteringMethod.COMMUNITY_DETECTION
Original log location: ./data/noImprInLoop_default_OD\feb16-1625\logs\I_1_LogD_Sequence_feb16-1625.xes.gz
Use frequency: True

Found communities: 

Clustering with 1396 elements and 2 clusters
[0] 2, 3, 6, 7, 10, 11, 14, 15, 18, 19, 22, 23, 26, 27, 30, 31, 34, 35, 38,
    39, 42, 43, 46, 47, 50, 51, 54, 55, 58, 59, 62, 63, 66, 67, 70, 71, 74,
    75, 78, 79, 82, 83, 86, 87, 90, 91, 94, 95, 98, 99, 102, 103, 106, 107,
    110, 111, 114, 115, 118, 119, 122, 123, 126, 127, 130, 131, 134, 135, 138,
    139, 142, 143, 146, 147, 150, 151, 154, 155, 158, 159, 162, 163, 166, 167,
    170, 171, 174, 175, 178, 179, 182, 183, 186, 187, 190, 191, 194, 195, 198,
    199, 202, 203, 206, 207, 210, 211, 214, 215, 218, 219, 222, 223, 226, 227,
    230, 231, 234, 235, 238, 239, 242, 243, 246, 247, 250, 251, 254, 255, 258,
    259, 262, 263, 266, 267, 270, 271, 274, 275, 278, 279, 282, 283, 286, 287,
    290, 291, 294, 295, 298, 299, 302, 303, 306, 307, 310, 311, 314, 315, 318,
    319, 322, 323, 326, 327, 330, 331, 334, 335, 338, 339, 342, 343, 346, 347,
    350, 351, 354, 355, 358, 359, 362, 363, 366, 367, 370, 371, 374, 375, 378,
    379, 382, 383, 386, 387, 390, 391, 394, 395, 398, 399, 402, 403, 406, 407,
    410, 411, 414, 415, 418, 419, 422, 423, 426, 427, 430, 431, 434, 435, 438,
    439, 442, 443, 446, 447, 450, 451, 454, 455, 458, 459, 462, 463, 466, 467,
    470, 471, 474, 475, 478, 479, 482, 483, 486, 487, 490, 491, 494, 495, 498,
    499, 502, 503, 506, 507, 510, 511, 514, 515, 518, 519, 522, 523, 526, 527,
    530, 531, 534, 535, 538, 539, 542, 543, 546, 547, 550, 551, 554, 555, 558,
    559, 562, 563, 566, 567, 570, 571, 574, 575, 578, 579, 582, 583, 586, 587,
    590, 591, 594, 595, 598, 599, 602, 603, 606, 607, 610, 611, 614, 615, 618,
    619, 622, 623, 626, 627, 630, 631, 634, 635, 638, 639, 642, 643, 646, 647,
    650, 651, 654, 655, 658, 659, 662, 663, 666, 667, 670, 671, 674, 675, 678,
    679, 682, 683, 686, 687, 690, 691, 694, 695, 698, 699, 702, 703, 706, 707,
    710, 711, 714, 715, 718, 719, 722, 723, 726, 727, 730, 731, 734, 735, 738,
    739, 742, 743, 746, 747, 750, 751, 754, 755, 758, 759, 762, 763, 766, 767,
    770, 771, 774, 775, 778, 779, 782, 783, 786, 787, 790, 791, 794, 795, 798,
    799, 802, 803, 806, 807, 810, 811, 814, 815, 818, 819, 822, 823, 826, 827,
    830, 831, 834, 835, 838, 839, 842, 843, 846, 847, 850, 851, 854, 855, 858,
    859, 862, 863, 866, 867, 870, 871, 874, 875, 878, 879, 882, 883, 886, 887,
    890, 891, 894, 895, 898, 899, 902, 903, 906, 907, 910, 911, 914, 915, 918,
    919, 922, 923, 926, 927, 930, 931, 934, 935, 938, 939, 942, 943, 946, 947,
    950, 951, 954, 955, 958, 959, 962, 963, 966, 967, 970, 971, 974, 975, 978,
    979, 982, 983, 986, 987, 990, 991, 994, 995, 998, 999, 1002, 1003, 1006,
    1007, 1010, 1011, 1014, 1015, 1018, 1019, 1022, 1023, 1026, 1027, 1030,
    1031, 1034, 1035, 1038, 1039, 1042, 1043, 1046, 1047, 1050, 1051, 1054,
    1055, 1058, 1059, 1062, 1063, 1066, 1067, 1070, 1071, 1074, 1075, 1078,
    1079, 1082, 1083, 1086, 1087, 1090, 1091, 1094, 1095, 1098, 1099, 1102,
    1103, 1106, 1107, 1110, 1111, 1114, 1115, 1118, 1119, 1122, 1123, 1126,
    1127, 1130, 1131, 1134, 1135, 1138, 1139, 1142, 1143, 1146, 1147, 1150,
    1151, 1154, 1155, 1158, 1159, 1162, 1163, 1166, 1167, 1170, 1171, 1174,
    1175, 1178, 1179, 1182, 1183, 1186, 1187, 1190, 1191, 1194, 1195, 1198,
    1199, 1202, 1203, 1206, 1207, 1210, 1211, 1214, 1215, 1218, 1219, 1222,
    1223, 1226, 1227, 1230, 1231, 1234, 1235, 1238, 1239, 1242, 1243, 1246,
    1247, 1250, 1251, 1254, 1255, 1258, 1259, 1262, 1263, 1266, 1267, 1270,
    1271, 1274, 1275, 1278, 1279, 1282, 1283, 1286, 1287, 1290, 1291, 1294,
    1295, 1298, 1299, 1302, 1303, 1306, 1307, 1310, 1311, 1314, 1315, 1318,
    1319, 1322, 1323, 1326, 1327, 1330, 1331, 1334, 1335, 1338, 1339, 1342,
    1343, 1346, 1347, 1350, 1351, 1354, 1355, 1358, 1359, 1362, 1363, 1366,
    1367, 1370, 1371, 1374, 1375, 1378, 1379, 1382, 1383, 1386, 1387, 1390,
    1391, 1394, 1395
[1] 0, 1, 4, 5, 8, 9, 12, 13, 16, 17, 20, 21, 24, 25, 28, 29, 32, 33, 36, 37,
    40, 41, 44, 45, 48, 49, 52, 53, 56, 57, 60, 61, 64, 65, 68, 69, 72, 73,
    76, 77, 80, 81, 84, 85, 88, 89, 92, 93, 96, 97, 100, 101, 104, 105, 108,
    109, 112, 113, 116, 117, 120, 121, 124, 125, 128, 129, 132, 133, 136, 137,
    140, 141, 144, 145, 148, 149, 152, 153, 156, 157, 160, 161, 164, 165, 168,
    169, 172, 173, 176, 177, 180, 181, 184, 185, 188, 189, 192, 193, 196, 197,
    200, 201, 204, 205, 208, 209, 212, 213, 216, 217, 220, 221, 224, 225, 228,
    229, 232, 233, 236, 237, 240, 241, 244, 245, 248, 249, 252, 253, 256, 257,
    260, 261, 264, 265, 268, 269, 272, 273, 276, 277, 280, 281, 284, 285, 288,
    289, 292, 293, 296, 297, 300, 301, 304, 305, 308, 309, 312, 313, 316, 317,
    320, 321, 324, 325, 328, 329, 332, 333, 336, 337, 340, 341, 344, 345, 348,
    349, 352, 353, 356, 357, 360, 361, 364, 365, 368, 369, 372, 373, 376, 377,
    380, 381, 384, 385, 388, 389, 392, 393, 396, 397, 400, 401, 404, 405, 408,
    409, 412, 413, 416, 417, 420, 421, 424, 425, 428, 429, 432, 433, 436, 437,
    440, 441, 444, 445, 448, 449, 452, 453, 456, 457, 460, 461, 464, 465, 468,
    469, 472, 473, 476, 477, 480, 481, 484, 485, 488, 489, 492, 493, 496, 497,
    500, 501, 504, 505, 508, 509, 512, 513, 516, 517, 520, 521, 524, 525, 528,
    529, 532, 533, 536, 537, 540, 541, 544, 545, 548, 549, 552, 553, 556, 557,
    560, 561, 564, 565, 568, 569, 572, 573, 576, 577, 580, 581, 584, 585, 588,
    589, 592, 593, 596, 597, 600, 601, 604, 605, 608, 609, 612, 613, 616, 617,
    620, 621, 624, 625, 628, 629, 632, 633, 636, 637, 640, 641, 644, 645, 648,
    649, 652, 653, 656, 657, 660, 661, 664, 665, 668, 669, 672, 673, 676, 677,
    680, 681, 684, 685, 688, 689, 692, 693, 696, 697, 700, 701, 704, 705, 708,
    709, 712, 713, 716, 717, 720, 721, 724, 725, 728, 729, 732, 733, 736, 737,
    740, 741, 744, 745, 748, 749, 752, 753, 756, 757, 760, 761, 764, 765, 768,
    769, 772, 773, 776, 777, 780, 781, 784, 785, 788, 789, 792, 793, 796, 797,
    800, 801, 804, 805, 808, 809, 812, 813, 816, 817, 820, 821, 824, 825, 828,
    829, 832, 833, 836, 837, 840, 841, 844, 845, 848, 849, 852, 853, 856, 857,
    860, 861, 864, 865, 868, 869, 872, 873, 876, 877, 880, 881, 884, 885, 888,
    889, 892, 893, 896, 897, 900, 901, 904, 905, 908, 909, 912, 913, 916, 917,
    920, 921, 924, 925, 928, 929, 932, 933, 936, 937, 940, 941, 944, 945, 948,
    949, 952, 953, 956, 957, 960, 961, 964, 965, 968, 969, 972, 973, 976, 977,
    980, 981, 984, 985, 988, 989, 992, 993, 996, 997, 1000, 1001, 1004, 1005,
    1008, 1009, 1012, 1013, 1016, 1017, 1020, 1021, 1024, 1025, 1028, 1029,
    1032, 1033, 1036, 1037, 1040, 1041, 1044, 1045, 1048, 1049, 1052, 1053,
    1056, 1057, 1060, 1061, 1064, 1065, 1068, 1069, 1072, 1073, 1076, 1077,
    1080, 1081, 1084, 1085, 1088, 1089, 1092, 1093, 1096, 1097, 1100, 1101,
    1104, 1105, 1108, 1109, 1112, 1113, 1116, 1117, 1120, 1121, 1124, 1125,
    1128, 1129, 1132, 1133, 1136, 1137, 1140, 1141, 1144, 1145, 1148, 1149,
    1152, 1153, 1156, 1157, 1160, 1161, 1164, 1165, 1168, 1169, 1172, 1173,
    1176, 1177, 1180, 1181, 1184, 1185, 1188, 1189, 1192, 1193, 1196, 1197,
    1200, 1201, 1204, 1205, 1208, 1209, 1212, 1213, 1216, 1217, 1220, 1221,
    1224, 1225, 1228, 1229, 1232, 1233, 1236, 1237, 1240, 1241, 1244, 1245,
    1248, 1249, 1252, 1253, 1256, 1257, 1260, 1261, 1264, 1265, 1268, 1269,
    1272, 1273, 1276, 1277, 1280, 1281, 1284, 1285, 1288, 1289, 1292, 1293,
    1296, 1297, 1300, 1301, 1304, 1305, 1308, 1309, 1312, 1313, 1316, 1317,
    1320, 1321, 1324, 1325, 1328, 1329, 1332, 1333, 1336, 1337, 1340, 1341,
    1344, 1345, 1348, 1349, 1352, 1353, 1356, 1357, 1360, 1361, 1364, 1365,
    1368, 1369, 1372, 1373, 1376, 1377, 1380, 1381, 1384, 1385, 1388, 1389,
    1392, 1393

Reassigned labels

Runtime: 2.0374529361724854

Performance split_log:

IM without threshold:
Map:
{"O_0": "O", "O_1": "O"}
token_fitness
{"perc_fit_traces": 0.0, "average_trace_fitness": 0.9555623088960822, "log_fitness": 0.9573050977713261, "percentage_of_fitting_traces": 0.0}
precision
0.6478780748077817
0.6949152542372882
generalization
0.7903554925149859

Adjusted Rand Index:
0.49946178686759957



Parameters of this run:

Window size: 5
Threshold for edges: 0.75
Split candidates: O
Max number of traces: 5000000
Method for distance calculation: Distance.SET_DISTANCE
Method for finding clusters: ClusteringMethod.COMMUNITY_DETECTION
Original log location: ./data/noImprInLoop_default_OD\feb16-1625\logs\I_1_LogD_Sequence_feb16-1625.xes.gz
Use frequency: True

Found communities: 

Clustering with 1396 elements and 3 clusters
[0] 2, 3, 6, 7, 10, 11, 14, 15, 18, 19, 22, 23, 26, 27, 30, 31, 34, 35, 38,
    39, 42, 43, 46, 47, 50, 51, 54, 55, 58, 59, 62, 63, 66, 67, 70, 71, 74,
    75, 78, 79, 82, 83, 86, 87, 90, 91, 94, 95, 98, 99, 102, 103, 106, 107,
    110, 111, 114, 115, 118, 119, 122, 123, 126, 127, 130, 131, 134, 135, 138,
    139, 142, 143, 146, 147, 150, 151, 154, 155, 158, 159, 162, 163, 166, 167,
    170, 171, 174, 175, 178, 179, 182, 183, 186, 187, 190, 191, 194, 195, 198,
    199, 202, 203, 206, 207, 210, 211, 214, 215, 218, 219, 222, 223, 226, 227,
    230, 231, 234, 235, 238, 239, 242, 243, 246, 247, 250, 251, 254, 255, 258,
    259, 262, 263, 266, 267, 270, 271, 274, 275, 278, 279, 282, 283, 286, 287,
    290, 291, 294, 295, 298, 299, 302, 303, 306, 307, 310, 311, 314, 315, 318,
    319, 322, 323, 326, 327, 330, 331, 334, 335, 338, 339, 342, 343, 346, 347,
    350, 351, 354, 355, 358, 359, 362, 363, 366, 367, 370, 371, 374, 375, 378,
    379, 382, 383, 386, 387, 390, 391, 394, 395, 398, 399, 402, 403, 406, 407,
    410, 411, 414, 415, 418, 419, 422, 423, 426, 427, 430, 431, 434, 435, 438,
    439, 442, 443, 446, 447, 450, 451, 454, 455, 458, 459, 462, 463, 466, 467,
    470, 471, 474, 475, 478, 479, 482, 483, 486, 487, 490, 491, 494, 495, 498,
    499, 502, 503, 506, 507, 510, 511, 514, 515, 518, 519, 522, 523, 526, 527,
    530, 531, 534, 535, 538, 539, 542, 543, 546, 547, 550, 551, 554, 555, 558,
    559, 562, 563, 566, 567, 570, 571, 574, 575, 578, 579, 582, 583, 586, 587,
    590, 591, 594, 595, 598, 599, 602, 603, 606, 607, 610, 611, 614, 615, 618,
    619, 622, 623, 626, 627, 630, 631, 634, 635, 638, 639, 642, 643, 646, 647,
    650, 651, 654, 655, 658, 659, 662, 663, 666, 667, 670, 671, 674, 675, 678,
    679, 682, 683, 686, 687, 690, 691, 694, 695, 698, 699, 702, 703, 706, 707,
    710, 711, 714, 715, 718, 719, 722, 723, 726, 727, 730, 731, 734, 735, 738,
    739, 742, 743, 746, 747, 750, 751, 754, 755, 758, 759, 762, 763, 766, 767,
    770, 771, 774, 775, 778, 779, 782, 783, 786, 787, 790, 791, 794, 795, 798,
    799, 802, 803, 806, 807, 810, 811, 814, 815, 818, 819, 822, 823, 826, 827,
    830, 831, 834, 835, 838, 839, 842, 843, 846, 847, 850, 851, 854, 855, 858,
    859, 862, 863, 866, 867, 870, 871, 874, 875, 878, 879, 882, 883, 886, 887,
    890, 891, 894, 895, 898, 899, 902, 903, 906, 907, 910, 911, 914, 915, 918,
    919, 922, 923, 926, 927, 930, 931, 934, 935, 938, 939, 942, 943, 946, 947,
    950, 951, 954, 955, 958, 959, 962, 963, 966, 967, 970, 971, 974, 975, 978,
    979, 982, 983, 986, 987, 990, 991, 994, 995, 998, 999, 1002, 1003, 1006,
    1007, 1010, 1011, 1014, 1015, 1018, 1019, 1022, 1023, 1026, 1027, 1030,
    1031, 1034, 1035, 1038, 1039, 1042, 1043, 1046, 1047, 1050, 1051, 1054,
    1055, 1058, 1059, 1062, 1063, 1066, 1067, 1070, 1071, 1074, 1075, 1078,
    1079, 1082, 1083, 1086, 1087, 1090, 1091, 1094, 1095, 1098, 1099, 1102,
    1103, 1106, 1107, 1110, 1111, 1114, 1115, 1118, 1119, 1122, 1123, 1126,
    1127, 1130, 1131, 1134, 1135, 1138, 1139, 1142, 1143, 1146, 1147, 1150,
    1151, 1154, 1155, 1158, 1159, 1162, 1163, 1166, 1167, 1170, 1171, 1174,
    1175, 1178, 1179, 1182, 1183, 1186, 1187, 1190, 1191, 1194, 1195, 1198,
    1199, 1202, 1203, 1206, 1207, 1210, 1211, 1214, 1215, 1218, 1219, 1222,
    1223, 1226, 1227, 1230, 1231, 1234, 1235, 1238, 1239, 1242, 1243, 1246,
    1247, 1250, 1251, 1254, 1255, 1258, 1259, 1262, 1263, 1266, 1267, 1270,
    1271, 1274, 1275, 1278, 1279, 1282, 1283, 1286, 1287, 1290, 1291, 1294,
    1295, 1298, 1299, 1302, 1303, 1306, 1307, 1310, 1311, 1314, 1315, 1318,
    1319, 1322, 1323, 1326, 1327, 1330, 1331, 1334, 1335, 1338, 1339, 1342,
    1343, 1346, 1347, 1350, 1351, 1354, 1355, 1358, 1359, 1362, 1363, 1366,
    1367, 1370, 1371, 1374, 1375, 1378, 1379, 1382, 1383, 1386, 1387, 1390,
    1391, 1394, 1395
[1] 0, 1, 4, 5, 8, 9, 12, 13, 16, 17, 20, 21, 24, 25, 28, 29, 32, 33, 36, 37,
    40, 41, 44, 45, 48, 49, 52, 53, 56, 57, 60, 61, 64, 65, 68, 69, 72, 73,
    77, 80, 81, 84, 85, 88, 89, 92, 93, 96, 97, 100, 101, 104, 105, 108, 109,
    112, 113, 116, 117, 120, 121, 125, 128, 129, 132, 133, 136, 137, 140, 141,
    144, 145, 148, 149, 152, 153, 156, 157, 160, 161, 164, 165, 168, 169, 172,
    173, 176, 177, 180, 181, 184, 185, 188, 189, 192, 193, 196, 197, 200, 201,
    204, 205, 208, 209, 212, 213, 216, 217, 220, 221, 224, 225, 228, 229, 232,
    233, 236, 237, 240, 241, 244, 245, 248, 249, 252, 253, 256, 257, 260, 261,
    265, 268, 269, 272, 273, 276, 277, 280, 281, 284, 285, 288, 289, 292, 293,
    296, 297, 300, 301, 304, 305, 308, 309, 312, 313, 316, 317, 320, 321, 324,
    325, 328, 329, 332, 333, 336, 337, 340, 341, 344, 345, 348, 349, 352, 353,
    356, 357, 360, 361, 364, 365, 369, 372, 373, 376, 377, 380, 381, 384, 385,
    388, 389, 392, 393, 396, 397, 400, 401, 404, 405, 408, 409, 412, 413, 416,
    417, 420, 421, 424, 425, 428, 429, 432, 433, 436, 437, 440, 441, 444, 445,
    448, 449, 452, 453, 456, 457, 461, 464, 465, 468, 469, 472, 473, 476, 477,
    480, 481, 484, 485, 488, 489, 492, 493, 496, 497, 500, 501, 504, 505, 508,
    509, 512, 513, 516, 517, 520, 521, 524, 525, 528, 529, 532, 533, 536, 537,
    540, 541, 544, 545, 548, 549, 552, 553, 556, 557, 560, 561, 564, 565, 568,
    569, 572, 573, 576, 577, 580, 581, 584, 585, 588, 589, 592, 593, 596, 597,
    600, 601, 604, 605, 608, 609, 612, 613, 616, 617, 620, 621, 624, 625, 628,
    629, 632, 633, 636, 637, 640, 641, 644, 645, 648, 649, 652, 653, 656, 657,
    660, 661, 664, 665, 668, 669, 672, 673, 676, 677, 680, 681, 684, 685, 688,
    689, 692, 693, 697, 700, 701, 704, 705, 708, 709, 712, 713, 716, 717, 720,
    721, 724, 725, 728, 729, 732, 733, 736, 737, 740, 741, 744, 745, 748, 749,
    752, 753, 756, 757, 760, 761, 764, 765, 768, 769, 772, 773, 776, 777, 780,
    781, 784, 785, 788, 789, 792, 793, 796, 797, 800, 801, 804, 805, 808, 809,
    812, 813, 816, 817, 820, 821, 824, 825, 828, 829, 832, 833, 836, 837, 840,
    841, 844, 845, 848, 849, 852, 853, 856, 857, 860, 861, 864, 865, 868, 869,
    872, 873, 876, 877, 880, 881, 884, 885, 888, 889, 892, 893, 896, 897, 900,
    901, 904, 905, 908, 909, 913, 916, 917, 920, 921, 924, 925, 928, 929, 932,
    933, 936, 937, 940, 941, 944, 945, 948, 949, 952, 953, 956, 957, 960, 961,
    964, 965, 968, 969, 972, 973, 976, 977, 980, 981, 984, 985, 988, 989, 992,
    993, 996, 997, 1000, 1001, 1004, 1005, 1008, 1009, 1012, 1013, 1016, 1017,
    1020, 1021, 1024, 1025, 1028, 1029, 1032, 1033, 1036, 1037, 1040, 1041,
    1044, 1045, 1048, 1049, 1052, 1053, 1056, 1057, 1060, 1061, 1064, 1065,
    1069, 1072, 1073, 1076, 1077, 1080, 1081, 1084, 1085, 1088, 1089, 1092,
    1093, 1096, 1097, 1100, 1101, 1104, 1105, 1108, 1109, 1112, 1113, 1116,
    1117, 1120, 1121, 1124, 1125, 1128, 1129, 1132, 1133, 1136, 1137, 1140,
    1141, 1144, 1145, 1148, 1149, 1152, 1153, 1156, 1157, 1160, 1161, 1164,
    1165, 1168, 1169, 1172, 1173, 1176, 1177, 1180, 1181, 1184, 1185, 1188,
    1189, 1192, 1193, 1196, 1197, 1200, 1201, 1204, 1205, 1208, 1209, 1212,
    1213, 1216, 1217, 1220, 1221, 1224, 1225, 1228, 1229, 1232, 1233, 1236,
    1237, 1240, 1241, 1244, 1245, 1248, 1249, 1252, 1253, 1256, 1257, 1260,
    1261, 1264, 1265, 1268, 1269, 1272, 1273, 1276, 1277, 1280, 1281, 1284,
    1285, 1288, 1289, 1292, 1293, 1296, 1297, 1300, 1301, 1304, 1305, 1308,
    1309, 1312, 1313, 1316, 1317, 1320, 1321, 1324, 1325, 1328, 1329, 1332,
    1333, 1336, 1337, 1340, 1341, 1344, 1345, 1349, 1353, 1356, 1357, 1360,
    1361, 1364, 1365, 1368, 1369, 1372, 1373, 1376, 1377, 1380, 1381, 1384,
    1385, 1388, 1389, 1392, 1393
[2] 76, 124, 264, 368, 460, 696, 912, 1068, 1348, 1352

Reassigned labels

Runtime: 1.6993098258972168

Performance split_log:

IM without threshold:
Map:
{"O_0": "O", "O_1": "O", "O_2": "O"}
token_fitness
{"perc_fit_traces": 0.0, "average_trace_fitness": 0.7936993905424875, "log_fitness": 0.8041327979629811, "percentage_of_fitting_traces": 0.0}
precision
0.6274929805771847
0.6969696969696969
generalization
0.6614012979395455

Adjusted Rand Index:
0.4960978707478945



Parameters of this run:

Window size: 5
Threshold for edges: 1
Split candidates: O
Max number of traces: 5000000
Method for distance calculation: Distance.SET_DISTANCE
Method for finding clusters: ClusteringMethod.COMMUNITY_DETECTION
Original log location: ./data/noImprInLoop_default_OD\feb16-1625\logs\I_1_LogD_Sequence_feb16-1625.xes.gz
Use frequency: True

Found communities: 

Clustering with 1396 elements and 31 clusters
[ 0] 3, 7, 19, 27, 31, 35, 43, 47, 51, 55, 63, 67, 83, 87, 103, 123, 131, 135,
     155, 163, 167, 179, 195, 199, 219, 223, 231, 235, 243, 251, 259, 263,
     275, 283, 287, 291, 303, 307, 311, 323, 327, 335, 339, 347, 351, 375,
     379, 383, 391, 399, 403, 411, 415, 419, 423, 427, 439, 443, 447, 451,
     455, 459, 467, 475, 479, 499, 503, 515, 523, 531, 535, 551, 575, 579,
     583, 591, 595, 623, 627, 631, 635, 655, 659, 667, 675, 683, 691, 695,
     711, 719, 727, 739, 751, 775, 787, 791, 799, 803, 807, 823, 843, 847,
     851, 859, 863, 867, 871, 879, 883, 887, 895, 899, 907, 919, 923, 927,
     939, 955, 959, 967, 971, 979, 995, 1011, 1015, 1031, 1035, 1039, 1043,
     1059, 1067, 1079, 1083, 1091, 1115, 1127, 1139, 1147, 1151, 1167, 1171,
     1175, 1179, 1187, 1195, 1203, 1207, 1211, 1219, 1223, 1231, 1235, 1239,
     1255, 1259, 1263, 1271, 1275, 1283, 1295, 1299, 1303, 1307, 1315, 1319,
     1331, 1339, 1363, 1371, 1383, 1387, 1391
[ 1] 26, 34, 38, 42, 54, 66, 74, 82, 90, 102, 110, 130, 154, 162, 166, 174,
     182, 186, 194, 198, 206, 218, 230, 234, 242, 262, 274, 282, 286, 290,
     294, 298, 318, 338, 342, 366, 374, 378, 382, 398, 402, 410, 414, 422,
     426, 438, 442, 450, 466, 474, 478, 498, 502, 514, 518, 522, 534, 550,
     574, 578, 582, 594, 618, 622, 626, 630, 634, 642, 646, 658, 662, 674,
     678, 690, 710, 714, 726, 746, 754, 762, 766, 782, 786, 794, 802, 822,
     826, 838, 842, 846, 862, 866, 870, 882, 890, 906, 910, 918, 946, 954,
     970, 982, 998, 1010, 1030, 1034, 1038, 1042, 1066, 1074, 1078, 1082,
     1086, 1126, 1130, 1138, 1142, 1146, 1150, 1166, 1174, 1178, 1190, 1198,
     1210, 1218, 1222, 1234, 1238, 1246, 1258, 1262, 1274, 1282, 1286, 1298,
     1302, 1306, 1314, 1318, 1330, 1338, 1346, 1362, 1370, 1382, 1386, 1390
[ 2] 11, 39, 59, 75, 91, 99, 107, 111, 115, 119, 147, 159, 175, 183, 187, 207,
     211, 215, 227, 239, 247, 255, 279, 295, 299, 319, 343, 355, 363, 367,
     387, 431, 435, 487, 491, 495, 507, 519, 539, 543, 555, 567, 571, 587,
     599, 615, 619, 639, 643, 647, 651, 663, 679, 703, 707, 715, 723, 731,
     743, 747, 755, 759, 763, 767, 779, 783, 795, 811, 827, 835, 839, 855,
     875, 891, 903, 911, 931, 947, 951, 963, 983, 987, 991, 999, 1003, 1007,
     1023, 1027, 1047, 1051, 1055, 1063, 1075, 1087, 1099, 1103, 1107, 1111,
     1119, 1131, 1143, 1163, 1191, 1199, 1215, 1227, 1243, 1247, 1251, 1267,
     1287, 1311, 1323, 1335, 1343, 1347, 1359, 1367, 1375, 1395
[ 3] 1, 13, 17, 21, 29, 37, 41, 45, 49, 53, 81, 85, 89, 101, 121, 133, 153,
     161, 177, 185, 221, 249, 289, 313, 321, 333, 357, 381, 421, 425, 441,
     453, 465, 473, 477, 513, 521, 525, 561, 573, 577, 589, 601, 621, 629,
     645, 661, 673, 681, 709, 749, 761, 769, 773, 793, 797, 817, 841, 845,
     849, 857, 861, 865, 877, 893, 925, 957, 969, 977, 981, 997, 1013, 1041,
     1085, 1089, 1093, 1113, 1125, 1129, 1141, 1145, 1149, 1157, 1169, 1173,
     1193, 1197, 1205, 1229, 1257, 1269, 1273, 1301, 1317, 1377
[ 4] 2, 6, 14, 18, 22, 30, 46, 50, 62, 86, 94, 122, 134, 150, 170, 178, 222,
     250, 258, 270, 302, 306, 310, 314, 322, 326, 330, 334, 346, 350, 358,
     390, 406, 418, 446, 454, 458, 526, 530, 558, 562, 590, 602, 610, 654,
     666, 670, 682, 694, 718, 738, 750, 770, 774, 790, 798, 806, 814, 818,
     850, 858, 878, 886, 894, 898, 922, 926, 938, 958, 966, 978, 994, 1014,
     1058, 1090, 1094, 1114, 1154, 1158, 1170, 1182, 1186, 1194, 1202, 1206,
     1230, 1254, 1270, 1278, 1294, 1326, 1378
[ 5] 25, 65, 73, 97, 129, 181, 197, 213, 229, 233, 237, 241, 253, 261, 273,
     285, 297, 317, 337, 341, 365, 373, 401, 409, 413, 433, 437, 449, 505,
     517, 533, 613, 617, 633, 637, 641, 657, 689, 753, 757, 781, 821, 825,
     869, 905, 917, 945, 1029, 1037, 1053, 1073, 1077, 1081, 1117, 1161, 1165,
     1177, 1209, 1213, 1221, 1233, 1237, 1241, 1245, 1261, 1285, 1305, 1309,
     1321, 1357, 1361, 1369, 1381
[ 6] 24, 96, 128, 212, 228, 236, 252, 260, 272, 284, 296, 316, 352, 364, 400,
     408, 428, 432, 436, 448, 492, 516, 532, 612, 616, 632, 636, 640, 656,
     700, 728, 740, 752, 756, 820, 824, 832, 868, 904, 928, 1036, 1072, 1080,
     1096, 1160, 1164, 1176, 1220, 1232, 1236, 1244, 1260, 1284, 1304, 1308,
     1320, 1332, 1360, 1380
[ 7] 15, 23, 71, 79, 95, 127, 139, 143, 151, 171, 191, 203, 267, 271, 315,
     331, 359, 371, 395, 407, 463, 471, 483, 511, 527, 547, 559, 563, 603,
     607, 611, 671, 687, 699, 735, 771, 815, 819, 831, 915, 935, 943, 975,
     1019, 1071, 1095, 1123, 1135, 1155, 1159, 1183, 1279, 1291, 1327, 1351,
     1355, 1379
[ 8] 16, 64, 72, 176, 180, 184, 196, 232, 240, 248, 312, 332, 336, 340, 372,
     412, 440, 464, 504, 520, 524, 576, 588, 620, 680, 688, 708, 748, 760,
     772, 780, 792, 860, 876, 916, 944, 976, 1028, 1052, 1076, 1088, 1116,
     1172, 1204, 1208, 1212, 1240, 1256, 1300, 1316, 1356, 1368
[ 9] 33, 109, 165, 173, 193, 205, 217, 277, 281, 293, 377, 397, 485, 497, 501,
     549, 581, 585, 593, 597, 625, 649, 677, 713, 725, 745, 765, 785, 801,
     837, 881, 889, 909, 949, 953, 1005, 1009, 1033, 1049, 1065, 1137, 1189,
     1217, 1265, 1281, 1297, 1313, 1329, 1337, 1345, 1385, 1389
[10] 58, 98, 114, 118, 146, 158, 210, 214, 238, 254, 354, 430, 434, 494, 506,
     538, 542, 566, 570, 614, 638, 702, 730, 742, 758, 778, 834, 874, 902,
     930, 962, 986, 990, 1002, 1022, 1026, 1054, 1098, 1110, 1118, 1162, 1214,
     1242, 1250, 1310, 1322, 1334, 1358, 1366, 1374
[11] 32, 108, 172, 192, 204, 216, 276, 280, 360, 376, 384, 396, 496, 500, 552,
     580, 584, 592, 596, 624, 648, 676, 744, 764, 784, 800, 852, 888, 908,
     948, 952, 1032, 1064, 1104, 1188, 1264, 1296, 1340, 1344, 1384, 1388
[12] 28, 44, 48, 80, 152, 164, 288, 292, 380, 420, 476, 484, 548, 560, 600,
     660, 712, 724, 836, 844, 848, 880, 956, 1004, 1008, 1048, 1136, 1144,
     1148, 1192, 1216, 1280, 1312, 1328, 1336
[13] 5, 61, 69, 141, 169, 269, 309, 325, 329, 417, 445, 609, 653, 665, 685,
     693, 717, 733, 789, 805, 813, 897, 921, 937, 993, 1017, 1057, 1121, 1153,
     1181, 1185, 1253, 1277
[14] 57, 113, 117, 145, 157, 209, 353, 429, 493, 537, 541, 565, 569, 701, 729,
     741, 777, 833, 873, 901, 929, 961, 985, 989, 1001, 1021, 1025, 1097,
     1109, 1249, 1333, 1365, 1373
[15] 10, 106, 226, 246, 278, 362, 386, 486, 490, 554, 586, 598, 650, 706, 722,
     810, 854, 950, 1006, 1046, 1050, 1062, 1102, 1106, 1226, 1266, 1342, 1394
[16] 93, 149, 189, 257, 301, 305, 345, 349, 389, 405, 457, 469, 481, 509, 529,
     545, 557, 669, 737, 885, 933, 941, 965, 973, 1201, 1293, 1325
[17] 320, 416, 572, 608, 672, 732, 768, 788, 796, 804, 856, 892, 896, 920,
     936, 980, 992, 996, 1040, 1092, 1124, 1140, 1152, 1180, 1196, 1268, 1276
[18] 148, 188, 220, 256, 344, 348, 356, 452, 472, 556, 628, 644, 668, 864,
     924, 940, 964, 968, 1012, 1112, 1128, 1156, 1168, 1200, 1272, 1292, 1376
[19] 4, 60, 68, 136, 140, 168, 200, 268, 308, 324, 328, 444, 604, 652, 664,
     684, 692, 716, 812, 1016, 1056, 1120, 1184, 1252, 1288
[20] 56, 112, 116, 144, 156, 208, 536, 540, 564, 568, 776, 872, 900, 960, 984,
     988, 1000, 1020, 1024, 1108, 1248, 1364, 1372
[21] 9, 105, 225, 245, 361, 385, 489, 553, 705, 721, 809, 853, 1045, 1061,
     1101, 1105, 1225, 1341, 1393
[22] 92, 300, 304, 388, 392, 404, 456, 468, 480, 508, 528, 544, 736, 828, 884,
     932, 972, 1132, 1324
[23] 0, 12, 20, 36, 40, 52, 84, 88, 100, 120, 132, 160, 424, 512, 816, 840,
     1084, 1228
[24] 70, 126, 138, 142, 202, 266, 606, 686, 698, 734, 914, 1018, 1070, 1122,
     1290, 1350, 1354
[25] 78, 190, 370, 394, 462, 470, 482, 510, 546, 830, 934, 942, 974, 1134
[26] 8, 104, 224, 244, 488, 704, 720, 808, 1044, 1060, 1100, 1224, 1392
[27] 125, 137, 201, 265, 605, 697, 913, 1069, 1289, 1349, 1353
[28] 124, 264, 696, 912, 1068, 1348, 1352
[29] 77, 369, 393, 461, 829, 1133
[30] 76, 368, 460

Reassigned labels

Runtime: 1.4149858951568604

Performance split_log:

IM without threshold:
Map:
{"O_0": "O", "O_1": "O", "O_2": "O", "O_3": "O", "O_4": "O", "O_5": "O", "O_6": "O", "O_7": "O", "O_8": "O", "O_9": "O", "O_10": "O", "O_11": "O", "O_12": "O", "O_13": "O", "O_14": "O", "O_15": "O", "O_16": "O", "O_17": "O", "O_18": "O", "O_19": "O", "O_20": "O", "O_21": "O", "O_22": "O", "O_23": "O", "O_24": "O", "O_25": "O", "O_26": "O", "O_27": "O", "O_28": "O", "O_29": "O", "O_30": "O"}
token_fitness
{"perc_fit_traces": 100.0, "average_trace_fitness": 1.0, "log_fitness": 1.0, "percentage_of_fitting_traces": 100.0}
precision
0.6478780748077817
0.6923076923076922
generalization
0.9573276775621496

Adjusted Rand Index:
7.396184906170455e-17



Parameters of this run:

Window size: 5
Threshold for edges: 0
Split candidates: O
Max number of traces: 5000000
Method for distance calculation: Distance.MULTISET_DISTANCE
Method for finding clusters: ClusteringMethod.COMMUNITY_DETECTION
Original log location: ./data/noImprInLoop_default_OD\feb16-1625\logs\I_1_LogD_Sequence_feb16-1625.xes.gz
Use frequency: True

Found communities: 

Clustering with 1396 elements and 2 clusters
[0] 2, 3, 6, 7, 10, 11, 14, 15, 18, 19, 22, 23, 26, 27, 30, 31, 34, 35, 38,
    39, 42, 43, 46, 47, 50, 51, 54, 55, 58, 59, 62, 63, 66, 67, 70, 71, 74,
    75, 78, 79, 82, 83, 86, 87, 90, 91, 94, 95, 98, 99, 102, 103, 106, 107,
    110, 111, 114, 115, 118, 119, 122, 123, 126, 127, 130, 131, 134, 135, 138,
    139, 142, 143, 146, 147, 150, 151, 154, 155, 158, 159, 162, 163, 166, 167,
    170, 171, 174, 175, 178, 179, 182, 183, 186, 187, 190, 191, 194, 195, 198,
    199, 202, 203, 206, 207, 210, 211, 214, 215, 218, 219, 222, 223, 226, 227,
    230, 231, 234, 235, 238, 239, 242, 243, 246, 247, 250, 251, 254, 255, 258,
    259, 262, 263, 266, 267, 270, 271, 274, 275, 278, 279, 282, 283, 286, 287,
    290, 291, 294, 295, 298, 299, 302, 303, 306, 307, 310, 311, 314, 315, 318,
    319, 322, 323, 326, 327, 330, 331, 334, 335, 338, 339, 342, 343, 346, 347,
    350, 351, 354, 355, 358, 359, 362, 363, 366, 367, 370, 371, 374, 375, 378,
    379, 382, 383, 386, 387, 390, 391, 394, 395, 398, 399, 402, 403, 406, 407,
    410, 411, 414, 415, 418, 419, 422, 423, 426, 427, 430, 431, 434, 435, 438,
    439, 442, 443, 446, 447, 450, 451, 454, 455, 458, 459, 462, 463, 466, 467,
    470, 471, 474, 475, 478, 479, 482, 483, 486, 487, 490, 491, 494, 495, 498,
    499, 502, 503, 506, 507, 510, 511, 514, 515, 518, 519, 522, 523, 526, 527,
    530, 531, 534, 535, 538, 539, 542, 543, 546, 547, 550, 551, 554, 555, 558,
    559, 562, 563, 566, 567, 570, 571, 574, 575, 578, 579, 582, 583, 586, 587,
    590, 591, 594, 595, 598, 599, 602, 603, 606, 607, 610, 611, 614, 615, 618,
    619, 622, 623, 626, 627, 630, 631, 634, 635, 638, 639, 642, 643, 646, 647,
    650, 651, 654, 655, 658, 659, 662, 663, 666, 667, 670, 671, 674, 675, 678,
    679, 682, 683, 686, 687, 690, 691, 694, 695, 698, 699, 702, 703, 706, 707,
    710, 711, 714, 715, 718, 719, 722, 723, 726, 727, 730, 731, 734, 735, 738,
    739, 742, 743, 746, 747, 750, 751, 754, 755, 758, 759, 762, 763, 766, 767,
    770, 771, 774, 775, 778, 779, 782, 783, 786, 787, 790, 791, 794, 795, 798,
    799, 802, 803, 806, 807, 810, 811, 814, 815, 818, 819, 822, 823, 826, 827,
    830, 831, 834, 835, 838, 839, 842, 843, 846, 847, 850, 851, 854, 855, 858,
    859, 862, 863, 866, 867, 870, 871, 874, 875, 878, 879, 882, 883, 886, 887,
    890, 891, 894, 895, 898, 899, 902, 903, 906, 907, 910, 911, 914, 915, 918,
    919, 922, 923, 926, 927, 930, 931, 934, 935, 938, 939, 942, 943, 946, 947,
    950, 951, 954, 955, 958, 959, 962, 963, 966, 967, 970, 971, 974, 975, 978,
    979, 982, 983, 986, 987, 990, 991, 994, 995, 998, 999, 1002, 1003, 1006,
    1007, 1010, 1011, 1014, 1015, 1018, 1019, 1022, 1023, 1026, 1027, 1030,
    1031, 1034, 1035, 1038, 1039, 1042, 1043, 1046, 1047, 1050, 1051, 1054,
    1055, 1058, 1059, 1062, 1063, 1066, 1067, 1070, 1071, 1074, 1075, 1078,
    1079, 1082, 1083, 1086, 1087, 1090, 1091, 1094, 1095, 1098, 1099, 1102,
    1103, 1106, 1107, 1110, 1111, 1114, 1115, 1118, 1119, 1122, 1123, 1126,
    1127, 1130, 1131, 1134, 1135, 1138, 1139, 1142, 1143, 1146, 1147, 1150,
    1151, 1154, 1155, 1158, 1159, 1162, 1163, 1166, 1167, 1170, 1171, 1174,
    1175, 1178, 1179, 1182, 1183, 1186, 1187, 1190, 1191, 1194, 1195, 1198,
    1199, 1202, 1203, 1206, 1207, 1210, 1211, 1214, 1215, 1218, 1219, 1222,
    1223, 1226, 1227, 1230, 1231, 1234, 1235, 1238, 1239, 1242, 1243, 1246,
    1247, 1250, 1251, 1254, 1255, 1258, 1259, 1262, 1263, 1266, 1267, 1270,
    1271, 1274, 1275, 1278, 1279, 1282, 1283, 1286, 1287, 1290, 1291, 1294,
    1295, 1298, 1299, 1302, 1303, 1306, 1307, 1310, 1311, 1314, 1315, 1318,
    1319, 1322, 1323, 1326, 1327, 1330, 1331, 1334, 1335, 1338, 1339, 1342,
    1343, 1346, 1347, 1350, 1351, 1354, 1355, 1358, 1359, 1362, 1363, 1366,
    1367, 1370, 1371, 1374, 1375, 1378, 1379, 1382, 1383, 1386, 1387, 1390,
    1391, 1394, 1395
[1] 0, 1, 4, 5, 8, 9, 12, 13, 16, 17, 20, 21, 24, 25, 28, 29, 32, 33, 36, 37,
    40, 41, 44, 45, 48, 49, 52, 53, 56, 57, 60, 61, 64, 65, 68, 69, 72, 73,
    76, 77, 80, 81, 84, 85, 88, 89, 92, 93, 96, 97, 100, 101, 104, 105, 108,
    109, 112, 113, 116, 117, 120, 121, 124, 125, 128, 129, 132, 133, 136, 137,
    140, 141, 144, 145, 148, 149, 152, 153, 156, 157, 160, 161, 164, 165, 168,
    169, 172, 173, 176, 177, 180, 181, 184, 185, 188, 189, 192, 193, 196, 197,
    200, 201, 204, 205, 208, 209, 212, 213, 216, 217, 220, 221, 224, 225, 228,
    229, 232, 233, 236, 237, 240, 241, 244, 245, 248, 249, 252, 253, 256, 257,
    260, 261, 264, 265, 268, 269, 272, 273, 276, 277, 280, 281, 284, 285, 288,
    289, 292, 293, 296, 297, 300, 301, 304, 305, 308, 309, 312, 313, 316, 317,
    320, 321, 324, 325, 328, 329, 332, 333, 336, 337, 340, 341, 344, 345, 348,
    349, 352, 353, 356, 357, 360, 361, 364, 365, 368, 369, 372, 373, 376, 377,
    380, 381, 384, 385, 388, 389, 392, 393, 396, 397, 400, 401, 404, 405, 408,
    409, 412, 413, 416, 417, 420, 421, 424, 425, 428, 429, 432, 433, 436, 437,
    440, 441, 444, 445, 448, 449, 452, 453, 456, 457, 460, 461, 464, 465, 468,
    469, 472, 473, 476, 477, 480, 481, 484, 485, 488, 489, 492, 493, 496, 497,
    500, 501, 504, 505, 508, 509, 512, 513, 516, 517, 520, 521, 524, 525, 528,
    529, 532, 533, 536, 537, 540, 541, 544, 545, 548, 549, 552, 553, 556, 557,
    560, 561, 564, 565, 568, 569, 572, 573, 576, 577, 580, 581, 584, 585, 588,
    589, 592, 593, 596, 597, 600, 601, 604, 605, 608, 609, 612, 613, 616, 617,
    620, 621, 624, 625, 628, 629, 632, 633, 636, 637, 640, 641, 644, 645, 648,
    649, 652, 653, 656, 657, 660, 661, 664, 665, 668, 669, 672, 673, 676, 677,
    680, 681, 684, 685, 688, 689, 692, 693, 696, 697, 700, 701, 704, 705, 708,
    709, 712, 713, 716, 717, 720, 721, 724, 725, 728, 729, 732, 733, 736, 737,
    740, 741, 744, 745, 748, 749, 752, 753, 756, 757, 760, 761, 764, 765, 768,
    769, 772, 773, 776, 777, 780, 781, 784, 785, 788, 789, 792, 793, 796, 797,
    800, 801, 804, 805, 808, 809, 812, 813, 816, 817, 820, 821, 824, 825, 828,
    829, 832, 833, 836, 837, 840, 841, 844, 845, 848, 849, 852, 853, 856, 857,
    860, 861, 864, 865, 868, 869, 872, 873, 876, 877, 880, 881, 884, 885, 888,
    889, 892, 893, 896, 897, 900, 901, 904, 905, 908, 909, 912, 913, 916, 917,
    920, 921, 924, 925, 928, 929, 932, 933, 936, 937, 940, 941, 944, 945, 948,
    949, 952, 953, 956, 957, 960, 961, 964, 965, 968, 969, 972, 973, 976, 977,
    980, 981, 984, 985, 988, 989, 992, 993, 996, 997, 1000, 1001, 1004, 1005,
    1008, 1009, 1012, 1013, 1016, 1017, 1020, 1021, 1024, 1025, 1028, 1029,
    1032, 1033, 1036, 1037, 1040, 1041, 1044, 1045, 1048, 1049, 1052, 1053,
    1056, 1057, 1060, 1061, 1064, 1065, 1068, 1069, 1072, 1073, 1076, 1077,
    1080, 1081, 1084, 1085, 1088, 1089, 1092, 1093, 1096, 1097, 1100, 1101,
    1104, 1105, 1108, 1109, 1112, 1113, 1116, 1117, 1120, 1121, 1124, 1125,
    1128, 1129, 1132, 1133, 1136, 1137, 1140, 1141, 1144, 1145, 1148, 1149,
    1152, 1153, 1156, 1157, 1160, 1161, 1164, 1165, 1168, 1169, 1172, 1173,
    1176, 1177, 1180, 1181, 1184, 1185, 1188, 1189, 1192, 1193, 1196, 1197,
    1200, 1201, 1204, 1205, 1208, 1209, 1212, 1213, 1216, 1217, 1220, 1221,
    1224, 1225, 1228, 1229, 1232, 1233, 1236, 1237, 1240, 1241, 1244, 1245,
    1248, 1249, 1252, 1253, 1256, 1257, 1260, 1261, 1264, 1265, 1268, 1269,
    1272, 1273, 1276, 1277, 1280, 1281, 1284, 1285, 1288, 1289, 1292, 1293,
    1296, 1297, 1300, 1301, 1304, 1305, 1308, 1309, 1312, 1313, 1316, 1317,
    1320, 1321, 1324, 1325, 1328, 1329, 1332, 1333, 1336, 1337, 1340, 1341,
    1344, 1345, 1348, 1349, 1352, 1353, 1356, 1357, 1360, 1361, 1364, 1365,
    1368, 1369, 1372, 1373, 1376, 1377, 1380, 1381, 1384, 1385, 1388, 1389,
    1392, 1393

Reassigned labels

Runtime: 2.0053458213806152

Performance split_log:

IM without threshold:
Map:
{"O_0": "O", "O_1": "O"}
token_fitness
{"perc_fit_traces": 0.0, "average_trace_fitness": 0.9555623088960822, "log_fitness": 0.9573050977713261, "percentage_of_fitting_traces": 0.0}
precision
0.6478780748077817
0.6949152542372882
generalization
0.7903554925149859

Adjusted Rand Index:
0.49946178686759957



Parameters of this run:

Window size: 5
Threshold for edges: 0.25
Split candidates: O
Max number of traces: 5000000
Method for distance calculation: Distance.MULTISET_DISTANCE
Method for finding clusters: ClusteringMethod.COMMUNITY_DETECTION
Original log location: ./data/noImprInLoop_default_OD\feb16-1625\logs\I_1_LogD_Sequence_feb16-1625.xes.gz
Use frequency: True

Found communities: 

Clustering with 1396 elements and 2 clusters
[0] 2, 3, 6, 7, 10, 11, 14, 15, 18, 19, 22, 23, 26, 27, 30, 31, 34, 35, 38,
    39, 42, 43, 46, 47, 50, 51, 54, 55, 58, 59, 62, 63, 66, 67, 70, 71, 74,
    75, 78, 79, 82, 83, 86, 87, 90, 91, 94, 95, 98, 99, 102, 103, 106, 107,
    110, 111, 114, 115, 118, 119, 122, 123, 126, 127, 130, 131, 134, 135, 138,
    139, 142, 143, 146, 147, 150, 151, 154, 155, 158, 159, 162, 163, 166, 167,
    170, 171, 174, 175, 178, 179, 182, 183, 186, 187, 190, 191, 194, 195, 198,
    199, 202, 203, 206, 207, 210, 211, 214, 215, 218, 219, 222, 223, 226, 227,
    230, 231, 234, 235, 238, 239, 242, 243, 246, 247, 250, 251, 254, 255, 258,
    259, 262, 263, 266, 267, 270, 271, 274, 275, 278, 279, 282, 283, 286, 287,
    290, 291, 294, 295, 298, 299, 302, 303, 306, 307, 310, 311, 314, 315, 318,
    319, 322, 323, 326, 327, 330, 331, 334, 335, 338, 339, 342, 343, 346, 347,
    350, 351, 354, 355, 358, 359, 362, 363, 366, 367, 370, 371, 374, 375, 378,
    379, 382, 383, 386, 387, 390, 391, 394, 395, 398, 399, 402, 403, 406, 407,
    410, 411, 414, 415, 418, 419, 422, 423, 426, 427, 430, 431, 434, 435, 438,
    439, 442, 443, 446, 447, 450, 451, 454, 455, 458, 459, 462, 463, 466, 467,
    470, 471, 474, 475, 478, 479, 482, 483, 486, 487, 490, 491, 494, 495, 498,
    499, 502, 503, 506, 507, 510, 511, 514, 515, 518, 519, 522, 523, 526, 527,
    530, 531, 534, 535, 538, 539, 542, 543, 546, 547, 550, 551, 554, 555, 558,
    559, 562, 563, 566, 567, 570, 571, 574, 575, 578, 579, 582, 583, 586, 587,
    590, 591, 594, 595, 598, 599, 602, 603, 606, 607, 610, 611, 614, 615, 618,
    619, 622, 623, 626, 627, 630, 631, 634, 635, 638, 639, 642, 643, 646, 647,
    650, 651, 654, 655, 658, 659, 662, 663, 666, 667, 670, 671, 674, 675, 678,
    679, 682, 683, 686, 687, 690, 691, 694, 695, 698, 699, 702, 703, 706, 707,
    710, 711, 714, 715, 718, 719, 722, 723, 726, 727, 730, 731, 734, 735, 738,
    739, 742, 743, 746, 747, 750, 751, 754, 755, 758, 759, 762, 763, 766, 767,
    770, 771, 774, 775, 778, 779, 782, 783, 786, 787, 790, 791, 794, 795, 798,
    799, 802, 803, 806, 807, 810, 811, 814, 815, 818, 819, 822, 823, 826, 827,
    830, 831, 834, 835, 838, 839, 842, 843, 846, 847, 850, 851, 854, 855, 858,
    859, 862, 863, 866, 867, 870, 871, 874, 875, 878, 879, 882, 883, 886, 887,
    890, 891, 894, 895, 898, 899, 902, 903, 906, 907, 910, 911, 914, 915, 918,
    919, 922, 923, 926, 927, 930, 931, 934, 935, 938, 939, 942, 943, 946, 947,
    950, 951, 954, 955, 958, 959, 962, 963, 966, 967, 970, 971, 974, 975, 978,
    979, 982, 983, 986, 987, 990, 991, 994, 995, 998, 999, 1002, 1003, 1006,
    1007, 1010, 1011, 1014, 1015, 1018, 1019, 1022, 1023, 1026, 1027, 1030,
    1031, 1034, 1035, 1038, 1039, 1042, 1043, 1046, 1047, 1050, 1051, 1054,
    1055, 1058, 1059, 1062, 1063, 1066, 1067, 1070, 1071, 1074, 1075, 1078,
    1079, 1082, 1083, 1086, 1087, 1090, 1091, 1094, 1095, 1098, 1099, 1102,
    1103, 1106, 1107, 1110, 1111, 1114, 1115, 1118, 1119, 1122, 1123, 1126,
    1127, 1130, 1131, 1134, 1135, 1138, 1139, 1142, 1143, 1146, 1147, 1150,
    1151, 1154, 1155, 1158, 1159, 1162, 1163, 1166, 1167, 1170, 1171, 1174,
    1175, 1178, 1179, 1182, 1183, 1186, 1187, 1190, 1191, 1194, 1195, 1198,
    1199, 1202, 1203, 1206, 1207, 1210, 1211, 1214, 1215, 1218, 1219, 1222,
    1223, 1226, 1227, 1230, 1231, 1234, 1235, 1238, 1239, 1242, 1243, 1246,
    1247, 1250, 1251, 1254, 1255, 1258, 1259, 1262, 1263, 1266, 1267, 1270,
    1271, 1274, 1275, 1278, 1279, 1282, 1283, 1286, 1287, 1290, 1291, 1294,
    1295, 1298, 1299, 1302, 1303, 1306, 1307, 1310, 1311, 1314, 1315, 1318,
    1319, 1322, 1323, 1326, 1327, 1330, 1331, 1334, 1335, 1338, 1339, 1342,
    1343, 1346, 1347, 1350, 1351, 1354, 1355, 1358, 1359, 1362, 1363, 1366,
    1367, 1370, 1371, 1374, 1375, 1378, 1379, 1382, 1383, 1386, 1387, 1390,
    1391, 1394, 1395
[1] 0, 1, 4, 5, 8, 9, 12, 13, 16, 17, 20, 21, 24, 25, 28, 29, 32, 33, 36, 37,
    40, 41, 44, 45, 48, 49, 52, 53, 56, 57, 60, 61, 64, 65, 68, 69, 72, 73,
    76, 77, 80, 81, 84, 85, 88, 89, 92, 93, 96, 97, 100, 101, 104, 105, 108,
    109, 112, 113, 116, 117, 120, 121, 124, 125, 128, 129, 132, 133, 136, 137,
    140, 141, 144, 145, 148, 149, 152, 153, 156, 157, 160, 161, 164, 165, 168,
    169, 172, 173, 176, 177, 180, 181, 184, 185, 188, 189, 192, 193, 196, 197,
    200, 201, 204, 205, 208, 209, 212, 213, 216, 217, 220, 221, 224, 225, 228,
    229, 232, 233, 236, 237, 240, 241, 244, 245, 248, 249, 252, 253, 256, 257,
    260, 261, 264, 265, 268, 269, 272, 273, 276, 277, 280, 281, 284, 285, 288,
    289, 292, 293, 296, 297, 300, 301, 304, 305, 308, 309, 312, 313, 316, 317,
    320, 321, 324, 325, 328, 329, 332, 333, 336, 337, 340, 341, 344, 345, 348,
    349, 352, 353, 356, 357, 360, 361, 364, 365, 368, 369, 372, 373, 376, 377,
    380, 381, 384, 385, 388, 389, 392, 393, 396, 397, 400, 401, 404, 405, 408,
    409, 412, 413, 416, 417, 420, 421, 424, 425, 428, 429, 432, 433, 436, 437,
    440, 441, 444, 445, 448, 449, 452, 453, 456, 457, 460, 461, 464, 465, 468,
    469, 472, 473, 476, 477, 480, 481, 484, 485, 488, 489, 492, 493, 496, 497,
    500, 501, 504, 505, 508, 509, 512, 513, 516, 517, 520, 521, 524, 525, 528,
    529, 532, 533, 536, 537, 540, 541, 544, 545, 548, 549, 552, 553, 556, 557,
    560, 561, 564, 565, 568, 569, 572, 573, 576, 577, 580, 581, 584, 585, 588,
    589, 592, 593, 596, 597, 600, 601, 604, 605, 608, 609, 612, 613, 616, 617,
    620, 621, 624, 625, 628, 629, 632, 633, 636, 637, 640, 641, 644, 645, 648,
    649, 652, 653, 656, 657, 660, 661, 664, 665, 668, 669, 672, 673, 676, 677,
    680, 681, 684, 685, 688, 689, 692, 693, 696, 697, 700, 701, 704, 705, 708,
    709, 712, 713, 716, 717, 720, 721, 724, 725, 728, 729, 732, 733, 736, 737,
    740, 741, 744, 745, 748, 749, 752, 753, 756, 757, 760, 761, 764, 765, 768,
    769, 772, 773, 776, 777, 780, 781, 784, 785, 788, 789, 792, 793, 796, 797,
    800, 801, 804, 805, 808, 809, 812, 813, 816, 817, 820, 821, 824, 825, 828,
    829, 832, 833, 836, 837, 840, 841, 844, 845, 848, 849, 852, 853, 856, 857,
    860, 861, 864, 865, 868, 869, 872, 873, 876, 877, 880, 881, 884, 885, 888,
    889, 892, 893, 896, 897, 900, 901, 904, 905, 908, 909, 912, 913, 916, 917,
    920, 921, 924, 925, 928, 929, 932, 933, 936, 937, 940, 941, 944, 945, 948,
    949, 952, 953, 956, 957, 960, 961, 964, 965, 968, 969, 972, 973, 976, 977,
    980, 981, 984, 985, 988, 989, 992, 993, 996, 997, 1000, 1001, 1004, 1005,
    1008, 1009, 1012, 1013, 1016, 1017, 1020, 1021, 1024, 1025, 1028, 1029,
    1032, 1033, 1036, 1037, 1040, 1041, 1044, 1045, 1048, 1049, 1052, 1053,
    1056, 1057, 1060, 1061, 1064, 1065, 1068, 1069, 1072, 1073, 1076, 1077,
    1080, 1081, 1084, 1085, 1088, 1089, 1092, 1093, 1096, 1097, 1100, 1101,
    1104, 1105, 1108, 1109, 1112, 1113, 1116, 1117, 1120, 1121, 1124, 1125,
    1128, 1129, 1132, 1133, 1136, 1137, 1140, 1141, 1144, 1145, 1148, 1149,
    1152, 1153, 1156, 1157, 1160, 1161, 1164, 1165, 1168, 1169, 1172, 1173,
    1176, 1177, 1180, 1181, 1184, 1185, 1188, 1189, 1192, 1193, 1196, 1197,
    1200, 1201, 1204, 1205, 1208, 1209, 1212, 1213, 1216, 1217, 1220, 1221,
    1224, 1225, 1228, 1229, 1232, 1233, 1236, 1237, 1240, 1241, 1244, 1245,
    1248, 1249, 1252, 1253, 1256, 1257, 1260, 1261, 1264, 1265, 1268, 1269,
    1272, 1273, 1276, 1277, 1280, 1281, 1284, 1285, 1288, 1289, 1292, 1293,
    1296, 1297, 1300, 1301, 1304, 1305, 1308, 1309, 1312, 1313, 1316, 1317,
    1320, 1321, 1324, 1325, 1328, 1329, 1332, 1333, 1336, 1337, 1340, 1341,
    1344, 1345, 1348, 1349, 1352, 1353, 1356, 1357, 1360, 1361, 1364, 1365,
    1368, 1369, 1372, 1373, 1376, 1377, 1380, 1381, 1384, 1385, 1388, 1389,
    1392, 1393

Reassigned labels

Runtime: 2.082481861114502

Performance split_log:

IM without threshold:
Map:
{"O_0": "O", "O_1": "O"}
token_fitness
{"perc_fit_traces": 0.0, "average_trace_fitness": 0.9555623088960822, "log_fitness": 0.9573050977713261, "percentage_of_fitting_traces": 0.0}
precision
0.6478780748077817
0.6949152542372882
generalization
0.7903554925149859

Adjusted Rand Index:
0.49946178686759957



Parameters of this run:

Window size: 5
Threshold for edges: 0.5
Split candidates: O
Max number of traces: 5000000
Method for distance calculation: Distance.MULTISET_DISTANCE
Method for finding clusters: ClusteringMethod.COMMUNITY_DETECTION
Original log location: ./data/noImprInLoop_default_OD\feb16-1625\logs\I_1_LogD_Sequence_feb16-1625.xes.gz
Use frequency: True

Found communities: 

Clustering with 1396 elements and 2 clusters
[0] 2, 3, 6, 7, 10, 11, 14, 15, 18, 19, 22, 23, 26, 27, 30, 31, 34, 35, 38,
    39, 42, 43, 46, 47, 50, 51, 54, 55, 58, 59, 62, 63, 66, 67, 70, 71, 74,
    75, 78, 79, 82, 83, 86, 87, 90, 91, 94, 95, 98, 99, 102, 103, 106, 107,
    110, 111, 114, 115, 118, 119, 122, 123, 126, 127, 130, 131, 134, 135, 138,
    139, 142, 143, 146, 147, 150, 151, 154, 155, 158, 159, 162, 163, 166, 167,
    170, 171, 174, 175, 178, 179, 182, 183, 186, 187, 190, 191, 194, 195, 198,
    199, 202, 203, 206, 207, 210, 211, 214, 215, 218, 219, 222, 223, 226, 227,
    230, 231, 234, 235, 238, 239, 242, 243, 246, 247, 250, 251, 254, 255, 258,
    259, 262, 263, 266, 267, 270, 271, 274, 275, 278, 279, 282, 283, 286, 287,
    290, 291, 294, 295, 298, 299, 302, 303, 306, 307, 310, 311, 314, 315, 318,
    319, 322, 323, 326, 327, 330, 331, 334, 335, 338, 339, 342, 343, 346, 347,
    350, 351, 354, 355, 358, 359, 362, 363, 366, 367, 370, 371, 374, 375, 378,
    379, 382, 383, 386, 387, 390, 391, 394, 395, 398, 399, 402, 403, 406, 407,
    410, 411, 414, 415, 418, 419, 422, 423, 426, 427, 430, 431, 434, 435, 438,
    439, 442, 443, 446, 447, 450, 451, 454, 455, 458, 459, 462, 463, 466, 467,
    470, 471, 474, 475, 478, 479, 482, 483, 486, 487, 490, 491, 494, 495, 498,
    499, 502, 503, 506, 507, 510, 511, 514, 515, 518, 519, 522, 523, 526, 527,
    530, 531, 534, 535, 538, 539, 542, 543, 546, 547, 550, 551, 554, 555, 558,
    559, 562, 563, 566, 567, 570, 571, 574, 575, 578, 579, 582, 583, 586, 587,
    590, 591, 594, 595, 598, 599, 602, 603, 606, 607, 610, 611, 614, 615, 618,
    619, 622, 623, 626, 627, 630, 631, 634, 635, 638, 639, 642, 643, 646, 647,
    650, 651, 654, 655, 658, 659, 662, 663, 666, 667, 670, 671, 674, 675, 678,
    679, 682, 683, 686, 687, 690, 691, 694, 695, 698, 699, 702, 703, 706, 707,
    710, 711, 714, 715, 718, 719, 722, 723, 726, 727, 730, 731, 734, 735, 738,
    739, 742, 743, 746, 747, 750, 751, 754, 755, 758, 759, 762, 763, 766, 767,
    770, 771, 774, 775, 778, 779, 782, 783, 786, 787, 790, 791, 794, 795, 798,
    799, 802, 803, 806, 807, 810, 811, 814, 815, 818, 819, 822, 823, 826, 827,
    830, 831, 834, 835, 838, 839, 842, 843, 846, 847, 850, 851, 854, 855, 858,
    859, 862, 863, 866, 867, 870, 871, 874, 875, 878, 879, 882, 883, 886, 887,
    890, 891, 894, 895, 898, 899, 902, 903, 906, 907, 910, 911, 914, 915, 918,
    919, 922, 923, 926, 927, 930, 931, 934, 935, 938, 939, 942, 943, 946, 947,
    950, 951, 954, 955, 958, 959, 962, 963, 966, 967, 970, 971, 974, 975, 978,
    979, 982, 983, 986, 987, 990, 991, 994, 995, 998, 999, 1002, 1003, 1006,
    1007, 1010, 1011, 1014, 1015, 1018, 1019, 1022, 1023, 1026, 1027, 1030,
    1031, 1034, 1035, 1038, 1039, 1042, 1043, 1046, 1047, 1050, 1051, 1054,
    1055, 1058, 1059, 1062, 1063, 1066, 1067, 1070, 1071, 1074, 1075, 1078,
    1079, 1082, 1083, 1086, 1087, 1090, 1091, 1094, 1095, 1098, 1099, 1102,
    1103, 1106, 1107, 1110, 1111, 1114, 1115, 1118, 1119, 1122, 1123, 1126,
    1127, 1130, 1131, 1134, 1135, 1138, 1139, 1142, 1143, 1146, 1147, 1150,
    1151, 1154, 1155, 1158, 1159, 1162, 1163, 1166, 1167, 1170, 1171, 1174,
    1175, 1178, 1179, 1182, 1183, 1186, 1187, 1190, 1191, 1194, 1195, 1198,
    1199, 1202, 1203, 1206, 1207, 1210, 1211, 1214, 1215, 1218, 1219, 1222,
    1223, 1226, 1227, 1230, 1231, 1234, 1235, 1238, 1239, 1242, 1243, 1246,
    1247, 1250, 1251, 1254, 1255, 1258, 1259, 1262, 1263, 1266, 1267, 1270,
    1271, 1274, 1275, 1278, 1279, 1282, 1283, 1286, 1287, 1290, 1291, 1294,
    1295, 1298, 1299, 1302, 1303, 1306, 1307, 1310, 1311, 1314, 1315, 1318,
    1319, 1322, 1323, 1326, 1327, 1330, 1331, 1334, 1335, 1338, 1339, 1342,
    1343, 1346, 1347, 1350, 1351, 1354, 1355, 1358, 1359, 1362, 1363, 1366,
    1367, 1370, 1371, 1374, 1375, 1378, 1379, 1382, 1383, 1386, 1387, 1390,
    1391, 1394, 1395
[1] 0, 1, 4, 5, 8, 9, 12, 13, 16, 17, 20, 21, 24, 25, 28, 29, 32, 33, 36, 37,
    40, 41, 44, 45, 48, 49, 52, 53, 56, 57, 60, 61, 64, 65, 68, 69, 72, 73,
    76, 77, 80, 81, 84, 85, 88, 89, 92, 93, 96, 97, 100, 101, 104, 105, 108,
    109, 112, 113, 116, 117, 120, 121, 124, 125, 128, 129, 132, 133, 136, 137,
    140, 141, 144, 145, 148, 149, 152, 153, 156, 157, 160, 161, 164, 165, 168,
    169, 172, 173, 176, 177, 180, 181, 184, 185, 188, 189, 192, 193, 196, 197,
    200, 201, 204, 205, 208, 209, 212, 213, 216, 217, 220, 221, 224, 225, 228,
    229, 232, 233, 236, 237, 240, 241, 244, 245, 248, 249, 252, 253, 256, 257,
    260, 261, 264, 265, 268, 269, 272, 273, 276, 277, 280, 281, 284, 285, 288,
    289, 292, 293, 296, 297, 300, 301, 304, 305, 308, 309, 312, 313, 316, 317,
    320, 321, 324, 325, 328, 329, 332, 333, 336, 337, 340, 341, 344, 345, 348,
    349, 352, 353, 356, 357, 360, 361, 364, 365, 368, 369, 372, 373, 376, 377,
    380, 381, 384, 385, 388, 389, 392, 393, 396, 397, 400, 401, 404, 405, 408,
    409, 412, 413, 416, 417, 420, 421, 424, 425, 428, 429, 432, 433, 436, 437,
    440, 441, 444, 445, 448, 449, 452, 453, 456, 457, 460, 461, 464, 465, 468,
    469, 472, 473, 476, 477, 480, 481, 484, 485, 488, 489, 492, 493, 496, 497,
    500, 501, 504, 505, 508, 509, 512, 513, 516, 517, 520, 521, 524, 525, 528,
    529, 532, 533, 536, 537, 540, 541, 544, 545, 548, 549, 552, 553, 556, 557,
    560, 561, 564, 565, 568, 569, 572, 573, 576, 577, 580, 581, 584, 585, 588,
    589, 592, 593, 596, 597, 600, 601, 604, 605, 608, 609, 612, 613, 616, 617,
    620, 621, 624, 625, 628, 629, 632, 633, 636, 637, 640, 641, 644, 645, 648,
    649, 652, 653, 656, 657, 660, 661, 664, 665, 668, 669, 672, 673, 676, 677,
    680, 681, 684, 685, 688, 689, 692, 693, 696, 697, 700, 701, 704, 705, 708,
    709, 712, 713, 716, 717, 720, 721, 724, 725, 728, 729, 732, 733, 736, 737,
    740, 741, 744, 745, 748, 749, 752, 753, 756, 757, 760, 761, 764, 765, 768,
    769, 772, 773, 776, 777, 780, 781, 784, 785, 788, 789, 792, 793, 796, 797,
    800, 801, 804, 805, 808, 809, 812, 813, 816, 817, 820, 821, 824, 825, 828,
    829, 832, 833, 836, 837, 840, 841, 844, 845, 848, 849, 852, 853, 856, 857,
    860, 861, 864, 865, 868, 869, 872, 873, 876, 877, 880, 881, 884, 885, 888,
    889, 892, 893, 896, 897, 900, 901, 904, 905, 908, 909, 912, 913, 916, 917,
    920, 921, 924, 925, 928, 929, 932, 933, 936, 937, 940, 941, 944, 945, 948,
    949, 952, 953, 956, 957, 960, 961, 964, 965, 968, 969, 972, 973, 976, 977,
    980, 981, 984, 985, 988, 989, 992, 993, 996, 997, 1000, 1001, 1004, 1005,
    1008, 1009, 1012, 1013, 1016, 1017, 1020, 1021, 1024, 1025, 1028, 1029,
    1032, 1033, 1036, 1037, 1040, 1041, 1044, 1045, 1048, 1049, 1052, 1053,
    1056, 1057, 1060, 1061, 1064, 1065, 1068, 1069, 1072, 1073, 1076, 1077,
    1080, 1081, 1084, 1085, 1088, 1089, 1092, 1093, 1096, 1097, 1100, 1101,
    1104, 1105, 1108, 1109, 1112, 1113, 1116, 1117, 1120, 1121, 1124, 1125,
    1128, 1129, 1132, 1133, 1136, 1137, 1140, 1141, 1144, 1145, 1148, 1149,
    1152, 1153, 1156, 1157, 1160, 1161, 1164, 1165, 1168, 1169, 1172, 1173,
    1176, 1177, 1180, 1181, 1184, 1185, 1188, 1189, 1192, 1193, 1196, 1197,
    1200, 1201, 1204, 1205, 1208, 1209, 1212, 1213, 1216, 1217, 1220, 1221,
    1224, 1225, 1228, 1229, 1232, 1233, 1236, 1237, 1240, 1241, 1244, 1245,
    1248, 1249, 1252, 1253, 1256, 1257, 1260, 1261, 1264, 1265, 1268, 1269,
    1272, 1273, 1276, 1277, 1280, 1281, 1284, 1285, 1288, 1289, 1292, 1293,
    1296, 1297, 1300, 1301, 1304, 1305, 1308, 1309, 1312, 1313, 1316, 1317,
    1320, 1321, 1324, 1325, 1328, 1329, 1332, 1333, 1336, 1337, 1340, 1341,
    1344, 1345, 1348, 1349, 1352, 1353, 1356, 1357, 1360, 1361, 1364, 1365,
    1368, 1369, 1372, 1373, 1376, 1377, 1380, 1381, 1384, 1385, 1388, 1389,
    1392, 1393

Reassigned labels

Runtime: 2.165875196456909

Performance split_log:

IM without threshold:
Map:
{"O_0": "O", "O_1": "O"}
token_fitness
{"perc_fit_traces": 0.0, "average_trace_fitness": 0.9088702049243688, "log_fitness": 0.9126171555730567, "percentage_of_fitting_traces": 0.0}
precision
0.6163889468506871
0.6949152542372882
generalization
0.7903554925149859

Adjusted Rand Index:
0.49946178686759957



Parameters of this run:

Window size: 5
Threshold for edges: 0.75
Split candidates: O
Max number of traces: 5000000
Method for distance calculation: Distance.MULTISET_DISTANCE
Method for finding clusters: ClusteringMethod.COMMUNITY_DETECTION
Original log location: ./data/noImprInLoop_default_OD\feb16-1625\logs\I_1_LogD_Sequence_feb16-1625.xes.gz
Use frequency: True

Found communities: 

Clustering with 1396 elements and 2 clusters
[0] 0, 1, 4, 5, 8, 9, 12, 13, 16, 17, 20, 21, 24, 25, 28, 29, 32, 33, 36, 37,
    40, 41, 44, 45, 48, 49, 52, 53, 56, 57, 60, 61, 64, 65, 68, 69, 72, 73,
    76, 77, 80, 81, 84, 85, 88, 89, 92, 93, 96, 97, 100, 101, 104, 105, 108,
    109, 112, 113, 116, 117, 120, 121, 124, 125, 128, 129, 132, 133, 136, 137,
    140, 141, 144, 145, 148, 149, 152, 153, 156, 157, 160, 161, 164, 165, 168,
    169, 172, 173, 176, 177, 180, 181, 184, 185, 188, 189, 192, 193, 196, 197,
    200, 201, 204, 205, 208, 209, 212, 213, 216, 217, 220, 221, 224, 225, 228,
    229, 232, 233, 236, 237, 240, 241, 244, 245, 248, 249, 252, 253, 256, 257,
    260, 261, 264, 265, 268, 269, 272, 273, 276, 277, 280, 281, 284, 285, 288,
    289, 292, 293, 296, 297, 300, 301, 304, 305, 308, 309, 312, 313, 316, 317,
    320, 321, 324, 325, 328, 329, 332, 333, 336, 337, 340, 341, 344, 345, 348,
    349, 352, 353, 356, 357, 360, 361, 364, 365, 368, 369, 372, 373, 376, 377,
    380, 381, 384, 385, 388, 389, 392, 393, 396, 397, 400, 401, 404, 405, 408,
    409, 412, 413, 416, 417, 420, 421, 424, 425, 428, 429, 432, 433, 436, 437,
    440, 441, 444, 445, 448, 449, 452, 453, 456, 457, 460, 461, 464, 465, 468,
    469, 472, 473, 476, 477, 480, 481, 484, 485, 488, 489, 492, 493, 496, 497,
    500, 501, 504, 505, 508, 509, 512, 513, 516, 517, 520, 521, 524, 525, 528,
    529, 532, 533, 536, 537, 540, 541, 544, 545, 548, 549, 552, 553, 556, 557,
    560, 561, 564, 565, 568, 569, 572, 573, 576, 577, 580, 581, 584, 585, 588,
    589, 592, 593, 596, 597, 600, 601, 604, 605, 608, 609, 612, 613, 616, 617,
    620, 621, 624, 625, 628, 629, 632, 633, 636, 637, 640, 641, 644, 645, 648,
    649, 652, 653, 656, 657, 660, 661, 664, 665, 668, 669, 672, 673, 676, 677,
    680, 681, 684, 685, 688, 689, 692, 693, 696, 697, 700, 701, 704, 705, 708,
    709, 712, 713, 716, 717, 720, 721, 724, 725, 728, 729, 732, 733, 736, 737,
    740, 741, 744, 745, 748, 749, 752, 753, 756, 757, 760, 761, 764, 765, 768,
    769, 772, 773, 776, 777, 780, 781, 784, 785, 788, 789, 792, 793, 796, 797,
    800, 801, 804, 805, 808, 809, 812, 813, 816, 817, 820, 821, 824, 825, 828,
    829, 832, 833, 836, 837, 840, 841, 844, 845, 848, 849, 852, 853, 856, 857,
    860, 861, 864, 865, 868, 869, 872, 873, 876, 877, 880, 881, 884, 885, 888,
    889, 892, 893, 896, 897, 900, 901, 904, 905, 908, 909, 912, 913, 916, 917,
    920, 921, 924, 925, 928, 929, 932, 933, 936, 937, 940, 941, 944, 945, 948,
    949, 952, 953, 956, 957, 960, 961, 964, 965, 968, 969, 972, 973, 976, 977,
    980, 981, 984, 985, 988, 989, 992, 993, 996, 997, 1000, 1001, 1004, 1005,
    1008, 1009, 1012, 1013, 1016, 1017, 1020, 1021, 1024, 1025, 1028, 1029,
    1032, 1033, 1036, 1037, 1040, 1041, 1044, 1045, 1048, 1049, 1052, 1053,
    1056, 1057, 1060, 1061, 1064, 1065, 1068, 1069, 1072, 1073, 1076, 1077,
    1080, 1081, 1084, 1085, 1088, 1089, 1092, 1093, 1096, 1097, 1100, 1101,
    1104, 1105, 1108, 1109, 1112, 1113, 1116, 1117, 1120, 1121, 1124, 1125,
    1128, 1129, 1132, 1133, 1136, 1137, 1140, 1141, 1144, 1145, 1148, 1149,
    1152, 1153, 1156, 1157, 1160, 1161, 1164, 1165, 1168, 1169, 1172, 1173,
    1176, 1177, 1180, 1181, 1184, 1185, 1188, 1189, 1192, 1193, 1196, 1197,
    1200, 1201, 1204, 1205, 1208, 1209, 1212, 1213, 1216, 1217, 1220, 1221,
    1224, 1225, 1228, 1229, 1232, 1233, 1236, 1237, 1240, 1241, 1244, 1245,
    1248, 1249, 1252, 1253, 1256, 1257, 1260, 1261, 1264, 1265, 1268, 1269,
    1272, 1273, 1276, 1277, 1280, 1281, 1284, 1285, 1288, 1289, 1292, 1293,
    1296, 1297, 1300, 1301, 1304, 1305, 1308, 1309, 1312, 1313, 1316, 1317,
    1320, 1321, 1324, 1325, 1328, 1329, 1332, 1333, 1336, 1337, 1340, 1341,
    1344, 1345, 1348, 1349, 1352, 1353, 1356, 1357, 1360, 1361, 1364, 1365,
    1368, 1369, 1372, 1373, 1376, 1377, 1380, 1381, 1384, 1385, 1388, 1389,
    1392, 1393
[1] 2, 3, 6, 7, 10, 11, 14, 15, 18, 19, 22, 23, 26, 27, 30, 31, 34, 35, 38,
    39, 42, 43, 46, 47, 50, 51, 54, 55, 58, 59, 62, 63, 66, 67, 70, 71, 74,
    75, 78, 79, 82, 83, 86, 87, 90, 91, 94, 95, 98, 99, 102, 103, 106, 107,
    110, 111, 114, 115, 118, 119, 122, 123, 126, 127, 130, 131, 134, 135, 138,
    139, 142, 143, 146, 147, 150, 151, 154, 155, 158, 159, 162, 163, 166, 167,
    170, 171, 174, 175, 178, 179, 182, 183, 186, 187, 190, 191, 194, 195, 198,
    199, 202, 203, 206, 207, 210, 211, 214, 215, 218, 219, 222, 223, 226, 227,
    230, 231, 234, 235, 238, 239, 242, 243, 246, 247, 250, 251, 254, 255, 258,
    259, 262, 263, 266, 267, 270, 271, 274, 275, 278, 279, 282, 283, 286, 287,
    290, 291, 294, 295, 298, 299, 302, 303, 306, 307, 310, 311, 314, 315, 318,
    319, 322, 323, 326, 327, 330, 331, 334, 335, 338, 339, 342, 343, 346, 347,
    350, 351, 354, 355, 358, 359, 362, 363, 366, 367, 370, 371, 374, 375, 378,
    379, 382, 383, 386, 387, 390, 391, 394, 395, 398, 399, 402, 403, 406, 407,
    410, 411, 414, 415, 418, 419, 422, 423, 426, 427, 430, 431, 434, 435, 438,
    439, 442, 443, 446, 447, 450, 451, 454, 455, 458, 459, 462, 463, 466, 467,
    470, 471, 474, 475, 478, 479, 482, 483, 486, 487, 490, 491, 494, 495, 498,
    499, 502, 503, 506, 507, 510, 511, 514, 515, 518, 519, 522, 523, 526, 527,
    530, 531, 534, 535, 538, 539, 542, 543, 546, 547, 550, 551, 554, 555, 558,
    559, 562, 563, 566, 567, 570, 571, 574, 575, 578, 579, 582, 583, 586, 587,
    590, 591, 594, 595, 598, 599, 602, 603, 606, 607, 610, 611, 614, 615, 618,
    619, 622, 623, 626, 627, 630, 631, 634, 635, 638, 639, 642, 643, 646, 647,
    650, 651, 654, 655, 658, 659, 662, 663, 666, 667, 670, 671, 674, 675, 678,
    679, 682, 683, 686, 687, 690, 691, 694, 695, 698, 699, 702, 703, 706, 707,
    710, 711, 714, 715, 718, 719, 722, 723, 726, 727, 730, 731, 734, 735, 738,
    739, 742, 743, 746, 747, 750, 751, 754, 755, 758, 759, 762, 763, 766, 767,
    770, 771, 774, 775, 778, 779, 782, 783, 786, 787, 790, 791, 794, 795, 798,
    799, 802, 803, 806, 807, 810, 811, 814, 815, 818, 819, 822, 823, 826, 827,
    830, 831, 834, 835, 838, 839, 842, 843, 846, 847, 850, 851, 854, 855, 858,
    859, 862, 863, 866, 867, 870, 871, 874, 875, 878, 879, 882, 883, 886, 887,
    890, 891, 894, 895, 898, 899, 902, 903, 906, 907, 910, 911, 914, 915, 918,
    919, 922, 923, 926, 927, 930, 931, 934, 935, 938, 939, 942, 943, 946, 947,
    950, 951, 954, 955, 958, 959, 962, 963, 966, 967, 970, 971, 974, 975, 978,
    979, 982, 983, 986, 987, 990, 991, 994, 995, 998, 999, 1002, 1003, 1006,
    1007, 1010, 1011, 1014, 1015, 1018, 1019, 1022, 1023, 1026, 1027, 1030,
    1031, 1034, 1035, 1038, 1039, 1042, 1043, 1046, 1047, 1050, 1051, 1054,
    1055, 1058, 1059, 1062, 1063, 1066, 1067, 1070, 1071, 1074, 1075, 1078,
    1079, 1082, 1083, 1086, 1087, 1090, 1091, 1094, 1095, 1098, 1099, 1102,
    1103, 1106, 1107, 1110, 1111, 1114, 1115, 1118, 1119, 1122, 1123, 1126,
    1127, 1130, 1131, 1134, 1135, 1138, 1139, 1142, 1143, 1146, 1147, 1150,
    1151, 1154, 1155, 1158, 1159, 1162, 1163, 1166, 1167, 1170, 1171, 1174,
    1175, 1178, 1179, 1182, 1183, 1186, 1187, 1190, 1191, 1194, 1195, 1198,
    1199, 1202, 1203, 1206, 1207, 1210, 1211, 1214, 1215, 1218, 1219, 1222,
    1223, 1226, 1227, 1230, 1231, 1234, 1235, 1238, 1239, 1242, 1243, 1246,
    1247, 1250, 1251, 1254, 1255, 1258, 1259, 1262, 1263, 1266, 1267, 1270,
    1271, 1274, 1275, 1278, 1279, 1282, 1283, 1286, 1287, 1290, 1291, 1294,
    1295, 1298, 1299, 1302, 1303, 1306, 1307, 1310, 1311, 1314, 1315, 1318,
    1319, 1322, 1323, 1326, 1327, 1330, 1331, 1334, 1335, 1338, 1339, 1342,
    1343, 1346, 1347, 1350, 1351, 1354, 1355, 1358, 1359, 1362, 1363, 1366,
    1367, 1370, 1371, 1374, 1375, 1378, 1379, 1382, 1383, 1386, 1387, 1390,
    1391, 1394, 1395

Reassigned labels

Runtime: 1.6770200729370117

Performance split_log:

IM without threshold:
Map:
{"O_0": "O", "O_1": "O"}
token_fitness
{"perc_fit_traces": 0.0, "average_trace_fitness": 0.9555623088960822, "log_fitness": 0.9573050977713261, "percentage_of_fitting_traces": 0.0}
precision
0.6478780748077817
0.6949152542372882
generalization
0.7903554925149859

Adjusted Rand Index:
0.49946178686759957



Parameters of this run:

Window size: 5
Threshold for edges: 1
Split candidates: O
Max number of traces: 5000000
Method for distance calculation: Distance.MULTISET_DISTANCE
Method for finding clusters: ClusteringMethod.COMMUNITY_DETECTION
Original log location: ./data/noImprInLoop_default_OD\feb16-1625\logs\I_1_LogD_Sequence_feb16-1625.xes.gz
Use frequency: True

Found communities: 

Clustering with 1396 elements and 31 clusters
[ 0] 3, 7, 19, 27, 31, 35, 43, 47, 51, 55, 63, 67, 83, 87, 103, 123, 131, 135,
     155, 163, 167, 179, 195, 199, 219, 223, 231, 235, 243, 251, 259, 263,
     275, 283, 287, 291, 303, 307, 311, 323, 327, 335, 339, 347, 351, 375,
     379, 383, 391, 399, 403, 411, 415, 419, 423, 427, 439, 443, 447, 451,
     455, 459, 467, 475, 479, 499, 503, 515, 523, 531, 535, 551, 575, 579,
     583, 591, 595, 623, 627, 631, 635, 655, 659, 667, 675, 683, 691, 695,
     711, 719, 727, 739, 751, 775, 787, 791, 799, 803, 807, 823, 843, 847,
     851, 859, 863, 867, 871, 879, 883, 887, 895, 899, 907, 919, 923, 927,
     939, 955, 959, 967, 971, 979, 995, 1011, 1015, 1031, 1035, 1039, 1043,
     1059, 1067, 1079, 1083, 1091, 1115, 1127, 1139, 1147, 1151, 1167, 1171,
     1175, 1179, 1187, 1195, 1203, 1207, 1211, 1219, 1223, 1231, 1235, 1239,
     1255, 1259, 1263, 1271, 1275, 1283, 1295, 1299, 1303, 1307, 1315, 1319,
     1331, 1339, 1363, 1371, 1383, 1387, 1391
[ 1] 26, 34, 38, 42, 54, 66, 74, 82, 90, 102, 110, 130, 154, 162, 166, 174,
     182, 186, 194, 198, 206, 218, 230, 234, 242, 262, 274, 282, 286, 290,
     294, 298, 318, 338, 342, 366, 374, 378, 382, 398, 402, 410, 414, 422,
     426, 438, 442, 450, 466, 474, 478, 498, 502, 514, 518, 522, 534, 550,
     574, 578, 582, 594, 618, 622, 626, 630, 634, 642, 646, 658, 662, 674,
     678, 690, 710, 714, 726, 746, 754, 762, 766, 782, 786, 794, 802, 822,
     826, 838, 842, 846, 862, 866, 870, 882, 890, 906, 910, 918, 946, 954,
     970, 982, 998, 1010, 1030, 1034, 1038, 1042, 1066, 1074, 1078, 1082,
     1086, 1126, 1130, 1138, 1142, 1146, 1150, 1166, 1174, 1178, 1190, 1198,
     1210, 1218, 1222, 1234, 1238, 1246, 1258, 1262, 1274, 1282, 1286, 1298,
     1302, 1306, 1314, 1318, 1330, 1338, 1346, 1362, 1370, 1382, 1386, 1390
[ 2] 11, 39, 59, 75, 91, 99, 107, 111, 115, 119, 147, 159, 175, 183, 187, 207,
     211, 215, 227, 239, 247, 255, 279, 295, 299, 319, 343, 355, 363, 367,
     387, 431, 435, 487, 491, 495, 507, 519, 539, 543, 555, 567, 571, 587,
     599, 615, 619, 639, 643, 647, 651, 663, 679, 703, 707, 715, 723, 731,
     743, 747, 755, 759, 763, 767, 779, 783, 795, 811, 827, 835, 839, 855,
     875, 891, 903, 911, 931, 947, 951, 963, 983, 987, 991, 999, 1003, 1007,
     1023, 1027, 1047, 1051, 1055, 1063, 1075, 1087, 1099, 1103, 1107, 1111,
     1119, 1131, 1143, 1163, 1191, 1199, 1215, 1227, 1243, 1247, 1251, 1267,
     1287, 1311, 1323, 1335, 1343, 1347, 1359, 1367, 1375, 1395
[ 3] 1, 13, 17, 21, 29, 37, 41, 45, 49, 53, 81, 85, 89, 101, 121, 133, 153,
     161, 177, 185, 221, 249, 289, 313, 321, 333, 357, 381, 421, 425, 441,
     453, 465, 473, 477, 513, 521, 525, 561, 573, 577, 589, 601, 621, 629,
     645, 661, 673, 681, 709, 749, 761, 769, 773, 793, 797, 817, 841, 845,
     849, 857, 861, 865, 877, 893, 925, 957, 969, 977, 981, 997, 1013, 1041,
     1085, 1089, 1093, 1113, 1125, 1129, 1141, 1145, 1149, 1157, 1169, 1173,
     1193, 1197, 1205, 1229, 1257, 1269, 1273, 1301, 1317, 1377
[ 4] 2, 6, 14, 18, 22, 30, 46, 50, 62, 86, 94, 122, 134, 150, 170, 178, 222,
     250, 258, 270, 302, 306, 310, 314, 322, 326, 330, 334, 346, 350, 358,
     390, 406, 418, 446, 454, 458, 526, 530, 558, 562, 590, 602, 610, 654,
     666, 670, 682, 694, 718, 738, 750, 770, 774, 790, 798, 806, 814, 818,
     850, 858, 878, 886, 894, 898, 922, 926, 938, 958, 966, 978, 994, 1014,
     1058, 1090, 1094, 1114, 1154, 1158, 1170, 1182, 1186, 1194, 1202, 1206,
     1230, 1254, 1270, 1278, 1294, 1326, 1378
[ 5] 25, 65, 73, 97, 129, 181, 197, 213, 229, 233, 237, 241, 253, 261, 273,
     285, 297, 317, 337, 341, 365, 373, 401, 409, 413, 433, 437, 449, 505,
     517, 533, 613, 617, 633, 637, 641, 657, 689, 753, 757, 781, 821, 825,
     869, 905, 917, 945, 1029, 1037, 1053, 1073, 1077, 1081, 1117, 1161, 1165,
     1177, 1209, 1213, 1221, 1233, 1237, 1241, 1245, 1261, 1285, 1305, 1309,
     1321, 1357, 1361, 1369, 1381
[ 6] 24, 96, 128, 212, 228, 236, 252, 260, 272, 284, 296, 316, 352, 364, 400,
     408, 428, 432, 436, 448, 492, 516, 532, 612, 616, 632, 636, 640, 656,
     700, 728, 740, 752, 756, 820, 824, 832, 868, 904, 928, 1036, 1072, 1080,
     1096, 1160, 1164, 1176, 1220, 1232, 1236, 1244, 1260, 1284, 1304, 1308,
     1320, 1332, 1360, 1380
[ 7] 15, 23, 71, 79, 95, 127, 139, 143, 151, 171, 191, 203, 267, 271, 315,
     331, 359, 371, 395, 407, 463, 471, 483, 511, 527, 547, 559, 563, 603,
     607, 611, 671, 687, 699, 735, 771, 815, 819, 831, 915, 935, 943, 975,
     1019, 1071, 1095, 1123, 1135, 1155, 1159, 1183, 1279, 1291, 1327, 1351,
     1355, 1379
[ 8] 16, 64, 72, 176, 180, 184, 196, 232, 240, 248, 312, 332, 336, 340, 372,
     412, 440, 464, 504, 520, 524, 576, 588, 620, 680, 688, 708, 748, 760,
     772, 780, 792, 860, 876, 916, 944, 976, 1028, 1052, 1076, 1088, 1116,
     1172, 1204, 1208, 1212, 1240, 1256, 1300, 1316, 1356, 1368
[ 9] 33, 109, 165, 173, 193, 205, 217, 277, 281, 293, 377, 397, 485, 497, 501,
     549, 581, 585, 593, 597, 625, 649, 677, 713, 725, 745, 765, 785, 801,
     837, 881, 889, 909, 949, 953, 1005, 1009, 1033, 1049, 1065, 1137, 1189,
     1217, 1265, 1281, 1297, 1313, 1329, 1337, 1345, 1385, 1389
[10] 58, 98, 114, 118, 146, 158, 210, 214, 238, 254, 354, 430, 434, 494, 506,
     538, 542, 566, 570, 614, 638, 702, 730, 742, 758, 778, 834, 874, 902,
     930, 962, 986, 990, 1002, 1022, 1026, 1054, 1098, 1110, 1118, 1162, 1214,
     1242, 1250, 1310, 1322, 1334, 1358, 1366, 1374
[11] 32, 108, 172, 192, 204, 216, 276, 280, 360, 376, 384, 396, 496, 500, 552,
     580, 584, 592, 596, 624, 648, 676, 744, 764, 784, 800, 852, 888, 908,
     948, 952, 1032, 1064, 1104, 1188, 1264, 1296, 1340, 1344, 1384, 1388
[12] 28, 44, 48, 80, 152, 164, 288, 292, 380, 420, 476, 484, 548, 560, 600,
     660, 712, 724, 836, 844, 848, 880, 956, 1004, 1008, 1048, 1136, 1144,
     1148, 1192, 1216, 1280, 1312, 1328, 1336
[13] 5, 61, 69, 141, 169, 269, 309, 325, 329, 417, 445, 609, 653, 665, 685,
     693, 717, 733, 789, 805, 813, 897, 921, 937, 993, 1017, 1057, 1121, 1153,
     1181, 1185, 1253, 1277
[14] 57, 113, 117, 145, 157, 209, 353, 429, 493, 537, 541, 565, 569, 701, 729,
     741, 777, 833, 873, 901, 929, 961, 985, 989, 1001, 1021, 1025, 1097,
     1109, 1249, 1333, 1365, 1373
[15] 10, 106, 226, 246, 278, 362, 386, 486, 490, 554, 586, 598, 650, 706, 722,
     810, 854, 950, 1006, 1046, 1050, 1062, 1102, 1106, 1226, 1266, 1342, 1394
[16] 93, 149, 189, 257, 301, 305, 345, 349, 389, 405, 457, 469, 481, 509, 529,
     545, 557, 669, 737, 885, 933, 941, 965, 973, 1201, 1293, 1325
[17] 320, 416, 572, 608, 672, 732, 768, 788, 796, 804, 856, 892, 896, 920,
     936, 980, 992, 996, 1040, 1092, 1124, 1140, 1152, 1180, 1196, 1268, 1276
[18] 148, 188, 220, 256, 344, 348, 356, 452, 472, 556, 628, 644, 668, 864,
     924, 940, 964, 968, 1012, 1112, 1128, 1156, 1168, 1200, 1272, 1292, 1376
[19] 4, 60, 68, 136, 140, 168, 200, 268, 308, 324, 328, 444, 604, 652, 664,
     684, 692, 716, 812, 1016, 1056, 1120, 1184, 1252, 1288
[20] 56, 112, 116, 144, 156, 208, 536, 540, 564, 568, 776, 872, 900, 960, 984,
     988, 1000, 1020, 1024, 1108, 1248, 1364, 1372
[21] 9, 105, 225, 245, 361, 385, 489, 553, 705, 721, 809, 853, 1045, 1061,
     1101, 1105, 1225, 1341, 1393
[22] 92, 300, 304, 388, 392, 404, 456, 468, 480, 508, 528, 544, 736, 828, 884,
     932, 972, 1132, 1324
[23] 0, 12, 20, 36, 40, 52, 84, 88, 100, 120, 132, 160, 424, 512, 816, 840,
     1084, 1228
[24] 70, 126, 138, 142, 202, 266, 606, 686, 698, 734, 914, 1018, 1070, 1122,
     1290, 1350, 1354
[25] 78, 190, 370, 394, 462, 470, 482, 510, 546, 830, 934, 942, 974, 1134
[26] 8, 104, 224, 244, 488, 704, 720, 808, 1044, 1060, 1100, 1224, 1392
[27] 125, 137, 201, 265, 605, 697, 913, 1069, 1289, 1349, 1353
[28] 124, 264, 696, 912, 1068, 1348, 1352
[29] 77, 369, 393, 461, 829, 1133
[30] 76, 368, 460

Reassigned labels

Runtime: 1.4494519233703613

Performance split_log:

IM without threshold:
Map:
{"O_0": "O", "O_1": "O", "O_2": "O", "O_3": "O", "O_4": "O", "O_5": "O", "O_6": "O", "O_7": "O", "O_8": "O", "O_9": "O", "O_10": "O", "O_11": "O", "O_12": "O", "O_13": "O", "O_14": "O", "O_15": "O", "O_16": "O", "O_17": "O", "O_18": "O", "O_19": "O", "O_20": "O", "O_21": "O", "O_22": "O", "O_23": "O", "O_24": "O", "O_25": "O", "O_26": "O", "O_27": "O", "O_28": "O", "O_29": "O", "O_30": "O"}
token_fitness
{"perc_fit_traces": 100.0, "average_trace_fitness": 1.0, "log_fitness": 1.0, "percentage_of_fitting_traces": 100.0}
precision
0.6478780748077817
0.6923076923076922
generalization
0.9573276775621496

Adjusted Rand Index:
7.396184906170455e-17

Best precision found:
0.6478780748077817
 Performance of golden standard model:
token_fitness
{"perc_fit_traces": 0.0, "average_trace_fitness": 0.7980880027421426, "log_fitness": 0.8072467530713751, "percentage_of_fitting_traces": 0.0}
precision
0.4399246784927139
0.6790123456790124
generalization
0.7719729548823202

 Xixi split labels:
['O_X_1', 'O_X_2', 'O_X_3', 'O_X_4']

 Xixi refined log results:

 IM without noise threshold:
token_fitness
{"perc_fit_traces": 0.0, "average_trace_fitness": 0.6284295022729225, "log_fitness": 0.6507689295788761, "percentage_of_fitting_traces": 0.0}
precision
0.4399246784927139
0.6818181818181818
generalization
0.5905646458444391

 Xixi clustering:
Clustering with 1396 elements and 5 clusters

[1] 0, 4, 8, 12, 16, 20, 24, 28, 32, 36, 40, 44, 52, 56, 64, 68, 72, 76, 80,
    84, 88, 92, 96, 100, 104, 108, 112, 116, 120, 124, 128, 132, 136, 140,
    148, 152, 156, 160, 164, 168, 172, 176, 180, 184, 188, 192, 196, 200, 204,
    208, 212, 216, 220, 224, 228, 232, 236, 240, 244, 248, 252, 256, 260, 268,
    272, 276, 280, 284, 288, 292, 296, 300, 304, 308, 312, 316, 320, 324, 328,
    332, 336, 340, 344, 352, 356, 360, 364, 368, 372, 376, 380, 384, 388, 396,
    400, 404, 408, 412, 416, 420, 424, 428, 432, 436, 440, 444, 448, 452, 456,
    460, 464, 468, 472, 476, 480, 484, 488, 492, 496, 500, 504, 508, 512, 516,
    520, 524, 528, 532, 536, 540, 544, 548, 552, 556, 560, 572, 576, 580, 584,
    588, 592, 596, 600, 604, 608, 612, 616, 620, 624, 628, 632, 636, 640, 644,
    648, 652, 656, 660, 664, 668, 672, 676, 680, 684, 688, 692, 696, 700, 704,
    708, 712, 716, 720, 724, 728, 732, 736, 740, 744, 748, 752, 756, 760, 764,
    768, 772, 776, 780, 784, 788, 792, 796, 800, 804, 808, 812, 816, 820, 824,
    828, 836, 840, 848, 852, 856, 860, 864, 868, 872, 876, 880, 884, 888, 892,
    896, 900, 904, 908, 912, 916, 920, 924, 928, 932, 936, 940, 944, 948, 952,
    956, 960, 964, 972, 976, 980, 984, 988, 992, 996, 1000, 1004, 1008, 1012,
    1016, 1020, 1024, 1028, 1032, 1036, 1040, 1044, 1048, 1052, 1056, 1060,
    1064, 1068, 1072, 1076, 1080, 1084, 1088, 1092, 1096, 1100, 1104, 1108,
    1112, 1116, 1120, 1124, 1128, 1132, 1136, 1140, 1144, 1148, 1152, 1156,
    1160, 1164, 1168, 1172, 1176, 1180, 1184, 1188, 1192, 1196, 1200, 1204,
    1208, 1212, 1216, 1220, 1224, 1228, 1232, 1236, 1244, 1248, 1252, 1256,
    1264, 1268, 1272, 1280, 1284, 1288, 1292, 1296, 1300, 1304, 1308, 1316,
    1320, 1324, 1332, 1336, 1340, 1344, 1348, 1352, 1356, 1360, 1364, 1368,
    1372, 1376, 1380, 1384, 1388, 1392
[2] 1, 5, 9, 13, 17, 21, 25, 29, 33, 37, 41, 45, 53, 57, 65, 69, 73, 77, 81,
    85, 89, 93, 97, 101, 105, 109, 113, 117, 121, 125, 129, 133, 137, 141,
    149, 153, 157, 161, 165, 169, 173, 177, 181, 185, 189, 193, 197, 201, 205,
    209, 213, 217, 221, 225, 229, 233, 237, 241, 245, 249, 253, 257, 261, 269,
    273, 277, 281, 285, 289, 293, 297, 301, 305, 309, 313, 317, 321, 325, 329,
    333, 337, 341, 345, 353, 357, 361, 365, 369, 373, 377, 381, 385, 389, 397,
    401, 405, 409, 413, 417, 421, 425, 429, 433, 437, 441, 445, 449, 453, 457,
    461, 465, 469, 473, 477, 481, 485, 489, 493, 497, 501, 505, 509, 513, 517,
    521, 525, 529, 533, 537, 541, 545, 549, 553, 557, 561, 573, 577, 581, 585,
    589, 593, 597, 601, 605, 609, 613, 617, 621, 625, 629, 633, 637, 641, 645,
    649, 653, 657, 661, 665, 669, 673, 677, 681, 685, 689, 693, 697, 701, 705,
    709, 713, 717, 721, 725, 729, 733, 737, 741, 745, 749, 753, 757, 761, 765,
    769, 773, 777, 781, 785, 789, 793, 797, 801, 805, 809, 813, 817, 821, 825,
    829, 837, 841, 849, 853, 857, 861, 865, 869, 873, 877, 881, 885, 889, 893,
    897, 901, 905, 909, 913, 917, 921, 925, 929, 933, 937, 941, 945, 949, 953,
    957, 961, 965, 973, 977, 981, 985, 989, 993, 997, 1001, 1005, 1009, 1013,
    1017, 1021, 1025, 1029, 1033, 1037, 1041, 1045, 1049, 1053, 1057, 1061,
    1065, 1069, 1073, 1077, 1081, 1085, 1089, 1093, 1097, 1101, 1105, 1109,
    1113, 1117, 1121, 1125, 1129, 1133, 1137, 1141, 1145, 1149, 1153, 1157,
    1161, 1165, 1169, 1173, 1177, 1181, 1185, 1189, 1193, 1197, 1201, 1205,
    1209, 1213, 1217, 1221, 1225, 1229, 1233, 1237, 1245, 1249, 1253, 1257,
    1265, 1269, 1273, 1281, 1285, 1289, 1293, 1297, 1301, 1305, 1309, 1317,
    1321, 1325, 1333, 1337, 1341, 1345, 1349, 1353, 1357, 1361, 1365, 1369,
    1373, 1377, 1381, 1385, 1389, 1393
[3] 2, 6, 10, 14, 18, 22, 26, 30, 34, 38, 42, 46, 54, 58, 66, 70, 74, 78, 82,
    86, 90, 94, 98, 102, 106, 110, 114, 118, 122, 126, 130, 134, 138, 142,
    150, 154, 158, 162, 166, 170, 174, 178, 182, 186, 190, 194, 198, 202, 206,
    210, 214, 218, 222, 226, 230, 234, 238, 242, 246, 250, 254, 258, 262, 270,
    274, 278, 282, 286, 290, 294, 298, 302, 306, 310, 314, 318, 322, 326, 330,
    334, 338, 342, 346, 354, 358, 362, 366, 370, 374, 378, 382, 386, 390, 398,
    402, 406, 410, 414, 418, 422, 426, 430, 434, 438, 442, 446, 450, 454, 458,
    462, 466, 470, 474, 478, 482, 486, 490, 494, 498, 502, 506, 510, 514, 518,
    522, 526, 530, 534, 538, 542, 546, 550, 554, 558, 562, 574, 578, 582, 586,
    590, 594, 598, 602, 606, 610, 614, 618, 622, 626, 630, 634, 638, 642, 646,
    650, 654, 658, 662, 666, 670, 674, 678, 682, 686, 690, 694, 698, 702, 706,
    710, 714, 718, 722, 726, 730, 734, 738, 742, 746, 750, 754, 758, 762, 766,
    770, 774, 778, 782, 786, 790, 794, 798, 802, 806, 810, 814, 818, 822, 826,
    830, 838, 842, 850, 854, 858, 862, 866, 870, 874, 878, 882, 886, 890, 894,
    898, 902, 906, 910, 914, 918, 922, 926, 930, 934, 938, 942, 946, 950, 954,
    958, 962, 966, 974, 978, 982, 986, 990, 994, 998, 1002, 1006, 1010, 1014,
    1018, 1022, 1026, 1030, 1034, 1038, 1042, 1046, 1050, 1054, 1058, 1062,
    1066, 1070, 1074, 1078, 1082, 1086, 1090, 1094, 1098, 1102, 1106, 1110,
    1114, 1118, 1122, 1126, 1130, 1134, 1138, 1142, 1146, 1150, 1154, 1158,
    1162, 1166, 1170, 1174, 1178, 1182, 1186, 1190, 1194, 1198, 1202, 1206,
    1210, 1214, 1218, 1222, 1226, 1230, 1234, 1238, 1246, 1250, 1254, 1258,
    1266, 1270, 1274, 1282, 1286, 1290, 1294, 1298, 1302, 1306, 1310, 1318,
    1322, 1326, 1334, 1338, 1342, 1346, 1350, 1354, 1358, 1362, 1366, 1370,
    1374, 1378, 1382, 1386, 1390, 1394
[4] 3, 7, 11, 15, 19, 23, 27, 31, 35, 39, 43, 47, 48, 49, 50, 51, 55, 59, 60,
    61, 62, 63, 67, 71, 75, 79, 83, 87, 91, 95, 99, 103, 107, 111, 115, 119,
    123, 127, 131, 135, 139, 143, 144, 145, 146, 147, 151, 155, 159, 163, 167,
    171, 175, 179, 183, 187, 191, 195, 199, 203, 207, 211, 215, 219, 223, 227,
    231, 235, 239, 243, 247, 251, 255, 259, 263, 264, 265, 266, 267, 271, 275,
    279, 283, 287, 291, 295, 299, 303, 307, 311, 315, 319, 323, 327, 331, 335,
    339, 343, 347, 348, 349, 350, 351, 355, 359, 363, 367, 371, 375, 379, 383,
    387, 391, 392, 393, 394, 395, 399, 403, 407, 411, 415, 419, 423, 427, 431,
    435, 439, 443, 447, 451, 455, 459, 463, 467, 471, 475, 479, 483, 487, 491,
    495, 499, 503, 507, 511, 515, 519, 523, 527, 531, 535, 539, 543, 547, 551,
    555, 559, 563, 564, 565, 566, 567, 568, 569, 570, 571, 575, 579, 583, 587,
    591, 595, 599, 603, 607, 611, 615, 619, 623, 627, 631, 635, 639, 643, 647,
    651, 655, 659, 663, 667, 671, 675, 679, 683, 687, 691, 695, 699, 703, 707,
    711, 715, 719, 723, 727, 731, 735, 739, 743, 747, 751, 755, 759, 763, 767,
    771, 775, 779, 783, 787, 791, 795, 799, 803, 807, 811, 815, 819, 823, 827,
    831, 832, 833, 834, 835, 839, 843, 844, 845, 846, 847, 851, 855, 859, 863,
    867, 871, 875, 879, 883, 887, 891, 895, 899, 903, 907, 911, 915, 919, 923,
    927, 931, 935, 939, 943, 947, 951, 955, 959, 963, 967, 968, 969, 970, 971,
    975, 979, 983, 987, 991, 995, 999, 1003, 1007, 1011, 1015, 1019, 1023,
    1027, 1031, 1035, 1039, 1043, 1047, 1051, 1055, 1059, 1063, 1067, 1071,
    1075, 1079, 1083, 1087, 1091, 1095, 1099, 1103, 1107, 1111, 1115, 1119,
    1123, 1127, 1131, 1135, 1139, 1143, 1147, 1151, 1155, 1159, 1163, 1167,
    1171, 1175, 1179, 1183, 1187, 1191, 1195, 1199, 1203, 1207, 1211, 1215,
    1219, 1223, 1227, 1231, 1235, 1239, 1240, 1241, 1242, 1243, 1247, 1251,
    1255, 1259, 1260, 1261, 1262, 1263, 1267, 1271, 1275, 1276, 1277, 1278,
    1279, 1283, 1287, 1291, 1295, 1299, 1303, 1307, 1311, 1312, 1313, 1314,
    1315, 1319, 1323, 1327, 1328, 1329, 1330, 1331, 1335, 1339, 1343, 1347,
    1351, 1355, 1359, 1363, 1367, 1371, 1375, 1379, 1383, 1387, 1391, 1395

 Data from log without imprecise labels

 IM without noise threshold:
token_fitness
{"perc_fit_traces": 100.0, "average_trace_fitness": 1.0, "log_fitness": 1.0, "percentage_of_fitting_traces": 100.0}
precision
0.4780123391086669
0.6790123456790124
generalization
0.9340281439426815

 Original Labels:
['L', 'M', 'O', 'N']

 Ground truth clustering clustering:
Clustering with 1396 elements and 4 clusters
[0] 0, 4, 8, 12, 16, 20, 24, 28, 32, 36, 40, 44, 48, 52, 56, 60, 64, 68, 72,
    76, 80, 84, 88, 92, 96, 100, 104, 108, 112, 116, 120, 124, 128, 132, 136,
    140, 144, 148, 152, 156, 160, 164, 168, 172, 176, 180, 184, 188, 192, 196,
    200, 204, 208, 212, 216, 220, 224, 228, 232, 236, 240, 244, 248, 252, 256,
    260, 264, 268, 272, 276, 280, 284, 288, 292, 296, 300, 304, 308, 312, 316,
    320, 324, 328, 332, 336, 340, 344, 348, 352, 356, 360, 364, 368, 372, 376,
    380, 384, 388, 392, 396, 400, 404, 408, 412, 416, 420, 424, 428, 432, 436,
    440, 444, 448, 452, 456, 460, 464, 468, 472, 476, 480, 484, 488, 492, 496,
    500, 504, 508, 512, 516, 520, 524, 528, 532, 536, 540, 544, 548, 552, 556,
    560, 564, 568, 572, 576, 580, 584, 588, 592, 596, 600, 604, 608, 612, 616,
    620, 624, 628, 632, 636, 640, 644, 648, 652, 656, 660, 664, 668, 672, 676,
    680, 684, 688, 692, 696, 700, 704, 708, 712, 716, 720, 724, 728, 732, 736,
    740, 744, 748, 752, 756, 760, 764, 768, 772, 776, 780, 784, 788, 792, 796,
    800, 804, 808, 812, 816, 820, 824, 828, 832, 836, 840, 844, 848, 852, 856,
    860, 864, 868, 872, 876, 880, 884, 888, 892, 896, 900, 904, 908, 912, 916,
    920, 924, 928, 932, 936, 940, 944, 948, 952, 956, 960, 964, 968, 972, 976,
    980, 984, 988, 992, 996, 1000, 1004, 1008, 1012, 1016, 1020, 1024, 1028,
    1032, 1036, 1040, 1044, 1048, 1052, 1056, 1060, 1064, 1068, 1072, 1076,
    1080, 1084, 1088, 1092, 1096, 1100, 1104, 1108, 1112, 1116, 1120, 1124,
    1128, 1132, 1136, 1140, 1144, 1148, 1152, 1156, 1160, 1164, 1168, 1172,
    1176, 1180, 1184, 1188, 1192, 1196, 1200, 1204, 1208, 1212, 1216, 1220,
    1224, 1228, 1232, 1236, 1240, 1244, 1248, 1252, 1256, 1260, 1264, 1268,
    1272, 1276, 1280, 1284, 1288, 1292, 1296, 1300, 1304, 1308, 1312, 1316,
    1320, 1324, 1328, 1332, 1336, 1340, 1344, 1348, 1352, 1356, 1360, 1364,
    1368, 1372, 1376, 1380, 1384, 1388, 1392
[1] 1, 5, 9, 13, 17, 21, 25, 29, 33, 37, 41, 45, 49, 53, 57, 61, 65, 69, 73,
    77, 81, 85, 89, 93, 97, 101, 105, 109, 113, 117, 121, 125, 129, 133, 137,
    141, 145, 149, 153, 157, 161, 165, 169, 173, 177, 181, 185, 189, 193, 197,
    201, 205, 209, 213, 217, 221, 225, 229, 233, 237, 241, 245, 249, 253, 257,
    261, 265, 269, 273, 277, 281, 285, 289, 293, 297, 301, 305, 309, 313, 317,
    321, 325, 329, 333, 337, 341, 345, 349, 353, 357, 361, 365, 369, 373, 377,
    381, 385, 389, 393, 397, 401, 405, 409, 413, 417, 421, 425, 429, 433, 437,
    441, 445, 449, 453, 457, 461, 465, 469, 473, 477, 481, 485, 489, 493, 497,
    501, 505, 509, 513, 517, 521, 525, 529, 533, 537, 541, 545, 549, 553, 557,
    561, 565, 569, 573, 577, 581, 585, 589, 593, 597, 601, 605, 609, 613, 617,
    621, 625, 629, 633, 637, 641, 645, 649, 653, 657, 661, 665, 669, 673, 677,
    681, 685, 689, 693, 697, 701, 705, 709, 713, 717, 721, 725, 729, 733, 737,
    741, 745, 749, 753, 757, 761, 765, 769, 773, 777, 781, 785, 789, 793, 797,
    801, 805, 809, 813, 817, 821, 825, 829, 833, 837, 841, 845, 849, 853, 857,
    861, 865, 869, 873, 877, 881, 885, 889, 893, 897, 901, 905, 909, 913, 917,
    921, 925, 929, 933, 937, 941, 945, 949, 953, 957, 961, 965, 969, 973, 977,
    981, 985, 989, 993, 997, 1001, 1005, 1009, 1013, 1017, 1021, 1025, 1029,
    1033, 1037, 1041, 1045, 1049, 1053, 1057, 1061, 1065, 1069, 1073, 1077,
    1081, 1085, 1089, 1093, 1097, 1101, 1105, 1109, 1113, 1117, 1121, 1125,
    1129, 1133, 1137, 1141, 1145, 1149, 1153, 1157, 1161, 1165, 1169, 1173,
    1177, 1181, 1185, 1189, 1193, 1197, 1201, 1205, 1209, 1213, 1217, 1221,
    1225, 1229, 1233, 1237, 1241, 1245, 1249, 1253, 1257, 1261, 1265, 1269,
    1273, 1277, 1281, 1285, 1289, 1293, 1297, 1301, 1305, 1309, 1313, 1317,
    1321, 1325, 1329, 1333, 1337, 1341, 1345, 1349, 1353, 1357, 1361, 1365,
    1369, 1373, 1377, 1381, 1385, 1389, 1393
[2] 3, 7, 10, 14, 19, 22, 26, 31, 34, 38, 43, 46, 50, 55, 58, 63, 67, 70, 74,
    78, 82, 87, 90, 94, 98, 103, 107, 111, 114, 119, 122, 127, 130, 135, 138,
    142, 146, 150, 155, 158, 163, 166, 171, 175, 178, 183, 187, 191, 194, 199,
    202, 207, 210, 214, 218, 222, 227, 231, 234, 238, 243, 247, 251, 255, 259,
    263, 267, 270, 274, 279, 282, 287, 291, 294, 298, 302, 307, 311, 314, 319,
    322, 327, 331, 334, 338, 343, 347, 350, 355, 358, 363, 366, 370, 375, 378,
    383, 386, 391, 394, 399, 402, 407, 411, 414, 418, 422, 426, 430, 435, 439,
    443, 447, 451, 455, 459, 462, 466, 471, 475, 478, 483, 487, 491, 495, 498,
    503, 507, 510, 514, 518, 523, 526, 530, 535, 539, 542, 547, 551, 554, 559,
    562, 567, 570, 574, 579, 583, 587, 591, 594, 599, 602, 606, 611, 615, 619,
    623, 627, 631, 634, 639, 642, 647, 651, 654, 658, 662, 666, 671, 674, 678,
    683, 686, 690, 694, 698, 702, 706, 711, 714, 718, 722, 726, 730, 734, 738,
    742, 747, 750, 754, 759, 762, 766, 771, 774, 779, 782, 786, 791, 794, 799,
    803, 806, 810, 814, 818, 822, 826, 830, 834, 839, 842, 847, 850, 854, 858,
    863, 867, 871, 874, 879, 882, 886, 891, 895, 898, 903, 906, 911, 915, 918,
    923, 927, 930, 935, 938, 942, 947, 951, 954, 958, 963, 966, 971, 974, 979,
    983, 987, 990, 995, 998, 1002, 1006, 1010, 1014, 1018, 1022, 1026, 1030,
    1034, 1039, 1042, 1047, 1051, 1055, 1059, 1063, 1067, 1071, 1075, 1079,
    1083, 1087, 1091, 1095, 1099, 1103, 1107, 1111, 1114, 1119, 1122, 1127,
    1130, 1135, 1139, 1143, 1147, 1151, 1155, 1159, 1163, 1167, 1170, 1175,
    1178, 1182, 1186, 1190, 1195, 1198, 1203, 1206, 1211, 1215, 1219, 1222,
    1227, 1231, 1235, 1239, 1242, 1247, 1251, 1255, 1258, 1263, 1267, 1271,
    1275, 1278, 1283, 1286, 1290, 1294, 1298, 1302, 1306, 1310, 1315, 1319,
    1323, 1327, 1331, 1335, 1339, 1343, 1347, 1351, 1354, 1358, 1363, 1366,
    1371, 1375, 1379, 1382, 1387, 1391, 1395
[3] 2, 6, 11, 15, 18, 23, 27, 30, 35, 39, 42, 47, 51, 54, 59, 62, 66, 71, 75,
    79, 83, 86, 91, 95, 99, 102, 106, 110, 115, 118, 123, 126, 131, 134, 139,
    143, 147, 151, 154, 159, 162, 167, 170, 174, 179, 182, 186, 190, 195, 198,
    203, 206, 211, 215, 219, 223, 226, 230, 235, 239, 242, 246, 250, 254, 258,
    262, 266, 271, 275, 278, 283, 286, 290, 295, 299, 303, 306, 310, 315, 318,
    323, 326, 330, 335, 339, 342, 346, 351, 354, 359, 362, 367, 371, 374, 379,
    382, 387, 390, 395, 398, 403, 406, 410, 415, 419, 423, 427, 431, 434, 438,
    442, 446, 450, 454, 458, 463, 467, 470, 474, 479, 482, 486, 490, 494, 499,
    502, 506, 511, 515, 519, 522, 527, 531, 534, 538, 543, 546, 550, 555, 558,
    563, 566, 571, 575, 578, 582, 586, 590, 595, 598, 603, 607, 610, 614, 618,
    622, 626, 630, 635, 638, 643, 646, 650, 655, 659, 663, 667, 670, 675, 679,
    682, 687, 691, 695, 699, 703, 707, 710, 715, 719, 723, 727, 731, 735, 739,
    743, 746, 751, 755, 758, 763, 767, 770, 775, 778, 783, 787, 790, 795, 798,
    802, 807, 811, 815, 819, 823, 827, 831, 835, 838, 843, 846, 851, 855, 859,
    862, 866, 870, 875, 878, 883, 887, 890, 894, 899, 902, 907, 910, 914, 919,
    922, 926, 931, 934, 939, 943, 946, 950, 955, 959, 962, 967, 970, 975, 978,
    982, 986, 991, 994, 999, 1003, 1007, 1011, 1015, 1019, 1023, 1027, 1031,
    1035, 1038, 1043, 1046, 1050, 1054, 1058, 1062, 1066, 1070, 1074, 1078,
    1082, 1086, 1090, 1094, 1098, 1102, 1106, 1110, 1115, 1118, 1123, 1126,
    1131, 1134, 1138, 1142, 1146, 1150, 1154, 1158, 1162, 1166, 1171, 1174,
    1179, 1183, 1187, 1191, 1194, 1199, 1202, 1207, 1210, 1214, 1218, 1223,
    1226, 1230, 1234, 1238, 1243, 1246, 1250, 1254, 1259, 1262, 1266, 1270,
    1274, 1279, 1282, 1287, 1291, 1295, 1299, 1303, 1307, 1311, 1314, 1318,
    1322, 1326, 1330, 1334, 1338, 1342, 1346, 1350, 1355, 1359, 1362, 1367,
    1370, 1374, 1378, 1383, 1386, 1390, 1394

 Xixi Adjusted Rand Index:
0.6056125050675413




----------------------------------------------------------------------------------------------
Output from 2025-08-11 17:26:17.323934
----------------------------------------------------------------------------------------------


                

###### Starting pipeline for 0, Distance.EDIT_DISTANCE, 1######
Found communities: 

Clustering with 1396 elements and 2 clusters
[0] 1, 2, 3, 5, 6, 7, 9, 10, 11, 13, 14, 15, 17, 18, 19, 21, 22, 23, 25, 26,
    27, 29, 30, 31, 33, 34, 35, 37, 38, 39, 41, 42, 43, 45, 46, 47, 49, 50,
    51, 53, 54, 55, 57, 58, 59, 61, 62, 63, 65, 66, 67, 69, 70, 71, 73, 74,
    75, 77, 78, 79, 81, 82, 83, 85, 86, 87, 89, 90, 91, 93, 94, 95, 97, 98,
    99, 101, 102, 103, 105, 106, 107, 109, 110, 111, 113, 114, 115, 117, 118,
    119, 121, 122, 123, 125, 126, 127, 129, 130, 131, 133, 134, 135, 137, 138,
    139, 141, 142, 143, 145, 146, 147, 149, 150, 151, 153, 154, 155, 157, 158,
    159, 161, 162, 163, 165, 166, 167, 169, 170, 171, 173, 174, 175, 177, 178,
    179, 181, 182, 183, 185, 186, 187, 189, 190, 191, 193, 194, 195, 197, 198,
    199, 201, 202, 203, 205, 206, 207, 209, 210, 211, 213, 214, 215, 217, 218,
    219, 221, 222, 223, 225, 226, 227, 229, 230, 231, 233, 234, 235, 237, 238,
    239, 241, 242, 243, 245, 246, 247, 249, 250, 251, 253, 254, 255, 257, 258,
    259, 261, 262, 263, 265, 266, 267, 269, 270, 271, 273, 274, 275, 277, 278,
    279, 281, 282, 283, 285, 286, 287, 289, 290, 291, 293, 294, 295, 297, 298,
    299, 301, 302, 303, 305, 306, 307, 309, 310, 311, 313, 314, 315, 317, 318,
    319, 321, 322, 323, 325, 326, 327, 329, 330, 331, 333, 334, 335, 337, 338,
    339, 341, 342, 343, 345, 346, 347, 349, 350, 351, 353, 354, 355, 357, 358,
    359, 361, 362, 363, 365, 366, 367, 369, 370, 371, 373, 374, 375, 377, 378,
    379, 381, 382, 383, 385, 386, 387, 389, 390, 391, 393, 394, 395, 397, 398,
    399, 401, 402, 403, 405, 406, 407, 409, 410, 411, 413, 414, 415, 417, 418,
    419, 421, 422, 423, 425, 426, 427, 429, 430, 431, 433, 434, 435, 437, 438,
    439, 441, 442, 443, 445, 446, 447, 449, 450, 451, 453, 454, 455, 457, 458,
    459, 461, 462, 463, 465, 466, 467, 469, 470, 471, 473, 474, 475, 477, 478,
    479, 481, 482, 483, 485, 486, 487, 489, 490, 491, 493, 494, 495, 497, 498,
    499, 501, 502, 503, 505, 506, 507, 509, 510, 511, 513, 514, 515, 517, 518,
    519, 521, 522, 523, 525, 526, 527, 529, 530, 531, 533, 534, 535, 537, 538,
    539, 541, 542, 543, 545, 546, 547, 549, 550, 551, 553, 554, 555, 557, 558,
    559, 561, 562, 563, 565, 566, 567, 569, 570, 571, 573, 574, 575, 577, 578,
    579, 581, 582, 583, 585, 586, 587, 589, 590, 591, 593, 594, 595, 597, 598,
    599, 601, 602, 603, 605, 606, 607, 609, 610, 611, 613, 614, 615, 617, 618,
    619, 621, 622, 623, 625, 626, 627, 629, 630, 631, 633, 634, 635, 637, 638,
    639, 641, 642, 643, 645, 646, 647, 649, 650, 651, 653, 654, 655, 657, 658,
    659, 661, 662, 663, 665, 666, 667, 669, 670, 671, 673, 674, 675, 677, 678,
    679, 681, 682, 683, 685, 686, 687, 689, 690, 691, 693, 694, 695, 697, 698,
    699, 701, 702, 703, 705, 706, 707, 709, 710, 711, 713, 714, 715, 717, 718,
    719, 721, 722, 723, 725, 726, 727, 729, 730, 731, 733, 734, 735, 737, 738,
    739, 741, 742, 743, 745, 746, 747, 749, 750, 751, 753, 754, 755, 757, 758,
    759, 761, 762, 763, 765, 766, 767, 769, 770, 771, 773, 774, 775, 777, 778,
    779, 781, 782, 783, 785, 786, 787, 789, 790, 791, 793, 794, 795, 797, 798,
    799, 801, 802, 803, 805, 806, 807, 809, 810, 811, 813, 814, 815, 817, 818,
    819, 821, 822, 823, 825, 826, 827, 829, 830, 831, 833, 834, 835, 837, 838,
    839, 841, 842, 843, 845, 846, 847, 849, 850, 851, 853, 854, 855, 857, 858,
    859, 861, 862, 863, 865, 866, 867, 869, 870, 871, 873, 874, 875, 877, 878,
    879, 881, 882, 883, 885, 886, 887, 889, 890, 891, 893, 894, 895, 897, 898,
    899, 901, 902, 903, 905, 906, 907, 909, 910, 911, 913, 914, 915, 917, 918,
    919, 921, 922, 923, 925, 926, 927, 929, 930, 931, 933, 934, 935, 937, 938,
    939, 941, 942, 943, 945, 946, 947, 949, 950, 951, 953, 954, 955, 957, 958,
    959, 961, 962, 963, 965, 966, 967, 969, 970, 971, 973, 974, 975, 977, 978,
    979, 981, 982, 983, 985, 986, 987, 989, 990, 991, 993, 994, 995, 997, 998,
    999, 1001, 1002, 1003, 1005, 1006, 1007, 1009, 1010, 1011, 1013, 1014,
    1015, 1017, 1018, 1019, 1021, 1022, 1023, 1025, 1026, 1027, 1029, 1030,
    1031, 1033, 1034, 1035, 1037, 1038, 1039, 1041, 1042, 1043, 1045, 1046,
    1047, 1049, 1050, 1051, 1053, 1054, 1055, 1057, 1058, 1059, 1061, 1062,
    1063, 1065, 1066, 1067, 1069, 1070, 1071, 1073, 1074, 1075, 1077, 1078,
    1079, 1081, 1082, 1083, 1085, 1086, 1087, 1089, 1090, 1091, 1093, 1094,
    1095, 1097, 1098, 1099, 1101, 1102, 1103, 1105, 1106, 1107, 1109, 1110,
    1111, 1113, 1114, 1115, 1117, 1118, 1119, 1121, 1122, 1123, 1125, 1126,
    1127, 1129, 1130, 1131, 1133, 1134, 1135, 1137, 1138, 1139, 1141, 1142,
    1143, 1145, 1146, 1147, 1149, 1150, 1151, 1153, 1154, 1155, 1157, 1158,
    1159, 1161, 1162, 1163, 1165, 1166, 1167, 1169, 1170, 1171, 1173, 1174,
    1175, 1177, 1178, 1179, 1181, 1182, 1183, 1185, 1186, 1187, 1189, 1190,
    1191, 1193, 1194, 1195, 1197, 1198, 1199, 1201, 1202, 1203, 1205, 1206,
    1207, 1209, 1210, 1211, 1213, 1214, 1215, 1217, 1218, 1219, 1221, 1222,
    1223, 1225, 1226, 1227, 1229, 1230, 1231, 1233, 1234, 1235, 1237, 1238,
    1239, 1241, 1242, 1243, 1245, 1246, 1247, 1249, 1250, 1251, 1253, 1254,
    1255, 1257, 1258, 1259, 1261, 1262, 1263, 1265, 1266, 1267, 1269, 1270,
    1271, 1273, 1274, 1275, 1277, 1278, 1279, 1281, 1282, 1283, 1285, 1286,
    1287, 1289, 1290, 1291, 1293, 1294, 1295, 1297, 1298, 1299, 1301, 1302,
    1303, 1305, 1306, 1307, 1309, 1310, 1311, 1313, 1314, 1315, 1317, 1318,
    1319, 1321, 1322, 1323, 1325, 1326, 1327, 1329, 1330, 1331, 1333, 1334,
    1335, 1337, 1338, 1339, 1341, 1342, 1343, 1345, 1346, 1347, 1349, 1350,
    1351, 1353, 1354, 1355, 1357, 1358, 1359, 1361, 1362, 1363, 1365, 1366,
    1367, 1369, 1370, 1371, 1373, 1374, 1375, 1377, 1378, 1379, 1381, 1382,
    1383, 1385, 1386, 1387, 1389, 1390, 1391, 1393, 1394, 1395
[1] 0, 4, 8, 12, 16, 20, 24, 28, 32, 36, 40, 44, 48, 52, 56, 60, 64, 68, 72,
    76, 80, 84, 88, 92, 96, 100, 104, 108, 112, 116, 120, 124, 128, 132, 136,
    140, 144, 148, 152, 156, 160, 164, 168, 172, 176, 180, 184, 188, 192, 196,
    200, 204, 208, 212, 216, 220, 224, 228, 232, 236, 240, 244, 248, 252, 256,
    260, 264, 268, 272, 276, 280, 284, 288, 292, 296, 300, 304, 308, 312, 316,
    320, 324, 328, 332, 336, 340, 344, 348, 352, 356, 360, 364, 368, 372, 376,
    380, 384, 388, 392, 396, 400, 404, 408, 412, 416, 420, 424, 428, 432, 436,
    440, 444, 448, 452, 456, 460, 464, 468, 472, 476, 480, 484, 488, 492, 496,
    500, 504, 508, 512, 516, 520, 524, 528, 532, 536, 540, 544, 548, 552, 556,
    560, 564, 568, 572, 576, 580, 584, 588, 592, 596, 600, 604, 608, 612, 616,
    620, 624, 628, 632, 636, 640, 644, 648, 652, 656, 660, 664, 668, 672, 676,
    680, 684, 688, 692, 696, 700, 704, 708, 712, 716, 720, 724, 728, 732, 736,
    740, 744, 748, 752, 756, 760, 764, 768, 772, 776, 780, 784, 788, 792, 796,
    800, 804, 808, 812, 816, 820, 824, 828, 832, 836, 840, 844, 848, 852, 856,
    860, 864, 868, 872, 876, 880, 884, 888, 892, 896, 900, 904, 908, 912, 916,
    920, 924, 928, 932, 936, 940, 944, 948, 952, 956, 960, 964, 968, 972, 976,
    980, 984, 988, 992, 996, 1000, 1004, 1008, 1012, 1016, 1020, 1024, 1028,
    1032, 1036, 1040, 1044, 1048, 1052, 1056, 1060, 1064, 1068, 1072, 1076,
    1080, 1084, 1088, 1092, 1096, 1100, 1104, 1108, 1112, 1116, 1120, 1124,
    1128, 1132, 1136, 1140, 1144, 1148, 1152, 1156, 1160, 1164, 1168, 1172,
    1176, 1180, 1184, 1188, 1192, 1196, 1200, 1204, 1208, 1212, 1216, 1220,
    1224, 1228, 1232, 1236, 1240, 1244, 1248, 1252, 1256, 1260, 1264, 1268,
    1272, 1276, 1280, 1284, 1288, 1292, 1296, 1300, 1304, 1308, 1312, 1316,
    1320, 1324, 1328, 1332, 1336, 1340, 1344, 1348, 1352, 1356, 1360, 1364,
    1368, 1372, 1376, 1380, 1384, 1388, 1392

Reassigned labels
Map:
{"O_0": "O", "O_1": "O"}
token_fitness
{"perc_fit_traces": 100.0, "average_trace_fitness": 1.0, "log_fitness": 1.0, "percentage_of_fitting_traces": 100.0}
precision
0.4737096093137353
0.6623376623376623
generalization
0.933843417759231
token_fitness
{"perc_fit_traces": 0.0, "average_trace_fitness": 0.8057095034971511, "log_fitness": 0.8218873868037797, "percentage_of_fitting_traces": 0.0}
precision
0.28901879905633787
0.6623376623376623
generalization
0.6608730250416905


###### Starting pipeline for 0.25, Distance.EDIT_DISTANCE, 1######
Found communities: 

Clustering with 1396 elements and 2 clusters
[0] 1, 2, 3, 5, 6, 7, 9, 10, 11, 13, 14, 15, 17, 18, 19, 21, 22, 23, 25, 26,
    27, 29, 30, 31, 33, 34, 35, 37, 38, 39, 41, 42, 43, 45, 46, 47, 49, 50,
    51, 53, 54, 55, 57, 58, 59, 61, 62, 63, 65, 66, 67, 69, 70, 71, 73, 74,
    75, 77, 78, 79, 81, 82, 83, 85, 86, 87, 89, 90, 91, 93, 94, 95, 97, 98,
    99, 101, 102, 103, 105, 106, 107, 109, 110, 111, 113, 114, 115, 117, 118,
    119, 121, 122, 123, 125, 126, 127, 129, 130, 131, 133, 134, 135, 137, 138,
    139, 141, 142, 143, 145, 146, 147, 149, 150, 151, 153, 154, 155, 157, 158,
    159, 161, 162, 163, 165, 166, 167, 169, 170, 171, 173, 174, 175, 177, 178,
    179, 181, 182, 183, 185, 186, 187, 189, 190, 191, 193, 194, 195, 197, 198,
    199, 201, 202, 203, 205, 206, 207, 209, 210, 211, 213, 214, 215, 217, 218,
    219, 221, 222, 223, 225, 226, 227, 229, 230, 231, 233, 234, 235, 237, 238,
    239, 241, 242, 243, 245, 246, 247, 249, 250, 251, 253, 254, 255, 257, 258,
    259, 261, 262, 263, 265, 266, 267, 269, 270, 271, 273, 274, 275, 277, 278,
    279, 281, 282, 283, 285, 286, 287, 289, 290, 291, 293, 294, 295, 297, 298,
    299, 301, 302, 303, 305, 306, 307, 309, 310, 311, 313, 314, 315, 317, 318,
    319, 321, 322, 323, 325, 326, 327, 329, 330, 331, 333, 334, 335, 337, 338,
    339, 341, 342, 343, 345, 346, 347, 349, 350, 351, 353, 354, 355, 357, 358,
    359, 361, 362, 363, 365, 366, 367, 369, 370, 371, 373, 374, 375, 377, 378,
    379, 381, 382, 383, 385, 386, 387, 389, 390, 391, 393, 394, 395, 397, 398,
    399, 401, 402, 403, 405, 406, 407, 409, 410, 411, 413, 414, 415, 417, 418,
    419, 421, 422, 423, 425, 426, 427, 429, 430, 431, 433, 434, 435, 437, 438,
    439, 441, 442, 443, 445, 446, 447, 449, 450, 451, 453, 454, 455, 457, 458,
    459, 461, 462, 463, 465, 466, 467, 469, 470, 471, 473, 474, 475, 477, 478,
    479, 481, 482, 483, 485, 486, 487, 489, 490, 491, 493, 494, 495, 497, 498,
    499, 501, 502, 503, 505, 506, 507, 509, 510, 511, 513, 514, 515, 517, 518,
    519, 521, 522, 523, 525, 526, 527, 529, 530, 531, 533, 534, 535, 537, 538,
    539, 541, 542, 543, 545, 546, 547, 549, 550, 551, 553, 554, 555, 557, 558,
    559, 561, 562, 563, 565, 566, 567, 569, 570, 571, 573, 574, 575, 577, 578,
    579, 581, 582, 583, 585, 586, 587, 589, 590, 591, 593, 594, 595, 597, 598,
    599, 601, 602, 603, 605, 606, 607, 609, 610, 611, 613, 614, 615, 617, 618,
    619, 621, 622, 623, 625, 626, 627, 629, 630, 631, 633, 634, 635, 637, 638,
    639, 641, 642, 643, 645, 646, 647, 649, 650, 651, 653, 654, 655, 657, 658,
    659, 661, 662, 663, 665, 666, 667, 669, 670, 671, 673, 674, 675, 677, 678,
    679, 681, 682, 683, 685, 686, 687, 689, 690, 691, 693, 694, 695, 697, 698,
    699, 701, 702, 703, 705, 706, 707, 709, 710, 711, 713, 714, 715, 717, 718,
    719, 721, 722, 723, 725, 726, 727, 729, 730, 731, 733, 734, 735, 737, 738,
    739, 741, 742, 743, 745, 746, 747, 749, 750, 751, 753, 754, 755, 757, 758,
    759, 761, 762, 763, 765, 766, 767, 769, 770, 771, 773, 774, 775, 777, 778,
    779, 781, 782, 783, 785, 786, 787, 789, 790, 791, 793, 794, 795, 797, 798,
    799, 801, 802, 803, 805, 806, 807, 809, 810, 811, 813, 814, 815, 817, 818,
    819, 821, 822, 823, 825, 826, 827, 829, 830, 831, 833, 834, 835, 837, 838,
    839, 841, 842, 843, 845, 846, 847, 849, 850, 851, 853, 854, 855, 857, 858,
    859, 861, 862, 863, 865, 866, 867, 869, 870, 871, 873, 874, 875, 877, 878,
    879, 881, 882, 883, 885, 886, 887, 889, 890, 891, 893, 894, 895, 897, 898,
    899, 901, 902, 903, 905, 906, 907, 909, 910, 911, 913, 914, 915, 917, 918,
    919, 921, 922, 923, 925, 926, 927, 929, 930, 931, 933, 934, 935, 937, 938,
    939, 941, 942, 943, 945, 946, 947, 949, 950, 951, 953, 954, 955, 957, 958,
    959, 961, 962, 963, 965, 966, 967, 969, 970, 971, 973, 974, 975, 977, 978,
    979, 981, 982, 983, 985, 986, 987, 989, 990, 991, 993, 994, 995, 997, 998,
    999, 1001, 1002, 1003, 1005, 1006, 1007, 1009, 1010, 1011, 1013, 1014,
    1015, 1017, 1018, 1019, 1021, 1022, 1023, 1025, 1026, 1027, 1029, 1030,
    1031, 1033, 1034, 1035, 1037, 1038, 1039, 1041, 1042, 1043, 1045, 1046,
    1047, 1049, 1050, 1051, 1053, 1054, 1055, 1057, 1058, 1059, 1061, 1062,
    1063, 1065, 1066, 1067, 1069, 1070, 1071, 1073, 1074, 1075, 1077, 1078,
    1079, 1081, 1082, 1083, 1085, 1086, 1087, 1089, 1090, 1091, 1093, 1094,
    1095, 1097, 1098, 1099, 1101, 1102, 1103, 1105, 1106, 1107, 1109, 1110,
    1111, 1113, 1114, 1115, 1117, 1118, 1119, 1121, 1122, 1123, 1125, 1126,
    1127, 1129, 1130, 1131, 1133, 1134, 1135, 1137, 1138, 1139, 1141, 1142,
    1143, 1145, 1146, 1147, 1149, 1150, 1151, 1153, 1154, 1155, 1157, 1158,
    1159, 1161, 1162, 1163, 1165, 1166, 1167, 1169, 1170, 1171, 1173, 1174,
    1175, 1177, 1178, 1179, 1181, 1182, 1183, 1185, 1186, 1187, 1189, 1190,
    1191, 1193, 1194, 1195, 1197, 1198, 1199, 1201, 1202, 1203, 1205, 1206,
    1207, 1209, 1210, 1211, 1213, 1214, 1215, 1217, 1218, 1219, 1221, 1222,
    1223, 1225, 1226, 1227, 1229, 1230, 1231, 1233, 1234, 1235, 1237, 1238,
    1239, 1241, 1242, 1243, 1245, 1246, 1247, 1249, 1250, 1251, 1253, 1254,
    1255, 1257, 1258, 1259, 1261, 1262, 1263, 1265, 1266, 1267, 1269, 1270,
    1271, 1273, 1274, 1275, 1277, 1278, 1279, 1281, 1282, 1283, 1285, 1286,
    1287, 1289, 1290, 1291, 1293, 1294, 1295, 1297, 1298, 1299, 1301, 1302,
    1303, 1305, 1306, 1307, 1309, 1310, 1311, 1313, 1314, 1315, 1317, 1318,
    1319, 1321, 1322, 1323, 1325, 1326, 1327, 1329, 1330, 1331, 1333, 1334,
    1335, 1337, 1338, 1339, 1341, 1342, 1343, 1345, 1346, 1347, 1349, 1350,
    1351, 1353, 1354, 1355, 1357, 1358, 1359, 1361, 1362, 1363, 1365, 1366,
    1367, 1369, 1370, 1371, 1373, 1374, 1375, 1377, 1378, 1379, 1381, 1382,
    1383, 1385, 1386, 1387, 1389, 1390, 1391, 1393, 1394, 1395
[1] 0, 4, 8, 12, 16, 20, 24, 28, 32, 36, 40, 44, 48, 52, 56, 60, 64, 68, 72,
    76, 80, 84, 88, 92, 96, 100, 104, 108, 112, 116, 120, 124, 128, 132, 136,
    140, 144, 148, 152, 156, 160, 164, 168, 172, 176, 180, 184, 188, 192, 196,
    200, 204, 208, 212, 216, 220, 224, 228, 232, 236, 240, 244, 248, 252, 256,
    260, 264, 268, 272, 276, 280, 284, 288, 292, 296, 300, 304, 308, 312, 316,
    320, 324, 328, 332, 336, 340, 344, 348, 352, 356, 360, 364, 368, 372, 376,
    380, 384, 388, 392, 396, 400, 404, 408, 412, 416, 420, 424, 428, 432, 436,
    440, 444, 448, 452, 456, 460, 464, 468, 472, 476, 480, 484, 488, 492, 496,
    500, 504, 508, 512, 516, 520, 524, 528, 532, 536, 540, 544, 548, 552, 556,
    560, 564, 568, 572, 576, 580, 584, 588, 592, 596, 600, 604, 608, 612, 616,
    620, 624, 628, 632, 636, 640, 644, 648, 652, 656, 660, 664, 668, 672, 676,
    680, 684, 688, 692, 696, 700, 704, 708, 712, 716, 720, 724, 728, 732, 736,
    740, 744, 748, 752, 756, 760, 764, 768, 772, 776, 780, 784, 788, 792, 796,
    800, 804, 808, 812, 816, 820, 824, 828, 832, 836, 840, 844, 848, 852, 856,
    860, 864, 868, 872, 876, 880, 884, 888, 892, 896, 900, 904, 908, 912, 916,
    920, 924, 928, 932, 936, 940, 944, 948, 952, 956, 960, 964, 968, 972, 976,
    980, 984, 988, 992, 996, 1000, 1004, 1008, 1012, 1016, 1020, 1024, 1028,
    1032, 1036, 1040, 1044, 1048, 1052, 1056, 1060, 1064, 1068, 1072, 1076,
    1080, 1084, 1088, 1092, 1096, 1100, 1104, 1108, 1112, 1116, 1120, 1124,
    1128, 1132, 1136, 1140, 1144, 1148, 1152, 1156, 1160, 1164, 1168, 1172,
    1176, 1180, 1184, 1188, 1192, 1196, 1200, 1204, 1208, 1212, 1216, 1220,
    1224, 1228, 1232, 1236, 1240, 1244, 1248, 1252, 1256, 1260, 1264, 1268,
    1272, 1276, 1280, 1284, 1288, 1292, 1296, 1300, 1304, 1308, 1312, 1316,
    1320, 1324, 1328, 1332, 1336, 1340, 1344, 1348, 1352, 1356, 1360, 1364,
    1368, 1372, 1376, 1380, 1384, 1388, 1392

Reassigned labels
Map:
{"O_0": "O", "O_1": "O"}
token_fitness
{"perc_fit_traces": 0.0, "average_trace_fitness": 0.8057095034971511, "log_fitness": 0.8218873868037797, "percentage_of_fitting_traces": 0.0}
precision
0.28901879905633787
0.6623376623376623
generalization
0.6608730250416905


###### Starting pipeline for 0.5, Distance.EDIT_DISTANCE, 1######
Found communities: 

Clustering with 1396 elements and 2 clusters
[0] 1, 2, 3, 5, 6, 7, 9, 10, 11, 13, 14, 15, 17, 18, 19, 21, 22, 23, 25, 26,
    27, 29, 30, 31, 33, 34, 35, 37, 38, 39, 41, 42, 43, 45, 46, 47, 49, 50,
    51, 53, 54, 55, 57, 58, 59, 61, 62, 63, 65, 66, 67, 69, 70, 71, 73, 74,
    75, 77, 78, 79, 81, 82, 83, 85, 86, 87, 89, 90, 91, 93, 94, 95, 97, 98,
    99, 101, 102, 103, 105, 106, 107, 109, 110, 111, 113, 114, 115, 117, 118,
    119, 121, 122, 123, 125, 126, 127, 129, 130, 131, 133, 134, 135, 137, 138,
    139, 141, 142, 143, 145, 146, 147, 149, 150, 151, 153, 154, 155, 157, 158,
    159, 161, 162, 163, 165, 166, 167, 169, 170, 171, 173, 174, 175, 177, 178,
    179, 181, 182, 183, 185, 186, 187, 189, 190, 191, 193, 194, 195, 197, 198,
    199, 201, 202, 203, 205, 206, 207, 209, 210, 211, 213, 214, 215, 217, 218,
    219, 221, 222, 223, 225, 226, 227, 229, 230, 231, 233, 234, 235, 237, 238,
    239, 241, 242, 243, 245, 246, 247, 249, 250, 251, 253, 254, 255, 257, 258,
    259, 261, 262, 263, 265, 266, 267, 269, 270, 271, 273, 274, 275, 277, 278,
    279, 281, 282, 283, 285, 286, 287, 289, 290, 291, 293, 294, 295, 297, 298,
    299, 301, 302, 303, 305, 306, 307, 309, 310, 311, 313, 314, 315, 317, 318,
    319, 321, 322, 323, 325, 326, 327, 329, 330, 331, 333, 334, 335, 337, 338,
    339, 341, 342, 343, 345, 346, 347, 349, 350, 351, 353, 354, 355, 357, 358,
    359, 361, 362, 363, 365, 366, 367, 369, 370, 371, 373, 374, 375, 377, 378,
    379, 381, 382, 383, 385, 386, 387, 389, 390, 391, 393, 394, 395, 397, 398,
    399, 401, 402, 403, 405, 406, 407, 409, 410, 411, 413, 414, 415, 417, 418,
    419, 421, 422, 423, 425, 426, 427, 429, 430, 431, 433, 434, 435, 437, 438,
    439, 441, 442, 443, 445, 446, 447, 449, 450, 451, 453, 454, 455, 457, 458,
    459, 461, 462, 463, 465, 466, 467, 469, 470, 471, 473, 474, 475, 477, 478,
    479, 481, 482, 483, 485, 486, 487, 489, 490, 491, 493, 494, 495, 497, 498,
    499, 501, 502, 503, 505, 506, 507, 509, 510, 511, 513, 514, 515, 517, 518,
    519, 521, 522, 523, 525, 526, 527, 529, 530, 531, 533, 534, 535, 537, 538,
    539, 541, 542, 543, 545, 546, 547, 549, 550, 551, 553, 554, 555, 557, 558,
    559, 561, 562, 563, 565, 566, 567, 569, 570, 571, 573, 574, 575, 577, 578,
    579, 581, 582, 583, 585, 586, 587, 589, 590, 591, 593, 594, 595, 597, 598,
    599, 601, 602, 603, 605, 606, 607, 609, 610, 611, 613, 614, 615, 617, 618,
    619, 621, 622, 623, 625, 626, 627, 629, 630, 631, 633, 634, 635, 637, 638,
    639, 641, 642, 643, 645, 646, 647, 649, 650, 651, 653, 654, 655, 657, 658,
    659, 661, 662, 663, 665, 666, 667, 669, 670, 671, 673, 674, 675, 677, 678,
    679, 681, 682, 683, 685, 686, 687, 689, 690, 691, 693, 694, 695, 697, 698,
    699, 701, 702, 703, 705, 706, 707, 709, 710, 711, 713, 714, 715, 717, 718,
    719, 721, 722, 723, 725, 726, 727, 729, 730, 731, 733, 734, 735, 737, 738,
    739, 741, 742, 743, 745, 746, 747, 749, 750, 751, 753, 754, 755, 757, 758,
    759, 761, 762, 763, 765, 766, 767, 769, 770, 771, 773, 774, 775, 777, 778,
    779, 781, 782, 783, 785, 786, 787, 789, 790, 791, 793, 794, 795, 797, 798,
    799, 801, 802, 803, 805, 806, 807, 809, 810, 811, 813, 814, 815, 817, 818,
    819, 821, 822, 823, 825, 826, 827, 829, 830, 831, 833, 834, 835, 837, 838,
    839, 841, 842, 843, 845, 846, 847, 849, 850, 851, 853, 854, 855, 857, 858,
    859, 861, 862, 863, 865, 866, 867, 869, 870, 871, 873, 874, 875, 877, 878,
    879, 881, 882, 883, 885, 886, 887, 889, 890, 891, 893, 894, 895, 897, 898,
    899, 901, 902, 903, 905, 906, 907, 909, 910, 911, 913, 914, 915, 917, 918,
    919, 921, 922, 923, 925, 926, 927, 929, 930, 931, 933, 934, 935, 937, 938,
    939, 941, 942, 943, 945, 946, 947, 949, 950, 951, 953, 954, 955, 957, 958,
    959, 961, 962, 963, 965, 966, 967, 969, 970, 971, 973, 974, 975, 977, 978,
    979, 981, 982, 983, 985, 986, 987, 989, 990, 991, 993, 994, 995, 997, 998,
    999, 1001, 1002, 1003, 1005, 1006, 1007, 1009, 1010, 1011, 1013, 1014,
    1015, 1017, 1018, 1019, 1021, 1022, 1023, 1025, 1026, 1027, 1029, 1030,
    1031, 1033, 1034, 1035, 1037, 1038, 1039, 1041, 1042, 1043, 1045, 1046,
    1047, 1049, 1050, 1051, 1053, 1054, 1055, 1057, 1058, 1059, 1061, 1062,
    1063, 1065, 1066, 1067, 1069, 1070, 1071, 1073, 1074, 1075, 1077, 1078,
    1079, 1081, 1082, 1083, 1085, 1086, 1087, 1089, 1090, 1091, 1093, 1094,
    1095, 1097, 1098, 1099, 1101, 1102, 1103, 1105, 1106, 1107, 1109, 1110,
    1111, 1113, 1114, 1115, 1117, 1118, 1119, 1121, 1122, 1123, 1125, 1126,
    1127, 1129, 1130, 1131, 1133, 1134, 1135, 1137, 1138, 1139, 1141, 1142,
    1143, 1145, 1146, 1147, 1149, 1150, 1151, 1153, 1154, 1155, 1157, 1158,
    1159, 1161, 1162, 1163, 1165, 1166, 1167, 1169, 1170, 1171, 1173, 1174,
    1175, 1177, 1178, 1179, 1181, 1182, 1183, 1185, 1186, 1187, 1189, 1190,
    1191, 1193, 1194, 1195, 1197, 1198, 1199, 1201, 1202, 1203, 1205, 1206,
    1207, 1209, 1210, 1211, 1213, 1214, 1215, 1217, 1218, 1219, 1221, 1222,
    1223, 1225, 1226, 1227, 1229, 1230, 1231, 1233, 1234, 1235, 1237, 1238,
    1239, 1241, 1242, 1243, 1245, 1246, 1247, 1249, 1250, 1251, 1253, 1254,
    1255, 1257, 1258, 1259, 1261, 1262, 1263, 1265, 1266, 1267, 1269, 1270,
    1271, 1273, 1274, 1275, 1277, 1278, 1279, 1281, 1282, 1283, 1285, 1286,
    1287, 1289, 1290, 1291, 1293, 1294, 1295, 1297, 1298, 1299, 1301, 1302,
    1303, 1305, 1306, 1307, 1309, 1310, 1311, 1313, 1314, 1315, 1317, 1318,
    1319, 1321, 1322, 1323, 1325, 1326, 1327, 1329, 1330, 1331, 1333, 1334,
    1335, 1337, 1338, 1339, 1341, 1342, 1343, 1345, 1346, 1347, 1349, 1350,
    1351, 1353, 1354, 1355, 1357, 1358, 1359, 1361, 1362, 1363, 1365, 1366,
    1367, 1369, 1370, 1371, 1373, 1374, 1375, 1377, 1378, 1379, 1381, 1382,
    1383, 1385, 1386, 1387, 1389, 1390, 1391, 1393, 1394, 1395
[1] 0, 4, 8, 12, 16, 20, 24, 28, 32, 36, 40, 44, 48, 52, 56, 60, 64, 68, 72,
    76, 80, 84, 88, 92, 96, 100, 104, 108, 112, 116, 120, 124, 128, 132, 136,
    140, 144, 148, 152, 156, 160, 164, 168, 172, 176, 180, 184, 188, 192, 196,
    200, 204, 208, 212, 216, 220, 224, 228, 232, 236, 240, 244, 248, 252, 256,
    260, 264, 268, 272, 276, 280, 284, 288, 292, 296, 300, 304, 308, 312, 316,
    320, 324, 328, 332, 336, 340, 344, 348, 352, 356, 360, 364, 368, 372, 376,
    380, 384, 388, 392, 396, 400, 404, 408, 412, 416, 420, 424, 428, 432, 436,
    440, 444, 448, 452, 456, 460, 464, 468, 472, 476, 480, 484, 488, 492, 496,
    500, 504, 508, 512, 516, 520, 524, 528, 532, 536, 540, 544, 548, 552, 556,
    560, 564, 568, 572, 576, 580, 584, 588, 592, 596, 600, 604, 608, 612, 616,
    620, 624, 628, 632, 636, 640, 644, 648, 652, 656, 660, 664, 668, 672, 676,
    680, 684, 688, 692, 696, 700, 704, 708, 712, 716, 720, 724, 728, 732, 736,
    740, 744, 748, 752, 756, 760, 764, 768, 772, 776, 780, 784, 788, 792, 796,
    800, 804, 808, 812, 816, 820, 824, 828, 832, 836, 840, 844, 848, 852, 856,
    860, 864, 868, 872, 876, 880, 884, 888, 892, 896, 900, 904, 908, 912, 916,
    920, 924, 928, 932, 936, 940, 944, 948, 952, 956, 960, 964, 968, 972, 976,
    980, 984, 988, 992, 996, 1000, 1004, 1008, 1012, 1016, 1020, 1024, 1028,
    1032, 1036, 1040, 1044, 1048, 1052, 1056, 1060, 1064, 1068, 1072, 1076,
    1080, 1084, 1088, 1092, 1096, 1100, 1104, 1108, 1112, 1116, 1120, 1124,
    1128, 1132, 1136, 1140, 1144, 1148, 1152, 1156, 1160, 1164, 1168, 1172,
    1176, 1180, 1184, 1188, 1192, 1196, 1200, 1204, 1208, 1212, 1216, 1220,
    1224, 1228, 1232, 1236, 1240, 1244, 1248, 1252, 1256, 1260, 1264, 1268,
    1272, 1276, 1280, 1284, 1288, 1292, 1296, 1300, 1304, 1308, 1312, 1316,
    1320, 1324, 1328, 1332, 1336, 1340, 1344, 1348, 1352, 1356, 1360, 1364,
    1368, 1372, 1376, 1380, 1384, 1388, 1392

Reassigned labels
Map:
{"O_0": "O", "O_1": "O"}
token_fitness
{"perc_fit_traces": 0.0, "average_trace_fitness": 0.8057095034971511, "log_fitness": 0.8218873868037797, "percentage_of_fitting_traces": 0.0}
precision
0.28901879905633787
0.6623376623376623
generalization
0.6608730250416905


###### Starting pipeline for 0.75, Distance.EDIT_DISTANCE, 1######
Found communities: 

Clustering with 1396 elements and 3 clusters
[0] 1, 2, 3, 5, 6, 7, 9, 10, 11, 13, 14, 15, 17, 18, 19, 21, 22, 23, 25, 26,
    27, 29, 30, 31, 33, 34, 35, 37, 38, 39, 41, 42, 43, 45, 46, 47, 49, 50,
    51, 53, 54, 55, 57, 58, 59, 61, 62, 63, 65, 66, 67, 69, 70, 71, 73, 74,
    75, 77, 78, 79, 81, 82, 83, 85, 86, 87, 89, 90, 91, 93, 94, 95, 97, 98,
    99, 101, 102, 103, 105, 106, 107, 109, 110, 111, 113, 114, 115, 117, 118,
    119, 121, 122, 123, 125, 126, 127, 129, 130, 131, 133, 134, 135, 137, 138,
    139, 141, 142, 143, 145, 146, 147, 149, 150, 151, 153, 154, 155, 157, 158,
    159, 161, 162, 163, 165, 166, 167, 169, 170, 171, 173, 174, 175, 177, 178,
    179, 181, 182, 183, 185, 186, 187, 189, 190, 191, 193, 194, 195, 197, 198,
    199, 201, 202, 203, 205, 206, 207, 209, 210, 211, 213, 214, 215, 217, 218,
    219, 221, 222, 223, 225, 226, 227, 229, 230, 231, 233, 234, 235, 237, 238,
    239, 241, 242, 243, 245, 246, 247, 249, 250, 251, 253, 254, 255, 257, 258,
    259, 261, 262, 263, 265, 266, 267, 269, 270, 271, 273, 274, 275, 277, 278,
    279, 281, 282, 283, 285, 286, 287, 289, 290, 291, 293, 294, 295, 297, 298,
    299, 301, 302, 303, 305, 306, 307, 309, 310, 311, 313, 314, 315, 317, 318,
    319, 321, 322, 323, 325, 326, 327, 329, 330, 331, 333, 334, 335, 337, 338,
    339, 341, 342, 343, 345, 346, 347, 349, 350, 351, 353, 354, 355, 357, 358,
    359, 361, 362, 363, 365, 366, 367, 369, 370, 371, 373, 374, 375, 377, 378,
    379, 381, 382, 383, 385, 386, 387, 389, 390, 391, 393, 394, 395, 397, 398,
    399, 401, 402, 403, 405, 406, 407, 409, 410, 411, 413, 414, 415, 417, 418,
    419, 421, 422, 423, 425, 426, 427, 429, 430, 431, 433, 434, 435, 437, 438,
    439, 441, 442, 443, 445, 446, 447, 449, 450, 451, 453, 454, 455, 457, 458,
    459, 461, 462, 463, 465, 466, 467, 469, 470, 471, 473, 474, 475, 477, 478,
    479, 481, 482, 483, 485, 486, 487, 489, 490, 491, 493, 494, 495, 497, 498,
    499, 501, 502, 503, 505, 506, 507, 509, 510, 511, 513, 514, 515, 517, 518,
    519, 521, 522, 523, 525, 526, 527, 529, 530, 531, 533, 534, 535, 537, 538,
    539, 541, 542, 543, 545, 546, 547, 549, 550, 551, 553, 554, 555, 557, 558,
    559, 561, 562, 563, 565, 566, 567, 569, 570, 571, 573, 574, 575, 577, 578,
    579, 581, 582, 583, 585, 586, 587, 589, 590, 591, 593, 594, 595, 597, 598,
    599, 601, 602, 603, 605, 606, 607, 609, 610, 611, 613, 614, 615, 617, 618,
    619, 621, 622, 623, 625, 626, 627, 629, 630, 631, 633, 634, 635, 637, 638,
    639, 641, 642, 643, 645, 646, 647, 649, 650, 651, 653, 654, 655, 657, 658,
    659, 661, 662, 663, 665, 666, 667, 669, 670, 671, 673, 674, 675, 677, 678,
    679, 681, 682, 683, 685, 686, 687, 689, 690, 691, 693, 694, 695, 697, 698,
    699, 701, 702, 703, 705, 706, 707, 709, 710, 711, 713, 714, 715, 717, 718,
    719, 721, 722, 723, 725, 726, 727, 729, 730, 731, 733, 734, 735, 737, 738,
    739, 741, 742, 743, 745, 746, 747, 749, 750, 751, 753, 754, 755, 757, 758,
    759, 761, 762, 763, 765, 766, 767, 769, 770, 771, 773, 774, 775, 777, 778,
    779, 781, 782, 783, 785, 786, 787, 789, 790, 791, 793, 794, 795, 797, 798,
    799, 801, 802, 803, 805, 806, 807, 809, 810, 811, 813, 814, 815, 817, 818,
    819, 821, 822, 823, 825, 826, 827, 829, 830, 831, 833, 834, 835, 837, 838,
    839, 841, 842, 843, 845, 846, 847, 849, 850, 851, 853, 854, 855, 857, 858,
    859, 861, 862, 863, 865, 866, 867, 869, 870, 871, 873, 874, 875, 877, 878,
    879, 881, 882, 883, 885, 886, 887, 889, 890, 891, 893, 894, 895, 897, 898,
    899, 901, 902, 903, 905, 906, 907, 909, 910, 911, 913, 914, 915, 917, 918,
    919, 921, 922, 923, 925, 926, 927, 929, 930, 931, 933, 934, 935, 937, 938,
    939, 941, 942, 943, 945, 946, 947, 949, 950, 951, 953, 954, 955, 957, 958,
    959, 961, 962, 963, 965, 966, 967, 969, 970, 971, 973, 974, 975, 977, 978,
    979, 981, 982, 983, 985, 986, 987, 989, 990, 991, 993, 994, 995, 997, 998,
    999, 1001, 1002, 1003, 1005, 1006, 1007, 1009, 1010, 1011, 1013, 1014,
    1015, 1017, 1018, 1019, 1021, 1022, 1023, 1025, 1026, 1027, 1029, 1030,
    1031, 1033, 1034, 1035, 1037, 1038, 1039, 1041, 1042, 1043, 1045, 1046,
    1047, 1049, 1050, 1051, 1053, 1054, 1055, 1057, 1058, 1059, 1061, 1062,
    1063, 1065, 1066, 1067, 1069, 1070, 1071, 1073, 1074, 1075, 1077, 1078,
    1079, 1081, 1082, 1083, 1085, 1086, 1087, 1089, 1090, 1091, 1093, 1094,
    1095, 1097, 1098, 1099, 1101, 1102, 1103, 1105, 1106, 1107, 1109, 1110,
    1111, 1113, 1114, 1115, 1117, 1118, 1119, 1121, 1122, 1123, 1125, 1126,
    1127, 1129, 1130, 1131, 1133, 1134, 1135, 1137, 1138, 1139, 1141, 1142,
    1143, 1145, 1146, 1147, 1149, 1150, 1151, 1153, 1154, 1155, 1157, 1158,
    1159, 1161, 1162, 1163, 1165, 1166, 1167, 1169, 1170, 1171, 1173, 1174,
    1175, 1177, 1178, 1179, 1181, 1182, 1183, 1185, 1186, 1187, 1189, 1190,
    1191, 1193, 1194, 1195, 1197, 1198, 1199, 1201, 1202, 1203, 1205, 1206,
    1207, 1209, 1210, 1211, 1213, 1214, 1215, 1217, 1218, 1219, 1221, 1222,
    1223, 1225, 1226, 1227, 1229, 1230, 1231, 1233, 1234, 1235, 1237, 1238,
    1239, 1241, 1242, 1243, 1245, 1246, 1247, 1249, 1250, 1251, 1253, 1254,
    1255, 1257, 1258, 1259, 1261, 1262, 1263, 1265, 1266, 1267, 1269, 1270,
    1271, 1273, 1274, 1275, 1277, 1278, 1279, 1281, 1282, 1283, 1285, 1286,
    1287, 1289, 1290, 1291, 1293, 1294, 1295, 1297, 1298, 1299, 1301, 1302,
    1303, 1305, 1306, 1307, 1309, 1310, 1311, 1313, 1314, 1315, 1317, 1318,
    1319, 1321, 1322, 1323, 1325, 1326, 1327, 1329, 1330, 1331, 1333, 1334,
    1335, 1337, 1338, 1339, 1341, 1342, 1343, 1345, 1346, 1347, 1349, 1350,
    1351, 1353, 1354, 1355, 1357, 1358, 1359, 1361, 1362, 1363, 1365, 1366,
    1367, 1369, 1370, 1371, 1373, 1374, 1375, 1377, 1378, 1379, 1381, 1382,
    1383, 1385, 1386, 1387, 1389, 1390, 1391, 1393, 1394, 1395
[1] 8, 28, 32, 36, 44, 56, 60, 64, 72, 80, 84, 88, 96, 100, 104, 108, 112,
    116, 128, 132, 144, 156, 160, 172, 180, 184, 196, 204, 208, 212, 216, 224,
    228, 236, 240, 244, 248, 252, 260, 272, 276, 280, 284, 292, 296, 308, 316,
    324, 332, 336, 340, 344, 348, 352, 360, 364, 380, 384, 396, 412, 428, 432,
    436, 452, 476, 484, 488, 492, 504, 512, 516, 528, 536, 540, 548, 552, 564,
    568, 576, 580, 584, 588, 592, 596, 612, 616, 620, 636, 640, 644, 648, 660,
    664, 672, 676, 680, 692, 700, 704, 708, 712, 716, 720, 728, 736, 740, 744,
    748, 752, 756, 760, 764, 776, 780, 784, 788, 792, 796, 804, 808, 820, 824,
    832, 836, 840, 844, 848, 852, 860, 868, 872, 888, 892, 896, 900, 904, 908,
    928, 936, 944, 948, 956, 960, 968, 980, 984, 988, 992, 996, 1000, 1004,
    1008, 1020, 1024, 1032, 1036, 1040, 1044, 1048, 1052, 1060, 1064, 1072,
    1080, 1084, 1088, 1096, 1100, 1104, 1108, 1116, 1124, 1128, 1140, 1160,
    1172, 1176, 1188, 1196, 1208, 1212, 1216, 1224, 1228, 1236, 1240, 1244,
    1248, 1252, 1264, 1272, 1284, 1292, 1300, 1304, 1308, 1320, 1328, 1332,
    1340, 1344, 1356, 1360, 1364, 1372, 1380, 1384, 1388, 1392
[2] 0, 4, 12, 16, 20, 24, 40, 48, 52, 68, 76, 92, 120, 124, 136, 140, 148,
    152, 164, 168, 176, 188, 192, 200, 220, 232, 256, 264, 268, 288, 300, 304,
    312, 320, 328, 356, 368, 372, 376, 388, 392, 400, 404, 408, 416, 420, 424,
    440, 444, 448, 456, 460, 464, 468, 472, 480, 496, 500, 508, 520, 524, 532,
    544, 556, 560, 572, 600, 604, 608, 624, 628, 632, 652, 656, 668, 684, 688,
    696, 724, 732, 768, 772, 800, 812, 816, 828, 856, 864, 876, 880, 884, 912,
    916, 920, 924, 932, 940, 952, 964, 972, 976, 1012, 1016, 1028, 1056, 1068,
    1076, 1092, 1112, 1120, 1132, 1136, 1144, 1148, 1152, 1156, 1164, 1168,
    1180, 1184, 1192, 1200, 1204, 1220, 1232, 1256, 1260, 1268, 1276, 1280,
    1288, 1296, 1312, 1316, 1324, 1336, 1348, 1352, 1368, 1376

Reassigned labels
Map:
{"O_0": "O", "O_1": "O", "O_2": "O"}
token_fitness
{"perc_fit_traces": 0.0, "average_trace_fitness": 0.8057095034971511, "log_fitness": 0.8218873868037797, "percentage_of_fitting_traces": 0.0}
precision
0.28901879905633787
0.6623376623376623
generalization
0.6608730250416905


###### Starting pipeline for 1, Distance.EDIT_DISTANCE, 1######
Found communities: 

Clustering with 1396 elements and 3 clusters
[0] 1, 2, 3, 5, 6, 7, 9, 10, 11, 13, 14, 15, 17, 18, 19, 21, 22, 23, 25, 26,
    27, 29, 30, 31, 33, 34, 35, 37, 38, 39, 41, 42, 43, 45, 46, 47, 49, 50,
    51, 53, 54, 55, 57, 58, 59, 61, 62, 63, 65, 66, 67, 69, 70, 71, 73, 74,
    75, 77, 78, 79, 81, 82, 83, 85, 86, 87, 89, 90, 91, 93, 94, 95, 97, 98,
    99, 101, 102, 103, 105, 106, 107, 109, 110, 111, 113, 114, 115, 117, 118,
    119, 121, 122, 123, 125, 126, 127, 129, 130, 131, 133, 134, 135, 137, 138,
    139, 141, 142, 143, 145, 146, 147, 149, 150, 151, 153, 154, 155, 157, 158,
    159, 161, 162, 163, 165, 166, 167, 169, 170, 171, 173, 174, 175, 177, 178,
    179, 181, 182, 183, 185, 186, 187, 189, 190, 191, 193, 194, 195, 197, 198,
    199, 201, 202, 203, 205, 206, 207, 209, 210, 211, 213, 214, 215, 217, 218,
    219, 221, 222, 223, 225, 226, 227, 229, 230, 231, 233, 234, 235, 237, 238,
    239, 241, 242, 243, 245, 246, 247, 249, 250, 251, 253, 254, 255, 257, 258,
    259, 261, 262, 263, 265, 266, 267, 269, 270, 271, 273, 274, 275, 277, 278,
    279, 281, 282, 283, 285, 286, 287, 289, 290, 291, 293, 294, 295, 297, 298,
    299, 301, 302, 303, 305, 306, 307, 309, 310, 311, 313, 314, 315, 317, 318,
    319, 321, 322, 323, 325, 326, 327, 329, 330, 331, 333, 334, 335, 337, 338,
    339, 341, 342, 343, 345, 346, 347, 349, 350, 351, 353, 354, 355, 357, 358,
    359, 361, 362, 363, 365, 366, 367, 369, 370, 371, 373, 374, 375, 377, 378,
    379, 381, 382, 383, 385, 386, 387, 389, 390, 391, 393, 394, 395, 397, 398,
    399, 401, 402, 403, 405, 406, 407, 409, 410, 411, 413, 414, 415, 417, 418,
    419, 421, 422, 423, 425, 426, 427, 429, 430, 431, 433, 434, 435, 437, 438,
    439, 441, 442, 443, 445, 446, 447, 449, 450, 451, 453, 454, 455, 457, 458,
    459, 461, 462, 463, 465, 466, 467, 469, 470, 471, 473, 474, 475, 477, 478,
    479, 481, 482, 483, 485, 486, 487, 489, 490, 491, 493, 494, 495, 497, 498,
    499, 501, 502, 503, 505, 506, 507, 509, 510, 511, 513, 514, 515, 517, 518,
    519, 521, 522, 523, 525, 526, 527, 529, 530, 531, 533, 534, 535, 537, 538,
    539, 541, 542, 543, 545, 546, 547, 549, 550, 551, 553, 554, 555, 557, 558,
    559, 561, 562, 563, 565, 566, 567, 569, 570, 571, 573, 574, 575, 577, 578,
    579, 581, 582, 583, 585, 586, 587, 589, 590, 591, 593, 594, 595, 597, 598,
    599, 601, 602, 603, 605, 606, 607, 609, 610, 611, 613, 614, 615, 617, 618,
    619, 621, 622, 623, 625, 626, 627, 629, 630, 631, 633, 634, 635, 637, 638,
    639, 641, 642, 643, 645, 646, 647, 649, 650, 651, 653, 654, 655, 657, 658,
    659, 661, 662, 663, 665, 666, 667, 669, 670, 671, 673, 674, 675, 677, 678,
    679, 681, 682, 683, 685, 686, 687, 689, 690, 691, 693, 694, 695, 697, 698,
    699, 701, 702, 703, 705, 706, 707, 709, 710, 711, 713, 714, 715, 717, 718,
    719, 721, 722, 723, 725, 726, 727, 729, 730, 731, 733, 734, 735, 737, 738,
    739, 741, 742, 743, 745, 746, 747, 749, 750, 751, 753, 754, 755, 757, 758,
    759, 761, 762, 763, 765, 766, 767, 769, 770, 771, 773, 774, 775, 777, 778,
    779, 781, 782, 783, 785, 786, 787, 789, 790, 791, 793, 794, 795, 797, 798,
    799, 801, 802, 803, 805, 806, 807, 809, 810, 811, 813, 814, 815, 817, 818,
    819, 821, 822, 823, 825, 826, 827, 829, 830, 831, 833, 834, 835, 837, 838,
    839, 841, 842, 843, 845, 846, 847, 849, 850, 851, 853, 854, 855, 857, 858,
    859, 861, 862, 863, 865, 866, 867, 869, 870, 871, 873, 874, 875, 877, 878,
    879, 881, 882, 883, 885, 886, 887, 889, 890, 891, 893, 894, 895, 897, 898,
    899, 901, 902, 903, 905, 906, 907, 909, 910, 911, 913, 914, 915, 917, 918,
    919, 921, 922, 923, 925, 926, 927, 929, 930, 931, 933, 934, 935, 937, 938,
    939, 941, 942, 943, 945, 946, 947, 949, 950, 951, 953, 954, 955, 957, 958,
    959, 961, 962, 963, 965, 966, 967, 969, 970, 971, 973, 974, 975, 977, 978,
    979, 981, 982, 983, 985, 986, 987, 989, 990, 991, 993, 994, 995, 997, 998,
    999, 1001, 1002, 1003, 1005, 1006, 1007, 1009, 1010, 1011, 1013, 1014,
    1015, 1017, 1018, 1019, 1021, 1022, 1023, 1025, 1026, 1027, 1029, 1030,
    1031, 1033, 1034, 1035, 1037, 1038, 1039, 1041, 1042, 1043, 1045, 1046,
    1047, 1049, 1050, 1051, 1053, 1054, 1055, 1057, 1058, 1059, 1061, 1062,
    1063, 1065, 1066, 1067, 1069, 1070, 1071, 1073, 1074, 1075, 1077, 1078,
    1079, 1081, 1082, 1083, 1085, 1086, 1087, 1089, 1090, 1091, 1093, 1094,
    1095, 1097, 1098, 1099, 1101, 1102, 1103, 1105, 1106, 1107, 1109, 1110,
    1111, 1113, 1114, 1115, 1117, 1118, 1119, 1121, 1122, 1123, 1125, 1126,
    1127, 1129, 1130, 1131, 1133, 1134, 1135, 1137, 1138, 1139, 1141, 1142,
    1143, 1145, 1146, 1147, 1149, 1150, 1151, 1153, 1154, 1155, 1157, 1158,
    1159, 1161, 1162, 1163, 1165, 1166, 1167, 1169, 1170, 1171, 1173, 1174,
    1175, 1177, 1178, 1179, 1181, 1182, 1183, 1185, 1186, 1187, 1189, 1190,
    1191, 1193, 1194, 1195, 1197, 1198, 1199, 1201, 1202, 1203, 1205, 1206,
    1207, 1209, 1210, 1211, 1213, 1214, 1215, 1217, 1218, 1219, 1221, 1222,
    1223, 1225, 1226, 1227, 1229, 1230, 1231, 1233, 1234, 1235, 1237, 1238,
    1239, 1241, 1242, 1243, 1245, 1246, 1247, 1249, 1250, 1251, 1253, 1254,
    1255, 1257, 1258, 1259, 1261, 1262, 1263, 1265, 1266, 1267, 1269, 1270,
    1271, 1273, 1274, 1275, 1277, 1278, 1279, 1281, 1282, 1283, 1285, 1286,
    1287, 1289, 1290, 1291, 1293, 1294, 1295, 1297, 1298, 1299, 1301, 1302,
    1303, 1305, 1306, 1307, 1309, 1310, 1311, 1313, 1314, 1315, 1317, 1318,
    1319, 1321, 1322, 1323, 1325, 1326, 1327, 1329, 1330, 1331, 1333, 1334,
    1335, 1337, 1338, 1339, 1341, 1342, 1343, 1345, 1346, 1347, 1349, 1350,
    1351, 1353, 1354, 1355, 1357, 1358, 1359, 1361, 1362, 1363, 1365, 1366,
    1367, 1369, 1370, 1371, 1373, 1374, 1375, 1377, 1378, 1379, 1381, 1382,
    1383, 1385, 1386, 1387, 1389, 1390, 1391, 1393, 1394, 1395
[1] 8, 28, 32, 36, 44, 56, 60, 64, 72, 80, 84, 88, 96, 100, 104, 108, 112,
    116, 128, 132, 144, 156, 160, 172, 180, 184, 196, 204, 208, 212, 216, 224,
    228, 236, 240, 244, 248, 252, 260, 272, 276, 280, 284, 292, 296, 308, 316,
    324, 332, 336, 340, 344, 348, 352, 360, 364, 380, 384, 396, 412, 428, 432,
    436, 452, 476, 484, 488, 492, 504, 512, 516, 528, 536, 540, 548, 552, 564,
    568, 576, 580, 584, 588, 592, 596, 612, 616, 620, 636, 640, 644, 648, 660,
    664, 672, 676, 680, 692, 700, 704, 708, 712, 716, 720, 728, 736, 740, 744,
    748, 752, 756, 760, 764, 776, 780, 784, 788, 792, 796, 804, 808, 820, 824,
    832, 836, 840, 844, 848, 852, 860, 868, 872, 888, 892, 896, 900, 904, 908,
    928, 936, 944, 948, 956, 960, 968, 980, 984, 988, 992, 996, 1000, 1004,
    1008, 1020, 1024, 1032, 1036, 1040, 1044, 1048, 1052, 1060, 1064, 1072,
    1080, 1084, 1088, 1096, 1100, 1104, 1108, 1116, 1124, 1128, 1140, 1160,
    1172, 1176, 1188, 1196, 1208, 1212, 1216, 1224, 1228, 1236, 1240, 1244,
    1248, 1252, 1264, 1272, 1284, 1292, 1300, 1304, 1308, 1320, 1328, 1332,
    1340, 1344, 1356, 1360, 1364, 1372, 1380, 1384, 1388, 1392
[2] 0, 4, 12, 16, 20, 24, 40, 48, 52, 68, 76, 92, 120, 124, 136, 140, 148,
    152, 164, 168, 176, 188, 192, 200, 220, 232, 256, 264, 268, 288, 300, 304,
    312, 320, 328, 356, 368, 372, 376, 388, 392, 400, 404, 408, 416, 420, 424,
    440, 444, 448, 456, 460, 464, 468, 472, 480, 496, 500, 508, 520, 524, 532,
    544, 556, 560, 572, 600, 604, 608, 624, 628, 632, 652, 656, 668, 684, 688,
    696, 724, 732, 768, 772, 800, 812, 816, 828, 856, 864, 876, 880, 884, 912,
    916, 920, 924, 932, 940, 952, 964, 972, 976, 1012, 1016, 1028, 1056, 1068,
    1076, 1092, 1112, 1120, 1132, 1136, 1144, 1148, 1152, 1156, 1164, 1168,
    1180, 1184, 1192, 1200, 1204, 1220, 1232, 1256, 1260, 1268, 1276, 1280,
    1288, 1296, 1312, 1316, 1324, 1336, 1348, 1352, 1368, 1376

Reassigned labels
Map:
{"O_0": "O", "O_1": "O", "O_2": "O"}
token_fitness
{"perc_fit_traces": 0.0, "average_trace_fitness": 0.8057095034971511, "log_fitness": 0.8218873868037797, "percentage_of_fitting_traces": 0.0}
precision
0.28901879905633787
0.6623376623376623
generalization
0.6608730250416905


###### Starting pipeline for 0, Distance.SET_DISTANCE, 1######
Found communities: 

Clustering with 1396 elements and 2 clusters
[0] 1, 2, 3, 5, 6, 7, 9, 10, 11, 13, 14, 15, 17, 18, 19, 21, 22, 23, 25, 26,
    27, 29, 30, 31, 33, 34, 35, 37, 38, 39, 41, 42, 43, 45, 46, 47, 49, 50,
    51, 53, 54, 55, 57, 58, 59, 61, 62, 63, 65, 66, 67, 69, 70, 71, 73, 74,
    75, 77, 78, 79, 81, 82, 83, 85, 86, 87, 89, 90, 91, 93, 94, 95, 97, 98,
    99, 101, 102, 103, 105, 106, 107, 109, 110, 111, 113, 114, 115, 117, 118,
    119, 121, 122, 123, 125, 126, 127, 129, 130, 131, 133, 134, 135, 137, 138,
    139, 141, 142, 143, 145, 146, 147, 149, 150, 151, 153, 154, 155, 157, 158,
    159, 161, 162, 163, 165, 166, 167, 169, 170, 171, 173, 174, 175, 177, 178,
    179, 181, 182, 183, 185, 186, 187, 189, 190, 191, 193, 194, 195, 197, 198,
    199, 201, 202, 203, 205, 206, 207, 209, 210, 211, 213, 214, 215, 217, 218,
    219, 221, 222, 223, 225, 226, 227, 229, 230, 231, 233, 234, 235, 237, 238,
    239, 241, 242, 243, 245, 246, 247, 249, 250, 251, 253, 254, 255, 257, 258,
    259, 261, 262, 263, 265, 266, 267, 269, 270, 271, 273, 274, 275, 277, 278,
    279, 281, 282, 283, 285, 286, 287, 289, 290, 291, 293, 294, 295, 297, 298,
    299, 301, 302, 303, 305, 306, 307, 309, 310, 311, 313, 314, 315, 317, 318,
    319, 321, 322, 323, 325, 326, 327, 329, 330, 331, 333, 334, 335, 337, 338,
    339, 341, 342, 343, 345, 346, 347, 349, 350, 351, 353, 354, 355, 357, 358,
    359, 361, 362, 363, 365, 366, 367, 369, 370, 371, 373, 374, 375, 377, 378,
    379, 381, 382, 383, 385, 386, 387, 389, 390, 391, 393, 394, 395, 397, 398,
    399, 401, 402, 403, 405, 406, 407, 409, 410, 411, 413, 414, 415, 417, 418,
    419, 421, 422, 423, 425, 426, 427, 429, 430, 431, 433, 434, 435, 437, 438,
    439, 441, 442, 443, 445, 446, 447, 449, 450, 451, 453, 454, 455, 457, 458,
    459, 461, 462, 463, 465, 466, 467, 469, 470, 471, 473, 474, 475, 477, 478,
    479, 481, 482, 483, 485, 486, 487, 489, 490, 491, 493, 494, 495, 497, 498,
    499, 501, 502, 503, 505, 506, 507, 509, 510, 511, 513, 514, 515, 517, 518,
    519, 521, 522, 523, 525, 526, 527, 529, 530, 531, 533, 534, 535, 537, 538,
    539, 541, 542, 543, 545, 546, 547, 549, 550, 551, 553, 554, 555, 557, 558,
    559, 561, 562, 563, 565, 566, 567, 569, 570, 571, 573, 574, 575, 577, 578,
    579, 581, 582, 583, 585, 586, 587, 589, 590, 591, 593, 594, 595, 597, 598,
    599, 601, 602, 603, 605, 606, 607, 609, 610, 611, 613, 614, 615, 617, 618,
    619, 621, 622, 623, 625, 626, 627, 629, 630, 631, 633, 634, 635, 637, 638,
    639, 641, 642, 643, 645, 646, 647, 649, 650, 651, 653, 654, 655, 657, 658,
    659, 661, 662, 663, 665, 666, 667, 669, 670, 671, 673, 674, 675, 677, 678,
    679, 681, 682, 683, 685, 686, 687, 689, 690, 691, 693, 694, 695, 697, 698,
    699, 701, 702, 703, 705, 706, 707, 709, 710, 711, 713, 714, 715, 717, 718,
    719, 721, 722, 723, 725, 726, 727, 729, 730, 731, 733, 734, 735, 737, 738,
    739, 741, 742, 743, 745, 746, 747, 749, 750, 751, 753, 754, 755, 757, 758,
    759, 761, 762, 763, 765, 766, 767, 769, 770, 771, 773, 774, 775, 777, 778,
    779, 781, 782, 783, 785, 786, 787, 789, 790, 791, 793, 794, 795, 797, 798,
    799, 801, 802, 803, 805, 806, 807, 809, 810, 811, 813, 814, 815, 817, 818,
    819, 821, 822, 823, 825, 826, 827, 829, 830, 831, 833, 834, 835, 837, 838,
    839, 841, 842, 843, 845, 846, 847, 849, 850, 851, 853, 854, 855, 857, 858,
    859, 861, 862, 863, 865, 866, 867, 869, 870, 871, 873, 874, 875, 877, 878,
    879, 881, 882, 883, 885, 886, 887, 889, 890, 891, 893, 894, 895, 897, 898,
    899, 901, 902, 903, 905, 906, 907, 909, 910, 911, 913, 914, 915, 917, 918,
    919, 921, 922, 923, 925, 926, 927, 929, 930, 931, 933, 934, 935, 937, 938,
    939, 941, 942, 943, 945, 946, 947, 949, 950, 951, 953, 954, 955, 957, 958,
    959, 961, 962, 963, 965, 966, 967, 969, 970, 971, 973, 974, 975, 977, 978,
    979, 981, 982, 983, 985, 986, 987, 989, 990, 991, 993, 994, 995, 997, 998,
    999, 1001, 1002, 1003, 1005, 1006, 1007, 1009, 1010, 1011, 1013, 1014,
    1015, 1017, 1018, 1019, 1021, 1022, 1023, 1025, 1026, 1027, 1029, 1030,
    1031, 1033, 1034, 1035, 1037, 1038, 1039, 1041, 1042, 1043, 1045, 1046,
    1047, 1049, 1050, 1051, 1053, 1054, 1055, 1057, 1058, 1059, 1061, 1062,
    1063, 1065, 1066, 1067, 1069, 1070, 1071, 1073, 1074, 1075, 1077, 1078,
    1079, 1081, 1082, 1083, 1085, 1086, 1087, 1089, 1090, 1091, 1093, 1094,
    1095, 1097, 1098, 1099, 1101, 1102, 1103, 1105, 1106, 1107, 1109, 1110,
    1111, 1113, 1114, 1115, 1117, 1118, 1119, 1121, 1122, 1123, 1125, 1126,
    1127, 1129, 1130, 1131, 1133, 1134, 1135, 1137, 1138, 1139, 1141, 1142,
    1143, 1145, 1146, 1147, 1149, 1150, 1151, 1153, 1154, 1155, 1157, 1158,
    1159, 1161, 1162, 1163, 1165, 1166, 1167, 1169, 1170, 1171, 1173, 1174,
    1175, 1177, 1178, 1179, 1181, 1182, 1183, 1185, 1186, 1187, 1189, 1190,
    1191, 1193, 1194, 1195, 1197, 1198, 1199, 1201, 1202, 1203, 1205, 1206,
    1207, 1209, 1210, 1211, 1213, 1214, 1215, 1217, 1218, 1219, 1221, 1222,
    1223, 1225, 1226, 1227, 1229, 1230, 1231, 1233, 1234, 1235, 1237, 1238,
    1239, 1241, 1242, 1243, 1245, 1246, 1247, 1249, 1250, 1251, 1253, 1254,
    1255, 1257, 1258, 1259, 1261, 1262, 1263, 1265, 1266, 1267, 1269, 1270,
    1271, 1273, 1274, 1275, 1277, 1278, 1279, 1281, 1282, 1283, 1285, 1286,
    1287, 1289, 1290, 1291, 1293, 1294, 1295, 1297, 1298, 1299, 1301, 1302,
    1303, 1305, 1306, 1307, 1309, 1310, 1311, 1313, 1314, 1315, 1317, 1318,
    1319, 1321, 1322, 1323, 1325, 1326, 1327, 1329, 1330, 1331, 1333, 1334,
    1335, 1337, 1338, 1339, 1341, 1342, 1343, 1345, 1346, 1347, 1349, 1350,
    1351, 1353, 1354, 1355, 1357, 1358, 1359, 1361, 1362, 1363, 1365, 1366,
    1367, 1369, 1370, 1371, 1373, 1374, 1375, 1377, 1378, 1379, 1381, 1382,
    1383, 1385, 1386, 1387, 1389, 1390, 1391, 1393, 1394, 1395
[1] 0, 4, 8, 12, 16, 20, 24, 28, 32, 36, 40, 44, 48, 52, 56, 60, 64, 68, 72,
    76, 80, 84, 88, 92, 96, 100, 104, 108, 112, 116, 120, 124, 128, 132, 136,
    140, 144, 148, 152, 156, 160, 164, 168, 172, 176, 180, 184, 188, 192, 196,
    200, 204, 208, 212, 216, 220, 224, 228, 232, 236, 240, 244, 248, 252, 256,
    260, 264, 268, 272, 276, 280, 284, 288, 292, 296, 300, 304, 308, 312, 316,
    320, 324, 328, 332, 336, 340, 344, 348, 352, 356, 360, 364, 368, 372, 376,
    380, 384, 388, 392, 396, 400, 404, 408, 412, 416, 420, 424, 428, 432, 436,
    440, 444, 448, 452, 456, 460, 464, 468, 472, 476, 480, 484, 488, 492, 496,
    500, 504, 508, 512, 516, 520, 524, 528, 532, 536, 540, 544, 548, 552, 556,
    560, 564, 568, 572, 576, 580, 584, 588, 592, 596, 600, 604, 608, 612, 616,
    620, 624, 628, 632, 636, 640, 644, 648, 652, 656, 660, 664, 668, 672, 676,
    680, 684, 688, 692, 696, 700, 704, 708, 712, 716, 720, 724, 728, 732, 736,
    740, 744, 748, 752, 756, 760, 764, 768, 772, 776, 780, 784, 788, 792, 796,
    800, 804, 808, 812, 816, 820, 824, 828, 832, 836, 840, 844, 848, 852, 856,
    860, 864, 868, 872, 876, 880, 884, 888, 892, 896, 900, 904, 908, 912, 916,
    920, 924, 928, 932, 936, 940, 944, 948, 952, 956, 960, 964, 968, 972, 976,
    980, 984, 988, 992, 996, 1000, 1004, 1008, 1012, 1016, 1020, 1024, 1028,
    1032, 1036, 1040, 1044, 1048, 1052, 1056, 1060, 1064, 1068, 1072, 1076,
    1080, 1084, 1088, 1092, 1096, 1100, 1104, 1108, 1112, 1116, 1120, 1124,
    1128, 1132, 1136, 1140, 1144, 1148, 1152, 1156, 1160, 1164, 1168, 1172,
    1176, 1180, 1184, 1188, 1192, 1196, 1200, 1204, 1208, 1212, 1216, 1220,
    1224, 1228, 1232, 1236, 1240, 1244, 1248, 1252, 1256, 1260, 1264, 1268,
    1272, 1276, 1280, 1284, 1288, 1292, 1296, 1300, 1304, 1308, 1312, 1316,
    1320, 1324, 1328, 1332, 1336, 1340, 1344, 1348, 1352, 1356, 1360, 1364,
    1368, 1372, 1376, 1380, 1384, 1388, 1392

Reassigned labels
Map:
{"O_0": "O", "O_1": "O"}
token_fitness
{"perc_fit_traces": 0.0, "average_trace_fitness": 0.8057095034971511, "log_fitness": 0.8218873868037797, "percentage_of_fitting_traces": 0.0}
precision
0.28901879905633787
0.6623376623376623
generalization
0.6608730250416905


###### Starting pipeline for 0.25, Distance.SET_DISTANCE, 1######
Found communities: 

Clustering with 1396 elements and 2 clusters
[0] 1, 2, 3, 5, 6, 7, 9, 10, 11, 13, 14, 15, 17, 18, 19, 21, 22, 23, 25, 26,
    27, 29, 30, 31, 33, 34, 35, 37, 38, 39, 41, 42, 43, 45, 46, 47, 49, 50,
    51, 53, 54, 55, 57, 58, 59, 61, 62, 63, 65, 66, 67, 69, 70, 71, 73, 74,
    75, 77, 78, 79, 81, 82, 83, 85, 86, 87, 89, 90, 91, 93, 94, 95, 97, 98,
    99, 101, 102, 103, 105, 106, 107, 109, 110, 111, 113, 114, 115, 117, 118,
    119, 121, 122, 123, 125, 126, 127, 129, 130, 131, 133, 134, 135, 137, 138,
    139, 141, 142, 143, 145, 146, 147, 149, 150, 151, 153, 154, 155, 157, 158,
    159, 161, 162, 163, 165, 166, 167, 169, 170, 171, 173, 174, 175, 177, 178,
    179, 181, 182, 183, 185, 186, 187, 189, 190, 191, 193, 194, 195, 197, 198,
    199, 201, 202, 203, 205, 206, 207, 209, 210, 211, 213, 214, 215, 217, 218,
    219, 221, 222, 223, 225, 226, 227, 229, 230, 231, 233, 234, 235, 237, 238,
    239, 241, 242, 243, 245, 246, 247, 249, 250, 251, 253, 254, 255, 257, 258,
    259, 261, 262, 263, 265, 266, 267, 269, 270, 271, 273, 274, 275, 277, 278,
    279, 281, 282, 283, 285, 286, 287, 289, 290, 291, 293, 294, 295, 297, 298,
    299, 301, 302, 303, 305, 306, 307, 309, 310, 311, 313, 314, 315, 317, 318,
    319, 321, 322, 323, 325, 326, 327, 329, 330, 331, 333, 334, 335, 337, 338,
    339, 341, 342, 343, 345, 346, 347, 349, 350, 351, 353, 354, 355, 357, 358,
    359, 361, 362, 363, 365, 366, 367, 369, 370, 371, 373, 374, 375, 377, 378,
    379, 381, 382, 383, 385, 386, 387, 389, 390, 391, 393, 394, 395, 397, 398,
    399, 401, 402, 403, 405, 406, 407, 409, 410, 411, 413, 414, 415, 417, 418,
    419, 421, 422, 423, 425, 426, 427, 429, 430, 431, 433, 434, 435, 437, 438,
    439, 441, 442, 443, 445, 446, 447, 449, 450, 451, 453, 454, 455, 457, 458,
    459, 461, 462, 463, 465, 466, 467, 469, 470, 471, 473, 474, 475, 477, 478,
    479, 481, 482, 483, 485, 486, 487, 489, 490, 491, 493, 494, 495, 497, 498,
    499, 501, 502, 503, 505, 506, 507, 509, 510, 511, 513, 514, 515, 517, 518,
    519, 521, 522, 523, 525, 526, 527, 529, 530, 531, 533, 534, 535, 537, 538,
    539, 541, 542, 543, 545, 546, 547, 549, 550, 551, 553, 554, 555, 557, 558,
    559, 561, 562, 563, 565, 566, 567, 569, 570, 571, 573, 574, 575, 577, 578,
    579, 581, 582, 583, 585, 586, 587, 589, 590, 591, 593, 594, 595, 597, 598,
    599, 601, 602, 603, 605, 606, 607, 609, 610, 611, 613, 614, 615, 617, 618,
    619, 621, 622, 623, 625, 626, 627, 629, 630, 631, 633, 634, 635, 637, 638,
    639, 641, 642, 643, 645, 646, 647, 649, 650, 651, 653, 654, 655, 657, 658,
    659, 661, 662, 663, 665, 666, 667, 669, 670, 671, 673, 674, 675, 677, 678,
    679, 681, 682, 683, 685, 686, 687, 689, 690, 691, 693, 694, 695, 697, 698,
    699, 701, 702, 703, 705, 706, 707, 709, 710, 711, 713, 714, 715, 717, 718,
    719, 721, 722, 723, 725, 726, 727, 729, 730, 731, 733, 734, 735, 737, 738,
    739, 741, 742, 743, 745, 746, 747, 749, 750, 751, 753, 754, 755, 757, 758,
    759, 761, 762, 763, 765, 766, 767, 769, 770, 771, 773, 774, 775, 777, 778,
    779, 781, 782, 783, 785, 786, 787, 789, 790, 791, 793, 794, 795, 797, 798,
    799, 801, 802, 803, 805, 806, 807, 809, 810, 811, 813, 814, 815, 817, 818,
    819, 821, 822, 823, 825, 826, 827, 829, 830, 831, 833, 834, 835, 837, 838,
    839, 841, 842, 843, 845, 846, 847, 849, 850, 851, 853, 854, 855, 857, 858,
    859, 861, 862, 863, 865, 866, 867, 869, 870, 871, 873, 874, 875, 877, 878,
    879, 881, 882, 883, 885, 886, 887, 889, 890, 891, 893, 894, 895, 897, 898,
    899, 901, 902, 903, 905, 906, 907, 909, 910, 911, 913, 914, 915, 917, 918,
    919, 921, 922, 923, 925, 926, 927, 929, 930, 931, 933, 934, 935, 937, 938,
    939, 941, 942, 943, 945, 946, 947, 949, 950, 951, 953, 954, 955, 957, 958,
    959, 961, 962, 963, 965, 966, 967, 969, 970, 971, 973, 974, 975, 977, 978,
    979, 981, 982, 983, 985, 986, 987, 989, 990, 991, 993, 994, 995, 997, 998,
    999, 1001, 1002, 1003, 1005, 1006, 1007, 1009, 1010, 1011, 1013, 1014,
    1015, 1017, 1018, 1019, 1021, 1022, 1023, 1025, 1026, 1027, 1029, 1030,
    1031, 1033, 1034, 1035, 1037, 1038, 1039, 1041, 1042, 1043, 1045, 1046,
    1047, 1049, 1050, 1051, 1053, 1054, 1055, 1057, 1058, 1059, 1061, 1062,
    1063, 1065, 1066, 1067, 1069, 1070, 1071, 1073, 1074, 1075, 1077, 1078,
    1079, 1081, 1082, 1083, 1085, 1086, 1087, 1089, 1090, 1091, 1093, 1094,
    1095, 1097, 1098, 1099, 1101, 1102, 1103, 1105, 1106, 1107, 1109, 1110,
    1111, 1113, 1114, 1115, 1117, 1118, 1119, 1121, 1122, 1123, 1125, 1126,
    1127, 1129, 1130, 1131, 1133, 1134, 1135, 1137, 1138, 1139, 1141, 1142,
    1143, 1145, 1146, 1147, 1149, 1150, 1151, 1153, 1154, 1155, 1157, 1158,
    1159, 1161, 1162, 1163, 1165, 1166, 1167, 1169, 1170, 1171, 1173, 1174,
    1175, 1177, 1178, 1179, 1181, 1182, 1183, 1185, 1186, 1187, 1189, 1190,
    1191, 1193, 1194, 1195, 1197, 1198, 1199, 1201, 1202, 1203, 1205, 1206,
    1207, 1209, 1210, 1211, 1213, 1214, 1215, 1217, 1218, 1219, 1221, 1222,
    1223, 1225, 1226, 1227, 1229, 1230, 1231, 1233, 1234, 1235, 1237, 1238,
    1239, 1241, 1242, 1243, 1245, 1246, 1247, 1249, 1250, 1251, 1253, 1254,
    1255, 1257, 1258, 1259, 1261, 1262, 1263, 1265, 1266, 1267, 1269, 1270,
    1271, 1273, 1274, 1275, 1277, 1278, 1279, 1281, 1282, 1283, 1285, 1286,
    1287, 1289, 1290, 1291, 1293, 1294, 1295, 1297, 1298, 1299, 1301, 1302,
    1303, 1305, 1306, 1307, 1309, 1310, 1311, 1313, 1314, 1315, 1317, 1318,
    1319, 1321, 1322, 1323, 1325, 1326, 1327, 1329, 1330, 1331, 1333, 1334,
    1335, 1337, 1338, 1339, 1341, 1342, 1343, 1345, 1346, 1347, 1349, 1350,
    1351, 1353, 1354, 1355, 1357, 1358, 1359, 1361, 1362, 1363, 1365, 1366,
    1367, 1369, 1370, 1371, 1373, 1374, 1375, 1377, 1378, 1379, 1381, 1382,
    1383, 1385, 1386, 1387, 1389, 1390, 1391, 1393, 1394, 1395
[1] 0, 4, 8, 12, 16, 20, 24, 28, 32, 36, 40, 44, 48, 52, 56, 60, 64, 68, 72,
    76, 80, 84, 88, 92, 96, 100, 104, 108, 112, 116, 120, 124, 128, 132, 136,
    140, 144, 148, 152, 156, 160, 164, 168, 172, 176, 180, 184, 188, 192, 196,
    200, 204, 208, 212, 216, 220, 224, 228, 232, 236, 240, 244, 248, 252, 256,
    260, 264, 268, 272, 276, 280, 284, 288, 292, 296, 300, 304, 308, 312, 316,
    320, 324, 328, 332, 336, 340, 344, 348, 352, 356, 360, 364, 368, 372, 376,
    380, 384, 388, 392, 396, 400, 404, 408, 412, 416, 420, 424, 428, 432, 436,
    440, 444, 448, 452, 456, 460, 464, 468, 472, 476, 480, 484, 488, 492, 496,
    500, 504, 508, 512, 516, 520, 524, 528, 532, 536, 540, 544, 548, 552, 556,
    560, 564, 568, 572, 576, 580, 584, 588, 592, 596, 600, 604, 608, 612, 616,
    620, 624, 628, 632, 636, 640, 644, 648, 652, 656, 660, 664, 668, 672, 676,
    680, 684, 688, 692, 696, 700, 704, 708, 712, 716, 720, 724, 728, 732, 736,
    740, 744, 748, 752, 756, 760, 764, 768, 772, 776, 780, 784, 788, 792, 796,
    800, 804, 808, 812, 816, 820, 824, 828, 832, 836, 840, 844, 848, 852, 856,
    860, 864, 868, 872, 876, 880, 884, 888, 892, 896, 900, 904, 908, 912, 916,
    920, 924, 928, 932, 936, 940, 944, 948, 952, 956, 960, 964, 968, 972, 976,
    980, 984, 988, 992, 996, 1000, 1004, 1008, 1012, 1016, 1020, 1024, 1028,
    1032, 1036, 1040, 1044, 1048, 1052, 1056, 1060, 1064, 1068, 1072, 1076,
    1080, 1084, 1088, 1092, 1096, 1100, 1104, 1108, 1112, 1116, 1120, 1124,
    1128, 1132, 1136, 1140, 1144, 1148, 1152, 1156, 1160, 1164, 1168, 1172,
    1176, 1180, 1184, 1188, 1192, 1196, 1200, 1204, 1208, 1212, 1216, 1220,
    1224, 1228, 1232, 1236, 1240, 1244, 1248, 1252, 1256, 1260, 1264, 1268,
    1272, 1276, 1280, 1284, 1288, 1292, 1296, 1300, 1304, 1308, 1312, 1316,
    1320, 1324, 1328, 1332, 1336, 1340, 1344, 1348, 1352, 1356, 1360, 1364,
    1368, 1372, 1376, 1380, 1384, 1388, 1392

Reassigned labels
Map:
{"O_0": "O", "O_1": "O"}
token_fitness
{"perc_fit_traces": 0.0, "average_trace_fitness": 0.8057095034971511, "log_fitness": 0.8218873868037797, "percentage_of_fitting_traces": 0.0}
precision
0.28901879905633787
0.6623376623376623
generalization
0.6608730250416905


###### Starting pipeline for 0.5, Distance.SET_DISTANCE, 1######
Found communities: 

Clustering with 1396 elements and 2 clusters
[0] 1, 2, 3, 5, 6, 7, 9, 10, 11, 13, 14, 15, 17, 18, 19, 21, 22, 23, 25, 26,
    27, 29, 30, 31, 33, 34, 35, 37, 38, 39, 41, 42, 43, 45, 46, 47, 49, 50,
    51, 53, 54, 55, 57, 58, 59, 61, 62, 63, 65, 66, 67, 69, 70, 71, 73, 74,
    75, 77, 78, 79, 81, 82, 83, 85, 86, 87, 89, 90, 91, 93, 94, 95, 97, 98,
    99, 101, 102, 103, 105, 106, 107, 109, 110, 111, 113, 114, 115, 117, 118,
    119, 121, 122, 123, 125, 126, 127, 129, 130, 131, 133, 134, 135, 137, 138,
    139, 141, 142, 143, 145, 146, 147, 149, 150, 151, 153, 154, 155, 157, 158,
    159, 161, 162, 163, 165, 166, 167, 169, 170, 171, 173, 174, 175, 177, 178,
    179, 181, 182, 183, 185, 186, 187, 189, 190, 191, 193, 194, 195, 197, 198,
    199, 201, 202, 203, 205, 206, 207, 209, 210, 211, 213, 214, 215, 217, 218,
    219, 221, 222, 223, 225, 226, 227, 229, 230, 231, 233, 234, 235, 237, 238,
    239, 241, 242, 243, 245, 246, 247, 249, 250, 251, 253, 254, 255, 257, 258,
    259, 261, 262, 263, 265, 266, 267, 269, 270, 271, 273, 274, 275, 277, 278,
    279, 281, 282, 283, 285, 286, 287, 289, 290, 291, 293, 294, 295, 297, 298,
    299, 301, 302, 303, 305, 306, 307, 309, 310, 311, 313, 314, 315, 317, 318,
    319, 321, 322, 323, 325, 326, 327, 329, 330, 331, 333, 334, 335, 337, 338,
    339, 341, 342, 343, 345, 346, 347, 349, 350, 351, 353, 354, 355, 357, 358,
    359, 361, 362, 363, 365, 366, 367, 369, 370, 371, 373, 374, 375, 377, 378,
    379, 381, 382, 383, 385, 386, 387, 389, 390, 391, 393, 394, 395, 397, 398,
    399, 401, 402, 403, 405, 406, 407, 409, 410, 411, 413, 414, 415, 417, 418,
    419, 421, 422, 423, 425, 426, 427, 429, 430, 431, 433, 434, 435, 437, 438,
    439, 441, 442, 443, 445, 446, 447, 449, 450, 451, 453, 454, 455, 457, 458,
    459, 461, 462, 463, 465, 466, 467, 469, 470, 471, 473, 474, 475, 477, 478,
    479, 481, 482, 483, 485, 486, 487, 489, 490, 491, 493, 494, 495, 497, 498,
    499, 501, 502, 503, 505, 506, 507, 509, 510, 511, 513, 514, 515, 517, 518,
    519, 521, 522, 523, 525, 526, 527, 529, 530, 531, 533, 534, 535, 537, 538,
    539, 541, 542, 543, 545, 546, 547, 549, 550, 551, 553, 554, 555, 557, 558,
    559, 561, 562, 563, 565, 566, 567, 569, 570, 571, 573, 574, 575, 577, 578,
    579, 581, 582, 583, 585, 586, 587, 589, 590, 591, 593, 594, 595, 597, 598,
    599, 601, 602, 603, 605, 606, 607, 609, 610, 611, 613, 614, 615, 617, 618,
    619, 621, 622, 623, 625, 626, 627, 629, 630, 631, 633, 634, 635, 637, 638,
    639, 641, 642, 643, 645, 646, 647, 649, 650, 651, 653, 654, 655, 657, 658,
    659, 661, 662, 663, 665, 666, 667, 669, 670, 671, 673, 674, 675, 677, 678,
    679, 681, 682, 683, 685, 686, 687, 689, 690, 691, 693, 694, 695, 697, 698,
    699, 701, 702, 703, 705, 706, 707, 709, 710, 711, 713, 714, 715, 717, 718,
    719, 721, 722, 723, 725, 726, 727, 729, 730, 731, 733, 734, 735, 737, 738,
    739, 741, 742, 743, 745, 746, 747, 749, 750, 751, 753, 754, 755, 757, 758,
    759, 761, 762, 763, 765, 766, 767, 769, 770, 771, 773, 774, 775, 777, 778,
    779, 781, 782, 783, 785, 786, 787, 789, 790, 791, 793, 794, 795, 797, 798,
    799, 801, 802, 803, 805, 806, 807, 809, 810, 811, 813, 814, 815, 817, 818,
    819, 821, 822, 823, 825, 826, 827, 829, 830, 831, 833, 834, 835, 837, 838,
    839, 841, 842, 843, 845, 846, 847, 849, 850, 851, 853, 854, 855, 857, 858,
    859, 861, 862, 863, 865, 866, 867, 869, 870, 871, 873, 874, 875, 877, 878,
    879, 881, 882, 883, 885, 886, 887, 889, 890, 891, 893, 894, 895, 897, 898,
    899, 901, 902, 903, 905, 906, 907, 909, 910, 911, 913, 914, 915, 917, 918,
    919, 921, 922, 923, 925, 926, 927, 929, 930, 931, 933, 934, 935, 937, 938,
    939, 941, 942, 943, 945, 946, 947, 949, 950, 951, 953, 954, 955, 957, 958,
    959, 961, 962, 963, 965, 966, 967, 969, 970, 971, 973, 974, 975, 977, 978,
    979, 981, 982, 983, 985, 986, 987, 989, 990, 991, 993, 994, 995, 997, 998,
    999, 1001, 1002, 1003, 1005, 1006, 1007, 1009, 1010, 1011, 1013, 1014,
    1015, 1017, 1018, 1019, 1021, 1022, 1023, 1025, 1026, 1027, 1029, 1030,
    1031, 1033, 1034, 1035, 1037, 1038, 1039, 1041, 1042, 1043, 1045, 1046,
    1047, 1049, 1050, 1051, 1053, 1054, 1055, 1057, 1058, 1059, 1061, 1062,
    1063, 1065, 1066, 1067, 1069, 1070, 1071, 1073, 1074, 1075, 1077, 1078,
    1079, 1081, 1082, 1083, 1085, 1086, 1087, 1089, 1090, 1091, 1093, 1094,
    1095, 1097, 1098, 1099, 1101, 1102, 1103, 1105, 1106, 1107, 1109, 1110,
    1111, 1113, 1114, 1115, 1117, 1118, 1119, 1121, 1122, 1123, 1125, 1126,
    1127, 1129, 1130, 1131, 1133, 1134, 1135, 1137, 1138, 1139, 1141, 1142,
    1143, 1145, 1146, 1147, 1149, 1150, 1151, 1153, 1154, 1155, 1157, 1158,
    1159, 1161, 1162, 1163, 1165, 1166, 1167, 1169, 1170, 1171, 1173, 1174,
    1175, 1177, 1178, 1179, 1181, 1182, 1183, 1185, 1186, 1187, 1189, 1190,
    1191, 1193, 1194, 1195, 1197, 1198, 1199, 1201, 1202, 1203, 1205, 1206,
    1207, 1209, 1210, 1211, 1213, 1214, 1215, 1217, 1218, 1219, 1221, 1222,
    1223, 1225, 1226, 1227, 1229, 1230, 1231, 1233, 1234, 1235, 1237, 1238,
    1239, 1241, 1242, 1243, 1245, 1246, 1247, 1249, 1250, 1251, 1253, 1254,
    1255, 1257, 1258, 1259, 1261, 1262, 1263, 1265, 1266, 1267, 1269, 1270,
    1271, 1273, 1274, 1275, 1277, 1278, 1279, 1281, 1282, 1283, 1285, 1286,
    1287, 1289, 1290, 1291, 1293, 1294, 1295, 1297, 1298, 1299, 1301, 1302,
    1303, 1305, 1306, 1307, 1309, 1310, 1311, 1313, 1314, 1315, 1317, 1318,
    1319, 1321, 1322, 1323, 1325, 1326, 1327, 1329, 1330, 1331, 1333, 1334,
    1335, 1337, 1338, 1339, 1341, 1342, 1343, 1345, 1346, 1347, 1349, 1350,
    1351, 1353, 1354, 1355, 1357, 1358, 1359, 1361, 1362, 1363, 1365, 1366,
    1367, 1369, 1370, 1371, 1373, 1374, 1375, 1377, 1378, 1379, 1381, 1382,
    1383, 1385, 1386, 1387, 1389, 1390, 1391, 1393, 1394, 1395
[1] 0, 4, 8, 12, 16, 20, 24, 28, 32, 36, 40, 44, 48, 52, 56, 60, 64, 68, 72,
    76, 80, 84, 88, 92, 96, 100, 104, 108, 112, 116, 120, 124, 128, 132, 136,
    140, 144, 148, 152, 156, 160, 164, 168, 172, 176, 180, 184, 188, 192, 196,
    200, 204, 208, 212, 216, 220, 224, 228, 232, 236, 240, 244, 248, 252, 256,
    260, 264, 268, 272, 276, 280, 284, 288, 292, 296, 300, 304, 308, 312, 316,
    320, 324, 328, 332, 336, 340, 344, 348, 352, 356, 360, 364, 368, 372, 376,
    380, 384, 388, 392, 396, 400, 404, 408, 412, 416, 420, 424, 428, 432, 436,
    440, 444, 448, 452, 456, 460, 464, 468, 472, 476, 480, 484, 488, 492, 496,
    500, 504, 508, 512, 516, 520, 524, 528, 532, 536, 540, 544, 548, 552, 556,
    560, 564, 568, 572, 576, 580, 584, 588, 592, 596, 600, 604, 608, 612, 616,
    620, 624, 628, 632, 636, 640, 644, 648, 652, 656, 660, 664, 668, 672, 676,
    680, 684, 688, 692, 696, 700, 704, 708, 712, 716, 720, 724, 728, 732, 736,
    740, 744, 748, 752, 756, 760, 764, 768, 772, 776, 780, 784, 788, 792, 796,
    800, 804, 808, 812, 816, 820, 824, 828, 832, 836, 840, 844, 848, 852, 856,
    860, 864, 868, 872, 876, 880, 884, 888, 892, 896, 900, 904, 908, 912, 916,
    920, 924, 928, 932, 936, 940, 944, 948, 952, 956, 960, 964, 968, 972, 976,
    980, 984, 988, 992, 996, 1000, 1004, 1008, 1012, 1016, 1020, 1024, 1028,
    1032, 1036, 1040, 1044, 1048, 1052, 1056, 1060, 1064, 1068, 1072, 1076,
    1080, 1084, 1088, 1092, 1096, 1100, 1104, 1108, 1112, 1116, 1120, 1124,
    1128, 1132, 1136, 1140, 1144, 1148, 1152, 1156, 1160, 1164, 1168, 1172,
    1176, 1180, 1184, 1188, 1192, 1196, 1200, 1204, 1208, 1212, 1216, 1220,
    1224, 1228, 1232, 1236, 1240, 1244, 1248, 1252, 1256, 1260, 1264, 1268,
    1272, 1276, 1280, 1284, 1288, 1292, 1296, 1300, 1304, 1308, 1312, 1316,
    1320, 1324, 1328, 1332, 1336, 1340, 1344, 1348, 1352, 1356, 1360, 1364,
    1368, 1372, 1376, 1380, 1384, 1388, 1392

Reassigned labels
Map:
{"O_0": "O", "O_1": "O"}
token_fitness
{"perc_fit_traces": 0.0, "average_trace_fitness": 0.8057095034971511, "log_fitness": 0.8218873868037797, "percentage_of_fitting_traces": 0.0}
precision
0.28901879905633787
0.6623376623376623
generalization
0.6608730250416905


###### Starting pipeline for 0.75, Distance.SET_DISTANCE, 1######
Found communities: 

Clustering with 1396 elements and 3 clusters
[0] 1, 2, 3, 5, 6, 7, 9, 10, 11, 13, 14, 15, 17, 18, 19, 21, 22, 23, 25, 26,
    27, 29, 30, 31, 33, 34, 35, 37, 38, 39, 41, 42, 43, 45, 46, 47, 49, 50,
    51, 53, 54, 55, 57, 58, 59, 61, 62, 63, 65, 66, 67, 69, 70, 71, 73, 74,
    75, 77, 78, 79, 81, 82, 83, 85, 86, 87, 89, 90, 91, 93, 94, 95, 97, 98,
    99, 101, 102, 103, 105, 106, 107, 109, 110, 111, 113, 114, 115, 117, 118,
    119, 121, 122, 123, 125, 126, 127, 129, 130, 131, 133, 134, 135, 137, 138,
    139, 141, 142, 143, 145, 146, 147, 149, 150, 151, 153, 154, 155, 157, 158,
    159, 161, 162, 163, 165, 166, 167, 169, 170, 171, 173, 174, 175, 177, 178,
    179, 181, 182, 183, 185, 186, 187, 189, 190, 191, 193, 194, 195, 197, 198,
    199, 201, 202, 203, 205, 206, 207, 209, 210, 211, 213, 214, 215, 217, 218,
    219, 221, 222, 223, 225, 226, 227, 229, 230, 231, 233, 234, 235, 237, 238,
    239, 241, 242, 243, 245, 246, 247, 249, 250, 251, 253, 254, 255, 257, 258,
    259, 261, 262, 263, 265, 266, 267, 269, 270, 271, 273, 274, 275, 277, 278,
    279, 281, 282, 283, 285, 286, 287, 289, 290, 291, 293, 294, 295, 297, 298,
    299, 301, 302, 303, 305, 306, 307, 309, 310, 311, 313, 314, 315, 317, 318,
    319, 321, 322, 323, 325, 326, 327, 329, 330, 331, 333, 334, 335, 337, 338,
    339, 341, 342, 343, 345, 346, 347, 349, 350, 351, 353, 354, 355, 357, 358,
    359, 361, 362, 363, 365, 366, 367, 369, 370, 371, 373, 374, 375, 377, 378,
    379, 381, 382, 383, 385, 386, 387, 389, 390, 391, 393, 394, 395, 397, 398,
    399, 401, 402, 403, 405, 406, 407, 409, 410, 411, 413, 414, 415, 417, 418,
    419, 421, 422, 423, 425, 426, 427, 429, 430, 431, 433, 434, 435, 437, 438,
    439, 441, 442, 443, 445, 446, 447, 449, 450, 451, 453, 454, 455, 457, 458,
    459, 461, 462, 463, 465, 466, 467, 469, 470, 471, 473, 474, 475, 477, 478,
    479, 481, 482, 483, 485, 486, 487, 489, 490, 491, 493, 494, 495, 497, 498,
    499, 501, 502, 503, 505, 506, 507, 509, 510, 511, 513, 514, 515, 517, 518,
    519, 521, 522, 523, 525, 526, 527, 529, 530, 531, 533, 534, 535, 537, 538,
    539, 541, 542, 543, 545, 546, 547, 549, 550, 551, 553, 554, 555, 557, 558,
    559, 561, 562, 563, 565, 566, 567, 569, 570, 571, 573, 574, 575, 577, 578,
    579, 581, 582, 583, 585, 586, 587, 589, 590, 591, 593, 594, 595, 597, 598,
    599, 601, 602, 603, 605, 606, 607, 609, 610, 611, 613, 614, 615, 617, 618,
    619, 621, 622, 623, 625, 626, 627, 629, 630, 631, 633, 634, 635, 637, 638,
    639, 641, 642, 643, 645, 646, 647, 649, 650, 651, 653, 654, 655, 657, 658,
    659, 661, 662, 663, 665, 666, 667, 669, 670, 671, 673, 674, 675, 677, 678,
    679, 681, 682, 683, 685, 686, 687, 689, 690, 691, 693, 694, 695, 697, 698,
    699, 701, 702, 703, 705, 706, 707, 709, 710, 711, 713, 714, 715, 717, 718,
    719, 721, 722, 723, 725, 726, 727, 729, 730, 731, 733, 734, 735, 737, 738,
    739, 741, 742, 743, 745, 746, 747, 749, 750, 751, 753, 754, 755, 757, 758,
    759, 761, 762, 763, 765, 766, 767, 769, 770, 771, 773, 774, 775, 777, 778,
    779, 781, 782, 783, 785, 786, 787, 789, 790, 791, 793, 794, 795, 797, 798,
    799, 801, 802, 803, 805, 806, 807, 809, 810, 811, 813, 814, 815, 817, 818,
    819, 821, 822, 823, 825, 826, 827, 829, 830, 831, 833, 834, 835, 837, 838,
    839, 841, 842, 843, 845, 846, 847, 849, 850, 851, 853, 854, 855, 857, 858,
    859, 861, 862, 863, 865, 866, 867, 869, 870, 871, 873, 874, 875, 877, 878,
    879, 881, 882, 883, 885, 886, 887, 889, 890, 891, 893, 894, 895, 897, 898,
    899, 901, 902, 903, 905, 906, 907, 909, 910, 911, 913, 914, 915, 917, 918,
    919, 921, 922, 923, 925, 926, 927, 929, 930, 931, 933, 934, 935, 937, 938,
    939, 941, 942, 943, 945, 946, 947, 949, 950, 951, 953, 954, 955, 957, 958,
    959, 961, 962, 963, 965, 966, 967, 969, 970, 971, 973, 974, 975, 977, 978,
    979, 981, 982, 983, 985, 986, 987, 989, 990, 991, 993, 994, 995, 997, 998,
    999, 1001, 1002, 1003, 1005, 1006, 1007, 1009, 1010, 1011, 1013, 1014,
    1015, 1017, 1018, 1019, 1021, 1022, 1023, 1025, 1026, 1027, 1029, 1030,
    1031, 1033, 1034, 1035, 1037, 1038, 1039, 1041, 1042, 1043, 1045, 1046,
    1047, 1049, 1050, 1051, 1053, 1054, 1055, 1057, 1058, 1059, 1061, 1062,
    1063, 1065, 1066, 1067, 1069, 1070, 1071, 1073, 1074, 1075, 1077, 1078,
    1079, 1081, 1082, 1083, 1085, 1086, 1087, 1089, 1090, 1091, 1093, 1094,
    1095, 1097, 1098, 1099, 1101, 1102, 1103, 1105, 1106, 1107, 1109, 1110,
    1111, 1113, 1114, 1115, 1117, 1118, 1119, 1121, 1122, 1123, 1125, 1126,
    1127, 1129, 1130, 1131, 1133, 1134, 1135, 1137, 1138, 1139, 1141, 1142,
    1143, 1145, 1146, 1147, 1149, 1150, 1151, 1153, 1154, 1155, 1157, 1158,
    1159, 1161, 1162, 1163, 1165, 1166, 1167, 1169, 1170, 1171, 1173, 1174,
    1175, 1177, 1178, 1179, 1181, 1182, 1183, 1185, 1186, 1187, 1189, 1190,
    1191, 1193, 1194, 1195, 1197, 1198, 1199, 1201, 1202, 1203, 1205, 1206,
    1207, 1209, 1210, 1211, 1213, 1214, 1215, 1217, 1218, 1219, 1221, 1222,
    1223, 1225, 1226, 1227, 1229, 1230, 1231, 1233, 1234, 1235, 1237, 1238,
    1239, 1241, 1242, 1243, 1245, 1246, 1247, 1249, 1250, 1251, 1253, 1254,
    1255, 1257, 1258, 1259, 1261, 1262, 1263, 1265, 1266, 1267, 1269, 1270,
    1271, 1273, 1274, 1275, 1277, 1278, 1279, 1281, 1282, 1283, 1285, 1286,
    1287, 1289, 1290, 1291, 1293, 1294, 1295, 1297, 1298, 1299, 1301, 1302,
    1303, 1305, 1306, 1307, 1309, 1310, 1311, 1313, 1314, 1315, 1317, 1318,
    1319, 1321, 1322, 1323, 1325, 1326, 1327, 1329, 1330, 1331, 1333, 1334,
    1335, 1337, 1338, 1339, 1341, 1342, 1343, 1345, 1346, 1347, 1349, 1350,
    1351, 1353, 1354, 1355, 1357, 1358, 1359, 1361, 1362, 1363, 1365, 1366,
    1367, 1369, 1370, 1371, 1373, 1374, 1375, 1377, 1378, 1379, 1381, 1382,
    1383, 1385, 1386, 1387, 1389, 1390, 1391, 1393, 1394, 1395
[1] 8, 28, 32, 36, 44, 56, 60, 64, 72, 80, 84, 88, 96, 100, 104, 108, 112,
    116, 128, 132, 144, 156, 160, 172, 180, 184, 196, 204, 208, 212, 216, 224,
    228, 236, 240, 244, 248, 252, 260, 272, 276, 280, 284, 292, 296, 308, 316,
    324, 332, 336, 340, 344, 348, 352, 360, 364, 380, 384, 396, 412, 428, 432,
    436, 452, 476, 484, 488, 492, 504, 512, 516, 528, 536, 540, 548, 552, 564,
    568, 576, 580, 584, 588, 592, 596, 612, 616, 620, 636, 640, 644, 648, 660,
    664, 672, 676, 680, 692, 700, 704, 708, 712, 716, 720, 728, 736, 740, 744,
    748, 752, 756, 760, 764, 776, 780, 784, 788, 792, 796, 804, 808, 820, 824,
    832, 836, 840, 844, 848, 852, 860, 868, 872, 888, 892, 896, 900, 904, 908,
    928, 936, 944, 948, 956, 960, 968, 980, 984, 988, 992, 996, 1000, 1004,
    1008, 1020, 1024, 1032, 1036, 1040, 1044, 1048, 1052, 1060, 1064, 1072,
    1080, 1084, 1088, 1096, 1100, 1104, 1108, 1116, 1124, 1128, 1140, 1160,
    1172, 1176, 1188, 1196, 1208, 1212, 1216, 1224, 1228, 1236, 1240, 1244,
    1248, 1252, 1264, 1272, 1284, 1292, 1300, 1304, 1308, 1320, 1328, 1332,
    1340, 1344, 1356, 1360, 1364, 1372, 1380, 1384, 1388, 1392
[2] 0, 4, 12, 16, 20, 24, 40, 48, 52, 68, 76, 92, 120, 124, 136, 140, 148,
    152, 164, 168, 176, 188, 192, 200, 220, 232, 256, 264, 268, 288, 300, 304,
    312, 320, 328, 356, 368, 372, 376, 388, 392, 400, 404, 408, 416, 420, 424,
    440, 444, 448, 456, 460, 464, 468, 472, 480, 496, 500, 508, 520, 524, 532,
    544, 556, 560, 572, 600, 604, 608, 624, 628, 632, 652, 656, 668, 684, 688,
    696, 724, 732, 768, 772, 800, 812, 816, 828, 856, 864, 876, 880, 884, 912,
    916, 920, 924, 932, 940, 952, 964, 972, 976, 1012, 1016, 1028, 1056, 1068,
    1076, 1092, 1112, 1120, 1132, 1136, 1144, 1148, 1152, 1156, 1164, 1168,
    1180, 1184, 1192, 1200, 1204, 1220, 1232, 1256, 1260, 1268, 1276, 1280,
    1288, 1296, 1312, 1316, 1324, 1336, 1348, 1352, 1368, 1376

Reassigned labels
Map:
{"O_0": "O", "O_1": "O", "O_2": "O"}
token_fitness
{"perc_fit_traces": 0.0, "average_trace_fitness": 0.8057095034971511, "log_fitness": 0.8218873868037797, "percentage_of_fitting_traces": 0.0}
precision
0.28901879905633787
0.6623376623376623
generalization
0.6608730250416905


###### Starting pipeline for 1, Distance.SET_DISTANCE, 1######
Found communities: 

Clustering with 1396 elements and 3 clusters
[0] 1, 2, 3, 5, 6, 7, 9, 10, 11, 13, 14, 15, 17, 18, 19, 21, 22, 23, 25, 26,
    27, 29, 30, 31, 33, 34, 35, 37, 38, 39, 41, 42, 43, 45, 46, 47, 49, 50,
    51, 53, 54, 55, 57, 58, 59, 61, 62, 63, 65, 66, 67, 69, 70, 71, 73, 74,
    75, 77, 78, 79, 81, 82, 83, 85, 86, 87, 89, 90, 91, 93, 94, 95, 97, 98,
    99, 101, 102, 103, 105, 106, 107, 109, 110, 111, 113, 114, 115, 117, 118,
    119, 121, 122, 123, 125, 126, 127, 129, 130, 131, 133, 134, 135, 137, 138,
    139, 141, 142, 143, 145, 146, 147, 149, 150, 151, 153, 154, 155, 157, 158,
    159, 161, 162, 163, 165, 166, 167, 169, 170, 171, 173, 174, 175, 177, 178,
    179, 181, 182, 183, 185, 186, 187, 189, 190, 191, 193, 194, 195, 197, 198,
    199, 201, 202, 203, 205, 206, 207, 209, 210, 211, 213, 214, 215, 217, 218,
    219, 221, 222, 223, 225, 226, 227, 229, 230, 231, 233, 234, 235, 237, 238,
    239, 241, 242, 243, 245, 246, 247, 249, 250, 251, 253, 254, 255, 257, 258,
    259, 261, 262, 263, 265, 266, 267, 269, 270, 271, 273, 274, 275, 277, 278,
    279, 281, 282, 283, 285, 286, 287, 289, 290, 291, 293, 294, 295, 297, 298,
    299, 301, 302, 303, 305, 306, 307, 309, 310, 311, 313, 314, 315, 317, 318,
    319, 321, 322, 323, 325, 326, 327, 329, 330, 331, 333, 334, 335, 337, 338,
    339, 341, 342, 343, 345, 346, 347, 349, 350, 351, 353, 354, 355, 357, 358,
    359, 361, 362, 363, 365, 366, 367, 369, 370, 371, 373, 374, 375, 377, 378,
    379, 381, 382, 383, 385, 386, 387, 389, 390, 391, 393, 394, 395, 397, 398,
    399, 401, 402, 403, 405, 406, 407, 409, 410, 411, 413, 414, 415, 417, 418,
    419, 421, 422, 423, 425, 426, 427, 429, 430, 431, 433, 434, 435, 437, 438,
    439, 441, 442, 443, 445, 446, 447, 449, 450, 451, 453, 454, 455, 457, 458,
    459, 461, 462, 463, 465, 466, 467, 469, 470, 471, 473, 474, 475, 477, 478,
    479, 481, 482, 483, 485, 486, 487, 489, 490, 491, 493, 494, 495, 497, 498,
    499, 501, 502, 503, 505, 506, 507, 509, 510, 511, 513, 514, 515, 517, 518,
    519, 521, 522, 523, 525, 526, 527, 529, 530, 531, 533, 534, 535, 537, 538,
    539, 541, 542, 543, 545, 546, 547, 549, 550, 551, 553, 554, 555, 557, 558,
    559, 561, 562, 563, 565, 566, 567, 569, 570, 571, 573, 574, 575, 577, 578,
    579, 581, 582, 583, 585, 586, 587, 589, 590, 591, 593, 594, 595, 597, 598,
    599, 601, 602, 603, 605, 606, 607, 609, 610, 611, 613, 614, 615, 617, 618,
    619, 621, 622, 623, 625, 626, 627, 629, 630, 631, 633, 634, 635, 637, 638,
    639, 641, 642, 643, 645, 646, 647, 649, 650, 651, 653, 654, 655, 657, 658,
    659, 661, 662, 663, 665, 666, 667, 669, 670, 671, 673, 674, 675, 677, 678,
    679, 681, 682, 683, 685, 686, 687, 689, 690, 691, 693, 694, 695, 697, 698,
    699, 701, 702, 703, 705, 706, 707, 709, 710, 711, 713, 714, 715, 717, 718,
    719, 721, 722, 723, 725, 726, 727, 729, 730, 731, 733, 734, 735, 737, 738,
    739, 741, 742, 743, 745, 746, 747, 749, 750, 751, 753, 754, 755, 757, 758,
    759, 761, 762, 763, 765, 766, 767, 769, 770, 771, 773, 774, 775, 777, 778,
    779, 781, 782, 783, 785, 786, 787, 789, 790, 791, 793, 794, 795, 797, 798,
    799, 801, 802, 803, 805, 806, 807, 809, 810, 811, 813, 814, 815, 817, 818,
    819, 821, 822, 823, 825, 826, 827, 829, 830, 831, 833, 834, 835, 837, 838,
    839, 841, 842, 843, 845, 846, 847, 849, 850, 851, 853, 854, 855, 857, 858,
    859, 861, 862, 863, 865, 866, 867, 869, 870, 871, 873, 874, 875, 877, 878,
    879, 881, 882, 883, 885, 886, 887, 889, 890, 891, 893, 894, 895, 897, 898,
    899, 901, 902, 903, 905, 906, 907, 909, 910, 911, 913, 914, 915, 917, 918,
    919, 921, 922, 923, 925, 926, 927, 929, 930, 931, 933, 934, 935, 937, 938,
    939, 941, 942, 943, 945, 946, 947, 949, 950, 951, 953, 954, 955, 957, 958,
    959, 961, 962, 963, 965, 966, 967, 969, 970, 971, 973, 974, 975, 977, 978,
    979, 981, 982, 983, 985, 986, 987, 989, 990, 991, 993, 994, 995, 997, 998,
    999, 1001, 1002, 1003, 1005, 1006, 1007, 1009, 1010, 1011, 1013, 1014,
    1015, 1017, 1018, 1019, 1021, 1022, 1023, 1025, 1026, 1027, 1029, 1030,
    1031, 1033, 1034, 1035, 1037, 1038, 1039, 1041, 1042, 1043, 1045, 1046,
    1047, 1049, 1050, 1051, 1053, 1054, 1055, 1057, 1058, 1059, 1061, 1062,
    1063, 1065, 1066, 1067, 1069, 1070, 1071, 1073, 1074, 1075, 1077, 1078,
    1079, 1081, 1082, 1083, 1085, 1086, 1087, 1089, 1090, 1091, 1093, 1094,
    1095, 1097, 1098, 1099, 1101, 1102, 1103, 1105, 1106, 1107, 1109, 1110,
    1111, 1113, 1114, 1115, 1117, 1118, 1119, 1121, 1122, 1123, 1125, 1126,
    1127, 1129, 1130, 1131, 1133, 1134, 1135, 1137, 1138, 1139, 1141, 1142,
    1143, 1145, 1146, 1147, 1149, 1150, 1151, 1153, 1154, 1155, 1157, 1158,
    1159, 1161, 1162, 1163, 1165, 1166, 1167, 1169, 1170, 1171, 1173, 1174,
    1175, 1177, 1178, 1179, 1181, 1182, 1183, 1185, 1186, 1187, 1189, 1190,
    1191, 1193, 1194, 1195, 1197, 1198, 1199, 1201, 1202, 1203, 1205, 1206,
    1207, 1209, 1210, 1211, 1213, 1214, 1215, 1217, 1218, 1219, 1221, 1222,
    1223, 1225, 1226, 1227, 1229, 1230, 1231, 1233, 1234, 1235, 1237, 1238,
    1239, 1241, 1242, 1243, 1245, 1246, 1247, 1249, 1250, 1251, 1253, 1254,
    1255, 1257, 1258, 1259, 1261, 1262, 1263, 1265, 1266, 1267, 1269, 1270,
    1271, 1273, 1274, 1275, 1277, 1278, 1279, 1281, 1282, 1283, 1285, 1286,
    1287, 1289, 1290, 1291, 1293, 1294, 1295, 1297, 1298, 1299, 1301, 1302,
    1303, 1305, 1306, 1307, 1309, 1310, 1311, 1313, 1314, 1315, 1317, 1318,
    1319, 1321, 1322, 1323, 1325, 1326, 1327, 1329, 1330, 1331, 1333, 1334,
    1335, 1337, 1338, 1339, 1341, 1342, 1343, 1345, 1346, 1347, 1349, 1350,
    1351, 1353, 1354, 1355, 1357, 1358, 1359, 1361, 1362, 1363, 1365, 1366,
    1367, 1369, 1370, 1371, 1373, 1374, 1375, 1377, 1378, 1379, 1381, 1382,
    1383, 1385, 1386, 1387, 1389, 1390, 1391, 1393, 1394, 1395
[1] 8, 28, 32, 36, 44, 56, 60, 64, 72, 80, 84, 88, 96, 100, 104, 108, 112,
    116, 128, 132, 144, 156, 160, 172, 180, 184, 196, 204, 208, 212, 216, 224,
    228, 236, 240, 244, 248, 252, 260, 272, 276, 280, 284, 292, 296, 308, 316,
    324, 332, 336, 340, 344, 348, 352, 360, 364, 380, 384, 396, 412, 428, 432,
    436, 452, 476, 484, 488, 492, 504, 512, 516, 528, 536, 540, 548, 552, 564,
    568, 576, 580, 584, 588, 592, 596, 612, 616, 620, 636, 640, 644, 648, 660,
    664, 672, 676, 680, 692, 700, 704, 708, 712, 716, 720, 728, 736, 740, 744,
    748, 752, 756, 760, 764, 776, 780, 784, 788, 792, 796, 804, 808, 820, 824,
    832, 836, 840, 844, 848, 852, 860, 868, 872, 888, 892, 896, 900, 904, 908,
    928, 936, 944, 948, 956, 960, 968, 980, 984, 988, 992, 996, 1000, 1004,
    1008, 1020, 1024, 1032, 1036, 1040, 1044, 1048, 1052, 1060, 1064, 1072,
    1080, 1084, 1088, 1096, 1100, 1104, 1108, 1116, 1124, 1128, 1140, 1160,
    1172, 1176, 1188, 1196, 1208, 1212, 1216, 1224, 1228, 1236, 1240, 1244,
    1248, 1252, 1264, 1272, 1284, 1292, 1300, 1304, 1308, 1320, 1328, 1332,
    1340, 1344, 1356, 1360, 1364, 1372, 1380, 1384, 1388, 1392
[2] 0, 4, 12, 16, 20, 24, 40, 48, 52, 68, 76, 92, 120, 124, 136, 140, 148,
    152, 164, 168, 176, 188, 192, 200, 220, 232, 256, 264, 268, 288, 300, 304,
    312, 320, 328, 356, 368, 372, 376, 388, 392, 400, 404, 408, 416, 420, 424,
    440, 444, 448, 456, 460, 464, 468, 472, 480, 496, 500, 508, 520, 524, 532,
    544, 556, 560, 572, 600, 604, 608, 624, 628, 632, 652, 656, 668, 684, 688,
    696, 724, 732, 768, 772, 800, 812, 816, 828, 856, 864, 876, 880, 884, 912,
    916, 920, 924, 932, 940, 952, 964, 972, 976, 1012, 1016, 1028, 1056, 1068,
    1076, 1092, 1112, 1120, 1132, 1136, 1144, 1148, 1152, 1156, 1164, 1168,
    1180, 1184, 1192, 1200, 1204, 1220, 1232, 1256, 1260, 1268, 1276, 1280,
    1288, 1296, 1312, 1316, 1324, 1336, 1348, 1352, 1368, 1376

Reassigned labels
Map:
{"O_0": "O", "O_1": "O", "O_2": "O"}
token_fitness
{"perc_fit_traces": 0.0, "average_trace_fitness": 0.8057095034971511, "log_fitness": 0.8218873868037797, "percentage_of_fitting_traces": 0.0}
precision
0.28901879905633787
0.6623376623376623
generalization
0.6608730250416905


###### Starting pipeline for 0, Distance.MULTISET_DISTANCE, 1######
Found communities: 

Clustering with 1396 elements and 2 clusters
[0] 1, 2, 3, 5, 6, 7, 9, 10, 11, 13, 14, 15, 17, 18, 19, 21, 22, 23, 25, 26,
    27, 29, 30, 31, 33, 34, 35, 37, 38, 39, 41, 42, 43, 45, 46, 47, 49, 50,
    51, 53, 54, 55, 57, 58, 59, 61, 62, 63, 65, 66, 67, 69, 70, 71, 73, 74,
    75, 77, 78, 79, 81, 82, 83, 85, 86, 87, 89, 90, 91, 93, 94, 95, 97, 98,
    99, 101, 102, 103, 105, 106, 107, 109, 110, 111, 113, 114, 115, 117, 118,
    119, 121, 122, 123, 125, 126, 127, 129, 130, 131, 133, 134, 135, 137, 138,
    139, 141, 142, 143, 145, 146, 147, 149, 150, 151, 153, 154, 155, 157, 158,
    159, 161, 162, 163, 165, 166, 167, 169, 170, 171, 173, 174, 175, 177, 178,
    179, 181, 182, 183, 185, 186, 187, 189, 190, 191, 193, 194, 195, 197, 198,
    199, 201, 202, 203, 205, 206, 207, 209, 210, 211, 213, 214, 215, 217, 218,
    219, 221, 222, 223, 225, 226, 227, 229, 230, 231, 233, 234, 235, 237, 238,
    239, 241, 242, 243, 245, 246, 247, 249, 250, 251, 253, 254, 255, 257, 258,
    259, 261, 262, 263, 265, 266, 267, 269, 270, 271, 273, 274, 275, 277, 278,
    279, 281, 282, 283, 285, 286, 287, 289, 290, 291, 293, 294, 295, 297, 298,
    299, 301, 302, 303, 305, 306, 307, 309, 310, 311, 313, 314, 315, 317, 318,
    319, 321, 322, 323, 325, 326, 327, 329, 330, 331, 333, 334, 335, 337, 338,
    339, 341, 342, 343, 345, 346, 347, 349, 350, 351, 353, 354, 355, 357, 358,
    359, 361, 362, 363, 365, 366, 367, 369, 370, 371, 373, 374, 375, 377, 378,
    379, 381, 382, 383, 385, 386, 387, 389, 390, 391, 393, 394, 395, 397, 398,
    399, 401, 402, 403, 405, 406, 407, 409, 410, 411, 413, 414, 415, 417, 418,
    419, 421, 422, 423, 425, 426, 427, 429, 430, 431, 433, 434, 435, 437, 438,
    439, 441, 442, 443, 445, 446, 447, 449, 450, 451, 453, 454, 455, 457, 458,
    459, 461, 462, 463, 465, 466, 467, 469, 470, 471, 473, 474, 475, 477, 478,
    479, 481, 482, 483, 485, 486, 487, 489, 490, 491, 493, 494, 495, 497, 498,
    499, 501, 502, 503, 505, 506, 507, 509, 510, 511, 513, 514, 515, 517, 518,
    519, 521, 522, 523, 525, 526, 527, 529, 530, 531, 533, 534, 535, 537, 538,
    539, 541, 542, 543, 545, 546, 547, 549, 550, 551, 553, 554, 555, 557, 558,
    559, 561, 562, 563, 565, 566, 567, 569, 570, 571, 573, 574, 575, 577, 578,
    579, 581, 582, 583, 585, 586, 587, 589, 590, 591, 593, 594, 595, 597, 598,
    599, 601, 602, 603, 605, 606, 607, 609, 610, 611, 613, 614, 615, 617, 618,
    619, 621, 622, 623, 625, 626, 627, 629, 630, 631, 633, 634, 635, 637, 638,
    639, 641, 642, 643, 645, 646, 647, 649, 650, 651, 653, 654, 655, 657, 658,
    659, 661, 662, 663, 665, 666, 667, 669, 670, 671, 673, 674, 675, 677, 678,
    679, 681, 682, 683, 685, 686, 687, 689, 690, 691, 693, 694, 695, 697, 698,
    699, 701, 702, 703, 705, 706, 707, 709, 710, 711, 713, 714, 715, 717, 718,
    719, 721, 722, 723, 725, 726, 727, 729, 730, 731, 733, 734, 735, 737, 738,
    739, 741, 742, 743, 745, 746, 747, 749, 750, 751, 753, 754, 755, 757, 758,
    759, 761, 762, 763, 765, 766, 767, 769, 770, 771, 773, 774, 775, 777, 778,
    779, 781, 782, 783, 785, 786, 787, 789, 790, 791, 793, 794, 795, 797, 798,
    799, 801, 802, 803, 805, 806, 807, 809, 810, 811, 813, 814, 815, 817, 818,
    819, 821, 822, 823, 825, 826, 827, 829, 830, 831, 833, 834, 835, 837, 838,
    839, 841, 842, 843, 845, 846, 847, 849, 850, 851, 853, 854, 855, 857, 858,
    859, 861, 862, 863, 865, 866, 867, 869, 870, 871, 873, 874, 875, 877, 878,
    879, 881, 882, 883, 885, 886, 887, 889, 890, 891, 893, 894, 895, 897, 898,
    899, 901, 902, 903, 905, 906, 907, 909, 910, 911, 913, 914, 915, 917, 918,
    919, 921, 922, 923, 925, 926, 927, 929, 930, 931, 933, 934, 935, 937, 938,
    939, 941, 942, 943, 945, 946, 947, 949, 950, 951, 953, 954, 955, 957, 958,
    959, 961, 962, 963, 965, 966, 967, 969, 970, 971, 973, 974, 975, 977, 978,
    979, 981, 982, 983, 985, 986, 987, 989, 990, 991, 993, 994, 995, 997, 998,
    999, 1001, 1002, 1003, 1005, 1006, 1007, 1009, 1010, 1011, 1013, 1014,
    1015, 1017, 1018, 1019, 1021, 1022, 1023, 1025, 1026, 1027, 1029, 1030,
    1031, 1033, 1034, 1035, 1037, 1038, 1039, 1041, 1042, 1043, 1045, 1046,
    1047, 1049, 1050, 1051, 1053, 1054, 1055, 1057, 1058, 1059, 1061, 1062,
    1063, 1065, 1066, 1067, 1069, 1070, 1071, 1073, 1074, 1075, 1077, 1078,
    1079, 1081, 1082, 1083, 1085, 1086, 1087, 1089, 1090, 1091, 1093, 1094,
    1095, 1097, 1098, 1099, 1101, 1102, 1103, 1105, 1106, 1107, 1109, 1110,
    1111, 1113, 1114, 1115, 1117, 1118, 1119, 1121, 1122, 1123, 1125, 1126,
    1127, 1129, 1130, 1131, 1133, 1134, 1135, 1137, 1138, 1139, 1141, 1142,
    1143, 1145, 1146, 1147, 1149, 1150, 1151, 1153, 1154, 1155, 1157, 1158,
    1159, 1161, 1162, 1163, 1165, 1166, 1167, 1169, 1170, 1171, 1173, 1174,
    1175, 1177, 1178, 1179, 1181, 1182, 1183, 1185, 1186, 1187, 1189, 1190,
    1191, 1193, 1194, 1195, 1197, 1198, 1199, 1201, 1202, 1203, 1205, 1206,
    1207, 1209, 1210, 1211, 1213, 1214, 1215, 1217, 1218, 1219, 1221, 1222,
    1223, 1225, 1226, 1227, 1229, 1230, 1231, 1233, 1234, 1235, 1237, 1238,
    1239, 1241, 1242, 1243, 1245, 1246, 1247, 1249, 1250, 1251, 1253, 1254,
    1255, 1257, 1258, 1259, 1261, 1262, 1263, 1265, 1266, 1267, 1269, 1270,
    1271, 1273, 1274, 1275, 1277, 1278, 1279, 1281, 1282, 1283, 1285, 1286,
    1287, 1289, 1290, 1291, 1293, 1294, 1295, 1297, 1298, 1299, 1301, 1302,
    1303, 1305, 1306, 1307, 1309, 1310, 1311, 1313, 1314, 1315, 1317, 1318,
    1319, 1321, 1322, 1323, 1325, 1326, 1327, 1329, 1330, 1331, 1333, 1334,
    1335, 1337, 1338, 1339, 1341, 1342, 1343, 1345, 1346, 1347, 1349, 1350,
    1351, 1353, 1354, 1355, 1357, 1358, 1359, 1361, 1362, 1363, 1365, 1366,
    1367, 1369, 1370, 1371, 1373, 1374, 1375, 1377, 1378, 1379, 1381, 1382,
    1383, 1385, 1386, 1387, 1389, 1390, 1391, 1393, 1394, 1395
[1] 0, 4, 8, 12, 16, 20, 24, 28, 32, 36, 40, 44, 48, 52, 56, 60, 64, 68, 72,
    76, 80, 84, 88, 92, 96, 100, 104, 108, 112, 116, 120, 124, 128, 132, 136,
    140, 144, 148, 152, 156, 160, 164, 168, 172, 176, 180, 184, 188, 192, 196,
    200, 204, 208, 212, 216, 220, 224, 228, 232, 236, 240, 244, 248, 252, 256,
    260, 264, 268, 272, 276, 280, 284, 288, 292, 296, 300, 304, 308, 312, 316,
    320, 324, 328, 332, 336, 340, 344, 348, 352, 356, 360, 364, 368, 372, 376,
    380, 384, 388, 392, 396, 400, 404, 408, 412, 416, 420, 424, 428, 432, 436,
    440, 444, 448, 452, 456, 460, 464, 468, 472, 476, 480, 484, 488, 492, 496,
    500, 504, 508, 512, 516, 520, 524, 528, 532, 536, 540, 544, 548, 552, 556,
    560, 564, 568, 572, 576, 580, 584, 588, 592, 596, 600, 604, 608, 612, 616,
    620, 624, 628, 632, 636, 640, 644, 648, 652, 656, 660, 664, 668, 672, 676,
    680, 684, 688, 692, 696, 700, 704, 708, 712, 716, 720, 724, 728, 732, 736,
    740, 744, 748, 752, 756, 760, 764, 768, 772, 776, 780, 784, 788, 792, 796,
    800, 804, 808, 812, 816, 820, 824, 828, 832, 836, 840, 844, 848, 852, 856,
    860, 864, 868, 872, 876, 880, 884, 888, 892, 896, 900, 904, 908, 912, 916,
    920, 924, 928, 932, 936, 940, 944, 948, 952, 956, 960, 964, 968, 972, 976,
    980, 984, 988, 992, 996, 1000, 1004, 1008, 1012, 1016, 1020, 1024, 1028,
    1032, 1036, 1040, 1044, 1048, 1052, 1056, 1060, 1064, 1068, 1072, 1076,
    1080, 1084, 1088, 1092, 1096, 1100, 1104, 1108, 1112, 1116, 1120, 1124,
    1128, 1132, 1136, 1140, 1144, 1148, 1152, 1156, 1160, 1164, 1168, 1172,
    1176, 1180, 1184, 1188, 1192, 1196, 1200, 1204, 1208, 1212, 1216, 1220,
    1224, 1228, 1232, 1236, 1240, 1244, 1248, 1252, 1256, 1260, 1264, 1268,
    1272, 1276, 1280, 1284, 1288, 1292, 1296, 1300, 1304, 1308, 1312, 1316,
    1320, 1324, 1328, 1332, 1336, 1340, 1344, 1348, 1352, 1356, 1360, 1364,
    1368, 1372, 1376, 1380, 1384, 1388, 1392

Reassigned labels
Map:
{"O_0": "O", "O_1": "O"}
token_fitness
{"perc_fit_traces": 0.0, "average_trace_fitness": 0.8057095034971511, "log_fitness": 0.8218873868037797, "percentage_of_fitting_traces": 0.0}
precision
0.28901879905633787
0.6623376623376623
generalization
0.6608730250416905


###### Starting pipeline for 0.25, Distance.MULTISET_DISTANCE, 1######
Found communities: 

Clustering with 1396 elements and 2 clusters
[0] 1, 2, 3, 5, 6, 7, 9, 10, 11, 13, 14, 15, 17, 18, 19, 21, 22, 23, 25, 26,
    27, 29, 30, 31, 33, 34, 35, 37, 38, 39, 41, 42, 43, 45, 46, 47, 49, 50,
    51, 53, 54, 55, 57, 58, 59, 61, 62, 63, 65, 66, 67, 69, 70, 71, 73, 74,
    75, 77, 78, 79, 81, 82, 83, 85, 86, 87, 89, 90, 91, 93, 94, 95, 97, 98,
    99, 101, 102, 103, 105, 106, 107, 109, 110, 111, 113, 114, 115, 117, 118,
    119, 121, 122, 123, 125, 126, 127, 129, 130, 131, 133, 134, 135, 137, 138,
    139, 141, 142, 143, 145, 146, 147, 149, 150, 151, 153, 154, 155, 157, 158,
    159, 161, 162, 163, 165, 166, 167, 169, 170, 171, 173, 174, 175, 177, 178,
    179, 181, 182, 183, 185, 186, 187, 189, 190, 191, 193, 194, 195, 197, 198,
    199, 201, 202, 203, 205, 206, 207, 209, 210, 211, 213, 214, 215, 217, 218,
    219, 221, 222, 223, 225, 226, 227, 229, 230, 231, 233, 234, 235, 237, 238,
    239, 241, 242, 243, 245, 246, 247, 249, 250, 251, 253, 254, 255, 257, 258,
    259, 261, 262, 263, 265, 266, 267, 269, 270, 271, 273, 274, 275, 277, 278,
    279, 281, 282, 283, 285, 286, 287, 289, 290, 291, 293, 294, 295, 297, 298,
    299, 301, 302, 303, 305, 306, 307, 309, 310, 311, 313, 314, 315, 317, 318,
    319, 321, 322, 323, 325, 326, 327, 329, 330, 331, 333, 334, 335, 337, 338,
    339, 341, 342, 343, 345, 346, 347, 349, 350, 351, 353, 354, 355, 357, 358,
    359, 361, 362, 363, 365, 366, 367, 369, 370, 371, 373, 374, 375, 377, 378,
    379, 381, 382, 383, 385, 386, 387, 389, 390, 391, 393, 394, 395, 397, 398,
    399, 401, 402, 403, 405, 406, 407, 409, 410, 411, 413, 414, 415, 417, 418,
    419, 421, 422, 423, 425, 426, 427, 429, 430, 431, 433, 434, 435, 437, 438,
    439, 441, 442, 443, 445, 446, 447, 449, 450, 451, 453, 454, 455, 457, 458,
    459, 461, 462, 463, 465, 466, 467, 469, 470, 471, 473, 474, 475, 477, 478,
    479, 481, 482, 483, 485, 486, 487, 489, 490, 491, 493, 494, 495, 497, 498,
    499, 501, 502, 503, 505, 506, 507, 509, 510, 511, 513, 514, 515, 517, 518,
    519, 521, 522, 523, 525, 526, 527, 529, 530, 531, 533, 534, 535, 537, 538,
    539, 541, 542, 543, 545, 546, 547, 549, 550, 551, 553, 554, 555, 557, 558,
    559, 561, 562, 563, 565, 566, 567, 569, 570, 571, 573, 574, 575, 577, 578,
    579, 581, 582, 583, 585, 586, 587, 589, 590, 591, 593, 594, 595, 597, 598,
    599, 601, 602, 603, 605, 606, 607, 609, 610, 611, 613, 614, 615, 617, 618,
    619, 621, 622, 623, 625, 626, 627, 629, 630, 631, 633, 634, 635, 637, 638,
    639, 641, 642, 643, 645, 646, 647, 649, 650, 651, 653, 654, 655, 657, 658,
    659, 661, 662, 663, 665, 666, 667, 669, 670, 671, 673, 674, 675, 677, 678,
    679, 681, 682, 683, 685, 686, 687, 689, 690, 691, 693, 694, 695, 697, 698,
    699, 701, 702, 703, 705, 706, 707, 709, 710, 711, 713, 714, 715, 717, 718,
    719, 721, 722, 723, 725, 726, 727, 729, 730, 731, 733, 734, 735, 737, 738,
    739, 741, 742, 743, 745, 746, 747, 749, 750, 751, 753, 754, 755, 757, 758,
    759, 761, 762, 763, 765, 766, 767, 769, 770, 771, 773, 774, 775, 777, 778,
    779, 781, 782, 783, 785, 786, 787, 789, 790, 791, 793, 794, 795, 797, 798,
    799, 801, 802, 803, 805, 806, 807, 809, 810, 811, 813, 814, 815, 817, 818,
    819, 821, 822, 823, 825, 826, 827, 829, 830, 831, 833, 834, 835, 837, 838,
    839, 841, 842, 843, 845, 846, 847, 849, 850, 851, 853, 854, 855, 857, 858,
    859, 861, 862, 863, 865, 866, 867, 869, 870, 871, 873, 874, 875, 877, 878,
    879, 881, 882, 883, 885, 886, 887, 889, 890, 891, 893, 894, 895, 897, 898,
    899, 901, 902, 903, 905, 906, 907, 909, 910, 911, 913, 914, 915, 917, 918,
    919, 921, 922, 923, 925, 926, 927, 929, 930, 931, 933, 934, 935, 937, 938,
    939, 941, 942, 943, 945, 946, 947, 949, 950, 951, 953, 954, 955, 957, 958,
    959, 961, 962, 963, 965, 966, 967, 969, 970, 971, 973, 974, 975, 977, 978,
    979, 981, 982, 983, 985, 986, 987, 989, 990, 991, 993, 994, 995, 997, 998,
    999, 1001, 1002, 1003, 1005, 1006, 1007, 1009, 1010, 1011, 1013, 1014,
    1015, 1017, 1018, 1019, 1021, 1022, 1023, 1025, 1026, 1027, 1029, 1030,
    1031, 1033, 1034, 1035, 1037, 1038, 1039, 1041, 1042, 1043, 1045, 1046,
    1047, 1049, 1050, 1051, 1053, 1054, 1055, 1057, 1058, 1059, 1061, 1062,
    1063, 1065, 1066, 1067, 1069, 1070, 1071, 1073, 1074, 1075, 1077, 1078,
    1079, 1081, 1082, 1083, 1085, 1086, 1087, 1089, 1090, 1091, 1093, 1094,
    1095, 1097, 1098, 1099, 1101, 1102, 1103, 1105, 1106, 1107, 1109, 1110,
    1111, 1113, 1114, 1115, 1117, 1118, 1119, 1121, 1122, 1123, 1125, 1126,
    1127, 1129, 1130, 1131, 1133, 1134, 1135, 1137, 1138, 1139, 1141, 1142,
    1143, 1145, 1146, 1147, 1149, 1150, 1151, 1153, 1154, 1155, 1157, 1158,
    1159, 1161, 1162, 1163, 1165, 1166, 1167, 1169, 1170, 1171, 1173, 1174,
    1175, 1177, 1178, 1179, 1181, 1182, 1183, 1185, 1186, 1187, 1189, 1190,
    1191, 1193, 1194, 1195, 1197, 1198, 1199, 1201, 1202, 1203, 1205, 1206,
    1207, 1209, 1210, 1211, 1213, 1214, 1215, 1217, 1218, 1219, 1221, 1222,
    1223, 1225, 1226, 1227, 1229, 1230, 1231, 1233, 1234, 1235, 1237, 1238,
    1239, 1241, 1242, 1243, 1245, 1246, 1247, 1249, 1250, 1251, 1253, 1254,
    1255, 1257, 1258, 1259, 1261, 1262, 1263, 1265, 1266, 1267, 1269, 1270,
    1271, 1273, 1274, 1275, 1277, 1278, 1279, 1281, 1282, 1283, 1285, 1286,
    1287, 1289, 1290, 1291, 1293, 1294, 1295, 1297, 1298, 1299, 1301, 1302,
    1303, 1305, 1306, 1307, 1309, 1310, 1311, 1313, 1314, 1315, 1317, 1318,
    1319, 1321, 1322, 1323, 1325, 1326, 1327, 1329, 1330, 1331, 1333, 1334,
    1335, 1337, 1338, 1339, 1341, 1342, 1343, 1345, 1346, 1347, 1349, 1350,
    1351, 1353, 1354, 1355, 1357, 1358, 1359, 1361, 1362, 1363, 1365, 1366,
    1367, 1369, 1370, 1371, 1373, 1374, 1375, 1377, 1378, 1379, 1381, 1382,
    1383, 1385, 1386, 1387, 1389, 1390, 1391, 1393, 1394, 1395
[1] 0, 4, 8, 12, 16, 20, 24, 28, 32, 36, 40, 44, 48, 52, 56, 60, 64, 68, 72,
    76, 80, 84, 88, 92, 96, 100, 104, 108, 112, 116, 120, 124, 128, 132, 136,
    140, 144, 148, 152, 156, 160, 164, 168, 172, 176, 180, 184, 188, 192, 196,
    200, 204, 208, 212, 216, 220, 224, 228, 232, 236, 240, 244, 248, 252, 256,
    260, 264, 268, 272, 276, 280, 284, 288, 292, 296, 300, 304, 308, 312, 316,
    320, 324, 328, 332, 336, 340, 344, 348, 352, 356, 360, 364, 368, 372, 376,
    380, 384, 388, 392, 396, 400, 404, 408, 412, 416, 420, 424, 428, 432, 436,
    440, 444, 448, 452, 456, 460, 464, 468, 472, 476, 480, 484, 488, 492, 496,
    500, 504, 508, 512, 516, 520, 524, 528, 532, 536, 540, 544, 548, 552, 556,
    560, 564, 568, 572, 576, 580, 584, 588, 592, 596, 600, 604, 608, 612, 616,
    620, 624, 628, 632, 636, 640, 644, 648, 652, 656, 660, 664, 668, 672, 676,
    680, 684, 688, 692, 696, 700, 704, 708, 712, 716, 720, 724, 728, 732, 736,
    740, 744, 748, 752, 756, 760, 764, 768, 772, 776, 780, 784, 788, 792, 796,
    800, 804, 808, 812, 816, 820, 824, 828, 832, 836, 840, 844, 848, 852, 856,
    860, 864, 868, 872, 876, 880, 884, 888, 892, 896, 900, 904, 908, 912, 916,
    920, 924, 928, 932, 936, 940, 944, 948, 952, 956, 960, 964, 968, 972, 976,
    980, 984, 988, 992, 996, 1000, 1004, 1008, 1012, 1016, 1020, 1024, 1028,
    1032, 1036, 1040, 1044, 1048, 1052, 1056, 1060, 1064, 1068, 1072, 1076,
    1080, 1084, 1088, 1092, 1096, 1100, 1104, 1108, 1112, 1116, 1120, 1124,
    1128, 1132, 1136, 1140, 1144, 1148, 1152, 1156, 1160, 1164, 1168, 1172,
    1176, 1180, 1184, 1188, 1192, 1196, 1200, 1204, 1208, 1212, 1216, 1220,
    1224, 1228, 1232, 1236, 1240, 1244, 1248, 1252, 1256, 1260, 1264, 1268,
    1272, 1276, 1280, 1284, 1288, 1292, 1296, 1300, 1304, 1308, 1312, 1316,
    1320, 1324, 1328, 1332, 1336, 1340, 1344, 1348, 1352, 1356, 1360, 1364,
    1368, 1372, 1376, 1380, 1384, 1388, 1392

Reassigned labels
Map:
{"O_0": "O", "O_1": "O"}
token_fitness
{"perc_fit_traces": 0.0, "average_trace_fitness": 0.8057095034971511, "log_fitness": 0.8218873868037797, "percentage_of_fitting_traces": 0.0}
precision
0.28901879905633787
0.6623376623376623
generalization
0.6608730250416905


###### Starting pipeline for 0.5, Distance.MULTISET_DISTANCE, 1######
Found communities: 

Clustering with 1396 elements and 2 clusters
[0] 1, 2, 3, 5, 6, 7, 9, 10, 11, 13, 14, 15, 17, 18, 19, 21, 22, 23, 25, 26,
    27, 29, 30, 31, 33, 34, 35, 37, 38, 39, 41, 42, 43, 45, 46, 47, 49, 50,
    51, 53, 54, 55, 57, 58, 59, 61, 62, 63, 65, 66, 67, 69, 70, 71, 73, 74,
    75, 77, 78, 79, 81, 82, 83, 85, 86, 87, 89, 90, 91, 93, 94, 95, 97, 98,
    99, 101, 102, 103, 105, 106, 107, 109, 110, 111, 113, 114, 115, 117, 118,
    119, 121, 122, 123, 125, 126, 127, 129, 130, 131, 133, 134, 135, 137, 138,
    139, 141, 142, 143, 145, 146, 147, 149, 150, 151, 153, 154, 155, 157, 158,
    159, 161, 162, 163, 165, 166, 167, 169, 170, 171, 173, 174, 175, 177, 178,
    179, 181, 182, 183, 185, 186, 187, 189, 190, 191, 193, 194, 195, 197, 198,
    199, 201, 202, 203, 205, 206, 207, 209, 210, 211, 213, 214, 215, 217, 218,
    219, 221, 222, 223, 225, 226, 227, 229, 230, 231, 233, 234, 235, 237, 238,
    239, 241, 242, 243, 245, 246, 247, 249, 250, 251, 253, 254, 255, 257, 258,
    259, 261, 262, 263, 265, 266, 267, 269, 270, 271, 273, 274, 275, 277, 278,
    279, 281, 282, 283, 285, 286, 287, 289, 290, 291, 293, 294, 295, 297, 298,
    299, 301, 302, 303, 305, 306, 307, 309, 310, 311, 313, 314, 315, 317, 318,
    319, 321, 322, 323, 325, 326, 327, 329, 330, 331, 333, 334, 335, 337, 338,
    339, 341, 342, 343, 345, 346, 347, 349, 350, 351, 353, 354, 355, 357, 358,
    359, 361, 362, 363, 365, 366, 367, 369, 370, 371, 373, 374, 375, 377, 378,
    379, 381, 382, 383, 385, 386, 387, 389, 390, 391, 393, 394, 395, 397, 398,
    399, 401, 402, 403, 405, 406, 407, 409, 410, 411, 413, 414, 415, 417, 418,
    419, 421, 422, 423, 425, 426, 427, 429, 430, 431, 433, 434, 435, 437, 438,
    439, 441, 442, 443, 445, 446, 447, 449, 450, 451, 453, 454, 455, 457, 458,
    459, 461, 462, 463, 465, 466, 467, 469, 470, 471, 473, 474, 475, 477, 478,
    479, 481, 482, 483, 485, 486, 487, 489, 490, 491, 493, 494, 495, 497, 498,
    499, 501, 502, 503, 505, 506, 507, 509, 510, 511, 513, 514, 515, 517, 518,
    519, 521, 522, 523, 525, 526, 527, 529, 530, 531, 533, 534, 535, 537, 538,
    539, 541, 542, 543, 545, 546, 547, 549, 550, 551, 553, 554, 555, 557, 558,
    559, 561, 562, 563, 565, 566, 567, 569, 570, 571, 573, 574, 575, 577, 578,
    579, 581, 582, 583, 585, 586, 587, 589, 590, 591, 593, 594, 595, 597, 598,
    599, 601, 602, 603, 605, 606, 607, 609, 610, 611, 613, 614, 615, 617, 618,
    619, 621, 622, 623, 625, 626, 627, 629, 630, 631, 633, 634, 635, 637, 638,
    639, 641, 642, 643, 645, 646, 647, 649, 650, 651, 653, 654, 655, 657, 658,
    659, 661, 662, 663, 665, 666, 667, 669, 670, 671, 673, 674, 675, 677, 678,
    679, 681, 682, 683, 685, 686, 687, 689, 690, 691, 693, 694, 695, 697, 698,
    699, 701, 702, 703, 705, 706, 707, 709, 710, 711, 713, 714, 715, 717, 718,
    719, 721, 722, 723, 725, 726, 727, 729, 730, 731, 733, 734, 735, 737, 738,
    739, 741, 742, 743, 745, 746, 747, 749, 750, 751, 753, 754, 755, 757, 758,
    759, 761, 762, 763, 765, 766, 767, 769, 770, 771, 773, 774, 775, 777, 778,
    779, 781, 782, 783, 785, 786, 787, 789, 790, 791, 793, 794, 795, 797, 798,
    799, 801, 802, 803, 805, 806, 807, 809, 810, 811, 813, 814, 815, 817, 818,
    819, 821, 822, 823, 825, 826, 827, 829, 830, 831, 833, 834, 835, 837, 838,
    839, 841, 842, 843, 845, 846, 847, 849, 850, 851, 853, 854, 855, 857, 858,
    859, 861, 862, 863, 865, 866, 867, 869, 870, 871, 873, 874, 875, 877, 878,
    879, 881, 882, 883, 885, 886, 887, 889, 890, 891, 893, 894, 895, 897, 898,
    899, 901, 902, 903, 905, 906, 907, 909, 910, 911, 913, 914, 915, 917, 918,
    919, 921, 922, 923, 925, 926, 927, 929, 930, 931, 933, 934, 935, 937, 938,
    939, 941, 942, 943, 945, 946, 947, 949, 950, 951, 953, 954, 955, 957, 958,
    959, 961, 962, 963, 965, 966, 967, 969, 970, 971, 973, 974, 975, 977, 978,
    979, 981, 982, 983, 985, 986, 987, 989, 990, 991, 993, 994, 995, 997, 998,
    999, 1001, 1002, 1003, 1005, 1006, 1007, 1009, 1010, 1011, 1013, 1014,
    1015, 1017, 1018, 1019, 1021, 1022, 1023, 1025, 1026, 1027, 1029, 1030,
    1031, 1033, 1034, 1035, 1037, 1038, 1039, 1041, 1042, 1043, 1045, 1046,
    1047, 1049, 1050, 1051, 1053, 1054, 1055, 1057, 1058, 1059, 1061, 1062,
    1063, 1065, 1066, 1067, 1069, 1070, 1071, 1073, 1074, 1075, 1077, 1078,
    1079, 1081, 1082, 1083, 1085, 1086, 1087, 1089, 1090, 1091, 1093, 1094,
    1095, 1097, 1098, 1099, 1101, 1102, 1103, 1105, 1106, 1107, 1109, 1110,
    1111, 1113, 1114, 1115, 1117, 1118, 1119, 1121, 1122, 1123, 1125, 1126,
    1127, 1129, 1130, 1131, 1133, 1134, 1135, 1137, 1138, 1139, 1141, 1142,
    1143, 1145, 1146, 1147, 1149, 1150, 1151, 1153, 1154, 1155, 1157, 1158,
    1159, 1161, 1162, 1163, 1165, 1166, 1167, 1169, 1170, 1171, 1173, 1174,
    1175, 1177, 1178, 1179, 1181, 1182, 1183, 1185, 1186, 1187, 1189, 1190,
    1191, 1193, 1194, 1195, 1197, 1198, 1199, 1201, 1202, 1203, 1205, 1206,
    1207, 1209, 1210, 1211, 1213, 1214, 1215, 1217, 1218, 1219, 1221, 1222,
    1223, 1225, 1226, 1227, 1229, 1230, 1231, 1233, 1234, 1235, 1237, 1238,
    1239, 1241, 1242, 1243, 1245, 1246, 1247, 1249, 1250, 1251, 1253, 1254,
    1255, 1257, 1258, 1259, 1261, 1262, 1263, 1265, 1266, 1267, 1269, 1270,
    1271, 1273, 1274, 1275, 1277, 1278, 1279, 1281, 1282, 1283, 1285, 1286,
    1287, 1289, 1290, 1291, 1293, 1294, 1295, 1297, 1298, 1299, 1301, 1302,
    1303, 1305, 1306, 1307, 1309, 1310, 1311, 1313, 1314, 1315, 1317, 1318,
    1319, 1321, 1322, 1323, 1325, 1326, 1327, 1329, 1330, 1331, 1333, 1334,
    1335, 1337, 1338, 1339, 1341, 1342, 1343, 1345, 1346, 1347, 1349, 1350,
    1351, 1353, 1354, 1355, 1357, 1358, 1359, 1361, 1362, 1363, 1365, 1366,
    1367, 1369, 1370, 1371, 1373, 1374, 1375, 1377, 1378, 1379, 1381, 1382,
    1383, 1385, 1386, 1387, 1389, 1390, 1391, 1393, 1394, 1395
[1] 0, 4, 8, 12, 16, 20, 24, 28, 32, 36, 40, 44, 48, 52, 56, 60, 64, 68, 72,
    76, 80, 84, 88, 92, 96, 100, 104, 108, 112, 116, 120, 124, 128, 132, 136,
    140, 144, 148, 152, 156, 160, 164, 168, 172, 176, 180, 184, 188, 192, 196,
    200, 204, 208, 212, 216, 220, 224, 228, 232, 236, 240, 244, 248, 252, 256,
    260, 264, 268, 272, 276, 280, 284, 288, 292, 296, 300, 304, 308, 312, 316,
    320, 324, 328, 332, 336, 340, 344, 348, 352, 356, 360, 364, 368, 372, 376,
    380, 384, 388, 392, 396, 400, 404, 408, 412, 416, 420, 424, 428, 432, 436,
    440, 444, 448, 452, 456, 460, 464, 468, 472, 476, 480, 484, 488, 492, 496,
    500, 504, 508, 512, 516, 520, 524, 528, 532, 536, 540, 544, 548, 552, 556,
    560, 564, 568, 572, 576, 580, 584, 588, 592, 596, 600, 604, 608, 612, 616,
    620, 624, 628, 632, 636, 640, 644, 648, 652, 656, 660, 664, 668, 672, 676,
    680, 684, 688, 692, 696, 700, 704, 708, 712, 716, 720, 724, 728, 732, 736,
    740, 744, 748, 752, 756, 760, 764, 768, 772, 776, 780, 784, 788, 792, 796,
    800, 804, 808, 812, 816, 820, 824, 828, 832, 836, 840, 844, 848, 852, 856,
    860, 864, 868, 872, 876, 880, 884, 888, 892, 896, 900, 904, 908, 912, 916,
    920, 924, 928, 932, 936, 940, 944, 948, 952, 956, 960, 964, 968, 972, 976,
    980, 984, 988, 992, 996, 1000, 1004, 1008, 1012, 1016, 1020, 1024, 1028,
    1032, 1036, 1040, 1044, 1048, 1052, 1056, 1060, 1064, 1068, 1072, 1076,
    1080, 1084, 1088, 1092, 1096, 1100, 1104, 1108, 1112, 1116, 1120, 1124,
    1128, 1132, 1136, 1140, 1144, 1148, 1152, 1156, 1160, 1164, 1168, 1172,
    1176, 1180, 1184, 1188, 1192, 1196, 1200, 1204, 1208, 1212, 1216, 1220,
    1224, 1228, 1232, 1236, 1240, 1244, 1248, 1252, 1256, 1260, 1264, 1268,
    1272, 1276, 1280, 1284, 1288, 1292, 1296, 1300, 1304, 1308, 1312, 1316,
    1320, 1324, 1328, 1332, 1336, 1340, 1344, 1348, 1352, 1356, 1360, 1364,
    1368, 1372, 1376, 1380, 1384, 1388, 1392

Reassigned labels
Map:
{"O_0": "O", "O_1": "O"}
token_fitness
{"perc_fit_traces": 0.0, "average_trace_fitness": 0.8057095034971511, "log_fitness": 0.8218873868037797, "percentage_of_fitting_traces": 0.0}
precision
0.28901879905633787
0.6623376623376623
generalization
0.6608730250416905


###### Starting pipeline for 0.75, Distance.MULTISET_DISTANCE, 1######
Found communities: 

Clustering with 1396 elements and 3 clusters
[0] 1, 2, 3, 5, 6, 7, 9, 10, 11, 13, 14, 15, 17, 18, 19, 21, 22, 23, 25, 26,
    27, 29, 30, 31, 33, 34, 35, 37, 38, 39, 41, 42, 43, 45, 46, 47, 49, 50,
    51, 53, 54, 55, 57, 58, 59, 61, 62, 63, 65, 66, 67, 69, 70, 71, 73, 74,
    75, 77, 78, 79, 81, 82, 83, 85, 86, 87, 89, 90, 91, 93, 94, 95, 97, 98,
    99, 101, 102, 103, 105, 106, 107, 109, 110, 111, 113, 114, 115, 117, 118,
    119, 121, 122, 123, 125, 126, 127, 129, 130, 131, 133, 134, 135, 137, 138,
    139, 141, 142, 143, 145, 146, 147, 149, 150, 151, 153, 154, 155, 157, 158,
    159, 161, 162, 163, 165, 166, 167, 169, 170, 171, 173, 174, 175, 177, 178,
    179, 181, 182, 183, 185, 186, 187, 189, 190, 191, 193, 194, 195, 197, 198,
    199, 201, 202, 203, 205, 206, 207, 209, 210, 211, 213, 214, 215, 217, 218,
    219, 221, 222, 223, 225, 226, 227, 229, 230, 231, 233, 234, 235, 237, 238,
    239, 241, 242, 243, 245, 246, 247, 249, 250, 251, 253, 254, 255, 257, 258,
    259, 261, 262, 263, 265, 266, 267, 269, 270, 271, 273, 274, 275, 277, 278,
    279, 281, 282, 283, 285, 286, 287, 289, 290, 291, 293, 294, 295, 297, 298,
    299, 301, 302, 303, 305, 306, 307, 309, 310, 311, 313, 314, 315, 317, 318,
    319, 321, 322, 323, 325, 326, 327, 329, 330, 331, 333, 334, 335, 337, 338,
    339, 341, 342, 343, 345, 346, 347, 349, 350, 351, 353, 354, 355, 357, 358,
    359, 361, 362, 363, 365, 366, 367, 369, 370, 371, 373, 374, 375, 377, 378,
    379, 381, 382, 383, 385, 386, 387, 389, 390, 391, 393, 394, 395, 397, 398,
    399, 401, 402, 403, 405, 406, 407, 409, 410, 411, 413, 414, 415, 417, 418,
    419, 421, 422, 423, 425, 426, 427, 429, 430, 431, 433, 434, 435, 437, 438,
    439, 441, 442, 443, 445, 446, 447, 449, 450, 451, 453, 454, 455, 457, 458,
    459, 461, 462, 463, 465, 466, 467, 469, 470, 471, 473, 474, 475, 477, 478,
    479, 481, 482, 483, 485, 486, 487, 489, 490, 491, 493, 494, 495, 497, 498,
    499, 501, 502, 503, 505, 506, 507, 509, 510, 511, 513, 514, 515, 517, 518,
    519, 521, 522, 523, 525, 526, 527, 529, 530, 531, 533, 534, 535, 537, 538,
    539, 541, 542, 543, 545, 546, 547, 549, 550, 551, 553, 554, 555, 557, 558,
    559, 561, 562, 563, 565, 566, 567, 569, 570, 571, 573, 574, 575, 577, 578,
    579, 581, 582, 583, 585, 586, 587, 589, 590, 591, 593, 594, 595, 597, 598,
    599, 601, 602, 603, 605, 606, 607, 609, 610, 611, 613, 614, 615, 617, 618,
    619, 621, 622, 623, 625, 626, 627, 629, 630, 631, 633, 634, 635, 637, 638,
    639, 641, 642, 643, 645, 646, 647, 649, 650, 651, 653, 654, 655, 657, 658,
    659, 661, 662, 663, 665, 666, 667, 669, 670, 671, 673, 674, 675, 677, 678,
    679, 681, 682, 683, 685, 686, 687, 689, 690, 691, 693, 694, 695, 697, 698,
    699, 701, 702, 703, 705, 706, 707, 709, 710, 711, 713, 714, 715, 717, 718,
    719, 721, 722, 723, 725, 726, 727, 729, 730, 731, 733, 734, 735, 737, 738,
    739, 741, 742, 743, 745, 746, 747, 749, 750, 751, 753, 754, 755, 757, 758,
    759, 761, 762, 763, 765, 766, 767, 769, 770, 771, 773, 774, 775, 777, 778,
    779, 781, 782, 783, 785, 786, 787, 789, 790, 791, 793, 794, 795, 797, 798,
    799, 801, 802, 803, 805, 806, 807, 809, 810, 811, 813, 814, 815, 817, 818,
    819, 821, 822, 823, 825, 826, 827, 829, 830, 831, 833, 834, 835, 837, 838,
    839, 841, 842, 843, 845, 846, 847, 849, 850, 851, 853, 854, 855, 857, 858,
    859, 861, 862, 863, 865, 866, 867, 869, 870, 871, 873, 874, 875, 877, 878,
    879, 881, 882, 883, 885, 886, 887, 889, 890, 891, 893, 894, 895, 897, 898,
    899, 901, 902, 903, 905, 906, 907, 909, 910, 911, 913, 914, 915, 917, 918,
    919, 921, 922, 923, 925, 926, 927, 929, 930, 931, 933, 934, 935, 937, 938,
    939, 941, 942, 943, 945, 946, 947, 949, 950, 951, 953, 954, 955, 957, 958,
    959, 961, 962, 963, 965, 966, 967, 969, 970, 971, 973, 974, 975, 977, 978,
    979, 981, 982, 983, 985, 986, 987, 989, 990, 991, 993, 994, 995, 997, 998,
    999, 1001, 1002, 1003, 1005, 1006, 1007, 1009, 1010, 1011, 1013, 1014,
    1015, 1017, 1018, 1019, 1021, 1022, 1023, 1025, 1026, 1027, 1029, 1030,
    1031, 1033, 1034, 1035, 1037, 1038, 1039, 1041, 1042, 1043, 1045, 1046,
    1047, 1049, 1050, 1051, 1053, 1054, 1055, 1057, 1058, 1059, 1061, 1062,
    1063, 1065, 1066, 1067, 1069, 1070, 1071, 1073, 1074, 1075, 1077, 1078,
    1079, 1081, 1082, 1083, 1085, 1086, 1087, 1089, 1090, 1091, 1093, 1094,
    1095, 1097, 1098, 1099, 1101, 1102, 1103, 1105, 1106, 1107, 1109, 1110,
    1111, 1113, 1114, 1115, 1117, 1118, 1119, 1121, 1122, 1123, 1125, 1126,
    1127, 1129, 1130, 1131, 1133, 1134, 1135, 1137, 1138, 1139, 1141, 1142,
    1143, 1145, 1146, 1147, 1149, 1150, 1151, 1153, 1154, 1155, 1157, 1158,
    1159, 1161, 1162, 1163, 1165, 1166, 1167, 1169, 1170, 1171, 1173, 1174,
    1175, 1177, 1178, 1179, 1181, 1182, 1183, 1185, 1186, 1187, 1189, 1190,
    1191, 1193, 1194, 1195, 1197, 1198, 1199, 1201, 1202, 1203, 1205, 1206,
    1207, 1209, 1210, 1211, 1213, 1214, 1215, 1217, 1218, 1219, 1221, 1222,
    1223, 1225, 1226, 1227, 1229, 1230, 1231, 1233, 1234, 1235, 1237, 1238,
    1239, 1241, 1242, 1243, 1245, 1246, 1247, 1249, 1250, 1251, 1253, 1254,
    1255, 1257, 1258, 1259, 1261, 1262, 1263, 1265, 1266, 1267, 1269, 1270,
    1271, 1273, 1274, 1275, 1277, 1278, 1279, 1281, 1282, 1283, 1285, 1286,
    1287, 1289, 1290, 1291, 1293, 1294, 1295, 1297, 1298, 1299, 1301, 1302,
    1303, 1305, 1306, 1307, 1309, 1310, 1311, 1313, 1314, 1315, 1317, 1318,
    1319, 1321, 1322, 1323, 1325, 1326, 1327, 1329, 1330, 1331, 1333, 1334,
    1335, 1337, 1338, 1339, 1341, 1342, 1343, 1345, 1346, 1347, 1349, 1350,
    1351, 1353, 1354, 1355, 1357, 1358, 1359, 1361, 1362, 1363, 1365, 1366,
    1367, 1369, 1370, 1371, 1373, 1374, 1375, 1377, 1378, 1379, 1381, 1382,
    1383, 1385, 1386, 1387, 1389, 1390, 1391, 1393, 1394, 1395
[1] 8, 28, 32, 36, 44, 56, 60, 64, 72, 80, 84, 88, 96, 100, 104, 108, 112,
    116, 128, 132, 144, 156, 160, 172, 180, 184, 196, 204, 208, 212, 216, 224,
    228, 236, 240, 244, 248, 252, 260, 272, 276, 280, 284, 292, 296, 308, 316,
    324, 332, 336, 340, 344, 348, 352, 360, 364, 380, 384, 396, 412, 428, 432,
    436, 452, 476, 484, 488, 492, 504, 512, 516, 528, 536, 540, 548, 552, 564,
    568, 576, 580, 584, 588, 592, 596, 612, 616, 620, 636, 640, 644, 648, 660,
    664, 672, 676, 680, 692, 700, 704, 708, 712, 716, 720, 728, 736, 740, 744,
    748, 752, 756, 760, 764, 776, 780, 784, 788, 792, 796, 804, 808, 820, 824,
    832, 836, 840, 844, 848, 852, 860, 868, 872, 888, 892, 896, 900, 904, 908,
    928, 936, 944, 948, 956, 960, 968, 980, 984, 988, 992, 996, 1000, 1004,
    1008, 1020, 1024, 1032, 1036, 1040, 1044, 1048, 1052, 1060, 1064, 1072,
    1080, 1084, 1088, 1096, 1100, 1104, 1108, 1116, 1124, 1128, 1140, 1160,
    1172, 1176, 1188, 1196, 1208, 1212, 1216, 1224, 1228, 1236, 1240, 1244,
    1248, 1252, 1264, 1272, 1284, 1292, 1300, 1304, 1308, 1320, 1328, 1332,
    1340, 1344, 1356, 1360, 1364, 1372, 1380, 1384, 1388, 1392
[2] 0, 4, 12, 16, 20, 24, 40, 48, 52, 68, 76, 92, 120, 124, 136, 140, 148,
    152, 164, 168, 176, 188, 192, 200, 220, 232, 256, 264, 268, 288, 300, 304,
    312, 320, 328, 356, 368, 372, 376, 388, 392, 400, 404, 408, 416, 420, 424,
    440, 444, 448, 456, 460, 464, 468, 472, 480, 496, 500, 508, 520, 524, 532,
    544, 556, 560, 572, 600, 604, 608, 624, 628, 632, 652, 656, 668, 684, 688,
    696, 724, 732, 768, 772, 800, 812, 816, 828, 856, 864, 876, 880, 884, 912,
    916, 920, 924, 932, 940, 952, 964, 972, 976, 1012, 1016, 1028, 1056, 1068,
    1076, 1092, 1112, 1120, 1132, 1136, 1144, 1148, 1152, 1156, 1164, 1168,
    1180, 1184, 1192, 1200, 1204, 1220, 1232, 1256, 1260, 1268, 1276, 1280,
    1288, 1296, 1312, 1316, 1324, 1336, 1348, 1352, 1368, 1376

Reassigned labels
Map:
{"O_0": "O", "O_1": "O", "O_2": "O"}
token_fitness
{"perc_fit_traces": 0.0, "average_trace_fitness": 0.8057095034971511, "log_fitness": 0.8218873868037797, "percentage_of_fitting_traces": 0.0}
precision
0.28901879905633787
0.6623376623376623
generalization
0.6608730250416905


###### Starting pipeline for 1, Distance.MULTISET_DISTANCE, 1######
Found communities: 

Clustering with 1396 elements and 3 clusters
[0] 1, 2, 3, 5, 6, 7, 9, 10, 11, 13, 14, 15, 17, 18, 19, 21, 22, 23, 25, 26,
    27, 29, 30, 31, 33, 34, 35, 37, 38, 39, 41, 42, 43, 45, 46, 47, 49, 50,
    51, 53, 54, 55, 57, 58, 59, 61, 62, 63, 65, 66, 67, 69, 70, 71, 73, 74,
    75, 77, 78, 79, 81, 82, 83, 85, 86, 87, 89, 90, 91, 93, 94, 95, 97, 98,
    99, 101, 102, 103, 105, 106, 107, 109, 110, 111, 113, 114, 115, 117, 118,
    119, 121, 122, 123, 125, 126, 127, 129, 130, 131, 133, 134, 135, 137, 138,
    139, 141, 142, 143, 145, 146, 147, 149, 150, 151, 153, 154, 155, 157, 158,
    159, 161, 162, 163, 165, 166, 167, 169, 170, 171, 173, 174, 175, 177, 178,
    179, 181, 182, 183, 185, 186, 187, 189, 190, 191, 193, 194, 195, 197, 198,
    199, 201, 202, 203, 205, 206, 207, 209, 210, 211, 213, 214, 215, 217, 218,
    219, 221, 222, 223, 225, 226, 227, 229, 230, 231, 233, 234, 235, 237, 238,
    239, 241, 242, 243, 245, 246, 247, 249, 250, 251, 253, 254, 255, 257, 258,
    259, 261, 262, 263, 265, 266, 267, 269, 270, 271, 273, 274, 275, 277, 278,
    279, 281, 282, 283, 285, 286, 287, 289, 290, 291, 293, 294, 295, 297, 298,
    299, 301, 302, 303, 305, 306, 307, 309, 310, 311, 313, 314, 315, 317, 318,
    319, 321, 322, 323, 325, 326, 327, 329, 330, 331, 333, 334, 335, 337, 338,
    339, 341, 342, 343, 345, 346, 347, 349, 350, 351, 353, 354, 355, 357, 358,
    359, 361, 362, 363, 365, 366, 367, 369, 370, 371, 373, 374, 375, 377, 378,
    379, 381, 382, 383, 385, 386, 387, 389, 390, 391, 393, 394, 395, 397, 398,
    399, 401, 402, 403, 405, 406, 407, 409, 410, 411, 413, 414, 415, 417, 418,
    419, 421, 422, 423, 425, 426, 427, 429, 430, 431, 433, 434, 435, 437, 438,
    439, 441, 442, 443, 445, 446, 447, 449, 450, 451, 453, 454, 455, 457, 458,
    459, 461, 462, 463, 465, 466, 467, 469, 470, 471, 473, 474, 475, 477, 478,
    479, 481, 482, 483, 485, 486, 487, 489, 490, 491, 493, 494, 495, 497, 498,
    499, 501, 502, 503, 505, 506, 507, 509, 510, 511, 513, 514, 515, 517, 518,
    519, 521, 522, 523, 525, 526, 527, 529, 530, 531, 533, 534, 535, 537, 538,
    539, 541, 542, 543, 545, 546, 547, 549, 550, 551, 553, 554, 555, 557, 558,
    559, 561, 562, 563, 565, 566, 567, 569, 570, 571, 573, 574, 575, 577, 578,
    579, 581, 582, 583, 585, 586, 587, 589, 590, 591, 593, 594, 595, 597, 598,
    599, 601, 602, 603, 605, 606, 607, 609, 610, 611, 613, 614, 615, 617, 618,
    619, 621, 622, 623, 625, 626, 627, 629, 630, 631, 633, 634, 635, 637, 638,
    639, 641, 642, 643, 645, 646, 647, 649, 650, 651, 653, 654, 655, 657, 658,
    659, 661, 662, 663, 665, 666, 667, 669, 670, 671, 673, 674, 675, 677, 678,
    679, 681, 682, 683, 685, 686, 687, 689, 690, 691, 693, 694, 695, 697, 698,
    699, 701, 702, 703, 705, 706, 707, 709, 710, 711, 713, 714, 715, 717, 718,
    719, 721, 722, 723, 725, 726, 727, 729, 730, 731, 733, 734, 735, 737, 738,
    739, 741, 742, 743, 745, 746, 747, 749, 750, 751, 753, 754, 755, 757, 758,
    759, 761, 762, 763, 765, 766, 767, 769, 770, 771, 773, 774, 775, 777, 778,
    779, 781, 782, 783, 785, 786, 787, 789, 790, 791, 793, 794, 795, 797, 798,
    799, 801, 802, 803, 805, 806, 807, 809, 810, 811, 813, 814, 815, 817, 818,
    819, 821, 822, 823, 825, 826, 827, 829, 830, 831, 833, 834, 835, 837, 838,
    839, 841, 842, 843, 845, 846, 847, 849, 850, 851, 853, 854, 855, 857, 858,
    859, 861, 862, 863, 865, 866, 867, 869, 870, 871, 873, 874, 875, 877, 878,
    879, 881, 882, 883, 885, 886, 887, 889, 890, 891, 893, 894, 895, 897, 898,
    899, 901, 902, 903, 905, 906, 907, 909, 910, 911, 913, 914, 915, 917, 918,
    919, 921, 922, 923, 925, 926, 927, 929, 930, 931, 933, 934, 935, 937, 938,
    939, 941, 942, 943, 945, 946, 947, 949, 950, 951, 953, 954, 955, 957, 958,
    959, 961, 962, 963, 965, 966, 967, 969, 970, 971, 973, 974, 975, 977, 978,
    979, 981, 982, 983, 985, 986, 987, 989, 990, 991, 993, 994, 995, 997, 998,
    999, 1001, 1002, 1003, 1005, 1006, 1007, 1009, 1010, 1011, 1013, 1014,
    1015, 1017, 1018, 1019, 1021, 1022, 1023, 1025, 1026, 1027, 1029, 1030,
    1031, 1033, 1034, 1035, 1037, 1038, 1039, 1041, 1042, 1043, 1045, 1046,
    1047, 1049, 1050, 1051, 1053, 1054, 1055, 1057, 1058, 1059, 1061, 1062,
    1063, 1065, 1066, 1067, 1069, 1070, 1071, 1073, 1074, 1075, 1077, 1078,
    1079, 1081, 1082, 1083, 1085, 1086, 1087, 1089, 1090, 1091, 1093, 1094,
    1095, 1097, 1098, 1099, 1101, 1102, 1103, 1105, 1106, 1107, 1109, 1110,
    1111, 1113, 1114, 1115, 1117, 1118, 1119, 1121, 1122, 1123, 1125, 1126,
    1127, 1129, 1130, 1131, 1133, 1134, 1135, 1137, 1138, 1139, 1141, 1142,
    1143, 1145, 1146, 1147, 1149, 1150, 1151, 1153, 1154, 1155, 1157, 1158,
    1159, 1161, 1162, 1163, 1165, 1166, 1167, 1169, 1170, 1171, 1173, 1174,
    1175, 1177, 1178, 1179, 1181, 1182, 1183, 1185, 1186, 1187, 1189, 1190,
    1191, 1193, 1194, 1195, 1197, 1198, 1199, 1201, 1202, 1203, 1205, 1206,
    1207, 1209, 1210, 1211, 1213, 1214, 1215, 1217, 1218, 1219, 1221, 1222,
    1223, 1225, 1226, 1227, 1229, 1230, 1231, 1233, 1234, 1235, 1237, 1238,
    1239, 1241, 1242, 1243, 1245, 1246, 1247, 1249, 1250, 1251, 1253, 1254,
    1255, 1257, 1258, 1259, 1261, 1262, 1263, 1265, 1266, 1267, 1269, 1270,
    1271, 1273, 1274, 1275, 1277, 1278, 1279, 1281, 1282, 1283, 1285, 1286,
    1287, 1289, 1290, 1291, 1293, 1294, 1295, 1297, 1298, 1299, 1301, 1302,
    1303, 1305, 1306, 1307, 1309, 1310, 1311, 1313, 1314, 1315, 1317, 1318,
    1319, 1321, 1322, 1323, 1325, 1326, 1327, 1329, 1330, 1331, 1333, 1334,
    1335, 1337, 1338, 1339, 1341, 1342, 1343, 1345, 1346, 1347, 1349, 1350,
    1351, 1353, 1354, 1355, 1357, 1358, 1359, 1361, 1362, 1363, 1365, 1366,
    1367, 1369, 1370, 1371, 1373, 1374, 1375, 1377, 1378, 1379, 1381, 1382,
    1383, 1385, 1386, 1387, 1389, 1390, 1391, 1393, 1394, 1395
[1] 8, 28, 32, 36, 44, 56, 60, 64, 72, 80, 84, 88, 96, 100, 104, 108, 112,
    116, 128, 132, 144, 156, 160, 172, 180, 184, 196, 204, 208, 212, 216, 224,
    228, 236, 240, 244, 248, 252, 260, 272, 276, 280, 284, 292, 296, 308, 316,
    324, 332, 336, 340, 344, 348, 352, 360, 364, 380, 384, 396, 412, 428, 432,
    436, 452, 476, 484, 488, 492, 504, 512, 516, 528, 536, 540, 548, 552, 564,
    568, 576, 580, 584, 588, 592, 596, 612, 616, 620, 636, 640, 644, 648, 660,
    664, 672, 676, 680, 692, 700, 704, 708, 712, 716, 720, 728, 736, 740, 744,
    748, 752, 756, 760, 764, 776, 780, 784, 788, 792, 796, 804, 808, 820, 824,
    832, 836, 840, 844, 848, 852, 860, 868, 872, 888, 892, 896, 900, 904, 908,
    928, 936, 944, 948, 956, 960, 968, 980, 984, 988, 992, 996, 1000, 1004,
    1008, 1020, 1024, 1032, 1036, 1040, 1044, 1048, 1052, 1060, 1064, 1072,
    1080, 1084, 1088, 1096, 1100, 1104, 1108, 1116, 1124, 1128, 1140, 1160,
    1172, 1176, 1188, 1196, 1208, 1212, 1216, 1224, 1228, 1236, 1240, 1244,
    1248, 1252, 1264, 1272, 1284, 1292, 1300, 1304, 1308, 1320, 1328, 1332,
    1340, 1344, 1356, 1360, 1364, 1372, 1380, 1384, 1388, 1392
[2] 0, 4, 12, 16, 20, 24, 40, 48, 52, 68, 76, 92, 120, 124, 136, 140, 148,
    152, 164, 168, 176, 188, 192, 200, 220, 232, 256, 264, 268, 288, 300, 304,
    312, 320, 328, 356, 368, 372, 376, 388, 392, 400, 404, 408, 416, 420, 424,
    440, 444, 448, 456, 460, 464, 468, 472, 480, 496, 500, 508, 520, 524, 532,
    544, 556, 560, 572, 600, 604, 608, 624, 628, 632, 652, 656, 668, 684, 688,
    696, 724, 732, 768, 772, 800, 812, 816, 828, 856, 864, 876, 880, 884, 912,
    916, 920, 924, 932, 940, 952, 964, 972, 976, 1012, 1016, 1028, 1056, 1068,
    1076, 1092, 1112, 1120, 1132, 1136, 1144, 1148, 1152, 1156, 1164, 1168,
    1180, 1184, 1192, 1200, 1204, 1220, 1232, 1256, 1260, 1268, 1276, 1280,
    1288, 1296, 1312, 1316, 1324, 1336, 1348, 1352, 1368, 1376

Reassigned labels
Map:
{"O_0": "O", "O_1": "O", "O_2": "O"}
token_fitness
{"perc_fit_traces": 0.0, "average_trace_fitness": 0.8057095034971511, "log_fitness": 0.8218873868037797, "percentage_of_fitting_traces": 0.0}
precision
0.28901879905633787
0.6623376623376623
generalization
0.6608730250416905


###### Starting pipeline for 0, Distance.EDIT_DISTANCE, 3######
Found communities: 

Clustering with 1396 elements and 2 clusters
[0] 0, 1, 4, 5, 8, 9, 12, 13, 16, 17, 20, 21, 24, 25, 28, 29, 32, 33, 36, 37,
    40, 41, 44, 45, 48, 49, 52, 53, 56, 57, 60, 61, 64, 65, 68, 69, 72, 73,
    76, 77, 80, 81, 84, 85, 88, 89, 92, 93, 96, 97, 100, 101, 104, 105, 108,
    109, 112, 113, 116, 117, 120, 121, 124, 125, 128, 129, 132, 133, 136, 137,
    140, 141, 144, 145, 148, 149, 152, 153, 156, 157, 160, 161, 164, 165, 168,
    169, 172, 173, 176, 177, 180, 181, 184, 185, 188, 189, 192, 193, 196, 197,
    200, 201, 204, 205, 208, 209, 212, 213, 216, 217, 220, 221, 224, 225, 228,
    229, 232, 233, 236, 237, 240, 241, 244, 245, 248, 249, 252, 253, 256, 257,
    260, 261, 264, 265, 268, 269, 272, 273, 276, 277, 280, 281, 284, 285, 288,
    289, 292, 293, 296, 297, 300, 301, 304, 305, 308, 309, 312, 313, 316, 317,
    320, 321, 324, 325, 328, 329, 332, 333, 336, 337, 340, 341, 344, 345, 348,
    349, 352, 353, 356, 357, 360, 361, 364, 365, 368, 369, 372, 373, 376, 377,
    380, 381, 384, 385, 388, 389, 392, 393, 396, 397, 400, 401, 404, 405, 408,
    409, 412, 413, 416, 417, 420, 421, 424, 425, 428, 429, 432, 433, 436, 437,
    440, 441, 444, 445, 448, 449, 452, 453, 456, 457, 460, 461, 464, 465, 468,
    469, 472, 473, 476, 477, 480, 481, 484, 485, 488, 489, 492, 493, 496, 497,
    500, 501, 504, 505, 508, 509, 512, 513, 516, 517, 520, 521, 524, 525, 528,
    529, 532, 533, 536, 537, 540, 541, 544, 545, 548, 549, 552, 553, 556, 557,
    560, 561, 564, 565, 568, 569, 572, 573, 576, 577, 580, 581, 584, 585, 588,
    589, 592, 593, 596, 597, 600, 601, 604, 605, 608, 609, 612, 613, 616, 617,
    620, 621, 624, 625, 628, 629, 632, 633, 636, 637, 640, 641, 644, 645, 648,
    649, 652, 653, 656, 657, 660, 661, 664, 665, 668, 669, 672, 673, 676, 677,
    680, 681, 684, 685, 688, 689, 692, 693, 696, 697, 700, 701, 704, 705, 708,
    709, 712, 713, 716, 717, 720, 721, 724, 725, 728, 729, 732, 733, 736, 737,
    740, 741, 744, 745, 748, 749, 752, 753, 756, 757, 760, 761, 764, 765, 768,
    769, 772, 773, 776, 777, 780, 781, 784, 785, 788, 789, 792, 793, 796, 797,
    800, 801, 804, 805, 808, 809, 812, 813, 816, 817, 820, 821, 824, 825, 828,
    829, 832, 833, 836, 837, 840, 841, 844, 845, 848, 849, 852, 853, 856, 857,
    860, 861, 864, 865, 868, 869, 872, 873, 876, 877, 880, 881, 884, 885, 888,
    889, 892, 893, 896, 897, 900, 901, 904, 905, 908, 909, 912, 913, 916, 917,
    920, 921, 924, 925, 928, 929, 932, 933, 936, 937, 940, 941, 944, 945, 948,
    949, 952, 953, 956, 957, 960, 961, 964, 965, 968, 969, 972, 973, 976, 977,
    980, 981, 984, 985, 988, 989, 992, 993, 996, 997, 1000, 1001, 1004, 1005,
    1008, 1009, 1012, 1013, 1016, 1017, 1020, 1021, 1024, 1025, 1028, 1029,
    1032, 1033, 1036, 1037, 1040, 1041, 1044, 1045, 1048, 1049, 1052, 1053,
    1056, 1057, 1060, 1061, 1064, 1065, 1068, 1069, 1072, 1073, 1076, 1077,
    1080, 1081, 1084, 1085, 1088, 1089, 1092, 1093, 1096, 1097, 1100, 1101,
    1104, 1105, 1108, 1109, 1112, 1113, 1116, 1117, 1120, 1121, 1124, 1125,
    1128, 1129, 1132, 1133, 1136, 1137, 1140, 1141, 1144, 1145, 1148, 1149,
    1152, 1153, 1156, 1157, 1160, 1161, 1164, 1165, 1168, 1169, 1172, 1173,
    1176, 1177, 1180, 1181, 1184, 1185, 1188, 1189, 1192, 1193, 1196, 1197,
    1200, 1201, 1204, 1205, 1208, 1209, 1212, 1213, 1216, 1217, 1220, 1221,
    1224, 1225, 1228, 1229, 1232, 1233, 1236, 1237, 1240, 1241, 1244, 1245,
    1248, 1249, 1252, 1253, 1256, 1257, 1260, 1261, 1264, 1265, 1268, 1269,
    1272, 1273, 1276, 1277, 1280, 1281, 1284, 1285, 1288, 1289, 1292, 1293,
    1296, 1297, 1300, 1301, 1304, 1305, 1308, 1309, 1312, 1313, 1316, 1317,
    1320, 1321, 1324, 1325, 1328, 1329, 1332, 1333, 1336, 1337, 1340, 1341,
    1344, 1345, 1348, 1349, 1352, 1353, 1356, 1357, 1360, 1361, 1364, 1365,
    1368, 1369, 1372, 1373, 1376, 1377, 1380, 1381, 1384, 1385, 1388, 1389,
    1392, 1393
[1] 2, 3, 6, 7, 10, 11, 14, 15, 18, 19, 22, 23, 26, 27, 30, 31, 34, 35, 38,
    39, 42, 43, 46, 47, 50, 51, 54, 55, 58, 59, 62, 63, 66, 67, 70, 71, 74,
    75, 78, 79, 82, 83, 86, 87, 90, 91, 94, 95, 98, 99, 102, 103, 106, 107,
    110, 111, 114, 115, 118, 119, 122, 123, 126, 127, 130, 131, 134, 135, 138,
    139, 142, 143, 146, 147, 150, 151, 154, 155, 158, 159, 162, 163, 166, 167,
    170, 171, 174, 175, 178, 179, 182, 183, 186, 187, 190, 191, 194, 195, 198,
    199, 202, 203, 206, 207, 210, 211, 214, 215, 218, 219, 222, 223, 226, 227,
    230, 231, 234, 235, 238, 239, 242, 243, 246, 247, 250, 251, 254, 255, 258,
    259, 262, 263, 266, 267, 270, 271, 274, 275, 278, 279, 282, 283, 286, 287,
    290, 291, 294, 295, 298, 299, 302, 303, 306, 307, 310, 311, 314, 315, 318,
    319, 322, 323, 326, 327, 330, 331, 334, 335, 338, 339, 342, 343, 346, 347,
    350, 351, 354, 355, 358, 359, 362, 363, 366, 367, 370, 371, 374, 375, 378,
    379, 382, 383, 386, 387, 390, 391, 394, 395, 398, 399, 402, 403, 406, 407,
    410, 411, 414, 415, 418, 419, 422, 423, 426, 427, 430, 431, 434, 435, 438,
    439, 442, 443, 446, 447, 450, 451, 454, 455, 458, 459, 462, 463, 466, 467,
    470, 471, 474, 475, 478, 479, 482, 483, 486, 487, 490, 491, 494, 495, 498,
    499, 502, 503, 506, 507, 510, 511, 514, 515, 518, 519, 522, 523, 526, 527,
    530, 531, 534, 535, 538, 539, 542, 543, 546, 547, 550, 551, 554, 555, 558,
    559, 562, 563, 566, 567, 570, 571, 574, 575, 578, 579, 582, 583, 586, 587,
    590, 591, 594, 595, 598, 599, 602, 603, 606, 607, 610, 611, 614, 615, 618,
    619, 622, 623, 626, 627, 630, 631, 634, 635, 638, 639, 642, 643, 646, 647,
    650, 651, 654, 655, 658, 659, 662, 663, 666, 667, 670, 671, 674, 675, 678,
    679, 682, 683, 686, 687, 690, 691, 694, 695, 698, 699, 702, 703, 706, 707,
    710, 711, 714, 715, 718, 719, 722, 723, 726, 727, 730, 731, 734, 735, 738,
    739, 742, 743, 746, 747, 750, 751, 754, 755, 758, 759, 762, 763, 766, 767,
    770, 771, 774, 775, 778, 779, 782, 783, 786, 787, 790, 791, 794, 795, 798,
    799, 802, 803, 806, 807, 810, 811, 814, 815, 818, 819, 822, 823, 826, 827,
    830, 831, 834, 835, 838, 839, 842, 843, 846, 847, 850, 851, 854, 855, 858,
    859, 862, 863, 866, 867, 870, 871, 874, 875, 878, 879, 882, 883, 886, 887,
    890, 891, 894, 895, 898, 899, 902, 903, 906, 907, 910, 911, 914, 915, 918,
    919, 922, 923, 926, 927, 930, 931, 934, 935, 938, 939, 942, 943, 946, 947,
    950, 951, 954, 955, 958, 959, 962, 963, 966, 967, 970, 971, 974, 975, 978,
    979, 982, 983, 986, 987, 990, 991, 994, 995, 998, 999, 1002, 1003, 1006,
    1007, 1010, 1011, 1014, 1015, 1018, 1019, 1022, 1023, 1026, 1027, 1030,
    1031, 1034, 1035, 1038, 1039, 1042, 1043, 1046, 1047, 1050, 1051, 1054,
    1055, 1058, 1059, 1062, 1063, 1066, 1067, 1070, 1071, 1074, 1075, 1078,
    1079, 1082, 1083, 1086, 1087, 1090, 1091, 1094, 1095, 1098, 1099, 1102,
    1103, 1106, 1107, 1110, 1111, 1114, 1115, 1118, 1119, 1122, 1123, 1126,
    1127, 1130, 1131, 1134, 1135, 1138, 1139, 1142, 1143, 1146, 1147, 1150,
    1151, 1154, 1155, 1158, 1159, 1162, 1163, 1166, 1167, 1170, 1171, 1174,
    1175, 1178, 1179, 1182, 1183, 1186, 1187, 1190, 1191, 1194, 1195, 1198,
    1199, 1202, 1203, 1206, 1207, 1210, 1211, 1214, 1215, 1218, 1219, 1222,
    1223, 1226, 1227, 1230, 1231, 1234, 1235, 1238, 1239, 1242, 1243, 1246,
    1247, 1250, 1251, 1254, 1255, 1258, 1259, 1262, 1263, 1266, 1267, 1270,
    1271, 1274, 1275, 1278, 1279, 1282, 1283, 1286, 1287, 1290, 1291, 1294,
    1295, 1298, 1299, 1302, 1303, 1306, 1307, 1310, 1311, 1314, 1315, 1318,
    1319, 1322, 1323, 1326, 1327, 1330, 1331, 1334, 1335, 1338, 1339, 1342,
    1343, 1346, 1347, 1350, 1351, 1354, 1355, 1358, 1359, 1362, 1363, 1366,
    1367, 1370, 1371, 1374, 1375, 1378, 1379, 1382, 1383, 1386, 1387, 1390,
    1391, 1394, 1395

Reassigned labels
Map:
{"O_0": "O", "O_1": "O"}
token_fitness
{"perc_fit_traces": 0.0, "average_trace_fitness": 0.8057095034971511, "log_fitness": 0.8218873868037797, "percentage_of_fitting_traces": 0.0}
precision
0.28901879905633787
0.6623376623376623
generalization
0.6608730250416905


###### Starting pipeline for 0.25, Distance.EDIT_DISTANCE, 3######
