
 Performance of golden standard model:
token_fitness
{"perc_fit_traces": 100.0, "average_trace_fitness": 1.0, "log_fitness": 1.0, "percentage_of_fitting_traces": 100.0}
precision
0.9470829068577278
0.7627118644067797
generalization
0.9351712052589246

 Xixi split labels:
['O_X_1']

 Xixi refined log results:

 IM without noise threshold:
token_fitness
{"perc_fit_traces": 100.0, "average_trace_fitness": 1.0, "log_fitness": 1.0, "percentage_of_fitting_traces": 100.0}
precision
0.9470829068577278
0.7543859649122806
generalization
0.9355571259600365

 Xixi clustering:
Clustering with 298 elements and 2 clusters

[1] 0, 1, 2, 3, 4, 5, 6, 7, 8, 9, 10, 11, 12, 13, 14, 15, 16, 17, 18, 19, 20,
    21, 22, 23, 24, 25, 26, 27, 28, 29, 30, 31, 32, 33, 34, 35, 36, 37, 38,
    39, 40, 41, 42, 43, 44, 45, 46, 47, 48, 49, 50, 51, 52, 53, 54, 55, 56,
    57, 58, 59, 60, 61, 62, 63, 64, 65, 66, 67, 68, 69, 70, 71, 72, 73, 74,
    75, 76, 77, 78, 79, 80, 81, 82, 83, 84, 85, 86, 87, 88, 89, 90, 91, 92,
    93, 94, 95, 96, 97, 98, 99, 100, 101, 102, 103, 104, 105, 106, 107, 108,
    109, 110, 111, 112, 113, 114, 115, 116, 117, 118, 119, 120, 121, 122, 123,
    124, 125, 126, 127, 128, 129, 130, 131, 132, 133, 134, 135, 136, 137, 138,
    139, 140, 141, 142, 143, 144, 145, 146, 147, 148, 149, 150, 151, 152, 153,
    154, 155, 156, 157, 158, 159, 160, 161, 162, 163, 164, 165, 166, 167, 168,
    169, 170, 171, 172, 173, 174, 175, 176, 177, 178, 179, 180, 181, 182, 183,
    184, 185, 186, 187, 188, 189, 190, 191, 192, 193, 194, 195, 196, 197, 198,
    199, 200, 201, 202, 203, 204, 205, 206, 207, 208, 209, 210, 211, 212, 213,
    214, 215, 216, 217, 218, 219, 220, 221, 222, 223, 224, 225, 226, 227, 228,
    229, 230, 231, 232, 233, 234, 235, 236, 237, 238, 239, 240, 241, 242, 243,
    244, 245, 246, 247, 248, 249, 250, 251, 252, 253, 254, 255, 256, 257, 258,
    259, 260, 261, 262, 263, 264, 265, 266, 267, 268, 269, 270, 271, 272, 273,
    274, 275, 276, 277, 278, 279, 280, 281, 282, 283, 284, 285, 286, 287, 288,
    289, 290, 291, 292, 293, 294, 295, 296, 297

 Data from log without imprecise labels

 IM without noise threshold:
token_fitness
{"perc_fit_traces": 100.0, "average_trace_fitness": 1.0, "log_fitness": 1.0, "percentage_of_fitting_traces": 100.0}
precision
0.9391756888620417
0.7627118644067797
generalization
0.9351712052589246

 Original Labels:
['O', 'N']

 Ground truth clustering clustering:
Clustering with 298 elements and 2 clusters
[0] 1, 3, 5, 6, 8, 11, 12, 14, 16, 19, 21, 22, 24, 26, 28, 30, 33, 35, 37, 39,
    41, 43, 45, 47, 49, 51, 52, 55, 56, 59, 60, 62, 64, 67, 69, 70, 72, 74,
    76, 79, 81, 83, 85, 87, 88, 91, 92, 94, 97, 98, 100, 103, 104, 107, 109,
    110, 112, 114, 117, 119, 121, 123, 124, 126, 128, 131, 133, 135, 137, 138,
    140, 143, 145, 147, 148, 150, 152, 155, 156, 159, 161, 163, 165, 167, 169,
    171, 172, 175, 177, 179, 180, 183, 185, 186, 188, 190, 193, 195, 196, 198,
    201, 203, 205, 206, 209, 211, 212, 215, 217, 219, 221, 223, 225, 227, 228,
    231, 232, 234, 236, 238, 240, 242, 245, 247, 249, 250, 253, 255, 256, 259,
    260, 262, 265, 266, 268, 271, 273, 275, 276, 278, 281, 283, 284, 287, 288,
    291, 293, 294, 297
[1] 0, 2, 4, 7, 9, 10, 13, 15, 17, 18, 20, 23, 25, 27, 29, 31, 32, 34, 36, 38,
    40, 42, 44, 46, 48, 50, 53, 54, 57, 58, 61, 63, 65, 66, 68, 71, 73, 75,
    77, 78, 80, 82, 84, 86, 89, 90, 93, 95, 96, 99, 101, 102, 105, 106, 108,
    111, 113, 115, 116, 118, 120, 122, 125, 127, 129, 130, 132, 134, 136, 139,
    141, 142, 144, 146, 149, 151, 153, 154, 157, 158, 160, 162, 164, 166, 168,
    170, 173, 174, 176, 178, 181, 182, 184, 187, 189, 191, 192, 194, 197, 199,
    200, 202, 204, 207, 208, 210, 213, 214, 216, 218, 220, 222, 224, 226, 229,
    230, 233, 235, 237, 239, 241, 243, 244, 246, 248, 251, 252, 254, 257, 258,
    261, 263, 264, 267, 269, 270, 272, 274, 277, 279, 280, 282, 285, 286, 289,
    290, 292, 295, 296

 Xixi Adjusted Rand Index:
-1.106497444005609e-16




----------------------------------------------------------------------------------------------
Output from 2025-07-08 18:36:53.580393
----------------------------------------------------------------------------------------------


                

Parameters of this run:

Window size: 1
Threshold for edges: 0
Split candidates: O
Max number of traces: 5000000
Method for distance calculation: Distance.EDIT_DISTANCE
Method for finding clusters: ClusteringMethod.COMMUNITY_DETECTION
Original log location: ./data/noImprInLoop_default_OD\feb16-1625\logs\J_1_LogD_Sequence_feb16-1625.xes.gz
Use frequency: True

Found communities: 

Clustering with 298 elements and 2 clusters
[0] 0, 2, 4, 6, 8, 10, 12, 14, 16, 18, 20, 22, 24, 26, 28, 30, 32, 34, 36, 38,
    40, 42, 44, 46, 48, 50, 52, 54, 56, 58, 60, 62, 64, 66, 68, 70, 72, 74,
    76, 78, 80, 82, 84, 86, 88, 90, 92, 94, 96, 98, 100, 102, 104, 106, 108,
    110, 112, 114, 116, 118, 120, 122, 124, 126, 128, 130, 132, 134, 136, 138,
    140, 142, 144, 146, 148, 150, 152, 154, 156, 158, 160, 162, 164, 166, 168,
    170, 172, 174, 176, 178, 180, 182, 184, 186, 188, 190, 192, 194, 196, 198,
    200, 202, 204, 206, 208, 210, 212, 214, 216, 218, 220, 222, 224, 226, 228,
    230, 232, 234, 236, 238, 240, 242, 244, 246, 248, 250, 252, 254, 256, 258,
    260, 262, 264, 266, 268, 270, 272, 274, 276, 278, 280, 282, 284, 286, 288,
    290, 292, 294, 296
[1] 1, 3, 5, 7, 9, 11, 13, 15, 17, 19, 21, 23, 25, 27, 29, 31, 33, 35, 37, 39,
    41, 43, 45, 47, 49, 51, 53, 55, 57, 59, 61, 63, 65, 67, 69, 71, 73, 75,
    77, 79, 81, 83, 85, 87, 89, 91, 93, 95, 97, 99, 101, 103, 105, 107, 109,
    111, 113, 115, 117, 119, 121, 123, 125, 127, 129, 131, 133, 135, 137, 139,
    141, 143, 145, 147, 149, 151, 153, 155, 157, 159, 161, 163, 165, 167, 169,
    171, 173, 175, 177, 179, 181, 183, 185, 187, 189, 191, 193, 195, 197, 199,
    201, 203, 205, 207, 209, 211, 213, 215, 217, 219, 221, 223, 225, 227, 229,
    231, 233, 235, 237, 239, 241, 243, 245, 247, 249, 251, 253, 255, 257, 259,
    261, 263, 265, 267, 269, 271, 273, 275, 277, 279, 281, 283, 285, 287, 289,
    291, 293, 295, 297

Reassigned labels

Runtime: 0.1029958724975586

Performance split_log:

IM without threshold:
Map:
{"O_0": "O", "O_1": "O"}
token_fitness
{"perc_fit_traces": 100.0, "average_trace_fitness": 1.0, "log_fitness": 1.0, "percentage_of_fitting_traces": 100.0}
precision
0.9470829068577278
0.7543859649122806
generalization
0.9355571259600365
token_fitness
{"perc_fit_traces": 100.0, "average_trace_fitness": 1.0, "log_fitness": 1.0, "percentage_of_fitting_traces": 100.0}
precision
0.9470829068577278
0.7692307692307694
generalization
0.9321524763371617

Adjusted Rand Index:
0.016552699720124894



Parameters of this run:

Window size: 1
Threshold for edges: 0.25
Split candidates: O
Max number of traces: 5000000
Method for distance calculation: Distance.EDIT_DISTANCE
Method for finding clusters: ClusteringMethod.COMMUNITY_DETECTION
Original log location: ./data/noImprInLoop_default_OD\feb16-1625\logs\J_1_LogD_Sequence_feb16-1625.xes.gz
Use frequency: True

Found communities: 

Clustering with 298 elements and 2 clusters
[0] 0, 2, 4, 6, 8, 10, 12, 14, 16, 18, 20, 22, 24, 26, 28, 30, 32, 34, 36, 38,
    40, 42, 44, 46, 48, 50, 52, 54, 56, 58, 60, 62, 64, 66, 68, 70, 72, 74,
    76, 78, 80, 82, 84, 86, 88, 90, 92, 94, 96, 98, 100, 102, 104, 106, 108,
    110, 112, 114, 116, 118, 120, 122, 124, 126, 128, 130, 132, 134, 136, 138,
    140, 142, 144, 146, 148, 150, 152, 154, 156, 158, 160, 162, 164, 166, 168,
    170, 172, 174, 176, 178, 180, 182, 184, 186, 188, 190, 192, 194, 196, 198,
    200, 202, 204, 206, 208, 210, 212, 214, 216, 218, 220, 222, 224, 226, 228,
    230, 232, 234, 236, 238, 240, 242, 244, 246, 248, 250, 252, 254, 256, 258,
    260, 262, 264, 266, 268, 270, 272, 274, 276, 278, 280, 282, 284, 286, 288,
    290, 292, 294, 296
[1] 1, 3, 5, 7, 9, 11, 13, 15, 17, 19, 21, 23, 25, 27, 29, 31, 33, 35, 37, 39,
    41, 43, 45, 47, 49, 51, 53, 55, 57, 59, 61, 63, 65, 67, 69, 71, 73, 75,
    77, 79, 81, 83, 85, 87, 89, 91, 93, 95, 97, 99, 101, 103, 105, 107, 109,
    111, 113, 115, 117, 119, 121, 123, 125, 127, 129, 131, 133, 135, 137, 139,
    141, 143, 145, 147, 149, 151, 153, 155, 157, 159, 161, 163, 165, 167, 169,
    171, 173, 175, 177, 179, 181, 183, 185, 187, 189, 191, 193, 195, 197, 199,
    201, 203, 205, 207, 209, 211, 213, 215, 217, 219, 221, 223, 225, 227, 229,
    231, 233, 235, 237, 239, 241, 243, 245, 247, 249, 251, 253, 255, 257, 259,
    261, 263, 265, 267, 269, 271, 273, 275, 277, 279, 281, 283, 285, 287, 289,
    291, 293, 295, 297

Reassigned labels

Runtime: 0.10499715805053711

Performance split_log:

IM without threshold:
Map:
{"O_0": "O", "O_1": "O"}
token_fitness
{"perc_fit_traces": 100.0, "average_trace_fitness": 1.0, "log_fitness": 1.0, "percentage_of_fitting_traces": 100.0}
precision
0.9470829068577278
0.7692307692307694
generalization
0.9321524763371617

Adjusted Rand Index:
0.016552699720124894



Parameters of this run:

Window size: 1
Threshold for edges: 0.5
Split candidates: O
Max number of traces: 5000000
Method for distance calculation: Distance.EDIT_DISTANCE
Method for finding clusters: ClusteringMethod.COMMUNITY_DETECTION
Original log location: ./data/noImprInLoop_default_OD\feb16-1625\logs\J_1_LogD_Sequence_feb16-1625.xes.gz
Use frequency: True

Found communities: 

Clustering with 298 elements and 2 clusters
[0] 0, 2, 4, 6, 8, 10, 12, 14, 16, 18, 20, 22, 24, 26, 28, 30, 32, 34, 36, 38,
    40, 42, 44, 46, 48, 50, 52, 54, 56, 58, 60, 62, 64, 66, 68, 70, 72, 74,
    76, 78, 80, 82, 84, 86, 88, 90, 92, 94, 96, 98, 100, 102, 104, 106, 108,
    110, 112, 114, 116, 118, 120, 122, 124, 126, 128, 130, 132, 134, 136, 138,
    140, 142, 144, 146, 148, 150, 152, 154, 156, 158, 160, 162, 164, 166, 168,
    170, 172, 174, 176, 178, 180, 182, 184, 186, 188, 190, 192, 194, 196, 198,
    200, 202, 204, 206, 208, 210, 212, 214, 216, 218, 220, 222, 224, 226, 228,
    230, 232, 234, 236, 238, 240, 242, 244, 246, 248, 250, 252, 254, 256, 258,
    260, 262, 264, 266, 268, 270, 272, 274, 276, 278, 280, 282, 284, 286, 288,
    290, 292, 294, 296
[1] 1, 3, 5, 7, 9, 11, 13, 15, 17, 19, 21, 23, 25, 27, 29, 31, 33, 35, 37, 39,
    41, 43, 45, 47, 49, 51, 53, 55, 57, 59, 61, 63, 65, 67, 69, 71, 73, 75,
    77, 79, 81, 83, 85, 87, 89, 91, 93, 95, 97, 99, 101, 103, 105, 107, 109,
    111, 113, 115, 117, 119, 121, 123, 125, 127, 129, 131, 133, 135, 137, 139,
    141, 143, 145, 147, 149, 151, 153, 155, 157, 159, 161, 163, 165, 167, 169,
    171, 173, 175, 177, 179, 181, 183, 185, 187, 189, 191, 193, 195, 197, 199,
    201, 203, 205, 207, 209, 211, 213, 215, 217, 219, 221, 223, 225, 227, 229,
    231, 233, 235, 237, 239, 241, 243, 245, 247, 249, 251, 253, 255, 257, 259,
    261, 263, 265, 267, 269, 271, 273, 275, 277, 279, 281, 283, 285, 287, 289,
    291, 293, 295, 297

Reassigned labels

Runtime: 0.10399746894836426

Performance split_log:

IM without threshold:
Map:
{"O_0": "O", "O_1": "O"}
token_fitness
{"perc_fit_traces": 100.0, "average_trace_fitness": 1.0, "log_fitness": 1.0, "percentage_of_fitting_traces": 100.0}
precision
0.9470829068577278
0.7692307692307694
generalization
0.9321524763371617

Adjusted Rand Index:
0.016552699720124894



Parameters of this run:

Window size: 1
Threshold for edges: 0.75
Split candidates: O
Max number of traces: 5000000
Method for distance calculation: Distance.EDIT_DISTANCE
Method for finding clusters: ClusteringMethod.COMMUNITY_DETECTION
Original log location: ./data/noImprInLoop_default_OD\feb16-1625\logs\J_1_LogD_Sequence_feb16-1625.xes.gz
Use frequency: True

Found communities: 

Clustering with 298 elements and 2 clusters
[0] 0, 2, 4, 6, 8, 10, 12, 14, 16, 18, 20, 22, 24, 26, 28, 30, 32, 34, 36, 38,
    40, 42, 44, 46, 48, 50, 52, 54, 56, 58, 60, 62, 64, 66, 68, 70, 72, 74,
    76, 78, 80, 82, 84, 86, 88, 90, 92, 94, 96, 98, 100, 102, 104, 106, 108,
    110, 112, 114, 116, 118, 120, 122, 124, 126, 128, 130, 132, 134, 136, 138,
    140, 142, 144, 146, 148, 150, 152, 154, 156, 158, 160, 162, 164, 166, 168,
    170, 172, 174, 176, 178, 180, 182, 184, 186, 188, 190, 192, 194, 196, 198,
    200, 202, 204, 206, 208, 210, 212, 214, 216, 218, 220, 222, 224, 226, 228,
    230, 232, 234, 236, 238, 240, 242, 244, 246, 248, 250, 252, 254, 256, 258,
    260, 262, 264, 266, 268, 270, 272, 274, 276, 278, 280, 282, 284, 286, 288,
    290, 292, 294, 296
[1] 1, 3, 5, 7, 9, 11, 13, 15, 17, 19, 21, 23, 25, 27, 29, 31, 33, 35, 37, 39,
    41, 43, 45, 47, 49, 51, 53, 55, 57, 59, 61, 63, 65, 67, 69, 71, 73, 75,
    77, 79, 81, 83, 85, 87, 89, 91, 93, 95, 97, 99, 101, 103, 105, 107, 109,
    111, 113, 115, 117, 119, 121, 123, 125, 127, 129, 131, 133, 135, 137, 139,
    141, 143, 145, 147, 149, 151, 153, 155, 157, 159, 161, 163, 165, 167, 169,
    171, 173, 175, 177, 179, 181, 183, 185, 187, 189, 191, 193, 195, 197, 199,
    201, 203, 205, 207, 209, 211, 213, 215, 217, 219, 221, 223, 225, 227, 229,
    231, 233, 235, 237, 239, 241, 243, 245, 247, 249, 251, 253, 255, 257, 259,
    261, 263, 265, 267, 269, 271, 273, 275, 277, 279, 281, 283, 285, 287, 289,
    291, 293, 295, 297

Reassigned labels

Runtime: 0.09299802780151367

Performance split_log:

IM without threshold:
Map:
{"O_0": "O", "O_1": "O"}
token_fitness
{"perc_fit_traces": 100.0, "average_trace_fitness": 1.0, "log_fitness": 1.0, "percentage_of_fitting_traces": 100.0}
precision
0.9470829068577278
0.7692307692307694
generalization
0.9321524763371617

Adjusted Rand Index:
0.016552699720124894



Parameters of this run:

Window size: 1
Threshold for edges: 1
Split candidates: O
Max number of traces: 5000000
Method for distance calculation: Distance.EDIT_DISTANCE
Method for finding clusters: ClusteringMethod.COMMUNITY_DETECTION
Original log location: ./data/noImprInLoop_default_OD\feb16-1625\logs\J_1_LogD_Sequence_feb16-1625.xes.gz
Use frequency: True

Found communities: 

Clustering with 298 elements and 2 clusters
[0] 0, 2, 4, 6, 8, 10, 12, 14, 16, 18, 20, 22, 24, 26, 28, 30, 32, 34, 36, 38,
    40, 42, 44, 46, 48, 50, 52, 54, 56, 58, 60, 62, 64, 66, 68, 70, 72, 74,
    76, 78, 80, 82, 84, 86, 88, 90, 92, 94, 96, 98, 100, 102, 104, 106, 108,
    110, 112, 114, 116, 118, 120, 122, 124, 126, 128, 130, 132, 134, 136, 138,
    140, 142, 144, 146, 148, 150, 152, 154, 156, 158, 160, 162, 164, 166, 168,
    170, 172, 174, 176, 178, 180, 182, 184, 186, 188, 190, 192, 194, 196, 198,
    200, 202, 204, 206, 208, 210, 212, 214, 216, 218, 220, 222, 224, 226, 228,
    230, 232, 234, 236, 238, 240, 242, 244, 246, 248, 250, 252, 254, 256, 258,
    260, 262, 264, 266, 268, 270, 272, 274, 276, 278, 280, 282, 284, 286, 288,
    290, 292, 294, 296
[1] 1, 3, 5, 7, 9, 11, 13, 15, 17, 19, 21, 23, 25, 27, 29, 31, 33, 35, 37, 39,
    41, 43, 45, 47, 49, 51, 53, 55, 57, 59, 61, 63, 65, 67, 69, 71, 73, 75,
    77, 79, 81, 83, 85, 87, 89, 91, 93, 95, 97, 99, 101, 103, 105, 107, 109,
    111, 113, 115, 117, 119, 121, 123, 125, 127, 129, 131, 133, 135, 137, 139,
    141, 143, 145, 147, 149, 151, 153, 155, 157, 159, 161, 163, 165, 167, 169,
    171, 173, 175, 177, 179, 181, 183, 185, 187, 189, 191, 193, 195, 197, 199,
    201, 203, 205, 207, 209, 211, 213, 215, 217, 219, 221, 223, 225, 227, 229,
    231, 233, 235, 237, 239, 241, 243, 245, 247, 249, 251, 253, 255, 257, 259,
    261, 263, 265, 267, 269, 271, 273, 275, 277, 279, 281, 283, 285, 287, 289,
    291, 293, 295, 297

Reassigned labels

Runtime: 0.09499835968017578

Performance split_log:

IM without threshold:
Map:
{"O_0": "O", "O_1": "O"}
token_fitness
{"perc_fit_traces": 100.0, "average_trace_fitness": 1.0, "log_fitness": 1.0, "percentage_of_fitting_traces": 100.0}
precision
0.9470829068577278
0.7692307692307694
generalization
0.9321524763371617

Adjusted Rand Index:
0.016552699720124894



Parameters of this run:

Window size: 1
Threshold for edges: 0
Split candidates: O
Max number of traces: 5000000
Method for distance calculation: Distance.SET_DISTANCE
Method for finding clusters: ClusteringMethod.COMMUNITY_DETECTION
Original log location: ./data/noImprInLoop_default_OD\feb16-1625\logs\J_1_LogD_Sequence_feb16-1625.xes.gz
Use frequency: True

Found communities: 

Clustering with 298 elements and 2 clusters
[0] 0, 2, 4, 6, 8, 10, 12, 14, 16, 18, 20, 22, 24, 26, 28, 30, 32, 34, 36, 38,
    40, 42, 44, 46, 48, 50, 52, 54, 56, 58, 60, 62, 64, 66, 68, 70, 72, 74,
    76, 78, 80, 82, 84, 86, 88, 90, 92, 94, 96, 98, 100, 102, 104, 106, 108,
    110, 112, 114, 116, 118, 120, 122, 124, 126, 128, 130, 132, 134, 136, 138,
    140, 142, 144, 146, 148, 150, 152, 154, 156, 158, 160, 162, 164, 166, 168,
    170, 172, 174, 176, 178, 180, 182, 184, 186, 188, 190, 192, 194, 196, 198,
    200, 202, 204, 206, 208, 210, 212, 214, 216, 218, 220, 222, 224, 226, 228,
    230, 232, 234, 236, 238, 240, 242, 244, 246, 248, 250, 252, 254, 256, 258,
    260, 262, 264, 266, 268, 270, 272, 274, 276, 278, 280, 282, 284, 286, 288,
    290, 292, 294, 296
[1] 1, 3, 5, 7, 9, 11, 13, 15, 17, 19, 21, 23, 25, 27, 29, 31, 33, 35, 37, 39,
    41, 43, 45, 47, 49, 51, 53, 55, 57, 59, 61, 63, 65, 67, 69, 71, 73, 75,
    77, 79, 81, 83, 85, 87, 89, 91, 93, 95, 97, 99, 101, 103, 105, 107, 109,
    111, 113, 115, 117, 119, 121, 123, 125, 127, 129, 131, 133, 135, 137, 139,
    141, 143, 145, 147, 149, 151, 153, 155, 157, 159, 161, 163, 165, 167, 169,
    171, 173, 175, 177, 179, 181, 183, 185, 187, 189, 191, 193, 195, 197, 199,
    201, 203, 205, 207, 209, 211, 213, 215, 217, 219, 221, 223, 225, 227, 229,
    231, 233, 235, 237, 239, 241, 243, 245, 247, 249, 251, 253, 255, 257, 259,
    261, 263, 265, 267, 269, 271, 273, 275, 277, 279, 281, 283, 285, 287, 289,
    291, 293, 295, 297

Reassigned labels

Runtime: 0.23299407958984375

Performance split_log:

IM without threshold:
Map:
{"O_0": "O", "O_1": "O"}
token_fitness
{"perc_fit_traces": 100.0, "average_trace_fitness": 1.0, "log_fitness": 1.0, "percentage_of_fitting_traces": 100.0}
precision
0.9470829068577278
0.7692307692307694
generalization
0.9321524763371617

Adjusted Rand Index:
0.016552699720124894



Parameters of this run:

Window size: 1
Threshold for edges: 0.25
Split candidates: O
Max number of traces: 5000000
Method for distance calculation: Distance.SET_DISTANCE
Method for finding clusters: ClusteringMethod.COMMUNITY_DETECTION
Original log location: ./data/noImprInLoop_default_OD\feb16-1625\logs\J_1_LogD_Sequence_feb16-1625.xes.gz
Use frequency: True

Found communities: 

Clustering with 298 elements and 2 clusters
[0] 0, 2, 4, 6, 8, 10, 12, 14, 16, 18, 20, 22, 24, 26, 28, 30, 32, 34, 36, 38,
    40, 42, 44, 46, 48, 50, 52, 54, 56, 58, 60, 62, 64, 66, 68, 70, 72, 74,
    76, 78, 80, 82, 84, 86, 88, 90, 92, 94, 96, 98, 100, 102, 104, 106, 108,
    110, 112, 114, 116, 118, 120, 122, 124, 126, 128, 130, 132, 134, 136, 138,
    140, 142, 144, 146, 148, 150, 152, 154, 156, 158, 160, 162, 164, 166, 168,
    170, 172, 174, 176, 178, 180, 182, 184, 186, 188, 190, 192, 194, 196, 198,
    200, 202, 204, 206, 208, 210, 212, 214, 216, 218, 220, 222, 224, 226, 228,
    230, 232, 234, 236, 238, 240, 242, 244, 246, 248, 250, 252, 254, 256, 258,
    260, 262, 264, 266, 268, 270, 272, 274, 276, 278, 280, 282, 284, 286, 288,
    290, 292, 294, 296
[1] 1, 3, 5, 7, 9, 11, 13, 15, 17, 19, 21, 23, 25, 27, 29, 31, 33, 35, 37, 39,
    41, 43, 45, 47, 49, 51, 53, 55, 57, 59, 61, 63, 65, 67, 69, 71, 73, 75,
    77, 79, 81, 83, 85, 87, 89, 91, 93, 95, 97, 99, 101, 103, 105, 107, 109,
    111, 113, 115, 117, 119, 121, 123, 125, 127, 129, 131, 133, 135, 137, 139,
    141, 143, 145, 147, 149, 151, 153, 155, 157, 159, 161, 163, 165, 167, 169,
    171, 173, 175, 177, 179, 181, 183, 185, 187, 189, 191, 193, 195, 197, 199,
    201, 203, 205, 207, 209, 211, 213, 215, 217, 219, 221, 223, 225, 227, 229,
    231, 233, 235, 237, 239, 241, 243, 245, 247, 249, 251, 253, 255, 257, 259,
    261, 263, 265, 267, 269, 271, 273, 275, 277, 279, 281, 283, 285, 287, 289,
    291, 293, 295, 297

Reassigned labels

Runtime: 0.10399746894836426

Performance split_log:

IM without threshold:
Map:
{"O_0": "O", "O_1": "O"}
token_fitness
{"perc_fit_traces": 100.0, "average_trace_fitness": 1.0, "log_fitness": 1.0, "percentage_of_fitting_traces": 100.0}
precision
0.9470829068577278
0.7692307692307694
generalization
0.9321524763371617

Adjusted Rand Index:
0.016552699720124894



Parameters of this run:

Window size: 1
Threshold for edges: 0.5
Split candidates: O
Max number of traces: 5000000
Method for distance calculation: Distance.SET_DISTANCE
Method for finding clusters: ClusteringMethod.COMMUNITY_DETECTION
Original log location: ./data/noImprInLoop_default_OD\feb16-1625\logs\J_1_LogD_Sequence_feb16-1625.xes.gz
Use frequency: True

Found communities: 

Clustering with 298 elements and 2 clusters
[0] 0, 2, 4, 6, 8, 10, 12, 14, 16, 18, 20, 22, 24, 26, 28, 30, 32, 34, 36, 38,
    40, 42, 44, 46, 48, 50, 52, 54, 56, 58, 60, 62, 64, 66, 68, 70, 72, 74,
    76, 78, 80, 82, 84, 86, 88, 90, 92, 94, 96, 98, 100, 102, 104, 106, 108,
    110, 112, 114, 116, 118, 120, 122, 124, 126, 128, 130, 132, 134, 136, 138,
    140, 142, 144, 146, 148, 150, 152, 154, 156, 158, 160, 162, 164, 166, 168,
    170, 172, 174, 176, 178, 180, 182, 184, 186, 188, 190, 192, 194, 196, 198,
    200, 202, 204, 206, 208, 210, 212, 214, 216, 218, 220, 222, 224, 226, 228,
    230, 232, 234, 236, 238, 240, 242, 244, 246, 248, 250, 252, 254, 256, 258,
    260, 262, 264, 266, 268, 270, 272, 274, 276, 278, 280, 282, 284, 286, 288,
    290, 292, 294, 296
[1] 1, 3, 5, 7, 9, 11, 13, 15, 17, 19, 21, 23, 25, 27, 29, 31, 33, 35, 37, 39,
    41, 43, 45, 47, 49, 51, 53, 55, 57, 59, 61, 63, 65, 67, 69, 71, 73, 75,
    77, 79, 81, 83, 85, 87, 89, 91, 93, 95, 97, 99, 101, 103, 105, 107, 109,
    111, 113, 115, 117, 119, 121, 123, 125, 127, 129, 131, 133, 135, 137, 139,
    141, 143, 145, 147, 149, 151, 153, 155, 157, 159, 161, 163, 165, 167, 169,
    171, 173, 175, 177, 179, 181, 183, 185, 187, 189, 191, 193, 195, 197, 199,
    201, 203, 205, 207, 209, 211, 213, 215, 217, 219, 221, 223, 225, 227, 229,
    231, 233, 235, 237, 239, 241, 243, 245, 247, 249, 251, 253, 255, 257, 259,
    261, 263, 265, 267, 269, 271, 273, 275, 277, 279, 281, 283, 285, 287, 289,
    291, 293, 295, 297

Reassigned labels

Runtime: 0.10550642013549805

Performance split_log:

IM without threshold:
Map:
{"O_0": "O", "O_1": "O"}
token_fitness
{"perc_fit_traces": 100.0, "average_trace_fitness": 1.0, "log_fitness": 1.0, "percentage_of_fitting_traces": 100.0}
precision
0.9470829068577278
0.7692307692307694
generalization
0.9321524763371617

Adjusted Rand Index:
0.016552699720124894



Parameters of this run:

Window size: 1
Threshold for edges: 0.75
Split candidates: O
Max number of traces: 5000000
Method for distance calculation: Distance.SET_DISTANCE
Method for finding clusters: ClusteringMethod.COMMUNITY_DETECTION
Original log location: ./data/noImprInLoop_default_OD\feb16-1625\logs\J_1_LogD_Sequence_feb16-1625.xes.gz
Use frequency: True

Found communities: 

Clustering with 298 elements and 2 clusters
[0] 0, 2, 4, 6, 8, 10, 12, 14, 16, 18, 20, 22, 24, 26, 28, 30, 32, 34, 36, 38,
    40, 42, 44, 46, 48, 50, 52, 54, 56, 58, 60, 62, 64, 66, 68, 70, 72, 74,
    76, 78, 80, 82, 84, 86, 88, 90, 92, 94, 96, 98, 100, 102, 104, 106, 108,
    110, 112, 114, 116, 118, 120, 122, 124, 126, 128, 130, 132, 134, 136, 138,
    140, 142, 144, 146, 148, 150, 152, 154, 156, 158, 160, 162, 164, 166, 168,
    170, 172, 174, 176, 178, 180, 182, 184, 186, 188, 190, 192, 194, 196, 198,
    200, 202, 204, 206, 208, 210, 212, 214, 216, 218, 220, 222, 224, 226, 228,
    230, 232, 234, 236, 238, 240, 242, 244, 246, 248, 250, 252, 254, 256, 258,
    260, 262, 264, 266, 268, 270, 272, 274, 276, 278, 280, 282, 284, 286, 288,
    290, 292, 294, 296
[1] 1, 3, 5, 7, 9, 11, 13, 15, 17, 19, 21, 23, 25, 27, 29, 31, 33, 35, 37, 39,
    41, 43, 45, 47, 49, 51, 53, 55, 57, 59, 61, 63, 65, 67, 69, 71, 73, 75,
    77, 79, 81, 83, 85, 87, 89, 91, 93, 95, 97, 99, 101, 103, 105, 107, 109,
    111, 113, 115, 117, 119, 121, 123, 125, 127, 129, 131, 133, 135, 137, 139,
    141, 143, 145, 147, 149, 151, 153, 155, 157, 159, 161, 163, 165, 167, 169,
    171, 173, 175, 177, 179, 181, 183, 185, 187, 189, 191, 193, 195, 197, 199,
    201, 203, 205, 207, 209, 211, 213, 215, 217, 219, 221, 223, 225, 227, 229,
    231, 233, 235, 237, 239, 241, 243, 245, 247, 249, 251, 253, 255, 257, 259,
    261, 263, 265, 267, 269, 271, 273, 275, 277, 279, 281, 283, 285, 287, 289,
    291, 293, 295, 297

Reassigned labels

Runtime: 0.09199643135070801

Performance split_log:

IM without threshold:
Map:
{"O_0": "O", "O_1": "O"}
token_fitness
{"perc_fit_traces": 100.0, "average_trace_fitness": 1.0, "log_fitness": 1.0, "percentage_of_fitting_traces": 100.0}
precision
0.9470829068577278
0.7692307692307694
generalization
0.9321524763371617

Adjusted Rand Index:
0.016552699720124894



Parameters of this run:

Window size: 1
Threshold for edges: 1
Split candidates: O
Max number of traces: 5000000
Method for distance calculation: Distance.SET_DISTANCE
Method for finding clusters: ClusteringMethod.COMMUNITY_DETECTION
Original log location: ./data/noImprInLoop_default_OD\feb16-1625\logs\J_1_LogD_Sequence_feb16-1625.xes.gz
Use frequency: True

Found communities: 

Clustering with 298 elements and 2 clusters
[0] 0, 2, 4, 6, 8, 10, 12, 14, 16, 18, 20, 22, 24, 26, 28, 30, 32, 34, 36, 38,
    40, 42, 44, 46, 48, 50, 52, 54, 56, 58, 60, 62, 64, 66, 68, 70, 72, 74,
    76, 78, 80, 82, 84, 86, 88, 90, 92, 94, 96, 98, 100, 102, 104, 106, 108,
    110, 112, 114, 116, 118, 120, 122, 124, 126, 128, 130, 132, 134, 136, 138,
    140, 142, 144, 146, 148, 150, 152, 154, 156, 158, 160, 162, 164, 166, 168,
    170, 172, 174, 176, 178, 180, 182, 184, 186, 188, 190, 192, 194, 196, 198,
    200, 202, 204, 206, 208, 210, 212, 214, 216, 218, 220, 222, 224, 226, 228,
    230, 232, 234, 236, 238, 240, 242, 244, 246, 248, 250, 252, 254, 256, 258,
    260, 262, 264, 266, 268, 270, 272, 274, 276, 278, 280, 282, 284, 286, 288,
    290, 292, 294, 296
[1] 1, 3, 5, 7, 9, 11, 13, 15, 17, 19, 21, 23, 25, 27, 29, 31, 33, 35, 37, 39,
    41, 43, 45, 47, 49, 51, 53, 55, 57, 59, 61, 63, 65, 67, 69, 71, 73, 75,
    77, 79, 81, 83, 85, 87, 89, 91, 93, 95, 97, 99, 101, 103, 105, 107, 109,
    111, 113, 115, 117, 119, 121, 123, 125, 127, 129, 131, 133, 135, 137, 139,
    141, 143, 145, 147, 149, 151, 153, 155, 157, 159, 161, 163, 165, 167, 169,
    171, 173, 175, 177, 179, 181, 183, 185, 187, 189, 191, 193, 195, 197, 199,
    201, 203, 205, 207, 209, 211, 213, 215, 217, 219, 221, 223, 225, 227, 229,
    231, 233, 235, 237, 239, 241, 243, 245, 247, 249, 251, 253, 255, 257, 259,
    261, 263, 265, 267, 269, 271, 273, 275, 277, 279, 281, 283, 285, 287, 289,
    291, 293, 295, 297

Reassigned labels

Runtime: 0.08899784088134766

Performance split_log:

IM without threshold:
Map:
{"O_0": "O", "O_1": "O"}
token_fitness
{"perc_fit_traces": 100.0, "average_trace_fitness": 1.0, "log_fitness": 1.0, "percentage_of_fitting_traces": 100.0}
precision
0.9470829068577278
0.7692307692307694
generalization
0.9321524763371617

Adjusted Rand Index:
0.016552699720124894



Parameters of this run:

Window size: 1
Threshold for edges: 0
Split candidates: O
Max number of traces: 5000000
Method for distance calculation: Distance.MULTISET_DISTANCE
Method for finding clusters: ClusteringMethod.COMMUNITY_DETECTION
Original log location: ./data/noImprInLoop_default_OD\feb16-1625\logs\J_1_LogD_Sequence_feb16-1625.xes.gz
Use frequency: True

Found communities: 

Clustering with 298 elements and 2 clusters
[0] 0, 2, 4, 6, 8, 10, 12, 14, 16, 18, 20, 22, 24, 26, 28, 30, 32, 34, 36, 38,
    40, 42, 44, 46, 48, 50, 52, 54, 56, 58, 60, 62, 64, 66, 68, 70, 72, 74,
    76, 78, 80, 82, 84, 86, 88, 90, 92, 94, 96, 98, 100, 102, 104, 106, 108,
    110, 112, 114, 116, 118, 120, 122, 124, 126, 128, 130, 132, 134, 136, 138,
    140, 142, 144, 146, 148, 150, 152, 154, 156, 158, 160, 162, 164, 166, 168,
    170, 172, 174, 176, 178, 180, 182, 184, 186, 188, 190, 192, 194, 196, 198,
    200, 202, 204, 206, 208, 210, 212, 214, 216, 218, 220, 222, 224, 226, 228,
    230, 232, 234, 236, 238, 240, 242, 244, 246, 248, 250, 252, 254, 256, 258,
    260, 262, 264, 266, 268, 270, 272, 274, 276, 278, 280, 282, 284, 286, 288,
    290, 292, 294, 296
[1] 1, 3, 5, 7, 9, 11, 13, 15, 17, 19, 21, 23, 25, 27, 29, 31, 33, 35, 37, 39,
    41, 43, 45, 47, 49, 51, 53, 55, 57, 59, 61, 63, 65, 67, 69, 71, 73, 75,
    77, 79, 81, 83, 85, 87, 89, 91, 93, 95, 97, 99, 101, 103, 105, 107, 109,
    111, 113, 115, 117, 119, 121, 123, 125, 127, 129, 131, 133, 135, 137, 139,
    141, 143, 145, 147, 149, 151, 153, 155, 157, 159, 161, 163, 165, 167, 169,
    171, 173, 175, 177, 179, 181, 183, 185, 187, 189, 191, 193, 195, 197, 199,
    201, 203, 205, 207, 209, 211, 213, 215, 217, 219, 221, 223, 225, 227, 229,
    231, 233, 235, 237, 239, 241, 243, 245, 247, 249, 251, 253, 255, 257, 259,
    261, 263, 265, 267, 269, 271, 273, 275, 277, 279, 281, 283, 285, 287, 289,
    291, 293, 295, 297

Reassigned labels

Runtime: 0.23799347877502441

Performance split_log:

IM without threshold:
Map:
{"O_0": "O", "O_1": "O"}
token_fitness
{"perc_fit_traces": 100.0, "average_trace_fitness": 1.0, "log_fitness": 1.0, "percentage_of_fitting_traces": 100.0}
precision
0.9470829068577278
0.7692307692307694
generalization
0.9321524763371617

Adjusted Rand Index:
0.016552699720124894



Parameters of this run:

Window size: 1
Threshold for edges: 0.25
Split candidates: O
Max number of traces: 5000000
Method for distance calculation: Distance.MULTISET_DISTANCE
Method for finding clusters: ClusteringMethod.COMMUNITY_DETECTION
Original log location: ./data/noImprInLoop_default_OD\feb16-1625\logs\J_1_LogD_Sequence_feb16-1625.xes.gz
Use frequency: True

Found communities: 

Clustering with 298 elements and 2 clusters
[0] 0, 2, 4, 6, 8, 10, 12, 14, 16, 18, 20, 22, 24, 26, 28, 30, 32, 34, 36, 38,
    40, 42, 44, 46, 48, 50, 52, 54, 56, 58, 60, 62, 64, 66, 68, 70, 72, 74,
    76, 78, 80, 82, 84, 86, 88, 90, 92, 94, 96, 98, 100, 102, 104, 106, 108,
    110, 112, 114, 116, 118, 120, 122, 124, 126, 128, 130, 132, 134, 136, 138,
    140, 142, 144, 146, 148, 150, 152, 154, 156, 158, 160, 162, 164, 166, 168,
    170, 172, 174, 176, 178, 180, 182, 184, 186, 188, 190, 192, 194, 196, 198,
    200, 202, 204, 206, 208, 210, 212, 214, 216, 218, 220, 222, 224, 226, 228,
    230, 232, 234, 236, 238, 240, 242, 244, 246, 248, 250, 252, 254, 256, 258,
    260, 262, 264, 266, 268, 270, 272, 274, 276, 278, 280, 282, 284, 286, 288,
    290, 292, 294, 296
[1] 1, 3, 5, 7, 9, 11, 13, 15, 17, 19, 21, 23, 25, 27, 29, 31, 33, 35, 37, 39,
    41, 43, 45, 47, 49, 51, 53, 55, 57, 59, 61, 63, 65, 67, 69, 71, 73, 75,
    77, 79, 81, 83, 85, 87, 89, 91, 93, 95, 97, 99, 101, 103, 105, 107, 109,
    111, 113, 115, 117, 119, 121, 123, 125, 127, 129, 131, 133, 135, 137, 139,
    141, 143, 145, 147, 149, 151, 153, 155, 157, 159, 161, 163, 165, 167, 169,
    171, 173, 175, 177, 179, 181, 183, 185, 187, 189, 191, 193, 195, 197, 199,
    201, 203, 205, 207, 209, 211, 213, 215, 217, 219, 221, 223, 225, 227, 229,
    231, 233, 235, 237, 239, 241, 243, 245, 247, 249, 251, 253, 255, 257, 259,
    261, 263, 265, 267, 269, 271, 273, 275, 277, 279, 281, 283, 285, 287, 289,
    291, 293, 295, 297

Reassigned labels

Runtime: 0.10699725151062012

Performance split_log:

IM without threshold:
Map:
{"O_0": "O", "O_1": "O"}
token_fitness
{"perc_fit_traces": 100.0, "average_trace_fitness": 1.0, "log_fitness": 1.0, "percentage_of_fitting_traces": 100.0}
precision
0.9470829068577278
0.7692307692307694
generalization
0.9321524763371617

Adjusted Rand Index:
0.016552699720124894



Parameters of this run:

Window size: 1
Threshold for edges: 0.5
Split candidates: O
Max number of traces: 5000000
Method for distance calculation: Distance.MULTISET_DISTANCE
Method for finding clusters: ClusteringMethod.COMMUNITY_DETECTION
Original log location: ./data/noImprInLoop_default_OD\feb16-1625\logs\J_1_LogD_Sequence_feb16-1625.xes.gz
Use frequency: True

Found communities: 

Clustering with 298 elements and 2 clusters
[0] 0, 2, 4, 6, 8, 10, 12, 14, 16, 18, 20, 22, 24, 26, 28, 30, 32, 34, 36, 38,
    40, 42, 44, 46, 48, 50, 52, 54, 56, 58, 60, 62, 64, 66, 68, 70, 72, 74,
    76, 78, 80, 82, 84, 86, 88, 90, 92, 94, 96, 98, 100, 102, 104, 106, 108,
    110, 112, 114, 116, 118, 120, 122, 124, 126, 128, 130, 132, 134, 136, 138,
    140, 142, 144, 146, 148, 150, 152, 154, 156, 158, 160, 162, 164, 166, 168,
    170, 172, 174, 176, 178, 180, 182, 184, 186, 188, 190, 192, 194, 196, 198,
    200, 202, 204, 206, 208, 210, 212, 214, 216, 218, 220, 222, 224, 226, 228,
    230, 232, 234, 236, 238, 240, 242, 244, 246, 248, 250, 252, 254, 256, 258,
    260, 262, 264, 266, 268, 270, 272, 274, 276, 278, 280, 282, 284, 286, 288,
    290, 292, 294, 296
[1] 1, 3, 5, 7, 9, 11, 13, 15, 17, 19, 21, 23, 25, 27, 29, 31, 33, 35, 37, 39,
    41, 43, 45, 47, 49, 51, 53, 55, 57, 59, 61, 63, 65, 67, 69, 71, 73, 75,
    77, 79, 81, 83, 85, 87, 89, 91, 93, 95, 97, 99, 101, 103, 105, 107, 109,
    111, 113, 115, 117, 119, 121, 123, 125, 127, 129, 131, 133, 135, 137, 139,
    141, 143, 145, 147, 149, 151, 153, 155, 157, 159, 161, 163, 165, 167, 169,
    171, 173, 175, 177, 179, 181, 183, 185, 187, 189, 191, 193, 195, 197, 199,
    201, 203, 205, 207, 209, 211, 213, 215, 217, 219, 221, 223, 225, 227, 229,
    231, 233, 235, 237, 239, 241, 243, 245, 247, 249, 251, 253, 255, 257, 259,
    261, 263, 265, 267, 269, 271, 273, 275, 277, 279, 281, 283, 285, 287, 289,
    291, 293, 295, 297

Reassigned labels

Runtime: 0.10399627685546875

Performance split_log:

IM without threshold:
Map:
{"O_0": "O", "O_1": "O"}
token_fitness
{"perc_fit_traces": 100.0, "average_trace_fitness": 1.0, "log_fitness": 1.0, "percentage_of_fitting_traces": 100.0}
precision
0.9470829068577278
0.7692307692307694
generalization
0.9321524763371617

Adjusted Rand Index:
0.016552699720124894



Parameters of this run:

Window size: 1
Threshold for edges: 0.75
Split candidates: O
Max number of traces: 5000000
Method for distance calculation: Distance.MULTISET_DISTANCE
Method for finding clusters: ClusteringMethod.COMMUNITY_DETECTION
Original log location: ./data/noImprInLoop_default_OD\feb16-1625\logs\J_1_LogD_Sequence_feb16-1625.xes.gz
Use frequency: True

Found communities: 

Clustering with 298 elements and 2 clusters
[0] 0, 2, 4, 6, 8, 10, 12, 14, 16, 18, 20, 22, 24, 26, 28, 30, 32, 34, 36, 38,
    40, 42, 44, 46, 48, 50, 52, 54, 56, 58, 60, 62, 64, 66, 68, 70, 72, 74,
    76, 78, 80, 82, 84, 86, 88, 90, 92, 94, 96, 98, 100, 102, 104, 106, 108,
    110, 112, 114, 116, 118, 120, 122, 124, 126, 128, 130, 132, 134, 136, 138,
    140, 142, 144, 146, 148, 150, 152, 154, 156, 158, 160, 162, 164, 166, 168,
    170, 172, 174, 176, 178, 180, 182, 184, 186, 188, 190, 192, 194, 196, 198,
    200, 202, 204, 206, 208, 210, 212, 214, 216, 218, 220, 222, 224, 226, 228,
    230, 232, 234, 236, 238, 240, 242, 244, 246, 248, 250, 252, 254, 256, 258,
    260, 262, 264, 266, 268, 270, 272, 274, 276, 278, 280, 282, 284, 286, 288,
    290, 292, 294, 296
[1] 1, 3, 5, 7, 9, 11, 13, 15, 17, 19, 21, 23, 25, 27, 29, 31, 33, 35, 37, 39,
    41, 43, 45, 47, 49, 51, 53, 55, 57, 59, 61, 63, 65, 67, 69, 71, 73, 75,
    77, 79, 81, 83, 85, 87, 89, 91, 93, 95, 97, 99, 101, 103, 105, 107, 109,
    111, 113, 115, 117, 119, 121, 123, 125, 127, 129, 131, 133, 135, 137, 139,
    141, 143, 145, 147, 149, 151, 153, 155, 157, 159, 161, 163, 165, 167, 169,
    171, 173, 175, 177, 179, 181, 183, 185, 187, 189, 191, 193, 195, 197, 199,
    201, 203, 205, 207, 209, 211, 213, 215, 217, 219, 221, 223, 225, 227, 229,
    231, 233, 235, 237, 239, 241, 243, 245, 247, 249, 251, 253, 255, 257, 259,
    261, 263, 265, 267, 269, 271, 273, 275, 277, 279, 281, 283, 285, 287, 289,
    291, 293, 295, 297

Reassigned labels

Runtime: 0.09299755096435547

Performance split_log:

IM without threshold:
Map:
{"O_0": "O", "O_1": "O"}
token_fitness
{"perc_fit_traces": 100.0, "average_trace_fitness": 1.0, "log_fitness": 1.0, "percentage_of_fitting_traces": 100.0}
precision
0.9470829068577278
0.7692307692307694
generalization
0.9321524763371617

Adjusted Rand Index:
0.016552699720124894



Parameters of this run:

Window size: 1
Threshold for edges: 1
Split candidates: O
Max number of traces: 5000000
Method for distance calculation: Distance.MULTISET_DISTANCE
Method for finding clusters: ClusteringMethod.COMMUNITY_DETECTION
Original log location: ./data/noImprInLoop_default_OD\feb16-1625\logs\J_1_LogD_Sequence_feb16-1625.xes.gz
Use frequency: True

Found communities: 

Clustering with 298 elements and 2 clusters
[0] 0, 2, 4, 6, 8, 10, 12, 14, 16, 18, 20, 22, 24, 26, 28, 30, 32, 34, 36, 38,
    40, 42, 44, 46, 48, 50, 52, 54, 56, 58, 60, 62, 64, 66, 68, 70, 72, 74,
    76, 78, 80, 82, 84, 86, 88, 90, 92, 94, 96, 98, 100, 102, 104, 106, 108,
    110, 112, 114, 116, 118, 120, 122, 124, 126, 128, 130, 132, 134, 136, 138,
    140, 142, 144, 146, 148, 150, 152, 154, 156, 158, 160, 162, 164, 166, 168,
    170, 172, 174, 176, 178, 180, 182, 184, 186, 188, 190, 192, 194, 196, 198,
    200, 202, 204, 206, 208, 210, 212, 214, 216, 218, 220, 222, 224, 226, 228,
    230, 232, 234, 236, 238, 240, 242, 244, 246, 248, 250, 252, 254, 256, 258,
    260, 262, 264, 266, 268, 270, 272, 274, 276, 278, 280, 282, 284, 286, 288,
    290, 292, 294, 296
[1] 1, 3, 5, 7, 9, 11, 13, 15, 17, 19, 21, 23, 25, 27, 29, 31, 33, 35, 37, 39,
    41, 43, 45, 47, 49, 51, 53, 55, 57, 59, 61, 63, 65, 67, 69, 71, 73, 75,
    77, 79, 81, 83, 85, 87, 89, 91, 93, 95, 97, 99, 101, 103, 105, 107, 109,
    111, 113, 115, 117, 119, 121, 123, 125, 127, 129, 131, 133, 135, 137, 139,
    141, 143, 145, 147, 149, 151, 153, 155, 157, 159, 161, 163, 165, 167, 169,
    171, 173, 175, 177, 179, 181, 183, 185, 187, 189, 191, 193, 195, 197, 199,
    201, 203, 205, 207, 209, 211, 213, 215, 217, 219, 221, 223, 225, 227, 229,
    231, 233, 235, 237, 239, 241, 243, 245, 247, 249, 251, 253, 255, 257, 259,
    261, 263, 265, 267, 269, 271, 273, 275, 277, 279, 281, 283, 285, 287, 289,
    291, 293, 295, 297

Reassigned labels

Runtime: 0.09465193748474121

Performance split_log:

IM without threshold:
Map:
{"O_0": "O", "O_1": "O"}
token_fitness
{"perc_fit_traces": 100.0, "average_trace_fitness": 1.0, "log_fitness": 1.0, "percentage_of_fitting_traces": 100.0}
precision
0.9470829068577278
0.7692307692307694
generalization
0.9321524763371617

Adjusted Rand Index:
0.016552699720124894



Parameters of this run:

Window size: 3
Threshold for edges: 0
Split candidates: O
Max number of traces: 5000000
Method for distance calculation: Distance.EDIT_DISTANCE
Method for finding clusters: ClusteringMethod.COMMUNITY_DETECTION
Original log location: ./data/noImprInLoop_default_OD\feb16-1625\logs\J_1_LogD_Sequence_feb16-1625.xes.gz
Use frequency: True

Found communities: 

Clustering with 298 elements and 3 clusters
[0] 1, 3, 5, 7, 9, 11, 13, 15, 17, 19, 21, 23, 25, 27, 29, 31, 33, 35, 37, 39,
    41, 43, 45, 47, 49, 51, 53, 55, 57, 59, 61, 63, 65, 67, 69, 71, 73, 75,
    77, 79, 81, 83, 85, 87, 89, 91, 93, 95, 97, 99, 101, 103, 105, 107, 109,
    111, 113, 115, 117, 119, 121, 123, 125, 127, 129, 131, 133, 135, 137, 139,
    141, 143, 145, 147, 149, 151, 153, 155, 157, 159, 161, 163, 165, 167, 169,
    171, 173, 175, 177, 179, 181, 183, 185, 187, 189, 191, 193, 195, 197, 199,
    201, 203, 205, 207, 209, 211, 213, 215, 217, 219, 221, 223, 225, 227, 229,
    231, 233, 235, 237, 239, 241, 243, 245, 247, 249, 251, 253, 255, 257, 259,
    261, 263, 265, 267, 269, 271, 273, 275, 277, 279, 281, 283, 285, 287, 289,
    291, 293, 295, 297
[1] 0, 4, 6, 8, 10, 12, 14, 16, 18, 20, 22, 24, 26, 28, 30, 32, 34, 36, 38,
    40, 42, 44, 46, 48, 50, 52, 54, 56, 58, 60, 62, 64, 66, 68, 70, 72, 74,
    76, 78, 80, 82, 84, 86, 88, 90, 92, 94, 96, 98, 100, 102, 104, 106, 108,
    110, 112, 114, 116, 118, 120, 122, 124, 126, 128, 130, 132, 134, 136, 138,
    140, 142, 144, 146, 148, 150, 152, 154, 156, 158, 160, 162, 164, 166, 168,
    170, 172, 174, 176, 178, 180, 182, 184, 186, 188, 190, 192, 194, 196, 198,
    200, 202, 204, 206, 208, 210, 212, 214, 216, 218, 220, 222, 224, 226, 228,
    230, 232, 234, 236, 238, 240, 242, 244, 246, 248, 250, 252, 254, 256, 258,
    260, 262, 264, 266, 268, 270, 272, 274, 276, 278, 280, 282, 284, 286, 288,
    290, 292, 294, 296
[2] 2

Reassigned labels

Runtime: 0.115997314453125

Performance split_log:

IM without threshold:
Map:
{"O_0": "O", "O_1": "O", "O_2": "O"}
token_fitness
{"perc_fit_traces": 100.0, "average_trace_fitness": 1.0, "log_fitness": 1.0, "percentage_of_fitting_traces": 100.0}
precision
0.9470829068577278
0.7692307692307694
generalization
0.9321524763371617

Adjusted Rand Index:
0.016552699720124894



Parameters of this run:

Window size: 3
Threshold for edges: 0.25
Split candidates: O
Max number of traces: 5000000
Method for distance calculation: Distance.EDIT_DISTANCE
Method for finding clusters: ClusteringMethod.COMMUNITY_DETECTION
Original log location: ./data/noImprInLoop_default_OD\feb16-1625\logs\J_1_LogD_Sequence_feb16-1625.xes.gz
Use frequency: True

Found communities: 

Clustering with 298 elements and 3 clusters
[0] 1, 3, 5, 7, 9, 11, 13, 15, 17, 19, 21, 23, 25, 27, 29, 31, 33, 35, 37, 39,
    41, 43, 45, 47, 49, 51, 53, 55, 57, 59, 61, 63, 65, 67, 69, 71, 73, 75,
    77, 79, 81, 83, 85, 87, 89, 91, 93, 95, 97, 99, 101, 103, 105, 107, 109,
    111, 113, 115, 117, 119, 121, 123, 125, 127, 129, 131, 133, 135, 137, 139,
    141, 143, 145, 147, 149, 151, 153, 155, 157, 159, 161, 163, 165, 167, 169,
    171, 173, 175, 177, 179, 181, 183, 185, 187, 189, 191, 193, 195, 197, 199,
    201, 203, 205, 207, 209, 211, 213, 215, 217, 219, 221, 223, 225, 227, 229,
    231, 233, 235, 237, 239, 241, 243, 245, 247, 249, 251, 253, 255, 257, 259,
    261, 263, 265, 267, 269, 271, 273, 275, 277, 279, 281, 283, 285, 287, 289,
    291, 293, 295, 297
[1] 0, 4, 6, 8, 10, 12, 14, 16, 18, 20, 22, 24, 26, 28, 30, 32, 34, 36, 38,
    40, 42, 44, 46, 48, 50, 52, 54, 56, 58, 60, 62, 64, 66, 68, 70, 72, 74,
    76, 78, 80, 82, 84, 86, 88, 90, 92, 94, 96, 98, 100, 102, 104, 106, 108,
    110, 112, 114, 116, 118, 120, 122, 124, 126, 128, 130, 132, 134, 136, 138,
    140, 142, 144, 146, 148, 150, 152, 154, 156, 158, 160, 162, 164, 166, 168,
    170, 172, 174, 176, 178, 180, 182, 184, 186, 188, 190, 192, 194, 196, 198,
    200, 202, 204, 206, 208, 210, 212, 214, 216, 218, 220, 222, 224, 226, 228,
    230, 232, 234, 236, 238, 240, 242, 244, 246, 248, 250, 252, 254, 256, 258,
    260, 262, 264, 266, 268, 270, 272, 274, 276, 278, 280, 282, 284, 286, 288,
    290, 292, 294, 296
[2] 2

Reassigned labels

Runtime: 0.1179964542388916

Performance split_log:

IM without threshold:
Map:
{"O_0": "O", "O_1": "O", "O_2": "O"}
token_fitness
{"perc_fit_traces": 100.0, "average_trace_fitness": 1.0, "log_fitness": 1.0, "percentage_of_fitting_traces": 100.0}
precision
0.9470829068577278
0.7692307692307694
generalization
0.9321524763371617

Adjusted Rand Index:
0.016552699720124894



Parameters of this run:

Window size: 3
Threshold for edges: 0.5
Split candidates: O
Max number of traces: 5000000
Method for distance calculation: Distance.EDIT_DISTANCE
Method for finding clusters: ClusteringMethod.COMMUNITY_DETECTION
Original log location: ./data/noImprInLoop_default_OD\feb16-1625\logs\J_1_LogD_Sequence_feb16-1625.xes.gz
Use frequency: True

Found communities: 

Clustering with 298 elements and 3 clusters
[0] 1, 3, 5, 7, 9, 11, 13, 15, 17, 19, 21, 23, 25, 27, 29, 31, 33, 35, 37, 39,
    41, 43, 45, 47, 49, 51, 53, 55, 57, 59, 61, 63, 65, 67, 69, 71, 73, 75,
    77, 79, 81, 83, 85, 87, 89, 91, 93, 95, 97, 99, 101, 103, 105, 107, 109,
    111, 113, 115, 117, 119, 121, 123, 125, 127, 129, 131, 133, 135, 137, 139,
    141, 143, 145, 147, 149, 151, 153, 155, 157, 159, 161, 163, 165, 167, 169,
    171, 173, 175, 177, 179, 181, 183, 185, 187, 189, 191, 193, 195, 197, 199,
    201, 203, 205, 207, 209, 211, 213, 215, 217, 219, 221, 223, 225, 227, 229,
    231, 233, 235, 237, 239, 241, 243, 245, 247, 249, 251, 253, 255, 257, 259,
    261, 263, 265, 267, 269, 271, 273, 275, 277, 279, 281, 283, 285, 287, 289,
    291, 293, 295, 297
[1] 0, 4, 6, 8, 10, 12, 14, 16, 18, 20, 22, 24, 26, 28, 30, 32, 34, 36, 38,
    40, 42, 44, 46, 48, 50, 52, 54, 56, 58, 60, 62, 64, 66, 68, 70, 72, 74,
    76, 78, 80, 82, 84, 86, 88, 90, 92, 94, 96, 98, 100, 102, 104, 106, 108,
    110, 112, 114, 116, 118, 120, 122, 124, 126, 128, 130, 132, 134, 136, 138,
    140, 142, 144, 146, 148, 150, 152, 154, 156, 158, 160, 162, 164, 166, 168,
    170, 172, 174, 176, 178, 180, 182, 184, 186, 188, 190, 192, 194, 196, 198,
    200, 202, 204, 206, 208, 210, 212, 214, 216, 218, 220, 222, 224, 226, 228,
    230, 232, 234, 236, 238, 240, 242, 244, 246, 248, 250, 252, 254, 256, 258,
    260, 262, 264, 266, 268, 270, 272, 274, 276, 278, 280, 282, 284, 286, 288,
    290, 292, 294, 296
[2] 2

Reassigned labels

Runtime: 0.1259937286376953

Performance split_log:

IM without threshold:
Map:
{"O_0": "O", "O_1": "O", "O_2": "O"}
token_fitness
{"perc_fit_traces": 100.0, "average_trace_fitness": 1.0, "log_fitness": 1.0, "percentage_of_fitting_traces": 100.0}
precision
0.9470829068577278
0.7692307692307694
generalization
0.9321524763371617

Adjusted Rand Index:
0.016552699720124894



Parameters of this run:

Window size: 3
Threshold for edges: 0.75
Split candidates: O
Max number of traces: 5000000
Method for distance calculation: Distance.EDIT_DISTANCE
Method for finding clusters: ClusteringMethod.COMMUNITY_DETECTION
Original log location: ./data/noImprInLoop_default_OD\feb16-1625\logs\J_1_LogD_Sequence_feb16-1625.xes.gz
Use frequency: True

Found communities: 

Clustering with 298 elements and 2 clusters
[0] 0, 2, 4, 6, 8, 10, 12, 14, 16, 18, 20, 22, 24, 26, 28, 30, 32, 34, 36, 38,
    40, 42, 44, 46, 48, 50, 52, 54, 56, 58, 60, 62, 64, 66, 68, 70, 72, 74,
    76, 78, 80, 82, 84, 86, 88, 90, 92, 94, 96, 98, 100, 102, 104, 106, 108,
    110, 112, 114, 116, 118, 120, 122, 124, 126, 128, 130, 132, 134, 136, 138,
    140, 142, 144, 146, 148, 150, 152, 154, 156, 158, 160, 162, 164, 166, 168,
    170, 172, 174, 176, 178, 180, 182, 184, 186, 188, 190, 192, 194, 196, 198,
    200, 202, 204, 206, 208, 210, 212, 214, 216, 218, 220, 222, 224, 226, 228,
    230, 232, 234, 236, 238, 240, 242, 244, 246, 248, 250, 252, 254, 256, 258,
    260, 262, 264, 266, 268, 270, 272, 274, 276, 278, 280, 282, 284, 286, 288,
    290, 292, 294, 296
[1] 1, 3, 5, 7, 9, 11, 13, 15, 17, 19, 21, 23, 25, 27, 29, 31, 33, 35, 37, 39,
    41, 43, 45, 47, 49, 51, 53, 55, 57, 59, 61, 63, 65, 67, 69, 71, 73, 75,
    77, 79, 81, 83, 85, 87, 89, 91, 93, 95, 97, 99, 101, 103, 105, 107, 109,
    111, 113, 115, 117, 119, 121, 123, 125, 127, 129, 131, 133, 135, 137, 139,
    141, 143, 145, 147, 149, 151, 153, 155, 157, 159, 161, 163, 165, 167, 169,
    171, 173, 175, 177, 179, 181, 183, 185, 187, 189, 191, 193, 195, 197, 199,
    201, 203, 205, 207, 209, 211, 213, 215, 217, 219, 221, 223, 225, 227, 229,
    231, 233, 235, 237, 239, 241, 243, 245, 247, 249, 251, 253, 255, 257, 259,
    261, 263, 265, 267, 269, 271, 273, 275, 277, 279, 281, 283, 285, 287, 289,
    291, 293, 295, 297

Reassigned labels

Runtime: 0.09999775886535645

Performance split_log:

IM without threshold:
Map:
{"O_0": "O", "O_1": "O"}
token_fitness
{"perc_fit_traces": 100.0, "average_trace_fitness": 1.0, "log_fitness": 1.0, "percentage_of_fitting_traces": 100.0}
precision
0.9470829068577278
0.7692307692307694
generalization
0.9321524763371617

Adjusted Rand Index:
0.016552699720124894



Parameters of this run:

Window size: 3
Threshold for edges: 1
Split candidates: O
Max number of traces: 5000000
Method for distance calculation: Distance.EDIT_DISTANCE
Method for finding clusters: ClusteringMethod.COMMUNITY_DETECTION
Original log location: ./data/noImprInLoop_default_OD\feb16-1625\logs\J_1_LogD_Sequence_feb16-1625.xes.gz
Use frequency: True

Found communities: 

Clustering with 298 elements and 5 clusters
[0] 1, 3, 5, 7, 9, 11, 13, 15, 17, 19, 21, 23, 25, 27, 29, 31, 33, 35, 37, 39,
    41, 43, 45, 47, 49, 51, 53, 55, 57, 59, 61, 63, 65, 67, 69, 71, 73, 75,
    77, 79, 81, 83, 85, 87, 89, 91, 93, 95, 97, 99, 101, 103, 105, 107, 109,
    111, 113, 115, 117, 119, 121, 123, 125, 127, 129, 131, 133, 135, 137, 139,
    141, 143, 145, 147, 149, 151, 153, 155, 157, 159, 161, 163, 165, 167, 169,
    171, 173, 175, 177, 179, 181, 183, 185, 187, 189, 191, 193, 195, 197, 199,
    201, 203, 205, 207, 209, 211, 213, 215, 217, 219, 221, 223, 225, 227, 229,
    231, 233, 235, 237, 239, 241, 243, 245, 247, 249, 251, 253, 255, 257, 259,
    261, 263, 265, 267, 269, 271, 273, 275, 277, 279, 281, 283, 285, 287, 289,
    291, 293, 295, 297
[1] 12, 20, 28, 30, 36, 38, 46, 50, 58, 62, 64, 66, 72, 84, 86, 88, 90, 92,
    98, 104, 106, 110, 112, 116, 132, 136, 138, 140, 142, 144, 160, 164, 166,
    168, 174, 182, 184, 190, 194, 196, 198, 216, 230, 240, 244, 254, 258, 276,
    284, 290, 296
[2] 4, 16, 22, 26, 32, 40, 42, 44, 54, 60, 74, 76, 80, 82, 94, 96, 100, 102,
    114, 118, 122, 134, 154, 156, 158, 172, 176, 180, 192, 200, 210, 214, 218,
    224, 226, 228, 238, 262, 266, 268, 272, 274, 280, 294
[3] 6, 10, 14, 18, 24, 34, 52, 68, 70, 108, 120, 126, 128, 146, 148, 170, 178,
    188, 202, 204, 206, 208, 212, 232, 234, 246, 248, 250, 252, 256, 260, 264,
    270, 286, 292
[4] 0, 2, 8, 48, 56, 78, 124, 130, 150, 152, 162, 186, 220, 222, 236, 242,
    278, 282, 288

Reassigned labels

Runtime: 0.10199713706970215

Performance split_log:

IM without threshold:
Map:
{"O_0": "O", "O_1": "O", "O_2": "O", "O_3": "O", "O_4": "O"}
token_fitness
{"perc_fit_traces": 100.0, "average_trace_fitness": 1.0, "log_fitness": 1.0, "percentage_of_fitting_traces": 100.0}
precision
0.9470829068577278
0.7692307692307694
generalization
0.9321524763371617

Adjusted Rand Index:
0.016552699720124894



Parameters of this run:

Window size: 3
Threshold for edges: 0
Split candidates: O
Max number of traces: 5000000
Method for distance calculation: Distance.SET_DISTANCE
Method for finding clusters: ClusteringMethod.COMMUNITY_DETECTION
Original log location: ./data/noImprInLoop_default_OD\feb16-1625\logs\J_1_LogD_Sequence_feb16-1625.xes.gz
Use frequency: True

Found communities: 

Clustering with 298 elements and 3 clusters
[0] 0, 1, 4, 5, 6, 7, 8, 9, 10, 11, 12, 13, 14, 15, 16, 17, 18, 19, 20, 21,
    22, 23, 24, 25, 26, 27, 28, 29, 30, 31, 32, 33, 34, 35, 36, 37, 38, 39,
    40, 41, 42, 43, 44, 45, 46, 47, 48, 49, 50, 51, 52, 53, 54, 55, 56, 57,
    58, 59, 60, 61, 62, 63, 64, 65, 66, 67, 68, 69, 70, 71, 72, 73, 74, 75,
    76, 77, 78, 79, 80, 81, 82, 83, 84, 85, 86, 87, 88, 89, 90, 91, 92, 93,
    94, 95, 96, 97, 98, 99, 100, 101, 102, 103, 104, 105, 106, 107, 108, 109,
    110, 111, 112, 113, 114, 115, 116, 117, 118, 119, 120, 121, 122, 123, 124,
    125, 126, 127, 128, 129, 130, 131, 132, 133, 134, 135, 136, 137, 138, 139,
    140, 141, 142, 143, 144, 145, 146, 147, 148, 149, 150, 151, 152, 153, 154,
    155, 156, 157, 158, 159, 160, 161, 162, 163, 164, 165, 166, 167, 168, 169,
    170, 171, 172, 173, 174, 175, 176, 177, 178, 179, 180, 181, 182, 183, 184,
    185, 186, 187, 188, 189, 190, 191, 192, 193, 194, 195, 196, 197, 198, 199,
    200, 201, 202, 203, 204, 205, 206, 207, 208, 209, 210, 211, 212, 213, 214,
    215, 216, 217, 218, 219, 220, 221, 222, 223, 224, 225, 226, 227, 228, 229,
    230, 231, 232, 233, 234, 235, 236, 237, 238, 239, 240, 241, 242, 243, 244,
    245, 246, 247, 248, 249, 250, 251, 252, 253, 254, 255, 256, 257, 258, 259,
    260, 261, 262, 263, 264, 265, 266, 267, 268, 269, 270, 271, 272, 273, 274,
    275, 276, 277, 278, 279, 280, 281, 282, 283, 284, 285, 286, 287, 288, 289,
    290, 291, 292, 293, 294, 295, 296, 297
[1] 2
[2] 3

Reassigned labels

Runtime: 0.11406803131103516

Performance split_log:

IM without threshold:
Map:
{"O_0": "O", "O_1": "O", "O_2": "O"}
token_fitness
{"perc_fit_traces": 0.0, "average_trace_fitness": 0.8650099989165189, "log_fitness": 0.8827117053718039, "percentage_of_fitting_traces": 0.0}
precision
0.9442286947141316
0.7575757575757577
generalization
0.7327363062944372

Adjusted Rand Index:
-4.489539373305953e-05



Parameters of this run:

Window size: 3
Threshold for edges: 0.25
Split candidates: O
Max number of traces: 5000000
Method for distance calculation: Distance.SET_DISTANCE
Method for finding clusters: ClusteringMethod.COMMUNITY_DETECTION
Original log location: ./data/noImprInLoop_default_OD\feb16-1625\logs\J_1_LogD_Sequence_feb16-1625.xes.gz
Use frequency: True

Found communities: 

Clustering with 298 elements and 3 clusters
[0] 0, 1, 4, 5, 6, 7, 8, 9, 10, 11, 12, 13, 14, 15, 16, 17, 18, 19, 20, 21,
    22, 23, 24, 25, 26, 27, 28, 29, 30, 31, 32, 33, 34, 35, 36, 37, 38, 39,
    40, 41, 42, 43, 44, 45, 46, 47, 48, 49, 50, 51, 52, 53, 54, 55, 56, 57,
    58, 59, 60, 61, 62, 63, 64, 65, 66, 67, 68, 69, 70, 71, 72, 73, 74, 75,
    76, 77, 78, 79, 80, 81, 82, 83, 84, 85, 86, 87, 88, 89, 90, 91, 92, 93,
    94, 95, 96, 97, 98, 99, 100, 101, 102, 103, 104, 105, 106, 107, 108, 109,
    110, 111, 112, 113, 114, 115, 116, 117, 118, 119, 120, 121, 122, 123, 124,
    125, 126, 127, 128, 129, 130, 131, 132, 133, 134, 135, 136, 137, 138, 139,
    140, 141, 142, 143, 144, 145, 146, 147, 148, 149, 150, 151, 152, 153, 154,
    155, 156, 157, 158, 159, 160, 161, 162, 163, 164, 165, 166, 167, 168, 169,
    170, 171, 172, 173, 174, 175, 176, 177, 178, 179, 180, 181, 182, 183, 184,
    185, 186, 187, 188, 189, 190, 191, 192, 193, 194, 195, 196, 197, 198, 199,
    200, 201, 202, 203, 204, 205, 206, 207, 208, 209, 210, 211, 212, 213, 214,
    215, 216, 217, 218, 219, 220, 221, 222, 223, 224, 225, 226, 227, 228, 229,
    230, 231, 232, 233, 234, 235, 236, 237, 238, 239, 240, 241, 242, 243, 244,
    245, 246, 247, 248, 249, 250, 251, 252, 253, 254, 255, 256, 257, 258, 259,
    260, 261, 262, 263, 264, 265, 266, 267, 268, 269, 270, 271, 272, 273, 274,
    275, 276, 277, 278, 279, 280, 281, 282, 283, 284, 285, 286, 287, 288, 289,
    290, 291, 292, 293, 294, 295, 296, 297
[1] 2
[2] 3

Reassigned labels

Runtime: 0.10999751091003418

Performance split_log:

IM without threshold:
Map:
{"O_0": "O", "O_1": "O", "O_2": "O"}
token_fitness
{"perc_fit_traces": 100.0, "average_trace_fitness": 1.0, "log_fitness": 1.0, "percentage_of_fitting_traces": 100.0}
precision
0.9470829068577278
0.7575757575757577
generalization
0.8710759096370538

Adjusted Rand Index:
-4.489539373305953e-05



Parameters of this run:

Window size: 3
Threshold for edges: 0.5
Split candidates: O
Max number of traces: 5000000
Method for distance calculation: Distance.SET_DISTANCE
Method for finding clusters: ClusteringMethod.COMMUNITY_DETECTION
Original log location: ./data/noImprInLoop_default_OD\feb16-1625\logs\J_1_LogD_Sequence_feb16-1625.xes.gz
Use frequency: True

Found communities: 

Clustering with 298 elements and 3 clusters
[0] 0, 1, 4, 5, 6, 7, 8, 9, 10, 11, 12, 13, 14, 15, 16, 17, 18, 19, 20, 21,
    22, 23, 24, 25, 26, 27, 28, 29, 30, 31, 32, 33, 34, 35, 36, 37, 38, 39,
    40, 41, 42, 43, 44, 45, 46, 47, 48, 49, 50, 51, 52, 53, 54, 55, 56, 57,
    58, 59, 60, 61, 62, 63, 64, 65, 66, 67, 68, 69, 70, 71, 72, 73, 74, 75,
    76, 77, 78, 79, 80, 81, 82, 83, 84, 85, 86, 87, 88, 89, 90, 91, 92, 93,
    94, 95, 96, 97, 98, 99, 100, 101, 102, 103, 104, 105, 106, 107, 108, 109,
    110, 111, 112, 113, 114, 115, 116, 117, 118, 119, 120, 121, 122, 123, 124,
    125, 126, 127, 128, 129, 130, 131, 132, 133, 134, 135, 136, 137, 138, 139,
    140, 141, 142, 143, 144, 145, 146, 147, 148, 149, 150, 151, 152, 153, 154,
    155, 156, 157, 158, 159, 160, 161, 162, 163, 164, 165, 166, 167, 168, 169,
    170, 171, 172, 173, 174, 175, 176, 177, 178, 179, 180, 181, 182, 183, 184,
    185, 186, 187, 188, 189, 190, 191, 192, 193, 194, 195, 196, 197, 198, 199,
    200, 201, 202, 203, 204, 205, 206, 207, 208, 209, 210, 211, 212, 213, 214,
    215, 216, 217, 218, 219, 220, 221, 222, 223, 224, 225, 226, 227, 228, 229,
    230, 231, 232, 233, 234, 235, 236, 237, 238, 239, 240, 241, 242, 243, 244,
    245, 246, 247, 248, 249, 250, 251, 252, 253, 254, 255, 256, 257, 258, 259,
    260, 261, 262, 263, 264, 265, 266, 267, 268, 269, 270, 271, 272, 273, 274,
    275, 276, 277, 278, 279, 280, 281, 282, 283, 284, 285, 286, 287, 288, 289,
    290, 291, 292, 293, 294, 295, 296, 297
[1] 2
[2] 3

Reassigned labels

Runtime: 0.12599611282348633

Performance split_log:

IM without threshold:
Map:
{"O_0": "O", "O_1": "O", "O_2": "O"}
token_fitness
{"perc_fit_traces": 100.0, "average_trace_fitness": 1.0, "log_fitness": 1.0, "percentage_of_fitting_traces": 100.0}
precision
0.9470829068577278
0.7575757575757577
generalization
0.8015753187933639

Adjusted Rand Index:
-4.489539373305953e-05



Parameters of this run:

Window size: 3
Threshold for edges: 0.75
Split candidates: O
Max number of traces: 5000000
Method for distance calculation: Distance.SET_DISTANCE
Method for finding clusters: ClusteringMethod.COMMUNITY_DETECTION
Original log location: ./data/noImprInLoop_default_OD\feb16-1625\logs\J_1_LogD_Sequence_feb16-1625.xes.gz
Use frequency: True

Found communities: 

Clustering with 298 elements and 3 clusters
[0] 0, 1, 4, 5, 6, 7, 8, 9, 10, 11, 12, 13, 14, 15, 16, 17, 18, 19, 20, 21,
    22, 23, 24, 25, 26, 27, 28, 29, 30, 31, 32, 33, 34, 35, 36, 37, 38, 39,
    40, 41, 42, 43, 44, 45, 46, 47, 48, 49, 50, 51, 52, 53, 54, 55, 56, 57,
    58, 59, 60, 61, 62, 63, 64, 65, 66, 67, 68, 69, 70, 71, 72, 73, 74, 75,
    76, 77, 78, 79, 80, 81, 82, 83, 84, 85, 86, 87, 88, 89, 90, 91, 92, 93,
    94, 95, 96, 97, 98, 99, 100, 101, 102, 103, 104, 105, 106, 107, 108, 109,
    110, 111, 112, 113, 114, 115, 116, 117, 118, 119, 120, 121, 122, 123, 124,
    125, 126, 127, 128, 129, 130, 131, 132, 133, 134, 135, 136, 137, 138, 139,
    140, 141, 142, 143, 144, 145, 146, 147, 148, 149, 150, 151, 152, 153, 154,
    155, 156, 157, 158, 159, 160, 161, 162, 163, 164, 165, 166, 167, 168, 169,
    170, 171, 172, 173, 174, 175, 176, 177, 178, 179, 180, 181, 182, 183, 184,
    185, 186, 187, 188, 189, 190, 191, 192, 193, 194, 195, 196, 197, 198, 199,
    200, 201, 202, 203, 204, 205, 206, 207, 208, 209, 210, 211, 212, 213, 214,
    215, 216, 217, 218, 219, 220, 221, 222, 223, 224, 225, 226, 227, 228, 229,
    230, 231, 232, 233, 234, 235, 236, 237, 238, 239, 240, 241, 242, 243, 244,
    245, 246, 247, 248, 249, 250, 251, 252, 253, 254, 255, 256, 257, 258, 259,
    260, 261, 262, 263, 264, 265, 266, 267, 268, 269, 270, 271, 272, 273, 274,
    275, 276, 277, 278, 279, 280, 281, 282, 283, 284, 285, 286, 287, 288, 289,
    290, 291, 292, 293, 294, 295, 296, 297
[1] 2
[2] 3

Reassigned labels

Runtime: 0.11099743843078613

Performance split_log:

IM without threshold:
Map:
{"O_0": "O", "O_1": "O", "O_2": "O"}
token_fitness
{"perc_fit_traces": 0.0, "average_trace_fitness": 0.8650099989165189, "log_fitness": 0.8827117053718039, "percentage_of_fitting_traces": 0.0}
precision
0.9442286947141316
0.7575757575757577
generalization
0.7327363062944372

Adjusted Rand Index:
-4.489539373305953e-05



Parameters of this run:

Window size: 3
Threshold for edges: 1
Split candidates: O
Max number of traces: 5000000
Method for distance calculation: Distance.SET_DISTANCE
Method for finding clusters: ClusteringMethod.COMMUNITY_DETECTION
Original log location: ./data/noImprInLoop_default_OD\feb16-1625\logs\J_1_LogD_Sequence_feb16-1625.xes.gz
Use frequency: True

Found communities: 

Clustering with 298 elements and 5 clusters
[0] 1, 3, 5, 7, 9, 11, 13, 15, 17, 19, 21, 23, 25, 27, 29, 31, 33, 35, 37, 39,
    41, 43, 45, 47, 49, 51, 53, 55, 57, 59, 61, 63, 65, 67, 69, 71, 73, 75,
    77, 79, 81, 83, 85, 87, 89, 91, 93, 95, 97, 99, 101, 103, 105, 107, 109,
    111, 113, 115, 117, 119, 121, 123, 125, 127, 129, 131, 133, 135, 137, 139,
    141, 143, 145, 147, 149, 151, 153, 155, 157, 159, 161, 163, 165, 167, 169,
    171, 173, 175, 177, 179, 181, 183, 185, 187, 189, 191, 193, 195, 197, 199,
    201, 203, 205, 207, 209, 211, 213, 215, 217, 219, 221, 223, 225, 227, 229,
    231, 233, 235, 237, 239, 241, 243, 245, 247, 249, 251, 253, 255, 257, 259,
    261, 263, 265, 267, 269, 271, 273, 275, 277, 279, 281, 283, 285, 287, 289,
    291, 293, 295, 297
[1] 12, 20, 28, 30, 36, 38, 46, 50, 58, 62, 64, 66, 72, 84, 86, 88, 90, 92,
    98, 104, 106, 110, 112, 116, 132, 136, 138, 140, 142, 144, 160, 164, 166,
    168, 174, 182, 184, 190, 194, 196, 198, 216, 230, 240, 244, 254, 258, 276,
    284, 290, 296
[2] 4, 16, 22, 26, 32, 40, 42, 44, 54, 60, 74, 76, 80, 82, 94, 96, 100, 102,
    114, 118, 122, 134, 154, 156, 158, 172, 176, 180, 192, 200, 210, 214, 218,
    224, 226, 228, 238, 262, 266, 268, 272, 274, 280, 294
[3] 6, 10, 14, 18, 24, 34, 52, 68, 70, 108, 120, 126, 128, 146, 148, 170, 178,
    188, 202, 204, 206, 208, 212, 232, 234, 246, 248, 250, 252, 256, 260, 264,
    270, 286, 292
[4] 0, 2, 8, 48, 56, 78, 124, 130, 150, 152, 162, 186, 220, 222, 236, 242,
    278, 282, 288

Reassigned labels

Runtime: 0.10487651824951172

Performance split_log:

IM without threshold:
Map:
{"O_0": "O", "O_1": "O", "O_2": "O", "O_3": "O", "O_4": "O"}
token_fitness
{"perc_fit_traces": 100.0, "average_trace_fitness": 1.0, "log_fitness": 1.0, "percentage_of_fitting_traces": 100.0}
precision
0.9470829068577278
0.7692307692307694
generalization
0.9321524763371617

Adjusted Rand Index:
0.016552699720124894



Parameters of this run:

Window size: 3
Threshold for edges: 0
Split candidates: O
Max number of traces: 5000000
Method for distance calculation: Distance.MULTISET_DISTANCE
Method for finding clusters: ClusteringMethod.COMMUNITY_DETECTION
Original log location: ./data/noImprInLoop_default_OD\feb16-1625\logs\J_1_LogD_Sequence_feb16-1625.xes.gz
Use frequency: True

Found communities: 

Clustering with 298 elements and 3 clusters
[0] 0, 1, 4, 5, 6, 7, 8, 9, 10, 11, 12, 13, 14, 15, 16, 17, 18, 19, 20, 21,
    22, 23, 24, 25, 26, 27, 28, 29, 30, 31, 32, 33, 34, 35, 36, 37, 38, 39,
    40, 41, 42, 43, 44, 45, 46, 47, 48, 49, 50, 51, 52, 53, 54, 55, 56, 57,
    58, 59, 60, 61, 62, 63, 64, 65, 66, 67, 68, 69, 70, 71, 72, 73, 74, 75,
    76, 77, 78, 79, 80, 81, 82, 83, 84, 85, 86, 87, 88, 89, 90, 91, 92, 93,
    94, 95, 96, 97, 98, 99, 100, 101, 102, 103, 104, 105, 106, 107, 108, 109,
    110, 111, 112, 113, 114, 115, 116, 117, 118, 119, 120, 121, 122, 123, 124,
    125, 126, 127, 128, 129, 130, 131, 132, 133, 134, 135, 136, 137, 138, 139,
    140, 141, 142, 143, 144, 145, 146, 147, 148, 149, 150, 151, 152, 153, 154,
    155, 156, 157, 158, 159, 160, 161, 162, 163, 164, 165, 166, 167, 168, 169,
    170, 171, 172, 173, 174, 175, 176, 177, 178, 179, 180, 181, 182, 183, 184,
    185, 186, 187, 188, 189, 190, 191, 192, 193, 194, 195, 196, 197, 198, 199,
    200, 201, 202, 203, 204, 205, 206, 207, 208, 209, 210, 211, 212, 213, 214,
    215, 216, 217, 218, 219, 220, 221, 222, 223, 224, 225, 226, 227, 228, 229,
    230, 231, 232, 233, 234, 235, 236, 237, 238, 239, 240, 241, 242, 243, 244,
    245, 246, 247, 248, 249, 250, 251, 252, 253, 254, 255, 256, 257, 258, 259,
    260, 261, 262, 263, 264, 265, 266, 267, 268, 269, 270, 271, 272, 273, 274,
    275, 276, 277, 278, 279, 280, 281, 282, 283, 284, 285, 286, 287, 288, 289,
    290, 291, 292, 293, 294, 295, 296, 297
[1] 2
[2] 3

Reassigned labels

Runtime: 0.1137700080871582

Performance split_log:

IM without threshold:
Map:
{"O_0": "O", "O_1": "O", "O_2": "O"}
token_fitness
{"perc_fit_traces": 0.0, "average_trace_fitness": 0.8650099989165189, "log_fitness": 0.8827117053718039, "percentage_of_fitting_traces": 0.0}
precision
0.9442286947141316
0.7575757575757577
generalization
0.7327363062944372

Adjusted Rand Index:
-4.489539373305953e-05



Parameters of this run:

Window size: 3
Threshold for edges: 0.25
Split candidates: O
Max number of traces: 5000000
Method for distance calculation: Distance.MULTISET_DISTANCE
Method for finding clusters: ClusteringMethod.COMMUNITY_DETECTION
Original log location: ./data/noImprInLoop_default_OD\feb16-1625\logs\J_1_LogD_Sequence_feb16-1625.xes.gz
Use frequency: True

Found communities: 

Clustering with 298 elements and 3 clusters
[0] 0, 1, 4, 5, 6, 7, 8, 9, 10, 11, 12, 13, 14, 15, 16, 17, 18, 19, 20, 21,
    22, 23, 24, 25, 26, 27, 28, 29, 30, 31, 32, 33, 34, 35, 36, 37, 38, 39,
    40, 41, 42, 43, 44, 45, 46, 47, 48, 49, 50, 51, 52, 53, 54, 55, 56, 57,
    58, 59, 60, 61, 62, 63, 64, 65, 66, 67, 68, 69, 70, 71, 72, 73, 74, 75,
    76, 77, 78, 79, 80, 81, 82, 83, 84, 85, 86, 87, 88, 89, 90, 91, 92, 93,
    94, 95, 96, 97, 98, 99, 100, 101, 102, 103, 104, 105, 106, 107, 108, 109,
    110, 111, 112, 113, 114, 115, 116, 117, 118, 119, 120, 121, 122, 123, 124,
    125, 126, 127, 128, 129, 130, 131, 132, 133, 134, 135, 136, 137, 138, 139,
    140, 141, 142, 143, 144, 145, 146, 147, 148, 149, 150, 151, 152, 153, 154,
    155, 156, 157, 158, 159, 160, 161, 162, 163, 164, 165, 166, 167, 168, 169,
    170, 171, 172, 173, 174, 175, 176, 177, 178, 179, 180, 181, 182, 183, 184,
    185, 186, 187, 188, 189, 190, 191, 192, 193, 194, 195, 196, 197, 198, 199,
    200, 201, 202, 203, 204, 205, 206, 207, 208, 209, 210, 211, 212, 213, 214,
    215, 216, 217, 218, 219, 220, 221, 222, 223, 224, 225, 226, 227, 228, 229,
    230, 231, 232, 233, 234, 235, 236, 237, 238, 239, 240, 241, 242, 243, 244,
    245, 246, 247, 248, 249, 250, 251, 252, 253, 254, 255, 256, 257, 258, 259,
    260, 261, 262, 263, 264, 265, 266, 267, 268, 269, 270, 271, 272, 273, 274,
    275, 276, 277, 278, 279, 280, 281, 282, 283, 284, 285, 286, 287, 288, 289,
    290, 291, 292, 293, 294, 295, 296, 297
[1] 2
[2] 3

Reassigned labels

Runtime: 0.11599850654602051

Performance split_log:

IM without threshold:
Map:
{"O_0": "O", "O_1": "O", "O_2": "O"}
token_fitness
{"perc_fit_traces": 100.0, "average_trace_fitness": 1.0, "log_fitness": 1.0, "percentage_of_fitting_traces": 100.0}
precision
0.9470829068577278
0.7575757575757577
generalization
0.8710759096370538

Adjusted Rand Index:
-4.489539373305953e-05



Parameters of this run:

Window size: 3
Threshold for edges: 0.5
Split candidates: O
Max number of traces: 5000000
Method for distance calculation: Distance.MULTISET_DISTANCE
Method for finding clusters: ClusteringMethod.COMMUNITY_DETECTION
Original log location: ./data/noImprInLoop_default_OD\feb16-1625\logs\J_1_LogD_Sequence_feb16-1625.xes.gz
Use frequency: True

Found communities: 

Clustering with 298 elements and 3 clusters
[0] 0, 1, 4, 5, 6, 7, 8, 9, 10, 11, 12, 13, 14, 15, 16, 17, 18, 19, 20, 21,
    22, 23, 24, 25, 26, 27, 28, 29, 30, 31, 32, 33, 34, 35, 36, 37, 38, 39,
    40, 41, 42, 43, 44, 45, 46, 47, 48, 49, 50, 51, 52, 53, 54, 55, 56, 57,
    58, 59, 60, 61, 62, 63, 64, 65, 66, 67, 68, 69, 70, 71, 72, 73, 74, 75,
    76, 77, 78, 79, 80, 81, 82, 83, 84, 85, 86, 87, 88, 89, 90, 91, 92, 93,
    94, 95, 96, 97, 98, 99, 100, 101, 102, 103, 104, 105, 106, 107, 108, 109,
    110, 111, 112, 113, 114, 115, 116, 117, 118, 119, 120, 121, 122, 123, 124,
    125, 126, 127, 128, 129, 130, 131, 132, 133, 134, 135, 136, 137, 138, 139,
    140, 141, 142, 143, 144, 145, 146, 147, 148, 149, 150, 151, 152, 153, 154,
    155, 156, 157, 158, 159, 160, 161, 162, 163, 164, 165, 166, 167, 168, 169,
    170, 171, 172, 173, 174, 175, 176, 177, 178, 179, 180, 181, 182, 183, 184,
    185, 186, 187, 188, 189, 190, 191, 192, 193, 194, 195, 196, 197, 198, 199,
    200, 201, 202, 203, 204, 205, 206, 207, 208, 209, 210, 211, 212, 213, 214,
    215, 216, 217, 218, 219, 220, 221, 222, 223, 224, 225, 226, 227, 228, 229,
    230, 231, 232, 233, 234, 235, 236, 237, 238, 239, 240, 241, 242, 243, 244,
    245, 246, 247, 248, 249, 250, 251, 252, 253, 254, 255, 256, 257, 258, 259,
    260, 261, 262, 263, 264, 265, 266, 267, 268, 269, 270, 271, 272, 273, 274,
    275, 276, 277, 278, 279, 280, 281, 282, 283, 284, 285, 286, 287, 288, 289,
    290, 291, 292, 293, 294, 295, 296, 297
[1] 2
[2] 3

Reassigned labels

Runtime: 0.11599516868591309

Performance split_log:

IM without threshold:
Map:
{"O_0": "O", "O_1": "O", "O_2": "O"}
token_fitness
{"perc_fit_traces": 100.0, "average_trace_fitness": 1.0, "log_fitness": 1.0, "percentage_of_fitting_traces": 100.0}
precision
0.9470829068577278
0.7575757575757577
generalization
0.8710759096370538

Adjusted Rand Index:
-4.489539373305953e-05



Parameters of this run:

Window size: 3
Threshold for edges: 0.75
Split candidates: O
Max number of traces: 5000000
Method for distance calculation: Distance.MULTISET_DISTANCE
Method for finding clusters: ClusteringMethod.COMMUNITY_DETECTION
Original log location: ./data/noImprInLoop_default_OD\feb16-1625\logs\J_1_LogD_Sequence_feb16-1625.xes.gz
Use frequency: True

Found communities: 

Clustering with 298 elements and 3 clusters
[0] 0, 1, 4, 5, 6, 7, 8, 9, 10, 11, 12, 13, 14, 15, 16, 17, 18, 19, 20, 21,
    22, 23, 24, 25, 26, 27, 28, 29, 30, 31, 32, 33, 34, 35, 36, 37, 38, 39,
    40, 41, 42, 43, 44, 45, 46, 47, 48, 49, 50, 51, 52, 53, 54, 55, 56, 57,
    58, 59, 60, 61, 62, 63, 64, 65, 66, 67, 68, 69, 70, 71, 72, 73, 74, 75,
    76, 77, 78, 79, 80, 81, 82, 83, 84, 85, 86, 87, 88, 89, 90, 91, 92, 93,
    94, 95, 96, 97, 98, 99, 100, 101, 102, 103, 104, 105, 106, 107, 108, 109,
    110, 111, 112, 113, 114, 115, 116, 117, 118, 119, 120, 121, 122, 123, 124,
    125, 126, 127, 128, 129, 130, 131, 132, 133, 134, 135, 136, 137, 138, 139,
    140, 141, 142, 143, 144, 145, 146, 147, 148, 149, 150, 151, 152, 153, 154,
    155, 156, 157, 158, 159, 160, 161, 162, 163, 164, 165, 166, 167, 168, 169,
    170, 171, 172, 173, 174, 175, 176, 177, 178, 179, 180, 181, 182, 183, 184,
    185, 186, 187, 188, 189, 190, 191, 192, 193, 194, 195, 196, 197, 198, 199,
    200, 201, 202, 203, 204, 205, 206, 207, 208, 209, 210, 211, 212, 213, 214,
    215, 216, 217, 218, 219, 220, 221, 222, 223, 224, 225, 226, 227, 228, 229,
    230, 231, 232, 233, 234, 235, 236, 237, 238, 239, 240, 241, 242, 243, 244,
    245, 246, 247, 248, 249, 250, 251, 252, 253, 254, 255, 256, 257, 258, 259,
    260, 261, 262, 263, 264, 265, 266, 267, 268, 269, 270, 271, 272, 273, 274,
    275, 276, 277, 278, 279, 280, 281, 282, 283, 284, 285, 286, 287, 288, 289,
    290, 291, 292, 293, 294, 295, 296, 297
[1] 2
[2] 3

Reassigned labels

Runtime: 0.11587405204772949

Performance split_log:

IM without threshold:
Map:
{"O_0": "O", "O_1": "O", "O_2": "O"}
token_fitness
{"perc_fit_traces": 100.0, "average_trace_fitness": 1.0, "log_fitness": 1.0, "percentage_of_fitting_traces": 100.0}
precision
0.9470829068577278
0.7575757575757577
generalization
0.8710759096370538

Adjusted Rand Index:
-4.489539373305953e-05



Parameters of this run:

Window size: 3
Threshold for edges: 1
Split candidates: O
Max number of traces: 5000000
Method for distance calculation: Distance.MULTISET_DISTANCE
Method for finding clusters: ClusteringMethod.COMMUNITY_DETECTION
Original log location: ./data/noImprInLoop_default_OD\feb16-1625\logs\J_1_LogD_Sequence_feb16-1625.xes.gz
Use frequency: True

Found communities: 

Clustering with 298 elements and 5 clusters
[0] 1, 3, 5, 7, 9, 11, 13, 15, 17, 19, 21, 23, 25, 27, 29, 31, 33, 35, 37, 39,
    41, 43, 45, 47, 49, 51, 53, 55, 57, 59, 61, 63, 65, 67, 69, 71, 73, 75,
    77, 79, 81, 83, 85, 87, 89, 91, 93, 95, 97, 99, 101, 103, 105, 107, 109,
    111, 113, 115, 117, 119, 121, 123, 125, 127, 129, 131, 133, 135, 137, 139,
    141, 143, 145, 147, 149, 151, 153, 155, 157, 159, 161, 163, 165, 167, 169,
    171, 173, 175, 177, 179, 181, 183, 185, 187, 189, 191, 193, 195, 197, 199,
    201, 203, 205, 207, 209, 211, 213, 215, 217, 219, 221, 223, 225, 227, 229,
    231, 233, 235, 237, 239, 241, 243, 245, 247, 249, 251, 253, 255, 257, 259,
    261, 263, 265, 267, 269, 271, 273, 275, 277, 279, 281, 283, 285, 287, 289,
    291, 293, 295, 297
[1] 12, 20, 28, 30, 36, 38, 46, 50, 58, 62, 64, 66, 72, 84, 86, 88, 90, 92,
    98, 104, 106, 110, 112, 116, 132, 136, 138, 140, 142, 144, 160, 164, 166,
    168, 174, 182, 184, 190, 194, 196, 198, 216, 230, 240, 244, 254, 258, 276,
    284, 290, 296
[2] 4, 16, 22, 26, 32, 40, 42, 44, 54, 60, 74, 76, 80, 82, 94, 96, 100, 102,
    114, 118, 122, 134, 154, 156, 158, 172, 176, 180, 192, 200, 210, 214, 218,
    224, 226, 228, 238, 262, 266, 268, 272, 274, 280, 294
[3] 6, 10, 14, 18, 24, 34, 52, 68, 70, 108, 120, 126, 128, 146, 148, 170, 178,
    188, 202, 204, 206, 208, 212, 232, 234, 246, 248, 250, 252, 256, 260, 264,
    270, 286, 292
[4] 0, 2, 8, 48, 56, 78, 124, 130, 150, 152, 162, 186, 220, 222, 236, 242,
    278, 282, 288

Reassigned labels

Runtime: 0.10011601448059082

Performance split_log:

IM without threshold:
Map:
{"O_0": "O", "O_1": "O", "O_2": "O", "O_3": "O", "O_4": "O"}
token_fitness
{"perc_fit_traces": 100.0, "average_trace_fitness": 1.0, "log_fitness": 1.0, "percentage_of_fitting_traces": 100.0}
precision
0.9470829068577278
0.7692307692307694
generalization
0.9321524763371617

Adjusted Rand Index:
0.016552699720124894



Parameters of this run:

Window size: 5
Threshold for edges: 0
Split candidates: O
Max number of traces: 5000000
Method for distance calculation: Distance.EDIT_DISTANCE
Method for finding clusters: ClusteringMethod.COMMUNITY_DETECTION
Original log location: ./data/noImprInLoop_default_OD\feb16-1625\logs\J_1_LogD_Sequence_feb16-1625.xes.gz
Use frequency: True

Found communities: 

Clustering with 298 elements and 3 clusters
[0] 4, 5, 6, 7, 10, 11, 12, 13, 14, 15, 16, 17, 18, 19, 20, 21, 22, 23, 24,
    25, 26, 27, 28, 29, 30, 31, 32, 33, 34, 35, 36, 37, 38, 39, 40, 41, 42,
    43, 44, 45, 46, 47, 50, 51, 52, 53, 54, 55, 58, 59, 60, 61, 62, 63, 64,
    65, 66, 67, 68, 69, 70, 71, 72, 73, 74, 75, 76, 77, 80, 81, 82, 83, 84,
    85, 86, 87, 88, 89, 90, 91, 92, 93, 94, 95, 96, 97, 98, 99, 100, 101, 102,
    103, 104, 105, 106, 107, 108, 109, 110, 111, 112, 113, 114, 115, 116, 117,
    118, 119, 120, 121, 122, 123, 126, 127, 128, 129, 132, 133, 134, 135, 136,
    137, 138, 139, 140, 141, 142, 143, 144, 145, 146, 147, 148, 149, 154, 155,
    156, 157, 158, 159, 160, 161, 164, 165, 166, 167, 168, 169, 170, 171, 172,
    173, 174, 175, 176, 177, 178, 179, 180, 181, 182, 183, 184, 185, 188, 189,
    190, 191, 192, 193, 194, 195, 196, 197, 198, 199, 200, 201, 202, 203, 204,
    205, 206, 207, 208, 209, 210, 211, 212, 213, 214, 215, 216, 217, 218, 219,
    224, 225, 226, 227, 228, 229, 230, 231, 232, 233, 234, 235, 238, 239, 240,
    241, 244, 245, 246, 247, 248, 249, 250, 251, 252, 253, 254, 255, 256, 257,
    258, 259, 260, 261, 262, 263, 264, 265, 266, 267, 268, 269, 270, 271, 272,
    273, 274, 275, 276, 277, 280, 281, 284, 285, 286, 287, 290, 291, 292, 293,
    294, 295, 296, 297
[1] 1, 3, 9, 49, 57, 79, 125, 131, 151, 153, 163, 187, 221, 223, 237, 243,
    279, 283, 289
[2] 0, 2, 8, 48, 56, 78, 124, 130, 150, 152, 162, 186, 220, 222, 236, 242,
    278, 282, 288

Reassigned labels

Runtime: 0.11499786376953125

Performance split_log:

IM without threshold:
Map:
{"O_0": "O", "O_1": "O", "O_2": "O"}
token_fitness
{"perc_fit_traces": 100.0, "average_trace_fitness": 1.0, "log_fitness": 1.0, "percentage_of_fitting_traces": 100.0}
precision
0.9470829068577278
0.7575757575757577
generalization
0.8710759096370538

Adjusted Rand Index:
-0.0015104528685235016



Parameters of this run:

Window size: 5
Threshold for edges: 0.25
Split candidates: O
Max number of traces: 5000000
Method for distance calculation: Distance.EDIT_DISTANCE
Method for finding clusters: ClusteringMethod.COMMUNITY_DETECTION
Original log location: ./data/noImprInLoop_default_OD\feb16-1625\logs\J_1_LogD_Sequence_feb16-1625.xes.gz
Use frequency: True

Found communities: 

Clustering with 298 elements and 3 clusters
[0] 4, 5, 6, 7, 10, 11, 12, 13, 14, 15, 16, 17, 18, 19, 20, 21, 22, 23, 24,
    25, 26, 27, 28, 29, 30, 31, 32, 33, 34, 35, 36, 37, 38, 39, 40, 41, 42,
    43, 44, 45, 46, 47, 50, 51, 52, 53, 54, 55, 58, 59, 60, 61, 62, 63, 64,
    65, 66, 67, 68, 69, 70, 71, 72, 73, 74, 75, 76, 77, 80, 81, 82, 83, 84,
    85, 86, 87, 88, 89, 90, 91, 92, 93, 94, 95, 96, 97, 98, 99, 100, 101, 102,
    103, 104, 105, 106, 107, 108, 109, 110, 111, 112, 113, 114, 115, 116, 117,
    118, 119, 120, 121, 122, 123, 126, 127, 128, 129, 132, 133, 134, 135, 136,
    137, 138, 139, 140, 141, 142, 143, 144, 145, 146, 147, 148, 149, 154, 155,
    156, 157, 158, 159, 160, 161, 164, 165, 166, 167, 168, 169, 170, 171, 172,
    173, 174, 175, 176, 177, 178, 179, 180, 181, 182, 183, 184, 185, 188, 189,
    190, 191, 192, 193, 194, 195, 196, 197, 198, 199, 200, 201, 202, 203, 204,
    205, 206, 207, 208, 209, 210, 211, 212, 213, 214, 215, 216, 217, 218, 219,
    224, 225, 226, 227, 228, 229, 230, 231, 232, 233, 234, 235, 238, 239, 240,
    241, 244, 245, 246, 247, 248, 249, 250, 251, 252, 253, 254, 255, 256, 257,
    258, 259, 260, 261, 262, 263, 264, 265, 266, 267, 268, 269, 270, 271, 272,
    273, 274, 275, 276, 277, 280, 281, 284, 285, 286, 287, 290, 291, 292, 293,
    294, 295, 296, 297
[1] 1, 3, 9, 49, 57, 79, 125, 131, 151, 153, 163, 187, 221, 223, 237, 243,
    279, 283, 289
[2] 0, 2, 8, 48, 56, 78, 124, 130, 150, 152, 162, 186, 220, 222, 236, 242,
    278, 282, 288

Reassigned labels

Runtime: 0.10992121696472168

Performance split_log:

IM without threshold:
Map:
{"O_0": "O", "O_1": "O", "O_2": "O"}
token_fitness
{"perc_fit_traces": 100.0, "average_trace_fitness": 1.0, "log_fitness": 1.0, "percentage_of_fitting_traces": 100.0}
precision
0.9470829068577278
0.7575757575757577
generalization
0.8710759096370538

Adjusted Rand Index:
-0.0015104528685235016



Parameters of this run:

Window size: 5
Threshold for edges: 0.5
Split candidates: O
Max number of traces: 5000000
Method for distance calculation: Distance.EDIT_DISTANCE
Method for finding clusters: ClusteringMethod.COMMUNITY_DETECTION
Original log location: ./data/noImprInLoop_default_OD\feb16-1625\logs\J_1_LogD_Sequence_feb16-1625.xes.gz
Use frequency: True

Found communities: 

Clustering with 298 elements and 3 clusters
[0] 4, 5, 6, 7, 10, 11, 12, 13, 14, 15, 16, 17, 18, 19, 20, 21, 22, 23, 24,
    25, 26, 27, 28, 29, 30, 31, 32, 33, 34, 35, 36, 37, 38, 39, 40, 41, 42,
    43, 44, 45, 46, 47, 50, 51, 52, 53, 54, 55, 58, 59, 60, 61, 62, 63, 64,
    65, 66, 67, 68, 69, 70, 71, 72, 73, 74, 75, 76, 77, 80, 81, 82, 83, 84,
    85, 86, 87, 88, 89, 90, 91, 92, 93, 94, 95, 96, 97, 98, 99, 100, 101, 102,
    103, 104, 105, 106, 107, 108, 109, 110, 111, 112, 113, 114, 115, 116, 117,
    118, 119, 120, 121, 122, 123, 126, 127, 128, 129, 132, 133, 134, 135, 136,
    137, 138, 139, 140, 141, 142, 143, 144, 145, 146, 147, 148, 149, 154, 155,
    156, 157, 158, 159, 160, 161, 164, 165, 166, 167, 168, 169, 170, 171, 172,
    173, 174, 175, 176, 177, 178, 179, 180, 181, 182, 183, 184, 185, 188, 189,
    190, 191, 192, 193, 194, 195, 196, 197, 198, 199, 200, 201, 202, 203, 204,
    205, 206, 207, 208, 209, 210, 211, 212, 213, 214, 215, 216, 217, 218, 219,
    224, 225, 226, 227, 228, 229, 230, 231, 232, 233, 234, 235, 238, 239, 240,
    241, 244, 245, 246, 247, 248, 249, 250, 251, 252, 253, 254, 255, 256, 257,
    258, 259, 260, 261, 262, 263, 264, 265, 266, 267, 268, 269, 270, 271, 272,
    273, 274, 275, 276, 277, 280, 281, 284, 285, 286, 287, 290, 291, 292, 293,
    294, 295, 296, 297
[1] 1, 3, 9, 49, 57, 79, 125, 131, 151, 153, 163, 187, 221, 223, 237, 243,
    279, 283, 289
[2] 0, 2, 8, 48, 56, 78, 124, 130, 150, 152, 162, 186, 220, 222, 236, 242,
    278, 282, 288

Reassigned labels

Runtime: 0.11199736595153809

Performance split_log:

IM without threshold:
Map:
{"O_0": "O", "O_1": "O", "O_2": "O"}
token_fitness
{"perc_fit_traces": 100.0, "average_trace_fitness": 1.0, "log_fitness": 1.0, "percentage_of_fitting_traces": 100.0}
precision
0.9470829068577278
0.7575757575757577
generalization
0.8015753187933639

Adjusted Rand Index:
-0.0015104528685235016



Parameters of this run:

Window size: 5
Threshold for edges: 0.75
Split candidates: O
Max number of traces: 5000000
Method for distance calculation: Distance.EDIT_DISTANCE
Method for finding clusters: ClusteringMethod.COMMUNITY_DETECTION
Original log location: ./data/noImprInLoop_default_OD\feb16-1625\logs\J_1_LogD_Sequence_feb16-1625.xes.gz
Use frequency: True

Found communities: 

Clustering with 298 elements and 3 clusters
[0] 1, 3, 5, 7, 9, 11, 13, 15, 17, 19, 21, 23, 25, 27, 29, 31, 33, 35, 37, 39,
    41, 43, 45, 47, 49, 51, 53, 55, 57, 59, 61, 63, 65, 67, 69, 71, 73, 75,
    77, 79, 81, 83, 85, 87, 89, 91, 93, 95, 97, 99, 101, 103, 105, 107, 109,
    111, 113, 115, 117, 119, 121, 123, 125, 127, 129, 131, 133, 135, 137, 139,
    141, 143, 145, 147, 149, 151, 153, 155, 157, 159, 161, 163, 165, 167, 169,
    171, 173, 175, 177, 179, 181, 183, 185, 187, 189, 191, 193, 195, 197, 199,
    201, 203, 205, 207, 209, 211, 213, 215, 217, 219, 221, 223, 225, 227, 229,
    231, 233, 235, 237, 239, 241, 243, 245, 247, 249, 251, 253, 255, 257, 259,
    261, 263, 265, 267, 269, 271, 273, 275, 277, 279, 281, 283, 285, 287, 289,
    291, 293, 295, 297
[1] 4, 6, 10, 12, 14, 16, 18, 20, 22, 24, 26, 28, 30, 32, 34, 36, 38, 40, 42,
    44, 46, 50, 52, 54, 58, 60, 62, 64, 66, 68, 70, 72, 74, 76, 80, 82, 84,
    86, 88, 90, 92, 94, 96, 98, 100, 102, 104, 106, 108, 110, 112, 114, 116,
    118, 120, 122, 126, 128, 132, 134, 136, 138, 140, 142, 144, 146, 148, 154,
    156, 158, 160, 164, 166, 168, 170, 172, 174, 176, 178, 180, 182, 184, 188,
    190, 192, 194, 196, 198, 200, 202, 204, 206, 208, 210, 212, 214, 216, 218,
    224, 226, 228, 230, 232, 234, 238, 240, 244, 246, 248, 250, 252, 254, 256,
    258, 260, 262, 264, 266, 268, 270, 272, 274, 276, 280, 284, 286, 290, 292,
    294, 296
[2] 0, 2, 8, 48, 56, 78, 124, 130, 150, 152, 162, 186, 220, 222, 236, 242,
    278, 282, 288

Reassigned labels

Runtime: 0.10782694816589355

Performance split_log:

IM without threshold:
Map:
{"O_0": "O", "O_1": "O", "O_2": "O"}
token_fitness
{"perc_fit_traces": 100.0, "average_trace_fitness": 1.0, "log_fitness": 1.0, "percentage_of_fitting_traces": 100.0}
precision
0.9470829068577278
0.7692307692307694
generalization
0.9321524763371617

Adjusted Rand Index:
0.016552699720124894



Parameters of this run:

Window size: 5
Threshold for edges: 1
Split candidates: O
Max number of traces: 5000000
Method for distance calculation: Distance.EDIT_DISTANCE
Method for finding clusters: ClusteringMethod.COMMUNITY_DETECTION
Original log location: ./data/noImprInLoop_default_OD\feb16-1625\logs\J_1_LogD_Sequence_feb16-1625.xes.gz
Use frequency: True

Found communities: 

Clustering with 298 elements and 8 clusters
[0] 12, 20, 28, 30, 36, 38, 46, 50, 58, 62, 64, 66, 72, 84, 86, 88, 90, 92,
    98, 104, 106, 110, 112, 116, 132, 136, 138, 140, 142, 144, 160, 164, 166,
    168, 174, 182, 184, 190, 194, 196, 198, 216, 230, 240, 244, 254, 258, 276,
    284, 290, 296
[1] 13, 21, 29, 31, 37, 39, 47, 51, 59, 63, 65, 67, 73, 85, 87, 89, 91, 93,
    99, 105, 107, 111, 113, 117, 133, 137, 139, 141, 143, 145, 161, 165, 167,
    169, 175, 183, 185, 191, 195, 197, 199, 217, 231, 241, 245, 255, 259, 277,
    285, 291, 297
[2] 4, 16, 22, 26, 32, 40, 42, 44, 54, 60, 74, 76, 80, 82, 94, 96, 100, 102,
    114, 118, 122, 134, 154, 156, 158, 172, 176, 180, 192, 200, 210, 214, 218,
    224, 226, 228, 238, 262, 266, 268, 272, 274, 280, 294
[3] 5, 17, 23, 27, 33, 41, 43, 45, 55, 61, 75, 77, 81, 83, 95, 97, 101, 103,
    115, 119, 123, 135, 155, 157, 159, 173, 177, 181, 193, 201, 211, 215, 219,
    225, 227, 229, 239, 263, 267, 269, 273, 275, 281, 295
[4] 7, 11, 15, 19, 25, 35, 53, 69, 71, 109, 121, 127, 129, 147, 149, 171, 179,
    189, 203, 205, 207, 209, 213, 233, 235, 247, 249, 251, 253, 257, 261, 265,
    271, 287, 293
[5] 6, 10, 14, 18, 24, 34, 52, 68, 70, 108, 120, 126, 128, 146, 148, 170, 178,
    188, 202, 204, 206, 208, 212, 232, 234, 246, 248, 250, 252, 256, 260, 264,
    270, 286, 292
[6] 1, 3, 9, 49, 57, 79, 125, 131, 151, 153, 163, 187, 221, 223, 237, 243,
    279, 283, 289
[7] 0, 2, 8, 48, 56, 78, 124, 130, 150, 152, 162, 186, 220, 222, 236, 242,
    278, 282, 288

Reassigned labels

Runtime: 0.09399676322937012

Performance split_log:

IM without threshold:
Map:
{"O_0": "O", "O_1": "O", "O_2": "O", "O_3": "O", "O_4": "O", "O_5": "O", "O_6": "O", "O_7": "O"}
token_fitness
{"perc_fit_traces": 0.0, "average_trace_fitness": 0.8540819248582796, "log_fitness": 0.875404933964615, "percentage_of_fitting_traces": 0.0}
precision
0.9442286947141316
0.7391304347826086
generalization
0.6740772190636526

Adjusted Rand Index:
0.002995384886211455



Parameters of this run:

Window size: 5
Threshold for edges: 0
Split candidates: O
Max number of traces: 5000000
Method for distance calculation: Distance.SET_DISTANCE
Method for finding clusters: ClusteringMethod.COMMUNITY_DETECTION
Original log location: ./data/noImprInLoop_default_OD\feb16-1625\logs\J_1_LogD_Sequence_feb16-1625.xes.gz
Use frequency: True

Found communities: 

Clustering with 298 elements and 3 clusters
[0] 4, 5, 6, 7, 10, 11, 12, 13, 14, 15, 16, 17, 18, 19, 20, 21, 22, 23, 24,
    25, 26, 27, 28, 29, 30, 31, 32, 33, 34, 35, 36, 37, 38, 39, 40, 41, 42,
    43, 44, 45, 46, 47, 50, 51, 52, 53, 54, 55, 58, 59, 60, 61, 62, 63, 64,
    65, 66, 67, 68, 69, 70, 71, 72, 73, 74, 75, 76, 77, 80, 81, 82, 83, 84,
    85, 86, 87, 88, 89, 90, 91, 92, 93, 94, 95, 96, 97, 98, 99, 100, 101, 102,
    103, 104, 105, 106, 107, 108, 109, 110, 111, 112, 113, 114, 115, 116, 117,
    118, 119, 120, 121, 122, 123, 126, 127, 128, 129, 132, 133, 134, 135, 136,
    137, 138, 139, 140, 141, 142, 143, 144, 145, 146, 147, 148, 149, 154, 155,
    156, 157, 158, 159, 160, 161, 164, 165, 166, 167, 168, 169, 170, 171, 172,
    173, 174, 175, 176, 177, 178, 179, 180, 181, 182, 183, 184, 185, 188, 189,
    190, 191, 192, 193, 194, 195, 196, 197, 198, 199, 200, 201, 202, 203, 204,
    205, 206, 207, 208, 209, 210, 211, 212, 213, 214, 215, 216, 217, 218, 219,
    224, 225, 226, 227, 228, 229, 230, 231, 232, 233, 234, 235, 238, 239, 240,
    241, 244, 245, 246, 247, 248, 249, 250, 251, 252, 253, 254, 255, 256, 257,
    258, 259, 260, 261, 262, 263, 264, 265, 266, 267, 268, 269, 270, 271, 272,
    273, 274, 275, 276, 277, 280, 281, 284, 285, 286, 287, 290, 291, 292, 293,
    294, 295, 296, 297
[1] 1, 3, 9, 49, 57, 79, 125, 131, 151, 153, 163, 187, 221, 223, 237, 243,
    279, 283, 289
[2] 0, 2, 8, 48, 56, 78, 124, 130, 150, 152, 162, 186, 220, 222, 236, 242,
    278, 282, 288

Reassigned labels

Runtime: 0.11399555206298828

Performance split_log:

IM without threshold:
Map:
{"O_0": "O", "O_1": "O", "O_2": "O"}
token_fitness
{"perc_fit_traces": 100.0, "average_trace_fitness": 1.0, "log_fitness": 1.0, "percentage_of_fitting_traces": 100.0}
precision
0.9470829068577278
0.7575757575757577
generalization
0.8710759096370538

Adjusted Rand Index:
-0.0015104528685235016



Parameters of this run:

Window size: 5
Threshold for edges: 0.25
Split candidates: O
Max number of traces: 5000000
Method for distance calculation: Distance.SET_DISTANCE
Method for finding clusters: ClusteringMethod.COMMUNITY_DETECTION
Original log location: ./data/noImprInLoop_default_OD\feb16-1625\logs\J_1_LogD_Sequence_feb16-1625.xes.gz
Use frequency: True

Found communities: 

Clustering with 298 elements and 3 clusters
[0] 4, 5, 6, 7, 10, 11, 12, 13, 14, 15, 16, 17, 18, 19, 20, 21, 22, 23, 24,
    25, 26, 27, 28, 29, 30, 31, 32, 33, 34, 35, 36, 37, 38, 39, 40, 41, 42,
    43, 44, 45, 46, 47, 50, 51, 52, 53, 54, 55, 58, 59, 60, 61, 62, 63, 64,
    65, 66, 67, 68, 69, 70, 71, 72, 73, 74, 75, 76, 77, 80, 81, 82, 83, 84,
    85, 86, 87, 88, 89, 90, 91, 92, 93, 94, 95, 96, 97, 98, 99, 100, 101, 102,
    103, 104, 105, 106, 107, 108, 109, 110, 111, 112, 113, 114, 115, 116, 117,
    118, 119, 120, 121, 122, 123, 126, 127, 128, 129, 132, 133, 134, 135, 136,
    137, 138, 139, 140, 141, 142, 143, 144, 145, 146, 147, 148, 149, 154, 155,
    156, 157, 158, 159, 160, 161, 164, 165, 166, 167, 168, 169, 170, 171, 172,
    173, 174, 175, 176, 177, 178, 179, 180, 181, 182, 183, 184, 185, 188, 189,
    190, 191, 192, 193, 194, 195, 196, 197, 198, 199, 200, 201, 202, 203, 204,
    205, 206, 207, 208, 209, 210, 211, 212, 213, 214, 215, 216, 217, 218, 219,
    224, 225, 226, 227, 228, 229, 230, 231, 232, 233, 234, 235, 238, 239, 240,
    241, 244, 245, 246, 247, 248, 249, 250, 251, 252, 253, 254, 255, 256, 257,
    258, 259, 260, 261, 262, 263, 264, 265, 266, 267, 268, 269, 270, 271, 272,
    273, 274, 275, 276, 277, 280, 281, 284, 285, 286, 287, 290, 291, 292, 293,
    294, 295, 296, 297
[1] 1, 3, 9, 49, 57, 79, 125, 131, 151, 153, 163, 187, 221, 223, 237, 243,
    279, 283, 289
[2] 0, 2, 8, 48, 56, 78, 124, 130, 150, 152, 162, 186, 220, 222, 236, 242,
    278, 282, 288

Reassigned labels

Runtime: 0.10899662971496582

Performance split_log:

IM without threshold:
Map:
{"O_0": "O", "O_1": "O", "O_2": "O"}
token_fitness
{"perc_fit_traces": 0.0, "average_trace_fitness": 0.8650099989165189, "log_fitness": 0.8827117053718039, "percentage_of_fitting_traces": 0.0}
precision
0.9442286947141316
0.7575757575757577
generalization
0.7327363062944372

Adjusted Rand Index:
-0.0015104528685235016



Parameters of this run:

Window size: 5
Threshold for edges: 0.5
Split candidates: O
Max number of traces: 5000000
Method for distance calculation: Distance.SET_DISTANCE
Method for finding clusters: ClusteringMethod.COMMUNITY_DETECTION
Original log location: ./data/noImprInLoop_default_OD\feb16-1625\logs\J_1_LogD_Sequence_feb16-1625.xes.gz
Use frequency: True

Found communities: 

Clustering with 298 elements and 3 clusters
[0] 4, 5, 6, 7, 10, 11, 12, 13, 14, 15, 16, 17, 18, 19, 20, 21, 22, 23, 24,
    25, 26, 27, 28, 29, 30, 31, 32, 33, 34, 35, 36, 37, 38, 39, 40, 41, 42,
    43, 44, 45, 46, 47, 50, 51, 52, 53, 54, 55, 58, 59, 60, 61, 62, 63, 64,
    65, 66, 67, 68, 69, 70, 71, 72, 73, 74, 75, 76, 77, 80, 81, 82, 83, 84,
    85, 86, 87, 88, 89, 90, 91, 92, 93, 94, 95, 96, 97, 98, 99, 100, 101, 102,
    103, 104, 105, 106, 107, 108, 109, 110, 111, 112, 113, 114, 115, 116, 117,
    118, 119, 120, 121, 122, 123, 126, 127, 128, 129, 132, 133, 134, 135, 136,
    137, 138, 139, 140, 141, 142, 143, 144, 145, 146, 147, 148, 149, 154, 155,
    156, 157, 158, 159, 160, 161, 164, 165, 166, 167, 168, 169, 170, 171, 172,
    173, 174, 175, 176, 177, 178, 179, 180, 181, 182, 183, 184, 185, 188, 189,
    190, 191, 192, 193, 194, 195, 196, 197, 198, 199, 200, 201, 202, 203, 204,
    205, 206, 207, 208, 209, 210, 211, 212, 213, 214, 215, 216, 217, 218, 219,
    224, 225, 226, 227, 228, 229, 230, 231, 232, 233, 234, 235, 238, 239, 240,
    241, 244, 245, 246, 247, 248, 249, 250, 251, 252, 253, 254, 255, 256, 257,
    258, 259, 260, 261, 262, 263, 264, 265, 266, 267, 268, 269, 270, 271, 272,
    273, 274, 275, 276, 277, 280, 281, 284, 285, 286, 287, 290, 291, 292, 293,
    294, 295, 296, 297
[1] 1, 3, 9, 49, 57, 79, 125, 131, 151, 153, 163, 187, 221, 223, 237, 243,
    279, 283, 289
[2] 0, 2, 8, 48, 56, 78, 124, 130, 150, 152, 162, 186, 220, 222, 236, 242,
    278, 282, 288

Reassigned labels

Runtime: 0.10899758338928223

Performance split_log:

IM without threshold:
Map:
{"O_0": "O", "O_1": "O", "O_2": "O"}
token_fitness
{"perc_fit_traces": 100.0, "average_trace_fitness": 1.0, "log_fitness": 1.0, "percentage_of_fitting_traces": 100.0}
precision
0.9470829068577278
0.7575757575757577
generalization
0.8710759096370538

Adjusted Rand Index:
-0.0015104528685235016



Parameters of this run:

Window size: 5
Threshold for edges: 0.75
Split candidates: O
Max number of traces: 5000000
Method for distance calculation: Distance.SET_DISTANCE
Method for finding clusters: ClusteringMethod.COMMUNITY_DETECTION
Original log location: ./data/noImprInLoop_default_OD\feb16-1625\logs\J_1_LogD_Sequence_feb16-1625.xes.gz
Use frequency: True

Found communities: 

Clustering with 298 elements and 2 clusters
[0] 4, 5, 6, 7, 10, 11, 12, 13, 14, 15, 16, 17, 18, 19, 20, 21, 22, 23, 24,
    25, 26, 27, 28, 29, 30, 31, 32, 33, 34, 35, 36, 37, 38, 39, 40, 41, 42,
    43, 44, 45, 46, 47, 50, 51, 52, 53, 54, 55, 58, 59, 60, 61, 62, 63, 64,
    65, 66, 67, 68, 69, 70, 71, 72, 73, 74, 75, 76, 77, 80, 81, 82, 83, 84,
    85, 86, 87, 88, 89, 90, 91, 92, 93, 94, 95, 96, 97, 98, 99, 100, 101, 102,
    103, 104, 105, 106, 107, 108, 109, 110, 111, 112, 113, 114, 115, 116, 117,
    118, 119, 120, 121, 122, 123, 126, 127, 128, 129, 132, 133, 134, 135, 136,
    137, 138, 139, 140, 141, 142, 143, 144, 145, 146, 147, 148, 149, 154, 155,
    156, 157, 158, 159, 160, 161, 164, 165, 166, 167, 168, 169, 170, 171, 172,
    173, 174, 175, 176, 177, 178, 179, 180, 181, 182, 183, 184, 185, 188, 189,
    190, 191, 192, 193, 194, 195, 196, 197, 198, 199, 200, 201, 202, 203, 204,
    205, 206, 207, 208, 209, 210, 211, 212, 213, 214, 215, 216, 217, 218, 219,
    224, 225, 226, 227, 228, 229, 230, 231, 232, 233, 234, 235, 238, 239, 240,
    241, 244, 245, 246, 247, 248, 249, 250, 251, 252, 253, 254, 255, 256, 257,
    258, 259, 260, 261, 262, 263, 264, 265, 266, 267, 268, 269, 270, 271, 272,
    273, 274, 275, 276, 277, 280, 281, 284, 285, 286, 287, 290, 291, 292, 293,
    294, 295, 296, 297
[1] 0, 1, 2, 3, 8, 9, 48, 49, 56, 57, 78, 79, 124, 125, 130, 131, 150, 151,
    152, 153, 162, 163, 186, 187, 220, 221, 222, 223, 236, 237, 242, 243, 278,
    279, 282, 283, 288, 289

Reassigned labels

Runtime: 0.10799717903137207

Performance split_log:

IM without threshold:
Map:
{"O_0": "O", "O_1": "O"}
token_fitness
{"perc_fit_traces": 100.0, "average_trace_fitness": 1.0, "log_fitness": 1.0, "percentage_of_fitting_traces": 100.0}
precision
0.9470829068577278
0.7464788732394366
generalization
0.8130041823279169

Adjusted Rand Index:
-0.0015006492434401501



Parameters of this run:

Window size: 5
Threshold for edges: 1
Split candidates: O
Max number of traces: 5000000
Method for distance calculation: Distance.SET_DISTANCE
Method for finding clusters: ClusteringMethod.COMMUNITY_DETECTION
Original log location: ./data/noImprInLoop_default_OD\feb16-1625\logs\J_1_LogD_Sequence_feb16-1625.xes.gz
Use frequency: True

Found communities: 

Clustering with 298 elements and 8 clusters
[0] 12, 20, 28, 30, 36, 38, 46, 50, 58, 62, 64, 66, 72, 84, 86, 88, 90, 92,
    98, 104, 106, 110, 112, 116, 132, 136, 138, 140, 142, 144, 160, 164, 166,
    168, 174, 182, 184, 190, 194, 196, 198, 216, 230, 240, 244, 254, 258, 276,
    284, 290, 296
[1] 13, 21, 29, 31, 37, 39, 47, 51, 59, 63, 65, 67, 73, 85, 87, 89, 91, 93,
    99, 105, 107, 111, 113, 117, 133, 137, 139, 141, 143, 145, 161, 165, 167,
    169, 175, 183, 185, 191, 195, 197, 199, 217, 231, 241, 245, 255, 259, 277,
    285, 291, 297
[2] 4, 16, 22, 26, 32, 40, 42, 44, 54, 60, 74, 76, 80, 82, 94, 96, 100, 102,
    114, 118, 122, 134, 154, 156, 158, 172, 176, 180, 192, 200, 210, 214, 218,
    224, 226, 228, 238, 262, 266, 268, 272, 274, 280, 294
[3] 5, 17, 23, 27, 33, 41, 43, 45, 55, 61, 75, 77, 81, 83, 95, 97, 101, 103,
    115, 119, 123, 135, 155, 157, 159, 173, 177, 181, 193, 201, 211, 215, 219,
    225, 227, 229, 239, 263, 267, 269, 273, 275, 281, 295
[4] 7, 11, 15, 19, 25, 35, 53, 69, 71, 109, 121, 127, 129, 147, 149, 171, 179,
    189, 203, 205, 207, 209, 213, 233, 235, 247, 249, 251, 253, 257, 261, 265,
    271, 287, 293
[5] 6, 10, 14, 18, 24, 34, 52, 68, 70, 108, 120, 126, 128, 146, 148, 170, 178,
    188, 202, 204, 206, 208, 212, 232, 234, 246, 248, 250, 252, 256, 260, 264,
    270, 286, 292
[6] 1, 3, 9, 49, 57, 79, 125, 131, 151, 153, 163, 187, 221, 223, 237, 243,
    279, 283, 289
[7] 0, 2, 8, 48, 56, 78, 124, 130, 150, 152, 162, 186, 220, 222, 236, 242,
    278, 282, 288

Reassigned labels

Runtime: 0.09699678421020508

Performance split_log:

IM without threshold:
Map:
{"O_0": "O", "O_1": "O", "O_2": "O", "O_3": "O", "O_4": "O", "O_5": "O", "O_6": "O", "O_7": "O"}
token_fitness
{"perc_fit_traces": 0.0, "average_trace_fitness": 0.8540819248582796, "log_fitness": 0.875404933964615, "percentage_of_fitting_traces": 0.0}
precision
0.9442286947141316
0.7391304347826086
generalization
0.6740772190636526

Adjusted Rand Index:
0.002995384886211455



Parameters of this run:

Window size: 5
Threshold for edges: 0
Split candidates: O
Max number of traces: 5000000
Method for distance calculation: Distance.MULTISET_DISTANCE
Method for finding clusters: ClusteringMethod.COMMUNITY_DETECTION
Original log location: ./data/noImprInLoop_default_OD\feb16-1625\logs\J_1_LogD_Sequence_feb16-1625.xes.gz
Use frequency: True

Found communities: 

Clustering with 298 elements and 3 clusters
[0] 4, 5, 6, 7, 10, 11, 12, 13, 14, 15, 16, 17, 18, 19, 20, 21, 22, 23, 24,
    25, 26, 27, 28, 29, 30, 31, 32, 33, 34, 35, 36, 37, 38, 39, 40, 41, 42,
    43, 44, 45, 46, 47, 50, 51, 52, 53, 54, 55, 58, 59, 60, 61, 62, 63, 64,
    65, 66, 67, 68, 69, 70, 71, 72, 73, 74, 75, 76, 77, 80, 81, 82, 83, 84,
    85, 86, 87, 88, 89, 90, 91, 92, 93, 94, 95, 96, 97, 98, 99, 100, 101, 102,
    103, 104, 105, 106, 107, 108, 109, 110, 111, 112, 113, 114, 115, 116, 117,
    118, 119, 120, 121, 122, 123, 126, 127, 128, 129, 132, 133, 134, 135, 136,
    137, 138, 139, 140, 141, 142, 143, 144, 145, 146, 147, 148, 149, 154, 155,
    156, 157, 158, 159, 160, 161, 164, 165, 166, 167, 168, 169, 170, 171, 172,
    173, 174, 175, 176, 177, 178, 179, 180, 181, 182, 183, 184, 185, 188, 189,
    190, 191, 192, 193, 194, 195, 196, 197, 198, 199, 200, 201, 202, 203, 204,
    205, 206, 207, 208, 209, 210, 211, 212, 213, 214, 215, 216, 217, 218, 219,
    224, 225, 226, 227, 228, 229, 230, 231, 232, 233, 234, 235, 238, 239, 240,
    241, 244, 245, 246, 247, 248, 249, 250, 251, 252, 253, 254, 255, 256, 257,
    258, 259, 260, 261, 262, 263, 264, 265, 266, 267, 268, 269, 270, 271, 272,
    273, 274, 275, 276, 277, 280, 281, 284, 285, 286, 287, 290, 291, 292, 293,
    294, 295, 296, 297
[1] 1, 3, 9, 49, 57, 79, 125, 131, 151, 153, 163, 187, 221, 223, 237, 243,
    279, 283, 289
[2] 0, 2, 8, 48, 56, 78, 124, 130, 150, 152, 162, 186, 220, 222, 236, 242,
    278, 282, 288

Reassigned labels

Runtime: 0.11199808120727539

Performance split_log:

IM without threshold:
Map:
{"O_0": "O", "O_1": "O", "O_2": "O"}
token_fitness
{"perc_fit_traces": 100.0, "average_trace_fitness": 1.0, "log_fitness": 1.0, "percentage_of_fitting_traces": 100.0}
precision
0.9470829068577278
0.7575757575757577
generalization
0.8015753187933639

Adjusted Rand Index:
-0.0015104528685235016



Parameters of this run:

Window size: 5
Threshold for edges: 0.25
Split candidates: O
Max number of traces: 5000000
Method for distance calculation: Distance.MULTISET_DISTANCE
Method for finding clusters: ClusteringMethod.COMMUNITY_DETECTION
Original log location: ./data/noImprInLoop_default_OD\feb16-1625\logs\J_1_LogD_Sequence_feb16-1625.xes.gz
Use frequency: True

Found communities: 

Clustering with 298 elements and 3 clusters
[0] 4, 5, 6, 7, 10, 11, 12, 13, 14, 15, 16, 17, 18, 19, 20, 21, 22, 23, 24,
    25, 26, 27, 28, 29, 30, 31, 32, 33, 34, 35, 36, 37, 38, 39, 40, 41, 42,
    43, 44, 45, 46, 47, 50, 51, 52, 53, 54, 55, 58, 59, 60, 61, 62, 63, 64,
    65, 66, 67, 68, 69, 70, 71, 72, 73, 74, 75, 76, 77, 80, 81, 82, 83, 84,
    85, 86, 87, 88, 89, 90, 91, 92, 93, 94, 95, 96, 97, 98, 99, 100, 101, 102,
    103, 104, 105, 106, 107, 108, 109, 110, 111, 112, 113, 114, 115, 116, 117,
    118, 119, 120, 121, 122, 123, 126, 127, 128, 129, 132, 133, 134, 135, 136,
    137, 138, 139, 140, 141, 142, 143, 144, 145, 146, 147, 148, 149, 154, 155,
    156, 157, 158, 159, 160, 161, 164, 165, 166, 167, 168, 169, 170, 171, 172,
    173, 174, 175, 176, 177, 178, 179, 180, 181, 182, 183, 184, 185, 188, 189,
    190, 191, 192, 193, 194, 195, 196, 197, 198, 199, 200, 201, 202, 203, 204,
    205, 206, 207, 208, 209, 210, 211, 212, 213, 214, 215, 216, 217, 218, 219,
    224, 225, 226, 227, 228, 229, 230, 231, 232, 233, 234, 235, 238, 239, 240,
    241, 244, 245, 246, 247, 248, 249, 250, 251, 252, 253, 254, 255, 256, 257,
    258, 259, 260, 261, 262, 263, 264, 265, 266, 267, 268, 269, 270, 271, 272,
    273, 274, 275, 276, 277, 280, 281, 284, 285, 286, 287, 290, 291, 292, 293,
    294, 295, 296, 297
[1] 1, 3, 9, 49, 57, 79, 125, 131, 151, 153, 163, 187, 221, 223, 237, 243,
    279, 283, 289
[2] 0, 2, 8, 48, 56, 78, 124, 130, 150, 152, 162, 186, 220, 222, 236, 242,
    278, 282, 288

Reassigned labels

Runtime: 0.10999846458435059

Performance split_log:

IM without threshold:
Map:
{"O_0": "O", "O_1": "O", "O_2": "O"}
token_fitness
{"perc_fit_traces": 0.0, "average_trace_fitness": 0.8650099989165189, "log_fitness": 0.8827117053718039, "percentage_of_fitting_traces": 0.0}
precision
0.9442286947141316
0.7575757575757577
generalization
0.7327363062944372

Adjusted Rand Index:
-0.0015104528685235016



Parameters of this run:

Window size: 5
Threshold for edges: 0.5
Split candidates: O
Max number of traces: 5000000
Method for distance calculation: Distance.MULTISET_DISTANCE
Method for finding clusters: ClusteringMethod.COMMUNITY_DETECTION
Original log location: ./data/noImprInLoop_default_OD\feb16-1625\logs\J_1_LogD_Sequence_feb16-1625.xes.gz
Use frequency: True

Found communities: 

Clustering with 298 elements and 3 clusters
[0] 4, 5, 6, 7, 10, 11, 12, 13, 14, 15, 16, 17, 18, 19, 20, 21, 22, 23, 24,
    25, 26, 27, 28, 29, 30, 31, 32, 33, 34, 35, 36, 37, 38, 39, 40, 41, 42,
    43, 44, 45, 46, 47, 50, 51, 52, 53, 54, 55, 58, 59, 60, 61, 62, 63, 64,
    65, 66, 67, 68, 69, 70, 71, 72, 73, 74, 75, 76, 77, 80, 81, 82, 83, 84,
    85, 86, 87, 88, 89, 90, 91, 92, 93, 94, 95, 96, 97, 98, 99, 100, 101, 102,
    103, 104, 105, 106, 107, 108, 109, 110, 111, 112, 113, 114, 115, 116, 117,
    118, 119, 120, 121, 122, 123, 126, 127, 128, 129, 132, 133, 134, 135, 136,
    137, 138, 139, 140, 141, 142, 143, 144, 145, 146, 147, 148, 149, 154, 155,
    156, 157, 158, 159, 160, 161, 164, 165, 166, 167, 168, 169, 170, 171, 172,
    173, 174, 175, 176, 177, 178, 179, 180, 181, 182, 183, 184, 185, 188, 189,
    190, 191, 192, 193, 194, 195, 196, 197, 198, 199, 200, 201, 202, 203, 204,
    205, 206, 207, 208, 209, 210, 211, 212, 213, 214, 215, 216, 217, 218, 219,
    224, 225, 226, 227, 228, 229, 230, 231, 232, 233, 234, 235, 238, 239, 240,
    241, 244, 245, 246, 247, 248, 249, 250, 251, 252, 253, 254, 255, 256, 257,
    258, 259, 260, 261, 262, 263, 264, 265, 266, 267, 268, 269, 270, 271, 272,
    273, 274, 275, 276, 277, 280, 281, 284, 285, 286, 287, 290, 291, 292, 293,
    294, 295, 296, 297
[1] 1, 3, 9, 49, 57, 79, 125, 131, 151, 153, 163, 187, 221, 223, 237, 243,
    279, 283, 289
[2] 0, 2, 8, 48, 56, 78, 124, 130, 150, 152, 162, 186, 220, 222, 236, 242,
    278, 282, 288

Reassigned labels

Runtime: 0.11199665069580078

Performance split_log:

IM without threshold:
Map:
{"O_0": "O", "O_1": "O", "O_2": "O"}
token_fitness
{"perc_fit_traces": 100.0, "average_trace_fitness": 1.0, "log_fitness": 1.0, "percentage_of_fitting_traces": 100.0}
precision
0.9470829068577278
0.7575757575757577
generalization
0.8015753187933639

Adjusted Rand Index:
-0.0015104528685235016



Parameters of this run:

Window size: 5
Threshold for edges: 0.75
Split candidates: O
Max number of traces: 5000000
Method for distance calculation: Distance.MULTISET_DISTANCE
Method for finding clusters: ClusteringMethod.COMMUNITY_DETECTION
Original log location: ./data/noImprInLoop_default_OD\feb16-1625\logs\J_1_LogD_Sequence_feb16-1625.xes.gz
Use frequency: True

Found communities: 

Clustering with 298 elements and 2 clusters
[0] 4, 5, 6, 7, 10, 11, 12, 13, 14, 15, 16, 17, 18, 19, 20, 21, 22, 23, 24,
    25, 26, 27, 28, 29, 30, 31, 32, 33, 34, 35, 36, 37, 38, 39, 40, 41, 42,
    43, 44, 45, 46, 47, 50, 51, 52, 53, 54, 55, 58, 59, 60, 61, 62, 63, 64,
    65, 66, 67, 68, 69, 70, 71, 72, 73, 74, 75, 76, 77, 80, 81, 82, 83, 84,
    85, 86, 87, 88, 89, 90, 91, 92, 93, 94, 95, 96, 97, 98, 99, 100, 101, 102,
    103, 104, 105, 106, 107, 108, 109, 110, 111, 112, 113, 114, 115, 116, 117,
    118, 119, 120, 121, 122, 123, 126, 127, 128, 129, 132, 133, 134, 135, 136,
    137, 138, 139, 140, 141, 142, 143, 144, 145, 146, 147, 148, 149, 154, 155,
    156, 157, 158, 159, 160, 161, 164, 165, 166, 167, 168, 169, 170, 171, 172,
    173, 174, 175, 176, 177, 178, 179, 180, 181, 182, 183, 184, 185, 188, 189,
    190, 191, 192, 193, 194, 195, 196, 197, 198, 199, 200, 201, 202, 203, 204,
    205, 206, 207, 208, 209, 210, 211, 212, 213, 214, 215, 216, 217, 218, 219,
    224, 225, 226, 227, 228, 229, 230, 231, 232, 233, 234, 235, 238, 239, 240,
    241, 244, 245, 246, 247, 248, 249, 250, 251, 252, 253, 254, 255, 256, 257,
    258, 259, 260, 261, 262, 263, 264, 265, 266, 267, 268, 269, 270, 271, 272,
    273, 274, 275, 276, 277, 280, 281, 284, 285, 286, 287, 290, 291, 292, 293,
    294, 295, 296, 297
[1] 0, 1, 2, 3, 8, 9, 48, 49, 56, 57, 78, 79, 124, 125, 130, 131, 150, 151,
    152, 153, 162, 163, 186, 187, 220, 221, 222, 223, 236, 237, 242, 243, 278,
    279, 282, 283, 288, 289

Reassigned labels

Runtime: 0.10799789428710938

Performance split_log:

IM without threshold:
Map:
{"O_0": "O", "O_1": "O"}
token_fitness
{"perc_fit_traces": 100.0, "average_trace_fitness": 1.0, "log_fitness": 1.0, "percentage_of_fitting_traces": 100.0}
precision
0.9470829068577278
0.7464788732394366
generalization
0.8130041823279169

Adjusted Rand Index:
-0.0015006492434401501



Parameters of this run:

Window size: 5
Threshold for edges: 1
Split candidates: O
Max number of traces: 5000000
Method for distance calculation: Distance.MULTISET_DISTANCE
Method for finding clusters: ClusteringMethod.COMMUNITY_DETECTION
Original log location: ./data/noImprInLoop_default_OD\feb16-1625\logs\J_1_LogD_Sequence_feb16-1625.xes.gz
Use frequency: True

Found communities: 

Clustering with 298 elements and 8 clusters
[0] 12, 20, 28, 30, 36, 38, 46, 50, 58, 62, 64, 66, 72, 84, 86, 88, 90, 92,
    98, 104, 106, 110, 112, 116, 132, 136, 138, 140, 142, 144, 160, 164, 166,
    168, 174, 182, 184, 190, 194, 196, 198, 216, 230, 240, 244, 254, 258, 276,
    284, 290, 296
[1] 13, 21, 29, 31, 37, 39, 47, 51, 59, 63, 65, 67, 73, 85, 87, 89, 91, 93,
    99, 105, 107, 111, 113, 117, 133, 137, 139, 141, 143, 145, 161, 165, 167,
    169, 175, 183, 185, 191, 195, 197, 199, 217, 231, 241, 245, 255, 259, 277,
    285, 291, 297
[2] 4, 16, 22, 26, 32, 40, 42, 44, 54, 60, 74, 76, 80, 82, 94, 96, 100, 102,
    114, 118, 122, 134, 154, 156, 158, 172, 176, 180, 192, 200, 210, 214, 218,
    224, 226, 228, 238, 262, 266, 268, 272, 274, 280, 294
[3] 5, 17, 23, 27, 33, 41, 43, 45, 55, 61, 75, 77, 81, 83, 95, 97, 101, 103,
    115, 119, 123, 135, 155, 157, 159, 173, 177, 181, 193, 201, 211, 215, 219,
    225, 227, 229, 239, 263, 267, 269, 273, 275, 281, 295
[4] 7, 11, 15, 19, 25, 35, 53, 69, 71, 109, 121, 127, 129, 147, 149, 171, 179,
    189, 203, 205, 207, 209, 213, 233, 235, 247, 249, 251, 253, 257, 261, 265,
    271, 287, 293
[5] 6, 10, 14, 18, 24, 34, 52, 68, 70, 108, 120, 126, 128, 146, 148, 170, 178,
    188, 202, 204, 206, 208, 212, 232, 234, 246, 248, 250, 252, 256, 260, 264,
    270, 286, 292
[6] 1, 3, 9, 49, 57, 79, 125, 131, 151, 153, 163, 187, 221, 223, 237, 243,
    279, 283, 289
[7] 0, 2, 8, 48, 56, 78, 124, 130, 150, 152, 162, 186, 220, 222, 236, 242,
    278, 282, 288

Reassigned labels

Runtime: 0.08699679374694824

Performance split_log:

IM without threshold:
Map:
{"O_0": "O", "O_1": "O", "O_2": "O", "O_3": "O", "O_4": "O", "O_5": "O", "O_6": "O", "O_7": "O"}
token_fitness
{"perc_fit_traces": 0.0, "average_trace_fitness": 0.8540819248582796, "log_fitness": 0.875404933964615, "percentage_of_fitting_traces": 0.0}
precision
0.9442286947141316
0.7391304347826086
generalization
0.6740772190636526

Adjusted Rand Index:
0.002995384886211455

Best precision found:
0.9470829068577278