
 Performance of golden standard model:
token_fitness
{"perc_fit_traces": 38.7, "average_trace_fitness": 0.8591702786377736, "log_fitness": 0.8552513139162021, "percentage_of_fitting_traces": 38.7}
precision
0.996087033853086
0.7358490566037735
generalization
0.9034305087993652

 Xixi split labels:
['L_X_6', 'L_X_7', 'L_X_15', 'L_X_22', 'L_X_9', 'L_X_13', 'L_X_4', 'L_X_18', 'L_X_11', 'L_X_24', 'L_X_1', 'L_X_10', 'L_X_17', 'L_X_21', 'L_X_19', 'L_X_2', 'L_X_20', 'L_X_16', 'L_X_5', 'L_X_12', 'L_X_23', 'L_X_3', 'L_X_8', 'L_X_14']

 Xixi refined log results:

 IM without noise threshold:
token_fitness
{"perc_fit_traces": 100.0, "average_trace_fitness": 1.0, "log_fitness": 1.0, "percentage_of_fitting_traces": 100.0}
precision
0.6300587250551377
0.6000000000000001
generalization
0.562456054199487

 Xixi clustering:
Clustering with 1440 elements and 22 clusters

[ 1] 16, 32, 36, 48, 56, 68, 84, 88, 116, 148, 160, 176, 192, 196, 204, 224,
     232, 272, 280, 292, 296, 304, 320, 324, 360, 372, 384, 436, 464, 476,
     500, 532, 540, 552, 576, 584, 640, 704, 724, 728, 740, 760, 764, 768,
     772, 788, 828, 848, 852, 872, 896, 900, 912, 940, 944, 976, 996, 1020,
     1032, 1040, 1076, 1092, 1104, 1112, 1172, 1184, 1200, 1220, 1224, 1260,
     1276, 1288, 1324, 1340, 1352, 1368, 1388
[ 2] 28, 40, 72, 104, 112, 120, 124, 140, 200, 240, 244, 276, 316, 340, 348,
     352, 356, 368, 388, 392, 404, 412, 428, 456, 524, 652, 688, 732, 736,
     744, 804, 856, 908, 924, 932, 968, 992, 1004, 1012, 1068, 1072, 1084,
     1088, 1096, 1152, 1156, 1160, 1188, 1192, 1268, 1284, 1320, 1328, 1396,
     1416
[ 3] 164, 188, 208, 220, 332, 408, 492, 564, 592, 624, 668, 692, 696, 712,
     860, 884, 888, 904, 916, 1008, 1044, 1056, 1124, 1168, 1216, 1336, 1372
[ 4] 8, 24, 52, 64, 76, 80, 96, 100, 108, 128, 132, 136, 152, 184, 212, 228,
     236, 256, 260, 264, 288, 308, 312, 336, 364, 376, 380, 396, 400, 416,
     432, 440, 460, 468, 488, 512, 516, 536, 568, 572, 600, 604, 608, 612,
     616, 620, 676, 680, 684, 700, 708, 716, 720, 752, 756, 780, 784, 792,
     812, 820, 832, 868, 876, 880, 892, 920, 928, 936, 948, 952, 972, 984,
     988, 1000, 1028, 1036, 1048, 1052, 1080, 1100, 1108, 1116, 1120, 1128,
     1132, 1136, 1148, 1164, 1176, 1180, 1196, 1212, 1228, 1232, 1236, 1240,
     1244, 1252, 1264, 1272, 1292, 1296, 1300, 1304, 1312, 1316, 1332, 1348,
     1356, 1364, 1380, 1392, 1400, 1408, 1412, 1424
[ 5] 60, 92, 156, 180, 216, 328, 344, 444, 452, 472, 496, 504, 508, 528, 580,
     656, 664, 796, 808, 956, 960, 1140, 1248, 1308, 1376, 1404, 1436
[ 6] 0, 4, 12, 20, 37, 44, 69, 85, 144, 168, 172, 205, 233, 248, 252, 268,
     284, 293, 300, 305, 325, 361, 385, 420, 424, 448, 480, 484, 520, 533,
     541, 544, 548, 556, 560, 577, 585, 588, 596, 628, 632, 636, 641, 644,
     648, 660, 672, 748, 761, 776, 800, 816, 824, 836, 840, 844, 853, 864,
     897, 901, 945, 964, 980, 1016, 1024, 1060, 1064, 1077, 1093, 1105, 1144,
     1173, 1185, 1204, 1208, 1225, 1256, 1277, 1280, 1289, 1344, 1353, 1360,
     1369, 1384, 1389, 1420, 1428, 1432

[ 8] 165, 189, 209, 221, 321, 333, 409, 465, 493, 593, 625, 669, 713, 769,
     773, 829, 861, 873, 885, 889, 905, 917, 977, 1009, 1041, 1045, 1113,
     1125, 1261, 1325, 1341
[ 9] 5, 9, 25, 41, 45, 61, 93, 105, 109, 113, 153, 157, 181, 217, 229, 261,
     289, 309, 329, 341, 345, 365, 393, 397, 401, 413, 421, 441, 445, 453,
     473, 489, 497, 505, 509, 513, 517, 521, 525, 529, 537, 549, 557, 561,
     565, 569, 581, 597, 601, 605, 609, 621, 657, 665, 689, 693, 697, 701,
     745, 753, 757, 793, 797, 805, 809, 813, 821, 825, 881, 929, 949, 957,
     961, 965, 973, 981, 985, 1001, 1017, 1037, 1049, 1057, 1065, 1069, 1089,
     1097, 1141, 1149, 1169, 1189, 1193, 1197, 1213, 1217, 1237, 1241, 1249,
     1257, 1265, 1273, 1301, 1309, 1313, 1329, 1333, 1337, 1349, 1357, 1365,
     1373, 1377, 1385, 1397, 1401, 1405, 1409, 1413, 1429, 1437
[10] 17, 49, 53, 57, 81, 89, 97, 129, 137, 149, 177, 197, 213, 225, 257, 273,
     281, 297, 373, 437, 469, 477, 501, 553, 705, 725, 729, 765, 789, 913,
     941, 997, 1021, 1033, 1081, 1201, 1293
[11] 1, 13, 21, 29, 33, 65, 73, 77, 101, 106, 114, 117, 121, 125, 133, 141,
     145, 161, 169, 173, 185, 193, 201, 237, 241, 245, 249, 253, 265, 269,
     277, 285, 290, 301, 310, 313, 317, 337, 349, 353, 357, 369, 377, 381,
     389, 398, 405, 417, 425, 429, 433, 442, 449, 457, 461, 481, 485, 490,
     514, 545, 570, 573, 589, 602, 613, 617, 629, 633, 637, 645, 649, 653,
     661, 673, 677, 681, 685, 709, 717, 721, 733, 737, 741, 746, 749, 754,
     758, 777, 781, 785, 794, 801, 806, 817, 822, 833, 837, 841, 845, 849,
     857, 865, 869, 877, 893, 909, 921, 925, 930, 933, 937, 953, 969, 986,
     989, 993, 1002, 1005, 1013, 1025, 1029, 1038, 1050, 1053, 1061, 1073,
     1085, 1090, 1101, 1109, 1117, 1121, 1129, 1133, 1137, 1145, 1153, 1157,
     1161, 1165, 1177, 1181, 1190, 1198, 1205, 1209, 1214, 1221, 1229, 1233,
     1238, 1245, 1253, 1269, 1274, 1281, 1285, 1297, 1305, 1317, 1321, 1334,
     1345, 1358, 1361, 1381, 1393, 1398, 1402, 1414, 1417, 1421, 1425, 1433

[13] 6, 10, 26, 38, 66, 70, 78, 86, 102, 110, 134, 154, 186, 206, 230, 234,
     238, 262, 266, 294, 306, 314, 322, 326, 338, 362, 366, 378, 382, 386,
     402, 418, 434, 462, 466, 518, 522, 534, 538, 542, 550, 558, 562, 574,
     578, 586, 606, 610, 614, 618, 622, 642, 678, 682, 686, 702, 710, 718,
     722, 762, 770, 774, 782, 786, 814, 830, 834, 854, 870, 874, 878, 882,
     894, 898, 902, 922, 938, 946, 950, 954, 974, 978, 990, 1030, 1042, 1054,
     1078, 1094, 1102, 1106, 1110, 1114, 1118, 1122, 1130, 1134, 1138, 1150,
     1166, 1174, 1178, 1182, 1186, 1226, 1230, 1234, 1242, 1246, 1254, 1262,
     1266, 1278, 1290, 1298, 1302, 1306, 1314, 1318, 1326, 1342, 1350, 1354,
     1366, 1370, 1382, 1386, 1390, 1394, 1410, 1426
[14] 166, 190, 210, 222, 250, 334, 410, 450, 494, 594, 626, 634, 646, 670,
     714, 818, 842, 862, 886, 890, 906, 918, 1010, 1046, 1126, 1146, 1282
[15] 2, 7, 14, 22, 42, 46, 54, 82, 98, 130, 138, 146, 170, 174, 214, 254, 258,
     270, 286, 302, 342, 394, 414, 422, 426, 470, 482, 486, 523, 526, 546,
     551, 559, 563, 566, 590, 598, 630, 638, 650, 662, 674, 690, 694, 698,
     750, 778, 802, 826, 838, 846, 866, 966, 982, 1018, 1026, 1058, 1062,
     1066, 1070, 1082, 1098, 1170, 1194, 1206, 1210, 1218, 1258, 1294, 1330,
     1338, 1346, 1362, 1374, 1387, 1422, 1430, 1434
[16] 39, 62, 71, 94, 158, 182, 207, 218, 235, 327, 330, 346, 363, 387, 446,
     454, 474, 498, 506, 510, 530, 535, 579, 582, 587, 643, 658, 666, 798,
     810, 855, 947, 958, 962, 1095, 1142, 1250, 1279, 1291, 1310, 1355, 1371,
     1378, 1406, 1438
[17] 18, 34, 50, 58, 90, 118, 150, 162, 178, 194, 198, 226, 231, 274, 282,
     298, 374, 403, 438, 478, 502, 554, 611, 623, 703, 706, 726, 730, 742,
     766, 790, 850, 914, 942, 998, 1022, 1034, 1151, 1202, 1222, 1267, 1315,
     1367, 1411
[18] 11, 43, 47, 55, 83, 99, 111, 131, 139, 155, 167, 191, 211, 215, 223, 251,
     259, 291, 311, 335, 343, 395, 399, 411, 415, 423, 443, 451, 471, 483,
     487, 491, 495, 515, 527, 539, 571, 595, 599, 603, 607, 627, 635, 639,
     647, 671, 691, 715, 755, 759, 795, 815, 819, 823, 827, 839, 843, 863,
     887, 891, 907, 919, 931, 951, 967, 975, 983, 987, 1003, 1011, 1019, 1039,
     1047, 1051, 1067, 1071, 1083, 1099, 1127, 1147, 1195, 1199, 1207, 1215,
     1239, 1243, 1259, 1275, 1283, 1295, 1303, 1331, 1335, 1351, 1359, 1403,
     1415, 1423, 1431
[19] 27, 63, 87, 95, 107, 115, 159, 183, 219, 263, 295, 307, 331, 347, 367,
     447, 455, 475, 499, 507, 511, 519, 531, 543, 583, 659, 667, 747, 799,
     807, 811, 883, 903, 959, 963, 1091, 1107, 1143, 1175, 1187, 1191, 1251,
     1311, 1379, 1391, 1399, 1407, 1439
[20] 30, 74, 122, 126, 142, 202, 242, 246, 278, 318, 350, 354, 358, 370, 390,
     406, 419, 430, 458, 463, 654, 687, 734, 738, 763, 783, 858, 899, 910,
     926, 934, 970, 994, 1006, 1014, 1055, 1074, 1079, 1086, 1123, 1135, 1154,
     1158, 1162, 1167, 1227, 1270, 1286, 1322, 1418
[21] 3, 15, 19, 23, 31, 35, 51, 59, 67, 75, 79, 91, 103, 119, 123, 127, 135,
     143, 147, 151, 163, 171, 175, 179, 187, 195, 199, 203, 227, 239, 243,
     247, 255, 267, 271, 275, 279, 283, 287, 299, 303, 315, 319, 323, 339,
     351, 355, 359, 371, 375, 379, 383, 391, 407, 427, 431, 435, 439, 459,
     467, 479, 503, 547, 555, 567, 575, 591, 615, 619, 631, 651, 655, 663,
     675, 679, 683, 695, 699, 707, 711, 719, 723, 727, 731, 735, 739, 743,
     751, 767, 771, 775, 779, 787, 791, 803, 831, 835, 847, 851, 859, 867,
     871, 875, 879, 895, 911, 915, 923, 927, 935, 939, 943, 955, 971, 979,
     991, 995, 999, 1007, 1015, 1023, 1027, 1031, 1035, 1043, 1059, 1063,
     1075, 1087, 1103, 1111, 1115, 1119, 1131, 1139, 1155, 1159, 1163, 1171,
     1179, 1183, 1203, 1211, 1219, 1223, 1231, 1235, 1247, 1255, 1263, 1271,
     1287, 1299, 1307, 1319, 1323, 1327, 1339, 1343, 1347, 1363, 1375, 1383,
     1395, 1419, 1427, 1435

 Data from log without imprecise labels

 IM without noise threshold:
token_fitness
{"perc_fit_traces": 100.0, "average_trace_fitness": 1.0, "log_fitness": 1.0, "percentage_of_fitting_traces": 100.0}
precision
0.9894562494950311
0.7358490566037735
generalization
0.9567760714349218

 Original Labels:
['F', 'L', 'I', 'G']

 Ground truth clustering clustering:
Clustering with 1440 elements and 4 clusters
[0] 0, 4, 8, 12, 16, 20, 24, 28, 32, 36, 40, 44, 48, 52, 56, 60, 64, 68, 72,
    76, 80, 84, 88, 92, 96, 100, 104, 108, 112, 116, 120, 124, 128, 132, 136,
    140, 144, 148, 152, 156, 160, 164, 168, 172, 176, 180, 184, 188, 192, 196,
    200, 204, 208, 212, 216, 220, 224, 228, 232, 236, 240, 244, 248, 252, 256,
    260, 264, 268, 272, 276, 280, 284, 288, 292, 296, 300, 304, 308, 312, 316,
    320, 324, 328, 332, 336, 340, 344, 348, 352, 356, 360, 364, 368, 372, 376,
    380, 384, 388, 392, 396, 400, 404, 408, 412, 416, 420, 424, 428, 432, 436,
    440, 444, 448, 452, 456, 460, 464, 468, 472, 476, 480, 484, 488, 492, 496,
    500, 504, 508, 512, 516, 520, 524, 528, 532, 536, 540, 544, 548, 552, 556,
    560, 564, 568, 572, 576, 580, 584, 588, 592, 596, 600, 604, 608, 612, 616,
    620, 624, 628, 632, 636, 640, 644, 648, 652, 656, 660, 664, 668, 672, 676,
    680, 684, 688, 692, 696, 700, 704, 708, 712, 716, 720, 724, 728, 732, 736,
    740, 744, 748, 752, 756, 760, 764, 768, 772, 776, 780, 784, 788, 792, 796,
    800, 804, 808, 812, 816, 820, 824, 828, 832, 836, 840, 844, 848, 852, 856,
    860, 864, 868, 872, 876, 880, 884, 888, 892, 896, 900, 904, 908, 912, 916,
    920, 924, 928, 932, 936, 940, 944, 948, 952, 956, 960, 964, 968, 972, 976,
    980, 984, 988, 992, 996, 1000, 1004, 1008, 1012, 1016, 1020, 1024, 1028,
    1032, 1036, 1040, 1044, 1048, 1052, 1056, 1060, 1064, 1068, 1072, 1076,
    1080, 1084, 1088, 1092, 1096, 1100, 1104, 1108, 1112, 1116, 1120, 1124,
    1128, 1132, 1136, 1140, 1144, 1148, 1152, 1156, 1160, 1164, 1168, 1172,
    1176, 1180, 1184, 1188, 1192, 1196, 1200, 1204, 1208, 1212, 1216, 1220,
    1224, 1228, 1232, 1236, 1240, 1244, 1248, 1252, 1256, 1260, 1264, 1268,
    1272, 1276, 1280, 1284, 1288, 1292, 1296, 1300, 1304, 1308, 1312, 1316,
    1320, 1324, 1328, 1332, 1336, 1340, 1344, 1348, 1352, 1356, 1360, 1364,
    1368, 1372, 1376, 1380, 1384, 1388, 1392, 1396, 1400, 1404, 1408, 1412,
    1416, 1420, 1424, 1428, 1432, 1436
[1] 2, 7, 11, 15, 19, 23, 27, 31, 34, 39, 43, 46, 50, 55, 58, 63, 67, 71, 74,
    79, 82, 87, 91, 95, 99, 103, 107, 111, 115, 118, 123, 126, 131, 135, 139,
    143, 147, 151, 155, 159, 162, 166, 171, 174, 178, 182, 187, 191, 195, 198,
    203, 207, 210, 215, 218, 222, 227, 231, 235, 239, 243, 247, 251, 255, 259,
    263, 267, 271, 274, 279, 282, 286, 291, 295, 299, 303, 307, 311, 315, 318,
    323, 327, 330, 335, 339, 342, 346, 351, 355, 359, 363, 367, 370, 375, 379,
    383, 387, 391, 395, 399, 403, 407, 410, 414, 419, 422, 427, 431, 435, 439,
    443, 447, 451, 455, 459, 463, 467, 470, 474, 478, 483, 487, 491, 494, 499,
    502, 506, 510, 515, 519, 523, 526, 531, 535, 539, 543, 546, 551, 555, 559,
    563, 567, 571, 575, 579, 582, 587, 591, 595, 599, 603, 607, 611, 615, 619,
    623, 626, 631, 635, 639, 643, 647, 651, 655, 658, 662, 667, 670, 674, 679,
    683, 687, 691, 695, 699, 703, 707, 711, 715, 719, 723, 727, 730, 734, 739,
    742, 747, 751, 755, 759, 763, 766, 771, 775, 778, 783, 787, 790, 795, 798,
    803, 807, 811, 815, 819, 823, 826, 831, 835, 839, 843, 847, 850, 855, 858,
    863, 867, 871, 875, 879, 883, 886, 890, 895, 899, 903, 906, 910, 914, 918,
    923, 926, 931, 935, 939, 943, 947, 951, 955, 959, 962, 967, 970, 975, 979,
    983, 987, 991, 995, 999, 1003, 1007, 1011, 1015, 1019, 1022, 1026, 1031,
    1035, 1039, 1043, 1047, 1051, 1055, 1059, 1063, 1066, 1071, 1075, 1079,
    1082, 1086, 1091, 1095, 1099, 1103, 1107, 1111, 1115, 1119, 1123, 1127,
    1131, 1135, 1139, 1142, 1147, 1151, 1155, 1159, 1162, 1167, 1171, 1175,
    1179, 1183, 1187, 1191, 1195, 1199, 1202, 1207, 1211, 1215, 1219, 1223,
    1227, 1231, 1235, 1239, 1243, 1247, 1250, 1255, 1258, 1263, 1267, 1271,
    1275, 1279, 1283, 1287, 1291, 1294, 1299, 1303, 1307, 1310, 1315, 1319,
    1323, 1327, 1330, 1335, 1339, 1343, 1347, 1351, 1355, 1359, 1363, 1367,
    1371, 1375, 1378, 1383, 1387, 1391, 1395, 1399, 1403, 1407, 1411, 1415,
    1419, 1423, 1427, 1431, 1435, 1439
[2] 3, 6, 10, 14, 18, 22, 26, 30, 35, 38, 42, 47, 51, 54, 59, 62, 66, 70, 75,
    78, 83, 86, 90, 94, 98, 102, 106, 110, 114, 119, 122, 127, 130, 134, 138,
    142, 146, 150, 154, 158, 163, 167, 170, 175, 179, 183, 186, 190, 194, 199,
    202, 206, 211, 214, 219, 223, 226, 230, 234, 238, 242, 246, 250, 254, 258,
    262, 266, 270, 275, 278, 283, 287, 290, 294, 298, 302, 306, 310, 314, 319,
    322, 326, 331, 334, 338, 343, 347, 350, 354, 358, 362, 366, 371, 374, 378,
    382, 386, 390, 394, 398, 402, 406, 411, 415, 418, 423, 426, 430, 434, 438,
    442, 446, 450, 454, 458, 462, 466, 471, 475, 479, 482, 486, 490, 495, 498,
    503, 507, 511, 514, 518, 522, 527, 530, 534, 538, 542, 547, 550, 554, 558,
    562, 566, 570, 574, 578, 583, 586, 590, 594, 598, 602, 606, 610, 614, 618,
    622, 627, 630, 634, 638, 642, 646, 650, 654, 659, 663, 666, 671, 675, 678,
    682, 686, 690, 694, 698, 702, 706, 710, 714, 718, 722, 726, 731, 735, 738,
    743, 746, 750, 754, 758, 762, 767, 770, 774, 779, 782, 786, 791, 794, 799,
    802, 806, 810, 814, 818, 822, 827, 830, 834, 838, 842, 846, 851, 854, 859,
    862, 866, 870, 874, 878, 882, 887, 891, 894, 898, 902, 907, 911, 915, 919,
    922, 927, 930, 934, 938, 942, 946, 950, 954, 958, 963, 966, 971, 974, 978,
    982, 986, 990, 994, 998, 1002, 1006, 1010, 1014, 1018, 1023, 1027, 1030,
    1034, 1038, 1042, 1046, 1050, 1054, 1058, 1062, 1067, 1070, 1074, 1078,
    1083, 1087, 1090, 1094, 1098, 1102, 1106, 1110, 1114, 1118, 1122, 1126,
    1130, 1134, 1138, 1143, 1146, 1150, 1154, 1158, 1163, 1166, 1170, 1174,
    1178, 1182, 1186, 1190, 1194, 1198, 1203, 1206, 1210, 1214, 1218, 1222,
    1226, 1230, 1234, 1238, 1242, 1246, 1251, 1254, 1259, 1262, 1266, 1270,
    1274, 1278, 1282, 1286, 1290, 1295, 1298, 1302, 1306, 1311, 1314, 1318,
    1322, 1326, 1331, 1334, 1338, 1342, 1346, 1350, 1354, 1358, 1362, 1366,
    1370, 1374, 1379, 1382, 1386, 1390, 1394, 1398, 1402, 1406, 1410, 1414,
    1418, 1422, 1426, 1430, 1434, 1438
[3] 1, 5, 9, 13, 17, 21, 25, 29, 33, 37, 41, 45, 49, 53, 57, 61, 65, 69, 73,
    77, 81, 85, 89, 93, 97, 101, 105, 109, 113, 117, 121, 125, 129, 133, 137,
    141, 145, 149, 153, 157, 161, 165, 169, 173, 177, 181, 185, 189, 193, 197,
    201, 205, 209, 213, 217, 221, 225, 229, 233, 237, 241, 245, 249, 253, 257,
    261, 265, 269, 273, 277, 281, 285, 289, 293, 297, 301, 305, 309, 313, 317,
    321, 325, 329, 333, 337, 341, 345, 349, 353, 357, 361, 365, 369, 373, 377,
    381, 385, 389, 393, 397, 401, 405, 409, 413, 417, 421, 425, 429, 433, 437,
    441, 445, 449, 453, 457, 461, 465, 469, 473, 477, 481, 485, 489, 493, 497,
    501, 505, 509, 513, 517, 521, 525, 529, 533, 537, 541, 545, 549, 553, 557,
    561, 565, 569, 573, 577, 581, 585, 589, 593, 597, 601, 605, 609, 613, 617,
    621, 625, 629, 633, 637, 641, 645, 649, 653, 657, 661, 665, 669, 673, 677,
    681, 685, 689, 693, 697, 701, 705, 709, 713, 717, 721, 725, 729, 733, 737,
    741, 745, 749, 753, 757, 761, 765, 769, 773, 777, 781, 785, 789, 793, 797,
    801, 805, 809, 813, 817, 821, 825, 829, 833, 837, 841, 845, 849, 853, 857,
    861, 865, 869, 873, 877, 881, 885, 889, 893, 897, 901, 905, 909, 913, 917,
    921, 925, 929, 933, 937, 941, 945, 949, 953, 957, 961, 965, 969, 973, 977,
    981, 985, 989, 993, 997, 1001, 1005, 1009, 1013, 1017, 1021, 1025, 1029,
    1033, 1037, 1041, 1045, 1049, 1053, 1057, 1061, 1065, 1069, 1073, 1077,
    1081, 1085, 1089, 1093, 1097, 1101, 1105, 1109, 1113, 1117, 1121, 1125,
    1129, 1133, 1137, 1141, 1145, 1149, 1153, 1157, 1161, 1165, 1169, 1173,
    1177, 1181, 1185, 1189, 1193, 1197, 1201, 1205, 1209, 1213, 1217, 1221,
    1225, 1229, 1233, 1237, 1241, 1245, 1249, 1253, 1257, 1261, 1265, 1269,
    1273, 1277, 1281, 1285, 1289, 1293, 1297, 1301, 1305, 1309, 1313, 1317,
    1321, 1325, 1329, 1333, 1337, 1341, 1345, 1349, 1353, 1357, 1361, 1365,
    1369, 1373, 1377, 1381, 1385, 1389, 1393, 1397, 1401, 1405, 1409, 1413,
    1417, 1421, 1425, 1429, 1433, 1437

 Xixi Adjusted Rand Index:
0.2622125739870095




----------------------------------------------------------------------------------------------
Output from 2025-07-08 18:41:33.445263
----------------------------------------------------------------------------------------------


                

Parameters of this run:

Window size: 1
Threshold for edges: 0
Split candidates: L
Max number of traces: 5000000
Method for distance calculation: Distance.EDIT_DISTANCE
Method for finding clusters: ClusteringMethod.COMMUNITY_DETECTION
Original log location: ./data/noImprInLoop_default_OD\feb16-1625\logs\P_1_LogD_Sequence_feb16-1625.xes.gz
Use frequency: True

Found communities: 

Clustering with 1440 elements and 3 clusters
[0] 0, 2, 4, 6, 7, 8, 10, 11, 12, 14, 16, 18, 20, 22, 24, 26, 27, 28, 32, 35,
    36, 39, 40, 42, 44, 46, 47, 48, 50, 52, 56, 58, 60, 62, 64, 68, 71, 72,
    76, 80, 84, 86, 87, 88, 90, 92, 94, 96, 100, 102, 104, 108, 110, 111, 112,
    116, 119, 120, 124, 128, 132, 136, 140, 144, 146, 148, 150, 152, 154, 155,
    156, 158, 160, 163, 164, 166, 168, 170, 171, 172, 174, 176, 178, 180, 182,
    184, 188, 190, 192, 195, 196, 198, 200, 202, 204, 207, 208, 210, 212, 216,
    218, 220, 222, 224, 226, 228, 230, 231, 232, 235, 236, 240, 244, 246, 248,
    250, 251, 252, 254, 256, 260, 262, 263, 264, 268, 270, 272, 274, 276, 278,
    280, 282, 284, 286, 288, 291, 292, 294, 295, 296, 298, 300, 302, 303, 304,
    306, 307, 308, 311, 312, 315, 316, 320, 322, 324, 327, 328, 330, 332, 334,
    336, 340, 342, 344, 346, 348, 352, 356, 360, 363, 364, 366, 367, 368, 372,
    374, 376, 378, 379, 380, 384, 387, 388, 390, 392, 394, 396, 399, 400, 402,
    403, 404, 408, 410, 412, 414, 416, 418, 420, 422, 423, 424, 426, 428, 432,
    435, 436, 438, 440, 443, 444, 446, 448, 450, 451, 452, 454, 456, 460, 462,
    464, 466, 467, 468, 472, 474, 476, 478, 480, 482, 483, 484, 486, 487, 488,
    491, 492, 494, 496, 498, 500, 502, 504, 506, 508, 510, 512, 515, 516, 518,
    519, 520, 522, 523, 524, 526, 528, 530, 532, 535, 536, 538, 539, 540, 542,
    543, 544, 546, 547, 548, 550, 551, 552, 554, 556, 558, 559, 560, 562, 563,
    564, 566, 568, 571, 572, 576, 579, 580, 582, 584, 587, 588, 590, 592, 594,
    596, 598, 599, 600, 603, 604, 606, 607, 608, 610, 611, 612, 616, 620, 622,
    623, 624, 626, 628, 630, 632, 634, 635, 636, 638, 639, 640, 643, 644, 646,
    647, 648, 650, 652, 654, 656, 658, 660, 662, 663, 664, 666, 668, 670, 672,
    674, 676, 679, 680, 683, 684, 686, 688, 690, 692, 694, 696, 698, 700, 702,
    703, 704, 706, 708, 710, 711, 712, 714, 716, 718, 720, 722, 723, 724, 726,
    728, 730, 732, 736, 740, 743, 744, 748, 750, 751, 752, 755, 756, 759, 760,
    762, 764, 766, 768, 770, 772, 774, 776, 778, 780, 782, 784, 786, 788, 790,
    792, 795, 796, 798, 800, 802, 803, 804, 808, 810, 812, 814, 816, 818, 819,
    820, 823, 824, 826, 827, 828, 830, 832, 835, 836, 838, 839, 840, 842, 843,
    844, 846, 848, 851, 852, 855, 856, 860, 862, 864, 866, 868, 872, 874, 876,
    879, 880, 882, 883, 884, 886, 888, 890, 892, 894, 896, 898, 900, 902, 903,
    904, 906, 908, 912, 914, 916, 918, 920, 922, 924, 928, 931, 932, 936, 938,
    940, 942, 944, 947, 948, 950, 951, 952, 954, 956, 958, 960, 962, 964, 966,
    967, 968, 970, 972, 974, 975, 976, 978, 980, 982, 983, 984, 987, 988, 992,
    996, 998, 1000, 1003, 1004, 1008, 1010, 1012, 1016, 1018, 1019, 1020,
    1022, 1024, 1026, 1027, 1028, 1032, 1034, 1036, 1039, 1040, 1042, 1044,
    1046, 1048, 1051, 1052, 1054, 1056, 1058, 1060, 1062, 1063, 1064, 1066,
    1067, 1068, 1070, 1072, 1074, 1076, 1078, 1080, 1084, 1088, 1092, 1095,
    1096, 1098, 1100, 1104, 1106, 1107, 1108, 1112, 1114, 1116, 1120, 1122,
    1124, 1126, 1128, 1130, 1132, 1134, 1136, 1140, 1142, 1144, 1146, 1147,
    1148, 1150, 1151, 1152, 1156, 1158, 1160, 1164, 1166, 1168, 1170, 1172,
    1174, 1175, 1176, 1178, 1179, 1180, 1184, 1186, 1187, 1188, 1192, 1194,
    1196, 1199, 1200, 1202, 1204, 1206, 1207, 1208, 1210, 1211, 1212, 1215,
    1216, 1218, 1220, 1223, 1224, 1226, 1228, 1232, 1235, 1236, 1239, 1240,
    1242, 1244, 1247, 1248, 1250, 1252, 1256, 1258, 1259, 1260, 1262, 1264,
    1266, 1267, 1268, 1272, 1275, 1276, 1279, 1280, 1282, 1283, 1284, 1288,
    1291, 1292, 1296, 1300, 1302, 1304, 1308, 1310, 1312, 1314, 1315, 1316,
    1318, 1320, 1324, 1326, 1328, 1330, 1332, 1335, 1336, 1338, 1340, 1342,
    1343, 1344, 1346, 1348, 1350, 1352, 1355, 1356, 1359, 1360, 1362, 1363,
    1364, 1366, 1367, 1368, 1371, 1372, 1374, 1376, 1378, 1380, 1384, 1386,
    1387, 1388, 1390, 1391, 1392, 1396, 1400, 1403, 1404, 1406, 1408, 1410,
    1411, 1412, 1415, 1416, 1418, 1420, 1422, 1423, 1424, 1427, 1428, 1430,
    1431, 1432, 1434, 1436, 1438
[1] 1, 5, 9, 13, 17, 21, 25, 29, 31, 33, 37, 38, 41, 45, 49, 53, 55, 57, 61,
    63, 65, 66, 69, 70, 73, 75, 77, 78, 81, 83, 85, 89, 93, 95, 97, 99, 101,
    105, 106, 109, 113, 114, 117, 121, 123, 125, 127, 129, 131, 133, 134, 137,
    139, 141, 143, 145, 149, 153, 157, 159, 161, 165, 167, 169, 173, 177, 181,
    183, 185, 186, 189, 191, 193, 197, 201, 203, 205, 206, 209, 211, 213, 215,
    217, 219, 221, 223, 225, 229, 233, 234, 237, 238, 241, 243, 245, 247, 249,
    253, 257, 259, 261, 265, 266, 269, 273, 277, 279, 281, 285, 289, 290, 293,
    297, 301, 305, 309, 310, 313, 314, 317, 319, 321, 325, 326, 329, 331, 333,
    335, 337, 338, 341, 345, 347, 349, 351, 353, 355, 357, 359, 361, 362, 365,
    369, 371, 373, 377, 381, 382, 385, 386, 389, 391, 393, 397, 398, 401, 405,
    407, 409, 411, 413, 417, 421, 425, 429, 431, 433, 434, 437, 441, 442, 445,
    447, 449, 453, 455, 457, 459, 461, 465, 469, 471, 473, 475, 477, 481, 485,
    489, 490, 493, 495, 497, 499, 501, 505, 507, 509, 511, 513, 514, 517, 521,
    525, 529, 531, 533, 534, 537, 541, 545, 549, 553, 557, 561, 565, 569, 570,
    573, 574, 577, 578, 581, 583, 585, 586, 589, 593, 595, 597, 601, 602, 605,
    609, 613, 614, 617, 618, 621, 625, 627, 629, 633, 637, 641, 642, 645, 649,
    653, 655, 657, 659, 661, 665, 667, 669, 671, 673, 677, 678, 681, 682, 685,
    689, 693, 697, 701, 705, 709, 713, 715, 717, 721, 725, 729, 733, 735, 737,
    739, 741, 745, 746, 749, 753, 754, 757, 758, 761, 765, 769, 773, 777, 781,
    785, 789, 793, 794, 797, 799, 801, 805, 806, 809, 811, 813, 817, 821, 822,
    825, 829, 833, 834, 837, 841, 845, 849, 853, 854, 857, 859, 861, 863, 865,
    869, 870, 873, 877, 878, 881, 885, 887, 889, 891, 893, 897, 901, 905, 907,
    909, 911, 913, 917, 919, 921, 925, 927, 929, 930, 933, 935, 937, 941, 945,
    946, 949, 953, 957, 959, 961, 963, 965, 969, 971, 973, 977, 981, 985, 986,
    989, 990, 993, 995, 997, 1001, 1002, 1005, 1007, 1009, 1011, 1013, 1015,
    1017, 1021, 1025, 1029, 1030, 1033, 1037, 1038, 1041, 1045, 1047, 1049,
    1050, 1053, 1057, 1061, 1065, 1069, 1073, 1075, 1077, 1081, 1083, 1085,
    1087, 1089, 1090, 1093, 1094, 1097, 1101, 1102, 1105, 1109, 1110, 1113,
    1117, 1118, 1121, 1125, 1127, 1129, 1133, 1137, 1138, 1141, 1143, 1145,
    1149, 1153, 1155, 1157, 1159, 1161, 1163, 1165, 1169, 1173, 1177, 1181,
    1182, 1185, 1189, 1190, 1193, 1197, 1198, 1201, 1205, 1209, 1213, 1214,
    1217, 1221, 1225, 1229, 1230, 1233, 1234, 1237, 1238, 1241, 1245, 1246,
    1249, 1251, 1253, 1254, 1257, 1261, 1265, 1269, 1271, 1273, 1274, 1277,
    1278, 1281, 1285, 1287, 1289, 1290, 1293, 1295, 1297, 1298, 1301, 1305,
    1306, 1309, 1311, 1313, 1317, 1321, 1323, 1325, 1329, 1333, 1334, 1337,
    1341, 1345, 1349, 1353, 1354, 1357, 1358, 1361, 1365, 1369, 1370, 1373,
    1377, 1379, 1381, 1382, 1385, 1389, 1393, 1394, 1397, 1398, 1401, 1402,
    1405, 1407, 1409, 1413, 1414, 1417, 1419, 1421, 1425, 1426, 1429, 1433,
    1437, 1439
[2] 3, 15, 19, 23, 30, 34, 43, 51, 54, 59, 67, 74, 79, 82, 91, 98, 103, 107,
    115, 118, 122, 126, 130, 135, 138, 142, 147, 151, 162, 175, 179, 187, 194,
    199, 214, 227, 239, 242, 255, 258, 267, 271, 275, 283, 287, 299, 318, 323,
    339, 343, 350, 354, 358, 370, 375, 383, 395, 406, 415, 419, 427, 430, 439,
    458, 463, 470, 479, 503, 527, 555, 567, 575, 591, 615, 619, 631, 651, 675,
    687, 691, 695, 699, 707, 719, 727, 731, 734, 738, 742, 747, 763, 767, 771,
    775, 779, 783, 787, 791, 807, 815, 831, 847, 850, 858, 867, 871, 875, 895,
    899, 910, 915, 923, 926, 934, 939, 943, 955, 979, 991, 994, 999, 1006,
    1014, 1023, 1031, 1035, 1043, 1055, 1059, 1071, 1079, 1082, 1086, 1091,
    1099, 1103, 1111, 1115, 1119, 1123, 1131, 1135, 1139, 1154, 1162, 1167,
    1171, 1183, 1191, 1195, 1203, 1219, 1222, 1227, 1231, 1243, 1255, 1263,
    1270, 1286, 1294, 1299, 1303, 1307, 1319, 1322, 1327, 1331, 1339, 1347,
    1351, 1375, 1383, 1395, 1399, 1435

Reassigned labels

Runtime: 2.094656467437744

Performance split_log:

IM without threshold:
Map:
{"L_0": "L", "L_1": "L", "L_2": "L"}
token_fitness
{"perc_fit_traces": 100.0, "average_trace_fitness": 1.0, "log_fitness": 1.0, "percentage_of_fitting_traces": 100.0}
precision
0.6034408164304075
0.6923076923076922
generalization
0.9591981647005273
token_fitness
{"perc_fit_traces": 0.0, "average_trace_fitness": 0.9528500000000155, "log_fitness": 0.9532010482965182, "percentage_of_fitting_traces": 0.0}
precision
0.6132276155482499
0.6623376623376623
generalization
0.663253720795133

Adjusted Rand Index:
0.3198804788331943



Parameters of this run:

Window size: 1
Threshold for edges: 0.25
Split candidates: L
Max number of traces: 5000000
Method for distance calculation: Distance.EDIT_DISTANCE
Method for finding clusters: ClusteringMethod.COMMUNITY_DETECTION
Original log location: ./data/noImprInLoop_default_OD\feb16-1625\logs\P_1_LogD_Sequence_feb16-1625.xes.gz
Use frequency: True

Found communities: 

Clustering with 1440 elements and 3 clusters
[0] 0, 2, 4, 6, 7, 8, 10, 11, 12, 14, 16, 18, 20, 22, 24, 26, 27, 28, 32, 35,
    36, 39, 40, 42, 44, 46, 47, 48, 50, 52, 56, 58, 60, 62, 64, 68, 71, 72,
    76, 80, 84, 86, 87, 88, 90, 92, 94, 96, 100, 102, 104, 108, 110, 111, 112,
    116, 119, 120, 124, 128, 132, 136, 140, 144, 146, 148, 150, 152, 154, 155,
    156, 158, 160, 163, 164, 166, 168, 170, 171, 172, 174, 176, 178, 180, 182,
    184, 188, 190, 192, 195, 196, 198, 200, 202, 204, 207, 208, 210, 212, 216,
    218, 220, 222, 224, 226, 228, 230, 231, 232, 235, 236, 240, 244, 246, 248,
    250, 251, 252, 254, 256, 260, 262, 263, 264, 268, 270, 272, 274, 276, 278,
    280, 282, 284, 286, 288, 291, 292, 294, 295, 296, 298, 300, 302, 303, 304,
    306, 307, 308, 311, 312, 315, 316, 320, 322, 324, 327, 328, 330, 332, 334,
    336, 340, 342, 344, 346, 348, 352, 356, 360, 363, 364, 366, 367, 368, 372,
    374, 376, 378, 379, 380, 384, 387, 388, 390, 392, 394, 396, 399, 400, 402,
    403, 404, 408, 410, 412, 414, 416, 418, 420, 422, 423, 424, 426, 428, 432,
    435, 436, 438, 440, 443, 444, 446, 448, 450, 451, 452, 454, 456, 460, 462,
    464, 466, 467, 468, 472, 474, 476, 478, 480, 482, 483, 484, 486, 487, 488,
    491, 492, 494, 496, 498, 500, 502, 504, 506, 508, 510, 512, 515, 516, 518,
    519, 520, 522, 523, 524, 526, 528, 530, 532, 535, 536, 538, 539, 540, 542,
    543, 544, 546, 547, 548, 550, 551, 552, 554, 556, 558, 559, 560, 562, 563,
    564, 566, 568, 571, 572, 576, 579, 580, 582, 584, 587, 588, 590, 592, 594,
    596, 598, 599, 600, 603, 604, 606, 607, 608, 610, 611, 612, 616, 620, 622,
    623, 624, 626, 628, 630, 632, 634, 635, 636, 638, 639, 640, 643, 644, 646,
    647, 648, 650, 652, 654, 656, 658, 660, 662, 663, 664, 666, 668, 670, 672,
    674, 676, 679, 680, 683, 684, 686, 688, 690, 692, 694, 696, 698, 700, 702,
    703, 704, 706, 708, 710, 711, 712, 714, 716, 718, 720, 722, 723, 724, 726,
    728, 730, 732, 736, 740, 743, 744, 748, 750, 751, 752, 755, 756, 759, 760,
    762, 764, 766, 768, 770, 772, 774, 776, 778, 780, 782, 784, 786, 788, 790,
    792, 795, 796, 798, 800, 802, 803, 804, 808, 810, 812, 814, 816, 818, 819,
    820, 823, 824, 826, 827, 828, 830, 832, 835, 836, 838, 839, 840, 842, 843,
    844, 846, 848, 851, 852, 855, 856, 860, 862, 864, 866, 868, 872, 874, 876,
    879, 880, 882, 883, 884, 886, 888, 890, 892, 894, 896, 898, 900, 902, 903,
    904, 906, 908, 912, 914, 916, 918, 920, 922, 924, 928, 931, 932, 936, 938,
    940, 942, 944, 947, 948, 950, 951, 952, 954, 956, 958, 960, 962, 964, 966,
    967, 968, 970, 972, 974, 975, 976, 978, 980, 982, 983, 984, 987, 988, 992,
    996, 998, 1000, 1003, 1004, 1008, 1010, 1012, 1016, 1018, 1019, 1020,
    1022, 1024, 1026, 1027, 1028, 1032, 1034, 1036, 1039, 1040, 1042, 1044,
    1046, 1048, 1051, 1052, 1054, 1056, 1058, 1060, 1062, 1063, 1064, 1066,
    1067, 1068, 1070, 1072, 1074, 1076, 1078, 1080, 1084, 1088, 1092, 1095,
    1096, 1098, 1100, 1104, 1106, 1107, 1108, 1112, 1114, 1116, 1120, 1122,
    1124, 1126, 1128, 1130, 1132, 1134, 1136, 1140, 1142, 1144, 1146, 1147,
    1148, 1150, 1151, 1152, 1156, 1158, 1160, 1164, 1166, 1168, 1170, 1172,
    1174, 1175, 1176, 1178, 1179, 1180, 1184, 1186, 1187, 1188, 1192, 1194,
    1196, 1199, 1200, 1202, 1204, 1206, 1207, 1208, 1210, 1211, 1212, 1215,
    1216, 1218, 1220, 1223, 1224, 1226, 1228, 1232, 1235, 1236, 1239, 1240,
    1242, 1244, 1247, 1248, 1250, 1252, 1256, 1258, 1259, 1260, 1262, 1264,
    1266, 1267, 1268, 1272, 1275, 1276, 1279, 1280, 1282, 1283, 1284, 1288,
    1291, 1292, 1296, 1300, 1302, 1304, 1308, 1310, 1312, 1314, 1315, 1316,
    1318, 1320, 1324, 1326, 1328, 1330, 1332, 1335, 1336, 1338, 1340, 1342,
    1343, 1344, 1346, 1348, 1350, 1352, 1355, 1356, 1359, 1360, 1362, 1363,
    1364, 1366, 1367, 1368, 1371, 1372, 1374, 1376, 1378, 1380, 1384, 1386,
    1387, 1388, 1390, 1391, 1392, 1396, 1400, 1403, 1404, 1406, 1408, 1410,
    1411, 1412, 1415, 1416, 1418, 1420, 1422, 1423, 1424, 1427, 1428, 1430,
    1431, 1432, 1434, 1436, 1438
[1] 1, 5, 9, 13, 17, 21, 25, 29, 31, 33, 37, 38, 41, 45, 49, 53, 55, 57, 61,
    63, 65, 66, 69, 70, 73, 75, 77, 78, 81, 83, 85, 89, 93, 95, 97, 99, 101,
    105, 106, 109, 113, 114, 117, 121, 123, 125, 127, 129, 131, 133, 134, 137,
    139, 141, 143, 145, 149, 153, 157, 159, 161, 165, 167, 169, 173, 177, 181,
    183, 185, 186, 189, 191, 193, 197, 201, 203, 205, 206, 209, 211, 213, 215,
    217, 219, 221, 223, 225, 229, 233, 234, 237, 238, 241, 243, 245, 247, 249,
    253, 257, 259, 261, 265, 266, 269, 273, 277, 279, 281, 285, 289, 290, 293,
    297, 301, 305, 309, 310, 313, 314, 317, 319, 321, 325, 326, 329, 331, 333,
    335, 337, 338, 341, 345, 347, 349, 351, 353, 355, 357, 359, 361, 362, 365,
    369, 371, 373, 377, 381, 382, 385, 386, 389, 391, 393, 397, 398, 401, 405,
    407, 409, 411, 413, 417, 421, 425, 429, 431, 433, 434, 437, 441, 442, 445,
    447, 449, 453, 455, 457, 459, 461, 465, 469, 471, 473, 475, 477, 481, 485,
    489, 490, 493, 495, 497, 499, 501, 505, 507, 509, 511, 513, 514, 517, 521,
    525, 529, 531, 533, 534, 537, 541, 545, 549, 553, 557, 561, 565, 569, 570,
    573, 574, 577, 578, 581, 583, 585, 586, 589, 593, 595, 597, 601, 602, 605,
    609, 613, 614, 617, 618, 621, 625, 627, 629, 633, 637, 641, 642, 645, 649,
    653, 655, 657, 659, 661, 665, 667, 669, 671, 673, 677, 678, 681, 682, 685,
    689, 693, 697, 701, 705, 709, 713, 715, 717, 721, 725, 729, 733, 735, 737,
    739, 741, 745, 746, 749, 753, 754, 757, 758, 761, 765, 769, 773, 777, 781,
    785, 789, 793, 794, 797, 799, 801, 805, 806, 809, 811, 813, 817, 821, 822,
    825, 829, 833, 834, 837, 841, 845, 849, 853, 854, 857, 859, 861, 863, 865,
    869, 870, 873, 877, 878, 881, 885, 887, 889, 891, 893, 897, 901, 905, 907,
    909, 911, 913, 917, 919, 921, 925, 927, 929, 930, 933, 935, 937, 941, 945,
    946, 949, 953, 957, 959, 961, 963, 965, 969, 971, 973, 977, 981, 985, 986,
    989, 990, 993, 995, 997, 1001, 1002, 1005, 1007, 1009, 1011, 1013, 1015,
    1017, 1021, 1025, 1029, 1030, 1033, 1037, 1038, 1041, 1045, 1047, 1049,
    1050, 1053, 1057, 1061, 1065, 1069, 1073, 1075, 1077, 1081, 1083, 1085,
    1087, 1089, 1090, 1093, 1094, 1097, 1101, 1102, 1105, 1109, 1110, 1113,
    1117, 1118, 1121, 1125, 1127, 1129, 1133, 1137, 1138, 1141, 1143, 1145,
    1149, 1153, 1155, 1157, 1159, 1161, 1163, 1165, 1169, 1173, 1177, 1181,
    1182, 1185, 1189, 1190, 1193, 1197, 1198, 1201, 1205, 1209, 1213, 1214,
    1217, 1221, 1225, 1229, 1230, 1233, 1234, 1237, 1238, 1241, 1245, 1246,
    1249, 1251, 1253, 1254, 1257, 1261, 1265, 1269, 1271, 1273, 1274, 1277,
    1278, 1281, 1285, 1287, 1289, 1290, 1293, 1295, 1297, 1298, 1301, 1305,
    1306, 1309, 1311, 1313, 1317, 1321, 1323, 1325, 1329, 1333, 1334, 1337,
    1341, 1345, 1349, 1353, 1354, 1357, 1358, 1361, 1365, 1369, 1370, 1373,
    1377, 1379, 1381, 1382, 1385, 1389, 1393, 1394, 1397, 1398, 1401, 1402,
    1405, 1407, 1409, 1413, 1414, 1417, 1419, 1421, 1425, 1426, 1429, 1433,
    1437, 1439
[2] 3, 15, 19, 23, 30, 34, 43, 51, 54, 59, 67, 74, 79, 82, 91, 98, 103, 107,
    115, 118, 122, 126, 130, 135, 138, 142, 147, 151, 162, 175, 179, 187, 194,
    199, 214, 227, 239, 242, 255, 258, 267, 271, 275, 283, 287, 299, 318, 323,
    339, 343, 350, 354, 358, 370, 375, 383, 395, 406, 415, 419, 427, 430, 439,
    458, 463, 470, 479, 503, 527, 555, 567, 575, 591, 615, 619, 631, 651, 675,
    687, 691, 695, 699, 707, 719, 727, 731, 734, 738, 742, 747, 763, 767, 771,
    775, 779, 783, 787, 791, 807, 815, 831, 847, 850, 858, 867, 871, 875, 895,
    899, 910, 915, 923, 926, 934, 939, 943, 955, 979, 991, 994, 999, 1006,
    1014, 1023, 1031, 1035, 1043, 1055, 1059, 1071, 1079, 1082, 1086, 1091,
    1099, 1103, 1111, 1115, 1119, 1123, 1131, 1135, 1139, 1154, 1162, 1167,
    1171, 1183, 1191, 1195, 1203, 1219, 1222, 1227, 1231, 1243, 1255, 1263,
    1270, 1286, 1294, 1299, 1303, 1307, 1319, 1322, 1327, 1331, 1339, 1347,
    1351, 1375, 1383, 1395, 1399, 1435

Reassigned labels

Runtime: 2.1405014991760254

Performance split_log:

IM without threshold:
Map:
{"L_0": "L", "L_1": "L", "L_2": "L"}
token_fitness
{"perc_fit_traces": 100.0, "average_trace_fitness": 1.0, "log_fitness": 1.0, "percentage_of_fitting_traces": 100.0}
precision
0.6300587250551377
0.6623376623376623
generalization
0.626868469117313

Adjusted Rand Index:
0.3198804788331943



Parameters of this run:

Window size: 1
Threshold for edges: 0.5
Split candidates: L
Max number of traces: 5000000
Method for distance calculation: Distance.EDIT_DISTANCE
Method for finding clusters: ClusteringMethod.COMMUNITY_DETECTION
Original log location: ./data/noImprInLoop_default_OD\feb16-1625\logs\P_1_LogD_Sequence_feb16-1625.xes.gz
Use frequency: True

Found communities: 

Clustering with 1440 elements and 3 clusters
[0] 0, 2, 4, 6, 7, 8, 10, 11, 12, 14, 16, 18, 20, 22, 24, 26, 27, 28, 32, 35,
    36, 39, 40, 42, 44, 46, 47, 48, 50, 52, 56, 58, 60, 62, 64, 68, 71, 72,
    76, 80, 84, 86, 87, 88, 90, 92, 94, 96, 100, 102, 104, 108, 110, 111, 112,
    116, 119, 120, 124, 128, 132, 136, 140, 144, 146, 148, 150, 152, 154, 155,
    156, 158, 160, 163, 164, 166, 168, 170, 171, 172, 174, 176, 178, 180, 182,
    184, 188, 190, 192, 195, 196, 198, 200, 202, 204, 207, 208, 210, 212, 216,
    218, 220, 222, 224, 226, 228, 230, 231, 232, 235, 236, 240, 244, 246, 248,
    250, 251, 252, 254, 256, 260, 262, 263, 264, 268, 270, 272, 274, 276, 278,
    280, 282, 284, 286, 288, 291, 292, 294, 295, 296, 298, 300, 302, 303, 304,
    306, 307, 308, 311, 312, 315, 316, 320, 322, 324, 327, 328, 330, 332, 334,
    336, 340, 342, 344, 346, 348, 352, 356, 360, 363, 364, 366, 367, 368, 372,
    374, 376, 378, 379, 380, 384, 387, 388, 390, 392, 394, 396, 399, 400, 402,
    403, 404, 408, 410, 412, 414, 416, 418, 420, 422, 423, 424, 426, 428, 432,
    435, 436, 438, 440, 443, 444, 446, 448, 450, 451, 452, 454, 456, 460, 462,
    464, 466, 467, 468, 472, 474, 476, 478, 480, 482, 483, 484, 486, 487, 488,
    491, 492, 494, 496, 498, 500, 502, 504, 506, 508, 510, 512, 515, 516, 518,
    519, 520, 522, 523, 524, 526, 528, 530, 532, 535, 536, 538, 539, 540, 542,
    543, 544, 546, 547, 548, 550, 551, 552, 554, 556, 558, 559, 560, 562, 563,
    564, 566, 568, 571, 572, 576, 579, 580, 582, 584, 587, 588, 590, 592, 594,
    596, 598, 599, 600, 603, 604, 606, 607, 608, 610, 611, 612, 616, 620, 622,
    623, 624, 626, 628, 630, 632, 634, 635, 636, 638, 639, 640, 643, 644, 646,
    647, 648, 650, 652, 654, 656, 658, 660, 662, 663, 664, 666, 668, 670, 672,
    674, 676, 679, 680, 683, 684, 686, 688, 690, 692, 694, 696, 698, 700, 702,
    703, 704, 706, 708, 710, 711, 712, 714, 716, 718, 720, 722, 723, 724, 726,
    728, 730, 732, 736, 740, 743, 744, 748, 750, 751, 752, 755, 756, 759, 760,
    762, 764, 766, 768, 770, 772, 774, 776, 778, 780, 782, 784, 786, 788, 790,
    792, 795, 796, 798, 800, 802, 803, 804, 808, 810, 812, 814, 816, 818, 819,
    820, 823, 824, 826, 827, 828, 830, 832, 835, 836, 838, 839, 840, 842, 843,
    844, 846, 848, 851, 852, 855, 856, 860, 862, 864, 866, 868, 872, 874, 876,
    879, 880, 882, 883, 884, 886, 888, 890, 892, 894, 896, 898, 900, 902, 903,
    904, 906, 908, 912, 914, 916, 918, 920, 922, 924, 928, 931, 932, 936, 938,
    940, 942, 944, 947, 948, 950, 951, 952, 954, 956, 958, 960, 962, 964, 966,
    967, 968, 970, 972, 974, 975, 976, 978, 980, 982, 983, 984, 987, 988, 992,
    996, 998, 1000, 1003, 1004, 1008, 1010, 1012, 1016, 1018, 1019, 1020,
    1022, 1024, 1026, 1027, 1028, 1032, 1034, 1036, 1039, 1040, 1042, 1044,
    1046, 1048, 1051, 1052, 1054, 1056, 1058, 1060, 1062, 1063, 1064, 1066,
    1067, 1068, 1070, 1072, 1074, 1076, 1078, 1080, 1084, 1088, 1092, 1095,
    1096, 1098, 1100, 1104, 1106, 1107, 1108, 1112, 1114, 1116, 1120, 1122,
    1124, 1126, 1128, 1130, 1132, 1134, 1136, 1140, 1142, 1144, 1146, 1147,
    1148, 1150, 1151, 1152, 1156, 1158, 1160, 1164, 1166, 1168, 1170, 1172,
    1174, 1175, 1176, 1178, 1179, 1180, 1184, 1186, 1187, 1188, 1192, 1194,
    1196, 1199, 1200, 1202, 1204, 1206, 1207, 1208, 1210, 1211, 1212, 1215,
    1216, 1218, 1220, 1223, 1224, 1226, 1228, 1232, 1235, 1236, 1239, 1240,
    1242, 1244, 1247, 1248, 1250, 1252, 1256, 1258, 1259, 1260, 1262, 1264,
    1266, 1267, 1268, 1272, 1275, 1276, 1279, 1280, 1282, 1283, 1284, 1288,
    1291, 1292, 1296, 1300, 1302, 1304, 1308, 1310, 1312, 1314, 1315, 1316,
    1318, 1320, 1324, 1326, 1328, 1330, 1332, 1335, 1336, 1338, 1340, 1342,
    1343, 1344, 1346, 1348, 1350, 1352, 1355, 1356, 1359, 1360, 1362, 1363,
    1364, 1366, 1367, 1368, 1371, 1372, 1374, 1376, 1378, 1380, 1384, 1386,
    1387, 1388, 1390, 1391, 1392, 1396, 1400, 1403, 1404, 1406, 1408, 1410,
    1411, 1412, 1415, 1416, 1418, 1420, 1422, 1423, 1424, 1427, 1428, 1430,
    1431, 1432, 1434, 1436, 1438
[1] 1, 5, 9, 13, 17, 21, 25, 29, 31, 33, 37, 38, 41, 45, 49, 53, 55, 57, 61,
    63, 65, 66, 69, 70, 73, 75, 77, 78, 81, 83, 85, 89, 93, 95, 97, 99, 101,
    105, 106, 109, 113, 114, 117, 121, 123, 125, 127, 129, 131, 133, 134, 137,
    139, 141, 143, 145, 149, 153, 157, 159, 161, 165, 167, 169, 173, 177, 181,
    183, 185, 186, 189, 191, 193, 197, 201, 203, 205, 206, 209, 211, 213, 215,
    217, 219, 221, 223, 225, 229, 233, 234, 237, 238, 241, 243, 245, 247, 249,
    253, 257, 259, 261, 265, 266, 269, 273, 277, 279, 281, 285, 289, 290, 293,
    297, 301, 305, 309, 310, 313, 314, 317, 319, 321, 325, 326, 329, 331, 333,
    335, 337, 338, 341, 345, 347, 349, 351, 353, 355, 357, 359, 361, 362, 365,
    369, 371, 373, 377, 381, 382, 385, 386, 389, 391, 393, 397, 398, 401, 405,
    407, 409, 411, 413, 417, 421, 425, 429, 431, 433, 434, 437, 441, 442, 445,
    447, 449, 453, 455, 457, 459, 461, 465, 469, 471, 473, 475, 477, 481, 485,
    489, 490, 493, 495, 497, 499, 501, 505, 507, 509, 511, 513, 514, 517, 521,
    525, 529, 531, 533, 534, 537, 541, 545, 549, 553, 557, 561, 565, 569, 570,
    573, 574, 577, 578, 581, 583, 585, 586, 589, 593, 595, 597, 601, 602, 605,
    609, 613, 614, 617, 618, 621, 625, 627, 629, 633, 637, 641, 642, 645, 649,
    653, 655, 657, 659, 661, 665, 667, 669, 671, 673, 677, 678, 681, 682, 685,
    689, 693, 697, 701, 705, 709, 713, 715, 717, 721, 725, 729, 733, 735, 737,
    739, 741, 745, 746, 749, 753, 754, 757, 758, 761, 765, 769, 773, 777, 781,
    785, 789, 793, 794, 797, 799, 801, 805, 806, 809, 811, 813, 817, 821, 822,
    825, 829, 833, 834, 837, 841, 845, 849, 853, 854, 857, 859, 861, 863, 865,
    869, 870, 873, 877, 878, 881, 885, 887, 889, 891, 893, 897, 901, 905, 907,
    909, 911, 913, 917, 919, 921, 925, 927, 929, 930, 933, 935, 937, 941, 945,
    946, 949, 953, 957, 959, 961, 963, 965, 969, 971, 973, 977, 981, 985, 986,
    989, 990, 993, 995, 997, 1001, 1002, 1005, 1007, 1009, 1011, 1013, 1015,
    1017, 1021, 1025, 1029, 1030, 1033, 1037, 1038, 1041, 1045, 1047, 1049,
    1050, 1053, 1057, 1061, 1065, 1069, 1073, 1075, 1077, 1081, 1083, 1085,
    1087, 1089, 1090, 1093, 1094, 1097, 1101, 1102, 1105, 1109, 1110, 1113,
    1117, 1118, 1121, 1125, 1127, 1129, 1133, 1137, 1138, 1141, 1143, 1145,
    1149, 1153, 1155, 1157, 1159, 1161, 1163, 1165, 1169, 1173, 1177, 1181,
    1182, 1185, 1189, 1190, 1193, 1197, 1198, 1201, 1205, 1209, 1213, 1214,
    1217, 1221, 1225, 1229, 1230, 1233, 1234, 1237, 1238, 1241, 1245, 1246,
    1249, 1251, 1253, 1254, 1257, 1261, 1265, 1269, 1271, 1273, 1274, 1277,
    1278, 1281, 1285, 1287, 1289, 1290, 1293, 1295, 1297, 1298, 1301, 1305,
    1306, 1309, 1311, 1313, 1317, 1321, 1323, 1325, 1329, 1333, 1334, 1337,
    1341, 1345, 1349, 1353, 1354, 1357, 1358, 1361, 1365, 1369, 1370, 1373,
    1377, 1379, 1381, 1382, 1385, 1389, 1393, 1394, 1397, 1398, 1401, 1402,
    1405, 1407, 1409, 1413, 1414, 1417, 1419, 1421, 1425, 1426, 1429, 1433,
    1437, 1439
[2] 3, 15, 19, 23, 30, 34, 43, 51, 54, 59, 67, 74, 79, 82, 91, 98, 103, 107,
    115, 118, 122, 126, 130, 135, 138, 142, 147, 151, 162, 175, 179, 187, 194,
    199, 214, 227, 239, 242, 255, 258, 267, 271, 275, 283, 287, 299, 318, 323,
    339, 343, 350, 354, 358, 370, 375, 383, 395, 406, 415, 419, 427, 430, 439,
    458, 463, 470, 479, 503, 527, 555, 567, 575, 591, 615, 619, 631, 651, 675,
    687, 691, 695, 699, 707, 719, 727, 731, 734, 738, 742, 747, 763, 767, 771,
    775, 779, 783, 787, 791, 807, 815, 831, 847, 850, 858, 867, 871, 875, 895,
    899, 910, 915, 923, 926, 934, 939, 943, 955, 979, 991, 994, 999, 1006,
    1014, 1023, 1031, 1035, 1043, 1055, 1059, 1071, 1079, 1082, 1086, 1091,
    1099, 1103, 1111, 1115, 1119, 1123, 1131, 1135, 1139, 1154, 1162, 1167,
    1171, 1183, 1191, 1195, 1203, 1219, 1222, 1227, 1231, 1243, 1255, 1263,
    1270, 1286, 1294, 1299, 1303, 1307, 1319, 1322, 1327, 1331, 1339, 1347,
    1351, 1375, 1383, 1395, 1399, 1435

Reassigned labels

Runtime: 2.0927464962005615

Performance split_log:

IM without threshold:
Map:
{"L_0": "L", "L_1": "L", "L_2": "L"}
token_fitness
{"perc_fit_traces": 100.0, "average_trace_fitness": 1.0, "log_fitness": 1.0, "percentage_of_fitting_traces": 100.0}
precision
0.6300587250551377
0.6623376623376623
generalization
0.626868469117313

Adjusted Rand Index:
0.3198804788331943



Parameters of this run:

Window size: 1
Threshold for edges: 0.75
Split candidates: L
Max number of traces: 5000000
Method for distance calculation: Distance.EDIT_DISTANCE
Method for finding clusters: ClusteringMethod.COMMUNITY_DETECTION
Original log location: ./data/noImprInLoop_default_OD\feb16-1625\logs\P_1_LogD_Sequence_feb16-1625.xes.gz
Use frequency: True

Found communities: 

Clustering with 1440 elements and 10 clusters
[ 0] 1, 5, 9, 13, 17, 21, 25, 29, 31, 33, 37, 38, 41, 45, 49, 53, 55, 57, 61,
     63, 65, 66, 69, 70, 73, 75, 77, 78, 81, 83, 85, 89, 93, 95, 97, 99, 101,
     105, 106, 109, 113, 114, 117, 121, 123, 125, 127, 129, 131, 133, 134,
     137, 139, 141, 143, 145, 149, 153, 157, 159, 161, 165, 167, 169, 173,
     177, 181, 183, 185, 186, 189, 191, 193, 197, 201, 203, 205, 206, 209,
     211, 213, 215, 217, 219, 221, 223, 225, 229, 233, 234, 237, 238, 241,
     243, 245, 247, 249, 253, 257, 259, 261, 265, 266, 269, 273, 277, 279,
     281, 285, 289, 290, 293, 297, 301, 305, 309, 310, 313, 314, 317, 319,
     321, 325, 326, 329, 331, 333, 335, 337, 338, 341, 345, 347, 349, 351,
     353, 355, 357, 359, 361, 362, 365, 369, 371, 373, 377, 381, 382, 385,
     386, 389, 391, 393, 397, 398, 401, 405, 407, 409, 411, 413, 417, 421,
     425, 429, 431, 433, 434, 437, 441, 442, 445, 447, 449, 453, 455, 457,
     459, 461, 465, 469, 471, 473, 475, 477, 481, 485, 489, 490, 493, 495,
     497, 499, 501, 505, 507, 509, 511, 513, 514, 517, 521, 525, 529, 531,
     533, 534, 537, 541, 545, 549, 553, 557, 561, 565, 569, 570, 573, 574,
     577, 578, 581, 583, 585, 586, 589, 593, 595, 597, 601, 602, 605, 609,
     613, 614, 617, 618, 621, 625, 627, 629, 633, 637, 641, 642, 645, 649,
     653, 655, 657, 659, 661, 665, 667, 669, 671, 673, 677, 678, 681, 682,
     685, 689, 693, 697, 701, 705, 709, 713, 715, 717, 721, 725, 729, 733,
     735, 737, 739, 741, 745, 746, 749, 753, 754, 757, 758, 761, 765, 769,
     773, 777, 781, 785, 789, 793, 794, 797, 799, 801, 805, 806, 809, 811,
     813, 817, 821, 822, 825, 829, 833, 834, 837, 841, 845, 849, 853, 854,
     857, 859, 861, 863, 865, 869, 870, 873, 877, 878, 881, 885, 887, 889,
     891, 893, 897, 901, 905, 907, 909, 911, 913, 917, 919, 921, 925, 927,
     929, 930, 933, 935, 937, 941, 945, 946, 949, 953, 957, 959, 961, 963,
     965, 969, 971, 973, 977, 981, 985, 986, 989, 990, 993, 995, 997, 1001,
     1002, 1005, 1007, 1009, 1011, 1013, 1015, 1017, 1021, 1025, 1029, 1030,
     1033, 1037, 1038, 1041, 1045, 1047, 1049, 1050, 1053, 1057, 1061, 1065,
     1069, 1073, 1075, 1077, 1081, 1083, 1085, 1087, 1089, 1090, 1093, 1094,
     1097, 1101, 1102, 1105, 1109, 1110, 1113, 1117, 1118, 1121, 1125, 1127,
     1129, 1133, 1137, 1138, 1141, 1143, 1145, 1149, 1153, 1155, 1157, 1159,
     1161, 1163, 1165, 1169, 1173, 1177, 1181, 1182, 1185, 1189, 1190, 1193,
     1197, 1198, 1201, 1205, 1209, 1213, 1214, 1217, 1221, 1225, 1229, 1230,
     1233, 1234, 1237, 1238, 1241, 1245, 1246, 1249, 1251, 1253, 1254, 1257,
     1261, 1265, 1269, 1271, 1273, 1274, 1277, 1278, 1281, 1285, 1287, 1289,
     1290, 1293, 1295, 1297, 1298, 1301, 1305, 1306, 1309, 1311, 1313, 1317,
     1321, 1323, 1325, 1329, 1333, 1334, 1337, 1341, 1345, 1349, 1353, 1354,
     1357, 1358, 1361, 1365, 1369, 1370, 1373, 1377, 1379, 1381, 1382, 1385,
     1389, 1393, 1394, 1397, 1398, 1401, 1402, 1405, 1407, 1409, 1413, 1414,
     1417, 1419, 1421, 1425, 1426, 1429, 1433, 1437, 1439
[ 1] 3, 15, 19, 23, 30, 34, 43, 51, 54, 59, 67, 74, 79, 82, 91, 98, 103, 107,
     115, 118, 122, 126, 130, 135, 138, 142, 147, 151, 162, 175, 179, 187,
     194, 199, 214, 227, 239, 242, 255, 258, 267, 271, 275, 283, 287, 299,
     318, 323, 339, 343, 350, 354, 358, 370, 375, 383, 395, 406, 415, 419,
     427, 430, 439, 458, 463, 470, 479, 503, 527, 555, 567, 575, 591, 615,
     619, 631, 651, 675, 687, 691, 695, 699, 707, 719, 727, 731, 734, 738,
     742, 747, 763, 767, 771, 775, 779, 783, 787, 791, 807, 815, 831, 847,
     850, 858, 867, 871, 875, 895, 899, 910, 915, 923, 926, 934, 939, 943,
     955, 979, 991, 994, 999, 1006, 1014, 1023, 1031, 1035, 1043, 1055, 1059,
     1071, 1079, 1082, 1086, 1091, 1099, 1103, 1111, 1115, 1119, 1123, 1131,
     1135, 1139, 1154, 1162, 1167, 1171, 1183, 1191, 1195, 1203, 1219, 1222,
     1227, 1231, 1243, 1255, 1263, 1270, 1286, 1294, 1299, 1303, 1307, 1319,
     1322, 1327, 1331, 1339, 1347, 1351, 1375, 1383, 1395, 1399, 1435
[ 2] 2, 6, 10, 22, 39, 42, 71, 87, 90, 94, 102, 110, 150, 154, 166, 170, 178,
     190, 198, 207, 210, 222, 226, 231, 251, 270, 295, 298, 302, 307, 330,
     346, 363, 367, 378, 394, 399, 403, 422, 438, 451, 478, 482, 510, 519,
     522, 526, 538, 550, 558, 562, 566, 579, 582, 594, 603, 606, 611, 623,
     626, 635, 638, 647, 674, 690, 698, 703, 710, 718, 722, 759, 762, 778,
     786, 798, 819, 826, 838, 843, 855, 862, 890, 894, 898, 903, 906, 914,
     922, 931, 938, 950, 954, 974, 982, 987, 1018, 1026, 1066, 1078, 1095,
     1130, 1142, 1147, 1151, 1170, 1178, 1194, 1210, 1218, 1226, 1267, 1283,
     1310, 1315, 1318, 1355, 1362, 1367, 1378, 1386, 1391, 1403, 1411, 1415
[ 3] 7, 14, 18, 26, 46, 50, 58, 62, 111, 146, 158, 174, 182, 230, 235, 250,
     262, 274, 286, 291, 322, 327, 334, 342, 366, 387, 402, 410, 414, 426,
     443, 450, 466, 474, 483, 487, 494, 502, 506, 515, 518, 523, 535, 539,
     543, 546, 551, 559, 563, 571, 587, 598, 607, 610, 622, 639, 643, 650,
     662, 670, 702, 714, 750, 755, 770, 774, 802, 814, 830, 839, 842, 874,
     882, 886, 918, 942, 947, 958, 966, 978, 1003, 1010, 1022, 1034, 1039,
     1042, 1046, 1062, 1070, 1098, 1107, 1114, 1126, 1146, 1150, 1175, 1187,
     1199, 1202, 1207, 1242, 1250, 1258, 1262, 1266, 1279, 1291, 1302, 1314,
     1326, 1330, 1335, 1342, 1346, 1350, 1366, 1371, 1387, 1410, 1423, 1430,
     1434, 1438
[ 4] 11, 27, 35, 47, 86, 119, 155, 163, 171, 195, 202, 218, 246, 254, 263,
     278, 282, 294, 303, 306, 311, 315, 374, 379, 390, 418, 423, 435, 446,
     454, 462, 467, 486, 491, 498, 530, 542, 547, 554, 590, 599, 630, 634,
     646, 654, 658, 663, 666, 679, 683, 686, 694, 706, 711, 723, 726, 730,
     743, 751, 766, 782, 790, 795, 803, 810, 818, 823, 827, 835, 846, 851,
     866, 879, 883, 902, 951, 962, 967, 970, 975, 983, 998, 1019, 1027, 1051,
     1054, 1058, 1063, 1067, 1074, 1106, 1122, 1134, 1158, 1166, 1174, 1179,
     1186, 1206, 1211, 1215, 1223, 1235, 1239, 1247, 1259, 1275, 1282, 1338,
     1343, 1359, 1363, 1374, 1390, 1406, 1418, 1422, 1427, 1431
[ 5] 20, 36, 64, 76, 88, 112, 116, 128, 148, 152, 156, 160, 180, 184, 188,
     200, 220, 232, 248, 256, 260, 264, 280, 284, 288, 292, 352, 364, 368,
     376, 464, 484, 488, 496, 500, 520, 524, 536, 556, 576, 580, 596, 600,
     608, 620, 628, 636, 652, 656, 668, 712, 736, 756, 764, 800, 804, 812,
     832, 872, 876, 908, 920, 952, 976, 988, 1016, 1020, 1024, 1056, 1076,
     1096, 1132, 1140, 1152, 1164, 1168, 1184, 1268, 1272, 1280, 1368, 1392
[ 6] 0, 4, 44, 48, 68, 108, 120, 136, 164, 172, 176, 228, 304, 308, 316, 328,
     336, 380, 416, 428, 452, 456, 476, 508, 532, 544, 552, 564, 568, 572,
     588, 612, 640, 644, 680, 740, 744, 768, 772, 780, 820, 836, 840, 856,
     860, 884, 924, 940, 948, 960, 980, 996, 1072, 1080, 1124, 1136, 1172,
     1176, 1192, 1232, 1248, 1264, 1316, 1328, 1332, 1340, 1348, 1360, 1372,
     1384, 1412
[ 7] 8, 24, 32, 52, 60, 84, 92, 100, 208, 224, 236, 244, 300, 312, 324, 344,
     348, 392, 400, 404, 408, 412, 424, 436, 444, 492, 540, 548, 604, 624,
     684, 720, 724, 728, 732, 752, 776, 808, 848, 864, 896, 932, 936, 956,
     1004, 1028, 1060, 1064, 1088, 1112, 1116, 1180, 1188, 1196, 1200, 1204,
     1212, 1228, 1236, 1260, 1276, 1292, 1300, 1320, 1344, 1352, 1408, 1416,
     1424, 1428
[ 8] 28, 40, 56, 96, 104, 124, 132, 168, 192, 196, 240, 272, 332, 340, 356,
     360, 372, 396, 420, 460, 468, 480, 512, 584, 592, 616, 632, 648, 664,
     672, 676, 700, 716, 748, 760, 792, 796, 844, 852, 888, 892, 900, 944,
     968, 972, 984, 1008, 1036, 1040, 1048, 1052, 1084, 1100, 1104, 1144,
     1156, 1216, 1244, 1252, 1256, 1304, 1308, 1324, 1336, 1364, 1396, 1404,
     1432, 1436
[ 9] 12, 16, 72, 80, 140, 144, 204, 212, 216, 252, 268, 276, 296, 320, 384,
     388, 432, 440, 448, 472, 504, 516, 528, 560, 660, 688, 692, 696, 704,
     708, 784, 788, 816, 824, 828, 868, 880, 904, 912, 916, 928, 964, 992,
     1000, 1012, 1032, 1044, 1068, 1092, 1108, 1120, 1128, 1148, 1160, 1208,
     1220, 1224, 1240, 1284, 1288, 1296, 1312, 1356, 1376, 1380, 1388, 1400,
     1420

Reassigned labels

Runtime: 1.4318413734436035

Performance split_log:

IM without threshold:
Map:
{"L_0": "L", "L_1": "L", "L_2": "L", "L_3": "L", "L_4": "L", "L_5": "L", "L_6": "L", "L_7": "L", "L_8": "L", "L_9": "L"}
token_fitness
{"perc_fit_traces": 100.0, "average_trace_fitness": 1.0, "log_fitness": 1.0, "percentage_of_fitting_traces": 100.0}
precision
0.7176887220776076
0.6421052631578946
generalization
0.645422075562905

Adjusted Rand Index:
0.3444624627654395



Parameters of this run:

Window size: 1
Threshold for edges: 1
Split candidates: L
Max number of traces: 5000000
Method for distance calculation: Distance.EDIT_DISTANCE
Method for finding clusters: ClusteringMethod.COMMUNITY_DETECTION
Original log location: ./data/noImprInLoop_default_OD\feb16-1625\logs\P_1_LogD_Sequence_feb16-1625.xes.gz
Use frequency: True

Found communities: 

Clustering with 1440 elements and 10 clusters
[ 0] 1, 5, 9, 13, 17, 21, 25, 29, 31, 33, 37, 38, 41, 45, 49, 53, 55, 57, 61,
     63, 65, 66, 69, 70, 73, 75, 77, 78, 81, 83, 85, 89, 93, 95, 97, 99, 101,
     105, 106, 109, 113, 114, 117, 121, 123, 125, 127, 129, 131, 133, 134,
     137, 139, 141, 143, 145, 149, 153, 157, 159, 161, 165, 167, 169, 173,
     177, 181, 183, 185, 186, 189, 191, 193, 197, 201, 203, 205, 206, 209,
     211, 213, 215, 217, 219, 221, 223, 225, 229, 233, 234, 237, 238, 241,
     243, 245, 247, 249, 253, 257, 259, 261, 265, 266, 269, 273, 277, 279,
     281, 285, 289, 290, 293, 297, 301, 305, 309, 310, 313, 314, 317, 319,
     321, 325, 326, 329, 331, 333, 335, 337, 338, 341, 345, 347, 349, 351,
     353, 355, 357, 359, 361, 362, 365, 369, 371, 373, 377, 381, 382, 385,
     386, 389, 391, 393, 397, 398, 401, 405, 407, 409, 411, 413, 417, 421,
     425, 429, 431, 433, 434, 437, 441, 442, 445, 447, 449, 453, 455, 457,
     459, 461, 465, 469, 471, 473, 475, 477, 481, 485, 489, 490, 493, 495,
     497, 499, 501, 505, 507, 509, 511, 513, 514, 517, 521, 525, 529, 531,
     533, 534, 537, 541, 545, 549, 553, 557, 561, 565, 569, 570, 573, 574,
     577, 578, 581, 583, 585, 586, 589, 593, 595, 597, 601, 602, 605, 609,
     613, 614, 617, 618, 621, 625, 627, 629, 633, 637, 641, 642, 645, 649,
     653, 655, 657, 659, 661, 665, 667, 669, 671, 673, 677, 678, 681, 682,
     685, 689, 693, 697, 701, 705, 709, 713, 715, 717, 721, 725, 729, 733,
     735, 737, 739, 741, 745, 746, 749, 753, 754, 757, 758, 761, 765, 769,
     773, 777, 781, 785, 789, 793, 794, 797, 799, 801, 805, 806, 809, 811,
     813, 817, 821, 822, 825, 829, 833, 834, 837, 841, 845, 849, 853, 854,
     857, 859, 861, 863, 865, 869, 870, 873, 877, 878, 881, 885, 887, 889,
     891, 893, 897, 901, 905, 907, 909, 911, 913, 917, 919, 921, 925, 927,
     929, 930, 933, 935, 937, 941, 945, 946, 949, 953, 957, 959, 961, 963,
     965, 969, 971, 973, 977, 981, 985, 986, 989, 990, 993, 995, 997, 1001,
     1002, 1005, 1007, 1009, 1011, 1013, 1015, 1017, 1021, 1025, 1029, 1030,
     1033, 1037, 1038, 1041, 1045, 1047, 1049, 1050, 1053, 1057, 1061, 1065,
     1069, 1073, 1075, 1077, 1081, 1083, 1085, 1087, 1089, 1090, 1093, 1094,
     1097, 1101, 1102, 1105, 1109, 1110, 1113, 1117, 1118, 1121, 1125, 1127,
     1129, 1133, 1137, 1138, 1141, 1143, 1145, 1149, 1153, 1155, 1157, 1159,
     1161, 1163, 1165, 1169, 1173, 1177, 1181, 1182, 1185, 1189, 1190, 1193,
     1197, 1198, 1201, 1205, 1209, 1213, 1214, 1217, 1221, 1225, 1229, 1230,
     1233, 1234, 1237, 1238, 1241, 1245, 1246, 1249, 1251, 1253, 1254, 1257,
     1261, 1265, 1269, 1271, 1273, 1274, 1277, 1278, 1281, 1285, 1287, 1289,
     1290, 1293, 1295, 1297, 1298, 1301, 1305, 1306, 1309, 1311, 1313, 1317,
     1321, 1323, 1325, 1329, 1333, 1334, 1337, 1341, 1345, 1349, 1353, 1354,
     1357, 1358, 1361, 1365, 1369, 1370, 1373, 1377, 1379, 1381, 1382, 1385,
     1389, 1393, 1394, 1397, 1398, 1401, 1402, 1405, 1407, 1409, 1413, 1414,
     1417, 1419, 1421, 1425, 1426, 1429, 1433, 1437, 1439
[ 1] 3, 15, 19, 23, 30, 34, 43, 51, 54, 59, 67, 74, 79, 82, 91, 98, 103, 107,
     115, 118, 122, 126, 130, 135, 138, 142, 147, 151, 162, 175, 179, 187,
     194, 199, 214, 227, 239, 242, 255, 258, 267, 271, 275, 283, 287, 299,
     318, 323, 339, 343, 350, 354, 358, 370, 375, 383, 395, 406, 415, 419,
     427, 430, 439, 458, 463, 470, 479, 503, 527, 555, 567, 575, 591, 615,
     619, 631, 651, 675, 687, 691, 695, 699, 707, 719, 727, 731, 734, 738,
     742, 747, 763, 767, 771, 775, 779, 783, 787, 791, 807, 815, 831, 847,
     850, 858, 867, 871, 875, 895, 899, 910, 915, 923, 926, 934, 939, 943,
     955, 979, 991, 994, 999, 1006, 1014, 1023, 1031, 1035, 1043, 1055, 1059,
     1071, 1079, 1082, 1086, 1091, 1099, 1103, 1111, 1115, 1119, 1123, 1131,
     1135, 1139, 1154, 1162, 1167, 1171, 1183, 1191, 1195, 1203, 1219, 1222,
     1227, 1231, 1243, 1255, 1263, 1270, 1286, 1294, 1299, 1303, 1307, 1319,
     1322, 1327, 1331, 1339, 1347, 1351, 1375, 1383, 1395, 1399, 1435
[ 2] 2, 6, 10, 22, 39, 42, 71, 87, 90, 94, 102, 110, 150, 154, 166, 170, 178,
     190, 198, 207, 210, 222, 226, 231, 251, 270, 295, 298, 302, 307, 330,
     346, 363, 367, 378, 394, 399, 403, 422, 438, 451, 478, 482, 510, 519,
     522, 526, 538, 550, 558, 562, 566, 579, 582, 594, 603, 606, 611, 623,
     626, 635, 638, 647, 674, 690, 698, 703, 710, 718, 722, 759, 762, 778,
     786, 798, 819, 826, 838, 843, 855, 862, 890, 894, 898, 903, 906, 914,
     922, 931, 938, 950, 954, 974, 982, 987, 1018, 1026, 1066, 1078, 1095,
     1130, 1142, 1147, 1151, 1170, 1178, 1194, 1210, 1218, 1226, 1267, 1283,
     1310, 1315, 1318, 1355, 1362, 1367, 1378, 1386, 1391, 1403, 1411, 1415
[ 3] 7, 14, 18, 26, 46, 50, 58, 62, 111, 146, 158, 174, 182, 230, 235, 250,
     262, 274, 286, 291, 322, 327, 334, 342, 366, 387, 402, 410, 414, 426,
     443, 450, 466, 474, 483, 487, 494, 502, 506, 515, 518, 523, 535, 539,
     543, 546, 551, 559, 563, 571, 587, 598, 607, 610, 622, 639, 643, 650,
     662, 670, 702, 714, 750, 755, 770, 774, 802, 814, 830, 839, 842, 874,
     882, 886, 918, 942, 947, 958, 966, 978, 1003, 1010, 1022, 1034, 1039,
     1042, 1046, 1062, 1070, 1098, 1107, 1114, 1126, 1146, 1150, 1175, 1187,
     1199, 1202, 1207, 1242, 1250, 1258, 1262, 1266, 1279, 1291, 1302, 1314,
     1326, 1330, 1335, 1342, 1346, 1350, 1366, 1371, 1387, 1410, 1423, 1430,
     1434, 1438
[ 4] 11, 27, 35, 47, 86, 119, 155, 163, 171, 195, 202, 218, 246, 254, 263,
     278, 282, 294, 303, 306, 311, 315, 374, 379, 390, 418, 423, 435, 446,
     454, 462, 467, 486, 491, 498, 530, 542, 547, 554, 590, 599, 630, 634,
     646, 654, 658, 663, 666, 679, 683, 686, 694, 706, 711, 723, 726, 730,
     743, 751, 766, 782, 790, 795, 803, 810, 818, 823, 827, 835, 846, 851,
     866, 879, 883, 902, 951, 962, 967, 970, 975, 983, 998, 1019, 1027, 1051,
     1054, 1058, 1063, 1067, 1074, 1106, 1122, 1134, 1158, 1166, 1174, 1179,
     1186, 1206, 1211, 1215, 1223, 1235, 1239, 1247, 1259, 1275, 1282, 1338,
     1343, 1359, 1363, 1374, 1390, 1406, 1418, 1422, 1427, 1431
[ 5] 20, 36, 64, 76, 88, 112, 116, 128, 148, 152, 156, 160, 180, 184, 188,
     200, 220, 232, 248, 256, 260, 264, 280, 284, 288, 292, 352, 364, 368,
     376, 464, 484, 488, 496, 500, 520, 524, 536, 556, 576, 580, 596, 600,
     608, 620, 628, 636, 652, 656, 668, 712, 736, 756, 764, 800, 804, 812,
     832, 872, 876, 908, 920, 952, 976, 988, 1016, 1020, 1024, 1056, 1076,
     1096, 1132, 1140, 1152, 1164, 1168, 1184, 1268, 1272, 1280, 1368, 1392
[ 6] 0, 4, 44, 48, 68, 108, 120, 136, 164, 172, 176, 228, 304, 308, 316, 328,
     336, 380, 416, 428, 452, 456, 476, 508, 532, 544, 552, 564, 568, 572,
     588, 612, 640, 644, 680, 740, 744, 768, 772, 780, 820, 836, 840, 856,
     860, 884, 924, 940, 948, 960, 980, 996, 1072, 1080, 1124, 1136, 1172,
     1176, 1192, 1232, 1248, 1264, 1316, 1328, 1332, 1340, 1348, 1360, 1372,
     1384, 1412
[ 7] 8, 24, 32, 52, 60, 84, 92, 100, 208, 224, 236, 244, 300, 312, 324, 344,
     348, 392, 400, 404, 408, 412, 424, 436, 444, 492, 540, 548, 604, 624,
     684, 720, 724, 728, 732, 752, 776, 808, 848, 864, 896, 932, 936, 956,
     1004, 1028, 1060, 1064, 1088, 1112, 1116, 1180, 1188, 1196, 1200, 1204,
     1212, 1228, 1236, 1260, 1276, 1292, 1300, 1320, 1344, 1352, 1408, 1416,
     1424, 1428
[ 8] 28, 40, 56, 96, 104, 124, 132, 168, 192, 196, 240, 272, 332, 340, 356,
     360, 372, 396, 420, 460, 468, 480, 512, 584, 592, 616, 632, 648, 664,
     672, 676, 700, 716, 748, 760, 792, 796, 844, 852, 888, 892, 900, 944,
     968, 972, 984, 1008, 1036, 1040, 1048, 1052, 1084, 1100, 1104, 1144,
     1156, 1216, 1244, 1252, 1256, 1304, 1308, 1324, 1336, 1364, 1396, 1404,
     1432, 1436
[ 9] 12, 16, 72, 80, 140, 144, 204, 212, 216, 252, 268, 276, 296, 320, 384,
     388, 432, 440, 448, 472, 504, 516, 528, 560, 660, 688, 692, 696, 704,
     708, 784, 788, 816, 824, 828, 868, 880, 904, 912, 916, 928, 964, 992,
     1000, 1012, 1032, 1044, 1068, 1092, 1108, 1120, 1128, 1148, 1160, 1208,
     1220, 1224, 1240, 1284, 1288, 1296, 1312, 1356, 1376, 1380, 1388, 1400,
     1420

Reassigned labels

Runtime: 1.536536455154419

Performance split_log:

IM without threshold:
Map:
{"L_0": "L", "L_1": "L", "L_2": "L", "L_3": "L", "L_4": "L", "L_5": "L", "L_6": "L", "L_7": "L", "L_8": "L", "L_9": "L"}
token_fitness
{"perc_fit_traces": 0.0, "average_trace_fitness": 0.9203108695652236, "log_fitness": 0.9138149980026363, "percentage_of_fitting_traces": 0.0}
precision
0.6473285134896843
0.6421052631578946
generalization
0.615761702427513

Adjusted Rand Index:
0.3444624627654395



Parameters of this run:

Window size: 1
Threshold for edges: 0
Split candidates: L
Max number of traces: 5000000
Method for distance calculation: Distance.SET_DISTANCE
Method for finding clusters: ClusteringMethod.COMMUNITY_DETECTION
Original log location: ./data/noImprInLoop_default_OD\feb16-1625\logs\P_1_LogD_Sequence_feb16-1625.xes.gz
Use frequency: True

Found communities: 

Clustering with 1440 elements and 3 clusters
[0] 0, 2, 4, 6, 7, 8, 10, 11, 12, 14, 16, 18, 20, 22, 24, 26, 27, 28, 32, 35,
    36, 39, 40, 42, 44, 46, 47, 48, 50, 52, 56, 58, 60, 62, 64, 68, 71, 72,
    76, 80, 84, 86, 87, 88, 90, 92, 94, 96, 100, 102, 104, 108, 110, 111, 112,
    116, 119, 120, 124, 128, 132, 136, 140, 144, 146, 148, 150, 152, 154, 155,
    156, 158, 160, 163, 164, 166, 168, 170, 171, 172, 174, 176, 178, 180, 182,
    184, 188, 190, 192, 195, 196, 198, 200, 202, 204, 207, 208, 210, 212, 216,
    218, 220, 222, 224, 226, 228, 230, 231, 232, 235, 236, 240, 244, 246, 248,
    250, 251, 252, 254, 256, 260, 262, 263, 264, 268, 270, 272, 274, 276, 278,
    280, 282, 284, 286, 288, 291, 292, 294, 295, 296, 298, 300, 302, 303, 304,
    306, 307, 308, 311, 312, 315, 316, 320, 322, 324, 327, 328, 330, 332, 334,
    336, 340, 342, 344, 346, 348, 352, 356, 360, 363, 364, 366, 367, 368, 372,
    374, 376, 378, 379, 380, 384, 387, 388, 390, 392, 394, 396, 399, 400, 402,
    403, 404, 408, 410, 412, 414, 416, 418, 420, 422, 423, 424, 426, 428, 432,
    435, 436, 438, 440, 443, 444, 446, 448, 450, 451, 452, 454, 456, 460, 462,
    464, 466, 467, 468, 472, 474, 476, 478, 480, 482, 483, 484, 486, 487, 488,
    491, 492, 494, 496, 498, 500, 502, 504, 506, 508, 510, 512, 515, 516, 518,
    519, 520, 522, 523, 524, 526, 528, 530, 532, 535, 536, 538, 539, 540, 542,
    543, 544, 546, 547, 548, 550, 551, 552, 554, 556, 558, 559, 560, 562, 563,
    564, 566, 568, 571, 572, 576, 579, 580, 582, 584, 587, 588, 590, 592, 594,
    596, 598, 599, 600, 603, 604, 606, 607, 608, 610, 611, 612, 616, 620, 622,
    623, 624, 626, 628, 630, 632, 634, 635, 636, 638, 639, 640, 643, 644, 646,
    647, 648, 650, 652, 654, 656, 658, 660, 662, 663, 664, 666, 668, 670, 672,
    674, 676, 679, 680, 683, 684, 686, 688, 690, 692, 694, 696, 698, 700, 702,
    703, 704, 706, 708, 710, 711, 712, 714, 716, 718, 720, 722, 723, 724, 726,
    728, 730, 732, 736, 740, 743, 744, 748, 750, 751, 752, 755, 756, 759, 760,
    762, 764, 766, 768, 770, 772, 774, 776, 778, 780, 782, 784, 786, 788, 790,
    792, 795, 796, 798, 800, 802, 803, 804, 808, 810, 812, 814, 816, 818, 819,
    820, 823, 824, 826, 827, 828, 830, 832, 835, 836, 838, 839, 840, 842, 843,
    844, 846, 848, 851, 852, 855, 856, 860, 862, 864, 866, 868, 872, 874, 876,
    879, 880, 882, 883, 884, 886, 888, 890, 892, 894, 896, 898, 900, 902, 903,
    904, 906, 908, 912, 914, 916, 918, 920, 922, 924, 928, 931, 932, 936, 938,
    940, 942, 944, 947, 948, 950, 951, 952, 954, 956, 958, 960, 962, 964, 966,
    967, 968, 970, 972, 974, 975, 976, 978, 980, 982, 983, 984, 987, 988, 992,
    996, 998, 1000, 1003, 1004, 1008, 1010, 1012, 1016, 1018, 1019, 1020,
    1022, 1024, 1026, 1027, 1028, 1032, 1034, 1036, 1039, 1040, 1042, 1044,
    1046, 1048, 1051, 1052, 1054, 1056, 1058, 1060, 1062, 1063, 1064, 1066,
    1067, 1068, 1070, 1072, 1074, 1076, 1078, 1080, 1084, 1088, 1092, 1095,
    1096, 1098, 1100, 1104, 1106, 1107, 1108, 1112, 1114, 1116, 1120, 1122,
    1124, 1126, 1128, 1130, 1132, 1134, 1136, 1140, 1142, 1144, 1146, 1147,
    1148, 1150, 1151, 1152, 1156, 1158, 1160, 1164, 1166, 1168, 1170, 1172,
    1174, 1175, 1176, 1178, 1179, 1180, 1184, 1186, 1187, 1188, 1192, 1194,
    1196, 1199, 1200, 1202, 1204, 1206, 1207, 1208, 1210, 1211, 1212, 1215,
    1216, 1218, 1220, 1223, 1224, 1226, 1228, 1232, 1235, 1236, 1239, 1240,
    1242, 1244, 1247, 1248, 1250, 1252, 1256, 1258, 1259, 1260, 1262, 1264,
    1266, 1267, 1268, 1272, 1275, 1276, 1279, 1280, 1282, 1283, 1284, 1288,
    1291, 1292, 1296, 1300, 1302, 1304, 1308, 1310, 1312, 1314, 1315, 1316,
    1318, 1320, 1324, 1326, 1328, 1330, 1332, 1335, 1336, 1338, 1340, 1342,
    1343, 1344, 1346, 1348, 1350, 1352, 1355, 1356, 1359, 1360, 1362, 1363,
    1364, 1366, 1367, 1368, 1371, 1372, 1374, 1376, 1378, 1380, 1384, 1386,
    1387, 1388, 1390, 1391, 1392, 1396, 1400, 1403, 1404, 1406, 1408, 1410,
    1411, 1412, 1415, 1416, 1418, 1420, 1422, 1423, 1424, 1427, 1428, 1430,
    1431, 1432, 1434, 1436, 1438
[1] 1, 5, 9, 13, 17, 21, 25, 29, 31, 33, 37, 38, 41, 45, 49, 53, 55, 57, 61,
    63, 65, 66, 69, 70, 73, 75, 77, 78, 81, 83, 85, 89, 93, 95, 97, 99, 101,
    105, 106, 109, 113, 114, 117, 121, 123, 125, 127, 129, 131, 133, 134, 137,
    139, 141, 143, 145, 149, 153, 157, 159, 161, 165, 167, 169, 173, 177, 181,
    183, 185, 186, 189, 191, 193, 197, 201, 203, 205, 206, 209, 211, 213, 215,
    217, 219, 221, 223, 225, 229, 233, 234, 237, 238, 241, 243, 245, 247, 249,
    253, 257, 259, 261, 265, 266, 269, 273, 277, 279, 281, 285, 289, 290, 293,
    297, 301, 305, 309, 310, 313, 314, 317, 319, 321, 325, 326, 329, 331, 333,
    335, 337, 338, 341, 345, 347, 349, 351, 353, 355, 357, 359, 361, 362, 365,
    369, 371, 373, 377, 381, 382, 385, 386, 389, 391, 393, 397, 398, 401, 405,
    407, 409, 411, 413, 417, 421, 425, 429, 431, 433, 434, 437, 441, 442, 445,
    447, 449, 453, 455, 457, 459, 461, 465, 469, 471, 473, 475, 477, 481, 485,
    489, 490, 493, 495, 497, 499, 501, 505, 507, 509, 511, 513, 514, 517, 521,
    525, 529, 531, 533, 534, 537, 541, 545, 549, 553, 557, 561, 565, 569, 570,
    573, 574, 577, 578, 581, 583, 585, 586, 589, 593, 595, 597, 601, 602, 605,
    609, 613, 614, 617, 618, 621, 625, 627, 629, 633, 637, 641, 642, 645, 649,
    653, 655, 657, 659, 661, 665, 667, 669, 671, 673, 677, 678, 681, 682, 685,
    689, 693, 697, 701, 705, 709, 713, 715, 717, 721, 725, 729, 733, 735, 737,
    739, 741, 745, 746, 749, 753, 754, 757, 758, 761, 765, 769, 773, 777, 781,
    785, 789, 793, 794, 797, 799, 801, 805, 806, 809, 811, 813, 817, 821, 822,
    825, 829, 833, 834, 837, 841, 845, 849, 853, 854, 857, 859, 861, 863, 865,
    869, 870, 873, 877, 878, 881, 885, 887, 889, 891, 893, 897, 901, 905, 907,
    909, 911, 913, 917, 919, 921, 925, 927, 929, 930, 933, 935, 937, 941, 945,
    946, 949, 953, 957, 959, 961, 963, 965, 969, 971, 973, 977, 981, 985, 986,
    989, 990, 993, 995, 997, 1001, 1002, 1005, 1007, 1009, 1011, 1013, 1015,
    1017, 1021, 1025, 1029, 1030, 1033, 1037, 1038, 1041, 1045, 1047, 1049,
    1050, 1053, 1057, 1061, 1065, 1069, 1073, 1075, 1077, 1081, 1083, 1085,
    1087, 1089, 1090, 1093, 1094, 1097, 1101, 1102, 1105, 1109, 1110, 1113,
    1117, 1118, 1121, 1125, 1127, 1129, 1133, 1137, 1138, 1141, 1143, 1145,
    1149, 1153, 1155, 1157, 1159, 1161, 1163, 1165, 1169, 1173, 1177, 1181,
    1182, 1185, 1189, 1190, 1193, 1197, 1198, 1201, 1205, 1209, 1213, 1214,
    1217, 1221, 1225, 1229, 1230, 1233, 1234, 1237, 1238, 1241, 1245, 1246,
    1249, 1251, 1253, 1254, 1257, 1261, 1265, 1269, 1271, 1273, 1274, 1277,
    1278, 1281, 1285, 1287, 1289, 1290, 1293, 1295, 1297, 1298, 1301, 1305,
    1306, 1309, 1311, 1313, 1317, 1321, 1323, 1325, 1329, 1333, 1334, 1337,
    1341, 1345, 1349, 1353, 1354, 1357, 1358, 1361, 1365, 1369, 1370, 1373,
    1377, 1379, 1381, 1382, 1385, 1389, 1393, 1394, 1397, 1398, 1401, 1402,
    1405, 1407, 1409, 1413, 1414, 1417, 1419, 1421, 1425, 1426, 1429, 1433,
    1437, 1439
[2] 3, 15, 19, 23, 30, 34, 43, 51, 54, 59, 67, 74, 79, 82, 91, 98, 103, 107,
    115, 118, 122, 126, 130, 135, 138, 142, 147, 151, 162, 175, 179, 187, 194,
    199, 214, 227, 239, 242, 255, 258, 267, 271, 275, 283, 287, 299, 318, 323,
    339, 343, 350, 354, 358, 370, 375, 383, 395, 406, 415, 419, 427, 430, 439,
    458, 463, 470, 479, 503, 527, 555, 567, 575, 591, 615, 619, 631, 651, 675,
    687, 691, 695, 699, 707, 719, 727, 731, 734, 738, 742, 747, 763, 767, 771,
    775, 779, 783, 787, 791, 807, 815, 831, 847, 850, 858, 867, 871, 875, 895,
    899, 910, 915, 923, 926, 934, 939, 943, 955, 979, 991, 994, 999, 1006,
    1014, 1023, 1031, 1035, 1043, 1055, 1059, 1071, 1079, 1082, 1086, 1091,
    1099, 1103, 1111, 1115, 1119, 1123, 1131, 1135, 1139, 1154, 1162, 1167,
    1171, 1183, 1191, 1195, 1203, 1219, 1222, 1227, 1231, 1243, 1255, 1263,
    1270, 1286, 1294, 1299, 1303, 1307, 1319, 1322, 1327, 1331, 1339, 1347,
    1351, 1375, 1383, 1395, 1399, 1435

Reassigned labels

Runtime: 2.2079083919525146

Performance split_log:

IM without threshold:
Map:
{"L_0": "L", "L_1": "L", "L_2": "L"}
token_fitness
{"perc_fit_traces": 0.0, "average_trace_fitness": 0.8984151515151575, "log_fitness": 0.9003068187022026, "percentage_of_fitting_traces": 0.0}
precision
0.6132276155482499
0.6623376623376623
generalization
0.7353400833882112

Adjusted Rand Index:
0.3198804788331943



Parameters of this run:

Window size: 1
Threshold for edges: 0.25
Split candidates: L
Max number of traces: 5000000
Method for distance calculation: Distance.SET_DISTANCE
Method for finding clusters: ClusteringMethod.COMMUNITY_DETECTION
Original log location: ./data/noImprInLoop_default_OD\feb16-1625\logs\P_1_LogD_Sequence_feb16-1625.xes.gz
Use frequency: True

Found communities: 

Clustering with 1440 elements and 3 clusters
[0] 0, 2, 4, 6, 7, 8, 10, 11, 12, 14, 16, 18, 20, 22, 24, 26, 27, 28, 32, 35,
    36, 39, 40, 42, 44, 46, 47, 48, 50, 52, 56, 58, 60, 62, 64, 68, 71, 72,
    76, 80, 84, 86, 87, 88, 90, 92, 94, 96, 100, 102, 104, 108, 110, 111, 112,
    116, 119, 120, 124, 128, 132, 136, 140, 144, 146, 148, 150, 152, 154, 155,
    156, 158, 160, 163, 164, 166, 168, 170, 171, 172, 174, 176, 178, 180, 182,
    184, 188, 190, 192, 195, 196, 198, 200, 202, 204, 207, 208, 210, 212, 216,
    218, 220, 222, 224, 226, 228, 230, 231, 232, 235, 236, 240, 244, 246, 248,
    250, 251, 252, 254, 256, 260, 262, 263, 264, 268, 270, 272, 274, 276, 278,
    280, 282, 284, 286, 288, 291, 292, 294, 295, 296, 298, 300, 302, 303, 304,
    306, 307, 308, 311, 312, 315, 316, 320, 322, 324, 327, 328, 330, 332, 334,
    336, 340, 342, 344, 346, 348, 352, 356, 360, 363, 364, 366, 367, 368, 372,
    374, 376, 378, 379, 380, 384, 387, 388, 390, 392, 394, 396, 399, 400, 402,
    403, 404, 408, 410, 412, 414, 416, 418, 420, 422, 423, 424, 426, 428, 432,
    435, 436, 438, 440, 443, 444, 446, 448, 450, 451, 452, 454, 456, 460, 462,
    464, 466, 467, 468, 472, 474, 476, 478, 480, 482, 483, 484, 486, 487, 488,
    491, 492, 494, 496, 498, 500, 502, 504, 506, 508, 510, 512, 515, 516, 518,
    519, 520, 522, 523, 524, 526, 528, 530, 532, 535, 536, 538, 539, 540, 542,
    543, 544, 546, 547, 548, 550, 551, 552, 554, 556, 558, 559, 560, 562, 563,
    564, 566, 568, 571, 572, 576, 579, 580, 582, 584, 587, 588, 590, 592, 594,
    596, 598, 599, 600, 603, 604, 606, 607, 608, 610, 611, 612, 616, 620, 622,
    623, 624, 626, 628, 630, 632, 634, 635, 636, 638, 639, 640, 643, 644, 646,
    647, 648, 650, 652, 654, 656, 658, 660, 662, 663, 664, 666, 668, 670, 672,
    674, 676, 679, 680, 683, 684, 686, 688, 690, 692, 694, 696, 698, 700, 702,
    703, 704, 706, 708, 710, 711, 712, 714, 716, 718, 720, 722, 723, 724, 726,
    728, 730, 732, 736, 740, 743, 744, 748, 750, 751, 752, 755, 756, 759, 760,
    762, 764, 766, 768, 770, 772, 774, 776, 778, 780, 782, 784, 786, 788, 790,
    792, 795, 796, 798, 800, 802, 803, 804, 808, 810, 812, 814, 816, 818, 819,
    820, 823, 824, 826, 827, 828, 830, 832, 835, 836, 838, 839, 840, 842, 843,
    844, 846, 848, 851, 852, 855, 856, 860, 862, 864, 866, 868, 872, 874, 876,
    879, 880, 882, 883, 884, 886, 888, 890, 892, 894, 896, 898, 900, 902, 903,
    904, 906, 908, 912, 914, 916, 918, 920, 922, 924, 928, 931, 932, 936, 938,
    940, 942, 944, 947, 948, 950, 951, 952, 954, 956, 958, 960, 962, 964, 966,
    967, 968, 970, 972, 974, 975, 976, 978, 980, 982, 983, 984, 987, 988, 992,
    996, 998, 1000, 1003, 1004, 1008, 1010, 1012, 1016, 1018, 1019, 1020,
    1022, 1024, 1026, 1027, 1028, 1032, 1034, 1036, 1039, 1040, 1042, 1044,
    1046, 1048, 1051, 1052, 1054, 1056, 1058, 1060, 1062, 1063, 1064, 1066,
    1067, 1068, 1070, 1072, 1074, 1076, 1078, 1080, 1084, 1088, 1092, 1095,
    1096, 1098, 1100, 1104, 1106, 1107, 1108, 1112, 1114, 1116, 1120, 1122,
    1124, 1126, 1128, 1130, 1132, 1134, 1136, 1140, 1142, 1144, 1146, 1147,
    1148, 1150, 1151, 1152, 1156, 1158, 1160, 1164, 1166, 1168, 1170, 1172,
    1174, 1175, 1176, 1178, 1179, 1180, 1184, 1186, 1187, 1188, 1192, 1194,
    1196, 1199, 1200, 1202, 1204, 1206, 1207, 1208, 1210, 1211, 1212, 1215,
    1216, 1218, 1220, 1223, 1224, 1226, 1228, 1232, 1235, 1236, 1239, 1240,
    1242, 1244, 1247, 1248, 1250, 1252, 1256, 1258, 1259, 1260, 1262, 1264,
    1266, 1267, 1268, 1272, 1275, 1276, 1279, 1280, 1282, 1283, 1284, 1288,
    1291, 1292, 1296, 1300, 1302, 1304, 1308, 1310, 1312, 1314, 1315, 1316,
    1318, 1320, 1324, 1326, 1328, 1330, 1332, 1335, 1336, 1338, 1340, 1342,
    1343, 1344, 1346, 1348, 1350, 1352, 1355, 1356, 1359, 1360, 1362, 1363,
    1364, 1366, 1367, 1368, 1371, 1372, 1374, 1376, 1378, 1380, 1384, 1386,
    1387, 1388, 1390, 1391, 1392, 1396, 1400, 1403, 1404, 1406, 1408, 1410,
    1411, 1412, 1415, 1416, 1418, 1420, 1422, 1423, 1424, 1427, 1428, 1430,
    1431, 1432, 1434, 1436, 1438
[1] 1, 5, 9, 13, 17, 21, 25, 29, 31, 33, 37, 38, 41, 45, 49, 53, 55, 57, 61,
    63, 65, 66, 69, 70, 73, 75, 77, 78, 81, 83, 85, 89, 93, 95, 97, 99, 101,
    105, 106, 109, 113, 114, 117, 121, 123, 125, 127, 129, 131, 133, 134, 137,
    139, 141, 143, 145, 149, 153, 157, 159, 161, 165, 167, 169, 173, 177, 181,
    183, 185, 186, 189, 191, 193, 197, 201, 203, 205, 206, 209, 211, 213, 215,
    217, 219, 221, 223, 225, 229, 233, 234, 237, 238, 241, 243, 245, 247, 249,
    253, 257, 259, 261, 265, 266, 269, 273, 277, 279, 281, 285, 289, 290, 293,
    297, 301, 305, 309, 310, 313, 314, 317, 319, 321, 325, 326, 329, 331, 333,
    335, 337, 338, 341, 345, 347, 349, 351, 353, 355, 357, 359, 361, 362, 365,
    369, 371, 373, 377, 381, 382, 385, 386, 389, 391, 393, 397, 398, 401, 405,
    407, 409, 411, 413, 417, 421, 425, 429, 431, 433, 434, 437, 441, 442, 445,
    447, 449, 453, 455, 457, 459, 461, 465, 469, 471, 473, 475, 477, 481, 485,
    489, 490, 493, 495, 497, 499, 501, 505, 507, 509, 511, 513, 514, 517, 521,
    525, 529, 531, 533, 534, 537, 541, 545, 549, 553, 557, 561, 565, 569, 570,
    573, 574, 577, 578, 581, 583, 585, 586, 589, 593, 595, 597, 601, 602, 605,
    609, 613, 614, 617, 618, 621, 625, 627, 629, 633, 637, 641, 642, 645, 649,
    653, 655, 657, 659, 661, 665, 667, 669, 671, 673, 677, 678, 681, 682, 685,
    689, 693, 697, 701, 705, 709, 713, 715, 717, 721, 725, 729, 733, 735, 737,
    739, 741, 745, 746, 749, 753, 754, 757, 758, 761, 765, 769, 773, 777, 781,
    785, 789, 793, 794, 797, 799, 801, 805, 806, 809, 811, 813, 817, 821, 822,
    825, 829, 833, 834, 837, 841, 845, 849, 853, 854, 857, 859, 861, 863, 865,
    869, 870, 873, 877, 878, 881, 885, 887, 889, 891, 893, 897, 901, 905, 907,
    909, 911, 913, 917, 919, 921, 925, 927, 929, 930, 933, 935, 937, 941, 945,
    946, 949, 953, 957, 959, 961, 963, 965, 969, 971, 973, 977, 981, 985, 986,
    989, 990, 993, 995, 997, 1001, 1002, 1005, 1007, 1009, 1011, 1013, 1015,
    1017, 1021, 1025, 1029, 1030, 1033, 1037, 1038, 1041, 1045, 1047, 1049,
    1050, 1053, 1057, 1061, 1065, 1069, 1073, 1075, 1077, 1081, 1083, 1085,
    1087, 1089, 1090, 1093, 1094, 1097, 1101, 1102, 1105, 1109, 1110, 1113,
    1117, 1118, 1121, 1125, 1127, 1129, 1133, 1137, 1138, 1141, 1143, 1145,
    1149, 1153, 1155, 1157, 1159, 1161, 1163, 1165, 1169, 1173, 1177, 1181,
    1182, 1185, 1189, 1190, 1193, 1197, 1198, 1201, 1205, 1209, 1213, 1214,
    1217, 1221, 1225, 1229, 1230, 1233, 1234, 1237, 1238, 1241, 1245, 1246,
    1249, 1251, 1253, 1254, 1257, 1261, 1265, 1269, 1271, 1273, 1274, 1277,
    1278, 1281, 1285, 1287, 1289, 1290, 1293, 1295, 1297, 1298, 1301, 1305,
    1306, 1309, 1311, 1313, 1317, 1321, 1323, 1325, 1329, 1333, 1334, 1337,
    1341, 1345, 1349, 1353, 1354, 1357, 1358, 1361, 1365, 1369, 1370, 1373,
    1377, 1379, 1381, 1382, 1385, 1389, 1393, 1394, 1397, 1398, 1401, 1402,
    1405, 1407, 1409, 1413, 1414, 1417, 1419, 1421, 1425, 1426, 1429, 1433,
    1437, 1439
[2] 3, 15, 19, 23, 30, 34, 43, 51, 54, 59, 67, 74, 79, 82, 91, 98, 103, 107,
    115, 118, 122, 126, 130, 135, 138, 142, 147, 151, 162, 175, 179, 187, 194,
    199, 214, 227, 239, 242, 255, 258, 267, 271, 275, 283, 287, 299, 318, 323,
    339, 343, 350, 354, 358, 370, 375, 383, 395, 406, 415, 419, 427, 430, 439,
    458, 463, 470, 479, 503, 527, 555, 567, 575, 591, 615, 619, 631, 651, 675,
    687, 691, 695, 699, 707, 719, 727, 731, 734, 738, 742, 747, 763, 767, 771,
    775, 779, 783, 787, 791, 807, 815, 831, 847, 850, 858, 867, 871, 875, 895,
    899, 910, 915, 923, 926, 934, 939, 943, 955, 979, 991, 994, 999, 1006,
    1014, 1023, 1031, 1035, 1043, 1055, 1059, 1071, 1079, 1082, 1086, 1091,
    1099, 1103, 1111, 1115, 1119, 1123, 1131, 1135, 1139, 1154, 1162, 1167,
    1171, 1183, 1191, 1195, 1203, 1219, 1222, 1227, 1231, 1243, 1255, 1263,
    1270, 1286, 1294, 1299, 1303, 1307, 1319, 1322, 1327, 1331, 1339, 1347,
    1351, 1375, 1383, 1395, 1399, 1435

Reassigned labels

Runtime: 2.11842942237854

Performance split_log:

IM without threshold:
Map:
{"L_0": "L", "L_1": "L", "L_2": "L"}
token_fitness
{"perc_fit_traces": 0.0, "average_trace_fitness": 0.8984151515151575, "log_fitness": 0.9003068187022026, "percentage_of_fitting_traces": 0.0}
precision
0.6132276155482499
0.6623376623376623
generalization
0.7353400833882112

Adjusted Rand Index:
0.3198804788331943



Parameters of this run:

Window size: 1
Threshold for edges: 0.5
Split candidates: L
Max number of traces: 5000000
Method for distance calculation: Distance.SET_DISTANCE
Method for finding clusters: ClusteringMethod.COMMUNITY_DETECTION
Original log location: ./data/noImprInLoop_default_OD\feb16-1625\logs\P_1_LogD_Sequence_feb16-1625.xes.gz
Use frequency: True

Found communities: 

Clustering with 1440 elements and 3 clusters
[0] 0, 2, 4, 6, 7, 8, 10, 11, 12, 14, 16, 18, 20, 22, 24, 26, 27, 28, 32, 35,
    36, 39, 40, 42, 44, 46, 47, 48, 50, 52, 56, 58, 60, 62, 64, 68, 71, 72,
    76, 80, 84, 86, 87, 88, 90, 92, 94, 96, 100, 102, 104, 108, 110, 111, 112,
    116, 119, 120, 124, 128, 132, 136, 140, 144, 146, 148, 150, 152, 154, 155,
    156, 158, 160, 163, 164, 166, 168, 170, 171, 172, 174, 176, 178, 180, 182,
    184, 188, 190, 192, 195, 196, 198, 200, 202, 204, 207, 208, 210, 212, 216,
    218, 220, 222, 224, 226, 228, 230, 231, 232, 235, 236, 240, 244, 246, 248,
    250, 251, 252, 254, 256, 260, 262, 263, 264, 268, 270, 272, 274, 276, 278,
    280, 282, 284, 286, 288, 291, 292, 294, 295, 296, 298, 300, 302, 303, 304,
    306, 307, 308, 311, 312, 315, 316, 320, 322, 324, 327, 328, 330, 332, 334,
    336, 340, 342, 344, 346, 348, 352, 356, 360, 363, 364, 366, 367, 368, 372,
    374, 376, 378, 379, 380, 384, 387, 388, 390, 392, 394, 396, 399, 400, 402,
    403, 404, 408, 410, 412, 414, 416, 418, 420, 422, 423, 424, 426, 428, 432,
    435, 436, 438, 440, 443, 444, 446, 448, 450, 451, 452, 454, 456, 460, 462,
    464, 466, 467, 468, 472, 474, 476, 478, 480, 482, 483, 484, 486, 487, 488,
    491, 492, 494, 496, 498, 500, 502, 504, 506, 508, 510, 512, 515, 516, 518,
    519, 520, 522, 523, 524, 526, 528, 530, 532, 535, 536, 538, 539, 540, 542,
    543, 544, 546, 547, 548, 550, 551, 552, 554, 556, 558, 559, 560, 562, 563,
    564, 566, 568, 571, 572, 576, 579, 580, 582, 584, 587, 588, 590, 592, 594,
    596, 598, 599, 600, 603, 604, 606, 607, 608, 610, 611, 612, 616, 620, 622,
    623, 624, 626, 628, 630, 632, 634, 635, 636, 638, 639, 640, 643, 644, 646,
    647, 648, 650, 652, 654, 656, 658, 660, 662, 663, 664, 666, 668, 670, 672,
    674, 676, 679, 680, 683, 684, 686, 688, 690, 692, 694, 696, 698, 700, 702,
    703, 704, 706, 708, 710, 711, 712, 714, 716, 718, 720, 722, 723, 724, 726,
    728, 730, 732, 736, 740, 743, 744, 748, 750, 751, 752, 755, 756, 759, 760,
    762, 764, 766, 768, 770, 772, 774, 776, 778, 780, 782, 784, 786, 788, 790,
    792, 795, 796, 798, 800, 802, 803, 804, 808, 810, 812, 814, 816, 818, 819,
    820, 823, 824, 826, 827, 828, 830, 832, 835, 836, 838, 839, 840, 842, 843,
    844, 846, 848, 851, 852, 855, 856, 860, 862, 864, 866, 868, 872, 874, 876,
    879, 880, 882, 883, 884, 886, 888, 890, 892, 894, 896, 898, 900, 902, 903,
    904, 906, 908, 912, 914, 916, 918, 920, 922, 924, 928, 931, 932, 936, 938,
    940, 942, 944, 947, 948, 950, 951, 952, 954, 956, 958, 960, 962, 964, 966,
    967, 968, 970, 972, 974, 975, 976, 978, 980, 982, 983, 984, 987, 988, 992,
    996, 998, 1000, 1003, 1004, 1008, 1010, 1012, 1016, 1018, 1019, 1020,
    1022, 1024, 1026, 1027, 1028, 1032, 1034, 1036, 1039, 1040, 1042, 1044,
    1046, 1048, 1051, 1052, 1054, 1056, 1058, 1060, 1062, 1063, 1064, 1066,
    1067, 1068, 1070, 1072, 1074, 1076, 1078, 1080, 1084, 1088, 1092, 1095,
    1096, 1098, 1100, 1104, 1106, 1107, 1108, 1112, 1114, 1116, 1120, 1122,
    1124, 1126, 1128, 1130, 1132, 1134, 1136, 1140, 1142, 1144, 1146, 1147,
    1148, 1150, 1151, 1152, 1156, 1158, 1160, 1164, 1166, 1168, 1170, 1172,
    1174, 1175, 1176, 1178, 1179, 1180, 1184, 1186, 1187, 1188, 1192, 1194,
    1196, 1199, 1200, 1202, 1204, 1206, 1207, 1208, 1210, 1211, 1212, 1215,
    1216, 1218, 1220, 1223, 1224, 1226, 1228, 1232, 1235, 1236, 1239, 1240,
    1242, 1244, 1247, 1248, 1250, 1252, 1256, 1258, 1259, 1260, 1262, 1264,
    1266, 1267, 1268, 1272, 1275, 1276, 1279, 1280, 1282, 1283, 1284, 1288,
    1291, 1292, 1296, 1300, 1302, 1304, 1308, 1310, 1312, 1314, 1315, 1316,
    1318, 1320, 1324, 1326, 1328, 1330, 1332, 1335, 1336, 1338, 1340, 1342,
    1343, 1344, 1346, 1348, 1350, 1352, 1355, 1356, 1359, 1360, 1362, 1363,
    1364, 1366, 1367, 1368, 1371, 1372, 1374, 1376, 1378, 1380, 1384, 1386,
    1387, 1388, 1390, 1391, 1392, 1396, 1400, 1403, 1404, 1406, 1408, 1410,
    1411, 1412, 1415, 1416, 1418, 1420, 1422, 1423, 1424, 1427, 1428, 1430,
    1431, 1432, 1434, 1436, 1438
[1] 1, 5, 9, 13, 17, 21, 25, 29, 31, 33, 37, 38, 41, 45, 49, 53, 55, 57, 61,
    63, 65, 66, 69, 70, 73, 75, 77, 78, 81, 83, 85, 89, 93, 95, 97, 99, 101,
    105, 106, 109, 113, 114, 117, 121, 123, 125, 127, 129, 131, 133, 134, 137,
    139, 141, 143, 145, 149, 153, 157, 159, 161, 165, 167, 169, 173, 177, 181,
    183, 185, 186, 189, 191, 193, 197, 201, 203, 205, 206, 209, 211, 213, 215,
    217, 219, 221, 223, 225, 229, 233, 234, 237, 238, 241, 243, 245, 247, 249,
    253, 257, 259, 261, 265, 266, 269, 273, 277, 279, 281, 285, 289, 290, 293,
    297, 301, 305, 309, 310, 313, 314, 317, 319, 321, 325, 326, 329, 331, 333,
    335, 337, 338, 341, 345, 347, 349, 351, 353, 355, 357, 359, 361, 362, 365,
    369, 371, 373, 377, 381, 382, 385, 386, 389, 391, 393, 397, 398, 401, 405,
    407, 409, 411, 413, 417, 421, 425, 429, 431, 433, 434, 437, 441, 442, 445,
    447, 449, 453, 455, 457, 459, 461, 465, 469, 471, 473, 475, 477, 481, 485,
    489, 490, 493, 495, 497, 499, 501, 505, 507, 509, 511, 513, 514, 517, 521,
    525, 529, 531, 533, 534, 537, 541, 545, 549, 553, 557, 561, 565, 569, 570,
    573, 574, 577, 578, 581, 583, 585, 586, 589, 593, 595, 597, 601, 602, 605,
    609, 613, 614, 617, 618, 621, 625, 627, 629, 633, 637, 641, 642, 645, 649,
    653, 655, 657, 659, 661, 665, 667, 669, 671, 673, 677, 678, 681, 682, 685,
    689, 693, 697, 701, 705, 709, 713, 715, 717, 721, 725, 729, 733, 735, 737,
    739, 741, 745, 746, 749, 753, 754, 757, 758, 761, 765, 769, 773, 777, 781,
    785, 789, 793, 794, 797, 799, 801, 805, 806, 809, 811, 813, 817, 821, 822,
    825, 829, 833, 834, 837, 841, 845, 849, 853, 854, 857, 859, 861, 863, 865,
    869, 870, 873, 877, 878, 881, 885, 887, 889, 891, 893, 897, 901, 905, 907,
    909, 911, 913, 917, 919, 921, 925, 927, 929, 930, 933, 935, 937, 941, 945,
    946, 949, 953, 957, 959, 961, 963, 965, 969, 971, 973, 977, 981, 985, 986,
    989, 990, 993, 995, 997, 1001, 1002, 1005, 1007, 1009, 1011, 1013, 1015,
    1017, 1021, 1025, 1029, 1030, 1033, 1037, 1038, 1041, 1045, 1047, 1049,
    1050, 1053, 1057, 1061, 1065, 1069, 1073, 1075, 1077, 1081, 1083, 1085,
    1087, 1089, 1090, 1093, 1094, 1097, 1101, 1102, 1105, 1109, 1110, 1113,
    1117, 1118, 1121, 1125, 1127, 1129, 1133, 1137, 1138, 1141, 1143, 1145,
    1149, 1153, 1155, 1157, 1159, 1161, 1163, 1165, 1169, 1173, 1177, 1181,
    1182, 1185, 1189, 1190, 1193, 1197, 1198, 1201, 1205, 1209, 1213, 1214,
    1217, 1221, 1225, 1229, 1230, 1233, 1234, 1237, 1238, 1241, 1245, 1246,
    1249, 1251, 1253, 1254, 1257, 1261, 1265, 1269, 1271, 1273, 1274, 1277,
    1278, 1281, 1285, 1287, 1289, 1290, 1293, 1295, 1297, 1298, 1301, 1305,
    1306, 1309, 1311, 1313, 1317, 1321, 1323, 1325, 1329, 1333, 1334, 1337,
    1341, 1345, 1349, 1353, 1354, 1357, 1358, 1361, 1365, 1369, 1370, 1373,
    1377, 1379, 1381, 1382, 1385, 1389, 1393, 1394, 1397, 1398, 1401, 1402,
    1405, 1407, 1409, 1413, 1414, 1417, 1419, 1421, 1425, 1426, 1429, 1433,
    1437, 1439
[2] 3, 15, 19, 23, 30, 34, 43, 51, 54, 59, 67, 74, 79, 82, 91, 98, 103, 107,
    115, 118, 122, 126, 130, 135, 138, 142, 147, 151, 162, 175, 179, 187, 194,
    199, 214, 227, 239, 242, 255, 258, 267, 271, 275, 283, 287, 299, 318, 323,
    339, 343, 350, 354, 358, 370, 375, 383, 395, 406, 415, 419, 427, 430, 439,
    458, 463, 470, 479, 503, 527, 555, 567, 575, 591, 615, 619, 631, 651, 675,
    687, 691, 695, 699, 707, 719, 727, 731, 734, 738, 742, 747, 763, 767, 771,
    775, 779, 783, 787, 791, 807, 815, 831, 847, 850, 858, 867, 871, 875, 895,
    899, 910, 915, 923, 926, 934, 939, 943, 955, 979, 991, 994, 999, 1006,
    1014, 1023, 1031, 1035, 1043, 1055, 1059, 1071, 1079, 1082, 1086, 1091,
    1099, 1103, 1111, 1115, 1119, 1123, 1131, 1135, 1139, 1154, 1162, 1167,
    1171, 1183, 1191, 1195, 1203, 1219, 1222, 1227, 1231, 1243, 1255, 1263,
    1270, 1286, 1294, 1299, 1303, 1307, 1319, 1322, 1327, 1331, 1339, 1347,
    1351, 1375, 1383, 1395, 1399, 1435

Reassigned labels

Runtime: 2.0681605339050293

Performance split_log:

IM without threshold:
Map:
{"L_0": "L", "L_1": "L", "L_2": "L"}
token_fitness
{"perc_fit_traces": 100.0, "average_trace_fitness": 1.0, "log_fitness": 1.0, "percentage_of_fitting_traces": 100.0}
precision
0.6300587250551377
0.6623376623376623
generalization
0.626868469117313

Adjusted Rand Index:
0.3198804788331943



Parameters of this run:

Window size: 1
Threshold for edges: 0.75
Split candidates: L
Max number of traces: 5000000
Method for distance calculation: Distance.SET_DISTANCE
Method for finding clusters: ClusteringMethod.COMMUNITY_DETECTION
Original log location: ./data/noImprInLoop_default_OD\feb16-1625\logs\P_1_LogD_Sequence_feb16-1625.xes.gz
Use frequency: True

Found communities: 

Clustering with 1440 elements and 10 clusters
[ 0] 1, 5, 9, 13, 17, 21, 25, 29, 31, 33, 37, 38, 41, 45, 49, 53, 55, 57, 61,
     63, 65, 66, 69, 70, 73, 75, 77, 78, 81, 83, 85, 89, 93, 95, 97, 99, 101,
     105, 106, 109, 113, 114, 117, 121, 123, 125, 127, 129, 131, 133, 134,
     137, 139, 141, 143, 145, 149, 153, 157, 159, 161, 165, 167, 169, 173,
     177, 181, 183, 185, 186, 189, 191, 193, 197, 201, 203, 205, 206, 209,
     211, 213, 215, 217, 219, 221, 223, 225, 229, 233, 234, 237, 238, 241,
     243, 245, 247, 249, 253, 257, 259, 261, 265, 266, 269, 273, 277, 279,
     281, 285, 289, 290, 293, 297, 301, 305, 309, 310, 313, 314, 317, 319,
     321, 325, 326, 329, 331, 333, 335, 337, 338, 341, 345, 347, 349, 351,
     353, 355, 357, 359, 361, 362, 365, 369, 371, 373, 377, 381, 382, 385,
     386, 389, 391, 393, 397, 398, 401, 405, 407, 409, 411, 413, 417, 421,
     425, 429, 431, 433, 434, 437, 441, 442, 445, 447, 449, 453, 455, 457,
     459, 461, 465, 469, 471, 473, 475, 477, 481, 485, 489, 490, 493, 495,
     497, 499, 501, 505, 507, 509, 511, 513, 514, 517, 521, 525, 529, 531,
     533, 534, 537, 541, 545, 549, 553, 557, 561, 565, 569, 570, 573, 574,
     577, 578, 581, 583, 585, 586, 589, 593, 595, 597, 601, 602, 605, 609,
     613, 614, 617, 618, 621, 625, 627, 629, 633, 637, 641, 642, 645, 649,
     653, 655, 657, 659, 661, 665, 667, 669, 671, 673, 677, 678, 681, 682,
     685, 689, 693, 697, 701, 705, 709, 713, 715, 717, 721, 725, 729, 733,
     735, 737, 739, 741, 745, 746, 749, 753, 754, 757, 758, 761, 765, 769,
     773, 777, 781, 785, 789, 793, 794, 797, 799, 801, 805, 806, 809, 811,
     813, 817, 821, 822, 825, 829, 833, 834, 837, 841, 845, 849, 853, 854,
     857, 859, 861, 863, 865, 869, 870, 873, 877, 878, 881, 885, 887, 889,
     891, 893, 897, 901, 905, 907, 909, 911, 913, 917, 919, 921, 925, 927,
     929, 930, 933, 935, 937, 941, 945, 946, 949, 953, 957, 959, 961, 963,
     965, 969, 971, 973, 977, 981, 985, 986, 989, 990, 993, 995, 997, 1001,
     1002, 1005, 1007, 1009, 1011, 1013, 1015, 1017, 1021, 1025, 1029, 1030,
     1033, 1037, 1038, 1041, 1045, 1047, 1049, 1050, 1053, 1057, 1061, 1065,
     1069, 1073, 1075, 1077, 1081, 1083, 1085, 1087, 1089, 1090, 1093, 1094,
     1097, 1101, 1102, 1105, 1109, 1110, 1113, 1117, 1118, 1121, 1125, 1127,
     1129, 1133, 1137, 1138, 1141, 1143, 1145, 1149, 1153, 1155, 1157, 1159,
     1161, 1163, 1165, 1169, 1173, 1177, 1181, 1182, 1185, 1189, 1190, 1193,
     1197, 1198, 1201, 1205, 1209, 1213, 1214, 1217, 1221, 1225, 1229, 1230,
     1233, 1234, 1237, 1238, 1241, 1245, 1246, 1249, 1251, 1253, 1254, 1257,
     1261, 1265, 1269, 1271, 1273, 1274, 1277, 1278, 1281, 1285, 1287, 1289,
     1290, 1293, 1295, 1297, 1298, 1301, 1305, 1306, 1309, 1311, 1313, 1317,
     1321, 1323, 1325, 1329, 1333, 1334, 1337, 1341, 1345, 1349, 1353, 1354,
     1357, 1358, 1361, 1365, 1369, 1370, 1373, 1377, 1379, 1381, 1382, 1385,
     1389, 1393, 1394, 1397, 1398, 1401, 1402, 1405, 1407, 1409, 1413, 1414,
     1417, 1419, 1421, 1425, 1426, 1429, 1433, 1437, 1439
[ 1] 3, 15, 19, 23, 30, 34, 43, 51, 54, 59, 67, 74, 79, 82, 91, 98, 103, 107,
     115, 118, 122, 126, 130, 135, 138, 142, 147, 151, 162, 175, 179, 187,
     194, 199, 214, 227, 239, 242, 255, 258, 267, 271, 275, 283, 287, 299,
     318, 323, 339, 343, 350, 354, 358, 370, 375, 383, 395, 406, 415, 419,
     427, 430, 439, 458, 463, 470, 479, 503, 527, 555, 567, 575, 591, 615,
     619, 631, 651, 675, 687, 691, 695, 699, 707, 719, 727, 731, 734, 738,
     742, 747, 763, 767, 771, 775, 779, 783, 787, 791, 807, 815, 831, 847,
     850, 858, 867, 871, 875, 895, 899, 910, 915, 923, 926, 934, 939, 943,
     955, 979, 991, 994, 999, 1006, 1014, 1023, 1031, 1035, 1043, 1055, 1059,
     1071, 1079, 1082, 1086, 1091, 1099, 1103, 1111, 1115, 1119, 1123, 1131,
     1135, 1139, 1154, 1162, 1167, 1171, 1183, 1191, 1195, 1203, 1219, 1222,
     1227, 1231, 1243, 1255, 1263, 1270, 1286, 1294, 1299, 1303, 1307, 1319,
     1322, 1327, 1331, 1339, 1347, 1351, 1375, 1383, 1395, 1399, 1435
[ 2] 2, 6, 10, 22, 39, 42, 71, 87, 90, 94, 102, 110, 150, 154, 166, 170, 178,
     190, 198, 207, 210, 222, 226, 231, 251, 270, 295, 298, 302, 307, 330,
     346, 363, 367, 378, 394, 399, 403, 422, 438, 451, 478, 482, 510, 519,
     522, 526, 538, 550, 558, 562, 566, 579, 582, 594, 603, 606, 611, 623,
     626, 635, 638, 647, 674, 690, 698, 703, 710, 718, 722, 759, 762, 778,
     786, 798, 819, 826, 838, 843, 855, 862, 890, 894, 898, 903, 906, 914,
     922, 931, 938, 950, 954, 974, 982, 987, 1018, 1026, 1066, 1078, 1095,
     1130, 1142, 1147, 1151, 1170, 1178, 1194, 1210, 1218, 1226, 1267, 1283,
     1310, 1315, 1318, 1355, 1362, 1367, 1378, 1386, 1391, 1403, 1411, 1415
[ 3] 7, 14, 18, 26, 46, 50, 58, 62, 111, 146, 158, 174, 182, 230, 235, 250,
     262, 274, 286, 291, 322, 327, 334, 342, 366, 387, 402, 410, 414, 426,
     443, 450, 466, 474, 483, 487, 494, 502, 506, 515, 518, 523, 535, 539,
     543, 546, 551, 559, 563, 571, 587, 598, 607, 610, 622, 639, 643, 650,
     662, 670, 702, 714, 750, 755, 770, 774, 802, 814, 830, 839, 842, 874,
     882, 886, 918, 942, 947, 958, 966, 978, 1003, 1010, 1022, 1034, 1039,
     1042, 1046, 1062, 1070, 1098, 1107, 1114, 1126, 1146, 1150, 1175, 1187,
     1199, 1202, 1207, 1242, 1250, 1258, 1262, 1266, 1279, 1291, 1302, 1314,
     1326, 1330, 1335, 1342, 1346, 1350, 1366, 1371, 1387, 1410, 1423, 1430,
     1434, 1438
[ 4] 11, 27, 35, 47, 86, 119, 155, 163, 171, 195, 202, 218, 246, 254, 263,
     278, 282, 294, 303, 306, 311, 315, 374, 379, 390, 418, 423, 435, 446,
     454, 462, 467, 486, 491, 498, 530, 542, 547, 554, 590, 599, 630, 634,
     646, 654, 658, 663, 666, 679, 683, 686, 694, 706, 711, 723, 726, 730,
     743, 751, 766, 782, 790, 795, 803, 810, 818, 823, 827, 835, 846, 851,
     866, 879, 883, 902, 951, 962, 967, 970, 975, 983, 998, 1019, 1027, 1051,
     1054, 1058, 1063, 1067, 1074, 1106, 1122, 1134, 1158, 1166, 1174, 1179,
     1186, 1206, 1211, 1215, 1223, 1235, 1239, 1247, 1259, 1275, 1282, 1338,
     1343, 1359, 1363, 1374, 1390, 1406, 1418, 1422, 1427, 1431
[ 5] 20, 36, 64, 76, 88, 112, 116, 128, 148, 152, 156, 160, 180, 184, 188,
     200, 220, 232, 248, 256, 260, 264, 280, 284, 288, 292, 352, 364, 368,
     376, 464, 484, 488, 496, 500, 520, 524, 536, 556, 576, 580, 596, 600,
     608, 620, 628, 636, 652, 656, 668, 712, 736, 756, 764, 800, 804, 812,
     832, 872, 876, 908, 920, 952, 976, 988, 1016, 1020, 1024, 1056, 1076,
     1096, 1132, 1140, 1152, 1164, 1168, 1184, 1268, 1272, 1280, 1368, 1392
[ 6] 0, 4, 44, 48, 68, 108, 120, 136, 164, 172, 176, 228, 304, 308, 316, 328,
     336, 380, 416, 428, 452, 456, 476, 508, 532, 544, 552, 564, 568, 572,
     588, 612, 640, 644, 680, 740, 744, 768, 772, 780, 820, 836, 840, 856,
     860, 884, 924, 940, 948, 960, 980, 996, 1072, 1080, 1124, 1136, 1172,
     1176, 1192, 1232, 1248, 1264, 1316, 1328, 1332, 1340, 1348, 1360, 1372,
     1384, 1412
[ 7] 8, 24, 32, 52, 60, 84, 92, 100, 208, 224, 236, 244, 300, 312, 324, 344,
     348, 392, 400, 404, 408, 412, 424, 436, 444, 492, 540, 548, 604, 624,
     684, 720, 724, 728, 732, 752, 776, 808, 848, 864, 896, 932, 936, 956,
     1004, 1028, 1060, 1064, 1088, 1112, 1116, 1180, 1188, 1196, 1200, 1204,
     1212, 1228, 1236, 1260, 1276, 1292, 1300, 1320, 1344, 1352, 1408, 1416,
     1424, 1428
[ 8] 28, 40, 56, 96, 104, 124, 132, 168, 192, 196, 240, 272, 332, 340, 356,
     360, 372, 396, 420, 460, 468, 480, 512, 584, 592, 616, 632, 648, 664,
     672, 676, 700, 716, 748, 760, 792, 796, 844, 852, 888, 892, 900, 944,
     968, 972, 984, 1008, 1036, 1040, 1048, 1052, 1084, 1100, 1104, 1144,
     1156, 1216, 1244, 1252, 1256, 1304, 1308, 1324, 1336, 1364, 1396, 1404,
     1432, 1436
[ 9] 12, 16, 72, 80, 140, 144, 204, 212, 216, 252, 268, 276, 296, 320, 384,
     388, 432, 440, 448, 472, 504, 516, 528, 560, 660, 688, 692, 696, 704,
     708, 784, 788, 816, 824, 828, 868, 880, 904, 912, 916, 928, 964, 992,
     1000, 1012, 1032, 1044, 1068, 1092, 1108, 1120, 1128, 1148, 1160, 1208,
     1220, 1224, 1240, 1284, 1288, 1296, 1312, 1356, 1376, 1380, 1388, 1400,
     1420

Reassigned labels

Runtime: 1.47489333152771

Performance split_log:

IM without threshold:
Map:
{"L_0": "L", "L_1": "L", "L_2": "L", "L_3": "L", "L_4": "L", "L_5": "L", "L_6": "L", "L_7": "L", "L_8": "L", "L_9": "L"}
token_fitness
{"perc_fit_traces": 100.0, "average_trace_fitness": 1.0, "log_fitness": 1.0, "percentage_of_fitting_traces": 100.0}
precision
0.7176887220776076
0.6421052631578946
generalization
0.645422075562905

Adjusted Rand Index:
0.3444624627654395



Parameters of this run:

Window size: 1
Threshold for edges: 1
Split candidates: L
Max number of traces: 5000000
Method for distance calculation: Distance.SET_DISTANCE
Method for finding clusters: ClusteringMethod.COMMUNITY_DETECTION
Original log location: ./data/noImprInLoop_default_OD\feb16-1625\logs\P_1_LogD_Sequence_feb16-1625.xes.gz
Use frequency: True

Found communities: 

Clustering with 1440 elements and 10 clusters
[ 0] 1, 5, 9, 13, 17, 21, 25, 29, 31, 33, 37, 38, 41, 45, 49, 53, 55, 57, 61,
     63, 65, 66, 69, 70, 73, 75, 77, 78, 81, 83, 85, 89, 93, 95, 97, 99, 101,
     105, 106, 109, 113, 114, 117, 121, 123, 125, 127, 129, 131, 133, 134,
     137, 139, 141, 143, 145, 149, 153, 157, 159, 161, 165, 167, 169, 173,
     177, 181, 183, 185, 186, 189, 191, 193, 197, 201, 203, 205, 206, 209,
     211, 213, 215, 217, 219, 221, 223, 225, 229, 233, 234, 237, 238, 241,
     243, 245, 247, 249, 253, 257, 259, 261, 265, 266, 269, 273, 277, 279,
     281, 285, 289, 290, 293, 297, 301, 305, 309, 310, 313, 314, 317, 319,
     321, 325, 326, 329, 331, 333, 335, 337, 338, 341, 345, 347, 349, 351,
     353, 355, 357, 359, 361, 362, 365, 369, 371, 373, 377, 381, 382, 385,
     386, 389, 391, 393, 397, 398, 401, 405, 407, 409, 411, 413, 417, 421,
     425, 429, 431, 433, 434, 437, 441, 442, 445, 447, 449, 453, 455, 457,
     459, 461, 465, 469, 471, 473, 475, 477, 481, 485, 489, 490, 493, 495,
     497, 499, 501, 505, 507, 509, 511, 513, 514, 517, 521, 525, 529, 531,
     533, 534, 537, 541, 545, 549, 553, 557, 561, 565, 569, 570, 573, 574,
     577, 578, 581, 583, 585, 586, 589, 593, 595, 597, 601, 602, 605, 609,
     613, 614, 617, 618, 621, 625, 627, 629, 633, 637, 641, 642, 645, 649,
     653, 655, 657, 659, 661, 665, 667, 669, 671, 673, 677, 678, 681, 682,
     685, 689, 693, 697, 701, 705, 709, 713, 715, 717, 721, 725, 729, 733,
     735, 737, 739, 741, 745, 746, 749, 753, 754, 757, 758, 761, 765, 769,
     773, 777, 781, 785, 789, 793, 794, 797, 799, 801, 805, 806, 809, 811,
     813, 817, 821, 822, 825, 829, 833, 834, 837, 841, 845, 849, 853, 854,
     857, 859, 861, 863, 865, 869, 870, 873, 877, 878, 881, 885, 887, 889,
     891, 893, 897, 901, 905, 907, 909, 911, 913, 917, 919, 921, 925, 927,
     929, 930, 933, 935, 937, 941, 945, 946, 949, 953, 957, 959, 961, 963,
     965, 969, 971, 973, 977, 981, 985, 986, 989, 990, 993, 995, 997, 1001,
     1002, 1005, 1007, 1009, 1011, 1013, 1015, 1017, 1021, 1025, 1029, 1030,
     1033, 1037, 1038, 1041, 1045, 1047, 1049, 1050, 1053, 1057, 1061, 1065,
     1069, 1073, 1075, 1077, 1081, 1083, 1085, 1087, 1089, 1090, 1093, 1094,
     1097, 1101, 1102, 1105, 1109, 1110, 1113, 1117, 1118, 1121, 1125, 1127,
     1129, 1133, 1137, 1138, 1141, 1143, 1145, 1149, 1153, 1155, 1157, 1159,
     1161, 1163, 1165, 1169, 1173, 1177, 1181, 1182, 1185, 1189, 1190, 1193,
     1197, 1198, 1201, 1205, 1209, 1213, 1214, 1217, 1221, 1225, 1229, 1230,
     1233, 1234, 1237, 1238, 1241, 1245, 1246, 1249, 1251, 1253, 1254, 1257,
     1261, 1265, 1269, 1271, 1273, 1274, 1277, 1278, 1281, 1285, 1287, 1289,
     1290, 1293, 1295, 1297, 1298, 1301, 1305, 1306, 1309, 1311, 1313, 1317,
     1321, 1323, 1325, 1329, 1333, 1334, 1337, 1341, 1345, 1349, 1353, 1354,
     1357, 1358, 1361, 1365, 1369, 1370, 1373, 1377, 1379, 1381, 1382, 1385,
     1389, 1393, 1394, 1397, 1398, 1401, 1402, 1405, 1407, 1409, 1413, 1414,
     1417, 1419, 1421, 1425, 1426, 1429, 1433, 1437, 1439
[ 1] 3, 15, 19, 23, 30, 34, 43, 51, 54, 59, 67, 74, 79, 82, 91, 98, 103, 107,
     115, 118, 122, 126, 130, 135, 138, 142, 147, 151, 162, 175, 179, 187,
     194, 199, 214, 227, 239, 242, 255, 258, 267, 271, 275, 283, 287, 299,
     318, 323, 339, 343, 350, 354, 358, 370, 375, 383, 395, 406, 415, 419,
     427, 430, 439, 458, 463, 470, 479, 503, 527, 555, 567, 575, 591, 615,
     619, 631, 651, 675, 687, 691, 695, 699, 707, 719, 727, 731, 734, 738,
     742, 747, 763, 767, 771, 775, 779, 783, 787, 791, 807, 815, 831, 847,
     850, 858, 867, 871, 875, 895, 899, 910, 915, 923, 926, 934, 939, 943,
     955, 979, 991, 994, 999, 1006, 1014, 1023, 1031, 1035, 1043, 1055, 1059,
     1071, 1079, 1082, 1086, 1091, 1099, 1103, 1111, 1115, 1119, 1123, 1131,
     1135, 1139, 1154, 1162, 1167, 1171, 1183, 1191, 1195, 1203, 1219, 1222,
     1227, 1231, 1243, 1255, 1263, 1270, 1286, 1294, 1299, 1303, 1307, 1319,
     1322, 1327, 1331, 1339, 1347, 1351, 1375, 1383, 1395, 1399, 1435
[ 2] 2, 6, 10, 22, 39, 42, 71, 87, 90, 94, 102, 110, 150, 154, 166, 170, 178,
     190, 198, 207, 210, 222, 226, 231, 251, 270, 295, 298, 302, 307, 330,
     346, 363, 367, 378, 394, 399, 403, 422, 438, 451, 478, 482, 510, 519,
     522, 526, 538, 550, 558, 562, 566, 579, 582, 594, 603, 606, 611, 623,
     626, 635, 638, 647, 674, 690, 698, 703, 710, 718, 722, 759, 762, 778,
     786, 798, 819, 826, 838, 843, 855, 862, 890, 894, 898, 903, 906, 914,
     922, 931, 938, 950, 954, 974, 982, 987, 1018, 1026, 1066, 1078, 1095,
     1130, 1142, 1147, 1151, 1170, 1178, 1194, 1210, 1218, 1226, 1267, 1283,
     1310, 1315, 1318, 1355, 1362, 1367, 1378, 1386, 1391, 1403, 1411, 1415
[ 3] 7, 14, 18, 26, 46, 50, 58, 62, 111, 146, 158, 174, 182, 230, 235, 250,
     262, 274, 286, 291, 322, 327, 334, 342, 366, 387, 402, 410, 414, 426,
     443, 450, 466, 474, 483, 487, 494, 502, 506, 515, 518, 523, 535, 539,
     543, 546, 551, 559, 563, 571, 587, 598, 607, 610, 622, 639, 643, 650,
     662, 670, 702, 714, 750, 755, 770, 774, 802, 814, 830, 839, 842, 874,
     882, 886, 918, 942, 947, 958, 966, 978, 1003, 1010, 1022, 1034, 1039,
     1042, 1046, 1062, 1070, 1098, 1107, 1114, 1126, 1146, 1150, 1175, 1187,
     1199, 1202, 1207, 1242, 1250, 1258, 1262, 1266, 1279, 1291, 1302, 1314,
     1326, 1330, 1335, 1342, 1346, 1350, 1366, 1371, 1387, 1410, 1423, 1430,
     1434, 1438
[ 4] 11, 27, 35, 47, 86, 119, 155, 163, 171, 195, 202, 218, 246, 254, 263,
     278, 282, 294, 303, 306, 311, 315, 374, 379, 390, 418, 423, 435, 446,
     454, 462, 467, 486, 491, 498, 530, 542, 547, 554, 590, 599, 630, 634,
     646, 654, 658, 663, 666, 679, 683, 686, 694, 706, 711, 723, 726, 730,
     743, 751, 766, 782, 790, 795, 803, 810, 818, 823, 827, 835, 846, 851,
     866, 879, 883, 902, 951, 962, 967, 970, 975, 983, 998, 1019, 1027, 1051,
     1054, 1058, 1063, 1067, 1074, 1106, 1122, 1134, 1158, 1166, 1174, 1179,
     1186, 1206, 1211, 1215, 1223, 1235, 1239, 1247, 1259, 1275, 1282, 1338,
     1343, 1359, 1363, 1374, 1390, 1406, 1418, 1422, 1427, 1431
[ 5] 20, 36, 64, 76, 88, 112, 116, 128, 148, 152, 156, 160, 180, 184, 188,
     200, 220, 232, 248, 256, 260, 264, 280, 284, 288, 292, 352, 364, 368,
     376, 464, 484, 488, 496, 500, 520, 524, 536, 556, 576, 580, 596, 600,
     608, 620, 628, 636, 652, 656, 668, 712, 736, 756, 764, 800, 804, 812,
     832, 872, 876, 908, 920, 952, 976, 988, 1016, 1020, 1024, 1056, 1076,
     1096, 1132, 1140, 1152, 1164, 1168, 1184, 1268, 1272, 1280, 1368, 1392
[ 6] 0, 4, 44, 48, 68, 108, 120, 136, 164, 172, 176, 228, 304, 308, 316, 328,
     336, 380, 416, 428, 452, 456, 476, 508, 532, 544, 552, 564, 568, 572,
     588, 612, 640, 644, 680, 740, 744, 768, 772, 780, 820, 836, 840, 856,
     860, 884, 924, 940, 948, 960, 980, 996, 1072, 1080, 1124, 1136, 1172,
     1176, 1192, 1232, 1248, 1264, 1316, 1328, 1332, 1340, 1348, 1360, 1372,
     1384, 1412
[ 7] 8, 24, 32, 52, 60, 84, 92, 100, 208, 224, 236, 244, 300, 312, 324, 344,
     348, 392, 400, 404, 408, 412, 424, 436, 444, 492, 540, 548, 604, 624,
     684, 720, 724, 728, 732, 752, 776, 808, 848, 864, 896, 932, 936, 956,
     1004, 1028, 1060, 1064, 1088, 1112, 1116, 1180, 1188, 1196, 1200, 1204,
     1212, 1228, 1236, 1260, 1276, 1292, 1300, 1320, 1344, 1352, 1408, 1416,
     1424, 1428
[ 8] 28, 40, 56, 96, 104, 124, 132, 168, 192, 196, 240, 272, 332, 340, 356,
     360, 372, 396, 420, 460, 468, 480, 512, 584, 592, 616, 632, 648, 664,
     672, 676, 700, 716, 748, 760, 792, 796, 844, 852, 888, 892, 900, 944,
     968, 972, 984, 1008, 1036, 1040, 1048, 1052, 1084, 1100, 1104, 1144,
     1156, 1216, 1244, 1252, 1256, 1304, 1308, 1324, 1336, 1364, 1396, 1404,
     1432, 1436
[ 9] 12, 16, 72, 80, 140, 144, 204, 212, 216, 252, 268, 276, 296, 320, 384,
     388, 432, 440, 448, 472, 504, 516, 528, 560, 660, 688, 692, 696, 704,
     708, 784, 788, 816, 824, 828, 868, 880, 904, 912, 916, 928, 964, 992,
     1000, 1012, 1032, 1044, 1068, 1092, 1108, 1120, 1128, 1148, 1160, 1208,
     1220, 1224, 1240, 1284, 1288, 1296, 1312, 1356, 1376, 1380, 1388, 1400,
     1420

Reassigned labels

Runtime: 1.609623908996582

Performance split_log:

IM without threshold:
Map:
{"L_0": "L", "L_1": "L", "L_2": "L", "L_3": "L", "L_4": "L", "L_5": "L", "L_6": "L", "L_7": "L", "L_8": "L", "L_9": "L"}
token_fitness
{"perc_fit_traces": 100.0, "average_trace_fitness": 1.0, "log_fitness": 1.0, "percentage_of_fitting_traces": 100.0}
precision
0.7088769586116487
0.6421052631578946
generalization
0.7391360004079034

Adjusted Rand Index:
0.3444624627654395



Parameters of this run:

Window size: 1
Threshold for edges: 0
Split candidates: L
Max number of traces: 5000000
Method for distance calculation: Distance.MULTISET_DISTANCE
Method for finding clusters: ClusteringMethod.COMMUNITY_DETECTION
Original log location: ./data/noImprInLoop_default_OD\feb16-1625\logs\P_1_LogD_Sequence_feb16-1625.xes.gz
Use frequency: True

Found communities: 

Clustering with 1440 elements and 3 clusters
[0] 0, 2, 4, 6, 7, 8, 10, 11, 12, 14, 16, 18, 20, 22, 24, 26, 27, 28, 32, 35,
    36, 39, 40, 42, 44, 46, 47, 48, 50, 52, 56, 58, 60, 62, 64, 68, 71, 72,
    76, 80, 84, 86, 87, 88, 90, 92, 94, 96, 100, 102, 104, 108, 110, 111, 112,
    116, 119, 120, 124, 128, 132, 136, 140, 144, 146, 148, 150, 152, 154, 155,
    156, 158, 160, 163, 164, 166, 168, 170, 171, 172, 174, 176, 178, 180, 182,
    184, 188, 190, 192, 195, 196, 198, 200, 202, 204, 207, 208, 210, 212, 216,
    218, 220, 222, 224, 226, 228, 230, 231, 232, 235, 236, 240, 244, 246, 248,
    250, 251, 252, 254, 256, 260, 262, 263, 264, 268, 270, 272, 274, 276, 278,
    280, 282, 284, 286, 288, 291, 292, 294, 295, 296, 298, 300, 302, 303, 304,
    306, 307, 308, 311, 312, 315, 316, 320, 322, 324, 327, 328, 330, 332, 334,
    336, 340, 342, 344, 346, 348, 352, 356, 360, 363, 364, 366, 367, 368, 372,
    374, 376, 378, 379, 380, 384, 387, 388, 390, 392, 394, 396, 399, 400, 402,
    403, 404, 408, 410, 412, 414, 416, 418, 420, 422, 423, 424, 426, 428, 432,
    435, 436, 438, 440, 443, 444, 446, 448, 450, 451, 452, 454, 456, 460, 462,
    464, 466, 467, 468, 472, 474, 476, 478, 480, 482, 483, 484, 486, 487, 488,
    491, 492, 494, 496, 498, 500, 502, 504, 506, 508, 510, 512, 515, 516, 518,
    519, 520, 522, 523, 524, 526, 528, 530, 532, 535, 536, 538, 539, 540, 542,
    543, 544, 546, 547, 548, 550, 551, 552, 554, 556, 558, 559, 560, 562, 563,
    564, 566, 568, 571, 572, 576, 579, 580, 582, 584, 587, 588, 590, 592, 594,
    596, 598, 599, 600, 603, 604, 606, 607, 608, 610, 611, 612, 616, 620, 622,
    623, 624, 626, 628, 630, 632, 634, 635, 636, 638, 639, 640, 643, 644, 646,
    647, 648, 650, 652, 654, 656, 658, 660, 662, 663, 664, 666, 668, 670, 672,
    674, 676, 679, 680, 683, 684, 686, 688, 690, 692, 694, 696, 698, 700, 702,
    703, 704, 706, 708, 710, 711, 712, 714, 716, 718, 720, 722, 723, 724, 726,
    728, 730, 732, 736, 740, 743, 744, 748, 750, 751, 752, 755, 756, 759, 760,
    762, 764, 766, 768, 770, 772, 774, 776, 778, 780, 782, 784, 786, 788, 790,
    792, 795, 796, 798, 800, 802, 803, 804, 808, 810, 812, 814, 816, 818, 819,
    820, 823, 824, 826, 827, 828, 830, 832, 835, 836, 838, 839, 840, 842, 843,
    844, 846, 848, 851, 852, 855, 856, 860, 862, 864, 866, 868, 872, 874, 876,
    879, 880, 882, 883, 884, 886, 888, 890, 892, 894, 896, 898, 900, 902, 903,
    904, 906, 908, 912, 914, 916, 918, 920, 922, 924, 928, 931, 932, 936, 938,
    940, 942, 944, 947, 948, 950, 951, 952, 954, 956, 958, 960, 962, 964, 966,
    967, 968, 970, 972, 974, 975, 976, 978, 980, 982, 983, 984, 987, 988, 992,
    996, 998, 1000, 1003, 1004, 1008, 1010, 1012, 1016, 1018, 1019, 1020,
    1022, 1024, 1026, 1027, 1028, 1032, 1034, 1036, 1039, 1040, 1042, 1044,
    1046, 1048, 1051, 1052, 1054, 1056, 1058, 1060, 1062, 1063, 1064, 1066,
    1067, 1068, 1070, 1072, 1074, 1076, 1078, 1080, 1084, 1088, 1092, 1095,
    1096, 1098, 1100, 1104, 1106, 1107, 1108, 1112, 1114, 1116, 1120, 1122,
    1124, 1126, 1128, 1130, 1132, 1134, 1136, 1140, 1142, 1144, 1146, 1147,
    1148, 1150, 1151, 1152, 1156, 1158, 1160, 1164, 1166, 1168, 1170, 1172,
    1174, 1175, 1176, 1178, 1179, 1180, 1184, 1186, 1187, 1188, 1192, 1194,
    1196, 1199, 1200, 1202, 1204, 1206, 1207, 1208, 1210, 1211, 1212, 1215,
    1216, 1218, 1220, 1223, 1224, 1226, 1228, 1232, 1235, 1236, 1239, 1240,
    1242, 1244, 1247, 1248, 1250, 1252, 1256, 1258, 1259, 1260, 1262, 1264,
    1266, 1267, 1268, 1272, 1275, 1276, 1279, 1280, 1282, 1283, 1284, 1288,
    1291, 1292, 1296, 1300, 1302, 1304, 1308, 1310, 1312, 1314, 1315, 1316,
    1318, 1320, 1324, 1326, 1328, 1330, 1332, 1335, 1336, 1338, 1340, 1342,
    1343, 1344, 1346, 1348, 1350, 1352, 1355, 1356, 1359, 1360, 1362, 1363,
    1364, 1366, 1367, 1368, 1371, 1372, 1374, 1376, 1378, 1380, 1384, 1386,
    1387, 1388, 1390, 1391, 1392, 1396, 1400, 1403, 1404, 1406, 1408, 1410,
    1411, 1412, 1415, 1416, 1418, 1420, 1422, 1423, 1424, 1427, 1428, 1430,
    1431, 1432, 1434, 1436, 1438
[1] 1, 5, 9, 13, 17, 21, 25, 29, 31, 33, 37, 38, 41, 45, 49, 53, 55, 57, 61,
    63, 65, 66, 69, 70, 73, 75, 77, 78, 81, 83, 85, 89, 93, 95, 97, 99, 101,
    105, 106, 109, 113, 114, 117, 121, 123, 125, 127, 129, 131, 133, 134, 137,
    139, 141, 143, 145, 149, 153, 157, 159, 161, 165, 167, 169, 173, 177, 181,
    183, 185, 186, 189, 191, 193, 197, 201, 203, 205, 206, 209, 211, 213, 215,
    217, 219, 221, 223, 225, 229, 233, 234, 237, 238, 241, 243, 245, 247, 249,
    253, 257, 259, 261, 265, 266, 269, 273, 277, 279, 281, 285, 289, 290, 293,
    297, 301, 305, 309, 310, 313, 314, 317, 319, 321, 325, 326, 329, 331, 333,
    335, 337, 338, 341, 345, 347, 349, 351, 353, 355, 357, 359, 361, 362, 365,
    369, 371, 373, 377, 381, 382, 385, 386, 389, 391, 393, 397, 398, 401, 405,
    407, 409, 411, 413, 417, 421, 425, 429, 431, 433, 434, 437, 441, 442, 445,
    447, 449, 453, 455, 457, 459, 461, 465, 469, 471, 473, 475, 477, 481, 485,
    489, 490, 493, 495, 497, 499, 501, 505, 507, 509, 511, 513, 514, 517, 521,
    525, 529, 531, 533, 534, 537, 541, 545, 549, 553, 557, 561, 565, 569, 570,
    573, 574, 577, 578, 581, 583, 585, 586, 589, 593, 595, 597, 601, 602, 605,
    609, 613, 614, 617, 618, 621, 625, 627, 629, 633, 637, 641, 642, 645, 649,
    653, 655, 657, 659, 661, 665, 667, 669, 671, 673, 677, 678, 681, 682, 685,
    689, 693, 697, 701, 705, 709, 713, 715, 717, 721, 725, 729, 733, 735, 737,
    739, 741, 745, 746, 749, 753, 754, 757, 758, 761, 765, 769, 773, 777, 781,
    785, 789, 793, 794, 797, 799, 801, 805, 806, 809, 811, 813, 817, 821, 822,
    825, 829, 833, 834, 837, 841, 845, 849, 853, 854, 857, 859, 861, 863, 865,
    869, 870, 873, 877, 878, 881, 885, 887, 889, 891, 893, 897, 901, 905, 907,
    909, 911, 913, 917, 919, 921, 925, 927, 929, 930, 933, 935, 937, 941, 945,
    946, 949, 953, 957, 959, 961, 963, 965, 969, 971, 973, 977, 981, 985, 986,
    989, 990, 993, 995, 997, 1001, 1002, 1005, 1007, 1009, 1011, 1013, 1015,
    1017, 1021, 1025, 1029, 1030, 1033, 1037, 1038, 1041, 1045, 1047, 1049,
    1050, 1053, 1057, 1061, 1065, 1069, 1073, 1075, 1077, 1081, 1083, 1085,
    1087, 1089, 1090, 1093, 1094, 1097, 1101, 1102, 1105, 1109, 1110, 1113,
    1117, 1118, 1121, 1125, 1127, 1129, 1133, 1137, 1138, 1141, 1143, 1145,
    1149, 1153, 1155, 1157, 1159, 1161, 1163, 1165, 1169, 1173, 1177, 1181,
    1182, 1185, 1189, 1190, 1193, 1197, 1198, 1201, 1205, 1209, 1213, 1214,
    1217, 1221, 1225, 1229, 1230, 1233, 1234, 1237, 1238, 1241, 1245, 1246,
    1249, 1251, 1253, 1254, 1257, 1261, 1265, 1269, 1271, 1273, 1274, 1277,
    1278, 1281, 1285, 1287, 1289, 1290, 1293, 1295, 1297, 1298, 1301, 1305,
    1306, 1309, 1311, 1313, 1317, 1321, 1323, 1325, 1329, 1333, 1334, 1337,
    1341, 1345, 1349, 1353, 1354, 1357, 1358, 1361, 1365, 1369, 1370, 1373,
    1377, 1379, 1381, 1382, 1385, 1389, 1393, 1394, 1397, 1398, 1401, 1402,
    1405, 1407, 1409, 1413, 1414, 1417, 1419, 1421, 1425, 1426, 1429, 1433,
    1437, 1439
[2] 3, 15, 19, 23, 30, 34, 43, 51, 54, 59, 67, 74, 79, 82, 91, 98, 103, 107,
    115, 118, 122, 126, 130, 135, 138, 142, 147, 151, 162, 175, 179, 187, 194,
    199, 214, 227, 239, 242, 255, 258, 267, 271, 275, 283, 287, 299, 318, 323,
    339, 343, 350, 354, 358, 370, 375, 383, 395, 406, 415, 419, 427, 430, 439,
    458, 463, 470, 479, 503, 527, 555, 567, 575, 591, 615, 619, 631, 651, 675,
    687, 691, 695, 699, 707, 719, 727, 731, 734, 738, 742, 747, 763, 767, 771,
    775, 779, 783, 787, 791, 807, 815, 831, 847, 850, 858, 867, 871, 875, 895,
    899, 910, 915, 923, 926, 934, 939, 943, 955, 979, 991, 994, 999, 1006,
    1014, 1023, 1031, 1035, 1043, 1055, 1059, 1071, 1079, 1082, 1086, 1091,
    1099, 1103, 1111, 1115, 1119, 1123, 1131, 1135, 1139, 1154, 1162, 1167,
    1171, 1183, 1191, 1195, 1203, 1219, 1222, 1227, 1231, 1243, 1255, 1263,
    1270, 1286, 1294, 1299, 1303, 1307, 1319, 1322, 1327, 1331, 1339, 1347,
    1351, 1375, 1383, 1395, 1399, 1435

Reassigned labels

Runtime: 2.2036139965057373

Performance split_log:

IM without threshold:
Map:
{"L_0": "L", "L_1": "L", "L_2": "L"}
token_fitness
{"perc_fit_traces": 0.0, "average_trace_fitness": 0.9528500000000155, "log_fitness": 0.9532010482965182, "percentage_of_fitting_traces": 0.0}
precision
0.6132276155482499
0.6623376623376623
generalization
0.663253720795133

Adjusted Rand Index:
0.3198804788331943



Parameters of this run:

Window size: 1
Threshold for edges: 0.25
Split candidates: L
Max number of traces: 5000000
Method for distance calculation: Distance.MULTISET_DISTANCE
Method for finding clusters: ClusteringMethod.COMMUNITY_DETECTION
Original log location: ./data/noImprInLoop_default_OD\feb16-1625\logs\P_1_LogD_Sequence_feb16-1625.xes.gz
Use frequency: True

Found communities: 

Clustering with 1440 elements and 3 clusters
[0] 0, 2, 4, 6, 7, 8, 10, 11, 12, 14, 16, 18, 20, 22, 24, 26, 27, 28, 32, 35,
    36, 39, 40, 42, 44, 46, 47, 48, 50, 52, 56, 58, 60, 62, 64, 68, 71, 72,
    76, 80, 84, 86, 87, 88, 90, 92, 94, 96, 100, 102, 104, 108, 110, 111, 112,
    116, 119, 120, 124, 128, 132, 136, 140, 144, 146, 148, 150, 152, 154, 155,
    156, 158, 160, 163, 164, 166, 168, 170, 171, 172, 174, 176, 178, 180, 182,
    184, 188, 190, 192, 195, 196, 198, 200, 202, 204, 207, 208, 210, 212, 216,
    218, 220, 222, 224, 226, 228, 230, 231, 232, 235, 236, 240, 244, 246, 248,
    250, 251, 252, 254, 256, 260, 262, 263, 264, 268, 270, 272, 274, 276, 278,
    280, 282, 284, 286, 288, 291, 292, 294, 295, 296, 298, 300, 302, 303, 304,
    306, 307, 308, 311, 312, 315, 316, 320, 322, 324, 327, 328, 330, 332, 334,
    336, 340, 342, 344, 346, 348, 352, 356, 360, 363, 364, 366, 367, 368, 372,
    374, 376, 378, 379, 380, 384, 387, 388, 390, 392, 394, 396, 399, 400, 402,
    403, 404, 408, 410, 412, 414, 416, 418, 420, 422, 423, 424, 426, 428, 432,
    435, 436, 438, 440, 443, 444, 446, 448, 450, 451, 452, 454, 456, 460, 462,
    464, 466, 467, 468, 472, 474, 476, 478, 480, 482, 483, 484, 486, 487, 488,
    491, 492, 494, 496, 498, 500, 502, 504, 506, 508, 510, 512, 515, 516, 518,
    519, 520, 522, 523, 524, 526, 528, 530, 532, 535, 536, 538, 539, 540, 542,
    543, 544, 546, 547, 548, 550, 551, 552, 554, 556, 558, 559, 560, 562, 563,
    564, 566, 568, 571, 572, 576, 579, 580, 582, 584, 587, 588, 590, 592, 594,
    596, 598, 599, 600, 603, 604, 606, 607, 608, 610, 611, 612, 616, 620, 622,
    623, 624, 626, 628, 630, 632, 634, 635, 636, 638, 639, 640, 643, 644, 646,
    647, 648, 650, 652, 654, 656, 658, 660, 662, 663, 664, 666, 668, 670, 672,
    674, 676, 679, 680, 683, 684, 686, 688, 690, 692, 694, 696, 698, 700, 702,
    703, 704, 706, 708, 710, 711, 712, 714, 716, 718, 720, 722, 723, 724, 726,
    728, 730, 732, 736, 740, 743, 744, 748, 750, 751, 752, 755, 756, 759, 760,
    762, 764, 766, 768, 770, 772, 774, 776, 778, 780, 782, 784, 786, 788, 790,
    792, 795, 796, 798, 800, 802, 803, 804, 808, 810, 812, 814, 816, 818, 819,
    820, 823, 824, 826, 827, 828, 830, 832, 835, 836, 838, 839, 840, 842, 843,
    844, 846, 848, 851, 852, 855, 856, 860, 862, 864, 866, 868, 872, 874, 876,
    879, 880, 882, 883, 884, 886, 888, 890, 892, 894, 896, 898, 900, 902, 903,
    904, 906, 908, 912, 914, 916, 918, 920, 922, 924, 928, 931, 932, 936, 938,
    940, 942, 944, 947, 948, 950, 951, 952, 954, 956, 958, 960, 962, 964, 966,
    967, 968, 970, 972, 974, 975, 976, 978, 980, 982, 983, 984, 987, 988, 992,
    996, 998, 1000, 1003, 1004, 1008, 1010, 1012, 1016, 1018, 1019, 1020,
    1022, 1024, 1026, 1027, 1028, 1032, 1034, 1036, 1039, 1040, 1042, 1044,
    1046, 1048, 1051, 1052, 1054, 1056, 1058, 1060, 1062, 1063, 1064, 1066,
    1067, 1068, 1070, 1072, 1074, 1076, 1078, 1080, 1084, 1088, 1092, 1095,
    1096, 1098, 1100, 1104, 1106, 1107, 1108, 1112, 1114, 1116, 1120, 1122,
    1124, 1126, 1128, 1130, 1132, 1134, 1136, 1140, 1142, 1144, 1146, 1147,
    1148, 1150, 1151, 1152, 1156, 1158, 1160, 1164, 1166, 1168, 1170, 1172,
    1174, 1175, 1176, 1178, 1179, 1180, 1184, 1186, 1187, 1188, 1192, 1194,
    1196, 1199, 1200, 1202, 1204, 1206, 1207, 1208, 1210, 1211, 1212, 1215,
    1216, 1218, 1220, 1223, 1224, 1226, 1228, 1232, 1235, 1236, 1239, 1240,
    1242, 1244, 1247, 1248, 1250, 1252, 1256, 1258, 1259, 1260, 1262, 1264,
    1266, 1267, 1268, 1272, 1275, 1276, 1279, 1280, 1282, 1283, 1284, 1288,
    1291, 1292, 1296, 1300, 1302, 1304, 1308, 1310, 1312, 1314, 1315, 1316,
    1318, 1320, 1324, 1326, 1328, 1330, 1332, 1335, 1336, 1338, 1340, 1342,
    1343, 1344, 1346, 1348, 1350, 1352, 1355, 1356, 1359, 1360, 1362, 1363,
    1364, 1366, 1367, 1368, 1371, 1372, 1374, 1376, 1378, 1380, 1384, 1386,
    1387, 1388, 1390, 1391, 1392, 1396, 1400, 1403, 1404, 1406, 1408, 1410,
    1411, 1412, 1415, 1416, 1418, 1420, 1422, 1423, 1424, 1427, 1428, 1430,
    1431, 1432, 1434, 1436, 1438
[1] 1, 5, 9, 13, 17, 21, 25, 29, 31, 33, 37, 38, 41, 45, 49, 53, 55, 57, 61,
    63, 65, 66, 69, 70, 73, 75, 77, 78, 81, 83, 85, 89, 93, 95, 97, 99, 101,
    105, 106, 109, 113, 114, 117, 121, 123, 125, 127, 129, 131, 133, 134, 137,
    139, 141, 143, 145, 149, 153, 157, 159, 161, 165, 167, 169, 173, 177, 181,
    183, 185, 186, 189, 191, 193, 197, 201, 203, 205, 206, 209, 211, 213, 215,
    217, 219, 221, 223, 225, 229, 233, 234, 237, 238, 241, 243, 245, 247, 249,
    253, 257, 259, 261, 265, 266, 269, 273, 277, 279, 281, 285, 289, 290, 293,
    297, 301, 305, 309, 310, 313, 314, 317, 319, 321, 325, 326, 329, 331, 333,
    335, 337, 338, 341, 345, 347, 349, 351, 353, 355, 357, 359, 361, 362, 365,
    369, 371, 373, 377, 381, 382, 385, 386, 389, 391, 393, 397, 398, 401, 405,
    407, 409, 411, 413, 417, 421, 425, 429, 431, 433, 434, 437, 441, 442, 445,
    447, 449, 453, 455, 457, 459, 461, 465, 469, 471, 473, 475, 477, 481, 485,
    489, 490, 493, 495, 497, 499, 501, 505, 507, 509, 511, 513, 514, 517, 521,
    525, 529, 531, 533, 534, 537, 541, 545, 549, 553, 557, 561, 565, 569, 570,
    573, 574, 577, 578, 581, 583, 585, 586, 589, 593, 595, 597, 601, 602, 605,
    609, 613, 614, 617, 618, 621, 625, 627, 629, 633, 637, 641, 642, 645, 649,
    653, 655, 657, 659, 661, 665, 667, 669, 671, 673, 677, 678, 681, 682, 685,
    689, 693, 697, 701, 705, 709, 713, 715, 717, 721, 725, 729, 733, 735, 737,
    739, 741, 745, 746, 749, 753, 754, 757, 758, 761, 765, 769, 773, 777, 781,
    785, 789, 793, 794, 797, 799, 801, 805, 806, 809, 811, 813, 817, 821, 822,
    825, 829, 833, 834, 837, 841, 845, 849, 853, 854, 857, 859, 861, 863, 865,
    869, 870, 873, 877, 878, 881, 885, 887, 889, 891, 893, 897, 901, 905, 907,
    909, 911, 913, 917, 919, 921, 925, 927, 929, 930, 933, 935, 937, 941, 945,
    946, 949, 953, 957, 959, 961, 963, 965, 969, 971, 973, 977, 981, 985, 986,
    989, 990, 993, 995, 997, 1001, 1002, 1005, 1007, 1009, 1011, 1013, 1015,
    1017, 1021, 1025, 1029, 1030, 1033, 1037, 1038, 1041, 1045, 1047, 1049,
    1050, 1053, 1057, 1061, 1065, 1069, 1073, 1075, 1077, 1081, 1083, 1085,
    1087, 1089, 1090, 1093, 1094, 1097, 1101, 1102, 1105, 1109, 1110, 1113,
    1117, 1118, 1121, 1125, 1127, 1129, 1133, 1137, 1138, 1141, 1143, 1145,
    1149, 1153, 1155, 1157, 1159, 1161, 1163, 1165, 1169, 1173, 1177, 1181,
    1182, 1185, 1189, 1190, 1193, 1197, 1198, 1201, 1205, 1209, 1213, 1214,
    1217, 1221, 1225, 1229, 1230, 1233, 1234, 1237, 1238, 1241, 1245, 1246,
    1249, 1251, 1253, 1254, 1257, 1261, 1265, 1269, 1271, 1273, 1274, 1277,
    1278, 1281, 1285, 1287, 1289, 1290, 1293, 1295, 1297, 1298, 1301, 1305,
    1306, 1309, 1311, 1313, 1317, 1321, 1323, 1325, 1329, 1333, 1334, 1337,
    1341, 1345, 1349, 1353, 1354, 1357, 1358, 1361, 1365, 1369, 1370, 1373,
    1377, 1379, 1381, 1382, 1385, 1389, 1393, 1394, 1397, 1398, 1401, 1402,
    1405, 1407, 1409, 1413, 1414, 1417, 1419, 1421, 1425, 1426, 1429, 1433,
    1437, 1439
[2] 3, 15, 19, 23, 30, 34, 43, 51, 54, 59, 67, 74, 79, 82, 91, 98, 103, 107,
    115, 118, 122, 126, 130, 135, 138, 142, 147, 151, 162, 175, 179, 187, 194,
    199, 214, 227, 239, 242, 255, 258, 267, 271, 275, 283, 287, 299, 318, 323,
    339, 343, 350, 354, 358, 370, 375, 383, 395, 406, 415, 419, 427, 430, 439,
    458, 463, 470, 479, 503, 527, 555, 567, 575, 591, 615, 619, 631, 651, 675,
    687, 691, 695, 699, 707, 719, 727, 731, 734, 738, 742, 747, 763, 767, 771,
    775, 779, 783, 787, 791, 807, 815, 831, 847, 850, 858, 867, 871, 875, 895,
    899, 910, 915, 923, 926, 934, 939, 943, 955, 979, 991, 994, 999, 1006,
    1014, 1023, 1031, 1035, 1043, 1055, 1059, 1071, 1079, 1082, 1086, 1091,
    1099, 1103, 1111, 1115, 1119, 1123, 1131, 1135, 1139, 1154, 1162, 1167,
    1171, 1183, 1191, 1195, 1203, 1219, 1222, 1227, 1231, 1243, 1255, 1263,
    1270, 1286, 1294, 1299, 1303, 1307, 1319, 1322, 1327, 1331, 1339, 1347,
    1351, 1375, 1383, 1395, 1399, 1435

Reassigned labels

Runtime: 2.3393898010253906

Performance split_log:

IM without threshold:
Map:
{"L_0": "L", "L_1": "L", "L_2": "L"}
token_fitness
{"perc_fit_traces": 0.0, "average_trace_fitness": 0.9528500000000155, "log_fitness": 0.9532010482965182, "percentage_of_fitting_traces": 0.0}
precision
0.6132276155482499
0.6623376623376623
generalization
0.663253720795133

Adjusted Rand Index:
0.3198804788331943



Parameters of this run:

Window size: 1
Threshold for edges: 0.5
Split candidates: L
Max number of traces: 5000000
Method for distance calculation: Distance.MULTISET_DISTANCE
Method for finding clusters: ClusteringMethod.COMMUNITY_DETECTION
Original log location: ./data/noImprInLoop_default_OD\feb16-1625\logs\P_1_LogD_Sequence_feb16-1625.xes.gz
Use frequency: True

Found communities: 

Clustering with 1440 elements and 3 clusters
[0] 0, 2, 4, 6, 7, 8, 10, 11, 12, 14, 16, 18, 20, 22, 24, 26, 27, 28, 32, 35,
    36, 39, 40, 42, 44, 46, 47, 48, 50, 52, 56, 58, 60, 62, 64, 68, 71, 72,
    76, 80, 84, 86, 87, 88, 90, 92, 94, 96, 100, 102, 104, 108, 110, 111, 112,
    116, 119, 120, 124, 128, 132, 136, 140, 144, 146, 148, 150, 152, 154, 155,
    156, 158, 160, 163, 164, 166, 168, 170, 171, 172, 174, 176, 178, 180, 182,
    184, 188, 190, 192, 195, 196, 198, 200, 202, 204, 207, 208, 210, 212, 216,
    218, 220, 222, 224, 226, 228, 230, 231, 232, 235, 236, 240, 244, 246, 248,
    250, 251, 252, 254, 256, 260, 262, 263, 264, 268, 270, 272, 274, 276, 278,
    280, 282, 284, 286, 288, 291, 292, 294, 295, 296, 298, 300, 302, 303, 304,
    306, 307, 308, 311, 312, 315, 316, 320, 322, 324, 327, 328, 330, 332, 334,
    336, 340, 342, 344, 346, 348, 352, 356, 360, 363, 364, 366, 367, 368, 372,
    374, 376, 378, 379, 380, 384, 387, 388, 390, 392, 394, 396, 399, 400, 402,
    403, 404, 408, 410, 412, 414, 416, 418, 420, 422, 423, 424, 426, 428, 432,
    435, 436, 438, 440, 443, 444, 446, 448, 450, 451, 452, 454, 456, 460, 462,
    464, 466, 467, 468, 472, 474, 476, 478, 480, 482, 483, 484, 486, 487, 488,
    491, 492, 494, 496, 498, 500, 502, 504, 506, 508, 510, 512, 515, 516, 518,
    519, 520, 522, 523, 524, 526, 528, 530, 532, 535, 536, 538, 539, 540, 542,
    543, 544, 546, 547, 548, 550, 551, 552, 554, 556, 558, 559, 560, 562, 563,
    564, 566, 568, 571, 572, 576, 579, 580, 582, 584, 587, 588, 590, 592, 594,
    596, 598, 599, 600, 603, 604, 606, 607, 608, 610, 611, 612, 616, 620, 622,
    623, 624, 626, 628, 630, 632, 634, 635, 636, 638, 639, 640, 643, 644, 646,
    647, 648, 650, 652, 654, 656, 658, 660, 662, 663, 664, 666, 668, 670, 672,
    674, 676, 679, 680, 683, 684, 686, 688, 690, 692, 694, 696, 698, 700, 702,
    703, 704, 706, 708, 710, 711, 712, 714, 716, 718, 720, 722, 723, 724, 726,
    728, 730, 732, 736, 740, 743, 744, 748, 750, 751, 752, 755, 756, 759, 760,
    762, 764, 766, 768, 770, 772, 774, 776, 778, 780, 782, 784, 786, 788, 790,
    792, 795, 796, 798, 800, 802, 803, 804, 808, 810, 812, 814, 816, 818, 819,
    820, 823, 824, 826, 827, 828, 830, 832, 835, 836, 838, 839, 840, 842, 843,
    844, 846, 848, 851, 852, 855, 856, 860, 862, 864, 866, 868, 872, 874, 876,
    879, 880, 882, 883, 884, 886, 888, 890, 892, 894, 896, 898, 900, 902, 903,
    904, 906, 908, 912, 914, 916, 918, 920, 922, 924, 928, 931, 932, 936, 938,
    940, 942, 944, 947, 948, 950, 951, 952, 954, 956, 958, 960, 962, 964, 966,
    967, 968, 970, 972, 974, 975, 976, 978, 980, 982, 983, 984, 987, 988, 992,
    996, 998, 1000, 1003, 1004, 1008, 1010, 1012, 1016, 1018, 1019, 1020,
    1022, 1024, 1026, 1027, 1028, 1032, 1034, 1036, 1039, 1040, 1042, 1044,
    1046, 1048, 1051, 1052, 1054, 1056, 1058, 1060, 1062, 1063, 1064, 1066,
    1067, 1068, 1070, 1072, 1074, 1076, 1078, 1080, 1084, 1088, 1092, 1095,
    1096, 1098, 1100, 1104, 1106, 1107, 1108, 1112, 1114, 1116, 1120, 1122,
    1124, 1126, 1128, 1130, 1132, 1134, 1136, 1140, 1142, 1144, 1146, 1147,
    1148, 1150, 1151, 1152, 1156, 1158, 1160, 1164, 1166, 1168, 1170, 1172,
    1174, 1175, 1176, 1178, 1179, 1180, 1184, 1186, 1187, 1188, 1192, 1194,
    1196, 1199, 1200, 1202, 1204, 1206, 1207, 1208, 1210, 1211, 1212, 1215,
    1216, 1218, 1220, 1223, 1224, 1226, 1228, 1232, 1235, 1236, 1239, 1240,
    1242, 1244, 1247, 1248, 1250, 1252, 1256, 1258, 1259, 1260, 1262, 1264,
    1266, 1267, 1268, 1272, 1275, 1276, 1279, 1280, 1282, 1283, 1284, 1288,
    1291, 1292, 1296, 1300, 1302, 1304, 1308, 1310, 1312, 1314, 1315, 1316,
    1318, 1320, 1324, 1326, 1328, 1330, 1332, 1335, 1336, 1338, 1340, 1342,
    1343, 1344, 1346, 1348, 1350, 1352, 1355, 1356, 1359, 1360, 1362, 1363,
    1364, 1366, 1367, 1368, 1371, 1372, 1374, 1376, 1378, 1380, 1384, 1386,
    1387, 1388, 1390, 1391, 1392, 1396, 1400, 1403, 1404, 1406, 1408, 1410,
    1411, 1412, 1415, 1416, 1418, 1420, 1422, 1423, 1424, 1427, 1428, 1430,
    1431, 1432, 1434, 1436, 1438
[1] 1, 5, 9, 13, 17, 21, 25, 29, 31, 33, 37, 38, 41, 45, 49, 53, 55, 57, 61,
    63, 65, 66, 69, 70, 73, 75, 77, 78, 81, 83, 85, 89, 93, 95, 97, 99, 101,
    105, 106, 109, 113, 114, 117, 121, 123, 125, 127, 129, 131, 133, 134, 137,
    139, 141, 143, 145, 149, 153, 157, 159, 161, 165, 167, 169, 173, 177, 181,
    183, 185, 186, 189, 191, 193, 197, 201, 203, 205, 206, 209, 211, 213, 215,
    217, 219, 221, 223, 225, 229, 233, 234, 237, 238, 241, 243, 245, 247, 249,
    253, 257, 259, 261, 265, 266, 269, 273, 277, 279, 281, 285, 289, 290, 293,
    297, 301, 305, 309, 310, 313, 314, 317, 319, 321, 325, 326, 329, 331, 333,
    335, 337, 338, 341, 345, 347, 349, 351, 353, 355, 357, 359, 361, 362, 365,
    369, 371, 373, 377, 381, 382, 385, 386, 389, 391, 393, 397, 398, 401, 405,
    407, 409, 411, 413, 417, 421, 425, 429, 431, 433, 434, 437, 441, 442, 445,
    447, 449, 453, 455, 457, 459, 461, 465, 469, 471, 473, 475, 477, 481, 485,
    489, 490, 493, 495, 497, 499, 501, 505, 507, 509, 511, 513, 514, 517, 521,
    525, 529, 531, 533, 534, 537, 541, 545, 549, 553, 557, 561, 565, 569, 570,
    573, 574, 577, 578, 581, 583, 585, 586, 589, 593, 595, 597, 601, 602, 605,
    609, 613, 614, 617, 618, 621, 625, 627, 629, 633, 637, 641, 642, 645, 649,
    653, 655, 657, 659, 661, 665, 667, 669, 671, 673, 677, 678, 681, 682, 685,
    689, 693, 697, 701, 705, 709, 713, 715, 717, 721, 725, 729, 733, 735, 737,
    739, 741, 745, 746, 749, 753, 754, 757, 758, 761, 765, 769, 773, 777, 781,
    785, 789, 793, 794, 797, 799, 801, 805, 806, 809, 811, 813, 817, 821, 822,
    825, 829, 833, 834, 837, 841, 845, 849, 853, 854, 857, 859, 861, 863, 865,
    869, 870, 873, 877, 878, 881, 885, 887, 889, 891, 893, 897, 901, 905, 907,
    909, 911, 913, 917, 919, 921, 925, 927, 929, 930, 933, 935, 937, 941, 945,
    946, 949, 953, 957, 959, 961, 963, 965, 969, 971, 973, 977, 981, 985, 986,
    989, 990, 993, 995, 997, 1001, 1002, 1005, 1007, 1009, 1011, 1013, 1015,
    1017, 1021, 1025, 1029, 1030, 1033, 1037, 1038, 1041, 1045, 1047, 1049,
    1050, 1053, 1057, 1061, 1065, 1069, 1073, 1075, 1077, 1081, 1083, 1085,
    1087, 1089, 1090, 1093, 1094, 1097, 1101, 1102, 1105, 1109, 1110, 1113,
    1117, 1118, 1121, 1125, 1127, 1129, 1133, 1137, 1138, 1141, 1143, 1145,
    1149, 1153, 1155, 1157, 1159, 1161, 1163, 1165, 1169, 1173, 1177, 1181,
    1182, 1185, 1189, 1190, 1193, 1197, 1198, 1201, 1205, 1209, 1213, 1214,
    1217, 1221, 1225, 1229, 1230, 1233, 1234, 1237, 1238, 1241, 1245, 1246,
    1249, 1251, 1253, 1254, 1257, 1261, 1265, 1269, 1271, 1273, 1274, 1277,
    1278, 1281, 1285, 1287, 1289, 1290, 1293, 1295, 1297, 1298, 1301, 1305,
    1306, 1309, 1311, 1313, 1317, 1321, 1323, 1325, 1329, 1333, 1334, 1337,
    1341, 1345, 1349, 1353, 1354, 1357, 1358, 1361, 1365, 1369, 1370, 1373,
    1377, 1379, 1381, 1382, 1385, 1389, 1393, 1394, 1397, 1398, 1401, 1402,
    1405, 1407, 1409, 1413, 1414, 1417, 1419, 1421, 1425, 1426, 1429, 1433,
    1437, 1439
[2] 3, 15, 19, 23, 30, 34, 43, 51, 54, 59, 67, 74, 79, 82, 91, 98, 103, 107,
    115, 118, 122, 126, 130, 135, 138, 142, 147, 151, 162, 175, 179, 187, 194,
    199, 214, 227, 239, 242, 255, 258, 267, 271, 275, 283, 287, 299, 318, 323,
    339, 343, 350, 354, 358, 370, 375, 383, 395, 406, 415, 419, 427, 430, 439,
    458, 463, 470, 479, 503, 527, 555, 567, 575, 591, 615, 619, 631, 651, 675,
    687, 691, 695, 699, 707, 719, 727, 731, 734, 738, 742, 747, 763, 767, 771,
    775, 779, 783, 787, 791, 807, 815, 831, 847, 850, 858, 867, 871, 875, 895,
    899, 910, 915, 923, 926, 934, 939, 943, 955, 979, 991, 994, 999, 1006,
    1014, 1023, 1031, 1035, 1043, 1055, 1059, 1071, 1079, 1082, 1086, 1091,
    1099, 1103, 1111, 1115, 1119, 1123, 1131, 1135, 1139, 1154, 1162, 1167,
    1171, 1183, 1191, 1195, 1203, 1219, 1222, 1227, 1231, 1243, 1255, 1263,
    1270, 1286, 1294, 1299, 1303, 1307, 1319, 1322, 1327, 1331, 1339, 1347,
    1351, 1375, 1383, 1395, 1399, 1435

Reassigned labels

Runtime: 2.3402843475341797

Performance split_log:

IM without threshold:
Map:
{"L_0": "L", "L_1": "L", "L_2": "L"}
token_fitness
{"perc_fit_traces": 0.0, "average_trace_fitness": 0.9528500000000155, "log_fitness": 0.9532010482965182, "percentage_of_fitting_traces": 0.0}
precision
0.6132276155482499
0.6623376623376623
generalization
0.663253720795133

Adjusted Rand Index:
0.3198804788331943



Parameters of this run:

Window size: 1
Threshold for edges: 0.75
Split candidates: L
Max number of traces: 5000000
Method for distance calculation: Distance.MULTISET_DISTANCE
Method for finding clusters: ClusteringMethod.COMMUNITY_DETECTION
Original log location: ./data/noImprInLoop_default_OD\feb16-1625\logs\P_1_LogD_Sequence_feb16-1625.xes.gz
Use frequency: True

Found communities: 

Clustering with 1440 elements and 10 clusters
[ 0] 1, 5, 9, 13, 17, 21, 25, 29, 31, 33, 37, 38, 41, 45, 49, 53, 55, 57, 61,
     63, 65, 66, 69, 70, 73, 75, 77, 78, 81, 83, 85, 89, 93, 95, 97, 99, 101,
     105, 106, 109, 113, 114, 117, 121, 123, 125, 127, 129, 131, 133, 134,
     137, 139, 141, 143, 145, 149, 153, 157, 159, 161, 165, 167, 169, 173,
     177, 181, 183, 185, 186, 189, 191, 193, 197, 201, 203, 205, 206, 209,
     211, 213, 215, 217, 219, 221, 223, 225, 229, 233, 234, 237, 238, 241,
     243, 245, 247, 249, 253, 257, 259, 261, 265, 266, 269, 273, 277, 279,
     281, 285, 289, 290, 293, 297, 301, 305, 309, 310, 313, 314, 317, 319,
     321, 325, 326, 329, 331, 333, 335, 337, 338, 341, 345, 347, 349, 351,
     353, 355, 357, 359, 361, 362, 365, 369, 371, 373, 377, 381, 382, 385,
     386, 389, 391, 393, 397, 398, 401, 405, 407, 409, 411, 413, 417, 421,
     425, 429, 431, 433, 434, 437, 441, 442, 445, 447, 449, 453, 455, 457,
     459, 461, 465, 469, 471, 473, 475, 477, 481, 485, 489, 490, 493, 495,
     497, 499, 501, 505, 507, 509, 511, 513, 514, 517, 521, 525, 529, 531,
     533, 534, 537, 541, 545, 549, 553, 557, 561, 565, 569, 570, 573, 574,
     577, 578, 581, 583, 585, 586, 589, 593, 595, 597, 601, 602, 605, 609,
     613, 614, 617, 618, 621, 625, 627, 629, 633, 637, 641, 642, 645, 649,
     653, 655, 657, 659, 661, 665, 667, 669, 671, 673, 677, 678, 681, 682,
     685, 689, 693, 697, 701, 705, 709, 713, 715, 717, 721, 725, 729, 733,
     735, 737, 739, 741, 745, 746, 749, 753, 754, 757, 758, 761, 765, 769,
     773, 777, 781, 785, 789, 793, 794, 797, 799, 801, 805, 806, 809, 811,
     813, 817, 821, 822, 825, 829, 833, 834, 837, 841, 845, 849, 853, 854,
     857, 859, 861, 863, 865, 869, 870, 873, 877, 878, 881, 885, 887, 889,
     891, 893, 897, 901, 905, 907, 909, 911, 913, 917, 919, 921, 925, 927,
     929, 930, 933, 935, 937, 941, 945, 946, 949, 953, 957, 959, 961, 963,
     965, 969, 971, 973, 977, 981, 985, 986, 989, 990, 993, 995, 997, 1001,
     1002, 1005, 1007, 1009, 1011, 1013, 1015, 1017, 1021, 1025, 1029, 1030,
     1033, 1037, 1038, 1041, 1045, 1047, 1049, 1050, 1053, 1057, 1061, 1065,
     1069, 1073, 1075, 1077, 1081, 1083, 1085, 1087, 1089, 1090, 1093, 1094,
     1097, 1101, 1102, 1105, 1109, 1110, 1113, 1117, 1118, 1121, 1125, 1127,
     1129, 1133, 1137, 1138, 1141, 1143, 1145, 1149, 1153, 1155, 1157, 1159,
     1161, 1163, 1165, 1169, 1173, 1177, 1181, 1182, 1185, 1189, 1190, 1193,
     1197, 1198, 1201, 1205, 1209, 1213, 1214, 1217, 1221, 1225, 1229, 1230,
     1233, 1234, 1237, 1238, 1241, 1245, 1246, 1249, 1251, 1253, 1254, 1257,
     1261, 1265, 1269, 1271, 1273, 1274, 1277, 1278, 1281, 1285, 1287, 1289,
     1290, 1293, 1295, 1297, 1298, 1301, 1305, 1306, 1309, 1311, 1313, 1317,
     1321, 1323, 1325, 1329, 1333, 1334, 1337, 1341, 1345, 1349, 1353, 1354,
     1357, 1358, 1361, 1365, 1369, 1370, 1373, 1377, 1379, 1381, 1382, 1385,
     1389, 1393, 1394, 1397, 1398, 1401, 1402, 1405, 1407, 1409, 1413, 1414,
     1417, 1419, 1421, 1425, 1426, 1429, 1433, 1437, 1439
[ 1] 3, 15, 19, 23, 30, 34, 43, 51, 54, 59, 67, 74, 79, 82, 91, 98, 103, 107,
     115, 118, 122, 126, 130, 135, 138, 142, 147, 151, 162, 175, 179, 187,
     194, 199, 214, 227, 239, 242, 255, 258, 267, 271, 275, 283, 287, 299,
     318, 323, 339, 343, 350, 354, 358, 370, 375, 383, 395, 406, 415, 419,
     427, 430, 439, 458, 463, 470, 479, 503, 527, 555, 567, 575, 591, 615,
     619, 631, 651, 675, 687, 691, 695, 699, 707, 719, 727, 731, 734, 738,
     742, 747, 763, 767, 771, 775, 779, 783, 787, 791, 807, 815, 831, 847,
     850, 858, 867, 871, 875, 895, 899, 910, 915, 923, 926, 934, 939, 943,
     955, 979, 991, 994, 999, 1006, 1014, 1023, 1031, 1035, 1043, 1055, 1059,
     1071, 1079, 1082, 1086, 1091, 1099, 1103, 1111, 1115, 1119, 1123, 1131,
     1135, 1139, 1154, 1162, 1167, 1171, 1183, 1191, 1195, 1203, 1219, 1222,
     1227, 1231, 1243, 1255, 1263, 1270, 1286, 1294, 1299, 1303, 1307, 1319,
     1322, 1327, 1331, 1339, 1347, 1351, 1375, 1383, 1395, 1399, 1435
[ 2] 2, 6, 10, 22, 39, 42, 71, 87, 90, 94, 102, 110, 150, 154, 166, 170, 178,
     190, 198, 207, 210, 222, 226, 231, 251, 270, 295, 298, 302, 307, 330,
     346, 363, 367, 378, 394, 399, 403, 422, 438, 451, 478, 482, 510, 519,
     522, 526, 538, 550, 558, 562, 566, 579, 582, 594, 603, 606, 611, 623,
     626, 635, 638, 647, 674, 690, 698, 703, 710, 718, 722, 759, 762, 778,
     786, 798, 819, 826, 838, 843, 855, 862, 890, 894, 898, 903, 906, 914,
     922, 931, 938, 950, 954, 974, 982, 987, 1018, 1026, 1066, 1078, 1095,
     1130, 1142, 1147, 1151, 1170, 1178, 1194, 1210, 1218, 1226, 1267, 1283,
     1310, 1315, 1318, 1355, 1362, 1367, 1378, 1386, 1391, 1403, 1411, 1415
[ 3] 7, 14, 18, 26, 46, 50, 58, 62, 111, 146, 158, 174, 182, 230, 235, 250,
     262, 274, 286, 291, 322, 327, 334, 342, 366, 387, 402, 410, 414, 426,
     443, 450, 466, 474, 483, 487, 494, 502, 506, 515, 518, 523, 535, 539,
     543, 546, 551, 559, 563, 571, 587, 598, 607, 610, 622, 639, 643, 650,
     662, 670, 702, 714, 750, 755, 770, 774, 802, 814, 830, 839, 842, 874,
     882, 886, 918, 942, 947, 958, 966, 978, 1003, 1010, 1022, 1034, 1039,
     1042, 1046, 1062, 1070, 1098, 1107, 1114, 1126, 1146, 1150, 1175, 1187,
     1199, 1202, 1207, 1242, 1250, 1258, 1262, 1266, 1279, 1291, 1302, 1314,
     1326, 1330, 1335, 1342, 1346, 1350, 1366, 1371, 1387, 1410, 1423, 1430,
     1434, 1438
[ 4] 11, 27, 35, 47, 86, 119, 155, 163, 171, 195, 202, 218, 246, 254, 263,
     278, 282, 294, 303, 306, 311, 315, 374, 379, 390, 418, 423, 435, 446,
     454, 462, 467, 486, 491, 498, 530, 542, 547, 554, 590, 599, 630, 634,
     646, 654, 658, 663, 666, 679, 683, 686, 694, 706, 711, 723, 726, 730,
     743, 751, 766, 782, 790, 795, 803, 810, 818, 823, 827, 835, 846, 851,
     866, 879, 883, 902, 951, 962, 967, 970, 975, 983, 998, 1019, 1027, 1051,
     1054, 1058, 1063, 1067, 1074, 1106, 1122, 1134, 1158, 1166, 1174, 1179,
     1186, 1206, 1211, 1215, 1223, 1235, 1239, 1247, 1259, 1275, 1282, 1338,
     1343, 1359, 1363, 1374, 1390, 1406, 1418, 1422, 1427, 1431
[ 5] 20, 36, 64, 76, 88, 112, 116, 128, 148, 152, 156, 160, 180, 184, 188,
     200, 220, 232, 248, 256, 260, 264, 280, 284, 288, 292, 352, 364, 368,
     376, 464, 484, 488, 496, 500, 520, 524, 536, 556, 576, 580, 596, 600,
     608, 620, 628, 636, 652, 656, 668, 712, 736, 756, 764, 800, 804, 812,
     832, 872, 876, 908, 920, 952, 976, 988, 1016, 1020, 1024, 1056, 1076,
     1096, 1132, 1140, 1152, 1164, 1168, 1184, 1268, 1272, 1280, 1368, 1392
[ 6] 0, 4, 44, 48, 68, 108, 120, 136, 164, 172, 176, 228, 304, 308, 316, 328,
     336, 380, 416, 428, 452, 456, 476, 508, 532, 544, 552, 564, 568, 572,
     588, 612, 640, 644, 680, 740, 744, 768, 772, 780, 820, 836, 840, 856,
     860, 884, 924, 940, 948, 960, 980, 996, 1072, 1080, 1124, 1136, 1172,
     1176, 1192, 1232, 1248, 1264, 1316, 1328, 1332, 1340, 1348, 1360, 1372,
     1384, 1412
[ 7] 8, 24, 32, 52, 60, 84, 92, 100, 208, 224, 236, 244, 300, 312, 324, 344,
     348, 392, 400, 404, 408, 412, 424, 436, 444, 492, 540, 548, 604, 624,
     684, 720, 724, 728, 732, 752, 776, 808, 848, 864, 896, 932, 936, 956,
     1004, 1028, 1060, 1064, 1088, 1112, 1116, 1180, 1188, 1196, 1200, 1204,
     1212, 1228, 1236, 1260, 1276, 1292, 1300, 1320, 1344, 1352, 1408, 1416,
     1424, 1428
[ 8] 28, 40, 56, 96, 104, 124, 132, 168, 192, 196, 240, 272, 332, 340, 356,
     360, 372, 396, 420, 460, 468, 480, 512, 584, 592, 616, 632, 648, 664,
     672, 676, 700, 716, 748, 760, 792, 796, 844, 852, 888, 892, 900, 944,
     968, 972, 984, 1008, 1036, 1040, 1048, 1052, 1084, 1100, 1104, 1144,
     1156, 1216, 1244, 1252, 1256, 1304, 1308, 1324, 1336, 1364, 1396, 1404,
     1432, 1436
[ 9] 12, 16, 72, 80, 140, 144, 204, 212, 216, 252, 268, 276, 296, 320, 384,
     388, 432, 440, 448, 472, 504, 516, 528, 560, 660, 688, 692, 696, 704,
     708, 784, 788, 816, 824, 828, 868, 880, 904, 912, 916, 928, 964, 992,
     1000, 1012, 1032, 1044, 1068, 1092, 1108, 1120, 1128, 1148, 1160, 1208,
     1220, 1224, 1240, 1284, 1288, 1296, 1312, 1356, 1376, 1380, 1388, 1400,
     1420

Reassigned labels

Runtime: 1.6115808486938477

Performance split_log:

IM without threshold:
Map:
{"L_0": "L", "L_1": "L", "L_2": "L", "L_3": "L", "L_4": "L", "L_5": "L", "L_6": "L", "L_7": "L", "L_8": "L", "L_9": "L"}
token_fitness
{"perc_fit_traces": 0.0, "average_trace_fitness": 0.8960859810479341, "log_fitness": 0.8891984187142163, "percentage_of_fitting_traces": 0.0}
precision
0.6473285134896843
0.6421052631578946
generalization
0.6150762118846423

Adjusted Rand Index:
0.3444624627654395



Parameters of this run:

Window size: 1
Threshold for edges: 1
Split candidates: L
Max number of traces: 5000000
Method for distance calculation: Distance.MULTISET_DISTANCE
Method for finding clusters: ClusteringMethod.COMMUNITY_DETECTION
Original log location: ./data/noImprInLoop_default_OD\feb16-1625\logs\P_1_LogD_Sequence_feb16-1625.xes.gz
Use frequency: True

Found communities: 

Clustering with 1440 elements and 10 clusters
[ 0] 1, 5, 9, 13, 17, 21, 25, 29, 31, 33, 37, 38, 41, 45, 49, 53, 55, 57, 61,
     63, 65, 66, 69, 70, 73, 75, 77, 78, 81, 83, 85, 89, 93, 95, 97, 99, 101,
     105, 106, 109, 113, 114, 117, 121, 123, 125, 127, 129, 131, 133, 134,
     137, 139, 141, 143, 145, 149, 153, 157, 159, 161, 165, 167, 169, 173,
     177, 181, 183, 185, 186, 189, 191, 193, 197, 201, 203, 205, 206, 209,
     211, 213, 215, 217, 219, 221, 223, 225, 229, 233, 234, 237, 238, 241,
     243, 245, 247, 249, 253, 257, 259, 261, 265, 266, 269, 273, 277, 279,
     281, 285, 289, 290, 293, 297, 301, 305, 309, 310, 313, 314, 317, 319,
     321, 325, 326, 329, 331, 333, 335, 337, 338, 341, 345, 347, 349, 351,
     353, 355, 357, 359, 361, 362, 365, 369, 371, 373, 377, 381, 382, 385,
     386, 389, 391, 393, 397, 398, 401, 405, 407, 409, 411, 413, 417, 421,
     425, 429, 431, 433, 434, 437, 441, 442, 445, 447, 449, 453, 455, 457,
     459, 461, 465, 469, 471, 473, 475, 477, 481, 485, 489, 490, 493, 495,
     497, 499, 501, 505, 507, 509, 511, 513, 514, 517, 521, 525, 529, 531,
     533, 534, 537, 541, 545, 549, 553, 557, 561, 565, 569, 570, 573, 574,
     577, 578, 581, 583, 585, 586, 589, 593, 595, 597, 601, 602, 605, 609,
     613, 614, 617, 618, 621, 625, 627, 629, 633, 637, 641, 642, 645, 649,
     653, 655, 657, 659, 661, 665, 667, 669, 671, 673, 677, 678, 681, 682,
     685, 689, 693, 697, 701, 705, 709, 713, 715, 717, 721, 725, 729, 733,
     735, 737, 739, 741, 745, 746, 749, 753, 754, 757, 758, 761, 765, 769,
     773, 777, 781, 785, 789, 793, 794, 797, 799, 801, 805, 806, 809, 811,
     813, 817, 821, 822, 825, 829, 833, 834, 837, 841, 845, 849, 853, 854,
     857, 859, 861, 863, 865, 869, 870, 873, 877, 878, 881, 885, 887, 889,
     891, 893, 897, 901, 905, 907, 909, 911, 913, 917, 919, 921, 925, 927,
     929, 930, 933, 935, 937, 941, 945, 946, 949, 953, 957, 959, 961, 963,
     965, 969, 971, 973, 977, 981, 985, 986, 989, 990, 993, 995, 997, 1001,
     1002, 1005, 1007, 1009, 1011, 1013, 1015, 1017, 1021, 1025, 1029, 1030,
     1033, 1037, 1038, 1041, 1045, 1047, 1049, 1050, 1053, 1057, 1061, 1065,
     1069, 1073, 1075, 1077, 1081, 1083, 1085, 1087, 1089, 1090, 1093, 1094,
     1097, 1101, 1102, 1105, 1109, 1110, 1113, 1117, 1118, 1121, 1125, 1127,
     1129, 1133, 1137, 1138, 1141, 1143, 1145, 1149, 1153, 1155, 1157, 1159,
     1161, 1163, 1165, 1169, 1173, 1177, 1181, 1182, 1185, 1189, 1190, 1193,
     1197, 1198, 1201, 1205, 1209, 1213, 1214, 1217, 1221, 1225, 1229, 1230,
     1233, 1234, 1237, 1238, 1241, 1245, 1246, 1249, 1251, 1253, 1254, 1257,
     1261, 1265, 1269, 1271, 1273, 1274, 1277, 1278, 1281, 1285, 1287, 1289,
     1290, 1293, 1295, 1297, 1298, 1301, 1305, 1306, 1309, 1311, 1313, 1317,
     1321, 1323, 1325, 1329, 1333, 1334, 1337, 1341, 1345, 1349, 1353, 1354,
     1357, 1358, 1361, 1365, 1369, 1370, 1373, 1377, 1379, 1381, 1382, 1385,
     1389, 1393, 1394, 1397, 1398, 1401, 1402, 1405, 1407, 1409, 1413, 1414,
     1417, 1419, 1421, 1425, 1426, 1429, 1433, 1437, 1439
[ 1] 3, 15, 19, 23, 30, 34, 43, 51, 54, 59, 67, 74, 79, 82, 91, 98, 103, 107,
     115, 118, 122, 126, 130, 135, 138, 142, 147, 151, 162, 175, 179, 187,
     194, 199, 214, 227, 239, 242, 255, 258, 267, 271, 275, 283, 287, 299,
     318, 323, 339, 343, 350, 354, 358, 370, 375, 383, 395, 406, 415, 419,
     427, 430, 439, 458, 463, 470, 479, 503, 527, 555, 567, 575, 591, 615,
     619, 631, 651, 675, 687, 691, 695, 699, 707, 719, 727, 731, 734, 738,
     742, 747, 763, 767, 771, 775, 779, 783, 787, 791, 807, 815, 831, 847,
     850, 858, 867, 871, 875, 895, 899, 910, 915, 923, 926, 934, 939, 943,
     955, 979, 991, 994, 999, 1006, 1014, 1023, 1031, 1035, 1043, 1055, 1059,
     1071, 1079, 1082, 1086, 1091, 1099, 1103, 1111, 1115, 1119, 1123, 1131,
     1135, 1139, 1154, 1162, 1167, 1171, 1183, 1191, 1195, 1203, 1219, 1222,
     1227, 1231, 1243, 1255, 1263, 1270, 1286, 1294, 1299, 1303, 1307, 1319,
     1322, 1327, 1331, 1339, 1347, 1351, 1375, 1383, 1395, 1399, 1435
[ 2] 2, 6, 10, 22, 39, 42, 71, 87, 90, 94, 102, 110, 150, 154, 166, 170, 178,
     190, 198, 207, 210, 222, 226, 231, 251, 270, 295, 298, 302, 307, 330,
     346, 363, 367, 378, 394, 399, 403, 422, 438, 451, 478, 482, 510, 519,
     522, 526, 538, 550, 558, 562, 566, 579, 582, 594, 603, 606, 611, 623,
     626, 635, 638, 647, 674, 690, 698, 703, 710, 718, 722, 759, 762, 778,
     786, 798, 819, 826, 838, 843, 855, 862, 890, 894, 898, 903, 906, 914,
     922, 931, 938, 950, 954, 974, 982, 987, 1018, 1026, 1066, 1078, 1095,
     1130, 1142, 1147, 1151, 1170, 1178, 1194, 1210, 1218, 1226, 1267, 1283,
     1310, 1315, 1318, 1355, 1362, 1367, 1378, 1386, 1391, 1403, 1411, 1415
[ 3] 7, 14, 18, 26, 46, 50, 58, 62, 111, 146, 158, 174, 182, 230, 235, 250,
     262, 274, 286, 291, 322, 327, 334, 342, 366, 387, 402, 410, 414, 426,
     443, 450, 466, 474, 483, 487, 494, 502, 506, 515, 518, 523, 535, 539,
     543, 546, 551, 559, 563, 571, 587, 598, 607, 610, 622, 639, 643, 650,
     662, 670, 702, 714, 750, 755, 770, 774, 802, 814, 830, 839, 842, 874,
     882, 886, 918, 942, 947, 958, 966, 978, 1003, 1010, 1022, 1034, 1039,
     1042, 1046, 1062, 1070, 1098, 1107, 1114, 1126, 1146, 1150, 1175, 1187,
     1199, 1202, 1207, 1242, 1250, 1258, 1262, 1266, 1279, 1291, 1302, 1314,
     1326, 1330, 1335, 1342, 1346, 1350, 1366, 1371, 1387, 1410, 1423, 1430,
     1434, 1438
[ 4] 11, 27, 35, 47, 86, 119, 155, 163, 171, 195, 202, 218, 246, 254, 263,
     278, 282, 294, 303, 306, 311, 315, 374, 379, 390, 418, 423, 435, 446,
     454, 462, 467, 486, 491, 498, 530, 542, 547, 554, 590, 599, 630, 634,
     646, 654, 658, 663, 666, 679, 683, 686, 694, 706, 711, 723, 726, 730,
     743, 751, 766, 782, 790, 795, 803, 810, 818, 823, 827, 835, 846, 851,
     866, 879, 883, 902, 951, 962, 967, 970, 975, 983, 998, 1019, 1027, 1051,
     1054, 1058, 1063, 1067, 1074, 1106, 1122, 1134, 1158, 1166, 1174, 1179,
     1186, 1206, 1211, 1215, 1223, 1235, 1239, 1247, 1259, 1275, 1282, 1338,
     1343, 1359, 1363, 1374, 1390, 1406, 1418, 1422, 1427, 1431
[ 5] 20, 36, 64, 76, 88, 112, 116, 128, 148, 152, 156, 160, 180, 184, 188,
     200, 220, 232, 248, 256, 260, 264, 280, 284, 288, 292, 352, 364, 368,
     376, 464, 484, 488, 496, 500, 520, 524, 536, 556, 576, 580, 596, 600,
     608, 620, 628, 636, 652, 656, 668, 712, 736, 756, 764, 800, 804, 812,
     832, 872, 876, 908, 920, 952, 976, 988, 1016, 1020, 1024, 1056, 1076,
     1096, 1132, 1140, 1152, 1164, 1168, 1184, 1268, 1272, 1280, 1368, 1392
[ 6] 0, 4, 44, 48, 68, 108, 120, 136, 164, 172, 176, 228, 304, 308, 316, 328,
     336, 380, 416, 428, 452, 456, 476, 508, 532, 544, 552, 564, 568, 572,
     588, 612, 640, 644, 680, 740, 744, 768, 772, 780, 820, 836, 840, 856,
     860, 884, 924, 940, 948, 960, 980, 996, 1072, 1080, 1124, 1136, 1172,
     1176, 1192, 1232, 1248, 1264, 1316, 1328, 1332, 1340, 1348, 1360, 1372,
     1384, 1412
[ 7] 8, 24, 32, 52, 60, 84, 92, 100, 208, 224, 236, 244, 300, 312, 324, 344,
     348, 392, 400, 404, 408, 412, 424, 436, 444, 492, 540, 548, 604, 624,
     684, 720, 724, 728, 732, 752, 776, 808, 848, 864, 896, 932, 936, 956,
     1004, 1028, 1060, 1064, 1088, 1112, 1116, 1180, 1188, 1196, 1200, 1204,
     1212, 1228, 1236, 1260, 1276, 1292, 1300, 1320, 1344, 1352, 1408, 1416,
     1424, 1428
[ 8] 28, 40, 56, 96, 104, 124, 132, 168, 192, 196, 240, 272, 332, 340, 356,
     360, 372, 396, 420, 460, 468, 480, 512, 584, 592, 616, 632, 648, 664,
     672, 676, 700, 716, 748, 760, 792, 796, 844, 852, 888, 892, 900, 944,
     968, 972, 984, 1008, 1036, 1040, 1048, 1052, 1084, 1100, 1104, 1144,
     1156, 1216, 1244, 1252, 1256, 1304, 1308, 1324, 1336, 1364, 1396, 1404,
     1432, 1436
[ 9] 12, 16, 72, 80, 140, 144, 204, 212, 216, 252, 268, 276, 296, 320, 384,
     388, 432, 440, 448, 472, 504, 516, 528, 560, 660, 688, 692, 696, 704,
     708, 784, 788, 816, 824, 828, 868, 880, 904, 912, 916, 928, 964, 992,
     1000, 1012, 1032, 1044, 1068, 1092, 1108, 1120, 1128, 1148, 1160, 1208,
     1220, 1224, 1240, 1284, 1288, 1296, 1312, 1356, 1376, 1380, 1388, 1400,
     1420

Reassigned labels

Runtime: 1.543837308883667

Performance split_log:

IM without threshold:
Map:
{"L_0": "L", "L_1": "L", "L_2": "L", "L_3": "L", "L_4": "L", "L_5": "L", "L_6": "L", "L_7": "L", "L_8": "L", "L_9": "L"}
token_fitness
{"perc_fit_traces": 0.0, "average_trace_fitness": 0.9203108695652236, "log_fitness": 0.9138149980026363, "percentage_of_fitting_traces": 0.0}
precision
0.6473285134896843
0.6421052631578946
generalization
0.615761702427513

Adjusted Rand Index:
0.3444624627654395



Parameters of this run:

Window size: 3
Threshold for edges: 0
Split candidates: L
Max number of traces: 5000000
Method for distance calculation: Distance.EDIT_DISTANCE
Method for finding clusters: ClusteringMethod.COMMUNITY_DETECTION
Original log location: ./data/noImprInLoop_default_OD\feb16-1625\logs\P_1_LogD_Sequence_feb16-1625.xes.gz
Use frequency: True

Found communities: 

Clustering with 1440 elements and 3 clusters
[0] 2, 3, 6, 7, 10, 11, 14, 15, 18, 19, 22, 23, 26, 27, 30, 31, 34, 35, 39,
    42, 43, 46, 47, 50, 51, 54, 55, 58, 59, 62, 63, 67, 71, 74, 75, 79, 82,
    83, 87, 90, 91, 94, 95, 98, 99, 102, 103, 107, 110, 111, 115, 118, 119,
    122, 123, 126, 127, 130, 131, 135, 138, 139, 142, 143, 146, 147, 150, 151,
    154, 155, 158, 159, 162, 163, 166, 167, 170, 171, 174, 175, 178, 179, 182,
    183, 187, 190, 191, 194, 195, 198, 199, 202, 203, 207, 210, 211, 214, 215,
    218, 219, 222, 223, 226, 227, 230, 231, 235, 239, 242, 243, 246, 247, 250,
    251, 254, 255, 258, 259, 262, 263, 267, 270, 271, 274, 275, 278, 279, 282,
    283, 286, 287, 291, 295, 298, 299, 302, 303, 307, 311, 315, 318, 319, 322,
    323, 327, 330, 331, 334, 335, 339, 342, 343, 346, 347, 350, 351, 354, 355,
    358, 359, 363, 366, 367, 370, 371, 374, 375, 378, 379, 383, 387, 390, 391,
    394, 395, 399, 402, 403, 406, 407, 410, 411, 414, 415, 419, 422, 423, 426,
    427, 430, 431, 435, 438, 439, 443, 446, 447, 450, 451, 454, 455, 458, 459,
    463, 466, 467, 470, 471, 474, 475, 478, 479, 482, 483, 486, 487, 491, 494,
    495, 498, 499, 502, 503, 506, 507, 510, 511, 515, 518, 519, 522, 523, 526,
    527, 530, 531, 535, 538, 539, 543, 546, 547, 550, 551, 554, 555, 558, 559,
    562, 563, 566, 567, 571, 575, 579, 582, 583, 587, 590, 591, 594, 595, 598,
    599, 603, 606, 607, 610, 611, 615, 619, 622, 623, 626, 627, 630, 631, 634,
    635, 638, 639, 643, 646, 647, 650, 651, 654, 655, 658, 659, 662, 663, 666,
    667, 670, 671, 674, 675, 679, 683, 687, 690, 691, 694, 695, 698, 699, 702,
    703, 706, 707, 710, 711, 714, 715, 718, 719, 722, 723, 726, 727, 730, 731,
    734, 735, 738, 739, 742, 743, 747, 750, 751, 755, 759, 762, 763, 766, 767,
    770, 771, 774, 775, 778, 779, 783, 786, 787, 790, 791, 795, 798, 799, 802,
    803, 807, 810, 811, 814, 815, 818, 819, 823, 826, 827, 830, 831, 835, 838,
    839, 842, 843, 846, 847, 850, 851, 855, 858, 859, 862, 863, 866, 867, 871,
    874, 875, 879, 882, 883, 886, 887, 890, 891, 894, 895, 898, 899, 903, 906,
    907, 910, 911, 914, 915, 918, 919, 922, 923, 926, 927, 931, 934, 935, 938,
    939, 942, 943, 947, 950, 951, 954, 955, 958, 959, 962, 963, 966, 967, 970,
    971, 974, 975, 978, 979, 982, 983, 987, 991, 994, 995, 998, 999, 1003,
    1006, 1007, 1010, 1011, 1014, 1015, 1018, 1019, 1022, 1023, 1026, 1027,
    1031, 1034, 1035, 1039, 1042, 1043, 1046, 1047, 1051, 1055, 1058, 1059,
    1062, 1063, 1066, 1067, 1070, 1071, 1074, 1075, 1078, 1079, 1082, 1083,
    1086, 1087, 1091, 1095, 1098, 1099, 1103, 1107, 1111, 1114, 1115, 1119,
    1123, 1126, 1127, 1130, 1131, 1135, 1139, 1142, 1143, 1146, 1147, 1150,
    1151, 1154, 1155, 1158, 1159, 1162, 1163, 1167, 1170, 1171, 1175, 1178,
    1179, 1183, 1187, 1191, 1194, 1195, 1199, 1202, 1203, 1206, 1207, 1210,
    1211, 1215, 1218, 1219, 1222, 1223, 1226, 1227, 1231, 1235, 1239, 1242,
    1243, 1247, 1250, 1251, 1255, 1258, 1259, 1262, 1263, 1266, 1267, 1270,
    1271, 1275, 1279, 1282, 1283, 1286, 1287, 1291, 1294, 1295, 1299, 1302,
    1303, 1307, 1310, 1311, 1314, 1315, 1318, 1319, 1322, 1323, 1326, 1327,
    1330, 1331, 1335, 1338, 1339, 1342, 1343, 1346, 1347, 1350, 1351, 1355,
    1359, 1362, 1363, 1366, 1367, 1371, 1374, 1375, 1378, 1379, 1383, 1386,
    1387, 1391, 1395, 1399, 1403, 1406, 1407, 1410, 1411, 1415, 1418, 1419,
    1422, 1423, 1427, 1430, 1431, 1434, 1435, 1438, 1439
[1] 0, 4, 8, 12, 16, 20, 24, 28, 32, 36, 37, 40, 44, 48, 52, 56, 60, 64, 65,
    68, 69, 72, 76, 77, 80, 84, 88, 92, 96, 100, 104, 105, 108, 112, 113, 116,
    120, 124, 128, 132, 133, 136, 140, 144, 148, 152, 156, 160, 164, 168, 172,
    176, 180, 184, 185, 188, 192, 196, 200, 204, 205, 208, 212, 216, 220, 224,
    228, 232, 233, 236, 237, 240, 244, 248, 252, 256, 260, 264, 265, 268, 272,
    276, 280, 284, 288, 289, 292, 296, 300, 304, 308, 309, 312, 313, 316, 320,
    324, 325, 328, 332, 336, 337, 340, 344, 348, 352, 356, 360, 361, 364, 368,
    372, 376, 380, 381, 384, 385, 388, 392, 396, 397, 400, 404, 408, 412, 416,
    420, 424, 428, 432, 433, 436, 440, 441, 444, 448, 452, 456, 460, 464, 468,
    472, 476, 480, 484, 488, 489, 492, 496, 500, 504, 508, 512, 513, 516, 520,
    524, 528, 532, 533, 536, 540, 544, 548, 552, 556, 560, 564, 568, 569, 572,
    573, 576, 577, 580, 584, 585, 588, 592, 596, 600, 601, 604, 608, 612, 613,
    616, 617, 620, 624, 628, 632, 636, 640, 641, 644, 648, 652, 656, 660, 664,
    668, 672, 676, 677, 680, 681, 684, 688, 692, 696, 700, 704, 708, 712, 716,
    720, 724, 728, 732, 736, 740, 744, 745, 748, 752, 753, 756, 757, 760, 764,
    768, 772, 776, 780, 784, 788, 792, 793, 796, 800, 804, 805, 808, 812, 816,
    820, 821, 824, 828, 832, 833, 836, 840, 844, 848, 852, 853, 856, 860, 864,
    868, 869, 872, 876, 877, 880, 884, 888, 892, 896, 900, 904, 908, 912, 916,
    920, 924, 928, 929, 932, 936, 940, 944, 945, 948, 952, 956, 960, 964, 968,
    972, 976, 980, 984, 985, 988, 989, 992, 996, 1000, 1001, 1004, 1008, 1012,
    1016, 1020, 1024, 1028, 1029, 1032, 1036, 1037, 1040, 1044, 1048, 1049,
    1052, 1056, 1060, 1064, 1068, 1072, 1076, 1080, 1084, 1088, 1089, 1092,
    1093, 1096, 1100, 1101, 1104, 1108, 1109, 1112, 1116, 1117, 1120, 1124,
    1128, 1132, 1136, 1137, 1140, 1144, 1148, 1152, 1156, 1160, 1164, 1168,
    1172, 1176, 1180, 1181, 1184, 1188, 1189, 1192, 1196, 1197, 1200, 1204,
    1208, 1212, 1213, 1216, 1220, 1224, 1228, 1229, 1232, 1233, 1236, 1237,
    1240, 1244, 1245, 1248, 1252, 1253, 1256, 1260, 1264, 1268, 1272, 1273,
    1276, 1277, 1280, 1284, 1288, 1289, 1292, 1296, 1297, 1300, 1304, 1305,
    1308, 1312, 1316, 1320, 1324, 1328, 1332, 1333, 1336, 1340, 1344, 1348,
    1352, 1353, 1356, 1357, 1360, 1364, 1368, 1369, 1372, 1376, 1380, 1381,
    1384, 1388, 1392, 1393, 1396, 1397, 1400, 1401, 1404, 1408, 1412, 1413,
    1416, 1420, 1424, 1425, 1428, 1432, 1436
[2] 1, 5, 9, 13, 17, 21, 25, 29, 33, 38, 41, 45, 49, 53, 57, 61, 66, 70, 73,
    78, 81, 85, 86, 89, 93, 97, 101, 106, 109, 114, 117, 121, 125, 129, 134,
    137, 141, 145, 149, 153, 157, 161, 165, 169, 173, 177, 181, 186, 189, 193,
    197, 201, 206, 209, 213, 217, 221, 225, 229, 234, 238, 241, 245, 249, 253,
    257, 261, 266, 269, 273, 277, 281, 285, 290, 293, 294, 297, 301, 305, 306,
    310, 314, 317, 321, 326, 329, 333, 338, 341, 345, 349, 353, 357, 362, 365,
    369, 373, 377, 382, 386, 389, 393, 398, 401, 405, 409, 413, 417, 418, 421,
    425, 429, 434, 437, 442, 445, 449, 453, 457, 461, 462, 465, 469, 473, 477,
    481, 485, 490, 493, 497, 501, 505, 509, 514, 517, 521, 525, 529, 534, 537,
    541, 542, 545, 549, 553, 557, 561, 565, 570, 574, 578, 581, 586, 589, 593,
    597, 602, 605, 609, 614, 618, 621, 625, 629, 633, 637, 642, 645, 649, 653,
    657, 661, 665, 669, 673, 678, 682, 685, 686, 689, 693, 697, 701, 705, 709,
    713, 717, 721, 725, 729, 733, 737, 741, 746, 749, 754, 758, 761, 765, 769,
    773, 777, 781, 782, 785, 789, 794, 797, 801, 806, 809, 813, 817, 822, 825,
    829, 834, 837, 841, 845, 849, 854, 857, 861, 865, 870, 873, 878, 881, 885,
    889, 893, 897, 901, 902, 905, 909, 913, 917, 921, 925, 930, 933, 937, 941,
    946, 949, 953, 957, 961, 965, 969, 973, 977, 981, 986, 990, 993, 997,
    1002, 1005, 1009, 1013, 1017, 1021, 1025, 1030, 1033, 1038, 1041, 1045,
    1050, 1053, 1054, 1057, 1061, 1065, 1069, 1073, 1077, 1081, 1085, 1090,
    1094, 1097, 1102, 1105, 1106, 1110, 1113, 1118, 1121, 1122, 1125, 1129,
    1133, 1134, 1138, 1141, 1145, 1149, 1153, 1157, 1161, 1165, 1166, 1169,
    1173, 1174, 1177, 1182, 1185, 1186, 1190, 1193, 1198, 1201, 1205, 1209,
    1214, 1217, 1221, 1225, 1230, 1234, 1238, 1241, 1246, 1249, 1254, 1257,
    1261, 1265, 1269, 1274, 1278, 1281, 1285, 1290, 1293, 1298, 1301, 1306,
    1309, 1313, 1317, 1321, 1325, 1329, 1334, 1337, 1341, 1345, 1349, 1354,
    1358, 1361, 1365, 1370, 1373, 1377, 1382, 1385, 1389, 1390, 1394, 1398,
    1402, 1405, 1409, 1414, 1417, 1421, 1426, 1429, 1433, 1437

Reassigned labels

Runtime: 2.296501398086548

Performance split_log:

IM without threshold:
Map:
{"L_0": "L", "L_1": "L", "L_2": "L"}
token_fitness
{"perc_fit_traces": 0.0, "average_trace_fitness": 0.8517555555555665, "log_fitness": 0.8510870782313359, "percentage_of_fitting_traces": 0.0}
precision
1.0
0.7049180327868854
generalization
0.6090949167725569

Adjusted Rand Index:
0.5429333627791374



Parameters of this run:

Window size: 3
Threshold for edges: 0.25
Split candidates: L
Max number of traces: 5000000
Method for distance calculation: Distance.EDIT_DISTANCE
Method for finding clusters: ClusteringMethod.COMMUNITY_DETECTION
Original log location: ./data/noImprInLoop_default_OD\feb16-1625\logs\P_1_LogD_Sequence_feb16-1625.xes.gz
Use frequency: True

Found communities: 

Clustering with 1440 elements and 2 clusters
[0] 0, 1, 4, 5, 8, 9, 12, 13, 16, 17, 20, 21, 24, 25, 28, 29, 32, 33, 36, 37,
    38, 40, 41, 44, 45, 48, 49, 52, 53, 56, 57, 60, 61, 64, 65, 66, 68, 69,
    70, 72, 73, 76, 77, 78, 80, 81, 84, 85, 88, 89, 92, 93, 96, 97, 100, 101,
    104, 105, 106, 108, 109, 112, 113, 114, 116, 117, 120, 121, 124, 125, 128,
    129, 132, 133, 134, 136, 137, 140, 141, 144, 145, 148, 149, 152, 153, 156,
    157, 160, 161, 164, 165, 168, 169, 172, 173, 176, 177, 180, 181, 184, 185,
    186, 188, 189, 192, 193, 196, 197, 200, 201, 204, 205, 206, 208, 209, 212,
    213, 216, 217, 220, 221, 224, 225, 228, 229, 232, 233, 234, 236, 237, 238,
    240, 241, 244, 245, 248, 249, 252, 253, 256, 257, 260, 261, 264, 265, 266,
    268, 269, 272, 273, 276, 277, 280, 281, 284, 285, 288, 289, 290, 292, 293,
    296, 297, 300, 301, 304, 305, 308, 309, 310, 312, 313, 314, 316, 317, 320,
    321, 324, 325, 326, 328, 329, 332, 333, 336, 337, 338, 340, 341, 344, 345,
    348, 349, 352, 353, 356, 357, 360, 361, 362, 364, 365, 368, 369, 372, 373,
    376, 377, 380, 381, 382, 384, 385, 386, 388, 389, 392, 393, 396, 397, 398,
    400, 401, 404, 405, 408, 409, 412, 413, 416, 417, 420, 421, 424, 425, 428,
    429, 432, 433, 434, 436, 437, 440, 441, 442, 444, 445, 448, 449, 452, 453,
    456, 457, 460, 461, 464, 465, 468, 469, 472, 473, 476, 477, 480, 481, 484,
    485, 488, 489, 490, 492, 493, 496, 497, 500, 501, 504, 505, 508, 509, 512,
    513, 514, 516, 517, 520, 521, 524, 525, 528, 529, 532, 533, 534, 536, 537,
    540, 541, 544, 545, 548, 549, 552, 553, 556, 557, 560, 561, 564, 565, 568,
    569, 570, 572, 573, 574, 576, 577, 578, 580, 581, 584, 585, 586, 588, 589,
    592, 593, 596, 597, 600, 601, 602, 604, 605, 608, 609, 612, 613, 614, 616,
    617, 618, 620, 621, 624, 625, 628, 629, 632, 633, 636, 637, 640, 641, 642,
    644, 645, 648, 649, 652, 653, 656, 657, 660, 661, 664, 665, 668, 669, 672,
    673, 676, 677, 678, 680, 681, 682, 684, 685, 688, 689, 692, 693, 696, 697,
    700, 701, 704, 705, 708, 709, 712, 713, 716, 717, 720, 721, 724, 725, 728,
    729, 732, 733, 736, 737, 740, 741, 744, 745, 746, 748, 749, 752, 753, 754,
    756, 757, 758, 760, 761, 764, 765, 768, 769, 772, 773, 776, 777, 780, 781,
    784, 785, 788, 789, 792, 793, 794, 796, 797, 800, 801, 804, 805, 806, 808,
    809, 812, 813, 816, 817, 820, 821, 822, 824, 825, 828, 829, 832, 833, 834,
    836, 837, 840, 841, 844, 845, 848, 849, 852, 853, 854, 856, 857, 860, 861,
    864, 865, 868, 869, 870, 872, 873, 876, 877, 878, 880, 881, 884, 885, 888,
    889, 892, 893, 896, 897, 900, 901, 904, 905, 908, 909, 912, 913, 916, 917,
    920, 921, 924, 925, 928, 929, 930, 932, 933, 936, 937, 940, 941, 944, 945,
    946, 948, 949, 952, 953, 956, 957, 960, 961, 964, 965, 968, 969, 972, 973,
    976, 977, 980, 981, 984, 985, 986, 988, 989, 990, 992, 993, 996, 997,
    1000, 1001, 1002, 1004, 1005, 1008, 1009, 1012, 1013, 1016, 1017, 1020,
    1021, 1024, 1025, 1028, 1029, 1030, 1032, 1033, 1036, 1037, 1038, 1040,
    1041, 1044, 1045, 1048, 1049, 1050, 1052, 1053, 1056, 1057, 1060, 1061,
    1064, 1065, 1068, 1069, 1072, 1073, 1076, 1077, 1080, 1081, 1084, 1085,
    1088, 1089, 1090, 1092, 1093, 1094, 1096, 1097, 1100, 1101, 1102, 1104,
    1105, 1108, 1109, 1110, 1112, 1113, 1116, 1117, 1118, 1120, 1121, 1124,
    1125, 1128, 1129, 1132, 1133, 1136, 1137, 1138, 1140, 1141, 1144, 1145,
    1148, 1149, 1152, 1153, 1156, 1157, 1160, 1161, 1164, 1165, 1168, 1169,
    1172, 1173, 1176, 1177, 1180, 1181, 1182, 1184, 1185, 1188, 1189, 1190,
    1192, 1193, 1196, 1197, 1198, 1200, 1201, 1204, 1205, 1208, 1209, 1212,
    1213, 1214, 1216, 1217, 1220, 1221, 1224, 1225, 1228, 1229, 1230, 1232,
    1233, 1234, 1236, 1237, 1238, 1240, 1241, 1244, 1245, 1246, 1248, 1249,
    1252, 1253, 1254, 1256, 1257, 1260, 1261, 1264, 1265, 1268, 1269, 1272,
    1273, 1274, 1276, 1277, 1278, 1280, 1281, 1284, 1285, 1288, 1289, 1290,
    1292, 1293, 1296, 1297, 1298, 1300, 1301, 1304, 1305, 1306, 1308, 1309,
    1312, 1313, 1316, 1317, 1320, 1321, 1324, 1325, 1328, 1329, 1332, 1333,
    1334, 1336, 1337, 1340, 1341, 1344, 1345, 1348, 1349, 1352, 1353, 1354,
    1356, 1357, 1358, 1360, 1361, 1364, 1365, 1368, 1369, 1370, 1372, 1373,
    1376, 1377, 1380, 1381, 1382, 1384, 1385, 1388, 1389, 1392, 1393, 1394,
    1396, 1397, 1398, 1400, 1401, 1402, 1404, 1405, 1408, 1409, 1412, 1413,
    1414, 1416, 1417, 1420, 1421, 1424, 1425, 1426, 1428, 1429, 1432, 1433,
    1436, 1437
[1] 2, 3, 6, 7, 10, 11, 14, 15, 18, 19, 22, 23, 26, 27, 30, 31, 34, 35, 39,
    42, 43, 46, 47, 50, 51, 54, 55, 58, 59, 62, 63, 67, 71, 74, 75, 79, 82,
    83, 86, 87, 90, 91, 94, 95, 98, 99, 102, 103, 107, 110, 111, 115, 118,
    119, 122, 123, 126, 127, 130, 131, 135, 138, 139, 142, 143, 146, 147, 150,
    151, 154, 155, 158, 159, 162, 163, 166, 167, 170, 171, 174, 175, 178, 179,
    182, 183, 187, 190, 191, 194, 195, 198, 199, 202, 203, 207, 210, 211, 214,
    215, 218, 219, 222, 223, 226, 227, 230, 231, 235, 239, 242, 243, 246, 247,
    250, 251, 254, 255, 258, 259, 262, 263, 267, 270, 271, 274, 275, 278, 279,
    282, 283, 286, 287, 291, 294, 295, 298, 299, 302, 303, 306, 307, 311, 315,
    318, 319, 322, 323, 327, 330, 331, 334, 335, 339, 342, 343, 346, 347, 350,
    351, 354, 355, 358, 359, 363, 366, 367, 370, 371, 374, 375, 378, 379, 383,
    387, 390, 391, 394, 395, 399, 402, 403, 406, 407, 410, 411, 414, 415, 418,
    419, 422, 423, 426, 427, 430, 431, 435, 438, 439, 443, 446, 447, 450, 451,
    454, 455, 458, 459, 462, 463, 466, 467, 470, 471, 474, 475, 478, 479, 482,
    483, 486, 487, 491, 494, 495, 498, 499, 502, 503, 506, 507, 510, 511, 515,
    518, 519, 522, 523, 526, 527, 530, 531, 535, 538, 539, 542, 543, 546, 547,
    550, 551, 554, 555, 558, 559, 562, 563, 566, 567, 571, 575, 579, 582, 583,
    587, 590, 591, 594, 595, 598, 599, 603, 606, 607, 610, 611, 615, 619, 622,
    623, 626, 627, 630, 631, 634, 635, 638, 639, 643, 646, 647, 650, 651, 654,
    655, 658, 659, 662, 663, 666, 667, 670, 671, 674, 675, 679, 683, 686, 687,
    690, 691, 694, 695, 698, 699, 702, 703, 706, 707, 710, 711, 714, 715, 718,
    719, 722, 723, 726, 727, 730, 731, 734, 735, 738, 739, 742, 743, 747, 750,
    751, 755, 759, 762, 763, 766, 767, 770, 771, 774, 775, 778, 779, 782, 783,
    786, 787, 790, 791, 795, 798, 799, 802, 803, 807, 810, 811, 814, 815, 818,
    819, 823, 826, 827, 830, 831, 835, 838, 839, 842, 843, 846, 847, 850, 851,
    855, 858, 859, 862, 863, 866, 867, 871, 874, 875, 879, 882, 883, 886, 887,
    890, 891, 894, 895, 898, 899, 902, 903, 906, 907, 910, 911, 914, 915, 918,
    919, 922, 923, 926, 927, 931, 934, 935, 938, 939, 942, 943, 947, 950, 951,
    954, 955, 958, 959, 962, 963, 966, 967, 970, 971, 974, 975, 978, 979, 982,
    983, 987, 991, 994, 995, 998, 999, 1003, 1006, 1007, 1010, 1011, 1014,
    1015, 1018, 1019, 1022, 1023, 1026, 1027, 1031, 1034, 1035, 1039, 1042,
    1043, 1046, 1047, 1051, 1054, 1055, 1058, 1059, 1062, 1063, 1066, 1067,
    1070, 1071, 1074, 1075, 1078, 1079, 1082, 1083, 1086, 1087, 1091, 1095,
    1098, 1099, 1103, 1106, 1107, 1111, 1114, 1115, 1119, 1122, 1123, 1126,
    1127, 1130, 1131, 1134, 1135, 1139, 1142, 1143, 1146, 1147, 1150, 1151,
    1154, 1155, 1158, 1159, 1162, 1163, 1166, 1167, 1170, 1171, 1174, 1175,
    1178, 1179, 1183, 1186, 1187, 1191, 1194, 1195, 1199, 1202, 1203, 1206,
    1207, 1210, 1211, 1215, 1218, 1219, 1222, 1223, 1226, 1227, 1231, 1235,
    1239, 1242, 1243, 1247, 1250, 1251, 1255, 1258, 1259, 1262, 1263, 1266,
    1267, 1270, 1271, 1275, 1279, 1282, 1283, 1286, 1287, 1291, 1294, 1295,
    1299, 1302, 1303, 1307, 1310, 1311, 1314, 1315, 1318, 1319, 1322, 1323,
    1326, 1327, 1330, 1331, 1335, 1338, 1339, 1342, 1343, 1346, 1347, 1350,
    1351, 1355, 1359, 1362, 1363, 1366, 1367, 1371, 1374, 1375, 1378, 1379,
    1383, 1386, 1387, 1390, 1391, 1395, 1399, 1403, 1406, 1407, 1410, 1411,
    1415, 1418, 1419, 1422, 1423, 1427, 1430, 1431, 1434, 1435, 1438, 1439

Reassigned labels

Runtime: 1.9407191276550293

Performance split_log:

IM without threshold:
Map:
{"L_0": "L", "L_1": "L"}
token_fitness
{"perc_fit_traces": 17.7, "average_trace_fitness": 0.9570050505050607, "log_fitness": 0.9578920440010232, "percentage_of_fitting_traces": 17.7}
precision
0.8233059627043204
0.7037037037037037
generalization
0.9072531167674737

Adjusted Rand Index:
0.400408496277298



Parameters of this run:

Window size: 3
Threshold for edges: 0.5
Split candidates: L
Max number of traces: 5000000
Method for distance calculation: Distance.EDIT_DISTANCE
Method for finding clusters: ClusteringMethod.COMMUNITY_DETECTION
Original log location: ./data/noImprInLoop_default_OD\feb16-1625\logs\P_1_LogD_Sequence_feb16-1625.xes.gz
Use frequency: True

Found communities: 

Clustering with 1440 elements and 3 clusters
[0] 2, 3, 6, 7, 10, 11, 14, 15, 18, 19, 22, 23, 26, 27, 30, 31, 34, 35, 39,
    42, 43, 46, 47, 50, 51, 54, 55, 58, 59, 62, 63, 67, 71, 74, 75, 79, 82,
    83, 87, 90, 91, 94, 95, 98, 99, 102, 103, 107, 110, 111, 115, 118, 119,
    122, 123, 126, 127, 130, 131, 135, 138, 139, 142, 143, 146, 147, 150, 151,
    154, 155, 158, 159, 162, 163, 166, 167, 170, 171, 174, 175, 178, 179, 182,
    183, 187, 190, 191, 194, 195, 198, 199, 202, 203, 207, 210, 211, 214, 215,
    218, 219, 222, 223, 226, 227, 230, 231, 235, 239, 242, 243, 246, 247, 250,
    251, 254, 255, 258, 259, 262, 263, 267, 270, 271, 274, 275, 278, 279, 282,
    283, 286, 287, 291, 295, 298, 299, 302, 303, 307, 311, 315, 318, 319, 322,
    323, 327, 330, 331, 334, 335, 339, 342, 343, 346, 347, 350, 351, 354, 355,
    358, 359, 363, 366, 367, 370, 371, 374, 375, 378, 379, 383, 387, 390, 391,
    394, 395, 399, 402, 403, 406, 407, 410, 411, 414, 415, 419, 422, 423, 426,
    427, 430, 431, 435, 438, 439, 443, 446, 447, 450, 451, 454, 455, 458, 459,
    463, 466, 467, 470, 471, 474, 475, 478, 479, 482, 483, 486, 487, 491, 494,
    495, 498, 499, 502, 503, 506, 507, 510, 511, 515, 518, 519, 522, 523, 526,
    527, 530, 531, 535, 538, 539, 543, 546, 547, 550, 551, 554, 555, 558, 559,
    562, 563, 566, 567, 571, 575, 579, 582, 583, 587, 590, 591, 594, 595, 598,
    599, 603, 606, 607, 610, 611, 615, 619, 622, 623, 626, 627, 630, 631, 634,
    635, 638, 639, 643, 646, 647, 650, 651, 654, 655, 658, 659, 662, 663, 666,
    667, 670, 671, 674, 675, 679, 683, 687, 690, 691, 694, 695, 698, 699, 702,
    703, 706, 707, 710, 711, 714, 715, 718, 719, 722, 723, 726, 727, 730, 731,
    734, 735, 738, 739, 742, 743, 747, 750, 751, 755, 759, 762, 763, 766, 767,
    770, 771, 774, 775, 778, 779, 783, 786, 787, 790, 791, 795, 798, 799, 802,
    803, 807, 810, 811, 814, 815, 818, 819, 823, 826, 827, 830, 831, 835, 838,
    839, 842, 843, 846, 847, 850, 851, 855, 858, 859, 862, 863, 866, 867, 871,
    874, 875, 879, 882, 883, 886, 887, 890, 891, 894, 895, 898, 899, 903, 906,
    907, 910, 911, 914, 915, 918, 919, 922, 923, 926, 927, 931, 934, 935, 938,
    939, 942, 943, 947, 950, 951, 954, 955, 958, 959, 962, 963, 966, 967, 970,
    971, 974, 975, 978, 979, 982, 983, 987, 991, 994, 995, 998, 999, 1003,
    1006, 1007, 1010, 1011, 1014, 1015, 1018, 1019, 1022, 1023, 1026, 1027,
    1031, 1034, 1035, 1039, 1042, 1043, 1046, 1047, 1051, 1055, 1058, 1059,
    1062, 1063, 1066, 1067, 1070, 1071, 1074, 1075, 1078, 1079, 1082, 1083,
    1086, 1087, 1091, 1095, 1098, 1099, 1103, 1107, 1111, 1114, 1115, 1119,
    1123, 1126, 1127, 1130, 1131, 1135, 1139, 1142, 1143, 1146, 1147, 1150,
    1151, 1154, 1155, 1158, 1159, 1162, 1163, 1167, 1170, 1171, 1175, 1178,
    1179, 1183, 1187, 1191, 1194, 1195, 1199, 1202, 1203, 1206, 1207, 1210,
    1211, 1215, 1218, 1219, 1222, 1223, 1226, 1227, 1231, 1235, 1239, 1242,
    1243, 1247, 1250, 1251, 1255, 1258, 1259, 1262, 1263, 1266, 1267, 1270,
    1271, 1275, 1279, 1282, 1283, 1286, 1287, 1291, 1294, 1295, 1299, 1302,
    1303, 1307, 1310, 1311, 1314, 1315, 1318, 1319, 1322, 1323, 1326, 1327,
    1330, 1331, 1335, 1338, 1339, 1342, 1343, 1346, 1347, 1350, 1351, 1355,
    1359, 1362, 1363, 1366, 1367, 1371, 1374, 1375, 1378, 1379, 1383, 1386,
    1387, 1391, 1395, 1399, 1403, 1406, 1407, 1410, 1411, 1415, 1418, 1419,
    1422, 1423, 1427, 1430, 1431, 1434, 1435, 1438, 1439
[1] 0, 4, 8, 12, 16, 20, 24, 28, 32, 36, 37, 40, 44, 48, 52, 56, 60, 64, 65,
    68, 69, 72, 76, 77, 80, 84, 88, 92, 96, 100, 104, 105, 108, 112, 113, 116,
    120, 124, 128, 132, 133, 136, 140, 144, 148, 152, 156, 160, 164, 168, 172,
    176, 180, 184, 185, 188, 192, 196, 200, 204, 205, 208, 212, 216, 220, 224,
    228, 232, 233, 236, 237, 240, 244, 248, 252, 256, 260, 264, 265, 268, 272,
    276, 280, 284, 288, 289, 292, 296, 300, 304, 308, 309, 312, 313, 316, 320,
    324, 325, 328, 332, 336, 337, 340, 344, 348, 352, 356, 360, 361, 364, 368,
    372, 376, 380, 381, 384, 385, 388, 392, 396, 397, 400, 404, 408, 412, 416,
    420, 424, 428, 432, 433, 436, 440, 441, 444, 448, 452, 456, 460, 464, 468,
    472, 476, 480, 484, 488, 489, 492, 496, 500, 504, 508, 512, 513, 516, 520,
    524, 528, 532, 533, 536, 540, 544, 548, 552, 556, 560, 564, 568, 569, 572,
    573, 576, 577, 580, 584, 585, 588, 592, 596, 600, 601, 604, 608, 612, 613,
    616, 617, 620, 624, 628, 632, 636, 640, 641, 644, 648, 652, 656, 660, 664,
    668, 672, 676, 677, 680, 681, 684, 688, 692, 696, 700, 704, 708, 712, 716,
    720, 724, 728, 732, 736, 740, 744, 745, 748, 752, 753, 756, 757, 760, 764,
    768, 772, 776, 780, 784, 788, 792, 793, 796, 800, 804, 805, 808, 812, 816,
    820, 821, 824, 828, 832, 833, 836, 840, 844, 848, 852, 853, 856, 860, 864,
    868, 869, 872, 876, 877, 880, 884, 888, 892, 896, 900, 904, 908, 912, 916,
    920, 924, 928, 929, 932, 936, 940, 944, 945, 948, 952, 956, 960, 964, 968,
    972, 976, 980, 984, 985, 988, 989, 992, 996, 1000, 1001, 1004, 1008, 1012,
    1016, 1020, 1024, 1028, 1029, 1032, 1036, 1037, 1040, 1044, 1048, 1049,
    1052, 1056, 1060, 1064, 1068, 1072, 1076, 1080, 1084, 1088, 1089, 1092,
    1093, 1096, 1100, 1101, 1104, 1108, 1109, 1112, 1116, 1117, 1120, 1124,
    1128, 1132, 1136, 1137, 1140, 1144, 1148, 1152, 1156, 1160, 1164, 1168,
    1172, 1176, 1180, 1181, 1184, 1188, 1189, 1192, 1196, 1197, 1200, 1204,
    1208, 1212, 1213, 1216, 1220, 1224, 1228, 1229, 1232, 1233, 1236, 1237,
    1240, 1244, 1245, 1248, 1252, 1253, 1256, 1260, 1264, 1268, 1272, 1273,
    1276, 1277, 1280, 1284, 1288, 1289, 1292, 1296, 1297, 1300, 1304, 1305,
    1308, 1312, 1316, 1320, 1324, 1328, 1332, 1333, 1336, 1340, 1344, 1348,
    1352, 1353, 1356, 1357, 1360, 1364, 1368, 1369, 1372, 1376, 1380, 1381,
    1384, 1388, 1392, 1393, 1396, 1397, 1400, 1401, 1404, 1408, 1412, 1413,
    1416, 1420, 1424, 1425, 1428, 1432, 1436
[2] 1, 5, 9, 13, 17, 21, 25, 29, 33, 38, 41, 45, 49, 53, 57, 61, 66, 70, 73,
    78, 81, 85, 86, 89, 93, 97, 101, 106, 109, 114, 117, 121, 125, 129, 134,
    137, 141, 145, 149, 153, 157, 161, 165, 169, 173, 177, 181, 186, 189, 193,
    197, 201, 206, 209, 213, 217, 221, 225, 229, 234, 238, 241, 245, 249, 253,
    257, 261, 266, 269, 273, 277, 281, 285, 290, 293, 294, 297, 301, 305, 306,
    310, 314, 317, 321, 326, 329, 333, 338, 341, 345, 349, 353, 357, 362, 365,
    369, 373, 377, 382, 386, 389, 393, 398, 401, 405, 409, 413, 417, 418, 421,
    425, 429, 434, 437, 442, 445, 449, 453, 457, 461, 462, 465, 469, 473, 477,
    481, 485, 490, 493, 497, 501, 505, 509, 514, 517, 521, 525, 529, 534, 537,
    541, 542, 545, 549, 553, 557, 561, 565, 570, 574, 578, 581, 586, 589, 593,
    597, 602, 605, 609, 614, 618, 621, 625, 629, 633, 637, 642, 645, 649, 653,
    657, 661, 665, 669, 673, 678, 682, 685, 686, 689, 693, 697, 701, 705, 709,
    713, 717, 721, 725, 729, 733, 737, 741, 746, 749, 754, 758, 761, 765, 769,
    773, 777, 781, 782, 785, 789, 794, 797, 801, 806, 809, 813, 817, 822, 825,
    829, 834, 837, 841, 845, 849, 854, 857, 861, 865, 870, 873, 878, 881, 885,
    889, 893, 897, 901, 902, 905, 909, 913, 917, 921, 925, 930, 933, 937, 941,
    946, 949, 953, 957, 961, 965, 969, 973, 977, 981, 986, 990, 993, 997,
    1002, 1005, 1009, 1013, 1017, 1021, 1025, 1030, 1033, 1038, 1041, 1045,
    1050, 1053, 1054, 1057, 1061, 1065, 1069, 1073, 1077, 1081, 1085, 1090,
    1094, 1097, 1102, 1105, 1106, 1110, 1113, 1118, 1121, 1122, 1125, 1129,
    1133, 1134, 1138, 1141, 1145, 1149, 1153, 1157, 1161, 1165, 1166, 1169,
    1173, 1174, 1177, 1182, 1185, 1186, 1190, 1193, 1198, 1201, 1205, 1209,
    1214, 1217, 1221, 1225, 1230, 1234, 1238, 1241, 1246, 1249, 1254, 1257,
    1261, 1265, 1269, 1274, 1278, 1281, 1285, 1290, 1293, 1298, 1301, 1306,
    1309, 1313, 1317, 1321, 1325, 1329, 1334, 1337, 1341, 1345, 1349, 1354,
    1358, 1361, 1365, 1370, 1373, 1377, 1382, 1385, 1389, 1390, 1394, 1398,
    1402, 1405, 1409, 1414, 1417, 1421, 1426, 1429, 1433, 1437

Reassigned labels

Runtime: 1.7107443809509277

Performance split_log:

IM without threshold:
Map:
{"L_0": "L", "L_1": "L", "L_2": "L"}
token_fitness
{"perc_fit_traces": 13.3, "average_trace_fitness": 0.8983489289273727, "log_fitness": 0.9006792846259798, "percentage_of_fitting_traces": 13.3}
precision
0.8232051200811101
0.7049180327868854
generalization
0.866578640860642

Adjusted Rand Index:
0.5429333627791374



Parameters of this run:

Window size: 3
Threshold for edges: 0.75
Split candidates: L
Max number of traces: 5000000
Method for distance calculation: Distance.EDIT_DISTANCE
Method for finding clusters: ClusteringMethod.COMMUNITY_DETECTION
Original log location: ./data/noImprInLoop_default_OD\feb16-1625\logs\P_1_LogD_Sequence_feb16-1625.xes.gz
Use frequency: True

Found communities: 

Clustering with 1440 elements and 27 clusters
[ 0] 0, 4, 12, 16, 20, 36, 44, 48, 64, 68, 72, 76, 80, 88, 108, 112, 116, 120,
     128, 136, 140, 144, 148, 152, 156, 160, 164, 172, 176, 180, 184, 188,
     200, 204, 212, 216, 220, 228, 232, 248, 252, 256, 260, 264, 268, 276,
     280, 284, 288, 292, 296, 304, 308, 316, 320, 328, 336, 352, 364, 368,
     376, 380, 384, 388, 416, 428, 432, 440, 448, 452, 456, 464, 472, 476,
     484, 488, 496, 500, 504, 508, 516, 520, 524, 528, 532, 536, 544, 552,
     556, 560, 564, 568, 572, 576, 580, 588, 596, 600, 608, 612, 620, 628,
     636, 640, 644, 652, 656, 660, 668, 680, 688, 692, 696, 704, 708, 712,
     736, 740, 744, 756, 764, 768, 772, 780, 784, 788, 800, 804, 812, 816,
     820, 824, 828, 832, 836, 840, 856, 860, 868, 872, 876, 880, 884, 904,
     908, 912, 916, 920, 924, 928, 940, 948, 952, 960, 964, 976, 980, 988,
     992, 996, 1000, 1012, 1016, 1020, 1024, 1032, 1044, 1056, 1068, 1072,
     1076, 1080, 1092, 1096, 1108, 1120, 1124, 1128, 1132, 1136, 1140, 1148,
     1152, 1160, 1164, 1168, 1172, 1176, 1184, 1192, 1208, 1220, 1224, 1232,
     1240, 1248, 1264, 1268, 1272, 1280, 1284, 1288, 1296, 1312, 1316, 1328,
     1332, 1340, 1348, 1356, 1360, 1368, 1372, 1376, 1380, 1384, 1388, 1392,
     1400, 1412, 1420
[ 1] 3, 15, 19, 23, 30, 34, 43, 51, 54, 59, 67, 74, 79, 82, 91, 98, 103, 107,
     115, 118, 122, 126, 130, 135, 138, 142, 147, 151, 162, 175, 179, 187,
     194, 199, 214, 227, 239, 242, 255, 258, 267, 271, 275, 283, 287, 299,
     318, 323, 339, 343, 350, 354, 358, 370, 375, 383, 395, 406, 415, 419,
     427, 430, 439, 458, 463, 470, 479, 503, 527, 555, 567, 575, 591, 615,
     619, 631, 651, 675, 687, 691, 695, 699, 707, 719, 727, 731, 734, 738,
     742, 747, 763, 767, 771, 775, 779, 783, 787, 791, 807, 815, 831, 847,
     850, 858, 867, 871, 875, 895, 899, 910, 915, 923, 926, 934, 939, 943,
     955, 979, 991, 994, 999, 1006, 1014, 1023, 1031, 1035, 1043, 1055, 1059,
     1071, 1079, 1082, 1086, 1091, 1099, 1103, 1111, 1115, 1119, 1123, 1131,
     1135, 1139, 1154, 1162, 1167, 1171, 1183, 1191, 1195, 1203, 1219, 1222,
     1227, 1231, 1243, 1255, 1263, 1270, 1286, 1294, 1299, 1303, 1307, 1319,
     1322, 1327, 1331, 1339, 1347, 1351, 1375, 1383, 1395, 1399, 1435
[ 2] 2, 11, 22, 27, 39, 42, 47, 63, 71, 87, 90, 94, 95, 111, 150, 155, 159,
     166, 167, 170, 178, 183, 190, 198, 207, 210, 219, 222, 223, 226, 231,
     251, 263, 270, 274, 282, 291, 295, 298, 302, 307, 311, 331, 347, 363,
     367, 374, 394, 399, 422, 423, 438, 443, 447, 451, 455, 475, 478, 483,
     487, 491, 495, 499, 507, 510, 511, 519, 526, 531, 539, 551, 554, 559,
     579, 583, 594, 599, 603, 607, 623, 626, 627, 635, 639, 647, 659, 667,
     671, 674, 690, 703, 706, 726, 730, 759, 766, 778, 790, 795, 799, 811,
     819, 823, 826, 827, 839, 843, 855, 862, 883, 887, 890, 891, 903, 906,
     914, 931, 942, 951, 959, 963, 967, 975, 982, 983, 987, 998, 1011, 1018,
     1019, 1022, 1026, 1034, 1039, 1047, 1051, 1066, 1067, 1095, 1142, 1143,
     1147, 1151, 1194, 1199, 1202, 1207, 1210, 1215, 1239, 1251, 1259, 1275,
     1283, 1310, 1311, 1335, 1355, 1359, 1362, 1379, 1387, 1391, 1403, 1407,
     1411, 1415, 1423, 1431, 1439
[ 3] 8, 9, 24, 25, 32, 33, 52, 53, 60, 61, 84, 85, 92, 93, 100, 101, 106, 134,
     208, 209, 224, 225, 236, 237, 244, 245, 300, 301, 312, 313, 324, 325,
     344, 345, 348, 349, 362, 392, 393, 398, 400, 401, 404, 405, 408, 409,
     412, 413, 424, 425, 436, 437, 444, 445, 492, 493, 514, 540, 541, 548,
     549, 586, 604, 605, 618, 624, 625, 678, 684, 685, 720, 721, 724, 725,
     728, 729, 732, 733, 752, 753, 776, 777, 794, 808, 809, 848, 849, 854,
     864, 865, 896, 897, 932, 933, 936, 937, 946, 956, 957, 986, 1004, 1005,
     1028, 1029, 1038, 1050, 1060, 1061, 1064, 1065, 1088, 1089, 1102, 1112,
     1113, 1116, 1117, 1180, 1181, 1188, 1189, 1196, 1197, 1200, 1201, 1204,
     1205, 1212, 1213, 1228, 1229, 1236, 1237, 1246, 1254, 1260, 1261, 1276,
     1277, 1292, 1293, 1300, 1301, 1306, 1320, 1321, 1344, 1345, 1352, 1353,
     1398, 1408, 1409, 1416, 1417, 1424, 1425, 1428, 1429
[ 4] 28, 29, 40, 41, 56, 57, 96, 97, 104, 105, 124, 125, 132, 133, 168, 169,
     192, 193, 196, 197, 238, 240, 241, 272, 273, 314, 326, 332, 333, 340,
     341, 356, 357, 360, 361, 372, 373, 396, 397, 420, 421, 460, 461, 468,
     469, 480, 481, 512, 513, 584, 585, 592, 593, 616, 617, 632, 633, 648,
     649, 664, 665, 672, 673, 676, 677, 700, 701, 716, 717, 748, 749, 754,
     760, 761, 792, 793, 796, 797, 844, 845, 852, 853, 888, 889, 892, 893,
     900, 901, 944, 945, 968, 969, 972, 973, 984, 985, 1008, 1009, 1030, 1036,
     1037, 1040, 1041, 1048, 1049, 1052, 1053, 1084, 1085, 1090, 1100, 1101,
     1104, 1105, 1118, 1144, 1145, 1156, 1157, 1182, 1190, 1198, 1214, 1216,
     1217, 1230, 1238, 1244, 1245, 1252, 1253, 1256, 1257, 1278, 1304, 1305,
     1308, 1309, 1324, 1325, 1336, 1337, 1354, 1364, 1365, 1396, 1397, 1404,
     1405, 1426, 1432, 1433, 1436, 1437
[ 5] 1, 17, 21, 38, 49, 66, 70, 73, 78, 89, 113, 121, 157, 161, 165, 185, 189,
     201, 206, 213, 217, 221, 229, 233, 253, 257, 261, 266, 269, 281, 289,
     293, 305, 309, 321, 329, 337, 338, 365, 382, 385, 389, 417, 434, 441,
     465, 477, 489, 497, 501, 505, 517, 525, 533, 565, 569, 570, 573, 578,
     581, 589, 609, 614, 621, 629, 637, 641, 645, 682, 689, 697, 705, 737,
     745, 758, 769, 773, 781, 806, 813, 817, 822, 825, 829, 833, 837, 857,
     861, 869, 873, 878, 881, 905, 913, 925, 930, 961, 977, 981, 989, 993,
     997, 1002, 1013, 1017, 1025, 1073, 1081, 1094, 1121, 1133, 1137, 1149,
     1153, 1165, 1169, 1173, 1185, 1193, 1209, 1221, 1233, 1241, 1249, 1265,
     1269, 1274, 1281, 1289, 1298, 1313, 1333, 1341, 1349, 1357, 1361, 1369,
     1377, 1381, 1389, 1413
[ 6] 5, 13, 37, 45, 65, 69, 77, 81, 109, 114, 117, 129, 137, 141, 145, 149,
     153, 173, 177, 181, 186, 205, 234, 249, 265, 277, 285, 290, 297, 310,
     317, 353, 369, 377, 381, 386, 429, 433, 442, 449, 453, 457, 473, 485,
     490, 509, 521, 529, 534, 537, 545, 553, 557, 561, 574, 577, 597, 601,
     602, 613, 642, 653, 657, 661, 669, 681, 693, 709, 713, 741, 746, 757,
     765, 785, 789, 801, 805, 821, 834, 841, 870, 877, 885, 909, 917, 921,
     929, 941, 949, 953, 965, 990, 1001, 1021, 1033, 1045, 1057, 1069, 1077,
     1093, 1097, 1109, 1110, 1125, 1129, 1138, 1141, 1161, 1177, 1225, 1234,
     1273, 1285, 1290, 1297, 1317, 1329, 1334, 1358, 1370, 1373, 1382, 1385,
     1393, 1394, 1401, 1402, 1414, 1421
[ 7] 31, 55, 75, 83, 99, 123, 127, 131, 139, 143, 171, 202, 215, 243, 246,
     259, 278, 303, 315, 319, 351, 355, 359, 371, 379, 390, 407, 431, 435,
     459, 467, 471, 547, 654, 663, 679, 683, 711, 723, 735, 739, 751, 803,
     835, 859, 879, 911, 927, 935, 970, 995, 1007, 1015, 1027, 1063, 1074,
     1083, 1087, 1155, 1158, 1163, 1179, 1211, 1235, 1247, 1271, 1287, 1295,
     1323, 1343, 1363, 1418, 1427
[ 8] 18, 46, 50, 58, 146, 158, 174, 235, 286, 327, 334, 342, 387, 410, 414,
     426, 494, 502, 506, 515, 535, 543, 546, 571, 587, 598, 643, 662, 670,
     714, 750, 755, 802, 886, 918, 947, 958, 966, 1003, 1010, 1046, 1062,
     1070, 1098, 1107, 1126, 1175, 1187, 1250, 1258, 1279, 1291, 1330, 1371,
     1430, 1434, 1438
[ 9] 14, 26, 230, 250, 262, 322, 402, 450, 466, 610, 622, 650, 702, 774, 814,
     842, 882, 978, 1146, 1150, 1242, 1262, 1266, 1302, 1314, 1326, 1342,
     1346, 1350, 1366, 1410
[10] 6, 10, 102, 154, 378, 482, 522, 550, 558, 562, 566, 638, 698, 710, 718,
     722, 762, 838, 898, 950, 954, 974, 1078, 1130, 1170, 1178, 1218, 1226,
     1386
[11] 203, 247, 279, 391, 655, 971, 1075, 1159, 1419
[12] 254, 590, 630, 634, 646, 818, 846, 866, 1282
[13] 542, 686, 782, 1054, 1106, 1122, 1166, 1174, 1186
[14] 110, 538, 606, 786, 894, 922, 938, 1318
[15] 86, 294, 306, 418, 462, 902, 1134, 1390
[16] 35, 119, 163, 195, 743, 851, 1223
[17] 366, 518, 770, 830, 874, 1042, 1114
[18] 486, 694, 1058, 1206, 1338, 1374, 1422
[19] 403, 611, 1267, 1315, 1367
[20] 218, 446, 498, 666, 962
[21] 330, 346, 582, 798, 1378
[22] 454, 530, 658, 810, 1406
[23] 191, 211, 595, 863, 907
[24] 335, 411, 715, 919, 1127
[25] 7, 523, 563
[26] 62, 182, 474

Reassigned labels

Runtime: 1.5122737884521484

Performance split_log:

IM without threshold:
Map:
{"L_0": "L", "L_1": "L", "L_2": "L", "L_3": "L", "L_4": "L", "L_5": "L", "L_6": "L", "L_7": "L", "L_8": "L", "L_9": "L", "L_10": "L", "L_11": "L", "L_12": "L", "L_13": "L", "L_14": "L", "L_15": "L", "L_16": "L", "L_17": "L", "L_18": "L", "L_19": "L", "L_20": "L", "L_21": "L", "L_22": "L", "L_23": "L", "L_24": "L", "L_25": "L", "L_26": "L"}
token_fitness
{"perc_fit_traces": 0.0, "average_trace_fitness": 0.9345983756473348, "log_fitness": 0.9336897992996197, "percentage_of_fitting_traces": 0.0}
precision
0.7
0.6590909090909092
generalization
0.4691834668358771

Adjusted Rand Index:
0.2759826359841279



Parameters of this run:

Window size: 3
Threshold for edges: 1
Split candidates: L
Max number of traces: 5000000
Method for distance calculation: Distance.EDIT_DISTANCE
Method for finding clusters: ClusteringMethod.COMMUNITY_DETECTION
Original log location: ./data/noImprInLoop_default_OD\feb16-1625\logs\P_1_LogD_Sequence_feb16-1625.xes.gz
Use frequency: True

Found communities: 

Clustering with 1440 elements and 224 clusters
[  0] 20, 88, 160, 188, 200, 220, 256, 260, 280, 364, 464, 496, 524, 580, 608,
      620, 628, 812, 872, 976, 1016, 1024, 1152, 1268, 1280
[  1] 116, 128, 152, 180, 284, 352, 368, 376, 484, 520, 536, 556, 596, 652,
      656, 668, 712, 764, 800, 920, 952, 1020, 1056, 1076, 1096
[  2] 212, 216, 252, 268, 320, 388, 516, 688, 704, 816, 824, 828, 880, 904,
      912, 992, 1012, 1148, 1208, 1220, 1240, 1312, 1376
[  3] 8, 60, 100, 244, 404, 408, 412, 424, 492, 548, 604, 720, 728, 808, 848,
      896, 936, 1004, 1060, 1200, 1204, 1292, 1428
[  4] 0, 120, 164, 228, 328, 476, 588, 644, 768, 772, 856, 860, 960, 980, 996,
      1072, 1080, 1192, 1264, 1340, 1348, 1360
[  5] 24, 32, 52, 208, 224, 300, 344, 392, 400, 444, 624, 724, 732, 776, 864,
      932, 1064, 1112, 1260, 1300, 1408, 1416
[  6] 80, 140, 144, 276, 472, 528, 560, 660, 692, 708, 784, 788, 916, 964,
      1032, 1044, 1068, 1128, 1160, 1224, 1420
[  7] 4, 44, 108, 136, 172, 316, 452, 456, 544, 552, 740, 884, 940, 948, 1124,
      1176, 1316, 1328, 1372, 1384
[  8] 36, 64, 76, 112, 184, 232, 264, 288, 488, 576, 600, 756, 804, 832, 876,
      988, 1272, 1368, 1392
[  9] 28, 40, 96, 168, 372, 420, 592, 632, 664, 672, 700, 796, 844, 888, 1040,
      1084, 1156, 1324, 1364
[ 10] 104, 132, 360, 396, 512, 584, 616, 676, 792, 852, 944, 984, 1036, 1048,
      1100, 1244, 1252, 1304, 1396
[ 11] 124, 192, 240, 272, 332, 340, 468, 716, 748, 760, 892, 968, 972, 1008,
      1256, 1336, 1404, 1432
[ 12] 236, 312, 324, 752, 1028, 1088, 1116, 1180, 1188, 1196, 1212, 1228,
      1236, 1276, 1352, 1424
[ 13] 68, 308, 336, 380, 532, 568, 572, 612, 640, 680, 744, 820, 1136, 1232,
      1332, 1412
[ 14] 204, 384, 432, 440, 868, 928, 1000, 1092, 1108, 1288, 1296, 1356, 1380,
      1400
[ 15] 48, 176, 304, 416, 428, 508, 564, 780, 836, 840, 924, 1172, 1248
[ 16] 56, 196, 356, 460, 480, 648, 900, 1052, 1104, 1144, 1216, 1308, 1436
[ 17] 148, 156, 248, 292, 500, 636, 736, 908, 1132, 1140, 1164, 1168, 1184
[ 18] 21, 161, 189, 201, 221, 257, 281, 497, 525, 1017, 1025, 1153
[ 19] 33, 53, 209, 301, 393, 445, 625, 725, 733, 777, 1065, 1417
[ 20] 117, 129, 285, 353, 597, 653, 657, 669, 713, 765, 801, 1097
[ 21] 245, 405, 409, 413, 425, 493, 729, 809, 849, 1061, 1293, 1429
[ 22] 1, 121, 165, 861, 961, 981, 997, 1073, 1081, 1193, 1361
[ 23] 41, 97, 169, 373, 421, 593, 665, 673, 889, 1085, 1157
[ 24] 45, 137, 173, 453, 457, 545, 553, 741, 885, 1125, 1329
[ 25] 125, 193, 333, 341, 469, 749, 969, 1009, 1257, 1405, 1433
[ 26] 81, 141, 145, 277, 529, 661, 789, 917, 965, 1045, 1069
[ 27] 213, 217, 269, 389, 689, 705, 825, 905, 993, 1209, 1221
[ 28] 3, 23, 147, 175, 271, 287, 427, 675, 779, 1435
[ 29] 12, 16, 72, 296, 448, 504, 696, 1120, 1284, 1388
[ 30] 123, 127, 143, 355, 407, 459, 735, 995, 1087, 1155
[ 31] 146, 174, 286, 327, 387, 426, 535, 587, 1371, 1434
[ 32] 267, 339, 687, 783, 1031, 1055, 1103, 1123, 1167, 1299
[ 33] 171, 303, 547, 663, 751, 803, 1027, 1063, 1211, 1363
[ 34] 230, 402, 610, 622, 702, 1150, 1266, 1314, 1366, 1410
[ 35] 75, 243, 319, 351, 359, 371, 739, 927, 1007, 1163
[ 36] 235, 546, 643, 662, 750, 802, 947, 1062, 1279, 1291
[ 37] 2, 22, 39, 207, 270, 674, 778, 855, 1355
[ 38] 19, 51, 59, 275, 503, 943, 1023, 1035, 1203
[ 39] 203, 247, 279, 391, 655, 971, 1075, 1159, 1419
[ 40] 71, 170, 302, 363, 579, 1026, 1095, 1210, 1362
[ 41] 67, 239, 323, 615, 775, 979, 1263, 1307, 1327
[ 42] 84, 92, 348, 436, 540, 684, 956, 1320, 1344
[ 43] 91, 151, 179, 199, 227, 299, 439, 479, 915
[ 44] 103, 719, 955, 991, 1131, 1139, 1183, 1255, 1383
[ 45] 283, 375, 555, 707, 727, 731, 767, 791, 999
[ 46] 79, 135, 383, 771, 831, 875, 1043, 1115, 1231
[ 47] 31, 431, 859, 911, 935, 1015, 1271, 1287, 1323
[ 48] 542, 686, 782, 1054, 1106, 1122, 1166, 1174, 1186
[ 49] 37, 65, 77, 577, 757, 805, 877, 1273
[ 50] 110, 538, 606, 786, 894, 922, 938, 1318
[ 51] 113, 185, 233, 289, 489, 833, 989, 1369
[ 52] 10, 102, 154, 718, 950, 954, 974, 1130
[ 53] 26, 262, 322, 774, 882, 978, 1262, 1326
[ 54] 86, 294, 306, 418, 462, 902, 1134, 1390
[ 55] 105, 133, 361, 397, 853, 1049, 1245, 1305
[ 56] 153, 377, 521, 537, 557, 921, 953, 1077
[ 57] 15, 255, 591, 631, 651, 847, 867, 1347
[ 58] 379, 679, 711, 723, 835, 1179, 1235, 1427
[ 59] 187, 619, 787, 871, 895, 923, 939, 1319
[ 60] 261, 365, 465, 609, 621, 813, 873, 977
[ 61] 585, 617, 677, 793, 945, 1037, 1253, 1397
[ 62] 378, 710, 722, 762, 898, 1078, 1178, 1226
[ 63] 567, 695, 699, 1059, 1171, 1219, 1339, 1375
[ 64] 35, 119, 163, 195, 743, 851, 1223
[ 65] 309, 533, 641, 745, 1137, 1233, 1333
[ 66] 315, 435, 467, 683, 879, 1247, 1343
[ 67] 321, 517, 829, 881, 1149, 1241, 1313
[ 68] 9, 101, 549, 605, 721, 897, 937
[ 69] 366, 518, 770, 830, 874, 1042, 1114
[ 70] 419, 463, 575, 1111, 1119, 1135, 1395
[ 71] 325, 1181, 1189, 1197, 1213, 1277, 1425
[ 72] 5, 109, 949, 1177, 1317, 1385
[ 73] 114, 234, 490, 834, 990, 1370
[ 74] 229, 769, 773, 1265, 1341, 1349
[ 75] 237, 313, 1089, 1229, 1237, 1353
[ 76] 310, 534, 642, 746, 1138, 1234
[ 77] 106, 362, 854, 1050, 1246, 1306
[ 78] 25, 401, 1113, 1261, 1301, 1409
[ 79] 6, 522, 550, 558, 562, 1386
[ 80] 586, 678, 794, 946, 1254, 1398
[ 81] 466, 814, 1242, 1302, 1342, 1350
[ 82] 385, 441, 869, 1289, 1357, 1381
[ 83] 38, 66, 578, 806, 878, 1274
[ 84] 326, 1182, 1190, 1214, 1278, 1426
[ 85] 57, 357, 481, 1217, 1437
[ 86] 69, 381, 613, 681, 821
[ 87] 54, 98, 214, 258, 1082
[ 88] 122, 734, 994, 1086, 1154
[ 89] 83, 131, 139, 471, 1295
[ 90] 202, 390, 1074, 1158, 1418
[ 91] 231, 623, 703, 1151, 1411
[ 92] 282, 374, 706, 726, 998
[ 93] 291, 443, 1039, 1199, 1335
[ 94] 87, 295, 307, 903, 1391
[ 95] 311, 491, 795, 1215, 1359
[ 96] 238, 314, 1090, 1238, 1354
[ 97] 343, 415, 1071, 1099, 1331
[ 98] 181, 369, 485, 1021, 1057
[ 99] 242, 318, 370, 1006, 1162
[100] 403, 611, 1267, 1315, 1367
[101] 423, 827, 983, 1019, 1067
[102] 150, 178, 198, 298, 438
[103] 455, 531, 659, 811, 1407
[104] 126, 142, 354, 406, 458
[105] 82, 130, 138, 470, 1294
[106] 473, 693, 1033, 1161, 1421
[107] 218, 446, 498, 666, 962
[108] 219, 447, 499, 667, 963
[109] 42, 394, 526, 690, 1194
[110] 43, 395, 527, 691, 1195
[111] 561, 709, 785, 1129, 1225
[112] 89, 581, 629, 1269, 1281
[113] 330, 346, 582, 798, 1378
[114] 331, 347, 583, 799, 1379
[115] 329, 477, 589, 645, 857
[116] 254, 590, 630, 846, 866
[117] 157, 501, 637, 737, 1169
[118] 454, 530, 658, 810, 1406
[119] 494, 670, 886, 1010, 1046
[120] 495, 671, 887, 1011, 1047
[121] 74, 350, 358, 738, 926
[122] 49, 565, 837, 925, 1249
[123] 190, 210, 594, 862, 906
[124] 191, 211, 595, 863, 907
[125] 253, 817, 913, 1013, 1377
[126] 334, 410, 714, 918, 1126
[127] 335, 411, 715, 919, 1127
[128] 158, 506, 958, 1250, 1438
[129] 159, 507, 959, 1251, 1439
[130] 46, 598, 966, 1258, 1430
[131] 47, 599, 967, 1259, 1431
[132] 422, 826, 982, 1018, 1066
[133] 274, 942, 1022, 1034, 1202
[134] 55, 99, 215, 259, 1083
[135] 342, 414, 1070, 1098, 1330
[136] 30, 858, 934, 1014, 1270
[137] 13, 297, 449, 1285
[138] 17, 73, 505, 697
[139] 90, 226, 478, 914
[140] 93, 437, 1321, 1345
[141] 95, 511, 1143, 1311
[142] 118, 194, 742, 850
[143] 197, 649, 1145, 1309
[144] 205, 433, 929, 1093
[145] 166, 222, 626, 890
[146] 167, 223, 627, 891
[147] 250, 450, 842, 1146
[148] 337, 569, 573, 1413
[149] 225, 345, 865, 933
[150] 386, 1290, 1358, 1382
[151] 305, 417, 781, 1173
[152] 177, 429, 509, 841
[153] 430, 910, 1286, 1322
[154] 18, 50, 58, 502
[155] 515, 571, 755, 1003
[156] 566, 698, 1170, 1218
[157] 634, 646, 818, 1282
[158] 246, 278, 654, 970
[159] 701, 1041, 1325, 1365
[160] 717, 761, 893, 973
[161] 115, 747, 1191, 1399
[162] 763, 899, 1079, 1227
[163] 554, 730, 766, 790
[164] 635, 647, 819, 1283
[165] 70, 614, 682, 822
[166] 251, 451, 843, 1147
[167] 29, 633, 797, 845
[168] 461, 901, 1053, 1105
[169] 11, 155, 951, 975
[170] 603, 987, 1403, 1415
[171] 1001, 1109, 1297, 1401
[172] 149, 249, 909, 1141
[173] 94, 510, 1142, 1310
[174] 293, 1133, 1165, 1185
[175] 543, 1107, 1175, 1187
[176] 61, 1005, 1201, 1205
[177] 815, 1243, 1303, 1351
[178] 823, 1051, 1239, 1275
[179] 694, 1058, 1338, 1374
[180] 7, 523, 563
[181] 27, 263, 883
[182] 34, 162, 1222
[183] 265, 601, 1393
[184] 317, 941, 1373
[185] 206, 434, 1094
[186] 62, 182, 474
[187] 63, 183, 475
[188] 482, 638, 838
[189] 111, 539, 607
[190] 551, 559, 1387
[191] 483, 639, 839
[192] 14, 650, 1346
[193] 85, 541, 685
[194] 399, 759, 931
[195] 107, 807, 1091
[196] 513, 985, 1101
[197] 753, 1029, 1117
[198] 486, 1206, 1422
[199] 487, 1207, 1423
[200] 241, 273, 1337
[201] 78, 758
[202] 186, 290
[203] 338, 570
[204] 349, 957
[205] 134, 398
[206] 514, 1102
[207] 367, 519
[208] 574, 1414
[209] 754, 1030
[210] 442, 870
[211] 618, 1038
[212] 1002, 1298
[213] 1121, 1389
[214] 602, 1394
[215] 1110, 1402
[216] 266
[217] 382
[218] 930
[219] 986
[220] 1118
[221] 1198
[222] 1230
[223] 1334

Reassigned labels

Runtime: 1.5534999370574951

Performance split_log:

IM without threshold:
Map:
{"L_0": "L", "L_1": "L", "L_2": "L", "L_3": "L", "L_4": "L", "L_5": "L", "L_6": "L", "L_7": "L", "L_8": "L", "L_9": "L", "L_10": "L", "L_11": "L", "L_12": "L", "L_13": "L", "L_14": "L", "L_15": "L", "L_16": "L", "L_17": "L", "L_18": "L", "L_19": "L", "L_20": "L", "L_21": "L", "L_22": "L", "L_23": "L", "L_24": "L", "L_25": "L", "L_26": "L", "L_27": "L", "L_28": "L", "L_29": "L", "L_30": "L", "L_31": "L", "L_32": "L", "L_33": "L", "L_34": "L", "L_35": "L", "L_36": "L", "L_37": "L", "L_38": "L", "L_39": "L", "L_40": "L", "L_41": "L", "L_42": "L", "L_43": "L", "L_44": "L", "L_45": "L", "L_46": "L", "L_47": "L", "L_48": "L", "L_49": "L", "L_50": "L", "L_51": "L", "L_52": "L", "L_53": "L", "L_54": "L", "L_55": "L", "L_56": "L", "L_57": "L", "L_58": "L", "L_59": "L", "L_60": "L", "L_61": "L", "L_62": "L", "L_63": "L", "L_64": "L", "L_65": "L", "L_66": "L", "L_67": "L", "L_68": "L", "L_69": "L", "L_70": "L", "L_71": "L", "L_72": "L", "L_73": "L", "L_74": "L", "L_75": "L", "L_76": "L", "L_77": "L", "L_78": "L", "L_79": "L", "L_80": "L", "L_81": "L", "L_82": "L", "L_83": "L", "L_84": "L", "L_85": "L", "L_86": "L", "L_87": "L", "L_88": "L", "L_89": "L", "L_90": "L", "L_91": "L", "L_92": "L", "L_93": "L", "L_94": "L", "L_95": "L", "L_96": "L", "L_97": "L", "L_98": "L", "L_99": "L", "L_100": "L", "L_101": "L", "L_102": "L", "L_103": "L", "L_104": "L", "L_105": "L", "L_106": "L", "L_107": "L", "L_108": "L", "L_109": "L", "L_110": "L", "L_111": "L", "L_112": "L", "L_113": "L", "L_114": "L", "L_115": "L", "L_116": "L", "L_117": "L", "L_118": "L", "L_119": "L", "L_120": "L", "L_121": "L", "L_122": "L", "L_123": "L", "L_124": "L", "L_125": "L", "L_126": "L", "L_127": "L", "L_128": "L", "L_129": "L", "L_130": "L", "L_131": "L", "L_132": "L", "L_133": "L", "L_134": "L", "L_135": "L", "L_136": "L", "L_137": "L", "L_138": "L", "L_139": "L", "L_140": "L", "L_141": "L", "L_142": "L", "L_143": "L", "L_144": "L", "L_145": "L", "L_146": "L", "L_147": "L", "L_148": "L", "L_149": "L", "L_150": "L", "L_151": "L", "L_152": "L", "L_153": "L", "L_154": "L", "L_155": "L", "L_156": "L", "L_157": "L", "L_158": "L", "L_159": "L", "L_160": "L", "L_161": "L", "L_162": "L", "L_163": "L", "L_164": "L", "L_165": "L", "L_166": "L", "L_167": "L", "L_168": "L", "L_169": "L", "L_170": "L", "L_171": "L", "L_172": "L", "L_173": "L", "L_174": "L", "L_175": "L", "L_176": "L", "L_177": "L", "L_178": "L", "L_179": "L", "L_180": "L", "L_181": "L", "L_182": "L", "L_183": "L", "L_184": "L", "L_185": "L", "L_186": "L", "L_187": "L", "L_188": "L", "L_189": "L", "L_190": "L", "L_191": "L", "L_192": "L", "L_193": "L", "L_194": "L", "L_195": "L", "L_196": "L", "L_197": "L", "L_198": "L", "L_199": "L", "L_200": "L", "L_201": "L", "L_202": "L", "L_203": "L", "L_204": "L", "L_205": "L", "L_206": "L", "L_207": "L", "L_208": "L", "L_209": "L", "L_210": "L", "L_211": "L", "L_212": "L", "L_213": "L", "L_214": "L", "L_215": "L", "L_216": "L", "L_217": "L", "L_218": "L", "L_219": "L", "L_220": "L", "L_221": "L", "L_222": "L", "L_223": "L"}
token_fitness
{"perc_fit_traces": 17.9, "average_trace_fitness": 0.889217991056076, "log_fitness": 0.894943438588849, "percentage_of_fitting_traces": 17.9}
precision
0.9398538113470241
0.646376811594203
generalization
0.2298209919650701

Adjusted Rand Index:
0.09625530298206232



Parameters of this run:

Window size: 3
Threshold for edges: 0
Split candidates: L
Max number of traces: 5000000
Method for distance calculation: Distance.SET_DISTANCE
Method for finding clusters: ClusteringMethod.COMMUNITY_DETECTION
Original log location: ./data/noImprInLoop_default_OD\feb16-1625\logs\P_1_LogD_Sequence_feb16-1625.xes.gz
Use frequency: True

Found communities: 

Clustering with 1440 elements and 2 clusters
[0] 0, 1, 4, 5, 6, 8, 9, 10, 12, 13, 16, 17, 20, 21, 24, 25, 26, 28, 29, 32,
    33, 36, 37, 38, 40, 41, 44, 45, 48, 49, 52, 53, 56, 57, 60, 61, 64, 65,
    66, 68, 69, 70, 72, 73, 76, 77, 78, 80, 81, 84, 85, 86, 88, 89, 92, 93,
    96, 97, 100, 101, 102, 104, 105, 106, 108, 109, 110, 112, 113, 114, 116,
    117, 120, 121, 124, 125, 128, 129, 132, 133, 134, 136, 137, 140, 141, 144,
    145, 148, 149, 152, 153, 154, 156, 157, 160, 161, 164, 165, 168, 169, 172,
    173, 176, 177, 180, 181, 184, 185, 186, 188, 189, 192, 193, 196, 197, 200,
    201, 204, 205, 206, 208, 209, 212, 213, 216, 217, 220, 221, 224, 225, 228,
    229, 230, 232, 233, 234, 236, 237, 238, 240, 241, 244, 245, 248, 249, 252,
    253, 256, 257, 260, 261, 262, 264, 265, 266, 268, 269, 272, 273, 276, 277,
    280, 281, 284, 285, 288, 289, 290, 292, 293, 294, 296, 297, 300, 301, 304,
    305, 306, 308, 309, 310, 312, 313, 314, 316, 317, 320, 321, 322, 324, 325,
    326, 328, 329, 332, 333, 336, 337, 338, 340, 341, 344, 345, 348, 349, 352,
    353, 356, 357, 360, 361, 362, 364, 365, 366, 368, 369, 372, 373, 376, 377,
    380, 381, 382, 384, 385, 386, 388, 389, 392, 393, 396, 397, 398, 400, 401,
    402, 404, 405, 408, 409, 412, 413, 416, 417, 418, 420, 421, 424, 425, 428,
    429, 432, 433, 434, 436, 437, 440, 441, 442, 444, 445, 448, 449, 452, 453,
    456, 457, 460, 461, 462, 464, 465, 468, 469, 472, 473, 476, 477, 480, 481,
    484, 485, 488, 489, 490, 492, 493, 496, 497, 500, 501, 504, 505, 508, 509,
    512, 513, 514, 516, 517, 518, 520, 521, 522, 524, 525, 528, 529, 532, 533,
    534, 536, 537, 538, 540, 541, 542, 544, 545, 548, 549, 550, 552, 553, 556,
    557, 558, 560, 561, 562, 564, 565, 568, 569, 570, 572, 573, 574, 576, 577,
    578, 580, 581, 584, 585, 586, 588, 589, 592, 593, 596, 597, 600, 601, 602,
    604, 605, 606, 608, 609, 610, 612, 613, 614, 616, 617, 618, 620, 621, 622,
    624, 625, 628, 629, 632, 633, 636, 637, 640, 641, 642, 644, 645, 648, 649,
    652, 653, 656, 657, 660, 661, 664, 665, 668, 669, 672, 673, 676, 677, 678,
    680, 681, 682, 684, 685, 686, 688, 689, 692, 693, 696, 697, 700, 701, 702,
    704, 705, 708, 709, 712, 713, 716, 717, 718, 720, 721, 724, 725, 728, 729,
    732, 733, 736, 737, 740, 741, 744, 745, 746, 748, 749, 752, 753, 754, 756,
    757, 758, 760, 761, 764, 765, 768, 769, 770, 772, 773, 774, 776, 777, 780,
    781, 782, 784, 785, 786, 788, 789, 792, 793, 794, 796, 797, 800, 801, 804,
    805, 806, 808, 809, 812, 813, 816, 817, 820, 821, 822, 824, 825, 828, 829,
    830, 832, 833, 834, 836, 837, 840, 841, 844, 845, 848, 849, 852, 853, 854,
    856, 857, 860, 861, 864, 865, 868, 869, 870, 872, 873, 874, 876, 877, 878,
    880, 881, 882, 884, 885, 888, 889, 892, 893, 894, 896, 897, 900, 901, 902,
    904, 905, 908, 909, 912, 913, 916, 917, 920, 921, 922, 924, 925, 928, 929,
    930, 932, 933, 936, 937, 938, 940, 941, 944, 945, 946, 948, 949, 950, 952,
    953, 954, 956, 957, 960, 961, 964, 965, 968, 969, 972, 973, 974, 976, 977,
    978, 980, 981, 984, 985, 986, 988, 989, 990, 992, 993, 996, 997, 1000,
    1001, 1002, 1004, 1005, 1008, 1009, 1012, 1013, 1016, 1017, 1020, 1021,
    1024, 1025, 1028, 1029, 1030, 1032, 1033, 1036, 1037, 1038, 1040, 1041,
    1042, 1044, 1045, 1048, 1049, 1050, 1052, 1053, 1054, 1056, 1057, 1060,
    1061, 1064, 1065, 1068, 1069, 1072, 1073, 1076, 1077, 1080, 1081, 1084,
    1085, 1088, 1089, 1090, 1092, 1093, 1094, 1096, 1097, 1100, 1101, 1102,
    1104, 1105, 1106, 1108, 1109, 1110, 1112, 1113, 1114, 1116, 1117, 1118,
    1120, 1121, 1122, 1124, 1125, 1128, 1129, 1130, 1132, 1133, 1134, 1136,
    1137, 1138, 1140, 1141, 1144, 1145, 1148, 1149, 1150, 1152, 1153, 1156,
    1157, 1160, 1161, 1164, 1165, 1166, 1168, 1169, 1172, 1173, 1174, 1176,
    1177, 1180, 1181, 1182, 1184, 1185, 1186, 1188, 1189, 1190, 1192, 1193,
    1196, 1197, 1198, 1200, 1201, 1204, 1205, 1208, 1209, 1212, 1213, 1214,
    1216, 1217, 1220, 1221, 1224, 1225, 1228, 1229, 1230, 1232, 1233, 1234,
    1236, 1237, 1238, 1240, 1241, 1244, 1245, 1246, 1248, 1249, 1252, 1253,
    1254, 1256, 1257, 1260, 1261, 1262, 1264, 1265, 1266, 1268, 1269, 1272,
    1273, 1274, 1276, 1277, 1278, 1280, 1281, 1284, 1285, 1288, 1289, 1290,
    1292, 1293, 1296, 1297, 1298, 1300, 1301, 1304, 1305, 1306, 1308, 1309,
    1312, 1313, 1314, 1316, 1317, 1318, 1320, 1321, 1324, 1325, 1326, 1328,
    1329, 1332, 1333, 1334, 1336, 1337, 1340, 1341, 1344, 1345, 1348, 1349,
    1352, 1353, 1354, 1356, 1357, 1358, 1360, 1361, 1364, 1365, 1366, 1368,
    1369, 1370, 1372, 1373, 1376, 1377, 1380, 1381, 1382, 1384, 1385, 1386,
    1388, 1389, 1390, 1392, 1393, 1394, 1396, 1397, 1398, 1400, 1401, 1402,
    1404, 1405, 1408, 1409, 1410, 1412, 1413, 1414, 1416, 1417, 1420, 1421,
    1424, 1425, 1426, 1428, 1429, 1432, 1433, 1436, 1437
[1] 2, 3, 7, 11, 14, 15, 18, 19, 22, 23, 27, 30, 31, 34, 35, 39, 42, 43, 46,
    47, 50, 51, 54, 55, 58, 59, 62, 63, 67, 71, 74, 75, 79, 82, 83, 87, 90,
    91, 94, 95, 98, 99, 103, 107, 111, 115, 118, 119, 122, 123, 126, 127, 130,
    131, 135, 138, 139, 142, 143, 146, 147, 150, 151, 155, 158, 159, 162, 163,
    166, 167, 170, 171, 174, 175, 178, 179, 182, 183, 187, 190, 191, 194, 195,
    198, 199, 202, 203, 207, 210, 211, 214, 215, 218, 219, 222, 223, 226, 227,
    231, 235, 239, 242, 243, 246, 247, 250, 251, 254, 255, 258, 259, 263, 267,
    270, 271, 274, 275, 278, 279, 282, 283, 286, 287, 291, 295, 298, 299, 302,
    303, 307, 311, 315, 318, 319, 323, 327, 330, 331, 334, 335, 339, 342, 343,
    346, 347, 350, 351, 354, 355, 358, 359, 363, 367, 370, 371, 374, 375, 378,
    379, 383, 387, 390, 391, 394, 395, 399, 403, 406, 407, 410, 411, 414, 415,
    419, 422, 423, 426, 427, 430, 431, 435, 438, 439, 443, 446, 447, 450, 451,
    454, 455, 458, 459, 463, 466, 467, 470, 471, 474, 475, 478, 479, 482, 483,
    486, 487, 491, 494, 495, 498, 499, 502, 503, 506, 507, 510, 511, 515, 519,
    523, 526, 527, 530, 531, 535, 539, 543, 546, 547, 551, 554, 555, 559, 563,
    566, 567, 571, 575, 579, 582, 583, 587, 590, 591, 594, 595, 598, 599, 603,
    607, 611, 615, 619, 623, 626, 627, 630, 631, 634, 635, 638, 639, 643, 646,
    647, 650, 651, 654, 655, 658, 659, 662, 663, 666, 667, 670, 671, 674, 675,
    679, 683, 687, 690, 691, 694, 695, 698, 699, 703, 706, 707, 710, 711, 714,
    715, 719, 722, 723, 726, 727, 730, 731, 734, 735, 738, 739, 742, 743, 747,
    750, 751, 755, 759, 762, 763, 766, 767, 771, 775, 778, 779, 783, 787, 790,
    791, 795, 798, 799, 802, 803, 807, 810, 811, 814, 815, 818, 819, 823, 826,
    827, 831, 835, 838, 839, 842, 843, 846, 847, 850, 851, 855, 858, 859, 862,
    863, 866, 867, 871, 875, 879, 883, 886, 887, 890, 891, 895, 898, 899, 903,
    906, 907, 910, 911, 914, 915, 918, 919, 923, 926, 927, 931, 934, 935, 939,
    942, 943, 947, 951, 955, 958, 959, 962, 963, 966, 967, 970, 971, 975, 979,
    982, 983, 987, 991, 994, 995, 998, 999, 1003, 1006, 1007, 1010, 1011,
    1014, 1015, 1018, 1019, 1022, 1023, 1026, 1027, 1031, 1034, 1035, 1039,
    1043, 1046, 1047, 1051, 1055, 1058, 1059, 1062, 1063, 1066, 1067, 1070,
    1071, 1074, 1075, 1078, 1079, 1082, 1083, 1086, 1087, 1091, 1095, 1098,
    1099, 1103, 1107, 1111, 1115, 1119, 1123, 1126, 1127, 1131, 1135, 1139,
    1142, 1143, 1146, 1147, 1151, 1154, 1155, 1158, 1159, 1162, 1163, 1167,
    1170, 1171, 1175, 1178, 1179, 1183, 1187, 1191, 1194, 1195, 1199, 1202,
    1203, 1206, 1207, 1210, 1211, 1215, 1218, 1219, 1222, 1223, 1226, 1227,
    1231, 1235, 1239, 1242, 1243, 1247, 1250, 1251, 1255, 1258, 1259, 1263,
    1267, 1270, 1271, 1275, 1279, 1282, 1283, 1286, 1287, 1291, 1294, 1295,
    1299, 1302, 1303, 1307, 1310, 1311, 1315, 1319, 1322, 1323, 1327, 1330,
    1331, 1335, 1338, 1339, 1342, 1343, 1346, 1347, 1350, 1351, 1355, 1359,
    1362, 1363, 1367, 1371, 1374, 1375, 1378, 1379, 1383, 1387, 1391, 1395,
    1399, 1403, 1406, 1407, 1411, 1415, 1418, 1419, 1422, 1423, 1427, 1430,
    1431, 1434, 1435, 1438, 1439

Reassigned labels

Runtime: 2.2816519737243652

Performance split_log:

IM without threshold:
Map:
{"L_0": "L", "L_1": "L"}
token_fitness
{"perc_fit_traces": 0.0, "average_trace_fitness": 0.9504988558352274, "log_fitness": 0.950903377847604, "percentage_of_fitting_traces": 0.0}
precision
0.6132276155482499
0.6842105263157894
generalization
0.9070828519192051

Adjusted Rand Index:
0.34978518271994524



Parameters of this run:

Window size: 3
Threshold for edges: 0.25
Split candidates: L
Max number of traces: 5000000
Method for distance calculation: Distance.SET_DISTANCE
Method for finding clusters: ClusteringMethod.COMMUNITY_DETECTION
Original log location: ./data/noImprInLoop_default_OD\feb16-1625\logs\P_1_LogD_Sequence_feb16-1625.xes.gz
Use frequency: True

Found communities: 

Clustering with 1440 elements and 2 clusters
[0] 0, 1, 4, 5, 6, 8, 9, 10, 12, 13, 16, 17, 20, 21, 24, 25, 26, 28, 29, 32,
    33, 36, 37, 38, 40, 41, 44, 45, 48, 49, 52, 53, 56, 57, 60, 61, 64, 65,
    66, 68, 69, 70, 72, 73, 76, 77, 78, 80, 81, 84, 85, 86, 88, 89, 92, 93,
    96, 97, 100, 101, 102, 104, 105, 106, 108, 109, 110, 112, 113, 114, 116,
    117, 120, 121, 124, 125, 128, 129, 132, 133, 134, 136, 137, 140, 141, 144,
    145, 148, 149, 152, 153, 154, 156, 157, 160, 161, 164, 165, 168, 169, 172,
    173, 176, 177, 180, 181, 184, 185, 186, 188, 189, 192, 193, 196, 197, 200,
    201, 204, 205, 206, 208, 209, 212, 213, 216, 217, 220, 221, 224, 225, 228,
    229, 230, 232, 233, 234, 236, 237, 238, 240, 241, 244, 245, 248, 249, 252,
    253, 256, 257, 260, 261, 262, 264, 265, 266, 268, 269, 272, 273, 276, 277,
    280, 281, 284, 285, 288, 289, 290, 292, 293, 294, 296, 297, 300, 301, 304,
    305, 306, 308, 309, 310, 312, 313, 314, 316, 317, 320, 321, 322, 324, 325,
    326, 328, 329, 332, 333, 336, 337, 338, 340, 341, 344, 345, 348, 349, 352,
    353, 356, 357, 360, 361, 362, 364, 365, 366, 368, 369, 372, 373, 376, 377,
    380, 381, 382, 384, 385, 386, 388, 389, 392, 393, 396, 397, 398, 400, 401,
    402, 404, 405, 408, 409, 412, 413, 416, 417, 418, 420, 421, 424, 425, 428,
    429, 432, 433, 434, 436, 437, 440, 441, 442, 444, 445, 448, 449, 452, 453,
    456, 457, 460, 461, 462, 464, 465, 468, 469, 472, 473, 476, 477, 480, 481,
    484, 485, 488, 489, 490, 492, 493, 496, 497, 500, 501, 504, 505, 508, 509,
    512, 513, 514, 516, 517, 518, 520, 521, 522, 524, 525, 528, 529, 532, 533,
    534, 536, 537, 538, 540, 541, 542, 544, 545, 548, 549, 550, 552, 553, 556,
    557, 558, 560, 561, 562, 564, 565, 568, 569, 570, 572, 573, 574, 576, 577,
    578, 580, 581, 584, 585, 586, 588, 589, 592, 593, 596, 597, 600, 601, 602,
    604, 605, 606, 608, 609, 610, 612, 613, 614, 616, 617, 618, 620, 621, 622,
    624, 625, 628, 629, 632, 633, 636, 637, 640, 641, 642, 644, 645, 648, 649,
    652, 653, 656, 657, 660, 661, 664, 665, 668, 669, 672, 673, 676, 677, 678,
    680, 681, 682, 684, 685, 686, 688, 689, 692, 693, 696, 697, 700, 701, 702,
    704, 705, 708, 709, 712, 713, 716, 717, 718, 720, 721, 724, 725, 728, 729,
    732, 733, 736, 737, 740, 741, 744, 745, 746, 748, 749, 752, 753, 754, 756,
    757, 758, 760, 761, 764, 765, 768, 769, 770, 772, 773, 774, 776, 777, 780,
    781, 782, 784, 785, 786, 788, 789, 792, 793, 794, 796, 797, 800, 801, 804,
    805, 806, 808, 809, 812, 813, 816, 817, 820, 821, 822, 824, 825, 828, 829,
    830, 832, 833, 834, 836, 837, 840, 841, 844, 845, 848, 849, 852, 853, 854,
    856, 857, 860, 861, 864, 865, 868, 869, 870, 872, 873, 874, 876, 877, 878,
    880, 881, 882, 884, 885, 888, 889, 892, 893, 894, 896, 897, 900, 901, 902,
    904, 905, 908, 909, 912, 913, 916, 917, 920, 921, 922, 924, 925, 928, 929,
    930, 932, 933, 936, 937, 938, 940, 941, 944, 945, 946, 948, 949, 950, 952,
    953, 954, 956, 957, 960, 961, 964, 965, 968, 969, 972, 973, 974, 976, 977,
    978, 980, 981, 984, 985, 986, 988, 989, 990, 992, 993, 996, 997, 1000,
    1001, 1002, 1004, 1005, 1008, 1009, 1012, 1013, 1016, 1017, 1020, 1021,
    1024, 1025, 1028, 1029, 1030, 1032, 1033, 1036, 1037, 1038, 1040, 1041,
    1042, 1044, 1045, 1048, 1049, 1050, 1052, 1053, 1054, 1056, 1057, 1060,
    1061, 1064, 1065, 1068, 1069, 1072, 1073, 1076, 1077, 1080, 1081, 1084,
    1085, 1088, 1089, 1090, 1092, 1093, 1094, 1096, 1097, 1100, 1101, 1102,
    1104, 1105, 1106, 1108, 1109, 1110, 1112, 1113, 1114, 1116, 1117, 1118,
    1120, 1121, 1122, 1124, 1125, 1128, 1129, 1130, 1132, 1133, 1134, 1136,
    1137, 1138, 1140, 1141, 1144, 1145, 1148, 1149, 1150, 1152, 1153, 1156,
    1157, 1160, 1161, 1164, 1165, 1166, 1168, 1169, 1172, 1173, 1174, 1176,
    1177, 1180, 1181, 1182, 1184, 1185, 1186, 1188, 1189, 1190, 1192, 1193,
    1196, 1197, 1198, 1200, 1201, 1204, 1205, 1208, 1209, 1212, 1213, 1214,
    1216, 1217, 1220, 1221, 1224, 1225, 1228, 1229, 1230, 1232, 1233, 1234,
    1236, 1237, 1238, 1240, 1241, 1244, 1245, 1246, 1248, 1249, 1252, 1253,
    1254, 1256, 1257, 1260, 1261, 1262, 1264, 1265, 1266, 1268, 1269, 1272,
    1273, 1274, 1276, 1277, 1278, 1280, 1281, 1284, 1285, 1288, 1289, 1290,
    1292, 1293, 1296, 1297, 1298, 1300, 1301, 1304, 1305, 1306, 1308, 1309,
    1312, 1313, 1314, 1316, 1317, 1318, 1320, 1321, 1324, 1325, 1326, 1328,
    1329, 1332, 1333, 1334, 1336, 1337, 1340, 1341, 1344, 1345, 1348, 1349,
    1352, 1353, 1354, 1356, 1357, 1358, 1360, 1361, 1364, 1365, 1366, 1368,
    1369, 1370, 1372, 1373, 1376, 1377, 1380, 1381, 1382, 1384, 1385, 1386,
    1388, 1389, 1390, 1392, 1393, 1394, 1396, 1397, 1398, 1400, 1401, 1402,
    1404, 1405, 1408, 1409, 1410, 1412, 1413, 1414, 1416, 1417, 1420, 1421,
    1424, 1425, 1426, 1428, 1429, 1432, 1433, 1436, 1437
[1] 2, 3, 7, 11, 14, 15, 18, 19, 22, 23, 27, 30, 31, 34, 35, 39, 42, 43, 46,
    47, 50, 51, 54, 55, 58, 59, 62, 63, 67, 71, 74, 75, 79, 82, 83, 87, 90,
    91, 94, 95, 98, 99, 103, 107, 111, 115, 118, 119, 122, 123, 126, 127, 130,
    131, 135, 138, 139, 142, 143, 146, 147, 150, 151, 155, 158, 159, 162, 163,
    166, 167, 170, 171, 174, 175, 178, 179, 182, 183, 187, 190, 191, 194, 195,
    198, 199, 202, 203, 207, 210, 211, 214, 215, 218, 219, 222, 223, 226, 227,
    231, 235, 239, 242, 243, 246, 247, 250, 251, 254, 255, 258, 259, 263, 267,
    270, 271, 274, 275, 278, 279, 282, 283, 286, 287, 291, 295, 298, 299, 302,
    303, 307, 311, 315, 318, 319, 323, 327, 330, 331, 334, 335, 339, 342, 343,
    346, 347, 350, 351, 354, 355, 358, 359, 363, 367, 370, 371, 374, 375, 378,
    379, 383, 387, 390, 391, 394, 395, 399, 403, 406, 407, 410, 411, 414, 415,
    419, 422, 423, 426, 427, 430, 431, 435, 438, 439, 443, 446, 447, 450, 451,
    454, 455, 458, 459, 463, 466, 467, 470, 471, 474, 475, 478, 479, 482, 483,
    486, 487, 491, 494, 495, 498, 499, 502, 503, 506, 507, 510, 511, 515, 519,
    523, 526, 527, 530, 531, 535, 539, 543, 546, 547, 551, 554, 555, 559, 563,
    566, 567, 571, 575, 579, 582, 583, 587, 590, 591, 594, 595, 598, 599, 603,
    607, 611, 615, 619, 623, 626, 627, 630, 631, 634, 635, 638, 639, 643, 646,
    647, 650, 651, 654, 655, 658, 659, 662, 663, 666, 667, 670, 671, 674, 675,
    679, 683, 687, 690, 691, 694, 695, 698, 699, 703, 706, 707, 710, 711, 714,
    715, 719, 722, 723, 726, 727, 730, 731, 734, 735, 738, 739, 742, 743, 747,
    750, 751, 755, 759, 762, 763, 766, 767, 771, 775, 778, 779, 783, 787, 790,
    791, 795, 798, 799, 802, 803, 807, 810, 811, 814, 815, 818, 819, 823, 826,
    827, 831, 835, 838, 839, 842, 843, 846, 847, 850, 851, 855, 858, 859, 862,
    863, 866, 867, 871, 875, 879, 883, 886, 887, 890, 891, 895, 898, 899, 903,
    906, 907, 910, 911, 914, 915, 918, 919, 923, 926, 927, 931, 934, 935, 939,
    942, 943, 947, 951, 955, 958, 959, 962, 963, 966, 967, 970, 971, 975, 979,
    982, 983, 987, 991, 994, 995, 998, 999, 1003, 1006, 1007, 1010, 1011,
    1014, 1015, 1018, 1019, 1022, 1023, 1026, 1027, 1031, 1034, 1035, 1039,
    1043, 1046, 1047, 1051, 1055, 1058, 1059, 1062, 1063, 1066, 1067, 1070,
    1071, 1074, 1075, 1078, 1079, 1082, 1083, 1086, 1087, 1091, 1095, 1098,
    1099, 1103, 1107, 1111, 1115, 1119, 1123, 1126, 1127, 1131, 1135, 1139,
    1142, 1143, 1146, 1147, 1151, 1154, 1155, 1158, 1159, 1162, 1163, 1167,
    1170, 1171, 1175, 1178, 1179, 1183, 1187, 1191, 1194, 1195, 1199, 1202,
    1203, 1206, 1207, 1210, 1211, 1215, 1218, 1219, 1222, 1223, 1226, 1227,
    1231, 1235, 1239, 1242, 1243, 1247, 1250, 1251, 1255, 1258, 1259, 1263,
    1267, 1270, 1271, 1275, 1279, 1282, 1283, 1286, 1287, 1291, 1294, 1295,
    1299, 1302, 1303, 1307, 1310, 1311, 1315, 1319, 1322, 1323, 1327, 1330,
    1331, 1335, 1338, 1339, 1342, 1343, 1346, 1347, 1350, 1351, 1355, 1359,
    1362, 1363, 1367, 1371, 1374, 1375, 1378, 1379, 1383, 1387, 1391, 1395,
    1399, 1403, 1406, 1407, 1411, 1415, 1418, 1419, 1422, 1423, 1427, 1430,
    1431, 1434, 1435, 1438, 1439

Reassigned labels

Runtime: 2.2052693367004395

Performance split_log:

IM without threshold:
Map:
{"L_0": "L", "L_1": "L"}
token_fitness
{"perc_fit_traces": 0.0, "average_trace_fitness": 0.9504988558352274, "log_fitness": 0.950903377847604, "percentage_of_fitting_traces": 0.0}
precision
0.6132276155482499
0.6842105263157894
generalization
0.9070828519192051

Adjusted Rand Index:
0.34978518271994524



Parameters of this run:

Window size: 3
Threshold for edges: 0.5
Split candidates: L
Max number of traces: 5000000
Method for distance calculation: Distance.SET_DISTANCE
Method for finding clusters: ClusteringMethod.COMMUNITY_DETECTION
Original log location: ./data/noImprInLoop_default_OD\feb16-1625\logs\P_1_LogD_Sequence_feb16-1625.xes.gz
Use frequency: True

Found communities: 

Clustering with 1440 elements and 2 clusters
[0] 0, 1, 4, 5, 6, 8, 9, 10, 12, 13, 16, 17, 20, 21, 24, 25, 26, 28, 29, 32,
    33, 36, 37, 38, 40, 41, 44, 45, 48, 49, 52, 53, 56, 57, 60, 61, 64, 65,
    66, 68, 69, 70, 72, 73, 76, 77, 78, 80, 81, 84, 85, 86, 88, 89, 92, 93,
    96, 97, 100, 101, 102, 104, 105, 106, 108, 109, 110, 112, 113, 114, 116,
    117, 120, 121, 124, 125, 128, 129, 132, 133, 134, 136, 137, 140, 141, 144,
    145, 148, 149, 152, 153, 154, 156, 157, 160, 161, 164, 165, 168, 169, 172,
    173, 176, 177, 180, 181, 184, 185, 186, 188, 189, 192, 193, 196, 197, 200,
    201, 204, 205, 206, 208, 209, 212, 213, 216, 217, 220, 221, 224, 225, 228,
    229, 230, 232, 233, 234, 236, 237, 238, 240, 241, 244, 245, 248, 249, 252,
    253, 256, 257, 260, 261, 262, 264, 265, 266, 268, 269, 272, 273, 276, 277,
    280, 281, 284, 285, 288, 289, 290, 292, 293, 294, 296, 297, 300, 301, 304,
    305, 306, 308, 309, 310, 312, 313, 314, 316, 317, 320, 321, 322, 324, 325,
    326, 328, 329, 332, 333, 336, 337, 338, 340, 341, 344, 345, 348, 349, 352,
    353, 356, 357, 360, 361, 362, 364, 365, 366, 368, 369, 372, 373, 376, 377,
    380, 381, 382, 384, 385, 386, 388, 389, 392, 393, 396, 397, 398, 400, 401,
    402, 404, 405, 408, 409, 412, 413, 416, 417, 418, 420, 421, 424, 425, 428,
    429, 432, 433, 434, 436, 437, 440, 441, 442, 444, 445, 448, 449, 452, 453,
    456, 457, 460, 461, 462, 464, 465, 468, 469, 472, 473, 476, 477, 480, 481,
    484, 485, 488, 489, 490, 492, 493, 496, 497, 500, 501, 504, 505, 508, 509,
    512, 513, 514, 516, 517, 518, 520, 521, 522, 524, 525, 528, 529, 532, 533,
    534, 536, 537, 538, 540, 541, 542, 544, 545, 548, 549, 550, 552, 553, 556,
    557, 558, 560, 561, 562, 564, 565, 568, 569, 570, 572, 573, 574, 576, 577,
    578, 580, 581, 584, 585, 586, 588, 589, 592, 593, 596, 597, 600, 601, 602,
    604, 605, 606, 608, 609, 610, 612, 613, 614, 616, 617, 618, 620, 621, 622,
    624, 625, 628, 629, 632, 633, 636, 637, 640, 641, 642, 644, 645, 648, 649,
    652, 653, 656, 657, 660, 661, 664, 665, 668, 669, 672, 673, 676, 677, 678,
    680, 681, 682, 684, 685, 686, 688, 689, 692, 693, 696, 697, 700, 701, 702,
    704, 705, 708, 709, 712, 713, 716, 717, 718, 720, 721, 724, 725, 728, 729,
    732, 733, 736, 737, 740, 741, 744, 745, 746, 748, 749, 752, 753, 754, 756,
    757, 758, 760, 761, 764, 765, 768, 769, 770, 772, 773, 774, 776, 777, 780,
    781, 782, 784, 785, 786, 788, 789, 792, 793, 794, 796, 797, 800, 801, 804,
    805, 806, 808, 809, 812, 813, 816, 817, 820, 821, 822, 824, 825, 828, 829,
    830, 832, 833, 834, 836, 837, 840, 841, 844, 845, 848, 849, 852, 853, 854,
    856, 857, 860, 861, 864, 865, 868, 869, 870, 872, 873, 874, 876, 877, 878,
    880, 881, 882, 884, 885, 888, 889, 892, 893, 894, 896, 897, 900, 901, 902,
    904, 905, 908, 909, 912, 913, 916, 917, 920, 921, 922, 924, 925, 928, 929,
    930, 932, 933, 936, 937, 938, 940, 941, 944, 945, 946, 948, 949, 950, 952,
    953, 954, 956, 957, 960, 961, 964, 965, 968, 969, 972, 973, 974, 976, 977,
    978, 980, 981, 984, 985, 986, 988, 989, 990, 992, 993, 996, 997, 1000,
    1001, 1002, 1004, 1005, 1008, 1009, 1012, 1013, 1016, 1017, 1020, 1021,
    1024, 1025, 1028, 1029, 1030, 1032, 1033, 1036, 1037, 1038, 1040, 1041,
    1042, 1044, 1045, 1048, 1049, 1050, 1052, 1053, 1054, 1056, 1057, 1060,
    1061, 1064, 1065, 1068, 1069, 1072, 1073, 1076, 1077, 1080, 1081, 1084,
    1085, 1088, 1089, 1090, 1092, 1093, 1094, 1096, 1097, 1100, 1101, 1102,
    1104, 1105, 1106, 1108, 1109, 1110, 1112, 1113, 1114, 1116, 1117, 1118,
    1120, 1121, 1122, 1124, 1125, 1128, 1129, 1130, 1132, 1133, 1134, 1136,
    1137, 1138, 1140, 1141, 1144, 1145, 1148, 1149, 1150, 1152, 1153, 1156,
    1157, 1160, 1161, 1164, 1165, 1166, 1168, 1169, 1172, 1173, 1174, 1176,
    1177, 1180, 1181, 1182, 1184, 1185, 1186, 1188, 1189, 1190, 1192, 1193,
    1196, 1197, 1198, 1200, 1201, 1204, 1205, 1208, 1209, 1212, 1213, 1214,
    1216, 1217, 1220, 1221, 1224, 1225, 1228, 1229, 1230, 1232, 1233, 1234,
    1236, 1237, 1238, 1240, 1241, 1244, 1245, 1246, 1248, 1249, 1252, 1253,
    1254, 1256, 1257, 1260, 1261, 1262, 1264, 1265, 1266, 1268, 1269, 1272,
    1273, 1274, 1276, 1277, 1278, 1280, 1281, 1284, 1285, 1288, 1289, 1290,
    1292, 1293, 1296, 1297, 1298, 1300, 1301, 1304, 1305, 1306, 1308, 1309,
    1312, 1313, 1314, 1316, 1317, 1318, 1320, 1321, 1324, 1325, 1326, 1328,
    1329, 1332, 1333, 1334, 1336, 1337, 1340, 1341, 1344, 1345, 1348, 1349,
    1352, 1353, 1354, 1356, 1357, 1358, 1360, 1361, 1364, 1365, 1366, 1368,
    1369, 1370, 1372, 1373, 1376, 1377, 1380, 1381, 1382, 1384, 1385, 1386,
    1388, 1389, 1390, 1392, 1393, 1394, 1396, 1397, 1398, 1400, 1401, 1402,
    1404, 1405, 1408, 1409, 1410, 1412, 1413, 1414, 1416, 1417, 1420, 1421,
    1424, 1425, 1426, 1428, 1429, 1432, 1433, 1436, 1437
[1] 2, 3, 7, 11, 14, 15, 18, 19, 22, 23, 27, 30, 31, 34, 35, 39, 42, 43, 46,
    47, 50, 51, 54, 55, 58, 59, 62, 63, 67, 71, 74, 75, 79, 82, 83, 87, 90,
    91, 94, 95, 98, 99, 103, 107, 111, 115, 118, 119, 122, 123, 126, 127, 130,
    131, 135, 138, 139, 142, 143, 146, 147, 150, 151, 155, 158, 159, 162, 163,
    166, 167, 170, 171, 174, 175, 178, 179, 182, 183, 187, 190, 191, 194, 195,
    198, 199, 202, 203, 207, 210, 211, 214, 215, 218, 219, 222, 223, 226, 227,
    231, 235, 239, 242, 243, 246, 247, 250, 251, 254, 255, 258, 259, 263, 267,
    270, 271, 274, 275, 278, 279, 282, 283, 286, 287, 291, 295, 298, 299, 302,
    303, 307, 311, 315, 318, 319, 323, 327, 330, 331, 334, 335, 339, 342, 343,
    346, 347, 350, 351, 354, 355, 358, 359, 363, 367, 370, 371, 374, 375, 378,
    379, 383, 387, 390, 391, 394, 395, 399, 403, 406, 407, 410, 411, 414, 415,
    419, 422, 423, 426, 427, 430, 431, 435, 438, 439, 443, 446, 447, 450, 451,
    454, 455, 458, 459, 463, 466, 467, 470, 471, 474, 475, 478, 479, 482, 483,
    486, 487, 491, 494, 495, 498, 499, 502, 503, 506, 507, 510, 511, 515, 519,
    523, 526, 527, 530, 531, 535, 539, 543, 546, 547, 551, 554, 555, 559, 563,
    566, 567, 571, 575, 579, 582, 583, 587, 590, 591, 594, 595, 598, 599, 603,
    607, 611, 615, 619, 623, 626, 627, 630, 631, 634, 635, 638, 639, 643, 646,
    647, 650, 651, 654, 655, 658, 659, 662, 663, 666, 667, 670, 671, 674, 675,
    679, 683, 687, 690, 691, 694, 695, 698, 699, 703, 706, 707, 710, 711, 714,
    715, 719, 722, 723, 726, 727, 730, 731, 734, 735, 738, 739, 742, 743, 747,
    750, 751, 755, 759, 762, 763, 766, 767, 771, 775, 778, 779, 783, 787, 790,
    791, 795, 798, 799, 802, 803, 807, 810, 811, 814, 815, 818, 819, 823, 826,
    827, 831, 835, 838, 839, 842, 843, 846, 847, 850, 851, 855, 858, 859, 862,
    863, 866, 867, 871, 875, 879, 883, 886, 887, 890, 891, 895, 898, 899, 903,
    906, 907, 910, 911, 914, 915, 918, 919, 923, 926, 927, 931, 934, 935, 939,
    942, 943, 947, 951, 955, 958, 959, 962, 963, 966, 967, 970, 971, 975, 979,
    982, 983, 987, 991, 994, 995, 998, 999, 1003, 1006, 1007, 1010, 1011,
    1014, 1015, 1018, 1019, 1022, 1023, 1026, 1027, 1031, 1034, 1035, 1039,
    1043, 1046, 1047, 1051, 1055, 1058, 1059, 1062, 1063, 1066, 1067, 1070,
    1071, 1074, 1075, 1078, 1079, 1082, 1083, 1086, 1087, 1091, 1095, 1098,
    1099, 1103, 1107, 1111, 1115, 1119, 1123, 1126, 1127, 1131, 1135, 1139,
    1142, 1143, 1146, 1147, 1151, 1154, 1155, 1158, 1159, 1162, 1163, 1167,
    1170, 1171, 1175, 1178, 1179, 1183, 1187, 1191, 1194, 1195, 1199, 1202,
    1203, 1206, 1207, 1210, 1211, 1215, 1218, 1219, 1222, 1223, 1226, 1227,
    1231, 1235, 1239, 1242, 1243, 1247, 1250, 1251, 1255, 1258, 1259, 1263,
    1267, 1270, 1271, 1275, 1279, 1282, 1283, 1286, 1287, 1291, 1294, 1295,
    1299, 1302, 1303, 1307, 1310, 1311, 1315, 1319, 1322, 1323, 1327, 1330,
    1331, 1335, 1338, 1339, 1342, 1343, 1346, 1347, 1350, 1351, 1355, 1359,
    1362, 1363, 1367, 1371, 1374, 1375, 1378, 1379, 1383, 1387, 1391, 1395,
    1399, 1403, 1406, 1407, 1411, 1415, 1418, 1419, 1422, 1423, 1427, 1430,
    1431, 1434, 1435, 1438, 1439

Reassigned labels

Runtime: 1.8776397705078125

Performance split_log:

IM without threshold:
Map:
{"L_0": "L", "L_1": "L"}
token_fitness
{"perc_fit_traces": 0.0, "average_trace_fitness": 0.9528500000000155, "log_fitness": 0.9532010482965182, "percentage_of_fitting_traces": 0.0}
precision
0.6196415320509161
0.6842105263157894
generalization
0.8060206097553148

Adjusted Rand Index:
0.34978518271994524



Parameters of this run:

Window size: 3
Threshold for edges: 0.75
Split candidates: L
Max number of traces: 5000000
Method for distance calculation: Distance.SET_DISTANCE
Method for finding clusters: ClusteringMethod.COMMUNITY_DETECTION
Original log location: ./data/noImprInLoop_default_OD\feb16-1625\logs\P_1_LogD_Sequence_feb16-1625.xes.gz
Use frequency: True

Found communities: 

Clustering with 1440 elements and 5 clusters
[0] 1, 5, 6, 10, 13, 17, 21, 26, 37, 38, 45, 49, 65, 66, 69, 70, 73, 77, 78,
    81, 86, 89, 102, 106, 109, 110, 113, 114, 117, 121, 129, 134, 137, 141,
    145, 149, 153, 154, 157, 161, 165, 173, 177, 181, 185, 186, 189, 201, 205,
    206, 213, 217, 221, 229, 230, 233, 234, 238, 249, 253, 257, 261, 262, 265,
    266, 269, 277, 281, 285, 289, 290, 293, 294, 297, 305, 306, 309, 310, 314,
    317, 321, 322, 326, 329, 337, 338, 353, 362, 365, 366, 369, 377, 378, 381,
    382, 385, 386, 389, 398, 402, 417, 418, 429, 433, 434, 441, 442, 449, 453,
    457, 462, 465, 466, 473, 477, 482, 485, 486, 489, 490, 497, 501, 505, 509,
    514, 517, 518, 521, 522, 525, 529, 533, 534, 537, 538, 542, 545, 550, 553,
    557, 558, 561, 562, 565, 569, 570, 573, 574, 577, 578, 581, 586, 589, 597,
    601, 602, 606, 609, 610, 613, 614, 618, 621, 622, 629, 637, 638, 641, 642,
    645, 653, 657, 661, 669, 678, 681, 682, 686, 689, 693, 697, 702, 705, 709,
    710, 713, 718, 722, 737, 741, 745, 746, 754, 757, 758, 762, 765, 769, 770,
    773, 774, 781, 782, 785, 786, 789, 794, 801, 805, 806, 813, 814, 817, 821,
    822, 825, 829, 830, 833, 834, 837, 838, 841, 854, 857, 861, 869, 870, 873,
    874, 877, 878, 881, 882, 885, 894, 898, 902, 905, 909, 913, 917, 921, 922,
    925, 929, 930, 938, 941, 946, 949, 950, 953, 954, 961, 965, 974, 977, 978,
    981, 986, 989, 990, 993, 997, 1001, 1002, 1013, 1017, 1021, 1025, 1030,
    1033, 1038, 1042, 1045, 1050, 1054, 1057, 1069, 1073, 1077, 1078, 1081,
    1090, 1093, 1094, 1097, 1102, 1106, 1109, 1110, 1114, 1118, 1121, 1122,
    1125, 1129, 1130, 1133, 1134, 1137, 1138, 1141, 1149, 1150, 1153, 1161,
    1165, 1166, 1169, 1173, 1174, 1177, 1178, 1182, 1185, 1186, 1190, 1193,
    1198, 1206, 1209, 1214, 1221, 1225, 1226, 1230, 1233, 1234, 1238, 1241,
    1242, 1246, 1249, 1254, 1262, 1265, 1266, 1269, 1273, 1274, 1278, 1281,
    1285, 1289, 1290, 1297, 1298, 1302, 1306, 1313, 1314, 1317, 1318, 1326,
    1329, 1333, 1334, 1341, 1342, 1349, 1350, 1354, 1357, 1358, 1361, 1366,
    1369, 1370, 1373, 1377, 1381, 1382, 1385, 1386, 1389, 1390, 1393, 1394,
    1398, 1401, 1402, 1410, 1413, 1414, 1421, 1422, 1426
[1] 2, 7, 11, 14, 18, 22, 27, 39, 42, 46, 47, 50, 58, 62, 63, 71, 87, 90, 94,
    95, 111, 146, 150, 155, 158, 159, 166, 167, 170, 174, 178, 182, 183, 190,
    191, 198, 207, 210, 211, 218, 219, 222, 223, 226, 231, 235, 250, 251, 254,
    263, 270, 274, 282, 286, 291, 295, 298, 302, 307, 311, 327, 330, 331, 334,
    335, 342, 346, 347, 363, 367, 374, 387, 394, 399, 403, 410, 411, 414, 422,
    423, 426, 438, 443, 446, 447, 450, 451, 454, 455, 474, 475, 478, 483, 487,
    491, 494, 495, 498, 499, 502, 506, 507, 510, 511, 515, 519, 523, 526, 530,
    531, 535, 539, 543, 546, 551, 554, 559, 563, 566, 571, 579, 582, 583, 587,
    590, 594, 595, 598, 599, 603, 607, 611, 623, 626, 627, 630, 634, 635, 639,
    643, 646, 647, 650, 658, 659, 662, 666, 667, 670, 671, 674, 690, 694, 698,
    703, 706, 714, 715, 726, 730, 750, 755, 759, 766, 778, 790, 795, 798, 799,
    802, 810, 811, 818, 819, 823, 826, 827, 839, 842, 843, 846, 855, 862, 863,
    866, 883, 886, 887, 890, 891, 903, 906, 907, 914, 918, 919, 931, 942, 947,
    951, 958, 959, 962, 963, 966, 967, 975, 982, 983, 987, 998, 1003, 1010,
    1011, 1018, 1019, 1022, 1026, 1034, 1039, 1046, 1047, 1051, 1058, 1062,
    1066, 1067, 1070, 1095, 1098, 1107, 1126, 1127, 1142, 1143, 1146, 1147,
    1151, 1170, 1175, 1187, 1194, 1199, 1202, 1207, 1210, 1215, 1218, 1239,
    1250, 1251, 1258, 1259, 1267, 1275, 1279, 1282, 1283, 1291, 1310, 1311,
    1315, 1330, 1335, 1338, 1346, 1355, 1359, 1362, 1367, 1371, 1374, 1378,
    1379, 1387, 1391, 1403, 1406, 1407, 1411, 1415, 1423, 1430, 1431, 1434,
    1438, 1439
[2] 8, 9, 24, 25, 28, 29, 32, 33, 40, 41, 52, 53, 56, 57, 60, 61, 84, 85, 92,
    93, 96, 97, 100, 101, 104, 105, 124, 125, 132, 133, 168, 169, 192, 193,
    196, 197, 208, 209, 224, 225, 236, 237, 240, 241, 244, 245, 272, 273, 300,
    301, 312, 313, 324, 325, 332, 333, 340, 341, 344, 345, 348, 349, 356, 357,
    360, 361, 372, 373, 392, 393, 396, 397, 400, 401, 404, 405, 408, 409, 412,
    413, 420, 421, 424, 425, 436, 437, 444, 445, 460, 461, 468, 469, 480, 481,
    492, 493, 512, 513, 540, 541, 548, 549, 584, 585, 592, 593, 604, 605, 616,
    617, 624, 625, 632, 633, 648, 649, 664, 665, 672, 673, 676, 677, 684, 685,
    700, 701, 716, 717, 720, 721, 724, 725, 728, 729, 732, 733, 748, 749, 752,
    753, 760, 761, 776, 777, 792, 793, 796, 797, 808, 809, 844, 845, 848, 849,
    852, 853, 864, 865, 888, 889, 892, 893, 896, 897, 900, 901, 932, 933, 936,
    937, 944, 945, 956, 957, 968, 969, 972, 973, 984, 985, 1004, 1005, 1008,
    1009, 1028, 1029, 1036, 1037, 1040, 1041, 1048, 1049, 1052, 1053, 1060,
    1061, 1064, 1065, 1084, 1085, 1088, 1089, 1100, 1101, 1104, 1105, 1112,
    1113, 1116, 1117, 1144, 1145, 1156, 1157, 1180, 1181, 1188, 1189, 1196,
    1197, 1200, 1201, 1204, 1205, 1212, 1213, 1216, 1217, 1228, 1229, 1236,
    1237, 1244, 1245, 1252, 1253, 1256, 1257, 1260, 1261, 1276, 1277, 1292,
    1293, 1300, 1301, 1304, 1305, 1308, 1309, 1320, 1321, 1324, 1325, 1336,
    1337, 1344, 1345, 1352, 1353, 1364, 1365, 1396, 1397, 1404, 1405, 1408,
    1409, 1416, 1417, 1424, 1425, 1428, 1429, 1432, 1433, 1436, 1437
[3] 3, 15, 19, 23, 30, 31, 34, 35, 43, 51, 54, 55, 59, 67, 74, 75, 79, 82, 83,
    91, 98, 99, 103, 107, 115, 118, 119, 122, 123, 126, 127, 130, 131, 135,
    138, 139, 142, 143, 147, 151, 162, 163, 171, 175, 179, 187, 194, 195, 199,
    202, 203, 214, 215, 227, 239, 242, 243, 246, 247, 255, 258, 259, 267, 271,
    275, 278, 279, 283, 287, 299, 303, 315, 318, 319, 323, 339, 343, 350, 351,
    354, 355, 358, 359, 370, 371, 375, 379, 383, 390, 391, 395, 406, 407, 415,
    419, 427, 430, 431, 435, 439, 458, 459, 463, 467, 470, 471, 479, 503, 527,
    547, 555, 567, 575, 591, 615, 619, 631, 651, 654, 655, 663, 675, 679, 683,
    687, 691, 695, 699, 707, 711, 719, 723, 727, 731, 734, 735, 738, 739, 742,
    743, 747, 751, 763, 767, 771, 775, 779, 783, 787, 791, 803, 807, 815, 831,
    835, 847, 850, 851, 858, 859, 867, 871, 875, 879, 895, 899, 910, 911, 915,
    923, 926, 927, 934, 935, 939, 943, 955, 970, 971, 979, 991, 994, 995, 999,
    1006, 1007, 1014, 1015, 1023, 1027, 1031, 1035, 1043, 1055, 1059, 1063,
    1071, 1074, 1075, 1079, 1082, 1083, 1086, 1087, 1091, 1099, 1103, 1111,
    1115, 1119, 1123, 1131, 1135, 1139, 1154, 1155, 1158, 1159, 1162, 1163,
    1167, 1171, 1179, 1183, 1191, 1195, 1203, 1211, 1219, 1222, 1223, 1227,
    1231, 1235, 1243, 1247, 1255, 1263, 1270, 1271, 1286, 1287, 1294, 1295,
    1299, 1303, 1307, 1319, 1322, 1323, 1327, 1331, 1339, 1343, 1347, 1351,
    1363, 1375, 1383, 1395, 1399, 1418, 1419, 1427, 1435
[4] 0, 4, 12, 16, 20, 36, 44, 48, 64, 68, 72, 76, 80, 88, 108, 112, 116, 120,
    128, 136, 140, 144, 148, 152, 156, 160, 164, 172, 176, 180, 184, 188, 200,
    204, 212, 216, 220, 228, 232, 248, 252, 256, 260, 264, 268, 276, 280, 284,
    288, 292, 296, 304, 308, 316, 320, 328, 336, 352, 364, 368, 376, 380, 384,
    388, 416, 428, 432, 440, 448, 452, 456, 464, 472, 476, 484, 488, 496, 500,
    504, 508, 516, 520, 524, 528, 532, 536, 544, 552, 556, 560, 564, 568, 572,
    576, 580, 588, 596, 600, 608, 612, 620, 628, 636, 640, 644, 652, 656, 660,
    668, 680, 688, 692, 696, 704, 708, 712, 736, 740, 744, 756, 764, 768, 772,
    780, 784, 788, 800, 804, 812, 816, 820, 824, 828, 832, 836, 840, 856, 860,
    868, 872, 876, 880, 884, 904, 908, 912, 916, 920, 924, 928, 940, 948, 952,
    960, 964, 976, 980, 988, 992, 996, 1000, 1012, 1016, 1020, 1024, 1032,
    1044, 1056, 1068, 1072, 1076, 1080, 1092, 1096, 1108, 1120, 1124, 1128,
    1132, 1136, 1140, 1148, 1152, 1160, 1164, 1168, 1172, 1176, 1184, 1192,
    1208, 1220, 1224, 1232, 1240, 1248, 1264, 1268, 1272, 1280, 1284, 1288,
    1296, 1312, 1316, 1328, 1332, 1340, 1348, 1356, 1360, 1368, 1372, 1376,
    1380, 1384, 1388, 1392, 1400, 1412, 1420

Reassigned labels

Runtime: 1.5046489238739014

Performance split_log:

IM without threshold:
Map:
{"L_0": "L", "L_1": "L", "L_2": "L", "L_3": "L", "L_4": "L"}
token_fitness
{"perc_fit_traces": 0.0, "average_trace_fitness": 0.8993857142857286, "log_fitness": 0.8989628657315685, "percentage_of_fitting_traces": 0.0}
precision
0.7800312012480499
0.6888888888888889
generalization
0.5630676432453496

Adjusted Rand Index:
0.38238100370278644



Parameters of this run:

Window size: 3
Threshold for edges: 1
Split candidates: L
Max number of traces: 5000000
Method for distance calculation: Distance.SET_DISTANCE
Method for finding clusters: ClusteringMethod.COMMUNITY_DETECTION
Original log location: ./data/noImprInLoop_default_OD\feb16-1625\logs\P_1_LogD_Sequence_feb16-1625.xes.gz
Use frequency: True

Found communities: 

Clustering with 1440 elements and 78 clusters
[ 0] 2, 7, 22, 39, 71, 146, 167, 170, 174, 191, 207, 211, 223, 231, 235, 270,
     286, 302, 327, 335, 363, 387, 403, 411, 426, 495, 523, 535, 546, 551,
     559, 563, 579, 587, 595, 611, 623, 627, 643, 662, 671, 674, 703, 715,
     750, 778, 802, 855, 863, 887, 891, 907, 919, 947, 1011, 1026, 1047, 1062,
     1095, 1127, 1151, 1210, 1267, 1279, 1291, 1315, 1355, 1362, 1367, 1371,
     1387, 1411, 1434
[ 1] 3, 23, 35, 119, 123, 127, 143, 147, 163, 171, 175, 195, 203, 247, 271,
     279, 283, 287, 303, 355, 375, 391, 407, 427, 459, 547, 555, 655, 663,
     675, 707, 727, 731, 735, 743, 751, 767, 779, 791, 803, 851, 971, 995,
     999, 1027, 1063, 1075, 1087, 1155, 1159, 1211, 1223, 1363, 1419, 1435
[ 2] 18, 50, 58, 62, 90, 94, 150, 158, 178, 182, 198, 218, 226, 274, 282, 298,
     330, 346, 374, 438, 446, 454, 474, 478, 498, 502, 506, 510, 530, 554,
     582, 658, 666, 706, 726, 730, 766, 790, 798, 810, 914, 942, 958, 962,
     998, 1022, 1034, 1142, 1202, 1250, 1310, 1378, 1406, 1438
[ 3] 33, 41, 53, 97, 125, 169, 193, 209, 245, 301, 333, 341, 373, 393, 405,
     409, 413, 421, 425, 445, 469, 493, 593, 625, 665, 673, 725, 729, 733,
     749, 777, 809, 849, 889, 969, 1009, 1061, 1065, 1085, 1157, 1257, 1293,
     1405, 1417, 1429, 1433
[ 4] 24, 28, 32, 40, 52, 96, 168, 208, 224, 300, 344, 372, 392, 400, 420, 444,
     592, 624, 632, 664, 672, 700, 724, 732, 776, 796, 844, 864, 888, 932,
     1040, 1064, 1084, 1112, 1156, 1260, 1300, 1324, 1364, 1408, 1416
[ 5] 8, 60, 100, 124, 192, 240, 244, 272, 332, 340, 404, 408, 412, 424, 468,
     492, 548, 604, 716, 720, 728, 748, 760, 808, 848, 892, 896, 936, 968,
     972, 1004, 1008, 1060, 1200, 1204, 1256, 1292, 1336, 1404, 1428, 1432
[ 6] 21, 38, 66, 114, 117, 129, 161, 189, 201, 221, 234, 257, 281, 285, 353,
     490, 497, 525, 578, 597, 653, 657, 669, 713, 765, 801, 806, 834, 878,
     990, 1017, 1025, 1097, 1153, 1274, 1370
[ 7] 104, 132, 236, 312, 324, 360, 396, 512, 584, 616, 676, 752, 792, 852,
     944, 984, 1028, 1036, 1048, 1088, 1100, 1116, 1180, 1188, 1196, 1212,
     1228, 1236, 1244, 1252, 1276, 1304, 1352, 1396, 1424
[ 8] 1, 45, 70, 121, 137, 165, 173, 310, 453, 457, 534, 545, 553, 614, 642,
     682, 741, 746, 822, 861, 885, 961, 981, 997, 1073, 1081, 1125, 1138,
     1193, 1234, 1329, 1361
[ 9] 81, 141, 145, 206, 213, 217, 269, 277, 386, 389, 434, 529, 661, 689, 705,
     789, 825, 905, 917, 965, 993, 1045, 1069, 1094, 1209, 1221, 1290, 1358,
     1382
[10] 19, 51, 59, 75, 243, 275, 319, 351, 359, 371, 503, 567, 695, 699, 739,
     927, 943, 1007, 1023, 1035, 1059, 1163, 1171, 1203, 1219, 1339, 1375
[11] 15, 31, 91, 151, 179, 199, 227, 255, 299, 431, 439, 479, 591, 631, 651,
     847, 859, 867, 911, 915, 935, 1015, 1271, 1287, 1323, 1347
[12] 9, 101, 325, 549, 585, 605, 617, 677, 717, 721, 761, 793, 893, 897, 937,
     945, 973, 1037, 1181, 1189, 1197, 1213, 1253, 1277, 1397, 1425
[13] 20, 88, 160, 188, 200, 220, 256, 260, 280, 364, 464, 496, 524, 580, 608,
     620, 628, 812, 872, 976, 1016, 1024, 1152, 1268, 1280
[14] 87, 95, 159, 251, 295, 307, 451, 483, 507, 511, 543, 639, 839, 843, 903,
     959, 1107, 1143, 1147, 1175, 1187, 1251, 1311, 1391, 1439
[15] 291, 311, 399, 443, 491, 515, 571, 603, 755, 759, 795, 823, 931, 987,
     1003, 1039, 1051, 1199, 1215, 1239, 1275, 1335, 1359, 1403, 1415
[16] 103, 187, 379, 619, 679, 711, 719, 723, 787, 835, 871, 895, 923, 939,
     955, 991, 1131, 1139, 1179, 1183, 1235, 1255, 1319, 1383, 1427
[17] 116, 128, 152, 180, 284, 352, 368, 376, 484, 520, 536, 556, 596, 652,
     656, 668, 712, 764, 800, 920, 952, 1020, 1056, 1076, 1096
[18] 67, 79, 135, 239, 315, 323, 383, 435, 467, 615, 683, 771, 775, 831, 875,
     879, 979, 1043, 1115, 1231, 1247, 1263, 1307, 1327, 1343
[19] 25, 105, 133, 237, 313, 361, 397, 401, 701, 853, 1041, 1049, 1089, 1113,
     1229, 1237, 1245, 1261, 1301, 1305, 1325, 1353, 1365, 1409
[20] 27, 219, 263, 331, 347, 367, 423, 447, 499, 519, 583, 635, 647, 667, 799,
     819, 827, 883, 963, 983, 1019, 1067, 1283, 1379
[21] 11, 47, 63, 111, 155, 183, 455, 475, 487, 531, 539, 599, 607, 659, 811,
     951, 967, 975, 1207, 1259, 1407, 1423, 1431
[22] 212, 216, 252, 268, 320, 388, 516, 688, 704, 816, 824, 828, 880, 904,
     912, 992, 1012, 1148, 1208, 1220, 1240, 1312, 1376
[23] 0, 120, 164, 228, 328, 476, 588, 644, 768, 772, 856, 860, 960, 980, 996,
     1072, 1080, 1192, 1264, 1340, 1348, 1360
[24] 56, 84, 92, 196, 348, 356, 436, 460, 480, 540, 648, 684, 900, 956, 1052,
     1104, 1144, 1216, 1308, 1320, 1344, 1436
[25] 80, 140, 144, 276, 472, 528, 560, 660, 692, 708, 784, 788, 916, 964,
     1032, 1044, 1068, 1128, 1160, 1224, 1420
[26] 4, 44, 108, 136, 172, 316, 452, 456, 544, 552, 740, 884, 940, 948, 1124,
     1176, 1316, 1328, 1372, 1384
[27] 46, 190, 210, 334, 410, 422, 594, 598, 714, 826, 862, 906, 918, 966, 982,
     1018, 1066, 1126, 1258, 1430
[28] 36, 64, 76, 112, 184, 232, 264, 288, 488, 576, 600, 756, 804, 832, 876,
     988, 1272, 1368, 1392
[29] 42, 166, 222, 342, 394, 414, 494, 526, 626, 670, 690, 886, 890, 1010,
     1046, 1070, 1098, 1194, 1330
[30] 34, 54, 82, 98, 118, 130, 138, 162, 194, 214, 258, 470, 742, 850, 1082,
     1222, 1294
[31] 267, 339, 419, 463, 575, 687, 783, 1031, 1055, 1103, 1111, 1119, 1123,
     1135, 1167, 1299, 1395
[32] 86, 294, 306, 418, 462, 542, 686, 782, 902, 1054, 1106, 1122, 1134, 1166,
     1174, 1186, 1390
[33] 10, 102, 110, 154, 538, 606, 718, 786, 894, 922, 938, 950, 954, 974,
     1130, 1318
[34] 29, 93, 197, 225, 345, 437, 633, 649, 797, 845, 865, 933, 1145, 1309,
     1321, 1345
[35] 68, 308, 336, 380, 532, 568, 572, 612, 640, 680, 744, 820, 1136, 1232,
     1332, 1412
[36] 113, 153, 185, 233, 289, 377, 489, 521, 537, 557, 833, 921, 953, 989,
     1077, 1369
[37] 37, 65, 77, 261, 365, 465, 577, 609, 621, 757, 805, 813, 873, 877, 977,
     1273
[38] 30, 122, 202, 390, 734, 858, 934, 994, 1014, 1074, 1086, 1154, 1158,
     1270, 1418
[39] 26, 262, 322, 366, 518, 770, 774, 830, 874, 882, 978, 1042, 1114, 1262,
     1326
[40] 204, 384, 432, 440, 868, 928, 1000, 1092, 1108, 1288, 1296, 1356, 1380,
     1400
[41] 126, 142, 242, 246, 278, 318, 354, 370, 406, 458, 654, 970, 1006, 1162
[42] 43, 55, 99, 215, 259, 395, 527, 691, 815, 1083, 1195, 1243, 1303, 1351
[43] 57, 61, 241, 273, 349, 357, 481, 957, 1005, 1201, 1205, 1217, 1337, 1437
[44] 83, 131, 139, 343, 415, 471, 763, 899, 1071, 1079, 1099, 1227, 1295, 1331
[45] 17, 73, 442, 473, 505, 693, 697, 870, 1002, 1033, 1161, 1298, 1421
[46] 48, 176, 304, 416, 428, 508, 564, 780, 836, 840, 924, 1172, 1248
[47] 5, 109, 309, 533, 641, 745, 949, 1137, 1177, 1233, 1317, 1333, 1385
[48] 157, 181, 186, 266, 290, 369, 485, 501, 637, 737, 1021, 1057, 1169
[49] 78, 89, 149, 249, 581, 602, 629, 758, 909, 1141, 1269, 1281, 1394
[50] 85, 461, 513, 541, 685, 753, 901, 985, 1029, 1053, 1101, 1105, 1117
[51] 148, 156, 248, 292, 500, 636, 736, 908, 1132, 1140, 1164, 1168, 1184
[52] 106, 362, 586, 678, 794, 854, 946, 1050, 1246, 1254, 1306, 1398
[53] 177, 329, 382, 429, 477, 509, 574, 589, 645, 841, 857, 1414
[54] 13, 253, 297, 449, 817, 913, 930, 1013, 1110, 1285, 1377, 1402
[55] 49, 317, 338, 565, 570, 837, 925, 941, 1249, 1334, 1373
[56] 69, 229, 381, 613, 681, 769, 773, 821, 1265, 1341, 1349
[57] 238, 314, 326, 1090, 1182, 1190, 1214, 1238, 1278, 1354, 1426
[58] 205, 321, 433, 517, 829, 881, 929, 1093, 1149, 1241, 1313
[59] 385, 441, 561, 709, 785, 869, 1129, 1225, 1289, 1357, 1381
[60] 12, 16, 72, 296, 448, 504, 696, 1120, 1284, 1388
[61] 230, 402, 610, 622, 702, 1150, 1266, 1314, 1366, 1410
[62] 74, 350, 358, 430, 738, 910, 926, 1286, 1322
[63] 250, 450, 634, 646, 818, 842, 1146, 1282
[64] 305, 337, 417, 569, 573, 781, 1173, 1413
[65] 14, 254, 590, 630, 650, 846, 866, 1346
[66] 378, 710, 722, 762, 898, 1078, 1178, 1226
[67] 566, 694, 698, 1058, 1170, 1218, 1338, 1374
[68] 107, 115, 747, 807, 1091, 1191, 1399
[69] 265, 293, 601, 1133, 1165, 1185, 1393
[70] 482, 486, 638, 838, 1206, 1422
[71] 6, 522, 550, 558, 562, 1386
[72] 466, 814, 1242, 1302, 1342, 1350
[73] 1001, 1109, 1121, 1297, 1389, 1401
[74] 514, 618, 1038, 1102
[75] 134, 398, 986
[76] 754, 1030, 1198
[77] 1118, 1230

Reassigned labels

Runtime: 1.5226263999938965

Performance split_log:

IM without threshold:
Map:
{"L_0": "L", "L_1": "L", "L_2": "L", "L_3": "L", "L_4": "L", "L_5": "L", "L_6": "L", "L_7": "L", "L_8": "L", "L_9": "L", "L_10": "L", "L_11": "L", "L_12": "L", "L_13": "L", "L_14": "L", "L_15": "L", "L_16": "L", "L_17": "L", "L_18": "L", "L_19": "L", "L_20": "L", "L_21": "L", "L_22": "L", "L_23": "L", "L_24": "L", "L_25": "L", "L_26": "L", "L_27": "L", "L_28": "L", "L_29": "L", "L_30": "L", "L_31": "L", "L_32": "L", "L_33": "L", "L_34": "L", "L_35": "L", "L_36": "L", "L_37": "L", "L_38": "L", "L_39": "L", "L_40": "L", "L_41": "L", "L_42": "L", "L_43": "L", "L_44": "L", "L_45": "L", "L_46": "L", "L_47": "L", "L_48": "L", "L_49": "L", "L_50": "L", "L_51": "L", "L_52": "L", "L_53": "L", "L_54": "L", "L_55": "L", "L_56": "L", "L_57": "L", "L_58": "L", "L_59": "L", "L_60": "L", "L_61": "L", "L_62": "L", "L_63": "L", "L_64": "L", "L_65": "L", "L_66": "L", "L_67": "L", "L_68": "L", "L_69": "L", "L_70": "L", "L_71": "L", "L_72": "L", "L_73": "L", "L_74": "L", "L_75": "L", "L_76": "L", "L_77": "L"}
token_fitness
{"perc_fit_traces": 0.0, "average_trace_fitness": 0.8551874787235426, "log_fitness": 0.8588652791596889, "percentage_of_fitting_traces": 0.0}
precision
0.7800312012480499
0.6353591160220995
generalization
0.43073637396828635

Adjusted Rand Index:
0.13682475770782984



Parameters of this run:

Window size: 3
Threshold for edges: 0
Split candidates: L
Max number of traces: 5000000
Method for distance calculation: Distance.MULTISET_DISTANCE
Method for finding clusters: ClusteringMethod.COMMUNITY_DETECTION
Original log location: ./data/noImprInLoop_default_OD\feb16-1625\logs\P_1_LogD_Sequence_feb16-1625.xes.gz
Use frequency: True

Found communities: 

Clustering with 1440 elements and 3 clusters
[0] 2, 3, 7, 11, 14, 15, 18, 19, 22, 23, 27, 30, 31, 34, 35, 39, 42, 43, 46,
    47, 50, 51, 54, 55, 58, 59, 62, 63, 67, 71, 74, 75, 79, 82, 83, 87, 90,
    91, 94, 95, 98, 99, 103, 107, 111, 115, 118, 119, 122, 123, 126, 127, 130,
    131, 135, 138, 139, 142, 143, 146, 147, 150, 151, 155, 158, 159, 162, 163,
    166, 167, 170, 171, 174, 175, 178, 179, 182, 183, 187, 190, 191, 194, 195,
    198, 199, 202, 203, 207, 210, 211, 214, 215, 218, 219, 222, 223, 226, 227,
    231, 235, 239, 242, 243, 246, 247, 250, 251, 254, 255, 258, 259, 263, 267,
    270, 271, 274, 275, 278, 279, 282, 283, 286, 287, 291, 295, 298, 299, 302,
    303, 307, 311, 315, 318, 319, 323, 327, 330, 331, 334, 335, 339, 342, 343,
    346, 347, 350, 351, 354, 355, 358, 359, 363, 367, 370, 371, 374, 375, 378,
    379, 383, 387, 390, 391, 394, 395, 399, 403, 406, 407, 410, 411, 414, 415,
    419, 422, 423, 426, 427, 430, 431, 435, 438, 439, 443, 446, 447, 450, 451,
    454, 455, 458, 459, 463, 466, 467, 470, 471, 474, 475, 478, 479, 482, 483,
    486, 487, 491, 494, 495, 498, 499, 502, 503, 506, 507, 510, 511, 515, 519,
    523, 526, 527, 530, 531, 535, 539, 543, 546, 547, 551, 554, 555, 559, 563,
    566, 567, 571, 575, 579, 582, 583, 587, 590, 591, 594, 595, 598, 599, 603,
    607, 611, 615, 619, 623, 626, 627, 630, 631, 634, 635, 638, 639, 643, 646,
    647, 650, 651, 654, 655, 658, 659, 662, 663, 666, 667, 670, 671, 674, 675,
    679, 683, 687, 690, 691, 694, 695, 698, 699, 703, 706, 707, 710, 711, 714,
    715, 719, 722, 723, 726, 727, 730, 731, 734, 735, 738, 739, 742, 743, 747,
    750, 751, 755, 759, 762, 763, 766, 767, 771, 775, 778, 779, 783, 787, 790,
    791, 795, 798, 799, 802, 803, 807, 810, 811, 814, 815, 818, 819, 823, 826,
    827, 831, 835, 838, 839, 842, 843, 846, 847, 850, 851, 855, 858, 859, 862,
    863, 866, 867, 871, 875, 879, 883, 886, 887, 890, 891, 895, 898, 899, 903,
    906, 907, 910, 911, 914, 915, 918, 919, 923, 926, 927, 931, 934, 935, 939,
    942, 943, 947, 951, 955, 958, 959, 962, 963, 966, 967, 970, 971, 975, 979,
    982, 983, 987, 991, 994, 995, 998, 999, 1003, 1006, 1007, 1010, 1011,
    1014, 1015, 1018, 1019, 1022, 1023, 1026, 1027, 1031, 1034, 1035, 1039,
    1043, 1046, 1047, 1051, 1055, 1058, 1059, 1062, 1063, 1066, 1067, 1070,
    1071, 1074, 1075, 1078, 1079, 1082, 1083, 1086, 1087, 1091, 1095, 1098,
    1099, 1103, 1107, 1111, 1115, 1119, 1123, 1126, 1127, 1131, 1135, 1139,
    1142, 1143, 1146, 1147, 1151, 1154, 1155, 1158, 1159, 1162, 1163, 1167,
    1170, 1171, 1175, 1178, 1179, 1183, 1187, 1191, 1194, 1195, 1199, 1202,
    1203, 1206, 1207, 1210, 1211, 1215, 1218, 1219, 1222, 1223, 1226, 1227,
    1231, 1235, 1239, 1242, 1243, 1247, 1250, 1251, 1255, 1258, 1259, 1263,
    1267, 1270, 1271, 1275, 1279, 1282, 1283, 1286, 1287, 1291, 1294, 1295,
    1299, 1302, 1303, 1307, 1310, 1311, 1315, 1319, 1322, 1323, 1327, 1330,
    1331, 1335, 1338, 1339, 1342, 1343, 1346, 1347, 1350, 1351, 1355, 1359,
    1362, 1363, 1367, 1371, 1374, 1375, 1378, 1379, 1383, 1387, 1391, 1395,
    1399, 1403, 1406, 1407, 1411, 1415, 1418, 1419, 1422, 1423, 1427, 1430,
    1431, 1434, 1435, 1438, 1439
[1] 0, 4, 5, 8, 9, 12, 16, 20, 24, 25, 28, 32, 36, 37, 40, 44, 48, 52, 56, 60,
    64, 65, 68, 69, 72, 76, 77, 80, 84, 85, 88, 92, 96, 100, 101, 104, 105,
    108, 109, 112, 113, 116, 120, 124, 128, 132, 133, 136, 140, 144, 148, 152,
    153, 156, 160, 164, 168, 172, 176, 180, 184, 185, 188, 192, 196, 200, 204,
    205, 208, 212, 216, 220, 224, 228, 229, 232, 233, 236, 237, 240, 244, 248,
    252, 256, 260, 261, 264, 265, 268, 272, 276, 280, 284, 288, 289, 292, 293,
    296, 300, 304, 305, 308, 309, 312, 313, 316, 320, 321, 324, 325, 328, 332,
    336, 337, 340, 344, 348, 352, 356, 360, 361, 364, 365, 368, 372, 376, 377,
    380, 381, 384, 385, 388, 392, 396, 397, 400, 401, 404, 408, 412, 416, 417,
    420, 424, 428, 432, 433, 436, 440, 441, 444, 448, 452, 456, 460, 461, 464,
    465, 468, 472, 476, 480, 484, 488, 489, 492, 496, 500, 504, 508, 512, 513,
    516, 517, 520, 521, 524, 528, 532, 533, 536, 537, 540, 541, 544, 548, 549,
    552, 556, 557, 560, 561, 564, 568, 569, 572, 573, 576, 577, 580, 584, 585,
    588, 592, 596, 600, 601, 604, 605, 608, 609, 612, 613, 616, 617, 620, 621,
    624, 628, 632, 636, 640, 641, 644, 648, 652, 656, 660, 664, 668, 672, 676,
    677, 680, 681, 684, 685, 688, 692, 696, 700, 701, 704, 708, 709, 712, 716,
    717, 720, 721, 724, 728, 732, 736, 740, 744, 745, 748, 752, 753, 756, 757,
    760, 761, 764, 768, 769, 772, 773, 776, 780, 781, 784, 785, 788, 792, 793,
    796, 800, 804, 805, 808, 812, 813, 816, 820, 821, 824, 828, 829, 832, 833,
    836, 840, 844, 848, 852, 853, 856, 860, 864, 868, 869, 872, 873, 876, 877,
    880, 881, 884, 888, 892, 893, 896, 897, 900, 901, 904, 908, 912, 916, 920,
    921, 924, 928, 929, 932, 936, 937, 940, 944, 945, 948, 949, 952, 953, 956,
    960, 964, 968, 972, 973, 976, 977, 980, 984, 985, 988, 989, 992, 996,
    1000, 1001, 1004, 1008, 1012, 1016, 1020, 1024, 1028, 1029, 1032, 1036,
    1037, 1040, 1041, 1044, 1048, 1049, 1052, 1053, 1056, 1060, 1064, 1068,
    1072, 1076, 1077, 1080, 1084, 1088, 1089, 1092, 1093, 1096, 1100, 1101,
    1104, 1105, 1108, 1109, 1112, 1113, 1116, 1117, 1120, 1121, 1124, 1128,
    1129, 1132, 1133, 1136, 1137, 1140, 1144, 1148, 1149, 1152, 1156, 1160,
    1164, 1165, 1168, 1172, 1173, 1176, 1177, 1180, 1181, 1184, 1185, 1188,
    1189, 1192, 1196, 1197, 1200, 1204, 1208, 1212, 1213, 1216, 1220, 1224,
    1225, 1228, 1229, 1232, 1233, 1236, 1237, 1240, 1241, 1244, 1245, 1248,
    1252, 1253, 1256, 1260, 1261, 1264, 1265, 1268, 1272, 1273, 1276, 1277,
    1280, 1284, 1288, 1289, 1292, 1296, 1297, 1300, 1301, 1304, 1305, 1308,
    1312, 1313, 1316, 1317, 1320, 1324, 1325, 1328, 1332, 1333, 1336, 1340,
    1341, 1344, 1348, 1349, 1352, 1353, 1356, 1357, 1360, 1364, 1365, 1368,
    1369, 1372, 1376, 1380, 1381, 1384, 1385, 1388, 1389, 1392, 1393, 1396,
    1397, 1400, 1401, 1404, 1408, 1409, 1412, 1413, 1416, 1420, 1424, 1425,
    1428, 1432, 1436
[2] 1, 6, 10, 13, 17, 21, 26, 29, 33, 38, 41, 45, 49, 53, 57, 61, 66, 70, 73,
    78, 81, 86, 89, 93, 97, 102, 106, 110, 114, 117, 121, 125, 129, 134, 137,
    141, 145, 149, 154, 157, 161, 165, 169, 173, 177, 181, 186, 189, 193, 197,
    201, 206, 209, 213, 217, 221, 225, 230, 234, 238, 241, 245, 249, 253, 257,
    262, 266, 269, 273, 277, 281, 285, 290, 294, 297, 301, 306, 310, 314, 317,
    322, 326, 329, 333, 338, 341, 345, 349, 353, 357, 362, 366, 369, 373, 382,
    386, 389, 393, 398, 402, 405, 409, 413, 418, 421, 425, 429, 434, 437, 442,
    445, 449, 453, 457, 462, 469, 473, 477, 481, 485, 490, 493, 497, 501, 505,
    509, 514, 518, 522, 525, 529, 534, 538, 542, 545, 550, 553, 558, 562, 565,
    570, 574, 578, 581, 586, 589, 593, 597, 602, 606, 610, 614, 618, 622, 625,
    629, 633, 637, 642, 645, 649, 653, 657, 661, 665, 669, 673, 678, 682, 686,
    689, 693, 697, 702, 705, 713, 718, 725, 729, 733, 737, 741, 746, 749, 754,
    758, 765, 770, 774, 777, 782, 786, 789, 794, 797, 801, 806, 809, 817, 822,
    825, 830, 834, 837, 841, 845, 849, 854, 857, 861, 865, 870, 874, 878, 882,
    885, 889, 894, 902, 905, 909, 913, 917, 922, 925, 930, 933, 938, 941, 946,
    950, 954, 957, 961, 965, 969, 974, 978, 981, 986, 990, 993, 997, 1002,
    1005, 1009, 1013, 1017, 1021, 1025, 1030, 1033, 1038, 1042, 1045, 1050,
    1054, 1057, 1061, 1065, 1069, 1073, 1081, 1085, 1090, 1094, 1097, 1102,
    1106, 1110, 1114, 1118, 1122, 1125, 1130, 1134, 1138, 1141, 1145, 1150,
    1153, 1157, 1161, 1166, 1169, 1174, 1182, 1186, 1190, 1193, 1198, 1201,
    1205, 1209, 1214, 1217, 1221, 1230, 1234, 1238, 1246, 1249, 1254, 1257,
    1262, 1266, 1269, 1274, 1278, 1281, 1285, 1290, 1293, 1298, 1306, 1309,
    1314, 1318, 1321, 1326, 1329, 1334, 1337, 1345, 1354, 1358, 1361, 1366,
    1370, 1373, 1377, 1382, 1386, 1390, 1394, 1398, 1402, 1405, 1410, 1414,
    1417, 1421, 1426, 1429, 1433, 1437

Reassigned labels

Runtime: 2.244554042816162

Performance split_log:

IM without threshold:
Map:
{"L_0": "L", "L_1": "L", "L_2": "L"}
token_fitness
{"perc_fit_traces": 0.0, "average_trace_fitness": 0.831773433583971, "log_fitness": 0.8311238319218772, "percentage_of_fitting_traces": 0.0}
precision
1.0
0.6875
generalization
0.6090949167725569

Adjusted Rand Index:
0.48123396919567996



Parameters of this run:

Window size: 3
Threshold for edges: 0.25
Split candidates: L
Max number of traces: 5000000
Method for distance calculation: Distance.MULTISET_DISTANCE
Method for finding clusters: ClusteringMethod.COMMUNITY_DETECTION
Original log location: ./data/noImprInLoop_default_OD\feb16-1625\logs\P_1_LogD_Sequence_feb16-1625.xes.gz
Use frequency: True

Found communities: 

Clustering with 1440 elements and 3 clusters
[0] 0, 1, 4, 5, 8, 12, 13, 16, 17, 20, 21, 24, 28, 32, 36, 37, 40, 44, 45, 48,
    49, 52, 56, 60, 64, 65, 68, 69, 72, 73, 76, 77, 80, 81, 84, 88, 89, 92,
    96, 100, 104, 108, 109, 112, 113, 116, 117, 120, 121, 124, 128, 129, 132,
    136, 137, 140, 141, 144, 145, 148, 149, 152, 153, 156, 157, 160, 161, 164,
    165, 168, 172, 173, 176, 177, 180, 181, 184, 185, 188, 189, 192, 196, 200,
    201, 204, 205, 208, 212, 213, 216, 217, 220, 221, 224, 228, 229, 232, 233,
    236, 240, 244, 248, 249, 252, 253, 256, 257, 260, 261, 264, 265, 268, 269,
    272, 276, 277, 280, 281, 284, 285, 288, 289, 292, 293, 296, 297, 300, 304,
    305, 308, 309, 312, 316, 317, 320, 321, 324, 328, 329, 332, 336, 337, 340,
    344, 348, 352, 353, 356, 360, 364, 365, 368, 369, 372, 376, 377, 380, 381,
    384, 385, 388, 389, 392, 396, 400, 404, 408, 412, 416, 417, 420, 424, 428,
    429, 432, 433, 436, 440, 441, 444, 448, 449, 452, 453, 456, 457, 460, 464,
    465, 468, 472, 473, 476, 477, 480, 484, 485, 488, 489, 492, 496, 497, 500,
    501, 504, 505, 508, 509, 512, 516, 517, 520, 521, 524, 525, 528, 529, 532,
    533, 536, 537, 540, 544, 545, 548, 552, 553, 556, 557, 560, 561, 564, 565,
    568, 569, 572, 573, 576, 577, 580, 581, 584, 588, 589, 592, 596, 597, 600,
    601, 604, 608, 609, 612, 613, 616, 620, 621, 624, 628, 629, 632, 636, 637,
    640, 641, 644, 645, 648, 652, 653, 656, 657, 660, 661, 664, 668, 669, 672,
    676, 680, 681, 684, 688, 689, 692, 693, 696, 697, 700, 704, 705, 708, 709,
    712, 713, 716, 720, 724, 728, 732, 736, 737, 740, 741, 744, 745, 748, 752,
    756, 757, 760, 764, 765, 768, 769, 772, 773, 776, 780, 781, 784, 785, 788,
    789, 792, 796, 800, 801, 804, 805, 808, 812, 813, 816, 817, 820, 821, 824,
    825, 828, 829, 832, 833, 836, 837, 840, 841, 844, 848, 852, 856, 857, 860,
    861, 864, 868, 869, 872, 873, 876, 877, 880, 881, 884, 885, 888, 892, 896,
    900, 904, 905, 908, 909, 912, 913, 916, 917, 920, 921, 924, 925, 928, 929,
    932, 936, 940, 941, 944, 948, 949, 952, 953, 956, 960, 961, 964, 965, 968,
    972, 976, 977, 980, 981, 984, 988, 989, 992, 993, 996, 997, 1000, 1001,
    1004, 1008, 1012, 1013, 1016, 1017, 1020, 1021, 1024, 1025, 1028, 1032,
    1033, 1036, 1040, 1044, 1045, 1048, 1052, 1056, 1057, 1060, 1064, 1068,
    1069, 1072, 1073, 1076, 1077, 1080, 1081, 1084, 1088, 1092, 1093, 1096,
    1097, 1100, 1104, 1108, 1109, 1112, 1116, 1120, 1121, 1124, 1125, 1128,
    1129, 1132, 1133, 1136, 1137, 1140, 1141, 1144, 1148, 1149, 1152, 1153,
    1156, 1160, 1161, 1164, 1165, 1168, 1169, 1172, 1173, 1176, 1177, 1180,
    1184, 1185, 1188, 1192, 1193, 1196, 1200, 1204, 1208, 1209, 1212, 1216,
    1220, 1221, 1224, 1225, 1228, 1232, 1233, 1236, 1240, 1241, 1244, 1248,
    1249, 1252, 1256, 1260, 1264, 1265, 1268, 1269, 1272, 1273, 1276, 1280,
    1281, 1284, 1285, 1288, 1289, 1292, 1296, 1297, 1300, 1304, 1308, 1312,
    1313, 1316, 1317, 1320, 1324, 1328, 1329, 1332, 1333, 1336, 1340, 1341,
    1344, 1348, 1349, 1352, 1356, 1357, 1360, 1361, 1364, 1368, 1369, 1372,
    1373, 1376, 1377, 1380, 1381, 1384, 1385, 1388, 1389, 1392, 1393, 1396,
    1400, 1401, 1404, 1408, 1412, 1413, 1416, 1420, 1421, 1424, 1428, 1432,
    1436
[1] 2, 3, 7, 11, 14, 15, 18, 19, 22, 23, 27, 30, 31, 34, 35, 39, 42, 43, 46,
    47, 50, 51, 54, 55, 58, 59, 62, 63, 67, 71, 74, 75, 79, 82, 83, 87, 90,
    91, 94, 95, 98, 99, 103, 107, 111, 115, 118, 119, 122, 123, 126, 127, 130,
    131, 135, 138, 139, 142, 143, 146, 147, 150, 151, 155, 158, 159, 162, 163,
    166, 167, 170, 171, 174, 175, 178, 179, 182, 183, 187, 190, 191, 194, 195,
    198, 199, 202, 203, 207, 210, 211, 214, 215, 218, 219, 222, 223, 226, 227,
    231, 235, 239, 242, 243, 246, 247, 250, 251, 254, 255, 258, 259, 263, 267,
    270, 271, 274, 275, 278, 279, 282, 283, 286, 287, 291, 295, 298, 299, 302,
    303, 307, 311, 315, 318, 319, 323, 327, 330, 331, 334, 335, 339, 342, 343,
    346, 347, 350, 351, 354, 355, 358, 359, 363, 367, 370, 371, 374, 375, 378,
    379, 383, 387, 390, 391, 394, 395, 399, 403, 406, 407, 410, 411, 414, 415,
    419, 422, 423, 426, 427, 430, 431, 435, 438, 439, 443, 446, 447, 450, 451,
    454, 455, 458, 459, 463, 466, 467, 470, 471, 474, 475, 478, 479, 482, 483,
    486, 487, 491, 494, 495, 498, 499, 502, 503, 506, 507, 510, 511, 515, 519,
    523, 526, 527, 530, 531, 535, 539, 543, 546, 547, 551, 554, 555, 559, 563,
    566, 567, 571, 575, 579, 582, 583, 587, 590, 591, 594, 595, 598, 599, 603,
    607, 611, 615, 619, 623, 626, 627, 630, 631, 634, 635, 638, 639, 643, 646,
    647, 650, 651, 654, 655, 658, 659, 662, 663, 666, 667, 670, 671, 674, 675,
    679, 683, 687, 690, 691, 694, 695, 698, 699, 703, 706, 707, 710, 711, 714,
    715, 719, 722, 723, 726, 727, 730, 731, 734, 735, 738, 739, 742, 743, 747,
    750, 751, 755, 759, 762, 763, 766, 767, 771, 775, 778, 779, 783, 787, 790,
    791, 795, 798, 799, 802, 803, 807, 810, 811, 814, 815, 818, 819, 823, 826,
    827, 831, 835, 838, 839, 842, 843, 846, 847, 850, 851, 855, 858, 859, 862,
    863, 866, 867, 871, 875, 879, 883, 886, 887, 890, 891, 895, 898, 899, 903,
    906, 907, 910, 911, 914, 915, 918, 919, 923, 926, 927, 931, 934, 935, 939,
    942, 943, 947, 951, 955, 958, 959, 962, 963, 966, 967, 970, 971, 975, 979,
    982, 983, 987, 991, 994, 995, 998, 999, 1003, 1006, 1007, 1010, 1011,
    1014, 1015, 1018, 1019, 1022, 1023, 1026, 1027, 1031, 1034, 1035, 1039,
    1043, 1046, 1047, 1051, 1055, 1058, 1059, 1062, 1063, 1066, 1067, 1070,
    1071, 1074, 1075, 1078, 1079, 1082, 1083, 1086, 1087, 1091, 1095, 1098,
    1099, 1103, 1107, 1111, 1115, 1119, 1123, 1126, 1127, 1131, 1135, 1139,
    1142, 1143, 1146, 1147, 1151, 1154, 1155, 1158, 1159, 1162, 1163, 1167,
    1170, 1171, 1175, 1178, 1179, 1183, 1187, 1191, 1194, 1195, 1199, 1202,
    1203, 1206, 1207, 1210, 1211, 1215, 1218, 1219, 1222, 1223, 1226, 1227,
    1231, 1235, 1239, 1242, 1243, 1247, 1250, 1251, 1255, 1258, 1259, 1263,
    1267, 1270, 1271, 1275, 1279, 1282, 1283, 1286, 1287, 1291, 1294, 1295,
    1299, 1302, 1303, 1307, 1310, 1311, 1315, 1319, 1322, 1323, 1327, 1330,
    1331, 1335, 1338, 1339, 1342, 1343, 1346, 1347, 1350, 1351, 1355, 1359,
    1362, 1363, 1367, 1371, 1374, 1375, 1378, 1379, 1383, 1387, 1391, 1395,
    1399, 1403, 1406, 1407, 1411, 1415, 1418, 1419, 1422, 1423, 1427, 1430,
    1431, 1434, 1435, 1438, 1439
[2] 6, 9, 10, 25, 26, 29, 33, 38, 41, 53, 57, 61, 66, 70, 78, 85, 86, 93, 97,
    101, 102, 105, 106, 110, 114, 125, 133, 134, 154, 169, 186, 193, 197, 206,
    209, 225, 230, 234, 237, 238, 241, 245, 262, 266, 273, 290, 294, 301, 306,
    310, 313, 314, 322, 325, 326, 333, 338, 341, 345, 349, 357, 361, 362, 366,
    373, 382, 386, 393, 397, 398, 401, 402, 405, 409, 413, 418, 421, 425, 434,
    437, 442, 445, 461, 462, 469, 481, 490, 493, 513, 514, 518, 522, 534, 538,
    541, 542, 549, 550, 558, 562, 570, 574, 578, 585, 586, 593, 602, 605, 606,
    610, 614, 617, 618, 622, 625, 633, 642, 649, 665, 673, 677, 678, 682, 685,
    686, 701, 702, 717, 718, 721, 725, 729, 733, 746, 749, 753, 754, 758, 761,
    770, 774, 777, 782, 786, 793, 794, 797, 806, 809, 822, 830, 834, 845, 849,
    853, 854, 865, 870, 874, 878, 882, 889, 893, 894, 897, 901, 902, 922, 930,
    933, 937, 938, 945, 946, 950, 954, 957, 969, 973, 974, 978, 985, 986, 990,
    1002, 1005, 1009, 1029, 1030, 1037, 1038, 1041, 1042, 1049, 1050, 1053,
    1054, 1061, 1065, 1085, 1089, 1090, 1094, 1101, 1102, 1105, 1106, 1110,
    1113, 1114, 1117, 1118, 1122, 1130, 1134, 1138, 1145, 1150, 1157, 1166,
    1174, 1181, 1182, 1186, 1189, 1190, 1197, 1198, 1201, 1205, 1213, 1214,
    1217, 1229, 1230, 1234, 1237, 1238, 1245, 1246, 1253, 1254, 1257, 1261,
    1262, 1266, 1274, 1277, 1278, 1290, 1293, 1298, 1301, 1305, 1306, 1309,
    1314, 1318, 1321, 1325, 1326, 1334, 1337, 1345, 1353, 1354, 1358, 1365,
    1366, 1370, 1382, 1386, 1390, 1394, 1397, 1398, 1402, 1405, 1409, 1410,
    1414, 1417, 1425, 1426, 1429, 1433, 1437

Reassigned labels

Runtime: 2.0269033908843994

Performance split_log:

IM without threshold:
Map:
{"L_0": "L", "L_1": "L", "L_2": "L"}
token_fitness
{"perc_fit_traces": 0.0, "average_trace_fitness": 0.831773433583971, "log_fitness": 0.8311238319218772, "percentage_of_fitting_traces": 0.0}
precision
1.0
0.6901408450704225
generalization
0.5360035267598501

Adjusted Rand Index:
0.46428500258417127



Parameters of this run:

Window size: 3
Threshold for edges: 0.5
Split candidates: L
Max number of traces: 5000000
Method for distance calculation: Distance.MULTISET_DISTANCE
Method for finding clusters: ClusteringMethod.COMMUNITY_DETECTION
Original log location: ./data/noImprInLoop_default_OD\feb16-1625\logs\P_1_LogD_Sequence_feb16-1625.xes.gz
Use frequency: True

Found communities: 

Clustering with 1440 elements and 3 clusters
[0] 0, 1, 4, 5, 8, 12, 13, 16, 17, 20, 21, 24, 28, 32, 36, 37, 40, 44, 45, 48,
    49, 52, 56, 60, 64, 65, 68, 69, 72, 73, 76, 77, 80, 81, 84, 88, 89, 92,
    96, 100, 104, 108, 109, 112, 113, 116, 117, 120, 121, 124, 128, 129, 132,
    136, 137, 140, 141, 144, 145, 148, 149, 152, 153, 156, 157, 160, 161, 164,
    165, 168, 172, 173, 176, 177, 180, 181, 184, 185, 188, 189, 192, 196, 200,
    201, 204, 205, 208, 212, 213, 216, 217, 220, 221, 224, 228, 229, 232, 233,
    236, 240, 244, 248, 249, 252, 253, 256, 257, 260, 261, 264, 265, 268, 269,
    272, 276, 277, 280, 281, 284, 285, 288, 289, 292, 293, 296, 297, 300, 304,
    305, 308, 309, 312, 316, 317, 320, 321, 324, 328, 329, 332, 336, 337, 340,
    344, 348, 352, 353, 356, 360, 364, 365, 368, 369, 372, 376, 377, 380, 381,
    384, 385, 388, 389, 392, 396, 400, 404, 408, 412, 416, 417, 420, 424, 428,
    429, 432, 433, 436, 440, 441, 444, 448, 449, 452, 453, 456, 457, 460, 464,
    465, 468, 472, 473, 476, 477, 480, 484, 485, 488, 489, 492, 496, 497, 500,
    501, 504, 505, 508, 509, 512, 516, 517, 520, 521, 524, 525, 528, 529, 532,
    533, 536, 537, 540, 544, 545, 548, 552, 553, 556, 557, 560, 561, 564, 565,
    568, 569, 572, 573, 576, 577, 580, 581, 584, 588, 589, 592, 596, 597, 600,
    601, 604, 608, 609, 612, 613, 616, 620, 621, 624, 628, 629, 632, 636, 637,
    640, 641, 644, 645, 648, 652, 653, 656, 657, 660, 661, 664, 668, 669, 672,
    676, 680, 681, 684, 688, 689, 692, 693, 696, 697, 700, 704, 705, 708, 709,
    712, 713, 716, 720, 724, 728, 732, 736, 737, 740, 741, 744, 745, 748, 752,
    756, 757, 760, 764, 765, 768, 769, 772, 773, 776, 780, 781, 784, 785, 788,
    789, 792, 796, 800, 801, 804, 805, 808, 812, 813, 816, 817, 820, 821, 824,
    825, 828, 829, 832, 833, 836, 837, 840, 841, 844, 848, 852, 856, 857, 860,
    861, 864, 868, 869, 872, 873, 876, 877, 880, 881, 884, 885, 888, 892, 896,
    900, 904, 905, 908, 909, 912, 913, 916, 917, 920, 921, 924, 925, 928, 929,
    932, 936, 940, 941, 944, 948, 949, 952, 953, 956, 960, 961, 964, 965, 968,
    972, 976, 977, 980, 981, 984, 988, 989, 992, 993, 996, 997, 1000, 1001,
    1004, 1008, 1012, 1013, 1016, 1017, 1020, 1021, 1024, 1025, 1028, 1032,
    1033, 1036, 1040, 1044, 1045, 1048, 1052, 1056, 1057, 1060, 1064, 1068,
    1069, 1072, 1073, 1076, 1077, 1080, 1081, 1084, 1088, 1092, 1093, 1096,
    1097, 1100, 1104, 1108, 1109, 1112, 1116, 1120, 1121, 1124, 1125, 1128,
    1129, 1132, 1133, 1136, 1137, 1140, 1141, 1144, 1148, 1149, 1152, 1153,
    1156, 1160, 1161, 1164, 1165, 1168, 1169, 1172, 1173, 1176, 1177, 1180,
    1184, 1185, 1188, 1192, 1193, 1196, 1200, 1204, 1208, 1209, 1212, 1216,
    1220, 1221, 1224, 1225, 1228, 1232, 1233, 1236, 1240, 1241, 1244, 1248,
    1249, 1252, 1256, 1260, 1264, 1265, 1268, 1269, 1272, 1273, 1276, 1280,
    1281, 1284, 1285, 1288, 1289, 1292, 1296, 1297, 1300, 1304, 1308, 1312,
    1313, 1316, 1317, 1320, 1324, 1328, 1329, 1332, 1333, 1336, 1340, 1341,
    1344, 1348, 1349, 1352, 1356, 1357, 1360, 1361, 1364, 1368, 1369, 1372,
    1373, 1376, 1377, 1380, 1381, 1384, 1385, 1388, 1389, 1392, 1393, 1396,
    1400, 1401, 1404, 1408, 1412, 1413, 1416, 1420, 1421, 1424, 1428, 1432,
    1436
[1] 2, 3, 7, 11, 14, 15, 18, 19, 22, 23, 27, 30, 31, 34, 35, 39, 42, 43, 46,
    47, 50, 51, 54, 55, 58, 59, 62, 63, 67, 71, 74, 75, 79, 82, 83, 87, 90,
    91, 94, 95, 98, 99, 103, 107, 111, 115, 118, 119, 122, 123, 126, 127, 130,
    131, 135, 138, 139, 142, 143, 146, 147, 150, 151, 155, 158, 159, 162, 163,
    166, 167, 170, 171, 174, 175, 178, 179, 182, 183, 187, 190, 191, 194, 195,
    198, 199, 202, 203, 207, 210, 211, 214, 215, 218, 219, 222, 223, 226, 227,
    231, 235, 239, 242, 243, 246, 247, 250, 251, 254, 255, 258, 259, 263, 267,
    270, 271, 274, 275, 278, 279, 282, 283, 286, 287, 291, 295, 298, 299, 302,
    303, 307, 311, 315, 318, 319, 323, 327, 330, 331, 334, 335, 339, 342, 343,
    346, 347, 350, 351, 354, 355, 358, 359, 363, 367, 370, 371, 374, 375, 378,
    379, 383, 387, 390, 391, 394, 395, 399, 403, 406, 407, 410, 411, 414, 415,
    419, 422, 423, 426, 427, 430, 431, 435, 438, 439, 443, 446, 447, 450, 451,
    454, 455, 458, 459, 463, 466, 467, 470, 471, 474, 475, 478, 479, 482, 483,
    486, 487, 491, 494, 495, 498, 499, 502, 503, 506, 507, 510, 511, 515, 519,
    523, 526, 527, 530, 531, 535, 539, 543, 546, 547, 551, 554, 555, 559, 563,
    566, 567, 571, 575, 579, 582, 583, 587, 590, 591, 594, 595, 598, 599, 603,
    607, 611, 615, 619, 623, 626, 627, 630, 631, 634, 635, 638, 639, 643, 646,
    647, 650, 651, 654, 655, 658, 659, 662, 663, 666, 667, 670, 671, 674, 675,
    679, 683, 687, 690, 691, 694, 695, 698, 699, 703, 706, 707, 710, 711, 714,
    715, 719, 722, 723, 726, 727, 730, 731, 734, 735, 738, 739, 742, 743, 747,
    750, 751, 755, 759, 762, 763, 766, 767, 771, 775, 778, 779, 783, 787, 790,
    791, 795, 798, 799, 802, 803, 807, 810, 811, 814, 815, 818, 819, 823, 826,
    827, 831, 835, 838, 839, 842, 843, 846, 847, 850, 851, 855, 858, 859, 862,
    863, 866, 867, 871, 875, 879, 883, 886, 887, 890, 891, 895, 898, 899, 903,
    906, 907, 910, 911, 914, 915, 918, 919, 923, 926, 927, 931, 934, 935, 939,
    942, 943, 947, 951, 955, 958, 959, 962, 963, 966, 967, 970, 971, 975, 979,
    982, 983, 987, 991, 994, 995, 998, 999, 1003, 1006, 1007, 1010, 1011,
    1014, 1015, 1018, 1019, 1022, 1023, 1026, 1027, 1031, 1034, 1035, 1039,
    1043, 1046, 1047, 1051, 1055, 1058, 1059, 1062, 1063, 1066, 1067, 1070,
    1071, 1074, 1075, 1078, 1079, 1082, 1083, 1086, 1087, 1091, 1095, 1098,
    1099, 1103, 1107, 1111, 1115, 1119, 1123, 1126, 1127, 1131, 1135, 1139,
    1142, 1143, 1146, 1147, 1151, 1154, 1155, 1158, 1159, 1162, 1163, 1167,
    1170, 1171, 1175, 1178, 1179, 1183, 1187, 1191, 1194, 1195, 1199, 1202,
    1203, 1206, 1207, 1210, 1211, 1215, 1218, 1219, 1222, 1223, 1226, 1227,
    1231, 1235, 1239, 1242, 1243, 1247, 1250, 1251, 1255, 1258, 1259, 1263,
    1267, 1270, 1271, 1275, 1279, 1282, 1283, 1286, 1287, 1291, 1294, 1295,
    1299, 1302, 1303, 1307, 1310, 1311, 1315, 1319, 1322, 1323, 1327, 1330,
    1331, 1335, 1338, 1339, 1342, 1343, 1346, 1347, 1350, 1351, 1355, 1359,
    1362, 1363, 1367, 1371, 1374, 1375, 1378, 1379, 1383, 1387, 1391, 1395,
    1399, 1403, 1406, 1407, 1411, 1415, 1418, 1419, 1422, 1423, 1427, 1430,
    1431, 1434, 1435, 1438, 1439
[2] 6, 9, 10, 25, 26, 29, 33, 38, 41, 53, 57, 61, 66, 70, 78, 85, 86, 93, 97,
    101, 102, 105, 106, 110, 114, 125, 133, 134, 154, 169, 186, 193, 197, 206,
    209, 225, 230, 234, 237, 238, 241, 245, 262, 266, 273, 290, 294, 301, 306,
    310, 313, 314, 322, 325, 326, 333, 338, 341, 345, 349, 357, 361, 362, 366,
    373, 382, 386, 393, 397, 398, 401, 402, 405, 409, 413, 418, 421, 425, 434,
    437, 442, 445, 461, 462, 469, 481, 490, 493, 513, 514, 518, 522, 534, 538,
    541, 542, 549, 550, 558, 562, 570, 574, 578, 585, 586, 593, 602, 605, 606,
    610, 614, 617, 618, 622, 625, 633, 642, 649, 665, 673, 677, 678, 682, 685,
    686, 701, 702, 717, 718, 721, 725, 729, 733, 746, 749, 753, 754, 758, 761,
    770, 774, 777, 782, 786, 793, 794, 797, 806, 809, 822, 830, 834, 845, 849,
    853, 854, 865, 870, 874, 878, 882, 889, 893, 894, 897, 901, 902, 922, 930,
    933, 937, 938, 945, 946, 950, 954, 957, 969, 973, 974, 978, 985, 986, 990,
    1002, 1005, 1009, 1029, 1030, 1037, 1038, 1041, 1042, 1049, 1050, 1053,
    1054, 1061, 1065, 1085, 1089, 1090, 1094, 1101, 1102, 1105, 1106, 1110,
    1113, 1114, 1117, 1118, 1122, 1130, 1134, 1138, 1145, 1150, 1157, 1166,
    1174, 1181, 1182, 1186, 1189, 1190, 1197, 1198, 1201, 1205, 1213, 1214,
    1217, 1229, 1230, 1234, 1237, 1238, 1245, 1246, 1253, 1254, 1257, 1261,
    1262, 1266, 1274, 1277, 1278, 1290, 1293, 1298, 1301, 1305, 1306, 1309,
    1314, 1318, 1321, 1325, 1326, 1334, 1337, 1345, 1353, 1354, 1358, 1365,
    1366, 1370, 1382, 1386, 1390, 1394, 1397, 1398, 1402, 1405, 1409, 1410,
    1414, 1417, 1425, 1426, 1429, 1433, 1437

Reassigned labels

Runtime: 1.8171608448028564

Performance split_log:

IM without threshold:
Map:
{"L_0": "L", "L_1": "L", "L_2": "L"}
token_fitness
{"perc_fit_traces": 0.0, "average_trace_fitness": 0.7748814536340832, "log_fitness": 0.7745231895954078, "percentage_of_fitting_traces": 0.0}
precision
1.0
0.6901408450704225
generalization
0.5360035267598501

Adjusted Rand Index:
0.46428500258417127



Parameters of this run:

Window size: 3
Threshold for edges: 0.75
Split candidates: L
Max number of traces: 5000000
Method for distance calculation: Distance.MULTISET_DISTANCE
Method for finding clusters: ClusteringMethod.COMMUNITY_DETECTION
Original log location: ./data/noImprInLoop_default_OD\feb16-1625\logs\P_1_LogD_Sequence_feb16-1625.xes.gz
Use frequency: True

Found communities: 

Clustering with 1440 elements and 7 clusters
[0] 2, 7, 11, 14, 18, 22, 27, 39, 42, 46, 47, 50, 58, 62, 63, 71, 87, 90, 94,
    95, 111, 146, 150, 155, 158, 159, 166, 167, 170, 174, 178, 182, 183, 190,
    191, 198, 207, 210, 211, 218, 219, 222, 223, 226, 231, 235, 251, 254, 263,
    270, 274, 282, 286, 291, 295, 298, 302, 307, 311, 327, 330, 331, 334, 335,
    342, 346, 347, 363, 367, 374, 387, 394, 399, 403, 410, 411, 414, 422, 423,
    426, 438, 443, 446, 447, 451, 454, 455, 474, 475, 478, 483, 487, 491, 494,
    495, 498, 499, 502, 506, 507, 510, 511, 515, 519, 523, 526, 530, 531, 535,
    539, 543, 546, 551, 554, 559, 563, 566, 571, 579, 582, 583, 587, 590, 594,
    595, 598, 599, 603, 607, 611, 623, 626, 627, 630, 635, 639, 643, 647, 650,
    658, 659, 662, 666, 667, 670, 671, 674, 690, 694, 698, 703, 706, 714, 715,
    726, 730, 750, 755, 759, 766, 778, 790, 795, 798, 799, 802, 810, 811, 819,
    823, 826, 827, 839, 843, 846, 855, 862, 863, 866, 883, 886, 887, 890, 891,
    903, 906, 907, 914, 918, 919, 931, 942, 947, 951, 958, 959, 962, 963, 966,
    967, 975, 982, 983, 987, 998, 1003, 1010, 1011, 1018, 1019, 1022, 1026,
    1034, 1039, 1046, 1047, 1051, 1058, 1062, 1066, 1067, 1070, 1095, 1098,
    1107, 1126, 1127, 1142, 1143, 1147, 1151, 1170, 1175, 1187, 1194, 1199,
    1202, 1207, 1210, 1215, 1218, 1239, 1250, 1251, 1258, 1259, 1267, 1275,
    1279, 1283, 1291, 1310, 1311, 1315, 1330, 1335, 1338, 1346, 1355, 1359,
    1362, 1367, 1371, 1374, 1378, 1379, 1387, 1391, 1403, 1406, 1407, 1411,
    1415, 1423, 1430, 1431, 1434, 1438, 1439
[1] 3, 15, 19, 23, 30, 31, 34, 35, 43, 51, 54, 55, 59, 67, 74, 75, 79, 82, 83,
    91, 98, 99, 103, 107, 115, 118, 119, 122, 123, 126, 127, 130, 131, 135,
    138, 139, 142, 143, 147, 151, 162, 163, 171, 175, 179, 187, 194, 195, 199,
    202, 203, 214, 215, 227, 239, 242, 243, 246, 247, 255, 258, 259, 267, 271,
    275, 278, 279, 283, 287, 299, 303, 315, 318, 319, 323, 339, 343, 350, 351,
    354, 355, 358, 359, 370, 371, 375, 379, 383, 390, 391, 395, 406, 407, 415,
    419, 427, 430, 431, 435, 439, 458, 459, 463, 467, 470, 471, 479, 503, 527,
    547, 555, 567, 575, 591, 615, 619, 631, 651, 654, 655, 663, 675, 679, 683,
    687, 691, 695, 699, 707, 711, 719, 723, 727, 731, 734, 735, 738, 739, 742,
    743, 747, 751, 763, 767, 771, 775, 779, 783, 787, 791, 803, 807, 815, 831,
    835, 847, 850, 851, 858, 859, 867, 871, 875, 879, 895, 899, 910, 911, 915,
    923, 926, 927, 934, 935, 939, 943, 955, 970, 971, 979, 991, 994, 995, 999,
    1006, 1007, 1014, 1015, 1023, 1027, 1031, 1035, 1043, 1055, 1059, 1063,
    1071, 1074, 1075, 1079, 1082, 1083, 1086, 1087, 1091, 1099, 1103, 1111,
    1115, 1119, 1123, 1131, 1135, 1139, 1154, 1155, 1158, 1159, 1162, 1163,
    1167, 1171, 1179, 1183, 1191, 1195, 1203, 1211, 1219, 1222, 1223, 1227,
    1231, 1235, 1243, 1247, 1255, 1263, 1270, 1271, 1286, 1287, 1294, 1295,
    1299, 1303, 1307, 1319, 1322, 1323, 1327, 1331, 1339, 1343, 1347, 1351,
    1363, 1375, 1383, 1395, 1399, 1418, 1419, 1427, 1435
[2] 1, 5, 13, 17, 21, 37, 38, 45, 49, 65, 66, 69, 73, 77, 81, 89, 109, 113,
    114, 117, 121, 129, 137, 141, 145, 149, 153, 157, 161, 165, 173, 177, 181,
    185, 189, 201, 205, 213, 217, 221, 229, 233, 234, 249, 253, 257, 261, 265,
    269, 277, 281, 285, 289, 293, 297, 305, 309, 317, 321, 329, 337, 353, 365,
    369, 377, 381, 385, 389, 417, 429, 433, 441, 449, 453, 457, 465, 473, 477,
    485, 489, 490, 497, 501, 505, 509, 517, 521, 525, 529, 533, 537, 545, 553,
    557, 561, 565, 569, 573, 577, 578, 581, 589, 597, 601, 609, 613, 621, 629,
    637, 641, 645, 653, 657, 661, 669, 681, 689, 693, 697, 705, 709, 713, 737,
    741, 745, 757, 765, 769, 773, 781, 785, 789, 801, 805, 806, 813, 817, 821,
    825, 829, 833, 834, 837, 841, 857, 861, 869, 873, 877, 878, 881, 885, 905,
    909, 913, 917, 921, 925, 929, 941, 949, 953, 961, 965, 977, 981, 989, 990,
    993, 997, 1001, 1013, 1017, 1021, 1025, 1033, 1045, 1057, 1069, 1073,
    1077, 1081, 1093, 1097, 1109, 1121, 1125, 1129, 1133, 1137, 1141, 1149,
    1153, 1161, 1165, 1169, 1173, 1177, 1185, 1193, 1209, 1221, 1225, 1233,
    1241, 1249, 1265, 1269, 1273, 1274, 1281, 1285, 1289, 1297, 1313, 1317,
    1329, 1333, 1341, 1349, 1357, 1361, 1369, 1370, 1373, 1377, 1381, 1385,
    1389, 1393, 1401, 1413, 1421
[3] 0, 4, 12, 16, 20, 36, 44, 48, 64, 68, 72, 76, 80, 88, 108, 112, 116, 120,
    128, 136, 140, 144, 148, 152, 156, 160, 164, 172, 176, 180, 184, 188, 200,
    204, 212, 216, 220, 228, 232, 248, 252, 256, 260, 264, 268, 276, 280, 284,
    288, 292, 296, 304, 308, 316, 320, 328, 336, 352, 364, 368, 376, 380, 384,
    388, 416, 428, 432, 440, 448, 452, 456, 464, 472, 476, 484, 488, 496, 500,
    504, 508, 516, 520, 524, 528, 532, 536, 544, 552, 556, 560, 564, 568, 572,
    576, 580, 588, 596, 600, 608, 612, 620, 628, 636, 640, 644, 652, 656, 660,
    668, 680, 688, 692, 696, 704, 708, 712, 736, 740, 744, 756, 764, 768, 772,
    780, 784, 788, 800, 804, 812, 816, 820, 824, 828, 832, 836, 840, 856, 860,
    868, 872, 876, 880, 884, 904, 908, 912, 916, 920, 924, 928, 940, 948, 952,
    960, 964, 976, 980, 988, 992, 996, 1000, 1012, 1016, 1020, 1024, 1032,
    1044, 1056, 1068, 1072, 1076, 1080, 1092, 1096, 1108, 1120, 1124, 1128,
    1132, 1136, 1140, 1148, 1152, 1160, 1164, 1168, 1172, 1176, 1184, 1192,
    1208, 1220, 1224, 1232, 1240, 1248, 1264, 1268, 1272, 1280, 1284, 1288,
    1296, 1312, 1316, 1328, 1332, 1340, 1348, 1356, 1360, 1368, 1372, 1376,
    1380, 1384, 1388, 1392, 1400, 1412, 1420
[4] 9, 25, 29, 33, 41, 53, 57, 61, 70, 85, 86, 93, 97, 101, 105, 106, 125,
    133, 169, 193, 197, 206, 209, 225, 237, 238, 241, 245, 273, 294, 301, 306,
    310, 313, 314, 325, 326, 333, 341, 345, 349, 357, 361, 362, 373, 386, 393,
    397, 401, 405, 409, 413, 418, 421, 425, 434, 437, 445, 461, 462, 469, 481,
    493, 513, 534, 541, 542, 549, 585, 586, 593, 605, 614, 617, 625, 633, 642,
    649, 665, 673, 677, 678, 682, 685, 686, 701, 717, 721, 725, 729, 733, 746,
    749, 753, 761, 777, 782, 793, 794, 797, 809, 822, 845, 849, 853, 854, 865,
    889, 893, 897, 901, 902, 933, 937, 945, 946, 957, 969, 973, 985, 1005,
    1009, 1029, 1037, 1041, 1049, 1050, 1053, 1054, 1061, 1065, 1085, 1089,
    1090, 1094, 1101, 1105, 1106, 1113, 1117, 1122, 1134, 1138, 1145, 1157,
    1166, 1174, 1181, 1182, 1186, 1189, 1190, 1197, 1201, 1205, 1213, 1214,
    1217, 1229, 1234, 1237, 1238, 1245, 1246, 1253, 1254, 1257, 1261, 1277,
    1278, 1290, 1293, 1301, 1305, 1306, 1309, 1321, 1325, 1337, 1345, 1353,
    1354, 1358, 1365, 1382, 1390, 1397, 1398, 1405, 1409, 1417, 1425, 1426,
    1429, 1433, 1437
[5] 8, 24, 28, 32, 40, 52, 56, 60, 84, 92, 96, 100, 104, 124, 132, 168, 192,
    196, 208, 224, 236, 240, 244, 272, 300, 312, 324, 332, 340, 344, 348, 356,
    360, 372, 392, 396, 400, 404, 408, 412, 420, 424, 436, 444, 460, 468, 480,
    492, 512, 540, 548, 584, 592, 604, 616, 624, 632, 648, 664, 672, 676, 684,
    700, 716, 720, 724, 728, 732, 748, 752, 760, 776, 792, 796, 808, 844, 848,
    852, 864, 888, 892, 896, 900, 932, 936, 944, 956, 968, 972, 984, 1004,
    1008, 1028, 1036, 1040, 1048, 1052, 1060, 1064, 1084, 1088, 1100, 1104,
    1112, 1116, 1144, 1156, 1180, 1188, 1196, 1200, 1204, 1212, 1216, 1228,
    1236, 1244, 1252, 1256, 1260, 1276, 1292, 1300, 1304, 1308, 1320, 1324,
    1336, 1344, 1352, 1364, 1396, 1404, 1408, 1416, 1424, 1428, 1432, 1436
[6] 6, 10, 26, 78, 102, 110, 134, 154, 186, 230, 250, 262, 266, 290, 322, 338,
    366, 378, 382, 398, 402, 442, 450, 466, 482, 486, 514, 518, 522, 538, 550,
    558, 562, 570, 574, 602, 606, 610, 618, 622, 634, 638, 646, 702, 710, 718,
    722, 754, 758, 762, 770, 774, 786, 814, 818, 830, 838, 842, 870, 874, 882,
    894, 898, 922, 930, 938, 950, 954, 974, 978, 986, 1002, 1030, 1038, 1042,
    1078, 1102, 1110, 1114, 1118, 1130, 1146, 1150, 1178, 1198, 1206, 1226,
    1230, 1242, 1262, 1266, 1282, 1298, 1302, 1314, 1318, 1326, 1334, 1342,
    1350, 1366, 1386, 1394, 1402, 1410, 1414, 1422

Reassigned labels

Runtime: 1.504157304763794

Performance split_log:

IM without threshold:
Map:
{"L_0": "L", "L_1": "L", "L_2": "L", "L_3": "L", "L_4": "L", "L_5": "L", "L_6": "L"}
token_fitness
{"perc_fit_traces": 0.0, "average_trace_fitness": 0.8944782815011167, "log_fitness": 0.8926961776807999, "percentage_of_fitting_traces": 0.0}
precision
0.9108468642482043
0.6907216494845361
generalization
0.5954088246380279

Adjusted Rand Index:
0.4496659160207504



Parameters of this run:

Window size: 3
Threshold for edges: 1
Split candidates: L
Max number of traces: 5000000
Method for distance calculation: Distance.MULTISET_DISTANCE
Method for finding clusters: ClusteringMethod.COMMUNITY_DETECTION
Original log location: ./data/noImprInLoop_default_OD\feb16-1625\logs\P_1_LogD_Sequence_feb16-1625.xes.gz
Use frequency: True

Found communities: 

Clustering with 1440 elements and 87 clusters
[ 0] 2, 7, 22, 39, 71, 146, 167, 170, 174, 191, 207, 211, 223, 231, 235, 270,
     286, 302, 327, 335, 363, 387, 403, 411, 426, 495, 523, 535, 546, 551,
     559, 563, 579, 587, 595, 611, 623, 627, 643, 662, 671, 674, 703, 715,
     750, 778, 802, 855, 863, 887, 891, 907, 919, 947, 1011, 1026, 1047, 1062,
     1095, 1127, 1151, 1210, 1267, 1279, 1291, 1315, 1355, 1362, 1367, 1371,
     1387, 1411, 1434
[ 1] 3, 23, 35, 119, 123, 127, 143, 147, 163, 171, 175, 195, 203, 247, 271,
     279, 283, 287, 303, 355, 375, 391, 407, 427, 459, 547, 555, 655, 663,
     675, 707, 727, 731, 735, 743, 751, 767, 779, 791, 803, 851, 971, 995,
     999, 1027, 1063, 1075, 1087, 1155, 1159, 1211, 1223, 1363, 1419, 1435
[ 2] 18, 50, 58, 62, 90, 94, 150, 158, 178, 182, 198, 218, 226, 274, 282, 298,
     330, 346, 374, 438, 446, 454, 474, 478, 498, 502, 506, 510, 530, 554,
     582, 658, 666, 706, 726, 730, 766, 790, 798, 810, 914, 942, 958, 962,
     998, 1022, 1034, 1142, 1202, 1250, 1310, 1378, 1406, 1438
[ 3] 33, 41, 53, 97, 125, 169, 193, 209, 245, 301, 333, 341, 373, 393, 405,
     409, 413, 421, 425, 445, 469, 493, 593, 625, 665, 673, 725, 729, 733,
     749, 777, 809, 849, 889, 969, 1009, 1061, 1065, 1085, 1157, 1257, 1293,
     1405, 1417, 1429, 1433
[ 4] 24, 28, 32, 40, 52, 96, 168, 208, 224, 300, 344, 372, 392, 400, 420, 444,
     592, 624, 632, 664, 672, 700, 724, 732, 776, 796, 844, 864, 888, 932,
     1040, 1064, 1084, 1112, 1156, 1260, 1300, 1324, 1364, 1408, 1416
[ 5] 8, 60, 100, 124, 192, 240, 244, 272, 332, 340, 404, 408, 412, 424, 468,
     492, 548, 604, 716, 720, 728, 748, 760, 808, 848, 892, 896, 936, 968,
     972, 1004, 1008, 1060, 1200, 1204, 1256, 1292, 1336, 1404, 1428, 1432
[ 6] 104, 132, 236, 312, 324, 360, 396, 512, 584, 616, 676, 752, 792, 852,
     944, 984, 1028, 1036, 1048, 1088, 1100, 1116, 1180, 1188, 1196, 1212,
     1228, 1236, 1244, 1252, 1276, 1304, 1352, 1396, 1424
[ 7] 19, 51, 59, 75, 243, 275, 319, 351, 359, 371, 503, 567, 695, 699, 739,
     927, 943, 1007, 1023, 1035, 1059, 1163, 1171, 1203, 1219, 1339, 1375
[ 8] 15, 31, 91, 151, 179, 199, 227, 255, 299, 431, 439, 479, 591, 631, 651,
     847, 859, 867, 911, 915, 935, 1015, 1271, 1287, 1323, 1347
[ 9] 9, 101, 325, 549, 585, 605, 617, 677, 717, 721, 761, 793, 893, 897, 937,
     945, 973, 1037, 1181, 1189, 1197, 1213, 1253, 1277, 1397, 1425
[10] 20, 88, 160, 188, 200, 220, 256, 260, 280, 364, 464, 496, 524, 580, 608,
     620, 628, 812, 872, 976, 1016, 1024, 1152, 1268, 1280
[11] 87, 95, 159, 251, 295, 307, 451, 483, 507, 511, 543, 639, 839, 843, 903,
     959, 1107, 1143, 1147, 1175, 1187, 1251, 1311, 1391, 1439
[12] 291, 311, 399, 443, 491, 515, 571, 603, 755, 759, 795, 823, 931, 987,
     1003, 1039, 1051, 1199, 1215, 1239, 1275, 1335, 1359, 1403, 1415
[13] 103, 187, 379, 619, 679, 711, 719, 723, 787, 835, 871, 895, 923, 939,
     955, 991, 1131, 1139, 1179, 1183, 1235, 1255, 1319, 1383, 1427
[14] 116, 128, 152, 180, 284, 352, 368, 376, 484, 520, 536, 556, 596, 652,
     656, 668, 712, 764, 800, 920, 952, 1020, 1056, 1076, 1096
[15] 67, 79, 135, 239, 315, 323, 383, 435, 467, 615, 683, 771, 775, 831, 875,
     879, 979, 1043, 1115, 1231, 1247, 1263, 1307, 1327, 1343
[16] 21, 117, 129, 161, 189, 201, 221, 257, 281, 285, 353, 497, 525, 597, 653,
     657, 669, 713, 765, 801, 1017, 1025, 1097, 1153
[17] 25, 105, 133, 237, 313, 361, 397, 401, 701, 853, 1041, 1049, 1089, 1113,
     1229, 1237, 1245, 1261, 1301, 1305, 1325, 1353, 1365, 1409
[18] 27, 219, 263, 331, 347, 367, 423, 447, 499, 519, 583, 635, 647, 667, 799,
     819, 827, 883, 963, 983, 1019, 1067, 1283, 1379
[19] 11, 47, 63, 111, 155, 183, 455, 475, 487, 531, 539, 599, 607, 659, 811,
     951, 967, 975, 1207, 1259, 1407, 1423, 1431
[20] 212, 216, 252, 268, 320, 388, 516, 688, 704, 816, 824, 828, 880, 904,
     912, 992, 1012, 1148, 1208, 1220, 1240, 1312, 1376
[21] 0, 120, 164, 228, 328, 476, 588, 644, 768, 772, 856, 860, 960, 980, 996,
     1072, 1080, 1192, 1264, 1340, 1348, 1360
[22] 1, 45, 121, 137, 165, 173, 453, 457, 545, 553, 741, 861, 885, 961, 981,
     997, 1073, 1081, 1125, 1193, 1329, 1361
[23] 56, 84, 92, 196, 348, 356, 436, 460, 480, 540, 648, 684, 900, 956, 1052,
     1104, 1144, 1216, 1308, 1320, 1344, 1436
[24] 81, 141, 145, 213, 217, 269, 277, 389, 529, 661, 689, 705, 789, 825, 905,
     917, 965, 993, 1045, 1069, 1209, 1221
[25] 80, 140, 144, 276, 472, 528, 560, 660, 692, 708, 784, 788, 916, 964,
     1032, 1044, 1068, 1128, 1160, 1224, 1420
[26] 4, 44, 108, 136, 172, 316, 452, 456, 544, 552, 740, 884, 940, 948, 1124,
     1176, 1316, 1328, 1372, 1384
[27] 46, 190, 210, 334, 410, 422, 594, 598, 714, 826, 862, 906, 918, 966, 982,
     1018, 1066, 1126, 1258, 1430
[28] 36, 64, 76, 112, 184, 232, 264, 288, 488, 576, 600, 756, 804, 832, 876,
     988, 1272, 1368, 1392
[29] 42, 166, 222, 342, 394, 414, 494, 526, 626, 670, 690, 886, 890, 1010,
     1046, 1070, 1098, 1194, 1330
[30] 34, 54, 82, 98, 118, 130, 138, 162, 194, 214, 258, 470, 742, 850, 1082,
     1222, 1294
[31] 267, 339, 419, 463, 575, 687, 783, 1031, 1055, 1103, 1111, 1119, 1123,
     1135, 1167, 1299, 1395
[32] 86, 294, 306, 418, 462, 542, 686, 782, 902, 1054, 1106, 1122, 1134, 1166,
     1174, 1186, 1390
[33] 10, 102, 110, 154, 538, 606, 718, 786, 894, 922, 938, 950, 954, 974,
     1130, 1318
[34] 29, 93, 197, 225, 345, 437, 633, 649, 797, 845, 865, 933, 1145, 1309,
     1321, 1345
[35] 68, 308, 336, 380, 532, 568, 572, 612, 640, 680, 744, 820, 1136, 1232,
     1332, 1412
[36] 113, 153, 185, 233, 289, 377, 489, 521, 537, 557, 833, 921, 953, 989,
     1077, 1369
[37] 37, 65, 77, 261, 365, 465, 577, 609, 621, 757, 805, 813, 873, 877, 977,
     1273
[38] 30, 122, 202, 390, 734, 858, 934, 994, 1014, 1074, 1086, 1154, 1158,
     1270, 1418
[39] 26, 262, 322, 366, 518, 770, 774, 830, 874, 882, 978, 1042, 1114, 1262,
     1326
[40] 204, 384, 432, 440, 868, 928, 1000, 1092, 1108, 1288, 1296, 1356, 1380,
     1400
[41] 126, 142, 242, 246, 278, 318, 354, 370, 406, 458, 654, 970, 1006, 1162
[42] 43, 55, 99, 215, 259, 395, 527, 691, 815, 1083, 1195, 1243, 1303, 1351
[43] 57, 61, 241, 273, 349, 357, 481, 957, 1005, 1201, 1205, 1217, 1337, 1437
[44] 83, 131, 139, 343, 415, 471, 763, 899, 1071, 1079, 1099, 1227, 1295, 1331
[45] 48, 176, 304, 416, 428, 508, 564, 780, 836, 840, 924, 1172, 1248
[46] 5, 109, 309, 533, 641, 745, 949, 1137, 1177, 1233, 1317, 1333, 1385
[47] 85, 461, 513, 541, 685, 753, 901, 985, 1029, 1053, 1101, 1105, 1117
[48] 148, 156, 248, 292, 500, 636, 736, 908, 1132, 1140, 1164, 1168, 1184
[49] 38, 66, 114, 234, 490, 578, 806, 834, 878, 990, 1274, 1370
[50] 106, 362, 586, 678, 794, 854, 946, 1050, 1246, 1254, 1306, 1398
[51] 69, 229, 381, 613, 681, 769, 773, 821, 1265, 1341, 1349
[52] 238, 314, 326, 1090, 1182, 1190, 1214, 1238, 1278, 1354, 1426
[53] 205, 321, 433, 517, 829, 881, 929, 1093, 1149, 1241, 1313
[54] 385, 441, 561, 709, 785, 869, 1129, 1225, 1289, 1357, 1381
[55] 12, 16, 72, 296, 448, 504, 696, 1120, 1284, 1388
[56] 70, 310, 534, 614, 642, 682, 746, 822, 1138, 1234
[57] 157, 181, 369, 485, 501, 637, 737, 1021, 1057, 1169
[58] 230, 402, 610, 622, 702, 1150, 1266, 1314, 1366, 1410
[59] 17, 73, 473, 505, 693, 697, 1033, 1161, 1421
[60] 177, 329, 429, 477, 509, 589, 645, 841, 857
[61] 89, 149, 249, 581, 629, 909, 1141, 1269, 1281
[62] 74, 350, 358, 430, 738, 910, 926, 1286, 1322
[63] 13, 253, 297, 449, 817, 913, 1013, 1285, 1377
[64] 250, 450, 634, 646, 818, 842, 1146, 1282
[65] 305, 337, 417, 569, 573, 781, 1173, 1413
[66] 14, 254, 590, 630, 650, 846, 866, 1346
[67] 49, 317, 565, 837, 925, 941, 1249, 1373
[68] 378, 710, 722, 762, 898, 1078, 1178, 1226
[69] 566, 694, 698, 1058, 1170, 1218, 1338, 1374
[70] 107, 115, 747, 807, 1091, 1191, 1399
[71] 265, 293, 601, 1133, 1165, 1185, 1393
[72] 206, 386, 434, 1094, 1290, 1358, 1382
[73] 482, 486, 638, 838, 1206, 1422
[74] 6, 522, 550, 558, 562, 1386
[75] 466, 814, 1242, 1302, 1342, 1350
[76] 1001, 1109, 1121, 1297, 1389, 1401
[77] 78, 602, 758, 1394
[78] 442, 870, 1002, 1298
[79] 514, 618, 1038, 1102
[80] 186, 266, 290
[81] 338, 570, 1334
[82] 930, 1110, 1402
[83] 134, 398, 986
[84] 754, 1030, 1198
[85] 382, 574, 1414
[86] 1118, 1230

Reassigned labels

Runtime: 1.5101394653320312

Performance split_log:

IM without threshold:
Map:
{"L_0": "L", "L_1": "L", "L_2": "L", "L_3": "L", "L_4": "L", "L_5": "L", "L_6": "L", "L_7": "L", "L_8": "L", "L_9": "L", "L_10": "L", "L_11": "L", "L_12": "L", "L_13": "L", "L_14": "L", "L_15": "L", "L_16": "L", "L_17": "L", "L_18": "L", "L_19": "L", "L_20": "L", "L_21": "L", "L_22": "L", "L_23": "L", "L_24": "L", "L_25": "L", "L_26": "L", "L_27": "L", "L_28": "L", "L_29": "L", "L_30": "L", "L_31": "L", "L_32": "L", "L_33": "L", "L_34": "L", "L_35": "L", "L_36": "L", "L_37": "L", "L_38": "L", "L_39": "L", "L_40": "L", "L_41": "L", "L_42": "L", "L_43": "L", "L_44": "L", "L_45": "L", "L_46": "L", "L_47": "L", "L_48": "L", "L_49": "L", "L_50": "L", "L_51": "L", "L_52": "L", "L_53": "L", "L_54": "L", "L_55": "L", "L_56": "L", "L_57": "L", "L_58": "L", "L_59": "L", "L_60": "L", "L_61": "L", "L_62": "L", "L_63": "L", "L_64": "L", "L_65": "L", "L_66": "L", "L_67": "L", "L_68": "L", "L_69": "L", "L_70": "L", "L_71": "L", "L_72": "L", "L_73": "L", "L_74": "L", "L_75": "L", "L_76": "L", "L_77": "L", "L_78": "L", "L_79": "L", "L_80": "L", "L_81": "L", "L_82": "L", "L_83": "L", "L_84": "L", "L_85": "L", "L_86": "L"}
token_fitness
{"perc_fit_traces": 0.0, "average_trace_fitness": 0.8717911195974107, "log_fitness": 0.8782664634410922, "percentage_of_fitting_traces": 0.0}
precision
0.7800312012480499
0.6353591160220995
generalization
0.47227825583535155

Adjusted Rand Index:
0.13682475770782984



Parameters of this run:

Window size: 5
Threshold for edges: 0
Split candidates: L
Max number of traces: 5000000
Method for distance calculation: Distance.EDIT_DISTANCE
Method for finding clusters: ClusteringMethod.COMMUNITY_DETECTION
Original log location: ./data/noImprInLoop_default_OD\feb16-1625\logs\P_1_LogD_Sequence_feb16-1625.xes.gz
Use frequency: True

Found communities: 

Clustering with 1440 elements and 3 clusters
[0] 0, 1, 4, 5, 8, 9, 12, 13, 16, 17, 20, 21, 24, 25, 28, 29, 32, 33, 36, 37,
    38, 40, 41, 44, 45, 48, 49, 52, 53, 56, 57, 60, 61, 64, 65, 66, 68, 69,
    70, 72, 73, 76, 77, 78, 80, 81, 84, 85, 86, 88, 89, 92, 93, 96, 97, 100,
    101, 104, 105, 106, 108, 109, 112, 113, 114, 116, 117, 120, 121, 124, 125,
    128, 129, 132, 133, 134, 136, 137, 140, 141, 144, 145, 148, 149, 152, 153,
    156, 157, 160, 161, 164, 165, 168, 169, 172, 173, 176, 177, 180, 181, 184,
    185, 186, 188, 189, 192, 193, 196, 197, 200, 201, 204, 205, 206, 208, 209,
    212, 213, 216, 217, 220, 221, 224, 225, 228, 229, 232, 233, 234, 236, 237,
    238, 240, 241, 244, 245, 248, 249, 252, 253, 256, 257, 260, 261, 264, 265,
    266, 268, 269, 272, 273, 276, 277, 280, 281, 284, 285, 288, 289, 290, 292,
    293, 294, 296, 297, 300, 301, 304, 305, 306, 308, 309, 310, 312, 313, 314,
    316, 317, 320, 321, 324, 325, 326, 328, 329, 332, 333, 336, 337, 338, 340,
    341, 344, 345, 348, 349, 352, 353, 356, 357, 360, 361, 362, 364, 365, 368,
    369, 372, 373, 376, 377, 380, 381, 382, 384, 385, 386, 388, 389, 392, 393,
    396, 397, 398, 400, 401, 404, 405, 408, 409, 412, 413, 416, 417, 420, 421,
    424, 425, 428, 429, 432, 433, 434, 436, 437, 440, 441, 442, 444, 445, 448,
    449, 452, 453, 456, 457, 460, 461, 464, 465, 468, 469, 472, 473, 476, 477,
    480, 481, 484, 485, 488, 489, 490, 492, 493, 496, 497, 500, 501, 504, 505,
    508, 509, 512, 513, 514, 516, 517, 520, 521, 524, 525, 528, 529, 532, 533,
    534, 536, 537, 540, 541, 542, 544, 545, 548, 549, 552, 553, 556, 557, 560,
    561, 564, 565, 568, 569, 570, 572, 573, 574, 576, 577, 578, 580, 581, 584,
    585, 586, 588, 589, 592, 593, 596, 597, 600, 601, 602, 604, 605, 608, 609,
    612, 613, 614, 616, 617, 618, 620, 621, 624, 625, 628, 629, 632, 633, 636,
    637, 640, 641, 642, 644, 645, 648, 649, 652, 653, 656, 657, 660, 661, 664,
    665, 668, 669, 672, 673, 676, 677, 678, 680, 681, 682, 684, 685, 688, 689,
    692, 693, 696, 697, 700, 701, 704, 705, 708, 709, 712, 713, 716, 717, 720,
    721, 724, 725, 728, 729, 732, 733, 736, 737, 740, 741, 744, 745, 746, 748,
    749, 752, 753, 754, 756, 757, 758, 760, 761, 764, 765, 768, 769, 772, 773,
    776, 777, 780, 781, 784, 785, 788, 789, 792, 793, 794, 796, 797, 800, 801,
    804, 805, 806, 808, 809, 812, 813, 816, 817, 820, 821, 822, 824, 825, 828,
    829, 832, 833, 834, 836, 837, 840, 841, 844, 845, 848, 849, 852, 853, 854,
    856, 857, 860, 861, 864, 865, 868, 869, 870, 872, 873, 876, 877, 878, 880,
    881, 884, 885, 888, 889, 892, 893, 896, 897, 900, 901, 902, 904, 905, 908,
    909, 912, 913, 916, 917, 920, 921, 924, 925, 928, 929, 930, 932, 933, 936,
    937, 940, 941, 944, 945, 946, 948, 949, 952, 953, 956, 957, 960, 961, 964,
    965, 968, 969, 972, 973, 976, 977, 980, 981, 984, 985, 986, 988, 989, 990,
    992, 993, 996, 997, 1000, 1001, 1002, 1004, 1005, 1008, 1009, 1012, 1013,
    1016, 1017, 1020, 1021, 1024, 1025, 1028, 1029, 1030, 1032, 1033, 1036,
    1037, 1038, 1040, 1041, 1044, 1045, 1048, 1049, 1050, 1052, 1053, 1056,
    1057, 1060, 1061, 1064, 1065, 1068, 1069, 1072, 1073, 1076, 1077, 1080,
    1081, 1084, 1085, 1088, 1089, 1090, 1092, 1093, 1094, 1096, 1097, 1100,
    1101, 1102, 1104, 1105, 1106, 1108, 1109, 1110, 1112, 1113, 1116, 1117,
    1118, 1120, 1121, 1124, 1125, 1128, 1129, 1132, 1133, 1136, 1137, 1138,
    1140, 1141, 1144, 1145, 1148, 1149, 1152, 1153, 1156, 1157, 1160, 1161,
    1164, 1165, 1168, 1169, 1172, 1173, 1174, 1176, 1177, 1180, 1181, 1182,
    1184, 1185, 1186, 1188, 1189, 1190, 1192, 1193, 1196, 1197, 1198, 1200,
    1201, 1204, 1205, 1208, 1209, 1212, 1213, 1214, 1216, 1217, 1220, 1221,
    1224, 1225, 1228, 1229, 1230, 1232, 1233, 1234, 1236, 1237, 1238, 1240,
    1241, 1244, 1245, 1246, 1248, 1249, 1252, 1253, 1254, 1256, 1257, 1260,
    1261, 1264, 1265, 1268, 1269, 1272, 1273, 1274, 1276, 1277, 1278, 1280,
    1281, 1284, 1285, 1288, 1289, 1290, 1292, 1293, 1296, 1297, 1298, 1300,
    1301, 1304, 1305, 1306, 1308, 1309, 1312, 1313, 1316, 1317, 1320, 1321,
    1324, 1325, 1328, 1329, 1332, 1333, 1334, 1336, 1337, 1340, 1341, 1344,
    1345, 1348, 1349, 1352, 1353, 1354, 1356, 1357, 1358, 1360, 1361, 1364,
    1365, 1368, 1369, 1370, 1372, 1373, 1376, 1377, 1380, 1381, 1382, 1384,
    1385, 1388, 1389, 1390, 1392, 1393, 1394, 1396, 1397, 1398, 1400, 1401,
    1402, 1404, 1405, 1408, 1409, 1412, 1413, 1414, 1416, 1417, 1420, 1421,
    1424, 1425, 1426, 1428, 1429, 1432, 1433, 1436, 1437
[1] 2, 3, 7, 11, 14, 15, 18, 19, 22, 23, 27, 30, 31, 34, 35, 39, 42, 43, 46,
    47, 50, 51, 54, 55, 58, 59, 62, 63, 67, 71, 74, 75, 79, 82, 83, 87, 90,
    91, 94, 95, 98, 99, 103, 107, 111, 115, 118, 119, 122, 123, 126, 127, 130,
    131, 135, 138, 139, 142, 143, 146, 147, 150, 151, 155, 158, 159, 162, 163,
    166, 167, 170, 171, 174, 175, 178, 179, 182, 183, 187, 190, 191, 194, 195,
    198, 199, 202, 203, 207, 210, 211, 214, 215, 218, 219, 222, 223, 226, 227,
    231, 235, 239, 242, 243, 246, 247, 250, 251, 254, 255, 258, 259, 263, 267,
    270, 271, 274, 275, 278, 279, 282, 283, 286, 287, 291, 295, 298, 299, 302,
    303, 307, 311, 315, 318, 319, 323, 327, 330, 331, 334, 335, 339, 342, 343,
    346, 347, 350, 351, 354, 355, 358, 359, 363, 367, 370, 371, 374, 375, 379,
    383, 387, 390, 391, 394, 395, 399, 403, 406, 407, 410, 411, 414, 415, 419,
    422, 423, 426, 427, 430, 431, 435, 438, 439, 443, 446, 447, 450, 451, 454,
    455, 458, 459, 463, 467, 470, 471, 474, 475, 478, 479, 482, 483, 486, 487,
    491, 494, 495, 498, 499, 502, 503, 506, 507, 510, 511, 515, 519, 523, 526,
    527, 530, 531, 535, 539, 543, 546, 547, 551, 554, 555, 559, 563, 566, 567,
    571, 575, 579, 582, 583, 587, 590, 591, 594, 595, 598, 599, 603, 607, 611,
    615, 619, 623, 626, 627, 630, 631, 634, 635, 638, 639, 643, 646, 647, 650,
    651, 654, 655, 658, 659, 662, 663, 666, 667, 670, 671, 674, 675, 679, 683,
    687, 690, 691, 694, 695, 698, 699, 703, 706, 707, 711, 714, 715, 719, 723,
    726, 727, 730, 731, 734, 735, 738, 739, 742, 743, 747, 750, 751, 755, 759,
    763, 766, 767, 771, 775, 778, 779, 783, 787, 790, 791, 795, 798, 799, 802,
    803, 807, 810, 811, 815, 818, 819, 823, 826, 827, 831, 835, 838, 839, 842,
    843, 846, 847, 850, 851, 855, 858, 859, 862, 863, 866, 867, 871, 875, 879,
    883, 886, 887, 890, 891, 895, 899, 903, 906, 907, 910, 911, 914, 915, 918,
    919, 923, 926, 927, 931, 934, 935, 939, 942, 943, 947, 951, 955, 958, 959,
    962, 963, 966, 967, 970, 971, 975, 979, 982, 983, 987, 991, 994, 995, 998,
    999, 1003, 1006, 1007, 1010, 1011, 1014, 1015, 1018, 1019, 1022, 1023,
    1026, 1027, 1031, 1034, 1035, 1039, 1043, 1046, 1047, 1051, 1055, 1058,
    1059, 1062, 1063, 1066, 1067, 1070, 1071, 1074, 1075, 1079, 1082, 1083,
    1086, 1087, 1091, 1095, 1098, 1099, 1103, 1107, 1111, 1115, 1119, 1123,
    1126, 1127, 1131, 1135, 1139, 1142, 1143, 1146, 1147, 1151, 1154, 1155,
    1158, 1159, 1162, 1163, 1167, 1170, 1171, 1175, 1179, 1183, 1187, 1191,
    1194, 1195, 1199, 1202, 1203, 1206, 1207, 1210, 1211, 1215, 1218, 1219,
    1222, 1223, 1227, 1231, 1235, 1239, 1243, 1247, 1250, 1251, 1255, 1258,
    1259, 1263, 1267, 1270, 1271, 1275, 1279, 1282, 1283, 1286, 1287, 1291,
    1294, 1295, 1299, 1303, 1307, 1310, 1311, 1315, 1319, 1322, 1323, 1327,
    1330, 1331, 1335, 1338, 1339, 1343, 1346, 1347, 1351, 1355, 1359, 1362,
    1363, 1367, 1371, 1374, 1375, 1378, 1379, 1383, 1387, 1391, 1395, 1399,
    1403, 1406, 1407, 1411, 1415, 1418, 1419, 1422, 1423, 1427, 1430, 1431,
    1434, 1435, 1438, 1439
[2] 6, 10, 26, 102, 110, 154, 230, 262, 322, 366, 378, 402, 418, 462, 466,
    518, 522, 538, 550, 558, 562, 606, 610, 622, 686, 702, 710, 718, 722, 762,
    770, 774, 782, 786, 814, 830, 874, 882, 894, 898, 922, 938, 950, 954, 974,
    978, 1042, 1054, 1078, 1114, 1122, 1130, 1134, 1150, 1166, 1178, 1226,
    1242, 1262, 1266, 1302, 1314, 1318, 1326, 1342, 1350, 1366, 1386, 1410

Reassigned labels

Runtime: 2.3910303115844727

Performance split_log:

IM without threshold:
Map:
{"L_0": "L", "L_1": "L", "L_2": "L"}
token_fitness
{"perc_fit_traces": 0.0, "average_trace_fitness": 0.77370707606807, "log_fitness": 0.776245405978666, "percentage_of_fitting_traces": 0.0}
precision
0.760249340685687
0.6875
generalization
0.7393131518647127

Adjusted Rand Index:
0.390869401612465



Parameters of this run:

Window size: 5
Threshold for edges: 0.25
Split candidates: L
Max number of traces: 5000000
Method for distance calculation: Distance.EDIT_DISTANCE
Method for finding clusters: ClusteringMethod.COMMUNITY_DETECTION
Original log location: ./data/noImprInLoop_default_OD\feb16-1625\logs\P_1_LogD_Sequence_feb16-1625.xes.gz
Use frequency: True

Found communities: 

Clustering with 1440 elements and 3 clusters
[0] 0, 1, 4, 5, 8, 9, 12, 13, 16, 17, 20, 21, 24, 25, 28, 29, 32, 33, 36, 37,
    38, 40, 41, 44, 45, 48, 49, 52, 53, 56, 57, 60, 61, 64, 65, 66, 68, 69,
    70, 72, 73, 76, 77, 78, 80, 81, 84, 85, 86, 88, 89, 92, 93, 96, 97, 100,
    101, 104, 105, 106, 108, 109, 112, 113, 114, 116, 117, 120, 121, 124, 125,
    128, 129, 132, 133, 134, 136, 137, 140, 141, 144, 145, 148, 149, 152, 153,
    156, 157, 160, 161, 164, 165, 168, 169, 172, 173, 176, 177, 180, 181, 184,
    185, 186, 188, 189, 192, 193, 196, 197, 200, 201, 204, 205, 206, 208, 209,
    212, 213, 216, 217, 220, 221, 224, 225, 228, 229, 232, 233, 234, 236, 237,
    238, 240, 241, 244, 245, 248, 249, 252, 253, 256, 257, 260, 261, 264, 265,
    266, 268, 269, 272, 273, 276, 277, 280, 281, 284, 285, 288, 289, 290, 292,
    293, 294, 296, 297, 300, 301, 304, 305, 306, 308, 309, 310, 312, 313, 314,
    316, 317, 320, 321, 324, 325, 326, 328, 329, 332, 333, 336, 337, 338, 340,
    341, 344, 345, 348, 349, 352, 353, 356, 357, 360, 361, 362, 364, 365, 368,
    369, 372, 373, 376, 377, 380, 381, 382, 384, 385, 386, 388, 389, 392, 393,
    396, 397, 398, 400, 401, 404, 405, 408, 409, 412, 413, 416, 417, 418, 420,
    421, 424, 425, 428, 429, 432, 433, 434, 436, 437, 440, 441, 442, 444, 445,
    448, 449, 452, 453, 456, 457, 460, 461, 462, 464, 465, 468, 469, 472, 473,
    476, 477, 480, 481, 484, 485, 488, 489, 490, 492, 493, 496, 497, 500, 501,
    504, 505, 508, 509, 512, 513, 514, 516, 517, 520, 521, 524, 525, 528, 529,
    532, 533, 534, 536, 537, 540, 541, 542, 544, 545, 548, 549, 552, 553, 556,
    557, 560, 561, 564, 565, 568, 569, 570, 572, 573, 574, 576, 577, 578, 580,
    581, 584, 585, 586, 588, 589, 592, 593, 596, 597, 600, 601, 602, 604, 605,
    608, 609, 612, 613, 614, 616, 617, 618, 620, 621, 624, 625, 628, 629, 632,
    633, 636, 637, 640, 641, 642, 644, 645, 648, 649, 652, 653, 656, 657, 660,
    661, 664, 665, 668, 669, 672, 673, 676, 677, 678, 680, 681, 682, 684, 685,
    686, 688, 689, 692, 693, 696, 697, 700, 701, 704, 705, 708, 709, 712, 713,
    716, 717, 720, 721, 724, 725, 728, 729, 732, 733, 736, 737, 740, 741, 744,
    745, 746, 748, 749, 752, 753, 754, 756, 757, 758, 760, 761, 764, 765, 768,
    769, 772, 773, 776, 777, 780, 781, 782, 784, 785, 788, 789, 792, 793, 794,
    796, 797, 800, 801, 804, 805, 806, 808, 809, 812, 813, 816, 817, 820, 821,
    822, 824, 825, 828, 829, 832, 833, 834, 836, 837, 840, 841, 844, 845, 848,
    849, 852, 853, 854, 856, 857, 860, 861, 864, 865, 868, 869, 870, 872, 873,
    876, 877, 878, 880, 881, 884, 885, 888, 889, 892, 893, 896, 897, 900, 901,
    902, 904, 905, 908, 909, 912, 913, 916, 917, 920, 921, 924, 925, 928, 929,
    930, 932, 933, 936, 937, 940, 941, 944, 945, 946, 948, 949, 952, 953, 956,
    957, 960, 961, 964, 965, 968, 969, 972, 973, 976, 977, 980, 981, 984, 985,
    986, 988, 989, 990, 992, 993, 996, 997, 1000, 1001, 1002, 1004, 1005,
    1008, 1009, 1012, 1013, 1016, 1017, 1020, 1021, 1024, 1025, 1028, 1029,
    1030, 1032, 1033, 1036, 1037, 1038, 1040, 1041, 1044, 1045, 1048, 1049,
    1050, 1052, 1053, 1054, 1056, 1057, 1060, 1061, 1064, 1065, 1068, 1069,
    1072, 1073, 1076, 1077, 1080, 1081, 1084, 1085, 1088, 1089, 1090, 1092,
    1093, 1094, 1096, 1097, 1100, 1101, 1102, 1104, 1105, 1106, 1108, 1109,
    1110, 1112, 1113, 1116, 1117, 1118, 1120, 1121, 1122, 1124, 1125, 1128,
    1129, 1132, 1133, 1134, 1136, 1137, 1138, 1140, 1141, 1144, 1145, 1148,
    1149, 1152, 1153, 1156, 1157, 1160, 1161, 1164, 1165, 1166, 1168, 1169,
    1172, 1173, 1174, 1176, 1177, 1180, 1181, 1182, 1184, 1185, 1186, 1188,
    1189, 1190, 1192, 1193, 1196, 1197, 1198, 1200, 1201, 1204, 1205, 1208,
    1209, 1212, 1213, 1214, 1216, 1217, 1220, 1221, 1224, 1225, 1228, 1229,
    1230, 1232, 1233, 1234, 1236, 1237, 1238, 1240, 1241, 1244, 1245, 1246,
    1248, 1249, 1252, 1253, 1254, 1256, 1257, 1260, 1261, 1264, 1265, 1268,
    1269, 1272, 1273, 1274, 1276, 1277, 1278, 1280, 1281, 1284, 1285, 1288,
    1289, 1290, 1292, 1293, 1296, 1297, 1298, 1300, 1301, 1304, 1305, 1306,
    1308, 1309, 1312, 1313, 1316, 1317, 1320, 1321, 1324, 1325, 1328, 1329,
    1332, 1333, 1334, 1336, 1337, 1340, 1341, 1344, 1345, 1348, 1349, 1352,
    1353, 1354, 1356, 1357, 1358, 1360, 1361, 1364, 1365, 1368, 1369, 1370,
    1372, 1373, 1376, 1377, 1380, 1381, 1382, 1384, 1385, 1388, 1389, 1390,
    1392, 1393, 1394, 1396, 1397, 1398, 1400, 1401, 1402, 1404, 1405, 1408,
    1409, 1412, 1413, 1414, 1416, 1417, 1420, 1421, 1424, 1425, 1426, 1428,
    1429, 1432, 1433, 1436, 1437
[1] 2, 3, 7, 11, 14, 15, 18, 19, 22, 23, 27, 30, 31, 34, 35, 39, 42, 43, 46,
    47, 50, 51, 54, 55, 58, 59, 62, 63, 67, 71, 74, 75, 79, 82, 83, 87, 90,
    91, 94, 95, 98, 99, 103, 107, 111, 115, 118, 119, 122, 123, 126, 127, 130,
    131, 135, 138, 139, 142, 143, 146, 147, 150, 151, 155, 158, 159, 162, 163,
    166, 167, 170, 171, 174, 175, 178, 179, 182, 183, 187, 190, 191, 194, 195,
    198, 199, 202, 203, 207, 210, 211, 214, 215, 218, 219, 222, 223, 226, 227,
    231, 235, 239, 242, 243, 246, 247, 250, 251, 254, 255, 258, 259, 263, 267,
    270, 271, 274, 275, 278, 279, 282, 283, 286, 287, 291, 295, 298, 299, 302,
    303, 307, 311, 315, 318, 319, 323, 327, 330, 331, 334, 335, 339, 342, 343,
    346, 347, 350, 351, 354, 355, 358, 359, 363, 367, 370, 371, 374, 375, 379,
    383, 387, 390, 391, 394, 395, 399, 403, 406, 407, 410, 411, 414, 415, 419,
    422, 423, 426, 427, 430, 431, 435, 438, 439, 443, 446, 447, 450, 451, 454,
    455, 458, 459, 463, 467, 470, 471, 474, 475, 478, 479, 482, 483, 486, 487,
    491, 494, 495, 498, 499, 502, 503, 506, 507, 510, 511, 515, 519, 523, 526,
    527, 530, 531, 535, 539, 543, 546, 547, 551, 554, 555, 559, 563, 566, 567,
    571, 575, 579, 582, 583, 587, 590, 591, 594, 595, 598, 599, 603, 607, 611,
    615, 619, 623, 626, 627, 630, 631, 634, 635, 638, 639, 643, 646, 647, 650,
    651, 654, 655, 658, 659, 662, 663, 666, 667, 670, 671, 674, 675, 679, 683,
    687, 690, 691, 694, 695, 698, 699, 703, 706, 707, 711, 714, 715, 719, 723,
    726, 727, 730, 731, 734, 735, 738, 739, 742, 743, 747, 750, 751, 755, 759,
    763, 766, 767, 771, 775, 778, 779, 783, 787, 790, 791, 795, 798, 799, 802,
    803, 807, 810, 811, 815, 818, 819, 823, 826, 827, 831, 835, 838, 839, 842,
    843, 846, 847, 850, 851, 855, 858, 859, 862, 863, 866, 867, 871, 875, 879,
    883, 886, 887, 890, 891, 895, 899, 903, 906, 907, 910, 911, 914, 915, 918,
    919, 923, 926, 927, 931, 934, 935, 939, 942, 943, 947, 951, 955, 958, 959,
    962, 963, 966, 967, 970, 971, 975, 979, 982, 983, 987, 991, 994, 995, 998,
    999, 1003, 1006, 1007, 1010, 1011, 1014, 1015, 1018, 1019, 1022, 1023,
    1026, 1027, 1031, 1034, 1035, 1039, 1043, 1046, 1047, 1051, 1055, 1058,
    1059, 1062, 1063, 1066, 1067, 1070, 1071, 1074, 1075, 1079, 1082, 1083,
    1086, 1087, 1091, 1095, 1098, 1099, 1103, 1107, 1111, 1115, 1119, 1123,
    1126, 1127, 1131, 1135, 1139, 1142, 1143, 1146, 1147, 1151, 1154, 1155,
    1158, 1159, 1162, 1163, 1167, 1170, 1171, 1175, 1179, 1183, 1187, 1191,
    1194, 1195, 1199, 1202, 1203, 1206, 1207, 1210, 1211, 1215, 1218, 1219,
    1222, 1223, 1227, 1231, 1235, 1239, 1243, 1247, 1250, 1251, 1255, 1258,
    1259, 1263, 1267, 1270, 1271, 1275, 1279, 1282, 1283, 1286, 1287, 1291,
    1294, 1295, 1299, 1303, 1307, 1310, 1311, 1315, 1319, 1322, 1323, 1327,
    1330, 1331, 1335, 1338, 1339, 1343, 1346, 1347, 1351, 1355, 1359, 1362,
    1363, 1367, 1371, 1374, 1375, 1378, 1379, 1383, 1387, 1391, 1395, 1399,
    1403, 1406, 1407, 1411, 1415, 1418, 1419, 1422, 1423, 1427, 1430, 1431,
    1434, 1435, 1438, 1439
[2] 6, 10, 26, 102, 110, 154, 230, 262, 322, 366, 378, 402, 466, 518, 522,
    538, 550, 558, 562, 606, 610, 622, 702, 710, 718, 722, 762, 770, 774, 786,
    814, 830, 874, 882, 894, 898, 922, 938, 950, 954, 974, 978, 1042, 1078,
    1114, 1130, 1150, 1178, 1226, 1242, 1262, 1266, 1302, 1314, 1318, 1326,
    1342, 1350, 1366, 1386, 1410

Reassigned labels

Runtime: 2.055468797683716

Performance split_log:

IM without threshold:
Map:
{"L_0": "L", "L_1": "L", "L_2": "L"}
token_fitness
{"perc_fit_traces": 0.0, "average_trace_fitness": 0.77370707606807, "log_fitness": 0.776245405978666, "percentage_of_fitting_traces": 0.0}
precision
0.760249340685687
0.6875
generalization
0.7393131518647127

Adjusted Rand Index:
0.3836193575761363



Parameters of this run:

Window size: 5
Threshold for edges: 0.5
Split candidates: L
Max number of traces: 5000000
Method for distance calculation: Distance.EDIT_DISTANCE
Method for finding clusters: ClusteringMethod.COMMUNITY_DETECTION
Original log location: ./data/noImprInLoop_default_OD\feb16-1625\logs\P_1_LogD_Sequence_feb16-1625.xes.gz
Use frequency: True

Found communities: 

Clustering with 1440 elements and 3 clusters
[0] 0, 1, 4, 5, 8, 9, 12, 13, 16, 17, 20, 21, 24, 25, 28, 29, 32, 33, 36, 37,
    38, 40, 41, 44, 45, 48, 49, 52, 53, 56, 57, 60, 61, 64, 65, 66, 68, 69,
    70, 72, 73, 76, 77, 78, 80, 81, 84, 85, 86, 88, 89, 92, 93, 96, 97, 100,
    101, 104, 105, 106, 108, 109, 112, 113, 114, 116, 117, 120, 121, 124, 125,
    128, 129, 132, 133, 134, 136, 137, 140, 141, 144, 145, 148, 149, 152, 153,
    156, 157, 160, 161, 164, 165, 168, 169, 172, 173, 176, 177, 180, 181, 184,
    185, 186, 188, 189, 192, 193, 196, 197, 200, 201, 204, 205, 206, 208, 209,
    212, 213, 216, 217, 220, 221, 224, 225, 228, 229, 232, 233, 234, 236, 237,
    238, 240, 241, 244, 245, 248, 249, 252, 253, 256, 257, 260, 261, 264, 265,
    266, 268, 269, 272, 273, 276, 277, 280, 281, 284, 285, 288, 289, 290, 292,
    293, 294, 296, 297, 300, 301, 304, 305, 306, 308, 309, 310, 312, 313, 314,
    316, 317, 320, 321, 324, 325, 326, 328, 329, 332, 333, 336, 337, 338, 340,
    341, 344, 345, 348, 349, 352, 353, 356, 357, 360, 361, 362, 364, 365, 368,
    369, 372, 373, 376, 377, 380, 381, 382, 384, 385, 386, 388, 389, 392, 393,
    396, 397, 398, 400, 401, 404, 405, 408, 409, 412, 413, 416, 417, 418, 420,
    421, 424, 425, 428, 429, 432, 433, 434, 436, 437, 440, 441, 442, 444, 445,
    448, 449, 452, 453, 456, 457, 460, 461, 462, 464, 465, 468, 469, 472, 473,
    476, 477, 480, 481, 484, 485, 488, 489, 490, 492, 493, 496, 497, 500, 501,
    504, 505, 508, 509, 512, 513, 514, 516, 517, 520, 521, 524, 525, 528, 529,
    532, 533, 534, 536, 537, 540, 541, 542, 544, 545, 548, 549, 552, 553, 556,
    557, 560, 561, 564, 565, 568, 569, 570, 572, 573, 574, 576, 577, 578, 580,
    581, 584, 585, 586, 588, 589, 592, 593, 596, 597, 600, 601, 602, 604, 605,
    608, 609, 612, 613, 614, 616, 617, 618, 620, 621, 624, 625, 628, 629, 632,
    633, 636, 637, 640, 641, 642, 644, 645, 648, 649, 652, 653, 656, 657, 660,
    661, 664, 665, 668, 669, 672, 673, 676, 677, 678, 680, 681, 682, 684, 685,
    686, 688, 689, 692, 693, 696, 697, 700, 701, 704, 705, 708, 709, 712, 713,
    716, 717, 720, 721, 724, 725, 728, 729, 732, 733, 736, 737, 740, 741, 744,
    745, 746, 748, 749, 752, 753, 754, 756, 757, 758, 760, 761, 764, 765, 768,
    769, 772, 773, 776, 777, 780, 781, 782, 784, 785, 788, 789, 792, 793, 794,
    796, 797, 800, 801, 804, 805, 806, 808, 809, 812, 813, 816, 817, 820, 821,
    822, 824, 825, 828, 829, 832, 833, 834, 836, 837, 840, 841, 844, 845, 848,
    849, 852, 853, 854, 856, 857, 860, 861, 864, 865, 868, 869, 870, 872, 873,
    876, 877, 878, 880, 881, 884, 885, 888, 889, 892, 893, 896, 897, 900, 901,
    902, 904, 905, 908, 909, 912, 913, 916, 917, 920, 921, 924, 925, 928, 929,
    930, 932, 933, 936, 937, 940, 941, 944, 945, 946, 948, 949, 952, 953, 956,
    957, 960, 961, 964, 965, 968, 969, 972, 973, 976, 977, 980, 981, 984, 985,
    986, 988, 989, 990, 992, 993, 996, 997, 1000, 1001, 1002, 1004, 1005,
    1008, 1009, 1012, 1013, 1016, 1017, 1020, 1021, 1024, 1025, 1028, 1029,
    1030, 1032, 1033, 1036, 1037, 1038, 1040, 1041, 1044, 1045, 1048, 1049,
    1050, 1052, 1053, 1054, 1056, 1057, 1060, 1061, 1064, 1065, 1068, 1069,
    1072, 1073, 1076, 1077, 1080, 1081, 1084, 1085, 1088, 1089, 1090, 1092,
    1093, 1094, 1096, 1097, 1100, 1101, 1102, 1104, 1105, 1106, 1108, 1109,
    1110, 1112, 1113, 1116, 1117, 1118, 1120, 1121, 1122, 1124, 1125, 1128,
    1129, 1132, 1133, 1134, 1136, 1137, 1138, 1140, 1141, 1144, 1145, 1148,
    1149, 1152, 1153, 1156, 1157, 1160, 1161, 1164, 1165, 1166, 1168, 1169,
    1172, 1173, 1174, 1176, 1177, 1180, 1181, 1182, 1184, 1185, 1186, 1188,
    1189, 1190, 1192, 1193, 1196, 1197, 1198, 1200, 1201, 1204, 1205, 1208,
    1209, 1212, 1213, 1214, 1216, 1217, 1220, 1221, 1224, 1225, 1228, 1229,
    1230, 1232, 1233, 1234, 1236, 1237, 1238, 1240, 1241, 1244, 1245, 1246,
    1248, 1249, 1252, 1253, 1254, 1256, 1257, 1260, 1261, 1264, 1265, 1268,
    1269, 1272, 1273, 1274, 1276, 1277, 1278, 1280, 1281, 1284, 1285, 1288,
    1289, 1290, 1292, 1293, 1296, 1297, 1298, 1300, 1301, 1304, 1305, 1306,
    1308, 1309, 1312, 1313, 1316, 1317, 1320, 1321, 1324, 1325, 1328, 1329,
    1332, 1333, 1334, 1336, 1337, 1340, 1341, 1344, 1345, 1348, 1349, 1352,
    1353, 1354, 1356, 1357, 1358, 1360, 1361, 1364, 1365, 1368, 1369, 1370,
    1372, 1373, 1376, 1377, 1380, 1381, 1382, 1384, 1385, 1388, 1389, 1390,
    1392, 1393, 1394, 1396, 1397, 1398, 1400, 1401, 1402, 1404, 1405, 1408,
    1409, 1412, 1413, 1414, 1416, 1417, 1420, 1421, 1424, 1425, 1426, 1428,
    1429, 1432, 1433, 1436, 1437
[1] 2, 3, 7, 11, 14, 15, 18, 19, 22, 23, 27, 30, 31, 34, 35, 39, 42, 43, 46,
    47, 50, 51, 54, 55, 58, 59, 62, 63, 67, 71, 74, 75, 79, 82, 83, 87, 90,
    91, 94, 95, 98, 99, 103, 107, 111, 115, 118, 119, 122, 123, 126, 127, 130,
    131, 135, 138, 139, 142, 143, 146, 147, 150, 151, 155, 158, 159, 162, 163,
    166, 167, 170, 171, 174, 175, 178, 179, 182, 183, 187, 190, 191, 194, 195,
    198, 199, 202, 203, 207, 210, 211, 214, 215, 218, 219, 222, 223, 226, 227,
    231, 235, 239, 242, 243, 246, 247, 250, 251, 254, 255, 258, 259, 263, 267,
    270, 271, 274, 275, 278, 279, 282, 283, 286, 287, 291, 295, 298, 299, 302,
    303, 307, 311, 315, 318, 319, 323, 327, 330, 331, 334, 335, 339, 342, 343,
    346, 347, 350, 351, 354, 355, 358, 359, 363, 367, 370, 371, 374, 375, 379,
    383, 387, 390, 391, 394, 395, 399, 403, 406, 407, 410, 411, 414, 415, 419,
    422, 423, 426, 427, 430, 431, 435, 438, 439, 443, 446, 447, 450, 451, 454,
    455, 458, 459, 463, 467, 470, 471, 474, 475, 478, 479, 482, 483, 486, 487,
    491, 494, 495, 498, 499, 502, 503, 506, 507, 510, 511, 515, 519, 523, 526,
    527, 530, 531, 535, 539, 543, 546, 547, 551, 554, 555, 559, 563, 566, 567,
    571, 575, 579, 582, 583, 587, 590, 591, 594, 595, 598, 599, 603, 607, 611,
    615, 619, 623, 626, 627, 630, 631, 634, 635, 638, 639, 643, 646, 647, 650,
    651, 654, 655, 658, 659, 662, 663, 666, 667, 670, 671, 674, 675, 679, 683,
    687, 690, 691, 694, 695, 698, 699, 703, 706, 707, 711, 714, 715, 719, 723,
    726, 727, 730, 731, 734, 735, 738, 739, 742, 743, 747, 750, 751, 755, 759,
    763, 766, 767, 771, 775, 778, 779, 783, 787, 790, 791, 795, 798, 799, 802,
    803, 807, 810, 811, 815, 818, 819, 823, 826, 827, 831, 835, 838, 839, 842,
    843, 846, 847, 850, 851, 855, 858, 859, 862, 863, 866, 867, 871, 875, 879,
    883, 886, 887, 890, 891, 895, 899, 903, 906, 907, 910, 911, 914, 915, 918,
    919, 923, 926, 927, 931, 934, 935, 939, 942, 943, 947, 951, 955, 958, 959,
    962, 963, 966, 967, 970, 971, 975, 979, 982, 983, 987, 991, 994, 995, 998,
    999, 1003, 1006, 1007, 1010, 1011, 1014, 1015, 1018, 1019, 1022, 1023,
    1026, 1027, 1031, 1034, 1035, 1039, 1043, 1046, 1047, 1051, 1055, 1058,
    1059, 1062, 1063, 1066, 1067, 1070, 1071, 1074, 1075, 1079, 1082, 1083,
    1086, 1087, 1091, 1095, 1098, 1099, 1103, 1107, 1111, 1115, 1119, 1123,
    1126, 1127, 1131, 1135, 1139, 1142, 1143, 1146, 1147, 1151, 1154, 1155,
    1158, 1159, 1162, 1163, 1167, 1170, 1171, 1175, 1179, 1183, 1187, 1191,
    1194, 1195, 1199, 1202, 1203, 1206, 1207, 1210, 1211, 1215, 1218, 1219,
    1222, 1223, 1227, 1231, 1235, 1239, 1243, 1247, 1250, 1251, 1255, 1258,
    1259, 1263, 1267, 1270, 1271, 1275, 1279, 1282, 1283, 1286, 1287, 1291,
    1294, 1295, 1299, 1303, 1307, 1310, 1311, 1315, 1319, 1322, 1323, 1327,
    1330, 1331, 1335, 1338, 1339, 1343, 1346, 1347, 1351, 1355, 1359, 1362,
    1363, 1367, 1371, 1374, 1375, 1378, 1379, 1383, 1387, 1391, 1395, 1399,
    1403, 1406, 1407, 1411, 1415, 1418, 1419, 1422, 1423, 1427, 1430, 1431,
    1434, 1435, 1438, 1439
[2] 6, 10, 26, 102, 110, 154, 230, 262, 322, 366, 378, 402, 466, 518, 522,
    538, 550, 558, 562, 606, 610, 622, 702, 710, 718, 722, 762, 770, 774, 786,
    814, 830, 874, 882, 894, 898, 922, 938, 950, 954, 974, 978, 1042, 1078,
    1114, 1130, 1150, 1178, 1226, 1242, 1262, 1266, 1302, 1314, 1318, 1326,
    1342, 1350, 1366, 1386, 1410

Reassigned labels

Runtime: 1.9390010833740234

Performance split_log:

IM without threshold:
Map:
{"L_0": "L", "L_1": "L", "L_2": "L"}
token_fitness
{"perc_fit_traces": 0.0, "average_trace_fitness": 0.9083382067701208, "log_fitness": 0.9086978339690026, "percentage_of_fitting_traces": 0.0}
precision
0.760249340685687
0.6875
generalization
0.8265184102724595

Adjusted Rand Index:
0.3836193575761363



Parameters of this run:

Window size: 5
Threshold for edges: 0.75
Split candidates: L
Max number of traces: 5000000
Method for distance calculation: Distance.EDIT_DISTANCE
Method for finding clusters: ClusteringMethod.COMMUNITY_DETECTION
Original log location: ./data/noImprInLoop_default_OD\feb16-1625\logs\P_1_LogD_Sequence_feb16-1625.xes.gz
Use frequency: True

Found communities: 

Clustering with 1440 elements and 7 clusters
[0] 7, 11, 18, 27, 30, 34, 39, 43, 47, 50, 54, 55, 58, 62, 63, 71, 74, 82, 83,
    87, 90, 94, 95, 98, 99, 107, 111, 115, 118, 122, 126, 130, 131, 138, 139,
    142, 150, 155, 158, 159, 162, 167, 178, 182, 183, 191, 194, 198, 202, 207,
    211, 214, 215, 218, 219, 223, 226, 231, 235, 242, 246, 251, 258, 259, 263,
    274, 278, 282, 291, 295, 298, 307, 311, 318, 327, 330, 331, 335, 343, 346,
    347, 350, 354, 358, 363, 367, 370, 374, 387, 390, 395, 399, 403, 406, 411,
    415, 423, 430, 438, 443, 446, 447, 451, 454, 455, 458, 470, 471, 474, 475,
    478, 483, 487, 491, 495, 498, 499, 502, 506, 507, 510, 511, 515, 519, 523,
    527, 530, 531, 535, 539, 543, 551, 554, 559, 563, 571, 579, 582, 583, 587,
    595, 599, 603, 607, 611, 623, 627, 635, 639, 643, 647, 654, 658, 659, 666,
    667, 671, 691, 703, 706, 715, 726, 730, 734, 738, 742, 747, 755, 759, 763,
    766, 790, 795, 798, 799, 807, 810, 811, 815, 819, 823, 827, 839, 843, 850,
    855, 858, 863, 883, 887, 891, 899, 903, 907, 910, 914, 919, 926, 931, 934,
    942, 947, 951, 958, 959, 962, 963, 967, 970, 975, 983, 987, 994, 998,
    1003, 1006, 1011, 1014, 1019, 1022, 1034, 1039, 1047, 1051, 1067, 1071,
    1074, 1079, 1082, 1083, 1086, 1091, 1095, 1099, 1107, 1127, 1142, 1143,
    1147, 1151, 1154, 1158, 1162, 1175, 1187, 1191, 1195, 1199, 1202, 1207,
    1215, 1222, 1227, 1239, 1243, 1250, 1251, 1259, 1267, 1270, 1275, 1279,
    1283, 1286, 1291, 1294, 1295, 1303, 1310, 1311, 1315, 1322, 1331, 1335,
    1351, 1355, 1359, 1367, 1371, 1378, 1379, 1387, 1391, 1399, 1403, 1406,
    1407, 1411, 1415, 1418, 1423, 1431, 1438, 1439
[1] 1, 5, 13, 17, 21, 37, 38, 45, 49, 65, 66, 69, 70, 73, 77, 78, 81, 89, 109,
    113, 114, 117, 121, 129, 137, 141, 145, 149, 153, 157, 161, 165, 173, 177,
    181, 185, 186, 189, 201, 205, 206, 213, 217, 221, 229, 233, 234, 249, 253,
    257, 261, 265, 266, 269, 277, 281, 285, 289, 290, 293, 294, 297, 305, 306,
    309, 310, 317, 321, 329, 337, 338, 353, 365, 369, 377, 381, 382, 385, 386,
    389, 417, 418, 429, 433, 434, 441, 442, 449, 453, 457, 465, 473, 477, 485,
    489, 490, 497, 501, 505, 509, 517, 521, 525, 529, 533, 534, 537, 545, 553,
    557, 561, 565, 569, 570, 573, 574, 577, 578, 581, 589, 597, 601, 602, 609,
    613, 614, 621, 629, 637, 641, 642, 645, 653, 657, 661, 669, 681, 682, 689,
    693, 697, 705, 709, 713, 737, 741, 745, 746, 757, 758, 765, 769, 773, 781,
    782, 785, 789, 801, 805, 806, 813, 817, 821, 822, 825, 829, 833, 834, 837,
    841, 857, 861, 869, 870, 873, 877, 878, 881, 885, 905, 909, 913, 917, 921,
    925, 929, 930, 941, 949, 953, 961, 965, 977, 981, 989, 990, 993, 997,
    1001, 1002, 1013, 1017, 1021, 1025, 1033, 1045, 1057, 1069, 1073, 1077,
    1081, 1093, 1094, 1097, 1109, 1110, 1121, 1122, 1125, 1129, 1133, 1134,
    1137, 1138, 1141, 1149, 1153, 1161, 1165, 1166, 1169, 1173, 1174, 1177,
    1185, 1186, 1193, 1209, 1221, 1225, 1233, 1234, 1241, 1249, 1265, 1269,
    1273, 1274, 1281, 1285, 1289, 1290, 1297, 1298, 1313, 1317, 1329, 1333,
    1334, 1341, 1349, 1357, 1358, 1361, 1369, 1370, 1373, 1377, 1381, 1382,
    1385, 1389, 1390, 1393, 1394, 1401, 1402, 1413, 1414, 1421
[2] 0, 4, 12, 16, 20, 36, 44, 48, 64, 68, 72, 76, 80, 88, 108, 112, 116, 120,
    128, 136, 140, 144, 148, 152, 156, 160, 164, 172, 176, 180, 184, 188, 200,
    204, 212, 216, 220, 228, 232, 248, 252, 256, 260, 264, 268, 276, 280, 284,
    288, 292, 296, 304, 308, 316, 320, 328, 336, 352, 364, 368, 376, 380, 384,
    388, 416, 428, 432, 440, 448, 452, 456, 464, 472, 476, 484, 488, 496, 500,
    504, 508, 516, 520, 524, 528, 532, 536, 544, 552, 556, 560, 564, 568, 572,
    576, 580, 588, 596, 600, 608, 612, 620, 628, 636, 640, 644, 652, 656, 660,
    668, 680, 688, 692, 696, 704, 708, 712, 736, 740, 744, 756, 764, 768, 772,
    780, 784, 788, 800, 804, 812, 816, 820, 824, 828, 832, 836, 840, 856, 860,
    868, 872, 876, 880, 884, 904, 908, 912, 916, 920, 924, 928, 940, 948, 952,
    960, 964, 976, 980, 988, 992, 996, 1000, 1012, 1016, 1020, 1024, 1032,
    1044, 1056, 1068, 1072, 1076, 1080, 1092, 1096, 1108, 1120, 1124, 1128,
    1132, 1136, 1140, 1148, 1152, 1160, 1164, 1168, 1172, 1176, 1184, 1192,
    1208, 1220, 1224, 1232, 1240, 1248, 1264, 1268, 1272, 1280, 1284, 1288,
    1296, 1312, 1316, 1328, 1332, 1340, 1348, 1356, 1360, 1368, 1372, 1376,
    1380, 1384, 1388, 1392, 1400, 1412, 1420
[3] 3, 15, 19, 23, 31, 35, 51, 59, 67, 75, 79, 91, 103, 119, 123, 127, 135,
    143, 147, 151, 163, 171, 175, 179, 187, 195, 199, 203, 227, 239, 243, 247,
    255, 267, 271, 275, 279, 283, 287, 299, 303, 315, 319, 323, 339, 351, 355,
    359, 371, 375, 379, 383, 391, 407, 419, 427, 431, 435, 439, 459, 463, 467,
    479, 503, 547, 555, 567, 575, 591, 615, 619, 631, 651, 655, 663, 675, 679,
    683, 687, 695, 699, 707, 711, 719, 723, 727, 731, 735, 739, 743, 751, 767,
    771, 775, 779, 783, 787, 791, 803, 831, 835, 847, 851, 859, 867, 871, 875,
    879, 895, 911, 915, 923, 927, 935, 939, 943, 955, 971, 979, 991, 995, 999,
    1007, 1015, 1023, 1027, 1031, 1035, 1043, 1055, 1059, 1063, 1075, 1087,
    1103, 1111, 1115, 1119, 1123, 1131, 1135, 1139, 1155, 1159, 1163, 1167,
    1171, 1179, 1183, 1203, 1211, 1219, 1223, 1231, 1235, 1247, 1255, 1263,
    1271, 1287, 1299, 1307, 1319, 1323, 1327, 1339, 1343, 1347, 1363, 1375,
    1383, 1395, 1419, 1427, 1435
[4] 28, 29, 40, 41, 56, 57, 96, 97, 104, 105, 106, 124, 125, 132, 133, 134,
    168, 169, 192, 193, 196, 197, 240, 241, 272, 273, 332, 333, 340, 341, 356,
    357, 360, 361, 362, 372, 373, 396, 397, 398, 420, 421, 460, 461, 462, 468,
    469, 480, 481, 512, 513, 514, 584, 585, 586, 592, 593, 616, 617, 618, 632,
    633, 648, 649, 664, 665, 672, 673, 676, 677, 678, 700, 701, 716, 717, 748,
    749, 760, 761, 792, 793, 794, 796, 797, 844, 845, 852, 853, 854, 888, 889,
    892, 893, 900, 901, 902, 944, 945, 946, 968, 969, 972, 973, 984, 985, 986,
    1008, 1009, 1036, 1037, 1038, 1040, 1041, 1048, 1049, 1050, 1052, 1053,
    1054, 1084, 1085, 1100, 1101, 1102, 1104, 1105, 1106, 1144, 1145, 1156,
    1157, 1216, 1217, 1244, 1245, 1246, 1252, 1253, 1254, 1256, 1257, 1304,
    1305, 1306, 1308, 1309, 1324, 1325, 1336, 1337, 1364, 1365, 1396, 1397,
    1398, 1404, 1405, 1432, 1433, 1436, 1437
[5] 8, 9, 24, 25, 32, 33, 52, 53, 60, 61, 84, 85, 86, 92, 93, 100, 101, 208,
    209, 224, 225, 236, 237, 238, 244, 245, 300, 301, 312, 313, 314, 324, 325,
    326, 344, 345, 348, 349, 392, 393, 400, 401, 404, 405, 408, 409, 412, 413,
    424, 425, 436, 437, 444, 445, 492, 493, 540, 541, 542, 548, 549, 604, 605,
    624, 625, 684, 685, 686, 720, 721, 724, 725, 728, 729, 732, 733, 752, 753,
    754, 776, 777, 808, 809, 848, 849, 864, 865, 896, 897, 932, 933, 936, 937,
    956, 957, 1004, 1005, 1028, 1029, 1030, 1060, 1061, 1064, 1065, 1088,
    1089, 1090, 1112, 1113, 1116, 1117, 1118, 1180, 1181, 1182, 1188, 1189,
    1190, 1196, 1197, 1198, 1200, 1201, 1204, 1205, 1212, 1213, 1214, 1228,
    1229, 1230, 1236, 1237, 1238, 1260, 1261, 1276, 1277, 1278, 1292, 1293,
    1300, 1301, 1320, 1321, 1344, 1345, 1352, 1353, 1354, 1408, 1409, 1416,
    1417, 1424, 1425, 1426, 1428, 1429
[6] 2, 6, 10, 14, 22, 26, 42, 46, 102, 110, 146, 154, 166, 170, 174, 190, 210,
    222, 230, 250, 254, 262, 270, 286, 302, 322, 334, 342, 366, 378, 394, 402,
    410, 414, 422, 426, 450, 466, 482, 486, 494, 518, 522, 526, 538, 546, 550,
    558, 562, 566, 590, 594, 598, 606, 610, 622, 626, 630, 634, 638, 646, 650,
    662, 670, 674, 690, 694, 698, 702, 710, 714, 718, 722, 750, 762, 770, 774,
    778, 786, 802, 814, 818, 826, 830, 838, 842, 846, 862, 866, 874, 882, 886,
    890, 894, 898, 906, 918, 922, 938, 950, 954, 966, 974, 978, 982, 1010,
    1018, 1026, 1042, 1046, 1058, 1062, 1066, 1070, 1078, 1098, 1114, 1126,
    1130, 1146, 1150, 1170, 1178, 1194, 1206, 1210, 1218, 1226, 1242, 1258,
    1262, 1266, 1282, 1302, 1314, 1318, 1326, 1330, 1338, 1342, 1346, 1350,
    1362, 1366, 1374, 1386, 1410, 1422, 1430, 1434

Reassigned labels

Runtime: 1.654994010925293

Performance split_log:

IM without threshold:
Map:
{"L_0": "L", "L_1": "L", "L_2": "L", "L_3": "L", "L_4": "L", "L_5": "L", "L_6": "L"}
token_fitness
{"perc_fit_traces": 0.0, "average_trace_fitness": 0.5875752639517384, "log_fitness": 0.5898216983761024, "percentage_of_fitting_traces": 0.0}
precision
0.7777777777777778
0.6923076923076922
generalization
0.3921071358520075

Adjusted Rand Index:
0.3690679742161584



Parameters of this run:

Window size: 5
Threshold for edges: 1
Split candidates: L
Max number of traces: 5000000
Method for distance calculation: Distance.EDIT_DISTANCE
Method for finding clusters: ClusteringMethod.COMMUNITY_DETECTION
Original log location: ./data/noImprInLoop_default_OD\feb16-1625\logs\P_1_LogD_Sequence_feb16-1625.xes.gz
Use frequency: True

Found communities: 

Clustering with 1440 elements and 711 clusters
[  0] 0, 164, 860, 980, 1192, 1360
[  1] 36, 64, 576, 804, 876, 1272
[  2] 112, 232, 488, 832, 988, 1368
[  3] 44, 172, 544, 884, 1124, 1328
[  4] 20, 188, 220, 524, 1016, 1024
[  5] 260, 464, 608, 620, 812, 976
[  6] 208, 300, 392, 624, 776, 1064
[  7] 332, 340, 748, 1008, 1256, 1432
[  8] 104, 360, 852, 1048, 1244, 1304
[  9] 408, 412, 424, 492, 1060, 1428
[ 10] 152, 376, 520, 556, 952, 1076
[ 11] 584, 676, 792, 944, 1252, 1396
[ 12] 40, 168, 420, 592, 672, 888
[ 13] 144, 660, 916, 964, 1044, 1068
[ 14] 284, 596, 668, 712, 800, 1096
[ 15] 308, 532, 640, 744, 1136, 1232
[ 16] 324, 1180, 1188, 1212, 1276, 1424
[ 17] 3, 23, 271, 675, 779
[ 18] 24, 400, 1260, 1300, 1408
[ 19] 54, 98, 214, 258, 1082
[ 20] 122, 734, 994, 1086, 1154
[ 21] 127, 143, 355, 407, 459
[ 22] 83, 131, 139, 471, 1295
[ 23] 202, 390, 1074, 1158, 1418
[ 24] 203, 391, 1075, 1159, 1419
[ 25] 228, 772, 1264, 1340, 1348
[ 26] 231, 623, 703, 1151, 1411
[ 27] 268, 688, 824, 904, 1208
[ 28] 282, 374, 706, 726, 998
[ 29] 147, 175, 287, 427, 1435
[ 30] 291, 443, 1039, 1199, 1335
[ 31] 87, 295, 307, 903, 1391
[ 32] 311, 491, 795, 1215, 1359
[ 33] 236, 312, 1088, 1236, 1352
[ 34] 315, 435, 683, 879, 1247
[ 35] 320, 880, 1148, 1240, 1312
[ 36] 323, 775, 979, 1263, 1327
[ 37] 267, 339, 1031, 1103, 1299
[ 38] 343, 415, 1071, 1099, 1331
[ 39] 242, 318, 370, 1006, 1162
[ 40] 327, 387, 535, 587, 1371
[ 41] 403, 611, 1267, 1315, 1367
[ 42] 423, 827, 983, 1019, 1067
[ 43] 150, 178, 198, 298, 438
[ 44] 151, 179, 199, 299, 439
[ 45] 455, 531, 659, 811, 1407
[ 46] 126, 142, 354, 406, 458
[ 47] 82, 130, 138, 470, 1294
[ 48] 218, 446, 498, 666, 962
[ 49] 219, 447, 499, 667, 963
[ 50] 43, 395, 527, 691, 1195
[ 51] 8, 100, 548, 720, 896
[ 52] 330, 346, 582, 798, 1378
[ 53] 331, 347, 583, 799, 1379
[ 54] 255, 591, 631, 847, 867
[ 55] 454, 530, 658, 810, 1406
[ 56] 547, 663, 751, 803, 1063
[ 57] 495, 671, 887, 1011, 1047
[ 58] 74, 350, 358, 738, 926
[ 59] 75, 351, 359, 739, 927
[ 60] 31, 859, 935, 1015, 1271
[ 61] 191, 211, 595, 863, 907
[ 62] 335, 411, 715, 919, 1127
[ 63] 787, 895, 923, 939, 1319
[ 64] 158, 506, 958, 1250, 1438
[ 65] 159, 507, 959, 1251, 1439
[ 66] 47, 599, 967, 1259, 1431
[ 67] 283, 375, 707, 727, 999
[ 68] 243, 319, 371, 1007, 1163
[ 69] 274, 942, 1022, 1034, 1202
[ 70] 275, 943, 1023, 1035, 1203
[ 71] 171, 303, 1027, 1211, 1363
[ 72] 771, 831, 875, 1043, 1115
[ 73] 55, 99, 215, 259, 1083
[ 74] 123, 735, 995, 1087, 1155
[ 75] 687, 783, 1055, 1123, 1167
[ 76] 991, 1139, 1183, 1255, 1383
[ 77] 30, 858, 934, 1014, 1270
[ 78] 235, 643, 947, 1279, 1291
[ 79] 19, 51, 59, 503
[ 80] 39, 207, 855, 1355
[ 81] 67, 239, 615, 1307
[ 82] 90, 226, 478, 914
[ 83] 91, 227, 479, 915
[ 84] 95, 511, 1143, 1311
[ 85] 118, 194, 742, 850
[ 86] 79, 135, 383, 1231
[ 87] 119, 195, 743, 851
[ 88] 167, 223, 627, 891
[ 89] 71, 363, 579, 1095
[ 90] 379, 711, 723, 1179
[ 91] 384, 1288, 1356, 1380
[ 92] 430, 910, 1286, 1322
[ 93] 431, 911, 1287, 1323
[ 94] 18, 50, 58, 502
[ 95] 515, 571, 755, 1003
[ 96] 560, 708, 1128, 1224
[ 97] 246, 278, 654, 970
[ 98] 695, 1059, 1339, 1375
[ 99] 103, 719, 955, 1131
[100] 115, 747, 1191, 1399
[101] 763, 899, 1079, 1227
[102] 554, 730, 766, 790
[103] 555, 731, 767, 791
[104] 635, 647, 819, 1283
[105] 68, 612, 680, 820
[106] 679, 835, 1235, 1427
[107] 251, 451, 843, 1147
[108] 4, 948, 1176, 1384
[109] 11, 155, 951, 975
[110] 247, 279, 655, 971
[111] 603, 987, 1403, 1415
[112] 575, 1111, 1119, 1395
[113] 94, 510, 1142, 1310
[114] 567, 699, 1171, 1219
[115] 543, 1107, 1175, 1187
[116] 815, 1243, 1303, 1351
[117] 823, 1051, 1239, 1275
[118] 7, 523, 563
[119] 16, 72, 504
[120] 27, 263, 883
[121] 32, 52, 1416
[122] 116, 128, 652
[123] 148, 908, 1140
[124] 34, 162, 1222
[125] 35, 163, 1223
[126] 176, 428, 508
[127] 180, 368, 1020
[128] 160, 200, 256
[129] 204, 432, 1092
[130] 224, 344, 932
[131] 280, 496, 1152
[132] 56, 356, 1436
[133] 92, 436, 1320
[134] 452, 456, 552
[135] 419, 463, 1135
[136] 192, 468, 968
[137] 472, 1032, 1160
[138] 62, 182, 474
[139] 63, 183, 475
[140] 328, 476, 856
[141] 111, 539, 607
[142] 551, 559, 1387
[143] 88, 580, 1268
[144] 483, 639, 839
[145] 15, 651, 1347
[146] 372, 664, 1084
[147] 700, 1324, 1364
[148] 444, 724, 732
[149] 156, 500, 736
[150] 399, 759, 931
[151] 352, 656, 764
[152] 140, 528, 788
[153] 107, 807, 1091
[154] 404, 728, 808
[155] 187, 619, 871
[156] 912, 1012, 1376
[157] 48, 924, 1248
[158] 716, 760, 972
[159] 216, 704, 992
[160] 120, 960, 996
[161] 60, 1004, 1200
[162] 487, 1207, 1423
[163] 212, 388, 1220
[164] 244, 848, 1292
[165] 12, 448
[166] 13, 449
[167] 17, 505
[168] 25, 1261
[169] 41, 169
[170] 33, 53
[171] 61, 1201
[172] 76, 756
[173] 80, 276
[174] 93, 437
[175] 96, 1156
[176] 9, 101
[177] 105, 1245
[178] 109, 1317
[179] 113, 833
[180] 117, 129
[181] 132, 396
[182] 133, 397
[183] 136, 740
[184] 145, 965
[185] 149, 1141
[186] 153, 953
[187] 165, 861
[188] 45, 173
[189] 184, 288
[190] 196, 1308
[191] 197, 1309
[192] 205, 1093
[193] 213, 1221
[194] 189, 221
[195] 233, 1369
[196] 237, 1237
[197] 252, 816
[198] 253, 817
[199] 161, 257
[200] 261, 977
[201] 240, 272
[202] 281, 497
[203] 185, 289
[204] 316, 940
[205] 325, 1277
[206] 329, 477
[207] 333, 1009
[208] 336, 568
[209] 225, 345
[210] 361, 853
[211] 373, 665
[212] 377, 1077
[213] 301, 393
[214] 401, 1409
[215] 413, 1061
[216] 304, 416
[217] 305, 417
[218] 425, 1429
[219] 460, 900
[220] 461, 901
[221] 467, 1343
[222] 193, 469
[223] 480, 1216
[224] 485, 1057
[225] 489, 989
[226] 409, 493
[227] 157, 501
[228] 177, 509
[229] 516, 828
[230] 517, 829
[231] 367, 519
[232] 525, 1025
[233] 529, 789
[234] 533, 641
[235] 540, 684
[236] 541, 685
[237] 453, 553
[238] 521, 557
[239] 564, 836
[240] 337, 569
[241] 573, 1413
[242] 37, 577
[243] 89, 581
[244] 585, 945
[245] 589, 645
[246] 285, 597
[247] 600, 1392
[248] 604, 936
[249] 605, 937
[250] 609, 621
[251] 613, 821
[252] 616, 1036
[253] 617, 1037
[254] 209, 625
[255] 636, 1168
[256] 588, 644
[257] 657, 765
[258] 661, 1069
[259] 669, 713
[260] 421, 673
[261] 689, 1209
[262] 692, 1420
[263] 701, 1365
[264] 217, 705
[265] 717, 973
[266] 721, 897
[267] 445, 725
[268] 137, 741
[269] 745, 1233
[270] 341, 749
[271] 77, 757
[272] 777, 1065
[273] 780, 1172
[274] 793, 1253
[275] 28, 796
[276] 729, 809
[277] 465, 813
[278] 269, 825
[279] 565, 837
[280] 632, 844
[281] 633, 845
[282] 849, 1293
[283] 440, 868
[284] 441, 869
[285] 364, 872
[286] 365, 873
[287] 805, 877
[288] 321, 881
[289] 593, 889
[290] 536, 920
[291] 537, 921
[292] 348, 956
[293] 961, 997
[294] 1, 981
[295] 1000, 1296
[296] 21, 1017
[297] 181, 1021
[298] 752, 1028
[299] 753, 1029
[300] 473, 1033
[301] 917, 1045
[302] 1052, 1104
[303] 1053, 1105
[304] 484, 1056
[305] 1072, 1080
[306] 313, 1089
[307] 801, 1097
[308] 512, 1100
[309] 513, 1101
[310] 1108, 1400
[311] 885, 1125
[312] 292, 1132
[313] 293, 1133
[314] 309, 1137
[315] 648, 1144
[316] 649, 1145
[317] 1164, 1184
[318] 637, 1169
[319] 781, 1173
[320] 1181, 1213
[321] 1165, 1185
[322] 481, 1217
[323] 709, 1225
[324] 49, 1249
[325] 1257, 1433
[326] 229, 1265
[327] 65, 1273
[328] 628, 1280
[329] 629, 1281
[330] 296, 1284
[331] 385, 1289
[332] 1001, 1297
[333] 1049, 1305
[334] 1149, 1313
[335] 108, 1316
[336] 545, 1329
[337] 1341, 1349
[338] 1193, 1361
[339] 913, 1377
[340] 1357, 1381
[341] 5, 1385
[342] 601, 1393
[343] 677, 1397
[344] 1109, 1401
[345] 124, 1404
[346] 572, 1412
[347] 693, 1421
[348] 1189, 1425
[349] 57, 1437
[350] 2
[351] 6
[352] 10
[353] 14
[354] 22
[355] 26
[356] 29
[357] 38
[358] 42
[359] 46
[360] 66
[361] 69
[362] 70
[363] 73
[364] 78
[365] 81
[366] 84
[367] 85
[368] 86
[369] 97
[370] 102
[371] 106
[372] 110
[373] 114
[374] 121
[375] 125
[376] 134
[377] 141
[378] 146
[379] 154
[380] 166
[381] 170
[382] 174
[383] 186
[384] 190
[385] 201
[386] 206
[387] 210
[388] 222
[389] 230
[390] 234
[391] 238
[392] 241
[393] 245
[394] 248
[395] 249
[396] 250
[397] 254
[398] 262
[399] 264
[400] 265
[401] 266
[402] 270
[403] 273
[404] 277
[405] 286
[406] 290
[407] 294
[408] 297
[409] 302
[410] 306
[411] 310
[412] 314
[413] 317
[414] 322
[415] 326
[416] 334
[417] 338
[418] 342
[419] 349
[420] 353
[421] 357
[422] 362
[423] 366
[424] 369
[425] 378
[426] 380
[427] 381
[428] 382
[429] 386
[430] 389
[431] 394
[432] 398
[433] 402
[434] 405
[435] 410
[436] 414
[437] 418
[438] 422
[439] 426
[440] 429
[441] 433
[442] 434
[443] 442
[444] 450
[445] 457
[446] 462
[447] 466
[448] 482
[449] 486
[450] 490
[451] 494
[452] 514
[453] 518
[454] 522
[455] 526
[456] 534
[457] 538
[458] 542
[459] 546
[460] 549
[461] 550
[462] 558
[463] 561
[464] 562
[465] 566
[466] 570
[467] 574
[468] 578
[469] 586
[470] 590
[471] 594
[472] 598
[473] 602
[474] 606
[475] 610
[476] 614
[477] 618
[478] 622
[479] 626
[480] 630
[481] 634
[482] 638
[483] 642
[484] 646
[485] 650
[486] 653
[487] 662
[488] 670
[489] 674
[490] 678
[491] 681
[492] 682
[493] 686
[494] 690
[495] 694
[496] 696
[497] 697
[498] 698
[499] 702
[500] 710
[501] 714
[502] 718
[503] 722
[504] 733
[505] 737
[506] 746
[507] 750
[508] 754
[509] 758
[510] 761
[511] 762
[512] 768
[513] 769
[514] 770
[515] 773
[516] 774
[517] 778
[518] 782
[519] 784
[520] 785
[521] 786
[522] 794
[523] 797
[524] 802
[525] 806
[526] 814
[527] 818
[528] 822
[529] 826
[530] 830
[531] 834
[532] 838
[533] 840
[534] 841
[535] 842
[536] 846
[537] 854
[538] 857
[539] 862
[540] 864
[541] 865
[542] 866
[543] 870
[544] 874
[545] 878
[546] 882
[547] 886
[548] 890
[549] 892
[550] 893
[551] 894
[552] 898
[553] 902
[554] 905
[555] 906
[556] 909
[557] 918
[558] 922
[559] 925
[560] 928
[561] 929
[562] 930
[563] 933
[564] 938
[565] 941
[566] 946
[567] 949
[568] 950
[569] 954
[570] 957
[571] 966
[572] 969
[573] 974
[574] 978
[575] 982
[576] 984
[577] 985
[578] 986
[579] 990
[580] 993
[581] 1002
[582] 1005
[583] 1010
[584] 1013
[585] 1018
[586] 1026
[587] 1030
[588] 1038
[589] 1040
[590] 1041
[591] 1042
[592] 1046
[593] 1050
[594] 1054
[595] 1058
[596] 1062
[597] 1066
[598] 1070
[599] 1073
[600] 1078
[601] 1081
[602] 1085
[603] 1090
[604] 1094
[605] 1098
[606] 1102
[607] 1106
[608] 1110
[609] 1112
[610] 1113
[611] 1114
[612] 1116
[613] 1117
[614] 1118
[615] 1120
[616] 1121
[617] 1122
[618] 1126
[619] 1129
[620] 1130
[621] 1134
[622] 1138
[623] 1146
[624] 1150
[625] 1153
[626] 1157
[627] 1161
[628] 1166
[629] 1170
[630] 1174
[631] 1177
[632] 1178
[633] 1182
[634] 1186
[635] 1190
[636] 1194
[637] 1196
[638] 1197
[639] 1198
[640] 1204
[641] 1205
[642] 1206
[643] 1210
[644] 1214
[645] 1218
[646] 1226
[647] 1228
[648] 1229
[649] 1230
[650] 1234
[651] 1238
[652] 1241
[653] 1242
[654] 1246
[655] 1254
[656] 1258
[657] 1262
[658] 1266
[659] 1269
[660] 1274
[661] 1278
[662] 1282
[663] 1285
[664] 1290
[665] 1298
[666] 1301
[667] 1302
[668] 1306
[669] 1314
[670] 1318
[671] 1321
[672] 1325
[673] 1326
[674] 1330
[675] 1332
[676] 1333
[677] 1334
[678] 1336
[679] 1337
[680] 1338
[681] 1342
[682] 1344
[683] 1345
[684] 1346
[685] 1350
[686] 1353
[687] 1354
[688] 1358
[689] 1362
[690] 1366
[691] 1370
[692] 1372
[693] 1373
[694] 1374
[695] 1382
[696] 1386
[697] 1388
[698] 1389
[699] 1390
[700] 1394
[701] 1398
[702] 1402
[703] 1405
[704] 1410
[705] 1414
[706] 1417
[707] 1422
[708] 1426
[709] 1430
[710] 1434

Reassigned labels

Runtime: 2.676496744155884

Performance split_log:

IM without threshold:
Map:
{"L_0": "L", "L_1": "L", "L_2": "L", "L_3": "L", "L_4": "L", "L_5": "L", "L_6": "L", "L_7": "L", "L_8": "L", "L_9": "L", "L_10": "L", "L_11": "L", "L_12": "L", "L_13": "L", "L_14": "L", "L_15": "L", "L_16": "L", "L_17": "L", "L_18": "L", "L_19": "L", "L_20": "L", "L_21": "L", "L_22": "L", "L_23": "L", "L_24": "L", "L_25": "L", "L_26": "L", "L_27": "L", "L_28": "L", "L_29": "L", "L_30": "L", "L_31": "L", "L_32": "L", "L_33": "L", "L_34": "L", "L_35": "L", "L_36": "L", "L_37": "L", "L_38": "L", "L_39": "L", "L_40": "L", "L_41": "L", "L_42": "L", "L_43": "L", "L_44": "L", "L_45": "L", "L_46": "L", "L_47": "L", "L_48": "L", "L_49": "L", "L_50": "L", "L_51": "L", "L_52": "L", "L_53": "L", "L_54": "L", "L_55": "L", "L_56": "L", "L_57": "L", "L_58": "L", "L_59": "L", "L_60": "L", "L_61": "L", "L_62": "L", "L_63": "L", "L_64": "L", "L_65": "L", "L_66": "L", "L_67": "L", "L_68": "L", "L_69": "L", "L_70": "L", "L_71": "L", "L_72": "L", "L_73": "L", "L_74": "L", "L_75": "L", "L_76": "L", "L_77": "L", "L_78": "L", "L_79": "L", "L_80": "L", "L_81": "L", "L_82": "L", "L_83": "L", "L_84": "L", "L_85": "L", "L_86": "L", "L_87": "L", "L_88": "L", "L_89": "L", "L_90": "L", "L_91": "L", "L_92": "L", "L_93": "L", "L_94": "L", "L_95": "L", "L_96": "L", "L_97": "L", "L_98": "L", "L_99": "L", "L_100": "L", "L_101": "L", "L_102": "L", "L_103": "L", "L_104": "L", "L_105": "L", "L_106": "L", "L_107": "L", "L_108": "L", "L_109": "L", "L_110": "L", "L_111": "L", "L_112": "L", "L_113": "L", "L_114": "L", "L_115": "L", "L_116": "L", "L_117": "L", "L_118": "L", "L_119": "L", "L_120": "L", "L_121": "L", "L_122": "L", "L_123": "L", "L_124": "L", "L_125": "L", "L_126": "L", "L_127": "L", "L_128": "L", "L_129": "L", "L_130": "L", "L_131": "L", "L_132": "L", "L_133": "L", "L_134": "L", "L_135": "L", "L_136": "L", "L_137": "L", "L_138": "L", "L_139": "L", "L_140": "L", "L_141": "L", "L_142": "L", "L_143": "L", "L_144": "L", "L_145": "L", "L_146": "L", "L_147": "L", "L_148": "L", "L_149": "L", "L_150": "L", "L_151": "L", "L_152": "L", "L_153": "L", "L_154": "L", "L_155": "L", "L_156": "L", "L_157": "L", "L_158": "L", "L_159": "L", "L_160": "L", "L_161": "L", "L_162": "L", "L_163": "L", "L_164": "L", "L_165": "L", "L_166": "L", "L_167": "L", "L_168": "L", "L_169": "L", "L_170": "L", "L_171": "L", "L_172": "L", "L_173": "L", "L_174": "L", "L_175": "L", "L_176": "L", "L_177": "L", "L_178": "L", "L_179": "L", "L_180": "L", "L_181": "L", "L_182": "L", "L_183": "L", "L_184": "L", "L_185": "L", "L_186": "L", "L_187": "L", "L_188": "L", "L_189": "L", "L_190": "L", "L_191": "L", "L_192": "L", "L_193": "L", "L_194": "L", "L_195": "L", "L_196": "L", "L_197": "L", "L_198": "L", "L_199": "L", "L_200": "L", "L_201": "L", "L_202": "L", "L_203": "L", "L_204": "L", "L_205": "L", "L_206": "L", "L_207": "L", "L_208": "L", "L_209": "L", "L_210": "L", "L_211": "L", "L_212": "L", "L_213": "L", "L_214": "L", "L_215": "L", "L_216": "L", "L_217": "L", "L_218": "L", "L_219": "L", "L_220": "L", "L_221": "L", "L_222": "L", "L_223": "L", "L_224": "L", "L_225": "L", "L_226": "L", "L_227": "L", "L_228": "L", "L_229": "L", "L_230": "L", "L_231": "L", "L_232": "L", "L_233": "L", "L_234": "L", "L_235": "L", "L_236": "L", "L_237": "L", "L_238": "L", "L_239": "L", "L_240": "L", "L_241": "L", "L_242": "L", "L_243": "L", "L_244": "L", "L_245": "L", "L_246": "L", "L_247": "L", "L_248": "L", "L_249": "L", "L_250": "L", "L_251": "L", "L_252": "L", "L_253": "L", "L_254": "L", "L_255": "L", "L_256": "L", "L_257": "L", "L_258": "L", "L_259": "L", "L_260": "L", "L_261": "L", "L_262": "L", "L_263": "L", "L_264": "L", "L_265": "L", "L_266": "L", "L_267": "L", "L_268": "L", "L_269": "L", "L_270": "L", "L_271": "L", "L_272": "L", "L_273": "L", "L_274": "L", "L_275": "L", "L_276": "L", "L_277": "L", "L_278": "L", "L_279": "L", "L_280": "L", "L_281": "L", "L_282": "L", "L_283": "L", "L_284": "L", "L_285": "L", "L_286": "L", "L_287": "L", "L_288": "L", "L_289": "L", "L_290": "L", "L_291": "L", "L_292": "L", "L_293": "L", "L_294": "L", "L_295": "L", "L_296": "L", "L_297": "L", "L_298": "L", "L_299": "L", "L_300": "L", "L_301": "L", "L_302": "L", "L_303": "L", "L_304": "L", "L_305": "L", "L_306": "L", "L_307": "L", "L_308": "L", "L_309": "L", "L_310": "L", "L_311": "L", "L_312": "L", "L_313": "L", "L_314": "L", "L_315": "L", "L_316": "L", "L_317": "L", "L_318": "L", "L_319": "L", "L_320": "L", "L_321": "L", "L_322": "L", "L_323": "L", "L_324": "L", "L_325": "L", "L_326": "L", "L_327": "L", "L_328": "L", "L_329": "L", "L_330": "L", "L_331": "L", "L_332": "L", "L_333": "L", "L_334": "L", "L_335": "L", "L_336": "L", "L_337": "L", "L_338": "L", "L_339": "L", "L_340": "L", "L_341": "L", "L_342": "L", "L_343": "L", "L_344": "L", "L_345": "L", "L_346": "L", "L_347": "L", "L_348": "L", "L_349": "L", "L_350": "L", "L_351": "L", "L_352": "L", "L_353": "L", "L_354": "L", "L_355": "L", "L_356": "L", "L_357": "L", "L_358": "L", "L_359": "L", "L_360": "L", "L_361": "L", "L_362": "L", "L_363": "L", "L_364": "L", "L_365": "L", "L_366": "L", "L_367": "L", "L_368": "L", "L_369": "L", "L_370": "L", "L_371": "L", "L_372": "L", "L_373": "L", "L_374": "L", "L_375": "L", "L_376": "L", "L_377": "L", "L_378": "L", "L_379": "L", "L_380": "L", "L_381": "L", "L_382": "L", "L_383": "L", "L_384": "L", "L_385": "L", "L_386": "L", "L_387": "L", "L_388": "L", "L_389": "L", "L_390": "L", "L_391": "L", "L_392": "L", "L_393": "L", "L_394": "L", "L_395": "L", "L_396": "L", "L_397": "L", "L_398": "L", "L_399": "L", "L_400": "L", "L_401": "L", "L_402": "L", "L_403": "L", "L_404": "L", "L_405": "L", "L_406": "L", "L_407": "L", "L_408": "L", "L_409": "L", "L_410": "L", "L_411": "L", "L_412": "L", "L_413": "L", "L_414": "L", "L_415": "L", "L_416": "L", "L_417": "L", "L_418": "L", "L_419": "L", "L_420": "L", "L_421": "L", "L_422": "L", "L_423": "L", "L_424": "L", "L_425": "L", "L_426": "L", "L_427": "L", "L_428": "L", "L_429": "L", "L_430": "L", "L_431": "L", "L_432": "L", "L_433": "L", "L_434": "L", "L_435": "L", "L_436": "L", "L_437": "L", "L_438": "L", "L_439": "L", "L_440": "L", "L_441": "L", "L_442": "L", "L_443": "L", "L_444": "L", "L_445": "L", "L_446": "L", "L_447": "L", "L_448": "L", "L_449": "L", "L_450": "L", "L_451": "L", "L_452": "L", "L_453": "L", "L_454": "L", "L_455": "L", "L_456": "L", "L_457": "L", "L_458": "L", "L_459": "L", "L_460": "L", "L_461": "L", "L_462": "L", "L_463": "L", "L_464": "L", "L_465": "L", "L_466": "L", "L_467": "L", "L_468": "L", "L_469": "L", "L_470": "L", "L_471": "L", "L_472": "L", "L_473": "L", "L_474": "L", "L_475": "L", "L_476": "L", "L_477": "L", "L_478": "L", "L_479": "L", "L_480": "L", "L_481": "L", "L_482": "L", "L_483": "L", "L_484": "L", "L_485": "L", "L_486": "L", "L_487": "L", "L_488": "L", "L_489": "L", "L_490": "L", "L_491": "L", "L_492": "L", "L_493": "L", "L_494": "L", "L_495": "L", "L_496": "L", "L_497": "L", "L_498": "L", "L_499": "L", "L_500": "L", "L_501": "L", "L_502": "L", "L_503": "L", "L_504": "L", "L_505": "L", "L_506": "L", "L_507": "L", "L_508": "L", "L_509": "L", "L_510": "L", "L_511": "L", "L_512": "L", "L_513": "L", "L_514": "L", "L_515": "L", "L_516": "L", "L_517": "L", "L_518": "L", "L_519": "L", "L_520": "L", "L_521": "L", "L_522": "L", "L_523": "L", "L_524": "L", "L_525": "L", "L_526": "L", "L_527": "L", "L_528": "L", "L_529": "L", "L_530": "L", "L_531": "L", "L_532": "L", "L_533": "L", "L_534": "L", "L_535": "L", "L_536": "L", "L_537": "L", "L_538": "L", "L_539": "L", "L_540": "L", "L_541": "L", "L_542": "L", "L_543": "L", "L_544": "L", "L_545": "L", "L_546": "L", "L_547": "L", "L_548": "L", "L_549": "L", "L_550": "L", "L_551": "L", "L_552": "L", "L_553": "L", "L_554": "L", "L_555": "L", "L_556": "L", "L_557": "L", "L_558": "L", "L_559": "L", "L_560": "L", "L_561": "L", "L_562": "L", "L_563": "L", "L_564": "L", "L_565": "L", "L_566": "L", "L_567": "L", "L_568": "L", "L_569": "L", "L_570": "L", "L_571": "L", "L_572": "L", "L_573": "L", "L_574": "L", "L_575": "L", "L_576": "L", "L_577": "L", "L_578": "L", "L_579": "L", "L_580": "L", "L_581": "L", "L_582": "L", "L_583": "L", "L_584": "L", "L_585": "L", "L_586": "L", "L_587": "L", "L_588": "L", "L_589": "L", "L_590": "L", "L_591": "L", "L_592": "L", "L_593": "L", "L_594": "L", "L_595": "L", "L_596": "L", "L_597": "L", "L_598": "L", "L_599": "L", "L_600": "L", "L_601": "L", "L_602": "L", "L_603": "L", "L_604": "L", "L_605": "L", "L_606": "L", "L_607": "L", "L_608": "L", "L_609": "L", "L_610": "L", "L_611": "L", "L_612": "L", "L_613": "L", "L_614": "L", "L_615": "L", "L_616": "L", "L_617": "L", "L_618": "L", "L_619": "L", "L_620": "L", "L_621": "L", "L_622": "L", "L_623": "L", "L_624": "L", "L_625": "L", "L_626": "L", "L_627": "L", "L_628": "L", "L_629": "L", "L_630": "L", "L_631": "L", "L_632": "L", "L_633": "L", "L_634": "L", "L_635": "L", "L_636": "L", "L_637": "L", "L_638": "L", "L_639": "L", "L_640": "L", "L_641": "L", "L_642": "L", "L_643": "L", "L_644": "L", "L_645": "L", "L_646": "L", "L_647": "L", "L_648": "L", "L_649": "L", "L_650": "L", "L_651": "L", "L_652": "L", "L_653": "L", "L_654": "L", "L_655": "L", "L_656": "L", "L_657": "L", "L_658": "L", "L_659": "L", "L_660": "L", "L_661": "L", "L_662": "L", "L_663": "L", "L_664": "L", "L_665": "L", "L_666": "L", "L_667": "L", "L_668": "L", "L_669": "L", "L_670": "L", "L_671": "L", "L_672": "L", "L_673": "L", "L_674": "L", "L_675": "L", "L_676": "L", "L_677": "L", "L_678": "L", "L_679": "L", "L_680": "L", "L_681": "L", "L_682": "L", "L_683": "L", "L_684": "L", "L_685": "L", "L_686": "L", "L_687": "L", "L_688": "L", "L_689": "L", "L_690": "L", "L_691": "L", "L_692": "L", "L_693": "L", "L_694": "L", "L_695": "L", "L_696": "L", "L_697": "L", "L_698": "L", "L_699": "L", "L_700": "L", "L_701": "L", "L_702": "L", "L_703": "L", "L_704": "L", "L_705": "L", "L_706": "L", "L_707": "L", "L_708": "L", "L_709": "L", "L_710": "L"}
token_fitness
{"perc_fit_traces": 21.7, "average_trace_fitness": 0.9074245809484364, "log_fitness": 0.9115328827428033, "percentage_of_fitting_traces": 21.7}
precision
0.938990762443127
0.6376376376376377
generalization
0.08776739856499516

Adjusted Rand Index:
0.06686296230921276



Parameters of this run:

Window size: 5
Threshold for edges: 0
Split candidates: L
Max number of traces: 5000000
Method for distance calculation: Distance.SET_DISTANCE
Method for finding clusters: ClusteringMethod.COMMUNITY_DETECTION
Original log location: ./data/noImprInLoop_default_OD\feb16-1625\logs\P_1_LogD_Sequence_feb16-1625.xes.gz
Use frequency: True

Found communities: 

Clustering with 1440 elements and 2 clusters
[0] 0, 1, 4, 5, 6, 8, 9, 10, 12, 13, 16, 17, 20, 21, 24, 25, 26, 28, 29, 32,
    33, 36, 37, 38, 40, 41, 44, 45, 48, 49, 52, 53, 56, 57, 60, 61, 64, 65,
    66, 68, 69, 70, 72, 73, 76, 77, 78, 80, 81, 84, 85, 86, 88, 89, 92, 93,
    96, 97, 100, 101, 102, 104, 105, 106, 108, 109, 110, 112, 113, 114, 116,
    117, 120, 121, 124, 125, 128, 129, 132, 133, 134, 136, 137, 140, 141, 144,
    145, 148, 149, 152, 153, 154, 156, 157, 160, 161, 164, 165, 168, 169, 172,
    173, 176, 177, 180, 181, 184, 185, 186, 188, 189, 192, 193, 196, 197, 200,
    201, 204, 205, 206, 208, 209, 212, 213, 216, 217, 220, 221, 224, 225, 228,
    229, 230, 232, 233, 234, 236, 237, 238, 240, 241, 244, 245, 248, 249, 252,
    253, 256, 257, 260, 261, 262, 264, 265, 266, 268, 269, 272, 273, 276, 277,
    280, 281, 284, 285, 288, 289, 290, 292, 293, 294, 296, 297, 300, 301, 304,
    305, 306, 308, 309, 310, 312, 313, 314, 316, 317, 320, 321, 322, 324, 325,
    326, 328, 329, 332, 333, 336, 337, 338, 340, 341, 344, 345, 348, 349, 352,
    353, 356, 357, 360, 361, 362, 364, 365, 366, 368, 369, 372, 373, 376, 377,
    378, 380, 381, 382, 384, 385, 386, 388, 389, 392, 393, 396, 397, 398, 400,
    401, 402, 404, 405, 408, 409, 412, 413, 416, 417, 418, 420, 421, 424, 425,
    428, 429, 432, 433, 434, 436, 437, 440, 441, 442, 444, 445, 448, 449, 452,
    453, 456, 457, 460, 461, 462, 464, 465, 466, 468, 469, 472, 473, 476, 477,
    480, 481, 484, 485, 488, 489, 490, 492, 493, 496, 497, 500, 501, 504, 505,
    508, 509, 512, 513, 514, 516, 517, 518, 520, 521, 522, 524, 525, 528, 529,
    532, 533, 534, 536, 537, 538, 540, 541, 542, 544, 545, 548, 549, 550, 552,
    553, 556, 557, 558, 560, 561, 562, 564, 565, 568, 569, 570, 572, 573, 574,
    576, 577, 578, 580, 581, 584, 585, 586, 588, 589, 592, 593, 596, 597, 600,
    601, 602, 604, 605, 606, 608, 609, 610, 612, 613, 614, 616, 617, 618, 620,
    621, 622, 624, 625, 628, 629, 632, 633, 636, 637, 640, 641, 642, 644, 645,
    648, 649, 652, 653, 656, 657, 660, 661, 664, 665, 668, 669, 672, 673, 676,
    677, 678, 680, 681, 682, 684, 685, 686, 688, 689, 692, 693, 696, 697, 700,
    701, 702, 704, 705, 708, 709, 710, 712, 713, 716, 717, 718, 720, 721, 722,
    724, 725, 728, 729, 732, 733, 736, 737, 740, 741, 744, 745, 746, 748, 749,
    752, 753, 754, 756, 757, 758, 760, 761, 762, 764, 765, 768, 769, 770, 772,
    773, 774, 776, 777, 780, 781, 782, 784, 785, 786, 788, 789, 792, 793, 794,
    796, 797, 800, 801, 804, 805, 806, 808, 809, 812, 813, 814, 816, 817, 820,
    821, 822, 824, 825, 828, 829, 830, 832, 833, 834, 836, 837, 840, 841, 844,
    845, 848, 849, 852, 853, 854, 856, 857, 860, 861, 864, 865, 868, 869, 870,
    872, 873, 874, 876, 877, 878, 880, 881, 882, 884, 885, 888, 889, 892, 893,
    894, 896, 897, 898, 900, 901, 902, 904, 905, 908, 909, 912, 913, 916, 917,
    920, 921, 922, 924, 925, 928, 929, 930, 932, 933, 936, 937, 938, 940, 941,
    944, 945, 946, 948, 949, 950, 952, 953, 954, 956, 957, 960, 961, 964, 965,
    968, 969, 972, 973, 974, 976, 977, 978, 980, 981, 984, 985, 986, 988, 989,
    990, 992, 993, 996, 997, 1000, 1001, 1002, 1004, 1005, 1008, 1009, 1012,
    1013, 1016, 1017, 1020, 1021, 1024, 1025, 1028, 1029, 1030, 1032, 1033,
    1036, 1037, 1038, 1040, 1041, 1042, 1044, 1045, 1048, 1049, 1050, 1052,
    1053, 1054, 1056, 1057, 1060, 1061, 1064, 1065, 1068, 1069, 1072, 1073,
    1076, 1077, 1078, 1080, 1081, 1084, 1085, 1088, 1089, 1090, 1092, 1093,
    1094, 1096, 1097, 1100, 1101, 1102, 1104, 1105, 1106, 1108, 1109, 1110,
    1112, 1113, 1114, 1116, 1117, 1118, 1120, 1121, 1122, 1124, 1125, 1128,
    1129, 1130, 1132, 1133, 1134, 1136, 1137, 1138, 1140, 1141, 1144, 1145,
    1148, 1149, 1150, 1152, 1153, 1156, 1157, 1160, 1161, 1164, 1165, 1166,
    1168, 1169, 1172, 1173, 1174, 1176, 1177, 1178, 1180, 1181, 1182, 1184,
    1185, 1186, 1188, 1189, 1190, 1192, 1193, 1196, 1197, 1198, 1200, 1201,
    1204, 1205, 1208, 1209, 1212, 1213, 1214, 1216, 1217, 1220, 1221, 1224,
    1225, 1226, 1228, 1229, 1230, 1232, 1233, 1234, 1236, 1237, 1238, 1240,
    1241, 1242, 1244, 1245, 1246, 1248, 1249, 1252, 1253, 1254, 1256, 1257,
    1260, 1261, 1262, 1264, 1265, 1266, 1268, 1269, 1272, 1273, 1274, 1276,
    1277, 1278, 1280, 1281, 1284, 1285, 1288, 1289, 1290, 1292, 1293, 1296,
    1297, 1298, 1300, 1301, 1302, 1304, 1305, 1306, 1308, 1309, 1312, 1313,
    1314, 1316, 1317, 1318, 1320, 1321, 1324, 1325, 1326, 1328, 1329, 1332,
    1333, 1334, 1336, 1337, 1340, 1341, 1342, 1344, 1345, 1348, 1349, 1350,
    1352, 1353, 1354, 1356, 1357, 1358, 1360, 1361, 1364, 1365, 1366, 1368,
    1369, 1370, 1372, 1373, 1376, 1377, 1380, 1381, 1382, 1384, 1385, 1386,
    1388, 1389, 1390, 1392, 1393, 1394, 1396, 1397, 1398, 1400, 1401, 1402,
    1404, 1405, 1408, 1409, 1410, 1412, 1413, 1414, 1416, 1417, 1420, 1421,
    1424, 1425, 1426, 1428, 1429, 1432, 1433, 1436, 1437
[1] 2, 3, 7, 11, 14, 15, 18, 19, 22, 23, 27, 30, 31, 34, 35, 39, 42, 43, 46,
    47, 50, 51, 54, 55, 58, 59, 62, 63, 67, 71, 74, 75, 79, 82, 83, 87, 90,
    91, 94, 95, 98, 99, 103, 107, 111, 115, 118, 119, 122, 123, 126, 127, 130,
    131, 135, 138, 139, 142, 143, 146, 147, 150, 151, 155, 158, 159, 162, 163,
    166, 167, 170, 171, 174, 175, 178, 179, 182, 183, 187, 190, 191, 194, 195,
    198, 199, 202, 203, 207, 210, 211, 214, 215, 218, 219, 222, 223, 226, 227,
    231, 235, 239, 242, 243, 246, 247, 250, 251, 254, 255, 258, 259, 263, 267,
    270, 271, 274, 275, 278, 279, 282, 283, 286, 287, 291, 295, 298, 299, 302,
    303, 307, 311, 315, 318, 319, 323, 327, 330, 331, 334, 335, 339, 342, 343,
    346, 347, 350, 351, 354, 355, 358, 359, 363, 367, 370, 371, 374, 375, 379,
    383, 387, 390, 391, 394, 395, 399, 403, 406, 407, 410, 411, 414, 415, 419,
    422, 423, 426, 427, 430, 431, 435, 438, 439, 443, 446, 447, 450, 451, 454,
    455, 458, 459, 463, 467, 470, 471, 474, 475, 478, 479, 482, 483, 486, 487,
    491, 494, 495, 498, 499, 502, 503, 506, 507, 510, 511, 515, 519, 523, 526,
    527, 530, 531, 535, 539, 543, 546, 547, 551, 554, 555, 559, 563, 566, 567,
    571, 575, 579, 582, 583, 587, 590, 591, 594, 595, 598, 599, 603, 607, 611,
    615, 619, 623, 626, 627, 630, 631, 634, 635, 638, 639, 643, 646, 647, 650,
    651, 654, 655, 658, 659, 662, 663, 666, 667, 670, 671, 674, 675, 679, 683,
    687, 690, 691, 694, 695, 698, 699, 703, 706, 707, 711, 714, 715, 719, 723,
    726, 727, 730, 731, 734, 735, 738, 739, 742, 743, 747, 750, 751, 755, 759,
    763, 766, 767, 771, 775, 778, 779, 783, 787, 790, 791, 795, 798, 799, 802,
    803, 807, 810, 811, 815, 818, 819, 823, 826, 827, 831, 835, 838, 839, 842,
    843, 846, 847, 850, 851, 855, 858, 859, 862, 863, 866, 867, 871, 875, 879,
    883, 886, 887, 890, 891, 895, 899, 903, 906, 907, 910, 911, 914, 915, 918,
    919, 923, 926, 927, 931, 934, 935, 939, 942, 943, 947, 951, 955, 958, 959,
    962, 963, 966, 967, 970, 971, 975, 979, 982, 983, 987, 991, 994, 995, 998,
    999, 1003, 1006, 1007, 1010, 1011, 1014, 1015, 1018, 1019, 1022, 1023,
    1026, 1027, 1031, 1034, 1035, 1039, 1043, 1046, 1047, 1051, 1055, 1058,
    1059, 1062, 1063, 1066, 1067, 1070, 1071, 1074, 1075, 1079, 1082, 1083,
    1086, 1087, 1091, 1095, 1098, 1099, 1103, 1107, 1111, 1115, 1119, 1123,
    1126, 1127, 1131, 1135, 1139, 1142, 1143, 1146, 1147, 1151, 1154, 1155,
    1158, 1159, 1162, 1163, 1167, 1170, 1171, 1175, 1179, 1183, 1187, 1191,
    1194, 1195, 1199, 1202, 1203, 1206, 1207, 1210, 1211, 1215, 1218, 1219,
    1222, 1223, 1227, 1231, 1235, 1239, 1243, 1247, 1250, 1251, 1255, 1258,
    1259, 1263, 1267, 1270, 1271, 1275, 1279, 1282, 1283, 1286, 1287, 1291,
    1294, 1295, 1299, 1303, 1307, 1310, 1311, 1315, 1319, 1322, 1323, 1327,
    1330, 1331, 1335, 1338, 1339, 1343, 1346, 1347, 1351, 1355, 1359, 1362,
    1363, 1367, 1371, 1374, 1375, 1378, 1379, 1383, 1387, 1391, 1395, 1399,
    1403, 1406, 1407, 1411, 1415, 1418, 1419, 1422, 1423, 1427, 1430, 1431,
    1434, 1435, 1438, 1439

Reassigned labels

Runtime: 2.300994873046875

Performance split_log:

IM without threshold:
Map:
{"L_0": "L", "L_1": "L"}
token_fitness
{"perc_fit_traces": 0.0, "average_trace_fitness": 0.9528500000000155, "log_fitness": 0.9532010482965182, "percentage_of_fitting_traces": 0.0}
precision
0.6196415320509161
0.6842105263157894
generalization
0.8060206097553148

Adjusted Rand Index:
0.3416382540543356



Parameters of this run:

Window size: 5
Threshold for edges: 0.25
Split candidates: L
Max number of traces: 5000000
Method for distance calculation: Distance.SET_DISTANCE
Method for finding clusters: ClusteringMethod.COMMUNITY_DETECTION
Original log location: ./data/noImprInLoop_default_OD\feb16-1625\logs\P_1_LogD_Sequence_feb16-1625.xes.gz
Use frequency: True

Found communities: 

Clustering with 1440 elements and 2 clusters
[0] 0, 1, 4, 5, 6, 8, 9, 10, 12, 13, 16, 17, 20, 21, 24, 25, 26, 28, 29, 32,
    33, 36, 37, 38, 40, 41, 44, 45, 48, 49, 52, 53, 56, 57, 60, 61, 64, 65,
    66, 68, 69, 70, 72, 73, 76, 77, 78, 80, 81, 84, 85, 86, 88, 89, 92, 93,
    96, 97, 100, 101, 102, 104, 105, 106, 108, 109, 110, 112, 113, 114, 116,
    117, 120, 121, 124, 125, 128, 129, 132, 133, 134, 136, 137, 140, 141, 144,
    145, 148, 149, 152, 153, 154, 156, 157, 160, 161, 164, 165, 168, 169, 172,
    173, 176, 177, 180, 181, 184, 185, 186, 188, 189, 192, 193, 196, 197, 200,
    201, 204, 205, 206, 208, 209, 212, 213, 216, 217, 220, 221, 224, 225, 228,
    229, 230, 232, 233, 234, 236, 237, 238, 240, 241, 244, 245, 248, 249, 252,
    253, 256, 257, 260, 261, 262, 264, 265, 266, 268, 269, 272, 273, 276, 277,
    280, 281, 284, 285, 288, 289, 290, 292, 293, 294, 296, 297, 300, 301, 304,
    305, 306, 308, 309, 310, 312, 313, 314, 316, 317, 320, 321, 322, 324, 325,
    326, 328, 329, 332, 333, 336, 337, 338, 340, 341, 344, 345, 348, 349, 352,
    353, 356, 357, 360, 361, 362, 364, 365, 366, 368, 369, 372, 373, 376, 377,
    378, 380, 381, 382, 384, 385, 386, 388, 389, 392, 393, 396, 397, 398, 400,
    401, 402, 404, 405, 408, 409, 412, 413, 416, 417, 418, 420, 421, 424, 425,
    428, 429, 432, 433, 434, 436, 437, 440, 441, 442, 444, 445, 448, 449, 452,
    453, 456, 457, 460, 461, 462, 464, 465, 466, 468, 469, 472, 473, 476, 477,
    480, 481, 484, 485, 488, 489, 490, 492, 493, 496, 497, 500, 501, 504, 505,
    508, 509, 512, 513, 514, 516, 517, 518, 520, 521, 522, 524, 525, 528, 529,
    532, 533, 534, 536, 537, 538, 540, 541, 542, 544, 545, 548, 549, 550, 552,
    553, 556, 557, 558, 560, 561, 562, 564, 565, 568, 569, 570, 572, 573, 574,
    576, 577, 578, 580, 581, 584, 585, 586, 588, 589, 592, 593, 596, 597, 600,
    601, 602, 604, 605, 606, 608, 609, 610, 612, 613, 614, 616, 617, 618, 620,
    621, 622, 624, 625, 628, 629, 632, 633, 636, 637, 640, 641, 642, 644, 645,
    648, 649, 652, 653, 656, 657, 660, 661, 664, 665, 668, 669, 672, 673, 676,
    677, 678, 680, 681, 682, 684, 685, 686, 688, 689, 692, 693, 696, 697, 700,
    701, 702, 704, 705, 708, 709, 710, 712, 713, 716, 717, 718, 720, 721, 722,
    724, 725, 728, 729, 732, 733, 736, 737, 740, 741, 744, 745, 746, 748, 749,
    752, 753, 754, 756, 757, 758, 760, 761, 762, 764, 765, 768, 769, 770, 772,
    773, 774, 776, 777, 780, 781, 782, 784, 785, 786, 788, 789, 792, 793, 794,
    796, 797, 800, 801, 804, 805, 806, 808, 809, 812, 813, 814, 816, 817, 820,
    821, 822, 824, 825, 828, 829, 830, 832, 833, 834, 836, 837, 840, 841, 844,
    845, 848, 849, 852, 853, 854, 856, 857, 860, 861, 864, 865, 868, 869, 870,
    872, 873, 874, 876, 877, 878, 880, 881, 882, 884, 885, 888, 889, 892, 893,
    894, 896, 897, 898, 900, 901, 902, 904, 905, 908, 909, 912, 913, 916, 917,
    920, 921, 922, 924, 925, 928, 929, 930, 932, 933, 936, 937, 938, 940, 941,
    944, 945, 946, 948, 949, 950, 952, 953, 954, 956, 957, 960, 961, 964, 965,
    968, 969, 972, 973, 974, 976, 977, 978, 980, 981, 984, 985, 986, 988, 989,
    990, 992, 993, 996, 997, 1000, 1001, 1002, 1004, 1005, 1008, 1009, 1012,
    1013, 1016, 1017, 1020, 1021, 1024, 1025, 1028, 1029, 1030, 1032, 1033,
    1036, 1037, 1038, 1040, 1041, 1042, 1044, 1045, 1048, 1049, 1050, 1052,
    1053, 1054, 1056, 1057, 1060, 1061, 1064, 1065, 1068, 1069, 1072, 1073,
    1076, 1077, 1078, 1080, 1081, 1084, 1085, 1088, 1089, 1090, 1092, 1093,
    1094, 1096, 1097, 1100, 1101, 1102, 1104, 1105, 1106, 1108, 1109, 1110,
    1112, 1113, 1114, 1116, 1117, 1118, 1120, 1121, 1122, 1124, 1125, 1128,
    1129, 1130, 1132, 1133, 1134, 1136, 1137, 1138, 1140, 1141, 1144, 1145,
    1148, 1149, 1150, 1152, 1153, 1156, 1157, 1160, 1161, 1164, 1165, 1166,
    1168, 1169, 1172, 1173, 1174, 1176, 1177, 1178, 1180, 1181, 1182, 1184,
    1185, 1186, 1188, 1189, 1190, 1192, 1193, 1196, 1197, 1198, 1200, 1201,
    1204, 1205, 1208, 1209, 1212, 1213, 1214, 1216, 1217, 1220, 1221, 1224,
    1225, 1226, 1228, 1229, 1230, 1232, 1233, 1234, 1236, 1237, 1238, 1240,
    1241, 1242, 1244, 1245, 1246, 1248, 1249, 1252, 1253, 1254, 1256, 1257,
    1260, 1261, 1262, 1264, 1265, 1266, 1268, 1269, 1272, 1273, 1274, 1276,
    1277, 1278, 1280, 1281, 1284, 1285, 1288, 1289, 1290, 1292, 1293, 1296,
    1297, 1298, 1300, 1301, 1302, 1304, 1305, 1306, 1308, 1309, 1312, 1313,
    1314, 1316, 1317, 1318, 1320, 1321, 1324, 1325, 1326, 1328, 1329, 1332,
    1333, 1334, 1336, 1337, 1340, 1341, 1342, 1344, 1345, 1348, 1349, 1350,
    1352, 1353, 1354, 1356, 1357, 1358, 1360, 1361, 1364, 1365, 1366, 1368,
    1369, 1370, 1372, 1373, 1376, 1377, 1380, 1381, 1382, 1384, 1385, 1386,
    1388, 1389, 1390, 1392, 1393, 1394, 1396, 1397, 1398, 1400, 1401, 1402,
    1404, 1405, 1408, 1409, 1410, 1412, 1413, 1414, 1416, 1417, 1420, 1421,
    1424, 1425, 1426, 1428, 1429, 1432, 1433, 1436, 1437
[1] 2, 3, 7, 11, 14, 15, 18, 19, 22, 23, 27, 30, 31, 34, 35, 39, 42, 43, 46,
    47, 50, 51, 54, 55, 58, 59, 62, 63, 67, 71, 74, 75, 79, 82, 83, 87, 90,
    91, 94, 95, 98, 99, 103, 107, 111, 115, 118, 119, 122, 123, 126, 127, 130,
    131, 135, 138, 139, 142, 143, 146, 147, 150, 151, 155, 158, 159, 162, 163,
    166, 167, 170, 171, 174, 175, 178, 179, 182, 183, 187, 190, 191, 194, 195,
    198, 199, 202, 203, 207, 210, 211, 214, 215, 218, 219, 222, 223, 226, 227,
    231, 235, 239, 242, 243, 246, 247, 250, 251, 254, 255, 258, 259, 263, 267,
    270, 271, 274, 275, 278, 279, 282, 283, 286, 287, 291, 295, 298, 299, 302,
    303, 307, 311, 315, 318, 319, 323, 327, 330, 331, 334, 335, 339, 342, 343,
    346, 347, 350, 351, 354, 355, 358, 359, 363, 367, 370, 371, 374, 375, 379,
    383, 387, 390, 391, 394, 395, 399, 403, 406, 407, 410, 411, 414, 415, 419,
    422, 423, 426, 427, 430, 431, 435, 438, 439, 443, 446, 447, 450, 451, 454,
    455, 458, 459, 463, 467, 470, 471, 474, 475, 478, 479, 482, 483, 486, 487,
    491, 494, 495, 498, 499, 502, 503, 506, 507, 510, 511, 515, 519, 523, 526,
    527, 530, 531, 535, 539, 543, 546, 547, 551, 554, 555, 559, 563, 566, 567,
    571, 575, 579, 582, 583, 587, 590, 591, 594, 595, 598, 599, 603, 607, 611,
    615, 619, 623, 626, 627, 630, 631, 634, 635, 638, 639, 643, 646, 647, 650,
    651, 654, 655, 658, 659, 662, 663, 666, 667, 670, 671, 674, 675, 679, 683,
    687, 690, 691, 694, 695, 698, 699, 703, 706, 707, 711, 714, 715, 719, 723,
    726, 727, 730, 731, 734, 735, 738, 739, 742, 743, 747, 750, 751, 755, 759,
    763, 766, 767, 771, 775, 778, 779, 783, 787, 790, 791, 795, 798, 799, 802,
    803, 807, 810, 811, 815, 818, 819, 823, 826, 827, 831, 835, 838, 839, 842,
    843, 846, 847, 850, 851, 855, 858, 859, 862, 863, 866, 867, 871, 875, 879,
    883, 886, 887, 890, 891, 895, 899, 903, 906, 907, 910, 911, 914, 915, 918,
    919, 923, 926, 927, 931, 934, 935, 939, 942, 943, 947, 951, 955, 958, 959,
    962, 963, 966, 967, 970, 971, 975, 979, 982, 983, 987, 991, 994, 995, 998,
    999, 1003, 1006, 1007, 1010, 1011, 1014, 1015, 1018, 1019, 1022, 1023,
    1026, 1027, 1031, 1034, 1035, 1039, 1043, 1046, 1047, 1051, 1055, 1058,
    1059, 1062, 1063, 1066, 1067, 1070, 1071, 1074, 1075, 1079, 1082, 1083,
    1086, 1087, 1091, 1095, 1098, 1099, 1103, 1107, 1111, 1115, 1119, 1123,
    1126, 1127, 1131, 1135, 1139, 1142, 1143, 1146, 1147, 1151, 1154, 1155,
    1158, 1159, 1162, 1163, 1167, 1170, 1171, 1175, 1179, 1183, 1187, 1191,
    1194, 1195, 1199, 1202, 1203, 1206, 1207, 1210, 1211, 1215, 1218, 1219,
    1222, 1223, 1227, 1231, 1235, 1239, 1243, 1247, 1250, 1251, 1255, 1258,
    1259, 1263, 1267, 1270, 1271, 1275, 1279, 1282, 1283, 1286, 1287, 1291,
    1294, 1295, 1299, 1303, 1307, 1310, 1311, 1315, 1319, 1322, 1323, 1327,
    1330, 1331, 1335, 1338, 1339, 1343, 1346, 1347, 1351, 1355, 1359, 1362,
    1363, 1367, 1371, 1374, 1375, 1378, 1379, 1383, 1387, 1391, 1395, 1399,
    1403, 1406, 1407, 1411, 1415, 1418, 1419, 1422, 1423, 1427, 1430, 1431,
    1434, 1435, 1438, 1439

Reassigned labels

Runtime: 2.186784267425537

Performance split_log:

IM without threshold:
Map:
{"L_0": "L", "L_1": "L"}
token_fitness
{"perc_fit_traces": 0.0, "average_trace_fitness": 0.9528500000000155, "log_fitness": 0.9532010482965182, "percentage_of_fitting_traces": 0.0}
precision
0.6196415320509161
0.6842105263157894
generalization
0.8060206097553148

Adjusted Rand Index:
0.3416382540543356



Parameters of this run:

Window size: 5
Threshold for edges: 0.5
Split candidates: L
Max number of traces: 5000000
Method for distance calculation: Distance.SET_DISTANCE
Method for finding clusters: ClusteringMethod.COMMUNITY_DETECTION
Original log location: ./data/noImprInLoop_default_OD\feb16-1625\logs\P_1_LogD_Sequence_feb16-1625.xes.gz
Use frequency: True

Found communities: 

Clustering with 1440 elements and 2 clusters
[0] 0, 1, 4, 5, 6, 8, 9, 10, 12, 13, 16, 17, 20, 21, 24, 25, 26, 28, 29, 32,
    33, 36, 37, 38, 40, 41, 44, 45, 48, 49, 52, 53, 56, 57, 60, 61, 64, 65,
    66, 68, 69, 70, 72, 73, 76, 77, 78, 80, 81, 84, 85, 86, 88, 89, 92, 93,
    96, 97, 100, 101, 102, 104, 105, 106, 108, 109, 110, 112, 113, 114, 116,
    117, 120, 121, 124, 125, 128, 129, 132, 133, 134, 136, 137, 140, 141, 144,
    145, 148, 149, 152, 153, 154, 156, 157, 160, 161, 164, 165, 168, 169, 172,
    173, 176, 177, 180, 181, 184, 185, 186, 188, 189, 192, 193, 196, 197, 200,
    201, 204, 205, 206, 208, 209, 212, 213, 216, 217, 220, 221, 224, 225, 228,
    229, 230, 232, 233, 234, 236, 237, 238, 240, 241, 244, 245, 248, 249, 252,
    253, 256, 257, 260, 261, 262, 264, 265, 266, 268, 269, 272, 273, 276, 277,
    280, 281, 284, 285, 288, 289, 290, 292, 293, 294, 296, 297, 300, 301, 304,
    305, 306, 308, 309, 310, 312, 313, 314, 316, 317, 320, 321, 322, 324, 325,
    326, 328, 329, 332, 333, 336, 337, 338, 340, 341, 344, 345, 348, 349, 352,
    353, 356, 357, 360, 361, 362, 364, 365, 366, 368, 369, 372, 373, 376, 377,
    378, 380, 381, 382, 384, 385, 386, 388, 389, 392, 393, 396, 397, 398, 400,
    401, 402, 404, 405, 408, 409, 412, 413, 416, 417, 418, 420, 421, 424, 425,
    428, 429, 432, 433, 434, 436, 437, 440, 441, 442, 444, 445, 448, 449, 452,
    453, 456, 457, 460, 461, 462, 464, 465, 466, 468, 469, 472, 473, 476, 477,
    480, 481, 484, 485, 488, 489, 490, 492, 493, 496, 497, 500, 501, 504, 505,
    508, 509, 512, 513, 514, 516, 517, 518, 520, 521, 522, 524, 525, 528, 529,
    532, 533, 534, 536, 537, 538, 540, 541, 542, 544, 545, 548, 549, 550, 552,
    553, 556, 557, 558, 560, 561, 562, 564, 565, 568, 569, 570, 572, 573, 574,
    576, 577, 578, 580, 581, 584, 585, 586, 588, 589, 592, 593, 596, 597, 600,
    601, 602, 604, 605, 606, 608, 609, 610, 612, 613, 614, 616, 617, 618, 620,
    621, 622, 624, 625, 628, 629, 632, 633, 636, 637, 640, 641, 642, 644, 645,
    648, 649, 652, 653, 656, 657, 660, 661, 664, 665, 668, 669, 672, 673, 676,
    677, 678, 680, 681, 682, 684, 685, 686, 688, 689, 692, 693, 696, 697, 700,
    701, 702, 704, 705, 708, 709, 710, 712, 713, 716, 717, 718, 720, 721, 722,
    724, 725, 728, 729, 732, 733, 736, 737, 740, 741, 744, 745, 746, 748, 749,
    752, 753, 754, 756, 757, 758, 760, 761, 762, 764, 765, 768, 769, 770, 772,
    773, 774, 776, 777, 780, 781, 782, 784, 785, 786, 788, 789, 792, 793, 794,
    796, 797, 800, 801, 804, 805, 806, 808, 809, 812, 813, 814, 816, 817, 820,
    821, 822, 824, 825, 828, 829, 830, 832, 833, 834, 836, 837, 840, 841, 844,
    845, 848, 849, 852, 853, 854, 856, 857, 860, 861, 864, 865, 868, 869, 870,
    872, 873, 874, 876, 877, 878, 880, 881, 882, 884, 885, 888, 889, 892, 893,
    894, 896, 897, 898, 900, 901, 902, 904, 905, 908, 909, 912, 913, 916, 917,
    920, 921, 922, 924, 925, 928, 929, 930, 932, 933, 936, 937, 938, 940, 941,
    944, 945, 946, 948, 949, 950, 952, 953, 954, 956, 957, 960, 961, 964, 965,
    968, 969, 972, 973, 974, 976, 977, 978, 980, 981, 984, 985, 986, 988, 989,
    990, 992, 993, 996, 997, 1000, 1001, 1002, 1004, 1005, 1008, 1009, 1012,
    1013, 1016, 1017, 1020, 1021, 1024, 1025, 1028, 1029, 1030, 1032, 1033,
    1036, 1037, 1038, 1040, 1041, 1042, 1044, 1045, 1048, 1049, 1050, 1052,
    1053, 1054, 1056, 1057, 1060, 1061, 1064, 1065, 1068, 1069, 1072, 1073,
    1076, 1077, 1078, 1080, 1081, 1084, 1085, 1088, 1089, 1090, 1092, 1093,
    1094, 1096, 1097, 1100, 1101, 1102, 1104, 1105, 1106, 1108, 1109, 1110,
    1112, 1113, 1114, 1116, 1117, 1118, 1120, 1121, 1122, 1124, 1125, 1128,
    1129, 1130, 1132, 1133, 1134, 1136, 1137, 1138, 1140, 1141, 1144, 1145,
    1148, 1149, 1150, 1152, 1153, 1156, 1157, 1160, 1161, 1164, 1165, 1166,
    1168, 1169, 1172, 1173, 1174, 1176, 1177, 1178, 1180, 1181, 1182, 1184,
    1185, 1186, 1188, 1189, 1190, 1192, 1193, 1196, 1197, 1198, 1200, 1201,
    1204, 1205, 1208, 1209, 1212, 1213, 1214, 1216, 1217, 1220, 1221, 1224,
    1225, 1226, 1228, 1229, 1230, 1232, 1233, 1234, 1236, 1237, 1238, 1240,
    1241, 1242, 1244, 1245, 1246, 1248, 1249, 1252, 1253, 1254, 1256, 1257,
    1260, 1261, 1262, 1264, 1265, 1266, 1268, 1269, 1272, 1273, 1274, 1276,
    1277, 1278, 1280, 1281, 1284, 1285, 1288, 1289, 1290, 1292, 1293, 1296,
    1297, 1298, 1300, 1301, 1302, 1304, 1305, 1306, 1308, 1309, 1312, 1313,
    1314, 1316, 1317, 1318, 1320, 1321, 1324, 1325, 1326, 1328, 1329, 1332,
    1333, 1334, 1336, 1337, 1340, 1341, 1342, 1344, 1345, 1348, 1349, 1350,
    1352, 1353, 1354, 1356, 1357, 1358, 1360, 1361, 1364, 1365, 1366, 1368,
    1369, 1370, 1372, 1373, 1376, 1377, 1380, 1381, 1382, 1384, 1385, 1386,
    1388, 1389, 1390, 1392, 1393, 1394, 1396, 1397, 1398, 1400, 1401, 1402,
    1404, 1405, 1408, 1409, 1410, 1412, 1413, 1414, 1416, 1417, 1420, 1421,
    1424, 1425, 1426, 1428, 1429, 1432, 1433, 1436, 1437
[1] 2, 3, 7, 11, 14, 15, 18, 19, 22, 23, 27, 30, 31, 34, 35, 39, 42, 43, 46,
    47, 50, 51, 54, 55, 58, 59, 62, 63, 67, 71, 74, 75, 79, 82, 83, 87, 90,
    91, 94, 95, 98, 99, 103, 107, 111, 115, 118, 119, 122, 123, 126, 127, 130,
    131, 135, 138, 139, 142, 143, 146, 147, 150, 151, 155, 158, 159, 162, 163,
    166, 167, 170, 171, 174, 175, 178, 179, 182, 183, 187, 190, 191, 194, 195,
    198, 199, 202, 203, 207, 210, 211, 214, 215, 218, 219, 222, 223, 226, 227,
    231, 235, 239, 242, 243, 246, 247, 250, 251, 254, 255, 258, 259, 263, 267,
    270, 271, 274, 275, 278, 279, 282, 283, 286, 287, 291, 295, 298, 299, 302,
    303, 307, 311, 315, 318, 319, 323, 327, 330, 331, 334, 335, 339, 342, 343,
    346, 347, 350, 351, 354, 355, 358, 359, 363, 367, 370, 371, 374, 375, 379,
    383, 387, 390, 391, 394, 395, 399, 403, 406, 407, 410, 411, 414, 415, 419,
    422, 423, 426, 427, 430, 431, 435, 438, 439, 443, 446, 447, 450, 451, 454,
    455, 458, 459, 463, 467, 470, 471, 474, 475, 478, 479, 482, 483, 486, 487,
    491, 494, 495, 498, 499, 502, 503, 506, 507, 510, 511, 515, 519, 523, 526,
    527, 530, 531, 535, 539, 543, 546, 547, 551, 554, 555, 559, 563, 566, 567,
    571, 575, 579, 582, 583, 587, 590, 591, 594, 595, 598, 599, 603, 607, 611,
    615, 619, 623, 626, 627, 630, 631, 634, 635, 638, 639, 643, 646, 647, 650,
    651, 654, 655, 658, 659, 662, 663, 666, 667, 670, 671, 674, 675, 679, 683,
    687, 690, 691, 694, 695, 698, 699, 703, 706, 707, 711, 714, 715, 719, 723,
    726, 727, 730, 731, 734, 735, 738, 739, 742, 743, 747, 750, 751, 755, 759,
    763, 766, 767, 771, 775, 778, 779, 783, 787, 790, 791, 795, 798, 799, 802,
    803, 807, 810, 811, 815, 818, 819, 823, 826, 827, 831, 835, 838, 839, 842,
    843, 846, 847, 850, 851, 855, 858, 859, 862, 863, 866, 867, 871, 875, 879,
    883, 886, 887, 890, 891, 895, 899, 903, 906, 907, 910, 911, 914, 915, 918,
    919, 923, 926, 927, 931, 934, 935, 939, 942, 943, 947, 951, 955, 958, 959,
    962, 963, 966, 967, 970, 971, 975, 979, 982, 983, 987, 991, 994, 995, 998,
    999, 1003, 1006, 1007, 1010, 1011, 1014, 1015, 1018, 1019, 1022, 1023,
    1026, 1027, 1031, 1034, 1035, 1039, 1043, 1046, 1047, 1051, 1055, 1058,
    1059, 1062, 1063, 1066, 1067, 1070, 1071, 1074, 1075, 1079, 1082, 1083,
    1086, 1087, 1091, 1095, 1098, 1099, 1103, 1107, 1111, 1115, 1119, 1123,
    1126, 1127, 1131, 1135, 1139, 1142, 1143, 1146, 1147, 1151, 1154, 1155,
    1158, 1159, 1162, 1163, 1167, 1170, 1171, 1175, 1179, 1183, 1187, 1191,
    1194, 1195, 1199, 1202, 1203, 1206, 1207, 1210, 1211, 1215, 1218, 1219,
    1222, 1223, 1227, 1231, 1235, 1239, 1243, 1247, 1250, 1251, 1255, 1258,
    1259, 1263, 1267, 1270, 1271, 1275, 1279, 1282, 1283, 1286, 1287, 1291,
    1294, 1295, 1299, 1303, 1307, 1310, 1311, 1315, 1319, 1322, 1323, 1327,
    1330, 1331, 1335, 1338, 1339, 1343, 1346, 1347, 1351, 1355, 1359, 1362,
    1363, 1367, 1371, 1374, 1375, 1378, 1379, 1383, 1387, 1391, 1395, 1399,
    1403, 1406, 1407, 1411, 1415, 1418, 1419, 1422, 1423, 1427, 1430, 1431,
    1434, 1435, 1438, 1439

Reassigned labels

Runtime: 2.124799966812134

Performance split_log:

IM without threshold:
Map:
{"L_0": "L", "L_1": "L"}
token_fitness
{"perc_fit_traces": 0.0, "average_trace_fitness": 0.9528500000000155, "log_fitness": 0.9532010482965182, "percentage_of_fitting_traces": 0.0}
precision
0.6196415320509161
0.6842105263157894
generalization
0.8060206097553148

Adjusted Rand Index:
0.3416382540543356



Parameters of this run:

Window size: 5
Threshold for edges: 0.75
Split candidates: L
Max number of traces: 5000000
Method for distance calculation: Distance.SET_DISTANCE
Method for finding clusters: ClusteringMethod.COMMUNITY_DETECTION
Original log location: ./data/noImprInLoop_default_OD\feb16-1625\logs\P_1_LogD_Sequence_feb16-1625.xes.gz
Use frequency: True

Found communities: 

Clustering with 1440 elements and 4 clusters
[0] 0, 1, 4, 5, 6, 12, 13, 16, 17, 20, 21, 36, 37, 38, 44, 45, 48, 49, 64, 65,
    66, 68, 69, 70, 72, 73, 76, 77, 78, 80, 81, 88, 89, 108, 109, 110, 112,
    113, 114, 116, 117, 120, 121, 128, 129, 136, 137, 140, 141, 144, 145, 148,
    149, 152, 153, 154, 156, 157, 160, 161, 164, 165, 172, 173, 176, 177, 180,
    181, 184, 185, 186, 188, 189, 200, 201, 204, 205, 206, 212, 213, 216, 217,
    220, 221, 228, 229, 230, 232, 233, 234, 248, 249, 252, 253, 256, 257, 260,
    261, 262, 264, 265, 266, 268, 269, 276, 277, 280, 281, 284, 285, 288, 289,
    290, 292, 293, 294, 296, 297, 304, 305, 306, 308, 309, 310, 316, 317, 320,
    321, 322, 328, 329, 336, 337, 338, 352, 353, 364, 365, 366, 368, 369, 376,
    377, 378, 380, 381, 382, 384, 385, 386, 388, 389, 416, 417, 418, 428, 429,
    432, 433, 434, 440, 441, 442, 448, 449, 452, 453, 456, 457, 464, 465, 466,
    472, 473, 476, 477, 484, 485, 488, 489, 490, 496, 497, 500, 501, 504, 505,
    508, 509, 516, 517, 518, 520, 521, 522, 524, 525, 528, 529, 532, 533, 534,
    536, 537, 538, 544, 545, 552, 553, 556, 557, 558, 560, 561, 562, 564, 565,
    568, 569, 570, 572, 573, 574, 576, 577, 578, 580, 581, 588, 589, 596, 597,
    600, 601, 602, 608, 609, 610, 612, 613, 614, 620, 621, 622, 628, 629, 636,
    637, 640, 641, 642, 644, 645, 652, 653, 656, 657, 660, 661, 668, 669, 680,
    681, 682, 688, 689, 692, 693, 696, 697, 704, 705, 708, 709, 710, 712, 713,
    736, 737, 740, 741, 744, 745, 746, 756, 757, 758, 764, 765, 768, 769, 770,
    772, 773, 774, 780, 781, 782, 784, 785, 786, 788, 789, 800, 801, 804, 805,
    806, 812, 813, 814, 816, 817, 820, 821, 822, 824, 825, 828, 829, 830, 832,
    833, 834, 836, 837, 840, 841, 856, 857, 860, 861, 868, 869, 870, 872, 873,
    874, 876, 877, 878, 880, 881, 882, 884, 885, 904, 905, 908, 909, 912, 913,
    916, 917, 920, 921, 922, 924, 925, 928, 929, 930, 940, 941, 948, 949, 950,
    952, 953, 954, 960, 961, 964, 965, 976, 977, 978, 980, 981, 988, 989, 990,
    992, 993, 996, 997, 1000, 1001, 1002, 1012, 1013, 1016, 1017, 1020, 1021,
    1024, 1025, 1032, 1033, 1044, 1045, 1056, 1057, 1068, 1069, 1072, 1073,
    1076, 1077, 1078, 1080, 1081, 1092, 1093, 1094, 1096, 1097, 1108, 1109,
    1110, 1120, 1121, 1122, 1124, 1125, 1128, 1129, 1130, 1132, 1133, 1134,
    1136, 1137, 1138, 1140, 1141, 1148, 1149, 1150, 1152, 1153, 1160, 1161,
    1164, 1165, 1166, 1168, 1169, 1172, 1173, 1174, 1176, 1177, 1178, 1184,
    1185, 1186, 1192, 1193, 1208, 1209, 1220, 1221, 1224, 1225, 1226, 1232,
    1233, 1234, 1240, 1241, 1242, 1248, 1249, 1264, 1265, 1266, 1268, 1269,
    1272, 1273, 1274, 1280, 1281, 1284, 1285, 1288, 1289, 1290, 1296, 1297,
    1298, 1312, 1313, 1314, 1316, 1317, 1318, 1328, 1329, 1332, 1333, 1334,
    1340, 1341, 1342, 1348, 1349, 1350, 1356, 1357, 1358, 1360, 1361, 1368,
    1369, 1370, 1372, 1373, 1376, 1377, 1380, 1381, 1382, 1384, 1385, 1386,
    1388, 1389, 1390, 1392, 1393, 1394, 1400, 1401, 1402, 1412, 1413, 1414,
    1420, 1421
[1] 3, 11, 15, 19, 23, 27, 30, 31, 35, 43, 47, 51, 55, 59, 63, 67, 74, 75, 79,
    83, 87, 91, 95, 99, 103, 107, 111, 115, 119, 122, 123, 126, 127, 131, 135,
    139, 142, 143, 147, 151, 155, 159, 163, 171, 175, 179, 183, 187, 195, 199,
    202, 203, 215, 219, 227, 239, 242, 243, 246, 247, 251, 255, 259, 263, 267,
    271, 275, 278, 279, 283, 287, 291, 295, 299, 303, 307, 311, 315, 318, 319,
    323, 331, 339, 343, 347, 350, 351, 354, 355, 358, 359, 367, 370, 371, 375,
    379, 383, 390, 391, 395, 399, 406, 407, 415, 419, 423, 427, 430, 431, 435,
    439, 443, 447, 451, 455, 458, 459, 463, 467, 471, 475, 479, 483, 487, 491,
    499, 503, 507, 511, 515, 519, 527, 531, 539, 543, 547, 555, 567, 571, 575,
    583, 591, 599, 603, 607, 615, 619, 631, 635, 639, 647, 651, 654, 655, 659,
    663, 667, 675, 679, 683, 687, 691, 695, 699, 707, 711, 719, 723, 727, 731,
    734, 735, 738, 739, 743, 747, 751, 755, 759, 763, 767, 771, 775, 779, 783,
    787, 791, 795, 799, 803, 807, 811, 815, 819, 823, 827, 831, 835, 839, 843,
    847, 851, 858, 859, 867, 871, 875, 879, 883, 895, 899, 903, 910, 911, 915,
    923, 926, 927, 931, 934, 935, 939, 943, 951, 955, 959, 963, 967, 970, 971,
    975, 979, 983, 987, 991, 994, 995, 999, 1003, 1006, 1007, 1014, 1015,
    1019, 1023, 1027, 1031, 1035, 1039, 1043, 1051, 1055, 1059, 1063, 1067,
    1071, 1074, 1075, 1079, 1083, 1086, 1087, 1091, 1099, 1103, 1107, 1111,
    1115, 1119, 1123, 1131, 1135, 1139, 1143, 1147, 1154, 1155, 1158, 1159,
    1162, 1163, 1167, 1171, 1175, 1179, 1183, 1187, 1191, 1195, 1199, 1203,
    1207, 1211, 1215, 1219, 1223, 1227, 1231, 1235, 1239, 1243, 1247, 1251,
    1255, 1259, 1263, 1270, 1271, 1275, 1283, 1286, 1287, 1295, 1299, 1303,
    1307, 1311, 1319, 1322, 1323, 1327, 1331, 1335, 1339, 1343, 1347, 1351,
    1359, 1363, 1375, 1379, 1383, 1391, 1395, 1399, 1403, 1407, 1415, 1418,
    1419, 1423, 1427, 1431, 1435, 1439
[2] 8, 9, 10, 24, 25, 26, 28, 29, 32, 33, 40, 41, 52, 53, 56, 57, 60, 61, 84,
    85, 86, 92, 93, 96, 97, 100, 101, 102, 104, 105, 106, 124, 125, 132, 133,
    134, 168, 169, 192, 193, 196, 197, 208, 209, 224, 225, 236, 237, 238, 240,
    241, 244, 245, 272, 273, 300, 301, 312, 313, 314, 324, 325, 326, 332, 333,
    340, 341, 344, 345, 348, 349, 356, 357, 360, 361, 362, 372, 373, 392, 393,
    396, 397, 398, 400, 401, 402, 404, 405, 408, 409, 412, 413, 420, 421, 424,
    425, 436, 437, 444, 445, 460, 461, 462, 468, 469, 480, 481, 492, 493, 512,
    513, 514, 540, 541, 542, 548, 549, 550, 584, 585, 586, 592, 593, 604, 605,
    606, 616, 617, 618, 624, 625, 632, 633, 648, 649, 664, 665, 672, 673, 676,
    677, 678, 684, 685, 686, 700, 701, 702, 716, 717, 718, 720, 721, 722, 724,
    725, 728, 729, 732, 733, 748, 749, 752, 753, 754, 760, 761, 762, 776, 777,
    792, 793, 794, 796, 797, 808, 809, 844, 845, 848, 849, 852, 853, 854, 864,
    865, 888, 889, 892, 893, 894, 896, 897, 898, 900, 901, 902, 932, 933, 936,
    937, 938, 944, 945, 946, 956, 957, 968, 969, 972, 973, 974, 984, 985, 986,
    1004, 1005, 1008, 1009, 1028, 1029, 1030, 1036, 1037, 1038, 1040, 1041,
    1042, 1048, 1049, 1050, 1052, 1053, 1054, 1060, 1061, 1064, 1065, 1084,
    1085, 1088, 1089, 1090, 1100, 1101, 1102, 1104, 1105, 1106, 1112, 1113,
    1114, 1116, 1117, 1118, 1144, 1145, 1156, 1157, 1180, 1181, 1182, 1188,
    1189, 1190, 1196, 1197, 1198, 1200, 1201, 1204, 1205, 1212, 1213, 1214,
    1216, 1217, 1228, 1229, 1230, 1236, 1237, 1238, 1244, 1245, 1246, 1252,
    1253, 1254, 1256, 1257, 1260, 1261, 1262, 1276, 1277, 1278, 1292, 1293,
    1300, 1301, 1302, 1304, 1305, 1306, 1308, 1309, 1320, 1321, 1324, 1325,
    1326, 1336, 1337, 1344, 1345, 1352, 1353, 1354, 1364, 1365, 1366, 1396,
    1397, 1398, 1404, 1405, 1408, 1409, 1410, 1416, 1417, 1424, 1425, 1426,
    1428, 1429, 1432, 1433, 1436, 1437
[3] 2, 7, 14, 18, 22, 34, 39, 42, 46, 50, 54, 58, 62, 71, 82, 90, 94, 98, 118,
    130, 138, 146, 150, 158, 162, 166, 167, 170, 174, 178, 182, 190, 191, 194,
    198, 207, 210, 211, 214, 218, 222, 223, 226, 231, 235, 250, 254, 258, 270,
    274, 282, 286, 298, 302, 327, 330, 334, 335, 342, 346, 363, 374, 387, 394,
    403, 410, 411, 414, 422, 426, 438, 446, 450, 454, 470, 474, 478, 482, 486,
    494, 495, 498, 502, 506, 510, 523, 526, 530, 535, 546, 551, 554, 559, 563,
    566, 579, 582, 587, 590, 594, 595, 598, 611, 623, 626, 627, 630, 634, 638,
    643, 646, 650, 658, 662, 666, 670, 671, 674, 690, 694, 698, 703, 706, 714,
    715, 726, 730, 742, 750, 766, 778, 790, 798, 802, 810, 818, 826, 838, 842,
    846, 850, 855, 862, 863, 866, 886, 887, 890, 891, 906, 907, 914, 918, 919,
    942, 947, 958, 962, 966, 982, 998, 1010, 1011, 1018, 1022, 1026, 1034,
    1046, 1047, 1058, 1062, 1066, 1070, 1082, 1095, 1098, 1126, 1127, 1142,
    1146, 1151, 1170, 1194, 1202, 1206, 1210, 1218, 1222, 1250, 1258, 1267,
    1279, 1282, 1291, 1294, 1310, 1315, 1330, 1338, 1346, 1355, 1362, 1367,
    1371, 1374, 1378, 1387, 1406, 1411, 1422, 1430, 1434, 1438

Reassigned labels

Runtime: 1.7246406078338623

Performance split_log:

IM without threshold:
Map:
{"L_0": "L", "L_1": "L", "L_2": "L", "L_3": "L"}
token_fitness
{"perc_fit_traces": 100.0, "average_trace_fitness": 1.0, "log_fitness": 1.0, "percentage_of_fitting_traces": 100.0}
precision
0.6300587250551377
0.6888888888888889
generalization
0.6107962940103806

Adjusted Rand Index:
0.2509354158426641



Parameters of this run:

Window size: 5
Threshold for edges: 1
Split candidates: L
Max number of traces: 5000000
Method for distance calculation: Distance.SET_DISTANCE
Method for finding clusters: ClusteringMethod.COMMUNITY_DETECTION
Original log location: ./data/noImprInLoop_default_OD\feb16-1625\logs\P_1_LogD_Sequence_feb16-1625.xes.gz
Use frequency: True

Found communities: 

Clustering with 1440 elements and 70 clusters
[ 0] 3, 15, 19, 23, 31, 35, 51, 59, 67, 75, 79, 91, 103, 119, 123, 127, 135,
     143, 147, 151, 163, 171, 175, 179, 187, 195, 199, 203, 227, 239, 243,
     247, 255, 267, 271, 275, 279, 283, 287, 299, 303, 315, 319, 323, 339,
     351, 355, 359, 371, 375, 379, 383, 391, 407, 419, 427, 431, 435, 439,
     459, 463, 467, 479, 503, 547, 555, 567, 575, 591, 615, 619, 631, 651,
     655, 663, 675, 679, 683, 687, 695, 699, 707, 711, 719, 723, 727, 731,
     735, 739, 743, 751, 767, 771, 775, 779, 783, 787, 791, 803, 831, 835,
     847, 851, 859, 867, 871, 875, 879, 895, 911, 915, 923, 927, 935, 939,
     943, 955, 971, 979, 991, 995, 999, 1007, 1015, 1023, 1027, 1031, 1035,
     1043, 1055, 1059, 1063, 1075, 1087, 1103, 1111, 1115, 1119, 1123, 1131,
     1135, 1139, 1155, 1159, 1163, 1167, 1171, 1179, 1183, 1203, 1211, 1219,
     1223, 1231, 1235, 1247, 1255, 1263, 1271, 1287, 1299, 1307, 1319, 1323,
     1327, 1339, 1343, 1347, 1363, 1375, 1383, 1395, 1419, 1427, 1435
[ 1] 11, 27, 47, 63, 87, 95, 111, 155, 159, 183, 219, 251, 263, 291, 295, 307,
     311, 331, 347, 367, 399, 423, 443, 447, 451, 455, 475, 483, 487, 491,
     499, 507, 511, 515, 519, 531, 539, 543, 571, 583, 599, 603, 607, 635,
     639, 647, 659, 667, 755, 759, 795, 799, 811, 819, 823, 827, 839, 843,
     883, 903, 931, 951, 959, 963, 967, 975, 983, 987, 1003, 1019, 1039, 1051,
     1067, 1107, 1143, 1147, 1175, 1187, 1199, 1207, 1215, 1239, 1251, 1259,
     1275, 1283, 1311, 1335, 1359, 1379, 1391, 1403, 1407, 1415, 1423, 1431,
     1439
[ 2] 9, 25, 57, 61, 85, 93, 101, 133, 197, 225, 237, 273, 326, 345, 373, 397,
     398, 421, 425, 437, 445, 461, 481, 513, 514, 541, 586, 605, 617, 633,
     649, 665, 673, 685, 717, 725, 729, 753, 754, 777, 793, 794, 797, 809,
     845, 854, 865, 893, 901, 937, 957, 973, 985, 986, 1029, 1037, 1038, 1041,
     1049, 1050, 1053, 1065, 1101, 1105, 1113, 1117, 1145, 1181, 1197, 1198,
     1201, 1205, 1213, 1214, 1217, 1229, 1237, 1238, 1253, 1257, 1261, 1305,
     1309, 1325, 1337, 1345, 1354, 1405, 1429, 1433, 1437
[ 3] 8, 24, 40, 100, 104, 168, 208, 236, 300, 312, 324, 332, 340, 360, 392,
     400, 408, 412, 420, 424, 492, 548, 584, 592, 624, 672, 676, 700, 716,
     720, 748, 760, 776, 792, 852, 888, 896, 944, 972, 1008, 1048, 1060, 1064,
     1088, 1180, 1188, 1212, 1236, 1244, 1252, 1256, 1260, 1276, 1300, 1304,
     1324, 1352, 1364, 1396, 1408, 1424, 1428, 1432
[ 4] 18, 50, 58, 62, 90, 94, 150, 158, 178, 182, 198, 218, 226, 274, 282, 298,
     330, 346, 374, 438, 446, 454, 474, 478, 498, 502, 506, 510, 530, 554,
     582, 658, 666, 706, 726, 730, 766, 790, 798, 810, 914, 942, 958, 962,
     998, 1022, 1034, 1142, 1202, 1250, 1310, 1378, 1406, 1438
[ 5] 21, 38, 65, 77, 89, 149, 153, 157, 181, 185, 249, 261, 265, 281, 285,
     289, 290, 293, 365, 485, 489, 490, 497, 501, 537, 581, 597, 601, 602,
     629, 637, 657, 757, 758, 765, 873, 921, 953, 977, 989, 1017, 1021, 1057,
     1133, 1141, 1165, 1169, 1185, 1273, 1274, 1281, 1370, 1393
[ 6] 7, 39, 71, 167, 191, 207, 211, 223, 231, 235, 327, 335, 363, 387, 403,
     411, 495, 523, 535, 551, 559, 563, 579, 587, 595, 611, 623, 627, 643,
     671, 703, 715, 855, 863, 887, 891, 907, 919, 947, 1011, 1047, 1095, 1127,
     1151, 1267, 1279, 1291, 1315, 1355, 1367, 1371, 1387, 1411
[ 7] 1, 45, 49, 109, 173, 177, 305, 309, 310, 329, 337, 381, 417, 453, 477,
     509, 534, 553, 565, 569, 570, 573, 589, 613, 645, 769, 773, 781, 821,
     822, 837, 841, 941, 949, 961, 981, 997, 1137, 1173, 1249, 1317, 1333,
     1334, 1373, 1413, 1414
[ 8] 13, 17, 145, 206, 217, 253, 269, 297, 321, 386, 441, 442, 449, 473, 505,
     517, 529, 693, 697, 705, 785, 789, 817, 825, 829, 869, 881, 913, 929,
     930, 965, 1001, 1002, 1033, 1109, 1121, 1129, 1297, 1357, 1358, 1377,
     1381, 1389, 1401, 1402, 1421
[ 9] 30, 74, 122, 126, 142, 202, 242, 246, 278, 318, 350, 354, 358, 370, 390,
     406, 430, 458, 654, 734, 738, 858, 910, 926, 934, 970, 994, 1006, 1014,
     1074, 1086, 1154, 1158, 1162, 1270, 1286, 1322, 1418
[10] 20, 36, 64, 112, 152, 188, 220, 232, 260, 284, 376, 464, 488, 520, 524,
     556, 576, 596, 608, 620, 668, 712, 800, 804, 812, 832, 876, 952, 976,
     988, 1016, 1024, 1076, 1096, 1272, 1368
[11] 43, 55, 83, 99, 107, 115, 131, 139, 215, 259, 343, 395, 415, 471, 527,
     691, 747, 763, 807, 815, 899, 1071, 1079, 1083, 1091, 1099, 1191, 1195,
     1227, 1243, 1295, 1303, 1331, 1351, 1399
[12] 33, 41, 53, 97, 105, 106, 169, 193, 301, 313, 341, 362, 393, 413, 469,
     677, 721, 749, 761, 849, 897, 946, 1061, 1089, 1090, 1189, 1190, 1245,
     1278, 1293, 1301, 1397, 1398, 1425
[13] 0, 4, 44, 68, 164, 172, 228, 308, 532, 544, 612, 640, 680, 744, 772, 820,
     860, 884, 948, 980, 1124, 1136, 1176, 1192, 1232, 1264, 1328, 1340, 1348,
     1360, 1384
[14] 28, 56, 60, 92, 124, 196, 224, 240, 272, 344, 348, 356, 372, 404, 436,
     444, 664, 724, 728, 732, 796, 808, 932, 956, 1004, 1084, 1200, 1308,
     1320, 1404, 1436
[15] 29, 125, 134, 238, 241, 245, 314, 349, 357, 405, 618, 678, 733, 933, 969,
     1005, 1030, 1085, 1102, 1118, 1157, 1182, 1230, 1246, 1254, 1306, 1321,
     1417, 1426
[16] 144, 204, 268, 320, 384, 432, 560, 660, 688, 708, 824, 880, 904, 916,
     964, 1044, 1068, 1092, 1128, 1148, 1208, 1224, 1240, 1288, 1312, 1356,
     1380
[17] 209, 325, 333, 361, 401, 409, 493, 549, 585, 593, 625, 701, 853, 889,
     945, 1009, 1277, 1353, 1365, 1409
[18] 113, 114, 117, 129, 161, 234, 257, 377, 465, 525, 578, 801, 805, 806,
     813, 833, 877, 1025, 1077, 1097
[19] 88, 148, 156, 180, 280, 352, 368, 496, 500, 580, 656, 736, 764, 908,
     1020, 1140, 1152, 1268
[20] 480, 512, 540, 604, 616, 684, 752, 892, 936, 1028, 1036, 1052, 1100,
     1104, 1196, 1204, 1216, 1336
[21] 16, 72, 140, 216, 296, 472, 504, 528, 704, 788, 912, 992, 1012, 1032,
     1160, 1284, 1376
[22] 34, 54, 82, 98, 118, 130, 138, 162, 194, 214, 258, 470, 742, 850, 1082,
     1222, 1294
[23] 48, 120, 176, 316, 328, 428, 452, 456, 476, 508, 552, 856, 924, 940, 960,
     996, 1248
[24] 66, 78, 186, 201, 266, 353, 369, 653, 737, 834, 878, 909, 990, 1153,
     1269, 1394
[25] 84, 132, 396, 460, 632, 648, 844, 864, 900, 984, 1040, 1112, 1116, 1144,
     1228, 1344
[26] 70, 137, 545, 642, 681, 741, 745, 746, 1081, 1177, 1193, 1233, 1329,
     1341, 1349, 1361
[27] 121, 317, 338, 382, 429, 457, 574, 614, 682, 857, 925, 1073, 1138, 1234
[28] 73, 141, 277, 389, 434, 870, 993, 1013, 1110, 1161, 1285, 1298, 1382
[29] 81, 213, 433, 661, 689, 709, 1069, 1094, 1209, 1221, 1225, 1241, 1290
[30] 2, 46, 166, 174, 546, 862, 886, 982, 1126, 1194, 1330, 1362
[31] 37, 189, 221, 233, 521, 557, 577, 609, 621, 669, 713, 1369
[32] 22, 190, 222, 286, 526, 598, 670, 714, 802, 1018, 1026, 1098
[33] 210, 302, 394, 410, 414, 426, 494, 626, 778, 1062, 1066, 1430
[34] 42, 170, 334, 342, 422, 594, 674, 750, 890, 1010, 1258, 1434
[35] 5, 69, 165, 229, 533, 641, 861, 885, 1125, 1265, 1385
[36] 76, 248, 292, 364, 600, 628, 756, 872, 1132, 1280, 1392
[37] 32, 52, 96, 192, 244, 468, 848, 968, 1156, 1292, 1416
[38] 184, 264, 288, 484, 536, 636, 920, 1056, 1164, 1168, 1184
[39] 10, 102, 550, 606, 718, 722, 762, 894, 898, 938, 974
[40] 146, 270, 662, 690, 826, 906, 918, 966, 1046, 1070, 1210
[41] 108, 336, 564, 568, 780, 836, 1172, 1316, 1332, 1372
[42] 26, 402, 702, 1042, 1114, 1262, 1302, 1326, 1366, 1410
[43] 12, 252, 448, 516, 816, 828, 928, 1108, 1388, 1400
[44] 205, 385, 561, 905, 917, 1045, 1093, 1149, 1289, 1313
[45] 304, 380, 416, 572, 588, 644, 768, 840, 1412
[46] 440, 692, 696, 784, 868, 1000, 1120, 1296, 1420
[47] 154, 378, 522, 538, 558, 922, 954, 1078
[48] 262, 366, 466, 610, 622, 814, 874, 978
[49] 322, 518, 830, 882, 1150, 1242, 1314
[50] 86, 462, 542, 686, 902, 1054, 1106
[51] 6, 110, 950, 1178, 1318, 1386
[52] 116, 128, 160, 200, 256, 652
[53] 230, 770, 774, 1266, 1342, 1350
[54] 80, 212, 276, 388, 1220
[55] 562, 710, 786, 1130, 1226
[56] 14, 254, 450, 818
[57] 136, 740, 1072, 1080
[58] 306, 418, 782, 1174
[59] 634, 650, 846, 1146
[60] 294, 1134, 1166, 1186
[61] 486, 638, 1058, 1170
[62] 250, 630, 1282
[63] 694, 698, 1422
[64] 566, 838, 1374
[65] 590, 646, 842
[66] 482, 1218, 1338
[67] 866, 1346
[68] 1122, 1390
[69] 1206

Reassigned labels

Runtime: 1.6689732074737549

Performance split_log:

IM without threshold:
Map:
{"L_0": "L", "L_1": "L", "L_2": "L", "L_3": "L", "L_4": "L", "L_5": "L", "L_6": "L", "L_7": "L", "L_8": "L", "L_9": "L", "L_10": "L", "L_11": "L", "L_12": "L", "L_13": "L", "L_14": "L", "L_15": "L", "L_16": "L", "L_17": "L", "L_18": "L", "L_19": "L", "L_20": "L", "L_21": "L", "L_22": "L", "L_23": "L", "L_24": "L", "L_25": "L", "L_26": "L", "L_27": "L", "L_28": "L", "L_29": "L", "L_30": "L", "L_31": "L", "L_32": "L", "L_33": "L", "L_34": "L", "L_35": "L", "L_36": "L", "L_37": "L", "L_38": "L", "L_39": "L", "L_40": "L", "L_41": "L", "L_42": "L", "L_43": "L", "L_44": "L", "L_45": "L", "L_46": "L", "L_47": "L", "L_48": "L", "L_49": "L", "L_50": "L", "L_51": "L", "L_52": "L", "L_53": "L", "L_54": "L", "L_55": "L", "L_56": "L", "L_57": "L", "L_58": "L", "L_59": "L", "L_60": "L", "L_61": "L", "L_62": "L", "L_63": "L", "L_64": "L", "L_65": "L", "L_66": "L", "L_67": "L", "L_68": "L", "L_69": "L"}
token_fitness
{"perc_fit_traces": 10.3, "average_trace_fitness": 0.8542455769600064, "log_fitness": 0.8593321132860297, "percentage_of_fitting_traces": 10.3}
precision
0.7934309113085903
0.625
generalization
0.4007653709578105

Adjusted Rand Index:
0.1563121580937186



Parameters of this run:

Window size: 5
Threshold for edges: 0
Split candidates: L
Max number of traces: 5000000
Method for distance calculation: Distance.MULTISET_DISTANCE
Method for finding clusters: ClusteringMethod.COMMUNITY_DETECTION
Original log location: ./data/noImprInLoop_default_OD\feb16-1625\logs\P_1_LogD_Sequence_feb16-1625.xes.gz
Use frequency: True

Found communities: 

Clustering with 1440 elements and 3 clusters
[0] 0, 1, 4, 5, 8, 9, 12, 13, 16, 17, 20, 21, 24, 25, 28, 29, 32, 33, 36, 37,
    38, 40, 41, 44, 45, 48, 49, 52, 53, 56, 57, 60, 61, 64, 65, 66, 68, 69,
    70, 72, 73, 76, 77, 78, 80, 81, 84, 85, 86, 88, 89, 92, 93, 96, 97, 100,
    101, 104, 105, 106, 108, 109, 112, 113, 114, 116, 117, 120, 121, 124, 125,
    128, 129, 132, 133, 134, 136, 137, 140, 141, 144, 145, 148, 149, 152, 153,
    156, 157, 160, 161, 164, 165, 168, 169, 172, 173, 176, 177, 180, 181, 184,
    185, 186, 188, 189, 192, 193, 196, 197, 200, 201, 204, 205, 206, 208, 209,
    212, 213, 216, 217, 220, 221, 224, 225, 228, 229, 232, 233, 234, 236, 237,
    238, 240, 241, 244, 245, 248, 249, 252, 253, 256, 257, 260, 261, 264, 265,
    266, 268, 269, 272, 273, 276, 277, 280, 281, 284, 285, 288, 289, 290, 292,
    293, 294, 296, 297, 300, 301, 304, 305, 306, 308, 309, 310, 312, 313, 314,
    316, 317, 320, 321, 324, 325, 326, 328, 329, 332, 333, 336, 337, 338, 340,
    341, 344, 345, 348, 349, 352, 353, 356, 357, 360, 361, 362, 364, 365, 368,
    369, 372, 373, 376, 377, 380, 381, 382, 384, 385, 386, 388, 389, 392, 393,
    396, 397, 398, 400, 401, 404, 405, 408, 409, 412, 413, 416, 417, 418, 420,
    421, 424, 425, 428, 429, 432, 433, 434, 436, 437, 440, 441, 442, 444, 445,
    448, 449, 452, 453, 456, 457, 460, 461, 462, 464, 465, 468, 469, 472, 473,
    476, 477, 480, 481, 484, 485, 488, 489, 490, 492, 493, 496, 497, 500, 501,
    504, 505, 508, 509, 512, 513, 514, 516, 517, 520, 521, 524, 525, 528, 529,
    532, 533, 534, 536, 537, 540, 541, 542, 544, 545, 548, 549, 552, 553, 556,
    557, 560, 561, 564, 565, 568, 569, 570, 572, 573, 574, 576, 577, 578, 580,
    581, 584, 585, 586, 588, 589, 592, 593, 596, 597, 600, 601, 602, 604, 605,
    608, 609, 612, 613, 614, 616, 617, 618, 620, 621, 624, 625, 628, 629, 632,
    633, 636, 637, 640, 641, 642, 644, 645, 648, 649, 652, 653, 656, 657, 660,
    661, 664, 665, 668, 669, 672, 673, 676, 677, 678, 680, 681, 682, 684, 685,
    686, 688, 689, 692, 693, 696, 697, 700, 701, 704, 705, 708, 709, 712, 713,
    716, 717, 720, 721, 724, 725, 728, 729, 732, 733, 736, 737, 740, 741, 744,
    745, 746, 748, 749, 752, 753, 754, 756, 757, 758, 760, 761, 764, 765, 768,
    769, 772, 773, 776, 777, 780, 781, 782, 784, 785, 788, 789, 792, 793, 794,
    796, 797, 800, 801, 804, 805, 806, 808, 809, 812, 813, 816, 817, 820, 821,
    822, 824, 825, 828, 829, 832, 833, 834, 836, 837, 840, 841, 844, 845, 848,
    849, 852, 853, 854, 856, 857, 860, 861, 864, 865, 868, 869, 870, 872, 873,
    876, 877, 878, 880, 881, 884, 885, 888, 889, 892, 893, 896, 897, 900, 901,
    902, 904, 905, 908, 909, 912, 913, 916, 917, 920, 921, 924, 925, 928, 929,
    930, 932, 933, 936, 937, 940, 941, 944, 945, 946, 948, 949, 952, 953, 956,
    957, 960, 961, 964, 965, 968, 969, 972, 973, 976, 977, 980, 981, 984, 985,
    986, 988, 989, 990, 992, 993, 996, 997, 1000, 1001, 1002, 1004, 1005,
    1008, 1009, 1012, 1013, 1016, 1017, 1020, 1021, 1024, 1025, 1028, 1029,
    1030, 1032, 1033, 1036, 1037, 1038, 1040, 1041, 1044, 1045, 1048, 1049,
    1050, 1052, 1053, 1054, 1056, 1057, 1060, 1061, 1064, 1065, 1068, 1069,
    1072, 1073, 1076, 1077, 1080, 1081, 1084, 1085, 1088, 1089, 1090, 1092,
    1093, 1094, 1096, 1097, 1100, 1101, 1102, 1104, 1105, 1106, 1108, 1109,
    1110, 1112, 1113, 1116, 1117, 1118, 1120, 1121, 1122, 1124, 1125, 1128,
    1129, 1132, 1133, 1134, 1136, 1137, 1138, 1140, 1141, 1144, 1145, 1148,
    1149, 1152, 1153, 1156, 1157, 1160, 1161, 1164, 1165, 1166, 1168, 1169,
    1172, 1173, 1174, 1176, 1177, 1180, 1181, 1182, 1184, 1185, 1186, 1188,
    1189, 1190, 1192, 1193, 1196, 1197, 1198, 1200, 1201, 1204, 1205, 1208,
    1209, 1212, 1213, 1214, 1216, 1217, 1220, 1221, 1224, 1225, 1228, 1229,
    1230, 1232, 1233, 1234, 1236, 1237, 1238, 1240, 1241, 1244, 1245, 1246,
    1248, 1249, 1252, 1253, 1254, 1256, 1257, 1260, 1261, 1264, 1265, 1268,
    1269, 1272, 1273, 1274, 1276, 1277, 1278, 1280, 1281, 1284, 1285, 1288,
    1289, 1290, 1292, 1293, 1296, 1297, 1298, 1300, 1301, 1304, 1305, 1306,
    1308, 1309, 1312, 1313, 1316, 1317, 1320, 1321, 1324, 1325, 1328, 1329,
    1332, 1333, 1334, 1336, 1337, 1340, 1341, 1344, 1345, 1348, 1349, 1352,
    1353, 1354, 1356, 1357, 1358, 1360, 1361, 1364, 1365, 1368, 1369, 1370,
    1372, 1373, 1376, 1377, 1380, 1381, 1382, 1384, 1385, 1388, 1389, 1390,
    1392, 1393, 1394, 1396, 1397, 1398, 1400, 1401, 1402, 1404, 1405, 1408,
    1409, 1412, 1413, 1414, 1416, 1417, 1420, 1421, 1424, 1425, 1426, 1428,
    1429, 1432, 1433, 1436, 1437
[1] 2, 3, 7, 10, 11, 14, 15, 18, 19, 22, 23, 26, 27, 30, 31, 34, 35, 39, 42,
    43, 46, 47, 50, 51, 54, 55, 58, 59, 62, 63, 67, 71, 74, 75, 79, 82, 83,
    87, 90, 91, 94, 95, 98, 99, 102, 103, 107, 111, 115, 118, 119, 122, 123,
    126, 127, 130, 131, 135, 138, 139, 142, 143, 146, 147, 150, 151, 155, 158,
    159, 162, 163, 166, 167, 170, 171, 174, 175, 178, 179, 182, 183, 187, 190,
    191, 194, 195, 198, 199, 202, 203, 207, 210, 211, 214, 215, 218, 219, 222,
    223, 226, 227, 231, 235, 239, 242, 243, 246, 247, 250, 251, 254, 255, 258,
    259, 263, 267, 270, 271, 274, 275, 278, 279, 282, 283, 286, 287, 291, 295,
    298, 299, 302, 303, 307, 311, 315, 318, 319, 323, 327, 330, 331, 334, 335,
    339, 342, 343, 346, 347, 350, 351, 354, 355, 358, 359, 363, 367, 370, 371,
    374, 375, 379, 383, 387, 390, 391, 394, 395, 399, 402, 403, 406, 407, 410,
    411, 414, 415, 419, 422, 423, 426, 427, 430, 431, 435, 438, 439, 443, 446,
    447, 450, 451, 454, 455, 458, 459, 463, 467, 470, 471, 474, 475, 478, 479,
    482, 483, 486, 487, 491, 494, 495, 498, 499, 502, 503, 506, 507, 510, 511,
    515, 519, 523, 526, 527, 530, 531, 535, 539, 543, 546, 547, 550, 551, 554,
    555, 559, 563, 566, 567, 571, 575, 579, 582, 583, 587, 590, 591, 594, 595,
    598, 599, 603, 606, 607, 611, 615, 619, 623, 626, 627, 630, 631, 634, 635,
    638, 639, 643, 646, 647, 650, 651, 654, 655, 658, 659, 662, 663, 666, 667,
    670, 671, 674, 675, 679, 683, 687, 690, 691, 694, 695, 698, 699, 702, 703,
    706, 707, 711, 714, 715, 718, 719, 722, 723, 726, 727, 730, 731, 734, 735,
    738, 739, 742, 743, 747, 750, 751, 755, 759, 762, 763, 766, 767, 771, 775,
    778, 779, 783, 787, 790, 791, 795, 798, 799, 802, 803, 807, 810, 811, 815,
    818, 819, 823, 826, 827, 831, 835, 838, 839, 842, 843, 846, 847, 850, 851,
    855, 858, 859, 862, 863, 866, 867, 871, 875, 879, 883, 886, 887, 890, 891,
    894, 895, 898, 899, 903, 906, 907, 910, 911, 914, 915, 918, 919, 923, 926,
    927, 931, 934, 935, 938, 939, 942, 943, 947, 951, 955, 958, 959, 962, 963,
    966, 967, 970, 971, 974, 975, 979, 982, 983, 987, 991, 994, 995, 998, 999,
    1003, 1006, 1007, 1010, 1011, 1014, 1015, 1018, 1019, 1022, 1023, 1026,
    1027, 1031, 1034, 1035, 1039, 1042, 1043, 1046, 1047, 1051, 1055, 1058,
    1059, 1062, 1063, 1066, 1067, 1070, 1071, 1074, 1075, 1079, 1082, 1083,
    1086, 1087, 1091, 1095, 1098, 1099, 1103, 1107, 1111, 1114, 1115, 1119,
    1123, 1126, 1127, 1131, 1135, 1139, 1142, 1143, 1146, 1147, 1151, 1154,
    1155, 1158, 1159, 1162, 1163, 1167, 1170, 1171, 1175, 1179, 1183, 1187,
    1191, 1194, 1195, 1199, 1202, 1203, 1206, 1207, 1210, 1211, 1215, 1218,
    1219, 1222, 1223, 1227, 1231, 1235, 1239, 1243, 1247, 1250, 1251, 1255,
    1258, 1259, 1262, 1263, 1267, 1270, 1271, 1275, 1279, 1282, 1283, 1286,
    1287, 1291, 1294, 1295, 1299, 1302, 1303, 1307, 1310, 1311, 1315, 1319,
    1322, 1323, 1326, 1327, 1330, 1331, 1335, 1338, 1339, 1343, 1346, 1347,
    1351, 1355, 1359, 1362, 1363, 1366, 1367, 1371, 1374, 1375, 1378, 1379,
    1383, 1387, 1391, 1395, 1399, 1403, 1406, 1407, 1410, 1411, 1415, 1418,
    1419, 1422, 1423, 1427, 1430, 1431, 1434, 1435, 1438, 1439
[2] 6, 110, 154, 230, 262, 322, 366, 378, 466, 518, 522, 538, 558, 562, 610,
    622, 710, 770, 774, 786, 814, 830, 874, 882, 922, 950, 954, 978, 1078,
    1130, 1150, 1178, 1226, 1242, 1266, 1314, 1318, 1342, 1350, 1386

Reassigned labels

Runtime: 2.28460693359375

Performance split_log:

IM without threshold:
Map:
{"L_0": "L", "L_1": "L", "L_2": "L"}
token_fitness
{"perc_fit_traces": 0.0, "average_trace_fitness": 0.9169424675820143, "log_fitness": 0.9182706257858594, "percentage_of_fitting_traces": 0.0}
precision
0.6749196448461319
0.6875
generalization
0.7836058396476672

Adjusted Rand Index:
0.38189355764947763



Parameters of this run:

Window size: 5
Threshold for edges: 0.25
Split candidates: L
Max number of traces: 5000000
Method for distance calculation: Distance.MULTISET_DISTANCE
Method for finding clusters: ClusteringMethod.COMMUNITY_DETECTION
Original log location: ./data/noImprInLoop_default_OD\feb16-1625\logs\P_1_LogD_Sequence_feb16-1625.xes.gz
Use frequency: True

Found communities: 

Clustering with 1440 elements and 2 clusters
[0] 0, 1, 4, 5, 8, 9, 12, 13, 16, 17, 20, 21, 24, 25, 28, 29, 32, 33, 36, 37,
    38, 40, 41, 44, 45, 48, 49, 52, 53, 56, 57, 60, 61, 64, 65, 66, 68, 69,
    70, 72, 73, 76, 77, 78, 80, 81, 84, 85, 86, 88, 89, 92, 93, 96, 97, 100,
    101, 104, 105, 106, 108, 109, 112, 113, 114, 116, 117, 120, 121, 124, 125,
    128, 129, 132, 133, 134, 136, 137, 140, 141, 144, 145, 148, 149, 152, 153,
    156, 157, 160, 161, 164, 165, 168, 169, 172, 173, 176, 177, 180, 181, 184,
    185, 186, 188, 189, 192, 193, 196, 197, 200, 201, 204, 205, 206, 208, 209,
    212, 213, 216, 217, 220, 221, 224, 225, 228, 229, 232, 233, 234, 236, 237,
    238, 240, 241, 244, 245, 248, 249, 252, 253, 256, 257, 260, 261, 264, 265,
    266, 268, 269, 272, 273, 276, 277, 280, 281, 284, 285, 288, 289, 290, 292,
    293, 294, 296, 297, 300, 301, 304, 305, 306, 308, 309, 310, 312, 313, 314,
    316, 317, 320, 321, 324, 325, 326, 328, 329, 332, 333, 336, 337, 338, 340,
    341, 344, 345, 348, 349, 352, 353, 356, 357, 360, 361, 362, 364, 365, 368,
    369, 372, 373, 376, 377, 380, 381, 382, 384, 385, 386, 388, 389, 392, 393,
    396, 397, 398, 400, 401, 404, 405, 408, 409, 412, 413, 416, 417, 418, 420,
    421, 424, 425, 428, 429, 432, 433, 434, 436, 437, 440, 441, 442, 444, 445,
    448, 449, 452, 453, 456, 457, 460, 461, 462, 464, 465, 468, 469, 472, 473,
    476, 477, 480, 481, 484, 485, 488, 489, 490, 492, 493, 496, 497, 500, 501,
    504, 505, 508, 509, 512, 513, 514, 516, 517, 520, 521, 524, 525, 528, 529,
    532, 533, 534, 536, 537, 540, 541, 542, 544, 545, 548, 549, 552, 553, 556,
    557, 560, 561, 564, 565, 568, 569, 570, 572, 573, 574, 576, 577, 578, 580,
    581, 584, 585, 586, 588, 589, 592, 593, 596, 597, 600, 601, 602, 604, 605,
    608, 609, 612, 613, 614, 616, 617, 618, 620, 621, 624, 625, 628, 629, 632,
    633, 636, 637, 640, 641, 642, 644, 645, 648, 649, 652, 653, 656, 657, 660,
    661, 664, 665, 668, 669, 672, 673, 676, 677, 678, 680, 681, 682, 684, 685,
    686, 688, 689, 692, 693, 696, 697, 700, 701, 704, 705, 708, 709, 712, 713,
    716, 717, 720, 721, 724, 725, 728, 729, 732, 733, 736, 737, 740, 741, 744,
    745, 746, 748, 749, 752, 753, 754, 756, 757, 758, 760, 761, 764, 765, 768,
    769, 772, 773, 776, 777, 780, 781, 782, 784, 785, 788, 789, 792, 793, 794,
    796, 797, 800, 801, 804, 805, 806, 808, 809, 812, 813, 816, 817, 820, 821,
    822, 824, 825, 828, 829, 832, 833, 834, 836, 837, 840, 841, 844, 845, 848,
    849, 852, 853, 854, 856, 857, 860, 861, 864, 865, 868, 869, 870, 872, 873,
    876, 877, 878, 880, 881, 884, 885, 888, 889, 892, 893, 896, 897, 900, 901,
    902, 904, 905, 908, 909, 912, 913, 916, 917, 920, 921, 924, 925, 928, 929,
    930, 932, 933, 936, 937, 940, 941, 944, 945, 946, 948, 949, 952, 953, 956,
    957, 960, 961, 964, 965, 968, 969, 972, 973, 976, 977, 980, 981, 984, 985,
    986, 988, 989, 990, 992, 993, 996, 997, 1000, 1001, 1002, 1004, 1005,
    1008, 1009, 1012, 1013, 1016, 1017, 1020, 1021, 1024, 1025, 1028, 1029,
    1030, 1032, 1033, 1036, 1037, 1038, 1040, 1041, 1044, 1045, 1048, 1049,
    1050, 1052, 1053, 1054, 1056, 1057, 1060, 1061, 1064, 1065, 1068, 1069,
    1072, 1073, 1076, 1077, 1080, 1081, 1084, 1085, 1088, 1089, 1090, 1092,
    1093, 1094, 1096, 1097, 1100, 1101, 1102, 1104, 1105, 1106, 1108, 1109,
    1110, 1112, 1113, 1116, 1117, 1118, 1120, 1121, 1122, 1124, 1125, 1128,
    1129, 1132, 1133, 1134, 1136, 1137, 1138, 1140, 1141, 1144, 1145, 1148,
    1149, 1152, 1153, 1156, 1157, 1160, 1161, 1164, 1165, 1166, 1168, 1169,
    1172, 1173, 1174, 1176, 1177, 1180, 1181, 1182, 1184, 1185, 1186, 1188,
    1189, 1190, 1192, 1193, 1196, 1197, 1198, 1200, 1201, 1204, 1205, 1208,
    1209, 1212, 1213, 1214, 1216, 1217, 1220, 1221, 1224, 1225, 1228, 1229,
    1230, 1232, 1233, 1234, 1236, 1237, 1238, 1240, 1241, 1244, 1245, 1246,
    1248, 1249, 1252, 1253, 1254, 1256, 1257, 1260, 1261, 1264, 1265, 1268,
    1269, 1272, 1273, 1274, 1276, 1277, 1278, 1280, 1281, 1284, 1285, 1288,
    1289, 1290, 1292, 1293, 1296, 1297, 1298, 1300, 1301, 1304, 1305, 1306,
    1308, 1309, 1312, 1313, 1316, 1317, 1320, 1321, 1324, 1325, 1328, 1329,
    1332, 1333, 1334, 1336, 1337, 1340, 1341, 1344, 1345, 1348, 1349, 1352,
    1353, 1354, 1356, 1357, 1358, 1360, 1361, 1364, 1365, 1368, 1369, 1370,
    1372, 1373, 1376, 1377, 1380, 1381, 1382, 1384, 1385, 1388, 1389, 1390,
    1392, 1393, 1394, 1396, 1397, 1398, 1400, 1401, 1402, 1404, 1405, 1408,
    1409, 1412, 1413, 1414, 1416, 1417, 1420, 1421, 1424, 1425, 1426, 1428,
    1429, 1432, 1433, 1436, 1437
[1] 2, 3, 6, 7, 10, 11, 14, 15, 18, 19, 22, 23, 26, 27, 30, 31, 34, 35, 39,
    42, 43, 46, 47, 50, 51, 54, 55, 58, 59, 62, 63, 67, 71, 74, 75, 79, 82,
    83, 87, 90, 91, 94, 95, 98, 99, 102, 103, 107, 110, 111, 115, 118, 119,
    122, 123, 126, 127, 130, 131, 135, 138, 139, 142, 143, 146, 147, 150, 151,
    154, 155, 158, 159, 162, 163, 166, 167, 170, 171, 174, 175, 178, 179, 182,
    183, 187, 190, 191, 194, 195, 198, 199, 202, 203, 207, 210, 211, 214, 215,
    218, 219, 222, 223, 226, 227, 230, 231, 235, 239, 242, 243, 246, 247, 250,
    251, 254, 255, 258, 259, 262, 263, 267, 270, 271, 274, 275, 278, 279, 282,
    283, 286, 287, 291, 295, 298, 299, 302, 303, 307, 311, 315, 318, 319, 322,
    323, 327, 330, 331, 334, 335, 339, 342, 343, 346, 347, 350, 351, 354, 355,
    358, 359, 363, 366, 367, 370, 371, 374, 375, 378, 379, 383, 387, 390, 391,
    394, 395, 399, 402, 403, 406, 407, 410, 411, 414, 415, 419, 422, 423, 426,
    427, 430, 431, 435, 438, 439, 443, 446, 447, 450, 451, 454, 455, 458, 459,
    463, 466, 467, 470, 471, 474, 475, 478, 479, 482, 483, 486, 487, 491, 494,
    495, 498, 499, 502, 503, 506, 507, 510, 511, 515, 518, 519, 522, 523, 526,
    527, 530, 531, 535, 538, 539, 543, 546, 547, 550, 551, 554, 555, 558, 559,
    562, 563, 566, 567, 571, 575, 579, 582, 583, 587, 590, 591, 594, 595, 598,
    599, 603, 606, 607, 610, 611, 615, 619, 622, 623, 626, 627, 630, 631, 634,
    635, 638, 639, 643, 646, 647, 650, 651, 654, 655, 658, 659, 662, 663, 666,
    667, 670, 671, 674, 675, 679, 683, 687, 690, 691, 694, 695, 698, 699, 702,
    703, 706, 707, 710, 711, 714, 715, 718, 719, 722, 723, 726, 727, 730, 731,
    734, 735, 738, 739, 742, 743, 747, 750, 751, 755, 759, 762, 763, 766, 767,
    770, 771, 774, 775, 778, 779, 783, 786, 787, 790, 791, 795, 798, 799, 802,
    803, 807, 810, 811, 814, 815, 818, 819, 823, 826, 827, 830, 831, 835, 838,
    839, 842, 843, 846, 847, 850, 851, 855, 858, 859, 862, 863, 866, 867, 871,
    874, 875, 879, 882, 883, 886, 887, 890, 891, 894, 895, 898, 899, 903, 906,
    907, 910, 911, 914, 915, 918, 919, 922, 923, 926, 927, 931, 934, 935, 938,
    939, 942, 943, 947, 950, 951, 954, 955, 958, 959, 962, 963, 966, 967, 970,
    971, 974, 975, 978, 979, 982, 983, 987, 991, 994, 995, 998, 999, 1003,
    1006, 1007, 1010, 1011, 1014, 1015, 1018, 1019, 1022, 1023, 1026, 1027,
    1031, 1034, 1035, 1039, 1042, 1043, 1046, 1047, 1051, 1055, 1058, 1059,
    1062, 1063, 1066, 1067, 1070, 1071, 1074, 1075, 1078, 1079, 1082, 1083,
    1086, 1087, 1091, 1095, 1098, 1099, 1103, 1107, 1111, 1114, 1115, 1119,
    1123, 1126, 1127, 1130, 1131, 1135, 1139, 1142, 1143, 1146, 1147, 1150,
    1151, 1154, 1155, 1158, 1159, 1162, 1163, 1167, 1170, 1171, 1175, 1178,
    1179, 1183, 1187, 1191, 1194, 1195, 1199, 1202, 1203, 1206, 1207, 1210,
    1211, 1215, 1218, 1219, 1222, 1223, 1226, 1227, 1231, 1235, 1239, 1242,
    1243, 1247, 1250, 1251, 1255, 1258, 1259, 1262, 1263, 1266, 1267, 1270,
    1271, 1275, 1279, 1282, 1283, 1286, 1287, 1291, 1294, 1295, 1299, 1302,
    1303, 1307, 1310, 1311, 1314, 1315, 1318, 1319, 1322, 1323, 1326, 1327,
    1330, 1331, 1335, 1338, 1339, 1342, 1343, 1346, 1347, 1350, 1351, 1355,
    1359, 1362, 1363, 1366, 1367, 1371, 1374, 1375, 1378, 1379, 1383, 1386,
    1387, 1391, 1395, 1399, 1403, 1406, 1407, 1410, 1411, 1415, 1418, 1419,
    1422, 1423, 1427, 1430, 1431, 1434, 1435, 1438, 1439

Reassigned labels

Runtime: 2.168611526489258

Performance split_log:

IM without threshold:
Map:
{"L_0": "L", "L_1": "L"}
token_fitness
{"perc_fit_traces": 31.0, "average_trace_fitness": 0.9639191919192004, "log_fitness": 0.9649354609208253, "percentage_of_fitting_traces": 31.0}
precision
0.744804995393592
0.7037037037037037
generalization
0.9073330774867725

Adjusted Rand Index:
0.38482411305632785



Parameters of this run:

Window size: 5
Threshold for edges: 0.5
Split candidates: L
Max number of traces: 5000000
Method for distance calculation: Distance.MULTISET_DISTANCE
Method for finding clusters: ClusteringMethod.COMMUNITY_DETECTION
Original log location: ./data/noImprInLoop_default_OD\feb16-1625\logs\P_1_LogD_Sequence_feb16-1625.xes.gz
Use frequency: True

Found communities: 

Clustering with 1440 elements and 3 clusters
[0] 0, 1, 4, 5, 8, 9, 12, 13, 16, 17, 20, 21, 24, 25, 28, 29, 32, 33, 36, 37,
    38, 40, 41, 44, 45, 48, 49, 52, 53, 56, 57, 60, 61, 64, 65, 66, 68, 69,
    70, 72, 73, 76, 77, 78, 80, 81, 84, 85, 86, 88, 89, 92, 93, 96, 97, 100,
    101, 104, 105, 106, 108, 109, 112, 113, 114, 116, 117, 120, 121, 124, 125,
    128, 129, 132, 133, 134, 136, 137, 140, 141, 144, 145, 148, 149, 152, 153,
    156, 157, 160, 161, 164, 165, 168, 169, 172, 173, 176, 177, 180, 181, 184,
    185, 186, 188, 189, 192, 193, 196, 197, 200, 201, 204, 205, 206, 208, 209,
    212, 213, 216, 217, 220, 221, 224, 225, 228, 229, 232, 233, 234, 236, 237,
    238, 240, 241, 244, 245, 248, 249, 252, 253, 256, 257, 260, 261, 264, 265,
    266, 268, 269, 272, 273, 276, 277, 280, 281, 284, 285, 288, 289, 290, 292,
    293, 294, 296, 297, 300, 301, 304, 305, 306, 308, 309, 310, 312, 313, 314,
    316, 317, 320, 321, 324, 325, 326, 328, 329, 332, 333, 336, 337, 338, 340,
    341, 344, 345, 348, 349, 352, 353, 356, 357, 360, 361, 362, 364, 365, 368,
    369, 372, 373, 376, 377, 380, 381, 382, 384, 385, 386, 388, 389, 392, 393,
    396, 397, 398, 400, 401, 404, 405, 408, 409, 412, 413, 416, 417, 418, 420,
    421, 424, 425, 428, 429, 432, 433, 434, 436, 437, 440, 441, 442, 444, 445,
    448, 449, 452, 453, 456, 457, 460, 461, 462, 464, 465, 468, 469, 472, 473,
    476, 477, 480, 481, 484, 485, 488, 489, 490, 492, 493, 496, 497, 500, 501,
    504, 505, 508, 509, 512, 513, 514, 516, 517, 520, 521, 524, 525, 528, 529,
    532, 533, 534, 536, 537, 540, 541, 542, 544, 545, 548, 549, 552, 553, 556,
    557, 560, 561, 564, 565, 568, 569, 570, 572, 573, 574, 576, 577, 578, 580,
    581, 584, 585, 586, 588, 589, 592, 593, 596, 597, 600, 601, 602, 604, 605,
    608, 609, 612, 613, 614, 616, 617, 618, 620, 621, 624, 625, 628, 629, 632,
    633, 636, 637, 640, 641, 642, 644, 645, 648, 649, 652, 653, 656, 657, 660,
    661, 664, 665, 668, 669, 672, 673, 676, 677, 678, 680, 681, 682, 684, 685,
    686, 688, 689, 692, 693, 696, 697, 700, 701, 704, 705, 708, 709, 712, 713,
    716, 717, 720, 721, 724, 725, 728, 729, 732, 733, 736, 737, 740, 741, 744,
    745, 746, 748, 749, 752, 753, 754, 756, 757, 758, 760, 761, 764, 765, 768,
    769, 772, 773, 776, 777, 780, 781, 782, 784, 785, 788, 789, 792, 793, 794,
    796, 797, 800, 801, 804, 805, 806, 808, 809, 812, 813, 816, 817, 820, 821,
    822, 824, 825, 828, 829, 832, 833, 834, 836, 837, 840, 841, 844, 845, 848,
    849, 852, 853, 854, 856, 857, 860, 861, 864, 865, 868, 869, 870, 872, 873,
    876, 877, 878, 880, 881, 884, 885, 888, 889, 892, 893, 896, 897, 900, 901,
    902, 904, 905, 908, 909, 912, 913, 916, 917, 920, 921, 924, 925, 928, 929,
    930, 932, 933, 936, 937, 940, 941, 944, 945, 946, 948, 949, 952, 953, 956,
    957, 960, 961, 964, 965, 968, 969, 972, 973, 976, 977, 980, 981, 984, 985,
    986, 988, 989, 990, 992, 993, 996, 997, 1000, 1001, 1002, 1004, 1005,
    1008, 1009, 1012, 1013, 1016, 1017, 1020, 1021, 1024, 1025, 1028, 1029,
    1030, 1032, 1033, 1036, 1037, 1038, 1040, 1041, 1044, 1045, 1048, 1049,
    1050, 1052, 1053, 1054, 1056, 1057, 1060, 1061, 1064, 1065, 1068, 1069,
    1072, 1073, 1076, 1077, 1080, 1081, 1084, 1085, 1088, 1089, 1090, 1092,
    1093, 1094, 1096, 1097, 1100, 1101, 1102, 1104, 1105, 1106, 1108, 1109,
    1110, 1112, 1113, 1116, 1117, 1118, 1120, 1121, 1122, 1124, 1125, 1128,
    1129, 1132, 1133, 1134, 1136, 1137, 1138, 1140, 1141, 1144, 1145, 1148,
    1149, 1152, 1153, 1156, 1157, 1160, 1161, 1164, 1165, 1166, 1168, 1169,
    1172, 1173, 1174, 1176, 1177, 1180, 1181, 1182, 1184, 1185, 1186, 1188,
    1189, 1190, 1192, 1193, 1196, 1197, 1198, 1200, 1201, 1204, 1205, 1208,
    1209, 1212, 1213, 1214, 1216, 1217, 1220, 1221, 1224, 1225, 1228, 1229,
    1230, 1232, 1233, 1234, 1236, 1237, 1238, 1240, 1241, 1244, 1245, 1246,
    1248, 1249, 1252, 1253, 1254, 1256, 1257, 1260, 1261, 1264, 1265, 1268,
    1269, 1272, 1273, 1274, 1276, 1277, 1278, 1280, 1281, 1284, 1285, 1288,
    1289, 1290, 1292, 1293, 1296, 1297, 1298, 1300, 1301, 1304, 1305, 1306,
    1308, 1309, 1312, 1313, 1316, 1317, 1320, 1321, 1324, 1325, 1328, 1329,
    1332, 1333, 1334, 1336, 1337, 1340, 1341, 1344, 1345, 1348, 1349, 1352,
    1353, 1354, 1356, 1357, 1358, 1360, 1361, 1364, 1365, 1368, 1369, 1370,
    1372, 1373, 1376, 1377, 1380, 1381, 1382, 1384, 1385, 1388, 1389, 1390,
    1392, 1393, 1394, 1396, 1397, 1398, 1400, 1401, 1402, 1404, 1405, 1408,
    1409, 1412, 1413, 1414, 1416, 1417, 1420, 1421, 1424, 1425, 1426, 1428,
    1429, 1432, 1433, 1436, 1437
[1] 2, 3, 7, 10, 11, 14, 15, 18, 19, 22, 23, 26, 27, 30, 31, 34, 35, 39, 42,
    43, 46, 47, 50, 51, 54, 55, 58, 59, 62, 63, 67, 71, 74, 75, 79, 82, 83,
    87, 90, 91, 94, 95, 98, 99, 102, 103, 107, 111, 115, 118, 119, 122, 123,
    126, 127, 130, 131, 135, 138, 139, 142, 143, 146, 147, 150, 151, 155, 158,
    159, 162, 163, 166, 167, 170, 171, 174, 175, 178, 179, 182, 183, 187, 190,
    191, 194, 195, 198, 199, 202, 203, 207, 210, 211, 214, 215, 218, 219, 222,
    223, 226, 227, 231, 235, 239, 242, 243, 246, 247, 250, 251, 254, 255, 258,
    259, 263, 267, 270, 271, 274, 275, 278, 279, 282, 283, 286, 287, 291, 295,
    298, 299, 302, 303, 307, 311, 315, 318, 319, 323, 327, 330, 331, 334, 335,
    339, 342, 343, 346, 347, 350, 351, 354, 355, 358, 359, 363, 367, 370, 371,
    374, 375, 379, 383, 387, 390, 391, 394, 395, 399, 402, 403, 406, 407, 410,
    411, 414, 415, 419, 422, 423, 426, 427, 430, 431, 435, 438, 439, 443, 446,
    447, 450, 451, 454, 455, 458, 459, 463, 467, 470, 471, 474, 475, 478, 479,
    482, 483, 486, 487, 491, 494, 495, 498, 499, 502, 503, 506, 507, 510, 511,
    515, 519, 523, 526, 527, 530, 531, 535, 539, 543, 546, 547, 550, 551, 554,
    555, 559, 563, 566, 567, 571, 575, 579, 582, 583, 587, 590, 591, 594, 595,
    598, 599, 603, 606, 607, 611, 615, 619, 623, 626, 627, 630, 631, 634, 635,
    638, 639, 643, 646, 647, 650, 651, 654, 655, 658, 659, 662, 663, 666, 667,
    670, 671, 674, 675, 679, 683, 687, 690, 691, 694, 695, 698, 699, 702, 703,
    706, 707, 711, 714, 715, 718, 719, 722, 723, 726, 727, 730, 731, 734, 735,
    738, 739, 742, 743, 747, 750, 751, 755, 759, 762, 763, 766, 767, 771, 775,
    778, 779, 783, 787, 790, 791, 795, 798, 799, 802, 803, 807, 810, 811, 815,
    818, 819, 823, 826, 827, 831, 835, 838, 839, 842, 843, 846, 847, 850, 851,
    855, 858, 859, 862, 863, 866, 867, 871, 875, 879, 883, 886, 887, 890, 891,
    894, 895, 898, 899, 903, 906, 907, 910, 911, 914, 915, 918, 919, 923, 926,
    927, 931, 934, 935, 938, 939, 942, 943, 947, 951, 955, 958, 959, 962, 963,
    966, 967, 970, 971, 974, 975, 979, 982, 983, 987, 991, 994, 995, 998, 999,
    1003, 1006, 1007, 1010, 1011, 1014, 1015, 1018, 1019, 1022, 1023, 1026,
    1027, 1031, 1034, 1035, 1039, 1042, 1043, 1046, 1047, 1051, 1055, 1058,
    1059, 1062, 1063, 1066, 1067, 1070, 1071, 1074, 1075, 1079, 1082, 1083,
    1086, 1087, 1091, 1095, 1098, 1099, 1103, 1107, 1111, 1114, 1115, 1119,
    1123, 1126, 1127, 1131, 1135, 1139, 1142, 1143, 1146, 1147, 1151, 1154,
    1155, 1158, 1159, 1162, 1163, 1167, 1170, 1171, 1175, 1179, 1183, 1187,
    1191, 1194, 1195, 1199, 1202, 1203, 1206, 1207, 1210, 1211, 1215, 1218,
    1219, 1222, 1223, 1227, 1231, 1235, 1239, 1243, 1247, 1250, 1251, 1255,
    1258, 1259, 1262, 1263, 1267, 1270, 1271, 1275, 1279, 1282, 1283, 1286,
    1287, 1291, 1294, 1295, 1299, 1302, 1303, 1307, 1310, 1311, 1315, 1319,
    1322, 1323, 1326, 1327, 1330, 1331, 1335, 1338, 1339, 1343, 1346, 1347,
    1351, 1355, 1359, 1362, 1363, 1366, 1367, 1371, 1374, 1375, 1378, 1379,
    1383, 1387, 1391, 1395, 1399, 1403, 1406, 1407, 1410, 1411, 1415, 1418,
    1419, 1422, 1423, 1427, 1430, 1431, 1434, 1435, 1438, 1439
[2] 6, 110, 154, 230, 262, 322, 366, 378, 466, 518, 522, 538, 558, 562, 610,
    622, 710, 770, 774, 786, 814, 830, 874, 882, 922, 950, 954, 978, 1078,
    1130, 1150, 1178, 1226, 1242, 1266, 1314, 1318, 1342, 1350, 1386

Reassigned labels

Runtime: 2.0552711486816406

Performance split_log:

IM without threshold:
Map:
{"L_0": "L", "L_1": "L", "L_2": "L"}
token_fitness
{"perc_fit_traces": 0.0, "average_trace_fitness": 0.77370707606807, "log_fitness": 0.776245405978666, "percentage_of_fitting_traces": 0.0}
precision
0.760249340685687
0.6875
generalization
0.7393131518647127

Adjusted Rand Index:
0.38189355764947763



Parameters of this run:

Window size: 5
Threshold for edges: 0.75
Split candidates: L
Max number of traces: 5000000
Method for distance calculation: Distance.MULTISET_DISTANCE
Method for finding clusters: ClusteringMethod.COMMUNITY_DETECTION
Original log location: ./data/noImprInLoop_default_OD\feb16-1625\logs\P_1_LogD_Sequence_feb16-1625.xes.gz
Use frequency: True

Found communities: 

Clustering with 1440 elements and 4 clusters
[0] 0, 1, 4, 5, 12, 13, 16, 17, 20, 21, 36, 37, 38, 44, 45, 48, 49, 64, 65,
    66, 68, 69, 70, 72, 73, 76, 77, 78, 80, 81, 88, 89, 108, 109, 112, 113,
    114, 116, 117, 120, 121, 128, 129, 136, 137, 140, 141, 144, 145, 148, 149,
    152, 153, 156, 157, 160, 161, 164, 165, 172, 173, 176, 177, 180, 181, 184,
    185, 186, 188, 189, 200, 201, 204, 205, 206, 212, 213, 216, 217, 220, 221,
    228, 229, 232, 233, 234, 248, 249, 252, 253, 256, 257, 260, 261, 264, 265,
    266, 268, 269, 276, 277, 280, 281, 284, 285, 288, 289, 290, 292, 293, 296,
    297, 304, 305, 308, 309, 310, 316, 317, 320, 321, 328, 329, 336, 337, 338,
    352, 353, 364, 365, 368, 369, 376, 377, 380, 381, 382, 384, 385, 386, 388,
    389, 416, 417, 428, 429, 432, 433, 434, 440, 441, 442, 448, 449, 452, 453,
    456, 457, 464, 465, 472, 473, 476, 477, 484, 485, 488, 489, 490, 496, 497,
    500, 501, 504, 505, 508, 509, 516, 517, 520, 521, 524, 525, 528, 529, 532,
    533, 534, 536, 537, 544, 545, 552, 553, 556, 557, 560, 561, 564, 565, 568,
    569, 570, 572, 573, 574, 576, 577, 578, 580, 581, 588, 589, 596, 597, 600,
    601, 602, 608, 609, 612, 613, 614, 620, 621, 628, 629, 636, 637, 640, 641,
    642, 644, 645, 652, 653, 656, 657, 660, 661, 668, 669, 680, 681, 682, 688,
    689, 692, 693, 696, 697, 704, 705, 708, 709, 712, 713, 736, 737, 740, 741,
    744, 745, 746, 756, 757, 758, 764, 765, 768, 769, 772, 773, 780, 781, 784,
    785, 788, 789, 800, 801, 804, 805, 806, 812, 813, 816, 817, 820, 821, 822,
    824, 825, 828, 829, 832, 833, 834, 836, 837, 840, 841, 856, 857, 860, 861,
    868, 869, 870, 872, 873, 876, 877, 878, 880, 881, 884, 885, 904, 905, 908,
    909, 912, 913, 916, 917, 920, 921, 924, 925, 928, 929, 930, 940, 941, 948,
    949, 952, 953, 960, 961, 964, 965, 976, 977, 980, 981, 988, 989, 990, 992,
    993, 996, 997, 1000, 1001, 1002, 1012, 1013, 1016, 1017, 1020, 1021, 1024,
    1025, 1032, 1033, 1044, 1045, 1056, 1057, 1068, 1069, 1072, 1073, 1076,
    1077, 1080, 1081, 1092, 1093, 1094, 1096, 1097, 1108, 1109, 1110, 1120,
    1121, 1124, 1125, 1128, 1129, 1132, 1133, 1136, 1137, 1138, 1140, 1141,
    1148, 1149, 1152, 1153, 1160, 1161, 1164, 1165, 1168, 1169, 1172, 1173,
    1176, 1177, 1184, 1185, 1192, 1193, 1208, 1209, 1220, 1221, 1224, 1225,
    1232, 1233, 1234, 1240, 1241, 1248, 1249, 1264, 1265, 1268, 1269, 1272,
    1273, 1274, 1280, 1281, 1284, 1285, 1288, 1289, 1290, 1296, 1297, 1298,
    1312, 1313, 1316, 1317, 1328, 1329, 1332, 1333, 1334, 1340, 1341, 1348,
    1349, 1356, 1357, 1358, 1360, 1361, 1368, 1369, 1370, 1372, 1373, 1376,
    1377, 1380, 1381, 1382, 1384, 1385, 1388, 1389, 1392, 1393, 1394, 1400,
    1401, 1402, 1412, 1413, 1414, 1420, 1421
[1] 3, 11, 15, 19, 23, 27, 30, 31, 35, 43, 47, 51, 55, 59, 63, 67, 74, 75, 79,
    83, 87, 91, 95, 99, 103, 107, 111, 115, 119, 122, 123, 126, 127, 131, 135,
    139, 142, 143, 147, 151, 155, 159, 163, 171, 175, 179, 183, 187, 195, 199,
    202, 203, 215, 219, 227, 239, 242, 243, 246, 247, 251, 255, 259, 263, 267,
    271, 275, 278, 279, 283, 287, 291, 295, 299, 303, 307, 311, 315, 318, 319,
    323, 331, 339, 343, 347, 350, 351, 354, 355, 358, 359, 367, 370, 371, 375,
    379, 383, 390, 391, 395, 399, 406, 407, 415, 419, 423, 427, 430, 431, 435,
    439, 443, 447, 451, 455, 458, 459, 463, 467, 471, 475, 479, 483, 487, 491,
    499, 503, 507, 511, 515, 519, 527, 531, 539, 543, 547, 555, 567, 571, 575,
    583, 591, 599, 603, 607, 615, 619, 631, 635, 639, 647, 651, 654, 655, 659,
    663, 667, 675, 679, 683, 687, 691, 695, 699, 707, 711, 719, 723, 727, 731,
    734, 735, 738, 739, 743, 747, 751, 755, 759, 763, 767, 771, 775, 779, 783,
    787, 791, 795, 799, 803, 807, 811, 815, 819, 823, 827, 831, 835, 839, 843,
    847, 851, 858, 859, 867, 871, 875, 879, 883, 895, 899, 903, 910, 911, 915,
    923, 926, 927, 931, 934, 935, 939, 943, 951, 955, 959, 963, 967, 970, 971,
    975, 979, 983, 987, 991, 994, 995, 999, 1003, 1006, 1007, 1014, 1015,
    1019, 1023, 1027, 1031, 1035, 1039, 1043, 1051, 1055, 1059, 1063, 1067,
    1071, 1074, 1075, 1079, 1083, 1086, 1087, 1091, 1099, 1103, 1107, 1111,
    1115, 1119, 1123, 1131, 1135, 1139, 1143, 1147, 1154, 1155, 1158, 1159,
    1162, 1163, 1167, 1171, 1175, 1179, 1183, 1187, 1191, 1195, 1199, 1203,
    1207, 1211, 1215, 1219, 1223, 1227, 1231, 1235, 1239, 1243, 1247, 1251,
    1255, 1259, 1263, 1270, 1271, 1275, 1283, 1286, 1287, 1295, 1299, 1303,
    1307, 1311, 1319, 1322, 1323, 1327, 1331, 1335, 1339, 1343, 1347, 1351,
    1359, 1363, 1375, 1379, 1383, 1391, 1395, 1399, 1403, 1407, 1415, 1418,
    1419, 1423, 1427, 1431, 1435, 1439
[2] 8, 9, 24, 25, 28, 29, 32, 33, 40, 41, 52, 53, 56, 57, 60, 61, 84, 85, 86,
    92, 93, 96, 97, 100, 101, 104, 105, 106, 124, 125, 132, 133, 134, 168,
    169, 192, 193, 196, 197, 208, 209, 224, 225, 236, 237, 238, 240, 241, 244,
    245, 272, 273, 300, 301, 312, 313, 314, 324, 325, 326, 332, 333, 340, 341,
    344, 345, 348, 349, 356, 357, 360, 361, 362, 372, 373, 392, 393, 396, 397,
    398, 400, 401, 404, 405, 408, 409, 412, 413, 420, 421, 424, 425, 436, 437,
    444, 445, 460, 461, 462, 468, 469, 480, 481, 492, 493, 512, 513, 514, 540,
    541, 542, 548, 549, 584, 585, 586, 592, 593, 604, 605, 616, 617, 618, 624,
    625, 632, 633, 648, 649, 664, 665, 672, 673, 676, 677, 678, 684, 685, 686,
    700, 701, 716, 717, 720, 721, 724, 725, 728, 729, 732, 733, 748, 749, 752,
    753, 754, 760, 761, 776, 777, 792, 793, 794, 796, 797, 808, 809, 844, 845,
    848, 849, 852, 853, 854, 864, 865, 888, 889, 892, 893, 896, 897, 900, 901,
    902, 932, 933, 936, 937, 944, 945, 946, 956, 957, 968, 969, 972, 973, 984,
    985, 986, 1004, 1005, 1008, 1009, 1028, 1029, 1030, 1036, 1037, 1038,
    1040, 1041, 1048, 1049, 1050, 1052, 1053, 1054, 1060, 1061, 1064, 1065,
    1084, 1085, 1088, 1089, 1090, 1100, 1101, 1102, 1104, 1105, 1106, 1112,
    1113, 1116, 1117, 1118, 1144, 1145, 1156, 1157, 1180, 1181, 1182, 1188,
    1189, 1190, 1196, 1197, 1198, 1200, 1201, 1204, 1205, 1212, 1213, 1214,
    1216, 1217, 1228, 1229, 1230, 1236, 1237, 1238, 1244, 1245, 1246, 1252,
    1253, 1254, 1256, 1257, 1260, 1261, 1276, 1277, 1278, 1292, 1293, 1300,
    1301, 1304, 1305, 1306, 1308, 1309, 1320, 1321, 1324, 1325, 1336, 1337,
    1344, 1345, 1352, 1353, 1354, 1364, 1365, 1396, 1397, 1398, 1404, 1405,
    1408, 1409, 1416, 1417, 1424, 1425, 1426, 1428, 1429, 1432, 1433, 1436,
    1437
[3] 2, 6, 7, 10, 14, 18, 22, 26, 34, 39, 42, 46, 50, 54, 58, 62, 71, 82, 90,
    94, 98, 102, 110, 118, 130, 138, 146, 150, 154, 158, 162, 166, 167, 170,
    174, 178, 182, 190, 191, 194, 198, 207, 210, 211, 214, 218, 222, 223, 226,
    230, 231, 235, 250, 254, 258, 262, 270, 274, 282, 286, 294, 298, 302, 306,
    322, 327, 330, 334, 335, 342, 346, 363, 366, 374, 378, 387, 394, 402, 403,
    410, 411, 414, 418, 422, 426, 438, 446, 450, 454, 466, 470, 474, 478, 482,
    486, 494, 495, 498, 502, 506, 510, 518, 522, 523, 526, 530, 535, 538, 546,
    550, 551, 554, 558, 559, 562, 563, 566, 579, 582, 587, 590, 594, 595, 598,
    606, 610, 611, 622, 623, 626, 627, 630, 634, 638, 643, 646, 650, 658, 662,
    666, 670, 671, 674, 690, 694, 698, 702, 703, 706, 710, 714, 715, 718, 722,
    726, 730, 742, 750, 762, 766, 770, 774, 778, 782, 786, 790, 798, 802, 810,
    814, 818, 826, 830, 838, 842, 846, 850, 855, 862, 863, 866, 874, 882, 886,
    887, 890, 891, 894, 898, 906, 907, 914, 918, 919, 922, 938, 942, 947, 950,
    954, 958, 962, 966, 974, 978, 982, 998, 1010, 1011, 1018, 1022, 1026,
    1034, 1042, 1046, 1047, 1058, 1062, 1066, 1070, 1078, 1082, 1095, 1098,
    1114, 1122, 1126, 1127, 1130, 1134, 1142, 1146, 1150, 1151, 1166, 1170,
    1174, 1178, 1186, 1194, 1202, 1206, 1210, 1218, 1222, 1226, 1242, 1250,
    1258, 1262, 1266, 1267, 1279, 1282, 1291, 1294, 1302, 1310, 1314, 1315,
    1318, 1326, 1330, 1338, 1342, 1346, 1350, 1355, 1362, 1366, 1367, 1371,
    1374, 1378, 1386, 1387, 1390, 1406, 1410, 1411, 1422, 1430, 1434, 1438

Reassigned labels

Runtime: 1.8059029579162598

Performance split_log:

IM without threshold:
Map:
{"L_0": "L", "L_1": "L", "L_2": "L", "L_3": "L"}
token_fitness
{"perc_fit_traces": 0.0, "average_trace_fitness": 0.9053282732447906, "log_fitness": 0.9049073750378018, "percentage_of_fitting_traces": 0.0}
precision
0.6981614147587796
0.7083333333333334
generalization
0.6413053671243103

Adjusted Rand Index:
0.3011060324162269



Parameters of this run:

Window size: 5
Threshold for edges: 1
Split candidates: L
Max number of traces: 5000000
Method for distance calculation: Distance.MULTISET_DISTANCE
Method for finding clusters: ClusteringMethod.COMMUNITY_DETECTION
Original log location: ./data/noImprInLoop_default_OD\feb16-1625\logs\P_1_LogD_Sequence_feb16-1625.xes.gz
Use frequency: True

Found communities: 

Clustering with 1440 elements and 82 clusters
[ 0] 3, 15, 19, 23, 31, 35, 51, 59, 67, 75, 79, 91, 103, 119, 123, 127, 135,
     143, 147, 151, 163, 171, 175, 179, 187, 195, 199, 203, 227, 239, 243,
     247, 255, 267, 271, 275, 279, 283, 287, 299, 303, 315, 319, 323, 339,
     351, 355, 359, 371, 375, 379, 383, 391, 407, 419, 427, 431, 435, 439,
     459, 463, 467, 479, 503, 547, 555, 567, 575, 591, 615, 619, 631, 651,
     655, 663, 675, 679, 683, 687, 695, 699, 707, 711, 719, 723, 727, 731,
     735, 739, 743, 751, 767, 771, 775, 779, 783, 787, 791, 803, 831, 835,
     847, 851, 859, 867, 871, 875, 879, 895, 911, 915, 923, 927, 935, 939,
     943, 955, 971, 979, 991, 995, 999, 1007, 1015, 1023, 1027, 1031, 1035,
     1043, 1055, 1059, 1063, 1075, 1087, 1103, 1111, 1115, 1119, 1123, 1131,
     1135, 1139, 1155, 1159, 1163, 1167, 1171, 1179, 1183, 1203, 1211, 1219,
     1223, 1231, 1235, 1247, 1255, 1263, 1271, 1287, 1299, 1307, 1319, 1323,
     1327, 1339, 1343, 1347, 1363, 1375, 1383, 1395, 1419, 1427, 1435
[ 1] 11, 27, 47, 63, 87, 95, 111, 155, 159, 183, 219, 251, 263, 291, 295, 307,
     311, 331, 347, 367, 399, 423, 443, 447, 451, 455, 475, 483, 487, 491,
     499, 507, 511, 515, 519, 531, 539, 543, 571, 583, 599, 603, 607, 635,
     639, 647, 659, 667, 755, 759, 795, 799, 811, 819, 823, 827, 839, 843,
     883, 903, 931, 951, 959, 963, 967, 975, 983, 987, 1003, 1019, 1039, 1051,
     1067, 1107, 1143, 1147, 1175, 1187, 1199, 1207, 1215, 1239, 1251, 1259,
     1275, 1283, 1311, 1335, 1359, 1379, 1391, 1403, 1407, 1415, 1423, 1431,
     1439
[ 2] 9, 25, 57, 61, 85, 93, 101, 133, 197, 225, 237, 273, 345, 373, 397, 421,
     425, 437, 445, 461, 481, 513, 541, 605, 617, 633, 649, 665, 673, 685,
     717, 725, 729, 753, 777, 793, 797, 809, 845, 865, 893, 901, 937, 957,
     973, 985, 1029, 1037, 1041, 1049, 1053, 1065, 1101, 1105, 1113, 1117,
     1145, 1181, 1197, 1201, 1205, 1213, 1217, 1229, 1237, 1253, 1257, 1261,
     1305, 1309, 1325, 1337, 1345, 1405, 1429, 1433, 1437
[ 3] 8, 24, 40, 100, 104, 168, 208, 236, 300, 312, 324, 332, 340, 360, 392,
     400, 408, 412, 420, 424, 492, 548, 584, 592, 624, 672, 676, 700, 716,
     720, 748, 760, 776, 792, 852, 888, 896, 944, 972, 1008, 1048, 1060, 1064,
     1088, 1180, 1188, 1212, 1236, 1244, 1252, 1256, 1260, 1276, 1300, 1304,
     1324, 1352, 1364, 1396, 1408, 1424, 1428, 1432
[ 4] 18, 50, 58, 62, 90, 94, 150, 158, 178, 182, 198, 218, 226, 274, 282, 298,
     330, 346, 374, 438, 446, 454, 474, 478, 498, 502, 506, 510, 530, 554,
     582, 658, 666, 706, 726, 730, 766, 790, 798, 810, 914, 942, 958, 962,
     998, 1022, 1034, 1142, 1202, 1250, 1310, 1378, 1406, 1438
[ 5] 7, 39, 71, 167, 191, 207, 211, 223, 231, 235, 327, 335, 363, 387, 403,
     411, 495, 523, 535, 551, 559, 563, 579, 587, 595, 611, 623, 627, 643,
     671, 703, 715, 855, 863, 887, 891, 907, 919, 947, 1011, 1047, 1095, 1127,
     1151, 1267, 1279, 1291, 1315, 1355, 1367, 1371, 1387, 1411
[ 6] 21, 65, 77, 89, 149, 153, 157, 181, 185, 249, 261, 265, 281, 285, 289,
     293, 365, 485, 489, 497, 501, 537, 581, 597, 601, 629, 637, 657, 757,
     765, 873, 921, 953, 977, 989, 1017, 1021, 1057, 1133, 1141, 1165, 1169,
     1185, 1273, 1281, 1393
[ 7] 1, 45, 49, 109, 173, 177, 305, 309, 329, 337, 381, 417, 453, 477, 509,
     553, 565, 569, 573, 589, 613, 645, 769, 773, 781, 821, 837, 841, 941,
     949, 961, 981, 997, 1137, 1173, 1249, 1317, 1333, 1373, 1413
[ 8] 13, 17, 145, 217, 253, 269, 297, 321, 441, 449, 473, 505, 517, 529, 693,
     697, 705, 785, 789, 817, 825, 829, 869, 881, 913, 929, 965, 1001, 1033,
     1109, 1121, 1129, 1297, 1357, 1377, 1381, 1389, 1401, 1421
[ 9] 30, 74, 122, 126, 142, 202, 242, 246, 278, 318, 350, 354, 358, 370, 390,
     406, 430, 458, 654, 734, 738, 858, 910, 926, 934, 970, 994, 1006, 1014,
     1074, 1086, 1154, 1158, 1162, 1270, 1286, 1322, 1418
[10] 20, 36, 64, 112, 152, 188, 220, 232, 260, 284, 376, 464, 488, 520, 524,
     556, 576, 596, 608, 620, 668, 712, 800, 804, 812, 832, 876, 952, 976,
     988, 1016, 1024, 1076, 1096, 1272, 1368
[11] 43, 55, 83, 99, 107, 115, 131, 139, 215, 259, 343, 395, 415, 471, 527,
     691, 747, 763, 807, 815, 899, 1071, 1079, 1083, 1091, 1099, 1191, 1195,
     1227, 1243, 1295, 1303, 1331, 1351, 1399
[12] 0, 4, 44, 68, 164, 172, 228, 308, 532, 544, 612, 640, 680, 744, 772, 820,
     860, 884, 948, 980, 1124, 1136, 1176, 1192, 1232, 1264, 1328, 1340, 1348,
     1360, 1384
[13] 28, 56, 60, 92, 124, 196, 224, 240, 272, 344, 348, 356, 372, 404, 436,
     444, 664, 724, 728, 732, 796, 808, 932, 956, 1004, 1084, 1200, 1308,
     1320, 1404, 1436
[14] 33, 41, 53, 97, 105, 169, 193, 301, 313, 341, 393, 413, 469, 677, 721,
     749, 761, 849, 897, 1061, 1089, 1189, 1245, 1293, 1301, 1397, 1425
[15] 144, 204, 268, 320, 384, 432, 560, 660, 688, 708, 824, 880, 904, 916,
     964, 1044, 1068, 1092, 1128, 1148, 1208, 1224, 1240, 1288, 1312, 1356,
     1380
[16] 209, 325, 333, 361, 401, 409, 493, 549, 585, 593, 625, 701, 853, 889,
     945, 1009, 1277, 1353, 1365, 1409
[17] 88, 148, 156, 180, 280, 352, 368, 496, 500, 580, 656, 736, 764, 908,
     1020, 1140, 1152, 1268
[18] 480, 512, 540, 604, 616, 684, 752, 892, 936, 1028, 1036, 1052, 1100,
     1104, 1196, 1204, 1216, 1336
[19] 16, 72, 140, 216, 296, 472, 504, 528, 704, 788, 912, 992, 1012, 1032,
     1160, 1284, 1376
[20] 34, 54, 82, 98, 118, 130, 138, 162, 194, 214, 258, 470, 742, 850, 1082,
     1222, 1294
[21] 48, 120, 176, 316, 328, 428, 452, 456, 476, 508, 552, 856, 924, 940, 960,
     996, 1248
[22] 113, 117, 129, 161, 257, 377, 465, 525, 801, 805, 813, 833, 877, 1025,
     1077, 1097
[23] 84, 132, 396, 460, 632, 648, 844, 864, 900, 984, 1040, 1112, 1116, 1144,
     1228, 1344
[24] 29, 125, 241, 245, 349, 357, 405, 733, 933, 969, 1005, 1085, 1157, 1321,
     1417
[25] 134, 238, 314, 618, 678, 1030, 1102, 1118, 1182, 1230, 1246, 1254, 1306,
     1426
[26] 326, 398, 514, 586, 754, 794, 854, 986, 1038, 1050, 1198, 1214, 1238,
     1354
[27] 137, 545, 681, 741, 745, 1081, 1177, 1193, 1233, 1329, 1341, 1349, 1361
[28] 2, 46, 166, 174, 546, 862, 886, 982, 1126, 1194, 1330, 1362
[29] 37, 189, 221, 233, 521, 557, 577, 609, 621, 669, 713, 1369
[30] 22, 190, 222, 286, 526, 598, 670, 714, 802, 1018, 1026, 1098
[31] 210, 302, 394, 410, 414, 426, 494, 626, 778, 1062, 1066, 1430
[32] 42, 170, 334, 342, 422, 594, 674, 750, 890, 1010, 1258, 1434
[33] 5, 69, 165, 229, 533, 641, 861, 885, 1125, 1265, 1385
[34] 76, 248, 292, 364, 600, 628, 756, 872, 1132, 1280, 1392
[35] 32, 52, 96, 192, 244, 468, 848, 968, 1156, 1292, 1416
[36] 184, 264, 288, 484, 536, 636, 920, 1056, 1164, 1168, 1184
[37] 81, 213, 433, 661, 689, 709, 1069, 1209, 1221, 1225, 1241
[38] 10, 102, 550, 606, 718, 722, 762, 894, 898, 938, 974
[39] 146, 270, 662, 690, 826, 906, 918, 966, 1046, 1070, 1210
[40] 108, 336, 564, 568, 780, 836, 1172, 1316, 1332, 1372
[41] 26, 402, 702, 1042, 1114, 1262, 1302, 1326, 1366, 1410
[42] 12, 252, 448, 516, 816, 828, 928, 1108, 1388, 1400
[43] 205, 385, 561, 905, 917, 1045, 1093, 1149, 1289, 1313
[44] 304, 380, 416, 572, 588, 644, 768, 840, 1412
[45] 440, 692, 696, 784, 868, 1000, 1120, 1296, 1420
[46] 66, 78, 186, 266, 834, 878, 990, 1394
[47] 201, 353, 369, 653, 737, 909, 1153, 1269
[48] 73, 141, 277, 389, 993, 1013, 1161, 1285
[49] 154, 378, 522, 538, 558, 922, 954, 1078
[50] 262, 366, 466, 610, 622, 814, 874, 978
[51] 38, 290, 490, 602, 758, 1274, 1370
[52] 106, 362, 946, 1090, 1190, 1278, 1398
[53] 206, 386, 442, 930, 1002, 1358, 1402
[54] 121, 317, 429, 457, 857, 925, 1073
[55] 322, 518, 830, 882, 1150, 1242, 1314
[56] 86, 462, 542, 686, 902, 1054, 1106
[57] 338, 382, 574, 614, 682, 1138, 1234
[58] 6, 110, 950, 1178, 1318, 1386
[59] 116, 128, 160, 200, 256, 652
[60] 310, 534, 570, 822, 1334, 1414
[61] 230, 770, 774, 1266, 1342, 1350
[62] 80, 212, 276, 388, 1220
[63] 562, 710, 786, 1130, 1226
[64] 434, 870, 1110, 1298, 1382
[65] 14, 254, 450, 818
[66] 136, 740, 1072, 1080
[67] 306, 418, 782, 1174
[68] 114, 234, 578, 806
[69] 634, 650, 846, 1146
[70] 294, 1134, 1166, 1186
[71] 486, 638, 1058, 1170
[72] 70, 642, 746
[73] 250, 630, 1282
[74] 694, 698, 1422
[75] 566, 838, 1374
[76] 590, 646, 842
[77] 482, 1218, 1338
[78] 866, 1346
[79] 1122, 1390
[80] 1094, 1290
[81] 1206

Reassigned labels

Runtime: 1.6501383781433105

Performance split_log:

IM without threshold:
Map:
{"L_0": "L", "L_1": "L", "L_2": "L", "L_3": "L", "L_4": "L", "L_5": "L", "L_6": "L", "L_7": "L", "L_8": "L", "L_9": "L", "L_10": "L", "L_11": "L", "L_12": "L", "L_13": "L", "L_14": "L", "L_15": "L", "L_16": "L", "L_17": "L", "L_18": "L", "L_19": "L", "L_20": "L", "L_21": "L", "L_22": "L", "L_23": "L", "L_24": "L", "L_25": "L", "L_26": "L", "L_27": "L", "L_28": "L", "L_29": "L", "L_30": "L", "L_31": "L", "L_32": "L", "L_33": "L", "L_34": "L", "L_35": "L", "L_36": "L", "L_37": "L", "L_38": "L", "L_39": "L", "L_40": "L", "L_41": "L", "L_42": "L", "L_43": "L", "L_44": "L", "L_45": "L", "L_46": "L", "L_47": "L", "L_48": "L", "L_49": "L", "L_50": "L", "L_51": "L", "L_52": "L", "L_53": "L", "L_54": "L", "L_55": "L", "L_56": "L", "L_57": "L", "L_58": "L", "L_59": "L", "L_60": "L", "L_61": "L", "L_62": "L", "L_63": "L", "L_64": "L", "L_65": "L", "L_66": "L", "L_67": "L", "L_68": "L", "L_69": "L", "L_70": "L", "L_71": "L", "L_72": "L", "L_73": "L", "L_74": "L", "L_75": "L", "L_76": "L", "L_77": "L", "L_78": "L", "L_79": "L", "L_80": "L", "L_81": "L"}
token_fitness
{"perc_fit_traces": 29.9, "average_trace_fitness": 0.9154519559768906, "log_fitness": 0.9194468883524896, "percentage_of_fitting_traces": 29.9}
precision
0.8187235564030749
0.6642335766423357
generalization
0.5561493073076953

Adjusted Rand Index:
0.1626800893507145

Best precision found:
1.0