EventID,Timestamp,OrgLabel,org:resource,concept:name,lifecycle:transition,case:concept:name
1,1,A,artificial,A,complete,"-1 [A, B, D, E, C, F, G, H, I]"
2,2,B,artificial,D_Dupli,complete,"-1 [A, B, D, E, C, F, G, H, I]"
3,3,D,artificial,D_Dupli,complete,"-1 [A, B, D, E, C, F, G, H, I]"
4,4,E,artificial,D_Dupli,complete,"-1 [A, B, D, E, C, F, G, H, I]"
5,5,C,artificial,D_Dupli,complete,"-1 [A, B, D, E, C, F, G, H, I]"
6,6,F,artificial,F,complete,"-1 [A, B, D, E, C, F, G, H, I]"
7,7,G,artificial,G,complete,"-1 [A, B, D, E, C, F, G, H, I]"
8,8,H,artificial,H,complete,"-1 [A, B, D, E, C, F, G, H, I]"
9,9,I,artificial,I,complete,"-1 [A, B, D, E, C, F, G, H, I]"
10,10,H,artificial,H,complete,"0 [A, B, E, C, D, F, G, I, H, M, N, O, F, G, I, H]"
11,11,I,artificial,I,complete,"0 [A, B, E, C, D, F, G, I, H, M, N, O, F, G, I, H]"
12,12,G,artificial,G,complete,"0 [A, B, E, C, D, F, G, I, H, M, N, O, F, G, I, H]"
13,13,F,artificial,F,complete,"0 [A, B, E, C, D, F, G, I, H, M, N, O, F, G, I, H]"
14,14,N,artificial,N,complete,"0 [A, B, E, C, D, F, G, I, H, M, N, O, F, G, I, H]"
15,15,M,artificial,M,complete,"0 [A, B, E, C, D, F, G, I, H, M, N, O, F, G, I, H]"
16,16,H,artificial,H,complete,"0 [A, B, E, C, D, F, G, I, H, M, N, O, F, G, I, H]"
17,17,O,artificial,O,complete,"0 [A, B, E, C, D, F, G, I, H, M, N, O, F, G, I, H]"
18,18,G,artificial,G,complete,"0 [A, B, E, C, D, F, G, I, H, M, N, O, F, G, I, H]"
19,19,F,artificial,F,complete,"0 [A, B, E, C, D, F, G, I, H, M, N, O, F, G, I, H]"
20,20,D,artificial,D_Dupli,complete,"0 [A, B, E, C, D, F, G, I, H, M, N, O, F, G, I, H]"
21,21,C,artificial,D_Dupli,complete,"0 [A, B, E, C, D, F, G, I, H, M, N, O, F, G, I, H]"
22,22,E,artificial,D_Dupli,complete,"0 [A, B, E, C, D, F, G, I, H, M, N, O, F, G, I, H]"
23,23,B,artificial,D_Dupli,complete,"0 [A, B, E, C, D, F, G, I, H, M, N, O, F, G, I, H]"
24,24,A,artificial,A,complete,"0 [A, B, E, C, D, F, G, I, H, M, N, O, F, G, I, H]"
25,25,I,artificial,I,complete,"0 [A, B, E, C, D, F, G, I, H, M, N, O, F, G, I, H]"
26,26,H,artificial,H,complete,"1 [A, B, C, D, E, F, G, I, H]"
27,27,I,artificial,I,complete,"1 [A, B, C, D, E, F, G, I, H]"
28,28,G,artificial,G,complete,"1 [A, B, C, D, E, F, G, I, H]"
29,29,F,artificial,F,complete,"1 [A, B, C, D, E, F, G, I, H]"
30,30,E,artificial,D_Dupli,complete,"1 [A, B, C, D, E, F, G, I, H]"
31,31,C,artificial,D_Dupli,complete,"1 [A, B, C, D, E, F, G, I, H]"
32,32,B,artificial,D_Dupli,complete,"1 [A, B, C, D, E, F, G, I, H]"
33,33,A,artificial,A,complete,"1 [A, B, C, D, E, F, G, I, H]"
34,34,D,artificial,D_Dupli,complete,"1 [A, B, C, D, E, F, G, I, H]"
35,35,I,artificial,I,complete,"10 [A, B, E, C, D, F, G, H, I]"
36,36,E,artificial,D_Dupli,complete,"10 [A, B, E, C, D, F, G, H, I]"
37,37,C,artificial,D_Dupli,complete,"10 [A, B, E, C, D, F, G, H, I]"
38,38,D,artificial,D_Dupli,complete,"10 [A, B, E, C, D, F, G, H, I]"
39,39,F,artificial,F,complete,"10 [A, B, E, C, D, F, G, H, I]"
40,40,G,artificial,G,complete,"10 [A, B, E, C, D, F, G, H, I]"
41,41,H,artificial,H,complete,"10 [A, B, E, C, D, F, G, H, I]"
42,42,B,artificial,D_Dupli,complete,"10 [A, B, E, C, D, F, G, H, I]"
43,43,A,artificial,A,complete,"10 [A, B, E, C, D, F, G, H, I]"
44,44,H,artificial,H,complete,"100 [A, B, D, E, C, F, G, H, I]"
45,45,A,artificial,A,complete,"100 [A, B, D, E, C, F, G, H, I]"
46,46,B,artificial,D_Dupli,complete,"100 [A, B, D, E, C, F, G, H, I]"
47,47,D,artificial,D_Dupli,complete,"100 [A, B, D, E, C, F, G, H, I]"
48,48,E,artificial,D_Dupli,complete,"100 [A, B, D, E, C, F, G, H, I]"
49,49,C,artificial,D_Dupli,complete,"100 [A, B, D, E, C, F, G, H, I]"
50,50,F,artificial,F,complete,"100 [A, B, D, E, C, F, G, H, I]"
51,51,G,artificial,G,complete,"100 [A, B, D, E, C, F, G, H, I]"
52,52,I,artificial,I,complete,"100 [A, B, D, E, C, F, G, H, I]"
53,53,A,artificial,A,complete,"101 [A, B, C, E, D, F, G, I, H]"
54,54,B,artificial,D_Dupli,complete,"101 [A, B, C, E, D, F, G, I, H]"
55,55,G,artificial,G,complete,"101 [A, B, C, E, D, F, G, I, H]"
56,56,F,artificial,F,complete,"101 [A, B, C, E, D, F, G, I, H]"
57,57,H,artificial,H,complete,"101 [A, B, C, E, D, F, G, I, H]"
58,58,D,artificial,D_Dupli,complete,"101 [A, B, C, E, D, F, G, I, H]"
59,59,E,artificial,D_Dupli,complete,"101 [A, B, C, E, D, F, G, I, H]"
60,60,C,artificial,D_Dupli,complete,"101 [A, B, C, E, D, F, G, I, H]"
61,61,I,artificial,I,complete,"101 [A, B, C, E, D, F, G, I, H]"
62,62,B,artificial,D_Dupli,complete,"102 [A, B, C, E, D, F, G, I, H]"
63,63,I,artificial,I,complete,"102 [A, B, C, E, D, F, G, I, H]"
64,64,G,artificial,G,complete,"102 [A, B, C, E, D, F, G, I, H]"
65,65,F,artificial,F,complete,"102 [A, B, C, E, D, F, G, I, H]"
66,66,D,artificial,D_Dupli,complete,"102 [A, B, C, E, D, F, G, I, H]"
67,67,E,artificial,D_Dupli,complete,"102 [A, B, C, E, D, F, G, I, H]"
68,68,C,artificial,D_Dupli,complete,"102 [A, B, C, E, D, F, G, I, H]"
69,69,H,artificial,H,complete,"102 [A, B, C, E, D, F, G, I, H]"
70,70,A,artificial,A,complete,"102 [A, B, C, E, D, F, G, I, H]"
71,71,D,artificial,D_Dupli,complete,"103 [B, A, E, C, D, F, G, H, I]"
72,72,H,artificial,H,complete,"103 [B, A, E, C, D, F, G, H, I]"
73,73,B,artificial,D_Dupli,complete,"103 [B, A, E, C, D, F, G, H, I]"
74,74,A,artificial,A,complete,"103 [B, A, E, C, D, F, G, H, I]"
75,75,E,artificial,D_Dupli,complete,"103 [B, A, E, C, D, F, G, H, I]"
76,76,C,artificial,D_Dupli,complete,"103 [B, A, E, C, D, F, G, H, I]"
77,77,F,artificial,F,complete,"103 [B, A, E, C, D, F, G, H, I]"
78,78,G,artificial,G,complete,"103 [B, A, E, C, D, F, G, H, I]"
79,79,I,artificial,I,complete,"103 [B, A, E, C, D, F, G, H, I]"
80,80,B,artificial,D_Dupli,complete,"104 [A, B, D, E, C, F, G, H, I]"
81,81,H,artificial,H,complete,"104 [A, B, D, E, C, F, G, H, I]"
82,82,G,artificial,G,complete,"104 [A, B, D, E, C, F, G, H, I]"
83,83,F,artificial,F,complete,"104 [A, B, D, E, C, F, G, H, I]"
84,84,C,artificial,D_Dupli,complete,"104 [A, B, D, E, C, F, G, H, I]"
85,85,E,artificial,D_Dupli,complete,"104 [A, B, D, E, C, F, G, H, I]"
86,86,D,artificial,D_Dupli,complete,"104 [A, B, D, E, C, F, G, H, I]"
87,87,I,artificial,I,complete,"104 [A, B, D, E, C, F, G, H, I]"
88,88,A,artificial,A,complete,"104 [A, B, D, E, C, F, G, H, I]"
89,89,D,artificial,D_Dupli,complete,"105 [A, B, D, C, E, F, G, I, H]"
90,90,E,artificial,D_Dupli,complete,"105 [A, B, D, C, E, F, G, I, H]"
91,91,A,artificial,A,complete,"105 [A, B, D, C, E, F, G, I, H]"
92,92,B,artificial,D_Dupli,complete,"105 [A, B, D, C, E, F, G, I, H]"
93,93,C,artificial,D_Dupli,complete,"105 [A, B, D, C, E, F, G, I, H]"
94,94,F,artificial,F,complete,"105 [A, B, D, C, E, F, G, I, H]"
95,95,G,artificial,G,complete,"105 [A, B, D, C, E, F, G, I, H]"
96,96,I,artificial,I,complete,"105 [A, B, D, C, E, F, G, I, H]"
97,97,H,artificial,H,complete,"105 [A, B, D, C, E, F, G, I, H]"
98,98,A,artificial,A,complete,"106 [A, B, C, D, E, F, G, H, I]"
99,99,B,artificial,D_Dupli,complete,"106 [A, B, C, D, E, F, G, H, I]"
100,100,I,artificial,I,complete,"106 [A, B, C, D, E, F, G, H, I]"
101,101,D,artificial,D_Dupli,complete,"106 [A, B, C, D, E, F, G, H, I]"
102,102,E,artificial,D_Dupli,complete,"106 [A, B, C, D, E, F, G, H, I]"
103,103,F,artificial,F,complete,"106 [A, B, C, D, E, F, G, H, I]"
104,104,C,artificial,D_Dupli,complete,"106 [A, B, C, D, E, F, G, H, I]"
105,105,G,artificial,G,complete,"106 [A, B, C, D, E, F, G, H, I]"
106,106,H,artificial,H,complete,"106 [A, B, C, D, E, F, G, H, I]"
107,107,A,artificial,A,complete,"107 [B, A, C, D, E, F, G, I, H]"
108,108,C,artificial,D_Dupli,complete,"107 [B, A, C, D, E, F, G, I, H]"
109,109,H,artificial,H,complete,"107 [B, A, C, D, E, F, G, I, H]"
110,110,I,artificial,I,complete,"107 [B, A, C, D, E, F, G, I, H]"
111,111,G,artificial,G,complete,"107 [B, A, C, D, E, F, G, I, H]"
112,112,F,artificial,F,complete,"107 [B, A, C, D, E, F, G, I, H]"
113,113,E,artificial,D_Dupli,complete,"107 [B, A, C, D, E, F, G, I, H]"
114,114,D,artificial,D_Dupli,complete,"107 [B, A, C, D, E, F, G, I, H]"
115,115,B,artificial,D_Dupli,complete,"107 [B, A, C, D, E, F, G, I, H]"
116,116,G,artificial,G,complete,"108 [B, A, C, D, E, F, G, H, I]"
117,117,F,artificial,F,complete,"108 [B, A, C, D, E, F, G, H, I]"
118,118,C,artificial,D_Dupli,complete,"108 [B, A, C, D, E, F, G, H, I]"
119,119,D,artificial,D_Dupli,complete,"108 [B, A, C, D, E, F, G, H, I]"
120,120,H,artificial,H,complete,"108 [B, A, C, D, E, F, G, H, I]"
121,121,E,artificial,D_Dupli,complete,"108 [B, A, C, D, E, F, G, H, I]"
122,122,I,artificial,I,complete,"108 [B, A, C, D, E, F, G, H, I]"
123,123,B,artificial,D_Dupli,complete,"108 [B, A, C, D, E, F, G, H, I]"
124,124,A,artificial,A,complete,"108 [B, A, C, D, E, F, G, H, I]"
125,125,A,artificial,A,complete,"109 [B, A, D, C, E, F, G, H, I]"
126,126,I,artificial,I,complete,"109 [B, A, D, C, E, F, G, H, I]"
127,127,D,artificial,D_Dupli,complete,"109 [B, A, D, C, E, F, G, H, I]"
128,128,C,artificial,D_Dupli,complete,"109 [B, A, D, C, E, F, G, H, I]"
129,129,E,artificial,D_Dupli,complete,"109 [B, A, D, C, E, F, G, H, I]"
130,130,F,artificial,F,complete,"109 [B, A, D, C, E, F, G, H, I]"
131,131,H,artificial,H,complete,"109 [B, A, D, C, E, F, G, H, I]"
132,132,B,artificial,D_Dupli,complete,"109 [B, A, D, C, E, F, G, H, I]"
133,133,G,artificial,G,complete,"109 [B, A, D, C, E, F, G, H, I]"
134,134,F,artificial,F,complete,"11 [B, A, E, C, D, F, G, H, I]"
135,135,H,artificial,H,complete,"11 [B, A, E, C, D, F, G, H, I]"
136,136,B,artificial,D_Dupli,complete,"11 [B, A, E, C, D, F, G, H, I]"
137,137,A,artificial,A,complete,"11 [B, A, E, C, D, F, G, H, I]"
138,138,E,artificial,D_Dupli,complete,"11 [B, A, E, C, D, F, G, H, I]"
139,139,C,artificial,D_Dupli,complete,"11 [B, A, E, C, D, F, G, H, I]"
140,140,D,artificial,D_Dupli,complete,"11 [B, A, E, C, D, F, G, H, I]"
141,141,G,artificial,G,complete,"11 [B, A, E, C, D, F, G, H, I]"
142,142,I,artificial,I,complete,"11 [B, A, E, C, D, F, G, H, I]"
143,143,D,artificial,D_Dupli,complete,"110 [A, B, D, C, E, F, G, H, I]"
144,144,I,artificial,I,complete,"110 [A, B, D, C, E, F, G, H, I]"
145,145,H,artificial,H,complete,"110 [A, B, D, C, E, F, G, H, I]"
146,146,G,artificial,G,complete,"110 [A, B, D, C, E, F, G, H, I]"
147,147,F,artificial,F,complete,"110 [A, B, D, C, E, F, G, H, I]"
148,148,E,artificial,D_Dupli,complete,"110 [A, B, D, C, E, F, G, H, I]"
149,149,C,artificial,D_Dupli,complete,"110 [A, B, D, C, E, F, G, H, I]"
150,150,B,artificial,D_Dupli,complete,"110 [A, B, D, C, E, F, G, H, I]"
151,151,A,artificial,A,complete,"110 [A, B, D, C, E, F, G, H, I]"
152,152,F,artificial,F,complete,"111 [A, B, E, C, D, F, G, H, I, M, O, N, F, G, I, H]"
153,153,G,artificial,G,complete,"111 [A, B, E, C, D, F, G, H, I, M, O, N, F, G, I, H]"
154,154,H,artificial,H,complete,"111 [A, B, E, C, D, F, G, H, I, M, O, N, F, G, I, H]"
155,155,I,artificial,I,complete,"111 [A, B, E, C, D, F, G, H, I, M, O, N, F, G, I, H]"
156,156,M,artificial,M,complete,"111 [A, B, E, C, D, F, G, H, I, M, O, N, F, G, I, H]"
157,157,O,artificial,O,complete,"111 [A, B, E, C, D, F, G, H, I, M, O, N, F, G, I, H]"
158,158,N,artificial,N,complete,"111 [A, B, E, C, D, F, G, H, I, M, O, N, F, G, I, H]"
159,159,F,artificial,F,complete,"111 [A, B, E, C, D, F, G, H, I, M, O, N, F, G, I, H]"
160,160,I,artificial,I,complete,"111 [A, B, E, C, D, F, G, H, I, M, O, N, F, G, I, H]"
161,161,D,artificial,D_Dupli,complete,"111 [A, B, E, C, D, F, G, H, I, M, O, N, F, G, I, H]"
162,162,G,artificial,G,complete,"111 [A, B, E, C, D, F, G, H, I, M, O, N, F, G, I, H]"
163,163,C,artificial,D_Dupli,complete,"111 [A, B, E, C, D, F, G, H, I, M, O, N, F, G, I, H]"
164,164,H,artificial,H,complete,"111 [A, B, E, C, D, F, G, H, I, M, O, N, F, G, I, H]"
165,165,B,artificial,D_Dupli,complete,"111 [A, B, E, C, D, F, G, H, I, M, O, N, F, G, I, H]"
166,166,A,artificial,A,complete,"111 [A, B, E, C, D, F, G, H, I, M, O, N, F, G, I, H]"
167,167,E,artificial,D_Dupli,complete,"111 [A, B, E, C, D, F, G, H, I, M, O, N, F, G, I, H]"
168,168,I,artificial,I,complete,"112 [B, A, C, E, D, F, G, H, I]"
169,169,H,artificial,H,complete,"112 [B, A, C, E, D, F, G, H, I]"
170,170,F,artificial,F,complete,"112 [B, A, C, E, D, F, G, H, I]"
171,171,D,artificial,D_Dupli,complete,"112 [B, A, C, E, D, F, G, H, I]"
172,172,E,artificial,D_Dupli,complete,"112 [B, A, C, E, D, F, G, H, I]"
173,173,C,artificial,D_Dupli,complete,"112 [B, A, C, E, D, F, G, H, I]"
174,174,A,artificial,A,complete,"112 [B, A, C, E, D, F, G, H, I]"
175,175,B,artificial,D_Dupli,complete,"112 [B, A, C, E, D, F, G, H, I]"
176,176,G,artificial,G,complete,"112 [B, A, C, E, D, F, G, H, I]"
177,177,D,artificial,D_Dupli,complete,"113 [B, A, C, D, E, F, G, I, H]"
178,178,H,artificial,H,complete,"113 [B, A, C, D, E, F, G, I, H]"
179,179,I,artificial,I,complete,"113 [B, A, C, D, E, F, G, I, H]"
180,180,B,artificial,D_Dupli,complete,"113 [B, A, C, D, E, F, G, I, H]"
181,181,A,artificial,A,complete,"113 [B, A, C, D, E, F, G, I, H]"
182,182,C,artificial,D_Dupli,complete,"113 [B, A, C, D, E, F, G, I, H]"
183,183,G,artificial,G,complete,"113 [B, A, C, D, E, F, G, I, H]"
184,184,E,artificial,D_Dupli,complete,"113 [B, A, C, D, E, F, G, I, H]"
185,185,F,artificial,F,complete,"113 [B, A, C, D, E, F, G, I, H]"
186,186,F,artificial,F,complete,"114 [B, A, D, C, E, F, G, H, I]"
187,187,E,artificial,D_Dupli,complete,"114 [B, A, D, C, E, F, G, H, I]"
188,188,C,artificial,D_Dupli,complete,"114 [B, A, D, C, E, F, G, H, I]"
189,189,D,artificial,D_Dupli,complete,"114 [B, A, D, C, E, F, G, H, I]"
190,190,A,artificial,A,complete,"114 [B, A, D, C, E, F, G, H, I]"
191,191,B,artificial,D_Dupli,complete,"114 [B, A, D, C, E, F, G, H, I]"
192,192,H,artificial,H,complete,"114 [B, A, D, C, E, F, G, H, I]"
193,193,G,artificial,G,complete,"114 [B, A, D, C, E, F, G, H, I]"
194,194,I,artificial,I,complete,"114 [B, A, D, C, E, F, G, H, I]"
195,195,H,artificial,H,complete,"115 [A, B, E, D, C, F, G, H, I]"
196,196,G,artificial,G,complete,"115 [A, B, E, D, C, F, G, H, I]"
197,197,F,artificial,F,complete,"115 [A, B, E, D, C, F, G, H, I]"
198,198,C,artificial,D_Dupli,complete,"115 [A, B, E, D, C, F, G, H, I]"
199,199,D,artificial,D_Dupli,complete,"115 [A, B, E, D, C, F, G, H, I]"
200,200,E,artificial,D_Dupli,complete,"115 [A, B, E, D, C, F, G, H, I]"
201,201,B,artificial,D_Dupli,complete,"115 [A, B, E, D, C, F, G, H, I]"
202,202,A,artificial,A,complete,"115 [A, B, E, D, C, F, G, H, I]"
203,203,I,artificial,I,complete,"115 [A, B, E, D, C, F, G, H, I]"
204,204,A,artificial,A,complete,"116 [B, A, C, D, E, F, G, I, H]"
205,205,H,artificial,H,complete,"116 [B, A, C, D, E, F, G, I, H]"
206,206,I,artificial,I,complete,"116 [B, A, C, D, E, F, G, I, H]"
207,207,G,artificial,G,complete,"116 [B, A, C, D, E, F, G, I, H]"
208,208,F,artificial,F,complete,"116 [B, A, C, D, E, F, G, I, H]"
209,209,E,artificial,D_Dupli,complete,"116 [B, A, C, D, E, F, G, I, H]"
210,210,D,artificial,D_Dupli,complete,"116 [B, A, C, D, E, F, G, I, H]"
211,211,C,artificial,D_Dupli,complete,"116 [B, A, C, D, E, F, G, I, H]"
212,212,B,artificial,D_Dupli,complete,"116 [B, A, C, D, E, F, G, I, H]"
213,213,G,artificial,G,complete,"117 [B, A, E, C, D, F, G, I, H, M, N, O, F, G, H, I]"
214,214,M,artificial,M,complete,"117 [B, A, E, C, D, F, G, I, H, M, N, O, F, G, H, I]"
215,215,I,artificial,I,complete,"117 [B, A, E, C, D, F, G, I, H, M, N, O, F, G, H, I]"
216,216,H,artificial,H,complete,"117 [B, A, E, C, D, F, G, I, H, M, N, O, F, G, H, I]"
217,217,N,artificial,N,complete,"117 [B, A, E, C, D, F, G, I, H, M, N, O, F, G, H, I]"
218,218,O,artificial,O,complete,"117 [B, A, E, C, D, F, G, I, H, M, N, O, F, G, H, I]"
219,219,F,artificial,F,complete,"117 [B, A, E, C, D, F, G, I, H, M, N, O, F, G, H, I]"
220,220,G,artificial,G,complete,"117 [B, A, E, C, D, F, G, I, H, M, N, O, F, G, H, I]"
221,221,H,artificial,H,complete,"117 [B, A, E, C, D, F, G, I, H, M, N, O, F, G, H, I]"
222,222,I,artificial,I,complete,"117 [B, A, E, C, D, F, G, I, H, M, N, O, F, G, H, I]"
223,223,F,artificial,F,complete,"117 [B, A, E, C, D, F, G, I, H, M, N, O, F, G, H, I]"
224,224,D,artificial,D_Dupli,complete,"117 [B, A, E, C, D, F, G, I, H, M, N, O, F, G, H, I]"
225,225,C,artificial,D_Dupli,complete,"117 [B, A, E, C, D, F, G, I, H, M, N, O, F, G, H, I]"
226,226,E,artificial,D_Dupli,complete,"117 [B, A, E, C, D, F, G, I, H, M, N, O, F, G, H, I]"
227,227,A,artificial,A,complete,"117 [B, A, E, C, D, F, G, I, H, M, N, O, F, G, H, I]"
228,228,B,artificial,D_Dupli,complete,"117 [B, A, E, C, D, F, G, I, H, M, N, O, F, G, H, I]"
229,229,G,artificial,G,complete,"118 [B, A, E, D, C, F, G, I, H]"
230,230,F,artificial,F,complete,"118 [B, A, E, D, C, F, G, I, H]"
231,231,C,artificial,D_Dupli,complete,"118 [B, A, E, D, C, F, G, I, H]"
232,232,D,artificial,D_Dupli,complete,"118 [B, A, E, D, C, F, G, I, H]"
233,233,E,artificial,D_Dupli,complete,"118 [B, A, E, D, C, F, G, I, H]"
234,234,A,artificial,A,complete,"118 [B, A, E, D, C, F, G, I, H]"
235,235,B,artificial,D_Dupli,complete,"118 [B, A, E, D, C, F, G, I, H]"
236,236,H,artificial,H,complete,"118 [B, A, E, D, C, F, G, I, H]"
237,237,I,artificial,I,complete,"118 [B, A, E, D, C, F, G, I, H]"
238,238,I,artificial,I,complete,"119 [A, B, D, E, C, F, G, H, I]"
239,239,G,artificial,G,complete,"119 [A, B, D, E, C, F, G, H, I]"
240,240,F,artificial,F,complete,"119 [A, B, D, E, C, F, G, H, I]"
241,241,C,artificial,D_Dupli,complete,"119 [A, B, D, E, C, F, G, H, I]"
242,242,E,artificial,D_Dupli,complete,"119 [A, B, D, E, C, F, G, H, I]"
243,243,A,artificial,A,complete,"119 [A, B, D, E, C, F, G, H, I]"
244,244,D,artificial,D_Dupli,complete,"119 [A, B, D, E, C, F, G, H, I]"
245,245,B,artificial,D_Dupli,complete,"119 [A, B, D, E, C, F, G, H, I]"
246,246,H,artificial,H,complete,"119 [A, B, D, E, C, F, G, H, I]"
247,247,B,artificial,D_Dupli,complete,"12 [B, A, E, C, D, F, G, H, I]"
248,248,I,artificial,I,complete,"12 [B, A, E, C, D, F, G, H, I]"
249,249,H,artificial,H,complete,"12 [B, A, E, C, D, F, G, H, I]"
250,250,G,artificial,G,complete,"12 [B, A, E, C, D, F, G, H, I]"
251,251,F,artificial,F,complete,"12 [B, A, E, C, D, F, G, H, I]"
252,252,D,artificial,D_Dupli,complete,"12 [B, A, E, C, D, F, G, H, I]"
253,253,C,artificial,D_Dupli,complete,"12 [B, A, E, C, D, F, G, H, I]"
254,254,E,artificial,D_Dupli,complete,"12 [B, A, E, C, D, F, G, H, I]"
255,255,A,artificial,A,complete,"12 [B, A, E, C, D, F, G, H, I]"
256,256,I,artificial,I,complete,"120 [B, A, E, C, D, F, G, I, H]"
257,257,G,artificial,G,complete,"120 [B, A, E, C, D, F, G, I, H]"
258,258,H,artificial,H,complete,"120 [B, A, E, C, D, F, G, I, H]"
259,259,F,artificial,F,complete,"120 [B, A, E, C, D, F, G, I, H]"
260,260,E,artificial,D_Dupli,complete,"120 [B, A, E, C, D, F, G, I, H]"
261,261,C,artificial,D_Dupli,complete,"120 [B, A, E, C, D, F, G, I, H]"
262,262,A,artificial,A,complete,"120 [B, A, E, C, D, F, G, I, H]"
263,263,B,artificial,D_Dupli,complete,"120 [B, A, E, C, D, F, G, I, H]"
264,264,D,artificial,D_Dupli,complete,"120 [B, A, E, C, D, F, G, I, H]"
265,265,I,artificial,I,complete,"121 [B, A, D, E, C, F, G, H, I]"
266,266,H,artificial,H,complete,"121 [B, A, D, E, C, F, G, H, I]"
267,267,G,artificial,G,complete,"121 [B, A, D, E, C, F, G, H, I]"
268,268,F,artificial,F,complete,"121 [B, A, D, E, C, F, G, H, I]"
269,269,C,artificial,D_Dupli,complete,"121 [B, A, D, E, C, F, G, H, I]"
270,270,E,artificial,D_Dupli,complete,"121 [B, A, D, E, C, F, G, H, I]"
271,271,D,artificial,D_Dupli,complete,"121 [B, A, D, E, C, F, G, H, I]"
272,272,A,artificial,A,complete,"121 [B, A, D, E, C, F, G, H, I]"
273,273,B,artificial,D_Dupli,complete,"121 [B, A, D, E, C, F, G, H, I]"
274,274,H,artificial,H,complete,"122 [B, A, D, E, C, F, G, I, H]"
275,275,I,artificial,I,complete,"122 [B, A, D, E, C, F, G, I, H]"
276,276,G,artificial,G,complete,"122 [B, A, D, E, C, F, G, I, H]"
277,277,C,artificial,D_Dupli,complete,"122 [B, A, D, E, C, F, G, I, H]"
278,278,F,artificial,F,complete,"122 [B, A, D, E, C, F, G, I, H]"
279,279,D,artificial,D_Dupli,complete,"122 [B, A, D, E, C, F, G, I, H]"
280,280,A,artificial,A,complete,"122 [B, A, D, E, C, F, G, I, H]"
281,281,B,artificial,D_Dupli,complete,"122 [B, A, D, E, C, F, G, I, H]"
282,282,E,artificial,D_Dupli,complete,"122 [B, A, D, E, C, F, G, I, H]"
283,283,F,artificial,F,complete,"123 [B, A, D, E, C, F, G, I, H]"
284,284,B,artificial,D_Dupli,complete,"123 [B, A, D, E, C, F, G, I, H]"
285,285,A,artificial,A,complete,"123 [B, A, D, E, C, F, G, I, H]"
286,286,D,artificial,D_Dupli,complete,"123 [B, A, D, E, C, F, G, I, H]"
287,287,E,artificial,D_Dupli,complete,"123 [B, A, D, E, C, F, G, I, H]"
288,288,C,artificial,D_Dupli,complete,"123 [B, A, D, E, C, F, G, I, H]"
289,289,G,artificial,G,complete,"123 [B, A, D, E, C, F, G, I, H]"
290,290,I,artificial,I,complete,"123 [B, A, D, E, C, F, G, I, H]"
291,291,H,artificial,H,complete,"123 [B, A, D, E, C, F, G, I, H]"
292,292,N,artificial,N,complete,"124 [B, A, C, D, E, F, G, H, I, M, O, N, F, G, I, H]"
293,293,H,artificial,H,complete,"124 [B, A, C, D, E, F, G, H, I, M, O, N, F, G, I, H]"
294,294,I,artificial,I,complete,"124 [B, A, C, D, E, F, G, H, I, M, O, N, F, G, I, H]"
295,295,G,artificial,G,complete,"124 [B, A, C, D, E, F, G, H, I, M, O, N, F, G, I, H]"
296,296,F,artificial,F,complete,"124 [B, A, C, D, E, F, G, H, I, M, O, N, F, G, I, H]"
297,297,I,artificial,I,complete,"124 [B, A, C, D, E, F, G, H, I, M, O, N, F, G, I, H]"
298,298,H,artificial,H,complete,"124 [B, A, C, D, E, F, G, H, I, M, O, N, F, G, I, H]"
299,299,M,artificial,M,complete,"124 [B, A, C, D, E, F, G, H, I, M, O, N, F, G, I, H]"
300,300,F,artificial,F,complete,"124 [B, A, C, D, E, F, G, H, I, M, O, N, F, G, I, H]"
301,301,E,artificial,D_Dupli,complete,"124 [B, A, C, D, E, F, G, H, I, M, O, N, F, G, I, H]"
302,302,D,artificial,D_Dupli,complete,"124 [B, A, C, D, E, F, G, H, I, M, O, N, F, G, I, H]"
303,303,C,artificial,D_Dupli,complete,"124 [B, A, C, D, E, F, G, H, I, M, O, N, F, G, I, H]"
304,304,G,artificial,G,complete,"124 [B, A, C, D, E, F, G, H, I, M, O, N, F, G, I, H]"
305,305,B,artificial,D_Dupli,complete,"124 [B, A, C, D, E, F, G, H, I, M, O, N, F, G, I, H]"
306,306,O,artificial,O,complete,"124 [B, A, C, D, E, F, G, H, I, M, O, N, F, G, I, H]"
307,307,A,artificial,A,complete,"124 [B, A, C, D, E, F, G, H, I, M, O, N, F, G, I, H]"
308,308,I,artificial,I,complete,"125 [B, A, C, E, D, F, G, I, H]"
309,309,F,artificial,F,complete,"125 [B, A, C, E, D, F, G, I, H]"
310,310,D,artificial,D_Dupli,complete,"125 [B, A, C, E, D, F, G, I, H]"
311,311,H,artificial,H,complete,"125 [B, A, C, E, D, F, G, I, H]"
312,312,C,artificial,D_Dupli,complete,"125 [B, A, C, E, D, F, G, I, H]"
313,313,A,artificial,A,complete,"125 [B, A, C, E, D, F, G, I, H]"
314,314,B,artificial,D_Dupli,complete,"125 [B, A, C, E, D, F, G, I, H]"
315,315,E,artificial,D_Dupli,complete,"125 [B, A, C, E, D, F, G, I, H]"
316,316,G,artificial,G,complete,"125 [B, A, C, E, D, F, G, I, H]"
317,317,J,artificial,J,complete,"126 [A, B, D, C, E, F, G, H, I, J, K, F, G, I, H, J, K, F, G, I, H, J, K, F, G, H, I]"
318,318,A,artificial,A,complete,"126 [A, B, D, C, E, F, G, H, I, J, K, F, G, I, H, J, K, F, G, I, H, J, K, F, G, H, I]"
319,319,B,artificial,D_Dupli,complete,"126 [A, B, D, C, E, F, G, H, I, J, K, F, G, I, H, J, K, F, G, I, H, J, K, F, G, H, I]"
320,320,D,artificial,D_Dupli,complete,"126 [A, B, D, C, E, F, G, H, I, J, K, F, G, I, H, J, K, F, G, I, H, J, K, F, G, H, I]"
321,321,C,artificial,D_Dupli,complete,"126 [A, B, D, C, E, F, G, H, I, J, K, F, G, I, H, J, K, F, G, I, H, J, K, F, G, H, I]"
322,322,E,artificial,D_Dupli,complete,"126 [A, B, D, C, E, F, G, H, I, J, K, F, G, I, H, J, K, F, G, I, H, J, K, F, G, H, I]"
323,323,F,artificial,F,complete,"126 [A, B, D, C, E, F, G, H, I, J, K, F, G, I, H, J, K, F, G, I, H, J, K, F, G, H, I]"
324,324,G,artificial,G,complete,"126 [A, B, D, C, E, F, G, H, I, J, K, F, G, I, H, J, K, F, G, I, H, J, K, F, G, H, I]"
325,325,H,artificial,H,complete,"126 [A, B, D, C, E, F, G, H, I, J, K, F, G, I, H, J, K, F, G, I, H, J, K, F, G, H, I]"
326,326,I,artificial,I,complete,"126 [A, B, D, C, E, F, G, H, I, J, K, F, G, I, H, J, K, F, G, I, H, J, K, F, G, H, I]"
327,327,K,artificial,K,complete,"126 [A, B, D, C, E, F, G, H, I, J, K, F, G, I, H, J, K, F, G, I, H, J, K, F, G, H, I]"
328,328,G,artificial,G,complete,"126 [A, B, D, C, E, F, G, H, I, J, K, F, G, I, H, J, K, F, G, I, H, J, K, F, G, H, I]"
329,329,I,artificial,I,complete,"126 [A, B, D, C, E, F, G, H, I, J, K, F, G, I, H, J, K, F, G, I, H, J, K, F, G, H, I]"
330,330,H,artificial,H,complete,"126 [A, B, D, C, E, F, G, H, I, J, K, F, G, I, H, J, K, F, G, I, H, J, K, F, G, H, I]"
331,331,F,artificial,F,complete,"126 [A, B, D, C, E, F, G, H, I, J, K, F, G, I, H, J, K, F, G, I, H, J, K, F, G, H, I]"
332,332,F,artificial,F,complete,"126 [A, B, D, C, E, F, G, H, I, J, K, F, G, I, H, J, K, F, G, I, H, J, K, F, G, H, I]"
333,333,K,artificial,K,complete,"126 [A, B, D, C, E, F, G, H, I, J, K, F, G, I, H, J, K, F, G, I, H, J, K, F, G, H, I]"
334,334,J,artificial,J,complete,"126 [A, B, D, C, E, F, G, H, I, J, K, F, G, I, H, J, K, F, G, I, H, J, K, F, G, H, I]"
335,335,H,artificial,H,complete,"126 [A, B, D, C, E, F, G, H, I, J, K, F, G, I, H, J, K, F, G, I, H, J, K, F, G, H, I]"
336,336,G,artificial,G,complete,"126 [A, B, D, C, E, F, G, H, I, J, K, F, G, I, H, J, K, F, G, I, H, J, K, F, G, H, I]"
337,337,G,artificial,G,complete,"126 [A, B, D, C, E, F, G, H, I, J, K, F, G, I, H, J, K, F, G, I, H, J, K, F, G, H, I]"
338,338,F,artificial,F,complete,"126 [A, B, D, C, E, F, G, H, I, J, K, F, G, I, H, J, K, F, G, I, H, J, K, F, G, H, I]"
339,339,K,artificial,K,complete,"126 [A, B, D, C, E, F, G, H, I, J, K, F, G, I, H, J, K, F, G, I, H, J, K, F, G, H, I]"
340,340,J,artificial,J,complete,"126 [A, B, D, C, E, F, G, H, I, J, K, F, G, I, H, J, K, F, G, I, H, J, K, F, G, H, I]"
341,341,H,artificial,H,complete,"126 [A, B, D, C, E, F, G, H, I, J, K, F, G, I, H, J, K, F, G, I, H, J, K, F, G, H, I]"
342,342,I,artificial,I,complete,"126 [A, B, D, C, E, F, G, H, I, J, K, F, G, I, H, J, K, F, G, I, H, J, K, F, G, H, I]"
343,343,I,artificial,I,complete,"126 [A, B, D, C, E, F, G, H, I, J, K, F, G, I, H, J, K, F, G, I, H, J, K, F, G, H, I]"
344,344,A,artificial,A,complete,"127 [A, B, E, D, C, F, G, I, H]"
345,345,B,artificial,D_Dupli,complete,"127 [A, B, E, D, C, F, G, I, H]"
346,346,E,artificial,D_Dupli,complete,"127 [A, B, E, D, C, F, G, I, H]"
347,347,C,artificial,D_Dupli,complete,"127 [A, B, E, D, C, F, G, I, H]"
348,348,F,artificial,F,complete,"127 [A, B, E, D, C, F, G, I, H]"
349,349,G,artificial,G,complete,"127 [A, B, E, D, C, F, G, I, H]"
350,350,I,artificial,I,complete,"127 [A, B, E, D, C, F, G, I, H]"
351,351,H,artificial,H,complete,"127 [A, B, E, D, C, F, G, I, H]"
352,352,D,artificial,D_Dupli,complete,"127 [A, B, E, D, C, F, G, I, H]"
353,353,A,artificial,A,complete,"128 [B, A, C, D, E, F, G, H, I]"
354,354,C,artificial,D_Dupli,complete,"128 [B, A, C, D, E, F, G, H, I]"
355,355,D,artificial,D_Dupli,complete,"128 [B, A, C, D, E, F, G, H, I]"
356,356,E,artificial,D_Dupli,complete,"128 [B, A, C, D, E, F, G, H, I]"
357,357,F,artificial,F,complete,"128 [B, A, C, D, E, F, G, H, I]"
358,358,G,artificial,G,complete,"128 [B, A, C, D, E, F, G, H, I]"
359,359,H,artificial,H,complete,"128 [B, A, C, D, E, F, G, H, I]"
360,360,I,artificial,I,complete,"128 [B, A, C, D, E, F, G, H, I]"
361,361,B,artificial,D_Dupli,complete,"128 [B, A, C, D, E, F, G, H, I]"
362,362,I,artificial,I,complete,"129 [B, A, D, E, C, F, G, I, H]"
363,363,H,artificial,H,complete,"129 [B, A, D, E, C, F, G, I, H]"
364,364,G,artificial,G,complete,"129 [B, A, D, E, C, F, G, I, H]"
365,365,F,artificial,F,complete,"129 [B, A, D, E, C, F, G, I, H]"
366,366,E,artificial,D_Dupli,complete,"129 [B, A, D, E, C, F, G, I, H]"
367,367,D,artificial,D_Dupli,complete,"129 [B, A, D, E, C, F, G, I, H]"
368,368,A,artificial,A,complete,"129 [B, A, D, E, C, F, G, I, H]"
369,369,B,artificial,D_Dupli,complete,"129 [B, A, D, E, C, F, G, I, H]"
370,370,C,artificial,D_Dupli,complete,"129 [B, A, D, E, C, F, G, I, H]"
371,371,F,artificial,F,complete,"13 [B, A, C, E, D, F, G, H, I, N, O, M, F, G, H, I]"
372,372,C,artificial,D_Dupli,complete,"13 [B, A, C, E, D, F, G, H, I, N, O, M, F, G, H, I]"
373,373,E,artificial,D_Dupli,complete,"13 [B, A, C, E, D, F, G, H, I, N, O, M, F, G, H, I]"
374,374,D,artificial,D_Dupli,complete,"13 [B, A, C, E, D, F, G, H, I, N, O, M, F, G, H, I]"
375,375,H,artificial,H,complete,"13 [B, A, C, E, D, F, G, H, I, N, O, M, F, G, H, I]"
376,376,G,artificial,G,complete,"13 [B, A, C, E, D, F, G, H, I, N, O, M, F, G, H, I]"
377,377,I,artificial,I,complete,"13 [B, A, C, E, D, F, G, H, I, N, O, M, F, G, H, I]"
378,378,I,artificial,I,complete,"13 [B, A, C, E, D, F, G, H, I, N, O, M, F, G, H, I]"
379,379,N,artificial,N,complete,"13 [B, A, C, E, D, F, G, H, I, N, O, M, F, G, H, I]"
380,380,O,artificial,O,complete,"13 [B, A, C, E, D, F, G, H, I, N, O, M, F, G, H, I]"
381,381,M,artificial,M,complete,"13 [B, A, C, E, D, F, G, H, I, N, O, M, F, G, H, I]"
382,382,A,artificial,A,complete,"13 [B, A, C, E, D, F, G, H, I, N, O, M, F, G, H, I]"
383,383,H,artificial,H,complete,"13 [B, A, C, E, D, F, G, H, I, N, O, M, F, G, H, I]"
384,384,B,artificial,D_Dupli,complete,"13 [B, A, C, E, D, F, G, H, I, N, O, M, F, G, H, I]"
385,385,G,artificial,G,complete,"13 [B, A, C, E, D, F, G, H, I, N, O, M, F, G, H, I]"
386,386,F,artificial,F,complete,"13 [B, A, C, E, D, F, G, H, I, N, O, M, F, G, H, I]"
387,387,H,artificial,H,complete,"130 [B, A, C, E, D, F, G, H, I]"
388,388,B,artificial,D_Dupli,complete,"130 [B, A, C, E, D, F, G, H, I]"
389,389,A,artificial,A,complete,"130 [B, A, C, E, D, F, G, H, I]"
390,390,C,artificial,D_Dupli,complete,"130 [B, A, C, E, D, F, G, H, I]"
391,391,E,artificial,D_Dupli,complete,"130 [B, A, C, E, D, F, G, H, I]"
392,392,D,artificial,D_Dupli,complete,"130 [B, A, C, E, D, F, G, H, I]"
393,393,F,artificial,F,complete,"130 [B, A, C, E, D, F, G, H, I]"
394,394,G,artificial,G,complete,"130 [B, A, C, E, D, F, G, H, I]"
395,395,I,artificial,I,complete,"130 [B, A, C, E, D, F, G, H, I]"
396,396,B,artificial,D_Dupli,complete,"131 [B, A, C, D, E, F, G, H, I]"
397,397,A,artificial,A,complete,"131 [B, A, C, D, E, F, G, H, I]"
398,398,C,artificial,D_Dupli,complete,"131 [B, A, C, D, E, F, G, H, I]"
399,399,D,artificial,D_Dupli,complete,"131 [B, A, C, D, E, F, G, H, I]"
400,400,E,artificial,D_Dupli,complete,"131 [B, A, C, D, E, F, G, H, I]"
401,401,I,artificial,I,complete,"131 [B, A, C, D, E, F, G, H, I]"
402,402,H,artificial,H,complete,"131 [B, A, C, D, E, F, G, H, I]"
403,403,F,artificial,F,complete,"131 [B, A, C, D, E, F, G, H, I]"
404,404,G,artificial,G,complete,"131 [B, A, C, D, E, F, G, H, I]"
405,405,E,artificial,D_Dupli,complete,"132 [B, A, E, D, C, F, G, H, I]"
406,406,F,artificial,F,complete,"132 [B, A, E, D, C, F, G, H, I]"
407,407,B,artificial,D_Dupli,complete,"132 [B, A, E, D, C, F, G, H, I]"
408,408,A,artificial,A,complete,"132 [B, A, E, D, C, F, G, H, I]"
409,409,D,artificial,D_Dupli,complete,"132 [B, A, E, D, C, F, G, H, I]"
410,410,C,artificial,D_Dupli,complete,"132 [B, A, E, D, C, F, G, H, I]"
411,411,G,artificial,G,complete,"132 [B, A, E, D, C, F, G, H, I]"
412,412,H,artificial,H,complete,"132 [B, A, E, D, C, F, G, H, I]"
413,413,I,artificial,I,complete,"132 [B, A, E, D, C, F, G, H, I]"
414,414,I,artificial,I,complete,"133 [A, B, C, D, E, F, G, I, H]"
415,415,H,artificial,H,complete,"133 [A, B, C, D, E, F, G, I, H]"
416,416,B,artificial,D_Dupli,complete,"133 [A, B, C, D, E, F, G, I, H]"
417,417,C,artificial,D_Dupli,complete,"133 [A, B, C, D, E, F, G, I, H]"
418,418,D,artificial,D_Dupli,complete,"133 [A, B, C, D, E, F, G, I, H]"
419,419,E,artificial,D_Dupli,complete,"133 [A, B, C, D, E, F, G, I, H]"
420,420,F,artificial,F,complete,"133 [A, B, C, D, E, F, G, I, H]"
421,421,G,artificial,G,complete,"133 [A, B, C, D, E, F, G, I, H]"
422,422,A,artificial,A,complete,"133 [A, B, C, D, E, F, G, I, H]"
423,423,J,artificial,J,complete,"134 [A, B, E, D, C, F, G, I, H, M, N, O, F, G, H, I, J, K, F, G, I, H, J, K, L, J, K, F, G, H, I]"
424,424,I,artificial,I,complete,"134 [A, B, E, D, C, F, G, I, H, M, N, O, F, G, H, I, J, K, F, G, I, H, J, K, L, J, K, F, G, H, I]"
425,425,H,artificial,H,complete,"134 [A, B, E, D, C, F, G, I, H, M, N, O, F, G, H, I, J, K, F, G, I, H, J, K, L, J, K, F, G, H, I]"
426,426,G,artificial,G,complete,"134 [A, B, E, D, C, F, G, I, H, M, N, O, F, G, H, I, J, K, F, G, I, H, J, K, L, J, K, F, G, H, I]"
427,427,F,artificial,F,complete,"134 [A, B, E, D, C, F, G, I, H, M, N, O, F, G, H, I, J, K, F, G, I, H, J, K, L, J, K, F, G, H, I]"
428,428,K,artificial,K,complete,"134 [A, B, E, D, C, F, G, I, H, M, N, O, F, G, H, I, J, K, F, G, I, H, J, K, L, J, K, F, G, H, I]"
429,429,L,artificial,L,complete,"134 [A, B, E, D, C, F, G, I, H, M, N, O, F, G, H, I, J, K, F, G, I, H, J, K, L, J, K, F, G, H, I]"
430,430,N,artificial,N,complete,"134 [A, B, E, D, C, F, G, I, H, M, N, O, F, G, H, I, J, K, F, G, I, H, J, K, L, J, K, F, G, H, I]"
431,431,J,artificial,J,complete,"134 [A, B, E, D, C, F, G, I, H, M, N, O, F, G, H, I, J, K, F, G, I, H, J, K, L, J, K, F, G, H, I]"
432,432,O,artificial,O,complete,"134 [A, B, E, D, C, F, G, I, H, M, N, O, F, G, H, I, J, K, F, G, I, H, J, K, L, J, K, F, G, H, I]"
433,433,F,artificial,F,complete,"134 [A, B, E, D, C, F, G, I, H, M, N, O, F, G, H, I, J, K, F, G, I, H, J, K, L, J, K, F, G, H, I]"
434,434,G,artificial,G,complete,"134 [A, B, E, D, C, F, G, I, H, M, N, O, F, G, H, I, J, K, F, G, I, H, J, K, L, J, K, F, G, H, I]"
435,435,H,artificial,H,complete,"134 [A, B, E, D, C, F, G, I, H, M, N, O, F, G, H, I, J, K, F, G, I, H, J, K, L, J, K, F, G, H, I]"
436,436,I,artificial,I,complete,"134 [A, B, E, D, C, F, G, I, H, M, N, O, F, G, H, I, J, K, F, G, I, H, J, K, L, J, K, F, G, H, I]"
437,437,I,artificial,I,complete,"134 [A, B, E, D, C, F, G, I, H, M, N, O, F, G, H, I, J, K, F, G, I, H, J, K, L, J, K, F, G, H, I]"
438,438,G,artificial,G,complete,"134 [A, B, E, D, C, F, G, I, H, M, N, O, F, G, H, I, J, K, F, G, I, H, J, K, L, J, K, F, G, H, I]"
439,439,F,artificial,F,complete,"134 [A, B, E, D, C, F, G, I, H, M, N, O, F, G, H, I, J, K, F, G, I, H, J, K, L, J, K, F, G, H, I]"
440,440,C,artificial,D_Dupli,complete,"134 [A, B, E, D, C, F, G, I, H, M, N, O, F, G, H, I, J, K, F, G, I, H, J, K, L, J, K, F, G, H, I]"
441,441,D,artificial,D_Dupli,complete,"134 [A, B, E, D, C, F, G, I, H, M, N, O, F, G, H, I, J, K, F, G, I, H, J, K, L, J, K, F, G, H, I]"
442,442,E,artificial,D_Dupli,complete,"134 [A, B, E, D, C, F, G, I, H, M, N, O, F, G, H, I, J, K, F, G, I, H, J, K, L, J, K, F, G, H, I]"
443,443,B,artificial,D_Dupli,complete,"134 [A, B, E, D, C, F, G, I, H, M, N, O, F, G, H, I, J, K, F, G, I, H, J, K, L, J, K, F, G, H, I]"
444,444,A,artificial,A,complete,"134 [A, B, E, D, C, F, G, I, H, M, N, O, F, G, H, I, J, K, F, G, I, H, J, K, L, J, K, F, G, H, I]"
445,445,K,artificial,K,complete,"134 [A, B, E, D, C, F, G, I, H, M, N, O, F, G, H, I, J, K, F, G, I, H, J, K, L, J, K, F, G, H, I]"
446,446,M,artificial,M,complete,"134 [A, B, E, D, C, F, G, I, H, M, N, O, F, G, H, I, J, K, F, G, I, H, J, K, L, J, K, F, G, H, I]"
447,447,H,artificial,H,complete,"134 [A, B, E, D, C, F, G, I, H, M, N, O, F, G, H, I, J, K, F, G, I, H, J, K, L, J, K, F, G, H, I]"
448,448,H,artificial,H,complete,"134 [A, B, E, D, C, F, G, I, H, M, N, O, F, G, H, I, J, K, F, G, I, H, J, K, L, J, K, F, G, H, I]"
449,449,I,artificial,I,complete,"134 [A, B, E, D, C, F, G, I, H, M, N, O, F, G, H, I, J, K, F, G, I, H, J, K, L, J, K, F, G, H, I]"
450,450,G,artificial,G,complete,"134 [A, B, E, D, C, F, G, I, H, M, N, O, F, G, H, I, J, K, F, G, I, H, J, K, L, J, K, F, G, H, I]"
451,451,F,artificial,F,complete,"134 [A, B, E, D, C, F, G, I, H, M, N, O, F, G, H, I, J, K, F, G, I, H, J, K, L, J, K, F, G, H, I]"
452,452,K,artificial,K,complete,"134 [A, B, E, D, C, F, G, I, H, M, N, O, F, G, H, I, J, K, F, G, I, H, J, K, L, J, K, F, G, H, I]"
453,453,J,artificial,J,complete,"134 [A, B, E, D, C, F, G, I, H, M, N, O, F, G, H, I, J, K, F, G, I, H, J, K, L, J, K, F, G, H, I]"
454,454,E,artificial,D_Dupli,complete,"135 [B, A, D, C, E, F, G, I, H]"
455,455,H,artificial,H,complete,"135 [B, A, D, C, E, F, G, I, H]"
456,456,I,artificial,I,complete,"135 [B, A, D, C, E, F, G, I, H]"
457,457,G,artificial,G,complete,"135 [B, A, D, C, E, F, G, I, H]"
458,458,F,artificial,F,complete,"135 [B, A, D, C, E, F, G, I, H]"
459,459,B,artificial,D_Dupli,complete,"135 [B, A, D, C, E, F, G, I, H]"
460,460,C,artificial,D_Dupli,complete,"135 [B, A, D, C, E, F, G, I, H]"
461,461,D,artificial,D_Dupli,complete,"135 [B, A, D, C, E, F, G, I, H]"
462,462,A,artificial,A,complete,"135 [B, A, D, C, E, F, G, I, H]"
463,463,A,artificial,A,complete,"136 [B, A, D, C, E, F, G, H, I]"
464,464,I,artificial,I,complete,"136 [B, A, D, C, E, F, G, H, I]"
465,465,H,artificial,H,complete,"136 [B, A, D, C, E, F, G, H, I]"
466,466,G,artificial,G,complete,"136 [B, A, D, C, E, F, G, H, I]"
467,467,F,artificial,F,complete,"136 [B, A, D, C, E, F, G, H, I]"
468,468,C,artificial,D_Dupli,complete,"136 [B, A, D, C, E, F, G, H, I]"
469,469,D,artificial,D_Dupli,complete,"136 [B, A, D, C, E, F, G, H, I]"
470,470,B,artificial,D_Dupli,complete,"136 [B, A, D, C, E, F, G, H, I]"
471,471,E,artificial,D_Dupli,complete,"136 [B, A, D, C, E, F, G, H, I]"
472,472,A,artificial,A,complete,"137 [A, B, C, D, E, F, G, I, H]"
473,473,I,artificial,I,complete,"137 [A, B, C, D, E, F, G, I, H]"
474,474,G,artificial,G,complete,"137 [A, B, C, D, E, F, G, I, H]"
475,475,F,artificial,F,complete,"137 [A, B, C, D, E, F, G, I, H]"
476,476,E,artificial,D_Dupli,complete,"137 [A, B, C, D, E, F, G, I, H]"
477,477,D,artificial,D_Dupli,complete,"137 [A, B, C, D, E, F, G, I, H]"
478,478,C,artificial,D_Dupli,complete,"137 [A, B, C, D, E, F, G, I, H]"
479,479,B,artificial,D_Dupli,complete,"137 [A, B, C, D, E, F, G, I, H]"
480,480,H,artificial,H,complete,"137 [A, B, C, D, E, F, G, I, H]"
481,481,M,artificial,M,complete,"138 [B, A, E, D, C, F, G, I, H, O, M, N, F, G, H, I]"
482,482,H,artificial,H,complete,"138 [B, A, E, D, C, F, G, I, H, O, M, N, F, G, H, I]"
483,483,F,artificial,F,complete,"138 [B, A, E, D, C, F, G, I, H, O, M, N, F, G, H, I]"
484,484,H,artificial,H,complete,"138 [B, A, E, D, C, F, G, I, H, O, M, N, F, G, H, I]"
485,485,G,artificial,G,complete,"138 [B, A, E, D, C, F, G, I, H, O, M, N, F, G, H, I]"
486,486,N,artificial,N,complete,"138 [B, A, E, D, C, F, G, I, H, O, M, N, F, G, H, I]"
487,487,O,artificial,O,complete,"138 [B, A, E, D, C, F, G, I, H, O, M, N, F, G, H, I]"
488,488,I,artificial,I,complete,"138 [B, A, E, D, C, F, G, I, H, O, M, N, F, G, H, I]"
489,489,G,artificial,G,complete,"138 [B, A, E, D, C, F, G, I, H, O, M, N, F, G, H, I]"
490,490,I,artificial,I,complete,"138 [B, A, E, D, C, F, G, I, H, O, M, N, F, G, H, I]"
491,491,F,artificial,F,complete,"138 [B, A, E, D, C, F, G, I, H, O, M, N, F, G, H, I]"
492,492,D,artificial,D_Dupli,complete,"138 [B, A, E, D, C, F, G, I, H, O, M, N, F, G, H, I]"
493,493,E,artificial,D_Dupli,complete,"138 [B, A, E, D, C, F, G, I, H, O, M, N, F, G, H, I]"
494,494,A,artificial,A,complete,"138 [B, A, E, D, C, F, G, I, H, O, M, N, F, G, H, I]"
495,495,B,artificial,D_Dupli,complete,"138 [B, A, E, D, C, F, G, I, H, O, M, N, F, G, H, I]"
496,496,C,artificial,D_Dupli,complete,"138 [B, A, E, D, C, F, G, I, H, O, M, N, F, G, H, I]"
497,497,I,artificial,I,complete,"139 [A, B, D, C, E, F, G, I, H, J, K, F, G, H, I]"
498,498,B,artificial,D_Dupli,complete,"139 [A, B, D, C, E, F, G, I, H, J, K, F, G, H, I]"
499,499,A,artificial,A,complete,"139 [A, B, D, C, E, F, G, I, H, J, K, F, G, H, I]"
500,500,D,artificial,D_Dupli,complete,"139 [A, B, D, C, E, F, G, I, H, J, K, F, G, H, I]"
501,501,I,artificial,I,complete,"139 [A, B, D, C, E, F, G, I, H, J, K, F, G, H, I]"
502,502,C,artificial,D_Dupli,complete,"139 [A, B, D, C, E, F, G, I, H, J, K, F, G, H, I]"
503,503,E,artificial,D_Dupli,complete,"139 [A, B, D, C, E, F, G, I, H, J, K, F, G, H, I]"
504,504,F,artificial,F,complete,"139 [A, B, D, C, E, F, G, I, H, J, K, F, G, H, I]"
505,505,G,artificial,G,complete,"139 [A, B, D, C, E, F, G, I, H, J, K, F, G, H, I]"
506,506,H,artificial,H,complete,"139 [A, B, D, C, E, F, G, I, H, J, K, F, G, H, I]"
507,507,J,artificial,J,complete,"139 [A, B, D, C, E, F, G, I, H, J, K, F, G, H, I]"
508,508,K,artificial,K,complete,"139 [A, B, D, C, E, F, G, I, H, J, K, F, G, H, I]"
509,509,H,artificial,H,complete,"139 [A, B, D, C, E, F, G, I, H, J, K, F, G, H, I]"
510,510,F,artificial,F,complete,"139 [A, B, D, C, E, F, G, I, H, J, K, F, G, H, I]"
511,511,G,artificial,G,complete,"139 [A, B, D, C, E, F, G, I, H, J, K, F, G, H, I]"
512,512,E,artificial,D_Dupli,complete,"14 [B, A, C, E, D, F, G, I, H]"
513,513,C,artificial,D_Dupli,complete,"14 [B, A, C, E, D, F, G, I, H]"
514,514,H,artificial,H,complete,"14 [B, A, C, E, D, F, G, I, H]"
515,515,A,artificial,A,complete,"14 [B, A, C, E, D, F, G, I, H]"
516,516,I,artificial,I,complete,"14 [B, A, C, E, D, F, G, I, H]"
517,517,G,artificial,G,complete,"14 [B, A, C, E, D, F, G, I, H]"
518,518,F,artificial,F,complete,"14 [B, A, C, E, D, F, G, I, H]"
519,519,D,artificial,D_Dupli,complete,"14 [B, A, C, E, D, F, G, I, H]"
520,520,B,artificial,D_Dupli,complete,"14 [B, A, C, E, D, F, G, I, H]"
521,521,I,artificial,I,complete,"140 [A, B, D, E, C, F, G, H, I]"
522,522,H,artificial,H,complete,"140 [A, B, D, E, C, F, G, H, I]"
523,523,G,artificial,G,complete,"140 [A, B, D, E, C, F, G, H, I]"
524,524,F,artificial,F,complete,"140 [A, B, D, E, C, F, G, H, I]"
525,525,D,artificial,D_Dupli,complete,"140 [A, B, D, E, C, F, G, H, I]"
526,526,E,artificial,D_Dupli,complete,"140 [A, B, D, E, C, F, G, H, I]"
527,527,B,artificial,D_Dupli,complete,"140 [A, B, D, E, C, F, G, H, I]"
528,528,A,artificial,A,complete,"140 [A, B, D, E, C, F, G, H, I]"
529,529,C,artificial,D_Dupli,complete,"140 [A, B, D, E, C, F, G, H, I]"
530,530,H,artificial,H,complete,"141 [A, B, C, E, D, F, G, I, H]"
531,531,F,artificial,F,complete,"141 [A, B, C, E, D, F, G, I, H]"
532,532,G,artificial,G,complete,"141 [A, B, C, E, D, F, G, I, H]"
533,533,D,artificial,D_Dupli,complete,"141 [A, B, C, E, D, F, G, I, H]"
534,534,I,artificial,I,complete,"141 [A, B, C, E, D, F, G, I, H]"
535,535,C,artificial,D_Dupli,complete,"141 [A, B, C, E, D, F, G, I, H]"
536,536,B,artificial,D_Dupli,complete,"141 [A, B, C, E, D, F, G, I, H]"
537,537,A,artificial,A,complete,"141 [A, B, C, E, D, F, G, I, H]"
538,538,E,artificial,D_Dupli,complete,"141 [A, B, C, E, D, F, G, I, H]"
539,539,H,artificial,H,complete,"142 [A, B, D, E, C, F, G, H, I]"
540,540,G,artificial,G,complete,"142 [A, B, D, E, C, F, G, H, I]"
541,541,F,artificial,F,complete,"142 [A, B, D, E, C, F, G, H, I]"
542,542,C,artificial,D_Dupli,complete,"142 [A, B, D, E, C, F, G, H, I]"
543,543,I,artificial,I,complete,"142 [A, B, D, E, C, F, G, H, I]"
544,544,D,artificial,D_Dupli,complete,"142 [A, B, D, E, C, F, G, H, I]"
545,545,B,artificial,D_Dupli,complete,"142 [A, B, D, E, C, F, G, H, I]"
546,546,A,artificial,A,complete,"142 [A, B, D, E, C, F, G, H, I]"
547,547,E,artificial,D_Dupli,complete,"142 [A, B, D, E, C, F, G, H, I]"
548,548,H,artificial,H,complete,"143 [B, A, C, E, D, F, G, I, H]"
549,549,I,artificial,I,complete,"143 [B, A, C, E, D, F, G, I, H]"
550,550,G,artificial,G,complete,"143 [B, A, C, E, D, F, G, I, H]"
551,551,F,artificial,F,complete,"143 [B, A, C, E, D, F, G, I, H]"
552,552,D,artificial,D_Dupli,complete,"143 [B, A, C, E, D, F, G, I, H]"
553,553,C,artificial,D_Dupli,complete,"143 [B, A, C, E, D, F, G, I, H]"
554,554,A,artificial,A,complete,"143 [B, A, C, E, D, F, G, I, H]"
555,555,B,artificial,D_Dupli,complete,"143 [B, A, C, E, D, F, G, I, H]"
556,556,E,artificial,D_Dupli,complete,"143 [B, A, C, E, D, F, G, I, H]"
557,557,F,artificial,F,complete,"144 [A, B, D, C, E, F, G, I, H]"
558,558,I,artificial,I,complete,"144 [A, B, D, C, E, F, G, I, H]"
559,559,H,artificial,H,complete,"144 [A, B, D, C, E, F, G, I, H]"
560,560,E,artificial,D_Dupli,complete,"144 [A, B, D, C, E, F, G, I, H]"
561,561,G,artificial,G,complete,"144 [A, B, D, C, E, F, G, I, H]"
562,562,D,artificial,D_Dupli,complete,"144 [A, B, D, C, E, F, G, I, H]"
563,563,B,artificial,D_Dupli,complete,"144 [A, B, D, C, E, F, G, I, H]"
564,564,A,artificial,A,complete,"144 [A, B, D, C, E, F, G, I, H]"
565,565,C,artificial,D_Dupli,complete,"144 [A, B, D, C, E, F, G, I, H]"
566,566,H,artificial,H,complete,"145 [A, B, C, E, D, F, G, I, H]"
567,567,I,artificial,I,complete,"145 [A, B, C, E, D, F, G, I, H]"
568,568,G,artificial,G,complete,"145 [A, B, C, E, D, F, G, I, H]"
569,569,D,artificial,D_Dupli,complete,"145 [A, B, C, E, D, F, G, I, H]"
570,570,F,artificial,F,complete,"145 [A, B, C, E, D, F, G, I, H]"
571,571,C,artificial,D_Dupli,complete,"145 [A, B, C, E, D, F, G, I, H]"
572,572,B,artificial,D_Dupli,complete,"145 [A, B, C, E, D, F, G, I, H]"
573,573,A,artificial,A,complete,"145 [A, B, C, E, D, F, G, I, H]"
574,574,E,artificial,D_Dupli,complete,"145 [A, B, C, E, D, F, G, I, H]"
575,575,J,artificial,J,complete,"146 [B, A, D, E, C, F, G, I, H, J, K, F, G, I, H]"
576,576,I,artificial,I,complete,"146 [B, A, D, E, C, F, G, I, H, J, K, F, G, I, H]"
577,577,G,artificial,G,complete,"146 [B, A, D, E, C, F, G, I, H, J, K, F, G, I, H]"
578,578,H,artificial,H,complete,"146 [B, A, D, E, C, F, G, I, H, J, K, F, G, I, H]"
579,579,F,artificial,F,complete,"146 [B, A, D, E, C, F, G, I, H, J, K, F, G, I, H]"
580,580,K,artificial,K,complete,"146 [B, A, D, E, C, F, G, I, H, J, K, F, G, I, H]"
581,581,H,artificial,H,complete,"146 [B, A, D, E, C, F, G, I, H, J, K, F, G, I, H]"
582,582,D,artificial,D_Dupli,complete,"146 [B, A, D, E, C, F, G, I, H, J, K, F, G, I, H]"
583,583,G,artificial,G,complete,"146 [B, A, D, E, C, F, G, I, H, J, K, F, G, I, H]"
584,584,F,artificial,F,complete,"146 [B, A, D, E, C, F, G, I, H, J, K, F, G, I, H]"
585,585,C,artificial,D_Dupli,complete,"146 [B, A, D, E, C, F, G, I, H, J, K, F, G, I, H]"
586,586,E,artificial,D_Dupli,complete,"146 [B, A, D, E, C, F, G, I, H, J, K, F, G, I, H]"
587,587,A,artificial,A,complete,"146 [B, A, D, E, C, F, G, I, H, J, K, F, G, I, H]"
588,588,B,artificial,D_Dupli,complete,"146 [B, A, D, E, C, F, G, I, H, J, K, F, G, I, H]"
589,589,I,artificial,I,complete,"146 [B, A, D, E, C, F, G, I, H, J, K, F, G, I, H]"
590,590,G,artificial,G,complete,"147 [B, A, C, E, D, F, G, H, I]"
591,591,H,artificial,H,complete,"147 [B, A, C, E, D, F, G, H, I]"
592,592,F,artificial,F,complete,"147 [B, A, C, E, D, F, G, H, I]"
593,593,I,artificial,I,complete,"147 [B, A, C, E, D, F, G, H, I]"
594,594,A,artificial,A,complete,"147 [B, A, C, E, D, F, G, H, I]"
595,595,B,artificial,D_Dupli,complete,"147 [B, A, C, E, D, F, G, H, I]"
596,596,D,artificial,D_Dupli,complete,"147 [B, A, C, E, D, F, G, H, I]"
597,597,C,artificial,D_Dupli,complete,"147 [B, A, C, E, D, F, G, H, I]"
598,598,E,artificial,D_Dupli,complete,"147 [B, A, C, E, D, F, G, H, I]"
599,599,H,artificial,H,complete,"148 [B, A, E, C, D, F, G, H, I]"
600,600,A,artificial,A,complete,"148 [B, A, E, C, D, F, G, H, I]"
601,601,E,artificial,D_Dupli,complete,"148 [B, A, E, C, D, F, G, H, I]"
602,602,C,artificial,D_Dupli,complete,"148 [B, A, E, C, D, F, G, H, I]"
603,603,D,artificial,D_Dupli,complete,"148 [B, A, E, C, D, F, G, H, I]"
604,604,F,artificial,F,complete,"148 [B, A, E, C, D, F, G, H, I]"
605,605,G,artificial,G,complete,"148 [B, A, E, C, D, F, G, H, I]"
606,606,B,artificial,D_Dupli,complete,"148 [B, A, E, C, D, F, G, H, I]"
607,607,I,artificial,I,complete,"148 [B, A, E, C, D, F, G, H, I]"
608,608,A,artificial,A,complete,"149 [B, A, E, C, D, F, G, I, H]"
609,609,E,artificial,D_Dupli,complete,"149 [B, A, E, C, D, F, G, I, H]"
610,610,C,artificial,D_Dupli,complete,"149 [B, A, E, C, D, F, G, I, H]"
611,611,D,artificial,D_Dupli,complete,"149 [B, A, E, C, D, F, G, I, H]"
612,612,F,artificial,F,complete,"149 [B, A, E, C, D, F, G, I, H]"
613,613,G,artificial,G,complete,"149 [B, A, E, C, D, F, G, I, H]"
614,614,B,artificial,D_Dupli,complete,"149 [B, A, E, C, D, F, G, I, H]"
615,615,I,artificial,I,complete,"149 [B, A, E, C, D, F, G, I, H]"
616,616,H,artificial,H,complete,"149 [B, A, E, C, D, F, G, I, H]"
617,617,A,artificial,A,complete,"15 [A, B, C, E, D, F, G, H, I]"
618,618,B,artificial,D_Dupli,complete,"15 [A, B, C, E, D, F, G, H, I]"
619,619,I,artificial,I,complete,"15 [A, B, C, E, D, F, G, H, I]"
620,620,C,artificial,D_Dupli,complete,"15 [A, B, C, E, D, F, G, H, I]"
621,621,E,artificial,D_Dupli,complete,"15 [A, B, C, E, D, F, G, H, I]"
622,622,D,artificial,D_Dupli,complete,"15 [A, B, C, E, D, F, G, H, I]"
623,623,F,artificial,F,complete,"15 [A, B, C, E, D, F, G, H, I]"
624,624,H,artificial,H,complete,"15 [A, B, C, E, D, F, G, H, I]"
625,625,G,artificial,G,complete,"15 [A, B, C, E, D, F, G, H, I]"
626,626,H,artificial,H,complete,"150 [A, B, C, D, E, F, G, I, H]"
627,627,A,artificial,A,complete,"150 [A, B, C, D, E, F, G, I, H]"
628,628,B,artificial,D_Dupli,complete,"150 [A, B, C, D, E, F, G, I, H]"
629,629,C,artificial,D_Dupli,complete,"150 [A, B, C, D, E, F, G, I, H]"
630,630,G,artificial,G,complete,"150 [A, B, C, D, E, F, G, I, H]"
631,631,E,artificial,D_Dupli,complete,"150 [A, B, C, D, E, F, G, I, H]"
632,632,F,artificial,F,complete,"150 [A, B, C, D, E, F, G, I, H]"
633,633,I,artificial,I,complete,"150 [A, B, C, D, E, F, G, I, H]"
634,634,D,artificial,D_Dupli,complete,"150 [A, B, C, D, E, F, G, I, H]"
635,635,H,artificial,H,complete,"151 [B, A, C, D, E, F, G, I, H, O, M, N, F, G, I, H]"
636,636,I,artificial,I,complete,"151 [B, A, C, D, E, F, G, I, H, O, M, N, F, G, I, H]"
637,637,F,artificial,F,complete,"151 [B, A, C, D, E, F, G, I, H, O, M, N, F, G, I, H]"
638,638,F,artificial,F,complete,"151 [B, A, C, D, E, F, G, I, H, O, M, N, F, G, I, H]"
639,639,N,artificial,N,complete,"151 [B, A, C, D, E, F, G, I, H, O, M, N, F, G, I, H]"
640,640,I,artificial,I,complete,"151 [B, A, C, D, E, F, G, I, H, O, M, N, F, G, I, H]"
641,641,O,artificial,O,complete,"151 [B, A, C, D, E, F, G, I, H, O, M, N, F, G, I, H]"
642,642,H,artificial,H,complete,"151 [B, A, C, D, E, F, G, I, H, O, M, N, F, G, I, H]"
643,643,B,artificial,D_Dupli,complete,"151 [B, A, C, D, E, F, G, I, H, O, M, N, F, G, I, H]"
644,644,A,artificial,A,complete,"151 [B, A, C, D, E, F, G, I, H, O, M, N, F, G, I, H]"
645,645,C,artificial,D_Dupli,complete,"151 [B, A, C, D, E, F, G, I, H, O, M, N, F, G, I, H]"
646,646,D,artificial,D_Dupli,complete,"151 [B, A, C, D, E, F, G, I, H, O, M, N, F, G, I, H]"
647,647,E,artificial,D_Dupli,complete,"151 [B, A, C, D, E, F, G, I, H, O, M, N, F, G, I, H]"
648,648,G,artificial,G,complete,"151 [B, A, C, D, E, F, G, I, H, O, M, N, F, G, I, H]"
649,649,M,artificial,M,complete,"151 [B, A, C, D, E, F, G, I, H, O, M, N, F, G, I, H]"
650,650,G,artificial,G,complete,"151 [B, A, C, D, E, F, G, I, H, O, M, N, F, G, I, H]"
651,651,I,artificial,I,complete,"152 [A, B, D, C, E, F, G, I, H, J, K, F, G, I, H]"
652,652,C,artificial,D_Dupli,complete,"152 [A, B, D, C, E, F, G, I, H, J, K, F, G, I, H]"
653,653,D,artificial,D_Dupli,complete,"152 [A, B, D, C, E, F, G, I, H, J, K, F, G, I, H]"
654,654,B,artificial,D_Dupli,complete,"152 [A, B, D, C, E, F, G, I, H, J, K, F, G, I, H]"
655,655,A,artificial,A,complete,"152 [A, B, D, C, E, F, G, I, H, J, K, F, G, I, H]"
656,656,E,artificial,D_Dupli,complete,"152 [A, B, D, C, E, F, G, I, H, J, K, F, G, I, H]"
657,657,H,artificial,H,complete,"152 [A, B, D, C, E, F, G, I, H, J, K, F, G, I, H]"
658,658,G,artificial,G,complete,"152 [A, B, D, C, E, F, G, I, H, J, K, F, G, I, H]"
659,659,F,artificial,F,complete,"152 [A, B, D, C, E, F, G, I, H, J, K, F, G, I, H]"
660,660,H,artificial,H,complete,"152 [A, B, D, C, E, F, G, I, H, J, K, F, G, I, H]"
661,661,J,artificial,J,complete,"152 [A, B, D, C, E, F, G, I, H, J, K, F, G, I, H]"
662,662,K,artificial,K,complete,"152 [A, B, D, C, E, F, G, I, H, J, K, F, G, I, H]"
663,663,F,artificial,F,complete,"152 [A, B, D, C, E, F, G, I, H, J, K, F, G, I, H]"
664,664,G,artificial,G,complete,"152 [A, B, D, C, E, F, G, I, H, J, K, F, G, I, H]"
665,665,I,artificial,I,complete,"152 [A, B, D, C, E, F, G, I, H, J, K, F, G, I, H]"
666,666,I,artificial,I,complete,"153 [B, A, E, D, C, F, G, H, I, N, M, O, F, G, H, I]"
667,667,H,artificial,H,complete,"153 [B, A, E, D, C, F, G, H, I, N, M, O, F, G, H, I]"
668,668,G,artificial,G,complete,"153 [B, A, E, D, C, F, G, H, I, N, M, O, F, G, H, I]"
669,669,F,artificial,F,complete,"153 [B, A, E, D, C, F, G, H, I, N, M, O, F, G, H, I]"
670,670,B,artificial,D_Dupli,complete,"153 [B, A, E, D, C, F, G, H, I, N, M, O, F, G, H, I]"
671,671,N,artificial,N,complete,"153 [B, A, E, D, C, F, G, H, I, N, M, O, F, G, H, I]"
672,672,I,artificial,I,complete,"153 [B, A, E, D, C, F, G, H, I, N, M, O, F, G, H, I]"
673,673,H,artificial,H,complete,"153 [B, A, E, D, C, F, G, H, I, N, M, O, F, G, H, I]"
674,674,G,artificial,G,complete,"153 [B, A, E, D, C, F, G, H, I, N, M, O, F, G, H, I]"
675,675,F,artificial,F,complete,"153 [B, A, E, D, C, F, G, H, I, N, M, O, F, G, H, I]"
676,676,C,artificial,D_Dupli,complete,"153 [B, A, E, D, C, F, G, H, I, N, M, O, F, G, H, I]"
677,677,D,artificial,D_Dupli,complete,"153 [B, A, E, D, C, F, G, H, I, N, M, O, F, G, H, I]"
678,678,A,artificial,A,complete,"153 [B, A, E, D, C, F, G, H, I, N, M, O, F, G, H, I]"
679,679,O,artificial,O,complete,"153 [B, A, E, D, C, F, G, H, I, N, M, O, F, G, H, I]"
680,680,M,artificial,M,complete,"153 [B, A, E, D, C, F, G, H, I, N, M, O, F, G, H, I]"
681,681,E,artificial,D_Dupli,complete,"153 [B, A, E, D, C, F, G, H, I, N, M, O, F, G, H, I]"
682,682,A,artificial,A,complete,"154 [B, A, E, C, D, F, G, I, H]"
683,683,C,artificial,D_Dupli,complete,"154 [B, A, E, C, D, F, G, I, H]"
684,684,D,artificial,D_Dupli,complete,"154 [B, A, E, C, D, F, G, I, H]"
685,685,F,artificial,F,complete,"154 [B, A, E, C, D, F, G, I, H]"
686,686,G,artificial,G,complete,"154 [B, A, E, C, D, F, G, I, H]"
687,687,I,artificial,I,complete,"154 [B, A, E, C, D, F, G, I, H]"
688,688,H,artificial,H,complete,"154 [B, A, E, C, D, F, G, I, H]"
689,689,E,artificial,D_Dupli,complete,"154 [B, A, E, C, D, F, G, I, H]"
690,690,B,artificial,D_Dupli,complete,"154 [B, A, E, C, D, F, G, I, H]"
691,691,I,artificial,I,complete,"155 [A, B, C, D, E, F, G, I, H]"
692,692,G,artificial,G,complete,"155 [A, B, C, D, E, F, G, I, H]"
693,693,F,artificial,F,complete,"155 [A, B, C, D, E, F, G, I, H]"
694,694,D,artificial,D_Dupli,complete,"155 [A, B, C, D, E, F, G, I, H]"
695,695,C,artificial,D_Dupli,complete,"155 [A, B, C, D, E, F, G, I, H]"
696,696,B,artificial,D_Dupli,complete,"155 [A, B, C, D, E, F, G, I, H]"
697,697,A,artificial,A,complete,"155 [A, B, C, D, E, F, G, I, H]"
698,698,H,artificial,H,complete,"155 [A, B, C, D, E, F, G, I, H]"
699,699,E,artificial,D_Dupli,complete,"155 [A, B, C, D, E, F, G, I, H]"
700,700,B,artificial,D_Dupli,complete,"156 [B, A, E, C, D, F, G, I, H]"
701,701,A,artificial,A,complete,"156 [B, A, E, C, D, F, G, I, H]"
702,702,E,artificial,D_Dupli,complete,"156 [B, A, E, C, D, F, G, I, H]"
703,703,C,artificial,D_Dupli,complete,"156 [B, A, E, C, D, F, G, I, H]"
704,704,D,artificial,D_Dupli,complete,"156 [B, A, E, C, D, F, G, I, H]"
705,705,F,artificial,F,complete,"156 [B, A, E, C, D, F, G, I, H]"
706,706,G,artificial,G,complete,"156 [B, A, E, C, D, F, G, I, H]"
707,707,H,artificial,H,complete,"156 [B, A, E, C, D, F, G, I, H]"
708,708,I,artificial,I,complete,"156 [B, A, E, C, D, F, G, I, H]"
709,709,A,artificial,A,complete,"157 [B, A, E, C, D, F, G, I, H]"
710,710,E,artificial,D_Dupli,complete,"157 [B, A, E, C, D, F, G, I, H]"
711,711,C,artificial,D_Dupli,complete,"157 [B, A, E, C, D, F, G, I, H]"
712,712,D,artificial,D_Dupli,complete,"157 [B, A, E, C, D, F, G, I, H]"
713,713,F,artificial,F,complete,"157 [B, A, E, C, D, F, G, I, H]"
714,714,G,artificial,G,complete,"157 [B, A, E, C, D, F, G, I, H]"
715,715,I,artificial,I,complete,"157 [B, A, E, C, D, F, G, I, H]"
716,716,H,artificial,H,complete,"157 [B, A, E, C, D, F, G, I, H]"
717,717,B,artificial,D_Dupli,complete,"157 [B, A, E, C, D, F, G, I, H]"
718,718,B,artificial,D_Dupli,complete,"158 [B, A, C, E, D, F, G, I, H, M, N, O, F, G, H, I]"
719,719,A,artificial,A,complete,"158 [B, A, C, E, D, F, G, I, H, M, N, O, F, G, H, I]"
720,720,I,artificial,I,complete,"158 [B, A, C, E, D, F, G, I, H, M, N, O, F, G, H, I]"
721,721,D,artificial,D_Dupli,complete,"158 [B, A, C, E, D, F, G, I, H, M, N, O, F, G, H, I]"
722,722,F,artificial,F,complete,"158 [B, A, C, E, D, F, G, I, H, M, N, O, F, G, H, I]"
723,723,G,artificial,G,complete,"158 [B, A, C, E, D, F, G, I, H, M, N, O, F, G, H, I]"
724,724,I,artificial,I,complete,"158 [B, A, C, E, D, F, G, I, H, M, N, O, F, G, H, I]"
725,725,H,artificial,H,complete,"158 [B, A, C, E, D, F, G, I, H, M, N, O, F, G, H, I]"
726,726,N,artificial,N,complete,"158 [B, A, C, E, D, F, G, I, H, M, N, O, F, G, H, I]"
727,727,O,artificial,O,complete,"158 [B, A, C, E, D, F, G, I, H, M, N, O, F, G, H, I]"
728,728,F,artificial,F,complete,"158 [B, A, C, E, D, F, G, I, H, M, N, O, F, G, H, I]"
729,729,G,artificial,G,complete,"158 [B, A, C, E, D, F, G, I, H, M, N, O, F, G, H, I]"
730,730,H,artificial,H,complete,"158 [B, A, C, E, D, F, G, I, H, M, N, O, F, G, H, I]"
731,731,E,artificial,D_Dupli,complete,"158 [B, A, C, E, D, F, G, I, H, M, N, O, F, G, H, I]"
732,732,C,artificial,D_Dupli,complete,"158 [B, A, C, E, D, F, G, I, H, M, N, O, F, G, H, I]"
733,733,M,artificial,M,complete,"158 [B, A, C, E, D, F, G, I, H, M, N, O, F, G, H, I]"
734,734,A,artificial,A,complete,"159 [B, A, D, C, E, F, G, H, I]"
735,735,I,artificial,I,complete,"159 [B, A, D, C, E, F, G, H, I]"
736,736,H,artificial,H,complete,"159 [B, A, D, C, E, F, G, H, I]"
737,737,G,artificial,G,complete,"159 [B, A, D, C, E, F, G, H, I]"
738,738,F,artificial,F,complete,"159 [B, A, D, C, E, F, G, H, I]"
739,739,E,artificial,D_Dupli,complete,"159 [B, A, D, C, E, F, G, H, I]"
740,740,C,artificial,D_Dupli,complete,"159 [B, A, D, C, E, F, G, H, I]"
741,741,D,artificial,D_Dupli,complete,"159 [B, A, D, C, E, F, G, H, I]"
742,742,B,artificial,D_Dupli,complete,"159 [B, A, D, C, E, F, G, H, I]"
743,743,A,artificial,A,complete,"16 [A, B, E, D, C, F, G, I, H]"
744,744,D,artificial,D_Dupli,complete,"16 [A, B, E, D, C, F, G, I, H]"
745,745,B,artificial,D_Dupli,complete,"16 [A, B, E, D, C, F, G, I, H]"
746,746,E,artificial,D_Dupli,complete,"16 [A, B, E, D, C, F, G, I, H]"
747,747,C,artificial,D_Dupli,complete,"16 [A, B, E, D, C, F, G, I, H]"
748,748,F,artificial,F,complete,"16 [A, B, E, D, C, F, G, I, H]"
749,749,G,artificial,G,complete,"16 [A, B, E, D, C, F, G, I, H]"
750,750,I,artificial,I,complete,"16 [A, B, E, D, C, F, G, I, H]"
751,751,H,artificial,H,complete,"16 [A, B, E, D, C, F, G, I, H]"
752,752,A,artificial,A,complete,"160 [A, B, E, C, D, F, G, I, H]"
753,753,C,artificial,D_Dupli,complete,"160 [A, B, E, C, D, F, G, I, H]"
754,754,D,artificial,D_Dupli,complete,"160 [A, B, E, C, D, F, G, I, H]"
755,755,B,artificial,D_Dupli,complete,"160 [A, B, E, C, D, F, G, I, H]"
756,756,F,artificial,F,complete,"160 [A, B, E, C, D, F, G, I, H]"
757,757,I,artificial,I,complete,"160 [A, B, E, C, D, F, G, I, H]"
758,758,H,artificial,H,complete,"160 [A, B, E, C, D, F, G, I, H]"
759,759,G,artificial,G,complete,"160 [A, B, E, C, D, F, G, I, H]"
760,760,E,artificial,D_Dupli,complete,"160 [A, B, E, C, D, F, G, I, H]"
761,761,H,artificial,H,complete,"161 [A, B, D, E, C, F, G, I, H]"
762,762,A,artificial,A,complete,"161 [A, B, D, E, C, F, G, I, H]"
763,763,B,artificial,D_Dupli,complete,"161 [A, B, D, E, C, F, G, I, H]"
764,764,D,artificial,D_Dupli,complete,"161 [A, B, D, E, C, F, G, I, H]"
765,765,E,artificial,D_Dupli,complete,"161 [A, B, D, E, C, F, G, I, H]"
766,766,C,artificial,D_Dupli,complete,"161 [A, B, D, E, C, F, G, I, H]"
767,767,F,artificial,F,complete,"161 [A, B, D, E, C, F, G, I, H]"
768,768,G,artificial,G,complete,"161 [A, B, D, E, C, F, G, I, H]"
769,769,I,artificial,I,complete,"161 [A, B, D, E, C, F, G, I, H]"
770,770,E,artificial,D_Dupli,complete,"162 [B, A, D, E, C, F, G, H, I]"
771,771,A,artificial,A,complete,"162 [B, A, D, E, C, F, G, H, I]"
772,772,I,artificial,I,complete,"162 [B, A, D, E, C, F, G, H, I]"
773,773,H,artificial,H,complete,"162 [B, A, D, E, C, F, G, H, I]"
774,774,G,artificial,G,complete,"162 [B, A, D, E, C, F, G, H, I]"
775,775,F,artificial,F,complete,"162 [B, A, D, E, C, F, G, H, I]"
776,776,C,artificial,D_Dupli,complete,"162 [B, A, D, E, C, F, G, H, I]"
777,777,D,artificial,D_Dupli,complete,"162 [B, A, D, E, C, F, G, H, I]"
778,778,B,artificial,D_Dupli,complete,"162 [B, A, D, E, C, F, G, H, I]"
779,779,E,artificial,D_Dupli,complete,"163 [B, A, E, D, C, F, G, I, H]"
780,780,D,artificial,D_Dupli,complete,"163 [B, A, E, D, C, F, G, I, H]"
781,781,C,artificial,D_Dupli,complete,"163 [B, A, E, D, C, F, G, I, H]"
782,782,F,artificial,F,complete,"163 [B, A, E, D, C, F, G, I, H]"
783,783,G,artificial,G,complete,"163 [B, A, E, D, C, F, G, I, H]"
784,784,I,artificial,I,complete,"163 [B, A, E, D, C, F, G, I, H]"
785,785,H,artificial,H,complete,"163 [B, A, E, D, C, F, G, I, H]"
786,786,B,artificial,D_Dupli,complete,"163 [B, A, E, D, C, F, G, I, H]"
787,787,A,artificial,A,complete,"163 [B, A, E, D, C, F, G, I, H]"
788,788,A,artificial,A,complete,"164 [A, B, D, E, C, F, G, I, H]"
789,789,B,artificial,D_Dupli,complete,"164 [A, B, D, E, C, F, G, I, H]"
790,790,D,artificial,D_Dupli,complete,"164 [A, B, D, E, C, F, G, I, H]"
791,791,E,artificial,D_Dupli,complete,"164 [A, B, D, E, C, F, G, I, H]"
792,792,C,artificial,D_Dupli,complete,"164 [A, B, D, E, C, F, G, I, H]"
793,793,F,artificial,F,complete,"164 [A, B, D, E, C, F, G, I, H]"
794,794,G,artificial,G,complete,"164 [A, B, D, E, C, F, G, I, H]"
795,795,I,artificial,I,complete,"164 [A, B, D, E, C, F, G, I, H]"
796,796,H,artificial,H,complete,"164 [A, B, D, E, C, F, G, I, H]"
797,797,I,artificial,I,complete,"165 [B, A, D, C, E, F, G, H, I]"
798,798,H,artificial,H,complete,"165 [B, A, D, C, E, F, G, H, I]"
799,799,G,artificial,G,complete,"165 [B, A, D, C, E, F, G, H, I]"
800,800,F,artificial,F,complete,"165 [B, A, D, C, E, F, G, H, I]"
801,801,C,artificial,D_Dupli,complete,"165 [B, A, D, C, E, F, G, H, I]"
802,802,D,artificial,D_Dupli,complete,"165 [B, A, D, C, E, F, G, H, I]"
803,803,A,artificial,A,complete,"165 [B, A, D, C, E, F, G, H, I]"
804,804,B,artificial,D_Dupli,complete,"165 [B, A, D, C, E, F, G, H, I]"
805,805,E,artificial,D_Dupli,complete,"165 [B, A, D, C, E, F, G, H, I]"
806,806,O,artificial,O,complete,"166 [A, B, D, C, E, F, G, I, H, O, N, M, F, G, I, H]"
807,807,H,artificial,H,complete,"166 [A, B, D, C, E, F, G, I, H, O, N, M, F, G, I, H]"
808,808,I,artificial,I,complete,"166 [A, B, D, C, E, F, G, I, H, O, N, M, F, G, I, H]"
809,809,G,artificial,G,complete,"166 [A, B, D, C, E, F, G, I, H, O, N, M, F, G, I, H]"
810,810,F,artificial,F,complete,"166 [A, B, D, C, E, F, G, I, H, O, N, M, F, G, I, H]"
811,811,M,artificial,M,complete,"166 [A, B, D, C, E, F, G, I, H, O, N, M, F, G, I, H]"
812,812,N,artificial,N,complete,"166 [A, B, D, C, E, F, G, I, H, O, N, M, F, G, I, H]"
813,813,I,artificial,I,complete,"166 [A, B, D, C, E, F, G, I, H, O, N, M, F, G, I, H]"
814,814,B,artificial,D_Dupli,complete,"166 [A, B, D, C, E, F, G, I, H, O, N, M, F, G, I, H]"
815,815,G,artificial,G,complete,"166 [A, B, D, C, E, F, G, I, H, O, N, M, F, G, I, H]"
816,816,F,artificial,F,complete,"166 [A, B, D, C, E, F, G, I, H, O, N, M, F, G, I, H]"
817,817,E,artificial,D_Dupli,complete,"166 [A, B, D, C, E, F, G, I, H, O, N, M, F, G, I, H]"
818,818,C,artificial,D_Dupli,complete,"166 [A, B, D, C, E, F, G, I, H, O, N, M, F, G, I, H]"
819,819,D,artificial,D_Dupli,complete,"166 [A, B, D, C, E, F, G, I, H, O, N, M, F, G, I, H]"
820,820,A,artificial,A,complete,"166 [A, B, D, C, E, F, G, I, H, O, N, M, F, G, I, H]"
821,821,H,artificial,H,complete,"166 [A, B, D, C, E, F, G, I, H, O, N, M, F, G, I, H]"
822,822,N,artificial,N,complete,"167 [A, B, C, E, D, F, G, H, I, N, M, O, F, G, H, I]"
823,823,I,artificial,I,complete,"167 [A, B, C, E, D, F, G, H, I, N, M, O, F, G, H, I]"
824,824,H,artificial,H,complete,"167 [A, B, C, E, D, F, G, H, I, N, M, O, F, G, H, I]"
825,825,G,artificial,G,complete,"167 [A, B, C, E, D, F, G, H, I, N, M, O, F, G, H, I]"
826,826,O,artificial,O,complete,"167 [A, B, C, E, D, F, G, H, I, N, M, O, F, G, H, I]"
827,827,M,artificial,M,complete,"167 [A, B, C, E, D, F, G, H, I, N, M, O, F, G, H, I]"
828,828,I,artificial,I,complete,"167 [A, B, C, E, D, F, G, H, I, N, M, O, F, G, H, I]"
829,829,F,artificial,F,complete,"167 [A, B, C, E, D, F, G, H, I, N, M, O, F, G, H, I]"
830,830,G,artificial,G,complete,"167 [A, B, C, E, D, F, G, H, I, N, M, O, F, G, H, I]"
831,831,F,artificial,F,complete,"167 [A, B, C, E, D, F, G, H, I, N, M, O, F, G, H, I]"
832,832,D,artificial,D_Dupli,complete,"167 [A, B, C, E, D, F, G, H, I, N, M, O, F, G, H, I]"
833,833,E,artificial,D_Dupli,complete,"167 [A, B, C, E, D, F, G, H, I, N, M, O, F, G, H, I]"
834,834,C,artificial,D_Dupli,complete,"167 [A, B, C, E, D, F, G, H, I, N, M, O, F, G, H, I]"
835,835,B,artificial,D_Dupli,complete,"167 [A, B, C, E, D, F, G, H, I, N, M, O, F, G, H, I]"
836,836,A,artificial,A,complete,"167 [A, B, C, E, D, F, G, H, I, N, M, O, F, G, H, I]"
837,837,H,artificial,H,complete,"167 [A, B, C, E, D, F, G, H, I, N, M, O, F, G, H, I]"
838,838,E,artificial,D_Dupli,complete,"168 [A, B, E, D, C, F, G, I, H, J, K, L, J, K, F, G, H, I]"
839,839,B,artificial,D_Dupli,complete,"168 [A, B, E, D, C, F, G, I, H, J, K, L, J, K, F, G, H, I]"
840,840,D,artificial,D_Dupli,complete,"168 [A, B, E, D, C, F, G, I, H, J, K, L, J, K, F, G, H, I]"
841,841,A,artificial,A,complete,"168 [A, B, E, D, C, F, G, I, H, J, K, L, J, K, F, G, H, I]"
842,842,F,artificial,F,complete,"168 [A, B, E, D, C, F, G, I, H, J, K, L, J, K, F, G, H, I]"
843,843,I,artificial,I,complete,"168 [A, B, E, D, C, F, G, I, H, J, K, L, J, K, F, G, H, I]"
844,844,H,artificial,H,complete,"168 [A, B, E, D, C, F, G, I, H, J, K, L, J, K, F, G, H, I]"
845,845,G,artificial,G,complete,"168 [A, B, E, D, C, F, G, I, H, J, K, L, J, K, F, G, H, I]"
846,846,F,artificial,F,complete,"168 [A, B, E, D, C, F, G, I, H, J, K, L, J, K, F, G, H, I]"
847,847,K,artificial,K,complete,"168 [A, B, E, D, C, F, G, I, H, J, K, L, J, K, F, G, H, I]"
848,848,C,artificial,D_Dupli,complete,"168 [A, B, E, D, C, F, G, I, H, J, K, L, J, K, F, G, H, I]"
849,849,J,artificial,J,complete,"168 [A, B, E, D, C, F, G, I, H, J, K, L, J, K, F, G, H, I]"
850,850,K,artificial,K,complete,"168 [A, B, E, D, C, F, G, I, H, J, K, L, J, K, F, G, H, I]"
851,851,J,artificial,J,complete,"168 [A, B, E, D, C, F, G, I, H, J, K, L, J, K, F, G, H, I]"
852,852,H,artificial,H,complete,"168 [A, B, E, D, C, F, G, I, H, J, K, L, J, K, F, G, H, I]"
853,853,I,artificial,I,complete,"168 [A, B, E, D, C, F, G, I, H, J, K, L, J, K, F, G, H, I]"
854,854,G,artificial,G,complete,"168 [A, B, E, D, C, F, G, I, H, J, K, L, J, K, F, G, H, I]"
855,855,L,artificial,L,complete,"168 [A, B, E, D, C, F, G, I, H, J, K, L, J, K, F, G, H, I]"
856,856,G,artificial,G,complete,"169 [B, A, D, C, E, F, G, H, I]"
857,857,I,artificial,I,complete,"169 [B, A, D, C, E, F, G, H, I]"
858,858,H,artificial,H,complete,"169 [B, A, D, C, E, F, G, H, I]"
859,859,F,artificial,F,complete,"169 [B, A, D, C, E, F, G, H, I]"
860,860,C,artificial,D_Dupli,complete,"169 [B, A, D, C, E, F, G, H, I]"
861,861,D,artificial,D_Dupli,complete,"169 [B, A, D, C, E, F, G, H, I]"
862,862,A,artificial,A,complete,"169 [B, A, D, C, E, F, G, H, I]"
863,863,B,artificial,D_Dupli,complete,"169 [B, A, D, C, E, F, G, H, I]"
864,864,E,artificial,D_Dupli,complete,"169 [B, A, D, C, E, F, G, H, I]"
865,865,F,artificial,F,complete,"17 [B, A, D, E, C, F, G, H, I, J, K, F, G, H, I]"
866,866,C,artificial,D_Dupli,complete,"17 [B, A, D, E, C, F, G, H, I, J, K, F, G, H, I]"
867,867,E,artificial,D_Dupli,complete,"17 [B, A, D, E, C, F, G, H, I, J, K, F, G, H, I]"
868,868,I,artificial,I,complete,"17 [B, A, D, E, C, F, G, H, I, J, K, F, G, H, I]"
869,869,D,artificial,D_Dupli,complete,"17 [B, A, D, E, C, F, G, H, I, J, K, F, G, H, I]"
870,870,A,artificial,A,complete,"17 [B, A, D, E, C, F, G, H, I, J, K, F, G, H, I]"
871,871,J,artificial,J,complete,"17 [B, A, D, E, C, F, G, H, I, J, K, F, G, H, I]"
872,872,K,artificial,K,complete,"17 [B, A, D, E, C, F, G, H, I, J, K, F, G, H, I]"
873,873,F,artificial,F,complete,"17 [B, A, D, E, C, F, G, H, I, J, K, F, G, H, I]"
874,874,G,artificial,G,complete,"17 [B, A, D, E, C, F, G, H, I, J, K, F, G, H, I]"
875,875,H,artificial,H,complete,"17 [B, A, D, E, C, F, G, H, I, J, K, F, G, H, I]"
876,876,I,artificial,I,complete,"17 [B, A, D, E, C, F, G, H, I, J, K, F, G, H, I]"
877,877,G,artificial,G,complete,"17 [B, A, D, E, C, F, G, H, I, J, K, F, G, H, I]"
878,878,B,artificial,D_Dupli,complete,"17 [B, A, D, E, C, F, G, H, I, J, K, F, G, H, I]"
879,879,H,artificial,H,complete,"17 [B, A, D, E, C, F, G, H, I, J, K, F, G, H, I]"
880,880,H,artificial,H,complete,"170 [A, B, E, C, D, F, G, I, H]"
881,881,A,artificial,A,complete,"170 [A, B, E, C, D, F, G, I, H]"
882,882,B,artificial,D_Dupli,complete,"170 [A, B, E, C, D, F, G, I, H]"
883,883,E,artificial,D_Dupli,complete,"170 [A, B, E, C, D, F, G, I, H]"
884,884,C,artificial,D_Dupli,complete,"170 [A, B, E, C, D, F, G, I, H]"
885,885,D,artificial,D_Dupli,complete,"170 [A, B, E, C, D, F, G, I, H]"
886,886,F,artificial,F,complete,"170 [A, B, E, C, D, F, G, I, H]"
887,887,G,artificial,G,complete,"170 [A, B, E, C, D, F, G, I, H]"
888,888,I,artificial,I,complete,"170 [A, B, E, C, D, F, G, I, H]"
889,889,A,artificial,A,complete,"171 [A, B, E, D, C, F, G, H, I, M, N, O, F, G, I, H]"
890,890,B,artificial,D_Dupli,complete,"171 [A, B, E, D, C, F, G, H, I, M, N, O, F, G, I, H]"
891,891,F,artificial,F,complete,"171 [A, B, E, D, C, F, G, H, I, M, N, O, F, G, I, H]"
892,892,D,artificial,D_Dupli,complete,"171 [A, B, E, D, C, F, G, H, I, M, N, O, F, G, I, H]"
893,893,H,artificial,H,complete,"171 [A, B, E, D, C, F, G, H, I, M, N, O, F, G, I, H]"
894,894,I,artificial,I,complete,"171 [A, B, E, D, C, F, G, H, I, M, N, O, F, G, I, H]"
895,895,G,artificial,G,complete,"171 [A, B, E, D, C, F, G, H, I, M, N, O, F, G, I, H]"
896,896,F,artificial,F,complete,"171 [A, B, E, D, C, F, G, H, I, M, N, O, F, G, I, H]"
897,897,O,artificial,O,complete,"171 [A, B, E, D, C, F, G, H, I, M, N, O, F, G, I, H]"
898,898,N,artificial,N,complete,"171 [A, B, E, D, C, F, G, H, I, M, N, O, F, G, I, H]"
899,899,M,artificial,M,complete,"171 [A, B, E, D, C, F, G, H, I, M, N, O, F, G, I, H]"
900,900,I,artificial,I,complete,"171 [A, B, E, D, C, F, G, H, I, M, N, O, F, G, I, H]"
901,901,H,artificial,H,complete,"171 [A, B, E, D, C, F, G, H, I, M, N, O, F, G, I, H]"
902,902,G,artificial,G,complete,"171 [A, B, E, D, C, F, G, H, I, M, N, O, F, G, I, H]"
903,903,C,artificial,D_Dupli,complete,"171 [A, B, E, D, C, F, G, H, I, M, N, O, F, G, I, H]"
904,904,E,artificial,D_Dupli,complete,"171 [A, B, E, D, C, F, G, H, I, M, N, O, F, G, I, H]"
905,905,C,artificial,D_Dupli,complete,"172 [A, B, E, D, C, F, G, I, H]"
906,906,A,artificial,A,complete,"172 [A, B, E, D, C, F, G, I, H]"
907,907,B,artificial,D_Dupli,complete,"172 [A, B, E, D, C, F, G, I, H]"
908,908,E,artificial,D_Dupli,complete,"172 [A, B, E, D, C, F, G, I, H]"
909,909,D,artificial,D_Dupli,complete,"172 [A, B, E, D, C, F, G, I, H]"
910,910,F,artificial,F,complete,"172 [A, B, E, D, C, F, G, I, H]"
911,911,G,artificial,G,complete,"172 [A, B, E, D, C, F, G, I, H]"
912,912,I,artificial,I,complete,"172 [A, B, E, D, C, F, G, I, H]"
913,913,H,artificial,H,complete,"172 [A, B, E, D, C, F, G, I, H]"
914,914,H,artificial,H,complete,"173 [B, A, D, E, C, F, G, I, H]"
915,915,I,artificial,I,complete,"173 [B, A, D, E, C, F, G, I, H]"
916,916,G,artificial,G,complete,"173 [B, A, D, E, C, F, G, I, H]"
917,917,F,artificial,F,complete,"173 [B, A, D, E, C, F, G, I, H]"
918,918,D,artificial,D_Dupli,complete,"173 [B, A, D, E, C, F, G, I, H]"
919,919,E,artificial,D_Dupli,complete,"173 [B, A, D, E, C, F, G, I, H]"
920,920,A,artificial,A,complete,"173 [B, A, D, E, C, F, G, I, H]"
921,921,B,artificial,D_Dupli,complete,"173 [B, A, D, E, C, F, G, I, H]"
922,922,C,artificial,D_Dupli,complete,"173 [B, A, D, E, C, F, G, I, H]"
923,923,G,artificial,G,complete,"174 [B, A, E, D, C, F, G, I, H]"
924,924,H,artificial,H,complete,"174 [B, A, E, D, C, F, G, I, H]"
925,925,I,artificial,I,complete,"174 [B, A, E, D, C, F, G, I, H]"
926,926,F,artificial,F,complete,"174 [B, A, E, D, C, F, G, I, H]"
927,927,D,artificial,D_Dupli,complete,"174 [B, A, E, D, C, F, G, I, H]"
928,928,E,artificial,D_Dupli,complete,"174 [B, A, E, D, C, F, G, I, H]"
929,929,A,artificial,A,complete,"174 [B, A, E, D, C, F, G, I, H]"
930,930,B,artificial,D_Dupli,complete,"174 [B, A, E, D, C, F, G, I, H]"
931,931,C,artificial,D_Dupli,complete,"174 [B, A, E, D, C, F, G, I, H]"
932,932,F,artificial,F,complete,"175 [B, A, E, C, D, F, G, H, I]"
933,933,B,artificial,D_Dupli,complete,"175 [B, A, E, C, D, F, G, H, I]"
934,934,A,artificial,A,complete,"175 [B, A, E, C, D, F, G, H, I]"
935,935,E,artificial,D_Dupli,complete,"175 [B, A, E, C, D, F, G, H, I]"
936,936,C,artificial,D_Dupli,complete,"175 [B, A, E, C, D, F, G, H, I]"
937,937,D,artificial,D_Dupli,complete,"175 [B, A, E, C, D, F, G, H, I]"
938,938,G,artificial,G,complete,"175 [B, A, E, C, D, F, G, H, I]"
939,939,H,artificial,H,complete,"175 [B, A, E, C, D, F, G, H, I]"
940,940,I,artificial,I,complete,"175 [B, A, E, C, D, F, G, H, I]"
941,941,O,artificial,O,complete,"176 [A, B, C, E, D, F, G, I, H, N, O, M, F, G, H, I]"
942,942,M,artificial,M,complete,"176 [A, B, C, E, D, F, G, I, H, N, O, M, F, G, H, I]"
943,943,N,artificial,N,complete,"176 [A, B, C, E, D, F, G, I, H, N, O, M, F, G, H, I]"
944,944,G,artificial,G,complete,"176 [A, B, C, E, D, F, G, I, H, N, O, M, F, G, H, I]"
945,945,I,artificial,I,complete,"176 [A, B, C, E, D, F, G, I, H, N, O, M, F, G, H, I]"
946,946,F,artificial,F,complete,"176 [A, B, C, E, D, F, G, I, H, N, O, M, F, G, H, I]"
947,947,H,artificial,H,complete,"176 [A, B, C, E, D, F, G, I, H, N, O, M, F, G, H, I]"
948,948,H,artificial,H,complete,"176 [A, B, C, E, D, F, G, I, H, N, O, M, F, G, H, I]"
949,949,G,artificial,G,complete,"176 [A, B, C, E, D, F, G, I, H, N, O, M, F, G, H, I]"
950,950,F,artificial,F,complete,"176 [A, B, C, E, D, F, G, I, H, N, O, M, F, G, H, I]"
951,951,D,artificial,D_Dupli,complete,"176 [A, B, C, E, D, F, G, I, H, N, O, M, F, G, H, I]"
952,952,E,artificial,D_Dupli,complete,"176 [A, B, C, E, D, F, G, I, H, N, O, M, F, G, H, I]"
953,953,C,artificial,D_Dupli,complete,"176 [A, B, C, E, D, F, G, I, H, N, O, M, F, G, H, I]"
954,954,B,artificial,D_Dupli,complete,"176 [A, B, C, E, D, F, G, I, H, N, O, M, F, G, H, I]"
955,955,I,artificial,I,complete,"176 [A, B, C, E, D, F, G, I, H, N, O, M, F, G, H, I]"
956,956,A,artificial,A,complete,"176 [A, B, C, E, D, F, G, I, H, N, O, M, F, G, H, I]"
957,957,H,artificial,H,complete,"177 [A, B, D, C, E, F, G, I, H]"
958,958,I,artificial,I,complete,"177 [A, B, D, C, E, F, G, I, H]"
959,959,G,artificial,G,complete,"177 [A, B, D, C, E, F, G, I, H]"
960,960,F,artificial,F,complete,"177 [A, B, D, C, E, F, G, I, H]"
961,961,D,artificial,D_Dupli,complete,"177 [A, B, D, C, E, F, G, I, H]"
962,962,C,artificial,D_Dupli,complete,"177 [A, B, D, C, E, F, G, I, H]"
963,963,B,artificial,D_Dupli,complete,"177 [A, B, D, C, E, F, G, I, H]"
964,964,A,artificial,A,complete,"177 [A, B, D, C, E, F, G, I, H]"
965,965,E,artificial,D_Dupli,complete,"177 [A, B, D, C, E, F, G, I, H]"
966,966,G,artificial,G,complete,"178 [A, B, C, E, D, F, G, I, H]"
967,967,H,artificial,H,complete,"178 [A, B, C, E, D, F, G, I, H]"
968,968,I,artificial,I,complete,"178 [A, B, C, E, D, F, G, I, H]"
969,969,F,artificial,F,complete,"178 [A, B, C, E, D, F, G, I, H]"
970,970,B,artificial,D_Dupli,complete,"178 [A, B, C, E, D, F, G, I, H]"
971,971,E,artificial,D_Dupli,complete,"178 [A, B, C, E, D, F, G, I, H]"
972,972,C,artificial,D_Dupli,complete,"178 [A, B, C, E, D, F, G, I, H]"
973,973,A,artificial,A,complete,"178 [A, B, C, E, D, F, G, I, H]"
974,974,D,artificial,D_Dupli,complete,"178 [A, B, C, E, D, F, G, I, H]"
975,975,G,artificial,G,complete,"179 [B, A, E, D, C, F, G, H, I, O, M, N, F, G, I, H, N, M, O, F, G, H, I]"
976,976,H,artificial,H,complete,"179 [B, A, E, D, C, F, G, H, I, O, M, N, F, G, I, H, N, M, O, F, G, H, I]"
977,977,I,artificial,I,complete,"179 [B, A, E, D, C, F, G, H, I, O, M, N, F, G, I, H, N, M, O, F, G, H, I]"
978,978,G,artificial,G,complete,"179 [B, A, E, D, C, F, G, H, I, O, M, N, F, G, I, H, N, M, O, F, G, H, I]"
979,979,F,artificial,F,complete,"179 [B, A, E, D, C, F, G, H, I, O, M, N, F, G, I, H, N, M, O, F, G, H, I]"
980,980,O,artificial,O,complete,"179 [B, A, E, D, C, F, G, H, I, O, M, N, F, G, I, H, N, M, O, F, G, H, I]"
981,981,M,artificial,M,complete,"179 [B, A, E, D, C, F, G, H, I, O, M, N, F, G, I, H, N, M, O, F, G, H, I]"
982,982,N,artificial,N,complete,"179 [B, A, E, D, C, F, G, H, I, O, M, N, F, G, I, H, N, M, O, F, G, H, I]"
983,983,H,artificial,H,complete,"179 [B, A, E, D, C, F, G, H, I, O, M, N, F, G, I, H, N, M, O, F, G, H, I]"
984,984,I,artificial,I,complete,"179 [B, A, E, D, C, F, G, H, I, O, M, N, F, G, I, H, N, M, O, F, G, H, I]"
985,985,F,artificial,F,complete,"179 [B, A, E, D, C, F, G, H, I, O, M, N, F, G, I, H, N, M, O, F, G, H, I]"
986,986,A,artificial,A,complete,"179 [B, A, E, D, C, F, G, H, I, O, M, N, F, G, I, H, N, M, O, F, G, H, I]"
987,987,M,artificial,M,complete,"179 [B, A, E, D, C, F, G, H, I, O, M, N, F, G, I, H, N, M, O, F, G, H, I]"
988,988,B,artificial,D_Dupli,complete,"179 [B, A, E, D, C, F, G, H, I, O, M, N, F, G, I, H, N, M, O, F, G, H, I]"
989,989,N,artificial,N,complete,"179 [B, A, E, D, C, F, G, H, I, O, M, N, F, G, I, H, N, M, O, F, G, H, I]"
990,990,D,artificial,D_Dupli,complete,"179 [B, A, E, D, C, F, G, H, I, O, M, N, F, G, I, H, N, M, O, F, G, H, I]"
991,991,C,artificial,D_Dupli,complete,"179 [B, A, E, D, C, F, G, H, I, O, M, N, F, G, I, H, N, M, O, F, G, H, I]"
992,992,E,artificial,D_Dupli,complete,"179 [B, A, E, D, C, F, G, H, I, O, M, N, F, G, I, H, N, M, O, F, G, H, I]"
993,993,G,artificial,G,complete,"179 [B, A, E, D, C, F, G, H, I, O, M, N, F, G, I, H, N, M, O, F, G, H, I]"
994,994,H,artificial,H,complete,"179 [B, A, E, D, C, F, G, H, I, O, M, N, F, G, I, H, N, M, O, F, G, H, I]"
995,995,I,artificial,I,complete,"179 [B, A, E, D, C, F, G, H, I, O, M, N, F, G, I, H, N, M, O, F, G, H, I]"
996,996,O,artificial,O,complete,"179 [B, A, E, D, C, F, G, H, I, O, M, N, F, G, I, H, N, M, O, F, G, H, I]"
997,997,F,artificial,F,complete,"179 [B, A, E, D, C, F, G, H, I, O, M, N, F, G, I, H, N, M, O, F, G, H, I]"
998,998,A,artificial,A,complete,"18 [B, A, E, C, D, F, G, I, H]"
999,999,G,artificial,G,complete,"18 [B, A, E, C, D, F, G, I, H]"
1000,1000,F,artificial,F,complete,"18 [B, A, E, C, D, F, G, I, H]"
1001,1001,D,artificial,D_Dupli,complete,"18 [B, A, E, C, D, F, G, I, H]"
1002,1002,C,artificial,D_Dupli,complete,"18 [B, A, E, C, D, F, G, I, H]"
1003,1003,E,artificial,D_Dupli,complete,"18 [B, A, E, C, D, F, G, I, H]"
1004,1004,B,artificial,D_Dupli,complete,"18 [B, A, E, C, D, F, G, I, H]"
1005,1005,H,artificial,H,complete,"18 [B, A, E, C, D, F, G, I, H]"
1006,1006,I,artificial,I,complete,"18 [B, A, E, C, D, F, G, I, H]"
1007,1007,H,artificial,H,complete,"180 [A, B, D, E, C, F, G, I, H]"
1008,1008,A,artificial,A,complete,"180 [A, B, D, E, C, F, G, I, H]"
1009,1009,B,artificial,D_Dupli,complete,"180 [A, B, D, E, C, F, G, I, H]"
1010,1010,D,artificial,D_Dupli,complete,"180 [A, B, D, E, C, F, G, I, H]"
1011,1011,E,artificial,D_Dupli,complete,"180 [A, B, D, E, C, F, G, I, H]"
1012,1012,F,artificial,F,complete,"180 [A, B, D, E, C, F, G, I, H]"
1013,1013,G,artificial,G,complete,"180 [A, B, D, E, C, F, G, I, H]"
1014,1014,I,artificial,I,complete,"180 [A, B, D, E, C, F, G, I, H]"
1015,1015,C,artificial,D_Dupli,complete,"180 [A, B, D, E, C, F, G, I, H]"
1016,1016,A,artificial,A,complete,"181 [A, B, D, E, C, F, G, I, H]"
1017,1017,D,artificial,D_Dupli,complete,"181 [A, B, D, E, C, F, G, I, H]"
1018,1018,E,artificial,D_Dupli,complete,"181 [A, B, D, E, C, F, G, I, H]"
1019,1019,C,artificial,D_Dupli,complete,"181 [A, B, D, E, C, F, G, I, H]"
1020,1020,F,artificial,F,complete,"181 [A, B, D, E, C, F, G, I, H]"
1021,1021,G,artificial,G,complete,"181 [A, B, D, E, C, F, G, I, H]"
1022,1022,H,artificial,H,complete,"181 [A, B, D, E, C, F, G, I, H]"
1023,1023,I,artificial,I,complete,"181 [A, B, D, E, C, F, G, I, H]"
1024,1024,B,artificial,D_Dupli,complete,"181 [A, B, D, E, C, F, G, I, H]"
1025,1025,A,artificial,A,complete,"182 [A, B, C, E, D, F, G, H, I]"
1026,1026,H,artificial,H,complete,"182 [A, B, C, E, D, F, G, H, I]"
1027,1027,B,artificial,D_Dupli,complete,"182 [A, B, C, E, D, F, G, H, I]"
1028,1028,C,artificial,D_Dupli,complete,"182 [A, B, C, E, D, F, G, H, I]"
1029,1029,I,artificial,I,complete,"182 [A, B, C, E, D, F, G, H, I]"
1030,1030,E,artificial,D_Dupli,complete,"182 [A, B, C, E, D, F, G, H, I]"
1031,1031,D,artificial,D_Dupli,complete,"182 [A, B, C, E, D, F, G, H, I]"
1032,1032,F,artificial,F,complete,"182 [A, B, C, E, D, F, G, H, I]"
1033,1033,G,artificial,G,complete,"182 [A, B, C, E, D, F, G, H, I]"
1034,1034,A,artificial,A,complete,"183 [B, A, E, D, C, F, G, I, H]"
1035,1035,H,artificial,H,complete,"183 [B, A, E, D, C, F, G, I, H]"
1036,1036,I,artificial,I,complete,"183 [B, A, E, D, C, F, G, I, H]"
1037,1037,G,artificial,G,complete,"183 [B, A, E, D, C, F, G, I, H]"
1038,1038,F,artificial,F,complete,"183 [B, A, E, D, C, F, G, I, H]"
1039,1039,D,artificial,D_Dupli,complete,"183 [B, A, E, D, C, F, G, I, H]"
1040,1040,E,artificial,D_Dupli,complete,"183 [B, A, E, D, C, F, G, I, H]"
1041,1041,B,artificial,D_Dupli,complete,"183 [B, A, E, D, C, F, G, I, H]"
1042,1042,C,artificial,D_Dupli,complete,"183 [B, A, E, D, C, F, G, I, H]"
1043,1043,B,artificial,D_Dupli,complete,"184 [A, B, D, C, E, F, G, I, H]"
1044,1044,I,artificial,I,complete,"184 [A, B, D, C, E, F, G, I, H]"
1045,1045,G,artificial,G,complete,"184 [A, B, D, C, E, F, G, I, H]"
1046,1046,F,artificial,F,complete,"184 [A, B, D, C, E, F, G, I, H]"
1047,1047,E,artificial,D_Dupli,complete,"184 [A, B, D, C, E, F, G, I, H]"
1048,1048,C,artificial,D_Dupli,complete,"184 [A, B, D, C, E, F, G, I, H]"
1049,1049,D,artificial,D_Dupli,complete,"184 [A, B, D, C, E, F, G, I, H]"
1050,1050,A,artificial,A,complete,"184 [A, B, D, C, E, F, G, I, H]"
1051,1051,H,artificial,H,complete,"184 [A, B, D, C, E, F, G, I, H]"
1052,1052,H,artificial,H,complete,"185 [A, B, C, D, E, F, G, H, I, N, M, O, F, G, I, H]"
1053,1053,G,artificial,G,complete,"185 [A, B, C, D, E, F, G, H, I, N, M, O, F, G, I, H]"
1054,1054,F,artificial,F,complete,"185 [A, B, C, D, E, F, G, H, I, N, M, O, F, G, I, H]"
1055,1055,I,artificial,I,complete,"185 [A, B, C, D, E, F, G, H, I, N, M, O, F, G, I, H]"
1056,1056,M,artificial,M,complete,"185 [A, B, C, D, E, F, G, H, I, N, M, O, F, G, I, H]"
1057,1057,A,artificial,A,complete,"185 [A, B, C, D, E, F, G, H, I, N, M, O, F, G, I, H]"
1058,1058,B,artificial,D_Dupli,complete,"185 [A, B, C, D, E, F, G, H, I, N, M, O, F, G, I, H]"
1059,1059,C,artificial,D_Dupli,complete,"185 [A, B, C, D, E, F, G, H, I, N, M, O, F, G, I, H]"
1060,1060,D,artificial,D_Dupli,complete,"185 [A, B, C, D, E, F, G, H, I, N, M, O, F, G, I, H]"
1061,1061,E,artificial,D_Dupli,complete,"185 [A, B, C, D, E, F, G, H, I, N, M, O, F, G, I, H]"
1062,1062,F,artificial,F,complete,"185 [A, B, C, D, E, F, G, H, I, N, M, O, F, G, I, H]"
1063,1063,G,artificial,G,complete,"185 [A, B, C, D, E, F, G, H, I, N, M, O, F, G, I, H]"
1064,1064,O,artificial,O,complete,"185 [A, B, C, D, E, F, G, H, I, N, M, O, F, G, I, H]"
1065,1065,N,artificial,N,complete,"185 [A, B, C, D, E, F, G, H, I, N, M, O, F, G, I, H]"
1066,1066,H,artificial,H,complete,"185 [A, B, C, D, E, F, G, H, I, N, M, O, F, G, I, H]"
1067,1067,I,artificial,I,complete,"185 [A, B, C, D, E, F, G, H, I, N, M, O, F, G, I, H]"
1068,1068,D,artificial,D_Dupli,complete,"186 [A, B, C, E, D, F, G, I, H, N, O, M, F, G, I, H]"
1069,1069,G,artificial,G,complete,"186 [A, B, C, E, D, F, G, I, H, N, O, M, F, G, I, H]"
1070,1070,E,artificial,D_Dupli,complete,"186 [A, B, C, E, D, F, G, I, H, N, O, M, F, G, I, H]"
1071,1071,C,artificial,D_Dupli,complete,"186 [A, B, C, E, D, F, G, I, H, N, O, M, F, G, I, H]"
1072,1072,B,artificial,D_Dupli,complete,"186 [A, B, C, E, D, F, G, I, H, N, O, M, F, G, I, H]"
1073,1073,A,artificial,A,complete,"186 [A, B, C, E, D, F, G, I, H, N, O, M, F, G, I, H]"
1074,1074,F,artificial,F,complete,"186 [A, B, C, E, D, F, G, I, H, N, O, M, F, G, I, H]"
1075,1075,I,artificial,I,complete,"186 [A, B, C, E, D, F, G, I, H, N, O, M, F, G, I, H]"
1076,1076,I,artificial,I,complete,"186 [A, B, C, E, D, F, G, I, H, N, O, M, F, G, I, H]"
1077,1077,G,artificial,G,complete,"186 [A, B, C, E, D, F, G, I, H, N, O, M, F, G, I, H]"
1078,1078,F,artificial,F,complete,"186 [A, B, C, E, D, F, G, I, H, N, O, M, F, G, I, H]"
1079,1079,M,artificial,M,complete,"186 [A, B, C, E, D, F, G, I, H, N, O, M, F, G, I, H]"
1080,1080,O,artificial,O,complete,"186 [A, B, C, E, D, F, G, I, H, N, O, M, F, G, I, H]"
1081,1081,N,artificial,N,complete,"186 [A, B, C, E, D, F, G, I, H, N, O, M, F, G, I, H]"
1082,1082,H,artificial,H,complete,"186 [A, B, C, E, D, F, G, I, H, N, O, M, F, G, I, H]"
1083,1083,H,artificial,H,complete,"186 [A, B, C, E, D, F, G, I, H, N, O, M, F, G, I, H]"
1084,1084,H,artificial,H,complete,"187 [B, A, D, E, C, F, G, H, I, M, N, O, F, G, H, I]"
1085,1085,I,artificial,I,complete,"187 [B, A, D, E, C, F, G, H, I, M, N, O, F, G, H, I]"
1086,1086,G,artificial,G,complete,"187 [B, A, D, E, C, F, G, H, I, M, N, O, F, G, H, I]"
1087,1087,H,artificial,H,complete,"187 [B, A, D, E, C, F, G, H, I, M, N, O, F, G, H, I]"
1088,1088,O,artificial,O,complete,"187 [B, A, D, E, C, F, G, H, I, M, N, O, F, G, H, I]"
1089,1089,N,artificial,N,complete,"187 [B, A, D, E, C, F, G, H, I, M, N, O, F, G, H, I]"
1090,1090,M,artificial,M,complete,"187 [B, A, D, E, C, F, G, H, I, M, N, O, F, G, H, I]"
1091,1091,I,artificial,I,complete,"187 [B, A, D, E, C, F, G, H, I, M, N, O, F, G, H, I]"
1092,1092,G,artificial,G,complete,"187 [B, A, D, E, C, F, G, H, I, M, N, O, F, G, H, I]"
1093,1093,F,artificial,F,complete,"187 [B, A, D, E, C, F, G, H, I, M, N, O, F, G, H, I]"
1094,1094,C,artificial,D_Dupli,complete,"187 [B, A, D, E, C, F, G, H, I, M, N, O, F, G, H, I]"
1095,1095,E,artificial,D_Dupli,complete,"187 [B, A, D, E, C, F, G, H, I, M, N, O, F, G, H, I]"
1096,1096,A,artificial,A,complete,"187 [B, A, D, E, C, F, G, H, I, M, N, O, F, G, H, I]"
1097,1097,B,artificial,D_Dupli,complete,"187 [B, A, D, E, C, F, G, H, I, M, N, O, F, G, H, I]"
1098,1098,F,artificial,F,complete,"187 [B, A, D, E, C, F, G, H, I, M, N, O, F, G, H, I]"
1099,1099,D,artificial,D_Dupli,complete,"187 [B, A, D, E, C, F, G, H, I, M, N, O, F, G, H, I]"
1100,1100,I,artificial,I,complete,"188 [B, A, E, D, C, F, G, H, I]"
1101,1101,H,artificial,H,complete,"188 [B, A, E, D, C, F, G, H, I]"
1102,1102,G,artificial,G,complete,"188 [B, A, E, D, C, F, G, H, I]"
1103,1103,F,artificial,F,complete,"188 [B, A, E, D, C, F, G, H, I]"
1104,1104,C,artificial,D_Dupli,complete,"188 [B, A, E, D, C, F, G, H, I]"
1105,1105,D,artificial,D_Dupli,complete,"188 [B, A, E, D, C, F, G, H, I]"
1106,1106,E,artificial,D_Dupli,complete,"188 [B, A, E, D, C, F, G, H, I]"
1107,1107,A,artificial,A,complete,"188 [B, A, E, D, C, F, G, H, I]"
1108,1108,B,artificial,D_Dupli,complete,"188 [B, A, E, D, C, F, G, H, I]"
1109,1109,D,artificial,D_Dupli,complete,"189 [A, B, C, E, D, F, G, H, I]"
1110,1110,I,artificial,I,complete,"189 [A, B, C, E, D, F, G, H, I]"
1111,1111,H,artificial,H,complete,"189 [A, B, C, E, D, F, G, H, I]"
1112,1112,G,artificial,G,complete,"189 [A, B, C, E, D, F, G, H, I]"
1113,1113,F,artificial,F,complete,"189 [A, B, C, E, D, F, G, H, I]"
1114,1114,B,artificial,D_Dupli,complete,"189 [A, B, C, E, D, F, G, H, I]"
1115,1115,E,artificial,D_Dupli,complete,"189 [A, B, C, E, D, F, G, H, I]"
1116,1116,C,artificial,D_Dupli,complete,"189 [A, B, C, E, D, F, G, H, I]"
1117,1117,A,artificial,A,complete,"189 [A, B, C, E, D, F, G, H, I]"
1118,1118,D,artificial,D_Dupli,complete,"19 [A, B, E, C, D, F, G, I, H]"
1119,1119,F,artificial,F,complete,"19 [A, B, E, C, D, F, G, I, H]"
1120,1120,G,artificial,G,complete,"19 [A, B, E, C, D, F, G, I, H]"
1121,1121,A,artificial,A,complete,"19 [A, B, E, C, D, F, G, I, H]"
1122,1122,E,artificial,D_Dupli,complete,"19 [A, B, E, C, D, F, G, I, H]"
1123,1123,B,artificial,D_Dupli,complete,"19 [A, B, E, C, D, F, G, I, H]"
1124,1124,I,artificial,I,complete,"19 [A, B, E, C, D, F, G, I, H]"
1125,1125,C,artificial,D_Dupli,complete,"19 [A, B, E, C, D, F, G, I, H]"
1126,1126,H,artificial,H,complete,"19 [A, B, E, C, D, F, G, I, H]"
1127,1127,A,artificial,A,complete,"190 [A, B, D, C, E, F, G, I, H]"
1128,1128,I,artificial,I,complete,"190 [A, B, D, C, E, F, G, I, H]"
1129,1129,G,artificial,G,complete,"190 [A, B, D, C, E, F, G, I, H]"
1130,1130,F,artificial,F,complete,"190 [A, B, D, C, E, F, G, I, H]"
1131,1131,E,artificial,D_Dupli,complete,"190 [A, B, D, C, E, F, G, I, H]"
1132,1132,C,artificial,D_Dupli,complete,"190 [A, B, D, C, E, F, G, I, H]"
1133,1133,D,artificial,D_Dupli,complete,"190 [A, B, D, C, E, F, G, I, H]"
1134,1134,B,artificial,D_Dupli,complete,"190 [A, B, D, C, E, F, G, I, H]"
1135,1135,H,artificial,H,complete,"190 [A, B, D, C, E, F, G, I, H]"
1136,1136,F,artificial,F,complete,"191 [B, A, C, E, D, F, G, I, H]"
1137,1137,B,artificial,D_Dupli,complete,"191 [B, A, C, E, D, F, G, I, H]"
1138,1138,H,artificial,H,complete,"191 [B, A, C, E, D, F, G, I, H]"
1139,1139,I,artificial,I,complete,"191 [B, A, C, E, D, F, G, I, H]"
1140,1140,G,artificial,G,complete,"191 [B, A, C, E, D, F, G, I, H]"
1141,1141,D,artificial,D_Dupli,complete,"191 [B, A, C, E, D, F, G, I, H]"
1142,1142,E,artificial,D_Dupli,complete,"191 [B, A, C, E, D, F, G, I, H]"
1143,1143,C,artificial,D_Dupli,complete,"191 [B, A, C, E, D, F, G, I, H]"
1144,1144,A,artificial,A,complete,"191 [B, A, C, E, D, F, G, I, H]"
1145,1145,C,artificial,D_Dupli,complete,"192 [A, B, C, D, E, F, G, H, I]"
1146,1146,D,artificial,D_Dupli,complete,"192 [A, B, C, D, E, F, G, H, I]"
1147,1147,E,artificial,D_Dupli,complete,"192 [A, B, C, D, E, F, G, H, I]"
1148,1148,F,artificial,F,complete,"192 [A, B, C, D, E, F, G, H, I]"
1149,1149,G,artificial,G,complete,"192 [A, B, C, D, E, F, G, H, I]"
1150,1150,H,artificial,H,complete,"192 [A, B, C, D, E, F, G, H, I]"
1151,1151,A,artificial,A,complete,"192 [A, B, C, D, E, F, G, H, I]"
1152,1152,B,artificial,D_Dupli,complete,"192 [A, B, C, D, E, F, G, H, I]"
1153,1153,I,artificial,I,complete,"192 [A, B, C, D, E, F, G, H, I]"
1154,1154,A,artificial,A,complete,"193 [A, B, E, C, D, F, G, I, H, J, K, F, G, H, I]"
1155,1155,H,artificial,H,complete,"193 [A, B, E, C, D, F, G, I, H, J, K, F, G, H, I]"
1156,1156,I,artificial,I,complete,"193 [A, B, E, C, D, F, G, I, H, J, K, F, G, H, I]"
1157,1157,H,artificial,H,complete,"193 [A, B, E, C, D, F, G, I, H, J, K, F, G, H, I]"
1158,1158,G,artificial,G,complete,"193 [A, B, E, C, D, F, G, I, H, J, K, F, G, H, I]"
1159,1159,F,artificial,F,complete,"193 [A, B, E, C, D, F, G, I, H, J, K, F, G, H, I]"
1160,1160,K,artificial,K,complete,"193 [A, B, E, C, D, F, G, I, H, J, K, F, G, H, I]"
1161,1161,J,artificial,J,complete,"193 [A, B, E, C, D, F, G, I, H, J, K, F, G, H, I]"
1162,1162,I,artificial,I,complete,"193 [A, B, E, C, D, F, G, I, H, J, K, F, G, H, I]"
1163,1163,E,artificial,D_Dupli,complete,"193 [A, B, E, C, D, F, G, I, H, J, K, F, G, H, I]"
1164,1164,G,artificial,G,complete,"193 [A, B, E, C, D, F, G, I, H, J, K, F, G, H, I]"
1165,1165,F,artificial,F,complete,"193 [A, B, E, C, D, F, G, I, H, J, K, F, G, H, I]"
1166,1166,B,artificial,D_Dupli,complete,"193 [A, B, E, C, D, F, G, I, H, J, K, F, G, H, I]"
1167,1167,C,artificial,D_Dupli,complete,"193 [A, B, E, C, D, F, G, I, H, J, K, F, G, H, I]"
1168,1168,D,artificial,D_Dupli,complete,"193 [A, B, E, C, D, F, G, I, H, J, K, F, G, H, I]"
1169,1169,G,artificial,G,complete,"194 [A, B, D, E, C, F, G, H, I]"
1170,1170,I,artificial,I,complete,"194 [A, B, D, E, C, F, G, H, I]"
1171,1171,H,artificial,H,complete,"194 [A, B, D, E, C, F, G, H, I]"
1172,1172,F,artificial,F,complete,"194 [A, B, D, E, C, F, G, H, I]"
1173,1173,C,artificial,D_Dupli,complete,"194 [A, B, D, E, C, F, G, H, I]"
1174,1174,E,artificial,D_Dupli,complete,"194 [A, B, D, E, C, F, G, H, I]"
1175,1175,D,artificial,D_Dupli,complete,"194 [A, B, D, E, C, F, G, H, I]"
1176,1176,B,artificial,D_Dupli,complete,"194 [A, B, D, E, C, F, G, H, I]"
1177,1177,A,artificial,A,complete,"194 [A, B, D, E, C, F, G, H, I]"
1178,1178,H,artificial,H,complete,"195 [A, B, D, C, E, F, G, H, I, J, K, F, G, H, I]"
1179,1179,G,artificial,G,complete,"195 [A, B, D, C, E, F, G, H, I, J, K, F, G, H, I]"
1180,1180,F,artificial,F,complete,"195 [A, B, D, C, E, F, G, H, I, J, K, F, G, H, I]"
1181,1181,K,artificial,K,complete,"195 [A, B, D, C, E, F, G, H, I, J, K, F, G, H, I]"
1182,1182,J,artificial,J,complete,"195 [A, B, D, C, E, F, G, H, I, J, K, F, G, H, I]"
1183,1183,I,artificial,I,complete,"195 [A, B, D, C, E, F, G, H, I, J, K, F, G, H, I]"
1184,1184,I,artificial,I,complete,"195 [A, B, D, C, E, F, G, H, I, J, K, F, G, H, I]"
1185,1185,H,artificial,H,complete,"195 [A, B, D, C, E, F, G, H, I, J, K, F, G, H, I]"
1186,1186,C,artificial,D_Dupli,complete,"195 [A, B, D, C, E, F, G, H, I, J, K, F, G, H, I]"
1187,1187,F,artificial,F,complete,"195 [A, B, D, C, E, F, G, H, I, J, K, F, G, H, I]"
1188,1188,E,artificial,D_Dupli,complete,"195 [A, B, D, C, E, F, G, H, I, J, K, F, G, H, I]"
1189,1189,D,artificial,D_Dupli,complete,"195 [A, B, D, C, E, F, G, H, I, J, K, F, G, H, I]"
1190,1190,B,artificial,D_Dupli,complete,"195 [A, B, D, C, E, F, G, H, I, J, K, F, G, H, I]"
1191,1191,A,artificial,A,complete,"195 [A, B, D, C, E, F, G, H, I, J, K, F, G, H, I]"
1192,1192,G,artificial,G,complete,"195 [A, B, D, C, E, F, G, H, I, J, K, F, G, H, I]"
1193,1193,I,artificial,I,complete,"196 [B, A, D, E, C, F, G, H, I]"
1194,1194,H,artificial,H,complete,"196 [B, A, D, E, C, F, G, H, I]"
1195,1195,G,artificial,G,complete,"196 [B, A, D, E, C, F, G, H, I]"
1196,1196,F,artificial,F,complete,"196 [B, A, D, E, C, F, G, H, I]"
1197,1197,C,artificial,D_Dupli,complete,"196 [B, A, D, E, C, F, G, H, I]"
1198,1198,D,artificial,D_Dupli,complete,"196 [B, A, D, E, C, F, G, H, I]"
1199,1199,A,artificial,A,complete,"196 [B, A, D, E, C, F, G, H, I]"
1200,1200,B,artificial,D_Dupli,complete,"196 [B, A, D, E, C, F, G, H, I]"
1201,1201,E,artificial,D_Dupli,complete,"196 [B, A, D, E, C, F, G, H, I]"
1202,1202,C,artificial,D_Dupli,complete,"197 [A, B, D, E, C, F, G, I, H, O, N, M, F, G, H, I]"
1203,1203,E,artificial,D_Dupli,complete,"197 [A, B, D, E, C, F, G, I, H, O, N, M, F, G, H, I]"
1204,1204,A,artificial,A,complete,"197 [A, B, D, E, C, F, G, I, H, O, N, M, F, G, H, I]"
1205,1205,B,artificial,D_Dupli,complete,"197 [A, B, D, E, C, F, G, I, H, O, N, M, F, G, H, I]"
1206,1206,D,artificial,D_Dupli,complete,"197 [A, B, D, E, C, F, G, I, H, O, N, M, F, G, H, I]"
1207,1207,F,artificial,F,complete,"197 [A, B, D, E, C, F, G, I, H, O, N, M, F, G, H, I]"
1208,1208,G,artificial,G,complete,"197 [A, B, D, E, C, F, G, I, H, O, N, M, F, G, H, I]"
1209,1209,H,artificial,H,complete,"197 [A, B, D, E, C, F, G, I, H, O, N, M, F, G, H, I]"
1210,1210,I,artificial,I,complete,"197 [A, B, D, E, C, F, G, I, H, O, N, M, F, G, H, I]"
1211,1211,H,artificial,H,complete,"197 [A, B, D, E, C, F, G, I, H, O, N, M, F, G, H, I]"
1212,1212,O,artificial,O,complete,"197 [A, B, D, E, C, F, G, I, H, O, N, M, F, G, H, I]"
1213,1213,N,artificial,N,complete,"197 [A, B, D, E, C, F, G, I, H, O, N, M, F, G, H, I]"
1214,1214,M,artificial,M,complete,"197 [A, B, D, E, C, F, G, I, H, O, N, M, F, G, H, I]"
1215,1215,F,artificial,F,complete,"197 [A, B, D, E, C, F, G, I, H, O, N, M, F, G, H, I]"
1216,1216,G,artificial,G,complete,"197 [A, B, D, E, C, F, G, I, H, O, N, M, F, G, H, I]"
1217,1217,I,artificial,I,complete,"197 [A, B, D, E, C, F, G, I, H, O, N, M, F, G, H, I]"
1218,1218,D,artificial,D_Dupli,complete,"198 [B, A, E, C, D, F, G, I, H, J, K, L, J, K, F, G, I, H]"
1219,1219,F,artificial,F,complete,"198 [B, A, E, C, D, F, G, I, H, J, K, L, J, K, F, G, I, H]"
1220,1220,G,artificial,G,complete,"198 [B, A, E, C, D, F, G, I, H, J, K, L, J, K, F, G, I, H]"
1221,1221,I,artificial,I,complete,"198 [B, A, E, C, D, F, G, I, H, J, K, L, J, K, F, G, I, H]"
1222,1222,L,artificial,L,complete,"198 [B, A, E, C, D, F, G, I, H, J, K, L, J, K, F, G, I, H]"
1223,1223,I,artificial,I,complete,"198 [B, A, E, C, D, F, G, I, H, J, K, L, J, K, F, G, I, H]"
1224,1224,K,artificial,K,complete,"198 [B, A, E, C, D, F, G, I, H, J, K, L, J, K, F, G, I, H]"
1225,1225,C,artificial,D_Dupli,complete,"198 [B, A, E, C, D, F, G, I, H, J, K, L, J, K, F, G, I, H]"
1226,1226,J,artificial,J,complete,"198 [B, A, E, C, D, F, G, I, H, J, K, L, J, K, F, G, I, H]"
1227,1227,K,artificial,K,complete,"198 [B, A, E, C, D, F, G, I, H, J, K, L, J, K, F, G, I, H]"
1228,1228,H,artificial,H,complete,"198 [B, A, E, C, D, F, G, I, H, J, K, L, J, K, F, G, I, H]"
1229,1229,E,artificial,D_Dupli,complete,"198 [B, A, E, C, D, F, G, I, H, J, K, L, J, K, F, G, I, H]"
1230,1230,J,artificial,J,complete,"198 [B, A, E, C, D, F, G, I, H, J, K, L, J, K, F, G, I, H]"
1231,1231,B,artificial,D_Dupli,complete,"198 [B, A, E, C, D, F, G, I, H, J, K, L, J, K, F, G, I, H]"
1232,1232,F,artificial,F,complete,"198 [B, A, E, C, D, F, G, I, H, J, K, L, J, K, F, G, I, H]"
1233,1233,H,artificial,H,complete,"198 [B, A, E, C, D, F, G, I, H, J, K, L, J, K, F, G, I, H]"
1234,1234,A,artificial,A,complete,"198 [B, A, E, C, D, F, G, I, H, J, K, L, J, K, F, G, I, H]"
1235,1235,G,artificial,G,complete,"198 [B, A, E, C, D, F, G, I, H, J, K, L, J, K, F, G, I, H]"
1236,1236,B,artificial,D_Dupli,complete,"199 [A, B, E, D, C, F, G, H, I]"
1237,1237,E,artificial,D_Dupli,complete,"199 [A, B, E, D, C, F, G, H, I]"
1238,1238,D,artificial,D_Dupli,complete,"199 [A, B, E, D, C, F, G, H, I]"
1239,1239,C,artificial,D_Dupli,complete,"199 [A, B, E, D, C, F, G, H, I]"
1240,1240,F,artificial,F,complete,"199 [A, B, E, D, C, F, G, H, I]"
1241,1241,G,artificial,G,complete,"199 [A, B, E, D, C, F, G, H, I]"
1242,1242,H,artificial,H,complete,"199 [A, B, E, D, C, F, G, H, I]"
1243,1243,I,artificial,I,complete,"199 [A, B, E, D, C, F, G, H, I]"
1244,1244,A,artificial,A,complete,"199 [A, B, E, D, C, F, G, H, I]"
1245,1245,A,artificial,A,complete,"2 [A, B, C, D, E, F, G, I, H]"
1246,1246,B,artificial,D_Dupli,complete,"2 [A, B, C, D, E, F, G, I, H]"
1247,1247,C,artificial,D_Dupli,complete,"2 [A, B, C, D, E, F, G, I, H]"
1248,1248,D,artificial,D_Dupli,complete,"2 [A, B, C, D, E, F, G, I, H]"
1249,1249,E,artificial,D_Dupli,complete,"2 [A, B, C, D, E, F, G, I, H]"
1250,1250,F,artificial,F,complete,"2 [A, B, C, D, E, F, G, I, H]"
1251,1251,G,artificial,G,complete,"2 [A, B, C, D, E, F, G, I, H]"
1252,1252,I,artificial,I,complete,"2 [A, B, C, D, E, F, G, I, H]"
1253,1253,H,artificial,H,complete,"2 [A, B, C, D, E, F, G, I, H]"
1254,1254,F,artificial,F,complete,"20 [A, B, D, C, E, F, G, H, I, J, K, F, G, I, H, J, K, F, G, H, I]"
1255,1255,K,artificial,K,complete,"20 [A, B, D, C, E, F, G, H, I, J, K, F, G, I, H, J, K, F, G, H, I]"
1256,1256,J,artificial,J,complete,"20 [A, B, D, C, E, F, G, H, I, J, K, F, G, I, H, J, K, F, G, H, I]"
1257,1257,I,artificial,I,complete,"20 [A, B, D, C, E, F, G, H, I, J, K, F, G, I, H, J, K, F, G, H, I]"
1258,1258,H,artificial,H,complete,"20 [A, B, D, C, E, F, G, H, I, J, K, F, G, I, H, J, K, F, G, H, I]"
1259,1259,B,artificial,D_Dupli,complete,"20 [A, B, D, C, E, F, G, H, I, J, K, F, G, I, H, J, K, F, G, H, I]"
1260,1260,E,artificial,D_Dupli,complete,"20 [A, B, D, C, E, F, G, H, I, J, K, F, G, I, H, J, K, F, G, H, I]"
1261,1261,C,artificial,D_Dupli,complete,"20 [A, B, D, C, E, F, G, H, I, J, K, F, G, I, H, J, K, F, G, H, I]"
1262,1262,D,artificial,D_Dupli,complete,"20 [A, B, D, C, E, F, G, H, I, J, K, F, G, I, H, J, K, F, G, H, I]"
1263,1263,G,artificial,G,complete,"20 [A, B, D, C, E, F, G, H, I, J, K, F, G, I, H, J, K, F, G, H, I]"
1264,1264,A,artificial,A,complete,"20 [A, B, D, C, E, F, G, H, I, J, K, F, G, I, H, J, K, F, G, H, I]"
1265,1265,G,artificial,G,complete,"20 [A, B, D, C, E, F, G, H, I, J, K, F, G, I, H, J, K, F, G, H, I]"
1266,1266,I,artificial,I,complete,"20 [A, B, D, C, E, F, G, H, I, J, K, F, G, I, H, J, K, F, G, H, I]"
1267,1267,F,artificial,F,complete,"20 [A, B, D, C, E, F, G, H, I, J, K, F, G, I, H, J, K, F, G, H, I]"
1268,1268,J,artificial,J,complete,"20 [A, B, D, C, E, F, G, H, I, J, K, F, G, I, H, J, K, F, G, H, I]"
1269,1269,K,artificial,K,complete,"20 [A, B, D, C, E, F, G, H, I, J, K, F, G, I, H, J, K, F, G, H, I]"
1270,1270,F,artificial,F,complete,"20 [A, B, D, C, E, F, G, H, I, J, K, F, G, I, H, J, K, F, G, H, I]"
1271,1271,G,artificial,G,complete,"20 [A, B, D, C, E, F, G, H, I, J, K, F, G, I, H, J, K, F, G, H, I]"
1272,1272,H,artificial,H,complete,"20 [A, B, D, C, E, F, G, H, I, J, K, F, G, I, H, J, K, F, G, H, I]"
1273,1273,I,artificial,I,complete,"20 [A, B, D, C, E, F, G, H, I, J, K, F, G, I, H, J, K, F, G, H, I]"
1274,1274,H,artificial,H,complete,"20 [A, B, D, C, E, F, G, H, I, J, K, F, G, I, H, J, K, F, G, H, I]"
1275,1275,H,artificial,H,complete,"200 [A, B, D, C, E, F, G, H, I]"
1276,1276,G,artificial,G,complete,"200 [A, B, D, C, E, F, G, H, I]"
1277,1277,I,artificial,I,complete,"200 [A, B, D, C, E, F, G, H, I]"
1278,1278,A,artificial,A,complete,"200 [A, B, D, C, E, F, G, H, I]"
1279,1279,C,artificial,D_Dupli,complete,"200 [A, B, D, C, E, F, G, H, I]"
1280,1280,D,artificial,D_Dupli,complete,"200 [A, B, D, C, E, F, G, H, I]"
1281,1281,F,artificial,F,complete,"200 [A, B, D, C, E, F, G, H, I]"
1282,1282,E,artificial,D_Dupli,complete,"200 [A, B, D, C, E, F, G, H, I]"
1283,1283,B,artificial,D_Dupli,complete,"200 [A, B, D, C, E, F, G, H, I]"
1284,1284,B,artificial,D_Dupli,complete,"201 [B, A, C, D, E, F, G, H, I, N, M, O, F, G, I, H]"
1285,1285,I,artificial,I,complete,"201 [B, A, C, D, E, F, G, H, I, N, M, O, F, G, I, H]"
1286,1286,C,artificial,D_Dupli,complete,"201 [B, A, C, D, E, F, G, H, I, N, M, O, F, G, I, H]"
1287,1287,A,artificial,A,complete,"201 [B, A, C, D, E, F, G, H, I, N, M, O, F, G, I, H]"
1288,1288,H,artificial,H,complete,"201 [B, A, C, D, E, F, G, H, I, N, M, O, F, G, I, H]"
1289,1289,I,artificial,I,complete,"201 [B, A, C, D, E, F, G, H, I, N, M, O, F, G, I, H]"
1290,1290,G,artificial,G,complete,"201 [B, A, C, D, E, F, G, H, I, N, M, O, F, G, I, H]"
1291,1291,G,artificial,G,complete,"201 [B, A, C, D, E, F, G, H, I, N, M, O, F, G, I, H]"
1292,1292,O,artificial,O,complete,"201 [B, A, C, D, E, F, G, H, I, N, M, O, F, G, I, H]"
1293,1293,F,artificial,F,complete,"201 [B, A, C, D, E, F, G, H, I, N, M, O, F, G, I, H]"
1294,1294,N,artificial,N,complete,"201 [B, A, C, D, E, F, G, H, I, N, M, O, F, G, I, H]"
1295,1295,H,artificial,H,complete,"201 [B, A, C, D, E, F, G, H, I, N, M, O, F, G, I, H]"
1296,1296,F,artificial,F,complete,"201 [B, A, C, D, E, F, G, H, I, N, M, O, F, G, I, H]"
1297,1297,E,artificial,D_Dupli,complete,"201 [B, A, C, D, E, F, G, H, I, N, M, O, F, G, I, H]"
1298,1298,D,artificial,D_Dupli,complete,"201 [B, A, C, D, E, F, G, H, I, N, M, O, F, G, I, H]"
1299,1299,M,artificial,M,complete,"201 [B, A, C, D, E, F, G, H, I, N, M, O, F, G, I, H]"
1300,1300,I,artificial,I,complete,"202 [A, B, D, E, C, F, G, H, I]"
1301,1301,H,artificial,H,complete,"202 [A, B, D, E, C, F, G, H, I]"
1302,1302,G,artificial,G,complete,"202 [A, B, D, E, C, F, G, H, I]"
1303,1303,F,artificial,F,complete,"202 [A, B, D, E, C, F, G, H, I]"
1304,1304,E,artificial,D_Dupli,complete,"202 [A, B, D, E, C, F, G, H, I]"
1305,1305,D,artificial,D_Dupli,complete,"202 [A, B, D, E, C, F, G, H, I]"
1306,1306,B,artificial,D_Dupli,complete,"202 [A, B, D, E, C, F, G, H, I]"
1307,1307,A,artificial,A,complete,"202 [A, B, D, E, C, F, G, H, I]"
1308,1308,C,artificial,D_Dupli,complete,"202 [A, B, D, E, C, F, G, H, I]"
1309,1309,I,artificial,I,complete,"203 [A, B, C, E, D, F, G, H, I]"
1310,1310,A,artificial,A,complete,"203 [A, B, C, E, D, F, G, H, I]"
1311,1311,B,artificial,D_Dupli,complete,"203 [A, B, C, E, D, F, G, H, I]"
1312,1312,C,artificial,D_Dupli,complete,"203 [A, B, C, E, D, F, G, H, I]"
1313,1313,E,artificial,D_Dupli,complete,"203 [A, B, C, E, D, F, G, H, I]"
1314,1314,D,artificial,D_Dupli,complete,"203 [A, B, C, E, D, F, G, H, I]"
1315,1315,F,artificial,F,complete,"203 [A, B, C, E, D, F, G, H, I]"
1316,1316,G,artificial,G,complete,"203 [A, B, C, E, D, F, G, H, I]"
1317,1317,H,artificial,H,complete,"203 [A, B, C, E, D, F, G, H, I]"
1318,1318,B,artificial,D_Dupli,complete,"204 [A, B, C, D, E, F, G, H, I, N, M, O, F, G, H, I]"
1319,1319,C,artificial,D_Dupli,complete,"204 [A, B, C, D, E, F, G, H, I, N, M, O, F, G, H, I]"
1320,1320,I,artificial,I,complete,"204 [A, B, C, D, E, F, G, H, I, N, M, O, F, G, H, I]"
1321,1321,A,artificial,A,complete,"204 [A, B, C, D, E, F, G, H, I, N, M, O, F, G, H, I]"
1322,1322,F,artificial,F,complete,"204 [A, B, C, D, E, F, G, H, I, N, M, O, F, G, H, I]"
1323,1323,O,artificial,O,complete,"204 [A, B, C, D, E, F, G, H, I, N, M, O, F, G, H, I]"
1324,1324,M,artificial,M,complete,"204 [A, B, C, D, E, F, G, H, I, N, M, O, F, G, H, I]"
1325,1325,N,artificial,N,complete,"204 [A, B, C, D, E, F, G, H, I, N, M, O, F, G, H, I]"
1326,1326,H,artificial,H,complete,"204 [A, B, C, D, E, F, G, H, I, N, M, O, F, G, H, I]"
1327,1327,H,artificial,H,complete,"204 [A, B, C, D, E, F, G, H, I, N, M, O, F, G, H, I]"
1328,1328,G,artificial,G,complete,"204 [A, B, C, D, E, F, G, H, I, N, M, O, F, G, H, I]"
1329,1329,F,artificial,F,complete,"204 [A, B, C, D, E, F, G, H, I, N, M, O, F, G, H, I]"
1330,1330,E,artificial,D_Dupli,complete,"204 [A, B, C, D, E, F, G, H, I, N, M, O, F, G, H, I]"
1331,1331,D,artificial,D_Dupli,complete,"204 [A, B, C, D, E, F, G, H, I, N, M, O, F, G, H, I]"
1332,1332,I,artificial,I,complete,"204 [A, B, C, D, E, F, G, H, I, N, M, O, F, G, H, I]"
1333,1333,G,artificial,G,complete,"204 [A, B, C, D, E, F, G, H, I, N, M, O, F, G, H, I]"
1334,1334,A,artificial,A,complete,"205 [A, B, E, C, D, F, G, I, H]"
1335,1335,B,artificial,D_Dupli,complete,"205 [A, B, E, C, D, F, G, I, H]"
1336,1336,E,artificial,D_Dupli,complete,"205 [A, B, E, C, D, F, G, I, H]"
1337,1337,C,artificial,D_Dupli,complete,"205 [A, B, E, C, D, F, G, I, H]"
1338,1338,D,artificial,D_Dupli,complete,"205 [A, B, E, C, D, F, G, I, H]"
1339,1339,F,artificial,F,complete,"205 [A, B, E, C, D, F, G, I, H]"
1340,1340,G,artificial,G,complete,"205 [A, B, E, C, D, F, G, I, H]"
1341,1341,I,artificial,I,complete,"205 [A, B, E, C, D, F, G, I, H]"
1342,1342,H,artificial,H,complete,"205 [A, B, E, C, D, F, G, I, H]"
1343,1343,F,artificial,F,complete,"206 [B, A, D, C, E, F, G, I, H, O, N, M, F, G, I, H, O, M, N, F, G, I, H, J, K, F, G, I, H]"
1344,1344,I,artificial,I,complete,"206 [B, A, D, C, E, F, G, I, H, O, N, M, F, G, I, H, O, M, N, F, G, I, H, J, K, F, G, I, H]"
1345,1345,B,artificial,D_Dupli,complete,"206 [B, A, D, C, E, F, G, I, H, O, N, M, F, G, I, H, O, M, N, F, G, I, H, J, K, F, G, I, H]"
1346,1346,G,artificial,G,complete,"206 [B, A, D, C, E, F, G, I, H, O, N, M, F, G, I, H, O, M, N, F, G, I, H, J, K, F, G, I, H]"
1347,1347,A,artificial,A,complete,"206 [B, A, D, C, E, F, G, I, H, O, N, M, F, G, I, H, O, M, N, F, G, I, H, J, K, F, G, I, H]"
1348,1348,K,artificial,K,complete,"206 [B, A, D, C, E, F, G, I, H, O, N, M, F, G, I, H, O, M, N, F, G, I, H, J, K, F, G, I, H]"
1349,1349,J,artificial,J,complete,"206 [B, A, D, C, E, F, G, I, H, O, N, M, F, G, I, H, O, M, N, F, G, I, H, J, K, F, G, I, H]"
1350,1350,H,artificial,H,complete,"206 [B, A, D, C, E, F, G, I, H, O, N, M, F, G, I, H, O, M, N, F, G, I, H, J, K, F, G, I, H]"
1351,1351,I,artificial,I,complete,"206 [B, A, D, C, E, F, G, I, H, O, N, M, F, G, I, H, O, M, N, F, G, I, H, J, K, F, G, I, H]"
1352,1352,G,artificial,G,complete,"206 [B, A, D, C, E, F, G, I, H, O, N, M, F, G, I, H, O, M, N, F, G, I, H, J, K, F, G, I, H]"
1353,1353,F,artificial,F,complete,"206 [B, A, D, C, E, F, G, I, H, O, N, M, F, G, I, H, O, M, N, F, G, I, H, J, K, F, G, I, H]"
1354,1354,N,artificial,N,complete,"206 [B, A, D, C, E, F, G, I, H, O, N, M, F, G, I, H, O, M, N, F, G, I, H, J, K, F, G, I, H]"
1355,1355,M,artificial,M,complete,"206 [B, A, D, C, E, F, G, I, H, O, N, M, F, G, I, H, O, M, N, F, G, I, H, J, K, F, G, I, H]"
1356,1356,H,artificial,H,complete,"206 [B, A, D, C, E, F, G, I, H, O, N, M, F, G, I, H, O, M, N, F, G, I, H, J, K, F, G, I, H]"
1357,1357,O,artificial,O,complete,"206 [B, A, D, C, E, F, G, I, H, O, N, M, F, G, I, H, O, M, N, F, G, I, H, J, K, F, G, I, H]"
1358,1358,I,artificial,I,complete,"206 [B, A, D, C, E, F, G, I, H, O, N, M, F, G, I, H, O, M, N, F, G, I, H, J, K, F, G, I, H]"
1359,1359,G,artificial,G,complete,"206 [B, A, D, C, E, F, G, I, H, O, N, M, F, G, I, H, O, M, N, F, G, I, H, J, K, F, G, I, H]"
1360,1360,F,artificial,F,complete,"206 [B, A, D, C, E, F, G, I, H, O, N, M, F, G, I, H, O, M, N, F, G, I, H, J, K, F, G, I, H]"
1361,1361,M,artificial,M,complete,"206 [B, A, D, C, E, F, G, I, H, O, N, M, F, G, I, H, O, M, N, F, G, I, H, J, K, F, G, I, H]"
1362,1362,N,artificial,N,complete,"206 [B, A, D, C, E, F, G, I, H, O, N, M, F, G, I, H, O, M, N, F, G, I, H, J, K, F, G, I, H]"
1363,1363,O,artificial,O,complete,"206 [B, A, D, C, E, F, G, I, H, O, N, M, F, G, I, H, O, M, N, F, G, I, H, J, K, F, G, I, H]"
1364,1364,H,artificial,H,complete,"206 [B, A, D, C, E, F, G, I, H, O, N, M, F, G, I, H, O, M, N, F, G, I, H, J, K, F, G, I, H]"
1365,1365,I,artificial,I,complete,"206 [B, A, D, C, E, F, G, I, H, O, N, M, F, G, I, H, O, M, N, F, G, I, H, J, K, F, G, I, H]"
1366,1366,G,artificial,G,complete,"206 [B, A, D, C, E, F, G, I, H, O, N, M, F, G, I, H, O, M, N, F, G, I, H, J, K, F, G, I, H]"
1367,1367,F,artificial,F,complete,"206 [B, A, D, C, E, F, G, I, H, O, N, M, F, G, I, H, O, M, N, F, G, I, H, J, K, F, G, I, H]"
1368,1368,E,artificial,D_Dupli,complete,"206 [B, A, D, C, E, F, G, I, H, O, N, M, F, G, I, H, O, M, N, F, G, I, H, J, K, F, G, I, H]"
1369,1369,H,artificial,H,complete,"206 [B, A, D, C, E, F, G, I, H, O, N, M, F, G, I, H, O, M, N, F, G, I, H, J, K, F, G, I, H]"
1370,1370,C,artificial,D_Dupli,complete,"206 [B, A, D, C, E, F, G, I, H, O, N, M, F, G, I, H, O, M, N, F, G, I, H, J, K, F, G, I, H]"
1371,1371,D,artificial,D_Dupli,complete,"206 [B, A, D, C, E, F, G, I, H, O, N, M, F, G, I, H, O, M, N, F, G, I, H, J, K, F, G, I, H]"
1372,1372,G,artificial,G,complete,"207 [A, B, D, E, C, F, G, H, I]"
1373,1373,H,artificial,H,complete,"207 [A, B, D, E, C, F, G, H, I]"
1374,1374,A,artificial,A,complete,"207 [A, B, D, E, C, F, G, H, I]"
1375,1375,B,artificial,D_Dupli,complete,"207 [A, B, D, E, C, F, G, H, I]"
1376,1376,C,artificial,D_Dupli,complete,"207 [A, B, D, E, C, F, G, H, I]"
1377,1377,E,artificial,D_Dupli,complete,"207 [A, B, D, E, C, F, G, H, I]"
1378,1378,I,artificial,I,complete,"207 [A, B, D, E, C, F, G, H, I]"
1379,1379,F,artificial,F,complete,"207 [A, B, D, E, C, F, G, H, I]"
1380,1380,D,artificial,D_Dupli,complete,"207 [A, B, D, E, C, F, G, H, I]"
1381,1381,B,artificial,D_Dupli,complete,"208 [B, A, E, C, D, F, G, H, I]"
1382,1382,A,artificial,A,complete,"208 [B, A, E, C, D, F, G, H, I]"
1383,1383,E,artificial,D_Dupli,complete,"208 [B, A, E, C, D, F, G, H, I]"
1384,1384,C,artificial,D_Dupli,complete,"208 [B, A, E, C, D, F, G, H, I]"
1385,1385,D,artificial,D_Dupli,complete,"208 [B, A, E, C, D, F, G, H, I]"
1386,1386,F,artificial,F,complete,"208 [B, A, E, C, D, F, G, H, I]"
1387,1387,G,artificial,G,complete,"208 [B, A, E, C, D, F, G, H, I]"
1388,1388,H,artificial,H,complete,"208 [B, A, E, C, D, F, G, H, I]"
1389,1389,I,artificial,I,complete,"208 [B, A, E, C, D, F, G, H, I]"
1390,1390,I,artificial,I,complete,"209 [A, B, C, D, E, F, G, H, I]"
1391,1391,H,artificial,H,complete,"209 [A, B, C, D, E, F, G, H, I]"
1392,1392,G,artificial,G,complete,"209 [A, B, C, D, E, F, G, H, I]"
1393,1393,D,artificial,D_Dupli,complete,"209 [A, B, C, D, E, F, G, H, I]"
1394,1394,E,artificial,D_Dupli,complete,"209 [A, B, C, D, E, F, G, H, I]"
1395,1395,C,artificial,D_Dupli,complete,"209 [A, B, C, D, E, F, G, H, I]"
1396,1396,B,artificial,D_Dupli,complete,"209 [A, B, C, D, E, F, G, H, I]"
1397,1397,F,artificial,F,complete,"209 [A, B, C, D, E, F, G, H, I]"
1398,1398,A,artificial,A,complete,"209 [A, B, C, D, E, F, G, H, I]"
1399,1399,A,artificial,A,complete,"21 [A, B, E, D, C, F, G, I, H]"
1400,1400,B,artificial,D_Dupli,complete,"21 [A, B, E, D, C, F, G, I, H]"
1401,1401,E,artificial,D_Dupli,complete,"21 [A, B, E, D, C, F, G, I, H]"
1402,1402,D,artificial,D_Dupli,complete,"21 [A, B, E, D, C, F, G, I, H]"
1403,1403,C,artificial,D_Dupli,complete,"21 [A, B, E, D, C, F, G, I, H]"
1404,1404,F,artificial,F,complete,"21 [A, B, E, D, C, F, G, I, H]"
1405,1405,G,artificial,G,complete,"21 [A, B, E, D, C, F, G, I, H]"
1406,1406,H,artificial,H,complete,"21 [A, B, E, D, C, F, G, I, H]"
1407,1407,I,artificial,I,complete,"21 [A, B, E, D, C, F, G, I, H]"
1408,1408,I,artificial,I,complete,"210 [B, A, E, C, D, F, G, H, I]"
1409,1409,B,artificial,D_Dupli,complete,"210 [B, A, E, C, D, F, G, H, I]"
1410,1410,A,artificial,A,complete,"210 [B, A, E, C, D, F, G, H, I]"
1411,1411,E,artificial,D_Dupli,complete,"210 [B, A, E, C, D, F, G, H, I]"
1412,1412,C,artificial,D_Dupli,complete,"210 [B, A, E, C, D, F, G, H, I]"
1413,1413,D,artificial,D_Dupli,complete,"210 [B, A, E, C, D, F, G, H, I]"
1414,1414,F,artificial,F,complete,"210 [B, A, E, C, D, F, G, H, I]"
1415,1415,G,artificial,G,complete,"210 [B, A, E, C, D, F, G, H, I]"
1416,1416,H,artificial,H,complete,"210 [B, A, E, C, D, F, G, H, I]"
1417,1417,I,artificial,I,complete,"211 [B, A, C, D, E, F, G, I, H, J, K, F, G, H, I, J, K, L, J, K, F, G, I, H]"
1418,1418,K,artificial,K,complete,"211 [B, A, C, D, E, F, G, I, H, J, K, F, G, H, I, J, K, L, J, K, F, G, I, H]"
1419,1419,H,artificial,H,complete,"211 [B, A, C, D, E, F, G, I, H, J, K, F, G, H, I, J, K, L, J, K, F, G, I, H]"
1420,1420,I,artificial,I,complete,"211 [B, A, C, D, E, F, G, I, H, J, K, F, G, H, I, J, K, L, J, K, F, G, I, H]"
1421,1421,G,artificial,G,complete,"211 [B, A, C, D, E, F, G, I, H, J, K, F, G, H, I, J, K, L, J, K, F, G, I, H]"
1422,1422,K,artificial,K,complete,"211 [B, A, C, D, E, F, G, I, H, J, K, F, G, H, I, J, K, L, J, K, F, G, I, H]"
1423,1423,J,artificial,J,complete,"211 [B, A, C, D, E, F, G, I, H, J, K, F, G, H, I, J, K, L, J, K, F, G, I, H]"
1424,1424,L,artificial,L,complete,"211 [B, A, C, D, E, F, G, I, H, J, K, F, G, H, I, J, K, L, J, K, F, G, I, H]"
1425,1425,J,artificial,J,complete,"211 [B, A, C, D, E, F, G, I, H, J, K, F, G, H, I, J, K, L, J, K, F, G, I, H]"
1426,1426,H,artificial,H,complete,"211 [B, A, C, D, E, F, G, I, H, J, K, F, G, H, I, J, K, L, J, K, F, G, I, H]"
1427,1427,G,artificial,G,complete,"211 [B, A, C, D, E, F, G, I, H, J, K, F, G, H, I, J, K, L, J, K, F, G, I, H]"
1428,1428,F,artificial,F,complete,"211 [B, A, C, D, E, F, G, I, H, J, K, F, G, H, I, J, K, L, J, K, F, G, I, H]"
1429,1429,F,artificial,F,complete,"211 [B, A, C, D, E, F, G, I, H, J, K, F, G, H, I, J, K, L, J, K, F, G, I, H]"
1430,1430,J,artificial,J,complete,"211 [B, A, C, D, E, F, G, I, H, J, K, F, G, H, I, J, K, L, J, K, F, G, I, H]"
1431,1431,H,artificial,H,complete,"211 [B, A, C, D, E, F, G, I, H, J, K, F, G, H, I, J, K, L, J, K, F, G, I, H]"
1432,1432,I,artificial,I,complete,"211 [B, A, C, D, E, F, G, I, H, J, K, F, G, H, I, J, K, L, J, K, F, G, I, H]"
1433,1433,G,artificial,G,complete,"211 [B, A, C, D, E, F, G, I, H, J, K, F, G, H, I, J, K, L, J, K, F, G, I, H]"
1434,1434,F,artificial,F,complete,"211 [B, A, C, D, E, F, G, I, H, J, K, F, G, H, I, J, K, L, J, K, F, G, I, H]"
1435,1435,E,artificial,D_Dupli,complete,"211 [B, A, C, D, E, F, G, I, H, J, K, F, G, H, I, J, K, L, J, K, F, G, I, H]"
1436,1436,D,artificial,D_Dupli,complete,"211 [B, A, C, D, E, F, G, I, H, J, K, F, G, H, I, J, K, L, J, K, F, G, I, H]"
1437,1437,C,artificial,D_Dupli,complete,"211 [B, A, C, D, E, F, G, I, H, J, K, F, G, H, I, J, K, L, J, K, F, G, I, H]"
1438,1438,A,artificial,A,complete,"211 [B, A, C, D, E, F, G, I, H, J, K, F, G, H, I, J, K, L, J, K, F, G, I, H]"
1439,1439,B,artificial,D_Dupli,complete,"211 [B, A, C, D, E, F, G, I, H, J, K, F, G, H, I, J, K, L, J, K, F, G, I, H]"
1440,1440,K,artificial,K,complete,"211 [B, A, C, D, E, F, G, I, H, J, K, F, G, H, I, J, K, L, J, K, F, G, I, H]"
1441,1441,H,artificial,H,complete,"212 [B, A, E, C, D, F, G, I, H]"
1442,1442,I,artificial,I,complete,"212 [B, A, E, C, D, F, G, I, H]"
1443,1443,G,artificial,G,complete,"212 [B, A, E, C, D, F, G, I, H]"
1444,1444,F,artificial,F,complete,"212 [B, A, E, C, D, F, G, I, H]"
1445,1445,E,artificial,D_Dupli,complete,"212 [B, A, E, C, D, F, G, I, H]"
1446,1446,C,artificial,D_Dupli,complete,"212 [B, A, E, C, D, F, G, I, H]"
1447,1447,A,artificial,A,complete,"212 [B, A, E, C, D, F, G, I, H]"
1448,1448,B,artificial,D_Dupli,complete,"212 [B, A, E, C, D, F, G, I, H]"
1449,1449,D,artificial,D_Dupli,complete,"212 [B, A, E, C, D, F, G, I, H]"
1450,1450,G,artificial,G,complete,"213 [A, B, E, C, D, F, G, H, I]"
1451,1451,A,artificial,A,complete,"213 [A, B, E, C, D, F, G, H, I]"
1452,1452,B,artificial,D_Dupli,complete,"213 [A, B, E, C, D, F, G, H, I]"
1453,1453,E,artificial,D_Dupli,complete,"213 [A, B, E, C, D, F, G, H, I]"
1454,1454,C,artificial,D_Dupli,complete,"213 [A, B, E, C, D, F, G, H, I]"
1455,1455,D,artificial,D_Dupli,complete,"213 [A, B, E, C, D, F, G, H, I]"
1456,1456,F,artificial,F,complete,"213 [A, B, E, C, D, F, G, H, I]"
1457,1457,H,artificial,H,complete,"213 [A, B, E, C, D, F, G, H, I]"
1458,1458,I,artificial,I,complete,"213 [A, B, E, C, D, F, G, H, I]"
1459,1459,B,artificial,D_Dupli,complete,"214 [B, A, E, C, D, F, G, H, I]"
1460,1460,A,artificial,A,complete,"214 [B, A, E, C, D, F, G, H, I]"
1461,1461,E,artificial,D_Dupli,complete,"214 [B, A, E, C, D, F, G, H, I]"
1462,1462,I,artificial,I,complete,"214 [B, A, E, C, D, F, G, H, I]"
1463,1463,H,artificial,H,complete,"214 [B, A, E, C, D, F, G, H, I]"
1464,1464,G,artificial,G,complete,"214 [B, A, E, C, D, F, G, H, I]"
1465,1465,F,artificial,F,complete,"214 [B, A, E, C, D, F, G, H, I]"
1466,1466,D,artificial,D_Dupli,complete,"214 [B, A, E, C, D, F, G, H, I]"
1467,1467,C,artificial,D_Dupli,complete,"214 [B, A, E, C, D, F, G, H, I]"
1468,1468,F,artificial,F,complete,"215 [B, A, C, D, E, F, G, I, H]"
1469,1469,G,artificial,G,complete,"215 [B, A, C, D, E, F, G, I, H]"
1470,1470,I,artificial,I,complete,"215 [B, A, C, D, E, F, G, I, H]"
1471,1471,H,artificial,H,complete,"215 [B, A, C, D, E, F, G, I, H]"
1472,1472,A,artificial,A,complete,"215 [B, A, C, D, E, F, G, I, H]"
1473,1473,C,artificial,D_Dupli,complete,"215 [B, A, C, D, E, F, G, I, H]"
1474,1474,D,artificial,D_Dupli,complete,"215 [B, A, C, D, E, F, G, I, H]"
1475,1475,E,artificial,D_Dupli,complete,"215 [B, A, C, D, E, F, G, I, H]"
1476,1476,B,artificial,D_Dupli,complete,"215 [B, A, C, D, E, F, G, I, H]"
1477,1477,I,artificial,I,complete,"216 [B, A, E, D, C, F, G, H, I, J, K, F, G, I, H, J, K, F, G, H, I, O, N, M, F, G, H, I, J, K, F, G, I, H]"
1478,1478,O,artificial,O,complete,"216 [B, A, E, D, C, F, G, H, I, J, K, F, G, I, H, J, K, F, G, H, I, O, N, M, F, G, H, I, J, K, F, G, I, H]"
1479,1479,N,artificial,N,complete,"216 [B, A, E, D, C, F, G, H, I, J, K, F, G, I, H, J, K, F, G, H, I, O, N, M, F, G, H, I, J, K, F, G, I, H]"
1480,1480,M,artificial,M,complete,"216 [B, A, E, D, C, F, G, H, I, J, K, F, G, I, H, J, K, F, G, H, I, O, N, M, F, G, H, I, J, K, F, G, I, H]"
1481,1481,F,artificial,F,complete,"216 [B, A, E, D, C, F, G, H, I, J, K, F, G, I, H, J, K, F, G, H, I, O, N, M, F, G, H, I, J, K, F, G, I, H]"
1482,1482,G,artificial,G,complete,"216 [B, A, E, D, C, F, G, H, I, J, K, F, G, I, H, J, K, F, G, H, I, O, N, M, F, G, H, I, J, K, F, G, I, H]"
1483,1483,I,artificial,I,complete,"216 [B, A, E, D, C, F, G, H, I, J, K, F, G, I, H, J, K, F, G, H, I, O, N, M, F, G, H, I, J, K, F, G, I, H]"
1484,1484,J,artificial,J,complete,"216 [B, A, E, D, C, F, G, H, I, J, K, F, G, I, H, J, K, F, G, H, I, O, N, M, F, G, H, I, J, K, F, G, I, H]"
1485,1485,K,artificial,K,complete,"216 [B, A, E, D, C, F, G, H, I, J, K, F, G, I, H, J, K, F, G, H, I, O, N, M, F, G, H, I, J, K, F, G, I, H]"
1486,1486,F,artificial,F,complete,"216 [B, A, E, D, C, F, G, H, I, J, K, F, G, I, H, J, K, F, G, H, I, O, N, M, F, G, H, I, J, K, F, G, I, H]"
1487,1487,G,artificial,G,complete,"216 [B, A, E, D, C, F, G, H, I, J, K, F, G, I, H, J, K, F, G, H, I, O, N, M, F, G, H, I, J, K, F, G, I, H]"
1488,1488,I,artificial,I,complete,"216 [B, A, E, D, C, F, G, H, I, J, K, F, G, I, H, J, K, F, G, H, I, O, N, M, F, G, H, I, J, K, F, G, I, H]"
1489,1489,H,artificial,H,complete,"216 [B, A, E, D, C, F, G, H, I, J, K, F, G, I, H, J, K, F, G, H, I, O, N, M, F, G, H, I, J, K, F, G, I, H]"
1490,1490,H,artificial,H,complete,"216 [B, A, E, D, C, F, G, H, I, J, K, F, G, I, H, J, K, F, G, H, I, O, N, M, F, G, H, I, J, K, F, G, I, H]"
1491,1491,H,artificial,H,complete,"216 [B, A, E, D, C, F, G, H, I, J, K, F, G, I, H, J, K, F, G, H, I, O, N, M, F, G, H, I, J, K, F, G, I, H]"
1492,1492,G,artificial,G,complete,"216 [B, A, E, D, C, F, G, H, I, J, K, F, G, I, H, J, K, F, G, H, I, O, N, M, F, G, H, I, J, K, F, G, I, H]"
1493,1493,F,artificial,F,complete,"216 [B, A, E, D, C, F, G, H, I, J, K, F, G, I, H, J, K, F, G, H, I, O, N, M, F, G, H, I, J, K, F, G, I, H]"
1494,1494,K,artificial,K,complete,"216 [B, A, E, D, C, F, G, H, I, J, K, F, G, I, H, J, K, F, G, H, I, O, N, M, F, G, H, I, J, K, F, G, I, H]"
1495,1495,B,artificial,D_Dupli,complete,"216 [B, A, E, D, C, F, G, H, I, J, K, F, G, I, H, J, K, F, G, H, I, O, N, M, F, G, H, I, J, K, F, G, I, H]"
1496,1496,A,artificial,A,complete,"216 [B, A, E, D, C, F, G, H, I, J, K, F, G, I, H, J, K, F, G, H, I, O, N, M, F, G, H, I, J, K, F, G, I, H]"
1497,1497,E,artificial,D_Dupli,complete,"216 [B, A, E, D, C, F, G, H, I, J, K, F, G, I, H, J, K, F, G, H, I, O, N, M, F, G, H, I, J, K, F, G, I, H]"
1498,1498,D,artificial,D_Dupli,complete,"216 [B, A, E, D, C, F, G, H, I, J, K, F, G, I, H, J, K, F, G, H, I, O, N, M, F, G, H, I, J, K, F, G, I, H]"
1499,1499,C,artificial,D_Dupli,complete,"216 [B, A, E, D, C, F, G, H, I, J, K, F, G, I, H, J, K, F, G, H, I, O, N, M, F, G, H, I, J, K, F, G, I, H]"
1500,1500,F,artificial,F,complete,"216 [B, A, E, D, C, F, G, H, I, J, K, F, G, I, H, J, K, F, G, H, I, O, N, M, F, G, H, I, J, K, F, G, I, H]"
1501,1501,G,artificial,G,complete,"216 [B, A, E, D, C, F, G, H, I, J, K, F, G, I, H, J, K, F, G, H, I, O, N, M, F, G, H, I, J, K, F, G, I, H]"
1502,1502,H,artificial,H,complete,"216 [B, A, E, D, C, F, G, H, I, J, K, F, G, I, H, J, K, F, G, H, I, O, N, M, F, G, H, I, J, K, F, G, I, H]"
1503,1503,I,artificial,I,complete,"216 [B, A, E, D, C, F, G, H, I, J, K, F, G, I, H, J, K, F, G, H, I, O, N, M, F, G, H, I, J, K, F, G, I, H]"
1504,1504,F,artificial,F,complete,"216 [B, A, E, D, C, F, G, H, I, J, K, F, G, I, H, J, K, F, G, H, I, O, N, M, F, G, H, I, J, K, F, G, I, H]"
1505,1505,J,artificial,J,complete,"216 [B, A, E, D, C, F, G, H, I, J, K, F, G, I, H, J, K, F, G, H, I, O, N, M, F, G, H, I, J, K, F, G, I, H]"
1506,1506,K,artificial,K,complete,"216 [B, A, E, D, C, F, G, H, I, J, K, F, G, I, H, J, K, F, G, H, I, O, N, M, F, G, H, I, J, K, F, G, I, H]"
1507,1507,G,artificial,G,complete,"216 [B, A, E, D, C, F, G, H, I, J, K, F, G, I, H, J, K, F, G, H, I, O, N, M, F, G, H, I, J, K, F, G, I, H]"
1508,1508,I,artificial,I,complete,"216 [B, A, E, D, C, F, G, H, I, J, K, F, G, I, H, J, K, F, G, H, I, O, N, M, F, G, H, I, J, K, F, G, I, H]"
1509,1509,H,artificial,H,complete,"216 [B, A, E, D, C, F, G, H, I, J, K, F, G, I, H, J, K, F, G, H, I, O, N, M, F, G, H, I, J, K, F, G, I, H]"
1510,1510,J,artificial,J,complete,"216 [B, A, E, D, C, F, G, H, I, J, K, F, G, I, H, J, K, F, G, H, I, O, N, M, F, G, H, I, J, K, F, G, I, H]"
1511,1511,F,artificial,F,complete,"217 [B, A, D, E, C, F, G, I, H]"
1512,1512,G,artificial,G,complete,"217 [B, A, D, E, C, F, G, I, H]"
1513,1513,I,artificial,I,complete,"217 [B, A, D, E, C, F, G, I, H]"
1514,1514,H,artificial,H,complete,"217 [B, A, D, E, C, F, G, I, H]"
1515,1515,C,artificial,D_Dupli,complete,"217 [B, A, D, E, C, F, G, I, H]"
1516,1516,D,artificial,D_Dupli,complete,"217 [B, A, D, E, C, F, G, I, H]"
1517,1517,E,artificial,D_Dupli,complete,"217 [B, A, D, E, C, F, G, I, H]"
1518,1518,B,artificial,D_Dupli,complete,"217 [B, A, D, E, C, F, G, I, H]"
1519,1519,A,artificial,A,complete,"217 [B, A, D, E, C, F, G, I, H]"
1520,1520,I,artificial,I,complete,"218 [B, A, E, C, D, F, G, H, I]"
1521,1521,B,artificial,D_Dupli,complete,"218 [B, A, E, C, D, F, G, H, I]"
1522,1522,A,artificial,A,complete,"218 [B, A, E, C, D, F, G, H, I]"
1523,1523,E,artificial,D_Dupli,complete,"218 [B, A, E, C, D, F, G, H, I]"
1524,1524,C,artificial,D_Dupli,complete,"218 [B, A, E, C, D, F, G, H, I]"
1525,1525,D,artificial,D_Dupli,complete,"218 [B, A, E, C, D, F, G, H, I]"
1526,1526,F,artificial,F,complete,"218 [B, A, E, C, D, F, G, H, I]"
1527,1527,G,artificial,G,complete,"218 [B, A, E, C, D, F, G, H, I]"
1528,1528,H,artificial,H,complete,"218 [B, A, E, C, D, F, G, H, I]"
1529,1529,H,artificial,H,complete,"219 [A, B, D, E, C, F, G, I, H]"
1530,1530,I,artificial,I,complete,"219 [A, B, D, E, C, F, G, I, H]"
1531,1531,G,artificial,G,complete,"219 [A, B, D, E, C, F, G, I, H]"
1532,1532,F,artificial,F,complete,"219 [A, B, D, E, C, F, G, I, H]"
1533,1533,C,artificial,D_Dupli,complete,"219 [A, B, D, E, C, F, G, I, H]"
1534,1534,E,artificial,D_Dupli,complete,"219 [A, B, D, E, C, F, G, I, H]"
1535,1535,A,artificial,A,complete,"219 [A, B, D, E, C, F, G, I, H]"
1536,1536,B,artificial,D_Dupli,complete,"219 [A, B, D, E, C, F, G, I, H]"
1537,1537,D,artificial,D_Dupli,complete,"219 [A, B, D, E, C, F, G, I, H]"
1538,1538,D,artificial,D_Dupli,complete,"22 [B, A, E, C, D, F, G, I, H, J, K, F, G, H, I]"
1539,1539,K,artificial,K,complete,"22 [B, A, E, C, D, F, G, I, H, J, K, F, G, H, I]"
1540,1540,B,artificial,D_Dupli,complete,"22 [B, A, E, C, D, F, G, I, H, J, K, F, G, H, I]"
1541,1541,A,artificial,A,complete,"22 [B, A, E, C, D, F, G, I, H, J, K, F, G, H, I]"
1542,1542,E,artificial,D_Dupli,complete,"22 [B, A, E, C, D, F, G, I, H, J, K, F, G, H, I]"
1543,1543,I,artificial,I,complete,"22 [B, A, E, C, D, F, G, I, H, J, K, F, G, H, I]"
1544,1544,H,artificial,H,complete,"22 [B, A, E, C, D, F, G, I, H, J, K, F, G, H, I]"
1545,1545,J,artificial,J,complete,"22 [B, A, E, C, D, F, G, I, H, J, K, F, G, H, I]"
1546,1546,C,artificial,D_Dupli,complete,"22 [B, A, E, C, D, F, G, I, H, J, K, F, G, H, I]"
1547,1547,F,artificial,F,complete,"22 [B, A, E, C, D, F, G, I, H, J, K, F, G, H, I]"
1548,1548,F,artificial,F,complete,"22 [B, A, E, C, D, F, G, I, H, J, K, F, G, H, I]"
1549,1549,G,artificial,G,complete,"22 [B, A, E, C, D, F, G, I, H, J, K, F, G, H, I]"
1550,1550,H,artificial,H,complete,"22 [B, A, E, C, D, F, G, I, H, J, K, F, G, H, I]"
1551,1551,I,artificial,I,complete,"22 [B, A, E, C, D, F, G, I, H, J, K, F, G, H, I]"
1552,1552,G,artificial,G,complete,"22 [B, A, E, C, D, F, G, I, H, J, K, F, G, H, I]"
1553,1553,E,artificial,D_Dupli,complete,"220 [B, A, C, D, E, F, G, H, I]"
1554,1554,B,artificial,D_Dupli,complete,"220 [B, A, C, D, E, F, G, H, I]"
1555,1555,A,artificial,A,complete,"220 [B, A, C, D, E, F, G, H, I]"
1556,1556,C,artificial,D_Dupli,complete,"220 [B, A, C, D, E, F, G, H, I]"
1557,1557,D,artificial,D_Dupli,complete,"220 [B, A, C, D, E, F, G, H, I]"
1558,1558,F,artificial,F,complete,"220 [B, A, C, D, E, F, G, H, I]"
1559,1559,G,artificial,G,complete,"220 [B, A, C, D, E, F, G, H, I]"
1560,1560,H,artificial,H,complete,"220 [B, A, C, D, E, F, G, H, I]"
1561,1561,I,artificial,I,complete,"220 [B, A, C, D, E, F, G, H, I]"
1562,1562,F,artificial,F,complete,"221 [A, B, C, E, D, F, G, H, I]"
1563,1563,H,artificial,H,complete,"221 [A, B, C, E, D, F, G, H, I]"
1564,1564,A,artificial,A,complete,"221 [A, B, C, E, D, F, G, H, I]"
1565,1565,B,artificial,D_Dupli,complete,"221 [A, B, C, E, D, F, G, H, I]"
1566,1566,C,artificial,D_Dupli,complete,"221 [A, B, C, E, D, F, G, H, I]"
1567,1567,E,artificial,D_Dupli,complete,"221 [A, B, C, E, D, F, G, H, I]"
1568,1568,G,artificial,G,complete,"221 [A, B, C, E, D, F, G, H, I]"
1569,1569,I,artificial,I,complete,"221 [A, B, C, E, D, F, G, H, I]"
1570,1570,D,artificial,D_Dupli,complete,"221 [A, B, C, E, D, F, G, H, I]"
1571,1571,B,artificial,D_Dupli,complete,"222 [B, A, D, C, E, F, G, I, H]"
1572,1572,I,artificial,I,complete,"222 [B, A, D, C, E, F, G, I, H]"
1573,1573,F,artificial,F,complete,"222 [B, A, D, C, E, F, G, I, H]"
1574,1574,E,artificial,D_Dupli,complete,"222 [B, A, D, C, E, F, G, I, H]"
1575,1575,D,artificial,D_Dupli,complete,"222 [B, A, D, C, E, F, G, I, H]"
1576,1576,A,artificial,A,complete,"222 [B, A, D, C, E, F, G, I, H]"
1577,1577,H,artificial,H,complete,"222 [B, A, D, C, E, F, G, I, H]"
1578,1578,C,artificial,D_Dupli,complete,"222 [B, A, D, C, E, F, G, I, H]"
1579,1579,G,artificial,G,complete,"222 [B, A, D, C, E, F, G, I, H]"
1580,1580,B,artificial,D_Dupli,complete,"223 [B, A, C, E, D, F, G, H, I]"
1581,1581,I,artificial,I,complete,"223 [B, A, C, E, D, F, G, H, I]"
1582,1582,H,artificial,H,complete,"223 [B, A, C, E, D, F, G, H, I]"
1583,1583,G,artificial,G,complete,"223 [B, A, C, E, D, F, G, H, I]"
1584,1584,A,artificial,A,complete,"223 [B, A, C, E, D, F, G, H, I]"
1585,1585,D,artificial,D_Dupli,complete,"223 [B, A, C, E, D, F, G, H, I]"
1586,1586,E,artificial,D_Dupli,complete,"223 [B, A, C, E, D, F, G, H, I]"
1587,1587,C,artificial,D_Dupli,complete,"223 [B, A, C, E, D, F, G, H, I]"
1588,1588,F,artificial,F,complete,"223 [B, A, C, E, D, F, G, H, I]"
1589,1589,B,artificial,D_Dupli,complete,"224 [B, A, E, D, C, F, G, I, H]"
1590,1590,A,artificial,A,complete,"224 [B, A, E, D, C, F, G, I, H]"
1591,1591,E,artificial,D_Dupli,complete,"224 [B, A, E, D, C, F, G, I, H]"
1592,1592,D,artificial,D_Dupli,complete,"224 [B, A, E, D, C, F, G, I, H]"
1593,1593,C,artificial,D_Dupli,complete,"224 [B, A, E, D, C, F, G, I, H]"
1594,1594,F,artificial,F,complete,"224 [B, A, E, D, C, F, G, I, H]"
1595,1595,G,artificial,G,complete,"224 [B, A, E, D, C, F, G, I, H]"
1596,1596,I,artificial,I,complete,"224 [B, A, E, D, C, F, G, I, H]"
1597,1597,H,artificial,H,complete,"224 [B, A, E, D, C, F, G, I, H]"
1598,1598,I,artificial,I,complete,"225 [B, A, C, D, E, F, G, I, H]"
1599,1599,G,artificial,G,complete,"225 [B, A, C, D, E, F, G, I, H]"
1600,1600,F,artificial,F,complete,"225 [B, A, C, D, E, F, G, I, H]"
1601,1601,H,artificial,H,complete,"225 [B, A, C, D, E, F, G, I, H]"
1602,1602,D,artificial,D_Dupli,complete,"225 [B, A, C, D, E, F, G, I, H]"
1603,1603,C,artificial,D_Dupli,complete,"225 [B, A, C, D, E, F, G, I, H]"
1604,1604,A,artificial,A,complete,"225 [B, A, C, D, E, F, G, I, H]"
1605,1605,E,artificial,D_Dupli,complete,"225 [B, A, C, D, E, F, G, I, H]"
1606,1606,B,artificial,D_Dupli,complete,"225 [B, A, C, D, E, F, G, I, H]"
1607,1607,H,artificial,H,complete,"226 [A, B, E, C, D, F, G, I, H]"
1608,1608,I,artificial,I,complete,"226 [A, B, E, C, D, F, G, I, H]"
1609,1609,G,artificial,G,complete,"226 [A, B, E, C, D, F, G, I, H]"
1610,1610,F,artificial,F,complete,"226 [A, B, E, C, D, F, G, I, H]"
1611,1611,E,artificial,D_Dupli,complete,"226 [A, B, E, C, D, F, G, I, H]"
1612,1612,C,artificial,D_Dupli,complete,"226 [A, B, E, C, D, F, G, I, H]"
1613,1613,B,artificial,D_Dupli,complete,"226 [A, B, E, C, D, F, G, I, H]"
1614,1614,A,artificial,A,complete,"226 [A, B, E, C, D, F, G, I, H]"
1615,1615,D,artificial,D_Dupli,complete,"226 [A, B, E, C, D, F, G, I, H]"
1616,1616,F,artificial,F,complete,"227 [A, B, D, E, C, F, G, H, I, J, K, F, G, H, I, J, K, L, J, K, L, J, K, F, G, I, H]"
1617,1617,K,artificial,K,complete,"227 [A, B, D, E, C, F, G, H, I, J, K, F, G, H, I, J, K, L, J, K, L, J, K, F, G, I, H]"
1618,1618,J,artificial,J,complete,"227 [A, B, D, E, C, F, G, H, I, J, K, F, G, H, I, J, K, L, J, K, L, J, K, F, G, I, H]"
1619,1619,L,artificial,L,complete,"227 [A, B, D, E, C, F, G, H, I, J, K, F, G, H, I, J, K, L, J, K, L, J, K, F, G, I, H]"
1620,1620,K,artificial,K,complete,"227 [A, B, D, E, C, F, G, H, I, J, K, F, G, H, I, J, K, L, J, K, L, J, K, F, G, I, H]"
1621,1621,J,artificial,J,complete,"227 [A, B, D, E, C, F, G, H, I, J, K, F, G, H, I, J, K, L, J, K, L, J, K, F, G, I, H]"
1622,1622,L,artificial,L,complete,"227 [A, B, D, E, C, F, G, H, I, J, K, F, G, H, I, J, K, L, J, K, L, J, K, F, G, I, H]"
1623,1623,J,artificial,J,complete,"227 [A, B, D, E, C, F, G, H, I, J, K, F, G, H, I, J, K, L, J, K, L, J, K, F, G, I, H]"
1624,1624,I,artificial,I,complete,"227 [A, B, D, E, C, F, G, H, I, J, K, F, G, H, I, J, K, L, J, K, L, J, K, F, G, I, H]"
1625,1625,H,artificial,H,complete,"227 [A, B, D, E, C, F, G, H, I, J, K, F, G, H, I, J, K, L, J, K, L, J, K, F, G, I, H]"
1626,1626,G,artificial,G,complete,"227 [A, B, D, E, C, F, G, H, I, J, K, F, G, H, I, J, K, L, J, K, L, J, K, F, G, I, H]"
1627,1627,F,artificial,F,complete,"227 [A, B, D, E, C, F, G, H, I, J, K, F, G, H, I, J, K, L, J, K, L, J, K, F, G, I, H]"
1628,1628,G,artificial,G,complete,"227 [A, B, D, E, C, F, G, H, I, J, K, F, G, H, I, J, K, L, J, K, L, J, K, F, G, I, H]"
1629,1629,J,artificial,J,complete,"227 [A, B, D, E, C, F, G, H, I, J, K, F, G, H, I, J, K, L, J, K, L, J, K, F, G, I, H]"
1630,1630,K,artificial,K,complete,"227 [A, B, D, E, C, F, G, H, I, J, K, F, G, H, I, J, K, L, J, K, L, J, K, F, G, I, H]"
1631,1631,K,artificial,K,complete,"227 [A, B, D, E, C, F, G, H, I, J, K, F, G, H, I, J, K, L, J, K, L, J, K, F, G, I, H]"
1632,1632,A,artificial,A,complete,"227 [A, B, D, E, C, F, G, H, I, J, K, F, G, H, I, J, K, L, J, K, L, J, K, F, G, I, H]"
1633,1633,H,artificial,H,complete,"227 [A, B, D, E, C, F, G, H, I, J, K, F, G, H, I, J, K, L, J, K, L, J, K, F, G, I, H]"
1634,1634,H,artificial,H,complete,"227 [A, B, D, E, C, F, G, H, I, J, K, F, G, H, I, J, K, L, J, K, L, J, K, F, G, I, H]"
1635,1635,B,artificial,D_Dupli,complete,"227 [A, B, D, E, C, F, G, H, I, J, K, F, G, H, I, J, K, L, J, K, L, J, K, F, G, I, H]"
1636,1636,D,artificial,D_Dupli,complete,"227 [A, B, D, E, C, F, G, H, I, J, K, F, G, H, I, J, K, L, J, K, L, J, K, F, G, I, H]"
1637,1637,E,artificial,D_Dupli,complete,"227 [A, B, D, E, C, F, G, H, I, J, K, F, G, H, I, J, K, L, J, K, L, J, K, F, G, I, H]"
1638,1638,C,artificial,D_Dupli,complete,"227 [A, B, D, E, C, F, G, H, I, J, K, F, G, H, I, J, K, L, J, K, L, J, K, F, G, I, H]"
1639,1639,F,artificial,F,complete,"227 [A, B, D, E, C, F, G, H, I, J, K, F, G, H, I, J, K, L, J, K, L, J, K, F, G, I, H]"
1640,1640,G,artificial,G,complete,"227 [A, B, D, E, C, F, G, H, I, J, K, F, G, H, I, J, K, L, J, K, L, J, K, F, G, I, H]"
1641,1641,I,artificial,I,complete,"227 [A, B, D, E, C, F, G, H, I, J, K, F, G, H, I, J, K, L, J, K, L, J, K, F, G, I, H]"
1642,1642,I,artificial,I,complete,"227 [A, B, D, E, C, F, G, H, I, J, K, F, G, H, I, J, K, L, J, K, L, J, K, F, G, I, H]"
1643,1643,H,artificial,H,complete,"228 [B, A, E, C, D, F, G, H, I]"
1644,1644,G,artificial,G,complete,"228 [B, A, E, C, D, F, G, H, I]"
1645,1645,F,artificial,F,complete,"228 [B, A, E, C, D, F, G, H, I]"
1646,1646,D,artificial,D_Dupli,complete,"228 [B, A, E, C, D, F, G, H, I]"
1647,1647,C,artificial,D_Dupli,complete,"228 [B, A, E, C, D, F, G, H, I]"
1648,1648,A,artificial,A,complete,"228 [B, A, E, C, D, F, G, H, I]"
1649,1649,B,artificial,D_Dupli,complete,"228 [B, A, E, C, D, F, G, H, I]"
1650,1650,I,artificial,I,complete,"228 [B, A, E, C, D, F, G, H, I]"
1651,1651,E,artificial,D_Dupli,complete,"228 [B, A, E, C, D, F, G, H, I]"
1652,1652,E,artificial,D_Dupli,complete,"229 [B, A, C, D, E, F, G, I, H]"
1653,1653,B,artificial,D_Dupli,complete,"229 [B, A, C, D, E, F, G, I, H]"
1654,1654,H,artificial,H,complete,"229 [B, A, C, D, E, F, G, I, H]"
1655,1655,I,artificial,I,complete,"229 [B, A, C, D, E, F, G, I, H]"
1656,1656,G,artificial,G,complete,"229 [B, A, C, D, E, F, G, I, H]"
1657,1657,F,artificial,F,complete,"229 [B, A, C, D, E, F, G, I, H]"
1658,1658,A,artificial,A,complete,"229 [B, A, C, D, E, F, G, I, H]"
1659,1659,D,artificial,D_Dupli,complete,"229 [B, A, C, D, E, F, G, I, H]"
1660,1660,C,artificial,D_Dupli,complete,"229 [B, A, C, D, E, F, G, I, H]"
1661,1661,E,artificial,D_Dupli,complete,"23 [B, A, D, E, C, F, G, I, H]"
1662,1662,B,artificial,D_Dupli,complete,"23 [B, A, D, E, C, F, G, I, H]"
1663,1663,F,artificial,F,complete,"23 [B, A, D, E, C, F, G, I, H]"
1664,1664,G,artificial,G,complete,"23 [B, A, D, E, C, F, G, I, H]"
1665,1665,I,artificial,I,complete,"23 [B, A, D, E, C, F, G, I, H]"
1666,1666,H,artificial,H,complete,"23 [B, A, D, E, C, F, G, I, H]"
1667,1667,C,artificial,D_Dupli,complete,"23 [B, A, D, E, C, F, G, I, H]"
1668,1668,D,artificial,D_Dupli,complete,"23 [B, A, D, E, C, F, G, I, H]"
1669,1669,A,artificial,A,complete,"23 [B, A, D, E, C, F, G, I, H]"
1670,1670,B,artificial,D_Dupli,complete,"230 [B, A, C, E, D, F, G, H, I]"
1671,1671,A,artificial,A,complete,"230 [B, A, C, E, D, F, G, H, I]"
1672,1672,C,artificial,D_Dupli,complete,"230 [B, A, C, E, D, F, G, H, I]"
1673,1673,E,artificial,D_Dupli,complete,"230 [B, A, C, E, D, F, G, H, I]"
1674,1674,D,artificial,D_Dupli,complete,"230 [B, A, C, E, D, F, G, H, I]"
1675,1675,F,artificial,F,complete,"230 [B, A, C, E, D, F, G, H, I]"
1676,1676,G,artificial,G,complete,"230 [B, A, C, E, D, F, G, H, I]"
1677,1677,I,artificial,I,complete,"230 [B, A, C, E, D, F, G, H, I]"
1678,1678,H,artificial,H,complete,"230 [B, A, C, E, D, F, G, H, I]"
1679,1679,B,artificial,D_Dupli,complete,"231 [B, A, E, D, C, F, G, H, I]"
1680,1680,I,artificial,I,complete,"231 [B, A, E, D, C, F, G, H, I]"
1681,1681,H,artificial,H,complete,"231 [B, A, E, D, C, F, G, H, I]"
1682,1682,G,artificial,G,complete,"231 [B, A, E, D, C, F, G, H, I]"
1683,1683,A,artificial,A,complete,"231 [B, A, E, D, C, F, G, H, I]"
1684,1684,C,artificial,D_Dupli,complete,"231 [B, A, E, D, C, F, G, H, I]"
1685,1685,D,artificial,D_Dupli,complete,"231 [B, A, E, D, C, F, G, H, I]"
1686,1686,E,artificial,D_Dupli,complete,"231 [B, A, E, D, C, F, G, H, I]"
1687,1687,F,artificial,F,complete,"231 [B, A, E, D, C, F, G, H, I]"
1688,1688,B,artificial,D_Dupli,complete,"232 [A, B, E, D, C, F, G, H, I]"
1689,1689,D,artificial,D_Dupli,complete,"232 [A, B, E, D, C, F, G, H, I]"
1690,1690,C,artificial,D_Dupli,complete,"232 [A, B, E, D, C, F, G, H, I]"
1691,1691,F,artificial,F,complete,"232 [A, B, E, D, C, F, G, H, I]"
1692,1692,G,artificial,G,complete,"232 [A, B, E, D, C, F, G, H, I]"
1693,1693,H,artificial,H,complete,"232 [A, B, E, D, C, F, G, H, I]"
1694,1694,I,artificial,I,complete,"232 [A, B, E, D, C, F, G, H, I]"
1695,1695,A,artificial,A,complete,"232 [A, B, E, D, C, F, G, H, I]"
1696,1696,E,artificial,D_Dupli,complete,"232 [A, B, E, D, C, F, G, H, I]"
1697,1697,G,artificial,G,complete,"233 [A, B, C, D, E, F, G, I, H]"
1698,1698,H,artificial,H,complete,"233 [A, B, C, D, E, F, G, I, H]"
1699,1699,I,artificial,I,complete,"233 [A, B, C, D, E, F, G, I, H]"
1700,1700,F,artificial,F,complete,"233 [A, B, C, D, E, F, G, I, H]"
1701,1701,E,artificial,D_Dupli,complete,"233 [A, B, C, D, E, F, G, I, H]"
1702,1702,D,artificial,D_Dupli,complete,"233 [A, B, C, D, E, F, G, I, H]"
1703,1703,C,artificial,D_Dupli,complete,"233 [A, B, C, D, E, F, G, I, H]"
1704,1704,B,artificial,D_Dupli,complete,"233 [A, B, C, D, E, F, G, I, H]"
1705,1705,A,artificial,A,complete,"233 [A, B, C, D, E, F, G, I, H]"
1706,1706,C,artificial,D_Dupli,complete,"234 [A, B, C, D, E, F, G, H, I]"
1707,1707,D,artificial,D_Dupli,complete,"234 [A, B, C, D, E, F, G, H, I]"
1708,1708,E,artificial,D_Dupli,complete,"234 [A, B, C, D, E, F, G, H, I]"
1709,1709,F,artificial,F,complete,"234 [A, B, C, D, E, F, G, H, I]"
1710,1710,G,artificial,G,complete,"234 [A, B, C, D, E, F, G, H, I]"
1711,1711,H,artificial,H,complete,"234 [A, B, C, D, E, F, G, H, I]"
1712,1712,I,artificial,I,complete,"234 [A, B, C, D, E, F, G, H, I]"
1713,1713,A,artificial,A,complete,"234 [A, B, C, D, E, F, G, H, I]"
1714,1714,B,artificial,D_Dupli,complete,"234 [A, B, C, D, E, F, G, H, I]"
1715,1715,A,artificial,A,complete,"235 [A, B, C, E, D, F, G, I, H]"
1716,1716,B,artificial,D_Dupli,complete,"235 [A, B, C, E, D, F, G, I, H]"
1717,1717,C,artificial,D_Dupli,complete,"235 [A, B, C, E, D, F, G, I, H]"
1718,1718,E,artificial,D_Dupli,complete,"235 [A, B, C, E, D, F, G, I, H]"
1719,1719,D,artificial,D_Dupli,complete,"235 [A, B, C, E, D, F, G, I, H]"
1720,1720,F,artificial,F,complete,"235 [A, B, C, E, D, F, G, I, H]"
1721,1721,G,artificial,G,complete,"235 [A, B, C, E, D, F, G, I, H]"
1722,1722,I,artificial,I,complete,"235 [A, B, C, E, D, F, G, I, H]"
1723,1723,H,artificial,H,complete,"235 [A, B, C, E, D, F, G, I, H]"
1724,1724,B,artificial,D_Dupli,complete,"236 [B, A, C, E, D, F, G, H, I]"
1725,1725,A,artificial,A,complete,"236 [B, A, C, E, D, F, G, H, I]"
1726,1726,C,artificial,D_Dupli,complete,"236 [B, A, C, E, D, F, G, H, I]"
1727,1727,F,artificial,F,complete,"236 [B, A, C, E, D, F, G, H, I]"
1728,1728,G,artificial,G,complete,"236 [B, A, C, E, D, F, G, H, I]"
1729,1729,H,artificial,H,complete,"236 [B, A, C, E, D, F, G, H, I]"
1730,1730,I,artificial,I,complete,"236 [B, A, C, E, D, F, G, H, I]"
1731,1731,E,artificial,D_Dupli,complete,"236 [B, A, C, E, D, F, G, H, I]"
1732,1732,D,artificial,D_Dupli,complete,"236 [B, A, C, E, D, F, G, H, I]"
1733,1733,B,artificial,D_Dupli,complete,"237 [B, A, E, D, C, F, G, H, I, J, K, F, G, I, H, O, N, M, F, G, I, H]"
1734,1734,A,artificial,A,complete,"237 [B, A, E, D, C, F, G, H, I, J, K, F, G, I, H, O, N, M, F, G, I, H]"
1735,1735,K,artificial,K,complete,"237 [B, A, E, D, C, F, G, H, I, J, K, F, G, I, H, O, N, M, F, G, I, H]"
1736,1736,C,artificial,D_Dupli,complete,"237 [B, A, E, D, C, F, G, H, I, J, K, F, G, I, H, O, N, M, F, G, I, H]"
1737,1737,F,artificial,F,complete,"237 [B, A, E, D, C, F, G, H, I, J, K, F, G, I, H, O, N, M, F, G, I, H]"
1738,1738,G,artificial,G,complete,"237 [B, A, E, D, C, F, G, H, I, J, K, F, G, I, H, O, N, M, F, G, I, H]"
1739,1739,H,artificial,H,complete,"237 [B, A, E, D, C, F, G, H, I, J, K, F, G, I, H, O, N, M, F, G, I, H]"
1740,1740,I,artificial,I,complete,"237 [B, A, E, D, C, F, G, H, I, J, K, F, G, I, H, O, N, M, F, G, I, H]"
1741,1741,J,artificial,J,complete,"237 [B, A, E, D, C, F, G, H, I, J, K, F, G, I, H, O, N, M, F, G, I, H]"
1742,1742,E,artificial,D_Dupli,complete,"237 [B, A, E, D, C, F, G, H, I, J, K, F, G, I, H, O, N, M, F, G, I, H]"
1743,1743,D,artificial,D_Dupli,complete,"237 [B, A, E, D, C, F, G, H, I, J, K, F, G, I, H, O, N, M, F, G, I, H]"
1744,1744,H,artificial,H,complete,"237 [B, A, E, D, C, F, G, H, I, J, K, F, G, I, H, O, N, M, F, G, I, H]"
1745,1745,F,artificial,F,complete,"237 [B, A, E, D, C, F, G, H, I, J, K, F, G, I, H, O, N, M, F, G, I, H]"
1746,1746,O,artificial,O,complete,"237 [B, A, E, D, C, F, G, H, I, J, K, F, G, I, H, O, N, M, F, G, I, H]"
1747,1747,N,artificial,N,complete,"237 [B, A, E, D, C, F, G, H, I, J, K, F, G, I, H, O, N, M, F, G, I, H]"
1748,1748,M,artificial,M,complete,"237 [B, A, E, D, C, F, G, H, I, J, K, F, G, I, H, O, N, M, F, G, I, H]"
1749,1749,F,artificial,F,complete,"237 [B, A, E, D, C, F, G, H, I, J, K, F, G, I, H, O, N, M, F, G, I, H]"
1750,1750,G,artificial,G,complete,"237 [B, A, E, D, C, F, G, H, I, J, K, F, G, I, H, O, N, M, F, G, I, H]"
1751,1751,I,artificial,I,complete,"237 [B, A, E, D, C, F, G, H, I, J, K, F, G, I, H, O, N, M, F, G, I, H]"
1752,1752,H,artificial,H,complete,"237 [B, A, E, D, C, F, G, H, I, J, K, F, G, I, H, O, N, M, F, G, I, H]"
1753,1753,G,artificial,G,complete,"237 [B, A, E, D, C, F, G, H, I, J, K, F, G, I, H, O, N, M, F, G, I, H]"
1754,1754,I,artificial,I,complete,"237 [B, A, E, D, C, F, G, H, I, J, K, F, G, I, H, O, N, M, F, G, I, H]"
1755,1755,E,artificial,D_Dupli,complete,"238 [A, B, E, C, D, F, G, I, H]"
1756,1756,C,artificial,D_Dupli,complete,"238 [A, B, E, C, D, F, G, I, H]"
1757,1757,D,artificial,D_Dupli,complete,"238 [A, B, E, C, D, F, G, I, H]"
1758,1758,F,artificial,F,complete,"238 [A, B, E, C, D, F, G, I, H]"
1759,1759,G,artificial,G,complete,"238 [A, B, E, C, D, F, G, I, H]"
1760,1760,I,artificial,I,complete,"238 [A, B, E, C, D, F, G, I, H]"
1761,1761,H,artificial,H,complete,"238 [A, B, E, C, D, F, G, I, H]"
1762,1762,A,artificial,A,complete,"238 [A, B, E, C, D, F, G, I, H]"
1763,1763,B,artificial,D_Dupli,complete,"238 [A, B, E, C, D, F, G, I, H]"
1764,1764,D,artificial,D_Dupli,complete,"239 [B, A, E, D, C, F, G, I, H]"
1765,1765,G,artificial,G,complete,"239 [B, A, E, D, C, F, G, I, H]"
1766,1766,F,artificial,F,complete,"239 [B, A, E, D, C, F, G, I, H]"
1767,1767,C,artificial,D_Dupli,complete,"239 [B, A, E, D, C, F, G, I, H]"
1768,1768,E,artificial,D_Dupli,complete,"239 [B, A, E, D, C, F, G, I, H]"
1769,1769,A,artificial,A,complete,"239 [B, A, E, D, C, F, G, I, H]"
1770,1770,B,artificial,D_Dupli,complete,"239 [B, A, E, D, C, F, G, I, H]"
1771,1771,I,artificial,I,complete,"239 [B, A, E, D, C, F, G, I, H]"
1772,1772,H,artificial,H,complete,"239 [B, A, E, D, C, F, G, I, H]"
1773,1773,F,artificial,F,complete,"24 [B, A, C, D, E, F, G, H, I]"
1774,1774,H,artificial,H,complete,"24 [B, A, C, D, E, F, G, H, I]"
1775,1775,G,artificial,G,complete,"24 [B, A, C, D, E, F, G, H, I]"
1776,1776,B,artificial,D_Dupli,complete,"24 [B, A, C, D, E, F, G, H, I]"
1777,1777,E,artificial,D_Dupli,complete,"24 [B, A, C, D, E, F, G, H, I]"
1778,1778,D,artificial,D_Dupli,complete,"24 [B, A, C, D, E, F, G, H, I]"
1779,1779,C,artificial,D_Dupli,complete,"24 [B, A, C, D, E, F, G, H, I]"
1780,1780,A,artificial,A,complete,"24 [B, A, C, D, E, F, G, H, I]"
1781,1781,I,artificial,I,complete,"24 [B, A, C, D, E, F, G, H, I]"
1782,1782,I,artificial,I,complete,"240 [A, B, C, E, D, F, G, H, I]"
1783,1783,H,artificial,H,complete,"240 [A, B, C, E, D, F, G, H, I]"
1784,1784,C,artificial,D_Dupli,complete,"240 [A, B, C, E, D, F, G, H, I]"
1785,1785,G,artificial,G,complete,"240 [A, B, C, E, D, F, G, H, I]"
1786,1786,F,artificial,F,complete,"240 [A, B, C, E, D, F, G, H, I]"
1787,1787,E,artificial,D_Dupli,complete,"240 [A, B, C, E, D, F, G, H, I]"
1788,1788,B,artificial,D_Dupli,complete,"240 [A, B, C, E, D, F, G, H, I]"
1789,1789,D,artificial,D_Dupli,complete,"240 [A, B, C, E, D, F, G, H, I]"
1790,1790,A,artificial,A,complete,"240 [A, B, C, E, D, F, G, H, I]"
1791,1791,F,artificial,F,complete,"241 [A, B, D, E, C, F, G, H, I]"
1792,1792,I,artificial,I,complete,"241 [A, B, D, E, C, F, G, H, I]"
1793,1793,A,artificial,A,complete,"241 [A, B, D, E, C, F, G, H, I]"
1794,1794,B,artificial,D_Dupli,complete,"241 [A, B, D, E, C, F, G, H, I]"
1795,1795,D,artificial,D_Dupli,complete,"241 [A, B, D, E, C, F, G, H, I]"
1796,1796,E,artificial,D_Dupli,complete,"241 [A, B, D, E, C, F, G, H, I]"
1797,1797,C,artificial,D_Dupli,complete,"241 [A, B, D, E, C, F, G, H, I]"
1798,1798,H,artificial,H,complete,"241 [A, B, D, E, C, F, G, H, I]"
1799,1799,G,artificial,G,complete,"241 [A, B, D, E, C, F, G, H, I]"
1800,1800,B,artificial,D_Dupli,complete,"242 [B, A, C, E, D, F, G, H, I]"
1801,1801,C,artificial,D_Dupli,complete,"242 [B, A, C, E, D, F, G, H, I]"
1802,1802,E,artificial,D_Dupli,complete,"242 [B, A, C, E, D, F, G, H, I]"
1803,1803,D,artificial,D_Dupli,complete,"242 [B, A, C, E, D, F, G, H, I]"
1804,1804,F,artificial,F,complete,"242 [B, A, C, E, D, F, G, H, I]"
1805,1805,G,artificial,G,complete,"242 [B, A, C, E, D, F, G, H, I]"
1806,1806,A,artificial,A,complete,"242 [B, A, C, E, D, F, G, H, I]"
1807,1807,H,artificial,H,complete,"242 [B, A, C, E, D, F, G, H, I]"
1808,1808,I,artificial,I,complete,"242 [B, A, C, E, D, F, G, H, I]"
1809,1809,A,artificial,A,complete,"243 [B, A, D, C, E, F, G, H, I]"
1810,1810,D,artificial,D_Dupli,complete,"243 [B, A, D, C, E, F, G, H, I]"
1811,1811,B,artificial,D_Dupli,complete,"243 [B, A, D, C, E, F, G, H, I]"
1812,1812,C,artificial,D_Dupli,complete,"243 [B, A, D, C, E, F, G, H, I]"
1813,1813,F,artificial,F,complete,"243 [B, A, D, C, E, F, G, H, I]"
1814,1814,G,artificial,G,complete,"243 [B, A, D, C, E, F, G, H, I]"
1815,1815,H,artificial,H,complete,"243 [B, A, D, C, E, F, G, H, I]"
1816,1816,I,artificial,I,complete,"243 [B, A, D, C, E, F, G, H, I]"
1817,1817,E,artificial,D_Dupli,complete,"243 [B, A, D, C, E, F, G, H, I]"
1818,1818,F,artificial,F,complete,"244 [B, A, C, D, E, F, G, H, I]"
1819,1819,G,artificial,G,complete,"244 [B, A, C, D, E, F, G, H, I]"
1820,1820,E,artificial,D_Dupli,complete,"244 [B, A, C, D, E, F, G, H, I]"
1821,1821,D,artificial,D_Dupli,complete,"244 [B, A, C, D, E, F, G, H, I]"
1822,1822,C,artificial,D_Dupli,complete,"244 [B, A, C, D, E, F, G, H, I]"
1823,1823,A,artificial,A,complete,"244 [B, A, C, D, E, F, G, H, I]"
1824,1824,H,artificial,H,complete,"244 [B, A, C, D, E, F, G, H, I]"
1825,1825,B,artificial,D_Dupli,complete,"244 [B, A, C, D, E, F, G, H, I]"
1826,1826,I,artificial,I,complete,"244 [B, A, C, D, E, F, G, H, I]"
1827,1827,D,artificial,D_Dupli,complete,"245 [B, A, C, D, E, F, G, H, I]"
1828,1828,E,artificial,D_Dupli,complete,"245 [B, A, C, D, E, F, G, H, I]"
1829,1829,F,artificial,F,complete,"245 [B, A, C, D, E, F, G, H, I]"
1830,1830,G,artificial,G,complete,"245 [B, A, C, D, E, F, G, H, I]"
1831,1831,H,artificial,H,complete,"245 [B, A, C, D, E, F, G, H, I]"
1832,1832,B,artificial,D_Dupli,complete,"245 [B, A, C, D, E, F, G, H, I]"
1833,1833,I,artificial,I,complete,"245 [B, A, C, D, E, F, G, H, I]"
1834,1834,C,artificial,D_Dupli,complete,"245 [B, A, C, D, E, F, G, H, I]"
1835,1835,A,artificial,A,complete,"245 [B, A, C, D, E, F, G, H, I]"
1836,1836,E,artificial,D_Dupli,complete,"246 [A, B, E, D, C, F, G, H, I]"
1837,1837,D,artificial,D_Dupli,complete,"246 [A, B, E, D, C, F, G, H, I]"
1838,1838,C,artificial,D_Dupli,complete,"246 [A, B, E, D, C, F, G, H, I]"
1839,1839,F,artificial,F,complete,"246 [A, B, E, D, C, F, G, H, I]"
1840,1840,G,artificial,G,complete,"246 [A, B, E, D, C, F, G, H, I]"
1841,1841,H,artificial,H,complete,"246 [A, B, E, D, C, F, G, H, I]"
1842,1842,I,artificial,I,complete,"246 [A, B, E, D, C, F, G, H, I]"
1843,1843,A,artificial,A,complete,"246 [A, B, E, D, C, F, G, H, I]"
1844,1844,B,artificial,D_Dupli,complete,"246 [A, B, E, D, C, F, G, H, I]"
1845,1845,G,artificial,G,complete,"247 [B, A, E, D, C, F, G, H, I, N, M, O, F, G, H, I]"
1846,1846,I,artificial,I,complete,"247 [B, A, E, D, C, F, G, H, I, N, M, O, F, G, H, I]"
1847,1847,I,artificial,I,complete,"247 [B, A, E, D, C, F, G, H, I, N, M, O, F, G, H, I]"
1848,1848,H,artificial,H,complete,"247 [B, A, E, D, C, F, G, H, I, N, M, O, F, G, H, I]"
1849,1849,G,artificial,G,complete,"247 [B, A, E, D, C, F, G, H, I, N, M, O, F, G, H, I]"
1850,1850,O,artificial,O,complete,"247 [B, A, E, D, C, F, G, H, I, N, M, O, F, G, H, I]"
1851,1851,H,artificial,H,complete,"247 [B, A, E, D, C, F, G, H, I, N, M, O, F, G, H, I]"
1852,1852,M,artificial,M,complete,"247 [B, A, E, D, C, F, G, H, I, N, M, O, F, G, H, I]"
1853,1853,N,artificial,N,complete,"247 [B, A, E, D, C, F, G, H, I, N, M, O, F, G, H, I]"
1854,1854,F,artificial,F,complete,"247 [B, A, E, D, C, F, G, H, I, N, M, O, F, G, H, I]"
1855,1855,C,artificial,D_Dupli,complete,"247 [B, A, E, D, C, F, G, H, I, N, M, O, F, G, H, I]"
1856,1856,F,artificial,F,complete,"247 [B, A, E, D, C, F, G, H, I, N, M, O, F, G, H, I]"
1857,1857,E,artificial,D_Dupli,complete,"247 [B, A, E, D, C, F, G, H, I, N, M, O, F, G, H, I]"
1858,1858,A,artificial,A,complete,"247 [B, A, E, D, C, F, G, H, I, N, M, O, F, G, H, I]"
1859,1859,B,artificial,D_Dupli,complete,"247 [B, A, E, D, C, F, G, H, I, N, M, O, F, G, H, I]"
1860,1860,D,artificial,D_Dupli,complete,"247 [B, A, E, D, C, F, G, H, I, N, M, O, F, G, H, I]"
1861,1861,I,artificial,I,complete,"248 [A, B, D, E, C, F, G, H, I]"
1862,1862,H,artificial,H,complete,"248 [A, B, D, E, C, F, G, H, I]"
1863,1863,G,artificial,G,complete,"248 [A, B, D, E, C, F, G, H, I]"
1864,1864,F,artificial,F,complete,"248 [A, B, D, E, C, F, G, H, I]"
1865,1865,C,artificial,D_Dupli,complete,"248 [A, B, D, E, C, F, G, H, I]"
1866,1866,E,artificial,D_Dupli,complete,"248 [A, B, D, E, C, F, G, H, I]"
1867,1867,D,artificial,D_Dupli,complete,"248 [A, B, D, E, C, F, G, H, I]"
1868,1868,B,artificial,D_Dupli,complete,"248 [A, B, D, E, C, F, G, H, I]"
1869,1869,A,artificial,A,complete,"248 [A, B, D, E, C, F, G, H, I]"
1870,1870,H,artificial,H,complete,"249 [A, B, E, C, D, F, G, H, I]"
1871,1871,G,artificial,G,complete,"249 [A, B, E, C, D, F, G, H, I]"
1872,1872,B,artificial,D_Dupli,complete,"249 [A, B, E, C, D, F, G, H, I]"
1873,1873,F,artificial,F,complete,"249 [A, B, E, C, D, F, G, H, I]"
1874,1874,D,artificial,D_Dupli,complete,"249 [A, B, E, C, D, F, G, H, I]"
1875,1875,C,artificial,D_Dupli,complete,"249 [A, B, E, C, D, F, G, H, I]"
1876,1876,E,artificial,D_Dupli,complete,"249 [A, B, E, C, D, F, G, H, I]"
1877,1877,I,artificial,I,complete,"249 [A, B, E, C, D, F, G, H, I]"
1878,1878,A,artificial,A,complete,"249 [A, B, E, C, D, F, G, H, I]"
1879,1879,H,artificial,H,complete,"25 [A, B, D, C, E, F, G, H, I]"
1880,1880,G,artificial,G,complete,"25 [A, B, D, C, E, F, G, H, I]"
1881,1881,A,artificial,A,complete,"25 [A, B, D, C, E, F, G, H, I]"
1882,1882,B,artificial,D_Dupli,complete,"25 [A, B, D, C, E, F, G, H, I]"
1883,1883,D,artificial,D_Dupli,complete,"25 [A, B, D, C, E, F, G, H, I]"
1884,1884,C,artificial,D_Dupli,complete,"25 [A, B, D, C, E, F, G, H, I]"
1885,1885,E,artificial,D_Dupli,complete,"25 [A, B, D, C, E, F, G, H, I]"
1886,1886,F,artificial,F,complete,"25 [A, B, D, C, E, F, G, H, I]"
1887,1887,I,artificial,I,complete,"25 [A, B, D, C, E, F, G, H, I]"
1888,1888,I,artificial,I,complete,"250 [A, B, C, E, D, F, G, I, H]"
1889,1889,G,artificial,G,complete,"250 [A, B, C, E, D, F, G, I, H]"
1890,1890,F,artificial,F,complete,"250 [A, B, C, E, D, F, G, I, H]"
1891,1891,E,artificial,D_Dupli,complete,"250 [A, B, C, E, D, F, G, I, H]"
1892,1892,C,artificial,D_Dupli,complete,"250 [A, B, C, E, D, F, G, I, H]"
1893,1893,H,artificial,H,complete,"250 [A, B, C, E, D, F, G, I, H]"
1894,1894,A,artificial,A,complete,"250 [A, B, C, E, D, F, G, I, H]"
1895,1895,D,artificial,D_Dupli,complete,"250 [A, B, C, E, D, F, G, I, H]"
1896,1896,B,artificial,D_Dupli,complete,"250 [A, B, C, E, D, F, G, I, H]"
1897,1897,H,artificial,H,complete,"251 [A, B, E, D, C, F, G, H, I]"
1898,1898,G,artificial,G,complete,"251 [A, B, E, D, C, F, G, H, I]"
1899,1899,I,artificial,I,complete,"251 [A, B, E, D, C, F, G, H, I]"
1900,1900,F,artificial,F,complete,"251 [A, B, E, D, C, F, G, H, I]"
1901,1901,D,artificial,D_Dupli,complete,"251 [A, B, E, D, C, F, G, H, I]"
1902,1902,E,artificial,D_Dupli,complete,"251 [A, B, E, D, C, F, G, H, I]"
1903,1903,B,artificial,D_Dupli,complete,"251 [A, B, E, D, C, F, G, H, I]"
1904,1904,C,artificial,D_Dupli,complete,"251 [A, B, E, D, C, F, G, H, I]"
1905,1905,A,artificial,A,complete,"251 [A, B, E, D, C, F, G, H, I]"
1906,1906,F,artificial,F,complete,"252 [B, A, C, E, D, F, G, I, H]"
1907,1907,B,artificial,D_Dupli,complete,"252 [B, A, C, E, D, F, G, I, H]"
1908,1908,A,artificial,A,complete,"252 [B, A, C, E, D, F, G, I, H]"
1909,1909,C,artificial,D_Dupli,complete,"252 [B, A, C, E, D, F, G, I, H]"
1910,1910,E,artificial,D_Dupli,complete,"252 [B, A, C, E, D, F, G, I, H]"
1911,1911,D,artificial,D_Dupli,complete,"252 [B, A, C, E, D, F, G, I, H]"
1912,1912,G,artificial,G,complete,"252 [B, A, C, E, D, F, G, I, H]"
1913,1913,I,artificial,I,complete,"252 [B, A, C, E, D, F, G, I, H]"
1914,1914,H,artificial,H,complete,"252 [B, A, C, E, D, F, G, I, H]"
1915,1915,I,artificial,I,complete,"253 [B, A, D, E, C, F, G, I, H]"
1916,1916,G,artificial,G,complete,"253 [B, A, D, E, C, F, G, I, H]"
1917,1917,H,artificial,H,complete,"253 [B, A, D, E, C, F, G, I, H]"
1918,1918,F,artificial,F,complete,"253 [B, A, D, E, C, F, G, I, H]"
1919,1919,B,artificial,D_Dupli,complete,"253 [B, A, D, E, C, F, G, I, H]"
1920,1920,E,artificial,D_Dupli,complete,"253 [B, A, D, E, C, F, G, I, H]"
1921,1921,D,artificial,D_Dupli,complete,"253 [B, A, D, E, C, F, G, I, H]"
1922,1922,A,artificial,A,complete,"253 [B, A, D, E, C, F, G, I, H]"
1923,1923,C,artificial,D_Dupli,complete,"253 [B, A, D, E, C, F, G, I, H]"
1924,1924,G,artificial,G,complete,"254 [A, B, C, E, D, F, G, I, H]"
1925,1925,H,artificial,H,complete,"254 [A, B, C, E, D, F, G, I, H]"
1926,1926,I,artificial,I,complete,"254 [A, B, C, E, D, F, G, I, H]"
1927,1927,F,artificial,F,complete,"254 [A, B, C, E, D, F, G, I, H]"
1928,1928,A,artificial,A,complete,"254 [A, B, C, E, D, F, G, I, H]"
1929,1929,E,artificial,D_Dupli,complete,"254 [A, B, C, E, D, F, G, I, H]"
1930,1930,C,artificial,D_Dupli,complete,"254 [A, B, C, E, D, F, G, I, H]"
1931,1931,B,artificial,D_Dupli,complete,"254 [A, B, C, E, D, F, G, I, H]"
1932,1932,D,artificial,D_Dupli,complete,"254 [A, B, C, E, D, F, G, I, H]"
1933,1933,G,artificial,G,complete,"255 [B, A, C, E, D, F, G, I, H, J, K, F, G, I, H, O, N, M, F, G, H, I, M, O, N, F, G, H, I, O, N, M, F, G, H, I]"
1934,1934,H,artificial,H,complete,"255 [B, A, C, E, D, F, G, I, H, J, K, F, G, I, H, O, N, M, F, G, H, I, M, O, N, F, G, H, I, O, N, M, F, G, H, I]"
1935,1935,I,artificial,I,complete,"255 [B, A, C, E, D, F, G, I, H, J, K, F, G, I, H, O, N, M, F, G, H, I, M, O, N, F, G, H, I, O, N, M, F, G, H, I]"
1936,1936,M,artificial,M,complete,"255 [B, A, C, E, D, F, G, I, H, J, K, F, G, I, H, O, N, M, F, G, H, I, M, O, N, F, G, H, I, O, N, M, F, G, H, I]"
1937,1937,O,artificial,O,complete,"255 [B, A, C, E, D, F, G, I, H, J, K, F, G, I, H, O, N, M, F, G, H, I, M, O, N, F, G, H, I, O, N, M, F, G, H, I]"
1938,1938,N,artificial,N,complete,"255 [B, A, C, E, D, F, G, I, H, J, K, F, G, I, H, O, N, M, F, G, H, I, M, O, N, F, G, H, I, O, N, M, F, G, H, I]"
1939,1939,F,artificial,F,complete,"255 [B, A, C, E, D, F, G, I, H, J, K, F, G, I, H, O, N, M, F, G, H, I, M, O, N, F, G, H, I, O, N, M, F, G, H, I]"
1940,1940,H,artificial,H,complete,"255 [B, A, C, E, D, F, G, I, H, J, K, F, G, I, H, O, N, M, F, G, H, I, M, O, N, F, G, H, I, O, N, M, F, G, H, I]"
1941,1941,I,artificial,I,complete,"255 [B, A, C, E, D, F, G, I, H, J, K, F, G, I, H, O, N, M, F, G, H, I, M, O, N, F, G, H, I, O, N, M, F, G, H, I]"
1942,1942,O,artificial,O,complete,"255 [B, A, C, E, D, F, G, I, H, J, K, F, G, I, H, O, N, M, F, G, H, I, M, O, N, F, G, H, I, O, N, M, F, G, H, I]"
1943,1943,N,artificial,N,complete,"255 [B, A, C, E, D, F, G, I, H, J, K, F, G, I, H, O, N, M, F, G, H, I, M, O, N, F, G, H, I, O, N, M, F, G, H, I]"
1944,1944,M,artificial,M,complete,"255 [B, A, C, E, D, F, G, I, H, J, K, F, G, I, H, O, N, M, F, G, H, I, M, O, N, F, G, H, I, O, N, M, F, G, H, I]"
1945,1945,F,artificial,F,complete,"255 [B, A, C, E, D, F, G, I, H, J, K, F, G, I, H, O, N, M, F, G, H, I, M, O, N, F, G, H, I, O, N, M, F, G, H, I]"
1946,1946,F,artificial,F,complete,"255 [B, A, C, E, D, F, G, I, H, J, K, F, G, I, H, O, N, M, F, G, H, I, M, O, N, F, G, H, I, O, N, M, F, G, H, I]"
1947,1947,G,artificial,G,complete,"255 [B, A, C, E, D, F, G, I, H, J, K, F, G, I, H, O, N, M, F, G, H, I, M, O, N, F, G, H, I, O, N, M, F, G, H, I]"
1948,1948,M,artificial,M,complete,"255 [B, A, C, E, D, F, G, I, H, J, K, F, G, I, H, O, N, M, F, G, H, I, M, O, N, F, G, H, I, O, N, M, F, G, H, I]"
1949,1949,H,artificial,H,complete,"255 [B, A, C, E, D, F, G, I, H, J, K, F, G, I, H, O, N, M, F, G, H, I, M, O, N, F, G, H, I, O, N, M, F, G, H, I]"
1950,1950,O,artificial,O,complete,"255 [B, A, C, E, D, F, G, I, H, J, K, F, G, I, H, O, N, M, F, G, H, I, M, O, N, F, G, H, I, O, N, M, F, G, H, I]"
1951,1951,B,artificial,D_Dupli,complete,"255 [B, A, C, E, D, F, G, I, H, J, K, F, G, I, H, O, N, M, F, G, H, I, M, O, N, F, G, H, I, O, N, M, F, G, H, I]"
1952,1952,A,artificial,A,complete,"255 [B, A, C, E, D, F, G, I, H, J, K, F, G, I, H, O, N, M, F, G, H, I, M, O, N, F, G, H, I, O, N, M, F, G, H, I]"
1953,1953,C,artificial,D_Dupli,complete,"255 [B, A, C, E, D, F, G, I, H, J, K, F, G, I, H, O, N, M, F, G, H, I, M, O, N, F, G, H, I, O, N, M, F, G, H, I]"
1954,1954,E,artificial,D_Dupli,complete,"255 [B, A, C, E, D, F, G, I, H, J, K, F, G, I, H, O, N, M, F, G, H, I, M, O, N, F, G, H, I, O, N, M, F, G, H, I]"
1955,1955,D,artificial,D_Dupli,complete,"255 [B, A, C, E, D, F, G, I, H, J, K, F, G, I, H, O, N, M, F, G, H, I, M, O, N, F, G, H, I, O, N, M, F, G, H, I]"
1956,1956,F,artificial,F,complete,"255 [B, A, C, E, D, F, G, I, H, J, K, F, G, I, H, O, N, M, F, G, H, I, M, O, N, F, G, H, I, O, N, M, F, G, H, I]"
1957,1957,G,artificial,G,complete,"255 [B, A, C, E, D, F, G, I, H, J, K, F, G, I, H, O, N, M, F, G, H, I, M, O, N, F, G, H, I, O, N, M, F, G, H, I]"
1958,1958,I,artificial,I,complete,"255 [B, A, C, E, D, F, G, I, H, J, K, F, G, I, H, O, N, M, F, G, H, I, M, O, N, F, G, H, I, O, N, M, F, G, H, I]"
1959,1959,H,artificial,H,complete,"255 [B, A, C, E, D, F, G, I, H, J, K, F, G, I, H, O, N, M, F, G, H, I, M, O, N, F, G, H, I, O, N, M, F, G, H, I]"
1960,1960,J,artificial,J,complete,"255 [B, A, C, E, D, F, G, I, H, J, K, F, G, I, H, O, N, M, F, G, H, I, M, O, N, F, G, H, I, O, N, M, F, G, H, I]"
1961,1961,K,artificial,K,complete,"255 [B, A, C, E, D, F, G, I, H, J, K, F, G, I, H, O, N, M, F, G, H, I, M, O, N, F, G, H, I, O, N, M, F, G, H, I]"
1962,1962,F,artificial,F,complete,"255 [B, A, C, E, D, F, G, I, H, J, K, F, G, I, H, O, N, M, F, G, H, I, M, O, N, F, G, H, I, O, N, M, F, G, H, I]"
1963,1963,G,artificial,G,complete,"255 [B, A, C, E, D, F, G, I, H, J, K, F, G, I, H, O, N, M, F, G, H, I, M, O, N, F, G, H, I, O, N, M, F, G, H, I]"
1964,1964,I,artificial,I,complete,"255 [B, A, C, E, D, F, G, I, H, J, K, F, G, I, H, O, N, M, F, G, H, I, M, O, N, F, G, H, I, O, N, M, F, G, H, I]"
1965,1965,H,artificial,H,complete,"255 [B, A, C, E, D, F, G, I, H, J, K, F, G, I, H, O, N, M, F, G, H, I, M, O, N, F, G, H, I, O, N, M, F, G, H, I]"
1966,1966,N,artificial,N,complete,"255 [B, A, C, E, D, F, G, I, H, J, K, F, G, I, H, O, N, M, F, G, H, I, M, O, N, F, G, H, I, O, N, M, F, G, H, I]"
1967,1967,I,artificial,I,complete,"255 [B, A, C, E, D, F, G, I, H, J, K, F, G, I, H, O, N, M, F, G, H, I, M, O, N, F, G, H, I, O, N, M, F, G, H, I]"
1968,1968,G,artificial,G,complete,"255 [B, A, C, E, D, F, G, I, H, J, K, F, G, I, H, O, N, M, F, G, H, I, M, O, N, F, G, H, I, O, N, M, F, G, H, I]"
1969,1969,A,artificial,A,complete,"256 [A, B, E, C, D, F, G, H, I]"
1970,1970,B,artificial,D_Dupli,complete,"256 [A, B, E, C, D, F, G, H, I]"
1971,1971,E,artificial,D_Dupli,complete,"256 [A, B, E, C, D, F, G, H, I]"
1972,1972,C,artificial,D_Dupli,complete,"256 [A, B, E, C, D, F, G, H, I]"
1973,1973,D,artificial,D_Dupli,complete,"256 [A, B, E, C, D, F, G, H, I]"
1974,1974,F,artificial,F,complete,"256 [A, B, E, C, D, F, G, H, I]"
1975,1975,G,artificial,G,complete,"256 [A, B, E, C, D, F, G, H, I]"
1976,1976,H,artificial,H,complete,"256 [A, B, E, C, D, F, G, H, I]"
1977,1977,I,artificial,I,complete,"256 [A, B, E, C, D, F, G, H, I]"
1978,1978,H,artificial,H,complete,"257 [A, B, C, E, D, F, G, I, H]"
1979,1979,E,artificial,D_Dupli,complete,"257 [A, B, C, E, D, F, G, I, H]"
1980,1980,D,artificial,D_Dupli,complete,"257 [A, B, C, E, D, F, G, I, H]"
1981,1981,F,artificial,F,complete,"257 [A, B, C, E, D, F, G, I, H]"
1982,1982,G,artificial,G,complete,"257 [A, B, C, E, D, F, G, I, H]"
1983,1983,I,artificial,I,complete,"257 [A, B, C, E, D, F, G, I, H]"
1984,1984,A,artificial,A,complete,"257 [A, B, C, E, D, F, G, I, H]"
1985,1985,B,artificial,D_Dupli,complete,"257 [A, B, C, E, D, F, G, I, H]"
1986,1986,C,artificial,D_Dupli,complete,"257 [A, B, C, E, D, F, G, I, H]"
1987,1987,D,artificial,D_Dupli,complete,"258 [A, B, D, C, E, F, G, I, H]"
1988,1988,B,artificial,D_Dupli,complete,"258 [A, B, D, C, E, F, G, I, H]"
1989,1989,A,artificial,A,complete,"258 [A, B, D, C, E, F, G, I, H]"
1990,1990,E,artificial,D_Dupli,complete,"258 [A, B, D, C, E, F, G, I, H]"
1991,1991,F,artificial,F,complete,"258 [A, B, D, C, E, F, G, I, H]"
1992,1992,I,artificial,I,complete,"258 [A, B, D, C, E, F, G, I, H]"
1993,1993,H,artificial,H,complete,"258 [A, B, D, C, E, F, G, I, H]"
1994,1994,C,artificial,D_Dupli,complete,"258 [A, B, D, C, E, F, G, I, H]"
1995,1995,G,artificial,G,complete,"258 [A, B, D, C, E, F, G, I, H]"
1996,1996,K,artificial,K,complete,"259 [A, B, E, C, D, F, G, H, I, N, M, O, F, G, H, I, J, K, L, J, K, L, J, K, F, G, I, H]"
1997,1997,M,artificial,M,complete,"259 [A, B, E, C, D, F, G, H, I, N, M, O, F, G, H, I, J, K, L, J, K, L, J, K, F, G, I, H]"
1998,1998,L,artificial,L,complete,"259 [A, B, E, C, D, F, G, H, I, N, M, O, F, G, H, I, J, K, L, J, K, L, J, K, F, G, I, H]"
1999,1999,J,artificial,J,complete,"259 [A, B, E, C, D, F, G, H, I, N, M, O, F, G, H, I, J, K, L, J, K, L, J, K, F, G, I, H]"
2000,2000,K,artificial,K,complete,"259 [A, B, E, C, D, F, G, H, I, N, M, O, F, G, H, I, J, K, L, J, K, L, J, K, F, G, I, H]"
2001,2001,L,artificial,L,complete,"259 [A, B, E, C, D, F, G, H, I, N, M, O, F, G, H, I, J, K, L, J, K, L, J, K, F, G, I, H]"
2002,2002,J,artificial,J,complete,"259 [A, B, E, C, D, F, G, H, I, N, M, O, F, G, H, I, J, K, L, J, K, L, J, K, F, G, I, H]"
2003,2003,K,artificial,K,complete,"259 [A, B, E, C, D, F, G, H, I, N, M, O, F, G, H, I, J, K, L, J, K, L, J, K, F, G, I, H]"
2004,2004,F,artificial,F,complete,"259 [A, B, E, C, D, F, G, H, I, N, M, O, F, G, H, I, J, K, L, J, K, L, J, K, F, G, I, H]"
2005,2005,G,artificial,G,complete,"259 [A, B, E, C, D, F, G, H, I, N, M, O, F, G, H, I, J, K, L, J, K, L, J, K, F, G, I, H]"
2006,2006,I,artificial,I,complete,"259 [A, B, E, C, D, F, G, H, I, N, M, O, F, G, H, I, J, K, L, J, K, L, J, K, F, G, I, H]"
2007,2007,H,artificial,H,complete,"259 [A, B, E, C, D, F, G, H, I, N, M, O, F, G, H, I, J, K, L, J, K, L, J, K, F, G, I, H]"
2008,2008,J,artificial,J,complete,"259 [A, B, E, C, D, F, G, H, I, N, M, O, F, G, H, I, J, K, L, J, K, L, J, K, F, G, I, H]"
2009,2009,I,artificial,I,complete,"259 [A, B, E, C, D, F, G, H, I, N, M, O, F, G, H, I, J, K, L, J, K, L, J, K, F, G, I, H]"
2010,2010,O,artificial,O,complete,"259 [A, B, E, C, D, F, G, H, I, N, M, O, F, G, H, I, J, K, L, J, K, L, J, K, F, G, I, H]"
2011,2011,G,artificial,G,complete,"259 [A, B, E, C, D, F, G, H, I, N, M, O, F, G, H, I, J, K, L, J, K, L, J, K, F, G, I, H]"
2012,2012,N,artificial,N,complete,"259 [A, B, E, C, D, F, G, H, I, N, M, O, F, G, H, I, J, K, L, J, K, L, J, K, F, G, I, H]"
2013,2013,H,artificial,H,complete,"259 [A, B, E, C, D, F, G, H, I, N, M, O, F, G, H, I, J, K, L, J, K, L, J, K, F, G, I, H]"
2014,2014,G,artificial,G,complete,"259 [A, B, E, C, D, F, G, H, I, N, M, O, F, G, H, I, J, K, L, J, K, L, J, K, F, G, I, H]"
2015,2015,F,artificial,F,complete,"259 [A, B, E, C, D, F, G, H, I, N, M, O, F, G, H, I, J, K, L, J, K, L, J, K, F, G, I, H]"
2016,2016,D,artificial,D_Dupli,complete,"259 [A, B, E, C, D, F, G, H, I, N, M, O, F, G, H, I, J, K, L, J, K, L, J, K, F, G, I, H]"
2017,2017,I,artificial,I,complete,"259 [A, B, E, C, D, F, G, H, I, N, M, O, F, G, H, I, J, K, L, J, K, L, J, K, F, G, I, H]"
2018,2018,E,artificial,D_Dupli,complete,"259 [A, B, E, C, D, F, G, H, I, N, M, O, F, G, H, I, J, K, L, J, K, L, J, K, F, G, I, H]"
2019,2019,B,artificial,D_Dupli,complete,"259 [A, B, E, C, D, F, G, H, I, N, M, O, F, G, H, I, J, K, L, J, K, L, J, K, F, G, I, H]"
2020,2020,A,artificial,A,complete,"259 [A, B, E, C, D, F, G, H, I, N, M, O, F, G, H, I, J, K, L, J, K, L, J, K, F, G, I, H]"
2021,2021,F,artificial,F,complete,"259 [A, B, E, C, D, F, G, H, I, N, M, O, F, G, H, I, J, K, L, J, K, L, J, K, F, G, I, H]"
2022,2022,C,artificial,D_Dupli,complete,"259 [A, B, E, C, D, F, G, H, I, N, M, O, F, G, H, I, J, K, L, J, K, L, J, K, F, G, I, H]"
2023,2023,H,artificial,H,complete,"259 [A, B, E, C, D, F, G, H, I, N, M, O, F, G, H, I, J, K, L, J, K, L, J, K, F, G, I, H]"
2024,2024,B,artificial,D_Dupli,complete,"26 [B, A, E, D, C, F, G, H, I]"
2025,2025,I,artificial,I,complete,"26 [B, A, E, D, C, F, G, H, I]"
2026,2026,H,artificial,H,complete,"26 [B, A, E, D, C, F, G, H, I]"
2027,2027,G,artificial,G,complete,"26 [B, A, E, D, C, F, G, H, I]"
2028,2028,F,artificial,F,complete,"26 [B, A, E, D, C, F, G, H, I]"
2029,2029,C,artificial,D_Dupli,complete,"26 [B, A, E, D, C, F, G, H, I]"
2030,2030,D,artificial,D_Dupli,complete,"26 [B, A, E, D, C, F, G, H, I]"
2031,2031,E,artificial,D_Dupli,complete,"26 [B, A, E, D, C, F, G, H, I]"
2032,2032,A,artificial,A,complete,"26 [B, A, E, D, C, F, G, H, I]"
2033,2033,B,artificial,D_Dupli,complete,"260 [B, A, E, D, C, F, G, I, H]"
2034,2034,E,artificial,D_Dupli,complete,"260 [B, A, E, D, C, F, G, I, H]"
2035,2035,I,artificial,I,complete,"260 [B, A, E, D, C, F, G, I, H]"
2036,2036,G,artificial,G,complete,"260 [B, A, E, D, C, F, G, I, H]"
2037,2037,F,artificial,F,complete,"260 [B, A, E, D, C, F, G, I, H]"
2038,2038,C,artificial,D_Dupli,complete,"260 [B, A, E, D, C, F, G, I, H]"
2039,2039,D,artificial,D_Dupli,complete,"260 [B, A, E, D, C, F, G, I, H]"
2040,2040,A,artificial,A,complete,"260 [B, A, E, D, C, F, G, I, H]"
2041,2041,H,artificial,H,complete,"260 [B, A, E, D, C, F, G, I, H]"
2042,2042,B,artificial,D_Dupli,complete,"261 [B, A, C, E, D, F, G, H, I]"
2043,2043,C,artificial,D_Dupli,complete,"261 [B, A, C, E, D, F, G, H, I]"
2044,2044,H,artificial,H,complete,"261 [B, A, C, E, D, F, G, H, I]"
2045,2045,G,artificial,G,complete,"261 [B, A, C, E, D, F, G, H, I]"
2046,2046,F,artificial,F,complete,"261 [B, A, C, E, D, F, G, H, I]"
2047,2047,D,artificial,D_Dupli,complete,"261 [B, A, C, E, D, F, G, H, I]"
2048,2048,E,artificial,D_Dupli,complete,"261 [B, A, C, E, D, F, G, H, I]"
2049,2049,I,artificial,I,complete,"261 [B, A, C, E, D, F, G, H, I]"
2050,2050,A,artificial,A,complete,"261 [B, A, C, E, D, F, G, H, I]"
2051,2051,E,artificial,D_Dupli,complete,"262 [A, B, C, E, D, F, G, I, H]"
2052,2052,A,artificial,A,complete,"262 [A, B, C, E, D, F, G, I, H]"
2053,2053,B,artificial,D_Dupli,complete,"262 [A, B, C, E, D, F, G, I, H]"
2054,2054,C,artificial,D_Dupli,complete,"262 [A, B, C, E, D, F, G, I, H]"
2055,2055,D,artificial,D_Dupli,complete,"262 [A, B, C, E, D, F, G, I, H]"
2056,2056,F,artificial,F,complete,"262 [A, B, C, E, D, F, G, I, H]"
2057,2057,G,artificial,G,complete,"262 [A, B, C, E, D, F, G, I, H]"
2058,2058,I,artificial,I,complete,"262 [A, B, C, E, D, F, G, I, H]"
2059,2059,H,artificial,H,complete,"262 [A, B, C, E, D, F, G, I, H]"
2060,2060,C,artificial,D_Dupli,complete,"263 [B, A, C, D, E, F, G, H, I]"
2061,2061,A,artificial,A,complete,"263 [B, A, C, D, E, F, G, H, I]"
2062,2062,F,artificial,F,complete,"263 [B, A, C, D, E, F, G, H, I]"
2063,2063,I,artificial,I,complete,"263 [B, A, C, D, E, F, G, H, I]"
2064,2064,H,artificial,H,complete,"263 [B, A, C, D, E, F, G, H, I]"
2065,2065,G,artificial,G,complete,"263 [B, A, C, D, E, F, G, H, I]"
2066,2066,B,artificial,D_Dupli,complete,"263 [B, A, C, D, E, F, G, H, I]"
2067,2067,E,artificial,D_Dupli,complete,"263 [B, A, C, D, E, F, G, H, I]"
2068,2068,D,artificial,D_Dupli,complete,"263 [B, A, C, D, E, F, G, H, I]"
2069,2069,C,artificial,D_Dupli,complete,"264 [A, B, D, E, C, F, G, H, I]"
2070,2070,D,artificial,D_Dupli,complete,"264 [A, B, D, E, C, F, G, H, I]"
2071,2071,G,artificial,G,complete,"264 [A, B, D, E, C, F, G, H, I]"
2072,2072,H,artificial,H,complete,"264 [A, B, D, E, C, F, G, H, I]"
2073,2073,I,artificial,I,complete,"264 [A, B, D, E, C, F, G, H, I]"
2074,2074,B,artificial,D_Dupli,complete,"264 [A, B, D, E, C, F, G, H, I]"
2075,2075,A,artificial,A,complete,"264 [A, B, D, E, C, F, G, H, I]"
2076,2076,E,artificial,D_Dupli,complete,"264 [A, B, D, E, C, F, G, H, I]"
2077,2077,F,artificial,F,complete,"264 [A, B, D, E, C, F, G, H, I]"
2078,2078,G,artificial,G,complete,"265 [A, B, D, E, C, F, G, I, H]"
2079,2079,H,artificial,H,complete,"265 [A, B, D, E, C, F, G, I, H]"
2080,2080,I,artificial,I,complete,"265 [A, B, D, E, C, F, G, I, H]"
2081,2081,F,artificial,F,complete,"265 [A, B, D, E, C, F, G, I, H]"
2082,2082,C,artificial,D_Dupli,complete,"265 [A, B, D, E, C, F, G, I, H]"
2083,2083,E,artificial,D_Dupli,complete,"265 [A, B, D, E, C, F, G, I, H]"
2084,2084,D,artificial,D_Dupli,complete,"265 [A, B, D, E, C, F, G, I, H]"
2085,2085,B,artificial,D_Dupli,complete,"265 [A, B, D, E, C, F, G, I, H]"
2086,2086,A,artificial,A,complete,"265 [A, B, D, E, C, F, G, I, H]"
2087,2087,E,artificial,D_Dupli,complete,"266 [B, A, C, E, D, F, G, H, I]"
2088,2088,B,artificial,D_Dupli,complete,"266 [B, A, C, E, D, F, G, H, I]"
2089,2089,A,artificial,A,complete,"266 [B, A, C, E, D, F, G, H, I]"
2090,2090,C,artificial,D_Dupli,complete,"266 [B, A, C, E, D, F, G, H, I]"
2091,2091,I,artificial,I,complete,"266 [B, A, C, E, D, F, G, H, I]"
2092,2092,H,artificial,H,complete,"266 [B, A, C, E, D, F, G, H, I]"
2093,2093,G,artificial,G,complete,"266 [B, A, C, E, D, F, G, H, I]"
2094,2094,F,artificial,F,complete,"266 [B, A, C, E, D, F, G, H, I]"
2095,2095,D,artificial,D_Dupli,complete,"266 [B, A, C, E, D, F, G, H, I]"
2096,2096,G,artificial,G,complete,"267 [A, B, C, E, D, F, G, H, I]"
2097,2097,C,artificial,D_Dupli,complete,"267 [A, B, C, E, D, F, G, H, I]"
2098,2098,B,artificial,D_Dupli,complete,"267 [A, B, C, E, D, F, G, H, I]"
2099,2099,A,artificial,A,complete,"267 [A, B, C, E, D, F, G, H, I]"
2100,2100,F,artificial,F,complete,"267 [A, B, C, E, D, F, G, H, I]"
2101,2101,E,artificial,D_Dupli,complete,"267 [A, B, C, E, D, F, G, H, I]"
2102,2102,D,artificial,D_Dupli,complete,"267 [A, B, C, E, D, F, G, H, I]"
2103,2103,H,artificial,H,complete,"267 [A, B, C, E, D, F, G, H, I]"
2104,2104,I,artificial,I,complete,"267 [A, B, C, E, D, F, G, H, I]"
2105,2105,F,artificial,F,complete,"268 [B, A, E, D, C, F, G, H, I]"
2106,2106,I,artificial,I,complete,"268 [B, A, E, D, C, F, G, H, I]"
2107,2107,H,artificial,H,complete,"268 [B, A, E, D, C, F, G, H, I]"
2108,2108,G,artificial,G,complete,"268 [B, A, E, D, C, F, G, H, I]"
2109,2109,C,artificial,D_Dupli,complete,"268 [B, A, E, D, C, F, G, H, I]"
2110,2110,D,artificial,D_Dupli,complete,"268 [B, A, E, D, C, F, G, H, I]"
2111,2111,E,artificial,D_Dupli,complete,"268 [B, A, E, D, C, F, G, H, I]"
2112,2112,A,artificial,A,complete,"268 [B, A, E, D, C, F, G, H, I]"
2113,2113,B,artificial,D_Dupli,complete,"268 [B, A, E, D, C, F, G, H, I]"
2114,2114,B,artificial,D_Dupli,complete,"269 [B, A, E, D, C, F, G, I, H]"
2115,2115,I,artificial,I,complete,"269 [B, A, E, D, C, F, G, I, H]"
2116,2116,A,artificial,A,complete,"269 [B, A, E, D, C, F, G, I, H]"
2117,2117,H,artificial,H,complete,"269 [B, A, E, D, C, F, G, I, H]"
2118,2118,D,artificial,D_Dupli,complete,"269 [B, A, E, D, C, F, G, I, H]"
2119,2119,E,artificial,D_Dupli,complete,"269 [B, A, E, D, C, F, G, I, H]"
2120,2120,C,artificial,D_Dupli,complete,"269 [B, A, E, D, C, F, G, I, H]"
2121,2121,F,artificial,F,complete,"269 [B, A, E, D, C, F, G, I, H]"
2122,2122,G,artificial,G,complete,"269 [B, A, E, D, C, F, G, I, H]"
2123,2123,A,artificial,A,complete,"27 [A, B, E, C, D, F, G, I, H]"
2124,2124,H,artificial,H,complete,"27 [A, B, E, C, D, F, G, I, H]"
2125,2125,B,artificial,D_Dupli,complete,"27 [A, B, E, C, D, F, G, I, H]"
2126,2126,E,artificial,D_Dupli,complete,"27 [A, B, E, C, D, F, G, I, H]"
2127,2127,C,artificial,D_Dupli,complete,"27 [A, B, E, C, D, F, G, I, H]"
2128,2128,D,artificial,D_Dupli,complete,"27 [A, B, E, C, D, F, G, I, H]"
2129,2129,F,artificial,F,complete,"27 [A, B, E, C, D, F, G, I, H]"
2130,2130,G,artificial,G,complete,"27 [A, B, E, C, D, F, G, I, H]"
2131,2131,I,artificial,I,complete,"27 [A, B, E, C, D, F, G, I, H]"
2132,2132,H,artificial,H,complete,"270 [B, A, E, C, D, F, G, H, I, M, N, O, F, G, H, I, M, O, N, F, G, I, H, J, K, F, G, I, H]"
2133,2133,I,artificial,I,complete,"270 [B, A, E, C, D, F, G, H, I, M, N, O, F, G, H, I, M, O, N, F, G, I, H, J, K, F, G, I, H]"
2134,2134,G,artificial,G,complete,"270 [B, A, E, C, D, F, G, H, I, M, N, O, F, G, H, I, M, O, N, F, G, I, H, J, K, F, G, I, H]"
2135,2135,F,artificial,F,complete,"270 [B, A, E, C, D, F, G, H, I, M, N, O, F, G, H, I, M, O, N, F, G, I, H, J, K, F, G, I, H]"
2136,2136,F,artificial,F,complete,"270 [B, A, E, C, D, F, G, H, I, M, N, O, F, G, H, I, M, O, N, F, G, I, H, J, K, F, G, I, H]"
2137,2137,J,artificial,J,complete,"270 [B, A, E, C, D, F, G, H, I, M, N, O, F, G, H, I, M, O, N, F, G, I, H, J, K, F, G, I, H]"
2138,2138,B,artificial,D_Dupli,complete,"270 [B, A, E, C, D, F, G, H, I, M, N, O, F, G, H, I, M, O, N, F, G, I, H, J, K, F, G, I, H]"
2139,2139,A,artificial,A,complete,"270 [B, A, E, C, D, F, G, H, I, M, N, O, F, G, H, I, M, O, N, F, G, I, H, J, K, F, G, I, H]"
2140,2140,E,artificial,D_Dupli,complete,"270 [B, A, E, C, D, F, G, H, I, M, N, O, F, G, H, I, M, O, N, F, G, I, H, J, K, F, G, I, H]"
2141,2141,C,artificial,D_Dupli,complete,"270 [B, A, E, C, D, F, G, H, I, M, N, O, F, G, H, I, M, O, N, F, G, I, H, J, K, F, G, I, H]"
2142,2142,D,artificial,D_Dupli,complete,"270 [B, A, E, C, D, F, G, H, I, M, N, O, F, G, H, I, M, O, N, F, G, I, H, J, K, F, G, I, H]"
2143,2143,F,artificial,F,complete,"270 [B, A, E, C, D, F, G, H, I, M, N, O, F, G, H, I, M, O, N, F, G, I, H, J, K, F, G, I, H]"
2144,2144,G,artificial,G,complete,"270 [B, A, E, C, D, F, G, H, I, M, N, O, F, G, H, I, M, O, N, F, G, I, H, J, K, F, G, I, H]"
2145,2145,H,artificial,H,complete,"270 [B, A, E, C, D, F, G, H, I, M, N, O, F, G, H, I, M, O, N, F, G, I, H, J, K, F, G, I, H]"
2146,2146,I,artificial,I,complete,"270 [B, A, E, C, D, F, G, H, I, M, N, O, F, G, H, I, M, O, N, F, G, I, H, J, K, F, G, I, H]"
2147,2147,M,artificial,M,complete,"270 [B, A, E, C, D, F, G, H, I, M, N, O, F, G, H, I, M, O, N, F, G, I, H, J, K, F, G, I, H]"
2148,2148,N,artificial,N,complete,"270 [B, A, E, C, D, F, G, H, I, M, N, O, F, G, H, I, M, O, N, F, G, I, H, J, K, F, G, I, H]"
2149,2149,O,artificial,O,complete,"270 [B, A, E, C, D, F, G, H, I, M, N, O, F, G, H, I, M, O, N, F, G, I, H, J, K, F, G, I, H]"
2150,2150,F,artificial,F,complete,"270 [B, A, E, C, D, F, G, H, I, M, N, O, F, G, H, I, M, O, N, F, G, I, H, J, K, F, G, I, H]"
2151,2151,H,artificial,H,complete,"270 [B, A, E, C, D, F, G, H, I, M, N, O, F, G, H, I, M, O, N, F, G, I, H, J, K, F, G, I, H]"
2152,2152,I,artificial,I,complete,"270 [B, A, E, C, D, F, G, H, I, M, N, O, F, G, H, I, M, O, N, F, G, I, H, J, K, F, G, I, H]"
2153,2153,M,artificial,M,complete,"270 [B, A, E, C, D, F, G, H, I, M, N, O, F, G, H, I, M, O, N, F, G, I, H, J, K, F, G, I, H]"
2154,2154,O,artificial,O,complete,"270 [B, A, E, C, D, F, G, H, I, M, N, O, F, G, H, I, M, O, N, F, G, I, H, J, K, F, G, I, H]"
2155,2155,N,artificial,N,complete,"270 [B, A, E, C, D, F, G, H, I, M, N, O, F, G, H, I, M, O, N, F, G, I, H, J, K, F, G, I, H]"
2156,2156,G,artificial,G,complete,"270 [B, A, E, C, D, F, G, H, I, M, N, O, F, G, H, I, M, O, N, F, G, I, H, J, K, F, G, I, H]"
2157,2157,I,artificial,I,complete,"270 [B, A, E, C, D, F, G, H, I, M, N, O, F, G, H, I, M, O, N, F, G, I, H, J, K, F, G, I, H]"
2158,2158,H,artificial,H,complete,"270 [B, A, E, C, D, F, G, H, I, M, N, O, F, G, H, I, M, O, N, F, G, I, H, J, K, F, G, I, H]"
2159,2159,K,artificial,K,complete,"270 [B, A, E, C, D, F, G, H, I, M, N, O, F, G, H, I, M, O, N, F, G, I, H, J, K, F, G, I, H]"
2160,2160,G,artificial,G,complete,"270 [B, A, E, C, D, F, G, H, I, M, N, O, F, G, H, I, M, O, N, F, G, I, H, J, K, F, G, I, H]"
2161,2161,I,artificial,I,complete,"271 [B, A, C, E, D, F, G, I, H]"
2162,2162,B,artificial,D_Dupli,complete,"271 [B, A, C, E, D, F, G, I, H]"
2163,2163,A,artificial,A,complete,"271 [B, A, C, E, D, F, G, I, H]"
2164,2164,C,artificial,D_Dupli,complete,"271 [B, A, C, E, D, F, G, I, H]"
2165,2165,E,artificial,D_Dupli,complete,"271 [B, A, C, E, D, F, G, I, H]"
2166,2166,D,artificial,D_Dupli,complete,"271 [B, A, C, E, D, F, G, I, H]"
2167,2167,F,artificial,F,complete,"271 [B, A, C, E, D, F, G, I, H]"
2168,2168,G,artificial,G,complete,"271 [B, A, C, E, D, F, G, I, H]"
2169,2169,H,artificial,H,complete,"271 [B, A, C, E, D, F, G, I, H]"
2170,2170,E,artificial,D_Dupli,complete,"272 [B, A, C, D, E, F, G, H, I]"
2171,2171,I,artificial,I,complete,"272 [B, A, C, D, E, F, G, H, I]"
2172,2172,H,artificial,H,complete,"272 [B, A, C, D, E, F, G, H, I]"
2173,2173,G,artificial,G,complete,"272 [B, A, C, D, E, F, G, H, I]"
2174,2174,F,artificial,F,complete,"272 [B, A, C, D, E, F, G, H, I]"
2175,2175,C,artificial,D_Dupli,complete,"272 [B, A, C, D, E, F, G, H, I]"
2176,2176,A,artificial,A,complete,"272 [B, A, C, D, E, F, G, H, I]"
2177,2177,B,artificial,D_Dupli,complete,"272 [B, A, C, D, E, F, G, H, I]"
2178,2178,D,artificial,D_Dupli,complete,"272 [B, A, C, D, E, F, G, H, I]"
2179,2179,G,artificial,G,complete,"273 [A, B, E, C, D, F, G, H, I, M, O, N, F, G, H, I, J, K, L, J, K, F, G, H, I, J, K, F, G, I, H]"
2180,2180,A,artificial,A,complete,"273 [A, B, E, C, D, F, G, H, I, M, O, N, F, G, H, I, J, K, L, J, K, F, G, H, I, J, K, F, G, I, H]"
2181,2181,B,artificial,D_Dupli,complete,"273 [A, B, E, C, D, F, G, H, I, M, O, N, F, G, H, I, J, K, L, J, K, F, G, H, I, J, K, F, G, I, H]"
2182,2182,E,artificial,D_Dupli,complete,"273 [A, B, E, C, D, F, G, H, I, M, O, N, F, G, H, I, J, K, L, J, K, F, G, H, I, J, K, F, G, I, H]"
2183,2183,H,artificial,H,complete,"273 [A, B, E, C, D, F, G, H, I, M, O, N, F, G, H, I, J, K, L, J, K, F, G, H, I, J, K, F, G, I, H]"
2184,2184,I,artificial,I,complete,"273 [A, B, E, C, D, F, G, H, I, M, O, N, F, G, H, I, J, K, L, J, K, F, G, H, I, J, K, F, G, I, H]"
2185,2185,F,artificial,F,complete,"273 [A, B, E, C, D, F, G, H, I, M, O, N, F, G, H, I, J, K, L, J, K, F, G, H, I, J, K, F, G, I, H]"
2186,2186,C,artificial,D_Dupli,complete,"273 [A, B, E, C, D, F, G, H, I, M, O, N, F, G, H, I, J, K, L, J, K, F, G, H, I, J, K, F, G, I, H]"
2187,2187,J,artificial,J,complete,"273 [A, B, E, C, D, F, G, H, I, M, O, N, F, G, H, I, J, K, L, J, K, F, G, H, I, J, K, F, G, I, H]"
2188,2188,D,artificial,D_Dupli,complete,"273 [A, B, E, C, D, F, G, H, I, M, O, N, F, G, H, I, J, K, L, J, K, F, G, H, I, J, K, F, G, I, H]"
2189,2189,F,artificial,F,complete,"273 [A, B, E, C, D, F, G, H, I, M, O, N, F, G, H, I, J, K, L, J, K, F, G, H, I, J, K, F, G, I, H]"
2190,2190,G,artificial,G,complete,"273 [A, B, E, C, D, F, G, H, I, M, O, N, F, G, H, I, J, K, L, J, K, F, G, H, I, J, K, F, G, I, H]"
2191,2191,H,artificial,H,complete,"273 [A, B, E, C, D, F, G, H, I, M, O, N, F, G, H, I, J, K, L, J, K, F, G, H, I, J, K, F, G, I, H]"
2192,2192,I,artificial,I,complete,"273 [A, B, E, C, D, F, G, H, I, M, O, N, F, G, H, I, J, K, L, J, K, F, G, H, I, J, K, F, G, I, H]"
2193,2193,M,artificial,M,complete,"273 [A, B, E, C, D, F, G, H, I, M, O, N, F, G, H, I, J, K, L, J, K, F, G, H, I, J, K, F, G, I, H]"
2194,2194,O,artificial,O,complete,"273 [A, B, E, C, D, F, G, H, I, M, O, N, F, G, H, I, J, K, L, J, K, F, G, H, I, J, K, F, G, I, H]"
2195,2195,N,artificial,N,complete,"273 [A, B, E, C, D, F, G, H, I, M, O, N, F, G, H, I, J, K, L, J, K, F, G, H, I, J, K, F, G, I, H]"
2196,2196,F,artificial,F,complete,"273 [A, B, E, C, D, F, G, H, I, M, O, N, F, G, H, I, J, K, L, J, K, F, G, H, I, J, K, F, G, I, H]"
2197,2197,G,artificial,G,complete,"273 [A, B, E, C, D, F, G, H, I, M, O, N, F, G, H, I, J, K, L, J, K, F, G, H, I, J, K, F, G, I, H]"
2198,2198,H,artificial,H,complete,"273 [A, B, E, C, D, F, G, H, I, M, O, N, F, G, H, I, J, K, L, J, K, F, G, H, I, J, K, F, G, I, H]"
2199,2199,I,artificial,I,complete,"273 [A, B, E, C, D, F, G, H, I, M, O, N, F, G, H, I, J, K, L, J, K, F, G, H, I, J, K, F, G, I, H]"
2200,2200,J,artificial,J,complete,"273 [A, B, E, C, D, F, G, H, I, M, O, N, F, G, H, I, J, K, L, J, K, F, G, H, I, J, K, F, G, I, H]"
2201,2201,K,artificial,K,complete,"273 [A, B, E, C, D, F, G, H, I, M, O, N, F, G, H, I, J, K, L, J, K, F, G, H, I, J, K, F, G, I, H]"
2202,2202,L,artificial,L,complete,"273 [A, B, E, C, D, F, G, H, I, M, O, N, F, G, H, I, J, K, L, J, K, F, G, H, I, J, K, F, G, I, H]"
2203,2203,J,artificial,J,complete,"273 [A, B, E, C, D, F, G, H, I, M, O, N, F, G, H, I, J, K, L, J, K, F, G, H, I, J, K, F, G, I, H]"
2204,2204,K,artificial,K,complete,"273 [A, B, E, C, D, F, G, H, I, M, O, N, F, G, H, I, J, K, L, J, K, F, G, H, I, J, K, F, G, I, H]"
2205,2205,F,artificial,F,complete,"273 [A, B, E, C, D, F, G, H, I, M, O, N, F, G, H, I, J, K, L, J, K, F, G, H, I, J, K, F, G, I, H]"
2206,2206,G,artificial,G,complete,"273 [A, B, E, C, D, F, G, H, I, M, O, N, F, G, H, I, J, K, L, J, K, F, G, H, I, J, K, F, G, I, H]"
2207,2207,H,artificial,H,complete,"273 [A, B, E, C, D, F, G, H, I, M, O, N, F, G, H, I, J, K, L, J, K, F, G, H, I, J, K, F, G, I, H]"
2208,2208,I,artificial,I,complete,"273 [A, B, E, C, D, F, G, H, I, M, O, N, F, G, H, I, J, K, L, J, K, F, G, H, I, J, K, F, G, I, H]"
2209,2209,K,artificial,K,complete,"273 [A, B, E, C, D, F, G, H, I, M, O, N, F, G, H, I, J, K, L, J, K, F, G, H, I, J, K, F, G, I, H]"
2210,2210,H,artificial,H,complete,"274 [B, A, C, D, E, F, G, I, H]"
2211,2211,I,artificial,I,complete,"274 [B, A, C, D, E, F, G, I, H]"
2212,2212,G,artificial,G,complete,"274 [B, A, C, D, E, F, G, I, H]"
2213,2213,F,artificial,F,complete,"274 [B, A, C, D, E, F, G, I, H]"
2214,2214,E,artificial,D_Dupli,complete,"274 [B, A, C, D, E, F, G, I, H]"
2215,2215,D,artificial,D_Dupli,complete,"274 [B, A, C, D, E, F, G, I, H]"
2216,2216,C,artificial,D_Dupli,complete,"274 [B, A, C, D, E, F, G, I, H]"
2217,2217,A,artificial,A,complete,"274 [B, A, C, D, E, F, G, I, H]"
2218,2218,B,artificial,D_Dupli,complete,"274 [B, A, C, D, E, F, G, I, H]"
2219,2219,C,artificial,D_Dupli,complete,"275 [A, B, E, D, C, F, G, I, H]"
2220,2220,A,artificial,A,complete,"275 [A, B, E, D, C, F, G, I, H]"
2221,2221,E,artificial,D_Dupli,complete,"275 [A, B, E, D, C, F, G, I, H]"
2222,2222,D,artificial,D_Dupli,complete,"275 [A, B, E, D, C, F, G, I, H]"
2223,2223,F,artificial,F,complete,"275 [A, B, E, D, C, F, G, I, H]"
2224,2224,G,artificial,G,complete,"275 [A, B, E, D, C, F, G, I, H]"
2225,2225,I,artificial,I,complete,"275 [A, B, E, D, C, F, G, I, H]"
2226,2226,H,artificial,H,complete,"275 [A, B, E, D, C, F, G, I, H]"
2227,2227,B,artificial,D_Dupli,complete,"275 [A, B, E, D, C, F, G, I, H]"
2228,2228,A,artificial,A,complete,"276 [A, B, C, D, E, F, G, H, I]"
2229,2229,B,artificial,D_Dupli,complete,"276 [A, B, C, D, E, F, G, H, I]"
2230,2230,D,artificial,D_Dupli,complete,"276 [A, B, C, D, E, F, G, H, I]"
2231,2231,E,artificial,D_Dupli,complete,"276 [A, B, C, D, E, F, G, H, I]"
2232,2232,F,artificial,F,complete,"276 [A, B, C, D, E, F, G, H, I]"
2233,2233,G,artificial,G,complete,"276 [A, B, C, D, E, F, G, H, I]"
2234,2234,H,artificial,H,complete,"276 [A, B, C, D, E, F, G, H, I]"
2235,2235,I,artificial,I,complete,"276 [A, B, C, D, E, F, G, H, I]"
2236,2236,C,artificial,D_Dupli,complete,"276 [A, B, C, D, E, F, G, H, I]"
2237,2237,A,artificial,A,complete,"277 [A, B, C, D, E, F, G, H, I]"
2238,2238,B,artificial,D_Dupli,complete,"277 [A, B, C, D, E, F, G, H, I]"
2239,2239,D,artificial,D_Dupli,complete,"277 [A, B, C, D, E, F, G, H, I]"
2240,2240,C,artificial,D_Dupli,complete,"277 [A, B, C, D, E, F, G, H, I]"
2241,2241,E,artificial,D_Dupli,complete,"277 [A, B, C, D, E, F, G, H, I]"
2242,2242,F,artificial,F,complete,"277 [A, B, C, D, E, F, G, H, I]"
2243,2243,G,artificial,G,complete,"277 [A, B, C, D, E, F, G, H, I]"
2244,2244,H,artificial,H,complete,"277 [A, B, C, D, E, F, G, H, I]"
2245,2245,I,artificial,I,complete,"277 [A, B, C, D, E, F, G, H, I]"
2246,2246,C,artificial,D_Dupli,complete,"278 [B, A, D, C, E, F, G, H, I, J, K, F, G, H, I]"
2247,2247,F,artificial,F,complete,"278 [B, A, D, C, E, F, G, H, I, J, K, F, G, H, I]"
2248,2248,G,artificial,G,complete,"278 [B, A, D, C, E, F, G, H, I, J, K, F, G, H, I]"
2249,2249,H,artificial,H,complete,"278 [B, A, D, C, E, F, G, H, I, J, K, F, G, H, I]"
2250,2250,I,artificial,I,complete,"278 [B, A, D, C, E, F, G, H, I, J, K, F, G, H, I]"
2251,2251,H,artificial,H,complete,"278 [B, A, D, C, E, F, G, H, I, J, K, F, G, H, I]"
2252,2252,G,artificial,G,complete,"278 [B, A, D, C, E, F, G, H, I, J, K, F, G, H, I]"
2253,2253,I,artificial,I,complete,"278 [B, A, D, C, E, F, G, H, I, J, K, F, G, H, I]"
2254,2254,E,artificial,D_Dupli,complete,"278 [B, A, D, C, E, F, G, H, I, J, K, F, G, H, I]"
2255,2255,K,artificial,K,complete,"278 [B, A, D, C, E, F, G, H, I, J, K, F, G, H, I]"
2256,2256,D,artificial,D_Dupli,complete,"278 [B, A, D, C, E, F, G, H, I, J, K, F, G, H, I]"
2257,2257,A,artificial,A,complete,"278 [B, A, D, C, E, F, G, H, I, J, K, F, G, H, I]"
2258,2258,B,artificial,D_Dupli,complete,"278 [B, A, D, C, E, F, G, H, I, J, K, F, G, H, I]"
2259,2259,F,artificial,F,complete,"278 [B, A, D, C, E, F, G, H, I, J, K, F, G, H, I]"
2260,2260,J,artificial,J,complete,"278 [B, A, D, C, E, F, G, H, I, J, K, F, G, H, I]"
2261,2261,B,artificial,D_Dupli,complete,"279 [B, A, D, E, C, F, G, I, H, J, K, F, G, H, I]"
2262,2262,H,artificial,H,complete,"279 [B, A, D, E, C, F, G, I, H, J, K, F, G, H, I]"
2263,2263,A,artificial,A,complete,"279 [B, A, D, E, C, F, G, I, H, J, K, F, G, H, I]"
2264,2264,D,artificial,D_Dupli,complete,"279 [B, A, D, E, C, F, G, I, H, J, K, F, G, H, I]"
2265,2265,E,artificial,D_Dupli,complete,"279 [B, A, D, E, C, F, G, I, H, J, K, F, G, H, I]"
2266,2266,C,artificial,D_Dupli,complete,"279 [B, A, D, E, C, F, G, I, H, J, K, F, G, H, I]"
2267,2267,F,artificial,F,complete,"279 [B, A, D, E, C, F, G, I, H, J, K, F, G, H, I]"
2268,2268,G,artificial,G,complete,"279 [B, A, D, E, C, F, G, I, H, J, K, F, G, H, I]"
2269,2269,I,artificial,I,complete,"279 [B, A, D, E, C, F, G, I, H, J, K, F, G, H, I]"
2270,2270,H,artificial,H,complete,"279 [B, A, D, E, C, F, G, I, H, J, K, F, G, H, I]"
2271,2271,J,artificial,J,complete,"279 [B, A, D, E, C, F, G, I, H, J, K, F, G, H, I]"
2272,2272,K,artificial,K,complete,"279 [B, A, D, E, C, F, G, I, H, J, K, F, G, H, I]"
2273,2273,F,artificial,F,complete,"279 [B, A, D, E, C, F, G, I, H, J, K, F, G, H, I]"
2274,2274,G,artificial,G,complete,"279 [B, A, D, E, C, F, G, I, H, J, K, F, G, H, I]"
2275,2275,I,artificial,I,complete,"279 [B, A, D, E, C, F, G, I, H, J, K, F, G, H, I]"
2276,2276,I,artificial,I,complete,"28 [B, A, D, C, E, F, G, I, H, M, O, N, F, G, I, H]"
2277,2277,G,artificial,G,complete,"28 [B, A, D, C, E, F, G, I, H, M, O, N, F, G, I, H]"
2278,2278,F,artificial,F,complete,"28 [B, A, D, C, E, F, G, I, H, M, O, N, F, G, I, H]"
2279,2279,N,artificial,N,complete,"28 [B, A, D, C, E, F, G, I, H, M, O, N, F, G, I, H]"
2280,2280,O,artificial,O,complete,"28 [B, A, D, C, E, F, G, I, H, M, O, N, F, G, I, H]"
2281,2281,M,artificial,M,complete,"28 [B, A, D, C, E, F, G, I, H, M, O, N, F, G, I, H]"
2282,2282,H,artificial,H,complete,"28 [B, A, D, C, E, F, G, I, H, M, O, N, F, G, I, H]"
2283,2283,F,artificial,F,complete,"28 [B, A, D, C, E, F, G, I, H, M, O, N, F, G, I, H]"
2284,2284,G,artificial,G,complete,"28 [B, A, D, C, E, F, G, I, H, M, O, N, F, G, I, H]"
2285,2285,E,artificial,D_Dupli,complete,"28 [B, A, D, C, E, F, G, I, H, M, O, N, F, G, I, H]"
2286,2286,C,artificial,D_Dupli,complete,"28 [B, A, D, C, E, F, G, I, H, M, O, N, F, G, I, H]"
2287,2287,D,artificial,D_Dupli,complete,"28 [B, A, D, C, E, F, G, I, H, M, O, N, F, G, I, H]"
2288,2288,H,artificial,H,complete,"28 [B, A, D, C, E, F, G, I, H, M, O, N, F, G, I, H]"
2289,2289,B,artificial,D_Dupli,complete,"28 [B, A, D, C, E, F, G, I, H, M, O, N, F, G, I, H]"
2290,2290,I,artificial,I,complete,"28 [B, A, D, C, E, F, G, I, H, M, O, N, F, G, I, H]"
2291,2291,A,artificial,A,complete,"28 [B, A, D, C, E, F, G, I, H, M, O, N, F, G, I, H]"
2292,2292,C,artificial,D_Dupli,complete,"280 [A, B, C, D, E, F, G, I, H]"
2293,2293,E,artificial,D_Dupli,complete,"280 [A, B, C, D, E, F, G, I, H]"
2294,2294,A,artificial,A,complete,"280 [A, B, C, D, E, F, G, I, H]"
2295,2295,B,artificial,D_Dupli,complete,"280 [A, B, C, D, E, F, G, I, H]"
2296,2296,D,artificial,D_Dupli,complete,"280 [A, B, C, D, E, F, G, I, H]"
2297,2297,F,artificial,F,complete,"280 [A, B, C, D, E, F, G, I, H]"
2298,2298,G,artificial,G,complete,"280 [A, B, C, D, E, F, G, I, H]"
2299,2299,I,artificial,I,complete,"280 [A, B, C, D, E, F, G, I, H]"
2300,2300,H,artificial,H,complete,"280 [A, B, C, D, E, F, G, I, H]"
2301,2301,I,artificial,I,complete,"281 [B, A, C, D, E, F, G, H, I, J, K, F, G, H, I]"
2302,2302,H,artificial,H,complete,"281 [B, A, C, D, E, F, G, H, I, J, K, F, G, H, I]"
2303,2303,G,artificial,G,complete,"281 [B, A, C, D, E, F, G, H, I, J, K, F, G, H, I]"
2304,2304,F,artificial,F,complete,"281 [B, A, C, D, E, F, G, H, I, J, K, F, G, H, I]"
2305,2305,K,artificial,K,complete,"281 [B, A, C, D, E, F, G, H, I, J, K, F, G, H, I]"
2306,2306,J,artificial,J,complete,"281 [B, A, C, D, E, F, G, H, I, J, K, F, G, H, I]"
2307,2307,H,artificial,H,complete,"281 [B, A, C, D, E, F, G, H, I, J, K, F, G, H, I]"
2308,2308,I,artificial,I,complete,"281 [B, A, C, D, E, F, G, H, I, J, K, F, G, H, I]"
2309,2309,F,artificial,F,complete,"281 [B, A, C, D, E, F, G, H, I, J, K, F, G, H, I]"
2310,2310,E,artificial,D_Dupli,complete,"281 [B, A, C, D, E, F, G, H, I, J, K, F, G, H, I]"
2311,2311,D,artificial,D_Dupli,complete,"281 [B, A, C, D, E, F, G, H, I, J, K, F, G, H, I]"
2312,2312,C,artificial,D_Dupli,complete,"281 [B, A, C, D, E, F, G, H, I, J, K, F, G, H, I]"
2313,2313,A,artificial,A,complete,"281 [B, A, C, D, E, F, G, H, I, J, K, F, G, H, I]"
2314,2314,B,artificial,D_Dupli,complete,"281 [B, A, C, D, E, F, G, H, I, J, K, F, G, H, I]"
2315,2315,G,artificial,G,complete,"281 [B, A, C, D, E, F, G, H, I, J, K, F, G, H, I]"
2316,2316,I,artificial,I,complete,"282 [B, A, E, C, D, F, G, H, I]"
2317,2317,H,artificial,H,complete,"282 [B, A, E, C, D, F, G, H, I]"
2318,2318,G,artificial,G,complete,"282 [B, A, E, C, D, F, G, H, I]"
2319,2319,F,artificial,F,complete,"282 [B, A, E, C, D, F, G, H, I]"
2320,2320,D,artificial,D_Dupli,complete,"282 [B, A, E, C, D, F, G, H, I]"
2321,2321,A,artificial,A,complete,"282 [B, A, E, C, D, F, G, H, I]"
2322,2322,E,artificial,D_Dupli,complete,"282 [B, A, E, C, D, F, G, H, I]"
2323,2323,B,artificial,D_Dupli,complete,"282 [B, A, E, C, D, F, G, H, I]"
2324,2324,C,artificial,D_Dupli,complete,"282 [B, A, E, C, D, F, G, H, I]"
2325,2325,D,artificial,D_Dupli,complete,"283 [B, A, E, D, C, F, G, I, H, N, M, O, F, G, H, I]"
2326,2326,A,artificial,A,complete,"283 [B, A, E, D, C, F, G, I, H, N, M, O, F, G, H, I]"
2327,2327,B,artificial,D_Dupli,complete,"283 [B, A, E, D, C, F, G, I, H, N, M, O, F, G, H, I]"
2328,2328,E,artificial,D_Dupli,complete,"283 [B, A, E, D, C, F, G, I, H, N, M, O, F, G, H, I]"
2329,2329,C,artificial,D_Dupli,complete,"283 [B, A, E, D, C, F, G, I, H, N, M, O, F, G, H, I]"
2330,2330,O,artificial,O,complete,"283 [B, A, E, D, C, F, G, I, H, N, M, O, F, G, H, I]"
2331,2331,I,artificial,I,complete,"283 [B, A, E, D, C, F, G, I, H, N, M, O, F, G, H, I]"
2332,2332,G,artificial,G,complete,"283 [B, A, E, D, C, F, G, I, H, N, M, O, F, G, H, I]"
2333,2333,F,artificial,F,complete,"283 [B, A, E, D, C, F, G, I, H, N, M, O, F, G, H, I]"
2334,2334,M,artificial,M,complete,"283 [B, A, E, D, C, F, G, I, H, N, M, O, F, G, H, I]"
2335,2335,H,artificial,H,complete,"283 [B, A, E, D, C, F, G, I, H, N, M, O, F, G, H, I]"
2336,2336,H,artificial,H,complete,"283 [B, A, E, D, C, F, G, I, H, N, M, O, F, G, H, I]"
2337,2337,I,artificial,I,complete,"283 [B, A, E, D, C, F, G, I, H, N, M, O, F, G, H, I]"
2338,2338,G,artificial,G,complete,"283 [B, A, E, D, C, F, G, I, H, N, M, O, F, G, H, I]"
2339,2339,F,artificial,F,complete,"283 [B, A, E, D, C, F, G, I, H, N, M, O, F, G, H, I]"
2340,2340,N,artificial,N,complete,"283 [B, A, E, D, C, F, G, I, H, N, M, O, F, G, H, I]"
2341,2341,I,artificial,I,complete,"284 [A, B, D, C, E, F, G, I, H]"
2342,2342,B,artificial,D_Dupli,complete,"284 [A, B, D, C, E, F, G, I, H]"
2343,2343,D,artificial,D_Dupli,complete,"284 [A, B, D, C, E, F, G, I, H]"
2344,2344,C,artificial,D_Dupli,complete,"284 [A, B, D, C, E, F, G, I, H]"
2345,2345,E,artificial,D_Dupli,complete,"284 [A, B, D, C, E, F, G, I, H]"
2346,2346,F,artificial,F,complete,"284 [A, B, D, C, E, F, G, I, H]"
2347,2347,G,artificial,G,complete,"284 [A, B, D, C, E, F, G, I, H]"
2348,2348,H,artificial,H,complete,"284 [A, B, D, C, E, F, G, I, H]"
2349,2349,A,artificial,A,complete,"284 [A, B, D, C, E, F, G, I, H]"
2350,2350,A,artificial,A,complete,"285 [B, A, D, C, E, F, G, H, I]"
2351,2351,H,artificial,H,complete,"285 [B, A, D, C, E, F, G, H, I]"
2352,2352,G,artificial,G,complete,"285 [B, A, D, C, E, F, G, H, I]"
2353,2353,F,artificial,F,complete,"285 [B, A, D, C, E, F, G, H, I]"
2354,2354,I,artificial,I,complete,"285 [B, A, D, C, E, F, G, H, I]"
2355,2355,C,artificial,D_Dupli,complete,"285 [B, A, D, C, E, F, G, H, I]"
2356,2356,D,artificial,D_Dupli,complete,"285 [B, A, D, C, E, F, G, H, I]"
2357,2357,E,artificial,D_Dupli,complete,"285 [B, A, D, C, E, F, G, H, I]"
2358,2358,B,artificial,D_Dupli,complete,"285 [B, A, D, C, E, F, G, H, I]"
2359,2359,H,artificial,H,complete,"286 [B, A, C, E, D, F, G, I, H]"
2360,2360,E,artificial,D_Dupli,complete,"286 [B, A, C, E, D, F, G, I, H]"
2361,2361,B,artificial,D_Dupli,complete,"286 [B, A, C, E, D, F, G, I, H]"
2362,2362,A,artificial,A,complete,"286 [B, A, C, E, D, F, G, I, H]"
2363,2363,C,artificial,D_Dupli,complete,"286 [B, A, C, E, D, F, G, I, H]"
2364,2364,I,artificial,I,complete,"286 [B, A, C, E, D, F, G, I, H]"
2365,2365,G,artificial,G,complete,"286 [B, A, C, E, D, F, G, I, H]"
2366,2366,F,artificial,F,complete,"286 [B, A, C, E, D, F, G, I, H]"
2367,2367,D,artificial,D_Dupli,complete,"286 [B, A, C, E, D, F, G, I, H]"
2368,2368,G,artificial,G,complete,"287 [B, A, C, E, D, F, G, H, I]"
2369,2369,E,artificial,D_Dupli,complete,"287 [B, A, C, E, D, F, G, H, I]"
2370,2370,D,artificial,D_Dupli,complete,"287 [B, A, C, E, D, F, G, H, I]"
2371,2371,F,artificial,F,complete,"287 [B, A, C, E, D, F, G, H, I]"
2372,2372,B,artificial,D_Dupli,complete,"287 [B, A, C, E, D, F, G, H, I]"
2373,2373,H,artificial,H,complete,"287 [B, A, C, E, D, F, G, H, I]"
2374,2374,I,artificial,I,complete,"287 [B, A, C, E, D, F, G, H, I]"
2375,2375,C,artificial,D_Dupli,complete,"287 [B, A, C, E, D, F, G, H, I]"
2376,2376,A,artificial,A,complete,"287 [B, A, C, E, D, F, G, H, I]"
2377,2377,H,artificial,H,complete,"288 [B, A, D, C, E, F, G, H, I]"
2378,2378,G,artificial,G,complete,"288 [B, A, D, C, E, F, G, H, I]"
2379,2379,F,artificial,F,complete,"288 [B, A, D, C, E, F, G, H, I]"
2380,2380,E,artificial,D_Dupli,complete,"288 [B, A, D, C, E, F, G, H, I]"
2381,2381,C,artificial,D_Dupli,complete,"288 [B, A, D, C, E, F, G, H, I]"
2382,2382,D,artificial,D_Dupli,complete,"288 [B, A, D, C, E, F, G, H, I]"
2383,2383,I,artificial,I,complete,"288 [B, A, D, C, E, F, G, H, I]"
2384,2384,A,artificial,A,complete,"288 [B, A, D, C, E, F, G, H, I]"
2385,2385,B,artificial,D_Dupli,complete,"288 [B, A, D, C, E, F, G, H, I]"
2386,2386,B,artificial,D_Dupli,complete,"289 [B, A, D, E, C, F, G, I, H]"
2387,2387,E,artificial,D_Dupli,complete,"289 [B, A, D, E, C, F, G, I, H]"
2388,2388,C,artificial,D_Dupli,complete,"289 [B, A, D, E, C, F, G, I, H]"
2389,2389,F,artificial,F,complete,"289 [B, A, D, E, C, F, G, I, H]"
2390,2390,G,artificial,G,complete,"289 [B, A, D, E, C, F, G, I, H]"
2391,2391,I,artificial,I,complete,"289 [B, A, D, E, C, F, G, I, H]"
2392,2392,H,artificial,H,complete,"289 [B, A, D, E, C, F, G, I, H]"
2393,2393,D,artificial,D_Dupli,complete,"289 [B, A, D, E, C, F, G, I, H]"
2394,2394,A,artificial,A,complete,"289 [B, A, D, E, C, F, G, I, H]"
2395,2395,D,artificial,D_Dupli,complete,"29 [A, B, E, C, D, F, G, H, I]"
2396,2396,I,artificial,I,complete,"29 [A, B, E, C, D, F, G, H, I]"
2397,2397,G,artificial,G,complete,"29 [A, B, E, C, D, F, G, H, I]"
2398,2398,C,artificial,D_Dupli,complete,"29 [A, B, E, C, D, F, G, H, I]"
2399,2399,E,artificial,D_Dupli,complete,"29 [A, B, E, C, D, F, G, H, I]"
2400,2400,F,artificial,F,complete,"29 [A, B, E, C, D, F, G, H, I]"
2401,2401,A,artificial,A,complete,"29 [A, B, E, C, D, F, G, H, I]"
2402,2402,B,artificial,D_Dupli,complete,"29 [A, B, E, C, D, F, G, H, I]"
2403,2403,H,artificial,H,complete,"29 [A, B, E, C, D, F, G, H, I]"
2404,2404,A,artificial,A,complete,"290 [A, B, C, D, E, F, G, H, I]"
2405,2405,B,artificial,D_Dupli,complete,"290 [A, B, C, D, E, F, G, H, I]"
2406,2406,C,artificial,D_Dupli,complete,"290 [A, B, C, D, E, F, G, H, I]"
2407,2407,D,artificial,D_Dupli,complete,"290 [A, B, C, D, E, F, G, H, I]"
2408,2408,E,artificial,D_Dupli,complete,"290 [A, B, C, D, E, F, G, H, I]"
2409,2409,F,artificial,F,complete,"290 [A, B, C, D, E, F, G, H, I]"
2410,2410,G,artificial,G,complete,"290 [A, B, C, D, E, F, G, H, I]"
2411,2411,H,artificial,H,complete,"290 [A, B, C, D, E, F, G, H, I]"
2412,2412,I,artificial,I,complete,"290 [A, B, C, D, E, F, G, H, I]"
2413,2413,H,artificial,H,complete,"291 [B, A, C, E, D, F, G, H, I]"
2414,2414,F,artificial,F,complete,"291 [B, A, C, E, D, F, G, H, I]"
2415,2415,I,artificial,I,complete,"291 [B, A, C, E, D, F, G, H, I]"
2416,2416,E,artificial,D_Dupli,complete,"291 [B, A, C, E, D, F, G, H, I]"
2417,2417,D,artificial,D_Dupli,complete,"291 [B, A, C, E, D, F, G, H, I]"
2418,2418,B,artificial,D_Dupli,complete,"291 [B, A, C, E, D, F, G, H, I]"
2419,2419,G,artificial,G,complete,"291 [B, A, C, E, D, F, G, H, I]"
2420,2420,A,artificial,A,complete,"291 [B, A, C, E, D, F, G, H, I]"
2421,2421,C,artificial,D_Dupli,complete,"291 [B, A, C, E, D, F, G, H, I]"
2422,2422,A,artificial,A,complete,"292 [A, B, E, C, D, F, G, H, I]"
2423,2423,I,artificial,I,complete,"292 [A, B, E, C, D, F, G, H, I]"
2424,2424,G,artificial,G,complete,"292 [A, B, E, C, D, F, G, H, I]"
2425,2425,H,artificial,H,complete,"292 [A, B, E, C, D, F, G, H, I]"
2426,2426,D,artificial,D_Dupli,complete,"292 [A, B, E, C, D, F, G, H, I]"
2427,2427,C,artificial,D_Dupli,complete,"292 [A, B, E, C, D, F, G, H, I]"
2428,2428,E,artificial,D_Dupli,complete,"292 [A, B, E, C, D, F, G, H, I]"
2429,2429,B,artificial,D_Dupli,complete,"292 [A, B, E, C, D, F, G, H, I]"
2430,2430,F,artificial,F,complete,"292 [A, B, E, C, D, F, G, H, I]"
2431,2431,A,artificial,A,complete,"293 [B, A, C, D, E, F, G, H, I]"
2432,2432,C,artificial,D_Dupli,complete,"293 [B, A, C, D, E, F, G, H, I]"
2433,2433,D,artificial,D_Dupli,complete,"293 [B, A, C, D, E, F, G, H, I]"
2434,2434,E,artificial,D_Dupli,complete,"293 [B, A, C, D, E, F, G, H, I]"
2435,2435,F,artificial,F,complete,"293 [B, A, C, D, E, F, G, H, I]"
2436,2436,H,artificial,H,complete,"293 [B, A, C, D, E, F, G, H, I]"
2437,2437,I,artificial,I,complete,"293 [B, A, C, D, E, F, G, H, I]"
2438,2438,B,artificial,D_Dupli,complete,"293 [B, A, C, D, E, F, G, H, I]"
2439,2439,G,artificial,G,complete,"293 [B, A, C, D, E, F, G, H, I]"
2440,2440,I,artificial,I,complete,"294 [A, B, D, E, C, F, G, H, I]"
2441,2441,B,artificial,D_Dupli,complete,"294 [A, B, D, E, C, F, G, H, I]"
2442,2442,D,artificial,D_Dupli,complete,"294 [A, B, D, E, C, F, G, H, I]"
2443,2443,E,artificial,D_Dupli,complete,"294 [A, B, D, E, C, F, G, H, I]"
2444,2444,C,artificial,D_Dupli,complete,"294 [A, B, D, E, C, F, G, H, I]"
2445,2445,F,artificial,F,complete,"294 [A, B, D, E, C, F, G, H, I]"
2446,2446,G,artificial,G,complete,"294 [A, B, D, E, C, F, G, H, I]"
2447,2447,H,artificial,H,complete,"294 [A, B, D, E, C, F, G, H, I]"
2448,2448,A,artificial,A,complete,"294 [A, B, D, E, C, F, G, H, I]"
2449,2449,D,artificial,D_Dupli,complete,"295 [B, A, D, C, E, F, G, H, I, N, O, M, F, G, I, H]"
2450,2450,C,artificial,D_Dupli,complete,"295 [B, A, D, C, E, F, G, H, I, N, O, M, F, G, I, H]"
2451,2451,E,artificial,D_Dupli,complete,"295 [B, A, D, C, E, F, G, H, I, N, O, M, F, G, I, H]"
2452,2452,I,artificial,I,complete,"295 [B, A, D, C, E, F, G, H, I, N, O, M, F, G, I, H]"
2453,2453,G,artificial,G,complete,"295 [B, A, D, C, E, F, G, H, I, N, O, M, F, G, I, H]"
2454,2454,O,artificial,O,complete,"295 [B, A, D, C, E, F, G, H, I, N, O, M, F, G, I, H]"
2455,2455,F,artificial,F,complete,"295 [B, A, D, C, E, F, G, H, I, N, O, M, F, G, I, H]"
2456,2456,M,artificial,M,complete,"295 [B, A, D, C, E, F, G, H, I, N, O, M, F, G, I, H]"
2457,2457,H,artificial,H,complete,"295 [B, A, D, C, E, F, G, H, I, N, O, M, F, G, I, H]"
2458,2458,F,artificial,F,complete,"295 [B, A, D, C, E, F, G, H, I, N, O, M, F, G, I, H]"
2459,2459,G,artificial,G,complete,"295 [B, A, D, C, E, F, G, H, I, N, O, M, F, G, I, H]"
2460,2460,I,artificial,I,complete,"295 [B, A, D, C, E, F, G, H, I, N, O, M, F, G, I, H]"
2461,2461,H,artificial,H,complete,"295 [B, A, D, C, E, F, G, H, I, N, O, M, F, G, I, H]"
2462,2462,B,artificial,D_Dupli,complete,"295 [B, A, D, C, E, F, G, H, I, N, O, M, F, G, I, H]"
2463,2463,A,artificial,A,complete,"295 [B, A, D, C, E, F, G, H, I, N, O, M, F, G, I, H]"
2464,2464,N,artificial,N,complete,"295 [B, A, D, C, E, F, G, H, I, N, O, M, F, G, I, H]"
2465,2465,I,artificial,I,complete,"296 [A, B, D, E, C, F, G, H, I, J, K, L, J, K, F, G, H, I]"
2466,2466,H,artificial,H,complete,"296 [A, B, D, E, C, F, G, H, I, J, K, L, J, K, F, G, H, I]"
2467,2467,L,artificial,L,complete,"296 [A, B, D, E, C, F, G, H, I, J, K, L, J, K, F, G, H, I]"
2468,2468,K,artificial,K,complete,"296 [A, B, D, E, C, F, G, H, I, J, K, L, J, K, F, G, H, I]"
2469,2469,G,artificial,G,complete,"296 [A, B, D, E, C, F, G, H, I, J, K, L, J, K, F, G, H, I]"
2470,2470,J,artificial,J,complete,"296 [A, B, D, E, C, F, G, H, I, J, K, L, J, K, F, G, H, I]"
2471,2471,K,artificial,K,complete,"296 [A, B, D, E, C, F, G, H, I, J, K, L, J, K, F, G, H, I]"
2472,2472,F,artificial,F,complete,"296 [A, B, D, E, C, F, G, H, I, J, K, L, J, K, F, G, H, I]"
2473,2473,G,artificial,G,complete,"296 [A, B, D, E, C, F, G, H, I, J, K, L, J, K, F, G, H, I]"
2474,2474,H,artificial,H,complete,"296 [A, B, D, E, C, F, G, H, I, J, K, L, J, K, F, G, H, I]"
2475,2475,I,artificial,I,complete,"296 [A, B, D, E, C, F, G, H, I, J, K, L, J, K, F, G, H, I]"
2476,2476,J,artificial,J,complete,"296 [A, B, D, E, C, F, G, H, I, J, K, L, J, K, F, G, H, I]"
2477,2477,F,artificial,F,complete,"296 [A, B, D, E, C, F, G, H, I, J, K, L, J, K, F, G, H, I]"
2478,2478,E,artificial,D_Dupli,complete,"296 [A, B, D, E, C, F, G, H, I, J, K, L, J, K, F, G, H, I]"
2479,2479,D,artificial,D_Dupli,complete,"296 [A, B, D, E, C, F, G, H, I, J, K, L, J, K, F, G, H, I]"
2480,2480,B,artificial,D_Dupli,complete,"296 [A, B, D, E, C, F, G, H, I, J, K, L, J, K, F, G, H, I]"
2481,2481,A,artificial,A,complete,"296 [A, B, D, E, C, F, G, H, I, J, K, L, J, K, F, G, H, I]"
2482,2482,C,artificial,D_Dupli,complete,"296 [A, B, D, E, C, F, G, H, I, J, K, L, J, K, F, G, H, I]"
2483,2483,E,artificial,D_Dupli,complete,"297 [B, A, C, D, E, F, G, H, I, M, O, N, F, G, H, I]"
2484,2484,D,artificial,D_Dupli,complete,"297 [B, A, C, D, E, F, G, H, I, M, O, N, F, G, H, I]"
2485,2485,F,artificial,F,complete,"297 [B, A, C, D, E, F, G, H, I, M, O, N, F, G, H, I]"
2486,2486,G,artificial,G,complete,"297 [B, A, C, D, E, F, G, H, I, M, O, N, F, G, H, I]"
2487,2487,H,artificial,H,complete,"297 [B, A, C, D, E, F, G, H, I, M, O, N, F, G, H, I]"
2488,2488,I,artificial,I,complete,"297 [B, A, C, D, E, F, G, H, I, M, O, N, F, G, H, I]"
2489,2489,M,artificial,M,complete,"297 [B, A, C, D, E, F, G, H, I, M, O, N, F, G, H, I]"
2490,2490,I,artificial,I,complete,"297 [B, A, C, D, E, F, G, H, I, M, O, N, F, G, H, I]"
2491,2491,N,artificial,N,complete,"297 [B, A, C, D, E, F, G, H, I, M, O, N, F, G, H, I]"
2492,2492,F,artificial,F,complete,"297 [B, A, C, D, E, F, G, H, I, M, O, N, F, G, H, I]"
2493,2493,C,artificial,D_Dupli,complete,"297 [B, A, C, D, E, F, G, H, I, M, O, N, F, G, H, I]"
2494,2494,O,artificial,O,complete,"297 [B, A, C, D, E, F, G, H, I, M, O, N, F, G, H, I]"
2495,2495,B,artificial,D_Dupli,complete,"297 [B, A, C, D, E, F, G, H, I, M, O, N, F, G, H, I]"
2496,2496,A,artificial,A,complete,"297 [B, A, C, D, E, F, G, H, I, M, O, N, F, G, H, I]"
2497,2497,H,artificial,H,complete,"297 [B, A, C, D, E, F, G, H, I, M, O, N, F, G, H, I]"
2498,2498,G,artificial,G,complete,"297 [B, A, C, D, E, F, G, H, I, M, O, N, F, G, H, I]"
2499,2499,C,artificial,D_Dupli,complete,"298 [A, B, E, D, C, F, G, H, I]"
2500,2500,A,artificial,A,complete,"298 [A, B, E, D, C, F, G, H, I]"
2501,2501,B,artificial,D_Dupli,complete,"298 [A, B, E, D, C, F, G, H, I]"
2502,2502,E,artificial,D_Dupli,complete,"298 [A, B, E, D, C, F, G, H, I]"
2503,2503,D,artificial,D_Dupli,complete,"298 [A, B, E, D, C, F, G, H, I]"
2504,2504,F,artificial,F,complete,"298 [A, B, E, D, C, F, G, H, I]"
2505,2505,H,artificial,H,complete,"298 [A, B, E, D, C, F, G, H, I]"
2506,2506,I,artificial,I,complete,"298 [A, B, E, D, C, F, G, H, I]"
2507,2507,G,artificial,G,complete,"298 [A, B, E, D, C, F, G, H, I]"
2508,2508,A,artificial,A,complete,"299 [A, B, C, E, D, F, G, H, I]"
2509,2509,D,artificial,D_Dupli,complete,"299 [A, B, C, E, D, F, G, H, I]"
2510,2510,E,artificial,D_Dupli,complete,"299 [A, B, C, E, D, F, G, H, I]"
2511,2511,C,artificial,D_Dupli,complete,"299 [A, B, C, E, D, F, G, H, I]"
2512,2512,F,artificial,F,complete,"299 [A, B, C, E, D, F, G, H, I]"
2513,2513,G,artificial,G,complete,"299 [A, B, C, E, D, F, G, H, I]"
2514,2514,H,artificial,H,complete,"299 [A, B, C, E, D, F, G, H, I]"
2515,2515,B,artificial,D_Dupli,complete,"299 [A, B, C, E, D, F, G, H, I]"
2516,2516,I,artificial,I,complete,"299 [A, B, C, E, D, F, G, H, I]"
2517,2517,B,artificial,D_Dupli,complete,"3 [A, B, C, D, E, F, G, I, H]"
2518,2518,H,artificial,H,complete,"3 [A, B, C, D, E, F, G, I, H]"
2519,2519,I,artificial,I,complete,"3 [A, B, C, D, E, F, G, I, H]"
2520,2520,G,artificial,G,complete,"3 [A, B, C, D, E, F, G, I, H]"
2521,2521,F,artificial,F,complete,"3 [A, B, C, D, E, F, G, I, H]"
2522,2522,E,artificial,D_Dupli,complete,"3 [A, B, C, D, E, F, G, I, H]"
2523,2523,D,artificial,D_Dupli,complete,"3 [A, B, C, D, E, F, G, I, H]"
2524,2524,C,artificial,D_Dupli,complete,"3 [A, B, C, D, E, F, G, I, H]"
2525,2525,A,artificial,A,complete,"3 [A, B, C, D, E, F, G, I, H]"
2526,2526,H,artificial,H,complete,"30 [A, B, E, C, D, F, G, I, H]"
2527,2527,I,artificial,I,complete,"30 [A, B, E, C, D, F, G, I, H]"
2528,2528,A,artificial,A,complete,"30 [A, B, E, C, D, F, G, I, H]"
2529,2529,B,artificial,D_Dupli,complete,"30 [A, B, E, C, D, F, G, I, H]"
2530,2530,E,artificial,D_Dupli,complete,"30 [A, B, E, C, D, F, G, I, H]"
2531,2531,C,artificial,D_Dupli,complete,"30 [A, B, E, C, D, F, G, I, H]"
2532,2532,D,artificial,D_Dupli,complete,"30 [A, B, E, C, D, F, G, I, H]"
2533,2533,F,artificial,F,complete,"30 [A, B, E, C, D, F, G, I, H]"
2534,2534,G,artificial,G,complete,"30 [A, B, E, C, D, F, G, I, H]"
2535,2535,H,artificial,H,complete,"300 [B, A, C, E, D, F, G, I, H]"
2536,2536,I,artificial,I,complete,"300 [B, A, C, E, D, F, G, I, H]"
2537,2537,F,artificial,F,complete,"300 [B, A, C, E, D, F, G, I, H]"
2538,2538,D,artificial,D_Dupli,complete,"300 [B, A, C, E, D, F, G, I, H]"
2539,2539,G,artificial,G,complete,"300 [B, A, C, E, D, F, G, I, H]"
2540,2540,C,artificial,D_Dupli,complete,"300 [B, A, C, E, D, F, G, I, H]"
2541,2541,A,artificial,A,complete,"300 [B, A, C, E, D, F, G, I, H]"
2542,2542,B,artificial,D_Dupli,complete,"300 [B, A, C, E, D, F, G, I, H]"
2543,2543,E,artificial,D_Dupli,complete,"300 [B, A, C, E, D, F, G, I, H]"
2544,2544,I,artificial,I,complete,"301 [B, A, C, D, E, F, G, I, H]"
2545,2545,G,artificial,G,complete,"301 [B, A, C, D, E, F, G, I, H]"
2546,2546,F,artificial,F,complete,"301 [B, A, C, D, E, F, G, I, H]"
2547,2547,E,artificial,D_Dupli,complete,"301 [B, A, C, D, E, F, G, I, H]"
2548,2548,H,artificial,H,complete,"301 [B, A, C, D, E, F, G, I, H]"
2549,2549,C,artificial,D_Dupli,complete,"301 [B, A, C, D, E, F, G, I, H]"
2550,2550,A,artificial,A,complete,"301 [B, A, C, D, E, F, G, I, H]"
2551,2551,B,artificial,D_Dupli,complete,"301 [B, A, C, D, E, F, G, I, H]"
2552,2552,D,artificial,D_Dupli,complete,"301 [B, A, C, D, E, F, G, I, H]"
2553,2553,H,artificial,H,complete,"302 [B, A, D, C, E, F, G, I, H]"
2554,2554,I,artificial,I,complete,"302 [B, A, D, C, E, F, G, I, H]"
2555,2555,G,artificial,G,complete,"302 [B, A, D, C, E, F, G, I, H]"
2556,2556,F,artificial,F,complete,"302 [B, A, D, C, E, F, G, I, H]"
2557,2557,E,artificial,D_Dupli,complete,"302 [B, A, D, C, E, F, G, I, H]"
2558,2558,D,artificial,D_Dupli,complete,"302 [B, A, D, C, E, F, G, I, H]"
2559,2559,A,artificial,A,complete,"302 [B, A, D, C, E, F, G, I, H]"
2560,2560,B,artificial,D_Dupli,complete,"302 [B, A, D, C, E, F, G, I, H]"
2561,2561,C,artificial,D_Dupli,complete,"302 [B, A, D, C, E, F, G, I, H]"
2562,2562,G,artificial,G,complete,"303 [B, A, C, D, E, F, G, I, H]"
2563,2563,H,artificial,H,complete,"303 [B, A, C, D, E, F, G, I, H]"
2564,2564,I,artificial,I,complete,"303 [B, A, C, D, E, F, G, I, H]"
2565,2565,F,artificial,F,complete,"303 [B, A, C, D, E, F, G, I, H]"
2566,2566,E,artificial,D_Dupli,complete,"303 [B, A, C, D, E, F, G, I, H]"
2567,2567,C,artificial,D_Dupli,complete,"303 [B, A, C, D, E, F, G, I, H]"
2568,2568,A,artificial,A,complete,"303 [B, A, C, D, E, F, G, I, H]"
2569,2569,B,artificial,D_Dupli,complete,"303 [B, A, C, D, E, F, G, I, H]"
2570,2570,D,artificial,D_Dupli,complete,"303 [B, A, C, D, E, F, G, I, H]"
2571,2571,H,artificial,H,complete,"304 [B, A, E, D, C, F, G, I, H]"
2572,2572,I,artificial,I,complete,"304 [B, A, E, D, C, F, G, I, H]"
2573,2573,G,artificial,G,complete,"304 [B, A, E, D, C, F, G, I, H]"
2574,2574,F,artificial,F,complete,"304 [B, A, E, D, C, F, G, I, H]"
2575,2575,D,artificial,D_Dupli,complete,"304 [B, A, E, D, C, F, G, I, H]"
2576,2576,E,artificial,D_Dupli,complete,"304 [B, A, E, D, C, F, G, I, H]"
2577,2577,A,artificial,A,complete,"304 [B, A, E, D, C, F, G, I, H]"
2578,2578,B,artificial,D_Dupli,complete,"304 [B, A, E, D, C, F, G, I, H]"
2579,2579,C,artificial,D_Dupli,complete,"304 [B, A, E, D, C, F, G, I, H]"
2580,2580,G,artificial,G,complete,"305 [B, A, D, E, C, F, G, H, I]"
2581,2581,I,artificial,I,complete,"305 [B, A, D, E, C, F, G, H, I]"
2582,2582,H,artificial,H,complete,"305 [B, A, D, E, C, F, G, H, I]"
2583,2583,F,artificial,F,complete,"305 [B, A, D, E, C, F, G, H, I]"
2584,2584,D,artificial,D_Dupli,complete,"305 [B, A, D, E, C, F, G, H, I]"
2585,2585,E,artificial,D_Dupli,complete,"305 [B, A, D, E, C, F, G, H, I]"
2586,2586,A,artificial,A,complete,"305 [B, A, D, E, C, F, G, H, I]"
2587,2587,B,artificial,D_Dupli,complete,"305 [B, A, D, E, C, F, G, H, I]"
2588,2588,C,artificial,D_Dupli,complete,"305 [B, A, D, E, C, F, G, H, I]"
2589,2589,N,artificial,N,complete,"306 [A, B, D, E, C, F, G, H, I, N, O, M, F, G, I, H]"
2590,2590,H,artificial,H,complete,"306 [A, B, D, E, C, F, G, H, I, N, O, M, F, G, I, H]"
2591,2591,I,artificial,I,complete,"306 [A, B, D, E, C, F, G, H, I, N, O, M, F, G, I, H]"
2592,2592,G,artificial,G,complete,"306 [A, B, D, E, C, F, G, H, I, N, O, M, F, G, I, H]"
2593,2593,F,artificial,F,complete,"306 [A, B, D, E, C, F, G, H, I, N, O, M, F, G, I, H]"
2594,2594,M,artificial,M,complete,"306 [A, B, D, E, C, F, G, H, I, N, O, M, F, G, I, H]"
2595,2595,I,artificial,I,complete,"306 [A, B, D, E, C, F, G, H, I, N, O, M, F, G, I, H]"
2596,2596,O,artificial,O,complete,"306 [A, B, D, E, C, F, G, H, I, N, O, M, F, G, I, H]"
2597,2597,G,artificial,G,complete,"306 [A, B, D, E, C, F, G, H, I, N, O, M, F, G, I, H]"
2598,2598,F,artificial,F,complete,"306 [A, B, D, E, C, F, G, H, I, N, O, M, F, G, I, H]"
2599,2599,C,artificial,D_Dupli,complete,"306 [A, B, D, E, C, F, G, H, I, N, O, M, F, G, I, H]"
2600,2600,E,artificial,D_Dupli,complete,"306 [A, B, D, E, C, F, G, H, I, N, O, M, F, G, I, H]"
2601,2601,D,artificial,D_Dupli,complete,"306 [A, B, D, E, C, F, G, H, I, N, O, M, F, G, I, H]"
2602,2602,B,artificial,D_Dupli,complete,"306 [A, B, D, E, C, F, G, H, I, N, O, M, F, G, I, H]"
2603,2603,A,artificial,A,complete,"306 [A, B, D, E, C, F, G, H, I, N, O, M, F, G, I, H]"
2604,2604,H,artificial,H,complete,"306 [A, B, D, E, C, F, G, H, I, N, O, M, F, G, I, H]"
2605,2605,I,artificial,I,complete,"307 [A, B, E, C, D, F, G, H, I]"
2606,2606,H,artificial,H,complete,"307 [A, B, E, C, D, F, G, H, I]"
2607,2607,G,artificial,G,complete,"307 [A, B, E, C, D, F, G, H, I]"
2608,2608,F,artificial,F,complete,"307 [A, B, E, C, D, F, G, H, I]"
2609,2609,D,artificial,D_Dupli,complete,"307 [A, B, E, C, D, F, G, H, I]"
2610,2610,C,artificial,D_Dupli,complete,"307 [A, B, E, C, D, F, G, H, I]"
2611,2611,E,artificial,D_Dupli,complete,"307 [A, B, E, C, D, F, G, H, I]"
2612,2612,B,artificial,D_Dupli,complete,"307 [A, B, E, C, D, F, G, H, I]"
2613,2613,A,artificial,A,complete,"307 [A, B, E, C, D, F, G, H, I]"
2614,2614,C,artificial,D_Dupli,complete,"308 [B, A, D, C, E, F, G, H, I, N, O, M, F, G, I, H]"
2615,2615,E,artificial,D_Dupli,complete,"308 [B, A, D, C, E, F, G, H, I, N, O, M, F, G, I, H]"
2616,2616,F,artificial,F,complete,"308 [B, A, D, C, E, F, G, H, I, N, O, M, F, G, I, H]"
2617,2617,G,artificial,G,complete,"308 [B, A, D, C, E, F, G, H, I, N, O, M, F, G, I, H]"
2618,2618,H,artificial,H,complete,"308 [B, A, D, C, E, F, G, H, I, N, O, M, F, G, I, H]"
2619,2619,I,artificial,I,complete,"308 [B, A, D, C, E, F, G, H, I, N, O, M, F, G, I, H]"
2620,2620,N,artificial,N,complete,"308 [B, A, D, C, E, F, G, H, I, N, O, M, F, G, I, H]"
2621,2621,D,artificial,D_Dupli,complete,"308 [B, A, D, C, E, F, G, H, I, N, O, M, F, G, I, H]"
2622,2622,M,artificial,M,complete,"308 [B, A, D, C, E, F, G, H, I, N, O, M, F, G, I, H]"
2623,2623,F,artificial,F,complete,"308 [B, A, D, C, E, F, G, H, I, N, O, M, F, G, I, H]"
2624,2624,G,artificial,G,complete,"308 [B, A, D, C, E, F, G, H, I, N, O, M, F, G, I, H]"
2625,2625,I,artificial,I,complete,"308 [B, A, D, C, E, F, G, H, I, N, O, M, F, G, I, H]"
2626,2626,H,artificial,H,complete,"308 [B, A, D, C, E, F, G, H, I, N, O, M, F, G, I, H]"
2627,2627,B,artificial,D_Dupli,complete,"308 [B, A, D, C, E, F, G, H, I, N, O, M, F, G, I, H]"
2628,2628,O,artificial,O,complete,"308 [B, A, D, C, E, F, G, H, I, N, O, M, F, G, I, H]"
2629,2629,A,artificial,A,complete,"308 [B, A, D, C, E, F, G, H, I, N, O, M, F, G, I, H]"
2630,2630,A,artificial,A,complete,"309 [B, A, D, E, C, F, G, H, I]"
2631,2631,D,artificial,D_Dupli,complete,"309 [B, A, D, E, C, F, G, H, I]"
2632,2632,E,artificial,D_Dupli,complete,"309 [B, A, D, E, C, F, G, H, I]"
2633,2633,C,artificial,D_Dupli,complete,"309 [B, A, D, E, C, F, G, H, I]"
2634,2634,F,artificial,F,complete,"309 [B, A, D, E, C, F, G, H, I]"
2635,2635,G,artificial,G,complete,"309 [B, A, D, E, C, F, G, H, I]"
2636,2636,H,artificial,H,complete,"309 [B, A, D, E, C, F, G, H, I]"
2637,2637,I,artificial,I,complete,"309 [B, A, D, E, C, F, G, H, I]"
2638,2638,B,artificial,D_Dupli,complete,"309 [B, A, D, E, C, F, G, H, I]"
2639,2639,E,artificial,D_Dupli,complete,"31 [B, A, E, C, D, F, G, H, I]"
2640,2640,C,artificial,D_Dupli,complete,"31 [B, A, E, C, D, F, G, H, I]"
2641,2641,D,artificial,D_Dupli,complete,"31 [B, A, E, C, D, F, G, H, I]"
2642,2642,F,artificial,F,complete,"31 [B, A, E, C, D, F, G, H, I]"
2643,2643,G,artificial,G,complete,"31 [B, A, E, C, D, F, G, H, I]"
2644,2644,H,artificial,H,complete,"31 [B, A, E, C, D, F, G, H, I]"
2645,2645,I,artificial,I,complete,"31 [B, A, E, C, D, F, G, H, I]"
2646,2646,A,artificial,A,complete,"31 [B, A, E, C, D, F, G, H, I]"
2647,2647,B,artificial,D_Dupli,complete,"31 [B, A, E, C, D, F, G, H, I]"
2648,2648,H,artificial,H,complete,"310 [A, B, E, C, D, F, G, I, H]"
2649,2649,G,artificial,G,complete,"310 [A, B, E, C, D, F, G, I, H]"
2650,2650,F,artificial,F,complete,"310 [A, B, E, C, D, F, G, I, H]"
2651,2651,D,artificial,D_Dupli,complete,"310 [A, B, E, C, D, F, G, I, H]"
2652,2652,C,artificial,D_Dupli,complete,"310 [A, B, E, C, D, F, G, I, H]"
2653,2653,E,artificial,D_Dupli,complete,"310 [A, B, E, C, D, F, G, I, H]"
2654,2654,B,artificial,D_Dupli,complete,"310 [A, B, E, C, D, F, G, I, H]"
2655,2655,A,artificial,A,complete,"310 [A, B, E, C, D, F, G, I, H]"
2656,2656,I,artificial,I,complete,"310 [A, B, E, C, D, F, G, I, H]"
2657,2657,B,artificial,D_Dupli,complete,"311 [A, B, E, D, C, F, G, I, H]"
2658,2658,A,artificial,A,complete,"311 [A, B, E, D, C, F, G, I, H]"
2659,2659,E,artificial,D_Dupli,complete,"311 [A, B, E, D, C, F, G, I, H]"
2660,2660,D,artificial,D_Dupli,complete,"311 [A, B, E, D, C, F, G, I, H]"
2661,2661,C,artificial,D_Dupli,complete,"311 [A, B, E, D, C, F, G, I, H]"
2662,2662,F,artificial,F,complete,"311 [A, B, E, D, C, F, G, I, H]"
2663,2663,G,artificial,G,complete,"311 [A, B, E, D, C, F, G, I, H]"
2664,2664,I,artificial,I,complete,"311 [A, B, E, D, C, F, G, I, H]"
2665,2665,H,artificial,H,complete,"311 [A, B, E, D, C, F, G, I, H]"
2666,2666,D,artificial,D_Dupli,complete,"312 [B, A, C, D, E, F, G, H, I]"
2667,2667,E,artificial,D_Dupli,complete,"312 [B, A, C, D, E, F, G, H, I]"
2668,2668,F,artificial,F,complete,"312 [B, A, C, D, E, F, G, H, I]"
2669,2669,G,artificial,G,complete,"312 [B, A, C, D, E, F, G, H, I]"
2670,2670,H,artificial,H,complete,"312 [B, A, C, D, E, F, G, H, I]"
2671,2671,I,artificial,I,complete,"312 [B, A, C, D, E, F, G, H, I]"
2672,2672,A,artificial,A,complete,"312 [B, A, C, D, E, F, G, H, I]"
2673,2673,C,artificial,D_Dupli,complete,"312 [B, A, C, D, E, F, G, H, I]"
2674,2674,B,artificial,D_Dupli,complete,"312 [B, A, C, D, E, F, G, H, I]"
2675,2675,G,artificial,G,complete,"313 [A, B, C, D, E, F, G, I, H]"
2676,2676,I,artificial,I,complete,"313 [A, B, C, D, E, F, G, I, H]"
2677,2677,F,artificial,F,complete,"313 [A, B, C, D, E, F, G, I, H]"
2678,2678,E,artificial,D_Dupli,complete,"313 [A, B, C, D, E, F, G, I, H]"
2679,2679,D,artificial,D_Dupli,complete,"313 [A, B, C, D, E, F, G, I, H]"
2680,2680,C,artificial,D_Dupli,complete,"313 [A, B, C, D, E, F, G, I, H]"
2681,2681,B,artificial,D_Dupli,complete,"313 [A, B, C, D, E, F, G, I, H]"
2682,2682,H,artificial,H,complete,"313 [A, B, C, D, E, F, G, I, H]"
2683,2683,A,artificial,A,complete,"313 [A, B, C, D, E, F, G, I, H]"
2684,2684,H,artificial,H,complete,"314 [A, B, D, E, C, F, G, H, I]"
2685,2685,I,artificial,I,complete,"314 [A, B, D, E, C, F, G, H, I]"
2686,2686,A,artificial,A,complete,"314 [A, B, D, E, C, F, G, H, I]"
2687,2687,B,artificial,D_Dupli,complete,"314 [A, B, D, E, C, F, G, H, I]"
2688,2688,D,artificial,D_Dupli,complete,"314 [A, B, D, E, C, F, G, H, I]"
2689,2689,E,artificial,D_Dupli,complete,"314 [A, B, D, E, C, F, G, H, I]"
2690,2690,C,artificial,D_Dupli,complete,"314 [A, B, D, E, C, F, G, H, I]"
2691,2691,F,artificial,F,complete,"314 [A, B, D, E, C, F, G, H, I]"
2692,2692,G,artificial,G,complete,"314 [A, B, D, E, C, F, G, H, I]"
2693,2693,B,artificial,D_Dupli,complete,"315 [A, B, C, E, D, F, G, I, H]"
2694,2694,C,artificial,D_Dupli,complete,"315 [A, B, C, E, D, F, G, I, H]"
2695,2695,G,artificial,G,complete,"315 [A, B, C, E, D, F, G, I, H]"
2696,2696,E,artificial,D_Dupli,complete,"315 [A, B, C, E, D, F, G, I, H]"
2697,2697,D,artificial,D_Dupli,complete,"315 [A, B, C, E, D, F, G, I, H]"
2698,2698,F,artificial,F,complete,"315 [A, B, C, E, D, F, G, I, H]"
2699,2699,A,artificial,A,complete,"315 [A, B, C, E, D, F, G, I, H]"
2700,2700,I,artificial,I,complete,"315 [A, B, C, E, D, F, G, I, H]"
2701,2701,H,artificial,H,complete,"315 [A, B, C, E, D, F, G, I, H]"
2702,2702,B,artificial,D_Dupli,complete,"316 [B, A, D, E, C, F, G, H, I, J, K, F, G, I, H]"
2703,2703,D,artificial,D_Dupli,complete,"316 [B, A, D, E, C, F, G, H, I, J, K, F, G, I, H]"
2704,2704,A,artificial,A,complete,"316 [B, A, D, E, C, F, G, H, I, J, K, F, G, I, H]"
2705,2705,H,artificial,H,complete,"316 [B, A, D, E, C, F, G, H, I, J, K, F, G, I, H]"
2706,2706,E,artificial,D_Dupli,complete,"316 [B, A, D, E, C, F, G, H, I, J, K, F, G, I, H]"
2707,2707,G,artificial,G,complete,"316 [B, A, D, E, C, F, G, H, I, J, K, F, G, I, H]"
2708,2708,C,artificial,D_Dupli,complete,"316 [B, A, D, E, C, F, G, H, I, J, K, F, G, I, H]"
2709,2709,F,artificial,F,complete,"316 [B, A, D, E, C, F, G, H, I, J, K, F, G, I, H]"
2710,2710,G,artificial,G,complete,"316 [B, A, D, E, C, F, G, H, I, J, K, F, G, I, H]"
2711,2711,H,artificial,H,complete,"316 [B, A, D, E, C, F, G, H, I, J, K, F, G, I, H]"
2712,2712,F,artificial,F,complete,"316 [B, A, D, E, C, F, G, H, I, J, K, F, G, I, H]"
2713,2713,I,artificial,I,complete,"316 [B, A, D, E, C, F, G, H, I, J, K, F, G, I, H]"
2714,2714,J,artificial,J,complete,"316 [B, A, D, E, C, F, G, H, I, J, K, F, G, I, H]"
2715,2715,K,artificial,K,complete,"316 [B, A, D, E, C, F, G, H, I, J, K, F, G, I, H]"
2716,2716,I,artificial,I,complete,"316 [B, A, D, E, C, F, G, H, I, J, K, F, G, I, H]"
2717,2717,H,artificial,H,complete,"317 [B, A, C, D, E, F, G, H, I, M, N, O, F, G, H, I, J, K, F, G, I, H]"
2718,2718,H,artificial,H,complete,"317 [B, A, C, D, E, F, G, H, I, M, N, O, F, G, H, I, J, K, F, G, I, H]"
2719,2719,I,artificial,I,complete,"317 [B, A, C, D, E, F, G, H, I, M, N, O, F, G, H, I, J, K, F, G, I, H]"
2720,2720,N,artificial,N,complete,"317 [B, A, C, D, E, F, G, H, I, M, N, O, F, G, H, I, J, K, F, G, I, H]"
2721,2721,O,artificial,O,complete,"317 [B, A, C, D, E, F, G, H, I, M, N, O, F, G, H, I, J, K, F, G, I, H]"
2722,2722,F,artificial,F,complete,"317 [B, A, C, D, E, F, G, H, I, M, N, O, F, G, H, I, J, K, F, G, I, H]"
2723,2723,G,artificial,G,complete,"317 [B, A, C, D, E, F, G, H, I, M, N, O, F, G, H, I, J, K, F, G, I, H]"
2724,2724,H,artificial,H,complete,"317 [B, A, C, D, E, F, G, H, I, M, N, O, F, G, H, I, J, K, F, G, I, H]"
2725,2725,I,artificial,I,complete,"317 [B, A, C, D, E, F, G, H, I, M, N, O, F, G, H, I, J, K, F, G, I, H]"
2726,2726,K,artificial,K,complete,"317 [B, A, C, D, E, F, G, H, I, M, N, O, F, G, H, I, J, K, F, G, I, H]"
2727,2727,F,artificial,F,complete,"317 [B, A, C, D, E, F, G, H, I, M, N, O, F, G, H, I, J, K, F, G, I, H]"
2728,2728,G,artificial,G,complete,"317 [B, A, C, D, E, F, G, H, I, M, N, O, F, G, H, I, J, K, F, G, I, H]"
2729,2729,I,artificial,I,complete,"317 [B, A, C, D, E, F, G, H, I, M, N, O, F, G, H, I, J, K, F, G, I, H]"
2730,2730,M,artificial,M,complete,"317 [B, A, C, D, E, F, G, H, I, M, N, O, F, G, H, I, J, K, F, G, I, H]"
2731,2731,J,artificial,J,complete,"317 [B, A, C, D, E, F, G, H, I, M, N, O, F, G, H, I, J, K, F, G, I, H]"
2732,2732,A,artificial,A,complete,"317 [B, A, C, D, E, F, G, H, I, M, N, O, F, G, H, I, J, K, F, G, I, H]"
2733,2733,F,artificial,F,complete,"317 [B, A, C, D, E, F, G, H, I, M, N, O, F, G, H, I, J, K, F, G, I, H]"
2734,2734,B,artificial,D_Dupli,complete,"317 [B, A, C, D, E, F, G, H, I, M, N, O, F, G, H, I, J, K, F, G, I, H]"
2735,2735,C,artificial,D_Dupli,complete,"317 [B, A, C, D, E, F, G, H, I, M, N, O, F, G, H, I, J, K, F, G, I, H]"
2736,2736,D,artificial,D_Dupli,complete,"317 [B, A, C, D, E, F, G, H, I, M, N, O, F, G, H, I, J, K, F, G, I, H]"
2737,2737,G,artificial,G,complete,"317 [B, A, C, D, E, F, G, H, I, M, N, O, F, G, H, I, J, K, F, G, I, H]"
2738,2738,E,artificial,D_Dupli,complete,"317 [B, A, C, D, E, F, G, H, I, M, N, O, F, G, H, I, J, K, F, G, I, H]"
2739,2739,D,artificial,D_Dupli,complete,"318 [A, B, C, D, E, F, G, I, H]"
2740,2740,C,artificial,D_Dupli,complete,"318 [A, B, C, D, E, F, G, I, H]"
2741,2741,B,artificial,D_Dupli,complete,"318 [A, B, C, D, E, F, G, I, H]"
2742,2742,G,artificial,G,complete,"318 [A, B, C, D, E, F, G, I, H]"
2743,2743,A,artificial,A,complete,"318 [A, B, C, D, E, F, G, I, H]"
2744,2744,I,artificial,I,complete,"318 [A, B, C, D, E, F, G, I, H]"
2745,2745,H,artificial,H,complete,"318 [A, B, C, D, E, F, G, I, H]"
2746,2746,E,artificial,D_Dupli,complete,"318 [A, B, C, D, E, F, G, I, H]"
2747,2747,F,artificial,F,complete,"318 [A, B, C, D, E, F, G, I, H]"
2748,2748,A,artificial,A,complete,"319 [A, B, C, D, E, F, G, I, H, J, K, F, G, H, I]"
2749,2749,B,artificial,D_Dupli,complete,"319 [A, B, C, D, E, F, G, I, H, J, K, F, G, H, I]"
2750,2750,C,artificial,D_Dupli,complete,"319 [A, B, C, D, E, F, G, I, H, J, K, F, G, H, I]"
2751,2751,I,artificial,I,complete,"319 [A, B, C, D, E, F, G, I, H, J, K, F, G, H, I]"
2752,2752,E,artificial,D_Dupli,complete,"319 [A, B, C, D, E, F, G, I, H, J, K, F, G, H, I]"
2753,2753,D,artificial,D_Dupli,complete,"319 [A, B, C, D, E, F, G, I, H, J, K, F, G, H, I]"
2754,2754,H,artificial,H,complete,"319 [A, B, C, D, E, F, G, I, H, J, K, F, G, H, I]"
2755,2755,J,artificial,J,complete,"319 [A, B, C, D, E, F, G, I, H, J, K, F, G, H, I]"
2756,2756,K,artificial,K,complete,"319 [A, B, C, D, E, F, G, I, H, J, K, F, G, H, I]"
2757,2757,F,artificial,F,complete,"319 [A, B, C, D, E, F, G, I, H, J, K, F, G, H, I]"
2758,2758,G,artificial,G,complete,"319 [A, B, C, D, E, F, G, I, H, J, K, F, G, H, I]"
2759,2759,H,artificial,H,complete,"319 [A, B, C, D, E, F, G, I, H, J, K, F, G, H, I]"
2760,2760,I,artificial,I,complete,"319 [A, B, C, D, E, F, G, I, H, J, K, F, G, H, I]"
2761,2761,F,artificial,F,complete,"319 [A, B, C, D, E, F, G, I, H, J, K, F, G, H, I]"
2762,2762,G,artificial,G,complete,"319 [A, B, C, D, E, F, G, I, H, J, K, F, G, H, I]"
2763,2763,B,artificial,D_Dupli,complete,"32 [A, B, D, E, C, F, G, I, H]"
2764,2764,H,artificial,H,complete,"32 [A, B, D, E, C, F, G, I, H]"
2765,2765,I,artificial,I,complete,"32 [A, B, D, E, C, F, G, I, H]"
2766,2766,G,artificial,G,complete,"32 [A, B, D, E, C, F, G, I, H]"
2767,2767,F,artificial,F,complete,"32 [A, B, D, E, C, F, G, I, H]"
2768,2768,C,artificial,D_Dupli,complete,"32 [A, B, D, E, C, F, G, I, H]"
2769,2769,E,artificial,D_Dupli,complete,"32 [A, B, D, E, C, F, G, I, H]"
2770,2770,D,artificial,D_Dupli,complete,"32 [A, B, D, E, C, F, G, I, H]"
2771,2771,A,artificial,A,complete,"32 [A, B, D, E, C, F, G, I, H]"
2772,2772,G,artificial,G,complete,"320 [A, B, E, C, D, F, G, H, I, M, N, O, F, G, I, H]"
2773,2773,F,artificial,F,complete,"320 [A, B, E, C, D, F, G, H, I, M, N, O, F, G, I, H]"
2774,2774,O,artificial,O,complete,"320 [A, B, E, C, D, F, G, H, I, M, N, O, F, G, I, H]"
2775,2775,N,artificial,N,complete,"320 [A, B, E, C, D, F, G, H, I, M, N, O, F, G, I, H]"
2776,2776,M,artificial,M,complete,"320 [A, B, E, C, D, F, G, H, I, M, N, O, F, G, I, H]"
2777,2777,I,artificial,I,complete,"320 [A, B, E, C, D, F, G, H, I, M, N, O, F, G, I, H]"
2778,2778,D,artificial,D_Dupli,complete,"320 [A, B, E, C, D, F, G, H, I, M, N, O, F, G, I, H]"
2779,2779,G,artificial,G,complete,"320 [A, B, E, C, D, F, G, H, I, M, N, O, F, G, I, H]"
2780,2780,F,artificial,F,complete,"320 [A, B, E, C, D, F, G, H, I, M, N, O, F, G, I, H]"
2781,2781,C,artificial,D_Dupli,complete,"320 [A, B, E, C, D, F, G, H, I, M, N, O, F, G, I, H]"
2782,2782,E,artificial,D_Dupli,complete,"320 [A, B, E, C, D, F, G, H, I, M, N, O, F, G, I, H]"
2783,2783,B,artificial,D_Dupli,complete,"320 [A, B, E, C, D, F, G, H, I, M, N, O, F, G, I, H]"
2784,2784,A,artificial,A,complete,"320 [A, B, E, C, D, F, G, H, I, M, N, O, F, G, I, H]"
2785,2785,H,artificial,H,complete,"320 [A, B, E, C, D, F, G, H, I, M, N, O, F, G, I, H]"
2786,2786,I,artificial,I,complete,"320 [A, B, E, C, D, F, G, H, I, M, N, O, F, G, I, H]"
2787,2787,H,artificial,H,complete,"320 [A, B, E, C, D, F, G, H, I, M, N, O, F, G, I, H]"
2788,2788,J,artificial,J,complete,"321 [A, B, E, C, D, F, G, H, I, J, K, L, J, K, L, J, K, F, G, H, I]"
2789,2789,B,artificial,D_Dupli,complete,"321 [A, B, E, C, D, F, G, H, I, J, K, L, J, K, L, J, K, F, G, H, I]"
2790,2790,E,artificial,D_Dupli,complete,"321 [A, B, E, C, D, F, G, H, I, J, K, L, J, K, L, J, K, F, G, H, I]"
2791,2791,C,artificial,D_Dupli,complete,"321 [A, B, E, C, D, F, G, H, I, J, K, L, J, K, L, J, K, F, G, H, I]"
2792,2792,D,artificial,D_Dupli,complete,"321 [A, B, E, C, D, F, G, H, I, J, K, L, J, K, L, J, K, F, G, H, I]"
2793,2793,F,artificial,F,complete,"321 [A, B, E, C, D, F, G, H, I, J, K, L, J, K, L, J, K, F, G, H, I]"
2794,2794,G,artificial,G,complete,"321 [A, B, E, C, D, F, G, H, I, J, K, L, J, K, L, J, K, F, G, H, I]"
2795,2795,H,artificial,H,complete,"321 [A, B, E, C, D, F, G, H, I, J, K, L, J, K, L, J, K, F, G, H, I]"
2796,2796,I,artificial,I,complete,"321 [A, B, E, C, D, F, G, H, I, J, K, L, J, K, L, J, K, F, G, H, I]"
2797,2797,J,artificial,J,complete,"321 [A, B, E, C, D, F, G, H, I, J, K, L, J, K, L, J, K, F, G, H, I]"
2798,2798,K,artificial,K,complete,"321 [A, B, E, C, D, F, G, H, I, J, K, L, J, K, L, J, K, F, G, H, I]"
2799,2799,L,artificial,L,complete,"321 [A, B, E, C, D, F, G, H, I, J, K, L, J, K, L, J, K, F, G, H, I]"
2800,2800,K,artificial,K,complete,"321 [A, B, E, C, D, F, G, H, I, J, K, L, J, K, L, J, K, F, G, H, I]"
2801,2801,L,artificial,L,complete,"321 [A, B, E, C, D, F, G, H, I, J, K, L, J, K, L, J, K, F, G, H, I]"
2802,2802,J,artificial,J,complete,"321 [A, B, E, C, D, F, G, H, I, J, K, L, J, K, L, J, K, F, G, H, I]"
2803,2803,K,artificial,K,complete,"321 [A, B, E, C, D, F, G, H, I, J, K, L, J, K, L, J, K, F, G, H, I]"
2804,2804,F,artificial,F,complete,"321 [A, B, E, C, D, F, G, H, I, J, K, L, J, K, L, J, K, F, G, H, I]"
2805,2805,G,artificial,G,complete,"321 [A, B, E, C, D, F, G, H, I, J, K, L, J, K, L, J, K, F, G, H, I]"
2806,2806,A,artificial,A,complete,"321 [A, B, E, C, D, F, G, H, I, J, K, L, J, K, L, J, K, F, G, H, I]"
2807,2807,H,artificial,H,complete,"321 [A, B, E, C, D, F, G, H, I, J, K, L, J, K, L, J, K, F, G, H, I]"
2808,2808,I,artificial,I,complete,"321 [A, B, E, C, D, F, G, H, I, J, K, L, J, K, L, J, K, F, G, H, I]"
2809,2809,F,artificial,F,complete,"322 [B, A, D, E, C, F, G, H, I]"
2810,2810,B,artificial,D_Dupli,complete,"322 [B, A, D, E, C, F, G, H, I]"
2811,2811,G,artificial,G,complete,"322 [B, A, D, E, C, F, G, H, I]"
2812,2812,I,artificial,I,complete,"322 [B, A, D, E, C, F, G, H, I]"
2813,2813,E,artificial,D_Dupli,complete,"322 [B, A, D, E, C, F, G, H, I]"
2814,2814,D,artificial,D_Dupli,complete,"322 [B, A, D, E, C, F, G, H, I]"
2815,2815,C,artificial,D_Dupli,complete,"322 [B, A, D, E, C, F, G, H, I]"
2816,2816,A,artificial,A,complete,"322 [B, A, D, E, C, F, G, H, I]"
2817,2817,H,artificial,H,complete,"322 [B, A, D, E, C, F, G, H, I]"
2818,2818,H,artificial,H,complete,"323 [A, B, C, D, E, F, G, I, H]"
2819,2819,I,artificial,I,complete,"323 [A, B, C, D, E, F, G, I, H]"
2820,2820,G,artificial,G,complete,"323 [A, B, C, D, E, F, G, I, H]"
2821,2821,E,artificial,D_Dupli,complete,"323 [A, B, C, D, E, F, G, I, H]"
2822,2822,D,artificial,D_Dupli,complete,"323 [A, B, C, D, E, F, G, I, H]"
2823,2823,C,artificial,D_Dupli,complete,"323 [A, B, C, D, E, F, G, I, H]"
2824,2824,B,artificial,D_Dupli,complete,"323 [A, B, C, D, E, F, G, I, H]"
2825,2825,A,artificial,A,complete,"323 [A, B, C, D, E, F, G, I, H]"
2826,2826,F,artificial,F,complete,"323 [A, B, C, D, E, F, G, I, H]"
2827,2827,E,artificial,D_Dupli,complete,"324 [A, B, E, D, C, F, G, H, I]"
2828,2828,D,artificial,D_Dupli,complete,"324 [A, B, E, D, C, F, G, H, I]"
2829,2829,C,artificial,D_Dupli,complete,"324 [A, B, E, D, C, F, G, H, I]"
2830,2830,F,artificial,F,complete,"324 [A, B, E, D, C, F, G, H, I]"
2831,2831,G,artificial,G,complete,"324 [A, B, E, D, C, F, G, H, I]"
2832,2832,H,artificial,H,complete,"324 [A, B, E, D, C, F, G, H, I]"
2833,2833,I,artificial,I,complete,"324 [A, B, E, D, C, F, G, H, I]"
2834,2834,A,artificial,A,complete,"324 [A, B, E, D, C, F, G, H, I]"
2835,2835,B,artificial,D_Dupli,complete,"324 [A, B, E, D, C, F, G, H, I]"
2836,2836,E,artificial,D_Dupli,complete,"325 [A, B, C, D, E, F, G, I, H]"
2837,2837,A,artificial,A,complete,"325 [A, B, C, D, E, F, G, I, H]"
2838,2838,D,artificial,D_Dupli,complete,"325 [A, B, C, D, E, F, G, I, H]"
2839,2839,B,artificial,D_Dupli,complete,"325 [A, B, C, D, E, F, G, I, H]"
2840,2840,C,artificial,D_Dupli,complete,"325 [A, B, C, D, E, F, G, I, H]"
2841,2841,F,artificial,F,complete,"325 [A, B, C, D, E, F, G, I, H]"
2842,2842,I,artificial,I,complete,"325 [A, B, C, D, E, F, G, I, H]"
2843,2843,G,artificial,G,complete,"325 [A, B, C, D, E, F, G, I, H]"
2844,2844,H,artificial,H,complete,"325 [A, B, C, D, E, F, G, I, H]"
2845,2845,B,artificial,D_Dupli,complete,"326 [B, A, E, C, D, F, G, H, I, J, K, F, G, I, H, J, K, F, G, H, I]"
2846,2846,I,artificial,I,complete,"326 [B, A, E, C, D, F, G, H, I, J, K, F, G, I, H, J, K, F, G, H, I]"
2847,2847,G,artificial,G,complete,"326 [B, A, E, C, D, F, G, H, I, J, K, F, G, I, H, J, K, F, G, H, I]"
2848,2848,F,artificial,F,complete,"326 [B, A, E, C, D, F, G, H, I, J, K, F, G, I, H, J, K, F, G, H, I]"
2849,2849,K,artificial,K,complete,"326 [B, A, E, C, D, F, G, H, I, J, K, F, G, I, H, J, K, F, G, H, I]"
2850,2850,J,artificial,J,complete,"326 [B, A, E, C, D, F, G, H, I, J, K, F, G, I, H, J, K, F, G, H, I]"
2851,2851,H,artificial,H,complete,"326 [B, A, E, C, D, F, G, H, I, J, K, F, G, I, H, J, K, F, G, H, I]"
2852,2852,I,artificial,I,complete,"326 [B, A, E, C, D, F, G, H, I, J, K, F, G, I, H, J, K, F, G, H, I]"
2853,2853,F,artificial,F,complete,"326 [B, A, E, C, D, F, G, H, I, J, K, F, G, I, H, J, K, F, G, H, I]"
2854,2854,K,artificial,K,complete,"326 [B, A, E, C, D, F, G, H, I, J, K, F, G, I, H, J, K, F, G, H, I]"
2855,2855,I,artificial,I,complete,"326 [B, A, E, C, D, F, G, H, I, J, K, F, G, I, H, J, K, F, G, H, I]"
2856,2856,H,artificial,H,complete,"326 [B, A, E, C, D, F, G, H, I, J, K, F, G, I, H, J, K, F, G, H, I]"
2857,2857,G,artificial,G,complete,"326 [B, A, E, C, D, F, G, H, I, J, K, F, G, I, H, J, K, F, G, H, I]"
2858,2858,F,artificial,F,complete,"326 [B, A, E, C, D, F, G, H, I, J, K, F, G, I, H, J, K, F, G, H, I]"
2859,2859,D,artificial,D_Dupli,complete,"326 [B, A, E, C, D, F, G, H, I, J, K, F, G, I, H, J, K, F, G, H, I]"
2860,2860,C,artificial,D_Dupli,complete,"326 [B, A, E, C, D, F, G, H, I, J, K, F, G, I, H, J, K, F, G, H, I]"
2861,2861,E,artificial,D_Dupli,complete,"326 [B, A, E, C, D, F, G, H, I, J, K, F, G, I, H, J, K, F, G, H, I]"
2862,2862,A,artificial,A,complete,"326 [B, A, E, C, D, F, G, H, I, J, K, F, G, I, H, J, K, F, G, H, I]"
2863,2863,G,artificial,G,complete,"326 [B, A, E, C, D, F, G, H, I, J, K, F, G, I, H, J, K, F, G, H, I]"
2864,2864,J,artificial,J,complete,"326 [B, A, E, C, D, F, G, H, I, J, K, F, G, I, H, J, K, F, G, H, I]"
2865,2865,H,artificial,H,complete,"326 [B, A, E, C, D, F, G, H, I, J, K, F, G, I, H, J, K, F, G, H, I]"
2866,2866,C,artificial,D_Dupli,complete,"327 [B, A, C, E, D, F, G, H, I]"
2867,2867,A,artificial,A,complete,"327 [B, A, C, E, D, F, G, H, I]"
2868,2868,E,artificial,D_Dupli,complete,"327 [B, A, C, E, D, F, G, H, I]"
2869,2869,D,artificial,D_Dupli,complete,"327 [B, A, C, E, D, F, G, H, I]"
2870,2870,F,artificial,F,complete,"327 [B, A, C, E, D, F, G, H, I]"
2871,2871,G,artificial,G,complete,"327 [B, A, C, E, D, F, G, H, I]"
2872,2872,H,artificial,H,complete,"327 [B, A, C, E, D, F, G, H, I]"
2873,2873,B,artificial,D_Dupli,complete,"327 [B, A, C, E, D, F, G, H, I]"
2874,2874,I,artificial,I,complete,"327 [B, A, C, E, D, F, G, H, I]"
2875,2875,B,artificial,D_Dupli,complete,"328 [A, B, E, C, D, F, G, H, I]"
2876,2876,E,artificial,D_Dupli,complete,"328 [A, B, E, C, D, F, G, H, I]"
2877,2877,C,artificial,D_Dupli,complete,"328 [A, B, E, C, D, F, G, H, I]"
2878,2878,D,artificial,D_Dupli,complete,"328 [A, B, E, C, D, F, G, H, I]"
2879,2879,F,artificial,F,complete,"328 [A, B, E, C, D, F, G, H, I]"
2880,2880,G,artificial,G,complete,"328 [A, B, E, C, D, F, G, H, I]"
2881,2881,H,artificial,H,complete,"328 [A, B, E, C, D, F, G, H, I]"
2882,2882,A,artificial,A,complete,"328 [A, B, E, C, D, F, G, H, I]"
2883,2883,I,artificial,I,complete,"328 [A, B, E, C, D, F, G, H, I]"
2884,2884,B,artificial,D_Dupli,complete,"329 [A, B, D, E, C, F, G, H, I]"
2885,2885,A,artificial,A,complete,"329 [A, B, D, E, C, F, G, H, I]"
2886,2886,I,artificial,I,complete,"329 [A, B, D, E, C, F, G, H, I]"
2887,2887,H,artificial,H,complete,"329 [A, B, D, E, C, F, G, H, I]"
2888,2888,G,artificial,G,complete,"329 [A, B, D, E, C, F, G, H, I]"
2889,2889,F,artificial,F,complete,"329 [A, B, D, E, C, F, G, H, I]"
2890,2890,C,artificial,D_Dupli,complete,"329 [A, B, D, E, C, F, G, H, I]"
2891,2891,E,artificial,D_Dupli,complete,"329 [A, B, D, E, C, F, G, H, I]"
2892,2892,D,artificial,D_Dupli,complete,"329 [A, B, D, E, C, F, G, H, I]"
2893,2893,E,artificial,D_Dupli,complete,"33 [A, B, D, C, E, F, G, I, H, M, O, N, F, G, H, I]"
2894,2894,I,artificial,I,complete,"33 [A, B, D, C, E, F, G, I, H, M, O, N, F, G, H, I]"
2895,2895,H,artificial,H,complete,"33 [A, B, D, C, E, F, G, I, H, M, O, N, F, G, H, I]"
2896,2896,F,artificial,F,complete,"33 [A, B, D, C, E, F, G, I, H, M, O, N, F, G, H, I]"
2897,2897,G,artificial,G,complete,"33 [A, B, D, C, E, F, G, I, H, M, O, N, F, G, H, I]"
2898,2898,N,artificial,N,complete,"33 [A, B, D, C, E, F, G, I, H, M, O, N, F, G, H, I]"
2899,2899,O,artificial,O,complete,"33 [A, B, D, C, E, F, G, I, H, M, O, N, F, G, H, I]"
2900,2900,M,artificial,M,complete,"33 [A, B, D, C, E, F, G, I, H, M, O, N, F, G, H, I]"
2901,2901,H,artificial,H,complete,"33 [A, B, D, C, E, F, G, I, H, M, O, N, F, G, H, I]"
2902,2902,I,artificial,I,complete,"33 [A, B, D, C, E, F, G, I, H, M, O, N, F, G, H, I]"
2903,2903,A,artificial,A,complete,"33 [A, B, D, C, E, F, G, I, H, M, O, N, F, G, H, I]"
2904,2904,B,artificial,D_Dupli,complete,"33 [A, B, D, C, E, F, G, I, H, M, O, N, F, G, H, I]"
2905,2905,D,artificial,D_Dupli,complete,"33 [A, B, D, C, E, F, G, I, H, M, O, N, F, G, H, I]"
2906,2906,G,artificial,G,complete,"33 [A, B, D, C, E, F, G, I, H, M, O, N, F, G, H, I]"
2907,2907,F,artificial,F,complete,"33 [A, B, D, C, E, F, G, I, H, M, O, N, F, G, H, I]"
2908,2908,C,artificial,D_Dupli,complete,"33 [A, B, D, C, E, F, G, I, H, M, O, N, F, G, H, I]"
2909,2909,G,artificial,G,complete,"330 [B, A, C, E, D, F, G, I, H, N, M, O, F, G, H, I]"
2910,2910,I,artificial,I,complete,"330 [B, A, C, E, D, F, G, I, H, N, M, O, F, G, H, I]"
2911,2911,I,artificial,I,complete,"330 [B, A, C, E, D, F, G, I, H, N, M, O, F, G, H, I]"
2912,2912,H,artificial,H,complete,"330 [B, A, C, E, D, F, G, I, H, N, M, O, F, G, H, I]"
2913,2913,G,artificial,G,complete,"330 [B, A, C, E, D, F, G, I, H, N, M, O, F, G, H, I]"
2914,2914,F,artificial,F,complete,"330 [B, A, C, E, D, F, G, I, H, N, M, O, F, G, H, I]"
2915,2915,O,artificial,O,complete,"330 [B, A, C, E, D, F, G, I, H, N, M, O, F, G, H, I]"
2916,2916,M,artificial,M,complete,"330 [B, A, C, E, D, F, G, I, H, N, M, O, F, G, H, I]"
2917,2917,N,artificial,N,complete,"330 [B, A, C, E, D, F, G, I, H, N, M, O, F, G, H, I]"
2918,2918,H,artificial,H,complete,"330 [B, A, C, E, D, F, G, I, H, N, M, O, F, G, H, I]"
2919,2919,F,artificial,F,complete,"330 [B, A, C, E, D, F, G, I, H, N, M, O, F, G, H, I]"
2920,2920,D,artificial,D_Dupli,complete,"330 [B, A, C, E, D, F, G, I, H, N, M, O, F, G, H, I]"
2921,2921,E,artificial,D_Dupli,complete,"330 [B, A, C, E, D, F, G, I, H, N, M, O, F, G, H, I]"
2922,2922,C,artificial,D_Dupli,complete,"330 [B, A, C, E, D, F, G, I, H, N, M, O, F, G, H, I]"
2923,2923,A,artificial,A,complete,"330 [B, A, C, E, D, F, G, I, H, N, M, O, F, G, H, I]"
2924,2924,B,artificial,D_Dupli,complete,"330 [B, A, C, E, D, F, G, I, H, N, M, O, F, G, H, I]"
2925,2925,F,artificial,F,complete,"331 [B, A, D, E, C, F, G, H, I]"
2926,2926,C,artificial,D_Dupli,complete,"331 [B, A, D, E, C, F, G, H, I]"
2927,2927,E,artificial,D_Dupli,complete,"331 [B, A, D, E, C, F, G, H, I]"
2928,2928,D,artificial,D_Dupli,complete,"331 [B, A, D, E, C, F, G, H, I]"
2929,2929,A,artificial,A,complete,"331 [B, A, D, E, C, F, G, H, I]"
2930,2930,B,artificial,D_Dupli,complete,"331 [B, A, D, E, C, F, G, H, I]"
2931,2931,I,artificial,I,complete,"331 [B, A, D, E, C, F, G, H, I]"
2932,2932,H,artificial,H,complete,"331 [B, A, D, E, C, F, G, H, I]"
2933,2933,G,artificial,G,complete,"331 [B, A, D, E, C, F, G, H, I]"
2934,2934,D,artificial,D_Dupli,complete,"332 [B, A, D, E, C, F, G, H, I]"
2935,2935,E,artificial,D_Dupli,complete,"332 [B, A, D, E, C, F, G, H, I]"
2936,2936,C,artificial,D_Dupli,complete,"332 [B, A, D, E, C, F, G, H, I]"
2937,2937,F,artificial,F,complete,"332 [B, A, D, E, C, F, G, H, I]"
2938,2938,G,artificial,G,complete,"332 [B, A, D, E, C, F, G, H, I]"
2939,2939,H,artificial,H,complete,"332 [B, A, D, E, C, F, G, H, I]"
2940,2940,B,artificial,D_Dupli,complete,"332 [B, A, D, E, C, F, G, H, I]"
2941,2941,A,artificial,A,complete,"332 [B, A, D, E, C, F, G, H, I]"
2942,2942,I,artificial,I,complete,"332 [B, A, D, E, C, F, G, H, I]"
2943,2943,C,artificial,D_Dupli,complete,"333 [B, A, D, E, C, F, G, H, I]"
2944,2944,I,artificial,I,complete,"333 [B, A, D, E, C, F, G, H, I]"
2945,2945,B,artificial,D_Dupli,complete,"333 [B, A, D, E, C, F, G, H, I]"
2946,2946,A,artificial,A,complete,"333 [B, A, D, E, C, F, G, H, I]"
2947,2947,D,artificial,D_Dupli,complete,"333 [B, A, D, E, C, F, G, H, I]"
2948,2948,E,artificial,D_Dupli,complete,"333 [B, A, D, E, C, F, G, H, I]"
2949,2949,H,artificial,H,complete,"333 [B, A, D, E, C, F, G, H, I]"
2950,2950,F,artificial,F,complete,"333 [B, A, D, E, C, F, G, H, I]"
2951,2951,G,artificial,G,complete,"333 [B, A, D, E, C, F, G, H, I]"
2952,2952,H,artificial,H,complete,"334 [B, A, C, D, E, F, G, H, I]"
2953,2953,G,artificial,G,complete,"334 [B, A, C, D, E, F, G, H, I]"
2954,2954,F,artificial,F,complete,"334 [B, A, C, D, E, F, G, H, I]"
2955,2955,E,artificial,D_Dupli,complete,"334 [B, A, C, D, E, F, G, H, I]"
2956,2956,D,artificial,D_Dupli,complete,"334 [B, A, C, D, E, F, G, H, I]"
2957,2957,C,artificial,D_Dupli,complete,"334 [B, A, C, D, E, F, G, H, I]"
2958,2958,B,artificial,D_Dupli,complete,"334 [B, A, C, D, E, F, G, H, I]"
2959,2959,A,artificial,A,complete,"334 [B, A, C, D, E, F, G, H, I]"
2960,2960,I,artificial,I,complete,"334 [B, A, C, D, E, F, G, H, I]"
2961,2961,C,artificial,D_Dupli,complete,"335 [A, B, C, D, E, F, G, H, I]"
2962,2962,D,artificial,D_Dupli,complete,"335 [A, B, C, D, E, F, G, H, I]"
2963,2963,B,artificial,D_Dupli,complete,"335 [A, B, C, D, E, F, G, H, I]"
2964,2964,E,artificial,D_Dupli,complete,"335 [A, B, C, D, E, F, G, H, I]"
2965,2965,F,artificial,F,complete,"335 [A, B, C, D, E, F, G, H, I]"
2966,2966,G,artificial,G,complete,"335 [A, B, C, D, E, F, G, H, I]"
2967,2967,H,artificial,H,complete,"335 [A, B, C, D, E, F, G, H, I]"
2968,2968,I,artificial,I,complete,"335 [A, B, C, D, E, F, G, H, I]"
2969,2969,A,artificial,A,complete,"335 [A, B, C, D, E, F, G, H, I]"
2970,2970,F,artificial,F,complete,"336 [A, B, E, D, C, F, G, I, H, M, O, N, F, G, I, H]"
2971,2971,I,artificial,I,complete,"336 [A, B, E, D, C, F, G, I, H, M, O, N, F, G, I, H]"
2972,2972,C,artificial,D_Dupli,complete,"336 [A, B, E, D, C, F, G, I, H, M, O, N, F, G, I, H]"
2973,2973,H,artificial,H,complete,"336 [A, B, E, D, C, F, G, I, H, M, O, N, F, G, I, H]"
2974,2974,I,artificial,I,complete,"336 [A, B, E, D, C, F, G, I, H, M, O, N, F, G, I, H]"
2975,2975,G,artificial,G,complete,"336 [A, B, E, D, C, F, G, I, H, M, O, N, F, G, I, H]"
2976,2976,F,artificial,F,complete,"336 [A, B, E, D, C, F, G, I, H, M, O, N, F, G, I, H]"
2977,2977,N,artificial,N,complete,"336 [A, B, E, D, C, F, G, I, H, M, O, N, F, G, I, H]"
2978,2978,O,artificial,O,complete,"336 [A, B, E, D, C, F, G, I, H, M, O, N, F, G, I, H]"
2979,2979,H,artificial,H,complete,"336 [A, B, E, D, C, F, G, I, H, M, O, N, F, G, I, H]"
2980,2980,G,artificial,G,complete,"336 [A, B, E, D, C, F, G, I, H, M, O, N, F, G, I, H]"
2981,2981,D,artificial,D_Dupli,complete,"336 [A, B, E, D, C, F, G, I, H, M, O, N, F, G, I, H]"
2982,2982,M,artificial,M,complete,"336 [A, B, E, D, C, F, G, I, H, M, O, N, F, G, I, H]"
2983,2983,B,artificial,D_Dupli,complete,"336 [A, B, E, D, C, F, G, I, H, M, O, N, F, G, I, H]"
2984,2984,A,artificial,A,complete,"336 [A, B, E, D, C, F, G, I, H, M, O, N, F, G, I, H]"
2985,2985,E,artificial,D_Dupli,complete,"336 [A, B, E, D, C, F, G, I, H, M, O, N, F, G, I, H]"
2986,2986,E,artificial,D_Dupli,complete,"337 [A, B, D, C, E, F, G, H, I]"
2987,2987,C,artificial,D_Dupli,complete,"337 [A, B, D, C, E, F, G, H, I]"
2988,2988,D,artificial,D_Dupli,complete,"337 [A, B, D, C, E, F, G, H, I]"
2989,2989,B,artificial,D_Dupli,complete,"337 [A, B, D, C, E, F, G, H, I]"
2990,2990,A,artificial,A,complete,"337 [A, B, D, C, E, F, G, H, I]"
2991,2991,H,artificial,H,complete,"337 [A, B, D, C, E, F, G, H, I]"
2992,2992,I,artificial,I,complete,"337 [A, B, D, C, E, F, G, H, I]"
2993,2993,G,artificial,G,complete,"337 [A, B, D, C, E, F, G, H, I]"
2994,2994,F,artificial,F,complete,"337 [A, B, D, C, E, F, G, H, I]"
2995,2995,B,artificial,D_Dupli,complete,"338 [A, B, D, E, C, F, G, H, I]"
2996,2996,D,artificial,D_Dupli,complete,"338 [A, B, D, E, C, F, G, H, I]"
2997,2997,E,artificial,D_Dupli,complete,"338 [A, B, D, E, C, F, G, H, I]"
2998,2998,C,artificial,D_Dupli,complete,"338 [A, B, D, E, C, F, G, H, I]"
2999,2999,I,artificial,I,complete,"338 [A, B, D, E, C, F, G, H, I]"
3000,3000,H,artificial,H,complete,"338 [A, B, D, E, C, F, G, H, I]"
3001,3001,A,artificial,A,complete,"338 [A, B, D, E, C, F, G, H, I]"
3002,3002,F,artificial,F,complete,"338 [A, B, D, E, C, F, G, H, I]"
3003,3003,G,artificial,G,complete,"338 [A, B, D, E, C, F, G, H, I]"
3004,3004,G,artificial,G,complete,"339 [A, B, C, E, D, F, G, H, I]"
3005,3005,I,artificial,I,complete,"339 [A, B, C, E, D, F, G, H, I]"
3006,3006,H,artificial,H,complete,"339 [A, B, C, E, D, F, G, H, I]"
3007,3007,F,artificial,F,complete,"339 [A, B, C, E, D, F, G, H, I]"
3008,3008,D,artificial,D_Dupli,complete,"339 [A, B, C, E, D, F, G, H, I]"
3009,3009,A,artificial,A,complete,"339 [A, B, C, E, D, F, G, H, I]"
3010,3010,B,artificial,D_Dupli,complete,"339 [A, B, C, E, D, F, G, H, I]"
3011,3011,C,artificial,D_Dupli,complete,"339 [A, B, C, E, D, F, G, H, I]"
3012,3012,E,artificial,D_Dupli,complete,"339 [A, B, C, E, D, F, G, H, I]"
3013,3013,I,artificial,I,complete,"34 [B, A, E, C, D, F, G, H, I]"
3014,3014,E,artificial,D_Dupli,complete,"34 [B, A, E, C, D, F, G, H, I]"
3015,3015,H,artificial,H,complete,"34 [B, A, E, C, D, F, G, H, I]"
3016,3016,B,artificial,D_Dupli,complete,"34 [B, A, E, C, D, F, G, H, I]"
3017,3017,C,artificial,D_Dupli,complete,"34 [B, A, E, C, D, F, G, H, I]"
3018,3018,D,artificial,D_Dupli,complete,"34 [B, A, E, C, D, F, G, H, I]"
3019,3019,F,artificial,F,complete,"34 [B, A, E, C, D, F, G, H, I]"
3020,3020,G,artificial,G,complete,"34 [B, A, E, C, D, F, G, H, I]"
3021,3021,A,artificial,A,complete,"34 [B, A, E, C, D, F, G, H, I]"
3022,3022,H,artificial,H,complete,"340 [B, A, D, E, C, F, G, I, H]"
3023,3023,B,artificial,D_Dupli,complete,"340 [B, A, D, E, C, F, G, I, H]"
3024,3024,A,artificial,A,complete,"340 [B, A, D, E, C, F, G, I, H]"
3025,3025,D,artificial,D_Dupli,complete,"340 [B, A, D, E, C, F, G, I, H]"
3026,3026,E,artificial,D_Dupli,complete,"340 [B, A, D, E, C, F, G, I, H]"
3027,3027,C,artificial,D_Dupli,complete,"340 [B, A, D, E, C, F, G, I, H]"
3028,3028,F,artificial,F,complete,"340 [B, A, D, E, C, F, G, I, H]"
3029,3029,G,artificial,G,complete,"340 [B, A, D, E, C, F, G, I, H]"
3030,3030,I,artificial,I,complete,"340 [B, A, D, E, C, F, G, I, H]"
3031,3031,B,artificial,D_Dupli,complete,"341 [B, A, E, D, C, F, G, I, H]"
3032,3032,C,artificial,D_Dupli,complete,"341 [B, A, E, D, C, F, G, I, H]"
3033,3033,E,artificial,D_Dupli,complete,"341 [B, A, E, D, C, F, G, I, H]"
3034,3034,D,artificial,D_Dupli,complete,"341 [B, A, E, D, C, F, G, I, H]"
3035,3035,F,artificial,F,complete,"341 [B, A, E, D, C, F, G, I, H]"
3036,3036,G,artificial,G,complete,"341 [B, A, E, D, C, F, G, I, H]"
3037,3037,I,artificial,I,complete,"341 [B, A, E, D, C, F, G, I, H]"
3038,3038,H,artificial,H,complete,"341 [B, A, E, D, C, F, G, I, H]"
3039,3039,A,artificial,A,complete,"341 [B, A, E, D, C, F, G, I, H]"
3040,3040,I,artificial,I,complete,"342 [A, B, E, C, D, F, G, H, I, J, K, F, G, H, I]"
3041,3041,H,artificial,H,complete,"342 [A, B, E, C, D, F, G, H, I, J, K, F, G, H, I]"
3042,3042,G,artificial,G,complete,"342 [A, B, E, C, D, F, G, H, I, J, K, F, G, H, I]"
3043,3043,F,artificial,F,complete,"342 [A, B, E, C, D, F, G, H, I, J, K, F, G, H, I]"
3044,3044,K,artificial,K,complete,"342 [A, B, E, C, D, F, G, H, I, J, K, F, G, H, I]"
3045,3045,J,artificial,J,complete,"342 [A, B, E, C, D, F, G, H, I, J, K, F, G, H, I]"
3046,3046,D,artificial,D_Dupli,complete,"342 [A, B, E, C, D, F, G, H, I, J, K, F, G, H, I]"
3047,3047,H,artificial,H,complete,"342 [A, B, E, C, D, F, G, H, I, J, K, F, G, H, I]"
3048,3048,G,artificial,G,complete,"342 [A, B, E, C, D, F, G, H, I, J, K, F, G, H, I]"
3049,3049,C,artificial,D_Dupli,complete,"342 [A, B, E, C, D, F, G, H, I, J, K, F, G, H, I]"
3050,3050,E,artificial,D_Dupli,complete,"342 [A, B, E, C, D, F, G, H, I, J, K, F, G, H, I]"
3051,3051,B,artificial,D_Dupli,complete,"342 [A, B, E, C, D, F, G, H, I, J, K, F, G, H, I]"
3052,3052,A,artificial,A,complete,"342 [A, B, E, C, D, F, G, H, I, J, K, F, G, H, I]"
3053,3053,I,artificial,I,complete,"342 [A, B, E, C, D, F, G, H, I, J, K, F, G, H, I]"
3054,3054,F,artificial,F,complete,"342 [A, B, E, C, D, F, G, H, I, J, K, F, G, H, I]"
3055,3055,I,artificial,I,complete,"343 [B, A, D, C, E, F, G, H, I, J, K, F, G, I, H]"
3056,3056,A,artificial,A,complete,"343 [B, A, D, C, E, F, G, H, I, J, K, F, G, I, H]"
3057,3057,H,artificial,H,complete,"343 [B, A, D, C, E, F, G, H, I, J, K, F, G, I, H]"
3058,3058,I,artificial,I,complete,"343 [B, A, D, C, E, F, G, H, I, J, K, F, G, I, H]"
3059,3059,G,artificial,G,complete,"343 [B, A, D, C, E, F, G, H, I, J, K, F, G, I, H]"
3060,3060,F,artificial,F,complete,"343 [B, A, D, C, E, F, G, H, I, J, K, F, G, I, H]"
3061,3061,K,artificial,K,complete,"343 [B, A, D, C, E, F, G, H, I, J, K, F, G, I, H]"
3062,3062,J,artificial,J,complete,"343 [B, A, D, C, E, F, G, H, I, J, K, F, G, I, H]"
3063,3063,B,artificial,D_Dupli,complete,"343 [B, A, D, C, E, F, G, H, I, J, K, F, G, I, H]"
3064,3064,H,artificial,H,complete,"343 [B, A, D, C, E, F, G, H, I, J, K, F, G, I, H]"
3065,3065,G,artificial,G,complete,"343 [B, A, D, C, E, F, G, H, I, J, K, F, G, I, H]"
3066,3066,F,artificial,F,complete,"343 [B, A, D, C, E, F, G, H, I, J, K, F, G, I, H]"
3067,3067,E,artificial,D_Dupli,complete,"343 [B, A, D, C, E, F, G, H, I, J, K, F, G, I, H]"
3068,3068,C,artificial,D_Dupli,complete,"343 [B, A, D, C, E, F, G, H, I, J, K, F, G, I, H]"
3069,3069,D,artificial,D_Dupli,complete,"343 [B, A, D, C, E, F, G, H, I, J, K, F, G, I, H]"
3070,3070,I,artificial,I,complete,"344 [A, B, D, C, E, F, G, I, H, J, K, F, G, H, I]"
3071,3071,H,artificial,H,complete,"344 [A, B, D, C, E, F, G, I, H, J, K, F, G, H, I]"
3072,3072,G,artificial,G,complete,"344 [A, B, D, C, E, F, G, I, H, J, K, F, G, H, I]"
3073,3073,F,artificial,F,complete,"344 [A, B, D, C, E, F, G, I, H, J, K, F, G, H, I]"
3074,3074,K,artificial,K,complete,"344 [A, B, D, C, E, F, G, I, H, J, K, F, G, H, I]"
3075,3075,J,artificial,J,complete,"344 [A, B, D, C, E, F, G, I, H, J, K, F, G, H, I]"
3076,3076,H,artificial,H,complete,"344 [A, B, D, C, E, F, G, I, H, J, K, F, G, H, I]"
3077,3077,G,artificial,G,complete,"344 [A, B, D, C, E, F, G, I, H, J, K, F, G, H, I]"
3078,3078,F,artificial,F,complete,"344 [A, B, D, C, E, F, G, I, H, J, K, F, G, H, I]"
3079,3079,E,artificial,D_Dupli,complete,"344 [A, B, D, C, E, F, G, I, H, J, K, F, G, H, I]"
3080,3080,C,artificial,D_Dupli,complete,"344 [A, B, D, C, E, F, G, I, H, J, K, F, G, H, I]"
3081,3081,D,artificial,D_Dupli,complete,"344 [A, B, D, C, E, F, G, I, H, J, K, F, G, H, I]"
3082,3082,B,artificial,D_Dupli,complete,"344 [A, B, D, C, E, F, G, I, H, J, K, F, G, H, I]"
3083,3083,A,artificial,A,complete,"344 [A, B, D, C, E, F, G, I, H, J, K, F, G, H, I]"
3084,3084,I,artificial,I,complete,"344 [A, B, D, C, E, F, G, I, H, J, K, F, G, H, I]"
3085,3085,F,artificial,F,complete,"345 [A, B, E, C, D, F, G, I, H]"
3086,3086,H,artificial,H,complete,"345 [A, B, E, C, D, F, G, I, H]"
3087,3087,G,artificial,G,complete,"345 [A, B, E, C, D, F, G, I, H]"
3088,3088,D,artificial,D_Dupli,complete,"345 [A, B, E, C, D, F, G, I, H]"
3089,3089,I,artificial,I,complete,"345 [A, B, E, C, D, F, G, I, H]"
3090,3090,E,artificial,D_Dupli,complete,"345 [A, B, E, C, D, F, G, I, H]"
3091,3091,B,artificial,D_Dupli,complete,"345 [A, B, E, C, D, F, G, I, H]"
3092,3092,A,artificial,A,complete,"345 [A, B, E, C, D, F, G, I, H]"
3093,3093,C,artificial,D_Dupli,complete,"345 [A, B, E, C, D, F, G, I, H]"
3094,3094,H,artificial,H,complete,"346 [A, B, C, E, D, F, G, I, H, J, K, F, G, I, H]"
3095,3095,I,artificial,I,complete,"346 [A, B, C, E, D, F, G, I, H, J, K, F, G, I, H]"
3096,3096,G,artificial,G,complete,"346 [A, B, C, E, D, F, G, I, H, J, K, F, G, I, H]"
3097,3097,K,artificial,K,complete,"346 [A, B, C, E, D, F, G, I, H, J, K, F, G, I, H]"
3098,3098,J,artificial,J,complete,"346 [A, B, C, E, D, F, G, I, H, J, K, F, G, I, H]"
3099,3099,H,artificial,H,complete,"346 [A, B, C, E, D, F, G, I, H, J, K, F, G, I, H]"
3100,3100,I,artificial,I,complete,"346 [A, B, C, E, D, F, G, I, H, J, K, F, G, I, H]"
3101,3101,F,artificial,F,complete,"346 [A, B, C, E, D, F, G, I, H, J, K, F, G, I, H]"
3102,3102,F,artificial,F,complete,"346 [A, B, C, E, D, F, G, I, H, J, K, F, G, I, H]"
3103,3103,D,artificial,D_Dupli,complete,"346 [A, B, C, E, D, F, G, I, H, J, K, F, G, I, H]"
3104,3104,E,artificial,D_Dupli,complete,"346 [A, B, C, E, D, F, G, I, H, J, K, F, G, I, H]"
3105,3105,C,artificial,D_Dupli,complete,"346 [A, B, C, E, D, F, G, I, H, J, K, F, G, I, H]"
3106,3106,B,artificial,D_Dupli,complete,"346 [A, B, C, E, D, F, G, I, H, J, K, F, G, I, H]"
3107,3107,A,artificial,A,complete,"346 [A, B, C, E, D, F, G, I, H, J, K, F, G, I, H]"
3108,3108,G,artificial,G,complete,"346 [A, B, C, E, D, F, G, I, H, J, K, F, G, I, H]"
3109,3109,H,artificial,H,complete,"347 [A, B, D, E, C, F, G, I, H]"
3110,3110,I,artificial,I,complete,"347 [A, B, D, E, C, F, G, I, H]"
3111,3111,G,artificial,G,complete,"347 [A, B, D, E, C, F, G, I, H]"
3112,3112,F,artificial,F,complete,"347 [A, B, D, E, C, F, G, I, H]"
3113,3113,D,artificial,D_Dupli,complete,"347 [A, B, D, E, C, F, G, I, H]"
3114,3114,E,artificial,D_Dupli,complete,"347 [A, B, D, E, C, F, G, I, H]"
3115,3115,B,artificial,D_Dupli,complete,"347 [A, B, D, E, C, F, G, I, H]"
3116,3116,A,artificial,A,complete,"347 [A, B, D, E, C, F, G, I, H]"
3117,3117,C,artificial,D_Dupli,complete,"347 [A, B, D, E, C, F, G, I, H]"
3118,3118,G,artificial,G,complete,"348 [A, B, E, D, C, F, G, I, H]"
3119,3119,H,artificial,H,complete,"348 [A, B, E, D, C, F, G, I, H]"
3120,3120,I,artificial,I,complete,"348 [A, B, E, D, C, F, G, I, H]"
3121,3121,F,artificial,F,complete,"348 [A, B, E, D, C, F, G, I, H]"
3122,3122,B,artificial,D_Dupli,complete,"348 [A, B, E, D, C, F, G, I, H]"
3123,3123,D,artificial,D_Dupli,complete,"348 [A, B, E, D, C, F, G, I, H]"
3124,3124,E,artificial,D_Dupli,complete,"348 [A, B, E, D, C, F, G, I, H]"
3125,3125,C,artificial,D_Dupli,complete,"348 [A, B, E, D, C, F, G, I, H]"
3126,3126,A,artificial,A,complete,"348 [A, B, E, D, C, F, G, I, H]"
3127,3127,H,artificial,H,complete,"349 [A, B, D, E, C, F, G, I, H]"
3128,3128,I,artificial,I,complete,"349 [A, B, D, E, C, F, G, I, H]"
3129,3129,G,artificial,G,complete,"349 [A, B, D, E, C, F, G, I, H]"
3130,3130,C,artificial,D_Dupli,complete,"349 [A, B, D, E, C, F, G, I, H]"
3131,3131,F,artificial,F,complete,"349 [A, B, D, E, C, F, G, I, H]"
3132,3132,D,artificial,D_Dupli,complete,"349 [A, B, D, E, C, F, G, I, H]"
3133,3133,B,artificial,D_Dupli,complete,"349 [A, B, D, E, C, F, G, I, H]"
3134,3134,A,artificial,A,complete,"349 [A, B, D, E, C, F, G, I, H]"
3135,3135,E,artificial,D_Dupli,complete,"349 [A, B, D, E, C, F, G, I, H]"
3136,3136,C,artificial,D_Dupli,complete,"35 [B, A, C, E, D, F, G, H, I]"
3137,3137,F,artificial,F,complete,"35 [B, A, C, E, D, F, G, H, I]"
3138,3138,D,artificial,D_Dupli,complete,"35 [B, A, C, E, D, F, G, H, I]"
3139,3139,G,artificial,G,complete,"35 [B, A, C, E, D, F, G, H, I]"
3140,3140,E,artificial,D_Dupli,complete,"35 [B, A, C, E, D, F, G, H, I]"
3141,3141,A,artificial,A,complete,"35 [B, A, C, E, D, F, G, H, I]"
3142,3142,I,artificial,I,complete,"35 [B, A, C, E, D, F, G, H, I]"
3143,3143,H,artificial,H,complete,"35 [B, A, C, E, D, F, G, H, I]"
3144,3144,B,artificial,D_Dupli,complete,"35 [B, A, C, E, D, F, G, H, I]"
3145,3145,I,artificial,I,complete,"350 [A, B, C, E, D, F, G, I, H]"
3146,3146,H,artificial,H,complete,"350 [A, B, C, E, D, F, G, I, H]"
3147,3147,F,artificial,F,complete,"350 [A, B, C, E, D, F, G, I, H]"
3148,3148,D,artificial,D_Dupli,complete,"350 [A, B, C, E, D, F, G, I, H]"
3149,3149,E,artificial,D_Dupli,complete,"350 [A, B, C, E, D, F, G, I, H]"
3150,3150,B,artificial,D_Dupli,complete,"350 [A, B, C, E, D, F, G, I, H]"
3151,3151,A,artificial,A,complete,"350 [A, B, C, E, D, F, G, I, H]"
3152,3152,G,artificial,G,complete,"350 [A, B, C, E, D, F, G, I, H]"
3153,3153,C,artificial,D_Dupli,complete,"350 [A, B, C, E, D, F, G, I, H]"
3154,3154,D,artificial,D_Dupli,complete,"351 [A, B, C, D, E, F, G, H, I]"
3155,3155,H,artificial,H,complete,"351 [A, B, C, D, E, F, G, H, I]"
3156,3156,A,artificial,A,complete,"351 [A, B, C, D, E, F, G, H, I]"
3157,3157,B,artificial,D_Dupli,complete,"351 [A, B, C, D, E, F, G, H, I]"
3158,3158,C,artificial,D_Dupli,complete,"351 [A, B, C, D, E, F, G, H, I]"
3159,3159,E,artificial,D_Dupli,complete,"351 [A, B, C, D, E, F, G, H, I]"
3160,3160,F,artificial,F,complete,"351 [A, B, C, D, E, F, G, H, I]"
3161,3161,G,artificial,G,complete,"351 [A, B, C, D, E, F, G, H, I]"
3162,3162,I,artificial,I,complete,"351 [A, B, C, D, E, F, G, H, I]"
3163,3163,A,artificial,A,complete,"352 [A, B, D, E, C, F, G, I, H]"
3164,3164,B,artificial,D_Dupli,complete,"352 [A, B, D, E, C, F, G, I, H]"
3165,3165,I,artificial,I,complete,"352 [A, B, D, E, C, F, G, I, H]"
3166,3166,G,artificial,G,complete,"352 [A, B, D, E, C, F, G, I, H]"
3167,3167,F,artificial,F,complete,"352 [A, B, D, E, C, F, G, I, H]"
3168,3168,C,artificial,D_Dupli,complete,"352 [A, B, D, E, C, F, G, I, H]"
3169,3169,E,artificial,D_Dupli,complete,"352 [A, B, D, E, C, F, G, I, H]"
3170,3170,D,artificial,D_Dupli,complete,"352 [A, B, D, E, C, F, G, I, H]"
3171,3171,H,artificial,H,complete,"352 [A, B, D, E, C, F, G, I, H]"
3172,3172,G,artificial,G,complete,"353 [A, B, D, E, C, F, G, I, H, M, N, O, F, G, I, H]"
3173,3173,H,artificial,H,complete,"353 [A, B, D, E, C, F, G, I, H, M, N, O, F, G, I, H]"
3174,3174,F,artificial,F,complete,"353 [A, B, D, E, C, F, G, I, H, M, N, O, F, G, I, H]"
3175,3175,I,artificial,I,complete,"353 [A, B, D, E, C, F, G, I, H, M, N, O, F, G, I, H]"
3176,3176,I,artificial,I,complete,"353 [A, B, D, E, C, F, G, I, H, M, N, O, F, G, I, H]"
3177,3177,B,artificial,D_Dupli,complete,"353 [A, B, D, E, C, F, G, I, H, M, N, O, F, G, I, H]"
3178,3178,D,artificial,D_Dupli,complete,"353 [A, B, D, E, C, F, G, I, H, M, N, O, F, G, I, H]"
3179,3179,E,artificial,D_Dupli,complete,"353 [A, B, D, E, C, F, G, I, H, M, N, O, F, G, I, H]"
3180,3180,C,artificial,D_Dupli,complete,"353 [A, B, D, E, C, F, G, I, H, M, N, O, F, G, I, H]"
3181,3181,O,artificial,O,complete,"353 [A, B, D, E, C, F, G, I, H, M, N, O, F, G, I, H]"
3182,3182,F,artificial,F,complete,"353 [A, B, D, E, C, F, G, I, H, M, N, O, F, G, I, H]"
3183,3183,G,artificial,G,complete,"353 [A, B, D, E, C, F, G, I, H, M, N, O, F, G, I, H]"
3184,3184,A,artificial,A,complete,"353 [A, B, D, E, C, F, G, I, H, M, N, O, F, G, I, H]"
3185,3185,M,artificial,M,complete,"353 [A, B, D, E, C, F, G, I, H, M, N, O, F, G, I, H]"
3186,3186,H,artificial,H,complete,"353 [A, B, D, E, C, F, G, I, H, M, N, O, F, G, I, H]"
3187,3187,N,artificial,N,complete,"353 [A, B, D, E, C, F, G, I, H, M, N, O, F, G, I, H]"
3188,3188,F,artificial,F,complete,"354 [A, B, E, D, C, F, G, I, H]"
3189,3189,D,artificial,D_Dupli,complete,"354 [A, B, E, D, C, F, G, I, H]"
3190,3190,I,artificial,I,complete,"354 [A, B, E, D, C, F, G, I, H]"
3191,3191,H,artificial,H,complete,"354 [A, B, E, D, C, F, G, I, H]"
3192,3192,E,artificial,D_Dupli,complete,"354 [A, B, E, D, C, F, G, I, H]"
3193,3193,B,artificial,D_Dupli,complete,"354 [A, B, E, D, C, F, G, I, H]"
3194,3194,A,artificial,A,complete,"354 [A, B, E, D, C, F, G, I, H]"
3195,3195,C,artificial,D_Dupli,complete,"354 [A, B, E, D, C, F, G, I, H]"
3196,3196,G,artificial,G,complete,"354 [A, B, E, D, C, F, G, I, H]"
3197,3197,H,artificial,H,complete,"355 [A, B, D, E, C, F, G, I, H]"
3198,3198,G,artificial,G,complete,"355 [A, B, D, E, C, F, G, I, H]"
3199,3199,A,artificial,A,complete,"355 [A, B, D, E, C, F, G, I, H]"
3200,3200,B,artificial,D_Dupli,complete,"355 [A, B, D, E, C, F, G, I, H]"
3201,3201,D,artificial,D_Dupli,complete,"355 [A, B, D, E, C, F, G, I, H]"
3202,3202,E,artificial,D_Dupli,complete,"355 [A, B, D, E, C, F, G, I, H]"
3203,3203,C,artificial,D_Dupli,complete,"355 [A, B, D, E, C, F, G, I, H]"
3204,3204,F,artificial,F,complete,"355 [A, B, D, E, C, F, G, I, H]"
3205,3205,I,artificial,I,complete,"355 [A, B, D, E, C, F, G, I, H]"
3206,3206,B,artificial,D_Dupli,complete,"356 [B, A, C, E, D, F, G, I, H]"
3207,3207,I,artificial,I,complete,"356 [B, A, C, E, D, F, G, I, H]"
3208,3208,G,artificial,G,complete,"356 [B, A, C, E, D, F, G, I, H]"
3209,3209,F,artificial,F,complete,"356 [B, A, C, E, D, F, G, I, H]"
3210,3210,D,artificial,D_Dupli,complete,"356 [B, A, C, E, D, F, G, I, H]"
3211,3211,E,artificial,D_Dupli,complete,"356 [B, A, C, E, D, F, G, I, H]"
3212,3212,C,artificial,D_Dupli,complete,"356 [B, A, C, E, D, F, G, I, H]"
3213,3213,A,artificial,A,complete,"356 [B, A, C, E, D, F, G, I, H]"
3214,3214,H,artificial,H,complete,"356 [B, A, C, E, D, F, G, I, H]"
3215,3215,H,artificial,H,complete,"357 [B, A, D, C, E, F, G, I, H, O, M, N, F, G, H, I]"
3216,3216,I,artificial,I,complete,"357 [B, A, D, C, E, F, G, I, H, O, M, N, F, G, H, I]"
3217,3217,G,artificial,G,complete,"357 [B, A, D, C, E, F, G, I, H, O, M, N, F, G, H, I]"
3218,3218,F,artificial,F,complete,"357 [B, A, D, C, E, F, G, I, H, O, M, N, F, G, H, I]"
3219,3219,C,artificial,D_Dupli,complete,"357 [B, A, D, C, E, F, G, I, H, O, M, N, F, G, H, I]"
3220,3220,M,artificial,M,complete,"357 [B, A, D, C, E, F, G, I, H, O, M, N, F, G, H, I]"
3221,3221,B,artificial,D_Dupli,complete,"357 [B, A, D, C, E, F, G, I, H, O, M, N, F, G, H, I]"
3222,3222,A,artificial,A,complete,"357 [B, A, D, C, E, F, G, I, H, O, M, N, F, G, H, I]"
3223,3223,D,artificial,D_Dupli,complete,"357 [B, A, D, C, E, F, G, I, H, O, M, N, F, G, H, I]"
3224,3224,E,artificial,D_Dupli,complete,"357 [B, A, D, C, E, F, G, I, H, O, M, N, F, G, H, I]"
3225,3225,F,artificial,F,complete,"357 [B, A, D, C, E, F, G, I, H, O, M, N, F, G, H, I]"
3226,3226,G,artificial,G,complete,"357 [B, A, D, C, E, F, G, I, H, O, M, N, F, G, H, I]"
3227,3227,N,artificial,N,complete,"357 [B, A, D, C, E, F, G, I, H, O, M, N, F, G, H, I]"
3228,3228,I,artificial,I,complete,"357 [B, A, D, C, E, F, G, I, H, O, M, N, F, G, H, I]"
3229,3229,H,artificial,H,complete,"357 [B, A, D, C, E, F, G, I, H, O, M, N, F, G, H, I]"
3230,3230,O,artificial,O,complete,"357 [B, A, D, C, E, F, G, I, H, O, M, N, F, G, H, I]"
3231,3231,G,artificial,G,complete,"358 [A, B, D, C, E, F, G, H, I]"
3232,3232,H,artificial,H,complete,"358 [A, B, D, C, E, F, G, H, I]"
3233,3233,I,artificial,I,complete,"358 [A, B, D, C, E, F, G, H, I]"
3234,3234,E,artificial,D_Dupli,complete,"358 [A, B, D, C, E, F, G, H, I]"
3235,3235,C,artificial,D_Dupli,complete,"358 [A, B, D, C, E, F, G, H, I]"
3236,3236,D,artificial,D_Dupli,complete,"358 [A, B, D, C, E, F, G, H, I]"
3237,3237,B,artificial,D_Dupli,complete,"358 [A, B, D, C, E, F, G, H, I]"
3238,3238,A,artificial,A,complete,"358 [A, B, D, C, E, F, G, H, I]"
3239,3239,F,artificial,F,complete,"358 [A, B, D, C, E, F, G, H, I]"
3240,3240,F,artificial,F,complete,"359 [B, A, E, D, C, F, G, H, I, J, K, L, J, K, F, G, H, I]"
3241,3241,I,artificial,I,complete,"359 [B, A, E, D, C, F, G, H, I, J, K, L, J, K, F, G, H, I]"
3242,3242,H,artificial,H,complete,"359 [B, A, E, D, C, F, G, H, I, J, K, L, J, K, F, G, H, I]"
3243,3243,G,artificial,G,complete,"359 [B, A, E, D, C, F, G, H, I, J, K, L, J, K, F, G, H, I]"
3244,3244,K,artificial,K,complete,"359 [B, A, E, D, C, F, G, H, I, J, K, L, J, K, F, G, H, I]"
3245,3245,E,artificial,D_Dupli,complete,"359 [B, A, E, D, C, F, G, H, I, J, K, L, J, K, F, G, H, I]"
3246,3246,L,artificial,L,complete,"359 [B, A, E, D, C, F, G, H, I, J, K, L, J, K, F, G, H, I]"
3247,3247,K,artificial,K,complete,"359 [B, A, E, D, C, F, G, H, I, J, K, L, J, K, F, G, H, I]"
3248,3248,J,artificial,J,complete,"359 [B, A, E, D, C, F, G, H, I, J, K, L, J, K, F, G, H, I]"
3249,3249,I,artificial,I,complete,"359 [B, A, E, D, C, F, G, H, I, J, K, L, J, K, F, G, H, I]"
3250,3250,B,artificial,D_Dupli,complete,"359 [B, A, E, D, C, F, G, H, I, J, K, L, J, K, F, G, H, I]"
3251,3251,A,artificial,A,complete,"359 [B, A, E, D, C, F, G, H, I, J, K, L, J, K, F, G, H, I]"
3252,3252,D,artificial,D_Dupli,complete,"359 [B, A, E, D, C, F, G, H, I, J, K, L, J, K, F, G, H, I]"
3253,3253,C,artificial,D_Dupli,complete,"359 [B, A, E, D, C, F, G, H, I, J, K, L, J, K, F, G, H, I]"
3254,3254,F,artificial,F,complete,"359 [B, A, E, D, C, F, G, H, I, J, K, L, J, K, F, G, H, I]"
3255,3255,G,artificial,G,complete,"359 [B, A, E, D, C, F, G, H, I, J, K, L, J, K, F, G, H, I]"
3256,3256,J,artificial,J,complete,"359 [B, A, E, D, C, F, G, H, I, J, K, L, J, K, F, G, H, I]"
3257,3257,H,artificial,H,complete,"359 [B, A, E, D, C, F, G, H, I, J, K, L, J, K, F, G, H, I]"
3258,3258,H,artificial,H,complete,"36 [B, A, E, C, D, F, G, I, H]"
3259,3259,B,artificial,D_Dupli,complete,"36 [B, A, E, C, D, F, G, I, H]"
3260,3260,E,artificial,D_Dupli,complete,"36 [B, A, E, C, D, F, G, I, H]"
3261,3261,C,artificial,D_Dupli,complete,"36 [B, A, E, C, D, F, G, I, H]"
3262,3262,D,artificial,D_Dupli,complete,"36 [B, A, E, C, D, F, G, I, H]"
3263,3263,F,artificial,F,complete,"36 [B, A, E, C, D, F, G, I, H]"
3264,3264,G,artificial,G,complete,"36 [B, A, E, C, D, F, G, I, H]"
3265,3265,I,artificial,I,complete,"36 [B, A, E, C, D, F, G, I, H]"
3266,3266,A,artificial,A,complete,"36 [B, A, E, C, D, F, G, I, H]"
3267,3267,E,artificial,D_Dupli,complete,"360 [B, A, E, C, D, F, G, I, H]"
3268,3268,A,artificial,A,complete,"360 [B, A, E, C, D, F, G, I, H]"
3269,3269,C,artificial,D_Dupli,complete,"360 [B, A, E, C, D, F, G, I, H]"
3270,3270,B,artificial,D_Dupli,complete,"360 [B, A, E, C, D, F, G, I, H]"
3271,3271,F,artificial,F,complete,"360 [B, A, E, C, D, F, G, I, H]"
3272,3272,G,artificial,G,complete,"360 [B, A, E, C, D, F, G, I, H]"
3273,3273,I,artificial,I,complete,"360 [B, A, E, C, D, F, G, I, H]"
3274,3274,H,artificial,H,complete,"360 [B, A, E, C, D, F, G, I, H]"
3275,3275,D,artificial,D_Dupli,complete,"360 [B, A, E, C, D, F, G, I, H]"
3276,3276,H,artificial,H,complete,"361 [A, B, D, E, C, F, G, I, H]"
3277,3277,I,artificial,I,complete,"361 [A, B, D, E, C, F, G, I, H]"
3278,3278,F,artificial,F,complete,"361 [A, B, D, E, C, F, G, I, H]"
3279,3279,G,artificial,G,complete,"361 [A, B, D, E, C, F, G, I, H]"
3280,3280,E,artificial,D_Dupli,complete,"361 [A, B, D, E, C, F, G, I, H]"
3281,3281,D,artificial,D_Dupli,complete,"361 [A, B, D, E, C, F, G, I, H]"
3282,3282,B,artificial,D_Dupli,complete,"361 [A, B, D, E, C, F, G, I, H]"
3283,3283,A,artificial,A,complete,"361 [A, B, D, E, C, F, G, I, H]"
3284,3284,C,artificial,D_Dupli,complete,"361 [A, B, D, E, C, F, G, I, H]"
3285,3285,B,artificial,D_Dupli,complete,"362 [B, A, E, C, D, F, G, I, H, J, K, F, G, I, H, J, K, F, G, H, I]"
3286,3286,A,artificial,A,complete,"362 [B, A, E, C, D, F, G, I, H, J, K, F, G, I, H, J, K, F, G, H, I]"
3287,3287,E,artificial,D_Dupli,complete,"362 [B, A, E, C, D, F, G, I, H, J, K, F, G, I, H, J, K, F, G, H, I]"
3288,3288,C,artificial,D_Dupli,complete,"362 [B, A, E, C, D, F, G, I, H, J, K, F, G, I, H, J, K, F, G, H, I]"
3289,3289,D,artificial,D_Dupli,complete,"362 [B, A, E, C, D, F, G, I, H, J, K, F, G, I, H, J, K, F, G, H, I]"
3290,3290,F,artificial,F,complete,"362 [B, A, E, C, D, F, G, I, H, J, K, F, G, I, H, J, K, F, G, H, I]"
3291,3291,I,artificial,I,complete,"362 [B, A, E, C, D, F, G, I, H, J, K, F, G, I, H, J, K, F, G, H, I]"
3292,3292,G,artificial,G,complete,"362 [B, A, E, C, D, F, G, I, H, J, K, F, G, I, H, J, K, F, G, H, I]"
3293,3293,H,artificial,H,complete,"362 [B, A, E, C, D, F, G, I, H, J, K, F, G, I, H, J, K, F, G, H, I]"
3294,3294,J,artificial,J,complete,"362 [B, A, E, C, D, F, G, I, H, J, K, F, G, I, H, J, K, F, G, H, I]"
3295,3295,F,artificial,F,complete,"362 [B, A, E, C, D, F, G, I, H, J, K, F, G, I, H, J, K, F, G, H, I]"
3296,3296,K,artificial,K,complete,"362 [B, A, E, C, D, F, G, I, H, J, K, F, G, I, H, J, K, F, G, H, I]"
3297,3297,J,artificial,J,complete,"362 [B, A, E, C, D, F, G, I, H, J, K, F, G, I, H, J, K, F, G, H, I]"
3298,3298,I,artificial,I,complete,"362 [B, A, E, C, D, F, G, I, H, J, K, F, G, I, H, J, K, F, G, H, I]"
3299,3299,H,artificial,H,complete,"362 [B, A, E, C, D, F, G, I, H, J, K, F, G, I, H, J, K, F, G, H, I]"
3300,3300,I,artificial,I,complete,"362 [B, A, E, C, D, F, G, I, H, J, K, F, G, I, H, J, K, F, G, H, I]"
3301,3301,G,artificial,G,complete,"362 [B, A, E, C, D, F, G, I, H, J, K, F, G, I, H, J, K, F, G, H, I]"
3302,3302,F,artificial,F,complete,"362 [B, A, E, C, D, F, G, I, H, J, K, F, G, I, H, J, K, F, G, H, I]"
3303,3303,H,artificial,H,complete,"362 [B, A, E, C, D, F, G, I, H, J, K, F, G, I, H, J, K, F, G, H, I]"
3304,3304,K,artificial,K,complete,"362 [B, A, E, C, D, F, G, I, H, J, K, F, G, I, H, J, K, F, G, H, I]"
3305,3305,G,artificial,G,complete,"362 [B, A, E, C, D, F, G, I, H, J, K, F, G, I, H, J, K, F, G, H, I]"
3306,3306,B,artificial,D_Dupli,complete,"363 [A, B, E, C, D, F, G, H, I]"
3307,3307,E,artificial,D_Dupli,complete,"363 [A, B, E, C, D, F, G, H, I]"
3308,3308,C,artificial,D_Dupli,complete,"363 [A, B, E, C, D, F, G, H, I]"
3309,3309,D,artificial,D_Dupli,complete,"363 [A, B, E, C, D, F, G, H, I]"
3310,3310,G,artificial,G,complete,"363 [A, B, E, C, D, F, G, H, I]"
3311,3311,H,artificial,H,complete,"363 [A, B, E, C, D, F, G, H, I]"
3312,3312,I,artificial,I,complete,"363 [A, B, E, C, D, F, G, H, I]"
3313,3313,F,artificial,F,complete,"363 [A, B, E, C, D, F, G, H, I]"
3314,3314,A,artificial,A,complete,"363 [A, B, E, C, D, F, G, H, I]"
3315,3315,F,artificial,F,complete,"364 [A, B, E, C, D, F, G, H, I, J, K, F, G, H, I]"
3316,3316,K,artificial,K,complete,"364 [A, B, E, C, D, F, G, H, I, J, K, F, G, H, I]"
3317,3317,J,artificial,J,complete,"364 [A, B, E, C, D, F, G, H, I, J, K, F, G, H, I]"
3318,3318,I,artificial,I,complete,"364 [A, B, E, C, D, F, G, H, I, J, K, F, G, H, I]"
3319,3319,H,artificial,H,complete,"364 [A, B, E, C, D, F, G, H, I, J, K, F, G, H, I]"
3320,3320,G,artificial,G,complete,"364 [A, B, E, C, D, F, G, H, I, J, K, F, G, H, I]"
3321,3321,F,artificial,F,complete,"364 [A, B, E, C, D, F, G, H, I, J, K, F, G, H, I]"
3322,3322,D,artificial,D_Dupli,complete,"364 [A, B, E, C, D, F, G, H, I, J, K, F, G, H, I]"
3323,3323,C,artificial,D_Dupli,complete,"364 [A, B, E, C, D, F, G, H, I, J, K, F, G, H, I]"
3324,3324,E,artificial,D_Dupli,complete,"364 [A, B, E, C, D, F, G, H, I, J, K, F, G, H, I]"
3325,3325,B,artificial,D_Dupli,complete,"364 [A, B, E, C, D, F, G, H, I, J, K, F, G, H, I]"
3326,3326,A,artificial,A,complete,"364 [A, B, E, C, D, F, G, H, I, J, K, F, G, H, I]"
3327,3327,H,artificial,H,complete,"364 [A, B, E, C, D, F, G, H, I, J, K, F, G, H, I]"
3328,3328,I,artificial,I,complete,"364 [A, B, E, C, D, F, G, H, I, J, K, F, G, H, I]"
3329,3329,G,artificial,G,complete,"364 [A, B, E, C, D, F, G, H, I, J, K, F, G, H, I]"
3330,3330,G,artificial,G,complete,"365 [A, B, E, D, C, F, G, I, H]"
3331,3331,F,artificial,F,complete,"365 [A, B, E, D, C, F, G, I, H]"
3332,3332,C,artificial,D_Dupli,complete,"365 [A, B, E, D, C, F, G, I, H]"
3333,3333,D,artificial,D_Dupli,complete,"365 [A, B, E, D, C, F, G, I, H]"
3334,3334,E,artificial,D_Dupli,complete,"365 [A, B, E, D, C, F, G, I, H]"
3335,3335,B,artificial,D_Dupli,complete,"365 [A, B, E, D, C, F, G, I, H]"
3336,3336,A,artificial,A,complete,"365 [A, B, E, D, C, F, G, I, H]"
3337,3337,I,artificial,I,complete,"365 [A, B, E, D, C, F, G, I, H]"
3338,3338,H,artificial,H,complete,"365 [A, B, E, D, C, F, G, I, H]"
3339,3339,I,artificial,I,complete,"366 [A, B, D, C, E, F, G, H, I]"
3340,3340,H,artificial,H,complete,"366 [A, B, D, C, E, F, G, H, I]"
3341,3341,G,artificial,G,complete,"366 [A, B, D, C, E, F, G, H, I]"
3342,3342,F,artificial,F,complete,"366 [A, B, D, C, E, F, G, H, I]"
3343,3343,E,artificial,D_Dupli,complete,"366 [A, B, D, C, E, F, G, H, I]"
3344,3344,C,artificial,D_Dupli,complete,"366 [A, B, D, C, E, F, G, H, I]"
3345,3345,D,artificial,D_Dupli,complete,"366 [A, B, D, C, E, F, G, H, I]"
3346,3346,A,artificial,A,complete,"366 [A, B, D, C, E, F, G, H, I]"
3347,3347,B,artificial,D_Dupli,complete,"366 [A, B, D, C, E, F, G, H, I]"
3348,3348,G,artificial,G,complete,"367 [A, B, E, C, D, F, G, I, H]"
3349,3349,A,artificial,A,complete,"367 [A, B, E, C, D, F, G, I, H]"
3350,3350,B,artificial,D_Dupli,complete,"367 [A, B, E, C, D, F, G, I, H]"
3351,3351,E,artificial,D_Dupli,complete,"367 [A, B, E, C, D, F, G, I, H]"
3352,3352,C,artificial,D_Dupli,complete,"367 [A, B, E, C, D, F, G, I, H]"
3353,3353,D,artificial,D_Dupli,complete,"367 [A, B, E, C, D, F, G, I, H]"
3354,3354,F,artificial,F,complete,"367 [A, B, E, C, D, F, G, I, H]"
3355,3355,I,artificial,I,complete,"367 [A, B, E, C, D, F, G, I, H]"
3356,3356,H,artificial,H,complete,"367 [A, B, E, C, D, F, G, I, H]"
3357,3357,E,artificial,D_Dupli,complete,"368 [A, B, D, E, C, F, G, H, I]"
3358,3358,I,artificial,I,complete,"368 [A, B, D, E, C, F, G, H, I]"
3359,3359,H,artificial,H,complete,"368 [A, B, D, E, C, F, G, H, I]"
3360,3360,G,artificial,G,complete,"368 [A, B, D, E, C, F, G, H, I]"
3361,3361,F,artificial,F,complete,"368 [A, B, D, E, C, F, G, H, I]"
3362,3362,A,artificial,A,complete,"368 [A, B, D, E, C, F, G, H, I]"
3363,3363,D,artificial,D_Dupli,complete,"368 [A, B, D, E, C, F, G, H, I]"
3364,3364,B,artificial,D_Dupli,complete,"368 [A, B, D, E, C, F, G, H, I]"
3365,3365,C,artificial,D_Dupli,complete,"368 [A, B, D, E, C, F, G, H, I]"
3366,3366,K,artificial,K,complete,"369 [A, B, D, C, E, F, G, I, H, J, K, F, G, I, H]"
3367,3367,F,artificial,F,complete,"369 [A, B, D, C, E, F, G, I, H, J, K, F, G, I, H]"
3368,3368,G,artificial,G,complete,"369 [A, B, D, C, E, F, G, I, H, J, K, F, G, I, H]"
3369,3369,H,artificial,H,complete,"369 [A, B, D, C, E, F, G, I, H, J, K, F, G, I, H]"
3370,3370,H,artificial,H,complete,"369 [A, B, D, C, E, F, G, I, H, J, K, F, G, I, H]"
3371,3371,J,artificial,J,complete,"369 [A, B, D, C, E, F, G, I, H, J, K, F, G, I, H]"
3372,3372,I,artificial,I,complete,"369 [A, B, D, C, E, F, G, I, H, J, K, F, G, I, H]"
3373,3373,I,artificial,I,complete,"369 [A, B, D, C, E, F, G, I, H, J, K, F, G, I, H]"
3374,3374,B,artificial,D_Dupli,complete,"369 [A, B, D, C, E, F, G, I, H, J, K, F, G, I, H]"
3375,3375,F,artificial,F,complete,"369 [A, B, D, C, E, F, G, I, H, J, K, F, G, I, H]"
3376,3376,E,artificial,D_Dupli,complete,"369 [A, B, D, C, E, F, G, I, H, J, K, F, G, I, H]"
3377,3377,C,artificial,D_Dupli,complete,"369 [A, B, D, C, E, F, G, I, H, J, K, F, G, I, H]"
3378,3378,D,artificial,D_Dupli,complete,"369 [A, B, D, C, E, F, G, I, H, J, K, F, G, I, H]"
3379,3379,A,artificial,A,complete,"369 [A, B, D, C, E, F, G, I, H, J, K, F, G, I, H]"
3380,3380,G,artificial,G,complete,"369 [A, B, D, C, E, F, G, I, H, J, K, F, G, I, H]"
3381,3381,H,artificial,H,complete,"37 [A, B, D, C, E, F, G, H, I]"
3382,3382,B,artificial,D_Dupli,complete,"37 [A, B, D, C, E, F, G, H, I]"
3383,3383,G,artificial,G,complete,"37 [A, B, D, C, E, F, G, H, I]"
3384,3384,F,artificial,F,complete,"37 [A, B, D, C, E, F, G, H, I]"
3385,3385,E,artificial,D_Dupli,complete,"37 [A, B, D, C, E, F, G, H, I]"
3386,3386,C,artificial,D_Dupli,complete,"37 [A, B, D, C, E, F, G, H, I]"
3387,3387,D,artificial,D_Dupli,complete,"37 [A, B, D, C, E, F, G, H, I]"
3388,3388,A,artificial,A,complete,"37 [A, B, D, C, E, F, G, H, I]"
3389,3389,I,artificial,I,complete,"37 [A, B, D, C, E, F, G, H, I]"
3390,3390,H,artificial,H,complete,"370 [B, A, D, C, E, F, G, I, H, O, N, M, F, G, I, H, J, K, F, G, I, H, O, M, N, F, G, I, H, M, N, O, F, G, I, H, J, K, F, G, I, H, J, K, F, G, H, I]"
3391,3391,O,artificial,O,complete,"370 [B, A, D, C, E, F, G, I, H, O, N, M, F, G, I, H, J, K, F, G, I, H, O, M, N, F, G, I, H, M, N, O, F, G, I, H, J, K, F, G, I, H, J, K, F, G, H, I]"
3392,3392,N,artificial,N,complete,"370 [B, A, D, C, E, F, G, I, H, O, N, M, F, G, I, H, J, K, F, G, I, H, O, M, N, F, G, I, H, M, N, O, F, G, I, H, J, K, F, G, I, H, J, K, F, G, H, I]"
3393,3393,G,artificial,G,complete,"370 [B, A, D, C, E, F, G, I, H, O, N, M, F, G, I, H, J, K, F, G, I, H, O, M, N, F, G, I, H, M, N, O, F, G, I, H, J, K, F, G, I, H, J, K, F, G, H, I]"
3394,3394,F,artificial,F,complete,"370 [B, A, D, C, E, F, G, I, H, O, N, M, F, G, I, H, J, K, F, G, I, H, O, M, N, F, G, I, H, M, N, O, F, G, I, H, J, K, F, G, I, H, J, K, F, G, H, I]"
3395,3395,E,artificial,D_Dupli,complete,"370 [B, A, D, C, E, F, G, I, H, O, N, M, F, G, I, H, J, K, F, G, I, H, O, M, N, F, G, I, H, M, N, O, F, G, I, H, J, K, F, G, I, H, J, K, F, G, H, I]"
3396,3396,C,artificial,D_Dupli,complete,"370 [B, A, D, C, E, F, G, I, H, O, N, M, F, G, I, H, J, K, F, G, I, H, O, M, N, F, G, I, H, M, N, O, F, G, I, H, J, K, F, G, I, H, J, K, F, G, H, I]"
3397,3397,D,artificial,D_Dupli,complete,"370 [B, A, D, C, E, F, G, I, H, O, N, M, F, G, I, H, J, K, F, G, I, H, O, M, N, F, G, I, H, M, N, O, F, G, I, H, J, K, F, G, I, H, J, K, F, G, H, I]"
3398,3398,A,artificial,A,complete,"370 [B, A, D, C, E, F, G, I, H, O, N, M, F, G, I, H, J, K, F, G, I, H, O, M, N, F, G, I, H, M, N, O, F, G, I, H, J, K, F, G, I, H, J, K, F, G, H, I]"
3399,3399,B,artificial,D_Dupli,complete,"370 [B, A, D, C, E, F, G, I, H, O, N, M, F, G, I, H, J, K, F, G, I, H, O, M, N, F, G, I, H, M, N, O, F, G, I, H, J, K, F, G, I, H, J, K, F, G, H, I]"
3400,3400,G,artificial,G,complete,"370 [B, A, D, C, E, F, G, I, H, O, N, M, F, G, I, H, J, K, F, G, I, H, O, M, N, F, G, I, H, M, N, O, F, G, I, H, J, K, F, G, I, H, J, K, F, G, H, I]"
3401,3401,I,artificial,I,complete,"370 [B, A, D, C, E, F, G, I, H, O, N, M, F, G, I, H, J, K, F, G, I, H, O, M, N, F, G, I, H, M, N, O, F, G, I, H, J, K, F, G, I, H, J, K, F, G, H, I]"
3402,3402,M,artificial,M,complete,"370 [B, A, D, C, E, F, G, I, H, O, N, M, F, G, I, H, J, K, F, G, I, H, O, M, N, F, G, I, H, M, N, O, F, G, I, H, J, K, F, G, I, H, J, K, F, G, H, I]"
3403,3403,I,artificial,I,complete,"370 [B, A, D, C, E, F, G, I, H, O, N, M, F, G, I, H, J, K, F, G, I, H, O, M, N, F, G, I, H, M, N, O, F, G, I, H, J, K, F, G, I, H, J, K, F, G, H, I]"
3404,3404,F,artificial,F,complete,"370 [B, A, D, C, E, F, G, I, H, O, N, M, F, G, I, H, J, K, F, G, I, H, O, M, N, F, G, I, H, M, N, O, F, G, I, H, J, K, F, G, I, H, J, K, F, G, H, I]"
3405,3405,F,artificial,F,complete,"370 [B, A, D, C, E, F, G, I, H, O, N, M, F, G, I, H, J, K, F, G, I, H, O, M, N, F, G, I, H, M, N, O, F, G, I, H, J, K, F, G, I, H, J, K, F, G, H, I]"
3406,3406,G,artificial,G,complete,"370 [B, A, D, C, E, F, G, I, H, O, N, M, F, G, I, H, J, K, F, G, I, H, O, M, N, F, G, I, H, M, N, O, F, G, I, H, J, K, F, G, I, H, J, K, F, G, H, I]"
3407,3407,I,artificial,I,complete,"370 [B, A, D, C, E, F, G, I, H, O, N, M, F, G, I, H, J, K, F, G, I, H, O, M, N, F, G, I, H, M, N, O, F, G, I, H, J, K, F, G, I, H, J, K, F, G, H, I]"
3408,3408,J,artificial,J,complete,"370 [B, A, D, C, E, F, G, I, H, O, N, M, F, G, I, H, J, K, F, G, I, H, O, M, N, F, G, I, H, M, N, O, F, G, I, H, J, K, F, G, I, H, J, K, F, G, H, I]"
3409,3409,K,artificial,K,complete,"370 [B, A, D, C, E, F, G, I, H, O, N, M, F, G, I, H, J, K, F, G, I, H, O, M, N, F, G, I, H, M, N, O, F, G, I, H, J, K, F, G, I, H, J, K, F, G, H, I]"
3410,3410,G,artificial,G,complete,"370 [B, A, D, C, E, F, G, I, H, O, N, M, F, G, I, H, J, K, F, G, I, H, O, M, N, F, G, I, H, M, N, O, F, G, I, H, J, K, F, G, I, H, J, K, F, G, H, I]"
3411,3411,O,artificial,O,complete,"370 [B, A, D, C, E, F, G, I, H, O, N, M, F, G, I, H, J, K, F, G, I, H, O, M, N, F, G, I, H, M, N, O, F, G, I, H, J, K, F, G, I, H, J, K, F, G, H, I]"
3412,3412,I,artificial,I,complete,"370 [B, A, D, C, E, F, G, I, H, O, N, M, F, G, I, H, J, K, F, G, I, H, O, M, N, F, G, I, H, M, N, O, F, G, I, H, J, K, F, G, I, H, J, K, F, G, H, I]"
3413,3413,J,artificial,J,complete,"370 [B, A, D, C, E, F, G, I, H, O, N, M, F, G, I, H, J, K, F, G, I, H, O, M, N, F, G, I, H, M, N, O, F, G, I, H, J, K, F, G, I, H, J, K, F, G, H, I]"
3414,3414,K,artificial,K,complete,"370 [B, A, D, C, E, F, G, I, H, O, N, M, F, G, I, H, J, K, F, G, I, H, O, M, N, F, G, I, H, M, N, O, F, G, I, H, J, K, F, G, I, H, J, K, F, G, H, I]"
3415,3415,F,artificial,F,complete,"370 [B, A, D, C, E, F, G, I, H, O, N, M, F, G, I, H, J, K, F, G, I, H, O, M, N, F, G, I, H, M, N, O, F, G, I, H, J, K, F, G, I, H, J, K, F, G, H, I]"
3416,3416,G,artificial,G,complete,"370 [B, A, D, C, E, F, G, I, H, O, N, M, F, G, I, H, J, K, F, G, I, H, O, M, N, F, G, I, H, M, N, O, F, G, I, H, J, K, F, G, I, H, J, K, F, G, H, I]"
3417,3417,H,artificial,H,complete,"370 [B, A, D, C, E, F, G, I, H, O, N, M, F, G, I, H, J, K, F, G, I, H, O, M, N, F, G, I, H, M, N, O, F, G, I, H, J, K, F, G, I, H, J, K, F, G, H, I]"
3418,3418,I,artificial,I,complete,"370 [B, A, D, C, E, F, G, I, H, O, N, M, F, G, I, H, J, K, F, G, I, H, O, M, N, F, G, I, H, M, N, O, F, G, I, H, J, K, F, G, I, H, J, K, F, G, H, I]"
3419,3419,H,artificial,H,complete,"370 [B, A, D, C, E, F, G, I, H, O, N, M, F, G, I, H, J, K, F, G, I, H, O, M, N, F, G, I, H, M, N, O, F, G, I, H, J, K, F, G, I, H, J, K, F, G, H, I]"
3420,3420,N,artificial,N,complete,"370 [B, A, D, C, E, F, G, I, H, O, N, M, F, G, I, H, J, K, F, G, I, H, O, M, N, F, G, I, H, M, N, O, F, G, I, H, J, K, F, G, I, H, J, K, F, G, H, I]"
3421,3421,H,artificial,H,complete,"370 [B, A, D, C, E, F, G, I, H, O, N, M, F, G, I, H, J, K, F, G, I, H, O, M, N, F, G, I, H, M, N, O, F, G, I, H, J, K, F, G, I, H, J, K, F, G, H, I]"
3422,3422,H,artificial,H,complete,"370 [B, A, D, C, E, F, G, I, H, O, N, M, F, G, I, H, J, K, F, G, I, H, O, M, N, F, G, I, H, M, N, O, F, G, I, H, J, K, F, G, I, H, J, K, F, G, H, I]"
3423,3423,H,artificial,H,complete,"370 [B, A, D, C, E, F, G, I, H, O, N, M, F, G, I, H, J, K, F, G, I, H, O, M, N, F, G, I, H, M, N, O, F, G, I, H, J, K, F, G, I, H, J, K, F, G, H, I]"
3424,3424,J,artificial,J,complete,"370 [B, A, D, C, E, F, G, I, H, O, N, M, F, G, I, H, J, K, F, G, I, H, O, M, N, F, G, I, H, M, N, O, F, G, I, H, J, K, F, G, I, H, J, K, F, G, H, I]"
3425,3425,K,artificial,K,complete,"370 [B, A, D, C, E, F, G, I, H, O, N, M, F, G, I, H, J, K, F, G, I, H, O, M, N, F, G, I, H, M, N, O, F, G, I, H, J, K, F, G, I, H, J, K, F, G, H, I]"
3426,3426,M,artificial,M,complete,"370 [B, A, D, C, E, F, G, I, H, O, N, M, F, G, I, H, J, K, F, G, I, H, O, M, N, F, G, I, H, M, N, O, F, G, I, H, J, K, F, G, I, H, J, K, F, G, H, I]"
3427,3427,G,artificial,G,complete,"370 [B, A, D, C, E, F, G, I, H, O, N, M, F, G, I, H, J, K, F, G, I, H, O, M, N, F, G, I, H, M, N, O, F, G, I, H, J, K, F, G, I, H, J, K, F, G, H, I]"
3428,3428,I,artificial,I,complete,"370 [B, A, D, C, E, F, G, I, H, O, N, M, F, G, I, H, J, K, F, G, I, H, O, M, N, F, G, I, H, M, N, O, F, G, I, H, J, K, F, G, I, H, J, K, F, G, H, I]"
3429,3429,H,artificial,H,complete,"370 [B, A, D, C, E, F, G, I, H, O, N, M, F, G, I, H, J, K, F, G, I, H, O, M, N, F, G, I, H, M, N, O, F, G, I, H, J, K, F, G, I, H, J, K, F, G, H, I]"
3430,3430,O,artificial,O,complete,"370 [B, A, D, C, E, F, G, I, H, O, N, M, F, G, I, H, J, K, F, G, I, H, O, M, N, F, G, I, H, M, N, O, F, G, I, H, J, K, F, G, I, H, J, K, F, G, H, I]"
3431,3431,F,artificial,F,complete,"370 [B, A, D, C, E, F, G, I, H, O, N, M, F, G, I, H, J, K, F, G, I, H, O, M, N, F, G, I, H, M, N, O, F, G, I, H, J, K, F, G, I, H, J, K, F, G, H, I]"
3432,3432,M,artificial,M,complete,"370 [B, A, D, C, E, F, G, I, H, O, N, M, F, G, I, H, J, K, F, G, I, H, O, M, N, F, G, I, H, M, N, O, F, G, I, H, J, K, F, G, I, H, J, K, F, G, H, I]"
3433,3433,N,artificial,N,complete,"370 [B, A, D, C, E, F, G, I, H, O, N, M, F, G, I, H, J, K, F, G, I, H, O, M, N, F, G, I, H, M, N, O, F, G, I, H, J, K, F, G, I, H, J, K, F, G, H, I]"
3434,3434,F,artificial,F,complete,"370 [B, A, D, C, E, F, G, I, H, O, N, M, F, G, I, H, J, K, F, G, I, H, O, M, N, F, G, I, H, M, N, O, F, G, I, H, J, K, F, G, I, H, J, K, F, G, H, I]"
3435,3435,G,artificial,G,complete,"370 [B, A, D, C, E, F, G, I, H, O, N, M, F, G, I, H, J, K, F, G, I, H, O, M, N, F, G, I, H, M, N, O, F, G, I, H, J, K, F, G, I, H, J, K, F, G, H, I]"
3436,3436,I,artificial,I,complete,"370 [B, A, D, C, E, F, G, I, H, O, N, M, F, G, I, H, J, K, F, G, I, H, O, M, N, F, G, I, H, M, N, O, F, G, I, H, J, K, F, G, I, H, J, K, F, G, H, I]"
3437,3437,F,artificial,F,complete,"370 [B, A, D, C, E, F, G, I, H, O, N, M, F, G, I, H, J, K, F, G, I, H, O, M, N, F, G, I, H, M, N, O, F, G, I, H, J, K, F, G, I, H, J, K, F, G, H, I]"
3438,3438,B,artificial,D_Dupli,complete,"371 [A, B, E, D, C, F, G, I, H]"
3439,3439,H,artificial,H,complete,"371 [A, B, E, D, C, F, G, I, H]"
3440,3440,A,artificial,A,complete,"371 [A, B, E, D, C, F, G, I, H]"
3441,3441,E,artificial,D_Dupli,complete,"371 [A, B, E, D, C, F, G, I, H]"
3442,3442,D,artificial,D_Dupli,complete,"371 [A, B, E, D, C, F, G, I, H]"
3443,3443,C,artificial,D_Dupli,complete,"371 [A, B, E, D, C, F, G, I, H]"
3444,3444,F,artificial,F,complete,"371 [A, B, E, D, C, F, G, I, H]"
3445,3445,G,artificial,G,complete,"371 [A, B, E, D, C, F, G, I, H]"
3446,3446,I,artificial,I,complete,"371 [A, B, E, D, C, F, G, I, H]"
3447,3447,F,artificial,F,complete,"372 [A, B, E, D, C, F, G, H, I, J, K, F, G, H, I, J, K, F, G, I, H, M, N, O, F, G, H, I]"
3448,3448,C,artificial,D_Dupli,complete,"372 [A, B, E, D, C, F, G, H, I, J, K, F, G, H, I, J, K, F, G, I, H, M, N, O, F, G, H, I]"
3449,3449,D,artificial,D_Dupli,complete,"372 [A, B, E, D, C, F, G, H, I, J, K, F, G, H, I, J, K, F, G, I, H, M, N, O, F, G, H, I]"
3450,3450,K,artificial,K,complete,"372 [A, B, E, D, C, F, G, H, I, J, K, F, G, H, I, J, K, F, G, I, H, M, N, O, F, G, H, I]"
3451,3451,B,artificial,D_Dupli,complete,"372 [A, B, E, D, C, F, G, H, I, J, K, F, G, H, I, J, K, F, G, I, H, M, N, O, F, G, H, I]"
3452,3452,A,artificial,A,complete,"372 [A, B, E, D, C, F, G, H, I, J, K, F, G, H, I, J, K, F, G, I, H, M, N, O, F, G, H, I]"
3453,3453,G,artificial,G,complete,"372 [A, B, E, D, C, F, G, H, I, J, K, F, G, H, I, J, K, F, G, I, H, M, N, O, F, G, H, I]"
3454,3454,E,artificial,D_Dupli,complete,"372 [A, B, E, D, C, F, G, H, I, J, K, F, G, H, I, J, K, F, G, I, H, M, N, O, F, G, H, I]"
3455,3455,H,artificial,H,complete,"372 [A, B, E, D, C, F, G, H, I, J, K, F, G, H, I, J, K, F, G, I, H, M, N, O, F, G, H, I]"
3456,3456,F,artificial,F,complete,"372 [A, B, E, D, C, F, G, H, I, J, K, F, G, H, I, J, K, F, G, I, H, M, N, O, F, G, H, I]"
3457,3457,H,artificial,H,complete,"372 [A, B, E, D, C, F, G, H, I, J, K, F, G, H, I, J, K, F, G, I, H, M, N, O, F, G, H, I]"
3458,3458,J,artificial,J,complete,"372 [A, B, E, D, C, F, G, H, I, J, K, F, G, H, I, J, K, F, G, I, H, M, N, O, F, G, H, I]"
3459,3459,I,artificial,I,complete,"372 [A, B, E, D, C, F, G, H, I, J, K, F, G, H, I, J, K, F, G, I, H, M, N, O, F, G, H, I]"
3460,3460,H,artificial,H,complete,"372 [A, B, E, D, C, F, G, H, I, J, K, F, G, H, I, J, K, F, G, I, H, M, N, O, F, G, H, I]"
3461,3461,G,artificial,G,complete,"372 [A, B, E, D, C, F, G, H, I, J, K, F, G, H, I, J, K, F, G, I, H, M, N, O, F, G, H, I]"
3462,3462,O,artificial,O,complete,"372 [A, B, E, D, C, F, G, H, I, J, K, F, G, H, I, J, K, F, G, I, H, M, N, O, F, G, H, I]"
3463,3463,N,artificial,N,complete,"372 [A, B, E, D, C, F, G, H, I, J, K, F, G, H, I, J, K, F, G, I, H, M, N, O, F, G, H, I]"
3464,3464,G,artificial,G,complete,"372 [A, B, E, D, C, F, G, H, I, J, K, F, G, H, I, J, K, F, G, I, H, M, N, O, F, G, H, I]"
3465,3465,F,artificial,F,complete,"372 [A, B, E, D, C, F, G, H, I, J, K, F, G, H, I, J, K, F, G, I, H, M, N, O, F, G, H, I]"
3466,3466,H,artificial,H,complete,"372 [A, B, E, D, C, F, G, H, I, J, K, F, G, H, I, J, K, F, G, I, H, M, N, O, F, G, H, I]"
3467,3467,I,artificial,I,complete,"372 [A, B, E, D, C, F, G, H, I, J, K, F, G, H, I, J, K, F, G, I, H, M, N, O, F, G, H, I]"
3468,3468,I,artificial,I,complete,"372 [A, B, E, D, C, F, G, H, I, J, K, F, G, H, I, J, K, F, G, I, H, M, N, O, F, G, H, I]"
3469,3469,G,artificial,G,complete,"372 [A, B, E, D, C, F, G, H, I, J, K, F, G, H, I, J, K, F, G, I, H, M, N, O, F, G, H, I]"
3470,3470,F,artificial,F,complete,"372 [A, B, E, D, C, F, G, H, I, J, K, F, G, H, I, J, K, F, G, I, H, M, N, O, F, G, H, I]"
3471,3471,K,artificial,K,complete,"372 [A, B, E, D, C, F, G, H, I, J, K, F, G, H, I, J, K, F, G, I, H, M, N, O, F, G, H, I]"
3472,3472,J,artificial,J,complete,"372 [A, B, E, D, C, F, G, H, I, J, K, F, G, H, I, J, K, F, G, I, H, M, N, O, F, G, H, I]"
3473,3473,M,artificial,M,complete,"372 [A, B, E, D, C, F, G, H, I, J, K, F, G, H, I, J, K, F, G, I, H, M, N, O, F, G, H, I]"
3474,3474,I,artificial,I,complete,"372 [A, B, E, D, C, F, G, H, I, J, K, F, G, H, I, J, K, F, G, I, H, M, N, O, F, G, H, I]"
3475,3475,I,artificial,I,complete,"373 [A, B, E, D, C, F, G, I, H, J, K, F, G, I, H]"
3476,3476,A,artificial,A,complete,"373 [A, B, E, D, C, F, G, I, H, J, K, F, G, I, H]"
3477,3477,B,artificial,D_Dupli,complete,"373 [A, B, E, D, C, F, G, I, H, J, K, F, G, I, H]"
3478,3478,E,artificial,D_Dupli,complete,"373 [A, B, E, D, C, F, G, I, H, J, K, F, G, I, H]"
3479,3479,D,artificial,D_Dupli,complete,"373 [A, B, E, D, C, F, G, I, H, J, K, F, G, I, H]"
3480,3480,C,artificial,D_Dupli,complete,"373 [A, B, E, D, C, F, G, I, H, J, K, F, G, I, H]"
3481,3481,F,artificial,F,complete,"373 [A, B, E, D, C, F, G, I, H, J, K, F, G, I, H]"
3482,3482,G,artificial,G,complete,"373 [A, B, E, D, C, F, G, I, H, J, K, F, G, I, H]"
3483,3483,K,artificial,K,complete,"373 [A, B, E, D, C, F, G, I, H, J, K, F, G, I, H]"
3484,3484,H,artificial,H,complete,"373 [A, B, E, D, C, F, G, I, H, J, K, F, G, I, H]"
3485,3485,H,artificial,H,complete,"373 [A, B, E, D, C, F, G, I, H, J, K, F, G, I, H]"
3486,3486,J,artificial,J,complete,"373 [A, B, E, D, C, F, G, I, H, J, K, F, G, I, H]"
3487,3487,G,artificial,G,complete,"373 [A, B, E, D, C, F, G, I, H, J, K, F, G, I, H]"
3488,3488,I,artificial,I,complete,"373 [A, B, E, D, C, F, G, I, H, J, K, F, G, I, H]"
3489,3489,F,artificial,F,complete,"373 [A, B, E, D, C, F, G, I, H, J, K, F, G, I, H]"
3490,3490,H,artificial,H,complete,"374 [B, A, E, C, D, F, G, H, I]"
3491,3491,F,artificial,F,complete,"374 [B, A, E, C, D, F, G, H, I]"
3492,3492,I,artificial,I,complete,"374 [B, A, E, C, D, F, G, H, I]"
3493,3493,C,artificial,D_Dupli,complete,"374 [B, A, E, C, D, F, G, H, I]"
3494,3494,E,artificial,D_Dupli,complete,"374 [B, A, E, C, D, F, G, H, I]"
3495,3495,A,artificial,A,complete,"374 [B, A, E, C, D, F, G, H, I]"
3496,3496,B,artificial,D_Dupli,complete,"374 [B, A, E, C, D, F, G, H, I]"
3497,3497,D,artificial,D_Dupli,complete,"374 [B, A, E, C, D, F, G, H, I]"
3498,3498,G,artificial,G,complete,"374 [B, A, E, C, D, F, G, H, I]"
3499,3499,A,artificial,A,complete,"375 [B, A, C, D, E, F, G, I, H]"
3500,3500,C,artificial,D_Dupli,complete,"375 [B, A, C, D, E, F, G, I, H]"
3501,3501,E,artificial,D_Dupli,complete,"375 [B, A, C, D, E, F, G, I, H]"
3502,3502,F,artificial,F,complete,"375 [B, A, C, D, E, F, G, I, H]"
3503,3503,G,artificial,G,complete,"375 [B, A, C, D, E, F, G, I, H]"
3504,3504,I,artificial,I,complete,"375 [B, A, C, D, E, F, G, I, H]"
3505,3505,H,artificial,H,complete,"375 [B, A, C, D, E, F, G, I, H]"
3506,3506,D,artificial,D_Dupli,complete,"375 [B, A, C, D, E, F, G, I, H]"
3507,3507,B,artificial,D_Dupli,complete,"375 [B, A, C, D, E, F, G, I, H]"
3508,3508,E,artificial,D_Dupli,complete,"376 [B, A, C, D, E, F, G, H, I]"
3509,3509,B,artificial,D_Dupli,complete,"376 [B, A, C, D, E, F, G, H, I]"
3510,3510,A,artificial,A,complete,"376 [B, A, C, D, E, F, G, H, I]"
3511,3511,C,artificial,D_Dupli,complete,"376 [B, A, C, D, E, F, G, H, I]"
3512,3512,D,artificial,D_Dupli,complete,"376 [B, A, C, D, E, F, G, H, I]"
3513,3513,I,artificial,I,complete,"376 [B, A, C, D, E, F, G, H, I]"
3514,3514,F,artificial,F,complete,"376 [B, A, C, D, E, F, G, H, I]"
3515,3515,G,artificial,G,complete,"376 [B, A, C, D, E, F, G, H, I]"
3516,3516,H,artificial,H,complete,"376 [B, A, C, D, E, F, G, H, I]"
3517,3517,G,artificial,G,complete,"377 [A, B, C, E, D, F, G, H, I]"
3518,3518,F,artificial,F,complete,"377 [A, B, C, E, D, F, G, H, I]"
3519,3519,D,artificial,D_Dupli,complete,"377 [A, B, C, E, D, F, G, H, I]"
3520,3520,E,artificial,D_Dupli,complete,"377 [A, B, C, E, D, F, G, H, I]"
3521,3521,C,artificial,D_Dupli,complete,"377 [A, B, C, E, D, F, G, H, I]"
3522,3522,A,artificial,A,complete,"377 [A, B, C, E, D, F, G, H, I]"
3523,3523,B,artificial,D_Dupli,complete,"377 [A, B, C, E, D, F, G, H, I]"
3524,3524,H,artificial,H,complete,"377 [A, B, C, E, D, F, G, H, I]"
3525,3525,I,artificial,I,complete,"377 [A, B, C, E, D, F, G, H, I]"
3526,3526,D,artificial,D_Dupli,complete,"378 [A, B, D, C, E, F, G, I, H]"
3527,3527,C,artificial,D_Dupli,complete,"378 [A, B, D, C, E, F, G, I, H]"
3528,3528,E,artificial,D_Dupli,complete,"378 [A, B, D, C, E, F, G, I, H]"
3529,3529,F,artificial,F,complete,"378 [A, B, D, C, E, F, G, I, H]"
3530,3530,G,artificial,G,complete,"378 [A, B, D, C, E, F, G, I, H]"
3531,3531,I,artificial,I,complete,"378 [A, B, D, C, E, F, G, I, H]"
3532,3532,H,artificial,H,complete,"378 [A, B, D, C, E, F, G, I, H]"
3533,3533,B,artificial,D_Dupli,complete,"378 [A, B, D, C, E, F, G, I, H]"
3534,3534,A,artificial,A,complete,"378 [A, B, D, C, E, F, G, I, H]"
3535,3535,B,artificial,D_Dupli,complete,"379 [B, A, C, D, E, F, G, I, H]"
3536,3536,C,artificial,D_Dupli,complete,"379 [B, A, C, D, E, F, G, I, H]"
3537,3537,D,artificial,D_Dupli,complete,"379 [B, A, C, D, E, F, G, I, H]"
3538,3538,E,artificial,D_Dupli,complete,"379 [B, A, C, D, E, F, G, I, H]"
3539,3539,F,artificial,F,complete,"379 [B, A, C, D, E, F, G, I, H]"
3540,3540,G,artificial,G,complete,"379 [B, A, C, D, E, F, G, I, H]"
3541,3541,I,artificial,I,complete,"379 [B, A, C, D, E, F, G, I, H]"
3542,3542,H,artificial,H,complete,"379 [B, A, C, D, E, F, G, I, H]"
3543,3543,A,artificial,A,complete,"379 [B, A, C, D, E, F, G, I, H]"
3544,3544,H,artificial,H,complete,"38 [A, B, D, C, E, F, G, I, H]"
3545,3545,D,artificial,D_Dupli,complete,"38 [A, B, D, C, E, F, G, I, H]"
3546,3546,B,artificial,D_Dupli,complete,"38 [A, B, D, C, E, F, G, I, H]"
3547,3547,I,artificial,I,complete,"38 [A, B, D, C, E, F, G, I, H]"
3548,3548,G,artificial,G,complete,"38 [A, B, D, C, E, F, G, I, H]"
3549,3549,A,artificial,A,complete,"38 [A, B, D, C, E, F, G, I, H]"
3550,3550,E,artificial,D_Dupli,complete,"38 [A, B, D, C, E, F, G, I, H]"
3551,3551,C,artificial,D_Dupli,complete,"38 [A, B, D, C, E, F, G, I, H]"
3552,3552,F,artificial,F,complete,"38 [A, B, D, C, E, F, G, I, H]"
3553,3553,B,artificial,D_Dupli,complete,"380 [B, A, D, C, E, F, G, I, H]"
3554,3554,A,artificial,A,complete,"380 [B, A, D, C, E, F, G, I, H]"
3555,3555,C,artificial,D_Dupli,complete,"380 [B, A, D, C, E, F, G, I, H]"
3556,3556,E,artificial,D_Dupli,complete,"380 [B, A, D, C, E, F, G, I, H]"
3557,3557,F,artificial,F,complete,"380 [B, A, D, C, E, F, G, I, H]"
3558,3558,G,artificial,G,complete,"380 [B, A, D, C, E, F, G, I, H]"
3559,3559,I,artificial,I,complete,"380 [B, A, D, C, E, F, G, I, H]"
3560,3560,H,artificial,H,complete,"380 [B, A, D, C, E, F, G, I, H]"
3561,3561,D,artificial,D_Dupli,complete,"380 [B, A, D, C, E, F, G, I, H]"
3562,3562,C,artificial,D_Dupli,complete,"381 [B, A, D, E, C, F, G, H, I]"
3563,3563,A,artificial,A,complete,"381 [B, A, D, E, C, F, G, H, I]"
3564,3564,F,artificial,F,complete,"381 [B, A, D, E, C, F, G, H, I]"
3565,3565,I,artificial,I,complete,"381 [B, A, D, E, C, F, G, H, I]"
3566,3566,H,artificial,H,complete,"381 [B, A, D, E, C, F, G, H, I]"
3567,3567,G,artificial,G,complete,"381 [B, A, D, E, C, F, G, H, I]"
3568,3568,E,artificial,D_Dupli,complete,"381 [B, A, D, E, C, F, G, H, I]"
3569,3569,B,artificial,D_Dupli,complete,"381 [B, A, D, E, C, F, G, H, I]"
3570,3570,D,artificial,D_Dupli,complete,"381 [B, A, D, E, C, F, G, H, I]"
3571,3571,G,artificial,G,complete,"382 [A, B, D, E, C, F, G, H, I]"
3572,3572,I,artificial,I,complete,"382 [A, B, D, E, C, F, G, H, I]"
3573,3573,H,artificial,H,complete,"382 [A, B, D, E, C, F, G, H, I]"
3574,3574,F,artificial,F,complete,"382 [A, B, D, E, C, F, G, H, I]"
3575,3575,C,artificial,D_Dupli,complete,"382 [A, B, D, E, C, F, G, H, I]"
3576,3576,E,artificial,D_Dupli,complete,"382 [A, B, D, E, C, F, G, H, I]"
3577,3577,B,artificial,D_Dupli,complete,"382 [A, B, D, E, C, F, G, H, I]"
3578,3578,D,artificial,D_Dupli,complete,"382 [A, B, D, E, C, F, G, H, I]"
3579,3579,A,artificial,A,complete,"382 [A, B, D, E, C, F, G, H, I]"
3580,3580,F,artificial,F,complete,"383 [A, B, D, C, E, F, G, H, I]"
3581,3581,D,artificial,D_Dupli,complete,"383 [A, B, D, C, E, F, G, H, I]"
3582,3582,G,artificial,G,complete,"383 [A, B, D, C, E, F, G, H, I]"
3583,3583,H,artificial,H,complete,"383 [A, B, D, C, E, F, G, H, I]"
3584,3584,I,artificial,I,complete,"383 [A, B, D, C, E, F, G, H, I]"
3585,3585,E,artificial,D_Dupli,complete,"383 [A, B, D, C, E, F, G, H, I]"
3586,3586,A,artificial,A,complete,"383 [A, B, D, C, E, F, G, H, I]"
3587,3587,B,artificial,D_Dupli,complete,"383 [A, B, D, C, E, F, G, H, I]"
3588,3588,C,artificial,D_Dupli,complete,"383 [A, B, D, C, E, F, G, H, I]"
3589,3589,I,artificial,I,complete,"384 [B, A, D, C, E, F, G, H, I, O, M, N, F, G, I, H]"
3590,3590,H,artificial,H,complete,"384 [B, A, D, C, E, F, G, H, I, O, M, N, F, G, I, H]"
3591,3591,F,artificial,F,complete,"384 [B, A, D, C, E, F, G, H, I, O, M, N, F, G, I, H]"
3592,3592,O,artificial,O,complete,"384 [B, A, D, C, E, F, G, H, I, O, M, N, F, G, I, H]"
3593,3593,M,artificial,M,complete,"384 [B, A, D, C, E, F, G, H, I, O, M, N, F, G, I, H]"
3594,3594,N,artificial,N,complete,"384 [B, A, D, C, E, F, G, H, I, O, M, N, F, G, I, H]"
3595,3595,G,artificial,G,complete,"384 [B, A, D, C, E, F, G, H, I, O, M, N, F, G, I, H]"
3596,3596,I,artificial,I,complete,"384 [B, A, D, C, E, F, G, H, I, O, M, N, F, G, I, H]"
3597,3597,H,artificial,H,complete,"384 [B, A, D, C, E, F, G, H, I, O, M, N, F, G, I, H]"
3598,3598,G,artificial,G,complete,"384 [B, A, D, C, E, F, G, H, I, O, M, N, F, G, I, H]"
3599,3599,F,artificial,F,complete,"384 [B, A, D, C, E, F, G, H, I, O, M, N, F, G, I, H]"
3600,3600,D,artificial,D_Dupli,complete,"384 [B, A, D, C, E, F, G, H, I, O, M, N, F, G, I, H]"
3601,3601,C,artificial,D_Dupli,complete,"384 [B, A, D, C, E, F, G, H, I, O, M, N, F, G, I, H]"
3602,3602,A,artificial,A,complete,"384 [B, A, D, C, E, F, G, H, I, O, M, N, F, G, I, H]"
3603,3603,B,artificial,D_Dupli,complete,"384 [B, A, D, C, E, F, G, H, I, O, M, N, F, G, I, H]"
3604,3604,E,artificial,D_Dupli,complete,"384 [B, A, D, C, E, F, G, H, I, O, M, N, F, G, I, H]"
3605,3605,F,artificial,F,complete,"385 [B, A, D, C, E, F, G, H, I]"
3606,3606,E,artificial,D_Dupli,complete,"385 [B, A, D, C, E, F, G, H, I]"
3607,3607,C,artificial,D_Dupli,complete,"385 [B, A, D, C, E, F, G, H, I]"
3608,3608,D,artificial,D_Dupli,complete,"385 [B, A, D, C, E, F, G, H, I]"
3609,3609,B,artificial,D_Dupli,complete,"385 [B, A, D, C, E, F, G, H, I]"
3610,3610,I,artificial,I,complete,"385 [B, A, D, C, E, F, G, H, I]"
3611,3611,A,artificial,A,complete,"385 [B, A, D, C, E, F, G, H, I]"
3612,3612,G,artificial,G,complete,"385 [B, A, D, C, E, F, G, H, I]"
3613,3613,H,artificial,H,complete,"385 [B, A, D, C, E, F, G, H, I]"
3614,3614,F,artificial,F,complete,"386 [B, A, C, D, E, F, G, I, H, M, O, N, F, G, H, I]"
3615,3615,C,artificial,D_Dupli,complete,"386 [B, A, C, D, E, F, G, I, H, M, O, N, F, G, H, I]"
3616,3616,D,artificial,D_Dupli,complete,"386 [B, A, C, D, E, F, G, I, H, M, O, N, F, G, H, I]"
3617,3617,E,artificial,D_Dupli,complete,"386 [B, A, C, D, E, F, G, I, H, M, O, N, F, G, H, I]"
3618,3618,G,artificial,G,complete,"386 [B, A, C, D, E, F, G, I, H, M, O, N, F, G, H, I]"
3619,3619,G,artificial,G,complete,"386 [B, A, C, D, E, F, G, I, H, M, O, N, F, G, H, I]"
3620,3620,I,artificial,I,complete,"386 [B, A, C, D, E, F, G, I, H, M, O, N, F, G, H, I]"
3621,3621,H,artificial,H,complete,"386 [B, A, C, D, E, F, G, I, H, M, O, N, F, G, H, I]"
3622,3622,M,artificial,M,complete,"386 [B, A, C, D, E, F, G, I, H, M, O, N, F, G, H, I]"
3623,3623,O,artificial,O,complete,"386 [B, A, C, D, E, F, G, I, H, M, O, N, F, G, H, I]"
3624,3624,N,artificial,N,complete,"386 [B, A, C, D, E, F, G, I, H, M, O, N, F, G, H, I]"
3625,3625,F,artificial,F,complete,"386 [B, A, C, D, E, F, G, I, H, M, O, N, F, G, H, I]"
3626,3626,H,artificial,H,complete,"386 [B, A, C, D, E, F, G, I, H, M, O, N, F, G, H, I]"
3627,3627,A,artificial,A,complete,"386 [B, A, C, D, E, F, G, I, H, M, O, N, F, G, H, I]"
3628,3628,I,artificial,I,complete,"386 [B, A, C, D, E, F, G, I, H, M, O, N, F, G, H, I]"
3629,3629,B,artificial,D_Dupli,complete,"386 [B, A, C, D, E, F, G, I, H, M, O, N, F, G, H, I]"
3630,3630,F,artificial,F,complete,"387 [B, A, D, E, C, F, G, H, I]"
3631,3631,B,artificial,D_Dupli,complete,"387 [B, A, D, E, C, F, G, H, I]"
3632,3632,A,artificial,A,complete,"387 [B, A, D, E, C, F, G, H, I]"
3633,3633,D,artificial,D_Dupli,complete,"387 [B, A, D, E, C, F, G, H, I]"
3634,3634,I,artificial,I,complete,"387 [B, A, D, E, C, F, G, H, I]"
3635,3635,E,artificial,D_Dupli,complete,"387 [B, A, D, E, C, F, G, H, I]"
3636,3636,C,artificial,D_Dupli,complete,"387 [B, A, D, E, C, F, G, H, I]"
3637,3637,G,artificial,G,complete,"387 [B, A, D, E, C, F, G, H, I]"
3638,3638,H,artificial,H,complete,"387 [B, A, D, E, C, F, G, H, I]"
3639,3639,A,artificial,A,complete,"388 [B, A, E, C, D, F, G, H, I]"
3640,3640,B,artificial,D_Dupli,complete,"388 [B, A, E, C, D, F, G, H, I]"
3641,3641,G,artificial,G,complete,"388 [B, A, E, C, D, F, G, H, I]"
3642,3642,H,artificial,H,complete,"388 [B, A, E, C, D, F, G, H, I]"
3643,3643,E,artificial,D_Dupli,complete,"388 [B, A, E, C, D, F, G, H, I]"
3644,3644,D,artificial,D_Dupli,complete,"388 [B, A, E, C, D, F, G, H, I]"
3645,3645,F,artificial,F,complete,"388 [B, A, E, C, D, F, G, H, I]"
3646,3646,I,artificial,I,complete,"388 [B, A, E, C, D, F, G, H, I]"
3647,3647,C,artificial,D_Dupli,complete,"388 [B, A, E, C, D, F, G, H, I]"
3648,3648,F,artificial,F,complete,"389 [B, A, E, D, C, F, G, H, I]"
3649,3649,H,artificial,H,complete,"389 [B, A, E, D, C, F, G, H, I]"
3650,3650,I,artificial,I,complete,"389 [B, A, E, D, C, F, G, H, I]"
3651,3651,D,artificial,D_Dupli,complete,"389 [B, A, E, D, C, F, G, H, I]"
3652,3652,E,artificial,D_Dupli,complete,"389 [B, A, E, D, C, F, G, H, I]"
3653,3653,A,artificial,A,complete,"389 [B, A, E, D, C, F, G, H, I]"
3654,3654,B,artificial,D_Dupli,complete,"389 [B, A, E, D, C, F, G, H, I]"
3655,3655,C,artificial,D_Dupli,complete,"389 [B, A, E, D, C, F, G, H, I]"
3656,3656,G,artificial,G,complete,"389 [B, A, E, D, C, F, G, H, I]"
3657,3657,B,artificial,D_Dupli,complete,"39 [B, A, D, E, C, F, G, H, I]"
3658,3658,A,artificial,A,complete,"39 [B, A, D, E, C, F, G, H, I]"
3659,3659,D,artificial,D_Dupli,complete,"39 [B, A, D, E, C, F, G, H, I]"
3660,3660,E,artificial,D_Dupli,complete,"39 [B, A, D, E, C, F, G, H, I]"
3661,3661,F,artificial,F,complete,"39 [B, A, D, E, C, F, G, H, I]"
3662,3662,G,artificial,G,complete,"39 [B, A, D, E, C, F, G, H, I]"
3663,3663,I,artificial,I,complete,"39 [B, A, D, E, C, F, G, H, I]"
3664,3664,H,artificial,H,complete,"39 [B, A, D, E, C, F, G, H, I]"
3665,3665,C,artificial,D_Dupli,complete,"39 [B, A, D, E, C, F, G, H, I]"
3666,3666,I,artificial,I,complete,"390 [A, B, C, E, D, F, G, H, I]"
3667,3667,H,artificial,H,complete,"390 [A, B, C, E, D, F, G, H, I]"
3668,3668,G,artificial,G,complete,"390 [A, B, C, E, D, F, G, H, I]"
3669,3669,F,artificial,F,complete,"390 [A, B, C, E, D, F, G, H, I]"
3670,3670,D,artificial,D_Dupli,complete,"390 [A, B, C, E, D, F, G, H, I]"
3671,3671,E,artificial,D_Dupli,complete,"390 [A, B, C, E, D, F, G, H, I]"
3672,3672,C,artificial,D_Dupli,complete,"390 [A, B, C, E, D, F, G, H, I]"
3673,3673,B,artificial,D_Dupli,complete,"390 [A, B, C, E, D, F, G, H, I]"
3674,3674,A,artificial,A,complete,"390 [A, B, C, E, D, F, G, H, I]"
3675,3675,D,artificial,D_Dupli,complete,"391 [A, B, E, D, C, F, G, H, I]"
3676,3676,B,artificial,D_Dupli,complete,"391 [A, B, E, D, C, F, G, H, I]"
3677,3677,E,artificial,D_Dupli,complete,"391 [A, B, E, D, C, F, G, H, I]"
3678,3678,C,artificial,D_Dupli,complete,"391 [A, B, E, D, C, F, G, H, I]"
3679,3679,F,artificial,F,complete,"391 [A, B, E, D, C, F, G, H, I]"
3680,3680,G,artificial,G,complete,"391 [A, B, E, D, C, F, G, H, I]"
3681,3681,H,artificial,H,complete,"391 [A, B, E, D, C, F, G, H, I]"
3682,3682,I,artificial,I,complete,"391 [A, B, E, D, C, F, G, H, I]"
3683,3683,A,artificial,A,complete,"391 [A, B, E, D, C, F, G, H, I]"
3684,3684,B,artificial,D_Dupli,complete,"392 [B, A, E, D, C, F, G, H, I]"
3685,3685,G,artificial,G,complete,"392 [B, A, E, D, C, F, G, H, I]"
3686,3686,E,artificial,D_Dupli,complete,"392 [B, A, E, D, C, F, G, H, I]"
3687,3687,C,artificial,D_Dupli,complete,"392 [B, A, E, D, C, F, G, H, I]"
3688,3688,F,artificial,F,complete,"392 [B, A, E, D, C, F, G, H, I]"
3689,3689,A,artificial,A,complete,"392 [B, A, E, D, C, F, G, H, I]"
3690,3690,H,artificial,H,complete,"392 [B, A, E, D, C, F, G, H, I]"
3691,3691,I,artificial,I,complete,"392 [B, A, E, D, C, F, G, H, I]"
3692,3692,D,artificial,D_Dupli,complete,"392 [B, A, E, D, C, F, G, H, I]"
3693,3693,H,artificial,H,complete,"393 [A, B, D, E, C, F, G, I, H]"
3694,3694,G,artificial,G,complete,"393 [A, B, D, E, C, F, G, I, H]"
3695,3695,C,artificial,D_Dupli,complete,"393 [A, B, D, E, C, F, G, I, H]"
3696,3696,I,artificial,I,complete,"393 [A, B, D, E, C, F, G, I, H]"
3697,3697,D,artificial,D_Dupli,complete,"393 [A, B, D, E, C, F, G, I, H]"
3698,3698,B,artificial,D_Dupli,complete,"393 [A, B, D, E, C, F, G, I, H]"
3699,3699,A,artificial,A,complete,"393 [A, B, D, E, C, F, G, I, H]"
3700,3700,E,artificial,D_Dupli,complete,"393 [A, B, D, E, C, F, G, I, H]"
3701,3701,F,artificial,F,complete,"393 [A, B, D, E, C, F, G, I, H]"
3702,3702,A,artificial,A,complete,"394 [B, A, E, C, D, F, G, H, I]"
3703,3703,E,artificial,D_Dupli,complete,"394 [B, A, E, C, D, F, G, H, I]"
3704,3704,C,artificial,D_Dupli,complete,"394 [B, A, E, C, D, F, G, H, I]"
3705,3705,D,artificial,D_Dupli,complete,"394 [B, A, E, C, D, F, G, H, I]"
3706,3706,F,artificial,F,complete,"394 [B, A, E, C, D, F, G, H, I]"
3707,3707,G,artificial,G,complete,"394 [B, A, E, C, D, F, G, H, I]"
3708,3708,H,artificial,H,complete,"394 [B, A, E, C, D, F, G, H, I]"
3709,3709,I,artificial,I,complete,"394 [B, A, E, C, D, F, G, H, I]"
3710,3710,B,artificial,D_Dupli,complete,"394 [B, A, E, C, D, F, G, H, I]"
3711,3711,E,artificial,D_Dupli,complete,"395 [A, B, C, D, E, F, G, H, I]"
3712,3712,H,artificial,H,complete,"395 [A, B, C, D, E, F, G, H, I]"
3713,3713,D,artificial,D_Dupli,complete,"395 [A, B, C, D, E, F, G, H, I]"
3714,3714,C,artificial,D_Dupli,complete,"395 [A, B, C, D, E, F, G, H, I]"
3715,3715,B,artificial,D_Dupli,complete,"395 [A, B, C, D, E, F, G, H, I]"
3716,3716,A,artificial,A,complete,"395 [A, B, C, D, E, F, G, H, I]"
3717,3717,I,artificial,I,complete,"395 [A, B, C, D, E, F, G, H, I]"
3718,3718,F,artificial,F,complete,"395 [A, B, C, D, E, F, G, H, I]"
3719,3719,G,artificial,G,complete,"395 [A, B, C, D, E, F, G, H, I]"
3720,3720,C,artificial,D_Dupli,complete,"396 [A, B, C, E, D, F, G, H, I]"
3721,3721,A,artificial,A,complete,"396 [A, B, C, E, D, F, G, H, I]"
3722,3722,B,artificial,D_Dupli,complete,"396 [A, B, C, E, D, F, G, H, I]"
3723,3723,E,artificial,D_Dupli,complete,"396 [A, B, C, E, D, F, G, H, I]"
3724,3724,D,artificial,D_Dupli,complete,"396 [A, B, C, E, D, F, G, H, I]"
3725,3725,F,artificial,F,complete,"396 [A, B, C, E, D, F, G, H, I]"
3726,3726,H,artificial,H,complete,"396 [A, B, C, E, D, F, G, H, I]"
3727,3727,I,artificial,I,complete,"396 [A, B, C, E, D, F, G, H, I]"
3728,3728,G,artificial,G,complete,"396 [A, B, C, E, D, F, G, H, I]"
3729,3729,F,artificial,F,complete,"397 [B, A, C, D, E, F, G, I, H]"
3730,3730,B,artificial,D_Dupli,complete,"397 [B, A, C, D, E, F, G, I, H]"
3731,3731,E,artificial,D_Dupli,complete,"397 [B, A, C, D, E, F, G, I, H]"
3732,3732,A,artificial,A,complete,"397 [B, A, C, D, E, F, G, I, H]"
3733,3733,C,artificial,D_Dupli,complete,"397 [B, A, C, D, E, F, G, I, H]"
3734,3734,G,artificial,G,complete,"397 [B, A, C, D, E, F, G, I, H]"
3735,3735,I,artificial,I,complete,"397 [B, A, C, D, E, F, G, I, H]"
3736,3736,H,artificial,H,complete,"397 [B, A, C, D, E, F, G, I, H]"
3737,3737,D,artificial,D_Dupli,complete,"397 [B, A, C, D, E, F, G, I, H]"
3738,3738,B,artificial,D_Dupli,complete,"398 [B, A, C, D, E, F, G, I, H]"
3739,3739,A,artificial,A,complete,"398 [B, A, C, D, E, F, G, I, H]"
3740,3740,C,artificial,D_Dupli,complete,"398 [B, A, C, D, E, F, G, I, H]"
3741,3741,E,artificial,D_Dupli,complete,"398 [B, A, C, D, E, F, G, I, H]"
3742,3742,F,artificial,F,complete,"398 [B, A, C, D, E, F, G, I, H]"
3743,3743,G,artificial,G,complete,"398 [B, A, C, D, E, F, G, I, H]"
3744,3744,I,artificial,I,complete,"398 [B, A, C, D, E, F, G, I, H]"
3745,3745,H,artificial,H,complete,"398 [B, A, C, D, E, F, G, I, H]"
3746,3746,D,artificial,D_Dupli,complete,"398 [B, A, C, D, E, F, G, I, H]"
3747,3747,A,artificial,A,complete,"399 [A, B, E, C, D, F, G, I, H]"
3748,3748,H,artificial,H,complete,"399 [A, B, E, C, D, F, G, I, H]"
3749,3749,I,artificial,I,complete,"399 [A, B, E, C, D, F, G, I, H]"
3750,3750,G,artificial,G,complete,"399 [A, B, E, C, D, F, G, I, H]"
3751,3751,F,artificial,F,complete,"399 [A, B, E, C, D, F, G, I, H]"
3752,3752,D,artificial,D_Dupli,complete,"399 [A, B, E, C, D, F, G, I, H]"
3753,3753,B,artificial,D_Dupli,complete,"399 [A, B, E, C, D, F, G, I, H]"
3754,3754,E,artificial,D_Dupli,complete,"399 [A, B, E, C, D, F, G, I, H]"
3755,3755,C,artificial,D_Dupli,complete,"399 [A, B, E, C, D, F, G, I, H]"
3756,3756,H,artificial,H,complete,"4 [B, A, D, C, E, F, G, I, H]"
3757,3757,D,artificial,D_Dupli,complete,"4 [B, A, D, C, E, F, G, I, H]"
3758,3758,I,artificial,I,complete,"4 [B, A, D, C, E, F, G, I, H]"
3759,3759,G,artificial,G,complete,"4 [B, A, D, C, E, F, G, I, H]"
3760,3760,F,artificial,F,complete,"4 [B, A, D, C, E, F, G, I, H]"
3761,3761,B,artificial,D_Dupli,complete,"4 [B, A, D, C, E, F, G, I, H]"
3762,3762,A,artificial,A,complete,"4 [B, A, D, C, E, F, G, I, H]"
3763,3763,E,artificial,D_Dupli,complete,"4 [B, A, D, C, E, F, G, I, H]"
3764,3764,C,artificial,D_Dupli,complete,"4 [B, A, D, C, E, F, G, I, H]"
3765,3765,I,artificial,I,complete,"40 [B, A, E, D, C, F, G, H, I, M, O, N, F, G, H, I]"
3766,3766,H,artificial,H,complete,"40 [B, A, E, D, C, F, G, H, I, M, O, N, F, G, H, I]"
3767,3767,A,artificial,A,complete,"40 [B, A, E, D, C, F, G, H, I, M, O, N, F, G, H, I]"
3768,3768,F,artificial,F,complete,"40 [B, A, E, D, C, F, G, H, I, M, O, N, F, G, H, I]"
3769,3769,B,artificial,D_Dupli,complete,"40 [B, A, E, D, C, F, G, H, I, M, O, N, F, G, H, I]"
3770,3770,N,artificial,N,complete,"40 [B, A, E, D, C, F, G, H, I, M, O, N, F, G, H, I]"
3771,3771,O,artificial,O,complete,"40 [B, A, E, D, C, F, G, H, I, M, O, N, F, G, H, I]"
3772,3772,M,artificial,M,complete,"40 [B, A, E, D, C, F, G, H, I, M, O, N, F, G, H, I]"
3773,3773,H,artificial,H,complete,"40 [B, A, E, D, C, F, G, H, I, M, O, N, F, G, H, I]"
3774,3774,I,artificial,I,complete,"40 [B, A, E, D, C, F, G, H, I, M, O, N, F, G, H, I]"
3775,3775,F,artificial,F,complete,"40 [B, A, E, D, C, F, G, H, I, M, O, N, F, G, H, I]"
3776,3776,G,artificial,G,complete,"40 [B, A, E, D, C, F, G, H, I, M, O, N, F, G, H, I]"
3777,3777,C,artificial,D_Dupli,complete,"40 [B, A, E, D, C, F, G, H, I, M, O, N, F, G, H, I]"
3778,3778,D,artificial,D_Dupli,complete,"40 [B, A, E, D, C, F, G, H, I, M, O, N, F, G, H, I]"
3779,3779,E,artificial,D_Dupli,complete,"40 [B, A, E, D, C, F, G, H, I, M, O, N, F, G, H, I]"
3780,3780,G,artificial,G,complete,"40 [B, A, E, D, C, F, G, H, I, M, O, N, F, G, H, I]"
3781,3781,I,artificial,I,complete,"400 [B, A, C, E, D, F, G, I, H]"
3782,3782,H,artificial,H,complete,"400 [B, A, C, E, D, F, G, I, H]"
3783,3783,G,artificial,G,complete,"400 [B, A, C, E, D, F, G, I, H]"
3784,3784,C,artificial,D_Dupli,complete,"400 [B, A, C, E, D, F, G, I, H]"
3785,3785,D,artificial,D_Dupli,complete,"400 [B, A, C, E, D, F, G, I, H]"
3786,3786,E,artificial,D_Dupli,complete,"400 [B, A, C, E, D, F, G, I, H]"
3787,3787,A,artificial,A,complete,"400 [B, A, C, E, D, F, G, I, H]"
3788,3788,B,artificial,D_Dupli,complete,"400 [B, A, C, E, D, F, G, I, H]"
3789,3789,F,artificial,F,complete,"400 [B, A, C, E, D, F, G, I, H]"
3790,3790,I,artificial,I,complete,"401 [A, B, E, C, D, F, G, I, H, M, O, N, F, G, H, I]"
3791,3791,H,artificial,H,complete,"401 [A, B, E, C, D, F, G, I, H, M, O, N, F, G, H, I]"
3792,3792,G,artificial,G,complete,"401 [A, B, E, C, D, F, G, I, H, M, O, N, F, G, H, I]"
3793,3793,F,artificial,F,complete,"401 [A, B, E, C, D, F, G, I, H, M, O, N, F, G, H, I]"
3794,3794,N,artificial,N,complete,"401 [A, B, E, C, D, F, G, I, H, M, O, N, F, G, H, I]"
3795,3795,O,artificial,O,complete,"401 [A, B, E, C, D, F, G, I, H, M, O, N, F, G, H, I]"
3796,3796,M,artificial,M,complete,"401 [A, B, E, C, D, F, G, I, H, M, O, N, F, G, H, I]"
3797,3797,I,artificial,I,complete,"401 [A, B, E, C, D, F, G, I, H, M, O, N, F, G, H, I]"
3798,3798,G,artificial,G,complete,"401 [A, B, E, C, D, F, G, I, H, M, O, N, F, G, H, I]"
3799,3799,F,artificial,F,complete,"401 [A, B, E, C, D, F, G, I, H, M, O, N, F, G, H, I]"
3800,3800,D,artificial,D_Dupli,complete,"401 [A, B, E, C, D, F, G, I, H, M, O, N, F, G, H, I]"
3801,3801,C,artificial,D_Dupli,complete,"401 [A, B, E, C, D, F, G, I, H, M, O, N, F, G, H, I]"
3802,3802,E,artificial,D_Dupli,complete,"401 [A, B, E, C, D, F, G, I, H, M, O, N, F, G, H, I]"
3803,3803,B,artificial,D_Dupli,complete,"401 [A, B, E, C, D, F, G, I, H, M, O, N, F, G, H, I]"
3804,3804,H,artificial,H,complete,"401 [A, B, E, C, D, F, G, I, H, M, O, N, F, G, H, I]"
3805,3805,A,artificial,A,complete,"401 [A, B, E, C, D, F, G, I, H, M, O, N, F, G, H, I]"
3806,3806,H,artificial,H,complete,"402 [A, B, E, D, C, F, G, I, H]"
3807,3807,I,artificial,I,complete,"402 [A, B, E, D, C, F, G, I, H]"
3808,3808,G,artificial,G,complete,"402 [A, B, E, D, C, F, G, I, H]"
3809,3809,D,artificial,D_Dupli,complete,"402 [A, B, E, D, C, F, G, I, H]"
3810,3810,C,artificial,D_Dupli,complete,"402 [A, B, E, D, C, F, G, I, H]"
3811,3811,E,artificial,D_Dupli,complete,"402 [A, B, E, D, C, F, G, I, H]"
3812,3812,B,artificial,D_Dupli,complete,"402 [A, B, E, D, C, F, G, I, H]"
3813,3813,A,artificial,A,complete,"402 [A, B, E, D, C, F, G, I, H]"
3814,3814,F,artificial,F,complete,"402 [A, B, E, D, C, F, G, I, H]"
3815,3815,H,artificial,H,complete,"403 [B, A, D, E, C, F, G, H, I]"
3816,3816,I,artificial,I,complete,"403 [B, A, D, E, C, F, G, H, I]"
3817,3817,G,artificial,G,complete,"403 [B, A, D, E, C, F, G, H, I]"
3818,3818,A,artificial,A,complete,"403 [B, A, D, E, C, F, G, H, I]"
3819,3819,C,artificial,D_Dupli,complete,"403 [B, A, D, E, C, F, G, H, I]"
3820,3820,E,artificial,D_Dupli,complete,"403 [B, A, D, E, C, F, G, H, I]"
3821,3821,D,artificial,D_Dupli,complete,"403 [B, A, D, E, C, F, G, H, I]"
3822,3822,B,artificial,D_Dupli,complete,"403 [B, A, D, E, C, F, G, H, I]"
3823,3823,F,artificial,F,complete,"403 [B, A, D, E, C, F, G, H, I]"
3824,3824,N,artificial,N,complete,"404 [B, A, C, D, E, F, G, I, H, M, N, O, F, G, H, I]"
3825,3825,I,artificial,I,complete,"404 [B, A, C, D, E, F, G, I, H, M, N, O, F, G, H, I]"
3826,3826,H,artificial,H,complete,"404 [B, A, C, D, E, F, G, I, H, M, N, O, F, G, H, I]"
3827,3827,G,artificial,G,complete,"404 [B, A, C, D, E, F, G, I, H, M, N, O, F, G, H, I]"
3828,3828,F,artificial,F,complete,"404 [B, A, C, D, E, F, G, I, H, M, N, O, F, G, H, I]"
3829,3829,O,artificial,O,complete,"404 [B, A, C, D, E, F, G, I, H, M, N, O, F, G, H, I]"
3830,3830,M,artificial,M,complete,"404 [B, A, C, D, E, F, G, I, H, M, N, O, F, G, H, I]"
3831,3831,A,artificial,A,complete,"404 [B, A, C, D, E, F, G, I, H, M, N, O, F, G, H, I]"
3832,3832,I,artificial,I,complete,"404 [B, A, C, D, E, F, G, I, H, M, N, O, F, G, H, I]"
3833,3833,G,artificial,G,complete,"404 [B, A, C, D, E, F, G, I, H, M, N, O, F, G, H, I]"
3834,3834,F,artificial,F,complete,"404 [B, A, C, D, E, F, G, I, H, M, N, O, F, G, H, I]"
3835,3835,E,artificial,D_Dupli,complete,"404 [B, A, C, D, E, F, G, I, H, M, N, O, F, G, H, I]"
3836,3836,D,artificial,D_Dupli,complete,"404 [B, A, C, D, E, F, G, I, H, M, N, O, F, G, H, I]"
3837,3837,C,artificial,D_Dupli,complete,"404 [B, A, C, D, E, F, G, I, H, M, N, O, F, G, H, I]"
3838,3838,H,artificial,H,complete,"404 [B, A, C, D, E, F, G, I, H, M, N, O, F, G, H, I]"
3839,3839,B,artificial,D_Dupli,complete,"404 [B, A, C, D, E, F, G, I, H, M, N, O, F, G, H, I]"
3840,3840,H,artificial,H,complete,"405 [A, B, C, D, E, F, G, I, H]"
3841,3841,I,artificial,I,complete,"405 [A, B, C, D, E, F, G, I, H]"
3842,3842,G,artificial,G,complete,"405 [A, B, C, D, E, F, G, I, H]"
3843,3843,B,artificial,D_Dupli,complete,"405 [A, B, C, D, E, F, G, I, H]"
3844,3844,E,artificial,D_Dupli,complete,"405 [A, B, C, D, E, F, G, I, H]"
3845,3845,D,artificial,D_Dupli,complete,"405 [A, B, C, D, E, F, G, I, H]"
3846,3846,C,artificial,D_Dupli,complete,"405 [A, B, C, D, E, F, G, I, H]"
3847,3847,A,artificial,A,complete,"405 [A, B, C, D, E, F, G, I, H]"
3848,3848,F,artificial,F,complete,"405 [A, B, C, D, E, F, G, I, H]"
3849,3849,I,artificial,I,complete,"406 [B, A, D, C, E, F, G, H, I]"
3850,3850,H,artificial,H,complete,"406 [B, A, D, C, E, F, G, H, I]"
3851,3851,F,artificial,F,complete,"406 [B, A, D, C, E, F, G, H, I]"
3852,3852,G,artificial,G,complete,"406 [B, A, D, C, E, F, G, H, I]"
3853,3853,C,artificial,D_Dupli,complete,"406 [B, A, D, C, E, F, G, H, I]"
3854,3854,D,artificial,D_Dupli,complete,"406 [B, A, D, C, E, F, G, H, I]"
3855,3855,A,artificial,A,complete,"406 [B, A, D, C, E, F, G, H, I]"
3856,3856,B,artificial,D_Dupli,complete,"406 [B, A, D, C, E, F, G, H, I]"
3857,3857,E,artificial,D_Dupli,complete,"406 [B, A, D, C, E, F, G, H, I]"
3858,3858,H,artificial,H,complete,"407 [B, A, D, E, C, F, G, H, I, J, K, F, G, I, H]"
3859,3859,I,artificial,I,complete,"407 [B, A, D, E, C, F, G, H, I, J, K, F, G, I, H]"
3860,3860,G,artificial,G,complete,"407 [B, A, D, E, C, F, G, H, I, J, K, F, G, I, H]"
3861,3861,F,artificial,F,complete,"407 [B, A, D, E, C, F, G, H, I, J, K, F, G, I, H]"
3862,3862,K,artificial,K,complete,"407 [B, A, D, E, C, F, G, H, I, J, K, F, G, I, H]"
3863,3863,J,artificial,J,complete,"407 [B, A, D, E, C, F, G, H, I, J, K, F, G, I, H]"
3864,3864,G,artificial,G,complete,"407 [B, A, D, E, C, F, G, H, I, J, K, F, G, I, H]"
3865,3865,H,artificial,H,complete,"407 [B, A, D, E, C, F, G, H, I, J, K, F, G, I, H]"
3866,3866,F,artificial,F,complete,"407 [B, A, D, E, C, F, G, H, I, J, K, F, G, I, H]"
3867,3867,C,artificial,D_Dupli,complete,"407 [B, A, D, E, C, F, G, H, I, J, K, F, G, I, H]"
3868,3868,E,artificial,D_Dupli,complete,"407 [B, A, D, E, C, F, G, H, I, J, K, F, G, I, H]"
3869,3869,D,artificial,D_Dupli,complete,"407 [B, A, D, E, C, F, G, H, I, J, K, F, G, I, H]"
3870,3870,A,artificial,A,complete,"407 [B, A, D, E, C, F, G, H, I, J, K, F, G, I, H]"
3871,3871,I,artificial,I,complete,"407 [B, A, D, E, C, F, G, H, I, J, K, F, G, I, H]"
3872,3872,B,artificial,D_Dupli,complete,"407 [B, A, D, E, C, F, G, H, I, J, K, F, G, I, H]"
3873,3873,A,artificial,A,complete,"408 [A, B, D, C, E, F, G, I, H]"
3874,3874,B,artificial,D_Dupli,complete,"408 [A, B, D, C, E, F, G, I, H]"
3875,3875,D,artificial,D_Dupli,complete,"408 [A, B, D, C, E, F, G, I, H]"
3876,3876,C,artificial,D_Dupli,complete,"408 [A, B, D, C, E, F, G, I, H]"
3877,3877,E,artificial,D_Dupli,complete,"408 [A, B, D, C, E, F, G, I, H]"
3878,3878,F,artificial,F,complete,"408 [A, B, D, C, E, F, G, I, H]"
3879,3879,H,artificial,H,complete,"408 [A, B, D, C, E, F, G, I, H]"
3880,3880,I,artificial,I,complete,"408 [A, B, D, C, E, F, G, I, H]"
3881,3881,G,artificial,G,complete,"408 [A, B, D, C, E, F, G, I, H]"
3882,3882,A,artificial,A,complete,"409 [A, B, E, C, D, F, G, H, I]"
3883,3883,B,artificial,D_Dupli,complete,"409 [A, B, E, C, D, F, G, H, I]"
3884,3884,E,artificial,D_Dupli,complete,"409 [A, B, E, C, D, F, G, H, I]"
3885,3885,C,artificial,D_Dupli,complete,"409 [A, B, E, C, D, F, G, H, I]"
3886,3886,D,artificial,D_Dupli,complete,"409 [A, B, E, C, D, F, G, H, I]"
3887,3887,F,artificial,F,complete,"409 [A, B, E, C, D, F, G, H, I]"
3888,3888,G,artificial,G,complete,"409 [A, B, E, C, D, F, G, H, I]"
3889,3889,H,artificial,H,complete,"409 [A, B, E, C, D, F, G, H, I]"
3890,3890,I,artificial,I,complete,"409 [A, B, E, C, D, F, G, H, I]"
3891,3891,A,artificial,A,complete,"41 [A, B, D, E, C, F, G, H, I]"
3892,3892,I,artificial,I,complete,"41 [A, B, D, E, C, F, G, H, I]"
3893,3893,B,artificial,D_Dupli,complete,"41 [A, B, D, E, C, F, G, H, I]"
3894,3894,D,artificial,D_Dupli,complete,"41 [A, B, D, E, C, F, G, H, I]"
3895,3895,E,artificial,D_Dupli,complete,"41 [A, B, D, E, C, F, G, H, I]"
3896,3896,C,artificial,D_Dupli,complete,"41 [A, B, D, E, C, F, G, H, I]"
3897,3897,F,artificial,F,complete,"41 [A, B, D, E, C, F, G, H, I]"
3898,3898,G,artificial,G,complete,"41 [A, B, D, E, C, F, G, H, I]"
3899,3899,H,artificial,H,complete,"41 [A, B, D, E, C, F, G, H, I]"
3900,3900,B,artificial,D_Dupli,complete,"410 [A, B, D, C, E, F, G, H, I]"
3901,3901,A,artificial,A,complete,"410 [A, B, D, C, E, F, G, H, I]"
3902,3902,D,artificial,D_Dupli,complete,"410 [A, B, D, C, E, F, G, H, I]"
3903,3903,C,artificial,D_Dupli,complete,"410 [A, B, D, C, E, F, G, H, I]"
3904,3904,H,artificial,H,complete,"410 [A, B, D, C, E, F, G, H, I]"
3905,3905,F,artificial,F,complete,"410 [A, B, D, C, E, F, G, H, I]"
3906,3906,G,artificial,G,complete,"410 [A, B, D, C, E, F, G, H, I]"
3907,3907,I,artificial,I,complete,"410 [A, B, D, C, E, F, G, H, I]"
3908,3908,E,artificial,D_Dupli,complete,"410 [A, B, D, C, E, F, G, H, I]"
3909,3909,F,artificial,F,complete,"411 [B, A, E, D, C, F, G, I, H]"
3910,3910,I,artificial,I,complete,"411 [B, A, E, D, C, F, G, I, H]"
3911,3911,H,artificial,H,complete,"411 [B, A, E, D, C, F, G, I, H]"
3912,3912,G,artificial,G,complete,"411 [B, A, E, D, C, F, G, I, H]"
3913,3913,B,artificial,D_Dupli,complete,"411 [B, A, E, D, C, F, G, I, H]"
3914,3914,A,artificial,A,complete,"411 [B, A, E, D, C, F, G, I, H]"
3915,3915,E,artificial,D_Dupli,complete,"411 [B, A, E, D, C, F, G, I, H]"
3916,3916,D,artificial,D_Dupli,complete,"411 [B, A, E, D, C, F, G, I, H]"
3917,3917,C,artificial,D_Dupli,complete,"411 [B, A, E, D, C, F, G, I, H]"
3918,3918,H,artificial,H,complete,"412 [B, A, E, C, D, F, G, H, I]"
3919,3919,G,artificial,G,complete,"412 [B, A, E, C, D, F, G, H, I]"
3920,3920,B,artificial,D_Dupli,complete,"412 [B, A, E, C, D, F, G, H, I]"
3921,3921,A,artificial,A,complete,"412 [B, A, E, C, D, F, G, H, I]"
3922,3922,E,artificial,D_Dupli,complete,"412 [B, A, E, C, D, F, G, H, I]"
3923,3923,C,artificial,D_Dupli,complete,"412 [B, A, E, C, D, F, G, H, I]"
3924,3924,D,artificial,D_Dupli,complete,"412 [B, A, E, C, D, F, G, H, I]"
3925,3925,I,artificial,I,complete,"412 [B, A, E, C, D, F, G, H, I]"
3926,3926,F,artificial,F,complete,"412 [B, A, E, C, D, F, G, H, I]"
3927,3927,C,artificial,D_Dupli,complete,"413 [B, A, D, C, E, F, G, H, I]"
3928,3928,A,artificial,A,complete,"413 [B, A, D, C, E, F, G, H, I]"
3929,3929,B,artificial,D_Dupli,complete,"413 [B, A, D, C, E, F, G, H, I]"
3930,3930,D,artificial,D_Dupli,complete,"413 [B, A, D, C, E, F, G, H, I]"
3931,3931,I,artificial,I,complete,"413 [B, A, D, C, E, F, G, H, I]"
3932,3932,H,artificial,H,complete,"413 [B, A, D, C, E, F, G, H, I]"
3933,3933,G,artificial,G,complete,"413 [B, A, D, C, E, F, G, H, I]"
3934,3934,F,artificial,F,complete,"413 [B, A, D, C, E, F, G, H, I]"
3935,3935,E,artificial,D_Dupli,complete,"413 [B, A, D, C, E, F, G, H, I]"
3936,3936,F,artificial,F,complete,"414 [B, A, D, C, E, F, G, H, I]"
3937,3937,C,artificial,D_Dupli,complete,"414 [B, A, D, C, E, F, G, H, I]"
3938,3938,H,artificial,H,complete,"414 [B, A, D, C, E, F, G, H, I]"
3939,3939,I,artificial,I,complete,"414 [B, A, D, C, E, F, G, H, I]"
3940,3940,D,artificial,D_Dupli,complete,"414 [B, A, D, C, E, F, G, H, I]"
3941,3941,A,artificial,A,complete,"414 [B, A, D, C, E, F, G, H, I]"
3942,3942,B,artificial,D_Dupli,complete,"414 [B, A, D, C, E, F, G, H, I]"
3943,3943,E,artificial,D_Dupli,complete,"414 [B, A, D, C, E, F, G, H, I]"
3944,3944,G,artificial,G,complete,"414 [B, A, D, C, E, F, G, H, I]"
3945,3945,B,artificial,D_Dupli,complete,"415 [B, A, D, C, E, F, G, I, H]"
3946,3946,D,artificial,D_Dupli,complete,"415 [B, A, D, C, E, F, G, I, H]"
3947,3947,H,artificial,H,complete,"415 [B, A, D, C, E, F, G, I, H]"
3948,3948,I,artificial,I,complete,"415 [B, A, D, C, E, F, G, I, H]"
3949,3949,G,artificial,G,complete,"415 [B, A, D, C, E, F, G, I, H]"
3950,3950,F,artificial,F,complete,"415 [B, A, D, C, E, F, G, I, H]"
3951,3951,E,artificial,D_Dupli,complete,"415 [B, A, D, C, E, F, G, I, H]"
3952,3952,C,artificial,D_Dupli,complete,"415 [B, A, D, C, E, F, G, I, H]"
3953,3953,A,artificial,A,complete,"415 [B, A, D, C, E, F, G, I, H]"
3954,3954,D,artificial,D_Dupli,complete,"416 [A, B, D, E, C, F, G, H, I]"
3955,3955,I,artificial,I,complete,"416 [A, B, D, E, C, F, G, H, I]"
3956,3956,H,artificial,H,complete,"416 [A, B, D, E, C, F, G, H, I]"
3957,3957,G,artificial,G,complete,"416 [A, B, D, E, C, F, G, H, I]"
3958,3958,F,artificial,F,complete,"416 [A, B, D, E, C, F, G, H, I]"
3959,3959,C,artificial,D_Dupli,complete,"416 [A, B, D, E, C, F, G, H, I]"
3960,3960,E,artificial,D_Dupli,complete,"416 [A, B, D, E, C, F, G, H, I]"
3961,3961,A,artificial,A,complete,"416 [A, B, D, E, C, F, G, H, I]"
3962,3962,B,artificial,D_Dupli,complete,"416 [A, B, D, E, C, F, G, H, I]"
3963,3963,G,artificial,G,complete,"417 [A, B, D, C, E, F, G, H, I, J, K, L, J, K, F, G, H, I]"
3964,3964,I,artificial,I,complete,"417 [A, B, D, C, E, F, G, H, I, J, K, L, J, K, F, G, H, I]"
3965,3965,H,artificial,H,complete,"417 [A, B, D, C, E, F, G, H, I, J, K, L, J, K, F, G, H, I]"
3966,3966,F,artificial,F,complete,"417 [A, B, D, C, E, F, G, H, I, J, K, L, J, K, F, G, H, I]"
3967,3967,J,artificial,J,complete,"417 [A, B, D, C, E, F, G, H, I, J, K, L, J, K, F, G, H, I]"
3968,3968,A,artificial,A,complete,"417 [A, B, D, C, E, F, G, H, I, J, K, L, J, K, F, G, H, I]"
3969,3969,D,artificial,D_Dupli,complete,"417 [A, B, D, C, E, F, G, H, I, J, K, L, J, K, F, G, H, I]"
3970,3970,C,artificial,D_Dupli,complete,"417 [A, B, D, C, E, F, G, H, I, J, K, L, J, K, F, G, H, I]"
3971,3971,E,artificial,D_Dupli,complete,"417 [A, B, D, C, E, F, G, H, I, J, K, L, J, K, F, G, H, I]"
3972,3972,F,artificial,F,complete,"417 [A, B, D, C, E, F, G, H, I, J, K, L, J, K, F, G, H, I]"
3973,3973,G,artificial,G,complete,"417 [A, B, D, C, E, F, G, H, I, J, K, L, J, K, F, G, H, I]"
3974,3974,H,artificial,H,complete,"417 [A, B, D, C, E, F, G, H, I, J, K, L, J, K, F, G, H, I]"
3975,3975,I,artificial,I,complete,"417 [A, B, D, C, E, F, G, H, I, J, K, L, J, K, F, G, H, I]"
3976,3976,K,artificial,K,complete,"417 [A, B, D, C, E, F, G, H, I, J, K, L, J, K, F, G, H, I]"
3977,3977,B,artificial,D_Dupli,complete,"417 [A, B, D, C, E, F, G, H, I, J, K, L, J, K, F, G, H, I]"
3978,3978,J,artificial,J,complete,"417 [A, B, D, C, E, F, G, H, I, J, K, L, J, K, F, G, H, I]"
3979,3979,K,artificial,K,complete,"417 [A, B, D, C, E, F, G, H, I, J, K, L, J, K, F, G, H, I]"
3980,3980,L,artificial,L,complete,"417 [A, B, D, C, E, F, G, H, I, J, K, L, J, K, F, G, H, I]"
3981,3981,F,artificial,F,complete,"418 [B, A, E, D, C, F, G, I, H]"
3982,3982,H,artificial,H,complete,"418 [B, A, E, D, C, F, G, I, H]"
3983,3983,C,artificial,D_Dupli,complete,"418 [B, A, E, D, C, F, G, I, H]"
3984,3984,D,artificial,D_Dupli,complete,"418 [B, A, E, D, C, F, G, I, H]"
3985,3985,E,artificial,D_Dupli,complete,"418 [B, A, E, D, C, F, G, I, H]"
3986,3986,A,artificial,A,complete,"418 [B, A, E, D, C, F, G, I, H]"
3987,3987,B,artificial,D_Dupli,complete,"418 [B, A, E, D, C, F, G, I, H]"
3988,3988,G,artificial,G,complete,"418 [B, A, E, D, C, F, G, I, H]"
3989,3989,I,artificial,I,complete,"418 [B, A, E, D, C, F, G, I, H]"
3990,3990,G,artificial,G,complete,"419 [A, B, E, D, C, F, G, I, H]"
3991,3991,B,artificial,D_Dupli,complete,"419 [A, B, E, D, C, F, G, I, H]"
3992,3992,H,artificial,H,complete,"419 [A, B, E, D, C, F, G, I, H]"
3993,3993,I,artificial,I,complete,"419 [A, B, E, D, C, F, G, I, H]"
3994,3994,F,artificial,F,complete,"419 [A, B, E, D, C, F, G, I, H]"
3995,3995,C,artificial,D_Dupli,complete,"419 [A, B, E, D, C, F, G, I, H]"
3996,3996,D,artificial,D_Dupli,complete,"419 [A, B, E, D, C, F, G, I, H]"
3997,3997,E,artificial,D_Dupli,complete,"419 [A, B, E, D, C, F, G, I, H]"
3998,3998,A,artificial,A,complete,"419 [A, B, E, D, C, F, G, I, H]"
3999,3999,H,artificial,H,complete,"42 [B, A, E, C, D, F, G, H, I]"
4000,4000,I,artificial,I,complete,"42 [B, A, E, C, D, F, G, H, I]"
4001,4001,B,artificial,D_Dupli,complete,"42 [B, A, E, C, D, F, G, H, I]"
4002,4002,A,artificial,A,complete,"42 [B, A, E, C, D, F, G, H, I]"
4003,4003,E,artificial,D_Dupli,complete,"42 [B, A, E, C, D, F, G, H, I]"
4004,4004,C,artificial,D_Dupli,complete,"42 [B, A, E, C, D, F, G, H, I]"
4005,4005,D,artificial,D_Dupli,complete,"42 [B, A, E, C, D, F, G, H, I]"
4006,4006,F,artificial,F,complete,"42 [B, A, E, C, D, F, G, H, I]"
4007,4007,G,artificial,G,complete,"42 [B, A, E, C, D, F, G, H, I]"
4008,4008,B,artificial,D_Dupli,complete,"420 [B, A, D, E, C, F, G, H, I]"
4009,4009,A,artificial,A,complete,"420 [B, A, D, E, C, F, G, H, I]"
4010,4010,D,artificial,D_Dupli,complete,"420 [B, A, D, E, C, F, G, H, I]"
4011,4011,C,artificial,D_Dupli,complete,"420 [B, A, D, E, C, F, G, H, I]"
4012,4012,E,artificial,D_Dupli,complete,"420 [B, A, D, E, C, F, G, H, I]"
4013,4013,F,artificial,F,complete,"420 [B, A, D, E, C, F, G, H, I]"
4014,4014,I,artificial,I,complete,"420 [B, A, D, E, C, F, G, H, I]"
4015,4015,H,artificial,H,complete,"420 [B, A, D, E, C, F, G, H, I]"
4016,4016,G,artificial,G,complete,"420 [B, A, D, E, C, F, G, H, I]"
4017,4017,A,artificial,A,complete,"421 [B, A, C, E, D, F, G, I, H]"
4018,4018,H,artificial,H,complete,"421 [B, A, C, E, D, F, G, I, H]"
4019,4019,I,artificial,I,complete,"421 [B, A, C, E, D, F, G, I, H]"
4020,4020,G,artificial,G,complete,"421 [B, A, C, E, D, F, G, I, H]"
4021,4021,F,artificial,F,complete,"421 [B, A, C, E, D, F, G, I, H]"
4022,4022,D,artificial,D_Dupli,complete,"421 [B, A, C, E, D, F, G, I, H]"
4023,4023,E,artificial,D_Dupli,complete,"421 [B, A, C, E, D, F, G, I, H]"
4024,4024,C,artificial,D_Dupli,complete,"421 [B, A, C, E, D, F, G, I, H]"
4025,4025,B,artificial,D_Dupli,complete,"421 [B, A, C, E, D, F, G, I, H]"
4026,4026,D,artificial,D_Dupli,complete,"422 [A, B, E, C, D, F, G, I, H]"
4027,4027,A,artificial,A,complete,"422 [A, B, E, C, D, F, G, I, H]"
4028,4028,E,artificial,D_Dupli,complete,"422 [A, B, E, C, D, F, G, I, H]"
4029,4029,C,artificial,D_Dupli,complete,"422 [A, B, E, C, D, F, G, I, H]"
4030,4030,B,artificial,D_Dupli,complete,"422 [A, B, E, C, D, F, G, I, H]"
4031,4031,F,artificial,F,complete,"422 [A, B, E, C, D, F, G, I, H]"
4032,4032,G,artificial,G,complete,"422 [A, B, E, C, D, F, G, I, H]"
4033,4033,I,artificial,I,complete,"422 [A, B, E, C, D, F, G, I, H]"
4034,4034,H,artificial,H,complete,"422 [A, B, E, C, D, F, G, I, H]"
4035,4035,F,artificial,F,complete,"423 [B, A, D, C, E, F, G, I, H]"
4036,4036,B,artificial,D_Dupli,complete,"423 [B, A, D, C, E, F, G, I, H]"
4037,4037,A,artificial,A,complete,"423 [B, A, D, C, E, F, G, I, H]"
4038,4038,H,artificial,H,complete,"423 [B, A, D, C, E, F, G, I, H]"
4039,4039,I,artificial,I,complete,"423 [B, A, D, C, E, F, G, I, H]"
4040,4040,G,artificial,G,complete,"423 [B, A, D, C, E, F, G, I, H]"
4041,4041,D,artificial,D_Dupli,complete,"423 [B, A, D, C, E, F, G, I, H]"
4042,4042,E,artificial,D_Dupli,complete,"423 [B, A, D, C, E, F, G, I, H]"
4043,4043,C,artificial,D_Dupli,complete,"423 [B, A, D, C, E, F, G, I, H]"
4044,4044,C,artificial,D_Dupli,complete,"424 [A, B, E, D, C, F, G, I, H]"
4045,4045,A,artificial,A,complete,"424 [A, B, E, D, C, F, G, I, H]"
4046,4046,B,artificial,D_Dupli,complete,"424 [A, B, E, D, C, F, G, I, H]"
4047,4047,E,artificial,D_Dupli,complete,"424 [A, B, E, D, C, F, G, I, H]"
4048,4048,D,artificial,D_Dupli,complete,"424 [A, B, E, D, C, F, G, I, H]"
4049,4049,H,artificial,H,complete,"424 [A, B, E, D, C, F, G, I, H]"
4050,4050,I,artificial,I,complete,"424 [A, B, E, D, C, F, G, I, H]"
4051,4051,F,artificial,F,complete,"424 [A, B, E, D, C, F, G, I, H]"
4052,4052,G,artificial,G,complete,"424 [A, B, E, D, C, F, G, I, H]"
4053,4053,H,artificial,H,complete,"425 [B, A, D, C, E, F, G, H, I]"
4054,4054,I,artificial,I,complete,"425 [B, A, D, C, E, F, G, H, I]"
4055,4055,B,artificial,D_Dupli,complete,"425 [B, A, D, C, E, F, G, H, I]"
4056,4056,A,artificial,A,complete,"425 [B, A, D, C, E, F, G, H, I]"
4057,4057,D,artificial,D_Dupli,complete,"425 [B, A, D, C, E, F, G, H, I]"
4058,4058,C,artificial,D_Dupli,complete,"425 [B, A, D, C, E, F, G, H, I]"
4059,4059,E,artificial,D_Dupli,complete,"425 [B, A, D, C, E, F, G, H, I]"
4060,4060,F,artificial,F,complete,"425 [B, A, D, C, E, F, G, H, I]"
4061,4061,G,artificial,G,complete,"425 [B, A, D, C, E, F, G, H, I]"
4062,4062,G,artificial,G,complete,"426 [A, B, D, E, C, F, G, I, H, J, K, F, G, I, H]"
4063,4063,F,artificial,F,complete,"426 [A, B, D, E, C, F, G, I, H, J, K, F, G, I, H]"
4064,4064,C,artificial,D_Dupli,complete,"426 [A, B, D, E, C, F, G, I, H, J, K, F, G, I, H]"
4065,4065,E,artificial,D_Dupli,complete,"426 [A, B, D, E, C, F, G, I, H, J, K, F, G, I, H]"
4066,4066,F,artificial,F,complete,"426 [A, B, D, E, C, F, G, I, H, J, K, F, G, I, H]"
4067,4067,B,artificial,D_Dupli,complete,"426 [A, B, D, E, C, F, G, I, H, J, K, F, G, I, H]"
4068,4068,A,artificial,A,complete,"426 [A, B, D, E, C, F, G, I, H, J, K, F, G, I, H]"
4069,4069,I,artificial,I,complete,"426 [A, B, D, E, C, F, G, I, H, J, K, F, G, I, H]"
4070,4070,D,artificial,D_Dupli,complete,"426 [A, B, D, E, C, F, G, I, H, J, K, F, G, I, H]"
4071,4071,J,artificial,J,complete,"426 [A, B, D, E, C, F, G, I, H, J, K, F, G, I, H]"
4072,4072,H,artificial,H,complete,"426 [A, B, D, E, C, F, G, I, H, J, K, F, G, I, H]"
4073,4073,G,artificial,G,complete,"426 [A, B, D, E, C, F, G, I, H, J, K, F, G, I, H]"
4074,4074,I,artificial,I,complete,"426 [A, B, D, E, C, F, G, I, H, J, K, F, G, I, H]"
4075,4075,H,artificial,H,complete,"426 [A, B, D, E, C, F, G, I, H, J, K, F, G, I, H]"
4076,4076,K,artificial,K,complete,"426 [A, B, D, E, C, F, G, I, H, J, K, F, G, I, H]"
4077,4077,H,artificial,H,complete,"427 [B, A, D, C, E, F, G, H, I, J, K, F, G, H, I]"
4078,4078,B,artificial,D_Dupli,complete,"427 [B, A, D, C, E, F, G, H, I, J, K, F, G, H, I]"
4079,4079,A,artificial,A,complete,"427 [B, A, D, C, E, F, G, H, I, J, K, F, G, H, I]"
4080,4080,D,artificial,D_Dupli,complete,"427 [B, A, D, C, E, F, G, H, I, J, K, F, G, H, I]"
4081,4081,C,artificial,D_Dupli,complete,"427 [B, A, D, C, E, F, G, H, I, J, K, F, G, H, I]"
4082,4082,E,artificial,D_Dupli,complete,"427 [B, A, D, C, E, F, G, H, I, J, K, F, G, H, I]"
4083,4083,G,artificial,G,complete,"427 [B, A, D, C, E, F, G, H, I, J, K, F, G, H, I]"
4084,4084,H,artificial,H,complete,"427 [B, A, D, C, E, F, G, H, I, J, K, F, G, H, I]"
4085,4085,I,artificial,I,complete,"427 [B, A, D, C, E, F, G, H, I, J, K, F, G, H, I]"
4086,4086,J,artificial,J,complete,"427 [B, A, D, C, E, F, G, H, I, J, K, F, G, H, I]"
4087,4087,K,artificial,K,complete,"427 [B, A, D, C, E, F, G, H, I, J, K, F, G, H, I]"
4088,4088,F,artificial,F,complete,"427 [B, A, D, C, E, F, G, H, I, J, K, F, G, H, I]"
4089,4089,G,artificial,G,complete,"427 [B, A, D, C, E, F, G, H, I, J, K, F, G, H, I]"
4090,4090,F,artificial,F,complete,"427 [B, A, D, C, E, F, G, H, I, J, K, F, G, H, I]"
4091,4091,I,artificial,I,complete,"427 [B, A, D, C, E, F, G, H, I, J, K, F, G, H, I]"
4092,4092,G,artificial,G,complete,"428 [B, A, D, C, E, F, G, I, H]"
4093,4093,B,artificial,D_Dupli,complete,"428 [B, A, D, C, E, F, G, I, H]"
4094,4094,A,artificial,A,complete,"428 [B, A, D, C, E, F, G, I, H]"
4095,4095,D,artificial,D_Dupli,complete,"428 [B, A, D, C, E, F, G, I, H]"
4096,4096,C,artificial,D_Dupli,complete,"428 [B, A, D, C, E, F, G, I, H]"
4097,4097,E,artificial,D_Dupli,complete,"428 [B, A, D, C, E, F, G, I, H]"
4098,4098,F,artificial,F,complete,"428 [B, A, D, C, E, F, G, I, H]"
4099,4099,I,artificial,I,complete,"428 [B, A, D, C, E, F, G, I, H]"
4100,4100,H,artificial,H,complete,"428 [B, A, D, C, E, F, G, I, H]"
4101,4101,C,artificial,D_Dupli,complete,"429 [B, A, E, D, C, F, G, I, H]"
4102,4102,I,artificial,I,complete,"429 [B, A, E, D, C, F, G, I, H]"
4103,4103,G,artificial,G,complete,"429 [B, A, E, D, C, F, G, I, H]"
4104,4104,F,artificial,F,complete,"429 [B, A, E, D, C, F, G, I, H]"
4105,4105,H,artificial,H,complete,"429 [B, A, E, D, C, F, G, I, H]"
4106,4106,E,artificial,D_Dupli,complete,"429 [B, A, E, D, C, F, G, I, H]"
4107,4107,A,artificial,A,complete,"429 [B, A, E, D, C, F, G, I, H]"
4108,4108,B,artificial,D_Dupli,complete,"429 [B, A, E, D, C, F, G, I, H]"
4109,4109,D,artificial,D_Dupli,complete,"429 [B, A, E, D, C, F, G, I, H]"
4110,4110,C,artificial,D_Dupli,complete,"43 [A, B, E, D, C, F, G, H, I, N, O, M, F, G, H, I]"
4111,4111,G,artificial,G,complete,"43 [A, B, E, D, C, F, G, H, I, N, O, M, F, G, H, I]"
4112,4112,F,artificial,F,complete,"43 [A, B, E, D, C, F, G, H, I, N, O, M, F, G, H, I]"
4113,4113,M,artificial,M,complete,"43 [A, B, E, D, C, F, G, H, I, N, O, M, F, G, H, I]"
4114,4114,O,artificial,O,complete,"43 [A, B, E, D, C, F, G, H, I, N, O, M, F, G, H, I]"
4115,4115,N,artificial,N,complete,"43 [A, B, E, D, C, F, G, H, I, N, O, M, F, G, H, I]"
4116,4116,I,artificial,I,complete,"43 [A, B, E, D, C, F, G, H, I, N, O, M, F, G, H, I]"
4117,4117,H,artificial,H,complete,"43 [A, B, E, D, C, F, G, H, I, N, O, M, F, G, H, I]"
4118,4118,I,artificial,I,complete,"43 [A, B, E, D, C, F, G, H, I, N, O, M, F, G, H, I]"
4119,4119,F,artificial,F,complete,"43 [A, B, E, D, C, F, G, H, I, N, O, M, F, G, H, I]"
4120,4120,D,artificial,D_Dupli,complete,"43 [A, B, E, D, C, F, G, H, I, N, O, M, F, G, H, I]"
4121,4121,E,artificial,D_Dupli,complete,"43 [A, B, E, D, C, F, G, H, I, N, O, M, F, G, H, I]"
4122,4122,B,artificial,D_Dupli,complete,"43 [A, B, E, D, C, F, G, H, I, N, O, M, F, G, H, I]"
4123,4123,A,artificial,A,complete,"43 [A, B, E, D, C, F, G, H, I, N, O, M, F, G, H, I]"
4124,4124,H,artificial,H,complete,"43 [A, B, E, D, C, F, G, H, I, N, O, M, F, G, H, I]"
4125,4125,G,artificial,G,complete,"43 [A, B, E, D, C, F, G, H, I, N, O, M, F, G, H, I]"
4126,4126,B,artificial,D_Dupli,complete,"430 [B, A, C, D, E, F, G, H, I]"
4127,4127,A,artificial,A,complete,"430 [B, A, C, D, E, F, G, H, I]"
4128,4128,C,artificial,D_Dupli,complete,"430 [B, A, C, D, E, F, G, H, I]"
4129,4129,D,artificial,D_Dupli,complete,"430 [B, A, C, D, E, F, G, H, I]"
4130,4130,I,artificial,I,complete,"430 [B, A, C, D, E, F, G, H, I]"
4131,4131,H,artificial,H,complete,"430 [B, A, C, D, E, F, G, H, I]"
4132,4132,E,artificial,D_Dupli,complete,"430 [B, A, C, D, E, F, G, H, I]"
4133,4133,F,artificial,F,complete,"430 [B, A, C, D, E, F, G, H, I]"
4134,4134,G,artificial,G,complete,"430 [B, A, C, D, E, F, G, H, I]"
4135,4135,B,artificial,D_Dupli,complete,"431 [B, A, C, D, E, F, G, I, H]"
4136,4136,A,artificial,A,complete,"431 [B, A, C, D, E, F, G, I, H]"
4137,4137,C,artificial,D_Dupli,complete,"431 [B, A, C, D, E, F, G, I, H]"
4138,4138,D,artificial,D_Dupli,complete,"431 [B, A, C, D, E, F, G, I, H]"
4139,4139,E,artificial,D_Dupli,complete,"431 [B, A, C, D, E, F, G, I, H]"
4140,4140,F,artificial,F,complete,"431 [B, A, C, D, E, F, G, I, H]"
4141,4141,G,artificial,G,complete,"431 [B, A, C, D, E, F, G, I, H]"
4142,4142,I,artificial,I,complete,"431 [B, A, C, D, E, F, G, I, H]"
4143,4143,H,artificial,H,complete,"431 [B, A, C, D, E, F, G, I, H]"
4144,4144,H,artificial,H,complete,"432 [A, B, C, E, D, F, G, I, H]"
4145,4145,I,artificial,I,complete,"432 [A, B, C, E, D, F, G, I, H]"
4146,4146,G,artificial,G,complete,"432 [A, B, C, E, D, F, G, I, H]"
4147,4147,F,artificial,F,complete,"432 [A, B, C, E, D, F, G, I, H]"
4148,4148,D,artificial,D_Dupli,complete,"432 [A, B, C, E, D, F, G, I, H]"
4149,4149,B,artificial,D_Dupli,complete,"432 [A, B, C, E, D, F, G, I, H]"
4150,4150,A,artificial,A,complete,"432 [A, B, C, E, D, F, G, I, H]"
4151,4151,E,artificial,D_Dupli,complete,"432 [A, B, C, E, D, F, G, I, H]"
4152,4152,C,artificial,D_Dupli,complete,"432 [A, B, C, E, D, F, G, I, H]"
4153,4153,B,artificial,D_Dupli,complete,"433 [B, A, E, C, D, F, G, H, I]"
4154,4154,A,artificial,A,complete,"433 [B, A, E, C, D, F, G, H, I]"
4155,4155,E,artificial,D_Dupli,complete,"433 [B, A, E, C, D, F, G, H, I]"
4156,4156,C,artificial,D_Dupli,complete,"433 [B, A, E, C, D, F, G, H, I]"
4157,4157,D,artificial,D_Dupli,complete,"433 [B, A, E, C, D, F, G, H, I]"
4158,4158,F,artificial,F,complete,"433 [B, A, E, C, D, F, G, H, I]"
4159,4159,G,artificial,G,complete,"433 [B, A, E, C, D, F, G, H, I]"
4160,4160,H,artificial,H,complete,"433 [B, A, E, C, D, F, G, H, I]"
4161,4161,I,artificial,I,complete,"433 [B, A, E, C, D, F, G, H, I]"
4162,4162,A,artificial,A,complete,"434 [A, B, E, D, C, F, G, H, I]"
4163,4163,E,artificial,D_Dupli,complete,"434 [A, B, E, D, C, F, G, H, I]"
4164,4164,D,artificial,D_Dupli,complete,"434 [A, B, E, D, C, F, G, H, I]"
4165,4165,C,artificial,D_Dupli,complete,"434 [A, B, E, D, C, F, G, H, I]"
4166,4166,B,artificial,D_Dupli,complete,"434 [A, B, E, D, C, F, G, H, I]"
4167,4167,F,artificial,F,complete,"434 [A, B, E, D, C, F, G, H, I]"
4168,4168,G,artificial,G,complete,"434 [A, B, E, D, C, F, G, H, I]"
4169,4169,H,artificial,H,complete,"434 [A, B, E, D, C, F, G, H, I]"
4170,4170,I,artificial,I,complete,"434 [A, B, E, D, C, F, G, H, I]"
4171,4171,I,artificial,I,complete,"435 [B, A, E, D, C, F, G, H, I]"
4172,4172,E,artificial,D_Dupli,complete,"435 [B, A, E, D, C, F, G, H, I]"
4173,4173,D,artificial,D_Dupli,complete,"435 [B, A, E, D, C, F, G, H, I]"
4174,4174,C,artificial,D_Dupli,complete,"435 [B, A, E, D, C, F, G, H, I]"
4175,4175,F,artificial,F,complete,"435 [B, A, E, D, C, F, G, H, I]"
4176,4176,G,artificial,G,complete,"435 [B, A, E, D, C, F, G, H, I]"
4177,4177,H,artificial,H,complete,"435 [B, A, E, D, C, F, G, H, I]"
4178,4178,B,artificial,D_Dupli,complete,"435 [B, A, E, D, C, F, G, H, I]"
4179,4179,A,artificial,A,complete,"435 [B, A, E, D, C, F, G, H, I]"
4180,4180,B,artificial,D_Dupli,complete,"436 [B, A, E, D, C, F, G, H, I]"
4181,4181,E,artificial,D_Dupli,complete,"436 [B, A, E, D, C, F, G, H, I]"
4182,4182,C,artificial,D_Dupli,complete,"436 [B, A, E, D, C, F, G, H, I]"
4183,4183,F,artificial,F,complete,"436 [B, A, E, D, C, F, G, H, I]"
4184,4184,G,artificial,G,complete,"436 [B, A, E, D, C, F, G, H, I]"
4185,4185,H,artificial,H,complete,"436 [B, A, E, D, C, F, G, H, I]"
4186,4186,I,artificial,I,complete,"436 [B, A, E, D, C, F, G, H, I]"
4187,4187,A,artificial,A,complete,"436 [B, A, E, D, C, F, G, H, I]"
4188,4188,D,artificial,D_Dupli,complete,"436 [B, A, E, D, C, F, G, H, I]"
4189,4189,C,artificial,D_Dupli,complete,"437 [A, B, C, E, D, F, G, H, I]"
4190,4190,I,artificial,I,complete,"437 [A, B, C, E, D, F, G, H, I]"
4191,4191,H,artificial,H,complete,"437 [A, B, C, E, D, F, G, H, I]"
4192,4192,G,artificial,G,complete,"437 [A, B, C, E, D, F, G, H, I]"
4193,4193,D,artificial,D_Dupli,complete,"437 [A, B, C, E, D, F, G, H, I]"
4194,4194,E,artificial,D_Dupli,complete,"437 [A, B, C, E, D, F, G, H, I]"
4195,4195,B,artificial,D_Dupli,complete,"437 [A, B, C, E, D, F, G, H, I]"
4196,4196,A,artificial,A,complete,"437 [A, B, C, E, D, F, G, H, I]"
4197,4197,F,artificial,F,complete,"437 [A, B, C, E, D, F, G, H, I]"
4198,4198,I,artificial,I,complete,"438 [B, A, E, C, D, F, G, H, I]"
4199,4199,H,artificial,H,complete,"438 [B, A, E, C, D, F, G, H, I]"
4200,4200,G,artificial,G,complete,"438 [B, A, E, C, D, F, G, H, I]"
4201,4201,F,artificial,F,complete,"438 [B, A, E, C, D, F, G, H, I]"
4202,4202,D,artificial,D_Dupli,complete,"438 [B, A, E, C, D, F, G, H, I]"
4203,4203,C,artificial,D_Dupli,complete,"438 [B, A, E, C, D, F, G, H, I]"
4204,4204,E,artificial,D_Dupli,complete,"438 [B, A, E, C, D, F, G, H, I]"
4205,4205,B,artificial,D_Dupli,complete,"438 [B, A, E, C, D, F, G, H, I]"
4206,4206,A,artificial,A,complete,"438 [B, A, E, C, D, F, G, H, I]"
4207,4207,B,artificial,D_Dupli,complete,"439 [B, A, C, E, D, F, G, H, I]"
4208,4208,D,artificial,D_Dupli,complete,"439 [B, A, C, E, D, F, G, H, I]"
4209,4209,F,artificial,F,complete,"439 [B, A, C, E, D, F, G, H, I]"
4210,4210,G,artificial,G,complete,"439 [B, A, C, E, D, F, G, H, I]"
4211,4211,H,artificial,H,complete,"439 [B, A, C, E, D, F, G, H, I]"
4212,4212,I,artificial,I,complete,"439 [B, A, C, E, D, F, G, H, I]"
4213,4213,C,artificial,D_Dupli,complete,"439 [B, A, C, E, D, F, G, H, I]"
4214,4214,E,artificial,D_Dupli,complete,"439 [B, A, C, E, D, F, G, H, I]"
4215,4215,A,artificial,A,complete,"439 [B, A, C, E, D, F, G, H, I]"
4216,4216,A,artificial,A,complete,"44 [A, B, E, D, C, F, G, H, I]"
4217,4217,B,artificial,D_Dupli,complete,"44 [A, B, E, D, C, F, G, H, I]"
4218,4218,I,artificial,I,complete,"44 [A, B, E, D, C, F, G, H, I]"
4219,4219,H,artificial,H,complete,"44 [A, B, E, D, C, F, G, H, I]"
4220,4220,G,artificial,G,complete,"44 [A, B, E, D, C, F, G, H, I]"
4221,4221,F,artificial,F,complete,"44 [A, B, E, D, C, F, G, H, I]"
4222,4222,C,artificial,D_Dupli,complete,"44 [A, B, E, D, C, F, G, H, I]"
4223,4223,D,artificial,D_Dupli,complete,"44 [A, B, E, D, C, F, G, H, I]"
4224,4224,E,artificial,D_Dupli,complete,"44 [A, B, E, D, C, F, G, H, I]"
4225,4225,I,artificial,I,complete,"440 [B, A, D, C, E, F, G, I, H, M, O, N, F, G, H, I]"
4226,4226,H,artificial,H,complete,"440 [B, A, D, C, E, F, G, I, H, M, O, N, F, G, H, I]"
4227,4227,F,artificial,F,complete,"440 [B, A, D, C, E, F, G, I, H, M, O, N, F, G, H, I]"
4228,4228,N,artificial,N,complete,"440 [B, A, D, C, E, F, G, I, H, M, O, N, F, G, H, I]"
4229,4229,O,artificial,O,complete,"440 [B, A, D, C, E, F, G, I, H, M, O, N, F, G, H, I]"
4230,4230,M,artificial,M,complete,"440 [B, A, D, C, E, F, G, I, H, M, O, N, F, G, H, I]"
4231,4231,H,artificial,H,complete,"440 [B, A, D, C, E, F, G, I, H, M, O, N, F, G, H, I]"
4232,4232,G,artificial,G,complete,"440 [B, A, D, C, E, F, G, I, H, M, O, N, F, G, H, I]"
4233,4233,G,artificial,G,complete,"440 [B, A, D, C, E, F, G, I, H, M, O, N, F, G, H, I]"
4234,4234,F,artificial,F,complete,"440 [B, A, D, C, E, F, G, I, H, M, O, N, F, G, H, I]"
4235,4235,E,artificial,D_Dupli,complete,"440 [B, A, D, C, E, F, G, I, H, M, O, N, F, G, H, I]"
4236,4236,C,artificial,D_Dupli,complete,"440 [B, A, D, C, E, F, G, I, H, M, O, N, F, G, H, I]"
4237,4237,D,artificial,D_Dupli,complete,"440 [B, A, D, C, E, F, G, I, H, M, O, N, F, G, H, I]"
4238,4238,A,artificial,A,complete,"440 [B, A, D, C, E, F, G, I, H, M, O, N, F, G, H, I]"
4239,4239,B,artificial,D_Dupli,complete,"440 [B, A, D, C, E, F, G, I, H, M, O, N, F, G, H, I]"
4240,4240,I,artificial,I,complete,"440 [B, A, D, C, E, F, G, I, H, M, O, N, F, G, H, I]"
4241,4241,H,artificial,H,complete,"441 [B, A, E, D, C, F, G, I, H]"
4242,4242,I,artificial,I,complete,"441 [B, A, E, D, C, F, G, I, H]"
4243,4243,F,artificial,F,complete,"441 [B, A, E, D, C, F, G, I, H]"
4244,4244,G,artificial,G,complete,"441 [B, A, E, D, C, F, G, I, H]"
4245,4245,D,artificial,D_Dupli,complete,"441 [B, A, E, D, C, F, G, I, H]"
4246,4246,E,artificial,D_Dupli,complete,"441 [B, A, E, D, C, F, G, I, H]"
4247,4247,A,artificial,A,complete,"441 [B, A, E, D, C, F, G, I, H]"
4248,4248,B,artificial,D_Dupli,complete,"441 [B, A, E, D, C, F, G, I, H]"
4249,4249,C,artificial,D_Dupli,complete,"441 [B, A, E, D, C, F, G, I, H]"
4250,4250,G,artificial,G,complete,"442 [B, A, C, D, E, F, G, I, H, J, K, F, G, H, I, J, K, F, G, I, H]"
4251,4251,H,artificial,H,complete,"442 [B, A, C, D, E, F, G, I, H, J, K, F, G, H, I, J, K, F, G, I, H]"
4252,4252,I,artificial,I,complete,"442 [B, A, C, D, E, F, G, I, H, J, K, F, G, H, I, J, K, F, G, I, H]"
4253,4253,G,artificial,G,complete,"442 [B, A, C, D, E, F, G, I, H, J, K, F, G, H, I, J, K, F, G, I, H]"
4254,4254,F,artificial,F,complete,"442 [B, A, C, D, E, F, G, I, H, J, K, F, G, H, I, J, K, F, G, I, H]"
4255,4255,K,artificial,K,complete,"442 [B, A, C, D, E, F, G, I, H, J, K, F, G, H, I, J, K, F, G, I, H]"
4256,4256,J,artificial,J,complete,"442 [B, A, C, D, E, F, G, I, H, J, K, F, G, H, I, J, K, F, G, I, H]"
4257,4257,I,artificial,I,complete,"442 [B, A, C, D, E, F, G, I, H, J, K, F, G, H, I, J, K, F, G, I, H]"
4258,4258,H,artificial,H,complete,"442 [B, A, C, D, E, F, G, I, H, J, K, F, G, H, I, J, K, F, G, I, H]"
4259,4259,F,artificial,F,complete,"442 [B, A, C, D, E, F, G, I, H, J, K, F, G, H, I, J, K, F, G, I, H]"
4260,4260,F,artificial,F,complete,"442 [B, A, C, D, E, F, G, I, H, J, K, F, G, H, I, J, K, F, G, I, H]"
4261,4261,J,artificial,J,complete,"442 [B, A, C, D, E, F, G, I, H, J, K, F, G, H, I, J, K, F, G, I, H]"
4262,4262,H,artificial,H,complete,"442 [B, A, C, D, E, F, G, I, H, J, K, F, G, H, I, J, K, F, G, I, H]"
4263,4263,I,artificial,I,complete,"442 [B, A, C, D, E, F, G, I, H, J, K, F, G, H, I, J, K, F, G, I, H]"
4264,4264,G,artificial,G,complete,"442 [B, A, C, D, E, F, G, I, H, J, K, F, G, H, I, J, K, F, G, I, H]"
4265,4265,E,artificial,D_Dupli,complete,"442 [B, A, C, D, E, F, G, I, H, J, K, F, G, H, I, J, K, F, G, I, H]"
4266,4266,D,artificial,D_Dupli,complete,"442 [B, A, C, D, E, F, G, I, H, J, K, F, G, H, I, J, K, F, G, I, H]"
4267,4267,C,artificial,D_Dupli,complete,"442 [B, A, C, D, E, F, G, I, H, J, K, F, G, H, I, J, K, F, G, I, H]"
4268,4268,A,artificial,A,complete,"442 [B, A, C, D, E, F, G, I, H, J, K, F, G, H, I, J, K, F, G, I, H]"
4269,4269,B,artificial,D_Dupli,complete,"442 [B, A, C, D, E, F, G, I, H, J, K, F, G, H, I, J, K, F, G, I, H]"
4270,4270,K,artificial,K,complete,"442 [B, A, C, D, E, F, G, I, H, J, K, F, G, H, I, J, K, F, G, I, H]"
4271,4271,B,artificial,D_Dupli,complete,"443 [B, A, D, E, C, F, G, I, H]"
4272,4272,A,artificial,A,complete,"443 [B, A, D, E, C, F, G, I, H]"
4273,4273,D,artificial,D_Dupli,complete,"443 [B, A, D, E, C, F, G, I, H]"
4274,4274,E,artificial,D_Dupli,complete,"443 [B, A, D, E, C, F, G, I, H]"
4275,4275,C,artificial,D_Dupli,complete,"443 [B, A, D, E, C, F, G, I, H]"
4276,4276,F,artificial,F,complete,"443 [B, A, D, E, C, F, G, I, H]"
4277,4277,I,artificial,I,complete,"443 [B, A, D, E, C, F, G, I, H]"
4278,4278,G,artificial,G,complete,"443 [B, A, D, E, C, F, G, I, H]"
4279,4279,H,artificial,H,complete,"443 [B, A, D, E, C, F, G, I, H]"
4280,4280,A,artificial,A,complete,"444 [B, A, C, D, E, F, G, H, I]"
4281,4281,C,artificial,D_Dupli,complete,"444 [B, A, C, D, E, F, G, H, I]"
4282,4282,D,artificial,D_Dupli,complete,"444 [B, A, C, D, E, F, G, H, I]"
4283,4283,E,artificial,D_Dupli,complete,"444 [B, A, C, D, E, F, G, H, I]"
4284,4284,F,artificial,F,complete,"444 [B, A, C, D, E, F, G, H, I]"
4285,4285,G,artificial,G,complete,"444 [B, A, C, D, E, F, G, H, I]"
4286,4286,H,artificial,H,complete,"444 [B, A, C, D, E, F, G, H, I]"
4287,4287,I,artificial,I,complete,"444 [B, A, C, D, E, F, G, H, I]"
4288,4288,B,artificial,D_Dupli,complete,"444 [B, A, C, D, E, F, G, H, I]"
4289,4289,I,artificial,I,complete,"445 [A, B, E, D, C, F, G, I, H, J, K, L, J, K, F, G, H, I, N, M, O, F, G, H, I]"
4290,4290,I,artificial,I,complete,"445 [A, B, E, D, C, F, G, I, H, J, K, L, J, K, F, G, H, I, N, M, O, F, G, H, I]"
4291,4291,H,artificial,H,complete,"445 [A, B, E, D, C, F, G, I, H, J, K, L, J, K, F, G, H, I, N, M, O, F, G, H, I]"
4292,4292,G,artificial,G,complete,"445 [A, B, E, D, C, F, G, I, H, J, K, L, J, K, F, G, H, I, N, M, O, F, G, H, I]"
4293,4293,F,artificial,F,complete,"445 [A, B, E, D, C, F, G, I, H, J, K, L, J, K, F, G, H, I, N, M, O, F, G, H, I]"
4294,4294,O,artificial,O,complete,"445 [A, B, E, D, C, F, G, I, H, J, K, L, J, K, F, G, H, I, N, M, O, F, G, H, I]"
4295,4295,M,artificial,M,complete,"445 [A, B, E, D, C, F, G, I, H, J, K, L, J, K, F, G, H, I, N, M, O, F, G, H, I]"
4296,4296,N,artificial,N,complete,"445 [A, B, E, D, C, F, G, I, H, J, K, L, J, K, F, G, H, I, N, M, O, F, G, H, I]"
4297,4297,H,artificial,H,complete,"445 [A, B, E, D, C, F, G, I, H, J, K, L, J, K, F, G, H, I, N, M, O, F, G, H, I]"
4298,4298,G,artificial,G,complete,"445 [A, B, E, D, C, F, G, I, H, J, K, L, J, K, F, G, H, I, N, M, O, F, G, H, I]"
4299,4299,F,artificial,F,complete,"445 [A, B, E, D, C, F, G, I, H, J, K, L, J, K, F, G, H, I, N, M, O, F, G, H, I]"
4300,4300,J,artificial,J,complete,"445 [A, B, E, D, C, F, G, I, H, J, K, L, J, K, F, G, H, I, N, M, O, F, G, H, I]"
4301,4301,K,artificial,K,complete,"445 [A, B, E, D, C, F, G, I, H, J, K, L, J, K, F, G, H, I, N, M, O, F, G, H, I]"
4302,4302,K,artificial,K,complete,"445 [A, B, E, D, C, F, G, I, H, J, K, L, J, K, F, G, H, I, N, M, O, F, G, H, I]"
4303,4303,J,artificial,J,complete,"445 [A, B, E, D, C, F, G, I, H, J, K, L, J, K, F, G, H, I, N, M, O, F, G, H, I]"
4304,4304,H,artificial,H,complete,"445 [A, B, E, D, C, F, G, I, H, J, K, L, J, K, F, G, H, I, N, M, O, F, G, H, I]"
4305,4305,I,artificial,I,complete,"445 [A, B, E, D, C, F, G, I, H, J, K, L, J, K, F, G, H, I, N, M, O, F, G, H, I]"
4306,4306,G,artificial,G,complete,"445 [A, B, E, D, C, F, G, I, H, J, K, L, J, K, F, G, H, I, N, M, O, F, G, H, I]"
4307,4307,F,artificial,F,complete,"445 [A, B, E, D, C, F, G, I, H, J, K, L, J, K, F, G, H, I, N, M, O, F, G, H, I]"
4308,4308,C,artificial,D_Dupli,complete,"445 [A, B, E, D, C, F, G, I, H, J, K, L, J, K, F, G, H, I, N, M, O, F, G, H, I]"
4309,4309,D,artificial,D_Dupli,complete,"445 [A, B, E, D, C, F, G, I, H, J, K, L, J, K, F, G, H, I, N, M, O, F, G, H, I]"
4310,4310,E,artificial,D_Dupli,complete,"445 [A, B, E, D, C, F, G, I, H, J, K, L, J, K, F, G, H, I, N, M, O, F, G, H, I]"
4311,4311,B,artificial,D_Dupli,complete,"445 [A, B, E, D, C, F, G, I, H, J, K, L, J, K, F, G, H, I, N, M, O, F, G, H, I]"
4312,4312,A,artificial,A,complete,"445 [A, B, E, D, C, F, G, I, H, J, K, L, J, K, F, G, H, I, N, M, O, F, G, H, I]"
4313,4313,L,artificial,L,complete,"445 [A, B, E, D, C, F, G, I, H, J, K, L, J, K, F, G, H, I, N, M, O, F, G, H, I]"
4314,4314,G,artificial,G,complete,"446 [A, B, D, C, E, F, G, H, I]"
4315,4315,I,artificial,I,complete,"446 [A, B, D, C, E, F, G, H, I]"
4316,4316,H,artificial,H,complete,"446 [A, B, D, C, E, F, G, H, I]"
4317,4317,F,artificial,F,complete,"446 [A, B, D, C, E, F, G, H, I]"
4318,4318,E,artificial,D_Dupli,complete,"446 [A, B, D, C, E, F, G, H, I]"
4319,4319,D,artificial,D_Dupli,complete,"446 [A, B, D, C, E, F, G, H, I]"
4320,4320,B,artificial,D_Dupli,complete,"446 [A, B, D, C, E, F, G, H, I]"
4321,4321,A,artificial,A,complete,"446 [A, B, D, C, E, F, G, H, I]"
4322,4322,C,artificial,D_Dupli,complete,"446 [A, B, D, C, E, F, G, H, I]"
4323,4323,G,artificial,G,complete,"447 [B, A, E, C, D, F, G, I, H]"
4324,4324,B,artificial,D_Dupli,complete,"447 [B, A, E, C, D, F, G, I, H]"
4325,4325,H,artificial,H,complete,"447 [B, A, E, C, D, F, G, I, H]"
4326,4326,A,artificial,A,complete,"447 [B, A, E, C, D, F, G, I, H]"
4327,4327,I,artificial,I,complete,"447 [B, A, E, C, D, F, G, I, H]"
4328,4328,C,artificial,D_Dupli,complete,"447 [B, A, E, C, D, F, G, I, H]"
4329,4329,D,artificial,D_Dupli,complete,"447 [B, A, E, C, D, F, G, I, H]"
4330,4330,F,artificial,F,complete,"447 [B, A, E, C, D, F, G, I, H]"
4331,4331,E,artificial,D_Dupli,complete,"447 [B, A, E, C, D, F, G, I, H]"
4332,4332,H,artificial,H,complete,"448 [A, B, D, C, E, F, G, I, H]"
4333,4333,G,artificial,G,complete,"448 [A, B, D, C, E, F, G, I, H]"
4334,4334,F,artificial,F,complete,"448 [A, B, D, C, E, F, G, I, H]"
4335,4335,E,artificial,D_Dupli,complete,"448 [A, B, D, C, E, F, G, I, H]"
4336,4336,I,artificial,I,complete,"448 [A, B, D, C, E, F, G, I, H]"
4337,4337,D,artificial,D_Dupli,complete,"448 [A, B, D, C, E, F, G, I, H]"
4338,4338,B,artificial,D_Dupli,complete,"448 [A, B, D, C, E, F, G, I, H]"
4339,4339,A,artificial,A,complete,"448 [A, B, D, C, E, F, G, I, H]"
4340,4340,C,artificial,D_Dupli,complete,"448 [A, B, D, C, E, F, G, I, H]"
4341,4341,I,artificial,I,complete,"449 [A, B, E, C, D, F, G, I, H]"
4342,4342,A,artificial,A,complete,"449 [A, B, E, C, D, F, G, I, H]"
4343,4343,B,artificial,D_Dupli,complete,"449 [A, B, E, C, D, F, G, I, H]"
4344,4344,H,artificial,H,complete,"449 [A, B, E, C, D, F, G, I, H]"
4345,4345,E,artificial,D_Dupli,complete,"449 [A, B, E, C, D, F, G, I, H]"
4346,4346,C,artificial,D_Dupli,complete,"449 [A, B, E, C, D, F, G, I, H]"
4347,4347,D,artificial,D_Dupli,complete,"449 [A, B, E, C, D, F, G, I, H]"
4348,4348,F,artificial,F,complete,"449 [A, B, E, C, D, F, G, I, H]"
4349,4349,G,artificial,G,complete,"449 [A, B, E, C, D, F, G, I, H]"
4350,4350,I,artificial,I,complete,"45 [B, A, C, E, D, F, G, I, H, N, M, O, F, G, H, I, J, K, F, G, I, H, J, K, F, G, H, I]"
4351,4351,G,artificial,G,complete,"45 [B, A, C, E, D, F, G, I, H, N, M, O, F, G, H, I, J, K, F, G, I, H, J, K, F, G, H, I]"
4352,4352,G,artificial,G,complete,"45 [B, A, C, E, D, F, G, I, H, N, M, O, F, G, H, I, J, K, F, G, I, H, J, K, F, G, H, I]"
4353,4353,B,artificial,D_Dupli,complete,"45 [B, A, C, E, D, F, G, I, H, N, M, O, F, G, H, I, J, K, F, G, I, H, J, K, F, G, H, I]"
4354,4354,A,artificial,A,complete,"45 [B, A, C, E, D, F, G, I, H, N, M, O, F, G, H, I, J, K, F, G, I, H, J, K, F, G, H, I]"
4355,4355,C,artificial,D_Dupli,complete,"45 [B, A, C, E, D, F, G, I, H, N, M, O, F, G, H, I, J, K, F, G, I, H, J, K, F, G, H, I]"
4356,4356,E,artificial,D_Dupli,complete,"45 [B, A, C, E, D, F, G, I, H, N, M, O, F, G, H, I, J, K, F, G, I, H, J, K, F, G, H, I]"
4357,4357,D,artificial,D_Dupli,complete,"45 [B, A, C, E, D, F, G, I, H, N, M, O, F, G, H, I, J, K, F, G, I, H, J, K, F, G, H, I]"
4358,4358,F,artificial,F,complete,"45 [B, A, C, E, D, F, G, I, H, N, M, O, F, G, H, I, J, K, F, G, I, H, J, K, F, G, H, I]"
4359,4359,G,artificial,G,complete,"45 [B, A, C, E, D, F, G, I, H, N, M, O, F, G, H, I, J, K, F, G, I, H, J, K, F, G, H, I]"
4360,4360,I,artificial,I,complete,"45 [B, A, C, E, D, F, G, I, H, N, M, O, F, G, H, I, J, K, F, G, I, H, J, K, F, G, H, I]"
4361,4361,H,artificial,H,complete,"45 [B, A, C, E, D, F, G, I, H, N, M, O, F, G, H, I, J, K, F, G, I, H, J, K, F, G, H, I]"
4362,4362,M,artificial,M,complete,"45 [B, A, C, E, D, F, G, I, H, N, M, O, F, G, H, I, J, K, F, G, I, H, J, K, F, G, H, I]"
4363,4363,O,artificial,O,complete,"45 [B, A, C, E, D, F, G, I, H, N, M, O, F, G, H, I, J, K, F, G, I, H, J, K, F, G, H, I]"
4364,4364,F,artificial,F,complete,"45 [B, A, C, E, D, F, G, I, H, N, M, O, F, G, H, I, J, K, F, G, I, H, J, K, F, G, H, I]"
4365,4365,G,artificial,G,complete,"45 [B, A, C, E, D, F, G, I, H, N, M, O, F, G, H, I, J, K, F, G, I, H, J, K, F, G, H, I]"
4366,4366,H,artificial,H,complete,"45 [B, A, C, E, D, F, G, I, H, N, M, O, F, G, H, I, J, K, F, G, I, H, J, K, F, G, H, I]"
4367,4367,I,artificial,I,complete,"45 [B, A, C, E, D, F, G, I, H, N, M, O, F, G, H, I, J, K, F, G, I, H, J, K, F, G, H, I]"
4368,4368,J,artificial,J,complete,"45 [B, A, C, E, D, F, G, I, H, N, M, O, F, G, H, I, J, K, F, G, I, H, J, K, F, G, H, I]"
4369,4369,K,artificial,K,complete,"45 [B, A, C, E, D, F, G, I, H, N, M, O, F, G, H, I, J, K, F, G, I, H, J, K, F, G, H, I]"
4370,4370,F,artificial,F,complete,"45 [B, A, C, E, D, F, G, I, H, N, M, O, F, G, H, I, J, K, F, G, I, H, J, K, F, G, H, I]"
4371,4371,I,artificial,I,complete,"45 [B, A, C, E, D, F, G, I, H, N, M, O, F, G, H, I, J, K, F, G, I, H, J, K, F, G, H, I]"
4372,4372,H,artificial,H,complete,"45 [B, A, C, E, D, F, G, I, H, N, M, O, F, G, H, I, J, K, F, G, I, H, J, K, F, G, H, I]"
4373,4373,J,artificial,J,complete,"45 [B, A, C, E, D, F, G, I, H, N, M, O, F, G, H, I, J, K, F, G, I, H, J, K, F, G, H, I]"
4374,4374,K,artificial,K,complete,"45 [B, A, C, E, D, F, G, I, H, N, M, O, F, G, H, I, J, K, F, G, I, H, J, K, F, G, H, I]"
4375,4375,F,artificial,F,complete,"45 [B, A, C, E, D, F, G, I, H, N, M, O, F, G, H, I, J, K, F, G, I, H, J, K, F, G, H, I]"
4376,4376,H,artificial,H,complete,"45 [B, A, C, E, D, F, G, I, H, N, M, O, F, G, H, I, J, K, F, G, I, H, J, K, F, G, H, I]"
4377,4377,N,artificial,N,complete,"45 [B, A, C, E, D, F, G, I, H, N, M, O, F, G, H, I, J, K, F, G, I, H, J, K, F, G, H, I]"
4378,4378,A,artificial,A,complete,"450 [A, B, C, D, E, F, G, I, H, J, K, F, G, I, H]"
4379,4379,C,artificial,D_Dupli,complete,"450 [A, B, C, D, E, F, G, I, H, J, K, F, G, I, H]"
4380,4380,H,artificial,H,complete,"450 [A, B, C, D, E, F, G, I, H, J, K, F, G, I, H]"
4381,4381,I,artificial,I,complete,"450 [A, B, C, D, E, F, G, I, H, J, K, F, G, I, H]"
4382,4382,G,artificial,G,complete,"450 [A, B, C, D, E, F, G, I, H, J, K, F, G, I, H]"
4383,4383,B,artificial,D_Dupli,complete,"450 [A, B, C, D, E, F, G, I, H, J, K, F, G, I, H]"
4384,4384,K,artificial,K,complete,"450 [A, B, C, D, E, F, G, I, H, J, K, F, G, I, H]"
4385,4385,J,artificial,J,complete,"450 [A, B, C, D, E, F, G, I, H, J, K, F, G, I, H]"
4386,4386,F,artificial,F,complete,"450 [A, B, C, D, E, F, G, I, H, J, K, F, G, I, H]"
4387,4387,I,artificial,I,complete,"450 [A, B, C, D, E, F, G, I, H, J, K, F, G, I, H]"
4388,4388,G,artificial,G,complete,"450 [A, B, C, D, E, F, G, I, H, J, K, F, G, I, H]"
4389,4389,F,artificial,F,complete,"450 [A, B, C, D, E, F, G, I, H, J, K, F, G, I, H]"
4390,4390,E,artificial,D_Dupli,complete,"450 [A, B, C, D, E, F, G, I, H, J, K, F, G, I, H]"
4391,4391,D,artificial,D_Dupli,complete,"450 [A, B, C, D, E, F, G, I, H, J, K, F, G, I, H]"
4392,4392,H,artificial,H,complete,"450 [A, B, C, D, E, F, G, I, H, J, K, F, G, I, H]"
4393,4393,A,artificial,A,complete,"451 [A, B, D, E, C, F, G, H, I, N, O, M, F, G, I, H]"
4394,4394,B,artificial,D_Dupli,complete,"451 [A, B, D, E, C, F, G, H, I, N, O, M, F, G, I, H]"
4395,4395,D,artificial,D_Dupli,complete,"451 [A, B, D, E, C, F, G, H, I, N, O, M, F, G, I, H]"
4396,4396,E,artificial,D_Dupli,complete,"451 [A, B, D, E, C, F, G, H, I, N, O, M, F, G, I, H]"
4397,4397,M,artificial,M,complete,"451 [A, B, D, E, C, F, G, H, I, N, O, M, F, G, I, H]"
4398,4398,I,artificial,I,complete,"451 [A, B, D, E, C, F, G, H, I, N, O, M, F, G, I, H]"
4399,4399,G,artificial,G,complete,"451 [A, B, D, E, C, F, G, H, I, N, O, M, F, G, I, H]"
4400,4400,N,artificial,N,complete,"451 [A, B, D, E, C, F, G, H, I, N, O, M, F, G, I, H]"
4401,4401,C,artificial,D_Dupli,complete,"451 [A, B, D, E, C, F, G, H, I, N, O, M, F, G, I, H]"
4402,4402,H,artificial,H,complete,"451 [A, B, D, E, C, F, G, H, I, N, O, M, F, G, I, H]"
4403,4403,G,artificial,G,complete,"451 [A, B, D, E, C, F, G, H, I, N, O, M, F, G, I, H]"
4404,4404,O,artificial,O,complete,"451 [A, B, D, E, C, F, G, H, I, N, O, M, F, G, I, H]"
4405,4405,F,artificial,F,complete,"451 [A, B, D, E, C, F, G, H, I, N, O, M, F, G, I, H]"
4406,4406,F,artificial,F,complete,"451 [A, B, D, E, C, F, G, H, I, N, O, M, F, G, I, H]"
4407,4407,H,artificial,H,complete,"451 [A, B, D, E, C, F, G, H, I, N, O, M, F, G, I, H]"
4408,4408,I,artificial,I,complete,"451 [A, B, D, E, C, F, G, H, I, N, O, M, F, G, I, H]"
4409,4409,F,artificial,F,complete,"452 [A, B, C, E, D, F, G, I, H]"
4410,4410,E,artificial,D_Dupli,complete,"452 [A, B, C, E, D, F, G, I, H]"
4411,4411,I,artificial,I,complete,"452 [A, B, C, E, D, F, G, I, H]"
4412,4412,H,artificial,H,complete,"452 [A, B, C, E, D, F, G, I, H]"
4413,4413,C,artificial,D_Dupli,complete,"452 [A, B, C, E, D, F, G, I, H]"
4414,4414,B,artificial,D_Dupli,complete,"452 [A, B, C, E, D, F, G, I, H]"
4415,4415,A,artificial,A,complete,"452 [A, B, C, E, D, F, G, I, H]"
4416,4416,D,artificial,D_Dupli,complete,"452 [A, B, C, E, D, F, G, I, H]"
4417,4417,G,artificial,G,complete,"452 [A, B, C, E, D, F, G, I, H]"
4418,4418,I,artificial,I,complete,"453 [B, A, C, D, E, F, G, I, H]"
4419,4419,C,artificial,D_Dupli,complete,"453 [B, A, C, D, E, F, G, I, H]"
4420,4420,D,artificial,D_Dupli,complete,"453 [B, A, C, D, E, F, G, I, H]"
4421,4421,E,artificial,D_Dupli,complete,"453 [B, A, C, D, E, F, G, I, H]"
4422,4422,A,artificial,A,complete,"453 [B, A, C, D, E, F, G, I, H]"
4423,4423,B,artificial,D_Dupli,complete,"453 [B, A, C, D, E, F, G, I, H]"
4424,4424,G,artificial,G,complete,"453 [B, A, C, D, E, F, G, I, H]"
4425,4425,H,artificial,H,complete,"453 [B, A, C, D, E, F, G, I, H]"
4426,4426,F,artificial,F,complete,"453 [B, A, C, D, E, F, G, I, H]"
4427,4427,A,artificial,A,complete,"454 [A, B, E, D, C, F, G, H, I]"
4428,4428,I,artificial,I,complete,"454 [A, B, E, D, C, F, G, H, I]"
4429,4429,H,artificial,H,complete,"454 [A, B, E, D, C, F, G, H, I]"
4430,4430,G,artificial,G,complete,"454 [A, B, E, D, C, F, G, H, I]"
4431,4431,E,artificial,D_Dupli,complete,"454 [A, B, E, D, C, F, G, H, I]"
4432,4432,C,artificial,D_Dupli,complete,"454 [A, B, E, D, C, F, G, H, I]"
4433,4433,D,artificial,D_Dupli,complete,"454 [A, B, E, D, C, F, G, H, I]"
4434,4434,B,artificial,D_Dupli,complete,"454 [A, B, E, D, C, F, G, H, I]"
4435,4435,F,artificial,F,complete,"454 [A, B, E, D, C, F, G, H, I]"
4436,4436,B,artificial,D_Dupli,complete,"455 [A, B, E, D, C, F, G, H, I]"
4437,4437,E,artificial,D_Dupli,complete,"455 [A, B, E, D, C, F, G, H, I]"
4438,4438,D,artificial,D_Dupli,complete,"455 [A, B, E, D, C, F, G, H, I]"
4439,4439,C,artificial,D_Dupli,complete,"455 [A, B, E, D, C, F, G, H, I]"
4440,4440,F,artificial,F,complete,"455 [A, B, E, D, C, F, G, H, I]"
4441,4441,G,artificial,G,complete,"455 [A, B, E, D, C, F, G, H, I]"
4442,4442,H,artificial,H,complete,"455 [A, B, E, D, C, F, G, H, I]"
4443,4443,A,artificial,A,complete,"455 [A, B, E, D, C, F, G, H, I]"
4444,4444,I,artificial,I,complete,"455 [A, B, E, D, C, F, G, H, I]"
4445,4445,H,artificial,H,complete,"456 [B, A, D, C, E, F, G, I, H]"
4446,4446,D,artificial,D_Dupli,complete,"456 [B, A, D, C, E, F, G, I, H]"
4447,4447,C,artificial,D_Dupli,complete,"456 [B, A, D, C, E, F, G, I, H]"
4448,4448,E,artificial,D_Dupli,complete,"456 [B, A, D, C, E, F, G, I, H]"
4449,4449,F,artificial,F,complete,"456 [B, A, D, C, E, F, G, I, H]"
4450,4450,G,artificial,G,complete,"456 [B, A, D, C, E, F, G, I, H]"
4451,4451,I,artificial,I,complete,"456 [B, A, D, C, E, F, G, I, H]"
4452,4452,A,artificial,A,complete,"456 [B, A, D, C, E, F, G, I, H]"
4453,4453,B,artificial,D_Dupli,complete,"456 [B, A, D, C, E, F, G, I, H]"
4454,4454,D,artificial,D_Dupli,complete,"457 [A, B, D, C, E, F, G, H, I]"
4455,4455,C,artificial,D_Dupli,complete,"457 [A, B, D, C, E, F, G, H, I]"
4456,4456,E,artificial,D_Dupli,complete,"457 [A, B, D, C, E, F, G, H, I]"
4457,4457,G,artificial,G,complete,"457 [A, B, D, C, E, F, G, H, I]"
4458,4458,H,artificial,H,complete,"457 [A, B, D, C, E, F, G, H, I]"
4459,4459,I,artificial,I,complete,"457 [A, B, D, C, E, F, G, H, I]"
4460,4460,B,artificial,D_Dupli,complete,"457 [A, B, D, C, E, F, G, H, I]"
4461,4461,A,artificial,A,complete,"457 [A, B, D, C, E, F, G, H, I]"
4462,4462,F,artificial,F,complete,"457 [A, B, D, C, E, F, G, H, I]"
4463,4463,I,artificial,I,complete,"458 [A, B, D, E, C, F, G, I, H]"
4464,4464,F,artificial,F,complete,"458 [A, B, D, E, C, F, G, I, H]"
4465,4465,C,artificial,D_Dupli,complete,"458 [A, B, D, E, C, F, G, I, H]"
4466,4466,E,artificial,D_Dupli,complete,"458 [A, B, D, E, C, F, G, I, H]"
4467,4467,D,artificial,D_Dupli,complete,"458 [A, B, D, E, C, F, G, I, H]"
4468,4468,B,artificial,D_Dupli,complete,"458 [A, B, D, E, C, F, G, I, H]"
4469,4469,A,artificial,A,complete,"458 [A, B, D, E, C, F, G, I, H]"
4470,4470,H,artificial,H,complete,"458 [A, B, D, E, C, F, G, I, H]"
4471,4471,G,artificial,G,complete,"458 [A, B, D, E, C, F, G, I, H]"
4472,4472,B,artificial,D_Dupli,complete,"459 [B, A, C, D, E, F, G, I, H]"
4473,4473,A,artificial,A,complete,"459 [B, A, C, D, E, F, G, I, H]"
4474,4474,C,artificial,D_Dupli,complete,"459 [B, A, C, D, E, F, G, I, H]"
4475,4475,H,artificial,H,complete,"459 [B, A, C, D, E, F, G, I, H]"
4476,4476,F,artificial,F,complete,"459 [B, A, C, D, E, F, G, I, H]"
4477,4477,G,artificial,G,complete,"459 [B, A, C, D, E, F, G, I, H]"
4478,4478,I,artificial,I,complete,"459 [B, A, C, D, E, F, G, I, H]"
4479,4479,E,artificial,D_Dupli,complete,"459 [B, A, C, D, E, F, G, I, H]"
4480,4480,D,artificial,D_Dupli,complete,"459 [B, A, C, D, E, F, G, I, H]"
4481,4481,I,artificial,I,complete,"46 [B, A, E, D, C, F, G, H, I]"
4482,4482,H,artificial,H,complete,"46 [B, A, E, D, C, F, G, H, I]"
4483,4483,B,artificial,D_Dupli,complete,"46 [B, A, E, D, C, F, G, H, I]"
4484,4484,G,artificial,G,complete,"46 [B, A, E, D, C, F, G, H, I]"
4485,4485,F,artificial,F,complete,"46 [B, A, E, D, C, F, G, H, I]"
4486,4486,C,artificial,D_Dupli,complete,"46 [B, A, E, D, C, F, G, H, I]"
4487,4487,D,artificial,D_Dupli,complete,"46 [B, A, E, D, C, F, G, H, I]"
4488,4488,E,artificial,D_Dupli,complete,"46 [B, A, E, D, C, F, G, H, I]"
4489,4489,A,artificial,A,complete,"46 [B, A, E, D, C, F, G, H, I]"
4490,4490,D,artificial,D_Dupli,complete,"460 [B, A, D, E, C, F, G, I, H, J, K, F, G, I, H]"
4491,4491,H,artificial,H,complete,"460 [B, A, D, E, C, F, G, I, H, J, K, F, G, I, H]"
4492,4492,A,artificial,A,complete,"460 [B, A, D, E, C, F, G, I, H, J, K, F, G, I, H]"
4493,4493,I,artificial,I,complete,"460 [B, A, D, E, C, F, G, I, H, J, K, F, G, I, H]"
4494,4494,G,artificial,G,complete,"460 [B, A, D, E, C, F, G, I, H, J, K, F, G, I, H]"
4495,4495,F,artificial,F,complete,"460 [B, A, D, E, C, F, G, I, H, J, K, F, G, I, H]"
4496,4496,C,artificial,D_Dupli,complete,"460 [B, A, D, E, C, F, G, I, H, J, K, F, G, I, H]"
4497,4497,E,artificial,D_Dupli,complete,"460 [B, A, D, E, C, F, G, I, H, J, K, F, G, I, H]"
4498,4498,J,artificial,J,complete,"460 [B, A, D, E, C, F, G, I, H, J, K, F, G, I, H]"
4499,4499,K,artificial,K,complete,"460 [B, A, D, E, C, F, G, I, H, J, K, F, G, I, H]"
4500,4500,G,artificial,G,complete,"460 [B, A, D, E, C, F, G, I, H, J, K, F, G, I, H]"
4501,4501,F,artificial,F,complete,"460 [B, A, D, E, C, F, G, I, H, J, K, F, G, I, H]"
4502,4502,I,artificial,I,complete,"460 [B, A, D, E, C, F, G, I, H, J, K, F, G, I, H]"
4503,4503,H,artificial,H,complete,"460 [B, A, D, E, C, F, G, I, H, J, K, F, G, I, H]"
4504,4504,B,artificial,D_Dupli,complete,"460 [B, A, D, E, C, F, G, I, H, J, K, F, G, I, H]"
4505,4505,A,artificial,A,complete,"461 [A, B, C, E, D, F, G, H, I]"
4506,4506,C,artificial,D_Dupli,complete,"461 [A, B, C, E, D, F, G, H, I]"
4507,4507,E,artificial,D_Dupli,complete,"461 [A, B, C, E, D, F, G, H, I]"
4508,4508,D,artificial,D_Dupli,complete,"461 [A, B, C, E, D, F, G, H, I]"
4509,4509,F,artificial,F,complete,"461 [A, B, C, E, D, F, G, H, I]"
4510,4510,G,artificial,G,complete,"461 [A, B, C, E, D, F, G, H, I]"
4511,4511,I,artificial,I,complete,"461 [A, B, C, E, D, F, G, H, I]"
4512,4512,H,artificial,H,complete,"461 [A, B, C, E, D, F, G, H, I]"
4513,4513,B,artificial,D_Dupli,complete,"461 [A, B, C, E, D, F, G, H, I]"
4514,4514,G,artificial,G,complete,"462 [A, B, D, E, C, F, G, H, I, O, M, N, F, G, H, I, O, N, M, F, G, H, I]"
4515,4515,M,artificial,M,complete,"462 [A, B, D, E, C, F, G, H, I, O, M, N, F, G, H, I, O, N, M, F, G, H, I]"
4516,4516,N,artificial,N,complete,"462 [A, B, D, E, C, F, G, H, I, O, M, N, F, G, H, I, O, N, M, F, G, H, I]"
4517,4517,O,artificial,O,complete,"462 [A, B, D, E, C, F, G, H, I, O, M, N, F, G, H, I, O, N, M, F, G, H, I]"
4518,4518,I,artificial,I,complete,"462 [A, B, D, E, C, F, G, H, I, O, M, N, F, G, H, I, O, N, M, F, G, H, I]"
4519,4519,H,artificial,H,complete,"462 [A, B, D, E, C, F, G, H, I, O, M, N, F, G, H, I, O, N, M, F, G, H, I]"
4520,4520,G,artificial,G,complete,"462 [A, B, D, E, C, F, G, H, I, O, M, N, F, G, H, I, O, N, M, F, G, H, I]"
4521,4521,F,artificial,F,complete,"462 [A, B, D, E, C, F, G, H, I, O, M, N, F, G, H, I, O, N, M, F, G, H, I]"
4522,4522,N,artificial,N,complete,"462 [A, B, D, E, C, F, G, H, I, O, M, N, F, G, H, I, O, N, M, F, G, H, I]"
4523,4523,M,artificial,M,complete,"462 [A, B, D, E, C, F, G, H, I, O, M, N, F, G, H, I, O, N, M, F, G, H, I]"
4524,4524,O,artificial,O,complete,"462 [A, B, D, E, C, F, G, H, I, O, M, N, F, G, H, I, O, N, M, F, G, H, I]"
4525,4525,I,artificial,I,complete,"462 [A, B, D, E, C, F, G, H, I, O, M, N, F, G, H, I, O, N, M, F, G, H, I]"
4526,4526,H,artificial,H,complete,"462 [A, B, D, E, C, F, G, H, I, O, M, N, F, G, H, I, O, N, M, F, G, H, I]"
4527,4527,G,artificial,G,complete,"462 [A, B, D, E, C, F, G, H, I, O, M, N, F, G, H, I, O, N, M, F, G, H, I]"
4528,4528,F,artificial,F,complete,"462 [A, B, D, E, C, F, G, H, I, O, M, N, F, G, H, I, O, N, M, F, G, H, I]"
4529,4529,F,artificial,F,complete,"462 [A, B, D, E, C, F, G, H, I, O, M, N, F, G, H, I, O, N, M, F, G, H, I]"
4530,4530,E,artificial,D_Dupli,complete,"462 [A, B, D, E, C, F, G, H, I, O, M, N, F, G, H, I, O, N, M, F, G, H, I]"
4531,4531,D,artificial,D_Dupli,complete,"462 [A, B, D, E, C, F, G, H, I, O, M, N, F, G, H, I, O, N, M, F, G, H, I]"
4532,4532,B,artificial,D_Dupli,complete,"462 [A, B, D, E, C, F, G, H, I, O, M, N, F, G, H, I, O, N, M, F, G, H, I]"
4533,4533,A,artificial,A,complete,"462 [A, B, D, E, C, F, G, H, I, O, M, N, F, G, H, I, O, N, M, F, G, H, I]"
4534,4534,I,artificial,I,complete,"462 [A, B, D, E, C, F, G, H, I, O, M, N, F, G, H, I, O, N, M, F, G, H, I]"
4535,4535,C,artificial,D_Dupli,complete,"462 [A, B, D, E, C, F, G, H, I, O, M, N, F, G, H, I, O, N, M, F, G, H, I]"
4536,4536,H,artificial,H,complete,"462 [A, B, D, E, C, F, G, H, I, O, M, N, F, G, H, I, O, N, M, F, G, H, I]"
4537,4537,B,artificial,D_Dupli,complete,"463 [B, A, C, E, D, F, G, H, I]"
4538,4538,A,artificial,A,complete,"463 [B, A, C, E, D, F, G, H, I]"
4539,4539,C,artificial,D_Dupli,complete,"463 [B, A, C, E, D, F, G, H, I]"
4540,4540,D,artificial,D_Dupli,complete,"463 [B, A, C, E, D, F, G, H, I]"
4541,4541,F,artificial,F,complete,"463 [B, A, C, E, D, F, G, H, I]"
4542,4542,G,artificial,G,complete,"463 [B, A, C, E, D, F, G, H, I]"
4543,4543,H,artificial,H,complete,"463 [B, A, C, E, D, F, G, H, I]"
4544,4544,I,artificial,I,complete,"463 [B, A, C, E, D, F, G, H, I]"
4545,4545,E,artificial,D_Dupli,complete,"463 [B, A, C, E, D, F, G, H, I]"
4546,4546,E,artificial,D_Dupli,complete,"464 [A, B, C, D, E, F, G, I, H]"
4547,4547,F,artificial,F,complete,"464 [A, B, C, D, E, F, G, I, H]"
4548,4548,H,artificial,H,complete,"464 [A, B, C, D, E, F, G, I, H]"
4549,4549,D,artificial,D_Dupli,complete,"464 [A, B, C, D, E, F, G, I, H]"
4550,4550,C,artificial,D_Dupli,complete,"464 [A, B, C, D, E, F, G, I, H]"
4551,4551,B,artificial,D_Dupli,complete,"464 [A, B, C, D, E, F, G, I, H]"
4552,4552,A,artificial,A,complete,"464 [A, B, C, D, E, F, G, I, H]"
4553,4553,G,artificial,G,complete,"464 [A, B, C, D, E, F, G, I, H]"
4554,4554,I,artificial,I,complete,"464 [A, B, C, D, E, F, G, I, H]"
4555,4555,B,artificial,D_Dupli,complete,"465 [B, A, C, D, E, F, G, H, I]"
4556,4556,D,artificial,D_Dupli,complete,"465 [B, A, C, D, E, F, G, H, I]"
4557,4557,E,artificial,D_Dupli,complete,"465 [B, A, C, D, E, F, G, H, I]"
4558,4558,F,artificial,F,complete,"465 [B, A, C, D, E, F, G, H, I]"
4559,4559,G,artificial,G,complete,"465 [B, A, C, D, E, F, G, H, I]"
4560,4560,H,artificial,H,complete,"465 [B, A, C, D, E, F, G, H, I]"
4561,4561,I,artificial,I,complete,"465 [B, A, C, D, E, F, G, H, I]"
4562,4562,C,artificial,D_Dupli,complete,"465 [B, A, C, D, E, F, G, H, I]"
4563,4563,A,artificial,A,complete,"465 [B, A, C, D, E, F, G, H, I]"
4564,4564,D,artificial,D_Dupli,complete,"466 [A, B, E, D, C, F, G, I, H]"
4565,4565,H,artificial,H,complete,"466 [A, B, E, D, C, F, G, I, H]"
4566,4566,I,artificial,I,complete,"466 [A, B, E, D, C, F, G, I, H]"
4567,4567,E,artificial,D_Dupli,complete,"466 [A, B, E, D, C, F, G, I, H]"
4568,4568,G,artificial,G,complete,"466 [A, B, E, D, C, F, G, I, H]"
4569,4569,F,artificial,F,complete,"466 [A, B, E, D, C, F, G, I, H]"
4570,4570,C,artificial,D_Dupli,complete,"466 [A, B, E, D, C, F, G, I, H]"
4571,4571,A,artificial,A,complete,"466 [A, B, E, D, C, F, G, I, H]"
4572,4572,B,artificial,D_Dupli,complete,"466 [A, B, E, D, C, F, G, I, H]"
4573,4573,E,artificial,D_Dupli,complete,"467 [B, A, E, C, D, F, G, I, H]"
4574,4574,A,artificial,A,complete,"467 [B, A, E, C, D, F, G, I, H]"
4575,4575,B,artificial,D_Dupli,complete,"467 [B, A, E, C, D, F, G, I, H]"
4576,4576,I,artificial,I,complete,"467 [B, A, E, C, D, F, G, I, H]"
4577,4577,F,artificial,F,complete,"467 [B, A, E, C, D, F, G, I, H]"
4578,4578,C,artificial,D_Dupli,complete,"467 [B, A, E, C, D, F, G, I, H]"
4579,4579,H,artificial,H,complete,"467 [B, A, E, C, D, F, G, I, H]"
4580,4580,G,artificial,G,complete,"467 [B, A, E, C, D, F, G, I, H]"
4581,4581,D,artificial,D_Dupli,complete,"467 [B, A, E, C, D, F, G, I, H]"
4582,4582,H,artificial,H,complete,"468 [A, B, C, D, E, F, G, H, I, O, M, N, F, G, H, I, J, K, F, G, I, H, M, N, O, F, G, H, I]"
4583,4583,G,artificial,G,complete,"468 [A, B, C, D, E, F, G, H, I, O, M, N, F, G, H, I, J, K, F, G, I, H, M, N, O, F, G, H, I]"
4584,4584,F,artificial,F,complete,"468 [A, B, C, D, E, F, G, H, I, O, M, N, F, G, H, I, J, K, F, G, I, H, M, N, O, F, G, H, I]"
4585,4585,O,artificial,O,complete,"468 [A, B, C, D, E, F, G, H, I, O, M, N, F, G, H, I, J, K, F, G, I, H, M, N, O, F, G, H, I]"
4586,4586,N,artificial,N,complete,"468 [A, B, C, D, E, F, G, H, I, O, M, N, F, G, H, I, J, K, F, G, I, H, M, N, O, F, G, H, I]"
4587,4587,M,artificial,M,complete,"468 [A, B, C, D, E, F, G, H, I, O, M, N, F, G, H, I, J, K, F, G, I, H, M, N, O, F, G, H, I]"
4588,4588,I,artificial,I,complete,"468 [A, B, C, D, E, F, G, H, I, O, M, N, F, G, H, I, J, K, F, G, I, H, M, N, O, F, G, H, I]"
4589,4589,H,artificial,H,complete,"468 [A, B, C, D, E, F, G, H, I, O, M, N, F, G, H, I, J, K, F, G, I, H, M, N, O, F, G, H, I]"
4590,4590,F,artificial,F,complete,"468 [A, B, C, D, E, F, G, H, I, O, M, N, F, G, H, I, J, K, F, G, I, H, M, N, O, F, G, H, I]"
4591,4591,G,artificial,G,complete,"468 [A, B, C, D, E, F, G, H, I, O, M, N, F, G, H, I, J, K, F, G, I, H, M, N, O, F, G, H, I]"
4592,4592,H,artificial,H,complete,"468 [A, B, C, D, E, F, G, H, I, O, M, N, F, G, H, I, J, K, F, G, I, H, M, N, O, F, G, H, I]"
4593,4593,I,artificial,I,complete,"468 [A, B, C, D, E, F, G, H, I, O, M, N, F, G, H, I, J, K, F, G, I, H, M, N, O, F, G, H, I]"
4594,4594,J,artificial,J,complete,"468 [A, B, C, D, E, F, G, H, I, O, M, N, F, G, H, I, J, K, F, G, I, H, M, N, O, F, G, H, I]"
4595,4595,K,artificial,K,complete,"468 [A, B, C, D, E, F, G, H, I, O, M, N, F, G, H, I, J, K, F, G, I, H, M, N, O, F, G, H, I]"
4596,4596,F,artificial,F,complete,"468 [A, B, C, D, E, F, G, H, I, O, M, N, F, G, H, I, J, K, F, G, I, H, M, N, O, F, G, H, I]"
4597,4597,G,artificial,G,complete,"468 [A, B, C, D, E, F, G, H, I, O, M, N, F, G, H, I, J, K, F, G, I, H, M, N, O, F, G, H, I]"
4598,4598,I,artificial,I,complete,"468 [A, B, C, D, E, F, G, H, I, O, M, N, F, G, H, I, J, K, F, G, I, H, M, N, O, F, G, H, I]"
4599,4599,O,artificial,O,complete,"468 [A, B, C, D, E, F, G, H, I, O, M, N, F, G, H, I, J, K, F, G, I, H, M, N, O, F, G, H, I]"
4600,4600,M,artificial,M,complete,"468 [A, B, C, D, E, F, G, H, I, O, M, N, F, G, H, I, J, K, F, G, I, H, M, N, O, F, G, H, I]"
4601,4601,H,artificial,H,complete,"468 [A, B, C, D, E, F, G, H, I, O, M, N, F, G, H, I, J, K, F, G, I, H, M, N, O, F, G, H, I]"
4602,4602,N,artificial,N,complete,"468 [A, B, C, D, E, F, G, H, I, O, M, N, F, G, H, I, J, K, F, G, I, H, M, N, O, F, G, H, I]"
4603,4603,A,artificial,A,complete,"468 [A, B, C, D, E, F, G, H, I, O, M, N, F, G, H, I, J, K, F, G, I, H, M, N, O, F, G, H, I]"
4604,4604,B,artificial,D_Dupli,complete,"468 [A, B, C, D, E, F, G, H, I, O, M, N, F, G, H, I, J, K, F, G, I, H, M, N, O, F, G, H, I]"
4605,4605,C,artificial,D_Dupli,complete,"468 [A, B, C, D, E, F, G, H, I, O, M, N, F, G, H, I, J, K, F, G, I, H, M, N, O, F, G, H, I]"
4606,4606,D,artificial,D_Dupli,complete,"468 [A, B, C, D, E, F, G, H, I, O, M, N, F, G, H, I, J, K, F, G, I, H, M, N, O, F, G, H, I]"
4607,4607,E,artificial,D_Dupli,complete,"468 [A, B, C, D, E, F, G, H, I, O, M, N, F, G, H, I, J, K, F, G, I, H, M, N, O, F, G, H, I]"
4608,4608,F,artificial,F,complete,"468 [A, B, C, D, E, F, G, H, I, O, M, N, F, G, H, I, J, K, F, G, I, H, M, N, O, F, G, H, I]"
4609,4609,G,artificial,G,complete,"468 [A, B, C, D, E, F, G, H, I, O, M, N, F, G, H, I, J, K, F, G, I, H, M, N, O, F, G, H, I]"
4610,4610,I,artificial,I,complete,"468 [A, B, C, D, E, F, G, H, I, O, M, N, F, G, H, I, J, K, F, G, I, H, M, N, O, F, G, H, I]"
4611,4611,B,artificial,D_Dupli,complete,"469 [A, B, E, D, C, F, G, H, I]"
4612,4612,E,artificial,D_Dupli,complete,"469 [A, B, E, D, C, F, G, H, I]"
4613,4613,D,artificial,D_Dupli,complete,"469 [A, B, E, D, C, F, G, H, I]"
4614,4614,C,artificial,D_Dupli,complete,"469 [A, B, E, D, C, F, G, H, I]"
4615,4615,A,artificial,A,complete,"469 [A, B, E, D, C, F, G, H, I]"
4616,4616,G,artificial,G,complete,"469 [A, B, E, D, C, F, G, H, I]"
4617,4617,H,artificial,H,complete,"469 [A, B, E, D, C, F, G, H, I]"
4618,4618,I,artificial,I,complete,"469 [A, B, E, D, C, F, G, H, I]"
4619,4619,F,artificial,F,complete,"469 [A, B, E, D, C, F, G, H, I]"
4620,4620,A,artificial,A,complete,"47 [A, B, C, E, D, F, G, H, I]"
4621,4621,B,artificial,D_Dupli,complete,"47 [A, B, C, E, D, F, G, H, I]"
4622,4622,C,artificial,D_Dupli,complete,"47 [A, B, C, E, D, F, G, H, I]"
4623,4623,E,artificial,D_Dupli,complete,"47 [A, B, C, E, D, F, G, H, I]"
4624,4624,D,artificial,D_Dupli,complete,"47 [A, B, C, E, D, F, G, H, I]"
4625,4625,F,artificial,F,complete,"47 [A, B, C, E, D, F, G, H, I]"
4626,4626,G,artificial,G,complete,"47 [A, B, C, E, D, F, G, H, I]"
4627,4627,H,artificial,H,complete,"47 [A, B, C, E, D, F, G, H, I]"
4628,4628,I,artificial,I,complete,"47 [A, B, C, E, D, F, G, H, I]"
4629,4629,H,artificial,H,complete,"470 [B, A, C, D, E, F, G, I, H]"
4630,4630,G,artificial,G,complete,"470 [B, A, C, D, E, F, G, I, H]"
4631,4631,F,artificial,F,complete,"470 [B, A, C, D, E, F, G, I, H]"
4632,4632,E,artificial,D_Dupli,complete,"470 [B, A, C, D, E, F, G, I, H]"
4633,4633,D,artificial,D_Dupli,complete,"470 [B, A, C, D, E, F, G, I, H]"
4634,4634,C,artificial,D_Dupli,complete,"470 [B, A, C, D, E, F, G, I, H]"
4635,4635,A,artificial,A,complete,"470 [B, A, C, D, E, F, G, I, H]"
4636,4636,B,artificial,D_Dupli,complete,"470 [B, A, C, D, E, F, G, I, H]"
4637,4637,I,artificial,I,complete,"470 [B, A, C, D, E, F, G, I, H]"
4638,4638,A,artificial,A,complete,"471 [A, B, E, C, D, F, G, I, H]"
4639,4639,F,artificial,F,complete,"471 [A, B, E, C, D, F, G, I, H]"
4640,4640,B,artificial,D_Dupli,complete,"471 [A, B, E, C, D, F, G, I, H]"
4641,4641,E,artificial,D_Dupli,complete,"471 [A, B, E, C, D, F, G, I, H]"
4642,4642,C,artificial,D_Dupli,complete,"471 [A, B, E, C, D, F, G, I, H]"
4643,4643,D,artificial,D_Dupli,complete,"471 [A, B, E, C, D, F, G, I, H]"
4644,4644,G,artificial,G,complete,"471 [A, B, E, C, D, F, G, I, H]"
4645,4645,I,artificial,I,complete,"471 [A, B, E, C, D, F, G, I, H]"
4646,4646,H,artificial,H,complete,"471 [A, B, E, C, D, F, G, I, H]"
4647,4647,I,artificial,I,complete,"472 [A, B, C, D, E, F, G, H, I]"
4648,4648,H,artificial,H,complete,"472 [A, B, C, D, E, F, G, H, I]"
4649,4649,F,artificial,F,complete,"472 [A, B, C, D, E, F, G, H, I]"
4650,4650,E,artificial,D_Dupli,complete,"472 [A, B, C, D, E, F, G, H, I]"
4651,4651,G,artificial,G,complete,"472 [A, B, C, D, E, F, G, H, I]"
4652,4652,C,artificial,D_Dupli,complete,"472 [A, B, C, D, E, F, G, H, I]"
4653,4653,B,artificial,D_Dupli,complete,"472 [A, B, C, D, E, F, G, H, I]"
4654,4654,A,artificial,A,complete,"472 [A, B, C, D, E, F, G, H, I]"
4655,4655,D,artificial,D_Dupli,complete,"472 [A, B, C, D, E, F, G, H, I]"
4656,4656,I,artificial,I,complete,"473 [A, B, C, E, D, F, G, H, I]"
4657,4657,H,artificial,H,complete,"473 [A, B, C, E, D, F, G, H, I]"
4658,4658,G,artificial,G,complete,"473 [A, B, C, E, D, F, G, H, I]"
4659,4659,F,artificial,F,complete,"473 [A, B, C, E, D, F, G, H, I]"
4660,4660,D,artificial,D_Dupli,complete,"473 [A, B, C, E, D, F, G, H, I]"
4661,4661,E,artificial,D_Dupli,complete,"473 [A, B, C, E, D, F, G, H, I]"
4662,4662,B,artificial,D_Dupli,complete,"473 [A, B, C, E, D, F, G, H, I]"
4663,4663,A,artificial,A,complete,"473 [A, B, C, E, D, F, G, H, I]"
4664,4664,C,artificial,D_Dupli,complete,"473 [A, B, C, E, D, F, G, H, I]"
4665,4665,H,artificial,H,complete,"474 [A, B, D, C, E, F, G, H, I]"
4666,4666,F,artificial,F,complete,"474 [A, B, D, C, E, F, G, H, I]"
4667,4667,G,artificial,G,complete,"474 [A, B, D, C, E, F, G, H, I]"
4668,4668,E,artificial,D_Dupli,complete,"474 [A, B, D, C, E, F, G, H, I]"
4669,4669,I,artificial,I,complete,"474 [A, B, D, C, E, F, G, H, I]"
4670,4670,D,artificial,D_Dupli,complete,"474 [A, B, D, C, E, F, G, H, I]"
4671,4671,B,artificial,D_Dupli,complete,"474 [A, B, D, C, E, F, G, H, I]"
4672,4672,A,artificial,A,complete,"474 [A, B, D, C, E, F, G, H, I]"
4673,4673,C,artificial,D_Dupli,complete,"474 [A, B, D, C, E, F, G, H, I]"
4674,4674,H,artificial,H,complete,"475 [B, A, E, D, C, F, G, I, H]"
4675,4675,G,artificial,G,complete,"475 [B, A, E, D, C, F, G, I, H]"
4676,4676,F,artificial,F,complete,"475 [B, A, E, D, C, F, G, I, H]"
4677,4677,C,artificial,D_Dupli,complete,"475 [B, A, E, D, C, F, G, I, H]"
4678,4678,I,artificial,I,complete,"475 [B, A, E, D, C, F, G, I, H]"
4679,4679,E,artificial,D_Dupli,complete,"475 [B, A, E, D, C, F, G, I, H]"
4680,4680,A,artificial,A,complete,"475 [B, A, E, D, C, F, G, I, H]"
4681,4681,B,artificial,D_Dupli,complete,"475 [B, A, E, D, C, F, G, I, H]"
4682,4682,D,artificial,D_Dupli,complete,"475 [B, A, E, D, C, F, G, I, H]"
4683,4683,F,artificial,F,complete,"476 [A, B, D, C, E, F, G, I, H, M, N, O, F, G, I, H, O, N, M, F, G, H, I]"
4684,4684,H,artificial,H,complete,"476 [A, B, D, C, E, F, G, I, H, M, N, O, F, G, I, H, O, N, M, F, G, H, I]"
4685,4685,G,artificial,G,complete,"476 [A, B, D, C, E, F, G, I, H, M, N, O, F, G, I, H, O, N, M, F, G, H, I]"
4686,4686,F,artificial,F,complete,"476 [A, B, D, C, E, F, G, I, H, M, N, O, F, G, I, H, O, N, M, F, G, H, I]"
4687,4687,M,artificial,M,complete,"476 [A, B, D, C, E, F, G, I, H, M, N, O, F, G, I, H, O, N, M, F, G, H, I]"
4688,4688,N,artificial,N,complete,"476 [A, B, D, C, E, F, G, I, H, M, N, O, F, G, I, H, O, N, M, F, G, H, I]"
4689,4689,O,artificial,O,complete,"476 [A, B, D, C, E, F, G, I, H, M, N, O, F, G, I, H, O, N, M, F, G, H, I]"
4690,4690,I,artificial,I,complete,"476 [A, B, D, C, E, F, G, I, H, M, N, O, F, G, I, H, O, N, M, F, G, H, I]"
4691,4691,H,artificial,H,complete,"476 [A, B, D, C, E, F, G, I, H, M, N, O, F, G, I, H, O, N, M, F, G, H, I]"
4692,4692,I,artificial,I,complete,"476 [A, B, D, C, E, F, G, I, H, M, N, O, F, G, I, H, O, N, M, F, G, H, I]"
4693,4693,G,artificial,G,complete,"476 [A, B, D, C, E, F, G, I, H, M, N, O, F, G, I, H, O, N, M, F, G, H, I]"
4694,4694,O,artificial,O,complete,"476 [A, B, D, C, E, F, G, I, H, M, N, O, F, G, I, H, O, N, M, F, G, H, I]"
4695,4695,F,artificial,F,complete,"476 [A, B, D, C, E, F, G, I, H, M, N, O, F, G, I, H, O, N, M, F, G, H, I]"
4696,4696,M,artificial,M,complete,"476 [A, B, D, C, E, F, G, I, H, M, N, O, F, G, I, H, O, N, M, F, G, H, I]"
4697,4697,H,artificial,H,complete,"476 [A, B, D, C, E, F, G, I, H, M, N, O, F, G, I, H, O, N, M, F, G, H, I]"
4698,4698,I,artificial,I,complete,"476 [A, B, D, C, E, F, G, I, H, M, N, O, F, G, I, H, O, N, M, F, G, H, I]"
4699,4699,G,artificial,G,complete,"476 [A, B, D, C, E, F, G, I, H, M, N, O, F, G, I, H, O, N, M, F, G, H, I]"
4700,4700,E,artificial,D_Dupli,complete,"476 [A, B, D, C, E, F, G, I, H, M, N, O, F, G, I, H, O, N, M, F, G, H, I]"
4701,4701,C,artificial,D_Dupli,complete,"476 [A, B, D, C, E, F, G, I, H, M, N, O, F, G, I, H, O, N, M, F, G, H, I]"
4702,4702,D,artificial,D_Dupli,complete,"476 [A, B, D, C, E, F, G, I, H, M, N, O, F, G, I, H, O, N, M, F, G, H, I]"
4703,4703,B,artificial,D_Dupli,complete,"476 [A, B, D, C, E, F, G, I, H, M, N, O, F, G, I, H, O, N, M, F, G, H, I]"
4704,4704,A,artificial,A,complete,"476 [A, B, D, C, E, F, G, I, H, M, N, O, F, G, I, H, O, N, M, F, G, H, I]"
4705,4705,N,artificial,N,complete,"476 [A, B, D, C, E, F, G, I, H, M, N, O, F, G, I, H, O, N, M, F, G, H, I]"
4706,4706,F,artificial,F,complete,"477 [B, A, D, C, E, F, G, I, H]"
4707,4707,I,artificial,I,complete,"477 [B, A, D, C, E, F, G, I, H]"
4708,4708,G,artificial,G,complete,"477 [B, A, D, C, E, F, G, I, H]"
4709,4709,E,artificial,D_Dupli,complete,"477 [B, A, D, C, E, F, G, I, H]"
4710,4710,H,artificial,H,complete,"477 [B, A, D, C, E, F, G, I, H]"
4711,4711,D,artificial,D_Dupli,complete,"477 [B, A, D, C, E, F, G, I, H]"
4712,4712,B,artificial,D_Dupli,complete,"477 [B, A, D, C, E, F, G, I, H]"
4713,4713,C,artificial,D_Dupli,complete,"477 [B, A, D, C, E, F, G, I, H]"
4714,4714,A,artificial,A,complete,"477 [B, A, D, C, E, F, G, I, H]"
4715,4715,A,artificial,A,complete,"478 [A, B, C, D, E, F, G, H, I]"
4716,4716,B,artificial,D_Dupli,complete,"478 [A, B, C, D, E, F, G, H, I]"
4717,4717,C,artificial,D_Dupli,complete,"478 [A, B, C, D, E, F, G, H, I]"
4718,4718,D,artificial,D_Dupli,complete,"478 [A, B, C, D, E, F, G, H, I]"
4719,4719,E,artificial,D_Dupli,complete,"478 [A, B, C, D, E, F, G, H, I]"
4720,4720,F,artificial,F,complete,"478 [A, B, C, D, E, F, G, H, I]"
4721,4721,G,artificial,G,complete,"478 [A, B, C, D, E, F, G, H, I]"
4722,4722,H,artificial,H,complete,"478 [A, B, C, D, E, F, G, H, I]"
4723,4723,I,artificial,I,complete,"478 [A, B, C, D, E, F, G, H, I]"
4724,4724,C,artificial,D_Dupli,complete,"479 [B, A, D, E, C, F, G, H, I]"
4725,4725,I,artificial,I,complete,"479 [B, A, D, E, C, F, G, H, I]"
4726,4726,H,artificial,H,complete,"479 [B, A, D, E, C, F, G, H, I]"
4727,4727,G,artificial,G,complete,"479 [B, A, D, E, C, F, G, H, I]"
4728,4728,F,artificial,F,complete,"479 [B, A, D, E, C, F, G, H, I]"
4729,4729,E,artificial,D_Dupli,complete,"479 [B, A, D, E, C, F, G, H, I]"
4730,4730,D,artificial,D_Dupli,complete,"479 [B, A, D, E, C, F, G, H, I]"
4731,4731,A,artificial,A,complete,"479 [B, A, D, E, C, F, G, H, I]"
4732,4732,B,artificial,D_Dupli,complete,"479 [B, A, D, E, C, F, G, H, I]"
4733,4733,F,artificial,F,complete,"48 [A, B, C, D, E, F, G, I, H, O, N, M, F, G, H, I]"
4734,4734,M,artificial,M,complete,"48 [A, B, C, D, E, F, G, I, H, O, N, M, F, G, H, I]"
4735,4735,N,artificial,N,complete,"48 [A, B, C, D, E, F, G, I, H, O, N, M, F, G, H, I]"
4736,4736,O,artificial,O,complete,"48 [A, B, C, D, E, F, G, I, H, O, N, M, F, G, H, I]"
4737,4737,H,artificial,H,complete,"48 [A, B, C, D, E, F, G, I, H, O, N, M, F, G, H, I]"
4738,4738,I,artificial,I,complete,"48 [A, B, C, D, E, F, G, I, H, O, N, M, F, G, H, I]"
4739,4739,G,artificial,G,complete,"48 [A, B, C, D, E, F, G, I, H, O, N, M, F, G, H, I]"
4740,4740,F,artificial,F,complete,"48 [A, B, C, D, E, F, G, I, H, O, N, M, F, G, H, I]"
4741,4741,E,artificial,D_Dupli,complete,"48 [A, B, C, D, E, F, G, I, H, O, N, M, F, G, H, I]"
4742,4742,D,artificial,D_Dupli,complete,"48 [A, B, C, D, E, F, G, I, H, O, N, M, F, G, H, I]"
4743,4743,C,artificial,D_Dupli,complete,"48 [A, B, C, D, E, F, G, I, H, O, N, M, F, G, H, I]"
4744,4744,B,artificial,D_Dupli,complete,"48 [A, B, C, D, E, F, G, I, H, O, N, M, F, G, H, I]"
4745,4745,G,artificial,G,complete,"48 [A, B, C, D, E, F, G, I, H, O, N, M, F, G, H, I]"
4746,4746,I,artificial,I,complete,"48 [A, B, C, D, E, F, G, I, H, O, N, M, F, G, H, I]"
4747,4747,A,artificial,A,complete,"48 [A, B, C, D, E, F, G, I, H, O, N, M, F, G, H, I]"
4748,4748,H,artificial,H,complete,"48 [A, B, C, D, E, F, G, I, H, O, N, M, F, G, H, I]"
4749,4749,G,artificial,G,complete,"480 [A, B, D, C, E, F, G, I, H, N, M, O, F, G, I, H]"
4750,4750,N,artificial,N,complete,"480 [A, B, D, C, E, F, G, I, H, N, M, O, F, G, I, H]"
4751,4751,H,artificial,H,complete,"480 [A, B, D, C, E, F, G, I, H, N, M, O, F, G, I, H]"
4752,4752,I,artificial,I,complete,"480 [A, B, D, C, E, F, G, I, H, N, M, O, F, G, I, H]"
4753,4753,G,artificial,G,complete,"480 [A, B, D, C, E, F, G, I, H, N, M, O, F, G, I, H]"
4754,4754,F,artificial,F,complete,"480 [A, B, D, C, E, F, G, I, H, N, M, O, F, G, I, H]"
4755,4755,E,artificial,D_Dupli,complete,"480 [A, B, D, C, E, F, G, I, H, N, M, O, F, G, I, H]"
4756,4756,D,artificial,D_Dupli,complete,"480 [A, B, D, C, E, F, G, I, H, N, M, O, F, G, I, H]"
4757,4757,M,artificial,M,complete,"480 [A, B, D, C, E, F, G, I, H, N, M, O, F, G, I, H]"
4758,4758,B,artificial,D_Dupli,complete,"480 [A, B, D, C, E, F, G, I, H, N, M, O, F, G, I, H]"
4759,4759,A,artificial,A,complete,"480 [A, B, D, C, E, F, G, I, H, N, M, O, F, G, I, H]"
4760,4760,O,artificial,O,complete,"480 [A, B, D, C, E, F, G, I, H, N, M, O, F, G, I, H]"
4761,4761,H,artificial,H,complete,"480 [A, B, D, C, E, F, G, I, H, N, M, O, F, G, I, H]"
4762,4762,I,artificial,I,complete,"480 [A, B, D, C, E, F, G, I, H, N, M, O, F, G, I, H]"
4763,4763,C,artificial,D_Dupli,complete,"480 [A, B, D, C, E, F, G, I, H, N, M, O, F, G, I, H]"
4764,4764,F,artificial,F,complete,"480 [A, B, D, C, E, F, G, I, H, N, M, O, F, G, I, H]"
4765,4765,A,artificial,A,complete,"481 [B, A, C, E, D, F, G, I, H]"
4766,4766,B,artificial,D_Dupli,complete,"481 [B, A, C, E, D, F, G, I, H]"
4767,4767,C,artificial,D_Dupli,complete,"481 [B, A, C, E, D, F, G, I, H]"
4768,4768,E,artificial,D_Dupli,complete,"481 [B, A, C, E, D, F, G, I, H]"
4769,4769,D,artificial,D_Dupli,complete,"481 [B, A, C, E, D, F, G, I, H]"
4770,4770,F,artificial,F,complete,"481 [B, A, C, E, D, F, G, I, H]"
4771,4771,G,artificial,G,complete,"481 [B, A, C, E, D, F, G, I, H]"
4772,4772,I,artificial,I,complete,"481 [B, A, C, E, D, F, G, I, H]"
4773,4773,H,artificial,H,complete,"481 [B, A, C, E, D, F, G, I, H]"
4774,4774,H,artificial,H,complete,"482 [B, A, C, E, D, F, G, H, I]"
4775,4775,B,artificial,D_Dupli,complete,"482 [B, A, C, E, D, F, G, H, I]"
4776,4776,A,artificial,A,complete,"482 [B, A, C, E, D, F, G, H, I]"
4777,4777,C,artificial,D_Dupli,complete,"482 [B, A, C, E, D, F, G, H, I]"
4778,4778,E,artificial,D_Dupli,complete,"482 [B, A, C, E, D, F, G, H, I]"
4779,4779,D,artificial,D_Dupli,complete,"482 [B, A, C, E, D, F, G, H, I]"
4780,4780,F,artificial,F,complete,"482 [B, A, C, E, D, F, G, H, I]"
4781,4781,I,artificial,I,complete,"482 [B, A, C, E, D, F, G, H, I]"
4782,4782,G,artificial,G,complete,"482 [B, A, C, E, D, F, G, H, I]"
4783,4783,H,artificial,H,complete,"483 [A, B, E, D, C, F, G, I, H]"
4784,4784,I,artificial,I,complete,"483 [A, B, E, D, C, F, G, I, H]"
4785,4785,G,artificial,G,complete,"483 [A, B, E, D, C, F, G, I, H]"
4786,4786,F,artificial,F,complete,"483 [A, B, E, D, C, F, G, I, H]"
4787,4787,C,artificial,D_Dupli,complete,"483 [A, B, E, D, C, F, G, I, H]"
4788,4788,D,artificial,D_Dupli,complete,"483 [A, B, E, D, C, F, G, I, H]"
4789,4789,E,artificial,D_Dupli,complete,"483 [A, B, E, D, C, F, G, I, H]"
4790,4790,A,artificial,A,complete,"483 [A, B, E, D, C, F, G, I, H]"
4791,4791,B,artificial,D_Dupli,complete,"483 [A, B, E, D, C, F, G, I, H]"
4792,4792,B,artificial,D_Dupli,complete,"484 [B, A, D, E, C, F, G, H, I]"
4793,4793,E,artificial,D_Dupli,complete,"484 [B, A, D, E, C, F, G, H, I]"
4794,4794,F,artificial,F,complete,"484 [B, A, D, E, C, F, G, H, I]"
4795,4795,G,artificial,G,complete,"484 [B, A, D, E, C, F, G, H, I]"
4796,4796,H,artificial,H,complete,"484 [B, A, D, E, C, F, G, H, I]"
4797,4797,I,artificial,I,complete,"484 [B, A, D, E, C, F, G, H, I]"
4798,4798,D,artificial,D_Dupli,complete,"484 [B, A, D, E, C, F, G, H, I]"
4799,4799,A,artificial,A,complete,"484 [B, A, D, E, C, F, G, H, I]"
4800,4800,C,artificial,D_Dupli,complete,"484 [B, A, D, E, C, F, G, H, I]"
4801,4801,A,artificial,A,complete,"485 [A, B, D, E, C, F, G, H, I, M, O, N, F, G, H, I]"
4802,4802,B,artificial,D_Dupli,complete,"485 [A, B, D, E, C, F, G, H, I, M, O, N, F, G, H, I]"
4803,4803,D,artificial,D_Dupli,complete,"485 [A, B, D, E, C, F, G, H, I, M, O, N, F, G, H, I]"
4804,4804,E,artificial,D_Dupli,complete,"485 [A, B, D, E, C, F, G, H, I, M, O, N, F, G, H, I]"
4805,4805,C,artificial,D_Dupli,complete,"485 [A, B, D, E, C, F, G, H, I, M, O, N, F, G, H, I]"
4806,4806,F,artificial,F,complete,"485 [A, B, D, E, C, F, G, H, I, M, O, N, F, G, H, I]"
4807,4807,G,artificial,G,complete,"485 [A, B, D, E, C, F, G, H, I, M, O, N, F, G, H, I]"
4808,4808,H,artificial,H,complete,"485 [A, B, D, E, C, F, G, H, I, M, O, N, F, G, H, I]"
4809,4809,N,artificial,N,complete,"485 [A, B, D, E, C, F, G, H, I, M, O, N, F, G, H, I]"
4810,4810,I,artificial,I,complete,"485 [A, B, D, E, C, F, G, H, I, M, O, N, F, G, H, I]"
4811,4811,H,artificial,H,complete,"485 [A, B, D, E, C, F, G, H, I, M, O, N, F, G, H, I]"
4812,4812,G,artificial,G,complete,"485 [A, B, D, E, C, F, G, H, I, M, O, N, F, G, H, I]"
4813,4813,F,artificial,F,complete,"485 [A, B, D, E, C, F, G, H, I, M, O, N, F, G, H, I]"
4814,4814,I,artificial,I,complete,"485 [A, B, D, E, C, F, G, H, I, M, O, N, F, G, H, I]"
4815,4815,M,artificial,M,complete,"485 [A, B, D, E, C, F, G, H, I, M, O, N, F, G, H, I]"
4816,4816,O,artificial,O,complete,"485 [A, B, D, E, C, F, G, H, I, M, O, N, F, G, H, I]"
4817,4817,E,artificial,D_Dupli,complete,"486 [B, A, D, C, E, F, G, I, H]"
4818,4818,C,artificial,D_Dupli,complete,"486 [B, A, D, C, E, F, G, I, H]"
4819,4819,D,artificial,D_Dupli,complete,"486 [B, A, D, C, E, F, G, I, H]"
4820,4820,A,artificial,A,complete,"486 [B, A, D, C, E, F, G, I, H]"
4821,4821,F,artificial,F,complete,"486 [B, A, D, C, E, F, G, I, H]"
4822,4822,B,artificial,D_Dupli,complete,"486 [B, A, D, C, E, F, G, I, H]"
4823,4823,I,artificial,I,complete,"486 [B, A, D, C, E, F, G, I, H]"
4824,4824,H,artificial,H,complete,"486 [B, A, D, C, E, F, G, I, H]"
4825,4825,G,artificial,G,complete,"486 [B, A, D, C, E, F, G, I, H]"
4826,4826,I,artificial,I,complete,"487 [B, A, E, D, C, F, G, H, I]"
4827,4827,H,artificial,H,complete,"487 [B, A, E, D, C, F, G, H, I]"
4828,4828,G,artificial,G,complete,"487 [B, A, E, D, C, F, G, H, I]"
4829,4829,F,artificial,F,complete,"487 [B, A, E, D, C, F, G, H, I]"
4830,4830,C,artificial,D_Dupli,complete,"487 [B, A, E, D, C, F, G, H, I]"
4831,4831,D,artificial,D_Dupli,complete,"487 [B, A, E, D, C, F, G, H, I]"
4832,4832,E,artificial,D_Dupli,complete,"487 [B, A, E, D, C, F, G, H, I]"
4833,4833,A,artificial,A,complete,"487 [B, A, E, D, C, F, G, H, I]"
4834,4834,B,artificial,D_Dupli,complete,"487 [B, A, E, D, C, F, G, H, I]"
4835,4835,I,artificial,I,complete,"488 [A, B, E, C, D, F, G, H, I, M, O, N, F, G, I, H, N, M, O, F, G, H, I]"
4836,4836,H,artificial,H,complete,"488 [A, B, E, C, D, F, G, H, I, M, O, N, F, G, I, H, N, M, O, F, G, H, I]"
4837,4837,G,artificial,G,complete,"488 [A, B, E, C, D, F, G, H, I, M, O, N, F, G, I, H, N, M, O, F, G, H, I]"
4838,4838,F,artificial,F,complete,"488 [A, B, E, C, D, F, G, H, I, M, O, N, F, G, I, H, N, M, O, F, G, H, I]"
4839,4839,M,artificial,M,complete,"488 [A, B, E, C, D, F, G, H, I, M, O, N, F, G, I, H, N, M, O, F, G, H, I]"
4840,4840,N,artificial,N,complete,"488 [A, B, E, C, D, F, G, H, I, M, O, N, F, G, I, H, N, M, O, F, G, H, I]"
4841,4841,A,artificial,A,complete,"488 [A, B, E, C, D, F, G, H, I, M, O, N, F, G, I, H, N, M, O, F, G, H, I]"
4842,4842,B,artificial,D_Dupli,complete,"488 [A, B, E, C, D, F, G, H, I, M, O, N, F, G, I, H, N, M, O, F, G, H, I]"
4843,4843,E,artificial,D_Dupli,complete,"488 [A, B, E, C, D, F, G, H, I, M, O, N, F, G, I, H, N, M, O, F, G, H, I]"
4844,4844,C,artificial,D_Dupli,complete,"488 [A, B, E, C, D, F, G, H, I, M, O, N, F, G, I, H, N, M, O, F, G, H, I]"
4845,4845,D,artificial,D_Dupli,complete,"488 [A, B, E, C, D, F, G, H, I, M, O, N, F, G, I, H, N, M, O, F, G, H, I]"
4846,4846,F,artificial,F,complete,"488 [A, B, E, C, D, F, G, H, I, M, O, N, F, G, I, H, N, M, O, F, G, H, I]"
4847,4847,G,artificial,G,complete,"488 [A, B, E, C, D, F, G, H, I, M, O, N, F, G, I, H, N, M, O, F, G, H, I]"
4848,4848,H,artificial,H,complete,"488 [A, B, E, C, D, F, G, H, I, M, O, N, F, G, I, H, N, M, O, F, G, H, I]"
4849,4849,I,artificial,I,complete,"488 [A, B, E, C, D, F, G, H, I, M, O, N, F, G, I, H, N, M, O, F, G, H, I]"
4850,4850,O,artificial,O,complete,"488 [A, B, E, C, D, F, G, H, I, M, O, N, F, G, I, H, N, M, O, F, G, H, I]"
4851,4851,N,artificial,N,complete,"488 [A, B, E, C, D, F, G, H, I, M, O, N, F, G, I, H, N, M, O, F, G, H, I]"
4852,4852,O,artificial,O,complete,"488 [A, B, E, C, D, F, G, H, I, M, O, N, F, G, I, H, N, M, O, F, G, H, I]"
4853,4853,F,artificial,F,complete,"488 [A, B, E, C, D, F, G, H, I, M, O, N, F, G, I, H, N, M, O, F, G, H, I]"
4854,4854,I,artificial,I,complete,"488 [A, B, E, C, D, F, G, H, I, M, O, N, F, G, I, H, N, M, O, F, G, H, I]"
4855,4855,H,artificial,H,complete,"488 [A, B, E, C, D, F, G, H, I, M, O, N, F, G, I, H, N, M, O, F, G, H, I]"
4856,4856,G,artificial,G,complete,"488 [A, B, E, C, D, F, G, H, I, M, O, N, F, G, I, H, N, M, O, F, G, H, I]"
4857,4857,M,artificial,M,complete,"488 [A, B, E, C, D, F, G, H, I, M, O, N, F, G, I, H, N, M, O, F, G, H, I]"
4858,4858,D,artificial,D_Dupli,complete,"489 [A, B, E, D, C, F, G, I, H]"
4859,4859,C,artificial,D_Dupli,complete,"489 [A, B, E, D, C, F, G, I, H]"
4860,4860,F,artificial,F,complete,"489 [A, B, E, D, C, F, G, I, H]"
4861,4861,G,artificial,G,complete,"489 [A, B, E, D, C, F, G, I, H]"
4862,4862,I,artificial,I,complete,"489 [A, B, E, D, C, F, G, I, H]"
4863,4863,H,artificial,H,complete,"489 [A, B, E, D, C, F, G, I, H]"
4864,4864,E,artificial,D_Dupli,complete,"489 [A, B, E, D, C, F, G, I, H]"
4865,4865,B,artificial,D_Dupli,complete,"489 [A, B, E, D, C, F, G, I, H]"
4866,4866,A,artificial,A,complete,"489 [A, B, E, D, C, F, G, I, H]"
4867,4867,B,artificial,D_Dupli,complete,"49 [A, B, D, C, E, F, G, H, I]"
4868,4868,D,artificial,D_Dupli,complete,"49 [A, B, D, C, E, F, G, H, I]"
4869,4869,C,artificial,D_Dupli,complete,"49 [A, B, D, C, E, F, G, H, I]"
4870,4870,E,artificial,D_Dupli,complete,"49 [A, B, D, C, E, F, G, H, I]"
4871,4871,F,artificial,F,complete,"49 [A, B, D, C, E, F, G, H, I]"
4872,4872,G,artificial,G,complete,"49 [A, B, D, C, E, F, G, H, I]"
4873,4873,H,artificial,H,complete,"49 [A, B, D, C, E, F, G, H, I]"
4874,4874,I,artificial,I,complete,"49 [A, B, D, C, E, F, G, H, I]"
4875,4875,A,artificial,A,complete,"49 [A, B, D, C, E, F, G, H, I]"
4876,4876,H,artificial,H,complete,"490 [B, A, D, C, E, F, G, H, I, M, O, N, F, G, I, H, J, K, L, J, K, L, J, K, L, J, K, F, G, H, I]"
4877,4877,J,artificial,J,complete,"490 [B, A, D, C, E, F, G, H, I, M, O, N, F, G, I, H, J, K, L, J, K, L, J, K, L, J, K, F, G, H, I]"
4878,4878,K,artificial,K,complete,"490 [B, A, D, C, E, F, G, H, I, M, O, N, F, G, I, H, J, K, L, J, K, L, J, K, L, J, K, F, G, H, I]"
4879,4879,L,artificial,L,complete,"490 [B, A, D, C, E, F, G, H, I, M, O, N, F, G, I, H, J, K, L, J, K, L, J, K, L, J, K, F, G, H, I]"
4880,4880,J,artificial,J,complete,"490 [B, A, D, C, E, F, G, H, I, M, O, N, F, G, I, H, J, K, L, J, K, L, J, K, L, J, K, F, G, H, I]"
4881,4881,K,artificial,K,complete,"490 [B, A, D, C, E, F, G, H, I, M, O, N, F, G, I, H, J, K, L, J, K, L, J, K, L, J, K, F, G, H, I]"
4882,4882,L,artificial,L,complete,"490 [B, A, D, C, E, F, G, H, I, M, O, N, F, G, I, H, J, K, L, J, K, L, J, K, L, J, K, F, G, H, I]"
4883,4883,J,artificial,J,complete,"490 [B, A, D, C, E, F, G, H, I, M, O, N, F, G, I, H, J, K, L, J, K, L, J, K, L, J, K, F, G, H, I]"
4884,4884,K,artificial,K,complete,"490 [B, A, D, C, E, F, G, H, I, M, O, N, F, G, I, H, J, K, L, J, K, L, J, K, L, J, K, F, G, H, I]"
4885,4885,J,artificial,J,complete,"490 [B, A, D, C, E, F, G, H, I, M, O, N, F, G, I, H, J, K, L, J, K, L, J, K, L, J, K, F, G, H, I]"
4886,4886,K,artificial,K,complete,"490 [B, A, D, C, E, F, G, H, I, M, O, N, F, G, I, H, J, K, L, J, K, L, J, K, L, J, K, F, G, H, I]"
4887,4887,F,artificial,F,complete,"490 [B, A, D, C, E, F, G, H, I, M, O, N, F, G, I, H, J, K, L, J, K, L, J, K, L, J, K, F, G, H, I]"
4888,4888,L,artificial,L,complete,"490 [B, A, D, C, E, F, G, H, I, M, O, N, F, G, I, H, J, K, L, J, K, L, J, K, L, J, K, F, G, H, I]"
4889,4889,G,artificial,G,complete,"490 [B, A, D, C, E, F, G, H, I, M, O, N, F, G, I, H, J, K, L, J, K, L, J, K, L, J, K, F, G, H, I]"
4890,4890,I,artificial,I,complete,"490 [B, A, D, C, E, F, G, H, I, M, O, N, F, G, I, H, J, K, L, J, K, L, J, K, L, J, K, F, G, H, I]"
4891,4891,N,artificial,N,complete,"490 [B, A, D, C, E, F, G, H, I, M, O, N, F, G, I, H, J, K, L, J, K, L, J, K, L, J, K, F, G, H, I]"
4892,4892,H,artificial,H,complete,"490 [B, A, D, C, E, F, G, H, I, M, O, N, F, G, I, H, J, K, L, J, K, L, J, K, L, J, K, F, G, H, I]"
4893,4893,I,artificial,I,complete,"490 [B, A, D, C, E, F, G, H, I, M, O, N, F, G, I, H, J, K, L, J, K, L, J, K, L, J, K, F, G, H, I]"
4894,4894,F,artificial,F,complete,"490 [B, A, D, C, E, F, G, H, I, M, O, N, F, G, I, H, J, K, L, J, K, L, J, K, L, J, K, F, G, H, I]"
4895,4895,A,artificial,A,complete,"490 [B, A, D, C, E, F, G, H, I, M, O, N, F, G, I, H, J, K, L, J, K, L, J, K, L, J, K, F, G, H, I]"
4896,4896,D,artificial,D_Dupli,complete,"490 [B, A, D, C, E, F, G, H, I, M, O, N, F, G, I, H, J, K, L, J, K, L, J, K, L, J, K, F, G, H, I]"
4897,4897,C,artificial,D_Dupli,complete,"490 [B, A, D, C, E, F, G, H, I, M, O, N, F, G, I, H, J, K, L, J, K, L, J, K, L, J, K, F, G, H, I]"
4898,4898,B,artificial,D_Dupli,complete,"490 [B, A, D, C, E, F, G, H, I, M, O, N, F, G, I, H, J, K, L, J, K, L, J, K, L, J, K, F, G, H, I]"
4899,4899,F,artificial,F,complete,"490 [B, A, D, C, E, F, G, H, I, M, O, N, F, G, I, H, J, K, L, J, K, L, J, K, L, J, K, F, G, H, I]"
4900,4900,G,artificial,G,complete,"490 [B, A, D, C, E, F, G, H, I, M, O, N, F, G, I, H, J, K, L, J, K, L, J, K, L, J, K, F, G, H, I]"
4901,4901,H,artificial,H,complete,"490 [B, A, D, C, E, F, G, H, I, M, O, N, F, G, I, H, J, K, L, J, K, L, J, K, L, J, K, F, G, H, I]"
4902,4902,I,artificial,I,complete,"490 [B, A, D, C, E, F, G, H, I, M, O, N, F, G, I, H, J, K, L, J, K, L, J, K, L, J, K, F, G, H, I]"
4903,4903,M,artificial,M,complete,"490 [B, A, D, C, E, F, G, H, I, M, O, N, F, G, I, H, J, K, L, J, K, L, J, K, L, J, K, F, G, H, I]"
4904,4904,O,artificial,O,complete,"490 [B, A, D, C, E, F, G, H, I, M, O, N, F, G, I, H, J, K, L, J, K, L, J, K, L, J, K, F, G, H, I]"
4905,4905,E,artificial,D_Dupli,complete,"490 [B, A, D, C, E, F, G, H, I, M, O, N, F, G, I, H, J, K, L, J, K, L, J, K, L, J, K, F, G, H, I]"
4906,4906,G,artificial,G,complete,"490 [B, A, D, C, E, F, G, H, I, M, O, N, F, G, I, H, J, K, L, J, K, L, J, K, L, J, K, F, G, H, I]"
4907,4907,A,artificial,A,complete,"491 [A, B, E, D, C, F, G, I, H]"
4908,4908,B,artificial,D_Dupli,complete,"491 [A, B, E, D, C, F, G, I, H]"
4909,4909,E,artificial,D_Dupli,complete,"491 [A, B, E, D, C, F, G, I, H]"
4910,4910,D,artificial,D_Dupli,complete,"491 [A, B, E, D, C, F, G, I, H]"
4911,4911,F,artificial,F,complete,"491 [A, B, E, D, C, F, G, I, H]"
4912,4912,G,artificial,G,complete,"491 [A, B, E, D, C, F, G, I, H]"
4913,4913,I,artificial,I,complete,"491 [A, B, E, D, C, F, G, I, H]"
4914,4914,H,artificial,H,complete,"491 [A, B, E, D, C, F, G, I, H]"
4915,4915,C,artificial,D_Dupli,complete,"491 [A, B, E, D, C, F, G, I, H]"
4916,4916,A,artificial,A,complete,"492 [B, A, D, C, E, F, G, I, H, M, O, N, F, G, H, I]"
4917,4917,C,artificial,D_Dupli,complete,"492 [B, A, D, C, E, F, G, I, H, M, O, N, F, G, H, I]"
4918,4918,E,artificial,D_Dupli,complete,"492 [B, A, D, C, E, F, G, I, H, M, O, N, F, G, H, I]"
4919,4919,F,artificial,F,complete,"492 [B, A, D, C, E, F, G, I, H, M, O, N, F, G, H, I]"
4920,4920,G,artificial,G,complete,"492 [B, A, D, C, E, F, G, I, H, M, O, N, F, G, H, I]"
4921,4921,I,artificial,I,complete,"492 [B, A, D, C, E, F, G, I, H, M, O, N, F, G, H, I]"
4922,4922,H,artificial,H,complete,"492 [B, A, D, C, E, F, G, I, H, M, O, N, F, G, H, I]"
4923,4923,M,artificial,M,complete,"492 [B, A, D, C, E, F, G, I, H, M, O, N, F, G, H, I]"
4924,4924,O,artificial,O,complete,"492 [B, A, D, C, E, F, G, I, H, M, O, N, F, G, H, I]"
4925,4925,N,artificial,N,complete,"492 [B, A, D, C, E, F, G, I, H, M, O, N, F, G, H, I]"
4926,4926,F,artificial,F,complete,"492 [B, A, D, C, E, F, G, I, H, M, O, N, F, G, H, I]"
4927,4927,G,artificial,G,complete,"492 [B, A, D, C, E, F, G, I, H, M, O, N, F, G, H, I]"
4928,4928,H,artificial,H,complete,"492 [B, A, D, C, E, F, G, I, H, M, O, N, F, G, H, I]"
4929,4929,I,artificial,I,complete,"492 [B, A, D, C, E, F, G, I, H, M, O, N, F, G, H, I]"
4930,4930,D,artificial,D_Dupli,complete,"492 [B, A, D, C, E, F, G, I, H, M, O, N, F, G, H, I]"
4931,4931,B,artificial,D_Dupli,complete,"492 [B, A, D, C, E, F, G, I, H, M, O, N, F, G, H, I]"
4932,4932,A,artificial,A,complete,"493 [A, B, C, E, D, F, G, I, H]"
4933,4933,B,artificial,D_Dupli,complete,"493 [A, B, C, E, D, F, G, I, H]"
4934,4934,C,artificial,D_Dupli,complete,"493 [A, B, C, E, D, F, G, I, H]"
4935,4935,E,artificial,D_Dupli,complete,"493 [A, B, C, E, D, F, G, I, H]"
4936,4936,D,artificial,D_Dupli,complete,"493 [A, B, C, E, D, F, G, I, H]"
4937,4937,F,artificial,F,complete,"493 [A, B, C, E, D, F, G, I, H]"
4938,4938,G,artificial,G,complete,"493 [A, B, C, E, D, F, G, I, H]"
4939,4939,I,artificial,I,complete,"493 [A, B, C, E, D, F, G, I, H]"
4940,4940,H,artificial,H,complete,"493 [A, B, C, E, D, F, G, I, H]"
4941,4941,B,artificial,D_Dupli,complete,"494 [B, A, C, E, D, F, G, H, I]"
4942,4942,C,artificial,D_Dupli,complete,"494 [B, A, C, E, D, F, G, H, I]"
4943,4943,E,artificial,D_Dupli,complete,"494 [B, A, C, E, D, F, G, H, I]"
4944,4944,I,artificial,I,complete,"494 [B, A, C, E, D, F, G, H, I]"
4945,4945,A,artificial,A,complete,"494 [B, A, C, E, D, F, G, H, I]"
4946,4946,G,artificial,G,complete,"494 [B, A, C, E, D, F, G, H, I]"
4947,4947,D,artificial,D_Dupli,complete,"494 [B, A, C, E, D, F, G, H, I]"
4948,4948,H,artificial,H,complete,"494 [B, A, C, E, D, F, G, H, I]"
4949,4949,F,artificial,F,complete,"494 [B, A, C, E, D, F, G, H, I]"
4950,4950,I,artificial,I,complete,"495 [A, B, C, D, E, F, G, H, I]"
4951,4951,H,artificial,H,complete,"495 [A, B, C, D, E, F, G, H, I]"
4952,4952,G,artificial,G,complete,"495 [A, B, C, D, E, F, G, H, I]"
4953,4953,E,artificial,D_Dupli,complete,"495 [A, B, C, D, E, F, G, H, I]"
4954,4954,D,artificial,D_Dupli,complete,"495 [A, B, C, D, E, F, G, H, I]"
4955,4955,C,artificial,D_Dupli,complete,"495 [A, B, C, D, E, F, G, H, I]"
4956,4956,B,artificial,D_Dupli,complete,"495 [A, B, C, D, E, F, G, H, I]"
4957,4957,A,artificial,A,complete,"495 [A, B, C, D, E, F, G, H, I]"
4958,4958,F,artificial,F,complete,"495 [A, B, C, D, E, F, G, H, I]"
4959,4959,D,artificial,D_Dupli,complete,"496 [B, A, D, C, E, F, G, H, I]"
4960,4960,C,artificial,D_Dupli,complete,"496 [B, A, D, C, E, F, G, H, I]"
4961,4961,E,artificial,D_Dupli,complete,"496 [B, A, D, C, E, F, G, H, I]"
4962,4962,F,artificial,F,complete,"496 [B, A, D, C, E, F, G, H, I]"
4963,4963,G,artificial,G,complete,"496 [B, A, D, C, E, F, G, H, I]"
4964,4964,H,artificial,H,complete,"496 [B, A, D, C, E, F, G, H, I]"
4965,4965,I,artificial,I,complete,"496 [B, A, D, C, E, F, G, H, I]"
4966,4966,A,artificial,A,complete,"496 [B, A, D, C, E, F, G, H, I]"
4967,4967,B,artificial,D_Dupli,complete,"496 [B, A, D, C, E, F, G, H, I]"
4968,4968,C,artificial,D_Dupli,complete,"497 [A, B, C, D, E, F, G, I, H]"
4969,4969,A,artificial,A,complete,"497 [A, B, C, D, E, F, G, I, H]"
4970,4970,D,artificial,D_Dupli,complete,"497 [A, B, C, D, E, F, G, I, H]"
4971,4971,E,artificial,D_Dupli,complete,"497 [A, B, C, D, E, F, G, I, H]"
4972,4972,F,artificial,F,complete,"497 [A, B, C, D, E, F, G, I, H]"
4973,4973,G,artificial,G,complete,"497 [A, B, C, D, E, F, G, I, H]"
4974,4974,I,artificial,I,complete,"497 [A, B, C, D, E, F, G, I, H]"
4975,4975,H,artificial,H,complete,"497 [A, B, C, D, E, F, G, I, H]"
4976,4976,B,artificial,D_Dupli,complete,"497 [A, B, C, D, E, F, G, I, H]"
4977,4977,K,artificial,K,complete,"498 [B, A, D, C, E, F, G, I, H, J, K, L, J, K, F, G, H, I]"
4978,4978,B,artificial,D_Dupli,complete,"498 [B, A, D, C, E, F, G, I, H, J, K, L, J, K, F, G, H, I]"
4979,4979,J,artificial,J,complete,"498 [B, A, D, C, E, F, G, I, H, J, K, L, J, K, F, G, H, I]"
4980,4980,A,artificial,A,complete,"498 [B, A, D, C, E, F, G, I, H, J, K, L, J, K, F, G, H, I]"
4981,4981,L,artificial,L,complete,"498 [B, A, D, C, E, F, G, I, H, J, K, L, J, K, F, G, H, I]"
4982,4982,G,artificial,G,complete,"498 [B, A, D, C, E, F, G, I, H, J, K, L, J, K, F, G, H, I]"
4983,4983,F,artificial,F,complete,"498 [B, A, D, C, E, F, G, I, H, J, K, L, J, K, F, G, H, I]"
4984,4984,K,artificial,K,complete,"498 [B, A, D, C, E, F, G, I, H, J, K, L, J, K, F, G, H, I]"
4985,4985,D,artificial,D_Dupli,complete,"498 [B, A, D, C, E, F, G, I, H, J, K, L, J, K, F, G, H, I]"
4986,4986,C,artificial,D_Dupli,complete,"498 [B, A, D, C, E, F, G, I, H, J, K, L, J, K, F, G, H, I]"
4987,4987,E,artificial,D_Dupli,complete,"498 [B, A, D, C, E, F, G, I, H, J, K, L, J, K, F, G, H, I]"
4988,4988,F,artificial,F,complete,"498 [B, A, D, C, E, F, G, I, H, J, K, L, J, K, F, G, H, I]"
4989,4989,G,artificial,G,complete,"498 [B, A, D, C, E, F, G, I, H, J, K, L, J, K, F, G, H, I]"
4990,4990,I,artificial,I,complete,"498 [B, A, D, C, E, F, G, I, H, J, K, L, J, K, F, G, H, I]"
4991,4991,H,artificial,H,complete,"498 [B, A, D, C, E, F, G, I, H, J, K, L, J, K, F, G, H, I]"
4992,4992,J,artificial,J,complete,"498 [B, A, D, C, E, F, G, I, H, J, K, L, J, K, F, G, H, I]"
4993,4993,H,artificial,H,complete,"498 [B, A, D, C, E, F, G, I, H, J, K, L, J, K, F, G, H, I]"
4994,4994,I,artificial,I,complete,"498 [B, A, D, C, E, F, G, I, H, J, K, L, J, K, F, G, H, I]"
4995,4995,H,artificial,H,complete,"499 [A, B, D, C, E, F, G, H, I]"
4996,4996,G,artificial,G,complete,"499 [A, B, D, C, E, F, G, H, I]"
4997,4997,F,artificial,F,complete,"499 [A, B, D, C, E, F, G, H, I]"
4998,4998,E,artificial,D_Dupli,complete,"499 [A, B, D, C, E, F, G, H, I]"
4999,4999,C,artificial,D_Dupli,complete,"499 [A, B, D, C, E, F, G, H, I]"
5000,5000,D,artificial,D_Dupli,complete,"499 [A, B, D, C, E, F, G, H, I]"
5001,5001,B,artificial,D_Dupli,complete,"499 [A, B, D, C, E, F, G, H, I]"
5002,5002,A,artificial,A,complete,"499 [A, B, D, C, E, F, G, H, I]"
5003,5003,I,artificial,I,complete,"499 [A, B, D, C, E, F, G, H, I]"
5004,5004,A,artificial,A,complete,"5 [B, A, D, C, E, F, G, H, I]"
5005,5005,D,artificial,D_Dupli,complete,"5 [B, A, D, C, E, F, G, H, I]"
5006,5006,C,artificial,D_Dupli,complete,"5 [B, A, D, C, E, F, G, H, I]"
5007,5007,H,artificial,H,complete,"5 [B, A, D, C, E, F, G, H, I]"
5008,5008,F,artificial,F,complete,"5 [B, A, D, C, E, F, G, H, I]"
5009,5009,G,artificial,G,complete,"5 [B, A, D, C, E, F, G, H, I]"
5010,5010,I,artificial,I,complete,"5 [B, A, D, C, E, F, G, H, I]"
5011,5011,E,artificial,D_Dupli,complete,"5 [B, A, D, C, E, F, G, H, I]"
5012,5012,B,artificial,D_Dupli,complete,"5 [B, A, D, C, E, F, G, H, I]"
5013,5013,B,artificial,D_Dupli,complete,"50 [B, A, D, C, E, F, G, I, H, M, N, O, F, G, I, H]"
5014,5014,H,artificial,H,complete,"50 [B, A, D, C, E, F, G, I, H, M, N, O, F, G, I, H]"
5015,5015,D,artificial,D_Dupli,complete,"50 [B, A, D, C, E, F, G, I, H, M, N, O, F, G, I, H]"
5016,5016,C,artificial,D_Dupli,complete,"50 [B, A, D, C, E, F, G, I, H, M, N, O, F, G, I, H]"
5017,5017,E,artificial,D_Dupli,complete,"50 [B, A, D, C, E, F, G, I, H, M, N, O, F, G, I, H]"
5018,5018,F,artificial,F,complete,"50 [B, A, D, C, E, F, G, I, H, M, N, O, F, G, I, H]"
5019,5019,G,artificial,G,complete,"50 [B, A, D, C, E, F, G, I, H, M, N, O, F, G, I, H]"
5020,5020,I,artificial,I,complete,"50 [B, A, D, C, E, F, G, I, H, M, N, O, F, G, I, H]"
5021,5021,A,artificial,A,complete,"50 [B, A, D, C, E, F, G, I, H, M, N, O, F, G, I, H]"
5022,5022,M,artificial,M,complete,"50 [B, A, D, C, E, F, G, I, H, M, N, O, F, G, I, H]"
5023,5023,N,artificial,N,complete,"50 [B, A, D, C, E, F, G, I, H, M, N, O, F, G, I, H]"
5024,5024,O,artificial,O,complete,"50 [B, A, D, C, E, F, G, I, H, M, N, O, F, G, I, H]"
5025,5025,F,artificial,F,complete,"50 [B, A, D, C, E, F, G, I, H, M, N, O, F, G, I, H]"
5026,5026,G,artificial,G,complete,"50 [B, A, D, C, E, F, G, I, H, M, N, O, F, G, I, H]"
5027,5027,I,artificial,I,complete,"50 [B, A, D, C, E, F, G, I, H, M, N, O, F, G, I, H]"
5028,5028,H,artificial,H,complete,"50 [B, A, D, C, E, F, G, I, H, M, N, O, F, G, I, H]"
5029,5029,I,artificial,I,complete,"500 [B, A, C, D, E, F, G, I, H, J, K, F, G, H, I]"
5030,5030,H,artificial,H,complete,"500 [B, A, C, D, E, F, G, I, H, J, K, F, G, H, I]"
5031,5031,G,artificial,G,complete,"500 [B, A, C, D, E, F, G, I, H, J, K, F, G, H, I]"
5032,5032,F,artificial,F,complete,"500 [B, A, C, D, E, F, G, I, H, J, K, F, G, H, I]"
5033,5033,K,artificial,K,complete,"500 [B, A, C, D, E, F, G, I, H, J, K, F, G, H, I]"
5034,5034,J,artificial,J,complete,"500 [B, A, C, D, E, F, G, I, H, J, K, F, G, H, I]"
5035,5035,H,artificial,H,complete,"500 [B, A, C, D, E, F, G, I, H, J, K, F, G, H, I]"
5036,5036,G,artificial,G,complete,"500 [B, A, C, D, E, F, G, I, H, J, K, F, G, H, I]"
5037,5037,F,artificial,F,complete,"500 [B, A, C, D, E, F, G, I, H, J, K, F, G, H, I]"
5038,5038,D,artificial,D_Dupli,complete,"500 [B, A, C, D, E, F, G, I, H, J, K, F, G, H, I]"
5039,5039,C,artificial,D_Dupli,complete,"500 [B, A, C, D, E, F, G, I, H, J, K, F, G, H, I]"
5040,5040,A,artificial,A,complete,"500 [B, A, C, D, E, F, G, I, H, J, K, F, G, H, I]"
5041,5041,B,artificial,D_Dupli,complete,"500 [B, A, C, D, E, F, G, I, H, J, K, F, G, H, I]"
5042,5042,I,artificial,I,complete,"500 [B, A, C, D, E, F, G, I, H, J, K, F, G, H, I]"
5043,5043,E,artificial,D_Dupli,complete,"500 [B, A, C, D, E, F, G, I, H, J, K, F, G, H, I]"
5044,5044,I,artificial,I,complete,"501 [A, B, D, E, C, F, G, I, H]"
5045,5045,A,artificial,A,complete,"501 [A, B, D, E, C, F, G, I, H]"
5046,5046,B,artificial,D_Dupli,complete,"501 [A, B, D, E, C, F, G, I, H]"
5047,5047,D,artificial,D_Dupli,complete,"501 [A, B, D, E, C, F, G, I, H]"
5048,5048,E,artificial,D_Dupli,complete,"501 [A, B, D, E, C, F, G, I, H]"
5049,5049,C,artificial,D_Dupli,complete,"501 [A, B, D, E, C, F, G, I, H]"
5050,5050,F,artificial,F,complete,"501 [A, B, D, E, C, F, G, I, H]"
5051,5051,G,artificial,G,complete,"501 [A, B, D, E, C, F, G, I, H]"
5052,5052,H,artificial,H,complete,"501 [A, B, D, E, C, F, G, I, H]"
5053,5053,A,artificial,A,complete,"502 [A, B, C, D, E, F, G, H, I]"
5054,5054,I,artificial,I,complete,"502 [A, B, C, D, E, F, G, H, I]"
5055,5055,H,artificial,H,complete,"502 [A, B, C, D, E, F, G, H, I]"
5056,5056,G,artificial,G,complete,"502 [A, B, C, D, E, F, G, H, I]"
5057,5057,B,artificial,D_Dupli,complete,"502 [A, B, C, D, E, F, G, H, I]"
5058,5058,E,artificial,D_Dupli,complete,"502 [A, B, C, D, E, F, G, H, I]"
5059,5059,D,artificial,D_Dupli,complete,"502 [A, B, C, D, E, F, G, H, I]"
5060,5060,C,artificial,D_Dupli,complete,"502 [A, B, C, D, E, F, G, H, I]"
5061,5061,F,artificial,F,complete,"502 [A, B, C, D, E, F, G, H, I]"
5062,5062,H,artificial,H,complete,"503 [B, A, E, D, C, F, G, H, I]"
5063,5063,G,artificial,G,complete,"503 [B, A, E, D, C, F, G, H, I]"
5064,5064,F,artificial,F,complete,"503 [B, A, E, D, C, F, G, H, I]"
5065,5065,I,artificial,I,complete,"503 [B, A, E, D, C, F, G, H, I]"
5066,5066,D,artificial,D_Dupli,complete,"503 [B, A, E, D, C, F, G, H, I]"
5067,5067,E,artificial,D_Dupli,complete,"503 [B, A, E, D, C, F, G, H, I]"
5068,5068,A,artificial,A,complete,"503 [B, A, E, D, C, F, G, H, I]"
5069,5069,B,artificial,D_Dupli,complete,"503 [B, A, E, D, C, F, G, H, I]"
5070,5070,C,artificial,D_Dupli,complete,"503 [B, A, E, D, C, F, G, H, I]"
5071,5071,I,artificial,I,complete,"504 [B, A, E, D, C, F, G, I, H, J, K, F, G, I, H, M, N, O, F, G, I, H]"
5072,5072,G,artificial,G,complete,"504 [B, A, E, D, C, F, G, I, H, J, K, F, G, I, H, M, N, O, F, G, I, H]"
5073,5073,F,artificial,F,complete,"504 [B, A, E, D, C, F, G, I, H, J, K, F, G, I, H, M, N, O, F, G, I, H]"
5074,5074,K,artificial,K,complete,"504 [B, A, E, D, C, F, G, I, H, J, K, F, G, I, H, M, N, O, F, G, I, H]"
5075,5075,J,artificial,J,complete,"504 [B, A, E, D, C, F, G, I, H, J, K, F, G, I, H, M, N, O, F, G, I, H]"
5076,5076,H,artificial,H,complete,"504 [B, A, E, D, C, F, G, I, H, J, K, F, G, I, H, M, N, O, F, G, I, H]"
5077,5077,F,artificial,F,complete,"504 [B, A, E, D, C, F, G, I, H, J, K, F, G, I, H, M, N, O, F, G, I, H]"
5078,5078,G,artificial,G,complete,"504 [B, A, E, D, C, F, G, I, H, J, K, F, G, I, H, M, N, O, F, G, I, H]"
5079,5079,C,artificial,D_Dupli,complete,"504 [B, A, E, D, C, F, G, I, H, J, K, F, G, I, H, M, N, O, F, G, I, H]"
5080,5080,D,artificial,D_Dupli,complete,"504 [B, A, E, D, C, F, G, I, H, J, K, F, G, I, H, M, N, O, F, G, I, H]"
5081,5081,E,artificial,D_Dupli,complete,"504 [B, A, E, D, C, F, G, I, H, J, K, F, G, I, H, M, N, O, F, G, I, H]"
5082,5082,B,artificial,D_Dupli,complete,"504 [B, A, E, D, C, F, G, I, H, J, K, F, G, I, H, M, N, O, F, G, I, H]"
5083,5083,M,artificial,M,complete,"504 [B, A, E, D, C, F, G, I, H, J, K, F, G, I, H, M, N, O, F, G, I, H]"
5084,5084,I,artificial,I,complete,"504 [B, A, E, D, C, F, G, I, H, J, K, F, G, I, H, M, N, O, F, G, I, H]"
5085,5085,A,artificial,A,complete,"504 [B, A, E, D, C, F, G, I, H, J, K, F, G, I, H, M, N, O, F, G, I, H]"
5086,5086,H,artificial,H,complete,"504 [B, A, E, D, C, F, G, I, H, J, K, F, G, I, H, M, N, O, F, G, I, H]"
5087,5087,F,artificial,F,complete,"504 [B, A, E, D, C, F, G, I, H, J, K, F, G, I, H, M, N, O, F, G, I, H]"
5088,5088,O,artificial,O,complete,"504 [B, A, E, D, C, F, G, I, H, J, K, F, G, I, H, M, N, O, F, G, I, H]"
5089,5089,H,artificial,H,complete,"504 [B, A, E, D, C, F, G, I, H, J, K, F, G, I, H, M, N, O, F, G, I, H]"
5090,5090,N,artificial,N,complete,"504 [B, A, E, D, C, F, G, I, H, J, K, F, G, I, H, M, N, O, F, G, I, H]"
5091,5091,I,artificial,I,complete,"504 [B, A, E, D, C, F, G, I, H, J, K, F, G, I, H, M, N, O, F, G, I, H]"
5092,5092,G,artificial,G,complete,"504 [B, A, E, D, C, F, G, I, H, J, K, F, G, I, H, M, N, O, F, G, I, H]"
5093,5093,H,artificial,H,complete,"505 [A, B, D, E, C, F, G, I, H]"
5094,5094,A,artificial,A,complete,"505 [A, B, D, E, C, F, G, I, H]"
5095,5095,B,artificial,D_Dupli,complete,"505 [A, B, D, E, C, F, G, I, H]"
5096,5096,D,artificial,D_Dupli,complete,"505 [A, B, D, E, C, F, G, I, H]"
5097,5097,E,artificial,D_Dupli,complete,"505 [A, B, D, E, C, F, G, I, H]"
5098,5098,C,artificial,D_Dupli,complete,"505 [A, B, D, E, C, F, G, I, H]"
5099,5099,F,artificial,F,complete,"505 [A, B, D, E, C, F, G, I, H]"
5100,5100,G,artificial,G,complete,"505 [A, B, D, E, C, F, G, I, H]"
5101,5101,I,artificial,I,complete,"505 [A, B, D, E, C, F, G, I, H]"
5102,5102,O,artificial,O,complete,"506 [B, A, D, C, E, F, G, I, H, N, M, O, F, G, H, I]"
5103,5103,F,artificial,F,complete,"506 [B, A, D, C, E, F, G, I, H, N, M, O, F, G, H, I]"
5104,5104,F,artificial,F,complete,"506 [B, A, D, C, E, F, G, I, H, N, M, O, F, G, H, I]"
5105,5105,H,artificial,H,complete,"506 [B, A, D, C, E, F, G, I, H, N, M, O, F, G, H, I]"
5106,5106,I,artificial,I,complete,"506 [B, A, D, C, E, F, G, I, H, N, M, O, F, G, H, I]"
5107,5107,M,artificial,M,complete,"506 [B, A, D, C, E, F, G, I, H, N, M, O, F, G, H, I]"
5108,5108,G,artificial,G,complete,"506 [B, A, D, C, E, F, G, I, H, N, M, O, F, G, H, I]"
5109,5109,N,artificial,N,complete,"506 [B, A, D, C, E, F, G, I, H, N, M, O, F, G, H, I]"
5110,5110,C,artificial,D_Dupli,complete,"506 [B, A, D, C, E, F, G, I, H, N, M, O, F, G, H, I]"
5111,5111,I,artificial,I,complete,"506 [B, A, D, C, E, F, G, I, H, N, M, O, F, G, H, I]"
5112,5112,G,artificial,G,complete,"506 [B, A, D, C, E, F, G, I, H, N, M, O, F, G, H, I]"
5113,5113,E,artificial,D_Dupli,complete,"506 [B, A, D, C, E, F, G, I, H, N, M, O, F, G, H, I]"
5114,5114,D,artificial,D_Dupli,complete,"506 [B, A, D, C, E, F, G, I, H, N, M, O, F, G, H, I]"
5115,5115,A,artificial,A,complete,"506 [B, A, D, C, E, F, G, I, H, N, M, O, F, G, H, I]"
5116,5116,B,artificial,D_Dupli,complete,"506 [B, A, D, C, E, F, G, I, H, N, M, O, F, G, H, I]"
5117,5117,H,artificial,H,complete,"506 [B, A, D, C, E, F, G, I, H, N, M, O, F, G, H, I]"
5118,5118,I,artificial,I,complete,"507 [A, B, C, D, E, F, G, I, H]"
5119,5119,H,artificial,H,complete,"507 [A, B, C, D, E, F, G, I, H]"
5120,5120,E,artificial,D_Dupli,complete,"507 [A, B, C, D, E, F, G, I, H]"
5121,5121,G,artificial,G,complete,"507 [A, B, C, D, E, F, G, I, H]"
5122,5122,D,artificial,D_Dupli,complete,"507 [A, B, C, D, E, F, G, I, H]"
5123,5123,F,artificial,F,complete,"507 [A, B, C, D, E, F, G, I, H]"
5124,5124,A,artificial,A,complete,"507 [A, B, C, D, E, F, G, I, H]"
5125,5125,B,artificial,D_Dupli,complete,"507 [A, B, C, D, E, F, G, I, H]"
5126,5126,C,artificial,D_Dupli,complete,"507 [A, B, C, D, E, F, G, I, H]"
5127,5127,H,artificial,H,complete,"508 [A, B, D, C, E, F, G, I, H, M, O, N, F, G, H, I, O, M, N, F, G, I, H]"
5128,5128,I,artificial,I,complete,"508 [A, B, D, C, E, F, G, I, H, M, O, N, F, G, H, I, O, M, N, F, G, I, H]"
5129,5129,G,artificial,G,complete,"508 [A, B, D, C, E, F, G, I, H, M, O, N, F, G, H, I, O, M, N, F, G, I, H]"
5130,5130,F,artificial,F,complete,"508 [A, B, D, C, E, F, G, I, H, M, O, N, F, G, H, I, O, M, N, F, G, I, H]"
5131,5131,N,artificial,N,complete,"508 [A, B, D, C, E, F, G, I, H, M, O, N, F, G, H, I, O, M, N, F, G, I, H]"
5132,5132,M,artificial,M,complete,"508 [A, B, D, C, E, F, G, I, H, M, O, N, F, G, H, I, O, M, N, F, G, I, H]"
5133,5133,O,artificial,O,complete,"508 [A, B, D, C, E, F, G, I, H, M, O, N, F, G, H, I, O, M, N, F, G, I, H]"
5134,5134,I,artificial,I,complete,"508 [A, B, D, C, E, F, G, I, H, M, O, N, F, G, H, I, O, M, N, F, G, I, H]"
5135,5135,H,artificial,H,complete,"508 [A, B, D, C, E, F, G, I, H, M, O, N, F, G, H, I, O, M, N, F, G, I, H]"
5136,5136,G,artificial,G,complete,"508 [A, B, D, C, E, F, G, I, H, M, O, N, F, G, H, I, O, M, N, F, G, I, H]"
5137,5137,F,artificial,F,complete,"508 [A, B, D, C, E, F, G, I, H, M, O, N, F, G, H, I, O, M, N, F, G, I, H]"
5138,5138,N,artificial,N,complete,"508 [A, B, D, C, E, F, G, I, H, M, O, N, F, G, H, I, O, M, N, F, G, I, H]"
5139,5139,O,artificial,O,complete,"508 [A, B, D, C, E, F, G, I, H, M, O, N, F, G, H, I, O, M, N, F, G, I, H]"
5140,5140,M,artificial,M,complete,"508 [A, B, D, C, E, F, G, I, H, M, O, N, F, G, H, I, O, M, N, F, G, I, H]"
5141,5141,H,artificial,H,complete,"508 [A, B, D, C, E, F, G, I, H, M, O, N, F, G, H, I, O, M, N, F, G, I, H]"
5142,5142,I,artificial,I,complete,"508 [A, B, D, C, E, F, G, I, H, M, O, N, F, G, H, I, O, M, N, F, G, I, H]"
5143,5143,G,artificial,G,complete,"508 [A, B, D, C, E, F, G, I, H, M, O, N, F, G, H, I, O, M, N, F, G, I, H]"
5144,5144,F,artificial,F,complete,"508 [A, B, D, C, E, F, G, I, H, M, O, N, F, G, H, I, O, M, N, F, G, I, H]"
5145,5145,E,artificial,D_Dupli,complete,"508 [A, B, D, C, E, F, G, I, H, M, O, N, F, G, H, I, O, M, N, F, G, I, H]"
5146,5146,C,artificial,D_Dupli,complete,"508 [A, B, D, C, E, F, G, I, H, M, O, N, F, G, H, I, O, M, N, F, G, I, H]"
5147,5147,D,artificial,D_Dupli,complete,"508 [A, B, D, C, E, F, G, I, H, M, O, N, F, G, H, I, O, M, N, F, G, I, H]"
5148,5148,B,artificial,D_Dupli,complete,"508 [A, B, D, C, E, F, G, I, H, M, O, N, F, G, H, I, O, M, N, F, G, I, H]"
5149,5149,A,artificial,A,complete,"508 [A, B, D, C, E, F, G, I, H, M, O, N, F, G, H, I, O, M, N, F, G, I, H]"
5150,5150,I,artificial,I,complete,"509 [B, A, C, E, D, F, G, I, H]"
5151,5151,G,artificial,G,complete,"509 [B, A, C, E, D, F, G, I, H]"
5152,5152,F,artificial,F,complete,"509 [B, A, C, E, D, F, G, I, H]"
5153,5153,H,artificial,H,complete,"509 [B, A, C, E, D, F, G, I, H]"
5154,5154,E,artificial,D_Dupli,complete,"509 [B, A, C, E, D, F, G, I, H]"
5155,5155,C,artificial,D_Dupli,complete,"509 [B, A, C, E, D, F, G, I, H]"
5156,5156,A,artificial,A,complete,"509 [B, A, C, E, D, F, G, I, H]"
5157,5157,B,artificial,D_Dupli,complete,"509 [B, A, C, E, D, F, G, I, H]"
5158,5158,D,artificial,D_Dupli,complete,"509 [B, A, C, E, D, F, G, I, H]"
5159,5159,G,artificial,G,complete,"51 [B, A, D, C, E, F, G, I, H]"
5160,5160,F,artificial,F,complete,"51 [B, A, D, C, E, F, G, I, H]"
5161,5161,B,artificial,D_Dupli,complete,"51 [B, A, D, C, E, F, G, I, H]"
5162,5162,A,artificial,A,complete,"51 [B, A, D, C, E, F, G, I, H]"
5163,5163,D,artificial,D_Dupli,complete,"51 [B, A, D, C, E, F, G, I, H]"
5164,5164,E,artificial,D_Dupli,complete,"51 [B, A, D, C, E, F, G, I, H]"
5165,5165,C,artificial,D_Dupli,complete,"51 [B, A, D, C, E, F, G, I, H]"
5166,5166,I,artificial,I,complete,"51 [B, A, D, C, E, F, G, I, H]"
5167,5167,H,artificial,H,complete,"51 [B, A, D, C, E, F, G, I, H]"
5168,5168,H,artificial,H,complete,"510 [B, A, E, D, C, F, G, H, I]"
5169,5169,I,artificial,I,complete,"510 [B, A, E, D, C, F, G, H, I]"
5170,5170,B,artificial,D_Dupli,complete,"510 [B, A, E, D, C, F, G, H, I]"
5171,5171,A,artificial,A,complete,"510 [B, A, E, D, C, F, G, H, I]"
5172,5172,E,artificial,D_Dupli,complete,"510 [B, A, E, D, C, F, G, H, I]"
5173,5173,D,artificial,D_Dupli,complete,"510 [B, A, E, D, C, F, G, H, I]"
5174,5174,C,artificial,D_Dupli,complete,"510 [B, A, E, D, C, F, G, H, I]"
5175,5175,F,artificial,F,complete,"510 [B, A, E, D, C, F, G, H, I]"
5176,5176,G,artificial,G,complete,"510 [B, A, E, D, C, F, G, H, I]"
5177,5177,B,artificial,D_Dupli,complete,"511 [A, B, C, D, E, F, G, H, I]"
5178,5178,I,artificial,I,complete,"511 [A, B, C, D, E, F, G, H, I]"
5179,5179,H,artificial,H,complete,"511 [A, B, C, D, E, F, G, H, I]"
5180,5180,G,artificial,G,complete,"511 [A, B, C, D, E, F, G, H, I]"
5181,5181,F,artificial,F,complete,"511 [A, B, C, D, E, F, G, H, I]"
5182,5182,E,artificial,D_Dupli,complete,"511 [A, B, C, D, E, F, G, H, I]"
5183,5183,D,artificial,D_Dupli,complete,"511 [A, B, C, D, E, F, G, H, I]"
5184,5184,A,artificial,A,complete,"511 [A, B, C, D, E, F, G, H, I]"
5185,5185,C,artificial,D_Dupli,complete,"511 [A, B, C, D, E, F, G, H, I]"
5186,5186,B,artificial,D_Dupli,complete,"512 [A, B, D, E, C, F, G, I, H]"
5187,5187,I,artificial,I,complete,"512 [A, B, D, E, C, F, G, I, H]"
5188,5188,G,artificial,G,complete,"512 [A, B, D, E, C, F, G, I, H]"
5189,5189,F,artificial,F,complete,"512 [A, B, D, E, C, F, G, I, H]"
5190,5190,C,artificial,D_Dupli,complete,"512 [A, B, D, E, C, F, G, I, H]"
5191,5191,E,artificial,D_Dupli,complete,"512 [A, B, D, E, C, F, G, I, H]"
5192,5192,D,artificial,D_Dupli,complete,"512 [A, B, D, E, C, F, G, I, H]"
5193,5193,A,artificial,A,complete,"512 [A, B, D, E, C, F, G, I, H]"
5194,5194,H,artificial,H,complete,"512 [A, B, D, E, C, F, G, I, H]"
5195,5195,N,artificial,N,complete,"513 [B, A, D, C, E, F, G, I, H, J, K, F, G, H, I, O, M, N, F, G, I, H]"
5196,5196,H,artificial,H,complete,"513 [B, A, D, C, E, F, G, I, H, J, K, F, G, H, I, O, M, N, F, G, I, H]"
5197,5197,I,artificial,I,complete,"513 [B, A, D, C, E, F, G, I, H, J, K, F, G, H, I, O, M, N, F, G, I, H]"
5198,5198,G,artificial,G,complete,"513 [B, A, D, C, E, F, G, I, H, J, K, F, G, H, I, O, M, N, F, G, I, H]"
5199,5199,F,artificial,F,complete,"513 [B, A, D, C, E, F, G, I, H, J, K, F, G, H, I, O, M, N, F, G, I, H]"
5200,5200,M,artificial,M,complete,"513 [B, A, D, C, E, F, G, I, H, J, K, F, G, H, I, O, M, N, F, G, I, H]"
5201,5201,I,artificial,I,complete,"513 [B, A, D, C, E, F, G, I, H, J, K, F, G, H, I, O, M, N, F, G, I, H]"
5202,5202,I,artificial,I,complete,"513 [B, A, D, C, E, F, G, I, H, J, K, F, G, H, I, O, M, N, F, G, I, H]"
5203,5203,H,artificial,H,complete,"513 [B, A, D, C, E, F, G, I, H, J, K, F, G, H, I, O, M, N, F, G, I, H]"
5204,5204,G,artificial,G,complete,"513 [B, A, D, C, E, F, G, I, H, J, K, F, G, H, I, O, M, N, F, G, I, H]"
5205,5205,F,artificial,F,complete,"513 [B, A, D, C, E, F, G, I, H, J, K, F, G, H, I, O, M, N, F, G, I, H]"
5206,5206,K,artificial,K,complete,"513 [B, A, D, C, E, F, G, I, H, J, K, F, G, H, I, O, M, N, F, G, I, H]"
5207,5207,B,artificial,D_Dupli,complete,"513 [B, A, D, C, E, F, G, I, H, J, K, F, G, H, I, O, M, N, F, G, I, H]"
5208,5208,J,artificial,J,complete,"513 [B, A, D, C, E, F, G, I, H, J, K, F, G, H, I, O, M, N, F, G, I, H]"
5209,5209,A,artificial,A,complete,"513 [B, A, D, C, E, F, G, I, H, J, K, F, G, H, I, O, M, N, F, G, I, H]"
5210,5210,D,artificial,D_Dupli,complete,"513 [B, A, D, C, E, F, G, I, H, J, K, F, G, H, I, O, M, N, F, G, I, H]"
5211,5211,C,artificial,D_Dupli,complete,"513 [B, A, D, C, E, F, G, I, H, J, K, F, G, H, I, O, M, N, F, G, I, H]"
5212,5212,E,artificial,D_Dupli,complete,"513 [B, A, D, C, E, F, G, I, H, J, K, F, G, H, I, O, M, N, F, G, I, H]"
5213,5213,F,artificial,F,complete,"513 [B, A, D, C, E, F, G, I, H, J, K, F, G, H, I, O, M, N, F, G, I, H]"
5214,5214,G,artificial,G,complete,"513 [B, A, D, C, E, F, G, I, H, J, K, F, G, H, I, O, M, N, F, G, I, H]"
5215,5215,H,artificial,H,complete,"513 [B, A, D, C, E, F, G, I, H, J, K, F, G, H, I, O, M, N, F, G, I, H]"
5216,5216,O,artificial,O,complete,"513 [B, A, D, C, E, F, G, I, H, J, K, F, G, H, I, O, M, N, F, G, I, H]"
5217,5217,B,artificial,D_Dupli,complete,"514 [A, B, C, D, E, F, G, I, H]"
5218,5218,C,artificial,D_Dupli,complete,"514 [A, B, C, D, E, F, G, I, H]"
5219,5219,I,artificial,I,complete,"514 [A, B, C, D, E, F, G, I, H]"
5220,5220,G,artificial,G,complete,"514 [A, B, C, D, E, F, G, I, H]"
5221,5221,F,artificial,F,complete,"514 [A, B, C, D, E, F, G, I, H]"
5222,5222,E,artificial,D_Dupli,complete,"514 [A, B, C, D, E, F, G, I, H]"
5223,5223,D,artificial,D_Dupli,complete,"514 [A, B, C, D, E, F, G, I, H]"
5224,5224,A,artificial,A,complete,"514 [A, B, C, D, E, F, G, I, H]"
5225,5225,H,artificial,H,complete,"514 [A, B, C, D, E, F, G, I, H]"
5226,5226,A,artificial,A,complete,"515 [B, A, D, C, E, F, G, H, I]"
5227,5227,H,artificial,H,complete,"515 [B, A, D, C, E, F, G, H, I]"
5228,5228,G,artificial,G,complete,"515 [B, A, D, C, E, F, G, H, I]"
5229,5229,F,artificial,F,complete,"515 [B, A, D, C, E, F, G, H, I]"
5230,5230,E,artificial,D_Dupli,complete,"515 [B, A, D, C, E, F, G, H, I]"
5231,5231,C,artificial,D_Dupli,complete,"515 [B, A, D, C, E, F, G, H, I]"
5232,5232,B,artificial,D_Dupli,complete,"515 [B, A, D, C, E, F, G, H, I]"
5233,5233,I,artificial,I,complete,"515 [B, A, D, C, E, F, G, H, I]"
5234,5234,D,artificial,D_Dupli,complete,"515 [B, A, D, C, E, F, G, H, I]"
5235,5235,H,artificial,H,complete,"516 [B, A, D, E, C, F, G, H, I]"
5236,5236,B,artificial,D_Dupli,complete,"516 [B, A, D, E, C, F, G, H, I]"
5237,5237,A,artificial,A,complete,"516 [B, A, D, E, C, F, G, H, I]"
5238,5238,D,artificial,D_Dupli,complete,"516 [B, A, D, E, C, F, G, H, I]"
5239,5239,I,artificial,I,complete,"516 [B, A, D, E, C, F, G, H, I]"
5240,5240,E,artificial,D_Dupli,complete,"516 [B, A, D, E, C, F, G, H, I]"
5241,5241,C,artificial,D_Dupli,complete,"516 [B, A, D, E, C, F, G, H, I]"
5242,5242,G,artificial,G,complete,"516 [B, A, D, E, C, F, G, H, I]"
5243,5243,F,artificial,F,complete,"516 [B, A, D, E, C, F, G, H, I]"
5244,5244,D,artificial,D_Dupli,complete,"517 [A, B, D, C, E, F, G, H, I]"
5245,5245,B,artificial,D_Dupli,complete,"517 [A, B, D, C, E, F, G, H, I]"
5246,5246,F,artificial,F,complete,"517 [A, B, D, C, E, F, G, H, I]"
5247,5247,H,artificial,H,complete,"517 [A, B, D, C, E, F, G, H, I]"
5248,5248,G,artificial,G,complete,"517 [A, B, D, C, E, F, G, H, I]"
5249,5249,E,artificial,D_Dupli,complete,"517 [A, B, D, C, E, F, G, H, I]"
5250,5250,A,artificial,A,complete,"517 [A, B, D, C, E, F, G, H, I]"
5251,5251,C,artificial,D_Dupli,complete,"517 [A, B, D, C, E, F, G, H, I]"
5252,5252,I,artificial,I,complete,"517 [A, B, D, C, E, F, G, H, I]"
5253,5253,A,artificial,A,complete,"518 [A, B, C, E, D, F, G, H, I]"
5254,5254,B,artificial,D_Dupli,complete,"518 [A, B, C, E, D, F, G, H, I]"
5255,5255,E,artificial,D_Dupli,complete,"518 [A, B, C, E, D, F, G, H, I]"
5256,5256,D,artificial,D_Dupli,complete,"518 [A, B, C, E, D, F, G, H, I]"
5257,5257,F,artificial,F,complete,"518 [A, B, C, E, D, F, G, H, I]"
5258,5258,G,artificial,G,complete,"518 [A, B, C, E, D, F, G, H, I]"
5259,5259,H,artificial,H,complete,"518 [A, B, C, E, D, F, G, H, I]"
5260,5260,I,artificial,I,complete,"518 [A, B, C, E, D, F, G, H, I]"
5261,5261,C,artificial,D_Dupli,complete,"518 [A, B, C, E, D, F, G, H, I]"
5262,5262,F,artificial,F,complete,"519 [A, B, D, C, E, F, G, H, I, O, M, N, F, G, H, I]"
5263,5263,G,artificial,G,complete,"519 [A, B, D, C, E, F, G, H, I, O, M, N, F, G, H, I]"
5264,5264,M,artificial,M,complete,"519 [A, B, D, C, E, F, G, H, I, O, M, N, F, G, H, I]"
5265,5265,G,artificial,G,complete,"519 [A, B, D, C, E, F, G, H, I, O, M, N, F, G, H, I]"
5266,5266,H,artificial,H,complete,"519 [A, B, D, C, E, F, G, H, I, O, M, N, F, G, H, I]"
5267,5267,I,artificial,I,complete,"519 [A, B, D, C, E, F, G, H, I, O, M, N, F, G, H, I]"
5268,5268,O,artificial,O,complete,"519 [A, B, D, C, E, F, G, H, I, O, M, N, F, G, H, I]"
5269,5269,I,artificial,I,complete,"519 [A, B, D, C, E, F, G, H, I, O, M, N, F, G, H, I]"
5270,5270,F,artificial,F,complete,"519 [A, B, D, C, E, F, G, H, I, O, M, N, F, G, H, I]"
5271,5271,A,artificial,A,complete,"519 [A, B, D, C, E, F, G, H, I, O, M, N, F, G, H, I]"
5272,5272,B,artificial,D_Dupli,complete,"519 [A, B, D, C, E, F, G, H, I, O, M, N, F, G, H, I]"
5273,5273,D,artificial,D_Dupli,complete,"519 [A, B, D, C, E, F, G, H, I, O, M, N, F, G, H, I]"
5274,5274,C,artificial,D_Dupli,complete,"519 [A, B, D, C, E, F, G, H, I, O, M, N, F, G, H, I]"
5275,5275,H,artificial,H,complete,"519 [A, B, D, C, E, F, G, H, I, O, M, N, F, G, H, I]"
5276,5276,N,artificial,N,complete,"519 [A, B, D, C, E, F, G, H, I, O, M, N, F, G, H, I]"
5277,5277,E,artificial,D_Dupli,complete,"519 [A, B, D, C, E, F, G, H, I, O, M, N, F, G, H, I]"
5278,5278,I,artificial,I,complete,"52 [B, A, E, C, D, F, G, H, I]"
5279,5279,H,artificial,H,complete,"52 [B, A, E, C, D, F, G, H, I]"
5280,5280,B,artificial,D_Dupli,complete,"52 [B, A, E, C, D, F, G, H, I]"
5281,5281,A,artificial,A,complete,"52 [B, A, E, C, D, F, G, H, I]"
5282,5282,F,artificial,F,complete,"52 [B, A, E, C, D, F, G, H, I]"
5283,5283,D,artificial,D_Dupli,complete,"52 [B, A, E, C, D, F, G, H, I]"
5284,5284,C,artificial,D_Dupli,complete,"52 [B, A, E, C, D, F, G, H, I]"
5285,5285,E,artificial,D_Dupli,complete,"52 [B, A, E, C, D, F, G, H, I]"
5286,5286,G,artificial,G,complete,"52 [B, A, E, C, D, F, G, H, I]"
5287,5287,I,artificial,I,complete,"520 [A, B, E, C, D, F, G, H, I]"
5288,5288,H,artificial,H,complete,"520 [A, B, E, C, D, F, G, H, I]"
5289,5289,G,artificial,G,complete,"520 [A, B, E, C, D, F, G, H, I]"
5290,5290,D,artificial,D_Dupli,complete,"520 [A, B, E, C, D, F, G, H, I]"
5291,5291,C,artificial,D_Dupli,complete,"520 [A, B, E, C, D, F, G, H, I]"
5292,5292,E,artificial,D_Dupli,complete,"520 [A, B, E, C, D, F, G, H, I]"
5293,5293,B,artificial,D_Dupli,complete,"520 [A, B, E, C, D, F, G, H, I]"
5294,5294,A,artificial,A,complete,"520 [A, B, E, C, D, F, G, H, I]"
5295,5295,F,artificial,F,complete,"520 [A, B, E, C, D, F, G, H, I]"
5296,5296,E,artificial,D_Dupli,complete,"521 [A, B, C, E, D, F, G, I, H, N, M, O, F, G, H, I]"
5297,5297,A,artificial,A,complete,"521 [A, B, C, E, D, F, G, I, H, N, M, O, F, G, H, I]"
5298,5298,D,artificial,D_Dupli,complete,"521 [A, B, C, E, D, F, G, I, H, N, M, O, F, G, H, I]"
5299,5299,F,artificial,F,complete,"521 [A, B, C, E, D, F, G, I, H, N, M, O, F, G, H, I]"
5300,5300,C,artificial,D_Dupli,complete,"521 [A, B, C, E, D, F, G, I, H, N, M, O, F, G, H, I]"
5301,5301,I,artificial,I,complete,"521 [A, B, C, E, D, F, G, I, H, N, M, O, F, G, H, I]"
5302,5302,H,artificial,H,complete,"521 [A, B, C, E, D, F, G, I, H, N, M, O, F, G, H, I]"
5303,5303,N,artificial,N,complete,"521 [A, B, C, E, D, F, G, I, H, N, M, O, F, G, H, I]"
5304,5304,M,artificial,M,complete,"521 [A, B, C, E, D, F, G, I, H, N, M, O, F, G, H, I]"
5305,5305,O,artificial,O,complete,"521 [A, B, C, E, D, F, G, I, H, N, M, O, F, G, H, I]"
5306,5306,G,artificial,G,complete,"521 [A, B, C, E, D, F, G, I, H, N, M, O, F, G, H, I]"
5307,5307,G,artificial,G,complete,"521 [A, B, C, E, D, F, G, I, H, N, M, O, F, G, H, I]"
5308,5308,H,artificial,H,complete,"521 [A, B, C, E, D, F, G, I, H, N, M, O, F, G, H, I]"
5309,5309,I,artificial,I,complete,"521 [A, B, C, E, D, F, G, I, H, N, M, O, F, G, H, I]"
5310,5310,B,artificial,D_Dupli,complete,"521 [A, B, C, E, D, F, G, I, H, N, M, O, F, G, H, I]"
5311,5311,F,artificial,F,complete,"521 [A, B, C, E, D, F, G, I, H, N, M, O, F, G, H, I]"
5312,5312,H,artificial,H,complete,"522 [A, B, E, C, D, F, G, I, H]"
5313,5313,I,artificial,I,complete,"522 [A, B, E, C, D, F, G, I, H]"
5314,5314,F,artificial,F,complete,"522 [A, B, E, C, D, F, G, I, H]"
5315,5315,G,artificial,G,complete,"522 [A, B, E, C, D, F, G, I, H]"
5316,5316,C,artificial,D_Dupli,complete,"522 [A, B, E, C, D, F, G, I, H]"
5317,5317,E,artificial,D_Dupli,complete,"522 [A, B, E, C, D, F, G, I, H]"
5318,5318,B,artificial,D_Dupli,complete,"522 [A, B, E, C, D, F, G, I, H]"
5319,5319,A,artificial,A,complete,"522 [A, B, E, C, D, F, G, I, H]"
5320,5320,D,artificial,D_Dupli,complete,"522 [A, B, E, C, D, F, G, I, H]"
5321,5321,I,artificial,I,complete,"523 [B, A, C, E, D, F, G, I, H]"
5322,5322,B,artificial,D_Dupli,complete,"523 [B, A, C, E, D, F, G, I, H]"
5323,5323,C,artificial,D_Dupli,complete,"523 [B, A, C, E, D, F, G, I, H]"
5324,5324,E,artificial,D_Dupli,complete,"523 [B, A, C, E, D, F, G, I, H]"
5325,5325,D,artificial,D_Dupli,complete,"523 [B, A, C, E, D, F, G, I, H]"
5326,5326,F,artificial,F,complete,"523 [B, A, C, E, D, F, G, I, H]"
5327,5327,G,artificial,G,complete,"523 [B, A, C, E, D, F, G, I, H]"
5328,5328,H,artificial,H,complete,"523 [B, A, C, E, D, F, G, I, H]"
5329,5329,A,artificial,A,complete,"523 [B, A, C, E, D, F, G, I, H]"
5330,5330,A,artificial,A,complete,"524 [A, B, D, C, E, F, G, I, H]"
5331,5331,D,artificial,D_Dupli,complete,"524 [A, B, D, C, E, F, G, I, H]"
5332,5332,C,artificial,D_Dupli,complete,"524 [A, B, D, C, E, F, G, I, H]"
5333,5333,E,artificial,D_Dupli,complete,"524 [A, B, D, C, E, F, G, I, H]"
5334,5334,F,artificial,F,complete,"524 [A, B, D, C, E, F, G, I, H]"
5335,5335,G,artificial,G,complete,"524 [A, B, D, C, E, F, G, I, H]"
5336,5336,I,artificial,I,complete,"524 [A, B, D, C, E, F, G, I, H]"
5337,5337,H,artificial,H,complete,"524 [A, B, D, C, E, F, G, I, H]"
5338,5338,B,artificial,D_Dupli,complete,"524 [A, B, D, C, E, F, G, I, H]"
5339,5339,F,artificial,F,complete,"525 [B, A, E, C, D, F, G, H, I, O, M, N, F, G, H, I, J, K, F, G, I, H]"
5340,5340,M,artificial,M,complete,"525 [B, A, E, C, D, F, G, H, I, O, M, N, F, G, H, I, J, K, F, G, I, H]"
5341,5341,J,artificial,J,complete,"525 [B, A, E, C, D, F, G, H, I, O, M, N, F, G, H, I, J, K, F, G, I, H]"
5342,5342,K,artificial,K,complete,"525 [B, A, E, C, D, F, G, H, I, O, M, N, F, G, H, I, J, K, F, G, I, H]"
5343,5343,F,artificial,F,complete,"525 [B, A, E, C, D, F, G, H, I, O, M, N, F, G, H, I, J, K, F, G, I, H]"
5344,5344,G,artificial,G,complete,"525 [B, A, E, C, D, F, G, H, I, O, M, N, F, G, H, I, J, K, F, G, I, H]"
5345,5345,I,artificial,I,complete,"525 [B, A, E, C, D, F, G, H, I, O, M, N, F, G, H, I, J, K, F, G, I, H]"
5346,5346,H,artificial,H,complete,"525 [B, A, E, C, D, F, G, H, I, O, M, N, F, G, H, I, J, K, F, G, I, H]"
5347,5347,N,artificial,N,complete,"525 [B, A, E, C, D, F, G, H, I, O, M, N, F, G, H, I, J, K, F, G, I, H]"
5348,5348,H,artificial,H,complete,"525 [B, A, E, C, D, F, G, H, I, O, M, N, F, G, H, I, J, K, F, G, I, H]"
5349,5349,G,artificial,G,complete,"525 [B, A, E, C, D, F, G, H, I, O, M, N, F, G, H, I, J, K, F, G, I, H]"
5350,5350,I,artificial,I,complete,"525 [B, A, E, C, D, F, G, H, I, O, M, N, F, G, H, I, J, K, F, G, I, H]"
5351,5351,A,artificial,A,complete,"525 [B, A, E, C, D, F, G, H, I, O, M, N, F, G, H, I, J, K, F, G, I, H]"
5352,5352,E,artificial,D_Dupli,complete,"525 [B, A, E, C, D, F, G, H, I, O, M, N, F, G, H, I, J, K, F, G, I, H]"
5353,5353,C,artificial,D_Dupli,complete,"525 [B, A, E, C, D, F, G, H, I, O, M, N, F, G, H, I, J, K, F, G, I, H]"
5354,5354,D,artificial,D_Dupli,complete,"525 [B, A, E, C, D, F, G, H, I, O, M, N, F, G, H, I, J, K, F, G, I, H]"
5355,5355,F,artificial,F,complete,"525 [B, A, E, C, D, F, G, H, I, O, M, N, F, G, H, I, J, K, F, G, I, H]"
5356,5356,G,artificial,G,complete,"525 [B, A, E, C, D, F, G, H, I, O, M, N, F, G, H, I, J, K, F, G, I, H]"
5357,5357,H,artificial,H,complete,"525 [B, A, E, C, D, F, G, H, I, O, M, N, F, G, H, I, J, K, F, G, I, H]"
5358,5358,I,artificial,I,complete,"525 [B, A, E, C, D, F, G, H, I, O, M, N, F, G, H, I, J, K, F, G, I, H]"
5359,5359,O,artificial,O,complete,"525 [B, A, E, C, D, F, G, H, I, O, M, N, F, G, H, I, J, K, F, G, I, H]"
5360,5360,B,artificial,D_Dupli,complete,"525 [B, A, E, C, D, F, G, H, I, O, M, N, F, G, H, I, J, K, F, G, I, H]"
5361,5361,H,artificial,H,complete,"526 [A, B, E, C, D, F, G, H, I]"
5362,5362,I,artificial,I,complete,"526 [A, B, E, C, D, F, G, H, I]"
5363,5363,D,artificial,D_Dupli,complete,"526 [A, B, E, C, D, F, G, H, I]"
5364,5364,C,artificial,D_Dupli,complete,"526 [A, B, E, C, D, F, G, H, I]"
5365,5365,B,artificial,D_Dupli,complete,"526 [A, B, E, C, D, F, G, H, I]"
5366,5366,A,artificial,A,complete,"526 [A, B, E, C, D, F, G, H, I]"
5367,5367,G,artificial,G,complete,"526 [A, B, E, C, D, F, G, H, I]"
5368,5368,E,artificial,D_Dupli,complete,"526 [A, B, E, C, D, F, G, H, I]"
5369,5369,F,artificial,F,complete,"526 [A, B, E, C, D, F, G, H, I]"
5370,5370,G,artificial,G,complete,"527 [B, A, E, C, D, F, G, H, I]"
5371,5371,F,artificial,F,complete,"527 [B, A, E, C, D, F, G, H, I]"
5372,5372,D,artificial,D_Dupli,complete,"527 [B, A, E, C, D, F, G, H, I]"
5373,5373,C,artificial,D_Dupli,complete,"527 [B, A, E, C, D, F, G, H, I]"
5374,5374,E,artificial,D_Dupli,complete,"527 [B, A, E, C, D, F, G, H, I]"
5375,5375,A,artificial,A,complete,"527 [B, A, E, C, D, F, G, H, I]"
5376,5376,B,artificial,D_Dupli,complete,"527 [B, A, E, C, D, F, G, H, I]"
5377,5377,I,artificial,I,complete,"527 [B, A, E, C, D, F, G, H, I]"
5378,5378,H,artificial,H,complete,"527 [B, A, E, C, D, F, G, H, I]"
5379,5379,C,artificial,D_Dupli,complete,"528 [A, B, E, C, D, F, G, H, I]"
5380,5380,I,artificial,I,complete,"528 [A, B, E, C, D, F, G, H, I]"
5381,5381,H,artificial,H,complete,"528 [A, B, E, C, D, F, G, H, I]"
5382,5382,G,artificial,G,complete,"528 [A, B, E, C, D, F, G, H, I]"
5383,5383,F,artificial,F,complete,"528 [A, B, E, C, D, F, G, H, I]"
5384,5384,D,artificial,D_Dupli,complete,"528 [A, B, E, C, D, F, G, H, I]"
5385,5385,E,artificial,D_Dupli,complete,"528 [A, B, E, C, D, F, G, H, I]"
5386,5386,B,artificial,D_Dupli,complete,"528 [A, B, E, C, D, F, G, H, I]"
5387,5387,A,artificial,A,complete,"528 [A, B, E, C, D, F, G, H, I]"
5388,5388,G,artificial,G,complete,"529 [A, B, E, C, D, F, G, I, H]"
5389,5389,F,artificial,F,complete,"529 [A, B, E, C, D, F, G, I, H]"
5390,5390,I,artificial,I,complete,"529 [A, B, E, C, D, F, G, I, H]"
5391,5391,H,artificial,H,complete,"529 [A, B, E, C, D, F, G, I, H]"
5392,5392,D,artificial,D_Dupli,complete,"529 [A, B, E, C, D, F, G, I, H]"
5393,5393,A,artificial,A,complete,"529 [A, B, E, C, D, F, G, I, H]"
5394,5394,B,artificial,D_Dupli,complete,"529 [A, B, E, C, D, F, G, I, H]"
5395,5395,E,artificial,D_Dupli,complete,"529 [A, B, E, C, D, F, G, I, H]"
5396,5396,C,artificial,D_Dupli,complete,"529 [A, B, E, C, D, F, G, I, H]"
5397,5397,A,artificial,A,complete,"53 [A, B, D, E, C, F, G, I, H]"
5398,5398,B,artificial,D_Dupli,complete,"53 [A, B, D, E, C, F, G, I, H]"
5399,5399,F,artificial,F,complete,"53 [A, B, D, E, C, F, G, I, H]"
5400,5400,E,artificial,D_Dupli,complete,"53 [A, B, D, E, C, F, G, I, H]"
5401,5401,C,artificial,D_Dupli,complete,"53 [A, B, D, E, C, F, G, I, H]"
5402,5402,G,artificial,G,complete,"53 [A, B, D, E, C, F, G, I, H]"
5403,5403,I,artificial,I,complete,"53 [A, B, D, E, C, F, G, I, H]"
5404,5404,H,artificial,H,complete,"53 [A, B, D, E, C, F, G, I, H]"
5405,5405,D,artificial,D_Dupli,complete,"53 [A, B, D, E, C, F, G, I, H]"
5406,5406,B,artificial,D_Dupli,complete,"530 [B, A, D, C, E, F, G, H, I]"
5407,5407,A,artificial,A,complete,"530 [B, A, D, C, E, F, G, H, I]"
5408,5408,C,artificial,D_Dupli,complete,"530 [B, A, D, C, E, F, G, H, I]"
5409,5409,E,artificial,D_Dupli,complete,"530 [B, A, D, C, E, F, G, H, I]"
5410,5410,F,artificial,F,complete,"530 [B, A, D, C, E, F, G, H, I]"
5411,5411,H,artificial,H,complete,"530 [B, A, D, C, E, F, G, H, I]"
5412,5412,I,artificial,I,complete,"530 [B, A, D, C, E, F, G, H, I]"
5413,5413,D,artificial,D_Dupli,complete,"530 [B, A, D, C, E, F, G, H, I]"
5414,5414,G,artificial,G,complete,"530 [B, A, D, C, E, F, G, H, I]"
5415,5415,G,artificial,G,complete,"531 [B, A, C, E, D, F, G, I, H]"
5416,5416,B,artificial,D_Dupli,complete,"531 [B, A, C, E, D, F, G, I, H]"
5417,5417,A,artificial,A,complete,"531 [B, A, C, E, D, F, G, I, H]"
5418,5418,C,artificial,D_Dupli,complete,"531 [B, A, C, E, D, F, G, I, H]"
5419,5419,E,artificial,D_Dupli,complete,"531 [B, A, C, E, D, F, G, I, H]"
5420,5420,D,artificial,D_Dupli,complete,"531 [B, A, C, E, D, F, G, I, H]"
5421,5421,H,artificial,H,complete,"531 [B, A, C, E, D, F, G, I, H]"
5422,5422,I,artificial,I,complete,"531 [B, A, C, E, D, F, G, I, H]"
5423,5423,F,artificial,F,complete,"531 [B, A, C, E, D, F, G, I, H]"
5424,5424,I,artificial,I,complete,"532 [B, A, D, E, C, F, G, H, I]"
5425,5425,B,artificial,D_Dupli,complete,"532 [B, A, D, E, C, F, G, H, I]"
5426,5426,A,artificial,A,complete,"532 [B, A, D, E, C, F, G, H, I]"
5427,5427,D,artificial,D_Dupli,complete,"532 [B, A, D, E, C, F, G, H, I]"
5428,5428,E,artificial,D_Dupli,complete,"532 [B, A, D, E, C, F, G, H, I]"
5429,5429,C,artificial,D_Dupli,complete,"532 [B, A, D, E, C, F, G, H, I]"
5430,5430,H,artificial,H,complete,"532 [B, A, D, E, C, F, G, H, I]"
5431,5431,F,artificial,F,complete,"532 [B, A, D, E, C, F, G, H, I]"
5432,5432,G,artificial,G,complete,"532 [B, A, D, E, C, F, G, H, I]"
5433,5433,G,artificial,G,complete,"533 [A, B, E, C, D, F, G, I, H]"
5434,5434,I,artificial,I,complete,"533 [A, B, E, C, D, F, G, I, H]"
5435,5435,A,artificial,A,complete,"533 [A, B, E, C, D, F, G, I, H]"
5436,5436,B,artificial,D_Dupli,complete,"533 [A, B, E, C, D, F, G, I, H]"
5437,5437,D,artificial,D_Dupli,complete,"533 [A, B, E, C, D, F, G, I, H]"
5438,5438,C,artificial,D_Dupli,complete,"533 [A, B, E, C, D, F, G, I, H]"
5439,5439,H,artificial,H,complete,"533 [A, B, E, C, D, F, G, I, H]"
5440,5440,F,artificial,F,complete,"533 [A, B, E, C, D, F, G, I, H]"
5441,5441,E,artificial,D_Dupli,complete,"533 [A, B, E, C, D, F, G, I, H]"
5442,5442,I,artificial,I,complete,"534 [B, A, D, C, E, F, G, I, H, N, O, M, F, G, H, I]"
5443,5443,H,artificial,H,complete,"534 [B, A, D, C, E, F, G, I, H, N, O, M, F, G, H, I]"
5444,5444,G,artificial,G,complete,"534 [B, A, D, C, E, F, G, I, H, N, O, M, F, G, H, I]"
5445,5445,M,artificial,M,complete,"534 [B, A, D, C, E, F, G, I, H, N, O, M, F, G, H, I]"
5446,5446,O,artificial,O,complete,"534 [B, A, D, C, E, F, G, I, H, N, O, M, F, G, H, I]"
5447,5447,N,artificial,N,complete,"534 [B, A, D, C, E, F, G, I, H, N, O, M, F, G, H, I]"
5448,5448,I,artificial,I,complete,"534 [B, A, D, C, E, F, G, I, H, N, O, M, F, G, H, I]"
5449,5449,G,artificial,G,complete,"534 [B, A, D, C, E, F, G, I, H, N, O, M, F, G, H, I]"
5450,5450,F,artificial,F,complete,"534 [B, A, D, C, E, F, G, I, H, N, O, M, F, G, H, I]"
5451,5451,C,artificial,D_Dupli,complete,"534 [B, A, D, C, E, F, G, I, H, N, O, M, F, G, H, I]"
5452,5452,D,artificial,D_Dupli,complete,"534 [B, A, D, C, E, F, G, I, H, N, O, M, F, G, H, I]"
5453,5453,A,artificial,A,complete,"534 [B, A, D, C, E, F, G, I, H, N, O, M, F, G, H, I]"
5454,5454,B,artificial,D_Dupli,complete,"534 [B, A, D, C, E, F, G, I, H, N, O, M, F, G, H, I]"
5455,5455,H,artificial,H,complete,"534 [B, A, D, C, E, F, G, I, H, N, O, M, F, G, H, I]"
5456,5456,E,artificial,D_Dupli,complete,"534 [B, A, D, C, E, F, G, I, H, N, O, M, F, G, H, I]"
5457,5457,F,artificial,F,complete,"534 [B, A, D, C, E, F, G, I, H, N, O, M, F, G, H, I]"
5458,5458,I,artificial,I,complete,"535 [B, A, E, D, C, F, G, H, I]"
5459,5459,A,artificial,A,complete,"535 [B, A, E, D, C, F, G, H, I]"
5460,5460,E,artificial,D_Dupli,complete,"535 [B, A, E, D, C, F, G, H, I]"
5461,5461,D,artificial,D_Dupli,complete,"535 [B, A, E, D, C, F, G, H, I]"
5462,5462,C,artificial,D_Dupli,complete,"535 [B, A, E, D, C, F, G, H, I]"
5463,5463,F,artificial,F,complete,"535 [B, A, E, D, C, F, G, H, I]"
5464,5464,G,artificial,G,complete,"535 [B, A, E, D, C, F, G, H, I]"
5465,5465,H,artificial,H,complete,"535 [B, A, E, D, C, F, G, H, I]"
5466,5466,B,artificial,D_Dupli,complete,"535 [B, A, E, D, C, F, G, H, I]"
5467,5467,H,artificial,H,complete,"536 [B, A, D, E, C, F, G, I, H]"
5468,5468,A,artificial,A,complete,"536 [B, A, D, E, C, F, G, I, H]"
5469,5469,D,artificial,D_Dupli,complete,"536 [B, A, D, E, C, F, G, I, H]"
5470,5470,E,artificial,D_Dupli,complete,"536 [B, A, D, E, C, F, G, I, H]"
5471,5471,C,artificial,D_Dupli,complete,"536 [B, A, D, E, C, F, G, I, H]"
5472,5472,F,artificial,F,complete,"536 [B, A, D, E, C, F, G, I, H]"
5473,5473,G,artificial,G,complete,"536 [B, A, D, E, C, F, G, I, H]"
5474,5474,I,artificial,I,complete,"536 [B, A, D, E, C, F, G, I, H]"
5475,5475,B,artificial,D_Dupli,complete,"536 [B, A, D, E, C, F, G, I, H]"
5476,5476,C,artificial,D_Dupli,complete,"537 [B, A, C, E, D, F, G, I, H]"
5477,5477,A,artificial,A,complete,"537 [B, A, C, E, D, F, G, I, H]"
5478,5478,B,artificial,D_Dupli,complete,"537 [B, A, C, E, D, F, G, I, H]"
5479,5479,E,artificial,D_Dupli,complete,"537 [B, A, C, E, D, F, G, I, H]"
5480,5480,D,artificial,D_Dupli,complete,"537 [B, A, C, E, D, F, G, I, H]"
5481,5481,F,artificial,F,complete,"537 [B, A, C, E, D, F, G, I, H]"
5482,5482,G,artificial,G,complete,"537 [B, A, C, E, D, F, G, I, H]"
5483,5483,I,artificial,I,complete,"537 [B, A, C, E, D, F, G, I, H]"
5484,5484,H,artificial,H,complete,"537 [B, A, C, E, D, F, G, I, H]"
5485,5485,A,artificial,A,complete,"538 [A, B, E, C, D, F, G, I, H]"
5486,5486,B,artificial,D_Dupli,complete,"538 [A, B, E, C, D, F, G, I, H]"
5487,5487,E,artificial,D_Dupli,complete,"538 [A, B, E, C, D, F, G, I, H]"
5488,5488,C,artificial,D_Dupli,complete,"538 [A, B, E, C, D, F, G, I, H]"
5489,5489,D,artificial,D_Dupli,complete,"538 [A, B, E, C, D, F, G, I, H]"
5490,5490,G,artificial,G,complete,"538 [A, B, E, C, D, F, G, I, H]"
5491,5491,I,artificial,I,complete,"538 [A, B, E, C, D, F, G, I, H]"
5492,5492,H,artificial,H,complete,"538 [A, B, E, C, D, F, G, I, H]"
5493,5493,F,artificial,F,complete,"538 [A, B, E, C, D, F, G, I, H]"
5494,5494,E,artificial,D_Dupli,complete,"539 [B, A, C, E, D, F, G, H, I]"
5495,5495,B,artificial,D_Dupli,complete,"539 [B, A, C, E, D, F, G, H, I]"
5496,5496,A,artificial,A,complete,"539 [B, A, C, E, D, F, G, H, I]"
5497,5497,I,artificial,I,complete,"539 [B, A, C, E, D, F, G, H, I]"
5498,5498,H,artificial,H,complete,"539 [B, A, C, E, D, F, G, H, I]"
5499,5499,G,artificial,G,complete,"539 [B, A, C, E, D, F, G, H, I]"
5500,5500,C,artificial,D_Dupli,complete,"539 [B, A, C, E, D, F, G, H, I]"
5501,5501,F,artificial,F,complete,"539 [B, A, C, E, D, F, G, H, I]"
5502,5502,D,artificial,D_Dupli,complete,"539 [B, A, C, E, D, F, G, H, I]"
5503,5503,B,artificial,D_Dupli,complete,"54 [A, B, C, E, D, F, G, H, I]"
5504,5504,F,artificial,F,complete,"54 [A, B, C, E, D, F, G, H, I]"
5505,5505,A,artificial,A,complete,"54 [A, B, C, E, D, F, G, H, I]"
5506,5506,G,artificial,G,complete,"54 [A, B, C, E, D, F, G, H, I]"
5507,5507,H,artificial,H,complete,"54 [A, B, C, E, D, F, G, H, I]"
5508,5508,I,artificial,I,complete,"54 [A, B, C, E, D, F, G, H, I]"
5509,5509,C,artificial,D_Dupli,complete,"54 [A, B, C, E, D, F, G, H, I]"
5510,5510,D,artificial,D_Dupli,complete,"54 [A, B, C, E, D, F, G, H, I]"
5511,5511,E,artificial,D_Dupli,complete,"54 [A, B, C, E, D, F, G, H, I]"
5512,5512,I,artificial,I,complete,"540 [B, A, C, D, E, F, G, H, I]"
5513,5513,H,artificial,H,complete,"540 [B, A, C, D, E, F, G, H, I]"
5514,5514,G,artificial,G,complete,"540 [B, A, C, D, E, F, G, H, I]"
5515,5515,E,artificial,D_Dupli,complete,"540 [B, A, C, D, E, F, G, H, I]"
5516,5516,D,artificial,D_Dupli,complete,"540 [B, A, C, D, E, F, G, H, I]"
5517,5517,C,artificial,D_Dupli,complete,"540 [B, A, C, D, E, F, G, H, I]"
5518,5518,A,artificial,A,complete,"540 [B, A, C, D, E, F, G, H, I]"
5519,5519,B,artificial,D_Dupli,complete,"540 [B, A, C, D, E, F, G, H, I]"
5520,5520,F,artificial,F,complete,"540 [B, A, C, D, E, F, G, H, I]"
5521,5521,A,artificial,A,complete,"541 [B, A, E, C, D, F, G, I, H]"
5522,5522,E,artificial,D_Dupli,complete,"541 [B, A, E, C, D, F, G, I, H]"
5523,5523,C,artificial,D_Dupli,complete,"541 [B, A, E, C, D, F, G, I, H]"
5524,5524,D,artificial,D_Dupli,complete,"541 [B, A, E, C, D, F, G, I, H]"
5525,5525,F,artificial,F,complete,"541 [B, A, E, C, D, F, G, I, H]"
5526,5526,G,artificial,G,complete,"541 [B, A, E, C, D, F, G, I, H]"
5527,5527,B,artificial,D_Dupli,complete,"541 [B, A, E, C, D, F, G, I, H]"
5528,5528,H,artificial,H,complete,"541 [B, A, E, C, D, F, G, I, H]"
5529,5529,I,artificial,I,complete,"541 [B, A, E, C, D, F, G, I, H]"
5530,5530,A,artificial,A,complete,"542 [B, A, D, C, E, F, G, H, I]"
5531,5531,D,artificial,D_Dupli,complete,"542 [B, A, D, C, E, F, G, H, I]"
5532,5532,C,artificial,D_Dupli,complete,"542 [B, A, D, C, E, F, G, H, I]"
5533,5533,E,artificial,D_Dupli,complete,"542 [B, A, D, C, E, F, G, H, I]"
5534,5534,F,artificial,F,complete,"542 [B, A, D, C, E, F, G, H, I]"
5535,5535,G,artificial,G,complete,"542 [B, A, D, C, E, F, G, H, I]"
5536,5536,H,artificial,H,complete,"542 [B, A, D, C, E, F, G, H, I]"
5537,5537,I,artificial,I,complete,"542 [B, A, D, C, E, F, G, H, I]"
5538,5538,B,artificial,D_Dupli,complete,"542 [B, A, D, C, E, F, G, H, I]"
5539,5539,G,artificial,G,complete,"543 [A, B, E, C, D, F, G, H, I]"
5540,5540,F,artificial,F,complete,"543 [A, B, E, C, D, F, G, H, I]"
5541,5541,A,artificial,A,complete,"543 [A, B, E, C, D, F, G, H, I]"
5542,5542,C,artificial,D_Dupli,complete,"543 [A, B, E, C, D, F, G, H, I]"
5543,5543,E,artificial,D_Dupli,complete,"543 [A, B, E, C, D, F, G, H, I]"
5544,5544,B,artificial,D_Dupli,complete,"543 [A, B, E, C, D, F, G, H, I]"
5545,5545,D,artificial,D_Dupli,complete,"543 [A, B, E, C, D, F, G, H, I]"
5546,5546,H,artificial,H,complete,"543 [A, B, E, C, D, F, G, H, I]"
5547,5547,I,artificial,I,complete,"543 [A, B, E, C, D, F, G, H, I]"
5548,5548,H,artificial,H,complete,"544 [B, A, D, C, E, F, G, I, H]"
5549,5549,G,artificial,G,complete,"544 [B, A, D, C, E, F, G, I, H]"
5550,5550,F,artificial,F,complete,"544 [B, A, D, C, E, F, G, I, H]"
5551,5551,E,artificial,D_Dupli,complete,"544 [B, A, D, C, E, F, G, I, H]"
5552,5552,C,artificial,D_Dupli,complete,"544 [B, A, D, C, E, F, G, I, H]"
5553,5553,D,artificial,D_Dupli,complete,"544 [B, A, D, C, E, F, G, I, H]"
5554,5554,A,artificial,A,complete,"544 [B, A, D, C, E, F, G, I, H]"
5555,5555,B,artificial,D_Dupli,complete,"544 [B, A, D, C, E, F, G, I, H]"
5556,5556,I,artificial,I,complete,"544 [B, A, D, C, E, F, G, I, H]"
5557,5557,B,artificial,D_Dupli,complete,"545 [A, B, D, E, C, F, G, I, H]"
5558,5558,D,artificial,D_Dupli,complete,"545 [A, B, D, E, C, F, G, I, H]"
5559,5559,E,artificial,D_Dupli,complete,"545 [A, B, D, E, C, F, G, I, H]"
5560,5560,C,artificial,D_Dupli,complete,"545 [A, B, D, E, C, F, G, I, H]"
5561,5561,A,artificial,A,complete,"545 [A, B, D, E, C, F, G, I, H]"
5562,5562,I,artificial,I,complete,"545 [A, B, D, E, C, F, G, I, H]"
5563,5563,H,artificial,H,complete,"545 [A, B, D, E, C, F, G, I, H]"
5564,5564,G,artificial,G,complete,"545 [A, B, D, E, C, F, G, I, H]"
5565,5565,F,artificial,F,complete,"545 [A, B, D, E, C, F, G, I, H]"
5566,5566,A,artificial,A,complete,"546 [A, B, E, D, C, F, G, H, I]"
5567,5567,B,artificial,D_Dupli,complete,"546 [A, B, E, D, C, F, G, H, I]"
5568,5568,E,artificial,D_Dupli,complete,"546 [A, B, E, D, C, F, G, H, I]"
5569,5569,D,artificial,D_Dupli,complete,"546 [A, B, E, D, C, F, G, H, I]"
5570,5570,F,artificial,F,complete,"546 [A, B, E, D, C, F, G, H, I]"
5571,5571,G,artificial,G,complete,"546 [A, B, E, D, C, F, G, H, I]"
5572,5572,H,artificial,H,complete,"546 [A, B, E, D, C, F, G, H, I]"
5573,5573,I,artificial,I,complete,"546 [A, B, E, D, C, F, G, H, I]"
5574,5574,C,artificial,D_Dupli,complete,"546 [A, B, E, D, C, F, G, H, I]"
5575,5575,I,artificial,I,complete,"547 [A, B, D, E, C, F, G, I, H]"
5576,5576,G,artificial,G,complete,"547 [A, B, D, E, C, F, G, I, H]"
5577,5577,F,artificial,F,complete,"547 [A, B, D, E, C, F, G, I, H]"
5578,5578,C,artificial,D_Dupli,complete,"547 [A, B, D, E, C, F, G, I, H]"
5579,5579,E,artificial,D_Dupli,complete,"547 [A, B, D, E, C, F, G, I, H]"
5580,5580,D,artificial,D_Dupli,complete,"547 [A, B, D, E, C, F, G, I, H]"
5581,5581,B,artificial,D_Dupli,complete,"547 [A, B, D, E, C, F, G, I, H]"
5582,5582,A,artificial,A,complete,"547 [A, B, D, E, C, F, G, I, H]"
5583,5583,H,artificial,H,complete,"547 [A, B, D, E, C, F, G, I, H]"
5584,5584,E,artificial,D_Dupli,complete,"548 [B, A, E, C, D, F, G, H, I]"
5585,5585,A,artificial,A,complete,"548 [B, A, E, C, D, F, G, H, I]"
5586,5586,B,artificial,D_Dupli,complete,"548 [B, A, E, C, D, F, G, H, I]"
5587,5587,I,artificial,I,complete,"548 [B, A, E, C, D, F, G, H, I]"
5588,5588,H,artificial,H,complete,"548 [B, A, E, C, D, F, G, H, I]"
5589,5589,G,artificial,G,complete,"548 [B, A, E, C, D, F, G, H, I]"
5590,5590,F,artificial,F,complete,"548 [B, A, E, C, D, F, G, H, I]"
5591,5591,D,artificial,D_Dupli,complete,"548 [B, A, E, C, D, F, G, H, I]"
5592,5592,C,artificial,D_Dupli,complete,"548 [B, A, E, C, D, F, G, H, I]"
5593,5593,D,artificial,D_Dupli,complete,"549 [B, A, C, D, E, F, G, H, I]"
5594,5594,C,artificial,D_Dupli,complete,"549 [B, A, C, D, E, F, G, H, I]"
5595,5595,G,artificial,G,complete,"549 [B, A, C, D, E, F, G, H, I]"
5596,5596,H,artificial,H,complete,"549 [B, A, C, D, E, F, G, H, I]"
5597,5597,I,artificial,I,complete,"549 [B, A, C, D, E, F, G, H, I]"
5598,5598,A,artificial,A,complete,"549 [B, A, C, D, E, F, G, H, I]"
5599,5599,B,artificial,D_Dupli,complete,"549 [B, A, C, D, E, F, G, H, I]"
5600,5600,E,artificial,D_Dupli,complete,"549 [B, A, C, D, E, F, G, H, I]"
5601,5601,F,artificial,F,complete,"549 [B, A, C, D, E, F, G, H, I]"
5602,5602,B,artificial,D_Dupli,complete,"55 [A, B, E, C, D, F, G, I, H]"
5603,5603,F,artificial,F,complete,"55 [A, B, E, C, D, F, G, I, H]"
5604,5604,A,artificial,A,complete,"55 [A, B, E, C, D, F, G, I, H]"
5605,5605,H,artificial,H,complete,"55 [A, B, E, C, D, F, G, I, H]"
5606,5606,I,artificial,I,complete,"55 [A, B, E, C, D, F, G, I, H]"
5607,5607,G,artificial,G,complete,"55 [A, B, E, C, D, F, G, I, H]"
5608,5608,E,artificial,D_Dupli,complete,"55 [A, B, E, C, D, F, G, I, H]"
5609,5609,D,artificial,D_Dupli,complete,"55 [A, B, E, C, D, F, G, I, H]"
5610,5610,C,artificial,D_Dupli,complete,"55 [A, B, E, C, D, F, G, I, H]"
5611,5611,G,artificial,G,complete,"550 [A, B, D, E, C, F, G, H, I]"
5612,5612,F,artificial,F,complete,"550 [A, B, D, E, C, F, G, H, I]"
5613,5613,C,artificial,D_Dupli,complete,"550 [A, B, D, E, C, F, G, H, I]"
5614,5614,E,artificial,D_Dupli,complete,"550 [A, B, D, E, C, F, G, H, I]"
5615,5615,D,artificial,D_Dupli,complete,"550 [A, B, D, E, C, F, G, H, I]"
5616,5616,B,artificial,D_Dupli,complete,"550 [A, B, D, E, C, F, G, H, I]"
5617,5617,A,artificial,A,complete,"550 [A, B, D, E, C, F, G, H, I]"
5618,5618,I,artificial,I,complete,"550 [A, B, D, E, C, F, G, H, I]"
5619,5619,H,artificial,H,complete,"550 [A, B, D, E, C, F, G, H, I]"
5620,5620,I,artificial,I,complete,"551 [B, A, D, C, E, F, G, H, I]"
5621,5621,H,artificial,H,complete,"551 [B, A, D, C, E, F, G, H, I]"
5622,5622,G,artificial,G,complete,"551 [B, A, D, C, E, F, G, H, I]"
5623,5623,F,artificial,F,complete,"551 [B, A, D, C, E, F, G, H, I]"
5624,5624,E,artificial,D_Dupli,complete,"551 [B, A, D, C, E, F, G, H, I]"
5625,5625,D,artificial,D_Dupli,complete,"551 [B, A, D, C, E, F, G, H, I]"
5626,5626,A,artificial,A,complete,"551 [B, A, D, C, E, F, G, H, I]"
5627,5627,B,artificial,D_Dupli,complete,"551 [B, A, D, C, E, F, G, H, I]"
5628,5628,C,artificial,D_Dupli,complete,"551 [B, A, D, C, E, F, G, H, I]"
5629,5629,G,artificial,G,complete,"552 [B, A, D, C, E, F, G, H, I, J, K, F, G, I, H]"
5630,5630,H,artificial,H,complete,"552 [B, A, D, C, E, F, G, H, I, J, K, F, G, I, H]"
5631,5631,I,artificial,I,complete,"552 [B, A, D, C, E, F, G, H, I, J, K, F, G, I, H]"
5632,5632,F,artificial,F,complete,"552 [B, A, D, C, E, F, G, H, I, J, K, F, G, I, H]"
5633,5633,K,artificial,K,complete,"552 [B, A, D, C, E, F, G, H, I, J, K, F, G, I, H]"
5634,5634,J,artificial,J,complete,"552 [B, A, D, C, E, F, G, H, I, J, K, F, G, I, H]"
5635,5635,H,artificial,H,complete,"552 [B, A, D, C, E, F, G, H, I, J, K, F, G, I, H]"
5636,5636,G,artificial,G,complete,"552 [B, A, D, C, E, F, G, H, I, J, K, F, G, I, H]"
5637,5637,F,artificial,F,complete,"552 [B, A, D, C, E, F, G, H, I, J, K, F, G, I, H]"
5638,5638,E,artificial,D_Dupli,complete,"552 [B, A, D, C, E, F, G, H, I, J, K, F, G, I, H]"
5639,5639,I,artificial,I,complete,"552 [B, A, D, C, E, F, G, H, I, J, K, F, G, I, H]"
5640,5640,D,artificial,D_Dupli,complete,"552 [B, A, D, C, E, F, G, H, I, J, K, F, G, I, H]"
5641,5641,A,artificial,A,complete,"552 [B, A, D, C, E, F, G, H, I, J, K, F, G, I, H]"
5642,5642,B,artificial,D_Dupli,complete,"552 [B, A, D, C, E, F, G, H, I, J, K, F, G, I, H]"
5643,5643,C,artificial,D_Dupli,complete,"552 [B, A, D, C, E, F, G, H, I, J, K, F, G, I, H]"
5644,5644,G,artificial,G,complete,"553 [B, A, C, E, D, F, G, I, H]"
5645,5645,F,artificial,F,complete,"553 [B, A, C, E, D, F, G, I, H]"
5646,5646,D,artificial,D_Dupli,complete,"553 [B, A, C, E, D, F, G, I, H]"
5647,5647,E,artificial,D_Dupli,complete,"553 [B, A, C, E, D, F, G, I, H]"
5648,5648,C,artificial,D_Dupli,complete,"553 [B, A, C, E, D, F, G, I, H]"
5649,5649,A,artificial,A,complete,"553 [B, A, C, E, D, F, G, I, H]"
5650,5650,B,artificial,D_Dupli,complete,"553 [B, A, C, E, D, F, G, I, H]"
5651,5651,H,artificial,H,complete,"553 [B, A, C, E, D, F, G, I, H]"
5652,5652,I,artificial,I,complete,"553 [B, A, C, E, D, F, G, I, H]"
5653,5653,B,artificial,D_Dupli,complete,"554 [B, A, D, E, C, F, G, I, H]"
5654,5654,C,artificial,D_Dupli,complete,"554 [B, A, D, E, C, F, G, I, H]"
5655,5655,E,artificial,D_Dupli,complete,"554 [B, A, D, E, C, F, G, I, H]"
5656,5656,D,artificial,D_Dupli,complete,"554 [B, A, D, E, C, F, G, I, H]"
5657,5657,A,artificial,A,complete,"554 [B, A, D, E, C, F, G, I, H]"
5658,5658,G,artificial,G,complete,"554 [B, A, D, E, C, F, G, I, H]"
5659,5659,F,artificial,F,complete,"554 [B, A, D, E, C, F, G, I, H]"
5660,5660,H,artificial,H,complete,"554 [B, A, D, E, C, F, G, I, H]"
5661,5661,I,artificial,I,complete,"554 [B, A, D, E, C, F, G, I, H]"
5662,5662,C,artificial,D_Dupli,complete,"555 [A, B, C, D, E, F, G, H, I]"
5663,5663,D,artificial,D_Dupli,complete,"555 [A, B, C, D, E, F, G, H, I]"
5664,5664,F,artificial,F,complete,"555 [A, B, C, D, E, F, G, H, I]"
5665,5665,G,artificial,G,complete,"555 [A, B, C, D, E, F, G, H, I]"
5666,5666,H,artificial,H,complete,"555 [A, B, C, D, E, F, G, H, I]"
5667,5667,I,artificial,I,complete,"555 [A, B, C, D, E, F, G, H, I]"
5668,5668,B,artificial,D_Dupli,complete,"555 [A, B, C, D, E, F, G, H, I]"
5669,5669,E,artificial,D_Dupli,complete,"555 [A, B, C, D, E, F, G, H, I]"
5670,5670,A,artificial,A,complete,"555 [A, B, C, D, E, F, G, H, I]"
5671,5671,G,artificial,G,complete,"556 [B, A, E, D, C, F, G, I, H]"
5672,5672,F,artificial,F,complete,"556 [B, A, E, D, C, F, G, I, H]"
5673,5673,C,artificial,D_Dupli,complete,"556 [B, A, E, D, C, F, G, I, H]"
5674,5674,D,artificial,D_Dupli,complete,"556 [B, A, E, D, C, F, G, I, H]"
5675,5675,E,artificial,D_Dupli,complete,"556 [B, A, E, D, C, F, G, I, H]"
5676,5676,A,artificial,A,complete,"556 [B, A, E, D, C, F, G, I, H]"
5677,5677,I,artificial,I,complete,"556 [B, A, E, D, C, F, G, I, H]"
5678,5678,B,artificial,D_Dupli,complete,"556 [B, A, E, D, C, F, G, I, H]"
5679,5679,H,artificial,H,complete,"556 [B, A, E, D, C, F, G, I, H]"
5680,5680,C,artificial,D_Dupli,complete,"557 [A, B, D, C, E, F, G, H, I]"
5681,5681,E,artificial,D_Dupli,complete,"557 [A, B, D, C, E, F, G, H, I]"
5682,5682,F,artificial,F,complete,"557 [A, B, D, C, E, F, G, H, I]"
5683,5683,G,artificial,G,complete,"557 [A, B, D, C, E, F, G, H, I]"
5684,5684,H,artificial,H,complete,"557 [A, B, D, C, E, F, G, H, I]"
5685,5685,I,artificial,I,complete,"557 [A, B, D, C, E, F, G, H, I]"
5686,5686,D,artificial,D_Dupli,complete,"557 [A, B, D, C, E, F, G, H, I]"
5687,5687,B,artificial,D_Dupli,complete,"557 [A, B, D, C, E, F, G, H, I]"
5688,5688,A,artificial,A,complete,"557 [A, B, D, C, E, F, G, H, I]"
5689,5689,A,artificial,A,complete,"558 [B, A, D, C, E, F, G, I, H]"
5690,5690,C,artificial,D_Dupli,complete,"558 [B, A, D, C, E, F, G, I, H]"
5691,5691,E,artificial,D_Dupli,complete,"558 [B, A, D, C, E, F, G, I, H]"
5692,5692,F,artificial,F,complete,"558 [B, A, D, C, E, F, G, I, H]"
5693,5693,G,artificial,G,complete,"558 [B, A, D, C, E, F, G, I, H]"
5694,5694,I,artificial,I,complete,"558 [B, A, D, C, E, F, G, I, H]"
5695,5695,H,artificial,H,complete,"558 [B, A, D, C, E, F, G, I, H]"
5696,5696,B,artificial,D_Dupli,complete,"558 [B, A, D, C, E, F, G, I, H]"
5697,5697,D,artificial,D_Dupli,complete,"558 [B, A, D, C, E, F, G, I, H]"
5698,5698,G,artificial,G,complete,"559 [A, B, D, E, C, F, G, H, I, J, K, F, G, I, H]"
5699,5699,F,artificial,F,complete,"559 [A, B, D, E, C, F, G, H, I, J, K, F, G, I, H]"
5700,5700,I,artificial,I,complete,"559 [A, B, D, E, C, F, G, H, I, J, K, F, G, I, H]"
5701,5701,G,artificial,G,complete,"559 [A, B, D, E, C, F, G, H, I, J, K, F, G, I, H]"
5702,5702,F,artificial,F,complete,"559 [A, B, D, E, C, F, G, H, I, J, K, F, G, I, H]"
5703,5703,H,artificial,H,complete,"559 [A, B, D, E, C, F, G, H, I, J, K, F, G, I, H]"
5704,5704,K,artificial,K,complete,"559 [A, B, D, E, C, F, G, H, I, J, K, F, G, I, H]"
5705,5705,I,artificial,I,complete,"559 [A, B, D, E, C, F, G, H, I, J, K, F, G, I, H]"
5706,5706,H,artificial,H,complete,"559 [A, B, D, E, C, F, G, H, I, J, K, F, G, I, H]"
5707,5707,C,artificial,D_Dupli,complete,"559 [A, B, D, E, C, F, G, H, I, J, K, F, G, I, H]"
5708,5708,J,artificial,J,complete,"559 [A, B, D, E, C, F, G, H, I, J, K, F, G, I, H]"
5709,5709,D,artificial,D_Dupli,complete,"559 [A, B, D, E, C, F, G, H, I, J, K, F, G, I, H]"
5710,5710,B,artificial,D_Dupli,complete,"559 [A, B, D, E, C, F, G, H, I, J, K, F, G, I, H]"
5711,5711,A,artificial,A,complete,"559 [A, B, D, E, C, F, G, H, I, J, K, F, G, I, H]"
5712,5712,E,artificial,D_Dupli,complete,"559 [A, B, D, E, C, F, G, H, I, J, K, F, G, I, H]"
5713,5713,G,artificial,G,complete,"56 [B, A, E, D, C, F, G, I, H]"
5714,5714,F,artificial,F,complete,"56 [B, A, E, D, C, F, G, I, H]"
5715,5715,C,artificial,D_Dupli,complete,"56 [B, A, E, D, C, F, G, I, H]"
5716,5716,I,artificial,I,complete,"56 [B, A, E, D, C, F, G, I, H]"
5717,5717,E,artificial,D_Dupli,complete,"56 [B, A, E, D, C, F, G, I, H]"
5718,5718,H,artificial,H,complete,"56 [B, A, E, D, C, F, G, I, H]"
5719,5719,A,artificial,A,complete,"56 [B, A, E, D, C, F, G, I, H]"
5720,5720,D,artificial,D_Dupli,complete,"56 [B, A, E, D, C, F, G, I, H]"
5721,5721,B,artificial,D_Dupli,complete,"56 [B, A, E, D, C, F, G, I, H]"
5722,5722,H,artificial,H,complete,"560 [A, B, E, D, C, F, G, I, H]"
5723,5723,I,artificial,I,complete,"560 [A, B, E, D, C, F, G, I, H]"
5724,5724,G,artificial,G,complete,"560 [A, B, E, D, C, F, G, I, H]"
5725,5725,F,artificial,F,complete,"560 [A, B, E, D, C, F, G, I, H]"
5726,5726,C,artificial,D_Dupli,complete,"560 [A, B, E, D, C, F, G, I, H]"
5727,5727,D,artificial,D_Dupli,complete,"560 [A, B, E, D, C, F, G, I, H]"
5728,5728,E,artificial,D_Dupli,complete,"560 [A, B, E, D, C, F, G, I, H]"
5729,5729,B,artificial,D_Dupli,complete,"560 [A, B, E, D, C, F, G, I, H]"
5730,5730,A,artificial,A,complete,"560 [A, B, E, D, C, F, G, I, H]"
5731,5731,I,artificial,I,complete,"561 [A, B, E, C, D, F, G, H, I]"
5732,5732,H,artificial,H,complete,"561 [A, B, E, C, D, F, G, H, I]"
5733,5733,G,artificial,G,complete,"561 [A, B, E, C, D, F, G, H, I]"
5734,5734,E,artificial,D_Dupli,complete,"561 [A, B, E, C, D, F, G, H, I]"
5735,5735,D,artificial,D_Dupli,complete,"561 [A, B, E, C, D, F, G, H, I]"
5736,5736,C,artificial,D_Dupli,complete,"561 [A, B, E, C, D, F, G, H, I]"
5737,5737,B,artificial,D_Dupli,complete,"561 [A, B, E, C, D, F, G, H, I]"
5738,5738,A,artificial,A,complete,"561 [A, B, E, C, D, F, G, H, I]"
5739,5739,F,artificial,F,complete,"561 [A, B, E, C, D, F, G, H, I]"
5740,5740,L,artificial,L,complete,"562 [B, A, D, C, E, F, G, H, I, J, K, L, J, K, F, G, H, I]"
5741,5741,I,artificial,I,complete,"562 [B, A, D, C, E, F, G, H, I, J, K, L, J, K, F, G, H, I]"
5742,5742,G,artificial,G,complete,"562 [B, A, D, C, E, F, G, H, I, J, K, L, J, K, F, G, H, I]"
5743,5743,F,artificial,F,complete,"562 [B, A, D, C, E, F, G, H, I, J, K, L, J, K, F, G, H, I]"
5744,5744,K,artificial,K,complete,"562 [B, A, D, C, E, F, G, H, I, J, K, L, J, K, F, G, H, I]"
5745,5745,J,artificial,J,complete,"562 [B, A, D, C, E, F, G, H, I, J, K, L, J, K, F, G, H, I]"
5746,5746,K,artificial,K,complete,"562 [B, A, D, C, E, F, G, H, I, J, K, L, J, K, F, G, H, I]"
5747,5747,H,artificial,H,complete,"562 [B, A, D, C, E, F, G, H, I, J, K, L, J, K, F, G, H, I]"
5748,5748,I,artificial,I,complete,"562 [B, A, D, C, E, F, G, H, I, J, K, L, J, K, F, G, H, I]"
5749,5749,H,artificial,H,complete,"562 [B, A, D, C, E, F, G, H, I, J, K, L, J, K, F, G, H, I]"
5750,5750,G,artificial,G,complete,"562 [B, A, D, C, E, F, G, H, I, J, K, L, J, K, F, G, H, I]"
5751,5751,F,artificial,F,complete,"562 [B, A, D, C, E, F, G, H, I, J, K, L, J, K, F, G, H, I]"
5752,5752,E,artificial,D_Dupli,complete,"562 [B, A, D, C, E, F, G, H, I, J, K, L, J, K, F, G, H, I]"
5753,5753,C,artificial,D_Dupli,complete,"562 [B, A, D, C, E, F, G, H, I, J, K, L, J, K, F, G, H, I]"
5754,5754,D,artificial,D_Dupli,complete,"562 [B, A, D, C, E, F, G, H, I, J, K, L, J, K, F, G, H, I]"
5755,5755,A,artificial,A,complete,"562 [B, A, D, C, E, F, G, H, I, J, K, L, J, K, F, G, H, I]"
5756,5756,J,artificial,J,complete,"562 [B, A, D, C, E, F, G, H, I, J, K, L, J, K, F, G, H, I]"
5757,5757,B,artificial,D_Dupli,complete,"562 [B, A, D, C, E, F, G, H, I, J, K, L, J, K, F, G, H, I]"
5758,5758,I,artificial,I,complete,"563 [A, B, E, C, D, F, G, H, I]"
5759,5759,H,artificial,H,complete,"563 [A, B, E, C, D, F, G, H, I]"
5760,5760,G,artificial,G,complete,"563 [A, B, E, C, D, F, G, H, I]"
5761,5761,E,artificial,D_Dupli,complete,"563 [A, B, E, C, D, F, G, H, I]"
5762,5762,D,artificial,D_Dupli,complete,"563 [A, B, E, C, D, F, G, H, I]"
5763,5763,C,artificial,D_Dupli,complete,"563 [A, B, E, C, D, F, G, H, I]"
5764,5764,B,artificial,D_Dupli,complete,"563 [A, B, E, C, D, F, G, H, I]"
5765,5765,F,artificial,F,complete,"563 [A, B, E, C, D, F, G, H, I]"
5766,5766,A,artificial,A,complete,"563 [A, B, E, C, D, F, G, H, I]"
5767,5767,I,artificial,I,complete,"564 [A, B, C, D, E, F, G, I, H]"
5768,5768,G,artificial,G,complete,"564 [A, B, C, D, E, F, G, I, H]"
5769,5769,F,artificial,F,complete,"564 [A, B, C, D, E, F, G, I, H]"
5770,5770,H,artificial,H,complete,"564 [A, B, C, D, E, F, G, I, H]"
5771,5771,D,artificial,D_Dupli,complete,"564 [A, B, C, D, E, F, G, I, H]"
5772,5772,C,artificial,D_Dupli,complete,"564 [A, B, C, D, E, F, G, I, H]"
5773,5773,B,artificial,D_Dupli,complete,"564 [A, B, C, D, E, F, G, I, H]"
5774,5774,E,artificial,D_Dupli,complete,"564 [A, B, C, D, E, F, G, I, H]"
5775,5775,A,artificial,A,complete,"564 [A, B, C, D, E, F, G, I, H]"
5776,5776,H,artificial,H,complete,"565 [B, A, D, E, C, F, G, I, H]"
5777,5777,I,artificial,I,complete,"565 [B, A, D, E, C, F, G, I, H]"
5778,5778,F,artificial,F,complete,"565 [B, A, D, E, C, F, G, I, H]"
5779,5779,G,artificial,G,complete,"565 [B, A, D, E, C, F, G, I, H]"
5780,5780,E,artificial,D_Dupli,complete,"565 [B, A, D, E, C, F, G, I, H]"
5781,5781,D,artificial,D_Dupli,complete,"565 [B, A, D, E, C, F, G, I, H]"
5782,5782,A,artificial,A,complete,"565 [B, A, D, E, C, F, G, I, H]"
5783,5783,B,artificial,D_Dupli,complete,"565 [B, A, D, E, C, F, G, I, H]"
5784,5784,C,artificial,D_Dupli,complete,"565 [B, A, D, E, C, F, G, I, H]"
5785,5785,H,artificial,H,complete,"566 [B, A, D, E, C, F, G, I, H, M, O, N, F, G, I, H]"
5786,5786,G,artificial,G,complete,"566 [B, A, D, E, C, F, G, I, H, M, O, N, F, G, I, H]"
5787,5787,F,artificial,F,complete,"566 [B, A, D, E, C, F, G, I, H, M, O, N, F, G, I, H]"
5788,5788,N,artificial,N,complete,"566 [B, A, D, E, C, F, G, I, H, M, O, N, F, G, I, H]"
5789,5789,O,artificial,O,complete,"566 [B, A, D, E, C, F, G, I, H, M, O, N, F, G, I, H]"
5790,5790,M,artificial,M,complete,"566 [B, A, D, E, C, F, G, I, H, M, O, N, F, G, I, H]"
5791,5791,G,artificial,G,complete,"566 [B, A, D, E, C, F, G, I, H, M, O, N, F, G, I, H]"
5792,5792,I,artificial,I,complete,"566 [B, A, D, E, C, F, G, I, H, M, O, N, F, G, I, H]"
5793,5793,F,artificial,F,complete,"566 [B, A, D, E, C, F, G, I, H, M, O, N, F, G, I, H]"
5794,5794,C,artificial,D_Dupli,complete,"566 [B, A, D, E, C, F, G, I, H, M, O, N, F, G, I, H]"
5795,5795,E,artificial,D_Dupli,complete,"566 [B, A, D, E, C, F, G, I, H, M, O, N, F, G, I, H]"
5796,5796,A,artificial,A,complete,"566 [B, A, D, E, C, F, G, I, H, M, O, N, F, G, I, H]"
5797,5797,B,artificial,D_Dupli,complete,"566 [B, A, D, E, C, F, G, I, H, M, O, N, F, G, I, H]"
5798,5798,H,artificial,H,complete,"566 [B, A, D, E, C, F, G, I, H, M, O, N, F, G, I, H]"
5799,5799,D,artificial,D_Dupli,complete,"566 [B, A, D, E, C, F, G, I, H, M, O, N, F, G, I, H]"
5800,5800,I,artificial,I,complete,"566 [B, A, D, E, C, F, G, I, H, M, O, N, F, G, I, H]"
5801,5801,B,artificial,D_Dupli,complete,"567 [B, A, C, D, E, F, G, I, H]"
5802,5802,C,artificial,D_Dupli,complete,"567 [B, A, C, D, E, F, G, I, H]"
5803,5803,D,artificial,D_Dupli,complete,"567 [B, A, C, D, E, F, G, I, H]"
5804,5804,E,artificial,D_Dupli,complete,"567 [B, A, C, D, E, F, G, I, H]"
5805,5805,F,artificial,F,complete,"567 [B, A, C, D, E, F, G, I, H]"
5806,5806,G,artificial,G,complete,"567 [B, A, C, D, E, F, G, I, H]"
5807,5807,I,artificial,I,complete,"567 [B, A, C, D, E, F, G, I, H]"
5808,5808,H,artificial,H,complete,"567 [B, A, C, D, E, F, G, I, H]"
5809,5809,A,artificial,A,complete,"567 [B, A, C, D, E, F, G, I, H]"
5810,5810,H,artificial,H,complete,"568 [A, B, C, E, D, F, G, I, H]"
5811,5811,I,artificial,I,complete,"568 [A, B, C, E, D, F, G, I, H]"
5812,5812,G,artificial,G,complete,"568 [A, B, C, E, D, F, G, I, H]"
5813,5813,F,artificial,F,complete,"568 [A, B, C, E, D, F, G, I, H]"
5814,5814,C,artificial,D_Dupli,complete,"568 [A, B, C, E, D, F, G, I, H]"
5815,5815,E,artificial,D_Dupli,complete,"568 [A, B, C, E, D, F, G, I, H]"
5816,5816,B,artificial,D_Dupli,complete,"568 [A, B, C, E, D, F, G, I, H]"
5817,5817,A,artificial,A,complete,"568 [A, B, C, E, D, F, G, I, H]"
5818,5818,D,artificial,D_Dupli,complete,"568 [A, B, C, E, D, F, G, I, H]"
5819,5819,G,artificial,G,complete,"569 [A, B, E, D, C, F, G, H, I]"
5820,5820,I,artificial,I,complete,"569 [A, B, E, D, C, F, G, H, I]"
5821,5821,H,artificial,H,complete,"569 [A, B, E, D, C, F, G, H, I]"
5822,5822,F,artificial,F,complete,"569 [A, B, E, D, C, F, G, H, I]"
5823,5823,A,artificial,A,complete,"569 [A, B, E, D, C, F, G, H, I]"
5824,5824,D,artificial,D_Dupli,complete,"569 [A, B, E, D, C, F, G, H, I]"
5825,5825,E,artificial,D_Dupli,complete,"569 [A, B, E, D, C, F, G, H, I]"
5826,5826,B,artificial,D_Dupli,complete,"569 [A, B, E, D, C, F, G, H, I]"
5827,5827,C,artificial,D_Dupli,complete,"569 [A, B, E, D, C, F, G, H, I]"
5828,5828,B,artificial,D_Dupli,complete,"57 [A, B, E, C, D, F, G, I, H]"
5829,5829,H,artificial,H,complete,"57 [A, B, E, C, D, F, G, I, H]"
5830,5830,I,artificial,I,complete,"57 [A, B, E, C, D, F, G, I, H]"
5831,5831,F,artificial,F,complete,"57 [A, B, E, C, D, F, G, I, H]"
5832,5832,D,artificial,D_Dupli,complete,"57 [A, B, E, C, D, F, G, I, H]"
5833,5833,C,artificial,D_Dupli,complete,"57 [A, B, E, C, D, F, G, I, H]"
5834,5834,E,artificial,D_Dupli,complete,"57 [A, B, E, C, D, F, G, I, H]"
5835,5835,A,artificial,A,complete,"57 [A, B, E, C, D, F, G, I, H]"
5836,5836,G,artificial,G,complete,"57 [A, B, E, C, D, F, G, I, H]"
5837,5837,I,artificial,I,complete,"570 [A, B, C, D, E, F, G, H, I]"
5838,5838,A,artificial,A,complete,"570 [A, B, C, D, E, F, G, H, I]"
5839,5839,C,artificial,D_Dupli,complete,"570 [A, B, C, D, E, F, G, H, I]"
5840,5840,D,artificial,D_Dupli,complete,"570 [A, B, C, D, E, F, G, H, I]"
5841,5841,B,artificial,D_Dupli,complete,"570 [A, B, C, D, E, F, G, H, I]"
5842,5842,F,artificial,F,complete,"570 [A, B, C, D, E, F, G, H, I]"
5843,5843,G,artificial,G,complete,"570 [A, B, C, D, E, F, G, H, I]"
5844,5844,H,artificial,H,complete,"570 [A, B, C, D, E, F, G, H, I]"
5845,5845,E,artificial,D_Dupli,complete,"570 [A, B, C, D, E, F, G, H, I]"
5846,5846,H,artificial,H,complete,"571 [B, A, C, D, E, F, G, I, H]"
5847,5847,C,artificial,D_Dupli,complete,"571 [B, A, C, D, E, F, G, I, H]"
5848,5848,I,artificial,I,complete,"571 [B, A, C, D, E, F, G, I, H]"
5849,5849,G,artificial,G,complete,"571 [B, A, C, D, E, F, G, I, H]"
5850,5850,F,artificial,F,complete,"571 [B, A, C, D, E, F, G, I, H]"
5851,5851,E,artificial,D_Dupli,complete,"571 [B, A, C, D, E, F, G, I, H]"
5852,5852,D,artificial,D_Dupli,complete,"571 [B, A, C, D, E, F, G, I, H]"
5853,5853,B,artificial,D_Dupli,complete,"571 [B, A, C, D, E, F, G, I, H]"
5854,5854,A,artificial,A,complete,"571 [B, A, C, D, E, F, G, I, H]"
5855,5855,A,artificial,A,complete,"572 [B, A, D, E, C, F, G, I, H]"
5856,5856,H,artificial,H,complete,"572 [B, A, D, E, C, F, G, I, H]"
5857,5857,I,artificial,I,complete,"572 [B, A, D, E, C, F, G, I, H]"
5858,5858,G,artificial,G,complete,"572 [B, A, D, E, C, F, G, I, H]"
5859,5859,F,artificial,F,complete,"572 [B, A, D, E, C, F, G, I, H]"
5860,5860,C,artificial,D_Dupli,complete,"572 [B, A, D, E, C, F, G, I, H]"
5861,5861,E,artificial,D_Dupli,complete,"572 [B, A, D, E, C, F, G, I, H]"
5862,5862,B,artificial,D_Dupli,complete,"572 [B, A, D, E, C, F, G, I, H]"
5863,5863,D,artificial,D_Dupli,complete,"572 [B, A, D, E, C, F, G, I, H]"
5864,5864,G,artificial,G,complete,"573 [B, A, D, E, C, F, G, I, H]"
5865,5865,F,artificial,F,complete,"573 [B, A, D, E, C, F, G, I, H]"
5866,5866,C,artificial,D_Dupli,complete,"573 [B, A, D, E, C, F, G, I, H]"
5867,5867,E,artificial,D_Dupli,complete,"573 [B, A, D, E, C, F, G, I, H]"
5868,5868,D,artificial,D_Dupli,complete,"573 [B, A, D, E, C, F, G, I, H]"
5869,5869,A,artificial,A,complete,"573 [B, A, D, E, C, F, G, I, H]"
5870,5870,B,artificial,D_Dupli,complete,"573 [B, A, D, E, C, F, G, I, H]"
5871,5871,H,artificial,H,complete,"573 [B, A, D, E, C, F, G, I, H]"
5872,5872,I,artificial,I,complete,"573 [B, A, D, E, C, F, G, I, H]"
5873,5873,G,artificial,G,complete,"574 [B, A, D, C, E, F, G, I, H, O, M, N, F, G, H, I]"
5874,5874,F,artificial,F,complete,"574 [B, A, D, C, E, F, G, I, H, O, M, N, F, G, H, I]"
5875,5875,N,artificial,N,complete,"574 [B, A, D, C, E, F, G, I, H, O, M, N, F, G, H, I]"
5876,5876,M,artificial,M,complete,"574 [B, A, D, C, E, F, G, I, H, O, M, N, F, G, H, I]"
5877,5877,O,artificial,O,complete,"574 [B, A, D, C, E, F, G, I, H, O, M, N, F, G, H, I]"
5878,5878,H,artificial,H,complete,"574 [B, A, D, C, E, F, G, I, H, O, M, N, F, G, H, I]"
5879,5879,I,artificial,I,complete,"574 [B, A, D, C, E, F, G, I, H, O, M, N, F, G, H, I]"
5880,5880,B,artificial,D_Dupli,complete,"574 [B, A, D, C, E, F, G, I, H, O, M, N, F, G, H, I]"
5881,5881,A,artificial,A,complete,"574 [B, A, D, C, E, F, G, I, H, O, M, N, F, G, H, I]"
5882,5882,D,artificial,D_Dupli,complete,"574 [B, A, D, C, E, F, G, I, H, O, M, N, F, G, H, I]"
5883,5883,C,artificial,D_Dupli,complete,"574 [B, A, D, C, E, F, G, I, H, O, M, N, F, G, H, I]"
5884,5884,E,artificial,D_Dupli,complete,"574 [B, A, D, C, E, F, G, I, H, O, M, N, F, G, H, I]"
5885,5885,G,artificial,G,complete,"574 [B, A, D, C, E, F, G, I, H, O, M, N, F, G, H, I]"
5886,5886,F,artificial,F,complete,"574 [B, A, D, C, E, F, G, I, H, O, M, N, F, G, H, I]"
5887,5887,I,artificial,I,complete,"574 [B, A, D, C, E, F, G, I, H, O, M, N, F, G, H, I]"
5888,5888,H,artificial,H,complete,"574 [B, A, D, C, E, F, G, I, H, O, M, N, F, G, H, I]"
5889,5889,A,artificial,A,complete,"575 [B, A, D, E, C, F, G, H, I, J, K, F, G, H, I]"
5890,5890,D,artificial,D_Dupli,complete,"575 [B, A, D, E, C, F, G, H, I, J, K, F, G, H, I]"
5891,5891,E,artificial,D_Dupli,complete,"575 [B, A, D, E, C, F, G, H, I, J, K, F, G, H, I]"
5892,5892,C,artificial,D_Dupli,complete,"575 [B, A, D, E, C, F, G, H, I, J, K, F, G, H, I]"
5893,5893,F,artificial,F,complete,"575 [B, A, D, E, C, F, G, H, I, J, K, F, G, H, I]"
5894,5894,G,artificial,G,complete,"575 [B, A, D, E, C, F, G, H, I, J, K, F, G, H, I]"
5895,5895,H,artificial,H,complete,"575 [B, A, D, E, C, F, G, H, I, J, K, F, G, H, I]"
5896,5896,I,artificial,I,complete,"575 [B, A, D, E, C, F, G, H, I, J, K, F, G, H, I]"
5897,5897,K,artificial,K,complete,"575 [B, A, D, E, C, F, G, H, I, J, K, F, G, H, I]"
5898,5898,G,artificial,G,complete,"575 [B, A, D, E, C, F, G, H, I, J, K, F, G, H, I]"
5899,5899,H,artificial,H,complete,"575 [B, A, D, E, C, F, G, H, I, J, K, F, G, H, I]"
5900,5900,I,artificial,I,complete,"575 [B, A, D, E, C, F, G, H, I, J, K, F, G, H, I]"
5901,5901,B,artificial,D_Dupli,complete,"575 [B, A, D, E, C, F, G, H, I, J, K, F, G, H, I]"
5902,5902,J,artificial,J,complete,"575 [B, A, D, E, C, F, G, H, I, J, K, F, G, H, I]"
5903,5903,F,artificial,F,complete,"575 [B, A, D, E, C, F, G, H, I, J, K, F, G, H, I]"
5904,5904,F,artificial,F,complete,"576 [B, A, C, D, E, F, G, H, I, J, K, F, G, I, H]"
5905,5905,H,artificial,H,complete,"576 [B, A, C, D, E, F, G, H, I, J, K, F, G, I, H]"
5906,5906,I,artificial,I,complete,"576 [B, A, C, D, E, F, G, H, I, J, K, F, G, I, H]"
5907,5907,G,artificial,G,complete,"576 [B, A, C, D, E, F, G, H, I, J, K, F, G, I, H]"
5908,5908,K,artificial,K,complete,"576 [B, A, C, D, E, F, G, H, I, J, K, F, G, I, H]"
5909,5909,J,artificial,J,complete,"576 [B, A, C, D, E, F, G, H, I, J, K, F, G, I, H]"
5910,5910,I,artificial,I,complete,"576 [B, A, C, D, E, F, G, H, I, J, K, F, G, I, H]"
5911,5911,H,artificial,H,complete,"576 [B, A, C, D, E, F, G, H, I, J, K, F, G, I, H]"
5912,5912,G,artificial,G,complete,"576 [B, A, C, D, E, F, G, H, I, J, K, F, G, I, H]"
5913,5913,F,artificial,F,complete,"576 [B, A, C, D, E, F, G, H, I, J, K, F, G, I, H]"
5914,5914,E,artificial,D_Dupli,complete,"576 [B, A, C, D, E, F, G, H, I, J, K, F, G, I, H]"
5915,5915,C,artificial,D_Dupli,complete,"576 [B, A, C, D, E, F, G, H, I, J, K, F, G, I, H]"
5916,5916,A,artificial,A,complete,"576 [B, A, C, D, E, F, G, H, I, J, K, F, G, I, H]"
5917,5917,B,artificial,D_Dupli,complete,"576 [B, A, C, D, E, F, G, H, I, J, K, F, G, I, H]"
5918,5918,D,artificial,D_Dupli,complete,"576 [B, A, C, D, E, F, G, H, I, J, K, F, G, I, H]"
5919,5919,I,artificial,I,complete,"577 [A, B, E, C, D, F, G, H, I]"
5920,5920,C,artificial,D_Dupli,complete,"577 [A, B, E, C, D, F, G, H, I]"
5921,5921,E,artificial,D_Dupli,complete,"577 [A, B, E, C, D, F, G, H, I]"
5922,5922,B,artificial,D_Dupli,complete,"577 [A, B, E, C, D, F, G, H, I]"
5923,5923,A,artificial,A,complete,"577 [A, B, E, C, D, F, G, H, I]"
5924,5924,G,artificial,G,complete,"577 [A, B, E, C, D, F, G, H, I]"
5925,5925,H,artificial,H,complete,"577 [A, B, E, C, D, F, G, H, I]"
5926,5926,F,artificial,F,complete,"577 [A, B, E, C, D, F, G, H, I]"
5927,5927,D,artificial,D_Dupli,complete,"577 [A, B, E, C, D, F, G, H, I]"
5928,5928,G,artificial,G,complete,"578 [A, B, E, D, C, F, G, H, I]"
5929,5929,C,artificial,D_Dupli,complete,"578 [A, B, E, D, C, F, G, H, I]"
5930,5930,D,artificial,D_Dupli,complete,"578 [A, B, E, D, C, F, G, H, I]"
5931,5931,I,artificial,I,complete,"578 [A, B, E, D, C, F, G, H, I]"
5932,5932,E,artificial,D_Dupli,complete,"578 [A, B, E, D, C, F, G, H, I]"
5933,5933,B,artificial,D_Dupli,complete,"578 [A, B, E, D, C, F, G, H, I]"
5934,5934,A,artificial,A,complete,"578 [A, B, E, D, C, F, G, H, I]"
5935,5935,F,artificial,F,complete,"578 [A, B, E, D, C, F, G, H, I]"
5936,5936,H,artificial,H,complete,"578 [A, B, E, D, C, F, G, H, I]"
5937,5937,B,artificial,D_Dupli,complete,"579 [B, A, D, E, C, F, G, I, H, N, O, M, F, G, H, I]"
5938,5938,A,artificial,A,complete,"579 [B, A, D, E, C, F, G, I, H, N, O, M, F, G, H, I]"
5939,5939,H,artificial,H,complete,"579 [B, A, D, E, C, F, G, I, H, N, O, M, F, G, H, I]"
5940,5940,C,artificial,D_Dupli,complete,"579 [B, A, D, E, C, F, G, I, H, N, O, M, F, G, H, I]"
5941,5941,F,artificial,F,complete,"579 [B, A, D, E, C, F, G, I, H, N, O, M, F, G, H, I]"
5942,5942,G,artificial,G,complete,"579 [B, A, D, E, C, F, G, I, H, N, O, M, F, G, H, I]"
5943,5943,I,artificial,I,complete,"579 [B, A, D, E, C, F, G, I, H, N, O, M, F, G, H, I]"
5944,5944,H,artificial,H,complete,"579 [B, A, D, E, C, F, G, I, H, N, O, M, F, G, H, I]"
5945,5945,N,artificial,N,complete,"579 [B, A, D, E, C, F, G, I, H, N, O, M, F, G, H, I]"
5946,5946,O,artificial,O,complete,"579 [B, A, D, E, C, F, G, I, H, N, O, M, F, G, H, I]"
5947,5947,M,artificial,M,complete,"579 [B, A, D, E, C, F, G, I, H, N, O, M, F, G, H, I]"
5948,5948,F,artificial,F,complete,"579 [B, A, D, E, C, F, G, I, H, N, O, M, F, G, H, I]"
5949,5949,G,artificial,G,complete,"579 [B, A, D, E, C, F, G, I, H, N, O, M, F, G, H, I]"
5950,5950,I,artificial,I,complete,"579 [B, A, D, E, C, F, G, I, H, N, O, M, F, G, H, I]"
5951,5951,D,artificial,D_Dupli,complete,"579 [B, A, D, E, C, F, G, I, H, N, O, M, F, G, H, I]"
5952,5952,E,artificial,D_Dupli,complete,"579 [B, A, D, E, C, F, G, I, H, N, O, M, F, G, H, I]"
5953,5953,H,artificial,H,complete,"58 [B, A, E, D, C, F, G, H, I, J, K, F, G, I, H]"
5954,5954,B,artificial,D_Dupli,complete,"58 [B, A, E, D, C, F, G, H, I, J, K, F, G, I, H]"
5955,5955,I,artificial,I,complete,"58 [B, A, E, D, C, F, G, H, I, J, K, F, G, I, H]"
5956,5956,E,artificial,D_Dupli,complete,"58 [B, A, E, D, C, F, G, H, I, J, K, F, G, I, H]"
5957,5957,D,artificial,D_Dupli,complete,"58 [B, A, E, D, C, F, G, H, I, J, K, F, G, I, H]"
5958,5958,G,artificial,G,complete,"58 [B, A, E, D, C, F, G, H, I, J, K, F, G, I, H]"
5959,5959,C,artificial,D_Dupli,complete,"58 [B, A, E, D, C, F, G, H, I, J, K, F, G, I, H]"
5960,5960,F,artificial,F,complete,"58 [B, A, E, D, C, F, G, H, I, J, K, F, G, I, H]"
5961,5961,G,artificial,G,complete,"58 [B, A, E, D, C, F, G, H, I, J, K, F, G, I, H]"
5962,5962,H,artificial,H,complete,"58 [B, A, E, D, C, F, G, H, I, J, K, F, G, I, H]"
5963,5963,I,artificial,I,complete,"58 [B, A, E, D, C, F, G, H, I, J, K, F, G, I, H]"
5964,5964,J,artificial,J,complete,"58 [B, A, E, D, C, F, G, H, I, J, K, F, G, I, H]"
5965,5965,K,artificial,K,complete,"58 [B, A, E, D, C, F, G, H, I, J, K, F, G, I, H]"
5966,5966,F,artificial,F,complete,"58 [B, A, E, D, C, F, G, H, I, J, K, F, G, I, H]"
5967,5967,A,artificial,A,complete,"58 [B, A, E, D, C, F, G, H, I, J, K, F, G, I, H]"
5968,5968,I,artificial,I,complete,"580 [B, A, C, E, D, F, G, H, I]"
5969,5969,H,artificial,H,complete,"580 [B, A, C, E, D, F, G, H, I]"
5970,5970,G,artificial,G,complete,"580 [B, A, C, E, D, F, G, H, I]"
5971,5971,F,artificial,F,complete,"580 [B, A, C, E, D, F, G, H, I]"
5972,5972,E,artificial,D_Dupli,complete,"580 [B, A, C, E, D, F, G, H, I]"
5973,5973,C,artificial,D_Dupli,complete,"580 [B, A, C, E, D, F, G, H, I]"
5974,5974,A,artificial,A,complete,"580 [B, A, C, E, D, F, G, H, I]"
5975,5975,B,artificial,D_Dupli,complete,"580 [B, A, C, E, D, F, G, H, I]"
5976,5976,D,artificial,D_Dupli,complete,"580 [B, A, C, E, D, F, G, H, I]"
5977,5977,H,artificial,H,complete,"581 [B, A, D, C, E, F, G, I, H]"
5978,5978,I,artificial,I,complete,"581 [B, A, D, C, E, F, G, I, H]"
5979,5979,G,artificial,G,complete,"581 [B, A, D, C, E, F, G, I, H]"
5980,5980,F,artificial,F,complete,"581 [B, A, D, C, E, F, G, I, H]"
5981,5981,E,artificial,D_Dupli,complete,"581 [B, A, D, C, E, F, G, I, H]"
5982,5982,D,artificial,D_Dupli,complete,"581 [B, A, D, C, E, F, G, I, H]"
5983,5983,A,artificial,A,complete,"581 [B, A, D, C, E, F, G, I, H]"
5984,5984,B,artificial,D_Dupli,complete,"581 [B, A, D, C, E, F, G, I, H]"
5985,5985,C,artificial,D_Dupli,complete,"581 [B, A, D, C, E, F, G, I, H]"
5986,5986,I,artificial,I,complete,"582 [A, B, D, E, C, F, G, H, I]"
5987,5987,H,artificial,H,complete,"582 [A, B, D, E, C, F, G, H, I]"
5988,5988,F,artificial,F,complete,"582 [A, B, D, E, C, F, G, H, I]"
5989,5989,G,artificial,G,complete,"582 [A, B, D, E, C, F, G, H, I]"
5990,5990,E,artificial,D_Dupli,complete,"582 [A, B, D, E, C, F, G, H, I]"
5991,5991,D,artificial,D_Dupli,complete,"582 [A, B, D, E, C, F, G, H, I]"
5992,5992,B,artificial,D_Dupli,complete,"582 [A, B, D, E, C, F, G, H, I]"
5993,5993,A,artificial,A,complete,"582 [A, B, D, E, C, F, G, H, I]"
5994,5994,C,artificial,D_Dupli,complete,"582 [A, B, D, E, C, F, G, H, I]"
5995,5995,F,artificial,F,complete,"583 [A, B, E, C, D, F, G, H, I, J, K, F, G, I, H]"
5996,5996,G,artificial,G,complete,"583 [A, B, E, C, D, F, G, H, I, J, K, F, G, I, H]"
5997,5997,I,artificial,I,complete,"583 [A, B, E, C, D, F, G, H, I, J, K, F, G, I, H]"
5998,5998,H,artificial,H,complete,"583 [A, B, E, C, D, F, G, H, I, J, K, F, G, I, H]"
5999,5999,K,artificial,K,complete,"583 [A, B, E, C, D, F, G, H, I, J, K, F, G, I, H]"
6000,6000,I,artificial,I,complete,"583 [A, B, E, C, D, F, G, H, I, J, K, F, G, I, H]"
6001,6001,J,artificial,J,complete,"583 [A, B, E, C, D, F, G, H, I, J, K, F, G, I, H]"
6002,6002,G,artificial,G,complete,"583 [A, B, E, C, D, F, G, H, I, J, K, F, G, I, H]"
6003,6003,F,artificial,F,complete,"583 [A, B, E, C, D, F, G, H, I, J, K, F, G, I, H]"
6004,6004,A,artificial,A,complete,"583 [A, B, E, C, D, F, G, H, I, J, K, F, G, I, H]"
6005,6005,B,artificial,D_Dupli,complete,"583 [A, B, E, C, D, F, G, H, I, J, K, F, G, I, H]"
6006,6006,E,artificial,D_Dupli,complete,"583 [A, B, E, C, D, F, G, H, I, J, K, F, G, I, H]"
6007,6007,C,artificial,D_Dupli,complete,"583 [A, B, E, C, D, F, G, H, I, J, K, F, G, I, H]"
6008,6008,D,artificial,D_Dupli,complete,"583 [A, B, E, C, D, F, G, H, I, J, K, F, G, I, H]"
6009,6009,H,artificial,H,complete,"583 [A, B, E, C, D, F, G, H, I, J, K, F, G, I, H]"
6010,6010,A,artificial,A,complete,"584 [A, B, D, C, E, F, G, I, H]"
6011,6011,B,artificial,D_Dupli,complete,"584 [A, B, D, C, E, F, G, I, H]"
6012,6012,D,artificial,D_Dupli,complete,"584 [A, B, D, C, E, F, G, I, H]"
6013,6013,C,artificial,D_Dupli,complete,"584 [A, B, D, C, E, F, G, I, H]"
6014,6014,E,artificial,D_Dupli,complete,"584 [A, B, D, C, E, F, G, I, H]"
6015,6015,F,artificial,F,complete,"584 [A, B, D, C, E, F, G, I, H]"
6016,6016,I,artificial,I,complete,"584 [A, B, D, C, E, F, G, I, H]"
6017,6017,H,artificial,H,complete,"584 [A, B, D, C, E, F, G, I, H]"
6018,6018,G,artificial,G,complete,"584 [A, B, D, C, E, F, G, I, H]"
6019,6019,A,artificial,A,complete,"585 [A, B, D, C, E, F, G, I, H]"
6020,6020,B,artificial,D_Dupli,complete,"585 [A, B, D, C, E, F, G, I, H]"
6021,6021,D,artificial,D_Dupli,complete,"585 [A, B, D, C, E, F, G, I, H]"
6022,6022,C,artificial,D_Dupli,complete,"585 [A, B, D, C, E, F, G, I, H]"
6023,6023,F,artificial,F,complete,"585 [A, B, D, C, E, F, G, I, H]"
6024,6024,G,artificial,G,complete,"585 [A, B, D, C, E, F, G, I, H]"
6025,6025,I,artificial,I,complete,"585 [A, B, D, C, E, F, G, I, H]"
6026,6026,H,artificial,H,complete,"585 [A, B, D, C, E, F, G, I, H]"
6027,6027,E,artificial,D_Dupli,complete,"585 [A, B, D, C, E, F, G, I, H]"
6028,6028,A,artificial,A,complete,"586 [A, B, D, E, C, F, G, H, I, J, K, F, G, H, I]"
6029,6029,D,artificial,D_Dupli,complete,"586 [A, B, D, E, C, F, G, H, I, J, K, F, G, H, I]"
6030,6030,B,artificial,D_Dupli,complete,"586 [A, B, D, E, C, F, G, H, I, J, K, F, G, H, I]"
6031,6031,I,artificial,I,complete,"586 [A, B, D, E, C, F, G, H, I, J, K, F, G, H, I]"
6032,6032,H,artificial,H,complete,"586 [A, B, D, E, C, F, G, H, I, J, K, F, G, H, I]"
6033,6033,G,artificial,G,complete,"586 [A, B, D, E, C, F, G, H, I, J, K, F, G, H, I]"
6034,6034,F,artificial,F,complete,"586 [A, B, D, E, C, F, G, H, I, J, K, F, G, H, I]"
6035,6035,J,artificial,J,complete,"586 [A, B, D, E, C, F, G, H, I, J, K, F, G, H, I]"
6036,6036,K,artificial,K,complete,"586 [A, B, D, E, C, F, G, H, I, J, K, F, G, H, I]"
6037,6037,H,artificial,H,complete,"586 [A, B, D, E, C, F, G, H, I, J, K, F, G, H, I]"
6038,6038,G,artificial,G,complete,"586 [A, B, D, E, C, F, G, H, I, J, K, F, G, H, I]"
6039,6039,F,artificial,F,complete,"586 [A, B, D, E, C, F, G, H, I, J, K, F, G, H, I]"
6040,6040,C,artificial,D_Dupli,complete,"586 [A, B, D, E, C, F, G, H, I, J, K, F, G, H, I]"
6041,6041,E,artificial,D_Dupli,complete,"586 [A, B, D, E, C, F, G, H, I, J, K, F, G, H, I]"
6042,6042,I,artificial,I,complete,"586 [A, B, D, E, C, F, G, H, I, J, K, F, G, H, I]"
6043,6043,G,artificial,G,complete,"587 [B, A, C, E, D, F, G, I, H]"
6044,6044,H,artificial,H,complete,"587 [B, A, C, E, D, F, G, I, H]"
6045,6045,I,artificial,I,complete,"587 [B, A, C, E, D, F, G, I, H]"
6046,6046,F,artificial,F,complete,"587 [B, A, C, E, D, F, G, I, H]"
6047,6047,D,artificial,D_Dupli,complete,"587 [B, A, C, E, D, F, G, I, H]"
6048,6048,E,artificial,D_Dupli,complete,"587 [B, A, C, E, D, F, G, I, H]"
6049,6049,C,artificial,D_Dupli,complete,"587 [B, A, C, E, D, F, G, I, H]"
6050,6050,A,artificial,A,complete,"587 [B, A, C, E, D, F, G, I, H]"
6051,6051,B,artificial,D_Dupli,complete,"587 [B, A, C, E, D, F, G, I, H]"
6052,6052,B,artificial,D_Dupli,complete,"588 [B, A, D, E, C, F, G, I, H]"
6053,6053,A,artificial,A,complete,"588 [B, A, D, E, C, F, G, I, H]"
6054,6054,D,artificial,D_Dupli,complete,"588 [B, A, D, E, C, F, G, I, H]"
6055,6055,E,artificial,D_Dupli,complete,"588 [B, A, D, E, C, F, G, I, H]"
6056,6056,C,artificial,D_Dupli,complete,"588 [B, A, D, E, C, F, G, I, H]"
6057,6057,F,artificial,F,complete,"588 [B, A, D, E, C, F, G, I, H]"
6058,6058,G,artificial,G,complete,"588 [B, A, D, E, C, F, G, I, H]"
6059,6059,I,artificial,I,complete,"588 [B, A, D, E, C, F, G, I, H]"
6060,6060,H,artificial,H,complete,"588 [B, A, D, E, C, F, G, I, H]"
6061,6061,I,artificial,I,complete,"589 [B, A, E, C, D, F, G, I, H]"
6062,6062,G,artificial,G,complete,"589 [B, A, E, C, D, F, G, I, H]"
6063,6063,F,artificial,F,complete,"589 [B, A, E, C, D, F, G, I, H]"
6064,6064,H,artificial,H,complete,"589 [B, A, E, C, D, F, G, I, H]"
6065,6065,C,artificial,D_Dupli,complete,"589 [B, A, E, C, D, F, G, I, H]"
6066,6066,E,artificial,D_Dupli,complete,"589 [B, A, E, C, D, F, G, I, H]"
6067,6067,A,artificial,A,complete,"589 [B, A, E, C, D, F, G, I, H]"
6068,6068,B,artificial,D_Dupli,complete,"589 [B, A, E, C, D, F, G, I, H]"
6069,6069,D,artificial,D_Dupli,complete,"589 [B, A, E, C, D, F, G, I, H]"
6070,6070,A,artificial,A,complete,"59 [B, A, C, D, E, F, G, I, H]"
6071,6071,C,artificial,D_Dupli,complete,"59 [B, A, C, D, E, F, G, I, H]"
6072,6072,D,artificial,D_Dupli,complete,"59 [B, A, C, D, E, F, G, I, H]"
6073,6073,E,artificial,D_Dupli,complete,"59 [B, A, C, D, E, F, G, I, H]"
6074,6074,F,artificial,F,complete,"59 [B, A, C, D, E, F, G, I, H]"
6075,6075,G,artificial,G,complete,"59 [B, A, C, D, E, F, G, I, H]"
6076,6076,I,artificial,I,complete,"59 [B, A, C, D, E, F, G, I, H]"
6077,6077,H,artificial,H,complete,"59 [B, A, C, D, E, F, G, I, H]"
6078,6078,B,artificial,D_Dupli,complete,"59 [B, A, C, D, E, F, G, I, H]"
6079,6079,G,artificial,G,complete,"590 [A, B, D, C, E, F, G, I, H]"
6080,6080,F,artificial,F,complete,"590 [A, B, D, C, E, F, G, I, H]"
6081,6081,E,artificial,D_Dupli,complete,"590 [A, B, D, C, E, F, G, I, H]"
6082,6082,C,artificial,D_Dupli,complete,"590 [A, B, D, C, E, F, G, I, H]"
6083,6083,D,artificial,D_Dupli,complete,"590 [A, B, D, C, E, F, G, I, H]"
6084,6084,B,artificial,D_Dupli,complete,"590 [A, B, D, C, E, F, G, I, H]"
6085,6085,A,artificial,A,complete,"590 [A, B, D, C, E, F, G, I, H]"
6086,6086,H,artificial,H,complete,"590 [A, B, D, C, E, F, G, I, H]"
6087,6087,I,artificial,I,complete,"590 [A, B, D, C, E, F, G, I, H]"
6088,6088,I,artificial,I,complete,"591 [A, B, C, E, D, F, G, H, I]"
6089,6089,G,artificial,G,complete,"591 [A, B, C, E, D, F, G, H, I]"
6090,6090,A,artificial,A,complete,"591 [A, B, C, E, D, F, G, H, I]"
6091,6091,B,artificial,D_Dupli,complete,"591 [A, B, C, E, D, F, G, H, I]"
6092,6092,C,artificial,D_Dupli,complete,"591 [A, B, C, E, D, F, G, H, I]"
6093,6093,E,artificial,D_Dupli,complete,"591 [A, B, C, E, D, F, G, H, I]"
6094,6094,D,artificial,D_Dupli,complete,"591 [A, B, C, E, D, F, G, H, I]"
6095,6095,F,artificial,F,complete,"591 [A, B, C, E, D, F, G, H, I]"
6096,6096,H,artificial,H,complete,"591 [A, B, C, E, D, F, G, H, I]"
6097,6097,A,artificial,A,complete,"592 [B, A, E, C, D, F, G, I, H]"
6098,6098,E,artificial,D_Dupli,complete,"592 [B, A, E, C, D, F, G, I, H]"
6099,6099,H,artificial,H,complete,"592 [B, A, E, C, D, F, G, I, H]"
6100,6100,I,artificial,I,complete,"592 [B, A, E, C, D, F, G, I, H]"
6101,6101,G,artificial,G,complete,"592 [B, A, E, C, D, F, G, I, H]"
6102,6102,F,artificial,F,complete,"592 [B, A, E, C, D, F, G, I, H]"
6103,6103,D,artificial,D_Dupli,complete,"592 [B, A, E, C, D, F, G, I, H]"
6104,6104,C,artificial,D_Dupli,complete,"592 [B, A, E, C, D, F, G, I, H]"
6105,6105,B,artificial,D_Dupli,complete,"592 [B, A, E, C, D, F, G, I, H]"
6106,6106,H,artificial,H,complete,"593 [A, B, C, E, D, F, G, I, H, J, K, F, G, I, H]"
6107,6107,I,artificial,I,complete,"593 [A, B, C, E, D, F, G, I, H, J, K, F, G, I, H]"
6108,6108,B,artificial,D_Dupli,complete,"593 [A, B, C, E, D, F, G, I, H, J, K, F, G, I, H]"
6109,6109,F,artificial,F,complete,"593 [A, B, C, E, D, F, G, I, H, J, K, F, G, I, H]"
6110,6110,A,artificial,A,complete,"593 [A, B, C, E, D, F, G, I, H, J, K, F, G, I, H]"
6111,6111,C,artificial,D_Dupli,complete,"593 [A, B, C, E, D, F, G, I, H, J, K, F, G, I, H]"
6112,6112,E,artificial,D_Dupli,complete,"593 [A, B, C, E, D, F, G, I, H, J, K, F, G, I, H]"
6113,6113,D,artificial,D_Dupli,complete,"593 [A, B, C, E, D, F, G, I, H, J, K, F, G, I, H]"
6114,6114,F,artificial,F,complete,"593 [A, B, C, E, D, F, G, I, H, J, K, F, G, I, H]"
6115,6115,G,artificial,G,complete,"593 [A, B, C, E, D, F, G, I, H, J, K, F, G, I, H]"
6116,6116,I,artificial,I,complete,"593 [A, B, C, E, D, F, G, I, H, J, K, F, G, I, H]"
6117,6117,K,artificial,K,complete,"593 [A, B, C, E, D, F, G, I, H, J, K, F, G, I, H]"
6118,6118,H,artificial,H,complete,"593 [A, B, C, E, D, F, G, I, H, J, K, F, G, I, H]"
6119,6119,J,artificial,J,complete,"593 [A, B, C, E, D, F, G, I, H, J, K, F, G, I, H]"
6120,6120,G,artificial,G,complete,"593 [A, B, C, E, D, F, G, I, H, J, K, F, G, I, H]"
6121,6121,I,artificial,I,complete,"594 [A, B, E, D, C, F, G, I, H]"
6122,6122,F,artificial,F,complete,"594 [A, B, E, D, C, F, G, I, H]"
6123,6123,A,artificial,A,complete,"594 [A, B, E, D, C, F, G, I, H]"
6124,6124,B,artificial,D_Dupli,complete,"594 [A, B, E, D, C, F, G, I, H]"
6125,6125,E,artificial,D_Dupli,complete,"594 [A, B, E, D, C, F, G, I, H]"
6126,6126,D,artificial,D_Dupli,complete,"594 [A, B, E, D, C, F, G, I, H]"
6127,6127,C,artificial,D_Dupli,complete,"594 [A, B, E, D, C, F, G, I, H]"
6128,6128,G,artificial,G,complete,"594 [A, B, E, D, C, F, G, I, H]"
6129,6129,H,artificial,H,complete,"594 [A, B, E, D, C, F, G, I, H]"
6130,6130,D,artificial,D_Dupli,complete,"595 [B, A, D, E, C, F, G, I, H, J, K, F, G, H, I, J, K, F, G, H, I]"
6131,6131,B,artificial,D_Dupli,complete,"595 [B, A, D, E, C, F, G, I, H, J, K, F, G, H, I, J, K, F, G, H, I]"
6132,6132,A,artificial,A,complete,"595 [B, A, D, E, C, F, G, I, H, J, K, F, G, H, I, J, K, F, G, H, I]"
6133,6133,I,artificial,I,complete,"595 [B, A, D, E, C, F, G, I, H, J, K, F, G, H, I, J, K, F, G, H, I]"
6134,6134,H,artificial,H,complete,"595 [B, A, D, E, C, F, G, I, H, J, K, F, G, H, I, J, K, F, G, H, I]"
6135,6135,G,artificial,G,complete,"595 [B, A, D, E, C, F, G, I, H, J, K, F, G, H, I, J, K, F, G, H, I]"
6136,6136,E,artificial,D_Dupli,complete,"595 [B, A, D, E, C, F, G, I, H, J, K, F, G, H, I, J, K, F, G, H, I]"
6137,6137,K,artificial,K,complete,"595 [B, A, D, E, C, F, G, I, H, J, K, F, G, H, I, J, K, F, G, H, I]"
6138,6138,H,artificial,H,complete,"595 [B, A, D, E, C, F, G, I, H, J, K, F, G, H, I, J, K, F, G, H, I]"
6139,6139,K,artificial,K,complete,"595 [B, A, D, E, C, F, G, I, H, J, K, F, G, H, I, J, K, F, G, H, I]"
6140,6140,J,artificial,J,complete,"595 [B, A, D, E, C, F, G, I, H, J, K, F, G, H, I, J, K, F, G, H, I]"
6141,6141,H,artificial,H,complete,"595 [B, A, D, E, C, F, G, I, H, J, K, F, G, H, I, J, K, F, G, H, I]"
6142,6142,I,artificial,I,complete,"595 [B, A, D, E, C, F, G, I, H, J, K, F, G, H, I, J, K, F, G, H, I]"
6143,6143,G,artificial,G,complete,"595 [B, A, D, E, C, F, G, I, H, J, K, F, G, H, I, J, K, F, G, H, I]"
6144,6144,F,artificial,F,complete,"595 [B, A, D, E, C, F, G, I, H, J, K, F, G, H, I, J, K, F, G, H, I]"
6145,6145,C,artificial,D_Dupli,complete,"595 [B, A, D, E, C, F, G, I, H, J, K, F, G, H, I, J, K, F, G, H, I]"
6146,6146,F,artificial,F,complete,"595 [B, A, D, E, C, F, G, I, H, J, K, F, G, H, I, J, K, F, G, H, I]"
6147,6147,F,artificial,F,complete,"595 [B, A, D, E, C, F, G, I, H, J, K, F, G, H, I, J, K, F, G, H, I]"
6148,6148,G,artificial,G,complete,"595 [B, A, D, E, C, F, G, I, H, J, K, F, G, H, I, J, K, F, G, H, I]"
6149,6149,I,artificial,I,complete,"595 [B, A, D, E, C, F, G, I, H, J, K, F, G, H, I, J, K, F, G, H, I]"
6150,6150,J,artificial,J,complete,"595 [B, A, D, E, C, F, G, I, H, J, K, F, G, H, I, J, K, F, G, H, I]"
6151,6151,G,artificial,G,complete,"596 [A, B, E, C, D, F, G, H, I]"
6152,6152,F,artificial,F,complete,"596 [A, B, E, C, D, F, G, H, I]"
6153,6153,D,artificial,D_Dupli,complete,"596 [A, B, E, C, D, F, G, H, I]"
6154,6154,C,artificial,D_Dupli,complete,"596 [A, B, E, C, D, F, G, H, I]"
6155,6155,E,artificial,D_Dupli,complete,"596 [A, B, E, C, D, F, G, H, I]"
6156,6156,B,artificial,D_Dupli,complete,"596 [A, B, E, C, D, F, G, H, I]"
6157,6157,A,artificial,A,complete,"596 [A, B, E, C, D, F, G, H, I]"
6158,6158,H,artificial,H,complete,"596 [A, B, E, C, D, F, G, H, I]"
6159,6159,I,artificial,I,complete,"596 [A, B, E, C, D, F, G, H, I]"
6160,6160,I,artificial,I,complete,"597 [B, A, C, D, E, F, G, H, I]"
6161,6161,H,artificial,H,complete,"597 [B, A, C, D, E, F, G, H, I]"
6162,6162,G,artificial,G,complete,"597 [B, A, C, D, E, F, G, H, I]"
6163,6163,F,artificial,F,complete,"597 [B, A, C, D, E, F, G, H, I]"
6164,6164,E,artificial,D_Dupli,complete,"597 [B, A, C, D, E, F, G, H, I]"
6165,6165,D,artificial,D_Dupli,complete,"597 [B, A, C, D, E, F, G, H, I]"
6166,6166,C,artificial,D_Dupli,complete,"597 [B, A, C, D, E, F, G, H, I]"
6167,6167,A,artificial,A,complete,"597 [B, A, C, D, E, F, G, H, I]"
6168,6168,B,artificial,D_Dupli,complete,"597 [B, A, C, D, E, F, G, H, I]"
6169,6169,A,artificial,A,complete,"598 [B, A, D, E, C, F, G, H, I]"
6170,6170,D,artificial,D_Dupli,complete,"598 [B, A, D, E, C, F, G, H, I]"
6171,6171,I,artificial,I,complete,"598 [B, A, D, E, C, F, G, H, I]"
6172,6172,H,artificial,H,complete,"598 [B, A, D, E, C, F, G, H, I]"
6173,6173,C,artificial,D_Dupli,complete,"598 [B, A, D, E, C, F, G, H, I]"
6174,6174,F,artificial,F,complete,"598 [B, A, D, E, C, F, G, H, I]"
6175,6175,B,artificial,D_Dupli,complete,"598 [B, A, D, E, C, F, G, H, I]"
6176,6176,G,artificial,G,complete,"598 [B, A, D, E, C, F, G, H, I]"
6177,6177,E,artificial,D_Dupli,complete,"598 [B, A, D, E, C, F, G, H, I]"
6178,6178,H,artificial,H,complete,"599 [A, B, E, D, C, F, G, H, I, O, N, M, F, G, H, I, J, K, F, G, H, I, O, N, M, F, G, H, I]"
6179,6179,G,artificial,G,complete,"599 [A, B, E, D, C, F, G, H, I, O, N, M, F, G, H, I, J, K, F, G, H, I, O, N, M, F, G, H, I]"
6180,6180,F,artificial,F,complete,"599 [A, B, E, D, C, F, G, H, I, O, N, M, F, G, H, I, J, K, F, G, H, I, O, N, M, F, G, H, I]"
6181,6181,M,artificial,M,complete,"599 [A, B, E, D, C, F, G, H, I, O, N, M, F, G, H, I, J, K, F, G, H, I, O, N, M, F, G, H, I]"
6182,6182,N,artificial,N,complete,"599 [A, B, E, D, C, F, G, H, I, O, N, M, F, G, H, I, J, K, F, G, H, I, O, N, M, F, G, H, I]"
6183,6183,J,artificial,J,complete,"599 [A, B, E, D, C, F, G, H, I, O, N, M, F, G, H, I, J, K, F, G, H, I, O, N, M, F, G, H, I]"
6184,6184,I,artificial,I,complete,"599 [A, B, E, D, C, F, G, H, I, O, N, M, F, G, H, I, J, K, F, G, H, I, O, N, M, F, G, H, I]"
6185,6185,H,artificial,H,complete,"599 [A, B, E, D, C, F, G, H, I, O, N, M, F, G, H, I, J, K, F, G, H, I, O, N, M, F, G, H, I]"
6186,6186,G,artificial,G,complete,"599 [A, B, E, D, C, F, G, H, I, O, N, M, F, G, H, I, J, K, F, G, H, I, O, N, M, F, G, H, I]"
6187,6187,F,artificial,F,complete,"599 [A, B, E, D, C, F, G, H, I, O, N, M, F, G, H, I, J, K, F, G, H, I, O, N, M, F, G, H, I]"
6188,6188,K,artificial,K,complete,"599 [A, B, E, D, C, F, G, H, I, O, N, M, F, G, H, I, J, K, F, G, H, I, O, N, M, F, G, H, I]"
6189,6189,I,artificial,I,complete,"599 [A, B, E, D, C, F, G, H, I, O, N, M, F, G, H, I, J, K, F, G, H, I, O, N, M, F, G, H, I]"
6190,6190,O,artificial,O,complete,"599 [A, B, E, D, C, F, G, H, I, O, N, M, F, G, H, I, J, K, F, G, H, I, O, N, M, F, G, H, I]"
6191,6191,H,artificial,H,complete,"599 [A, B, E, D, C, F, G, H, I, O, N, M, F, G, H, I, J, K, F, G, H, I, O, N, M, F, G, H, I]"
6192,6192,G,artificial,G,complete,"599 [A, B, E, D, C, F, G, H, I, O, N, M, F, G, H, I, J, K, F, G, H, I, O, N, M, F, G, H, I]"
6193,6193,F,artificial,F,complete,"599 [A, B, E, D, C, F, G, H, I, O, N, M, F, G, H, I, J, K, F, G, H, I, O, N, M, F, G, H, I]"
6194,6194,M,artificial,M,complete,"599 [A, B, E, D, C, F, G, H, I, O, N, M, F, G, H, I, J, K, F, G, H, I, O, N, M, F, G, H, I]"
6195,6195,N,artificial,N,complete,"599 [A, B, E, D, C, F, G, H, I, O, N, M, F, G, H, I, J, K, F, G, H, I, O, N, M, F, G, H, I]"
6196,6196,O,artificial,O,complete,"599 [A, B, E, D, C, F, G, H, I, O, N, M, F, G, H, I, J, K, F, G, H, I, O, N, M, F, G, H, I]"
6197,6197,I,artificial,I,complete,"599 [A, B, E, D, C, F, G, H, I, O, N, M, F, G, H, I, J, K, F, G, H, I, O, N, M, F, G, H, I]"
6198,6198,G,artificial,G,complete,"599 [A, B, E, D, C, F, G, H, I, O, N, M, F, G, H, I, J, K, F, G, H, I, O, N, M, F, G, H, I]"
6199,6199,F,artificial,F,complete,"599 [A, B, E, D, C, F, G, H, I, O, N, M, F, G, H, I, J, K, F, G, H, I, O, N, M, F, G, H, I]"
6200,6200,C,artificial,D_Dupli,complete,"599 [A, B, E, D, C, F, G, H, I, O, N, M, F, G, H, I, J, K, F, G, H, I, O, N, M, F, G, H, I]"
6201,6201,D,artificial,D_Dupli,complete,"599 [A, B, E, D, C, F, G, H, I, O, N, M, F, G, H, I, J, K, F, G, H, I, O, N, M, F, G, H, I]"
6202,6202,E,artificial,D_Dupli,complete,"599 [A, B, E, D, C, F, G, H, I, O, N, M, F, G, H, I, J, K, F, G, H, I, O, N, M, F, G, H, I]"
6203,6203,B,artificial,D_Dupli,complete,"599 [A, B, E, D, C, F, G, H, I, O, N, M, F, G, H, I, J, K, F, G, H, I, O, N, M, F, G, H, I]"
6204,6204,A,artificial,A,complete,"599 [A, B, E, D, C, F, G, H, I, O, N, M, F, G, H, I, J, K, F, G, H, I, O, N, M, F, G, H, I]"
6205,6205,I,artificial,I,complete,"599 [A, B, E, D, C, F, G, H, I, O, N, M, F, G, H, I, J, K, F, G, H, I, O, N, M, F, G, H, I]"
6206,6206,H,artificial,H,complete,"599 [A, B, E, D, C, F, G, H, I, O, N, M, F, G, H, I, J, K, F, G, H, I, O, N, M, F, G, H, I]"
6207,6207,B,artificial,D_Dupli,complete,"6 [B, A, D, C, E, F, G, I, H]"
6208,6208,I,artificial,I,complete,"6 [B, A, D, C, E, F, G, I, H]"
6209,6209,G,artificial,G,complete,"6 [B, A, D, C, E, F, G, I, H]"
6210,6210,A,artificial,A,complete,"6 [B, A, D, C, E, F, G, I, H]"
6211,6211,D,artificial,D_Dupli,complete,"6 [B, A, D, C, E, F, G, I, H]"
6212,6212,C,artificial,D_Dupli,complete,"6 [B, A, D, C, E, F, G, I, H]"
6213,6213,E,artificial,D_Dupli,complete,"6 [B, A, D, C, E, F, G, I, H]"
6214,6214,F,artificial,F,complete,"6 [B, A, D, C, E, F, G, I, H]"
6215,6215,H,artificial,H,complete,"6 [B, A, D, C, E, F, G, I, H]"
6216,6216,A,artificial,A,complete,"60 [A, B, E, C, D, F, G, H, I]"
6217,6217,B,artificial,D_Dupli,complete,"60 [A, B, E, C, D, F, G, H, I]"
6218,6218,C,artificial,D_Dupli,complete,"60 [A, B, E, C, D, F, G, H, I]"
6219,6219,D,artificial,D_Dupli,complete,"60 [A, B, E, C, D, F, G, H, I]"
6220,6220,F,artificial,F,complete,"60 [A, B, E, C, D, F, G, H, I]"
6221,6221,E,artificial,D_Dupli,complete,"60 [A, B, E, C, D, F, G, H, I]"
6222,6222,H,artificial,H,complete,"60 [A, B, E, C, D, F, G, H, I]"
6223,6223,G,artificial,G,complete,"60 [A, B, E, C, D, F, G, H, I]"
6224,6224,I,artificial,I,complete,"60 [A, B, E, C, D, F, G, H, I]"
6225,6225,G,artificial,G,complete,"600 [A, B, E, D, C, F, G, I, H, M, N, O, F, G, I, H, M, O, N, F, G, H, I]"
6226,6226,O,artificial,O,complete,"600 [A, B, E, D, C, F, G, I, H, M, N, O, F, G, I, H, M, O, N, F, G, H, I]"
6227,6227,N,artificial,N,complete,"600 [A, B, E, D, C, F, G, I, H, M, N, O, F, G, I, H, M, O, N, F, G, H, I]"
6228,6228,M,artificial,M,complete,"600 [A, B, E, D, C, F, G, I, H, M, N, O, F, G, I, H, M, O, N, F, G, H, I]"
6229,6229,F,artificial,F,complete,"600 [A, B, E, D, C, F, G, I, H, M, N, O, F, G, I, H, M, O, N, F, G, H, I]"
6230,6230,I,artificial,I,complete,"600 [A, B, E, D, C, F, G, I, H, M, N, O, F, G, I, H, M, O, N, F, G, H, I]"
6231,6231,H,artificial,H,complete,"600 [A, B, E, D, C, F, G, I, H, M, N, O, F, G, I, H, M, O, N, F, G, H, I]"
6232,6232,M,artificial,M,complete,"600 [A, B, E, D, C, F, G, I, H, M, N, O, F, G, I, H, M, O, N, F, G, H, I]"
6233,6233,O,artificial,O,complete,"600 [A, B, E, D, C, F, G, I, H, M, N, O, F, G, I, H, M, O, N, F, G, H, I]"
6234,6234,N,artificial,N,complete,"600 [A, B, E, D, C, F, G, I, H, M, N, O, F, G, I, H, M, O, N, F, G, H, I]"
6235,6235,F,artificial,F,complete,"600 [A, B, E, D, C, F, G, I, H, M, N, O, F, G, I, H, M, O, N, F, G, H, I]"
6236,6236,G,artificial,G,complete,"600 [A, B, E, D, C, F, G, I, H, M, N, O, F, G, I, H, M, O, N, F, G, H, I]"
6237,6237,H,artificial,H,complete,"600 [A, B, E, D, C, F, G, I, H, M, N, O, F, G, I, H, M, O, N, F, G, H, I]"
6238,6238,I,artificial,I,complete,"600 [A, B, E, D, C, F, G, I, H, M, N, O, F, G, I, H, M, O, N, F, G, H, I]"
6239,6239,H,artificial,H,complete,"600 [A, B, E, D, C, F, G, I, H, M, N, O, F, G, I, H, M, O, N, F, G, H, I]"
6240,6240,I,artificial,I,complete,"600 [A, B, E, D, C, F, G, I, H, M, N, O, F, G, I, H, M, O, N, F, G, H, I]"
6241,6241,C,artificial,D_Dupli,complete,"600 [A, B, E, D, C, F, G, I, H, M, N, O, F, G, I, H, M, O, N, F, G, H, I]"
6242,6242,F,artificial,F,complete,"600 [A, B, E, D, C, F, G, I, H, M, N, O, F, G, I, H, M, O, N, F, G, H, I]"
6243,6243,G,artificial,G,complete,"600 [A, B, E, D, C, F, G, I, H, M, N, O, F, G, I, H, M, O, N, F, G, H, I]"
6244,6244,D,artificial,D_Dupli,complete,"600 [A, B, E, D, C, F, G, I, H, M, N, O, F, G, I, H, M, O, N, F, G, H, I]"
6245,6245,E,artificial,D_Dupli,complete,"600 [A, B, E, D, C, F, G, I, H, M, N, O, F, G, I, H, M, O, N, F, G, H, I]"
6246,6246,B,artificial,D_Dupli,complete,"600 [A, B, E, D, C, F, G, I, H, M, N, O, F, G, I, H, M, O, N, F, G, H, I]"
6247,6247,A,artificial,A,complete,"600 [A, B, E, D, C, F, G, I, H, M, N, O, F, G, I, H, M, O, N, F, G, H, I]"
6248,6248,E,artificial,D_Dupli,complete,"601 [A, B, E, D, C, F, G, I, H]"
6249,6249,D,artificial,D_Dupli,complete,"601 [A, B, E, D, C, F, G, I, H]"
6250,6250,C,artificial,D_Dupli,complete,"601 [A, B, E, D, C, F, G, I, H]"
6251,6251,F,artificial,F,complete,"601 [A, B, E, D, C, F, G, I, H]"
6252,6252,I,artificial,I,complete,"601 [A, B, E, D, C, F, G, I, H]"
6253,6253,B,artificial,D_Dupli,complete,"601 [A, B, E, D, C, F, G, I, H]"
6254,6254,H,artificial,H,complete,"601 [A, B, E, D, C, F, G, I, H]"
6255,6255,G,artificial,G,complete,"601 [A, B, E, D, C, F, G, I, H]"
6256,6256,A,artificial,A,complete,"601 [A, B, E, D, C, F, G, I, H]"
6257,6257,H,artificial,H,complete,"602 [B, A, E, C, D, F, G, H, I, J, K, L, J, K, F, G, I, H]"
6258,6258,G,artificial,G,complete,"602 [B, A, E, C, D, F, G, H, I, J, K, L, J, K, F, G, I, H]"
6259,6259,I,artificial,I,complete,"602 [B, A, E, C, D, F, G, H, I, J, K, L, J, K, F, G, I, H]"
6260,6260,G,artificial,G,complete,"602 [B, A, E, C, D, F, G, H, I, J, K, L, J, K, F, G, I, H]"
6261,6261,F,artificial,F,complete,"602 [B, A, E, C, D, F, G, H, I, J, K, L, J, K, F, G, I, H]"
6262,6262,K,artificial,K,complete,"602 [B, A, E, C, D, F, G, H, I, J, K, L, J, K, F, G, I, H]"
6263,6263,J,artificial,J,complete,"602 [B, A, E, C, D, F, G, H, I, J, K, L, J, K, F, G, I, H]"
6264,6264,L,artificial,L,complete,"602 [B, A, E, C, D, F, G, H, I, J, K, L, J, K, F, G, I, H]"
6265,6265,K,artificial,K,complete,"602 [B, A, E, C, D, F, G, H, I, J, K, L, J, K, F, G, I, H]"
6266,6266,J,artificial,J,complete,"602 [B, A, E, C, D, F, G, H, I, J, K, L, J, K, F, G, I, H]"
6267,6267,I,artificial,I,complete,"602 [B, A, E, C, D, F, G, H, I, J, K, L, J, K, F, G, I, H]"
6268,6268,F,artificial,F,complete,"602 [B, A, E, C, D, F, G, H, I, J, K, L, J, K, F, G, I, H]"
6269,6269,H,artificial,H,complete,"602 [B, A, E, C, D, F, G, H, I, J, K, L, J, K, F, G, I, H]"
6270,6270,D,artificial,D_Dupli,complete,"602 [B, A, E, C, D, F, G, H, I, J, K, L, J, K, F, G, I, H]"
6271,6271,E,artificial,D_Dupli,complete,"602 [B, A, E, C, D, F, G, H, I, J, K, L, J, K, F, G, I, H]"
6272,6272,A,artificial,A,complete,"602 [B, A, E, C, D, F, G, H, I, J, K, L, J, K, F, G, I, H]"
6273,6273,B,artificial,D_Dupli,complete,"602 [B, A, E, C, D, F, G, H, I, J, K, L, J, K, F, G, I, H]"
6274,6274,C,artificial,D_Dupli,complete,"602 [B, A, E, C, D, F, G, H, I, J, K, L, J, K, F, G, I, H]"
6275,6275,F,artificial,F,complete,"603 [A, B, C, D, E, F, G, H, I, J, K, F, G, I, H]"
6276,6276,E,artificial,D_Dupli,complete,"603 [A, B, C, D, E, F, G, H, I, J, K, F, G, I, H]"
6277,6277,G,artificial,G,complete,"603 [A, B, C, D, E, F, G, H, I, J, K, F, G, I, H]"
6278,6278,H,artificial,H,complete,"603 [A, B, C, D, E, F, G, H, I, J, K, F, G, I, H]"
6279,6279,I,artificial,I,complete,"603 [A, B, C, D, E, F, G, H, I, J, K, F, G, I, H]"
6280,6280,J,artificial,J,complete,"603 [A, B, C, D, E, F, G, H, I, J, K, F, G, I, H]"
6281,6281,K,artificial,K,complete,"603 [A, B, C, D, E, F, G, H, I, J, K, F, G, I, H]"
6282,6282,F,artificial,F,complete,"603 [A, B, C, D, E, F, G, H, I, J, K, F, G, I, H]"
6283,6283,G,artificial,G,complete,"603 [A, B, C, D, E, F, G, H, I, J, K, F, G, I, H]"
6284,6284,I,artificial,I,complete,"603 [A, B, C, D, E, F, G, H, I, J, K, F, G, I, H]"
6285,6285,H,artificial,H,complete,"603 [A, B, C, D, E, F, G, H, I, J, K, F, G, I, H]"
6286,6286,D,artificial,D_Dupli,complete,"603 [A, B, C, D, E, F, G, H, I, J, K, F, G, I, H]"
6287,6287,C,artificial,D_Dupli,complete,"603 [A, B, C, D, E, F, G, H, I, J, K, F, G, I, H]"
6288,6288,B,artificial,D_Dupli,complete,"603 [A, B, C, D, E, F, G, H, I, J, K, F, G, I, H]"
6289,6289,A,artificial,A,complete,"603 [A, B, C, D, E, F, G, H, I, J, K, F, G, I, H]"
6290,6290,D,artificial,D_Dupli,complete,"604 [A, B, C, E, D, F, G, I, H]"
6291,6291,E,artificial,D_Dupli,complete,"604 [A, B, C, E, D, F, G, I, H]"
6292,6292,C,artificial,D_Dupli,complete,"604 [A, B, C, E, D, F, G, I, H]"
6293,6293,B,artificial,D_Dupli,complete,"604 [A, B, C, E, D, F, G, I, H]"
6294,6294,A,artificial,A,complete,"604 [A, B, C, E, D, F, G, I, H]"
6295,6295,I,artificial,I,complete,"604 [A, B, C, E, D, F, G, I, H]"
6296,6296,H,artificial,H,complete,"604 [A, B, C, E, D, F, G, I, H]"
6297,6297,G,artificial,G,complete,"604 [A, B, C, E, D, F, G, I, H]"
6298,6298,F,artificial,F,complete,"604 [A, B, C, E, D, F, G, I, H]"
6299,6299,C,artificial,D_Dupli,complete,"605 [A, B, C, E, D, F, G, H, I]"
6300,6300,E,artificial,D_Dupli,complete,"605 [A, B, C, E, D, F, G, H, I]"
6301,6301,D,artificial,D_Dupli,complete,"605 [A, B, C, E, D, F, G, H, I]"
6302,6302,F,artificial,F,complete,"605 [A, B, C, E, D, F, G, H, I]"
6303,6303,G,artificial,G,complete,"605 [A, B, C, E, D, F, G, H, I]"
6304,6304,H,artificial,H,complete,"605 [A, B, C, E, D, F, G, H, I]"
6305,6305,I,artificial,I,complete,"605 [A, B, C, E, D, F, G, H, I]"
6306,6306,B,artificial,D_Dupli,complete,"605 [A, B, C, E, D, F, G, H, I]"
6307,6307,A,artificial,A,complete,"605 [A, B, C, E, D, F, G, H, I]"
6308,6308,A,artificial,A,complete,"606 [B, A, D, C, E, F, G, I, H, M, O, N, F, G, H, I]"
6309,6309,N,artificial,N,complete,"606 [B, A, D, C, E, F, G, I, H, M, O, N, F, G, H, I]"
6310,6310,O,artificial,O,complete,"606 [B, A, D, C, E, F, G, I, H, M, O, N, F, G, H, I]"
6311,6311,M,artificial,M,complete,"606 [B, A, D, C, E, F, G, I, H, M, O, N, F, G, H, I]"
6312,6312,H,artificial,H,complete,"606 [B, A, D, C, E, F, G, I, H, M, O, N, F, G, H, I]"
6313,6313,I,artificial,I,complete,"606 [B, A, D, C, E, F, G, I, H, M, O, N, F, G, H, I]"
6314,6314,G,artificial,G,complete,"606 [B, A, D, C, E, F, G, I, H, M, O, N, F, G, H, I]"
6315,6315,F,artificial,F,complete,"606 [B, A, D, C, E, F, G, I, H, M, O, N, F, G, H, I]"
6316,6316,E,artificial,D_Dupli,complete,"606 [B, A, D, C, E, F, G, I, H, M, O, N, F, G, H, I]"
6317,6317,C,artificial,D_Dupli,complete,"606 [B, A, D, C, E, F, G, I, H, M, O, N, F, G, H, I]"
6318,6318,D,artificial,D_Dupli,complete,"606 [B, A, D, C, E, F, G, I, H, M, O, N, F, G, H, I]"
6319,6319,G,artificial,G,complete,"606 [B, A, D, C, E, F, G, I, H, M, O, N, F, G, H, I]"
6320,6320,B,artificial,D_Dupli,complete,"606 [B, A, D, C, E, F, G, I, H, M, O, N, F, G, H, I]"
6321,6321,F,artificial,F,complete,"606 [B, A, D, C, E, F, G, I, H, M, O, N, F, G, H, I]"
6322,6322,I,artificial,I,complete,"606 [B, A, D, C, E, F, G, I, H, M, O, N, F, G, H, I]"
6323,6323,H,artificial,H,complete,"606 [B, A, D, C, E, F, G, I, H, M, O, N, F, G, H, I]"
6324,6324,A,artificial,A,complete,"607 [A, B, C, D, E, F, G, H, I]"
6325,6325,B,artificial,D_Dupli,complete,"607 [A, B, C, D, E, F, G, H, I]"
6326,6326,C,artificial,D_Dupli,complete,"607 [A, B, C, D, E, F, G, H, I]"
6327,6327,D,artificial,D_Dupli,complete,"607 [A, B, C, D, E, F, G, H, I]"
6328,6328,E,artificial,D_Dupli,complete,"607 [A, B, C, D, E, F, G, H, I]"
6329,6329,G,artificial,G,complete,"607 [A, B, C, D, E, F, G, H, I]"
6330,6330,I,artificial,I,complete,"607 [A, B, C, D, E, F, G, H, I]"
6331,6331,H,artificial,H,complete,"607 [A, B, C, D, E, F, G, H, I]"
6332,6332,F,artificial,F,complete,"607 [A, B, C, D, E, F, G, H, I]"
6333,6333,I,artificial,I,complete,"608 [A, B, D, C, E, F, G, H, I]"
6334,6334,G,artificial,G,complete,"608 [A, B, D, C, E, F, G, H, I]"
6335,6335,F,artificial,F,complete,"608 [A, B, D, C, E, F, G, H, I]"
6336,6336,E,artificial,D_Dupli,complete,"608 [A, B, D, C, E, F, G, H, I]"
6337,6337,C,artificial,D_Dupli,complete,"608 [A, B, D, C, E, F, G, H, I]"
6338,6338,D,artificial,D_Dupli,complete,"608 [A, B, D, C, E, F, G, H, I]"
6339,6339,B,artificial,D_Dupli,complete,"608 [A, B, D, C, E, F, G, H, I]"
6340,6340,A,artificial,A,complete,"608 [A, B, D, C, E, F, G, H, I]"
6341,6341,H,artificial,H,complete,"608 [A, B, D, C, E, F, G, H, I]"
6342,6342,B,artificial,D_Dupli,complete,"609 [A, B, E, D, C, F, G, I, H]"
6343,6343,D,artificial,D_Dupli,complete,"609 [A, B, E, D, C, F, G, I, H]"
6344,6344,C,artificial,D_Dupli,complete,"609 [A, B, E, D, C, F, G, I, H]"
6345,6345,F,artificial,F,complete,"609 [A, B, E, D, C, F, G, I, H]"
6346,6346,G,artificial,G,complete,"609 [A, B, E, D, C, F, G, I, H]"
6347,6347,I,artificial,I,complete,"609 [A, B, E, D, C, F, G, I, H]"
6348,6348,H,artificial,H,complete,"609 [A, B, E, D, C, F, G, I, H]"
6349,6349,E,artificial,D_Dupli,complete,"609 [A, B, E, D, C, F, G, I, H]"
6350,6350,A,artificial,A,complete,"609 [A, B, E, D, C, F, G, I, H]"
6351,6351,A,artificial,A,complete,"61 [A, B, E, D, C, F, G, H, I]"
6352,6352,I,artificial,I,complete,"61 [A, B, E, D, C, F, G, H, I]"
6353,6353,H,artificial,H,complete,"61 [A, B, E, D, C, F, G, H, I]"
6354,6354,G,artificial,G,complete,"61 [A, B, E, D, C, F, G, H, I]"
6355,6355,F,artificial,F,complete,"61 [A, B, E, D, C, F, G, H, I]"
6356,6356,C,artificial,D_Dupli,complete,"61 [A, B, E, D, C, F, G, H, I]"
6357,6357,D,artificial,D_Dupli,complete,"61 [A, B, E, D, C, F, G, H, I]"
6358,6358,E,artificial,D_Dupli,complete,"61 [A, B, E, D, C, F, G, H, I]"
6359,6359,B,artificial,D_Dupli,complete,"61 [A, B, E, D, C, F, G, H, I]"
6360,6360,B,artificial,D_Dupli,complete,"610 [B, A, C, D, E, F, G, I, H]"
6361,6361,C,artificial,D_Dupli,complete,"610 [B, A, C, D, E, F, G, I, H]"
6362,6362,D,artificial,D_Dupli,complete,"610 [B, A, C, D, E, F, G, I, H]"
6363,6363,E,artificial,D_Dupli,complete,"610 [B, A, C, D, E, F, G, I, H]"
6364,6364,F,artificial,F,complete,"610 [B, A, C, D, E, F, G, I, H]"
6365,6365,G,artificial,G,complete,"610 [B, A, C, D, E, F, G, I, H]"
6366,6366,I,artificial,I,complete,"610 [B, A, C, D, E, F, G, I, H]"
6367,6367,H,artificial,H,complete,"610 [B, A, C, D, E, F, G, I, H]"
6368,6368,A,artificial,A,complete,"610 [B, A, C, D, E, F, G, I, H]"
6369,6369,B,artificial,D_Dupli,complete,"611 [A, B, E, D, C, F, G, I, H]"
6370,6370,A,artificial,A,complete,"611 [A, B, E, D, C, F, G, I, H]"
6371,6371,D,artificial,D_Dupli,complete,"611 [A, B, E, D, C, F, G, I, H]"
6372,6372,C,artificial,D_Dupli,complete,"611 [A, B, E, D, C, F, G, I, H]"
6373,6373,F,artificial,F,complete,"611 [A, B, E, D, C, F, G, I, H]"
6374,6374,G,artificial,G,complete,"611 [A, B, E, D, C, F, G, I, H]"
6375,6375,I,artificial,I,complete,"611 [A, B, E, D, C, F, G, I, H]"
6376,6376,H,artificial,H,complete,"611 [A, B, E, D, C, F, G, I, H]"
6377,6377,E,artificial,D_Dupli,complete,"611 [A, B, E, D, C, F, G, I, H]"
6378,6378,I,artificial,I,complete,"612 [B, A, C, D, E, F, G, H, I]"
6379,6379,H,artificial,H,complete,"612 [B, A, C, D, E, F, G, H, I]"
6380,6380,G,artificial,G,complete,"612 [B, A, C, D, E, F, G, H, I]"
6381,6381,F,artificial,F,complete,"612 [B, A, C, D, E, F, G, H, I]"
6382,6382,A,artificial,A,complete,"612 [B, A, C, D, E, F, G, H, I]"
6383,6383,D,artificial,D_Dupli,complete,"612 [B, A, C, D, E, F, G, H, I]"
6384,6384,C,artificial,D_Dupli,complete,"612 [B, A, C, D, E, F, G, H, I]"
6385,6385,B,artificial,D_Dupli,complete,"612 [B, A, C, D, E, F, G, H, I]"
6386,6386,E,artificial,D_Dupli,complete,"612 [B, A, C, D, E, F, G, H, I]"
6387,6387,F,artificial,F,complete,"613 [B, A, D, C, E, F, G, I, H]"
6388,6388,H,artificial,H,complete,"613 [B, A, D, C, E, F, G, I, H]"
6389,6389,I,artificial,I,complete,"613 [B, A, D, C, E, F, G, I, H]"
6390,6390,E,artificial,D_Dupli,complete,"613 [B, A, D, C, E, F, G, I, H]"
6391,6391,G,artificial,G,complete,"613 [B, A, D, C, E, F, G, I, H]"
6392,6392,D,artificial,D_Dupli,complete,"613 [B, A, D, C, E, F, G, I, H]"
6393,6393,A,artificial,A,complete,"613 [B, A, D, C, E, F, G, I, H]"
6394,6394,B,artificial,D_Dupli,complete,"613 [B, A, D, C, E, F, G, I, H]"
6395,6395,C,artificial,D_Dupli,complete,"613 [B, A, D, C, E, F, G, I, H]"
6396,6396,I,artificial,I,complete,"614 [B, A, C, D, E, F, G, H, I]"
6397,6397,G,artificial,G,complete,"614 [B, A, C, D, E, F, G, H, I]"
6398,6398,F,artificial,F,complete,"614 [B, A, C, D, E, F, G, H, I]"
6399,6399,E,artificial,D_Dupli,complete,"614 [B, A, C, D, E, F, G, H, I]"
6400,6400,H,artificial,H,complete,"614 [B, A, C, D, E, F, G, H, I]"
6401,6401,C,artificial,D_Dupli,complete,"614 [B, A, C, D, E, F, G, H, I]"
6402,6402,A,artificial,A,complete,"614 [B, A, C, D, E, F, G, H, I]"
6403,6403,B,artificial,D_Dupli,complete,"614 [B, A, C, D, E, F, G, H, I]"
6404,6404,D,artificial,D_Dupli,complete,"614 [B, A, C, D, E, F, G, H, I]"
6405,6405,C,artificial,D_Dupli,complete,"615 [A, B, E, C, D, F, G, I, H]"
6406,6406,A,artificial,A,complete,"615 [A, B, E, C, D, F, G, I, H]"
6407,6407,B,artificial,D_Dupli,complete,"615 [A, B, E, C, D, F, G, I, H]"
6408,6408,E,artificial,D_Dupli,complete,"615 [A, B, E, C, D, F, G, I, H]"
6409,6409,D,artificial,D_Dupli,complete,"615 [A, B, E, C, D, F, G, I, H]"
6410,6410,F,artificial,F,complete,"615 [A, B, E, C, D, F, G, I, H]"
6411,6411,G,artificial,G,complete,"615 [A, B, E, C, D, F, G, I, H]"
6412,6412,I,artificial,I,complete,"615 [A, B, E, C, D, F, G, I, H]"
6413,6413,H,artificial,H,complete,"615 [A, B, E, C, D, F, G, I, H]"
6414,6414,H,artificial,H,complete,"616 [B, A, D, E, C, F, G, H, I]"
6415,6415,I,artificial,I,complete,"616 [B, A, D, E, C, F, G, H, I]"
6416,6416,G,artificial,G,complete,"616 [B, A, D, E, C, F, G, H, I]"
6417,6417,C,artificial,D_Dupli,complete,"616 [B, A, D, E, C, F, G, H, I]"
6418,6418,F,artificial,F,complete,"616 [B, A, D, E, C, F, G, H, I]"
6419,6419,D,artificial,D_Dupli,complete,"616 [B, A, D, E, C, F, G, H, I]"
6420,6420,E,artificial,D_Dupli,complete,"616 [B, A, D, E, C, F, G, H, I]"
6421,6421,A,artificial,A,complete,"616 [B, A, D, E, C, F, G, H, I]"
6422,6422,B,artificial,D_Dupli,complete,"616 [B, A, D, E, C, F, G, H, I]"
6423,6423,I,artificial,I,complete,"617 [A, B, E, D, C, F, G, I, H, J, K, F, G, H, I]"
6424,6424,H,artificial,H,complete,"617 [A, B, E, D, C, F, G, I, H, J, K, F, G, H, I]"
6425,6425,G,artificial,G,complete,"617 [A, B, E, D, C, F, G, I, H, J, K, F, G, H, I]"
6426,6426,F,artificial,F,complete,"617 [A, B, E, D, C, F, G, I, H, J, K, F, G, H, I]"
6427,6427,K,artificial,K,complete,"617 [A, B, E, D, C, F, G, I, H, J, K, F, G, H, I]"
6428,6428,J,artificial,J,complete,"617 [A, B, E, D, C, F, G, I, H, J, K, F, G, H, I]"
6429,6429,H,artificial,H,complete,"617 [A, B, E, D, C, F, G, I, H, J, K, F, G, H, I]"
6430,6430,I,artificial,I,complete,"617 [A, B, E, D, C, F, G, I, H, J, K, F, G, H, I]"
6431,6431,G,artificial,G,complete,"617 [A, B, E, D, C, F, G, I, H, J, K, F, G, H, I]"
6432,6432,F,artificial,F,complete,"617 [A, B, E, D, C, F, G, I, H, J, K, F, G, H, I]"
6433,6433,C,artificial,D_Dupli,complete,"617 [A, B, E, D, C, F, G, I, H, J, K, F, G, H, I]"
6434,6434,D,artificial,D_Dupli,complete,"617 [A, B, E, D, C, F, G, I, H, J, K, F, G, H, I]"
6435,6435,E,artificial,D_Dupli,complete,"617 [A, B, E, D, C, F, G, I, H, J, K, F, G, H, I]"
6436,6436,B,artificial,D_Dupli,complete,"617 [A, B, E, D, C, F, G, I, H, J, K, F, G, H, I]"
6437,6437,A,artificial,A,complete,"617 [A, B, E, D, C, F, G, I, H, J, K, F, G, H, I]"
6438,6438,I,artificial,I,complete,"618 [A, B, C, D, E, F, G, I, H]"
6439,6439,H,artificial,H,complete,"618 [A, B, C, D, E, F, G, I, H]"
6440,6440,F,artificial,F,complete,"618 [A, B, C, D, E, F, G, I, H]"
6441,6441,E,artificial,D_Dupli,complete,"618 [A, B, C, D, E, F, G, I, H]"
6442,6442,G,artificial,G,complete,"618 [A, B, C, D, E, F, G, I, H]"
6443,6443,C,artificial,D_Dupli,complete,"618 [A, B, C, D, E, F, G, I, H]"
6444,6444,B,artificial,D_Dupli,complete,"618 [A, B, C, D, E, F, G, I, H]"
6445,6445,A,artificial,A,complete,"618 [A, B, C, D, E, F, G, I, H]"
6446,6446,D,artificial,D_Dupli,complete,"618 [A, B, C, D, E, F, G, I, H]"
6447,6447,I,artificial,I,complete,"619 [B, A, E, D, C, F, G, H, I]"
6448,6448,H,artificial,H,complete,"619 [B, A, E, D, C, F, G, H, I]"
6449,6449,G,artificial,G,complete,"619 [B, A, E, D, C, F, G, H, I]"
6450,6450,F,artificial,F,complete,"619 [B, A, E, D, C, F, G, H, I]"
6451,6451,C,artificial,D_Dupli,complete,"619 [B, A, E, D, C, F, G, H, I]"
6452,6452,E,artificial,D_Dupli,complete,"619 [B, A, E, D, C, F, G, H, I]"
6453,6453,A,artificial,A,complete,"619 [B, A, E, D, C, F, G, H, I]"
6454,6454,B,artificial,D_Dupli,complete,"619 [B, A, E, D, C, F, G, H, I]"
6455,6455,D,artificial,D_Dupli,complete,"619 [B, A, E, D, C, F, G, H, I]"
6456,6456,I,artificial,I,complete,"62 [A, B, D, E, C, F, G, I, H, M, N, O, F, G, H, I]"
6457,6457,E,artificial,D_Dupli,complete,"62 [A, B, D, E, C, F, G, I, H, M, N, O, F, G, H, I]"
6458,6458,D,artificial,D_Dupli,complete,"62 [A, B, D, E, C, F, G, I, H, M, N, O, F, G, H, I]"
6459,6459,C,artificial,D_Dupli,complete,"62 [A, B, D, E, C, F, G, I, H, M, N, O, F, G, H, I]"
6460,6460,F,artificial,F,complete,"62 [A, B, D, E, C, F, G, I, H, M, N, O, F, G, H, I]"
6461,6461,G,artificial,G,complete,"62 [A, B, D, E, C, F, G, I, H, M, N, O, F, G, H, I]"
6462,6462,H,artificial,H,complete,"62 [A, B, D, E, C, F, G, I, H, M, N, O, F, G, H, I]"
6463,6463,G,artificial,G,complete,"62 [A, B, D, E, C, F, G, I, H, M, N, O, F, G, H, I]"
6464,6464,N,artificial,N,complete,"62 [A, B, D, E, C, F, G, I, H, M, N, O, F, G, H, I]"
6465,6465,O,artificial,O,complete,"62 [A, B, D, E, C, F, G, I, H, M, N, O, F, G, H, I]"
6466,6466,F,artificial,F,complete,"62 [A, B, D, E, C, F, G, I, H, M, N, O, F, G, H, I]"
6467,6467,I,artificial,I,complete,"62 [A, B, D, E, C, F, G, I, H, M, N, O, F, G, H, I]"
6468,6468,B,artificial,D_Dupli,complete,"62 [A, B, D, E, C, F, G, I, H, M, N, O, F, G, H, I]"
6469,6469,H,artificial,H,complete,"62 [A, B, D, E, C, F, G, I, H, M, N, O, F, G, H, I]"
6470,6470,M,artificial,M,complete,"62 [A, B, D, E, C, F, G, I, H, M, N, O, F, G, H, I]"
6471,6471,A,artificial,A,complete,"62 [A, B, D, E, C, F, G, I, H, M, N, O, F, G, H, I]"
6472,6472,B,artificial,D_Dupli,complete,"620 [A, B, C, E, D, F, G, H, I]"
6473,6473,I,artificial,I,complete,"620 [A, B, C, E, D, F, G, H, I]"
6474,6474,H,artificial,H,complete,"620 [A, B, C, E, D, F, G, H, I]"
6475,6475,G,artificial,G,complete,"620 [A, B, C, E, D, F, G, H, I]"
6476,6476,F,artificial,F,complete,"620 [A, B, C, E, D, F, G, H, I]"
6477,6477,D,artificial,D_Dupli,complete,"620 [A, B, C, E, D, F, G, H, I]"
6478,6478,E,artificial,D_Dupli,complete,"620 [A, B, C, E, D, F, G, H, I]"
6479,6479,C,artificial,D_Dupli,complete,"620 [A, B, C, E, D, F, G, H, I]"
6480,6480,A,artificial,A,complete,"620 [A, B, C, E, D, F, G, H, I]"
6481,6481,I,artificial,I,complete,"621 [B, A, D, E, C, F, G, I, H]"
6482,6482,E,artificial,D_Dupli,complete,"621 [B, A, D, E, C, F, G, I, H]"
6483,6483,D,artificial,D_Dupli,complete,"621 [B, A, D, E, C, F, G, I, H]"
6484,6484,A,artificial,A,complete,"621 [B, A, D, E, C, F, G, I, H]"
6485,6485,B,artificial,D_Dupli,complete,"621 [B, A, D, E, C, F, G, I, H]"
6486,6486,G,artificial,G,complete,"621 [B, A, D, E, C, F, G, I, H]"
6487,6487,C,artificial,D_Dupli,complete,"621 [B, A, D, E, C, F, G, I, H]"
6488,6488,F,artificial,F,complete,"621 [B, A, D, E, C, F, G, I, H]"
6489,6489,H,artificial,H,complete,"621 [B, A, D, E, C, F, G, I, H]"
6490,6490,A,artificial,A,complete,"622 [A, B, C, E, D, F, G, I, H]"
6491,6491,B,artificial,D_Dupli,complete,"622 [A, B, C, E, D, F, G, I, H]"
6492,6492,C,artificial,D_Dupli,complete,"622 [A, B, C, E, D, F, G, I, H]"
6493,6493,E,artificial,D_Dupli,complete,"622 [A, B, C, E, D, F, G, I, H]"
6494,6494,D,artificial,D_Dupli,complete,"622 [A, B, C, E, D, F, G, I, H]"
6495,6495,F,artificial,F,complete,"622 [A, B, C, E, D, F, G, I, H]"
6496,6496,G,artificial,G,complete,"622 [A, B, C, E, D, F, G, I, H]"
6497,6497,I,artificial,I,complete,"622 [A, B, C, E, D, F, G, I, H]"
6498,6498,H,artificial,H,complete,"622 [A, B, C, E, D, F, G, I, H]"
6499,6499,F,artificial,F,complete,"623 [B, A, C, D, E, F, G, I, H]"
6500,6500,B,artificial,D_Dupli,complete,"623 [B, A, C, D, E, F, G, I, H]"
6501,6501,A,artificial,A,complete,"623 [B, A, C, D, E, F, G, I, H]"
6502,6502,C,artificial,D_Dupli,complete,"623 [B, A, C, D, E, F, G, I, H]"
6503,6503,D,artificial,D_Dupli,complete,"623 [B, A, C, D, E, F, G, I, H]"
6504,6504,H,artificial,H,complete,"623 [B, A, C, D, E, F, G, I, H]"
6505,6505,I,artificial,I,complete,"623 [B, A, C, D, E, F, G, I, H]"
6506,6506,G,artificial,G,complete,"623 [B, A, C, D, E, F, G, I, H]"
6507,6507,E,artificial,D_Dupli,complete,"623 [B, A, C, D, E, F, G, I, H]"
6508,6508,H,artificial,H,complete,"624 [B, A, E, D, C, F, G, I, H]"
6509,6509,I,artificial,I,complete,"624 [B, A, E, D, C, F, G, I, H]"
6510,6510,G,artificial,G,complete,"624 [B, A, E, D, C, F, G, I, H]"
6511,6511,F,artificial,F,complete,"624 [B, A, E, D, C, F, G, I, H]"
6512,6512,C,artificial,D_Dupli,complete,"624 [B, A, E, D, C, F, G, I, H]"
6513,6513,D,artificial,D_Dupli,complete,"624 [B, A, E, D, C, F, G, I, H]"
6514,6514,E,artificial,D_Dupli,complete,"624 [B, A, E, D, C, F, G, I, H]"
6515,6515,B,artificial,D_Dupli,complete,"624 [B, A, E, D, C, F, G, I, H]"
6516,6516,A,artificial,A,complete,"624 [B, A, E, D, C, F, G, I, H]"
6517,6517,H,artificial,H,complete,"625 [B, A, E, C, D, F, G, I, H]"
6518,6518,B,artificial,D_Dupli,complete,"625 [B, A, E, C, D, F, G, I, H]"
6519,6519,A,artificial,A,complete,"625 [B, A, E, C, D, F, G, I, H]"
6520,6520,E,artificial,D_Dupli,complete,"625 [B, A, E, C, D, F, G, I, H]"
6521,6521,C,artificial,D_Dupli,complete,"625 [B, A, E, C, D, F, G, I, H]"
6522,6522,D,artificial,D_Dupli,complete,"625 [B, A, E, C, D, F, G, I, H]"
6523,6523,F,artificial,F,complete,"625 [B, A, E, C, D, F, G, I, H]"
6524,6524,G,artificial,G,complete,"625 [B, A, E, C, D, F, G, I, H]"
6525,6525,I,artificial,I,complete,"625 [B, A, E, C, D, F, G, I, H]"
6526,6526,I,artificial,I,complete,"626 [B, A, C, E, D, F, G, I, H, J, K, F, G, H, I]"
6527,6527,B,artificial,D_Dupli,complete,"626 [B, A, C, E, D, F, G, I, H, J, K, F, G, H, I]"
6528,6528,A,artificial,A,complete,"626 [B, A, C, E, D, F, G, I, H, J, K, F, G, H, I]"
6529,6529,C,artificial,D_Dupli,complete,"626 [B, A, C, E, D, F, G, I, H, J, K, F, G, H, I]"
6530,6530,E,artificial,D_Dupli,complete,"626 [B, A, C, E, D, F, G, I, H, J, K, F, G, H, I]"
6531,6531,G,artificial,G,complete,"626 [B, A, C, E, D, F, G, I, H, J, K, F, G, H, I]"
6532,6532,D,artificial,D_Dupli,complete,"626 [B, A, C, E, D, F, G, I, H, J, K, F, G, H, I]"
6533,6533,I,artificial,I,complete,"626 [B, A, C, E, D, F, G, I, H, J, K, F, G, H, I]"
6534,6534,H,artificial,H,complete,"626 [B, A, C, E, D, F, G, I, H, J, K, F, G, H, I]"
6535,6535,G,artificial,G,complete,"626 [B, A, C, E, D, F, G, I, H, J, K, F, G, H, I]"
6536,6536,F,artificial,F,complete,"626 [B, A, C, E, D, F, G, I, H, J, K, F, G, H, I]"
6537,6537,K,artificial,K,complete,"626 [B, A, C, E, D, F, G, I, H, J, K, F, G, H, I]"
6538,6538,J,artificial,J,complete,"626 [B, A, C, E, D, F, G, I, H, J, K, F, G, H, I]"
6539,6539,H,artificial,H,complete,"626 [B, A, C, E, D, F, G, I, H, J, K, F, G, H, I]"
6540,6540,F,artificial,F,complete,"626 [B, A, C, E, D, F, G, I, H, J, K, F, G, H, I]"
6541,6541,F,artificial,F,complete,"627 [B, A, E, D, C, F, G, I, H]"
6542,6542,C,artificial,D_Dupli,complete,"627 [B, A, E, D, C, F, G, I, H]"
6543,6543,D,artificial,D_Dupli,complete,"627 [B, A, E, D, C, F, G, I, H]"
6544,6544,E,artificial,D_Dupli,complete,"627 [B, A, E, D, C, F, G, I, H]"
6545,6545,A,artificial,A,complete,"627 [B, A, E, D, C, F, G, I, H]"
6546,6546,B,artificial,D_Dupli,complete,"627 [B, A, E, D, C, F, G, I, H]"
6547,6547,H,artificial,H,complete,"627 [B, A, E, D, C, F, G, I, H]"
6548,6548,G,artificial,G,complete,"627 [B, A, E, D, C, F, G, I, H]"
6549,6549,I,artificial,I,complete,"627 [B, A, E, D, C, F, G, I, H]"
6550,6550,A,artificial,A,complete,"628 [A, B, D, C, E, F, G, H, I]"
6551,6551,B,artificial,D_Dupli,complete,"628 [A, B, D, C, E, F, G, H, I]"
6552,6552,D,artificial,D_Dupli,complete,"628 [A, B, D, C, E, F, G, H, I]"
6553,6553,C,artificial,D_Dupli,complete,"628 [A, B, D, C, E, F, G, H, I]"
6554,6554,E,artificial,D_Dupli,complete,"628 [A, B, D, C, E, F, G, H, I]"
6555,6555,F,artificial,F,complete,"628 [A, B, D, C, E, F, G, H, I]"
6556,6556,G,artificial,G,complete,"628 [A, B, D, C, E, F, G, H, I]"
6557,6557,H,artificial,H,complete,"628 [A, B, D, C, E, F, G, H, I]"
6558,6558,I,artificial,I,complete,"628 [A, B, D, C, E, F, G, H, I]"
6559,6559,F,artificial,F,complete,"629 [B, A, E, D, C, F, G, I, H]"
6560,6560,H,artificial,H,complete,"629 [B, A, E, D, C, F, G, I, H]"
6561,6561,I,artificial,I,complete,"629 [B, A, E, D, C, F, G, I, H]"
6562,6562,G,artificial,G,complete,"629 [B, A, E, D, C, F, G, I, H]"
6563,6563,C,artificial,D_Dupli,complete,"629 [B, A, E, D, C, F, G, I, H]"
6564,6564,E,artificial,D_Dupli,complete,"629 [B, A, E, D, C, F, G, I, H]"
6565,6565,A,artificial,A,complete,"629 [B, A, E, D, C, F, G, I, H]"
6566,6566,B,artificial,D_Dupli,complete,"629 [B, A, E, D, C, F, G, I, H]"
6567,6567,D,artificial,D_Dupli,complete,"629 [B, A, E, D, C, F, G, I, H]"
6568,6568,G,artificial,G,complete,"63 [A, B, C, E, D, F, G, H, I]"
6569,6569,A,artificial,A,complete,"63 [A, B, C, E, D, F, G, H, I]"
6570,6570,B,artificial,D_Dupli,complete,"63 [A, B, C, E, D, F, G, H, I]"
6571,6571,C,artificial,D_Dupli,complete,"63 [A, B, C, E, D, F, G, H, I]"
6572,6572,E,artificial,D_Dupli,complete,"63 [A, B, C, E, D, F, G, H, I]"
6573,6573,D,artificial,D_Dupli,complete,"63 [A, B, C, E, D, F, G, H, I]"
6574,6574,F,artificial,F,complete,"63 [A, B, C, E, D, F, G, H, I]"
6575,6575,I,artificial,I,complete,"63 [A, B, C, E, D, F, G, H, I]"
6576,6576,H,artificial,H,complete,"63 [A, B, C, E, D, F, G, H, I]"
6577,6577,I,artificial,I,complete,"630 [A, B, E, C, D, F, G, I, H]"
6578,6578,G,artificial,G,complete,"630 [A, B, E, C, D, F, G, I, H]"
6579,6579,H,artificial,H,complete,"630 [A, B, E, C, D, F, G, I, H]"
6580,6580,F,artificial,F,complete,"630 [A, B, E, C, D, F, G, I, H]"
6581,6581,D,artificial,D_Dupli,complete,"630 [A, B, E, C, D, F, G, I, H]"
6582,6582,C,artificial,D_Dupli,complete,"630 [A, B, E, C, D, F, G, I, H]"
6583,6583,E,artificial,D_Dupli,complete,"630 [A, B, E, C, D, F, G, I, H]"
6584,6584,B,artificial,D_Dupli,complete,"630 [A, B, E, C, D, F, G, I, H]"
6585,6585,A,artificial,A,complete,"630 [A, B, E, C, D, F, G, I, H]"
6586,6586,H,artificial,H,complete,"631 [B, A, E, C, D, F, G, I, H]"
6587,6587,I,artificial,I,complete,"631 [B, A, E, C, D, F, G, I, H]"
6588,6588,G,artificial,G,complete,"631 [B, A, E, C, D, F, G, I, H]"
6589,6589,F,artificial,F,complete,"631 [B, A, E, C, D, F, G, I, H]"
6590,6590,D,artificial,D_Dupli,complete,"631 [B, A, E, C, D, F, G, I, H]"
6591,6591,E,artificial,D_Dupli,complete,"631 [B, A, E, C, D, F, G, I, H]"
6592,6592,A,artificial,A,complete,"631 [B, A, E, C, D, F, G, I, H]"
6593,6593,C,artificial,D_Dupli,complete,"631 [B, A, E, C, D, F, G, I, H]"
6594,6594,B,artificial,D_Dupli,complete,"631 [B, A, E, C, D, F, G, I, H]"
6595,6595,D,artificial,D_Dupli,complete,"632 [A, B, C, D, E, F, G, I, H]"
6596,6596,C,artificial,D_Dupli,complete,"632 [A, B, C, D, E, F, G, I, H]"
6597,6597,B,artificial,D_Dupli,complete,"632 [A, B, C, D, E, F, G, I, H]"
6598,6598,A,artificial,A,complete,"632 [A, B, C, D, E, F, G, I, H]"
6599,6599,G,artificial,G,complete,"632 [A, B, C, D, E, F, G, I, H]"
6600,6600,I,artificial,I,complete,"632 [A, B, C, D, E, F, G, I, H]"
6601,6601,H,artificial,H,complete,"632 [A, B, C, D, E, F, G, I, H]"
6602,6602,E,artificial,D_Dupli,complete,"632 [A, B, C, D, E, F, G, I, H]"
6603,6603,F,artificial,F,complete,"632 [A, B, C, D, E, F, G, I, H]"
6604,6604,A,artificial,A,complete,"633 [A, B, E, C, D, F, G, I, H, N, M, O, F, G, I, H]"
6605,6605,E,artificial,D_Dupli,complete,"633 [A, B, E, C, D, F, G, I, H, N, M, O, F, G, I, H]"
6606,6606,D,artificial,D_Dupli,complete,"633 [A, B, E, C, D, F, G, I, H, N, M, O, F, G, I, H]"
6607,6607,F,artificial,F,complete,"633 [A, B, E, C, D, F, G, I, H, N, M, O, F, G, I, H]"
6608,6608,G,artificial,G,complete,"633 [A, B, E, C, D, F, G, I, H, N, M, O, F, G, I, H]"
6609,6609,I,artificial,I,complete,"633 [A, B, E, C, D, F, G, I, H, N, M, O, F, G, I, H]"
6610,6610,H,artificial,H,complete,"633 [A, B, E, C, D, F, G, I, H, N, M, O, F, G, I, H]"
6611,6611,B,artificial,D_Dupli,complete,"633 [A, B, E, C, D, F, G, I, H, N, M, O, F, G, I, H]"
6612,6612,C,artificial,D_Dupli,complete,"633 [A, B, E, C, D, F, G, I, H, N, M, O, F, G, I, H]"
6613,6613,H,artificial,H,complete,"633 [A, B, E, C, D, F, G, I, H, N, M, O, F, G, I, H]"
6614,6614,I,artificial,I,complete,"633 [A, B, E, C, D, F, G, I, H, N, M, O, F, G, I, H]"
6615,6615,G,artificial,G,complete,"633 [A, B, E, C, D, F, G, I, H, N, M, O, F, G, I, H]"
6616,6616,F,artificial,F,complete,"633 [A, B, E, C, D, F, G, I, H, N, M, O, F, G, I, H]"
6617,6617,O,artificial,O,complete,"633 [A, B, E, C, D, F, G, I, H, N, M, O, F, G, I, H]"
6618,6618,M,artificial,M,complete,"633 [A, B, E, C, D, F, G, I, H, N, M, O, F, G, I, H]"
6619,6619,N,artificial,N,complete,"633 [A, B, E, C, D, F, G, I, H, N, M, O, F, G, I, H]"
6620,6620,A,artificial,A,complete,"634 [A, B, E, C, D, F, G, I, H]"
6621,6621,C,artificial,D_Dupli,complete,"634 [A, B, E, C, D, F, G, I, H]"
6622,6622,D,artificial,D_Dupli,complete,"634 [A, B, E, C, D, F, G, I, H]"
6623,6623,F,artificial,F,complete,"634 [A, B, E, C, D, F, G, I, H]"
6624,6624,G,artificial,G,complete,"634 [A, B, E, C, D, F, G, I, H]"
6625,6625,H,artificial,H,complete,"634 [A, B, E, C, D, F, G, I, H]"
6626,6626,I,artificial,I,complete,"634 [A, B, E, C, D, F, G, I, H]"
6627,6627,E,artificial,D_Dupli,complete,"634 [A, B, E, C, D, F, G, I, H]"
6628,6628,B,artificial,D_Dupli,complete,"634 [A, B, E, C, D, F, G, I, H]"
6629,6629,D,artificial,D_Dupli,complete,"635 [A, B, E, D, C, F, G, H, I]"
6630,6630,C,artificial,D_Dupli,complete,"635 [A, B, E, D, C, F, G, H, I]"
6631,6631,F,artificial,F,complete,"635 [A, B, E, D, C, F, G, H, I]"
6632,6632,G,artificial,G,complete,"635 [A, B, E, D, C, F, G, H, I]"
6633,6633,H,artificial,H,complete,"635 [A, B, E, D, C, F, G, H, I]"
6634,6634,I,artificial,I,complete,"635 [A, B, E, D, C, F, G, H, I]"
6635,6635,E,artificial,D_Dupli,complete,"635 [A, B, E, D, C, F, G, H, I]"
6636,6636,B,artificial,D_Dupli,complete,"635 [A, B, E, D, C, F, G, H, I]"
6637,6637,A,artificial,A,complete,"635 [A, B, E, D, C, F, G, H, I]"
6638,6638,I,artificial,I,complete,"636 [B, A, E, C, D, F, G, H, I]"
6639,6639,H,artificial,H,complete,"636 [B, A, E, C, D, F, G, H, I]"
6640,6640,F,artificial,F,complete,"636 [B, A, E, C, D, F, G, H, I]"
6641,6641,D,artificial,D_Dupli,complete,"636 [B, A, E, C, D, F, G, H, I]"
6642,6642,G,artificial,G,complete,"636 [B, A, E, C, D, F, G, H, I]"
6643,6643,E,artificial,D_Dupli,complete,"636 [B, A, E, C, D, F, G, H, I]"
6644,6644,C,artificial,D_Dupli,complete,"636 [B, A, E, C, D, F, G, H, I]"
6645,6645,B,artificial,D_Dupli,complete,"636 [B, A, E, C, D, F, G, H, I]"
6646,6646,A,artificial,A,complete,"636 [B, A, E, C, D, F, G, H, I]"
6647,6647,H,artificial,H,complete,"637 [B, A, D, C, E, F, G, I, H, J, K, F, G, H, I]"
6648,6648,G,artificial,G,complete,"637 [B, A, D, C, E, F, G, I, H, J, K, F, G, H, I]"
6649,6649,F,artificial,F,complete,"637 [B, A, D, C, E, F, G, I, H, J, K, F, G, H, I]"
6650,6650,K,artificial,K,complete,"637 [B, A, D, C, E, F, G, I, H, J, K, F, G, H, I]"
6651,6651,J,artificial,J,complete,"637 [B, A, D, C, E, F, G, I, H, J, K, F, G, H, I]"
6652,6652,H,artificial,H,complete,"637 [B, A, D, C, E, F, G, I, H, J, K, F, G, H, I]"
6653,6653,G,artificial,G,complete,"637 [B, A, D, C, E, F, G, I, H, J, K, F, G, H, I]"
6654,6654,B,artificial,D_Dupli,complete,"637 [B, A, D, C, E, F, G, I, H, J, K, F, G, H, I]"
6655,6655,A,artificial,A,complete,"637 [B, A, D, C, E, F, G, I, H, J, K, F, G, H, I]"
6656,6656,D,artificial,D_Dupli,complete,"637 [B, A, D, C, E, F, G, I, H, J, K, F, G, H, I]"
6657,6657,C,artificial,D_Dupli,complete,"637 [B, A, D, C, E, F, G, I, H, J, K, F, G, H, I]"
6658,6658,E,artificial,D_Dupli,complete,"637 [B, A, D, C, E, F, G, I, H, J, K, F, G, H, I]"
6659,6659,F,artificial,F,complete,"637 [B, A, D, C, E, F, G, I, H, J, K, F, G, H, I]"
6660,6660,I,artificial,I,complete,"637 [B, A, D, C, E, F, G, I, H, J, K, F, G, H, I]"
6661,6661,I,artificial,I,complete,"637 [B, A, D, C, E, F, G, I, H, J, K, F, G, H, I]"
6662,6662,H,artificial,H,complete,"638 [A, B, C, D, E, F, G, H, I, O, N, M, F, G, I, H]"
6663,6663,B,artificial,D_Dupli,complete,"638 [A, B, C, D, E, F, G, H, I, O, N, M, F, G, I, H]"
6664,6664,H,artificial,H,complete,"638 [A, B, C, D, E, F, G, H, I, O, N, M, F, G, I, H]"
6665,6665,I,artificial,I,complete,"638 [A, B, C, D, E, F, G, H, I, O, N, M, F, G, I, H]"
6666,6666,G,artificial,G,complete,"638 [A, B, C, D, E, F, G, H, I, O, N, M, F, G, I, H]"
6667,6667,F,artificial,F,complete,"638 [A, B, C, D, E, F, G, H, I, O, N, M, F, G, I, H]"
6668,6668,M,artificial,M,complete,"638 [A, B, C, D, E, F, G, H, I, O, N, M, F, G, I, H]"
6669,6669,N,artificial,N,complete,"638 [A, B, C, D, E, F, G, H, I, O, N, M, F, G, I, H]"
6670,6670,A,artificial,A,complete,"638 [A, B, C, D, E, F, G, H, I, O, N, M, F, G, I, H]"
6671,6671,O,artificial,O,complete,"638 [A, B, C, D, E, F, G, H, I, O, N, M, F, G, I, H]"
6672,6672,E,artificial,D_Dupli,complete,"638 [A, B, C, D, E, F, G, H, I, O, N, M, F, G, I, H]"
6673,6673,I,artificial,I,complete,"638 [A, B, C, D, E, F, G, H, I, O, N, M, F, G, I, H]"
6674,6674,G,artificial,G,complete,"638 [A, B, C, D, E, F, G, H, I, O, N, M, F, G, I, H]"
6675,6675,F,artificial,F,complete,"638 [A, B, C, D, E, F, G, H, I, O, N, M, F, G, I, H]"
6676,6676,D,artificial,D_Dupli,complete,"638 [A, B, C, D, E, F, G, H, I, O, N, M, F, G, I, H]"
6677,6677,C,artificial,D_Dupli,complete,"638 [A, B, C, D, E, F, G, H, I, O, N, M, F, G, I, H]"
6678,6678,G,artificial,G,complete,"639 [A, B, C, D, E, F, G, I, H, N, O, M, F, G, H, I]"
6679,6679,F,artificial,F,complete,"639 [A, B, C, D, E, F, G, I, H, N, O, M, F, G, H, I]"
6680,6680,E,artificial,D_Dupli,complete,"639 [A, B, C, D, E, F, G, I, H, N, O, M, F, G, H, I]"
6681,6681,D,artificial,D_Dupli,complete,"639 [A, B, C, D, E, F, G, I, H, N, O, M, F, G, H, I]"
6682,6682,C,artificial,D_Dupli,complete,"639 [A, B, C, D, E, F, G, I, H, N, O, M, F, G, H, I]"
6683,6683,B,artificial,D_Dupli,complete,"639 [A, B, C, D, E, F, G, I, H, N, O, M, F, G, H, I]"
6684,6684,A,artificial,A,complete,"639 [A, B, C, D, E, F, G, I, H, N, O, M, F, G, H, I]"
6685,6685,O,artificial,O,complete,"639 [A, B, C, D, E, F, G, I, H, N, O, M, F, G, H, I]"
6686,6686,I,artificial,I,complete,"639 [A, B, C, D, E, F, G, I, H, N, O, M, F, G, H, I]"
6687,6687,I,artificial,I,complete,"639 [A, B, C, D, E, F, G, I, H, N, O, M, F, G, H, I]"
6688,6688,H,artificial,H,complete,"639 [A, B, C, D, E, F, G, I, H, N, O, M, F, G, H, I]"
6689,6689,G,artificial,G,complete,"639 [A, B, C, D, E, F, G, I, H, N, O, M, F, G, H, I]"
6690,6690,F,artificial,F,complete,"639 [A, B, C, D, E, F, G, I, H, N, O, M, F, G, H, I]"
6691,6691,M,artificial,M,complete,"639 [A, B, C, D, E, F, G, I, H, N, O, M, F, G, H, I]"
6692,6692,N,artificial,N,complete,"639 [A, B, C, D, E, F, G, I, H, N, O, M, F, G, H, I]"
6693,6693,H,artificial,H,complete,"639 [A, B, C, D, E, F, G, I, H, N, O, M, F, G, H, I]"
6694,6694,E,artificial,D_Dupli,complete,"64 [B, A, C, D, E, F, G, I, H]"
6695,6695,I,artificial,I,complete,"64 [B, A, C, D, E, F, G, I, H]"
6696,6696,D,artificial,D_Dupli,complete,"64 [B, A, C, D, E, F, G, I, H]"
6697,6697,C,artificial,D_Dupli,complete,"64 [B, A, C, D, E, F, G, I, H]"
6698,6698,A,artificial,A,complete,"64 [B, A, C, D, E, F, G, I, H]"
6699,6699,B,artificial,D_Dupli,complete,"64 [B, A, C, D, E, F, G, I, H]"
6700,6700,G,artificial,G,complete,"64 [B, A, C, D, E, F, G, I, H]"
6701,6701,H,artificial,H,complete,"64 [B, A, C, D, E, F, G, I, H]"
6702,6702,F,artificial,F,complete,"64 [B, A, C, D, E, F, G, I, H]"
6703,6703,C,artificial,D_Dupli,complete,"640 [B, A, C, E, D, F, G, H, I, J, K, F, G, H, I]"
6704,6704,E,artificial,D_Dupli,complete,"640 [B, A, C, E, D, F, G, H, I, J, K, F, G, H, I]"
6705,6705,D,artificial,D_Dupli,complete,"640 [B, A, C, E, D, F, G, H, I, J, K, F, G, H, I]"
6706,6706,F,artificial,F,complete,"640 [B, A, C, E, D, F, G, H, I, J, K, F, G, H, I]"
6707,6707,G,artificial,G,complete,"640 [B, A, C, E, D, F, G, H, I, J, K, F, G, H, I]"
6708,6708,H,artificial,H,complete,"640 [B, A, C, E, D, F, G, H, I, J, K, F, G, H, I]"
6709,6709,B,artificial,D_Dupli,complete,"640 [B, A, C, E, D, F, G, H, I, J, K, F, G, H, I]"
6710,6710,J,artificial,J,complete,"640 [B, A, C, E, D, F, G, H, I, J, K, F, G, H, I]"
6711,6711,F,artificial,F,complete,"640 [B, A, C, E, D, F, G, H, I, J, K, F, G, H, I]"
6712,6712,G,artificial,G,complete,"640 [B, A, C, E, D, F, G, H, I, J, K, F, G, H, I]"
6713,6713,H,artificial,H,complete,"640 [B, A, C, E, D, F, G, H, I, J, K, F, G, H, I]"
6714,6714,I,artificial,I,complete,"640 [B, A, C, E, D, F, G, H, I, J, K, F, G, H, I]"
6715,6715,A,artificial,A,complete,"640 [B, A, C, E, D, F, G, H, I, J, K, F, G, H, I]"
6716,6716,I,artificial,I,complete,"640 [B, A, C, E, D, F, G, H, I, J, K, F, G, H, I]"
6717,6717,K,artificial,K,complete,"640 [B, A, C, E, D, F, G, H, I, J, K, F, G, H, I]"
6718,6718,I,artificial,I,complete,"641 [A, B, E, C, D, F, G, I, H]"
6719,6719,B,artificial,D_Dupli,complete,"641 [A, B, E, C, D, F, G, I, H]"
6720,6720,E,artificial,D_Dupli,complete,"641 [A, B, E, C, D, F, G, I, H]"
6721,6721,C,artificial,D_Dupli,complete,"641 [A, B, E, C, D, F, G, I, H]"
6722,6722,D,artificial,D_Dupli,complete,"641 [A, B, E, C, D, F, G, I, H]"
6723,6723,F,artificial,F,complete,"641 [A, B, E, C, D, F, G, I, H]"
6724,6724,A,artificial,A,complete,"641 [A, B, E, C, D, F, G, I, H]"
6725,6725,H,artificial,H,complete,"641 [A, B, E, C, D, F, G, I, H]"
6726,6726,G,artificial,G,complete,"641 [A, B, E, C, D, F, G, I, H]"
6727,6727,B,artificial,D_Dupli,complete,"642 [A, B, D, C, E, F, G, I, H]"
6728,6728,D,artificial,D_Dupli,complete,"642 [A, B, D, C, E, F, G, I, H]"
6729,6729,C,artificial,D_Dupli,complete,"642 [A, B, D, C, E, F, G, I, H]"
6730,6730,E,artificial,D_Dupli,complete,"642 [A, B, D, C, E, F, G, I, H]"
6731,6731,F,artificial,F,complete,"642 [A, B, D, C, E, F, G, I, H]"
6732,6732,G,artificial,G,complete,"642 [A, B, D, C, E, F, G, I, H]"
6733,6733,I,artificial,I,complete,"642 [A, B, D, C, E, F, G, I, H]"
6734,6734,H,artificial,H,complete,"642 [A, B, D, C, E, F, G, I, H]"
6735,6735,A,artificial,A,complete,"642 [A, B, D, C, E, F, G, I, H]"
6736,6736,F,artificial,F,complete,"643 [B, A, C, D, E, F, G, I, H, J, K, F, G, I, H]"
6737,6737,B,artificial,D_Dupli,complete,"643 [B, A, C, D, E, F, G, I, H, J, K, F, G, I, H]"
6738,6738,A,artificial,A,complete,"643 [B, A, C, D, E, F, G, I, H, J, K, F, G, I, H]"
6739,6739,C,artificial,D_Dupli,complete,"643 [B, A, C, D, E, F, G, I, H, J, K, F, G, I, H]"
6740,6740,D,artificial,D_Dupli,complete,"643 [B, A, C, D, E, F, G, I, H, J, K, F, G, I, H]"
6741,6741,E,artificial,D_Dupli,complete,"643 [B, A, C, D, E, F, G, I, H, J, K, F, G, I, H]"
6742,6742,G,artificial,G,complete,"643 [B, A, C, D, E, F, G, I, H, J, K, F, G, I, H]"
6743,6743,I,artificial,I,complete,"643 [B, A, C, D, E, F, G, I, H, J, K, F, G, I, H]"
6744,6744,H,artificial,H,complete,"643 [B, A, C, D, E, F, G, I, H, J, K, F, G, I, H]"
6745,6745,J,artificial,J,complete,"643 [B, A, C, D, E, F, G, I, H, J, K, F, G, I, H]"
6746,6746,K,artificial,K,complete,"643 [B, A, C, D, E, F, G, I, H, J, K, F, G, I, H]"
6747,6747,F,artificial,F,complete,"643 [B, A, C, D, E, F, G, I, H, J, K, F, G, I, H]"
6748,6748,G,artificial,G,complete,"643 [B, A, C, D, E, F, G, I, H, J, K, F, G, I, H]"
6749,6749,I,artificial,I,complete,"643 [B, A, C, D, E, F, G, I, H, J, K, F, G, I, H]"
6750,6750,H,artificial,H,complete,"643 [B, A, C, D, E, F, G, I, H, J, K, F, G, I, H]"
6751,6751,B,artificial,D_Dupli,complete,"644 [B, A, E, C, D, F, G, H, I]"
6752,6752,A,artificial,A,complete,"644 [B, A, E, C, D, F, G, H, I]"
6753,6753,D,artificial,D_Dupli,complete,"644 [B, A, E, C, D, F, G, H, I]"
6754,6754,F,artificial,F,complete,"644 [B, A, E, C, D, F, G, H, I]"
6755,6755,G,artificial,G,complete,"644 [B, A, E, C, D, F, G, H, I]"
6756,6756,H,artificial,H,complete,"644 [B, A, E, C, D, F, G, H, I]"
6757,6757,E,artificial,D_Dupli,complete,"644 [B, A, E, C, D, F, G, H, I]"
6758,6758,C,artificial,D_Dupli,complete,"644 [B, A, E, C, D, F, G, H, I]"
6759,6759,I,artificial,I,complete,"644 [B, A, E, C, D, F, G, H, I]"
6760,6760,B,artificial,D_Dupli,complete,"645 [A, B, D, E, C, F, G, H, I]"
6761,6761,D,artificial,D_Dupli,complete,"645 [A, B, D, E, C, F, G, H, I]"
6762,6762,E,artificial,D_Dupli,complete,"645 [A, B, D, E, C, F, G, H, I]"
6763,6763,C,artificial,D_Dupli,complete,"645 [A, B, D, E, C, F, G, H, I]"
6764,6764,F,artificial,F,complete,"645 [A, B, D, E, C, F, G, H, I]"
6765,6765,G,artificial,G,complete,"645 [A, B, D, E, C, F, G, H, I]"
6766,6766,H,artificial,H,complete,"645 [A, B, D, E, C, F, G, H, I]"
6767,6767,I,artificial,I,complete,"645 [A, B, D, E, C, F, G, H, I]"
6768,6768,A,artificial,A,complete,"645 [A, B, D, E, C, F, G, H, I]"
6769,6769,H,artificial,H,complete,"646 [B, A, C, D, E, F, G, I, H, J, K, F, G, I, H]"
6770,6770,I,artificial,I,complete,"646 [B, A, C, D, E, F, G, I, H, J, K, F, G, I, H]"
6771,6771,G,artificial,G,complete,"646 [B, A, C, D, E, F, G, I, H, J, K, F, G, I, H]"
6772,6772,F,artificial,F,complete,"646 [B, A, C, D, E, F, G, I, H, J, K, F, G, I, H]"
6773,6773,K,artificial,K,complete,"646 [B, A, C, D, E, F, G, I, H, J, K, F, G, I, H]"
6774,6774,J,artificial,J,complete,"646 [B, A, C, D, E, F, G, I, H, J, K, F, G, I, H]"
6775,6775,E,artificial,D_Dupli,complete,"646 [B, A, C, D, E, F, G, I, H, J, K, F, G, I, H]"
6776,6776,I,artificial,I,complete,"646 [B, A, C, D, E, F, G, I, H, J, K, F, G, I, H]"
6777,6777,G,artificial,G,complete,"646 [B, A, C, D, E, F, G, I, H, J, K, F, G, I, H]"
6778,6778,F,artificial,F,complete,"646 [B, A, C, D, E, F, G, I, H, J, K, F, G, I, H]"
6779,6779,C,artificial,D_Dupli,complete,"646 [B, A, C, D, E, F, G, I, H, J, K, F, G, I, H]"
6780,6780,A,artificial,A,complete,"646 [B, A, C, D, E, F, G, I, H, J, K, F, G, I, H]"
6781,6781,B,artificial,D_Dupli,complete,"646 [B, A, C, D, E, F, G, I, H, J, K, F, G, I, H]"
6782,6782,H,artificial,H,complete,"646 [B, A, C, D, E, F, G, I, H, J, K, F, G, I, H]"
6783,6783,D,artificial,D_Dupli,complete,"646 [B, A, C, D, E, F, G, I, H, J, K, F, G, I, H]"
6784,6784,B,artificial,D_Dupli,complete,"647 [B, A, D, C, E, F, G, I, H, J, K, F, G, H, I]"
6785,6785,D,artificial,D_Dupli,complete,"647 [B, A, D, C, E, F, G, I, H, J, K, F, G, H, I]"
6786,6786,C,artificial,D_Dupli,complete,"647 [B, A, D, C, E, F, G, I, H, J, K, F, G, H, I]"
6787,6787,I,artificial,I,complete,"647 [B, A, D, C, E, F, G, I, H, J, K, F, G, H, I]"
6788,6788,H,artificial,H,complete,"647 [B, A, D, C, E, F, G, I, H, J, K, F, G, H, I]"
6789,6789,G,artificial,G,complete,"647 [B, A, D, C, E, F, G, I, H, J, K, F, G, H, I]"
6790,6790,A,artificial,A,complete,"647 [B, A, D, C, E, F, G, I, H, J, K, F, G, H, I]"
6791,6791,K,artificial,K,complete,"647 [B, A, D, C, E, F, G, I, H, J, K, F, G, H, I]"
6792,6792,F,artificial,F,complete,"647 [B, A, D, C, E, F, G, I, H, J, K, F, G, H, I]"
6793,6793,H,artificial,H,complete,"647 [B, A, D, C, E, F, G, I, H, J, K, F, G, H, I]"
6794,6794,I,artificial,I,complete,"647 [B, A, D, C, E, F, G, I, H, J, K, F, G, H, I]"
6795,6795,G,artificial,G,complete,"647 [B, A, D, C, E, F, G, I, H, J, K, F, G, H, I]"
6796,6796,F,artificial,F,complete,"647 [B, A, D, C, E, F, G, I, H, J, K, F, G, H, I]"
6797,6797,E,artificial,D_Dupli,complete,"647 [B, A, D, C, E, F, G, I, H, J, K, F, G, H, I]"
6798,6798,J,artificial,J,complete,"647 [B, A, D, C, E, F, G, I, H, J, K, F, G, H, I]"
6799,6799,I,artificial,I,complete,"648 [B, A, E, C, D, F, G, H, I]"
6800,6800,H,artificial,H,complete,"648 [B, A, E, C, D, F, G, H, I]"
6801,6801,G,artificial,G,complete,"648 [B, A, E, C, D, F, G, H, I]"
6802,6802,F,artificial,F,complete,"648 [B, A, E, C, D, F, G, H, I]"
6803,6803,C,artificial,D_Dupli,complete,"648 [B, A, E, C, D, F, G, H, I]"
6804,6804,E,artificial,D_Dupli,complete,"648 [B, A, E, C, D, F, G, H, I]"
6805,6805,A,artificial,A,complete,"648 [B, A, E, C, D, F, G, H, I]"
6806,6806,B,artificial,D_Dupli,complete,"648 [B, A, E, C, D, F, G, H, I]"
6807,6807,D,artificial,D_Dupli,complete,"648 [B, A, E, C, D, F, G, H, I]"
6808,6808,A,artificial,A,complete,"649 [A, B, D, C, E, F, G, H, I]"
6809,6809,B,artificial,D_Dupli,complete,"649 [A, B, D, C, E, F, G, H, I]"
6810,6810,D,artificial,D_Dupli,complete,"649 [A, B, D, C, E, F, G, H, I]"
6811,6811,C,artificial,D_Dupli,complete,"649 [A, B, D, C, E, F, G, H, I]"
6812,6812,F,artificial,F,complete,"649 [A, B, D, C, E, F, G, H, I]"
6813,6813,G,artificial,G,complete,"649 [A, B, D, C, E, F, G, H, I]"
6814,6814,H,artificial,H,complete,"649 [A, B, D, C, E, F, G, H, I]"
6815,6815,I,artificial,I,complete,"649 [A, B, D, C, E, F, G, H, I]"
6816,6816,E,artificial,D_Dupli,complete,"649 [A, B, D, C, E, F, G, H, I]"
6817,6817,I,artificial,I,complete,"65 [A, B, C, D, E, F, G, I, H, M, N, O, F, G, H, I, M, O, N, F, G, I, H]"
6818,6818,F,artificial,F,complete,"65 [A, B, C, D, E, F, G, I, H, M, N, O, F, G, H, I, M, O, N, F, G, I, H]"
6819,6819,G,artificial,G,complete,"65 [A, B, C, D, E, F, G, I, H, M, N, O, F, G, H, I, M, O, N, F, G, I, H]"
6820,6820,A,artificial,A,complete,"65 [A, B, C, D, E, F, G, I, H, M, N, O, F, G, H, I, M, O, N, F, G, I, H]"
6821,6821,B,artificial,D_Dupli,complete,"65 [A, B, C, D, E, F, G, I, H, M, N, O, F, G, H, I, M, O, N, F, G, I, H]"
6822,6822,C,artificial,D_Dupli,complete,"65 [A, B, C, D, E, F, G, I, H, M, N, O, F, G, H, I, M, O, N, F, G, I, H]"
6823,6823,D,artificial,D_Dupli,complete,"65 [A, B, C, D, E, F, G, I, H, M, N, O, F, G, H, I, M, O, N, F, G, I, H]"
6824,6824,E,artificial,D_Dupli,complete,"65 [A, B, C, D, E, F, G, I, H, M, N, O, F, G, H, I, M, O, N, F, G, I, H]"
6825,6825,F,artificial,F,complete,"65 [A, B, C, D, E, F, G, I, H, M, N, O, F, G, H, I, M, O, N, F, G, I, H]"
6826,6826,I,artificial,I,complete,"65 [A, B, C, D, E, F, G, I, H, M, N, O, F, G, H, I, M, O, N, F, G, I, H]"
6827,6827,H,artificial,H,complete,"65 [A, B, C, D, E, F, G, I, H, M, N, O, F, G, H, I, M, O, N, F, G, I, H]"
6828,6828,M,artificial,M,complete,"65 [A, B, C, D, E, F, G, I, H, M, N, O, F, G, H, I, M, O, N, F, G, I, H]"
6829,6829,G,artificial,G,complete,"65 [A, B, C, D, E, F, G, I, H, M, N, O, F, G, H, I, M, O, N, F, G, I, H]"
6830,6830,O,artificial,O,complete,"65 [A, B, C, D, E, F, G, I, H, M, N, O, F, G, H, I, M, O, N, F, G, I, H]"
6831,6831,H,artificial,H,complete,"65 [A, B, C, D, E, F, G, I, H, M, N, O, F, G, H, I, M, O, N, F, G, I, H]"
6832,6832,N,artificial,N,complete,"65 [A, B, C, D, E, F, G, I, H, M, N, O, F, G, H, I, M, O, N, F, G, I, H]"
6833,6833,O,artificial,O,complete,"65 [A, B, C, D, E, F, G, I, H, M, N, O, F, G, H, I, M, O, N, F, G, I, H]"
6834,6834,M,artificial,M,complete,"65 [A, B, C, D, E, F, G, I, H, M, N, O, F, G, H, I, M, O, N, F, G, I, H]"
6835,6835,N,artificial,N,complete,"65 [A, B, C, D, E, F, G, I, H, M, N, O, F, G, H, I, M, O, N, F, G, I, H]"
6836,6836,H,artificial,H,complete,"65 [A, B, C, D, E, F, G, I, H, M, N, O, F, G, H, I, M, O, N, F, G, I, H]"
6837,6837,G,artificial,G,complete,"65 [A, B, C, D, E, F, G, I, H, M, N, O, F, G, H, I, M, O, N, F, G, I, H]"
6838,6838,F,artificial,F,complete,"65 [A, B, C, D, E, F, G, I, H, M, N, O, F, G, H, I, M, O, N, F, G, I, H]"
6839,6839,I,artificial,I,complete,"65 [A, B, C, D, E, F, G, I, H, M, N, O, F, G, H, I, M, O, N, F, G, I, H]"
6840,6840,D,artificial,D_Dupli,complete,"650 [B, A, D, E, C, F, G, I, H]"
6841,6841,H,artificial,H,complete,"650 [B, A, D, E, C, F, G, I, H]"
6842,6842,I,artificial,I,complete,"650 [B, A, D, E, C, F, G, I, H]"
6843,6843,G,artificial,G,complete,"650 [B, A, D, E, C, F, G, I, H]"
6844,6844,F,artificial,F,complete,"650 [B, A, D, E, C, F, G, I, H]"
6845,6845,E,artificial,D_Dupli,complete,"650 [B, A, D, E, C, F, G, I, H]"
6846,6846,A,artificial,A,complete,"650 [B, A, D, E, C, F, G, I, H]"
6847,6847,C,artificial,D_Dupli,complete,"650 [B, A, D, E, C, F, G, I, H]"
6848,6848,B,artificial,D_Dupli,complete,"650 [B, A, D, E, C, F, G, I, H]"
6849,6849,G,artificial,G,complete,"651 [A, B, D, E, C, F, G, H, I]"
6850,6850,F,artificial,F,complete,"651 [A, B, D, E, C, F, G, H, I]"
6851,6851,C,artificial,D_Dupli,complete,"651 [A, B, D, E, C, F, G, H, I]"
6852,6852,E,artificial,D_Dupli,complete,"651 [A, B, D, E, C, F, G, H, I]"
6853,6853,D,artificial,D_Dupli,complete,"651 [A, B, D, E, C, F, G, H, I]"
6854,6854,B,artificial,D_Dupli,complete,"651 [A, B, D, E, C, F, G, H, I]"
6855,6855,H,artificial,H,complete,"651 [A, B, D, E, C, F, G, H, I]"
6856,6856,A,artificial,A,complete,"651 [A, B, D, E, C, F, G, H, I]"
6857,6857,I,artificial,I,complete,"651 [A, B, D, E, C, F, G, H, I]"
6858,6858,C,artificial,D_Dupli,complete,"652 [A, B, E, C, D, F, G, I, H]"
6859,6859,D,artificial,D_Dupli,complete,"652 [A, B, E, C, D, F, G, I, H]"
6860,6860,F,artificial,F,complete,"652 [A, B, E, C, D, F, G, I, H]"
6861,6861,G,artificial,G,complete,"652 [A, B, E, C, D, F, G, I, H]"
6862,6862,I,artificial,I,complete,"652 [A, B, E, C, D, F, G, I, H]"
6863,6863,H,artificial,H,complete,"652 [A, B, E, C, D, F, G, I, H]"
6864,6864,E,artificial,D_Dupli,complete,"652 [A, B, E, C, D, F, G, I, H]"
6865,6865,B,artificial,D_Dupli,complete,"652 [A, B, E, C, D, F, G, I, H]"
6866,6866,A,artificial,A,complete,"652 [A, B, E, C, D, F, G, I, H]"
6867,6867,A,artificial,A,complete,"653 [B, A, C, E, D, F, G, H, I]"
6868,6868,E,artificial,D_Dupli,complete,"653 [B, A, C, E, D, F, G, H, I]"
6869,6869,D,artificial,D_Dupli,complete,"653 [B, A, C, E, D, F, G, H, I]"
6870,6870,F,artificial,F,complete,"653 [B, A, C, E, D, F, G, H, I]"
6871,6871,G,artificial,G,complete,"653 [B, A, C, E, D, F, G, H, I]"
6872,6872,H,artificial,H,complete,"653 [B, A, C, E, D, F, G, H, I]"
6873,6873,I,artificial,I,complete,"653 [B, A, C, E, D, F, G, H, I]"
6874,6874,B,artificial,D_Dupli,complete,"653 [B, A, C, E, D, F, G, H, I]"
6875,6875,C,artificial,D_Dupli,complete,"653 [B, A, C, E, D, F, G, H, I]"
6876,6876,G,artificial,G,complete,"654 [B, A, E, C, D, F, G, I, H, J, K, F, G, H, I]"
6877,6877,I,artificial,I,complete,"654 [B, A, E, C, D, F, G, I, H, J, K, F, G, H, I]"
6878,6878,H,artificial,H,complete,"654 [B, A, E, C, D, F, G, I, H, J, K, F, G, H, I]"
6879,6879,G,artificial,G,complete,"654 [B, A, E, C, D, F, G, I, H, J, K, F, G, H, I]"
6880,6880,F,artificial,F,complete,"654 [B, A, E, C, D, F, G, I, H, J, K, F, G, H, I]"
6881,6881,K,artificial,K,complete,"654 [B, A, E, C, D, F, G, I, H, J, K, F, G, H, I]"
6882,6882,J,artificial,J,complete,"654 [B, A, E, C, D, F, G, I, H, J, K, F, G, H, I]"
6883,6883,H,artificial,H,complete,"654 [B, A, E, C, D, F, G, I, H, J, K, F, G, H, I]"
6884,6884,I,artificial,I,complete,"654 [B, A, E, C, D, F, G, I, H, J, K, F, G, H, I]"
6885,6885,D,artificial,D_Dupli,complete,"654 [B, A, E, C, D, F, G, I, H, J, K, F, G, H, I]"
6886,6886,F,artificial,F,complete,"654 [B, A, E, C, D, F, G, I, H, J, K, F, G, H, I]"
6887,6887,E,artificial,D_Dupli,complete,"654 [B, A, E, C, D, F, G, I, H, J, K, F, G, H, I]"
6888,6888,A,artificial,A,complete,"654 [B, A, E, C, D, F, G, I, H, J, K, F, G, H, I]"
6889,6889,B,artificial,D_Dupli,complete,"654 [B, A, E, C, D, F, G, I, H, J, K, F, G, H, I]"
6890,6890,C,artificial,D_Dupli,complete,"654 [B, A, E, C, D, F, G, I, H, J, K, F, G, H, I]"
6891,6891,H,artificial,H,complete,"655 [B, A, E, D, C, F, G, I, H]"
6892,6892,I,artificial,I,complete,"655 [B, A, E, D, C, F, G, I, H]"
6893,6893,G,artificial,G,complete,"655 [B, A, E, D, C, F, G, I, H]"
6894,6894,F,artificial,F,complete,"655 [B, A, E, D, C, F, G, I, H]"
6895,6895,C,artificial,D_Dupli,complete,"655 [B, A, E, D, C, F, G, I, H]"
6896,6896,D,artificial,D_Dupli,complete,"655 [B, A, E, D, C, F, G, I, H]"
6897,6897,A,artificial,A,complete,"655 [B, A, E, D, C, F, G, I, H]"
6898,6898,E,artificial,D_Dupli,complete,"655 [B, A, E, D, C, F, G, I, H]"
6899,6899,B,artificial,D_Dupli,complete,"655 [B, A, E, D, C, F, G, I, H]"
6900,6900,M,artificial,M,complete,"656 [B, A, D, E, C, F, G, I, H, M, N, O, F, G, I, H, M, N, O, F, G, I, H]"
6901,6901,M,artificial,M,complete,"656 [B, A, D, E, C, F, G, I, H, M, N, O, F, G, I, H, M, N, O, F, G, I, H]"
6902,6902,N,artificial,N,complete,"656 [B, A, D, E, C, F, G, I, H, M, N, O, F, G, I, H, M, N, O, F, G, I, H]"
6903,6903,O,artificial,O,complete,"656 [B, A, D, E, C, F, G, I, H, M, N, O, F, G, I, H, M, N, O, F, G, I, H]"
6904,6904,F,artificial,F,complete,"656 [B, A, D, E, C, F, G, I, H, M, N, O, F, G, I, H, M, N, O, F, G, I, H]"
6905,6905,G,artificial,G,complete,"656 [B, A, D, E, C, F, G, I, H, M, N, O, F, G, I, H, M, N, O, F, G, I, H]"
6906,6906,I,artificial,I,complete,"656 [B, A, D, E, C, F, G, I, H, M, N, O, F, G, I, H, M, N, O, F, G, I, H]"
6907,6907,H,artificial,H,complete,"656 [B, A, D, E, C, F, G, I, H, M, N, O, F, G, I, H, M, N, O, F, G, I, H]"
6908,6908,I,artificial,I,complete,"656 [B, A, D, E, C, F, G, I, H, M, N, O, F, G, I, H, M, N, O, F, G, I, H]"
6909,6909,G,artificial,G,complete,"656 [B, A, D, E, C, F, G, I, H, M, N, O, F, G, I, H, M, N, O, F, G, I, H]"
6910,6910,F,artificial,F,complete,"656 [B, A, D, E, C, F, G, I, H, M, N, O, F, G, I, H, M, N, O, F, G, I, H]"
6911,6911,O,artificial,O,complete,"656 [B, A, D, E, C, F, G, I, H, M, N, O, F, G, I, H, M, N, O, F, G, I, H]"
6912,6912,N,artificial,N,complete,"656 [B, A, D, E, C, F, G, I, H, M, N, O, F, G, I, H, M, N, O, F, G, I, H]"
6913,6913,H,artificial,H,complete,"656 [B, A, D, E, C, F, G, I, H, M, N, O, F, G, I, H, M, N, O, F, G, I, H]"
6914,6914,H,artificial,H,complete,"656 [B, A, D, E, C, F, G, I, H, M, N, O, F, G, I, H, M, N, O, F, G, I, H]"
6915,6915,G,artificial,G,complete,"656 [B, A, D, E, C, F, G, I, H, M, N, O, F, G, I, H, M, N, O, F, G, I, H]"
6916,6916,F,artificial,F,complete,"656 [B, A, D, E, C, F, G, I, H, M, N, O, F, G, I, H, M, N, O, F, G, I, H]"
6917,6917,C,artificial,D_Dupli,complete,"656 [B, A, D, E, C, F, G, I, H, M, N, O, F, G, I, H, M, N, O, F, G, I, H]"
6918,6918,E,artificial,D_Dupli,complete,"656 [B, A, D, E, C, F, G, I, H, M, N, O, F, G, I, H, M, N, O, F, G, I, H]"
6919,6919,D,artificial,D_Dupli,complete,"656 [B, A, D, E, C, F, G, I, H, M, N, O, F, G, I, H, M, N, O, F, G, I, H]"
6920,6920,A,artificial,A,complete,"656 [B, A, D, E, C, F, G, I, H, M, N, O, F, G, I, H, M, N, O, F, G, I, H]"
6921,6921,B,artificial,D_Dupli,complete,"656 [B, A, D, E, C, F, G, I, H, M, N, O, F, G, I, H, M, N, O, F, G, I, H]"
6922,6922,I,artificial,I,complete,"656 [B, A, D, E, C, F, G, I, H, M, N, O, F, G, I, H, M, N, O, F, G, I, H]"
6923,6923,I,artificial,I,complete,"657 [B, A, E, C, D, F, G, H, I]"
6924,6924,H,artificial,H,complete,"657 [B, A, E, C, D, F, G, H, I]"
6925,6925,F,artificial,F,complete,"657 [B, A, E, C, D, F, G, H, I]"
6926,6926,D,artificial,D_Dupli,complete,"657 [B, A, E, C, D, F, G, H, I]"
6927,6927,C,artificial,D_Dupli,complete,"657 [B, A, E, C, D, F, G, H, I]"
6928,6928,E,artificial,D_Dupli,complete,"657 [B, A, E, C, D, F, G, H, I]"
6929,6929,A,artificial,A,complete,"657 [B, A, E, C, D, F, G, H, I]"
6930,6930,G,artificial,G,complete,"657 [B, A, E, C, D, F, G, H, I]"
6931,6931,B,artificial,D_Dupli,complete,"657 [B, A, E, C, D, F, G, H, I]"
6932,6932,F,artificial,F,complete,"658 [A, B, E, D, C, F, G, H, I]"
6933,6933,I,artificial,I,complete,"658 [A, B, E, D, C, F, G, H, I]"
6934,6934,H,artificial,H,complete,"658 [A, B, E, D, C, F, G, H, I]"
6935,6935,G,artificial,G,complete,"658 [A, B, E, D, C, F, G, H, I]"
6936,6936,C,artificial,D_Dupli,complete,"658 [A, B, E, D, C, F, G, H, I]"
6937,6937,D,artificial,D_Dupli,complete,"658 [A, B, E, D, C, F, G, H, I]"
6938,6938,E,artificial,D_Dupli,complete,"658 [A, B, E, D, C, F, G, H, I]"
6939,6939,B,artificial,D_Dupli,complete,"658 [A, B, E, D, C, F, G, H, I]"
6940,6940,A,artificial,A,complete,"658 [A, B, E, D, C, F, G, H, I]"
6941,6941,A,artificial,A,complete,"659 [A, B, C, D, E, F, G, H, I]"
6942,6942,C,artificial,D_Dupli,complete,"659 [A, B, C, D, E, F, G, H, I]"
6943,6943,D,artificial,D_Dupli,complete,"659 [A, B, C, D, E, F, G, H, I]"
6944,6944,E,artificial,D_Dupli,complete,"659 [A, B, C, D, E, F, G, H, I]"
6945,6945,F,artificial,F,complete,"659 [A, B, C, D, E, F, G, H, I]"
6946,6946,G,artificial,G,complete,"659 [A, B, C, D, E, F, G, H, I]"
6947,6947,H,artificial,H,complete,"659 [A, B, C, D, E, F, G, H, I]"
6948,6948,I,artificial,I,complete,"659 [A, B, C, D, E, F, G, H, I]"
6949,6949,B,artificial,D_Dupli,complete,"659 [A, B, C, D, E, F, G, H, I]"
6950,6950,G,artificial,G,complete,"66 [B, A, C, E, D, F, G, H, I]"
6951,6951,A,artificial,A,complete,"66 [B, A, C, E, D, F, G, H, I]"
6952,6952,C,artificial,D_Dupli,complete,"66 [B, A, C, E, D, F, G, H, I]"
6953,6953,I,artificial,I,complete,"66 [B, A, C, E, D, F, G, H, I]"
6954,6954,E,artificial,D_Dupli,complete,"66 [B, A, C, E, D, F, G, H, I]"
6955,6955,D,artificial,D_Dupli,complete,"66 [B, A, C, E, D, F, G, H, I]"
6956,6956,F,artificial,F,complete,"66 [B, A, C, E, D, F, G, H, I]"
6957,6957,B,artificial,D_Dupli,complete,"66 [B, A, C, E, D, F, G, H, I]"
6958,6958,H,artificial,H,complete,"66 [B, A, C, E, D, F, G, H, I]"
6959,6959,A,artificial,A,complete,"660 [B, A, D, C, E, F, G, I, H]"
6960,6960,E,artificial,D_Dupli,complete,"660 [B, A, D, C, E, F, G, I, H]"
6961,6961,C,artificial,D_Dupli,complete,"660 [B, A, D, C, E, F, G, I, H]"
6962,6962,D,artificial,D_Dupli,complete,"660 [B, A, D, C, E, F, G, I, H]"
6963,6963,H,artificial,H,complete,"660 [B, A, D, C, E, F, G, I, H]"
6964,6964,B,artificial,D_Dupli,complete,"660 [B, A, D, C, E, F, G, I, H]"
6965,6965,G,artificial,G,complete,"660 [B, A, D, C, E, F, G, I, H]"
6966,6966,F,artificial,F,complete,"660 [B, A, D, C, E, F, G, I, H]"
6967,6967,I,artificial,I,complete,"660 [B, A, D, C, E, F, G, I, H]"
6968,6968,B,artificial,D_Dupli,complete,"661 [B, A, C, D, E, F, G, H, I]"
6969,6969,H,artificial,H,complete,"661 [B, A, C, D, E, F, G, H, I]"
6970,6970,G,artificial,G,complete,"661 [B, A, C, D, E, F, G, H, I]"
6971,6971,I,artificial,I,complete,"661 [B, A, C, D, E, F, G, H, I]"
6972,6972,E,artificial,D_Dupli,complete,"661 [B, A, C, D, E, F, G, H, I]"
6973,6973,D,artificial,D_Dupli,complete,"661 [B, A, C, D, E, F, G, H, I]"
6974,6974,C,artificial,D_Dupli,complete,"661 [B, A, C, D, E, F, G, H, I]"
6975,6975,A,artificial,A,complete,"661 [B, A, C, D, E, F, G, H, I]"
6976,6976,F,artificial,F,complete,"661 [B, A, C, D, E, F, G, H, I]"
6977,6977,H,artificial,H,complete,"662 [B, A, E, D, C, F, G, H, I, J, K, F, G, H, I]"
6978,6978,I,artificial,I,complete,"662 [B, A, E, D, C, F, G, H, I, J, K, F, G, H, I]"
6979,6979,G,artificial,G,complete,"662 [B, A, E, D, C, F, G, H, I, J, K, F, G, H, I]"
6980,6980,F,artificial,F,complete,"662 [B, A, E, D, C, F, G, H, I, J, K, F, G, H, I]"
6981,6981,K,artificial,K,complete,"662 [B, A, E, D, C, F, G, H, I, J, K, F, G, H, I]"
6982,6982,J,artificial,J,complete,"662 [B, A, E, D, C, F, G, H, I, J, K, F, G, H, I]"
6983,6983,H,artificial,H,complete,"662 [B, A, E, D, C, F, G, H, I, J, K, F, G, H, I]"
6984,6984,G,artificial,G,complete,"662 [B, A, E, D, C, F, G, H, I, J, K, F, G, H, I]"
6985,6985,C,artificial,D_Dupli,complete,"662 [B, A, E, D, C, F, G, H, I, J, K, F, G, H, I]"
6986,6986,D,artificial,D_Dupli,complete,"662 [B, A, E, D, C, F, G, H, I, J, K, F, G, H, I]"
6987,6987,E,artificial,D_Dupli,complete,"662 [B, A, E, D, C, F, G, H, I, J, K, F, G, H, I]"
6988,6988,A,artificial,A,complete,"662 [B, A, E, D, C, F, G, H, I, J, K, F, G, H, I]"
6989,6989,B,artificial,D_Dupli,complete,"662 [B, A, E, D, C, F, G, H, I, J, K, F, G, H, I]"
6990,6990,I,artificial,I,complete,"662 [B, A, E, D, C, F, G, H, I, J, K, F, G, H, I]"
6991,6991,F,artificial,F,complete,"662 [B, A, E, D, C, F, G, H, I, J, K, F, G, H, I]"
6992,6992,C,artificial,D_Dupli,complete,"663 [B, A, D, C, E, F, G, H, I]"
6993,6993,D,artificial,D_Dupli,complete,"663 [B, A, D, C, E, F, G, H, I]"
6994,6994,A,artificial,A,complete,"663 [B, A, D, C, E, F, G, H, I]"
6995,6995,B,artificial,D_Dupli,complete,"663 [B, A, D, C, E, F, G, H, I]"
6996,6996,G,artificial,G,complete,"663 [B, A, D, C, E, F, G, H, I]"
6997,6997,H,artificial,H,complete,"663 [B, A, D, C, E, F, G, H, I]"
6998,6998,I,artificial,I,complete,"663 [B, A, D, C, E, F, G, H, I]"
6999,6999,F,artificial,F,complete,"663 [B, A, D, C, E, F, G, H, I]"
7000,7000,E,artificial,D_Dupli,complete,"663 [B, A, D, C, E, F, G, H, I]"
7001,7001,M,artificial,M,complete,"664 [B, A, D, E, C, F, G, H, I, N, M, O, F, G, I, H, O, M, N, F, G, H, I]"
7002,7002,H,artificial,H,complete,"664 [B, A, D, E, C, F, G, H, I, N, M, O, F, G, I, H, O, M, N, F, G, H, I]"
7003,7003,G,artificial,G,complete,"664 [B, A, D, E, C, F, G, H, I, N, M, O, F, G, I, H, O, M, N, F, G, H, I]"
7004,7004,F,artificial,F,complete,"664 [B, A, D, E, C, F, G, H, I, N, M, O, F, G, I, H, O, M, N, F, G, H, I]"
7005,7005,M,artificial,M,complete,"664 [B, A, D, E, C, F, G, H, I, N, M, O, F, G, I, H, O, M, N, F, G, H, I]"
7006,7006,O,artificial,O,complete,"664 [B, A, D, E, C, F, G, H, I, N, M, O, F, G, I, H, O, M, N, F, G, H, I]"
7007,7007,H,artificial,H,complete,"664 [B, A, D, E, C, F, G, H, I, N, M, O, F, G, I, H, O, M, N, F, G, H, I]"
7008,7008,I,artificial,I,complete,"664 [B, A, D, E, C, F, G, H, I, N, M, O, F, G, I, H, O, M, N, F, G, H, I]"
7009,7009,G,artificial,G,complete,"664 [B, A, D, E, C, F, G, H, I, N, M, O, F, G, I, H, O, M, N, F, G, H, I]"
7010,7010,O,artificial,O,complete,"664 [B, A, D, E, C, F, G, H, I, N, M, O, F, G, I, H, O, M, N, F, G, H, I]"
7011,7011,B,artificial,D_Dupli,complete,"664 [B, A, D, E, C, F, G, H, I, N, M, O, F, G, I, H, O, M, N, F, G, H, I]"
7012,7012,D,artificial,D_Dupli,complete,"664 [B, A, D, E, C, F, G, H, I, N, M, O, F, G, I, H, O, M, N, F, G, H, I]"
7013,7013,E,artificial,D_Dupli,complete,"664 [B, A, D, E, C, F, G, H, I, N, M, O, F, G, I, H, O, M, N, F, G, H, I]"
7014,7014,C,artificial,D_Dupli,complete,"664 [B, A, D, E, C, F, G, H, I, N, M, O, F, G, I, H, O, M, N, F, G, H, I]"
7015,7015,F,artificial,F,complete,"664 [B, A, D, E, C, F, G, H, I, N, M, O, F, G, I, H, O, M, N, F, G, H, I]"
7016,7016,G,artificial,G,complete,"664 [B, A, D, E, C, F, G, H, I, N, M, O, F, G, I, H, O, M, N, F, G, H, I]"
7017,7017,H,artificial,H,complete,"664 [B, A, D, E, C, F, G, H, I, N, M, O, F, G, I, H, O, M, N, F, G, H, I]"
7018,7018,I,artificial,I,complete,"664 [B, A, D, E, C, F, G, H, I, N, M, O, F, G, I, H, O, M, N, F, G, H, I]"
7019,7019,N,artificial,N,complete,"664 [B, A, D, E, C, F, G, H, I, N, M, O, F, G, I, H, O, M, N, F, G, H, I]"
7020,7020,F,artificial,F,complete,"664 [B, A, D, E, C, F, G, H, I, N, M, O, F, G, I, H, O, M, N, F, G, H, I]"
7021,7021,A,artificial,A,complete,"664 [B, A, D, E, C, F, G, H, I, N, M, O, F, G, I, H, O, M, N, F, G, H, I]"
7022,7022,N,artificial,N,complete,"664 [B, A, D, E, C, F, G, H, I, N, M, O, F, G, I, H, O, M, N, F, G, H, I]"
7023,7023,I,artificial,I,complete,"664 [B, A, D, E, C, F, G, H, I, N, M, O, F, G, I, H, O, M, N, F, G, H, I]"
7024,7024,A,artificial,A,complete,"665 [A, B, C, D, E, F, G, I, H]"
7025,7025,B,artificial,D_Dupli,complete,"665 [A, B, C, D, E, F, G, I, H]"
7026,7026,C,artificial,D_Dupli,complete,"665 [A, B, C, D, E, F, G, I, H]"
7027,7027,D,artificial,D_Dupli,complete,"665 [A, B, C, D, E, F, G, I, H]"
7028,7028,H,artificial,H,complete,"665 [A, B, C, D, E, F, G, I, H]"
7029,7029,F,artificial,F,complete,"665 [A, B, C, D, E, F, G, I, H]"
7030,7030,G,artificial,G,complete,"665 [A, B, C, D, E, F, G, I, H]"
7031,7031,I,artificial,I,complete,"665 [A, B, C, D, E, F, G, I, H]"
7032,7032,E,artificial,D_Dupli,complete,"665 [A, B, C, D, E, F, G, I, H]"
7033,7033,I,artificial,I,complete,"666 [A, B, E, D, C, F, G, I, H]"
7034,7034,B,artificial,D_Dupli,complete,"666 [A, B, E, D, C, F, G, I, H]"
7035,7035,E,artificial,D_Dupli,complete,"666 [A, B, E, D, C, F, G, I, H]"
7036,7036,D,artificial,D_Dupli,complete,"666 [A, B, E, D, C, F, G, I, H]"
7037,7037,C,artificial,D_Dupli,complete,"666 [A, B, E, D, C, F, G, I, H]"
7038,7038,F,artificial,F,complete,"666 [A, B, E, D, C, F, G, I, H]"
7039,7039,G,artificial,G,complete,"666 [A, B, E, D, C, F, G, I, H]"
7040,7040,H,artificial,H,complete,"666 [A, B, E, D, C, F, G, I, H]"
7041,7041,A,artificial,A,complete,"666 [A, B, E, D, C, F, G, I, H]"
7042,7042,B,artificial,D_Dupli,complete,"667 [A, B, C, D, E, F, G, H, I]"
7043,7043,A,artificial,A,complete,"667 [A, B, C, D, E, F, G, H, I]"
7044,7044,I,artificial,I,complete,"667 [A, B, C, D, E, F, G, H, I]"
7045,7045,H,artificial,H,complete,"667 [A, B, C, D, E, F, G, H, I]"
7046,7046,E,artificial,D_Dupli,complete,"667 [A, B, C, D, E, F, G, H, I]"
7047,7047,F,artificial,F,complete,"667 [A, B, C, D, E, F, G, H, I]"
7048,7048,D,artificial,D_Dupli,complete,"667 [A, B, C, D, E, F, G, H, I]"
7049,7049,C,artificial,D_Dupli,complete,"667 [A, B, C, D, E, F, G, H, I]"
7050,7050,G,artificial,G,complete,"667 [A, B, C, D, E, F, G, H, I]"
7051,7051,B,artificial,D_Dupli,complete,"668 [B, A, E, C, D, F, G, I, H]"
7052,7052,E,artificial,D_Dupli,complete,"668 [B, A, E, C, D, F, G, I, H]"
7053,7053,C,artificial,D_Dupli,complete,"668 [B, A, E, C, D, F, G, I, H]"
7054,7054,F,artificial,F,complete,"668 [B, A, E, C, D, F, G, I, H]"
7055,7055,G,artificial,G,complete,"668 [B, A, E, C, D, F, G, I, H]"
7056,7056,I,artificial,I,complete,"668 [B, A, E, C, D, F, G, I, H]"
7057,7057,H,artificial,H,complete,"668 [B, A, E, C, D, F, G, I, H]"
7058,7058,A,artificial,A,complete,"668 [B, A, E, C, D, F, G, I, H]"
7059,7059,D,artificial,D_Dupli,complete,"668 [B, A, E, C, D, F, G, I, H]"
7060,7060,C,artificial,D_Dupli,complete,"669 [A, B, E, D, C, F, G, H, I]"
7061,7061,I,artificial,I,complete,"669 [A, B, E, D, C, F, G, H, I]"
7062,7062,H,artificial,H,complete,"669 [A, B, E, D, C, F, G, H, I]"
7063,7063,G,artificial,G,complete,"669 [A, B, E, D, C, F, G, H, I]"
7064,7064,F,artificial,F,complete,"669 [A, B, E, D, C, F, G, H, I]"
7065,7065,D,artificial,D_Dupli,complete,"669 [A, B, E, D, C, F, G, H, I]"
7066,7066,E,artificial,D_Dupli,complete,"669 [A, B, E, D, C, F, G, H, I]"
7067,7067,B,artificial,D_Dupli,complete,"669 [A, B, E, D, C, F, G, H, I]"
7068,7068,A,artificial,A,complete,"669 [A, B, E, D, C, F, G, H, I]"
7069,7069,B,artificial,D_Dupli,complete,"67 [B, A, D, C, E, F, G, I, H]"
7070,7070,H,artificial,H,complete,"67 [B, A, D, C, E, F, G, I, H]"
7071,7071,A,artificial,A,complete,"67 [B, A, D, C, E, F, G, I, H]"
7072,7072,D,artificial,D_Dupli,complete,"67 [B, A, D, C, E, F, G, I, H]"
7073,7073,C,artificial,D_Dupli,complete,"67 [B, A, D, C, E, F, G, I, H]"
7074,7074,E,artificial,D_Dupli,complete,"67 [B, A, D, C, E, F, G, I, H]"
7075,7075,F,artificial,F,complete,"67 [B, A, D, C, E, F, G, I, H]"
7076,7076,G,artificial,G,complete,"67 [B, A, D, C, E, F, G, I, H]"
7077,7077,I,artificial,I,complete,"67 [B, A, D, C, E, F, G, I, H]"
7078,7078,F,artificial,F,complete,"670 [A, B, E, C, D, F, G, H, I]"
7079,7079,D,artificial,D_Dupli,complete,"670 [A, B, E, C, D, F, G, H, I]"
7080,7080,C,artificial,D_Dupli,complete,"670 [A, B, E, C, D, F, G, H, I]"
7081,7081,E,artificial,D_Dupli,complete,"670 [A, B, E, C, D, F, G, H, I]"
7082,7082,B,artificial,D_Dupli,complete,"670 [A, B, E, C, D, F, G, H, I]"
7083,7083,I,artificial,I,complete,"670 [A, B, E, C, D, F, G, H, I]"
7084,7084,G,artificial,G,complete,"670 [A, B, E, C, D, F, G, H, I]"
7085,7085,A,artificial,A,complete,"670 [A, B, E, C, D, F, G, H, I]"
7086,7086,H,artificial,H,complete,"670 [A, B, E, C, D, F, G, H, I]"
7087,7087,C,artificial,D_Dupli,complete,"671 [A, B, C, D, E, F, G, H, I]"
7088,7088,D,artificial,D_Dupli,complete,"671 [A, B, C, D, E, F, G, H, I]"
7089,7089,E,artificial,D_Dupli,complete,"671 [A, B, C, D, E, F, G, H, I]"
7090,7090,A,artificial,A,complete,"671 [A, B, C, D, E, F, G, H, I]"
7091,7091,F,artificial,F,complete,"671 [A, B, C, D, E, F, G, H, I]"
7092,7092,G,artificial,G,complete,"671 [A, B, C, D, E, F, G, H, I]"
7093,7093,H,artificial,H,complete,"671 [A, B, C, D, E, F, G, H, I]"
7094,7094,I,artificial,I,complete,"671 [A, B, C, D, E, F, G, H, I]"
7095,7095,B,artificial,D_Dupli,complete,"671 [A, B, C, D, E, F, G, H, I]"
7096,7096,B,artificial,D_Dupli,complete,"672 [B, A, C, D, E, F, G, H, I]"
7097,7097,A,artificial,A,complete,"672 [B, A, C, D, E, F, G, H, I]"
7098,7098,C,artificial,D_Dupli,complete,"672 [B, A, C, D, E, F, G, H, I]"
7099,7099,D,artificial,D_Dupli,complete,"672 [B, A, C, D, E, F, G, H, I]"
7100,7100,E,artificial,D_Dupli,complete,"672 [B, A, C, D, E, F, G, H, I]"
7101,7101,F,artificial,F,complete,"672 [B, A, C, D, E, F, G, H, I]"
7102,7102,H,artificial,H,complete,"672 [B, A, C, D, E, F, G, H, I]"
7103,7103,G,artificial,G,complete,"672 [B, A, C, D, E, F, G, H, I]"
7104,7104,I,artificial,I,complete,"672 [B, A, C, D, E, F, G, H, I]"
7105,7105,A,artificial,A,complete,"673 [A, B, D, E, C, F, G, H, I]"
7106,7106,E,artificial,D_Dupli,complete,"673 [A, B, D, E, C, F, G, H, I]"
7107,7107,C,artificial,D_Dupli,complete,"673 [A, B, D, E, C, F, G, H, I]"
7108,7108,F,artificial,F,complete,"673 [A, B, D, E, C, F, G, H, I]"
7109,7109,G,artificial,G,complete,"673 [A, B, D, E, C, F, G, H, I]"
7110,7110,H,artificial,H,complete,"673 [A, B, D, E, C, F, G, H, I]"
7111,7111,I,artificial,I,complete,"673 [A, B, D, E, C, F, G, H, I]"
7112,7112,B,artificial,D_Dupli,complete,"673 [A, B, D, E, C, F, G, H, I]"
7113,7113,D,artificial,D_Dupli,complete,"673 [A, B, D, E, C, F, G, H, I]"
7114,7114,B,artificial,D_Dupli,complete,"674 [B, A, E, D, C, F, G, I, H]"
7115,7115,A,artificial,A,complete,"674 [B, A, E, D, C, F, G, I, H]"
7116,7116,E,artificial,D_Dupli,complete,"674 [B, A, E, D, C, F, G, I, H]"
7117,7117,D,artificial,D_Dupli,complete,"674 [B, A, E, D, C, F, G, I, H]"
7118,7118,C,artificial,D_Dupli,complete,"674 [B, A, E, D, C, F, G, I, H]"
7119,7119,F,artificial,F,complete,"674 [B, A, E, D, C, F, G, I, H]"
7120,7120,I,artificial,I,complete,"674 [B, A, E, D, C, F, G, I, H]"
7121,7121,G,artificial,G,complete,"674 [B, A, E, D, C, F, G, I, H]"
7122,7122,H,artificial,H,complete,"674 [B, A, E, D, C, F, G, I, H]"
7123,7123,C,artificial,D_Dupli,complete,"675 [A, B, C, E, D, F, G, I, H, N, O, M, F, G, H, I]"
7124,7124,E,artificial,D_Dupli,complete,"675 [A, B, C, E, D, F, G, I, H, N, O, M, F, G, H, I]"
7125,7125,D,artificial,D_Dupli,complete,"675 [A, B, C, E, D, F, G, I, H, N, O, M, F, G, H, I]"
7126,7126,F,artificial,F,complete,"675 [A, B, C, E, D, F, G, I, H, N, O, M, F, G, H, I]"
7127,7127,G,artificial,G,complete,"675 [A, B, C, E, D, F, G, I, H, N, O, M, F, G, H, I]"
7128,7128,I,artificial,I,complete,"675 [A, B, C, E, D, F, G, I, H, N, O, M, F, G, H, I]"
7129,7129,H,artificial,H,complete,"675 [A, B, C, E, D, F, G, I, H, N, O, M, F, G, H, I]"
7130,7130,O,artificial,O,complete,"675 [A, B, C, E, D, F, G, I, H, N, O, M, F, G, H, I]"
7131,7131,M,artificial,M,complete,"675 [A, B, C, E, D, F, G, I, H, N, O, M, F, G, H, I]"
7132,7132,F,artificial,F,complete,"675 [A, B, C, E, D, F, G, I, H, N, O, M, F, G, H, I]"
7133,7133,G,artificial,G,complete,"675 [A, B, C, E, D, F, G, I, H, N, O, M, F, G, H, I]"
7134,7134,H,artificial,H,complete,"675 [A, B, C, E, D, F, G, I, H, N, O, M, F, G, H, I]"
7135,7135,I,artificial,I,complete,"675 [A, B, C, E, D, F, G, I, H, N, O, M, F, G, H, I]"
7136,7136,N,artificial,N,complete,"675 [A, B, C, E, D, F, G, I, H, N, O, M, F, G, H, I]"
7137,7137,A,artificial,A,complete,"675 [A, B, C, E, D, F, G, I, H, N, O, M, F, G, H, I]"
7138,7138,B,artificial,D_Dupli,complete,"675 [A, B, C, E, D, F, G, I, H, N, O, M, F, G, H, I]"
7139,7139,A,artificial,A,complete,"676 [A, B, E, C, D, F, G, H, I]"
7140,7140,E,artificial,D_Dupli,complete,"676 [A, B, E, C, D, F, G, H, I]"
7141,7141,C,artificial,D_Dupli,complete,"676 [A, B, E, C, D, F, G, H, I]"
7142,7142,D,artificial,D_Dupli,complete,"676 [A, B, E, C, D, F, G, H, I]"
7143,7143,F,artificial,F,complete,"676 [A, B, E, C, D, F, G, H, I]"
7144,7144,G,artificial,G,complete,"676 [A, B, E, C, D, F, G, H, I]"
7145,7145,H,artificial,H,complete,"676 [A, B, E, C, D, F, G, H, I]"
7146,7146,B,artificial,D_Dupli,complete,"676 [A, B, E, C, D, F, G, H, I]"
7147,7147,I,artificial,I,complete,"676 [A, B, E, C, D, F, G, H, I]"
7148,7148,A,artificial,A,complete,"677 [B, A, C, E, D, F, G, I, H]"
7149,7149,C,artificial,D_Dupli,complete,"677 [B, A, C, E, D, F, G, I, H]"
7150,7150,E,artificial,D_Dupli,complete,"677 [B, A, C, E, D, F, G, I, H]"
7151,7151,D,artificial,D_Dupli,complete,"677 [B, A, C, E, D, F, G, I, H]"
7152,7152,F,artificial,F,complete,"677 [B, A, C, E, D, F, G, I, H]"
7153,7153,G,artificial,G,complete,"677 [B, A, C, E, D, F, G, I, H]"
7154,7154,B,artificial,D_Dupli,complete,"677 [B, A, C, E, D, F, G, I, H]"
7155,7155,I,artificial,I,complete,"677 [B, A, C, E, D, F, G, I, H]"
7156,7156,H,artificial,H,complete,"677 [B, A, C, E, D, F, G, I, H]"
7157,7157,A,artificial,A,complete,"678 [B, A, E, C, D, F, G, H, I]"
7158,7158,B,artificial,D_Dupli,complete,"678 [B, A, E, C, D, F, G, H, I]"
7159,7159,I,artificial,I,complete,"678 [B, A, E, C, D, F, G, H, I]"
7160,7160,G,artificial,G,complete,"678 [B, A, E, C, D, F, G, H, I]"
7161,7161,H,artificial,H,complete,"678 [B, A, E, C, D, F, G, H, I]"
7162,7162,D,artificial,D_Dupli,complete,"678 [B, A, E, C, D, F, G, H, I]"
7163,7163,C,artificial,D_Dupli,complete,"678 [B, A, E, C, D, F, G, H, I]"
7164,7164,E,artificial,D_Dupli,complete,"678 [B, A, E, C, D, F, G, H, I]"
7165,7165,F,artificial,F,complete,"678 [B, A, E, C, D, F, G, H, I]"
7166,7166,B,artificial,D_Dupli,complete,"679 [B, A, D, C, E, F, G, H, I]"
7167,7167,D,artificial,D_Dupli,complete,"679 [B, A, D, C, E, F, G, H, I]"
7168,7168,E,artificial,D_Dupli,complete,"679 [B, A, D, C, E, F, G, H, I]"
7169,7169,F,artificial,F,complete,"679 [B, A, D, C, E, F, G, H, I]"
7170,7170,G,artificial,G,complete,"679 [B, A, D, C, E, F, G, H, I]"
7171,7171,H,artificial,H,complete,"679 [B, A, D, C, E, F, G, H, I]"
7172,7172,I,artificial,I,complete,"679 [B, A, D, C, E, F, G, H, I]"
7173,7173,A,artificial,A,complete,"679 [B, A, D, C, E, F, G, H, I]"
7174,7174,C,artificial,D_Dupli,complete,"679 [B, A, D, C, E, F, G, H, I]"
7175,7175,C,artificial,D_Dupli,complete,"68 [B, A, C, E, D, F, G, I, H]"
7176,7176,E,artificial,D_Dupli,complete,"68 [B, A, C, E, D, F, G, I, H]"
7177,7177,D,artificial,D_Dupli,complete,"68 [B, A, C, E, D, F, G, I, H]"
7178,7178,F,artificial,F,complete,"68 [B, A, C, E, D, F, G, I, H]"
7179,7179,G,artificial,G,complete,"68 [B, A, C, E, D, F, G, I, H]"
7180,7180,I,artificial,I,complete,"68 [B, A, C, E, D, F, G, I, H]"
7181,7181,H,artificial,H,complete,"68 [B, A, C, E, D, F, G, I, H]"
7182,7182,A,artificial,A,complete,"68 [B, A, C, E, D, F, G, I, H]"
7183,7183,B,artificial,D_Dupli,complete,"68 [B, A, C, E, D, F, G, I, H]"
7184,7184,G,artificial,G,complete,"680 [B, A, D, C, E, F, G, I, H, M, N, O, F, G, H, I]"
7185,7185,H,artificial,H,complete,"680 [B, A, D, C, E, F, G, I, H, M, N, O, F, G, H, I]"
7186,7186,M,artificial,M,complete,"680 [B, A, D, C, E, F, G, I, H, M, N, O, F, G, H, I]"
7187,7187,G,artificial,G,complete,"680 [B, A, D, C, E, F, G, I, H, M, N, O, F, G, H, I]"
7188,7188,O,artificial,O,complete,"680 [B, A, D, C, E, F, G, I, H, M, N, O, F, G, H, I]"
7189,7189,F,artificial,F,complete,"680 [B, A, D, C, E, F, G, I, H, M, N, O, F, G, H, I]"
7190,7190,F,artificial,F,complete,"680 [B, A, D, C, E, F, G, I, H, M, N, O, F, G, H, I]"
7191,7191,H,artificial,H,complete,"680 [B, A, D, C, E, F, G, I, H, M, N, O, F, G, H, I]"
7192,7192,I,artificial,I,complete,"680 [B, A, D, C, E, F, G, I, H, M, N, O, F, G, H, I]"
7193,7193,N,artificial,N,complete,"680 [B, A, D, C, E, F, G, I, H, M, N, O, F, G, H, I]"
7194,7194,E,artificial,D_Dupli,complete,"680 [B, A, D, C, E, F, G, I, H, M, N, O, F, G, H, I]"
7195,7195,I,artificial,I,complete,"680 [B, A, D, C, E, F, G, I, H, M, N, O, F, G, H, I]"
7196,7196,D,artificial,D_Dupli,complete,"680 [B, A, D, C, E, F, G, I, H, M, N, O, F, G, H, I]"
7197,7197,A,artificial,A,complete,"680 [B, A, D, C, E, F, G, I, H, M, N, O, F, G, H, I]"
7198,7198,B,artificial,D_Dupli,complete,"680 [B, A, D, C, E, F, G, I, H, M, N, O, F, G, H, I]"
7199,7199,C,artificial,D_Dupli,complete,"680 [B, A, D, C, E, F, G, I, H, M, N, O, F, G, H, I]"
7200,7200,H,artificial,H,complete,"681 [A, B, D, C, E, F, G, I, H]"
7201,7201,I,artificial,I,complete,"681 [A, B, D, C, E, F, G, I, H]"
7202,7202,G,artificial,G,complete,"681 [A, B, D, C, E, F, G, I, H]"
7203,7203,F,artificial,F,complete,"681 [A, B, D, C, E, F, G, I, H]"
7204,7204,E,artificial,D_Dupli,complete,"681 [A, B, D, C, E, F, G, I, H]"
7205,7205,C,artificial,D_Dupli,complete,"681 [A, B, D, C, E, F, G, I, H]"
7206,7206,D,artificial,D_Dupli,complete,"681 [A, B, D, C, E, F, G, I, H]"
7207,7207,A,artificial,A,complete,"681 [A, B, D, C, E, F, G, I, H]"
7208,7208,B,artificial,D_Dupli,complete,"681 [A, B, D, C, E, F, G, I, H]"
7209,7209,I,artificial,I,complete,"682 [A, B, D, C, E, F, G, H, I]"
7210,7210,H,artificial,H,complete,"682 [A, B, D, C, E, F, G, H, I]"
7211,7211,A,artificial,A,complete,"682 [A, B, D, C, E, F, G, H, I]"
7212,7212,B,artificial,D_Dupli,complete,"682 [A, B, D, C, E, F, G, H, I]"
7213,7213,D,artificial,D_Dupli,complete,"682 [A, B, D, C, E, F, G, H, I]"
7214,7214,C,artificial,D_Dupli,complete,"682 [A, B, D, C, E, F, G, H, I]"
7215,7215,E,artificial,D_Dupli,complete,"682 [A, B, D, C, E, F, G, H, I]"
7216,7216,F,artificial,F,complete,"682 [A, B, D, C, E, F, G, H, I]"
7217,7217,G,artificial,G,complete,"682 [A, B, D, C, E, F, G, H, I]"
7218,7218,B,artificial,D_Dupli,complete,"683 [B, A, C, D, E, F, G, H, I]"
7219,7219,A,artificial,A,complete,"683 [B, A, C, D, E, F, G, H, I]"
7220,7220,C,artificial,D_Dupli,complete,"683 [B, A, C, D, E, F, G, H, I]"
7221,7221,I,artificial,I,complete,"683 [B, A, C, D, E, F, G, H, I]"
7222,7222,E,artificial,D_Dupli,complete,"683 [B, A, C, D, E, F, G, H, I]"
7223,7223,F,artificial,F,complete,"683 [B, A, C, D, E, F, G, H, I]"
7224,7224,D,artificial,D_Dupli,complete,"683 [B, A, C, D, E, F, G, H, I]"
7225,7225,G,artificial,G,complete,"683 [B, A, C, D, E, F, G, H, I]"
7226,7226,H,artificial,H,complete,"683 [B, A, C, D, E, F, G, H, I]"
7227,7227,B,artificial,D_Dupli,complete,"684 [B, A, D, C, E, F, G, I, H]"
7228,7228,A,artificial,A,complete,"684 [B, A, D, C, E, F, G, I, H]"
7229,7229,D,artificial,D_Dupli,complete,"684 [B, A, D, C, E, F, G, I, H]"
7230,7230,C,artificial,D_Dupli,complete,"684 [B, A, D, C, E, F, G, I, H]"
7231,7231,E,artificial,D_Dupli,complete,"684 [B, A, D, C, E, F, G, I, H]"
7232,7232,F,artificial,F,complete,"684 [B, A, D, C, E, F, G, I, H]"
7233,7233,H,artificial,H,complete,"684 [B, A, D, C, E, F, G, I, H]"
7234,7234,I,artificial,I,complete,"684 [B, A, D, C, E, F, G, I, H]"
7235,7235,G,artificial,G,complete,"684 [B, A, D, C, E, F, G, I, H]"
7236,7236,A,artificial,A,complete,"685 [A, B, D, C, E, F, G, I, H]"
7237,7237,B,artificial,D_Dupli,complete,"685 [A, B, D, C, E, F, G, I, H]"
7238,7238,D,artificial,D_Dupli,complete,"685 [A, B, D, C, E, F, G, I, H]"
7239,7239,C,artificial,D_Dupli,complete,"685 [A, B, D, C, E, F, G, I, H]"
7240,7240,E,artificial,D_Dupli,complete,"685 [A, B, D, C, E, F, G, I, H]"
7241,7241,F,artificial,F,complete,"685 [A, B, D, C, E, F, G, I, H]"
7242,7242,G,artificial,G,complete,"685 [A, B, D, C, E, F, G, I, H]"
7243,7243,I,artificial,I,complete,"685 [A, B, D, C, E, F, G, I, H]"
7244,7244,H,artificial,H,complete,"685 [A, B, D, C, E, F, G, I, H]"
7245,7245,D,artificial,D_Dupli,complete,"686 [A, B, C, E, D, F, G, H, I]"
7246,7246,I,artificial,I,complete,"686 [A, B, C, E, D, F, G, H, I]"
7247,7247,H,artificial,H,complete,"686 [A, B, C, E, D, F, G, H, I]"
7248,7248,G,artificial,G,complete,"686 [A, B, C, E, D, F, G, H, I]"
7249,7249,F,artificial,F,complete,"686 [A, B, C, E, D, F, G, H, I]"
7250,7250,A,artificial,A,complete,"686 [A, B, C, E, D, F, G, H, I]"
7251,7251,E,artificial,D_Dupli,complete,"686 [A, B, C, E, D, F, G, H, I]"
7252,7252,C,artificial,D_Dupli,complete,"686 [A, B, C, E, D, F, G, H, I]"
7253,7253,B,artificial,D_Dupli,complete,"686 [A, B, C, E, D, F, G, H, I]"
7254,7254,G,artificial,G,complete,"687 [A, B, C, D, E, F, G, I, H]"
7255,7255,I,artificial,I,complete,"687 [A, B, C, D, E, F, G, I, H]"
7256,7256,H,artificial,H,complete,"687 [A, B, C, D, E, F, G, I, H]"
7257,7257,E,artificial,D_Dupli,complete,"687 [A, B, C, D, E, F, G, I, H]"
7258,7258,F,artificial,F,complete,"687 [A, B, C, D, E, F, G, I, H]"
7259,7259,C,artificial,D_Dupli,complete,"687 [A, B, C, D, E, F, G, I, H]"
7260,7260,B,artificial,D_Dupli,complete,"687 [A, B, C, D, E, F, G, I, H]"
7261,7261,A,artificial,A,complete,"687 [A, B, C, D, E, F, G, I, H]"
7262,7262,D,artificial,D_Dupli,complete,"687 [A, B, C, D, E, F, G, I, H]"
7263,7263,G,artificial,G,complete,"688 [A, B, E, C, D, F, G, H, I]"
7264,7264,I,artificial,I,complete,"688 [A, B, E, C, D, F, G, H, I]"
7265,7265,H,artificial,H,complete,"688 [A, B, E, C, D, F, G, H, I]"
7266,7266,C,artificial,D_Dupli,complete,"688 [A, B, E, C, D, F, G, H, I]"
7267,7267,D,artificial,D_Dupli,complete,"688 [A, B, E, C, D, F, G, H, I]"
7268,7268,E,artificial,D_Dupli,complete,"688 [A, B, E, C, D, F, G, H, I]"
7269,7269,F,artificial,F,complete,"688 [A, B, E, C, D, F, G, H, I]"
7270,7270,A,artificial,A,complete,"688 [A, B, E, C, D, F, G, H, I]"
7271,7271,B,artificial,D_Dupli,complete,"688 [A, B, E, C, D, F, G, H, I]"
7272,7272,B,artificial,D_Dupli,complete,"689 [B, A, E, C, D, F, G, H, I, J, K, F, G, H, I]"
7273,7273,A,artificial,A,complete,"689 [B, A, E, C, D, F, G, H, I, J, K, F, G, H, I]"
7274,7274,E,artificial,D_Dupli,complete,"689 [B, A, E, C, D, F, G, H, I, J, K, F, G, H, I]"
7275,7275,C,artificial,D_Dupli,complete,"689 [B, A, E, C, D, F, G, H, I, J, K, F, G, H, I]"
7276,7276,I,artificial,I,complete,"689 [B, A, E, C, D, F, G, H, I, J, K, F, G, H, I]"
7277,7277,H,artificial,H,complete,"689 [B, A, E, C, D, F, G, H, I, J, K, F, G, H, I]"
7278,7278,G,artificial,G,complete,"689 [B, A, E, C, D, F, G, H, I, J, K, F, G, H, I]"
7279,7279,H,artificial,H,complete,"689 [B, A, E, C, D, F, G, H, I, J, K, F, G, H, I]"
7280,7280,I,artificial,I,complete,"689 [B, A, E, C, D, F, G, H, I, J, K, F, G, H, I]"
7281,7281,J,artificial,J,complete,"689 [B, A, E, C, D, F, G, H, I, J, K, F, G, H, I]"
7282,7282,K,artificial,K,complete,"689 [B, A, E, C, D, F, G, H, I, J, K, F, G, H, I]"
7283,7283,F,artificial,F,complete,"689 [B, A, E, C, D, F, G, H, I, J, K, F, G, H, I]"
7284,7284,G,artificial,G,complete,"689 [B, A, E, C, D, F, G, H, I, J, K, F, G, H, I]"
7285,7285,F,artificial,F,complete,"689 [B, A, E, C, D, F, G, H, I, J, K, F, G, H, I]"
7286,7286,D,artificial,D_Dupli,complete,"689 [B, A, E, C, D, F, G, H, I, J, K, F, G, H, I]"
7287,7287,A,artificial,A,complete,"69 [A, B, D, E, C, F, G, I, H]"
7288,7288,I,artificial,I,complete,"69 [A, B, D, E, C, F, G, I, H]"
7289,7289,B,artificial,D_Dupli,complete,"69 [A, B, D, E, C, F, G, I, H]"
7290,7290,D,artificial,D_Dupli,complete,"69 [A, B, D, E, C, F, G, I, H]"
7291,7291,E,artificial,D_Dupli,complete,"69 [A, B, D, E, C, F, G, I, H]"
7292,7292,C,artificial,D_Dupli,complete,"69 [A, B, D, E, C, F, G, I, H]"
7293,7293,F,artificial,F,complete,"69 [A, B, D, E, C, F, G, I, H]"
7294,7294,G,artificial,G,complete,"69 [A, B, D, E, C, F, G, I, H]"
7295,7295,H,artificial,H,complete,"69 [A, B, D, E, C, F, G, I, H]"
7296,7296,A,artificial,A,complete,"690 [A, B, E, D, C, F, G, H, I]"
7297,7297,B,artificial,D_Dupli,complete,"690 [A, B, E, D, C, F, G, H, I]"
7298,7298,E,artificial,D_Dupli,complete,"690 [A, B, E, D, C, F, G, H, I]"
7299,7299,D,artificial,D_Dupli,complete,"690 [A, B, E, D, C, F, G, H, I]"
7300,7300,C,artificial,D_Dupli,complete,"690 [A, B, E, D, C, F, G, H, I]"
7301,7301,F,artificial,F,complete,"690 [A, B, E, D, C, F, G, H, I]"
7302,7302,G,artificial,G,complete,"690 [A, B, E, D, C, F, G, H, I]"
7303,7303,H,artificial,H,complete,"690 [A, B, E, D, C, F, G, H, I]"
7304,7304,I,artificial,I,complete,"690 [A, B, E, D, C, F, G, H, I]"
7305,7305,B,artificial,D_Dupli,complete,"691 [B, A, E, D, C, F, G, H, I]"
7306,7306,H,artificial,H,complete,"691 [B, A, E, D, C, F, G, H, I]"
7307,7307,I,artificial,I,complete,"691 [B, A, E, D, C, F, G, H, I]"
7308,7308,G,artificial,G,complete,"691 [B, A, E, D, C, F, G, H, I]"
7309,7309,F,artificial,F,complete,"691 [B, A, E, D, C, F, G, H, I]"
7310,7310,C,artificial,D_Dupli,complete,"691 [B, A, E, D, C, F, G, H, I]"
7311,7311,D,artificial,D_Dupli,complete,"691 [B, A, E, D, C, F, G, H, I]"
7312,7312,E,artificial,D_Dupli,complete,"691 [B, A, E, D, C, F, G, H, I]"
7313,7313,A,artificial,A,complete,"691 [B, A, E, D, C, F, G, H, I]"
7314,7314,B,artificial,D_Dupli,complete,"692 [A, B, D, E, C, F, G, I, H]"
7315,7315,E,artificial,D_Dupli,complete,"692 [A, B, D, E, C, F, G, I, H]"
7316,7316,C,artificial,D_Dupli,complete,"692 [A, B, D, E, C, F, G, I, H]"
7317,7317,F,artificial,F,complete,"692 [A, B, D, E, C, F, G, I, H]"
7318,7318,G,artificial,G,complete,"692 [A, B, D, E, C, F, G, I, H]"
7319,7319,A,artificial,A,complete,"692 [A, B, D, E, C, F, G, I, H]"
7320,7320,D,artificial,D_Dupli,complete,"692 [A, B, D, E, C, F, G, I, H]"
7321,7321,H,artificial,H,complete,"692 [A, B, D, E, C, F, G, I, H]"
7322,7322,I,artificial,I,complete,"692 [A, B, D, E, C, F, G, I, H]"
7323,7323,A,artificial,A,complete,"693 [A, B, E, C, D, F, G, I, H, J, K, L, J, K, L, J, K, F, G, H, I]"
7324,7324,G,artificial,G,complete,"693 [A, B, E, C, D, F, G, I, H, J, K, L, J, K, L, J, K, F, G, H, I]"
7325,7325,F,artificial,F,complete,"693 [A, B, E, C, D, F, G, I, H, J, K, L, J, K, L, J, K, F, G, H, I]"
7326,7326,K,artificial,K,complete,"693 [A, B, E, C, D, F, G, I, H, J, K, L, J, K, L, J, K, F, G, H, I]"
7327,7327,J,artificial,J,complete,"693 [A, B, E, C, D, F, G, I, H, J, K, L, J, K, L, J, K, F, G, H, I]"
7328,7328,I,artificial,I,complete,"693 [A, B, E, C, D, F, G, I, H, J, K, L, J, K, L, J, K, F, G, H, I]"
7329,7329,K,artificial,K,complete,"693 [A, B, E, C, D, F, G, I, H, J, K, L, J, K, L, J, K, F, G, H, I]"
7330,7330,J,artificial,J,complete,"693 [A, B, E, C, D, F, G, I, H, J, K, L, J, K, L, J, K, F, G, H, I]"
7331,7331,L,artificial,L,complete,"693 [A, B, E, C, D, F, G, I, H, J, K, L, J, K, L, J, K, F, G, H, I]"
7332,7332,K,artificial,K,complete,"693 [A, B, E, C, D, F, G, I, H, J, K, L, J, K, L, J, K, F, G, H, I]"
7333,7333,J,artificial,J,complete,"693 [A, B, E, C, D, F, G, I, H, J, K, L, J, K, L, J, K, F, G, H, I]"
7334,7334,H,artificial,H,complete,"693 [A, B, E, C, D, F, G, I, H, J, K, L, J, K, L, J, K, F, G, H, I]"
7335,7335,I,artificial,I,complete,"693 [A, B, E, C, D, F, G, I, H, J, K, L, J, K, L, J, K, F, G, H, I]"
7336,7336,G,artificial,G,complete,"693 [A, B, E, C, D, F, G, I, H, J, K, L, J, K, L, J, K, F, G, H, I]"
7337,7337,L,artificial,L,complete,"693 [A, B, E, C, D, F, G, I, H, J, K, L, J, K, L, J, K, F, G, H, I]"
7338,7338,D,artificial,D_Dupli,complete,"693 [A, B, E, C, D, F, G, I, H, J, K, L, J, K, L, J, K, F, G, H, I]"
7339,7339,F,artificial,F,complete,"693 [A, B, E, C, D, F, G, I, H, J, K, L, J, K, L, J, K, F, G, H, I]"
7340,7340,B,artificial,D_Dupli,complete,"693 [A, B, E, C, D, F, G, I, H, J, K, L, J, K, L, J, K, F, G, H, I]"
7341,7341,H,artificial,H,complete,"693 [A, B, E, C, D, F, G, I, H, J, K, L, J, K, L, J, K, F, G, H, I]"
7342,7342,C,artificial,D_Dupli,complete,"693 [A, B, E, C, D, F, G, I, H, J, K, L, J, K, L, J, K, F, G, H, I]"
7343,7343,E,artificial,D_Dupli,complete,"693 [A, B, E, C, D, F, G, I, H, J, K, L, J, K, L, J, K, F, G, H, I]"
7344,7344,A,artificial,A,complete,"694 [A, B, C, D, E, F, G, I, H]"
7345,7345,B,artificial,D_Dupli,complete,"694 [A, B, C, D, E, F, G, I, H]"
7346,7346,C,artificial,D_Dupli,complete,"694 [A, B, C, D, E, F, G, I, H]"
7347,7347,D,artificial,D_Dupli,complete,"694 [A, B, C, D, E, F, G, I, H]"
7348,7348,E,artificial,D_Dupli,complete,"694 [A, B, C, D, E, F, G, I, H]"
7349,7349,F,artificial,F,complete,"694 [A, B, C, D, E, F, G, I, H]"
7350,7350,G,artificial,G,complete,"694 [A, B, C, D, E, F, G, I, H]"
7351,7351,I,artificial,I,complete,"694 [A, B, C, D, E, F, G, I, H]"
7352,7352,H,artificial,H,complete,"694 [A, B, C, D, E, F, G, I, H]"
7353,7353,I,artificial,I,complete,"695 [B, A, D, E, C, F, G, H, I]"
7354,7354,B,artificial,D_Dupli,complete,"695 [B, A, D, E, C, F, G, H, I]"
7355,7355,A,artificial,A,complete,"695 [B, A, D, E, C, F, G, H, I]"
7356,7356,D,artificial,D_Dupli,complete,"695 [B, A, D, E, C, F, G, H, I]"
7357,7357,F,artificial,F,complete,"695 [B, A, D, E, C, F, G, H, I]"
7358,7358,G,artificial,G,complete,"695 [B, A, D, E, C, F, G, H, I]"
7359,7359,H,artificial,H,complete,"695 [B, A, D, E, C, F, G, H, I]"
7360,7360,E,artificial,D_Dupli,complete,"695 [B, A, D, E, C, F, G, H, I]"
7361,7361,C,artificial,D_Dupli,complete,"695 [B, A, D, E, C, F, G, H, I]"
7362,7362,I,artificial,I,complete,"696 [B, A, C, D, E, F, G, I, H]"
7363,7363,G,artificial,G,complete,"696 [B, A, C, D, E, F, G, I, H]"
7364,7364,F,artificial,F,complete,"696 [B, A, C, D, E, F, G, I, H]"
7365,7365,E,artificial,D_Dupli,complete,"696 [B, A, C, D, E, F, G, I, H]"
7366,7366,H,artificial,H,complete,"696 [B, A, C, D, E, F, G, I, H]"
7367,7367,D,artificial,D_Dupli,complete,"696 [B, A, C, D, E, F, G, I, H]"
7368,7368,C,artificial,D_Dupli,complete,"696 [B, A, C, D, E, F, G, I, H]"
7369,7369,B,artificial,D_Dupli,complete,"696 [B, A, C, D, E, F, G, I, H]"
7370,7370,A,artificial,A,complete,"696 [B, A, C, D, E, F, G, I, H]"
7371,7371,I,artificial,I,complete,"697 [B, A, D, E, C, F, G, I, H, O, M, N, F, G, I, H]"
7372,7372,D,artificial,D_Dupli,complete,"697 [B, A, D, E, C, F, G, I, H, O, M, N, F, G, I, H]"
7373,7373,E,artificial,D_Dupli,complete,"697 [B, A, D, E, C, F, G, I, H, O, M, N, F, G, I, H]"
7374,7374,C,artificial,D_Dupli,complete,"697 [B, A, D, E, C, F, G, I, H, O, M, N, F, G, I, H]"
7375,7375,F,artificial,F,complete,"697 [B, A, D, E, C, F, G, I, H, O, M, N, F, G, I, H]"
7376,7376,G,artificial,G,complete,"697 [B, A, D, E, C, F, G, I, H, O, M, N, F, G, I, H]"
7377,7377,H,artificial,H,complete,"697 [B, A, D, E, C, F, G, I, H, O, M, N, F, G, I, H]"
7378,7378,O,artificial,O,complete,"697 [B, A, D, E, C, F, G, I, H, O, M, N, F, G, I, H]"
7379,7379,M,artificial,M,complete,"697 [B, A, D, E, C, F, G, I, H, O, M, N, F, G, I, H]"
7380,7380,N,artificial,N,complete,"697 [B, A, D, E, C, F, G, I, H, O, M, N, F, G, I, H]"
7381,7381,F,artificial,F,complete,"697 [B, A, D, E, C, F, G, I, H, O, M, N, F, G, I, H]"
7382,7382,G,artificial,G,complete,"697 [B, A, D, E, C, F, G, I, H, O, M, N, F, G, I, H]"
7383,7383,I,artificial,I,complete,"697 [B, A, D, E, C, F, G, I, H, O, M, N, F, G, I, H]"
7384,7384,H,artificial,H,complete,"697 [B, A, D, E, C, F, G, I, H, O, M, N, F, G, I, H]"
7385,7385,A,artificial,A,complete,"697 [B, A, D, E, C, F, G, I, H, O, M, N, F, G, I, H]"
7386,7386,B,artificial,D_Dupli,complete,"697 [B, A, D, E, C, F, G, I, H, O, M, N, F, G, I, H]"
7387,7387,A,artificial,A,complete,"698 [A, B, C, E, D, F, G, I, H]"
7388,7388,C,artificial,D_Dupli,complete,"698 [A, B, C, E, D, F, G, I, H]"
7389,7389,E,artificial,D_Dupli,complete,"698 [A, B, C, E, D, F, G, I, H]"
7390,7390,D,artificial,D_Dupli,complete,"698 [A, B, C, E, D, F, G, I, H]"
7391,7391,F,artificial,F,complete,"698 [A, B, C, E, D, F, G, I, H]"
7392,7392,G,artificial,G,complete,"698 [A, B, C, E, D, F, G, I, H]"
7393,7393,I,artificial,I,complete,"698 [A, B, C, E, D, F, G, I, H]"
7394,7394,H,artificial,H,complete,"698 [A, B, C, E, D, F, G, I, H]"
7395,7395,B,artificial,D_Dupli,complete,"698 [A, B, C, E, D, F, G, I, H]"
7396,7396,G,artificial,G,complete,"699 [A, B, D, C, E, F, G, I, H]"
7397,7397,E,artificial,D_Dupli,complete,"699 [A, B, D, C, E, F, G, I, H]"
7398,7398,C,artificial,D_Dupli,complete,"699 [A, B, D, C, E, F, G, I, H]"
7399,7399,D,artificial,D_Dupli,complete,"699 [A, B, D, C, E, F, G, I, H]"
7400,7400,B,artificial,D_Dupli,complete,"699 [A, B, D, C, E, F, G, I, H]"
7401,7401,A,artificial,A,complete,"699 [A, B, D, C, E, F, G, I, H]"
7402,7402,I,artificial,I,complete,"699 [A, B, D, C, E, F, G, I, H]"
7403,7403,H,artificial,H,complete,"699 [A, B, D, C, E, F, G, I, H]"
7404,7404,F,artificial,F,complete,"699 [A, B, D, C, E, F, G, I, H]"
7405,7405,I,artificial,I,complete,"7 [B, A, E, D, C, F, G, H, I]"
7406,7406,G,artificial,G,complete,"7 [B, A, E, D, C, F, G, H, I]"
7407,7407,B,artificial,D_Dupli,complete,"7 [B, A, E, D, C, F, G, H, I]"
7408,7408,E,artificial,D_Dupli,complete,"7 [B, A, E, D, C, F, G, H, I]"
7409,7409,D,artificial,D_Dupli,complete,"7 [B, A, E, D, C, F, G, H, I]"
7410,7410,C,artificial,D_Dupli,complete,"7 [B, A, E, D, C, F, G, H, I]"
7411,7411,F,artificial,F,complete,"7 [B, A, E, D, C, F, G, H, I]"
7412,7412,A,artificial,A,complete,"7 [B, A, E, D, C, F, G, H, I]"
7413,7413,H,artificial,H,complete,"7 [B, A, E, D, C, F, G, H, I]"
7414,7414,B,artificial,D_Dupli,complete,"70 [A, B, E, D, C, F, G, H, I]"
7415,7415,H,artificial,H,complete,"70 [A, B, E, D, C, F, G, H, I]"
7416,7416,G,artificial,G,complete,"70 [A, B, E, D, C, F, G, H, I]"
7417,7417,F,artificial,F,complete,"70 [A, B, E, D, C, F, G, H, I]"
7418,7418,C,artificial,D_Dupli,complete,"70 [A, B, E, D, C, F, G, H, I]"
7419,7419,D,artificial,D_Dupli,complete,"70 [A, B, E, D, C, F, G, H, I]"
7420,7420,E,artificial,D_Dupli,complete,"70 [A, B, E, D, C, F, G, H, I]"
7421,7421,I,artificial,I,complete,"70 [A, B, E, D, C, F, G, H, I]"
7422,7422,A,artificial,A,complete,"70 [A, B, E, D, C, F, G, H, I]"
7423,7423,A,artificial,A,complete,"700 [B, A, E, D, C, F, G, H, I]"
7424,7424,B,artificial,D_Dupli,complete,"700 [B, A, E, D, C, F, G, H, I]"
7425,7425,G,artificial,G,complete,"700 [B, A, E, D, C, F, G, H, I]"
7426,7426,D,artificial,D_Dupli,complete,"700 [B, A, E, D, C, F, G, H, I]"
7427,7427,C,artificial,D_Dupli,complete,"700 [B, A, E, D, C, F, G, H, I]"
7428,7428,F,artificial,F,complete,"700 [B, A, E, D, C, F, G, H, I]"
7429,7429,H,artificial,H,complete,"700 [B, A, E, D, C, F, G, H, I]"
7430,7430,I,artificial,I,complete,"700 [B, A, E, D, C, F, G, H, I]"
7431,7431,E,artificial,D_Dupli,complete,"700 [B, A, E, D, C, F, G, H, I]"
7432,7432,A,artificial,A,complete,"701 [A, B, D, E, C, F, G, H, I]"
7433,7433,B,artificial,D_Dupli,complete,"701 [A, B, D, E, C, F, G, H, I]"
7434,7434,E,artificial,D_Dupli,complete,"701 [A, B, D, E, C, F, G, H, I]"
7435,7435,F,artificial,F,complete,"701 [A, B, D, E, C, F, G, H, I]"
7436,7436,C,artificial,D_Dupli,complete,"701 [A, B, D, E, C, F, G, H, I]"
7437,7437,D,artificial,D_Dupli,complete,"701 [A, B, D, E, C, F, G, H, I]"
7438,7438,H,artificial,H,complete,"701 [A, B, D, E, C, F, G, H, I]"
7439,7439,G,artificial,G,complete,"701 [A, B, D, E, C, F, G, H, I]"
7440,7440,I,artificial,I,complete,"701 [A, B, D, E, C, F, G, H, I]"
7441,7441,G,artificial,G,complete,"702 [B, A, D, C, E, F, G, I, H]"
7442,7442,B,artificial,D_Dupli,complete,"702 [B, A, D, C, E, F, G, I, H]"
7443,7443,A,artificial,A,complete,"702 [B, A, D, C, E, F, G, I, H]"
7444,7444,D,artificial,D_Dupli,complete,"702 [B, A, D, C, E, F, G, I, H]"
7445,7445,H,artificial,H,complete,"702 [B, A, D, C, E, F, G, I, H]"
7446,7446,I,artificial,I,complete,"702 [B, A, D, C, E, F, G, I, H]"
7447,7447,C,artificial,D_Dupli,complete,"702 [B, A, D, C, E, F, G, I, H]"
7448,7448,F,artificial,F,complete,"702 [B, A, D, C, E, F, G, I, H]"
7449,7449,E,artificial,D_Dupli,complete,"702 [B, A, D, C, E, F, G, I, H]"
7450,7450,F,artificial,F,complete,"703 [A, B, E, D, C, F, G, I, H]"
7451,7451,A,artificial,A,complete,"703 [A, B, E, D, C, F, G, I, H]"
7452,7452,B,artificial,D_Dupli,complete,"703 [A, B, E, D, C, F, G, I, H]"
7453,7453,D,artificial,D_Dupli,complete,"703 [A, B, E, D, C, F, G, I, H]"
7454,7454,C,artificial,D_Dupli,complete,"703 [A, B, E, D, C, F, G, I, H]"
7455,7455,G,artificial,G,complete,"703 [A, B, E, D, C, F, G, I, H]"
7456,7456,E,artificial,D_Dupli,complete,"703 [A, B, E, D, C, F, G, I, H]"
7457,7457,H,artificial,H,complete,"703 [A, B, E, D, C, F, G, I, H]"
7458,7458,I,artificial,I,complete,"703 [A, B, E, D, C, F, G, I, H]"
7459,7459,D,artificial,D_Dupli,complete,"704 [A, B, E, C, D, F, G, H, I]"
7460,7460,C,artificial,D_Dupli,complete,"704 [A, B, E, C, D, F, G, H, I]"
7461,7461,E,artificial,D_Dupli,complete,"704 [A, B, E, C, D, F, G, H, I]"
7462,7462,B,artificial,D_Dupli,complete,"704 [A, B, E, C, D, F, G, H, I]"
7463,7463,A,artificial,A,complete,"704 [A, B, E, C, D, F, G, H, I]"
7464,7464,H,artificial,H,complete,"704 [A, B, E, C, D, F, G, H, I]"
7465,7465,I,artificial,I,complete,"704 [A, B, E, C, D, F, G, H, I]"
7466,7466,F,artificial,F,complete,"704 [A, B, E, C, D, F, G, H, I]"
7467,7467,G,artificial,G,complete,"704 [A, B, E, C, D, F, G, H, I]"
7468,7468,B,artificial,D_Dupli,complete,"705 [A, B, E, D, C, F, G, H, I]"
7469,7469,E,artificial,D_Dupli,complete,"705 [A, B, E, D, C, F, G, H, I]"
7470,7470,C,artificial,D_Dupli,complete,"705 [A, B, E, D, C, F, G, H, I]"
7471,7471,F,artificial,F,complete,"705 [A, B, E, D, C, F, G, H, I]"
7472,7472,G,artificial,G,complete,"705 [A, B, E, D, C, F, G, H, I]"
7473,7473,H,artificial,H,complete,"705 [A, B, E, D, C, F, G, H, I]"
7474,7474,I,artificial,I,complete,"705 [A, B, E, D, C, F, G, H, I]"
7475,7475,A,artificial,A,complete,"705 [A, B, E, D, C, F, G, H, I]"
7476,7476,D,artificial,D_Dupli,complete,"705 [A, B, E, D, C, F, G, H, I]"
7477,7477,B,artificial,D_Dupli,complete,"706 [B, A, C, D, E, F, G, I, H]"
7478,7478,C,artificial,D_Dupli,complete,"706 [B, A, C, D, E, F, G, I, H]"
7479,7479,D,artificial,D_Dupli,complete,"706 [B, A, C, D, E, F, G, I, H]"
7480,7480,E,artificial,D_Dupli,complete,"706 [B, A, C, D, E, F, G, I, H]"
7481,7481,F,artificial,F,complete,"706 [B, A, C, D, E, F, G, I, H]"
7482,7482,G,artificial,G,complete,"706 [B, A, C, D, E, F, G, I, H]"
7483,7483,I,artificial,I,complete,"706 [B, A, C, D, E, F, G, I, H]"
7484,7484,A,artificial,A,complete,"706 [B, A, C, D, E, F, G, I, H]"
7485,7485,H,artificial,H,complete,"706 [B, A, C, D, E, F, G, I, H]"
7486,7486,A,artificial,A,complete,"707 [B, A, C, E, D, F, G, H, I]"
7487,7487,C,artificial,D_Dupli,complete,"707 [B, A, C, E, D, F, G, H, I]"
7488,7488,E,artificial,D_Dupli,complete,"707 [B, A, C, E, D, F, G, H, I]"
7489,7489,D,artificial,D_Dupli,complete,"707 [B, A, C, E, D, F, G, H, I]"
7490,7490,F,artificial,F,complete,"707 [B, A, C, E, D, F, G, H, I]"
7491,7491,G,artificial,G,complete,"707 [B, A, C, E, D, F, G, H, I]"
7492,7492,B,artificial,D_Dupli,complete,"707 [B, A, C, E, D, F, G, H, I]"
7493,7493,H,artificial,H,complete,"707 [B, A, C, E, D, F, G, H, I]"
7494,7494,I,artificial,I,complete,"707 [B, A, C, E, D, F, G, H, I]"
7495,7495,A,artificial,A,complete,"708 [B, A, C, D, E, F, G, H, I]"
7496,7496,B,artificial,D_Dupli,complete,"708 [B, A, C, D, E, F, G, H, I]"
7497,7497,I,artificial,I,complete,"708 [B, A, C, D, E, F, G, H, I]"
7498,7498,H,artificial,H,complete,"708 [B, A, C, D, E, F, G, H, I]"
7499,7499,F,artificial,F,complete,"708 [B, A, C, D, E, F, G, H, I]"
7500,7500,E,artificial,D_Dupli,complete,"708 [B, A, C, D, E, F, G, H, I]"
7501,7501,D,artificial,D_Dupli,complete,"708 [B, A, C, D, E, F, G, H, I]"
7502,7502,C,artificial,D_Dupli,complete,"708 [B, A, C, D, E, F, G, H, I]"
7503,7503,G,artificial,G,complete,"708 [B, A, C, D, E, F, G, H, I]"
7504,7504,B,artificial,D_Dupli,complete,"709 [B, A, E, D, C, F, G, I, H]"
7505,7505,E,artificial,D_Dupli,complete,"709 [B, A, E, D, C, F, G, I, H]"
7506,7506,C,artificial,D_Dupli,complete,"709 [B, A, E, D, C, F, G, I, H]"
7507,7507,F,artificial,F,complete,"709 [B, A, E, D, C, F, G, I, H]"
7508,7508,G,artificial,G,complete,"709 [B, A, E, D, C, F, G, I, H]"
7509,7509,I,artificial,I,complete,"709 [B, A, E, D, C, F, G, I, H]"
7510,7510,H,artificial,H,complete,"709 [B, A, E, D, C, F, G, I, H]"
7511,7511,A,artificial,A,complete,"709 [B, A, E, D, C, F, G, I, H]"
7512,7512,D,artificial,D_Dupli,complete,"709 [B, A, E, D, C, F, G, I, H]"
7513,7513,A,artificial,A,complete,"71 [B, A, D, E, C, F, G, I, H]"
7514,7514,B,artificial,D_Dupli,complete,"71 [B, A, D, E, C, F, G, I, H]"
7515,7515,I,artificial,I,complete,"71 [B, A, D, E, C, F, G, I, H]"
7516,7516,G,artificial,G,complete,"71 [B, A, D, E, C, F, G, I, H]"
7517,7517,F,artificial,F,complete,"71 [B, A, D, E, C, F, G, I, H]"
7518,7518,H,artificial,H,complete,"71 [B, A, D, E, C, F, G, I, H]"
7519,7519,C,artificial,D_Dupli,complete,"71 [B, A, D, E, C, F, G, I, H]"
7520,7520,E,artificial,D_Dupli,complete,"71 [B, A, D, E, C, F, G, I, H]"
7521,7521,D,artificial,D_Dupli,complete,"71 [B, A, D, E, C, F, G, I, H]"
7522,7522,A,artificial,A,complete,"710 [B, A, C, D, E, F, G, H, I]"
7523,7523,H,artificial,H,complete,"710 [B, A, C, D, E, F, G, H, I]"
7524,7524,G,artificial,G,complete,"710 [B, A, C, D, E, F, G, H, I]"
7525,7525,E,artificial,D_Dupli,complete,"710 [B, A, C, D, E, F, G, H, I]"
7526,7526,D,artificial,D_Dupli,complete,"710 [B, A, C, D, E, F, G, H, I]"
7527,7527,C,artificial,D_Dupli,complete,"710 [B, A, C, D, E, F, G, H, I]"
7528,7528,I,artificial,I,complete,"710 [B, A, C, D, E, F, G, H, I]"
7529,7529,B,artificial,D_Dupli,complete,"710 [B, A, C, D, E, F, G, H, I]"
7530,7530,F,artificial,F,complete,"710 [B, A, C, D, E, F, G, H, I]"
7531,7531,F,artificial,F,complete,"711 [A, B, E, C, D, F, G, H, I]"
7532,7532,H,artificial,H,complete,"711 [A, B, E, C, D, F, G, H, I]"
7533,7533,G,artificial,G,complete,"711 [A, B, E, C, D, F, G, H, I]"
7534,7534,D,artificial,D_Dupli,complete,"711 [A, B, E, C, D, F, G, H, I]"
7535,7535,C,artificial,D_Dupli,complete,"711 [A, B, E, C, D, F, G, H, I]"
7536,7536,E,artificial,D_Dupli,complete,"711 [A, B, E, C, D, F, G, H, I]"
7537,7537,B,artificial,D_Dupli,complete,"711 [A, B, E, C, D, F, G, H, I]"
7538,7538,I,artificial,I,complete,"711 [A, B, E, C, D, F, G, H, I]"
7539,7539,A,artificial,A,complete,"711 [A, B, E, C, D, F, G, H, I]"
7540,7540,D,artificial,D_Dupli,complete,"712 [A, B, C, D, E, F, G, I, H]"
7541,7541,E,artificial,D_Dupli,complete,"712 [A, B, C, D, E, F, G, I, H]"
7542,7542,F,artificial,F,complete,"712 [A, B, C, D, E, F, G, I, H]"
7543,7543,G,artificial,G,complete,"712 [A, B, C, D, E, F, G, I, H]"
7544,7544,B,artificial,D_Dupli,complete,"712 [A, B, C, D, E, F, G, I, H]"
7545,7545,I,artificial,I,complete,"712 [A, B, C, D, E, F, G, I, H]"
7546,7546,H,artificial,H,complete,"712 [A, B, C, D, E, F, G, I, H]"
7547,7547,C,artificial,D_Dupli,complete,"712 [A, B, C, D, E, F, G, I, H]"
7548,7548,A,artificial,A,complete,"712 [A, B, C, D, E, F, G, I, H]"
7549,7549,F,artificial,F,complete,"713 [B, A, D, C, E, F, G, I, H, M, O, N, F, G, I, H]"
7550,7550,E,artificial,D_Dupli,complete,"713 [B, A, D, C, E, F, G, I, H, M, O, N, F, G, I, H]"
7551,7551,G,artificial,G,complete,"713 [B, A, D, C, E, F, G, I, H, M, O, N, F, G, I, H]"
7552,7552,I,artificial,I,complete,"713 [B, A, D, C, E, F, G, I, H, M, O, N, F, G, I, H]"
7553,7553,F,artificial,F,complete,"713 [B, A, D, C, E, F, G, I, H, M, O, N, F, G, I, H]"
7554,7554,H,artificial,H,complete,"713 [B, A, D, C, E, F, G, I, H, M, O, N, F, G, I, H]"
7555,7555,O,artificial,O,complete,"713 [B, A, D, C, E, F, G, I, H, M, O, N, F, G, I, H]"
7556,7556,N,artificial,N,complete,"713 [B, A, D, C, E, F, G, I, H, M, O, N, F, G, I, H]"
7557,7557,G,artificial,G,complete,"713 [B, A, D, C, E, F, G, I, H, M, O, N, F, G, I, H]"
7558,7558,C,artificial,D_Dupli,complete,"713 [B, A, D, C, E, F, G, I, H, M, O, N, F, G, I, H]"
7559,7559,M,artificial,M,complete,"713 [B, A, D, C, E, F, G, I, H, M, O, N, F, G, I, H]"
7560,7560,A,artificial,A,complete,"713 [B, A, D, C, E, F, G, I, H, M, O, N, F, G, I, H]"
7561,7561,B,artificial,D_Dupli,complete,"713 [B, A, D, C, E, F, G, I, H, M, O, N, F, G, I, H]"
7562,7562,I,artificial,I,complete,"713 [B, A, D, C, E, F, G, I, H, M, O, N, F, G, I, H]"
7563,7563,D,artificial,D_Dupli,complete,"713 [B, A, D, C, E, F, G, I, H, M, O, N, F, G, I, H]"
7564,7564,H,artificial,H,complete,"713 [B, A, D, C, E, F, G, I, H, M, O, N, F, G, I, H]"
7565,7565,C,artificial,D_Dupli,complete,"714 [A, B, C, D, E, F, G, I, H]"
7566,7566,D,artificial,D_Dupli,complete,"714 [A, B, C, D, E, F, G, I, H]"
7567,7567,E,artificial,D_Dupli,complete,"714 [A, B, C, D, E, F, G, I, H]"
7568,7568,B,artificial,D_Dupli,complete,"714 [A, B, C, D, E, F, G, I, H]"
7569,7569,F,artificial,F,complete,"714 [A, B, C, D, E, F, G, I, H]"
7570,7570,G,artificial,G,complete,"714 [A, B, C, D, E, F, G, I, H]"
7571,7571,I,artificial,I,complete,"714 [A, B, C, D, E, F, G, I, H]"
7572,7572,H,artificial,H,complete,"714 [A, B, C, D, E, F, G, I, H]"
7573,7573,A,artificial,A,complete,"714 [A, B, C, D, E, F, G, I, H]"
7574,7574,C,artificial,D_Dupli,complete,"715 [B, A, E, D, C, F, G, I, H]"
7575,7575,B,artificial,D_Dupli,complete,"715 [B, A, E, D, C, F, G, I, H]"
7576,7576,A,artificial,A,complete,"715 [B, A, E, D, C, F, G, I, H]"
7577,7577,E,artificial,D_Dupli,complete,"715 [B, A, E, D, C, F, G, I, H]"
7578,7578,D,artificial,D_Dupli,complete,"715 [B, A, E, D, C, F, G, I, H]"
7579,7579,H,artificial,H,complete,"715 [B, A, E, D, C, F, G, I, H]"
7580,7580,F,artificial,F,complete,"715 [B, A, E, D, C, F, G, I, H]"
7581,7581,G,artificial,G,complete,"715 [B, A, E, D, C, F, G, I, H]"
7582,7582,I,artificial,I,complete,"715 [B, A, E, D, C, F, G, I, H]"
7583,7583,F,artificial,F,complete,"716 [B, A, C, D, E, F, G, H, I]"
7584,7584,E,artificial,D_Dupli,complete,"716 [B, A, C, D, E, F, G, H, I]"
7585,7585,D,artificial,D_Dupli,complete,"716 [B, A, C, D, E, F, G, H, I]"
7586,7586,C,artificial,D_Dupli,complete,"716 [B, A, C, D, E, F, G, H, I]"
7587,7587,A,artificial,A,complete,"716 [B, A, C, D, E, F, G, H, I]"
7588,7588,I,artificial,I,complete,"716 [B, A, C, D, E, F, G, H, I]"
7589,7589,B,artificial,D_Dupli,complete,"716 [B, A, C, D, E, F, G, H, I]"
7590,7590,G,artificial,G,complete,"716 [B, A, C, D, E, F, G, H, I]"
7591,7591,H,artificial,H,complete,"716 [B, A, C, D, E, F, G, H, I]"
7592,7592,A,artificial,A,complete,"717 [B, A, D, C, E, F, G, I, H]"
7593,7593,D,artificial,D_Dupli,complete,"717 [B, A, D, C, E, F, G, I, H]"
7594,7594,C,artificial,D_Dupli,complete,"717 [B, A, D, C, E, F, G, I, H]"
7595,7595,E,artificial,D_Dupli,complete,"717 [B, A, D, C, E, F, G, I, H]"
7596,7596,F,artificial,F,complete,"717 [B, A, D, C, E, F, G, I, H]"
7597,7597,G,artificial,G,complete,"717 [B, A, D, C, E, F, G, I, H]"
7598,7598,B,artificial,D_Dupli,complete,"717 [B, A, D, C, E, F, G, I, H]"
7599,7599,I,artificial,I,complete,"717 [B, A, D, C, E, F, G, I, H]"
7600,7600,H,artificial,H,complete,"717 [B, A, D, C, E, F, G, I, H]"
7601,7601,B,artificial,D_Dupli,complete,"718 [A, B, D, E, C, F, G, I, H]"
7602,7602,D,artificial,D_Dupli,complete,"718 [A, B, D, E, C, F, G, I, H]"
7603,7603,E,artificial,D_Dupli,complete,"718 [A, B, D, E, C, F, G, I, H]"
7604,7604,C,artificial,D_Dupli,complete,"718 [A, B, D, E, C, F, G, I, H]"
7605,7605,F,artificial,F,complete,"718 [A, B, D, E, C, F, G, I, H]"
7606,7606,I,artificial,I,complete,"718 [A, B, D, E, C, F, G, I, H]"
7607,7607,H,artificial,H,complete,"718 [A, B, D, E, C, F, G, I, H]"
7608,7608,G,artificial,G,complete,"718 [A, B, D, E, C, F, G, I, H]"
7609,7609,A,artificial,A,complete,"718 [A, B, D, E, C, F, G, I, H]"
7610,7610,H,artificial,H,complete,"719 [B, A, D, C, E, F, G, H, I, O, M, N, F, G, H, I]"
7611,7611,G,artificial,G,complete,"719 [B, A, D, C, E, F, G, H, I, O, M, N, F, G, H, I]"
7612,7612,F,artificial,F,complete,"719 [B, A, D, C, E, F, G, H, I, O, M, N, F, G, H, I]"
7613,7613,E,artificial,D_Dupli,complete,"719 [B, A, D, C, E, F, G, H, I, O, M, N, F, G, H, I]"
7614,7614,C,artificial,D_Dupli,complete,"719 [B, A, D, C, E, F, G, H, I, O, M, N, F, G, H, I]"
7615,7615,D,artificial,D_Dupli,complete,"719 [B, A, D, C, E, F, G, H, I, O, M, N, F, G, H, I]"
7616,7616,A,artificial,A,complete,"719 [B, A, D, C, E, F, G, H, I, O, M, N, F, G, H, I]"
7617,7617,B,artificial,D_Dupli,complete,"719 [B, A, D, C, E, F, G, H, I, O, M, N, F, G, H, I]"
7618,7618,H,artificial,H,complete,"719 [B, A, D, C, E, F, G, H, I, O, M, N, F, G, H, I]"
7619,7619,O,artificial,O,complete,"719 [B, A, D, C, E, F, G, H, I, O, M, N, F, G, H, I]"
7620,7620,G,artificial,G,complete,"719 [B, A, D, C, E, F, G, H, I, O, M, N, F, G, H, I]"
7621,7621,F,artificial,F,complete,"719 [B, A, D, C, E, F, G, H, I, O, M, N, F, G, H, I]"
7622,7622,N,artificial,N,complete,"719 [B, A, D, C, E, F, G, H, I, O, M, N, F, G, H, I]"
7623,7623,M,artificial,M,complete,"719 [B, A, D, C, E, F, G, H, I, O, M, N, F, G, H, I]"
7624,7624,I,artificial,I,complete,"719 [B, A, D, C, E, F, G, H, I, O, M, N, F, G, H, I]"
7625,7625,I,artificial,I,complete,"719 [B, A, D, C, E, F, G, H, I, O, M, N, F, G, H, I]"
7626,7626,B,artificial,D_Dupli,complete,"72 [B, A, D, C, E, F, G, I, H]"
7627,7627,G,artificial,G,complete,"72 [B, A, D, C, E, F, G, I, H]"
7628,7628,H,artificial,H,complete,"72 [B, A, D, C, E, F, G, I, H]"
7629,7629,A,artificial,A,complete,"72 [B, A, D, C, E, F, G, I, H]"
7630,7630,D,artificial,D_Dupli,complete,"72 [B, A, D, C, E, F, G, I, H]"
7631,7631,I,artificial,I,complete,"72 [B, A, D, C, E, F, G, I, H]"
7632,7632,E,artificial,D_Dupli,complete,"72 [B, A, D, C, E, F, G, I, H]"
7633,7633,F,artificial,F,complete,"72 [B, A, D, C, E, F, G, I, H]"
7634,7634,C,artificial,D_Dupli,complete,"72 [B, A, D, C, E, F, G, I, H]"
7635,7635,I,artificial,I,complete,"720 [A, B, D, C, E, F, G, I, H, O, M, N, F, G, H, I, J, K, F, G, H, I]"
7636,7636,H,artificial,H,complete,"720 [A, B, D, C, E, F, G, I, H, O, M, N, F, G, H, I, J, K, F, G, H, I]"
7637,7637,G,artificial,G,complete,"720 [A, B, D, C, E, F, G, I, H, O, M, N, F, G, H, I, J, K, F, G, H, I]"
7638,7638,F,artificial,F,complete,"720 [A, B, D, C, E, F, G, I, H, O, M, N, F, G, H, I, J, K, F, G, H, I]"
7639,7639,K,artificial,K,complete,"720 [A, B, D, C, E, F, G, I, H, O, M, N, F, G, H, I, J, K, F, G, H, I]"
7640,7640,J,artificial,J,complete,"720 [A, B, D, C, E, F, G, I, H, O, M, N, F, G, H, I, J, K, F, G, H, I]"
7641,7641,I,artificial,I,complete,"720 [A, B, D, C, E, F, G, I, H, O, M, N, F, G, H, I, J, K, F, G, H, I]"
7642,7642,H,artificial,H,complete,"720 [A, B, D, C, E, F, G, I, H, O, M, N, F, G, H, I, J, K, F, G, H, I]"
7643,7643,G,artificial,G,complete,"720 [A, B, D, C, E, F, G, I, H, O, M, N, F, G, H, I, J, K, F, G, H, I]"
7644,7644,N,artificial,N,complete,"720 [A, B, D, C, E, F, G, I, H, O, M, N, F, G, H, I, J, K, F, G, H, I]"
7645,7645,M,artificial,M,complete,"720 [A, B, D, C, E, F, G, I, H, O, M, N, F, G, H, I, J, K, F, G, H, I]"
7646,7646,H,artificial,H,complete,"720 [A, B, D, C, E, F, G, I, H, O, M, N, F, G, H, I, J, K, F, G, H, I]"
7647,7647,I,artificial,I,complete,"720 [A, B, D, C, E, F, G, I, H, O, M, N, F, G, H, I, J, K, F, G, H, I]"
7648,7648,G,artificial,G,complete,"720 [A, B, D, C, E, F, G, I, H, O, M, N, F, G, H, I, J, K, F, G, H, I]"
7649,7649,F,artificial,F,complete,"720 [A, B, D, C, E, F, G, I, H, O, M, N, F, G, H, I, J, K, F, G, H, I]"
7650,7650,E,artificial,D_Dupli,complete,"720 [A, B, D, C, E, F, G, I, H, O, M, N, F, G, H, I, J, K, F, G, H, I]"
7651,7651,C,artificial,D_Dupli,complete,"720 [A, B, D, C, E, F, G, I, H, O, M, N, F, G, H, I, J, K, F, G, H, I]"
7652,7652,D,artificial,D_Dupli,complete,"720 [A, B, D, C, E, F, G, I, H, O, M, N, F, G, H, I, J, K, F, G, H, I]"
7653,7653,A,artificial,A,complete,"720 [A, B, D, C, E, F, G, I, H, O, M, N, F, G, H, I, J, K, F, G, H, I]"
7654,7654,F,artificial,F,complete,"720 [A, B, D, C, E, F, G, I, H, O, M, N, F, G, H, I, J, K, F, G, H, I]"
7655,7655,O,artificial,O,complete,"720 [A, B, D, C, E, F, G, I, H, O, M, N, F, G, H, I, J, K, F, G, H, I]"
7656,7656,B,artificial,D_Dupli,complete,"720 [A, B, D, C, E, F, G, I, H, O, M, N, F, G, H, I, J, K, F, G, H, I]"
7657,7657,I,artificial,I,complete,"721 [A, B, D, E, C, F, G, H, I]"
7658,7658,A,artificial,A,complete,"721 [A, B, D, E, C, F, G, H, I]"
7659,7659,B,artificial,D_Dupli,complete,"721 [A, B, D, E, C, F, G, H, I]"
7660,7660,D,artificial,D_Dupli,complete,"721 [A, B, D, E, C, F, G, H, I]"
7661,7661,E,artificial,D_Dupli,complete,"721 [A, B, D, E, C, F, G, H, I]"
7662,7662,C,artificial,D_Dupli,complete,"721 [A, B, D, E, C, F, G, H, I]"
7663,7663,F,artificial,F,complete,"721 [A, B, D, E, C, F, G, H, I]"
7664,7664,G,artificial,G,complete,"721 [A, B, D, E, C, F, G, H, I]"
7665,7665,H,artificial,H,complete,"721 [A, B, D, E, C, F, G, H, I]"
7666,7666,G,artificial,G,complete,"722 [A, B, E, C, D, F, G, I, H]"
7667,7667,H,artificial,H,complete,"722 [A, B, E, C, D, F, G, I, H]"
7668,7668,D,artificial,D_Dupli,complete,"722 [A, B, E, C, D, F, G, I, H]"
7669,7669,C,artificial,D_Dupli,complete,"722 [A, B, E, C, D, F, G, I, H]"
7670,7670,F,artificial,F,complete,"722 [A, B, E, C, D, F, G, I, H]"
7671,7671,B,artificial,D_Dupli,complete,"722 [A, B, E, C, D, F, G, I, H]"
7672,7672,A,artificial,A,complete,"722 [A, B, E, C, D, F, G, I, H]"
7673,7673,I,artificial,I,complete,"722 [A, B, E, C, D, F, G, I, H]"
7674,7674,E,artificial,D_Dupli,complete,"722 [A, B, E, C, D, F, G, I, H]"
7675,7675,I,artificial,I,complete,"723 [A, B, C, D, E, F, G, H, I]"
7676,7676,B,artificial,D_Dupli,complete,"723 [A, B, C, D, E, F, G, H, I]"
7677,7677,H,artificial,H,complete,"723 [A, B, C, D, E, F, G, H, I]"
7678,7678,A,artificial,A,complete,"723 [A, B, C, D, E, F, G, H, I]"
7679,7679,F,artificial,F,complete,"723 [A, B, C, D, E, F, G, H, I]"
7680,7680,E,artificial,D_Dupli,complete,"723 [A, B, C, D, E, F, G, H, I]"
7681,7681,D,artificial,D_Dupli,complete,"723 [A, B, C, D, E, F, G, H, I]"
7682,7682,C,artificial,D_Dupli,complete,"723 [A, B, C, D, E, F, G, H, I]"
7683,7683,G,artificial,G,complete,"723 [A, B, C, D, E, F, G, H, I]"
7684,7684,N,artificial,N,complete,"724 [B, A, D, E, C, F, G, I, H, O, N, M, F, G, H, I]"
7685,7685,I,artificial,I,complete,"724 [B, A, D, E, C, F, G, I, H, O, N, M, F, G, H, I]"
7686,7686,G,artificial,G,complete,"724 [B, A, D, E, C, F, G, I, H, O, N, M, F, G, H, I]"
7687,7687,F,artificial,F,complete,"724 [B, A, D, E, C, F, G, I, H, O, N, M, F, G, H, I]"
7688,7688,M,artificial,M,complete,"724 [B, A, D, E, C, F, G, I, H, O, N, M, F, G, H, I]"
7689,7689,O,artificial,O,complete,"724 [B, A, D, E, C, F, G, I, H, O, N, M, F, G, H, I]"
7690,7690,H,artificial,H,complete,"724 [B, A, D, E, C, F, G, I, H, O, N, M, F, G, H, I]"
7691,7691,I,artificial,I,complete,"724 [B, A, D, E, C, F, G, I, H, O, N, M, F, G, H, I]"
7692,7692,G,artificial,G,complete,"724 [B, A, D, E, C, F, G, I, H, O, N, M, F, G, H, I]"
7693,7693,F,artificial,F,complete,"724 [B, A, D, E, C, F, G, I, H, O, N, M, F, G, H, I]"
7694,7694,C,artificial,D_Dupli,complete,"724 [B, A, D, E, C, F, G, I, H, O, N, M, F, G, H, I]"
7695,7695,E,artificial,D_Dupli,complete,"724 [B, A, D, E, C, F, G, I, H, O, N, M, F, G, H, I]"
7696,7696,B,artificial,D_Dupli,complete,"724 [B, A, D, E, C, F, G, I, H, O, N, M, F, G, H, I]"
7697,7697,D,artificial,D_Dupli,complete,"724 [B, A, D, E, C, F, G, I, H, O, N, M, F, G, H, I]"
7698,7698,A,artificial,A,complete,"724 [B, A, D, E, C, F, G, I, H, O, N, M, F, G, H, I]"
7699,7699,H,artificial,H,complete,"724 [B, A, D, E, C, F, G, I, H, O, N, M, F, G, H, I]"
7700,7700,I,artificial,I,complete,"725 [B, A, D, E, C, F, G, H, I]"
7701,7701,H,artificial,H,complete,"725 [B, A, D, E, C, F, G, H, I]"
7702,7702,G,artificial,G,complete,"725 [B, A, D, E, C, F, G, H, I]"
7703,7703,E,artificial,D_Dupli,complete,"725 [B, A, D, E, C, F, G, H, I]"
7704,7704,C,artificial,D_Dupli,complete,"725 [B, A, D, E, C, F, G, H, I]"
7705,7705,D,artificial,D_Dupli,complete,"725 [B, A, D, E, C, F, G, H, I]"
7706,7706,A,artificial,A,complete,"725 [B, A, D, E, C, F, G, H, I]"
7707,7707,B,artificial,D_Dupli,complete,"725 [B, A, D, E, C, F, G, H, I]"
7708,7708,F,artificial,F,complete,"725 [B, A, D, E, C, F, G, H, I]"
7709,7709,H,artificial,H,complete,"726 [A, B, C, D, E, F, G, I, H]"
7710,7710,I,artificial,I,complete,"726 [A, B, C, D, E, F, G, I, H]"
7711,7711,F,artificial,F,complete,"726 [A, B, C, D, E, F, G, I, H]"
7712,7712,G,artificial,G,complete,"726 [A, B, C, D, E, F, G, I, H]"
7713,7713,D,artificial,D_Dupli,complete,"726 [A, B, C, D, E, F, G, I, H]"
7714,7714,C,artificial,D_Dupli,complete,"726 [A, B, C, D, E, F, G, I, H]"
7715,7715,B,artificial,D_Dupli,complete,"726 [A, B, C, D, E, F, G, I, H]"
7716,7716,A,artificial,A,complete,"726 [A, B, C, D, E, F, G, I, H]"
7717,7717,E,artificial,D_Dupli,complete,"726 [A, B, C, D, E, F, G, I, H]"
7718,7718,H,artificial,H,complete,"727 [A, B, E, D, C, F, G, H, I]"
7719,7719,G,artificial,G,complete,"727 [A, B, E, D, C, F, G, H, I]"
7720,7720,F,artificial,F,complete,"727 [A, B, E, D, C, F, G, H, I]"
7721,7721,I,artificial,I,complete,"727 [A, B, E, D, C, F, G, H, I]"
7722,7722,D,artificial,D_Dupli,complete,"727 [A, B, E, D, C, F, G, H, I]"
7723,7723,E,artificial,D_Dupli,complete,"727 [A, B, E, D, C, F, G, H, I]"
7724,7724,B,artificial,D_Dupli,complete,"727 [A, B, E, D, C, F, G, H, I]"
7725,7725,A,artificial,A,complete,"727 [A, B, E, D, C, F, G, H, I]"
7726,7726,C,artificial,D_Dupli,complete,"727 [A, B, E, D, C, F, G, H, I]"
7727,7727,A,artificial,A,complete,"728 [A, B, D, E, C, F, G, H, I, J, K, F, G, H, I, N, O, M, F, G, I, H]"
7728,7728,D,artificial,D_Dupli,complete,"728 [A, B, D, E, C, F, G, H, I, J, K, F, G, H, I, N, O, M, F, G, I, H]"
7729,7729,J,artificial,J,complete,"728 [A, B, D, E, C, F, G, H, I, J, K, F, G, H, I, N, O, M, F, G, I, H]"
7730,7730,E,artificial,D_Dupli,complete,"728 [A, B, D, E, C, F, G, H, I, J, K, F, G, H, I, N, O, M, F, G, I, H]"
7731,7731,C,artificial,D_Dupli,complete,"728 [A, B, D, E, C, F, G, H, I, J, K, F, G, H, I, N, O, M, F, G, I, H]"
7732,7732,F,artificial,F,complete,"728 [A, B, D, E, C, F, G, H, I, J, K, F, G, H, I, N, O, M, F, G, I, H]"
7733,7733,G,artificial,G,complete,"728 [A, B, D, E, C, F, G, H, I, J, K, F, G, H, I, N, O, M, F, G, I, H]"
7734,7734,H,artificial,H,complete,"728 [A, B, D, E, C, F, G, H, I, J, K, F, G, H, I, N, O, M, F, G, I, H]"
7735,7735,I,artificial,I,complete,"728 [A, B, D, E, C, F, G, H, I, J, K, F, G, H, I, N, O, M, F, G, I, H]"
7736,7736,K,artificial,K,complete,"728 [A, B, D, E, C, F, G, H, I, J, K, F, G, H, I, N, O, M, F, G, I, H]"
7737,7737,B,artificial,D_Dupli,complete,"728 [A, B, D, E, C, F, G, H, I, J, K, F, G, H, I, N, O, M, F, G, I, H]"
7738,7738,G,artificial,G,complete,"728 [A, B, D, E, C, F, G, H, I, J, K, F, G, H, I, N, O, M, F, G, I, H]"
7739,7739,F,artificial,F,complete,"728 [A, B, D, E, C, F, G, H, I, J, K, F, G, H, I, N, O, M, F, G, I, H]"
7740,7740,H,artificial,H,complete,"728 [A, B, D, E, C, F, G, H, I, J, K, F, G, H, I, N, O, M, F, G, I, H]"
7741,7741,G,artificial,G,complete,"728 [A, B, D, E, C, F, G, H, I, J, K, F, G, H, I, N, O, M, F, G, I, H]"
7742,7742,F,artificial,F,complete,"728 [A, B, D, E, C, F, G, H, I, J, K, F, G, H, I, N, O, M, F, G, I, H]"
7743,7743,I,artificial,I,complete,"728 [A, B, D, E, C, F, G, H, I, J, K, F, G, H, I, N, O, M, F, G, I, H]"
7744,7744,O,artificial,O,complete,"728 [A, B, D, E, C, F, G, H, I, J, K, F, G, H, I, N, O, M, F, G, I, H]"
7745,7745,H,artificial,H,complete,"728 [A, B, D, E, C, F, G, H, I, J, K, F, G, H, I, N, O, M, F, G, I, H]"
7746,7746,M,artificial,M,complete,"728 [A, B, D, E, C, F, G, H, I, J, K, F, G, H, I, N, O, M, F, G, I, H]"
7747,7747,N,artificial,N,complete,"728 [A, B, D, E, C, F, G, H, I, J, K, F, G, H, I, N, O, M, F, G, I, H]"
7748,7748,I,artificial,I,complete,"728 [A, B, D, E, C, F, G, H, I, J, K, F, G, H, I, N, O, M, F, G, I, H]"
7749,7749,B,artificial,D_Dupli,complete,"729 [B, A, D, C, E, F, G, I, H, J, K, F, G, H, I]"
7750,7750,I,artificial,I,complete,"729 [B, A, D, C, E, F, G, I, H, J, K, F, G, H, I]"
7751,7751,H,artificial,H,complete,"729 [B, A, D, C, E, F, G, I, H, J, K, F, G, H, I]"
7752,7752,K,artificial,K,complete,"729 [B, A, D, C, E, F, G, I, H, J, K, F, G, H, I]"
7753,7753,J,artificial,J,complete,"729 [B, A, D, C, E, F, G, I, H, J, K, F, G, H, I]"
7754,7754,H,artificial,H,complete,"729 [B, A, D, C, E, F, G, I, H, J, K, F, G, H, I]"
7755,7755,G,artificial,G,complete,"729 [B, A, D, C, E, F, G, I, H, J, K, F, G, H, I]"
7756,7756,G,artificial,G,complete,"729 [B, A, D, C, E, F, G, I, H, J, K, F, G, H, I]"
7757,7757,A,artificial,A,complete,"729 [B, A, D, C, E, F, G, I, H, J, K, F, G, H, I]"
7758,7758,I,artificial,I,complete,"729 [B, A, D, C, E, F, G, I, H, J, K, F, G, H, I]"
7759,7759,D,artificial,D_Dupli,complete,"729 [B, A, D, C, E, F, G, I, H, J, K, F, G, H, I]"
7760,7760,F,artificial,F,complete,"729 [B, A, D, C, E, F, G, I, H, J, K, F, G, H, I]"
7761,7761,E,artificial,D_Dupli,complete,"729 [B, A, D, C, E, F, G, I, H, J, K, F, G, H, I]"
7762,7762,F,artificial,F,complete,"729 [B, A, D, C, E, F, G, I, H, J, K, F, G, H, I]"
7763,7763,C,artificial,D_Dupli,complete,"729 [B, A, D, C, E, F, G, I, H, J, K, F, G, H, I]"
7764,7764,B,artificial,D_Dupli,complete,"73 [B, A, C, E, D, F, G, H, I]"
7765,7765,A,artificial,A,complete,"73 [B, A, C, E, D, F, G, H, I]"
7766,7766,I,artificial,I,complete,"73 [B, A, C, E, D, F, G, H, I]"
7767,7767,E,artificial,D_Dupli,complete,"73 [B, A, C, E, D, F, G, H, I]"
7768,7768,D,artificial,D_Dupli,complete,"73 [B, A, C, E, D, F, G, H, I]"
7769,7769,F,artificial,F,complete,"73 [B, A, C, E, D, F, G, H, I]"
7770,7770,G,artificial,G,complete,"73 [B, A, C, E, D, F, G, H, I]"
7771,7771,H,artificial,H,complete,"73 [B, A, C, E, D, F, G, H, I]"
7772,7772,C,artificial,D_Dupli,complete,"73 [B, A, C, E, D, F, G, H, I]"
7773,7773,I,artificial,I,complete,"730 [B, A, D, E, C, F, G, I, H]"
7774,7774,B,artificial,D_Dupli,complete,"730 [B, A, D, E, C, F, G, I, H]"
7775,7775,A,artificial,A,complete,"730 [B, A, D, E, C, F, G, I, H]"
7776,7776,D,artificial,D_Dupli,complete,"730 [B, A, D, E, C, F, G, I, H]"
7777,7777,E,artificial,D_Dupli,complete,"730 [B, A, D, E, C, F, G, I, H]"
7778,7778,C,artificial,D_Dupli,complete,"730 [B, A, D, E, C, F, G, I, H]"
7779,7779,F,artificial,F,complete,"730 [B, A, D, E, C, F, G, I, H]"
7780,7780,G,artificial,G,complete,"730 [B, A, D, E, C, F, G, I, H]"
7781,7781,H,artificial,H,complete,"730 [B, A, D, E, C, F, G, I, H]"
7782,7782,C,artificial,D_Dupli,complete,"731 [A, B, D, C, E, F, G, H, I]"
7783,7783,A,artificial,A,complete,"731 [A, B, D, C, E, F, G, H, I]"
7784,7784,D,artificial,D_Dupli,complete,"731 [A, B, D, C, E, F, G, H, I]"
7785,7785,B,artificial,D_Dupli,complete,"731 [A, B, D, C, E, F, G, H, I]"
7786,7786,I,artificial,I,complete,"731 [A, B, D, C, E, F, G, H, I]"
7787,7787,H,artificial,H,complete,"731 [A, B, D, C, E, F, G, H, I]"
7788,7788,G,artificial,G,complete,"731 [A, B, D, C, E, F, G, H, I]"
7789,7789,F,artificial,F,complete,"731 [A, B, D, C, E, F, G, H, I]"
7790,7790,E,artificial,D_Dupli,complete,"731 [A, B, D, C, E, F, G, H, I]"
7791,7791,G,artificial,G,complete,"732 [A, B, E, D, C, F, G, I, H]"
7792,7792,C,artificial,D_Dupli,complete,"732 [A, B, E, D, C, F, G, I, H]"
7793,7793,H,artificial,H,complete,"732 [A, B, E, D, C, F, G, I, H]"
7794,7794,D,artificial,D_Dupli,complete,"732 [A, B, E, D, C, F, G, I, H]"
7795,7795,E,artificial,D_Dupli,complete,"732 [A, B, E, D, C, F, G, I, H]"
7796,7796,B,artificial,D_Dupli,complete,"732 [A, B, E, D, C, F, G, I, H]"
7797,7797,A,artificial,A,complete,"732 [A, B, E, D, C, F, G, I, H]"
7798,7798,F,artificial,F,complete,"732 [A, B, E, D, C, F, G, I, H]"
7799,7799,I,artificial,I,complete,"732 [A, B, E, D, C, F, G, I, H]"
7800,7800,I,artificial,I,complete,"733 [B, A, D, E, C, F, G, H, I, J, K, L, J, K, L, J, K, F, G, H, I]"
7801,7801,H,artificial,H,complete,"733 [B, A, D, E, C, F, G, H, I, J, K, L, J, K, L, J, K, F, G, H, I]"
7802,7802,B,artificial,D_Dupli,complete,"733 [B, A, D, E, C, F, G, H, I, J, K, L, J, K, L, J, K, F, G, H, I]"
7803,7803,K,artificial,K,complete,"733 [B, A, D, E, C, F, G, H, I, J, K, L, J, K, L, J, K, F, G, H, I]"
7804,7804,J,artificial,J,complete,"733 [B, A, D, E, C, F, G, H, I, J, K, L, J, K, L, J, K, F, G, H, I]"
7805,7805,L,artificial,L,complete,"733 [B, A, D, E, C, F, G, H, I, J, K, L, J, K, L, J, K, F, G, H, I]"
7806,7806,K,artificial,K,complete,"733 [B, A, D, E, C, F, G, H, I, J, K, L, J, K, L, J, K, F, G, H, I]"
7807,7807,J,artificial,J,complete,"733 [B, A, D, E, C, F, G, H, I, J, K, L, J, K, L, J, K, F, G, H, I]"
7808,7808,L,artificial,L,complete,"733 [B, A, D, E, C, F, G, H, I, J, K, L, J, K, L, J, K, F, G, H, I]"
7809,7809,K,artificial,K,complete,"733 [B, A, D, E, C, F, G, H, I, J, K, L, J, K, L, J, K, F, G, H, I]"
7810,7810,J,artificial,J,complete,"733 [B, A, D, E, C, F, G, H, I, J, K, L, J, K, L, J, K, F, G, H, I]"
7811,7811,F,artificial,F,complete,"733 [B, A, D, E, C, F, G, H, I, J, K, L, J, K, L, J, K, F, G, H, I]"
7812,7812,H,artificial,H,complete,"733 [B, A, D, E, C, F, G, H, I, J, K, L, J, K, L, J, K, F, G, H, I]"
7813,7813,I,artificial,I,complete,"733 [B, A, D, E, C, F, G, H, I, J, K, L, J, K, L, J, K, F, G, H, I]"
7814,7814,A,artificial,A,complete,"733 [B, A, D, E, C, F, G, H, I, J, K, L, J, K, L, J, K, F, G, H, I]"
7815,7815,D,artificial,D_Dupli,complete,"733 [B, A, D, E, C, F, G, H, I, J, K, L, J, K, L, J, K, F, G, H, I]"
7816,7816,G,artificial,G,complete,"733 [B, A, D, E, C, F, G, H, I, J, K, L, J, K, L, J, K, F, G, H, I]"
7817,7817,C,artificial,D_Dupli,complete,"733 [B, A, D, E, C, F, G, H, I, J, K, L, J, K, L, J, K, F, G, H, I]"
7818,7818,F,artificial,F,complete,"733 [B, A, D, E, C, F, G, H, I, J, K, L, J, K, L, J, K, F, G, H, I]"
7819,7819,E,artificial,D_Dupli,complete,"733 [B, A, D, E, C, F, G, H, I, J, K, L, J, K, L, J, K, F, G, H, I]"
7820,7820,G,artificial,G,complete,"733 [B, A, D, E, C, F, G, H, I, J, K, L, J, K, L, J, K, F, G, H, I]"
7821,7821,H,artificial,H,complete,"734 [A, B, D, C, E, F, G, I, H]"
7822,7822,G,artificial,G,complete,"734 [A, B, D, C, E, F, G, I, H]"
7823,7823,F,artificial,F,complete,"734 [A, B, D, C, E, F, G, I, H]"
7824,7824,I,artificial,I,complete,"734 [A, B, D, C, E, F, G, I, H]"
7825,7825,D,artificial,D_Dupli,complete,"734 [A, B, D, C, E, F, G, I, H]"
7826,7826,B,artificial,D_Dupli,complete,"734 [A, B, D, C, E, F, G, I, H]"
7827,7827,A,artificial,A,complete,"734 [A, B, D, C, E, F, G, I, H]"
7828,7828,C,artificial,D_Dupli,complete,"734 [A, B, D, C, E, F, G, I, H]"
7829,7829,E,artificial,D_Dupli,complete,"734 [A, B, D, C, E, F, G, I, H]"
7830,7830,I,artificial,I,complete,"735 [B, A, D, E, C, F, G, H, I]"
7831,7831,B,artificial,D_Dupli,complete,"735 [B, A, D, E, C, F, G, H, I]"
7832,7832,A,artificial,A,complete,"735 [B, A, D, E, C, F, G, H, I]"
7833,7833,E,artificial,D_Dupli,complete,"735 [B, A, D, E, C, F, G, H, I]"
7834,7834,C,artificial,D_Dupli,complete,"735 [B, A, D, E, C, F, G, H, I]"
7835,7835,F,artificial,F,complete,"735 [B, A, D, E, C, F, G, H, I]"
7836,7836,G,artificial,G,complete,"735 [B, A, D, E, C, F, G, H, I]"
7837,7837,H,artificial,H,complete,"735 [B, A, D, E, C, F, G, H, I]"
7838,7838,D,artificial,D_Dupli,complete,"735 [B, A, D, E, C, F, G, H, I]"
7839,7839,I,artificial,I,complete,"736 [B, A, E, D, C, F, G, H, I, J, K, F, G, H, I]"
7840,7840,G,artificial,G,complete,"736 [B, A, E, D, C, F, G, H, I, J, K, F, G, H, I]"
7841,7841,F,artificial,F,complete,"736 [B, A, E, D, C, F, G, H, I, J, K, F, G, H, I]"
7842,7842,K,artificial,K,complete,"736 [B, A, E, D, C, F, G, H, I, J, K, F, G, H, I]"
7843,7843,J,artificial,J,complete,"736 [B, A, E, D, C, F, G, H, I, J, K, F, G, H, I]"
7844,7844,I,artificial,I,complete,"736 [B, A, E, D, C, F, G, H, I, J, K, F, G, H, I]"
7845,7845,H,artificial,H,complete,"736 [B, A, E, D, C, F, G, H, I, J, K, F, G, H, I]"
7846,7846,G,artificial,G,complete,"736 [B, A, E, D, C, F, G, H, I, J, K, F, G, H, I]"
7847,7847,F,artificial,F,complete,"736 [B, A, E, D, C, F, G, H, I, J, K, F, G, H, I]"
7848,7848,C,artificial,D_Dupli,complete,"736 [B, A, E, D, C, F, G, H, I, J, K, F, G, H, I]"
7849,7849,D,artificial,D_Dupli,complete,"736 [B, A, E, D, C, F, G, H, I, J, K, F, G, H, I]"
7850,7850,E,artificial,D_Dupli,complete,"736 [B, A, E, D, C, F, G, H, I, J, K, F, G, H, I]"
7851,7851,A,artificial,A,complete,"736 [B, A, E, D, C, F, G, H, I, J, K, F, G, H, I]"
7852,7852,B,artificial,D_Dupli,complete,"736 [B, A, E, D, C, F, G, H, I, J, K, F, G, H, I]"
7853,7853,H,artificial,H,complete,"736 [B, A, E, D, C, F, G, H, I, J, K, F, G, H, I]"
7854,7854,D,artificial,D_Dupli,complete,"737 [B, A, D, E, C, F, G, I, H, J, K, L, J, K, F, G, H, I]"
7855,7855,E,artificial,D_Dupli,complete,"737 [B, A, D, E, C, F, G, I, H, J, K, L, J, K, F, G, H, I]"
7856,7856,C,artificial,D_Dupli,complete,"737 [B, A, D, E, C, F, G, I, H, J, K, L, J, K, F, G, H, I]"
7857,7857,F,artificial,F,complete,"737 [B, A, D, E, C, F, G, I, H, J, K, L, J, K, F, G, H, I]"
7858,7858,G,artificial,G,complete,"737 [B, A, D, E, C, F, G, I, H, J, K, L, J, K, F, G, H, I]"
7859,7859,I,artificial,I,complete,"737 [B, A, D, E, C, F, G, I, H, J, K, L, J, K, F, G, H, I]"
7860,7860,H,artificial,H,complete,"737 [B, A, D, E, C, F, G, I, H, J, K, L, J, K, F, G, H, I]"
7861,7861,J,artificial,J,complete,"737 [B, A, D, E, C, F, G, I, H, J, K, L, J, K, F, G, H, I]"
7862,7862,K,artificial,K,complete,"737 [B, A, D, E, C, F, G, I, H, J, K, L, J, K, F, G, H, I]"
7863,7863,L,artificial,L,complete,"737 [B, A, D, E, C, F, G, I, H, J, K, L, J, K, F, G, H, I]"
7864,7864,J,artificial,J,complete,"737 [B, A, D, E, C, F, G, I, H, J, K, L, J, K, F, G, H, I]"
7865,7865,K,artificial,K,complete,"737 [B, A, D, E, C, F, G, I, H, J, K, L, J, K, F, G, H, I]"
7866,7866,F,artificial,F,complete,"737 [B, A, D, E, C, F, G, I, H, J, K, L, J, K, F, G, H, I]"
7867,7867,I,artificial,I,complete,"737 [B, A, D, E, C, F, G, I, H, J, K, L, J, K, F, G, H, I]"
7868,7868,H,artificial,H,complete,"737 [B, A, D, E, C, F, G, I, H, J, K, L, J, K, F, G, H, I]"
7869,7869,A,artificial,A,complete,"737 [B, A, D, E, C, F, G, I, H, J, K, L, J, K, F, G, H, I]"
7870,7870,G,artificial,G,complete,"737 [B, A, D, E, C, F, G, I, H, J, K, L, J, K, F, G, H, I]"
7871,7871,B,artificial,D_Dupli,complete,"737 [B, A, D, E, C, F, G, I, H, J, K, L, J, K, F, G, H, I]"
7872,7872,F,artificial,F,complete,"738 [A, B, E, D, C, F, G, H, I]"
7873,7873,A,artificial,A,complete,"738 [A, B, E, D, C, F, G, H, I]"
7874,7874,B,artificial,D_Dupli,complete,"738 [A, B, E, D, C, F, G, H, I]"
7875,7875,E,artificial,D_Dupli,complete,"738 [A, B, E, D, C, F, G, H, I]"
7876,7876,D,artificial,D_Dupli,complete,"738 [A, B, E, D, C, F, G, H, I]"
7877,7877,C,artificial,D_Dupli,complete,"738 [A, B, E, D, C, F, G, H, I]"
7878,7878,G,artificial,G,complete,"738 [A, B, E, D, C, F, G, H, I]"
7879,7879,H,artificial,H,complete,"738 [A, B, E, D, C, F, G, H, I]"
7880,7880,I,artificial,I,complete,"738 [A, B, E, D, C, F, G, H, I]"
7881,7881,B,artificial,D_Dupli,complete,"739 [B, A, C, D, E, F, G, H, I]"
7882,7882,A,artificial,A,complete,"739 [B, A, C, D, E, F, G, H, I]"
7883,7883,C,artificial,D_Dupli,complete,"739 [B, A, C, D, E, F, G, H, I]"
7884,7884,D,artificial,D_Dupli,complete,"739 [B, A, C, D, E, F, G, H, I]"
7885,7885,E,artificial,D_Dupli,complete,"739 [B, A, C, D, E, F, G, H, I]"
7886,7886,G,artificial,G,complete,"739 [B, A, C, D, E, F, G, H, I]"
7887,7887,F,artificial,F,complete,"739 [B, A, C, D, E, F, G, H, I]"
7888,7888,I,artificial,I,complete,"739 [B, A, C, D, E, F, G, H, I]"
7889,7889,H,artificial,H,complete,"739 [B, A, C, D, E, F, G, H, I]"
7890,7890,H,artificial,H,complete,"74 [A, B, E, C, D, F, G, H, I, O, M, N, F, G, I, H]"
7891,7891,E,artificial,D_Dupli,complete,"74 [A, B, E, C, D, F, G, H, I, O, M, N, F, G, I, H]"
7892,7892,C,artificial,D_Dupli,complete,"74 [A, B, E, C, D, F, G, H, I, O, M, N, F, G, I, H]"
7893,7893,D,artificial,D_Dupli,complete,"74 [A, B, E, C, D, F, G, H, I, O, M, N, F, G, I, H]"
7894,7894,F,artificial,F,complete,"74 [A, B, E, C, D, F, G, H, I, O, M, N, F, G, I, H]"
7895,7895,G,artificial,G,complete,"74 [A, B, E, C, D, F, G, H, I, O, M, N, F, G, I, H]"
7896,7896,I,artificial,I,complete,"74 [A, B, E, C, D, F, G, H, I, O, M, N, F, G, I, H]"
7897,7897,H,artificial,H,complete,"74 [A, B, E, C, D, F, G, H, I, O, M, N, F, G, I, H]"
7898,7898,O,artificial,O,complete,"74 [A, B, E, C, D, F, G, H, I, O, M, N, F, G, I, H]"
7899,7899,M,artificial,M,complete,"74 [A, B, E, C, D, F, G, H, I, O, M, N, F, G, I, H]"
7900,7900,N,artificial,N,complete,"74 [A, B, E, C, D, F, G, H, I, O, M, N, F, G, I, H]"
7901,7901,A,artificial,A,complete,"74 [A, B, E, C, D, F, G, H, I, O, M, N, F, G, I, H]"
7902,7902,F,artificial,F,complete,"74 [A, B, E, C, D, F, G, H, I, O, M, N, F, G, I, H]"
7903,7903,G,artificial,G,complete,"74 [A, B, E, C, D, F, G, H, I, O, M, N, F, G, I, H]"
7904,7904,I,artificial,I,complete,"74 [A, B, E, C, D, F, G, H, I, O, M, N, F, G, I, H]"
7905,7905,B,artificial,D_Dupli,complete,"74 [A, B, E, C, D, F, G, H, I, O, M, N, F, G, I, H]"
7906,7906,C,artificial,D_Dupli,complete,"740 [B, A, C, E, D, F, G, I, H]"
7907,7907,B,artificial,D_Dupli,complete,"740 [B, A, C, E, D, F, G, I, H]"
7908,7908,A,artificial,A,complete,"740 [B, A, C, E, D, F, G, I, H]"
7909,7909,E,artificial,D_Dupli,complete,"740 [B, A, C, E, D, F, G, I, H]"
7910,7910,D,artificial,D_Dupli,complete,"740 [B, A, C, E, D, F, G, I, H]"
7911,7911,F,artificial,F,complete,"740 [B, A, C, E, D, F, G, I, H]"
7912,7912,G,artificial,G,complete,"740 [B, A, C, E, D, F, G, I, H]"
7913,7913,I,artificial,I,complete,"740 [B, A, C, E, D, F, G, I, H]"
7914,7914,H,artificial,H,complete,"740 [B, A, C, E, D, F, G, I, H]"
7915,7915,H,artificial,H,complete,"741 [B, A, C, E, D, F, G, I, H]"
7916,7916,I,artificial,I,complete,"741 [B, A, C, E, D, F, G, I, H]"
7917,7917,G,artificial,G,complete,"741 [B, A, C, E, D, F, G, I, H]"
7918,7918,F,artificial,F,complete,"741 [B, A, C, E, D, F, G, I, H]"
7919,7919,C,artificial,D_Dupli,complete,"741 [B, A, C, E, D, F, G, I, H]"
7920,7920,E,artificial,D_Dupli,complete,"741 [B, A, C, E, D, F, G, I, H]"
7921,7921,A,artificial,A,complete,"741 [B, A, C, E, D, F, G, I, H]"
7922,7922,B,artificial,D_Dupli,complete,"741 [B, A, C, E, D, F, G, I, H]"
7923,7923,D,artificial,D_Dupli,complete,"741 [B, A, C, E, D, F, G, I, H]"
7924,7924,F,artificial,F,complete,"742 [A, B, E, C, D, F, G, I, H]"
7925,7925,H,artificial,H,complete,"742 [A, B, E, C, D, F, G, I, H]"
7926,7926,G,artificial,G,complete,"742 [A, B, E, C, D, F, G, I, H]"
7927,7927,D,artificial,D_Dupli,complete,"742 [A, B, E, C, D, F, G, I, H]"
7928,7928,I,artificial,I,complete,"742 [A, B, E, C, D, F, G, I, H]"
7929,7929,E,artificial,D_Dupli,complete,"742 [A, B, E, C, D, F, G, I, H]"
7930,7930,B,artificial,D_Dupli,complete,"742 [A, B, E, C, D, F, G, I, H]"
7931,7931,C,artificial,D_Dupli,complete,"742 [A, B, E, C, D, F, G, I, H]"
7932,7932,A,artificial,A,complete,"742 [A, B, E, C, D, F, G, I, H]"
7933,7933,I,artificial,I,complete,"743 [A, B, E, C, D, F, G, H, I]"
7934,7934,H,artificial,H,complete,"743 [A, B, E, C, D, F, G, H, I]"
7935,7935,G,artificial,G,complete,"743 [A, B, E, C, D, F, G, H, I]"
7936,7936,F,artificial,F,complete,"743 [A, B, E, C, D, F, G, H, I]"
7937,7937,D,artificial,D_Dupli,complete,"743 [A, B, E, C, D, F, G, H, I]"
7938,7938,C,artificial,D_Dupli,complete,"743 [A, B, E, C, D, F, G, H, I]"
7939,7939,E,artificial,D_Dupli,complete,"743 [A, B, E, C, D, F, G, H, I]"
7940,7940,B,artificial,D_Dupli,complete,"743 [A, B, E, C, D, F, G, H, I]"
7941,7941,A,artificial,A,complete,"743 [A, B, E, C, D, F, G, H, I]"
7942,7942,I,artificial,I,complete,"744 [B, A, E, D, C, F, G, H, I]"
7943,7943,H,artificial,H,complete,"744 [B, A, E, D, C, F, G, H, I]"
7944,7944,G,artificial,G,complete,"744 [B, A, E, D, C, F, G, H, I]"
7945,7945,F,artificial,F,complete,"744 [B, A, E, D, C, F, G, H, I]"
7946,7946,B,artificial,D_Dupli,complete,"744 [B, A, E, D, C, F, G, H, I]"
7947,7947,D,artificial,D_Dupli,complete,"744 [B, A, E, D, C, F, G, H, I]"
7948,7948,E,artificial,D_Dupli,complete,"744 [B, A, E, D, C, F, G, H, I]"
7949,7949,A,artificial,A,complete,"744 [B, A, E, D, C, F, G, H, I]"
7950,7950,C,artificial,D_Dupli,complete,"744 [B, A, E, D, C, F, G, H, I]"
7951,7951,F,artificial,F,complete,"745 [A, B, D, C, E, F, G, I, H, N, M, O, F, G, H, I, N, O, M, F, G, H, I, O, N, M, F, G, H, I]"
7952,7952,B,artificial,D_Dupli,complete,"745 [A, B, D, C, E, F, G, I, H, N, M, O, F, G, H, I, N, O, M, F, G, H, I, O, N, M, F, G, H, I]"
7953,7953,I,artificial,I,complete,"745 [A, B, D, C, E, F, G, I, H, N, M, O, F, G, H, I, N, O, M, F, G, H, I, O, N, M, F, G, H, I]"
7954,7954,H,artificial,H,complete,"745 [A, B, D, C, E, F, G, I, H, N, M, O, F, G, H, I, N, O, M, F, G, H, I, O, N, M, F, G, H, I]"
7955,7955,G,artificial,G,complete,"745 [A, B, D, C, E, F, G, I, H, N, M, O, F, G, H, I, N, O, M, F, G, H, I, O, N, M, F, G, H, I]"
7956,7956,M,artificial,M,complete,"745 [A, B, D, C, E, F, G, I, H, N, M, O, F, G, H, I, N, O, M, F, G, H, I, O, N, M, F, G, H, I]"
7957,7957,A,artificial,A,complete,"745 [A, B, D, C, E, F, G, I, H, N, M, O, F, G, H, I, N, O, M, F, G, H, I, O, N, M, F, G, H, I]"
7958,7958,O,artificial,O,complete,"745 [A, B, D, C, E, F, G, I, H, N, M, O, F, G, H, I, N, O, M, F, G, H, I, O, N, M, F, G, H, I]"
7959,7959,N,artificial,N,complete,"745 [A, B, D, C, E, F, G, I, H, N, M, O, F, G, H, I, N, O, M, F, G, H, I, O, N, M, F, G, H, I]"
7960,7960,I,artificial,I,complete,"745 [A, B, D, C, E, F, G, I, H, N, M, O, F, G, H, I, N, O, M, F, G, H, I, O, N, M, F, G, H, I]"
7961,7961,H,artificial,H,complete,"745 [A, B, D, C, E, F, G, I, H, N, M, O, F, G, H, I, N, O, M, F, G, H, I, O, N, M, F, G, H, I]"
7962,7962,G,artificial,G,complete,"745 [A, B, D, C, E, F, G, I, H, N, M, O, F, G, H, I, N, O, M, F, G, H, I, O, N, M, F, G, H, I]"
7963,7963,F,artificial,F,complete,"745 [A, B, D, C, E, F, G, I, H, N, M, O, F, G, H, I, N, O, M, F, G, H, I, O, N, M, F, G, H, I]"
7964,7964,O,artificial,O,complete,"745 [A, B, D, C, E, F, G, I, H, N, M, O, F, G, H, I, N, O, M, F, G, H, I, O, N, M, F, G, H, I]"
7965,7965,M,artificial,M,complete,"745 [A, B, D, C, E, F, G, I, H, N, M, O, F, G, H, I, N, O, M, F, G, H, I, O, N, M, F, G, H, I]"
7966,7966,N,artificial,N,complete,"745 [A, B, D, C, E, F, G, I, H, N, M, O, F, G, H, I, N, O, M, F, G, H, I, O, N, M, F, G, H, I]"
7967,7967,H,artificial,H,complete,"745 [A, B, D, C, E, F, G, I, H, N, M, O, F, G, H, I, N, O, M, F, G, H, I, O, N, M, F, G, H, I]"
7968,7968,I,artificial,I,complete,"745 [A, B, D, C, E, F, G, I, H, N, M, O, F, G, H, I, N, O, M, F, G, H, I, O, N, M, F, G, H, I]"
7969,7969,G,artificial,G,complete,"745 [A, B, D, C, E, F, G, I, H, N, M, O, F, G, H, I, N, O, M, F, G, H, I, O, N, M, F, G, H, I]"
7970,7970,F,artificial,F,complete,"745 [A, B, D, C, E, F, G, I, H, N, M, O, F, G, H, I, N, O, M, F, G, H, I, O, N, M, F, G, H, I]"
7971,7971,E,artificial,D_Dupli,complete,"745 [A, B, D, C, E, F, G, I, H, N, M, O, F, G, H, I, N, O, M, F, G, H, I, O, N, M, F, G, H, I]"
7972,7972,C,artificial,D_Dupli,complete,"745 [A, B, D, C, E, F, G, I, H, N, M, O, F, G, H, I, N, O, M, F, G, H, I, O, N, M, F, G, H, I]"
7973,7973,M,artificial,M,complete,"745 [A, B, D, C, E, F, G, I, H, N, M, O, F, G, H, I, N, O, M, F, G, H, I, O, N, M, F, G, H, I]"
7974,7974,D,artificial,D_Dupli,complete,"745 [A, B, D, C, E, F, G, I, H, N, M, O, F, G, H, I, N, O, M, F, G, H, I, O, N, M, F, G, H, I]"
7975,7975,F,artificial,F,complete,"745 [A, B, D, C, E, F, G, I, H, N, M, O, F, G, H, I, N, O, M, F, G, H, I, O, N, M, F, G, H, I]"
7976,7976,G,artificial,G,complete,"745 [A, B, D, C, E, F, G, I, H, N, M, O, F, G, H, I, N, O, M, F, G, H, I, O, N, M, F, G, H, I]"
7977,7977,H,artificial,H,complete,"745 [A, B, D, C, E, F, G, I, H, N, M, O, F, G, H, I, N, O, M, F, G, H, I, O, N, M, F, G, H, I]"
7978,7978,I,artificial,I,complete,"745 [A, B, D, C, E, F, G, I, H, N, M, O, F, G, H, I, N, O, M, F, G, H, I, O, N, M, F, G, H, I]"
7979,7979,O,artificial,O,complete,"745 [A, B, D, C, E, F, G, I, H, N, M, O, F, G, H, I, N, O, M, F, G, H, I, O, N, M, F, G, H, I]"
7980,7980,N,artificial,N,complete,"745 [A, B, D, C, E, F, G, I, H, N, M, O, F, G, H, I, N, O, M, F, G, H, I, O, N, M, F, G, H, I]"
7981,7981,H,artificial,H,complete,"746 [B, A, D, C, E, F, G, I, H]"
7982,7982,I,artificial,I,complete,"746 [B, A, D, C, E, F, G, I, H]"
7983,7983,G,artificial,G,complete,"746 [B, A, D, C, E, F, G, I, H]"
7984,7984,F,artificial,F,complete,"746 [B, A, D, C, E, F, G, I, H]"
7985,7985,E,artificial,D_Dupli,complete,"746 [B, A, D, C, E, F, G, I, H]"
7986,7986,C,artificial,D_Dupli,complete,"746 [B, A, D, C, E, F, G, I, H]"
7987,7987,D,artificial,D_Dupli,complete,"746 [B, A, D, C, E, F, G, I, H]"
7988,7988,A,artificial,A,complete,"746 [B, A, D, C, E, F, G, I, H]"
7989,7989,B,artificial,D_Dupli,complete,"746 [B, A, D, C, E, F, G, I, H]"
7990,7990,A,artificial,A,complete,"747 [B, A, C, E, D, F, G, I, H]"
7991,7991,B,artificial,D_Dupli,complete,"747 [B, A, C, E, D, F, G, I, H]"
7992,7992,E,artificial,D_Dupli,complete,"747 [B, A, C, E, D, F, G, I, H]"
7993,7993,D,artificial,D_Dupli,complete,"747 [B, A, C, E, D, F, G, I, H]"
7994,7994,F,artificial,F,complete,"747 [B, A, C, E, D, F, G, I, H]"
7995,7995,G,artificial,G,complete,"747 [B, A, C, E, D, F, G, I, H]"
7996,7996,I,artificial,I,complete,"747 [B, A, C, E, D, F, G, I, H]"
7997,7997,H,artificial,H,complete,"747 [B, A, C, E, D, F, G, I, H]"
7998,7998,C,artificial,D_Dupli,complete,"747 [B, A, C, E, D, F, G, I, H]"
7999,7999,H,artificial,H,complete,"748 [A, B, E, C, D, F, G, I, H]"
8000,8000,A,artificial,A,complete,"748 [A, B, E, C, D, F, G, I, H]"
8001,8001,B,artificial,D_Dupli,complete,"748 [A, B, E, C, D, F, G, I, H]"
8002,8002,E,artificial,D_Dupli,complete,"748 [A, B, E, C, D, F, G, I, H]"
8003,8003,C,artificial,D_Dupli,complete,"748 [A, B, E, C, D, F, G, I, H]"
8004,8004,D,artificial,D_Dupli,complete,"748 [A, B, E, C, D, F, G, I, H]"
8005,8005,F,artificial,F,complete,"748 [A, B, E, C, D, F, G, I, H]"
8006,8006,G,artificial,G,complete,"748 [A, B, E, C, D, F, G, I, H]"
8007,8007,I,artificial,I,complete,"748 [A, B, E, C, D, F, G, I, H]"
8008,8008,H,artificial,H,complete,"749 [A, B, E, D, C, F, G, H, I]"
8009,8009,E,artificial,D_Dupli,complete,"749 [A, B, E, D, C, F, G, H, I]"
8010,8010,D,artificial,D_Dupli,complete,"749 [A, B, E, D, C, F, G, H, I]"
8011,8011,A,artificial,A,complete,"749 [A, B, E, D, C, F, G, H, I]"
8012,8012,C,artificial,D_Dupli,complete,"749 [A, B, E, D, C, F, G, H, I]"
8013,8013,F,artificial,F,complete,"749 [A, B, E, D, C, F, G, H, I]"
8014,8014,G,artificial,G,complete,"749 [A, B, E, D, C, F, G, H, I]"
8015,8015,B,artificial,D_Dupli,complete,"749 [A, B, E, D, C, F, G, H, I]"
8016,8016,I,artificial,I,complete,"749 [A, B, E, D, C, F, G, H, I]"
8017,8017,A,artificial,A,complete,"75 [A, B, E, C, D, F, G, H, I]"
8018,8018,H,artificial,H,complete,"75 [A, B, E, C, D, F, G, H, I]"
8019,8019,G,artificial,G,complete,"75 [A, B, E, C, D, F, G, H, I]"
8020,8020,F,artificial,F,complete,"75 [A, B, E, C, D, F, G, H, I]"
8021,8021,D,artificial,D_Dupli,complete,"75 [A, B, E, C, D, F, G, H, I]"
8022,8022,C,artificial,D_Dupli,complete,"75 [A, B, E, C, D, F, G, H, I]"
8023,8023,E,artificial,D_Dupli,complete,"75 [A, B, E, C, D, F, G, H, I]"
8024,8024,B,artificial,D_Dupli,complete,"75 [A, B, E, C, D, F, G, H, I]"
8025,8025,I,artificial,I,complete,"75 [A, B, E, C, D, F, G, H, I]"
8026,8026,O,artificial,O,complete,"750 [B, A, D, C, E, F, G, I, H, M, O, N, F, G, H, I]"
8027,8027,B,artificial,D_Dupli,complete,"750 [B, A, D, C, E, F, G, I, H, M, O, N, F, G, H, I]"
8028,8028,A,artificial,A,complete,"750 [B, A, D, C, E, F, G, I, H, M, O, N, F, G, H, I]"
8029,8029,D,artificial,D_Dupli,complete,"750 [B, A, D, C, E, F, G, I, H, M, O, N, F, G, H, I]"
8030,8030,C,artificial,D_Dupli,complete,"750 [B, A, D, C, E, F, G, I, H, M, O, N, F, G, H, I]"
8031,8031,E,artificial,D_Dupli,complete,"750 [B, A, D, C, E, F, G, I, H, M, O, N, F, G, H, I]"
8032,8032,F,artificial,F,complete,"750 [B, A, D, C, E, F, G, I, H, M, O, N, F, G, H, I]"
8033,8033,I,artificial,I,complete,"750 [B, A, D, C, E, F, G, I, H, M, O, N, F, G, H, I]"
8034,8034,H,artificial,H,complete,"750 [B, A, D, C, E, F, G, I, H, M, O, N, F, G, H, I]"
8035,8035,G,artificial,G,complete,"750 [B, A, D, C, E, F, G, I, H, M, O, N, F, G, H, I]"
8036,8036,F,artificial,F,complete,"750 [B, A, D, C, E, F, G, I, H, M, O, N, F, G, H, I]"
8037,8037,N,artificial,N,complete,"750 [B, A, D, C, E, F, G, I, H, M, O, N, F, G, H, I]"
8038,8038,G,artificial,G,complete,"750 [B, A, D, C, E, F, G, I, H, M, O, N, F, G, H, I]"
8039,8039,M,artificial,M,complete,"750 [B, A, D, C, E, F, G, I, H, M, O, N, F, G, H, I]"
8040,8040,H,artificial,H,complete,"750 [B, A, D, C, E, F, G, I, H, M, O, N, F, G, H, I]"
8041,8041,I,artificial,I,complete,"750 [B, A, D, C, E, F, G, I, H, M, O, N, F, G, H, I]"
8042,8042,H,artificial,H,complete,"751 [A, B, E, D, C, F, G, H, I]"
8043,8043,A,artificial,A,complete,"751 [A, B, E, D, C, F, G, H, I]"
8044,8044,B,artificial,D_Dupli,complete,"751 [A, B, E, D, C, F, G, H, I]"
8045,8045,E,artificial,D_Dupli,complete,"751 [A, B, E, D, C, F, G, H, I]"
8046,8046,D,artificial,D_Dupli,complete,"751 [A, B, E, D, C, F, G, H, I]"
8047,8047,C,artificial,D_Dupli,complete,"751 [A, B, E, D, C, F, G, H, I]"
8048,8048,G,artificial,G,complete,"751 [A, B, E, D, C, F, G, H, I]"
8049,8049,I,artificial,I,complete,"751 [A, B, E, D, C, F, G, H, I]"
8050,8050,F,artificial,F,complete,"751 [A, B, E, D, C, F, G, H, I]"
8051,8051,I,artificial,I,complete,"752 [B, A, C, E, D, F, G, H, I]"
8052,8052,B,artificial,D_Dupli,complete,"752 [B, A, C, E, D, F, G, H, I]"
8053,8053,A,artificial,A,complete,"752 [B, A, C, E, D, F, G, H, I]"
8054,8054,C,artificial,D_Dupli,complete,"752 [B, A, C, E, D, F, G, H, I]"
8055,8055,E,artificial,D_Dupli,complete,"752 [B, A, C, E, D, F, G, H, I]"
8056,8056,D,artificial,D_Dupli,complete,"752 [B, A, C, E, D, F, G, H, I]"
8057,8057,F,artificial,F,complete,"752 [B, A, C, E, D, F, G, H, I]"
8058,8058,G,artificial,G,complete,"752 [B, A, C, E, D, F, G, H, I]"
8059,8059,H,artificial,H,complete,"752 [B, A, C, E, D, F, G, H, I]"
8060,8060,B,artificial,D_Dupli,complete,"753 [A, B, C, D, E, F, G, H, I]"
8061,8061,H,artificial,H,complete,"753 [A, B, C, D, E, F, G, H, I]"
8062,8062,G,artificial,G,complete,"753 [A, B, C, D, E, F, G, H, I]"
8063,8063,F,artificial,F,complete,"753 [A, B, C, D, E, F, G, H, I]"
8064,8064,E,artificial,D_Dupli,complete,"753 [A, B, C, D, E, F, G, H, I]"
8065,8065,A,artificial,A,complete,"753 [A, B, C, D, E, F, G, H, I]"
8066,8066,C,artificial,D_Dupli,complete,"753 [A, B, C, D, E, F, G, H, I]"
8067,8067,I,artificial,I,complete,"753 [A, B, C, D, E, F, G, H, I]"
8068,8068,D,artificial,D_Dupli,complete,"753 [A, B, C, D, E, F, G, H, I]"
8069,8069,N,artificial,N,complete,"754 [B, A, E, D, C, F, G, I, H, N, O, M, F, G, H, I, J, K, F, G, H, I]"
8070,8070,B,artificial,D_Dupli,complete,"754 [B, A, E, D, C, F, G, I, H, N, O, M, F, G, H, I, J, K, F, G, H, I]"
8071,8071,O,artificial,O,complete,"754 [B, A, E, D, C, F, G, I, H, N, O, M, F, G, H, I, J, K, F, G, H, I]"
8072,8072,E,artificial,D_Dupli,complete,"754 [B, A, E, D, C, F, G, I, H, N, O, M, F, G, H, I, J, K, F, G, H, I]"
8073,8073,A,artificial,A,complete,"754 [B, A, E, D, C, F, G, I, H, N, O, M, F, G, H, I, J, K, F, G, H, I]"
8074,8074,M,artificial,M,complete,"754 [B, A, E, D, C, F, G, I, H, N, O, M, F, G, H, I, J, K, F, G, H, I]"
8075,8075,F,artificial,F,complete,"754 [B, A, E, D, C, F, G, I, H, N, O, M, F, G, H, I, J, K, F, G, H, I]"
8076,8076,G,artificial,G,complete,"754 [B, A, E, D, C, F, G, I, H, N, O, M, F, G, H, I, J, K, F, G, H, I]"
8077,8077,H,artificial,H,complete,"754 [B, A, E, D, C, F, G, I, H, N, O, M, F, G, H, I, J, K, F, G, H, I]"
8078,8078,I,artificial,I,complete,"754 [B, A, E, D, C, F, G, I, H, N, O, M, F, G, H, I, J, K, F, G, H, I]"
8079,8079,J,artificial,J,complete,"754 [B, A, E, D, C, F, G, I, H, N, O, M, F, G, H, I, J, K, F, G, H, I]"
8080,8080,K,artificial,K,complete,"754 [B, A, E, D, C, F, G, I, H, N, O, M, F, G, H, I, J, K, F, G, H, I]"
8081,8081,I,artificial,I,complete,"754 [B, A, E, D, C, F, G, I, H, N, O, M, F, G, H, I, J, K, F, G, H, I]"
8082,8082,G,artificial,G,complete,"754 [B, A, E, D, C, F, G, I, H, N, O, M, F, G, H, I, J, K, F, G, H, I]"
8083,8083,H,artificial,H,complete,"754 [B, A, E, D, C, F, G, I, H, N, O, M, F, G, H, I, J, K, F, G, H, I]"
8084,8084,I,artificial,I,complete,"754 [B, A, E, D, C, F, G, I, H, N, O, M, F, G, H, I, J, K, F, G, H, I]"
8085,8085,H,artificial,H,complete,"754 [B, A, E, D, C, F, G, I, H, N, O, M, F, G, H, I, J, K, F, G, H, I]"
8086,8086,G,artificial,G,complete,"754 [B, A, E, D, C, F, G, I, H, N, O, M, F, G, H, I, J, K, F, G, H, I]"
8087,8087,F,artificial,F,complete,"754 [B, A, E, D, C, F, G, I, H, N, O, M, F, G, H, I, J, K, F, G, H, I]"
8088,8088,C,artificial,D_Dupli,complete,"754 [B, A, E, D, C, F, G, I, H, N, O, M, F, G, H, I, J, K, F, G, H, I]"
8089,8089,D,artificial,D_Dupli,complete,"754 [B, A, E, D, C, F, G, I, H, N, O, M, F, G, H, I, J, K, F, G, H, I]"
8090,8090,F,artificial,F,complete,"754 [B, A, E, D, C, F, G, I, H, N, O, M, F, G, H, I, J, K, F, G, H, I]"
8091,8091,H,artificial,H,complete,"755 [A, B, E, C, D, F, G, I, H]"
8092,8092,I,artificial,I,complete,"755 [A, B, E, C, D, F, G, I, H]"
8093,8093,G,artificial,G,complete,"755 [A, B, E, C, D, F, G, I, H]"
8094,8094,F,artificial,F,complete,"755 [A, B, E, C, D, F, G, I, H]"
8095,8095,C,artificial,D_Dupli,complete,"755 [A, B, E, C, D, F, G, I, H]"
8096,8096,E,artificial,D_Dupli,complete,"755 [A, B, E, C, D, F, G, I, H]"
8097,8097,B,artificial,D_Dupli,complete,"755 [A, B, E, C, D, F, G, I, H]"
8098,8098,D,artificial,D_Dupli,complete,"755 [A, B, E, C, D, F, G, I, H]"
8099,8099,A,artificial,A,complete,"755 [A, B, E, C, D, F, G, I, H]"
8100,8100,B,artificial,D_Dupli,complete,"756 [B, A, E, D, C, F, G, H, I]"
8101,8101,A,artificial,A,complete,"756 [B, A, E, D, C, F, G, H, I]"
8102,8102,E,artificial,D_Dupli,complete,"756 [B, A, E, D, C, F, G, H, I]"
8103,8103,C,artificial,D_Dupli,complete,"756 [B, A, E, D, C, F, G, H, I]"
8104,8104,F,artificial,F,complete,"756 [B, A, E, D, C, F, G, H, I]"
8105,8105,G,artificial,G,complete,"756 [B, A, E, D, C, F, G, H, I]"
8106,8106,H,artificial,H,complete,"756 [B, A, E, D, C, F, G, H, I]"
8107,8107,I,artificial,I,complete,"756 [B, A, E, D, C, F, G, H, I]"
8108,8108,D,artificial,D_Dupli,complete,"756 [B, A, E, D, C, F, G, H, I]"
8109,8109,D,artificial,D_Dupli,complete,"757 [B, A, E, C, D, F, G, I, H]"
8110,8110,H,artificial,H,complete,"757 [B, A, E, C, D, F, G, I, H]"
8111,8111,B,artificial,D_Dupli,complete,"757 [B, A, E, C, D, F, G, I, H]"
8112,8112,A,artificial,A,complete,"757 [B, A, E, C, D, F, G, I, H]"
8113,8113,E,artificial,D_Dupli,complete,"757 [B, A, E, C, D, F, G, I, H]"
8114,8114,C,artificial,D_Dupli,complete,"757 [B, A, E, C, D, F, G, I, H]"
8115,8115,I,artificial,I,complete,"757 [B, A, E, C, D, F, G, I, H]"
8116,8116,F,artificial,F,complete,"757 [B, A, E, C, D, F, G, I, H]"
8117,8117,G,artificial,G,complete,"757 [B, A, E, C, D, F, G, I, H]"
8118,8118,F,artificial,F,complete,"758 [B, A, D, E, C, F, G, H, I]"
8119,8119,C,artificial,D_Dupli,complete,"758 [B, A, D, E, C, F, G, H, I]"
8120,8120,E,artificial,D_Dupli,complete,"758 [B, A, D, E, C, F, G, H, I]"
8121,8121,D,artificial,D_Dupli,complete,"758 [B, A, D, E, C, F, G, H, I]"
8122,8122,A,artificial,A,complete,"758 [B, A, D, E, C, F, G, H, I]"
8123,8123,I,artificial,I,complete,"758 [B, A, D, E, C, F, G, H, I]"
8124,8124,B,artificial,D_Dupli,complete,"758 [B, A, D, E, C, F, G, H, I]"
8125,8125,G,artificial,G,complete,"758 [B, A, D, E, C, F, G, H, I]"
8126,8126,H,artificial,H,complete,"758 [B, A, D, E, C, F, G, H, I]"
8127,8127,B,artificial,D_Dupli,complete,"759 [B, A, D, C, E, F, G, I, H]"
8128,8128,A,artificial,A,complete,"759 [B, A, D, C, E, F, G, I, H]"
8129,8129,D,artificial,D_Dupli,complete,"759 [B, A, D, C, E, F, G, I, H]"
8130,8130,C,artificial,D_Dupli,complete,"759 [B, A, D, C, E, F, G, I, H]"
8131,8131,E,artificial,D_Dupli,complete,"759 [B, A, D, C, E, F, G, I, H]"
8132,8132,F,artificial,F,complete,"759 [B, A, D, C, E, F, G, I, H]"
8133,8133,G,artificial,G,complete,"759 [B, A, D, C, E, F, G, I, H]"
8134,8134,H,artificial,H,complete,"759 [B, A, D, C, E, F, G, I, H]"
8135,8135,I,artificial,I,complete,"759 [B, A, D, C, E, F, G, I, H]"
8136,8136,B,artificial,D_Dupli,complete,"76 [B, A, E, D, C, F, G, H, I]"
8137,8137,A,artificial,A,complete,"76 [B, A, E, D, C, F, G, H, I]"
8138,8138,E,artificial,D_Dupli,complete,"76 [B, A, E, D, C, F, G, H, I]"
8139,8139,D,artificial,D_Dupli,complete,"76 [B, A, E, D, C, F, G, H, I]"
8140,8140,C,artificial,D_Dupli,complete,"76 [B, A, E, D, C, F, G, H, I]"
8141,8141,F,artificial,F,complete,"76 [B, A, E, D, C, F, G, H, I]"
8142,8142,G,artificial,G,complete,"76 [B, A, E, D, C, F, G, H, I]"
8143,8143,H,artificial,H,complete,"76 [B, A, E, D, C, F, G, H, I]"
8144,8144,I,artificial,I,complete,"76 [B, A, E, D, C, F, G, H, I]"
8145,8145,A,artificial,A,complete,"760 [A, B, E, D, C, F, G, I, H]"
8146,8146,B,artificial,D_Dupli,complete,"760 [A, B, E, D, C, F, G, I, H]"
8147,8147,E,artificial,D_Dupli,complete,"760 [A, B, E, D, C, F, G, I, H]"
8148,8148,D,artificial,D_Dupli,complete,"760 [A, B, E, D, C, F, G, I, H]"
8149,8149,C,artificial,D_Dupli,complete,"760 [A, B, E, D, C, F, G, I, H]"
8150,8150,F,artificial,F,complete,"760 [A, B, E, D, C, F, G, I, H]"
8151,8151,G,artificial,G,complete,"760 [A, B, E, D, C, F, G, I, H]"
8152,8152,I,artificial,I,complete,"760 [A, B, E, D, C, F, G, I, H]"
8153,8153,H,artificial,H,complete,"760 [A, B, E, D, C, F, G, I, H]"
8154,8154,F,artificial,F,complete,"761 [A, B, D, E, C, F, G, I, H]"
8155,8155,H,artificial,H,complete,"761 [A, B, D, E, C, F, G, I, H]"
8156,8156,I,artificial,I,complete,"761 [A, B, D, E, C, F, G, I, H]"
8157,8157,G,artificial,G,complete,"761 [A, B, D, E, C, F, G, I, H]"
8158,8158,C,artificial,D_Dupli,complete,"761 [A, B, D, E, C, F, G, I, H]"
8159,8159,A,artificial,A,complete,"761 [A, B, D, E, C, F, G, I, H]"
8160,8160,D,artificial,D_Dupli,complete,"761 [A, B, D, E, C, F, G, I, H]"
8161,8161,B,artificial,D_Dupli,complete,"761 [A, B, D, E, C, F, G, I, H]"
8162,8162,E,artificial,D_Dupli,complete,"761 [A, B, D, E, C, F, G, I, H]"
8163,8163,H,artificial,H,complete,"762 [A, B, C, D, E, F, G, I, H]"
8164,8164,G,artificial,G,complete,"762 [A, B, C, D, E, F, G, I, H]"
8165,8165,I,artificial,I,complete,"762 [A, B, C, D, E, F, G, I, H]"
8166,8166,E,artificial,D_Dupli,complete,"762 [A, B, C, D, E, F, G, I, H]"
8167,8167,F,artificial,F,complete,"762 [A, B, C, D, E, F, G, I, H]"
8168,8168,C,artificial,D_Dupli,complete,"762 [A, B, C, D, E, F, G, I, H]"
8169,8169,B,artificial,D_Dupli,complete,"762 [A, B, C, D, E, F, G, I, H]"
8170,8170,A,artificial,A,complete,"762 [A, B, C, D, E, F, G, I, H]"
8171,8171,D,artificial,D_Dupli,complete,"762 [A, B, C, D, E, F, G, I, H]"
8172,8172,I,artificial,I,complete,"763 [A, B, D, E, C, F, G, H, I]"
8173,8173,F,artificial,F,complete,"763 [A, B, D, E, C, F, G, H, I]"
8174,8174,G,artificial,G,complete,"763 [A, B, D, E, C, F, G, H, I]"
8175,8175,C,artificial,D_Dupli,complete,"763 [A, B, D, E, C, F, G, H, I]"
8176,8176,H,artificial,H,complete,"763 [A, B, D, E, C, F, G, H, I]"
8177,8177,D,artificial,D_Dupli,complete,"763 [A, B, D, E, C, F, G, H, I]"
8178,8178,B,artificial,D_Dupli,complete,"763 [A, B, D, E, C, F, G, H, I]"
8179,8179,A,artificial,A,complete,"763 [A, B, D, E, C, F, G, H, I]"
8180,8180,E,artificial,D_Dupli,complete,"763 [A, B, D, E, C, F, G, H, I]"
8181,8181,I,artificial,I,complete,"764 [B, A, C, E, D, F, G, H, I]"
8182,8182,H,artificial,H,complete,"764 [B, A, C, E, D, F, G, H, I]"
8183,8183,G,artificial,G,complete,"764 [B, A, C, E, D, F, G, H, I]"
8184,8184,F,artificial,F,complete,"764 [B, A, C, E, D, F, G, H, I]"
8185,8185,D,artificial,D_Dupli,complete,"764 [B, A, C, E, D, F, G, H, I]"
8186,8186,E,artificial,D_Dupli,complete,"764 [B, A, C, E, D, F, G, H, I]"
8187,8187,A,artificial,A,complete,"764 [B, A, C, E, D, F, G, H, I]"
8188,8188,B,artificial,D_Dupli,complete,"764 [B, A, C, E, D, F, G, H, I]"
8189,8189,C,artificial,D_Dupli,complete,"764 [B, A, C, E, D, F, G, H, I]"
8190,8190,G,artificial,G,complete,"765 [B, A, C, E, D, F, G, I, H]"
8191,8191,H,artificial,H,complete,"765 [B, A, C, E, D, F, G, I, H]"
8192,8192,I,artificial,I,complete,"765 [B, A, C, E, D, F, G, I, H]"
8193,8193,F,artificial,F,complete,"765 [B, A, C, E, D, F, G, I, H]"
8194,8194,D,artificial,D_Dupli,complete,"765 [B, A, C, E, D, F, G, I, H]"
8195,8195,C,artificial,D_Dupli,complete,"765 [B, A, C, E, D, F, G, I, H]"
8196,8196,A,artificial,A,complete,"765 [B, A, C, E, D, F, G, I, H]"
8197,8197,B,artificial,D_Dupli,complete,"765 [B, A, C, E, D, F, G, I, H]"
8198,8198,E,artificial,D_Dupli,complete,"765 [B, A, C, E, D, F, G, I, H]"
8199,8199,H,artificial,H,complete,"766 [B, A, D, C, E, F, G, I, H]"
8200,8200,I,artificial,I,complete,"766 [B, A, D, C, E, F, G, I, H]"
8201,8201,F,artificial,F,complete,"766 [B, A, D, C, E, F, G, I, H]"
8202,8202,E,artificial,D_Dupli,complete,"766 [B, A, D, C, E, F, G, I, H]"
8203,8203,G,artificial,G,complete,"766 [B, A, D, C, E, F, G, I, H]"
8204,8204,D,artificial,D_Dupli,complete,"766 [B, A, D, C, E, F, G, I, H]"
8205,8205,A,artificial,A,complete,"766 [B, A, D, C, E, F, G, I, H]"
8206,8206,B,artificial,D_Dupli,complete,"766 [B, A, D, C, E, F, G, I, H]"
8207,8207,C,artificial,D_Dupli,complete,"766 [B, A, D, C, E, F, G, I, H]"
8208,8208,I,artificial,I,complete,"767 [A, B, E, C, D, F, G, I, H]"
8209,8209,A,artificial,A,complete,"767 [A, B, E, C, D, F, G, I, H]"
8210,8210,B,artificial,D_Dupli,complete,"767 [A, B, E, C, D, F, G, I, H]"
8211,8211,E,artificial,D_Dupli,complete,"767 [A, B, E, C, D, F, G, I, H]"
8212,8212,C,artificial,D_Dupli,complete,"767 [A, B, E, C, D, F, G, I, H]"
8213,8213,F,artificial,F,complete,"767 [A, B, E, C, D, F, G, I, H]"
8214,8214,G,artificial,G,complete,"767 [A, B, E, C, D, F, G, I, H]"
8215,8215,H,artificial,H,complete,"767 [A, B, E, C, D, F, G, I, H]"
8216,8216,D,artificial,D_Dupli,complete,"767 [A, B, E, C, D, F, G, I, H]"
8217,8217,F,artificial,F,complete,"768 [B, A, E, C, D, F, G, H, I]"
8218,8218,D,artificial,D_Dupli,complete,"768 [B, A, E, C, D, F, G, H, I]"
8219,8219,C,artificial,D_Dupli,complete,"768 [B, A, E, C, D, F, G, H, I]"
8220,8220,E,artificial,D_Dupli,complete,"768 [B, A, E, C, D, F, G, H, I]"
8221,8221,A,artificial,A,complete,"768 [B, A, E, C, D, F, G, H, I]"
8222,8222,B,artificial,D_Dupli,complete,"768 [B, A, E, C, D, F, G, H, I]"
8223,8223,H,artificial,H,complete,"768 [B, A, E, C, D, F, G, H, I]"
8224,8224,I,artificial,I,complete,"768 [B, A, E, C, D, F, G, H, I]"
8225,8225,G,artificial,G,complete,"768 [B, A, E, C, D, F, G, H, I]"
8226,8226,H,artificial,H,complete,"769 [B, A, D, E, C, F, G, I, H]"
8227,8227,I,artificial,I,complete,"769 [B, A, D, E, C, F, G, I, H]"
8228,8228,G,artificial,G,complete,"769 [B, A, D, E, C, F, G, I, H]"
8229,8229,C,artificial,D_Dupli,complete,"769 [B, A, D, E, C, F, G, I, H]"
8230,8230,F,artificial,F,complete,"769 [B, A, D, E, C, F, G, I, H]"
8231,8231,D,artificial,D_Dupli,complete,"769 [B, A, D, E, C, F, G, I, H]"
8232,8232,A,artificial,A,complete,"769 [B, A, D, E, C, F, G, I, H]"
8233,8233,B,artificial,D_Dupli,complete,"769 [B, A, D, E, C, F, G, I, H]"
8234,8234,E,artificial,D_Dupli,complete,"769 [B, A, D, E, C, F, G, I, H]"
8235,8235,D,artificial,D_Dupli,complete,"77 [A, B, D, C, E, F, G, I, H, J, K, F, G, H, I]"
8236,8236,G,artificial,G,complete,"77 [A, B, D, C, E, F, G, I, H, J, K, F, G, H, I]"
8237,8237,F,artificial,F,complete,"77 [A, B, D, C, E, F, G, I, H, J, K, F, G, H, I]"
8238,8238,K,artificial,K,complete,"77 [A, B, D, C, E, F, G, I, H, J, K, F, G, H, I]"
8239,8239,J,artificial,J,complete,"77 [A, B, D, C, E, F, G, I, H, J, K, F, G, H, I]"
8240,8240,H,artificial,H,complete,"77 [A, B, D, C, E, F, G, I, H, J, K, F, G, H, I]"
8241,8241,I,artificial,I,complete,"77 [A, B, D, C, E, F, G, I, H, J, K, F, G, H, I]"
8242,8242,G,artificial,G,complete,"77 [A, B, D, C, E, F, G, I, H, J, K, F, G, H, I]"
8243,8243,F,artificial,F,complete,"77 [A, B, D, C, E, F, G, I, H, J, K, F, G, H, I]"
8244,8244,E,artificial,D_Dupli,complete,"77 [A, B, D, C, E, F, G, I, H, J, K, F, G, H, I]"
8245,8245,C,artificial,D_Dupli,complete,"77 [A, B, D, C, E, F, G, I, H, J, K, F, G, H, I]"
8246,8246,H,artificial,H,complete,"77 [A, B, D, C, E, F, G, I, H, J, K, F, G, H, I]"
8247,8247,I,artificial,I,complete,"77 [A, B, D, C, E, F, G, I, H, J, K, F, G, H, I]"
8248,8248,B,artificial,D_Dupli,complete,"77 [A, B, D, C, E, F, G, I, H, J, K, F, G, H, I]"
8249,8249,A,artificial,A,complete,"77 [A, B, D, C, E, F, G, I, H, J, K, F, G, H, I]"
8250,8250,D,artificial,D_Dupli,complete,"770 [A, B, D, E, C, F, G, I, H]"
8251,8251,H,artificial,H,complete,"770 [A, B, D, E, C, F, G, I, H]"
8252,8252,I,artificial,I,complete,"770 [A, B, D, E, C, F, G, I, H]"
8253,8253,G,artificial,G,complete,"770 [A, B, D, E, C, F, G, I, H]"
8254,8254,F,artificial,F,complete,"770 [A, B, D, E, C, F, G, I, H]"
8255,8255,A,artificial,A,complete,"770 [A, B, D, E, C, F, G, I, H]"
8256,8256,B,artificial,D_Dupli,complete,"770 [A, B, D, E, C, F, G, I, H]"
8257,8257,C,artificial,D_Dupli,complete,"770 [A, B, D, E, C, F, G, I, H]"
8258,8258,E,artificial,D_Dupli,complete,"770 [A, B, D, E, C, F, G, I, H]"
8259,8259,A,artificial,A,complete,"771 [A, B, E, D, C, F, G, H, I]"
8260,8260,D,artificial,D_Dupli,complete,"771 [A, B, E, D, C, F, G, H, I]"
8261,8261,B,artificial,D_Dupli,complete,"771 [A, B, E, D, C, F, G, H, I]"
8262,8262,I,artificial,I,complete,"771 [A, B, E, D, C, F, G, H, I]"
8263,8263,H,artificial,H,complete,"771 [A, B, E, D, C, F, G, H, I]"
8264,8264,G,artificial,G,complete,"771 [A, B, E, D, C, F, G, H, I]"
8265,8265,F,artificial,F,complete,"771 [A, B, E, D, C, F, G, H, I]"
8266,8266,C,artificial,D_Dupli,complete,"771 [A, B, E, D, C, F, G, H, I]"
8267,8267,E,artificial,D_Dupli,complete,"771 [A, B, E, D, C, F, G, H, I]"
8268,8268,I,artificial,I,complete,"772 [B, A, D, C, E, F, G, I, H, M, O, N, F, G, H, I]"
8269,8269,B,artificial,D_Dupli,complete,"772 [B, A, D, C, E, F, G, I, H, M, O, N, F, G, H, I]"
8270,8270,G,artificial,G,complete,"772 [B, A, D, C, E, F, G, I, H, M, O, N, F, G, H, I]"
8271,8271,A,artificial,A,complete,"772 [B, A, D, C, E, F, G, I, H, M, O, N, F, G, H, I]"
8272,8272,D,artificial,D_Dupli,complete,"772 [B, A, D, C, E, F, G, I, H, M, O, N, F, G, H, I]"
8273,8273,C,artificial,D_Dupli,complete,"772 [B, A, D, C, E, F, G, I, H, M, O, N, F, G, H, I]"
8274,8274,E,artificial,D_Dupli,complete,"772 [B, A, D, C, E, F, G, I, H, M, O, N, F, G, H, I]"
8275,8275,F,artificial,F,complete,"772 [B, A, D, C, E, F, G, I, H, M, O, N, F, G, H, I]"
8276,8276,G,artificial,G,complete,"772 [B, A, D, C, E, F, G, I, H, M, O, N, F, G, H, I]"
8277,8277,I,artificial,I,complete,"772 [B, A, D, C, E, F, G, I, H, M, O, N, F, G, H, I]"
8278,8278,H,artificial,H,complete,"772 [B, A, D, C, E, F, G, I, H, M, O, N, F, G, H, I]"
8279,8279,M,artificial,M,complete,"772 [B, A, D, C, E, F, G, I, H, M, O, N, F, G, H, I]"
8280,8280,H,artificial,H,complete,"772 [B, A, D, C, E, F, G, I, H, M, O, N, F, G, H, I]"
8281,8281,O,artificial,O,complete,"772 [B, A, D, C, E, F, G, I, H, M, O, N, F, G, H, I]"
8282,8282,F,artificial,F,complete,"772 [B, A, D, C, E, F, G, I, H, M, O, N, F, G, H, I]"
8283,8283,N,artificial,N,complete,"772 [B, A, D, C, E, F, G, I, H, M, O, N, F, G, H, I]"
8284,8284,H,artificial,H,complete,"773 [A, B, C, D, E, F, G, I, H]"
8285,8285,I,artificial,I,complete,"773 [A, B, C, D, E, F, G, I, H]"
8286,8286,G,artificial,G,complete,"773 [A, B, C, D, E, F, G, I, H]"
8287,8287,F,artificial,F,complete,"773 [A, B, C, D, E, F, G, I, H]"
8288,8288,E,artificial,D_Dupli,complete,"773 [A, B, C, D, E, F, G, I, H]"
8289,8289,D,artificial,D_Dupli,complete,"773 [A, B, C, D, E, F, G, I, H]"
8290,8290,C,artificial,D_Dupli,complete,"773 [A, B, C, D, E, F, G, I, H]"
8291,8291,B,artificial,D_Dupli,complete,"773 [A, B, C, D, E, F, G, I, H]"
8292,8292,A,artificial,A,complete,"773 [A, B, C, D, E, F, G, I, H]"
8293,8293,C,artificial,D_Dupli,complete,"774 [A, B, C, E, D, F, G, I, H]"
8294,8294,A,artificial,A,complete,"774 [A, B, C, E, D, F, G, I, H]"
8295,8295,B,artificial,D_Dupli,complete,"774 [A, B, C, E, D, F, G, I, H]"
8296,8296,E,artificial,D_Dupli,complete,"774 [A, B, C, E, D, F, G, I, H]"
8297,8297,D,artificial,D_Dupli,complete,"774 [A, B, C, E, D, F, G, I, H]"
8298,8298,F,artificial,F,complete,"774 [A, B, C, E, D, F, G, I, H]"
8299,8299,G,artificial,G,complete,"774 [A, B, C, E, D, F, G, I, H]"
8300,8300,I,artificial,I,complete,"774 [A, B, C, E, D, F, G, I, H]"
8301,8301,H,artificial,H,complete,"774 [A, B, C, E, D, F, G, I, H]"
8302,8302,G,artificial,G,complete,"775 [A, B, D, E, C, F, G, I, H]"
8303,8303,H,artificial,H,complete,"775 [A, B, D, E, C, F, G, I, H]"
8304,8304,A,artificial,A,complete,"775 [A, B, D, E, C, F, G, I, H]"
8305,8305,B,artificial,D_Dupli,complete,"775 [A, B, D, E, C, F, G, I, H]"
8306,8306,D,artificial,D_Dupli,complete,"775 [A, B, D, E, C, F, G, I, H]"
8307,8307,E,artificial,D_Dupli,complete,"775 [A, B, D, E, C, F, G, I, H]"
8308,8308,C,artificial,D_Dupli,complete,"775 [A, B, D, E, C, F, G, I, H]"
8309,8309,F,artificial,F,complete,"775 [A, B, D, E, C, F, G, I, H]"
8310,8310,I,artificial,I,complete,"775 [A, B, D, E, C, F, G, I, H]"
8311,8311,A,artificial,A,complete,"776 [A, B, E, C, D, F, G, H, I]"
8312,8312,B,artificial,D_Dupli,complete,"776 [A, B, E, C, D, F, G, H, I]"
8313,8313,E,artificial,D_Dupli,complete,"776 [A, B, E, C, D, F, G, H, I]"
8314,8314,C,artificial,D_Dupli,complete,"776 [A, B, E, C, D, F, G, H, I]"
8315,8315,D,artificial,D_Dupli,complete,"776 [A, B, E, C, D, F, G, H, I]"
8316,8316,F,artificial,F,complete,"776 [A, B, E, C, D, F, G, H, I]"
8317,8317,G,artificial,G,complete,"776 [A, B, E, C, D, F, G, H, I]"
8318,8318,H,artificial,H,complete,"776 [A, B, E, C, D, F, G, H, I]"
8319,8319,I,artificial,I,complete,"776 [A, B, E, C, D, F, G, H, I]"
8320,8320,H,artificial,H,complete,"777 [B, A, E, D, C, F, G, H, I]"
8321,8321,D,artificial,D_Dupli,complete,"777 [B, A, E, D, C, F, G, H, I]"
8322,8322,E,artificial,D_Dupli,complete,"777 [B, A, E, D, C, F, G, H, I]"
8323,8323,A,artificial,A,complete,"777 [B, A, E, D, C, F, G, H, I]"
8324,8324,F,artificial,F,complete,"777 [B, A, E, D, C, F, G, H, I]"
8325,8325,C,artificial,D_Dupli,complete,"777 [B, A, E, D, C, F, G, H, I]"
8326,8326,I,artificial,I,complete,"777 [B, A, E, D, C, F, G, H, I]"
8327,8327,B,artificial,D_Dupli,complete,"777 [B, A, E, D, C, F, G, H, I]"
8328,8328,G,artificial,G,complete,"777 [B, A, E, D, C, F, G, H, I]"
8329,8329,G,artificial,G,complete,"778 [B, A, C, D, E, F, G, I, H, O, N, M, F, G, H, I]"
8330,8330,F,artificial,F,complete,"778 [B, A, C, D, E, F, G, I, H, O, N, M, F, G, H, I]"
8331,8331,M,artificial,M,complete,"778 [B, A, C, D, E, F, G, I, H, O, N, M, F, G, H, I]"
8332,8332,N,artificial,N,complete,"778 [B, A, C, D, E, F, G, I, H, O, N, M, F, G, H, I]"
8333,8333,O,artificial,O,complete,"778 [B, A, C, D, E, F, G, I, H, O, N, M, F, G, H, I]"
8334,8334,H,artificial,H,complete,"778 [B, A, C, D, E, F, G, I, H, O, N, M, F, G, H, I]"
8335,8335,I,artificial,I,complete,"778 [B, A, C, D, E, F, G, I, H, O, N, M, F, G, H, I]"
8336,8336,G,artificial,G,complete,"778 [B, A, C, D, E, F, G, I, H, O, N, M, F, G, H, I]"
8337,8337,I,artificial,I,complete,"778 [B, A, C, D, E, F, G, I, H, O, N, M, F, G, H, I]"
8338,8338,E,artificial,D_Dupli,complete,"778 [B, A, C, D, E, F, G, I, H, O, N, M, F, G, H, I]"
8339,8339,D,artificial,D_Dupli,complete,"778 [B, A, C, D, E, F, G, I, H, O, N, M, F, G, H, I]"
8340,8340,C,artificial,D_Dupli,complete,"778 [B, A, C, D, E, F, G, I, H, O, N, M, F, G, H, I]"
8341,8341,A,artificial,A,complete,"778 [B, A, C, D, E, F, G, I, H, O, N, M, F, G, H, I]"
8342,8342,B,artificial,D_Dupli,complete,"778 [B, A, C, D, E, F, G, I, H, O, N, M, F, G, H, I]"
8343,8343,H,artificial,H,complete,"778 [B, A, C, D, E, F, G, I, H, O, N, M, F, G, H, I]"
8344,8344,F,artificial,F,complete,"778 [B, A, C, D, E, F, G, I, H, O, N, M, F, G, H, I]"
8345,8345,B,artificial,D_Dupli,complete,"779 [A, B, E, C, D, F, G, H, I]"
8346,8346,C,artificial,D_Dupli,complete,"779 [A, B, E, C, D, F, G, H, I]"
8347,8347,A,artificial,A,complete,"779 [A, B, E, C, D, F, G, H, I]"
8348,8348,D,artificial,D_Dupli,complete,"779 [A, B, E, C, D, F, G, H, I]"
8349,8349,F,artificial,F,complete,"779 [A, B, E, C, D, F, G, H, I]"
8350,8350,G,artificial,G,complete,"779 [A, B, E, C, D, F, G, H, I]"
8351,8351,H,artificial,H,complete,"779 [A, B, E, C, D, F, G, H, I]"
8352,8352,I,artificial,I,complete,"779 [A, B, E, C, D, F, G, H, I]"
8353,8353,E,artificial,D_Dupli,complete,"779 [A, B, E, C, D, F, G, H, I]"
8354,8354,H,artificial,H,complete,"78 [A, B, D, C, E, F, G, I, H, N, O, M, F, G, I, H]"
8355,8355,I,artificial,I,complete,"78 [A, B, D, C, E, F, G, I, H, N, O, M, F, G, I, H]"
8356,8356,G,artificial,G,complete,"78 [A, B, D, C, E, F, G, I, H, N, O, M, F, G, I, H]"
8357,8357,F,artificial,F,complete,"78 [A, B, D, C, E, F, G, I, H, N, O, M, F, G, I, H]"
8358,8358,M,artificial,M,complete,"78 [A, B, D, C, E, F, G, I, H, N, O, M, F, G, I, H]"
8359,8359,O,artificial,O,complete,"78 [A, B, D, C, E, F, G, I, H, N, O, M, F, G, I, H]"
8360,8360,N,artificial,N,complete,"78 [A, B, D, C, E, F, G, I, H, N, O, M, F, G, I, H]"
8361,8361,H,artificial,H,complete,"78 [A, B, D, C, E, F, G, I, H, N, O, M, F, G, I, H]"
8362,8362,I,artificial,I,complete,"78 [A, B, D, C, E, F, G, I, H, N, O, M, F, G, I, H]"
8363,8363,A,artificial,A,complete,"78 [A, B, D, C, E, F, G, I, H, N, O, M, F, G, I, H]"
8364,8364,G,artificial,G,complete,"78 [A, B, D, C, E, F, G, I, H, N, O, M, F, G, I, H]"
8365,8365,B,artificial,D_Dupli,complete,"78 [A, B, D, C, E, F, G, I, H, N, O, M, F, G, I, H]"
8366,8366,D,artificial,D_Dupli,complete,"78 [A, B, D, C, E, F, G, I, H, N, O, M, F, G, I, H]"
8367,8367,C,artificial,D_Dupli,complete,"78 [A, B, D, C, E, F, G, I, H, N, O, M, F, G, I, H]"
8368,8368,E,artificial,D_Dupli,complete,"78 [A, B, D, C, E, F, G, I, H, N, O, M, F, G, I, H]"
8369,8369,F,artificial,F,complete,"78 [A, B, D, C, E, F, G, I, H, N, O, M, F, G, I, H]"
8370,8370,I,artificial,I,complete,"780 [A, B, C, E, D, F, G, H, I]"
8371,8371,H,artificial,H,complete,"780 [A, B, C, E, D, F, G, H, I]"
8372,8372,G,artificial,G,complete,"780 [A, B, C, E, D, F, G, H, I]"
8373,8373,F,artificial,F,complete,"780 [A, B, C, E, D, F, G, H, I]"
8374,8374,D,artificial,D_Dupli,complete,"780 [A, B, C, E, D, F, G, H, I]"
8375,8375,E,artificial,D_Dupli,complete,"780 [A, B, C, E, D, F, G, H, I]"
8376,8376,C,artificial,D_Dupli,complete,"780 [A, B, C, E, D, F, G, H, I]"
8377,8377,B,artificial,D_Dupli,complete,"780 [A, B, C, E, D, F, G, H, I]"
8378,8378,A,artificial,A,complete,"780 [A, B, C, E, D, F, G, H, I]"
8379,8379,G,artificial,G,complete,"781 [A, B, C, D, E, F, G, H, I]"
8380,8380,F,artificial,F,complete,"781 [A, B, C, D, E, F, G, H, I]"
8381,8381,E,artificial,D_Dupli,complete,"781 [A, B, C, D, E, F, G, H, I]"
8382,8382,C,artificial,D_Dupli,complete,"781 [A, B, C, D, E, F, G, H, I]"
8383,8383,B,artificial,D_Dupli,complete,"781 [A, B, C, D, E, F, G, H, I]"
8384,8384,D,artificial,D_Dupli,complete,"781 [A, B, C, D, E, F, G, H, I]"
8385,8385,I,artificial,I,complete,"781 [A, B, C, D, E, F, G, H, I]"
8386,8386,H,artificial,H,complete,"781 [A, B, C, D, E, F, G, H, I]"
8387,8387,A,artificial,A,complete,"781 [A, B, C, D, E, F, G, H, I]"
8388,8388,E,artificial,D_Dupli,complete,"782 [A, B, C, E, D, F, G, I, H, J, K, F, G, H, I]"
8389,8389,C,artificial,D_Dupli,complete,"782 [A, B, C, E, D, F, G, I, H, J, K, F, G, H, I]"
8390,8390,F,artificial,F,complete,"782 [A, B, C, E, D, F, G, I, H, J, K, F, G, H, I]"
8391,8391,G,artificial,G,complete,"782 [A, B, C, E, D, F, G, I, H, J, K, F, G, H, I]"
8392,8392,I,artificial,I,complete,"782 [A, B, C, E, D, F, G, I, H, J, K, F, G, H, I]"
8393,8393,B,artificial,D_Dupli,complete,"782 [A, B, C, E, D, F, G, I, H, J, K, F, G, H, I]"
8394,8394,H,artificial,H,complete,"782 [A, B, C, E, D, F, G, I, H, J, K, F, G, H, I]"
8395,8395,D,artificial,D_Dupli,complete,"782 [A, B, C, E, D, F, G, I, H, J, K, F, G, H, I]"
8396,8396,J,artificial,J,complete,"782 [A, B, C, E, D, F, G, I, H, J, K, F, G, H, I]"
8397,8397,I,artificial,I,complete,"782 [A, B, C, E, D, F, G, I, H, J, K, F, G, H, I]"
8398,8398,G,artificial,G,complete,"782 [A, B, C, E, D, F, G, I, H, J, K, F, G, H, I]"
8399,8399,H,artificial,H,complete,"782 [A, B, C, E, D, F, G, I, H, J, K, F, G, H, I]"
8400,8400,K,artificial,K,complete,"782 [A, B, C, E, D, F, G, I, H, J, K, F, G, H, I]"
8401,8401,A,artificial,A,complete,"782 [A, B, C, E, D, F, G, I, H, J, K, F, G, H, I]"
8402,8402,F,artificial,F,complete,"782 [A, B, C, E, D, F, G, I, H, J, K, F, G, H, I]"
8403,8403,B,artificial,D_Dupli,complete,"783 [B, A, D, C, E, F, G, H, I]"
8404,8404,I,artificial,I,complete,"783 [B, A, D, C, E, F, G, H, I]"
8405,8405,D,artificial,D_Dupli,complete,"783 [B, A, D, C, E, F, G, H, I]"
8406,8406,C,artificial,D_Dupli,complete,"783 [B, A, D, C, E, F, G, H, I]"
8407,8407,E,artificial,D_Dupli,complete,"783 [B, A, D, C, E, F, G, H, I]"
8408,8408,F,artificial,F,complete,"783 [B, A, D, C, E, F, G, H, I]"
8409,8409,A,artificial,A,complete,"783 [B, A, D, C, E, F, G, H, I]"
8410,8410,G,artificial,G,complete,"783 [B, A, D, C, E, F, G, H, I]"
8411,8411,H,artificial,H,complete,"783 [B, A, D, C, E, F, G, H, I]"
8412,8412,A,artificial,A,complete,"784 [A, B, C, E, D, F, G, H, I]"
8413,8413,B,artificial,D_Dupli,complete,"784 [A, B, C, E, D, F, G, H, I]"
8414,8414,C,artificial,D_Dupli,complete,"784 [A, B, C, E, D, F, G, H, I]"
8415,8415,E,artificial,D_Dupli,complete,"784 [A, B, C, E, D, F, G, H, I]"
8416,8416,D,artificial,D_Dupli,complete,"784 [A, B, C, E, D, F, G, H, I]"
8417,8417,F,artificial,F,complete,"784 [A, B, C, E, D, F, G, H, I]"
8418,8418,H,artificial,H,complete,"784 [A, B, C, E, D, F, G, H, I]"
8419,8419,I,artificial,I,complete,"784 [A, B, C, E, D, F, G, H, I]"
8420,8420,G,artificial,G,complete,"784 [A, B, C, E, D, F, G, H, I]"
8421,8421,G,artificial,G,complete,"785 [B, A, E, D, C, F, G, H, I]"
8422,8422,F,artificial,F,complete,"785 [B, A, E, D, C, F, G, H, I]"
8423,8423,C,artificial,D_Dupli,complete,"785 [B, A, E, D, C, F, G, H, I]"
8424,8424,D,artificial,D_Dupli,complete,"785 [B, A, E, D, C, F, G, H, I]"
8425,8425,E,artificial,D_Dupli,complete,"785 [B, A, E, D, C, F, G, H, I]"
8426,8426,A,artificial,A,complete,"785 [B, A, E, D, C, F, G, H, I]"
8427,8427,B,artificial,D_Dupli,complete,"785 [B, A, E, D, C, F, G, H, I]"
8428,8428,I,artificial,I,complete,"785 [B, A, E, D, C, F, G, H, I]"
8429,8429,H,artificial,H,complete,"785 [B, A, E, D, C, F, G, H, I]"
8430,8430,C,artificial,D_Dupli,complete,"786 [B, A, C, E, D, F, G, I, H]"
8431,8431,D,artificial,D_Dupli,complete,"786 [B, A, C, E, D, F, G, I, H]"
8432,8432,F,artificial,F,complete,"786 [B, A, C, E, D, F, G, I, H]"
8433,8433,G,artificial,G,complete,"786 [B, A, C, E, D, F, G, I, H]"
8434,8434,I,artificial,I,complete,"786 [B, A, C, E, D, F, G, I, H]"
8435,8435,H,artificial,H,complete,"786 [B, A, C, E, D, F, G, I, H]"
8436,8436,A,artificial,A,complete,"786 [B, A, C, E, D, F, G, I, H]"
8437,8437,B,artificial,D_Dupli,complete,"786 [B, A, C, E, D, F, G, I, H]"
8438,8438,E,artificial,D_Dupli,complete,"786 [B, A, C, E, D, F, G, I, H]"
8439,8439,G,artificial,G,complete,"787 [A, B, D, E, C, F, G, H, I]"
8440,8440,H,artificial,H,complete,"787 [A, B, D, E, C, F, G, H, I]"
8441,8441,I,artificial,I,complete,"787 [A, B, D, E, C, F, G, H, I]"
8442,8442,F,artificial,F,complete,"787 [A, B, D, E, C, F, G, H, I]"
8443,8443,A,artificial,A,complete,"787 [A, B, D, E, C, F, G, H, I]"
8444,8444,B,artificial,D_Dupli,complete,"787 [A, B, D, E, C, F, G, H, I]"
8445,8445,D,artificial,D_Dupli,complete,"787 [A, B, D, E, C, F, G, H, I]"
8446,8446,E,artificial,D_Dupli,complete,"787 [A, B, D, E, C, F, G, H, I]"
8447,8447,C,artificial,D_Dupli,complete,"787 [A, B, D, E, C, F, G, H, I]"
8448,8448,A,artificial,A,complete,"788 [A, B, D, C, E, F, G, I, H]"
8449,8449,B,artificial,D_Dupli,complete,"788 [A, B, D, C, E, F, G, I, H]"
8450,8450,D,artificial,D_Dupli,complete,"788 [A, B, D, C, E, F, G, I, H]"
8451,8451,C,artificial,D_Dupli,complete,"788 [A, B, D, C, E, F, G, I, H]"
8452,8452,E,artificial,D_Dupli,complete,"788 [A, B, D, C, E, F, G, I, H]"
8453,8453,H,artificial,H,complete,"788 [A, B, D, C, E, F, G, I, H]"
8454,8454,I,artificial,I,complete,"788 [A, B, D, C, E, F, G, I, H]"
8455,8455,F,artificial,F,complete,"788 [A, B, D, C, E, F, G, I, H]"
8456,8456,G,artificial,G,complete,"788 [A, B, D, C, E, F, G, I, H]"
8457,8457,D,artificial,D_Dupli,complete,"789 [A, B, D, C, E, F, G, I, H]"
8458,8458,C,artificial,D_Dupli,complete,"789 [A, B, D, C, E, F, G, I, H]"
8459,8459,E,artificial,D_Dupli,complete,"789 [A, B, D, C, E, F, G, I, H]"
8460,8460,F,artificial,F,complete,"789 [A, B, D, C, E, F, G, I, H]"
8461,8461,G,artificial,G,complete,"789 [A, B, D, C, E, F, G, I, H]"
8462,8462,I,artificial,I,complete,"789 [A, B, D, C, E, F, G, I, H]"
8463,8463,H,artificial,H,complete,"789 [A, B, D, C, E, F, G, I, H]"
8464,8464,A,artificial,A,complete,"789 [A, B, D, C, E, F, G, I, H]"
8465,8465,B,artificial,D_Dupli,complete,"789 [A, B, D, C, E, F, G, I, H]"
8466,8466,H,artificial,H,complete,"79 [A, B, C, E, D, F, G, I, H]"
8467,8467,A,artificial,A,complete,"79 [A, B, C, E, D, F, G, I, H]"
8468,8468,B,artificial,D_Dupli,complete,"79 [A, B, C, E, D, F, G, I, H]"
8469,8469,C,artificial,D_Dupli,complete,"79 [A, B, C, E, D, F, G, I, H]"
8470,8470,E,artificial,D_Dupli,complete,"79 [A, B, C, E, D, F, G, I, H]"
8471,8471,D,artificial,D_Dupli,complete,"79 [A, B, C, E, D, F, G, I, H]"
8472,8472,F,artificial,F,complete,"79 [A, B, C, E, D, F, G, I, H]"
8473,8473,G,artificial,G,complete,"79 [A, B, C, E, D, F, G, I, H]"
8474,8474,I,artificial,I,complete,"79 [A, B, C, E, D, F, G, I, H]"
8475,8475,B,artificial,D_Dupli,complete,"790 [B, A, D, E, C, F, G, H, I, N, M, O, F, G, H, I]"
8476,8476,A,artificial,A,complete,"790 [B, A, D, E, C, F, G, H, I, N, M, O, F, G, H, I]"
8477,8477,D,artificial,D_Dupli,complete,"790 [B, A, D, E, C, F, G, H, I, N, M, O, F, G, H, I]"
8478,8478,C,artificial,D_Dupli,complete,"790 [B, A, D, E, C, F, G, H, I, N, M, O, F, G, H, I]"
8479,8479,F,artificial,F,complete,"790 [B, A, D, E, C, F, G, H, I, N, M, O, F, G, H, I]"
8480,8480,G,artificial,G,complete,"790 [B, A, D, E, C, F, G, H, I, N, M, O, F, G, H, I]"
8481,8481,I,artificial,I,complete,"790 [B, A, D, E, C, F, G, H, I, N, M, O, F, G, H, I]"
8482,8482,N,artificial,N,complete,"790 [B, A, D, E, C, F, G, H, I, N, M, O, F, G, H, I]"
8483,8483,M,artificial,M,complete,"790 [B, A, D, E, C, F, G, H, I, N, M, O, F, G, H, I]"
8484,8484,O,artificial,O,complete,"790 [B, A, D, E, C, F, G, H, I, N, M, O, F, G, H, I]"
8485,8485,F,artificial,F,complete,"790 [B, A, D, E, C, F, G, H, I, N, M, O, F, G, H, I]"
8486,8486,G,artificial,G,complete,"790 [B, A, D, E, C, F, G, H, I, N, M, O, F, G, H, I]"
8487,8487,H,artificial,H,complete,"790 [B, A, D, E, C, F, G, H, I, N, M, O, F, G, H, I]"
8488,8488,I,artificial,I,complete,"790 [B, A, D, E, C, F, G, H, I, N, M, O, F, G, H, I]"
8489,8489,E,artificial,D_Dupli,complete,"790 [B, A, D, E, C, F, G, H, I, N, M, O, F, G, H, I]"
8490,8490,H,artificial,H,complete,"790 [B, A, D, E, C, F, G, H, I, N, M, O, F, G, H, I]"
8491,8491,B,artificial,D_Dupli,complete,"791 [B, A, E, D, C, F, G, H, I]"
8492,8492,A,artificial,A,complete,"791 [B, A, E, D, C, F, G, H, I]"
8493,8493,E,artificial,D_Dupli,complete,"791 [B, A, E, D, C, F, G, H, I]"
8494,8494,D,artificial,D_Dupli,complete,"791 [B, A, E, D, C, F, G, H, I]"
8495,8495,C,artificial,D_Dupli,complete,"791 [B, A, E, D, C, F, G, H, I]"
8496,8496,F,artificial,F,complete,"791 [B, A, E, D, C, F, G, H, I]"
8497,8497,G,artificial,G,complete,"791 [B, A, E, D, C, F, G, H, I]"
8498,8498,H,artificial,H,complete,"791 [B, A, E, D, C, F, G, H, I]"
8499,8499,I,artificial,I,complete,"791 [B, A, E, D, C, F, G, H, I]"
8500,8500,I,artificial,I,complete,"792 [A, B, C, E, D, F, G, I, H, N, O, M, F, G, I, H, J, K, F, G, H, I]"
8501,8501,H,artificial,H,complete,"792 [A, B, C, E, D, F, G, I, H, N, O, M, F, G, I, H, J, K, F, G, H, I]"
8502,8502,J,artificial,J,complete,"792 [A, B, C, E, D, F, G, I, H, N, O, M, F, G, I, H, J, K, F, G, H, I]"
8503,8503,K,artificial,K,complete,"792 [A, B, C, E, D, F, G, I, H, N, O, M, F, G, I, H, J, K, F, G, H, I]"
8504,8504,I,artificial,I,complete,"792 [A, B, C, E, D, F, G, I, H, N, O, M, F, G, I, H, J, K, F, G, H, I]"
8505,8505,G,artificial,G,complete,"792 [A, B, C, E, D, F, G, I, H, N, O, M, F, G, I, H, J, K, F, G, H, I]"
8506,8506,H,artificial,H,complete,"792 [A, B, C, E, D, F, G, I, H, N, O, M, F, G, I, H, J, K, F, G, H, I]"
8507,8507,F,artificial,F,complete,"792 [A, B, C, E, D, F, G, I, H, N, O, M, F, G, I, H, J, K, F, G, H, I]"
8508,8508,F,artificial,F,complete,"792 [A, B, C, E, D, F, G, I, H, N, O, M, F, G, I, H, J, K, F, G, H, I]"
8509,8509,M,artificial,M,complete,"792 [A, B, C, E, D, F, G, I, H, N, O, M, F, G, I, H, J, K, F, G, H, I]"
8510,8510,G,artificial,G,complete,"792 [A, B, C, E, D, F, G, I, H, N, O, M, F, G, I, H, J, K, F, G, H, I]"
8511,8511,N,artificial,N,complete,"792 [A, B, C, E, D, F, G, I, H, N, O, M, F, G, I, H, J, K, F, G, H, I]"
8512,8512,H,artificial,H,complete,"792 [A, B, C, E, D, F, G, I, H, N, O, M, F, G, I, H, J, K, F, G, H, I]"
8513,8513,I,artificial,I,complete,"792 [A, B, C, E, D, F, G, I, H, N, O, M, F, G, I, H, J, K, F, G, H, I]"
8514,8514,G,artificial,G,complete,"792 [A, B, C, E, D, F, G, I, H, N, O, M, F, G, I, H, J, K, F, G, H, I]"
8515,8515,F,artificial,F,complete,"792 [A, B, C, E, D, F, G, I, H, N, O, M, F, G, I, H, J, K, F, G, H, I]"
8516,8516,D,artificial,D_Dupli,complete,"792 [A, B, C, E, D, F, G, I, H, N, O, M, F, G, I, H, J, K, F, G, H, I]"
8517,8517,E,artificial,D_Dupli,complete,"792 [A, B, C, E, D, F, G, I, H, N, O, M, F, G, I, H, J, K, F, G, H, I]"
8518,8518,C,artificial,D_Dupli,complete,"792 [A, B, C, E, D, F, G, I, H, N, O, M, F, G, I, H, J, K, F, G, H, I]"
8519,8519,B,artificial,D_Dupli,complete,"792 [A, B, C, E, D, F, G, I, H, N, O, M, F, G, I, H, J, K, F, G, H, I]"
8520,8520,A,artificial,A,complete,"792 [A, B, C, E, D, F, G, I, H, N, O, M, F, G, I, H, J, K, F, G, H, I]"
8521,8521,O,artificial,O,complete,"792 [A, B, C, E, D, F, G, I, H, N, O, M, F, G, I, H, J, K, F, G, H, I]"
8522,8522,H,artificial,H,complete,"793 [A, B, D, E, C, F, G, I, H]"
8523,8523,I,artificial,I,complete,"793 [A, B, D, E, C, F, G, I, H]"
8524,8524,G,artificial,G,complete,"793 [A, B, D, E, C, F, G, I, H]"
8525,8525,F,artificial,F,complete,"793 [A, B, D, E, C, F, G, I, H]"
8526,8526,A,artificial,A,complete,"793 [A, B, D, E, C, F, G, I, H]"
8527,8527,E,artificial,D_Dupli,complete,"793 [A, B, D, E, C, F, G, I, H]"
8528,8528,D,artificial,D_Dupli,complete,"793 [A, B, D, E, C, F, G, I, H]"
8529,8529,B,artificial,D_Dupli,complete,"793 [A, B, D, E, C, F, G, I, H]"
8530,8530,C,artificial,D_Dupli,complete,"793 [A, B, D, E, C, F, G, I, H]"
8531,8531,F,artificial,F,complete,"794 [B, A, E, C, D, F, G, H, I]"
8532,8532,I,artificial,I,complete,"794 [B, A, E, C, D, F, G, H, I]"
8533,8533,G,artificial,G,complete,"794 [B, A, E, C, D, F, G, H, I]"
8534,8534,D,artificial,D_Dupli,complete,"794 [B, A, E, C, D, F, G, H, I]"
8535,8535,H,artificial,H,complete,"794 [B, A, E, C, D, F, G, H, I]"
8536,8536,E,artificial,D_Dupli,complete,"794 [B, A, E, C, D, F, G, H, I]"
8537,8537,A,artificial,A,complete,"794 [B, A, E, C, D, F, G, H, I]"
8538,8538,C,artificial,D_Dupli,complete,"794 [B, A, E, C, D, F, G, H, I]"
8539,8539,B,artificial,D_Dupli,complete,"794 [B, A, E, C, D, F, G, H, I]"
8540,8540,H,artificial,H,complete,"795 [A, B, D, C, E, F, G, H, I]"
8541,8541,G,artificial,G,complete,"795 [A, B, D, C, E, F, G, H, I]"
8542,8542,F,artificial,F,complete,"795 [A, B, D, C, E, F, G, H, I]"
8543,8543,E,artificial,D_Dupli,complete,"795 [A, B, D, C, E, F, G, H, I]"
8544,8544,I,artificial,I,complete,"795 [A, B, D, C, E, F, G, H, I]"
8545,8545,D,artificial,D_Dupli,complete,"795 [A, B, D, C, E, F, G, H, I]"
8546,8546,B,artificial,D_Dupli,complete,"795 [A, B, D, C, E, F, G, H, I]"
8547,8547,A,artificial,A,complete,"795 [A, B, D, C, E, F, G, H, I]"
8548,8548,C,artificial,D_Dupli,complete,"795 [A, B, D, C, E, F, G, H, I]"
8549,8549,H,artificial,H,complete,"796 [A, B, C, D, E, F, G, I, H]"
8550,8550,I,artificial,I,complete,"796 [A, B, C, D, E, F, G, I, H]"
8551,8551,G,artificial,G,complete,"796 [A, B, C, D, E, F, G, I, H]"
8552,8552,F,artificial,F,complete,"796 [A, B, C, D, E, F, G, I, H]"
8553,8553,E,artificial,D_Dupli,complete,"796 [A, B, C, D, E, F, G, I, H]"
8554,8554,C,artificial,D_Dupli,complete,"796 [A, B, C, D, E, F, G, I, H]"
8555,8555,B,artificial,D_Dupli,complete,"796 [A, B, C, D, E, F, G, I, H]"
8556,8556,A,artificial,A,complete,"796 [A, B, C, D, E, F, G, I, H]"
8557,8557,D,artificial,D_Dupli,complete,"796 [A, B, C, D, E, F, G, I, H]"
8558,8558,I,artificial,I,complete,"797 [B, A, E, D, C, F, G, H, I]"
8559,8559,H,artificial,H,complete,"797 [B, A, E, D, C, F, G, H, I]"
8560,8560,G,artificial,G,complete,"797 [B, A, E, D, C, F, G, H, I]"
8561,8561,F,artificial,F,complete,"797 [B, A, E, D, C, F, G, H, I]"
8562,8562,E,artificial,D_Dupli,complete,"797 [B, A, E, D, C, F, G, H, I]"
8563,8563,D,artificial,D_Dupli,complete,"797 [B, A, E, D, C, F, G, H, I]"
8564,8564,A,artificial,A,complete,"797 [B, A, E, D, C, F, G, H, I]"
8565,8565,B,artificial,D_Dupli,complete,"797 [B, A, E, D, C, F, G, H, I]"
8566,8566,C,artificial,D_Dupli,complete,"797 [B, A, E, D, C, F, G, H, I]"
8567,8567,H,artificial,H,complete,"798 [A, B, E, C, D, F, G, I, H]"
8568,8568,I,artificial,I,complete,"798 [A, B, E, C, D, F, G, I, H]"
8569,8569,F,artificial,F,complete,"798 [A, B, E, C, D, F, G, I, H]"
8570,8570,D,artificial,D_Dupli,complete,"798 [A, B, E, C, D, F, G, I, H]"
8571,8571,G,artificial,G,complete,"798 [A, B, E, C, D, F, G, I, H]"
8572,8572,E,artificial,D_Dupli,complete,"798 [A, B, E, C, D, F, G, I, H]"
8573,8573,B,artificial,D_Dupli,complete,"798 [A, B, E, C, D, F, G, I, H]"
8574,8574,A,artificial,A,complete,"798 [A, B, E, C, D, F, G, I, H]"
8575,8575,C,artificial,D_Dupli,complete,"798 [A, B, E, C, D, F, G, I, H]"
8576,8576,B,artificial,D_Dupli,complete,"799 [A, B, C, D, E, F, G, H, I]"
8577,8577,I,artificial,I,complete,"799 [A, B, C, D, E, F, G, H, I]"
8578,8578,H,artificial,H,complete,"799 [A, B, C, D, E, F, G, H, I]"
8579,8579,G,artificial,G,complete,"799 [A, B, C, D, E, F, G, H, I]"
8580,8580,F,artificial,F,complete,"799 [A, B, C, D, E, F, G, H, I]"
8581,8581,E,artificial,D_Dupli,complete,"799 [A, B, C, D, E, F, G, H, I]"
8582,8582,A,artificial,A,complete,"799 [A, B, C, D, E, F, G, H, I]"
8583,8583,D,artificial,D_Dupli,complete,"799 [A, B, C, D, E, F, G, H, I]"
8584,8584,C,artificial,D_Dupli,complete,"799 [A, B, C, D, E, F, G, H, I]"
8585,8585,A,artificial,A,complete,"8 [A, B, E, C, D, F, G, H, I]"
8586,8586,C,artificial,D_Dupli,complete,"8 [A, B, E, C, D, F, G, H, I]"
8587,8587,B,artificial,D_Dupli,complete,"8 [A, B, E, C, D, F, G, H, I]"
8588,8588,E,artificial,D_Dupli,complete,"8 [A, B, E, C, D, F, G, H, I]"
8589,8589,D,artificial,D_Dupli,complete,"8 [A, B, E, C, D, F, G, H, I]"
8590,8590,F,artificial,F,complete,"8 [A, B, E, C, D, F, G, H, I]"
8591,8591,G,artificial,G,complete,"8 [A, B, E, C, D, F, G, H, I]"
8592,8592,H,artificial,H,complete,"8 [A, B, E, C, D, F, G, H, I]"
8593,8593,I,artificial,I,complete,"8 [A, B, E, C, D, F, G, H, I]"
8594,8594,H,artificial,H,complete,"80 [B, A, E, D, C, F, G, I, H]"
8595,8595,A,artificial,A,complete,"80 [B, A, E, D, C, F, G, I, H]"
8596,8596,E,artificial,D_Dupli,complete,"80 [B, A, E, D, C, F, G, I, H]"
8597,8597,D,artificial,D_Dupli,complete,"80 [B, A, E, D, C, F, G, I, H]"
8598,8598,C,artificial,D_Dupli,complete,"80 [B, A, E, D, C, F, G, I, H]"
8599,8599,F,artificial,F,complete,"80 [B, A, E, D, C, F, G, I, H]"
8600,8600,G,artificial,G,complete,"80 [B, A, E, D, C, F, G, I, H]"
8601,8601,I,artificial,I,complete,"80 [B, A, E, D, C, F, G, I, H]"
8602,8602,B,artificial,D_Dupli,complete,"80 [B, A, E, D, C, F, G, I, H]"
8603,8603,I,artificial,I,complete,"800 [A, B, D, C, E, F, G, H, I]"
8604,8604,H,artificial,H,complete,"800 [A, B, D, C, E, F, G, H, I]"
8605,8605,G,artificial,G,complete,"800 [A, B, D, C, E, F, G, H, I]"
8606,8606,F,artificial,F,complete,"800 [A, B, D, C, E, F, G, H, I]"
8607,8607,D,artificial,D_Dupli,complete,"800 [A, B, D, C, E, F, G, H, I]"
8608,8608,C,artificial,D_Dupli,complete,"800 [A, B, D, C, E, F, G, H, I]"
8609,8609,B,artificial,D_Dupli,complete,"800 [A, B, D, C, E, F, G, H, I]"
8610,8610,A,artificial,A,complete,"800 [A, B, D, C, E, F, G, H, I]"
8611,8611,E,artificial,D_Dupli,complete,"800 [A, B, D, C, E, F, G, H, I]"
8612,8612,G,artificial,G,complete,"801 [A, B, E, D, C, F, G, I, H]"
8613,8613,H,artificial,H,complete,"801 [A, B, E, D, C, F, G, I, H]"
8614,8614,I,artificial,I,complete,"801 [A, B, E, D, C, F, G, I, H]"
8615,8615,F,artificial,F,complete,"801 [A, B, E, D, C, F, G, I, H]"
8616,8616,B,artificial,D_Dupli,complete,"801 [A, B, E, D, C, F, G, I, H]"
8617,8617,D,artificial,D_Dupli,complete,"801 [A, B, E, D, C, F, G, I, H]"
8618,8618,E,artificial,D_Dupli,complete,"801 [A, B, E, D, C, F, G, I, H]"
8619,8619,A,artificial,A,complete,"801 [A, B, E, D, C, F, G, I, H]"
8620,8620,C,artificial,D_Dupli,complete,"801 [A, B, E, D, C, F, G, I, H]"
8621,8621,H,artificial,H,complete,"802 [A, B, E, C, D, F, G, H, I, J, K, F, G, I, H]"
8622,8622,G,artificial,G,complete,"802 [A, B, E, C, D, F, G, H, I, J, K, F, G, I, H]"
8623,8623,F,artificial,F,complete,"802 [A, B, E, C, D, F, G, H, I, J, K, F, G, I, H]"
8624,8624,K,artificial,K,complete,"802 [A, B, E, C, D, F, G, H, I, J, K, F, G, I, H]"
8625,8625,J,artificial,J,complete,"802 [A, B, E, C, D, F, G, H, I, J, K, F, G, I, H]"
8626,8626,H,artificial,H,complete,"802 [A, B, E, C, D, F, G, H, I, J, K, F, G, I, H]"
8627,8627,I,artificial,I,complete,"802 [A, B, E, C, D, F, G, H, I, J, K, F, G, I, H]"
8628,8628,F,artificial,F,complete,"802 [A, B, E, C, D, F, G, H, I, J, K, F, G, I, H]"
8629,8629,D,artificial,D_Dupli,complete,"802 [A, B, E, C, D, F, G, H, I, J, K, F, G, I, H]"
8630,8630,C,artificial,D_Dupli,complete,"802 [A, B, E, C, D, F, G, H, I, J, K, F, G, I, H]"
8631,8631,E,artificial,D_Dupli,complete,"802 [A, B, E, C, D, F, G, H, I, J, K, F, G, I, H]"
8632,8632,B,artificial,D_Dupli,complete,"802 [A, B, E, C, D, F, G, H, I, J, K, F, G, I, H]"
8633,8633,A,artificial,A,complete,"802 [A, B, E, C, D, F, G, H, I, J, K, F, G, I, H]"
8634,8634,G,artificial,G,complete,"802 [A, B, E, C, D, F, G, H, I, J, K, F, G, I, H]"
8635,8635,I,artificial,I,complete,"802 [A, B, E, C, D, F, G, H, I, J, K, F, G, I, H]"
8636,8636,F,artificial,F,complete,"803 [B, A, C, D, E, F, G, I, H]"
8637,8637,B,artificial,D_Dupli,complete,"803 [B, A, C, D, E, F, G, I, H]"
8638,8638,A,artificial,A,complete,"803 [B, A, C, D, E, F, G, I, H]"
8639,8639,C,artificial,D_Dupli,complete,"803 [B, A, C, D, E, F, G, I, H]"
8640,8640,D,artificial,D_Dupli,complete,"803 [B, A, C, D, E, F, G, I, H]"
8641,8641,E,artificial,D_Dupli,complete,"803 [B, A, C, D, E, F, G, I, H]"
8642,8642,G,artificial,G,complete,"803 [B, A, C, D, E, F, G, I, H]"
8643,8643,H,artificial,H,complete,"803 [B, A, C, D, E, F, G, I, H]"
8644,8644,I,artificial,I,complete,"803 [B, A, C, D, E, F, G, I, H]"
8645,8645,I,artificial,I,complete,"804 [A, B, D, E, C, F, G, H, I]"
8646,8646,G,artificial,G,complete,"804 [A, B, D, E, C, F, G, H, I]"
8647,8647,F,artificial,F,complete,"804 [A, B, D, E, C, F, G, H, I]"
8648,8648,H,artificial,H,complete,"804 [A, B, D, E, C, F, G, H, I]"
8649,8649,E,artificial,D_Dupli,complete,"804 [A, B, D, E, C, F, G, H, I]"
8650,8650,D,artificial,D_Dupli,complete,"804 [A, B, D, E, C, F, G, H, I]"
8651,8651,B,artificial,D_Dupli,complete,"804 [A, B, D, E, C, F, G, H, I]"
8652,8652,A,artificial,A,complete,"804 [A, B, D, E, C, F, G, H, I]"
8653,8653,C,artificial,D_Dupli,complete,"804 [A, B, D, E, C, F, G, H, I]"
8654,8654,L,artificial,L,complete,"805 [B, A, C, E, D, F, G, I, H, J, K, F, G, I, H, O, N, M, F, G, I, H, J, K, L, J, K, L, J, K, F, G, I, H, J, K, F, G, I, H, N, M, O, F, G, H, I]"
8655,8655,G,artificial,G,complete,"805 [B, A, C, E, D, F, G, I, H, J, K, F, G, I, H, O, N, M, F, G, I, H, J, K, L, J, K, L, J, K, F, G, I, H, J, K, F, G, I, H, N, M, O, F, G, H, I]"
8656,8656,J,artificial,J,complete,"805 [B, A, C, E, D, F, G, I, H, J, K, F, G, I, H, O, N, M, F, G, I, H, J, K, L, J, K, L, J, K, F, G, I, H, J, K, F, G, I, H, N, M, O, F, G, H, I]"
8657,8657,K,artificial,K,complete,"805 [B, A, C, E, D, F, G, I, H, J, K, F, G, I, H, O, N, M, F, G, I, H, J, K, L, J, K, L, J, K, F, G, I, H, J, K, F, G, I, H, N, M, O, F, G, H, I]"
8658,8658,L,artificial,L,complete,"805 [B, A, C, E, D, F, G, I, H, J, K, F, G, I, H, O, N, M, F, G, I, H, J, K, L, J, K, L, J, K, F, G, I, H, J, K, F, G, I, H, N, M, O, F, G, H, I]"
8659,8659,J,artificial,J,complete,"805 [B, A, C, E, D, F, G, I, H, J, K, F, G, I, H, O, N, M, F, G, I, H, J, K, L, J, K, L, J, K, F, G, I, H, J, K, F, G, I, H, N, M, O, F, G, H, I]"
8660,8660,K,artificial,K,complete,"805 [B, A, C, E, D, F, G, I, H, J, K, F, G, I, H, O, N, M, F, G, I, H, J, K, L, J, K, L, J, K, F, G, I, H, J, K, F, G, I, H, N, M, O, F, G, H, I]"
8661,8661,F,artificial,F,complete,"805 [B, A, C, E, D, F, G, I, H, J, K, F, G, I, H, O, N, M, F, G, I, H, J, K, L, J, K, L, J, K, F, G, I, H, J, K, F, G, I, H, N, M, O, F, G, H, I]"
8662,8662,I,artificial,I,complete,"805 [B, A, C, E, D, F, G, I, H, J, K, F, G, I, H, O, N, M, F, G, I, H, J, K, L, J, K, L, J, K, F, G, I, H, J, K, F, G, I, H, N, M, O, F, G, H, I]"
8663,8663,G,artificial,G,complete,"805 [B, A, C, E, D, F, G, I, H, J, K, F, G, I, H, O, N, M, F, G, I, H, J, K, L, J, K, L, J, K, F, G, I, H, J, K, F, G, I, H, N, M, O, F, G, H, I]"
8664,8664,J,artificial,J,complete,"805 [B, A, C, E, D, F, G, I, H, J, K, F, G, I, H, O, N, M, F, G, I, H, J, K, L, J, K, L, J, K, F, G, I, H, J, K, F, G, I, H, N, M, O, F, G, H, I]"
8665,8665,K,artificial,K,complete,"805 [B, A, C, E, D, F, G, I, H, J, K, F, G, I, H, O, N, M, F, G, I, H, J, K, L, J, K, L, J, K, F, G, I, H, J, K, F, G, I, H, N, M, O, F, G, H, I]"
8666,8666,F,artificial,F,complete,"805 [B, A, C, E, D, F, G, I, H, J, K, F, G, I, H, O, N, M, F, G, I, H, J, K, L, J, K, L, J, K, F, G, I, H, J, K, F, G, I, H, N, M, O, F, G, H, I]"
8667,8667,K,artificial,K,complete,"805 [B, A, C, E, D, F, G, I, H, J, K, F, G, I, H, O, N, M, F, G, I, H, J, K, L, J, K, L, J, K, F, G, I, H, J, K, F, G, I, H, N, M, O, F, G, H, I]"
8668,8668,I,artificial,I,complete,"805 [B, A, C, E, D, F, G, I, H, J, K, F, G, I, H, O, N, M, F, G, I, H, J, K, L, J, K, L, J, K, F, G, I, H, J, K, F, G, I, H, N, M, O, F, G, H, I]"
8669,8669,H,artificial,H,complete,"805 [B, A, C, E, D, F, G, I, H, J, K, F, G, I, H, O, N, M, F, G, I, H, J, K, L, J, K, L, J, K, F, G, I, H, J, K, F, G, I, H, N, M, O, F, G, H, I]"
8670,8670,N,artificial,N,complete,"805 [B, A, C, E, D, F, G, I, H, J, K, F, G, I, H, O, N, M, F, G, I, H, J, K, L, J, K, L, J, K, F, G, I, H, J, K, F, G, I, H, N, M, O, F, G, H, I]"
8671,8671,M,artificial,M,complete,"805 [B, A, C, E, D, F, G, I, H, J, K, F, G, I, H, O, N, M, F, G, I, H, J, K, L, J, K, L, J, K, F, G, I, H, J, K, F, G, I, H, N, M, O, F, G, H, I]"
8672,8672,O,artificial,O,complete,"805 [B, A, C, E, D, F, G, I, H, J, K, F, G, I, H, O, N, M, F, G, I, H, J, K, L, J, K, L, J, K, F, G, I, H, J, K, F, G, I, H, N, M, O, F, G, H, I]"
8673,8673,F,artificial,F,complete,"805 [B, A, C, E, D, F, G, I, H, J, K, F, G, I, H, O, N, M, F, G, I, H, J, K, L, J, K, L, J, K, F, G, I, H, J, K, F, G, I, H, N, M, O, F, G, H, I]"
8674,8674,H,artificial,H,complete,"805 [B, A, C, E, D, F, G, I, H, J, K, F, G, I, H, O, N, M, F, G, I, H, J, K, L, J, K, L, J, K, F, G, I, H, J, K, F, G, I, H, N, M, O, F, G, H, I]"
8675,8675,J,artificial,J,complete,"805 [B, A, C, E, D, F, G, I, H, J, K, F, G, I, H, O, N, M, F, G, I, H, J, K, L, J, K, L, J, K, F, G, I, H, J, K, F, G, I, H, N, M, O, F, G, H, I]"
8676,8676,M,artificial,M,complete,"805 [B, A, C, E, D, F, G, I, H, J, K, F, G, I, H, O, N, M, F, G, I, H, J, K, L, J, K, L, J, K, F, G, I, H, J, K, F, G, I, H, N, M, O, F, G, H, I]"
8677,8677,I,artificial,I,complete,"805 [B, A, C, E, D, F, G, I, H, J, K, F, G, I, H, O, N, M, F, G, I, H, J, K, L, J, K, L, J, K, F, G, I, H, J, K, F, G, I, H, N, M, O, F, G, H, I]"
8678,8678,I,artificial,I,complete,"805 [B, A, C, E, D, F, G, I, H, J, K, F, G, I, H, O, N, M, F, G, I, H, J, K, L, J, K, L, J, K, F, G, I, H, J, K, F, G, I, H, N, M, O, F, G, H, I]"
8679,8679,B,artificial,D_Dupli,complete,"805 [B, A, C, E, D, F, G, I, H, J, K, F, G, I, H, O, N, M, F, G, I, H, J, K, L, J, K, L, J, K, F, G, I, H, J, K, F, G, I, H, N, M, O, F, G, H, I]"
8680,8680,A,artificial,A,complete,"805 [B, A, C, E, D, F, G, I, H, J, K, F, G, I, H, O, N, M, F, G, I, H, J, K, L, J, K, L, J, K, F, G, I, H, J, K, F, G, I, H, N, M, O, F, G, H, I]"
8681,8681,C,artificial,D_Dupli,complete,"805 [B, A, C, E, D, F, G, I, H, J, K, F, G, I, H, O, N, M, F, G, I, H, J, K, L, J, K, L, J, K, F, G, I, H, J, K, F, G, I, H, N, M, O, F, G, H, I]"
8682,8682,E,artificial,D_Dupli,complete,"805 [B, A, C, E, D, F, G, I, H, J, K, F, G, I, H, O, N, M, F, G, I, H, J, K, L, J, K, L, J, K, F, G, I, H, J, K, F, G, I, H, N, M, O, F, G, H, I]"
8683,8683,D,artificial,D_Dupli,complete,"805 [B, A, C, E, D, F, G, I, H, J, K, F, G, I, H, O, N, M, F, G, I, H, J, K, L, J, K, L, J, K, F, G, I, H, J, K, F, G, I, H, N, M, O, F, G, H, I]"
8684,8684,F,artificial,F,complete,"805 [B, A, C, E, D, F, G, I, H, J, K, F, G, I, H, O, N, M, F, G, I, H, J, K, L, J, K, L, J, K, F, G, I, H, J, K, F, G, I, H, N, M, O, F, G, H, I]"
8685,8685,G,artificial,G,complete,"805 [B, A, C, E, D, F, G, I, H, J, K, F, G, I, H, O, N, M, F, G, I, H, J, K, L, J, K, L, J, K, F, G, I, H, J, K, F, G, I, H, N, M, O, F, G, H, I]"
8686,8686,I,artificial,I,complete,"805 [B, A, C, E, D, F, G, I, H, J, K, F, G, I, H, O, N, M, F, G, I, H, J, K, L, J, K, L, J, K, F, G, I, H, J, K, F, G, I, H, N, M, O, F, G, H, I]"
8687,8687,H,artificial,H,complete,"805 [B, A, C, E, D, F, G, I, H, J, K, F, G, I, H, O, N, M, F, G, I, H, J, K, L, J, K, L, J, K, F, G, I, H, J, K, F, G, I, H, N, M, O, F, G, H, I]"
8688,8688,H,artificial,H,complete,"805 [B, A, C, E, D, F, G, I, H, J, K, F, G, I, H, O, N, M, F, G, I, H, J, K, L, J, K, L, J, K, F, G, I, H, J, K, F, G, I, H, N, M, O, F, G, H, I]"
8689,8689,K,artificial,K,complete,"805 [B, A, C, E, D, F, G, I, H, J, K, F, G, I, H, O, N, M, F, G, I, H, J, K, L, J, K, L, J, K, F, G, I, H, J, K, F, G, I, H, N, M, O, F, G, H, I]"
8690,8690,F,artificial,F,complete,"805 [B, A, C, E, D, F, G, I, H, J, K, F, G, I, H, O, N, M, F, G, I, H, J, K, L, J, K, L, J, K, F, G, I, H, J, K, F, G, I, H, N, M, O, F, G, H, I]"
8691,8691,G,artificial,G,complete,"805 [B, A, C, E, D, F, G, I, H, J, K, F, G, I, H, O, N, M, F, G, I, H, J, K, L, J, K, L, J, K, F, G, I, H, J, K, F, G, I, H, N, M, O, F, G, H, I]"
8692,8692,I,artificial,I,complete,"805 [B, A, C, E, D, F, G, I, H, J, K, F, G, I, H, O, N, M, F, G, I, H, J, K, L, J, K, L, J, K, F, G, I, H, J, K, F, G, I, H, N, M, O, F, G, H, I]"
8693,8693,H,artificial,H,complete,"805 [B, A, C, E, D, F, G, I, H, J, K, F, G, I, H, O, N, M, F, G, I, H, J, K, L, J, K, L, J, K, F, G, I, H, J, K, F, G, I, H, N, M, O, F, G, H, I]"
8694,8694,O,artificial,O,complete,"805 [B, A, C, E, D, F, G, I, H, J, K, F, G, I, H, O, N, M, F, G, I, H, J, K, L, J, K, L, J, K, F, G, I, H, J, K, F, G, I, H, N, M, O, F, G, H, I]"
8695,8695,N,artificial,N,complete,"805 [B, A, C, E, D, F, G, I, H, J, K, F, G, I, H, O, N, M, F, G, I, H, J, K, L, J, K, L, J, K, F, G, I, H, J, K, F, G, I, H, N, M, O, F, G, H, I]"
8696,8696,F,artificial,F,complete,"805 [B, A, C, E, D, F, G, I, H, J, K, F, G, I, H, O, N, M, F, G, I, H, J, K, L, J, K, L, J, K, F, G, I, H, J, K, F, G, I, H, N, M, O, F, G, H, I]"
8697,8697,G,artificial,G,complete,"805 [B, A, C, E, D, F, G, I, H, J, K, F, G, I, H, O, N, M, F, G, I, H, J, K, L, J, K, L, J, K, F, G, I, H, J, K, F, G, I, H, N, M, O, F, G, H, I]"
8698,8698,J,artificial,J,complete,"805 [B, A, C, E, D, F, G, I, H, J, K, F, G, I, H, O, N, M, F, G, I, H, J, K, L, J, K, L, J, K, F, G, I, H, J, K, F, G, I, H, N, M, O, F, G, H, I]"
8699,8699,G,artificial,G,complete,"805 [B, A, C, E, D, F, G, I, H, J, K, F, G, I, H, O, N, M, F, G, I, H, J, K, L, J, K, L, J, K, F, G, I, H, J, K, F, G, I, H, N, M, O, F, G, H, I]"
8700,8700,H,artificial,H,complete,"805 [B, A, C, E, D, F, G, I, H, J, K, F, G, I, H, O, N, M, F, G, I, H, J, K, L, J, K, L, J, K, F, G, I, H, J, K, F, G, I, H, N, M, O, F, G, H, I]"
8701,8701,J,artificial,J,complete,"806 [B, A, D, C, E, F, G, I, H, J, K, F, G, I, H]"
8702,8702,H,artificial,H,complete,"806 [B, A, D, C, E, F, G, I, H, J, K, F, G, I, H]"
8703,8703,B,artificial,D_Dupli,complete,"806 [B, A, D, C, E, F, G, I, H, J, K, F, G, I, H]"
8704,8704,A,artificial,A,complete,"806 [B, A, D, C, E, F, G, I, H, J, K, F, G, I, H]"
8705,8705,D,artificial,D_Dupli,complete,"806 [B, A, D, C, E, F, G, I, H, J, K, F, G, I, H]"
8706,8706,I,artificial,I,complete,"806 [B, A, D, C, E, F, G, I, H, J, K, F, G, I, H]"
8707,8707,G,artificial,G,complete,"806 [B, A, D, C, E, F, G, I, H, J, K, F, G, I, H]"
8708,8708,F,artificial,F,complete,"806 [B, A, D, C, E, F, G, I, H, J, K, F, G, I, H]"
8709,8709,E,artificial,D_Dupli,complete,"806 [B, A, D, C, E, F, G, I, H, J, K, F, G, I, H]"
8710,8710,K,artificial,K,complete,"806 [B, A, D, C, E, F, G, I, H, J, K, F, G, I, H]"
8711,8711,F,artificial,F,complete,"806 [B, A, D, C, E, F, G, I, H, J, K, F, G, I, H]"
8712,8712,G,artificial,G,complete,"806 [B, A, D, C, E, F, G, I, H, J, K, F, G, I, H]"
8713,8713,I,artificial,I,complete,"806 [B, A, D, C, E, F, G, I, H, J, K, F, G, I, H]"
8714,8714,H,artificial,H,complete,"806 [B, A, D, C, E, F, G, I, H, J, K, F, G, I, H]"
8715,8715,C,artificial,D_Dupli,complete,"806 [B, A, D, C, E, F, G, I, H, J, K, F, G, I, H]"
8716,8716,H,artificial,H,complete,"807 [A, B, E, D, C, F, G, H, I]"
8717,8717,I,artificial,I,complete,"807 [A, B, E, D, C, F, G, H, I]"
8718,8718,G,artificial,G,complete,"807 [A, B, E, D, C, F, G, H, I]"
8719,8719,F,artificial,F,complete,"807 [A, B, E, D, C, F, G, H, I]"
8720,8720,A,artificial,A,complete,"807 [A, B, E, D, C, F, G, H, I]"
8721,8721,D,artificial,D_Dupli,complete,"807 [A, B, E, D, C, F, G, H, I]"
8722,8722,E,artificial,D_Dupli,complete,"807 [A, B, E, D, C, F, G, H, I]"
8723,8723,B,artificial,D_Dupli,complete,"807 [A, B, E, D, C, F, G, H, I]"
8724,8724,C,artificial,D_Dupli,complete,"807 [A, B, E, D, C, F, G, H, I]"
8725,8725,G,artificial,G,complete,"808 [B, A, C, D, E, F, G, I, H]"
8726,8726,B,artificial,D_Dupli,complete,"808 [B, A, C, D, E, F, G, I, H]"
8727,8727,A,artificial,A,complete,"808 [B, A, C, D, E, F, G, I, H]"
8728,8728,C,artificial,D_Dupli,complete,"808 [B, A, C, D, E, F, G, I, H]"
8729,8729,D,artificial,D_Dupli,complete,"808 [B, A, C, D, E, F, G, I, H]"
8730,8730,F,artificial,F,complete,"808 [B, A, C, D, E, F, G, I, H]"
8731,8731,I,artificial,I,complete,"808 [B, A, C, D, E, F, G, I, H]"
8732,8732,E,artificial,D_Dupli,complete,"808 [B, A, C, D, E, F, G, I, H]"
8733,8733,H,artificial,H,complete,"808 [B, A, C, D, E, F, G, I, H]"
8734,8734,B,artificial,D_Dupli,complete,"809 [B, A, E, D, C, F, G, I, H, O, N, M, F, G, I, H]"
8735,8735,H,artificial,H,complete,"809 [B, A, E, D, C, F, G, I, H, O, N, M, F, G, I, H]"
8736,8736,I,artificial,I,complete,"809 [B, A, E, D, C, F, G, I, H, O, N, M, F, G, I, H]"
8737,8737,G,artificial,G,complete,"809 [B, A, E, D, C, F, G, I, H, O, N, M, F, G, I, H]"
8738,8738,F,artificial,F,complete,"809 [B, A, E, D, C, F, G, I, H, O, N, M, F, G, I, H]"
8739,8739,M,artificial,M,complete,"809 [B, A, E, D, C, F, G, I, H, O, N, M, F, G, I, H]"
8740,8740,O,artificial,O,complete,"809 [B, A, E, D, C, F, G, I, H, O, N, M, F, G, I, H]"
8741,8741,H,artificial,H,complete,"809 [B, A, E, D, C, F, G, I, H, O, N, M, F, G, I, H]"
8742,8742,N,artificial,N,complete,"809 [B, A, E, D, C, F, G, I, H, O, N, M, F, G, I, H]"
8743,8743,G,artificial,G,complete,"809 [B, A, E, D, C, F, G, I, H, O, N, M, F, G, I, H]"
8744,8744,F,artificial,F,complete,"809 [B, A, E, D, C, F, G, I, H, O, N, M, F, G, I, H]"
8745,8745,C,artificial,D_Dupli,complete,"809 [B, A, E, D, C, F, G, I, H, O, N, M, F, G, I, H]"
8746,8746,D,artificial,D_Dupli,complete,"809 [B, A, E, D, C, F, G, I, H, O, N, M, F, G, I, H]"
8747,8747,E,artificial,D_Dupli,complete,"809 [B, A, E, D, C, F, G, I, H, O, N, M, F, G, I, H]"
8748,8748,A,artificial,A,complete,"809 [B, A, E, D, C, F, G, I, H, O, N, M, F, G, I, H]"
8749,8749,I,artificial,I,complete,"809 [B, A, E, D, C, F, G, I, H, O, N, M, F, G, I, H]"
8750,8750,A,artificial,A,complete,"81 [B, A, C, E, D, F, G, I, H]"
8751,8751,D,artificial,D_Dupli,complete,"81 [B, A, C, E, D, F, G, I, H]"
8752,8752,F,artificial,F,complete,"81 [B, A, C, E, D, F, G, I, H]"
8753,8753,G,artificial,G,complete,"81 [B, A, C, E, D, F, G, I, H]"
8754,8754,I,artificial,I,complete,"81 [B, A, C, E, D, F, G, I, H]"
8755,8755,H,artificial,H,complete,"81 [B, A, C, E, D, F, G, I, H]"
8756,8756,B,artificial,D_Dupli,complete,"81 [B, A, C, E, D, F, G, I, H]"
8757,8757,C,artificial,D_Dupli,complete,"81 [B, A, C, E, D, F, G, I, H]"
8758,8758,E,artificial,D_Dupli,complete,"81 [B, A, C, E, D, F, G, I, H]"
8759,8759,I,artificial,I,complete,"810 [B, A, E, C, D, F, G, H, I]"
8760,8760,G,artificial,G,complete,"810 [B, A, E, C, D, F, G, H, I]"
8761,8761,F,artificial,F,complete,"810 [B, A, E, C, D, F, G, H, I]"
8762,8762,D,artificial,D_Dupli,complete,"810 [B, A, E, C, D, F, G, H, I]"
8763,8763,C,artificial,D_Dupli,complete,"810 [B, A, E, C, D, F, G, H, I]"
8764,8764,E,artificial,D_Dupli,complete,"810 [B, A, E, C, D, F, G, H, I]"
8765,8765,B,artificial,D_Dupli,complete,"810 [B, A, E, C, D, F, G, H, I]"
8766,8766,H,artificial,H,complete,"810 [B, A, E, C, D, F, G, H, I]"
8767,8767,A,artificial,A,complete,"810 [B, A, E, C, D, F, G, H, I]"
8768,8768,F,artificial,F,complete,"811 [A, B, E, D, C, F, G, I, H]"
8769,8769,H,artificial,H,complete,"811 [A, B, E, D, C, F, G, I, H]"
8770,8770,I,artificial,I,complete,"811 [A, B, E, D, C, F, G, I, H]"
8771,8771,C,artificial,D_Dupli,complete,"811 [A, B, E, D, C, F, G, I, H]"
8772,8772,G,artificial,G,complete,"811 [A, B, E, D, C, F, G, I, H]"
8773,8773,E,artificial,D_Dupli,complete,"811 [A, B, E, D, C, F, G, I, H]"
8774,8774,B,artificial,D_Dupli,complete,"811 [A, B, E, D, C, F, G, I, H]"
8775,8775,A,artificial,A,complete,"811 [A, B, E, D, C, F, G, I, H]"
8776,8776,D,artificial,D_Dupli,complete,"811 [A, B, E, D, C, F, G, I, H]"
8777,8777,C,artificial,D_Dupli,complete,"812 [B, A, C, E, D, F, G, I, H]"
8778,8778,E,artificial,D_Dupli,complete,"812 [B, A, C, E, D, F, G, I, H]"
8779,8779,D,artificial,D_Dupli,complete,"812 [B, A, C, E, D, F, G, I, H]"
8780,8780,F,artificial,F,complete,"812 [B, A, C, E, D, F, G, I, H]"
8781,8781,G,artificial,G,complete,"812 [B, A, C, E, D, F, G, I, H]"
8782,8782,I,artificial,I,complete,"812 [B, A, C, E, D, F, G, I, H]"
8783,8783,B,artificial,D_Dupli,complete,"812 [B, A, C, E, D, F, G, I, H]"
8784,8784,A,artificial,A,complete,"812 [B, A, C, E, D, F, G, I, H]"
8785,8785,H,artificial,H,complete,"812 [B, A, C, E, D, F, G, I, H]"
8786,8786,D,artificial,D_Dupli,complete,"813 [B, A, C, E, D, F, G, H, I]"
8787,8787,E,artificial,D_Dupli,complete,"813 [B, A, C, E, D, F, G, H, I]"
8788,8788,C,artificial,D_Dupli,complete,"813 [B, A, C, E, D, F, G, H, I]"
8789,8789,A,artificial,A,complete,"813 [B, A, C, E, D, F, G, H, I]"
8790,8790,B,artificial,D_Dupli,complete,"813 [B, A, C, E, D, F, G, H, I]"
8791,8791,G,artificial,G,complete,"813 [B, A, C, E, D, F, G, H, I]"
8792,8792,H,artificial,H,complete,"813 [B, A, C, E, D, F, G, H, I]"
8793,8793,F,artificial,F,complete,"813 [B, A, C, E, D, F, G, H, I]"
8794,8794,I,artificial,I,complete,"813 [B, A, C, E, D, F, G, H, I]"
8795,8795,D,artificial,D_Dupli,complete,"814 [B, A, D, E, C, F, G, I, H]"
8796,8796,E,artificial,D_Dupli,complete,"814 [B, A, D, E, C, F, G, I, H]"
8797,8797,C,artificial,D_Dupli,complete,"814 [B, A, D, E, C, F, G, I, H]"
8798,8798,F,artificial,F,complete,"814 [B, A, D, E, C, F, G, I, H]"
8799,8799,G,artificial,G,complete,"814 [B, A, D, E, C, F, G, I, H]"
8800,8800,I,artificial,I,complete,"814 [B, A, D, E, C, F, G, I, H]"
8801,8801,H,artificial,H,complete,"814 [B, A, D, E, C, F, G, I, H]"
8802,8802,A,artificial,A,complete,"814 [B, A, D, E, C, F, G, I, H]"
8803,8803,B,artificial,D_Dupli,complete,"814 [B, A, D, E, C, F, G, I, H]"
8804,8804,I,artificial,I,complete,"815 [B, A, E, C, D, F, G, I, H]"
8805,8805,H,artificial,H,complete,"815 [B, A, E, C, D, F, G, I, H]"
8806,8806,G,artificial,G,complete,"815 [B, A, E, C, D, F, G, I, H]"
8807,8807,F,artificial,F,complete,"815 [B, A, E, C, D, F, G, I, H]"
8808,8808,D,artificial,D_Dupli,complete,"815 [B, A, E, C, D, F, G, I, H]"
8809,8809,C,artificial,D_Dupli,complete,"815 [B, A, E, C, D, F, G, I, H]"
8810,8810,A,artificial,A,complete,"815 [B, A, E, C, D, F, G, I, H]"
8811,8811,E,artificial,D_Dupli,complete,"815 [B, A, E, C, D, F, G, I, H]"
8812,8812,B,artificial,D_Dupli,complete,"815 [B, A, E, C, D, F, G, I, H]"
8813,8813,F,artificial,F,complete,"816 [A, B, D, E, C, F, G, H, I]"
8814,8814,D,artificial,D_Dupli,complete,"816 [A, B, D, E, C, F, G, H, I]"
8815,8815,G,artificial,G,complete,"816 [A, B, D, E, C, F, G, H, I]"
8816,8816,H,artificial,H,complete,"816 [A, B, D, E, C, F, G, H, I]"
8817,8817,I,artificial,I,complete,"816 [A, B, D, E, C, F, G, H, I]"
8818,8818,C,artificial,D_Dupli,complete,"816 [A, B, D, E, C, F, G, H, I]"
8819,8819,A,artificial,A,complete,"816 [A, B, D, E, C, F, G, H, I]"
8820,8820,B,artificial,D_Dupli,complete,"816 [A, B, D, E, C, F, G, H, I]"
8821,8821,E,artificial,D_Dupli,complete,"816 [A, B, D, E, C, F, G, H, I]"
8822,8822,I,artificial,I,complete,"817 [A, B, E, D, C, F, G, H, I, M, O, N, F, G, I, H]"
8823,8823,H,artificial,H,complete,"817 [A, B, E, D, C, F, G, H, I, M, O, N, F, G, I, H]"
8824,8824,M,artificial,M,complete,"817 [A, B, E, D, C, F, G, H, I, M, O, N, F, G, I, H]"
8825,8825,H,artificial,H,complete,"817 [A, B, E, D, C, F, G, H, I, M, O, N, F, G, I, H]"
8826,8826,I,artificial,I,complete,"817 [A, B, E, D, C, F, G, H, I, M, O, N, F, G, I, H]"
8827,8827,G,artificial,G,complete,"817 [A, B, E, D, C, F, G, H, I, M, O, N, F, G, I, H]"
8828,8828,F,artificial,F,complete,"817 [A, B, E, D, C, F, G, H, I, M, O, N, F, G, I, H]"
8829,8829,N,artificial,N,complete,"817 [A, B, E, D, C, F, G, H, I, M, O, N, F, G, I, H]"
8830,8830,O,artificial,O,complete,"817 [A, B, E, D, C, F, G, H, I, M, O, N, F, G, I, H]"
8831,8831,G,artificial,G,complete,"817 [A, B, E, D, C, F, G, H, I, M, O, N, F, G, I, H]"
8832,8832,F,artificial,F,complete,"817 [A, B, E, D, C, F, G, H, I, M, O, N, F, G, I, H]"
8833,8833,C,artificial,D_Dupli,complete,"817 [A, B, E, D, C, F, G, H, I, M, O, N, F, G, I, H]"
8834,8834,D,artificial,D_Dupli,complete,"817 [A, B, E, D, C, F, G, H, I, M, O, N, F, G, I, H]"
8835,8835,E,artificial,D_Dupli,complete,"817 [A, B, E, D, C, F, G, H, I, M, O, N, F, G, I, H]"
8836,8836,B,artificial,D_Dupli,complete,"817 [A, B, E, D, C, F, G, H, I, M, O, N, F, G, I, H]"
8837,8837,A,artificial,A,complete,"817 [A, B, E, D, C, F, G, H, I, M, O, N, F, G, I, H]"
8838,8838,G,artificial,G,complete,"818 [B, A, E, C, D, F, G, H, I, M, N, O, F, G, I, H]"
8839,8839,F,artificial,F,complete,"818 [B, A, E, C, D, F, G, H, I, M, N, O, F, G, I, H]"
8840,8840,O,artificial,O,complete,"818 [B, A, E, C, D, F, G, H, I, M, N, O, F, G, I, H]"
8841,8841,N,artificial,N,complete,"818 [B, A, E, C, D, F, G, H, I, M, N, O, F, G, I, H]"
8842,8842,M,artificial,M,complete,"818 [B, A, E, C, D, F, G, H, I, M, N, O, F, G, I, H]"
8843,8843,I,artificial,I,complete,"818 [B, A, E, C, D, F, G, H, I, M, N, O, F, G, I, H]"
8844,8844,H,artificial,H,complete,"818 [B, A, E, C, D, F, G, H, I, M, N, O, F, G, I, H]"
8845,8845,G,artificial,G,complete,"818 [B, A, E, C, D, F, G, H, I, M, N, O, F, G, I, H]"
8846,8846,F,artificial,F,complete,"818 [B, A, E, C, D, F, G, H, I, M, N, O, F, G, I, H]"
8847,8847,D,artificial,D_Dupli,complete,"818 [B, A, E, C, D, F, G, H, I, M, N, O, F, G, I, H]"
8848,8848,E,artificial,D_Dupli,complete,"818 [B, A, E, C, D, F, G, H, I, M, N, O, F, G, I, H]"
8849,8849,I,artificial,I,complete,"818 [B, A, E, C, D, F, G, H, I, M, N, O, F, G, I, H]"
8850,8850,A,artificial,A,complete,"818 [B, A, E, C, D, F, G, H, I, M, N, O, F, G, I, H]"
8851,8851,B,artificial,D_Dupli,complete,"818 [B, A, E, C, D, F, G, H, I, M, N, O, F, G, I, H]"
8852,8852,C,artificial,D_Dupli,complete,"818 [B, A, E, C, D, F, G, H, I, M, N, O, F, G, I, H]"
8853,8853,H,artificial,H,complete,"818 [B, A, E, C, D, F, G, H, I, M, N, O, F, G, I, H]"
8854,8854,A,artificial,A,complete,"819 [B, A, D, E, C, F, G, I, H]"
8855,8855,D,artificial,D_Dupli,complete,"819 [B, A, D, E, C, F, G, I, H]"
8856,8856,C,artificial,D_Dupli,complete,"819 [B, A, D, E, C, F, G, I, H]"
8857,8857,F,artificial,F,complete,"819 [B, A, D, E, C, F, G, I, H]"
8858,8858,G,artificial,G,complete,"819 [B, A, D, E, C, F, G, I, H]"
8859,8859,I,artificial,I,complete,"819 [B, A, D, E, C, F, G, I, H]"
8860,8860,H,artificial,H,complete,"819 [B, A, D, E, C, F, G, I, H]"
8861,8861,E,artificial,D_Dupli,complete,"819 [B, A, D, E, C, F, G, I, H]"
8862,8862,B,artificial,D_Dupli,complete,"819 [B, A, D, E, C, F, G, I, H]"
8863,8863,D,artificial,D_Dupli,complete,"82 [A, B, D, C, E, F, G, H, I]"
8864,8864,I,artificial,I,complete,"82 [A, B, D, C, E, F, G, H, I]"
8865,8865,H,artificial,H,complete,"82 [A, B, D, C, E, F, G, H, I]"
8866,8866,G,artificial,G,complete,"82 [A, B, D, C, E, F, G, H, I]"
8867,8867,B,artificial,D_Dupli,complete,"82 [A, B, D, C, E, F, G, H, I]"
8868,8868,E,artificial,D_Dupli,complete,"82 [A, B, D, C, E, F, G, H, I]"
8869,8869,A,artificial,A,complete,"82 [A, B, D, C, E, F, G, H, I]"
8870,8870,F,artificial,F,complete,"82 [A, B, D, C, E, F, G, H, I]"
8871,8871,C,artificial,D_Dupli,complete,"82 [A, B, D, C, E, F, G, H, I]"
8872,8872,I,artificial,I,complete,"820 [A, B, D, E, C, F, G, I, H]"
8873,8873,G,artificial,G,complete,"820 [A, B, D, E, C, F, G, I, H]"
8874,8874,F,artificial,F,complete,"820 [A, B, D, E, C, F, G, I, H]"
8875,8875,H,artificial,H,complete,"820 [A, B, D, E, C, F, G, I, H]"
8876,8876,E,artificial,D_Dupli,complete,"820 [A, B, D, E, C, F, G, I, H]"
8877,8877,D,artificial,D_Dupli,complete,"820 [A, B, D, E, C, F, G, I, H]"
8878,8878,B,artificial,D_Dupli,complete,"820 [A, B, D, E, C, F, G, I, H]"
8879,8879,A,artificial,A,complete,"820 [A, B, D, E, C, F, G, I, H]"
8880,8880,C,artificial,D_Dupli,complete,"820 [A, B, D, E, C, F, G, I, H]"
8881,8881,H,artificial,H,complete,"821 [A, B, D, C, E, F, G, I, H, J, K, F, G, I, H]"
8882,8882,I,artificial,I,complete,"821 [A, B, D, C, E, F, G, I, H, J, K, F, G, I, H]"
8883,8883,G,artificial,G,complete,"821 [A, B, D, C, E, F, G, I, H, J, K, F, G, I, H]"
8884,8884,F,artificial,F,complete,"821 [A, B, D, C, E, F, G, I, H, J, K, F, G, I, H]"
8885,8885,K,artificial,K,complete,"821 [A, B, D, C, E, F, G, I, H, J, K, F, G, I, H]"
8886,8886,J,artificial,J,complete,"821 [A, B, D, C, E, F, G, I, H, J, K, F, G, I, H]"
8887,8887,G,artificial,G,complete,"821 [A, B, D, C, E, F, G, I, H, J, K, F, G, I, H]"
8888,8888,I,artificial,I,complete,"821 [A, B, D, C, E, F, G, I, H, J, K, F, G, I, H]"
8889,8889,F,artificial,F,complete,"821 [A, B, D, C, E, F, G, I, H, J, K, F, G, I, H]"
8890,8890,E,artificial,D_Dupli,complete,"821 [A, B, D, C, E, F, G, I, H, J, K, F, G, I, H]"
8891,8891,C,artificial,D_Dupli,complete,"821 [A, B, D, C, E, F, G, I, H, J, K, F, G, I, H]"
8892,8892,B,artificial,D_Dupli,complete,"821 [A, B, D, C, E, F, G, I, H, J, K, F, G, I, H]"
8893,8893,A,artificial,A,complete,"821 [A, B, D, C, E, F, G, I, H, J, K, F, G, I, H]"
8894,8894,H,artificial,H,complete,"821 [A, B, D, C, E, F, G, I, H, J, K, F, G, I, H]"
8895,8895,D,artificial,D_Dupli,complete,"821 [A, B, D, C, E, F, G, I, H, J, K, F, G, I, H]"
8896,8896,D,artificial,D_Dupli,complete,"822 [B, A, D, C, E, F, G, I, H]"
8897,8897,A,artificial,A,complete,"822 [B, A, D, C, E, F, G, I, H]"
8898,8898,C,artificial,D_Dupli,complete,"822 [B, A, D, C, E, F, G, I, H]"
8899,8899,E,artificial,D_Dupli,complete,"822 [B, A, D, C, E, F, G, I, H]"
8900,8900,F,artificial,F,complete,"822 [B, A, D, C, E, F, G, I, H]"
8901,8901,G,artificial,G,complete,"822 [B, A, D, C, E, F, G, I, H]"
8902,8902,I,artificial,I,complete,"822 [B, A, D, C, E, F, G, I, H]"
8903,8903,H,artificial,H,complete,"822 [B, A, D, C, E, F, G, I, H]"
8904,8904,B,artificial,D_Dupli,complete,"822 [B, A, D, C, E, F, G, I, H]"
8905,8905,I,artificial,I,complete,"823 [B, A, C, E, D, F, G, H, I]"
8906,8906,H,artificial,H,complete,"823 [B, A, C, E, D, F, G, H, I]"
8907,8907,G,artificial,G,complete,"823 [B, A, C, E, D, F, G, H, I]"
8908,8908,D,artificial,D_Dupli,complete,"823 [B, A, C, E, D, F, G, H, I]"
8909,8909,E,artificial,D_Dupli,complete,"823 [B, A, C, E, D, F, G, H, I]"
8910,8910,C,artificial,D_Dupli,complete,"823 [B, A, C, E, D, F, G, H, I]"
8911,8911,F,artificial,F,complete,"823 [B, A, C, E, D, F, G, H, I]"
8912,8912,A,artificial,A,complete,"823 [B, A, C, E, D, F, G, H, I]"
8913,8913,B,artificial,D_Dupli,complete,"823 [B, A, C, E, D, F, G, H, I]"
8914,8914,F,artificial,F,complete,"824 [A, B, E, D, C, F, G, I, H]"
8915,8915,C,artificial,D_Dupli,complete,"824 [A, B, E, D, C, F, G, I, H]"
8916,8916,H,artificial,H,complete,"824 [A, B, E, D, C, F, G, I, H]"
8917,8917,E,artificial,D_Dupli,complete,"824 [A, B, E, D, C, F, G, I, H]"
8918,8918,B,artificial,D_Dupli,complete,"824 [A, B, E, D, C, F, G, I, H]"
8919,8919,A,artificial,A,complete,"824 [A, B, E, D, C, F, G, I, H]"
8920,8920,D,artificial,D_Dupli,complete,"824 [A, B, E, D, C, F, G, I, H]"
8921,8921,G,artificial,G,complete,"824 [A, B, E, D, C, F, G, I, H]"
8922,8922,I,artificial,I,complete,"824 [A, B, E, D, C, F, G, I, H]"
8923,8923,B,artificial,D_Dupli,complete,"825 [B, A, C, D, E, F, G, I, H]"
8924,8924,A,artificial,A,complete,"825 [B, A, C, D, E, F, G, I, H]"
8925,8925,C,artificial,D_Dupli,complete,"825 [B, A, C, D, E, F, G, I, H]"
8926,8926,D,artificial,D_Dupli,complete,"825 [B, A, C, D, E, F, G, I, H]"
8927,8927,E,artificial,D_Dupli,complete,"825 [B, A, C, D, E, F, G, I, H]"
8928,8928,F,artificial,F,complete,"825 [B, A, C, D, E, F, G, I, H]"
8929,8929,G,artificial,G,complete,"825 [B, A, C, D, E, F, G, I, H]"
8930,8930,H,artificial,H,complete,"825 [B, A, C, D, E, F, G, I, H]"
8931,8931,I,artificial,I,complete,"825 [B, A, C, D, E, F, G, I, H]"
8932,8932,H,artificial,H,complete,"826 [B, A, C, E, D, F, G, I, H]"
8933,8933,I,artificial,I,complete,"826 [B, A, C, E, D, F, G, I, H]"
8934,8934,G,artificial,G,complete,"826 [B, A, C, E, D, F, G, I, H]"
8935,8935,F,artificial,F,complete,"826 [B, A, C, E, D, F, G, I, H]"
8936,8936,B,artificial,D_Dupli,complete,"826 [B, A, C, E, D, F, G, I, H]"
8937,8937,A,artificial,A,complete,"826 [B, A, C, E, D, F, G, I, H]"
8938,8938,E,artificial,D_Dupli,complete,"826 [B, A, C, E, D, F, G, I, H]"
8939,8939,C,artificial,D_Dupli,complete,"826 [B, A, C, E, D, F, G, I, H]"
8940,8940,D,artificial,D_Dupli,complete,"826 [B, A, C, E, D, F, G, I, H]"
8941,8941,I,artificial,I,complete,"827 [B, A, D, C, E, F, G, H, I]"
8942,8942,G,artificial,G,complete,"827 [B, A, D, C, E, F, G, H, I]"
8943,8943,F,artificial,F,complete,"827 [B, A, D, C, E, F, G, H, I]"
8944,8944,E,artificial,D_Dupli,complete,"827 [B, A, D, C, E, F, G, H, I]"
8945,8945,C,artificial,D_Dupli,complete,"827 [B, A, D, C, E, F, G, H, I]"
8946,8946,D,artificial,D_Dupli,complete,"827 [B, A, D, C, E, F, G, H, I]"
8947,8947,A,artificial,A,complete,"827 [B, A, D, C, E, F, G, H, I]"
8948,8948,H,artificial,H,complete,"827 [B, A, D, C, E, F, G, H, I]"
8949,8949,B,artificial,D_Dupli,complete,"827 [B, A, D, C, E, F, G, H, I]"
8950,8950,E,artificial,D_Dupli,complete,"828 [A, B, E, C, D, F, G, H, I]"
8951,8951,C,artificial,D_Dupli,complete,"828 [A, B, E, C, D, F, G, H, I]"
8952,8952,D,artificial,D_Dupli,complete,"828 [A, B, E, C, D, F, G, H, I]"
8953,8953,F,artificial,F,complete,"828 [A, B, E, C, D, F, G, H, I]"
8954,8954,G,artificial,G,complete,"828 [A, B, E, C, D, F, G, H, I]"
8955,8955,H,artificial,H,complete,"828 [A, B, E, C, D, F, G, H, I]"
8956,8956,B,artificial,D_Dupli,complete,"828 [A, B, E, C, D, F, G, H, I]"
8957,8957,A,artificial,A,complete,"828 [A, B, E, C, D, F, G, H, I]"
8958,8958,I,artificial,I,complete,"828 [A, B, E, C, D, F, G, H, I]"
8959,8959,J,artificial,J,complete,"829 [A, B, D, E, C, F, G, I, H, J, K, F, G, I, H]"
8960,8960,K,artificial,K,complete,"829 [A, B, D, E, C, F, G, I, H, J, K, F, G, I, H]"
8961,8961,F,artificial,F,complete,"829 [A, B, D, E, C, F, G, I, H, J, K, F, G, I, H]"
8962,8962,G,artificial,G,complete,"829 [A, B, D, E, C, F, G, I, H, J, K, F, G, I, H]"
8963,8963,I,artificial,I,complete,"829 [A, B, D, E, C, F, G, I, H, J, K, F, G, I, H]"
8964,8964,H,artificial,H,complete,"829 [A, B, D, E, C, F, G, I, H, J, K, F, G, I, H]"
8965,8965,H,artificial,H,complete,"829 [A, B, D, E, C, F, G, I, H, J, K, F, G, I, H]"
8966,8966,A,artificial,A,complete,"829 [A, B, D, E, C, F, G, I, H, J, K, F, G, I, H]"
8967,8967,B,artificial,D_Dupli,complete,"829 [A, B, D, E, C, F, G, I, H, J, K, F, G, I, H]"
8968,8968,D,artificial,D_Dupli,complete,"829 [A, B, D, E, C, F, G, I, H, J, K, F, G, I, H]"
8969,8969,E,artificial,D_Dupli,complete,"829 [A, B, D, E, C, F, G, I, H, J, K, F, G, I, H]"
8970,8970,C,artificial,D_Dupli,complete,"829 [A, B, D, E, C, F, G, I, H, J, K, F, G, I, H]"
8971,8971,F,artificial,F,complete,"829 [A, B, D, E, C, F, G, I, H, J, K, F, G, I, H]"
8972,8972,G,artificial,G,complete,"829 [A, B, D, E, C, F, G, I, H, J, K, F, G, I, H]"
8973,8973,I,artificial,I,complete,"829 [A, B, D, E, C, F, G, I, H, J, K, F, G, I, H]"
8974,8974,B,artificial,D_Dupli,complete,"83 [B, A, D, E, C, F, G, H, I]"
8975,8975,H,artificial,H,complete,"83 [B, A, D, E, C, F, G, H, I]"
8976,8976,A,artificial,A,complete,"83 [B, A, D, E, C, F, G, H, I]"
8977,8977,D,artificial,D_Dupli,complete,"83 [B, A, D, E, C, F, G, H, I]"
8978,8978,E,artificial,D_Dupli,complete,"83 [B, A, D, E, C, F, G, H, I]"
8979,8979,C,artificial,D_Dupli,complete,"83 [B, A, D, E, C, F, G, H, I]"
8980,8980,F,artificial,F,complete,"83 [B, A, D, E, C, F, G, H, I]"
8981,8981,G,artificial,G,complete,"83 [B, A, D, E, C, F, G, H, I]"
8982,8982,I,artificial,I,complete,"83 [B, A, D, E, C, F, G, H, I]"
8983,8983,I,artificial,I,complete,"830 [B, A, C, D, E, F, G, H, I]"
8984,8984,B,artificial,D_Dupli,complete,"830 [B, A, C, D, E, F, G, H, I]"
8985,8985,A,artificial,A,complete,"830 [B, A, C, D, E, F, G, H, I]"
8986,8986,C,artificial,D_Dupli,complete,"830 [B, A, C, D, E, F, G, H, I]"
8987,8987,D,artificial,D_Dupli,complete,"830 [B, A, C, D, E, F, G, H, I]"
8988,8988,E,artificial,D_Dupli,complete,"830 [B, A, C, D, E, F, G, H, I]"
8989,8989,F,artificial,F,complete,"830 [B, A, C, D, E, F, G, H, I]"
8990,8990,G,artificial,G,complete,"830 [B, A, C, D, E, F, G, H, I]"
8991,8991,H,artificial,H,complete,"830 [B, A, C, D, E, F, G, H, I]"
8992,8992,C,artificial,D_Dupli,complete,"831 [A, B, E, C, D, F, G, I, H]"
8993,8993,B,artificial,D_Dupli,complete,"831 [A, B, E, C, D, F, G, I, H]"
8994,8994,E,artificial,D_Dupli,complete,"831 [A, B, E, C, D, F, G, I, H]"
8995,8995,D,artificial,D_Dupli,complete,"831 [A, B, E, C, D, F, G, I, H]"
8996,8996,F,artificial,F,complete,"831 [A, B, E, C, D, F, G, I, H]"
8997,8997,G,artificial,G,complete,"831 [A, B, E, C, D, F, G, I, H]"
8998,8998,I,artificial,I,complete,"831 [A, B, E, C, D, F, G, I, H]"
8999,8999,H,artificial,H,complete,"831 [A, B, E, C, D, F, G, I, H]"
9000,9000,A,artificial,A,complete,"831 [A, B, E, C, D, F, G, I, H]"
9001,9001,H,artificial,H,complete,"832 [A, B, E, D, C, F, G, I, H]"
9002,9002,I,artificial,I,complete,"832 [A, B, E, D, C, F, G, I, H]"
9003,9003,G,artificial,G,complete,"832 [A, B, E, D, C, F, G, I, H]"
9004,9004,F,artificial,F,complete,"832 [A, B, E, D, C, F, G, I, H]"
9005,9005,C,artificial,D_Dupli,complete,"832 [A, B, E, D, C, F, G, I, H]"
9006,9006,D,artificial,D_Dupli,complete,"832 [A, B, E, D, C, F, G, I, H]"
9007,9007,E,artificial,D_Dupli,complete,"832 [A, B, E, D, C, F, G, I, H]"
9008,9008,B,artificial,D_Dupli,complete,"832 [A, B, E, D, C, F, G, I, H]"
9009,9009,A,artificial,A,complete,"832 [A, B, E, D, C, F, G, I, H]"
9010,9010,H,artificial,H,complete,"833 [B, A, C, D, E, F, G, H, I, J, K, F, G, I, H]"
9011,9011,I,artificial,I,complete,"833 [B, A, C, D, E, F, G, H, I, J, K, F, G, I, H]"
9012,9012,G,artificial,G,complete,"833 [B, A, C, D, E, F, G, H, I, J, K, F, G, I, H]"
9013,9013,F,artificial,F,complete,"833 [B, A, C, D, E, F, G, H, I, J, K, F, G, I, H]"
9014,9014,K,artificial,K,complete,"833 [B, A, C, D, E, F, G, H, I, J, K, F, G, I, H]"
9015,9015,J,artificial,J,complete,"833 [B, A, C, D, E, F, G, H, I, J, K, F, G, I, H]"
9016,9016,I,artificial,I,complete,"833 [B, A, C, D, E, F, G, H, I, J, K, F, G, I, H]"
9017,9017,D,artificial,D_Dupli,complete,"833 [B, A, C, D, E, F, G, H, I, J, K, F, G, I, H]"
9018,9018,G,artificial,G,complete,"833 [B, A, C, D, E, F, G, H, I, J, K, F, G, I, H]"
9019,9019,F,artificial,F,complete,"833 [B, A, C, D, E, F, G, H, I, J, K, F, G, I, H]"
9020,9020,E,artificial,D_Dupli,complete,"833 [B, A, C, D, E, F, G, H, I, J, K, F, G, I, H]"
9021,9021,C,artificial,D_Dupli,complete,"833 [B, A, C, D, E, F, G, H, I, J, K, F, G, I, H]"
9022,9022,A,artificial,A,complete,"833 [B, A, C, D, E, F, G, H, I, J, K, F, G, I, H]"
9023,9023,B,artificial,D_Dupli,complete,"833 [B, A, C, D, E, F, G, H, I, J, K, F, G, I, H]"
9024,9024,H,artificial,H,complete,"833 [B, A, C, D, E, F, G, H, I, J, K, F, G, I, H]"
9025,9025,O,artificial,O,complete,"834 [B, A, D, C, E, F, G, I, H, O, M, N, F, G, H, I]"
9026,9026,I,artificial,I,complete,"834 [B, A, D, C, E, F, G, I, H, O, M, N, F, G, H, I]"
9027,9027,H,artificial,H,complete,"834 [B, A, D, C, E, F, G, I, H, O, M, N, F, G, H, I]"
9028,9028,G,artificial,G,complete,"834 [B, A, D, C, E, F, G, I, H, O, M, N, F, G, H, I]"
9029,9029,F,artificial,F,complete,"834 [B, A, D, C, E, F, G, I, H, O, M, N, F, G, H, I]"
9030,9030,N,artificial,N,complete,"834 [B, A, D, C, E, F, G, I, H, O, M, N, F, G, H, I]"
9031,9031,H,artificial,H,complete,"834 [B, A, D, C, E, F, G, I, H, O, M, N, F, G, H, I]"
9032,9032,M,artificial,M,complete,"834 [B, A, D, C, E, F, G, I, H, O, M, N, F, G, H, I]"
9033,9033,G,artificial,G,complete,"834 [B, A, D, C, E, F, G, I, H, O, M, N, F, G, H, I]"
9034,9034,B,artificial,D_Dupli,complete,"834 [B, A, D, C, E, F, G, I, H, O, M, N, F, G, H, I]"
9035,9035,A,artificial,A,complete,"834 [B, A, D, C, E, F, G, I, H, O, M, N, F, G, H, I]"
9036,9036,D,artificial,D_Dupli,complete,"834 [B, A, D, C, E, F, G, I, H, O, M, N, F, G, H, I]"
9037,9037,I,artificial,I,complete,"834 [B, A, D, C, E, F, G, I, H, O, M, N, F, G, H, I]"
9038,9038,E,artificial,D_Dupli,complete,"834 [B, A, D, C, E, F, G, I, H, O, M, N, F, G, H, I]"
9039,9039,F,artificial,F,complete,"834 [B, A, D, C, E, F, G, I, H, O, M, N, F, G, H, I]"
9040,9040,C,artificial,D_Dupli,complete,"834 [B, A, D, C, E, F, G, I, H, O, M, N, F, G, H, I]"
9041,9041,B,artificial,D_Dupli,complete,"835 [B, A, C, E, D, F, G, I, H]"
9042,9042,A,artificial,A,complete,"835 [B, A, C, E, D, F, G, I, H]"
9043,9043,E,artificial,D_Dupli,complete,"835 [B, A, C, E, D, F, G, I, H]"
9044,9044,D,artificial,D_Dupli,complete,"835 [B, A, C, E, D, F, G, I, H]"
9045,9045,F,artificial,F,complete,"835 [B, A, C, E, D, F, G, I, H]"
9046,9046,G,artificial,G,complete,"835 [B, A, C, E, D, F, G, I, H]"
9047,9047,I,artificial,I,complete,"835 [B, A, C, E, D, F, G, I, H]"
9048,9048,H,artificial,H,complete,"835 [B, A, C, E, D, F, G, I, H]"
9049,9049,C,artificial,D_Dupli,complete,"835 [B, A, C, E, D, F, G, I, H]"
9050,9050,G,artificial,G,complete,"836 [B, A, C, E, D, F, G, I, H]"
9051,9051,H,artificial,H,complete,"836 [B, A, C, E, D, F, G, I, H]"
9052,9052,I,artificial,I,complete,"836 [B, A, C, E, D, F, G, I, H]"
9053,9053,F,artificial,F,complete,"836 [B, A, C, E, D, F, G, I, H]"
9054,9054,E,artificial,D_Dupli,complete,"836 [B, A, C, E, D, F, G, I, H]"
9055,9055,C,artificial,D_Dupli,complete,"836 [B, A, C, E, D, F, G, I, H]"
9056,9056,A,artificial,A,complete,"836 [B, A, C, E, D, F, G, I, H]"
9057,9057,B,artificial,D_Dupli,complete,"836 [B, A, C, E, D, F, G, I, H]"
9058,9058,D,artificial,D_Dupli,complete,"836 [B, A, C, E, D, F, G, I, H]"
9059,9059,H,artificial,H,complete,"837 [B, A, C, D, E, F, G, I, H]"
9060,9060,I,artificial,I,complete,"837 [B, A, C, D, E, F, G, I, H]"
9061,9061,F,artificial,F,complete,"837 [B, A, C, D, E, F, G, I, H]"
9062,9062,G,artificial,G,complete,"837 [B, A, C, D, E, F, G, I, H]"
9063,9063,D,artificial,D_Dupli,complete,"837 [B, A, C, D, E, F, G, I, H]"
9064,9064,C,artificial,D_Dupli,complete,"837 [B, A, C, D, E, F, G, I, H]"
9065,9065,A,artificial,A,complete,"837 [B, A, C, D, E, F, G, I, H]"
9066,9066,B,artificial,D_Dupli,complete,"837 [B, A, C, D, E, F, G, I, H]"
9067,9067,E,artificial,D_Dupli,complete,"837 [B, A, C, D, E, F, G, I, H]"
9068,9068,A,artificial,A,complete,"838 [A, B, D, C, E, F, G, I, H]"
9069,9069,B,artificial,D_Dupli,complete,"838 [A, B, D, C, E, F, G, I, H]"
9070,9070,D,artificial,D_Dupli,complete,"838 [A, B, D, C, E, F, G, I, H]"
9071,9071,C,artificial,D_Dupli,complete,"838 [A, B, D, C, E, F, G, I, H]"
9072,9072,E,artificial,D_Dupli,complete,"838 [A, B, D, C, E, F, G, I, H]"
9073,9073,G,artificial,G,complete,"838 [A, B, D, C, E, F, G, I, H]"
9074,9074,I,artificial,I,complete,"838 [A, B, D, C, E, F, G, I, H]"
9075,9075,H,artificial,H,complete,"838 [A, B, D, C, E, F, G, I, H]"
9076,9076,F,artificial,F,complete,"838 [A, B, D, C, E, F, G, I, H]"
9077,9077,H,artificial,H,complete,"839 [A, B, E, D, C, F, G, I, H]"
9078,9078,I,artificial,I,complete,"839 [A, B, E, D, C, F, G, I, H]"
9079,9079,G,artificial,G,complete,"839 [A, B, E, D, C, F, G, I, H]"
9080,9080,F,artificial,F,complete,"839 [A, B, E, D, C, F, G, I, H]"
9081,9081,C,artificial,D_Dupli,complete,"839 [A, B, E, D, C, F, G, I, H]"
9082,9082,A,artificial,A,complete,"839 [A, B, E, D, C, F, G, I, H]"
9083,9083,B,artificial,D_Dupli,complete,"839 [A, B, E, D, C, F, G, I, H]"
9084,9084,E,artificial,D_Dupli,complete,"839 [A, B, E, D, C, F, G, I, H]"
9085,9085,D,artificial,D_Dupli,complete,"839 [A, B, E, D, C, F, G, I, H]"
9086,9086,B,artificial,D_Dupli,complete,"84 [B, A, D, C, E, F, G, H, I]"
9087,9087,I,artificial,I,complete,"84 [B, A, D, C, E, F, G, H, I]"
9088,9088,A,artificial,A,complete,"84 [B, A, D, C, E, F, G, H, I]"
9089,9089,G,artificial,G,complete,"84 [B, A, D, C, E, F, G, H, I]"
9090,9090,F,artificial,F,complete,"84 [B, A, D, C, E, F, G, H, I]"
9091,9091,E,artificial,D_Dupli,complete,"84 [B, A, D, C, E, F, G, H, I]"
9092,9092,C,artificial,D_Dupli,complete,"84 [B, A, D, C, E, F, G, H, I]"
9093,9093,D,artificial,D_Dupli,complete,"84 [B, A, D, C, E, F, G, H, I]"
9094,9094,H,artificial,H,complete,"84 [B, A, D, C, E, F, G, H, I]"
9095,9095,H,artificial,H,complete,"840 [A, B, D, C, E, F, G, H, I, O, N, M, F, G, I, H, J, K, F, G, H, I]"
9096,9096,G,artificial,G,complete,"840 [A, B, D, C, E, F, G, H, I, O, N, M, F, G, I, H, J, K, F, G, H, I]"
9097,9097,F,artificial,F,complete,"840 [A, B, D, C, E, F, G, H, I, O, N, M, F, G, I, H, J, K, F, G, H, I]"
9098,9098,K,artificial,K,complete,"840 [A, B, D, C, E, F, G, H, I, O, N, M, F, G, I, H, J, K, F, G, H, I]"
9099,9099,J,artificial,J,complete,"840 [A, B, D, C, E, F, G, H, I, O, N, M, F, G, I, H, J, K, F, G, H, I]"
9100,9100,H,artificial,H,complete,"840 [A, B, D, C, E, F, G, H, I, O, N, M, F, G, I, H, J, K, F, G, H, I]"
9101,9101,I,artificial,I,complete,"840 [A, B, D, C, E, F, G, H, I, O, N, M, F, G, I, H, J, K, F, G, H, I]"
9102,9102,G,artificial,G,complete,"840 [A, B, D, C, E, F, G, H, I, O, N, M, F, G, I, H, J, K, F, G, H, I]"
9103,9103,F,artificial,F,complete,"840 [A, B, D, C, E, F, G, H, I, O, N, M, F, G, I, H, J, K, F, G, H, I]"
9104,9104,O,artificial,O,complete,"840 [A, B, D, C, E, F, G, H, I, O, N, M, F, G, I, H, J, K, F, G, H, I]"
9105,9105,N,artificial,N,complete,"840 [A, B, D, C, E, F, G, H, I, O, N, M, F, G, I, H, J, K, F, G, H, I]"
9106,9106,H,artificial,H,complete,"840 [A, B, D, C, E, F, G, H, I, O, N, M, F, G, I, H, J, K, F, G, H, I]"
9107,9107,G,artificial,G,complete,"840 [A, B, D, C, E, F, G, H, I, O, N, M, F, G, I, H, J, K, F, G, H, I]"
9108,9108,F,artificial,F,complete,"840 [A, B, D, C, E, F, G, H, I, O, N, M, F, G, I, H, J, K, F, G, H, I]"
9109,9109,E,artificial,D_Dupli,complete,"840 [A, B, D, C, E, F, G, H, I, O, N, M, F, G, I, H, J, K, F, G, H, I]"
9110,9110,I,artificial,I,complete,"840 [A, B, D, C, E, F, G, H, I, O, N, M, F, G, I, H, J, K, F, G, H, I]"
9111,9111,D,artificial,D_Dupli,complete,"840 [A, B, D, C, E, F, G, H, I, O, N, M, F, G, I, H, J, K, F, G, H, I]"
9112,9112,B,artificial,D_Dupli,complete,"840 [A, B, D, C, E, F, G, H, I, O, N, M, F, G, I, H, J, K, F, G, H, I]"
9113,9113,A,artificial,A,complete,"840 [A, B, D, C, E, F, G, H, I, O, N, M, F, G, I, H, J, K, F, G, H, I]"
9114,9114,M,artificial,M,complete,"840 [A, B, D, C, E, F, G, H, I, O, N, M, F, G, I, H, J, K, F, G, H, I]"
9115,9115,C,artificial,D_Dupli,complete,"840 [A, B, D, C, E, F, G, H, I, O, N, M, F, G, I, H, J, K, F, G, H, I]"
9116,9116,I,artificial,I,complete,"840 [A, B, D, C, E, F, G, H, I, O, N, M, F, G, I, H, J, K, F, G, H, I]"
9117,9117,D,artificial,D_Dupli,complete,"841 [B, A, E, C, D, F, G, H, I]"
9118,9118,F,artificial,F,complete,"841 [B, A, E, C, D, F, G, H, I]"
9119,9119,I,artificial,I,complete,"841 [B, A, E, C, D, F, G, H, I]"
9120,9120,H,artificial,H,complete,"841 [B, A, E, C, D, F, G, H, I]"
9121,9121,C,artificial,D_Dupli,complete,"841 [B, A, E, C, D, F, G, H, I]"
9122,9122,A,artificial,A,complete,"841 [B, A, E, C, D, F, G, H, I]"
9123,9123,E,artificial,D_Dupli,complete,"841 [B, A, E, C, D, F, G, H, I]"
9124,9124,B,artificial,D_Dupli,complete,"841 [B, A, E, C, D, F, G, H, I]"
9125,9125,G,artificial,G,complete,"841 [B, A, E, C, D, F, G, H, I]"
9126,9126,I,artificial,I,complete,"842 [A, B, D, C, E, F, G, I, H, M, O, N, F, G, H, I]"
9127,9127,G,artificial,G,complete,"842 [A, B, D, C, E, F, G, I, H, M, O, N, F, G, H, I]"
9128,9128,F,artificial,F,complete,"842 [A, B, D, C, E, F, G, I, H, M, O, N, F, G, H, I]"
9129,9129,N,artificial,N,complete,"842 [A, B, D, C, E, F, G, I, H, M, O, N, F, G, H, I]"
9130,9130,O,artificial,O,complete,"842 [A, B, D, C, E, F, G, I, H, M, O, N, F, G, H, I]"
9131,9131,M,artificial,M,complete,"842 [A, B, D, C, E, F, G, I, H, M, O, N, F, G, H, I]"
9132,9132,H,artificial,H,complete,"842 [A, B, D, C, E, F, G, I, H, M, O, N, F, G, H, I]"
9133,9133,I,artificial,I,complete,"842 [A, B, D, C, E, F, G, I, H, M, O, N, F, G, H, I]"
9134,9134,G,artificial,G,complete,"842 [A, B, D, C, E, F, G, I, H, M, O, N, F, G, H, I]"
9135,9135,F,artificial,F,complete,"842 [A, B, D, C, E, F, G, I, H, M, O, N, F, G, H, I]"
9136,9136,E,artificial,D_Dupli,complete,"842 [A, B, D, C, E, F, G, I, H, M, O, N, F, G, H, I]"
9137,9137,C,artificial,D_Dupli,complete,"842 [A, B, D, C, E, F, G, I, H, M, O, N, F, G, H, I]"
9138,9138,D,artificial,D_Dupli,complete,"842 [A, B, D, C, E, F, G, I, H, M, O, N, F, G, H, I]"
9139,9139,B,artificial,D_Dupli,complete,"842 [A, B, D, C, E, F, G, I, H, M, O, N, F, G, H, I]"
9140,9140,A,artificial,A,complete,"842 [A, B, D, C, E, F, G, I, H, M, O, N, F, G, H, I]"
9141,9141,H,artificial,H,complete,"842 [A, B, D, C, E, F, G, I, H, M, O, N, F, G, H, I]"
9142,9142,H,artificial,H,complete,"843 [B, A, D, C, E, F, G, I, H]"
9143,9143,I,artificial,I,complete,"843 [B, A, D, C, E, F, G, I, H]"
9144,9144,F,artificial,F,complete,"843 [B, A, D, C, E, F, G, I, H]"
9145,9145,G,artificial,G,complete,"843 [B, A, D, C, E, F, G, I, H]"
9146,9146,C,artificial,D_Dupli,complete,"843 [B, A, D, C, E, F, G, I, H]"
9147,9147,D,artificial,D_Dupli,complete,"843 [B, A, D, C, E, F, G, I, H]"
9148,9148,B,artificial,D_Dupli,complete,"843 [B, A, D, C, E, F, G, I, H]"
9149,9149,E,artificial,D_Dupli,complete,"843 [B, A, D, C, E, F, G, I, H]"
9150,9150,A,artificial,A,complete,"843 [B, A, D, C, E, F, G, I, H]"
9151,9151,B,artificial,D_Dupli,complete,"844 [B, A, E, D, C, F, G, H, I]"
9152,9152,A,artificial,A,complete,"844 [B, A, E, D, C, F, G, H, I]"
9153,9153,E,artificial,D_Dupli,complete,"844 [B, A, E, D, C, F, G, H, I]"
9154,9154,D,artificial,D_Dupli,complete,"844 [B, A, E, D, C, F, G, H, I]"
9155,9155,C,artificial,D_Dupli,complete,"844 [B, A, E, D, C, F, G, H, I]"
9156,9156,F,artificial,F,complete,"844 [B, A, E, D, C, F, G, H, I]"
9157,9157,G,artificial,G,complete,"844 [B, A, E, D, C, F, G, H, I]"
9158,9158,H,artificial,H,complete,"844 [B, A, E, D, C, F, G, H, I]"
9159,9159,I,artificial,I,complete,"844 [B, A, E, D, C, F, G, H, I]"
9160,9160,A,artificial,A,complete,"845 [B, A, E, D, C, F, G, I, H]"
9161,9161,E,artificial,D_Dupli,complete,"845 [B, A, E, D, C, F, G, I, H]"
9162,9162,B,artificial,D_Dupli,complete,"845 [B, A, E, D, C, F, G, I, H]"
9163,9163,H,artificial,H,complete,"845 [B, A, E, D, C, F, G, I, H]"
9164,9164,I,artificial,I,complete,"845 [B, A, E, D, C, F, G, I, H]"
9165,9165,G,artificial,G,complete,"845 [B, A, E, D, C, F, G, I, H]"
9166,9166,F,artificial,F,complete,"845 [B, A, E, D, C, F, G, I, H]"
9167,9167,C,artificial,D_Dupli,complete,"845 [B, A, E, D, C, F, G, I, H]"
9168,9168,D,artificial,D_Dupli,complete,"845 [B, A, E, D, C, F, G, I, H]"
9169,9169,E,artificial,D_Dupli,complete,"846 [A, B, E, C, D, F, G, H, I]"
9170,9170,I,artificial,I,complete,"846 [A, B, E, C, D, F, G, H, I]"
9171,9171,H,artificial,H,complete,"846 [A, B, E, C, D, F, G, H, I]"
9172,9172,G,artificial,G,complete,"846 [A, B, E, C, D, F, G, H, I]"
9173,9173,C,artificial,D_Dupli,complete,"846 [A, B, E, C, D, F, G, H, I]"
9174,9174,D,artificial,D_Dupli,complete,"846 [A, B, E, C, D, F, G, H, I]"
9175,9175,A,artificial,A,complete,"846 [A, B, E, C, D, F, G, H, I]"
9176,9176,B,artificial,D_Dupli,complete,"846 [A, B, E, C, D, F, G, H, I]"
9177,9177,F,artificial,F,complete,"846 [A, B, E, C, D, F, G, H, I]"
9178,9178,G,artificial,G,complete,"847 [B, A, C, D, E, F, G, I, H]"
9179,9179,H,artificial,H,complete,"847 [B, A, C, D, E, F, G, I, H]"
9180,9180,I,artificial,I,complete,"847 [B, A, C, D, E, F, G, I, H]"
9181,9181,F,artificial,F,complete,"847 [B, A, C, D, E, F, G, I, H]"
9182,9182,A,artificial,A,complete,"847 [B, A, C, D, E, F, G, I, H]"
9183,9183,D,artificial,D_Dupli,complete,"847 [B, A, C, D, E, F, G, I, H]"
9184,9184,C,artificial,D_Dupli,complete,"847 [B, A, C, D, E, F, G, I, H]"
9185,9185,B,artificial,D_Dupli,complete,"847 [B, A, C, D, E, F, G, I, H]"
9186,9186,E,artificial,D_Dupli,complete,"847 [B, A, C, D, E, F, G, I, H]"
9187,9187,B,artificial,D_Dupli,complete,"848 [B, A, D, C, E, F, G, I, H, M, N, O, F, G, I, H]"
9188,9188,A,artificial,A,complete,"848 [B, A, D, C, E, F, G, I, H, M, N, O, F, G, I, H]"
9189,9189,D,artificial,D_Dupli,complete,"848 [B, A, D, C, E, F, G, I, H, M, N, O, F, G, I, H]"
9190,9190,C,artificial,D_Dupli,complete,"848 [B, A, D, C, E, F, G, I, H, M, N, O, F, G, I, H]"
9191,9191,I,artificial,I,complete,"848 [B, A, D, C, E, F, G, I, H, M, N, O, F, G, I, H]"
9192,9192,F,artificial,F,complete,"848 [B, A, D, C, E, F, G, I, H, M, N, O, F, G, I, H]"
9193,9193,G,artificial,G,complete,"848 [B, A, D, C, E, F, G, I, H, M, N, O, F, G, I, H]"
9194,9194,H,artificial,H,complete,"848 [B, A, D, C, E, F, G, I, H, M, N, O, F, G, I, H]"
9195,9195,E,artificial,D_Dupli,complete,"848 [B, A, D, C, E, F, G, I, H, M, N, O, F, G, I, H]"
9196,9196,N,artificial,N,complete,"848 [B, A, D, C, E, F, G, I, H, M, N, O, F, G, I, H]"
9197,9197,O,artificial,O,complete,"848 [B, A, D, C, E, F, G, I, H, M, N, O, F, G, I, H]"
9198,9198,F,artificial,F,complete,"848 [B, A, D, C, E, F, G, I, H, M, N, O, F, G, I, H]"
9199,9199,G,artificial,G,complete,"848 [B, A, D, C, E, F, G, I, H, M, N, O, F, G, I, H]"
9200,9200,I,artificial,I,complete,"848 [B, A, D, C, E, F, G, I, H, M, N, O, F, G, I, H]"
9201,9201,H,artificial,H,complete,"848 [B, A, D, C, E, F, G, I, H, M, N, O, F, G, I, H]"
9202,9202,M,artificial,M,complete,"848 [B, A, D, C, E, F, G, I, H, M, N, O, F, G, I, H]"
9203,9203,I,artificial,I,complete,"849 [A, B, E, C, D, F, G, H, I]"
9204,9204,H,artificial,H,complete,"849 [A, B, E, C, D, F, G, H, I]"
9205,9205,G,artificial,G,complete,"849 [A, B, E, C, D, F, G, H, I]"
9206,9206,F,artificial,F,complete,"849 [A, B, E, C, D, F, G, H, I]"
9207,9207,C,artificial,D_Dupli,complete,"849 [A, B, E, C, D, F, G, H, I]"
9208,9208,E,artificial,D_Dupli,complete,"849 [A, B, E, C, D, F, G, H, I]"
9209,9209,B,artificial,D_Dupli,complete,"849 [A, B, E, C, D, F, G, H, I]"
9210,9210,A,artificial,A,complete,"849 [A, B, E, C, D, F, G, H, I]"
9211,9211,D,artificial,D_Dupli,complete,"849 [A, B, E, C, D, F, G, H, I]"
9212,9212,G,artificial,G,complete,"85 [A, B, E, D, C, F, G, I, H]"
9213,9213,B,artificial,D_Dupli,complete,"85 [A, B, E, D, C, F, G, I, H]"
9214,9214,E,artificial,D_Dupli,complete,"85 [A, B, E, D, C, F, G, I, H]"
9215,9215,D,artificial,D_Dupli,complete,"85 [A, B, E, D, C, F, G, I, H]"
9216,9216,C,artificial,D_Dupli,complete,"85 [A, B, E, D, C, F, G, I, H]"
9217,9217,F,artificial,F,complete,"85 [A, B, E, D, C, F, G, I, H]"
9218,9218,I,artificial,I,complete,"85 [A, B, E, D, C, F, G, I, H]"
9219,9219,A,artificial,A,complete,"85 [A, B, E, D, C, F, G, I, H]"
9220,9220,H,artificial,H,complete,"85 [A, B, E, D, C, F, G, I, H]"
9221,9221,G,artificial,G,complete,"850 [B, A, E, D, C, F, G, H, I]"
9222,9222,H,artificial,H,complete,"850 [B, A, E, D, C, F, G, H, I]"
9223,9223,B,artificial,D_Dupli,complete,"850 [B, A, E, D, C, F, G, H, I]"
9224,9224,A,artificial,A,complete,"850 [B, A, E, D, C, F, G, H, I]"
9225,9225,I,artificial,I,complete,"850 [B, A, E, D, C, F, G, H, I]"
9226,9226,D,artificial,D_Dupli,complete,"850 [B, A, E, D, C, F, G, H, I]"
9227,9227,C,artificial,D_Dupli,complete,"850 [B, A, E, D, C, F, G, H, I]"
9228,9228,F,artificial,F,complete,"850 [B, A, E, D, C, F, G, H, I]"
9229,9229,E,artificial,D_Dupli,complete,"850 [B, A, E, D, C, F, G, H, I]"
9230,9230,H,artificial,H,complete,"851 [B, A, E, C, D, F, G, I, H, M, O, N, F, G, I, H]"
9231,9231,I,artificial,I,complete,"851 [B, A, E, C, D, F, G, I, H, M, O, N, F, G, I, H]"
9232,9232,G,artificial,G,complete,"851 [B, A, E, C, D, F, G, I, H, M, O, N, F, G, I, H]"
9233,9233,F,artificial,F,complete,"851 [B, A, E, C, D, F, G, I, H, M, O, N, F, G, I, H]"
9234,9234,N,artificial,N,complete,"851 [B, A, E, C, D, F, G, I, H, M, O, N, F, G, I, H]"
9235,9235,O,artificial,O,complete,"851 [B, A, E, C, D, F, G, I, H, M, O, N, F, G, I, H]"
9236,9236,H,artificial,H,complete,"851 [B, A, E, C, D, F, G, I, H, M, O, N, F, G, I, H]"
9237,9237,M,artificial,M,complete,"851 [B, A, E, C, D, F, G, I, H, M, O, N, F, G, I, H]"
9238,9238,G,artificial,G,complete,"851 [B, A, E, C, D, F, G, I, H, M, O, N, F, G, I, H]"
9239,9239,F,artificial,F,complete,"851 [B, A, E, C, D, F, G, I, H, M, O, N, F, G, I, H]"
9240,9240,D,artificial,D_Dupli,complete,"851 [B, A, E, C, D, F, G, I, H, M, O, N, F, G, I, H]"
9241,9241,C,artificial,D_Dupli,complete,"851 [B, A, E, C, D, F, G, I, H, M, O, N, F, G, I, H]"
9242,9242,E,artificial,D_Dupli,complete,"851 [B, A, E, C, D, F, G, I, H, M, O, N, F, G, I, H]"
9243,9243,A,artificial,A,complete,"851 [B, A, E, C, D, F, G, I, H, M, O, N, F, G, I, H]"
9244,9244,B,artificial,D_Dupli,complete,"851 [B, A, E, C, D, F, G, I, H, M, O, N, F, G, I, H]"
9245,9245,I,artificial,I,complete,"851 [B, A, E, C, D, F, G, I, H, M, O, N, F, G, I, H]"
9246,9246,H,artificial,H,complete,"852 [B, A, C, E, D, F, G, I, H]"
9247,9247,I,artificial,I,complete,"852 [B, A, C, E, D, F, G, I, H]"
9248,9248,G,artificial,G,complete,"852 [B, A, C, E, D, F, G, I, H]"
9249,9249,F,artificial,F,complete,"852 [B, A, C, E, D, F, G, I, H]"
9250,9250,C,artificial,D_Dupli,complete,"852 [B, A, C, E, D, F, G, I, H]"
9251,9251,E,artificial,D_Dupli,complete,"852 [B, A, C, E, D, F, G, I, H]"
9252,9252,A,artificial,A,complete,"852 [B, A, C, E, D, F, G, I, H]"
9253,9253,B,artificial,D_Dupli,complete,"852 [B, A, C, E, D, F, G, I, H]"
9254,9254,D,artificial,D_Dupli,complete,"852 [B, A, C, E, D, F, G, I, H]"
9255,9255,I,artificial,I,complete,"853 [B, A, C, D, E, F, G, H, I]"
9256,9256,H,artificial,H,complete,"853 [B, A, C, D, E, F, G, H, I]"
9257,9257,F,artificial,F,complete,"853 [B, A, C, D, E, F, G, H, I]"
9258,9258,G,artificial,G,complete,"853 [B, A, C, D, E, F, G, H, I]"
9259,9259,D,artificial,D_Dupli,complete,"853 [B, A, C, D, E, F, G, H, I]"
9260,9260,E,artificial,D_Dupli,complete,"853 [B, A, C, D, E, F, G, H, I]"
9261,9261,C,artificial,D_Dupli,complete,"853 [B, A, C, D, E, F, G, H, I]"
9262,9262,A,artificial,A,complete,"853 [B, A, C, D, E, F, G, H, I]"
9263,9263,B,artificial,D_Dupli,complete,"853 [B, A, C, D, E, F, G, H, I]"
9264,9264,B,artificial,D_Dupli,complete,"854 [B, A, C, E, D, F, G, I, H]"
9265,9265,A,artificial,A,complete,"854 [B, A, C, E, D, F, G, I, H]"
9266,9266,C,artificial,D_Dupli,complete,"854 [B, A, C, E, D, F, G, I, H]"
9267,9267,E,artificial,D_Dupli,complete,"854 [B, A, C, E, D, F, G, I, H]"
9268,9268,D,artificial,D_Dupli,complete,"854 [B, A, C, E, D, F, G, I, H]"
9269,9269,F,artificial,F,complete,"854 [B, A, C, E, D, F, G, I, H]"
9270,9270,G,artificial,G,complete,"854 [B, A, C, E, D, F, G, I, H]"
9271,9271,I,artificial,I,complete,"854 [B, A, C, E, D, F, G, I, H]"
9272,9272,H,artificial,H,complete,"854 [B, A, C, E, D, F, G, I, H]"
9273,9273,H,artificial,H,complete,"855 [B, A, E, D, C, F, G, I, H]"
9274,9274,I,artificial,I,complete,"855 [B, A, E, D, C, F, G, I, H]"
9275,9275,F,artificial,F,complete,"855 [B, A, E, D, C, F, G, I, H]"
9276,9276,G,artificial,G,complete,"855 [B, A, E, D, C, F, G, I, H]"
9277,9277,D,artificial,D_Dupli,complete,"855 [B, A, E, D, C, F, G, I, H]"
9278,9278,E,artificial,D_Dupli,complete,"855 [B, A, E, D, C, F, G, I, H]"
9279,9279,A,artificial,A,complete,"855 [B, A, E, D, C, F, G, I, H]"
9280,9280,B,artificial,D_Dupli,complete,"855 [B, A, E, D, C, F, G, I, H]"
9281,9281,C,artificial,D_Dupli,complete,"855 [B, A, E, D, C, F, G, I, H]"
9282,9282,H,artificial,H,complete,"856 [B, A, C, E, D, F, G, I, H]"
9283,9283,I,artificial,I,complete,"856 [B, A, C, E, D, F, G, I, H]"
9284,9284,G,artificial,G,complete,"856 [B, A, C, E, D, F, G, I, H]"
9285,9285,F,artificial,F,complete,"856 [B, A, C, E, D, F, G, I, H]"
9286,9286,E,artificial,D_Dupli,complete,"856 [B, A, C, E, D, F, G, I, H]"
9287,9287,C,artificial,D_Dupli,complete,"856 [B, A, C, E, D, F, G, I, H]"
9288,9288,A,artificial,A,complete,"856 [B, A, C, E, D, F, G, I, H]"
9289,9289,B,artificial,D_Dupli,complete,"856 [B, A, C, E, D, F, G, I, H]"
9290,9290,D,artificial,D_Dupli,complete,"856 [B, A, C, E, D, F, G, I, H]"
9291,9291,I,artificial,I,complete,"857 [B, A, D, C, E, F, G, H, I]"
9292,9292,H,artificial,H,complete,"857 [B, A, D, C, E, F, G, H, I]"
9293,9293,G,artificial,G,complete,"857 [B, A, D, C, E, F, G, H, I]"
9294,9294,C,artificial,D_Dupli,complete,"857 [B, A, D, C, E, F, G, H, I]"
9295,9295,E,artificial,D_Dupli,complete,"857 [B, A, D, C, E, F, G, H, I]"
9296,9296,F,artificial,F,complete,"857 [B, A, D, C, E, F, G, H, I]"
9297,9297,A,artificial,A,complete,"857 [B, A, D, C, E, F, G, H, I]"
9298,9298,B,artificial,D_Dupli,complete,"857 [B, A, D, C, E, F, G, H, I]"
9299,9299,D,artificial,D_Dupli,complete,"857 [B, A, D, C, E, F, G, H, I]"
9300,9300,A,artificial,A,complete,"858 [A, B, D, E, C, F, G, I, H]"
9301,9301,I,artificial,I,complete,"858 [A, B, D, E, C, F, G, I, H]"
9302,9302,G,artificial,G,complete,"858 [A, B, D, E, C, F, G, I, H]"
9303,9303,H,artificial,H,complete,"858 [A, B, D, E, C, F, G, I, H]"
9304,9304,C,artificial,D_Dupli,complete,"858 [A, B, D, E, C, F, G, I, H]"
9305,9305,E,artificial,D_Dupli,complete,"858 [A, B, D, E, C, F, G, I, H]"
9306,9306,D,artificial,D_Dupli,complete,"858 [A, B, D, E, C, F, G, I, H]"
9307,9307,B,artificial,D_Dupli,complete,"858 [A, B, D, E, C, F, G, I, H]"
9308,9308,F,artificial,F,complete,"858 [A, B, D, E, C, F, G, I, H]"
9309,9309,K,artificial,K,complete,"859 [A, B, E, D, C, F, G, I, H, J, K, F, G, I, H]"
9310,9310,H,artificial,H,complete,"859 [A, B, E, D, C, F, G, I, H, J, K, F, G, I, H]"
9311,9311,I,artificial,I,complete,"859 [A, B, E, D, C, F, G, I, H, J, K, F, G, I, H]"
9312,9312,G,artificial,G,complete,"859 [A, B, E, D, C, F, G, I, H, J, K, F, G, I, H]"
9313,9313,F,artificial,F,complete,"859 [A, B, E, D, C, F, G, I, H, J, K, F, G, I, H]"
9314,9314,J,artificial,J,complete,"859 [A, B, E, D, C, F, G, I, H, J, K, F, G, I, H]"
9315,9315,D,artificial,D_Dupli,complete,"859 [A, B, E, D, C, F, G, I, H, J, K, F, G, I, H]"
9316,9316,G,artificial,G,complete,"859 [A, B, E, D, C, F, G, I, H, J, K, F, G, I, H]"
9317,9317,F,artificial,F,complete,"859 [A, B, E, D, C, F, G, I, H, J, K, F, G, I, H]"
9318,9318,C,artificial,D_Dupli,complete,"859 [A, B, E, D, C, F, G, I, H, J, K, F, G, I, H]"
9319,9319,E,artificial,D_Dupli,complete,"859 [A, B, E, D, C, F, G, I, H, J, K, F, G, I, H]"
9320,9320,A,artificial,A,complete,"859 [A, B, E, D, C, F, G, I, H, J, K, F, G, I, H]"
9321,9321,H,artificial,H,complete,"859 [A, B, E, D, C, F, G, I, H, J, K, F, G, I, H]"
9322,9322,B,artificial,D_Dupli,complete,"859 [A, B, E, D, C, F, G, I, H, J, K, F, G, I, H]"
9323,9323,I,artificial,I,complete,"859 [A, B, E, D, C, F, G, I, H, J, K, F, G, I, H]"
9324,9324,I,artificial,I,complete,"86 [A, B, D, E, C, F, G, H, I]"
9325,9325,H,artificial,H,complete,"86 [A, B, D, E, C, F, G, H, I]"
9326,9326,A,artificial,A,complete,"86 [A, B, D, E, C, F, G, H, I]"
9327,9327,B,artificial,D_Dupli,complete,"86 [A, B, D, E, C, F, G, H, I]"
9328,9328,D,artificial,D_Dupli,complete,"86 [A, B, D, E, C, F, G, H, I]"
9329,9329,E,artificial,D_Dupli,complete,"86 [A, B, D, E, C, F, G, H, I]"
9330,9330,C,artificial,D_Dupli,complete,"86 [A, B, D, E, C, F, G, H, I]"
9331,9331,F,artificial,F,complete,"86 [A, B, D, E, C, F, G, H, I]"
9332,9332,G,artificial,G,complete,"86 [A, B, D, E, C, F, G, H, I]"
9333,9333,F,artificial,F,complete,"860 [B, A, E, D, C, F, G, I, H, N, M, O, F, G, I, H]"
9334,9334,H,artificial,H,complete,"860 [B, A, E, D, C, F, G, I, H, N, M, O, F, G, I, H]"
9335,9335,I,artificial,I,complete,"860 [B, A, E, D, C, F, G, I, H, N, M, O, F, G, I, H]"
9336,9336,G,artificial,G,complete,"860 [B, A, E, D, C, F, G, I, H, N, M, O, F, G, I, H]"
9337,9337,F,artificial,F,complete,"860 [B, A, E, D, C, F, G, I, H, N, M, O, F, G, I, H]"
9338,9338,O,artificial,O,complete,"860 [B, A, E, D, C, F, G, I, H, N, M, O, F, G, I, H]"
9339,9339,M,artificial,M,complete,"860 [B, A, E, D, C, F, G, I, H, N, M, O, F, G, I, H]"
9340,9340,C,artificial,D_Dupli,complete,"860 [B, A, E, D, C, F, G, I, H, N, M, O, F, G, I, H]"
9341,9341,H,artificial,H,complete,"860 [B, A, E, D, C, F, G, I, H, N, M, O, F, G, I, H]"
9342,9342,I,artificial,I,complete,"860 [B, A, E, D, C, F, G, I, H, N, M, O, F, G, I, H]"
9343,9343,G,artificial,G,complete,"860 [B, A, E, D, C, F, G, I, H, N, M, O, F, G, I, H]"
9344,9344,B,artificial,D_Dupli,complete,"860 [B, A, E, D, C, F, G, I, H, N, M, O, F, G, I, H]"
9345,9345,A,artificial,A,complete,"860 [B, A, E, D, C, F, G, I, H, N, M, O, F, G, I, H]"
9346,9346,E,artificial,D_Dupli,complete,"860 [B, A, E, D, C, F, G, I, H, N, M, O, F, G, I, H]"
9347,9347,D,artificial,D_Dupli,complete,"860 [B, A, E, D, C, F, G, I, H, N, M, O, F, G, I, H]"
9348,9348,N,artificial,N,complete,"860 [B, A, E, D, C, F, G, I, H, N, M, O, F, G, I, H]"
9349,9349,I,artificial,I,complete,"861 [A, B, C, E, D, F, G, H, I]"
9350,9350,H,artificial,H,complete,"861 [A, B, C, E, D, F, G, H, I]"
9351,9351,G,artificial,G,complete,"861 [A, B, C, E, D, F, G, H, I]"
9352,9352,F,artificial,F,complete,"861 [A, B, C, E, D, F, G, H, I]"
9353,9353,E,artificial,D_Dupli,complete,"861 [A, B, C, E, D, F, G, H, I]"
9354,9354,C,artificial,D_Dupli,complete,"861 [A, B, C, E, D, F, G, H, I]"
9355,9355,B,artificial,D_Dupli,complete,"861 [A, B, C, E, D, F, G, H, I]"
9356,9356,A,artificial,A,complete,"861 [A, B, C, E, D, F, G, H, I]"
9357,9357,D,artificial,D_Dupli,complete,"861 [A, B, C, E, D, F, G, H, I]"
9358,9358,G,artificial,G,complete,"862 [B, A, E, C, D, F, G, H, I]"
9359,9359,I,artificial,I,complete,"862 [B, A, E, C, D, F, G, H, I]"
9360,9360,H,artificial,H,complete,"862 [B, A, E, C, D, F, G, H, I]"
9361,9361,F,artificial,F,complete,"862 [B, A, E, C, D, F, G, H, I]"
9362,9362,A,artificial,A,complete,"862 [B, A, E, C, D, F, G, H, I]"
9363,9363,C,artificial,D_Dupli,complete,"862 [B, A, E, C, D, F, G, H, I]"
9364,9364,E,artificial,D_Dupli,complete,"862 [B, A, E, C, D, F, G, H, I]"
9365,9365,D,artificial,D_Dupli,complete,"862 [B, A, E, C, D, F, G, H, I]"
9366,9366,B,artificial,D_Dupli,complete,"862 [B, A, E, C, D, F, G, H, I]"
9367,9367,H,artificial,H,complete,"863 [A, B, C, D, E, F, G, I, H]"
9368,9368,I,artificial,I,complete,"863 [A, B, C, D, E, F, G, I, H]"
9369,9369,G,artificial,G,complete,"863 [A, B, C, D, E, F, G, I, H]"
9370,9370,F,artificial,F,complete,"863 [A, B, C, D, E, F, G, I, H]"
9371,9371,A,artificial,A,complete,"863 [A, B, C, D, E, F, G, I, H]"
9372,9372,D,artificial,D_Dupli,complete,"863 [A, B, C, D, E, F, G, I, H]"
9373,9373,C,artificial,D_Dupli,complete,"863 [A, B, C, D, E, F, G, I, H]"
9374,9374,B,artificial,D_Dupli,complete,"863 [A, B, C, D, E, F, G, I, H]"
9375,9375,E,artificial,D_Dupli,complete,"863 [A, B, C, D, E, F, G, I, H]"
9376,9376,H,artificial,H,complete,"864 [A, B, D, E, C, F, G, I, H]"
9377,9377,G,artificial,G,complete,"864 [A, B, D, E, C, F, G, I, H]"
9378,9378,F,artificial,F,complete,"864 [A, B, D, E, C, F, G, I, H]"
9379,9379,I,artificial,I,complete,"864 [A, B, D, E, C, F, G, I, H]"
9380,9380,E,artificial,D_Dupli,complete,"864 [A, B, D, E, C, F, G, I, H]"
9381,9381,B,artificial,D_Dupli,complete,"864 [A, B, D, E, C, F, G, I, H]"
9382,9382,A,artificial,A,complete,"864 [A, B, D, E, C, F, G, I, H]"
9383,9383,C,artificial,D_Dupli,complete,"864 [A, B, D, E, C, F, G, I, H]"
9384,9384,D,artificial,D_Dupli,complete,"864 [A, B, D, E, C, F, G, I, H]"
9385,9385,H,artificial,H,complete,"865 [B, A, C, E, D, F, G, I, H]"
9386,9386,B,artificial,D_Dupli,complete,"865 [B, A, C, E, D, F, G, I, H]"
9387,9387,A,artificial,A,complete,"865 [B, A, C, E, D, F, G, I, H]"
9388,9388,C,artificial,D_Dupli,complete,"865 [B, A, C, E, D, F, G, I, H]"
9389,9389,E,artificial,D_Dupli,complete,"865 [B, A, C, E, D, F, G, I, H]"
9390,9390,D,artificial,D_Dupli,complete,"865 [B, A, C, E, D, F, G, I, H]"
9391,9391,G,artificial,G,complete,"865 [B, A, C, E, D, F, G, I, H]"
9392,9392,I,artificial,I,complete,"865 [B, A, C, E, D, F, G, I, H]"
9393,9393,F,artificial,F,complete,"865 [B, A, C, E, D, F, G, I, H]"
9394,9394,H,artificial,H,complete,"866 [B, A, C, E, D, F, G, H, I]"
9395,9395,B,artificial,D_Dupli,complete,"866 [B, A, C, E, D, F, G, H, I]"
9396,9396,A,artificial,A,complete,"866 [B, A, C, E, D, F, G, H, I]"
9397,9397,C,artificial,D_Dupli,complete,"866 [B, A, C, E, D, F, G, H, I]"
9398,9398,E,artificial,D_Dupli,complete,"866 [B, A, C, E, D, F, G, H, I]"
9399,9399,D,artificial,D_Dupli,complete,"866 [B, A, C, E, D, F, G, H, I]"
9400,9400,F,artificial,F,complete,"866 [B, A, C, E, D, F, G, H, I]"
9401,9401,G,artificial,G,complete,"866 [B, A, C, E, D, F, G, H, I]"
9402,9402,I,artificial,I,complete,"866 [B, A, C, E, D, F, G, H, I]"
9403,9403,A,artificial,A,complete,"867 [A, B, C, D, E, F, G, H, I]"
9404,9404,B,artificial,D_Dupli,complete,"867 [A, B, C, D, E, F, G, H, I]"
9405,9405,C,artificial,D_Dupli,complete,"867 [A, B, C, D, E, F, G, H, I]"
9406,9406,D,artificial,D_Dupli,complete,"867 [A, B, C, D, E, F, G, H, I]"
9407,9407,I,artificial,I,complete,"867 [A, B, C, D, E, F, G, H, I]"
9408,9408,F,artificial,F,complete,"867 [A, B, C, D, E, F, G, H, I]"
9409,9409,G,artificial,G,complete,"867 [A, B, C, D, E, F, G, H, I]"
9410,9410,E,artificial,D_Dupli,complete,"867 [A, B, C, D, E, F, G, H, I]"
9411,9411,H,artificial,H,complete,"867 [A, B, C, D, E, F, G, H, I]"
9412,9412,H,artificial,H,complete,"868 [B, A, D, C, E, F, G, I, H]"
9413,9413,I,artificial,I,complete,"868 [B, A, D, C, E, F, G, I, H]"
9414,9414,B,artificial,D_Dupli,complete,"868 [B, A, D, C, E, F, G, I, H]"
9415,9415,A,artificial,A,complete,"868 [B, A, D, C, E, F, G, I, H]"
9416,9416,D,artificial,D_Dupli,complete,"868 [B, A, D, C, E, F, G, I, H]"
9417,9417,C,artificial,D_Dupli,complete,"868 [B, A, D, C, E, F, G, I, H]"
9418,9418,E,artificial,D_Dupli,complete,"868 [B, A, D, C, E, F, G, I, H]"
9419,9419,F,artificial,F,complete,"868 [B, A, D, C, E, F, G, I, H]"
9420,9420,G,artificial,G,complete,"868 [B, A, D, C, E, F, G, I, H]"
9421,9421,H,artificial,H,complete,"869 [B, A, E, C, D, F, G, I, H]"
9422,9422,I,artificial,I,complete,"869 [B, A, E, C, D, F, G, I, H]"
9423,9423,F,artificial,F,complete,"869 [B, A, E, C, D, F, G, I, H]"
9424,9424,G,artificial,G,complete,"869 [B, A, E, C, D, F, G, I, H]"
9425,9425,C,artificial,D_Dupli,complete,"869 [B, A, E, C, D, F, G, I, H]"
9426,9426,E,artificial,D_Dupli,complete,"869 [B, A, E, C, D, F, G, I, H]"
9427,9427,A,artificial,A,complete,"869 [B, A, E, C, D, F, G, I, H]"
9428,9428,D,artificial,D_Dupli,complete,"869 [B, A, E, C, D, F, G, I, H]"
9429,9429,B,artificial,D_Dupli,complete,"869 [B, A, E, C, D, F, G, I, H]"
9430,9430,B,artificial,D_Dupli,complete,"87 [B, A, E, C, D, F, G, I, H]"
9431,9431,A,artificial,A,complete,"87 [B, A, E, C, D, F, G, I, H]"
9432,9432,E,artificial,D_Dupli,complete,"87 [B, A, E, C, D, F, G, I, H]"
9433,9433,C,artificial,D_Dupli,complete,"87 [B, A, E, C, D, F, G, I, H]"
9434,9434,D,artificial,D_Dupli,complete,"87 [B, A, E, C, D, F, G, I, H]"
9435,9435,F,artificial,F,complete,"87 [B, A, E, C, D, F, G, I, H]"
9436,9436,G,artificial,G,complete,"87 [B, A, E, C, D, F, G, I, H]"
9437,9437,I,artificial,I,complete,"87 [B, A, E, C, D, F, G, I, H]"
9438,9438,H,artificial,H,complete,"87 [B, A, E, C, D, F, G, I, H]"
9439,9439,H,artificial,H,complete,"870 [B, A, C, D, E, F, G, I, H]"
9440,9440,B,artificial,D_Dupli,complete,"870 [B, A, C, D, E, F, G, I, H]"
9441,9441,G,artificial,G,complete,"870 [B, A, C, D, E, F, G, I, H]"
9442,9442,F,artificial,F,complete,"870 [B, A, C, D, E, F, G, I, H]"
9443,9443,E,artificial,D_Dupli,complete,"870 [B, A, C, D, E, F, G, I, H]"
9444,9444,D,artificial,D_Dupli,complete,"870 [B, A, C, D, E, F, G, I, H]"
9445,9445,C,artificial,D_Dupli,complete,"870 [B, A, C, D, E, F, G, I, H]"
9446,9446,A,artificial,A,complete,"870 [B, A, C, D, E, F, G, I, H]"
9447,9447,I,artificial,I,complete,"870 [B, A, C, D, E, F, G, I, H]"
9448,9448,C,artificial,D_Dupli,complete,"871 [B, A, C, D, E, F, G, I, H]"
9449,9449,H,artificial,H,complete,"871 [B, A, C, D, E, F, G, I, H]"
9450,9450,I,artificial,I,complete,"871 [B, A, C, D, E, F, G, I, H]"
9451,9451,G,artificial,G,complete,"871 [B, A, C, D, E, F, G, I, H]"
9452,9452,F,artificial,F,complete,"871 [B, A, C, D, E, F, G, I, H]"
9453,9453,E,artificial,D_Dupli,complete,"871 [B, A, C, D, E, F, G, I, H]"
9454,9454,D,artificial,D_Dupli,complete,"871 [B, A, C, D, E, F, G, I, H]"
9455,9455,B,artificial,D_Dupli,complete,"871 [B, A, C, D, E, F, G, I, H]"
9456,9456,A,artificial,A,complete,"871 [B, A, C, D, E, F, G, I, H]"
9457,9457,B,artificial,D_Dupli,complete,"872 [B, A, E, C, D, F, G, H, I]"
9458,9458,A,artificial,A,complete,"872 [B, A, E, C, D, F, G, H, I]"
9459,9459,I,artificial,I,complete,"872 [B, A, E, C, D, F, G, H, I]"
9460,9460,H,artificial,H,complete,"872 [B, A, E, C, D, F, G, H, I]"
9461,9461,G,artificial,G,complete,"872 [B, A, E, C, D, F, G, H, I]"
9462,9462,F,artificial,F,complete,"872 [B, A, E, C, D, F, G, H, I]"
9463,9463,D,artificial,D_Dupli,complete,"872 [B, A, E, C, D, F, G, H, I]"
9464,9464,C,artificial,D_Dupli,complete,"872 [B, A, E, C, D, F, G, H, I]"
9465,9465,E,artificial,D_Dupli,complete,"872 [B, A, E, C, D, F, G, H, I]"
9466,9466,G,artificial,G,complete,"873 [A, B, C, E, D, F, G, I, H, N, M, O, F, G, H, I, J, K, F, G, I, H]"
9467,9467,F,artificial,F,complete,"873 [A, B, C, E, D, F, G, I, H, N, M, O, F, G, H, I, J, K, F, G, I, H]"
9468,9468,O,artificial,O,complete,"873 [A, B, C, E, D, F, G, I, H, N, M, O, F, G, H, I, J, K, F, G, I, H]"
9469,9469,M,artificial,M,complete,"873 [A, B, C, E, D, F, G, I, H, N, M, O, F, G, H, I, J, K, F, G, I, H]"
9470,9470,N,artificial,N,complete,"873 [A, B, C, E, D, F, G, I, H, N, M, O, F, G, H, I, J, K, F, G, I, H]"
9471,9471,H,artificial,H,complete,"873 [A, B, C, E, D, F, G, I, H, N, M, O, F, G, H, I, J, K, F, G, I, H]"
9472,9472,C,artificial,D_Dupli,complete,"873 [A, B, C, E, D, F, G, I, H, N, M, O, F, G, H, I, J, K, F, G, I, H]"
9473,9473,G,artificial,G,complete,"873 [A, B, C, E, D, F, G, I, H, N, M, O, F, G, H, I, J, K, F, G, I, H]"
9474,9474,J,artificial,J,complete,"873 [A, B, C, E, D, F, G, I, H, N, M, O, F, G, H, I, J, K, F, G, I, H]"
9475,9475,B,artificial,D_Dupli,complete,"873 [A, B, C, E, D, F, G, I, H, N, M, O, F, G, H, I, J, K, F, G, I, H]"
9476,9476,F,artificial,F,complete,"873 [A, B, C, E, D, F, G, I, H, N, M, O, F, G, H, I, J, K, F, G, I, H]"
9477,9477,A,artificial,A,complete,"873 [A, B, C, E, D, F, G, I, H, N, M, O, F, G, H, I, J, K, F, G, I, H]"
9478,9478,E,artificial,D_Dupli,complete,"873 [A, B, C, E, D, F, G, I, H, N, M, O, F, G, H, I, J, K, F, G, I, H]"
9479,9479,I,artificial,I,complete,"873 [A, B, C, E, D, F, G, I, H, N, M, O, F, G, H, I, J, K, F, G, I, H]"
9480,9480,D,artificial,D_Dupli,complete,"873 [A, B, C, E, D, F, G, I, H, N, M, O, F, G, H, I, J, K, F, G, I, H]"
9481,9481,I,artificial,I,complete,"873 [A, B, C, E, D, F, G, I, H, N, M, O, F, G, H, I, J, K, F, G, I, H]"
9482,9482,F,artificial,F,complete,"873 [A, B, C, E, D, F, G, I, H, N, M, O, F, G, H, I, J, K, F, G, I, H]"
9483,9483,G,artificial,G,complete,"873 [A, B, C, E, D, F, G, I, H, N, M, O, F, G, H, I, J, K, F, G, I, H]"
9484,9484,I,artificial,I,complete,"873 [A, B, C, E, D, F, G, I, H, N, M, O, F, G, H, I, J, K, F, G, I, H]"
9485,9485,H,artificial,H,complete,"873 [A, B, C, E, D, F, G, I, H, N, M, O, F, G, H, I, J, K, F, G, I, H]"
9486,9486,H,artificial,H,complete,"873 [A, B, C, E, D, F, G, I, H, N, M, O, F, G, H, I, J, K, F, G, I, H]"
9487,9487,K,artificial,K,complete,"873 [A, B, C, E, D, F, G, I, H, N, M, O, F, G, H, I, J, K, F, G, I, H]"
9488,9488,I,artificial,I,complete,"874 [B, A, D, E, C, F, G, H, I]"
9489,9489,H,artificial,H,complete,"874 [B, A, D, E, C, F, G, H, I]"
9490,9490,G,artificial,G,complete,"874 [B, A, D, E, C, F, G, H, I]"
9491,9491,B,artificial,D_Dupli,complete,"874 [B, A, D, E, C, F, G, H, I]"
9492,9492,C,artificial,D_Dupli,complete,"874 [B, A, D, E, C, F, G, H, I]"
9493,9493,A,artificial,A,complete,"874 [B, A, D, E, C, F, G, H, I]"
9494,9494,F,artificial,F,complete,"874 [B, A, D, E, C, F, G, H, I]"
9495,9495,E,artificial,D_Dupli,complete,"874 [B, A, D, E, C, F, G, H, I]"
9496,9496,D,artificial,D_Dupli,complete,"874 [B, A, D, E, C, F, G, H, I]"
9497,9497,A,artificial,A,complete,"875 [A, B, C, E, D, F, G, H, I, N, M, O, F, G, H, I, N, O, M, F, G, H, I]"
9498,9498,I,artificial,I,complete,"875 [A, B, C, E, D, F, G, H, I, N, M, O, F, G, H, I, N, O, M, F, G, H, I]"
9499,9499,H,artificial,H,complete,"875 [A, B, C, E, D, F, G, H, I, N, M, O, F, G, H, I, N, O, M, F, G, H, I]"
9500,9500,G,artificial,G,complete,"875 [A, B, C, E, D, F, G, H, I, N, M, O, F, G, H, I, N, O, M, F, G, H, I]"
9501,9501,F,artificial,F,complete,"875 [A, B, C, E, D, F, G, H, I, N, M, O, F, G, H, I, N, O, M, F, G, H, I]"
9502,9502,M,artificial,M,complete,"875 [A, B, C, E, D, F, G, H, I, N, M, O, F, G, H, I, N, O, M, F, G, H, I]"
9503,9503,O,artificial,O,complete,"875 [A, B, C, E, D, F, G, H, I, N, M, O, F, G, H, I, N, O, M, F, G, H, I]"
9504,9504,N,artificial,N,complete,"875 [A, B, C, E, D, F, G, H, I, N, M, O, F, G, H, I, N, O, M, F, G, H, I]"
9505,9505,I,artificial,I,complete,"875 [A, B, C, E, D, F, G, H, I, N, M, O, F, G, H, I, N, O, M, F, G, H, I]"
9506,9506,H,artificial,H,complete,"875 [A, B, C, E, D, F, G, H, I, N, M, O, F, G, H, I, N, O, M, F, G, H, I]"
9507,9507,G,artificial,G,complete,"875 [A, B, C, E, D, F, G, H, I, N, M, O, F, G, H, I, N, O, M, F, G, H, I]"
9508,9508,O,artificial,O,complete,"875 [A, B, C, E, D, F, G, H, I, N, M, O, F, G, H, I, N, O, M, F, G, H, I]"
9509,9509,M,artificial,M,complete,"875 [A, B, C, E, D, F, G, H, I, N, M, O, F, G, H, I, N, O, M, F, G, H, I]"
9510,9510,N,artificial,N,complete,"875 [A, B, C, E, D, F, G, H, I, N, M, O, F, G, H, I, N, O, M, F, G, H, I]"
9511,9511,I,artificial,I,complete,"875 [A, B, C, E, D, F, G, H, I, N, M, O, F, G, H, I, N, O, M, F, G, H, I]"
9512,9512,H,artificial,H,complete,"875 [A, B, C, E, D, F, G, H, I, N, M, O, F, G, H, I, N, O, M, F, G, H, I]"
9513,9513,G,artificial,G,complete,"875 [A, B, C, E, D, F, G, H, I, N, M, O, F, G, H, I, N, O, M, F, G, H, I]"
9514,9514,F,artificial,F,complete,"875 [A, B, C, E, D, F, G, H, I, N, M, O, F, G, H, I, N, O, M, F, G, H, I]"
9515,9515,D,artificial,D_Dupli,complete,"875 [A, B, C, E, D, F, G, H, I, N, M, O, F, G, H, I, N, O, M, F, G, H, I]"
9516,9516,E,artificial,D_Dupli,complete,"875 [A, B, C, E, D, F, G, H, I, N, M, O, F, G, H, I, N, O, M, F, G, H, I]"
9517,9517,C,artificial,D_Dupli,complete,"875 [A, B, C, E, D, F, G, H, I, N, M, O, F, G, H, I, N, O, M, F, G, H, I]"
9518,9518,B,artificial,D_Dupli,complete,"875 [A, B, C, E, D, F, G, H, I, N, M, O, F, G, H, I, N, O, M, F, G, H, I]"
9519,9519,F,artificial,F,complete,"875 [A, B, C, E, D, F, G, H, I, N, M, O, F, G, H, I, N, O, M, F, G, H, I]"
9520,9520,H,artificial,H,complete,"876 [B, A, C, E, D, F, G, I, H]"
9521,9521,I,artificial,I,complete,"876 [B, A, C, E, D, F, G, I, H]"
9522,9522,F,artificial,F,complete,"876 [B, A, C, E, D, F, G, I, H]"
9523,9523,G,artificial,G,complete,"876 [B, A, C, E, D, F, G, I, H]"
9524,9524,E,artificial,D_Dupli,complete,"876 [B, A, C, E, D, F, G, I, H]"
9525,9525,B,artificial,D_Dupli,complete,"876 [B, A, C, E, D, F, G, I, H]"
9526,9526,D,artificial,D_Dupli,complete,"876 [B, A, C, E, D, F, G, I, H]"
9527,9527,C,artificial,D_Dupli,complete,"876 [B, A, C, E, D, F, G, I, H]"
9528,9528,A,artificial,A,complete,"876 [B, A, C, E, D, F, G, I, H]"
9529,9529,A,artificial,A,complete,"877 [A, B, C, E, D, F, G, I, H]"
9530,9530,B,artificial,D_Dupli,complete,"877 [A, B, C, E, D, F, G, I, H]"
9531,9531,C,artificial,D_Dupli,complete,"877 [A, B, C, E, D, F, G, I, H]"
9532,9532,E,artificial,D_Dupli,complete,"877 [A, B, C, E, D, F, G, I, H]"
9533,9533,D,artificial,D_Dupli,complete,"877 [A, B, C, E, D, F, G, I, H]"
9534,9534,F,artificial,F,complete,"877 [A, B, C, E, D, F, G, I, H]"
9535,9535,G,artificial,G,complete,"877 [A, B, C, E, D, F, G, I, H]"
9536,9536,I,artificial,I,complete,"877 [A, B, C, E, D, F, G, I, H]"
9537,9537,H,artificial,H,complete,"877 [A, B, C, E, D, F, G, I, H]"
9538,9538,I,artificial,I,complete,"878 [A, B, D, E, C, F, G, H, I]"
9539,9539,H,artificial,H,complete,"878 [A, B, D, E, C, F, G, H, I]"
9540,9540,G,artificial,G,complete,"878 [A, B, D, E, C, F, G, H, I]"
9541,9541,C,artificial,D_Dupli,complete,"878 [A, B, D, E, C, F, G, H, I]"
9542,9542,E,artificial,D_Dupli,complete,"878 [A, B, D, E, C, F, G, H, I]"
9543,9543,B,artificial,D_Dupli,complete,"878 [A, B, D, E, C, F, G, H, I]"
9544,9544,A,artificial,A,complete,"878 [A, B, D, E, C, F, G, H, I]"
9545,9545,F,artificial,F,complete,"878 [A, B, D, E, C, F, G, H, I]"
9546,9546,D,artificial,D_Dupli,complete,"878 [A, B, D, E, C, F, G, H, I]"
9547,9547,O,artificial,O,complete,"879 [B, A, E, D, C, F, G, H, I, O, M, N, F, G, I, H]"
9548,9548,H,artificial,H,complete,"879 [B, A, E, D, C, F, G, H, I, O, M, N, F, G, I, H]"
9549,9549,I,artificial,I,complete,"879 [B, A, E, D, C, F, G, H, I, O, M, N, F, G, I, H]"
9550,9550,G,artificial,G,complete,"879 [B, A, E, D, C, F, G, H, I, O, M, N, F, G, I, H]"
9551,9551,F,artificial,F,complete,"879 [B, A, E, D, C, F, G, H, I, O, M, N, F, G, I, H]"
9552,9552,N,artificial,N,complete,"879 [B, A, E, D, C, F, G, H, I, O, M, N, F, G, I, H]"
9553,9553,M,artificial,M,complete,"879 [B, A, E, D, C, F, G, H, I, O, M, N, F, G, I, H]"
9554,9554,I,artificial,I,complete,"879 [B, A, E, D, C, F, G, H, I, O, M, N, F, G, I, H]"
9555,9555,G,artificial,G,complete,"879 [B, A, E, D, C, F, G, H, I, O, M, N, F, G, I, H]"
9556,9556,H,artificial,H,complete,"879 [B, A, E, D, C, F, G, H, I, O, M, N, F, G, I, H]"
9557,9557,B,artificial,D_Dupli,complete,"879 [B, A, E, D, C, F, G, H, I, O, M, N, F, G, I, H]"
9558,9558,A,artificial,A,complete,"879 [B, A, E, D, C, F, G, H, I, O, M, N, F, G, I, H]"
9559,9559,D,artificial,D_Dupli,complete,"879 [B, A, E, D, C, F, G, H, I, O, M, N, F, G, I, H]"
9560,9560,C,artificial,D_Dupli,complete,"879 [B, A, E, D, C, F, G, H, I, O, M, N, F, G, I, H]"
9561,9561,E,artificial,D_Dupli,complete,"879 [B, A, E, D, C, F, G, H, I, O, M, N, F, G, I, H]"
9562,9562,F,artificial,F,complete,"879 [B, A, E, D, C, F, G, H, I, O, M, N, F, G, I, H]"
9563,9563,G,artificial,G,complete,"88 [A, B, E, D, C, F, G, H, I]"
9564,9564,F,artificial,F,complete,"88 [A, B, E, D, C, F, G, H, I]"
9565,9565,C,artificial,D_Dupli,complete,"88 [A, B, E, D, C, F, G, H, I]"
9566,9566,D,artificial,D_Dupli,complete,"88 [A, B, E, D, C, F, G, H, I]"
9567,9567,E,artificial,D_Dupli,complete,"88 [A, B, E, D, C, F, G, H, I]"
9568,9568,B,artificial,D_Dupli,complete,"88 [A, B, E, D, C, F, G, H, I]"
9569,9569,A,artificial,A,complete,"88 [A, B, E, D, C, F, G, H, I]"
9570,9570,H,artificial,H,complete,"88 [A, B, E, D, C, F, G, H, I]"
9571,9571,I,artificial,I,complete,"88 [A, B, E, D, C, F, G, H, I]"
9572,9572,H,artificial,H,complete,"880 [A, B, C, E, D, F, G, H, I]"
9573,9573,A,artificial,A,complete,"880 [A, B, C, E, D, F, G, H, I]"
9574,9574,B,artificial,D_Dupli,complete,"880 [A, B, C, E, D, F, G, H, I]"
9575,9575,C,artificial,D_Dupli,complete,"880 [A, B, C, E, D, F, G, H, I]"
9576,9576,E,artificial,D_Dupli,complete,"880 [A, B, C, E, D, F, G, H, I]"
9577,9577,D,artificial,D_Dupli,complete,"880 [A, B, C, E, D, F, G, H, I]"
9578,9578,F,artificial,F,complete,"880 [A, B, C, E, D, F, G, H, I]"
9579,9579,I,artificial,I,complete,"880 [A, B, C, E, D, F, G, H, I]"
9580,9580,G,artificial,G,complete,"880 [A, B, C, E, D, F, G, H, I]"
9581,9581,D,artificial,D_Dupli,complete,"881 [B, A, D, C, E, F, G, H, I]"
9582,9582,I,artificial,I,complete,"881 [B, A, D, C, E, F, G, H, I]"
9583,9583,H,artificial,H,complete,"881 [B, A, D, C, E, F, G, H, I]"
9584,9584,G,artificial,G,complete,"881 [B, A, D, C, E, F, G, H, I]"
9585,9585,F,artificial,F,complete,"881 [B, A, D, C, E, F, G, H, I]"
9586,9586,B,artificial,D_Dupli,complete,"881 [B, A, D, C, E, F, G, H, I]"
9587,9587,C,artificial,D_Dupli,complete,"881 [B, A, D, C, E, F, G, H, I]"
9588,9588,A,artificial,A,complete,"881 [B, A, D, C, E, F, G, H, I]"
9589,9589,E,artificial,D_Dupli,complete,"881 [B, A, D, C, E, F, G, H, I]"
9590,9590,I,artificial,I,complete,"882 [B, A, D, C, E, F, G, H, I]"
9591,9591,D,artificial,D_Dupli,complete,"882 [B, A, D, C, E, F, G, H, I]"
9592,9592,B,artificial,D_Dupli,complete,"882 [B, A, D, C, E, F, G, H, I]"
9593,9593,A,artificial,A,complete,"882 [B, A, D, C, E, F, G, H, I]"
9594,9594,C,artificial,D_Dupli,complete,"882 [B, A, D, C, E, F, G, H, I]"
9595,9595,E,artificial,D_Dupli,complete,"882 [B, A, D, C, E, F, G, H, I]"
9596,9596,G,artificial,G,complete,"882 [B, A, D, C, E, F, G, H, I]"
9597,9597,H,artificial,H,complete,"882 [B, A, D, C, E, F, G, H, I]"
9598,9598,F,artificial,F,complete,"882 [B, A, D, C, E, F, G, H, I]"
9599,9599,B,artificial,D_Dupli,complete,"883 [A, B, C, E, D, F, G, H, I]"
9600,9600,H,artificial,H,complete,"883 [A, B, C, E, D, F, G, H, I]"
9601,9601,G,artificial,G,complete,"883 [A, B, C, E, D, F, G, H, I]"
9602,9602,C,artificial,D_Dupli,complete,"883 [A, B, C, E, D, F, G, H, I]"
9603,9603,F,artificial,F,complete,"883 [A, B, C, E, D, F, G, H, I]"
9604,9604,D,artificial,D_Dupli,complete,"883 [A, B, C, E, D, F, G, H, I]"
9605,9605,I,artificial,I,complete,"883 [A, B, C, E, D, F, G, H, I]"
9606,9606,A,artificial,A,complete,"883 [A, B, C, E, D, F, G, H, I]"
9607,9607,E,artificial,D_Dupli,complete,"883 [A, B, C, E, D, F, G, H, I]"
9608,9608,A,artificial,A,complete,"884 [A, B, C, D, E, F, G, I, H]"
9609,9609,B,artificial,D_Dupli,complete,"884 [A, B, C, D, E, F, G, I, H]"
9610,9610,C,artificial,D_Dupli,complete,"884 [A, B, C, D, E, F, G, I, H]"
9611,9611,D,artificial,D_Dupli,complete,"884 [A, B, C, D, E, F, G, I, H]"
9612,9612,E,artificial,D_Dupli,complete,"884 [A, B, C, D, E, F, G, I, H]"
9613,9613,F,artificial,F,complete,"884 [A, B, C, D, E, F, G, I, H]"
9614,9614,G,artificial,G,complete,"884 [A, B, C, D, E, F, G, I, H]"
9615,9615,H,artificial,H,complete,"884 [A, B, C, D, E, F, G, I, H]"
9616,9616,I,artificial,I,complete,"884 [A, B, C, D, E, F, G, I, H]"
9617,9617,C,artificial,D_Dupli,complete,"885 [A, B, C, D, E, F, G, I, H]"
9618,9618,A,artificial,A,complete,"885 [A, B, C, D, E, F, G, I, H]"
9619,9619,H,artificial,H,complete,"885 [A, B, C, D, E, F, G, I, H]"
9620,9620,I,artificial,I,complete,"885 [A, B, C, D, E, F, G, I, H]"
9621,9621,B,artificial,D_Dupli,complete,"885 [A, B, C, D, E, F, G, I, H]"
9622,9622,F,artificial,F,complete,"885 [A, B, C, D, E, F, G, I, H]"
9623,9623,E,artificial,D_Dupli,complete,"885 [A, B, C, D, E, F, G, I, H]"
9624,9624,D,artificial,D_Dupli,complete,"885 [A, B, C, D, E, F, G, I, H]"
9625,9625,G,artificial,G,complete,"885 [A, B, C, D, E, F, G, I, H]"
9626,9626,G,artificial,G,complete,"886 [A, B, C, E, D, F, G, H, I]"
9627,9627,F,artificial,F,complete,"886 [A, B, C, E, D, F, G, H, I]"
9628,9628,D,artificial,D_Dupli,complete,"886 [A, B, C, E, D, F, G, H, I]"
9629,9629,E,artificial,D_Dupli,complete,"886 [A, B, C, E, D, F, G, H, I]"
9630,9630,C,artificial,D_Dupli,complete,"886 [A, B, C, E, D, F, G, H, I]"
9631,9631,I,artificial,I,complete,"886 [A, B, C, E, D, F, G, H, I]"
9632,9632,B,artificial,D_Dupli,complete,"886 [A, B, C, E, D, F, G, H, I]"
9633,9633,A,artificial,A,complete,"886 [A, B, C, E, D, F, G, H, I]"
9634,9634,H,artificial,H,complete,"886 [A, B, C, E, D, F, G, H, I]"
9635,9635,D,artificial,D_Dupli,complete,"887 [A, B, D, E, C, F, G, I, H]"
9636,9636,B,artificial,D_Dupli,complete,"887 [A, B, D, E, C, F, G, I, H]"
9637,9637,A,artificial,A,complete,"887 [A, B, D, E, C, F, G, I, H]"
9638,9638,C,artificial,D_Dupli,complete,"887 [A, B, D, E, C, F, G, I, H]"
9639,9639,G,artificial,G,complete,"887 [A, B, D, E, C, F, G, I, H]"
9640,9640,I,artificial,I,complete,"887 [A, B, D, E, C, F, G, I, H]"
9641,9641,E,artificial,D_Dupli,complete,"887 [A, B, D, E, C, F, G, I, H]"
9642,9642,H,artificial,H,complete,"887 [A, B, D, E, C, F, G, I, H]"
9643,9643,F,artificial,F,complete,"887 [A, B, D, E, C, F, G, I, H]"
9644,9644,H,artificial,H,complete,"888 [A, B, C, D, E, F, G, H, I]"
9645,9645,G,artificial,G,complete,"888 [A, B, C, D, E, F, G, H, I]"
9646,9646,F,artificial,F,complete,"888 [A, B, C, D, E, F, G, H, I]"
9647,9647,E,artificial,D_Dupli,complete,"888 [A, B, C, D, E, F, G, H, I]"
9648,9648,D,artificial,D_Dupli,complete,"888 [A, B, C, D, E, F, G, H, I]"
9649,9649,C,artificial,D_Dupli,complete,"888 [A, B, C, D, E, F, G, H, I]"
9650,9650,B,artificial,D_Dupli,complete,"888 [A, B, C, D, E, F, G, H, I]"
9651,9651,A,artificial,A,complete,"888 [A, B, C, D, E, F, G, H, I]"
9652,9652,I,artificial,I,complete,"888 [A, B, C, D, E, F, G, H, I]"
9653,9653,C,artificial,D_Dupli,complete,"889 [A, B, C, E, D, F, G, H, I]"
9654,9654,E,artificial,D_Dupli,complete,"889 [A, B, C, E, D, F, G, H, I]"
9655,9655,D,artificial,D_Dupli,complete,"889 [A, B, C, E, D, F, G, H, I]"
9656,9656,F,artificial,F,complete,"889 [A, B, C, E, D, F, G, H, I]"
9657,9657,G,artificial,G,complete,"889 [A, B, C, E, D, F, G, H, I]"
9658,9658,H,artificial,H,complete,"889 [A, B, C, E, D, F, G, H, I]"
9659,9659,I,artificial,I,complete,"889 [A, B, C, E, D, F, G, H, I]"
9660,9660,B,artificial,D_Dupli,complete,"889 [A, B, C, E, D, F, G, H, I]"
9661,9661,A,artificial,A,complete,"889 [A, B, C, E, D, F, G, H, I]"
9662,9662,B,artificial,D_Dupli,complete,"89 [A, B, D, E, C, F, G, H, I]"
9663,9663,A,artificial,A,complete,"89 [A, B, D, E, C, F, G, H, I]"
9664,9664,I,artificial,I,complete,"89 [A, B, D, E, C, F, G, H, I]"
9665,9665,G,artificial,G,complete,"89 [A, B, D, E, C, F, G, H, I]"
9666,9666,F,artificial,F,complete,"89 [A, B, D, E, C, F, G, H, I]"
9667,9667,H,artificial,H,complete,"89 [A, B, D, E, C, F, G, H, I]"
9668,9668,E,artificial,D_Dupli,complete,"89 [A, B, D, E, C, F, G, H, I]"
9669,9669,D,artificial,D_Dupli,complete,"89 [A, B, D, E, C, F, G, H, I]"
9670,9670,C,artificial,D_Dupli,complete,"89 [A, B, D, E, C, F, G, H, I]"
9671,9671,H,artificial,H,complete,"890 [A, B, E, D, C, F, G, H, I, N, M, O, F, G, I, H, N, M, O, F, G, I, H]"
9672,9672,A,artificial,A,complete,"890 [A, B, E, D, C, F, G, H, I, N, M, O, F, G, I, H, N, M, O, F, G, I, H]"
9673,9673,E,artificial,D_Dupli,complete,"890 [A, B, E, D, C, F, G, H, I, N, M, O, F, G, I, H, N, M, O, F, G, I, H]"
9674,9674,D,artificial,D_Dupli,complete,"890 [A, B, E, D, C, F, G, H, I, N, M, O, F, G, I, H, N, M, O, F, G, I, H]"
9675,9675,C,artificial,D_Dupli,complete,"890 [A, B, E, D, C, F, G, H, I, N, M, O, F, G, I, H, N, M, O, F, G, I, H]"
9676,9676,F,artificial,F,complete,"890 [A, B, E, D, C, F, G, H, I, N, M, O, F, G, I, H, N, M, O, F, G, I, H]"
9677,9677,G,artificial,G,complete,"890 [A, B, E, D, C, F, G, H, I, N, M, O, F, G, I, H, N, M, O, F, G, I, H]"
9678,9678,B,artificial,D_Dupli,complete,"890 [A, B, E, D, C, F, G, H, I, N, M, O, F, G, I, H, N, M, O, F, G, I, H]"
9679,9679,I,artificial,I,complete,"890 [A, B, E, D, C, F, G, H, I, N, M, O, F, G, I, H, N, M, O, F, G, I, H]"
9680,9680,M,artificial,M,complete,"890 [A, B, E, D, C, F, G, H, I, N, M, O, F, G, I, H, N, M, O, F, G, I, H]"
9681,9681,H,artificial,H,complete,"890 [A, B, E, D, C, F, G, H, I, N, M, O, F, G, I, H, N, M, O, F, G, I, H]"
9682,9682,I,artificial,I,complete,"890 [A, B, E, D, C, F, G, H, I, N, M, O, F, G, I, H, N, M, O, F, G, I, H]"
9683,9683,G,artificial,G,complete,"890 [A, B, E, D, C, F, G, H, I, N, M, O, F, G, I, H, N, M, O, F, G, I, H]"
9684,9684,F,artificial,F,complete,"890 [A, B, E, D, C, F, G, H, I, N, M, O, F, G, I, H, N, M, O, F, G, I, H]"
9685,9685,O,artificial,O,complete,"890 [A, B, E, D, C, F, G, H, I, N, M, O, F, G, I, H, N, M, O, F, G, I, H]"
9686,9686,M,artificial,M,complete,"890 [A, B, E, D, C, F, G, H, I, N, M, O, F, G, I, H, N, M, O, F, G, I, H]"
9687,9687,N,artificial,N,complete,"890 [A, B, E, D, C, F, G, H, I, N, M, O, F, G, I, H, N, M, O, F, G, I, H]"
9688,9688,H,artificial,H,complete,"890 [A, B, E, D, C, F, G, H, I, N, M, O, F, G, I, H, N, M, O, F, G, I, H]"
9689,9689,I,artificial,I,complete,"890 [A, B, E, D, C, F, G, H, I, N, M, O, F, G, I, H, N, M, O, F, G, I, H]"
9690,9690,G,artificial,G,complete,"890 [A, B, E, D, C, F, G, H, I, N, M, O, F, G, I, H, N, M, O, F, G, I, H]"
9691,9691,F,artificial,F,complete,"890 [A, B, E, D, C, F, G, H, I, N, M, O, F, G, I, H, N, M, O, F, G, I, H]"
9692,9692,O,artificial,O,complete,"890 [A, B, E, D, C, F, G, H, I, N, M, O, F, G, I, H, N, M, O, F, G, I, H]"
9693,9693,N,artificial,N,complete,"890 [A, B, E, D, C, F, G, H, I, N, M, O, F, G, I, H, N, M, O, F, G, I, H]"
9694,9694,H,artificial,H,complete,"891 [A, B, C, E, D, F, G, I, H]"
9695,9695,I,artificial,I,complete,"891 [A, B, C, E, D, F, G, I, H]"
9696,9696,G,artificial,G,complete,"891 [A, B, C, E, D, F, G, I, H]"
9697,9697,F,artificial,F,complete,"891 [A, B, C, E, D, F, G, I, H]"
9698,9698,E,artificial,D_Dupli,complete,"891 [A, B, C, E, D, F, G, I, H]"
9699,9699,C,artificial,D_Dupli,complete,"891 [A, B, C, E, D, F, G, I, H]"
9700,9700,A,artificial,A,complete,"891 [A, B, C, E, D, F, G, I, H]"
9701,9701,D,artificial,D_Dupli,complete,"891 [A, B, C, E, D, F, G, I, H]"
9702,9702,B,artificial,D_Dupli,complete,"891 [A, B, C, E, D, F, G, I, H]"
9703,9703,O,artificial,O,complete,"892 [A, B, E, C, D, F, G, I, H, O, M, N, F, G, H, I]"
9704,9704,I,artificial,I,complete,"892 [A, B, E, C, D, F, G, I, H, O, M, N, F, G, H, I]"
9705,9705,H,artificial,H,complete,"892 [A, B, E, C, D, F, G, I, H, O, M, N, F, G, H, I]"
9706,9706,G,artificial,G,complete,"892 [A, B, E, C, D, F, G, I, H, O, M, N, F, G, H, I]"
9707,9707,F,artificial,F,complete,"892 [A, B, E, C, D, F, G, I, H, O, M, N, F, G, H, I]"
9708,9708,N,artificial,N,complete,"892 [A, B, E, C, D, F, G, I, H, O, M, N, F, G, H, I]"
9709,9709,M,artificial,M,complete,"892 [A, B, E, C, D, F, G, I, H, O, M, N, F, G, H, I]"
9710,9710,H,artificial,H,complete,"892 [A, B, E, C, D, F, G, I, H, O, M, N, F, G, H, I]"
9711,9711,G,artificial,G,complete,"892 [A, B, E, C, D, F, G, I, H, O, M, N, F, G, H, I]"
9712,9712,F,artificial,F,complete,"892 [A, B, E, C, D, F, G, I, H, O, M, N, F, G, H, I]"
9713,9713,D,artificial,D_Dupli,complete,"892 [A, B, E, C, D, F, G, I, H, O, M, N, F, G, H, I]"
9714,9714,C,artificial,D_Dupli,complete,"892 [A, B, E, C, D, F, G, I, H, O, M, N, F, G, H, I]"
9715,9715,E,artificial,D_Dupli,complete,"892 [A, B, E, C, D, F, G, I, H, O, M, N, F, G, H, I]"
9716,9716,B,artificial,D_Dupli,complete,"892 [A, B, E, C, D, F, G, I, H, O, M, N, F, G, H, I]"
9717,9717,A,artificial,A,complete,"892 [A, B, E, C, D, F, G, I, H, O, M, N, F, G, H, I]"
9718,9718,I,artificial,I,complete,"892 [A, B, E, C, D, F, G, I, H, O, M, N, F, G, H, I]"
9719,9719,I,artificial,I,complete,"893 [B, A, D, E, C, F, G, H, I]"
9720,9720,G,artificial,G,complete,"893 [B, A, D, E, C, F, G, H, I]"
9721,9721,F,artificial,F,complete,"893 [B, A, D, E, C, F, G, H, I]"
9722,9722,H,artificial,H,complete,"893 [B, A, D, E, C, F, G, H, I]"
9723,9723,E,artificial,D_Dupli,complete,"893 [B, A, D, E, C, F, G, H, I]"
9724,9724,D,artificial,D_Dupli,complete,"893 [B, A, D, E, C, F, G, H, I]"
9725,9725,A,artificial,A,complete,"893 [B, A, D, E, C, F, G, H, I]"
9726,9726,B,artificial,D_Dupli,complete,"893 [B, A, D, E, C, F, G, H, I]"
9727,9727,C,artificial,D_Dupli,complete,"893 [B, A, D, E, C, F, G, H, I]"
9728,9728,I,artificial,I,complete,"894 [B, A, E, C, D, F, G, H, I]"
9729,9729,H,artificial,H,complete,"894 [B, A, E, C, D, F, G, H, I]"
9730,9730,G,artificial,G,complete,"894 [B, A, E, C, D, F, G, H, I]"
9731,9731,F,artificial,F,complete,"894 [B, A, E, C, D, F, G, H, I]"
9732,9732,D,artificial,D_Dupli,complete,"894 [B, A, E, C, D, F, G, H, I]"
9733,9733,E,artificial,D_Dupli,complete,"894 [B, A, E, C, D, F, G, H, I]"
9734,9734,A,artificial,A,complete,"894 [B, A, E, C, D, F, G, H, I]"
9735,9735,B,artificial,D_Dupli,complete,"894 [B, A, E, C, D, F, G, H, I]"
9736,9736,C,artificial,D_Dupli,complete,"894 [B, A, E, C, D, F, G, H, I]"
9737,9737,A,artificial,A,complete,"895 [A, B, C, D, E, F, G, H, I]"
9738,9738,B,artificial,D_Dupli,complete,"895 [A, B, C, D, E, F, G, H, I]"
9739,9739,C,artificial,D_Dupli,complete,"895 [A, B, C, D, E, F, G, H, I]"
9740,9740,D,artificial,D_Dupli,complete,"895 [A, B, C, D, E, F, G, H, I]"
9741,9741,F,artificial,F,complete,"895 [A, B, C, D, E, F, G, H, I]"
9742,9742,H,artificial,H,complete,"895 [A, B, C, D, E, F, G, H, I]"
9743,9743,G,artificial,G,complete,"895 [A, B, C, D, E, F, G, H, I]"
9744,9744,I,artificial,I,complete,"895 [A, B, C, D, E, F, G, H, I]"
9745,9745,E,artificial,D_Dupli,complete,"895 [A, B, C, D, E, F, G, H, I]"
9746,9746,A,artificial,A,complete,"896 [B, A, C, E, D, F, G, H, I]"
9747,9747,C,artificial,D_Dupli,complete,"896 [B, A, C, E, D, F, G, H, I]"
9748,9748,E,artificial,D_Dupli,complete,"896 [B, A, C, E, D, F, G, H, I]"
9749,9749,D,artificial,D_Dupli,complete,"896 [B, A, C, E, D, F, G, H, I]"
9750,9750,F,artificial,F,complete,"896 [B, A, C, E, D, F, G, H, I]"
9751,9751,G,artificial,G,complete,"896 [B, A, C, E, D, F, G, H, I]"
9752,9752,H,artificial,H,complete,"896 [B, A, C, E, D, F, G, H, I]"
9753,9753,B,artificial,D_Dupli,complete,"896 [B, A, C, E, D, F, G, H, I]"
9754,9754,I,artificial,I,complete,"896 [B, A, C, E, D, F, G, H, I]"
9755,9755,I,artificial,I,complete,"897 [B, A, C, D, E, F, G, I, H]"
9756,9756,C,artificial,D_Dupli,complete,"897 [B, A, C, D, E, F, G, I, H]"
9757,9757,D,artificial,D_Dupli,complete,"897 [B, A, C, D, E, F, G, I, H]"
9758,9758,E,artificial,D_Dupli,complete,"897 [B, A, C, D, E, F, G, I, H]"
9759,9759,F,artificial,F,complete,"897 [B, A, C, D, E, F, G, I, H]"
9760,9760,G,artificial,G,complete,"897 [B, A, C, D, E, F, G, I, H]"
9761,9761,A,artificial,A,complete,"897 [B, A, C, D, E, F, G, I, H]"
9762,9762,B,artificial,D_Dupli,complete,"897 [B, A, C, D, E, F, G, I, H]"
9763,9763,H,artificial,H,complete,"897 [B, A, C, D, E, F, G, I, H]"
9764,9764,D,artificial,D_Dupli,complete,"898 [B, A, D, C, E, F, G, I, H]"
9765,9765,H,artificial,H,complete,"898 [B, A, D, C, E, F, G, I, H]"
9766,9766,I,artificial,I,complete,"898 [B, A, D, C, E, F, G, I, H]"
9767,9767,A,artificial,A,complete,"898 [B, A, D, C, E, F, G, I, H]"
9768,9768,F,artificial,F,complete,"898 [B, A, D, C, E, F, G, I, H]"
9769,9769,E,artificial,D_Dupli,complete,"898 [B, A, D, C, E, F, G, I, H]"
9770,9770,C,artificial,D_Dupli,complete,"898 [B, A, D, C, E, F, G, I, H]"
9771,9771,G,artificial,G,complete,"898 [B, A, D, C, E, F, G, I, H]"
9772,9772,B,artificial,D_Dupli,complete,"898 [B, A, D, C, E, F, G, I, H]"
9773,9773,B,artificial,D_Dupli,complete,"899 [B, A, C, E, D, F, G, I, H]"
9774,9774,A,artificial,A,complete,"899 [B, A, C, E, D, F, G, I, H]"
9775,9775,C,artificial,D_Dupli,complete,"899 [B, A, C, E, D, F, G, I, H]"
9776,9776,E,artificial,D_Dupli,complete,"899 [B, A, C, E, D, F, G, I, H]"
9777,9777,D,artificial,D_Dupli,complete,"899 [B, A, C, E, D, F, G, I, H]"
9778,9778,F,artificial,F,complete,"899 [B, A, C, E, D, F, G, I, H]"
9779,9779,G,artificial,G,complete,"899 [B, A, C, E, D, F, G, I, H]"
9780,9780,I,artificial,I,complete,"899 [B, A, C, E, D, F, G, I, H]"
9781,9781,H,artificial,H,complete,"899 [B, A, C, E, D, F, G, I, H]"
9782,9782,B,artificial,D_Dupli,complete,"9 [B, A, E, C, D, F, G, H, I]"
9783,9783,H,artificial,H,complete,"9 [B, A, E, C, D, F, G, H, I]"
9784,9784,A,artificial,A,complete,"9 [B, A, E, C, D, F, G, H, I]"
9785,9785,E,artificial,D_Dupli,complete,"9 [B, A, E, C, D, F, G, H, I]"
9786,9786,C,artificial,D_Dupli,complete,"9 [B, A, E, C, D, F, G, H, I]"
9787,9787,D,artificial,D_Dupli,complete,"9 [B, A, E, C, D, F, G, H, I]"
9788,9788,F,artificial,F,complete,"9 [B, A, E, C, D, F, G, H, I]"
9789,9789,G,artificial,G,complete,"9 [B, A, E, C, D, F, G, H, I]"
9790,9790,I,artificial,I,complete,"9 [B, A, E, C, D, F, G, H, I]"
9791,9791,H,artificial,H,complete,"90 [B, A, C, E, D, F, G, I, H]"
9792,9792,A,artificial,A,complete,"90 [B, A, C, E, D, F, G, I, H]"
9793,9793,C,artificial,D_Dupli,complete,"90 [B, A, C, E, D, F, G, I, H]"
9794,9794,E,artificial,D_Dupli,complete,"90 [B, A, C, E, D, F, G, I, H]"
9795,9795,D,artificial,D_Dupli,complete,"90 [B, A, C, E, D, F, G, I, H]"
9796,9796,F,artificial,F,complete,"90 [B, A, C, E, D, F, G, I, H]"
9797,9797,G,artificial,G,complete,"90 [B, A, C, E, D, F, G, I, H]"
9798,9798,I,artificial,I,complete,"90 [B, A, C, E, D, F, G, I, H]"
9799,9799,B,artificial,D_Dupli,complete,"90 [B, A, C, E, D, F, G, I, H]"
9800,9800,G,artificial,G,complete,"900 [B, A, D, C, E, F, G, I, H]"
9801,9801,H,artificial,H,complete,"900 [B, A, D, C, E, F, G, I, H]"
9802,9802,I,artificial,I,complete,"900 [B, A, D, C, E, F, G, I, H]"
9803,9803,F,artificial,F,complete,"900 [B, A, D, C, E, F, G, I, H]"
9804,9804,B,artificial,D_Dupli,complete,"900 [B, A, D, C, E, F, G, I, H]"
9805,9805,C,artificial,D_Dupli,complete,"900 [B, A, D, C, E, F, G, I, H]"
9806,9806,D,artificial,D_Dupli,complete,"900 [B, A, D, C, E, F, G, I, H]"
9807,9807,A,artificial,A,complete,"900 [B, A, D, C, E, F, G, I, H]"
9808,9808,E,artificial,D_Dupli,complete,"900 [B, A, D, C, E, F, G, I, H]"
9809,9809,H,artificial,H,complete,"901 [B, A, D, C, E, F, G, H, I, N, O, M, F, G, I, H]"
9810,9810,I,artificial,I,complete,"901 [B, A, D, C, E, F, G, H, I, N, O, M, F, G, I, H]"
9811,9811,G,artificial,G,complete,"901 [B, A, D, C, E, F, G, H, I, N, O, M, F, G, I, H]"
9812,9812,F,artificial,F,complete,"901 [B, A, D, C, E, F, G, H, I, N, O, M, F, G, I, H]"
9813,9813,M,artificial,M,complete,"901 [B, A, D, C, E, F, G, H, I, N, O, M, F, G, I, H]"
9814,9814,O,artificial,O,complete,"901 [B, A, D, C, E, F, G, H, I, N, O, M, F, G, I, H]"
9815,9815,N,artificial,N,complete,"901 [B, A, D, C, E, F, G, H, I, N, O, M, F, G, I, H]"
9816,9816,I,artificial,I,complete,"901 [B, A, D, C, E, F, G, H, I, N, O, M, F, G, I, H]"
9817,9817,H,artificial,H,complete,"901 [B, A, D, C, E, F, G, H, I, N, O, M, F, G, I, H]"
9818,9818,G,artificial,G,complete,"901 [B, A, D, C, E, F, G, H, I, N, O, M, F, G, I, H]"
9819,9819,F,artificial,F,complete,"901 [B, A, D, C, E, F, G, H, I, N, O, M, F, G, I, H]"
9820,9820,E,artificial,D_Dupli,complete,"901 [B, A, D, C, E, F, G, H, I, N, O, M, F, G, I, H]"
9821,9821,C,artificial,D_Dupli,complete,"901 [B, A, D, C, E, F, G, H, I, N, O, M, F, G, I, H]"
9822,9822,D,artificial,D_Dupli,complete,"901 [B, A, D, C, E, F, G, H, I, N, O, M, F, G, I, H]"
9823,9823,A,artificial,A,complete,"901 [B, A, D, C, E, F, G, H, I, N, O, M, F, G, I, H]"
9824,9824,B,artificial,D_Dupli,complete,"901 [B, A, D, C, E, F, G, H, I, N, O, M, F, G, I, H]"
9825,9825,I,artificial,I,complete,"902 [B, A, E, C, D, F, G, H, I]"
9826,9826,G,artificial,G,complete,"902 [B, A, E, C, D, F, G, H, I]"
9827,9827,F,artificial,F,complete,"902 [B, A, E, C, D, F, G, H, I]"
9828,9828,H,artificial,H,complete,"902 [B, A, E, C, D, F, G, H, I]"
9829,9829,C,artificial,D_Dupli,complete,"902 [B, A, E, C, D, F, G, H, I]"
9830,9830,E,artificial,D_Dupli,complete,"902 [B, A, E, C, D, F, G, H, I]"
9831,9831,A,artificial,A,complete,"902 [B, A, E, C, D, F, G, H, I]"
9832,9832,B,artificial,D_Dupli,complete,"902 [B, A, E, C, D, F, G, H, I]"
9833,9833,D,artificial,D_Dupli,complete,"902 [B, A, E, C, D, F, G, H, I]"
9834,9834,I,artificial,I,complete,"903 [A, B, C, E, D, F, G, H, I]"
9835,9835,H,artificial,H,complete,"903 [A, B, C, E, D, F, G, H, I]"
9836,9836,G,artificial,G,complete,"903 [A, B, C, E, D, F, G, H, I]"
9837,9837,F,artificial,F,complete,"903 [A, B, C, E, D, F, G, H, I]"
9838,9838,E,artificial,D_Dupli,complete,"903 [A, B, C, E, D, F, G, H, I]"
9839,9839,C,artificial,D_Dupli,complete,"903 [A, B, C, E, D, F, G, H, I]"
9840,9840,B,artificial,D_Dupli,complete,"903 [A, B, C, E, D, F, G, H, I]"
9841,9841,A,artificial,A,complete,"903 [A, B, C, E, D, F, G, H, I]"
9842,9842,D,artificial,D_Dupli,complete,"903 [A, B, C, E, D, F, G, H, I]"
9843,9843,M,artificial,M,complete,"904 [A, B, D, E, C, F, G, H, I, O, M, N, F, G, I, H]"
9844,9844,H,artificial,H,complete,"904 [A, B, D, E, C, F, G, H, I, O, M, N, F, G, I, H]"
9845,9845,I,artificial,I,complete,"904 [A, B, D, E, C, F, G, H, I, O, M, N, F, G, I, H]"
9846,9846,G,artificial,G,complete,"904 [A, B, D, E, C, F, G, H, I, O, M, N, F, G, I, H]"
9847,9847,N,artificial,N,complete,"904 [A, B, D, E, C, F, G, H, I, O, M, N, F, G, I, H]"
9848,9848,O,artificial,O,complete,"904 [A, B, D, E, C, F, G, H, I, O, M, N, F, G, I, H]"
9849,9849,B,artificial,D_Dupli,complete,"904 [A, B, D, E, C, F, G, H, I, O, M, N, F, G, I, H]"
9850,9850,H,artificial,H,complete,"904 [A, B, D, E, C, F, G, H, I, O, M, N, F, G, I, H]"
9851,9851,F,artificial,F,complete,"904 [A, B, D, E, C, F, G, H, I, O, M, N, F, G, I, H]"
9852,9852,C,artificial,D_Dupli,complete,"904 [A, B, D, E, C, F, G, H, I, O, M, N, F, G, I, H]"
9853,9853,E,artificial,D_Dupli,complete,"904 [A, B, D, E, C, F, G, H, I, O, M, N, F, G, I, H]"
9854,9854,D,artificial,D_Dupli,complete,"904 [A, B, D, E, C, F, G, H, I, O, M, N, F, G, I, H]"
9855,9855,A,artificial,A,complete,"904 [A, B, D, E, C, F, G, H, I, O, M, N, F, G, I, H]"
9856,9856,I,artificial,I,complete,"904 [A, B, D, E, C, F, G, H, I, O, M, N, F, G, I, H]"
9857,9857,F,artificial,F,complete,"904 [A, B, D, E, C, F, G, H, I, O, M, N, F, G, I, H]"
9858,9858,G,artificial,G,complete,"904 [A, B, D, E, C, F, G, H, I, O, M, N, F, G, I, H]"
9859,9859,G,artificial,G,complete,"905 [A, B, C, E, D, F, G, I, H]"
9860,9860,H,artificial,H,complete,"905 [A, B, C, E, D, F, G, I, H]"
9861,9861,A,artificial,A,complete,"905 [A, B, C, E, D, F, G, I, H]"
9862,9862,B,artificial,D_Dupli,complete,"905 [A, B, C, E, D, F, G, I, H]"
9863,9863,C,artificial,D_Dupli,complete,"905 [A, B, C, E, D, F, G, I, H]"
9864,9864,E,artificial,D_Dupli,complete,"905 [A, B, C, E, D, F, G, I, H]"
9865,9865,D,artificial,D_Dupli,complete,"905 [A, B, C, E, D, F, G, I, H]"
9866,9866,F,artificial,F,complete,"905 [A, B, C, E, D, F, G, I, H]"
9867,9867,I,artificial,I,complete,"905 [A, B, C, E, D, F, G, I, H]"
9868,9868,A,artificial,A,complete,"906 [A, B, E, C, D, F, G, I, H]"
9869,9869,B,artificial,D_Dupli,complete,"906 [A, B, E, C, D, F, G, I, H]"
9870,9870,C,artificial,D_Dupli,complete,"906 [A, B, E, C, D, F, G, I, H]"
9871,9871,D,artificial,D_Dupli,complete,"906 [A, B, E, C, D, F, G, I, H]"
9872,9872,F,artificial,F,complete,"906 [A, B, E, C, D, F, G, I, H]"
9873,9873,G,artificial,G,complete,"906 [A, B, E, C, D, F, G, I, H]"
9874,9874,I,artificial,I,complete,"906 [A, B, E, C, D, F, G, I, H]"
9875,9875,E,artificial,D_Dupli,complete,"906 [A, B, E, C, D, F, G, I, H]"
9876,9876,H,artificial,H,complete,"906 [A, B, E, C, D, F, G, I, H]"
9877,9877,A,artificial,A,complete,"907 [A, B, E, D, C, F, G, H, I]"
9878,9878,B,artificial,D_Dupli,complete,"907 [A, B, E, D, C, F, G, H, I]"
9879,9879,D,artificial,D_Dupli,complete,"907 [A, B, E, D, C, F, G, H, I]"
9880,9880,C,artificial,D_Dupli,complete,"907 [A, B, E, D, C, F, G, H, I]"
9881,9881,F,artificial,F,complete,"907 [A, B, E, D, C, F, G, H, I]"
9882,9882,G,artificial,G,complete,"907 [A, B, E, D, C, F, G, H, I]"
9883,9883,H,artificial,H,complete,"907 [A, B, E, D, C, F, G, H, I]"
9884,9884,I,artificial,I,complete,"907 [A, B, E, D, C, F, G, H, I]"
9885,9885,E,artificial,D_Dupli,complete,"907 [A, B, E, D, C, F, G, H, I]"
9886,9886,I,artificial,I,complete,"908 [A, B, C, E, D, F, G, H, I]"
9887,9887,H,artificial,H,complete,"908 [A, B, C, E, D, F, G, H, I]"
9888,9888,A,artificial,A,complete,"908 [A, B, C, E, D, F, G, H, I]"
9889,9889,B,artificial,D_Dupli,complete,"908 [A, B, C, E, D, F, G, H, I]"
9890,9890,C,artificial,D_Dupli,complete,"908 [A, B, C, E, D, F, G, H, I]"
9891,9891,E,artificial,D_Dupli,complete,"908 [A, B, C, E, D, F, G, H, I]"
9892,9892,D,artificial,D_Dupli,complete,"908 [A, B, C, E, D, F, G, H, I]"
9893,9893,F,artificial,F,complete,"908 [A, B, C, E, D, F, G, H, I]"
9894,9894,G,artificial,G,complete,"908 [A, B, C, E, D, F, G, H, I]"
9895,9895,A,artificial,A,complete,"909 [A, B, D, C, E, F, G, I, H]"
9896,9896,B,artificial,D_Dupli,complete,"909 [A, B, D, C, E, F, G, I, H]"
9897,9897,D,artificial,D_Dupli,complete,"909 [A, B, D, C, E, F, G, I, H]"
9898,9898,C,artificial,D_Dupli,complete,"909 [A, B, D, C, E, F, G, I, H]"
9899,9899,E,artificial,D_Dupli,complete,"909 [A, B, D, C, E, F, G, I, H]"
9900,9900,F,artificial,F,complete,"909 [A, B, D, C, E, F, G, I, H]"
9901,9901,G,artificial,G,complete,"909 [A, B, D, C, E, F, G, I, H]"
9902,9902,I,artificial,I,complete,"909 [A, B, D, C, E, F, G, I, H]"
9903,9903,H,artificial,H,complete,"909 [A, B, D, C, E, F, G, I, H]"
9904,9904,A,artificial,A,complete,"91 [A, B, E, D, C, F, G, I, H]"
9905,9905,H,artificial,H,complete,"91 [A, B, E, D, C, F, G, I, H]"
9906,9906,B,artificial,D_Dupli,complete,"91 [A, B, E, D, C, F, G, I, H]"
9907,9907,E,artificial,D_Dupli,complete,"91 [A, B, E, D, C, F, G, I, H]"
9908,9908,D,artificial,D_Dupli,complete,"91 [A, B, E, D, C, F, G, I, H]"
9909,9909,C,artificial,D_Dupli,complete,"91 [A, B, E, D, C, F, G, I, H]"
9910,9910,G,artificial,G,complete,"91 [A, B, E, D, C, F, G, I, H]"
9911,9911,I,artificial,I,complete,"91 [A, B, E, D, C, F, G, I, H]"
9912,9912,F,artificial,F,complete,"91 [A, B, E, D, C, F, G, I, H]"
9913,9913,I,artificial,I,complete,"910 [B, A, D, E, C, F, G, H, I]"
9914,9914,H,artificial,H,complete,"910 [B, A, D, E, C, F, G, H, I]"
9915,9915,F,artificial,F,complete,"910 [B, A, D, E, C, F, G, H, I]"
9916,9916,G,artificial,G,complete,"910 [B, A, D, E, C, F, G, H, I]"
9917,9917,E,artificial,D_Dupli,complete,"910 [B, A, D, E, C, F, G, H, I]"
9918,9918,D,artificial,D_Dupli,complete,"910 [B, A, D, E, C, F, G, H, I]"
9919,9919,A,artificial,A,complete,"910 [B, A, D, E, C, F, G, H, I]"
9920,9920,B,artificial,D_Dupli,complete,"910 [B, A, D, E, C, F, G, H, I]"
9921,9921,C,artificial,D_Dupli,complete,"910 [B, A, D, E, C, F, G, H, I]"
9922,9922,I,artificial,I,complete,"911 [A, B, E, D, C, F, G, I, H]"
9923,9923,A,artificial,A,complete,"911 [A, B, E, D, C, F, G, I, H]"
9924,9924,B,artificial,D_Dupli,complete,"911 [A, B, E, D, C, F, G, I, H]"
9925,9925,E,artificial,D_Dupli,complete,"911 [A, B, E, D, C, F, G, I, H]"
9926,9926,D,artificial,D_Dupli,complete,"911 [A, B, E, D, C, F, G, I, H]"
9927,9927,C,artificial,D_Dupli,complete,"911 [A, B, E, D, C, F, G, I, H]"
9928,9928,F,artificial,F,complete,"911 [A, B, E, D, C, F, G, I, H]"
9929,9929,H,artificial,H,complete,"911 [A, B, E, D, C, F, G, I, H]"
9930,9930,G,artificial,G,complete,"911 [A, B, E, D, C, F, G, I, H]"
9931,9931,D,artificial,D_Dupli,complete,"912 [A, B, E, D, C, F, G, I, H]"
9932,9932,E,artificial,D_Dupli,complete,"912 [A, B, E, D, C, F, G, I, H]"
9933,9933,A,artificial,A,complete,"912 [A, B, E, D, C, F, G, I, H]"
9934,9934,H,artificial,H,complete,"912 [A, B, E, D, C, F, G, I, H]"
9935,9935,I,artificial,I,complete,"912 [A, B, E, D, C, F, G, I, H]"
9936,9936,B,artificial,D_Dupli,complete,"912 [A, B, E, D, C, F, G, I, H]"
9937,9937,F,artificial,F,complete,"912 [A, B, E, D, C, F, G, I, H]"
9938,9938,C,artificial,D_Dupli,complete,"912 [A, B, E, D, C, F, G, I, H]"
9939,9939,G,artificial,G,complete,"912 [A, B, E, D, C, F, G, I, H]"
9940,9940,B,artificial,D_Dupli,complete,"913 [B, A, D, E, C, F, G, I, H]"
9941,9941,A,artificial,A,complete,"913 [B, A, D, E, C, F, G, I, H]"
9942,9942,E,artificial,D_Dupli,complete,"913 [B, A, D, E, C, F, G, I, H]"
9943,9943,C,artificial,D_Dupli,complete,"913 [B, A, D, E, C, F, G, I, H]"
9944,9944,F,artificial,F,complete,"913 [B, A, D, E, C, F, G, I, H]"
9945,9945,G,artificial,G,complete,"913 [B, A, D, E, C, F, G, I, H]"
9946,9946,I,artificial,I,complete,"913 [B, A, D, E, C, F, G, I, H]"
9947,9947,H,artificial,H,complete,"913 [B, A, D, E, C, F, G, I, H]"
9948,9948,D,artificial,D_Dupli,complete,"913 [B, A, D, E, C, F, G, I, H]"
9949,9949,E,artificial,D_Dupli,complete,"914 [B, A, C, D, E, F, G, H, I]"
9950,9950,I,artificial,I,complete,"914 [B, A, C, D, E, F, G, H, I]"
9951,9951,D,artificial,D_Dupli,complete,"914 [B, A, C, D, E, F, G, H, I]"
9952,9952,C,artificial,D_Dupli,complete,"914 [B, A, C, D, E, F, G, H, I]"
9953,9953,A,artificial,A,complete,"914 [B, A, C, D, E, F, G, H, I]"
9954,9954,B,artificial,D_Dupli,complete,"914 [B, A, C, D, E, F, G, H, I]"
9955,9955,G,artificial,G,complete,"914 [B, A, C, D, E, F, G, H, I]"
9956,9956,H,artificial,H,complete,"914 [B, A, C, D, E, F, G, H, I]"
9957,9957,F,artificial,F,complete,"914 [B, A, C, D, E, F, G, H, I]"
9958,9958,B,artificial,D_Dupli,complete,"915 [B, A, D, C, E, F, G, H, I]"
9959,9959,A,artificial,A,complete,"915 [B, A, D, C, E, F, G, H, I]"
9960,9960,D,artificial,D_Dupli,complete,"915 [B, A, D, C, E, F, G, H, I]"
9961,9961,G,artificial,G,complete,"915 [B, A, D, C, E, F, G, H, I]"
9962,9962,I,artificial,I,complete,"915 [B, A, D, C, E, F, G, H, I]"
9963,9963,C,artificial,D_Dupli,complete,"915 [B, A, D, C, E, F, G, H, I]"
9964,9964,E,artificial,D_Dupli,complete,"915 [B, A, D, C, E, F, G, H, I]"
9965,9965,F,artificial,F,complete,"915 [B, A, D, C, E, F, G, H, I]"
9966,9966,H,artificial,H,complete,"915 [B, A, D, C, E, F, G, H, I]"
9967,9967,E,artificial,D_Dupli,complete,"916 [A, B, C, E, D, F, G, I, H]"
9968,9968,B,artificial,D_Dupli,complete,"916 [A, B, C, E, D, F, G, I, H]"
9969,9969,A,artificial,A,complete,"916 [A, B, C, E, D, F, G, I, H]"
9970,9970,D,artificial,D_Dupli,complete,"916 [A, B, C, E, D, F, G, I, H]"
9971,9971,H,artificial,H,complete,"916 [A, B, C, E, D, F, G, I, H]"
9972,9972,I,artificial,I,complete,"916 [A, B, C, E, D, F, G, I, H]"
9973,9973,G,artificial,G,complete,"916 [A, B, C, E, D, F, G, I, H]"
9974,9974,F,artificial,F,complete,"916 [A, B, C, E, D, F, G, I, H]"
9975,9975,C,artificial,D_Dupli,complete,"916 [A, B, C, E, D, F, G, I, H]"
9976,9976,H,artificial,H,complete,"917 [A, B, C, E, D, F, G, H, I, O, N, M, F, G, I, H]"
9977,9977,I,artificial,I,complete,"917 [A, B, C, E, D, F, G, H, I, O, N, M, F, G, I, H]"
9978,9978,N,artificial,N,complete,"917 [A, B, C, E, D, F, G, H, I, O, N, M, F, G, I, H]"
9979,9979,F,artificial,F,complete,"917 [A, B, C, E, D, F, G, H, I, O, N, M, F, G, I, H]"
9980,9980,M,artificial,M,complete,"917 [A, B, C, E, D, F, G, H, I, O, N, M, F, G, I, H]"
9981,9981,O,artificial,O,complete,"917 [A, B, C, E, D, F, G, H, I, O, N, M, F, G, I, H]"
9982,9982,I,artificial,I,complete,"917 [A, B, C, E, D, F, G, H, I, O, N, M, F, G, I, H]"
9983,9983,G,artificial,G,complete,"917 [A, B, C, E, D, F, G, H, I, O, N, M, F, G, I, H]"
9984,9984,F,artificial,F,complete,"917 [A, B, C, E, D, F, G, H, I, O, N, M, F, G, I, H]"
9985,9985,E,artificial,D_Dupli,complete,"917 [A, B, C, E, D, F, G, H, I, O, N, M, F, G, I, H]"
9986,9986,C,artificial,D_Dupli,complete,"917 [A, B, C, E, D, F, G, H, I, O, N, M, F, G, I, H]"
9987,9987,B,artificial,D_Dupli,complete,"917 [A, B, C, E, D, F, G, H, I, O, N, M, F, G, I, H]"
9988,9988,A,artificial,A,complete,"917 [A, B, C, E, D, F, G, H, I, O, N, M, F, G, I, H]"
9989,9989,G,artificial,G,complete,"917 [A, B, C, E, D, F, G, H, I, O, N, M, F, G, I, H]"
9990,9990,D,artificial,D_Dupli,complete,"917 [A, B, C, E, D, F, G, H, I, O, N, M, F, G, I, H]"
9991,9991,H,artificial,H,complete,"917 [A, B, C, E, D, F, G, H, I, O, N, M, F, G, I, H]"
9992,9992,D,artificial,D_Dupli,complete,"918 [A, B, E, C, D, F, G, H, I]"
9993,9993,A,artificial,A,complete,"918 [A, B, E, C, D, F, G, H, I]"
9994,9994,C,artificial,D_Dupli,complete,"918 [A, B, E, C, D, F, G, H, I]"
9995,9995,F,artificial,F,complete,"918 [A, B, E, C, D, F, G, H, I]"
9996,9996,G,artificial,G,complete,"918 [A, B, E, C, D, F, G, H, I]"
9997,9997,H,artificial,H,complete,"918 [A, B, E, C, D, F, G, H, I]"
9998,9998,I,artificial,I,complete,"918 [A, B, E, C, D, F, G, H, I]"
9999,9999,B,artificial,D_Dupli,complete,"918 [A, B, E, C, D, F, G, H, I]"
10000,10000,E,artificial,D_Dupli,complete,"918 [A, B, E, C, D, F, G, H, I]"
10001,10001,B,artificial,D_Dupli,complete,"919 [B, A, C, E, D, F, G, H, I]"
10002,10002,E,artificial,D_Dupli,complete,"919 [B, A, C, E, D, F, G, H, I]"
10003,10003,D,artificial,D_Dupli,complete,"919 [B, A, C, E, D, F, G, H, I]"
10004,10004,F,artificial,F,complete,"919 [B, A, C, E, D, F, G, H, I]"
10005,10005,G,artificial,G,complete,"919 [B, A, C, E, D, F, G, H, I]"
10006,10006,H,artificial,H,complete,"919 [B, A, C, E, D, F, G, H, I]"
10007,10007,I,artificial,I,complete,"919 [B, A, C, E, D, F, G, H, I]"
10008,10008,C,artificial,D_Dupli,complete,"919 [B, A, C, E, D, F, G, H, I]"
10009,10009,A,artificial,A,complete,"919 [B, A, C, E, D, F, G, H, I]"
10010,10010,I,artificial,I,complete,"92 [B, A, E, C, D, F, G, H, I, N, M, O, F, G, H, I]"
10011,10011,H,artificial,H,complete,"92 [B, A, E, C, D, F, G, H, I, N, M, O, F, G, H, I]"
10012,10012,M,artificial,M,complete,"92 [B, A, E, C, D, F, G, H, I, N, M, O, F, G, H, I]"
10013,10013,O,artificial,O,complete,"92 [B, A, E, C, D, F, G, H, I, N, M, O, F, G, H, I]"
10014,10014,F,artificial,F,complete,"92 [B, A, E, C, D, F, G, H, I, N, M, O, F, G, H, I]"
10015,10015,G,artificial,G,complete,"92 [B, A, E, C, D, F, G, H, I, N, M, O, F, G, H, I]"
10016,10016,B,artificial,D_Dupli,complete,"92 [B, A, E, C, D, F, G, H, I, N, M, O, F, G, H, I]"
10017,10017,I,artificial,I,complete,"92 [B, A, E, C, D, F, G, H, I, N, M, O, F, G, H, I]"
10018,10018,N,artificial,N,complete,"92 [B, A, E, C, D, F, G, H, I, N, M, O, F, G, H, I]"
10019,10019,G,artificial,G,complete,"92 [B, A, E, C, D, F, G, H, I, N, M, O, F, G, H, I]"
10020,10020,F,artificial,F,complete,"92 [B, A, E, C, D, F, G, H, I, N, M, O, F, G, H, I]"
10021,10021,D,artificial,D_Dupli,complete,"92 [B, A, E, C, D, F, G, H, I, N, M, O, F, G, H, I]"
10022,10022,C,artificial,D_Dupli,complete,"92 [B, A, E, C, D, F, G, H, I, N, M, O, F, G, H, I]"
10023,10023,E,artificial,D_Dupli,complete,"92 [B, A, E, C, D, F, G, H, I, N, M, O, F, G, H, I]"
10024,10024,A,artificial,A,complete,"92 [B, A, E, C, D, F, G, H, I, N, M, O, F, G, H, I]"
10025,10025,H,artificial,H,complete,"92 [B, A, E, C, D, F, G, H, I, N, M, O, F, G, H, I]"
10026,10026,A,artificial,A,complete,"920 [A, B, D, E, C, F, G, H, I]"
10027,10027,B,artificial,D_Dupli,complete,"920 [A, B, D, E, C, F, G, H, I]"
10028,10028,D,artificial,D_Dupli,complete,"920 [A, B, D, E, C, F, G, H, I]"
10029,10029,E,artificial,D_Dupli,complete,"920 [A, B, D, E, C, F, G, H, I]"
10030,10030,C,artificial,D_Dupli,complete,"920 [A, B, D, E, C, F, G, H, I]"
10031,10031,H,artificial,H,complete,"920 [A, B, D, E, C, F, G, H, I]"
10032,10032,I,artificial,I,complete,"920 [A, B, D, E, C, F, G, H, I]"
10033,10033,G,artificial,G,complete,"920 [A, B, D, E, C, F, G, H, I]"
10034,10034,F,artificial,F,complete,"920 [A, B, D, E, C, F, G, H, I]"
10035,10035,C,artificial,D_Dupli,complete,"921 [B, A, C, D, E, F, G, H, I]"
10036,10036,D,artificial,D_Dupli,complete,"921 [B, A, C, D, E, F, G, H, I]"
10037,10037,E,artificial,D_Dupli,complete,"921 [B, A, C, D, E, F, G, H, I]"
10038,10038,F,artificial,F,complete,"921 [B, A, C, D, E, F, G, H, I]"
10039,10039,G,artificial,G,complete,"921 [B, A, C, D, E, F, G, H, I]"
10040,10040,H,artificial,H,complete,"921 [B, A, C, D, E, F, G, H, I]"
10041,10041,I,artificial,I,complete,"921 [B, A, C, D, E, F, G, H, I]"
10042,10042,A,artificial,A,complete,"921 [B, A, C, D, E, F, G, H, I]"
10043,10043,B,artificial,D_Dupli,complete,"921 [B, A, C, D, E, F, G, H, I]"
10044,10044,H,artificial,H,complete,"922 [A, B, D, C, E, F, G, H, I]"
10045,10045,G,artificial,G,complete,"922 [A, B, D, C, E, F, G, H, I]"
10046,10046,F,artificial,F,complete,"922 [A, B, D, C, E, F, G, H, I]"
10047,10047,I,artificial,I,complete,"922 [A, B, D, C, E, F, G, H, I]"
10048,10048,C,artificial,D_Dupli,complete,"922 [A, B, D, C, E, F, G, H, I]"
10049,10049,D,artificial,D_Dupli,complete,"922 [A, B, D, C, E, F, G, H, I]"
10050,10050,B,artificial,D_Dupli,complete,"922 [A, B, D, C, E, F, G, H, I]"
10051,10051,A,artificial,A,complete,"922 [A, B, D, C, E, F, G, H, I]"
10052,10052,E,artificial,D_Dupli,complete,"922 [A, B, D, C, E, F, G, H, I]"
10053,10053,H,artificial,H,complete,"923 [B, A, E, D, C, F, G, I, H]"
10054,10054,G,artificial,G,complete,"923 [B, A, E, D, C, F, G, I, H]"
10055,10055,F,artificial,F,complete,"923 [B, A, E, D, C, F, G, I, H]"
10056,10056,I,artificial,I,complete,"923 [B, A, E, D, C, F, G, I, H]"
10057,10057,D,artificial,D_Dupli,complete,"923 [B, A, E, D, C, F, G, I, H]"
10058,10058,E,artificial,D_Dupli,complete,"923 [B, A, E, D, C, F, G, I, H]"
10059,10059,B,artificial,D_Dupli,complete,"923 [B, A, E, D, C, F, G, I, H]"
10060,10060,C,artificial,D_Dupli,complete,"923 [B, A, E, D, C, F, G, I, H]"
10061,10061,A,artificial,A,complete,"923 [B, A, E, D, C, F, G, I, H]"
10062,10062,A,artificial,A,complete,"924 [A, B, E, D, C, F, G, I, H]"
10063,10063,B,artificial,D_Dupli,complete,"924 [A, B, E, D, C, F, G, I, H]"
10064,10064,E,artificial,D_Dupli,complete,"924 [A, B, E, D, C, F, G, I, H]"
10065,10065,D,artificial,D_Dupli,complete,"924 [A, B, E, D, C, F, G, I, H]"
10066,10066,F,artificial,F,complete,"924 [A, B, E, D, C, F, G, I, H]"
10067,10067,G,artificial,G,complete,"924 [A, B, E, D, C, F, G, I, H]"
10068,10068,I,artificial,I,complete,"924 [A, B, E, D, C, F, G, I, H]"
10069,10069,H,artificial,H,complete,"924 [A, B, E, D, C, F, G, I, H]"
10070,10070,C,artificial,D_Dupli,complete,"924 [A, B, E, D, C, F, G, I, H]"
10071,10071,D,artificial,D_Dupli,complete,"925 [B, A, D, C, E, F, G, I, H, J, K, F, G, H, I]"
10072,10072,J,artificial,J,complete,"925 [B, A, D, C, E, F, G, I, H, J, K, F, G, H, I]"
10073,10073,H,artificial,H,complete,"925 [B, A, D, C, E, F, G, I, H, J, K, F, G, H, I]"
10074,10074,I,artificial,I,complete,"925 [B, A, D, C, E, F, G, I, H, J, K, F, G, H, I]"
10075,10075,G,artificial,G,complete,"925 [B, A, D, C, E, F, G, I, H, J, K, F, G, H, I]"
10076,10076,F,artificial,F,complete,"925 [B, A, D, C, E, F, G, I, H, J, K, F, G, H, I]"
10077,10077,E,artificial,D_Dupli,complete,"925 [B, A, D, C, E, F, G, I, H, J, K, F, G, H, I]"
10078,10078,C,artificial,D_Dupli,complete,"925 [B, A, D, C, E, F, G, I, H, J, K, F, G, H, I]"
10079,10079,A,artificial,A,complete,"925 [B, A, D, C, E, F, G, I, H, J, K, F, G, H, I]"
10080,10080,B,artificial,D_Dupli,complete,"925 [B, A, D, C, E, F, G, I, H, J, K, F, G, H, I]"
10081,10081,G,artificial,G,complete,"925 [B, A, D, C, E, F, G, I, H, J, K, F, G, H, I]"
10082,10082,H,artificial,H,complete,"925 [B, A, D, C, E, F, G, I, H, J, K, F, G, H, I]"
10083,10083,I,artificial,I,complete,"925 [B, A, D, C, E, F, G, I, H, J, K, F, G, H, I]"
10084,10084,K,artificial,K,complete,"925 [B, A, D, C, E, F, G, I, H, J, K, F, G, H, I]"
10085,10085,F,artificial,F,complete,"925 [B, A, D, C, E, F, G, I, H, J, K, F, G, H, I]"
10086,10086,B,artificial,D_Dupli,complete,"926 [B, A, E, C, D, F, G, H, I]"
10087,10087,A,artificial,A,complete,"926 [B, A, E, C, D, F, G, H, I]"
10088,10088,E,artificial,D_Dupli,complete,"926 [B, A, E, C, D, F, G, H, I]"
10089,10089,C,artificial,D_Dupli,complete,"926 [B, A, E, C, D, F, G, H, I]"
10090,10090,D,artificial,D_Dupli,complete,"926 [B, A, E, C, D, F, G, H, I]"
10091,10091,F,artificial,F,complete,"926 [B, A, E, C, D, F, G, H, I]"
10092,10092,G,artificial,G,complete,"926 [B, A, E, C, D, F, G, H, I]"
10093,10093,H,artificial,H,complete,"926 [B, A, E, C, D, F, G, H, I]"
10094,10094,I,artificial,I,complete,"926 [B, A, E, C, D, F, G, H, I]"
10095,10095,E,artificial,D_Dupli,complete,"927 [A, B, C, E, D, F, G, I, H]"
10096,10096,H,artificial,H,complete,"927 [A, B, C, E, D, F, G, I, H]"
10097,10097,I,artificial,I,complete,"927 [A, B, C, E, D, F, G, I, H]"
10098,10098,G,artificial,G,complete,"927 [A, B, C, E, D, F, G, I, H]"
10099,10099,F,artificial,F,complete,"927 [A, B, C, E, D, F, G, I, H]"
10100,10100,A,artificial,A,complete,"927 [A, B, C, E, D, F, G, I, H]"
10101,10101,C,artificial,D_Dupli,complete,"927 [A, B, C, E, D, F, G, I, H]"
10102,10102,B,artificial,D_Dupli,complete,"927 [A, B, C, E, D, F, G, I, H]"
10103,10103,D,artificial,D_Dupli,complete,"927 [A, B, C, E, D, F, G, I, H]"
10104,10104,G,artificial,G,complete,"928 [A, B, C, D, E, F, G, I, H]"
10105,10105,F,artificial,F,complete,"928 [A, B, C, D, E, F, G, I, H]"
10106,10106,E,artificial,D_Dupli,complete,"928 [A, B, C, D, E, F, G, I, H]"
10107,10107,B,artificial,D_Dupli,complete,"928 [A, B, C, D, E, F, G, I, H]"
10108,10108,C,artificial,D_Dupli,complete,"928 [A, B, C, D, E, F, G, I, H]"
10109,10109,A,artificial,A,complete,"928 [A, B, C, D, E, F, G, I, H]"
10110,10110,I,artificial,I,complete,"928 [A, B, C, D, E, F, G, I, H]"
10111,10111,D,artificial,D_Dupli,complete,"928 [A, B, C, D, E, F, G, I, H]"
10112,10112,H,artificial,H,complete,"928 [A, B, C, D, E, F, G, I, H]"
10113,10113,B,artificial,D_Dupli,complete,"929 [B, A, E, C, D, F, G, H, I]"
10114,10114,A,artificial,A,complete,"929 [B, A, E, C, D, F, G, H, I]"
10115,10115,E,artificial,D_Dupli,complete,"929 [B, A, E, C, D, F, G, H, I]"
10116,10116,C,artificial,D_Dupli,complete,"929 [B, A, E, C, D, F, G, H, I]"
10117,10117,D,artificial,D_Dupli,complete,"929 [B, A, E, C, D, F, G, H, I]"
10118,10118,F,artificial,F,complete,"929 [B, A, E, C, D, F, G, H, I]"
10119,10119,G,artificial,G,complete,"929 [B, A, E, C, D, F, G, H, I]"
10120,10120,H,artificial,H,complete,"929 [B, A, E, C, D, F, G, H, I]"
10121,10121,I,artificial,I,complete,"929 [B, A, E, C, D, F, G, H, I]"
10122,10122,B,artificial,D_Dupli,complete,"93 [B, A, D, C, E, F, G, I, H]"
10123,10123,G,artificial,G,complete,"93 [B, A, D, C, E, F, G, I, H]"
10124,10124,F,artificial,F,complete,"93 [B, A, D, C, E, F, G, I, H]"
10125,10125,E,artificial,D_Dupli,complete,"93 [B, A, D, C, E, F, G, I, H]"
10126,10126,C,artificial,D_Dupli,complete,"93 [B, A, D, C, E, F, G, I, H]"
10127,10127,D,artificial,D_Dupli,complete,"93 [B, A, D, C, E, F, G, I, H]"
10128,10128,H,artificial,H,complete,"93 [B, A, D, C, E, F, G, I, H]"
10129,10129,I,artificial,I,complete,"93 [B, A, D, C, E, F, G, I, H]"
10130,10130,A,artificial,A,complete,"93 [B, A, D, C, E, F, G, I, H]"
10131,10131,G,artificial,G,complete,"930 [A, B, E, C, D, F, G, I, H]"
10132,10132,I,artificial,I,complete,"930 [A, B, E, C, D, F, G, I, H]"
10133,10133,H,artificial,H,complete,"930 [A, B, E, C, D, F, G, I, H]"
10134,10134,D,artificial,D_Dupli,complete,"930 [A, B, E, C, D, F, G, I, H]"
10135,10135,E,artificial,D_Dupli,complete,"930 [A, B, E, C, D, F, G, I, H]"
10136,10136,B,artificial,D_Dupli,complete,"930 [A, B, E, C, D, F, G, I, H]"
10137,10137,A,artificial,A,complete,"930 [A, B, E, C, D, F, G, I, H]"
10138,10138,F,artificial,F,complete,"930 [A, B, E, C, D, F, G, I, H]"
10139,10139,C,artificial,D_Dupli,complete,"930 [A, B, E, C, D, F, G, I, H]"
10140,10140,C,artificial,D_Dupli,complete,"931 [B, A, C, E, D, F, G, I, H]"
10141,10141,I,artificial,I,complete,"931 [B, A, C, E, D, F, G, I, H]"
10142,10142,G,artificial,G,complete,"931 [B, A, C, E, D, F, G, I, H]"
10143,10143,F,artificial,F,complete,"931 [B, A, C, E, D, F, G, I, H]"
10144,10144,D,artificial,D_Dupli,complete,"931 [B, A, C, E, D, F, G, I, H]"
10145,10145,E,artificial,D_Dupli,complete,"931 [B, A, C, E, D, F, G, I, H]"
10146,10146,A,artificial,A,complete,"931 [B, A, C, E, D, F, G, I, H]"
10147,10147,B,artificial,D_Dupli,complete,"931 [B, A, C, E, D, F, G, I, H]"
10148,10148,H,artificial,H,complete,"931 [B, A, C, E, D, F, G, I, H]"
10149,10149,D,artificial,D_Dupli,complete,"932 [B, A, E, D, C, F, G, H, I]"
10150,10150,C,artificial,D_Dupli,complete,"932 [B, A, E, D, C, F, G, H, I]"
10151,10151,A,artificial,A,complete,"932 [B, A, E, D, C, F, G, H, I]"
10152,10152,F,artificial,F,complete,"932 [B, A, E, D, C, F, G, H, I]"
10153,10153,B,artificial,D_Dupli,complete,"932 [B, A, E, D, C, F, G, H, I]"
10154,10154,E,artificial,D_Dupli,complete,"932 [B, A, E, D, C, F, G, H, I]"
10155,10155,H,artificial,H,complete,"932 [B, A, E, D, C, F, G, H, I]"
10156,10156,I,artificial,I,complete,"932 [B, A, E, D, C, F, G, H, I]"
10157,10157,G,artificial,G,complete,"932 [B, A, E, D, C, F, G, H, I]"
10158,10158,B,artificial,D_Dupli,complete,"933 [A, B, C, D, E, F, G, H, I]"
10159,10159,A,artificial,A,complete,"933 [A, B, C, D, E, F, G, H, I]"
10160,10160,C,artificial,D_Dupli,complete,"933 [A, B, C, D, E, F, G, H, I]"
10161,10161,D,artificial,D_Dupli,complete,"933 [A, B, C, D, E, F, G, H, I]"
10162,10162,E,artificial,D_Dupli,complete,"933 [A, B, C, D, E, F, G, H, I]"
10163,10163,F,artificial,F,complete,"933 [A, B, C, D, E, F, G, H, I]"
10164,10164,G,artificial,G,complete,"933 [A, B, C, D, E, F, G, H, I]"
10165,10165,H,artificial,H,complete,"933 [A, B, C, D, E, F, G, H, I]"
10166,10166,I,artificial,I,complete,"933 [A, B, C, D, E, F, G, H, I]"
10167,10167,I,artificial,I,complete,"934 [A, B, C, E, D, F, G, H, I]"
10168,10168,H,artificial,H,complete,"934 [A, B, C, E, D, F, G, H, I]"
10169,10169,G,artificial,G,complete,"934 [A, B, C, E, D, F, G, H, I]"
10170,10170,F,artificial,F,complete,"934 [A, B, C, E, D, F, G, H, I]"
10171,10171,E,artificial,D_Dupli,complete,"934 [A, B, C, E, D, F, G, H, I]"
10172,10172,C,artificial,D_Dupli,complete,"934 [A, B, C, E, D, F, G, H, I]"
10173,10173,B,artificial,D_Dupli,complete,"934 [A, B, C, E, D, F, G, H, I]"
10174,10174,D,artificial,D_Dupli,complete,"934 [A, B, C, E, D, F, G, H, I]"
10175,10175,A,artificial,A,complete,"934 [A, B, C, E, D, F, G, H, I]"
10176,10176,E,artificial,D_Dupli,complete,"935 [B, A, C, D, E, F, G, H, I]"
10177,10177,B,artificial,D_Dupli,complete,"935 [B, A, C, D, E, F, G, H, I]"
10178,10178,A,artificial,A,complete,"935 [B, A, C, D, E, F, G, H, I]"
10179,10179,C,artificial,D_Dupli,complete,"935 [B, A, C, D, E, F, G, H, I]"
10180,10180,D,artificial,D_Dupli,complete,"935 [B, A, C, D, E, F, G, H, I]"
10181,10181,F,artificial,F,complete,"935 [B, A, C, D, E, F, G, H, I]"
10182,10182,G,artificial,G,complete,"935 [B, A, C, D, E, F, G, H, I]"
10183,10183,H,artificial,H,complete,"935 [B, A, C, D, E, F, G, H, I]"
10184,10184,I,artificial,I,complete,"935 [B, A, C, D, E, F, G, H, I]"
10185,10185,A,artificial,A,complete,"936 [B, A, D, C, E, F, G, I, H, J, K, F, G, H, I, M, O, N, F, G, I, H]"
10186,10186,B,artificial,D_Dupli,complete,"936 [B, A, D, C, E, F, G, I, H, J, K, F, G, H, I, M, O, N, F, G, I, H]"
10187,10187,D,artificial,D_Dupli,complete,"936 [B, A, D, C, E, F, G, I, H, J, K, F, G, H, I, M, O, N, F, G, I, H]"
10188,10188,C,artificial,D_Dupli,complete,"936 [B, A, D, C, E, F, G, I, H, J, K, F, G, H, I, M, O, N, F, G, I, H]"
10189,10189,E,artificial,D_Dupli,complete,"936 [B, A, D, C, E, F, G, I, H, J, K, F, G, H, I, M, O, N, F, G, I, H]"
10190,10190,H,artificial,H,complete,"936 [B, A, D, C, E, F, G, I, H, J, K, F, G, H, I, M, O, N, F, G, I, H]"
10191,10191,I,artificial,I,complete,"936 [B, A, D, C, E, F, G, I, H, J, K, F, G, H, I, M, O, N, F, G, I, H]"
10192,10192,F,artificial,F,complete,"936 [B, A, D, C, E, F, G, I, H, J, K, F, G, H, I, M, O, N, F, G, I, H]"
10193,10193,N,artificial,N,complete,"936 [B, A, D, C, E, F, G, I, H, J, K, F, G, H, I, M, O, N, F, G, I, H]"
10194,10194,O,artificial,O,complete,"936 [B, A, D, C, E, F, G, I, H, J, K, F, G, H, I, M, O, N, F, G, I, H]"
10195,10195,M,artificial,M,complete,"936 [B, A, D, C, E, F, G, I, H, J, K, F, G, H, I, M, O, N, F, G, I, H]"
10196,10196,I,artificial,I,complete,"936 [B, A, D, C, E, F, G, I, H, J, K, F, G, H, I, M, O, N, F, G, I, H]"
10197,10197,H,artificial,H,complete,"936 [B, A, D, C, E, F, G, I, H, J, K, F, G, H, I, M, O, N, F, G, I, H]"
10198,10198,G,artificial,G,complete,"936 [B, A, D, C, E, F, G, I, H, J, K, F, G, H, I, M, O, N, F, G, I, H]"
10199,10199,F,artificial,F,complete,"936 [B, A, D, C, E, F, G, I, H, J, K, F, G, H, I, M, O, N, F, G, I, H]"
10200,10200,K,artificial,K,complete,"936 [B, A, D, C, E, F, G, I, H, J, K, F, G, H, I, M, O, N, F, G, I, H]"
10201,10201,J,artificial,J,complete,"936 [B, A, D, C, E, F, G, I, H, J, K, F, G, H, I, M, O, N, F, G, I, H]"
10202,10202,H,artificial,H,complete,"936 [B, A, D, C, E, F, G, I, H, J, K, F, G, H, I, M, O, N, F, G, I, H]"
10203,10203,I,artificial,I,complete,"936 [B, A, D, C, E, F, G, I, H, J, K, F, G, H, I, M, O, N, F, G, I, H]"
10204,10204,G,artificial,G,complete,"936 [B, A, D, C, E, F, G, I, H, J, K, F, G, H, I, M, O, N, F, G, I, H]"
10205,10205,F,artificial,F,complete,"936 [B, A, D, C, E, F, G, I, H, J, K, F, G, H, I, M, O, N, F, G, I, H]"
10206,10206,G,artificial,G,complete,"936 [B, A, D, C, E, F, G, I, H, J, K, F, G, H, I, M, O, N, F, G, I, H]"
10207,10207,H,artificial,H,complete,"937 [A, B, E, D, C, F, G, I, H]"
10208,10208,I,artificial,I,complete,"937 [A, B, E, D, C, F, G, I, H]"
10209,10209,G,artificial,G,complete,"937 [A, B, E, D, C, F, G, I, H]"
10210,10210,F,artificial,F,complete,"937 [A, B, E, D, C, F, G, I, H]"
10211,10211,E,artificial,D_Dupli,complete,"937 [A, B, E, D, C, F, G, I, H]"
10212,10212,D,artificial,D_Dupli,complete,"937 [A, B, E, D, C, F, G, I, H]"
10213,10213,B,artificial,D_Dupli,complete,"937 [A, B, E, D, C, F, G, I, H]"
10214,10214,A,artificial,A,complete,"937 [A, B, E, D, C, F, G, I, H]"
10215,10215,C,artificial,D_Dupli,complete,"937 [A, B, E, D, C, F, G, I, H]"
10216,10216,D,artificial,D_Dupli,complete,"938 [A, B, C, D, E, F, G, I, H]"
10217,10217,A,artificial,A,complete,"938 [A, B, C, D, E, F, G, I, H]"
10218,10218,B,artificial,D_Dupli,complete,"938 [A, B, C, D, E, F, G, I, H]"
10219,10219,C,artificial,D_Dupli,complete,"938 [A, B, C, D, E, F, G, I, H]"
10220,10220,I,artificial,I,complete,"938 [A, B, C, D, E, F, G, I, H]"
10221,10221,F,artificial,F,complete,"938 [A, B, C, D, E, F, G, I, H]"
10222,10222,E,artificial,D_Dupli,complete,"938 [A, B, C, D, E, F, G, I, H]"
10223,10223,G,artificial,G,complete,"938 [A, B, C, D, E, F, G, I, H]"
10224,10224,H,artificial,H,complete,"938 [A, B, C, D, E, F, G, I, H]"
10225,10225,H,artificial,H,complete,"939 [A, B, C, E, D, F, G, I, H]"
10226,10226,G,artificial,G,complete,"939 [A, B, C, E, D, F, G, I, H]"
10227,10227,F,artificial,F,complete,"939 [A, B, C, E, D, F, G, I, H]"
10228,10228,D,artificial,D_Dupli,complete,"939 [A, B, C, E, D, F, G, I, H]"
10229,10229,E,artificial,D_Dupli,complete,"939 [A, B, C, E, D, F, G, I, H]"
10230,10230,C,artificial,D_Dupli,complete,"939 [A, B, C, E, D, F, G, I, H]"
10231,10231,B,artificial,D_Dupli,complete,"939 [A, B, C, E, D, F, G, I, H]"
10232,10232,A,artificial,A,complete,"939 [A, B, C, E, D, F, G, I, H]"
10233,10233,I,artificial,I,complete,"939 [A, B, C, E, D, F, G, I, H]"
10234,10234,I,artificial,I,complete,"94 [A, B, C, E, D, F, G, I, H]"
10235,10235,G,artificial,G,complete,"94 [A, B, C, E, D, F, G, I, H]"
10236,10236,F,artificial,F,complete,"94 [A, B, C, E, D, F, G, I, H]"
10237,10237,D,artificial,D_Dupli,complete,"94 [A, B, C, E, D, F, G, I, H]"
10238,10238,E,artificial,D_Dupli,complete,"94 [A, B, C, E, D, F, G, I, H]"
10239,10239,C,artificial,D_Dupli,complete,"94 [A, B, C, E, D, F, G, I, H]"
10240,10240,A,artificial,A,complete,"94 [A, B, C, E, D, F, G, I, H]"
10241,10241,B,artificial,D_Dupli,complete,"94 [A, B, C, E, D, F, G, I, H]"
10242,10242,H,artificial,H,complete,"94 [A, B, C, E, D, F, G, I, H]"
10243,10243,I,artificial,I,complete,"940 [B, A, E, D, C, F, G, H, I]"
10244,10244,H,artificial,H,complete,"940 [B, A, E, D, C, F, G, H, I]"
10245,10245,G,artificial,G,complete,"940 [B, A, E, D, C, F, G, H, I]"
10246,10246,F,artificial,F,complete,"940 [B, A, E, D, C, F, G, H, I]"
10247,10247,D,artificial,D_Dupli,complete,"940 [B, A, E, D, C, F, G, H, I]"
10248,10248,E,artificial,D_Dupli,complete,"940 [B, A, E, D, C, F, G, H, I]"
10249,10249,A,artificial,A,complete,"940 [B, A, E, D, C, F, G, H, I]"
10250,10250,B,artificial,D_Dupli,complete,"940 [B, A, E, D, C, F, G, H, I]"
10251,10251,C,artificial,D_Dupli,complete,"940 [B, A, E, D, C, F, G, H, I]"
10252,10252,B,artificial,D_Dupli,complete,"941 [B, A, C, E, D, F, G, H, I]"
10253,10253,D,artificial,D_Dupli,complete,"941 [B, A, C, E, D, F, G, H, I]"
10254,10254,A,artificial,A,complete,"941 [B, A, C, E, D, F, G, H, I]"
10255,10255,C,artificial,D_Dupli,complete,"941 [B, A, C, E, D, F, G, H, I]"
10256,10256,I,artificial,I,complete,"941 [B, A, C, E, D, F, G, H, I]"
10257,10257,H,artificial,H,complete,"941 [B, A, C, E, D, F, G, H, I]"
10258,10258,G,artificial,G,complete,"941 [B, A, C, E, D, F, G, H, I]"
10259,10259,F,artificial,F,complete,"941 [B, A, C, E, D, F, G, H, I]"
10260,10260,E,artificial,D_Dupli,complete,"941 [B, A, C, E, D, F, G, H, I]"
10261,10261,C,artificial,D_Dupli,complete,"942 [B, A, C, D, E, F, G, H, I, N, O, M, F, G, H, I]"
10262,10262,A,artificial,A,complete,"942 [B, A, C, D, E, F, G, H, I, N, O, M, F, G, H, I]"
10263,10263,I,artificial,I,complete,"942 [B, A, C, D, E, F, G, H, I, N, O, M, F, G, H, I]"
10264,10264,H,artificial,H,complete,"942 [B, A, C, D, E, F, G, H, I, N, O, M, F, G, H, I]"
10265,10265,B,artificial,D_Dupli,complete,"942 [B, A, C, D, E, F, G, H, I, N, O, M, F, G, H, I]"
10266,10266,F,artificial,F,complete,"942 [B, A, C, D, E, F, G, H, I, N, O, M, F, G, H, I]"
10267,10267,M,artificial,M,complete,"942 [B, A, C, D, E, F, G, H, I, N, O, M, F, G, H, I]"
10268,10268,O,artificial,O,complete,"942 [B, A, C, D, E, F, G, H, I, N, O, M, F, G, H, I]"
10269,10269,G,artificial,G,complete,"942 [B, A, C, D, E, F, G, H, I, N, O, M, F, G, H, I]"
10270,10270,I,artificial,I,complete,"942 [B, A, C, D, E, F, G, H, I, N, O, M, F, G, H, I]"
10271,10271,H,artificial,H,complete,"942 [B, A, C, D, E, F, G, H, I, N, O, M, F, G, H, I]"
10272,10272,G,artificial,G,complete,"942 [B, A, C, D, E, F, G, H, I, N, O, M, F, G, H, I]"
10273,10273,F,artificial,F,complete,"942 [B, A, C, D, E, F, G, H, I, N, O, M, F, G, H, I]"
10274,10274,E,artificial,D_Dupli,complete,"942 [B, A, C, D, E, F, G, H, I, N, O, M, F, G, H, I]"
10275,10275,D,artificial,D_Dupli,complete,"942 [B, A, C, D, E, F, G, H, I, N, O, M, F, G, H, I]"
10276,10276,N,artificial,N,complete,"942 [B, A, C, D, E, F, G, H, I, N, O, M, F, G, H, I]"
10277,10277,B,artificial,D_Dupli,complete,"943 [B, A, C, D, E, F, G, H, I]"
10278,10278,A,artificial,A,complete,"943 [B, A, C, D, E, F, G, H, I]"
10279,10279,C,artificial,D_Dupli,complete,"943 [B, A, C, D, E, F, G, H, I]"
10280,10280,D,artificial,D_Dupli,complete,"943 [B, A, C, D, E, F, G, H, I]"
10281,10281,E,artificial,D_Dupli,complete,"943 [B, A, C, D, E, F, G, H, I]"
10282,10282,F,artificial,F,complete,"943 [B, A, C, D, E, F, G, H, I]"
10283,10283,H,artificial,H,complete,"943 [B, A, C, D, E, F, G, H, I]"
10284,10284,I,artificial,I,complete,"943 [B, A, C, D, E, F, G, H, I]"
10285,10285,G,artificial,G,complete,"943 [B, A, C, D, E, F, G, H, I]"
10286,10286,F,artificial,F,complete,"944 [A, B, E, D, C, F, G, I, H]"
10287,10287,E,artificial,D_Dupli,complete,"944 [A, B, E, D, C, F, G, I, H]"
10288,10288,D,artificial,D_Dupli,complete,"944 [A, B, E, D, C, F, G, I, H]"
10289,10289,H,artificial,H,complete,"944 [A, B, E, D, C, F, G, I, H]"
10290,10290,C,artificial,D_Dupli,complete,"944 [A, B, E, D, C, F, G, I, H]"
10291,10291,G,artificial,G,complete,"944 [A, B, E, D, C, F, G, I, H]"
10292,10292,I,artificial,I,complete,"944 [A, B, E, D, C, F, G, I, H]"
10293,10293,B,artificial,D_Dupli,complete,"944 [A, B, E, D, C, F, G, I, H]"
10294,10294,A,artificial,A,complete,"944 [A, B, E, D, C, F, G, I, H]"
10295,10295,H,artificial,H,complete,"945 [B, A, E, D, C, F, G, I, H]"
10296,10296,I,artificial,I,complete,"945 [B, A, E, D, C, F, G, I, H]"
10297,10297,F,artificial,F,complete,"945 [B, A, E, D, C, F, G, I, H]"
10298,10298,B,artificial,D_Dupli,complete,"945 [B, A, E, D, C, F, G, I, H]"
10299,10299,C,artificial,D_Dupli,complete,"945 [B, A, E, D, C, F, G, I, H]"
10300,10300,D,artificial,D_Dupli,complete,"945 [B, A, E, D, C, F, G, I, H]"
10301,10301,E,artificial,D_Dupli,complete,"945 [B, A, E, D, C, F, G, I, H]"
10302,10302,A,artificial,A,complete,"945 [B, A, E, D, C, F, G, I, H]"
10303,10303,G,artificial,G,complete,"945 [B, A, E, D, C, F, G, I, H]"
10304,10304,A,artificial,A,complete,"946 [A, B, C, D, E, F, G, I, H, J, K, F, G, I, H]"
10305,10305,B,artificial,D_Dupli,complete,"946 [A, B, C, D, E, F, G, I, H, J, K, F, G, I, H]"
10306,10306,D,artificial,D_Dupli,complete,"946 [A, B, C, D, E, F, G, I, H, J, K, F, G, I, H]"
10307,10307,E,artificial,D_Dupli,complete,"946 [A, B, C, D, E, F, G, I, H, J, K, F, G, I, H]"
10308,10308,C,artificial,D_Dupli,complete,"946 [A, B, C, D, E, F, G, I, H, J, K, F, G, I, H]"
10309,10309,I,artificial,I,complete,"946 [A, B, C, D, E, F, G, I, H, J, K, F, G, I, H]"
10310,10310,F,artificial,F,complete,"946 [A, B, C, D, E, F, G, I, H, J, K, F, G, I, H]"
10311,10311,H,artificial,H,complete,"946 [A, B, C, D, E, F, G, I, H, J, K, F, G, I, H]"
10312,10312,I,artificial,I,complete,"946 [A, B, C, D, E, F, G, I, H, J, K, F, G, I, H]"
10313,10313,G,artificial,G,complete,"946 [A, B, C, D, E, F, G, I, H, J, K, F, G, I, H]"
10314,10314,G,artificial,G,complete,"946 [A, B, C, D, E, F, G, I, H, J, K, F, G, I, H]"
10315,10315,K,artificial,K,complete,"946 [A, B, C, D, E, F, G, I, H, J, K, F, G, I, H]"
10316,10316,J,artificial,J,complete,"946 [A, B, C, D, E, F, G, I, H, J, K, F, G, I, H]"
10317,10317,H,artificial,H,complete,"946 [A, B, C, D, E, F, G, I, H, J, K, F, G, I, H]"
10318,10318,F,artificial,F,complete,"946 [A, B, C, D, E, F, G, I, H, J, K, F, G, I, H]"
10319,10319,A,artificial,A,complete,"947 [A, B, C, E, D, F, G, I, H]"
10320,10320,C,artificial,D_Dupli,complete,"947 [A, B, C, E, D, F, G, I, H]"
10321,10321,E,artificial,D_Dupli,complete,"947 [A, B, C, E, D, F, G, I, H]"
10322,10322,D,artificial,D_Dupli,complete,"947 [A, B, C, E, D, F, G, I, H]"
10323,10323,F,artificial,F,complete,"947 [A, B, C, E, D, F, G, I, H]"
10324,10324,G,artificial,G,complete,"947 [A, B, C, E, D, F, G, I, H]"
10325,10325,I,artificial,I,complete,"947 [A, B, C, E, D, F, G, I, H]"
10326,10326,H,artificial,H,complete,"947 [A, B, C, E, D, F, G, I, H]"
10327,10327,B,artificial,D_Dupli,complete,"947 [A, B, C, E, D, F, G, I, H]"
10328,10328,F,artificial,F,complete,"948 [B, A, D, E, C, F, G, H, I]"
10329,10329,C,artificial,D_Dupli,complete,"948 [B, A, D, E, C, F, G, H, I]"
10330,10330,I,artificial,I,complete,"948 [B, A, D, E, C, F, G, H, I]"
10331,10331,G,artificial,G,complete,"948 [B, A, D, E, C, F, G, H, I]"
10332,10332,B,artificial,D_Dupli,complete,"948 [B, A, D, E, C, F, G, H, I]"
10333,10333,A,artificial,A,complete,"948 [B, A, D, E, C, F, G, H, I]"
10334,10334,D,artificial,D_Dupli,complete,"948 [B, A, D, E, C, F, G, H, I]"
10335,10335,H,artificial,H,complete,"948 [B, A, D, E, C, F, G, H, I]"
10336,10336,E,artificial,D_Dupli,complete,"948 [B, A, D, E, C, F, G, H, I]"
10337,10337,C,artificial,D_Dupli,complete,"949 [B, A, E, D, C, F, G, H, I]"
10338,10338,I,artificial,I,complete,"949 [B, A, E, D, C, F, G, H, I]"
10339,10339,H,artificial,H,complete,"949 [B, A, E, D, C, F, G, H, I]"
10340,10340,G,artificial,G,complete,"949 [B, A, E, D, C, F, G, H, I]"
10341,10341,F,artificial,F,complete,"949 [B, A, E, D, C, F, G, H, I]"
10342,10342,D,artificial,D_Dupli,complete,"949 [B, A, E, D, C, F, G, H, I]"
10343,10343,E,artificial,D_Dupli,complete,"949 [B, A, E, D, C, F, G, H, I]"
10344,10344,A,artificial,A,complete,"949 [B, A, E, D, C, F, G, H, I]"
10345,10345,B,artificial,D_Dupli,complete,"949 [B, A, E, D, C, F, G, H, I]"
10346,10346,B,artificial,D_Dupli,complete,"95 [B, A, D, E, C, F, G, I, H, J, K, L, J, K, F, G, H, I]"
10347,10347,D,artificial,D_Dupli,complete,"95 [B, A, D, E, C, F, G, I, H, J, K, L, J, K, F, G, H, I]"
10348,10348,I,artificial,I,complete,"95 [B, A, D, E, C, F, G, I, H, J, K, L, J, K, F, G, H, I]"
10349,10349,H,artificial,H,complete,"95 [B, A, D, E, C, F, G, I, H, J, K, L, J, K, F, G, H, I]"
10350,10350,G,artificial,G,complete,"95 [B, A, D, E, C, F, G, I, H, J, K, L, J, K, F, G, H, I]"
10351,10351,A,artificial,A,complete,"95 [B, A, D, E, C, F, G, I, H, J, K, L, J, K, F, G, H, I]"
10352,10352,K,artificial,K,complete,"95 [B, A, D, E, C, F, G, I, H, J, K, L, J, K, F, G, H, I]"
10353,10353,J,artificial,J,complete,"95 [B, A, D, E, C, F, G, I, H, J, K, L, J, K, F, G, H, I]"
10354,10354,L,artificial,L,complete,"95 [B, A, D, E, C, F, G, I, H, J, K, L, J, K, F, G, H, I]"
10355,10355,K,artificial,K,complete,"95 [B, A, D, E, C, F, G, I, H, J, K, L, J, K, F, G, H, I]"
10356,10356,J,artificial,J,complete,"95 [B, A, D, E, C, F, G, I, H, J, K, L, J, K, F, G, H, I]"
10357,10357,H,artificial,H,complete,"95 [B, A, D, E, C, F, G, I, H, J, K, L, J, K, F, G, H, I]"
10358,10358,I,artificial,I,complete,"95 [B, A, D, E, C, F, G, I, H, J, K, L, J, K, F, G, H, I]"
10359,10359,G,artificial,G,complete,"95 [B, A, D, E, C, F, G, I, H, J, K, L, J, K, F, G, H, I]"
10360,10360,F,artificial,F,complete,"95 [B, A, D, E, C, F, G, I, H, J, K, L, J, K, F, G, H, I]"
10361,10361,C,artificial,D_Dupli,complete,"95 [B, A, D, E, C, F, G, I, H, J, K, L, J, K, F, G, H, I]"
10362,10362,E,artificial,D_Dupli,complete,"95 [B, A, D, E, C, F, G, I, H, J, K, L, J, K, F, G, H, I]"
10363,10363,F,artificial,F,complete,"95 [B, A, D, E, C, F, G, I, H, J, K, L, J, K, F, G, H, I]"
10364,10364,I,artificial,I,complete,"950 [B, A, E, D, C, F, G, H, I]"
10365,10365,G,artificial,G,complete,"950 [B, A, E, D, C, F, G, H, I]"
10366,10366,F,artificial,F,complete,"950 [B, A, E, D, C, F, G, H, I]"
10367,10367,H,artificial,H,complete,"950 [B, A, E, D, C, F, G, H, I]"
10368,10368,D,artificial,D_Dupli,complete,"950 [B, A, E, D, C, F, G, H, I]"
10369,10369,C,artificial,D_Dupli,complete,"950 [B, A, E, D, C, F, G, H, I]"
10370,10370,B,artificial,D_Dupli,complete,"950 [B, A, E, D, C, F, G, H, I]"
10371,10371,E,artificial,D_Dupli,complete,"950 [B, A, E, D, C, F, G, H, I]"
10372,10372,A,artificial,A,complete,"950 [B, A, E, D, C, F, G, H, I]"
10373,10373,A,artificial,A,complete,"951 [A, B, D, E, C, F, G, H, I, J, K, F, G, I, H]"
10374,10374,D,artificial,D_Dupli,complete,"951 [A, B, D, E, C, F, G, H, I, J, K, F, G, I, H]"
10375,10375,E,artificial,D_Dupli,complete,"951 [A, B, D, E, C, F, G, H, I, J, K, F, G, I, H]"
10376,10376,C,artificial,D_Dupli,complete,"951 [A, B, D, E, C, F, G, H, I, J, K, F, G, I, H]"
10377,10377,F,artificial,F,complete,"951 [A, B, D, E, C, F, G, H, I, J, K, F, G, I, H]"
10378,10378,G,artificial,G,complete,"951 [A, B, D, E, C, F, G, H, I, J, K, F, G, I, H]"
10379,10379,I,artificial,I,complete,"951 [A, B, D, E, C, F, G, H, I, J, K, F, G, I, H]"
10380,10380,J,artificial,J,complete,"951 [A, B, D, E, C, F, G, H, I, J, K, F, G, I, H]"
10381,10381,K,artificial,K,complete,"951 [A, B, D, E, C, F, G, H, I, J, K, F, G, I, H]"
10382,10382,F,artificial,F,complete,"951 [A, B, D, E, C, F, G, H, I, J, K, F, G, I, H]"
10383,10383,G,artificial,G,complete,"951 [A, B, D, E, C, F, G, H, I, J, K, F, G, I, H]"
10384,10384,I,artificial,I,complete,"951 [A, B, D, E, C, F, G, H, I, J, K, F, G, I, H]"
10385,10385,H,artificial,H,complete,"951 [A, B, D, E, C, F, G, H, I, J, K, F, G, I, H]"
10386,10386,H,artificial,H,complete,"951 [A, B, D, E, C, F, G, H, I, J, K, F, G, I, H]"
10387,10387,B,artificial,D_Dupli,complete,"951 [A, B, D, E, C, F, G, H, I, J, K, F, G, I, H]"
10388,10388,D,artificial,D_Dupli,complete,"952 [A, B, E, D, C, F, G, H, I]"
10389,10389,E,artificial,D_Dupli,complete,"952 [A, B, E, D, C, F, G, H, I]"
10390,10390,C,artificial,D_Dupli,complete,"952 [A, B, E, D, C, F, G, H, I]"
10391,10391,F,artificial,F,complete,"952 [A, B, E, D, C, F, G, H, I]"
10392,10392,G,artificial,G,complete,"952 [A, B, E, D, C, F, G, H, I]"
10393,10393,H,artificial,H,complete,"952 [A, B, E, D, C, F, G, H, I]"
10394,10394,I,artificial,I,complete,"952 [A, B, E, D, C, F, G, H, I]"
10395,10395,B,artificial,D_Dupli,complete,"952 [A, B, E, D, C, F, G, H, I]"
10396,10396,A,artificial,A,complete,"952 [A, B, E, D, C, F, G, H, I]"
10397,10397,C,artificial,D_Dupli,complete,"953 [A, B, E, C, D, F, G, I, H]"
10398,10398,A,artificial,A,complete,"953 [A, B, E, C, D, F, G, I, H]"
10399,10399,B,artificial,D_Dupli,complete,"953 [A, B, E, C, D, F, G, I, H]"
10400,10400,E,artificial,D_Dupli,complete,"953 [A, B, E, C, D, F, G, I, H]"
10401,10401,D,artificial,D_Dupli,complete,"953 [A, B, E, C, D, F, G, I, H]"
10402,10402,F,artificial,F,complete,"953 [A, B, E, C, D, F, G, I, H]"
10403,10403,G,artificial,G,complete,"953 [A, B, E, C, D, F, G, I, H]"
10404,10404,H,artificial,H,complete,"953 [A, B, E, C, D, F, G, I, H]"
10405,10405,I,artificial,I,complete,"953 [A, B, E, C, D, F, G, I, H]"
10406,10406,I,artificial,I,complete,"954 [A, B, D, E, C, F, G, H, I, J, K, F, G, I, H]"
10407,10407,A,artificial,A,complete,"954 [A, B, D, E, C, F, G, H, I, J, K, F, G, I, H]"
10408,10408,B,artificial,D_Dupli,complete,"954 [A, B, D, E, C, F, G, H, I, J, K, F, G, I, H]"
10409,10409,H,artificial,H,complete,"954 [A, B, D, E, C, F, G, H, I, J, K, F, G, I, H]"
10410,10410,D,artificial,D_Dupli,complete,"954 [A, B, D, E, C, F, G, H, I, J, K, F, G, I, H]"
10411,10411,E,artificial,D_Dupli,complete,"954 [A, B, D, E, C, F, G, H, I, J, K, F, G, I, H]"
10412,10412,F,artificial,F,complete,"954 [A, B, D, E, C, F, G, H, I, J, K, F, G, I, H]"
10413,10413,J,artificial,J,complete,"954 [A, B, D, E, C, F, G, H, I, J, K, F, G, I, H]"
10414,10414,K,artificial,K,complete,"954 [A, B, D, E, C, F, G, H, I, J, K, F, G, I, H]"
10415,10415,F,artificial,F,complete,"954 [A, B, D, E, C, F, G, H, I, J, K, F, G, I, H]"
10416,10416,G,artificial,G,complete,"954 [A, B, D, E, C, F, G, H, I, J, K, F, G, I, H]"
10417,10417,I,artificial,I,complete,"954 [A, B, D, E, C, F, G, H, I, J, K, F, G, I, H]"
10418,10418,H,artificial,H,complete,"954 [A, B, D, E, C, F, G, H, I, J, K, F, G, I, H]"
10419,10419,G,artificial,G,complete,"954 [A, B, D, E, C, F, G, H, I, J, K, F, G, I, H]"
10420,10420,C,artificial,D_Dupli,complete,"954 [A, B, D, E, C, F, G, H, I, J, K, F, G, I, H]"
10421,10421,H,artificial,H,complete,"955 [A, B, C, D, E, F, G, I, H]"
10422,10422,I,artificial,I,complete,"955 [A, B, C, D, E, F, G, I, H]"
10423,10423,G,artificial,G,complete,"955 [A, B, C, D, E, F, G, I, H]"
10424,10424,F,artificial,F,complete,"955 [A, B, C, D, E, F, G, I, H]"
10425,10425,E,artificial,D_Dupli,complete,"955 [A, B, C, D, E, F, G, I, H]"
10426,10426,D,artificial,D_Dupli,complete,"955 [A, B, C, D, E, F, G, I, H]"
10427,10427,C,artificial,D_Dupli,complete,"955 [A, B, C, D, E, F, G, I, H]"
10428,10428,B,artificial,D_Dupli,complete,"955 [A, B, C, D, E, F, G, I, H]"
10429,10429,A,artificial,A,complete,"955 [A, B, C, D, E, F, G, I, H]"
10430,10430,F,artificial,F,complete,"956 [A, B, C, E, D, F, G, I, H, N, O, M, F, G, H, I]"
10431,10431,C,artificial,D_Dupli,complete,"956 [A, B, C, E, D, F, G, I, H, N, O, M, F, G, H, I]"
10432,10432,G,artificial,G,complete,"956 [A, B, C, E, D, F, G, I, H, N, O, M, F, G, H, I]"
10433,10433,B,artificial,D_Dupli,complete,"956 [A, B, C, E, D, F, G, I, H, N, O, M, F, G, H, I]"
10434,10434,H,artificial,H,complete,"956 [A, B, C, E, D, F, G, I, H, N, O, M, F, G, H, I]"
10435,10435,O,artificial,O,complete,"956 [A, B, C, E, D, F, G, I, H, N, O, M, F, G, H, I]"
10436,10436,A,artificial,A,complete,"956 [A, B, C, E, D, F, G, I, H, N, O, M, F, G, H, I]"
10437,10437,I,artificial,I,complete,"956 [A, B, C, E, D, F, G, I, H, N, O, M, F, G, H, I]"
10438,10438,N,artificial,N,complete,"956 [A, B, C, E, D, F, G, I, H, N, O, M, F, G, H, I]"
10439,10439,H,artificial,H,complete,"956 [A, B, C, E, D, F, G, I, H, N, O, M, F, G, H, I]"
10440,10440,I,artificial,I,complete,"956 [A, B, C, E, D, F, G, I, H, N, O, M, F, G, H, I]"
10441,10441,G,artificial,G,complete,"956 [A, B, C, E, D, F, G, I, H, N, O, M, F, G, H, I]"
10442,10442,E,artificial,D_Dupli,complete,"956 [A, B, C, E, D, F, G, I, H, N, O, M, F, G, H, I]"
10443,10443,M,artificial,M,complete,"956 [A, B, C, E, D, F, G, I, H, N, O, M, F, G, H, I]"
10444,10444,F,artificial,F,complete,"956 [A, B, C, E, D, F, G, I, H, N, O, M, F, G, H, I]"
10445,10445,D,artificial,D_Dupli,complete,"956 [A, B, C, E, D, F, G, I, H, N, O, M, F, G, H, I]"
10446,10446,I,artificial,I,complete,"957 [B, A, C, D, E, F, G, H, I]"
10447,10447,H,artificial,H,complete,"957 [B, A, C, D, E, F, G, H, I]"
10448,10448,G,artificial,G,complete,"957 [B, A, C, D, E, F, G, H, I]"
10449,10449,F,artificial,F,complete,"957 [B, A, C, D, E, F, G, H, I]"
10450,10450,E,artificial,D_Dupli,complete,"957 [B, A, C, D, E, F, G, H, I]"
10451,10451,D,artificial,D_Dupli,complete,"957 [B, A, C, D, E, F, G, H, I]"
10452,10452,C,artificial,D_Dupli,complete,"957 [B, A, C, D, E, F, G, H, I]"
10453,10453,A,artificial,A,complete,"957 [B, A, C, D, E, F, G, H, I]"
10454,10454,B,artificial,D_Dupli,complete,"957 [B, A, C, D, E, F, G, H, I]"
10455,10455,G,artificial,G,complete,"958 [A, B, C, D, E, F, G, H, I]"
10456,10456,I,artificial,I,complete,"958 [A, B, C, D, E, F, G, H, I]"
10457,10457,H,artificial,H,complete,"958 [A, B, C, D, E, F, G, H, I]"
10458,10458,F,artificial,F,complete,"958 [A, B, C, D, E, F, G, H, I]"
10459,10459,E,artificial,D_Dupli,complete,"958 [A, B, C, D, E, F, G, H, I]"
10460,10460,D,artificial,D_Dupli,complete,"958 [A, B, C, D, E, F, G, H, I]"
10461,10461,C,artificial,D_Dupli,complete,"958 [A, B, C, D, E, F, G, H, I]"
10462,10462,A,artificial,A,complete,"958 [A, B, C, D, E, F, G, H, I]"
10463,10463,B,artificial,D_Dupli,complete,"958 [A, B, C, D, E, F, G, H, I]"
10464,10464,D,artificial,D_Dupli,complete,"959 [B, A, E, D, C, F, G, I, H, J, K, F, G, H, I, J, K, F, G, H, I]"
10465,10465,A,artificial,A,complete,"959 [B, A, E, D, C, F, G, I, H, J, K, F, G, H, I, J, K, F, G, H, I]"
10466,10466,B,artificial,D_Dupli,complete,"959 [B, A, E, D, C, F, G, I, H, J, K, F, G, H, I, J, K, F, G, H, I]"
10467,10467,E,artificial,D_Dupli,complete,"959 [B, A, E, D, C, F, G, I, H, J, K, F, G, H, I, J, K, F, G, H, I]"
10468,10468,H,artificial,H,complete,"959 [B, A, E, D, C, F, G, I, H, J, K, F, G, H, I, J, K, F, G, H, I]"
10469,10469,J,artificial,J,complete,"959 [B, A, E, D, C, F, G, I, H, J, K, F, G, H, I, J, K, F, G, H, I]"
10470,10470,C,artificial,D_Dupli,complete,"959 [B, A, E, D, C, F, G, I, H, J, K, F, G, H, I, J, K, F, G, H, I]"
10471,10471,J,artificial,J,complete,"959 [B, A, E, D, C, F, G, I, H, J, K, F, G, H, I, J, K, F, G, H, I]"
10472,10472,K,artificial,K,complete,"959 [B, A, E, D, C, F, G, I, H, J, K, F, G, H, I, J, K, F, G, H, I]"
10473,10473,F,artificial,F,complete,"959 [B, A, E, D, C, F, G, I, H, J, K, F, G, H, I, J, K, F, G, H, I]"
10474,10474,G,artificial,G,complete,"959 [B, A, E, D, C, F, G, I, H, J, K, F, G, H, I, J, K, F, G, H, I]"
10475,10475,H,artificial,H,complete,"959 [B, A, E, D, C, F, G, I, H, J, K, F, G, H, I, J, K, F, G, H, I]"
10476,10476,I,artificial,I,complete,"959 [B, A, E, D, C, F, G, I, H, J, K, F, G, H, I, J, K, F, G, H, I]"
10477,10477,I,artificial,I,complete,"959 [B, A, E, D, C, F, G, I, H, J, K, F, G, H, I, J, K, F, G, H, I]"
10478,10478,K,artificial,K,complete,"959 [B, A, E, D, C, F, G, I, H, J, K, F, G, H, I, J, K, F, G, H, I]"
10479,10479,F,artificial,F,complete,"959 [B, A, E, D, C, F, G, I, H, J, K, F, G, H, I, J, K, F, G, H, I]"
10480,10480,G,artificial,G,complete,"959 [B, A, E, D, C, F, G, I, H, J, K, F, G, H, I, J, K, F, G, H, I]"
10481,10481,H,artificial,H,complete,"959 [B, A, E, D, C, F, G, I, H, J, K, F, G, H, I, J, K, F, G, H, I]"
10482,10482,F,artificial,F,complete,"959 [B, A, E, D, C, F, G, I, H, J, K, F, G, H, I, J, K, F, G, H, I]"
10483,10483,I,artificial,I,complete,"959 [B, A, E, D, C, F, G, I, H, J, K, F, G, H, I, J, K, F, G, H, I]"
10484,10484,G,artificial,G,complete,"959 [B, A, E, D, C, F, G, I, H, J, K, F, G, H, I, J, K, F, G, H, I]"
10485,10485,A,artificial,A,complete,"96 [A, B, E, C, D, F, G, H, I]"
10486,10486,B,artificial,D_Dupli,complete,"96 [A, B, E, C, D, F, G, H, I]"
10487,10487,E,artificial,D_Dupli,complete,"96 [A, B, E, C, D, F, G, H, I]"
10488,10488,C,artificial,D_Dupli,complete,"96 [A, B, E, C, D, F, G, H, I]"
10489,10489,D,artificial,D_Dupli,complete,"96 [A, B, E, C, D, F, G, H, I]"
10490,10490,F,artificial,F,complete,"96 [A, B, E, C, D, F, G, H, I]"
10491,10491,G,artificial,G,complete,"96 [A, B, E, C, D, F, G, H, I]"
10492,10492,H,artificial,H,complete,"96 [A, B, E, C, D, F, G, H, I]"
10493,10493,I,artificial,I,complete,"96 [A, B, E, C, D, F, G, H, I]"
10494,10494,H,artificial,H,complete,"960 [B, A, E, D, C, F, G, I, H]"
10495,10495,I,artificial,I,complete,"960 [B, A, E, D, C, F, G, I, H]"
10496,10496,G,artificial,G,complete,"960 [B, A, E, D, C, F, G, I, H]"
10497,10497,F,artificial,F,complete,"960 [B, A, E, D, C, F, G, I, H]"
10498,10498,C,artificial,D_Dupli,complete,"960 [B, A, E, D, C, F, G, I, H]"
10499,10499,D,artificial,D_Dupli,complete,"960 [B, A, E, D, C, F, G, I, H]"
10500,10500,E,artificial,D_Dupli,complete,"960 [B, A, E, D, C, F, G, I, H]"
10501,10501,A,artificial,A,complete,"960 [B, A, E, D, C, F, G, I, H]"
10502,10502,B,artificial,D_Dupli,complete,"960 [B, A, E, D, C, F, G, I, H]"
10503,10503,B,artificial,D_Dupli,complete,"961 [A, B, D, E, C, F, G, H, I]"
10504,10504,A,artificial,A,complete,"961 [A, B, D, E, C, F, G, H, I]"
10505,10505,D,artificial,D_Dupli,complete,"961 [A, B, D, E, C, F, G, H, I]"
10506,10506,C,artificial,D_Dupli,complete,"961 [A, B, D, E, C, F, G, H, I]"
10507,10507,F,artificial,F,complete,"961 [A, B, D, E, C, F, G, H, I]"
10508,10508,G,artificial,G,complete,"961 [A, B, D, E, C, F, G, H, I]"
10509,10509,H,artificial,H,complete,"961 [A, B, D, E, C, F, G, H, I]"
10510,10510,I,artificial,I,complete,"961 [A, B, D, E, C, F, G, H, I]"
10511,10511,E,artificial,D_Dupli,complete,"961 [A, B, D, E, C, F, G, H, I]"
10512,10512,H,artificial,H,complete,"962 [B, A, E, D, C, F, G, I, H]"
10513,10513,I,artificial,I,complete,"962 [B, A, E, D, C, F, G, I, H]"
10514,10514,F,artificial,F,complete,"962 [B, A, E, D, C, F, G, I, H]"
10515,10515,G,artificial,G,complete,"962 [B, A, E, D, C, F, G, I, H]"
10516,10516,D,artificial,D_Dupli,complete,"962 [B, A, E, D, C, F, G, I, H]"
10517,10517,E,artificial,D_Dupli,complete,"962 [B, A, E, D, C, F, G, I, H]"
10518,10518,A,artificial,A,complete,"962 [B, A, E, D, C, F, G, I, H]"
10519,10519,B,artificial,D_Dupli,complete,"962 [B, A, E, D, C, F, G, I, H]"
10520,10520,C,artificial,D_Dupli,complete,"962 [B, A, E, D, C, F, G, I, H]"
10521,10521,H,artificial,H,complete,"963 [A, B, C, D, E, F, G, H, I, J, K, F, G, I, H]"
10522,10522,I,artificial,I,complete,"963 [A, B, C, D, E, F, G, H, I, J, K, F, G, I, H]"
10523,10523,G,artificial,G,complete,"963 [A, B, C, D, E, F, G, H, I, J, K, F, G, I, H]"
10524,10524,F,artificial,F,complete,"963 [A, B, C, D, E, F, G, H, I, J, K, F, G, I, H]"
10525,10525,K,artificial,K,complete,"963 [A, B, C, D, E, F, G, H, I, J, K, F, G, I, H]"
10526,10526,J,artificial,J,complete,"963 [A, B, C, D, E, F, G, H, I, J, K, F, G, I, H]"
10527,10527,H,artificial,H,complete,"963 [A, B, C, D, E, F, G, H, I, J, K, F, G, I, H]"
10528,10528,G,artificial,G,complete,"963 [A, B, C, D, E, F, G, H, I, J, K, F, G, I, H]"
10529,10529,F,artificial,F,complete,"963 [A, B, C, D, E, F, G, H, I, J, K, F, G, I, H]"
10530,10530,E,artificial,D_Dupli,complete,"963 [A, B, C, D, E, F, G, H, I, J, K, F, G, I, H]"
10531,10531,C,artificial,D_Dupli,complete,"963 [A, B, C, D, E, F, G, H, I, J, K, F, G, I, H]"
10532,10532,A,artificial,A,complete,"963 [A, B, C, D, E, F, G, H, I, J, K, F, G, I, H]"
10533,10533,I,artificial,I,complete,"963 [A, B, C, D, E, F, G, H, I, J, K, F, G, I, H]"
10534,10534,B,artificial,D_Dupli,complete,"963 [A, B, C, D, E, F, G, H, I, J, K, F, G, I, H]"
10535,10535,D,artificial,D_Dupli,complete,"963 [A, B, C, D, E, F, G, H, I, J, K, F, G, I, H]"
10536,10536,I,artificial,I,complete,"964 [A, B, C, D, E, F, G, I, H]"
10537,10537,H,artificial,H,complete,"964 [A, B, C, D, E, F, G, I, H]"
10538,10538,A,artificial,A,complete,"964 [A, B, C, D, E, F, G, I, H]"
10539,10539,B,artificial,D_Dupli,complete,"964 [A, B, C, D, E, F, G, I, H]"
10540,10540,G,artificial,G,complete,"964 [A, B, C, D, E, F, G, I, H]"
10541,10541,D,artificial,D_Dupli,complete,"964 [A, B, C, D, E, F, G, I, H]"
10542,10542,E,artificial,D_Dupli,complete,"964 [A, B, C, D, E, F, G, I, H]"
10543,10543,F,artificial,F,complete,"964 [A, B, C, D, E, F, G, I, H]"
10544,10544,C,artificial,D_Dupli,complete,"964 [A, B, C, D, E, F, G, I, H]"
10545,10545,I,artificial,I,complete,"965 [A, B, C, D, E, F, G, I, H]"
10546,10546,B,artificial,D_Dupli,complete,"965 [A, B, C, D, E, F, G, I, H]"
10547,10547,C,artificial,D_Dupli,complete,"965 [A, B, C, D, E, F, G, I, H]"
10548,10548,D,artificial,D_Dupli,complete,"965 [A, B, C, D, E, F, G, I, H]"
10549,10549,E,artificial,D_Dupli,complete,"965 [A, B, C, D, E, F, G, I, H]"
10550,10550,F,artificial,F,complete,"965 [A, B, C, D, E, F, G, I, H]"
10551,10551,G,artificial,G,complete,"965 [A, B, C, D, E, F, G, I, H]"
10552,10552,A,artificial,A,complete,"965 [A, B, C, D, E, F, G, I, H]"
10553,10553,H,artificial,H,complete,"965 [A, B, C, D, E, F, G, I, H]"
10554,10554,B,artificial,D_Dupli,complete,"966 [A, B, D, E, C, F, G, I, H]"
10555,10555,A,artificial,A,complete,"966 [A, B, D, E, C, F, G, I, H]"
10556,10556,H,artificial,H,complete,"966 [A, B, D, E, C, F, G, I, H]"
10557,10557,I,artificial,I,complete,"966 [A, B, D, E, C, F, G, I, H]"
10558,10558,F,artificial,F,complete,"966 [A, B, D, E, C, F, G, I, H]"
10559,10559,C,artificial,D_Dupli,complete,"966 [A, B, D, E, C, F, G, I, H]"
10560,10560,E,artificial,D_Dupli,complete,"966 [A, B, D, E, C, F, G, I, H]"
10561,10561,D,artificial,D_Dupli,complete,"966 [A, B, D, E, C, F, G, I, H]"
10562,10562,G,artificial,G,complete,"966 [A, B, D, E, C, F, G, I, H]"
10563,10563,B,artificial,D_Dupli,complete,"967 [B, A, E, C, D, F, G, H, I]"
10564,10564,E,artificial,D_Dupli,complete,"967 [B, A, E, C, D, F, G, H, I]"
10565,10565,C,artificial,D_Dupli,complete,"967 [B, A, E, C, D, F, G, H, I]"
10566,10566,D,artificial,D_Dupli,complete,"967 [B, A, E, C, D, F, G, H, I]"
10567,10567,F,artificial,F,complete,"967 [B, A, E, C, D, F, G, H, I]"
10568,10568,H,artificial,H,complete,"967 [B, A, E, C, D, F, G, H, I]"
10569,10569,I,artificial,I,complete,"967 [B, A, E, C, D, F, G, H, I]"
10570,10570,A,artificial,A,complete,"967 [B, A, E, C, D, F, G, H, I]"
10571,10571,G,artificial,G,complete,"967 [B, A, E, C, D, F, G, H, I]"
10572,10572,F,artificial,F,complete,"968 [B, A, C, E, D, F, G, I, H, J, K, L, J, K, F, G, I, H]"
10573,10573,B,artificial,D_Dupli,complete,"968 [B, A, C, E, D, F, G, I, H, J, K, L, J, K, F, G, I, H]"
10574,10574,A,artificial,A,complete,"968 [B, A, C, E, D, F, G, I, H, J, K, L, J, K, F, G, I, H]"
10575,10575,C,artificial,D_Dupli,complete,"968 [B, A, C, E, D, F, G, I, H, J, K, L, J, K, F, G, I, H]"
10576,10576,E,artificial,D_Dupli,complete,"968 [B, A, C, E, D, F, G, I, H, J, K, L, J, K, F, G, I, H]"
10577,10577,D,artificial,D_Dupli,complete,"968 [B, A, C, E, D, F, G, I, H, J, K, L, J, K, F, G, I, H]"
10578,10578,G,artificial,G,complete,"968 [B, A, C, E, D, F, G, I, H, J, K, L, J, K, F, G, I, H]"
10579,10579,I,artificial,I,complete,"968 [B, A, C, E, D, F, G, I, H, J, K, L, J, K, F, G, I, H]"
10580,10580,H,artificial,H,complete,"968 [B, A, C, E, D, F, G, I, H, J, K, L, J, K, F, G, I, H]"
10581,10581,K,artificial,K,complete,"968 [B, A, C, E, D, F, G, I, H, J, K, L, J, K, F, G, I, H]"
10582,10582,L,artificial,L,complete,"968 [B, A, C, E, D, F, G, I, H, J, K, L, J, K, F, G, I, H]"
10583,10583,J,artificial,J,complete,"968 [B, A, C, E, D, F, G, I, H, J, K, L, J, K, F, G, I, H]"
10584,10584,K,artificial,K,complete,"968 [B, A, C, E, D, F, G, I, H, J, K, L, J, K, F, G, I, H]"
10585,10585,F,artificial,F,complete,"968 [B, A, C, E, D, F, G, I, H, J, K, L, J, K, F, G, I, H]"
10586,10586,G,artificial,G,complete,"968 [B, A, C, E, D, F, G, I, H, J, K, L, J, K, F, G, I, H]"
10587,10587,I,artificial,I,complete,"968 [B, A, C, E, D, F, G, I, H, J, K, L, J, K, F, G, I, H]"
10588,10588,J,artificial,J,complete,"968 [B, A, C, E, D, F, G, I, H, J, K, L, J, K, F, G, I, H]"
10589,10589,H,artificial,H,complete,"968 [B, A, C, E, D, F, G, I, H, J, K, L, J, K, F, G, I, H]"
10590,10590,E,artificial,D_Dupli,complete,"969 [B, A, E, C, D, F, G, H, I]"
10591,10591,A,artificial,A,complete,"969 [B, A, E, C, D, F, G, H, I]"
10592,10592,B,artificial,D_Dupli,complete,"969 [B, A, E, C, D, F, G, H, I]"
10593,10593,I,artificial,I,complete,"969 [B, A, E, C, D, F, G, H, I]"
10594,10594,C,artificial,D_Dupli,complete,"969 [B, A, E, C, D, F, G, H, I]"
10595,10595,H,artificial,H,complete,"969 [B, A, E, C, D, F, G, H, I]"
10596,10596,G,artificial,G,complete,"969 [B, A, E, C, D, F, G, H, I]"
10597,10597,F,artificial,F,complete,"969 [B, A, E, C, D, F, G, H, I]"
10598,10598,D,artificial,D_Dupli,complete,"969 [B, A, E, C, D, F, G, H, I]"
10599,10599,I,artificial,I,complete,"97 [A, B, E, C, D, F, G, H, I]"
10600,10600,D,artificial,D_Dupli,complete,"97 [A, B, E, C, D, F, G, H, I]"
10601,10601,A,artificial,A,complete,"97 [A, B, E, C, D, F, G, H, I]"
10602,10602,H,artificial,H,complete,"97 [A, B, E, C, D, F, G, H, I]"
10603,10603,F,artificial,F,complete,"97 [A, B, E, C, D, F, G, H, I]"
10604,10604,C,artificial,D_Dupli,complete,"97 [A, B, E, C, D, F, G, H, I]"
10605,10605,G,artificial,G,complete,"97 [A, B, E, C, D, F, G, H, I]"
10606,10606,B,artificial,D_Dupli,complete,"97 [A, B, E, C, D, F, G, H, I]"
10607,10607,E,artificial,D_Dupli,complete,"97 [A, B, E, C, D, F, G, H, I]"
10608,10608,B,artificial,D_Dupli,complete,"970 [B, A, E, D, C, F, G, I, H, J, K, F, G, H, I]"
10609,10609,A,artificial,A,complete,"970 [B, A, E, D, C, F, G, I, H, J, K, F, G, H, I]"
10610,10610,E,artificial,D_Dupli,complete,"970 [B, A, E, D, C, F, G, I, H, J, K, F, G, H, I]"
10611,10611,C,artificial,D_Dupli,complete,"970 [B, A, E, D, C, F, G, I, H, J, K, F, G, H, I]"
10612,10612,F,artificial,F,complete,"970 [B, A, E, D, C, F, G, I, H, J, K, F, G, H, I]"
10613,10613,G,artificial,G,complete,"970 [B, A, E, D, C, F, G, I, H, J, K, F, G, H, I]"
10614,10614,I,artificial,I,complete,"970 [B, A, E, D, C, F, G, I, H, J, K, F, G, H, I]"
10615,10615,H,artificial,H,complete,"970 [B, A, E, D, C, F, G, I, H, J, K, F, G, H, I]"
10616,10616,J,artificial,J,complete,"970 [B, A, E, D, C, F, G, I, H, J, K, F, G, H, I]"
10617,10617,D,artificial,D_Dupli,complete,"970 [B, A, E, D, C, F, G, I, H, J, K, F, G, H, I]"
10618,10618,I,artificial,I,complete,"970 [B, A, E, D, C, F, G, I, H, J, K, F, G, H, I]"
10619,10619,G,artificial,G,complete,"970 [B, A, E, D, C, F, G, I, H, J, K, F, G, H, I]"
10620,10620,H,artificial,H,complete,"970 [B, A, E, D, C, F, G, I, H, J, K, F, G, H, I]"
10621,10621,K,artificial,K,complete,"970 [B, A, E, D, C, F, G, I, H, J, K, F, G, H, I]"
10622,10622,F,artificial,F,complete,"970 [B, A, E, D, C, F, G, I, H, J, K, F, G, H, I]"
10623,10623,I,artificial,I,complete,"971 [A, B, C, D, E, F, G, H, I]"
10624,10624,G,artificial,G,complete,"971 [A, B, C, D, E, F, G, H, I]"
10625,10625,F,artificial,F,complete,"971 [A, B, C, D, E, F, G, H, I]"
10626,10626,E,artificial,D_Dupli,complete,"971 [A, B, C, D, E, F, G, H, I]"
10627,10627,D,artificial,D_Dupli,complete,"971 [A, B, C, D, E, F, G, H, I]"
10628,10628,C,artificial,D_Dupli,complete,"971 [A, B, C, D, E, F, G, H, I]"
10629,10629,B,artificial,D_Dupli,complete,"971 [A, B, C, D, E, F, G, H, I]"
10630,10630,A,artificial,A,complete,"971 [A, B, C, D, E, F, G, H, I]"
10631,10631,H,artificial,H,complete,"971 [A, B, C, D, E, F, G, H, I]"
10632,10632,C,artificial,D_Dupli,complete,"972 [B, A, E, C, D, F, G, I, H]"
10633,10633,E,artificial,D_Dupli,complete,"972 [B, A, E, C, D, F, G, I, H]"
10634,10634,A,artificial,A,complete,"972 [B, A, E, C, D, F, G, I, H]"
10635,10635,B,artificial,D_Dupli,complete,"972 [B, A, E, C, D, F, G, I, H]"
10636,10636,F,artificial,F,complete,"972 [B, A, E, C, D, F, G, I, H]"
10637,10637,D,artificial,D_Dupli,complete,"972 [B, A, E, C, D, F, G, I, H]"
10638,10638,I,artificial,I,complete,"972 [B, A, E, C, D, F, G, I, H]"
10639,10639,H,artificial,H,complete,"972 [B, A, E, C, D, F, G, I, H]"
10640,10640,G,artificial,G,complete,"972 [B, A, E, C, D, F, G, I, H]"
10641,10641,H,artificial,H,complete,"973 [A, B, D, C, E, F, G, I, H]"
10642,10642,I,artificial,I,complete,"973 [A, B, D, C, E, F, G, I, H]"
10643,10643,F,artificial,F,complete,"973 [A, B, D, C, E, F, G, I, H]"
10644,10644,G,artificial,G,complete,"973 [A, B, D, C, E, F, G, I, H]"
10645,10645,C,artificial,D_Dupli,complete,"973 [A, B, D, C, E, F, G, I, H]"
10646,10646,D,artificial,D_Dupli,complete,"973 [A, B, D, C, E, F, G, I, H]"
10647,10647,B,artificial,D_Dupli,complete,"973 [A, B, D, C, E, F, G, I, H]"
10648,10648,A,artificial,A,complete,"973 [A, B, D, C, E, F, G, I, H]"
10649,10649,E,artificial,D_Dupli,complete,"973 [A, B, D, C, E, F, G, I, H]"
10650,10650,A,artificial,A,complete,"974 [B, A, E, D, C, F, G, H, I]"
10651,10651,D,artificial,D_Dupli,complete,"974 [B, A, E, D, C, F, G, H, I]"
10652,10652,C,artificial,D_Dupli,complete,"974 [B, A, E, D, C, F, G, H, I]"
10653,10653,F,artificial,F,complete,"974 [B, A, E, D, C, F, G, H, I]"
10654,10654,G,artificial,G,complete,"974 [B, A, E, D, C, F, G, H, I]"
10655,10655,H,artificial,H,complete,"974 [B, A, E, D, C, F, G, H, I]"
10656,10656,I,artificial,I,complete,"974 [B, A, E, D, C, F, G, H, I]"
10657,10657,B,artificial,D_Dupli,complete,"974 [B, A, E, D, C, F, G, H, I]"
10658,10658,E,artificial,D_Dupli,complete,"974 [B, A, E, D, C, F, G, H, I]"
10659,10659,H,artificial,H,complete,"975 [A, B, D, E, C, F, G, I, H]"
10660,10660,I,artificial,I,complete,"975 [A, B, D, E, C, F, G, I, H]"
10661,10661,G,artificial,G,complete,"975 [A, B, D, E, C, F, G, I, H]"
10662,10662,F,artificial,F,complete,"975 [A, B, D, E, C, F, G, I, H]"
10663,10663,C,artificial,D_Dupli,complete,"975 [A, B, D, E, C, F, G, I, H]"
10664,10664,E,artificial,D_Dupli,complete,"975 [A, B, D, E, C, F, G, I, H]"
10665,10665,D,artificial,D_Dupli,complete,"975 [A, B, D, E, C, F, G, I, H]"
10666,10666,B,artificial,D_Dupli,complete,"975 [A, B, D, E, C, F, G, I, H]"
10667,10667,A,artificial,A,complete,"975 [A, B, D, E, C, F, G, I, H]"
10668,10668,D,artificial,D_Dupli,complete,"976 [B, A, E, D, C, F, G, H, I]"
10669,10669,E,artificial,D_Dupli,complete,"976 [B, A, E, D, C, F, G, H, I]"
10670,10670,A,artificial,A,complete,"976 [B, A, E, D, C, F, G, H, I]"
10671,10671,B,artificial,D_Dupli,complete,"976 [B, A, E, D, C, F, G, H, I]"
10672,10672,G,artificial,G,complete,"976 [B, A, E, D, C, F, G, H, I]"
10673,10673,H,artificial,H,complete,"976 [B, A, E, D, C, F, G, H, I]"
10674,10674,C,artificial,D_Dupli,complete,"976 [B, A, E, D, C, F, G, H, I]"
10675,10675,I,artificial,I,complete,"976 [B, A, E, D, C, F, G, H, I]"
10676,10676,F,artificial,F,complete,"976 [B, A, E, D, C, F, G, H, I]"
10677,10677,B,artificial,D_Dupli,complete,"977 [A, B, C, E, D, F, G, I, H, J, K, L, J, K, F, G, I, H]"
10678,10678,C,artificial,D_Dupli,complete,"977 [A, B, C, E, D, F, G, I, H, J, K, L, J, K, F, G, I, H]"
10679,10679,E,artificial,D_Dupli,complete,"977 [A, B, C, E, D, F, G, I, H, J, K, L, J, K, F, G, I, H]"
10680,10680,D,artificial,D_Dupli,complete,"977 [A, B, C, E, D, F, G, I, H, J, K, L, J, K, F, G, I, H]"
10681,10681,F,artificial,F,complete,"977 [A, B, C, E, D, F, G, I, H, J, K, L, J, K, F, G, I, H]"
10682,10682,G,artificial,G,complete,"977 [A, B, C, E, D, F, G, I, H, J, K, L, J, K, F, G, I, H]"
10683,10683,I,artificial,I,complete,"977 [A, B, C, E, D, F, G, I, H, J, K, L, J, K, F, G, I, H]"
10684,10684,H,artificial,H,complete,"977 [A, B, C, E, D, F, G, I, H, J, K, L, J, K, F, G, I, H]"
10685,10685,J,artificial,J,complete,"977 [A, B, C, E, D, F, G, I, H, J, K, L, J, K, F, G, I, H]"
10686,10686,K,artificial,K,complete,"977 [A, B, C, E, D, F, G, I, H, J, K, L, J, K, F, G, I, H]"
10687,10687,L,artificial,L,complete,"977 [A, B, C, E, D, F, G, I, H, J, K, L, J, K, F, G, I, H]"
10688,10688,J,artificial,J,complete,"977 [A, B, C, E, D, F, G, I, H, J, K, L, J, K, F, G, I, H]"
10689,10689,K,artificial,K,complete,"977 [A, B, C, E, D, F, G, I, H, J, K, L, J, K, F, G, I, H]"
10690,10690,F,artificial,F,complete,"977 [A, B, C, E, D, F, G, I, H, J, K, L, J, K, F, G, I, H]"
10691,10691,A,artificial,A,complete,"977 [A, B, C, E, D, F, G, I, H, J, K, L, J, K, F, G, I, H]"
10692,10692,I,artificial,I,complete,"977 [A, B, C, E, D, F, G, I, H, J, K, L, J, K, F, G, I, H]"
10693,10693,H,artificial,H,complete,"977 [A, B, C, E, D, F, G, I, H, J, K, L, J, K, F, G, I, H]"
10694,10694,G,artificial,G,complete,"977 [A, B, C, E, D, F, G, I, H, J, K, L, J, K, F, G, I, H]"
10695,10695,I,artificial,I,complete,"978 [A, B, C, E, D, F, G, I, H]"
10696,10696,G,artificial,G,complete,"978 [A, B, C, E, D, F, G, I, H]"
10697,10697,F,artificial,F,complete,"978 [A, B, C, E, D, F, G, I, H]"
10698,10698,H,artificial,H,complete,"978 [A, B, C, E, D, F, G, I, H]"
10699,10699,E,artificial,D_Dupli,complete,"978 [A, B, C, E, D, F, G, I, H]"
10700,10700,C,artificial,D_Dupli,complete,"978 [A, B, C, E, D, F, G, I, H]"
10701,10701,B,artificial,D_Dupli,complete,"978 [A, B, C, E, D, F, G, I, H]"
10702,10702,A,artificial,A,complete,"978 [A, B, C, E, D, F, G, I, H]"
10703,10703,D,artificial,D_Dupli,complete,"978 [A, B, C, E, D, F, G, I, H]"
10704,10704,A,artificial,A,complete,"979 [B, A, E, D, C, F, G, H, I]"
10705,10705,E,artificial,D_Dupli,complete,"979 [B, A, E, D, C, F, G, H, I]"
10706,10706,D,artificial,D_Dupli,complete,"979 [B, A, E, D, C, F, G, H, I]"
10707,10707,F,artificial,F,complete,"979 [B, A, E, D, C, F, G, H, I]"
10708,10708,G,artificial,G,complete,"979 [B, A, E, D, C, F, G, H, I]"
10709,10709,H,artificial,H,complete,"979 [B, A, E, D, C, F, G, H, I]"
10710,10710,I,artificial,I,complete,"979 [B, A, E, D, C, F, G, H, I]"
10711,10711,B,artificial,D_Dupli,complete,"979 [B, A, E, D, C, F, G, H, I]"
10712,10712,C,artificial,D_Dupli,complete,"979 [B, A, E, D, C, F, G, H, I]"
10713,10713,H,artificial,H,complete,"98 [A, B, D, C, E, F, G, I, H]"
10714,10714,I,artificial,I,complete,"98 [A, B, D, C, E, F, G, I, H]"
10715,10715,G,artificial,G,complete,"98 [A, B, D, C, E, F, G, I, H]"
10716,10716,E,artificial,D_Dupli,complete,"98 [A, B, D, C, E, F, G, I, H]"
10717,10717,C,artificial,D_Dupli,complete,"98 [A, B, D, C, E, F, G, I, H]"
10718,10718,F,artificial,F,complete,"98 [A, B, D, C, E, F, G, I, H]"
10719,10719,D,artificial,D_Dupli,complete,"98 [A, B, D, C, E, F, G, I, H]"
10720,10720,B,artificial,D_Dupli,complete,"98 [A, B, D, C, E, F, G, I, H]"
10721,10721,A,artificial,A,complete,"98 [A, B, D, C, E, F, G, I, H]"
10722,10722,H,artificial,H,complete,"980 [A, B, C, E, D, F, G, I, H]"
10723,10723,A,artificial,A,complete,"980 [A, B, C, E, D, F, G, I, H]"
10724,10724,I,artificial,I,complete,"980 [A, B, C, E, D, F, G, I, H]"
10725,10725,G,artificial,G,complete,"980 [A, B, C, E, D, F, G, I, H]"
10726,10726,F,artificial,F,complete,"980 [A, B, C, E, D, F, G, I, H]"
10727,10727,D,artificial,D_Dupli,complete,"980 [A, B, C, E, D, F, G, I, H]"
10728,10728,E,artificial,D_Dupli,complete,"980 [A, B, C, E, D, F, G, I, H]"
10729,10729,C,artificial,D_Dupli,complete,"980 [A, B, C, E, D, F, G, I, H]"
10730,10730,B,artificial,D_Dupli,complete,"980 [A, B, C, E, D, F, G, I, H]"
10731,10731,H,artificial,H,complete,"981 [B, A, D, E, C, F, G, H, I, J, K, L, J, K, F, G, H, I]"
10732,10732,J,artificial,J,complete,"981 [B, A, D, E, C, F, G, H, I, J, K, L, J, K, F, G, H, I]"
10733,10733,I,artificial,I,complete,"981 [B, A, D, E, C, F, G, H, I, J, K, L, J, K, F, G, H, I]"
10734,10734,L,artificial,L,complete,"981 [B, A, D, E, C, F, G, H, I, J, K, L, J, K, F, G, H, I]"
10735,10735,G,artificial,G,complete,"981 [B, A, D, E, C, F, G, H, I, J, K, L, J, K, F, G, H, I]"
10736,10736,J,artificial,J,complete,"981 [B, A, D, E, C, F, G, H, I, J, K, L, J, K, F, G, H, I]"
10737,10737,K,artificial,K,complete,"981 [B, A, D, E, C, F, G, H, I, J, K, L, J, K, F, G, H, I]"
10738,10738,F,artificial,F,complete,"981 [B, A, D, E, C, F, G, H, I, J, K, L, J, K, F, G, H, I]"
10739,10739,G,artificial,G,complete,"981 [B, A, D, E, C, F, G, H, I, J, K, L, J, K, F, G, H, I]"
10740,10740,H,artificial,H,complete,"981 [B, A, D, E, C, F, G, H, I, J, K, L, J, K, F, G, H, I]"
10741,10741,I,artificial,I,complete,"981 [B, A, D, E, C, F, G, H, I, J, K, L, J, K, F, G, H, I]"
10742,10742,K,artificial,K,complete,"981 [B, A, D, E, C, F, G, H, I, J, K, L, J, K, F, G, H, I]"
10743,10743,F,artificial,F,complete,"981 [B, A, D, E, C, F, G, H, I, J, K, L, J, K, F, G, H, I]"
10744,10744,E,artificial,D_Dupli,complete,"981 [B, A, D, E, C, F, G, H, I, J, K, L, J, K, F, G, H, I]"
10745,10745,D,artificial,D_Dupli,complete,"981 [B, A, D, E, C, F, G, H, I, J, K, L, J, K, F, G, H, I]"
10746,10746,A,artificial,A,complete,"981 [B, A, D, E, C, F, G, H, I, J, K, L, J, K, F, G, H, I]"
10747,10747,B,artificial,D_Dupli,complete,"981 [B, A, D, E, C, F, G, H, I, J, K, L, J, K, F, G, H, I]"
10748,10748,C,artificial,D_Dupli,complete,"981 [B, A, D, E, C, F, G, H, I, J, K, L, J, K, F, G, H, I]"
10749,10749,B,artificial,D_Dupli,complete,"982 [A, B, E, C, D, F, G, H, I]"
10750,10750,E,artificial,D_Dupli,complete,"982 [A, B, E, C, D, F, G, H, I]"
10751,10751,A,artificial,A,complete,"982 [A, B, E, C, D, F, G, H, I]"
10752,10752,F,artificial,F,complete,"982 [A, B, E, C, D, F, G, H, I]"
10753,10753,G,artificial,G,complete,"982 [A, B, E, C, D, F, G, H, I]"
10754,10754,H,artificial,H,complete,"982 [A, B, E, C, D, F, G, H, I]"
10755,10755,D,artificial,D_Dupli,complete,"982 [A, B, E, C, D, F, G, H, I]"
10756,10756,C,artificial,D_Dupli,complete,"982 [A, B, E, C, D, F, G, H, I]"
10757,10757,I,artificial,I,complete,"982 [A, B, E, C, D, F, G, H, I]"
10758,10758,B,artificial,D_Dupli,complete,"983 [A, B, C, E, D, F, G, H, I]"
10759,10759,C,artificial,D_Dupli,complete,"983 [A, B, C, E, D, F, G, H, I]"
10760,10760,E,artificial,D_Dupli,complete,"983 [A, B, C, E, D, F, G, H, I]"
10761,10761,D,artificial,D_Dupli,complete,"983 [A, B, C, E, D, F, G, H, I]"
10762,10762,A,artificial,A,complete,"983 [A, B, C, E, D, F, G, H, I]"
10763,10763,F,artificial,F,complete,"983 [A, B, C, E, D, F, G, H, I]"
10764,10764,I,artificial,I,complete,"983 [A, B, C, E, D, F, G, H, I]"
10765,10765,H,artificial,H,complete,"983 [A, B, C, E, D, F, G, H, I]"
10766,10766,G,artificial,G,complete,"983 [A, B, C, E, D, F, G, H, I]"
10767,10767,F,artificial,F,complete,"984 [A, B, C, E, D, F, G, H, I]"
10768,10768,D,artificial,D_Dupli,complete,"984 [A, B, C, E, D, F, G, H, I]"
10769,10769,E,artificial,D_Dupli,complete,"984 [A, B, C, E, D, F, G, H, I]"
10770,10770,C,artificial,D_Dupli,complete,"984 [A, B, C, E, D, F, G, H, I]"
10771,10771,B,artificial,D_Dupli,complete,"984 [A, B, C, E, D, F, G, H, I]"
10772,10772,A,artificial,A,complete,"984 [A, B, C, E, D, F, G, H, I]"
10773,10773,G,artificial,G,complete,"984 [A, B, C, E, D, F, G, H, I]"
10774,10774,I,artificial,I,complete,"984 [A, B, C, E, D, F, G, H, I]"
10775,10775,H,artificial,H,complete,"984 [A, B, C, E, D, F, G, H, I]"
10776,10776,H,artificial,H,complete,"985 [A, B, C, E, D, F, G, H, I]"
10777,10777,G,artificial,G,complete,"985 [A, B, C, E, D, F, G, H, I]"
10778,10778,A,artificial,A,complete,"985 [A, B, C, E, D, F, G, H, I]"
10779,10779,I,artificial,I,complete,"985 [A, B, C, E, D, F, G, H, I]"
10780,10780,F,artificial,F,complete,"985 [A, B, C, E, D, F, G, H, I]"
10781,10781,D,artificial,D_Dupli,complete,"985 [A, B, C, E, D, F, G, H, I]"
10782,10782,E,artificial,D_Dupli,complete,"985 [A, B, C, E, D, F, G, H, I]"
10783,10783,B,artificial,D_Dupli,complete,"985 [A, B, C, E, D, F, G, H, I]"
10784,10784,C,artificial,D_Dupli,complete,"985 [A, B, C, E, D, F, G, H, I]"
10785,10785,C,artificial,D_Dupli,complete,"986 [A, B, E, C, D, F, G, I, H]"
10786,10786,H,artificial,H,complete,"986 [A, B, E, C, D, F, G, I, H]"
10787,10787,I,artificial,I,complete,"986 [A, B, E, C, D, F, G, I, H]"
10788,10788,B,artificial,D_Dupli,complete,"986 [A, B, E, C, D, F, G, I, H]"
10789,10789,G,artificial,G,complete,"986 [A, B, E, C, D, F, G, I, H]"
10790,10790,F,artificial,F,complete,"986 [A, B, E, C, D, F, G, I, H]"
10791,10791,D,artificial,D_Dupli,complete,"986 [A, B, E, C, D, F, G, I, H]"
10792,10792,E,artificial,D_Dupli,complete,"986 [A, B, E, C, D, F, G, I, H]"
10793,10793,A,artificial,A,complete,"986 [A, B, E, C, D, F, G, I, H]"
10794,10794,A,artificial,A,complete,"987 [A, B, D, C, E, F, G, H, I]"
10795,10795,F,artificial,F,complete,"987 [A, B, D, C, E, F, G, H, I]"
10796,10796,I,artificial,I,complete,"987 [A, B, D, C, E, F, G, H, I]"
10797,10797,H,artificial,H,complete,"987 [A, B, D, C, E, F, G, H, I]"
10798,10798,C,artificial,D_Dupli,complete,"987 [A, B, D, C, E, F, G, H, I]"
10799,10799,B,artificial,D_Dupli,complete,"987 [A, B, D, C, E, F, G, H, I]"
10800,10800,G,artificial,G,complete,"987 [A, B, D, C, E, F, G, H, I]"
10801,10801,E,artificial,D_Dupli,complete,"987 [A, B, D, C, E, F, G, H, I]"
10802,10802,D,artificial,D_Dupli,complete,"987 [A, B, D, C, E, F, G, H, I]"
10803,10803,E,artificial,D_Dupli,complete,"988 [A, B, E, D, C, F, G, H, I]"
10804,10804,B,artificial,D_Dupli,complete,"988 [A, B, E, D, C, F, G, H, I]"
10805,10805,A,artificial,A,complete,"988 [A, B, E, D, C, F, G, H, I]"
10806,10806,C,artificial,D_Dupli,complete,"988 [A, B, E, D, C, F, G, H, I]"
10807,10807,H,artificial,H,complete,"988 [A, B, E, D, C, F, G, H, I]"
10808,10808,G,artificial,G,complete,"988 [A, B, E, D, C, F, G, H, I]"
10809,10809,I,artificial,I,complete,"988 [A, B, E, D, C, F, G, H, I]"
10810,10810,D,artificial,D_Dupli,complete,"988 [A, B, E, D, C, F, G, H, I]"
10811,10811,F,artificial,F,complete,"988 [A, B, E, D, C, F, G, H, I]"
10812,10812,B,artificial,D_Dupli,complete,"989 [B, A, D, E, C, F, G, H, I, N, O, M, F, G, H, I]"
10813,10813,A,artificial,A,complete,"989 [B, A, D, E, C, F, G, H, I, N, O, M, F, G, H, I]"
10814,10814,D,artificial,D_Dupli,complete,"989 [B, A, D, E, C, F, G, H, I, N, O, M, F, G, H, I]"
10815,10815,C,artificial,D_Dupli,complete,"989 [B, A, D, E, C, F, G, H, I, N, O, M, F, G, H, I]"
10816,10816,E,artificial,D_Dupli,complete,"989 [B, A, D, E, C, F, G, H, I, N, O, M, F, G, H, I]"
10817,10817,H,artificial,H,complete,"989 [B, A, D, E, C, F, G, H, I, N, O, M, F, G, H, I]"
10818,10818,I,artificial,I,complete,"989 [B, A, D, E, C, F, G, H, I, N, O, M, F, G, H, I]"
10819,10819,F,artificial,F,complete,"989 [B, A, D, E, C, F, G, H, I, N, O, M, F, G, H, I]"
10820,10820,H,artificial,H,complete,"989 [B, A, D, E, C, F, G, H, I, N, O, M, F, G, H, I]"
10821,10821,N,artificial,N,complete,"989 [B, A, D, E, C, F, G, H, I, N, O, M, F, G, H, I]"
10822,10822,O,artificial,O,complete,"989 [B, A, D, E, C, F, G, H, I, N, O, M, F, G, H, I]"
10823,10823,M,artificial,M,complete,"989 [B, A, D, E, C, F, G, H, I, N, O, M, F, G, H, I]"
10824,10824,F,artificial,F,complete,"989 [B, A, D, E, C, F, G, H, I, N, O, M, F, G, H, I]"
10825,10825,G,artificial,G,complete,"989 [B, A, D, E, C, F, G, H, I, N, O, M, F, G, H, I]"
10826,10826,I,artificial,I,complete,"989 [B, A, D, E, C, F, G, H, I, N, O, M, F, G, H, I]"
10827,10827,G,artificial,G,complete,"989 [B, A, D, E, C, F, G, H, I, N, O, M, F, G, H, I]"
10828,10828,I,artificial,I,complete,"99 [B, A, D, C, E, F, G, I, H]"
10829,10829,H,artificial,H,complete,"99 [B, A, D, C, E, F, G, I, H]"
10830,10830,B,artificial,D_Dupli,complete,"99 [B, A, D, C, E, F, G, I, H]"
10831,10831,A,artificial,A,complete,"99 [B, A, D, C, E, F, G, I, H]"
10832,10832,D,artificial,D_Dupli,complete,"99 [B, A, D, C, E, F, G, I, H]"
10833,10833,C,artificial,D_Dupli,complete,"99 [B, A, D, C, E, F, G, I, H]"
10834,10834,E,artificial,D_Dupli,complete,"99 [B, A, D, C, E, F, G, I, H]"
10835,10835,F,artificial,F,complete,"99 [B, A, D, C, E, F, G, I, H]"
10836,10836,G,artificial,G,complete,"99 [B, A, D, C, E, F, G, I, H]"
10837,10837,I,artificial,I,complete,"990 [B, A, E, D, C, F, G, H, I]"
10838,10838,G,artificial,G,complete,"990 [B, A, E, D, C, F, G, H, I]"
10839,10839,F,artificial,F,complete,"990 [B, A, E, D, C, F, G, H, I]"
10840,10840,C,artificial,D_Dupli,complete,"990 [B, A, E, D, C, F, G, H, I]"
10841,10841,H,artificial,H,complete,"990 [B, A, E, D, C, F, G, H, I]"
10842,10842,E,artificial,D_Dupli,complete,"990 [B, A, E, D, C, F, G, H, I]"
10843,10843,A,artificial,A,complete,"990 [B, A, E, D, C, F, G, H, I]"
10844,10844,B,artificial,D_Dupli,complete,"990 [B, A, E, D, C, F, G, H, I]"
10845,10845,D,artificial,D_Dupli,complete,"990 [B, A, E, D, C, F, G, H, I]"
10846,10846,H,artificial,H,complete,"991 [B, A, C, E, D, F, G, I, H]"
10847,10847,I,artificial,I,complete,"991 [B, A, C, E, D, F, G, I, H]"
10848,10848,G,artificial,G,complete,"991 [B, A, C, E, D, F, G, I, H]"
10849,10849,D,artificial,D_Dupli,complete,"991 [B, A, C, E, D, F, G, I, H]"
10850,10850,F,artificial,F,complete,"991 [B, A, C, E, D, F, G, I, H]"
10851,10851,C,artificial,D_Dupli,complete,"991 [B, A, C, E, D, F, G, I, H]"
10852,10852,A,artificial,A,complete,"991 [B, A, C, E, D, F, G, I, H]"
10853,10853,B,artificial,D_Dupli,complete,"991 [B, A, C, E, D, F, G, I, H]"
10854,10854,E,artificial,D_Dupli,complete,"991 [B, A, C, E, D, F, G, I, H]"
10855,10855,I,artificial,I,complete,"992 [A, B, D, E, C, F, G, I, H, N, M, O, F, G, I, H, N, M, O, F, G, H, I, J, K, F, G, I, H]"
10856,10856,O,artificial,O,complete,"992 [A, B, D, E, C, F, G, I, H, N, M, O, F, G, I, H, N, M, O, F, G, H, I, J, K, F, G, I, H]"
10857,10857,F,artificial,F,complete,"992 [A, B, D, E, C, F, G, I, H, N, M, O, F, G, I, H, N, M, O, F, G, H, I, J, K, F, G, I, H]"
10858,10858,G,artificial,G,complete,"992 [A, B, D, E, C, F, G, I, H, N, M, O, F, G, I, H, N, M, O, F, G, H, I, J, K, F, G, I, H]"
10859,10859,H,artificial,H,complete,"992 [A, B, D, E, C, F, G, I, H, N, M, O, F, G, I, H, N, M, O, F, G, H, I, J, K, F, G, I, H]"
10860,10860,M,artificial,M,complete,"992 [A, B, D, E, C, F, G, I, H, N, M, O, F, G, I, H, N, M, O, F, G, H, I, J, K, F, G, I, H]"
10861,10861,F,artificial,F,complete,"992 [A, B, D, E, C, F, G, I, H, N, M, O, F, G, I, H, N, M, O, F, G, H, I, J, K, F, G, I, H]"
10862,10862,K,artificial,K,complete,"992 [A, B, D, E, C, F, G, I, H, N, M, O, F, G, I, H, N, M, O, F, G, H, I, J, K, F, G, I, H]"
10863,10863,F,artificial,F,complete,"992 [A, B, D, E, C, F, G, I, H, N, M, O, F, G, I, H, N, M, O, F, G, H, I, J, K, F, G, I, H]"
10864,10864,G,artificial,G,complete,"992 [A, B, D, E, C, F, G, I, H, N, M, O, F, G, I, H, N, M, O, F, G, H, I, J, K, F, G, I, H]"
10865,10865,I,artificial,I,complete,"992 [A, B, D, E, C, F, G, I, H, N, M, O, F, G, I, H, N, M, O, F, G, H, I, J, K, F, G, I, H]"
10866,10866,H,artificial,H,complete,"992 [A, B, D, E, C, F, G, I, H, N, M, O, F, G, I, H, N, M, O, F, G, H, I, J, K, F, G, I, H]"
10867,10867,N,artificial,N,complete,"992 [A, B, D, E, C, F, G, I, H, N, M, O, F, G, I, H, N, M, O, F, G, H, I, J, K, F, G, I, H]"
10868,10868,J,artificial,J,complete,"992 [A, B, D, E, C, F, G, I, H, N, M, O, F, G, I, H, N, M, O, F, G, H, I, J, K, F, G, I, H]"
10869,10869,H,artificial,H,complete,"992 [A, B, D, E, C, F, G, I, H, N, M, O, F, G, I, H, N, M, O, F, G, H, I, J, K, F, G, I, H]"
10870,10870,D,artificial,D_Dupli,complete,"992 [A, B, D, E, C, F, G, I, H, N, M, O, F, G, I, H, N, M, O, F, G, H, I, J, K, F, G, I, H]"
10871,10871,G,artificial,G,complete,"992 [A, B, D, E, C, F, G, I, H, N, M, O, F, G, I, H, N, M, O, F, G, H, I, J, K, F, G, I, H]"
10872,10872,F,artificial,F,complete,"992 [A, B, D, E, C, F, G, I, H, N, M, O, F, G, I, H, N, M, O, F, G, H, I, J, K, F, G, I, H]"
10873,10873,O,artificial,O,complete,"992 [A, B, D, E, C, F, G, I, H, N, M, O, F, G, I, H, N, M, O, F, G, H, I, J, K, F, G, I, H]"
10874,10874,M,artificial,M,complete,"992 [A, B, D, E, C, F, G, I, H, N, M, O, F, G, I, H, N, M, O, F, G, H, I, J, K, F, G, I, H]"
10875,10875,N,artificial,N,complete,"992 [A, B, D, E, C, F, G, I, H, N, M, O, F, G, I, H, N, M, O, F, G, H, I, J, K, F, G, I, H]"
10876,10876,H,artificial,H,complete,"992 [A, B, D, E, C, F, G, I, H, N, M, O, F, G, I, H, N, M, O, F, G, H, I, J, K, F, G, I, H]"
10877,10877,I,artificial,I,complete,"992 [A, B, D, E, C, F, G, I, H, N, M, O, F, G, I, H, N, M, O, F, G, H, I, J, K, F, G, I, H]"
10878,10878,G,artificial,G,complete,"992 [A, B, D, E, C, F, G, I, H, N, M, O, F, G, I, H, N, M, O, F, G, H, I, J, K, F, G, I, H]"
10879,10879,C,artificial,D_Dupli,complete,"992 [A, B, D, E, C, F, G, I, H, N, M, O, F, G, I, H, N, M, O, F, G, H, I, J, K, F, G, I, H]"
10880,10880,E,artificial,D_Dupli,complete,"992 [A, B, D, E, C, F, G, I, H, N, M, O, F, G, I, H, N, M, O, F, G, H, I, J, K, F, G, I, H]"
10881,10881,B,artificial,D_Dupli,complete,"992 [A, B, D, E, C, F, G, I, H, N, M, O, F, G, I, H, N, M, O, F, G, H, I, J, K, F, G, I, H]"
10882,10882,A,artificial,A,complete,"992 [A, B, D, E, C, F, G, I, H, N, M, O, F, G, I, H, N, M, O, F, G, H, I, J, K, F, G, I, H]"
10883,10883,I,artificial,I,complete,"992 [A, B, D, E, C, F, G, I, H, N, M, O, F, G, I, H, N, M, O, F, G, H, I, J, K, F, G, I, H]"
10884,10884,O,artificial,O,complete,"993 [B, A, D, C, E, F, G, H, I, M, N, O, F, G, I, H]"
10885,10885,N,artificial,N,complete,"993 [B, A, D, C, E, F, G, H, I, M, N, O, F, G, I, H]"
10886,10886,F,artificial,F,complete,"993 [B, A, D, C, E, F, G, H, I, M, N, O, F, G, I, H]"
10887,10887,G,artificial,G,complete,"993 [B, A, D, C, E, F, G, H, I, M, N, O, F, G, I, H]"
10888,10888,I,artificial,I,complete,"993 [B, A, D, C, E, F, G, H, I, M, N, O, F, G, I, H]"
10889,10889,H,artificial,H,complete,"993 [B, A, D, C, E, F, G, H, I, M, N, O, F, G, I, H]"
10890,10890,G,artificial,G,complete,"993 [B, A, D, C, E, F, G, H, I, M, N, O, F, G, I, H]"
10891,10891,M,artificial,M,complete,"993 [B, A, D, C, E, F, G, H, I, M, N, O, F, G, I, H]"
10892,10892,C,artificial,D_Dupli,complete,"993 [B, A, D, C, E, F, G, H, I, M, N, O, F, G, I, H]"
10893,10893,H,artificial,H,complete,"993 [B, A, D, C, E, F, G, H, I, M, N, O, F, G, I, H]"
10894,10894,B,artificial,D_Dupli,complete,"993 [B, A, D, C, E, F, G, H, I, M, N, O, F, G, I, H]"
10895,10895,A,artificial,A,complete,"993 [B, A, D, C, E, F, G, H, I, M, N, O, F, G, I, H]"
10896,10896,D,artificial,D_Dupli,complete,"993 [B, A, D, C, E, F, G, H, I, M, N, O, F, G, I, H]"
10897,10897,I,artificial,I,complete,"993 [B, A, D, C, E, F, G, H, I, M, N, O, F, G, I, H]"
10898,10898,E,artificial,D_Dupli,complete,"993 [B, A, D, C, E, F, G, H, I, M, N, O, F, G, I, H]"
10899,10899,F,artificial,F,complete,"993 [B, A, D, C, E, F, G, H, I, M, N, O, F, G, I, H]"
10900,10900,H,artificial,H,complete,"994 [B, A, C, E, D, F, G, I, H, O, N, M, F, G, I, H]"
10901,10901,I,artificial,I,complete,"994 [B, A, C, E, D, F, G, I, H, O, N, M, F, G, I, H]"
10902,10902,G,artificial,G,complete,"994 [B, A, C, E, D, F, G, I, H, O, N, M, F, G, I, H]"
10903,10903,F,artificial,F,complete,"994 [B, A, C, E, D, F, G, I, H, O, N, M, F, G, I, H]"
10904,10904,M,artificial,M,complete,"994 [B, A, C, E, D, F, G, I, H, O, N, M, F, G, I, H]"
10905,10905,N,artificial,N,complete,"994 [B, A, C, E, D, F, G, I, H, O, N, M, F, G, I, H]"
10906,10906,O,artificial,O,complete,"994 [B, A, C, E, D, F, G, I, H, O, N, M, F, G, I, H]"
10907,10907,H,artificial,H,complete,"994 [B, A, C, E, D, F, G, I, H, O, N, M, F, G, I, H]"
10908,10908,F,artificial,F,complete,"994 [B, A, C, E, D, F, G, I, H, O, N, M, F, G, I, H]"
10909,10909,D,artificial,D_Dupli,complete,"994 [B, A, C, E, D, F, G, I, H, O, N, M, F, G, I, H]"
10910,10910,E,artificial,D_Dupli,complete,"994 [B, A, C, E, D, F, G, I, H, O, N, M, F, G, I, H]"
10911,10911,C,artificial,D_Dupli,complete,"994 [B, A, C, E, D, F, G, I, H, O, N, M, F, G, I, H]"
10912,10912,A,artificial,A,complete,"994 [B, A, C, E, D, F, G, I, H, O, N, M, F, G, I, H]"
10913,10913,B,artificial,D_Dupli,complete,"994 [B, A, C, E, D, F, G, I, H, O, N, M, F, G, I, H]"
10914,10914,I,artificial,I,complete,"994 [B, A, C, E, D, F, G, I, H, O, N, M, F, G, I, H]"
10915,10915,G,artificial,G,complete,"994 [B, A, C, E, D, F, G, I, H, O, N, M, F, G, I, H]"
10916,10916,I,artificial,I,complete,"995 [A, B, E, D, C, F, G, H, I]"
10917,10917,F,artificial,F,complete,"995 [A, B, E, D, C, F, G, H, I]"
10918,10918,H,artificial,H,complete,"995 [A, B, E, D, C, F, G, H, I]"
10919,10919,G,artificial,G,complete,"995 [A, B, E, D, C, F, G, H, I]"
10920,10920,D,artificial,D_Dupli,complete,"995 [A, B, E, D, C, F, G, H, I]"
10921,10921,E,artificial,D_Dupli,complete,"995 [A, B, E, D, C, F, G, H, I]"
10922,10922,B,artificial,D_Dupli,complete,"995 [A, B, E, D, C, F, G, H, I]"
10923,10923,A,artificial,A,complete,"995 [A, B, E, D, C, F, G, H, I]"
10924,10924,C,artificial,D_Dupli,complete,"995 [A, B, E, D, C, F, G, H, I]"
10925,10925,H,artificial,H,complete,"996 [A, B, E, D, C, F, G, H, I]"
10926,10926,G,artificial,G,complete,"996 [A, B, E, D, C, F, G, H, I]"
10927,10927,F,artificial,F,complete,"996 [A, B, E, D, C, F, G, H, I]"
10928,10928,C,artificial,D_Dupli,complete,"996 [A, B, E, D, C, F, G, H, I]"
10929,10929,I,artificial,I,complete,"996 [A, B, E, D, C, F, G, H, I]"
10930,10930,E,artificial,D_Dupli,complete,"996 [A, B, E, D, C, F, G, H, I]"
10931,10931,B,artificial,D_Dupli,complete,"996 [A, B, E, D, C, F, G, H, I]"
10932,10932,A,artificial,A,complete,"996 [A, B, E, D, C, F, G, H, I]"
10933,10933,D,artificial,D_Dupli,complete,"996 [A, B, E, D, C, F, G, H, I]"
10934,10934,B,artificial,D_Dupli,complete,"997 [B, A, E, C, D, F, G, H, I]"
10935,10935,A,artificial,A,complete,"997 [B, A, E, C, D, F, G, H, I]"
10936,10936,E,artificial,D_Dupli,complete,"997 [B, A, E, C, D, F, G, H, I]"
10937,10937,C,artificial,D_Dupli,complete,"997 [B, A, E, C, D, F, G, H, I]"
10938,10938,D,artificial,D_Dupli,complete,"997 [B, A, E, C, D, F, G, H, I]"
10939,10939,F,artificial,F,complete,"997 [B, A, E, C, D, F, G, H, I]"
10940,10940,G,artificial,G,complete,"997 [B, A, E, C, D, F, G, H, I]"
10941,10941,H,artificial,H,complete,"997 [B, A, E, C, D, F, G, H, I]"
10942,10942,I,artificial,I,complete,"997 [B, A, E, C, D, F, G, H, I]"
10943,10943,F,artificial,F,complete,"998 [B, A, C, E, D, F, G, I, H]"
10944,10944,G,artificial,G,complete,"998 [B, A, C, E, D, F, G, I, H]"
10945,10945,D,artificial,D_Dupli,complete,"998 [B, A, C, E, D, F, G, I, H]"
10946,10946,I,artificial,I,complete,"998 [B, A, C, E, D, F, G, I, H]"
10947,10947,C,artificial,D_Dupli,complete,"998 [B, A, C, E, D, F, G, I, H]"
10948,10948,A,artificial,A,complete,"998 [B, A, C, E, D, F, G, I, H]"
10949,10949,B,artificial,D_Dupli,complete,"998 [B, A, C, E, D, F, G, I, H]"
10950,10950,E,artificial,D_Dupli,complete,"998 [B, A, C, E, D, F, G, I, H]"
10951,10951,H,artificial,H,complete,"998 [B, A, C, E, D, F, G, I, H]"
