EventID,case:concept:name,concept:name,time:timestamp
1,Case_513,A,2023-01-01 00:26:00+00:00
2,Case_513,C,2023-01-01 00:36:00+00:00
3,Case_167,A,2023-01-01 00:37:00+00:00
4,Case_513,D,2023-01-01 00:41:00+00:00
5,Case_513,B1,2023-01-01 00:41:00+00:00
6,Case_513,B2,2023-01-01 00:57:00+00:00
7,Case_167,C,2023-01-01 01:07:00+00:00
8,Case_167,D,2023-01-01 01:08:00+00:00
9,Case_167,B1,2023-01-01 01:11:00+00:00
10,Case_167,B2,2023-01-01 01:43:00+00:00
11,Case_513,A,2023-01-01 01:48:00+00:00
12,Case_484,A,2023-01-01 01:50:00+00:00
13,Case_167,A,2023-01-01 02:11:00+00:00
14,Case_513,F,2023-01-01 02:14:00+00:00
15,Case_484,C,2023-01-01 02:15:00+00:00
16,Case_484,D,2023-01-01 02:16:00+00:00
17,Case_283,A,2023-01-01 02:21:00+00:00
18,Case_484,B1,2023-01-01 02:21:00+00:00
19,Case_167,F,2023-01-01 02:30:00+00:00
20,Case_283,C,2023-01-01 02:48:00+00:00
21,Case_283,D,2023-01-01 02:49:00+00:00
22,Case_283,B1,2023-01-01 02:50:00+00:00
23,Case_899,A,2023-01-01 02:55:00+00:00
24,Case_484,B2,2023-01-01 03:01:00+00:00
25,Case_899,C,2023-01-01 03:14:00+00:00
26,Case_899,D,2023-01-01 03:17:00+00:00
27,Case_283,B2,2023-01-01 03:19:00+00:00
28,Case_899,B1,2023-01-01 03:19:00+00:00
29,Case_513,A,2023-01-01 03:20:00+00:00
30,Case_150,A,2023-01-01 03:32:00+00:00
31,Case_484,A,2023-01-01 03:36:00+00:00
32,Case_283,A,2023-01-01 03:46:00+00:00
33,Case_899,B2,2023-01-01 03:49:00+00:00
34,Case_167,A,2023-01-01 03:49:00+00:00
35,Case_484,F,2023-01-01 03:51:00+00:00
36,Case_392,A,2023-01-01 03:52:00+00:00
37,Case_150,C,2023-01-01 04:01:00+00:00
38,Case_392,C,2023-01-01 04:02:00+00:00
39,Case_150,D,2023-01-01 04:03:00+00:00
40,Case_150,B1,2023-01-01 04:05:00+00:00
41,Case_392,D,2023-01-01 04:05:00+00:00
42,Case_392,B1,2023-01-01 04:08:00+00:00
43,Case_283,E1,2023-01-01 04:16:00+00:00
44,Case_899,A,2023-01-01 04:24:00+00:00
45,Case_484,A,2023-01-01 04:26:00+00:00
46,Case_392,B2,2023-01-01 04:44:00+00:00
47,Case_150,B2,2023-01-01 04:44:00+00:00
48,Case_899,E1,2023-01-01 04:48:00+00:00
49,Case_283,E2,2023-01-01 04:51:00+00:00
50,Case_899,E2,2023-01-01 05:20:00+00:00
51,Case_283,A,2023-01-01 05:28:00+00:00
52,Case_150,A,2023-01-01 05:30:00+00:00
53,Case_392,A,2023-01-01 05:35:00+00:00
54,Case_899,A,2023-01-01 05:41:00+00:00
55,Case_392,F,2023-01-01 05:49:00+00:00
56,Case_150,E1,2023-01-01 05:50:00+00:00
57,Case_559,A,2023-01-01 06:03:00+00:00
58,Case_559,C,2023-01-01 06:24:00+00:00
59,Case_150,E2,2023-01-01 06:26:00+00:00
60,Case_626,A,2023-01-01 06:26:00+00:00
61,Case_559,D,2023-01-01 06:29:00+00:00
62,Case_559,B1,2023-01-01 06:30:00+00:00
63,Case_150,A,2023-01-01 06:49:00+00:00
64,Case_392,A,2023-01-01 06:54:00+00:00
65,Case_626,C,2023-01-01 06:54:00+00:00
66,Case_626,D,2023-01-01 06:56:00+00:00
67,Case_559,B2,2023-01-01 06:57:00+00:00
68,Case_626,B1,2023-01-01 06:59:00+00:00
69,Case_30,A,2023-01-01 07:05:00+00:00
70,Case_626,B2,2023-01-01 07:15:00+00:00
71,Case_30,C,2023-01-01 07:27:00+00:00
72,Case_30,D,2023-01-01 07:29:00+00:00
73,Case_30,B1,2023-01-01 07:29:00+00:00
74,Case_559,A,2023-01-01 07:46:00+00:00
75,Case_30,B2,2023-01-01 07:48:00+00:00
76,Case_214,A,2023-01-01 07:51:00+00:00
77,Case_559,E1,2023-01-01 08:06:00+00:00
78,Case_626,A,2023-01-01 08:10:00+00:00
79,Case_214,C,2023-01-01 08:15:00+00:00
80,Case_214,B1,2023-01-01 08:17:00+00:00
81,Case_214,D,2023-01-01 08:20:00+00:00
82,Case_365,A,2023-01-01 08:32:00+00:00
83,Case_626,E1,2023-01-01 08:35:00+00:00
84,Case_30,A,2023-01-01 08:40:00+00:00
85,Case_559,E2,2023-01-01 08:48:00+00:00
86,Case_214,B2,2023-01-01 08:55:00+00:00
87,Case_365,C,2023-01-01 08:57:00+00:00
88,Case_365,D,2023-01-01 09:00:00+00:00
89,Case_365,B1,2023-01-01 09:03:00+00:00
90,Case_30,F,2023-01-01 09:08:00+00:00
91,Case_559,A,2023-01-01 09:10:00+00:00
92,Case_626,E2,2023-01-01 09:20:00+00:00
93,Case_214,A,2023-01-01 09:24:00+00:00
94,Case_365,B2,2023-01-01 09:40:00+00:00
95,Case_626,A,2023-01-01 09:47:00+00:00
96,Case_214,E1,2023-01-01 09:47:00+00:00
97,Case_30,A,2023-01-01 09:49:00+00:00
98,Case_342,A,2023-01-01 10:10:00+00:00
99,Case_214,E2,2023-01-01 10:11:00+00:00
100,Case_365,A,2023-01-01 10:25:00+00:00
101,Case_214,A,2023-01-01 10:28:00+00:00
102,Case_402,A,2023-01-01 10:33:00+00:00
103,Case_342,C,2023-01-01 10:37:00+00:00
104,Case_342,D,2023-01-01 10:40:00+00:00
105,Case_342,B1,2023-01-01 10:44:00+00:00
106,Case_402,C,2023-01-01 10:50:00+00:00
107,Case_402,D,2023-01-01 10:53:00+00:00
108,Case_365,F,2023-01-01 10:55:00+00:00
109,Case_402,B1,2023-01-01 10:57:00+00:00
110,Case_775,A,2023-01-01 11:05:00+00:00
111,Case_402,B2,2023-01-01 11:14:00+00:00
112,Case_342,B2,2023-01-01 11:27:00+00:00
113,Case_775,C,2023-01-01 11:29:00+00:00
114,Case_775,B1,2023-01-01 11:31:00+00:00
115,Case_775,D,2023-01-01 11:32:00+00:00
116,Case_365,A,2023-01-01 11:51:00+00:00
117,Case_775,B2,2023-01-01 11:56:00+00:00
118,Case_402,A,2023-01-01 12:01:00+00:00
119,Case_402,E1,2023-01-01 12:14:00+00:00
120,Case_342,A,2023-01-01 12:18:00+00:00
121,Case_775,A,2023-01-01 12:19:00+00:00
122,Case_139,A,2023-01-01 12:32:00+00:00
123,Case_775,F,2023-01-01 12:38:00+00:00
124,Case_342,F,2023-01-01 12:45:00+00:00
125,Case_139,C,2023-01-01 12:46:00+00:00
126,Case_139,D,2023-01-01 12:51:00+00:00
127,Case_139,B1,2023-01-01 12:52:00+00:00
128,Case_402,E2,2023-01-01 12:56:00+00:00
129,Case_402,A,2023-01-01 13:14:00+00:00
130,Case_843,A,2023-01-01 13:23:00+00:00
131,Case_342,A,2023-01-01 13:24:00+00:00
132,Case_139,B2,2023-01-01 13:28:00+00:00
133,Case_775,A,2023-01-01 13:40:00+00:00
134,Case_843,C,2023-01-01 13:45:00+00:00
135,Case_843,D,2023-01-01 13:47:00+00:00
136,Case_730,A,2023-01-01 13:49:00+00:00
137,Case_843,B1,2023-01-01 13:51:00+00:00
138,Case_730,C,2023-01-01 13:59:00+00:00
139,Case_139,A,2023-01-01 13:59:00+00:00
140,Case_730,D,2023-01-01 14:03:00+00:00
141,Case_730,B1,2023-01-01 14:06:00+00:00
142,Case_843,B2,2023-01-01 14:10:00+00:00
143,Case_139,F,2023-01-01 14:14:00+00:00
144,Case_730,B2,2023-01-01 14:38:00+00:00
145,Case_843,A,2023-01-01 14:54:00+00:00
146,Case_843,E1,2023-01-01 15:18:00+00:00
147,Case_730,A,2023-01-01 15:26:00+00:00
148,Case_831,A,2023-01-01 15:27:00+00:00
149,Case_139,A,2023-01-01 15:28:00+00:00
150,Case_730,F,2023-01-01 15:38:00+00:00
151,Case_843,E2,2023-01-01 15:52:00+00:00
152,Case_831,C,2023-01-01 15:55:00+00:00
153,Case_831,D,2023-01-01 15:59:00+00:00
154,Case_831,B1,2023-01-01 15:59:00+00:00
155,Case_271,A,2023-01-01 16:07:00+00:00
156,Case_843,A,2023-01-01 16:15:00+00:00
157,Case_271,C,2023-01-01 16:20:00+00:00
158,Case_271,D,2023-01-01 16:24:00+00:00
159,Case_271,B1,2023-01-01 16:24:00+00:00
160,Case_831,B2,2023-01-01 16:28:00+00:00
161,Case_730,A,2023-01-01 16:35:00+00:00
162,Case_271,B2,2023-01-01 16:57:00+00:00
163,Case_831,A,2023-01-01 17:08:00+00:00
164,Case_831,E1,2023-01-01 17:24:00+00:00
165,Case_271,A,2023-01-01 17:35:00+00:00
166,Case_271,F,2023-01-01 17:54:00+00:00
167,Case_831,E2,2023-01-01 18:11:00+00:00
168,Case_831,A,2023-01-01 18:41:00+00:00
169,Case_788,A,2023-01-01 18:50:00+00:00
170,Case_271,A,2023-01-01 19:11:00+00:00
171,Case_788,C,2023-01-01 19:12:00+00:00
172,Case_788,D,2023-01-01 19:13:00+00:00
173,Case_788,B1,2023-01-01 19:19:00+00:00
174,Case_788,B2,2023-01-01 19:58:00+00:00
175,Case_788,A,2023-01-01 20:21:00+00:00
176,Case_788,E1,2023-01-01 20:50:00+00:00
177,Case_674,A,2023-01-01 21:10:00+00:00
178,Case_171,A,2023-01-01 21:16:00+00:00
179,Case_622,A,2023-01-01 21:20:00+00:00
180,Case_674,C,2023-01-01 21:27:00+00:00
181,Case_674,D,2023-01-01 21:30:00+00:00
182,Case_171,C,2023-01-01 21:30:00+00:00
183,Case_171,D,2023-01-01 21:31:00+00:00
184,Case_674,B1,2023-01-01 21:34:00+00:00
185,Case_622,C,2023-01-01 21:34:00+00:00
186,Case_788,E2,2023-01-01 21:36:00+00:00
187,Case_171,B1,2023-01-01 21:37:00+00:00
188,Case_622,D,2023-01-01 21:37:00+00:00
189,Case_622,B1,2023-01-01 21:41:00+00:00
190,Case_171,B2,2023-01-01 21:53:00+00:00
191,Case_674,B2,2023-01-01 21:55:00+00:00
192,Case_788,A,2023-01-01 22:00:00+00:00
193,Case_622,B2,2023-01-01 22:09:00+00:00
194,Case_686,A,2023-01-01 22:15:00+00:00
195,Case_686,C,2023-01-01 22:36:00+00:00
196,Case_686,B1,2023-01-01 22:39:00+00:00
197,Case_953,A,2023-01-01 22:39:00+00:00
198,Case_171,A,2023-01-01 22:40:00+00:00
199,Case_622,A,2023-01-01 22:40:00+00:00
200,Case_686,D,2023-01-01 22:41:00+00:00
201,Case_953,C,2023-01-01 22:52:00+00:00
202,Case_953,D,2023-01-01 22:53:00+00:00
203,Case_674,A,2023-01-01 22:54:00+00:00
204,Case_953,B1,2023-01-01 22:55:00+00:00
205,Case_622,F,2023-01-01 22:56:00+00:00
206,Case_208,A,2023-01-01 22:58:00+00:00
207,Case_686,B2,2023-01-01 23:02:00+00:00
208,Case_171,F,2023-01-01 23:04:00+00:00
209,Case_208,C,2023-01-01 23:08:00+00:00
210,Case_674,E1,2023-01-01 23:12:00+00:00
211,Case_208,D,2023-01-01 23:13:00+00:00
212,Case_208,B1,2023-01-01 23:13:00+00:00
213,Case_953,B2,2023-01-01 23:37:00+00:00
214,Case_208,B2,2023-01-01 23:39:00+00:00
215,Case_686,A,2023-01-01 23:52:00+00:00
216,Case_674,E2,2023-01-01 23:55:00+00:00
217,Case_171,A,2023-01-02 00:02:00+00:00
218,Case_622,A,2023-01-02 00:05:00+00:00
219,Case_686,E1,2023-01-02 00:11:00+00:00
220,Case_208,A,2023-01-02 00:15:00+00:00
221,Case_953,A,2023-01-02 00:22:00+00:00
222,Case_674,A,2023-01-02 00:34:00+00:00
223,Case_686,E2,2023-01-02 00:41:00+00:00
224,Case_208,F,2023-01-02 00:43:00+00:00
225,Case_953,F,2023-01-02 00:49:00+00:00
226,Case_686,A,2023-01-02 01:21:00+00:00
227,Case_953,A,2023-01-02 01:49:00+00:00
228,Case_449,A,2023-01-02 01:50:00+00:00
229,Case_208,A,2023-01-02 01:58:00+00:00
230,Case_449,C,2023-01-02 02:11:00+00:00
231,Case_449,B1,2023-01-02 02:13:00+00:00
232,Case_449,D,2023-01-02 02:13:00+00:00
233,Case_542,A,2023-01-02 02:40:00+00:00
234,Case_449,B2,2023-01-02 02:47:00+00:00
235,Case_542,C,2023-01-02 02:52:00+00:00
236,Case_542,D,2023-01-02 02:56:00+00:00
237,Case_542,B1,2023-01-02 02:56:00+00:00
238,Case_431,A,2023-01-02 03:04:00+00:00
239,Case_3,A,2023-01-02 03:19:00+00:00
240,Case_431,C,2023-01-02 03:23:00+00:00
241,Case_431,D,2023-01-02 03:24:00+00:00
242,Case_431,B1,2023-01-02 03:26:00+00:00
243,Case_542,B2,2023-01-02 03:31:00+00:00
244,Case_449,A,2023-01-02 03:42:00+00:00
245,Case_3,C,2023-01-02 03:46:00+00:00
246,Case_3,D,2023-01-02 03:51:00+00:00
247,Case_3,B1,2023-01-02 03:53:00+00:00
248,Case_706,A,2023-01-02 04:02:00+00:00
249,Case_449,E1,2023-01-02 04:02:00+00:00
250,Case_431,B2,2023-01-02 04:09:00+00:00
251,Case_3,B2,2023-01-02 04:12:00+00:00
252,Case_948,A,2023-01-02 04:15:00+00:00
253,Case_542,A,2023-01-02 04:17:00+00:00
254,Case_449,E2,2023-01-02 04:29:00+00:00
255,Case_542,F,2023-01-02 04:30:00+00:00
256,Case_706,C,2023-01-02 04:31:00+00:00
257,Case_706,D,2023-01-02 04:34:00+00:00
258,Case_948,C,2023-01-02 04:36:00+00:00
259,Case_706,B1,2023-01-02 04:38:00+00:00
260,Case_948,D,2023-01-02 04:39:00+00:00
261,Case_948,B1,2023-01-02 04:43:00+00:00
262,Case_20,A,2023-01-02 04:59:00+00:00
263,Case_431,A,2023-01-02 05:03:00+00:00
264,Case_3,A,2023-01-02 05:03:00+00:00
265,Case_449,A,2023-01-02 05:04:00+00:00
266,Case_706,B2,2023-01-02 05:04:00+00:00
267,Case_542,A,2023-01-02 05:07:00+00:00
268,Case_948,B2,2023-01-02 05:09:00+00:00
269,Case_431,F,2023-01-02 05:17:00+00:00
270,Case_20,C,2023-01-02 05:23:00+00:00
271,Case_20,D,2023-01-02 05:25:00+00:00
272,Case_649,A,2023-01-02 05:27:00+00:00
273,Case_20,B1,2023-01-02 05:30:00+00:00
274,Case_3,F,2023-01-02 05:33:00+00:00
275,Case_653,A,2023-01-02 05:36:00+00:00
276,Case_706,A,2023-01-02 05:37:00+00:00
277,Case_948,A,2023-01-02 05:38:00+00:00
278,Case_653,C,2023-01-02 05:50:00+00:00
279,Case_653,B1,2023-01-02 05:54:00+00:00
280,Case_649,C,2023-01-02 05:55:00+00:00
281,Case_653,D,2023-01-02 05:55:00+00:00
282,Case_649,D,2023-01-02 05:56:00+00:00
283,Case_948,F,2023-01-02 06:00:00+00:00
284,Case_649,B1,2023-01-02 06:01:00+00:00
285,Case_706,F,2023-01-02 06:01:00+00:00
286,Case_20,B2,2023-01-02 06:04:00+00:00
287,Case_462,A,2023-01-02 06:08:00+00:00
288,Case_431,A,2023-01-02 06:15:00+00:00
289,Case_462,C,2023-01-02 06:21:00+00:00
290,Case_462,D,2023-01-02 06:22:00+00:00
291,Case_649,B2,2023-01-02 06:22:00+00:00
292,Case_462,B1,2023-01-02 06:23:00+00:00
293,Case_20,A,2023-01-02 06:31:00+00:00
294,Case_653,B2,2023-01-02 06:36:00+00:00
295,Case_3,A,2023-01-02 06:39:00+00:00
296,Case_948,A,2023-01-02 06:42:00+00:00
297,Case_20,E1,2023-01-02 06:42:00+00:00
298,Case_462,B2,2023-01-02 06:49:00+00:00
299,Case_706,A,2023-01-02 06:51:00+00:00
300,Case_20,E2,2023-01-02 07:09:00+00:00
301,Case_653,A,2023-01-02 07:10:00+00:00
302,Case_649,A,2023-01-02 07:19:00+00:00
303,Case_762,A,2023-01-02 07:20:00+00:00
304,Case_653,E1,2023-01-02 07:24:00+00:00
305,Case_20,A,2023-01-02 07:28:00+00:00
306,Case_462,A,2023-01-02 07:33:00+00:00
307,Case_649,E1,2023-01-02 07:35:00+00:00
308,Case_762,C,2023-01-02 07:38:00+00:00
309,Case_762,D,2023-01-02 07:40:00+00:00
310,Case_640,A,2023-01-02 07:42:00+00:00
311,Case_762,B1,2023-01-02 07:43:00+00:00
312,Case_462,F,2023-01-02 08:01:00+00:00
313,Case_649,E2,2023-01-02 08:02:00+00:00
314,Case_640,C,2023-01-02 08:08:00+00:00
315,Case_653,E2,2023-01-02 08:09:00+00:00
316,Case_640,D,2023-01-02 08:09:00+00:00
317,Case_640,B1,2023-01-02 08:14:00+00:00
318,Case_762,B2,2023-01-02 08:14:00+00:00
319,Case_649,A,2023-01-02 08:27:00+00:00
320,Case_653,A,2023-01-02 08:29:00+00:00
321,Case_14,A,2023-01-02 08:32:00+00:00
322,Case_640,B2,2023-01-02 08:36:00+00:00
323,Case_462,A,2023-01-02 08:47:00+00:00
324,Case_762,A,2023-01-02 08:52:00+00:00
325,Case_14,C,2023-01-02 08:58:00+00:00
326,Case_14,B1,2023-01-02 09:00:00+00:00
327,Case_14,D,2023-01-02 09:02:00+00:00
328,Case_762,F,2023-01-02 09:04:00+00:00
329,Case_14,B2,2023-01-02 09:16:00+00:00
330,Case_640,A,2023-01-02 09:35:00+00:00
331,Case_640,E1,2023-01-02 09:46:00+00:00
332,Case_683,A,2023-01-02 09:53:00+00:00
333,Case_762,A,2023-01-02 10:02:00+00:00
334,Case_14,A,2023-01-02 10:08:00+00:00
335,Case_220,A,2023-01-02 10:18:00+00:00
336,Case_683,C,2023-01-02 10:18:00+00:00
337,Case_683,B1,2023-01-02 10:20:00+00:00
338,Case_683,D,2023-01-02 10:22:00+00:00
339,Case_14,F,2023-01-02 10:30:00+00:00
340,Case_640,E2,2023-01-02 10:35:00+00:00
341,Case_13,A,2023-01-02 10:42:00+00:00
342,Case_683,B2,2023-01-02 10:45:00+00:00
343,Case_220,C,2023-01-02 10:47:00+00:00
344,Case_220,D,2023-01-02 10:52:00+00:00
345,Case_220,B1,2023-01-02 10:54:00+00:00
346,Case_93,A,2023-01-02 11:03:00+00:00
347,Case_14,A,2023-01-02 11:11:00+00:00
348,Case_640,A,2023-01-02 11:11:00+00:00
349,Case_13,C,2023-01-02 11:11:00+00:00
350,Case_13,D,2023-01-02 11:12:00+00:00
351,Case_13,B1,2023-01-02 11:18:00+00:00
352,Case_220,B2,2023-01-02 11:19:00+00:00
353,Case_93,C,2023-01-02 11:26:00+00:00
354,Case_93,D,2023-01-02 11:30:00+00:00
355,Case_93,B1,2023-01-02 11:31:00+00:00
356,Case_13,B2,2023-01-02 11:36:00+00:00
357,Case_905,A,2023-01-02 11:39:00+00:00
358,Case_683,A,2023-01-02 11:43:00+00:00
359,Case_905,C,2023-01-02 11:57:00+00:00
360,Case_683,F,2023-01-02 11:57:00+00:00
361,Case_905,D,2023-01-02 11:59:00+00:00
362,Case_905,B1,2023-01-02 12:02:00+00:00
363,Case_220,A,2023-01-02 12:03:00+00:00
364,Case_93,B2,2023-01-02 12:09:00+00:00
365,Case_905,B2,2023-01-02 12:19:00+00:00
366,Case_13,A,2023-01-02 12:31:00+00:00
367,Case_220,E1,2023-01-02 12:32:00+00:00
368,Case_93,A,2023-01-02 12:35:00+00:00
369,Case_13,F,2023-01-02 12:47:00+00:00
370,Case_683,A,2023-01-02 12:49:00+00:00
371,Case_93,F,2023-01-02 12:55:00+00:00
372,Case_220,E2,2023-01-02 13:06:00+00:00
373,Case_905,A,2023-01-02 13:07:00+00:00
374,Case_905,F,2023-01-02 13:19:00+00:00
375,Case_13,A,2023-01-02 13:36:00+00:00
376,Case_220,A,2023-01-02 13:37:00+00:00
377,Case_905,A,2023-01-02 14:00:00+00:00
378,Case_93,A,2023-01-02 14:12:00+00:00
379,Case_407,A,2023-01-02 15:21:00+00:00
380,Case_407,C,2023-01-02 15:42:00+00:00
381,Case_407,B1,2023-01-02 15:44:00+00:00
382,Case_407,D,2023-01-02 15:44:00+00:00
383,Case_982,A,2023-01-02 16:04:00+00:00
384,Case_407,B2,2023-01-02 16:17:00+00:00
385,Case_982,C,2023-01-02 16:27:00+00:00
386,Case_982,B1,2023-01-02 16:29:00+00:00
387,Case_982,D,2023-01-02 16:31:00+00:00
388,Case_407,A,2023-01-02 17:12:00+00:00
389,Case_982,B2,2023-01-02 17:14:00+00:00
390,Case_407,F,2023-01-02 17:39:00+00:00
391,Case_468,A,2023-01-02 17:47:00+00:00
392,Case_982,A,2023-01-02 17:52:00+00:00
393,Case_468,C,2023-01-02 18:15:00+00:00
394,Case_468,D,2023-01-02 18:17:00+00:00
395,Case_440,A,2023-01-02 18:17:00+00:00
396,Case_982,F,2023-01-02 18:21:00+00:00
397,Case_407,A,2023-01-02 18:21:00+00:00
398,Case_468,B1,2023-01-02 18:22:00+00:00
399,Case_440,C,2023-01-02 18:38:00+00:00
400,Case_440,B1,2023-01-02 18:41:00+00:00
401,Case_440,D,2023-01-02 18:41:00+00:00
402,Case_468,B2,2023-01-02 18:52:00+00:00
403,Case_982,A,2023-01-02 19:02:00+00:00
404,Case_440,B2,2023-01-02 19:21:00+00:00
405,Case_321,A,2023-01-02 19:24:00+00:00
406,Case_468,A,2023-01-02 19:26:00+00:00
407,Case_943,A,2023-01-02 19:32:00+00:00
408,Case_417,A,2023-01-02 19:34:00+00:00
409,Case_468,F,2023-01-02 19:39:00+00:00
410,Case_943,C,2023-01-02 19:51:00+00:00
411,Case_943,B1,2023-01-02 19:53:00+00:00
412,Case_321,C,2023-01-02 19:53:00+00:00
413,Case_943,D,2023-01-02 19:54:00+00:00
414,Case_956,A,2023-01-02 19:56:00+00:00
415,Case_682,A,2023-01-02 19:58:00+00:00
416,Case_321,D,2023-01-02 19:58:00+00:00
417,Case_321,B1,2023-01-02 19:59:00+00:00
418,Case_417,C,2023-01-02 20:04:00+00:00
419,Case_417,D,2023-01-02 20:05:00+00:00
420,Case_440,A,2023-01-02 20:08:00+00:00
421,Case_682,C,2023-01-02 20:09:00+00:00
422,Case_417,B1,2023-01-02 20:10:00+00:00
423,Case_682,D,2023-01-02 20:10:00+00:00
424,Case_943,B2,2023-01-02 20:13:00+00:00
425,Case_682,B1,2023-01-02 20:14:00+00:00
426,Case_956,C,2023-01-02 20:17:00+00:00
427,Case_956,D,2023-01-02 20:20:00+00:00
428,Case_956,B1,2023-01-02 20:23:00+00:00
429,Case_417,B2,2023-01-02 20:31:00+00:00
430,Case_440,E1,2023-01-02 20:35:00+00:00
431,Case_321,B2,2023-01-02 20:43:00+00:00
432,Case_468,A,2023-01-02 20:49:00+00:00
433,Case_682,B2,2023-01-02 20:50:00+00:00
434,Case_721,A,2023-01-02 20:51:00+00:00
435,Case_956,B2,2023-01-02 20:57:00+00:00
436,Case_721,C,2023-01-02 21:07:00+00:00
437,Case_721,B1,2023-01-02 21:11:00+00:00
438,Case_721,D,2023-01-02 21:12:00+00:00
439,Case_417,A,2023-01-02 21:17:00+00:00
440,Case_943,A,2023-01-02 21:19:00+00:00
441,Case_321,A,2023-01-02 21:20:00+00:00
442,Case_440,E2,2023-01-02 21:21:00+00:00
443,Case_321,F,2023-01-02 21:30:00+00:00
444,Case_956,A,2023-01-02 21:34:00+00:00
445,Case_682,A,2023-01-02 21:37:00+00:00
446,Case_721,B2,2023-01-02 21:39:00+00:00
447,Case_417,F,2023-01-02 21:40:00+00:00
448,Case_414,A,2023-01-02 21:41:00+00:00
449,Case_956,F,2023-01-02 21:45:00+00:00
450,Case_943,E1,2023-01-02 21:47:00+00:00
451,Case_440,A,2023-01-02 21:55:00+00:00
452,Case_682,E1,2023-01-02 22:02:00+00:00
453,Case_414,C,2023-01-02 22:07:00+00:00
454,Case_943,E2,2023-01-02 22:09:00+00:00
455,Case_414,B1,2023-01-02 22:10:00+00:00
456,Case_414,D,2023-01-02 22:10:00+00:00
457,Case_417,A,2023-01-02 22:25:00+00:00
458,Case_721,A,2023-01-02 22:25:00+00:00
459,Case_943,A,2023-01-02 22:28:00+00:00
460,Case_682,E2,2023-01-02 22:35:00+00:00
461,Case_414,B2,2023-01-02 22:37:00+00:00
462,Case_721,E1,2023-01-02 22:44:00+00:00
463,Case_321,A,2023-01-02 22:49:00+00:00
464,Case_682,A,2023-01-02 22:58:00+00:00
465,Case_956,A,2023-01-02 22:59:00+00:00
466,Case_721,E2,2023-01-02 23:22:00+00:00
467,Case_46,A,2023-01-02 23:27:00+00:00
468,Case_414,A,2023-01-02 23:35:00+00:00
469,Case_46,C,2023-01-02 23:43:00+00:00
470,Case_46,D,2023-01-02 23:45:00+00:00
471,Case_414,F,2023-01-02 23:46:00+00:00
472,Case_46,B1,2023-01-02 23:47:00+00:00
473,Case_721,A,2023-01-02 23:52:00+00:00
474,Case_391,A,2023-01-03 00:09:00+00:00
475,Case_46,B2,2023-01-03 00:11:00+00:00
476,Case_391,C,2023-01-03 00:24:00+00:00
477,Case_482,A,2023-01-03 00:28:00+00:00
478,Case_391,D,2023-01-03 00:28:00+00:00
479,Case_391,B1,2023-01-03 00:31:00+00:00
480,Case_482,C,2023-01-03 00:40:00+00:00
481,Case_414,A,2023-01-03 00:40:00+00:00
482,Case_482,D,2023-01-03 00:41:00+00:00
483,Case_482,B1,2023-01-03 00:42:00+00:00
484,Case_391,B2,2023-01-03 00:53:00+00:00
485,Case_46,A,2023-01-03 01:02:00+00:00
486,Case_482,B2,2023-01-03 01:11:00+00:00
487,Case_46,F,2023-01-03 01:15:00+00:00
488,Case_482,A,2023-01-03 01:35:00+00:00
489,Case_835,A,2023-01-03 01:42:00+00:00
490,Case_391,A,2023-01-03 01:45:00+00:00
491,Case_482,E1,2023-01-03 01:55:00+00:00
492,Case_60,A,2023-01-03 02:03:00+00:00
493,Case_835,C,2023-01-03 02:12:00+00:00
494,Case_391,E1,2023-01-03 02:12:00+00:00
495,Case_835,D,2023-01-03 02:15:00+00:00
496,Case_46,A,2023-01-03 02:17:00+00:00
497,Case_835,B1,2023-01-03 02:17:00+00:00
498,Case_60,C,2023-01-03 02:24:00+00:00
499,Case_60,B1,2023-01-03 02:27:00+00:00
500,Case_543,A,2023-01-03 02:28:00+00:00
501,Case_60,D,2023-01-03 02:28:00+00:00
502,Case_835,B2,2023-01-03 02:32:00+00:00
503,Case_482,E2,2023-01-03 02:33:00+00:00
504,Case_543,C,2023-01-03 02:48:00+00:00
505,Case_543,B1,2023-01-03 02:51:00+00:00
506,Case_543,D,2023-01-03 02:51:00+00:00
507,Case_60,B2,2023-01-03 02:55:00+00:00
508,Case_391,E2,2023-01-03 02:57:00+00:00
509,Case_482,A,2023-01-03 03:00:00+00:00
510,Case_543,B2,2023-01-03 03:08:00+00:00
511,Case_835,A,2023-01-03 03:12:00+00:00
512,Case_391,A,2023-01-03 03:23:00+00:00
513,Case_835,E1,2023-01-03 03:27:00+00:00
514,Case_124,A,2023-01-03 03:27:00+00:00
515,Case_124,C,2023-01-03 03:43:00+00:00
516,Case_124,D,2023-01-03 03:46:00+00:00
517,Case_124,B1,2023-01-03 03:50:00+00:00
518,Case_60,A,2023-01-03 03:52:00+00:00
519,Case_543,A,2023-01-03 04:05:00+00:00
520,Case_835,E2,2023-01-03 04:06:00+00:00
521,Case_60,E1,2023-01-03 04:14:00+00:00
522,Case_835,A,2023-01-03 04:35:00+00:00
523,Case_543,F,2023-01-03 04:35:00+00:00
524,Case_124,B2,2023-01-03 04:35:00+00:00
525,Case_60,E2,2023-01-03 04:46:00+00:00
526,Case_124,A,2023-01-03 05:10:00+00:00
527,Case_60,A,2023-01-03 05:10:00+00:00
528,Case_124,F,2023-01-03 05:27:00+00:00
529,Case_543,A,2023-01-03 05:42:00+00:00
530,Case_124,A,2023-01-03 06:18:00+00:00
531,Case_301,A,2023-01-03 06:46:00+00:00
532,Case_566,A,2023-01-03 06:51:00+00:00
533,Case_660,A,2023-01-03 06:55:00+00:00
534,Case_301,C,2023-01-03 07:02:00+00:00
535,Case_301,D,2023-01-03 07:07:00+00:00
536,Case_660,C,2023-01-03 07:07:00+00:00
537,Case_301,B1,2023-01-03 07:09:00+00:00
538,Case_660,B1,2023-01-03 07:11:00+00:00
539,Case_660,D,2023-01-03 07:11:00+00:00
540,Case_268,A,2023-01-03 07:15:00+00:00
541,Case_566,C,2023-01-03 07:19:00+00:00
542,Case_566,D,2023-01-03 07:24:00+00:00
543,Case_301,B2,2023-01-03 07:26:00+00:00
544,Case_566,B1,2023-01-03 07:26:00+00:00
545,Case_268,C,2023-01-03 07:27:00+00:00
546,Case_386,A,2023-01-03 07:29:00+00:00
547,Case_268,B1,2023-01-03 07:29:00+00:00
548,Case_268,D,2023-01-03 07:31:00+00:00
549,Case_268,B2,2023-01-03 07:45:00+00:00
550,Case_660,B2,2023-01-03 07:51:00+00:00
551,Case_301,A,2023-01-03 07:57:00+00:00
552,Case_386,C,2023-01-03 07:58:00+00:00
553,Case_566,B2,2023-01-03 08:00:00+00:00
554,Case_386,B1,2023-01-03 08:03:00+00:00
555,Case_386,D,2023-01-03 08:03:00+00:00
556,Case_851,A,2023-01-03 08:07:00+00:00
557,Case_301,F,2023-01-03 08:27:00+00:00
558,Case_660,A,2023-01-03 08:28:00+00:00
559,Case_268,A,2023-01-03 08:28:00+00:00
560,Case_386,B2,2023-01-03 08:36:00+00:00
561,Case_851,C,2023-01-03 08:37:00+00:00
562,Case_566,A,2023-01-03 08:40:00+00:00
563,Case_851,D,2023-01-03 08:40:00+00:00
564,Case_851,B1,2023-01-03 08:42:00+00:00
565,Case_268,F,2023-01-03 08:47:00+00:00
566,Case_676,A,2023-01-03 08:53:00+00:00
567,Case_660,F,2023-01-03 08:56:00+00:00
568,Case_676,C,2023-01-03 09:05:00+00:00
569,Case_676,D,2023-01-03 09:07:00+00:00
570,Case_676,B1,2023-01-03 09:08:00+00:00
571,Case_566,F,2023-01-03 09:10:00+00:00
572,Case_851,B2,2023-01-03 09:13:00+00:00
573,Case_268,A,2023-01-03 09:27:00+00:00
574,Case_386,A,2023-01-03 09:31:00+00:00
575,Case_301,A,2023-01-03 09:38:00+00:00
576,Case_386,F,2023-01-03 09:42:00+00:00
577,Case_851,A,2023-01-03 09:43:00+00:00
578,Case_676,B2,2023-01-03 09:45:00+00:00
579,Case_851,F,2023-01-03 09:54:00+00:00
580,Case_660,A,2023-01-03 10:03:00+00:00
581,Case_566,A,2023-01-03 10:13:00+00:00
582,Case_676,A,2023-01-03 10:33:00+00:00
583,Case_861,A,2023-01-03 10:33:00+00:00
584,Case_851,A,2023-01-03 10:50:00+00:00
585,Case_386,A,2023-01-03 10:53:00+00:00
586,Case_861,C,2023-01-03 10:54:00+00:00
587,Case_676,E1,2023-01-03 10:57:00+00:00
588,Case_861,D,2023-01-03 10:57:00+00:00
589,Case_861,B1,2023-01-03 10:59:00+00:00
590,Case_245,A,2023-01-03 11:10:00+00:00
591,Case_836,A,2023-01-03 11:33:00+00:00
592,Case_676,E2,2023-01-03 11:36:00+00:00
593,Case_861,B2,2023-01-03 11:38:00+00:00
594,Case_245,C,2023-01-03 11:40:00+00:00
595,Case_245,D,2023-01-03 11:41:00+00:00
596,Case_245,B1,2023-01-03 11:42:00+00:00
597,Case_676,A,2023-01-03 11:56:00+00:00
598,Case_836,C,2023-01-03 12:02:00+00:00
599,Case_836,B1,2023-01-03 12:04:00+00:00
600,Case_836,D,2023-01-03 12:04:00+00:00
601,Case_245,B2,2023-01-03 12:14:00+00:00
602,Case_861,A,2023-01-03 12:19:00+00:00
603,Case_836,B2,2023-01-03 12:37:00+00:00
604,Case_861,F,2023-01-03 12:48:00+00:00
605,Case_245,A,2023-01-03 12:58:00+00:00
606,Case_91,A,2023-01-03 13:05:00+00:00
607,Case_245,F,2023-01-03 13:17:00+00:00
608,Case_91,C,2023-01-03 13:27:00+00:00
609,Case_836,A,2023-01-03 13:27:00+00:00
610,Case_91,B1,2023-01-03 13:29:00+00:00
611,Case_91,D,2023-01-03 13:32:00+00:00
612,Case_836,F,2023-01-03 13:48:00+00:00
613,Case_91,B2,2023-01-03 13:53:00+00:00
614,Case_861,A,2023-01-03 14:03:00+00:00
615,Case_307,A,2023-01-03 14:07:00+00:00
616,Case_300,A,2023-01-03 14:26:00+00:00
617,Case_307,C,2023-01-03 14:33:00+00:00
618,Case_245,A,2023-01-03 14:34:00+00:00
619,Case_307,D,2023-01-03 14:37:00+00:00
620,Case_307,B1,2023-01-03 14:37:00+00:00
621,Case_300,C,2023-01-03 14:46:00+00:00
622,Case_91,A,2023-01-03 14:48:00+00:00
623,Case_300,B1,2023-01-03 14:49:00+00:00
624,Case_300,D,2023-01-03 14:50:00+00:00
625,Case_307,B2,2023-01-03 14:52:00+00:00
626,Case_836,A,2023-01-03 15:04:00+00:00
627,Case_300,B2,2023-01-03 15:08:00+00:00
628,Case_91,E1,2023-01-03 15:10:00+00:00
629,Case_176,A,2023-01-03 15:16:00+00:00
630,Case_307,A,2023-01-03 15:35:00+00:00
631,Case_91,E2,2023-01-03 15:40:00+00:00
632,Case_176,C,2023-01-03 15:42:00+00:00
633,Case_176,D,2023-01-03 15:47:00+00:00
634,Case_176,B1,2023-01-03 15:48:00+00:00
635,Case_295,A,2023-01-03 15:52:00+00:00
636,Case_307,F,2023-01-03 15:54:00+00:00
637,Case_91,A,2023-01-03 15:59:00+00:00
638,Case_280,A,2023-01-03 16:02:00+00:00
639,Case_176,B2,2023-01-03 16:04:00+00:00
640,Case_295,C,2023-01-03 16:06:00+00:00
641,Case_295,D,2023-01-03 16:08:00+00:00
642,Case_295,B1,2023-01-03 16:12:00+00:00
643,Case_300,A,2023-01-03 16:16:00+00:00
644,Case_217,A,2023-01-03 16:18:00+00:00
645,Case_280,C,2023-01-03 16:19:00+00:00
646,Case_280,D,2023-01-03 16:24:00+00:00
647,Case_280,B1,2023-01-03 16:26:00+00:00
648,Case_300,F,2023-01-03 16:28:00+00:00
649,Case_307,A,2023-01-03 16:42:00+00:00
650,Case_217,C,2023-01-03 16:43:00+00:00
651,Case_217,D,2023-01-03 16:45:00+00:00
652,Case_217,B1,2023-01-03 16:50:00+00:00
653,Case_295,B2,2023-01-03 16:52:00+00:00
654,Case_176,A,2023-01-03 17:01:00+00:00
655,Case_280,B2,2023-01-03 17:06:00+00:00
656,Case_925,A,2023-01-03 17:08:00+00:00
657,Case_300,A,2023-01-03 17:09:00+00:00
658,Case_295,A,2023-01-03 17:22:00+00:00
659,Case_925,C,2023-01-03 17:30:00+00:00
660,Case_176,F,2023-01-03 17:30:00+00:00
661,Case_925,B1,2023-01-03 17:33:00+00:00
662,Case_217,B2,2023-01-03 17:35:00+00:00
663,Case_925,D,2023-01-03 17:35:00+00:00
664,Case_295,F,2023-01-03 17:46:00+00:00
665,Case_885,A,2023-01-03 17:47:00+00:00
666,Case_280,A,2023-01-03 17:54:00+00:00
667,Case_885,C,2023-01-03 17:58:00+00:00
668,Case_885,D,2023-01-03 18:02:00+00:00
669,Case_885,B1,2023-01-03 18:04:00+00:00
670,Case_280,E1,2023-01-03 18:11:00+00:00
671,Case_249,A,2023-01-03 18:12:00+00:00
672,Case_925,B2,2023-01-03 18:14:00+00:00
673,Case_249,C,2023-01-03 18:27:00+00:00
674,Case_176,A,2023-01-03 18:29:00+00:00
675,Case_249,B1,2023-01-03 18:30:00+00:00
676,Case_249,D,2023-01-03 18:31:00+00:00
677,Case_217,A,2023-01-03 18:31:00+00:00
678,Case_298,A,2023-01-03 18:34:00+00:00
679,Case_280,E2,2023-01-03 18:40:00+00:00
680,Case_295,A,2023-01-03 18:44:00+00:00
681,Case_925,A,2023-01-03 18:46:00+00:00
682,Case_885,B2,2023-01-03 18:48:00+00:00
683,Case_298,C,2023-01-03 18:55:00+00:00
684,Case_217,F,2023-01-03 18:55:00+00:00
685,Case_298,D,2023-01-03 18:56:00+00:00
686,Case_298,B1,2023-01-03 18:57:00+00:00
687,Case_249,B2,2023-01-03 19:11:00+00:00
688,Case_885,A,2023-01-03 19:14:00+00:00
689,Case_925,F,2023-01-03 19:15:00+00:00
690,Case_280,A,2023-01-03 19:20:00+00:00
691,Case_298,B2,2023-01-03 19:24:00+00:00
692,Case_885,E1,2023-01-03 19:40:00+00:00
693,Case_217,A,2023-01-03 19:48:00+00:00
694,Case_249,A,2023-01-03 19:58:00+00:00
695,Case_617,A,2023-01-03 20:00:00+00:00
696,Case_925,A,2023-01-03 20:06:00+00:00
697,Case_885,E2,2023-01-03 20:09:00+00:00
698,Case_249,E1,2023-01-03 20:10:00+00:00
699,Case_617,C,2023-01-03 20:21:00+00:00
700,Case_617,D,2023-01-03 20:22:00+00:00
701,Case_617,B1,2023-01-03 20:23:00+00:00
702,Case_298,A,2023-01-03 20:24:00+00:00
703,Case_885,A,2023-01-03 20:26:00+00:00
704,Case_249,E2,2023-01-03 20:37:00+00:00
705,Case_298,F,2023-01-03 20:45:00+00:00
706,Case_617,B2,2023-01-03 21:04:00+00:00
707,Case_249,A,2023-01-03 21:06:00+00:00
708,Case_131,A,2023-01-03 21:23:00+00:00
709,Case_298,A,2023-01-03 21:25:00+00:00
710,Case_617,A,2023-01-03 21:45:00+00:00
711,Case_131,C,2023-01-03 21:48:00+00:00
712,Case_131,D,2023-01-03 21:50:00+00:00
713,Case_131,B1,2023-01-03 21:55:00+00:00
714,Case_206,A,2023-01-03 21:56:00+00:00
715,Case_617,F,2023-01-03 21:59:00+00:00
716,Case_206,C,2023-01-03 22:06:00+00:00
717,Case_206,D,2023-01-03 22:08:00+00:00
718,Case_610,A,2023-01-03 22:09:00+00:00
719,Case_206,B1,2023-01-03 22:12:00+00:00
720,Case_131,B2,2023-01-03 22:25:00+00:00
721,Case_610,C,2023-01-03 22:26:00+00:00
722,Case_610,D,2023-01-03 22:27:00+00:00
723,Case_610,B1,2023-01-03 22:29:00+00:00
724,Case_617,A,2023-01-03 22:52:00+00:00
725,Case_206,B2,2023-01-03 22:57:00+00:00
726,Case_610,B2,2023-01-03 22:57:00+00:00
727,Case_131,A,2023-01-03 23:13:00+00:00
728,Case_855,A,2023-01-03 23:22:00+00:00
729,Case_131,F,2023-01-03 23:42:00+00:00
730,Case_855,C,2023-01-03 23:47:00+00:00
731,Case_855,D,2023-01-03 23:52:00+00:00
732,Case_855,B1,2023-01-03 23:54:00+00:00
733,Case_206,A,2023-01-03 23:55:00+00:00
734,Case_610,A,2023-01-03 23:57:00+00:00
735,Case_97,A,2023-01-04 00:17:00+00:00
736,Case_206,F,2023-01-04 00:21:00+00:00
737,Case_131,A,2023-01-04 00:22:00+00:00
738,Case_855,B2,2023-01-04 00:25:00+00:00
739,Case_610,F,2023-01-04 00:26:00+00:00
740,Case_97,C,2023-01-04 00:27:00+00:00
741,Case_97,D,2023-01-04 00:30:00+00:00
742,Case_97,B1,2023-01-04 00:33:00+00:00
743,Case_97,B2,2023-01-04 01:01:00+00:00
744,Case_610,A,2023-01-04 01:08:00+00:00
745,Case_206,A,2023-01-04 01:14:00+00:00
746,Case_855,A,2023-01-04 01:21:00+00:00
747,Case_97,A,2023-01-04 01:36:00+00:00
748,Case_219,A,2023-01-04 01:37:00+00:00
749,Case_855,E1,2023-01-04 01:38:00+00:00
750,Case_97,E1,2023-01-04 01:48:00+00:00
751,Case_219,C,2023-01-04 02:03:00+00:00
752,Case_855,E2,2023-01-04 02:07:00+00:00
753,Case_219,D,2023-01-04 02:08:00+00:00
754,Case_219,B1,2023-01-04 02:09:00+00:00
755,Case_313,A,2023-01-04 02:13:00+00:00
756,Case_97,E2,2023-01-04 02:19:00+00:00
757,Case_313,C,2023-01-04 02:35:00+00:00
758,Case_855,A,2023-01-04 02:35:00+00:00
759,Case_97,A,2023-01-04 02:36:00+00:00
760,Case_313,B1,2023-01-04 02:37:00+00:00
761,Case_313,D,2023-01-04 02:38:00+00:00
762,Case_219,B2,2023-01-04 02:41:00+00:00
763,Case_311,A,2023-01-04 02:50:00+00:00
764,Case_680,A,2023-01-04 02:56:00+00:00
765,Case_313,B2,2023-01-04 03:03:00+00:00
766,Case_354,A,2023-01-04 03:08:00+00:00
767,Case_680,C,2023-01-04 03:11:00+00:00
768,Case_680,D,2023-01-04 03:15:00+00:00
769,Case_680,B1,2023-01-04 03:16:00+00:00
770,Case_726,A,2023-01-04 03:19:00+00:00
771,Case_354,C,2023-01-04 03:19:00+00:00
772,Case_311,C,2023-01-04 03:20:00+00:00
773,Case_354,D,2023-01-04 03:21:00+00:00
774,Case_354,B1,2023-01-04 03:22:00+00:00
775,Case_219,A,2023-01-04 03:23:00+00:00
776,Case_311,B1,2023-01-04 03:24:00+00:00
777,Case_311,D,2023-01-04 03:25:00+00:00
778,Case_182,A,2023-01-04 03:35:00+00:00
779,Case_311,B2,2023-01-04 03:43:00+00:00
780,Case_219,E1,2023-01-04 03:45:00+00:00
781,Case_726,C,2023-01-04 03:46:00+00:00
782,Case_454,A,2023-01-04 03:49:00+00:00
783,Case_726,D,2023-01-04 03:49:00+00:00
784,Case_313,A,2023-01-04 03:50:00+00:00
785,Case_680,B2,2023-01-04 03:51:00+00:00
786,Case_726,B1,2023-01-04 03:53:00+00:00
787,Case_182,C,2023-01-04 03:55:00+00:00
788,Case_182,D,2023-01-04 03:56:00+00:00
789,Case_59,A,2023-01-04 03:58:00+00:00
790,Case_182,B1,2023-01-04 04:00:00+00:00
791,Case_454,C,2023-01-04 04:04:00+00:00
792,Case_354,B2,2023-01-04 04:05:00+00:00
793,Case_219,E2,2023-01-04 04:06:00+00:00
794,Case_454,D,2023-01-04 04:08:00+00:00
795,Case_454,B1,2023-01-04 04:10:00+00:00
796,Case_313,F,2023-01-04 04:11:00+00:00
797,Case_59,C,2023-01-04 04:13:00+00:00
798,Case_726,B2,2023-01-04 04:14:00+00:00
799,Case_59,B1,2023-01-04 04:15:00+00:00
800,Case_59,D,2023-01-04 04:16:00+00:00
801,Case_490,A,2023-01-04 04:25:00+00:00
802,Case_354,A,2023-01-04 04:27:00+00:00
803,Case_59,B2,2023-01-04 04:32:00+00:00
804,Case_454,B2,2023-01-04 04:33:00+00:00
805,Case_680,A,2023-01-04 04:34:00+00:00
806,Case_311,A,2023-01-04 04:37:00+00:00
807,Case_219,A,2023-01-04 04:41:00+00:00
808,Case_182,B2,2023-01-04 04:43:00+00:00
809,Case_354,E1,2023-01-04 04:47:00+00:00
810,Case_680,F,2023-01-04 04:48:00+00:00
811,Case_490,C,2023-01-04 04:48:00+00:00
812,Case_726,A,2023-01-04 04:52:00+00:00
813,Case_490,D,2023-01-04 04:52:00+00:00
814,Case_490,B1,2023-01-04 04:53:00+00:00
815,Case_311,E1,2023-01-04 04:58:00+00:00
816,Case_454,A,2023-01-04 05:05:00+00:00
817,Case_490,B2,2023-01-04 05:09:00+00:00
818,Case_726,E1,2023-01-04 05:13:00+00:00
819,Case_59,A,2023-01-04 05:17:00+00:00
820,Case_222,A,2023-01-04 05:23:00+00:00
821,Case_354,E2,2023-01-04 05:23:00+00:00
822,Case_313,A,2023-01-04 05:28:00+00:00
823,Case_454,F,2023-01-04 05:28:00+00:00
824,Case_182,A,2023-01-04 05:28:00+00:00
825,Case_215,A,2023-01-04 05:32:00+00:00
826,Case_222,C,2023-01-04 05:34:00+00:00
827,Case_726,E2,2023-01-04 05:34:00+00:00
828,Case_59,F,2023-01-04 05:36:00+00:00
829,Case_222,D,2023-01-04 05:38:00+00:00
830,Case_222,B1,2023-01-04 05:40:00+00:00
831,Case_311,E2,2023-01-04 05:44:00+00:00
832,Case_910,A,2023-01-04 05:44:00+00:00
833,Case_354,A,2023-01-04 05:50:00+00:00
834,Case_490,A,2023-01-04 05:51:00+00:00
835,Case_680,A,2023-01-04 05:52:00+00:00
836,Case_182,E1,2023-01-04 05:52:00+00:00
837,Case_910,C,2023-01-04 05:55:00+00:00
838,Case_215,C,2023-01-04 05:56:00+00:00
839,Case_910,D,2023-01-04 05:57:00+00:00
840,Case_215,D,2023-01-04 05:58:00+00:00
841,Case_215,B1,2023-01-04 05:59:00+00:00
842,Case_77,A,2023-01-04 05:59:00+00:00
843,Case_924,A,2023-01-04 05:59:00+00:00
844,Case_910,B1,2023-01-04 06:00:00+00:00
845,Case_726,A,2023-01-04 06:09:00+00:00
846,Case_924,C,2023-01-04 06:14:00+00:00
847,Case_924,D,2023-01-04 06:19:00+00:00
848,Case_311,A,2023-01-04 06:19:00+00:00
849,Case_222,B2,2023-01-04 06:20:00+00:00
850,Case_924,B1,2023-01-04 06:20:00+00:00
851,Case_490,E1,2023-01-04 06:20:00+00:00
852,Case_182,E2,2023-01-04 06:24:00+00:00
853,Case_77,C,2023-01-04 06:27:00+00:00
854,Case_77,D,2023-01-04 06:32:00+00:00
855,Case_77,B1,2023-01-04 06:32:00+00:00
856,Case_924,B2,2023-01-04 06:38:00+00:00
857,Case_215,B2,2023-01-04 06:38:00+00:00
858,Case_454,A,2023-01-04 06:41:00+00:00
859,Case_910,B2,2023-01-04 06:45:00+00:00
860,Case_490,E2,2023-01-04 06:48:00+00:00
861,Case_182,A,2023-01-04 06:49:00+00:00
862,Case_59,A,2023-01-04 06:49:00+00:00
863,Case_222,A,2023-01-04 06:50:00+00:00
864,Case_77,B2,2023-01-04 06:57:00+00:00
865,Case_222,F,2023-01-04 07:00:00+00:00
866,Case_341,A,2023-01-04 07:14:00+00:00
867,Case_924,A,2023-01-04 07:15:00+00:00
868,Case_215,A,2023-01-04 07:21:00+00:00
869,Case_490,A,2023-01-04 07:23:00+00:00
870,Case_910,A,2023-01-04 07:28:00+00:00
871,Case_547,A,2023-01-04 07:32:00+00:00
872,Case_341,C,2023-01-04 07:33:00+00:00
873,Case_924,E1,2023-01-04 07:33:00+00:00
874,Case_77,A,2023-01-04 07:34:00+00:00
875,Case_341,B1,2023-01-04 07:35:00+00:00
876,Case_341,D,2023-01-04 07:37:00+00:00
877,Case_215,F,2023-01-04 07:42:00+00:00
878,Case_910,F,2023-01-04 07:49:00+00:00
879,Case_77,E1,2023-01-04 07:51:00+00:00
880,Case_341,B2,2023-01-04 07:54:00+00:00
881,Case_547,C,2023-01-04 07:56:00+00:00
882,Case_924,E2,2023-01-04 07:59:00+00:00
883,Case_547,D,2023-01-04 07:59:00+00:00
884,Case_547,B1,2023-01-04 08:00:00+00:00
885,Case_347,A,2023-01-04 08:01:00+00:00
886,Case_77,E2,2023-01-04 08:11:00+00:00
887,Case_222,A,2023-01-04 08:13:00+00:00
888,Case_347,C,2023-01-04 08:16:00+00:00
889,Case_347,D,2023-01-04 08:18:00+00:00
890,Case_347,B1,2023-01-04 08:20:00+00:00
891,Case_910,A,2023-01-04 08:28:00+00:00
892,Case_924,A,2023-01-04 08:33:00+00:00
893,Case_547,B2,2023-01-04 08:37:00+00:00
894,Case_341,A,2023-01-04 08:47:00+00:00
895,Case_77,A,2023-01-04 08:49:00+00:00
896,Case_347,B2,2023-01-04 08:51:00+00:00
897,Case_215,A,2023-01-04 08:53:00+00:00
898,Case_858,A,2023-01-04 08:55:00+00:00
899,Case_547,A,2023-01-04 09:06:00+00:00
900,Case_341,F,2023-01-04 09:11:00+00:00
901,Case_858,C,2023-01-04 09:12:00+00:00
902,Case_858,B1,2023-01-04 09:16:00+00:00
903,Case_858,D,2023-01-04 09:16:00+00:00
904,Case_547,E1,2023-01-04 09:33:00+00:00
905,Case_347,A,2023-01-04 09:33:00+00:00
906,Case_347,E1,2023-01-04 09:46:00+00:00
907,Case_858,B2,2023-01-04 09:48:00+00:00
908,Case_897,A,2023-01-04 09:59:00+00:00
909,Case_404,A,2023-01-04 10:11:00+00:00
910,Case_897,C,2023-01-04 10:13:00+00:00
911,Case_897,D,2023-01-04 10:14:00+00:00
912,Case_897,B1,2023-01-04 10:17:00+00:00
913,Case_264,A,2023-01-04 10:20:00+00:00
914,Case_547,E2,2023-01-04 10:21:00+00:00
915,Case_347,E2,2023-01-04 10:31:00+00:00
916,Case_341,A,2023-01-04 10:31:00+00:00
917,Case_404,C,2023-01-04 10:39:00+00:00
918,Case_404,D,2023-01-04 10:41:00+00:00
919,Case_858,A,2023-01-04 10:44:00+00:00
920,Case_897,B2,2023-01-04 10:44:00+00:00
921,Case_547,A,2023-01-04 10:45:00+00:00
922,Case_404,B1,2023-01-04 10:46:00+00:00
923,Case_264,C,2023-01-04 10:47:00+00:00
924,Case_264,B1,2023-01-04 10:50:00+00:00
925,Case_347,A,2023-01-04 10:50:00+00:00
926,Case_264,D,2023-01-04 10:52:00+00:00
927,Case_712,A,2023-01-04 11:00:00+00:00
928,Case_404,B2,2023-01-04 11:03:00+00:00
929,Case_858,F,2023-01-04 11:05:00+00:00
930,Case_264,B2,2023-01-04 11:18:00+00:00
931,Case_712,C,2023-01-04 11:19:00+00:00
932,Case_712,D,2023-01-04 11:21:00+00:00
933,Case_712,B1,2023-01-04 11:26:00+00:00
934,Case_897,A,2023-01-04 11:34:00+00:00
935,Case_712,B2,2023-01-04 11:48:00+00:00
936,Case_404,A,2023-01-04 11:51:00+00:00
937,Case_897,F,2023-01-04 12:00:00+00:00
938,Case_264,A,2023-01-04 12:10:00+00:00
939,Case_404,E1,2023-01-04 12:15:00+00:00
940,Case_858,A,2023-01-04 12:15:00+00:00
941,Case_264,E1,2023-01-04 12:21:00+00:00
942,Case_712,A,2023-01-04 12:30:00+00:00
943,Case_596,A,2023-01-04 12:37:00+00:00
944,Case_404,E2,2023-01-04 12:46:00+00:00
945,Case_596,C,2023-01-04 12:55:00+00:00
946,Case_712,E1,2023-01-04 12:56:00+00:00
947,Case_264,E2,2023-01-04 12:57:00+00:00
948,Case_596,B1,2023-01-04 12:58:00+00:00
949,Case_596,D,2023-01-04 13:00:00+00:00
950,Case_897,A,2023-01-04 13:01:00+00:00
951,Case_404,A,2023-01-04 13:05:00+00:00
952,Case_264,A,2023-01-04 13:16:00+00:00
953,Case_596,B2,2023-01-04 13:33:00+00:00
954,Case_712,E2,2023-01-04 13:43:00+00:00
955,Case_712,A,2023-01-04 14:00:00+00:00
956,Case_179,A,2023-01-04 14:01:00+00:00
957,Case_51,A,2023-01-04 14:04:00+00:00
958,Case_596,A,2023-01-04 14:12:00+00:00
959,Case_51,C,2023-01-04 14:15:00+00:00
960,Case_179,C,2023-01-04 14:16:00+00:00
961,Case_51,D,2023-01-04 14:16:00+00:00
962,Case_51,B1,2023-01-04 14:17:00+00:00
963,Case_179,B1,2023-01-04 14:19:00+00:00
964,Case_179,D,2023-01-04 14:21:00+00:00
965,Case_596,E1,2023-01-04 14:41:00+00:00
966,Case_179,B2,2023-01-04 14:55:00+00:00
967,Case_51,B2,2023-01-04 15:02:00+00:00
968,Case_63,A,2023-01-04 15:09:00+00:00
969,Case_596,E2,2023-01-04 15:17:00+00:00
970,Case_309,A,2023-01-04 15:30:00+00:00
971,Case_63,C,2023-01-04 15:32:00+00:00
972,Case_63,D,2023-01-04 15:33:00+00:00
973,Case_63,B1,2023-01-04 15:39:00+00:00
974,Case_941,A,2023-01-04 15:51:00+00:00
975,Case_309,C,2023-01-04 15:52:00+00:00
976,Case_596,A,2023-01-04 15:52:00+00:00
977,Case_179,A,2023-01-04 15:54:00+00:00
978,Case_309,D,2023-01-04 15:56:00+00:00
979,Case_51,A,2023-01-04 15:58:00+00:00
980,Case_309,B1,2023-01-04 15:59:00+00:00
981,Case_603,A,2023-01-04 16:00:00+00:00
982,Case_941,C,2023-01-04 16:07:00+00:00
983,Case_63,B2,2023-01-04 16:11:00+00:00
984,Case_941,B1,2023-01-04 16:11:00+00:00
985,Case_941,D,2023-01-04 16:12:00+00:00
986,Case_309,B2,2023-01-04 16:15:00+00:00
987,Case_51,E1,2023-01-04 16:16:00+00:00
988,Case_603,C,2023-01-04 16:21:00+00:00
989,Case_179,F,2023-01-04 16:23:00+00:00
990,Case_603,B1,2023-01-04 16:25:00+00:00
991,Case_603,D,2023-01-04 16:26:00+00:00
992,Case_892,A,2023-01-04 16:40:00+00:00
993,Case_309,A,2023-01-04 16:45:00+00:00
994,Case_603,B2,2023-01-04 16:47:00+00:00
995,Case_63,A,2023-01-04 16:49:00+00:00
996,Case_941,B2,2023-01-04 16:53:00+00:00
997,Case_892,C,2023-01-04 16:54:00+00:00
998,Case_892,D,2023-01-04 16:55:00+00:00
999,Case_892,B1,2023-01-04 16:59:00+00:00
1000,Case_51,E2,2023-01-04 17:00:00+00:00
1001,Case_309,F,2023-01-04 17:09:00+00:00
1002,Case_63,E1,2023-01-04 17:19:00+00:00
1003,Case_672,A,2023-01-04 17:27:00+00:00
1004,Case_323,A,2023-01-04 17:32:00+00:00
1005,Case_51,A,2023-01-04 17:33:00+00:00
1006,Case_941,A,2023-01-04 17:33:00+00:00
1007,Case_179,A,2023-01-04 17:34:00+00:00
1008,Case_603,A,2023-01-04 17:36:00+00:00
1009,Case_892,B2,2023-01-04 17:41:00+00:00
1010,Case_672,C,2023-01-04 17:47:00+00:00
1011,Case_603,F,2023-01-04 17:49:00+00:00
1012,Case_323,C,2023-01-04 17:51:00+00:00
1013,Case_672,B1,2023-01-04 17:51:00+00:00
1014,Case_323,D,2023-01-04 17:52:00+00:00
1015,Case_672,D,2023-01-04 17:52:00+00:00
1016,Case_941,E1,2023-01-04 17:54:00+00:00
1017,Case_63,E2,2023-01-04 17:54:00+00:00
1018,Case_323,B1,2023-01-04 17:56:00+00:00
1019,Case_672,B2,2023-01-04 18:12:00+00:00
1020,Case_309,A,2023-01-04 18:13:00+00:00
1021,Case_63,A,2023-01-04 18:16:00+00:00
1022,Case_941,E2,2023-01-04 18:18:00+00:00
1023,Case_323,B2,2023-01-04 18:27:00+00:00
1024,Case_603,A,2023-01-04 18:39:00+00:00
1025,Case_892,A,2023-01-04 18:40:00+00:00
1026,Case_941,A,2023-01-04 18:57:00+00:00
1027,Case_892,F,2023-01-04 19:03:00+00:00
1028,Case_672,A,2023-01-04 19:16:00+00:00
1029,Case_323,A,2023-01-04 19:16:00+00:00
1030,Case_323,F,2023-01-04 19:33:00+00:00
1031,Case_672,E1,2023-01-04 19:41:00+00:00
1032,Case_654,A,2023-01-04 19:41:00+00:00
1033,Case_892,A,2023-01-04 19:48:00+00:00
1034,Case_654,C,2023-01-04 19:52:00+00:00
1035,Case_654,D,2023-01-04 19:55:00+00:00
1036,Case_654,B1,2023-01-04 19:58:00+00:00
1037,Case_672,E2,2023-01-04 20:15:00+00:00
1038,Case_323,A,2023-01-04 20:30:00+00:00
1039,Case_530,A,2023-01-04 20:37:00+00:00
1040,Case_654,B2,2023-01-04 20:41:00+00:00
1041,Case_672,A,2023-01-04 20:45:00+00:00
1042,Case_530,C,2023-01-04 21:00:00+00:00
1043,Case_866,A,2023-01-04 21:02:00+00:00
1044,Case_530,D,2023-01-04 21:03:00+00:00
1045,Case_530,B1,2023-01-04 21:04:00+00:00
1046,Case_866,C,2023-01-04 21:30:00+00:00
1047,Case_778,A,2023-01-04 21:30:00+00:00
1048,Case_654,A,2023-01-04 21:31:00+00:00
1049,Case_866,D,2023-01-04 21:32:00+00:00
1050,Case_180,A,2023-01-04 21:33:00+00:00
1051,Case_866,B1,2023-01-04 21:36:00+00:00
1052,Case_530,B2,2023-01-04 21:43:00+00:00
1053,Case_778,C,2023-01-04 21:48:00+00:00
1054,Case_654,E1,2023-01-04 21:50:00+00:00
1055,Case_778,D,2023-01-04 21:53:00+00:00
1056,Case_778,B1,2023-01-04 21:54:00+00:00
1057,Case_866,B2,2023-01-04 22:00:00+00:00
1058,Case_180,C,2023-01-04 22:00:00+00:00
1059,Case_180,D,2023-01-04 22:03:00+00:00
1060,Case_180,B1,2023-01-04 22:03:00+00:00
1061,Case_778,B2,2023-01-04 22:12:00+00:00
1062,Case_180,B2,2023-01-04 22:24:00+00:00
1063,Case_530,A,2023-01-04 22:28:00+00:00
1064,Case_866,A,2023-01-04 22:35:00+00:00
1065,Case_654,E2,2023-01-04 22:37:00+00:00
1066,Case_753,A,2023-01-04 22:39:00+00:00
1067,Case_530,F,2023-01-04 22:49:00+00:00
1068,Case_753,C,2023-01-04 22:50:00+00:00
1069,Case_753,D,2023-01-04 22:52:00+00:00
1070,Case_753,B1,2023-01-04 22:54:00+00:00
1071,Case_654,A,2023-01-04 22:55:00+00:00
1072,Case_10,A,2023-01-04 22:57:00+00:00
1073,Case_866,E1,2023-01-04 22:57:00+00:00
1074,Case_778,A,2023-01-04 23:10:00+00:00
1075,Case_778,F,2023-01-04 23:23:00+00:00
1076,Case_10,C,2023-01-04 23:23:00+00:00
1077,Case_10,D,2023-01-04 23:26:00+00:00
1078,Case_10,B1,2023-01-04 23:27:00+00:00
1079,Case_530,A,2023-01-04 23:27:00+00:00
1080,Case_180,A,2023-01-04 23:30:00+00:00
1081,Case_753,B2,2023-01-04 23:34:00+00:00
1082,Case_866,E2,2023-01-04 23:41:00+00:00
1083,Case_10,B2,2023-01-04 23:47:00+00:00
1084,Case_180,F,2023-01-04 23:56:00+00:00
1085,Case_984,A,2023-01-05 00:11:00+00:00
1086,Case_866,A,2023-01-05 00:13:00+00:00
1087,Case_778,A,2023-01-05 00:19:00+00:00
1088,Case_753,A,2023-01-05 00:24:00+00:00
1089,Case_984,C,2023-01-05 00:31:00+00:00
1090,Case_10,A,2023-01-05 00:32:00+00:00
1091,Case_180,A,2023-01-05 00:33:00+00:00
1092,Case_984,B1,2023-01-05 00:36:00+00:00
1093,Case_984,D,2023-01-05 00:36:00+00:00
1094,Case_753,F,2023-01-05 00:50:00+00:00
1095,Case_10,E1,2023-01-05 01:01:00+00:00
1096,Case_984,B2,2023-01-05 01:13:00+00:00
1097,Case_10,E2,2023-01-05 01:30:00+00:00
1098,Case_753,A,2023-01-05 02:03:00+00:00
1099,Case_10,A,2023-01-05 02:03:00+00:00
1100,Case_984,A,2023-01-05 02:09:00+00:00
1101,Case_984,F,2023-01-05 02:28:00+00:00
1102,Case_984,A,2023-01-05 03:04:00+00:00
1103,Case_123,A,2023-01-05 03:17:00+00:00
1104,Case_123,C,2023-01-05 03:38:00+00:00
1105,Case_123,D,2023-01-05 03:39:00+00:00
1106,Case_968,A,2023-01-05 03:39:00+00:00
1107,Case_123,B1,2023-01-05 03:44:00+00:00
1108,Case_949,A,2023-01-05 03:45:00+00:00
1109,Case_968,C,2023-01-05 04:07:00+00:00
1110,Case_949,C,2023-01-05 04:07:00+00:00
1111,Case_123,B2,2023-01-05 04:08:00+00:00
1112,Case_968,D,2023-01-05 04:09:00+00:00
1113,Case_968,B1,2023-01-05 04:09:00+00:00
1114,Case_949,D,2023-01-05 04:09:00+00:00
1115,Case_949,B1,2023-01-05 04:13:00+00:00
1116,Case_968,B2,2023-01-05 04:42:00+00:00
1117,Case_387,A,2023-01-05 04:48:00+00:00
1118,Case_949,B2,2023-01-05 04:58:00+00:00
1119,Case_123,A,2023-01-05 05:08:00+00:00
1120,Case_387,C,2023-01-05 05:11:00+00:00
1121,Case_387,B1,2023-01-05 05:14:00+00:00
1122,Case_387,D,2023-01-05 05:15:00+00:00
1123,Case_39,A,2023-01-05 05:18:00+00:00
1124,Case_123,E1,2023-01-05 05:18:00+00:00
1125,Case_949,A,2023-01-05 05:25:00+00:00
1126,Case_39,C,2023-01-05 05:29:00+00:00
1127,Case_39,D,2023-01-05 05:31:00+00:00
1128,Case_968,A,2023-01-05 05:32:00+00:00
1129,Case_39,B1,2023-01-05 05:32:00+00:00
1130,Case_789,A,2023-01-05 05:38:00+00:00
1131,Case_949,F,2023-01-05 05:41:00+00:00
1132,Case_387,B2,2023-01-05 05:42:00+00:00
1133,Case_123,E2,2023-01-05 05:46:00+00:00
1134,Case_968,E1,2023-01-05 05:47:00+00:00
1135,Case_272,A,2023-01-05 05:52:00+00:00
1136,Case_536,A,2023-01-05 06:00:00+00:00
1137,Case_789,C,2023-01-05 06:02:00+00:00
1138,Case_39,B2,2023-01-05 06:04:00+00:00
1139,Case_789,D,2023-01-05 06:07:00+00:00
1140,Case_789,B1,2023-01-05 06:08:00+00:00
1141,Case_272,C,2023-01-05 06:10:00+00:00
1142,Case_272,D,2023-01-05 06:13:00+00:00
1143,Case_272,B1,2023-01-05 06:14:00+00:00
1144,Case_15,A,2023-01-05 06:20:00+00:00
1145,Case_123,A,2023-01-05 06:21:00+00:00
1146,Case_536,C,2023-01-05 06:25:00+00:00
1147,Case_536,D,2023-01-05 06:30:00+00:00
1148,Case_968,E2,2023-01-05 06:30:00+00:00
1149,Case_536,B1,2023-01-05 06:32:00+00:00
1150,Case_789,B2,2023-01-05 06:34:00+00:00
1151,Case_387,A,2023-01-05 06:34:00+00:00
1152,Case_949,A,2023-01-05 06:36:00+00:00
1153,Case_15,C,2023-01-05 06:42:00+00:00
1154,Case_39,A,2023-01-05 06:44:00+00:00
1155,Case_15,D,2023-01-05 06:45:00+00:00
1156,Case_15,B1,2023-01-05 06:45:00+00:00
1157,Case_272,B2,2023-01-05 06:53:00+00:00
1158,Case_536,B2,2023-01-05 06:55:00+00:00
1159,Case_237,A,2023-01-05 07:01:00+00:00
1160,Case_387,E1,2023-01-05 07:03:00+00:00
1161,Case_968,A,2023-01-05 07:04:00+00:00
1162,Case_15,B2,2023-01-05 07:09:00+00:00
1163,Case_39,E1,2023-01-05 07:09:00+00:00
1164,Case_237,C,2023-01-05 07:25:00+00:00
1165,Case_237,D,2023-01-05 07:28:00+00:00
1166,Case_789,A,2023-01-05 07:30:00+00:00
1167,Case_237,B1,2023-01-05 07:30:00+00:00
1168,Case_272,A,2023-01-05 07:31:00+00:00
1169,Case_39,E2,2023-01-05 07:39:00+00:00
1170,Case_536,A,2023-01-05 07:45:00+00:00
1171,Case_272,E1,2023-01-05 07:47:00+00:00
1172,Case_387,E2,2023-01-05 07:50:00+00:00
1173,Case_237,B2,2023-01-05 07:51:00+00:00
1174,Case_536,E1,2023-01-05 07:58:00+00:00
1175,Case_39,A,2023-01-05 07:59:00+00:00
1176,Case_789,F,2023-01-05 07:59:00+00:00
1177,Case_15,A,2023-01-05 08:04:00+00:00
1178,Case_272,E2,2023-01-05 08:22:00+00:00
1179,Case_15,E1,2023-01-05 08:23:00+00:00
1180,Case_387,A,2023-01-05 08:28:00+00:00
1181,Case_536,E2,2023-01-05 08:35:00+00:00
1182,Case_237,A,2023-01-05 08:40:00+00:00
1183,Case_15,E2,2023-01-05 08:45:00+00:00
1184,Case_272,A,2023-01-05 08:47:00+00:00
1185,Case_789,A,2023-01-05 08:49:00+00:00
1186,Case_536,A,2023-01-05 09:02:00+00:00
1187,Case_237,F,2023-01-05 09:07:00+00:00
1188,Case_15,A,2023-01-05 09:11:00+00:00
1189,Case_41,A,2023-01-05 09:38:00+00:00
1190,Case_238,A,2023-01-05 09:52:00+00:00
1191,Case_41,C,2023-01-05 09:56:00+00:00
1192,Case_41,D,2023-01-05 09:57:00+00:00
1193,Case_41,B1,2023-01-05 10:03:00+00:00
1194,Case_238,C,2023-01-05 10:09:00+00:00
1195,Case_238,D,2023-01-05 10:11:00+00:00
1196,Case_238,B1,2023-01-05 10:11:00+00:00
1197,Case_237,A,2023-01-05 10:17:00+00:00
1198,Case_41,B2,2023-01-05 10:36:00+00:00
1199,Case_238,B2,2023-01-05 10:39:00+00:00
1200,Case_267,A,2023-01-05 10:56:00+00:00
1201,Case_267,C,2023-01-05 11:06:00+00:00
1202,Case_267,D,2023-01-05 11:08:00+00:00
1203,Case_41,A,2023-01-05 11:11:00+00:00
1204,Case_267,B1,2023-01-05 11:13:00+00:00
1205,Case_238,A,2023-01-05 11:20:00+00:00
1206,Case_41,F,2023-01-05 11:28:00+00:00
1207,Case_248,A,2023-01-05 11:29:00+00:00
1208,Case_238,F,2023-01-05 11:45:00+00:00
1209,Case_248,C,2023-01-05 11:49:00+00:00
1210,Case_248,D,2023-01-05 11:50:00+00:00
1211,Case_248,B1,2023-01-05 11:51:00+00:00
1212,Case_267,B2,2023-01-05 11:57:00+00:00
1213,Case_887,A,2023-01-05 12:23:00+00:00
1214,Case_248,B2,2023-01-05 12:26:00+00:00
1215,Case_238,A,2023-01-05 12:28:00+00:00
1216,Case_41,A,2023-01-05 12:36:00+00:00
1217,Case_887,C,2023-01-05 12:38:00+00:00
1218,Case_887,D,2023-01-05 12:40:00+00:00
1219,Case_887,B1,2023-01-05 12:43:00+00:00
1220,Case_267,A,2023-01-05 12:47:00+00:00
1221,Case_346,A,2023-01-05 13:12:00+00:00
1222,Case_267,E1,2023-01-05 13:12:00+00:00
1223,Case_248,A,2023-01-05 13:22:00+00:00
1224,Case_346,C,2023-01-05 13:23:00+00:00
1225,Case_887,B2,2023-01-05 13:23:00+00:00
1226,Case_346,D,2023-01-05 13:26:00+00:00
1227,Case_346,B1,2023-01-05 13:29:00+00:00
1228,Case_248,E1,2023-01-05 13:39:00+00:00
1229,Case_346,B2,2023-01-05 13:47:00+00:00
1230,Case_824,A,2023-01-05 13:48:00+00:00
1231,Case_267,E2,2023-01-05 13:56:00+00:00
1232,Case_887,A,2023-01-05 14:14:00+00:00
1233,Case_824,C,2023-01-05 14:15:00+00:00
1234,Case_824,D,2023-01-05 14:19:00+00:00
1235,Case_65,A,2023-01-05 14:19:00+00:00
1236,Case_267,A,2023-01-05 14:20:00+00:00
1237,Case_824,B1,2023-01-05 14:21:00+00:00
1238,Case_248,E2,2023-01-05 14:22:00+00:00
1239,Case_346,A,2023-01-05 14:28:00+00:00
1240,Case_887,E1,2023-01-05 14:29:00+00:00
1241,Case_248,A,2023-01-05 14:38:00+00:00
1242,Case_65,C,2023-01-05 14:43:00+00:00
1243,Case_65,D,2023-01-05 14:46:00+00:00
1244,Case_65,B1,2023-01-05 14:46:00+00:00
1245,Case_346,F,2023-01-05 14:47:00+00:00
1246,Case_824,B2,2023-01-05 14:50:00+00:00
1247,Case_65,B2,2023-01-05 15:01:00+00:00
1248,Case_716,A,2023-01-05 15:18:00+00:00
1249,Case_887,E2,2023-01-05 15:19:00+00:00
1250,Case_824,A,2023-01-05 15:27:00+00:00
1251,Case_716,C,2023-01-05 15:33:00+00:00
1252,Case_716,D,2023-01-05 15:37:00+00:00
1253,Case_38,A,2023-01-05 15:38:00+00:00
1254,Case_716,B1,2023-01-05 15:39:00+00:00
1255,Case_887,A,2023-01-05 15:43:00+00:00
1256,Case_824,E1,2023-01-05 15:43:00+00:00
1257,Case_65,A,2023-01-05 15:56:00+00:00
1258,Case_8,A,2023-01-05 15:57:00+00:00
1259,Case_38,C,2023-01-05 16:03:00+00:00
1260,Case_346,A,2023-01-05 16:03:00+00:00
1261,Case_842,A,2023-01-05 16:03:00+00:00
1262,Case_716,B2,2023-01-05 16:04:00+00:00
1263,Case_38,D,2023-01-05 16:05:00+00:00
1264,Case_38,B1,2023-01-05 16:07:00+00:00
1265,Case_824,E2,2023-01-05 16:13:00+00:00
1266,Case_65,E1,2023-01-05 16:15:00+00:00
1267,Case_8,C,2023-01-05 16:16:00+00:00
1268,Case_421,A,2023-01-05 16:16:00+00:00
1269,Case_8,B1,2023-01-05 16:20:00+00:00
1270,Case_8,D,2023-01-05 16:21:00+00:00
1271,Case_842,C,2023-01-05 16:27:00+00:00
1272,Case_842,D,2023-01-05 16:29:00+00:00
1273,Case_824,A,2023-01-05 16:33:00+00:00
1274,Case_38,B2,2023-01-05 16:34:00+00:00
1275,Case_842,B1,2023-01-05 16:34:00+00:00
1276,Case_421,C,2023-01-05 16:37:00+00:00
1277,Case_421,D,2023-01-05 16:39:00+00:00
1278,Case_421,B1,2023-01-05 16:40:00+00:00
1279,Case_716,A,2023-01-05 16:42:00+00:00
1280,Case_8,B2,2023-01-05 16:55:00+00:00
1281,Case_65,E2,2023-01-05 16:59:00+00:00
1282,Case_716,E1,2023-01-05 17:04:00+00:00
1283,Case_842,B2,2023-01-05 17:05:00+00:00
1284,Case_368,A,2023-01-05 17:08:00+00:00
1285,Case_38,A,2023-01-05 17:09:00+00:00
1286,Case_421,B2,2023-01-05 17:10:00+00:00
1287,Case_65,A,2023-01-05 17:20:00+00:00
1288,Case_716,E2,2023-01-05 17:29:00+00:00
1289,Case_368,C,2023-01-05 17:31:00+00:00
1290,Case_38,E1,2023-01-05 17:33:00+00:00
1291,Case_368,D,2023-01-05 17:36:00+00:00
1292,Case_368,B1,2023-01-05 17:37:00+00:00
1293,Case_8,A,2023-01-05 17:38:00+00:00
1294,Case_842,A,2023-01-05 17:44:00+00:00
1295,Case_421,A,2023-01-05 17:46:00+00:00
1296,Case_716,A,2023-01-05 17:48:00+00:00
1297,Case_8,F,2023-01-05 17:55:00+00:00
1298,Case_842,E1,2023-01-05 17:57:00+00:00
1299,Case_421,E1,2023-01-05 18:10:00+00:00
1300,Case_974,A,2023-01-05 18:15:00+00:00
1301,Case_368,B2,2023-01-05 18:17:00+00:00
1302,Case_38,E2,2023-01-05 18:23:00+00:00
1303,Case_974,C,2023-01-05 18:27:00+00:00
1304,Case_974,D,2023-01-05 18:31:00+00:00
1305,Case_974,B1,2023-01-05 18:34:00+00:00
1306,Case_8,A,2023-01-05 18:37:00+00:00
1307,Case_842,E2,2023-01-05 18:47:00+00:00
1308,Case_38,A,2023-01-05 18:48:00+00:00
1309,Case_421,E2,2023-01-05 18:49:00+00:00
1310,Case_368,A,2023-01-05 18:50:00+00:00
1311,Case_974,B2,2023-01-05 19:00:00+00:00
1312,Case_368,E1,2023-01-05 19:07:00+00:00
1313,Case_842,A,2023-01-05 19:11:00+00:00
1314,Case_421,A,2023-01-05 19:15:00+00:00
1315,Case_733,A,2023-01-05 19:16:00+00:00
1316,Case_974,A,2023-01-05 19:30:00+00:00
1317,Case_733,C,2023-01-05 19:42:00+00:00
1318,Case_733,B1,2023-01-05 19:45:00+00:00
1319,Case_368,E2,2023-01-05 19:46:00+00:00
1320,Case_733,D,2023-01-05 19:47:00+00:00
1321,Case_974,F,2023-01-05 19:58:00+00:00
1322,Case_733,B2,2023-01-05 20:05:00+00:00
1323,Case_155,A,2023-01-05 20:13:00+00:00
1324,Case_560,A,2023-01-05 20:25:00+00:00
1325,Case_368,A,2023-01-05 20:26:00+00:00
1326,Case_155,C,2023-01-05 20:29:00+00:00
1327,Case_155,B1,2023-01-05 20:31:00+00:00
1328,Case_155,D,2023-01-05 20:34:00+00:00
1329,Case_733,A,2023-01-05 20:46:00+00:00
1330,Case_560,C,2023-01-05 20:51:00+00:00
1331,Case_560,B1,2023-01-05 20:53:00+00:00
1332,Case_372,A,2023-01-05 20:54:00+00:00
1333,Case_560,D,2023-01-05 20:55:00+00:00
1334,Case_372,C,2023-01-05 21:04:00+00:00
1335,Case_372,B1,2023-01-05 21:06:00+00:00
1336,Case_372,D,2023-01-05 21:06:00+00:00
1337,Case_974,A,2023-01-05 21:08:00+00:00
1338,Case_733,F,2023-01-05 21:12:00+00:00
1339,Case_155,B2,2023-01-05 21:14:00+00:00
1340,Case_372,B2,2023-01-05 21:22:00+00:00
1341,Case_560,B2,2023-01-05 21:25:00+00:00
1342,Case_438,A,2023-01-05 22:04:00+00:00
1343,Case_704,A,2023-01-05 22:04:00+00:00
1344,Case_155,A,2023-01-05 22:06:00+00:00
1345,Case_560,A,2023-01-05 22:14:00+00:00
1346,Case_438,C,2023-01-05 22:16:00+00:00
1347,Case_438,D,2023-01-05 22:20:00+00:00
1348,Case_438,B1,2023-01-05 22:20:00+00:00
1349,Case_372,A,2023-01-05 22:21:00+00:00
1350,Case_469,A,2023-01-05 22:24:00+00:00
1351,Case_704,C,2023-01-05 22:27:00+00:00
1352,Case_155,E1,2023-01-05 22:30:00+00:00
1353,Case_733,A,2023-01-05 22:30:00+00:00
1354,Case_704,D,2023-01-05 22:31:00+00:00
1355,Case_704,B1,2023-01-05 22:32:00+00:00
1356,Case_560,E1,2023-01-05 22:33:00+00:00
1357,Case_469,C,2023-01-05 22:37:00+00:00
1358,Case_469,D,2023-01-05 22:42:00+00:00
1359,Case_372,E1,2023-01-05 22:42:00+00:00
1360,Case_469,B1,2023-01-05 22:43:00+00:00
1361,Case_438,B2,2023-01-05 22:48:00+00:00
1362,Case_704,B2,2023-01-05 22:59:00+00:00
1363,Case_469,B2,2023-01-05 23:02:00+00:00
1364,Case_155,E2,2023-01-05 23:04:00+00:00
1365,Case_560,E2,2023-01-05 23:05:00+00:00
1366,Case_372,E2,2023-01-05 23:19:00+00:00
1367,Case_252,A,2023-01-05 23:21:00+00:00
1368,Case_155,A,2023-01-05 23:23:00+00:00
1369,Case_704,A,2023-01-05 23:24:00+00:00
1370,Case_560,A,2023-01-05 23:28:00+00:00
1371,Case_372,A,2023-01-05 23:35:00+00:00
1372,Case_469,A,2023-01-05 23:36:00+00:00
1373,Case_438,A,2023-01-05 23:45:00+00:00
1374,Case_125,A,2023-01-05 23:45:00+00:00
1375,Case_469,E1,2023-01-05 23:46:00+00:00
1376,Case_252,C,2023-01-05 23:48:00+00:00
1377,Case_704,F,2023-01-05 23:51:00+00:00
1378,Case_252,B1,2023-01-05 23:51:00+00:00
1379,Case_252,D,2023-01-05 23:53:00+00:00
1380,Case_125,C,2023-01-05 23:58:00+00:00
1381,Case_438,E1,2023-01-05 23:59:00+00:00
1382,Case_125,B1,2023-01-06 00:00:00+00:00
1383,Case_125,D,2023-01-06 00:02:00+00:00
1384,Case_252,B2,2023-01-06 00:13:00+00:00
1385,Case_469,E2,2023-01-06 00:15:00+00:00
1386,Case_125,B2,2023-01-06 00:22:00+00:00
1387,Case_438,E2,2023-01-06 00:42:00+00:00
1388,Case_469,A,2023-01-06 00:44:00+00:00
1389,Case_704,A,2023-01-06 00:48:00+00:00
1390,Case_252,A,2023-01-06 01:02:00+00:00
1391,Case_125,A,2023-01-06 01:06:00+00:00
1392,Case_438,A,2023-01-06 01:17:00+00:00
1393,Case_125,F,2023-01-06 01:18:00+00:00
1394,Case_252,F,2023-01-06 01:23:00+00:00
1395,Case_2,A,2023-01-06 01:36:00+00:00
1396,Case_145,A,2023-01-06 01:50:00+00:00
1397,Case_125,A,2023-01-06 01:55:00+00:00
1398,Case_2,C,2023-01-06 02:00:00+00:00
1399,Case_2,D,2023-01-06 02:01:00+00:00
1400,Case_145,C,2023-01-06 02:01:00+00:00
1401,Case_145,B1,2023-01-06 02:04:00+00:00
1402,Case_145,D,2023-01-06 02:06:00+00:00
1403,Case_2,B1,2023-01-06 02:07:00+00:00
1404,Case_252,A,2023-01-06 02:10:00+00:00
1405,Case_403,A,2023-01-06 02:11:00+00:00
1406,Case_172,A,2023-01-06 02:11:00+00:00
1407,Case_2,B2,2023-01-06 02:23:00+00:00
1408,Case_172,C,2023-01-06 02:31:00+00:00
1409,Case_172,D,2023-01-06 02:34:00+00:00
1410,Case_172,B1,2023-01-06 02:38:00+00:00
1411,Case_403,C,2023-01-06 02:38:00+00:00
1412,Case_403,B1,2023-01-06 02:41:00+00:00
1413,Case_403,D,2023-01-06 02:43:00+00:00
1414,Case_145,B2,2023-01-06 02:45:00+00:00
1415,Case_2,A,2023-01-06 03:08:00+00:00
1416,Case_172,B2,2023-01-06 03:09:00+00:00
1417,Case_403,B2,2023-01-06 03:16:00+00:00
1418,Case_2,F,2023-01-06 03:32:00+00:00
1419,Case_145,A,2023-01-06 03:41:00+00:00
1420,Case_172,A,2023-01-06 03:43:00+00:00
1421,Case_145,E1,2023-01-06 04:01:00+00:00
1422,Case_172,F,2023-01-06 04:06:00+00:00
1423,Case_403,A,2023-01-06 04:08:00+00:00
1424,Case_2,A,2023-01-06 04:20:00+00:00
1425,Case_403,F,2023-01-06 04:35:00+00:00
1426,Case_854,A,2023-01-06 04:36:00+00:00
1427,Case_172,A,2023-01-06 04:44:00+00:00
1428,Case_145,E2,2023-01-06 04:45:00+00:00
1429,Case_692,A,2023-01-06 04:56:00+00:00
1430,Case_701,A,2023-01-06 05:06:00+00:00
1431,Case_854,C,2023-01-06 05:06:00+00:00
1432,Case_140,A,2023-01-06 05:07:00+00:00
1433,Case_854,D,2023-01-06 05:10:00+00:00
1434,Case_692,C,2023-01-06 05:11:00+00:00
1435,Case_854,B1,2023-01-06 05:12:00+00:00
1436,Case_692,B1,2023-01-06 05:14:00+00:00
1437,Case_692,D,2023-01-06 05:16:00+00:00
1438,Case_917,A,2023-01-06 05:21:00+00:00
1439,Case_145,A,2023-01-06 05:21:00+00:00
1440,Case_140,C,2023-01-06 05:25:00+00:00
1441,Case_140,B1,2023-01-06 05:27:00+00:00
1442,Case_140,D,2023-01-06 05:28:00+00:00
1443,Case_701,C,2023-01-06 05:30:00+00:00
1444,Case_701,D,2023-01-06 05:31:00+00:00
1445,Case_917,C,2023-01-06 05:32:00+00:00
1446,Case_403,A,2023-01-06 05:32:00+00:00
1447,Case_701,B1,2023-01-06 05:35:00+00:00
1448,Case_917,D,2023-01-06 05:36:00+00:00
1449,Case_854,B2,2023-01-06 05:37:00+00:00
1450,Case_917,B1,2023-01-06 05:38:00+00:00
1451,Case_692,B2,2023-01-06 05:56:00+00:00
1452,Case_463,A,2023-01-06 05:59:00+00:00
1453,Case_371,A,2023-01-06 06:04:00+00:00
1454,Case_140,B2,2023-01-06 06:11:00+00:00
1455,Case_917,B2,2023-01-06 06:12:00+00:00
1456,Case_371,C,2023-01-06 06:17:00+00:00
1457,Case_477,A,2023-01-06 06:18:00+00:00
1458,Case_701,B2,2023-01-06 06:20:00+00:00
1459,Case_371,D,2023-01-06 06:21:00+00:00
1460,Case_371,B1,2023-01-06 06:24:00+00:00
1461,Case_854,A,2023-01-06 06:25:00+00:00
1462,Case_463,C,2023-01-06 06:26:00+00:00
1463,Case_463,D,2023-01-06 06:30:00+00:00
1464,Case_463,B1,2023-01-06 06:30:00+00:00
1465,Case_692,A,2023-01-06 06:30:00+00:00
1466,Case_477,C,2023-01-06 06:37:00+00:00
1467,Case_988,A,2023-01-06 06:37:00+00:00
1468,Case_477,D,2023-01-06 06:41:00+00:00
1469,Case_477,B1,2023-01-06 06:44:00+00:00
1470,Case_917,A,2023-01-06 06:44:00+00:00
1471,Case_854,F,2023-01-06 06:48:00+00:00
1472,Case_692,E1,2023-01-06 06:49:00+00:00
1473,Case_463,B2,2023-01-06 06:54:00+00:00
1474,Case_917,F,2023-01-06 06:56:00+00:00
1475,Case_371,B2,2023-01-06 06:58:00+00:00
1476,Case_140,A,2023-01-06 06:59:00+00:00
1477,Case_988,C,2023-01-06 07:01:00+00:00
1478,Case_988,D,2023-01-06 07:05:00+00:00
1479,Case_988,B1,2023-01-06 07:05:00+00:00
1480,Case_701,A,2023-01-06 07:06:00+00:00
1481,Case_477,B2,2023-01-06 07:10:00+00:00
1482,Case_692,E2,2023-01-06 07:13:00+00:00
1483,Case_463,A,2023-01-06 07:14:00+00:00
1484,Case_140,F,2023-01-06 07:20:00+00:00
1485,Case_463,E1,2023-01-06 07:30:00+00:00
1486,Case_701,E1,2023-01-06 07:33:00+00:00
1487,Case_371,A,2023-01-06 07:34:00+00:00
1488,Case_854,A,2023-01-06 07:47:00+00:00
1489,Case_477,A,2023-01-06 07:49:00+00:00
1490,Case_988,B2,2023-01-06 07:49:00+00:00
1491,Case_692,A,2023-01-06 07:53:00+00:00
1492,Case_371,E1,2023-01-06 07:56:00+00:00
1493,Case_701,E2,2023-01-06 08:05:00+00:00
1494,Case_140,A,2023-01-06 08:07:00+00:00
1495,Case_477,F,2023-01-06 08:07:00+00:00
1496,Case_917,A,2023-01-06 08:08:00+00:00
1497,Case_463,E2,2023-01-06 08:20:00+00:00
1498,Case_988,A,2023-01-06 08:22:00+00:00
1499,Case_701,A,2023-01-06 08:27:00+00:00
1500,Case_371,E2,2023-01-06 08:33:00+00:00
1501,Case_988,F,2023-01-06 08:43:00+00:00
1502,Case_371,A,2023-01-06 08:58:00+00:00
1503,Case_463,A,2023-01-06 08:58:00+00:00
1504,Case_477,A,2023-01-06 09:13:00+00:00
1505,Case_988,A,2023-01-06 09:20:00+00:00
1506,Case_868,A,2023-01-06 09:22:00+00:00
1507,Case_868,C,2023-01-06 09:50:00+00:00
1508,Case_868,D,2023-01-06 09:52:00+00:00
1509,Case_868,B1,2023-01-06 09:53:00+00:00
1510,Case_868,B2,2023-01-06 10:08:00+00:00
1511,Case_813,A,2023-01-06 10:35:00+00:00
1512,Case_316,A,2023-01-06 10:56:00+00:00
1513,Case_813,C,2023-01-06 10:58:00+00:00
1514,Case_813,D,2023-01-06 11:00:00+00:00
1515,Case_813,B1,2023-01-06 11:02:00+00:00
1516,Case_868,A,2023-01-06 11:15:00+00:00
1517,Case_813,B2,2023-01-06 11:24:00+00:00
1518,Case_316,C,2023-01-06 11:26:00+00:00
1519,Case_316,D,2023-01-06 11:29:00+00:00
1520,Case_316,B1,2023-01-06 11:31:00+00:00
1521,Case_868,E1,2023-01-06 11:42:00+00:00
1522,Case_810,A,2023-01-06 11:47:00+00:00
1523,Case_810,C,2023-01-06 12:02:00+00:00
1524,Case_810,B1,2023-01-06 12:05:00+00:00
1525,Case_810,D,2023-01-06 12:07:00+00:00
1526,Case_813,A,2023-01-06 12:08:00+00:00
1527,Case_203,A,2023-01-06 12:10:00+00:00
1528,Case_719,A,2023-01-06 12:13:00+00:00
1529,Case_316,B2,2023-01-06 12:16:00+00:00
1530,Case_868,E2,2023-01-06 12:20:00+00:00
1531,Case_203,C,2023-01-06 12:22:00+00:00
1532,Case_203,D,2023-01-06 12:23:00+00:00
1533,Case_203,B1,2023-01-06 12:24:00+00:00
1534,Case_719,C,2023-01-06 12:27:00+00:00
1535,Case_719,D,2023-01-06 12:29:00+00:00
1536,Case_719,B1,2023-01-06 12:32:00+00:00
1537,Case_569,A,2023-01-06 12:33:00+00:00
1538,Case_813,E1,2023-01-06 12:36:00+00:00
1539,Case_810,B2,2023-01-06 12:49:00+00:00
1540,Case_203,B2,2023-01-06 12:52:00+00:00
1541,Case_719,B2,2023-01-06 12:58:00+00:00
1542,Case_569,C,2023-01-06 12:58:00+00:00
1543,Case_868,A,2023-01-06 12:58:00+00:00
1544,Case_569,B1,2023-01-06 13:00:00+00:00
1545,Case_569,D,2023-01-06 13:02:00+00:00
1546,Case_316,A,2023-01-06 13:07:00+00:00
1547,Case_813,E2,2023-01-06 13:11:00+00:00
1548,Case_719,A,2023-01-06 13:26:00+00:00
1549,Case_316,F,2023-01-06 13:31:00+00:00
1550,Case_569,B2,2023-01-06 13:32:00+00:00
1551,Case_813,A,2023-01-06 13:43:00+00:00
1552,Case_810,A,2023-01-06 13:43:00+00:00
1553,Case_203,A,2023-01-06 13:52:00+00:00
1554,Case_719,E1,2023-01-06 13:55:00+00:00
1555,Case_810,E1,2023-01-06 14:13:00+00:00
1556,Case_203,F,2023-01-06 14:22:00+00:00
1557,Case_569,A,2023-01-06 14:27:00+00:00
1558,Case_316,A,2023-01-06 14:28:00+00:00
1559,Case_719,E2,2023-01-06 14:44:00+00:00
1560,Case_810,E2,2023-01-06 14:49:00+00:00
1561,Case_569,F,2023-01-06 14:50:00+00:00
1562,Case_810,A,2023-01-06 15:05:00+00:00
1563,Case_719,A,2023-01-06 15:18:00+00:00
1564,Case_203,A,2023-01-06 15:42:00+00:00
1565,Case_932,A,2023-01-06 15:49:00+00:00
1566,Case_569,A,2023-01-06 15:58:00+00:00
1567,Case_932,C,2023-01-06 16:07:00+00:00
1568,Case_494,A,2023-01-06 16:07:00+00:00
1569,Case_932,D,2023-01-06 16:10:00+00:00
1570,Case_932,B1,2023-01-06 16:13:00+00:00
1571,Case_49,A,2023-01-06 16:20:00+00:00
1572,Case_49,C,2023-01-06 16:32:00+00:00
1573,Case_494,C,2023-01-06 16:33:00+00:00
1574,Case_494,D,2023-01-06 16:35:00+00:00
1575,Case_49,D,2023-01-06 16:36:00+00:00
1576,Case_49,B1,2023-01-06 16:38:00+00:00
1577,Case_494,B1,2023-01-06 16:39:00+00:00
1578,Case_932,B2,2023-01-06 16:54:00+00:00
1579,Case_49,B2,2023-01-06 17:00:00+00:00
1580,Case_494,B2,2023-01-06 17:10:00+00:00
1581,Case_184,A,2023-01-06 17:21:00+00:00
1582,Case_49,A,2023-01-06 17:34:00+00:00
1583,Case_932,A,2023-01-06 17:41:00+00:00
1584,Case_494,A,2023-01-06 17:46:00+00:00
1585,Case_184,C,2023-01-06 17:51:00+00:00
1586,Case_184,D,2023-01-06 17:52:00+00:00
1587,Case_690,A,2023-01-06 17:52:00+00:00
1588,Case_49,E1,2023-01-06 17:53:00+00:00
1589,Case_839,A,2023-01-06 17:55:00+00:00
1590,Case_932,F,2023-01-06 17:56:00+00:00
1591,Case_184,B1,2023-01-06 17:56:00+00:00
1592,Case_690,C,2023-01-06 18:02:00+00:00
1593,Case_690,D,2023-01-06 18:04:00+00:00
1594,Case_494,F,2023-01-06 18:07:00+00:00
1595,Case_690,B1,2023-01-06 18:07:00+00:00
1596,Case_833,A,2023-01-06 18:15:00+00:00
1597,Case_839,C,2023-01-06 18:21:00+00:00
1598,Case_839,D,2023-01-06 18:22:00+00:00
1599,Case_184,B2,2023-01-06 18:23:00+00:00
1600,Case_839,B1,2023-01-06 18:24:00+00:00
1601,Case_833,C,2023-01-06 18:33:00+00:00
1602,Case_932,A,2023-01-06 18:37:00+00:00
1603,Case_833,D,2023-01-06 18:38:00+00:00
1604,Case_833,B1,2023-01-06 18:40:00+00:00
1605,Case_49,E2,2023-01-06 18:40:00+00:00
1606,Case_690,B2,2023-01-06 18:49:00+00:00
1607,Case_833,B2,2023-01-06 18:56:00+00:00
1608,Case_49,A,2023-01-06 18:57:00+00:00
1609,Case_503,A,2023-01-06 19:01:00+00:00
1610,Case_494,A,2023-01-06 19:07:00+00:00
1611,Case_839,B2,2023-01-06 19:07:00+00:00
1612,Case_413,A,2023-01-06 19:12:00+00:00
1613,Case_184,A,2023-01-06 19:15:00+00:00
1614,Case_646,A,2023-01-06 19:24:00+00:00
1615,Case_503,C,2023-01-06 19:29:00+00:00
1616,Case_503,D,2023-01-06 19:33:00+00:00
1617,Case_503,B1,2023-01-06 19:33:00+00:00
1618,Case_690,A,2023-01-06 19:36:00+00:00
1619,Case_646,C,2023-01-06 19:37:00+00:00
1620,Case_646,D,2023-01-06 19:39:00+00:00
1621,Case_413,C,2023-01-06 19:39:00+00:00
1622,Case_646,B1,2023-01-06 19:41:00+00:00
1623,Case_184,F,2023-01-06 19:42:00+00:00
1624,Case_413,D,2023-01-06 19:43:00+00:00
1625,Case_413,B1,2023-01-06 19:46:00+00:00
1626,Case_503,B2,2023-01-06 19:53:00+00:00
1627,Case_833,A,2023-01-06 20:00:00+00:00
1628,Case_839,A,2023-01-06 20:03:00+00:00
1629,Case_413,B2,2023-01-06 20:05:00+00:00
1630,Case_690,E1,2023-01-06 20:06:00+00:00
1631,Case_185,A,2023-01-06 20:14:00+00:00
1632,Case_646,B2,2023-01-06 20:15:00+00:00
1633,Case_833,F,2023-01-06 20:20:00+00:00
1634,Case_185,C,2023-01-06 20:24:00+00:00
1635,Case_185,D,2023-01-06 20:27:00+00:00
1636,Case_839,F,2023-01-06 20:28:00+00:00
1637,Case_185,B1,2023-01-06 20:29:00+00:00
1638,Case_690,E2,2023-01-06 20:44:00+00:00
1639,Case_503,A,2023-01-06 20:49:00+00:00
1640,Case_413,A,2023-01-06 20:56:00+00:00
1641,Case_184,A,2023-01-06 20:57:00+00:00
1642,Case_185,B2,2023-01-06 20:59:00+00:00
1643,Case_690,A,2023-01-06 21:02:00+00:00
1644,Case_503,E1,2023-01-06 21:06:00+00:00
1645,Case_839,A,2023-01-06 21:07:00+00:00
1646,Case_833,A,2023-01-06 21:08:00+00:00
1647,Case_646,A,2023-01-06 21:14:00+00:00
1648,Case_413,E1,2023-01-06 21:22:00+00:00
1649,Case_185,A,2023-01-06 21:42:00+00:00
1650,Case_646,F,2023-01-06 21:43:00+00:00
1651,Case_413,E2,2023-01-06 21:53:00+00:00
1652,Case_503,E2,2023-01-06 21:53:00+00:00
1653,Case_185,E1,2023-01-06 22:03:00+00:00
1654,Case_413,A,2023-01-06 22:09:00+00:00
1655,Case_503,A,2023-01-06 22:20:00+00:00
1656,Case_185,E2,2023-01-06 22:35:00+00:00
1657,Case_646,A,2023-01-06 22:38:00+00:00
1658,Case_394,A,2023-01-06 22:53:00+00:00
1659,Case_336,A,2023-01-06 22:57:00+00:00
1660,Case_185,A,2023-01-06 23:03:00+00:00
1661,Case_394,C,2023-01-06 23:08:00+00:00
1662,Case_336,C,2023-01-06 23:09:00+00:00
1663,Case_336,D,2023-01-06 23:11:00+00:00
1664,Case_394,B1,2023-01-06 23:13:00+00:00
1665,Case_394,D,2023-01-06 23:13:00+00:00
1666,Case_336,B1,2023-01-06 23:16:00+00:00
1667,Case_394,B2,2023-01-06 23:30:00+00:00
1668,Case_336,B2,2023-01-06 23:56:00+00:00
1669,Case_394,A,2023-01-07 00:29:00+00:00
1670,Case_229,A,2023-01-07 00:31:00+00:00
1671,Case_352,A,2023-01-07 00:40:00+00:00
1672,Case_229,C,2023-01-07 00:44:00+00:00
1673,Case_229,D,2023-01-07 00:45:00+00:00
1674,Case_394,E1,2023-01-07 00:48:00+00:00
1675,Case_229,B1,2023-01-07 00:49:00+00:00
1676,Case_336,A,2023-01-07 00:56:00+00:00
1677,Case_352,C,2023-01-07 01:03:00+00:00
1678,Case_352,D,2023-01-07 01:08:00+00:00
1679,Case_352,B1,2023-01-07 01:09:00+00:00
1680,Case_336,E1,2023-01-07 01:10:00+00:00
1681,Case_229,B2,2023-01-07 01:15:00+00:00
1682,Case_394,E2,2023-01-07 01:30:00+00:00
1683,Case_352,B2,2023-01-07 01:37:00+00:00
1684,Case_571,A,2023-01-07 01:38:00+00:00
1685,Case_336,E2,2023-01-07 01:40:00+00:00
1686,Case_394,A,2023-01-07 01:47:00+00:00
1687,Case_571,C,2023-01-07 01:50:00+00:00
1688,Case_229,A,2023-01-07 01:52:00+00:00
1689,Case_571,B1,2023-01-07 01:54:00+00:00
1690,Case_571,D,2023-01-07 01:55:00+00:00
1691,Case_229,F,2023-01-07 02:05:00+00:00
1692,Case_336,A,2023-01-07 02:06:00+00:00
1693,Case_352,A,2023-01-07 02:08:00+00:00
1694,Case_352,F,2023-01-07 02:18:00+00:00
1695,Case_571,B2,2023-01-07 02:36:00+00:00
1696,Case_369,A,2023-01-07 02:40:00+00:00
1697,Case_229,A,2023-01-07 02:51:00+00:00
1698,Case_369,C,2023-01-07 02:52:00+00:00
1699,Case_369,D,2023-01-07 02:57:00+00:00
1700,Case_369,B1,2023-01-07 02:58:00+00:00
1701,Case_571,A,2023-01-07 03:20:00+00:00
1702,Case_352,A,2023-01-07 03:28:00+00:00
1703,Case_369,B2,2023-01-07 03:29:00+00:00
1704,Case_571,F,2023-01-07 03:30:00+00:00
1705,Case_369,A,2023-01-07 04:08:00+00:00
1706,Case_657,A,2023-01-07 04:13:00+00:00
1707,Case_571,A,2023-01-07 04:29:00+00:00
1708,Case_369,F,2023-01-07 04:30:00+00:00
1709,Case_657,C,2023-01-07 04:32:00+00:00
1710,Case_657,B1,2023-01-07 04:34:00+00:00
1711,Case_657,D,2023-01-07 04:36:00+00:00
1712,Case_657,B2,2023-01-07 04:54:00+00:00
1713,Case_369,A,2023-01-07 05:22:00+00:00
1714,Case_657,A,2023-01-07 05:41:00+00:00
1715,Case_657,F,2023-01-07 05:59:00+00:00
1716,Case_657,A,2023-01-07 07:04:00+00:00
1717,Case_120,A,2023-01-07 07:05:00+00:00
1718,Case_604,A,2023-01-07 07:08:00+00:00
1719,Case_120,C,2023-01-07 07:17:00+00:00
1720,Case_120,D,2023-01-07 07:20:00+00:00
1721,Case_604,C,2023-01-07 07:22:00+00:00
1722,Case_604,D,2023-01-07 07:23:00+00:00
1723,Case_120,B1,2023-01-07 07:24:00+00:00
1724,Case_604,B1,2023-01-07 07:26:00+00:00
1725,Case_120,B2,2023-01-07 07:59:00+00:00
1726,Case_604,B2,2023-01-07 08:07:00+00:00
1727,Case_7,A,2023-01-07 08:24:00+00:00
1728,Case_109,A,2023-01-07 08:30:00+00:00
1729,Case_7,C,2023-01-07 08:44:00+00:00
1730,Case_7,B1,2023-01-07 08:48:00+00:00
1731,Case_7,D,2023-01-07 08:49:00+00:00
1732,Case_120,A,2023-01-07 08:50:00+00:00
1733,Case_109,C,2023-01-07 08:52:00+00:00
1734,Case_109,D,2023-01-07 08:55:00+00:00
1735,Case_109,B1,2023-01-07 08:59:00+00:00
1736,Case_258,A,2023-01-07 09:06:00+00:00
1737,Case_604,A,2023-01-07 09:06:00+00:00
1738,Case_7,B2,2023-01-07 09:13:00+00:00
1739,Case_120,E1,2023-01-07 09:19:00+00:00
1740,Case_258,C,2023-01-07 09:24:00+00:00
1741,Case_258,B1,2023-01-07 09:26:00+00:00
1742,Case_604,E1,2023-01-07 09:28:00+00:00
1743,Case_258,D,2023-01-07 09:28:00+00:00
1744,Case_109,B2,2023-01-07 09:34:00+00:00
1745,Case_120,E2,2023-01-07 09:53:00+00:00
1746,Case_604,E2,2023-01-07 09:58:00+00:00
1747,Case_258,B2,2023-01-07 10:10:00+00:00
1748,Case_120,A,2023-01-07 10:11:00+00:00
1749,Case_7,A,2023-01-07 10:11:00+00:00
1750,Case_109,A,2023-01-07 10:25:00+00:00
1751,Case_604,A,2023-01-07 10:27:00+00:00
1752,Case_7,F,2023-01-07 10:27:00+00:00
1753,Case_109,E1,2023-01-07 10:53:00+00:00
1754,Case_258,A,2023-01-07 11:06:00+00:00
1755,Case_7,A,2023-01-07 11:13:00+00:00
1756,Case_923,A,2023-01-07 11:21:00+00:00
1757,Case_258,E1,2023-01-07 11:22:00+00:00
1758,Case_109,E2,2023-01-07 11:23:00+00:00
1759,Case_923,C,2023-01-07 11:48:00+00:00
1760,Case_109,A,2023-01-07 11:50:00+00:00
1761,Case_923,B1,2023-01-07 11:51:00+00:00
1762,Case_923,D,2023-01-07 11:52:00+00:00
1763,Case_258,E2,2023-01-07 11:59:00+00:00
1764,Case_107,A,2023-01-07 12:03:00+00:00
1765,Case_258,A,2023-01-07 12:19:00+00:00
1766,Case_923,B2,2023-01-07 12:20:00+00:00
1767,Case_107,C,2023-01-07 12:26:00+00:00
1768,Case_107,D,2023-01-07 12:30:00+00:00
1769,Case_107,B1,2023-01-07 12:33:00+00:00
1770,Case_107,B2,2023-01-07 12:57:00+00:00
1771,Case_923,A,2023-01-07 13:02:00+00:00
1772,Case_923,E1,2023-01-07 13:14:00+00:00
1773,Case_107,A,2023-01-07 13:39:00+00:00
1774,Case_107,E1,2023-01-07 13:57:00+00:00
1775,Case_923,E2,2023-01-07 13:59:00+00:00
1776,Case_923,A,2023-01-07 14:39:00+00:00
1777,Case_107,E2,2023-01-07 14:39:00+00:00
1778,Case_107,A,2023-01-07 15:07:00+00:00
1779,Case_541,A,2023-01-07 16:56:00+00:00
1780,Case_557,A,2023-01-07 17:11:00+00:00
1781,Case_541,C,2023-01-07 17:18:00+00:00
1782,Case_541,D,2023-01-07 17:22:00+00:00
1783,Case_541,B1,2023-01-07 17:23:00+00:00
1784,Case_557,C,2023-01-07 17:34:00+00:00
1785,Case_557,D,2023-01-07 17:35:00+00:00
1786,Case_557,B1,2023-01-07 17:38:00+00:00
1787,Case_411,A,2023-01-07 17:45:00+00:00
1788,Case_541,B2,2023-01-07 17:56:00+00:00
1789,Case_411,C,2023-01-07 18:02:00+00:00
1790,Case_411,D,2023-01-07 18:05:00+00:00
1791,Case_411,B1,2023-01-07 18:09:00+00:00
1792,Case_557,B2,2023-01-07 18:15:00+00:00
1793,Case_541,A,2023-01-07 18:41:00+00:00
1794,Case_411,B2,2023-01-07 18:43:00+00:00
1795,Case_921,A,2023-01-07 18:44:00+00:00
1796,Case_405,A,2023-01-07 18:48:00+00:00
1797,Case_863,A,2023-01-07 18:57:00+00:00
1798,Case_921,C,2023-01-07 19:06:00+00:00
1799,Case_541,E1,2023-01-07 19:08:00+00:00
1800,Case_921,D,2023-01-07 19:09:00+00:00
1801,Case_557,A,2023-01-07 19:09:00+00:00
1802,Case_921,B1,2023-01-07 19:11:00+00:00
1803,Case_405,C,2023-01-07 19:14:00+00:00
1804,Case_411,A,2023-01-07 19:14:00+00:00
1805,Case_405,D,2023-01-07 19:19:00+00:00
1806,Case_405,B1,2023-01-07 19:20:00+00:00
1807,Case_863,C,2023-01-07 19:25:00+00:00
1808,Case_921,B2,2023-01-07 19:29:00+00:00
1809,Case_863,B1,2023-01-07 19:29:00+00:00
1810,Case_863,D,2023-01-07 19:30:00+00:00
1811,Case_557,E1,2023-01-07 19:38:00+00:00
1812,Case_411,E1,2023-01-07 19:42:00+00:00
1813,Case_405,B2,2023-01-07 19:42:00+00:00
1814,Case_863,B2,2023-01-07 19:44:00+00:00
1815,Case_541,E2,2023-01-07 19:57:00+00:00
1816,Case_557,E2,2023-01-07 20:00:00+00:00
1817,Case_557,A,2023-01-07 20:18:00+00:00
1818,Case_411,E2,2023-01-07 20:23:00+00:00
1819,Case_921,A,2023-01-07 20:24:00+00:00
1820,Case_405,A,2023-01-07 20:30:00+00:00
1821,Case_541,A,2023-01-07 20:34:00+00:00
1822,Case_921,F,2023-01-07 20:37:00+00:00
1823,Case_863,A,2023-01-07 20:39:00+00:00
1824,Case_605,A,2023-01-07 20:44:00+00:00
1825,Case_405,F,2023-01-07 20:51:00+00:00
1826,Case_863,F,2023-01-07 20:52:00+00:00
1827,Case_605,C,2023-01-07 20:57:00+00:00
1828,Case_411,A,2023-01-07 20:58:00+00:00
1829,Case_605,D,2023-01-07 20:59:00+00:00
1830,Case_605,B1,2023-01-07 21:01:00+00:00
1831,Case_605,B2,2023-01-07 21:26:00+00:00
1832,Case_863,A,2023-01-07 21:32:00+00:00
1833,Case_862,A,2023-01-07 21:43:00+00:00
1834,Case_921,A,2023-01-07 21:44:00+00:00
1835,Case_862,C,2023-01-07 21:56:00+00:00
1836,Case_862,B1,2023-01-07 21:58:00+00:00
1837,Case_862,D,2023-01-07 22:00:00+00:00
1838,Case_405,A,2023-01-07 22:09:00+00:00
1839,Case_605,A,2023-01-07 22:20:00+00:00
1840,Case_862,B2,2023-01-07 22:22:00+00:00
1841,Case_688,A,2023-01-07 22:26:00+00:00
1842,Case_605,E1,2023-01-07 22:36:00+00:00
1843,Case_608,A,2023-01-07 22:54:00+00:00
1844,Case_862,A,2023-01-07 22:54:00+00:00
1845,Case_126,A,2023-01-07 22:56:00+00:00
1846,Case_162,A,2023-01-07 22:56:00+00:00
1847,Case_688,C,2023-01-07 22:56:00+00:00
1848,Case_688,D,2023-01-07 22:58:00+00:00
1849,Case_688,B1,2023-01-07 22:59:00+00:00
1850,Case_738,A,2023-01-07 23:06:00+00:00
1851,Case_862,F,2023-01-07 23:07:00+00:00
1852,Case_605,E2,2023-01-07 23:07:00+00:00
1853,Case_162,C,2023-01-07 23:08:00+00:00
1854,Case_162,D,2023-01-07 23:09:00+00:00
1855,Case_162,B1,2023-01-07 23:11:00+00:00
1856,Case_608,C,2023-01-07 23:17:00+00:00
1857,Case_608,D,2023-01-07 23:19:00+00:00
1858,Case_608,B1,2023-01-07 23:24:00+00:00
1859,Case_126,C,2023-01-07 23:25:00+00:00
1860,Case_126,D,2023-01-07 23:27:00+00:00
1861,Case_688,B2,2023-01-07 23:30:00+00:00
1862,Case_126,B1,2023-01-07 23:31:00+00:00
1863,Case_738,C,2023-01-07 23:31:00+00:00
1864,Case_738,D,2023-01-07 23:34:00+00:00
1865,Case_738,B1,2023-01-07 23:36:00+00:00
1866,Case_605,A,2023-01-07 23:37:00+00:00
1867,Case_162,B2,2023-01-07 23:37:00+00:00
1868,Case_608,B2,2023-01-07 23:44:00+00:00
1869,Case_126,B2,2023-01-07 23:59:00+00:00
1870,Case_862,A,2023-01-08 00:03:00+00:00
1871,Case_738,B2,2023-01-08 00:10:00+00:00
1872,Case_688,A,2023-01-08 00:10:00+00:00
1873,Case_608,A,2023-01-08 00:16:00+00:00
1874,Case_162,A,2023-01-08 00:17:00+00:00
1875,Case_162,F,2023-01-08 00:33:00+00:00
1876,Case_688,F,2023-01-08 00:37:00+00:00
1877,Case_608,E1,2023-01-08 00:46:00+00:00
1878,Case_426,A,2023-01-08 00:48:00+00:00
1879,Case_126,A,2023-01-08 00:51:00+00:00
1880,Case_738,A,2023-01-08 00:55:00+00:00
1881,Case_126,E1,2023-01-08 01:01:00+00:00
1882,Case_291,A,2023-01-08 01:04:00+00:00
1883,Case_426,C,2023-01-08 01:12:00+00:00
1884,Case_426,D,2023-01-08 01:14:00+00:00
1885,Case_608,E2,2023-01-08 01:18:00+00:00
1886,Case_426,B1,2023-01-08 01:19:00+00:00
1887,Case_738,F,2023-01-08 01:23:00+00:00
1888,Case_291,C,2023-01-08 01:24:00+00:00
1889,Case_162,A,2023-01-08 01:24:00+00:00
1890,Case_291,B1,2023-01-08 01:26:00+00:00
1891,Case_291,D,2023-01-08 01:26:00+00:00
1892,Case_126,E2,2023-01-08 01:27:00+00:00
1893,Case_608,A,2023-01-08 01:33:00+00:00
1894,Case_291,B2,2023-01-08 01:46:00+00:00
1895,Case_688,A,2023-01-08 01:47:00+00:00
1896,Case_374,A,2023-01-08 01:47:00+00:00
1897,Case_35,A,2023-01-08 01:49:00+00:00
1898,Case_126,A,2023-01-08 01:50:00+00:00
1899,Case_426,B2,2023-01-08 01:59:00+00:00
1900,Case_374,C,2023-01-08 02:01:00+00:00
1901,Case_374,B1,2023-01-08 02:04:00+00:00
1902,Case_374,D,2023-01-08 02:05:00+00:00
1903,Case_35,C,2023-01-08 02:16:00+00:00
1904,Case_35,B1,2023-01-08 02:19:00+00:00
1905,Case_738,A,2023-01-08 02:20:00+00:00
1906,Case_35,D,2023-01-08 02:20:00+00:00
1907,Case_291,A,2023-01-08 02:29:00+00:00
1908,Case_374,B2,2023-01-08 02:34:00+00:00
1909,Case_426,A,2023-01-08 02:38:00+00:00
1910,Case_35,B2,2023-01-08 02:39:00+00:00
1911,Case_291,E1,2023-01-08 02:43:00+00:00
1912,Case_898,A,2023-01-08 02:58:00+00:00
1913,Case_426,E1,2023-01-08 03:07:00+00:00
1914,Case_898,C,2023-01-08 03:08:00+00:00
1915,Case_898,D,2023-01-08 03:10:00+00:00
1916,Case_898,B1,2023-01-08 03:13:00+00:00
1917,Case_291,E2,2023-01-08 03:16:00+00:00
1918,Case_35,A,2023-01-08 03:19:00+00:00
1919,Case_893,A,2023-01-08 03:32:00+00:00
1920,Case_374,A,2023-01-08 03:34:00+00:00
1921,Case_35,E1,2023-01-08 03:43:00+00:00
1922,Case_426,E2,2023-01-08 03:48:00+00:00
1923,Case_291,A,2023-01-08 03:50:00+00:00
1924,Case_306,A,2023-01-08 03:57:00+00:00
1925,Case_893,C,2023-01-08 03:57:00+00:00
1926,Case_898,B2,2023-01-08 03:58:00+00:00
1927,Case_893,B1,2023-01-08 04:00:00+00:00
1928,Case_374,E1,2023-01-08 04:01:00+00:00
1929,Case_893,D,2023-01-08 04:01:00+00:00
1930,Case_426,A,2023-01-08 04:07:00+00:00
1931,Case_306,C,2023-01-08 04:08:00+00:00
1932,Case_306,D,2023-01-08 04:10:00+00:00
1933,Case_306,B1,2023-01-08 04:12:00+00:00
1934,Case_893,B2,2023-01-08 04:17:00+00:00
1935,Case_358,A,2023-01-08 04:18:00+00:00
1936,Case_35,E2,2023-01-08 04:30:00+00:00
1937,Case_306,B2,2023-01-08 04:32:00+00:00
1938,Case_374,E2,2023-01-08 04:41:00+00:00
1939,Case_358,C,2023-01-08 04:45:00+00:00
1940,Case_148,A,2023-01-08 04:45:00+00:00
1941,Case_358,D,2023-01-08 04:46:00+00:00
1942,Case_358,B1,2023-01-08 04:47:00+00:00
1943,Case_898,A,2023-01-08 04:53:00+00:00
1944,Case_35,A,2023-01-08 04:56:00+00:00
1945,Case_374,A,2023-01-08 05:01:00+00:00
1946,Case_148,C,2023-01-08 05:09:00+00:00
1947,Case_358,B2,2023-01-08 05:10:00+00:00
1948,Case_148,B1,2023-01-08 05:11:00+00:00
1949,Case_148,D,2023-01-08 05:11:00+00:00
1950,Case_893,A,2023-01-08 05:13:00+00:00
1951,Case_898,E1,2023-01-08 05:19:00+00:00
1952,Case_306,A,2023-01-08 05:21:00+00:00
1953,Case_893,E1,2023-01-08 05:23:00+00:00
1954,Case_306,E1,2023-01-08 05:49:00+00:00
1955,Case_148,B2,2023-01-08 05:49:00+00:00
1956,Case_583,A,2023-01-08 05:50:00+00:00
1957,Case_893,E2,2023-01-08 05:50:00+00:00
1958,Case_898,E2,2023-01-08 05:52:00+00:00
1959,Case_437,A,2023-01-08 05:53:00+00:00
1960,Case_358,A,2023-01-08 06:04:00+00:00
1961,Case_583,C,2023-01-08 06:08:00+00:00
1962,Case_583,D,2023-01-08 06:09:00+00:00
1963,Case_583,B1,2023-01-08 06:10:00+00:00
1964,Case_437,C,2023-01-08 06:14:00+00:00
1965,Case_893,A,2023-01-08 06:14:00+00:00
1966,Case_437,D,2023-01-08 06:19:00+00:00
1967,Case_437,B1,2023-01-08 06:19:00+00:00
1968,Case_31,A,2023-01-08 06:23:00+00:00
1969,Case_148,A,2023-01-08 06:24:00+00:00
1970,Case_358,E1,2023-01-08 06:25:00+00:00
1971,Case_898,A,2023-01-08 06:28:00+00:00
1972,Case_306,E2,2023-01-08 06:33:00+00:00
1973,Case_31,C,2023-01-08 06:34:00+00:00
1974,Case_31,D,2023-01-08 06:37:00+00:00
1975,Case_31,B1,2023-01-08 06:38:00+00:00
1976,Case_437,B2,2023-01-08 06:39:00+00:00
1977,Case_148,E1,2023-01-08 06:43:00+00:00
1978,Case_128,A,2023-01-08 06:44:00+00:00
1979,Case_583,B2,2023-01-08 06:49:00+00:00
1980,Case_128,C,2023-01-08 07:03:00+00:00
1981,Case_306,A,2023-01-08 07:03:00+00:00
1982,Case_148,E2,2023-01-08 07:04:00+00:00
1983,Case_128,D,2023-01-08 07:08:00+00:00
1984,Case_128,B1,2023-01-08 07:09:00+00:00
1985,Case_358,E2,2023-01-08 07:09:00+00:00
1986,Case_31,B2,2023-01-08 07:12:00+00:00
1987,Case_583,A,2023-01-08 07:24:00+00:00
1988,Case_358,A,2023-01-08 07:25:00+00:00
1989,Case_148,A,2023-01-08 07:33:00+00:00
1990,Case_437,A,2023-01-08 07:39:00+00:00
1991,Case_975,A,2023-01-08 07:39:00+00:00
1992,Case_583,E1,2023-01-08 07:40:00+00:00
1993,Case_975,C,2023-01-08 07:50:00+00:00
1994,Case_128,B2,2023-01-08 07:52:00+00:00
1995,Case_975,D,2023-01-08 07:52:00+00:00
1996,Case_975,B1,2023-01-08 07:53:00+00:00
1997,Case_437,E1,2023-01-08 07:53:00+00:00
1998,Case_31,A,2023-01-08 08:06:00+00:00
1999,Case_975,B2,2023-01-08 08:15:00+00:00
2000,Case_128,A,2023-01-08 08:18:00+00:00
2001,Case_583,E2,2023-01-08 08:18:00+00:00
2002,Case_31,F,2023-01-08 08:21:00+00:00
2003,Case_164,A,2023-01-08 08:27:00+00:00
2004,Case_397,A,2023-01-08 08:29:00+00:00
2005,Case_128,E1,2023-01-08 08:32:00+00:00
2006,Case_437,E2,2023-01-08 08:39:00+00:00
2007,Case_164,C,2023-01-08 08:49:00+00:00
2008,Case_164,D,2023-01-08 08:51:00+00:00
2009,Case_583,A,2023-01-08 08:55:00+00:00
2010,Case_164,B1,2023-01-08 08:56:00+00:00
2011,Case_397,C,2023-01-08 08:59:00+00:00
2012,Case_397,D,2023-01-08 09:00:00+00:00
2013,Case_437,A,2023-01-08 09:00:00+00:00
2014,Case_975,A,2023-01-08 09:01:00+00:00
2015,Case_397,B1,2023-01-08 09:05:00+00:00
2016,Case_128,E2,2023-01-08 09:17:00+00:00
2017,Case_164,B2,2023-01-08 09:19:00+00:00
2018,Case_975,E1,2023-01-08 09:21:00+00:00
2019,Case_428,A,2023-01-08 09:29:00+00:00
2020,Case_71,A,2023-01-08 09:39:00+00:00
2021,Case_31,A,2023-01-08 09:41:00+00:00
2022,Case_397,B2,2023-01-08 09:43:00+00:00
2023,Case_128,A,2023-01-08 09:45:00+00:00
2024,Case_428,C,2023-01-08 09:49:00+00:00
2025,Case_428,D,2023-01-08 09:50:00+00:00
2026,Case_428,B1,2023-01-08 09:56:00+00:00
2027,Case_975,E2,2023-01-08 10:05:00+00:00
2028,Case_71,C,2023-01-08 10:06:00+00:00
2029,Case_71,D,2023-01-08 10:08:00+00:00
2030,Case_71,B1,2023-01-08 10:09:00+00:00
2031,Case_428,B2,2023-01-08 10:13:00+00:00
2032,Case_164,A,2023-01-08 10:19:00+00:00
2033,Case_397,A,2023-01-08 10:20:00+00:00
2034,Case_83,A,2023-01-08 10:28:00+00:00
2035,Case_71,B2,2023-01-08 10:39:00+00:00
2036,Case_397,F,2023-01-08 10:41:00+00:00
2037,Case_975,A,2023-01-08 10:41:00+00:00
2038,Case_164,F,2023-01-08 10:42:00+00:00
2039,Case_702,A,2023-01-08 10:52:00+00:00
2040,Case_83,C,2023-01-08 10:56:00+00:00
2041,Case_83,B1,2023-01-08 11:00:00+00:00
2042,Case_83,D,2023-01-08 11:01:00+00:00
2043,Case_702,C,2023-01-08 11:02:00+00:00
2044,Case_428,A,2023-01-08 11:04:00+00:00
2045,Case_702,D,2023-01-08 11:04:00+00:00
2046,Case_702,B1,2023-01-08 11:07:00+00:00
2047,Case_71,A,2023-01-08 11:16:00+00:00
2048,Case_164,A,2023-01-08 11:21:00+00:00
2049,Case_702,B2,2023-01-08 11:22:00+00:00
2050,Case_428,E1,2023-01-08 11:34:00+00:00
2051,Case_71,E1,2023-01-08 11:36:00+00:00
2052,Case_83,B2,2023-01-08 11:43:00+00:00
2053,Case_397,A,2023-01-08 11:47:00+00:00
2054,Case_281,A,2023-01-08 11:49:00+00:00
2055,Case_428,E2,2023-01-08 12:05:00+00:00
2056,Case_71,E2,2023-01-08 12:06:00+00:00
2057,Case_83,A,2023-01-08 12:06:00+00:00
2058,Case_702,A,2023-01-08 12:09:00+00:00
2059,Case_644,A,2023-01-08 12:16:00+00:00
2060,Case_83,F,2023-01-08 12:17:00+00:00
2061,Case_281,C,2023-01-08 12:19:00+00:00
2062,Case_281,B1,2023-01-08 12:21:00+00:00
2063,Case_281,D,2023-01-08 12:21:00+00:00
2064,Case_188,A,2023-01-08 12:21:00+00:00
2065,Case_428,A,2023-01-08 12:22:00+00:00
2066,Case_702,E1,2023-01-08 12:25:00+00:00
2067,Case_188,C,2023-01-08 12:31:00+00:00
2068,Case_188,B1,2023-01-08 12:34:00+00:00
2069,Case_188,D,2023-01-08 12:35:00+00:00
2070,Case_71,A,2023-01-08 12:38:00+00:00
2071,Case_644,C,2023-01-08 12:46:00+00:00
2072,Case_644,D,2023-01-08 12:47:00+00:00
2073,Case_644,B1,2023-01-08 12:53:00+00:00
2074,Case_281,B2,2023-01-08 12:56:00+00:00
2075,Case_188,B2,2023-01-08 13:07:00+00:00
2076,Case_926,A,2023-01-08 13:13:00+00:00
2077,Case_702,E2,2023-01-08 13:14:00+00:00
2078,Case_644,B2,2023-01-08 13:17:00+00:00
2079,Case_83,A,2023-01-08 13:21:00+00:00
2080,Case_926,C,2023-01-08 13:33:00+00:00
2081,Case_702,A,2023-01-08 13:33:00+00:00
2082,Case_926,D,2023-01-08 13:34:00+00:00
2083,Case_274,A,2023-01-08 13:39:00+00:00
2084,Case_281,A,2023-01-08 13:39:00+00:00
2085,Case_926,B1,2023-01-08 13:40:00+00:00
2086,Case_188,A,2023-01-08 13:41:00+00:00
2087,Case_644,A,2023-01-08 13:51:00+00:00
2088,Case_274,C,2023-01-08 13:52:00+00:00
2089,Case_274,D,2023-01-08 13:55:00+00:00
2090,Case_274,B1,2023-01-08 13:56:00+00:00
2091,Case_281,F,2023-01-08 13:57:00+00:00
2092,Case_926,B2,2023-01-08 13:59:00+00:00
2093,Case_188,E1,2023-01-08 14:07:00+00:00
2094,Case_644,E1,2023-01-08 14:14:00+00:00
2095,Case_274,B2,2023-01-08 14:15:00+00:00
2096,Case_188,E2,2023-01-08 14:27:00+00:00
2097,Case_188,A,2023-01-08 14:42:00+00:00
2098,Case_926,A,2023-01-08 14:55:00+00:00
2099,Case_644,E2,2023-01-08 14:56:00+00:00
2100,Case_274,A,2023-01-08 14:59:00+00:00
2101,Case_926,F,2023-01-08 15:07:00+00:00
2102,Case_274,E1,2023-01-08 15:13:00+00:00
2103,Case_281,A,2023-01-08 15:14:00+00:00
2104,Case_644,A,2023-01-08 15:14:00+00:00
2105,Case_698,A,2023-01-08 15:16:00+00:00
2106,Case_698,C,2023-01-08 15:28:00+00:00
2107,Case_698,D,2023-01-08 15:33:00+00:00
2108,Case_698,B1,2023-01-08 15:34:00+00:00
2109,Case_926,A,2023-01-08 15:47:00+00:00
2110,Case_274,E2,2023-01-08 15:54:00+00:00
2111,Case_698,B2,2023-01-08 16:09:00+00:00
2112,Case_274,A,2023-01-08 16:13:00+00:00
2113,Case_698,A,2023-01-08 16:39:00+00:00
2114,Case_698,F,2023-01-08 17:03:00+00:00
2115,Case_528,A,2023-01-08 17:20:00+00:00
2116,Case_528,C,2023-01-08 17:50:00+00:00
2117,Case_698,A,2023-01-08 17:51:00+00:00
2118,Case_528,D,2023-01-08 17:52:00+00:00
2119,Case_528,B1,2023-01-08 17:56:00+00:00
2120,Case_528,B2,2023-01-08 18:32:00+00:00
2121,Case_80,A,2023-01-08 18:55:00+00:00
2122,Case_80,C,2023-01-08 19:09:00+00:00
2123,Case_80,D,2023-01-08 19:10:00+00:00
2124,Case_80,B1,2023-01-08 19:16:00+00:00
2125,Case_528,A,2023-01-08 19:20:00+00:00
2126,Case_528,F,2023-01-08 19:36:00+00:00
2127,Case_80,B2,2023-01-08 19:43:00+00:00
2128,Case_528,A,2023-01-08 20:17:00+00:00
2129,Case_80,A,2023-01-08 20:27:00+00:00
2130,Case_80,F,2023-01-08 20:50:00+00:00
2131,Case_80,A,2023-01-08 21:33:00+00:00
2132,Case_895,A,2023-01-08 21:51:00+00:00
2133,Case_507,A,2023-01-08 22:05:00+00:00
2134,Case_895,C,2023-01-08 22:08:00+00:00
2135,Case_895,D,2023-01-08 22:09:00+00:00
2136,Case_895,B1,2023-01-08 22:14:00+00:00
2137,Case_507,C,2023-01-08 22:15:00+00:00
2138,Case_507,D,2023-01-08 22:18:00+00:00
2139,Case_507,B1,2023-01-08 22:21:00+00:00
2140,Case_895,B2,2023-01-08 22:48:00+00:00
2141,Case_507,B2,2023-01-08 22:55:00+00:00
2142,Case_957,A,2023-01-08 23:21:00+00:00
2143,Case_957,C,2023-01-08 23:32:00+00:00
2144,Case_957,D,2023-01-08 23:34:00+00:00
2145,Case_957,B1,2023-01-08 23:37:00+00:00
2146,Case_895,A,2023-01-08 23:46:00+00:00
2147,Case_507,A,2023-01-08 23:47:00+00:00
2148,Case_957,B2,2023-01-08 23:55:00+00:00
2149,Case_507,E1,2023-01-09 00:03:00+00:00
2150,Case_563,A,2023-01-09 00:06:00+00:00
2151,Case_895,F,2023-01-09 00:15:00+00:00
2152,Case_563,C,2023-01-09 00:16:00+00:00
2153,Case_563,D,2023-01-09 00:19:00+00:00
2154,Case_563,B1,2023-01-09 00:21:00+00:00
2155,Case_740,A,2023-01-09 00:23:00+00:00
2156,Case_507,E2,2023-01-09 00:32:00+00:00
2157,Case_740,C,2023-01-09 00:38:00+00:00
2158,Case_740,B1,2023-01-09 00:40:00+00:00
2159,Case_740,D,2023-01-09 00:42:00+00:00
2160,Case_957,A,2023-01-09 00:52:00+00:00
2161,Case_740,B2,2023-01-09 00:55:00+00:00
2162,Case_563,B2,2023-01-09 01:03:00+00:00
2163,Case_507,A,2023-01-09 01:07:00+00:00
2164,Case_957,E1,2023-01-09 01:17:00+00:00
2165,Case_429,A,2023-01-09 01:23:00+00:00
2166,Case_429,C,2023-01-09 01:34:00+00:00
2167,Case_895,A,2023-01-09 01:34:00+00:00
2168,Case_429,D,2023-01-09 01:35:00+00:00
2169,Case_957,E2,2023-01-09 01:39:00+00:00
2170,Case_429,B1,2023-01-09 01:39:00+00:00
2171,Case_740,A,2023-01-09 01:56:00+00:00
2172,Case_563,A,2023-01-09 01:59:00+00:00
2173,Case_740,F,2023-01-09 02:08:00+00:00
2174,Case_957,A,2023-01-09 02:10:00+00:00
2175,Case_429,B2,2023-01-09 02:10:00+00:00
2176,Case_563,F,2023-01-09 02:22:00+00:00
2177,Case_740,A,2023-01-09 02:56:00+00:00
2178,Case_465,A,2023-01-09 03:02:00+00:00
2179,Case_429,A,2023-01-09 03:03:00+00:00
2180,Case_153,A,2023-01-09 03:08:00+00:00
2181,Case_465,C,2023-01-09 03:25:00+00:00
2182,Case_153,C,2023-01-09 03:27:00+00:00
2183,Case_465,D,2023-01-09 03:29:00+00:00
2184,Case_153,B1,2023-01-09 03:30:00+00:00
2185,Case_465,B1,2023-01-09 03:32:00+00:00
2186,Case_153,D,2023-01-09 03:32:00+00:00
2187,Case_429,E1,2023-01-09 03:33:00+00:00
2188,Case_563,A,2023-01-09 03:40:00+00:00
2189,Case_432,A,2023-01-09 03:54:00+00:00
2190,Case_829,A,2023-01-09 03:59:00+00:00
2191,Case_153,B2,2023-01-09 04:02:00+00:00
2192,Case_465,B2,2023-01-09 04:04:00+00:00
2193,Case_829,C,2023-01-09 04:12:00+00:00
2194,Case_829,B1,2023-01-09 04:14:00+00:00
2195,Case_429,E2,2023-01-09 04:17:00+00:00
2196,Case_829,D,2023-01-09 04:17:00+00:00
2197,Case_432,C,2023-01-09 04:24:00+00:00
2198,Case_432,D,2023-01-09 04:27:00+00:00
2199,Case_432,B1,2023-01-09 04:29:00+00:00
2200,Case_829,B2,2023-01-09 04:38:00+00:00
2201,Case_153,A,2023-01-09 04:42:00+00:00
2202,Case_429,A,2023-01-09 04:45:00+00:00
2203,Case_465,A,2023-01-09 04:58:00+00:00
2204,Case_153,E1,2023-01-09 05:04:00+00:00
2205,Case_432,B2,2023-01-09 05:07:00+00:00
2206,Case_829,A,2023-01-09 05:20:00+00:00
2207,Case_465,F,2023-01-09 05:27:00+00:00
2208,Case_829,F,2023-01-09 05:33:00+00:00
2209,Case_432,A,2023-01-09 05:42:00+00:00
2210,Case_153,E2,2023-01-09 05:48:00+00:00
2211,Case_432,F,2023-01-09 05:53:00+00:00
2212,Case_465,A,2023-01-09 06:07:00+00:00
2213,Case_963,A,2023-01-09 06:14:00+00:00
2214,Case_829,A,2023-01-09 06:16:00+00:00
2215,Case_153,A,2023-01-09 06:23:00+00:00
2216,Case_963,C,2023-01-09 06:24:00+00:00
2217,Case_963,D,2023-01-09 06:28:00+00:00
2218,Case_659,A,2023-01-09 06:29:00+00:00
2219,Case_963,B1,2023-01-09 06:30:00+00:00
2220,Case_765,A,2023-01-09 06:37:00+00:00
2221,Case_659,C,2023-01-09 06:42:00+00:00
2222,Case_659,D,2023-01-09 06:43:00+00:00
2223,Case_659,B1,2023-01-09 06:47:00+00:00
2224,Case_432,A,2023-01-09 06:55:00+00:00
2225,Case_963,B2,2023-01-09 07:01:00+00:00
2226,Case_765,C,2023-01-09 07:07:00+00:00
2227,Case_659,B2,2023-01-09 07:10:00+00:00
2228,Case_765,D,2023-01-09 07:11:00+00:00
2229,Case_765,B1,2023-01-09 07:13:00+00:00
2230,Case_963,A,2023-01-09 07:37:00+00:00
2231,Case_765,B2,2023-01-09 07:39:00+00:00
2232,Case_963,F,2023-01-09 07:52:00+00:00
2233,Case_659,A,2023-01-09 08:03:00+00:00
2234,Case_765,A,2023-01-09 08:05:00+00:00
2235,Case_659,F,2023-01-09 08:15:00+00:00
2236,Case_260,A,2023-01-09 08:25:00+00:00
2237,Case_765,E1,2023-01-09 08:30:00+00:00
2238,Case_260,C,2023-01-09 08:40:00+00:00
2239,Case_260,D,2023-01-09 08:41:00+00:00
2240,Case_963,A,2023-01-09 08:44:00+00:00
2241,Case_260,B1,2023-01-09 08:47:00+00:00
2242,Case_765,E2,2023-01-09 08:55:00+00:00
2243,Case_765,A,2023-01-09 09:21:00+00:00
2244,Case_850,A,2023-01-09 09:22:00+00:00
2245,Case_260,B2,2023-01-09 09:25:00+00:00
2246,Case_659,A,2023-01-09 09:26:00+00:00
2247,Case_850,C,2023-01-09 09:32:00+00:00
2248,Case_850,D,2023-01-09 09:33:00+00:00
2249,Case_850,B1,2023-01-09 09:36:00+00:00
2250,Case_260,A,2023-01-09 09:52:00+00:00
2251,Case_850,B2,2023-01-09 10:03:00+00:00
2252,Case_260,E1,2023-01-09 10:09:00+00:00
2253,Case_815,A,2023-01-09 10:13:00+00:00
2254,Case_260,E2,2023-01-09 10:29:00+00:00
2255,Case_850,A,2023-01-09 10:32:00+00:00
2256,Case_815,C,2023-01-09 10:40:00+00:00
2257,Case_815,B1,2023-01-09 10:44:00+00:00
2258,Case_815,D,2023-01-09 10:44:00+00:00
2259,Case_260,A,2023-01-09 10:45:00+00:00
2260,Case_850,E1,2023-01-09 10:47:00+00:00
2261,Case_310,A,2023-01-09 10:58:00+00:00
2262,Case_815,B2,2023-01-09 11:06:00+00:00
2263,Case_310,C,2023-01-09 11:26:00+00:00
2264,Case_310,D,2023-01-09 11:27:00+00:00
2265,Case_310,B1,2023-01-09 11:33:00+00:00
2266,Case_850,E2,2023-01-09 11:34:00+00:00
2267,Case_850,A,2023-01-09 11:50:00+00:00
2268,Case_815,A,2023-01-09 12:01:00+00:00
2269,Case_310,B2,2023-01-09 12:16:00+00:00
2270,Case_815,F,2023-01-09 12:21:00+00:00
2271,Case_310,A,2023-01-09 12:39:00+00:00
2272,Case_310,F,2023-01-09 12:54:00+00:00
2273,Case_815,A,2023-01-09 13:00:00+00:00
2274,Case_310,A,2023-01-09 14:02:00+00:00
2275,Case_292,A,2023-01-09 15:25:00+00:00
2276,Case_292,C,2023-01-09 15:36:00+00:00
2277,Case_292,D,2023-01-09 15:37:00+00:00
2278,Case_480,A,2023-01-09 15:37:00+00:00
2279,Case_292,B1,2023-01-09 15:40:00+00:00
2280,Case_255,A,2023-01-09 15:45:00+00:00
2281,Case_480,C,2023-01-09 15:47:00+00:00
2282,Case_480,D,2023-01-09 15:49:00+00:00
2283,Case_480,B1,2023-01-09 15:53:00+00:00
2284,Case_236,A,2023-01-09 15:58:00+00:00
2285,Case_236,C,2023-01-09 16:08:00+00:00
2286,Case_236,D,2023-01-09 16:13:00+00:00
2287,Case_255,C,2023-01-09 16:13:00+00:00
2288,Case_255,D,2023-01-09 16:15:00+00:00
2289,Case_236,B1,2023-01-09 16:15:00+00:00
2290,Case_292,B2,2023-01-09 16:19:00+00:00
2291,Case_255,B1,2023-01-09 16:19:00+00:00
2292,Case_480,B2,2023-01-09 16:33:00+00:00
2293,Case_777,A,2023-01-09 16:41:00+00:00
2294,Case_236,B2,2023-01-09 16:56:00+00:00
2295,Case_255,B2,2023-01-09 16:58:00+00:00
2296,Case_292,A,2023-01-09 16:58:00+00:00
2297,Case_777,C,2023-01-09 17:03:00+00:00
2298,Case_777,B1,2023-01-09 17:06:00+00:00
2299,Case_777,D,2023-01-09 17:06:00+00:00
2300,Case_816,A,2023-01-09 17:12:00+00:00
2301,Case_480,A,2023-01-09 17:12:00+00:00
2302,Case_254,A,2023-01-09 17:16:00+00:00
2303,Case_236,A,2023-01-09 17:16:00+00:00
2304,Case_292,F,2023-01-09 17:18:00+00:00
2305,Case_816,C,2023-01-09 17:26:00+00:00
2306,Case_816,B1,2023-01-09 17:28:00+00:00
2307,Case_816,D,2023-01-09 17:29:00+00:00
2308,Case_504,A,2023-01-09 17:32:00+00:00
2309,Case_255,A,2023-01-09 17:33:00+00:00
2310,Case_236,F,2023-01-09 17:36:00+00:00
2311,Case_777,B2,2023-01-09 17:37:00+00:00
2312,Case_254,C,2023-01-09 17:40:00+00:00
2313,Case_254,D,2023-01-09 17:41:00+00:00
2314,Case_480,F,2023-01-09 17:41:00+00:00
2315,Case_254,B1,2023-01-09 17:42:00+00:00
2316,Case_255,F,2023-01-09 17:47:00+00:00
2317,Case_504,C,2023-01-09 18:00:00+00:00
2318,Case_58,A,2023-01-09 18:01:00+00:00
2319,Case_504,B1,2023-01-09 18:03:00+00:00
2320,Case_504,D,2023-01-09 18:04:00+00:00
2321,Case_816,B2,2023-01-09 18:12:00+00:00
2322,Case_254,B2,2023-01-09 18:13:00+00:00
2323,Case_811,A,2023-01-09 18:21:00+00:00
2324,Case_292,A,2023-01-09 18:22:00+00:00
2325,Case_58,C,2023-01-09 18:23:00+00:00
2326,Case_504,B2,2023-01-09 18:25:00+00:00
2327,Case_58,D,2023-01-09 18:26:00+00:00
2328,Case_777,A,2023-01-09 18:27:00+00:00
2329,Case_58,B1,2023-01-09 18:28:00+00:00
2330,Case_480,A,2023-01-09 18:39:00+00:00
2331,Case_816,A,2023-01-09 18:46:00+00:00
2332,Case_255,A,2023-01-09 18:48:00+00:00
2333,Case_811,C,2023-01-09 18:49:00+00:00
2334,Case_777,F,2023-01-09 18:50:00+00:00
2335,Case_811,D,2023-01-09 18:51:00+00:00
2336,Case_58,B2,2023-01-09 18:51:00+00:00
2337,Case_811,B1,2023-01-09 18:52:00+00:00
2338,Case_236,A,2023-01-09 18:53:00+00:00
2339,Case_450,A,2023-01-09 18:56:00+00:00
2340,Case_254,A,2023-01-09 18:57:00+00:00
2341,Case_504,A,2023-01-09 19:11:00+00:00
2342,Case_816,F,2023-01-09 19:12:00+00:00
2343,Case_450,C,2023-01-09 19:17:00+00:00
2344,Case_450,D,2023-01-09 19:19:00+00:00
2345,Case_811,B2,2023-01-09 19:21:00+00:00
2346,Case_450,B1,2023-01-09 19:21:00+00:00
2347,Case_254,E1,2023-01-09 19:27:00+00:00
2348,Case_777,A,2023-01-09 19:28:00+00:00
2349,Case_504,E1,2023-01-09 19:29:00+00:00
2350,Case_58,A,2023-01-09 19:37:00+00:00
2351,Case_58,E1,2023-01-09 19:49:00+00:00
2352,Case_254,E2,2023-01-09 19:49:00+00:00
2353,Case_450,B2,2023-01-09 19:50:00+00:00
2354,Case_825,A,2023-01-09 20:01:00+00:00
2355,Case_816,A,2023-01-09 20:10:00+00:00
2356,Case_811,A,2023-01-09 20:10:00+00:00
2357,Case_58,E2,2023-01-09 20:13:00+00:00
2358,Case_504,E2,2023-01-09 20:18:00+00:00
2359,Case_825,C,2023-01-09 20:20:00+00:00
2360,Case_254,A,2023-01-09 20:22:00+00:00
2361,Case_552,A,2023-01-09 20:22:00+00:00
2362,Case_825,B1,2023-01-09 20:23:00+00:00
2363,Case_825,D,2023-01-09 20:25:00+00:00
2364,Case_811,F,2023-01-09 20:30:00+00:00
2365,Case_450,A,2023-01-09 20:36:00+00:00
2366,Case_552,C,2023-01-09 20:43:00+00:00
2367,Case_552,D,2023-01-09 20:48:00+00:00
2368,Case_450,F,2023-01-09 20:49:00+00:00
2369,Case_552,B1,2023-01-09 20:50:00+00:00
2370,Case_58,A,2023-01-09 20:52:00+00:00
2371,Case_504,A,2023-01-09 20:58:00+00:00
2372,Case_825,B2,2023-01-09 21:04:00+00:00
2373,Case_552,B2,2023-01-09 21:14:00+00:00
2374,Case_811,A,2023-01-09 21:39:00+00:00
2375,Case_825,A,2023-01-09 21:44:00+00:00
2376,Case_552,A,2023-01-09 21:50:00+00:00
2377,Case_825,F,2023-01-09 21:58:00+00:00
2378,Case_552,F,2023-01-09 22:05:00+00:00
2379,Case_450,A,2023-01-09 22:07:00+00:00
2380,Case_825,A,2023-01-09 22:48:00+00:00
2381,Case_552,A,2023-01-09 23:05:00+00:00
2382,Case_487,A,2023-01-09 23:12:00+00:00
2383,Case_487,C,2023-01-09 23:36:00+00:00
2384,Case_487,B1,2023-01-09 23:38:00+00:00
2385,Case_487,D,2023-01-09 23:41:00+00:00
2386,Case_915,A,2023-01-10 00:04:00+00:00
2387,Case_487,B2,2023-01-10 00:07:00+00:00
2388,Case_915,C,2023-01-10 00:21:00+00:00
2389,Case_915,D,2023-01-10 00:23:00+00:00
2390,Case_915,B1,2023-01-10 00:25:00+00:00
2391,Case_711,A,2023-01-10 00:37:00+00:00
2392,Case_487,A,2023-01-10 00:41:00+00:00
2393,Case_487,F,2023-01-10 00:55:00+00:00
2394,Case_711,C,2023-01-10 00:55:00+00:00
2395,Case_711,D,2023-01-10 00:56:00+00:00
2396,Case_711,B1,2023-01-10 00:57:00+00:00
2397,Case_915,B2,2023-01-10 01:01:00+00:00
2398,Case_22,A,2023-01-10 01:11:00+00:00
2399,Case_161,A,2023-01-10 01:15:00+00:00
2400,Case_711,B2,2023-01-10 01:18:00+00:00
2401,Case_22,C,2023-01-10 01:24:00+00:00
2402,Case_161,C,2023-01-10 01:25:00+00:00
2403,Case_22,B1,2023-01-10 01:27:00+00:00
2404,Case_22,D,2023-01-10 01:28:00+00:00
2405,Case_161,B1,2023-01-10 01:29:00+00:00
2406,Case_161,D,2023-01-10 01:29:00+00:00
2407,Case_540,A,2023-01-10 01:30:00+00:00
2408,Case_487,A,2023-01-10 01:33:00+00:00
2409,Case_540,C,2023-01-10 01:41:00+00:00
2410,Case_540,B1,2023-01-10 01:44:00+00:00
2411,Case_685,A,2023-01-10 01:45:00+00:00
2412,Case_540,D,2023-01-10 01:46:00+00:00
2413,Case_161,B2,2023-01-10 01:50:00+00:00
2414,Case_443,A,2023-01-10 01:59:00+00:00
2415,Case_915,A,2023-01-10 02:01:00+00:00
2416,Case_685,C,2023-01-10 02:10:00+00:00
2417,Case_22,B2,2023-01-10 02:11:00+00:00
2418,Case_685,D,2023-01-10 02:11:00+00:00
2419,Case_685,B1,2023-01-10 02:15:00+00:00
2420,Case_443,C,2023-01-10 02:16:00+00:00
2421,Case_443,B1,2023-01-10 02:18:00+00:00
2422,Case_540,B2,2023-01-10 02:19:00+00:00
2423,Case_443,D,2023-01-10 02:21:00+00:00
2424,Case_161,A,2023-01-10 02:21:00+00:00
2425,Case_711,A,2023-01-10 02:23:00+00:00
2426,Case_915,F,2023-01-10 02:31:00+00:00
2427,Case_685,B2,2023-01-10 02:34:00+00:00
2428,Case_711,F,2023-01-10 02:37:00+00:00
2429,Case_161,F,2023-01-10 02:39:00+00:00
2430,Case_443,B2,2023-01-10 02:45:00+00:00
2431,Case_540,A,2023-01-10 02:57:00+00:00
2432,Case_22,A,2023-01-10 03:07:00+00:00
2433,Case_685,A,2023-01-10 03:20:00+00:00
2434,Case_540,F,2023-01-10 03:22:00+00:00
2435,Case_161,A,2023-01-10 03:23:00+00:00
2436,Case_22,E1,2023-01-10 03:30:00+00:00
2437,Case_711,A,2023-01-10 03:33:00+00:00
2438,Case_685,E1,2023-01-10 03:36:00+00:00
2439,Case_443,A,2023-01-10 03:36:00+00:00
2440,Case_195,A,2023-01-10 03:42:00+00:00
2441,Case_915,A,2023-01-10 03:43:00+00:00
2442,Case_443,E1,2023-01-10 04:01:00+00:00
2443,Case_22,E2,2023-01-10 04:02:00+00:00
2444,Case_195,C,2023-01-10 04:10:00+00:00
2445,Case_195,D,2023-01-10 04:13:00+00:00
2446,Case_195,B1,2023-01-10 04:14:00+00:00
2447,Case_685,E2,2023-01-10 04:21:00+00:00
2448,Case_540,A,2023-01-10 04:32:00+00:00
2449,Case_22,A,2023-01-10 04:32:00+00:00
2450,Case_195,B2,2023-01-10 04:34:00+00:00
2451,Case_443,E2,2023-01-10 04:36:00+00:00
2452,Case_685,A,2023-01-10 04:52:00+00:00
2453,Case_443,A,2023-01-10 05:02:00+00:00
2454,Case_195,A,2023-01-10 05:12:00+00:00
2455,Case_195,E1,2023-01-10 05:32:00+00:00
2456,Case_195,E2,2023-01-10 05:52:00+00:00
2457,Case_380,A,2023-01-10 06:22:00+00:00
2458,Case_195,A,2023-01-10 06:32:00+00:00
2459,Case_380,C,2023-01-10 06:40:00+00:00
2460,Case_380,D,2023-01-10 06:44:00+00:00
2461,Case_380,B1,2023-01-10 06:44:00+00:00
2462,Case_331,A,2023-01-10 07:06:00+00:00
2463,Case_331,C,2023-01-10 07:23:00+00:00
2464,Case_380,B2,2023-01-10 07:23:00+00:00
2465,Case_331,D,2023-01-10 07:28:00+00:00
2466,Case_331,B1,2023-01-10 07:30:00+00:00
2467,Case_331,B2,2023-01-10 07:46:00+00:00
2468,Case_380,A,2023-01-10 08:20:00+00:00
2469,Case_380,E1,2023-01-10 08:37:00+00:00
2470,Case_331,A,2023-01-10 08:43:00+00:00
2471,Case_380,E2,2023-01-10 09:00:00+00:00
2472,Case_331,E1,2023-01-10 09:11:00+00:00
2473,Case_380,A,2023-01-10 09:22:00+00:00
2474,Case_618,A,2023-01-10 09:55:00+00:00
2475,Case_331,E2,2023-01-10 09:56:00+00:00
2476,Case_618,C,2023-01-10 10:16:00+00:00
2477,Case_618,D,2023-01-10 10:18:00+00:00
2478,Case_618,B1,2023-01-10 10:19:00+00:00
2479,Case_331,A,2023-01-10 10:23:00+00:00
2480,Case_618,B2,2023-01-10 10:52:00+00:00
2481,Case_888,A,2023-01-10 10:57:00+00:00
2482,Case_888,C,2023-01-10 11:18:00+00:00
2483,Case_888,B1,2023-01-10 11:21:00+00:00
2484,Case_888,D,2023-01-10 11:23:00+00:00
2485,Case_618,A,2023-01-10 11:45:00+00:00
2486,Case_888,B2,2023-01-10 11:54:00+00:00
2487,Case_618,E1,2023-01-10 12:06:00+00:00
2488,Case_618,E2,2023-01-10 12:26:00+00:00
2489,Case_888,A,2023-01-10 12:48:00+00:00
2490,Case_74,A,2023-01-10 12:50:00+00:00
2491,Case_74,C,2023-01-10 13:01:00+00:00
2492,Case_74,D,2023-01-10 13:02:00+00:00
2493,Case_618,A,2023-01-10 13:03:00+00:00
2494,Case_74,B1,2023-01-10 13:07:00+00:00
2495,Case_888,E1,2023-01-10 13:13:00+00:00
2496,Case_419,A,2023-01-10 13:27:00+00:00
2497,Case_74,B2,2023-01-10 13:29:00+00:00
2498,Case_516,A,2023-01-10 13:34:00+00:00
2499,Case_888,E2,2023-01-10 13:38:00+00:00
2500,Case_516,C,2023-01-10 13:48:00+00:00
2501,Case_516,D,2023-01-10 13:49:00+00:00
2502,Case_74,A,2023-01-10 13:50:00+00:00
2503,Case_516,B1,2023-01-10 13:52:00+00:00
2504,Case_419,C,2023-01-10 13:56:00+00:00
2505,Case_419,D,2023-01-10 13:58:00+00:00
2506,Case_378,A,2023-01-10 14:03:00+00:00
2507,Case_419,B1,2023-01-10 14:03:00+00:00
2508,Case_888,A,2023-01-10 14:08:00+00:00
2509,Case_74,F,2023-01-10 14:16:00+00:00
2510,Case_419,B2,2023-01-10 14:23:00+00:00
2511,Case_98,A,2023-01-10 14:26:00+00:00
2512,Case_890,A,2023-01-10 14:29:00+00:00
2513,Case_378,C,2023-01-10 14:31:00+00:00
2514,Case_378,D,2023-01-10 14:34:00+00:00
2515,Case_378,B1,2023-01-10 14:35:00+00:00
2516,Case_516,B2,2023-01-10 14:37:00+00:00
2517,Case_890,C,2023-01-10 14:44:00+00:00
2518,Case_890,D,2023-01-10 14:47:00+00:00
2519,Case_890,B1,2023-01-10 14:51:00+00:00
2520,Case_378,B2,2023-01-10 14:54:00+00:00
2521,Case_98,C,2023-01-10 14:56:00+00:00
2522,Case_98,D,2023-01-10 14:58:00+00:00
2523,Case_98,B1,2023-01-10 15:02:00+00:00
2524,Case_419,A,2023-01-10 15:03:00+00:00
2525,Case_516,A,2023-01-10 15:07:00+00:00
2526,Case_664,A,2023-01-10 15:11:00+00:00
2527,Case_74,A,2023-01-10 15:12:00+00:00
2528,Case_419,F,2023-01-10 15:14:00+00:00
2529,Case_890,B2,2023-01-10 15:15:00+00:00
2530,Case_193,A,2023-01-10 15:20:00+00:00
2531,Case_378,A,2023-01-10 15:24:00+00:00
2532,Case_516,E1,2023-01-10 15:28:00+00:00
2533,Case_193,C,2023-01-10 15:33:00+00:00
2534,Case_193,B1,2023-01-10 15:37:00+00:00
2535,Case_193,D,2023-01-10 15:37:00+00:00
2536,Case_98,B2,2023-01-10 15:39:00+00:00
2537,Case_664,C,2023-01-10 15:39:00+00:00
2538,Case_767,A,2023-01-10 15:41:00+00:00
2539,Case_664,B1,2023-01-10 15:42:00+00:00
2540,Case_664,D,2023-01-10 15:44:00+00:00
2541,Case_378,E1,2023-01-10 15:47:00+00:00
2542,Case_767,C,2023-01-10 15:56:00+00:00
2543,Case_767,D,2023-01-10 15:57:00+00:00
2544,Case_890,A,2023-01-10 15:58:00+00:00
2545,Case_767,B1,2023-01-10 16:03:00+00:00
2546,Case_516,E2,2023-01-10 16:09:00+00:00
2547,Case_890,E1,2023-01-10 16:13:00+00:00
2548,Case_101,A,2023-01-10 16:14:00+00:00
2549,Case_193,B2,2023-01-10 16:15:00+00:00
2550,Case_664,B2,2023-01-10 16:16:00+00:00
2551,Case_419,A,2023-01-10 16:26:00+00:00
2552,Case_101,C,2023-01-10 16:31:00+00:00
2553,Case_101,D,2023-01-10 16:32:00+00:00
2554,Case_101,B1,2023-01-10 16:35:00+00:00
2555,Case_516,A,2023-01-10 16:36:00+00:00
2556,Case_378,E2,2023-01-10 16:37:00+00:00
2557,Case_98,A,2023-01-10 16:38:00+00:00
2558,Case_767,B2,2023-01-10 16:38:00+00:00
2559,Case_349,A,2023-01-10 16:49:00+00:00
2560,Case_664,A,2023-01-10 16:56:00+00:00
2561,Case_98,F,2023-01-10 16:59:00+00:00
2562,Case_193,A,2023-01-10 17:02:00+00:00
2563,Case_890,E2,2023-01-10 17:03:00+00:00
2564,Case_378,A,2023-01-10 17:07:00+00:00
2565,Case_349,C,2023-01-10 17:12:00+00:00
2566,Case_101,B2,2023-01-10 17:15:00+00:00
2567,Case_349,D,2023-01-10 17:16:00+00:00
2568,Case_349,B1,2023-01-10 17:17:00+00:00
2569,Case_767,A,2023-01-10 17:19:00+00:00
2570,Case_193,F,2023-01-10 17:19:00+00:00
2571,Case_664,F,2023-01-10 17:25:00+00:00
2572,Case_525,A,2023-01-10 17:25:00+00:00
2573,Case_278,A,2023-01-10 17:28:00+00:00
2574,Case_890,A,2023-01-10 17:40:00+00:00
2575,Case_278,C,2023-01-10 17:41:00+00:00
2576,Case_609,A,2023-01-10 17:41:00+00:00
2577,Case_767,F,2023-01-10 17:43:00+00:00
2578,Case_349,B2,2023-01-10 17:43:00+00:00
2579,Case_278,D,2023-01-10 17:44:00+00:00
2580,Case_101,A,2023-01-10 17:45:00+00:00
2581,Case_278,B1,2023-01-10 17:46:00+00:00
2582,Case_525,C,2023-01-10 17:53:00+00:00
2583,Case_101,F,2023-01-10 17:55:00+00:00
2584,Case_525,D,2023-01-10 17:55:00+00:00
2585,Case_525,B1,2023-01-10 17:58:00+00:00
2586,Case_227,A,2023-01-10 18:00:00+00:00
2587,Case_278,B2,2023-01-10 18:06:00+00:00
2588,Case_609,C,2023-01-10 18:10:00+00:00
2589,Case_98,A,2023-01-10 18:11:00+00:00
2590,Case_609,B1,2023-01-10 18:12:00+00:00
2591,Case_227,C,2023-01-10 18:13:00+00:00
2592,Case_609,D,2023-01-10 18:14:00+00:00
2593,Case_193,A,2023-01-10 18:14:00+00:00
2594,Case_227,D,2023-01-10 18:15:00+00:00
2595,Case_525,B2,2023-01-10 18:15:00+00:00
2596,Case_227,B1,2023-01-10 18:18:00+00:00
2597,Case_278,A,2023-01-10 18:30:00+00:00
2598,Case_767,A,2023-01-10 18:31:00+00:00
2599,Case_664,A,2023-01-10 18:36:00+00:00
2600,Case_349,A,2023-01-10 18:37:00+00:00
2601,Case_609,B2,2023-01-10 18:40:00+00:00
2602,Case_227,B2,2023-01-10 18:55:00+00:00
2603,Case_278,E1,2023-01-10 18:57:00+00:00
2604,Case_101,A,2023-01-10 18:58:00+00:00
2605,Case_349,F,2023-01-10 18:59:00+00:00
2606,Case_525,A,2023-01-10 19:04:00+00:00
2607,Case_36,A,2023-01-10 19:10:00+00:00
2608,Case_278,E2,2023-01-10 19:19:00+00:00
2609,Case_525,F,2023-01-10 19:23:00+00:00
2610,Case_609,A,2023-01-10 19:24:00+00:00
2611,Case_36,C,2023-01-10 19:29:00+00:00
2612,Case_36,D,2023-01-10 19:30:00+00:00
2613,Case_36,B1,2023-01-10 19:34:00+00:00
2614,Case_278,A,2023-01-10 19:44:00+00:00
2615,Case_227,A,2023-01-10 19:50:00+00:00
2616,Case_609,E1,2023-01-10 19:53:00+00:00
2617,Case_349,A,2023-01-10 20:04:00+00:00
2618,Case_36,B2,2023-01-10 20:07:00+00:00
2619,Case_525,A,2023-01-10 20:14:00+00:00
2620,Case_227,F,2023-01-10 20:17:00+00:00
2621,Case_609,E2,2023-01-10 20:18:00+00:00
2622,Case_817,A,2023-01-10 20:20:00+00:00
2623,Case_817,C,2023-01-10 20:30:00+00:00
2624,Case_817,D,2023-01-10 20:31:00+00:00
2625,Case_609,A,2023-01-10 20:34:00+00:00
2626,Case_817,B1,2023-01-10 20:37:00+00:00
2627,Case_36,A,2023-01-10 21:02:00+00:00
2628,Case_227,A,2023-01-10 21:10:00+00:00
2629,Case_817,B2,2023-01-10 21:12:00+00:00
2630,Case_36,F,2023-01-10 21:27:00+00:00
2631,Case_294,A,2023-01-10 21:47:00+00:00
2632,Case_294,C,2023-01-10 22:03:00+00:00
2633,Case_694,A,2023-01-10 22:04:00+00:00
2634,Case_294,D,2023-01-10 22:06:00+00:00
2635,Case_294,B1,2023-01-10 22:08:00+00:00
2636,Case_817,A,2023-01-10 22:10:00+00:00
2637,Case_694,C,2023-01-10 22:22:00+00:00
2638,Case_36,A,2023-01-10 22:25:00+00:00
2639,Case_694,B1,2023-01-10 22:25:00+00:00
2640,Case_694,D,2023-01-10 22:27:00+00:00
2641,Case_817,F,2023-01-10 22:35:00+00:00
2642,Case_16,A,2023-01-10 22:48:00+00:00
2643,Case_294,B2,2023-01-10 22:50:00+00:00
2644,Case_694,B2,2023-01-10 22:51:00+00:00
2645,Case_562,A,2023-01-10 23:01:00+00:00
2646,Case_16,C,2023-01-10 23:06:00+00:00
2647,Case_16,B1,2023-01-10 23:09:00+00:00
2648,Case_16,D,2023-01-10 23:10:00+00:00
2649,Case_817,A,2023-01-10 23:11:00+00:00
2650,Case_562,C,2023-01-10 23:14:00+00:00
2651,Case_562,D,2023-01-10 23:17:00+00:00
2652,Case_294,A,2023-01-10 23:17:00+00:00
2653,Case_562,B1,2023-01-10 23:19:00+00:00
2654,Case_119,A,2023-01-10 23:33:00+00:00
2655,Case_694,A,2023-01-10 23:35:00+00:00
2656,Case_294,E1,2023-01-10 23:36:00+00:00
2657,Case_636,A,2023-01-10 23:40:00+00:00
2658,Case_16,B2,2023-01-10 23:50:00+00:00
2659,Case_636,C,2023-01-10 23:51:00+00:00
2660,Case_89,A,2023-01-10 23:52:00+00:00
2661,Case_694,F,2023-01-10 23:56:00+00:00
2662,Case_636,D,2023-01-10 23:56:00+00:00
2663,Case_636,B1,2023-01-10 23:57:00+00:00
2664,Case_562,B2,2023-01-10 23:58:00+00:00
2665,Case_119,C,2023-01-10 23:59:00+00:00
2666,Case_119,B1,2023-01-11 00:04:00+00:00
2667,Case_119,D,2023-01-11 00:04:00+00:00
2668,Case_89,C,2023-01-11 00:07:00+00:00
2669,Case_89,D,2023-01-11 00:09:00+00:00
2670,Case_89,B1,2023-01-11 00:10:00+00:00
2671,Case_294,E2,2023-01-11 00:11:00+00:00
2672,Case_16,A,2023-01-11 00:27:00+00:00
2673,Case_89,B2,2023-01-11 00:29:00+00:00
2674,Case_213,A,2023-01-11 00:32:00+00:00
2675,Case_694,A,2023-01-11 00:33:00+00:00
2676,Case_636,B2,2023-01-11 00:33:00+00:00
2677,Case_119,B2,2023-01-11 00:37:00+00:00
2678,Case_294,A,2023-01-11 00:41:00+00:00
2679,Case_26,A,2023-01-11 00:46:00+00:00
2680,Case_634,A,2023-01-11 00:53:00+00:00
2681,Case_16,F,2023-01-11 00:55:00+00:00
2682,Case_562,A,2023-01-11 00:55:00+00:00
2683,Case_213,C,2023-01-11 00:55:00+00:00
2684,Case_213,D,2023-01-11 00:57:00+00:00
2685,Case_213,B1,2023-01-11 00:59:00+00:00
2686,Case_634,C,2023-01-11 01:06:00+00:00
2687,Case_634,D,2023-01-11 01:08:00+00:00
2688,Case_562,E1,2023-01-11 01:12:00+00:00
2689,Case_634,B1,2023-01-11 01:12:00+00:00
2690,Case_119,A,2023-01-11 01:12:00+00:00
2691,Case_26,C,2023-01-11 01:13:00+00:00
2692,Case_26,D,2023-01-11 01:16:00+00:00
2693,Case_26,B1,2023-01-11 01:18:00+00:00
2694,Case_213,B2,2023-01-11 01:24:00+00:00
2695,Case_636,A,2023-01-11 01:32:00+00:00
2696,Case_89,A,2023-01-11 01:37:00+00:00
2697,Case_119,F,2023-01-11 01:37:00+00:00
2698,Case_634,B2,2023-01-11 01:45:00+00:00
2699,Case_636,F,2023-01-11 01:46:00+00:00
2700,Case_562,E2,2023-01-11 01:58:00+00:00
2701,Case_89,F,2023-01-11 02:00:00+00:00
2702,Case_213,A,2023-01-11 02:00:00+00:00
2703,Case_26,B2,2023-01-11 02:02:00+00:00
2704,Case_791,A,2023-01-11 02:02:00+00:00
2705,Case_213,F,2023-01-11 02:12:00+00:00
2706,Case_16,A,2023-01-11 02:14:00+00:00
2707,Case_791,C,2023-01-11 02:15:00+00:00
2708,Case_791,D,2023-01-11 02:18:00+00:00
2709,Case_791,B1,2023-01-11 02:19:00+00:00
2710,Case_26,A,2023-01-11 02:22:00+00:00
2711,Case_562,A,2023-01-11 02:25:00+00:00
2712,Case_119,A,2023-01-11 02:37:00+00:00
2713,Case_634,A,2023-01-11 02:42:00+00:00
2714,Case_636,A,2023-01-11 02:49:00+00:00
2715,Case_26,E1,2023-01-11 02:51:00+00:00
2716,Case_634,E1,2023-01-11 02:55:00+00:00
2717,Case_442,A,2023-01-11 02:57:00+00:00
2718,Case_791,B2,2023-01-11 03:02:00+00:00
2719,Case_213,A,2023-01-11 03:12:00+00:00
2720,Case_89,A,2023-01-11 03:18:00+00:00
2721,Case_442,C,2023-01-11 03:25:00+00:00
2722,Case_442,B1,2023-01-11 03:28:00+00:00
2723,Case_442,D,2023-01-11 03:29:00+00:00
2724,Case_448,A,2023-01-11 03:29:00+00:00
2725,Case_634,E2,2023-01-11 03:33:00+00:00
2726,Case_26,E2,2023-01-11 03:36:00+00:00
2727,Case_6,A,2023-01-11 03:48:00+00:00
2728,Case_791,A,2023-01-11 03:48:00+00:00
2729,Case_442,B2,2023-01-11 03:51:00+00:00
2730,Case_448,C,2023-01-11 03:51:00+00:00
2731,Case_448,D,2023-01-11 03:55:00+00:00
2732,Case_448,B1,2023-01-11 03:58:00+00:00
2733,Case_6,C,2023-01-11 03:58:00+00:00
2734,Case_6,D,2023-01-11 04:01:00+00:00
2735,Case_6,B1,2023-01-11 04:02:00+00:00
2736,Case_26,A,2023-01-11 04:04:00+00:00
2737,Case_791,F,2023-01-11 04:06:00+00:00
2738,Case_634,A,2023-01-11 04:12:00+00:00
2739,Case_448,B2,2023-01-11 04:20:00+00:00
2740,Case_442,A,2023-01-11 04:36:00+00:00
2741,Case_448,A,2023-01-11 04:43:00+00:00
2742,Case_6,B2,2023-01-11 04:43:00+00:00
2743,Case_442,E1,2023-01-11 04:50:00+00:00
2744,Case_678,A,2023-01-11 04:54:00+00:00
2745,Case_448,E1,2023-01-11 05:08:00+00:00
2746,Case_791,A,2023-01-11 05:12:00+00:00
2747,Case_678,C,2023-01-11 05:13:00+00:00
2748,Case_678,D,2023-01-11 05:17:00+00:00
2749,Case_678,B1,2023-01-11 05:17:00+00:00
2750,Case_539,A,2023-01-11 05:22:00+00:00
2751,Case_205,A,2023-01-11 05:25:00+00:00
2752,Case_442,E2,2023-01-11 05:31:00+00:00
2753,Case_919,A,2023-01-11 05:33:00+00:00
2754,Case_6,A,2023-01-11 05:34:00+00:00
2755,Case_539,C,2023-01-11 05:38:00+00:00
2756,Case_678,B2,2023-01-11 05:40:00+00:00
2757,Case_205,C,2023-01-11 05:40:00+00:00
2758,Case_539,D,2023-01-11 05:42:00+00:00
2759,Case_205,D,2023-01-11 05:43:00+00:00
2760,Case_539,B1,2023-01-11 05:43:00+00:00
2761,Case_205,B1,2023-01-11 05:46:00+00:00
2762,Case_6,E1,2023-01-11 05:47:00+00:00
2763,Case_919,C,2023-01-11 05:49:00+00:00
2764,Case_919,D,2023-01-11 05:51:00+00:00
2765,Case_919,B1,2023-01-11 05:52:00+00:00
2766,Case_448,E2,2023-01-11 05:56:00+00:00
2767,Case_919,B2,2023-01-11 06:08:00+00:00
2768,Case_442,A,2023-01-11 06:08:00+00:00
2769,Case_205,B2,2023-01-11 06:13:00+00:00
2770,Case_6,E2,2023-01-11 06:14:00+00:00
2771,Case_448,A,2023-01-11 06:22:00+00:00
2772,Case_539,B2,2023-01-11 06:22:00+00:00
2773,Case_874,A,2023-01-11 06:30:00+00:00
2774,Case_678,A,2023-01-11 06:31:00+00:00
2775,Case_6,A,2023-01-11 06:33:00+00:00
2776,Case_874,C,2023-01-11 06:48:00+00:00
2777,Case_874,D,2023-01-11 06:52:00+00:00
2778,Case_205,A,2023-01-11 06:53:00+00:00
2779,Case_874,B1,2023-01-11 06:53:00+00:00
2780,Case_678,E1,2023-01-11 07:00:00+00:00
2781,Case_919,A,2023-01-11 07:15:00+00:00
2782,Case_539,A,2023-01-11 07:15:00+00:00
2783,Case_205,E1,2023-01-11 07:19:00+00:00
2784,Case_919,E1,2023-01-11 07:26:00+00:00
2785,Case_678,E2,2023-01-11 07:26:00+00:00
2786,Case_874,B2,2023-01-11 07:28:00+00:00
2787,Case_539,E1,2023-01-11 07:36:00+00:00
2788,Case_205,E2,2023-01-11 07:39:00+00:00
2789,Case_678,A,2023-01-11 07:55:00+00:00
2790,Case_874,A,2023-01-11 07:55:00+00:00
2791,Case_205,A,2023-01-11 07:59:00+00:00
2792,Case_874,F,2023-01-11 08:05:00+00:00
2793,Case_919,E2,2023-01-11 08:08:00+00:00
2794,Case_539,E2,2023-01-11 08:12:00+00:00
2795,Case_827,A,2023-01-11 08:28:00+00:00
2796,Case_919,A,2023-01-11 08:29:00+00:00
2797,Case_447,A,2023-01-11 08:35:00+00:00
2798,Case_447,C,2023-01-11 08:47:00+00:00
2799,Case_447,D,2023-01-11 08:48:00+00:00
2800,Case_447,B1,2023-01-11 08:49:00+00:00
2801,Case_539,A,2023-01-11 08:52:00+00:00
2802,Case_61,A,2023-01-11 08:55:00+00:00
2803,Case_827,C,2023-01-11 08:57:00+00:00
2804,Case_827,D,2023-01-11 08:59:00+00:00
2805,Case_827,B1,2023-01-11 09:03:00+00:00
2806,Case_447,B2,2023-01-11 09:09:00+00:00
2807,Case_61,C,2023-01-11 09:11:00+00:00
2808,Case_874,A,2023-01-11 09:11:00+00:00
2809,Case_61,B1,2023-01-11 09:13:00+00:00
2810,Case_61,D,2023-01-11 09:15:00+00:00
2811,Case_827,B2,2023-01-11 09:35:00+00:00
2812,Case_61,B2,2023-01-11 09:55:00+00:00
2813,Case_950,A,2023-01-11 10:02:00+00:00
2814,Case_218,A,2023-01-11 10:03:00+00:00
2815,Case_447,A,2023-01-11 10:05:00+00:00
2816,Case_92,A,2023-01-11 10:10:00+00:00
2817,Case_61,A,2023-01-11 10:15:00+00:00
2818,Case_827,A,2023-01-11 10:17:00+00:00
2819,Case_92,C,2023-01-11 10:20:00+00:00
2820,Case_447,E1,2023-01-11 10:21:00+00:00
2821,Case_92,D,2023-01-11 10:23:00+00:00
2822,Case_218,C,2023-01-11 10:24:00+00:00
2823,Case_218,D,2023-01-11 10:27:00+00:00
2824,Case_92,B1,2023-01-11 10:27:00+00:00
2825,Case_218,B1,2023-01-11 10:29:00+00:00
2826,Case_950,C,2023-01-11 10:31:00+00:00
2827,Case_950,D,2023-01-11 10:32:00+00:00
2828,Case_950,B1,2023-01-11 10:35:00+00:00
2829,Case_827,F,2023-01-11 10:38:00+00:00
2830,Case_61,E1,2023-01-11 10:40:00+00:00
2831,Case_218,B2,2023-01-11 10:53:00+00:00
2832,Case_447,E2,2023-01-11 11:01:00+00:00
2833,Case_92,B2,2023-01-11 11:01:00+00:00
2834,Case_950,B2,2023-01-11 11:09:00+00:00
2835,Case_61,E2,2023-01-11 11:20:00+00:00
2836,Case_211,A,2023-01-11 11:20:00+00:00
2837,Case_447,A,2023-01-11 11:23:00+00:00
2838,Case_827,A,2023-01-11 11:29:00+00:00
2839,Case_61,A,2023-01-11 11:40:00+00:00
2840,Case_211,C,2023-01-11 11:45:00+00:00
2841,Case_218,A,2023-01-11 11:46:00+00:00
2842,Case_211,D,2023-01-11 11:48:00+00:00
2843,Case_809,A,2023-01-11 11:48:00+00:00
2844,Case_950,A,2023-01-11 11:52:00+00:00
2845,Case_211,B1,2023-01-11 11:52:00+00:00
2846,Case_92,A,2023-01-11 11:59:00+00:00
2847,Case_809,C,2023-01-11 12:07:00+00:00
2848,Case_809,D,2023-01-11 12:09:00+00:00
2849,Case_809,B1,2023-01-11 12:10:00+00:00
2850,Case_218,F,2023-01-11 12:15:00+00:00
2851,Case_211,B2,2023-01-11 12:17:00+00:00
2852,Case_92,F,2023-01-11 12:18:00+00:00
2853,Case_950,F,2023-01-11 12:22:00+00:00
2854,Case_606,A,2023-01-11 12:35:00+00:00
2855,Case_606,C,2023-01-11 12:49:00+00:00
2856,Case_906,A,2023-01-11 12:50:00+00:00
2857,Case_606,D,2023-01-11 12:50:00+00:00
2858,Case_809,B2,2023-01-11 12:53:00+00:00
2859,Case_211,A,2023-01-11 12:54:00+00:00
2860,Case_606,B1,2023-01-11 12:54:00+00:00
2861,Case_218,A,2023-01-11 12:56:00+00:00
2862,Case_92,A,2023-01-11 12:59:00+00:00
2863,Case_211,E1,2023-01-11 13:12:00+00:00
2864,Case_809,A,2023-01-11 13:16:00+00:00
2865,Case_606,B2,2023-01-11 13:18:00+00:00
2866,Case_906,C,2023-01-11 13:18:00+00:00
2867,Case_950,A,2023-01-11 13:21:00+00:00
2868,Case_906,B1,2023-01-11 13:22:00+00:00
2869,Case_906,D,2023-01-11 13:23:00+00:00
2870,Case_809,F,2023-01-11 13:45:00+00:00
2871,Case_906,B2,2023-01-11 14:00:00+00:00
2872,Case_211,E2,2023-01-11 14:02:00+00:00
2873,Case_606,A,2023-01-11 14:05:00+00:00
2874,Case_17,A,2023-01-11 14:07:00+00:00
2875,Case_64,A,2023-01-11 14:16:00+00:00
2876,Case_17,C,2023-01-11 14:28:00+00:00
2877,Case_606,F,2023-01-11 14:28:00+00:00
2878,Case_64,C,2023-01-11 14:30:00+00:00
2879,Case_17,D,2023-01-11 14:31:00+00:00
2880,Case_64,D,2023-01-11 14:33:00+00:00
2881,Case_906,A,2023-01-11 14:34:00+00:00
2882,Case_17,B1,2023-01-11 14:35:00+00:00
2883,Case_64,B1,2023-01-11 14:36:00+00:00
2884,Case_211,A,2023-01-11 14:37:00+00:00
2885,Case_809,A,2023-01-11 14:40:00+00:00
2886,Case_911,A,2023-01-11 14:57:00+00:00
2887,Case_906,E1,2023-01-11 15:01:00+00:00
2888,Case_606,A,2023-01-11 15:05:00+00:00
2889,Case_911,C,2023-01-11 15:14:00+00:00
2890,Case_64,B2,2023-01-11 15:15:00+00:00
2891,Case_911,D,2023-01-11 15:17:00+00:00
2892,Case_911,B1,2023-01-11 15:18:00+00:00
2893,Case_17,B2,2023-01-11 15:18:00+00:00
2894,Case_906,E2,2023-01-11 15:36:00+00:00
2895,Case_911,B2,2023-01-11 15:44:00+00:00
2896,Case_64,A,2023-01-11 15:47:00+00:00
2897,Case_64,E1,2023-01-11 16:07:00+00:00
2898,Case_598,A,2023-01-11 16:07:00+00:00
2899,Case_906,A,2023-01-11 16:12:00+00:00
2900,Case_17,A,2023-01-11 16:13:00+00:00
2901,Case_17,F,2023-01-11 16:28:00+00:00
2902,Case_911,A,2023-01-11 16:31:00+00:00
2903,Case_598,C,2023-01-11 16:32:00+00:00
2904,Case_537,A,2023-01-11 16:32:00+00:00
2905,Case_64,E2,2023-01-11 16:34:00+00:00
2906,Case_598,D,2023-01-11 16:37:00+00:00
2907,Case_598,B1,2023-01-11 16:38:00+00:00
2908,Case_537,C,2023-01-11 16:54:00+00:00
2909,Case_314,A,2023-01-11 16:54:00+00:00
2910,Case_598,B2,2023-01-11 16:55:00+00:00
2911,Case_537,B1,2023-01-11 16:56:00+00:00
2912,Case_537,D,2023-01-11 16:57:00+00:00
2913,Case_911,F,2023-01-11 16:59:00+00:00
2914,Case_64,A,2023-01-11 17:00:00+00:00
2915,Case_314,C,2023-01-11 17:22:00+00:00
2916,Case_314,B1,2023-01-11 17:26:00+00:00
2917,Case_314,D,2023-01-11 17:26:00+00:00
2918,Case_17,A,2023-01-11 17:33:00+00:00
2919,Case_537,B2,2023-01-11 17:38:00+00:00
2920,Case_911,A,2023-01-11 17:41:00+00:00
2921,Case_598,A,2023-01-11 17:45:00+00:00
2922,Case_598,E1,2023-01-11 18:01:00+00:00
2923,Case_537,A,2023-01-11 18:07:00+00:00
2924,Case_314,B2,2023-01-11 18:08:00+00:00
2925,Case_273,A,2023-01-11 18:11:00+00:00
2926,Case_537,E1,2023-01-11 18:21:00+00:00
2927,Case_273,C,2023-01-11 18:26:00+00:00
2928,Case_273,D,2023-01-11 18:27:00+00:00
2929,Case_273,B1,2023-01-11 18:31:00+00:00
2930,Case_427,A,2023-01-11 18:34:00+00:00
2931,Case_427,C,2023-01-11 18:46:00+00:00
2932,Case_598,E2,2023-01-11 18:48:00+00:00
2933,Case_314,A,2023-01-11 18:49:00+00:00
2934,Case_427,D,2023-01-11 18:51:00+00:00
2935,Case_537,E2,2023-01-11 18:51:00+00:00
2936,Case_427,B1,2023-01-11 18:53:00+00:00
2937,Case_273,B2,2023-01-11 18:54:00+00:00
2938,Case_314,F,2023-01-11 19:01:00+00:00
2939,Case_537,A,2023-01-11 19:19:00+00:00
2940,Case_427,B2,2023-01-11 19:21:00+00:00
2941,Case_598,A,2023-01-11 19:24:00+00:00
2942,Case_273,A,2023-01-11 19:27:00+00:00
2943,Case_273,E1,2023-01-11 19:42:00+00:00
2944,Case_224,A,2023-01-11 19:57:00+00:00
2945,Case_427,A,2023-01-11 20:06:00+00:00
2946,Case_273,E2,2023-01-11 20:07:00+00:00
2947,Case_224,C,2023-01-11 20:08:00+00:00
2948,Case_224,D,2023-01-11 20:10:00+00:00
2949,Case_224,B1,2023-01-11 20:12:00+00:00
2950,Case_314,A,2023-01-11 20:16:00+00:00
2951,Case_427,E1,2023-01-11 20:29:00+00:00
2952,Case_689,A,2023-01-11 20:33:00+00:00
2953,Case_273,A,2023-01-11 20:37:00+00:00
2954,Case_333,A,2023-01-11 20:42:00+00:00
2955,Case_689,C,2023-01-11 20:43:00+00:00
2956,Case_689,D,2023-01-11 20:44:00+00:00
2957,Case_689,B1,2023-01-11 20:50:00+00:00
2958,Case_224,B2,2023-01-11 20:57:00+00:00
2959,Case_427,E2,2023-01-11 21:01:00+00:00
2960,Case_333,C,2023-01-11 21:04:00+00:00
2961,Case_333,B1,2023-01-11 21:07:00+00:00
2962,Case_333,D,2023-01-11 21:09:00+00:00
2963,Case_689,B2,2023-01-11 21:12:00+00:00
2964,Case_427,A,2023-01-11 21:16:00+00:00
2965,Case_593,A,2023-01-11 21:19:00+00:00
2966,Case_224,A,2023-01-11 21:21:00+00:00
2967,Case_333,B2,2023-01-11 21:24:00+00:00
2968,Case_175,A,2023-01-11 21:32:00+00:00
2969,Case_224,E1,2023-01-11 21:41:00+00:00
2970,Case_593,C,2023-01-11 21:45:00+00:00
2971,Case_175,C,2023-01-11 21:48:00+00:00
2972,Case_593,B1,2023-01-11 21:50:00+00:00
2973,Case_593,D,2023-01-11 21:50:00+00:00
2974,Case_175,B1,2023-01-11 21:51:00+00:00
2975,Case_175,D,2023-01-11 21:52:00+00:00
2976,Case_689,A,2023-01-11 21:56:00+00:00
2977,Case_894,A,2023-01-11 21:59:00+00:00
2978,Case_333,A,2023-01-11 22:06:00+00:00
2979,Case_175,B2,2023-01-11 22:13:00+00:00
2980,Case_894,C,2023-01-11 22:14:00+00:00
2981,Case_689,F,2023-01-11 22:17:00+00:00
2982,Case_894,D,2023-01-11 22:17:00+00:00
2983,Case_224,E2,2023-01-11 22:17:00+00:00
2984,Case_894,B1,2023-01-11 22:21:00+00:00
2985,Case_333,E1,2023-01-11 22:25:00+00:00
2986,Case_783,A,2023-01-11 22:29:00+00:00
2987,Case_593,B2,2023-01-11 22:33:00+00:00
2988,Case_224,A,2023-01-11 22:38:00+00:00
2989,Case_175,A,2023-01-11 22:41:00+00:00
2990,Case_783,C,2023-01-11 22:56:00+00:00
2991,Case_783,D,2023-01-11 22:57:00+00:00
2992,Case_175,E1,2023-01-11 22:57:00+00:00
2993,Case_783,B1,2023-01-11 22:58:00+00:00
2994,Case_689,A,2023-01-11 22:58:00+00:00
2995,Case_333,E2,2023-01-11 22:59:00+00:00
2996,Case_593,A,2023-01-11 23:01:00+00:00
2997,Case_894,B2,2023-01-11 23:01:00+00:00
2998,Case_177,A,2023-01-11 23:05:00+00:00
2999,Case_177,C,2023-01-11 23:18:00+00:00
3000,Case_177,B1,2023-01-11 23:20:00+00:00
3001,Case_593,E1,2023-01-11 23:21:00+00:00
3002,Case_177,D,2023-01-11 23:22:00+00:00
3003,Case_894,A,2023-01-11 23:27:00+00:00
3004,Case_783,B2,2023-01-11 23:34:00+00:00
3005,Case_175,E2,2023-01-11 23:35:00+00:00
3006,Case_779,A,2023-01-11 23:37:00+00:00
3007,Case_333,A,2023-01-11 23:37:00+00:00
3008,Case_894,E1,2023-01-11 23:49:00+00:00
3009,Case_177,B2,2023-01-11 23:52:00+00:00
3010,Case_593,E2,2023-01-11 23:56:00+00:00
3011,Case_783,A,2023-01-12 00:05:00+00:00
3012,Case_175,A,2023-01-12 00:06:00+00:00
3013,Case_779,C,2023-01-12 00:07:00+00:00
3014,Case_779,D,2023-01-12 00:10:00+00:00
3015,Case_779,B1,2023-01-12 00:14:00+00:00
3016,Case_894,E2,2023-01-12 00:17:00+00:00
3017,Case_593,A,2023-01-12 00:22:00+00:00
3018,Case_177,A,2023-01-12 00:28:00+00:00
3019,Case_779,B2,2023-01-12 00:32:00+00:00
3020,Case_783,E1,2023-01-12 00:35:00+00:00
3021,Case_177,E1,2023-01-12 00:53:00+00:00
3022,Case_783,E2,2023-01-12 00:56:00+00:00
3023,Case_894,A,2023-01-12 00:56:00+00:00
3024,Case_715,A,2023-01-12 01:15:00+00:00
3025,Case_177,E2,2023-01-12 01:19:00+00:00
3026,Case_779,A,2023-01-12 01:25:00+00:00
3027,Case_233,A,2023-01-12 01:25:00+00:00
3028,Case_783,A,2023-01-12 01:33:00+00:00
3029,Case_715,C,2023-01-12 01:38:00+00:00
3030,Case_715,D,2023-01-12 01:39:00+00:00
3031,Case_779,E1,2023-01-12 01:43:00+00:00
3032,Case_715,B1,2023-01-12 01:45:00+00:00
3033,Case_793,A,2023-01-12 01:45:00+00:00
3034,Case_233,C,2023-01-12 01:50:00+00:00
3035,Case_233,B1,2023-01-12 01:54:00+00:00
3036,Case_233,D,2023-01-12 01:55:00+00:00
3037,Case_177,A,2023-01-12 01:56:00+00:00
3038,Case_793,C,2023-01-12 02:04:00+00:00
3039,Case_793,D,2023-01-12 02:05:00+00:00
3040,Case_793,B1,2023-01-12 02:09:00+00:00
3041,Case_715,B2,2023-01-12 02:19:00+00:00
3042,Case_756,A,2023-01-12 02:21:00+00:00
3043,Case_779,E2,2023-01-12 02:25:00+00:00
3044,Case_556,A,2023-01-12 02:29:00+00:00
3045,Case_756,C,2023-01-12 02:31:00+00:00
3046,Case_756,D,2023-01-12 02:32:00+00:00
3047,Case_233,B2,2023-01-12 02:35:00+00:00
3048,Case_756,B1,2023-01-12 02:37:00+00:00
3049,Case_556,C,2023-01-12 02:41:00+00:00
3050,Case_556,D,2023-01-12 02:42:00+00:00
3051,Case_779,A,2023-01-12 02:44:00+00:00
3052,Case_556,B1,2023-01-12 02:48:00+00:00
3053,Case_355,A,2023-01-12 02:49:00+00:00
3054,Case_793,B2,2023-01-12 02:53:00+00:00
3055,Case_715,A,2023-01-12 03:01:00+00:00
3056,Case_355,C,2023-01-12 03:02:00+00:00
3057,Case_355,D,2023-01-12 03:04:00+00:00
3058,Case_355,B1,2023-01-12 03:06:00+00:00
3059,Case_556,B2,2023-01-12 03:10:00+00:00
3060,Case_756,B2,2023-01-12 03:13:00+00:00
3061,Case_715,F,2023-01-12 03:20:00+00:00
3062,Case_82,A,2023-01-12 03:23:00+00:00
3063,Case_793,A,2023-01-12 03:26:00+00:00
3064,Case_544,A,2023-01-12 03:26:00+00:00
3065,Case_233,A,2023-01-12 03:28:00+00:00
3066,Case_5,A,2023-01-12 03:29:00+00:00
3067,Case_355,B2,2023-01-12 03:32:00+00:00
3068,Case_82,C,2023-01-12 03:34:00+00:00
3069,Case_82,D,2023-01-12 03:36:00+00:00
3070,Case_82,B1,2023-01-12 03:41:00+00:00
3071,Case_544,C,2023-01-12 03:44:00+00:00
3072,Case_233,F,2023-01-12 03:44:00+00:00
3073,Case_544,D,2023-01-12 03:45:00+00:00
3074,Case_5,C,2023-01-12 03:47:00+00:00
3075,Case_544,B1,2023-01-12 03:48:00+00:00
3076,Case_5,D,2023-01-12 03:51:00+00:00
3077,Case_793,F,2023-01-12 03:51:00+00:00
3078,Case_5,B1,2023-01-12 03:52:00+00:00
3079,Case_556,A,2023-01-12 03:59:00+00:00
3080,Case_715,A,2023-01-12 04:01:00+00:00
3081,Case_82,B2,2023-01-12 04:01:00+00:00
3082,Case_756,A,2023-01-12 04:04:00+00:00
3083,Case_544,B2,2023-01-12 04:08:00+00:00
3084,Case_752,A,2023-01-12 04:08:00+00:00
3085,Case_556,F,2023-01-12 04:18:00+00:00
3086,Case_756,E1,2023-01-12 04:18:00+00:00
3087,Case_752,C,2023-01-12 04:22:00+00:00
3088,Case_752,D,2023-01-12 04:23:00+00:00
3089,Case_752,B1,2023-01-12 04:24:00+00:00
3090,Case_355,A,2023-01-12 04:24:00+00:00
3091,Case_793,A,2023-01-12 04:26:00+00:00
3092,Case_5,B2,2023-01-12 04:32:00+00:00
3093,Case_82,A,2023-01-12 04:43:00+00:00
3094,Case_233,A,2023-01-12 04:45:00+00:00
3095,Case_355,E1,2023-01-12 04:47:00+00:00
3096,Case_752,B2,2023-01-12 04:52:00+00:00
3097,Case_318,A,2023-01-12 04:55:00+00:00
3098,Case_556,A,2023-01-12 04:56:00+00:00
3099,Case_756,E2,2023-01-12 05:02:00+00:00
3100,Case_82,E1,2023-01-12 05:04:00+00:00
3101,Case_544,A,2023-01-12 05:10:00+00:00
3102,Case_318,C,2023-01-12 05:10:00+00:00
3103,Case_355,E2,2023-01-12 05:10:00+00:00
3104,Case_318,D,2023-01-12 05:14:00+00:00
3105,Case_318,B1,2023-01-12 05:14:00+00:00
3106,Case_5,A,2023-01-12 05:18:00+00:00
3107,Case_110,A,2023-01-12 05:22:00+00:00
3108,Case_544,F,2023-01-12 05:32:00+00:00
3109,Case_756,A,2023-01-12 05:33:00+00:00
3110,Case_110,C,2023-01-12 05:35:00+00:00
3111,Case_110,B1,2023-01-12 05:37:00+00:00
3112,Case_110,D,2023-01-12 05:39:00+00:00
3113,Case_5,E1,2023-01-12 05:48:00+00:00
3114,Case_318,B2,2023-01-12 05:48:00+00:00
3115,Case_355,A,2023-01-12 05:49:00+00:00
3116,Case_752,A,2023-01-12 05:49:00+00:00
3117,Case_82,E2,2023-01-12 05:54:00+00:00
3118,Case_110,B2,2023-01-12 05:54:00+00:00
3119,Case_587,A,2023-01-12 06:03:00+00:00
3120,Case_684,A,2023-01-12 06:05:00+00:00
3121,Case_5,E2,2023-01-12 06:13:00+00:00
3122,Case_752,E1,2023-01-12 06:14:00+00:00
3123,Case_684,C,2023-01-12 06:18:00+00:00
3124,Case_684,D,2023-01-12 06:20:00+00:00
3125,Case_684,B1,2023-01-12 06:22:00+00:00
3126,Case_318,A,2023-01-12 06:28:00+00:00
3127,Case_82,A,2023-01-12 06:28:00+00:00
3128,Case_587,C,2023-01-12 06:29:00+00:00
3129,Case_5,A,2023-01-12 06:31:00+00:00
3130,Case_587,D,2023-01-12 06:34:00+00:00
3131,Case_587,B1,2023-01-12 06:35:00+00:00
3132,Case_544,A,2023-01-12 06:36:00+00:00
3133,Case_318,F,2023-01-12 06:42:00+00:00
3134,Case_204,A,2023-01-12 06:46:00+00:00
3135,Case_752,E2,2023-01-12 06:55:00+00:00
3136,Case_587,B2,2023-01-12 06:57:00+00:00
3137,Case_204,C,2023-01-12 06:57:00+00:00
3138,Case_684,B2,2023-01-12 06:58:00+00:00
3139,Case_204,D,2023-01-12 06:59:00+00:00
3140,Case_110,A,2023-01-12 07:01:00+00:00
3141,Case_204,B1,2023-01-12 07:02:00+00:00
3142,Case_435,A,2023-01-12 07:03:00+00:00
3143,Case_867,A,2023-01-12 07:05:00+00:00
3144,Case_867,C,2023-01-12 07:17:00+00:00
3145,Case_867,D,2023-01-12 07:21:00+00:00
3146,Case_867,B1,2023-01-12 07:22:00+00:00
3147,Case_435,C,2023-01-12 07:23:00+00:00
3148,Case_752,A,2023-01-12 07:24:00+00:00
3149,Case_435,B1,2023-01-12 07:25:00+00:00
3150,Case_435,D,2023-01-12 07:26:00+00:00
3151,Case_110,F,2023-01-12 07:31:00+00:00
3152,Case_253,A,2023-01-12 07:35:00+00:00
3153,Case_867,B2,2023-01-12 07:39:00+00:00
3154,Case_684,A,2023-01-12 07:42:00+00:00
3155,Case_204,B2,2023-01-12 07:44:00+00:00
3156,Case_587,A,2023-01-12 07:48:00+00:00
3157,Case_318,A,2023-01-12 07:48:00+00:00
3158,Case_684,E1,2023-01-12 07:56:00+00:00
3159,Case_435,B2,2023-01-12 07:56:00+00:00
3160,Case_253,C,2023-01-12 08:05:00+00:00
3161,Case_253,D,2023-01-12 08:06:00+00:00
3162,Case_253,B1,2023-01-12 08:10:00+00:00
3163,Case_568,A,2023-01-12 08:11:00+00:00
3164,Case_587,E1,2023-01-12 08:14:00+00:00
3165,Case_253,B2,2023-01-12 08:26:00+00:00
3166,Case_435,A,2023-01-12 08:30:00+00:00
3167,Case_867,A,2023-01-12 08:30:00+00:00
3168,Case_684,E2,2023-01-12 08:33:00+00:00
3169,Case_420,A,2023-01-12 08:33:00+00:00
3170,Case_204,A,2023-01-12 08:35:00+00:00
3171,Case_568,C,2023-01-12 08:40:00+00:00
3172,Case_568,D,2023-01-12 08:43:00+00:00
3173,Case_568,B1,2023-01-12 08:46:00+00:00
3174,Case_420,C,2023-01-12 08:50:00+00:00
3175,Case_204,F,2023-01-12 08:50:00+00:00
3176,Case_263,A,2023-01-12 08:51:00+00:00
3177,Case_110,A,2023-01-12 08:51:00+00:00
3178,Case_867,F,2023-01-12 08:54:00+00:00
3179,Case_420,D,2023-01-12 08:54:00+00:00
3180,Case_420,B1,2023-01-12 08:56:00+00:00
3181,Case_587,E2,2023-01-12 08:56:00+00:00
3182,Case_435,E1,2023-01-12 08:57:00+00:00
3183,Case_684,A,2023-01-12 09:07:00+00:00
3184,Case_568,B2,2023-01-12 09:07:00+00:00
3185,Case_263,C,2023-01-12 09:12:00+00:00
3186,Case_263,B1,2023-01-12 09:14:00+00:00
3187,Case_263,D,2023-01-12 09:16:00+00:00
3188,Case_253,A,2023-01-12 09:21:00+00:00
3189,Case_947,A,2023-01-12 09:28:00+00:00
3190,Case_435,E2,2023-01-12 09:29:00+00:00
3191,Case_587,A,2023-01-12 09:30:00+00:00
3192,Case_420,B2,2023-01-12 09:35:00+00:00
3193,Case_947,C,2023-01-12 09:47:00+00:00
3194,Case_253,F,2023-01-12 09:48:00+00:00
3195,Case_435,A,2023-01-12 09:51:00+00:00
3196,Case_947,D,2023-01-12 09:52:00+00:00
3197,Case_263,B2,2023-01-12 09:53:00+00:00
3198,Case_947,B1,2023-01-12 09:54:00+00:00
3199,Case_568,A,2023-01-12 09:56:00+00:00
3200,Case_204,A,2023-01-12 09:56:00+00:00
3201,Case_867,A,2023-01-12 10:00:00+00:00
3202,Case_947,B2,2023-01-12 10:12:00+00:00
3203,Case_568,F,2023-01-12 10:16:00+00:00
3204,Case_385,A,2023-01-12 10:17:00+00:00
3205,Case_263,A,2023-01-12 10:27:00+00:00
3206,Case_253,A,2023-01-12 10:28:00+00:00
3207,Case_420,A,2023-01-12 10:34:00+00:00
3208,Case_808,A,2023-01-12 10:35:00+00:00
3209,Case_137,A,2023-01-12 10:36:00+00:00
3210,Case_263,F,2023-01-12 10:37:00+00:00
3211,Case_385,C,2023-01-12 10:40:00+00:00
3212,Case_385,D,2023-01-12 10:43:00+00:00
3213,Case_385,B1,2023-01-12 10:43:00+00:00
3214,Case_947,A,2023-01-12 10:52:00+00:00
3215,Case_568,A,2023-01-12 10:54:00+00:00
3216,Case_808,C,2023-01-12 10:55:00+00:00
3217,Case_808,D,2023-01-12 10:59:00+00:00
3218,Case_808,B1,2023-01-12 11:02:00+00:00
3219,Case_420,F,2023-01-12 11:03:00+00:00
3220,Case_385,B2,2023-01-12 11:04:00+00:00
3221,Case_137,C,2023-01-12 11:04:00+00:00
3222,Case_137,B1,2023-01-12 11:06:00+00:00
3223,Case_137,D,2023-01-12 11:06:00+00:00
3224,Case_947,F,2023-01-12 11:07:00+00:00
3225,Case_671,A,2023-01-12 11:32:00+00:00
3226,Case_137,B2,2023-01-12 11:37:00+00:00
3227,Case_986,A,2023-01-12 11:41:00+00:00
3228,Case_808,B2,2023-01-12 11:43:00+00:00
3229,Case_852,A,2023-01-12 11:46:00+00:00
3230,Case_385,A,2023-01-12 11:47:00+00:00
3231,Case_263,A,2023-01-12 11:52:00+00:00
3232,Case_671,C,2023-01-12 11:57:00+00:00
3233,Case_671,B1,2023-01-12 12:00:00+00:00
3234,Case_671,D,2023-01-12 12:02:00+00:00
3235,Case_986,C,2023-01-12 12:03:00+00:00
3236,Case_852,C,2023-01-12 12:03:00+00:00
3237,Case_137,A,2023-01-12 12:06:00+00:00
3238,Case_986,B1,2023-01-12 12:07:00+00:00
3239,Case_852,D,2023-01-12 12:07:00+00:00
3240,Case_852,B1,2023-01-12 12:07:00+00:00
3241,Case_986,D,2023-01-12 12:08:00+00:00
3242,Case_385,F,2023-01-12 12:09:00+00:00
3243,Case_420,A,2023-01-12 12:20:00+00:00
3244,Case_947,A,2023-01-12 12:27:00+00:00
3245,Case_137,E1,2023-01-12 12:33:00+00:00
3246,Case_852,B2,2023-01-12 12:36:00+00:00
3247,Case_671,B2,2023-01-12 12:37:00+00:00
3248,Case_986,B2,2023-01-12 12:38:00+00:00
3249,Case_808,A,2023-01-12 12:40:00+00:00
3250,Case_808,E1,2023-01-12 12:53:00+00:00
3251,Case_385,A,2023-01-12 12:56:00+00:00
3252,Case_852,A,2023-01-12 13:04:00+00:00
3253,Case_852,F,2023-01-12 13:18:00+00:00
3254,Case_137,E2,2023-01-12 13:19:00+00:00
3255,Case_986,A,2023-01-12 13:22:00+00:00
3256,Case_808,E2,2023-01-12 13:27:00+00:00
3257,Case_671,A,2023-01-12 13:34:00+00:00
3258,Case_986,E1,2023-01-12 13:45:00+00:00
3259,Case_671,E1,2023-01-12 13:49:00+00:00
3260,Case_137,A,2023-01-12 13:52:00+00:00
3261,Case_808,A,2023-01-12 13:56:00+00:00
3262,Case_671,E2,2023-01-12 14:13:00+00:00
3263,Case_481,A,2023-01-12 14:13:00+00:00
3264,Case_671,A,2023-01-12 14:31:00+00:00
3265,Case_986,E2,2023-01-12 14:34:00+00:00
3266,Case_852,A,2023-01-12 14:37:00+00:00
3267,Case_481,C,2023-01-12 14:39:00+00:00
3268,Case_481,D,2023-01-12 14:44:00+00:00
3269,Case_481,B1,2023-01-12 14:46:00+00:00
3270,Case_986,A,2023-01-12 15:11:00+00:00
3271,Case_481,B2,2023-01-12 15:24:00+00:00
3272,Case_696,A,2023-01-12 15:53:00+00:00
3273,Case_481,A,2023-01-12 16:19:00+00:00
3274,Case_696,C,2023-01-12 16:22:00+00:00
3275,Case_696,D,2023-01-12 16:25:00+00:00
3276,Case_696,B1,2023-01-12 16:26:00+00:00
3277,Case_481,F,2023-01-12 16:49:00+00:00
3278,Case_696,B2,2023-01-12 17:10:00+00:00
3279,Case_481,A,2023-01-12 17:37:00+00:00
3280,Case_696,A,2023-01-12 17:38:00+00:00
3281,Case_696,E1,2023-01-12 18:08:00+00:00
3282,Case_769,A,2023-01-12 18:11:00+00:00
3283,Case_696,E2,2023-01-12 18:33:00+00:00
3284,Case_769,C,2023-01-12 18:38:00+00:00
3285,Case_769,B1,2023-01-12 18:40:00+00:00
3286,Case_769,D,2023-01-12 18:41:00+00:00
3287,Case_696,A,2023-01-12 19:04:00+00:00
3288,Case_586,A,2023-01-12 19:06:00+00:00
3289,Case_769,B2,2023-01-12 19:19:00+00:00
3290,Case_586,C,2023-01-12 19:29:00+00:00
3291,Case_586,B1,2023-01-12 19:34:00+00:00
3292,Case_586,D,2023-01-12 19:34:00+00:00
3293,Case_769,A,2023-01-12 20:01:00+00:00
3294,Case_661,A,2023-01-12 20:09:00+00:00
3295,Case_586,B2,2023-01-12 20:14:00+00:00
3296,Case_661,C,2023-01-12 20:23:00+00:00
3297,Case_661,D,2023-01-12 20:24:00+00:00
3298,Case_661,B1,2023-01-12 20:27:00+00:00
3299,Case_769,F,2023-01-12 20:28:00+00:00
3300,Case_586,A,2023-01-12 20:42:00+00:00
3301,Case_330,A,2023-01-12 20:49:00+00:00
3302,Case_661,B2,2023-01-12 21:06:00+00:00
3303,Case_330,C,2023-01-12 21:08:00+00:00
3304,Case_586,F,2023-01-12 21:08:00+00:00
3305,Case_330,B1,2023-01-12 21:12:00+00:00
3306,Case_330,D,2023-01-12 21:13:00+00:00
3307,Case_464,A,2023-01-12 21:18:00+00:00
3308,Case_661,A,2023-01-12 21:36:00+00:00
3309,Case_769,A,2023-01-12 21:39:00+00:00
3310,Case_464,C,2023-01-12 21:45:00+00:00
3311,Case_464,D,2023-01-12 21:47:00+00:00
3312,Case_464,B1,2023-01-12 21:52:00+00:00
3313,Case_330,B2,2023-01-12 21:53:00+00:00
3314,Case_661,E1,2023-01-12 21:55:00+00:00
3315,Case_586,A,2023-01-12 22:07:00+00:00
3316,Case_396,A,2023-01-12 22:07:00+00:00
3317,Case_661,E2,2023-01-12 22:19:00+00:00
3318,Case_464,B2,2023-01-12 22:24:00+00:00
3319,Case_396,C,2023-01-12 22:26:00+00:00
3320,Case_396,D,2023-01-12 22:27:00+00:00
3321,Case_396,B1,2023-01-12 22:31:00+00:00
3322,Case_661,A,2023-01-12 22:35:00+00:00
3323,Case_330,A,2023-01-12 22:41:00+00:00
3324,Case_330,E1,2023-01-12 22:54:00+00:00
3325,Case_396,B2,2023-01-12 22:59:00+00:00
3326,Case_113,A,2023-01-12 22:59:00+00:00
3327,Case_464,A,2023-01-12 23:10:00+00:00
3328,Case_113,C,2023-01-12 23:15:00+00:00
3329,Case_113,D,2023-01-12 23:19:00+00:00
3330,Case_113,B1,2023-01-12 23:22:00+00:00
3331,Case_464,E1,2023-01-12 23:27:00+00:00
3332,Case_330,E2,2023-01-12 23:35:00+00:00
3333,Case_396,A,2023-01-12 23:40:00+00:00
3334,Case_151,A,2023-01-12 23:41:00+00:00
3335,Case_151,C,2023-01-12 23:57:00+00:00
3336,Case_113,B2,2023-01-12 23:59:00+00:00
3337,Case_151,D,2023-01-13 00:01:00+00:00
3338,Case_151,B1,2023-01-13 00:04:00+00:00
3339,Case_396,F,2023-01-13 00:07:00+00:00
3340,Case_464,E2,2023-01-13 00:12:00+00:00
3341,Case_330,A,2023-01-13 00:13:00+00:00
3342,Case_382,A,2023-01-13 00:20:00+00:00
3343,Case_151,B2,2023-01-13 00:21:00+00:00
3344,Case_382,C,2023-01-13 00:31:00+00:00
3345,Case_382,D,2023-01-13 00:34:00+00:00
3346,Case_382,B1,2023-01-13 00:35:00+00:00
3347,Case_113,A,2023-01-13 00:42:00+00:00
3348,Case_370,A,2023-01-13 00:52:00+00:00
3349,Case_464,A,2023-01-13 00:52:00+00:00
3350,Case_151,A,2023-01-13 00:52:00+00:00
3351,Case_382,B2,2023-01-13 00:54:00+00:00
3352,Case_45,A,2023-01-13 00:55:00+00:00
3353,Case_912,A,2023-01-13 00:57:00+00:00
3354,Case_396,A,2023-01-13 00:58:00+00:00
3355,Case_891,A,2023-01-13 01:03:00+00:00
3356,Case_151,E1,2023-01-13 01:07:00+00:00
3357,Case_113,E1,2023-01-13 01:10:00+00:00
3358,Case_912,C,2023-01-13 01:14:00+00:00
3359,Case_370,C,2023-01-13 01:16:00+00:00
3360,Case_370,D,2023-01-13 01:18:00+00:00
3361,Case_108,A,2023-01-13 01:19:00+00:00
3362,Case_912,D,2023-01-13 01:19:00+00:00
3363,Case_370,B1,2023-01-13 01:19:00+00:00
3364,Case_891,C,2023-01-13 01:20:00+00:00
3365,Case_912,B1,2023-01-13 01:20:00+00:00
3366,Case_891,D,2023-01-13 01:22:00+00:00
3367,Case_891,B1,2023-01-13 01:24:00+00:00
3368,Case_45,C,2023-01-13 01:24:00+00:00
3369,Case_45,D,2023-01-13 01:27:00+00:00
3370,Case_189,A,2023-01-13 01:30:00+00:00
3371,Case_45,B1,2023-01-13 01:30:00+00:00
3372,Case_151,E2,2023-01-13 01:30:00+00:00
3373,Case_382,A,2023-01-13 01:34:00+00:00
3374,Case_285,A,2023-01-13 01:40:00+00:00
3375,Case_351,A,2023-01-13 01:40:00+00:00
3376,Case_912,B2,2023-01-13 01:40:00+00:00
3377,Case_108,C,2023-01-13 01:45:00+00:00
3378,Case_891,B2,2023-01-13 01:49:00+00:00
3379,Case_113,E2,2023-01-13 01:49:00+00:00
3380,Case_108,D,2023-01-13 01:50:00+00:00
3381,Case_108,B1,2023-01-13 01:52:00+00:00
3382,Case_151,A,2023-01-13 01:57:00+00:00
3383,Case_467,A,2023-01-13 01:57:00+00:00
3384,Case_189,C,2023-01-13 01:59:00+00:00
3385,Case_189,B1,2023-01-13 02:01:00+00:00
3386,Case_45,B2,2023-01-13 02:02:00+00:00
3387,Case_285,C,2023-01-13 02:02:00+00:00
3388,Case_382,E1,2023-01-13 02:02:00+00:00
3389,Case_370,B2,2023-01-13 02:03:00+00:00
3390,Case_189,D,2023-01-13 02:04:00+00:00
3391,Case_351,C,2023-01-13 02:05:00+00:00
3392,Case_285,B1,2023-01-13 02:06:00+00:00
3393,Case_285,D,2023-01-13 02:07:00+00:00
3394,Case_108,B2,2023-01-13 02:07:00+00:00
3395,Case_334,A,2023-01-13 02:07:00+00:00
3396,Case_351,B1,2023-01-13 02:08:00+00:00
3397,Case_351,D,2023-01-13 02:08:00+00:00
3398,Case_922,A,2023-01-13 02:08:00+00:00
3399,Case_113,A,2023-01-13 02:10:00+00:00
3400,Case_922,C,2023-01-13 02:19:00+00:00
3401,Case_922,D,2023-01-13 02:20:00+00:00
3402,Case_285,B2,2023-01-13 02:21:00+00:00
3403,Case_922,B1,2023-01-13 02:22:00+00:00
3404,Case_382,E2,2023-01-13 02:22:00+00:00
3405,Case_334,C,2023-01-13 02:23:00+00:00
3406,Case_467,C,2023-01-13 02:24:00+00:00
3407,Case_334,B1,2023-01-13 02:25:00+00:00
3408,Case_467,D,2023-01-13 02:25:00+00:00
3409,Case_912,A,2023-01-13 02:26:00+00:00
3410,Case_467,B1,2023-01-13 02:26:00+00:00
3411,Case_334,D,2023-01-13 02:27:00+00:00
3412,Case_351,B2,2023-01-13 02:33:00+00:00
3413,Case_189,B2,2023-01-13 02:37:00+00:00
3414,Case_370,A,2023-01-13 02:43:00+00:00
3415,Case_891,A,2023-01-13 02:46:00+00:00
3416,Case_467,B2,2023-01-13 02:47:00+00:00
3417,Case_45,A,2023-01-13 02:47:00+00:00
3418,Case_382,A,2023-01-13 02:47:00+00:00
3419,Case_912,E1,2023-01-13 02:53:00+00:00
3420,Case_45,E1,2023-01-13 02:59:00+00:00
3421,Case_922,B2,2023-01-13 03:02:00+00:00
3422,Case_108,A,2023-01-13 03:03:00+00:00
3423,Case_334,B2,2023-01-13 03:03:00+00:00
3424,Case_891,F,2023-01-13 03:05:00+00:00
3425,Case_370,F,2023-01-13 03:12:00+00:00
3426,Case_912,E2,2023-01-13 03:15:00+00:00
3427,Case_285,A,2023-01-13 03:18:00+00:00
3428,Case_108,F,2023-01-13 03:24:00+00:00
3429,Case_436,A,2023-01-13 03:25:00+00:00
3430,Case_351,A,2023-01-13 03:25:00+00:00
3431,Case_142,A,2023-01-13 03:26:00+00:00
3432,Case_189,A,2023-01-13 03:27:00+00:00
3433,Case_45,E2,2023-01-13 03:29:00+00:00
3434,Case_334,A,2023-01-13 03:33:00+00:00
3435,Case_75,A,2023-01-13 03:36:00+00:00
3436,Case_351,E1,2023-01-13 03:37:00+00:00
3437,Case_922,A,2023-01-13 03:38:00+00:00
3438,Case_142,C,2023-01-13 03:39:00+00:00
3439,Case_285,E1,2023-01-13 03:39:00+00:00
3440,Case_142,D,2023-01-13 03:40:00+00:00
3441,Case_912,A,2023-01-13 03:41:00+00:00
3442,Case_334,F,2023-01-13 03:43:00+00:00
3443,Case_436,C,2023-01-13 03:43:00+00:00
3444,Case_142,B1,2023-01-13 03:46:00+00:00
3445,Case_467,A,2023-01-13 03:47:00+00:00
3446,Case_436,D,2023-01-13 03:47:00+00:00
3447,Case_189,E1,2023-01-13 03:49:00+00:00
3448,Case_436,B1,2023-01-13 03:50:00+00:00
3449,Case_75,C,2023-01-13 03:57:00+00:00
3450,Case_45,A,2023-01-13 04:00:00+00:00
3451,Case_75,B1,2023-01-13 04:01:00+00:00
3452,Case_75,D,2023-01-13 04:02:00+00:00
3453,Case_351,E2,2023-01-13 04:02:00+00:00
3454,Case_467,E1,2023-01-13 04:03:00+00:00
3455,Case_922,F,2023-01-13 04:05:00+00:00
3456,Case_285,E2,2023-01-13 04:15:00+00:00
3457,Case_436,B2,2023-01-13 04:17:00+00:00
3458,Case_891,A,2023-01-13 04:19:00+00:00
3459,Case_142,B2,2023-01-13 04:20:00+00:00
3460,Case_96,A,2023-01-13 04:26:00+00:00
3461,Case_370,A,2023-01-13 04:27:00+00:00
3462,Case_467,E2,2023-01-13 04:36:00+00:00
3463,Case_334,A,2023-01-13 04:39:00+00:00
3464,Case_189,E2,2023-01-13 04:39:00+00:00
3465,Case_108,A,2023-01-13 04:40:00+00:00
3466,Case_351,A,2023-01-13 04:41:00+00:00
3467,Case_75,B2,2023-01-13 04:41:00+00:00
3468,Case_285,A,2023-01-13 04:44:00+00:00
3469,Case_142,A,2023-01-13 04:46:00+00:00
3470,Case_96,C,2023-01-13 04:48:00+00:00
3471,Case_96,D,2023-01-13 04:49:00+00:00
3472,Case_96,B1,2023-01-13 04:51:00+00:00
3473,Case_922,A,2023-01-13 04:54:00+00:00
3474,Case_467,A,2023-01-13 04:54:00+00:00
3475,Case_189,A,2023-01-13 04:57:00+00:00
3476,Case_436,A,2023-01-13 05:04:00+00:00
3477,Case_750,A,2023-01-13 05:09:00+00:00
3478,Case_142,F,2023-01-13 05:14:00+00:00
3479,Case_96,B2,2023-01-13 05:23:00+00:00
3480,Case_436,F,2023-01-13 05:24:00+00:00
3481,Case_75,A,2023-01-13 05:26:00+00:00
3482,Case_750,C,2023-01-13 05:36:00+00:00
3483,Case_750,D,2023-01-13 05:38:00+00:00
3484,Case_750,B1,2023-01-13 05:43:00+00:00
3485,Case_142,A,2023-01-13 05:53:00+00:00
3486,Case_75,F,2023-01-13 05:55:00+00:00
3487,Case_96,A,2023-01-13 05:57:00+00:00
3488,Case_96,E1,2023-01-13 06:11:00+00:00
3489,Case_954,A,2023-01-13 06:22:00+00:00
3490,Case_750,B2,2023-01-13 06:26:00+00:00
3491,Case_954,C,2023-01-13 06:35:00+00:00
3492,Case_954,D,2023-01-13 06:36:00+00:00
3493,Case_954,B1,2023-01-13 06:41:00+00:00
3494,Case_436,A,2023-01-13 06:42:00+00:00
3495,Case_86,A,2023-01-13 06:51:00+00:00
3496,Case_96,E2,2023-01-13 06:56:00+00:00
3497,Case_75,A,2023-01-13 06:58:00+00:00
3498,Case_743,A,2023-01-13 07:00:00+00:00
3499,Case_954,B2,2023-01-13 07:08:00+00:00
3500,Case_750,A,2023-01-13 07:09:00+00:00
3501,Case_86,C,2023-01-13 07:12:00+00:00
3502,Case_86,D,2023-01-13 07:16:00+00:00
3503,Case_743,C,2023-01-13 07:16:00+00:00
3504,Case_86,B1,2023-01-13 07:18:00+00:00
3505,Case_743,D,2023-01-13 07:18:00+00:00
3506,Case_750,E1,2023-01-13 07:19:00+00:00
3507,Case_743,B1,2023-01-13 07:22:00+00:00
3508,Case_96,A,2023-01-13 07:36:00+00:00
3509,Case_86,B2,2023-01-13 07:37:00+00:00
3510,Case_806,A,2023-01-13 07:54:00+00:00
3511,Case_750,E2,2023-01-13 07:56:00+00:00
3512,Case_954,A,2023-01-13 08:02:00+00:00
3513,Case_743,B2,2023-01-13 08:04:00+00:00
3514,Case_806,C,2023-01-13 08:06:00+00:00
3515,Case_806,D,2023-01-13 08:07:00+00:00
3516,Case_806,B1,2023-01-13 08:08:00+00:00
3517,Case_750,A,2023-01-13 08:15:00+00:00
3518,Case_86,A,2023-01-13 08:22:00+00:00
3519,Case_743,A,2023-01-13 08:27:00+00:00
3520,Case_806,B2,2023-01-13 08:29:00+00:00
3521,Case_954,E1,2023-01-13 08:29:00+00:00
3522,Case_86,F,2023-01-13 08:37:00+00:00
3523,Case_599,A,2023-01-13 08:47:00+00:00
3524,Case_743,F,2023-01-13 08:54:00+00:00
3525,Case_954,E2,2023-01-13 08:58:00+00:00
3526,Case_599,C,2023-01-13 09:17:00+00:00
3527,Case_599,D,2023-01-13 09:18:00+00:00
3528,Case_954,A,2023-01-13 09:19:00+00:00
3529,Case_936,A,2023-01-13 09:21:00+00:00
3530,Case_599,B1,2023-01-13 09:23:00+00:00
3531,Case_806,A,2023-01-13 09:26:00+00:00
3532,Case_375,A,2023-01-13 09:28:00+00:00
3533,Case_86,A,2023-01-13 09:28:00+00:00
3534,Case_599,B2,2023-01-13 09:40:00+00:00
3535,Case_936,C,2023-01-13 09:50:00+00:00
3536,Case_375,C,2023-01-13 09:51:00+00:00
3537,Case_806,E1,2023-01-13 09:51:00+00:00
3538,Case_375,D,2023-01-13 09:52:00+00:00
3539,Case_936,D,2023-01-13 09:53:00+00:00
3540,Case_375,B1,2023-01-13 09:54:00+00:00
3541,Case_936,B1,2023-01-13 09:56:00+00:00
3542,Case_743,A,2023-01-13 10:04:00+00:00
3543,Case_637,A,2023-01-13 10:07:00+00:00
3544,Case_599,A,2023-01-13 10:12:00+00:00
3545,Case_936,B2,2023-01-13 10:15:00+00:00
3546,Case_637,C,2023-01-13 10:21:00+00:00
3547,Case_806,E2,2023-01-13 10:22:00+00:00
3548,Case_637,D,2023-01-13 10:24:00+00:00
3549,Case_637,B1,2023-01-13 10:26:00+00:00
3550,Case_599,F,2023-01-13 10:32:00+00:00
3551,Case_375,B2,2023-01-13 10:34:00+00:00
3552,Case_806,A,2023-01-13 10:41:00+00:00
3553,Case_637,B2,2023-01-13 10:55:00+00:00
3554,Case_375,A,2023-01-13 11:08:00+00:00
3555,Case_936,A,2023-01-13 11:11:00+00:00
3556,Case_599,A,2023-01-13 11:28:00+00:00
3557,Case_637,A,2023-01-13 11:37:00+00:00
3558,Case_834,A,2023-01-13 11:37:00+00:00
3559,Case_375,F,2023-01-13 11:38:00+00:00
3560,Case_936,F,2023-01-13 11:39:00+00:00
3561,Case_834,C,2023-01-13 11:52:00+00:00
3562,Case_637,F,2023-01-13 11:56:00+00:00
3563,Case_834,B1,2023-01-13 11:56:00+00:00
3564,Case_594,A,2023-01-13 11:56:00+00:00
3565,Case_834,D,2023-01-13 11:57:00+00:00
3566,Case_594,C,2023-01-13 12:08:00+00:00
3567,Case_594,D,2023-01-13 12:09:00+00:00
3568,Case_594,B1,2023-01-13 12:14:00+00:00
3569,Case_4,A,2023-01-13 12:24:00+00:00
3570,Case_936,A,2023-01-13 12:34:00+00:00
3571,Case_375,A,2023-01-13 12:36:00+00:00
3572,Case_637,A,2023-01-13 12:37:00+00:00
3573,Case_834,B2,2023-01-13 12:38:00+00:00
3574,Case_4,C,2023-01-13 12:40:00+00:00
3575,Case_4,D,2023-01-13 12:41:00+00:00
3576,Case_4,B1,2023-01-13 12:44:00+00:00
3577,Case_594,B2,2023-01-13 12:49:00+00:00
3578,Case_834,A,2023-01-13 13:06:00+00:00
3579,Case_4,B2,2023-01-13 13:16:00+00:00
3580,Case_594,A,2023-01-13 13:24:00+00:00
3581,Case_834,F,2023-01-13 13:33:00+00:00
3582,Case_773,A,2023-01-13 13:45:00+00:00
3583,Case_594,E1,2023-01-13 13:52:00+00:00
3584,Case_819,A,2023-01-13 14:00:00+00:00
3585,Case_773,C,2023-01-13 14:07:00+00:00
3586,Case_4,A,2023-01-13 14:10:00+00:00
3587,Case_773,B1,2023-01-13 14:11:00+00:00
3588,Case_773,D,2023-01-13 14:12:00+00:00
3589,Case_390,A,2023-01-13 14:12:00+00:00
3590,Case_819,C,2023-01-13 14:26:00+00:00
3591,Case_819,D,2023-01-13 14:28:00+00:00
3592,Case_773,B2,2023-01-13 14:30:00+00:00
3593,Case_819,B1,2023-01-13 14:33:00+00:00
3594,Case_4,E1,2023-01-13 14:35:00+00:00
3595,Case_594,E2,2023-01-13 14:36:00+00:00
3596,Case_390,C,2023-01-13 14:40:00+00:00
3597,Case_390,B1,2023-01-13 14:43:00+00:00
3598,Case_390,D,2023-01-13 14:45:00+00:00
3599,Case_834,A,2023-01-13 14:48:00+00:00
3600,Case_589,A,2023-01-13 14:53:00+00:00
3601,Case_819,B2,2023-01-13 14:53:00+00:00
3602,Case_4,E2,2023-01-13 14:59:00+00:00
3603,Case_594,A,2023-01-13 15:09:00+00:00
3604,Case_589,C,2023-01-13 15:10:00+00:00
3605,Case_589,B1,2023-01-13 15:13:00+00:00
3606,Case_589,D,2023-01-13 15:13:00+00:00
3607,Case_390,B2,2023-01-13 15:21:00+00:00
3608,Case_773,A,2023-01-13 15:23:00+00:00
3609,Case_4,A,2023-01-13 15:25:00+00:00
3610,Case_589,B2,2023-01-13 15:29:00+00:00
3611,Case_34,A,2023-01-13 15:30:00+00:00
3612,Case_67,A,2023-01-13 15:37:00+00:00
3613,Case_819,A,2023-01-13 15:45:00+00:00
3614,Case_962,A,2023-01-13 15:49:00+00:00
3615,Case_773,E1,2023-01-13 15:49:00+00:00
3616,Case_29,A,2023-01-13 15:51:00+00:00
3617,Case_34,C,2023-01-13 15:55:00+00:00
3618,Case_67,C,2023-01-13 15:55:00+00:00
3619,Case_669,A,2023-01-13 15:55:00+00:00
3620,Case_34,B1,2023-01-13 15:57:00+00:00
3621,Case_67,D,2023-01-13 15:58:00+00:00
3622,Case_819,F,2023-01-13 15:59:00+00:00
3623,Case_34,D,2023-01-13 15:59:00+00:00
3624,Case_67,B1,2023-01-13 16:01:00+00:00
3625,Case_589,A,2023-01-13 16:02:00+00:00
3626,Case_225,A,2023-01-13 16:10:00+00:00
3627,Case_390,A,2023-01-13 16:11:00+00:00
3628,Case_261,A,2023-01-13 16:14:00+00:00
3629,Case_29,C,2023-01-13 16:16:00+00:00
3630,Case_453,A,2023-01-13 16:18:00+00:00
3631,Case_29,B1,2023-01-13 16:18:00+00:00
3632,Case_962,C,2023-01-13 16:19:00+00:00
3633,Case_29,D,2023-01-13 16:20:00+00:00
3634,Case_962,D,2023-01-13 16:20:00+00:00
3635,Case_669,C,2023-01-13 16:21:00+00:00
3636,Case_773,E2,2023-01-13 16:21:00+00:00
3637,Case_962,B1,2023-01-13 16:23:00+00:00
3638,Case_669,D,2023-01-13 16:24:00+00:00
3639,Case_669,B1,2023-01-13 16:24:00+00:00
3640,Case_225,C,2023-01-13 16:27:00+00:00
3641,Case_589,E1,2023-01-13 16:28:00+00:00
3642,Case_225,B1,2023-01-13 16:29:00+00:00
3643,Case_225,D,2023-01-13 16:30:00+00:00
3644,Case_390,F,2023-01-13 16:32:00+00:00
3645,Case_34,B2,2023-01-13 16:32:00+00:00
3646,Case_67,B2,2023-01-13 16:34:00+00:00
3647,Case_754,A,2023-01-13 16:39:00+00:00
3648,Case_453,C,2023-01-13 16:44:00+00:00
3649,Case_261,C,2023-01-13 16:44:00+00:00
3650,Case_669,B2,2023-01-13 16:44:00+00:00
3651,Case_819,A,2023-01-13 16:45:00+00:00
3652,Case_453,B1,2023-01-13 16:46:00+00:00
3653,Case_773,A,2023-01-13 16:47:00+00:00
3654,Case_261,B1,2023-01-13 16:47:00+00:00
3655,Case_261,D,2023-01-13 16:48:00+00:00
3656,Case_29,B2,2023-01-13 16:49:00+00:00
3657,Case_453,D,2023-01-13 16:49:00+00:00
3658,Case_962,B2,2023-01-13 16:50:00+00:00
3659,Case_455,A,2023-01-13 16:52:00+00:00
3660,Case_589,E2,2023-01-13 16:59:00+00:00
3661,Case_225,B2,2023-01-13 16:59:00+00:00
3662,Case_261,B2,2023-01-13 17:03:00+00:00
3663,Case_453,B2,2023-01-13 17:06:00+00:00
3664,Case_754,C,2023-01-13 17:07:00+00:00
3665,Case_754,D,2023-01-13 17:08:00+00:00
3666,Case_754,B1,2023-01-13 17:14:00+00:00
3667,Case_455,C,2023-01-13 17:17:00+00:00
3668,Case_67,A,2023-01-13 17:18:00+00:00
3669,Case_455,B1,2023-01-13 17:20:00+00:00
3670,Case_455,D,2023-01-13 17:21:00+00:00
3671,Case_34,A,2023-01-13 17:23:00+00:00
3672,Case_589,A,2023-01-13 17:26:00+00:00
3673,Case_771,A,2023-01-13 17:27:00+00:00
3674,Case_669,A,2023-01-13 17:32:00+00:00
3675,Case_34,E1,2023-01-13 17:36:00+00:00
3676,Case_29,A,2023-01-13 17:36:00+00:00
3677,Case_390,A,2023-01-13 17:38:00+00:00
3678,Case_67,E1,2023-01-13 17:40:00+00:00
3679,Case_453,A,2023-01-13 17:42:00+00:00
3680,Case_771,C,2023-01-13 17:42:00+00:00
3681,Case_771,B1,2023-01-13 17:45:00+00:00
3682,Case_962,A,2023-01-13 17:46:00+00:00
3683,Case_771,D,2023-01-13 17:47:00+00:00
3684,Case_225,A,2023-01-13 17:49:00+00:00
3685,Case_754,B2,2023-01-13 17:50:00+00:00
3686,Case_669,E1,2023-01-13 17:53:00+00:00
3687,Case_453,E1,2023-01-13 17:57:00+00:00
3688,Case_29,F,2023-01-13 18:00:00+00:00
3689,Case_455,B2,2023-01-13 18:01:00+00:00
3690,Case_261,A,2023-01-13 18:07:00+00:00
3691,Case_67,E2,2023-01-13 18:11:00+00:00
3692,Case_34,E2,2023-01-13 18:12:00+00:00
3693,Case_962,F,2023-01-13 18:12:00+00:00
3694,Case_225,F,2023-01-13 18:14:00+00:00
3695,Case_771,B2,2023-01-13 18:23:00+00:00
3696,Case_754,A,2023-01-13 18:28:00+00:00
3697,Case_453,E2,2023-01-13 18:29:00+00:00
3698,Case_261,E1,2023-01-13 18:35:00+00:00
3699,Case_669,E2,2023-01-13 18:39:00+00:00
3700,Case_29,A,2023-01-13 18:39:00+00:00
3701,Case_754,F,2023-01-13 18:40:00+00:00
3702,Case_67,A,2023-01-13 18:44:00+00:00
3703,Case_34,A,2023-01-13 18:47:00+00:00
3704,Case_455,A,2023-01-13 18:47:00+00:00
3705,Case_669,A,2023-01-13 18:57:00+00:00
3706,Case_261,E2,2023-01-13 18:59:00+00:00
3707,Case_225,A,2023-01-13 18:59:00+00:00
3708,Case_453,A,2023-01-13 19:03:00+00:00
3709,Case_771,A,2023-01-13 19:04:00+00:00
3710,Case_962,A,2023-01-13 19:09:00+00:00
3711,Case_455,F,2023-01-13 19:16:00+00:00
3712,Case_771,E1,2023-01-13 19:28:00+00:00
3713,Case_261,A,2023-01-13 19:34:00+00:00
3714,Case_376,A,2023-01-13 19:45:00+00:00
3715,Case_771,E2,2023-01-13 19:50:00+00:00
3716,Case_754,A,2023-01-13 19:53:00+00:00
3717,Case_376,C,2023-01-13 20:07:00+00:00
3718,Case_376,D,2023-01-13 20:09:00+00:00
3719,Case_376,B1,2023-01-13 20:09:00+00:00
3720,Case_771,A,2023-01-13 20:12:00+00:00
3721,Case_455,A,2023-01-13 20:28:00+00:00
3722,Case_376,B2,2023-01-13 20:30:00+00:00
3723,Case_908,A,2023-01-13 20:48:00+00:00
3724,Case_823,A,2023-01-13 21:06:00+00:00
3725,Case_908,C,2023-01-13 21:17:00+00:00
3726,Case_908,D,2023-01-13 21:19:00+00:00
3727,Case_376,A,2023-01-13 21:23:00+00:00
3728,Case_908,B1,2023-01-13 21:23:00+00:00
3729,Case_823,C,2023-01-13 21:31:00+00:00
3730,Case_823,D,2023-01-13 21:33:00+00:00
3731,Case_823,B1,2023-01-13 21:37:00+00:00
3732,Case_376,E1,2023-01-13 21:49:00+00:00
3733,Case_908,B2,2023-01-13 21:57:00+00:00
3734,Case_531,A,2023-01-13 21:58:00+00:00
3735,Case_823,B2,2023-01-13 22:18:00+00:00
3736,Case_908,A,2023-01-13 22:19:00+00:00
3737,Case_531,C,2023-01-13 22:19:00+00:00
3738,Case_531,D,2023-01-13 22:20:00+00:00
3739,Case_531,B1,2023-01-13 22:25:00+00:00
3740,Case_845,A,2023-01-13 22:34:00+00:00
3741,Case_376,E2,2023-01-13 22:35:00+00:00
3742,Case_823,A,2023-01-13 22:43:00+00:00
3743,Case_908,E1,2023-01-13 22:46:00+00:00
3744,Case_531,B2,2023-01-13 22:53:00+00:00
3745,Case_376,A,2023-01-13 22:54:00+00:00
3746,Case_845,C,2023-01-13 23:02:00+00:00
3747,Case_845,B1,2023-01-13 23:07:00+00:00
3748,Case_845,D,2023-01-13 23:07:00+00:00
3749,Case_908,E2,2023-01-13 23:09:00+00:00
3750,Case_823,F,2023-01-13 23:13:00+00:00
3751,Case_357,A,2023-01-13 23:16:00+00:00
3752,Case_845,B2,2023-01-13 23:26:00+00:00
3753,Case_908,A,2023-01-13 23:26:00+00:00
3754,Case_287,A,2023-01-13 23:34:00+00:00
3755,Case_357,C,2023-01-13 23:35:00+00:00
3756,Case_357,B1,2023-01-13 23:39:00+00:00
3757,Case_357,D,2023-01-13 23:40:00+00:00
3758,Case_531,A,2023-01-13 23:44:00+00:00
3759,Case_287,C,2023-01-13 23:44:00+00:00
3760,Case_287,D,2023-01-13 23:46:00+00:00
3761,Case_287,B1,2023-01-13 23:48:00+00:00
3762,Case_357,B2,2023-01-14 00:00:00+00:00
3763,Case_597,A,2023-01-14 00:05:00+00:00
3764,Case_531,E1,2023-01-14 00:09:00+00:00
3765,Case_823,A,2023-01-14 00:14:00+00:00
3766,Case_287,B2,2023-01-14 00:16:00+00:00
3767,Case_845,A,2023-01-14 00:23:00+00:00
3768,Case_597,C,2023-01-14 00:33:00+00:00
3769,Case_597,D,2023-01-14 00:36:00+00:00
3770,Case_597,B1,2023-01-14 00:38:00+00:00
3771,Case_531,E2,2023-01-14 00:41:00+00:00
3772,Case_357,A,2023-01-14 00:43:00+00:00
3773,Case_845,E1,2023-01-14 00:48:00+00:00
3774,Case_357,E1,2023-01-14 00:53:00+00:00
3775,Case_287,A,2023-01-14 00:59:00+00:00
3776,Case_531,A,2023-01-14 01:07:00+00:00
3777,Case_597,B2,2023-01-14 01:11:00+00:00
3778,Case_287,F,2023-01-14 01:12:00+00:00
3779,Case_357,E2,2023-01-14 01:16:00+00:00
3780,Case_515,A,2023-01-14 01:23:00+00:00
3781,Case_845,E2,2023-01-14 01:37:00+00:00
3782,Case_515,C,2023-01-14 01:45:00+00:00
3783,Case_515,D,2023-01-14 01:47:00+00:00
3784,Case_357,A,2023-01-14 01:47:00+00:00
3785,Case_515,B1,2023-01-14 01:51:00+00:00
3786,Case_597,A,2023-01-14 01:54:00+00:00
3787,Case_845,A,2023-01-14 01:54:00+00:00
3788,Case_597,F,2023-01-14 02:23:00+00:00
3789,Case_287,A,2023-01-14 02:28:00+00:00
3790,Case_515,B2,2023-01-14 02:31:00+00:00
3791,Case_907,A,2023-01-14 02:41:00+00:00
3792,Case_979,A,2023-01-14 02:48:00+00:00
3793,Case_979,C,2023-01-14 03:05:00+00:00
3794,Case_979,D,2023-01-14 03:07:00+00:00
3795,Case_979,B1,2023-01-14 03:08:00+00:00
3796,Case_907,C,2023-01-14 03:08:00+00:00
3797,Case_907,D,2023-01-14 03:11:00+00:00
3798,Case_930,A,2023-01-14 03:14:00+00:00
3799,Case_907,B1,2023-01-14 03:14:00+00:00
3800,Case_930,C,2023-01-14 03:25:00+00:00
3801,Case_515,A,2023-01-14 03:26:00+00:00
3802,Case_930,B1,2023-01-14 03:27:00+00:00
3803,Case_930,D,2023-01-14 03:29:00+00:00
3804,Case_979,B2,2023-01-14 03:39:00+00:00
3805,Case_907,B2,2023-01-14 03:40:00+00:00
3806,Case_597,A,2023-01-14 03:41:00+00:00
3807,Case_515,F,2023-01-14 03:51:00+00:00
3808,Case_62,A,2023-01-14 04:05:00+00:00
3809,Case_930,B2,2023-01-14 04:07:00+00:00
3810,Case_979,A,2023-01-14 04:24:00+00:00
3811,Case_907,A,2023-01-14 04:25:00+00:00
3812,Case_62,C,2023-01-14 04:28:00+00:00
3813,Case_62,D,2023-01-14 04:29:00+00:00
3814,Case_62,B1,2023-01-14 04:31:00+00:00
3815,Case_930,A,2023-01-14 04:34:00+00:00
3816,Case_907,E1,2023-01-14 04:39:00+00:00
3817,Case_979,E1,2023-01-14 04:44:00+00:00
3818,Case_930,F,2023-01-14 04:48:00+00:00
3819,Case_62,B2,2023-01-14 04:57:00+00:00
3820,Case_515,A,2023-01-14 05:01:00+00:00
3821,Case_907,E2,2023-01-14 05:20:00+00:00
3822,Case_62,A,2023-01-14 05:22:00+00:00
3823,Case_979,E2,2023-01-14 05:23:00+00:00
3824,Case_907,A,2023-01-14 05:38:00+00:00
3825,Case_62,F,2023-01-14 05:51:00+00:00
3826,Case_979,A,2023-01-14 06:00:00+00:00
3827,Case_930,A,2023-01-14 06:01:00+00:00
3828,Case_904,A,2023-01-14 06:07:00+00:00
3829,Case_904,C,2023-01-14 06:29:00+00:00
3830,Case_904,D,2023-01-14 06:34:00+00:00
3831,Case_904,B1,2023-01-14 06:36:00+00:00
3832,Case_62,A,2023-01-14 06:50:00+00:00
3833,Case_838,A,2023-01-14 07:05:00+00:00
3834,Case_904,B2,2023-01-14 07:21:00+00:00
3835,Case_838,C,2023-01-14 07:35:00+00:00
3836,Case_838,B1,2023-01-14 07:38:00+00:00
3837,Case_838,D,2023-01-14 07:39:00+00:00
3838,Case_53,A,2023-01-14 08:13:00+00:00
3839,Case_904,A,2023-01-14 08:19:00+00:00
3840,Case_838,B2,2023-01-14 08:20:00+00:00
3841,Case_904,E1,2023-01-14 08:30:00+00:00
3842,Case_146,A,2023-01-14 08:34:00+00:00
3843,Case_53,C,2023-01-14 08:39:00+00:00
3844,Case_53,D,2023-01-14 08:41:00+00:00
3845,Case_53,B1,2023-01-14 08:42:00+00:00
3846,Case_146,C,2023-01-14 08:49:00+00:00
3847,Case_146,D,2023-01-14 08:52:00+00:00
3848,Case_146,B1,2023-01-14 08:54:00+00:00
3849,Case_838,A,2023-01-14 09:13:00+00:00
3850,Case_904,E2,2023-01-14 09:16:00+00:00
3851,Case_53,B2,2023-01-14 09:18:00+00:00
3852,Case_146,B2,2023-01-14 09:20:00+00:00
3853,Case_790,A,2023-01-14 09:23:00+00:00
3854,Case_838,F,2023-01-14 09:32:00+00:00
3855,Case_790,C,2023-01-14 09:35:00+00:00
3856,Case_904,A,2023-01-14 09:36:00+00:00
3857,Case_790,D,2023-01-14 09:36:00+00:00
3858,Case_790,B1,2023-01-14 09:39:00+00:00
3859,Case_53,A,2023-01-14 09:45:00+00:00
3860,Case_53,F,2023-01-14 10:06:00+00:00
3861,Case_146,A,2023-01-14 10:06:00+00:00
3862,Case_790,B2,2023-01-14 10:17:00+00:00
3863,Case_146,E1,2023-01-14 10:28:00+00:00
3864,Case_53,A,2023-01-14 10:41:00+00:00
3865,Case_838,A,2023-01-14 10:45:00+00:00
3866,Case_501,A,2023-01-14 10:56:00+00:00
3867,Case_146,E2,2023-01-14 11:04:00+00:00
3868,Case_790,A,2023-01-14 11:12:00+00:00
3869,Case_501,C,2023-01-14 11:13:00+00:00
3870,Case_501,D,2023-01-14 11:15:00+00:00
3871,Case_501,B1,2023-01-14 11:18:00+00:00
3872,Case_146,A,2023-01-14 11:19:00+00:00
3873,Case_826,A,2023-01-14 11:34:00+00:00
3874,Case_790,F,2023-01-14 11:40:00+00:00
3875,Case_826,C,2023-01-14 11:47:00+00:00
3876,Case_826,D,2023-01-14 11:48:00+00:00
3877,Case_501,B2,2023-01-14 11:51:00+00:00
3878,Case_826,B1,2023-01-14 11:51:00+00:00
3879,Case_293,A,2023-01-14 12:05:00+00:00
3880,Case_826,B2,2023-01-14 12:16:00+00:00
3881,Case_501,A,2023-01-14 12:21:00+00:00
3882,Case_790,A,2023-01-14 12:32:00+00:00
3883,Case_293,C,2023-01-14 12:33:00+00:00
3884,Case_293,D,2023-01-14 12:37:00+00:00
3885,Case_501,F,2023-01-14 12:39:00+00:00
3886,Case_293,B1,2023-01-14 12:39:00+00:00
3887,Case_879,A,2023-01-14 12:47:00+00:00
3888,Case_826,A,2023-01-14 12:52:00+00:00
3889,Case_293,B2,2023-01-14 13:09:00+00:00
3890,Case_879,C,2023-01-14 13:11:00+00:00
3891,Case_879,D,2023-01-14 13:16:00+00:00
3892,Case_879,B1,2023-01-14 13:16:00+00:00
3893,Case_826,E1,2023-01-14 13:18:00+00:00
3894,Case_879,B2,2023-01-14 13:34:00+00:00
3895,Case_293,A,2023-01-14 13:44:00+00:00
3896,Case_501,A,2023-01-14 13:46:00+00:00
3897,Case_157,A,2023-01-14 13:58:00+00:00
3898,Case_293,E1,2023-01-14 14:04:00+00:00
3899,Case_826,E2,2023-01-14 14:06:00+00:00
3900,Case_628,A,2023-01-14 14:09:00+00:00
3901,Case_157,C,2023-01-14 14:15:00+00:00
3902,Case_157,D,2023-01-14 14:18:00+00:00
3903,Case_157,B1,2023-01-14 14:19:00+00:00
3904,Case_628,C,2023-01-14 14:28:00+00:00
3905,Case_628,D,2023-01-14 14:32:00+00:00
3906,Case_628,B1,2023-01-14 14:35:00+00:00
3907,Case_293,E2,2023-01-14 14:38:00+00:00
3908,Case_879,A,2023-01-14 14:38:00+00:00
3909,Case_826,A,2023-01-14 14:38:00+00:00
3910,Case_879,F,2023-01-14 14:50:00+00:00
3911,Case_157,B2,2023-01-14 14:50:00+00:00
3912,Case_367,A,2023-01-14 15:00:00+00:00
3913,Case_293,A,2023-01-14 15:14:00+00:00
3914,Case_628,B2,2023-01-14 15:16:00+00:00
3915,Case_367,C,2023-01-14 15:20:00+00:00
3916,Case_367,D,2023-01-14 15:22:00+00:00
3917,Case_367,B1,2023-01-14 15:24:00+00:00
3918,Case_879,A,2023-01-14 15:39:00+00:00
3919,Case_338,A,2023-01-14 15:40:00+00:00
3920,Case_367,B2,2023-01-14 15:44:00+00:00
3921,Case_157,A,2023-01-14 15:44:00+00:00
3922,Case_157,E1,2023-01-14 15:54:00+00:00
3923,Case_338,C,2023-01-14 15:57:00+00:00
3924,Case_628,A,2023-01-14 15:57:00+00:00
3925,Case_338,B1,2023-01-14 16:00:00+00:00
3926,Case_338,D,2023-01-14 16:00:00+00:00
3927,Case_495,A,2023-01-14 16:01:00+00:00
3928,Case_628,E1,2023-01-14 16:09:00+00:00
3929,Case_495,C,2023-01-14 16:14:00+00:00
3930,Case_495,D,2023-01-14 16:15:00+00:00
3931,Case_338,B2,2023-01-14 16:21:00+00:00
3932,Case_495,B1,2023-01-14 16:21:00+00:00
3933,Case_157,E2,2023-01-14 16:22:00+00:00
3934,Case_367,A,2023-01-14 16:23:00+00:00
3935,Case_628,E2,2023-01-14 16:34:00+00:00
3936,Case_510,A,2023-01-14 16:43:00+00:00
3937,Case_157,A,2023-01-14 16:44:00+00:00
3938,Case_367,E1,2023-01-14 16:48:00+00:00
3939,Case_495,B2,2023-01-14 16:51:00+00:00
3940,Case_628,A,2023-01-14 17:04:00+00:00
3941,Case_510,C,2023-01-14 17:08:00+00:00
3942,Case_510,B1,2023-01-14 17:13:00+00:00
3943,Case_510,D,2023-01-14 17:13:00+00:00
3944,Case_367,E2,2023-01-14 17:15:00+00:00
3945,Case_338,A,2023-01-14 17:22:00+00:00
3946,Case_717,A,2023-01-14 17:24:00+00:00
3947,Case_717,C,2023-01-14 17:42:00+00:00
3948,Case_717,D,2023-01-14 17:44:00+00:00
3949,Case_717,B1,2023-01-14 17:48:00+00:00
3950,Case_495,A,2023-01-14 17:50:00+00:00
3951,Case_338,F,2023-01-14 17:51:00+00:00
3952,Case_367,A,2023-01-14 17:53:00+00:00
3953,Case_510,B2,2023-01-14 17:56:00+00:00
3954,Case_495,E1,2023-01-14 18:00:00+00:00
3955,Case_717,B2,2023-01-14 18:07:00+00:00
3956,Case_830,A,2023-01-14 18:09:00+00:00
3957,Case_830,C,2023-01-14 18:20:00+00:00
3958,Case_830,D,2023-01-14 18:23:00+00:00
3959,Case_361,A,2023-01-14 18:25:00+00:00
3960,Case_830,B1,2023-01-14 18:27:00+00:00
3961,Case_338,A,2023-01-14 18:32:00+00:00
3962,Case_495,E2,2023-01-14 18:37:00+00:00
3963,Case_361,C,2023-01-14 18:49:00+00:00
3964,Case_361,D,2023-01-14 18:50:00+00:00
3965,Case_510,A,2023-01-14 18:52:00+00:00
3966,Case_495,A,2023-01-14 18:53:00+00:00
3967,Case_361,B1,2023-01-14 18:56:00+00:00
3968,Case_717,A,2023-01-14 18:57:00+00:00
3969,Case_830,B2,2023-01-14 19:06:00+00:00
3970,Case_510,F,2023-01-14 19:10:00+00:00
3971,Case_361,B2,2023-01-14 19:17:00+00:00
3972,Case_717,E1,2023-01-14 19:23:00+00:00
3973,Case_830,A,2023-01-14 19:37:00+00:00
3974,Case_865,A,2023-01-14 19:52:00+00:00
3975,Case_514,A,2023-01-14 19:54:00+00:00
3976,Case_717,E2,2023-01-14 19:58:00+00:00
3977,Case_830,E1,2023-01-14 20:01:00+00:00
3978,Case_361,A,2023-01-14 20:01:00+00:00
3979,Case_934,A,2023-01-14 20:08:00+00:00
3980,Case_514,C,2023-01-14 20:14:00+00:00
3981,Case_514,D,2023-01-14 20:16:00+00:00
3982,Case_510,A,2023-01-14 20:17:00+00:00
3983,Case_514,B1,2023-01-14 20:19:00+00:00
3984,Case_865,C,2023-01-14 20:21:00+00:00
3985,Case_865,D,2023-01-14 20:24:00+00:00
3986,Case_934,C,2023-01-14 20:26:00+00:00
3987,Case_865,B1,2023-01-14 20:27:00+00:00
3988,Case_934,D,2023-01-14 20:28:00+00:00
3989,Case_934,B1,2023-01-14 20:29:00+00:00
3990,Case_361,F,2023-01-14 20:29:00+00:00
3991,Case_717,A,2023-01-14 20:30:00+00:00
3992,Case_514,B2,2023-01-14 20:40:00+00:00
3993,Case_830,E2,2023-01-14 20:43:00+00:00
3994,Case_865,B2,2023-01-14 20:50:00+00:00
3995,Case_934,B2,2023-01-14 21:02:00+00:00
3996,Case_830,A,2023-01-14 21:14:00+00:00
3997,Case_446,A,2023-01-14 21:20:00+00:00
3998,Case_514,A,2023-01-14 21:26:00+00:00
3999,Case_361,A,2023-01-14 21:27:00+00:00
4000,Case_882,A,2023-01-14 21:33:00+00:00
4001,Case_934,A,2023-01-14 21:36:00+00:00
4002,Case_865,A,2023-01-14 21:46:00+00:00
4003,Case_514,F,2023-01-14 21:47:00+00:00
4004,Case_446,C,2023-01-14 21:47:00+00:00
4005,Case_934,E1,2023-01-14 21:49:00+00:00
4006,Case_446,B1,2023-01-14 21:50:00+00:00
4007,Case_446,D,2023-01-14 21:51:00+00:00
4008,Case_882,C,2023-01-14 21:58:00+00:00
4009,Case_882,D,2023-01-14 22:03:00+00:00
4010,Case_865,F,2023-01-14 22:04:00+00:00
4011,Case_882,B1,2023-01-14 22:05:00+00:00
4012,Case_794,A,2023-01-14 22:27:00+00:00
4013,Case_446,B2,2023-01-14 22:30:00+00:00
4014,Case_882,B2,2023-01-14 22:30:00+00:00
4015,Case_934,E2,2023-01-14 22:34:00+00:00
4016,Case_794,C,2023-01-14 22:38:00+00:00
4017,Case_794,D,2023-01-14 22:39:00+00:00
4018,Case_794,B1,2023-01-14 22:41:00+00:00
4019,Case_514,A,2023-01-14 22:47:00+00:00
4020,Case_807,A,2023-01-14 22:54:00+00:00
4021,Case_934,A,2023-01-14 22:56:00+00:00
4022,Case_794,B2,2023-01-14 22:57:00+00:00
4023,Case_446,A,2023-01-14 22:59:00+00:00
4024,Case_807,C,2023-01-14 23:07:00+00:00
4025,Case_807,D,2023-01-14 23:10:00+00:00
4026,Case_807,B1,2023-01-14 23:11:00+00:00
4027,Case_865,A,2023-01-14 23:18:00+00:00
4028,Case_882,A,2023-01-14 23:21:00+00:00
4029,Case_446,E1,2023-01-14 23:24:00+00:00
4030,Case_807,B2,2023-01-14 23:37:00+00:00
4031,Case_882,F,2023-01-14 23:40:00+00:00
4032,Case_794,A,2023-01-14 23:48:00+00:00
4033,Case_446,E2,2023-01-14 23:49:00+00:00
4034,Case_174,A,2023-01-14 23:53:00+00:00
4035,Case_927,A,2023-01-14 23:59:00+00:00
4036,Case_174,C,2023-01-15 00:03:00+00:00
4037,Case_174,D,2023-01-15 00:04:00+00:00
4038,Case_794,F,2023-01-15 00:06:00+00:00
4039,Case_174,B1,2023-01-15 00:10:00+00:00
4040,Case_446,A,2023-01-15 00:17:00+00:00
4041,Case_927,C,2023-01-15 00:26:00+00:00
4042,Case_927,D,2023-01-15 00:29:00+00:00
4043,Case_927,B1,2023-01-15 00:30:00+00:00
4044,Case_807,A,2023-01-15 00:32:00+00:00
4045,Case_415,A,2023-01-15 00:42:00+00:00
4046,Case_882,A,2023-01-15 00:51:00+00:00
4047,Case_174,B2,2023-01-15 00:55:00+00:00
4048,Case_807,E1,2023-01-15 00:59:00+00:00
4049,Case_415,C,2023-01-15 01:04:00+00:00
4050,Case_927,B2,2023-01-15 01:06:00+00:00
4051,Case_415,D,2023-01-15 01:07:00+00:00
4052,Case_415,B1,2023-01-15 01:11:00+00:00
4053,Case_794,A,2023-01-15 01:21:00+00:00
4054,Case_807,E2,2023-01-15 01:27:00+00:00
4055,Case_497,A,2023-01-15 01:49:00+00:00
4056,Case_174,A,2023-01-15 01:53:00+00:00
4057,Case_807,A,2023-01-15 01:53:00+00:00
4058,Case_415,B2,2023-01-15 01:56:00+00:00
4059,Case_927,A,2023-01-15 01:58:00+00:00
4060,Case_174,E1,2023-01-15 02:09:00+00:00
4061,Case_497,C,2023-01-15 02:12:00+00:00
4062,Case_497,D,2023-01-15 02:17:00+00:00
4063,Case_497,B1,2023-01-15 02:17:00+00:00
4064,Case_927,E1,2023-01-15 02:23:00+00:00
4065,Case_415,A,2023-01-15 02:25:00+00:00
4066,Case_415,E1,2023-01-15 02:40:00+00:00
4067,Case_174,E2,2023-01-15 02:49:00+00:00
4068,Case_927,E2,2023-01-15 02:57:00+00:00
4069,Case_497,B2,2023-01-15 02:59:00+00:00
4070,Case_538,A,2023-01-15 03:03:00+00:00
4071,Case_927,A,2023-01-15 03:14:00+00:00
4072,Case_497,A,2023-01-15 03:23:00+00:00
4073,Case_538,C,2023-01-15 03:23:00+00:00
4074,Case_174,A,2023-01-15 03:24:00+00:00
4075,Case_538,D,2023-01-15 03:26:00+00:00
4076,Case_538,B1,2023-01-15 03:27:00+00:00
4077,Case_415,E2,2023-01-15 03:29:00+00:00
4078,Case_497,F,2023-01-15 03:35:00+00:00
4079,Case_703,A,2023-01-15 03:44:00+00:00
4080,Case_415,A,2023-01-15 03:54:00+00:00
4081,Case_538,B2,2023-01-15 04:01:00+00:00
4082,Case_703,C,2023-01-15 04:12:00+00:00
4083,Case_703,B1,2023-01-15 04:15:00+00:00
4084,Case_703,D,2023-01-15 04:16:00+00:00
4085,Case_497,A,2023-01-15 04:24:00+00:00
4086,Case_196,A,2023-01-15 04:28:00+00:00
4087,Case_703,B2,2023-01-15 04:35:00+00:00
4088,Case_196,C,2023-01-15 04:40:00+00:00
4089,Case_196,D,2023-01-15 04:42:00+00:00
4090,Case_196,B1,2023-01-15 04:42:00+00:00
4091,Case_707,A,2023-01-15 04:44:00+00:00
4092,Case_538,A,2023-01-15 04:46:00+00:00
4093,Case_196,B2,2023-01-15 05:00:00+00:00
4094,Case_538,E1,2023-01-15 05:04:00+00:00
4095,Case_707,C,2023-01-15 05:06:00+00:00
4096,Case_707,D,2023-01-15 05:07:00+00:00
4097,Case_707,B1,2023-01-15 05:10:00+00:00
4098,Case_703,A,2023-01-15 05:15:00+00:00
4099,Case_703,E1,2023-01-15 05:29:00+00:00
4100,Case_196,A,2023-01-15 05:32:00+00:00
4101,Case_707,B2,2023-01-15 05:44:00+00:00
4102,Case_538,E2,2023-01-15 05:48:00+00:00
4103,Case_196,E1,2023-01-15 05:57:00+00:00
4104,Case_703,E2,2023-01-15 06:10:00+00:00
4105,Case_707,A,2023-01-15 06:13:00+00:00
4106,Case_538,A,2023-01-15 06:14:00+00:00
4107,Case_196,E2,2023-01-15 06:17:00+00:00
4108,Case_707,E1,2023-01-15 06:25:00+00:00
4109,Case_299,A,2023-01-15 06:32:00+00:00
4110,Case_703,A,2023-01-15 06:33:00+00:00
4111,Case_473,A,2023-01-15 06:37:00+00:00
4112,Case_473,C,2023-01-15 06:47:00+00:00
4113,Case_473,D,2023-01-15 06:50:00+00:00
4114,Case_299,C,2023-01-15 06:51:00+00:00
4115,Case_493,A,2023-01-15 06:52:00+00:00
4116,Case_473,B1,2023-01-15 06:52:00+00:00
4117,Case_299,D,2023-01-15 06:53:00+00:00
4118,Case_299,B1,2023-01-15 06:55:00+00:00
4119,Case_196,A,2023-01-15 06:56:00+00:00
4120,Case_332,A,2023-01-15 07:10:00+00:00
4121,Case_707,E2,2023-01-15 07:13:00+00:00
4122,Case_493,C,2023-01-15 07:19:00+00:00
4123,Case_473,B2,2023-01-15 07:21:00+00:00
4124,Case_493,B1,2023-01-15 07:24:00+00:00
4125,Case_493,D,2023-01-15 07:24:00+00:00
4126,Case_299,B2,2023-01-15 07:24:00+00:00
4127,Case_985,A,2023-01-15 07:32:00+00:00
4128,Case_332,C,2023-01-15 07:40:00+00:00
4129,Case_707,A,2023-01-15 07:40:00+00:00
4130,Case_100,A,2023-01-15 07:42:00+00:00
4131,Case_332,D,2023-01-15 07:43:00+00:00
4132,Case_332,B1,2023-01-15 07:45:00+00:00
4133,Case_985,C,2023-01-15 07:55:00+00:00
4134,Case_985,D,2023-01-15 07:57:00+00:00
4135,Case_985,B1,2023-01-15 07:57:00+00:00
4136,Case_493,B2,2023-01-15 07:59:00+00:00
4137,Case_100,C,2023-01-15 08:09:00+00:00
4138,Case_985,B2,2023-01-15 08:12:00+00:00
4139,Case_100,D,2023-01-15 08:13:00+00:00
4140,Case_100,B1,2023-01-15 08:14:00+00:00
4141,Case_473,A,2023-01-15 08:15:00+00:00
4142,Case_332,B2,2023-01-15 08:17:00+00:00
4143,Case_299,A,2023-01-15 08:24:00+00:00
4144,Case_94,A,2023-01-15 08:33:00+00:00
4145,Case_473,E1,2023-01-15 08:33:00+00:00
4146,Case_100,B2,2023-01-15 08:38:00+00:00
4147,Case_299,F,2023-01-15 08:38:00+00:00
4148,Case_812,A,2023-01-15 08:39:00+00:00
4149,Case_94,C,2023-01-15 08:43:00+00:00
4150,Case_94,D,2023-01-15 08:46:00+00:00
4151,Case_94,B1,2023-01-15 08:48:00+00:00
4152,Case_332,A,2023-01-15 08:51:00+00:00
4153,Case_473,E2,2023-01-15 08:57:00+00:00
4154,Case_493,A,2023-01-15 08:59:00+00:00
4155,Case_332,F,2023-01-15 09:03:00+00:00
4156,Case_985,A,2023-01-15 09:05:00+00:00
4157,Case_812,C,2023-01-15 09:09:00+00:00
4158,Case_812,B1,2023-01-15 09:13:00+00:00
4159,Case_812,D,2023-01-15 09:13:00+00:00
4160,Case_985,F,2023-01-15 09:19:00+00:00
4161,Case_340,A,2023-01-15 09:20:00+00:00
4162,Case_299,A,2023-01-15 09:23:00+00:00
4163,Case_100,A,2023-01-15 09:26:00+00:00
4164,Case_493,F,2023-01-15 09:27:00+00:00
4165,Case_812,B2,2023-01-15 09:30:00+00:00
4166,Case_94,B2,2023-01-15 09:31:00+00:00
4167,Case_329,A,2023-01-15 09:33:00+00:00
4168,Case_473,A,2023-01-15 09:34:00+00:00
4169,Case_340,C,2023-01-15 09:38:00+00:00
4170,Case_340,B1,2023-01-15 09:43:00+00:00
4171,Case_340,D,2023-01-15 09:43:00+00:00
4172,Case_100,E1,2023-01-15 09:49:00+00:00
4173,Case_332,A,2023-01-15 10:01:00+00:00
4174,Case_329,C,2023-01-15 10:03:00+00:00
4175,Case_340,B2,2023-01-15 10:04:00+00:00
4176,Case_329,B1,2023-01-15 10:07:00+00:00
4177,Case_329,D,2023-01-15 10:08:00+00:00
4178,Case_812,A,2023-01-15 10:17:00+00:00
4179,Case_985,A,2023-01-15 10:24:00+00:00
4180,Case_94,A,2023-01-15 10:26:00+00:00
4181,Case_340,A,2023-01-15 10:28:00+00:00
4182,Case_100,E2,2023-01-15 10:28:00+00:00
4183,Case_576,A,2023-01-15 10:34:00+00:00
4184,Case_493,A,2023-01-15 10:42:00+00:00
4185,Case_340,F,2023-01-15 10:43:00+00:00
4186,Case_329,B2,2023-01-15 10:44:00+00:00
4187,Case_812,F,2023-01-15 10:47:00+00:00
4188,Case_576,C,2023-01-15 10:48:00+00:00
4189,Case_94,F,2023-01-15 10:49:00+00:00
4190,Case_100,A,2023-01-15 10:50:00+00:00
4191,Case_576,B1,2023-01-15 10:51:00+00:00
4192,Case_576,D,2023-01-15 10:53:00+00:00
4193,Case_576,B2,2023-01-15 11:09:00+00:00
4194,Case_340,A,2023-01-15 11:25:00+00:00
4195,Case_94,A,2023-01-15 11:34:00+00:00
4196,Case_329,A,2023-01-15 11:43:00+00:00
4197,Case_576,A,2023-01-15 11:47:00+00:00
4198,Case_812,A,2023-01-15 12:01:00+00:00
4199,Case_576,F,2023-01-15 12:05:00+00:00
4200,Case_329,F,2023-01-15 12:08:00+00:00
4201,Case_329,A,2023-01-15 12:44:00+00:00
4202,Case_576,A,2023-01-15 13:08:00+00:00
4203,Case_601,A,2023-01-15 13:12:00+00:00
4204,Case_601,C,2023-01-15 13:22:00+00:00
4205,Case_601,D,2023-01-15 13:23:00+00:00
4206,Case_601,B1,2023-01-15 13:24:00+00:00
4207,Case_601,B2,2023-01-15 13:54:00+00:00
4208,Case_601,A,2023-01-15 14:27:00+00:00
4209,Case_973,A,2023-01-15 14:40:00+00:00
4210,Case_601,F,2023-01-15 14:47:00+00:00
4211,Case_973,C,2023-01-15 15:01:00+00:00
4212,Case_973,D,2023-01-15 15:02:00+00:00
4213,Case_973,B1,2023-01-15 15:03:00+00:00
4214,Case_973,B2,2023-01-15 15:44:00+00:00
4215,Case_601,A,2023-01-15 15:53:00+00:00
4216,Case_521,A,2023-01-15 15:58:00+00:00
4217,Case_751,A,2023-01-15 16:02:00+00:00
4218,Case_945,A,2023-01-15 16:03:00+00:00
4219,Case_521,C,2023-01-15 16:10:00+00:00
4220,Case_521,B1,2023-01-15 16:13:00+00:00
4221,Case_973,A,2023-01-15 16:13:00+00:00
4222,Case_521,D,2023-01-15 16:14:00+00:00
4223,Case_945,C,2023-01-15 16:19:00+00:00
4224,Case_751,C,2023-01-15 16:19:00+00:00
4225,Case_945,B1,2023-01-15 16:23:00+00:00
4226,Case_751,D,2023-01-15 16:23:00+00:00
4227,Case_945,D,2023-01-15 16:23:00+00:00
4228,Case_973,F,2023-01-15 16:24:00+00:00
4229,Case_751,B1,2023-01-15 16:26:00+00:00
4230,Case_751,B2,2023-01-15 16:42:00+00:00
4231,Case_521,B2,2023-01-15 16:56:00+00:00
4232,Case_987,A,2023-01-15 17:06:00+00:00
4233,Case_945,B2,2023-01-15 17:07:00+00:00
4234,Case_751,A,2023-01-15 17:14:00+00:00
4235,Case_973,A,2023-01-15 17:24:00+00:00
4236,Case_521,A,2023-01-15 17:32:00+00:00
4237,Case_987,C,2023-01-15 17:33:00+00:00
4238,Case_987,D,2023-01-15 17:34:00+00:00
4239,Case_987,B1,2023-01-15 17:38:00+00:00
4240,Case_751,E1,2023-01-15 17:38:00+00:00
4241,Case_945,A,2023-01-15 17:47:00+00:00
4242,Case_521,E1,2023-01-15 17:54:00+00:00
4243,Case_751,E2,2023-01-15 18:01:00+00:00
4244,Case_945,E1,2023-01-15 18:02:00+00:00
4245,Case_169,A,2023-01-15 18:03:00+00:00
4246,Case_90,A,2023-01-15 18:12:00+00:00
4247,Case_987,B2,2023-01-15 18:13:00+00:00
4248,Case_521,E2,2023-01-15 18:17:00+00:00
4249,Case_169,C,2023-01-15 18:19:00+00:00
4250,Case_169,D,2023-01-15 18:21:00+00:00
4251,Case_945,E2,2023-01-15 18:23:00+00:00
4252,Case_169,B1,2023-01-15 18:24:00+00:00
4253,Case_751,A,2023-01-15 18:32:00+00:00
4254,Case_90,C,2023-01-15 18:34:00+00:00
4255,Case_90,B1,2023-01-15 18:36:00+00:00
4256,Case_90,D,2023-01-15 18:36:00+00:00
4257,Case_169,B2,2023-01-15 18:49:00+00:00
4258,Case_987,A,2023-01-15 18:52:00+00:00
4259,Case_521,A,2023-01-15 18:56:00+00:00
4260,Case_764,A,2023-01-15 19:00:00+00:00
4261,Case_945,A,2023-01-15 19:01:00+00:00
4262,Case_987,F,2023-01-15 19:08:00+00:00
4263,Case_90,B2,2023-01-15 19:09:00+00:00
4264,Case_764,C,2023-01-15 19:17:00+00:00
4265,Case_764,D,2023-01-15 19:21:00+00:00
4266,Case_764,B1,2023-01-15 19:24:00+00:00
4267,Case_169,A,2023-01-15 19:26:00+00:00
4268,Case_169,E1,2023-01-15 19:41:00+00:00
4269,Case_987,A,2023-01-15 19:46:00+00:00
4270,Case_764,B2,2023-01-15 19:58:00+00:00
4271,Case_90,A,2023-01-15 19:59:00+00:00
4272,Case_499,A,2023-01-15 20:16:00+00:00
4273,Case_169,E2,2023-01-15 20:19:00+00:00
4274,Case_90,F,2023-01-15 20:28:00+00:00
4275,Case_169,A,2023-01-15 20:37:00+00:00
4276,Case_764,A,2023-01-15 20:39:00+00:00
4277,Case_499,C,2023-01-15 20:46:00+00:00
4278,Case_499,B1,2023-01-15 20:48:00+00:00
4279,Case_499,D,2023-01-15 20:51:00+00:00
4280,Case_666,A,2023-01-15 21:00:00+00:00
4281,Case_499,B2,2023-01-15 21:07:00+00:00
4282,Case_90,A,2023-01-15 21:08:00+00:00
4283,Case_764,F,2023-01-15 21:09:00+00:00
4284,Case_666,C,2023-01-15 21:30:00+00:00
4285,Case_666,D,2023-01-15 21:33:00+00:00
4286,Case_663,A,2023-01-15 21:33:00+00:00
4287,Case_666,B1,2023-01-15 21:37:00+00:00
4288,Case_663,C,2023-01-15 21:51:00+00:00
4289,Case_663,D,2023-01-15 21:52:00+00:00
4290,Case_666,B2,2023-01-15 21:58:00+00:00
4291,Case_663,B1,2023-01-15 21:58:00+00:00
4292,Case_499,A,2023-01-15 22:06:00+00:00
4293,Case_764,A,2023-01-15 22:06:00+00:00
4294,Case_499,F,2023-01-15 22:23:00+00:00
4295,Case_663,B2,2023-01-15 22:27:00+00:00
4296,Case_452,A,2023-01-15 22:32:00+00:00
4297,Case_666,A,2023-01-15 22:48:00+00:00
4298,Case_452,C,2023-01-15 23:00:00+00:00
4299,Case_452,B1,2023-01-15 23:04:00+00:00
4300,Case_452,D,2023-01-15 23:05:00+00:00
4301,Case_666,F,2023-01-15 23:10:00+00:00
4302,Case_663,A,2023-01-15 23:22:00+00:00
4303,Case_499,A,2023-01-15 23:33:00+00:00
4304,Case_663,E1,2023-01-15 23:41:00+00:00
4305,Case_452,B2,2023-01-15 23:42:00+00:00
4306,Case_666,A,2023-01-15 23:53:00+00:00
4307,Case_976,A,2023-01-16 00:14:00+00:00
4308,Case_663,E2,2023-01-16 00:16:00+00:00
4309,Case_976,C,2023-01-16 00:29:00+00:00
4310,Case_452,A,2023-01-16 00:31:00+00:00
4311,Case_976,B1,2023-01-16 00:34:00+00:00
4312,Case_976,D,2023-01-16 00:34:00+00:00
4313,Case_663,A,2023-01-16 00:37:00+00:00
4314,Case_491,A,2023-01-16 00:39:00+00:00
4315,Case_452,E1,2023-01-16 00:49:00+00:00
4316,Case_221,A,2023-01-16 00:54:00+00:00
4317,Case_976,B2,2023-01-16 00:58:00+00:00
4318,Case_491,C,2023-01-16 01:09:00+00:00
4319,Case_221,C,2023-01-16 01:11:00+00:00
4320,Case_491,B1,2023-01-16 01:12:00+00:00
4321,Case_221,D,2023-01-16 01:12:00+00:00
4322,Case_491,D,2023-01-16 01:13:00+00:00
4323,Case_221,B1,2023-01-16 01:17:00+00:00
4324,Case_803,A,2023-01-16 01:18:00+00:00
4325,Case_613,A,2023-01-16 01:24:00+00:00
4326,Case_452,E2,2023-01-16 01:28:00+00:00
4327,Case_976,A,2023-01-16 01:34:00+00:00
4328,Case_613,C,2023-01-16 01:36:00+00:00
4329,Case_613,D,2023-01-16 01:38:00+00:00
4330,Case_613,B1,2023-01-16 01:38:00+00:00
4331,Case_461,A,2023-01-16 01:42:00+00:00
4332,Case_803,C,2023-01-16 01:45:00+00:00
4333,Case_803,B1,2023-01-16 01:49:00+00:00
4334,Case_803,D,2023-01-16 01:50:00+00:00
4335,Case_491,B2,2023-01-16 01:55:00+00:00
4336,Case_221,B2,2023-01-16 01:58:00+00:00
4337,Case_613,B2,2023-01-16 01:59:00+00:00
4338,Case_452,A,2023-01-16 02:00:00+00:00
4339,Case_976,F,2023-01-16 02:01:00+00:00
4340,Case_461,C,2023-01-16 02:10:00+00:00
4341,Case_461,D,2023-01-16 02:14:00+00:00
4342,Case_461,B1,2023-01-16 02:15:00+00:00
4343,Case_803,B2,2023-01-16 02:17:00+00:00
4344,Case_491,A,2023-01-16 02:24:00+00:00
4345,Case_613,A,2023-01-16 02:25:00+00:00
4346,Case_976,A,2023-01-16 02:36:00+00:00
4347,Case_221,A,2023-01-16 02:42:00+00:00
4348,Case_461,B2,2023-01-16 02:46:00+00:00
4349,Case_613,F,2023-01-16 02:50:00+00:00
4350,Case_433,A,2023-01-16 02:50:00+00:00
4351,Case_491,E1,2023-01-16 02:53:00+00:00
4352,Case_803,A,2023-01-16 02:57:00+00:00
4353,Case_221,E1,2023-01-16 02:58:00+00:00
4354,Case_433,C,2023-01-16 03:07:00+00:00
4355,Case_433,D,2023-01-16 03:08:00+00:00
4356,Case_433,B1,2023-01-16 03:10:00+00:00
4357,Case_803,F,2023-01-16 03:10:00+00:00
4358,Case_613,A,2023-01-16 03:27:00+00:00
4359,Case_221,E2,2023-01-16 03:33:00+00:00
4360,Case_491,E2,2023-01-16 03:37:00+00:00
4361,Case_461,A,2023-01-16 03:45:00+00:00
4362,Case_433,B2,2023-01-16 03:45:00+00:00
4363,Case_972,A,2023-01-16 04:03:00+00:00
4364,Case_491,A,2023-01-16 04:11:00+00:00
4365,Case_221,A,2023-01-16 04:12:00+00:00
4366,Case_461,F,2023-01-16 04:13:00+00:00
4367,Case_972,C,2023-01-16 04:14:00+00:00
4368,Case_972,B1,2023-01-16 04:19:00+00:00
4369,Case_972,D,2023-01-16 04:19:00+00:00
4370,Case_393,A,2023-01-16 04:19:00+00:00
4371,Case_803,A,2023-01-16 04:27:00+00:00
4372,Case_393,C,2023-01-16 04:30:00+00:00
4373,Case_393,D,2023-01-16 04:31:00+00:00
4374,Case_393,B1,2023-01-16 04:32:00+00:00
4375,Case_433,A,2023-01-16 04:36:00+00:00
4376,Case_433,F,2023-01-16 04:48:00+00:00
4377,Case_972,B2,2023-01-16 05:00:00+00:00
4378,Case_461,A,2023-01-16 05:11:00+00:00
4379,Case_393,B2,2023-01-16 05:17:00+00:00
4380,Case_972,A,2023-01-16 05:43:00+00:00
4381,Case_393,A,2023-01-16 05:50:00+00:00
4382,Case_972,E1,2023-01-16 05:54:00+00:00
4383,Case_433,A,2023-01-16 06:03:00+00:00
4384,Case_535,A,2023-01-16 06:06:00+00:00
4385,Case_393,F,2023-01-16 06:16:00+00:00
4386,Case_972,E2,2023-01-16 06:22:00+00:00
4387,Case_535,C,2023-01-16 06:33:00+00:00
4388,Case_535,D,2023-01-16 06:35:00+00:00
4389,Case_535,B1,2023-01-16 06:39:00+00:00
4390,Case_600,A,2023-01-16 06:50:00+00:00
4391,Case_972,A,2023-01-16 06:53:00+00:00
4392,Case_393,A,2023-01-16 07:05:00+00:00
4393,Case_642,A,2023-01-16 07:08:00+00:00
4394,Case_535,B2,2023-01-16 07:15:00+00:00
4395,Case_600,C,2023-01-16 07:17:00+00:00
4396,Case_600,D,2023-01-16 07:18:00+00:00
4397,Case_642,C,2023-01-16 07:23:00+00:00
4398,Case_600,B1,2023-01-16 07:24:00+00:00
4399,Case_642,D,2023-01-16 07:25:00+00:00
4400,Case_761,A,2023-01-16 07:26:00+00:00
4401,Case_642,B1,2023-01-16 07:28:00+00:00
4402,Case_37,A,2023-01-16 07:39:00+00:00
4403,Case_761,C,2023-01-16 07:47:00+00:00
4404,Case_761,D,2023-01-16 07:50:00+00:00
4405,Case_535,A,2023-01-16 07:50:00+00:00
4406,Case_761,B1,2023-01-16 07:51:00+00:00
4407,Case_600,B2,2023-01-16 07:57:00+00:00
4408,Case_642,B2,2023-01-16 07:59:00+00:00
4409,Case_37,C,2023-01-16 07:59:00+00:00
4410,Case_37,D,2023-01-16 08:01:00+00:00
4411,Case_37,B1,2023-01-16 08:05:00+00:00
4412,Case_535,E1,2023-01-16 08:18:00+00:00
4413,Case_37,B2,2023-01-16 08:26:00+00:00
4414,Case_761,B2,2023-01-16 08:33:00+00:00
4415,Case_667,A,2023-01-16 08:38:00+00:00
4416,Case_600,A,2023-01-16 08:39:00+00:00
4417,Case_535,E2,2023-01-16 08:43:00+00:00
4418,Case_642,A,2023-01-16 08:43:00+00:00
4419,Case_642,E1,2023-01-16 08:58:00+00:00
4420,Case_667,C,2023-01-16 09:02:00+00:00
4421,Case_600,E1,2023-01-16 09:03:00+00:00
4422,Case_667,D,2023-01-16 09:06:00+00:00
4423,Case_667,B1,2023-01-16 09:09:00+00:00
4424,Case_37,A,2023-01-16 09:10:00+00:00
4425,Case_535,A,2023-01-16 09:15:00+00:00
4426,Case_207,A,2023-01-16 09:16:00+00:00
4427,Case_761,A,2023-01-16 09:16:00+00:00
4428,Case_667,B2,2023-01-16 09:25:00+00:00
4429,Case_207,C,2023-01-16 09:35:00+00:00
4430,Case_600,E2,2023-01-16 09:36:00+00:00
4431,Case_37,E1,2023-01-16 09:37:00+00:00
4432,Case_642,E2,2023-01-16 09:37:00+00:00
4433,Case_207,B1,2023-01-16 09:38:00+00:00
4434,Case_207,D,2023-01-16 09:38:00+00:00
4435,Case_761,E1,2023-01-16 09:39:00+00:00
4436,Case_600,A,2023-01-16 09:54:00+00:00
4437,Case_667,A,2023-01-16 10:03:00+00:00
4438,Case_37,E2,2023-01-16 10:05:00+00:00
4439,Case_642,A,2023-01-16 10:06:00+00:00
4440,Case_761,E2,2023-01-16 10:12:00+00:00
4441,Case_207,B2,2023-01-16 10:20:00+00:00
4442,Case_37,A,2023-01-16 10:31:00+00:00
4443,Case_667,F,2023-01-16 10:32:00+00:00
4444,Case_251,A,2023-01-16 10:36:00+00:00
4445,Case_761,A,2023-01-16 10:50:00+00:00
4446,Case_251,C,2023-01-16 10:54:00+00:00
4447,Case_251,D,2023-01-16 10:59:00+00:00
4448,Case_251,B1,2023-01-16 11:00:00+00:00
4449,Case_207,A,2023-01-16 11:00:00+00:00
4450,Case_207,E1,2023-01-16 11:10:00+00:00
4451,Case_667,A,2023-01-16 11:15:00+00:00
4452,Case_251,B2,2023-01-16 11:33:00+00:00
4453,Case_144,A,2023-01-16 11:33:00+00:00
4454,Case_33,A,2023-01-16 11:38:00+00:00
4455,Case_770,A,2023-01-16 11:44:00+00:00
4456,Case_33,C,2023-01-16 11:50:00+00:00
4457,Case_33,B1,2023-01-16 11:53:00+00:00
4458,Case_33,D,2023-01-16 11:54:00+00:00
4459,Case_144,C,2023-01-16 11:54:00+00:00
4460,Case_144,D,2023-01-16 11:56:00+00:00
4461,Case_144,B1,2023-01-16 11:58:00+00:00
4462,Case_207,E2,2023-01-16 12:00:00+00:00
4463,Case_849,A,2023-01-16 12:08:00+00:00
4464,Case_770,C,2023-01-16 12:12:00+00:00
4465,Case_770,D,2023-01-16 12:13:00+00:00
4466,Case_770,B1,2023-01-16 12:19:00+00:00
4467,Case_849,C,2023-01-16 12:28:00+00:00
4468,Case_251,A,2023-01-16 12:29:00+00:00
4469,Case_849,B1,2023-01-16 12:30:00+00:00
4470,Case_33,B2,2023-01-16 12:31:00+00:00
4471,Case_849,D,2023-01-16 12:32:00+00:00
4472,Case_207,A,2023-01-16 12:37:00+00:00
4473,Case_144,B2,2023-01-16 12:41:00+00:00
4474,Case_729,A,2023-01-16 12:42:00+00:00
4475,Case_251,F,2023-01-16 12:43:00+00:00
4476,Case_770,B2,2023-01-16 12:43:00+00:00
4477,Case_33,A,2023-01-16 12:56:00+00:00
4478,Case_729,C,2023-01-16 13:12:00+00:00
4479,Case_849,B2,2023-01-16 13:12:00+00:00
4480,Case_33,E1,2023-01-16 13:16:00+00:00
4481,Case_729,B1,2023-01-16 13:16:00+00:00
4482,Case_729,D,2023-01-16 13:16:00+00:00
4483,Case_770,A,2023-01-16 13:34:00+00:00
4484,Case_144,A,2023-01-16 13:38:00+00:00
4485,Case_33,E2,2023-01-16 13:41:00+00:00
4486,Case_849,A,2023-01-16 13:46:00+00:00
4487,Case_729,B2,2023-01-16 13:47:00+00:00
4488,Case_251,A,2023-01-16 13:47:00+00:00
4489,Case_144,F,2023-01-16 13:55:00+00:00
4490,Case_770,F,2023-01-16 14:02:00+00:00
4491,Case_33,A,2023-01-16 14:11:00+00:00
4492,Case_849,E1,2023-01-16 14:16:00+00:00
4493,Case_379,A,2023-01-16 14:31:00+00:00
4494,Case_729,A,2023-01-16 14:31:00+00:00
4495,Case_770,A,2023-01-16 14:40:00+00:00
4496,Case_144,A,2023-01-16 14:49:00+00:00
4497,Case_729,E1,2023-01-16 14:51:00+00:00
4498,Case_379,C,2023-01-16 14:57:00+00:00
4499,Case_379,B1,2023-01-16 14:59:00+00:00
4500,Case_379,D,2023-01-16 14:59:00+00:00
4501,Case_849,E2,2023-01-16 15:05:00+00:00
4502,Case_729,E2,2023-01-16 15:15:00+00:00
4503,Case_849,A,2023-01-16 15:20:00+00:00
4504,Case_800,A,2023-01-16 15:28:00+00:00
4505,Case_379,B2,2023-01-16 15:35:00+00:00
4506,Case_729,A,2023-01-16 15:40:00+00:00
4507,Case_800,C,2023-01-16 15:40:00+00:00
4508,Case_43,A,2023-01-16 15:41:00+00:00
4509,Case_800,D,2023-01-16 15:44:00+00:00
4510,Case_800,B1,2023-01-16 15:45:00+00:00
4511,Case_43,C,2023-01-16 15:52:00+00:00
4512,Case_43,B1,2023-01-16 15:54:00+00:00
4513,Case_43,D,2023-01-16 15:56:00+00:00
4514,Case_800,B2,2023-01-16 16:04:00+00:00
4515,Case_379,A,2023-01-16 16:20:00+00:00
4516,Case_43,B2,2023-01-16 16:21:00+00:00
4517,Case_800,A,2023-01-16 16:32:00+00:00
4518,Case_379,E1,2023-01-16 16:44:00+00:00
4519,Case_800,F,2023-01-16 16:52:00+00:00
4520,Case_43,A,2023-01-16 17:13:00+00:00
4521,Case_379,E2,2023-01-16 17:22:00+00:00
4522,Case_472,A,2023-01-16 17:34:00+00:00
4523,Case_43,E1,2023-01-16 17:36:00+00:00
4524,Case_472,C,2023-01-16 17:48:00+00:00
4525,Case_472,D,2023-01-16 17:53:00+00:00
4526,Case_472,B1,2023-01-16 17:53:00+00:00
4527,Case_379,A,2023-01-16 17:53:00+00:00
4528,Case_43,E2,2023-01-16 18:00:00+00:00
4529,Case_800,A,2023-01-16 18:03:00+00:00
4530,Case_472,B2,2023-01-16 18:20:00+00:00
4531,Case_43,A,2023-01-16 18:39:00+00:00
4532,Case_722,A,2023-01-16 19:14:00+00:00
4533,Case_472,A,2023-01-16 19:16:00+00:00
4534,Case_722,C,2023-01-16 19:31:00+00:00
4535,Case_722,D,2023-01-16 19:32:00+00:00
4536,Case_472,E1,2023-01-16 19:32:00+00:00
4537,Case_722,B1,2023-01-16 19:36:00+00:00
4538,Case_722,B2,2023-01-16 20:01:00+00:00
4539,Case_970,A,2023-01-16 20:03:00+00:00
4540,Case_472,E2,2023-01-16 20:15:00+00:00
4541,Case_970,C,2023-01-16 20:26:00+00:00
4542,Case_970,D,2023-01-16 20:29:00+00:00
4543,Case_970,B1,2023-01-16 20:30:00+00:00
4544,Case_472,A,2023-01-16 20:46:00+00:00
4545,Case_970,B2,2023-01-16 20:56:00+00:00
4546,Case_722,A,2023-01-16 20:57:00+00:00
4547,Case_722,F,2023-01-16 21:09:00+00:00
4548,Case_353,A,2023-01-16 21:12:00+00:00
4549,Case_353,C,2023-01-16 21:27:00+00:00
4550,Case_353,D,2023-01-16 21:32:00+00:00
4551,Case_353,B1,2023-01-16 21:33:00+00:00
4552,Case_353,B2,2023-01-16 21:52:00+00:00
4553,Case_970,A,2023-01-16 21:54:00+00:00
4554,Case_445,A,2023-01-16 21:55:00+00:00
4555,Case_722,A,2023-01-16 22:10:00+00:00
4556,Case_677,A,2023-01-16 22:15:00+00:00
4557,Case_445,C,2023-01-16 22:16:00+00:00
4558,Case_445,D,2023-01-16 22:17:00+00:00
4559,Case_445,B1,2023-01-16 22:23:00+00:00
4560,Case_970,F,2023-01-16 22:24:00+00:00
4561,Case_677,C,2023-01-16 22:25:00+00:00
4562,Case_677,D,2023-01-16 22:26:00+00:00
4563,Case_677,B1,2023-01-16 22:30:00+00:00
4564,Case_445,B2,2023-01-16 22:39:00+00:00
4565,Case_353,A,2023-01-16 22:40:00+00:00
4566,Case_353,E1,2023-01-16 22:51:00+00:00
4567,Case_677,B2,2023-01-16 23:00:00+00:00
4568,Case_445,A,2023-01-16 23:14:00+00:00
4569,Case_353,E2,2023-01-16 23:18:00+00:00
4570,Case_970,A,2023-01-16 23:18:00+00:00
4571,Case_677,A,2023-01-16 23:21:00+00:00
4572,Case_456,A,2023-01-16 23:32:00+00:00
4573,Case_353,A,2023-01-16 23:39:00+00:00
4574,Case_677,F,2023-01-16 23:41:00+00:00
4575,Case_445,E1,2023-01-16 23:43:00+00:00
4576,Case_456,C,2023-01-16 23:48:00+00:00
4577,Case_456,B1,2023-01-16 23:52:00+00:00
4578,Case_456,D,2023-01-16 23:53:00+00:00
4579,Case_627,A,2023-01-17 00:12:00+00:00
4580,Case_804,A,2023-01-17 00:16:00+00:00
4581,Case_627,C,2023-01-17 00:22:00+00:00
4582,Case_456,B2,2023-01-17 00:24:00+00:00
4583,Case_627,D,2023-01-17 00:27:00+00:00
4584,Case_627,B1,2023-01-17 00:28:00+00:00
4585,Case_445,E2,2023-01-17 00:30:00+00:00
4586,Case_627,B2,2023-01-17 00:44:00+00:00
4587,Case_804,C,2023-01-17 00:45:00+00:00
4588,Case_804,D,2023-01-17 00:46:00+00:00
4589,Case_677,A,2023-01-17 00:50:00+00:00
4590,Case_804,B1,2023-01-17 00:52:00+00:00
4591,Case_445,A,2023-01-17 00:54:00+00:00
4592,Case_456,A,2023-01-17 01:14:00+00:00
4593,Case_627,A,2023-01-17 01:34:00+00:00
4594,Case_804,B2,2023-01-17 01:37:00+00:00
4595,Case_456,E1,2023-01-17 01:43:00+00:00
4596,Case_627,F,2023-01-17 01:49:00+00:00
4597,Case_804,A,2023-01-17 01:57:00+00:00
4598,Case_456,E2,2023-01-17 02:07:00+00:00
4599,Case_804,F,2023-01-17 02:09:00+00:00
4600,Case_422,A,2023-01-17 02:18:00+00:00
4601,Case_627,A,2023-01-17 02:36:00+00:00
4602,Case_422,C,2023-01-17 02:39:00+00:00
4603,Case_422,D,2023-01-17 02:40:00+00:00
4604,Case_422,B1,2023-01-17 02:43:00+00:00
4605,Case_456,A,2023-01-17 02:44:00+00:00
4606,Case_241,A,2023-01-17 02:59:00+00:00
4607,Case_804,A,2023-01-17 03:01:00+00:00
4608,Case_241,C,2023-01-17 03:12:00+00:00
4609,Case_241,D,2023-01-17 03:15:00+00:00
4610,Case_241,B1,2023-01-17 03:18:00+00:00
4611,Case_422,B2,2023-01-17 03:25:00+00:00
4612,Case_768,A,2023-01-17 03:33:00+00:00
4613,Case_241,B2,2023-01-17 03:50:00+00:00
4614,Case_768,C,2023-01-17 04:00:00+00:00
4615,Case_768,D,2023-01-17 04:01:00+00:00
4616,Case_73,A,2023-01-17 04:03:00+00:00
4617,Case_768,B1,2023-01-17 04:03:00+00:00
4618,Case_422,A,2023-01-17 04:09:00+00:00
4619,Case_73,C,2023-01-17 04:18:00+00:00
4620,Case_73,D,2023-01-17 04:21:00+00:00
4621,Case_73,B1,2023-01-17 04:22:00+00:00
4622,Case_422,E1,2023-01-17 04:26:00+00:00
4623,Case_241,A,2023-01-17 04:39:00+00:00
4624,Case_768,B2,2023-01-17 04:47:00+00:00
4625,Case_73,B2,2023-01-17 04:48:00+00:00
4626,Case_241,F,2023-01-17 04:54:00+00:00
4627,Case_422,E2,2023-01-17 05:02:00+00:00
4628,Case_422,A,2023-01-17 05:39:00+00:00
4629,Case_768,A,2023-01-17 05:40:00+00:00
4630,Case_73,A,2023-01-17 05:48:00+00:00
4631,Case_241,A,2023-01-17 05:58:00+00:00
4632,Case_768,F,2023-01-17 05:59:00+00:00
4633,Case_73,F,2023-01-17 06:07:00+00:00
4634,Case_418,A,2023-01-17 06:49:00+00:00
4635,Case_768,A,2023-01-17 06:59:00+00:00
4636,Case_418,C,2023-01-17 07:07:00+00:00
4637,Case_418,D,2023-01-17 07:08:00+00:00
4638,Case_418,B1,2023-01-17 07:11:00+00:00
4639,Case_73,A,2023-01-17 07:14:00+00:00
4640,Case_418,B2,2023-01-17 07:54:00+00:00
4641,Case_42,A,2023-01-17 08:06:00+00:00
4642,Case_42,C,2023-01-17 08:23:00+00:00
4643,Case_42,D,2023-01-17 08:26:00+00:00
4644,Case_42,B1,2023-01-17 08:30:00+00:00
4645,Case_418,A,2023-01-17 08:38:00+00:00
4646,Case_418,E1,2023-01-17 08:48:00+00:00
4647,Case_42,B2,2023-01-17 08:49:00+00:00
4648,Case_42,A,2023-01-17 09:16:00+00:00
4649,Case_418,E2,2023-01-17 09:38:00+00:00
4650,Case_42,E1,2023-01-17 09:38:00+00:00
4651,Case_418,A,2023-01-17 10:01:00+00:00
4652,Case_828,A,2023-01-17 10:10:00+00:00
4653,Case_42,E2,2023-01-17 10:19:00+00:00
4654,Case_828,C,2023-01-17 10:40:00+00:00
4655,Case_828,D,2023-01-17 10:42:00+00:00
4656,Case_828,B1,2023-01-17 10:43:00+00:00
4657,Case_42,A,2023-01-17 10:53:00+00:00
4658,Case_56,A,2023-01-17 11:00:00+00:00
4659,Case_828,B2,2023-01-17 11:16:00+00:00
4660,Case_56,C,2023-01-17 11:20:00+00:00
4661,Case_118,A,2023-01-17 11:23:00+00:00
4662,Case_56,B1,2023-01-17 11:23:00+00:00
4663,Case_56,D,2023-01-17 11:25:00+00:00
4664,Case_735,A,2023-01-17 11:36:00+00:00
4665,Case_118,C,2023-01-17 11:37:00+00:00
4666,Case_118,B1,2023-01-17 11:42:00+00:00
4667,Case_118,D,2023-01-17 11:42:00+00:00
4668,Case_828,A,2023-01-17 11:53:00+00:00
4669,Case_735,C,2023-01-17 11:56:00+00:00
4670,Case_56,B2,2023-01-17 11:58:00+00:00
4671,Case_735,D,2023-01-17 12:01:00+00:00
4672,Case_735,B1,2023-01-17 12:03:00+00:00
4673,Case_828,E1,2023-01-17 12:16:00+00:00
4674,Case_735,B2,2023-01-17 12:21:00+00:00
4675,Case_118,B2,2023-01-17 12:26:00+00:00
4676,Case_56,A,2023-01-17 12:26:00+00:00
4677,Case_173,A,2023-01-17 12:28:00+00:00
4678,Case_173,C,2023-01-17 12:38:00+00:00
4679,Case_173,D,2023-01-17 12:41:00+00:00
4680,Case_173,B1,2023-01-17 12:43:00+00:00
4681,Case_56,E1,2023-01-17 12:54:00+00:00
4682,Case_118,A,2023-01-17 12:55:00+00:00
4683,Case_735,A,2023-01-17 13:00:00+00:00
4684,Case_828,E2,2023-01-17 13:05:00+00:00
4685,Case_173,B2,2023-01-17 13:07:00+00:00
4686,Case_735,E1,2023-01-17 13:20:00+00:00
4687,Case_118,E1,2023-01-17 13:25:00+00:00
4688,Case_56,E2,2023-01-17 13:39:00+00:00
4689,Case_828,A,2023-01-17 13:39:00+00:00
4690,Case_735,E2,2023-01-17 13:44:00+00:00
4691,Case_488,A,2023-01-17 13:49:00+00:00
4692,Case_173,A,2023-01-17 13:56:00+00:00
4693,Case_56,A,2023-01-17 14:00:00+00:00
4694,Case_488,C,2023-01-17 14:05:00+00:00
4695,Case_488,D,2023-01-17 14:07:00+00:00
4696,Case_488,B1,2023-01-17 14:07:00+00:00
4697,Case_118,E2,2023-01-17 14:14:00+00:00
4698,Case_416,A,2023-01-17 14:17:00+00:00
4699,Case_735,A,2023-01-17 14:22:00+00:00
4700,Case_173,E1,2023-01-17 14:26:00+00:00
4701,Case_70,A,2023-01-17 14:29:00+00:00
4702,Case_118,A,2023-01-17 14:34:00+00:00
4703,Case_70,C,2023-01-17 14:43:00+00:00
4704,Case_416,C,2023-01-17 14:46:00+00:00
4705,Case_488,B2,2023-01-17 14:46:00+00:00
4706,Case_70,D,2023-01-17 14:48:00+00:00
4707,Case_416,B1,2023-01-17 14:49:00+00:00
4708,Case_70,B1,2023-01-17 14:50:00+00:00
4709,Case_416,D,2023-01-17 14:51:00+00:00
4710,Case_173,E2,2023-01-17 14:54:00+00:00
4711,Case_173,A,2023-01-17 15:13:00+00:00
4712,Case_70,B2,2023-01-17 15:25:00+00:00
4713,Case_416,B2,2023-01-17 15:25:00+00:00
4714,Case_488,A,2023-01-17 15:45:00+00:00
4715,Case_416,A,2023-01-17 15:46:00+00:00
4716,Case_416,F,2023-01-17 16:07:00+00:00
4717,Case_70,A,2023-01-17 16:08:00+00:00
4718,Case_488,F,2023-01-17 16:14:00+00:00
4719,Case_70,E1,2023-01-17 16:23:00+00:00
4720,Case_70,E2,2023-01-17 16:58:00+00:00
4721,Case_416,A,2023-01-17 17:12:00+00:00
4722,Case_488,A,2023-01-17 17:25:00+00:00
4723,Case_70,A,2023-01-17 17:28:00+00:00
4724,Case_697,A,2023-01-17 18:55:00+00:00
4725,Case_796,A,2023-01-17 19:04:00+00:00
4726,Case_697,C,2023-01-17 19:09:00+00:00
4727,Case_697,D,2023-01-17 19:11:00+00:00
4728,Case_697,B1,2023-01-17 19:11:00+00:00
4729,Case_408,A,2023-01-17 19:16:00+00:00
4730,Case_796,C,2023-01-17 19:20:00+00:00
4731,Case_796,D,2023-01-17 19:22:00+00:00
4732,Case_796,B1,2023-01-17 19:23:00+00:00
4733,Case_356,A,2023-01-17 19:37:00+00:00
4734,Case_697,B2,2023-01-17 19:39:00+00:00
4735,Case_408,C,2023-01-17 19:40:00+00:00
4736,Case_408,D,2023-01-17 19:42:00+00:00
4737,Case_408,B1,2023-01-17 19:45:00+00:00
4738,Case_356,C,2023-01-17 19:57:00+00:00
4739,Case_697,A,2023-01-17 19:59:00+00:00
4740,Case_356,D,2023-01-17 20:02:00+00:00
4741,Case_356,B1,2023-01-17 20:03:00+00:00
4742,Case_796,B2,2023-01-17 20:07:00+00:00
4743,Case_697,E1,2023-01-17 20:17:00+00:00
4744,Case_72,A,2023-01-17 20:20:00+00:00
4745,Case_408,B2,2023-01-17 20:24:00+00:00
4746,Case_72,C,2023-01-17 20:31:00+00:00
4747,Case_72,D,2023-01-17 20:32:00+00:00
4748,Case_72,B1,2023-01-17 20:36:00+00:00
4749,Case_356,B2,2023-01-17 20:37:00+00:00
4750,Case_697,E2,2023-01-17 20:44:00+00:00
4751,Case_725,A,2023-01-17 20:45:00+00:00
4752,Case_796,A,2023-01-17 20:55:00+00:00
4753,Case_725,C,2023-01-17 20:56:00+00:00
4754,Case_725,D,2023-01-17 21:00:00+00:00
4755,Case_725,B1,2023-01-17 21:03:00+00:00
4756,Case_408,A,2023-01-17 21:06:00+00:00
4757,Case_72,B2,2023-01-17 21:17:00+00:00
4758,Case_697,A,2023-01-17 21:22:00+00:00
4759,Case_796,F,2023-01-17 21:24:00+00:00
4760,Case_356,A,2023-01-17 21:31:00+00:00
4761,Case_408,E1,2023-01-17 21:35:00+00:00
4762,Case_72,A,2023-01-17 21:39:00+00:00
4763,Case_725,B2,2023-01-17 21:48:00+00:00
4764,Case_72,E1,2023-01-17 21:56:00+00:00
4765,Case_356,E1,2023-01-17 21:57:00+00:00
4766,Case_408,E2,2023-01-17 22:07:00+00:00
4767,Case_725,A,2023-01-17 22:11:00+00:00
4768,Case_796,A,2023-01-17 22:19:00+00:00
4769,Case_725,F,2023-01-17 22:27:00+00:00
4770,Case_72,E2,2023-01-17 22:28:00+00:00
4771,Case_356,E2,2023-01-17 22:39:00+00:00
4772,Case_408,A,2023-01-17 22:45:00+00:00
4773,Case_72,A,2023-01-17 23:06:00+00:00
4774,Case_356,A,2023-01-17 23:19:00+00:00
4775,Case_725,A,2023-01-17 23:27:00+00:00
4776,Case_199,A,2023-01-17 23:52:00+00:00
4777,Case_199,C,2023-01-18 00:11:00+00:00
4778,Case_199,B1,2023-01-18 00:14:00+00:00
4779,Case_199,D,2023-01-18 00:14:00+00:00
4780,Case_163,A,2023-01-18 00:24:00+00:00
4781,Case_163,C,2023-01-18 00:38:00+00:00
4782,Case_199,B2,2023-01-18 00:42:00+00:00
4783,Case_163,D,2023-01-18 00:42:00+00:00
4784,Case_163,B1,2023-01-18 00:45:00+00:00
4785,Case_163,B2,2023-01-18 01:16:00+00:00
4786,Case_199,A,2023-01-18 01:30:00+00:00
4787,Case_163,A,2023-01-18 01:43:00+00:00
4788,Case_709,A,2023-01-18 01:56:00+00:00
4789,Case_163,E1,2023-01-18 01:58:00+00:00
4790,Case_199,E1,2023-01-18 01:59:00+00:00
4791,Case_709,C,2023-01-18 02:23:00+00:00
4792,Case_709,D,2023-01-18 02:27:00+00:00
4793,Case_709,B1,2023-01-18 02:27:00+00:00
4794,Case_199,E2,2023-01-18 02:41:00+00:00
4795,Case_163,E2,2023-01-18 02:48:00+00:00
4796,Case_709,B2,2023-01-18 02:56:00+00:00
4797,Case_199,A,2023-01-18 03:12:00+00:00
4798,Case_709,A,2023-01-18 03:18:00+00:00
4799,Case_163,A,2023-01-18 03:25:00+00:00
4800,Case_709,F,2023-01-18 03:33:00+00:00
4801,Case_709,A,2023-01-18 04:53:00+00:00
4802,Case_50,A,2023-01-18 05:27:00+00:00
4803,Case_50,C,2023-01-18 05:43:00+00:00
4804,Case_50,D,2023-01-18 05:47:00+00:00
4805,Case_50,B1,2023-01-18 05:47:00+00:00
4806,Case_282,A,2023-01-18 05:56:00+00:00
4807,Case_760,A,2023-01-18 05:57:00+00:00
4808,Case_662,A,2023-01-18 06:04:00+00:00
4809,Case_668,A,2023-01-18 06:06:00+00:00
4810,Case_506,A,2023-01-18 06:07:00+00:00
4811,Case_50,B2,2023-01-18 06:12:00+00:00
4812,Case_662,C,2023-01-18 06:19:00+00:00
4813,Case_282,C,2023-01-18 06:20:00+00:00
4814,Case_662,D,2023-01-18 06:21:00+00:00
4815,Case_282,D,2023-01-18 06:23:00+00:00
4816,Case_760,C,2023-01-18 06:24:00+00:00
4817,Case_668,C,2023-01-18 06:25:00+00:00
4818,Case_760,D,2023-01-18 06:25:00+00:00
4819,Case_282,B1,2023-01-18 06:26:00+00:00
4820,Case_662,B1,2023-01-18 06:26:00+00:00
4821,Case_668,D,2023-01-18 06:27:00+00:00
4822,Case_85,A,2023-01-18 06:27:00+00:00
4823,Case_760,B1,2023-01-18 06:27:00+00:00
4824,Case_668,B1,2023-01-18 06:28:00+00:00
4825,Case_506,C,2023-01-18 06:31:00+00:00
4826,Case_506,B1,2023-01-18 06:33:00+00:00
4827,Case_506,D,2023-01-18 06:35:00+00:00
4828,Case_662,B2,2023-01-18 06:42:00+00:00
4829,Case_85,C,2023-01-18 06:52:00+00:00
4830,Case_85,B1,2023-01-18 06:54:00+00:00
4831,Case_85,D,2023-01-18 06:56:00+00:00
4832,Case_40,A,2023-01-18 06:58:00+00:00
4833,Case_282,B2,2023-01-18 07:03:00+00:00
4834,Case_506,B2,2023-01-18 07:07:00+00:00
4835,Case_50,A,2023-01-18 07:09:00+00:00
4836,Case_760,B2,2023-01-18 07:11:00+00:00
4837,Case_66,A,2023-01-18 07:11:00+00:00
4838,Case_668,B2,2023-01-18 07:13:00+00:00
4839,Case_40,C,2023-01-18 07:16:00+00:00
4840,Case_40,B1,2023-01-18 07:18:00+00:00
4841,Case_40,D,2023-01-18 07:21:00+00:00
4842,Case_66,C,2023-01-18 07:22:00+00:00
4843,Case_50,F,2023-01-18 07:22:00+00:00
4844,Case_66,B1,2023-01-18 07:26:00+00:00
4845,Case_66,D,2023-01-18 07:27:00+00:00
4846,Case_624,A,2023-01-18 07:28:00+00:00
4847,Case_85,B2,2023-01-18 07:28:00+00:00
4848,Case_876,A,2023-01-18 07:28:00+00:00
4849,Case_40,B2,2023-01-18 07:38:00+00:00
4850,Case_624,C,2023-01-18 07:43:00+00:00
4851,Case_662,A,2023-01-18 07:44:00+00:00
4852,Case_668,A,2023-01-18 07:45:00+00:00
4853,Case_624,D,2023-01-18 07:46:00+00:00
4854,Case_282,A,2023-01-18 07:47:00+00:00
4855,Case_624,B1,2023-01-18 07:50:00+00:00
4856,Case_66,B2,2023-01-18 07:51:00+00:00
4857,Case_760,A,2023-01-18 07:52:00+00:00
4858,Case_668,E1,2023-01-18 07:55:00+00:00
4859,Case_876,C,2023-01-18 07:56:00+00:00
4860,Case_876,D,2023-01-18 07:57:00+00:00
4861,Case_506,A,2023-01-18 07:58:00+00:00
4862,Case_876,B1,2023-01-18 08:00:00+00:00
4863,Case_662,F,2023-01-18 08:03:00+00:00
4864,Case_282,E1,2023-01-18 08:13:00+00:00
4865,Case_506,F,2023-01-18 08:15:00+00:00
4866,Case_760,E1,2023-01-18 08:20:00+00:00
4867,Case_668,E2,2023-01-18 08:23:00+00:00
4868,Case_876,B2,2023-01-18 08:25:00+00:00
4869,Case_40,A,2023-01-18 08:25:00+00:00
4870,Case_85,A,2023-01-18 08:26:00+00:00
4871,Case_624,B2,2023-01-18 08:27:00+00:00
4872,Case_66,A,2023-01-18 08:34:00+00:00
4873,Case_40,E1,2023-01-18 08:36:00+00:00
4874,Case_85,F,2023-01-18 08:36:00+00:00
4875,Case_668,A,2023-01-18 08:38:00+00:00
4876,Case_282,E2,2023-01-18 08:38:00+00:00
4877,Case_50,A,2023-01-18 08:42:00+00:00
4878,Case_66,F,2023-01-18 08:45:00+00:00
4879,Case_133,A,2023-01-18 08:49:00+00:00
4880,Case_40,E2,2023-01-18 08:57:00+00:00
4881,Case_282,A,2023-01-18 09:05:00+00:00
4882,Case_662,A,2023-01-18 09:06:00+00:00
4883,Case_760,E2,2023-01-18 09:07:00+00:00
4884,Case_876,A,2023-01-18 09:08:00+00:00
4885,Case_40,A,2023-01-18 09:16:00+00:00
4886,Case_133,C,2023-01-18 09:16:00+00:00
4887,Case_133,B1,2023-01-18 09:19:00+00:00
4888,Case_133,D,2023-01-18 09:19:00+00:00
4889,Case_624,A,2023-01-18 09:25:00+00:00
4890,Case_760,A,2023-01-18 09:26:00+00:00
4891,Case_876,E1,2023-01-18 09:30:00+00:00
4892,Case_66,A,2023-01-18 09:31:00+00:00
4893,Case_506,A,2023-01-18 09:32:00+00:00
4894,Case_133,B2,2023-01-18 09:37:00+00:00
4895,Case_85,A,2023-01-18 09:46:00+00:00
4896,Case_439,A,2023-01-18 09:50:00+00:00
4897,Case_624,E1,2023-01-18 09:53:00+00:00
4898,Case_439,C,2023-01-18 10:06:00+00:00
4899,Case_439,D,2023-01-18 10:07:00+00:00
4900,Case_439,B1,2023-01-18 10:12:00+00:00
4901,Case_876,E2,2023-01-18 10:14:00+00:00
4902,Case_133,A,2023-01-18 10:14:00+00:00
4903,Case_624,E2,2023-01-18 10:18:00+00:00
4904,Case_607,A,2023-01-18 10:22:00+00:00
4905,Case_133,E1,2023-01-18 10:34:00+00:00
4906,Case_876,A,2023-01-18 10:42:00+00:00
4907,Case_624,A,2023-01-18 10:47:00+00:00
4908,Case_439,B2,2023-01-18 10:50:00+00:00
4909,Case_607,C,2023-01-18 10:51:00+00:00
4910,Case_607,D,2023-01-18 10:54:00+00:00
4911,Case_607,B1,2023-01-18 10:57:00+00:00
4912,Case_133,E2,2023-01-18 11:10:00+00:00
4913,Case_553,A,2023-01-18 11:24:00+00:00
4914,Case_133,A,2023-01-18 11:31:00+00:00
4915,Case_553,C,2023-01-18 11:38:00+00:00
4916,Case_607,B2,2023-01-18 11:39:00+00:00
4917,Case_553,D,2023-01-18 11:43:00+00:00
4918,Case_553,B1,2023-01-18 11:44:00+00:00
4919,Case_439,A,2023-01-18 11:50:00+00:00
4920,Case_439,E1,2023-01-18 12:16:00+00:00
4921,Case_132,A,2023-01-18 12:16:00+00:00
4922,Case_607,A,2023-01-18 12:20:00+00:00
4923,Case_553,B2,2023-01-18 12:22:00+00:00
4924,Case_607,E1,2023-01-18 12:38:00+00:00
4925,Case_478,A,2023-01-18 12:44:00+00:00
4926,Case_132,C,2023-01-18 12:45:00+00:00
4927,Case_132,B1,2023-01-18 12:47:00+00:00
4928,Case_132,D,2023-01-18 12:48:00+00:00
4929,Case_439,E2,2023-01-18 12:51:00+00:00
4930,Case_478,C,2023-01-18 13:00:00+00:00
4931,Case_478,B1,2023-01-18 13:05:00+00:00
4932,Case_478,D,2023-01-18 13:05:00+00:00
4933,Case_132,B2,2023-01-18 13:05:00+00:00
4934,Case_607,E2,2023-01-18 13:17:00+00:00
4935,Case_478,B2,2023-01-18 13:21:00+00:00
4936,Case_553,A,2023-01-18 13:22:00+00:00
4937,Case_132,A,2023-01-18 13:29:00+00:00
4938,Case_439,A,2023-01-18 13:29:00+00:00
4939,Case_607,A,2023-01-18 13:43:00+00:00
4940,Case_553,F,2023-01-18 13:47:00+00:00
4941,Case_132,E1,2023-01-18 13:53:00+00:00
4942,Case_132,E2,2023-01-18 14:16:00+00:00
4943,Case_478,A,2023-01-18 14:21:00+00:00
4944,Case_553,A,2023-01-18 14:33:00+00:00
4945,Case_478,E1,2023-01-18 14:42:00+00:00
4946,Case_132,A,2023-01-18 14:54:00+00:00
4947,Case_478,E2,2023-01-18 15:22:00+00:00
4948,Case_478,A,2023-01-18 15:43:00+00:00
4949,Case_641,A,2023-01-18 16:44:00+00:00
4950,Case_641,C,2023-01-18 16:54:00+00:00
4951,Case_641,D,2023-01-18 16:56:00+00:00
4952,Case_641,B1,2023-01-18 16:58:00+00:00
4953,Case_641,B2,2023-01-18 17:21:00+00:00
4954,Case_620,A,2023-01-18 17:24:00+00:00
4955,Case_620,C,2023-01-18 17:44:00+00:00
4956,Case_620,D,2023-01-18 17:45:00+00:00
4957,Case_620,B1,2023-01-18 17:51:00+00:00
4958,Case_629,A,2023-01-18 17:58:00+00:00
4959,Case_641,A,2023-01-18 18:05:00+00:00
4960,Case_629,C,2023-01-18 18:13:00+00:00
4961,Case_620,B2,2023-01-18 18:16:00+00:00
4962,Case_629,D,2023-01-18 18:16:00+00:00
4963,Case_629,B1,2023-01-18 18:20:00+00:00
4964,Case_641,F,2023-01-18 18:24:00+00:00
4965,Case_284,A,2023-01-18 18:26:00+00:00
4966,Case_629,B2,2023-01-18 18:50:00+00:00
4967,Case_284,C,2023-01-18 18:56:00+00:00
4968,Case_284,B1,2023-01-18 19:01:00+00:00
4969,Case_284,D,2023-01-18 19:01:00+00:00
4970,Case_620,A,2023-01-18 19:03:00+00:00
4971,Case_620,E1,2023-01-18 19:25:00+00:00
4972,Case_641,A,2023-01-18 19:34:00+00:00
4973,Case_629,A,2023-01-18 19:40:00+00:00
4974,Case_284,B2,2023-01-18 19:41:00+00:00
4975,Case_629,E1,2023-01-18 19:51:00+00:00
4976,Case_620,E2,2023-01-18 20:04:00+00:00
4977,Case_620,A,2023-01-18 20:19:00+00:00
4978,Case_629,E2,2023-01-18 20:26:00+00:00
4979,Case_284,A,2023-01-18 20:27:00+00:00
4980,Case_284,E1,2023-01-18 20:38:00+00:00
4981,Case_629,A,2023-01-18 20:45:00+00:00
4982,Case_284,E2,2023-01-18 21:07:00+00:00
4983,Case_284,A,2023-01-18 21:40:00+00:00
4984,Case_650,A,2023-01-18 22:22:00+00:00
4985,Case_650,C,2023-01-18 22:42:00+00:00
4986,Case_650,B1,2023-01-18 22:45:00+00:00
4987,Case_650,D,2023-01-18 22:47:00+00:00
4988,Case_650,B2,2023-01-18 23:18:00+00:00
4989,Case_650,A,2023-01-18 23:59:00+00:00
4990,Case_104,A,2023-01-19 00:08:00+00:00
4991,Case_335,A,2023-01-19 00:18:00+00:00
4992,Case_650,F,2023-01-19 00:20:00+00:00
4993,Case_104,C,2023-01-19 00:26:00+00:00
4994,Case_104,D,2023-01-19 00:27:00+00:00
4995,Case_104,B1,2023-01-19 00:31:00+00:00
4996,Case_335,C,2023-01-19 00:47:00+00:00
4997,Case_335,D,2023-01-19 00:50:00+00:00
4998,Case_335,B1,2023-01-19 00:51:00+00:00
4999,Case_650,A,2023-01-19 01:04:00+00:00
5000,Case_104,B2,2023-01-19 01:06:00+00:00
5001,Case_710,A,2023-01-19 01:15:00+00:00
5002,Case_335,B2,2023-01-19 01:28:00+00:00
5003,Case_710,C,2023-01-19 01:32:00+00:00
5004,Case_710,B1,2023-01-19 01:35:00+00:00
5005,Case_710,D,2023-01-19 01:36:00+00:00
5006,Case_335,A,2023-01-19 02:00:00+00:00
5007,Case_104,A,2023-01-19 02:00:00+00:00
5008,Case_710,B2,2023-01-19 02:06:00+00:00
5009,Case_104,E1,2023-01-19 02:15:00+00:00
5010,Case_335,F,2023-01-19 02:18:00+00:00
5011,Case_710,A,2023-01-19 02:45:00+00:00
5012,Case_104,E2,2023-01-19 02:47:00+00:00
5013,Case_710,F,2023-01-19 03:00:00+00:00
5014,Case_104,A,2023-01-19 03:07:00+00:00
5015,Case_451,A,2023-01-19 03:13:00+00:00
5016,Case_335,A,2023-01-19 03:24:00+00:00
5017,Case_451,C,2023-01-19 03:29:00+00:00
5018,Case_451,D,2023-01-19 03:30:00+00:00
5019,Case_451,B1,2023-01-19 03:35:00+00:00
5020,Case_710,A,2023-01-19 03:37:00+00:00
5021,Case_197,A,2023-01-19 03:48:00+00:00
5022,Case_451,B2,2023-01-19 03:50:00+00:00
5023,Case_197,C,2023-01-19 04:13:00+00:00
5024,Case_117,A,2023-01-19 04:15:00+00:00
5025,Case_197,B1,2023-01-19 04:17:00+00:00
5026,Case_197,D,2023-01-19 04:18:00+00:00
5027,Case_117,C,2023-01-19 04:26:00+00:00
5028,Case_117,D,2023-01-19 04:30:00+00:00
5029,Case_555,A,2023-01-19 04:31:00+00:00
5030,Case_117,B1,2023-01-19 04:32:00+00:00
5031,Case_459,A,2023-01-19 04:33:00+00:00
5032,Case_197,B2,2023-01-19 04:36:00+00:00
5033,Case_555,C,2023-01-19 04:43:00+00:00
5034,Case_555,B1,2023-01-19 04:45:00+00:00
5035,Case_555,D,2023-01-19 04:47:00+00:00
5036,Case_459,C,2023-01-19 04:49:00+00:00
5037,Case_117,B2,2023-01-19 04:50:00+00:00
5038,Case_459,D,2023-01-19 04:51:00+00:00
5039,Case_459,B1,2023-01-19 04:53:00+00:00
5040,Case_451,A,2023-01-19 04:57:00+00:00
5041,Case_459,B2,2023-01-19 05:16:00+00:00
5042,Case_555,B2,2023-01-19 05:16:00+00:00
5043,Case_451,F,2023-01-19 05:23:00+00:00
5044,Case_980,A,2023-01-19 05:24:00+00:00
5045,Case_197,A,2023-01-19 05:29:00+00:00
5046,Case_117,A,2023-01-19 05:40:00+00:00
5047,Case_856,A,2023-01-19 05:40:00+00:00
5048,Case_980,C,2023-01-19 05:42:00+00:00
5049,Case_980,D,2023-01-19 05:44:00+00:00
5050,Case_980,B1,2023-01-19 05:44:00+00:00
5051,Case_555,A,2023-01-19 05:55:00+00:00
5052,Case_197,E1,2023-01-19 05:55:00+00:00
5053,Case_980,B2,2023-01-19 05:59:00+00:00
5054,Case_117,E1,2023-01-19 05:59:00+00:00
5055,Case_856,C,2023-01-19 06:01:00+00:00
5056,Case_279,A,2023-01-19 06:02:00+00:00
5057,Case_856,D,2023-01-19 06:04:00+00:00
5058,Case_856,B1,2023-01-19 06:04:00+00:00
5059,Case_555,E1,2023-01-19 06:05:00+00:00
5060,Case_95,A,2023-01-19 06:10:00+00:00
5061,Case_459,A,2023-01-19 06:10:00+00:00
5062,Case_197,E2,2023-01-19 06:19:00+00:00
5063,Case_451,A,2023-01-19 06:19:00+00:00
5064,Case_95,C,2023-01-19 06:21:00+00:00
5065,Case_279,C,2023-01-19 06:21:00+00:00
5066,Case_95,B1,2023-01-19 06:23:00+00:00
5067,Case_279,D,2023-01-19 06:24:00+00:00
5068,Case_95,D,2023-01-19 06:25:00+00:00
5069,Case_279,B1,2023-01-19 06:26:00+00:00
5070,Case_459,E1,2023-01-19 06:30:00+00:00
5071,Case_555,E2,2023-01-19 06:34:00+00:00
5072,Case_197,A,2023-01-19 06:40:00+00:00
5073,Case_117,E2,2023-01-19 06:40:00+00:00
5074,Case_279,B2,2023-01-19 06:42:00+00:00
5075,Case_856,B2,2023-01-19 06:49:00+00:00
5076,Case_95,B2,2023-01-19 06:51:00+00:00
5077,Case_980,A,2023-01-19 06:58:00+00:00
5078,Case_555,A,2023-01-19 07:09:00+00:00
5079,Case_459,E2,2023-01-19 07:11:00+00:00
5080,Case_117,A,2023-01-19 07:14:00+00:00
5081,Case_980,E1,2023-01-19 07:25:00+00:00
5082,Case_856,A,2023-01-19 07:27:00+00:00
5083,Case_459,A,2023-01-19 07:29:00+00:00
5084,Case_279,A,2023-01-19 07:30:00+00:00
5085,Case_500,A,2023-01-19 07:31:00+00:00
5086,Case_95,A,2023-01-19 07:36:00+00:00
5087,Case_935,A,2023-01-19 07:38:00+00:00
5088,Case_279,F,2023-01-19 07:40:00+00:00
5089,Case_250,A,2023-01-19 07:46:00+00:00
5090,Case_980,E2,2023-01-19 07:51:00+00:00
5091,Case_95,E1,2023-01-19 07:51:00+00:00
5092,Case_856,F,2023-01-19 07:55:00+00:00
5093,Case_500,C,2023-01-19 08:01:00+00:00
5094,Case_500,D,2023-01-19 08:05:00+00:00
5095,Case_500,B1,2023-01-19 08:05:00+00:00
5096,Case_935,C,2023-01-19 08:05:00+00:00
5097,Case_935,B1,2023-01-19 08:08:00+00:00
5098,Case_935,D,2023-01-19 08:09:00+00:00
5099,Case_250,C,2023-01-19 08:16:00+00:00
5100,Case_250,B1,2023-01-19 08:19:00+00:00
5101,Case_250,D,2023-01-19 08:20:00+00:00
5102,Case_980,A,2023-01-19 08:23:00+00:00
5103,Case_935,B2,2023-01-19 08:25:00+00:00
5104,Case_500,B2,2023-01-19 08:29:00+00:00
5105,Case_856,A,2023-01-19 08:34:00+00:00
5106,Case_95,E2,2023-01-19 08:39:00+00:00
5107,Case_279,A,2023-01-19 08:58:00+00:00
5108,Case_315,A,2023-01-19 09:01:00+00:00
5109,Case_250,B2,2023-01-19 09:04:00+00:00
5110,Case_95,A,2023-01-19 09:12:00+00:00
5111,Case_935,A,2023-01-19 09:14:00+00:00
5112,Case_315,C,2023-01-19 09:22:00+00:00
5113,Case_500,A,2023-01-19 09:24:00+00:00
5114,Case_315,D,2023-01-19 09:24:00+00:00
5115,Case_935,F,2023-01-19 09:27:00+00:00
5116,Case_989,A,2023-01-19 09:28:00+00:00
5117,Case_315,B1,2023-01-19 09:29:00+00:00
5118,Case_643,A,2023-01-19 09:37:00+00:00
5119,Case_250,A,2023-01-19 09:38:00+00:00
5120,Case_500,E1,2023-01-19 09:40:00+00:00
5121,Case_792,A,2023-01-19 09:42:00+00:00
5122,Case_643,C,2023-01-19 09:51:00+00:00
5123,Case_643,D,2023-01-19 09:52:00+00:00
5124,Case_250,E1,2023-01-19 09:52:00+00:00
5125,Case_989,C,2023-01-19 09:53:00+00:00
5126,Case_315,B2,2023-01-19 09:54:00+00:00
5127,Case_989,D,2023-01-19 09:56:00+00:00
5128,Case_643,B1,2023-01-19 09:58:00+00:00
5129,Case_989,B1,2023-01-19 09:58:00+00:00
5130,Case_792,C,2023-01-19 10:01:00+00:00
5131,Case_792,D,2023-01-19 10:05:00+00:00
5132,Case_792,B1,2023-01-19 10:07:00+00:00
5133,Case_500,E2,2023-01-19 10:21:00+00:00
5134,Case_250,E2,2023-01-19 10:31:00+00:00
5135,Case_315,A,2023-01-19 10:34:00+00:00
5136,Case_792,B2,2023-01-19 10:35:00+00:00
5137,Case_643,B2,2023-01-19 10:38:00+00:00
5138,Case_989,B2,2023-01-19 10:40:00+00:00
5139,Case_935,A,2023-01-19 10:45:00+00:00
5140,Case_250,A,2023-01-19 10:54:00+00:00
5141,Case_315,F,2023-01-19 10:58:00+00:00
5142,Case_500,A,2023-01-19 11:01:00+00:00
5143,Case_643,A,2023-01-19 11:04:00+00:00
5144,Case_792,A,2023-01-19 11:10:00+00:00
5145,Case_989,A,2023-01-19 11:10:00+00:00
5146,Case_643,E1,2023-01-19 11:24:00+00:00
5147,Case_989,E1,2023-01-19 11:29:00+00:00
5148,Case_511,A,2023-01-19 11:32:00+00:00
5149,Case_315,A,2023-01-19 11:37:00+00:00
5150,Case_792,F,2023-01-19 11:39:00+00:00
5151,Case_643,E2,2023-01-19 11:46:00+00:00
5152,Case_424,A,2023-01-19 11:52:00+00:00
5153,Case_275,A,2023-01-19 11:54:00+00:00
5154,Case_780,A,2023-01-19 11:55:00+00:00
5155,Case_511,C,2023-01-19 11:57:00+00:00
5156,Case_511,D,2023-01-19 11:58:00+00:00
5157,Case_511,B1,2023-01-19 12:00:00+00:00
5158,Case_780,C,2023-01-19 12:07:00+00:00
5159,Case_989,E2,2023-01-19 12:08:00+00:00
5160,Case_780,D,2023-01-19 12:08:00+00:00
5161,Case_424,C,2023-01-19 12:12:00+00:00
5162,Case_780,B1,2023-01-19 12:13:00+00:00
5163,Case_424,D,2023-01-19 12:14:00+00:00
5164,Case_424,B1,2023-01-19 12:19:00+00:00
5165,Case_275,C,2023-01-19 12:23:00+00:00
5166,Case_792,A,2023-01-19 12:24:00+00:00
5167,Case_275,B1,2023-01-19 12:25:00+00:00
5168,Case_275,D,2023-01-19 12:26:00+00:00
5169,Case_643,A,2023-01-19 12:26:00+00:00
5170,Case_235,A,2023-01-19 12:37:00+00:00
5171,Case_989,A,2023-01-19 12:41:00+00:00
5172,Case_511,B2,2023-01-19 12:41:00+00:00
5173,Case_235,C,2023-01-19 12:48:00+00:00
5174,Case_235,D,2023-01-19 12:50:00+00:00
5175,Case_780,B2,2023-01-19 12:52:00+00:00
5176,Case_235,B1,2023-01-19 12:54:00+00:00
5177,Case_424,B2,2023-01-19 12:55:00+00:00
5178,Case_275,B2,2023-01-19 13:06:00+00:00
5179,Case_612,A,2023-01-19 13:12:00+00:00
5180,Case_424,A,2023-01-19 13:19:00+00:00
5181,Case_612,C,2023-01-19 13:36:00+00:00
5182,Case_780,A,2023-01-19 13:36:00+00:00
5183,Case_235,B2,2023-01-19 13:37:00+00:00
5184,Case_511,A,2023-01-19 13:38:00+00:00
5185,Case_612,D,2023-01-19 13:39:00+00:00
5186,Case_612,B1,2023-01-19 13:42:00+00:00
5187,Case_424,E1,2023-01-19 13:47:00+00:00
5188,Case_275,A,2023-01-19 13:54:00+00:00
5189,Case_780,F,2023-01-19 13:56:00+00:00
5190,Case_971,A,2023-01-19 14:01:00+00:00
5191,Case_511,E1,2023-01-19 14:01:00+00:00
5192,Case_498,A,2023-01-19 14:04:00+00:00
5193,Case_275,F,2023-01-19 14:09:00+00:00
5194,Case_424,E2,2023-01-19 14:10:00+00:00
5195,Case_900,A,2023-01-19 14:12:00+00:00
5196,Case_612,B2,2023-01-19 14:15:00+00:00
5197,Case_971,C,2023-01-19 14:20:00+00:00
5198,Case_971,D,2023-01-19 14:23:00+00:00
5199,Case_498,C,2023-01-19 14:26:00+00:00
5200,Case_971,B1,2023-01-19 14:27:00+00:00
5201,Case_498,B1,2023-01-19 14:28:00+00:00
5202,Case_498,D,2023-01-19 14:28:00+00:00
5203,Case_900,C,2023-01-19 14:33:00+00:00
5204,Case_511,E2,2023-01-19 14:34:00+00:00
5205,Case_900,D,2023-01-19 14:36:00+00:00
5206,Case_900,B1,2023-01-19 14:36:00+00:00
5207,Case_235,A,2023-01-19 14:37:00+00:00
5208,Case_424,A,2023-01-19 14:43:00+00:00
5209,Case_235,E1,2023-01-19 14:47:00+00:00
5210,Case_498,B2,2023-01-19 14:54:00+00:00
5211,Case_612,A,2023-01-19 15:03:00+00:00
5212,Case_900,B2,2023-01-19 15:04:00+00:00
5213,Case_511,A,2023-01-19 15:07:00+00:00
5214,Case_275,A,2023-01-19 15:09:00+00:00
5215,Case_971,B2,2023-01-19 15:11:00+00:00
5216,Case_780,A,2023-01-19 15:13:00+00:00
5217,Case_612,F,2023-01-19 15:19:00+00:00
5218,Case_235,E2,2023-01-19 15:28:00+00:00
5219,Case_235,A,2023-01-19 15:47:00+00:00
5220,Case_498,A,2023-01-19 15:50:00+00:00
5221,Case_971,A,2023-01-19 15:53:00+00:00
5222,Case_498,F,2023-01-19 16:01:00+00:00
5223,Case_900,A,2023-01-19 16:01:00+00:00
5224,Case_971,E1,2023-01-19 16:05:00+00:00
5225,Case_612,A,2023-01-19 16:14:00+00:00
5226,Case_900,E1,2023-01-19 16:23:00+00:00
5227,Case_971,E2,2023-01-19 16:44:00+00:00
5228,Case_243,A,2023-01-19 17:01:00+00:00
5229,Case_900,E2,2023-01-19 17:05:00+00:00
5230,Case_498,A,2023-01-19 17:11:00+00:00
5231,Case_971,A,2023-01-19 17:15:00+00:00
5232,Case_243,C,2023-01-19 17:23:00+00:00
5233,Case_243,B1,2023-01-19 17:26:00+00:00
5234,Case_243,D,2023-01-19 17:27:00+00:00
5235,Case_900,A,2023-01-19 17:32:00+00:00
5236,Case_977,A,2023-01-19 17:37:00+00:00
5237,Case_434,A,2023-01-19 17:42:00+00:00
5238,Case_434,C,2023-01-19 17:52:00+00:00
5239,Case_434,D,2023-01-19 17:56:00+00:00
5240,Case_434,B1,2023-01-19 17:57:00+00:00
5241,Case_977,C,2023-01-19 17:59:00+00:00
5242,Case_977,B1,2023-01-19 18:02:00+00:00
5243,Case_243,B2,2023-01-19 18:02:00+00:00
5244,Case_977,D,2023-01-19 18:02:00+00:00
5245,Case_434,B2,2023-01-19 18:16:00+00:00
5246,Case_430,A,2023-01-19 18:20:00+00:00
5247,Case_977,B2,2023-01-19 18:26:00+00:00
5248,Case_243,A,2023-01-19 18:33:00+00:00
5249,Case_430,C,2023-01-19 18:49:00+00:00
5250,Case_430,B1,2023-01-19 18:52:00+00:00
5251,Case_430,D,2023-01-19 18:53:00+00:00
5252,Case_243,F,2023-01-19 18:58:00+00:00
5253,Case_434,A,2023-01-19 19:03:00+00:00
5254,Case_434,E1,2023-01-19 19:17:00+00:00
5255,Case_430,B2,2023-01-19 19:21:00+00:00
5256,Case_977,A,2023-01-19 19:22:00+00:00
5257,Case_977,F,2023-01-19 19:36:00+00:00
5258,Case_434,E2,2023-01-19 19:50:00+00:00
5259,Case_243,A,2023-01-19 20:08:00+00:00
5260,Case_430,A,2023-01-19 20:18:00+00:00
5261,Case_434,A,2023-01-19 20:19:00+00:00
5262,Case_549,A,2023-01-19 20:40:00+00:00
5263,Case_430,E1,2023-01-19 20:41:00+00:00
5264,Case_977,A,2023-01-19 20:52:00+00:00
5265,Case_549,C,2023-01-19 21:01:00+00:00
5266,Case_549,D,2023-01-19 21:03:00+00:00
5267,Case_549,B1,2023-01-19 21:07:00+00:00
5268,Case_611,A,2023-01-19 21:08:00+00:00
5269,Case_430,E2,2023-01-19 21:15:00+00:00
5270,Case_549,B2,2023-01-19 21:22:00+00:00
5271,Case_611,C,2023-01-19 21:34:00+00:00
5272,Case_611,D,2023-01-19 21:38:00+00:00
5273,Case_611,B1,2023-01-19 21:40:00+00:00
5274,Case_430,A,2023-01-19 21:42:00+00:00
5275,Case_611,B2,2023-01-19 22:06:00+00:00
5276,Case_616,A,2023-01-19 22:08:00+00:00
5277,Case_549,A,2023-01-19 22:18:00+00:00
5278,Case_616,C,2023-01-19 22:21:00+00:00
5279,Case_616,B1,2023-01-19 22:23:00+00:00
5280,Case_616,D,2023-01-19 22:25:00+00:00
5281,Case_870,A,2023-01-19 22:34:00+00:00
5282,Case_611,A,2023-01-19 22:37:00+00:00
5283,Case_616,B2,2023-01-19 22:42:00+00:00
5284,Case_549,E1,2023-01-19 22:43:00+00:00
5285,Case_611,E1,2023-01-19 22:48:00+00:00
5286,Case_870,C,2023-01-19 23:00:00+00:00
5287,Case_870,B1,2023-01-19 23:03:00+00:00
5288,Case_870,D,2023-01-19 23:05:00+00:00
5289,Case_549,E2,2023-01-19 23:10:00+00:00
5290,Case_611,E2,2023-01-19 23:30:00+00:00
5291,Case_870,B2,2023-01-19 23:33:00+00:00
5292,Case_616,A,2023-01-19 23:35:00+00:00
5293,Case_549,A,2023-01-19 23:47:00+00:00
5294,Case_616,F,2023-01-19 23:53:00+00:00
5295,Case_611,A,2023-01-19 23:56:00+00:00
5296,Case_616,A,2023-01-20 00:33:00+00:00
5297,Case_870,A,2023-01-20 00:33:00+00:00
5298,Case_870,E1,2023-01-20 00:45:00+00:00
5299,Case_870,E2,2023-01-20 01:22:00+00:00
5300,Case_630,A,2023-01-20 01:40:00+00:00
5301,Case_324,A,2023-01-20 01:54:00+00:00
5302,Case_870,A,2023-01-20 02:02:00+00:00
5303,Case_630,C,2023-01-20 02:08:00+00:00
5304,Case_630,B1,2023-01-20 02:12:00+00:00
5305,Case_25,A,2023-01-20 02:13:00+00:00
5306,Case_630,D,2023-01-20 02:13:00+00:00
5307,Case_324,C,2023-01-20 02:22:00+00:00
5308,Case_324,D,2023-01-20 02:25:00+00:00
5309,Case_324,B1,2023-01-20 02:26:00+00:00
5310,Case_25,C,2023-01-20 02:42:00+00:00
5311,Case_630,B2,2023-01-20 02:44:00+00:00
5312,Case_25,D,2023-01-20 02:45:00+00:00
5313,Case_731,A,2023-01-20 02:48:00+00:00
5314,Case_25,B1,2023-01-20 02:48:00+00:00
5315,Case_619,A,2023-01-20 02:54:00+00:00
5316,Case_630,A,2023-01-20 03:04:00+00:00
5317,Case_619,C,2023-01-20 03:06:00+00:00
5318,Case_619,D,2023-01-20 03:09:00+00:00
5319,Case_619,B1,2023-01-20 03:09:00+00:00
5320,Case_25,B2,2023-01-20 03:11:00+00:00
5321,Case_324,B2,2023-01-20 03:11:00+00:00
5322,Case_505,A,2023-01-20 03:14:00+00:00
5323,Case_731,C,2023-01-20 03:16:00+00:00
5324,Case_731,D,2023-01-20 03:19:00+00:00
5325,Case_731,B1,2023-01-20 03:22:00+00:00
5326,Case_505,C,2023-01-20 03:27:00+00:00
5327,Case_505,D,2023-01-20 03:29:00+00:00
5328,Case_630,F,2023-01-20 03:29:00+00:00
5329,Case_505,B1,2023-01-20 03:34:00+00:00
5330,Case_731,B2,2023-01-20 03:37:00+00:00
5331,Case_619,B2,2023-01-20 03:43:00+00:00
5332,Case_324,A,2023-01-20 03:49:00+00:00
5333,Case_505,B2,2023-01-20 03:53:00+00:00
5334,Case_25,A,2023-01-20 03:59:00+00:00
5335,Case_324,F,2023-01-20 04:08:00+00:00
5336,Case_670,A,2023-01-20 04:27:00+00:00
5337,Case_25,F,2023-01-20 04:29:00+00:00
5338,Case_619,A,2023-01-20 04:30:00+00:00
5339,Case_731,A,2023-01-20 04:31:00+00:00
5340,Case_630,A,2023-01-20 04:34:00+00:00
5341,Case_505,A,2023-01-20 04:41:00+00:00
5342,Case_670,C,2023-01-20 04:44:00+00:00
5343,Case_670,B1,2023-01-20 04:46:00+00:00
5344,Case_670,D,2023-01-20 04:46:00+00:00
5345,Case_619,E1,2023-01-20 04:48:00+00:00
5346,Case_259,A,2023-01-20 04:48:00+00:00
5347,Case_12,A,2023-01-20 04:51:00+00:00
5348,Case_731,F,2023-01-20 04:56:00+00:00
5349,Case_505,E1,2023-01-20 05:02:00+00:00
5350,Case_129,A,2023-01-20 05:06:00+00:00
5351,Case_619,E2,2023-01-20 05:08:00+00:00
5352,Case_670,B2,2023-01-20 05:11:00+00:00
5353,Case_12,C,2023-01-20 05:12:00+00:00
5354,Case_259,C,2023-01-20 05:13:00+00:00
5355,Case_12,B1,2023-01-20 05:14:00+00:00
5356,Case_25,A,2023-01-20 05:14:00+00:00
5357,Case_12,D,2023-01-20 05:15:00+00:00
5358,Case_259,D,2023-01-20 05:17:00+00:00
5359,Case_259,B1,2023-01-20 05:18:00+00:00
5360,Case_324,A,2023-01-20 05:27:00+00:00
5361,Case_505,E2,2023-01-20 05:30:00+00:00
5362,Case_12,B2,2023-01-20 05:30:00+00:00
5363,Case_129,C,2023-01-20 05:31:00+00:00
5364,Case_129,B1,2023-01-20 05:36:00+00:00
5365,Case_129,D,2023-01-20 05:36:00+00:00
5366,Case_32,A,2023-01-20 05:36:00+00:00
5367,Case_259,B2,2023-01-20 05:40:00+00:00
5368,Case_670,A,2023-01-20 05:45:00+00:00
5369,Case_619,A,2023-01-20 05:46:00+00:00
5370,Case_670,E1,2023-01-20 05:59:00+00:00
5371,Case_32,C,2023-01-20 05:59:00+00:00
5372,Case_288,A,2023-01-20 06:02:00+00:00
5373,Case_32,D,2023-01-20 06:02:00+00:00
5374,Case_731,A,2023-01-20 06:03:00+00:00
5375,Case_32,B1,2023-01-20 06:04:00+00:00
5376,Case_192,A,2023-01-20 06:10:00+00:00
5377,Case_505,A,2023-01-20 06:10:00+00:00
5378,Case_129,B2,2023-01-20 06:12:00+00:00
5379,Case_192,C,2023-01-20 06:28:00+00:00
5380,Case_12,A,2023-01-20 06:28:00+00:00
5381,Case_288,C,2023-01-20 06:29:00+00:00
5382,Case_259,A,2023-01-20 06:31:00+00:00
5383,Case_288,D,2023-01-20 06:32:00+00:00
5384,Case_192,B1,2023-01-20 06:33:00+00:00
5385,Case_192,D,2023-01-20 06:33:00+00:00
5386,Case_288,B1,2023-01-20 06:35:00+00:00
5387,Case_389,A,2023-01-20 06:39:00+00:00
5388,Case_242,A,2023-01-20 06:39:00+00:00
5389,Case_32,B2,2023-01-20 06:40:00+00:00
5390,Case_670,E2,2023-01-20 06:45:00+00:00
5391,Case_12,F,2023-01-20 06:52:00+00:00
5392,Case_389,C,2023-01-20 06:52:00+00:00
5393,Case_242,C,2023-01-20 06:54:00+00:00
5394,Case_389,B1,2023-01-20 06:55:00+00:00
5395,Case_129,A,2023-01-20 06:56:00+00:00
5396,Case_389,D,2023-01-20 06:56:00+00:00
5397,Case_242,D,2023-01-20 06:59:00+00:00
5398,Case_242,B1,2023-01-20 07:01:00+00:00
5399,Case_259,F,2023-01-20 07:01:00+00:00
5400,Case_670,A,2023-01-20 07:04:00+00:00
5401,Case_192,B2,2023-01-20 07:12:00+00:00
5402,Case_242,B2,2023-01-20 07:16:00+00:00
5403,Case_288,B2,2023-01-20 07:19:00+00:00
5404,Case_32,A,2023-01-20 07:20:00+00:00
5405,Case_129,F,2023-01-20 07:21:00+00:00
5406,Case_389,B2,2023-01-20 07:33:00+00:00
5407,Case_242,A,2023-01-20 07:44:00+00:00
5408,Case_12,A,2023-01-20 07:46:00+00:00
5409,Case_32,E1,2023-01-20 07:46:00+00:00
5410,Case_192,A,2023-01-20 07:47:00+00:00
5411,Case_242,F,2023-01-20 07:54:00+00:00
5412,Case_288,A,2023-01-20 07:56:00+00:00
5413,Case_32,E2,2023-01-20 08:07:00+00:00
5414,Case_389,A,2023-01-20 08:11:00+00:00
5415,Case_259,A,2023-01-20 08:12:00+00:00
5416,Case_192,E1,2023-01-20 08:15:00+00:00
5417,Case_288,F,2023-01-20 08:16:00+00:00
5418,Case_916,A,2023-01-20 08:21:00+00:00
5419,Case_561,A,2023-01-20 08:22:00+00:00
5420,Case_32,A,2023-01-20 08:25:00+00:00
5421,Case_129,A,2023-01-20 08:29:00+00:00
5422,Case_389,F,2023-01-20 08:29:00+00:00
5423,Case_561,C,2023-01-20 08:34:00+00:00
5424,Case_561,D,2023-01-20 08:39:00+00:00
5425,Case_561,B1,2023-01-20 08:39:00+00:00
5426,Case_801,A,2023-01-20 08:45:00+00:00
5427,Case_916,C,2023-01-20 08:50:00+00:00
5428,Case_192,E2,2023-01-20 08:51:00+00:00
5429,Case_916,D,2023-01-20 08:51:00+00:00
5430,Case_916,B1,2023-01-20 08:57:00+00:00
5431,Case_288,A,2023-01-20 08:57:00+00:00
5432,Case_242,A,2023-01-20 09:02:00+00:00
5433,Case_801,C,2023-01-20 09:03:00+00:00
5434,Case_389,A,2023-01-20 09:05:00+00:00
5435,Case_801,B1,2023-01-20 09:05:00+00:00
5436,Case_801,D,2023-01-20 09:07:00+00:00
5437,Case_561,B2,2023-01-20 09:15:00+00:00
5438,Case_192,A,2023-01-20 09:16:00+00:00
5439,Case_801,B2,2023-01-20 09:40:00+00:00
5440,Case_916,B2,2023-01-20 09:40:00+00:00
5441,Case_580,A,2023-01-20 10:06:00+00:00
5442,Case_561,A,2023-01-20 10:11:00+00:00
5443,Case_916,A,2023-01-20 10:13:00+00:00
5444,Case_561,E1,2023-01-20 10:26:00+00:00
5445,Case_580,C,2023-01-20 10:26:00+00:00
5446,Case_580,B1,2023-01-20 10:28:00+00:00
5447,Case_580,D,2023-01-20 10:28:00+00:00
5448,Case_801,A,2023-01-20 10:29:00+00:00
5449,Case_916,E1,2023-01-20 10:42:00+00:00
5450,Case_801,E1,2023-01-20 10:47:00+00:00
5451,Case_580,B2,2023-01-20 10:51:00+00:00
5452,Case_561,E2,2023-01-20 11:08:00+00:00
5453,Case_400,A,2023-01-20 11:08:00+00:00
5454,Case_916,E2,2023-01-20 11:24:00+00:00
5455,Case_400,C,2023-01-20 11:26:00+00:00
5456,Case_561,A,2023-01-20 11:28:00+00:00
5457,Case_801,E2,2023-01-20 11:29:00+00:00
5458,Case_400,D,2023-01-20 11:29:00+00:00
5459,Case_400,B1,2023-01-20 11:31:00+00:00
5460,Case_580,A,2023-01-20 11:42:00+00:00
5461,Case_916,A,2023-01-20 11:42:00+00:00
5462,Case_400,B2,2023-01-20 11:48:00+00:00
5463,Case_724,A,2023-01-20 11:54:00+00:00
5464,Case_115,A,2023-01-20 11:57:00+00:00
5465,Case_580,F,2023-01-20 12:04:00+00:00
5466,Case_801,A,2023-01-20 12:05:00+00:00
5467,Case_656,A,2023-01-20 12:09:00+00:00
5468,Case_115,C,2023-01-20 12:15:00+00:00
5469,Case_115,D,2023-01-20 12:16:00+00:00
5470,Case_115,B1,2023-01-20 12:17:00+00:00
5471,Case_724,C,2023-01-20 12:19:00+00:00
5472,Case_724,D,2023-01-20 12:21:00+00:00
5473,Case_656,C,2023-01-20 12:23:00+00:00
5474,Case_881,A,2023-01-20 12:23:00+00:00
5475,Case_724,B1,2023-01-20 12:24:00+00:00
5476,Case_656,D,2023-01-20 12:24:00+00:00
5477,Case_656,B1,2023-01-20 12:30:00+00:00
5478,Case_580,A,2023-01-20 12:42:00+00:00
5479,Case_724,B2,2023-01-20 12:45:00+00:00
5480,Case_400,A,2023-01-20 12:48:00+00:00
5481,Case_115,B2,2023-01-20 12:50:00+00:00
5482,Case_881,C,2023-01-20 12:51:00+00:00
5483,Case_881,D,2023-01-20 12:56:00+00:00
5484,Case_881,B1,2023-01-20 12:56:00+00:00
5485,Case_656,B2,2023-01-20 12:57:00+00:00
5486,Case_400,E1,2023-01-20 13:04:00+00:00
5487,Case_881,B2,2023-01-20 13:26:00+00:00
5488,Case_412,A,2023-01-20 13:26:00+00:00
5489,Case_115,A,2023-01-20 13:26:00+00:00
5490,Case_400,E2,2023-01-20 13:29:00+00:00
5491,Case_517,A,2023-01-20 13:33:00+00:00
5492,Case_656,A,2023-01-20 13:34:00+00:00
5493,Case_412,C,2023-01-20 13:38:00+00:00
5494,Case_412,D,2023-01-20 13:40:00+00:00
5495,Case_412,B1,2023-01-20 13:43:00+00:00
5496,Case_724,A,2023-01-20 13:44:00+00:00
5497,Case_656,E1,2023-01-20 13:48:00+00:00
5498,Case_115,F,2023-01-20 13:50:00+00:00
5499,Case_517,C,2023-01-20 13:53:00+00:00
5500,Case_517,B1,2023-01-20 13:55:00+00:00
5501,Case_517,D,2023-01-20 13:56:00+00:00
5502,Case_400,A,2023-01-20 14:04:00+00:00
5503,Case_881,A,2023-01-20 14:13:00+00:00
5504,Case_724,F,2023-01-20 14:14:00+00:00
5505,Case_412,B2,2023-01-20 14:28:00+00:00
5506,Case_517,B2,2023-01-20 14:30:00+00:00
5507,Case_881,E1,2023-01-20 14:35:00+00:00
5508,Case_656,E2,2023-01-20 14:36:00+00:00
5509,Case_240,A,2023-01-20 14:49:00+00:00
5510,Case_115,A,2023-01-20 14:56:00+00:00
5511,Case_240,C,2023-01-20 15:01:00+00:00
5512,Case_656,A,2023-01-20 15:03:00+00:00
5513,Case_489,A,2023-01-20 15:05:00+00:00
5514,Case_240,B1,2023-01-20 15:05:00+00:00
5515,Case_240,D,2023-01-20 15:05:00+00:00
5516,Case_517,A,2023-01-20 15:06:00+00:00
5517,Case_724,A,2023-01-20 15:17:00+00:00
5518,Case_412,A,2023-01-20 15:18:00+00:00
5519,Case_881,E2,2023-01-20 15:19:00+00:00
5520,Case_489,C,2023-01-20 15:21:00+00:00
5521,Case_489,D,2023-01-20 15:25:00+00:00
5522,Case_517,E1,2023-01-20 15:27:00+00:00
5523,Case_489,B1,2023-01-20 15:28:00+00:00
5524,Case_412,E1,2023-01-20 15:31:00+00:00
5525,Case_240,B2,2023-01-20 15:40:00+00:00
5526,Case_944,A,2023-01-20 15:53:00+00:00
5527,Case_881,A,2023-01-20 15:59:00+00:00
5528,Case_489,B2,2023-01-20 16:05:00+00:00
5529,Case_517,E2,2023-01-20 16:17:00+00:00
5530,Case_944,C,2023-01-20 16:17:00+00:00
5531,Case_944,B1,2023-01-20 16:19:00+00:00
5532,Case_944,D,2023-01-20 16:19:00+00:00
5533,Case_412,E2,2023-01-20 16:20:00+00:00
5534,Case_240,A,2023-01-20 16:24:00+00:00
5535,Case_240,E1,2023-01-20 16:39:00+00:00
5536,Case_944,B2,2023-01-20 16:40:00+00:00
5537,Case_517,A,2023-01-20 16:42:00+00:00
5538,Case_412,A,2023-01-20 16:46:00+00:00
5539,Case_489,A,2023-01-20 16:47:00+00:00
5540,Case_489,F,2023-01-20 17:12:00+00:00
5541,Case_240,E2,2023-01-20 17:29:00+00:00
5542,Case_734,A,2023-01-20 17:31:00+00:00
5543,Case_944,A,2023-01-20 17:34:00+00:00
5544,Case_734,C,2023-01-20 17:43:00+00:00
5545,Case_734,B1,2023-01-20 17:47:00+00:00
5546,Case_734,D,2023-01-20 17:48:00+00:00
5547,Case_240,A,2023-01-20 17:56:00+00:00
5548,Case_944,F,2023-01-20 18:02:00+00:00
5549,Case_734,B2,2023-01-20 18:17:00+00:00
5550,Case_489,A,2023-01-20 18:27:00+00:00
5551,Case_471,A,2023-01-20 18:39:00+00:00
5552,Case_147,A,2023-01-20 18:52:00+00:00
5553,Case_471,C,2023-01-20 18:59:00+00:00
5554,Case_944,A,2023-01-20 19:01:00+00:00
5555,Case_471,D,2023-01-20 19:02:00+00:00
5556,Case_471,B1,2023-01-20 19:06:00+00:00
5557,Case_734,A,2023-01-20 19:11:00+00:00
5558,Case_147,C,2023-01-20 19:18:00+00:00
5559,Case_471,B2,2023-01-20 19:22:00+00:00
5560,Case_147,D,2023-01-20 19:23:00+00:00
5561,Case_147,B1,2023-01-20 19:25:00+00:00
5562,Case_734,E1,2023-01-20 19:35:00+00:00
5563,Case_739,A,2023-01-20 19:40:00+00:00
5564,Case_748,A,2023-01-20 19:45:00+00:00
5565,Case_734,E2,2023-01-20 19:55:00+00:00
5566,Case_147,B2,2023-01-20 19:58:00+00:00
5567,Case_638,A,2023-01-20 20:02:00+00:00
5568,Case_739,C,2023-01-20 20:05:00+00:00
5569,Case_739,D,2023-01-20 20:06:00+00:00
5570,Case_965,A,2023-01-20 20:06:00+00:00
5571,Case_739,B1,2023-01-20 20:11:00+00:00
5572,Case_734,A,2023-01-20 20:11:00+00:00
5573,Case_748,C,2023-01-20 20:15:00+00:00
5574,Case_638,C,2023-01-20 20:15:00+00:00
5575,Case_471,A,2023-01-20 20:17:00+00:00
5576,Case_748,B1,2023-01-20 20:17:00+00:00
5577,Case_483,A,2023-01-20 20:17:00+00:00
5578,Case_748,D,2023-01-20 20:18:00+00:00
5579,Case_638,B1,2023-01-20 20:18:00+00:00
5580,Case_638,D,2023-01-20 20:20:00+00:00
5581,Case_739,B2,2023-01-20 20:27:00+00:00
5582,Case_483,C,2023-01-20 20:28:00+00:00
5583,Case_965,C,2023-01-20 20:28:00+00:00
5584,Case_965,D,2023-01-20 20:29:00+00:00
5585,Case_471,F,2023-01-20 20:30:00+00:00
5586,Case_483,D,2023-01-20 20:30:00+00:00
5587,Case_483,B1,2023-01-20 20:30:00+00:00
5588,Case_147,A,2023-01-20 20:32:00+00:00
5589,Case_965,B1,2023-01-20 20:34:00+00:00
5590,Case_638,B2,2023-01-20 20:35:00+00:00
5591,Case_474,A,2023-01-20 20:39:00+00:00
5592,Case_147,F,2023-01-20 20:44:00+00:00
5593,Case_748,B2,2023-01-20 20:46:00+00:00
5594,Case_483,B2,2023-01-20 20:48:00+00:00
5595,Case_474,C,2023-01-20 21:00:00+00:00
5596,Case_474,D,2023-01-20 21:02:00+00:00
5597,Case_474,B1,2023-01-20 21:03:00+00:00
5598,Case_965,B2,2023-01-20 21:06:00+00:00
5599,Case_739,A,2023-01-20 21:16:00+00:00
5600,Case_638,A,2023-01-20 21:24:00+00:00
5601,Case_147,A,2023-01-20 21:28:00+00:00
5602,Case_483,A,2023-01-20 21:35:00+00:00
5603,Case_965,A,2023-01-20 21:37:00+00:00
5604,Case_748,A,2023-01-20 21:45:00+00:00
5605,Case_739,F,2023-01-20 21:46:00+00:00
5606,Case_471,A,2023-01-20 21:46:00+00:00
5607,Case_638,F,2023-01-20 21:47:00+00:00
5608,Case_474,B2,2023-01-20 21:47:00+00:00
5609,Case_483,E1,2023-01-20 21:49:00+00:00
5610,Case_965,E1,2023-01-20 21:57:00+00:00
5611,Case_748,E1,2023-01-20 22:00:00+00:00
5612,Case_940,A,2023-01-20 22:08:00+00:00
5613,Case_483,E2,2023-01-20 22:14:00+00:00
5614,Case_748,E2,2023-01-20 22:22:00+00:00
5615,Case_200,A,2023-01-20 22:31:00+00:00
5616,Case_739,A,2023-01-20 22:32:00+00:00
5617,Case_359,A,2023-01-20 22:36:00+00:00
5618,Case_940,C,2023-01-20 22:37:00+00:00
5619,Case_940,D,2023-01-20 22:39:00+00:00
5620,Case_748,A,2023-01-20 22:40:00+00:00
5621,Case_940,B1,2023-01-20 22:42:00+00:00
5622,Case_965,E2,2023-01-20 22:42:00+00:00
5623,Case_474,A,2023-01-20 22:44:00+00:00
5624,Case_483,A,2023-01-20 22:51:00+00:00
5625,Case_359,C,2023-01-20 22:54:00+00:00
5626,Case_474,F,2023-01-20 22:55:00+00:00
5627,Case_359,B1,2023-01-20 22:57:00+00:00
5628,Case_359,D,2023-01-20 22:58:00+00:00
5629,Case_940,B2,2023-01-20 22:59:00+00:00
5630,Case_200,C,2023-01-20 23:01:00+00:00
5631,Case_965,A,2023-01-20 23:03:00+00:00
5632,Case_200,D,2023-01-20 23:04:00+00:00
5633,Case_638,A,2023-01-20 23:05:00+00:00
5634,Case_200,B1,2023-01-20 23:08:00+00:00
5635,Case_940,A,2023-01-20 23:31:00+00:00
5636,Case_931,A,2023-01-20 23:40:00+00:00
5637,Case_940,F,2023-01-20 23:41:00+00:00
5638,Case_359,B2,2023-01-20 23:42:00+00:00
5639,Case_200,B2,2023-01-20 23:48:00+00:00
5640,Case_931,C,2023-01-21 00:05:00+00:00
5641,Case_931,D,2023-01-21 00:06:00+00:00
5642,Case_931,B1,2023-01-21 00:09:00+00:00
5643,Case_474,A,2023-01-21 00:10:00+00:00
5644,Case_359,A,2023-01-21 00:13:00+00:00
5645,Case_940,A,2023-01-21 00:21:00+00:00
5646,Case_595,A,2023-01-21 00:27:00+00:00
5647,Case_931,B2,2023-01-21 00:35:00+00:00
5648,Case_200,A,2023-01-21 00:38:00+00:00
5649,Case_359,E1,2023-01-21 00:42:00+00:00
5650,Case_200,F,2023-01-21 00:52:00+00:00
5651,Case_595,C,2023-01-21 00:53:00+00:00
5652,Case_595,D,2023-01-21 00:58:00+00:00
5653,Case_595,B1,2023-01-21 00:59:00+00:00
5654,Case_848,A,2023-01-21 01:06:00+00:00
5655,Case_931,A,2023-01-21 01:21:00+00:00
5656,Case_359,E2,2023-01-21 01:21:00+00:00
5657,Case_848,C,2023-01-21 01:24:00+00:00
5658,Case_848,D,2023-01-21 01:26:00+00:00
5659,Case_848,B1,2023-01-21 01:27:00+00:00
5660,Case_595,B2,2023-01-21 01:30:00+00:00
5661,Case_931,E1,2023-01-21 01:31:00+00:00
5662,Case_359,A,2023-01-21 01:41:00+00:00
5663,Case_931,E2,2023-01-21 01:57:00+00:00
5664,Case_848,B2,2023-01-21 02:03:00+00:00
5665,Case_595,A,2023-01-21 02:04:00+00:00
5666,Case_200,A,2023-01-21 02:07:00+00:00
5667,Case_931,A,2023-01-21 02:15:00+00:00
5668,Case_595,E1,2023-01-21 02:28:00+00:00
5669,Case_523,A,2023-01-21 02:32:00+00:00
5670,Case_398,A,2023-01-21 02:36:00+00:00
5671,Case_523,C,2023-01-21 02:43:00+00:00
5672,Case_523,D,2023-01-21 02:46:00+00:00
5673,Case_523,B1,2023-01-21 02:46:00+00:00
5674,Case_848,A,2023-01-21 02:53:00+00:00
5675,Case_524,A,2023-01-21 02:57:00+00:00
5676,Case_398,C,2023-01-21 03:00:00+00:00
5677,Case_961,A,2023-01-21 03:01:00+00:00
5678,Case_398,D,2023-01-21 03:01:00+00:00
5679,Case_398,B1,2023-01-21 03:02:00+00:00
5680,Case_595,E2,2023-01-21 03:09:00+00:00
5681,Case_523,B2,2023-01-21 03:14:00+00:00
5682,Case_848,F,2023-01-21 03:18:00+00:00
5683,Case_961,C,2023-01-21 03:21:00+00:00
5684,Case_961,D,2023-01-21 03:22:00+00:00
5685,Case_524,C,2023-01-21 03:22:00+00:00
5686,Case_524,D,2023-01-21 03:23:00+00:00
5687,Case_961,B1,2023-01-21 03:24:00+00:00
5688,Case_577,A,2023-01-21 03:24:00+00:00
5689,Case_524,B1,2023-01-21 03:25:00+00:00
5690,Case_595,A,2023-01-21 03:30:00+00:00
5691,Case_878,A,2023-01-21 03:34:00+00:00
5692,Case_577,C,2023-01-21 03:36:00+00:00
5693,Case_577,B1,2023-01-21 03:38:00+00:00
5694,Case_577,D,2023-01-21 03:41:00+00:00
5695,Case_961,B2,2023-01-21 03:42:00+00:00
5696,Case_398,B2,2023-01-21 03:46:00+00:00
5697,Case_523,A,2023-01-21 03:50:00+00:00
5698,Case_878,C,2023-01-21 03:58:00+00:00
5699,Case_878,B1,2023-01-21 04:01:00+00:00
5700,Case_265,A,2023-01-21 04:01:00+00:00
5701,Case_878,D,2023-01-21 04:02:00+00:00
5702,Case_524,B2,2023-01-21 04:03:00+00:00
5703,Case_523,E1,2023-01-21 04:10:00+00:00
5704,Case_265,C,2023-01-21 04:17:00+00:00
5705,Case_961,A,2023-01-21 04:17:00+00:00
5706,Case_265,D,2023-01-21 04:19:00+00:00
5707,Case_577,B2,2023-01-21 04:21:00+00:00
5708,Case_265,B1,2023-01-21 04:24:00+00:00
5709,Case_878,B2,2023-01-21 04:30:00+00:00
5710,Case_848,A,2023-01-21 04:35:00+00:00
5711,Case_398,A,2023-01-21 04:40:00+00:00
5712,Case_961,E1,2023-01-21 04:40:00+00:00
5713,Case_524,A,2023-01-21 04:51:00+00:00
5714,Case_398,F,2023-01-21 04:55:00+00:00
5715,Case_265,B2,2023-01-21 04:57:00+00:00
5716,Case_523,E2,2023-01-21 04:58:00+00:00
5717,Case_878,A,2023-01-21 05:02:00+00:00
5718,Case_577,A,2023-01-21 05:08:00+00:00
5719,Case_961,E2,2023-01-21 05:12:00+00:00
5720,Case_524,E1,2023-01-21 05:19:00+00:00
5721,Case_265,A,2023-01-21 05:20:00+00:00
5722,Case_577,F,2023-01-21 05:22:00+00:00
5723,Case_398,A,2023-01-21 05:31:00+00:00
5724,Case_878,F,2023-01-21 05:32:00+00:00
5725,Case_961,A,2023-01-21 05:34:00+00:00
5726,Case_523,A,2023-01-21 05:37:00+00:00
5727,Case_265,F,2023-01-21 05:38:00+00:00
5728,Case_524,E2,2023-01-21 05:52:00+00:00
5729,Case_524,A,2023-01-21 06:13:00+00:00
5730,Case_878,A,2023-01-21 06:24:00+00:00
5731,Case_577,A,2023-01-21 06:36:00+00:00
5732,Case_265,A,2023-01-21 06:42:00+00:00
5733,Case_582,A,2023-01-21 07:03:00+00:00
5734,Case_582,C,2023-01-21 07:27:00+00:00
5735,Case_582,D,2023-01-21 07:29:00+00:00
5736,Case_582,B1,2023-01-21 07:31:00+00:00
5737,Case_582,B2,2023-01-21 07:53:00+00:00
5738,Case_582,A,2023-01-21 08:42:00+00:00
5739,Case_582,F,2023-01-21 09:11:00+00:00
5740,Case_787,A,2023-01-21 09:31:00+00:00
5741,Case_787,C,2023-01-21 10:00:00+00:00
5742,Case_257,A,2023-01-21 10:00:00+00:00
5743,Case_787,D,2023-01-21 10:02:00+00:00
5744,Case_787,B1,2023-01-21 10:06:00+00:00
5745,Case_257,C,2023-01-21 10:25:00+00:00
5746,Case_582,A,2023-01-21 10:26:00+00:00
5747,Case_257,D,2023-01-21 10:27:00+00:00
5748,Case_257,B1,2023-01-21 10:30:00+00:00
5749,Case_27,A,2023-01-21 10:39:00+00:00
5750,Case_787,B2,2023-01-21 10:48:00+00:00
5751,Case_27,C,2023-01-21 10:56:00+00:00
5752,Case_27,D,2023-01-21 10:59:00+00:00
5753,Case_27,B1,2023-01-21 11:02:00+00:00
5754,Case_257,B2,2023-01-21 11:11:00+00:00
5755,Case_27,B2,2023-01-21 11:24:00+00:00
5756,Case_787,A,2023-01-21 11:27:00+00:00
5757,Case_585,A,2023-01-21 11:35:00+00:00
5758,Case_787,F,2023-01-21 11:39:00+00:00
5759,Case_585,C,2023-01-21 11:58:00+00:00
5760,Case_585,D,2023-01-21 11:59:00+00:00
5761,Case_257,A,2023-01-21 12:00:00+00:00
5762,Case_877,A,2023-01-21 12:04:00+00:00
5763,Case_901,A,2023-01-21 12:04:00+00:00
5764,Case_585,B1,2023-01-21 12:05:00+00:00
5765,Case_257,F,2023-01-21 12:18:00+00:00
5766,Case_27,A,2023-01-21 12:21:00+00:00
5767,Case_755,A,2023-01-21 12:23:00+00:00
5768,Case_901,C,2023-01-21 12:27:00+00:00
5769,Case_901,D,2023-01-21 12:29:00+00:00
5770,Case_877,C,2023-01-21 12:29:00+00:00
5771,Case_877,D,2023-01-21 12:30:00+00:00
5772,Case_901,B1,2023-01-21 12:31:00+00:00
5773,Case_877,B1,2023-01-21 12:34:00+00:00
5774,Case_27,E1,2023-01-21 12:35:00+00:00
5775,Case_755,C,2023-01-21 12:42:00+00:00
5776,Case_585,B2,2023-01-21 12:44:00+00:00
5777,Case_755,D,2023-01-21 12:46:00+00:00
5778,Case_787,A,2023-01-21 12:47:00+00:00
5779,Case_755,B1,2023-01-21 12:49:00+00:00
5780,Case_901,B2,2023-01-21 12:55:00+00:00
5781,Case_877,B2,2023-01-21 12:56:00+00:00
5782,Case_202,A,2023-01-21 13:08:00+00:00
5783,Case_257,A,2023-01-21 13:20:00+00:00
5784,Case_755,B2,2023-01-21 13:22:00+00:00
5785,Case_27,E2,2023-01-21 13:23:00+00:00
5786,Case_202,C,2023-01-21 13:30:00+00:00
5787,Case_202,D,2023-01-21 13:33:00+00:00
5788,Case_202,B1,2023-01-21 13:35:00+00:00
5789,Case_585,A,2023-01-21 13:36:00+00:00
5790,Case_27,A,2023-01-21 13:38:00+00:00
5791,Case_585,F,2023-01-21 13:47:00+00:00
5792,Case_755,A,2023-01-21 13:47:00+00:00
5793,Case_877,A,2023-01-21 13:50:00+00:00
5794,Case_901,A,2023-01-21 13:57:00+00:00
5795,Case_755,F,2023-01-21 14:11:00+00:00
5796,Case_202,B2,2023-01-21 14:12:00+00:00
5797,Case_877,E1,2023-01-21 14:17:00+00:00
5798,Case_901,E1,2023-01-21 14:27:00+00:00
5799,Case_901,E2,2023-01-21 14:47:00+00:00
5800,Case_585,A,2023-01-21 14:47:00+00:00
5801,Case_755,A,2023-01-21 14:54:00+00:00
5802,Case_877,E2,2023-01-21 14:59:00+00:00
5803,Case_202,A,2023-01-21 15:12:00+00:00
5804,Case_68,A,2023-01-21 15:14:00+00:00
5805,Case_901,A,2023-01-21 15:17:00+00:00
5806,Case_202,E1,2023-01-21 15:22:00+00:00
5807,Case_68,C,2023-01-21 15:34:00+00:00
5808,Case_149,A,2023-01-21 15:35:00+00:00
5809,Case_68,D,2023-01-21 15:35:00+00:00
5810,Case_805,A,2023-01-21 15:36:00+00:00
5811,Case_877,A,2023-01-21 15:37:00+00:00
5812,Case_68,B1,2023-01-21 15:39:00+00:00
5813,Case_202,E2,2023-01-21 15:44:00+00:00
5814,Case_149,C,2023-01-21 15:47:00+00:00
5815,Case_149,B1,2023-01-21 15:49:00+00:00
5816,Case_149,D,2023-01-21 15:50:00+00:00
5817,Case_909,A,2023-01-21 15:55:00+00:00
5818,Case_805,C,2023-01-21 16:00:00+00:00
5819,Case_805,D,2023-01-21 16:01:00+00:00
5820,Case_805,B1,2023-01-21 16:04:00+00:00
5821,Case_909,C,2023-01-21 16:09:00+00:00
5822,Case_909,D,2023-01-21 16:11:00+00:00
5823,Case_202,A,2023-01-21 16:11:00+00:00
5824,Case_909,B1,2023-01-21 16:11:00+00:00
5825,Case_68,B2,2023-01-21 16:18:00+00:00
5826,Case_149,B2,2023-01-21 16:20:00+00:00
5827,Case_805,B2,2023-01-21 16:24:00+00:00
5828,Case_665,A,2023-01-21 16:39:00+00:00
5829,Case_909,B2,2023-01-21 16:46:00+00:00
5830,Case_983,A,2023-01-21 16:47:00+00:00
5831,Case_68,A,2023-01-21 16:55:00+00:00
5832,Case_665,C,2023-01-21 16:56:00+00:00
5833,Case_665,D,2023-01-21 16:59:00+00:00
5834,Case_286,A,2023-01-21 16:59:00+00:00
5835,Case_665,B1,2023-01-21 17:02:00+00:00
5836,Case_149,A,2023-01-21 17:03:00+00:00
5837,Case_983,C,2023-01-21 17:08:00+00:00
5838,Case_983,D,2023-01-21 17:12:00+00:00
5839,Case_983,B1,2023-01-21 17:14:00+00:00
5840,Case_149,F,2023-01-21 17:14:00+00:00
5841,Case_286,C,2023-01-21 17:18:00+00:00
5842,Case_805,A,2023-01-21 17:19:00+00:00
5843,Case_286,D,2023-01-21 17:23:00+00:00
5844,Case_68,E1,2023-01-21 17:24:00+00:00
5845,Case_286,B1,2023-01-21 17:25:00+00:00
5846,Case_548,A,2023-01-21 17:26:00+00:00
5847,Case_805,E1,2023-01-21 17:31:00+00:00
5848,Case_909,A,2023-01-21 17:36:00+00:00
5849,Case_548,C,2023-01-21 17:38:00+00:00
5850,Case_665,B2,2023-01-21 17:38:00+00:00
5851,Case_548,B1,2023-01-21 17:40:00+00:00
5852,Case_548,D,2023-01-21 17:40:00+00:00
5853,Case_983,B2,2023-01-21 17:55:00+00:00
5854,Case_548,B2,2023-01-21 17:58:00+00:00
5855,Case_909,E1,2023-01-21 18:04:00+00:00
5856,Case_68,E2,2023-01-21 18:09:00+00:00
5857,Case_286,B2,2023-01-21 18:10:00+00:00
5858,Case_149,A,2023-01-21 18:12:00+00:00
5859,Case_805,E2,2023-01-21 18:15:00+00:00
5860,Case_983,A,2023-01-21 18:22:00+00:00
5861,Case_665,A,2023-01-21 18:25:00+00:00
5862,Case_68,A,2023-01-21 18:30:00+00:00
5863,Case_548,A,2023-01-21 18:33:00+00:00
5864,Case_570,A,2023-01-21 18:34:00+00:00
5865,Case_286,A,2023-01-21 18:34:00+00:00
5866,Case_805,A,2023-01-21 18:36:00+00:00
5867,Case_665,F,2023-01-21 18:43:00+00:00
5868,Case_909,E2,2023-01-21 18:46:00+00:00
5869,Case_983,E1,2023-01-21 18:47:00+00:00
5870,Case_286,E1,2023-01-21 18:50:00+00:00
5871,Case_548,F,2023-01-21 18:51:00+00:00
5872,Case_570,C,2023-01-21 18:59:00+00:00
5873,Case_570,D,2023-01-21 19:01:00+00:00
5874,Case_570,B1,2023-01-21 19:06:00+00:00
5875,Case_909,A,2023-01-21 19:07:00+00:00
5876,Case_570,B2,2023-01-21 19:21:00+00:00
5877,Case_339,A,2023-01-21 19:24:00+00:00
5878,Case_286,E2,2023-01-21 19:24:00+00:00
5879,Case_983,E2,2023-01-21 19:28:00+00:00
5880,Case_548,A,2023-01-21 19:35:00+00:00
5881,Case_286,A,2023-01-21 19:41:00+00:00
5882,Case_665,A,2023-01-21 19:41:00+00:00
5883,Case_339,C,2023-01-21 19:49:00+00:00
5884,Case_339,D,2023-01-21 19:53:00+00:00
5885,Case_339,B1,2023-01-21 19:56:00+00:00
5886,Case_570,A,2023-01-21 19:59:00+00:00
5887,Case_983,A,2023-01-21 20:00:00+00:00
5888,Case_570,E1,2023-01-21 20:22:00+00:00
5889,Case_339,B2,2023-01-21 20:31:00+00:00
5890,Case_343,A,2023-01-21 20:34:00+00:00
5891,Case_343,C,2023-01-21 20:51:00+00:00
5892,Case_339,A,2023-01-21 20:52:00+00:00
5893,Case_343,B1,2023-01-21 20:55:00+00:00
5894,Case_343,D,2023-01-21 20:56:00+00:00
5895,Case_570,E2,2023-01-21 20:59:00+00:00
5896,Case_339,F,2023-01-21 21:11:00+00:00
5897,Case_106,A,2023-01-21 21:11:00+00:00
5898,Case_570,A,2023-01-21 21:18:00+00:00
5899,Case_343,B2,2023-01-21 21:23:00+00:00
5900,Case_106,C,2023-01-21 21:36:00+00:00
5901,Case_106,B1,2023-01-21 21:41:00+00:00
5902,Case_106,D,2023-01-21 21:41:00+00:00
5903,Case_339,A,2023-01-21 21:47:00+00:00
5904,Case_47,A,2023-01-21 21:48:00+00:00
5905,Case_47,C,2023-01-21 22:03:00+00:00
5906,Case_47,D,2023-01-21 22:06:00+00:00
5907,Case_47,B1,2023-01-21 22:08:00+00:00
5908,Case_737,A,2023-01-21 22:09:00+00:00
5909,Case_106,B2,2023-01-21 22:10:00+00:00
5910,Case_343,A,2023-01-21 22:20:00+00:00
5911,Case_737,C,2023-01-21 22:33:00+00:00
5912,Case_47,B2,2023-01-21 22:34:00+00:00
5913,Case_737,D,2023-01-21 22:38:00+00:00
5914,Case_343,E1,2023-01-21 22:40:00+00:00
5915,Case_737,B1,2023-01-21 22:40:00+00:00
5916,Case_444,A,2023-01-21 22:46:00+00:00
5917,Case_106,A,2023-01-21 22:49:00+00:00
5918,Case_444,C,2023-01-21 23:00:00+00:00
5919,Case_444,D,2023-01-21 23:02:00+00:00
5920,Case_444,B1,2023-01-21 23:02:00+00:00
5921,Case_737,B2,2023-01-21 23:12:00+00:00
5922,Case_106,F,2023-01-21 23:17:00+00:00
5923,Case_47,A,2023-01-21 23:23:00+00:00
5924,Case_343,E2,2023-01-21 23:25:00+00:00
5925,Case_444,B2,2023-01-21 23:27:00+00:00
5926,Case_47,F,2023-01-21 23:34:00+00:00
5927,Case_343,A,2023-01-21 23:50:00+00:00
5928,Case_737,A,2023-01-21 23:50:00+00:00
5929,Case_737,E1,2023-01-22 00:05:00+00:00
5930,Case_106,A,2023-01-22 00:11:00+00:00
5931,Case_658,A,2023-01-22 00:17:00+00:00
5932,Case_444,A,2023-01-22 00:23:00+00:00
5933,Case_47,A,2023-01-22 00:27:00+00:00
5934,Case_658,C,2023-01-22 00:32:00+00:00
5935,Case_658,B1,2023-01-22 00:34:00+00:00
5936,Case_444,F,2023-01-22 00:37:00+00:00
5937,Case_658,D,2023-01-22 00:37:00+00:00
5938,Case_737,E2,2023-01-22 00:51:00+00:00
5939,Case_84,A,2023-01-22 00:54:00+00:00
5940,Case_658,B2,2023-01-22 01:10:00+00:00
5941,Case_262,A,2023-01-22 01:18:00+00:00
5942,Case_84,C,2023-01-22 01:21:00+00:00
5943,Case_84,B1,2023-01-22 01:23:00+00:00
5944,Case_84,D,2023-01-22 01:26:00+00:00
5945,Case_737,A,2023-01-22 01:28:00+00:00
5946,Case_444,A,2023-01-22 01:35:00+00:00
5947,Case_262,C,2023-01-22 01:42:00+00:00
5948,Case_262,B1,2023-01-22 01:44:00+00:00
5949,Case_262,D,2023-01-22 01:45:00+00:00
5950,Case_658,A,2023-01-22 01:50:00+00:00
5951,Case_84,B2,2023-01-22 02:07:00+00:00
5952,Case_658,F,2023-01-22 02:11:00+00:00
5953,Case_262,B2,2023-01-22 02:22:00+00:00
5954,Case_84,A,2023-01-22 02:28:00+00:00
5955,Case_84,E1,2023-01-22 02:50:00+00:00
5956,Case_658,A,2023-01-22 03:14:00+00:00
5957,Case_262,A,2023-01-22 03:16:00+00:00
5958,Case_565,A,2023-01-22 03:24:00+00:00
5959,Case_572,A,2023-01-22 03:30:00+00:00
5960,Case_84,E2,2023-01-22 03:34:00+00:00
5961,Case_757,A,2023-01-22 03:35:00+00:00
5962,Case_262,F,2023-01-22 03:42:00+00:00
5963,Case_565,C,2023-01-22 03:43:00+00:00
5964,Case_757,C,2023-01-22 03:45:00+00:00
5965,Case_747,A,2023-01-22 03:45:00+00:00
5966,Case_565,D,2023-01-22 03:46:00+00:00
5967,Case_565,B1,2023-01-22 03:49:00+00:00
5968,Case_757,B1,2023-01-22 03:50:00+00:00
5969,Case_757,D,2023-01-22 03:50:00+00:00
5970,Case_572,C,2023-01-22 03:50:00+00:00
5971,Case_572,D,2023-01-22 03:51:00+00:00
5972,Case_84,A,2023-01-22 03:53:00+00:00
5973,Case_522,A,2023-01-22 03:53:00+00:00
5974,Case_572,B1,2023-01-22 03:55:00+00:00
5975,Case_695,A,2023-01-22 03:56:00+00:00
5976,Case_747,C,2023-01-22 04:01:00+00:00
5977,Case_747,B1,2023-01-22 04:05:00+00:00
5978,Case_522,C,2023-01-22 04:05:00+00:00
5979,Case_747,D,2023-01-22 04:06:00+00:00
5980,Case_522,D,2023-01-22 04:09:00+00:00
5981,Case_522,B1,2023-01-22 04:10:00+00:00
5982,Case_757,B2,2023-01-22 04:16:00+00:00
5983,Case_695,C,2023-01-22 04:17:00+00:00
5984,Case_695,D,2023-01-22 04:19:00+00:00
5985,Case_695,B1,2023-01-22 04:22:00+00:00
5986,Case_565,B2,2023-01-22 04:25:00+00:00
5987,Case_747,B2,2023-01-22 04:26:00+00:00
5988,Case_522,B2,2023-01-22 04:35:00+00:00
5989,Case_572,B2,2023-01-22 04:38:00+00:00
5990,Case_757,A,2023-01-22 04:41:00+00:00
5991,Case_695,B2,2023-01-22 04:48:00+00:00
5992,Case_615,A,2023-01-22 04:54:00+00:00
5993,Case_565,A,2023-01-22 04:59:00+00:00
5994,Case_757,F,2023-01-22 05:01:00+00:00
5995,Case_262,A,2023-01-22 05:02:00+00:00
5996,Case_572,A,2023-01-22 05:04:00+00:00
5997,Case_747,A,2023-01-22 05:08:00+00:00
5998,Case_615,C,2023-01-22 05:15:00+00:00
5999,Case_615,B1,2023-01-22 05:17:00+00:00
6000,Case_572,E1,2023-01-22 05:18:00+00:00
6001,Case_615,D,2023-01-22 05:19:00+00:00
6002,Case_747,E1,2023-01-22 05:20:00+00:00
6003,Case_565,E1,2023-01-22 05:27:00+00:00
6004,Case_695,A,2023-01-22 05:32:00+00:00
6005,Case_522,A,2023-01-22 05:33:00+00:00
6006,Case_615,B2,2023-01-22 05:38:00+00:00
6007,Case_572,E2,2023-01-22 05:41:00+00:00
6008,Case_695,F,2023-01-22 05:53:00+00:00
6009,Case_747,E2,2023-01-22 05:54:00+00:00
6010,Case_522,E1,2023-01-22 06:02:00+00:00
6011,Case_572,A,2023-01-22 06:05:00+00:00
6012,Case_244,A,2023-01-22 06:06:00+00:00
6013,Case_565,E2,2023-01-22 06:16:00+00:00
6014,Case_757,A,2023-01-22 06:17:00+00:00
6015,Case_522,E2,2023-01-22 06:23:00+00:00
6016,Case_615,A,2023-01-22 06:26:00+00:00
6017,Case_244,C,2023-01-22 06:29:00+00:00
6018,Case_747,A,2023-01-22 06:30:00+00:00
6019,Case_645,A,2023-01-22 06:30:00+00:00
6020,Case_244,D,2023-01-22 06:33:00+00:00
6021,Case_244,B1,2023-01-22 06:35:00+00:00
6022,Case_565,A,2023-01-22 06:45:00+00:00
6023,Case_615,E1,2023-01-22 06:49:00+00:00
6024,Case_695,A,2023-01-22 06:50:00+00:00
6025,Case_645,C,2023-01-22 06:56:00+00:00
6026,Case_645,D,2023-01-22 06:57:00+00:00
6027,Case_522,A,2023-01-22 06:59:00+00:00
6028,Case_645,B1,2023-01-22 07:01:00+00:00
6029,Case_244,B2,2023-01-22 07:09:00+00:00
6030,Case_135,A,2023-01-22 07:14:00+00:00
6031,Case_645,B2,2023-01-22 07:18:00+00:00
6032,Case_615,E2,2023-01-22 07:18:00+00:00
6033,Case_135,C,2023-01-22 07:29:00+00:00
6034,Case_135,D,2023-01-22 07:33:00+00:00
6035,Case_135,B1,2023-01-22 07:35:00+00:00
6036,Case_615,A,2023-01-22 07:38:00+00:00
6037,Case_244,A,2023-01-22 07:45:00+00:00
6038,Case_933,A,2023-01-22 07:56:00+00:00
6039,Case_645,A,2023-01-22 07:59:00+00:00
6040,Case_244,F,2023-01-22 07:59:00+00:00
6041,Case_135,B2,2023-01-22 08:14:00+00:00
6042,Case_933,C,2023-01-22 08:15:00+00:00
6043,Case_933,B1,2023-01-22 08:19:00+00:00
6044,Case_933,D,2023-01-22 08:19:00+00:00
6045,Case_645,E1,2023-01-22 08:22:00+00:00
6046,Case_846,A,2023-01-22 08:42:00+00:00
6047,Case_135,A,2023-01-22 08:43:00+00:00
6048,Case_645,E2,2023-01-22 08:50:00+00:00
6049,Case_846,C,2023-01-22 08:59:00+00:00
6050,Case_135,F,2023-01-22 08:59:00+00:00
6051,Case_933,B2,2023-01-22 09:00:00+00:00
6052,Case_846,D,2023-01-22 09:00:00+00:00
6053,Case_846,B1,2023-01-22 09:03:00+00:00
6054,Case_244,A,2023-01-22 09:04:00+00:00
6055,Case_903,A,2023-01-22 09:16:00+00:00
6056,Case_645,A,2023-01-22 09:18:00+00:00
6057,Case_969,A,2023-01-22 09:22:00+00:00
6058,Case_846,B2,2023-01-22 09:27:00+00:00
6059,Case_903,C,2023-01-22 09:35:00+00:00
6060,Case_903,D,2023-01-22 09:37:00+00:00
6061,Case_673,A,2023-01-22 09:42:00+00:00
6062,Case_903,B1,2023-01-22 09:42:00+00:00
6063,Case_969,C,2023-01-22 09:47:00+00:00
6064,Case_969,B1,2023-01-22 09:51:00+00:00
6065,Case_969,D,2023-01-22 09:52:00+00:00
6066,Case_958,A,2023-01-22 09:54:00+00:00
6067,Case_933,A,2023-01-22 09:57:00+00:00
6068,Case_135,A,2023-01-22 09:58:00+00:00
6069,Case_441,A,2023-01-22 10:07:00+00:00
6070,Case_958,C,2023-01-22 10:09:00+00:00
6071,Case_958,D,2023-01-22 10:10:00+00:00
6072,Case_673,C,2023-01-22 10:12:00+00:00
6073,Case_958,B1,2023-01-22 10:13:00+00:00
6074,Case_673,B1,2023-01-22 10:14:00+00:00
6075,Case_673,D,2023-01-22 10:16:00+00:00
6076,Case_933,F,2023-01-22 10:16:00+00:00
6077,Case_903,B2,2023-01-22 10:17:00+00:00
6078,Case_969,B2,2023-01-22 10:24:00+00:00
6079,Case_846,A,2023-01-22 10:27:00+00:00
6080,Case_441,C,2023-01-22 10:28:00+00:00
6081,Case_441,D,2023-01-22 10:31:00+00:00
6082,Case_441,B1,2023-01-22 10:32:00+00:00
6083,Case_673,B2,2023-01-22 10:40:00+00:00
6084,Case_958,B2,2023-01-22 10:42:00+00:00
6085,Case_903,A,2023-01-22 10:52:00+00:00
6086,Case_441,B2,2023-01-22 10:56:00+00:00
6087,Case_846,F,2023-01-22 10:57:00+00:00
6088,Case_903,F,2023-01-22 11:02:00+00:00
6089,Case_969,A,2023-01-22 11:14:00+00:00
6090,Case_958,A,2023-01-22 11:16:00+00:00
6091,Case_933,A,2023-01-22 11:20:00+00:00
6092,Case_673,A,2023-01-22 11:32:00+00:00
6093,Case_958,F,2023-01-22 11:37:00+00:00
6094,Case_969,F,2023-01-22 11:42:00+00:00
6095,Case_441,A,2023-01-22 11:49:00+00:00
6096,Case_903,A,2023-01-22 11:54:00+00:00
6097,Case_673,F,2023-01-22 12:00:00+00:00
6098,Case_846,A,2023-01-22 12:13:00+00:00
6099,Case_232,A,2023-01-22 12:16:00+00:00
6100,Case_441,E1,2023-01-22 12:19:00+00:00
6101,Case_958,A,2023-01-22 12:29:00+00:00
6102,Case_969,A,2023-01-22 12:33:00+00:00
6103,Case_234,A,2023-01-22 12:36:00+00:00
6104,Case_232,C,2023-01-22 12:46:00+00:00
6105,Case_232,D,2023-01-22 12:47:00+00:00
6106,Case_232,B1,2023-01-22 12:49:00+00:00
6107,Case_527,A,2023-01-22 12:50:00+00:00
6108,Case_673,A,2023-01-22 12:51:00+00:00
6109,Case_234,C,2023-01-22 12:55:00+00:00
6110,Case_797,A,2023-01-22 12:55:00+00:00
6111,Case_441,E2,2023-01-22 12:55:00+00:00
6112,Case_234,D,2023-01-22 12:58:00+00:00
6113,Case_234,B1,2023-01-22 13:01:00+00:00
6114,Case_527,C,2023-01-22 13:09:00+00:00
6115,Case_797,C,2023-01-22 13:12:00+00:00
6116,Case_527,D,2023-01-22 13:13:00+00:00
6117,Case_527,B1,2023-01-22 13:13:00+00:00
6118,Case_797,D,2023-01-22 13:14:00+00:00
6119,Case_691,A,2023-01-22 13:15:00+00:00
6120,Case_441,A,2023-01-22 13:16:00+00:00
6121,Case_797,B1,2023-01-22 13:18:00+00:00
6122,Case_232,B2,2023-01-22 13:21:00+00:00
6123,Case_691,C,2023-01-22 13:28:00+00:00
6124,Case_691,B1,2023-01-22 13:30:00+00:00
6125,Case_691,D,2023-01-22 13:32:00+00:00
6126,Case_234,B2,2023-01-22 13:34:00+00:00
6127,Case_797,B2,2023-01-22 13:52:00+00:00
6128,Case_527,B2,2023-01-22 13:57:00+00:00
6129,Case_232,A,2023-01-22 14:01:00+00:00
6130,Case_691,B2,2023-01-22 14:11:00+00:00
6131,Case_234,A,2023-01-22 14:16:00+00:00
6132,Case_232,E1,2023-01-22 14:21:00+00:00
6133,Case_527,A,2023-01-22 14:27:00+00:00
6134,Case_584,A,2023-01-22 14:28:00+00:00
6135,Case_234,F,2023-01-22 14:30:00+00:00
6136,Case_691,A,2023-01-22 14:39:00+00:00
6137,Case_527,F,2023-01-22 14:40:00+00:00
6138,Case_797,A,2023-01-22 14:45:00+00:00
6139,Case_691,F,2023-01-22 14:49:00+00:00
6140,Case_584,C,2023-01-22 14:49:00+00:00
6141,Case_584,D,2023-01-22 14:53:00+00:00
6142,Case_584,B1,2023-01-22 14:55:00+00:00
6143,Case_545,A,2023-01-22 14:58:00+00:00
6144,Case_232,E2,2023-01-22 15:02:00+00:00
6145,Case_186,A,2023-01-22 15:08:00+00:00
6146,Case_545,C,2023-01-22 15:11:00+00:00
6147,Case_797,E1,2023-01-22 15:12:00+00:00
6148,Case_545,D,2023-01-22 15:13:00+00:00
6149,Case_545,B1,2023-01-22 15:14:00+00:00
6150,Case_186,C,2023-01-22 15:20:00+00:00
6151,Case_186,D,2023-01-22 15:21:00+00:00
6152,Case_186,B1,2023-01-22 15:22:00+00:00
6153,Case_584,B2,2023-01-22 15:34:00+00:00
6154,Case_234,A,2023-01-22 15:38:00+00:00
6155,Case_232,A,2023-01-22 15:42:00+00:00
6156,Case_691,A,2023-01-22 15:43:00+00:00
6157,Case_527,A,2023-01-22 15:47:00+00:00
6158,Case_545,B2,2023-01-22 15:51:00+00:00
6159,Case_797,E2,2023-01-22 15:54:00+00:00
6160,Case_784,A,2023-01-22 16:01:00+00:00
6161,Case_186,B2,2023-01-22 16:01:00+00:00
6162,Case_784,C,2023-01-22 16:12:00+00:00
6163,Case_784,B1,2023-01-22 16:14:00+00:00
6164,Case_584,A,2023-01-22 16:15:00+00:00
6165,Case_784,D,2023-01-22 16:17:00+00:00
6166,Case_545,A,2023-01-22 16:25:00+00:00
6167,Case_584,E1,2023-01-22 16:30:00+00:00
6168,Case_797,A,2023-01-22 16:33:00+00:00
6169,Case_545,F,2023-01-22 16:44:00+00:00
6170,Case_784,B2,2023-01-22 16:44:00+00:00
6171,Case_303,A,2023-01-22 16:46:00+00:00
6172,Case_584,E2,2023-01-22 16:50:00+00:00
6173,Case_186,A,2023-01-22 16:51:00+00:00
6174,Case_303,C,2023-01-22 16:56:00+00:00
6175,Case_303,D,2023-01-22 16:57:00+00:00
6176,Case_303,B1,2023-01-22 16:58:00+00:00
6177,Case_625,A,2023-01-22 16:59:00+00:00
6178,Case_186,F,2023-01-22 17:14:00+00:00
6179,Case_625,C,2023-01-22 17:20:00+00:00
6180,Case_625,D,2023-01-22 17:21:00+00:00
6181,Case_625,B1,2023-01-22 17:27:00+00:00
6182,Case_545,A,2023-01-22 17:27:00+00:00
6183,Case_584,A,2023-01-22 17:28:00+00:00
6184,Case_784,A,2023-01-22 17:32:00+00:00
6185,Case_303,B2,2023-01-22 17:42:00+00:00
6186,Case_853,A,2023-01-22 17:48:00+00:00
6187,Case_784,F,2023-01-22 17:50:00+00:00
6188,Case_186,A,2023-01-22 17:55:00+00:00
6189,Case_625,B2,2023-01-22 18:12:00+00:00
6190,Case_853,C,2023-01-22 18:14:00+00:00
6191,Case_853,D,2023-01-22 18:19:00+00:00
6192,Case_853,B1,2023-01-22 18:20:00+00:00
6193,Case_303,A,2023-01-22 18:40:00+00:00
6194,Case_784,A,2023-01-22 18:44:00+00:00
6195,Case_625,A,2023-01-22 18:49:00+00:00
6196,Case_853,B2,2023-01-22 18:53:00+00:00
6197,Case_847,A,2023-01-22 18:53:00+00:00
6198,Case_303,E1,2023-01-22 18:56:00+00:00
6199,Case_625,F,2023-01-22 19:17:00+00:00
6200,Case_847,C,2023-01-22 19:19:00+00:00
6201,Case_847,D,2023-01-22 19:21:00+00:00
6202,Case_847,B1,2023-01-22 19:22:00+00:00
6203,Case_303,E2,2023-01-22 19:22:00+00:00
6204,Case_853,A,2023-01-22 19:33:00+00:00
6205,Case_303,A,2023-01-22 19:42:00+00:00
6206,Case_853,E1,2023-01-22 19:46:00+00:00
6207,Case_625,A,2023-01-22 20:02:00+00:00
6208,Case_847,B2,2023-01-22 20:05:00+00:00
6209,Case_853,E2,2023-01-22 20:30:00+00:00
6210,Case_853,A,2023-01-22 20:45:00+00:00
6211,Case_847,A,2023-01-22 20:59:00+00:00
6212,Case_847,E1,2023-01-22 21:09:00+00:00
6213,Case_847,E2,2023-01-22 21:32:00+00:00
6214,Case_277,A,2023-01-22 21:46:00+00:00
6215,Case_847,A,2023-01-22 21:53:00+00:00
6216,Case_277,C,2023-01-22 22:12:00+00:00
6217,Case_277,D,2023-01-22 22:16:00+00:00
6218,Case_277,B1,2023-01-22 22:19:00+00:00
6219,Case_277,B2,2023-01-22 22:52:00+00:00
6220,Case_277,A,2023-01-22 23:36:00+00:00
6221,Case_277,E1,2023-01-23 00:00:00+00:00
6222,Case_746,A,2023-01-23 00:06:00+00:00
6223,Case_277,E2,2023-01-23 00:23:00+00:00
6224,Case_746,C,2023-01-23 00:27:00+00:00
6225,Case_746,D,2023-01-23 00:31:00+00:00
6226,Case_746,B1,2023-01-23 00:33:00+00:00
6227,Case_277,A,2023-01-23 00:43:00+00:00
6228,Case_818,A,2023-01-23 00:52:00+00:00
6229,Case_746,B2,2023-01-23 00:55:00+00:00
6230,Case_818,C,2023-01-23 01:16:00+00:00
6231,Case_591,A,2023-01-23 01:18:00+00:00
6232,Case_818,D,2023-01-23 01:21:00+00:00
6233,Case_818,B1,2023-01-23 01:21:00+00:00
6234,Case_591,C,2023-01-23 01:38:00+00:00
6235,Case_591,D,2023-01-23 01:39:00+00:00
6236,Case_746,A,2023-01-23 01:41:00+00:00
6237,Case_591,B1,2023-01-23 01:42:00+00:00
6238,Case_746,E1,2023-01-23 01:54:00+00:00
6239,Case_818,B2,2023-01-23 02:00:00+00:00
6240,Case_591,B2,2023-01-23 02:11:00+00:00
6241,Case_226,A,2023-01-23 02:12:00+00:00
6242,Case_746,E2,2023-01-23 02:24:00+00:00
6243,Case_276,A,2023-01-23 02:26:00+00:00
6244,Case_639,A,2023-01-23 02:27:00+00:00
6245,Case_226,C,2023-01-23 02:29:00+00:00
6246,Case_226,D,2023-01-23 02:33:00+00:00
6247,Case_226,B1,2023-01-23 02:34:00+00:00
6248,Case_276,C,2023-01-23 02:36:00+00:00
6249,Case_276,B1,2023-01-23 02:38:00+00:00
6250,Case_276,D,2023-01-23 02:40:00+00:00
6251,Case_639,C,2023-01-23 02:41:00+00:00
6252,Case_746,A,2023-01-23 02:42:00+00:00
6253,Case_818,A,2023-01-23 02:43:00+00:00
6254,Case_639,D,2023-01-23 02:45:00+00:00
6255,Case_639,B1,2023-01-23 02:47:00+00:00
6256,Case_181,A,2023-01-23 02:49:00+00:00
6257,Case_226,B2,2023-01-23 02:55:00+00:00
6258,Case_818,E1,2023-01-23 03:02:00+00:00
6259,Case_639,B2,2023-01-23 03:05:00+00:00
6260,Case_276,B2,2023-01-23 03:05:00+00:00
6261,Case_181,C,2023-01-23 03:09:00+00:00
6262,Case_591,A,2023-01-23 03:09:00+00:00
6263,Case_181,B1,2023-01-23 03:11:00+00:00
6264,Case_181,D,2023-01-23 03:14:00+00:00
6265,Case_818,E2,2023-01-23 03:23:00+00:00
6266,Case_591,E1,2023-01-23 03:28:00+00:00
6267,Case_181,B2,2023-01-23 03:33:00+00:00
6268,Case_290,A,2023-01-23 03:34:00+00:00
6269,Case_226,A,2023-01-23 03:34:00+00:00
6270,Case_818,A,2023-01-23 03:40:00+00:00
6271,Case_276,A,2023-01-23 03:53:00+00:00
6272,Case_639,A,2023-01-23 03:54:00+00:00
6273,Case_226,E1,2023-01-23 03:59:00+00:00
6274,Case_290,C,2023-01-23 04:02:00+00:00
6275,Case_290,D,2023-01-23 04:05:00+00:00
6276,Case_639,F,2023-01-23 04:06:00+00:00
6277,Case_290,B1,2023-01-23 04:09:00+00:00
6278,Case_591,E2,2023-01-23 04:14:00+00:00
6279,Case_276,E1,2023-01-23 04:19:00+00:00
6280,Case_181,A,2023-01-23 04:20:00+00:00
6281,Case_226,E2,2023-01-23 04:30:00+00:00
6282,Case_766,A,2023-01-23 04:32:00+00:00
6283,Case_276,E2,2023-01-23 04:41:00+00:00
6284,Case_591,A,2023-01-23 04:43:00+00:00
6285,Case_181,F,2023-01-23 04:45:00+00:00
6286,Case_226,A,2023-01-23 04:50:00+00:00
6287,Case_639,A,2023-01-23 04:53:00+00:00
6288,Case_766,C,2023-01-23 04:54:00+00:00
6289,Case_290,B2,2023-01-23 04:54:00+00:00
6290,Case_766,B1,2023-01-23 04:57:00+00:00
6291,Case_276,A,2023-01-23 04:59:00+00:00
6292,Case_766,D,2023-01-23 04:59:00+00:00
6293,Case_635,A,2023-01-23 05:16:00+00:00
6294,Case_384,A,2023-01-23 05:36:00+00:00
6295,Case_766,B2,2023-01-23 05:36:00+00:00
6296,Case_781,A,2023-01-23 05:39:00+00:00
6297,Case_290,A,2023-01-23 05:39:00+00:00
6298,Case_170,A,2023-01-23 05:41:00+00:00
6299,Case_635,C,2023-01-23 05:41:00+00:00
6300,Case_635,D,2023-01-23 05:43:00+00:00
6301,Case_635,B1,2023-01-23 05:43:00+00:00
6302,Case_384,C,2023-01-23 05:51:00+00:00
6303,Case_384,B1,2023-01-23 05:55:00+00:00
6304,Case_384,D,2023-01-23 05:56:00+00:00
6305,Case_290,F,2023-01-23 06:00:00+00:00
6306,Case_781,C,2023-01-23 06:05:00+00:00
6307,Case_181,A,2023-01-23 06:05:00+00:00
6308,Case_170,C,2023-01-23 06:08:00+00:00
6309,Case_781,D,2023-01-23 06:09:00+00:00
6310,Case_170,B1,2023-01-23 06:10:00+00:00
6311,Case_781,B1,2023-01-23 06:10:00+00:00
6312,Case_170,D,2023-01-23 06:13:00+00:00
6313,Case_384,B2,2023-01-23 06:14:00+00:00
6314,Case_635,B2,2023-01-23 06:21:00+00:00
6315,Case_766,A,2023-01-23 06:25:00+00:00
6316,Case_781,B2,2023-01-23 06:31:00+00:00
6317,Case_766,F,2023-01-23 06:38:00+00:00
6318,Case_635,A,2023-01-23 06:44:00+00:00
6319,Case_170,B2,2023-01-23 06:55:00+00:00
6320,Case_635,F,2023-01-23 06:56:00+00:00
6321,Case_384,A,2023-01-23 07:04:00+00:00
6322,Case_290,A,2023-01-23 07:13:00+00:00
6323,Case_170,A,2023-01-23 07:17:00+00:00
6324,Case_781,A,2023-01-23 07:24:00+00:00
6325,Case_732,A,2023-01-23 07:25:00+00:00
6326,Case_635,A,2023-01-23 07:32:00+00:00
6327,Case_384,E1,2023-01-23 07:33:00+00:00
6328,Case_170,E1,2023-01-23 07:40:00+00:00
6329,Case_766,A,2023-01-23 07:44:00+00:00
6330,Case_781,F,2023-01-23 07:49:00+00:00
6331,Case_732,C,2023-01-23 07:49:00+00:00
6332,Case_732,D,2023-01-23 07:53:00+00:00
6333,Case_732,B1,2023-01-23 07:54:00+00:00
6334,Case_170,E2,2023-01-23 08:03:00+00:00
6335,Case_786,A,2023-01-23 08:06:00+00:00
6336,Case_732,B2,2023-01-23 08:10:00+00:00
6337,Case_841,A,2023-01-23 08:10:00+00:00
6338,Case_384,E2,2023-01-23 08:17:00+00:00
6339,Case_786,C,2023-01-23 08:25:00+00:00
6340,Case_786,D,2023-01-23 08:27:00+00:00
6341,Case_170,A,2023-01-23 08:30:00+00:00
6342,Case_786,B1,2023-01-23 08:30:00+00:00
6343,Case_384,A,2023-01-23 08:34:00+00:00
6344,Case_841,C,2023-01-23 08:38:00+00:00
6345,Case_781,A,2023-01-23 08:40:00+00:00
6346,Case_841,D,2023-01-23 08:42:00+00:00
6347,Case_841,B1,2023-01-23 08:44:00+00:00
6348,Case_732,A,2023-01-23 08:46:00+00:00
6349,Case_786,B2,2023-01-23 08:49:00+00:00
6350,Case_732,E1,2023-01-23 09:01:00+00:00
6351,Case_967,A,2023-01-23 09:05:00+00:00
6352,Case_857,A,2023-01-23 09:07:00+00:00
6353,Case_841,B2,2023-01-23 09:20:00+00:00
6354,Case_967,C,2023-01-23 09:20:00+00:00
6355,Case_967,D,2023-01-23 09:21:00+00:00
6356,Case_967,B1,2023-01-23 09:24:00+00:00
6357,Case_857,C,2023-01-23 09:26:00+00:00
6358,Case_857,D,2023-01-23 09:27:00+00:00
6359,Case_857,B1,2023-01-23 09:32:00+00:00
6360,Case_857,B2,2023-01-23 09:48:00+00:00
6361,Case_732,E2,2023-01-23 09:48:00+00:00
6362,Case_786,A,2023-01-23 09:51:00+00:00
6363,Case_967,B2,2023-01-23 09:54:00+00:00
6364,Case_786,F,2023-01-23 10:13:00+00:00
6365,Case_841,A,2023-01-23 10:14:00+00:00
6366,Case_857,A,2023-01-23 10:16:00+00:00
6367,Case_732,A,2023-01-23 10:27:00+00:00
6368,Case_857,F,2023-01-23 10:37:00+00:00
6369,Case_841,F,2023-01-23 10:42:00+00:00
6370,Case_967,A,2023-01-23 10:51:00+00:00
6371,Case_786,A,2023-01-23 10:55:00+00:00
6372,Case_122,A,2023-01-23 11:03:00+00:00
6373,Case_122,C,2023-01-23 11:13:00+00:00
6374,Case_967,E1,2023-01-23 11:13:00+00:00
6375,Case_122,B1,2023-01-23 11:15:00+00:00
6376,Case_122,D,2023-01-23 11:16:00+00:00
6377,Case_939,A,2023-01-23 11:21:00+00:00
6378,Case_939,C,2023-01-23 11:38:00+00:00
6379,Case_939,D,2023-01-23 11:40:00+00:00
6380,Case_939,B1,2023-01-23 11:42:00+00:00
6381,Case_122,B2,2023-01-23 11:43:00+00:00
6382,Case_967,E2,2023-01-23 11:44:00+00:00
6383,Case_857,A,2023-01-23 11:49:00+00:00
6384,Case_841,A,2023-01-23 11:52:00+00:00
6385,Case_763,A,2023-01-23 11:54:00+00:00
6386,Case_554,A,2023-01-23 11:59:00+00:00
6387,Case_554,C,2023-01-23 12:09:00+00:00
6388,Case_763,C,2023-01-23 12:09:00+00:00
6389,Case_554,B1,2023-01-23 12:11:00+00:00
6390,Case_763,B1,2023-01-23 12:11:00+00:00
6391,Case_554,D,2023-01-23 12:13:00+00:00
6392,Case_763,D,2023-01-23 12:14:00+00:00
6393,Case_939,B2,2023-01-23 12:15:00+00:00
6394,Case_967,A,2023-01-23 12:23:00+00:00
6395,Case_122,A,2023-01-23 12:31:00+00:00
6396,Case_554,B2,2023-01-23 12:36:00+00:00
6397,Case_763,B2,2023-01-23 12:40:00+00:00
6398,Case_939,A,2023-01-23 12:46:00+00:00
6399,Case_122,F,2023-01-23 12:52:00+00:00
6400,Case_939,E1,2023-01-23 12:58:00+00:00
6401,Case_978,A,2023-01-23 13:11:00+00:00
6402,Case_939,E2,2023-01-23 13:21:00+00:00
6403,Case_554,A,2023-01-23 13:23:00+00:00
6404,Case_978,C,2023-01-23 13:24:00+00:00
6405,Case_763,A,2023-01-23 13:27:00+00:00
6406,Case_978,D,2023-01-23 13:28:00+00:00
6407,Case_122,A,2023-01-23 13:30:00+00:00
6408,Case_978,B1,2023-01-23 13:31:00+00:00
6409,Case_939,A,2023-01-23 13:46:00+00:00
6410,Case_554,F,2023-01-23 13:51:00+00:00
6411,Case_763,E1,2023-01-23 13:55:00+00:00
6412,Case_978,B2,2023-01-23 14:07:00+00:00
6413,Case_763,E2,2023-01-23 14:28:00+00:00
6414,Case_978,A,2023-01-23 14:45:00+00:00
6415,Case_763,A,2023-01-23 14:51:00+00:00
6416,Case_554,A,2023-01-23 15:02:00+00:00
6417,Case_978,F,2023-01-23 15:05:00+00:00
6418,Case_978,A,2023-01-23 16:22:00+00:00
6419,Case_103,A,2023-01-23 17:17:00+00:00
6420,Case_103,C,2023-01-23 17:37:00+00:00
6421,Case_103,B1,2023-01-23 17:41:00+00:00
6422,Case_103,D,2023-01-23 17:42:00+00:00
6423,Case_103,B2,2023-01-23 18:09:00+00:00
6424,Case_937,A,2023-01-23 18:38:00+00:00
6425,Case_103,A,2023-01-23 18:41:00+00:00
6426,Case_152,A,2023-01-23 18:46:00+00:00
6427,Case_152,C,2023-01-23 18:58:00+00:00
6428,Case_152,D,2023-01-23 19:03:00+00:00
6429,Case_152,B1,2023-01-23 19:04:00+00:00
6430,Case_937,C,2023-01-23 19:05:00+00:00
6431,Case_103,E1,2023-01-23 19:06:00+00:00
6432,Case_937,B1,2023-01-23 19:07:00+00:00
6433,Case_937,D,2023-01-23 19:08:00+00:00
6434,Case_152,B2,2023-01-23 19:29:00+00:00
6435,Case_937,B2,2023-01-23 19:31:00+00:00
6436,Case_103,E2,2023-01-23 19:51:00+00:00
6437,Case_103,A,2023-01-23 20:08:00+00:00
6438,Case_152,A,2023-01-23 20:13:00+00:00
6439,Case_152,E1,2023-01-23 20:25:00+00:00
6440,Case_937,A,2023-01-23 20:27:00+00:00
6441,Case_937,E1,2023-01-23 20:49:00+00:00
6442,Case_152,E2,2023-01-23 21:01:00+00:00
6443,Case_304,A,2023-01-23 21:14:00+00:00
6444,Case_937,E2,2023-01-23 21:28:00+00:00
6445,Case_152,A,2023-01-23 21:31:00+00:00
6446,Case_304,C,2023-01-23 21:37:00+00:00
6447,Case_304,B1,2023-01-23 21:39:00+00:00
6448,Case_304,D,2023-01-23 21:40:00+00:00
6449,Case_937,A,2023-01-23 22:06:00+00:00
6450,Case_304,B2,2023-01-23 22:14:00+00:00
6451,Case_304,A,2023-01-23 22:55:00+00:00
6452,Case_304,E1,2023-01-23 23:21:00+00:00
6453,Case_579,A,2023-01-23 23:21:00+00:00
6454,Case_579,C,2023-01-23 23:48:00+00:00
6455,Case_579,D,2023-01-23 23:50:00+00:00
6456,Case_579,B1,2023-01-23 23:53:00+00:00
6457,Case_304,E2,2023-01-23 23:54:00+00:00
6458,Case_18,A,2023-01-23 23:58:00+00:00
6459,Case_383,A,2023-01-24 00:02:00+00:00
6460,Case_18,C,2023-01-24 00:13:00+00:00
6461,Case_18,D,2023-01-24 00:14:00+00:00
6462,Case_579,B2,2023-01-24 00:16:00+00:00
6463,Case_18,B1,2023-01-24 00:20:00+00:00
6464,Case_383,C,2023-01-24 00:26:00+00:00
6465,Case_304,A,2023-01-24 00:30:00+00:00
6466,Case_383,B1,2023-01-24 00:31:00+00:00
6467,Case_383,D,2023-01-24 00:31:00+00:00
6468,Case_350,A,2023-01-24 00:33:00+00:00
6469,Case_727,A,2023-01-24 00:38:00+00:00
6470,Case_18,B2,2023-01-24 00:51:00+00:00
6471,Case_350,C,2023-01-24 00:54:00+00:00
6472,Case_350,D,2023-01-24 00:56:00+00:00
6473,Case_350,B1,2023-01-24 00:57:00+00:00
6474,Case_727,C,2023-01-24 01:08:00+00:00
6475,Case_727,B1,2023-01-24 01:12:00+00:00
6476,Case_727,D,2023-01-24 01:12:00+00:00
6477,Case_383,B2,2023-01-24 01:15:00+00:00
6478,Case_579,A,2023-01-24 01:15:00+00:00
6479,Case_350,B2,2023-01-24 01:35:00+00:00
6480,Case_18,A,2023-01-24 01:39:00+00:00
6481,Case_579,F,2023-01-24 01:41:00+00:00
6482,Case_727,B2,2023-01-24 01:47:00+00:00
6483,Case_496,A,2023-01-24 01:54:00+00:00
6484,Case_18,F,2023-01-24 02:07:00+00:00
6485,Case_496,C,2023-01-24 02:11:00+00:00
6486,Case_383,A,2023-01-24 02:11:00+00:00
6487,Case_496,B1,2023-01-24 02:13:00+00:00
6488,Case_496,D,2023-01-24 02:13:00+00:00
6489,Case_350,A,2023-01-24 02:14:00+00:00
6490,Case_727,A,2023-01-24 02:17:00+00:00
6491,Case_159,A,2023-01-24 02:30:00+00:00
6492,Case_154,A,2023-01-24 02:31:00+00:00
6493,Case_496,B2,2023-01-24 02:35:00+00:00
6494,Case_727,E1,2023-01-24 02:35:00+00:00
6495,Case_350,F,2023-01-24 02:37:00+00:00
6496,Case_383,F,2023-01-24 02:41:00+00:00
6497,Case_308,A,2023-01-24 02:41:00+00:00
6498,Case_579,A,2023-01-24 02:51:00+00:00
6499,Case_159,C,2023-01-24 02:53:00+00:00
6500,Case_159,D,2023-01-24 02:54:00+00:00
6501,Case_159,B1,2023-01-24 02:56:00+00:00
6502,Case_154,C,2023-01-24 02:58:00+00:00
6503,Case_154,D,2023-01-24 02:59:00+00:00
6504,Case_727,E2,2023-01-24 03:02:00+00:00
6505,Case_154,B1,2023-01-24 03:03:00+00:00
6506,Case_308,C,2023-01-24 03:10:00+00:00
6507,Case_308,D,2023-01-24 03:11:00+00:00
6508,Case_496,A,2023-01-24 03:14:00+00:00
6509,Case_308,B1,2023-01-24 03:14:00+00:00
6510,Case_350,A,2023-01-24 03:16:00+00:00
6511,Case_159,B2,2023-01-24 03:19:00+00:00
6512,Case_18,A,2023-01-24 03:24:00+00:00
6513,Case_383,A,2023-01-24 03:28:00+00:00
6514,Case_727,A,2023-01-24 03:29:00+00:00
6515,Case_496,F,2023-01-24 03:38:00+00:00
6516,Case_154,B2,2023-01-24 03:43:00+00:00
6517,Case_308,B2,2023-01-24 03:50:00+00:00
6518,Case_159,A,2023-01-24 04:04:00+00:00
6519,Case_154,A,2023-01-24 04:10:00+00:00
6520,Case_159,F,2023-01-24 04:14:00+00:00
6521,Case_308,A,2023-01-24 04:15:00+00:00
6522,Case_154,E1,2023-01-24 04:21:00+00:00
6523,Case_458,A,2023-01-24 04:24:00+00:00
6524,Case_121,A,2023-01-24 04:32:00+00:00
6525,Case_308,E1,2023-01-24 04:37:00+00:00
6526,Case_496,A,2023-01-24 04:40:00+00:00
6527,Case_458,C,2023-01-24 04:41:00+00:00
6528,Case_154,E2,2023-01-24 04:43:00+00:00
6529,Case_458,D,2023-01-24 04:46:00+00:00
6530,Case_458,B1,2023-01-24 04:47:00+00:00
6531,Case_121,C,2023-01-24 04:58:00+00:00
6532,Case_121,B1,2023-01-24 05:01:00+00:00
6533,Case_121,D,2023-01-24 05:02:00+00:00
6534,Case_159,A,2023-01-24 05:06:00+00:00
6535,Case_154,A,2023-01-24 05:08:00+00:00
6536,Case_308,E2,2023-01-24 05:20:00+00:00
6537,Case_458,B2,2023-01-24 05:31:00+00:00
6538,Case_121,B2,2023-01-24 05:35:00+00:00
6539,Case_308,A,2023-01-24 05:39:00+00:00
6540,Case_458,A,2023-01-24 05:58:00+00:00
6541,Case_121,A,2023-01-24 06:02:00+00:00
6542,Case_526,A,2023-01-24 06:20:00+00:00
6543,Case_121,F,2023-01-24 06:22:00+00:00
6544,Case_458,E1,2023-01-24 06:24:00+00:00
6545,Case_476,A,2023-01-24 06:36:00+00:00
6546,Case_526,C,2023-01-24 06:42:00+00:00
6547,Case_526,D,2023-01-24 06:44:00+00:00
6548,Case_526,B1,2023-01-24 06:45:00+00:00
6549,Case_476,C,2023-01-24 07:00:00+00:00
6550,Case_458,E2,2023-01-24 07:02:00+00:00
6551,Case_476,B1,2023-01-24 07:02:00+00:00
6552,Case_476,D,2023-01-24 07:03:00+00:00
6553,Case_526,B2,2023-01-24 07:04:00+00:00
6554,Case_476,B2,2023-01-24 07:32:00+00:00
6555,Case_121,A,2023-01-24 07:34:00+00:00
6556,Case_458,A,2023-01-24 07:41:00+00:00
6557,Case_526,A,2023-01-24 08:03:00+00:00
6558,Case_526,F,2023-01-24 08:18:00+00:00
6559,Case_476,A,2023-01-24 08:26:00+00:00
6560,Case_476,E1,2023-01-24 08:47:00+00:00
6561,Case_476,E2,2023-01-24 09:10:00+00:00
6562,Case_526,A,2023-01-24 09:10:00+00:00
6563,Case_476,A,2023-01-24 09:35:00+00:00
6564,Case_223,A,2023-01-24 09:35:00+00:00
6565,Case_223,C,2023-01-24 10:02:00+00:00
6566,Case_990,A,2023-01-24 10:04:00+00:00
6567,Case_223,B1,2023-01-24 10:05:00+00:00
6568,Case_223,D,2023-01-24 10:06:00+00:00
6569,Case_990,C,2023-01-24 10:25:00+00:00
6570,Case_990,D,2023-01-24 10:28:00+00:00
6571,Case_990,B1,2023-01-24 10:32:00+00:00
6572,Case_223,B2,2023-01-24 10:50:00+00:00
6573,Case_532,A,2023-01-24 11:00:00+00:00
6574,Case_532,C,2023-01-24 11:11:00+00:00
6575,Case_532,D,2023-01-24 11:13:00+00:00
6576,Case_532,B1,2023-01-24 11:17:00+00:00
6577,Case_990,B2,2023-01-24 11:17:00+00:00
6578,Case_223,A,2023-01-24 11:27:00+00:00
6579,Case_223,F,2023-01-24 11:41:00+00:00
6580,Case_532,B2,2023-01-24 11:44:00+00:00
6581,Case_990,A,2023-01-24 12:15:00+00:00
6582,Case_776,A,2023-01-24 12:17:00+00:00
6583,Case_532,A,2023-01-24 12:25:00+00:00
6584,Case_990,E1,2023-01-24 12:26:00+00:00
6585,Case_776,C,2023-01-24 12:30:00+00:00
6586,Case_776,D,2023-01-24 12:32:00+00:00
6587,Case_776,B1,2023-01-24 12:35:00+00:00
6588,Case_776,B2,2023-01-24 12:50:00+00:00
6589,Case_532,E1,2023-01-24 12:55:00+00:00
6590,Case_223,A,2023-01-24 13:01:00+00:00
6591,Case_990,E2,2023-01-24 13:07:00+00:00
6592,Case_201,A,2023-01-24 13:19:00+00:00
6593,Case_532,E2,2023-01-24 13:26:00+00:00
6594,Case_776,A,2023-01-24 13:35:00+00:00
6595,Case_201,C,2023-01-24 13:38:00+00:00
6596,Case_201,D,2023-01-24 13:40:00+00:00
6597,Case_564,A,2023-01-24 13:44:00+00:00
6598,Case_201,B1,2023-01-24 13:45:00+00:00
6599,Case_990,A,2023-01-24 13:47:00+00:00
6600,Case_776,F,2023-01-24 13:53:00+00:00
6601,Case_532,A,2023-01-24 14:06:00+00:00
6602,Case_564,C,2023-01-24 14:09:00+00:00
6603,Case_201,B2,2023-01-24 14:10:00+00:00
6604,Case_564,D,2023-01-24 14:13:00+00:00
6605,Case_564,B1,2023-01-24 14:16:00+00:00
6606,Case_776,A,2023-01-24 14:43:00+00:00
6607,Case_564,B2,2023-01-24 14:44:00+00:00
6608,Case_959,A,2023-01-24 14:50:00+00:00
6609,Case_201,A,2023-01-24 14:56:00+00:00
6610,Case_201,F,2023-01-24 15:07:00+00:00
6611,Case_564,A,2023-01-24 15:10:00+00:00
6612,Case_959,C,2023-01-24 15:11:00+00:00
6613,Case_959,D,2023-01-24 15:16:00+00:00
6614,Case_959,B1,2023-01-24 15:17:00+00:00
6615,Case_564,E1,2023-01-24 15:25:00+00:00
6616,Case_201,A,2023-01-24 15:47:00+00:00
6617,Case_485,A,2023-01-24 15:53:00+00:00
6618,Case_959,B2,2023-01-24 15:55:00+00:00
6619,Case_564,E2,2023-01-24 16:01:00+00:00
6620,Case_564,A,2023-01-24 16:18:00+00:00
6621,Case_485,C,2023-01-24 16:23:00+00:00
6622,Case_485,D,2023-01-24 16:25:00+00:00
6623,Case_485,B1,2023-01-24 16:28:00+00:00
6624,Case_959,A,2023-01-24 16:35:00+00:00
6625,Case_959,E1,2023-01-24 16:59:00+00:00
6626,Case_485,B2,2023-01-24 17:08:00+00:00
6627,Case_590,A,2023-01-24 17:23:00+00:00
6628,Case_485,A,2023-01-24 17:36:00+00:00
6629,Case_590,C,2023-01-24 17:42:00+00:00
6630,Case_959,E2,2023-01-24 17:43:00+00:00
6631,Case_590,B1,2023-01-24 17:44:00+00:00
6632,Case_485,F,2023-01-24 17:46:00+00:00
6633,Case_590,D,2023-01-24 17:47:00+00:00
6634,Case_741,A,2023-01-24 17:53:00+00:00
6635,Case_959,A,2023-01-24 17:59:00+00:00
6636,Case_590,B2,2023-01-24 18:04:00+00:00
6637,Case_741,C,2023-01-24 18:07:00+00:00
6638,Case_741,D,2023-01-24 18:12:00+00:00
6639,Case_741,B1,2023-01-24 18:12:00+00:00
6640,Case_590,A,2023-01-24 18:39:00+00:00
6641,Case_875,A,2023-01-24 18:47:00+00:00
6642,Case_741,B2,2023-01-24 18:52:00+00:00
6643,Case_328,A,2023-01-24 19:01:00+00:00
6644,Case_485,A,2023-01-24 19:01:00+00:00
6645,Case_590,E1,2023-01-24 19:05:00+00:00
6646,Case_875,C,2023-01-24 19:05:00+00:00
6647,Case_875,B1,2023-01-24 19:09:00+00:00
6648,Case_875,D,2023-01-24 19:10:00+00:00
6649,Case_328,C,2023-01-24 19:23:00+00:00
6650,Case_328,B1,2023-01-24 19:25:00+00:00
6651,Case_328,D,2023-01-24 19:28:00+00:00
6652,Case_875,B2,2023-01-24 19:30:00+00:00
6653,Case_741,A,2023-01-24 19:32:00+00:00
6654,Case_590,E2,2023-01-24 19:49:00+00:00
6655,Case_875,A,2023-01-24 19:55:00+00:00
6656,Case_741,F,2023-01-24 19:56:00+00:00
6657,Case_328,B2,2023-01-24 20:10:00+00:00
6658,Case_875,F,2023-01-24 20:18:00+00:00
6659,Case_590,A,2023-01-24 20:24:00+00:00
6660,Case_741,A,2023-01-24 20:39:00+00:00
6661,Case_328,A,2023-01-24 20:53:00+00:00
6662,Case_821,A,2023-01-24 21:02:00+00:00
6663,Case_821,C,2023-01-24 21:14:00+00:00
6664,Case_821,D,2023-01-24 21:16:00+00:00
6665,Case_875,A,2023-01-24 21:18:00+00:00
6666,Case_328,E1,2023-01-24 21:20:00+00:00
6667,Case_821,B1,2023-01-24 21:21:00+00:00
6668,Case_328,E2,2023-01-24 22:00:00+00:00
6669,Case_821,B2,2023-01-24 22:03:00+00:00
6670,Case_328,A,2023-01-24 22:22:00+00:00
6671,Case_821,A,2023-01-24 22:33:00+00:00
6672,Case_821,F,2023-01-24 22:44:00+00:00
6673,Case_821,A,2023-01-24 23:46:00+00:00
6674,Case_190,A,2023-01-25 00:21:00+00:00
6675,Case_190,C,2023-01-25 00:50:00+00:00
6676,Case_190,D,2023-01-25 00:52:00+00:00
6677,Case_190,B1,2023-01-25 00:54:00+00:00
6678,Case_190,B2,2023-01-25 01:14:00+00:00
6679,Case_364,A,2023-01-25 01:44:00+00:00
6680,Case_136,A,2023-01-25 01:56:00+00:00
6681,Case_364,C,2023-01-25 02:07:00+00:00
6682,Case_190,A,2023-01-25 02:10:00+00:00
6683,Case_364,D,2023-01-25 02:11:00+00:00
6684,Case_364,B1,2023-01-25 02:12:00+00:00
6685,Case_136,C,2023-01-25 02:15:00+00:00
6686,Case_136,B1,2023-01-25 02:18:00+00:00
6687,Case_136,D,2023-01-25 02:19:00+00:00
6688,Case_190,F,2023-01-25 02:23:00+00:00
6689,Case_364,B2,2023-01-25 02:30:00+00:00
6690,Case_136,B2,2023-01-25 02:46:00+00:00
6691,Case_166,A,2023-01-25 03:17:00+00:00
6692,Case_364,A,2023-01-25 03:26:00+00:00
6693,Case_190,A,2023-01-25 03:31:00+00:00
6694,Case_136,A,2023-01-25 03:32:00+00:00
6695,Case_166,C,2023-01-25 03:33:00+00:00
6696,Case_166,D,2023-01-25 03:35:00+00:00
6697,Case_166,B1,2023-01-25 03:36:00+00:00
6698,Case_364,F,2023-01-25 03:42:00+00:00
6699,Case_166,B2,2023-01-25 03:51:00+00:00
6700,Case_799,A,2023-01-25 03:54:00+00:00
6701,Case_136,F,2023-01-25 04:01:00+00:00
6702,Case_305,A,2023-01-25 04:07:00+00:00
6703,Case_573,A,2023-01-25 04:08:00+00:00
6704,Case_799,C,2023-01-25 04:11:00+00:00
6705,Case_799,D,2023-01-25 04:16:00+00:00
6706,Case_799,B1,2023-01-25 04:18:00+00:00
6707,Case_305,C,2023-01-25 04:29:00+00:00
6708,Case_166,A,2023-01-25 04:29:00+00:00
6709,Case_305,D,2023-01-25 04:31:00+00:00
6710,Case_364,A,2023-01-25 04:34:00+00:00
6711,Case_305,B1,2023-01-25 04:34:00+00:00
6712,Case_573,C,2023-01-25 04:35:00+00:00
6713,Case_573,D,2023-01-25 04:36:00+00:00
6714,Case_573,B1,2023-01-25 04:38:00+00:00
6715,Case_799,B2,2023-01-25 04:47:00+00:00
6716,Case_166,F,2023-01-25 04:47:00+00:00
6717,Case_136,A,2023-01-25 04:54:00+00:00
6718,Case_573,B2,2023-01-25 05:08:00+00:00
6719,Case_305,B2,2023-01-25 05:11:00+00:00
6720,Case_799,A,2023-01-25 05:24:00+00:00
6721,Case_799,F,2023-01-25 05:34:00+00:00
6722,Case_573,A,2023-01-25 05:50:00+00:00
6723,Case_166,A,2023-01-25 05:50:00+00:00
6724,Case_183,A,2023-01-25 05:51:00+00:00
6725,Case_723,A,2023-01-25 05:53:00+00:00
6726,Case_305,A,2023-01-25 05:58:00+00:00
6727,Case_723,C,2023-01-25 06:14:00+00:00
6728,Case_573,E1,2023-01-25 06:19:00+00:00
6729,Case_723,D,2023-01-25 06:19:00+00:00
6730,Case_723,B1,2023-01-25 06:20:00+00:00
6731,Case_183,C,2023-01-25 06:20:00+00:00
6732,Case_183,D,2023-01-25 06:21:00+00:00
6733,Case_183,B1,2023-01-25 06:24:00+00:00
6734,Case_305,F,2023-01-25 06:27:00+00:00
6735,Case_799,A,2023-01-25 06:29:00+00:00
6736,Case_723,B2,2023-01-25 06:40:00+00:00
6737,Case_183,B2,2023-01-25 06:55:00+00:00
6738,Case_305,A,2023-01-25 07:08:00+00:00
6739,Case_573,E2,2023-01-25 07:09:00+00:00
6740,Case_723,A,2023-01-25 07:16:00+00:00
6741,Case_648,A,2023-01-25 07:24:00+00:00
6742,Case_832,A,2023-01-25 07:25:00+00:00
6743,Case_81,A,2023-01-25 07:25:00+00:00
6744,Case_723,E1,2023-01-25 07:31:00+00:00
6745,Case_81,C,2023-01-25 07:36:00+00:00
6746,Case_81,D,2023-01-25 07:40:00+00:00
6747,Case_832,C,2023-01-25 07:43:00+00:00
6748,Case_81,B1,2023-01-25 07:43:00+00:00
6749,Case_832,D,2023-01-25 07:46:00+00:00
6750,Case_832,B1,2023-01-25 07:46:00+00:00
6751,Case_648,C,2023-01-25 07:48:00+00:00
6752,Case_648,D,2023-01-25 07:49:00+00:00
6753,Case_573,A,2023-01-25 07:49:00+00:00
6754,Case_183,A,2023-01-25 07:54:00+00:00
6755,Case_648,B1,2023-01-25 07:55:00+00:00
6756,Case_81,B2,2023-01-25 08:09:00+00:00
6757,Case_832,B2,2023-01-25 08:11:00+00:00
6758,Case_183,F,2023-01-25 08:16:00+00:00
6759,Case_723,E2,2023-01-25 08:20:00+00:00
6760,Case_648,B2,2023-01-25 08:26:00+00:00
6761,Case_723,A,2023-01-25 08:45:00+00:00
6762,Case_81,A,2023-01-25 08:56:00+00:00
6763,Case_832,A,2023-01-25 09:02:00+00:00
6764,Case_648,A,2023-01-25 09:13:00+00:00
6765,Case_81,E1,2023-01-25 09:15:00+00:00
6766,Case_183,A,2023-01-25 09:16:00+00:00
6767,Case_832,E1,2023-01-25 09:16:00+00:00
6768,Case_814,A,2023-01-25 09:18:00+00:00
6769,Case_648,F,2023-01-25 09:27:00+00:00
6770,Case_460,A,2023-01-25 09:41:00+00:00
6771,Case_48,A,2023-01-25 09:42:00+00:00
6772,Case_81,E2,2023-01-25 09:43:00+00:00
6773,Case_256,A,2023-01-25 09:46:00+00:00
6774,Case_814,C,2023-01-25 09:48:00+00:00
6775,Case_814,B1,2023-01-25 09:51:00+00:00
6776,Case_814,D,2023-01-25 09:52:00+00:00
6777,Case_460,C,2023-01-25 09:59:00+00:00
6778,Case_460,B1,2023-01-25 10:01:00+00:00
6779,Case_460,D,2023-01-25 10:03:00+00:00
6780,Case_256,C,2023-01-25 10:05:00+00:00
6781,Case_832,E2,2023-01-25 10:05:00+00:00
6782,Case_256,D,2023-01-25 10:07:00+00:00
6783,Case_48,C,2023-01-25 10:09:00+00:00
6784,Case_814,B2,2023-01-25 10:10:00+00:00
6785,Case_256,B1,2023-01-25 10:11:00+00:00
6786,Case_48,B1,2023-01-25 10:11:00+00:00
6787,Case_48,D,2023-01-25 10:13:00+00:00
6788,Case_81,A,2023-01-25 10:17:00+00:00
6789,Case_648,A,2023-01-25 10:22:00+00:00
6790,Case_141,A,2023-01-25 10:30:00+00:00
6791,Case_832,A,2023-01-25 10:41:00+00:00
6792,Case_460,B2,2023-01-25 10:44:00+00:00
6793,Case_256,B2,2023-01-25 10:52:00+00:00
6794,Case_48,B2,2023-01-25 10:53:00+00:00
6795,Case_141,C,2023-01-25 10:58:00+00:00
6796,Case_141,D,2023-01-25 11:03:00+00:00
6797,Case_141,B1,2023-01-25 11:04:00+00:00
6798,Case_814,A,2023-01-25 11:09:00+00:00
6799,Case_348,A,2023-01-25 11:14:00+00:00
6800,Case_48,A,2023-01-25 11:22:00+00:00
6801,Case_141,B2,2023-01-25 11:24:00+00:00
6802,Case_814,F,2023-01-25 11:26:00+00:00
6803,Case_348,C,2023-01-25 11:27:00+00:00
6804,Case_256,A,2023-01-25 11:29:00+00:00
6805,Case_348,D,2023-01-25 11:30:00+00:00
6806,Case_348,B1,2023-01-25 11:31:00+00:00
6807,Case_48,F,2023-01-25 11:35:00+00:00
6808,Case_460,A,2023-01-25 11:35:00+00:00
6809,Case_460,F,2023-01-25 11:46:00+00:00
6810,Case_745,A,2023-01-25 11:49:00+00:00
6811,Case_631,A,2023-01-25 11:52:00+00:00
6812,Case_256,E1,2023-01-25 11:57:00+00:00
6813,Case_631,C,2023-01-25 12:02:00+00:00
6814,Case_631,D,2023-01-25 12:03:00+00:00
6815,Case_486,A,2023-01-25 12:07:00+00:00
6816,Case_348,B2,2023-01-25 12:07:00+00:00
6817,Case_631,B1,2023-01-25 12:08:00+00:00
6818,Case_745,C,2023-01-25 12:09:00+00:00
6819,Case_745,D,2023-01-25 12:10:00+00:00
6820,Case_745,B1,2023-01-25 12:14:00+00:00
6821,Case_141,A,2023-01-25 12:17:00+00:00
6822,Case_48,A,2023-01-25 12:23:00+00:00
6823,Case_141,F,2023-01-25 12:29:00+00:00
6824,Case_814,A,2023-01-25 12:31:00+00:00
6825,Case_256,E2,2023-01-25 12:35:00+00:00
6826,Case_486,C,2023-01-25 12:35:00+00:00
6827,Case_486,D,2023-01-25 12:37:00+00:00
6828,Case_486,B1,2023-01-25 12:42:00+00:00
6829,Case_112,A,2023-01-25 12:42:00+00:00
6830,Case_631,B2,2023-01-25 12:53:00+00:00
6831,Case_348,A,2023-01-25 12:53:00+00:00
6832,Case_745,B2,2023-01-25 12:55:00+00:00
6833,Case_256,A,2023-01-25 12:56:00+00:00
6834,Case_228,A,2023-01-25 12:59:00+00:00
6835,Case_194,A,2023-01-25 13:03:00+00:00
6836,Case_112,C,2023-01-25 13:04:00+00:00
6837,Case_486,B2,2023-01-25 13:06:00+00:00
6838,Case_460,A,2023-01-25 13:06:00+00:00
6839,Case_112,B1,2023-01-25 13:07:00+00:00
6840,Case_165,A,2023-01-25 13:08:00+00:00
6841,Case_112,D,2023-01-25 13:08:00+00:00
6842,Case_675,A,2023-01-25 13:11:00+00:00
6843,Case_228,C,2023-01-25 13:14:00+00:00
6844,Case_348,F,2023-01-25 13:15:00+00:00
6845,Case_228,D,2023-01-25 13:18:00+00:00
6846,Case_228,B1,2023-01-25 13:21:00+00:00
6847,Case_194,C,2023-01-25 13:22:00+00:00
6848,Case_194,B1,2023-01-25 13:26:00+00:00
6849,Case_194,D,2023-01-25 13:27:00+00:00
6850,Case_112,B2,2023-01-25 13:29:00+00:00
6851,Case_165,C,2023-01-25 13:30:00+00:00
6852,Case_165,D,2023-01-25 13:33:00+00:00
6853,Case_675,C,2023-01-25 13:34:00+00:00
6854,Case_141,A,2023-01-25 13:35:00+00:00
6855,Case_675,B1,2023-01-25 13:36:00+00:00
6856,Case_165,B1,2023-01-25 13:36:00+00:00
6857,Case_675,D,2023-01-25 13:38:00+00:00
6858,Case_631,A,2023-01-25 13:41:00+00:00
6859,Case_745,A,2023-01-25 13:45:00+00:00
6860,Case_486,A,2023-01-25 13:46:00+00:00
6861,Case_938,A,2023-01-25 13:48:00+00:00
6862,Case_348,A,2023-01-25 13:56:00+00:00
6863,Case_486,E1,2023-01-25 13:57:00+00:00
6864,Case_602,A,2023-01-25 13:59:00+00:00
6865,Case_228,B2,2023-01-25 14:00:00+00:00
6866,Case_631,E1,2023-01-25 14:01:00+00:00
6867,Case_194,B2,2023-01-25 14:02:00+00:00
6868,Case_938,C,2023-01-25 14:02:00+00:00
6869,Case_165,B2,2023-01-25 14:04:00+00:00
6870,Case_938,D,2023-01-25 14:06:00+00:00
6871,Case_675,B2,2023-01-25 14:07:00+00:00
6872,Case_938,B1,2023-01-25 14:09:00+00:00
6873,Case_745,E1,2023-01-25 14:09:00+00:00
6874,Case_602,C,2023-01-25 14:11:00+00:00
6875,Case_602,B1,2023-01-25 14:14:00+00:00
6876,Case_112,A,2023-01-25 14:14:00+00:00
6877,Case_602,D,2023-01-25 14:15:00+00:00
6878,Case_112,F,2023-01-25 14:26:00+00:00
6879,Case_270,A,2023-01-25 14:27:00+00:00
6880,Case_228,A,2023-01-25 14:29:00+00:00
6881,Case_602,B2,2023-01-25 14:33:00+00:00
6882,Case_486,E2,2023-01-25 14:34:00+00:00
6883,Case_165,A,2023-01-25 14:34:00+00:00
6884,Case_745,E2,2023-01-25 14:37:00+00:00
6885,Case_270,C,2023-01-25 14:38:00+00:00
6886,Case_270,D,2023-01-25 14:39:00+00:00
6887,Case_228,F,2023-01-25 14:42:00+00:00
6888,Case_270,B1,2023-01-25 14:44:00+00:00
6889,Case_631,E2,2023-01-25 14:44:00+00:00
6890,Case_938,B2,2023-01-25 14:44:00+00:00
6891,Case_675,A,2023-01-25 14:48:00+00:00
6892,Case_194,A,2023-01-25 14:49:00+00:00
6893,Case_165,E1,2023-01-25 14:57:00+00:00
6894,Case_270,B2,2023-01-25 15:02:00+00:00
6895,Case_486,A,2023-01-25 15:08:00+00:00
6896,Case_194,E1,2023-01-25 15:10:00+00:00
6897,Case_745,A,2023-01-25 15:11:00+00:00
6898,Case_675,E1,2023-01-25 15:12:00+00:00
6899,Case_112,A,2023-01-25 15:14:00+00:00
6900,Case_631,A,2023-01-25 15:24:00+00:00
6901,Case_165,E2,2023-01-25 15:36:00+00:00
6902,Case_938,A,2023-01-25 15:37:00+00:00
6903,Case_602,A,2023-01-25 15:39:00+00:00
6904,Case_228,A,2023-01-25 15:44:00+00:00
6905,Case_194,E2,2023-01-25 15:45:00+00:00
6906,Case_938,F,2023-01-25 15:49:00+00:00
6907,Case_675,E2,2023-01-25 15:52:00+00:00
6908,Case_270,A,2023-01-25 15:54:00+00:00
6909,Case_165,A,2023-01-25 15:56:00+00:00
6910,Case_602,E1,2023-01-25 15:56:00+00:00
6911,Case_297,A,2023-01-25 16:13:00+00:00
6912,Case_194,A,2023-01-25 16:14:00+00:00
6913,Case_270,F,2023-01-25 16:17:00+00:00
6914,Case_602,E2,2023-01-25 16:25:00+00:00
6915,Case_675,A,2023-01-25 16:28:00+00:00
6916,Case_614,A,2023-01-25 16:40:00+00:00
6917,Case_297,C,2023-01-25 16:41:00+00:00
6918,Case_297,D,2023-01-25 16:44:00+00:00
6919,Case_297,B1,2023-01-25 16:45:00+00:00
6920,Case_938,A,2023-01-25 16:51:00+00:00
6921,Case_602,A,2023-01-25 16:58:00+00:00
6922,Case_614,C,2023-01-25 17:04:00+00:00
6923,Case_614,B1,2023-01-25 17:06:00+00:00
6924,Case_614,D,2023-01-25 17:06:00+00:00
6925,Case_297,B2,2023-01-25 17:18:00+00:00
6926,Case_360,A,2023-01-25 17:20:00+00:00
6927,Case_270,A,2023-01-25 17:21:00+00:00
6928,Case_614,B2,2023-01-25 17:23:00+00:00
6929,Case_360,C,2023-01-25 17:44:00+00:00
6930,Case_360,B1,2023-01-25 17:47:00+00:00
6931,Case_360,D,2023-01-25 17:47:00+00:00
6932,Case_297,A,2023-01-25 18:03:00+00:00
6933,Case_360,B2,2023-01-25 18:08:00+00:00
6934,Case_614,A,2023-01-25 18:09:00+00:00
6935,Case_614,F,2023-01-25 18:28:00+00:00
6936,Case_297,F,2023-01-25 18:29:00+00:00
6937,Case_918,A,2023-01-25 18:48:00+00:00
6938,Case_360,A,2023-01-25 18:53:00+00:00
6939,Case_918,C,2023-01-25 19:01:00+00:00
6940,Case_918,B1,2023-01-25 19:03:00+00:00
6941,Case_360,E1,2023-01-25 19:05:00+00:00
6942,Case_918,D,2023-01-25 19:06:00+00:00
6943,Case_24,A,2023-01-25 19:13:00+00:00
6944,Case_918,B2,2023-01-25 19:30:00+00:00
6945,Case_614,A,2023-01-25 19:32:00+00:00
6946,Case_24,C,2023-01-25 19:37:00+00:00
6947,Case_24,D,2023-01-25 19:41:00+00:00
6948,Case_9,A,2023-01-25 19:41:00+00:00
6949,Case_24,B1,2023-01-25 19:44:00+00:00
6950,Case_360,E2,2023-01-25 19:44:00+00:00
6951,Case_297,A,2023-01-25 19:46:00+00:00
6952,Case_406,A,2023-01-25 19:55:00+00:00
6953,Case_918,A,2023-01-25 19:58:00+00:00
6954,Case_9,C,2023-01-25 20:03:00+00:00
6955,Case_9,B1,2023-01-25 20:06:00+00:00
6956,Case_9,D,2023-01-25 20:06:00+00:00
6957,Case_360,A,2023-01-25 20:07:00+00:00
6958,Case_918,F,2023-01-25 20:08:00+00:00
6959,Case_406,C,2023-01-25 20:11:00+00:00
6960,Case_406,D,2023-01-25 20:12:00+00:00
6961,Case_406,B1,2023-01-25 20:16:00+00:00
6962,Case_24,B2,2023-01-25 20:18:00+00:00
6963,Case_9,B2,2023-01-25 20:25:00+00:00
6964,Case_632,A,2023-01-25 20:31:00+00:00
6965,Case_406,B2,2023-01-25 20:51:00+00:00
6966,Case_632,C,2023-01-25 20:58:00+00:00
6967,Case_632,D,2023-01-25 20:59:00+00:00
6968,Case_632,B1,2023-01-25 21:03:00+00:00
6969,Case_24,A,2023-01-25 21:09:00+00:00
6970,Case_918,A,2023-01-25 21:13:00+00:00
6971,Case_632,B2,2023-01-25 21:22:00+00:00
6972,Case_9,A,2023-01-25 21:24:00+00:00
6973,Case_24,E1,2023-01-25 21:28:00+00:00
6974,Case_406,A,2023-01-25 21:35:00+00:00
6975,Case_9,F,2023-01-25 21:40:00+00:00
6976,Case_406,F,2023-01-25 22:05:00+00:00
6977,Case_24,E2,2023-01-25 22:07:00+00:00
6978,Case_632,A,2023-01-25 22:12:00+00:00
6979,Case_9,A,2023-01-25 22:16:00+00:00
6980,Case_581,A,2023-01-25 22:25:00+00:00
6981,Case_512,A,2023-01-25 22:29:00+00:00
6982,Case_24,A,2023-01-25 22:33:00+00:00
6983,Case_632,F,2023-01-25 22:35:00+00:00
6984,Case_581,C,2023-01-25 22:39:00+00:00
6985,Case_581,D,2023-01-25 22:43:00+00:00
6986,Case_581,B1,2023-01-25 22:44:00+00:00
6987,Case_512,C,2023-01-25 22:57:00+00:00
6988,Case_581,B2,2023-01-25 22:59:00+00:00
6989,Case_512,B1,2023-01-25 23:01:00+00:00
6990,Case_512,D,2023-01-25 23:01:00+00:00
6991,Case_512,B2,2023-01-25 23:16:00+00:00
6992,Case_632,A,2023-01-25 23:20:00+00:00
6993,Case_406,A,2023-01-25 23:20:00+00:00
6994,Case_581,A,2023-01-25 23:56:00+00:00
6995,Case_512,A,2023-01-26 00:20:00+00:00
6996,Case_581,F,2023-01-26 00:24:00+00:00
6997,Case_187,A,2023-01-26 00:31:00+00:00
6998,Case_512,E1,2023-01-26 00:50:00+00:00
6999,Case_981,A,2023-01-26 00:51:00+00:00
7000,Case_187,C,2023-01-26 00:56:00+00:00
7001,Case_187,D,2023-01-26 01:01:00+00:00
7002,Case_187,B1,2023-01-26 01:03:00+00:00
7003,Case_266,A,2023-01-26 01:06:00+00:00
7004,Case_802,A,2023-01-26 01:10:00+00:00
7005,Case_981,C,2023-01-26 01:17:00+00:00
7006,Case_581,A,2023-01-26 01:17:00+00:00
7007,Case_981,D,2023-01-26 01:22:00+00:00
7008,Case_981,B1,2023-01-26 01:22:00+00:00
7009,Case_512,E2,2023-01-26 01:23:00+00:00
7010,Case_266,C,2023-01-26 01:26:00+00:00
7011,Case_266,D,2023-01-26 01:27:00+00:00
7012,Case_802,C,2023-01-26 01:31:00+00:00
7013,Case_266,B1,2023-01-26 01:33:00+00:00
7014,Case_802,B1,2023-01-26 01:34:00+00:00
7015,Case_802,D,2023-01-26 01:35:00+00:00
7016,Case_187,B2,2023-01-26 01:35:00+00:00
7017,Case_981,B2,2023-01-26 01:44:00+00:00
7018,Case_512,A,2023-01-26 01:51:00+00:00
7019,Case_802,B2,2023-01-26 01:58:00+00:00
7020,Case_266,B2,2023-01-26 02:01:00+00:00
7021,Case_187,A,2023-01-26 02:13:00+00:00
7022,Case_187,F,2023-01-26 02:24:00+00:00
7023,Case_802,A,2023-01-26 02:30:00+00:00
7024,Case_981,A,2023-01-26 02:30:00+00:00
7025,Case_399,A,2023-01-26 02:34:00+00:00
7026,Case_266,A,2023-01-26 02:51:00+00:00
7027,Case_802,F,2023-01-26 02:55:00+00:00
7028,Case_896,A,2023-01-26 02:55:00+00:00
7029,Case_981,F,2023-01-26 02:56:00+00:00
7030,Case_52,A,2023-01-26 02:58:00+00:00
7031,Case_399,C,2023-01-26 03:00:00+00:00
7032,Case_399,B1,2023-01-26 03:04:00+00:00
7033,Case_266,F,2023-01-26 03:04:00+00:00
7034,Case_399,D,2023-01-26 03:05:00+00:00
7035,Case_52,C,2023-01-26 03:10:00+00:00
7036,Case_52,B1,2023-01-26 03:13:00+00:00
7037,Case_52,D,2023-01-26 03:14:00+00:00
7038,Case_896,C,2023-01-26 03:17:00+00:00
7039,Case_896,D,2023-01-26 03:20:00+00:00
7040,Case_896,B1,2023-01-26 03:22:00+00:00
7041,Case_410,A,2023-01-26 03:30:00+00:00
7042,Case_187,A,2023-01-26 03:30:00+00:00
7043,Case_52,B2,2023-01-26 03:34:00+00:00
7044,Case_802,A,2023-01-26 03:44:00+00:00
7045,Case_399,B2,2023-01-26 03:48:00+00:00
7046,Case_410,C,2023-01-26 03:55:00+00:00
7047,Case_410,D,2023-01-26 03:57:00+00:00
7048,Case_410,B1,2023-01-26 04:01:00+00:00
7049,Case_896,B2,2023-01-26 04:02:00+00:00
7050,Case_981,A,2023-01-26 04:07:00+00:00
7051,Case_373,A,2023-01-26 04:16:00+00:00
7052,Case_138,A,2023-01-26 04:16:00+00:00
7053,Case_410,B2,2023-01-26 04:17:00+00:00
7054,Case_266,A,2023-01-26 04:20:00+00:00
7055,Case_52,A,2023-01-26 04:22:00+00:00
7056,Case_837,A,2023-01-26 04:24:00+00:00
7057,Case_138,C,2023-01-26 04:31:00+00:00
7058,Case_798,A,2023-01-26 04:32:00+00:00
7059,Case_373,C,2023-01-26 04:33:00+00:00
7060,Case_138,B1,2023-01-26 04:33:00+00:00
7061,Case_896,A,2023-01-26 04:35:00+00:00
7062,Case_373,D,2023-01-26 04:36:00+00:00
7063,Case_138,D,2023-01-26 04:36:00+00:00
7064,Case_373,B1,2023-01-26 04:37:00+00:00
7065,Case_410,A,2023-01-26 04:44:00+00:00
7066,Case_798,C,2023-01-26 04:45:00+00:00
7067,Case_399,A,2023-01-26 04:46:00+00:00
7068,Case_798,B1,2023-01-26 04:47:00+00:00
7069,Case_837,C,2023-01-26 04:50:00+00:00
7070,Case_798,D,2023-01-26 04:50:00+00:00
7071,Case_52,F,2023-01-26 04:51:00+00:00
7072,Case_837,D,2023-01-26 04:51:00+00:00
7073,Case_837,B1,2023-01-26 04:52:00+00:00
7074,Case_138,B2,2023-01-26 04:58:00+00:00
7075,Case_210,A,2023-01-26 05:01:00+00:00
7076,Case_896,F,2023-01-26 05:04:00+00:00
7077,Case_410,E1,2023-01-26 05:05:00+00:00
7078,Case_399,F,2023-01-26 05:10:00+00:00
7079,Case_210,C,2023-01-26 05:14:00+00:00
7080,Case_373,B2,2023-01-26 05:16:00+00:00
7081,Case_210,D,2023-01-26 05:16:00+00:00
7082,Case_210,B1,2023-01-26 05:17:00+00:00
7083,Case_798,B2,2023-01-26 05:28:00+00:00
7084,Case_502,A,2023-01-26 05:33:00+00:00
7085,Case_837,B2,2023-01-26 05:36:00+00:00
7086,Case_410,E2,2023-01-26 05:36:00+00:00
7087,Case_373,A,2023-01-26 05:38:00+00:00
7088,Case_138,A,2023-01-26 05:45:00+00:00
7089,Case_502,C,2023-01-26 05:46:00+00:00
7090,Case_366,A,2023-01-26 05:46:00+00:00
7091,Case_502,B1,2023-01-26 05:49:00+00:00
7092,Case_502,D,2023-01-26 05:49:00+00:00
7093,Case_52,A,2023-01-26 05:52:00+00:00
7094,Case_210,B2,2023-01-26 05:55:00+00:00
7095,Case_366,C,2023-01-26 05:56:00+00:00
7096,Case_138,E1,2023-01-26 05:58:00+00:00
7097,Case_366,D,2023-01-26 06:00:00+00:00
7098,Case_366,B1,2023-01-26 06:00:00+00:00
7099,Case_399,A,2023-01-26 06:03:00+00:00
7100,Case_373,F,2023-01-26 06:05:00+00:00
7101,Case_502,B2,2023-01-26 06:07:00+00:00
7102,Case_410,A,2023-01-26 06:12:00+00:00
7103,Case_138,E2,2023-01-26 06:21:00+00:00
7104,Case_896,A,2023-01-26 06:23:00+00:00
7105,Case_798,A,2023-01-26 06:23:00+00:00
7106,Case_782,A,2023-01-26 06:24:00+00:00
7107,Case_837,A,2023-01-26 06:24:00+00:00
7108,Case_366,B2,2023-01-26 06:31:00+00:00
7109,Case_798,E1,2023-01-26 06:34:00+00:00
7110,Case_210,A,2023-01-26 06:39:00+00:00
7111,Case_502,A,2023-01-26 06:39:00+00:00
7112,Case_782,C,2023-01-26 06:47:00+00:00
7113,Case_837,E1,2023-01-26 06:48:00+00:00
7114,Case_373,A,2023-01-26 06:49:00+00:00
7115,Case_782,D,2023-01-26 06:49:00+00:00
7116,Case_782,B1,2023-01-26 06:53:00+00:00
7117,Case_138,A,2023-01-26 06:53:00+00:00
7118,Case_798,E2,2023-01-26 06:59:00+00:00
7119,Case_366,A,2023-01-26 07:01:00+00:00
7120,Case_289,A,2023-01-26 07:02:00+00:00
7121,Case_502,E1,2023-01-26 07:03:00+00:00
7122,Case_210,E1,2023-01-26 07:03:00+00:00
7123,Case_774,A,2023-01-26 07:04:00+00:00
7124,Case_366,F,2023-01-26 07:13:00+00:00
7125,Case_782,B2,2023-01-26 07:21:00+00:00
7126,Case_289,C,2023-01-26 07:26:00+00:00
7127,Case_774,C,2023-01-26 07:30:00+00:00
7128,Case_774,D,2023-01-26 07:31:00+00:00
7129,Case_289,D,2023-01-26 07:31:00+00:00
7130,Case_837,E2,2023-01-26 07:32:00+00:00
7131,Case_289,B1,2023-01-26 07:33:00+00:00
7132,Case_774,B1,2023-01-26 07:34:00+00:00
7133,Case_798,A,2023-01-26 07:34:00+00:00
7134,Case_210,E2,2023-01-26 07:38:00+00:00
7135,Case_502,E2,2023-01-26 07:47:00+00:00
7136,Case_837,A,2023-01-26 07:50:00+00:00
7137,Case_782,A,2023-01-26 07:55:00+00:00
7138,Case_289,B2,2023-01-26 07:59:00+00:00
7139,Case_774,B2,2023-01-26 07:59:00+00:00
7140,Case_782,E1,2023-01-26 08:09:00+00:00
7141,Case_210,A,2023-01-26 08:16:00+00:00
7142,Case_88,A,2023-01-26 08:20:00+00:00
7143,Case_502,A,2023-01-26 08:26:00+00:00
7144,Case_88,C,2023-01-26 08:31:00+00:00
7145,Case_88,B1,2023-01-26 08:33:00+00:00
7146,Case_88,D,2023-01-26 08:33:00+00:00
7147,Case_366,A,2023-01-26 08:33:00+00:00
7148,Case_782,E2,2023-01-26 08:42:00+00:00
7149,Case_567,A,2023-01-26 08:50:00+00:00
7150,Case_289,A,2023-01-26 08:56:00+00:00
7151,Case_774,A,2023-01-26 09:00:00+00:00
7152,Case_88,B2,2023-01-26 09:08:00+00:00
7153,Case_782,A,2023-01-26 09:10:00+00:00
7154,Case_774,F,2023-01-26 09:15:00+00:00
7155,Case_567,C,2023-01-26 09:17:00+00:00
7156,Case_289,F,2023-01-26 09:20:00+00:00
7157,Case_567,D,2023-01-26 09:20:00+00:00
7158,Case_567,B1,2023-01-26 09:24:00+00:00
7159,Case_869,A,2023-01-26 09:33:00+00:00
7160,Case_567,B2,2023-01-26 09:49:00+00:00
7161,Case_289,A,2023-01-26 09:55:00+00:00
7162,Case_88,A,2023-01-26 10:01:00+00:00
7163,Case_869,C,2023-01-26 10:02:00+00:00
7164,Case_869,D,2023-01-26 10:04:00+00:00
7165,Case_869,B1,2023-01-26 10:07:00+00:00
7166,Case_774,A,2023-01-26 10:15:00+00:00
7167,Case_88,F,2023-01-26 10:20:00+00:00
7168,Case_574,A,2023-01-26 10:29:00+00:00
7169,Case_869,B2,2023-01-26 10:36:00+00:00
7170,Case_567,A,2023-01-26 10:42:00+00:00
7171,Case_567,E1,2023-01-26 10:52:00+00:00
7172,Case_574,C,2023-01-26 10:53:00+00:00
7173,Case_574,D,2023-01-26 10:56:00+00:00
7174,Case_574,B1,2023-01-26 11:00:00+00:00
7175,Case_574,B2,2023-01-26 11:27:00+00:00
7176,Case_869,A,2023-01-26 11:30:00+00:00
7177,Case_423,A,2023-01-26 11:32:00+00:00
7178,Case_88,A,2023-01-26 11:38:00+00:00
7179,Case_567,E2,2023-01-26 11:40:00+00:00
7180,Case_423,C,2023-01-26 11:52:00+00:00
7181,Case_423,D,2023-01-26 11:54:00+00:00
7182,Case_869,E1,2023-01-26 11:57:00+00:00
7183,Case_423,B1,2023-01-26 11:58:00+00:00
7184,Case_574,A,2023-01-26 12:11:00+00:00
7185,Case_567,A,2023-01-26 12:11:00+00:00
7186,Case_423,B2,2023-01-26 12:22:00+00:00
7187,Case_574,F,2023-01-26 12:30:00+00:00
7188,Case_869,E2,2023-01-26 12:36:00+00:00
7189,Case_401,A,2023-01-26 12:39:00+00:00
7190,Case_423,A,2023-01-26 12:55:00+00:00
7191,Case_401,C,2023-01-26 12:59:00+00:00
7192,Case_401,B1,2023-01-26 13:01:00+00:00
7193,Case_401,D,2023-01-26 13:01:00+00:00
7194,Case_21,A,2023-01-26 13:01:00+00:00
7195,Case_423,E1,2023-01-26 13:07:00+00:00
7196,Case_111,A,2023-01-26 13:09:00+00:00
7197,Case_869,A,2023-01-26 13:11:00+00:00
7198,Case_111,C,2023-01-26 13:20:00+00:00
7199,Case_111,D,2023-01-26 13:21:00+00:00
7200,Case_21,C,2023-01-26 13:24:00+00:00
7201,Case_111,B1,2023-01-26 13:24:00+00:00
7202,Case_21,D,2023-01-26 13:25:00+00:00
7203,Case_21,B1,2023-01-26 13:26:00+00:00
7204,Case_423,E2,2023-01-26 13:36:00+00:00
7205,Case_574,A,2023-01-26 13:39:00+00:00
7206,Case_401,B2,2023-01-26 13:44:00+00:00
7207,Case_111,B2,2023-01-26 13:57:00+00:00
7208,Case_21,B2,2023-01-26 14:07:00+00:00
7209,Case_423,A,2023-01-26 14:07:00+00:00
7210,Case_401,A,2023-01-26 14:38:00+00:00
7211,Case_111,A,2023-01-26 14:38:00+00:00
7212,Case_864,A,2023-01-26 14:46:00+00:00
7213,Case_21,A,2023-01-26 14:50:00+00:00
7214,Case_345,A,2023-01-26 14:56:00+00:00
7215,Case_111,F,2023-01-26 15:02:00+00:00
7216,Case_401,F,2023-01-26 15:06:00+00:00
7217,Case_21,E1,2023-01-26 15:08:00+00:00
7218,Case_864,C,2023-01-26 15:14:00+00:00
7219,Case_864,B1,2023-01-26 15:17:00+00:00
7220,Case_864,D,2023-01-26 15:19:00+00:00
7221,Case_345,C,2023-01-26 15:24:00+00:00
7222,Case_345,D,2023-01-26 15:26:00+00:00
7223,Case_345,B1,2023-01-26 15:29:00+00:00
7224,Case_21,E2,2023-01-26 15:39:00+00:00
7225,Case_864,B2,2023-01-26 15:43:00+00:00
7226,Case_111,A,2023-01-26 15:52:00+00:00
7227,Case_21,A,2023-01-26 15:57:00+00:00
7228,Case_401,A,2023-01-26 16:00:00+00:00
7229,Case_693,A,2023-01-26 16:00:00+00:00
7230,Case_345,B2,2023-01-26 16:00:00+00:00
7231,Case_693,C,2023-01-26 16:16:00+00:00
7232,Case_693,B1,2023-01-26 16:18:00+00:00
7233,Case_693,D,2023-01-26 16:19:00+00:00
7234,Case_864,A,2023-01-26 16:22:00+00:00
7235,Case_652,A,2023-01-26 16:27:00+00:00
7236,Case_345,A,2023-01-26 16:37:00+00:00
7237,Case_693,B2,2023-01-26 16:37:00+00:00
7238,Case_864,E1,2023-01-26 16:41:00+00:00
7239,Case_345,F,2023-01-26 16:50:00+00:00
7240,Case_652,C,2023-01-26 16:50:00+00:00
7241,Case_652,D,2023-01-26 16:52:00+00:00
7242,Case_652,B1,2023-01-26 16:53:00+00:00
7243,Case_327,A,2023-01-26 17:22:00+00:00
7244,Case_652,B2,2023-01-26 17:22:00+00:00
7245,Case_864,E2,2023-01-26 17:27:00+00:00
7246,Case_693,A,2023-01-26 17:38:00+00:00
7247,Case_327,C,2023-01-26 17:49:00+00:00
7248,Case_327,D,2023-01-26 17:53:00+00:00
7249,Case_327,B1,2023-01-26 17:55:00+00:00
7250,Case_693,F,2023-01-26 18:01:00+00:00
7251,Case_345,A,2023-01-26 18:02:00+00:00
7252,Case_864,A,2023-01-26 18:04:00+00:00
7253,Case_720,A,2023-01-26 18:08:00+00:00
7254,Case_652,A,2023-01-26 18:16:00+00:00
7255,Case_327,B2,2023-01-26 18:25:00+00:00
7256,Case_720,C,2023-01-26 18:31:00+00:00
7257,Case_720,D,2023-01-26 18:33:00+00:00
7258,Case_720,B1,2023-01-26 18:37:00+00:00
7259,Case_652,E1,2023-01-26 18:37:00+00:00
7260,Case_693,A,2023-01-26 18:39:00+00:00
7261,Case_720,B2,2023-01-26 18:56:00+00:00
7262,Case_652,E2,2023-01-26 19:09:00+00:00
7263,Case_327,A,2023-01-26 19:25:00+00:00
7264,Case_99,A,2023-01-26 19:30:00+00:00
7265,Case_652,A,2023-01-26 19:42:00+00:00
7266,Case_178,A,2023-01-26 19:42:00+00:00
7267,Case_327,E1,2023-01-26 19:48:00+00:00
7268,Case_720,A,2023-01-26 19:53:00+00:00
7269,Case_99,C,2023-01-26 19:56:00+00:00
7270,Case_99,D,2023-01-26 20:01:00+00:00
7271,Case_99,B1,2023-01-26 20:03:00+00:00
7272,Case_178,C,2023-01-26 20:09:00+00:00
7273,Case_178,D,2023-01-26 20:10:00+00:00
7274,Case_178,B1,2023-01-26 20:14:00+00:00
7275,Case_720,F,2023-01-26 20:17:00+00:00
7276,Case_99,B2,2023-01-26 20:24:00+00:00
7277,Case_327,E2,2023-01-26 20:30:00+00:00
7278,Case_178,B2,2023-01-26 20:32:00+00:00
7279,Case_327,A,2023-01-26 21:00:00+00:00
7280,Case_883,A,2023-01-26 21:05:00+00:00
7281,Case_178,A,2023-01-26 21:13:00+00:00
7282,Case_883,C,2023-01-26 21:19:00+00:00
7283,Case_99,A,2023-01-26 21:21:00+00:00
7284,Case_883,D,2023-01-26 21:22:00+00:00
7285,Case_883,B1,2023-01-26 21:23:00+00:00
7286,Case_178,E1,2023-01-26 21:34:00+00:00
7287,Case_509,A,2023-01-26 21:36:00+00:00
7288,Case_720,A,2023-01-26 21:37:00+00:00
7289,Case_929,A,2023-01-26 21:43:00+00:00
7290,Case_99,F,2023-01-26 21:46:00+00:00
7291,Case_883,B2,2023-01-26 21:47:00+00:00
7292,Case_509,C,2023-01-26 21:50:00+00:00
7293,Case_509,B1,2023-01-26 21:52:00+00:00
7294,Case_929,C,2023-01-26 21:53:00+00:00
7295,Case_509,D,2023-01-26 21:55:00+00:00
7296,Case_929,B1,2023-01-26 21:55:00+00:00
7297,Case_178,E2,2023-01-26 21:55:00+00:00
7298,Case_929,D,2023-01-26 21:58:00+00:00
7299,Case_317,A,2023-01-26 22:14:00+00:00
7300,Case_883,A,2023-01-26 22:25:00+00:00
7301,Case_758,A,2023-01-26 22:25:00+00:00
7302,Case_178,A,2023-01-26 22:26:00+00:00
7303,Case_99,A,2023-01-26 22:31:00+00:00
7304,Case_509,B2,2023-01-26 22:36:00+00:00
7305,Case_929,B2,2023-01-26 22:37:00+00:00
7306,Case_317,C,2023-01-26 22:42:00+00:00
7307,Case_317,D,2023-01-26 22:45:00+00:00
7308,Case_317,B1,2023-01-26 22:47:00+00:00
7309,Case_758,C,2023-01-26 22:49:00+00:00
7310,Case_883,F,2023-01-26 22:50:00+00:00
7311,Case_758,D,2023-01-26 22:53:00+00:00
7312,Case_758,B1,2023-01-26 22:54:00+00:00
7313,Case_929,A,2023-01-26 22:59:00+00:00
7314,Case_758,B2,2023-01-26 23:13:00+00:00
7315,Case_509,A,2023-01-26 23:15:00+00:00
7316,Case_317,B2,2023-01-26 23:17:00+00:00
7317,Case_929,F,2023-01-26 23:22:00+00:00
7318,Case_509,F,2023-01-26 23:34:00+00:00
7319,Case_883,A,2023-01-26 23:34:00+00:00
7320,Case_230,A,2023-01-26 23:43:00+00:00
7321,Case_230,C,2023-01-27 00:06:00+00:00
7322,Case_758,A,2023-01-27 00:07:00+00:00
7323,Case_230,D,2023-01-27 00:08:00+00:00
7324,Case_230,B1,2023-01-27 00:10:00+00:00
7325,Case_317,A,2023-01-27 00:15:00+00:00
7326,Case_929,A,2023-01-27 00:16:00+00:00
7327,Case_758,E1,2023-01-27 00:19:00+00:00
7328,Case_317,E1,2023-01-27 00:29:00+00:00
7329,Case_509,A,2023-01-27 00:40:00+00:00
7330,Case_230,B2,2023-01-27 00:42:00+00:00
7331,Case_758,E2,2023-01-27 01:00:00+00:00
7332,Case_230,A,2023-01-27 01:04:00+00:00
7333,Case_317,E2,2023-01-27 01:05:00+00:00
7334,Case_230,E1,2023-01-27 01:28:00+00:00
7335,Case_758,A,2023-01-27 01:34:00+00:00
7336,Case_317,A,2023-01-27 01:40:00+00:00
7337,Case_230,E2,2023-01-27 02:08:00+00:00
7338,Case_230,A,2023-01-27 02:25:00+00:00
7339,Case_844,A,2023-01-27 03:01:00+00:00
7340,Case_844,C,2023-01-27 03:16:00+00:00
7341,Case_844,D,2023-01-27 03:17:00+00:00
7342,Case_844,B1,2023-01-27 03:23:00+00:00
7343,Case_844,B2,2023-01-27 04:03:00+00:00
7344,Case_951,A,2023-01-27 04:16:00+00:00
7345,Case_951,C,2023-01-27 04:28:00+00:00
7346,Case_951,D,2023-01-27 04:33:00+00:00
7347,Case_951,B1,2023-01-27 04:34:00+00:00
7348,Case_844,A,2023-01-27 04:42:00+00:00
7349,Case_551,A,2023-01-27 04:47:00+00:00
7350,Case_623,A,2023-01-27 04:48:00+00:00
7351,Case_708,A,2023-01-27 04:55:00+00:00
7352,Case_623,C,2023-01-27 05:04:00+00:00
7353,Case_708,C,2023-01-27 05:06:00+00:00
7354,Case_623,B1,2023-01-27 05:06:00+00:00
7355,Case_708,D,2023-01-27 05:07:00+00:00
7356,Case_844,E1,2023-01-27 05:09:00+00:00
7357,Case_623,D,2023-01-27 05:09:00+00:00
7358,Case_708,B1,2023-01-27 05:11:00+00:00
7359,Case_551,C,2023-01-27 05:13:00+00:00
7360,Case_951,B2,2023-01-27 05:13:00+00:00
7361,Case_551,D,2023-01-27 05:14:00+00:00
7362,Case_551,B1,2023-01-27 05:20:00+00:00
7363,Case_231,A,2023-01-27 05:22:00+00:00
7364,Case_955,A,2023-01-27 05:24:00+00:00
7365,Case_708,B2,2023-01-27 05:31:00+00:00
7366,Case_951,A,2023-01-27 05:36:00+00:00
7367,Case_955,C,2023-01-27 05:38:00+00:00
7368,Case_231,C,2023-01-27 05:40:00+00:00
7369,Case_231,D,2023-01-27 05:41:00+00:00
7370,Case_955,B1,2023-01-27 05:41:00+00:00
7371,Case_955,D,2023-01-27 05:42:00+00:00
7372,Case_623,B2,2023-01-27 05:46:00+00:00
7373,Case_231,B1,2023-01-27 05:46:00+00:00
7374,Case_479,A,2023-01-27 05:47:00+00:00
7375,Case_844,E2,2023-01-27 05:49:00+00:00
7376,Case_955,B2,2023-01-27 05:57:00+00:00
7377,Case_479,C,2023-01-27 05:58:00+00:00
7378,Case_479,D,2023-01-27 06:02:00+00:00
7379,Case_479,B1,2023-01-27 06:02:00+00:00
7380,Case_951,E1,2023-01-27 06:04:00+00:00
7381,Case_551,B2,2023-01-27 06:04:00+00:00
7382,Case_231,B2,2023-01-27 06:06:00+00:00
7383,Case_859,A,2023-01-27 06:15:00+00:00
7384,Case_708,A,2023-01-27 06:17:00+00:00
7385,Case_844,A,2023-01-27 06:21:00+00:00
7386,Case_479,B2,2023-01-27 06:21:00+00:00
7387,Case_859,C,2023-01-27 06:26:00+00:00
7388,Case_708,E1,2023-01-27 06:27:00+00:00
7389,Case_859,D,2023-01-27 06:28:00+00:00
7390,Case_859,B1,2023-01-27 06:32:00+00:00
7391,Case_57,A,2023-01-27 06:37:00+00:00
7392,Case_623,A,2023-01-27 06:40:00+00:00
7393,Case_231,A,2023-01-27 06:44:00+00:00
7394,Case_951,E2,2023-01-27 06:48:00+00:00
7395,Case_57,C,2023-01-27 06:50:00+00:00
7396,Case_57,D,2023-01-27 06:51:00+00:00
7397,Case_57,B1,2023-01-27 06:55:00+00:00
7398,Case_955,A,2023-01-27 06:56:00+00:00
7399,Case_708,E2,2023-01-27 06:57:00+00:00
7400,Case_231,F,2023-01-27 06:58:00+00:00
7401,Case_551,A,2023-01-27 06:58:00+00:00
7402,Case_859,B2,2023-01-27 07:05:00+00:00
7403,Case_479,A,2023-01-27 07:07:00+00:00
7404,Case_623,F,2023-01-27 07:09:00+00:00
7405,Case_551,E1,2023-01-27 07:13:00+00:00
7406,Case_955,F,2023-01-27 07:16:00+00:00
7407,Case_951,A,2023-01-27 07:18:00+00:00
7408,Case_708,A,2023-01-27 07:24:00+00:00
7409,Case_479,F,2023-01-27 07:27:00+00:00
7410,Case_57,B2,2023-01-27 07:27:00+00:00
7411,Case_231,A,2023-01-27 07:38:00+00:00
7412,Case_859,A,2023-01-27 07:41:00+00:00
7413,Case_551,E2,2023-01-27 07:41:00+00:00
7414,Case_705,A,2023-01-27 08:04:00+00:00
7415,Case_859,E1,2023-01-27 08:06:00+00:00
7416,Case_479,A,2023-01-27 08:09:00+00:00
7417,Case_57,A,2023-01-27 08:13:00+00:00
7418,Case_319,A,2023-01-27 08:20:00+00:00
7419,Case_551,A,2023-01-27 08:21:00+00:00
7420,Case_623,A,2023-01-27 08:21:00+00:00
7421,Case_57,F,2023-01-27 08:25:00+00:00
7422,Case_705,C,2023-01-27 08:34:00+00:00
7423,Case_705,D,2023-01-27 08:35:00+00:00
7424,Case_955,A,2023-01-27 08:36:00+00:00
7425,Case_296,A,2023-01-27 08:37:00+00:00
7426,Case_705,B1,2023-01-27 08:40:00+00:00
7427,Case_859,E2,2023-01-27 08:42:00+00:00
7428,Case_319,C,2023-01-27 08:50:00+00:00
7429,Case_296,C,2023-01-27 08:51:00+00:00
7430,Case_319,D,2023-01-27 08:52:00+00:00
7431,Case_296,B1,2023-01-27 08:54:00+00:00
7432,Case_319,B1,2023-01-27 08:56:00+00:00
7433,Case_296,D,2023-01-27 08:56:00+00:00
7434,Case_859,A,2023-01-27 09:09:00+00:00
7435,Case_319,B2,2023-01-27 09:24:00+00:00
7436,Case_705,B2,2023-01-27 09:25:00+00:00
7437,Case_296,B2,2023-01-27 09:26:00+00:00
7438,Case_57,A,2023-01-27 09:26:00+00:00
7439,Case_518,A,2023-01-27 09:29:00+00:00
7440,Case_518,C,2023-01-27 09:53:00+00:00
7441,Case_518,D,2023-01-27 09:58:00+00:00
7442,Case_518,B1,2023-01-27 10:00:00+00:00
7443,Case_466,A,2023-01-27 10:09:00+00:00
7444,Case_319,A,2023-01-27 10:12:00+00:00
7445,Case_296,A,2023-01-27 10:13:00+00:00
7446,Case_518,B2,2023-01-27 10:20:00+00:00
7447,Case_705,A,2023-01-27 10:22:00+00:00
7448,Case_319,E1,2023-01-27 10:24:00+00:00
7449,Case_705,F,2023-01-27 10:35:00+00:00
7450,Case_466,C,2023-01-27 10:38:00+00:00
7451,Case_296,F,2023-01-27 10:40:00+00:00
7452,Case_466,D,2023-01-27 10:42:00+00:00
7453,Case_466,B1,2023-01-27 10:45:00+00:00
7454,Case_319,E2,2023-01-27 11:00:00+00:00
7455,Case_466,B2,2023-01-27 11:06:00+00:00
7456,Case_795,A,2023-01-27 11:12:00+00:00
7457,Case_296,A,2023-01-27 11:15:00+00:00
7458,Case_518,A,2023-01-27 11:16:00+00:00
7459,Case_319,A,2023-01-27 11:21:00+00:00
7460,Case_518,E1,2023-01-27 11:27:00+00:00
7461,Case_795,C,2023-01-27 11:39:00+00:00
7462,Case_795,D,2023-01-27 11:40:00+00:00
7463,Case_795,B1,2023-01-27 11:41:00+00:00
7464,Case_705,A,2023-01-27 11:45:00+00:00
7465,Case_518,E2,2023-01-27 12:02:00+00:00
7466,Case_466,A,2023-01-27 12:03:00+00:00
7467,Case_795,B2,2023-01-27 12:08:00+00:00
7468,Case_409,A,2023-01-27 12:15:00+00:00
7469,Case_518,A,2023-01-27 12:25:00+00:00
7470,Case_466,F,2023-01-27 12:29:00+00:00
7471,Case_409,C,2023-01-27 12:31:00+00:00
7472,Case_409,D,2023-01-27 12:36:00+00:00
7473,Case_409,B1,2023-01-27 12:38:00+00:00
7474,Case_795,A,2023-01-27 12:45:00+00:00
7475,Case_795,E1,2023-01-27 12:59:00+00:00
7476,Case_466,A,2023-01-27 13:14:00+00:00
7477,Case_116,A,2023-01-27 13:22:00+00:00
7478,Case_409,B2,2023-01-27 13:23:00+00:00
7479,Case_795,E2,2023-01-27 13:27:00+00:00
7480,Case_326,A,2023-01-27 13:31:00+00:00
7481,Case_326,C,2023-01-27 13:45:00+00:00
7482,Case_326,D,2023-01-27 13:46:00+00:00
7483,Case_116,C,2023-01-27 13:46:00+00:00
7484,Case_116,D,2023-01-27 13:48:00+00:00
7485,Case_326,B1,2023-01-27 13:50:00+00:00
7486,Case_116,B1,2023-01-27 13:50:00+00:00
7487,Case_795,A,2023-01-27 13:55:00+00:00
7488,Case_621,A,2023-01-27 13:58:00+00:00
7489,Case_409,A,2023-01-27 14:04:00+00:00
7490,Case_302,A,2023-01-27 14:04:00+00:00
7491,Case_326,B2,2023-01-27 14:05:00+00:00
7492,Case_116,B2,2023-01-27 14:15:00+00:00
7493,Case_621,C,2023-01-27 14:23:00+00:00
7494,Case_621,B1,2023-01-27 14:25:00+00:00
7495,Case_621,D,2023-01-27 14:27:00+00:00
7496,Case_302,C,2023-01-27 14:28:00+00:00
7497,Case_302,D,2023-01-27 14:29:00+00:00
7498,Case_114,A,2023-01-27 14:31:00+00:00
7499,Case_302,B1,2023-01-27 14:33:00+00:00
7500,Case_409,F,2023-01-27 14:34:00+00:00
7501,Case_114,C,2023-01-27 14:41:00+00:00
7502,Case_114,B1,2023-01-27 14:44:00+00:00
7503,Case_114,D,2023-01-27 14:45:00+00:00
7504,Case_116,A,2023-01-27 14:55:00+00:00
7505,Case_326,A,2023-01-27 14:56:00+00:00
7506,Case_621,B2,2023-01-27 15:05:00+00:00
7507,Case_326,F,2023-01-27 15:11:00+00:00
7508,Case_114,B2,2023-01-27 15:13:00+00:00
7509,Case_302,B2,2023-01-27 15:14:00+00:00
7510,Case_116,E1,2023-01-27 15:19:00+00:00
7511,Case_964,A,2023-01-27 15:20:00+00:00
7512,Case_114,A,2023-01-27 15:33:00+00:00
7513,Case_621,A,2023-01-27 15:41:00+00:00
7514,Case_964,C,2023-01-27 15:41:00+00:00
7515,Case_964,D,2023-01-27 15:42:00+00:00
7516,Case_964,B1,2023-01-27 15:48:00+00:00
7517,Case_116,E2,2023-01-27 15:49:00+00:00
7518,Case_114,E1,2023-01-27 15:50:00+00:00
7519,Case_409,A,2023-01-27 15:54:00+00:00
7520,Case_116,A,2023-01-27 16:04:00+00:00
7521,Case_621,F,2023-01-27 16:08:00+00:00
7522,Case_302,A,2023-01-27 16:12:00+00:00
7523,Case_964,B2,2023-01-27 16:12:00+00:00
7524,Case_326,A,2023-01-27 16:30:00+00:00
7525,Case_302,F,2023-01-27 16:33:00+00:00
7526,Case_114,E2,2023-01-27 16:34:00+00:00
7527,Case_964,A,2023-01-27 16:46:00+00:00
7528,Case_114,A,2023-01-27 16:57:00+00:00
7529,Case_964,E1,2023-01-27 17:03:00+00:00
7530,Case_952,A,2023-01-27 17:17:00+00:00
7531,Case_621,A,2023-01-27 17:25:00+00:00
7532,Case_952,C,2023-01-27 17:28:00+00:00
7533,Case_952,D,2023-01-27 17:32:00+00:00
7534,Case_952,B1,2023-01-27 17:35:00+00:00
7535,Case_302,A,2023-01-27 17:52:00+00:00
7536,Case_964,E2,2023-01-27 17:53:00+00:00
7537,Case_952,B2,2023-01-27 18:09:00+00:00
7538,Case_964,A,2023-01-27 18:19:00+00:00
7539,Case_209,A,2023-01-27 18:35:00+00:00
7540,Case_952,A,2023-01-27 18:42:00+00:00
7541,Case_212,A,2023-01-27 18:44:00+00:00
7542,Case_880,A,2023-01-27 18:49:00+00:00
7543,Case_952,F,2023-01-27 18:52:00+00:00
7544,Case_209,C,2023-01-27 18:57:00+00:00
7545,Case_209,D,2023-01-27 19:00:00+00:00
7546,Case_209,B1,2023-01-27 19:03:00+00:00
7547,Case_880,C,2023-01-27 19:06:00+00:00
7548,Case_880,B1,2023-01-27 19:10:00+00:00
7549,Case_880,D,2023-01-27 19:11:00+00:00
7550,Case_212,C,2023-01-27 19:13:00+00:00
7551,Case_212,D,2023-01-27 19:15:00+00:00
7552,Case_212,B1,2023-01-27 19:19:00+00:00
7553,Case_880,B2,2023-01-27 19:31:00+00:00
7554,Case_209,B2,2023-01-27 19:33:00+00:00
7555,Case_212,B2,2023-01-27 19:38:00+00:00
7556,Case_28,A,2023-01-27 19:38:00+00:00
7557,Case_820,A,2023-01-27 19:59:00+00:00
7558,Case_28,C,2023-01-27 20:02:00+00:00
7559,Case_209,A,2023-01-27 20:03:00+00:00
7560,Case_28,D,2023-01-27 20:06:00+00:00
7561,Case_952,A,2023-01-27 20:07:00+00:00
7562,Case_28,B1,2023-01-27 20:09:00+00:00
7563,Case_914,A,2023-01-27 20:12:00+00:00
7564,Case_820,C,2023-01-27 20:17:00+00:00
7565,Case_212,A,2023-01-27 20:19:00+00:00
7566,Case_820,B1,2023-01-27 20:22:00+00:00
7567,Case_820,D,2023-01-27 20:22:00+00:00
7568,Case_209,F,2023-01-27 20:30:00+00:00
7569,Case_914,C,2023-01-27 20:30:00+00:00
7570,Case_880,A,2023-01-27 20:32:00+00:00
7571,Case_212,F,2023-01-27 20:33:00+00:00
7572,Case_914,D,2023-01-27 20:34:00+00:00
7573,Case_914,B1,2023-01-27 20:35:00+00:00
7574,Case_820,B2,2023-01-27 20:48:00+00:00
7575,Case_28,B2,2023-01-27 20:54:00+00:00
7576,Case_11,A,2023-01-27 20:58:00+00:00
7577,Case_880,E1,2023-01-27 20:59:00+00:00
7578,Case_914,B2,2023-01-27 21:00:00+00:00
7579,Case_28,A,2023-01-27 21:17:00+00:00
7580,Case_11,C,2023-01-27 21:26:00+00:00
7581,Case_11,D,2023-01-27 21:27:00+00:00
7582,Case_11,B1,2023-01-27 21:29:00+00:00
7583,Case_28,F,2023-01-27 21:37:00+00:00
7584,Case_880,E2,2023-01-27 21:40:00+00:00
7585,Case_820,A,2023-01-27 21:41:00+00:00
7586,Case_209,A,2023-01-27 21:41:00+00:00
7587,Case_212,A,2023-01-27 21:44:00+00:00
7588,Case_820,E1,2023-01-27 21:52:00+00:00
7589,Case_914,A,2023-01-27 21:58:00+00:00
7590,Case_11,B2,2023-01-27 22:06:00+00:00
7591,Case_880,A,2023-01-27 22:12:00+00:00
7592,Case_820,E2,2023-01-27 22:19:00+00:00
7593,Case_914,F,2023-01-27 22:20:00+00:00
7594,Case_651,A,2023-01-27 22:30:00+00:00
7595,Case_820,A,2023-01-27 22:35:00+00:00
7596,Case_28,A,2023-01-27 22:38:00+00:00
7597,Case_713,A,2023-01-27 22:43:00+00:00
7598,Case_651,C,2023-01-27 22:50:00+00:00
7599,Case_651,D,2023-01-27 22:51:00+00:00
7600,Case_11,A,2023-01-27 22:53:00+00:00
7601,Case_651,B1,2023-01-27 22:57:00+00:00
7602,Case_914,A,2023-01-27 23:00:00+00:00
7603,Case_11,E1,2023-01-27 23:05:00+00:00
7604,Case_749,A,2023-01-27 23:08:00+00:00
7605,Case_713,C,2023-01-27 23:11:00+00:00
7606,Case_713,B1,2023-01-27 23:14:00+00:00
7607,Case_713,D,2023-01-27 23:14:00+00:00
7608,Case_651,B2,2023-01-27 23:15:00+00:00
7609,Case_749,C,2023-01-27 23:28:00+00:00
7610,Case_749,D,2023-01-27 23:30:00+00:00
7611,Case_11,E2,2023-01-27 23:31:00+00:00
7612,Case_713,B2,2023-01-27 23:32:00+00:00
7613,Case_749,B1,2023-01-27 23:34:00+00:00
7614,Case_11,A,2023-01-27 23:51:00+00:00
7615,Case_651,A,2023-01-27 23:56:00+00:00
7616,Case_749,B2,2023-01-28 00:08:00+00:00
7617,Case_651,F,2023-01-28 00:21:00+00:00
7618,Case_713,A,2023-01-28 00:32:00+00:00
7619,Case_902,A,2023-01-28 00:36:00+00:00
7620,Case_902,C,2023-01-28 00:48:00+00:00
7621,Case_713,E1,2023-01-28 00:49:00+00:00
7622,Case_902,D,2023-01-28 00:49:00+00:00
7623,Case_902,B1,2023-01-28 00:52:00+00:00
7624,Case_749,A,2023-01-28 00:56:00+00:00
7625,Case_651,A,2023-01-28 00:57:00+00:00
7626,Case_749,E1,2023-01-28 01:09:00+00:00
7627,Case_320,A,2023-01-28 01:22:00+00:00
7628,Case_320,C,2023-01-28 01:33:00+00:00
7629,Case_902,B2,2023-01-28 01:35:00+00:00
7630,Case_713,E2,2023-01-28 01:35:00+00:00
7631,Case_320,B1,2023-01-28 01:38:00+00:00
7632,Case_320,D,2023-01-28 01:38:00+00:00
7633,Case_749,E2,2023-01-28 01:47:00+00:00
7634,Case_713,A,2023-01-28 01:51:00+00:00
7635,Case_320,B2,2023-01-28 01:55:00+00:00
7636,Case_312,A,2023-01-28 01:56:00+00:00
7637,Case_928,A,2023-01-28 01:56:00+00:00
7638,Case_902,A,2023-01-28 01:59:00+00:00
7639,Case_749,A,2023-01-28 02:05:00+00:00
7640,Case_902,F,2023-01-28 02:13:00+00:00
7641,Case_312,C,2023-01-28 02:18:00+00:00
7642,Case_928,C,2023-01-28 02:20:00+00:00
7643,Case_575,A,2023-01-28 02:23:00+00:00
7644,Case_312,D,2023-01-28 02:23:00+00:00
7645,Case_312,B1,2023-01-28 02:23:00+00:00
7646,Case_928,D,2023-01-28 02:24:00+00:00
7647,Case_928,B1,2023-01-28 02:26:00+00:00
7648,Case_320,A,2023-01-28 02:43:00+00:00
7649,Case_928,B2,2023-01-28 02:44:00+00:00
7650,Case_312,B2,2023-01-28 02:45:00+00:00
7651,Case_575,C,2023-01-28 02:47:00+00:00
7652,Case_575,B1,2023-01-28 02:50:00+00:00
7653,Case_575,D,2023-01-28 02:50:00+00:00
7654,Case_134,A,2023-01-28 02:52:00+00:00
7655,Case_320,E1,2023-01-28 02:54:00+00:00
7656,Case_872,A,2023-01-28 03:07:00+00:00
7657,Case_134,C,2023-01-28 03:08:00+00:00
7658,Case_575,B2,2023-01-28 03:08:00+00:00
7659,Case_772,A,2023-01-28 03:09:00+00:00
7660,Case_134,D,2023-01-28 03:13:00+00:00
7661,Case_134,B1,2023-01-28 03:15:00+00:00
7662,Case_902,A,2023-01-28 03:16:00+00:00
7663,Case_320,E2,2023-01-28 03:23:00+00:00
7664,Case_130,A,2023-01-28 03:26:00+00:00
7665,Case_772,C,2023-01-28 03:30:00+00:00
7666,Case_872,C,2023-01-28 03:31:00+00:00
7667,Case_772,B1,2023-01-28 03:33:00+00:00
7668,Case_872,D,2023-01-28 03:33:00+00:00
7669,Case_872,B1,2023-01-28 03:33:00+00:00
7670,Case_772,D,2023-01-28 03:35:00+00:00
7671,Case_130,C,2023-01-28 03:36:00+00:00
7672,Case_470,A,2023-01-28 03:36:00+00:00
7673,Case_928,A,2023-01-28 03:40:00+00:00
7674,Case_130,D,2023-01-28 03:41:00+00:00
7675,Case_312,A,2023-01-28 03:43:00+00:00
7676,Case_130,B1,2023-01-28 03:43:00+00:00
7677,Case_134,B2,2023-01-28 03:46:00+00:00
7678,Case_470,C,2023-01-28 03:47:00+00:00
7679,Case_872,B2,2023-01-28 03:49:00+00:00
7680,Case_320,A,2023-01-28 03:50:00+00:00
7681,Case_470,B1,2023-01-28 03:50:00+00:00
7682,Case_470,D,2023-01-28 03:50:00+00:00
7683,Case_822,A,2023-01-28 03:51:00+00:00
7684,Case_772,B2,2023-01-28 03:52:00+00:00
7685,Case_575,A,2023-01-28 03:52:00+00:00
7686,Case_130,B2,2023-01-28 04:02:00+00:00
7687,Case_575,E1,2023-01-28 04:02:00+00:00
7688,Case_928,E1,2023-01-28 04:10:00+00:00
7689,Case_312,F,2023-01-28 04:12:00+00:00
7690,Case_822,C,2023-01-28 04:16:00+00:00
7691,Case_872,A,2023-01-28 04:17:00+00:00
7692,Case_822,D,2023-01-28 04:20:00+00:00
7693,Case_822,B1,2023-01-28 04:23:00+00:00
7694,Case_575,E2,2023-01-28 04:24:00+00:00
7695,Case_470,B2,2023-01-28 04:25:00+00:00
7696,Case_134,A,2023-01-28 04:35:00+00:00
7697,Case_872,E1,2023-01-28 04:36:00+00:00
7698,Case_772,A,2023-01-28 04:42:00+00:00
7699,Case_822,B2,2023-01-28 04:48:00+00:00
7700,Case_130,A,2023-01-28 04:48:00+00:00
7701,Case_928,E2,2023-01-28 04:55:00+00:00
7702,Case_134,F,2023-01-28 04:56:00+00:00
7703,Case_575,A,2023-01-28 04:57:00+00:00
7704,Case_470,A,2023-01-28 04:57:00+00:00
7705,Case_772,E1,2023-01-28 05:01:00+00:00
7706,Case_130,E1,2023-01-28 05:05:00+00:00
7707,Case_470,F,2023-01-28 05:09:00+00:00
7708,Case_928,A,2023-01-28 05:10:00+00:00
7709,Case_312,A,2023-01-28 05:11:00+00:00
7710,Case_942,A,2023-01-28 05:12:00+00:00
7711,Case_872,E2,2023-01-28 05:12:00+00:00
7712,Case_772,E2,2023-01-28 05:30:00+00:00
7713,Case_942,C,2023-01-28 05:35:00+00:00
7714,Case_942,D,2023-01-28 05:37:00+00:00
7715,Case_942,B1,2023-01-28 05:40:00+00:00
7716,Case_822,A,2023-01-28 05:45:00+00:00
7717,Case_872,A,2023-01-28 05:47:00+00:00
7718,Case_130,E2,2023-01-28 05:51:00+00:00
7719,Case_772,A,2023-01-28 05:56:00+00:00
7720,Case_134,A,2023-01-28 06:10:00+00:00
7721,Case_168,A,2023-01-28 06:12:00+00:00
7722,Case_822,E1,2023-01-28 06:13:00+00:00
7723,Case_130,A,2023-01-28 06:23:00+00:00
7724,Case_942,B2,2023-01-28 06:23:00+00:00
7725,Case_470,A,2023-01-28 06:26:00+00:00
7726,Case_168,C,2023-01-28 06:42:00+00:00
7727,Case_168,D,2023-01-28 06:44:00+00:00
7728,Case_942,A,2023-01-28 06:45:00+00:00
7729,Case_168,B1,2023-01-28 06:48:00+00:00
7730,Case_822,E2,2023-01-28 06:52:00+00:00
7731,Case_168,B2,2023-01-28 07:09:00+00:00
7732,Case_942,F,2023-01-28 07:10:00+00:00
7733,Case_822,A,2023-01-28 07:16:00+00:00
7734,Case_168,A,2023-01-28 07:44:00+00:00
7735,Case_942,A,2023-01-28 07:45:00+00:00
7736,Case_718,A,2023-01-28 07:48:00+00:00
7737,Case_168,E1,2023-01-28 08:09:00+00:00
7738,Case_718,C,2023-01-28 08:10:00+00:00
7739,Case_718,B1,2023-01-28 08:12:00+00:00
7740,Case_718,D,2023-01-28 08:14:00+00:00
7741,Case_718,B2,2023-01-28 08:38:00+00:00
7742,Case_718,A,2023-01-28 08:58:00+00:00
7743,Case_168,E2,2023-01-28 08:59:00+00:00
7744,Case_718,F,2023-01-28 09:10:00+00:00
7745,Case_168,A,2023-01-28 09:24:00+00:00
7746,Case_19,A,2023-01-28 09:33:00+00:00
7747,Case_19,C,2023-01-28 09:46:00+00:00
7748,Case_19,B1,2023-01-28 09:49:00+00:00
7749,Case_19,D,2023-01-28 09:49:00+00:00
7750,Case_718,A,2023-01-28 10:20:00+00:00
7751,Case_19,B2,2023-01-28 10:24:00+00:00
7752,Case_633,A,2023-01-28 10:54:00+00:00
7753,Case_633,C,2023-01-28 11:10:00+00:00
7754,Case_633,D,2023-01-28 11:13:00+00:00
7755,Case_633,B1,2023-01-28 11:13:00+00:00
7756,Case_19,A,2023-01-28 11:21:00+00:00
7757,Case_946,A,2023-01-28 11:24:00+00:00
7758,Case_44,A,2023-01-28 11:25:00+00:00
7759,Case_44,C,2023-01-28 11:39:00+00:00
7760,Case_44,D,2023-01-28 11:40:00+00:00
7761,Case_946,C,2023-01-28 11:41:00+00:00
7762,Case_19,F,2023-01-28 11:42:00+00:00
7763,Case_44,B1,2023-01-28 11:42:00+00:00
7764,Case_946,D,2023-01-28 11:43:00+00:00
7765,Case_946,B1,2023-01-28 11:44:00+00:00
7766,Case_633,B2,2023-01-28 11:56:00+00:00
7767,Case_44,B2,2023-01-28 12:06:00+00:00
7768,Case_19,A,2023-01-28 12:18:00+00:00
7769,Case_946,B2,2023-01-28 12:25:00+00:00
7770,Case_633,A,2023-01-28 12:32:00+00:00
7771,Case_377,A,2023-01-28 12:38:00+00:00
7772,Case_633,F,2023-01-28 12:47:00+00:00
7773,Case_377,C,2023-01-28 12:53:00+00:00
7774,Case_44,A,2023-01-28 12:55:00+00:00
7775,Case_377,D,2023-01-28 12:58:00+00:00
7776,Case_377,B1,2023-01-28 12:58:00+00:00
7777,Case_946,A,2023-01-28 13:01:00+00:00
7778,Case_44,F,2023-01-28 13:12:00+00:00
7779,Case_946,F,2023-01-28 13:14:00+00:00
7780,Case_377,B2,2023-01-28 13:41:00+00:00
7781,Case_699,A,2023-01-28 13:47:00+00:00
7782,Case_633,A,2023-01-28 13:57:00+00:00
7783,Case_699,C,2023-01-28 14:03:00+00:00
7784,Case_699,D,2023-01-28 14:08:00+00:00
7785,Case_475,A,2023-01-28 14:08:00+00:00
7786,Case_44,A,2023-01-28 14:10:00+00:00
7787,Case_699,B1,2023-01-28 14:10:00+00:00
7788,Case_871,A,2023-01-28 14:15:00+00:00
7789,Case_377,A,2023-01-28 14:23:00+00:00
7790,Case_475,C,2023-01-28 14:25:00+00:00
7791,Case_475,D,2023-01-28 14:26:00+00:00
7792,Case_475,B1,2023-01-28 14:31:00+00:00
7793,Case_946,A,2023-01-28 14:32:00+00:00
7794,Case_191,A,2023-01-28 14:33:00+00:00
7795,Case_871,C,2023-01-28 14:35:00+00:00
7796,Case_699,B2,2023-01-28 14:36:00+00:00
7797,Case_871,D,2023-01-28 14:36:00+00:00
7798,Case_377,F,2023-01-28 14:36:00+00:00
7799,Case_519,A,2023-01-28 14:38:00+00:00
7800,Case_871,B1,2023-01-28 14:39:00+00:00
7801,Case_191,C,2023-01-28 14:49:00+00:00
7802,Case_191,D,2023-01-28 14:50:00+00:00
7803,Case_191,B1,2023-01-28 14:54:00+00:00
7804,Case_475,B2,2023-01-28 15:04:00+00:00
7805,Case_519,C,2023-01-28 15:08:00+00:00
7806,Case_519,D,2023-01-28 15:13:00+00:00
7807,Case_519,B1,2023-01-28 15:13:00+00:00
7808,Case_700,A,2023-01-28 15:16:00+00:00
7809,Case_699,A,2023-01-28 15:16:00+00:00
7810,Case_377,A,2023-01-28 15:19:00+00:00
7811,Case_871,B2,2023-01-28 15:21:00+00:00
7812,Case_191,B2,2023-01-28 15:34:00+00:00
7813,Case_700,C,2023-01-28 15:42:00+00:00
7814,Case_519,B2,2023-01-28 15:44:00+00:00
7815,Case_699,F,2023-01-28 15:45:00+00:00
7816,Case_700,D,2023-01-28 15:46:00+00:00
7817,Case_700,B1,2023-01-28 15:47:00+00:00
7818,Case_871,A,2023-01-28 15:49:00+00:00
7819,Case_475,A,2023-01-28 15:53:00+00:00
7820,Case_871,E1,2023-01-28 16:15:00+00:00
7821,Case_700,B2,2023-01-28 16:17:00+00:00
7822,Case_475,F,2023-01-28 16:20:00+00:00
7823,Case_191,A,2023-01-28 16:33:00+00:00
7824,Case_519,A,2023-01-28 16:33:00+00:00
7825,Case_191,F,2023-01-28 16:45:00+00:00
7826,Case_519,F,2023-01-28 16:48:00+00:00
7827,Case_700,A,2023-01-28 16:56:00+00:00
7828,Case_699,A,2023-01-28 17:00:00+00:00
7829,Case_871,E2,2023-01-28 17:03:00+00:00
7830,Case_475,A,2023-01-28 17:04:00+00:00
7831,Case_160,A,2023-01-28 17:09:00+00:00
7832,Case_78,A,2023-01-28 17:20:00+00:00
7833,Case_700,F,2023-01-28 17:24:00+00:00
7834,Case_871,A,2023-01-28 17:33:00+00:00
7835,Case_160,C,2023-01-28 17:39:00+00:00
7836,Case_160,D,2023-01-28 17:41:00+00:00
7837,Case_78,C,2023-01-28 17:42:00+00:00
7838,Case_160,B1,2023-01-28 17:42:00+00:00
7839,Case_78,D,2023-01-28 17:44:00+00:00
7840,Case_191,A,2023-01-28 17:44:00+00:00
7841,Case_78,B1,2023-01-28 17:46:00+00:00
7842,Case_519,A,2023-01-28 17:46:00+00:00
7843,Case_886,A,2023-01-28 17:52:00+00:00
7844,Case_160,B2,2023-01-28 18:11:00+00:00
7845,Case_78,B2,2023-01-28 18:18:00+00:00
7846,Case_886,C,2023-01-28 18:18:00+00:00
7847,Case_886,D,2023-01-28 18:20:00+00:00
7848,Case_886,B1,2023-01-28 18:20:00+00:00
7849,Case_700,A,2023-01-28 18:36:00+00:00
7850,Case_759,A,2023-01-28 18:38:00+00:00
7851,Case_160,A,2023-01-28 18:46:00+00:00
7852,Case_78,A,2023-01-28 18:48:00+00:00
7853,Case_886,B2,2023-01-28 18:49:00+00:00
7854,Case_78,E1,2023-01-28 19:02:00+00:00
7855,Case_759,C,2023-01-28 19:02:00+00:00
7856,Case_759,D,2023-01-28 19:06:00+00:00
7857,Case_759,B1,2023-01-28 19:07:00+00:00
7858,Case_160,F,2023-01-28 19:08:00+00:00
7859,Case_78,E2,2023-01-28 19:31:00+00:00
7860,Case_759,B2,2023-01-28 19:32:00+00:00
7861,Case_546,A,2023-01-28 19:40:00+00:00
7862,Case_886,A,2023-01-28 19:41:00+00:00
7863,Case_546,C,2023-01-28 19:57:00+00:00
7864,Case_546,D,2023-01-28 19:58:00+00:00
7865,Case_546,B1,2023-01-28 19:59:00+00:00
7866,Case_78,A,2023-01-28 20:00:00+00:00
7867,Case_362,A,2023-01-28 20:06:00+00:00
7868,Case_759,A,2023-01-28 20:09:00+00:00
7869,Case_160,A,2023-01-28 20:10:00+00:00
7870,Case_886,F,2023-01-28 20:10:00+00:00
7871,Case_546,B2,2023-01-28 20:23:00+00:00
7872,Case_362,C,2023-01-28 20:24:00+00:00
7873,Case_362,D,2023-01-28 20:26:00+00:00
7874,Case_362,B1,2023-01-28 20:26:00+00:00
7875,Case_759,F,2023-01-28 20:31:00+00:00
7876,Case_362,B2,2023-01-28 20:43:00+00:00
7877,Case_578,A,2023-01-28 21:10:00+00:00
7878,Case_886,A,2023-01-28 21:13:00+00:00
7879,Case_546,A,2023-01-28 21:15:00+00:00
7880,Case_578,C,2023-01-28 21:30:00+00:00
7881,Case_578,D,2023-01-28 21:33:00+00:00
7882,Case_759,A,2023-01-28 21:34:00+00:00
7883,Case_578,B1,2023-01-28 21:37:00+00:00
7884,Case_546,E1,2023-01-28 21:41:00+00:00
7885,Case_362,A,2023-01-28 21:53:00+00:00
7886,Case_546,E2,2023-01-28 22:03:00+00:00
7887,Case_362,E1,2023-01-28 22:04:00+00:00
7888,Case_578,B2,2023-01-28 22:19:00+00:00
7889,Case_362,E2,2023-01-28 22:34:00+00:00
7890,Case_546,A,2023-01-28 22:43:00+00:00
7891,Case_362,A,2023-01-28 22:55:00+00:00
7892,Case_578,A,2023-01-28 22:56:00+00:00
7893,Case_578,E1,2023-01-28 23:12:00+00:00
7894,Case_578,E2,2023-01-28 23:36:00+00:00
7895,Case_578,A,2023-01-29 00:15:00+00:00
7896,Case_508,A,2023-01-29 00:18:00+00:00
7897,Case_744,A,2023-01-29 00:44:00+00:00
7898,Case_508,C,2023-01-29 00:45:00+00:00
7899,Case_508,D,2023-01-29 00:48:00+00:00
7900,Case_508,B1,2023-01-29 00:49:00+00:00
7901,Case_508,B2,2023-01-29 01:13:00+00:00
7902,Case_744,C,2023-01-29 01:14:00+00:00
7903,Case_744,D,2023-01-29 01:18:00+00:00
7904,Case_744,B1,2023-01-29 01:20:00+00:00
7905,Case_744,B2,2023-01-29 01:59:00+00:00
7906,Case_508,A,2023-01-29 02:13:00+00:00
7907,Case_744,A,2023-01-29 02:28:00+00:00
7908,Case_508,E1,2023-01-29 02:35:00+00:00
7909,Case_744,F,2023-01-29 02:50:00+00:00
7910,Case_508,E2,2023-01-29 03:21:00+00:00
7911,Case_873,A,2023-01-29 03:28:00+00:00
7912,Case_55,A,2023-01-29 03:35:00+00:00
7913,Case_744,A,2023-01-29 03:38:00+00:00
7914,Case_873,C,2023-01-29 03:53:00+00:00
7915,Case_508,A,2023-01-29 03:54:00+00:00
7916,Case_55,C,2023-01-29 03:55:00+00:00
7917,Case_55,D,2023-01-29 03:57:00+00:00
7918,Case_873,D,2023-01-29 03:58:00+00:00
7919,Case_873,B1,2023-01-29 03:59:00+00:00
7920,Case_55,B1,2023-01-29 04:02:00+00:00
7921,Case_534,A,2023-01-29 04:23:00+00:00
7922,Case_55,B2,2023-01-29 04:30:00+00:00
7923,Case_322,A,2023-01-29 04:31:00+00:00
7924,Case_534,C,2023-01-29 04:33:00+00:00
7925,Case_534,D,2023-01-29 04:35:00+00:00
7926,Case_534,B1,2023-01-29 04:36:00+00:00
7927,Case_873,B2,2023-01-29 04:38:00+00:00
7928,Case_322,C,2023-01-29 04:51:00+00:00
7929,Case_322,D,2023-01-29 04:55:00+00:00
7930,Case_322,B1,2023-01-29 04:58:00+00:00
7931,Case_534,B2,2023-01-29 05:00:00+00:00
7932,Case_55,A,2023-01-29 05:19:00+00:00
7933,Case_873,A,2023-01-29 05:27:00+00:00
7934,Case_534,A,2023-01-29 05:36:00+00:00
7935,Case_322,B2,2023-01-29 05:37:00+00:00
7936,Case_55,F,2023-01-29 05:43:00+00:00
7937,Case_873,F,2023-01-29 05:51:00+00:00
7938,Case_425,A,2023-01-29 05:55:00+00:00
7939,Case_534,E1,2023-01-29 06:01:00+00:00
7940,Case_425,C,2023-01-29 06:05:00+00:00
7941,Case_425,D,2023-01-29 06:06:00+00:00
7942,Case_425,B1,2023-01-29 06:08:00+00:00
7943,Case_884,A,2023-01-29 06:19:00+00:00
7944,Case_322,A,2023-01-29 06:22:00+00:00
7945,Case_344,A,2023-01-29 06:28:00+00:00
7946,Case_873,A,2023-01-29 06:31:00+00:00
7947,Case_687,A,2023-01-29 06:39:00+00:00
7948,Case_344,C,2023-01-29 06:41:00+00:00
7949,Case_344,D,2023-01-29 06:46:00+00:00
7950,Case_884,C,2023-01-29 06:47:00+00:00
7951,Case_534,E2,2023-01-29 06:47:00+00:00
7952,Case_344,B1,2023-01-29 06:48:00+00:00
7953,Case_322,F,2023-01-29 06:49:00+00:00
7954,Case_884,B1,2023-01-29 06:50:00+00:00
7955,Case_884,D,2023-01-29 06:51:00+00:00
7956,Case_425,B2,2023-01-29 06:53:00+00:00
7957,Case_55,A,2023-01-29 06:53:00+00:00
7958,Case_687,C,2023-01-29 07:06:00+00:00
7959,Case_687,D,2023-01-29 07:07:00+00:00
7960,Case_687,B1,2023-01-29 07:12:00+00:00
7961,Case_534,A,2023-01-29 07:13:00+00:00
7962,Case_344,B2,2023-01-29 07:31:00+00:00
7963,Case_425,A,2023-01-29 07:34:00+00:00
7964,Case_884,B2,2023-01-29 07:35:00+00:00
7965,Case_647,A,2023-01-29 07:40:00+00:00
7966,Case_687,B2,2023-01-29 07:42:00+00:00
7967,Case_647,C,2023-01-29 07:59:00+00:00
7968,Case_322,A,2023-01-29 08:01:00+00:00
7969,Case_647,D,2023-01-29 08:01:00+00:00
7970,Case_425,E1,2023-01-29 08:02:00+00:00
7971,Case_647,B1,2023-01-29 08:06:00+00:00
7972,Case_344,A,2023-01-29 08:10:00+00:00
7973,Case_687,A,2023-01-29 08:16:00+00:00
7974,Case_884,A,2023-01-29 08:20:00+00:00
7975,Case_344,F,2023-01-29 08:22:00+00:00
7976,Case_687,F,2023-01-29 08:31:00+00:00
7977,Case_884,E1,2023-01-29 08:32:00+00:00
7978,Case_647,B2,2023-01-29 08:37:00+00:00
7979,Case_492,A,2023-01-29 08:39:00+00:00
7980,Case_425,E2,2023-01-29 08:41:00+00:00
7981,Case_492,C,2023-01-29 08:49:00+00:00
7982,Case_492,D,2023-01-29 08:52:00+00:00
7983,Case_492,B1,2023-01-29 08:54:00+00:00
7984,Case_884,E2,2023-01-29 08:58:00+00:00
7985,Case_647,A,2023-01-29 09:01:00+00:00
7986,Case_492,B2,2023-01-29 09:14:00+00:00
7987,Case_425,A,2023-01-29 09:15:00+00:00
7988,Case_647,F,2023-01-29 09:25:00+00:00
7989,Case_884,A,2023-01-29 09:28:00+00:00
7990,Case_687,A,2023-01-29 09:30:00+00:00
7991,Case_344,A,2023-01-29 09:40:00+00:00
7992,Case_492,A,2023-01-29 09:43:00+00:00
7993,Case_492,E1,2023-01-29 09:57:00+00:00
7994,Case_492,E2,2023-01-29 10:32:00+00:00
7995,Case_647,A,2023-01-29 10:33:00+00:00
7996,Case_913,A,2023-01-29 10:43:00+00:00
7997,Case_913,C,2023-01-29 10:55:00+00:00
7998,Case_913,D,2023-01-29 10:57:00+00:00
7999,Case_913,B1,2023-01-29 10:58:00+00:00
8000,Case_156,A,2023-01-29 10:59:00+00:00
8001,Case_492,A,2023-01-29 11:10:00+00:00
8002,Case_889,A,2023-01-29 11:13:00+00:00
8003,Case_156,C,2023-01-29 11:18:00+00:00
8004,Case_156,D,2023-01-29 11:20:00+00:00
8005,Case_913,B2,2023-01-29 11:22:00+00:00
8006,Case_156,B1,2023-01-29 11:25:00+00:00
8007,Case_889,C,2023-01-29 11:37:00+00:00
8008,Case_889,B1,2023-01-29 11:40:00+00:00
8009,Case_889,D,2023-01-29 11:41:00+00:00
8010,Case_156,B2,2023-01-29 12:01:00+00:00
8011,Case_913,A,2023-01-29 12:09:00+00:00
8012,Case_889,B2,2023-01-29 12:11:00+00:00
8013,Case_592,A,2023-01-29 12:34:00+00:00
8014,Case_913,F,2023-01-29 12:34:00+00:00
8015,Case_156,A,2023-01-29 12:50:00+00:00
8016,Case_889,A,2023-01-29 12:52:00+00:00
8017,Case_592,C,2023-01-29 13:02:00+00:00
8018,Case_592,D,2023-01-29 13:03:00+00:00
8019,Case_714,A,2023-01-29 13:06:00+00:00
8020,Case_156,F,2023-01-29 13:08:00+00:00
8021,Case_592,B1,2023-01-29 13:09:00+00:00
8022,Case_889,E1,2023-01-29 13:20:00+00:00
8023,Case_127,A,2023-01-29 13:20:00+00:00
8024,Case_714,C,2023-01-29 13:25:00+00:00
8025,Case_714,B1,2023-01-29 13:30:00+00:00
8026,Case_714,D,2023-01-29 13:30:00+00:00
8027,Case_127,C,2023-01-29 13:35:00+00:00
8028,Case_127,B1,2023-01-29 13:40:00+00:00
8029,Case_127,D,2023-01-29 13:40:00+00:00
8030,Case_913,A,2023-01-29 13:45:00+00:00
8031,Case_714,B2,2023-01-29 13:52:00+00:00
8032,Case_156,A,2023-01-29 13:52:00+00:00
8033,Case_592,B2,2023-01-29 13:52:00+00:00
8034,Case_889,E2,2023-01-29 13:54:00+00:00
8035,Case_127,B2,2023-01-29 14:17:00+00:00
8036,Case_889,A,2023-01-29 14:23:00+00:00
8037,Case_714,A,2023-01-29 14:23:00+00:00
8038,Case_54,A,2023-01-29 14:38:00+00:00
8039,Case_592,A,2023-01-29 14:41:00+00:00
8040,Case_127,A,2023-01-29 14:49:00+00:00
8041,Case_714,E1,2023-01-29 14:52:00+00:00
8042,Case_592,E1,2023-01-29 15:02:00+00:00
8043,Case_127,E1,2023-01-29 15:06:00+00:00
8044,Case_54,C,2023-01-29 15:08:00+00:00
8045,Case_54,B1,2023-01-29 15:10:00+00:00
8046,Case_54,D,2023-01-29 15:11:00+00:00
8047,Case_714,E2,2023-01-29 15:26:00+00:00
8048,Case_127,E2,2023-01-29 15:31:00+00:00
8049,Case_860,A,2023-01-29 15:31:00+00:00
8050,Case_860,C,2023-01-29 15:44:00+00:00
8051,Case_592,E2,2023-01-29 15:44:00+00:00
8052,Case_860,D,2023-01-29 15:45:00+00:00
8053,Case_860,B1,2023-01-29 15:46:00+00:00
8054,Case_54,B2,2023-01-29 15:47:00+00:00
8055,Case_550,A,2023-01-29 15:52:00+00:00
8056,Case_714,A,2023-01-29 15:53:00+00:00
8057,Case_127,A,2023-01-29 15:54:00+00:00
8058,Case_550,C,2023-01-29 16:08:00+00:00
8059,Case_550,D,2023-01-29 16:09:00+00:00
8060,Case_550,B1,2023-01-29 16:10:00+00:00
8061,Case_860,B2,2023-01-29 16:17:00+00:00
8062,Case_54,A,2023-01-29 16:20:00+00:00
8063,Case_592,A,2023-01-29 16:24:00+00:00
8064,Case_550,B2,2023-01-29 16:27:00+00:00
8065,Case_54,F,2023-01-29 16:45:00+00:00
8066,Case_860,A,2023-01-29 16:58:00+00:00
8067,Case_216,A,2023-01-29 17:19:00+00:00
8068,Case_860,F,2023-01-29 17:21:00+00:00
8069,Case_550,A,2023-01-29 17:27:00+00:00
8070,Case_216,C,2023-01-29 17:35:00+00:00
8071,Case_216,D,2023-01-29 17:36:00+00:00
8072,Case_216,B1,2023-01-29 17:39:00+00:00
8073,Case_550,F,2023-01-29 17:51:00+00:00
8074,Case_54,A,2023-01-29 17:55:00+00:00
8075,Case_216,B2,2023-01-29 17:57:00+00:00
8076,Case_860,A,2023-01-29 18:12:00+00:00
8077,Case_216,A,2023-01-29 18:30:00+00:00
8078,Case_216,E1,2023-01-29 18:50:00+00:00
8079,Case_550,A,2023-01-29 18:51:00+00:00
8080,Case_533,A,2023-01-29 19:20:00+00:00
8081,Case_216,E2,2023-01-29 19:24:00+00:00
8082,Case_533,C,2023-01-29 19:44:00+00:00
8083,Case_533,D,2023-01-29 19:45:00+00:00
8084,Case_533,B1,2023-01-29 19:51:00+00:00
8085,Case_216,A,2023-01-29 19:54:00+00:00
8086,Case_533,B2,2023-01-29 20:13:00+00:00
8087,Case_381,A,2023-01-29 20:45:00+00:00
8088,Case_388,A,2023-01-29 20:48:00+00:00
8089,Case_388,C,2023-01-29 21:00:00+00:00
8090,Case_381,C,2023-01-29 21:00:00+00:00
8091,Case_381,D,2023-01-29 21:01:00+00:00
8092,Case_388,D,2023-01-29 21:01:00+00:00
8093,Case_533,A,2023-01-29 21:01:00+00:00
8094,Case_381,B1,2023-01-29 21:02:00+00:00
8095,Case_388,B1,2023-01-29 21:04:00+00:00
8096,Case_533,F,2023-01-29 21:15:00+00:00
8097,Case_966,A,2023-01-29 21:21:00+00:00
8098,Case_381,B2,2023-01-29 21:22:00+00:00
8099,Case_388,B2,2023-01-29 21:23:00+00:00
8100,Case_966,C,2023-01-29 21:32:00+00:00
8101,Case_79,A,2023-01-29 21:33:00+00:00
8102,Case_966,D,2023-01-29 21:37:00+00:00
8103,Case_966,B1,2023-01-29 21:37:00+00:00
8104,Case_79,C,2023-01-29 21:46:00+00:00
8105,Case_79,B1,2023-01-29 21:48:00+00:00
8106,Case_79,D,2023-01-29 21:49:00+00:00
8107,Case_381,A,2023-01-29 22:04:00+00:00
8108,Case_533,A,2023-01-29 22:07:00+00:00
8109,Case_388,A,2023-01-29 22:12:00+00:00
8110,Case_736,A,2023-01-29 22:13:00+00:00
8111,Case_966,B2,2023-01-29 22:14:00+00:00
8112,Case_381,E1,2023-01-29 22:17:00+00:00
8113,Case_69,A,2023-01-29 22:20:00+00:00
8114,Case_79,B2,2023-01-29 22:22:00+00:00
8115,Case_736,C,2023-01-29 22:30:00+00:00
8116,Case_69,C,2023-01-29 22:32:00+00:00
8117,Case_736,B1,2023-01-29 22:32:00+00:00
8118,Case_736,D,2023-01-29 22:32:00+00:00
8119,Case_69,D,2023-01-29 22:33:00+00:00
8120,Case_388,F,2023-01-29 22:33:00+00:00
8121,Case_69,B1,2023-01-29 22:35:00+00:00
8122,Case_79,A,2023-01-29 22:42:00+00:00
8123,Case_736,B2,2023-01-29 22:47:00+00:00
8124,Case_381,E2,2023-01-29 22:49:00+00:00
8125,Case_79,E1,2023-01-29 22:53:00+00:00
8126,Case_966,A,2023-01-29 22:59:00+00:00
8127,Case_381,A,2023-01-29 23:09:00+00:00
8128,Case_69,B2,2023-01-29 23:13:00+00:00
8129,Case_966,E1,2023-01-29 23:29:00+00:00
8130,Case_736,A,2023-01-29 23:33:00+00:00
8131,Case_79,E2,2023-01-29 23:37:00+00:00
8132,Case_69,A,2023-01-29 23:43:00+00:00
8133,Case_736,E1,2023-01-29 23:43:00+00:00
8134,Case_388,A,2023-01-29 23:53:00+00:00
8135,Case_395,A,2023-01-29 23:53:00+00:00
8136,Case_69,F,2023-01-29 23:54:00+00:00
8137,Case_79,A,2023-01-29 23:58:00+00:00
8138,Case_966,E2,2023-01-30 00:09:00+00:00
8139,Case_395,C,2023-01-30 00:13:00+00:00
8140,Case_736,E2,2023-01-30 00:13:00+00:00
8141,Case_395,B1,2023-01-30 00:16:00+00:00
8142,Case_395,D,2023-01-30 00:18:00+00:00
8143,Case_588,A,2023-01-30 00:29:00+00:00
8144,Case_736,A,2023-01-30 00:34:00+00:00
8145,Case_69,A,2023-01-30 00:35:00+00:00
8146,Case_588,C,2023-01-30 00:42:00+00:00
8147,Case_840,A,2023-01-30 00:43:00+00:00
8148,Case_588,D,2023-01-30 00:44:00+00:00
8149,Case_966,A,2023-01-30 00:45:00+00:00
8150,Case_588,B1,2023-01-30 00:46:00+00:00
8151,Case_395,B2,2023-01-30 00:50:00+00:00
8152,Case_840,C,2023-01-30 00:53:00+00:00
8153,Case_840,D,2023-01-30 00:55:00+00:00
8154,Case_840,B1,2023-01-30 00:56:00+00:00
8155,Case_588,B2,2023-01-30 01:11:00+00:00
8156,Case_840,B2,2023-01-30 01:13:00+00:00
8157,Case_395,A,2023-01-30 01:23:00+00:00
8158,Case_588,A,2023-01-30 01:42:00+00:00
8159,Case_395,F,2023-01-30 01:50:00+00:00
8160,Case_840,A,2023-01-30 01:50:00+00:00
8161,Case_588,F,2023-01-30 01:52:00+00:00
8162,Case_158,A,2023-01-30 01:54:00+00:00
8163,Case_158,C,2023-01-30 02:10:00+00:00
8164,Case_158,D,2023-01-30 02:13:00+00:00
8165,Case_158,B1,2023-01-30 02:16:00+00:00
8166,Case_840,E1,2023-01-30 02:20:00+00:00
8167,Case_1,A,2023-01-30 02:25:00+00:00
8168,Case_1,C,2023-01-30 02:40:00+00:00
8169,Case_840,E2,2023-01-30 02:41:00+00:00
8170,Case_1,D,2023-01-30 02:41:00+00:00
8171,Case_1,B1,2023-01-30 02:44:00+00:00
8172,Case_158,B2,2023-01-30 02:46:00+00:00
8173,Case_588,A,2023-01-30 02:47:00+00:00
8174,Case_395,A,2023-01-30 02:52:00+00:00
8175,Case_840,A,2023-01-30 02:58:00+00:00
8176,Case_87,A,2023-01-30 03:03:00+00:00
8177,Case_1,B2,2023-01-30 03:19:00+00:00
8178,Case_87,C,2023-01-30 03:23:00+00:00
8179,Case_87,B1,2023-01-30 03:27:00+00:00
8180,Case_87,D,2023-01-30 03:27:00+00:00
8181,Case_158,A,2023-01-30 03:27:00+00:00
8182,Case_87,B2,2023-01-30 03:42:00+00:00
8183,Case_158,E1,2023-01-30 03:54:00+00:00
8184,Case_1,A,2023-01-30 04:03:00+00:00
8185,Case_143,A,2023-01-30 04:06:00+00:00
8186,Case_1,F,2023-01-30 04:17:00+00:00
8187,Case_143,C,2023-01-30 04:36:00+00:00
8188,Case_143,D,2023-01-30 04:38:00+00:00
8189,Case_457,A,2023-01-30 04:40:00+00:00
8190,Case_143,B1,2023-01-30 04:42:00+00:00
8191,Case_158,E2,2023-01-30 04:43:00+00:00
8192,Case_87,A,2023-01-30 04:47:00+00:00
8193,Case_457,C,2023-01-30 04:59:00+00:00
8194,Case_457,B1,2023-01-30 05:02:00+00:00
8195,Case_457,D,2023-01-30 05:03:00+00:00
8196,Case_87,F,2023-01-30 05:15:00+00:00
8197,Case_158,A,2023-01-30 05:16:00+00:00
8198,Case_143,B2,2023-01-30 05:19:00+00:00
8199,Case_1,A,2023-01-30 05:32:00+00:00
8200,Case_457,B2,2023-01-30 05:36:00+00:00
8201,Case_143,A,2023-01-30 05:53:00+00:00
8202,Case_655,A,2023-01-30 06:03:00+00:00
8203,Case_105,A,2023-01-30 06:09:00+00:00
8204,Case_143,F,2023-01-30 06:10:00+00:00
8205,Case_457,A,2023-01-30 06:16:00+00:00
8206,Case_87,A,2023-01-30 06:22:00+00:00
8207,Case_655,C,2023-01-30 06:22:00+00:00
8208,Case_655,D,2023-01-30 06:24:00+00:00
8209,Case_655,B1,2023-01-30 06:25:00+00:00
8210,Case_457,F,2023-01-30 06:27:00+00:00
8211,Case_105,C,2023-01-30 06:29:00+00:00
8212,Case_105,D,2023-01-30 06:32:00+00:00
8213,Case_105,B1,2023-01-30 06:36:00+00:00
8214,Case_143,A,2023-01-30 06:52:00+00:00
8215,Case_655,B2,2023-01-30 07:00:00+00:00
8216,Case_105,B2,2023-01-30 07:16:00+00:00
8217,Case_655,A,2023-01-30 07:22:00+00:00
8218,Case_457,A,2023-01-30 07:33:00+00:00
8219,Case_105,A,2023-01-30 07:38:00+00:00
8220,Case_655,E1,2023-01-30 07:39:00+00:00
8221,Case_105,E1,2023-01-30 08:04:00+00:00
8222,Case_655,E2,2023-01-30 08:18:00+00:00
8223,Case_105,E2,2023-01-30 08:37:00+00:00
8224,Case_655,A,2023-01-30 08:47:00+00:00
8225,Case_337,A,2023-01-30 09:03:00+00:00
8226,Case_105,A,2023-01-30 09:12:00+00:00
8227,Case_337,C,2023-01-30 09:22:00+00:00
8228,Case_337,D,2023-01-30 09:23:00+00:00
8229,Case_337,B1,2023-01-30 09:29:00+00:00
8230,Case_785,A,2023-01-30 09:29:00+00:00
8231,Case_785,C,2023-01-30 09:46:00+00:00
8232,Case_785,D,2023-01-30 09:48:00+00:00
8233,Case_247,A,2023-01-30 09:48:00+00:00
8234,Case_785,B1,2023-01-30 09:51:00+00:00
8235,Case_337,B2,2023-01-30 09:54:00+00:00
8236,Case_247,C,2023-01-30 10:00:00+00:00
8237,Case_247,B1,2023-01-30 10:03:00+00:00
8238,Case_247,D,2023-01-30 10:04:00+00:00
8239,Case_247,B2,2023-01-30 10:19:00+00:00
8240,Case_785,B2,2023-01-30 10:22:00+00:00
8241,Case_337,A,2023-01-30 10:40:00+00:00
8242,Case_337,F,2023-01-30 10:57:00+00:00
8243,Case_785,A,2023-01-30 11:07:00+00:00
8244,Case_728,A,2023-01-30 11:17:00+00:00
8245,Case_785,F,2023-01-30 11:22:00+00:00
8246,Case_920,A,2023-01-30 11:23:00+00:00
8247,Case_247,A,2023-01-30 11:25:00+00:00
8248,Case_728,C,2023-01-30 11:32:00+00:00
8249,Case_337,A,2023-01-30 11:35:00+00:00
8250,Case_728,B1,2023-01-30 11:35:00+00:00
8251,Case_728,D,2023-01-30 11:37:00+00:00
8252,Case_247,E1,2023-01-30 11:39:00+00:00
8253,Case_920,C,2023-01-30 11:42:00+00:00
8254,Case_920,D,2023-01-30 11:44:00+00:00
8255,Case_920,B1,2023-01-30 11:47:00+00:00
8256,Case_76,A,2023-01-30 11:49:00+00:00
8257,Case_728,B2,2023-01-30 11:57:00+00:00
8258,Case_785,A,2023-01-30 11:57:00+00:00
8259,Case_247,E2,2023-01-30 12:03:00+00:00
8260,Case_920,B2,2023-01-30 12:07:00+00:00
8261,Case_76,C,2023-01-30 12:13:00+00:00
8262,Case_76,D,2023-01-30 12:15:00+00:00
8263,Case_76,B1,2023-01-30 12:18:00+00:00
8264,Case_247,A,2023-01-30 12:20:00+00:00
8265,Case_76,B2,2023-01-30 12:35:00+00:00
8266,Case_728,A,2023-01-30 12:52:00+00:00
8267,Case_728,F,2023-01-30 13:04:00+00:00
8268,Case_920,A,2023-01-30 13:05:00+00:00
8269,Case_920,F,2023-01-30 13:22:00+00:00
8270,Case_76,A,2023-01-30 13:23:00+00:00
8271,Case_76,F,2023-01-30 13:45:00+00:00
8272,Case_23,A,2023-01-30 13:50:00+00:00
8273,Case_198,A,2023-01-30 13:50:00+00:00
8274,Case_679,A,2023-01-30 14:07:00+00:00
8275,Case_728,A,2023-01-30 14:08:00+00:00
8276,Case_198,C,2023-01-30 14:13:00+00:00
8277,Case_198,D,2023-01-30 14:14:00+00:00
8278,Case_23,C,2023-01-30 14:14:00+00:00
8279,Case_198,B1,2023-01-30 14:17:00+00:00
8280,Case_23,D,2023-01-30 14:19:00+00:00
8281,Case_23,B1,2023-01-30 14:21:00+00:00
8282,Case_742,A,2023-01-30 14:28:00+00:00
8283,Case_679,C,2023-01-30 14:29:00+00:00
8284,Case_679,D,2023-01-30 14:32:00+00:00
8285,Case_920,A,2023-01-30 14:33:00+00:00
8286,Case_679,B1,2023-01-30 14:33:00+00:00
8287,Case_742,C,2023-01-30 14:42:00+00:00
8288,Case_742,B1,2023-01-30 14:45:00+00:00
8289,Case_742,D,2023-01-30 14:46:00+00:00
8290,Case_23,B2,2023-01-30 14:49:00+00:00
8291,Case_76,A,2023-01-30 14:50:00+00:00
8292,Case_198,B2,2023-01-30 14:51:00+00:00
8293,Case_679,B2,2023-01-30 15:00:00+00:00
8294,Case_23,A,2023-01-30 15:23:00+00:00
8295,Case_742,B2,2023-01-30 15:29:00+00:00
8296,Case_960,A,2023-01-30 15:37:00+00:00
8297,Case_198,A,2023-01-30 15:45:00+00:00
8298,Case_23,F,2023-01-30 15:48:00+00:00
8299,Case_681,A,2023-01-30 15:53:00+00:00
8300,Case_679,A,2023-01-30 15:55:00+00:00
8301,Case_960,C,2023-01-30 15:58:00+00:00
8302,Case_198,E1,2023-01-30 15:59:00+00:00
8303,Case_742,A,2023-01-30 16:01:00+00:00
8304,Case_960,D,2023-01-30 16:02:00+00:00
8305,Case_960,B1,2023-01-30 16:03:00+00:00
8306,Case_742,F,2023-01-30 16:11:00+00:00
8307,Case_269,A,2023-01-30 16:18:00+00:00
8308,Case_681,C,2023-01-30 16:21:00+00:00
8309,Case_681,B1,2023-01-30 16:23:00+00:00
8310,Case_679,F,2023-01-30 16:24:00+00:00
8311,Case_198,E2,2023-01-30 16:24:00+00:00
8312,Case_681,D,2023-01-30 16:25:00+00:00
8313,Case_269,C,2023-01-30 16:36:00+00:00
8314,Case_269,D,2023-01-30 16:39:00+00:00
8315,Case_960,B2,2023-01-30 16:41:00+00:00
8316,Case_269,B1,2023-01-30 16:43:00+00:00
8317,Case_198,A,2023-01-30 16:47:00+00:00
8318,Case_23,A,2023-01-30 16:47:00+00:00
8319,Case_681,B2,2023-01-30 16:50:00+00:00
8320,Case_269,B2,2023-01-30 17:13:00+00:00
8321,Case_742,A,2023-01-30 17:18:00+00:00
8322,Case_679,A,2023-01-30 17:20:00+00:00
8323,Case_960,A,2023-01-30 17:24:00+00:00
8324,Case_246,A,2023-01-30 17:44:00+00:00
8325,Case_681,A,2023-01-30 17:46:00+00:00
8326,Case_960,F,2023-01-30 17:46:00+00:00
8327,Case_681,F,2023-01-30 18:01:00+00:00
8328,Case_246,C,2023-01-30 18:07:00+00:00
8329,Case_246,D,2023-01-30 18:09:00+00:00
8330,Case_246,B1,2023-01-30 18:12:00+00:00
8331,Case_269,A,2023-01-30 18:13:00+00:00
8332,Case_363,A,2023-01-30 18:18:00+00:00
8333,Case_246,B2,2023-01-30 18:28:00+00:00
8334,Case_269,E1,2023-01-30 18:34:00+00:00
8335,Case_363,C,2023-01-30 18:48:00+00:00
8336,Case_363,D,2023-01-30 18:51:00+00:00
8337,Case_363,B1,2023-01-30 18:53:00+00:00
8338,Case_960,A,2023-01-30 19:02:00+00:00
8339,Case_681,A,2023-01-30 19:03:00+00:00
8340,Case_520,A,2023-01-30 19:06:00+00:00
8341,Case_269,E2,2023-01-30 19:14:00+00:00
8342,Case_520,C,2023-01-30 19:21:00+00:00
8343,Case_520,D,2023-01-30 19:22:00+00:00
8344,Case_520,B1,2023-01-30 19:23:00+00:00
8345,Case_246,A,2023-01-30 19:24:00+00:00
8346,Case_363,B2,2023-01-30 19:38:00+00:00
8347,Case_269,A,2023-01-30 19:41:00+00:00
8348,Case_246,E1,2023-01-30 19:54:00+00:00
8349,Case_102,A,2023-01-30 19:54:00+00:00
8350,Case_520,B2,2023-01-30 19:58:00+00:00
8351,Case_363,A,2023-01-30 20:07:00+00:00
8352,Case_246,E2,2023-01-30 20:14:00+00:00
8353,Case_102,C,2023-01-30 20:20:00+00:00
8354,Case_102,D,2023-01-30 20:22:00+00:00
8355,Case_102,B1,2023-01-30 20:23:00+00:00
8356,Case_363,F,2023-01-30 20:25:00+00:00
8357,Case_558,A,2023-01-30 20:35:00+00:00
8358,Case_520,A,2023-01-30 20:42:00+00:00
8359,Case_246,A,2023-01-30 20:51:00+00:00
8360,Case_558,C,2023-01-30 20:57:00+00:00
8361,Case_558,D,2023-01-30 21:00:00+00:00
8362,Case_558,B1,2023-01-30 21:02:00+00:00
8363,Case_520,E1,2023-01-30 21:04:00+00:00
8364,Case_102,B2,2023-01-30 21:04:00+00:00
8365,Case_363,A,2023-01-30 21:37:00+00:00
8366,Case_558,B2,2023-01-30 21:41:00+00:00
8367,Case_102,A,2023-01-30 21:51:00+00:00
8368,Case_520,E2,2023-01-30 21:52:00+00:00
8369,Case_325,A,2023-01-30 22:01:00+00:00
8370,Case_102,E1,2023-01-30 22:09:00+00:00
8371,Case_520,A,2023-01-30 22:09:00+00:00
8372,Case_558,A,2023-01-30 22:11:00+00:00
8373,Case_325,C,2023-01-30 22:22:00+00:00
8374,Case_325,D,2023-01-30 22:24:00+00:00
8375,Case_558,E1,2023-01-30 22:24:00+00:00
8376,Case_325,B1,2023-01-30 22:29:00+00:00
8377,Case_102,E2,2023-01-30 22:45:00+00:00
8378,Case_325,B2,2023-01-30 22:50:00+00:00
8379,Case_558,E2,2023-01-30 23:08:00+00:00
8380,Case_102,A,2023-01-30 23:17:00+00:00
8381,Case_529,A,2023-01-30 23:38:00+00:00
8382,Case_325,A,2023-01-30 23:44:00+00:00
8383,Case_239,A,2023-01-30 23:47:00+00:00
8384,Case_558,A,2023-01-30 23:48:00+00:00
8385,Case_239,C,2023-01-31 00:02:00+00:00
8386,Case_325,F,2023-01-31 00:03:00+00:00
8387,Case_529,C,2023-01-31 00:03:00+00:00
8388,Case_529,D,2023-01-31 00:04:00+00:00
8389,Case_239,D,2023-01-31 00:05:00+00:00
8390,Case_239,B1,2023-01-31 00:09:00+00:00
8391,Case_529,B1,2023-01-31 00:10:00+00:00
8392,Case_239,B2,2023-01-31 00:28:00+00:00
8393,Case_529,B2,2023-01-31 00:38:00+00:00
8394,Case_325,A,2023-01-31 00:48:00+00:00
8395,Case_239,A,2023-01-31 01:00:00+00:00
8396,Case_239,F,2023-01-31 01:25:00+00:00
8397,Case_529,A,2023-01-31 01:31:00+00:00
8398,Case_529,E1,2023-01-31 01:54:00+00:00
8399,Case_239,A,2023-01-31 02:07:00+00:00
8400,Case_529,E2,2023-01-31 02:37:00+00:00
8401,Case_529,A,2023-01-31 03:05:00+00:00
