CaseID,Activity,Timestamp,MineName,MineType,MineTypeGroup,Inspectorate,MineStatus,AdministeredBy,MineCluster,Region,MineAddress,MineAddressTown,MineAddressState,MineAddressPostalCode,MineDecLat,MineDecLon,EventID,EventType (1A),HazardClass,HazardType,Incident Type (5A),Surface or Underground (5A),Hazard Code Description (5A),InspectionType (MRE),Status (MRE),DisplayTitle (CA),Section (CA),Directive_disp (CA),CANumber
MI01865,Incident,2016-12-04 14:00:00,Middlemount Mine,Coal Mine - Surface,Coal Mine - Surface,COAL,Operating,Rockhampton Office,C- Emerald,Central,Dysart Road,MIDDLEMOUNT,QLD,4746.0,-22.88143889,148.63889,1,High Potential Incident,,,High potential no lost time,surface,Explosives,,,,,,
MI01547,Incident,2016-12-29 21:30:00,Broadmeadow Mine,Coal Mine - Underground,Coal Mine - Underground,COAL,Operating,Mackay Office,,,,,,,-21.83,147.97998,2,High Potential Incident,Mechanical,Other,High potential no lost time,underground,Moving components/parts,,,,,,
MI00749,Incident,2016-12-30 08:45:00,Moorvale Mine,Coal Mine - Surface,Coal Mine - Surface,COAL,Operating,Mackay Office,,,,,,,-21.9697,148.37113,3,High Potential Incident,Vehicle,Unplanned movement of equipment (eg CM),High potential no lost time,surface,Uneven surfaces,,,,,,
MI01413,Incident,2016-12-31 00:50:00,Weipa,Metalliferous Mine - Surface,Metalliferous Mine - Surface,MMQ,Operating,Townsville Office,,,,,,,-12.67,141.86861,4,High Potential Incident,Vehicle,Collision with another vehicle,High potential no lost time,surface,Restricted visibility,,,,,,
MI00239,Incident,2016-12-31 05:30:00,Rocklands,Metalliferous Mine - Surface,Metalliferous Mine - Surface,MMQ,Operating,Mount Isa Office,,,,,,,-20.65,140.36036,5,High Potential Incident,Gravity,Fall of equipment/material,High potential no lost time,surface,Falling/flying material/objects,,,,,,
MI01150,Incident,2016-12-31 10:38:00,Newlands Mine - Open Cut,Coal Mine - Surface,Coal Mine - Surface,COAL,Operating,Mackay Office,,Central,Newlands Access Road,Via Glenden,QLD,4743.0,-21.21217,147.88636,6,High Potential Incident,Thermal,Fire,High potential no lost time,surface,Fire(s),,,,,,
MI01404,Incident,2016-12-31 12:07:00,Oaky North Mine,Coal Mine - Underground,Coal Mine - Underground,COAL,Operating,Rockhampton Office,,Central,Oaky Creek Mine Access Road,LILYVALE,QLD,4723.0,-23.03935,148.53987,7,High Potential Incident,Gas Management,Withdrawal due to high gas levels or ventilation failure,High potential no lost time,surface,Electrical equipment,,,,,,
MI00254,Incident,2016-12-31 12:40:00,Foxleigh Mine,Coal Mine - Surface,Coal Mine - Surface,COAL,Operating,Rockhampton Office,,Central,Dysart-Middlemount Road,MIDDLEMOUNT,QLD,4746.0,-22.9836,148.77829,8,High Potential Incident,Vehicle,Unplanned movement of equipment (eg CM),High potential no lost time,surface,Moving vehicles/equipment,,,,,,
MI01546,Incident,2016-12-31 22:30:00,George Fisher Mine,Metalliferous Mine - Underground,Metalliferous Mine - Underground,MMQ,Operating,Mount Isa Office,,,,,,,-20.57,139.47761,9,High Potential Incident,Gravity,Fall of equipment/material,,,,,,,,,
MI01865,Incident,2017-01-01 03:05:00,Middlemount Mine,Coal Mine - Surface,Coal Mine - Surface,COAL,Operating,Rockhampton Office,C- Emerald,Central,Dysart Road,MIDDLEMOUNT,QLD,4746.0,-22.88143889,148.63889,10,Serious Accident,Gravity,Fall of people,High potential lost time,surface,Other,,,,,,
MI00054,Incident,2017-01-01 03:10:00,Blackwater Mine,Coal Mine - Surface,Coal Mine - Surface,COAL,Operating,Rockhampton Office,,Central,Ardurad Road (Blackwater Rolleston Road),BLACKWATER,QLD,4717.0,-23.7697,148.87879,11,High Potential Incident,Gravity,Fall of a structure,High potential no lost time,surface,Falling/flying material/objects,,,,,,
MI00054,Incident,2017-01-01 09:05:00,Blackwater Mine,Coal Mine - Surface,Coal Mine - Surface,COAL,Operating,Rockhampton Office,,Central,Ardurad Road (Blackwater Rolleston Road),BLACKWATER,QLD,4717.0,-23.7697,148.87879,12,High Potential Incident,Gravity,Fall of equipment/material,High potential no lost time,surface,Falling/flying material/objects,,,,,,
MI01190,Incident,2017-01-01 16:00:00,Peak Downs,Coal Mine - Surface,Coal Mine - Surface,COAL,Operating,Mackay Office,,Central,,,,,-22.25686,148.17664,13,High Potential Incident,Thermal,Fire,High potential no lost time,surface,Fire(s),,,,,,
MI01648,Incident,2017-01-01 21:00:00,Dawson Mine,Coal Mine - Surface,Coal Mine - Surface,COAL,Operating,Rockhampton Office,,Central,Dawson Highway,MOURA,QLD,4718.0,-24.63169,150.06089,14,High Potential Incident,Thermal,Fire,High potential no lost time,surface,Fire(s),,,,,,
MI01569,Incident,2017-01-02 04:30:00,Rolleston Mine,Coal Mine - Surface,Coal Mine - Surface,COAL,Operating,Rockhampton Office,,,,,,,-24.44,148.41844,15,High Potential Incident,Thermal,Fire,High potential no lost time,surface,Fire(s),,,,,,
MI00159,Incident,2017-01-02 05:30:00,Curragh Mine,Coal Mine - Surface,Coal Mine - Surface,COAL,Operating,Rockhampton Office,,,,,,,-23.49741,148.84478,16,High Potential Incident,Vehicle,Rollover,High potential no lost time,surface,Moving vehicles/equipment,,,,,,
MI00159,Incident,2017-01-02 05:30:00,Curragh Mine,Coal Mine - Surface,Coal Mine - Surface,COAL,Operating,Rockhampton Office,,,,,,,-23.49741,148.84478,17,High Potential Incident,Vehicle,Rollover,High potential no lost time,surface,Moving vehicles/equipment,,,,,,
MI01162,Incident,2017-01-02 20:00:00,Oaky Creek No. 1 Colliery,Coal Mine - Underground,Coal Mine - Underground,COAL,Closed,Rockhampton Office,,Central,,,,,-23.07071,148.49695,18,High Potential Incident,Electrical,Cable Damage,High potential no lost time,underground,Electrical equipment,,,,,,
MI01150,Incident,2017-01-02 21:10:00,Newlands Mine - Open Cut,Coal Mine - Surface,Coal Mine - Surface,COAL,Operating,Mackay Office,,Central,Newlands Access Road,Via Glenden,QLD,4743.0,-21.21217,147.88636,19,High Potential Incident,Thermal,Fire,High potential no lost time,surface,Fire(s),,,,,,
MI01150,Incident,2017-01-02 21:10:00,Newlands Mine - Open Cut,Coal Mine - Surface,Coal Mine - Surface,COAL,Operating,Mackay Office,,Central,Newlands Access Road,Via Glenden,QLD,4743.0,-21.21217,147.88636,20,High Potential Incident,Thermal,Fire,High potential no lost time,surface,Fire(s),,,,,,
MI03557,Inspection,2017-01-03 00:00:00,Burton's Quarry,Metalliferous - Quarry,Quarry,MMQ,Closed,Townsville Office,T- Ingham / Cardwell / Tully,Northern,38 Mission Beach Road,Tully,QLD,4854.0,-17.92599,145.95591,21,,,,,,,Inspection - Unannounced,Closed,,,,
MI01718,Inspection,2017-01-03 00:00:00,Mount Wright,Metalliferous Mine - Underground,Metalliferous Mine - Underground,MMQ,Care and Maintenance,Townsville Office,,,,,,,-20.04294,146.83161,22,,,,,,,Inspection,Closed,,,,
MI02657,Incident,2017-01-03 14:30:00,Ernest Henry - Underground,Metalliferous Mine - Underground,Metalliferous Mine - Underground,MMQ,Operating,Mount Isa Office,MI- Cloncurry,Northern,,,,,-20.44599,140.702589,23,High Potential Incident,Thermal,Fire,High potential no lost time,underground,Fire(s),,,,,,
MI01648,Inspection,2017-01-04 00:00:00,Dawson Mine,Coal Mine - Surface,Coal Mine - Surface,COAL,Operating,Rockhampton Office,,Central,Dawson Highway,MOURA,QLD,4718.0,-24.63169,150.06089,24,,,,,,,Inspection,Closed,,,,
MI01586,Inspection,2017-01-04 00:00:00,Baralaba Coal Mine,Coal Mine - Surface,Coal Mine - Surface,COAL,Operating,Rockhampton Office,,Central,5160 Duaringa-Baralaba Road,BARALABA,QLD,4702.0,-24.1593,149.79554,25,,,,,,,Inspection,Closed,,,,
MI00159,Inspection,2017-01-04 00:00:00,Curragh Mine,Coal Mine - Surface,Coal Mine - Surface,COAL,Operating,Rockhampton Office,,,,,,,-23.49741,148.84478,26,,,,,,,Inspection,Closed,,,,
MI01361,Inspection,2017-01-04 00:00:00,Withcott Quarry,Metalliferous - Quarry,Quarry,MMQ,Care & Maintenance,Brisbane Office,B- Lockyer Valley,Southern,"Lot 11
McNamaras Road",Withcott,QLD,4352.0,-27.51027778,152.00063,27,,,,,,,Inspection,Closed,,,,
MI01344,Inspection,2017-01-04 00:00:00,Wellcamp Downs Quarry,Metalliferous - Quarry,Quarry,MMQ,Operating,Brisbane Office,B- Toowoomba,Southern,,,,,-27.54891,151.816645,28,,,,,,,Inspection,Closed,,,,
MI00553,Incident,2017-01-04 04:30:00,Capcoal Surface Coal Mine,Coal Mine - Surface,Coal Mine - Surface,COAL,Operating,Rockhampton Office,,,,,,,-22.93,148.55146,29,High Potential Incident,Thermal,Fire,High potential no lost time,surface,Fire(s),,,,,,
MI00568,Incident,2017-01-04 07:30:00,Goonyella Riverside,Coal Mine - Surface,Coal Mine - Surface,COAL,Operating,Mackay Office,,Central,,,,,-21.7581,147.95235,30,High Potential Incident,Thermal,Fire,High potential no lost time,surface,Fire(s),,,,,,
MI02952,Incident,2017-01-04 11:25:00,Caval Ridge Mine,Coal Mine - Surface,Coal Mine - Surface,COAL,Operating,Mackay Office,C- Mackay,Central,,,,,-22.15615,148.05892,31,High Potential Incident,Thermal,Fire,High potential no lost time,surface,Human error/actions,,,,,,
MI00568,Incident,2017-01-04 16:00:00,Goonyella Riverside,Coal Mine - Surface,Coal Mine - Surface,COAL,Operating,Mackay Office,,Central,,,,,-21.7581,147.95235,32,High Potential Incident,Thermal,Fire,High potential no lost time,surface,Fire(s),,,,,,
MI02976,Inspection,2017-01-05 00:00:00,Grosvenor Coal Mine,Coal Mine - Underground,Coal Mine - Underground,COAL,Operating,Mackay Office,C- Moranbah,Central,Ground Floor 201 Charlotte Street,Brisbane,QLD,4001.0,-21.97533,148.00995,33,,,,,,,Inspection,Closed,,,,
MI00092,Inspection,2017-01-05 00:00:00,Callide Mine,Coal Mine - Surface,Coal Mine - Surface,COAL,Operating,Rockhampton Office,,Central,Biloela Callide Road,BILOELA,QLD,4715.0,-24.3276,150.61872,34,,,,,,,Inspection,Closed,,,,
MI00016,Inspection,2017-01-05 00:00:00,Animasu Mine,Metalliferous Mine - Surface,Metalliferous Mine - Surface,MMQ,Operating,Brisbane Office,B- Lockyer Valley,Southern,613 Seventeen mile road,Helidon,QLD,4344.0,-27.51013,152.156195,35,,,,,,,Inspection,Closed,,,,
MI00586,Inspection,2017-01-05 00:00:00,Gurulmundi Bentonite Mine,Metalliferous Mine - Surface,Metalliferous Mine - Surface,MMQ,Operating,Brisbane Office,B- Western Downs,Southern,,,,,-26.42235,150.050773,36,,,,,,,Inspection,Closed,,,,
MI01425,Inspection,2017-01-05 00:00:00,West Gurulmundi Bentonite Mine,Metalliferous Mine - Surface,Metalliferous Mine - Surface,MMQ,Operating,Brisbane Office,B- Western Downs,Southern,,,,,-26.40667,149.994898,37,,,,,,,Inspection,Closed,,,,
MI00150,Inspection,2017-01-05 00:00:00,Cracow Mine,Metalliferous Mine - Underground,Metalliferous Mine - Underground,MMQ,Operating,Brisbane Office,,,,,,,-25.3,150.28919,38,,,,,,,Inspection,Closed,,,,
MI02509,Inspection,2017-01-05 00:00:00,Pleasure Point Mine,Metalliferous Mine - Surface,Metalliferous Mine - Surface,MMQ,Operating,Brisbane Office,B- Lockyer Valley,Southern,,,,,-27.48837,152.141835,39,,,,,,,Inspection - Unannounced,Closed,,,,
MI01459,Incident,2017-01-05 03:00:00,Grasstree Mine,Coal Mine - Underground,Coal Mine - Underground,COAL,Operating,Rockhampton Office,,Central,,,,,-22.98885,148.57943,40,High Potential Incident,Gravity,Fall of equipment/material,High potential lost time,underground,Other,,,,,,
MI01258,Incident,2017-01-05 05:00:00,Saraji,Coal Mine - Surface,Coal Mine - Surface,COAL,Operating,Mackay Office,,Central,,,,,-22.42214,148.28115,41,High Potential Incident,,,High potential no lost time,surface,Explosives,,,,,,
MI01258,Incident,2017-01-05 11:09:00,Saraji,Coal Mine - Surface,Coal Mine - Surface,COAL,Operating,Mackay Office,,Central,,,,,-22.42214,148.28115,42,High Potential Incident,Electrical,Other,High potential no lost time,surface,Electrical equipment,,,,,,
MI01361,Action,2017-01-05 12:43:00,Withcott Quarry,Metalliferous - Quarry,Quarry,MMQ,Care & Maintenance,Brisbane Office,B- Lockyer Valley,Southern,"Lot 11
McNamaras Road",Withcott,QLD,4352.0,-27.51027778,152.00063,43,,Thermal,Fire,,,,Inspection,Closed,Substandard Condition or Practice,,,1.0
MI01361,Action,2017-01-05 12:53:00,Withcott Quarry,Metalliferous - Quarry,Quarry,MMQ,Care & Maintenance,Brisbane Office,B- Lockyer Valley,Southern,"Lot 11
McNamaras Road",Withcott,QLD,4352.0,-27.51027778,152.00063,44,,Vehicle,Other,,,,Inspection,Closed,Substandard Condition or Practice,,,2.0
MI01258,Incident,2017-01-05 13:05:00,Saraji,Coal Mine - Surface,Coal Mine - Surface,COAL,Operating,Mackay Office,,Central,,,,,-22.42214,148.28115,45,High Potential Incident,,,High potential no lost time,surface,Explosives,,,,,,
MI01258,Incident,2017-01-05 21:10:00,Saraji,Coal Mine - Surface,Coal Mine - Surface,COAL,Operating,Mackay Office,,Central,,,,,-22.42214,148.28115,46,High Potential Incident,Thermal,Fire,High potential no lost time,surface,Electrical equipment,,,,,,
MI00568,Incident,2017-01-05 23:20:00,Goonyella Riverside,Coal Mine - Surface,Coal Mine - Surface,COAL,Operating,Mackay Office,,Central,,,,,-21.7581,147.95235,47,High Potential Incident,Psychosocial,Fatigue,High potential no lost time,surface,Moving vehicles/equipment,,,,,,
MI01586,Inspection,2017-01-06 00:00:00,Baralaba Coal Mine,Coal Mine - Surface,Coal Mine - Surface,COAL,Operating,Rockhampton Office,,Central,5160 Duaringa-Baralaba Road,BARALABA,QLD,4702.0,-24.1593,149.79554,48,,,,,,,Inspection - Unannounced,Closed,,,,
MI01705,Incident,2017-01-06 00:05:00,Poitrel Mine,Coal Mine - Surface,Coal Mine - Surface,COAL,Operating,Mackay Office,,Central,"Millennium Access Road
Peak Downs Highway",Moranbah,QLD,4744.0,-22.04109,148.26048,49,High Potential Incident,Vehicle,Other,High potential no lost time,surface,Human error/actions,,,,,,
MI01422,Incident,2017-01-06 04:15:00,Kestrel Coal Mine,Coal Mine - Underground,Coal Mine - Underground,COAL,Operating,Rockhampton Office,,,,,,,-23.26,148.30263,50,High Potential Incident,Electrical,Explosion protected equipment failure,,,,,,,,,
MI00054,Incident,2017-01-06 07:00:00,Blackwater Mine,Coal Mine - Surface,Coal Mine - Surface,COAL,Operating,Rockhampton Office,,Central,Ardurad Road (Blackwater Rolleston Road),BLACKWATER,QLD,4717.0,-23.7697,148.87879,51,High Potential Incident,,,High potential no lost time,surface,Explosives,,,,,,
MI01400,Incident,2017-01-06 09:00:00,Millennium Mine,Coal Mine - Surface,Coal Mine - Surface,COAL,Operating,Mackay Office,,Central,Via Peak Downs Highway,Moranbah,QLD,4744.0,-22.01548,148.25111,52,High Potential Incident,,,High potential no lost time,surface,Explosives,,,,,,
MI01648,Incident,2017-01-06 11:00:00,Dawson Mine,Coal Mine - Surface,Coal Mine - Surface,COAL,Operating,Rockhampton Office,,Central,Dawson Highway,MOURA,QLD,4718.0,-24.63169,150.06089,53,High Potential Incident,,,High potential no lost time,surface,Explosives,,,,,,
MI01190,Incident,2017-01-06 12:00:00,Peak Downs,Coal Mine - Surface,Coal Mine - Surface,COAL,Operating,Mackay Office,,Central,,,,,-22.25686,148.17664,54,High Potential Incident,,,,,,,,,,,
MI00750,Incident,2017-01-06 12:18:00,Moranbah North,Coal Mine - Underground,Coal Mine - Underground,COAL,Operating,Mackay Office,C- Moranbah,Central,1164 Goonyella Road,Moranbah,QLD,4744.0,-21.88576,147.96564,55,High Potential Incident,Mechanical,Crushed between a load and a structure,High potential lost time,surface,Other,,,,,,
MI00568,Incident,2017-01-06 13:20:00,Goonyella Riverside,Coal Mine - Surface,Coal Mine - Surface,COAL,Operating,Mackay Office,,Central,,,,,-21.7581,147.95235,56,High Potential Incident,,,High potential no lost time,surface,Noxious liquids/gases,,,,,,
MI00239,Incident,2017-01-06 15:00:00,Rocklands,Metalliferous Mine - Surface,Metalliferous Mine - Surface,MMQ,Operating,Mount Isa Office,,,,,,,-20.65,140.36036,57,High Potential Incident,Pressure,Other,High potential no lost time,surface,Moving components/parts,,,,,,
MI01648,Incident,2017-01-06 15:30:00,Dawson Mine,Coal Mine - Surface,Coal Mine - Surface,COAL,Operating,Rockhampton Office,,Central,Dawson Highway,MOURA,QLD,4718.0,-24.63169,150.06089,58,High Potential Incident,,,High potential no lost time,surface,Explosives,,,,,,
MI00568,Incident,2017-01-06 15:30:00,Goonyella Riverside,Coal Mine - Surface,Coal Mine - Surface,COAL,Operating,Mackay Office,,Central,,,,,-21.7581,147.95235,59,High Potential Incident,Vehicle,Unplanned movement of equipment (eg CM),,,,,,,,,
MI01146,Incident,2017-01-06 21:15:00,New Acland,Coal Mine - Surface,Coal Mine - Surface,COAL,Operating,Rockhampton Office,S- Toowoomba,Central,Cherrys Road,MULDU,QLD,4401.0,-27.27034,151.699331,60,High Potential Incident,Gravity,Fall of vehicle,High potential no lost time,surface,Organisational deficiencies,,,,,,
MI00750,Incident,2017-01-07 01:00:00,Moranbah North,Coal Mine - Underground,Coal Mine - Underground,COAL,Operating,Mackay Office,C- Moranbah,Central,1164 Goonyella Road,Moranbah,QLD,4744.0,-21.88576,147.96564,61,High Potential Incident,Vehicle,Other,High potential no lost time,surface,Other,,,,,,
MI01976,Incident,2017-01-07 06:50:00,Daunia Mine,Coal Mine - Surface,Coal Mine - Surface,COAL,Operating,Mackay Office,,Central,"Millennium Poitrel Access Road
Via Peak Downs Road",Moranbah,QLD,4744.0,-22.04127,148.26852,62,High Potential Incident,Thermal,Fire,High potential no lost time,surface,Fire(s),,,,,,
MI01976,Incident,2017-01-07 07:20:00,Daunia Mine,Coal Mine - Surface,Coal Mine - Surface,COAL,Operating,Mackay Office,,Central,"Millennium Poitrel Access Road
Via Peak Downs Road",Moranbah,QLD,4744.0,-22.04127,148.26852,63,High Potential Incident,Thermal,Fire,High potential no lost time,surface,Fire(s),,,,,,
MI01383,Incident,2017-01-07 08:10:00,Minerva Mine,Coal Mine - Surface,Coal Mine - Surface,COAL,Care & Maintenance,Rockhampton Office,C- Emerald,Central,Wurba Road,SPRINGSURE,QLD,4722.0,-23.90942,148.06107,64,High Potential Incident,Vehicle,Unplanned movement of equipment (eg CM),High potential no lost time,surface,Moving vehicles/equipment,,,,,,
MI00568,Incident,2017-01-07 12:40:00,Goonyella Riverside,Coal Mine - Surface,Coal Mine - Surface,COAL,Operating,Mackay Office,,Central,,,,,-21.7581,147.95235,65,High Potential Incident,Thermal,Fire,High potential no lost time,surface,Fire(s),,,,,,
MI02952,Incident,2017-01-07 14:15:00,Caval Ridge Mine,Coal Mine - Surface,Coal Mine - Surface,COAL,Operating,Mackay Office,C- Mackay,Central,,,,,-22.15615,148.05892,66,High Potential Incident,Vehicle,Collision with another vehicle,High potential no lost time,surface,Human error/actions,,,,,,
MI01190,Incident,2017-01-07 14:30:00,Peak Downs,Coal Mine - Surface,Coal Mine - Surface,COAL,Operating,Mackay Office,,Central,,,,,-22.25686,148.17664,67,High Potential Incident,Vehicle,Collision with a built or natural structure,High potential no lost time,surface,Human error/actions,,,,,,
MI02952,Incident,2017-01-07 16:20:00,Caval Ridge Mine,Coal Mine - Surface,Coal Mine - Surface,COAL,Operating,Mackay Office,C- Mackay,Central,,,,,-22.15615,148.05892,68,High Potential Incident,Vehicle,Collision with a built or natural structure,High potential no lost time,surface,Human error/actions,,,,,,
MI01404,Incident,2017-01-07 17:15:00,Oaky North Mine,Coal Mine - Underground,Coal Mine - Underground,COAL,Operating,Rockhampton Office,,Central,Oaky Creek Mine Access Road,LILYVALE,QLD,4723.0,-23.03935,148.53987,69,Serious Accident,Thermal,Dehydration,,,,,,,,,
MI01781,Incident,2017-01-07 20:45:00,Clermont Mine - Open Cut,Coal Mine - Surface,Coal Mine - Surface,COAL,Operating,Mackay Office,,Central,Gregory Development Road,Clermont,QLD,4721.0,-22.72688,147.62171,70,High Potential Incident,Thermal,Spontaneous combustion Surface,,,,,,,,,
MI00159,Incident,2017-01-08 01:10:00,Curragh Mine,Coal Mine - Surface,Coal Mine - Surface,COAL,Operating,Rockhampton Office,,,,,,,-23.49741,148.84478,71,High Potential Incident,Thermal,Fire,High potential no lost time,surface,Moving vehicles/equipment,,,,,,
MI02952,Incident,2017-01-08 04:30:00,Caval Ridge Mine,Coal Mine - Surface,Coal Mine - Surface,COAL,Operating,Mackay Office,C- Mackay,Central,,,,,-22.15615,148.05892,72,Serious Accident,Gravity,Fall of people,High potential lost time,surface,Other,,,,,,
MI01190,Incident,2017-01-08 08:30:00,Peak Downs,Coal Mine - Surface,Coal Mine - Surface,COAL,Operating,Mackay Office,,Central,,,,,-22.25686,148.17664,73,High Potential Incident,Vehicle,Unplanned movement of equipment (eg CM),High potential no lost time,surface,Human error/actions,,,,,,
MI02139,Incident,2017-01-08 11:50:00,Cameby Downs Coal Mine,Coal Mine - Surface,Coal Mine - Surface,COAL,Operating,Rockhampton Office,S- Western Downs,Central,260 Ryalls Road,MILES,QLD,4415.0,-26.6469,150.333875,74,High Potential Incident,Explosives,Explosives - Misfire identified after firing,High potential no lost time,surface,Explosives,,,,,,
MI01152,Inspection,2017-01-09 00:00:00,Ningi Silica Sand Mine,Metalliferous Mine - Surface,Metalliferous Mine - Surface,MMQ,Operating,Brisbane Office,B- Moreton Bay,Southern,,,,,-27.0818,153.089742,75,,,,,,,Inspection,Closed,,,,
MI01705,Incident,2017-01-09 02:15:00,Poitrel Mine,Coal Mine - Surface,Coal Mine - Surface,COAL,Operating,Mackay Office,,Central,"Millennium Access Road
Peak Downs Highway",Moranbah,QLD,4744.0,-22.04109,148.26048,76,High Potential Incident,Vehicle,Other,High potential no lost time,surface,Human error/actions,,,,,,
MI01258,Incident,2017-01-09 02:15:00,Saraji,Coal Mine - Surface,Coal Mine - Surface,COAL,Operating,Mackay Office,,Central,,,,,-22.42214,148.28115,77,High Potential Incident,Psychosocial,Micro-sleeps,High potential no lost time,surface,Human error/actions,,,,,,
MI00711,Incident,2017-01-09 08:50:00,Meandu Mine,Coal Mine - Surface,Coal Mine - Surface,COAL,Operating,Rockhampton Office,S- South Burnett,Central,Nobby Smith Way,NANANGO,QLD,4615.0,-26.79393,151.89872,78,High Potential Incident,Electrical,Electric Shock,High potential no lost time,surface,Electrical equipment,,,,,,
MI01413,Incident,2017-01-09 09:30:00,Weipa,Metalliferous Mine - Surface,Metalliferous Mine - Surface,MMQ,Operating,Townsville Office,,,,,,,-12.67,141.86861,79,High Potential Incident,Thermal,Fire,High potential no lost time,surface,Fire(s),,,,,,
MI01413,Incident,2017-01-09 10:30:00,Weipa,Metalliferous Mine - Surface,Metalliferous Mine - Surface,MMQ,Operating,Townsville Office,,,,,,,-12.67,141.86861,80,High Potential Incident,Vehicle,Other,High potential no lost time,surface,Moving vehicles/equipment,,,,,,
MI00586,Action,2017-01-09 10:33:00,Gurulmundi Bentonite Mine,Metalliferous Mine - Surface,Metalliferous Mine - Surface,MMQ,Operating,Brisbane Office,B- Western Downs,Southern,,,,,-26.42235,150.050773,81,,,,,,,Inspection,Closed,Substandard Condition or Practice,,,1.0
MI00092,Action,2017-01-09 11:56:00,Callide Mine,Coal Mine - Surface,Coal Mine - Surface,COAL,Operating,Rockhampton Office,,Central,Biloela Callide Road,BILOELA,QLD,4715.0,-24.3276,150.61872,82,,,,,,,Inspection,Closed,Substandard Condition or Practice,,,1.0
MI01546,Incident,2017-01-09 16:55:00,George Fisher Mine,Metalliferous Mine - Underground,Metalliferous Mine - Underground,MMQ,Operating,Mount Isa Office,,,,,,,-20.57,139.47761,83,High Potential Incident,Gravity,Fall of equipment/material,High potential no lost time,underground,Falling/flying material/objects,,,,,,
MI01258,Incident,2017-01-09 18:00:00,Saraji,Coal Mine - Surface,Coal Mine - Surface,COAL,Operating,Mackay Office,,Central,,,,,-22.42214,148.28115,84,High Potential Incident,Electrical,Cable Damage,High potential no lost time,surface,Human error/actions,,,,,,
MI01258,Incident,2017-01-09 18:00:00,Saraji,Coal Mine - Surface,Coal Mine - Surface,COAL,Operating,Mackay Office,,Central,,,,,-22.42214,148.28115,85,High Potential Incident,Electrical,Cable Damage,High potential no lost time,surface,Human error/actions,,,,,,
MI00054,Incident,2017-01-09 21:35:00,Blackwater Mine,Coal Mine - Surface,Coal Mine - Surface,COAL,Operating,Rockhampton Office,,Central,Ardurad Road (Blackwater Rolleston Road),BLACKWATER,QLD,4717.0,-23.7697,148.87879,86,High Potential Incident,Thermal,Fire,High potential no lost time,surface,Fire(s),,,,,,
MI01547,Inspection,2017-01-10 00:00:00,Broadmeadow Mine,Coal Mine - Underground,Coal Mine - Underground,COAL,Operating,Mackay Office,,,,,,,-21.83,147.97998,87,,,,,,,Inspection,Closed,,,,
MI01646,Inspection,2017-01-10 00:00:00,Carborough Downs,Coal Mine - Underground,Coal Mine - Underground,COAL,Operating,Mackay Office,,Central,Peak Downs Highway,Coppabella,QLD,4741.0,-21.99368,148.249,88,,,,,,,Inspection,Closed,,,,
MI01908,Inspection,2017-01-10 00:00:00,Dugald River Mine,Metalliferous Mine - Underground,Metalliferous Mine - Underground,MMQ,Operating,Mount Isa Office,MI- Cloncurry,Northern,Burke Development Road,Cloncurry,QLD,4824.0,-20.25369,140.159832,89,,,,,,,Inspection,Closed,,,,
MI01707,Inspection,2017-01-10 00:00:00,The Sand And Soil Company,Metalliferous - Quarry,Quarry,MMQ,Operating,Brisbane Office,B- Scenic Rim,Southern,,,,,-27.91395,153.133836,90,,,,,,,Inspection,Closed,,,,
MI01648,Inspection,2017-01-10 00:00:00,Dawson Mine,Coal Mine - Surface,Coal Mine - Surface,COAL,Operating,Rockhampton Office,,Central,Dawson Highway,MOURA,QLD,4718.0,-24.63169,150.06089,91,,,,,,,Inspection,Closed,,,,
MI01648,Incident,2017-01-10 00:10:00,Dawson Mine,Coal Mine - Surface,Coal Mine - Surface,COAL,Operating,Rockhampton Office,,Central,Dawson Highway,MOURA,QLD,4718.0,-24.63169,150.06089,92,High Potential Incident,Thermal,Fire,High potential no lost time,surface,Fire(s),,,,,,
MI01586,Action,2017-01-10 01:43:00,Baralaba Coal Mine,Coal Mine - Surface,Coal Mine - Surface,COAL,Operating,Rockhampton Office,,Central,5160 Duaringa-Baralaba Road,BARALABA,QLD,4702.0,-24.1593,149.79554,93,,,,,,,Inspection - Unannounced,Closed,Directive,168.0,Directive to review safety and health management system and principal hazard management plans,1.0
MI01162,Incident,2017-01-10 05:20:00,Oaky Creek No. 1 Colliery,Coal Mine - Underground,Coal Mine - Underground,COAL,Closed,Rockhampton Office,,Central,,,,,-23.07071,148.49695,94,Serious Accident,Gravity,Fall of people,High potential lost time,underground,Human error/actions,,,,,,
MI01781,Incident,2017-01-10 20:45:00,Clermont Mine - Open Cut,Coal Mine - Surface,Coal Mine - Surface,COAL,Operating,Mackay Office,,Central,Gregory Development Road,Clermont,QLD,4721.0,-22.72688,147.62171,95,High Potential Incident,Thermal,Fire,,,,,,,,,
MI00762,Inspection,2017-01-11 00:00:00,Capricorn Copper Mine,Metalliferous Mine - Underground,Metalliferous Mine - Underground,MMQ,Operating,Mount Isa Office,,,,,,,-19.68885,139.36651,96,,,,,,,Inspection,Closed,,,,
MI01144,Inspection,2017-01-11 00:00:00,Nerimbera Quarry,Metalliferous - Quarry,Quarry,MMQ,Operating,Brisbane Office,B- Livingstone,Southern,,,,,-23.392658,150.600234,97,,,,,,,Inspection,Closed,,,,
MI03093,Inspection,2017-01-11 00:00:00,Gympie Regional Council,Metalliferous Quarry - Group,Quarry,MMQ,Operating,Brisbane Office,B- Gympie,Southern,,,,,-26.19928,152.67394,98,,,,,,,Inspection,Closed,,,,
MI01760,Inspection,2017-01-11 00:00:00,Oaky Creek Surface Operations,Coal Mine - Surface,Coal Mine - Surface,COAL,Operating,Rockhampton Office,C- Emerald,Central,Oaky Creek,Via TIERI,QLD,4709.0,-23.07343,148.48362,99,,,,,,,Inspection,Closed,,,,
MI01907,Inspection,2017-01-11 00:00:00,Lake Vermont,Coal Mine - Surface,Coal Mine - Surface,COAL,Operating,Mackay Office,,,,,,,-22.47,148.40803,100,,,,,,,Inspection,Closed,,,,
MI00150,Inspection,2017-01-11 00:00:00,Cracow Mine,Metalliferous Mine - Underground,Metalliferous Mine - Underground,MMQ,Operating,Brisbane Office,,,,,,,-25.3,150.28919,101,,,,,,,Inspection,Closed,,,,
MI00187,Inspection,2017-01-11 00:00:00,Ebenezer,Metalliferous Mine - Surface,Metalliferous Mine - Surface,MMQ,Closed,Brisbane Office,B- Ipswich,Southern,,,,,-27.66993,152.656526,102,,,,,,,Inspection,Closed,,,,
MI01157,Inspection,2017-01-11 00:00:00,North Goonyella,Coal Mine - Underground,Coal Mine - Underground,COAL,Operating,Mackay Office,,Central,,,,,-21.65702,147.97045,103,,,,,,,Inspection,Closed,,,,
MI01781,Inspection,2017-01-11 00:00:00,Clermont Mine - Open Cut,Coal Mine - Surface,Coal Mine - Surface,COAL,Operating,Mackay Office,,Central,Gregory Development Road,Clermont,QLD,4721.0,-22.72688,147.62171,104,,,,,,,Inspection - Unannounced,Closed,,,,
MI01704,Inspection,2017-01-11 00:00:00,Yatala Quarry,Metalliferous - Quarry,Quarry,MMQ,Operating,Brisbane Office,B- Gold Coast,Southern,A L Tony Stephens Way,Luscombe,QLD,4207.0,-27.7724,153.220747,105,,,,,,,Inspection,Closed,,,,
MI00709,Inspection,2017-01-11 00:00:00,Maudsland Road Quarry,Metalliferous - Quarry,Quarry,MMQ,Operating,Brisbane Office,B- Gold Coast,Southern,33 Maudsland Road,Oxenford,QLD,4210.0,-27.90899,153.291747,106,,,,,,,Inspection,Closed,,,,
MI01579,Inspection,2017-01-11 00:00:00,West Burleigh Quarry,Metalliferous - Quarry,Quarry,MMQ,Operating,Brisbane Office,B- Gold Coast,Southern,,,,,-28.1115,153.421437,107,,,,,,,Inspection,Closed,,,,
MI00568,Incident,2017-01-11 09:30:00,Goonyella Riverside,Coal Mine - Surface,Coal Mine - Surface,COAL,Operating,Mackay Office,,Central,,,,,-21.7581,147.95235,108,High Potential Incident,Thermal,Fire,High potential no lost time,surface,Fire(s),,,,,,
MI01705,Incident,2017-01-11 17:20:00,Poitrel Mine,Coal Mine - Surface,Coal Mine - Surface,COAL,Operating,Mackay Office,,Central,"Millennium Access Road
Peak Downs Highway",Moranbah,QLD,4744.0,-22.04109,148.26048,109,High Potential Incident,Explosives,Explosives - Misfire identified after firing,High potential no lost time,surface,Explosives,,,,,,
MI01422,Incident,2017-01-11 23:20:00,Kestrel Coal Mine,Coal Mine - Underground,Coal Mine - Underground,COAL,Operating,Rockhampton Office,,,,,,,-23.26,148.30263,110,High Potential Incident,Extreme Weather,Lightning,High potential no lost time,surface,Electrical equipment,,,,,,
MI00568,Inspection,2017-01-12 00:00:00,Goonyella Riverside,Coal Mine - Surface,Coal Mine - Surface,COAL,Operating,Mackay Office,,Central,,,,,-21.7581,147.95235,111,,,,,,,Inspection,Closed,,,,
MI02976,Inspection,2017-01-12 00:00:00,Grosvenor Coal Mine,Coal Mine - Underground,Coal Mine - Underground,COAL,Operating,Mackay Office,C- Moranbah,Central,Ground Floor 201 Charlotte Street,Brisbane,QLD,4001.0,-21.97533,148.00995,112,,,,,,,Inspection,Closed,,,,
MI01375,Inspection,2017-01-12 00:00:00,Yellowood - Stonemaster Quarry,Metalliferous - Quarry,Quarry,MMQ,Operating,Brisbane Office,B- Gold Coast,Southern,,Yellowood,,,-27.72284,153.24587,113,,,,,,,Inspection,Closed,,,,
MI02713,Inspection,2017-01-12 00:00:00,Fernvale Sand and Gravel,Metalliferous - Quarry,Quarry,MMQ,Operating,Brisbane Office,B- Somerset,Southern,,,,,-27.43061,152.646875,114,,,,,,,Inspection,Closed,,,,
MI01540,Inspection,2017-01-12 00:00:00,Ensham Mine,Coal Mine - Surface,Coal Mine - Surface,COAL,Operating,Rockhampton Office,,,,,,,-23.48,148.52054,115,,,,,,,Inspection,Closed,,,,
MI00055,Inspection,2017-01-12 00:00:00,Blair Athol Mine,Coal Mine - Surface,Coal Mine - Surface,COAL,Operating,Mackay Office,,Central,Blair Athol Access Road,Clermont,QLD,4721.0,-22.69065,147.510621,116,,,,,,,Inspection,Closed,,,,
MI00708,Inspection,2017-01-12 00:00:00,Maryborough Quarry,Metalliferous - Quarry,Quarry,MMQ,Operating,Brisbane Office,B- Fraser Coast,Southern,6 Gilmers Road,Antigua,QLD,4650.0,-25.63249,152.58477,117,,,,,,,Inspection,Closed,,,,
MI03668,Inspection,2017-01-12 00:00:00,Fraser Coast Regional Council,Metalliferous Quarry - Group,Quarry,MMQ,Operating,Brisbane Office,B- Fraser Coast,Southern,,,,,-25.52244,152.710665,118,,,,,,,Inspection,Closed,,,,
MI01705,Inspection,2017-01-12 00:00:00,Poitrel Mine,Coal Mine - Surface,Coal Mine - Surface,COAL,Operating,Mackay Office,,Central,"Millennium Access Road
Peak Downs Highway",Moranbah,QLD,4744.0,-22.04109,148.26048,119,,,,,,,Inspection,Closed,,,,
MI00654,Inspection,2017-01-12 00:00:00,Kianga Quarry,Metalliferous - Quarry,Quarry,MMQ,Operating,Brisbane Office,B- Banana,Southern,,,,,-24.65131,150.11818,120,,,,,,,Inspection,Closed,,,,
MI01552,Inspection,2017-01-12 00:00:00,Levitt Road Ferny Grove Quarry,Metalliferous - Quarry,Quarry,MMQ,Operating,Brisbane Office,B- Brisbane,Southern,,,,,-27.41344,152.935662,121,,,,,,,Inspection,Closed,,,,
MI01648,Action,2017-01-12 01:28:00,Dawson Mine,Coal Mine - Surface,Coal Mine - Surface,COAL,Operating,Rockhampton Office,,Central,Dawson Highway,MOURA,QLD,4718.0,-24.63169,150.06089,122,,,,,,,Inspection,Closed,Directive,166.0,Directive to reduce risk,1.0
MI01648,Action,2017-01-12 01:40:00,Dawson Mine,Coal Mine - Surface,Coal Mine - Surface,COAL,Operating,Rockhampton Office,,Central,Dawson Highway,MOURA,QLD,4718.0,-24.63169,150.06089,123,,,,,,,Inspection,Closed,Substandard Condition or Practice,,,2.0
MI01907,Action,2017-01-12 03:34:00,Lake Vermont,Coal Mine - Surface,Coal Mine - Surface,COAL,Operating,Mackay Office,,,,,,,-22.47,148.40803,124,,,,,,,Inspection,Closed,Directive,168.0,Directive to review safety and health management system and principal hazard management plans,1.0
MI01648,Incident,2017-01-12 09:15:00,Dawson Mine,Coal Mine - Surface,Coal Mine - Surface,COAL,Operating,Rockhampton Office,,Central,Dawson Highway,MOURA,QLD,4718.0,-24.63169,150.06089,125,High Potential Incident,,,High potential no lost time,surface,Explosives,,,,,,
MI01704,Action,2017-01-12 10:55:00,Yatala Quarry,Metalliferous - Quarry,Quarry,MMQ,Operating,Brisbane Office,B- Gold Coast,Southern,A L Tony Stephens Way,Luscombe,QLD,4207.0,-27.7724,153.220747,126,,,,,,,Inspection,Closed,Substandard Condition or Practice,,,1.0
MI01704,Action,2017-01-12 11:10:00,Yatala Quarry,Metalliferous - Quarry,Quarry,MMQ,Operating,Brisbane Office,B- Gold Coast,Southern,A L Tony Stephens Way,Luscombe,QLD,4207.0,-27.7724,153.220747,127,,,,,,,Inspection,Closed,Substandard Condition or Practice,,,2.0
MI01704,Action,2017-01-12 11:18:00,Yatala Quarry,Metalliferous - Quarry,Quarry,MMQ,Operating,Brisbane Office,B- Gold Coast,Southern,A L Tony Stephens Way,Luscombe,QLD,4207.0,-27.7724,153.220747,128,,,,,,,Inspection,Closed,Substandard Condition or Practice,,,3.0
MI01704,Action,2017-01-12 11:28:00,Yatala Quarry,Metalliferous - Quarry,Quarry,MMQ,Operating,Brisbane Office,B- Gold Coast,Southern,A L Tony Stephens Way,Luscombe,QLD,4207.0,-27.7724,153.220747,129,,,,,,,Inspection,Closed,Substandard Condition or Practice,,,4.0
MI01704,Action,2017-01-12 11:53:00,Yatala Quarry,Metalliferous - Quarry,Quarry,MMQ,Operating,Brisbane Office,B- Gold Coast,Southern,A L Tony Stephens Way,Luscombe,QLD,4207.0,-27.7724,153.220747,130,,,,,,,Inspection,Closed,Substandard Condition or Practice,,,5.0
MI00806,Incident,2017-01-12 12:30:00,Mt Isa - Isa Copper Mine,Metalliferous Mine - Underground,Metalliferous Mine - Underground,MMQ,Operating,Mount Isa Office,MI- Mount Isa,Northern,,,,,-20.72484,139.478149,131,High Potential Incident,Gravity,Fall of ground,High potential no lost time,underground,Strata failure,,,,,,
MI02745,Inspection,2017-01-13 00:00:00,Eagle Downs Coal Mine ML 70389,Coal Mine - Underground,Coal Mine - Underground,COAL,Care & Maintenance,Mackay Office,,Central,Winchester Road,Moranbah,QLD,4744.0,-22.18942,148.20335,132,,,,,,,Inspection,Closed,,,,
MI03665,Inspection,2017-01-13 00:00:00,New Burton Demobilisation Site,Coal Mine - Surface,Coal Mine - Surface,COAL,Infrequent Operation,Mackay Office,,Central,Off Suttor Development Rd,Glenden,QLD,4743.0,0.0,0.0,133,,,,,,,Inspection,Closed,,,,
MI00086,Inspection,2017-01-13 00:00:00,Burton Mine,Coal Mine - Surface,Coal Mine - Surface,COAL,Care & Maintenance,Mackay Office,,Central,Off Suttor Development Road,Glenden,QLD,4743.0,-21.62114,148.18867,134,,,,,,,Inspection,Closed,,,,
MI01908,Action,2017-01-13 02:50:00,Dugald River Mine,Metalliferous Mine - Underground,Metalliferous Mine - Underground,MMQ,Operating,Mount Isa Office,MI- Cloncurry,Northern,Burke Development Road,Cloncurry,QLD,4824.0,-20.25369,140.159832,135,,Non Hazard Specific,Contractor management,,,,Inspection,Closed,Substandard Condition or Practice,,,1.0
MI01908,Action,2017-01-13 02:52:00,Dugald River Mine,Metalliferous Mine - Underground,Metalliferous Mine - Underground,MMQ,Operating,Mount Isa Office,MI- Cloncurry,Northern,Burke Development Road,Cloncurry,QLD,4824.0,-20.25369,140.159832,136,,Gravity,Fall of people,,,,Inspection,Closed,Substandard Condition or Practice,,,2.0
MI01648,Incident,2017-01-13 03:00:00,Dawson Mine,Coal Mine - Surface,Coal Mine - Surface,COAL,Operating,Rockhampton Office,,Central,Dawson Highway,MOURA,QLD,4718.0,-24.63169,150.06089,137,High Potential Incident,Gravity,Fall of ground-Surface,High potential no lost time,surface,Strata failure,,,,,,
MI00568,Incident,2017-01-13 06:30:00,Goonyella Riverside,Coal Mine - Surface,Coal Mine - Surface,COAL,Operating,Mackay Office,,Central,,,,,-21.7581,147.95235,138,High Potential Incident,Thermal,Fire,High potential no lost time,surface,Fire(s),,,,,,
MI01540,Incident,2017-01-13 08:15:00,Ensham Mine,Coal Mine - Surface,Coal Mine - Surface,COAL,Operating,Rockhampton Office,,,,,,,-23.48,148.52054,139,High Potential Incident,Mechanical,Mechanical failure,High potential no lost time,surface,Moving vehicles/equipment,,,,,,
MI00594,Incident,2017-01-13 08:56:00,Hail Creek,Coal Mine - Surface,Coal Mine - Surface,COAL,Operating,Mackay Office,,,,,,,-21.5,148.34391,140,High Potential Incident,Electrical,Other,High potential no lost time,surface,Fire(s),,,,,,
MI01781,Action,2017-01-13 09:41:00,Clermont Mine - Open Cut,Coal Mine - Surface,Coal Mine - Surface,COAL,Operating,Mackay Office,,Central,Gregory Development Road,Clermont,QLD,4721.0,-22.72688,147.62171,141,,,,,,,Inspection - Unannounced,Closed,Recommendation,,,1.0
MI02976,Incident,2017-01-13 09:45:00,Grosvenor Coal Mine,Coal Mine - Underground,Coal Mine - Underground,COAL,Operating,Mackay Office,C- Moranbah,Central,Ground Floor 201 Charlotte Street,Brisbane,QLD,4001.0,-21.97533,148.00995,142,Serious Accident,Gravity,Fall of equipment/material,High potential lost time,underground,Manual handling,,,,,,
MI01976,Incident,2017-01-13 11:15:00,Daunia Mine,Coal Mine - Surface,Coal Mine - Surface,COAL,Operating,Mackay Office,,Central,"Millennium Poitrel Access Road
Via Peak Downs Road",Moranbah,QLD,4744.0,-22.04127,148.26852,143,High Potential Incident,,,High potential no lost time,surface,Explosives,,,,,,
MI00149,Incident,2017-01-13 14:19:00,Coppabella - Open Cut,Coal Mine - Surface,Coal Mine - Surface,COAL,Operating,Mackay Office,,,,,,,-21.87,148.42141,144,High Potential Incident,Thermal,Fire,High potential no lost time,surface,Fire(s),,,,,,
MI00809,Incident,2017-01-13 15:10:00,Mt Isa - Lead & Zinc Concentrator,Metalliferous - Minerals Processing,Metalliferous Mine - Surface,MMQ,Operating,Mount Isa Office,MI- Mount Isa,Northern,,,,,-20.72219,139.481114,145,High Potential Incident,Thermal,Fire,High potential no lost time,surface,Fire(s),,,,,,
MI01649,Incident,2017-01-13 17:00:00,Isaac Plains,Coal Mine - Surface,Coal Mine - Surface,COAL,Operating,Mackay Office,,Central,10167 Peak Downs Highway,Coppabella,QLD,4741.0,-21.96206,148.10705,146,High Potential Incident,Explosives,Explosives - Misfire identified prior to firing,High potential no lost time,surface,Explosives,,,,,,
MI01547,Incident,2017-01-13 18:00:00,Broadmeadow Mine,Coal Mine - Underground,Coal Mine - Underground,COAL,Operating,Mackay Office,,,,,,,-21.83,147.97998,147,High Potential Incident,Electrical,Explosion protected equipment failure,High potential no lost time,surface,Electrical equipment,,,,,,
MI01584,Incident,2017-01-14 09:00:00,Collinsville Mine - Open Cut,Coal Mine - Surface,Coal Mine - Surface,COAL,Operating,Mackay Office,C- Mackay,Central,Scottville Road,Collinsville,QLD,4804.0,-20.55807,147.80291,148,High Potential Incident,Explosives,Explosives - Misfire identified after firing,High potential no lost time,surface,Explosives,,,,,,
MI00092,Incident,2017-01-14 09:30:00,Callide Mine,Coal Mine - Surface,Coal Mine - Surface,COAL,Operating,Rockhampton Office,,Central,Biloela Callide Road,BILOELA,QLD,4715.0,-24.3276,150.61872,149,High Potential Incident,Electrical,Electric Shock,High potential no lost time,surface,Electrical equipment,,,,,,
MI00772,Incident,2017-01-14 22:47:00,Mount Rawdon,Metalliferous Mine - Surface,Metalliferous Mine - Surface,MMQ,Operating,Brisbane Office,,,,,,,-25.27,151.75833,150,High Potential Incident,Gravity,Fall of ground,High potential no lost time,surface,Falling/flying material/objects,,,,,,
MI00631,Incident,2017-01-14 23:10:00,Jellinbah East Mine,Coal Mine - Surface,Coal Mine - Surface,COAL,Operating,Rockhampton Office,,Central,,BLUFF,QLD,4702.0,-23.38814,148.96074,151,High Potential Incident,Gravity,Other,High potential no lost time,surface,Human error/actions,,,,,,
MI01707,Incident,2017-01-15 08:40:00,The Sand And Soil Company,Metalliferous - Quarry,Quarry,MMQ,Operating,Brisbane Office,B- Scenic Rim,Southern,,,,,-27.91395,153.133836,152,Serious Accident,Vehicle,Rollover,High potential lost time,surface,Moving vehicles/equipment,,,,,,
MI00092,Incident,2017-01-15 13:30:00,Callide Mine,Coal Mine - Surface,Coal Mine - Surface,COAL,Operating,Rockhampton Office,,Central,Biloela Callide Road,BILOELA,QLD,4715.0,-24.3276,150.61872,153,High Potential Incident,,,High potential no lost time,surface,Explosives,,,,,,
MI01400,Incident,2017-01-15 15:00:00,Millennium Mine,Coal Mine - Surface,Coal Mine - Surface,COAL,Operating,Mackay Office,,Central,Via Peak Downs Highway,Moranbah,QLD,4744.0,-22.01548,148.25111,154,High Potential Incident,Thermal,Fire,High potential no lost time,surface,Fire(s),,,,,,
MI00254,Inspection,2017-01-16 00:00:00,Foxleigh Mine,Coal Mine - Surface,Coal Mine - Surface,COAL,Operating,Rockhampton Office,,Central,Dysart-Middlemount Road,MIDDLEMOUNT,QLD,4746.0,-22.9836,148.77829,155,,,,,,,Inspection,Closed,,,,
MI01409,Inspection,2017-01-16 00:00:00,Narangba Quarry,Metalliferous - Quarry,Quarry,MMQ,Operating,Brisbane Office,B- Moreton Bay,Southern,Raynbird Road,Narangba,QLD,4504.0,-27.17706,152.883439,156,,,,,,,Inspection,Closed,,,,
MI00599,Inspection,2017-01-16 00:00:00,Harlaxton Quarry,Metalliferous - Quarry,Quarry,MMQ,Operating,Brisbane Office,B- Toowoomba,Southern,,,,,-27.53157,151.962701,157,,,,,,,Inspection,Closed,,,,
MI01579,Action,2017-01-16 03:28:00,West Burleigh Quarry,Metalliferous - Quarry,Quarry,MMQ,Operating,Brisbane Office,B- Gold Coast,Southern,,,,,-28.1115,153.421437,158,,,,,,,Inspection,Closed,Directive,165.0,Directive to review safety and health management system,1.0
MI00711,Incident,2017-01-16 07:40:00,Meandu Mine,Coal Mine - Surface,Coal Mine - Surface,COAL,Operating,Rockhampton Office,S- South Burnett,Central,Nobby Smith Way,NANANGO,QLD,4615.0,-26.79393,151.89872,159,High Potential Incident,Thermal,Fire,High potential no lost time,surface,Fire(s),,,,,,
MI01907,Incident,2017-01-16 09:30:00,Lake Vermont,Coal Mine - Surface,Coal Mine - Surface,COAL,Operating,Mackay Office,,,,,,,-22.47,148.40803,160,High Potential Incident,Pressure,Other,High potential no lost time,surface,Pressured storage systems,,,,,,
MI01705,Incident,2017-01-16 14:07:00,Poitrel Mine,Coal Mine - Surface,Coal Mine - Surface,COAL,Operating,Mackay Office,,Central,"Millennium Access Road
Peak Downs Highway",Moranbah,QLD,4744.0,-22.04109,148.26048,161,High Potential Incident,Vehicle,Other,High potential no lost time,surface,Human error/actions,,,,,,
MI00149,Incident,2017-01-16 20:20:00,Coppabella - Open Cut,Coal Mine - Surface,Coal Mine - Surface,COAL,Operating,Mackay Office,,,,,,,-21.87,148.42141,162,High Potential Incident,Thermal,Fire,High potential no lost time,surface,Other,,,,,,
MI01399,Inspection,2017-01-17 00:00:00,Mandarana Quarry,Metalliferous - Quarry,Quarry,MMQ,Operating,Townsville Office,C- Mackay,Northern,,,,,-21.10958,149.041175,163,,,,,,,Inspection,Closed,,,,
MI03318,Inspection,2017-01-17 00:00:00,Kalbar Quarry,Metalliferous - Quarry,Quarry,MMQ,Operating,Brisbane Office,B- Scenic Rim,Southern,,,,,-27.94695,152.55871,164,,,,,,,Inspection,Closed,,,,
MI01413,Inspection,2017-01-17 00:00:00,Weipa,Metalliferous Mine - Surface,Metalliferous Mine - Surface,MMQ,Operating,Townsville Office,,,,,,,-12.67,141.86861,165,,,,,,,Inspection,Closed,,,,
MI01459,Inspection,2017-01-17 00:00:00,Grasstree Mine,Coal Mine - Underground,Coal Mine - Underground,COAL,Operating,Rockhampton Office,,Central,,,,,-22.98885,148.57943,166,,,,,,,Inspection,Closed,,,,
MI01549,Inspection,2017-01-17 00:00:00,Innisfail Quarry,Metalliferous - Quarry,Quarry,MMQ,Operating,Townsville Office,T- Innisfail / Cairns,Northern,,,,,-17.55314,145.91732,167,,,,,,,Inspection,Closed,,,,
MI01416,Inspection,2017-01-17 00:00:00,Cook Mine,Coal Mine - Underground,Coal Mine - Underground,COAL,Operating,Rockhampton Office,,Central,2613 Blackwater-Rolleston Road,BLACKWATER,QLD,4717.0,-23.82654,148.8896,168,,,,,,,Inspection,Closed,,,,
MI00181,Inspection,2017-01-17 00:00:00,Dundowran West Quarry,Metalliferous - Quarry,Quarry,MMQ,Operating,Brisbane Office,B- Fraser Coast,Southern,,,,,-25.30993,152.740782,169,,,,,,,Inspection,Closed,,,,
MI00132,Inspection,2017-01-17 00:00:00,Clutha Creek Sands,Metalliferous - Quarry,Quarry,MMQ,Operating,Brisbane Office,B- Logan,Southern,,,,,-27.85656,153.116561,170,,,,,,,Inspection,Closed,,,,
MI01408,Inspection,2017-01-17 00:00:00,Moy Pocket Quarry,Metalliferous - Quarry,Quarry,MMQ,Operating,Brisbane Office,B- Sunshine Coast,Southern,,,,,-26.53266,152.74295,171,,,,,,,Inspection,Closed,,,,
MI00254,Action,2017-01-17 01:12:00,Foxleigh Mine,Coal Mine - Surface,Coal Mine - Surface,COAL,Operating,Rockhampton Office,,Central,Dysart-Middlemount Road,MIDDLEMOUNT,QLD,4746.0,-22.9836,148.77829,172,,,,,,,Inspection,Closed,Directive,168.0,Directive to review safety and health management system and principal hazard management plans,1.0
MI00054,Incident,2017-01-17 08:45:00,Blackwater Mine,Coal Mine - Surface,Coal Mine - Surface,COAL,Operating,Rockhampton Office,,Central,Ardurad Road (Blackwater Rolleston Road),BLACKWATER,QLD,4717.0,-23.7697,148.87879,173,High Potential Incident,Thermal,Fire,High potential no lost time,surface,Fire(s),,,,,,
MI01152,Action,2017-01-17 10:49:00,Ningi Silica Sand Mine,Metalliferous Mine - Surface,Metalliferous Mine - Surface,MMQ,Operating,Brisbane Office,B- Moreton Bay,Southern,,,,,-27.0818,153.089742,174,,,,,,,Inspection,Closed,Directive,165.0,Directive to review safety and health management system,1.0
MI01190,Inspection,2017-01-18 00:00:00,Peak Downs,Coal Mine - Surface,Coal Mine - Surface,COAL,Operating,Mackay Office,,Central,,,,,-22.25686,148.17664,175,,,,,,,Inspection,Closed,,,,
MI00690,Inspection,2017-01-18 00:00:00,Maidenwell Mine,Metalliferous Mine - Surface,Metalliferous Mine - Surface,MMQ,Operating,Brisbane Office,B- South Burnett,Southern,Brooklands Road,Maidenwell,QLD,4615.0,-26.79636,151.776716,176,,,,,,,Inspection,Closed,,,,
MI03461,Inspection,2017-01-18 00:00:00,Amrun Construction,Metalliferous Mine - Surface,Metalliferous Mine - Surface,MMQ,Closed,Townsville Office,T- Weipa,Northern,,,,,-12.96522,141.62326,177,,,,,,,Inspection,Closed,,,,
MI03527,Inspection,2017-01-18 00:00:00,Haenke #3,Coal Mine - Surface,Coal Mine - Surface,COAL,Closed,Rockhampton Office,S- Ipswich,Central,4 Austin Street,NEW CHUM,QLD,4303.0,-27.63055556,152.81994,178,,,,,,,Inspection,Closed,,,,
MI00110,Inspection,2017-01-18 00:00:00,Cedars Mine,Metalliferous Mine - Surface,Metalliferous Mine - Surface,MMQ,Operating,Brisbane Office,B- Toowoomba,Southern,,,,,-26.88108,151.887752,179,,,,,,,Inspection,Closed,,,,
MI00179,Inspection,2017-01-18 00:00:00,Dundowran Quarry,Metalliferous - Quarry,Quarry,MMQ,Operating,Brisbane Office,B- Fraser Coast,Southern,Lower Mountain Road,Dundowran,Qld,4655.0,-25.2937,152.755186,180,,,,,,,Inspection,Closed,,,,
MI02717,Inspection,2017-01-18 00:00:00,Sheldon Quarry,Metalliferous - Quarry,Quarry,MMQ,Closed,Brisbane Office,B- Redland,Southern,706 Mt Cotton Rd.,Sheldon,QLD,4157.0,-27.57556,153.219948,181,,,,,,,Inspection,Closed,,,,
MI00631,Inspection,2017-01-18 00:00:00,Jellinbah East Mine,Coal Mine - Surface,Coal Mine - Surface,COAL,Operating,Rockhampton Office,,Central,,BLUFF,QLD,4702.0,-23.38814,148.96074,182,,,,,,,Inspection,Closed,,,,
MI03031,Inspection,2017-01-18 00:00:00,West German Church Quarry,Metalliferous - Quarry,Quarry,MMQ,Operating,Brisbane Office,B- Redland,Southern,,,,,-27.63005,153.269565,183,,,,,,,Inspection,Closed,,,,
MI02663,Inspection,2017-01-18 00:00:00,Ensham Underground Mine,Coal Mine - Underground,Coal Mine - Underground,COAL,Operating,Rockhampton Office,,,,,,,-23.5,148.49282,184,,,,,,,Inspection,Closed,,,,
MI01603,Inspection,2017-01-18 00:00:00,Wolfram Camp,Metalliferous Mine - Surface,Metalliferous Mine - Surface,MMQ,Closed,Townsville Office,T- Mareeba / Atherton / Herberton,Northern,,,,,-17.08282,144.96926,185,,,,,,,Inspection,Closed,,,,
MI01375,Action,2017-01-18 02:33:00,Yellowood - Stonemaster Quarry,Metalliferous - Quarry,Quarry,MMQ,Operating,Brisbane Office,B- Gold Coast,Southern,,Yellowood,,,-27.72284,153.24587,186,,,,,,,Inspection,Closed,Directive,163.0,Directive to reduce risk,1.0
MI00150,Action,2017-01-18 08:13:00,Cracow Mine,Metalliferous Mine - Underground,Metalliferous Mine - Underground,MMQ,Operating,Brisbane Office,,,,,,,-25.3,150.28919,187,,,,,,,Inspection,Closed,Recommendation,,,1.0
MI00150,Action,2017-01-18 08:34:00,Cracow Mine,Metalliferous Mine - Underground,Metalliferous Mine - Underground,MMQ,Operating,Brisbane Office,,,,,,,-25.3,150.28919,188,,,,,,,Inspection,Closed,Substandard Condition or Practice,,,2.0
MI00150,Action,2017-01-18 08:43:00,Cracow Mine,Metalliferous Mine - Underground,Metalliferous Mine - Underground,MMQ,Operating,Brisbane Office,,,,,,,-25.3,150.28919,189,,,,,,,Inspection,Closed,Directive,163.0,Directive to reduce risk,3.0
MI01413,Incident,2017-01-18 08:47:00,Weipa,Metalliferous Mine - Surface,Metalliferous Mine - Surface,MMQ,Operating,Townsville Office,,,,,,,-12.67,141.86861,190,High Potential Incident,Vehicle,Collision with another vehicle,High potential no lost time,surface,Moving vehicles/equipment,,,,,,
MI00150,Action,2017-01-18 09:19:00,Cracow Mine,Metalliferous Mine - Underground,Metalliferous Mine - Underground,MMQ,Operating,Brisbane Office,,,,,,,-25.3,150.28919,191,,,,,,,Inspection,Closed,Substandard Condition or Practice,,,4.0
MI00150,Action,2017-01-18 09:32:00,Cracow Mine,Metalliferous Mine - Underground,Metalliferous Mine - Underground,MMQ,Operating,Brisbane Office,,,,,,,-25.3,150.28919,192,,,,,,,Inspection,Closed,Substandard Condition or Practice,,,5.0
MI00150,Action,2017-01-18 09:45:00,Cracow Mine,Metalliferous Mine - Underground,Metalliferous Mine - Underground,MMQ,Operating,Brisbane Office,,,,,,,-25.3,150.28919,193,,,,,,,Inspection,Closed,Recommendation,,,6.0
MI01573,Incident,2017-01-18 13:25:00,South Walker Creek,Coal Mine - Surface,Coal Mine - Surface,COAL,Operating,Mackay Office,,Central,Via Peak Downs Highway,Nebo,QLD,4744.0,-21.77801,148.48194,194,High Potential Incident,Gravity,Rock fall - Surface,High potential no lost time,surface,Strata failure,,,,,,
MI00159,Incident,2017-01-18 20:00:00,Curragh Mine,Coal Mine - Surface,Coal Mine - Surface,COAL,Operating,Rockhampton Office,,,,,,,-23.49741,148.84478,195,High Potential Incident,,,,,,,,,,,
MI00553,Incident,2017-01-18 20:00:00,Capcoal Surface Coal Mine,Coal Mine - Surface,Coal Mine - Surface,COAL,Operating,Rockhampton Office,,,,,,,-22.93,148.55146,196,High Potential Incident,Vehicle,Rollover,High potential no lost time,surface,Moving vehicles/equipment,,,,,,
MI03427,Incident,2017-01-18 21:20:00,Jellinbah Plains,Coal Mine - Surface,Coal Mine - Surface,COAL,Closed,Rockhampton Office,,Central,Fitzroy Development Road,BLUFF,QLD,4702.0,-23.32663,148.92329,197,High Potential Incident,Thermal,Fire,High potential no lost time,surface,Fire(s),,,,,,
MI02849,Inspection,2017-01-19 00:00:00,Stradbroke Glass,Metalliferous Mine - Surface,Metalliferous Mine - Surface,MMQ,Closed,Brisbane Office,B- Redland,Southern,,,,,-27.46421,153.439919,198,,,,,,,Inspection,Closed,,,,
MI01404,Inspection,2017-01-19 00:00:00,Oaky North Mine,Coal Mine - Underground,Coal Mine - Underground,COAL,Operating,Rockhampton Office,,Central,Oaky Creek Mine Access Road,LILYVALE,QLD,4723.0,-23.03935,148.53987,199,,,,,,,Inspection,Closed,,,,
MI01708,Inspection,2017-01-19 00:00:00,Mungana Underground,Metalliferous Mine - Underground,Metalliferous Mine - Underground,MMQ,Care & Maintenance,Townsville Office,T- Chilligoe,Northern,,,,,-17.10654,144.38406,200,,,,,,,Inspection,Closed,,,,
MI03461,Inspection,2017-01-19 00:00:00,Amrun Construction,Metalliferous Mine - Surface,Metalliferous Mine - Surface,MMQ,Closed,Townsville Office,T- Weipa,Northern,,,,,-12.96522,141.62326,201,,,,,,,Inspection,Closed,,,,
MI01414,Inspection,2017-01-19 00:00:00,Yarraman,Metalliferous Mine - Dredging Operation,Metalliferous Mine - Surface,MMQ,Closed,Brisbane Office,B- Redland,Southern,,,,,-27.46515,153.491104,202,,,,,,,Inspection,Closed,,,,
MI01707,Inspection,2017-01-19 00:00:00,The Sand And Soil Company,Metalliferous - Quarry,Quarry,MMQ,Operating,Brisbane Office,B- Scenic Rim,Southern,,,,,-27.91395,153.133836,203,,,,,,,Inspection,Closed,,,,
MI03427,Inspection,2017-01-19 00:00:00,Jellinbah Plains,Coal Mine - Surface,Coal Mine - Surface,COAL,Closed,Rockhampton Office,,Central,Fitzroy Development Road,BLUFF,QLD,4702.0,-23.32663,148.92329,204,,,,,,,Inspection,Closed,,,,
MI00609,Inspection,2017-01-19 00:00:00,Hodgleigh Quarry,Metalliferous - Quarry,Quarry,MMQ,Operating,Brisbane Office,B- South Burnett,Southern,22 Hodgleigh North Road,Nanango,QLD,4615.0,-26.62843,151.942039,205,,,,,,,Inspection,Closed,,,,
MI01649,Inspection,2017-01-19 00:00:00,Isaac Plains,Coal Mine - Surface,Coal Mine - Surface,COAL,Operating,Mackay Office,,Central,10167 Peak Downs Highway,Coppabella,QLD,4741.0,-21.96206,148.10705,206,,,,,,,Inspection - Unannounced,Closed,,,,
MI00254,Inspection,2017-01-19 00:00:00,Foxleigh Mine,Coal Mine - Surface,Coal Mine - Surface,COAL,Operating,Rockhampton Office,,Central,Dysart-Middlemount Road,MIDDLEMOUNT,QLD,4746.0,-22.9836,148.77829,207,,,,,,,Inspection,Closed,,,,
MI00206,Inspection,2017-01-19 00:00:00,Exploration - Anglo Coal Australia Pty Ltd,Coal Mine - Exploration,Coal Mine - Surface,COAL,Infrequent Operation,Rockhampton Office,,Central,,,,,0.0,0.0,208,,,,,,,Inspection,Closed,,,,
MI02614,Inspection,2017-01-19 00:00:00,Roseneath Quarry - Boral,Metalliferous - Quarry,Quarry,MMQ,Operating,Townsville Office,T- Townsville / Ayr,Northern,720 Flinders Highway,Roseneath,QLD,4811.0,-19.37032,146.83264,209,,,,,,,Inspection,Closed,,,,
MI01648,Inspection,2017-01-19 00:00:00,Dawson Mine,Coal Mine - Surface,Coal Mine - Surface,COAL,Operating,Rockhampton Office,,Central,Dawson Highway,MOURA,QLD,4718.0,-24.63169,150.06089,210,,,,,,,Inspection,Closed,,,,
MI01162,Incident,2017-01-19 01:55:00,Oaky Creek No. 1 Colliery,Coal Mine - Underground,Coal Mine - Underground,COAL,Closed,Rockhampton Office,,Central,,,,,-23.07071,148.49695,211,High Potential Incident,Not Applicable,Not Applicable,High potential no lost time,underground,Noxious liquids/gases,,,,,,
MI02717,Action,2017-01-19 06:08:00,Sheldon Quarry,Metalliferous - Quarry,Quarry,MMQ,Closed,Brisbane Office,B- Redland,Southern,706 Mt Cotton Rd.,Sheldon,QLD,4157.0,-27.57556,153.219948,212,,,,,,,Inspection,Closed,Substandard Condition or Practice,,,1.0
MI02717,Action,2017-01-19 06:12:00,Sheldon Quarry,Metalliferous - Quarry,Quarry,MMQ,Closed,Brisbane Office,B- Redland,Southern,706 Mt Cotton Rd.,Sheldon,QLD,4157.0,-27.57556,153.219948,213,,,,,,,Inspection,Closed,Substandard Condition or Practice,,,2.0
MI02717,Action,2017-01-19 06:15:00,Sheldon Quarry,Metalliferous - Quarry,Quarry,MMQ,Closed,Brisbane Office,B- Redland,Southern,706 Mt Cotton Rd.,Sheldon,QLD,4157.0,-27.57556,153.219948,214,,,,,,,Inspection,Closed,Substandard Condition or Practice,,,3.0
MI01413,Incident,2017-01-19 07:00:00,Weipa,Metalliferous Mine - Surface,Metalliferous Mine - Surface,MMQ,Operating,Townsville Office,,,,,,,-12.67,141.86861,215,High Potential Incident,Vehicle,Collision with another vehicle,High potential no lost time,surface,Other,,,,,,
MI01648,Incident,2017-01-19 07:30:00,Dawson Mine,Coal Mine - Surface,Coal Mine - Surface,COAL,Operating,Rockhampton Office,,Central,Dawson Highway,MOURA,QLD,4718.0,-24.63169,150.06089,216,High Potential Incident,Vehicle,Collision with another vehicle,High potential no lost time,surface,Moving vehicles/equipment,,,,,,
MI00159,Incident,2017-01-19 07:50:00,Curragh Mine,Coal Mine - Surface,Coal Mine - Surface,COAL,Operating,Rockhampton Office,,,,,,,-23.49741,148.84478,217,High Potential Incident,Electrical,Cable Damage,High potential no lost time,surface,Moving vehicles/equipment,,,,,,
MI00179,Action,2017-01-19 11:58:00,Dundowran Quarry,Metalliferous - Quarry,Quarry,MMQ,Operating,Brisbane Office,B- Fraser Coast,Southern,Lower Mountain Road,Dundowran,Qld,4655.0,-25.2937,152.755186,218,,,,,,,Inspection,Closed,Substandard Condition or Practice,,,1.0
MI01573,Incident,2017-01-19 14:05:00,South Walker Creek,Coal Mine - Surface,Coal Mine - Surface,COAL,Operating,Mackay Office,,Central,Via Peak Downs Highway,Nebo,QLD,4744.0,-21.77801,148.48194,219,High Potential Incident,Vehicle,Mechanical/structural failure of vehicle,High potential no lost time,surface,Human error/actions,,,,,,
MI00156,Inspection,2017-01-20 00:00:00,Cryna Road Quarry,Metalliferous - Quarry,Quarry,MMQ,Operating,Brisbane Office,B- Scenic Rim,Southern,,,,,-28.03357,152.995044,220,,,,,,,Inspection,Closed,,,,
MI01400,Inspection,2017-01-20 00:00:00,Millennium Mine,Coal Mine - Surface,Coal Mine - Surface,COAL,Operating,Mackay Office,,Central,Via Peak Downs Highway,Moranbah,QLD,4744.0,-22.01548,148.25111,221,,,,,,,Inspection,Closed,,,,
MI02811,Inspection,2017-01-20 00:00:00,Baal Gammon,Metalliferous Mine - Surface,Metalliferous Mine - Surface,MMQ,Closed,Townsville Office,T- Mareeba / Atherton / Herberton,Northern,,,,,-17.38346,145.3334917,222,,,,,,,Inspection - Unannounced,Closed,,,,
MI00242,Inspection,2017-01-20 00:00:00,Farleigh Quarry,Metalliferous - Quarry,Quarry,MMQ,Operating,Townsville Office,C- Mackay,Northern,,,,,-21.07011,149.0877,223,,,,,,,Inspection,Closed,,,,
MI01582,Inspection,2017-01-20 00:00:00,Wongabel Quarry,Metalliferous - Quarry,Quarry,MMQ,Operating,Townsville Office,T- Mareeba / Atherton / Herberton,Northern,,,,,-17.33644,145.47839,224,,,,,,,Inspection,Closed,,,,
MI01416,Action,2017-01-20 01:19:00,Cook Mine,Coal Mine - Underground,Coal Mine - Underground,COAL,Operating,Rockhampton Office,,Central,2613 Blackwater-Rolleston Road,BLACKWATER,QLD,4717.0,-23.82654,148.8896,225,,,,,,,Inspection,Closed,Substandard Condition or Practice,,,6.0
MI01416,Action,2017-01-20 01:25:00,Cook Mine,Coal Mine - Underground,Coal Mine - Underground,COAL,Operating,Rockhampton Office,,Central,2613 Blackwater-Rolleston Road,BLACKWATER,QLD,4717.0,-23.82654,148.8896,226,,,,,,,Inspection,Closed,Substandard Condition or Practice,,,7.0
MI01416,Action,2017-01-20 01:30:00,Cook Mine,Coal Mine - Underground,Coal Mine - Underground,COAL,Operating,Rockhampton Office,,Central,2613 Blackwater-Rolleston Road,BLACKWATER,QLD,4717.0,-23.82654,148.8896,227,,,,,,,Inspection,Closed,Substandard Condition or Practice,,,8.0
MI01416,Action,2017-01-20 01:35:00,Cook Mine,Coal Mine - Underground,Coal Mine - Underground,COAL,Operating,Rockhampton Office,,Central,2613 Blackwater-Rolleston Road,BLACKWATER,QLD,4717.0,-23.82654,148.8896,228,,,,,,,Inspection,Closed,Directive,166.0,Directive to reduce risk,9.0
MI00054,Incident,2017-01-20 05:55:00,Blackwater Mine,Coal Mine - Surface,Coal Mine - Surface,COAL,Operating,Rockhampton Office,,Central,Ardurad Road (Blackwater Rolleston Road),BLACKWATER,QLD,4717.0,-23.7697,148.87879,229,High Potential Incident,Vehicle,Collision with a built or natural structure,High potential no lost time,surface,Moving vehicles/equipment,,,,,,
MI00159,Incident,2017-01-20 11:00:00,Curragh Mine,Coal Mine - Surface,Coal Mine - Surface,COAL,Operating,Rockhampton Office,,,,,,,-23.49741,148.84478,230,High Potential Incident,,,High potential no lost time,surface,Explosives,,,,,,
MI01416,Action,2017-01-20 11:49:00,Cook Mine,Coal Mine - Underground,Coal Mine - Underground,COAL,Operating,Rockhampton Office,,Central,2613 Blackwater-Rolleston Road,BLACKWATER,QLD,4717.0,-23.82654,148.8896,231,,,,,,,Inspection,Closed,Recommendation,,,1.0
MI03031,Action,2017-01-20 12:13:00,West German Church Quarry,Metalliferous - Quarry,Quarry,MMQ,Operating,Brisbane Office,B- Redland,Southern,,,,,-27.63005,153.269565,232,,,,,,,Inspection,Closed,Directive,163.0,Directive to reduce risk,2.0
MI01416,Action,2017-01-20 12:17:00,Cook Mine,Coal Mine - Underground,Coal Mine - Underground,COAL,Operating,Rockhampton Office,,Central,2613 Blackwater-Rolleston Road,BLACKWATER,QLD,4717.0,-23.82654,148.8896,233,,,,,,,Inspection,Closed,Substandard Condition or Practice,,,2.0
MI01416,Action,2017-01-20 12:23:00,Cook Mine,Coal Mine - Underground,Coal Mine - Underground,COAL,Operating,Rockhampton Office,,Central,2613 Blackwater-Rolleston Road,BLACKWATER,QLD,4717.0,-23.82654,148.8896,234,,,,,,,Inspection,Closed,Substandard Condition or Practice,,,3.0
MI03031,Action,2017-01-20 12:26:00,West German Church Quarry,Metalliferous - Quarry,Quarry,MMQ,Operating,Brisbane Office,B- Redland,Southern,,,,,-27.63005,153.269565,235,,,,,,,Inspection,Closed,Substandard Condition or Practice,,,3.0
MI03031,Action,2017-01-20 12:30:00,West German Church Quarry,Metalliferous - Quarry,Quarry,MMQ,Operating,Brisbane Office,B- Redland,Southern,,,,,-27.63005,153.269565,236,,,,,,,Inspection,Closed,Substandard Condition or Practice,,,4.0
MI00594,Incident,2017-01-20 12:30:00,Hail Creek,Coal Mine - Surface,Coal Mine - Surface,COAL,Operating,Mackay Office,,,,,,,-21.5,148.34391,237,High Potential Incident,Vehicle,Other,High potential no lost time,surface,Moving vehicles/equipment,,,,,,
MI03031,Action,2017-01-20 12:35:00,West German Church Quarry,Metalliferous - Quarry,Quarry,MMQ,Operating,Brisbane Office,B- Redland,Southern,,,,,-27.63005,153.269565,238,,,,,,,Inspection,Closed,Substandard Condition or Practice,,,5.0
MI03031,Action,2017-01-20 12:39:00,West German Church Quarry,Metalliferous - Quarry,Quarry,MMQ,Operating,Brisbane Office,B- Redland,Southern,,,,,-27.63005,153.269565,239,,,,,,,Inspection,Closed,Substandard Condition or Practice,,,6.0
MI03031,Action,2017-01-20 12:44:00,West German Church Quarry,Metalliferous - Quarry,Quarry,MMQ,Operating,Brisbane Office,B- Redland,Southern,,,,,-27.63005,153.269565,240,,,,,,,Inspection,Closed,Substandard Condition or Practice,,,1.0
MI01416,Action,2017-01-20 12:48:00,Cook Mine,Coal Mine - Underground,Coal Mine - Underground,COAL,Operating,Rockhampton Office,,Central,2613 Blackwater-Rolleston Road,BLACKWATER,QLD,4717.0,-23.82654,148.8896,241,,,,,,,Inspection,Closed,Substandard Condition or Practice,,,4.0
MI01416,Action,2017-01-20 12:59:00,Cook Mine,Coal Mine - Underground,Coal Mine - Underground,COAL,Operating,Rockhampton Office,,Central,2613 Blackwater-Rolleston Road,BLACKWATER,QLD,4717.0,-23.82654,148.8896,242,,,,,,,Inspection,Closed,Substandard Condition or Practice,,,5.0
MI01573,Incident,2017-01-20 19:15:00,South Walker Creek,Coal Mine - Surface,Coal Mine - Surface,COAL,Operating,Mackay Office,,Central,Via Peak Downs Highway,Nebo,QLD,4744.0,-21.77801,148.48194,243,High Potential Incident,Thermal,Fire,High potential no lost time,surface,Human error/actions,,,,,,
MI02952,Incident,2017-01-20 19:30:00,Caval Ridge Mine,Coal Mine - Surface,Coal Mine - Surface,COAL,Operating,Mackay Office,C- Mackay,Central,,,,,-22.15615,148.05892,244,High Potential Incident,Vehicle,Collision with another vehicle,High potential no lost time,surface,Human error/actions,,,,,,
MI00568,Incident,2017-01-21 11:45:00,Goonyella Riverside,Coal Mine - Surface,Coal Mine - Surface,COAL,Operating,Mackay Office,,Central,,,,,-21.7581,147.95235,245,High Potential Incident,Thermal,Fire,High potential no lost time,surface,Hot liquids/materials,,,,,,
MI00711,Incident,2017-01-21 15:30:00,Meandu Mine,Coal Mine - Surface,Coal Mine - Surface,COAL,Operating,Rockhampton Office,S- South Burnett,Central,Nobby Smith Way,NANANGO,QLD,4615.0,-26.79393,151.89872,246,High Potential Incident,Thermal,Fire,High potential no lost time,surface,Fire(s),,,,,,
MI01362,Incident,2017-01-21 21:15:00,Acid Plant,Metalliferous - Minerals Processing,Metalliferous Mine - Surface,MMQ,Operating,Mount Isa Office,MI- Mount Isa,Northern,,,,,-20.73533889,139.48389,247,High Potential Incident,Chemical,Exposure to other chemicals,High potential no lost time,surface,Hazardous chemicals,,,,,,
MI01146,Incident,2017-01-22 06:15:00,New Acland,Coal Mine - Surface,Coal Mine - Surface,COAL,Operating,Rockhampton Office,S- Toowoomba,Central,Cherrys Road,MULDU,QLD,4401.0,-27.27034,151.699331,248,High Potential Incident,Electrical,Electric Shock,High potential no lost time,surface,Electrical equipment,,,,,,
MI01413,Incident,2017-01-22 07:15:00,Weipa,Metalliferous Mine - Surface,Metalliferous Mine - Surface,MMQ,Operating,Townsville Office,,,,,,,-12.67,141.86861,249,High Potential Incident,Thermal,Fire,High potential no lost time,surface,Flammable liquids/gases,,,,,,
MI00159,Incident,2017-01-22 11:05:00,Curragh Mine,Coal Mine - Surface,Coal Mine - Surface,COAL,Operating,Rockhampton Office,,,,,,,-23.49741,148.84478,250,High Potential Incident,Explosives,Explosives - Person breaching exclusion zone,High potential no lost time,surface,Explosives,,,,,,
MI00594,Incident,2017-01-22 14:55:00,Hail Creek,Coal Mine - Surface,Coal Mine - Surface,COAL,Operating,Mackay Office,,,,,,,-21.5,148.34391,251,High Potential Incident,Electrical,Other,High potential no lost time,surface,Fire(s),,,,,,
MI01705,Incident,2017-01-22 17:00:00,Poitrel Mine,Coal Mine - Surface,Coal Mine - Surface,COAL,Operating,Mackay Office,,Central,"Millennium Access Road
Peak Downs Highway",Moranbah,QLD,4744.0,-22.04109,148.26048,252,High Potential Incident,,,High potential no lost time,surface,Explosives,,,,,,
MI01190,Incident,2017-01-22 17:30:00,Peak Downs,Coal Mine - Surface,Coal Mine - Surface,COAL,Operating,Mackay Office,,Central,,,,,-22.25686,148.17664,253,High Potential Incident,,,,,,,,,,,
MI00552,Inspection,2017-01-23 00:00:00,German Church Quarry,Metalliferous - Quarry,Quarry,MMQ,Operating,Brisbane Office,B- Redland,Southern,645 German Church Road,Redlands,QLD,4165.0,-27.63007,153.271873,254,,,,,,,Inspection,Closed,,,,
MI00557,Inspection,2017-01-23 00:00:00,Glasshouse Quarry,Metalliferous - Quarry,Quarry,MMQ,Operating,Brisbane Office,B- Sunshine Coast,Southern,,,,,-26.91286,152.922304,255,,,,,,,Inspection,Closed,,,,
MI00254,Action,2017-01-23 08:02:00,Foxleigh Mine,Coal Mine - Surface,Coal Mine - Surface,COAL,Operating,Rockhampton Office,,Central,Dysart-Middlemount Road,MIDDLEMOUNT,QLD,4746.0,-22.9836,148.77829,256,,,,,,,Inspection,Closed,Substandard Condition or Practice,,,2.0
MI00110,Action,2017-01-23 12:26:00,Cedars Mine,Metalliferous Mine - Surface,Metalliferous Mine - Surface,MMQ,Operating,Brisbane Office,B- Toowoomba,Southern,,,,,-26.88108,151.887752,257,,,,,,,Inspection,Closed,Substandard Condition or Practice,,,1.0
MI01976,Incident,2017-01-23 14:00:00,Daunia Mine,Coal Mine - Surface,Coal Mine - Surface,COAL,Operating,Mackay Office,,Central,"Millennium Poitrel Access Road
Via Peak Downs Road",Moranbah,QLD,4744.0,-22.04127,148.26852,258,High Potential Incident,Electrical,Cable Damage,High potential no lost time,surface,Moving components/parts,,,,,,
MI01190,Incident,2017-01-23 19:50:00,Peak Downs,Coal Mine - Surface,Coal Mine - Surface,COAL,Operating,Mackay Office,,Central,,,,,-22.25686,148.17664,259,Serious Accident,Vehicle,Other,Lost time,surface,Moving vehicles/equipment,,,,,,
MI01547,Incident,2017-01-23 22:30:00,Broadmeadow Mine,Coal Mine - Underground,Coal Mine - Underground,COAL,Operating,Mackay Office,,,,,,,-21.83,147.97998,260,High Potential Incident,Gas Management,Withdrawal due to high gas levels or ventilation failure,High potential no lost time,underground,Flammable liquids/gases,,,,,,
MI00034,Incident,2017-01-23 23:50:00,Beenleigh Wolffdene - Quarry,Metalliferous - Quarry,Quarry,MMQ,Operating,Brisbane Office,,,,,,,-27.78,153.19944,261,High Potential Incident,Electrical,Electric shock,High potential no lost time,surface,Electrical equipment,,,,,,
MI00766,Inspection,2017-01-24 00:00:00,Mount Marrow Quarry,Metalliferous - Quarry,Quarry,MMQ,Operating,Brisbane Office,B- Ipswich,Southern,,,,,-27.59233,152.624209,262,,,,,,,Inspection,Closed,,,,
MI03044,Inspection,2017-01-24 00:00:00,Montgomery Mine - WK Haulage,Metalliferous Mine - Surface,Metalliferous Mine - Surface,MMQ,Closed,Brisbane Office,B- Lockyer Valley,Southern,31/9 Quarry Road,Stapylton,QLD,4207.0,-27.50238,152.101533,263,,,,,,,Inspection,Closed,,,,
MI00239,Inspection,2017-01-24 00:00:00,Rocklands,Metalliferous Mine - Surface,Metalliferous Mine - Surface,MMQ,Operating,Mount Isa Office,,,,,,,-20.65,140.36036,264,,,,,,,Inspection,Closed,,,,
MI01569,Inspection,2017-01-24 00:00:00,Rolleston Mine,Coal Mine - Surface,Coal Mine - Surface,COAL,Operating,Rockhampton Office,,,,,,,-24.44,148.41844,265,,,,,,,Inspection,Closed,,,,
MI01157,Action,2017-01-24 02:09:00,North Goonyella,Coal Mine - Underground,Coal Mine - Underground,COAL,Operating,Mackay Office,,Central,,,,,-21.65702,147.97045,266,,,,,,,Inspection,Closed,Recommendation,,,1.0
MI01157,Action,2017-01-24 02:13:00,North Goonyella,Coal Mine - Underground,Coal Mine - Underground,COAL,Operating,Mackay Office,,Central,,,,,-21.65702,147.97045,267,,,,,,,Inspection,Closed,Recommendation,,,2.0
MI01404,Action,2017-01-24 03:05:00,Oaky North Mine,Coal Mine - Underground,Coal Mine - Underground,COAL,Operating,Rockhampton Office,,Central,Oaky Creek Mine Access Road,LILYVALE,QLD,4723.0,-23.03935,148.53987,268,,,,,,,Inspection,Closed,Substandard Condition or Practice,,,1.0
MI00749,Incident,2017-01-24 14:30:00,Moorvale Mine,Coal Mine - Surface,Coal Mine - Surface,COAL,Operating,Mackay Office,,,,,,,-21.9697,148.37113,269,High Potential Incident,Explosives,Explosives - Misfire identified prior to firing,High potential no lost time,surface,Falling/flying material/objects,,,,,,
MI01258,Incident,2017-01-24 15:55:00,Saraji,Coal Mine - Surface,Coal Mine - Surface,COAL,Operating,Mackay Office,,Central,,,,,-22.42214,148.28115,270,High Potential Incident,Electrical,Cable Damage,High potential no lost time,surface,Electrical equipment,,,,,,
MI02613,Inspection,2017-01-25 00:00:00,Horn Island Quarry,Metalliferous - Quarry,Quarry,MMQ,Infrequent Operation,Townsville Office,T- Weipa,Northern,,,,,-10.60267,142.28687,271,,,,,,,Inspection,Closed,,,,
MI01306,Inspection,2017-01-25 00:00:00,Thalanga Surface,Metalliferous - Minerals Processing,Metalliferous Mine - Surface,MMQ,Inactive Tenure,Townsville Office,T- Charters Towers / Ravenswood,Northern,,,,,-20.33505,145.77171,272,,,,,,,Inspection,Closed,,,,
MI00003,Inspection,2017-01-25 00:00:00,Ablatio Sandstone Mine,Metalliferous Mine - Surface,Metalliferous Mine - Surface,MMQ,Operating,Brisbane Office,B- Lockyer Valley,Southern,512 Goldmine Road,Helidon,QLD,,-27.5108,152.110514,273,,,,,,,Inspection,Closed,,,,
MI02952,Inspection,2017-01-25 00:00:00,Caval Ridge Mine,Coal Mine - Surface,Coal Mine - Surface,COAL,Operating,Mackay Office,C- Mackay,Central,,,,,-22.15615,148.05892,274,,,,,,,Inspection,Closed,,,,
MI00034,Inspection,2017-01-25 00:00:00,Beenleigh Wolffdene - Quarry,Metalliferous - Quarry,Quarry,MMQ,Operating,Brisbane Office,,,,,,,-27.78,153.19944,275,,,,,,,Inspection,Closed,,,,
MI02613,Inspection,2017-01-25 00:00:00,Horn Island Quarry,Metalliferous - Quarry,Quarry,MMQ,Infrequent Operation,Townsville Office,T- Weipa,Northern,,,,,-10.60267,142.28687,276,,,,,,,Inspection,Closed,,,,
MI01239,Inspection,2017-01-25 00:00:00,Regent Sandstone Mine,Metalliferous Mine - Surface,Metalliferous Mine - Surface,MMQ,Operating,Brisbane Office,B- Lockyer Valley,Southern,,,,,-27.53389,152.143705,277,,,,,,,Inspection,Closed,,,,
MI00054,Incident,2017-01-25 00:15:00,Blackwater Mine,Coal Mine - Surface,Coal Mine - Surface,COAL,Operating,Rockhampton Office,,Central,Ardurad Road (Blackwater Rolleston Road),BLACKWATER,QLD,4717.0,-23.7697,148.87879,278,High Potential Incident,Thermal,Fire,High potential no lost time,surface,Fire(s),,,,,,
MI01552,Action,2017-01-25 01:10:00,Levitt Road Ferny Grove Quarry,Metalliferous - Quarry,Quarry,MMQ,Operating,Brisbane Office,B- Brisbane,Southern,,,,,-27.41344,152.935662,279,,,,,,,Inspection,Closed,Substandard Condition or Practice,,,2.0
MI00239,Action,2017-01-25 01:30:00,Rocklands,Metalliferous Mine - Surface,Metalliferous Mine - Surface,MMQ,Operating,Mount Isa Office,,,,,,,-20.65,140.36036,280,,,,,,,Inspection,Closed,Directive,164.0,Directive to suspend operations for unacceptable level of risk,1.0
MI00239,Action,2017-01-25 02:10:00,Rocklands,Metalliferous Mine - Surface,Metalliferous Mine - Surface,MMQ,Operating,Mount Isa Office,,,,,,,-20.65,140.36036,281,,,,,,,Inspection,Closed,Directive,165.0,Directive to review safety and health management system,2.0
MI01157,Action,2017-01-25 07:46:00,North Goonyella,Coal Mine - Underground,Coal Mine - Underground,COAL,Operating,Mackay Office,,Central,,,,,-21.65702,147.97045,282,,,,,,,Inspection,Closed,Substandard Condition or Practice,,,4.0
MI01157,Action,2017-01-25 07:51:00,North Goonyella,Coal Mine - Underground,Coal Mine - Underground,COAL,Operating,Mackay Office,,Central,,,,,-21.65702,147.97045,283,,,,,,,Inspection,Closed,Substandard Condition or Practice,,,3.0
MI00609,Action,2017-01-25 08:22:00,Hodgleigh Quarry,Metalliferous - Quarry,Quarry,MMQ,Operating,Brisbane Office,B- South Burnett,Southern,22 Hodgleigh North Road,Nanango,QLD,4615.0,-26.62843,151.942039,284,,,,,,,Inspection,Closed,Substandard Condition or Practice,,,1.0
MI00609,Action,2017-01-25 08:26:00,Hodgleigh Quarry,Metalliferous - Quarry,Quarry,MMQ,Operating,Brisbane Office,B- South Burnett,Southern,22 Hodgleigh North Road,Nanango,QLD,4615.0,-26.62843,151.942039,285,,,,,,,Inspection,Closed,Substandard Condition or Practice,,,2.0
MI01646,Action,2017-01-25 09:15:00,Carborough Downs,Coal Mine - Underground,Coal Mine - Underground,COAL,Operating,Mackay Office,,Central,Peak Downs Highway,Coppabella,QLD,4741.0,-21.99368,148.249,286,,,,,,,Inspection,Closed,Substandard Condition or Practice,,,1.0
MI01646,Action,2017-01-25 09:30:00,Carborough Downs,Coal Mine - Underground,Coal Mine - Underground,COAL,Operating,Mackay Office,,Central,Peak Downs Highway,Coppabella,QLD,4741.0,-21.99368,148.249,287,,,,,,,Inspection,Closed,Recommendation,,,2.0
MI01646,Action,2017-01-25 09:35:00,Carborough Downs,Coal Mine - Underground,Coal Mine - Underground,COAL,Operating,Mackay Office,,Central,Peak Downs Highway,Coppabella,QLD,4741.0,-21.99368,148.249,288,,,,,,,Inspection,Closed,Recommendation,,,3.0
MI01646,Action,2017-01-25 09:49:00,Carborough Downs,Coal Mine - Underground,Coal Mine - Underground,COAL,Operating,Mackay Office,,Central,Peak Downs Highway,Coppabella,QLD,4741.0,-21.99368,148.249,289,,,,,,,Inspection,Closed,Recommendation,,,4.0
MI01646,Action,2017-01-25 09:53:00,Carborough Downs,Coal Mine - Underground,Coal Mine - Underground,COAL,Operating,Mackay Office,,Central,Peak Downs Highway,Coppabella,QLD,4741.0,-21.99368,148.249,290,,,,,,,Inspection,Closed,Recommendation,,,5.0
MI02663,Action,2017-01-25 10:32:00,Ensham Underground Mine,Coal Mine - Underground,Coal Mine - Underground,COAL,Operating,Rockhampton Office,,,,,,,-23.5,148.49282,291,,,,,,,Inspection,Closed,Recommendation,,,1.0
MI02663,Action,2017-01-25 10:37:00,Ensham Underground Mine,Coal Mine - Underground,Coal Mine - Underground,COAL,Operating,Rockhampton Office,,,,,,,-23.5,148.49282,292,,,,,,,Inspection,Closed,Substandard Condition or Practice,,,2.0
MI02663,Action,2017-01-25 10:41:00,Ensham Underground Mine,Coal Mine - Underground,Coal Mine - Underground,COAL,Operating,Rockhampton Office,,,,,,,-23.5,148.49282,293,,,,,,,Inspection,Closed,Recommendation,,,3.0
MI02663,Action,2017-01-25 10:45:00,Ensham Underground Mine,Coal Mine - Underground,Coal Mine - Underground,COAL,Operating,Rockhampton Office,,,,,,,-23.5,148.49282,294,,,,,,,Inspection,Closed,Recommendation,,,4.0
MI02663,Action,2017-01-25 10:49:00,Ensham Underground Mine,Coal Mine - Underground,Coal Mine - Underground,COAL,Operating,Rockhampton Office,,,,,,,-23.5,148.49282,295,,,,,,,Inspection,Closed,Substandard Condition or Practice,,,5.0
MI02663,Action,2017-01-25 10:52:00,Ensham Underground Mine,Coal Mine - Underground,Coal Mine - Underground,COAL,Operating,Rockhampton Office,,,,,,,-23.5,148.49282,296,,,,,,,Inspection,Closed,Substandard Condition or Practice,,,6.0
MI02663,Action,2017-01-25 10:56:00,Ensham Underground Mine,Coal Mine - Underground,Coal Mine - Underground,COAL,Operating,Rockhampton Office,,,,,,,-23.5,148.49282,297,,,,,,,Inspection,Closed,Substandard Condition or Practice,,,7.0
MI01413,Action,2017-01-25 11:34:00,Weipa,Metalliferous Mine - Surface,Metalliferous Mine - Surface,MMQ,Operating,Townsville Office,,,,,,,-12.67,141.86861,298,,,,,,,Inspection,Closed,Substandard Condition or Practice,,,1.0
MI01648,Action,2017-01-25 12:00:00,Dawson Mine,Coal Mine - Surface,Coal Mine - Surface,COAL,Operating,Rockhampton Office,,Central,Dawson Highway,MOURA,QLD,4718.0,-24.63169,150.06089,299,,,,,,,Inspection,Closed,Recommendation,,,1.0
MI01552,Action,2017-01-25 12:53:00,Levitt Road Ferny Grove Quarry,Metalliferous - Quarry,Quarry,MMQ,Operating,Brisbane Office,B- Brisbane,Southern,,,,,-27.41344,152.935662,300,,,,,,,Inspection,Closed,Substandard Condition or Practice,,,1.0
MI01648,Incident,2017-01-25 15:15:00,Dawson Mine,Coal Mine - Surface,Coal Mine - Surface,COAL,Operating,Rockhampton Office,,Central,Dawson Highway,MOURA,QLD,4718.0,-24.63169,150.06089,301,High Potential Incident,,,High potential no lost time,surface,Explosives,,,,,,
MI01422,Incident,2017-01-26 03:00:00,Kestrel Coal Mine,Coal Mine - Underground,Coal Mine - Underground,COAL,Operating,Rockhampton Office,,,,,,,-23.26,148.30263,302,High Potential Incident,Electrical,Withdrawal due to power failurer,High potential no lost time,surface,Electrical equipment,,,,,,
MI01404,Incident,2017-01-26 16:20:00,Oaky North Mine,Coal Mine - Underground,Coal Mine - Underground,COAL,Operating,Rockhampton Office,,Central,Oaky Creek Mine Access Road,LILYVALE,QLD,4723.0,-23.03935,148.53987,303,High Potential Incident,Mechanical,Explosion protected equipment failure,High potential no lost time,underground,Explosions,,,,,,
MI03461,Action,2017-01-27 01:21:00,Amrun Construction,Metalliferous Mine - Surface,Metalliferous Mine - Surface,MMQ,Closed,Townsville Office,T- Weipa,Northern,,,,,-12.96522,141.62326,304,,,,,,,Inspection,Closed,Recommendation,,,1.0
MI01708,Action,2017-01-27 03:15:00,Mungana Underground,Metalliferous Mine - Underground,Metalliferous Mine - Underground,MMQ,Care & Maintenance,Townsville Office,T- Chilligoe,Northern,,,,,-17.10654,144.38406,305,,Non Hazard Specific,Emergency response,,,,Inspection,Closed,Directive,165.0,Directive to review safety and health management system,1.0
MI01708,Action,2017-01-27 03:38:00,Mungana Underground,Metalliferous Mine - Underground,Metalliferous Mine - Underground,MMQ,Care & Maintenance,Townsville Office,T- Chilligoe,Northern,,,,,-17.10654,144.38406,306,,Non Hazard Specific,Training,,,,Inspection,Closed,Directive,165.0,Directive to review safety and health management system,2.0
MI02613,Action,2017-01-27 04:10:00,Horn Island Quarry,Metalliferous - Quarry,Quarry,MMQ,Infrequent Operation,Townsville Office,T- Weipa,Northern,,,,,-10.60267,142.28687,307,,,,,,,Inspection,Closed,Recommendation,,,1.0
MI02613,Action,2017-01-27 04:52:00,Horn Island Quarry,Metalliferous - Quarry,Quarry,MMQ,Infrequent Operation,Townsville Office,T- Weipa,Northern,,,,,-10.60267,142.28687,308,,,,,,,Inspection,Closed,Substandard Condition or Practice,,,1.0
MI02613,Action,2017-01-27 05:03:00,Horn Island Quarry,Metalliferous - Quarry,Quarry,MMQ,Infrequent Operation,Townsville Office,T- Weipa,Northern,,,,,-10.60267,142.28687,309,,,,,,,Inspection,Closed,Substandard Condition or Practice,,,2.0
MI00594,Incident,2017-01-27 09:40:00,Hail Creek,Coal Mine - Surface,Coal Mine - Surface,COAL,Operating,Mackay Office,,,,,,,-21.5,148.34391,310,High Potential Incident,Thermal,Fire,High potential no lost time,surface,Fire(s),,,,,,
MI02077,Incident,2017-01-27 10:00:00,Mungana Plant,Metalliferous - Minerals Processing,Metalliferous Mine - Surface,MMQ,Care & Maintenance,Townsville Office,T- Chilligoe,Northern,,,,,-17.10936,144.38471,311,High Potential Incident,Mechanical,Struck by projectile,High potential lost time,surface,Human error/actions,,,,,,
MI03427,Incident,2017-01-27 14:30:00,Jellinbah Plains,Coal Mine - Surface,Coal Mine - Surface,COAL,Closed,Rockhampton Office,,Central,Fitzroy Development Road,BLUFF,QLD,4702.0,-23.32663,148.92329,312,High Potential Incident,Vehicle,Collision with another vehicle,High potential no lost time,surface,Human error/actions,,,,,,
MI00054,Incident,2017-01-27 19:56:00,Blackwater Mine,Coal Mine - Surface,Coal Mine - Surface,COAL,Operating,Rockhampton Office,,Central,Ardurad Road (Blackwater Rolleston Road),BLACKWATER,QLD,4717.0,-23.7697,148.87879,313,High Potential Incident,Thermal,Fire,High potential no lost time,surface,Fire(s),,,,,,
MI02952,Incident,2017-01-27 21:30:00,Caval Ridge Mine,Coal Mine - Surface,Coal Mine - Surface,COAL,Operating,Mackay Office,C- Mackay,Central,,,,,-22.15615,148.05892,314,High Potential Incident,Vehicle,Collision with another vehicle,High potential no lost time,surface,Human error/actions,,,,,,
MI01258,Incident,2017-01-28 08:30:00,Saraji,Coal Mine - Surface,Coal Mine - Surface,COAL,Operating,Mackay Office,,Central,,,,,-22.42214,148.28115,315,High Potential Incident,Gravity,Fall of vehicle,High potential no lost time,surface,Moving vehicles/equipment,,,,,,
MI00594,Incident,2017-01-28 09:30:00,Hail Creek,Coal Mine - Surface,Coal Mine - Surface,COAL,Operating,Mackay Office,,,,,,,-21.5,148.34391,316,High Potential Incident,Vehicle,Unplanned movement of equipment (eg CM),High potential no lost time,surface,Electrical equipment,,,,,,
MI00054,Incident,2017-01-28 12:40:00,Blackwater Mine,Coal Mine - Surface,Coal Mine - Surface,COAL,Operating,Rockhampton Office,,Central,Ardurad Road (Blackwater Rolleston Road),BLACKWATER,QLD,4717.0,-23.7697,148.87879,317,High Potential Incident,Vehicle,Collision with another vehicle,High potential no lost time,surface,Human error/actions,,,,,,
MI01718,Incident,2017-01-28 12:54:00,Mount Wright,Metalliferous Mine - Underground,Metalliferous Mine - Underground,MMQ,Care and Maintenance,Townsville Office,,,,,,,-20.04294,146.83161,318,High Potential Incident,Explosives,Security,High potential no lost time,underground,Human error/actions,,,,,,
MI02952,Incident,2017-01-28 14:45:00,Caval Ridge Mine,Coal Mine - Surface,Coal Mine - Surface,COAL,Operating,Mackay Office,C- Mackay,Central,,,,,-22.15615,148.05892,319,High Potential Incident,Explosives,Explosives - Misfire identified prior to firing,High potential no lost time,surface,Explosives,,,,,,
MI01157,Incident,2017-01-28 20:55:00,North Goonyella,Coal Mine - Underground,Coal Mine - Underground,COAL,Operating,Mackay Office,,Central,,,,,-21.65702,147.97045,320,High Potential Incident,Gas Management,Withdrawal due to high gas levels or ventilation failure,High potential no lost time,underground,Flammable liquids/gases,,,,,,
MI00568,Incident,2017-01-28 21:20:00,Goonyella Riverside,Coal Mine - Surface,Coal Mine - Surface,COAL,Operating,Mackay Office,,Central,,,,,-21.7581,147.95235,321,High Potential Incident,Vehicle,Collision with another vehicle,High potential no lost time,surface,Moving vehicles/equipment,,,,,,
MI00149,Incident,2017-01-28 21:40:00,Coppabella - Open Cut,Coal Mine - Surface,Coal Mine - Surface,COAL,Operating,Mackay Office,,,,,,,-21.87,148.42141,322,High Potential Incident,Thermal,Fire,High potential no lost time,surface,Fire(s),,,,,,
MI01157,Incident,2017-01-29 01:20:00,North Goonyella,Coal Mine - Underground,Coal Mine - Underground,COAL,Operating,Mackay Office,,Central,,,,,-21.65702,147.97045,323,High Potential Incident,Gas Management,Withdrawal due to high gas levels or ventilation failure,High potential no lost time,underground,Flammable liquids/gases,,,,,,
MI02952,Action,2017-01-29 03:06:00,Caval Ridge Mine,Coal Mine - Surface,Coal Mine - Surface,COAL,Operating,Mackay Office,C- Mackay,Central,,,,,-22.15615,148.05892,324,,,,,,,Inspection,Closed,Directive,168.0,Directive to review safety and health management system and principal hazard management plans,1.0
MI01157,Incident,2017-01-29 04:45:00,North Goonyella,Coal Mine - Underground,Coal Mine - Underground,COAL,Operating,Mackay Office,,Central,,,,,-21.65702,147.97045,325,High Potential Incident,Gas Management,Withdrawal due to high gas levels or ventilation failure,High potential no lost time,underground,Flammable liquids/gases,,,,,,
MI01400,Incident,2017-01-29 10:05:00,Millennium Mine,Coal Mine - Surface,Coal Mine - Surface,COAL,Operating,Mackay Office,,Central,Via Peak Downs Highway,Moranbah,QLD,4744.0,-22.01548,148.25111,326,High Potential Incident,Gravity,Rock fall - Surface,High potential no lost time,surface,Falling/flying material/objects,,,,,,
MI03312,Incident,2017-01-29 21:30:00,Eureka Creek Village,Coal Mine - Surface,Coal Mine - Surface,COAL,Operating,Mackay Office,C- Mackay,Central,Eureka Creek Village,Moranbah,QLD,4744.0,-21.77382,147.94331,327,High Potential Incident,Electrical,Electric Shock,High potential no lost time,surface,Electrical equipment,,,,,,
MI00779,Inspection,2017-01-30 00:00:00,Mountain View Quarry,Metalliferous - Quarry,Quarry,MMQ,Care & Maintenance,Townsville Office,T- Innisfail / Cairns,Northern,,,,,-17.15089,145.71383,328,,,,,,,Inspection,Closed,,,,
MI00779,Inspection,2017-01-30 00:00:00,Mountain View Quarry,Metalliferous - Quarry,Quarry,MMQ,Care & Maintenance,Townsville Office,T- Innisfail / Cairns,Northern,,,,,-17.15089,145.71383,329,,,,,,,Inspection,Closed,,,,
MI00615,Inspection,2017-01-30 00:00:00,Image Flat Quarry,Metalliferous - Quarry,Quarry,MMQ,Operating,Brisbane Office,B- Sunshine Coast,Southern,,,,,-26.60273,152.940046,330,,,,,,,Inspection,Closed,,,,
MI01918,Inspection,2017-01-30 00:00:00,Keatings Quarry,Metalliferous - Quarry,Quarry,MMQ,Operating,Townsville Office,C- Sarina,Northern,,,,,-21.485074,149.223236,331,,,,,,,Inspection,Closed,,,,
MI00568,Action,2017-01-30 01:02:00,Goonyella Riverside,Coal Mine - Surface,Coal Mine - Surface,COAL,Operating,Mackay Office,,Central,,,,,-21.7581,147.95235,332,,,,,,,Inspection,Closed,Substandard Condition or Practice,,,2.0
MI00568,Action,2017-01-30 01:05:00,Goonyella Riverside,Coal Mine - Surface,Coal Mine - Surface,COAL,Operating,Mackay Office,,Central,,,,,-21.7581,147.95235,333,,,,,,,Inspection,Closed,Substandard Condition or Practice,,,3.0
MI00568,Action,2017-01-30 01:09:00,Goonyella Riverside,Coal Mine - Surface,Coal Mine - Surface,COAL,Operating,Mackay Office,,Central,,,,,-21.7581,147.95235,334,,,,,,,Inspection,Closed,Recommendation,,,4.0
MI01918,Action,2017-01-30 02:50:00,Keatings Quarry,Metalliferous - Quarry,Quarry,MMQ,Operating,Townsville Office,C- Sarina,Northern,,,,,-21.485074,149.223236,335,,,,,,,Inspection,Closed,Substandard Condition or Practice,,,1.0
MI01918,Action,2017-01-30 03:05:00,Keatings Quarry,Metalliferous - Quarry,Quarry,MMQ,Operating,Townsville Office,C- Sarina,Northern,,,,,-21.485074,149.223236,336,,,,,,,Inspection,Closed,Substandard Condition or Practice,,,2.0
MI01603,Action,2017-01-30 04:11:00,Wolfram Camp,Metalliferous Mine - Surface,Metalliferous Mine - Surface,MMQ,Closed,Townsville Office,T- Mareeba / Atherton / Herberton,Northern,,,,,-17.08282,144.96926,337,,Non Hazard Specific,Procedures,,,,Inspection,Closed,Substandard Condition or Practice,,,1.0
MI01708,Action,2017-01-30 09:09:00,Mungana Underground,Metalliferous Mine - Underground,Metalliferous Mine - Underground,MMQ,Care & Maintenance,Townsville Office,T- Chilligoe,Northern,,,,,-17.10654,144.38406,338,,Non Hazard Specific,Emergency response,,,,Inspection,Closed,Directive,165.0,Directive to review safety and health management system,3.0
MI01708,Action,2017-01-30 09:20:00,Mungana Underground,Metalliferous Mine - Underground,Metalliferous Mine - Underground,MMQ,Care & Maintenance,Townsville Office,T- Chilligoe,Northern,,,,,-17.10654,144.38406,339,,Non Hazard Specific,First aid,,,,Inspection,Closed,Directive,163.0,Directive to reduce risk,4.0
MI00132,Action,2017-01-30 09:22:00,Clutha Creek Sands,Metalliferous - Quarry,Quarry,MMQ,Operating,Brisbane Office,B- Logan,Southern,,,,,-27.85656,153.116561,340,,Non Hazard Specific,Records,,,,Inspection,Closed,Substandard Condition or Practice,,,1.0
MI00132,Action,2017-01-30 09:42:00,Clutha Creek Sands,Metalliferous - Quarry,Quarry,MMQ,Operating,Brisbane Office,B- Logan,Southern,,,,,-27.85656,153.116561,341,,Non Hazard Specific,Management structure,,,,Inspection,Closed,Substandard Condition or Practice,,,2.0
MI00132,Action,2017-01-30 10:00:00,Clutha Creek Sands,Metalliferous - Quarry,Quarry,MMQ,Operating,Brisbane Office,B- Logan,Southern,,,,,-27.85656,153.116561,342,,Non Hazard Specific,Records,,,,Inspection,Closed,Substandard Condition or Practice,,,3.0
MI00132,Action,2017-01-30 10:57:00,Clutha Creek Sands,Metalliferous - Quarry,Quarry,MMQ,Operating,Brisbane Office,B- Logan,Southern,,,,,-27.85656,153.116561,343,,Electrical,Electric shock,,,,Inspection,Closed,Substandard Condition or Practice,,,4.0
MI00132,Action,2017-01-30 11:22:00,Clutha Creek Sands,Metalliferous - Quarry,Quarry,MMQ,Operating,Brisbane Office,B- Logan,Southern,,,,,-27.85656,153.116561,344,,Electrical,Other,,,,Inspection,Closed,Substandard Condition or Practice,,,5.0
MI00552,Action,2017-01-30 12:16:00,German Church Quarry,Metalliferous - Quarry,Quarry,MMQ,Operating,Brisbane Office,B- Redland,Southern,645 German Church Road,Redlands,QLD,4165.0,-27.63007,153.271873,345,,,,,,,Inspection,Closed,Substandard Condition or Practice,,,1.0
MI00181,Incident,2017-01-30 12:35:00,Dundowran West Quarry,Metalliferous - Quarry,Quarry,MMQ,Operating,Brisbane Office,B- Fraser Coast,Southern,,,,,-25.30993,152.740782,346,High Potential Incident,Vehicle,Collision with another vehicle,High potential no lost time,surface,Moving vehicles/equipment,,,,,,
MI00552,Action,2017-01-30 12:52:00,German Church Quarry,Metalliferous - Quarry,Quarry,MMQ,Operating,Brisbane Office,B- Redland,Southern,645 German Church Road,Redlands,QLD,4165.0,-27.63007,153.271873,347,,,,,,,Inspection,Closed,Substandard Condition or Practice,,,2.0
MI00568,Action,2017-01-30 12:56:00,Goonyella Riverside,Coal Mine - Surface,Coal Mine - Surface,COAL,Operating,Mackay Office,,Central,,,,,-21.7581,147.95235,348,,,,,,,Inspection,Closed,Substandard Condition or Practice,,,1.0
MI01459,Incident,2017-01-30 13:35:00,Grasstree Mine,Coal Mine - Underground,Coal Mine - Underground,COAL,Operating,Rockhampton Office,,Central,,,,,-22.98885,148.57943,349,High Potential Incident,Explosives,Explosives - Misfire identified after firing,High potential no lost time,underground,Explosives,,,,,,
MI03427,Inspection,2017-01-31 00:00:00,Jellinbah Plains,Coal Mine - Surface,Coal Mine - Surface,COAL,Closed,Rockhampton Office,,Central,Fitzroy Development Road,BLUFF,QLD,4702.0,-23.32663,148.92329,350,,,,,,,Inspection,Closed,,,,
MI01524,Inspection,2017-01-31 00:00:00,Rocky Creek Quarry,Metalliferous - Quarry,Quarry,MMQ,Infrequent Operation,Townsville Office,T- Mareeba / Atherton / Herberton,Northern,,,,,-17.18019,145.455819,351,,,,,,,Inspection,Closed,,,,
MI00724,Inspection,2017-01-31 00:00:00,Pink Gum Lane Quarry,Metalliferous - Quarry,Quarry,MMQ,Operating,Brisbane Office,B- Southern Downs,Southern,,,,,-28.20052,151.927305,352,,,,,,,Inspection,Closed,,,,
MI01646,Inspection,2017-01-31 00:00:00,Carborough Downs,Coal Mine - Underground,Coal Mine - Underground,COAL,Operating,Mackay Office,,Central,Peak Downs Highway,Coppabella,QLD,4741.0,-21.99368,148.249,353,,,,,,,Inspection - Unannounced,Closed,,,,
MI01338,Inspection,2017-01-31 00:00:00,Walsh River Quarry,Metalliferous - Quarry,Quarry,MMQ,Operating,Townsville Office,T- Mareeba / Atherton / Herberton,Northern,,,,,-17.14508,145.30934,354,,,,,,,Inspection,Closed,,,,
MI00762,Inspection,2017-01-31 00:00:00,Capricorn Copper Mine,Metalliferous Mine - Underground,Metalliferous Mine - Underground,MMQ,Operating,Mount Isa Office,,,,,,,-19.68885,139.36651,355,,,,,,,Inspection,Closed,,,,
MI00755,Inspection,2017-01-31 00:00:00,Mount Carbine Quarries,Metalliferous Mine - Surface,Metalliferous Mine - Surface,MMQ,Operating,Townsville Office,T- Mareeba / Atherton / Herberton,Northern,,,,,-16.52738,145.13244,356,,,,,,,Inspection,Closed,,,,
MI00071,Inspection,2017-01-31 00:00:00,Bracalba Quarry,Metalliferous - Quarry,Quarry,MMQ,Operating,Brisbane Office,B- Moreton Bay,Southern,,,,,-26.99277778,152.82444,357,,,,,,,Inspection,Closed,,,,
MI01576,Inspection,2017-01-31 00:00:00,Tichum Creek Quarry,Metalliferous - Quarry,Quarry,MMQ,Operating,Townsville Office,T- Mareeba / Atherton / Herberton,Northern,"Kennedy Highway, Tichum Creek",Kuranda,QLD,4872.0,-16.96749,145.53592,358,,,,,,,Inspection,Closed,,,,
MI01976,Inspection,2017-01-31 00:00:00,Daunia Mine,Coal Mine - Surface,Coal Mine - Surface,COAL,Operating,Mackay Office,,Central,"Millennium Poitrel Access Road
Via Peak Downs Road",Moranbah,QLD,4744.0,-22.04127,148.26852,359,,,,,,,Inspection,Closed,,,,
MI01569,Inspection,2017-01-31 00:00:00,Rolleston Mine,Coal Mine - Surface,Coal Mine - Surface,COAL,Operating,Rockhampton Office,,,,,,,-24.44,148.41844,360,,,,,,,Inspection,Closed,,,,
MI01432,Inspection,2017-01-31 00:00:00,Yarrabee Mine,Coal Mine - Surface,Coal Mine - Surface,COAL,Operating,Rockhampton Office,,Central,Boonal Haul Road,BLACKWATER,QLD,4717.0,-23.27349,149.02261,361,,,,,,,Inspection,Closed,,,,
MI00072,Inspection,2017-01-31 00:00:00,Braeside Quarry,Metalliferous - Quarry,Quarry,MMQ,Care & Maintenance,Brisbane Office,B- Southern Downs,Southern,New England Highway,Braeside,QLD,4370.0,-28.37973,151.919373,362,,,,,,,Inspection,Closed,,,,
MI00054,Incident,2017-01-31 01:25:00,Blackwater Mine,Coal Mine - Surface,Coal Mine - Surface,COAL,Operating,Rockhampton Office,,Central,Ardurad Road (Blackwater Rolleston Road),BLACKWATER,QLD,4717.0,-23.7697,148.87879,363,High Potential Incident,Thermal,Fire,High potential no lost time,surface,Fire(s),,,,,,
MI00132,Action,2017-01-31 04:41:00,Clutha Creek Sands,Metalliferous - Quarry,Quarry,MMQ,Operating,Brisbane Office,B- Logan,Southern,,,,,-27.85656,153.116561,364,,Mechanical,Entangled in rotating plant,,,,Inspection,Closed,Directive,165.0,Directive to review safety and health management system,6.0
MI00766,Action,2017-01-31 12:16:00,Mount Marrow Quarry,Metalliferous - Quarry,Quarry,MMQ,Operating,Brisbane Office,B- Ipswich,Southern,,,,,-27.59233,152.624209,365,,Pressure,Failure of pressure vessel (eg cylinder - hose - accumulator),,,,Inspection,Closed,Substandard Condition or Practice,,,1.0
MI00766,Action,2017-01-31 12:35:00,Mount Marrow Quarry,Metalliferous - Quarry,Quarry,MMQ,Operating,Brisbane Office,B- Ipswich,Southern,,,,,-27.59233,152.624209,366,,Gravity,Fall of equipment/material,,,,Inspection,Closed,Substandard Condition or Practice,,,2.0
MI00766,Action,2017-01-31 12:41:00,Mount Marrow Quarry,Metalliferous - Quarry,Quarry,MMQ,Operating,Brisbane Office,B- Ipswich,Southern,,,,,-27.59233,152.624209,367,,Gravity,Fall of ground,,,,Inspection,Closed,Substandard Condition or Practice,,,3.0
MI00766,Action,2017-01-31 12:46:00,Mount Marrow Quarry,Metalliferous - Quarry,Quarry,MMQ,Operating,Brisbane Office,B- Ipswich,Southern,,,,,-27.59233,152.624209,368,,Mechanical,Entangled in rotating plant,,,,Inspection,Closed,Directive,163.0,Directive to reduce risk,4.0
MI01174,Incident,2017-01-31 14:30:00,Pajingo - Vera Underground,Metalliferous Mine - Underground,Metalliferous Mine - Underground,MMQ,Operating,Townsville Office,T- Charters Towers / Ravenswood,Northern,,,,,-20.54745,146.464128,369,High Potential Incident,Gravity,Fall of ground,High potential no lost time,underground,Falling/flying material/objects,,,,,,
MI00054,Incident,2017-01-31 15:40:00,Blackwater Mine,Coal Mine - Surface,Coal Mine - Surface,COAL,Operating,Rockhampton Office,,Central,Ardurad Road (Blackwater Rolleston Road),BLACKWATER,QLD,4717.0,-23.7697,148.87879,370,High Potential Incident,Electrical,Cable Damage,High potential no lost time,surface,Human error/actions,,,,,,
MI02952,Incident,2017-01-31 19:10:00,Caval Ridge Mine,Coal Mine - Surface,Coal Mine - Surface,COAL,Operating,Mackay Office,C- Mackay,Central,,,,,-22.15615,148.05892,371,Serious Accident,Gravity,Other,High potential lost time,surface,Manual handling,,,,,,
MI03522,Inspection,2017-02-01 00:00:00,Nambal Resources & Quarries - Bull Crossing Pit,Metalliferous - Quarry,Quarry,MMQ,Care & Maintenance,Townsville Office,T- Lakeland / Cooktown,Northern,,,,,-15.28638,145.0781,372,,,,,,,Inspection,Closed,,,,
MI01247,Inspection,2017-02-01 00:00:00,Riverton Mine,Metalliferous Mine - Surface,Metalliferous Mine - Surface,MMQ,Operating,Brisbane Office,B- Southern Downs,Southern,,,,,-29.02393,151.486735,373,,,,,,,Inspection,Closed,,,,
MI01288,Inspection,2017-02-01 00:00:00,Stanwell Sandstone Mine - Scotsmans Folly,Metalliferous Mine - Surface,Metalliferous Mine - Surface,MMQ,Operating,Brisbane Office,B- Rockhampton,Southern,,,,,-23.49916,150.34406,374,,,,,,,Inspection,Closed,,,,
MI01383,Inspection,2017-02-01 00:00:00,Minerva Mine,Coal Mine - Surface,Coal Mine - Surface,COAL,Care & Maintenance,Rockhampton Office,C- Emerald,Central,Wurba Road,SPRINGSURE,QLD,4722.0,-23.90942,148.06107,375,,,,,,,Inspection,Closed,,,,
MI02762,Inspection,2017-02-01 00:00:00,Coominya Quarry,Metalliferous - Quarry,Quarry,MMQ,Care & Maintenance,Brisbane Office,B- Lockyer Valley,Southern,1020 Atkinson Dam Road,Coominya,QLD,4311.0,-27.3971,152.393338,376,,,,,,,Inspection,Closed,,,,
MI00819,Inspection,2017-02-01 00:00:00,Mt Isa - Safety Health & Environment,Metalliferous Mine - Surface,Metalliferous Mine - Surface,MMQ,Operating,Mount Isa Office,MI- Mount Isa,Northern,,,,,-20.71999,139.47078,377,,,,,,,SafeGuard Systems Audit,Closed,,,,
MI00009,Inspection,2017-02-01 00:00:00,Albert Quarry,Metalliferous - Quarry,Quarry,MMQ,Operating,Brisbane Office,B- Gold Coast,Southern,Peachey Road,Yatala,QLD,4207.0,-27.77777778,153.22694,378,,,,,,,Inspection,Closed,,,,
MI02402,Inspection,2017-02-01 00:00:00,Clayrock Quarry,Metalliferous - Quarry,Quarry,MMQ,Operating,Brisbane Office,B- Lockyer Valley,Southern,,,,,-27.40164,152.330039,379,,,,,,,Inspection,Closed,,,,
MI01403,Inspection,2017-02-01 00:00:00,Lockyer Valley Quarry,Metalliferous Mine - Surface,Metalliferous Mine - Surface,MMQ,Operating,Brisbane Office,B- Lockyer Valley,Southern,,,,,-27.53207,152.130121,380,,,,,,,Inspection,Closed,,,,
MI01157,Inspection,2017-02-01 00:00:00,North Goonyella,Coal Mine - Underground,Coal Mine - Underground,COAL,Operating,Mackay Office,,Central,,,,,-21.65702,147.97045,381,,,,,,,Inspection - Unannounced,Closed,,,,
MI01400,Inspection,2017-02-01 00:00:00,Millennium Mine,Coal Mine - Surface,Coal Mine - Surface,COAL,Operating,Mackay Office,,Central,Via Peak Downs Highway,Moranbah,QLD,4744.0,-22.01548,148.25111,382,,,,,,,Compliance Audit,Closed,,,,
MI01190,Incident,2017-02-01 01:00:00,Peak Downs,Coal Mine - Surface,Coal Mine - Surface,COAL,Operating,Mackay Office,,Central,,,,,-22.25686,148.17664,383,High Potential Incident,Thermal,Fire,High potential no lost time,surface,Fire(s),,,,,,
MI02663,Incident,2017-02-01 03:50:00,Ensham Underground Mine,Coal Mine - Underground,Coal Mine - Underground,COAL,Operating,Rockhampton Office,,,,,,,-23.5,148.49282,384,High Potential Incident,Electrical,Cable Damage,High potential no lost time,underground,Moving vehicles/equipment,,,,,,
MI00239,Incident,2017-02-01 07:30:00,Rocklands,Metalliferous Mine - Surface,Metalliferous Mine - Surface,MMQ,Operating,Mount Isa Office,,,,,,,-20.65,140.36036,385,High Potential Incident,Electrical,Arc flash/blast,High potential no lost time,surface,Human error/actions,,,,,,
MI01174,Incident,2017-02-01 10:30:00,Pajingo - Vera Underground,Metalliferous Mine - Underground,Metalliferous Mine - Underground,MMQ,Operating,Townsville Office,T- Charters Towers / Ravenswood,Northern,,,,,-20.54745,146.464128,386,High Potential Incident,Gravity,Fall of vehicle,High potential no lost time,underground,Strata failure,,,,,,
MI01569,Incident,2017-02-01 11:15:00,Rolleston Mine,Coal Mine - Surface,Coal Mine - Surface,COAL,Operating,Rockhampton Office,,,,,,,-24.44,148.41844,387,High Potential Incident,Electrical,Electric Shock,High potential no lost time,surface,Electrical equipment,,,,,,
MI01258,Incident,2017-02-01 15:19:00,Saraji,Coal Mine - Surface,Coal Mine - Surface,COAL,Operating,Mackay Office,,Central,,,,,-22.42214,148.28115,388,High Potential Incident,Electrical,Cable Damage,High potential no lost time,surface,Electrical equipment,,,,,,
MI02976,Incident,2017-02-01 15:50:00,Grosvenor Coal Mine,Coal Mine - Underground,Coal Mine - Underground,COAL,Operating,Mackay Office,C- Moranbah,Central,Ground Floor 201 Charlotte Street,Brisbane,QLD,4001.0,-21.97533,148.00995,389,High Potential Incident,,,High potential no lost time,underground,Explosives,,,,,,
MI02976,Incident,2017-02-01 15:50:00,Grosvenor Coal Mine,Coal Mine - Underground,Coal Mine - Underground,COAL,Operating,Mackay Office,C- Moranbah,Central,Ground Floor 201 Charlotte Street,Brisbane,QLD,4001.0,-21.97533,148.00995,390,High Potential Incident,Explosives,Explosives - Person breaching exclusion zone,High potential no lost time,underground,Explosives,,,,,,
MI01193,Incident,2017-02-01 22:00:00,Phosphate Hill,Metalliferous - Minerals Processing,Metalliferous Mine - Surface,MMQ,Operating,Mount Isa Office,MI- Cloncurry,Northern,Camp located at The Monument,,,,-21.88056,139.973295,391,High Potential Incident,Gravity,Fall of equipment/material,High potential no lost time,surface,Falling/flying material/objects,,,,,,
MI02971,Inspection,2017-02-02 00:00:00,Greenvale DE,Metalliferous Mine - Surface,Metalliferous Mine - Surface,MMQ,Infrequent Operation,Townsville Office,T- Greenvale,Northern,,,,,-18.66121,144.81841,392,,,,,,,Inspection - Unannounced,Closed,,,,
MI02667,Inspection,2017-02-02 00:00:00,Mount Amos Quarry,Metalliferous - Quarry,Quarry,MMQ,Operating,Townsville Office,T- Lakeland / Cooktown,Northern,,,,,-15.61582,145.22834,393,,,,,,,Inspection,Closed,,,,
MI01707,Inspection,2017-02-02 00:00:00,The Sand And Soil Company,Metalliferous - Quarry,Quarry,MMQ,Operating,Brisbane Office,B- Scenic Rim,Southern,,,,,-27.91395,153.133836,394,,,,,,,Inspection,Closed,,,,
MI01312,Inspection,2017-02-02 00:00:00,Tinaroo Creek Quarry,Metalliferous - Quarry,Quarry,MMQ,Operating,Townsville Office,T- Mareeba / Atherton / Herberton,Northern,,,,,-17.08218,145.47841,395,,,,,,,Inspection,Closed,,,,
MI02811,Inspection,2017-02-02 00:00:00,Baal Gammon,Metalliferous Mine - Surface,Metalliferous Mine - Surface,MMQ,Closed,Townsville Office,T- Mareeba / Atherton / Herberton,Northern,,,,,-17.38346,145.3334917,396,,,,,,,Inspection,Closed,,,,
MI00158,Inspection,2017-02-02 00:00:00,Curra Quarry,Metalliferous - Quarry,Quarry,MMQ,Operating,Brisbane Office,B- Gympie,Southern,1445 Bruce Highway,Curra,QLD,4570.0,-26.10448,152.574457,397,,,,,,,Inspection,Closed,,,,
MI00112,Inspection,2017-02-02 00:00:00,Cement Mills,Metalliferous Mine - Surface,Metalliferous Mine - Surface,MMQ,Operating,Brisbane Office,B- Goondiwindi,Southern,Cement Mills Road,Gore,QLD,4352.0,-28.33916667,151.50667,398,,,,,,,Inspection,Closed,,,,
MI00107,Inspection,2017-02-02 00:00:00,Cattle Camp Quarry,Metalliferous - Quarry,Quarry,MMQ,Infrequent Operation,Townsville Office,T- Mareeba / Atherton / Herberton,Northern,,,,,-17.33645,145.47329,399,,,,,,,Inspection,Closed,,,,
MI00764,Inspection,2017-02-02 00:00:00,Mount Juillerat Quarry,Metalliferous - Quarry,Quarry,MMQ,Operating,Brisbane Office,B- Ipswich,Southern,,,,,-27.66925,152.860541,400,,,,,,,Inspection,Closed,,,,
MI01258,Inspection,2017-02-02 00:00:00,Saraji,Coal Mine - Surface,Coal Mine - Surface,COAL,Operating,Mackay Office,,Central,,,,,-22.42214,148.28115,401,,,,,,,Inspection,Closed,,,,
MI00776,Inspection,2017-02-02 00:00:00,Mount Sylvia Diatomaceous Earth Mine,Metalliferous Mine - Surface,Metalliferous Mine - Surface,MMQ,Operating,Brisbane Office,B- Lockyer Valley,Southern,,,,,-27.82166667,152.16056,402,,,,,,,Inspection,Closed,,,,
MI00239,Inspection,2017-02-02 00:00:00,Rocklands,Metalliferous Mine - Surface,Metalliferous Mine - Surface,MMQ,Operating,Mount Isa Office,,,,,,,-20.65,140.36036,403,,,,,,,Inspection,Closed,,,,
MI01310,Inspection,2017-02-02 00:00:00,Thunderbird Park Mine,Metalliferous - Tourist Mine,Metalliferous Mine - Surface,MMQ,Operating,Brisbane Office,B- Scenic Rim,Southern,"Thunderbird Park
Cnr Tamborine Mountain Rd & Cedar Creek Falls Rd",Tamborine Mountain,QLD,4272.0,-27.90306,153.182311,404,,,,,,,Inspection,Closed,,,,
MI02846,Inspection,2017-02-02 00:00:00,Wondai Quarry,Metalliferous - Quarry,Quarry,MMQ,Operating,Brisbane Office,B- South Burnett,Southern,,,,,-26.35855,151.58148,405,,,,,,,Inspection,Closed,,,,
MI00617,Inspection,2017-02-02 00:00:00,Inglewood Quarry,Metalliferous - Quarry,Quarry,MMQ,Operating,Brisbane Office,B- Goondiwindi,Southern,,,,,-28.39565,151.195716,406,,,,,,,Inspection,Closed,,,,
MI01424,Inspection,2017-02-02 00:00:00,Kin Kin Quarry,Metalliferous - Quarry,Quarry,MMQ,Operating,Brisbane Office,B- Sunshine Coast,Southern,,,,,-26.2718,152.898375,407,,,,,,,Inspection,Closed,,,,
MI01422,Incident,2017-02-02 01:00:00,Kestrel Coal Mine,Coal Mine - Underground,Coal Mine - Underground,COAL,Operating,Rockhampton Office,,,,,,,-23.26,148.30263,408,Serious Accident,Gravity,Fall of people,High potential no lost time,underground,Human error/actions,,,,,,
MI01288,Action,2017-02-02 02:41:00,Stanwell Sandstone Mine - Scotsmans Folly,Metalliferous Mine - Surface,Metalliferous Mine - Surface,MMQ,Operating,Brisbane Office,B- Rockhampton,Southern,,,,,-23.49916,150.34406,409,,,,,,,Inspection,Closed,Directive,162.0,Directive to carry out test,1.0
MI01646,Action,2017-02-02 03:01:00,Carborough Downs,Coal Mine - Underground,Coal Mine - Underground,COAL,Operating,Mackay Office,,Central,Peak Downs Highway,Coppabella,QLD,4741.0,-21.99368,148.249,410,,,,,,,Inspection - Unannounced,Closed,Recommendation,,,2.0
MI01646,Action,2017-02-02 03:49:00,Carborough Downs,Coal Mine - Underground,Coal Mine - Underground,COAL,Operating,Mackay Office,,Central,Peak Downs Highway,Coppabella,QLD,4741.0,-21.99368,148.249,411,,,,,,,Inspection - Unannounced,Closed,Recommendation,,,3.0
MI02846,Action,2017-02-02 09:28:00,Wondai Quarry,Metalliferous - Quarry,Quarry,MMQ,Operating,Brisbane Office,B- South Burnett,Southern,,,,,-26.35855,151.58148,412,,,,,,,Inspection,Closed,Directive,163.0,Directive to reduce risk,1.0
MI02846,Action,2017-02-02 09:34:00,Wondai Quarry,Metalliferous - Quarry,Quarry,MMQ,Operating,Brisbane Office,B- South Burnett,Southern,,,,,-26.35855,151.58148,413,,,,,,,Inspection,Closed,Directive,163.0,Directive to reduce risk,2.0
MI02846,Action,2017-02-02 09:41:00,Wondai Quarry,Metalliferous - Quarry,Quarry,MMQ,Operating,Brisbane Office,B- South Burnett,Southern,,,,,-26.35855,151.58148,414,,,,,,,Inspection,Closed,Directive,163.0,Directive to reduce risk,3.0
MI02846,Action,2017-02-02 09:46:00,Wondai Quarry,Metalliferous - Quarry,Quarry,MMQ,Operating,Brisbane Office,B- South Burnett,Southern,,,,,-26.35855,151.58148,415,,,,,,,Inspection,Closed,Substandard Condition or Practice,,,4.0
MI01646,Action,2017-02-02 12:06:00,Carborough Downs,Coal Mine - Underground,Coal Mine - Underground,COAL,Operating,Mackay Office,,Central,Peak Downs Highway,Coppabella,QLD,4741.0,-21.99368,148.249,416,,,,,,,Inspection - Unannounced,Closed,Recommendation,,,1.0
MI01907,Incident,2017-02-02 16:40:00,Lake Vermont,Coal Mine - Surface,Coal Mine - Surface,COAL,Operating,Mackay Office,,,,,,,-22.47,148.40803,417,High Potential Incident,Thermal,Fire,High potential no lost time,surface,Fire(s),,,,,,
MI00254,Incident,2017-02-02 21:03:00,Foxleigh Mine,Coal Mine - Surface,Coal Mine - Surface,COAL,Operating,Rockhampton Office,,Central,Dysart-Middlemount Road,MIDDLEMOUNT,QLD,4746.0,-22.9836,148.77829,418,Serious Accident,Gravity,Other,High potential no lost time,surface,Other,,,,,,
MI00739,Inspection,2017-02-03 00:00:00,Moffatdale Mine,Metalliferous Mine - Surface,Metalliferous Mine - Surface,MMQ,Operating,Brisbane Office,B- South Burnett,Southern,,,,,-26.29069,151.977527,419,,,,,,,Inspection,Closed,,,,
MI03474,Inspection,2017-02-03 00:00:00,Quincan Quarries,Metalliferous - Quarry,Quarry,MMQ,Operating,Townsville Office,T- Mareeba / Atherton / Herberton,Northern,,,,,-17.30648,145.577239,420,,,,,,,Inspection,Closed,,,,
MI00159,Incident,2017-02-03 00:10:00,Curragh Mine,Coal Mine - Surface,Coal Mine - Surface,COAL,Operating,Rockhampton Office,,,,,,,-23.49741,148.84478,421,High Potential Incident,Vehicle,Unplanned movement of equipment (eg CM),High potential no lost time,surface,Moving vehicles/equipment,,,,,,
MI02952,Incident,2017-02-03 03:45:00,Caval Ridge Mine,Coal Mine - Surface,Coal Mine - Surface,COAL,Operating,Mackay Office,C- Mackay,Central,,,,,-22.15615,148.05892,422,High Potential Incident,Vehicle,Unplanned movement of equipment (eg CM),High potential no lost time,surface,Human error/actions,,,,,,
MI00568,Incident,2017-02-03 04:30:00,Goonyella Riverside,Coal Mine - Surface,Coal Mine - Surface,COAL,Operating,Mackay Office,,Central,,,,,-21.7581,147.95235,423,High Potential Incident,Vehicle,Mechanical/structural failure of vehicle,High potential no lost time,surface,Fatigue,,,,,,
MI01976,Incident,2017-02-03 04:40:00,Daunia Mine,Coal Mine - Surface,Coal Mine - Surface,COAL,Operating,Mackay Office,,Central,"Millennium Poitrel Access Road
Via Peak Downs Road",Moranbah,QLD,4744.0,-22.04127,148.26852,424,High Potential Incident,Psychosocial,Micro-sleeps,High potential no lost time,surface,Fatigue,,,,,,
MI01158,Incident,2017-02-03 12:15:00,Norwich Park,Coal Mine - Surface,Coal Mine - Surface,COAL,Closed,Mackay Office,,Central,,,,,-22.75835,148.46066,425,High Potential Incident,Electrical,Electric Shock,High potential no lost time,surface,Electrical equipment,,,,,,
MI01781,Incident,2017-02-03 12:42:00,Clermont Mine - Open Cut,Coal Mine - Surface,Coal Mine - Surface,COAL,Operating,Mackay Office,,Central,Gregory Development Road,Clermont,QLD,4721.0,-22.72688,147.62171,426,High Potential Incident,Thermal,Fire,High potential no lost time,surface,Fire(s),,,,,,
MI01546,Incident,2017-02-03 13:00:00,George Fisher Mine,Metalliferous Mine - Underground,Metalliferous Mine - Underground,MMQ,Operating,Mount Isa Office,,,,,,,-20.57,139.47761,427,High Potential Incident,Pressure,Other,High potential no lost time,surface,Other,,,,,,
MI01400,Incident,2017-02-03 13:20:00,Millennium Mine,Coal Mine - Surface,Coal Mine - Surface,COAL,Operating,Mackay Office,,Central,Via Peak Downs Highway,Moranbah,QLD,4744.0,-22.01548,148.25111,428,High Potential Incident,Vehicle,Collision with another vehicle,High potential no lost time,surface,Moving vehicles/equipment,,,,,,
MI00054,Incident,2017-02-04 00:30:00,Blackwater Mine,Coal Mine - Surface,Coal Mine - Surface,COAL,Operating,Rockhampton Office,,Central,Ardurad Road (Blackwater Rolleston Road),BLACKWATER,QLD,4717.0,-23.7697,148.87879,429,High Potential Incident,Gravity,Fall of a structure,High potential no lost time,surface,Falling/flying material/objects,,,,,,
MI01190,Incident,2017-02-04 01:00:00,Peak Downs,Coal Mine - Surface,Coal Mine - Surface,COAL,Operating,Mackay Office,,Central,,,,,-22.25686,148.17664,430,High Potential Incident,Thermal,Fire,High potential no lost time,surface,Fire(s),,,,,,
MI01573,Incident,2017-02-04 01:35:00,South Walker Creek,Coal Mine - Surface,Coal Mine - Surface,COAL,Operating,Mackay Office,,Central,Via Peak Downs Highway,Nebo,QLD,4744.0,-21.77801,148.48194,431,Serious Accident,Mechanical,Caught in nip point,High potential lost time,surface,Human error/actions,,,,,,
MI01648,Incident,2017-02-04 06:20:00,Dawson Mine,Coal Mine - Surface,Coal Mine - Surface,COAL,Operating,Rockhampton Office,,Central,Dawson Highway,MOURA,QLD,4718.0,-24.63169,150.06089,432,High Potential Incident,,,High potential no lost time,surface,Explosives,,,,,,
MI01648,Incident,2017-02-04 06:20:00,Dawson Mine,Coal Mine - Surface,Coal Mine - Surface,COAL,Operating,Rockhampton Office,,Central,Dawson Highway,MOURA,QLD,4718.0,-24.63169,150.06089,433,High Potential Incident,,,High potential no lost time,surface,Explosives,,,,,,
MI00191,Incident,2017-02-04 06:45:00,Warwick Limestone,Metalliferous Mine - Surface,Metalliferous Mine - Surface,MMQ,Operating,Brisbane Office,B- Southern Downs,Southern,401 O'Dea's Road,Elbow Valley,QLD,4370.0,-28.39129,152.115283,434,High Potential Incident,Vehicle,Collision with another vehicle,High potential no lost time,surface,Human error/actions,,,,,,
MI01573,Incident,2017-02-04 07:00:00,South Walker Creek,Coal Mine - Surface,Coal Mine - Surface,COAL,Operating,Mackay Office,,Central,Via Peak Downs Highway,Nebo,QLD,4744.0,-21.77801,148.48194,435,High Potential Incident,Explosives,Explosives - Misfire identified prior to firing,High potential no lost time,surface,Explosives,,,,,,
MI00762,Incident,2017-02-04 15:15:00,Capricorn Copper Mine,Metalliferous Mine - Underground,Metalliferous Mine - Underground,MMQ,Operating,Mount Isa Office,,,,,,,-19.68885,139.36651,436,High Potential Incident,Electrical,Other,High potential no lost time,surface,Fire(s),,,,,,
MI01416,Incident,2017-02-04 17:30:00,Cook Mine,Coal Mine - Underground,Coal Mine - Underground,COAL,Operating,Rockhampton Office,,Central,2613 Blackwater-Rolleston Road,BLACKWATER,QLD,4717.0,-23.82654,148.8896,437,High Potential Incident,Electrical,Cable Damage,High potential no lost time,underground,Electrical equipment,,,,,,
MI02663,Incident,2017-02-05 07:15:00,Ensham Underground Mine,Coal Mine - Underground,Coal Mine - Underground,COAL,Operating,Rockhampton Office,,,,,,,-23.5,148.49282,438,High Potential Incident,Thermal,Fire,High potential no lost time,surface,Fire(s),,,,,,
MI00054,Incident,2017-02-05 13:44:00,Blackwater Mine,Coal Mine - Surface,Coal Mine - Surface,COAL,Operating,Rockhampton Office,,Central,Ardurad Road (Blackwater Rolleston Road),BLACKWATER,QLD,4717.0,-23.7697,148.87879,439,High Potential Incident,Vehicle,Unplanned movement of equipment (eg CM),High potential no lost time,surface,Human error/actions,,,,,,
MI01422,Incident,2017-02-05 17:15:00,Kestrel Coal Mine,Coal Mine - Underground,Coal Mine - Underground,COAL,Operating,Rockhampton Office,,,,,,,-23.26,148.30263,440,High Potential Incident,Electrical,Electric Shock,High potential no lost time,surface,Electrical equipment,,,,,,
MI01422,Incident,2017-02-05 17:36:00,Kestrel Coal Mine,Coal Mine - Underground,Coal Mine - Underground,COAL,Operating,Rockhampton Office,,,,,,,-23.26,148.30263,441,High Potential Incident,Mechanical,Unplanned movement of equipment (eg CM),High potential no lost time,underground,Moving components/parts,,,,,,
MI00796,Incident,2017-02-05 18:00:00,Mt Isa - Copper Concentrator,Metalliferous - Minerals Processing,Metalliferous Mine - Surface,MMQ,Operating,Mount Isa Office,MI- Mount Isa,Northern,,,,,-20.71935,139.484141,442,High Potential Incident,Chemical,Ammonia,High potential no lost time,surface,Hazardous chemicals,,,,,,
MI01976,Incident,2017-02-05 20:20:00,Daunia Mine,Coal Mine - Surface,Coal Mine - Surface,COAL,Operating,Mackay Office,,Central,"Millennium Poitrel Access Road
Via Peak Downs Road",Moranbah,QLD,4744.0,-22.04127,148.26852,443,High Potential Incident,Vehicle,Collision with another vehicle,High potential no lost time,surface,Human error/actions,,,,,,
MI00167,Inspection,2017-02-06 00:00:00,Darlington - Bluerock Quarry,Metalliferous - Quarry,Quarry,MMQ,Operating,Brisbane Office,B- Gold Coast,Southern,Tamaree Road,Cedar Creek,QLD,4207.0,-27.83553,153.188644,444,,,,,,,Inspection,Closed,,,,
MI00661,Inspection,2017-02-06 00:00:00,Kunwarara Mine,Metalliferous Mine - Surface,Metalliferous Mine - Surface,MMQ,Operating,Brisbane Office,,,,,,,-22.92,150.24699,445,,,,,,,Inspection,Closed,,,,
MI00779,Action,2017-02-06 03:06:00,Mountain View Quarry,Metalliferous - Quarry,Quarry,MMQ,Care & Maintenance,Townsville Office,T- Innisfail / Cairns,Northern,,,,,-17.15089,145.71383,446,,,,,,,Inspection,Closed,Recommendation,,,1.0
MI03522,Action,2017-02-06 03:47:00,Nambal Resources & Quarries - Bull Crossing Pit,Metalliferous - Quarry,Quarry,MMQ,Care & Maintenance,Townsville Office,T- Lakeland / Cooktown,Northern,,,,,-15.28638,145.0781,447,,,,,,,Inspection,Closed,Substandard Condition or Practice,,,1.0
MI01646,Action,2017-02-06 09:05:00,Carborough Downs,Coal Mine - Underground,Coal Mine - Underground,COAL,Operating,Mackay Office,,Central,Peak Downs Highway,Coppabella,QLD,4741.0,-21.99368,148.249,448,,,,,,,Inspection - Unannounced,Closed,Recommendation,,,4.0
MI03044,Action,2017-02-06 09:44:00,Montgomery Mine - WK Haulage,Metalliferous Mine - Surface,Metalliferous Mine - Surface,MMQ,Closed,Brisbane Office,B- Lockyer Valley,Southern,31/9 Quarry Road,Stapylton,QLD,4207.0,-27.50238,152.101533,449,,,,,,,Inspection,Closed,Substandard Condition or Practice,,,1.0
MI03044,Action,2017-02-06 09:52:00,Montgomery Mine - WK Haulage,Metalliferous Mine - Surface,Metalliferous Mine - Surface,MMQ,Closed,Brisbane Office,B- Lockyer Valley,Southern,31/9 Quarry Road,Stapylton,QLD,4207.0,-27.50238,152.101533,450,,,,,,,Inspection,Closed,Substandard Condition or Practice,,,2.0
MI01414,Action,2017-02-06 10:41:00,Yarraman,Metalliferous Mine - Dredging Operation,Metalliferous Mine - Surface,MMQ,Closed,Brisbane Office,B- Redland,Southern,,,,,-27.46515,153.491104,451,,,,,,,Inspection,Closed,Substandard Condition or Practice,,,1.0
MI01414,Action,2017-02-06 10:46:00,Yarraman,Metalliferous Mine - Dredging Operation,Metalliferous Mine - Surface,MMQ,Closed,Brisbane Office,B- Redland,Southern,,,,,-27.46515,153.491104,452,,,,,,,Inspection,Closed,Substandard Condition or Practice,,,2.0
MI01459,Incident,2017-02-06 11:00:00,Grasstree Mine,Coal Mine - Underground,Coal Mine - Underground,COAL,Operating,Rockhampton Office,,Central,,,,,-22.98885,148.57943,453,High Potential Incident,Electrical,Explosion protected equipment failure,High potential no lost time,surface,Electrical equipment,,,,,,
MI01399,Action,2017-02-06 12:11:00,Mandarana Quarry,Metalliferous - Quarry,Quarry,MMQ,Operating,Townsville Office,C- Mackay,Northern,,,,,-21.10958,149.041175,454,,,,,,,Inspection,Closed,Substandard Condition or Practice,,,1.0
MI01399,Action,2017-02-06 12:18:00,Mandarana Quarry,Metalliferous - Quarry,Quarry,MMQ,Operating,Townsville Office,C- Mackay,Northern,,,,,-21.10958,149.041175,455,,,,,,,Inspection,Closed,Substandard Condition or Practice,,,2.0
MI01865,Incident,2017-02-06 12:24:00,Middlemount Mine,Coal Mine - Surface,Coal Mine - Surface,COAL,Operating,Rockhampton Office,C- Emerald,Central,Dysart Road,MIDDLEMOUNT,QLD,4746.0,-22.88143889,148.63889,456,High Potential Incident,Vehicle,Unplanned movement of equipment (eg CM),High potential no lost time,surface,Moving vehicles/equipment,,,,,,
MI00568,Incident,2017-02-06 12:45:00,Goonyella Riverside,Coal Mine - Surface,Coal Mine - Surface,COAL,Operating,Mackay Office,,Central,,,,,-21.7581,147.95235,457,High Potential Incident,Thermal,Fire,High potential no lost time,surface,Flammable liquids/gases,,,,,,
MI00568,Incident,2017-02-06 12:45:00,Goonyella Riverside,Coal Mine - Surface,Coal Mine - Surface,COAL,Operating,Mackay Office,,Central,,,,,-21.7581,147.95235,458,High Potential Incident,,,High potential no lost time,surface,Flammable liquids/gases,,,,,,
MI01479,Incident,2017-02-06 15:55:00,Ravenswood Gold Mine,Metalliferous Mine - Surface,Metalliferous Mine - Surface,MMQ,Operating,Townsville Office,,,,,,,-20.11,146.89854,459,High Potential Incident,Mechanical,Other,High potential no lost time,surface,Radiation/hot surfaces,,,,,,
MI00568,Incident,2017-02-06 18:10:00,Goonyella Riverside,Coal Mine - Surface,Coal Mine - Surface,COAL,Operating,Mackay Office,,Central,,,,,-21.7581,147.95235,460,High Potential Incident,Vehicle,Collision with another vehicle,High potential no lost time,surface,Human error/actions,,,,,,
MI01191,Inspection,2017-02-07 00:00:00,Peak Hill Quarry,Metalliferous - Quarry,Quarry,MMQ,Infrequent Operation,Brisbane Office,B- Rockhampton,Southern,,,,,-23.30926,150.53706,461,,,,,,,Inspection,Closed,,,,
MI02745,Inspection,2017-02-07 00:00:00,Eagle Downs Coal Mine ML 70389,Coal Mine - Underground,Coal Mine - Underground,COAL,Care & Maintenance,Mackay Office,,Central,Winchester Road,Moranbah,QLD,4744.0,-22.18942,148.20335,462,,,,,,,Inspection,Closed,,,,
MI00750,Inspection,2017-02-07 00:00:00,Moranbah North,Coal Mine - Underground,Coal Mine - Underground,COAL,Operating,Mackay Office,C- Moranbah,Central,1164 Goonyella Road,Moranbah,QLD,4744.0,-21.88576,147.96564,463,,,,,,,Inspection,Closed,,,,
MI01646,Inspection,2017-02-07 00:00:00,Carborough Downs,Coal Mine - Underground,Coal Mine - Underground,COAL,Operating,Mackay Office,,Central,Peak Downs Highway,Coppabella,QLD,4741.0,-21.99368,148.249,464,,,,,,,Inspection,Closed,,,,
MI01215,Inspection,2017-02-07 00:00:00,Huston Road Quarry,Metalliferous - Quarry,Quarry,MMQ,Operating,Brisbane Office,B- Western Downs,Southern,Huston Road,Dalby,QLD,4405.0,-27.07277778,151.27361,465,,,,,,,Inspection,Closed,,,,
MI01422,Inspection,2017-02-07 00:00:00,Kestrel Coal Mine,Coal Mine - Underground,Coal Mine - Underground,COAL,Operating,Rockhampton Office,,,,,,,-23.26,148.30263,466,,,,,,,Inspection,Closed,,,,
MI00772,Inspection,2017-02-07 00:00:00,Mount Rawdon,Metalliferous Mine - Surface,Metalliferous Mine - Surface,MMQ,Operating,Brisbane Office,,,,,,,-25.27,151.75833,467,,,,,,,Inspection,Closed,,,,
MI00034,Inspection,2017-02-07 00:00:00,Beenleigh Wolffdene - Quarry,Metalliferous - Quarry,Quarry,MMQ,Operating,Brisbane Office,,,,,,,-27.78,153.19944,468,,,,,,,Inspection,Closed,,,,
MI03459,Inspection,2017-02-07 00:00:00,Rowena Quarry,Metalliferous - Quarry,Quarry,MMQ,Infrequent Operation,Brisbane Office,B- Western Downs,Southern,1218 Goombi-Fairymeadow Road,Chinchilla,QLD,4413.0,-26.78593,150.393891,469,,,,,,,Inspection,Closed,,,,
MI00661,Action,2017-02-07 01:55:00,Kunwarara Mine,Metalliferous Mine - Surface,Metalliferous Mine - Surface,MMQ,Operating,Brisbane Office,,,,,,,-22.92,150.24699,470,,,,,,,Inspection,Closed,Substandard Condition or Practice,,,1.0
MI01288,Action,2017-02-07 02:47:00,Stanwell Sandstone Mine - Scotsmans Folly,Metalliferous Mine - Surface,Metalliferous Mine - Surface,MMQ,Operating,Brisbane Office,B- Rockhampton,Southern,,,,,-23.49916,150.34406,471,,,,,,,Inspection,Closed,Substandard Condition or Practice,,,2.0
MI00819,Action,2017-02-07 03:03:00,Mt Isa - Safety Health & Environment,Metalliferous Mine - Surface,Metalliferous Mine - Surface,MMQ,Operating,Mount Isa Office,MI- Mount Isa,Northern,,,,,-20.71999,139.47078,472,,Non Hazard Specific,Safety and Health Management System,,,,SafeGuard Systems Audit,Closed,Directive,165.0,Directive to review safety and health management system,1.0
MI00819,Action,2017-02-07 03:23:00,Mt Isa - Safety Health & Environment,Metalliferous Mine - Surface,Metalliferous Mine - Surface,MMQ,Operating,Mount Isa Office,MI- Mount Isa,Northern,,,,,-20.71999,139.47078,473,,Chemical,Exposure to other chemicals,,,,SafeGuard Systems Audit,Closed,Directive,164.0,Directive to suspend operations for unacceptable level of risk,2.0
MI00819,Action,2017-02-07 03:48:00,Mt Isa - Safety Health & Environment,Metalliferous Mine - Surface,Metalliferous Mine - Surface,MMQ,Operating,Mount Isa Office,MI- Mount Isa,Northern,,,,,-20.71999,139.47078,474,,Chemical,Other,,,,SafeGuard Systems Audit,Closed,Directive,163.0,Directive to reduce risk,3.0
MI01569,Incident,2017-02-07 03:55:00,Rolleston Mine,Coal Mine - Surface,Coal Mine - Surface,COAL,Operating,Rockhampton Office,,,,,,,-24.44,148.41844,475,High Potential Incident,Electrical,Cable Damage,High potential no lost time,surface,Electrical equipment,,,,,,
MI00819,Action,2017-02-07 04:00:00,Mt Isa - Safety Health & Environment,Metalliferous Mine - Surface,Metalliferous Mine - Surface,MMQ,Operating,Mount Isa Office,MI- Mount Isa,Northern,,,,,-20.71999,139.47078,476,,Non Hazard Specific,Risk management,,,,SafeGuard Systems Audit,Closed,Substandard Condition or Practice,,,4.0
MI00819,Action,2017-02-07 04:13:00,Mt Isa - Safety Health & Environment,Metalliferous Mine - Surface,Metalliferous Mine - Surface,MMQ,Operating,Mount Isa Office,MI- Mount Isa,Northern,,,,,-20.71999,139.47078,477,,Chemical,Other,,,,SafeGuard Systems Audit,Closed,Substandard Condition or Practice,,,5.0
MI00819,Action,2017-02-07 04:19:00,Mt Isa - Safety Health & Environment,Metalliferous Mine - Surface,Metalliferous Mine - Surface,MMQ,Operating,Mount Isa Office,MI- Mount Isa,Northern,,,,,-20.71999,139.47078,478,,Non Hazard Specific,Emergency response,,,,SafeGuard Systems Audit,Closed,Substandard Condition or Practice,,,6.0
MI00819,Action,2017-02-07 04:27:00,Mt Isa - Safety Health & Environment,Metalliferous Mine - Surface,Metalliferous Mine - Surface,MMQ,Operating,Mount Isa Office,MI- Mount Isa,Northern,,,,,-20.71999,139.47078,479,,Chemical,Other,,,,SafeGuard Systems Audit,Closed,Substandard Condition or Practice,,,7.0
MI01191,Action,2017-02-07 04:32:00,Peak Hill Quarry,Metalliferous - Quarry,Quarry,MMQ,Infrequent Operation,Brisbane Office,B- Rockhampton,Southern,,,,,-23.30926,150.53706,480,,,,,,,Inspection,Closed,Substandard Condition or Practice,,,1.0
MI01191,Action,2017-02-07 04:40:00,Peak Hill Quarry,Metalliferous - Quarry,Quarry,MMQ,Infrequent Operation,Brisbane Office,B- Rockhampton,Southern,,,,,-23.30926,150.53706,481,,,,,,,Inspection,Closed,Substandard Condition or Practice,,,2.0
MI01191,Action,2017-02-07 04:47:00,Peak Hill Quarry,Metalliferous - Quarry,Quarry,MMQ,Infrequent Operation,Brisbane Office,B- Rockhampton,Southern,,,,,-23.30926,150.53706,482,,,,,,,Inspection,Closed,Substandard Condition or Practice,,,3.0
MI01191,Action,2017-02-07 04:55:00,Peak Hill Quarry,Metalliferous - Quarry,Quarry,MMQ,Infrequent Operation,Brisbane Office,B- Rockhampton,Southern,,,,,-23.30926,150.53706,483,,,,,,,Inspection,Closed,Substandard Condition or Practice,,,4.0
MI01191,Action,2017-02-07 05:01:00,Peak Hill Quarry,Metalliferous - Quarry,Quarry,MMQ,Infrequent Operation,Brisbane Office,B- Rockhampton,Southern,,,,,-23.30926,150.53706,484,,,,,,,Inspection,Closed,Substandard Condition or Practice,,,5.0
MI01191,Action,2017-02-07 05:12:00,Peak Hill Quarry,Metalliferous - Quarry,Quarry,MMQ,Infrequent Operation,Brisbane Office,B- Rockhampton,Southern,,,,,-23.30926,150.53706,485,,,,,,,Inspection,Closed,Substandard Condition or Practice,,,6.0
MI00149,Incident,2017-02-07 09:15:00,Coppabella - Open Cut,Coal Mine - Surface,Coal Mine - Surface,COAL,Operating,Mackay Office,,,,,,,-21.87,148.42141,486,High Potential Incident,Thermal,Fire,High potential no lost time,surface,Flammable liquids/gases,,,,,,
MI01907,Incident,2017-02-07 11:30:00,Lake Vermont,Coal Mine - Surface,Coal Mine - Surface,COAL,Operating,Mackay Office,,,,,,,-22.47,148.40803,487,High Potential Incident,Explosives,Explosives - Misfire identified prior to firing,High potential no lost time,surface,Explosives,,,,,,
MI01538,Incident,2017-02-07 15:20:00,Edmonton Quarry,Metalliferous - Quarry,Quarry,MMQ,Operating,Townsville Office,T- Innisfail / Cairns,Northern,,,,,-17.07919,145.73206,488,Serious Accident,Mechanical,Caught in nip point,High potential lost time,surface,Moving components/parts,,,,,,
MI00553,Incident,2017-02-07 16:00:00,Capcoal Surface Coal Mine,Coal Mine - Surface,Coal Mine - Surface,COAL,Operating,Rockhampton Office,,,,,,,-22.93,148.55146,489,High Potential Incident,Electrical,Other,High potential no lost time,surface,Electrical equipment,,,,,,
MI01976,Incident,2017-02-07 16:45:00,Daunia Mine,Coal Mine - Surface,Coal Mine - Surface,COAL,Operating,Mackay Office,,Central,"Millennium Poitrel Access Road
Via Peak Downs Road",Moranbah,QLD,4744.0,-22.04127,148.26852,490,Serious Accident,Mechanical,Crushed between a load and a structure,High potential lost time,surface,Organisational deficiencies,,,,,,
MI03427,Incident,2017-02-07 19:00:00,Jellinbah Plains,Coal Mine - Surface,Coal Mine - Surface,COAL,Closed,Rockhampton Office,,Central,Fitzroy Development Road,BLUFF,QLD,4702.0,-23.32663,148.92329,491,High Potential Incident,Vehicle,Collision with another vehicle,High potential no lost time,surface,Moving vehicles/equipment,,,,,,
MI01258,Incident,2017-02-07 19:30:00,Saraji,Coal Mine - Surface,Coal Mine - Surface,COAL,Operating,Mackay Office,,Central,,,,,-22.42214,148.28115,492,High Potential Incident,Electrical,Other,High potential no lost time,surface,Moving vehicles/equipment,,,,,,
MI00594,Incident,2017-02-07 22:00:00,Hail Creek,Coal Mine - Surface,Coal Mine - Surface,COAL,Operating,Mackay Office,,,,,,,-21.5,148.34391,493,High Potential Incident,Vehicle,Unplanned movement of equipment (eg CM),High potential no lost time,surface,Moving vehicles/equipment,,,,,,
MI01573,Incident,2017-02-07 22:30:00,South Walker Creek,Coal Mine - Surface,Coal Mine - Surface,COAL,Operating,Mackay Office,,Central,Via Peak Downs Highway,Nebo,QLD,4744.0,-21.77801,148.48194,494,High Potential Incident,Explosives,Explosives - Misfire identified after firing,High potential no lost time,surface,Explosives,,,,,,
MI02663,Inspection,2017-02-08 00:00:00,Ensham Underground Mine,Coal Mine - Underground,Coal Mine - Underground,COAL,Operating,Rockhampton Office,,,,,,,-23.5,148.49282,495,,,,,,,Inspection,Closed,,,,
MI00607,Inspection,2017-02-08 00:00:00,Hill Of Stone Mine,Metalliferous Mine - Surface,Metalliferous Mine - Surface,MMQ,Operating,Brisbane Office,B- Scenic Rim,Southern,1812 Beaudesert Boonah Road,Beaudesert,QLD,4285.0,-27.94496,152.859372,496,,,,,,,Inspection,Closed,,,,
MI02745,Inspection,2017-02-08 00:00:00,Eagle Downs Coal Mine ML 70389,Coal Mine - Underground,Coal Mine - Underground,COAL,Care & Maintenance,Mackay Office,,Central,Winchester Road,Moranbah,QLD,4744.0,-22.18942,148.20335,497,,,,,,,Inspection,Closed,,,,
MI01157,Inspection,2017-02-08 00:00:00,North Goonyella,Coal Mine - Underground,Coal Mine - Underground,COAL,Operating,Mackay Office,,Central,,,,,-21.65702,147.97045,498,,,,,,,Inspection,Closed,,,,
MI00150,Inspection,2017-02-08 00:00:00,Cracow Mine,Metalliferous Mine - Underground,Metalliferous Mine - Underground,MMQ,Operating,Brisbane Office,,,,,,,-25.3,150.28919,499,,,,,,,Inspection,Closed,,,,
MI00149,Inspection,2017-02-08 00:00:00,Coppabella - Open Cut,Coal Mine - Surface,Coal Mine - Surface,COAL,Operating,Mackay Office,,,,,,,-21.87,148.42141,500,,,,,,,Inspection,Closed,,,,
MI03026,Inspection,2017-02-08 00:00:00,Stanwell Quarry,Metalliferous - Quarry,Quarry,MMQ,Operating,Brisbane Office,B- Rockhampton,Southern,,,,,-23.52685,150.345705,501,,,,,,,Inspection,Closed,,,,
MI02976,Inspection,2017-02-08 00:00:00,Grosvenor Coal Mine,Coal Mine - Underground,Coal Mine - Underground,COAL,Operating,Mackay Office,C- Moranbah,Central,Ground Floor 201 Charlotte Street,Brisbane,QLD,4001.0,-21.97533,148.00995,502,,,,,,,Inspection,Closed,,,,
MI00726,Inspection,2017-02-08 00:00:00,Miles Bentonite Mine,Metalliferous Mine - Surface,Metalliferous Mine - Surface,MMQ,Operating,Brisbane Office,B- Western Downs,Southern,,,,,-26.69339,150.1503,503,,,,,,,Inspection,Closed,,,,
MI03325,Inspection,2017-02-08 00:00:00,Knob Hill,Metalliferous - Quarry,Quarry,MMQ,Infrequent Operation,Brisbane Office,B- Maranoa,Southern,433 Bocks Road,Bungaban,QLD,,-25.9679,150.31759,504,,,,,,,Inspection,Closed,,,,
MI01352,Inspection,2017-02-08 00:00:00,Whiteside Quarry,Metalliferous - Quarry,Quarry,MMQ,Operating,Brisbane Office,B- Moreton Bay,Southern,,,,,-27.23222222,152.90889,505,,,,,,,Inspection,Closed,,,,
MI00568,Inspection,2017-02-08 00:00:00,Goonyella Riverside,Coal Mine - Surface,Coal Mine - Surface,COAL,Operating,Mackay Office,,Central,,,,,-21.7581,147.95235,506,,,,,,,Inspection,Closed,,,,
MI01567,Inspection,2017-02-08 00:00:00,Pinnacles Quarry,Metalliferous - Quarry,Quarry,MMQ,Operating,Townsville Office,T- Townsville / Ayr,Northern,,,,,-19.37951,146.6724,507,,,,,,,Inspection,Closed,,,,
MI00776,Action,2017-02-08 04:21:00,Mount Sylvia Diatomaceous Earth Mine,Metalliferous Mine - Surface,Metalliferous Mine - Surface,MMQ,Operating,Brisbane Office,B- Lockyer Valley,Southern,,,,,-27.82166667,152.16056,508,,,,,,,Inspection,Closed,Substandard Condition or Practice,,,1.0
MI00776,Action,2017-02-08 04:28:00,Mount Sylvia Diatomaceous Earth Mine,Metalliferous Mine - Surface,Metalliferous Mine - Surface,MMQ,Operating,Brisbane Office,B- Lockyer Valley,Southern,,,,,-27.82166667,152.16056,509,,,,,,,Inspection,Closed,Substandard Condition or Practice,,,2.0
MI00819,Action,2017-02-08 08:20:00,Mt Isa - Safety Health & Environment,Metalliferous Mine - Surface,Metalliferous Mine - Surface,MMQ,Operating,Mount Isa Office,MI- Mount Isa,Northern,,,,,-20.71999,139.47078,510,,Chemical,Other,,,,SafeGuard Systems Audit,Closed,Substandard Condition or Practice,,,8.0
MI00819,Action,2017-02-08 08:31:00,Mt Isa - Safety Health & Environment,Metalliferous Mine - Surface,Metalliferous Mine - Surface,MMQ,Operating,Mount Isa Office,MI- Mount Isa,Northern,,,,,-20.71999,139.47078,511,,Chemical,Other,,,,SafeGuard Systems Audit,Closed,Substandard Condition or Practice,,,9.0
MI00819,Action,2017-02-08 09:38:00,Mt Isa - Safety Health & Environment,Metalliferous Mine - Surface,Metalliferous Mine - Surface,MMQ,Operating,Mount Isa Office,MI- Mount Isa,Northern,,,,,-20.71999,139.47078,512,,Non Hazard Specific,Procedures,,,,SafeGuard Systems Audit,Closed,Substandard Condition or Practice,,,10.0
MI00819,Action,2017-02-08 09:54:00,Mt Isa - Safety Health & Environment,Metalliferous Mine - Surface,Metalliferous Mine - Surface,MMQ,Operating,Mount Isa Office,MI- Mount Isa,Northern,,,,,-20.71999,139.47078,513,,Non Hazard Specific,Emergency response,,,,SafeGuard Systems Audit,Closed,Substandard Condition or Practice,,,11.0
MI01569,Incident,2017-02-08 15:00:00,Rolleston Mine,Coal Mine - Surface,Coal Mine - Surface,COAL,Operating,Rockhampton Office,,,,,,,-24.44,148.41844,514,High Potential Incident,,,High potential no lost time,surface,Explosives,,,,,,
MI01404,Incident,2017-02-08 15:00:00,Oaky North Mine,Coal Mine - Underground,Coal Mine - Underground,COAL,Operating,Rockhampton Office,,Central,Oaky Creek Mine Access Road,LILYVALE,QLD,4723.0,-23.03935,148.53987,515,High Potential Incident,Electrical,Cable Damage,High potential no lost time,underground,Electrical equipment,,,,,,
MI00568,Incident,2017-02-08 16:30:00,Goonyella Riverside,Coal Mine - Surface,Coal Mine - Surface,COAL,Operating,Mackay Office,,Central,,,,,-21.7581,147.95235,516,High Potential Incident,Vehicle,Collision with another vehicle,High potential no lost time,surface,Human error/actions,,,,,,
MI00750,Incident,2017-02-08 21:20:00,Moranbah North,Coal Mine - Underground,Coal Mine - Underground,COAL,Operating,Mackay Office,C- Moranbah,Central,1164 Goonyella Road,Moranbah,QLD,4744.0,-21.88576,147.96564,517,Serious Accident,Gravity,Other,High potential lost time,underground,Strata failure,,,,,,
MI01383,Inspection,2017-02-09 00:00:00,Minerva Mine,Coal Mine - Surface,Coal Mine - Surface,COAL,Care & Maintenance,Rockhampton Office,C- Emerald,Central,Wurba Road,SPRINGSURE,QLD,4722.0,-23.90942,148.06107,518,,,,,,,Inspection,Closed,,,,
MI01379,Inspection,2017-02-09 00:00:00,Yuleba Silica Mine,Metalliferous - Quarry,Quarry,MMQ,Closed,Brisbane Office,B- Maranoa,Southern,775 Yuleba-Surat Highway,Yuleba,QLD,4427.0,-26.66922,149.355614,519,,,,,,,Inspection,Closed,,,,
MI01705,Inspection,2017-02-09 00:00:00,Poitrel Mine,Coal Mine - Surface,Coal Mine - Surface,COAL,Operating,Mackay Office,,Central,"Millennium Access Road
Peak Downs Highway",Moranbah,QLD,4744.0,-22.04109,148.26048,520,,,,,,,Inspection,Closed,,,,
MI01419,Inspection,2017-02-09 00:00:00,East End Mine,Metalliferous Mine - Surface,Metalliferous Mine - Surface,MMQ,Operating,Brisbane Office,,,,,,,-23.87,150.96025,521,,,,,,,Inspection,Closed,,,,
MI01416,Inspection,2017-02-09 00:00:00,Cook Mine,Coal Mine - Underground,Coal Mine - Underground,COAL,Operating,Rockhampton Office,,Central,2613 Blackwater-Rolleston Road,BLACKWATER,QLD,4717.0,-23.82654,148.8896,522,,,,,,,Inspection,Closed,,,,
MI01383,Inspection,2017-02-09 00:00:00,Minerva Mine,Coal Mine - Surface,Coal Mine - Surface,COAL,Care & Maintenance,Rockhampton Office,C- Emerald,Central,Wurba Road,SPRINGSURE,QLD,4722.0,-23.90942,148.06107,523,,,,,,,Inspection,Closed,,,,
MI01403,Action,2017-02-09 01:17:00,Lockyer Valley Quarry,Metalliferous Mine - Surface,Metalliferous Mine - Surface,MMQ,Operating,Brisbane Office,B- Lockyer Valley,Southern,,,,,-27.53207,152.130121,524,,Non Hazard Specific,Other,,,,Inspection,Closed,Substandard Condition or Practice,,,1.0
MI00631,Incident,2017-02-09 05:00:00,Jellinbah East Mine,Coal Mine - Surface,Coal Mine - Surface,COAL,Operating,Rockhampton Office,,Central,,BLUFF,QLD,4702.0,-23.38814,148.96074,525,High Potential Incident,Thermal,Fire,High potential no lost time,surface,Fire(s),,,,,,
MI00158,Action,2017-02-09 11:08:00,Curra Quarry,Metalliferous - Quarry,Quarry,MMQ,Operating,Brisbane Office,B- Gympie,Southern,1445 Bruce Highway,Curra,QLD,4570.0,-26.10448,152.574457,526,,Electrical,Electric shock,,,,Inspection,Closed,Substandard Condition or Practice,,,1.0
MI00159,Incident,2017-02-09 12:30:00,Curragh Mine,Coal Mine - Surface,Coal Mine - Surface,COAL,Operating,Rockhampton Office,,,,,,,-23.49741,148.84478,527,High Potential Incident,Explosives,Other,High potential no lost time,surface,Explosives,,,,,,
MI01907,Incident,2017-02-09 16:30:00,Lake Vermont,Coal Mine - Surface,Coal Mine - Surface,COAL,Operating,Mackay Office,,,,,,,-22.47,148.40803,528,High Potential Incident,Not Applicable,Not Applicable,High potential no lost time,surface,Falling/flying material/objects,,,,,,
MI00797,Inspection,2017-02-10 00:00:00,Mt Isa - Copper Smelter,Metalliferous - Minerals Processing,Metalliferous Mine - Surface,MMQ,Operating,Mount Isa Office,MI- Mount Isa,Northern,,,,,-20.72921,139.484131,529,,,,,,,Inspection,Closed,,,,
MI02976,Action,2017-02-10 03:05:00,Grosvenor Coal Mine,Coal Mine - Underground,Coal Mine - Underground,COAL,Operating,Mackay Office,C- Moranbah,Central,Ground Floor 201 Charlotte Street,Brisbane,QLD,4001.0,-21.97533,148.00995,530,,,,,,,Inspection,Closed,Recommendation,,,1.0
MI00755,Action,2017-02-10 03:39:00,Mount Carbine Quarries,Metalliferous Mine - Surface,Metalliferous Mine - Surface,MMQ,Operating,Townsville Office,T- Mareeba / Atherton / Herberton,Northern,,,,,-16.52738,145.13244,531,,,,,,,Inspection,Closed,Substandard Condition or Practice,,,1.0
MI01193,Incident,2017-02-10 10:30:00,Phosphate Hill,Metalliferous - Minerals Processing,Metalliferous Mine - Surface,MMQ,Operating,Mount Isa Office,MI- Cloncurry,Northern,Camp located at The Monument,,,,-21.88056,139.973295,532,High Potential Incident,Gravity,Inundation/engulfment (eg rock - fill - mud rush - water),High potential no lost time,surface,Falling/flying material/objects,,,,,,
MI00568,Action,2017-02-10 11:06:00,Goonyella Riverside,Coal Mine - Surface,Coal Mine - Surface,COAL,Operating,Mackay Office,,Central,,,,,-21.7581,147.95235,533,,,,,,,Inspection,Closed,Directive,166.0,Directive to reduce risk,1.0
MI00568,Action,2017-02-10 11:13:00,Goonyella Riverside,Coal Mine - Surface,Coal Mine - Surface,COAL,Operating,Mackay Office,,Central,,,,,-21.7581,147.95235,534,,,,,,,Inspection,Closed,Substandard Condition or Practice,,,2.0
MI00150,Action,2017-02-10 11:20:00,Cracow Mine,Metalliferous Mine - Underground,Metalliferous Mine - Underground,MMQ,Operating,Brisbane Office,,,,,,,-25.3,150.28919,535,,,,,,,Inspection,Closed,Recommendation,,,1.0
MI01258,Incident,2017-02-10 13:30:00,Saraji,Coal Mine - Surface,Coal Mine - Surface,COAL,Operating,Mackay Office,,Central,,,,,-22.42214,148.28115,536,High Potential Incident,Vehicle,Other,High potential no lost time,surface,Human error/actions,,,,,,
MI00054,Incident,2017-02-10 14:00:00,Blackwater Mine,Coal Mine - Surface,Coal Mine - Surface,COAL,Operating,Rockhampton Office,,Central,Ardurad Road (Blackwater Rolleston Road),BLACKWATER,QLD,4717.0,-23.7697,148.87879,537,High Potential Incident,Explosives,Explosives - Misfire identified after firing,High potential no lost time,surface,Explosives,,,,,,
MI00159,Incident,2017-02-10 20:45:00,Curragh Mine,Coal Mine - Surface,Coal Mine - Surface,COAL,Operating,Rockhampton Office,,,,,,,-23.49741,148.84478,538,High Potential Incident,Vehicle,Collision with another vehicle,High potential no lost time,surface,Moving vehicles/equipment,,,,,,
MI00094,Incident,2017-02-11 02:30:00,Cannington Mine,Metalliferous Mine - Underground,Metalliferous Mine - Underground,MMQ,Operating,Mount Isa Office,,,,,,,-21.86,140.91861,539,High Potential Incident,Gravity,Fall of ground,High potential no lost time,underground,Falling/flying material/objects,,,,,,
MI03461,Incident,2017-02-11 04:45:00,Amrun Construction,Metalliferous Mine - Surface,Metalliferous Mine - Surface,MMQ,Closed,Townsville Office,T- Weipa,Northern,,,,,-12.96522,141.62326,540,High Potential Incident,Electrical,Electric shock,High potential no lost time,surface,Other,,,,,,
MI00666,Inspection,2017-02-12 00:00:00,Lady Loretta Mine,Metalliferous Mine - Underground,Metalliferous Mine - Underground,MMQ,Operating,Mount Isa Office,MI- Mount Isa,Northern,George Fisher Mine,Mount Isa,QLD,4825.0,-19.77752,139.063454,541,,,,,,,Inspection - Weekend or Backshift,Closed,,,,
MI00663,Inspection,2017-02-12 00:00:00,Lady Annie Operations,Metalliferous Mine - Surface,Metalliferous Mine - Surface,MMQ,Operating,Mount Isa Office,MI- Mount Isa,Northern,,,,,-19.90116,139.119139,542,,,,,,,Inspection - Weekend or Backshift,Closed,,,,
MI01190,Incident,2017-02-12 06:18:00,Peak Downs,Coal Mine - Surface,Coal Mine - Surface,COAL,Operating,Mackay Office,,Central,,,,,-22.25686,148.17664,543,High Potential Incident,Electrical,Cable Damage,High potential no lost time,surface,Electrical equipment,,,,,,
MI01840,Incident,2017-02-12 08:20:00,Yalkara Quarry,Metalliferous - Quarry,Quarry,MMQ,Operating,Brisbane Office,B- Banana,Southern,1135 Orange Creek Road,BILOELA,QLD,4715.0,-24.36371,150.308716,544,High Potential Incident,Biological,Bites (eg snake - spider),High potential lost time,surface,Other,,,,,,
MI02976,Incident,2017-02-12 10:00:00,Grosvenor Coal Mine,Coal Mine - Underground,Coal Mine - Underground,COAL,Operating,Mackay Office,C- Moranbah,Central,Ground Floor 201 Charlotte Street,Brisbane,QLD,4001.0,-21.97533,148.00995,545,High Potential Incident,Chemical,Polymeric Chemicals/Solvents,High potential no lost time,underground,Noxious liquids/gases,,,,,,
MI00150,Incident,2017-02-12 10:45:00,Cracow Mine,Metalliferous Mine - Underground,Metalliferous Mine - Underground,MMQ,Operating,Brisbane Office,,,,,,,-25.3,150.28919,546,High Potential Incident,Electrical,Arc flash/blast,High potential no lost time,underground,Electrical equipment,,,,,,
MI00159,Incident,2017-02-12 11:20:00,Curragh Mine,Coal Mine - Surface,Coal Mine - Surface,COAL,Operating,Rockhampton Office,,,,,,,-23.49741,148.84478,547,High Potential Incident,Gravity,Fall of equipment/material,High potential no lost time,surface,Moving components/parts,,,,,,
MI00568,Incident,2017-02-12 11:50:00,Goonyella Riverside,Coal Mine - Surface,Coal Mine - Surface,COAL,Operating,Mackay Office,,Central,,,,,-21.7581,147.95235,548,Serious Accident,Mechanical,Caught in nip point,High potential lost time,surface,Human error/actions,,,,,,
MI01258,Incident,2017-02-12 13:30:00,Saraji,Coal Mine - Surface,Coal Mine - Surface,COAL,Operating,Mackay Office,,Central,,,,,-22.42214,148.28115,549,High Potential Incident,Mechanical,Unplanned movement of equipment (eg CM),High potential no lost time,surface,Human error/actions,,,,,,
MI01150,Incident,2017-02-12 13:30:00,Newlands Mine - Open Cut,Coal Mine - Surface,Coal Mine - Surface,COAL,Operating,Mackay Office,,Central,Newlands Access Road,Via Glenden,QLD,4743.0,-21.21217,147.88636,550,Serious Accident,Thermal,Heat stress/stroke,High potential no lost time,surface,Other,,,,,,
MI01157,Incident,2017-02-12 14:30:00,North Goonyella,Coal Mine - Underground,Coal Mine - Underground,COAL,Operating,Mackay Office,,Central,,,,,-21.65702,147.97045,551,High Potential Incident,Mechanical,Struck by projectile,High potential no lost time,underground,Other,,,,,,
MI01976,Incident,2017-02-12 21:35:00,Daunia Mine,Coal Mine - Surface,Coal Mine - Surface,COAL,Operating,Mackay Office,,Central,"Millennium Poitrel Access Road
Via Peak Downs Road",Moranbah,QLD,4744.0,-22.04127,148.26852,552,High Potential Incident,Vehicle,Unplanned movement of equipment (eg CM),High potential no lost time,surface,Other,,,,,,
MI00159,Incident,2017-02-12 23:20:00,Curragh Mine,Coal Mine - Surface,Coal Mine - Surface,COAL,Operating,Rockhampton Office,,,,,,,-23.49741,148.84478,553,High Potential Incident,Gravity,Fall of equipment/material,High potential no lost time,surface,Falling/flying material/objects,,,,,,
MI01212,Inspection,2017-02-13 00:00:00,Purga Quarry,Metalliferous - Quarry,Quarry,MMQ,Operating,Brisbane Office,B- Ipswich,Southern,"T Morrows Road
Mail Service 825",Purga,QLD,4306.0,-27.75215,152.744679,554,,,,,,,Inspection,Closed,,,,
MI01536,Inspection,2017-02-13 00:00:00,Butchers Hill Quarry,Metalliferous - Quarry,Quarry,MMQ,Operating,Townsville Office,T- Lakeland / Cooktown,Northern,Mulligan Highway,Lakeland,QLD,,-15.83628,144.87104,555,,,,,,,Inspection,Closed,,,,
MI00178,Inspection,2017-02-13 00:00:00,Dulong Quarry,Metalliferous - Quarry,Quarry,MMQ,Operating,Brisbane Office,B- Sunshine Coast,Southern,,,,,-26.63527778,152.88667,556,,,,,,,Inspection,Closed,,,,
MI00178,Action,2017-02-13 02:25:00,Dulong Quarry,Metalliferous - Quarry,Quarry,MMQ,Operating,Brisbane Office,B- Sunshine Coast,Southern,,,,,-26.63527778,152.88667,557,,,,,,,Inspection,Closed,Directive,163.0,Directive to reduce risk,1.0
MI00149,Incident,2017-02-13 03:09:00,Coppabella - Open Cut,Coal Mine - Surface,Coal Mine - Surface,COAL,Operating,Mackay Office,,,,,,,-21.87,148.42141,558,High Potential Incident,Mechanical,Unplanned movement of equipment (eg CM),High potential lost time,surface,Human error/actions,,,,,,
MI00072,Action,2017-02-13 04:43:00,Braeside Quarry,Metalliferous - Quarry,Quarry,MMQ,Care & Maintenance,Brisbane Office,B- Southern Downs,Southern,New England Highway,Braeside,QLD,4370.0,-28.37973,151.919373,559,,,,,,,Inspection,Closed,Directive,163.0,Directive to reduce risk,1.0
MI00615,Action,2017-02-13 04:47:00,Image Flat Quarry,Metalliferous - Quarry,Quarry,MMQ,Operating,Brisbane Office,B- Sunshine Coast,Southern,,,,,-26.60273,152.940046,560,,,,,,,Inspection,Closed,Substandard Condition or Practice,,,1.0
MI00615,Action,2017-02-13 04:49:00,Image Flat Quarry,Metalliferous - Quarry,Quarry,MMQ,Operating,Brisbane Office,B- Sunshine Coast,Southern,,,,,-26.60273,152.940046,561,,,,,,,Inspection,Closed,Substandard Condition or Practice,,,2.0
MI00615,Action,2017-02-13 04:51:00,Image Flat Quarry,Metalliferous - Quarry,Quarry,MMQ,Operating,Brisbane Office,B- Sunshine Coast,Southern,,,,,-26.60273,152.940046,562,,,,,,,Inspection,Closed,Substandard Condition or Practice,,,3.0
MI00072,Action,2017-02-13 05:02:00,Braeside Quarry,Metalliferous - Quarry,Quarry,MMQ,Care & Maintenance,Brisbane Office,B- Southern Downs,Southern,New England Highway,Braeside,QLD,4370.0,-28.37973,151.919373,563,,,,,,,Inspection,Closed,Directive,163.0,Directive to reduce risk,2.0
MI01212,Incident,2017-02-13 06:30:00,Purga Quarry,Metalliferous - Quarry,Quarry,MMQ,Operating,Brisbane Office,B- Ipswich,Southern,"T Morrows Road
Mail Service 825",Purga,QLD,4306.0,-27.75215,152.744679,564,High Potential Incident,Explosives,Misfire,High potential no lost time,surface,Explosives,,,,,,
MI00594,Incident,2017-02-13 07:00:00,Hail Creek,Coal Mine - Surface,Coal Mine - Surface,COAL,Operating,Mackay Office,,,,,,,-21.5,148.34391,565,High Potential Incident,Explosives,Explosives - Security,High potential no lost time,surface,Explosives,,,,,,
MI01404,Incident,2017-02-13 08:20:00,Oaky North Mine,Coal Mine - Underground,Coal Mine - Underground,COAL,Operating,Rockhampton Office,,Central,Oaky Creek Mine Access Road,LILYVALE,QLD,4723.0,-23.03935,148.53987,566,High Potential Incident,Mechanical,Crushed between a load and a structure,High potential no lost time,underground,Moving vehicles/equipment,,,,,,
MI01536,Action,2017-02-13 08:41:00,Butchers Hill Quarry,Metalliferous - Quarry,Quarry,MMQ,Operating,Townsville Office,T- Lakeland / Cooktown,Northern,Mulligan Highway,Lakeland,QLD,,-15.83628,144.87104,567,,,,,,,Inspection,Closed,Recommendation,,,1.0
MI00167,Action,2017-02-13 09:34:00,Darlington - Bluerock Quarry,Metalliferous - Quarry,Quarry,MMQ,Operating,Brisbane Office,B- Gold Coast,Southern,Tamaree Road,Cedar Creek,QLD,4207.0,-27.83553,153.188644,568,,Mechanical,Entangled in rotating plant,,,,Inspection,Closed,Directive,165.0,Directive to review safety and health management system,1.0
MI00607,Action,2017-02-13 09:35:00,Hill Of Stone Mine,Metalliferous Mine - Surface,Metalliferous Mine - Surface,MMQ,Operating,Brisbane Office,B- Scenic Rim,Southern,1812 Beaudesert Boonah Road,Beaudesert,QLD,4285.0,-27.94496,152.859372,569,,Non Hazard Specific,Management structure,,,,Inspection,Closed,Directive,165.0,Directive to review safety and health management system,1.0
MI00607,Action,2017-02-13 09:44:00,Hill Of Stone Mine,Metalliferous Mine - Surface,Metalliferous Mine - Surface,MMQ,Operating,Brisbane Office,B- Scenic Rim,Southern,1812 Beaudesert Boonah Road,Beaudesert,QLD,4285.0,-27.94496,152.859372,570,,Non Hazard Specific,Risk management,,,,Inspection,Closed,Directive,165.0,Directive to review safety and health management system,2.0
MI00607,Action,2017-02-13 10:21:00,Hill Of Stone Mine,Metalliferous Mine - Surface,Metalliferous Mine - Surface,MMQ,Operating,Brisbane Office,B- Scenic Rim,Southern,1812 Beaudesert Boonah Road,Beaudesert,QLD,4285.0,-27.94496,152.859372,571,,Non Hazard Specific,Risk management,,,,Inspection,Closed,Substandard Condition or Practice,,,5.0
MI00607,Action,2017-02-13 10:43:00,Hill Of Stone Mine,Metalliferous Mine - Surface,Metalliferous Mine - Surface,MMQ,Operating,Brisbane Office,B- Scenic Rim,Southern,1812 Beaudesert Boonah Road,Beaudesert,QLD,4285.0,-27.94496,152.859372,572,,Non Hazard Specific,Procedures,,,,Inspection,Closed,Substandard Condition or Practice,,,4.0
MI00607,Action,2017-02-13 10:53:00,Hill Of Stone Mine,Metalliferous Mine - Surface,Metalliferous Mine - Surface,MMQ,Operating,Brisbane Office,B- Scenic Rim,Southern,1812 Beaudesert Boonah Road,Beaudesert,QLD,4285.0,-27.94496,152.859372,573,,Non Hazard Specific,Training,,,,Inspection,Closed,Directive,165.0,Directive to review safety and health management system,3.0
MI02762,Action,2017-02-13 12:33:00,Coominya Quarry,Metalliferous - Quarry,Quarry,MMQ,Care & Maintenance,Brisbane Office,B- Lockyer Valley,Southern,1020 Atkinson Dam Road,Coominya,QLD,4311.0,-27.3971,152.393338,574,,,,,,,Inspection,Closed,Substandard Condition or Practice,,,1.0
MI02762,Action,2017-02-13 12:36:00,Coominya Quarry,Metalliferous - Quarry,Quarry,MMQ,Care & Maintenance,Brisbane Office,B- Lockyer Valley,Southern,1020 Atkinson Dam Road,Coominya,QLD,4311.0,-27.3971,152.393338,575,,,,,,,Inspection,Closed,Substandard Condition or Practice,,,2.0
MI01383,Incident,2017-02-13 15:46:00,Minerva Mine,Coal Mine - Surface,Coal Mine - Surface,COAL,Care & Maintenance,Rockhampton Office,C- Emerald,Central,Wurba Road,SPRINGSURE,QLD,4722.0,-23.90942,148.06107,576,High Potential Incident,Thermal,Fire,High potential no lost time,surface,Fire(s),,,,,,
MI03535,Inspection,2017-02-14 00:00:00,Durong Quarry,Metalliferous - Quarry,Quarry,MMQ,Infrequent Operation,Brisbane Office,B- Western Downs,Southern,,,,,-26.60361111,151.4175,577,,,,,,,Inspection,Closed,,,,
MI02615,Inspection,2017-02-14 00:00:00,Roseneath Quarry - Holcim,Metalliferous - Quarry,Quarry,MMQ,Care & Maintenance,Townsville Office,T- Townsville / Ayr,Northern,,,,,-19.36638,146.83422,578,,,,,,,Inspection,Closed,,,,
MI00565,Inspection,2017-02-14 00:00:00,Country Road Quarries,Metalliferous - Quarry,Quarry,MMQ,Operating,Brisbane Office,B- South Burnett,Southern,,,,,-26.655,151.788108,579,,,,,,,Inspection,Closed,,,,
MI00593,Inspection,2017-02-14 00:00:00,Habana Quarry,Metalliferous - Quarry,Quarry,MMQ,Closed,Townsville Office,C- Mackay,Northern,,,,,-21.03651,149.027862,580,,,,,,,Inspection - Unannounced,Closed,,,,
MI00594,Inspection,2017-02-14 00:00:00,Hail Creek,Coal Mine - Surface,Coal Mine - Surface,COAL,Operating,Mackay Office,,,,,,,-21.5,148.34391,581,,,,,,,Inspection,Closed,,,,
MI01403,Inspection,2017-02-14 00:00:00,Lockyer Valley Quarry,Metalliferous Mine - Surface,Metalliferous Mine - Surface,MMQ,Operating,Brisbane Office,B- Lockyer Valley,Southern,,,,,-27.53207,152.130121,582,,,,,,,Inspection,Closed,,,,
MI01570,Inspection,2017-02-14 00:00:00,Goodsell Earth Moving - Roseneath,Metalliferous - Quarry,Quarry,MMQ,Operating,Townsville Office,T- Townsville / Ayr,Northern,,,,,-19.37022,146.84843,583,,,,,,,Inspection,Closed,,,,
MI01494,Inspection,2017-02-14 00:00:00,Jenko's Quarry,Metalliferous - Quarry,Quarry,MMQ,Operating,Townsville Office,T- Ingham / Cardwell / Tully,Northern,,,,,-17.95887,145.94927,584,,,,,,,Inspection,Closed,,,,
MI01648,Incident,2017-02-14 03:55:00,Dawson Mine,Coal Mine - Surface,Coal Mine - Surface,COAL,Operating,Rockhampton Office,,Central,Dawson Highway,MOURA,QLD,4718.0,-24.63169,150.06089,585,High Potential Incident,Mechanical,Unplanned movement of equipment (eg CM),High potential no lost time,surface,Moving vehicles/equipment,,,,,,
MI01432,Incident,2017-02-14 04:05:00,Yarrabee Mine,Coal Mine - Surface,Coal Mine - Surface,COAL,Operating,Rockhampton Office,,Central,Boonal Haul Road,BLACKWATER,QLD,4717.0,-23.27349,149.02261,586,High Potential Incident,Thermal,Fire,High potential no lost time,surface,Fire(s),,,,,,
MI00054,Incident,2017-02-14 05:55:00,Blackwater Mine,Coal Mine - Surface,Coal Mine - Surface,COAL,Operating,Rockhampton Office,,Central,Ardurad Road (Blackwater Rolleston Road),BLACKWATER,QLD,4717.0,-23.7697,148.87879,587,High Potential Incident,Psychosocial,Micro-sleeps,High potential no lost time,surface,Fatigue,,,,,,
MI02663,Incident,2017-02-14 10:00:00,Ensham Underground Mine,Coal Mine - Underground,Coal Mine - Underground,COAL,Operating,Rockhampton Office,,,,,,,-23.5,148.49282,588,High Potential Incident,Gravity,Fall of ground-Outbye,High potential no lost time,underground,Strata failure,,,,,,
MI01422,Action,2017-02-14 10:19:00,Kestrel Coal Mine,Coal Mine - Underground,Coal Mine - Underground,COAL,Operating,Rockhampton Office,,,,,,,-23.26,148.30263,589,,,,,,,Inspection,Closed,Directive,166.0,Directive to reduce risk,1.0
MI01190,Incident,2017-02-14 13:20:00,Peak Downs,Coal Mine - Surface,Coal Mine - Surface,COAL,Operating,Mackay Office,,Central,,,,,-22.25686,148.17664,590,High Potential Incident,Mechanical,Lifting,High potential no lost time,surface,Moving vehicles/equipment,,,,,,
MI00568,Inspection,2017-02-15 00:00:00,Goonyella Riverside,Coal Mine - Surface,Coal Mine - Surface,COAL,Operating,Mackay Office,,Central,,,,,-21.7581,147.95235,591,,,,,,,Inspection,Closed,,,,
MI00138,Inspection,2017-02-15 00:00:00,Sandstone Australia Project,Metalliferous Mine - Surface,Metalliferous Mine - Surface,MMQ,Operating,Brisbane Office,B- Lockyer Valley,Southern,,,,,-27.51351,152.106058,592,,,,,,,Inspection,Closed,,,,
MI01573,Inspection,2017-02-15 00:00:00,South Walker Creek,Coal Mine - Surface,Coal Mine - Surface,COAL,Operating,Mackay Office,,Central,Via Peak Downs Highway,Nebo,QLD,4744.0,-21.77801,148.48194,593,,,,,,,Inspection,Closed,,,,
MI01442,Inspection,2017-02-15 00:00:00,Pentland Small Mines - Karen Spice,Metalliferous Mine - Surface Alluvial Gold,Metalliferous Mine - Surface,MMQ,Care & Maintenance,Townsville Office,T- Pentland,Northern,,,,,-20.38444,145.19093,594,,,,,,,Inspection - Unannounced,Closed,,,,
MI01439,Inspection,2017-02-15 00:00:00,Pentland Small Mines - Graham Haines,Metalliferous Mine - Surface Alluvial Gold,Metalliferous Mine - Surface,MMQ,Care & Maintenance,Townsville Office,T- Pentland,Northern,,,,,-20.39636,145.20189,595,,,,,,,Inspection - Unannounced,Closed,,,,
MI00003,Inspection,2017-02-15 00:00:00,Ablatio Sandstone Mine,Metalliferous Mine - Surface,Metalliferous Mine - Surface,MMQ,Operating,Brisbane Office,B- Lockyer Valley,Southern,512 Goldmine Road,Helidon,QLD,,-27.5108,152.110514,596,,,,,,,Inspection,Closed,,,,
MI02663,Action,2017-02-15 01:50:00,Ensham Underground Mine,Coal Mine - Underground,Coal Mine - Underground,COAL,Operating,Rockhampton Office,,,,,,,-23.5,148.49282,597,,,,,,,Inspection,Closed,Directive,166.0,Directive to reduce risk,1.0
MI02663,Action,2017-02-15 02:09:00,Ensham Underground Mine,Coal Mine - Underground,Coal Mine - Underground,COAL,Operating,Rockhampton Office,,,,,,,-23.5,148.49282,598,,,,,,,Inspection,Closed,Directive,167.0,Directive to suspend operations for unacceptable level of risk,2.0
MI02663,Action,2017-02-15 02:43:00,Ensham Underground Mine,Coal Mine - Underground,Coal Mine - Underground,COAL,Operating,Rockhampton Office,,,,,,,-23.5,148.49282,599,,,,,,,Inspection,Closed,Directive,166.0,Directive to reduce risk,3.0
MI02663,Action,2017-02-15 02:57:00,Ensham Underground Mine,Coal Mine - Underground,Coal Mine - Underground,COAL,Operating,Rockhampton Office,,,,,,,-23.5,148.49282,600,,,,,,,Inspection,Closed,Directive,166.0,Directive to reduce risk,4.0
MI02663,Action,2017-02-15 03:14:00,Ensham Underground Mine,Coal Mine - Underground,Coal Mine - Underground,COAL,Operating,Rockhampton Office,,,,,,,-23.5,148.49282,601,,,,,,,Inspection,Closed,Substandard Condition or Practice,,,5.0
MI02663,Action,2017-02-15 03:19:00,Ensham Underground Mine,Coal Mine - Underground,Coal Mine - Underground,COAL,Operating,Rockhampton Office,,,,,,,-23.5,148.49282,602,,,,,,,Inspection,Closed,Substandard Condition or Practice,,,6.0
MI01648,Incident,2017-02-15 05:30:00,Dawson Mine,Coal Mine - Surface,Coal Mine - Surface,COAL,Operating,Rockhampton Office,,Central,Dawson Highway,MOURA,QLD,4718.0,-24.63169,150.06089,603,High Potential Incident,Gravity,Fall of equipment/material,High potential no lost time,surface,Strata failure,,,,,,
MI01419,Action,2017-02-15 11:21:00,East End Mine,Metalliferous Mine - Surface,Metalliferous Mine - Surface,MMQ,Operating,Brisbane Office,,,,,,,-23.87,150.96025,604,,,,,,,Inspection,Closed,Substandard Condition or Practice,,,1.0
MI01419,Action,2017-02-15 11:38:00,East End Mine,Metalliferous Mine - Surface,Metalliferous Mine - Surface,MMQ,Operating,Brisbane Office,,,,,,,-23.87,150.96025,605,,,,,,,Inspection,Closed,Substandard Condition or Practice,,,2.0
MI01419,Action,2017-02-15 11:50:00,East End Mine,Metalliferous Mine - Surface,Metalliferous Mine - Surface,MMQ,Operating,Brisbane Office,,,,,,,-23.87,150.96025,606,,,,,,,Inspection,Closed,Substandard Condition or Practice,,,3.0
MI01190,Incident,2017-02-15 12:30:00,Peak Downs,Coal Mine - Surface,Coal Mine - Surface,COAL,Operating,Mackay Office,,Central,,,,,-22.25686,148.17664,607,High Potential Incident,Vehicle,Unplanned movement of equipment (eg CM),High potential no lost time,surface,Moving vehicles/equipment,,,,,,
MI01540,Incident,2017-02-15 23:55:00,Ensham Mine,Coal Mine - Surface,Coal Mine - Surface,COAL,Operating,Rockhampton Office,,,,,,,-23.48,148.52054,608,High Potential Incident,Thermal,Fire,High potential no lost time,surface,Fire(s),,,,,,
MI01535,Inspection,2017-02-16 00:00:00,Shamrock Quarry,Metalliferous - Quarry,Quarry,MMQ,Operating,Townsville Office,T- Ingham / Cardwell / Tully,Northern,19 Lloyd Bell Road,Merryburn,QLD,4854.0,-17.91911,145.98215,609,,,,,,,Inspection - Unannounced,Closed,,,,
MI03026,Inspection,2017-02-16 00:00:00,Stanwell Quarry,Metalliferous - Quarry,Quarry,MMQ,Operating,Brisbane Office,B- Rockhampton,Southern,,,,,-23.52685,150.345705,610,,,,,,,Inspection - Unannounced,Closed,,,,
MI01585,Inspection,2017-02-16 00:00:00,Mount Cordelia North,Metalliferous - Quarry,Quarry,MMQ,Care & Maintenance,Townsville Office,T- Ingham / Cardwell / Tully,Northern,,,,,-18.60516,146.24383,611,,,,,,,Inspection,Closed,,,,
MI03673,Inspection,2017-02-16 00:00:00,The Leap Quarry,Metalliferous - Quarry,Quarry,MMQ,Closed,Townsville Office,C- Mackay,Northern,,,,,-21.0883,149.03201,612,,,,,,,Inspection,Closed,,,,
MI01566,Inspection,2017-02-16 00:00:00,Stoters Hill Quarry,Metalliferous - Quarry,Quarry,MMQ,Closed,Townsville Office,T- Innisfail / Cairns,Northern,,,,,-17.53865,145.97203,613,,,,,,,Inspection,Closed,,,,
MI00239,Inspection,2017-02-16 00:00:00,Rocklands,Metalliferous Mine - Surface,Metalliferous Mine - Surface,MMQ,Operating,Mount Isa Office,,,,,,,-20.65,140.36036,614,,,,,,,Inspection,Closed,,,,
MI01553,Inspection,2017-02-16 00:00:00,Quarry Brook,Metalliferous - Quarry,Quarry,MMQ,Operating,Townsville Office,T- Ingham / Cardwell / Tully,Northern,Quarry Road (Via Cooks Lane),Cordelia,QLD,4850.0,-18.6068,146.250104,615,,,,,,,Inspection - Unannounced,Closed,,,,
MI00779,Inspection,2017-02-16 00:00:00,Mountain View Quarry,Metalliferous - Quarry,Quarry,MMQ,Care & Maintenance,Townsville Office,T- Innisfail / Cairns,Northern,,,,,-17.15089,145.71383,616,,,,,,,Inspection - Unannounced,Closed,,,,
MI01565,Inspection,2017-02-16 00:00:00,Ormeau Quarry,Metalliferous - Quarry,Quarry,MMQ,Operating,Brisbane Office,B- Gold Coast,Southern,"
578 Upper Ormeau Rd, Kingsholme QLD 4208",,,,-27.82179,153.224225,617,,,,,,,Inspection,Closed,,,,
MI00652,Inspection,2017-02-16 00:00:00,Keperra Quarry,Metalliferous - Quarry,Quarry,MMQ,Operating,Brisbane Office,B- Brisbane,Southern,469 Settlement Road,KEPERRA,QLD,4054.0,-27.42401,152.949667,618,,,,,,,Inspection,Closed,,,,
MI01648,Incident,2017-02-16 01:00:00,Dawson Mine,Coal Mine - Surface,Coal Mine - Surface,COAL,Operating,Rockhampton Office,,Central,Dawson Highway,MOURA,QLD,4718.0,-24.63169,150.06089,619,High Potential Incident,Gas Management,Other,High potential no lost time,surface,Flammable liquids/gases,,,,,,
MI00739,Action,2017-02-16 03:46:00,Moffatdale Mine,Metalliferous Mine - Surface,Metalliferous Mine - Surface,MMQ,Operating,Brisbane Office,B- South Burnett,Southern,,,,,-26.29069,151.977527,620,,,,,,,Inspection,Closed,Substandard Condition or Practice,,,1.0
MI00739,Action,2017-02-16 03:51:00,Moffatdale Mine,Metalliferous Mine - Surface,Metalliferous Mine - Surface,MMQ,Operating,Brisbane Office,B- South Burnett,Southern,,,,,-26.29069,151.977527,621,,,,,,,Inspection,Closed,Substandard Condition or Practice,,,2.0
MI03318,Action,2017-02-16 06:04:00,Kalbar Quarry,Metalliferous - Quarry,Quarry,MMQ,Operating,Brisbane Office,B- Scenic Rim,Southern,,,,,-27.94695,152.55871,622,,,,,,,Inspection,Closed,Directive,165.0,Directive to review safety and health management system,1.0
MI03318,Action,2017-02-16 06:11:00,Kalbar Quarry,Metalliferous - Quarry,Quarry,MMQ,Operating,Brisbane Office,B- Scenic Rim,Southern,,,,,-27.94695,152.55871,623,,,,,,,Inspection,Closed,Directive,165.0,Directive to review safety and health management system,2.0
MI03318,Action,2017-02-16 06:15:00,Kalbar Quarry,Metalliferous - Quarry,Quarry,MMQ,Operating,Brisbane Office,B- Scenic Rim,Southern,,,,,-27.94695,152.55871,624,,,,,,,Inspection,Closed,Substandard Condition or Practice,,,3.0
MI03318,Action,2017-02-16 06:17:00,Kalbar Quarry,Metalliferous - Quarry,Quarry,MMQ,Operating,Brisbane Office,B- Scenic Rim,Southern,,,,,-27.94695,152.55871,625,,,,,,,Inspection,Closed,Substandard Condition or Practice,,,4.0
MI03318,Action,2017-02-16 06:21:00,Kalbar Quarry,Metalliferous - Quarry,Quarry,MMQ,Operating,Brisbane Office,B- Scenic Rim,Southern,,,,,-27.94695,152.55871,626,,,,,,,Inspection,Closed,Substandard Condition or Practice,,,5.0
MI00159,Incident,2017-02-16 11:12:00,Curragh Mine,Coal Mine - Surface,Coal Mine - Surface,COAL,Operating,Rockhampton Office,,,,,,,-23.49741,148.84478,627,High Potential Incident,Thermal,Fire,High potential no lost time,surface,Fire(s),,,,,,
MI01416,Action,2017-02-16 12:36:00,Cook Mine,Coal Mine - Underground,Coal Mine - Underground,COAL,Operating,Rockhampton Office,,Central,2613 Blackwater-Rolleston Road,BLACKWATER,QLD,4717.0,-23.82654,148.8896,628,,,,,,,Inspection,Closed,Directive,166.0,Directive to reduce risk,1.0
MI01416,Action,2017-02-16 12:48:00,Cook Mine,Coal Mine - Underground,Coal Mine - Underground,COAL,Operating,Rockhampton Office,,Central,2613 Blackwater-Rolleston Road,BLACKWATER,QLD,4717.0,-23.82654,148.8896,629,,,,,,,Inspection,Closed,Directive,166.0,Directive to reduce risk,2.0
MI02952,Incident,2017-02-16 14:55:00,Caval Ridge Mine,Coal Mine - Surface,Coal Mine - Surface,COAL,Operating,Mackay Office,C- Mackay,Central,,,,,-22.15615,148.05892,630,High Potential Incident,Explosives,Explosives - Misfire identified prior to firing,High potential no lost time,surface,Strata failure,,,,,,
MI01400,Incident,2017-02-16 15:30:00,Millennium Mine,Coal Mine - Surface,Coal Mine - Surface,COAL,Operating,Mackay Office,,Central,Via Peak Downs Highway,Moranbah,QLD,4744.0,-22.01548,148.25111,631,High Potential Incident,Vehicle,Rollover,High potential no lost time,surface,Human error/actions,,,,,,
MI00749,Incident,2017-02-16 15:50:00,Moorvale Mine,Coal Mine - Surface,Coal Mine - Surface,COAL,Operating,Mackay Office,,,,,,,-21.9697,148.37113,632,High Potential Incident,,,High potential no lost time,surface,Explosives,,,,,,
MI00809,Incident,2017-02-16 19:00:00,Mt Isa - Lead & Zinc Concentrator,Metalliferous - Minerals Processing,Metalliferous Mine - Surface,MMQ,Operating,Mount Isa Office,MI- Mount Isa,Northern,,,,,-20.72219,139.481114,633,High Potential Incident,Thermal,Exposure to hot surfaces/liquids,High potential no lost time,surface,Hot liquids/materials,,,,,,
MI01646,Incident,2017-02-16 21:30:00,Carborough Downs,Coal Mine - Underground,Coal Mine - Underground,COAL,Operating,Mackay Office,,Central,Peak Downs Highway,Coppabella,QLD,4741.0,-21.99368,148.249,634,High Potential Incident,Electrical,Explosion protected equipment failure,High potential no lost time,underground,Electrical equipment,,,,,,
MI01432,Incident,2017-02-17 05:30:00,Yarrabee Mine,Coal Mine - Surface,Coal Mine - Surface,COAL,Operating,Rockhampton Office,,Central,Boonal Haul Road,BLACKWATER,QLD,4717.0,-23.27349,149.02261,635,High Potential Incident,Thermal,Fire,High potential no lost time,surface,Fire(s),,,,,,
MI01976,Incident,2017-02-17 06:15:00,Daunia Mine,Coal Mine - Surface,Coal Mine - Surface,COAL,Operating,Mackay Office,,Central,"Millennium Poitrel Access Road
Via Peak Downs Road",Moranbah,QLD,4744.0,-22.04127,148.26852,636,High Potential Incident,Vehicle,Unplanned movement of equipment (eg CM),High potential no lost time,surface,Moving vehicles/equipment,,,,,,
MI00159,Incident,2017-02-17 08:15:00,Curragh Mine,Coal Mine - Surface,Coal Mine - Surface,COAL,Operating,Rockhampton Office,,,,,,,-23.49741,148.84478,637,High Potential Incident,Vehicle,Unplanned movement of equipment (eg CM),High potential no lost time,surface,Moving vehicles/equipment,,,,,,
MI00239,Action,2017-02-17 10:10:00,Rocklands,Metalliferous Mine - Surface,Metalliferous Mine - Surface,MMQ,Operating,Mount Isa Office,,,,,,,-20.65,140.36036,638,,,,,,,Inspection,Closed,Directive,166.0,Directive to suspend operations for ineffective safety and health management system,1.0
MI00239,Action,2017-02-17 10:28:00,Rocklands,Metalliferous Mine - Surface,Metalliferous Mine - Surface,MMQ,Operating,Mount Isa Office,,,,,,,-20.65,140.36036,639,,,,,,,Inspection,Closed,Directive,165.0,Directive to review safety and health management system,2.0
MI00072,Action,2017-02-17 11:04:00,Braeside Quarry,Metalliferous - Quarry,Quarry,MMQ,Care & Maintenance,Brisbane Office,B- Southern Downs,Southern,New England Highway,Braeside,QLD,4370.0,-28.37973,151.919373,640,,,,,,,Inspection,Closed,Directive,163.0,Directive to reduce risk,3.0
MI00072,Action,2017-02-17 11:19:00,Braeside Quarry,Metalliferous - Quarry,Quarry,MMQ,Care & Maintenance,Brisbane Office,B- Southern Downs,Southern,New England Highway,Braeside,QLD,4370.0,-28.37973,151.919373,641,,,,,,,Inspection,Closed,Substandard Condition or Practice,,,4.0
MI00072,Action,2017-02-17 11:37:00,Braeside Quarry,Metalliferous - Quarry,Quarry,MMQ,Care & Maintenance,Brisbane Office,B- Southern Downs,Southern,New England Highway,Braeside,QLD,4370.0,-28.37973,151.919373,642,,,,,,,Inspection,Closed,Directive,163.0,Directive to reduce risk,5.0
MI00072,Action,2017-02-17 11:45:00,Braeside Quarry,Metalliferous - Quarry,Quarry,MMQ,Care & Maintenance,Brisbane Office,B- Southern Downs,Southern,New England Highway,Braeside,QLD,4370.0,-28.37973,151.919373,643,,,,,,,Inspection,Closed,Directive,163.0,Directive to reduce risk,6.0
MI00054,Incident,2017-02-17 13:00:00,Blackwater Mine,Coal Mine - Surface,Coal Mine - Surface,COAL,Operating,Rockhampton Office,,Central,Ardurad Road (Blackwater Rolleston Road),BLACKWATER,QLD,4717.0,-23.7697,148.87879,644,High Potential Incident,Gravity,Fall of equipment/material,High potential no lost time,surface,Falling/flying material/objects,,,,,,
MI00631,Incident,2017-02-17 13:08:00,Jellinbah East Mine,Coal Mine - Surface,Coal Mine - Surface,COAL,Operating,Rockhampton Office,,Central,,BLUFF,QLD,4702.0,-23.38814,148.96074,645,High Potential Incident,Vehicle,Collision with another vehicle,High potential no lost time,surface,Moving vehicles/equipment,,,,,,
MI01404,Incident,2017-02-17 13:20:00,Oaky North Mine,Coal Mine - Underground,Coal Mine - Underground,COAL,Operating,Rockhampton Office,,Central,Oaky Creek Mine Access Road,LILYVALE,QLD,4723.0,-23.03935,148.53987,646,High Potential Incident,Electrical,Cable Damage,High potential no lost time,underground,Electrical equipment,,,,,,
MI00054,Incident,2017-02-17 18:45:00,Blackwater Mine,Coal Mine - Surface,Coal Mine - Surface,COAL,Operating,Rockhampton Office,,Central,Ardurad Road (Blackwater Rolleston Road),BLACKWATER,QLD,4717.0,-23.7697,148.87879,647,High Potential Incident,Thermal,Fire,High potential no lost time,surface,Fire(s),,,,,,
MI01404,Incident,2017-02-18 08:00:00,Oaky North Mine,Coal Mine - Underground,Coal Mine - Underground,COAL,Operating,Rockhampton Office,,Central,Oaky Creek Mine Access Road,LILYVALE,QLD,4723.0,-23.03935,148.53987,648,High Potential Incident,Electrical,Other,High potential no lost time,underground,Electrical equipment,,,,,,
MI01383,Incident,2017-02-18 14:10:00,Minerva Mine,Coal Mine - Surface,Coal Mine - Surface,COAL,Care & Maintenance,Rockhampton Office,C- Emerald,Central,Wurba Road,SPRINGSURE,QLD,4722.0,-23.90942,148.06107,649,High Potential Incident,Thermal,Fire,High potential no lost time,surface,Fire(s),,,,,,
MI01584,Incident,2017-02-18 16:00:00,Collinsville Mine - Open Cut,Coal Mine - Surface,Coal Mine - Surface,COAL,Operating,Mackay Office,C- Mackay,Central,Scottville Road,Collinsville,QLD,4804.0,-20.55807,147.80291,650,High Potential Incident,Electrical,Electric Shock,High potential no lost time,surface,Electrical equipment,,,,,,
MI02976,Incident,2017-02-18 22:50:00,Grosvenor Coal Mine,Coal Mine - Underground,Coal Mine - Underground,COAL,Operating,Mackay Office,C- Moranbah,Central,Ground Floor 201 Charlotte Street,Brisbane,QLD,4001.0,-21.97533,148.00995,651,High Potential Incident,Electrical,Other,High potential no lost time,underground,Electrical equipment,,,,,,
MI01569,Incident,2017-02-18 23:15:00,Rolleston Mine,Coal Mine - Surface,Coal Mine - Surface,COAL,Operating,Rockhampton Office,,,,,,,-24.44,148.41844,652,High Potential Incident,Thermal,Fire,High potential no lost time,surface,Moving vehicles/equipment,,,,,,
MI01150,Incident,2017-02-19 00:10:00,Newlands Mine - Open Cut,Coal Mine - Surface,Coal Mine - Surface,COAL,Operating,Mackay Office,,Central,Newlands Access Road,Via Glenden,QLD,4743.0,-21.21217,147.88636,653,High Potential Incident,Thermal,Fire,High potential no lost time,surface,Fire(s),,,,,,
MI01413,Incident,2017-02-19 13:20:00,Weipa,Metalliferous Mine - Surface,Metalliferous Mine - Surface,MMQ,Operating,Townsville Office,,,,,,,-12.67,141.86861,654,High Potential Incident,Vehicle,Other,High potential no lost time,surface,Other,,,,,,
MI00594,Incident,2017-02-19 14:30:00,Hail Creek,Coal Mine - Surface,Coal Mine - Surface,COAL,Operating,Mackay Office,,,,,,,-21.5,148.34391,655,High Potential Incident,Thermal,Fire,High potential no lost time,surface,Fire(s),,,,,,
MI00750,Incident,2017-02-19 16:00:00,Moranbah North,Coal Mine - Underground,Coal Mine - Underground,COAL,Operating,Mackay Office,C- Moranbah,Central,1164 Goonyella Road,Moranbah,QLD,4744.0,-21.88576,147.96564,656,High Potential Incident,Electrical,Cable Damage,High potential no lost time,underground,Electrical equipment,,,,,,
MI01150,Incident,2017-02-19 23:10:00,Newlands Mine - Open Cut,Coal Mine - Surface,Coal Mine - Surface,COAL,Operating,Mackay Office,,Central,Newlands Access Road,Via Glenden,QLD,4743.0,-21.21217,147.88636,657,High Potential Incident,Vehicle,Rollover,High potential no lost time,surface,Moving vehicles/equipment,,,,,,
MI00594,Action,2017-02-20 01:11:00,Hail Creek,Coal Mine - Surface,Coal Mine - Surface,COAL,Operating,Mackay Office,,,,,,,-21.5,148.34391,658,,,,,,,Inspection,Closed,Directive,168.0,Directive to review safety and health management system and principal hazard management plans,1.0
MI00138,Action,2017-02-20 02:30:00,Sandstone Australia Project,Metalliferous Mine - Surface,Metalliferous Mine - Surface,MMQ,Operating,Brisbane Office,B- Lockyer Valley,Southern,,,,,-27.51351,152.106058,659,,Gravity,Fall of equipment/material,,,,Inspection,Closed,Directive,165.0,Directive to review safety and health management system,1.0
MI01432,Action,2017-02-20 04:31:00,Yarrabee Mine,Coal Mine - Surface,Coal Mine - Surface,COAL,Operating,Rockhampton Office,,Central,Boonal Haul Road,BLACKWATER,QLD,4717.0,-23.27349,149.02261,660,,,,,,,Inspection,Closed,Recommendation,,,1.0
MI01432,Action,2017-02-20 04:35:00,Yarrabee Mine,Coal Mine - Surface,Coal Mine - Surface,COAL,Operating,Rockhampton Office,,Central,Boonal Haul Road,BLACKWATER,QLD,4717.0,-23.27349,149.02261,661,,,,,,,Inspection,Closed,Recommendation,,,2.0
MI01432,Action,2017-02-20 04:37:00,Yarrabee Mine,Coal Mine - Surface,Coal Mine - Surface,COAL,Operating,Rockhampton Office,,Central,Boonal Haul Road,BLACKWATER,QLD,4717.0,-23.27349,149.02261,662,,,,,,,Inspection,Closed,Substandard Condition or Practice,,,3.0
MI01432,Action,2017-02-20 04:49:00,Yarrabee Mine,Coal Mine - Surface,Coal Mine - Surface,COAL,Operating,Rockhampton Office,,Central,Boonal Haul Road,BLACKWATER,QLD,4717.0,-23.27349,149.02261,663,,,,,,,Inspection,Closed,Recommendation,,,4.0
MI01432,Action,2017-02-20 04:53:00,Yarrabee Mine,Coal Mine - Surface,Coal Mine - Surface,COAL,Operating,Rockhampton Office,,Central,Boonal Haul Road,BLACKWATER,QLD,4717.0,-23.27349,149.02261,664,,,,,,,Inspection,Closed,Substandard Condition or Practice,,,5.0
MI01569,Incident,2017-02-20 10:35:00,Rolleston Mine,Coal Mine - Surface,Coal Mine - Surface,COAL,Operating,Rockhampton Office,,,,,,,-24.44,148.41844,665,High Potential Incident,Gravity,Fall of equipment/material,High potential no lost time,surface,Organisational deficiencies,,,,,,
MI02976,Incident,2017-02-20 12:10:00,Grosvenor Coal Mine,Coal Mine - Underground,Coal Mine - Underground,COAL,Operating,Mackay Office,C- Moranbah,Central,Ground Floor 201 Charlotte Street,Brisbane,QLD,4001.0,-21.97533,148.00995,666,Serious Accident,Mechanical,Caught in nip point,High potential lost time,underground,Moving components/parts,,,,,,
MI01146,Incident,2017-02-20 22:30:00,New Acland,Coal Mine - Surface,Coal Mine - Surface,COAL,Operating,Rockhampton Office,S- Toowoomba,Central,Cherrys Road,MULDU,QLD,4401.0,-27.27034,151.699331,667,High Potential Incident,Thermal,Fire,High potential no lost time,surface,Moving components/parts,,,,,,
MI03528,Inspection,2017-02-21 00:00:00,Koumala Quarry,Metalliferous - Quarry,Quarry,MMQ,Infrequent Operation,Townsville Office,C- Sarina,Northern,,,,,-21.543,149.221259,668,,,,,,,Inspection,Closed,,,,
MI01917,Inspection,2017-02-21 00:00:00,Baillie's Quarry,Metalliferous - Quarry,Quarry,MMQ,Care & Maintenance,Townsville Office,C- Sarina,Northern,,,,,-21.47439,149.225589,669,,,,,,,Inspection,Closed,,,,
MI01421,Inspection,2017-02-21 00:00:00,Iveragh Mine,Metalliferous Mine - Surface,Metalliferous Mine - Surface,MMQ,Operating,Brisbane Office,B- Gladstone,Southern,,,,,-23.96827,151.380084,670,,,,,,,Inspection,Closed,,,,
MI03455,Inspection,2017-02-21 00:00:00,Jondaryan Quarry,Metalliferous - Quarry,Quarry,MMQ,Operating,Brisbane Office,B- Toowoomba,Southern,Jondaryan - Muldu Road,Jondaryan,QLD,,-27.35454,151.607292,671,,,,,,,Inspection,Closed,,,,
MI00159,Inspection,2017-02-21 00:00:00,Curragh Mine,Coal Mine - Surface,Coal Mine - Surface,COAL,Operating,Rockhampton Office,,,,,,,-23.49741,148.84478,672,,,,,,,Inspection,Closed,,,,
MI02976,Incident,2017-02-21 00:00:00,Grosvenor Coal Mine,Coal Mine - Underground,Coal Mine - Underground,COAL,Operating,Mackay Office,C- Moranbah,Central,Ground Floor 201 Charlotte Street,Brisbane,QLD,4001.0,-21.97533,148.00995,673,High Potential Incident,Gas Management,Withdrawal due to high gas levels or ventilation failure,High potential no lost time,underground,Noxious liquids/gases,,,,,,
MI00140,Inspection,2017-02-21 00:00:00,Commodore Mine,Coal Mine - Surface,Coal Mine - Surface,COAL,Operating,Rockhampton Office,S- Toowoomba,Central,Commodore Mine Access Road (Kooroongarra Rd),MILLMERRAN,QLD,4357.0,-27.94955,151.282107,674,,,,,,,Inspection,Closed,,,,
MI00600,Inspection,2017-02-21 00:00:00,Hatfield's Quarry,Metalliferous - Quarry,Quarry,MMQ,Care & Maintenance,Townsville Office,C- Sarina,Northern,,,,,-21.6447,149.144253,675,,,,,,,Inspection,Closed,,,,
MI00750,Inspection,2017-02-21 00:00:00,Moranbah North,Coal Mine - Underground,Coal Mine - Underground,COAL,Operating,Mackay Office,C- Moranbah,Central,1164 Goonyella Road,Moranbah,QLD,4744.0,-21.88576,147.96564,676,,,,,,,Inspection,Closed,,,,
MI01259,Inspection,2017-02-21 00:00:00,Sarina Quarry,Metalliferous - Quarry,Quarry,MMQ,Care & Maintenance,Townsville Office,C- Sarina,Northern,,,,,-21.47011,149.221606,677,,,,,,,Inspection,Closed,,,,
MI01172,Inspection,2017-02-21 00:00:00,Osborne,Metalliferous Mine - Surface,Metalliferous Mine - Surface,MMQ,Operating,Mount Isa Office,MI- Cloncurry,Northern,,,,,-22.09981,140.576464,678,,,,,,,Inspection,Closed,,,,
MI01918,Inspection,2017-02-21 00:00:00,Keatings Quarry,Metalliferous - Quarry,Quarry,MMQ,Operating,Townsville Office,C- Sarina,Northern,,,,,-21.485074,149.223236,679,,,,,,,Inspection,Closed,,,,
MI01172,Inspection,2017-02-21 00:00:00,Osborne,Metalliferous Mine - Surface,Metalliferous Mine - Surface,MMQ,Operating,Mount Isa Office,MI- Cloncurry,Northern,,,,,-22.09981,140.576464,680,,,,,,,Inspection,Closed,,,,
MI02184,Inspection,2017-02-21 00:00:00,Exp - Zelma Block - NR,Metalliferous Mine - Exploration,Metalliferous Mine - Surface,MMQ,Infrequent Operation,Townsville Office,C- Mackay,Northern,,,,,-21.36211,149.297575,681,,,,,,,Inspection,Closed,,,,
MI02183,Inspection,2017-02-21 00:00:00,Exp - Zelma 3 - NR,Metalliferous Mine - Exploration,Metalliferous Mine - Surface,MMQ,Infrequent Operation,Townsville Office,C- Mackay,Northern,,,,,-21.35841,149.297939,682,,,,,,,Inspection,Closed,,,,
MI01404,Inspection,2017-02-21 00:00:00,Oaky North Mine,Coal Mine - Underground,Coal Mine - Underground,COAL,Operating,Rockhampton Office,,Central,Oaky Creek Mine Access Road,LILYVALE,QLD,4723.0,-23.03935,148.53987,683,,,,,,,Inspection,Closed,,,,
MI01400,Inspection,2017-02-21 00:00:00,Millennium Mine,Coal Mine - Surface,Coal Mine - Surface,COAL,Operating,Mackay Office,,Central,Via Peak Downs Highway,Moranbah,QLD,4744.0,-22.01548,148.25111,684,,,,,,,Inspection,Closed,,,,
MI01573,Action,2017-02-21 01:01:00,South Walker Creek,Coal Mine - Surface,Coal Mine - Surface,COAL,Operating,Mackay Office,,Central,Via Peak Downs Highway,Nebo,QLD,4744.0,-21.77801,148.48194,685,,,,,,,Inspection,Closed,Substandard Condition or Practice,,,1.0
MI01573,Action,2017-02-21 01:22:00,South Walker Creek,Coal Mine - Surface,Coal Mine - Surface,COAL,Operating,Mackay Office,,Central,Via Peak Downs Highway,Nebo,QLD,4744.0,-21.77801,148.48194,686,,,,,,,Inspection,Closed,Substandard Condition or Practice,,,2.0
MI01247,Action,2017-02-21 03:37:00,Riverton Mine,Metalliferous Mine - Surface,Metalliferous Mine - Surface,MMQ,Operating,Brisbane Office,B- Southern Downs,Southern,,,,,-29.02393,151.486735,687,,Mechanical,Laceration with sharp object,,,,Inspection,Closed,Substandard Condition or Practice,,,1.0
MI01403,Action,2017-02-21 03:38:00,Lockyer Valley Quarry,Metalliferous Mine - Surface,Metalliferous Mine - Surface,MMQ,Operating,Brisbane Office,B- Lockyer Valley,Southern,,,,,-27.53207,152.130121,688,,Non Hazard Specific,Records,,,,Inspection,Closed,Substandard Condition or Practice,,,1.0
MI01976,Incident,2017-02-21 05:45:00,Daunia Mine,Coal Mine - Surface,Coal Mine - Surface,COAL,Operating,Mackay Office,,Central,"Millennium Poitrel Access Road
Via Peak Downs Road",Moranbah,QLD,4744.0,-22.04127,148.26852,689,High Potential Incident,Vehicle,Collision with a built or natural structure,High potential no lost time,surface,Fatigue,,,,,,
MI00594,Incident,2017-02-21 12:00:00,Hail Creek,Coal Mine - Surface,Coal Mine - Surface,COAL,Operating,Mackay Office,,,,,,,-21.5,148.34391,690,High Potential Incident,,,High potential no lost time,surface,Explosives,,,,,,
MI01553,Action,2017-02-21 12:28:00,Quarry Brook,Metalliferous - Quarry,Quarry,MMQ,Operating,Townsville Office,T- Ingham / Cardwell / Tully,Northern,Quarry Road (Via Cooks Lane),Cordelia,QLD,4850.0,-18.6068,146.250104,691,,Non Hazard Specific,Safety and Health Management System,,,,Inspection - Unannounced,Closed,Directive,165.0,Directive to review safety and health management system,1.0
MI01553,Action,2017-02-21 12:35:00,Quarry Brook,Metalliferous - Quarry,Quarry,MMQ,Operating,Townsville Office,T- Ingham / Cardwell / Tully,Northern,Quarry Road (Via Cooks Lane),Cordelia,QLD,4850.0,-18.6068,146.250104,692,,Non Hazard Specific,Training,,,,Inspection - Unannounced,Closed,Directive,165.0,Directive to review safety and health management system,2.0
MI01553,Action,2017-02-21 12:43:00,Quarry Brook,Metalliferous - Quarry,Quarry,MMQ,Operating,Townsville Office,T- Ingham / Cardwell / Tully,Northern,Quarry Road (Via Cooks Lane),Cordelia,QLD,4850.0,-18.6068,146.250104,693,,Vehicle,Collision with a built or natural structure,,,,Inspection - Unannounced,Closed,Directive,164.0,Directive to suspend operations for unacceptable level of risk,3.0
MI01553,Action,2017-02-21 12:49:00,Quarry Brook,Metalliferous - Quarry,Quarry,MMQ,Operating,Townsville Office,T- Ingham / Cardwell / Tully,Northern,Quarry Road (Via Cooks Lane),Cordelia,QLD,4850.0,-18.6068,146.250104,694,,Mechanical,Caught in nip point,,,,Inspection - Unannounced,Closed,Directive,164.0,Directive to suspend operations for unacceptable level of risk,4.0
MI01553,Action,2017-02-21 12:57:00,Quarry Brook,Metalliferous - Quarry,Quarry,MMQ,Operating,Townsville Office,T- Ingham / Cardwell / Tully,Northern,Quarry Road (Via Cooks Lane),Cordelia,QLD,4850.0,-18.6068,146.250104,695,,Chemical,Exposure to other chemicals,,,,Inspection - Unannounced,Closed,Substandard Condition or Practice,,,5.0
MI01404,Incident,2017-02-21 13:11:00,Oaky North Mine,Coal Mine - Underground,Coal Mine - Underground,COAL,Operating,Rockhampton Office,,Central,Oaky Creek Mine Access Road,LILYVALE,QLD,4723.0,-23.03935,148.53987,696,High Potential Incident,Gas Management,CH4 >2.5%,High potential no lost time,underground,Flammable liquids/gases,,,,,,
MI00092,Incident,2017-02-21 15:30:00,Callide Mine,Coal Mine - Surface,Coal Mine - Surface,COAL,Operating,Rockhampton Office,,Central,Biloela Callide Road,BILOELA,QLD,4715.0,-24.3276,150.61872,697,Serious Accident,Mechanical,Entangled in rotating plant,Lost time,surface,Moving components/parts,,,,,,
MI00159,Incident,2017-02-21 18:30:00,Curragh Mine,Coal Mine - Surface,Coal Mine - Surface,COAL,Operating,Rockhampton Office,,,,,,,-23.49741,148.84478,698,High Potential Incident,Vehicle,Collision with another vehicle,High potential no lost time,surface,Moving vehicles/equipment,,,,,,
MI00797,Incident,2017-02-21 19:31:00,Mt Isa - Copper Smelter,Metalliferous - Minerals Processing,Metalliferous Mine - Surface,MMQ,Operating,Mount Isa Office,MI- Mount Isa,Northern,,,,,-20.72921,139.484131,699,High Potential Incident,Thermal,Molten metal/material,High potential no lost time,surface,Explosions,,,,,,
MI01907,Inspection,2017-02-22 00:00:00,Lake Vermont,Coal Mine - Surface,Coal Mine - Surface,COAL,Operating,Mackay Office,,,,,,,-22.47,148.40803,700,,,,,,,Inspection,Closed,,,,
MI01399,Inspection,2017-02-22 00:00:00,Mandarana Quarry,Metalliferous - Quarry,Quarry,MMQ,Operating,Townsville Office,C- Mackay,Northern,,,,,-21.10958,149.041175,701,,,,,,,Inspection,Closed,,,,
MI00750,Inspection,2017-02-22 00:00:00,Moranbah North,Coal Mine - Underground,Coal Mine - Underground,COAL,Operating,Mackay Office,C- Moranbah,Central,1164 Goonyella Road,Moranbah,QLD,4744.0,-21.88576,147.96564,702,,,,,,,Inspection,Closed,,,,
MI01477,Inspection,2017-02-22 00:00:00,Bosworth Quarry,Metalliferous - Quarry,Quarry,MMQ,Infrequent Operation,Townsville Office,T- Ingham / Cardwell / Tully,Northern,,,,,-18.69819,146.21794,703,,,,,,,Inspection,Closed,,,,
MI02616,Inspection,2017-02-22 00:00:00,Pistol Gap Quarry,Metalliferous - Quarry,Quarry,MMQ,Infrequent Operation,Brisbane Office,B- Rockhampton,Southern,,,,,-22.93236,150.694149,704,,,,,,,Inspection,Closed,,,,
MI00242,Inspection,2017-02-22 00:00:00,Farleigh Quarry,Metalliferous - Quarry,Quarry,MMQ,Operating,Townsville Office,C- Mackay,Northern,,,,,-21.07011,149.0877,705,,,,,,,Inspection,Closed,,,,
MI01569,Inspection,2017-02-22 00:00:00,Rolleston Mine,Coal Mine - Surface,Coal Mine - Surface,COAL,Operating,Rockhampton Office,,,,,,,-24.44,148.41844,706,,,,,,,Inspection,Closed,,,,
MI01470,Inspection,2017-02-22 00:00:00,Bonassi's Quarry,Metalliferous - Quarry,Quarry,MMQ,Operating,Townsville Office,T- Ingham / Cardwell / Tully,Northern,,,,,-18.11337,145.8422111,707,,,,,,,Inspection,Closed,,,,
MI01494,Action,2017-02-22 02:50:00,Jenko's Quarry,Metalliferous - Quarry,Quarry,MMQ,Operating,Townsville Office,T- Ingham / Cardwell / Tully,Northern,,,,,-17.95887,145.94927,708,,Vehicle,Other,,,,Inspection,Closed,Substandard Condition or Practice,,,1.0
MI01494,Action,2017-02-22 03:02:00,Jenko's Quarry,Metalliferous - Quarry,Quarry,MMQ,Operating,Townsville Office,T- Ingham / Cardwell / Tully,Northern,,,,,-17.95887,145.94927,709,,Mechanical,Lifting,,,,Inspection,Closed,Substandard Condition or Practice,,,2.0
MI00254,Incident,2017-02-22 05:00:00,Foxleigh Mine,Coal Mine - Surface,Coal Mine - Surface,COAL,Operating,Rockhampton Office,,Central,Dysart-Middlemount Road,MIDDLEMOUNT,QLD,4746.0,-22.9836,148.77829,710,High Potential Incident,Thermal,Fire,High potential no lost time,surface,Fire(s),,,,,,
MI00553,Incident,2017-02-22 08:00:00,Capcoal Surface Coal Mine,Coal Mine - Surface,Coal Mine - Surface,COAL,Operating,Rockhampton Office,,,,,,,-22.93,148.55146,711,High Potential Incident,Vehicle,Collision with another vehicle,High potential no lost time,surface,Moving vehicles/equipment,,,,,,
MI00199,Incident,2017-02-22 10:10:00,Ernest Henry - Surface,Metalliferous Mine - Surface,Metalliferous Mine - Surface,MMQ,Operating,Mount Isa Office,MI- Cloncurry,Northern,,,,,-20.4508,140.720197,712,High Potential Incident,Vehicle,Collision with another vehicle,High potential no lost time,surface,Moving vehicles/equipment,,,,,,
MI01247,Action,2017-02-22 10:15:00,Riverton Mine,Metalliferous Mine - Surface,Metalliferous Mine - Surface,MMQ,Operating,Brisbane Office,B- Southern Downs,Southern,,,,,-29.02393,151.486735,713,,Mechanical,Laceration with sharp object,,,,Inspection,Closed,Substandard Condition or Practice,,,2.0
MI01247,Action,2017-02-22 10:31:00,Riverton Mine,Metalliferous Mine - Surface,Metalliferous Mine - Surface,MMQ,Operating,Brisbane Office,B- Southern Downs,Southern,,,,,-29.02393,151.486735,714,,Mechanical,Caught in nip point,,,,Inspection,Closed,Directive,163.0,Directive to reduce risk,3.0
MI01247,Action,2017-02-22 10:43:00,Riverton Mine,Metalliferous Mine - Surface,Metalliferous Mine - Surface,MMQ,Operating,Brisbane Office,B- Southern Downs,Southern,,,,,-29.02393,151.486735,715,,Mechanical,Lifting,,,,Inspection,Closed,Directive,163.0,Directive to reduce risk,4.0
MI01247,Action,2017-02-22 11:23:00,Riverton Mine,Metalliferous Mine - Surface,Metalliferous Mine - Surface,MMQ,Operating,Brisbane Office,B- Southern Downs,Southern,,,,,-29.02393,151.486735,716,,Gravity,Fall of people,,,,Inspection,Closed,Directive,163.0,Directive to reduce risk,5.0
MI01247,Action,2017-02-22 11:36:00,Riverton Mine,Metalliferous Mine - Surface,Metalliferous Mine - Surface,MMQ,Operating,Brisbane Office,B- Southern Downs,Southern,,,,,-29.02393,151.486735,717,,Gravity,Fall of people,,,,Inspection,Closed,Directive,163.0,Directive to reduce risk,6.0
MI02952,Incident,2017-02-22 12:10:00,Caval Ridge Mine,Coal Mine - Surface,Coal Mine - Surface,COAL,Operating,Mackay Office,C- Mackay,Central,,,,,-22.15615,148.05892,718,High Potential Incident,Electrical,Cable Damage,High potential no lost time,surface,Human error/actions,,,,,,
MI02663,Incident,2017-02-22 23:23:00,Ensham Underground Mine,Coal Mine - Underground,Coal Mine - Underground,COAL,Operating,Rockhampton Office,,,,,,,-23.5,148.49282,719,High Potential Incident,Thermal,Spontaneous combustion Underground,High potential no lost time,underground,Spontaneous combustion,,,,,,
MI01515,Inspection,2017-02-23 00:00:00,Pat's Pit,Metalliferous - Quarry,Quarry,MMQ,Operating,Townsville Office,T- Townsville / Ayr,Northern,,,,,-19.38212,146.83759,720,,,,,,,Inspection,Closed,,,,
MI01804,Inspection,2017-02-23 00:00:00,Warwick Sandstone,Metalliferous Mine - Surface,Metalliferous Mine - Surface,MMQ,Operating,Brisbane Office,B- Southern Downs,Southern,,,,,-28.16497,151.984862,721,,,,,,,Inspection,Closed,,,,
MI01649,Inspection,2017-02-23 00:00:00,Isaac Plains,Coal Mine - Surface,Coal Mine - Surface,COAL,Operating,Mackay Office,,Central,10167 Peak Downs Highway,Coppabella,QLD,4741.0,-21.96206,148.10705,722,,,,,,,Inspection,Closed,,,,
MI02133,Inspection,2017-02-23 00:00:00,Capricorn Quarries,Metalliferous - Quarry,Quarry,MMQ,Operating,Brisbane Office,B- Rockhampton,Southern,129 Bills Road,Marmor,QLD,4702.0,-23.67689,150.729707,723,,,,,,,Inspection,Closed,,,,
MI00191,Inspection,2017-02-23 00:00:00,Warwick Limestone,Metalliferous Mine - Surface,Metalliferous Mine - Surface,MMQ,Operating,Brisbane Office,B- Southern Downs,Southern,401 O'Dea's Road,Elbow Valley,QLD,4370.0,-28.39129,152.115283,724,,,,,,,Inspection - Unannounced,Closed,,,,
MI01361,Inspection,2017-02-23 00:00:00,Withcott Quarry,Metalliferous - Quarry,Quarry,MMQ,Care & Maintenance,Brisbane Office,B- Lockyer Valley,Southern,"Lot 11
McNamaras Road",Withcott,QLD,4352.0,-27.51027778,152.00063,725,,,,,,,Inspection,Closed,,,,
MI01193,Inspection,2017-02-23 00:00:00,Phosphate Hill,Metalliferous - Minerals Processing,Metalliferous Mine - Surface,MMQ,Operating,Mount Isa Office,MI- Cloncurry,Northern,Camp located at The Monument,,,,-21.88056,139.973295,726,,,,,,,Inspection,Closed,,,,
MI01314,Inspection,2017-02-23 00:00:00,Global Sandstone,Metalliferous Mine - Surface,Metalliferous Mine - Surface,MMQ,Operating,Brisbane Office,B- Lockyer Valley,Southern,,,,,-27.44972222,152.08472,727,,,,,,,Inspection,Closed,,,,
MI00159,Inspection,2017-02-23 00:00:00,Curragh Mine,Coal Mine - Surface,Coal Mine - Surface,COAL,Operating,Rockhampton Office,,,,,,,-23.49741,148.84478,728,,,,,,,Inspection,Closed,,,,
MI02952,Incident,2017-02-23 04:10:00,Caval Ridge Mine,Coal Mine - Surface,Coal Mine - Surface,COAL,Operating,Mackay Office,C- Mackay,Central,,,,,-22.15615,148.05892,729,High Potential Incident,Pressure,Tyre rim failure/rupture,High potential no lost time,surface,Other,,,,,,
MI01172,Action,2017-02-23 10:03:00,Osborne,Metalliferous Mine - Surface,Metalliferous Mine - Surface,MMQ,Operating,Mount Isa Office,MI- Cloncurry,Northern,,,,,-22.09981,140.576464,730,,Non Hazard Specific,Procedures,,,,Inspection,Closed,Directive,164.0,Directive to suspend operations for unacceptable level of risk,1.0
MI01172,Action,2017-02-23 10:23:00,Osborne,Metalliferous Mine - Surface,Metalliferous Mine - Surface,MMQ,Operating,Mount Isa Office,MI- Cloncurry,Northern,,,,,-22.09981,140.576464,731,,Non Hazard Specific,Procedures,,,,Inspection,Closed,Directive,164.0,Directive to suspend operations for unacceptable level of risk,2.0
MI01172,Action,2017-02-23 10:37:00,Osborne,Metalliferous Mine - Surface,Metalliferous Mine - Surface,MMQ,Operating,Mount Isa Office,MI- Cloncurry,Northern,,,,,-22.09981,140.576464,732,,Chemical,Other,,,,Inspection,Closed,Directive,163.0,Directive to reduce risk,3.0
MI01172,Action,2017-02-23 11:12:00,Osborne,Metalliferous Mine - Surface,Metalliferous Mine - Surface,MMQ,Operating,Mount Isa Office,MI- Cloncurry,Northern,,,,,-22.09981,140.576464,733,,Gravity,Fall of equipment/material,,,,Inspection,Closed,Substandard Condition or Practice,,,4.0
MI01172,Action,2017-02-23 11:19:00,Osborne,Metalliferous Mine - Surface,Metalliferous Mine - Surface,MMQ,Operating,Mount Isa Office,MI- Cloncurry,Northern,,,,,-22.09981,140.576464,734,,Mechanical,Entangled in rotating plant,,,,Inspection,Closed,Substandard Condition or Practice,,,5.0
MI00054,Incident,2017-02-23 12:15:00,Blackwater Mine,Coal Mine - Surface,Coal Mine - Surface,COAL,Operating,Rockhampton Office,,Central,Ardurad Road (Blackwater Rolleston Road),BLACKWATER,QLD,4717.0,-23.7697,148.87879,735,High Potential Incident,Vehicle,Unplanned movement of equipment (eg CM),High potential no lost time,surface,Human error/actions,,,,,,
MI02103,Incident,2017-02-23 14:20:00,Mount Carlton,Metalliferous Mine - Surface,Metalliferous Mine - Surface,MMQ,Care & Maintenance,Townsville Office,T- Prosperpine / Bowen,Northern,"Tondara Road,",Bogie,QLD,4805.0,-20.27261,147.54583,736,High Potential Incident,Gravity,Fall of ground,High potential no lost time,surface,Falling/flying material/objects,,,,,,
MI01646,Incident,2017-02-23 18:30:00,Carborough Downs,Coal Mine - Underground,Coal Mine - Underground,COAL,Operating,Mackay Office,,Central,Peak Downs Highway,Coppabella,QLD,4741.0,-21.99368,148.249,737,High Potential Incident,Gravity,Fall of ground-Development/Bord and Pillar/Place change,High potential lost time,underground,Strata failure,,,,,,
MI03679,Inspection,2017-02-24 00:00:00,Lake Vermont Construction Area 3,Coal Mine - Surface,Coal Mine - Surface,COAL,Inactive Tenure,Mackay Office,C- Mackay,Central,,,,,0.0,0.0,738,,,,,,,Inspection,Closed,,,,
MI01190,Incident,2017-02-24 00:30:00,Peak Downs,Coal Mine - Surface,Coal Mine - Surface,COAL,Operating,Mackay Office,,Central,,,,,-22.25686,148.17664,739,High Potential Incident,Explosives,Explosives - Person breaching exclusion zone,High potential no lost time,surface,Moving vehicles/equipment,,,,,,
MI01190,Incident,2017-02-24 00:30:00,Peak Downs,Coal Mine - Surface,Coal Mine - Surface,COAL,Operating,Mackay Office,,Central,,,,,-22.25686,148.17664,740,High Potential Incident,,,High potential no lost time,surface,Moving vehicles/equipment,,,,,,
MI02657,Incident,2017-02-24 02:30:00,Ernest Henry - Underground,Metalliferous Mine - Underground,Metalliferous Mine - Underground,MMQ,Operating,Mount Isa Office,MI- Cloncurry,Northern,,,,,-20.44599,140.702589,741,High Potential Incident,Gravity,Fall of ground,High potential no lost time,underground,Strata failure,,,,,,
MI00159,Incident,2017-02-24 17:00:00,Curragh Mine,Coal Mine - Surface,Coal Mine - Surface,COAL,Operating,Rockhampton Office,,,,,,,-23.49741,148.84478,742,High Potential Incident,Gravity,Fall of a structure,High potential no lost time,surface,Vibration,,,,,,
MI01569,Incident,2017-02-24 17:30:00,Rolleston Mine,Coal Mine - Surface,Coal Mine - Surface,COAL,Operating,Rockhampton Office,,,,,,,-24.44,148.41844,743,High Potential Incident,,,High potential no lost time,surface,Explosives,,,,,,
MI00159,Incident,2017-02-24 18:30:00,Curragh Mine,Coal Mine - Surface,Coal Mine - Surface,COAL,Operating,Rockhampton Office,,,,,,,-23.49741,148.84478,744,High Potential Incident,Thermal,Fire,High potential no lost time,surface,Moving components/parts,,,,,,
MI00159,Incident,2017-02-24 23:42:00,Curragh Mine,Coal Mine - Surface,Coal Mine - Surface,COAL,Operating,Rockhampton Office,,,,,,,-23.49741,148.84478,745,High Potential Incident,Extreme Weather,Lightning,High potential no lost time,surface,Electrical equipment,,,,,,
MI00568,Incident,2017-02-25 06:10:00,Goonyella Riverside,Coal Mine - Surface,Coal Mine - Surface,COAL,Operating,Mackay Office,,Central,,,,,-21.7581,147.95235,746,High Potential Incident,Vehicle,Collision with a built or natural structure,High potential no lost time,surface,Fatigue,,,,,,
MI01404,Incident,2017-02-25 07:40:00,Oaky North Mine,Coal Mine - Underground,Coal Mine - Underground,COAL,Operating,Rockhampton Office,,Central,Oaky Creek Mine Access Road,LILYVALE,QLD,4723.0,-23.03935,148.53987,747,High Potential Incident,Gravity,Fall of ground-Outbye,High potential no lost time,underground,Strata failure,,,,,,
MI00054,Incident,2017-02-25 09:50:00,Blackwater Mine,Coal Mine - Surface,Coal Mine - Surface,COAL,Operating,Rockhampton Office,,Central,Ardurad Road (Blackwater Rolleston Road),BLACKWATER,QLD,4717.0,-23.7697,148.87879,748,Serious Accident,Mechanical,Laceration with sharp object,Lost time,surface,Moving components/parts,,,,,,
MI00181,Incident,2017-02-25 17:08:00,Dundowran West Quarry,Metalliferous - Quarry,Quarry,MMQ,Operating,Brisbane Office,B- Fraser Coast,Southern,,,,,-25.30993,152.740782,749,High Potential Incident,Vehicle,Collision with a built or natural structure,High potential no lost time,surface,Moving components/parts,,,,,,
MI00750,Incident,2017-02-25 23:15:00,Moranbah North,Coal Mine - Underground,Coal Mine - Underground,COAL,Operating,Mackay Office,C- Moranbah,Central,1164 Goonyella Road,Moranbah,QLD,4744.0,-21.88576,147.96564,750,Serious Accident,Gravity,Fall of people,High potential lost time,surface,Working at heights,,,,,,
MI01646,Incident,2017-02-26 04:30:00,Carborough Downs,Coal Mine - Underground,Coal Mine - Underground,COAL,Operating,Mackay Office,,Central,Peak Downs Highway,Coppabella,QLD,4741.0,-21.99368,148.249,751,High Potential Incident,Electrical,Cable Damage,High potential no lost time,underground,Electrical equipment,,,,,,
MI01573,Incident,2017-02-26 07:00:00,South Walker Creek,Coal Mine - Surface,Coal Mine - Surface,COAL,Operating,Mackay Office,,Central,Via Peak Downs Highway,Nebo,QLD,4744.0,-21.77801,148.48194,752,High Potential Incident,,,High potential no lost time,surface,Explosives,,,,,,
MI01976,Incident,2017-02-26 08:10:00,Daunia Mine,Coal Mine - Surface,Coal Mine - Surface,COAL,Operating,Mackay Office,,Central,"Millennium Poitrel Access Road
Via Peak Downs Road",Moranbah,QLD,4744.0,-22.04127,148.26852,753,High Potential Incident,Vehicle,Unplanned movement of equipment (eg CM),High potential no lost time,surface,Other,,,,,,
MI00594,Incident,2017-02-26 10:30:00,Hail Creek,Coal Mine - Surface,Coal Mine - Surface,COAL,Operating,Mackay Office,,,,,,,-21.5,148.34391,754,High Potential Incident,Electrical,Cable Damage,High potential no lost time,surface,Electrical equipment,,,,,,
MI00568,Incident,2017-02-26 10:50:00,Goonyella Riverside,Coal Mine - Surface,Coal Mine - Surface,COAL,Operating,Mackay Office,,Central,,,,,-21.7581,147.95235,755,High Potential Incident,Mechanical,Other,High potential no lost time,surface,Working at heights,,,,,,
MI01400,Incident,2017-02-26 16:30:00,Millennium Mine,Coal Mine - Surface,Coal Mine - Surface,COAL,Operating,Mackay Office,,Central,Via Peak Downs Highway,Moranbah,QLD,4744.0,-22.01548,148.25111,756,High Potential Incident,,,High potential no lost time,surface,Explosives,,,,,,
MI00159,Incident,2017-02-26 20:00:00,Curragh Mine,Coal Mine - Surface,Coal Mine - Surface,COAL,Operating,Rockhampton Office,,,,,,,-23.49741,148.84478,757,High Potential Incident,Gravity,Fall of equipment/material,High potential no lost time,surface,Vibration,,,,,,
MI01459,Inspection,2017-02-27 00:00:00,Grasstree Mine,Coal Mine - Underground,Coal Mine - Underground,COAL,Operating,Rockhampton Office,,Central,,,,,-22.98885,148.57943,758,,,,,,,Inspection,Closed,,,,
MI01291,Inspection,2017-02-27 00:00:00,Stoney Knob - Sunrock Quarry,Metalliferous - Quarry,Quarry,MMQ,Operating,Brisbane Office,B- Sunshine Coast,Southern,Nursery Road,Neerburrum,QLD,4517.0,-26.93004,152.961146,759,,,,,,,Inspection,Closed,,,,
MI00092,Incident,2017-02-27 01:00:00,Callide Mine,Coal Mine - Surface,Coal Mine - Surface,COAL,Operating,Rockhampton Office,,Central,Biloela Callide Road,BILOELA,QLD,4715.0,-24.3276,150.61872,760,High Potential Incident,Vehicle,Unplanned movement of equipment (eg CM),High potential no lost time,surface,Moving vehicles/equipment,,,,,,
MI01646,Incident,2017-02-27 03:15:00,Carborough Downs,Coal Mine - Underground,Coal Mine - Underground,COAL,Operating,Mackay Office,,Central,Peak Downs Highway,Coppabella,QLD,4741.0,-21.99368,148.249,761,High Potential Incident,Pressure,Tyre rim failure/rupture,High potential no lost time,underground,Moving vehicles/equipment,,,,,,
MI00159,Incident,2017-02-27 06:30:00,Curragh Mine,Coal Mine - Surface,Coal Mine - Surface,COAL,Operating,Rockhampton Office,,,,,,,-23.49741,148.84478,762,High Potential Incident,Gravity,Fall of a structure,High potential no lost time,surface,Other,,,,,,
MI01157,Action,2017-02-27 07:42:00,North Goonyella,Coal Mine - Underground,Coal Mine - Underground,COAL,Operating,Mackay Office,,Central,,,,,-21.65702,147.97045,763,,,,,,,Inspection,Closed,Substandard Condition or Practice,,,1.0
MI01157,Action,2017-02-27 07:59:00,North Goonyella,Coal Mine - Underground,Coal Mine - Underground,COAL,Operating,Mackay Office,,Central,,,,,-21.65702,147.97045,764,,,,,,,Inspection,Closed,Recommendation,,,2.0
MI01146,Incident,2017-02-27 08:00:00,New Acland,Coal Mine - Surface,Coal Mine - Surface,COAL,Operating,Rockhampton Office,S- Toowoomba,Central,Cherrys Road,MULDU,QLD,4401.0,-27.27034,151.699331,765,High Potential Incident,Gravity,Fall of equipment/material,High potential no lost time,surface,Falling/flying material/objects,,,,,,
MI01157,Action,2017-02-27 08:05:00,North Goonyella,Coal Mine - Underground,Coal Mine - Underground,COAL,Operating,Mackay Office,,Central,,,,,-21.65702,147.97045,766,,,,,,,Inspection,Closed,Recommendation,,,3.0
MI00749,Incident,2017-02-27 09:00:00,Moorvale Mine,Coal Mine - Surface,Coal Mine - Surface,COAL,Operating,Mackay Office,,,,,,,-21.9697,148.37113,767,High Potential Incident,Not Applicable,Not Applicable,High potential no lost time,surface,Restricted visibility,,,,,,
MI01648,Incident,2017-02-27 09:50:00,Dawson Mine,Coal Mine - Surface,Coal Mine - Surface,COAL,Operating,Rockhampton Office,,Central,Dawson Highway,MOURA,QLD,4718.0,-24.63169,150.06089,768,High Potential Incident,Gravity,Fall of people,Lost time,surface,Other,,,,,,
MI01648,Incident,2017-02-27 14:30:00,Dawson Mine,Coal Mine - Surface,Coal Mine - Surface,COAL,Operating,Rockhampton Office,,Central,Dawson Highway,MOURA,QLD,4718.0,-24.63169,150.06089,769,High Potential Incident,Thermal,Fire,High potential no lost time,surface,Fire(s),,,,,,
MI01547,Inspection,2017-02-28 00:00:00,Broadmeadow Mine,Coal Mine - Underground,Coal Mine - Underground,COAL,Operating,Mackay Office,,,,,,,-21.83,147.97998,770,,,,,,,Inspection,Closed,,,,
MI00711,Inspection,2017-02-28 00:00:00,Meandu Mine,Coal Mine - Surface,Coal Mine - Surface,COAL,Operating,Rockhampton Office,S- South Burnett,Central,Nobby Smith Way,NANANGO,QLD,4615.0,-26.79393,151.89872,771,,,,,,,Inspection,Closed,,,,
MI01459,Inspection,2017-02-28 00:00:00,Grasstree Mine,Coal Mine - Underground,Coal Mine - Underground,COAL,Operating,Rockhampton Office,,Central,,,,,-22.98885,148.57943,772,,,,,,,Inspection,Closed,,,,
MI01306,Inspection,2017-02-28 00:00:00,Thalanga Surface,Metalliferous - Minerals Processing,Metalliferous Mine - Surface,MMQ,Inactive Tenure,Townsville Office,T- Charters Towers / Ravenswood,Northern,,,,,-20.33505,145.77171,773,,,,,,,Inspection,Closed,,,,
MI01193,Inspection,2017-02-28 00:00:00,Phosphate Hill,Metalliferous - Minerals Processing,Metalliferous Mine - Surface,MMQ,Operating,Mount Isa Office,MI- Cloncurry,Northern,Camp located at The Monument,,,,-21.88056,139.973295,774,,,,,,,Inspection,Closed,,,,
MI01584,Inspection,2017-02-28 00:00:00,Collinsville Mine - Open Cut,Coal Mine - Surface,Coal Mine - Surface,COAL,Operating,Mackay Office,C- Mackay,Central,Scottville Road,Collinsville,QLD,4804.0,-20.55807,147.80291,775,,,,,,,Inspection,Closed,,,,
MI00054,Inspection,2017-02-28 00:00:00,Blackwater Mine,Coal Mine - Surface,Coal Mine - Surface,COAL,Operating,Rockhampton Office,,Central,Ardurad Road (Blackwater Rolleston Road),BLACKWATER,QLD,4717.0,-23.7697,148.87879,776,,,,,,,Inspection - Weekend or Backshift,Closed,,,,
MI01193,Inspection,2017-02-28 00:00:00,Phosphate Hill,Metalliferous - Minerals Processing,Metalliferous Mine - Surface,MMQ,Operating,Mount Isa Office,MI- Cloncurry,Northern,Camp located at The Monument,,,,-21.88056,139.973295,777,,,,,,,Inspection,Closed,,,,
MI00724,Action,2017-02-28 04:34:00,Pink Gum Lane Quarry,Metalliferous - Quarry,Quarry,MMQ,Operating,Brisbane Office,B- Southern Downs,Southern,,,,,-28.20052,151.927305,778,,Pressure,Failure of pressure vessel (eg cylinder - hose - accumulator),,,,Inspection,Closed,Substandard Condition or Practice,,,2.0
MI00724,Action,2017-02-28 04:42:00,Pink Gum Lane Quarry,Metalliferous - Quarry,Quarry,MMQ,Operating,Brisbane Office,B- Southern Downs,Southern,,,,,-28.20052,151.927305,779,,Mechanical,Lifting,,,,Inspection,Closed,Substandard Condition or Practice,,,1.0
MI00724,Action,2017-02-28 05:17:00,Pink Gum Lane Quarry,Metalliferous - Quarry,Quarry,MMQ,Operating,Brisbane Office,B- Southern Downs,Southern,,,,,-28.20052,151.927305,780,,Mechanical,Other,,,,Inspection,Closed,Substandard Condition or Practice,,,3.0
MI01865,Incident,2017-02-28 07:45:00,Middlemount Mine,Coal Mine - Surface,Coal Mine - Surface,COAL,Operating,Rockhampton Office,C- Emerald,Central,Dysart Road,MIDDLEMOUNT,QLD,4746.0,-22.88143889,148.63889,781,High Potential Incident,Thermal,Fire,High potential no lost time,surface,Fire(s),,,,,,
MI01413,Incident,2017-02-28 08:40:00,Weipa,Metalliferous Mine - Surface,Metalliferous Mine - Surface,MMQ,Operating,Townsville Office,,,,,,,-12.67,141.86861,782,High Potential Incident,Thermal,Fire,High potential no lost time,surface,Fire(s),,,,,,
MI02616,Action,2017-02-28 09:22:00,Pistol Gap Quarry,Metalliferous - Quarry,Quarry,MMQ,Infrequent Operation,Brisbane Office,B- Rockhampton,Southern,,,,,-22.93236,150.694149,783,,Mechanical,Caught in nip point,,,,Inspection,Closed,Directive,164.0,Directive to suspend operations for unacceptable level of risk,1.0
MI02657,Incident,2017-02-28 09:30:00,Ernest Henry - Underground,Metalliferous Mine - Underground,Metalliferous Mine - Underground,MMQ,Operating,Mount Isa Office,MI- Cloncurry,Northern,,,,,-20.44599,140.702589,784,High Potential Incident,Gravity,Fall of ground,High potential no lost time,underground,Strata failure,,,,,,
MI02133,Action,2017-02-28 09:50:00,Capricorn Quarries,Metalliferous - Quarry,Quarry,MMQ,Operating,Brisbane Office,B- Rockhampton,Southern,129 Bills Road,Marmor,QLD,4702.0,-23.67689,150.729707,785,,Non Hazard Specific,Procedures,,,,Inspection,Closed,Directive,164.0,Directive to suspend operations for unacceptable level of risk,1.0
MI01705,Action,2017-02-28 09:53:00,Poitrel Mine,Coal Mine - Surface,Coal Mine - Surface,COAL,Operating,Mackay Office,,Central,"Millennium Access Road
Peak Downs Highway",Moranbah,QLD,4744.0,-22.04109,148.26048,786,,,,,,,Inspection,Closed,Recommendation,,,1.0
MI01413,Incident,2017-02-28 13:50:00,Weipa,Metalliferous Mine - Surface,Metalliferous Mine - Surface,MMQ,Operating,Townsville Office,,,,,,,-12.67,141.86861,787,High Potential Incident,Thermal,Fire,High potential no lost time,surface,Fire(s),,,,,,
MI03427,Incident,2017-02-28 17:30:00,Jellinbah Plains,Coal Mine - Surface,Coal Mine - Surface,COAL,Closed,Rockhampton Office,,Central,Fitzroy Development Road,BLUFF,QLD,4702.0,-23.32663,148.92329,788,High Potential Incident,Explosives,Explosives - Misfire identified after firing,High potential no lost time,surface,Explosives,,,,,,
MI00054,Incident,2017-02-28 20:30:00,Blackwater Mine,Coal Mine - Surface,Coal Mine - Surface,COAL,Operating,Rockhampton Office,,Central,Ardurad Road (Blackwater Rolleston Road),BLACKWATER,QLD,4717.0,-23.7697,148.87879,789,High Potential Incident,Thermal,Fire,High potential no lost time,surface,Fire(s),,,,,,
MI00159,Inspection,2017-03-01 00:00:00,Curragh Mine,Coal Mine - Surface,Coal Mine - Surface,COAL,Operating,Rockhampton Office,,,,,,,-23.49741,148.84478,790,,,,,,,Inspection,Closed,,,,
MI00759,Inspection,2017-03-01 00:00:00,Leichhardt Operations,Metalliferous Mine - Surface,Metalliferous Mine - Surface,MMQ,Operating,Mount Isa Office,,,,,,,-19.99,139.91727,791,,,,,,,Inspection,Closed,,,,
MI02867,Inspection,2017-03-01 00:00:00,Salmon's Quarry,Metalliferous - Quarry,Quarry,MMQ,Operating,Townsville Office,C- Emerald,Northern,,,,,-23.38655,147.758225,792,,,,,,,Inspection,Closed,,,,
MI01718,Inspection,2017-03-01 00:00:00,Mount Wright,Metalliferous Mine - Underground,Metalliferous Mine - Underground,MMQ,Care and Maintenance,Townsville Office,,,,,,,-20.04294,146.83161,793,,,,,,,Inspection,Closed,,,,
MI02865,Inspection,2017-03-01 00:00:00,Central Highlands Quarry,Metalliferous - Quarry,Quarry,MMQ,Operating,Townsville Office,C- Emerald,Northern,,,,,-23.41424,147.74951,794,,,,,,,Inspection,Closed,,,,
MI01908,Inspection,2017-03-01 00:00:00,Dugald River Mine,Metalliferous Mine - Underground,Metalliferous Mine - Underground,MMQ,Operating,Mount Isa Office,MI- Cloncurry,Northern,Burke Development Road,Cloncurry,QLD,4824.0,-20.25369,140.159832,795,,,,,,,Inspection,Closed,,,,
MI00140,Inspection,2017-03-01 00:00:00,Commodore Mine,Coal Mine - Surface,Coal Mine - Surface,COAL,Operating,Rockhampton Office,S- Toowoomba,Central,Commodore Mine Access Road (Kooroongarra Rd),MILLMERRAN,QLD,4357.0,-27.94955,151.282107,796,,,,,,,Inspection,Closed,,,,
MI00759,Inspection,2017-03-01 00:00:00,Leichhardt Operations,Metalliferous Mine - Surface,Metalliferous Mine - Surface,MMQ,Operating,Mount Isa Office,,,,,,,-19.99,139.91727,797,,,,,,,Inspection,Closed,,,,
MI03611,Inspection,2017-03-01 00:00:00,Granger Quarry,Metalliferous - Quarry,Quarry,MMQ,Care & Maintenance,Townsville Office,T- Mareeba / Atherton / Herberton,Northern,,,,,-17.64226,145.298856,798,,,,,,,Inspection,Closed,,,,
MI01150,Inspection,2017-03-01 00:00:00,Newlands Mine - Open Cut,Coal Mine - Surface,Coal Mine - Surface,COAL,Operating,Mackay Office,,Central,Newlands Access Road,Via Glenden,QLD,4743.0,-21.21217,147.88636,799,,,,,,,Inspection,Closed,,,,
MI00149,Incident,2017-03-01 01:00:00,Coppabella - Open Cut,Coal Mine - Surface,Coal Mine - Surface,COAL,Operating,Mackay Office,,,,,,,-21.87,148.42141,800,High Potential Incident,Explosives,Explosives - Person breaching exclusion zone,High potential no lost time,surface,Human error/actions,,,,,,
MI00054,Incident,2017-03-01 01:30:00,Blackwater Mine,Coal Mine - Surface,Coal Mine - Surface,COAL,Operating,Rockhampton Office,,Central,Ardurad Road (Blackwater Rolleston Road),BLACKWATER,QLD,4717.0,-23.7697,148.87879,801,High Potential Incident,Electrical,Other,High potential no lost time,surface,Fire(s),,,,,,
MI01400,Action,2017-03-01 03:48:00,Millennium Mine,Coal Mine - Surface,Coal Mine - Surface,COAL,Operating,Mackay Office,,Central,Via Peak Downs Highway,Moranbah,QLD,4744.0,-22.01548,148.25111,802,,,,,,,Inspection,Closed,Recommendation,,,1.0
MI01400,Action,2017-03-01 03:55:00,Millennium Mine,Coal Mine - Surface,Coal Mine - Surface,COAL,Operating,Mackay Office,,Central,Via Peak Downs Highway,Moranbah,QLD,4744.0,-22.01548,148.25111,803,,,,,,,Inspection,Closed,Recommendation,,,2.0
MI01400,Action,2017-03-01 04:05:00,Millennium Mine,Coal Mine - Surface,Coal Mine - Surface,COAL,Operating,Mackay Office,,Central,Via Peak Downs Highway,Moranbah,QLD,4744.0,-22.01548,148.25111,804,,,,,,,Inspection,Closed,Recommendation,,,3.0
MI01400,Action,2017-03-01 04:13:00,Millennium Mine,Coal Mine - Surface,Coal Mine - Surface,COAL,Operating,Mackay Office,,Central,Via Peak Downs Highway,Moranbah,QLD,4744.0,-22.01548,148.25111,805,,,,,,,Inspection,Closed,Recommendation,,,4.0
MI01383,Incident,2017-03-01 09:15:00,Minerva Mine,Coal Mine - Surface,Coal Mine - Surface,COAL,Care & Maintenance,Rockhampton Office,C- Emerald,Central,Wurba Road,SPRINGSURE,QLD,4722.0,-23.90942,148.06107,806,High Potential Incident,Vehicle,Collision with another vehicle,High potential no lost time,surface,Moving vehicles/equipment,,,,,,
MI00749,Incident,2017-03-01 09:21:00,Moorvale Mine,Coal Mine - Surface,Coal Mine - Surface,COAL,Operating,Mackay Office,,,,,,,-21.9697,148.37113,807,High Potential Incident,Vehicle,Collision with another vehicle,High potential no lost time,surface,Moving vehicles/equipment,,,,,,
MI01649,Incident,2017-03-01 10:00:00,Isaac Plains,Coal Mine - Surface,Coal Mine - Surface,COAL,Operating,Mackay Office,,Central,10167 Peak Downs Highway,Coppabella,QLD,4741.0,-21.96206,148.10705,808,High Potential Incident,Explosives,Explosives - Misfire identified prior to firing,High potential no lost time,surface,Explosives,,,,,,
MI01190,Incident,2017-03-01 12:35:00,Peak Downs,Coal Mine - Surface,Coal Mine - Surface,COAL,Operating,Mackay Office,,Central,,,,,-22.25686,148.17664,809,High Potential Incident,Vehicle,Other,High potential no lost time,surface,Moving vehicles/equipment,,,,,,
MI00092,Incident,2017-03-01 13:30:00,Callide Mine,Coal Mine - Surface,Coal Mine - Surface,COAL,Operating,Rockhampton Office,,Central,Biloela Callide Road,BILOELA,QLD,4715.0,-24.3276,150.61872,810,High Potential Incident,Thermal,Fire,High potential no lost time,surface,Fire(s),,,,,,
MI01258,Incident,2017-03-01 14:30:00,Saraji,Coal Mine - Surface,Coal Mine - Surface,COAL,Operating,Mackay Office,,Central,,,,,-22.42214,148.28115,811,High Potential Incident,Vehicle,Other,High potential no lost time,surface,Moving vehicles/equipment,,,,,,
MI01646,Incident,2017-03-01 16:00:00,Carborough Downs,Coal Mine - Underground,Coal Mine - Underground,COAL,Operating,Mackay Office,,Central,Peak Downs Highway,Coppabella,QLD,4741.0,-21.99368,148.249,812,High Potential Incident,Gravity,Fall of people,High potential lost time,underground,Uneven surfaces,,,,,,
MI03518,Inspection,2017-03-02 00:00:00,Karamujic ML 4170,Metalliferous Mine - Surface,Metalliferous Mine - Surface,MMQ,Infrequent Operation,Townsville Office,T- Mareeba / Atherton / Herberton,Northern,,,,,-17.42085,145.0634,813,,,,,,,Inspection,Closed,,,,
MI01479,Inspection,2017-03-02 00:00:00,Ravenswood Gold Mine,Metalliferous Mine - Surface,Metalliferous Mine - Surface,MMQ,Operating,Townsville Office,,,,,,,-20.11,146.89854,814,,,,,,,Inspection,Closed,,,,
MI01190,Incident,2017-03-02 03:35:00,Peak Downs,Coal Mine - Surface,Coal Mine - Surface,COAL,Operating,Mackay Office,,Central,,,,,-22.25686,148.17664,815,High Potential Incident,Mechanical,Unplanned movement of equipment (eg CM),High potential no lost time,surface,Moving vehicles/equipment,,,,,,
MI01193,Action,2017-03-02 03:50:00,Phosphate Hill,Metalliferous - Minerals Processing,Metalliferous Mine - Surface,MMQ,Operating,Mount Isa Office,MI- Cloncurry,Northern,Camp located at The Monument,,,,-21.88056,139.973295,816,,Non Hazard Specific,Risk management,,,,Inspection,Closed,Substandard Condition or Practice,,,1.0
MI01193,Action,2017-03-02 04:15:00,Phosphate Hill,Metalliferous - Minerals Processing,Metalliferous Mine - Surface,MMQ,Operating,Mount Isa Office,MI- Cloncurry,Northern,Camp located at The Monument,,,,-21.88056,139.973295,817,,Non Hazard Specific,Safety and Health Management System,,,,Inspection,Closed,Substandard Condition or Practice,,,2.0
MI00112,Action,2017-03-02 06:28:00,Cement Mills,Metalliferous Mine - Surface,Metalliferous Mine - Surface,MMQ,Operating,Brisbane Office,B- Goondiwindi,Southern,Cement Mills Road,Gore,QLD,4352.0,-28.33916667,151.50667,818,,Mechanical,Caught in nip point,,,,Inspection,Closed,Directive,163.0,Directive to reduce risk,1.0
MI00112,Action,2017-03-02 06:38:00,Cement Mills,Metalliferous Mine - Surface,Metalliferous Mine - Surface,MMQ,Operating,Brisbane Office,B- Goondiwindi,Southern,Cement Mills Road,Gore,QLD,4352.0,-28.33916667,151.50667,819,,Gravity,Fall of people,,,,Inspection,Closed,Directive,163.0,Directive to reduce risk,2.0
MI00112,Action,2017-03-02 06:44:00,Cement Mills,Metalliferous Mine - Surface,Metalliferous Mine - Surface,MMQ,Operating,Brisbane Office,B- Goondiwindi,Southern,Cement Mills Road,Gore,QLD,4352.0,-28.33916667,151.50667,820,,Pressure,Failure of pressure vessel (eg cylinder - hose - accumulator),,,,Inspection,Closed,Substandard Condition or Practice,,,3.0
MI01648,Incident,2017-03-02 08:10:00,Dawson Mine,Coal Mine - Surface,Coal Mine - Surface,COAL,Operating,Rockhampton Office,,Central,Dawson Highway,MOURA,QLD,4718.0,-24.63169,150.06089,821,High Potential Incident,Vehicle,Rollover,High potential no lost time,surface,Moving vehicles/equipment,,,,,,
MI01400,Action,2017-03-02 08:13:00,Millennium Mine,Coal Mine - Surface,Coal Mine - Surface,COAL,Operating,Mackay Office,,Central,Via Peak Downs Highway,Moranbah,QLD,4744.0,-22.01548,148.25111,822,,,,,,,Inspection,Closed,Recommendation,,,5.0
MI01400,Action,2017-03-02 08:23:00,Millennium Mine,Coal Mine - Surface,Coal Mine - Surface,COAL,Operating,Mackay Office,,Central,Via Peak Downs Highway,Moranbah,QLD,4744.0,-22.01548,148.25111,823,,,,,,,Inspection,Closed,Substandard Condition or Practice,,,6.0
MI01400,Action,2017-03-02 08:26:00,Millennium Mine,Coal Mine - Surface,Coal Mine - Surface,COAL,Operating,Mackay Office,,Central,Via Peak Downs Highway,Moranbah,QLD,4744.0,-22.01548,148.25111,824,,,,,,,Inspection,Closed,Substandard Condition or Practice,,,7.0
MI01400,Action,2017-03-02 08:30:00,Millennium Mine,Coal Mine - Surface,Coal Mine - Surface,COAL,Operating,Mackay Office,,Central,Via Peak Downs Highway,Moranbah,QLD,4744.0,-22.01548,148.25111,825,,,,,,,Inspection,Closed,Substandard Condition or Practice,,,8.0
MI02657,Incident,2017-03-02 09:30:00,Ernest Henry - Underground,Metalliferous Mine - Underground,Metalliferous Mine - Underground,MMQ,Operating,Mount Isa Office,MI- Cloncurry,Northern,,,,,-20.44599,140.702589,826,High Potential Incident,Gravity,Fall of ground,High potential no lost time,underground,Strata failure,,,,,,
MI01804,Action,2017-03-02 09:56:00,Warwick Sandstone,Metalliferous Mine - Surface,Metalliferous Mine - Surface,MMQ,Operating,Brisbane Office,B- Southern Downs,Southern,,,,,-28.16497,151.984862,827,,Mechanical,Other,,,,Inspection,Closed,Substandard Condition or Practice,,,1.0
MI01804,Action,2017-03-02 10:31:00,Warwick Sandstone,Metalliferous Mine - Surface,Metalliferous Mine - Surface,MMQ,Operating,Brisbane Office,B- Southern Downs,Southern,,,,,-28.16497,151.984862,828,,Non Hazard Specific,Emergency response,,,,Inspection,Closed,Substandard Condition or Practice,,,2.0
MI01804,Action,2017-03-02 10:38:00,Warwick Sandstone,Metalliferous Mine - Surface,Metalliferous Mine - Surface,MMQ,Operating,Brisbane Office,B- Southern Downs,Southern,,,,,-28.16497,151.984862,829,,Thermal,Fire,,,,Inspection,Closed,Substandard Condition or Practice,,,3.0
MI01804,Action,2017-03-02 10:52:00,Warwick Sandstone,Metalliferous Mine - Surface,Metalliferous Mine - Surface,MMQ,Operating,Brisbane Office,B- Southern Downs,Southern,,,,,-28.16497,151.984862,830,,Non Hazard Specific,Records,,,,Inspection,Closed,Substandard Condition or Practice,,,4.0
MI00553,Incident,2017-03-02 14:00:00,Capcoal Surface Coal Mine,Coal Mine - Surface,Coal Mine - Surface,COAL,Operating,Rockhampton Office,,,,,,,-22.93,148.55146,831,High Potential Incident,,,High potential no lost time,surface,Explosives,,,,,,
MI01400,Inspection,2017-03-03 00:00:00,Millennium Mine,Coal Mine - Surface,Coal Mine - Surface,COAL,Operating,Mackay Office,,Central,Via Peak Downs Highway,Moranbah,QLD,4744.0,-22.01548,148.25111,832,,,,,,,Inspection,Closed,,,,
MI01193,Action,2017-03-03 01:04:00,Phosphate Hill,Metalliferous - Minerals Processing,Metalliferous Mine - Surface,MMQ,Operating,Mount Isa Office,MI- Cloncurry,Northern,Camp located at The Monument,,,,-21.88056,139.973295,833,,Non Hazard Specific,Accident/incident reporting/investigating,,,,Inspection,Closed,Substandard Condition or Practice,,,1.0
MI01416,Incident,2017-03-03 01:30:00,Cook Mine,Coal Mine - Underground,Coal Mine - Underground,COAL,Operating,Rockhampton Office,,Central,2613 Blackwater-Rolleston Road,BLACKWATER,QLD,4717.0,-23.82654,148.8896,834,High Potential Incident,Mechanical,Explosion protected equipment failure,,,,,,,,,
MI00711,Action,2017-03-03 01:33:00,Meandu Mine,Coal Mine - Surface,Coal Mine - Surface,COAL,Operating,Rockhampton Office,S- South Burnett,Central,Nobby Smith Way,NANANGO,QLD,4615.0,-26.79393,151.89872,835,,,,,,,Inspection,Closed,Substandard Condition or Practice,,,1.0
MI01470,Action,2017-03-03 01:39:00,Bonassi's Quarry,Metalliferous - Quarry,Quarry,MMQ,Operating,Townsville Office,T- Ingham / Cardwell / Tully,Northern,,,,,-18.11337,145.8422111,836,,Gravity,Fall of people,,,,Inspection,Closed,Substandard Condition or Practice,,,1.0
MI00711,Action,2017-03-03 01:42:00,Meandu Mine,Coal Mine - Surface,Coal Mine - Surface,COAL,Operating,Rockhampton Office,S- South Burnett,Central,Nobby Smith Way,NANANGO,QLD,4615.0,-26.79393,151.89872,837,,,,,,,Inspection,Closed,Substandard Condition or Practice,,,2.0
MI00140,Action,2017-03-03 02:01:00,Commodore Mine,Coal Mine - Surface,Coal Mine - Surface,COAL,Operating,Rockhampton Office,S- Toowoomba,Central,Commodore Mine Access Road (Kooroongarra Rd),MILLMERRAN,QLD,4357.0,-27.94955,151.282107,838,,,,,,,Inspection,Closed,Substandard Condition or Practice,,,1.0
MI01470,Action,2017-03-03 02:02:00,Bonassi's Quarry,Metalliferous - Quarry,Quarry,MMQ,Operating,Townsville Office,T- Ingham / Cardwell / Tully,Northern,,,,,-18.11337,145.8422111,839,,Gravity,Fall of equipment/material,,,,Inspection,Closed,Substandard Condition or Practice,,,2.0
MI00140,Action,2017-03-03 02:04:00,Commodore Mine,Coal Mine - Surface,Coal Mine - Surface,COAL,Operating,Rockhampton Office,S- Toowoomba,Central,Commodore Mine Access Road (Kooroongarra Rd),MILLMERRAN,QLD,4357.0,-27.94955,151.282107,840,,,,,,,Inspection,Closed,Substandard Condition or Practice,,,2.0
MI01470,Action,2017-03-03 02:24:00,Bonassi's Quarry,Metalliferous - Quarry,Quarry,MMQ,Operating,Townsville Office,T- Ingham / Cardwell / Tully,Northern,,,,,-18.11337,145.8422111,841,,Mechanical,Struck by projectile,,,,Inspection,Closed,Substandard Condition or Practice,,,3.0
MI02976,Incident,2017-03-03 11:20:00,Grosvenor Coal Mine,Coal Mine - Underground,Coal Mine - Underground,COAL,Operating,Mackay Office,C- Moranbah,Central,Ground Floor 201 Charlotte Street,Brisbane,QLD,4001.0,-21.97533,148.00995,842,High Potential Incident,Mechanical,Structural failure,High potential no lost time,underground,Falling/flying material/objects,,,,,,
MI00159,Incident,2017-03-03 11:30:00,Curragh Mine,Coal Mine - Surface,Coal Mine - Surface,COAL,Operating,Rockhampton Office,,,,,,,-23.49741,148.84478,843,High Potential Incident,Gas Management,Other,High potential no lost time,surface,Fire(s),,,,,,
MI00591,Inspection,2017-03-04 00:00:00,Orbelo Rehabilitation Project,Metalliferous - Minerals Processing,Metalliferous Mine - Surface,MMQ,Operating,Brisbane Office,B- Gympie,Southern,139 Noosa Rd,Monkland,QLD,4570.0,-26.21329,152.70618,844,,,,,,,Inspection - Weekend or Backshift,Closed,,,,
MI01908,Inspection,2017-03-04 00:00:00,Dugald River Mine,Metalliferous Mine - Underground,Metalliferous Mine - Underground,MMQ,Operating,Mount Isa Office,MI- Cloncurry,Northern,Burke Development Road,Cloncurry,QLD,4824.0,-20.25369,140.159832,845,,,,,,,Inspection - Weekend or Backshift,Closed,,,,
MI00054,Incident,2017-03-04 03:15:00,Blackwater Mine,Coal Mine - Surface,Coal Mine - Surface,COAL,Operating,Rockhampton Office,,Central,Ardurad Road (Blackwater Rolleston Road),BLACKWATER,QLD,4717.0,-23.7697,148.87879,846,High Potential Incident,Vehicle,Collision with another vehicle,High potential no lost time,surface,Human error/actions,,,,,,
MI02976,Incident,2017-03-04 03:24:00,Grosvenor Coal Mine,Coal Mine - Underground,Coal Mine - Underground,COAL,Operating,Mackay Office,C- Moranbah,Central,Ground Floor 201 Charlotte Street,Brisbane,QLD,4001.0,-21.97533,148.00995,847,High Potential Incident,Gas Management,CH4 >2.5%,High potential no lost time,underground,Flammable liquids/gases,,,,,,
MI01907,Incident,2017-03-04 06:25:00,Lake Vermont,Coal Mine - Surface,Coal Mine - Surface,COAL,Operating,Mackay Office,,,,,,,-22.47,148.40803,848,High Potential Incident,Vehicle,Collision with another vehicle,High potential no lost time,surface,Human error/actions,,,,,,
MI00149,Incident,2017-03-04 07:08:00,Coppabella - Open Cut,Coal Mine - Surface,Coal Mine - Surface,COAL,Operating,Mackay Office,,,,,,,-21.87,148.42141,849,High Potential Incident,Mechanical,Mechanical failure,High potential no lost time,surface,Moving components/parts,,,,,,
MI00254,Incident,2017-03-04 07:15:00,Foxleigh Mine,Coal Mine - Surface,Coal Mine - Surface,COAL,Operating,Rockhampton Office,,Central,Dysart-Middlemount Road,MIDDLEMOUNT,QLD,4746.0,-22.9836,148.77829,850,High Potential Incident,Electrical,Other,High potential no lost time,surface,High voltage source/lightning,,,,,,
MI00071,Incident,2017-03-04 08:45:00,Bracalba Quarry,Metalliferous - Quarry,Quarry,MMQ,Operating,Brisbane Office,B- Moreton Bay,Southern,,,,,-26.99277778,152.82444,851,High Potential Incident,Vehicle,Other,High potential no lost time,surface,Human error/actions,,,,,,
MI01212,Incident,2017-03-04 09:00:00,Purga Quarry,Metalliferous - Quarry,Quarry,MMQ,Operating,Brisbane Office,B- Ipswich,Southern,"T Morrows Road
Mail Service 825",Purga,QLD,4306.0,-27.75215,152.744679,852,High Potential Incident,Vehicle,Collision with a built or natural structure,High potential no lost time,surface,Moving vehicles/equipment,,,,,,
MI01400,Incident,2017-03-04 10:04:00,Millennium Mine,Coal Mine - Surface,Coal Mine - Surface,COAL,Operating,Mackay Office,,Central,Via Peak Downs Highway,Moranbah,QLD,4744.0,-22.01548,148.25111,853,High Potential Incident,Thermal,Fire,High potential no lost time,surface,Fire(s),,,,,,
MI01190,Incident,2017-03-04 10:25:00,Peak Downs,Coal Mine - Surface,Coal Mine - Surface,COAL,Operating,Mackay Office,,Central,,,,,-22.25686,148.17664,854,High Potential Incident,Thermal,Fire,High potential no lost time,surface,Fire(s),,,,,,
MI01422,Incident,2017-03-04 11:30:00,Kestrel Coal Mine,Coal Mine - Underground,Coal Mine - Underground,COAL,Operating,Rockhampton Office,,,,,,,-23.26,148.30263,855,High Potential Incident,Electrical,Explosion protected equipment failure,High potential no lost time,underground,Electrical equipment,,,,,,
MI01258,Incident,2017-03-04 12:00:00,Saraji,Coal Mine - Surface,Coal Mine - Surface,COAL,Operating,Mackay Office,,Central,,,,,-22.42214,148.28115,856,High Potential Incident,Thermal,Fire,High potential no lost time,surface,Other,,,,,,
MI01258,Incident,2017-03-04 12:00:00,Saraji,Coal Mine - Surface,Coal Mine - Surface,COAL,Operating,Mackay Office,,Central,,,,,-22.42214,148.28115,857,High Potential Incident,Thermal,Fire,High potential no lost time,surface,Other,,,,,,
MI03427,Incident,2017-03-04 13:13:00,Jellinbah Plains,Coal Mine - Surface,Coal Mine - Surface,COAL,Closed,Rockhampton Office,,Central,Fitzroy Development Road,BLUFF,QLD,4702.0,-23.32663,148.92329,858,High Potential Incident,Explosives,Explosives - Misfire identified after firing,High potential no lost time,surface,Explosives,,,,,,
MI01404,Incident,2017-03-04 16:15:00,Oaky North Mine,Coal Mine - Underground,Coal Mine - Underground,COAL,Operating,Rockhampton Office,,Central,Oaky Creek Mine Access Road,LILYVALE,QLD,4723.0,-23.03935,148.53987,859,High Potential Incident,Thermal,Fire,High potential no lost time,surface,Fire(s),,,,,,
MI00159,Incident,2017-03-05 00:40:00,Curragh Mine,Coal Mine - Surface,Coal Mine - Surface,COAL,Operating,Rockhampton Office,,,,,,,-23.49741,148.84478,860,High Potential Incident,Thermal,Fire,High potential no lost time,surface,Flammable liquids/gases,,,,,,
MI01416,Incident,2017-03-05 11:15:00,Cook Mine,Coal Mine - Underground,Coal Mine - Underground,COAL,Operating,Rockhampton Office,,Central,2613 Blackwater-Rolleston Road,BLACKWATER,QLD,4717.0,-23.82654,148.8896,861,High Potential Incident,Gravity,Inrush,,,,,,,,,
MI00630,Incident,2017-03-05 11:26:00,Jeebropilly,Coal Mine - Surface,Coal Mine - Surface,COAL,Care & Maintenance,Rockhampton Office,S- Ipswich,Central,Haigslea-Amberley Road,AMBERLEY,QLD,4306.0,-27.65246,152.658986,862,High Potential Incident,Gravity,Fall of equipment/material,High potential no lost time,surface,Moving vehicles/equipment,,,,,,
MI01193,Incident,2017-03-05 16:00:00,Phosphate Hill,Metalliferous - Minerals Processing,Metalliferous Mine - Surface,MMQ,Operating,Mount Isa Office,MI- Cloncurry,Northern,Camp located at The Monument,,,,-21.88056,139.973295,863,High Potential Incident,Pressure,Other,High potential no lost time,surface,Pressured storage systems,,,,,,
MI03527,Inspection,2017-03-06 00:00:00,Haenke #3,Coal Mine - Surface,Coal Mine - Surface,COAL,Closed,Rockhampton Office,S- Ipswich,Central,4 Austin Street,NEW CHUM,QLD,4303.0,-27.63055556,152.81994,864,,,,,,,Inspection,Closed,,,,
MI02103,Inspection,2017-03-06 00:00:00,Mount Carlton,Metalliferous Mine - Surface,Metalliferous Mine - Surface,MMQ,Care & Maintenance,Townsville Office,T- Prosperpine / Bowen,Northern,"Tondara Road,",Bogie,QLD,4805.0,-20.27261,147.54583,865,,,,,,,Inspection,Closed,,,,
MI03549,Inspection,2017-03-06 00:00:00,The Bluff Quarry,Metalliferous - Quarry,Quarry,MMQ,Operating,Mount Isa Office,MI- Mount Isa,Northern,,,,,-20.6391,139.539,866,,,,,,,Inspection,Closed,,,,
MI02663,Inspection,2017-03-06 00:00:00,Ensham Underground Mine,Coal Mine - Underground,Coal Mine - Underground,COAL,Operating,Rockhampton Office,,,,,,,-23.5,148.49282,867,,,,,,,Inspection,Closed,,,,
MI00191,Action,2017-03-06 01:01:00,Warwick Limestone,Metalliferous Mine - Surface,Metalliferous Mine - Surface,MMQ,Operating,Brisbane Office,B- Southern Downs,Southern,401 O'Dea's Road,Elbow Valley,QLD,4370.0,-28.39129,152.115283,868,,Thermal,Fire,,,,Inspection - Unannounced,Closed,Substandard Condition or Practice,,,2.0
MI00191,Action,2017-03-06 01:06:00,Warwick Limestone,Metalliferous Mine - Surface,Metalliferous Mine - Surface,MMQ,Operating,Brisbane Office,B- Southern Downs,Southern,401 O'Dea's Road,Elbow Valley,QLD,4370.0,-28.39129,152.115283,869,,Gravity,Fall of ground,,,,Inspection - Unannounced,Closed,Directive,163.0,Directive to reduce risk,3.0
MI02867,Action,2017-03-06 02:57:00,Salmon's Quarry,Metalliferous - Quarry,Quarry,MMQ,Operating,Townsville Office,C- Emerald,Northern,,,,,-23.38655,147.758225,870,,Mechanical,Caught in nip point,,,,Inspection,Closed,Directive,164.0,Directive to suspend operations for unacceptable level of risk,1.0
MI02867,Action,2017-03-06 03:19:00,Salmon's Quarry,Metalliferous - Quarry,Quarry,MMQ,Operating,Townsville Office,C- Emerald,Northern,,,,,-23.38655,147.758225,871,,Gravity,Fall of vehicle,,,,Inspection,Closed,Directive,164.0,Directive to suspend operations for unacceptable level of risk,2.0
MI02867,Action,2017-03-06 03:41:00,Salmon's Quarry,Metalliferous - Quarry,Quarry,MMQ,Operating,Townsville Office,C- Emerald,Northern,,,,,-23.38655,147.758225,872,,Non Hazard Specific,Safety and Health Management System,,,,Inspection,Closed,Directive,165.0,Directive to review safety and health management system,3.0
MI00054,Incident,2017-03-06 09:00:00,Blackwater Mine,Coal Mine - Surface,Coal Mine - Surface,COAL,Operating,Rockhampton Office,,Central,Ardurad Road (Blackwater Rolleston Road),BLACKWATER,QLD,4717.0,-23.7697,148.87879,873,High Potential Incident,Electrical,Electric Shock,High potential no lost time,surface,Electrical equipment,,,,,,
MI01705,Incident,2017-03-06 09:50:00,Poitrel Mine,Coal Mine - Surface,Coal Mine - Surface,COAL,Operating,Mackay Office,,Central,"Millennium Access Road
Peak Downs Highway",Moranbah,QLD,4744.0,-22.04109,148.26048,874,High Potential Incident,Thermal,Fire,High potential no lost time,surface,Fire(s),,,,,,
MI01718,Incident,2017-03-06 10:00:00,Mount Wright,Metalliferous Mine - Underground,Metalliferous Mine - Underground,MMQ,Care and Maintenance,Townsville Office,,,,,,,-20.04294,146.83161,875,High Potential Incident,Explosives,Security,High potential no lost time,underground,Explosives,,,,,,
MI01404,Incident,2017-03-06 10:10:00,Oaky North Mine,Coal Mine - Underground,Coal Mine - Underground,COAL,Operating,Rockhampton Office,,Central,Oaky Creek Mine Access Road,LILYVALE,QLD,4723.0,-23.03935,148.53987,876,High Potential Incident,Electrical,Cable Damage,High potential no lost time,underground,Electrical equipment,,,,,,
MI01479,Action,2017-03-06 12:39:00,Ravenswood Gold Mine,Metalliferous Mine - Surface,Metalliferous Mine - Surface,MMQ,Operating,Townsville Office,,,,,,,-20.11,146.89854,877,,Mechanical,Other,,,,Inspection,Closed,Substandard Condition or Practice,,,1.0
MI00191,Action,2017-03-06 12:51:00,Warwick Limestone,Metalliferous Mine - Surface,Metalliferous Mine - Surface,MMQ,Operating,Brisbane Office,B- Southern Downs,Southern,401 O'Dea's Road,Elbow Valley,QLD,4370.0,-28.39129,152.115283,878,,Non Hazard Specific,Procedures,,,,Inspection - Unannounced,Closed,Substandard Condition or Practice,,,1.0
MI02952,Incident,2017-03-06 16:30:00,Caval Ridge Mine,Coal Mine - Surface,Coal Mine - Surface,COAL,Operating,Mackay Office,C- Mackay,Central,,,,,-22.15615,148.05892,879,High Potential Incident,Vehicle,Unplanned movement of equipment (eg CM),High potential no lost time,surface,Other,,,,,,
MI02952,Incident,2017-03-06 16:30:00,Caval Ridge Mine,Coal Mine - Surface,Coal Mine - Surface,COAL,Operating,Mackay Office,C- Mackay,Central,,,,,-22.15615,148.05892,880,High Potential Incident,Vehicle,Unplanned movement of equipment (eg CM),High potential no lost time,surface,Other,,,,,,
MI01648,Incident,2017-03-06 20:05:00,Dawson Mine,Coal Mine - Surface,Coal Mine - Surface,COAL,Operating,Rockhampton Office,,Central,Dawson Highway,MOURA,QLD,4718.0,-24.63169,150.06089,881,High Potential Incident,Vehicle,Collision with another vehicle,High potential no lost time,surface,Moving vehicles/equipment,,,,,,
MI00071,Inspection,2017-03-07 00:00:00,Bracalba Quarry,Metalliferous - Quarry,Quarry,MMQ,Operating,Brisbane Office,B- Moreton Bay,Southern,,,,,-26.99277778,152.82444,882,,,,,,,Inspection,Closed,,,,
MI01908,Inspection,2017-03-07 00:00:00,Dugald River Mine,Metalliferous Mine - Underground,Metalliferous Mine - Underground,MMQ,Operating,Mount Isa Office,MI- Cloncurry,Northern,Burke Development Road,Cloncurry,QLD,4824.0,-20.25369,140.159832,883,,,,,,,Inspection,Closed,,,,
MI00631,Inspection,2017-03-07 00:00:00,Jellinbah East Mine,Coal Mine - Surface,Coal Mine - Surface,COAL,Operating,Rockhampton Office,,Central,,BLUFF,QLD,4702.0,-23.38814,148.96074,884,,,,,,,Inspection,Closed,,,,
MI00617,Action,2017-03-07 01:02:00,Inglewood Quarry,Metalliferous - Quarry,Quarry,MMQ,Operating,Brisbane Office,B- Goondiwindi,Southern,,,,,-28.39565,151.195716,885,,Gravity,Fall of equipment/material,,,,Inspection,Closed,Directive,163.0,Directive to reduce risk,6.0
MI00617,Action,2017-03-07 01:18:00,Inglewood Quarry,Metalliferous - Quarry,Quarry,MMQ,Operating,Brisbane Office,B- Goondiwindi,Southern,,,,,-28.39565,151.195716,886,,Vehicle,Other,,,,Inspection,Closed,Directive,163.0,Directive to reduce risk,7.0
MI01258,Incident,2017-03-07 02:00:00,Saraji,Coal Mine - Surface,Coal Mine - Surface,COAL,Operating,Mackay Office,,Central,,,,,-22.42214,148.28115,887,High Potential Incident,Electrical,Arc flash/blast,High potential no lost time,surface,Electrical equipment,,,,,,
MI02663,Action,2017-03-07 02:58:00,Ensham Underground Mine,Coal Mine - Underground,Coal Mine - Underground,COAL,Operating,Rockhampton Office,,,,,,,-23.5,148.49282,888,,,,,,,Inspection,Closed,Directive,168.0,Directive to review safety and health management system and principal hazard management plans,1.0
MI02663,Action,2017-03-07 03:14:00,Ensham Underground Mine,Coal Mine - Underground,Coal Mine - Underground,COAL,Operating,Rockhampton Office,,,,,,,-23.5,148.49282,889,,,,,,,Inspection,Closed,Directive,166.0,Directive to reduce risk,2.0
MI01908,Action,2017-03-07 03:31:00,Dugald River Mine,Metalliferous Mine - Underground,Metalliferous Mine - Underground,MMQ,Operating,Mount Isa Office,MI- Cloncurry,Northern,Burke Development Road,Cloncurry,QLD,4824.0,-20.25369,140.159832,890,,Electrical,Electric shock,,,,Inspection - Weekend or Backshift,Closed,Recommendation,,,1.0
MI01908,Action,2017-03-07 04:13:00,Dugald River Mine,Metalliferous Mine - Underground,Metalliferous Mine - Underground,MMQ,Operating,Mount Isa Office,MI- Cloncurry,Northern,Burke Development Road,Cloncurry,QLD,4824.0,-20.25369,140.159832,891,,Electrical,Arc flash/blast,,,,Inspection - Weekend or Backshift,Closed,Recommendation,,,2.0
MI01908,Action,2017-03-07 04:30:00,Dugald River Mine,Metalliferous Mine - Underground,Metalliferous Mine - Underground,MMQ,Operating,Mount Isa Office,MI- Cloncurry,Northern,Burke Development Road,Cloncurry,QLD,4824.0,-20.25369,140.159832,892,,Electrical,Other,,,,Inspection - Weekend or Backshift,Closed,Recommendation,,,3.0
MI01908,Action,2017-03-07 04:48:00,Dugald River Mine,Metalliferous Mine - Underground,Metalliferous Mine - Underground,MMQ,Operating,Mount Isa Office,MI- Cloncurry,Northern,Burke Development Road,Cloncurry,QLD,4824.0,-20.25369,140.159832,893,,Electrical,Electric shock,,,,Inspection - Weekend or Backshift,Closed,Substandard Condition or Practice,,,4.0
MI01908,Action,2017-03-07 05:08:00,Dugald River Mine,Metalliferous Mine - Underground,Metalliferous Mine - Underground,MMQ,Operating,Mount Isa Office,MI- Cloncurry,Northern,Burke Development Road,Cloncurry,QLD,4824.0,-20.25369,140.159832,894,,Electrical,Electric shock,,,,Inspection - Weekend or Backshift,Closed,Substandard Condition or Practice,,,5.0
MI02867,Action,2017-03-07 08:10:00,Salmon's Quarry,Metalliferous - Quarry,Quarry,MMQ,Operating,Townsville Office,C- Emerald,Northern,,,,,-23.38655,147.758225,895,,Non Hazard Specific,Training,,,,Inspection,Closed,Directive,165.0,Directive to review safety and health management system,4.0
MI02867,Action,2017-03-07 08:54:00,Salmon's Quarry,Metalliferous - Quarry,Quarry,MMQ,Operating,Townsville Office,C- Emerald,Northern,,,,,-23.38655,147.758225,896,,Non Hazard Specific,Procedures,,,,Inspection,Closed,Directive,165.0,Directive to review safety and health management system,5.0
MI02867,Action,2017-03-07 09:02:00,Salmon's Quarry,Metalliferous - Quarry,Quarry,MMQ,Operating,Townsville Office,C- Emerald,Northern,,,,,-23.38655,147.758225,897,,Non Hazard Specific,Notification of Operator/SSE/Electrical/Winding,,,,Inspection,Closed,Directive,163.0,Directive to reduce risk,6.0
MI02867,Action,2017-03-07 09:18:00,Salmon's Quarry,Metalliferous - Quarry,Quarry,MMQ,Operating,Townsville Office,C- Emerald,Northern,,,,,-23.38655,147.758225,898,,Non Hazard Specific,Other,,,,Inspection,Closed,Directive,165.0,Directive to review safety and health management system,7.0
MI00750,Action,2017-03-07 09:35:00,Moranbah North,Coal Mine - Underground,Coal Mine - Underground,COAL,Operating,Mackay Office,C- Moranbah,Central,1164 Goonyella Road,Moranbah,QLD,4744.0,-21.88576,147.96564,899,,,,,,,Inspection,Closed,Recommendation,,,1.0
MI00750,Action,2017-03-07 09:38:00,Moranbah North,Coal Mine - Underground,Coal Mine - Underground,COAL,Operating,Mackay Office,C- Moranbah,Central,1164 Goonyella Road,Moranbah,QLD,4744.0,-21.88576,147.96564,900,,,,,,,Inspection,Closed,Substandard Condition or Practice,,,2.0
MI02867,Action,2017-03-07 09:39:00,Salmon's Quarry,Metalliferous - Quarry,Quarry,MMQ,Operating,Townsville Office,C- Emerald,Northern,,,,,-23.38655,147.758225,901,,Non Hazard Specific,Emergency response,,,,Inspection,Closed,Directive,163.0,Directive to reduce risk,8.0
MI02867,Action,2017-03-07 10:05:00,Salmon's Quarry,Metalliferous - Quarry,Quarry,MMQ,Operating,Townsville Office,C- Emerald,Northern,,,,,-23.38655,147.758225,902,,Non Hazard Specific,Mine Record,,,,Inspection,Closed,Directive,165.0,Directive to review safety and health management system,9.0
MI00617,Action,2017-03-07 11:32:00,Inglewood Quarry,Metalliferous - Quarry,Quarry,MMQ,Operating,Brisbane Office,B- Goondiwindi,Southern,,,,,-28.39565,151.195716,903,,Gravity,Fall of people,,,,Inspection,Closed,Directive,163.0,Directive to reduce risk,1.0
MI00617,Action,2017-03-07 12:12:00,Inglewood Quarry,Metalliferous - Quarry,Quarry,MMQ,Operating,Brisbane Office,B- Goondiwindi,Southern,,,,,-28.39565,151.195716,904,,Gravity,Fall of a structure,,,,Inspection,Closed,Directive,163.0,Directive to reduce risk,2.0
MI00617,Action,2017-03-07 12:26:00,Inglewood Quarry,Metalliferous - Quarry,Quarry,MMQ,Operating,Brisbane Office,B- Goondiwindi,Southern,,,,,-28.39565,151.195716,905,,Mechanical,Caught in nip point,,,,Inspection,Closed,Directive,163.0,Directive to reduce risk,3.0
MI00617,Action,2017-03-07 12:46:00,Inglewood Quarry,Metalliferous - Quarry,Quarry,MMQ,Operating,Brisbane Office,B- Goondiwindi,Southern,,,,,-28.39565,151.195716,906,,Mechanical,Lifting,,,,Inspection,Closed,Substandard Condition or Practice,,,4.0
MI00617,Action,2017-03-07 12:51:00,Inglewood Quarry,Metalliferous - Quarry,Quarry,MMQ,Operating,Brisbane Office,B- Goondiwindi,Southern,,,,,-28.39565,151.195716,907,,Gravity,Fall of equipment/material,,,,Inspection,Closed,Directive,163.0,Directive to reduce risk,5.0
MI01547,Incident,2017-03-07 21:10:00,Broadmeadow Mine,Coal Mine - Underground,Coal Mine - Underground,COAL,Operating,Mackay Office,,,,,,,-21.83,147.97998,908,High Potential Incident,Mechanical,Other,High potential no lost time,underground,Organisational deficiencies,,,,,,
MI03526,Inspection,2017-03-08 00:00:00,Mount Chelona Parklands Quarry,Metalliferous - Quarry,Quarry,MMQ,Operating,Townsville Office,C- Sarina,Northern,125 Malin Road,Sarina,QLD,4737.0,-21.38181,149.211657,909,,,,,,,Inspection,Closed,,,,
MI01258,Inspection,2017-03-08 00:00:00,Saraji,Coal Mine - Surface,Coal Mine - Surface,COAL,Operating,Mackay Office,,Central,,,,,-22.42214,148.28115,910,,,,,,,Inspection,Closed,,,,
MI01306,Inspection,2017-03-08 00:00:00,Thalanga Surface,Metalliferous - Minerals Processing,Metalliferous Mine - Surface,MMQ,Inactive Tenure,Townsville Office,T- Charters Towers / Ravenswood,Northern,,,,,-20.33505,145.77171,911,,,,,,,Inspection,Closed,,,,
MI01648,Inspection,2017-03-08 00:00:00,Dawson Mine,Coal Mine - Surface,Coal Mine - Surface,COAL,Operating,Rockhampton Office,,Central,Dawson Highway,MOURA,QLD,4718.0,-24.63169,150.06089,912,,,,,,,Inspection,Closed,,,,
MI00250,Inspection,2017-03-08 00:00:00,Flinders Dolomite Mine,Metalliferous Mine - Surface,Metalliferous Mine - Surface,MMQ,Operating,Brisbane Office,B- Scenic Rim,Southern,,,,,-27.82067,152.71668,913,,,,,,,Inspection,Closed,,,,
MI01825,Inspection,2017-03-08 00:00:00,Hy-tec Townsville Quarry,Metalliferous - Quarry,Quarry,MMQ,Operating,Townsville Office,T- Townsville / Ayr,Northern,,,,,-19.65681,146.80203,914,,,,,,,Inspection,Closed,,,,
MI03427,Inspection,2017-03-08 00:00:00,Jellinbah Plains,Coal Mine - Surface,Coal Mine - Surface,COAL,Closed,Rockhampton Office,,Central,Fitzroy Development Road,BLUFF,QLD,4702.0,-23.32663,148.92329,915,,,,,,,Inspection,Closed,,,,
MI01585,Inspection,2017-03-08 00:00:00,Mount Cordelia North,Metalliferous - Quarry,Quarry,MMQ,Care & Maintenance,Townsville Office,T- Ingham / Cardwell / Tully,Northern,,,,,-18.60516,146.24383,916,,,,,,,Inspection,Closed,,,,
MI01258,Incident,2017-03-08 02:45:00,Saraji,Coal Mine - Surface,Coal Mine - Surface,COAL,Operating,Mackay Office,,Central,,,,,-22.42214,148.28115,917,High Potential Incident,Vehicle,Other,High potential no lost time,surface,Human error/actions,,,,,,
MI02103,Action,2017-03-08 03:37:00,Mount Carlton,Metalliferous Mine - Surface,Metalliferous Mine - Surface,MMQ,Care & Maintenance,Townsville Office,T- Prosperpine / Bowen,Northern,"Tondara Road,",Bogie,QLD,4805.0,-20.27261,147.54583,918,,Electrical,Other,,,,Inspection,Closed,Substandard Condition or Practice,,,1.0
MI03549,Action,2017-03-08 04:09:00,The Bluff Quarry,Metalliferous - Quarry,Quarry,MMQ,Operating,Mount Isa Office,MI- Mount Isa,Northern,,,,,-20.6391,139.539,919,,Mechanical,Caught in nip point,,,,Inspection,Closed,Directive,163.0,Directive to reduce risk,1.0
MI03549,Action,2017-03-08 04:34:00,The Bluff Quarry,Metalliferous - Quarry,Quarry,MMQ,Operating,Mount Isa Office,MI- Mount Isa,Northern,,,,,-20.6391,139.539,920,,Vehicle,Other,,,,Inspection,Closed,Substandard Condition or Practice,,,2.0
MI03549,Action,2017-03-08 04:43:00,The Bluff Quarry,Metalliferous - Quarry,Quarry,MMQ,Operating,Mount Isa Office,MI- Mount Isa,Northern,,,,,-20.6391,139.539,921,,Non Hazard Specific,Mine plans,,,,Inspection,Closed,Substandard Condition or Practice,,,3.0
MI00054,Incident,2017-03-08 05:40:00,Blackwater Mine,Coal Mine - Surface,Coal Mine - Surface,COAL,Operating,Rockhampton Office,,Central,Ardurad Road (Blackwater Rolleston Road),BLACKWATER,QLD,4717.0,-23.7697,148.87879,922,High Potential Incident,Gravity,Fall of ground-Surface,High potential no lost time,surface,Other,,,,,,
MI01908,Action,2017-03-08 08:24:00,Dugald River Mine,Metalliferous Mine - Underground,Metalliferous Mine - Underground,MMQ,Operating,Mount Isa Office,MI- Cloncurry,Northern,Burke Development Road,Cloncurry,QLD,4824.0,-20.25369,140.159832,923,,Electrical,Electric shock,,,,Inspection - Weekend or Backshift,Closed,Substandard Condition or Practice,,,6.0
MI01258,Incident,2017-03-08 10:09:00,Saraji,Coal Mine - Surface,Coal Mine - Surface,COAL,Operating,Mackay Office,,Central,,,,,-22.42214,148.28115,924,High Potential Incident,Vehicle,Unplanned movement of equipment (eg CM),High potential no lost time,surface,Moving vehicles/equipment,,,,,,
MI01705,Incident,2017-03-08 10:30:00,Poitrel Mine,Coal Mine - Surface,Coal Mine - Surface,COAL,Operating,Mackay Office,,Central,"Millennium Access Road
Peak Downs Highway",Moranbah,QLD,4744.0,-22.04109,148.26048,925,High Potential Incident,Vehicle,Unplanned movement of equipment (eg CM),High potential no lost time,surface,Moving vehicles/equipment,,,,,,
MI01190,Incident,2017-03-08 10:30:00,Peak Downs,Coal Mine - Surface,Coal Mine - Surface,COAL,Operating,Mackay Office,,Central,,,,,-22.25686,148.17664,926,High Potential Incident,Vehicle,Collision with another vehicle,High potential no lost time,surface,Moving vehicles/equipment,,,,,,
MI00239,Incident,2017-03-08 13:30:00,Rocklands,Metalliferous Mine - Surface,Metalliferous Mine - Surface,MMQ,Operating,Mount Isa Office,,,,,,,-20.65,140.36036,927,High Potential Incident,Chemical,Exposure to other chemicals,High potential no lost time,surface,Hazardous chemicals,,,,,,
MI01649,Inspection,2017-03-09 00:00:00,Isaac Plains,Coal Mine - Surface,Coal Mine - Surface,COAL,Operating,Mackay Office,,Central,10167 Peak Downs Highway,Coppabella,QLD,4741.0,-21.96206,148.10705,928,,,,,,,Inspection,Closed,,,,
MI01190,Inspection,2017-03-09 00:00:00,Peak Downs,Coal Mine - Surface,Coal Mine - Surface,COAL,Operating,Mackay Office,,Central,,,,,-22.25686,148.17664,929,,,,,,,Inspection,Closed,,,,
MI01156,Inspection,2017-03-09 00:00:00,North Coast - Petrie Quarry,Metalliferous - Quarry,Quarry,MMQ,Operating,Brisbane Office,B- Moreton Bay,Southern,,,,,-27.2476,152.928169,930,,,,,,,Inspection,Closed,,,,
MI01476,Inspection,2017-03-09 00:00:00,Bosseeva Mine,Metalliferous Mine - Surface,Metalliferous Mine - Surface,MMQ,Closed,Townsville Office,T- Townsville / Ayr,Northern,Lot 1 1449 CP AP327 Hervey Range Rd,Dotswood,QLD,,-19.4849,146.37868,931,,,,,,,Inspection - Unannounced,Closed,,,,
MI02878,Inspection,2017-03-09 00:00:00,Five Mile Crusher,Metalliferous - Quarry,Quarry,MMQ,Operating,Mount Isa Office,MI- Cloncurry,Northern,,,,,-20.65138889,140.495,932,,,,,,,Inspection,Closed,,,,
MI02103,Action,2017-03-09 02:01:00,Mount Carlton,Metalliferous Mine - Surface,Metalliferous Mine - Surface,MMQ,Care & Maintenance,Townsville Office,T- Prosperpine / Bowen,Northern,"Tondara Road,",Bogie,QLD,4805.0,-20.27261,147.54583,933,,Electrical,Other,,,,Inspection,Closed,Substandard Condition or Practice,,,2.0
MI01569,Incident,2017-03-09 10:45:00,Rolleston Mine,Coal Mine - Surface,Coal Mine - Surface,COAL,Operating,Rockhampton Office,,,,,,,-24.44,148.41844,934,High Potential Incident,,,High potential no lost time,surface,Explosives,,,,,,
MI03427,Incident,2017-03-09 14:00:00,Jellinbah Plains,Coal Mine - Surface,Coal Mine - Surface,COAL,Closed,Rockhampton Office,,Central,Fitzroy Development Road,BLUFF,QLD,4702.0,-23.32663,148.92329,935,High Potential Incident,Vehicle,Collision with another vehicle,High potential no lost time,surface,Human error/actions,,,,,,
MI01150,Incident,2017-03-09 21:45:00,Newlands Mine - Open Cut,Coal Mine - Surface,Coal Mine - Surface,COAL,Operating,Mackay Office,,Central,Newlands Access Road,Via Glenden,QLD,4743.0,-21.21217,147.88636,936,High Potential Incident,Thermal,Fire,High potential no lost time,surface,Fire(s),,,,,,
MI00149,Inspection,2017-03-10 00:00:00,Coppabella - Open Cut,Coal Mine - Surface,Coal Mine - Surface,COAL,Operating,Mackay Office,,,,,,,-21.87,148.42141,937,,,,,,,Inspection,Closed,,,,
MI01908,Action,2017-03-10 04:03:00,Dugald River Mine,Metalliferous Mine - Underground,Metalliferous Mine - Underground,MMQ,Operating,Mount Isa Office,MI- Cloncurry,Northern,Burke Development Road,Cloncurry,QLD,4824.0,-20.25369,140.159832,938,,Explosives,Misfire,,,,Inspection,Closed,Substandard Condition or Practice,,,1.0
MI02663,Incident,2017-03-10 09:00:00,Ensham Underground Mine,Coal Mine - Underground,Coal Mine - Underground,COAL,Operating,Rockhampton Office,,,,,,,-23.5,148.49282,939,High Potential Incident,Electrical,Cable Damage,High potential no lost time,underground,Electrical equipment,,,,,,
MI01258,Incident,2017-03-10 12:00:00,Saraji,Coal Mine - Surface,Coal Mine - Surface,COAL,Operating,Mackay Office,,Central,,,,,-22.42214,148.28115,940,High Potential Incident,Electrical,Cable Damage,High potential no lost time,surface,Electrical equipment,,,,,,
MI00809,Incident,2017-03-10 14:00:00,Mt Isa - Lead & Zinc Concentrator,Metalliferous - Minerals Processing,Metalliferous Mine - Surface,MMQ,Operating,Mount Isa Office,MI- Mount Isa,Northern,,,,,-20.72219,139.481114,941,High Potential Incident,Gravity,Fall of a structure,High potential no lost time,surface,Falling/flying material/objects,,,,,,
MI01646,Incident,2017-03-10 15:02:00,Carborough Downs,Coal Mine - Underground,Coal Mine - Underground,COAL,Operating,Mackay Office,,Central,Peak Downs Highway,Coppabella,QLD,4741.0,-21.99368,148.249,942,High Potential Incident,Gas Management,Withdrawal due to high gas levels or ventilation failure,High potential no lost time,surface,Other,,,,,,
MI00762,Incident,2017-03-10 22:30:00,Capricorn Copper Mine,Metalliferous Mine - Underground,Metalliferous Mine - Underground,MMQ,Operating,Mount Isa Office,,,,,,,-19.68885,139.36651,943,High Potential Incident,Thermal,Fire,High potential no lost time,surface,Fire(s),,,,,,
MI01258,Incident,2017-03-10 23:25:00,Saraji,Coal Mine - Surface,Coal Mine - Surface,COAL,Operating,Mackay Office,,Central,,,,,-22.42214,148.28115,944,High Potential Incident,,,High potential no lost time,surface,Explosives,,,,,,
MI01258,Incident,2017-03-11 09:20:00,Saraji,Coal Mine - Surface,Coal Mine - Surface,COAL,Operating,Mackay Office,,Central,,,,,-22.42214,148.28115,945,High Potential Incident,Gravity,Other,High potential no lost time,surface,Human error/actions,,,,,,
MI01422,Incident,2017-03-11 12:30:00,Kestrel Coal Mine,Coal Mine - Underground,Coal Mine - Underground,COAL,Operating,Rockhampton Office,,,,,,,-23.26,148.30263,946,High Potential Incident,Thermal,Fire,High potential no lost time,surface,Fire(s),,,,,,
MI00750,Incident,2017-03-11 14:15:00,Moranbah North,Coal Mine - Underground,Coal Mine - Underground,COAL,Operating,Mackay Office,C- Moranbah,Central,1164 Goonyella Road,Moranbah,QLD,4744.0,-21.88576,147.96564,947,Serious Accident,Pressure,Other,High potential lost time,underground,Human error/actions,,,,,,
MI00159,Incident,2017-03-11 16:30:00,Curragh Mine,Coal Mine - Surface,Coal Mine - Surface,COAL,Operating,Rockhampton Office,,,,,,,-23.49741,148.84478,948,High Potential Incident,Electrical,Arc flash/blast,High potential no lost time,surface,Electrical equipment,,,,,,
MI00568,Incident,2017-03-11 19:00:00,Goonyella Riverside,Coal Mine - Surface,Coal Mine - Surface,COAL,Operating,Mackay Office,,Central,,,,,-21.7581,147.95235,949,High Potential Incident,Vehicle,Other,High potential no lost time,surface,Human error/actions,,,,,,
MI00159,Incident,2017-03-11 22:00:00,Curragh Mine,Coal Mine - Surface,Coal Mine - Surface,COAL,Operating,Rockhampton Office,,,,,,,-23.49741,148.84478,950,High Potential Incident,,,High potential no lost time,surface,Explosives,,,,,,
MI02717,Inspection,2017-03-12 00:00:00,Sheldon Quarry,Metalliferous - Quarry,Quarry,MMQ,Closed,Brisbane Office,B- Redland,Southern,706 Mt Cotton Rd.,Sheldon,QLD,4157.0,-27.57556,153.219948,951,,,,,,,Inspection - Weekend or Backshift,Closed,,,,
MI01190,Incident,2017-03-12 09:45:00,Peak Downs,Coal Mine - Surface,Coal Mine - Surface,COAL,Operating,Mackay Office,,Central,,,,,-22.25686,148.17664,952,High Potential Incident,Vehicle,Unplanned movement of equipment (eg CM),High potential no lost time,surface,Moving vehicles/equipment,,,,,,
MI01808,Incident,2017-03-12 10:00:00,QCoal Northern Hub (Sonoma - Cows - Drake 1 & 2 - Jax),Coal Mine - Surface,Coal Mine - Surface,COAL,Operating,Mackay Office,C- Mackay,Central,Bowen Developmental Road,Collinsville,QLD,4804.0,-20.63823,147.85616,953,High Potential Incident,Psychosocial,Fatigue,High potential no lost time,surface,Fatigue,,,,,,
MI00054,Incident,2017-03-12 16:30:00,Blackwater Mine,Coal Mine - Surface,Coal Mine - Surface,COAL,Operating,Rockhampton Office,,Central,Ardurad Road (Blackwater Rolleston Road),BLACKWATER,QLD,4717.0,-23.7697,148.87879,954,High Potential Incident,Extreme Weather,Wind,High potential no lost time,surface,Other,,,,,,
MI01808,Incident,2017-03-12 21:06:00,QCoal Northern Hub (Sonoma - Cows - Drake 1 & 2 - Jax),Coal Mine - Surface,Coal Mine - Surface,COAL,Operating,Mackay Office,C- Mackay,Central,Bowen Developmental Road,Collinsville,QLD,4804.0,-20.63823,147.85616,955,High Potential Incident,Thermal,Fire,High potential no lost time,surface,Fire(s),,,,,,
MI01708,Incident,2017-03-12 23:30:00,Mungana Underground,Metalliferous Mine - Underground,Metalliferous Mine - Underground,MMQ,Care & Maintenance,Townsville Office,T- Chilligoe,Northern,,,,,-17.10654,144.38406,956,High Potential Incident,Mechanical,Other,High potential lost time,underground,Moving vehicles/equipment,,,,,,
MI01362,Inspection,2017-03-13 00:00:00,Acid Plant,Metalliferous - Minerals Processing,Metalliferous Mine - Surface,MMQ,Operating,Mount Isa Office,MI- Mount Isa,Northern,,,,,-20.73533889,139.48389,957,,,,,,,Inspection,Closed,,,,
MI02878,Action,2017-03-13 01:47:00,Five Mile Crusher,Metalliferous - Quarry,Quarry,MMQ,Operating,Mount Isa Office,MI- Cloncurry,Northern,,,,,-20.65138889,140.495,958,,Mechanical,Caught in nip point,,,,Inspection,Closed,Directive,163.0,Directive to reduce risk,1.0
MI02878,Action,2017-03-13 01:56:00,Five Mile Crusher,Metalliferous - Quarry,Quarry,MMQ,Operating,Mount Isa Office,MI- Cloncurry,Northern,,,,,-20.65138889,140.495,959,,Non Hazard Specific,First aid,,,,Inspection,Closed,Substandard Condition or Practice,,,2.0
MI01422,Incident,2017-03-13 07:30:00,Kestrel Coal Mine,Coal Mine - Underground,Coal Mine - Underground,COAL,Operating,Rockhampton Office,,,,,,,-23.26,148.30263,960,High Potential Incident,Electrical,Explosion protected equipment failure,High potential no lost time,underground,Electrical equipment,,,,,,
MI00750,Action,2017-03-13 08:06:00,Moranbah North,Coal Mine - Underground,Coal Mine - Underground,COAL,Operating,Mackay Office,C- Moranbah,Central,1164 Goonyella Road,Moranbah,QLD,4744.0,-21.88576,147.96564,961,,,,,,,Inspection,Closed,Recommendation,,,1.0
MI00750,Action,2017-03-13 08:13:00,Moranbah North,Coal Mine - Underground,Coal Mine - Underground,COAL,Operating,Mackay Office,C- Moranbah,Central,1164 Goonyella Road,Moranbah,QLD,4744.0,-21.88576,147.96564,962,,,,,,,Inspection,Closed,Recommendation,,,2.0
MI00750,Action,2017-03-13 08:17:00,Moranbah North,Coal Mine - Underground,Coal Mine - Underground,COAL,Operating,Mackay Office,C- Moranbah,Central,1164 Goonyella Road,Moranbah,QLD,4744.0,-21.88576,147.96564,963,,,,,,,Inspection,Closed,Recommendation,,,3.0
MI01258,Incident,2017-03-13 12:10:00,Saraji,Coal Mine - Surface,Coal Mine - Surface,COAL,Operating,Mackay Office,,Central,,,,,-22.42214,148.28115,964,High Potential Incident,Gravity,Rock fall - Surface,High potential no lost time,surface,Moving vehicles/equipment,,,,,,
MI00806,Incident,2017-03-13 15:00:00,Mt Isa - Isa Copper Mine,Metalliferous Mine - Underground,Metalliferous Mine - Underground,MMQ,Operating,Mount Isa Office,MI- Mount Isa,Northern,,,,,-20.72484,139.478149,965,High Potential Incident,Gravity,Fall of equipment/material,High potential no lost time,underground,Falling/flying material/objects,,,,,,
MI01258,Incident,2017-03-13 15:15:00,Saraji,Coal Mine - Surface,Coal Mine - Surface,COAL,Operating,Mackay Office,,Central,,,,,-22.42214,148.28115,966,High Potential Incident,,,High potential no lost time,surface,Explosives,,,,,,
MI00594,Incident,2017-03-13 15:32:00,Hail Creek,Coal Mine - Surface,Coal Mine - Surface,COAL,Operating,Mackay Office,,,,,,,-21.5,148.34391,967,High Potential Incident,Explosives,Explosives - Person breaching exclusion zone,High potential no lost time,surface,Other,,,,,,
MI01473,Inspection,2017-03-14 00:00:00,Black River Quarry,Metalliferous - Quarry,Quarry,MMQ,Operating,Townsville Office,T- Townsville / Ayr,Northern,,,,,-19.26207,146.57356,968,,,,,,,SafeGuard Systems Audit,Closed,,,,
MI01539,Inspection,2017-03-14 00:00:00,Eloise,Metalliferous Mine - Underground,Metalliferous Mine - Underground,MMQ,Operating,Mount Isa Office,,,,,,,-20.95,140.9809,969,,,,,,,Inspection,Closed,,,,
MI00693,Inspection,2017-03-14 00:00:00,Malcolm Guy Mine,Metalliferous Mine - Surface,Metalliferous Mine - Surface,MMQ,Operating,Brisbane Office,B- Southern Downs,Southern,142 Strudwicks Road,Yangan,QLD,4370.0,-28.20291,152.209351,970,,,,,,,Inspection,Closed,,,,
MI02657,Inspection,2017-03-14 00:00:00,Ernest Henry - Underground,Metalliferous Mine - Underground,Metalliferous Mine - Underground,MMQ,Operating,Mount Isa Office,MI- Cloncurry,Northern,,,,,-20.44599,140.702589,971,,,,,,,Inspection,Closed,,,,
MI00568,Incident,2017-03-14 08:00:00,Goonyella Riverside,Coal Mine - Surface,Coal Mine - Surface,COAL,Operating,Mackay Office,,Central,,,,,-21.7581,147.95235,972,High Potential Incident,Electrical,Arc flash/blast,High potential no lost time,surface,Electrical equipment,,,,,,
MI01808,Incident,2017-03-14 13:15:00,QCoal Northern Hub (Sonoma - Cows - Drake 1 & 2 - Jax),Coal Mine - Surface,Coal Mine - Surface,COAL,Operating,Mackay Office,C- Mackay,Central,Bowen Developmental Road,Collinsville,QLD,4804.0,-20.63823,147.85616,973,High Potential Incident,Gravity,Fall of ground-Surface,High potential no lost time,surface,Strata failure,,,,,,
MI00724,Inspection,2017-03-15 00:00:00,Pink Gum Lane Quarry,Metalliferous - Quarry,Quarry,MMQ,Operating,Brisbane Office,B- Southern Downs,Southern,,,,,-28.20052,151.927305,974,,,,,,,Inspection,Closed,,,,
MI02079,Inspection,2017-03-15 00:00:00,Braeside No 2 Quarry,Metalliferous - Quarry,Quarry,MMQ,Operating,Brisbane Office,B- Southern Downs,Southern,,,,,-28.38177,151.916238,975,,,,,,,Inspection,Closed,,,,
MI00094,Inspection,2017-03-15 00:00:00,Cannington Mine,Metalliferous Mine - Underground,Metalliferous Mine - Underground,MMQ,Operating,Mount Isa Office,,,,,,,-21.86,140.91861,976,,,,,,,Inspection,Closed,,,,
MI01781,Incident,2017-03-15 01:35:00,Clermont Mine - Open Cut,Coal Mine - Surface,Coal Mine - Surface,COAL,Operating,Mackay Office,,Central,Gregory Development Road,Clermont,QLD,4721.0,-22.72688,147.62171,977,High Potential Incident,Thermal,Fire,High potential no lost time,surface,Spontaneous combustion,,,,,,
MI02663,Incident,2017-03-15 02:20:00,Ensham Underground Mine,Coal Mine - Underground,Coal Mine - Underground,COAL,Operating,Rockhampton Office,,,,,,,-23.5,148.49282,978,High Potential Incident,Electrical,Cable Damage,High potential no lost time,underground,Electrical equipment,,,,,,
MI02103,Action,2017-03-15 04:21:00,Mount Carlton,Metalliferous Mine - Surface,Metalliferous Mine - Surface,MMQ,Care & Maintenance,Townsville Office,T- Prosperpine / Bowen,Northern,"Tondara Road,",Bogie,QLD,4805.0,-20.27261,147.54583,979,,Non Hazard Specific,Procedures,,,,Inspection,Closed,Substandard Condition or Practice,,,3.0
MI01569,Incident,2017-03-15 11:30:00,Rolleston Mine,Coal Mine - Surface,Coal Mine - Surface,COAL,Operating,Rockhampton Office,,,,,,,-24.44,148.41844,980,High Potential Incident,Electrical,Other,High potential no lost time,surface,Electrical equipment,,,,,,
MI01193,Incident,2017-03-15 17:34:00,Phosphate Hill,Metalliferous - Minerals Processing,Metalliferous Mine - Surface,MMQ,Operating,Mount Isa Office,MI- Cloncurry,Northern,Camp located at The Monument,,,,-21.88056,139.973295,981,High Potential Incident,Vehicle,Collision with a built or natural structure,High potential no lost time,surface,Human error/actions,,,,,,
MI01539,Incident,2017-03-15 18:45:00,Eloise,Metalliferous Mine - Underground,Metalliferous Mine - Underground,MMQ,Operating,Mount Isa Office,,,,,,,-20.95,140.9809,982,High Potential Incident,Thermal,Heat strain/stress/stroke,Lost time,underground,Other,,,,,,
MI00663,Inspection,2017-03-16 00:00:00,Lady Annie Operations,Metalliferous Mine - Surface,Metalliferous Mine - Surface,MMQ,Operating,Mount Isa Office,MI- Mount Isa,Northern,,,,,-19.90116,139.119139,983,,,,,,,Inspection,Closed,,,,
MI03045,Inspection,2017-03-16 00:00:00,Brolga and Canoona,Metalliferous Mine - Surface,Metalliferous Mine - Surface,MMQ,Care & Maintenance,Brisbane Office,B- Rockhampton,Southern,Greenvale Street,YABULU,QLD,4818.0,-23.03027,150.312105,984,,,,,,,Inspection - Unannounced,Closed,,,,
MI00191,Inspection,2017-03-16 00:00:00,Warwick Limestone,Metalliferous Mine - Surface,Metalliferous Mine - Surface,MMQ,Operating,Brisbane Office,B- Southern Downs,Southern,401 O'Dea's Road,Elbow Valley,QLD,4370.0,-28.39129,152.115283,985,,,,,,,Inspection,Closed,,,,
MI03527,Incident,2017-03-16 10:14:00,Haenke #3,Coal Mine - Surface,Coal Mine - Surface,COAL,Closed,Rockhampton Office,S- Ipswich,Central,4 Austin Street,NEW CHUM,QLD,4303.0,-27.63055556,152.81994,986,High Potential Incident,Vehicle,Collision with a person,,,,,,,,,
MI01648,Incident,2017-03-16 13:40:00,Dawson Mine,Coal Mine - Surface,Coal Mine - Surface,COAL,Operating,Rockhampton Office,,Central,Dawson Highway,MOURA,QLD,4718.0,-24.63169,150.06089,987,High Potential Incident,,,High potential no lost time,surface,Explosives,,,,,,
MI01258,Incident,2017-03-16 19:30:00,Saraji,Coal Mine - Surface,Coal Mine - Surface,COAL,Operating,Mackay Office,,Central,,,,,-22.42214,148.28115,988,High Potential Incident,Electrical,Cable Damage,High potential no lost time,surface,Human error/actions,,,,,,
MI01422,Incident,2017-03-16 21:30:00,Kestrel Coal Mine,Coal Mine - Underground,Coal Mine - Underground,COAL,Operating,Rockhampton Office,,,,,,,-23.26,148.30263,989,High Potential Incident,Electrical,Cable Damage,High potential no lost time,underground,Electrical equipment,,,,,,
MI00758,Inspection,2017-03-17 00:00:00,Mount Cotton Quarry,Metalliferous - Quarry,Quarry,MMQ,Operating,Brisbane Office,B- Redland,Southern,1515 Mt Cotton Road,Mt Cotton,QLD,4163.0,-27.63574,153.230404,990,,,,,,,SafeGuard Systems Audit,Closed,,,,
MI00054,Inspection,2017-03-17 00:00:00,Blackwater Mine,Coal Mine - Surface,Coal Mine - Surface,COAL,Operating,Rockhampton Office,,Central,Ardurad Road (Blackwater Rolleston Road),BLACKWATER,QLD,4717.0,-23.7697,148.87879,991,,,,,,,Inspection,Closed,,,,
MI01374,Inspection,2017-03-17 00:00:00,Gladstone Quarry,Metalliferous - Quarry,Quarry,MMQ,Operating,Brisbane Office,B- Gladstone,Southern,94 Quarry Road,YARWUN,QLD,4694.0,-23.84729,151.116054,992,,,,,,,Inspection,Closed,,,,
MI01258,Action,2017-03-17 01:49:00,Saraji,Coal Mine - Surface,Coal Mine - Surface,COAL,Operating,Mackay Office,,Central,,,,,-22.42214,148.28115,993,,,,,,,Inspection,Closed,Directive,166.0,Directive to reduce risk,1.0
MI00693,Action,2017-03-17 02:10:00,Malcolm Guy Mine,Metalliferous Mine - Surface,Metalliferous Mine - Surface,MMQ,Operating,Brisbane Office,B- Southern Downs,Southern,142 Strudwicks Road,Yangan,QLD,4370.0,-28.20291,152.209351,994,,Thermal,Fire,,,,Inspection,Closed,Substandard Condition or Practice,,,1.0
MI01648,Action,2017-03-17 05:46:00,Dawson Mine,Coal Mine - Surface,Coal Mine - Surface,COAL,Operating,Rockhampton Office,,Central,Dawson Highway,MOURA,QLD,4718.0,-24.63169,150.06089,995,,,,,,,Inspection,Closed,Directive,168.0,Directive to review safety and health management system and principal hazard management plans,1.0
MI01422,Incident,2017-03-17 07:45:00,Kestrel Coal Mine,Coal Mine - Underground,Coal Mine - Underground,COAL,Operating,Rockhampton Office,,,,,,,-23.26,148.30263,996,High Potential Incident,Electrical,Electric Shock,High potential no lost time,underground,Human error/actions,,,,,,
MI02973,Incident,2017-03-17 15:30:00,Exp - Wynberg - NR,Metalliferous Mine - Exploration,Metalliferous Mine - Surface,MMQ,Infrequent Operation,Mount Isa Office,MI- Cloncurry,Northern,,,,,,,997,High Potential Incident,Psychosocial,Other,Lost time,surface,Other,,,,,,
MI02912,Incident,2017-03-18 08:30:00,Toowoomba Regional Council,Metalliferous Quarry - Group,Quarry,MMQ,Operating,Brisbane Office,B- Toowoomba,Southern,,,,,-27.56467,151.951595,998,High Potential Incident,Vehicle,Other,High potential lost time,surface,Human error/actions,,,,,,
MI01907,Incident,2017-03-18 08:30:00,Lake Vermont,Coal Mine - Surface,Coal Mine - Surface,COAL,Operating,Mackay Office,,,,,,,-22.47,148.40803,999,High Potential Incident,Electrical,Electric Shock,High potential no lost time,surface,Electrical equipment,,,,,,
MI00159,Incident,2017-03-18 23:20:00,Curragh Mine,Coal Mine - Surface,Coal Mine - Surface,COAL,Operating,Rockhampton Office,,,,,,,-23.49741,148.84478,1000,High Potential Incident,Electrical,Cable Damage,High potential no lost time,surface,Moving vehicles/equipment,,,,,,
MI02976,Incident,2017-03-19 03:45:00,Grosvenor Coal Mine,Coal Mine - Underground,Coal Mine - Underground,COAL,Operating,Mackay Office,C- Moranbah,Central,Ground Floor 201 Charlotte Street,Brisbane,QLD,4001.0,-21.97533,148.00995,1001,Serious Accident,Chemical,Polymeric Chemicals/Solvents,High potential lost time,underground,Pressured storage systems,,,,,,
MI01546,Incident,2017-03-19 07:45:00,George Fisher Mine,Metalliferous Mine - Underground,Metalliferous Mine - Underground,MMQ,Operating,Mount Isa Office,,,,,,,-20.57,139.47761,1002,High Potential Incident,Gravity,Fall of equipment/material,High potential no lost time,underground,Falling/flying material/objects,,,,,,
MI01258,Incident,2017-03-19 09:40:00,Saraji,Coal Mine - Surface,Coal Mine - Surface,COAL,Operating,Mackay Office,,Central,,,,,-22.42214,148.28115,1003,High Potential Incident,Vehicle,Collision with a built or natural structure,High potential no lost time,surface,Human error/actions,,,,,,
MI00809,Incident,2017-03-19 14:55:00,Mt Isa - Lead & Zinc Concentrator,Metalliferous - Minerals Processing,Metalliferous Mine - Surface,MMQ,Operating,Mount Isa Office,MI- Mount Isa,Northern,,,,,-20.72219,139.481114,1004,High Potential Incident,Biological,Other,High potential no lost time,surface,Other,,,,,,
MI00772,Incident,2017-03-19 16:00:00,Mount Rawdon,Metalliferous Mine - Surface,Metalliferous Mine - Surface,MMQ,Operating,Brisbane Office,,,,,,,-25.27,151.75833,1005,High Potential Incident,Mechanical,Struck by projectile,High potential no lost time,surface,Falling/flying material/objects,,,,,,
MI00594,Incident,2017-03-19 21:20:00,Hail Creek,Coal Mine - Surface,Coal Mine - Surface,COAL,Operating,Mackay Office,,,,,,,-21.5,148.34391,1006,High Potential Incident,Thermal,Fire,High potential no lost time,surface,Fire(s),,,,,,
MI00758,Inspection,2017-03-20 00:00:00,Mount Cotton Quarry,Metalliferous - Quarry,Quarry,MMQ,Operating,Brisbane Office,B- Redland,Southern,1515 Mt Cotton Road,Mt Cotton,QLD,4163.0,-27.63574,153.230404,1007,,,,,,,Inspection,Closed,,,,
MI00711,Incident,2017-03-20 01:40:00,Meandu Mine,Coal Mine - Surface,Coal Mine - Surface,COAL,Operating,Rockhampton Office,S- South Burnett,Central,Nobby Smith Way,NANANGO,QLD,4615.0,-26.79393,151.89872,1008,High Potential Incident,Thermal,Fire,High potential no lost time,surface,Fire(s),,,,,,
MI01258,Action,2017-03-20 10:33:00,Saraji,Coal Mine - Surface,Coal Mine - Surface,COAL,Operating,Mackay Office,,Central,,,,,-22.42214,148.28115,1009,,,,,,,Inspection,Closed,Recommendation,,,2.0
MI01258,Action,2017-03-20 10:37:00,Saraji,Coal Mine - Surface,Coal Mine - Surface,COAL,Operating,Mackay Office,,Central,,,,,-22.42214,148.28115,1010,,,,,,,Inspection,Closed,Substandard Condition or Practice,,,3.0
MI01258,Action,2017-03-20 10:42:00,Saraji,Coal Mine - Surface,Coal Mine - Surface,COAL,Operating,Mackay Office,,Central,,,,,-22.42214,148.28115,1011,,,,,,,Inspection,Closed,Substandard Condition or Practice,,,4.0
MI01705,Incident,2017-03-20 10:45:00,Poitrel Mine,Coal Mine - Surface,Coal Mine - Surface,COAL,Operating,Mackay Office,,Central,"Millennium Access Road
Peak Downs Highway",Moranbah,QLD,4744.0,-22.04109,148.26048,1012,High Potential Incident,,,High potential no lost time,surface,Explosives,,,,,,
MI00594,Incident,2017-03-20 10:55:00,Hail Creek,Coal Mine - Surface,Coal Mine - Surface,COAL,Operating,Mackay Office,,,,,,,-21.5,148.34391,1013,High Potential Incident,Vehicle,Collision with another vehicle,High potential no lost time,surface,Moving vehicles/equipment,,,,,,
MI01540,Incident,2017-03-20 16:30:00,Ensham Mine,Coal Mine - Surface,Coal Mine - Surface,COAL,Operating,Rockhampton Office,,,,,,,-23.48,148.52054,1014,High Potential Incident,Thermal,Fire,High potential no lost time,surface,Fire(s),,,,,,
MI01150,Incident,2017-03-20 17:05:00,Newlands Mine - Open Cut,Coal Mine - Surface,Coal Mine - Surface,COAL,Operating,Mackay Office,,Central,Newlands Access Road,Via Glenden,QLD,4743.0,-21.21217,147.88636,1015,High Potential Incident,Extreme Weather,Lightning,High potential no lost time,surface,High voltage source/lightning,,,,,,
MI00631,Incident,2017-03-20 17:25:00,Jellinbah East Mine,Coal Mine - Surface,Coal Mine - Surface,COAL,Operating,Rockhampton Office,,Central,,BLUFF,QLD,4702.0,-23.38814,148.96074,1016,High Potential Incident,Thermal,Fire,High potential no lost time,surface,Fire(s),,,,,,
MI00568,Incident,2017-03-20 22:00:00,Goonyella Riverside,Coal Mine - Surface,Coal Mine - Surface,COAL,Operating,Mackay Office,,Central,,,,,-21.7581,147.95235,1017,High Potential Incident,Electrical,Other,High potential no lost time,surface,Electrical equipment,,,,,,
MI01547,Incident,2017-03-20 22:01:00,Broadmeadow Mine,Coal Mine - Underground,Coal Mine - Underground,COAL,Operating,Mackay Office,,,,,,,-21.83,147.97998,1018,High Potential Incident,Electrical,Withdrawal due to power failurer,High potential no lost time,underground,Flammable liquids/gases,,,,,,
MI03659,Inspection,2017-03-21 00:00:00,Mount Lucy,Metalliferous Mine - Surface,Metalliferous Mine - Surface,MMQ,Care & Maintenance,Townsville Office,T- Chilligoe,Northern,,,,,-17.3458,144.63739,1019,,,,,,,Inspection - Unannounced,Closed,,,,
MI00557,Inspection,2017-03-21 00:00:00,Glasshouse Quarry,Metalliferous - Quarry,Quarry,MMQ,Operating,Brisbane Office,B- Sunshine Coast,Southern,,,,,-26.91286,152.922304,1020,,,,,,,Inspection,Closed,,,,
MI02362,Inspection,2017-03-21 00:00:00,Walkerston Quarry,Metalliferous - Quarry,Quarry,MMQ,Care & Maintenance,Townsville Office,C- Mackay,Northern,Silingardies Road,Walkerston,QLD,4751.0,-21.17375,149.065763,1021,,,,,,,Inspection,Closed,,,,
MI00181,Inspection,2017-03-21 00:00:00,Dundowran West Quarry,Metalliferous - Quarry,Quarry,MMQ,Operating,Brisbane Office,B- Fraser Coast,Southern,,,,,-25.30993,152.740782,1022,,,,,,,SafeGuard Systems Audit,Closed,,,,
MI02103,Inspection,2017-03-21 00:00:00,Mount Carlton,Metalliferous Mine - Surface,Metalliferous Mine - Surface,MMQ,Care & Maintenance,Townsville Office,T- Prosperpine / Bowen,Northern,"Tondara Road,",Bogie,QLD,4805.0,-20.27261,147.54583,1023,,,,,,,Inspection,Closed,,,,
MI01422,Inspection,2017-03-21 00:00:00,Kestrel Coal Mine,Coal Mine - Underground,Coal Mine - Underground,COAL,Operating,Rockhampton Office,,,,,,,-23.26,148.30263,1024,,,,,,,Inspection,Closed,,,,
MI01708,Inspection,2017-03-21 00:00:00,Mungana Underground,Metalliferous Mine - Underground,Metalliferous Mine - Underground,MMQ,Care & Maintenance,Townsville Office,T- Chilligoe,Northern,,,,,-17.10654,144.38406,1025,,,,,,,Inspection,Closed,,,,
MI00636,Inspection,2017-03-21 00:00:00,Jimbour Quarry,Metalliferous - Quarry,Quarry,MMQ,Operating,Brisbane Office,B- Western Downs,Southern,Jimbour Station Rd,Jimbour East,QLD,4406.0,-26.9688,151.287753,1026,,,,,,,Inspection,Closed,,,,
MI02139,Inspection,2017-03-21 00:00:00,Cameby Downs Coal Mine,Coal Mine - Surface,Coal Mine - Surface,COAL,Operating,Rockhampton Office,S- Western Downs,Central,260 Ryalls Road,MILES,QLD,4415.0,-26.6469,150.333875,1027,,,,,,,Inspection,Closed,,,,
MI02077,Inspection,2017-03-21 00:00:00,Mungana Plant,Metalliferous - Minerals Processing,Metalliferous Mine - Surface,MMQ,Care & Maintenance,Townsville Office,T- Chilligoe,Northern,,,,,-17.10936,144.38471,1028,,,,,,,Inspection,Closed,,,,
MI02103,Inspection,2017-03-21 00:00:00,Mount Carlton,Metalliferous Mine - Surface,Metalliferous Mine - Surface,MMQ,Care & Maintenance,Townsville Office,T- Prosperpine / Bowen,Northern,"Tondara Road,",Bogie,QLD,4805.0,-20.27261,147.54583,1029,,,,,,,Inspection,Closed,,,,
MI00092,Incident,2017-03-21 04:00:00,Callide Mine,Coal Mine - Surface,Coal Mine - Surface,COAL,Operating,Rockhampton Office,,Central,Biloela Callide Road,BILOELA,QLD,4715.0,-24.3276,150.61872,1030,High Potential Incident,Mechanical,Structural failure,High potential no lost time,surface,Falling/flying material/objects,,,,,,
MI02952,Incident,2017-03-21 09:30:00,Caval Ridge Mine,Coal Mine - Surface,Coal Mine - Surface,COAL,Operating,Mackay Office,C- Mackay,Central,,,,,-22.15615,148.05892,1031,High Potential Incident,,,High potential no lost time,surface,Explosives,,,,,,
MI02952,Incident,2017-03-21 09:30:00,Caval Ridge Mine,Coal Mine - Surface,Coal Mine - Surface,COAL,Operating,Mackay Office,C- Mackay,Central,,,,,-22.15615,148.05892,1032,High Potential Incident,Explosives,Explosives - Misfire identified after firing,High potential no lost time,surface,Explosives,,,,,,
MI00797,Incident,2017-03-21 10:40:00,Mt Isa - Copper Smelter,Metalliferous - Minerals Processing,Metalliferous Mine - Surface,MMQ,Operating,Mount Isa Office,MI- Mount Isa,Northern,,,,,-20.72921,139.484131,1033,High Potential Incident,Thermal,Molten metal/material,High potential no lost time,surface,Hot liquids/materials,,,,,,
MI00772,Action,2017-03-21 11:32:00,Mount Rawdon,Metalliferous Mine - Surface,Metalliferous Mine - Surface,MMQ,Operating,Brisbane Office,,,,,,,-25.27,151.75833,1034,,Non Hazard Specific,Procedures,,,,Inspection,Closed,Substandard Condition or Practice,,,1.0
MI00772,Action,2017-03-21 12:34:00,Mount Rawdon,Metalliferous Mine - Surface,Metalliferous Mine - Surface,MMQ,Operating,Brisbane Office,,,,,,,-25.27,151.75833,1035,,Non Hazard Specific,Other,,,,Inspection,Closed,Substandard Condition or Practice,,,2.0
MI00749,Incident,2017-03-21 13:10:00,Moorvale Mine,Coal Mine - Surface,Coal Mine - Surface,COAL,Operating,Mackay Office,,,,,,,-21.9697,148.37113,1036,High Potential Incident,Electrical,Electric Shock,High potential no lost time,surface,Electrical equipment,,,,,,
MI00577,Inspection,2017-03-22 00:00:00,Gregory Mine,Coal Mine - Surface,Coal Mine - Surface,COAL,Closed,Rockhampton Office,,Central,,,,,-23.15238,148.39274,1037,,,,,,,Inspection,Closed,,,,
MI00582,Inspection,2017-03-22 00:00:00,Grosvenor Quarry,Metalliferous - Quarry,Quarry,MMQ,Operating,Townsville Office,C- Moranbah,Northern,,,,,-22.0432,148.065457,1038,,,,,,,Inspection,Closed,,,,
MI01215,Inspection,2017-03-22 00:00:00,Huston Road Quarry,Metalliferous - Quarry,Quarry,MMQ,Operating,Brisbane Office,B- Western Downs,Southern,Huston Road,Dalby,QLD,4405.0,-27.07277778,151.27361,1039,,,,,,,Inspection,Closed,,,,
MI00685,Inspection,2017-03-22 00:00:00,Rankins Quarry,Metalliferous - Quarry,Quarry,MMQ,Care & Maintenance,Townsville Office,C- Middlemount,Northern,Lot Cluen Access Road,Dysart,QLD,4745.0,-22.47233,148.168407,1040,,,,,,,Inspection,Closed,,,,
MI01659,Inspection,2017-03-22 00:00:00,Kogan Creek Mine,Coal Mine - Surface,Coal Mine - Surface,COAL,Operating,Rockhampton Office,S- Western Downs,Central,Smith's Road via Brigalow,KOGAN,QLD,4406.0,-26.92716,150.780779,1041,,,,,,,Inspection,Closed,,,,
MI01422,Inspection,2017-03-22 00:00:00,Kestrel Coal Mine,Coal Mine - Underground,Coal Mine - Underground,COAL,Operating,Rockhampton Office,,,,,,,-23.26,148.30263,1042,,,,,,,Inspection,Closed,,,,
MI02973,Inspection,2017-03-22 00:00:00,Exp - Wynberg - NR,Metalliferous Mine - Exploration,Metalliferous Mine - Surface,MMQ,Infrequent Operation,Mount Isa Office,MI- Cloncurry,Northern,,,,,,,1043,,,,,,,Inspection,Closed,,,,
MI00153,Inspection,2017-03-22 00:00:00,Crinum Mine,Coal Mine - Underground,Coal Mine - Underground,COAL,Operating,Rockhampton Office,C- Emerald,Central,2787 Lilyvale Road,CAPELLA,QLD,4723.0,-23.20949,148.32058,1044,,,,,,,Inspection,Closed,,,,
MI01162,Inspection,2017-03-22 00:00:00,Oaky Creek No. 1 Colliery,Coal Mine - Underground,Coal Mine - Underground,COAL,Closed,Rockhampton Office,,Central,,,,,-23.07071,148.49695,1045,,,,,,,Inspection,Closed,,,,
MI00111,Inspection,2017-03-22 00:00:00,Cedars Quarry,Metalliferous - Quarry,Quarry,MMQ,Operating,Townsville Office,C- Mackay,Northern,,,,,-21.08828,149.13296,1046,,,,,,,Inspection,Closed,,,,
MI01459,Incident,2017-03-22 01:30:00,Grasstree Mine,Coal Mine - Underground,Coal Mine - Underground,COAL,Operating,Rockhampton Office,,Central,,,,,-22.98885,148.57943,1047,High Potential Incident,Electrical,Cable Damage,High potential no lost time,underground,Restricted visibility,,,,,,
MI01907,Action,2017-03-22 03:19:00,Lake Vermont,Coal Mine - Surface,Coal Mine - Surface,COAL,Operating,Mackay Office,,,,,,,-22.47,148.40803,1048,,,,,,,Inspection,Closed,Recommendation,,,1.0
MI01907,Action,2017-03-22 03:21:00,Lake Vermont,Coal Mine - Surface,Coal Mine - Surface,COAL,Operating,Mackay Office,,,,,,,-22.47,148.40803,1049,,,,,,,Inspection,Closed,Recommendation,,,2.0
MI01907,Action,2017-03-22 03:28:00,Lake Vermont,Coal Mine - Surface,Coal Mine - Surface,COAL,Operating,Mackay Office,,,,,,,-22.47,148.40803,1050,,,,,,,Inspection,Closed,Substandard Condition or Practice,,,3.0
MI01907,Action,2017-03-22 03:47:00,Lake Vermont,Coal Mine - Surface,Coal Mine - Surface,COAL,Operating,Mackay Office,,,,,,,-22.47,148.40803,1051,,,,,,,Inspection,Closed,Substandard Condition or Practice,,,4.0
MI00750,Incident,2017-03-22 07:30:00,Moranbah North,Coal Mine - Underground,Coal Mine - Underground,COAL,Operating,Mackay Office,C- Moranbah,Central,1164 Goonyella Road,Moranbah,QLD,4744.0,-21.88576,147.96564,1052,High Potential Incident,Electrical,Other,High potential no lost time,underground,Human error/actions,,,,,,
MI00749,Incident,2017-03-22 07:40:00,Moorvale Mine,Coal Mine - Surface,Coal Mine - Surface,COAL,Operating,Mackay Office,,,,,,,-21.9697,148.37113,1053,High Potential Incident,Mechanical,Lifting,High potential no lost time,surface,Falling/flying material/objects,,,,,,
MI00150,Action,2017-03-22 10:05:00,Cracow Mine,Metalliferous Mine - Underground,Metalliferous Mine - Underground,MMQ,Operating,Brisbane Office,,,,,,,-25.3,150.28919,1054,,Non Hazard Specific,Training,,,,Inspection,Closed,Substandard Condition or Practice,,,2.0
MI00150,Action,2017-03-22 10:10:00,Cracow Mine,Metalliferous Mine - Underground,Metalliferous Mine - Underground,MMQ,Operating,Brisbane Office,,,,,,,-25.3,150.28919,1055,,Chemical,Exposure to other chemicals,,,,Inspection,Closed,Substandard Condition or Practice,,,3.0
MI01649,Action,2017-03-22 11:54:00,Isaac Plains,Coal Mine - Surface,Coal Mine - Surface,COAL,Operating,Mackay Office,,Central,10167 Peak Downs Highway,Coppabella,QLD,4741.0,-21.96206,148.10705,1056,,,,,,,Inspection,Closed,Recommendation,,,1.0
MI01649,Action,2017-03-22 12:05:00,Isaac Plains,Coal Mine - Surface,Coal Mine - Surface,COAL,Operating,Mackay Office,,Central,10167 Peak Downs Highway,Coppabella,QLD,4741.0,-21.96206,148.10705,1057,,,,,,,Inspection,Closed,Recommendation,,,2.0
MI01649,Action,2017-03-22 12:08:00,Isaac Plains,Coal Mine - Surface,Coal Mine - Surface,COAL,Operating,Mackay Office,,Central,10167 Peak Downs Highway,Coppabella,QLD,4741.0,-21.96206,148.10705,1058,,,,,,,Inspection,Closed,Substandard Condition or Practice,,,3.0
MI01649,Action,2017-03-22 12:20:00,Isaac Plains,Coal Mine - Surface,Coal Mine - Surface,COAL,Operating,Mackay Office,,Central,10167 Peak Downs Highway,Coppabella,QLD,4741.0,-21.96206,148.10705,1059,,,,,,,Inspection,Closed,Recommendation,,,4.0
MI00750,Incident,2017-03-22 19:30:00,Moranbah North,Coal Mine - Underground,Coal Mine - Underground,COAL,Operating,Mackay Office,C- Moranbah,Central,1164 Goonyella Road,Moranbah,QLD,4744.0,-21.88576,147.96564,1060,High Potential Incident,Electrical,Explosion protected equipment failure,High potential no lost time,underground,Electrical equipment,,,,,,
MI00766,Inspection,2017-03-23 00:00:00,Mount Marrow Quarry,Metalliferous - Quarry,Quarry,MMQ,Operating,Brisbane Office,B- Ipswich,Southern,,,,,-27.59233,152.624209,1061,,,,,,,SafeGuard Systems Audit,Closed,,,,
MI01271,Inspection,2017-03-23 00:00:00,Sippy Creek Quarry,Metalliferous - Quarry,Quarry,MMQ,Closed,Brisbane Office,B- Sunshine Coast,Southern,110 Sippy Creek Road & Bruce Hghway,Tanawha,QLD,4556.0,-26.73095,153.038326,1062,,,,,,,Inspection,Closed,,,,
MI00766,Inspection,2017-03-23 00:00:00,Mount Marrow Quarry,Metalliferous - Quarry,Quarry,MMQ,Operating,Brisbane Office,B- Ipswich,Southern,,,,,-27.59233,152.624209,1063,,,,,,,Inspection,Closed,,,,
MI00254,Inspection,2017-03-23 00:00:00,Foxleigh Mine,Coal Mine - Surface,Coal Mine - Surface,COAL,Operating,Rockhampton Office,,Central,Dysart-Middlemount Road,MIDDLEMOUNT,QLD,4746.0,-22.9836,148.77829,1064,,,,,,,Inspection,Closed,,,,
MI01146,Inspection,2017-03-23 00:00:00,New Acland,Coal Mine - Surface,Coal Mine - Surface,COAL,Operating,Rockhampton Office,S- Toowoomba,Central,Cherrys Road,MULDU,QLD,4401.0,-27.27034,151.699331,1065,,,,,,,Inspection,Closed,,,,
MI01708,Action,2017-03-23 01:21:00,Mungana Underground,Metalliferous Mine - Underground,Metalliferous Mine - Underground,MMQ,Care & Maintenance,Townsville Office,T- Chilligoe,Northern,,,,,-17.10654,144.38406,1066,,Mechanical,Other,,,,Inspection,Closed,Substandard Condition or Practice,,,1.0
MI01708,Action,2017-03-23 01:45:00,Mungana Underground,Metalliferous Mine - Underground,Metalliferous Mine - Underground,MMQ,Care & Maintenance,Townsville Office,T- Chilligoe,Northern,,,,,-17.10654,144.38406,1067,,Vehicle,Other,,,,Inspection,Closed,Substandard Condition or Practice,,,2.0
MI01258,Incident,2017-03-23 04:30:00,Saraji,Coal Mine - Surface,Coal Mine - Surface,COAL,Operating,Mackay Office,,Central,,,,,-22.42214,148.28115,1068,High Potential Incident,Pressure,Tyre rim failure/rupture,High potential no lost time,surface,Moving vehicles/equipment,,,,,,
MI01649,Action,2017-03-23 11:07:00,Isaac Plains,Coal Mine - Surface,Coal Mine - Surface,COAL,Operating,Mackay Office,,Central,10167 Peak Downs Highway,Coppabella,QLD,4741.0,-21.96206,148.10705,1069,,,,,,,Inspection,Closed,Substandard Condition or Practice,,,1.0
MI01649,Action,2017-03-23 11:10:00,Isaac Plains,Coal Mine - Surface,Coal Mine - Surface,COAL,Operating,Mackay Office,,Central,10167 Peak Downs Highway,Coppabella,QLD,4741.0,-21.96206,148.10705,1070,,,,,,,Inspection,Closed,Recommendation,,,2.0
MI01649,Action,2017-03-23 11:13:00,Isaac Plains,Coal Mine - Surface,Coal Mine - Surface,COAL,Operating,Mackay Office,,Central,10167 Peak Downs Highway,Coppabella,QLD,4741.0,-21.96206,148.10705,1071,,,,,,,Inspection,Closed,Recommendation,,,3.0
MI01649,Action,2017-03-23 11:16:00,Isaac Plains,Coal Mine - Surface,Coal Mine - Surface,COAL,Operating,Mackay Office,,Central,10167 Peak Downs Highway,Coppabella,QLD,4741.0,-21.96206,148.10705,1072,,,,,,,Inspection,Closed,Recommendation,,,4.0
MI01190,Incident,2017-03-23 11:30:00,Peak Downs,Coal Mine - Surface,Coal Mine - Surface,COAL,Operating,Mackay Office,,Central,,,,,-22.25686,148.17664,1073,High Potential Incident,Electrical,Electric Shock,High potential no lost time,surface,Electrical equipment,,,,,,
MI02813,Inspection,2017-03-24 00:00:00,Brendale Sand & Gravel,Metalliferous - Quarry,Quarry,MMQ,Operating,Brisbane Office,B- Brisbane,Southern,Johnstone Road,Brendale,QLD,4500.0,-27.32266,152.994104,1074,,,,,,,Inspection,Closed,,,,
MI01865,Inspection,2017-03-24 00:00:00,Middlemount Mine,Coal Mine - Surface,Coal Mine - Surface,COAL,Operating,Rockhampton Office,C- Emerald,Central,Dysart Road,MIDDLEMOUNT,QLD,4746.0,-22.88143889,148.63889,1075,,,,,,,Inspection,Closed,,,,
MI01546,Inspection,2017-03-24 00:00:00,George Fisher Mine,Metalliferous Mine - Underground,Metalliferous Mine - Underground,MMQ,Operating,Mount Isa Office,,,,,,,-20.57,139.47761,1076,,,,,,,Inspection,Closed,,,,
MI00094,Inspection,2017-03-24 00:00:00,Cannington Mine,Metalliferous Mine - Underground,Metalliferous Mine - Underground,MMQ,Operating,Mount Isa Office,,,,,,,-21.86,140.91861,1077,,,,,,,Inspection,Closed,,,,
MI01540,Incident,2017-03-24 04:50:00,Ensham Mine,Coal Mine - Surface,Coal Mine - Surface,COAL,Operating,Rockhampton Office,,,,,,,-23.48,148.52054,1078,High Potential Incident,Vehicle,Other,High potential no lost time,surface,Human error/actions,,,,,,
MI00591,Action,2017-03-24 08:29:00,Orbelo Rehabilitation Project,Metalliferous - Minerals Processing,Metalliferous Mine - Surface,MMQ,Operating,Brisbane Office,B- Gympie,Southern,139 Noosa Rd,Monkland,QLD,4570.0,-26.21329,152.70618,1079,,Non Hazard Specific,Emergency response,,,,Inspection - Weekend or Backshift,Closed,Substandard Condition or Practice,,,1.0
MI00631,Action,2017-03-24 08:42:00,Jellinbah East Mine,Coal Mine - Surface,Coal Mine - Surface,COAL,Operating,Rockhampton Office,,Central,,BLUFF,QLD,4702.0,-23.38814,148.96074,1080,,,,,,,Inspection,Closed,Recommendation,,,1.0
MI00631,Action,2017-03-24 08:47:00,Jellinbah East Mine,Coal Mine - Surface,Coal Mine - Surface,COAL,Operating,Rockhampton Office,,Central,,BLUFF,QLD,4702.0,-23.38814,148.96074,1081,,,,,,,Inspection,Closed,Substandard Condition or Practice,,,2.0
MI00631,Action,2017-03-24 08:51:00,Jellinbah East Mine,Coal Mine - Surface,Coal Mine - Surface,COAL,Operating,Rockhampton Office,,Central,,BLUFF,QLD,4702.0,-23.38814,148.96074,1082,,,,,,,Inspection,Closed,Recommendation,,,3.0
MI00591,Action,2017-03-24 08:56:00,Orbelo Rehabilitation Project,Metalliferous - Minerals Processing,Metalliferous Mine - Surface,MMQ,Operating,Brisbane Office,B- Gympie,Southern,139 Noosa Rd,Monkland,QLD,4570.0,-26.21329,152.70618,1083,,Non Hazard Specific,Emergency response,,,,Inspection - Weekend or Backshift,Closed,Substandard Condition or Practice,,,2.0
MI00591,Action,2017-03-24 09:00:00,Orbelo Rehabilitation Project,Metalliferous - Minerals Processing,Metalliferous Mine - Surface,MMQ,Operating,Brisbane Office,B- Gympie,Southern,139 Noosa Rd,Monkland,QLD,4570.0,-26.21329,152.70618,1084,,Non Hazard Specific,Emergency response,,,,Inspection - Weekend or Backshift,Closed,Substandard Condition or Practice,,,3.0
MI00591,Action,2017-03-24 09:10:00,Orbelo Rehabilitation Project,Metalliferous - Minerals Processing,Metalliferous Mine - Surface,MMQ,Operating,Brisbane Office,B- Gympie,Southern,139 Noosa Rd,Monkland,QLD,4570.0,-26.21329,152.70618,1085,,Non Hazard Specific,Risk management,,,,Inspection - Weekend or Backshift,Closed,Directive,163.0,Directive to reduce risk,4.0
MI00685,Action,2017-03-24 09:48:00,Rankins Quarry,Metalliferous - Quarry,Quarry,MMQ,Care & Maintenance,Townsville Office,C- Middlemount,Northern,Lot Cluen Access Road,Dysart,QLD,4745.0,-22.47233,148.168407,1086,,Mechanical,Entangled in rotating plant,,,,Inspection,Closed,Directive,164.0,Directive to suspend operations for unacceptable level of risk,1.0
MI03427,Action,2017-03-24 10:28:00,Jellinbah Plains,Coal Mine - Surface,Coal Mine - Surface,COAL,Closed,Rockhampton Office,,Central,Fitzroy Development Road,BLUFF,QLD,4702.0,-23.32663,148.92329,1087,,,,,,,Inspection,Closed,Substandard Condition or Practice,,,1.0
MI03427,Action,2017-03-24 10:37:00,Jellinbah Plains,Coal Mine - Surface,Coal Mine - Surface,COAL,Closed,Rockhampton Office,,Central,Fitzroy Development Road,BLUFF,QLD,4702.0,-23.32663,148.92329,1088,,,,,,,Inspection,Closed,Substandard Condition or Practice,,,2.0
MI03427,Action,2017-03-24 10:44:00,Jellinbah Plains,Coal Mine - Surface,Coal Mine - Surface,COAL,Closed,Rockhampton Office,,Central,Fitzroy Development Road,BLUFF,QLD,4702.0,-23.32663,148.92329,1089,,,,,,,Inspection,Closed,Substandard Condition or Practice,,,3.0
MI00159,Incident,2017-03-24 12:30:00,Curragh Mine,Coal Mine - Surface,Coal Mine - Surface,COAL,Operating,Rockhampton Office,,,,,,,-23.49741,148.84478,1090,Serious Accident,Gravity,Fall of people,Lost time,surface,Falling/flying material/objects,,,,,,
MI01404,Incident,2017-03-24 22:09:00,Oaky North Mine,Coal Mine - Underground,Coal Mine - Underground,COAL,Operating,Rockhampton Office,,Central,Oaky Creek Mine Access Road,LILYVALE,QLD,4723.0,-23.03935,148.53987,1091,High Potential Incident,Electrical,Withdrawal due to power failurer,High potential no lost time,surface,Other,,,,,,
MI01573,Incident,2017-03-25 02:00:00,South Walker Creek,Coal Mine - Surface,Coal Mine - Surface,COAL,Operating,Mackay Office,,Central,Via Peak Downs Highway,Nebo,QLD,4744.0,-21.77801,148.48194,1092,High Potential Incident,Thermal,Fire,High potential no lost time,surface,Fire(s),,,,,,
MI01190,Incident,2017-03-25 05:30:00,Peak Downs,Coal Mine - Surface,Coal Mine - Surface,COAL,Operating,Mackay Office,,Central,,,,,-22.25686,148.17664,1093,High Potential Incident,Vehicle,Collision with another vehicle,High potential no lost time,surface,Human error/actions,,,,,,
MI01648,Incident,2017-03-25 06:00:00,Dawson Mine,Coal Mine - Surface,Coal Mine - Surface,COAL,Operating,Rockhampton Office,,Central,Dawson Highway,MOURA,QLD,4718.0,-24.63169,150.06089,1094,High Potential Incident,Vehicle,Unplanned movement of equipment (eg CM),High potential no lost time,surface,Fatigue,,,,,,
MI01569,Incident,2017-03-25 17:15:00,Rolleston Mine,Coal Mine - Surface,Coal Mine - Surface,COAL,Operating,Rockhampton Office,,,,,,,-24.44,148.41844,1095,High Potential Incident,Pressure,Other,High potential no lost time,surface,Falling/flying material/objects,,,,,,
MI00094,Incident,2017-03-26 00:00:00,Cannington Mine,Metalliferous Mine - Underground,Metalliferous Mine - Underground,MMQ,Operating,Mount Isa Office,,,,,,,-21.86,140.91861,1096,High Potential Incident,Thermal,Fire,High potential no lost time,underground,Hot liquids/materials,,,,,,
MI01432,Incident,2017-03-26 09:45:00,Yarrabee Mine,Coal Mine - Surface,Coal Mine - Surface,COAL,Operating,Rockhampton Office,,Central,Boonal Haul Road,BLACKWATER,QLD,4717.0,-23.27349,149.02261,1097,High Potential Incident,Thermal,Fire,High potential no lost time,surface,Fire(s),,,,,,
MI01409,Incident,2017-03-26 11:30:00,Narangba Quarry,Metalliferous - Quarry,Quarry,MMQ,Operating,Brisbane Office,B- Moreton Bay,Southern,Raynbird Road,Narangba,QLD,4504.0,-27.17706,152.883439,1098,High Potential Incident,Explosives,Misfire,High potential no lost time,surface,Explosives,,,,,,
MI00092,Incident,2017-03-26 11:30:00,Callide Mine,Coal Mine - Surface,Coal Mine - Surface,COAL,Operating,Rockhampton Office,,Central,Biloela Callide Road,BILOELA,QLD,4715.0,-24.3276,150.61872,1099,Serious Accident,Mechanical,Caught in nip point,High potential lost time,surface,Human error/actions,,,,,,
MI01432,Incident,2017-03-26 13:30:00,Yarrabee Mine,Coal Mine - Surface,Coal Mine - Surface,COAL,Operating,Rockhampton Office,,Central,Boonal Haul Road,BLACKWATER,QLD,4717.0,-23.27349,149.02261,1100,Serious Accident,Mechanical,Crushed between a load and a structure,High potential no lost time,surface,Human error/actions,,,,,,
MI01648,Incident,2017-03-26 14:00:00,Dawson Mine,Coal Mine - Surface,Coal Mine - Surface,COAL,Operating,Rockhampton Office,,Central,Dawson Highway,MOURA,QLD,4718.0,-24.63169,150.06089,1101,High Potential Incident,Thermal,Fire,High potential no lost time,surface,Fire(s),,,,,,
MI00150,Incident,2017-03-27 03:30:00,Cracow Mine,Metalliferous Mine - Underground,Metalliferous Mine - Underground,MMQ,Operating,Brisbane Office,,,,,,,-25.3,150.28919,1102,High Potential Incident,Chemical,Exposure to other chemicals,High potential no lost time,underground,Other,,,,,,
MI00159,Incident,2017-03-27 15:38:00,Curragh Mine,Coal Mine - Surface,Coal Mine - Surface,COAL,Operating,Rockhampton Office,,,,,,,-23.49741,148.84478,1103,High Potential Incident,Mechanical,Unplanned movement of equipment (eg CM),High potential no lost time,surface,Moving components/parts,,,,,,
MI00159,Incident,2017-03-27 18:15:00,Curragh Mine,Coal Mine - Surface,Coal Mine - Surface,COAL,Operating,Rockhampton Office,,,,,,,-23.49741,148.84478,1104,High Potential Incident,Gravity,Fall of equipment/material,High potential no lost time,surface,Falling/flying material/objects,,,,,,
MI02672,Inspection,2017-03-28 00:00:00,Goomeri Quarry,Metalliferous - Quarry,Quarry,MMQ,Operating,Brisbane Office,B- South Burnett,Southern,5167 Burnett Highway,Goomeri,QLD,4601.0,-26.25647,152.067711,1105,,,,,,,Inspection,Closed,,,,
MI00743,Inspection,2017-03-28 00:00:00,Montgomery Mine,Metalliferous Mine - Surface,Metalliferous Mine - Surface,MMQ,Care & Maintenance,Brisbane Office,B- Lockyer Valley,Southern,"Lot 1
Airforce Road",Helidon,QLD,4344.0,-27.50058,152.099525,1106,,,,,,,Inspection,Closed,,,,
MI03597,Inspection,2017-03-28 00:00:00,Lockyer Quarry,Metalliferous - Quarry,Quarry,MMQ,Care & Maintenance,Brisbane Office,B- Lockyer Valley,Southern,Lot 97 Dry Gully Road,Mt Whitestone,QLD,,-27.68944444,152.17591,1107,,,,,,,Inspection,Closed,,,,
MI03086,Inspection,2017-03-28 00:00:00,Exp - Double R Mining - BR - Coleyville Quarry,Metalliferous Quarry - Exploration,Quarry,MMQ,Closed,Brisbane Office,B- Scenic Rim,Southern,Recherche Ranch,Coleyville,QLD,4307.0,0.0,0.0,1108,,,,,,,Inspection,Closed,,,,
MI01263,Inspection,2017-03-28 00:00:00,Shamrock Gold Mine,Metalliferous Mine - Surface,Metalliferous Mine - Surface,MMQ,Care & Maintenance,Brisbane Office,B- Gympie,Southern,,,,,-26.22223,152.276286,1109,,,,,,,Inspection,Closed,,,,
MI01215,Action,2017-03-28 01:22:00,Huston Road Quarry,Metalliferous - Quarry,Quarry,MMQ,Operating,Brisbane Office,B- Western Downs,Southern,Huston Road,Dalby,QLD,4405.0,-27.07277778,151.27361,1110,,Electrical,Other,,,,Inspection,Closed,Substandard Condition or Practice,,,1.0
MI01215,Action,2017-03-28 01:31:00,Huston Road Quarry,Metalliferous - Quarry,Quarry,MMQ,Operating,Brisbane Office,B- Western Downs,Southern,Huston Road,Dalby,QLD,4405.0,-27.07277778,151.27361,1111,,Pressure,Failure of pressure vessel (eg cylinder - hose - accumulator),,,,Inspection,Closed,Substandard Condition or Practice,,,2.0
MI01215,Action,2017-03-28 01:44:00,Huston Road Quarry,Metalliferous - Quarry,Quarry,MMQ,Operating,Brisbane Office,B- Western Downs,Southern,Huston Road,Dalby,QLD,4405.0,-27.07277778,151.27361,1112,,Mechanical,Other,,,,Inspection,Closed,Substandard Condition or Practice,,,3.0
MI00758,Action,2017-03-28 03:08:00,Mount Cotton Quarry,Metalliferous - Quarry,Quarry,MMQ,Operating,Brisbane Office,B- Redland,Southern,1515 Mt Cotton Road,Mt Cotton,QLD,4163.0,-27.63574,153.230404,1113,,Gravity,Fall of vehicle,,,,Inspection,Closed,Directive,164.0,Directive to suspend operations for unacceptable level of risk,1.0
MI00758,Action,2017-03-28 03:31:00,Mount Cotton Quarry,Metalliferous - Quarry,Quarry,MMQ,Operating,Brisbane Office,B- Redland,Southern,1515 Mt Cotton Road,Mt Cotton,QLD,4163.0,-27.63574,153.230404,1114,,Vehicle,Collision with another vehicle,,,,Inspection,Closed,Directive,163.0,Directive to reduce risk,2.0
MI00758,Action,2017-03-28 03:51:00,Mount Cotton Quarry,Metalliferous - Quarry,Quarry,MMQ,Operating,Brisbane Office,B- Redland,Southern,1515 Mt Cotton Road,Mt Cotton,QLD,4163.0,-27.63574,153.230404,1115,,Vehicle,Other,,,,Inspection,Closed,Directive,163.0,Directive to reduce risk,3.0
MI00636,Action,2017-03-28 05:29:00,Jimbour Quarry,Metalliferous - Quarry,Quarry,MMQ,Operating,Brisbane Office,B- Western Downs,Southern,Jimbour Station Rd,Jimbour East,QLD,4406.0,-26.9688,151.287753,1116,,Mechanical,Caught in nip point,,,,Inspection,Closed,Substandard Condition or Practice,,,1.0
MI00636,Action,2017-03-28 05:37:00,Jimbour Quarry,Metalliferous - Quarry,Quarry,MMQ,Operating,Brisbane Office,B- Western Downs,Southern,Jimbour Station Rd,Jimbour East,QLD,4406.0,-26.9688,151.287753,1117,,Gravity,Fall of people,,,,Inspection,Closed,Substandard Condition or Practice,,,2.0
MI00239,Incident,2017-03-28 12:30:00,Rocklands,Metalliferous Mine - Surface,Metalliferous Mine - Surface,MMQ,Operating,Mount Isa Office,,,,,,,-20.65,140.36036,1118,High Potential Incident,Chemical,Exposure to other chemicals,High potential lost time,surface,Hazardous chemicals,,,,,,
MI00149,Incident,2017-03-28 14:15:00,Coppabella - Open Cut,Coal Mine - Surface,Coal Mine - Surface,COAL,Operating,Mackay Office,,,,,,,-21.87,148.42141,1119,High Potential Incident,Vehicle,Rollover,High potential no lost time,surface,Human error/actions,,,,,,
MI01473,Incident,2017-03-28 14:45:00,Black River Quarry,Metalliferous - Quarry,Quarry,MMQ,Operating,Townsville Office,T- Townsville / Ayr,Northern,,,,,-19.26207,146.57356,1120,High Potential Incident,Thermal,Heat strain/stress/stroke,High potential no lost time,surface,Radiation/hot surfaces,,,,,,
MI01547,Incident,2017-03-28 19:20:00,Broadmeadow Mine,Coal Mine - Underground,Coal Mine - Underground,COAL,Operating,Mackay Office,,,,,,,-21.83,147.97998,1121,High Potential Incident,Electrical,Cable Damage,High potential no lost time,surface,Electrical equipment,,,,,,
MI00613,Inspection,2017-03-29 00:00:00,Nerang Quarry,Metalliferous - Quarry,Quarry,MMQ,Operating,Brisbane Office,B- Gold Coast,Southern,,,,,-27.95635,153.320056,1122,,,,,,,Inspection,Closed,,,,
MI01546,Inspection,2017-03-29 00:00:00,George Fisher Mine,Metalliferous Mine - Underground,Metalliferous Mine - Underground,MMQ,Operating,Mount Isa Office,,,,,,,-20.57,139.47761,1123,,,,,,,Inspection,Closed,,,,
MI03157,Inspection,2017-03-29 00:00:00,Harlin Quarry,Metalliferous - Quarry,Quarry,MMQ,Operating,Brisbane Office,B- Somerset,Southern,191 Sinnamon's Lane,Harlin,QLD,4306.0,-26.98469,152.38848,1124,,,,,,,Inspection,Closed,,,,
MI00056,Inspection,2017-03-29 00:00:00,Bli Bli Quarry,Metalliferous - Quarry,Quarry,MMQ,Operating,Brisbane Office,B- Sunshine Coast,Southern,,,,,-26.60826,152.977382,1125,,,,,,,Inspection,Closed,,,,
MI01539,Action,2017-03-29 02:22:00,Eloise,Metalliferous Mine - Underground,Metalliferous Mine - Underground,MMQ,Operating,Mount Isa Office,,,,,,,-20.95,140.9809,1126,,Mechanical,Entangled in rotating plant,,,,Inspection,Closed,Directive,164.0,Directive to suspend operations for unacceptable level of risk,1.0
MI01539,Action,2017-03-29 02:34:00,Eloise,Metalliferous Mine - Underground,Metalliferous Mine - Underground,MMQ,Operating,Mount Isa Office,,,,,,,-20.95,140.9809,1127,,Non Hazard Specific,Obligations,,,,Inspection,Closed,Substandard Condition or Practice,,,2.0
MI01539,Action,2017-03-29 02:37:00,Eloise,Metalliferous Mine - Underground,Metalliferous Mine - Underground,MMQ,Operating,Mount Isa Office,,,,,,,-20.95,140.9809,1128,,Non Hazard Specific,Procedures,,,,Inspection,Closed,Substandard Condition or Practice,,,3.0
MI01539,Action,2017-03-29 03:01:00,Eloise,Metalliferous Mine - Underground,Metalliferous Mine - Underground,MMQ,Operating,Mount Isa Office,,,,,,,-20.95,140.9809,1129,,Non Hazard Specific,Risk management,,,,Inspection,Closed,Substandard Condition or Practice,,,4.0
MI02973,Action,2017-03-29 04:29:00,Exp - Wynberg - NR,Metalliferous Mine - Exploration,Metalliferous Mine - Surface,MMQ,Infrequent Operation,Mount Isa Office,MI- Cloncurry,Northern,,,,,,,1130,,Non Hazard Specific,Safety and Health Management System,,,,Inspection,Closed,Substandard Condition or Practice,,,1.0
MI02103,Action,2017-03-29 04:30:00,Mount Carlton,Metalliferous Mine - Surface,Metalliferous Mine - Surface,MMQ,Care & Maintenance,Townsville Office,T- Prosperpine / Bowen,Northern,"Tondara Road,",Bogie,QLD,4805.0,-20.27261,147.54583,1131,,Mechanical,Other,,,,Inspection,Closed,Recommendation,,,1.0
MI01258,Incident,2017-03-29 08:40:00,Saraji,Coal Mine - Surface,Coal Mine - Surface,COAL,Operating,Mackay Office,,Central,,,,,-22.42214,148.28115,1132,High Potential Incident,Electrical,Cable Damage,High potential no lost time,surface,High voltage source/lightning,,,,,,
MI02103,Action,2017-03-29 10:43:00,Mount Carlton,Metalliferous Mine - Surface,Metalliferous Mine - Surface,MMQ,Care & Maintenance,Townsville Office,T- Prosperpine / Bowen,Northern,"Tondara Road,",Bogie,QLD,4805.0,-20.27261,147.54583,1133,,Gravity,Fall of ground,,,,Inspection,Closed,Directive,165.0,Directive to review safety and health management system,1.0
MI00568,Incident,2017-03-29 11:10:00,Goonyella Riverside,Coal Mine - Surface,Coal Mine - Surface,COAL,Operating,Mackay Office,,Central,,,,,-21.7581,147.95235,1134,High Potential Incident,Extreme Weather,Flood,High potential no lost time,surface,Inundation,,,,,,
MI00766,Action,2017-03-29 11:47:00,Mount Marrow Quarry,Metalliferous - Quarry,Quarry,MMQ,Operating,Brisbane Office,B- Ipswich,Southern,,,,,-27.59233,152.624209,1135,,Non Hazard Specific,Risk management,,,,Inspection,Closed,Directive,164.0,Directive to suspend operations for unacceptable level of risk,1.0
MI01419,Incident,2017-03-29 16:30:00,East End Mine,Metalliferous Mine - Surface,Metalliferous Mine - Surface,MMQ,Operating,Brisbane Office,,,,,,,-23.87,150.96025,1136,High Potential Incident,Chemical,Acids,High potential no lost time,surface,Explosions,,,,,,
MI02123,Inspection,2017-03-30 00:00:00,Skew Gully Road Quarry,Metalliferous - Quarry,Quarry,MMQ,Operating,Brisbane Office,B- Somerset,Southern,,,,,-27.38617,152.377128,1137,,,,,,,Inspection,Closed,,,,
MI01422,Action,2017-03-30 11:35:00,Kestrel Coal Mine,Coal Mine - Underground,Coal Mine - Underground,COAL,Operating,Rockhampton Office,,,,,,,-23.26,148.30263,1138,,,,,,,Inspection,Closed,Substandard Condition or Practice,,,1.0
MI00594,Incident,2017-03-30 19:20:00,Hail Creek,Coal Mine - Surface,Coal Mine - Surface,COAL,Operating,Mackay Office,,,,,,,-21.5,148.34391,1139,High Potential Incident,Vehicle,Collision with another vehicle,High potential no lost time,surface,Moving vehicles/equipment,,,,,,
MI02077,Action,2017-03-31 02:55:00,Mungana Plant,Metalliferous - Minerals Processing,Metalliferous Mine - Surface,MMQ,Care & Maintenance,Townsville Office,T- Chilligoe,Northern,,,,,-17.10936,144.38471,1140,,Gravity,Fall of equipment/material,,,,Inspection,Closed,Directive,163.0,Directive to reduce risk,1.0
MI02077,Action,2017-03-31 03:03:00,Mungana Plant,Metalliferous - Minerals Processing,Metalliferous Mine - Surface,MMQ,Care & Maintenance,Townsville Office,T- Chilligoe,Northern,,,,,-17.10936,144.38471,1141,,Chemical,Other,,,,Inspection,Closed,Substandard Condition or Practice,,,2.0
MI02077,Action,2017-03-31 03:17:00,Mungana Plant,Metalliferous - Minerals Processing,Metalliferous Mine - Surface,MMQ,Care & Maintenance,Townsville Office,T- Chilligoe,Northern,,,,,-17.10936,144.38471,1142,,Chemical,Exposure to inorganic minerals (eg Pb - As - Cd),,,,Inspection,Closed,Substandard Condition or Practice,,,3.0
MI00094,Action,2017-03-31 08:14:00,Cannington Mine,Metalliferous Mine - Underground,Metalliferous Mine - Underground,MMQ,Operating,Mount Isa Office,,,,,,,-21.86,140.91861,1143,,Chemical,Other,,,,Inspection,Closed,Substandard Condition or Practice,,,1.0
MI00094,Action,2017-03-31 08:23:00,Cannington Mine,Metalliferous Mine - Underground,Metalliferous Mine - Underground,MMQ,Operating,Mount Isa Office,,,,,,,-21.86,140.91861,1144,,Chemical,Other,,,,Inspection,Closed,Substandard Condition or Practice,,,2.0
MI01546,Action,2017-03-31 11:00:00,George Fisher Mine,Metalliferous Mine - Underground,Metalliferous Mine - Underground,MMQ,Operating,Mount Isa Office,,,,,,,-20.57,139.47761,1145,,Non Hazard Specific,Contractor management,,,,Inspection,Closed,Directive,165.0,Directive to review safety and health management system,1.0
MI01383,Incident,2017-03-31 19:30:00,Minerva Mine,Coal Mine - Surface,Coal Mine - Surface,COAL,Care & Maintenance,Rockhampton Office,C- Emerald,Central,Wurba Road,SPRINGSURE,QLD,4722.0,-23.90942,148.06107,1146,High Potential Incident,Gravity,Fall of ground-Surface,High potential no lost time,surface,Strata failure,,,,,,
MI00054,Incident,2017-04-01 01:45:00,Blackwater Mine,Coal Mine - Surface,Coal Mine - Surface,COAL,Operating,Rockhampton Office,,Central,Ardurad Road (Blackwater Rolleston Road),BLACKWATER,QLD,4717.0,-23.7697,148.87879,1147,High Potential Incident,Thermal,Fire,High potential no lost time,surface,Fire(s),,,,,,
MI00749,Incident,2017-04-01 03:00:00,Moorvale Mine,Coal Mine - Surface,Coal Mine - Surface,COAL,Operating,Mackay Office,,,,,,,-21.9697,148.37113,1148,Serious Accident,Gravity,Fall of people,High potential lost time,surface,Organisational deficiencies,,,,,,
MI01414,Incident,2017-04-01 06:10:00,Yarraman,Metalliferous Mine - Dredging Operation,Metalliferous Mine - Surface,MMQ,Closed,Brisbane Office,B- Redland,Southern,,,,,-27.46515,153.491104,1149,High Potential Incident,Non Hazard Specific,Extreme weather,High potential no lost time,surface,Electrical equipment,,,,,,
MI01190,Incident,2017-04-01 09:40:00,Peak Downs,Coal Mine - Surface,Coal Mine - Surface,COAL,Operating,Mackay Office,,Central,,,,,-22.25686,148.17664,1150,High Potential Incident,Thermal,Fire,High potential no lost time,surface,Fire(s),,,,,,
MI01150,Incident,2017-04-01 14:00:00,Newlands Mine - Open Cut,Coal Mine - Surface,Coal Mine - Surface,COAL,Operating,Mackay Office,,Central,Newlands Access Road,Via Glenden,QLD,4743.0,-21.21217,147.88636,1151,High Potential Incident,Vehicle,Collision with another vehicle,High potential no lost time,surface,Moving vehicles/equipment,,,,,,
MI00631,Incident,2017-04-01 23:30:00,Jellinbah East Mine,Coal Mine - Surface,Coal Mine - Surface,COAL,Operating,Rockhampton Office,,Central,,BLUFF,QLD,4702.0,-23.38814,148.96074,1152,High Potential Incident,Thermal,Fire,High potential no lost time,surface,Fire(s),,,,,,
MI01552,Incident,2017-04-02 07:00:00,Levitt Road Ferny Grove Quarry,Metalliferous - Quarry,Quarry,MMQ,Operating,Brisbane Office,B- Brisbane,Southern,,,,,-27.41344,152.935662,1153,High Potential Incident,Vehicle,Collision with another vehicle,High potential no lost time,surface,Human error/actions,,,,,,
MI01919,Inspection,2017-04-03 00:00:00,R48 Quarry (Isa Quarry),Metalliferous - Quarry,Quarry,MMQ,Operating,Mount Isa Office,MI- Mount Isa,Northern,,,,,-20.66196,139.527626,1154,,,,,,,Inspection,Closed,,,,
MI01503,Inspection,2017-04-03 00:00:00,Zappala Quarries P L,Metalliferous - Quarry,Quarry,MMQ,Operating,Townsville Office,T- Innisfail / Cairns,Northern,,,,,-17.07306,145.7456,1155,,,,,,,Inspection,Closed,,,,
MI01257,Inspection,2017-04-03 00:00:00,Russell Road Quarry,Metalliferous - Quarry,Quarry,MMQ,Operating,Brisbane Office,B- Ipswich,Southern,,,,,-27.52572,152.71878,1156,,,,,,,Inspection,Closed,,,,
MI01566,Inspection,2017-04-03 00:00:00,Stoters Hill Quarry,Metalliferous - Quarry,Quarry,MMQ,Closed,Townsville Office,T- Innisfail / Cairns,Northern,,,,,-17.53865,145.97203,1157,,,,,,,Inspection,Closed,,,,
MI01825,Inspection,2017-04-03 00:00:00,Hy-tec Townsville Quarry,Metalliferous - Quarry,Quarry,MMQ,Operating,Townsville Office,T- Townsville / Ayr,Northern,,,,,-19.65681,146.80203,1158,,,,,,,Inspection - Unannounced,Closed,,,,
MI03659,Action,2017-04-03 01:12:00,Mount Lucy,Metalliferous Mine - Surface,Metalliferous Mine - Surface,MMQ,Care & Maintenance,Townsville Office,T- Chilligoe,Northern,,,,,-17.3458,144.63739,1159,,Vehicle,Other,,,,Inspection - Unannounced,Closed,Substandard Condition or Practice,,,3.0
MI00094,Action,2017-04-03 04:22:00,Cannington Mine,Metalliferous Mine - Underground,Metalliferous Mine - Underground,MMQ,Operating,Mount Isa Office,,,,,,,-21.86,140.91861,1160,,Thermal,Heat strain/stress/stroke,,,,Inspection,Closed,Substandard Condition or Practice,,,1.0
MI02976,Incident,2017-04-03 08:00:00,Grosvenor Coal Mine,Coal Mine - Underground,Coal Mine - Underground,COAL,Operating,Mackay Office,C- Moranbah,Central,Ground Floor 201 Charlotte Street,Brisbane,QLD,4001.0,-21.97533,148.00995,1161,High Potential Incident,Chemical,Polymeric Chemicals/Solvents,High potential no lost time,underground,Hazardous chemicals,,,,,,
MI01383,Incident,2017-04-03 08:45:00,Minerva Mine,Coal Mine - Surface,Coal Mine - Surface,COAL,Care & Maintenance,Rockhampton Office,C- Emerald,Central,Wurba Road,SPRINGSURE,QLD,4722.0,-23.90942,148.06107,1162,High Potential Incident,Vehicle,Collision with another vehicle,High potential no lost time,surface,Moving vehicles/equipment,,,,,,
MI03659,Action,2017-04-03 11:19:00,Mount Lucy,Metalliferous Mine - Surface,Metalliferous Mine - Surface,MMQ,Care & Maintenance,Townsville Office,T- Chilligoe,Northern,,,,,-17.3458,144.63739,1163,,Radiation,Ionising radiation (eg density gauges),,,,Inspection - Unannounced,Closed,Directive,164.0,Directive to suspend operations for unacceptable level of risk,1.0
MI03659,Action,2017-04-03 11:29:00,Mount Lucy,Metalliferous Mine - Surface,Metalliferous Mine - Surface,MMQ,Care & Maintenance,Townsville Office,T- Chilligoe,Northern,,,,,-17.3458,144.63739,1164,,Vehicle,Other,,,,Inspection - Unannounced,Closed,Substandard Condition or Practice,,,2.0
MI01546,Action,2017-04-03 12:47:00,George Fisher Mine,Metalliferous Mine - Underground,Metalliferous Mine - Underground,MMQ,Operating,Mount Isa Office,,,,,,,-20.57,139.47761,1165,,Chemical,Silica,,,,Inspection,Closed,Recommendation,,,1.0
MI00568,Incident,2017-04-03 14:30:00,Goonyella Riverside,Coal Mine - Surface,Coal Mine - Surface,COAL,Operating,Mackay Office,,Central,,,,,-21.7581,147.95235,1166,High Potential Incident,Electrical,Cable Damage,High potential no lost time,surface,Human error/actions,,,,,,
MI01190,Incident,2017-04-03 15:30:00,Peak Downs,Coal Mine - Surface,Coal Mine - Surface,COAL,Operating,Mackay Office,,Central,,,,,-22.25686,148.17664,1167,High Potential Incident,,,High potential no lost time,surface,Explosives,,,,,,
MI00797,Incident,2017-04-03 22:11:00,Mt Isa - Copper Smelter,Metalliferous - Minerals Processing,Metalliferous Mine - Surface,MMQ,Operating,Mount Isa Office,MI- Mount Isa,Northern,,,,,-20.72921,139.484131,1168,High Potential Incident,Thermal,Molten metal/material,High potential no lost time,surface,Human error/actions,,,,,,
MI00158,Inspection,2017-04-04 00:00:00,Curra Quarry,Metalliferous - Quarry,Quarry,MMQ,Operating,Brisbane Office,B- Gympie,Southern,1445 Bruce Highway,Curra,QLD,4570.0,-26.10448,152.574457,1169,,,,,,,Inspection,Closed,,,,
MI01554,Inspection,2017-04-04 00:00:00,Mount Garnet Operations,Metalliferous Mine - Surface,Metalliferous Mine - Surface,MMQ,Care & Maintenance,Townsville Office,T- Mareeba / Atherton / Herberton,Northern,,,,,-17.67985,145.11074,1170,,,,,,,Inspection,Closed,,,,
MI00761,Inspection,2017-04-04 00:00:00,Mount Garnet Lime,Metalliferous Mine - Surface,Metalliferous Mine - Surface,MMQ,Operating,Townsville Office,T- Mareeba / Atherton / Herberton,Northern,,,,,-17.64559,145.14165,1171,,,,,,,Inspection,Closed,,,,
MI00609,Inspection,2017-04-04 00:00:00,Hodgleigh Quarry,Metalliferous - Quarry,Quarry,MMQ,Operating,Brisbane Office,B- South Burnett,Southern,22 Hodgleigh North Road,Nanango,QLD,4615.0,-26.62843,151.942039,1172,,,,,,,Inspection,Closed,,,,
MI00690,Inspection,2017-04-04 00:00:00,Maidenwell Mine,Metalliferous Mine - Surface,Metalliferous Mine - Surface,MMQ,Operating,Brisbane Office,B- South Burnett,Southern,Brooklands Road,Maidenwell,QLD,4615.0,-26.79636,151.776716,1173,,,,,,,Inspection,Closed,,,,
MI00629,Inspection,2017-04-04 00:00:00,Nanyetta Hardrock Quarry (previously J B Pit),Metalliferous - Quarry,Quarry,MMQ,Operating,Townsville Office,T- Mareeba / Atherton / Herberton,Northern,Lot 3 Coolgarra Road,Mount Garnet,QLD,4872.0,-17.6411,145.108,1174,,,,,,,Inspection,Closed,,,,
MI00056,Action,2017-04-04 02:34:00,Bli Bli Quarry,Metalliferous - Quarry,Quarry,MMQ,Operating,Brisbane Office,B- Sunshine Coast,Southern,,,,,-26.60826,152.977382,1175,,Non Hazard Specific,Mine plans,,,,Inspection,Closed,Directive,163.0,Directive to reduce risk,1.0
MI00056,Action,2017-04-04 02:45:00,Bli Bli Quarry,Metalliferous - Quarry,Quarry,MMQ,Operating,Brisbane Office,B- Sunshine Coast,Southern,,,,,-26.60826,152.977382,1176,,Explosives,Other,,,,Inspection,Closed,Directive,163.0,Directive to reduce risk,2.0
MI00797,Incident,2017-04-04 03:02:00,Mt Isa - Copper Smelter,Metalliferous - Minerals Processing,Metalliferous Mine - Surface,MMQ,Operating,Mount Isa Office,MI- Mount Isa,Northern,,,,,-20.72921,139.484131,1177,High Potential Incident,Thermal,Molten metal/material,High potential no lost time,surface,Human error/actions,,,,,,
MI00056,Action,2017-04-04 03:07:00,Bli Bli Quarry,Metalliferous - Quarry,Quarry,MMQ,Operating,Brisbane Office,B- Sunshine Coast,Southern,,,,,-26.60826,152.977382,1178,,Gravity,Fall of ground,,,,Inspection,Closed,Substandard Condition or Practice,,,3.0
MI00594,Incident,2017-04-04 07:34:00,Hail Creek,Coal Mine - Surface,Coal Mine - Surface,COAL,Operating,Mackay Office,,,,,,,-21.5,148.34391,1179,High Potential Incident,Thermal,Fire,High potential no lost time,surface,Fire(s),,,,,,
MI00806,Incident,2017-04-04 09:30:00,Mt Isa - Isa Copper Mine,Metalliferous Mine - Underground,Metalliferous Mine - Underground,MMQ,Operating,Mount Isa Office,MI- Mount Isa,Northern,,,,,-20.72484,139.478149,1180,High Potential Incident,Gravity,Fall of ground,High potential no lost time,underground,Strata failure,,,,,,
MI00159,Incident,2017-04-04 13:30:00,Curragh Mine,Coal Mine - Surface,Coal Mine - Surface,COAL,Operating,Rockhampton Office,,,,,,,-23.49741,148.84478,1181,High Potential Incident,Vehicle,Unplanned movement of equipment (eg CM),High potential no lost time,surface,Moving vehicles/equipment,,,,,,
MI01211,Inspection,2017-04-05 00:00:00,Oz Pebbles Kilkivan,Metalliferous Mine - Surface Alluvial Gold,Metalliferous Mine - Surface,MMQ,Operating,Brisbane Office,B- Gympie,Southern,,,,,-26.11444444,152.28406,1182,,,,,,,Inspection,Closed,,,,
MI00708,Inspection,2017-04-05 00:00:00,Maryborough Quarry,Metalliferous - Quarry,Quarry,MMQ,Operating,Brisbane Office,B- Fraser Coast,Southern,6 Gilmers Road,Antigua,QLD,4650.0,-25.63249,152.58477,1183,,,,,,,Inspection,Closed,,,,
MI00797,Inspection,2017-04-05 00:00:00,Mt Isa - Copper Smelter,Metalliferous - Minerals Processing,Metalliferous Mine - Surface,MMQ,Operating,Mount Isa Office,MI- Mount Isa,Northern,,,,,-20.72921,139.484131,1184,,,,,,,Inspection,Closed,,,,
MI01646,Inspection,2017-04-05 00:00:00,Carborough Downs,Coal Mine - Underground,Coal Mine - Underground,COAL,Operating,Mackay Office,,Central,Peak Downs Highway,Coppabella,QLD,4741.0,-21.99368,148.249,1185,,,,,,,Inspection,Closed,,,,
MI01263,Inspection,2017-04-05 00:00:00,Shamrock Gold Mine,Metalliferous Mine - Surface,Metalliferous Mine - Surface,MMQ,Care & Maintenance,Brisbane Office,B- Gympie,Southern,,,,,-26.22223,152.276286,1186,,,,,,,Inspection,Closed,,,,
MI01547,Incident,2017-04-05 11:00:00,Broadmeadow Mine,Coal Mine - Underground,Coal Mine - Underground,COAL,Operating,Mackay Office,,,,,,,-21.83,147.97998,1187,High Potential Incident,Gravity,Fall of ground-Longwall,High potential no lost time,underground,Strata failure,,,,,,
MI01432,Incident,2017-04-05 18:20:00,Yarrabee Mine,Coal Mine - Surface,Coal Mine - Surface,COAL,Operating,Rockhampton Office,,Central,Boonal Haul Road,BLACKWATER,QLD,4717.0,-23.27349,149.02261,1188,High Potential Incident,,,High potential no lost time,surface,Explosives,,,,,,
MI02631,Inspection,2017-04-06 00:00:00,Yerra Quarry,Metalliferous - Quarry,Quarry,MMQ,Operating,Brisbane Office,B- Fraser Coast,Southern,,,,,-25.60322,152.53731,1189,,,,,,,Inspection,Closed,,,,
MI01538,Inspection,2017-04-06 00:00:00,Edmonton Quarry,Metalliferous - Quarry,Quarry,MMQ,Operating,Townsville Office,T- Innisfail / Cairns,Northern,,,,,-17.07919,145.73206,1190,,,,,,,Inspection,Closed,,,,
MI01546,Inspection,2017-04-06 00:00:00,George Fisher Mine,Metalliferous Mine - Underground,Metalliferous Mine - Underground,MMQ,Operating,Mount Isa Office,,,,,,,-20.57,139.47761,1191,,,,,,,Inspection,Closed,,,,
MI00779,Inspection,2017-04-06 00:00:00,Mountain View Quarry,Metalliferous - Quarry,Quarry,MMQ,Care & Maintenance,Townsville Office,T- Innisfail / Cairns,Northern,,,,,-17.15089,145.71383,1192,,,,,,,Inspection,Closed,,,,
MI00749,Inspection,2017-04-06 00:00:00,Moorvale Mine,Coal Mine - Surface,Coal Mine - Surface,COAL,Operating,Mackay Office,,,,,,,-21.9697,148.37113,1193,,,,,,,Inspection,Closed,,,,
MI01825,Action,2017-04-06 01:10:00,Hy-tec Townsville Quarry,Metalliferous - Quarry,Quarry,MMQ,Operating,Townsville Office,T- Townsville / Ayr,Northern,,,,,-19.65681,146.80203,1194,,Chemical,Dust,,,,Inspection - Unannounced,Closed,Substandard Condition or Practice,,,1.0
MI01257,Action,2017-04-06 02:05:00,Russell Road Quarry,Metalliferous - Quarry,Quarry,MMQ,Operating,Brisbane Office,B- Ipswich,Southern,,,,,-27.52572,152.71878,1195,,Gravity,Other,,,,Inspection,Closed,Substandard Condition or Practice,,,1.0
MI01257,Action,2017-04-06 02:25:00,Russell Road Quarry,Metalliferous - Quarry,Quarry,MMQ,Operating,Brisbane Office,B- Ipswich,Southern,,,,,-27.52572,152.71878,1196,,Mechanical,Other,,,,Inspection,Closed,Substandard Condition or Practice,,,2.0
MI01257,Action,2017-04-06 02:45:00,Russell Road Quarry,Metalliferous - Quarry,Quarry,MMQ,Operating,Brisbane Office,B- Ipswich,Southern,,,,,-27.52572,152.71878,1197,,Gravity,Other,,,,Inspection,Closed,Substandard Condition or Practice,,,3.0
MI00557,Action,2017-04-06 05:50:00,Glasshouse Quarry,Metalliferous - Quarry,Quarry,MMQ,Operating,Brisbane Office,B- Sunshine Coast,Southern,,,,,-26.91286,152.922304,1198,,Mechanical,Other,,,,Inspection,Closed,Substandard Condition or Practice,,,1.0
MI00557,Action,2017-04-06 05:55:00,Glasshouse Quarry,Metalliferous - Quarry,Quarry,MMQ,Operating,Brisbane Office,B- Sunshine Coast,Southern,,,,,-26.91286,152.922304,1199,,Non Hazard Specific,Other,,,,Inspection,Closed,Substandard Condition or Practice,,,2.0
MI00557,Action,2017-04-06 05:59:00,Glasshouse Quarry,Metalliferous - Quarry,Quarry,MMQ,Operating,Brisbane Office,B- Sunshine Coast,Southern,,,,,-26.91286,152.922304,1200,,Gravity,Fall of people,,,,Inspection,Closed,Substandard Condition or Practice,,,3.0
MI02663,Incident,2017-04-06 08:10:00,Ensham Underground Mine,Coal Mine - Underground,Coal Mine - Underground,COAL,Operating,Rockhampton Office,,,,,,,-23.5,148.49282,1201,High Potential Incident,Electrical,Cable Damage,High potential no lost time,underground,Electrical equipment,,,,,,
MI00159,Incident,2017-04-06 10:30:00,Curragh Mine,Coal Mine - Surface,Coal Mine - Surface,COAL,Operating,Rockhampton Office,,,,,,,-23.49741,148.84478,1202,High Potential Incident,,,High potential no lost time,surface,Explosives,,,,,,
MI01193,Incident,2017-04-06 11:00:00,Phosphate Hill,Metalliferous - Minerals Processing,Metalliferous Mine - Surface,MMQ,Operating,Mount Isa Office,MI- Cloncurry,Northern,Camp located at The Monument,,,,-21.88056,139.973295,1203,High Potential Incident,Gravity,Fall of equipment/material,High potential no lost time,surface,Falling/flying material/objects,,,,,,
MI00594,Incident,2017-04-06 11:30:00,Hail Creek,Coal Mine - Surface,Coal Mine - Surface,COAL,Operating,Mackay Office,,,,,,,-21.5,148.34391,1204,High Potential Incident,Thermal,Fire,High potential no lost time,surface,Fire(s),,,,,,
MI02952,Incident,2017-04-06 11:48:00,Caval Ridge Mine,Coal Mine - Surface,Coal Mine - Surface,COAL,Operating,Mackay Office,C- Mackay,Central,,,,,-22.15615,148.05892,1205,High Potential Incident,Vehicle,Collision with another vehicle,High potential no lost time,surface,Human error/actions,,,,,,
MI00743,Action,2017-04-06 12:09:00,Montgomery Mine,Metalliferous Mine - Surface,Metalliferous Mine - Surface,MMQ,Care & Maintenance,Brisbane Office,B- Lockyer Valley,Southern,"Lot 1
Airforce Road",Helidon,QLD,4344.0,-27.50058,152.099525,1206,,Electrical,Electric shock,,,,Inspection,Closed,Directive,165.0,Directive to review safety and health management system,1.0
MI00743,Action,2017-04-06 12:35:00,Montgomery Mine,Metalliferous Mine - Surface,Metalliferous Mine - Surface,MMQ,Care & Maintenance,Brisbane Office,B- Lockyer Valley,Southern,"Lot 1
Airforce Road",Helidon,QLD,4344.0,-27.50058,152.099525,1207,,Thermal,Heat strain/stress/stroke,,,,Inspection,Closed,Substandard Condition or Practice,,,2.0
MI00743,Action,2017-04-06 12:39:00,Montgomery Mine,Metalliferous Mine - Surface,Metalliferous Mine - Surface,MMQ,Care & Maintenance,Brisbane Office,B- Lockyer Valley,Southern,"Lot 1
Airforce Road",Helidon,QLD,4344.0,-27.50058,152.099525,1208,,Non Hazard Specific,First aid,,,,Inspection,Closed,Substandard Condition or Practice,,,3.0
MI00797,Incident,2017-04-06 13:10:00,Mt Isa - Copper Smelter,Metalliferous - Minerals Processing,Metalliferous Mine - Surface,MMQ,Operating,Mount Isa Office,MI- Mount Isa,Northern,,,,,-20.72921,139.484131,1209,High Potential Incident,Mechanical,Crushed between a load and a structure,High potential lost time,surface,Falling/flying material/objects,,,,,,
MI01757,Incident,2017-04-06 13:20:00,Bromelton North Quarry,Metalliferous - Quarry,Quarry,MMQ,Operating,Brisbane Office,B- Scenic Rim,Southern,Sandy Creek Road,Bromelton,QLD,4285.0,-27.99215,152.935932,1210,Serious Accident,Mechanical,Struck by projectile,Lost time,surface,Falling/flying material/objects,,,,,,
MI01190,Incident,2017-04-06 13:41:00,Peak Downs,Coal Mine - Surface,Coal Mine - Surface,COAL,Operating,Mackay Office,,Central,,,,,-22.25686,148.17664,1211,High Potential Incident,Thermal,Fire,High potential no lost time,surface,Fire(s),,,,,,
MI01584,Incident,2017-04-06 18:15:00,Collinsville Mine - Open Cut,Coal Mine - Surface,Coal Mine - Surface,COAL,Operating,Mackay Office,C- Mackay,Central,Scottville Road,Collinsville,QLD,4804.0,-20.55807,147.80291,1212,High Potential Incident,Thermal,Fire,High potential no lost time,surface,Fire(s),,,,,,
MI01919,Action,2017-04-07 02:53:00,R48 Quarry (Isa Quarry),Metalliferous - Quarry,Quarry,MMQ,Operating,Mount Isa Office,MI- Mount Isa,Northern,,,,,-20.66196,139.527626,1213,,Non Hazard Specific,Risk management,,,,Inspection,Closed,Substandard Condition or Practice,,,1.0
MI00594,Incident,2017-04-07 03:00:00,Hail Creek,Coal Mine - Surface,Coal Mine - Surface,COAL,Operating,Mackay Office,,,,,,,-21.5,148.34391,1214,High Potential Incident,Thermal,Fire,High potential no lost time,surface,Fire(s),,,,,,
MI01919,Action,2017-04-07 03:16:00,R48 Quarry (Isa Quarry),Metalliferous - Quarry,Quarry,MMQ,Operating,Mount Isa Office,MI- Mount Isa,Northern,,,,,-20.66196,139.527626,1215,,Gravity,Other,,,,Inspection,Closed,Substandard Condition or Practice,,,2.0
MI00054,Incident,2017-04-07 03:30:00,Blackwater Mine,Coal Mine - Surface,Coal Mine - Surface,COAL,Operating,Rockhampton Office,,Central,Ardurad Road (Blackwater Rolleston Road),BLACKWATER,QLD,4717.0,-23.7697,148.87879,1216,High Potential Incident,Vehicle,Collision with another vehicle,High potential no lost time,surface,Moving vehicles/equipment,,,,,,
MI01459,Incident,2017-04-07 05:25:00,Grasstree Mine,Coal Mine - Underground,Coal Mine - Underground,COAL,Operating,Rockhampton Office,,Central,,,,,-22.98885,148.57943,1217,High Potential Incident,Electrical,Cable Damage,High potential no lost time,underground,Electrical equipment,,,,,,
MI01646,Action,2017-04-07 10:39:00,Carborough Downs,Coal Mine - Underground,Coal Mine - Underground,COAL,Operating,Mackay Office,,Central,Peak Downs Highway,Coppabella,QLD,4741.0,-21.99368,148.249,1218,,,,,,,Inspection,Closed,Substandard Condition or Practice,,,1.0
MI00797,Action,2017-04-07 10:46:00,Mt Isa - Copper Smelter,Metalliferous - Minerals Processing,Metalliferous Mine - Surface,MMQ,Operating,Mount Isa Office,MI- Mount Isa,Northern,,,,,-20.72921,139.484131,1219,,Mechanical,Other,,,,Inspection,Closed,Substandard Condition or Practice,,,1.0
MI00690,Action,2017-04-07 11:32:00,Maidenwell Mine,Metalliferous Mine - Surface,Metalliferous Mine - Surface,MMQ,Operating,Brisbane Office,B- South Burnett,Southern,Brooklands Road,Maidenwell,QLD,4615.0,-26.79636,151.776716,1220,,Thermal,Fire,,,,Inspection,Closed,Substandard Condition or Practice,,,1.0
MI00750,Incident,2017-04-07 21:00:00,Moranbah North,Coal Mine - Underground,Coal Mine - Underground,COAL,Operating,Mackay Office,C- Moranbah,Central,1164 Goonyella Road,Moranbah,QLD,4744.0,-21.88576,147.96564,1221,Serious Accident,Mechanical,Laceration with sharp object,High potential lost time,underground,Manual handling,,,,,,
MI01459,Incident,2017-04-07 22:10:00,Grasstree Mine,Coal Mine - Underground,Coal Mine - Underground,COAL,Operating,Rockhampton Office,,Central,,,,,-22.98885,148.57943,1222,Serious Accident,Vehicle,Unplanned movement of equipment (eg CM),High potential lost time,underground,Moving vehicles/equipment,,,,,,
MI01258,Incident,2017-04-07 23:00:00,Saraji,Coal Mine - Surface,Coal Mine - Surface,COAL,Operating,Mackay Office,,Central,,,,,-22.42214,148.28115,1223,High Potential Incident,Vehicle,Collision with another vehicle,High potential no lost time,surface,Moving vehicles/equipment,,,,,,
MI00594,Incident,2017-04-08 06:00:00,Hail Creek,Coal Mine - Surface,Coal Mine - Surface,COAL,Operating,Mackay Office,,,,,,,-21.5,148.34391,1224,High Potential Incident,Thermal,Fire,High potential no lost time,surface,Fire(s),,,,,,
MI01649,Incident,2017-04-08 15:30:00,Isaac Plains,Coal Mine - Surface,Coal Mine - Surface,COAL,Operating,Mackay Office,,Central,10167 Peak Downs Highway,Coppabella,QLD,4741.0,-21.96206,148.10705,1225,High Potential Incident,,,High potential no lost time,surface,Explosives,,,,,,
MI01190,Incident,2017-04-08 21:30:00,Peak Downs,Coal Mine - Surface,Coal Mine - Surface,COAL,Operating,Mackay Office,,Central,,,,,-22.25686,148.17664,1226,High Potential Incident,Mechanical,Lifting,High potential no lost time,surface,Manual handling,,,,,,
MI01400,Incident,2017-04-09 02:45:00,Millennium Mine,Coal Mine - Surface,Coal Mine - Surface,COAL,Operating,Mackay Office,,Central,Via Peak Downs Highway,Moranbah,QLD,4744.0,-22.01548,148.25111,1227,High Potential Incident,Gravity,Rock fall - Surface,High potential no lost time,surface,Falling/flying material/objects,,,,,,
MI00739,Incident,2017-04-09 08:37:00,Moffatdale Mine,Metalliferous Mine - Surface,Metalliferous Mine - Surface,MMQ,Operating,Brisbane Office,B- South Burnett,Southern,,,,,-26.29069,151.977527,1228,High Potential Incident,Thermal,Fire,High potential no lost time,surface,Flammable liquids/gases,,,,,,
MI01705,Incident,2017-04-09 09:43:00,Poitrel Mine,Coal Mine - Surface,Coal Mine - Surface,COAL,Operating,Mackay Office,,Central,"Millennium Access Road
Peak Downs Highway",Moranbah,QLD,4744.0,-22.04109,148.26048,1229,High Potential Incident,Vehicle,Other,High potential no lost time,surface,Moving vehicles/equipment,,,,,,
MI01258,Incident,2017-04-09 11:20:00,Saraji,Coal Mine - Surface,Coal Mine - Surface,COAL,Operating,Mackay Office,,Central,,,,,-22.42214,148.28115,1230,High Potential Incident,Vehicle,Mechanical/structural failure of vehicle,High potential no lost time,surface,Other,,,,,,
MI01150,Incident,2017-04-09 11:33:00,Newlands Mine - Open Cut,Coal Mine - Surface,Coal Mine - Surface,COAL,Operating,Mackay Office,,Central,Newlands Access Road,Via Glenden,QLD,4743.0,-21.21217,147.88636,1231,High Potential Incident,Thermal,Fire,High potential no lost time,surface,Fire(s),,,,,,
MI02952,Incident,2017-04-09 12:30:00,Caval Ridge Mine,Coal Mine - Surface,Coal Mine - Surface,COAL,Operating,Mackay Office,C- Mackay,Central,,,,,-22.15615,148.05892,1232,High Potential Incident,Electrical,Cable Damage,High potential no lost time,surface,Falling/flying material/objects,,,,,,
MI01146,Incident,2017-04-09 13:15:00,New Acland,Coal Mine - Surface,Coal Mine - Surface,COAL,Operating,Rockhampton Office,S- Toowoomba,Central,Cherrys Road,MULDU,QLD,4401.0,-27.27034,151.699331,1233,High Potential Incident,Thermal,Fire,High potential no lost time,surface,Fire(s),,,,,,
MI02976,Incident,2017-04-09 14:15:00,Grosvenor Coal Mine,Coal Mine - Underground,Coal Mine - Underground,COAL,Operating,Mackay Office,C- Moranbah,Central,Ground Floor 201 Charlotte Street,Brisbane,QLD,4001.0,-21.97533,148.00995,1234,High Potential Incident,Mechanical,Mechanical failure,High potential no lost time,underground,Moving vehicles/equipment,,,,,,
MI00149,Incident,2017-04-09 15:00:00,Coppabella - Open Cut,Coal Mine - Surface,Coal Mine - Surface,COAL,Operating,Mackay Office,,,,,,,-21.87,148.42141,1235,High Potential Incident,Mechanical,Struck by projectile,High potential lost time,surface,Falling/flying material/objects,,,,,,
MI00750,Incident,2017-04-09 20:25:00,Moranbah North,Coal Mine - Underground,Coal Mine - Underground,COAL,Operating,Mackay Office,C- Moranbah,Central,1164 Goonyella Road,Moranbah,QLD,4744.0,-21.88576,147.96564,1236,High Potential Incident,Thermal,Fire,High potential no lost time,surface,Fire(s),,,,,,
MI00607,Inspection,2017-04-10 00:00:00,Hill Of Stone Mine,Metalliferous Mine - Surface,Metalliferous Mine - Surface,MMQ,Operating,Brisbane Office,B- Scenic Rim,Southern,1812 Beaudesert Boonah Road,Beaudesert,QLD,4285.0,-27.94496,152.859372,1237,,,,,,,Inspection,Closed,,,,
MI01235,Inspection,2017-04-10 00:00:00,Redlands Quarry,Metalliferous - Quarry,Quarry,MMQ,Operating,Brisbane Office,B- Redland,Southern,,,,,-27.60949,153.203606,1238,,,,,,,Inspection,Closed,,,,
MI00568,Incident,2017-04-10 01:30:00,Goonyella Riverside,Coal Mine - Surface,Coal Mine - Surface,COAL,Operating,Mackay Office,,Central,,,,,-21.7581,147.95235,1239,High Potential Incident,Thermal,Fire,High potential no lost time,surface,Human error/actions,,,,,,
MI01344,Incident,2017-04-10 11:15:00,Wellcamp Downs Quarry,Metalliferous - Quarry,Quarry,MMQ,Operating,Brisbane Office,B- Toowoomba,Southern,,,,,-27.54891,151.816645,1240,High Potential Incident,Vehicle,Collision with another vehicle,High potential no lost time,surface,Moving vehicles/equipment,,,,,,
MI01258,Incident,2017-04-10 14:00:00,Saraji,Coal Mine - Surface,Coal Mine - Surface,COAL,Operating,Mackay Office,,Central,,,,,-22.42214,148.28115,1241,High Potential Incident,Vehicle,Collision with another vehicle,High potential no lost time,surface,Human error/actions,,,,,,
MI00613,Incident,2017-04-10 20:45:00,Nerang Quarry,Metalliferous - Quarry,Quarry,MMQ,Operating,Brisbane Office,B- Gold Coast,Southern,,,,,-27.95635,153.320056,1242,High Potential Incident,Mechanical,Other,High potential lost time,surface,Pressured storage systems,,,,,,
MI01162,Incident,2017-04-10 22:50:00,Oaky Creek No. 1 Colliery,Coal Mine - Underground,Coal Mine - Underground,COAL,Closed,Rockhampton Office,,Central,,,,,-23.07071,148.49695,1243,High Potential Incident,Gas Management,Other,High potential no lost time,surface,Other,,,,,,
MI01417,Inspection,2017-04-11 00:00:00,Manteuffel Road Quarry,Metalliferous - Quarry,Quarry,MMQ,Operating,Brisbane Office,B- Lockyer Valley,Southern,,,,,-27.63072,152.255271,1244,,,,,,,Inspection,Closed,,,,
MI01539,Inspection,2017-04-11 00:00:00,Eloise,Metalliferous Mine - Underground,Metalliferous Mine - Underground,MMQ,Operating,Mount Isa Office,,,,,,,-20.95,140.9809,1245,,,,,,,Inspection,Closed,,,,
MI01422,Inspection,2017-04-11 00:00:00,Kestrel Coal Mine,Coal Mine - Underground,Coal Mine - Underground,COAL,Operating,Rockhampton Office,,,,,,,-23.26,148.30263,1246,,,,,,,Inspection,Closed,,,,
MI01422,Inspection,2017-04-11 00:00:00,Kestrel Coal Mine,Coal Mine - Underground,Coal Mine - Underground,COAL,Operating,Rockhampton Office,,,,,,,-23.26,148.30263,1247,,,,,,,Inspection,Closed,,,,
MI01539,Inspection,2017-04-11 00:00:00,Eloise,Metalliferous Mine - Underground,Metalliferous Mine - Underground,MMQ,Operating,Mount Isa Office,,,,,,,-20.95,140.9809,1248,,,,,,,Inspection,Closed,,,,
MI00603,Inspection,2017-04-11 00:00:00,The Red Dog Quarry,Metalliferous Mine - Surface,Metalliferous Mine - Surface,MMQ,Operating,Brisbane Office,B- Lockyer Valley,Southern,,,,,-27.52833333,152.15583,1249,,,,,,,Inspection,Closed,,,,
MI01865,Incident,2017-04-11 00:30:00,Middlemount Mine,Coal Mine - Surface,Coal Mine - Surface,COAL,Operating,Rockhampton Office,C- Emerald,Central,Dysart Road,MIDDLEMOUNT,QLD,4746.0,-22.88143889,148.63889,1250,High Potential Incident,Vehicle,Rollover,High potential no lost time,surface,Moving vehicles/equipment,,,,,,
MI00806,Incident,2017-04-11 11:00:00,Mt Isa - Isa Copper Mine,Metalliferous Mine - Underground,Metalliferous Mine - Underground,MMQ,Operating,Mount Isa Office,MI- Mount Isa,Northern,,,,,-20.72484,139.478149,1251,Serious Accident,Mechanical,Caught in nip point,High potential no lost time,underground,Haulage/shaft equipment,,,,,,
MI02952,Incident,2017-04-11 12:30:00,Caval Ridge Mine,Coal Mine - Surface,Coal Mine - Surface,COAL,Operating,Mackay Office,C- Mackay,Central,,,,,-22.15615,148.05892,1252,High Potential Incident,,,High potential no lost time,surface,Other,,,,,,
MI01648,Incident,2017-04-11 13:30:00,Dawson Mine,Coal Mine - Surface,Coal Mine - Surface,COAL,Operating,Rockhampton Office,,Central,Dawson Highway,MOURA,QLD,4718.0,-24.63169,150.06089,1253,High Potential Incident,,,High potential no lost time,surface,Explosives,,,,,,
MI00711,Incident,2017-04-11 21:30:00,Meandu Mine,Coal Mine - Surface,Coal Mine - Surface,COAL,Operating,Rockhampton Office,S- South Burnett,Central,Nobby Smith Way,NANANGO,QLD,4615.0,-26.79393,151.89872,1254,High Potential Incident,Thermal,Fire,High potential no lost time,surface,Fire(s),,,,,,
MI01414,Inspection,2017-04-12 00:00:00,Yarraman,Metalliferous Mine - Dredging Operation,Metalliferous Mine - Surface,MMQ,Closed,Brisbane Office,B- Redland,Southern,,,,,-27.46515,153.491104,1255,,,,,,,Inspection,Closed,,,,
MI01405,Inspection,2017-04-12 00:00:00,NSI Rehabilitation,Metalliferous Mine - Dredging Operation,Metalliferous Mine - Surface,MMQ,Operating,Brisbane Office,B- Redland,Southern,,,,,-27.59337,153.442989,1256,,,,,,,Inspection,Closed,,,,
MI00239,Inspection,2017-04-12 00:00:00,Rocklands,Metalliferous Mine - Surface,Metalliferous Mine - Surface,MMQ,Operating,Mount Isa Office,,,,,,,-20.65,140.36036,1257,,,,,,,Inspection,Closed,,,,
MI01416,Inspection,2017-04-12 00:00:00,Cook Mine,Coal Mine - Underground,Coal Mine - Underground,COAL,Operating,Rockhampton Office,,Central,2613 Blackwater-Rolleston Road,BLACKWATER,QLD,4717.0,-23.82654,148.8896,1258,,,,,,,Inspection,Closed,,,,
MI01306,Inspection,2017-04-12 00:00:00,Thalanga Surface,Metalliferous - Minerals Processing,Metalliferous Mine - Surface,MMQ,Inactive Tenure,Townsville Office,T- Charters Towers / Ravenswood,Northern,,,,,-20.33505,145.77171,1259,,,,,,,Inspection,Closed,,,,
MI00239,Inspection,2017-04-12 00:00:00,Rocklands,Metalliferous Mine - Surface,Metalliferous Mine - Surface,MMQ,Operating,Mount Isa Office,,,,,,,-20.65,140.36036,1260,,,,,,,Inspection,Closed,,,,
MI00693,Inspection,2017-04-12 00:00:00,Malcolm Guy Mine,Metalliferous Mine - Surface,Metalliferous Mine - Surface,MMQ,Operating,Brisbane Office,B- Southern Downs,Southern,142 Strudwicks Road,Yangan,QLD,4370.0,-28.20291,152.209351,1261,,,,,,,Inspection,Closed,,,,
MI01976,Incident,2017-04-12 02:45:00,Daunia Mine,Coal Mine - Surface,Coal Mine - Surface,COAL,Operating,Mackay Office,,Central,"Millennium Poitrel Access Road
Via Peak Downs Road",Moranbah,QLD,4744.0,-22.04127,148.26852,1262,High Potential Incident,Vehicle,Unplanned movement of equipment (eg CM),High potential no lost time,surface,Other,,,,,,
MI01547,Incident,2017-04-12 04:00:00,Broadmeadow Mine,Coal Mine - Underground,Coal Mine - Underground,COAL,Operating,Mackay Office,,,,,,,-21.83,147.97998,1263,High Potential Incident,Gravity,Rock fall - Surface,High potential no lost time,surface,Strata failure,,,,,,
MI00594,Incident,2017-04-12 05:00:00,Hail Creek,Coal Mine - Surface,Coal Mine - Surface,COAL,Operating,Mackay Office,,,,,,,-21.5,148.34391,1264,High Potential Incident,Psychosocial,Micro-sleeps,High potential no lost time,surface,Fatigue,,,,,,
MI01648,Incident,2017-04-12 05:50:00,Dawson Mine,Coal Mine - Surface,Coal Mine - Surface,COAL,Operating,Rockhampton Office,,Central,Dawson Highway,MOURA,QLD,4718.0,-24.63169,150.06089,1265,High Potential Incident,Thermal,Fire,High potential no lost time,surface,Fire(s),,,,,,
MI01573,Incident,2017-04-12 06:00:00,South Walker Creek,Coal Mine - Surface,Coal Mine - Surface,COAL,Operating,Mackay Office,,Central,Via Peak Downs Highway,Nebo,QLD,4744.0,-21.77801,148.48194,1266,High Potential Incident,Explosives,Explosives - Misfire identified after firing,High potential no lost time,surface,Explosives,,,,,,
MI01546,Incident,2017-04-12 09:05:00,George Fisher Mine,Metalliferous Mine - Underground,Metalliferous Mine - Underground,MMQ,Operating,Mount Isa Office,,,,,,,-20.57,139.47761,1267,High Potential Incident,Non Hazard Specific,Procedures,High potential no lost time,surface,Human error/actions,,,,,,
MI01190,Incident,2017-04-12 11:00:00,Peak Downs,Coal Mine - Surface,Coal Mine - Surface,COAL,Operating,Mackay Office,,Central,,,,,-22.25686,148.17664,1268,High Potential Incident,Thermal,Fire,High potential no lost time,surface,Fire(s),,,,,,
MI01258,Incident,2017-04-12 19:00:00,Saraji,Coal Mine - Surface,Coal Mine - Surface,COAL,Operating,Mackay Office,,Central,,,,,-22.42214,148.28115,1269,High Potential Incident,Not Applicable,Not Applicable,High potential no lost time,surface,Other,,,,,,
MI02320,Inspection,2017-04-13 00:00:00,Swanbank Box Flat Extended No.2,Metalliferous Mine - Surface,Metalliferous Mine - Surface,MMQ,Closed,Brisbane Office,B- Ipswich,Southern,,,,,-27.89305556,152.83139,1270,,,,,,,Inspection,Closed,,,,
MI01804,Inspection,2017-04-13 00:00:00,Warwick Sandstone,Metalliferous Mine - Surface,Metalliferous Mine - Surface,MMQ,Operating,Brisbane Office,B- Southern Downs,Southern,,,,,-28.16497,151.984862,1271,,,,,,,Inspection,Closed,,,,
MI00054,Incident,2017-04-13 02:00:00,Blackwater Mine,Coal Mine - Surface,Coal Mine - Surface,COAL,Operating,Rockhampton Office,,Central,Ardurad Road (Blackwater Rolleston Road),BLACKWATER,QLD,4717.0,-23.7697,148.87879,1272,High Potential Incident,,,High potential no lost time,surface,Explosives,,,,,,
MI00239,Action,2017-04-13 03:08:00,Rocklands,Metalliferous Mine - Surface,Metalliferous Mine - Surface,MMQ,Operating,Mount Isa Office,,,,,,,-20.65,140.36036,1273,,Gravity,Fall of ground,,,,Inspection,Closed,Directive,163.0,Directive to reduce risk,1.0
MI01539,Action,2017-04-13 04:29:00,Eloise,Metalliferous Mine - Underground,Metalliferous Mine - Underground,MMQ,Operating,Mount Isa Office,,,,,,,-20.95,140.9809,1274,,Gravity,Fall of ground,,,,Inspection,Closed,Directive,163.0,Directive to reduce risk,1.0
MI01547,Incident,2017-04-13 15:15:00,Broadmeadow Mine,Coal Mine - Underground,Coal Mine - Underground,COAL,Operating,Mackay Office,,,,,,,-21.83,147.97998,1275,Serious Accident,Pressure,Other,High potential lost time,underground,Moving components/parts,,,,,,
MI01174,Inspection,2017-04-14 00:00:00,Pajingo - Vera Underground,Metalliferous Mine - Underground,Metalliferous Mine - Underground,MMQ,Operating,Townsville Office,T- Charters Towers / Ravenswood,Northern,,,,,-20.54745,146.464128,1276,,,,,,,Inspection,Closed,,,,
MI01569,Incident,2017-04-14 03:50:00,Rolleston Mine,Coal Mine - Surface,Coal Mine - Surface,COAL,Operating,Rockhampton Office,,,,,,,-24.44,148.41844,1277,High Potential Incident,Gravity,Fall of ground-Surface,High potential no lost time,surface,Moving vehicles/equipment,,,,,,
MI01646,Incident,2017-04-14 06:00:00,Carborough Downs,Coal Mine - Underground,Coal Mine - Underground,COAL,Operating,Mackay Office,,Central,Peak Downs Highway,Coppabella,QLD,4741.0,-21.99368,148.249,1278,High Potential Incident,Thermal,Fire,High potential no lost time,surface,Fire(s),,,,,,
MI00159,Incident,2017-04-14 07:49:00,Curragh Mine,Coal Mine - Surface,Coal Mine - Surface,COAL,Operating,Rockhampton Office,,,,,,,-23.49741,148.84478,1279,High Potential Incident,Vehicle,Collision with another vehicle,High potential no lost time,surface,Moving vehicles/equipment,,,,,,
MI00594,Incident,2017-04-15 02:50:00,Hail Creek,Coal Mine - Surface,Coal Mine - Surface,COAL,Operating,Mackay Office,,,,,,,-21.5,148.34391,1280,High Potential Incident,Vehicle,Collision with another vehicle,High potential no lost time,surface,Moving vehicles/equipment,,,,,,
MI00094,Incident,2017-04-15 05:55:00,Cannington Mine,Metalliferous Mine - Underground,Metalliferous Mine - Underground,MMQ,Operating,Mount Isa Office,,,,,,,-21.86,140.91861,1281,High Potential Incident,Thermal,Fire,High potential no lost time,surface,Fire(s),,,,,,
MI01150,Incident,2017-04-16 01:10:00,Newlands Mine - Open Cut,Coal Mine - Surface,Coal Mine - Surface,COAL,Operating,Mackay Office,,Central,Newlands Access Road,Via Glenden,QLD,4743.0,-21.21217,147.88636,1282,High Potential Incident,Thermal,Fire,High potential no lost time,surface,Fire(s),,,,,,
MI02952,Incident,2017-04-16 04:43:00,Caval Ridge Mine,Coal Mine - Surface,Coal Mine - Surface,COAL,Operating,Mackay Office,C- Mackay,Central,,,,,-22.15615,148.05892,1283,High Potential Incident,Thermal,Fire,High potential no lost time,surface,Human error/actions,,,,,,
MI02976,Incident,2017-04-16 15:26:00,Grosvenor Coal Mine,Coal Mine - Underground,Coal Mine - Underground,COAL,Operating,Mackay Office,C- Moranbah,Central,Ground Floor 201 Charlotte Street,Brisbane,QLD,4001.0,-21.97533,148.00995,1284,High Potential Incident,Gas Management,CH4 >2.5%,High potential no lost time,underground,Flammable liquids/gases,,,,,,
MI00054,Incident,2017-04-17 02:30:00,Blackwater Mine,Coal Mine - Surface,Coal Mine - Surface,COAL,Operating,Rockhampton Office,,Central,Ardurad Road (Blackwater Rolleston Road),BLACKWATER,QLD,4717.0,-23.7697,148.87879,1285,High Potential Incident,Vehicle,Collision with another vehicle,High potential no lost time,surface,Moving vehicles/equipment,,,,,,
MI01422,Action,2017-04-17 04:40:00,Kestrel Coal Mine,Coal Mine - Underground,Coal Mine - Underground,COAL,Operating,Rockhampton Office,,,,,,,-23.26,148.30263,1286,,,,,,,Inspection,Closed,Substandard Condition or Practice,,,1.0
MI01422,Action,2017-04-17 04:47:00,Kestrel Coal Mine,Coal Mine - Underground,Coal Mine - Underground,COAL,Operating,Rockhampton Office,,,,,,,-23.26,148.30263,1287,,,,,,,Inspection,Closed,Recommendation,,,2.0
MI01422,Action,2017-04-17 04:59:00,Kestrel Coal Mine,Coal Mine - Underground,Coal Mine - Underground,COAL,Operating,Rockhampton Office,,,,,,,-23.26,148.30263,1288,,,,,,,Inspection,Closed,Substandard Condition or Practice,,,3.0
MI01422,Action,2017-04-17 05:05:00,Kestrel Coal Mine,Coal Mine - Underground,Coal Mine - Underground,COAL,Operating,Rockhampton Office,,,,,,,-23.26,148.30263,1289,,,,,,,Inspection,Closed,Substandard Condition or Practice,,,4.0
MI01422,Action,2017-04-17 05:08:00,Kestrel Coal Mine,Coal Mine - Underground,Coal Mine - Underground,COAL,Operating,Rockhampton Office,,,,,,,-23.26,148.30263,1290,,,,,,,Inspection,Closed,Recommendation,,,5.0
MI00594,Incident,2017-04-17 06:30:00,Hail Creek,Coal Mine - Surface,Coal Mine - Surface,COAL,Operating,Mackay Office,,,,,,,-21.5,148.34391,1291,High Potential Incident,Psychosocial,Micro-sleeps,High potential no lost time,surface,Moving vehicles/equipment,,,,,,
MI01540,Incident,2017-04-17 14:25:00,Ensham Mine,Coal Mine - Surface,Coal Mine - Surface,COAL,Operating,Rockhampton Office,,,,,,,-23.48,148.52054,1292,High Potential Incident,Thermal,Fire,High potential no lost time,surface,Fire(s),,,,,,
MI01569,Incident,2017-04-17 16:18:00,Rolleston Mine,Coal Mine - Surface,Coal Mine - Surface,COAL,Operating,Rockhampton Office,,,,,,,-24.44,148.41844,1293,High Potential Incident,Gravity,Other,High potential lost time,surface,Human error/actions,,,,,,
MI01705,Incident,2017-04-17 17:05:00,Poitrel Mine,Coal Mine - Surface,Coal Mine - Surface,COAL,Operating,Mackay Office,,Central,"Millennium Access Road
Peak Downs Highway",Moranbah,QLD,4744.0,-22.04109,148.26048,1294,High Potential Incident,Vehicle,Unplanned movement of equipment (eg CM),High potential no lost time,surface,Human error/actions,,,,,,
MI01538,Inspection,2017-04-18 00:00:00,Edmonton Quarry,Metalliferous - Quarry,Quarry,MMQ,Operating,Townsville Office,T- Innisfail / Cairns,Northern,,,,,-17.07919,145.73206,1295,,,,,,,Inspection,Closed,,,,
MI01584,Incident,2017-04-18 08:30:00,Collinsville Mine - Open Cut,Coal Mine - Surface,Coal Mine - Surface,COAL,Operating,Mackay Office,C- Mackay,Central,Scottville Road,Collinsville,QLD,4804.0,-20.55807,147.80291,1296,High Potential Incident,Vehicle,Unplanned movement of equipment (eg CM),High potential no lost time,surface,Moving vehicles/equipment,,,,,,
MI01648,Incident,2017-04-18 11:00:00,Dawson Mine,Coal Mine - Surface,Coal Mine - Surface,COAL,Operating,Rockhampton Office,,Central,Dawson Highway,MOURA,QLD,4718.0,-24.63169,150.06089,1297,High Potential Incident,Gravity,Fall of equipment/material,High potential no lost time,surface,Moving vehicles/equipment,,,,,,
MI00150,Incident,2017-04-18 12:30:00,Cracow Mine,Metalliferous Mine - Underground,Metalliferous Mine - Underground,MMQ,Operating,Brisbane Office,,,,,,,-25.3,150.28919,1298,High Potential Incident,Thermal,Fire,High potential no lost time,surface,Flammable liquids/gases,,,,,,
MI00150,Incident,2017-04-18 12:30:00,Cracow Mine,Metalliferous Mine - Underground,Metalliferous Mine - Underground,MMQ,Operating,Brisbane Office,,,,,,,-25.3,150.28919,1299,High Potential Incident,Thermal,Fire,High potential no lost time,surface,Flammable liquids/gases,,,,,,
MI02952,Incident,2017-04-18 13:30:00,Caval Ridge Mine,Coal Mine - Surface,Coal Mine - Surface,COAL,Operating,Mackay Office,C- Mackay,Central,,,,,-22.15615,148.05892,1300,High Potential Incident,Thermal,Fire,High potential no lost time,surface,Other,,,,,,
MI01865,Incident,2017-04-18 14:03:00,Middlemount Mine,Coal Mine - Surface,Coal Mine - Surface,COAL,Operating,Rockhampton Office,C- Emerald,Central,Dysart Road,MIDDLEMOUNT,QLD,4746.0,-22.88143889,148.63889,1301,High Potential Incident,Thermal,Fire,High potential no lost time,surface,Fire(s),,,,,,
MI00568,Incident,2017-04-18 14:30:00,Goonyella Riverside,Coal Mine - Surface,Coal Mine - Surface,COAL,Operating,Mackay Office,,Central,,,,,-21.7581,147.95235,1302,High Potential Incident,Thermal,Fire,High potential no lost time,surface,Fire(s),,,,,,
MI00796,Incident,2017-04-18 17:30:00,Mt Isa - Copper Concentrator,Metalliferous - Minerals Processing,Metalliferous Mine - Surface,MMQ,Operating,Mount Isa Office,MI- Mount Isa,Northern,,,,,-20.71935,139.484141,1303,High Potential Incident,Gravity,Fall of equipment/material,High potential lost time,surface,Moving components/parts,,,,,,
MI01422,Incident,2017-04-18 17:45:00,Kestrel Coal Mine,Coal Mine - Underground,Coal Mine - Underground,COAL,Operating,Rockhampton Office,,,,,,,-23.26,148.30263,1304,High Potential Incident,Electrical,Other,High potential no lost time,underground,Human error/actions,,,,,,
MI01157,Incident,2017-04-18 23:45:00,North Goonyella,Coal Mine - Underground,Coal Mine - Underground,COAL,Operating,Mackay Office,,Central,,,,,-21.65702,147.97045,1305,High Potential Incident,Electrical,Cable Damage,High potential no lost time,underground,Electrical equipment,,,,,,
MI02615,Inspection,2017-04-19 00:00:00,Roseneath Quarry - Holcim,Metalliferous - Quarry,Quarry,MMQ,Care & Maintenance,Townsville Office,T- Townsville / Ayr,Northern,,,,,-19.36638,146.83422,1306,,,,,,,Inspection,Closed,,,,
MI00096,Inspection,2017-04-19 00:00:00,Cape Flattery,Metalliferous Mine - Surface,Metalliferous Mine - Surface,MMQ,Operating,Townsville Office,T- Lakeland / Cooktown,Northern,,,,,-14.96902,145.31394,1307,,,,,,,Inspection,Closed,,,,
MI01362,Inspection,2017-04-19 00:00:00,Acid Plant,Metalliferous - Minerals Processing,Metalliferous Mine - Surface,MMQ,Operating,Mount Isa Office,MI- Mount Isa,Northern,,,,,-20.73533889,139.48389,1308,,,,,,,Inspection,Closed,,,,
MI03670,Inspection,2017-04-19 00:00:00,Barro Group of Companies,Metalliferous - Quarry,Quarry,MMQ,Closed,Brisbane Office,,Southern,,,,,0.0,0.0,1309,,,,,,,SafeGuard Systems Audit,Closed,,,,
MI03031,Inspection,2017-04-19 00:00:00,West German Church Quarry,Metalliferous - Quarry,Quarry,MMQ,Operating,Brisbane Office,B- Redland,Southern,,,,,-27.63005,153.269565,1310,,,,,,,Inspection,Closed,,,,
MI01375,Inspection,2017-04-19 00:00:00,Yellowood - Stonemaster Quarry,Metalliferous - Quarry,Quarry,MMQ,Operating,Brisbane Office,B- Gold Coast,Southern,,Yellowood,,,-27.72284,153.24587,1311,,,,,,,Inspection,Closed,,,,
MI00096,Inspection,2017-04-19 00:00:00,Cape Flattery,Metalliferous Mine - Surface,Metalliferous Mine - Surface,MMQ,Operating,Townsville Office,T- Lakeland / Cooktown,Northern,,,,,-14.96902,145.31394,1312,,,,,,,Inspection,Closed,,,,
MI00159,Incident,2017-04-19 01:15:00,Curragh Mine,Coal Mine - Surface,Coal Mine - Surface,COAL,Operating,Rockhampton Office,,,,,,,-23.49741,148.84478,1313,High Potential Incident,Thermal,Fire,High potential no lost time,surface,Fire(s),,,,,,
MI01546,Action,2017-04-19 02:17:00,George Fisher Mine,Metalliferous Mine - Underground,Metalliferous Mine - Underground,MMQ,Operating,Mount Isa Office,,,,,,,-20.57,139.47761,1314,,Explosives,Misfire,,,,Inspection,Closed,Substandard Condition or Practice,,,2.0
MI03670,Action,2017-04-19 03:19:00,Barro Group of Companies,Metalliferous - Quarry,Quarry,MMQ,Closed,Brisbane Office,,Southern,,,,,0.0,0.0,1315,,Non Hazard Specific,Accident/incident reporting/investigating,,,,SafeGuard Systems Audit,Closed,Directive,165.0,Directive to review safety and health management system,1.0
MI03670,Action,2017-04-19 03:55:00,Barro Group of Companies,Metalliferous - Quarry,Quarry,MMQ,Closed,Brisbane Office,,Southern,,,,,0.0,0.0,1316,,Non Hazard Specific,Accident/incident reporting/investigating,,,,SafeGuard Systems Audit,Closed,Directive,165.0,Directive to review safety and health management system,2.0
MI03670,Action,2017-04-19 04:24:00,Barro Group of Companies,Metalliferous - Quarry,Quarry,MMQ,Closed,Brisbane Office,,Southern,,,,,0.0,0.0,1317,,Non Hazard Specific,Procedures,,,,SafeGuard Systems Audit,Closed,Substandard Condition or Practice,,,3.0
MI02320,Action,2017-04-19 07:55:00,Swanbank Box Flat Extended No.2,Metalliferous Mine - Surface,Metalliferous Mine - Surface,MMQ,Closed,Brisbane Office,B- Ipswich,Southern,,,,,-27.89305556,152.83139,1318,,Non Hazard Specific,Supervision,,,,Inspection,Closed,Substandard Condition or Practice,,,1.0
MI01546,Action,2017-04-19 12:19:00,George Fisher Mine,Metalliferous Mine - Underground,Metalliferous Mine - Underground,MMQ,Operating,Mount Isa Office,,,,,,,-20.57,139.47761,1319,,Explosives,Misfire,,,,Inspection,Closed,Substandard Condition or Practice,,,1.0
MI01150,Incident,2017-04-19 15:25:00,Newlands Mine - Open Cut,Coal Mine - Surface,Coal Mine - Surface,COAL,Operating,Mackay Office,,Central,Newlands Access Road,Via Glenden,QLD,4743.0,-21.21217,147.88636,1320,High Potential Incident,,,,,,,,,,,
MI01976,Incident,2017-04-19 18:55:00,Daunia Mine,Coal Mine - Surface,Coal Mine - Surface,COAL,Operating,Mackay Office,,Central,"Millennium Poitrel Access Road
Via Peak Downs Road",Moranbah,QLD,4744.0,-22.04127,148.26852,1321,High Potential Incident,Vehicle,Unplanned movement of equipment (eg CM),High potential no lost time,surface,Other,,,,,,
MI01546,Incident,2017-04-19 20:55:00,George Fisher Mine,Metalliferous Mine - Underground,Metalliferous Mine - Underground,MMQ,Operating,Mount Isa Office,,,,,,,-20.57,139.47761,1322,High Potential Incident,Vehicle,Collision with another vehicle,High potential no lost time,underground,Moving vehicles/equipment,,,,,,
MI02077,Inspection,2017-04-20 00:00:00,Mungana Plant,Metalliferous - Minerals Processing,Metalliferous Mine - Surface,MMQ,Care & Maintenance,Townsville Office,T- Chilligoe,Northern,,,,,-17.10936,144.38471,1323,,,,,,,Inspection,Closed,,,,
MI02663,Inspection,2017-04-20 00:00:00,Ensham Underground Mine,Coal Mine - Underground,Coal Mine - Underground,COAL,Operating,Rockhampton Office,,,,,,,-23.5,148.49282,1324,,,,,,,Inspection,Closed,,,,
MI00599,Inspection,2017-04-20 00:00:00,Harlaxton Quarry,Metalliferous - Quarry,Quarry,MMQ,Operating,Brisbane Office,B- Toowoomba,Southern,,,,,-27.53157,151.962701,1325,,,,,,,Inspection,Closed,,,,
MI00766,Inspection,2017-04-20 00:00:00,Mount Marrow Quarry,Metalliferous - Quarry,Quarry,MMQ,Operating,Brisbane Office,B- Ipswich,Southern,,,,,-27.59233,152.624209,1326,,,,,,,SafeGuard Systems Audit,Closed,,,,
MI02813,Inspection,2017-04-20 00:00:00,Brendale Sand & Gravel,Metalliferous - Quarry,Quarry,MMQ,Operating,Brisbane Office,B- Brisbane,Southern,Johnstone Road,Brendale,QLD,4500.0,-27.32266,152.994104,1327,,,,,,,Inspection,Closed,,,,
MI00094,Inspection,2017-04-20 00:00:00,Cannington Mine,Metalliferous Mine - Underground,Metalliferous Mine - Underground,MMQ,Operating,Mount Isa Office,,,,,,,-21.86,140.91861,1328,,,,,,,Inspection,Closed,,,,
MI00181,Inspection,2017-04-20 00:00:00,Dundowran West Quarry,Metalliferous - Quarry,Quarry,MMQ,Operating,Brisbane Office,B- Fraser Coast,Southern,,,,,-25.30993,152.740782,1329,,,,,,,SafeGuard Systems Audit,Closed,,,,
MI00758,Inspection,2017-04-20 00:00:00,Mount Cotton Quarry,Metalliferous - Quarry,Quarry,MMQ,Operating,Brisbane Office,B- Redland,Southern,1515 Mt Cotton Road,Mt Cotton,QLD,4163.0,-27.63574,153.230404,1330,,,,,,,SafeGuard Systems Audit,Closed,,,,
MI01473,Inspection,2017-04-20 00:00:00,Black River Quarry,Metalliferous - Quarry,Quarry,MMQ,Operating,Townsville Office,T- Townsville / Ayr,Northern,,,,,-19.26207,146.57356,1331,,,,,,,SafeGuard Systems Audit,Closed,,,,
MI00758,Action,2017-04-20 01:01:00,Mount Cotton Quarry,Metalliferous - Quarry,Quarry,MMQ,Operating,Brisbane Office,B- Redland,Southern,1515 Mt Cotton Road,Mt Cotton,QLD,4163.0,-27.63574,153.230404,1332,,Non Hazard Specific,Risk management,,,,SafeGuard Systems Audit,Closed,Directive,165.0,Directive to review safety and health management system,6.0
MI00758,Action,2017-04-20 01:19:00,Mount Cotton Quarry,Metalliferous - Quarry,Quarry,MMQ,Operating,Brisbane Office,B- Redland,Southern,1515 Mt Cotton Road,Mt Cotton,QLD,4163.0,-27.63574,153.230404,1333,,Mechanical,Caught in nip point,,,,SafeGuard Systems Audit,Closed,Directive,163.0,Directive to reduce risk,7.0
MI00758,Action,2017-04-20 01:31:00,Mount Cotton Quarry,Metalliferous - Quarry,Quarry,MMQ,Operating,Brisbane Office,B- Redland,Southern,1515 Mt Cotton Road,Mt Cotton,QLD,4163.0,-27.63574,153.230404,1334,,Gravity,Fall of vehicle,,,,SafeGuard Systems Audit,Closed,Directive,163.0,Directive to reduce risk,8.0
MI00181,Action,2017-04-20 01:48:00,Dundowran West Quarry,Metalliferous - Quarry,Quarry,MMQ,Operating,Brisbane Office,B- Fraser Coast,Southern,,,,,-25.30993,152.740782,1335,,Non Hazard Specific,Risk management,,,,SafeGuard Systems Audit,Closed,Directive,165.0,Directive to review safety and health management system,1.0
MI00181,Action,2017-04-20 02:05:00,Dundowran West Quarry,Metalliferous - Quarry,Quarry,MMQ,Operating,Brisbane Office,B- Fraser Coast,Southern,,,,,-25.30993,152.740782,1336,,Non Hazard Specific,Communication,,,,SafeGuard Systems Audit,Closed,Substandard Condition or Practice,,,2.0
MI00181,Action,2017-04-20 02:16:00,Dundowran West Quarry,Metalliferous - Quarry,Quarry,MMQ,Operating,Brisbane Office,B- Fraser Coast,Southern,,,,,-25.30993,152.740782,1337,,Non Hazard Specific,Management structure,,,,SafeGuard Systems Audit,Closed,Substandard Condition or Practice,,,3.0
MI00181,Action,2017-04-20 02:23:00,Dundowran West Quarry,Metalliferous - Quarry,Quarry,MMQ,Operating,Brisbane Office,B- Fraser Coast,Southern,,,,,-25.30993,152.740782,1338,,Mechanical,Struck by projectile,,,,SafeGuard Systems Audit,Closed,Directive,165.0,Directive to review safety and health management system,4.0
MI00181,Action,2017-04-20 02:39:00,Dundowran West Quarry,Metalliferous - Quarry,Quarry,MMQ,Operating,Brisbane Office,B- Fraser Coast,Southern,,,,,-25.30993,152.740782,1339,,Vehicle,Collision with another vehicle,,,,SafeGuard Systems Audit,Closed,Directive,163.0,Directive to reduce risk,5.0
MI00181,Action,2017-04-20 02:50:00,Dundowran West Quarry,Metalliferous - Quarry,Quarry,MMQ,Operating,Brisbane Office,B- Fraser Coast,Southern,,,,,-25.30993,152.740782,1340,,Mechanical,Entangled in rotating plant,,,,SafeGuard Systems Audit,Closed,Directive,163.0,Directive to reduce risk,6.0
MI00181,Action,2017-04-20 02:58:00,Dundowran West Quarry,Metalliferous - Quarry,Quarry,MMQ,Operating,Brisbane Office,B- Fraser Coast,Southern,,,,,-25.30993,152.740782,1341,,Non Hazard Specific,Contractor management,,,,SafeGuard Systems Audit,Closed,Substandard Condition or Practice,,,7.0
MI00181,Action,2017-04-20 03:05:00,Dundowran West Quarry,Metalliferous - Quarry,Quarry,MMQ,Operating,Brisbane Office,B- Fraser Coast,Southern,,,,,-25.30993,152.740782,1342,,Vehicle,Collision with another vehicle,,,,SafeGuard Systems Audit,Closed,Directive,163.0,Directive to reduce risk,8.0
MI00766,Action,2017-04-20 03:33:00,Mount Marrow Quarry,Metalliferous - Quarry,Quarry,MMQ,Operating,Brisbane Office,B- Ipswich,Southern,,,,,-27.59233,152.624209,1343,,Non Hazard Specific,Management structure,,,,SafeGuard Systems Audit,Closed,Substandard Condition or Practice,,,1.0
MI00766,Action,2017-04-20 03:43:00,Mount Marrow Quarry,Metalliferous - Quarry,Quarry,MMQ,Operating,Brisbane Office,B- Ipswich,Southern,,,,,-27.59233,152.624209,1344,,Vehicle,Collision with a person,,,,SafeGuard Systems Audit,Closed,Directive,165.0,Directive to review safety and health management system,2.0
MI00766,Action,2017-04-20 03:52:00,Mount Marrow Quarry,Metalliferous - Quarry,Quarry,MMQ,Operating,Brisbane Office,B- Ipswich,Southern,,,,,-27.59233,152.624209,1345,,Vehicle,Collision with another vehicle,,,,SafeGuard Systems Audit,Closed,Directive,163.0,Directive to reduce risk,3.0
MI03670,Action,2017-04-20 04:04:00,Barro Group of Companies,Metalliferous - Quarry,Quarry,MMQ,Closed,Brisbane Office,,Southern,,,,,0.0,0.0,1346,,Non Hazard Specific,Safety and Health Management System,,,,SafeGuard Systems Audit,Closed,Substandard Condition or Practice,,,8.0
MI03670,Action,2017-04-20 08:07:00,Barro Group of Companies,Metalliferous - Quarry,Quarry,MMQ,Closed,Brisbane Office,,Southern,,,,,0.0,0.0,1347,,Non Hazard Specific,Contractor management,,,,SafeGuard Systems Audit,Closed,Directive,165.0,Directive to review safety and health management system,4.0
MI03670,Action,2017-04-20 08:28:00,Barro Group of Companies,Metalliferous - Quarry,Quarry,MMQ,Closed,Brisbane Office,,Southern,,,,,0.0,0.0,1348,,Non Hazard Specific,Safety and Health Management System,,,,SafeGuard Systems Audit,Closed,Substandard Condition or Practice,,,5.0
MI03670,Action,2017-04-20 08:41:00,Barro Group of Companies,Metalliferous - Quarry,Quarry,MMQ,Closed,Brisbane Office,,Southern,,,,,0.0,0.0,1349,,Gravity,Fall of ground,,,,SafeGuard Systems Audit,Closed,Directive,165.0,Directive to review safety and health management system,6.0
MI03670,Action,2017-04-20 08:54:00,Barro Group of Companies,Metalliferous - Quarry,Quarry,MMQ,Closed,Brisbane Office,,Southern,,,,,0.0,0.0,1350,,Gravity,Fall of equipment/material,,,,SafeGuard Systems Audit,Closed,Directive,165.0,Directive to review safety and health management system,7.0
MI01473,Action,2017-04-20 09:43:00,Black River Quarry,Metalliferous - Quarry,Quarry,MMQ,Operating,Townsville Office,T- Townsville / Ayr,Northern,,,,,-19.26207,146.57356,1351,,Vehicle,Collision with a person,,,,SafeGuard Systems Audit,Closed,Substandard Condition or Practice,,,1.0
MI01473,Action,2017-04-20 09:51:00,Black River Quarry,Metalliferous - Quarry,Quarry,MMQ,Operating,Townsville Office,T- Townsville / Ayr,Northern,,,,,-19.26207,146.57356,1352,,Gravity,Fall of vehicle,,,,SafeGuard Systems Audit,Closed,Directive,165.0,Directive to review safety and health management system,2.0
MI01473,Action,2017-04-20 10:28:00,Black River Quarry,Metalliferous - Quarry,Quarry,MMQ,Operating,Townsville Office,T- Townsville / Ayr,Northern,,,,,-19.26207,146.57356,1353,,Non Hazard Specific,Management structure,,,,SafeGuard Systems Audit,Closed,Substandard Condition or Practice,,,3.0
MI01473,Action,2017-04-20 10:37:00,Black River Quarry,Metalliferous - Quarry,Quarry,MMQ,Operating,Townsville Office,T- Townsville / Ayr,Northern,,,,,-19.26207,146.57356,1354,,Non Hazard Specific,Site Safety and Health Representatives,,,,SafeGuard Systems Audit,Closed,Substandard Condition or Practice,,,4.0
MI01473,Action,2017-04-20 10:45:00,Black River Quarry,Metalliferous - Quarry,Quarry,MMQ,Operating,Townsville Office,T- Townsville / Ayr,Northern,,,,,-19.26207,146.57356,1355,,Chemical,Entry into an irrespirable atmosphere,,,,SafeGuard Systems Audit,Closed,Directive,165.0,Directive to review safety and health management system,5.0
MI00758,Action,2017-04-20 11:19:00,Mount Cotton Quarry,Metalliferous - Quarry,Quarry,MMQ,Operating,Brisbane Office,B- Redland,Southern,1515 Mt Cotton Road,Mt Cotton,QLD,4163.0,-27.63574,153.230404,1356,,Non Hazard Specific,Records,,,,SafeGuard Systems Audit,Closed,Substandard Condition or Practice,,,1.0
MI00758,Action,2017-04-20 11:32:00,Mount Cotton Quarry,Metalliferous - Quarry,Quarry,MMQ,Operating,Brisbane Office,B- Redland,Southern,1515 Mt Cotton Road,Mt Cotton,QLD,4163.0,-27.63574,153.230404,1357,,Pressure,Tyre rim failure/rupture,,,,SafeGuard Systems Audit,Closed,Directive,165.0,Directive to review safety and health management system,2.0
MI00758,Action,2017-04-20 11:54:00,Mount Cotton Quarry,Metalliferous - Quarry,Quarry,MMQ,Operating,Brisbane Office,B- Redland,Southern,1515 Mt Cotton Road,Mt Cotton,QLD,4163.0,-27.63574,153.230404,1358,,Non Hazard Specific,Obligations,,,,SafeGuard Systems Audit,Closed,Directive,165.0,Directive to review safety and health management system,3.0
MI00758,Action,2017-04-20 12:20:00,Mount Cotton Quarry,Metalliferous - Quarry,Quarry,MMQ,Operating,Brisbane Office,B- Redland,Southern,1515 Mt Cotton Road,Mt Cotton,QLD,4163.0,-27.63574,153.230404,1359,,Non Hazard Specific,Supervision,,,,SafeGuard Systems Audit,Closed,Directive,165.0,Directive to review safety and health management system,4.0
MI00758,Action,2017-04-20 12:35:00,Mount Cotton Quarry,Metalliferous - Quarry,Quarry,MMQ,Operating,Brisbane Office,B- Redland,Southern,1515 Mt Cotton Road,Mt Cotton,QLD,4163.0,-27.63574,153.230404,1360,,Mechanical,Other,,,,SafeGuard Systems Audit,Closed,Directive,165.0,Directive to review safety and health management system,5.0
MI00594,Incident,2017-04-20 16:30:00,Hail Creek,Coal Mine - Surface,Coal Mine - Surface,COAL,Operating,Mackay Office,,,,,,,-21.5,148.34391,1361,High Potential Incident,Vehicle,Unplanned movement of equipment (eg CM),High potential no lost time,surface,Other,,,,,,
MI00750,Incident,2017-04-20 19:36:00,Moranbah North,Coal Mine - Underground,Coal Mine - Underground,COAL,Operating,Mackay Office,C- Moranbah,Central,1164 Goonyella Road,Moranbah,QLD,4744.0,-21.88576,147.96564,1362,High Potential Incident,Vehicle,Collision with another vehicle,High potential no lost time,surface,Human error/actions,,,,,,
MI00147,Inspection,2017-04-21 00:00:00,Bundaberg Sand Mine,Metalliferous Mine - Surface,Metalliferous Mine - Surface,MMQ,Operating,Brisbane Office,B- Bundaberg,Southern,Palm Beach Road,COONARR,QLD,4670.0,-25.00104,152.497048,1363,,,,,,,Inspection,Closed,,,,
MI01539,Inspection,2017-04-21 00:00:00,Eloise,Metalliferous Mine - Underground,Metalliferous Mine - Underground,MMQ,Operating,Mount Isa Office,,,,,,,-20.95,140.9809,1364,,,,,,,Inspection,Closed,,,,
MI00105,Inspection,2017-04-21 00:00:00,Castlereagh Quarry,Metalliferous - Quarry,Quarry,MMQ,Operating,Mount Isa Office,MI- Cloncurry,Northern,15 Alice Street,Cloncurry,QLD,4824.0,-20.66233,140.563103,1365,,,,,,,Inspection,Closed,,,,
MI03659,Inspection,2017-04-21 00:00:00,Mount Lucy,Metalliferous Mine - Surface,Metalliferous Mine - Surface,MMQ,Care & Maintenance,Townsville Office,T- Chilligoe,Northern,,,,,-17.3458,144.63739,1366,,,,,,,Inspection,Closed,,,,
MI02976,Incident,2017-04-21 01:30:00,Grosvenor Coal Mine,Coal Mine - Underground,Coal Mine - Underground,COAL,Operating,Mackay Office,C- Moranbah,Central,Ground Floor 201 Charlotte Street,Brisbane,QLD,4001.0,-21.97533,148.00995,1367,High Potential Incident,Electrical,Explosion protected equipment failure,High potential no lost time,underground,Electrical equipment,,,,,,
MI00159,Incident,2017-04-21 02:35:00,Curragh Mine,Coal Mine - Surface,Coal Mine - Surface,COAL,Operating,Rockhampton Office,,,,,,,-23.49741,148.84478,1368,High Potential Incident,Electrical,Cable Damage,High potential no lost time,surface,Moving vehicles/equipment,,,,,,
MI00150,Incident,2017-04-21 16:00:00,Cracow Mine,Metalliferous Mine - Underground,Metalliferous Mine - Underground,MMQ,Operating,Brisbane Office,,,,,,,-25.3,150.28919,1369,High Potential Incident,Mechanical,Entangled in rotating plant,High potential no lost time,underground,Human error/actions,,,,,,
MI00594,Incident,2017-04-22 07:30:00,Hail Creek,Coal Mine - Surface,Coal Mine - Surface,COAL,Operating,Mackay Office,,,,,,,-21.5,148.34391,1370,High Potential Incident,Mechanical,Struck by projectile,High potential lost time,surface,Human error/actions,,,,,,
MI01479,Incident,2017-04-22 12:00:00,Ravenswood Gold Mine,Metalliferous Mine - Surface,Metalliferous Mine - Surface,MMQ,Operating,Townsville Office,,,,,,,-20.11,146.89854,1371,High Potential Incident,Explosives,Unintended detonation,High potential no lost time,surface,Human error/actions,,,,,,
MI00568,Incident,2017-04-23 05:00:00,Goonyella Riverside,Coal Mine - Surface,Coal Mine - Surface,COAL,Operating,Mackay Office,,Central,,,,,-21.7581,147.95235,1372,High Potential Incident,Vehicle,Unplanned movement of equipment (eg CM),High potential no lost time,surface,Moving vehicles/equipment,,,,,,
MI00594,Incident,2017-04-23 06:30:00,Hail Creek,Coal Mine - Surface,Coal Mine - Surface,COAL,Operating,Mackay Office,,,,,,,-21.5,148.34391,1373,High Potential Incident,Mechanical,Other,High potential lost time,surface,Moving components/parts,,,,,,
MI01705,Incident,2017-04-23 12:30:00,Poitrel Mine,Coal Mine - Surface,Coal Mine - Surface,COAL,Operating,Mackay Office,,Central,"Millennium Access Road
Peak Downs Highway",Moranbah,QLD,4744.0,-22.04109,148.26048,1374,High Potential Incident,,,High potential no lost time,surface,Explosives,,,,,,
MI03427,Incident,2017-04-23 13:00:00,Jellinbah Plains,Coal Mine - Surface,Coal Mine - Surface,COAL,Closed,Rockhampton Office,,Central,Fitzroy Development Road,BLUFF,QLD,4702.0,-23.32663,148.92329,1375,High Potential Incident,,,High potential no lost time,surface,Explosives,,,,,,
MI00631,Incident,2017-04-23 14:50:00,Jellinbah East Mine,Coal Mine - Surface,Coal Mine - Surface,COAL,Operating,Rockhampton Office,,Central,,BLUFF,QLD,4702.0,-23.38814,148.96074,1376,High Potential Incident,Vehicle,Unplanned movement of equipment (eg CM),High potential no lost time,surface,Moving vehicles/equipment,,,,,,
MI01907,Incident,2017-04-23 20:00:00,Lake Vermont,Coal Mine - Surface,Coal Mine - Surface,COAL,Operating,Mackay Office,,,,,,,-22.47,148.40803,1377,High Potential Incident,Pressure,Failure of pressure vessel (cylinder - hose - accumulator),High potential no lost time,surface,Falling/flying material/objects,,,,,,
MI02614,Inspection,2017-04-24 00:00:00,Roseneath Quarry - Boral,Metalliferous - Quarry,Quarry,MMQ,Operating,Townsville Office,T- Townsville / Ayr,Northern,720 Flinders Highway,Roseneath,QLD,4811.0,-19.37032,146.83264,1378,,,,,,,Inspection,Closed,,,,
MI02614,Inspection,2017-04-24 00:00:00,Roseneath Quarry - Boral,Metalliferous - Quarry,Quarry,MMQ,Operating,Townsville Office,T- Townsville / Ayr,Northern,720 Flinders Highway,Roseneath,QLD,4811.0,-19.37032,146.83264,1379,,,,,,,Inspection,Closed,,,,
MI01414,Action,2017-04-24 01:03:00,Yarraman,Metalliferous Mine - Dredging Operation,Metalliferous Mine - Surface,MMQ,Closed,Brisbane Office,B- Redland,Southern,,,,,-27.46515,153.491104,1380,,Gravity,Fall of people,,,,Inspection,Closed,Directive,163.0,Directive to reduce risk,1.0
MI01414,Action,2017-04-24 02:12:00,Yarraman,Metalliferous Mine - Dredging Operation,Metalliferous Mine - Surface,MMQ,Closed,Brisbane Office,B- Redland,Southern,,,,,-27.46515,153.491104,1381,,Non Hazard Specific,Extreme weather,,,,Inspection,Closed,Substandard Condition or Practice,,,2.0
MI01414,Action,2017-04-24 02:17:00,Yarraman,Metalliferous Mine - Dredging Operation,Metalliferous Mine - Surface,MMQ,Closed,Brisbane Office,B- Redland,Southern,,,,,-27.46515,153.491104,1382,,Gravity,Fall of people,,,,Inspection,Closed,Substandard Condition or Practice,,,3.0
MI01375,Action,2017-04-24 03:05:00,Yellowood - Stonemaster Quarry,Metalliferous - Quarry,Quarry,MMQ,Operating,Brisbane Office,B- Gold Coast,Southern,,Yellowood,,,-27.72284,153.24587,1383,,Mechanical,Caught in nip point,,,,Inspection,Closed,Substandard Condition or Practice,,,1.0
MI00105,Action,2017-04-24 03:17:00,Castlereagh Quarry,Metalliferous - Quarry,Quarry,MMQ,Operating,Mount Isa Office,MI- Cloncurry,Northern,15 Alice Street,Cloncurry,QLD,4824.0,-20.66233,140.563103,1384,,Mechanical,Caught in nip point,,,,Inspection,Closed,Directive,164.0,Directive to suspend operations for unacceptable level of risk,1.0
MI00105,Action,2017-04-24 03:37:00,Castlereagh Quarry,Metalliferous - Quarry,Quarry,MMQ,Operating,Mount Isa Office,MI- Cloncurry,Northern,15 Alice Street,Cloncurry,QLD,4824.0,-20.66233,140.563103,1385,,Gravity,Fall of people,,,,Inspection,Closed,Directive,164.0,Directive to suspend operations for unacceptable level of risk,2.0
MI02139,Incident,2017-04-24 07:45:00,Cameby Downs Coal Mine,Coal Mine - Surface,Coal Mine - Surface,COAL,Operating,Rockhampton Office,S- Western Downs,Central,260 Ryalls Road,MILES,QLD,4415.0,-26.6469,150.333875,1386,High Potential Incident,,,High potential no lost time,surface,Explosives,,,,,,
MI02663,Action,2017-04-24 09:24:00,Ensham Underground Mine,Coal Mine - Underground,Coal Mine - Underground,COAL,Operating,Rockhampton Office,,,,,,,-23.5,148.49282,1387,,,,,,,Inspection,Closed,Substandard Condition or Practice,,,1.0
MI02663,Action,2017-04-24 09:30:00,Ensham Underground Mine,Coal Mine - Underground,Coal Mine - Underground,COAL,Operating,Rockhampton Office,,,,,,,-23.5,148.49282,1388,,,,,,,Inspection,Closed,Substandard Condition or Practice,,,2.0
MI02663,Action,2017-04-24 09:35:00,Ensham Underground Mine,Coal Mine - Underground,Coal Mine - Underground,COAL,Operating,Rockhampton Office,,,,,,,-23.5,148.49282,1389,,,,,,,Inspection,Closed,Substandard Condition or Practice,,,3.0
MI01405,Action,2017-04-24 10:34:00,NSI Rehabilitation,Metalliferous Mine - Dredging Operation,Metalliferous Mine - Surface,MMQ,Operating,Brisbane Office,B- Redland,Southern,,,,,-27.59337,153.442989,1390,,Gravity,Fall of equipment/material,,,,Inspection,Closed,Directive,165.0,Directive to review safety and health management system,1.0
MI01405,Action,2017-04-24 10:45:00,NSI Rehabilitation,Metalliferous Mine - Dredging Operation,Metalliferous Mine - Surface,MMQ,Operating,Brisbane Office,B- Redland,Southern,,,,,-27.59337,153.442989,1391,,Electrical,Other,,,,Inspection,Closed,Substandard Condition or Practice,,,2.0
MI01405,Action,2017-04-24 10:58:00,NSI Rehabilitation,Metalliferous Mine - Dredging Operation,Metalliferous Mine - Surface,MMQ,Operating,Brisbane Office,B- Redland,Southern,,,,,-27.59337,153.442989,1392,,Electrical,Other,,,,Inspection,Closed,Substandard Condition or Practice,,,3.0
MI01405,Action,2017-04-24 11:04:00,NSI Rehabilitation,Metalliferous Mine - Dredging Operation,Metalliferous Mine - Surface,MMQ,Operating,Brisbane Office,B- Redland,Southern,,,,,-27.59337,153.442989,1393,,Non Hazard Specific,Extreme weather,,,,Inspection,Closed,Substandard Condition or Practice,,,4.0
MI01405,Action,2017-04-24 11:12:00,NSI Rehabilitation,Metalliferous Mine - Dredging Operation,Metalliferous Mine - Surface,MMQ,Operating,Brisbane Office,B- Redland,Southern,,,,,-27.59337,153.442989,1394,,Non Hazard Specific,Procedures,,,,Inspection,Closed,Substandard Condition or Practice,,,5.0
MI00750,Incident,2017-04-24 21:00:00,Moranbah North,Coal Mine - Underground,Coal Mine - Underground,COAL,Operating,Mackay Office,C- Moranbah,Central,1164 Goonyella Road,Moranbah,QLD,4744.0,-21.88576,147.96564,1395,High Potential Incident,Gas Management,CH4 >2.5%,High potential no lost time,underground,Flammable liquids/gases,,,,,,
MI00568,Incident,2017-04-24 23:30:00,Goonyella Riverside,Coal Mine - Surface,Coal Mine - Surface,COAL,Operating,Mackay Office,,Central,,,,,-21.7581,147.95235,1396,High Potential Incident,Vehicle,Collision with another vehicle,Lost time,surface,Moving vehicles/equipment,,,,,,
MI01383,Inspection,2017-04-25 00:00:00,Minerva Mine,Coal Mine - Surface,Coal Mine - Surface,COAL,Care & Maintenance,Rockhampton Office,C- Emerald,Central,Wurba Road,SPRINGSURE,QLD,4722.0,-23.90942,148.06107,1397,,,,,,,Inspection,Closed,,,,
MI01648,Incident,2017-04-25 08:30:00,Dawson Mine,Coal Mine - Surface,Coal Mine - Surface,COAL,Operating,Rockhampton Office,,Central,Dawson Highway,MOURA,QLD,4718.0,-24.63169,150.06089,1398,High Potential Incident,,,High potential no lost time,surface,Explosives,,,,,,
MI00094,Incident,2017-04-25 11:30:00,Cannington Mine,Metalliferous Mine - Underground,Metalliferous Mine - Underground,MMQ,Operating,Mount Isa Office,,,,,,,-21.86,140.91861,1399,High Potential Incident,Gravity,Fall of ground,High potential no lost time,underground,Strata failure,,,,,,
MI00797,Incident,2017-04-25 12:30:00,Mt Isa - Copper Smelter,Metalliferous - Minerals Processing,Metalliferous Mine - Surface,MMQ,Operating,Mount Isa Office,MI- Mount Isa,Northern,,,,,-20.72921,139.484131,1400,High Potential Incident,Gravity,Fall of a structure,High potential no lost time,surface,Falling/flying material/objects,,,,,,
MI00594,Incident,2017-04-25 13:45:00,Hail Creek,Coal Mine - Surface,Coal Mine - Surface,COAL,Operating,Mackay Office,,,,,,,-21.5,148.34391,1401,High Potential Incident,Vehicle,Collision with a built or natural structure,High potential no lost time,surface,Moving vehicles/equipment,,,,,,
MI01757,Inspection,2017-04-26 00:00:00,Bromelton North Quarry,Metalliferous - Quarry,Quarry,MMQ,Operating,Brisbane Office,B- Scenic Rim,Southern,Sandy Creek Road,Bromelton,QLD,4285.0,-27.99215,152.935932,1402,,,,,,,Inspection,Closed,,,,
MI02363,Inspection,2017-04-26 00:00:00,Four Mile Sandstone Quarry,Metalliferous - Quarry,Quarry,MMQ,Infrequent Operation,Brisbane Office,B- Gympie,Southern,,,,,-26.02133,152.6255,1403,,,,,,,Inspection,Closed,,,,
MI00079,Inspection,2017-04-26 00:00:00,Bromelton Quarry,Metalliferous - Quarry,Quarry,MMQ,Operating,Brisbane Office,B- Scenic Rim,Southern,325 Sandy Creek Road,Bromelton,QLD,4285.0,-27.99562,152.930691,1404,,,,,,,Inspection,Closed,,,,
MI01648,Inspection,2017-04-26 00:00:00,Dawson Mine,Coal Mine - Surface,Coal Mine - Surface,COAL,Operating,Rockhampton Office,,Central,Dawson Highway,MOURA,QLD,4718.0,-24.63169,150.06089,1405,,,,,,,Inspection,Closed,,,,
MI00015,Inspection,2017-04-26 00:00:00,Anderleigh Mine,Metalliferous Mine - Surface,Metalliferous Mine - Surface,MMQ,Infrequent Operation,Brisbane Office,B- Gympie,Southern,Sorensen Road,Gunalda,QLD,4570.0,-26.02381,152.60467,1406,,,,,,,Inspection,Closed,,,,
MI01648,Inspection,2017-04-26 00:00:00,Dawson Mine,Coal Mine - Surface,Coal Mine - Surface,COAL,Operating,Rockhampton Office,,Central,Dawson Highway,MOURA,QLD,4718.0,-24.63169,150.06089,1407,,,,,,,Inspection,Closed,,,,
MI03031,Action,2017-04-26 02:07:00,West German Church Quarry,Metalliferous - Quarry,Quarry,MMQ,Operating,Brisbane Office,B- Redland,Southern,,,,,-27.63005,153.269565,1408,,Vehicle,Rollover,,,,Inspection,Closed,Directive,165.0,Directive to review safety and health management system,1.0
MI01174,Incident,2017-04-26 02:45:00,Pajingo - Vera Underground,Metalliferous Mine - Underground,Metalliferous Mine - Underground,MMQ,Operating,Townsville Office,T- Charters Towers / Ravenswood,Northern,,,,,-20.54745,146.464128,1409,High Potential Incident,Vehicle,Collision with a built or natural structure,High potential no lost time,underground,Moving vehicles/equipment,,,,,,
MI00594,Incident,2017-04-26 03:00:00,Hail Creek,Coal Mine - Surface,Coal Mine - Surface,COAL,Operating,Mackay Office,,,,,,,-21.5,148.34391,1410,High Potential Incident,Vehicle,Unplanned movement of equipment (eg CM),High potential no lost time,surface,Moving vehicles/equipment,,,,,,
MI01174,Incident,2017-04-26 06:00:00,Pajingo - Vera Underground,Metalliferous Mine - Underground,Metalliferous Mine - Underground,MMQ,Operating,Townsville Office,T- Charters Towers / Ravenswood,Northern,,,,,-20.54745,146.464128,1411,High Potential Incident,Gravity,Fall of ground,High potential no lost time,underground,Falling/flying material/objects,,,,,,
MI01174,Incident,2017-04-26 06:15:00,Pajingo - Vera Underground,Metalliferous Mine - Underground,Metalliferous Mine - Underground,MMQ,Operating,Townsville Office,T- Charters Towers / Ravenswood,Northern,,,,,-20.54745,146.464128,1412,High Potential Incident,Non Hazard Specific,Mine plans,High potential no lost time,underground,Strata failure,,,,,,
MI00797,Incident,2017-04-26 08:55:00,Mt Isa - Copper Smelter,Metalliferous - Minerals Processing,Metalliferous Mine - Surface,MMQ,Operating,Mount Isa Office,MI- Mount Isa,Northern,,,,,-20.72921,139.484131,1413,High Potential Incident,Gravity,Fall of equipment/material,High potential no lost time,surface,Human error/actions,,,,,,
MI02103,Incident,2017-04-26 15:30:00,Mount Carlton,Metalliferous Mine - Surface,Metalliferous Mine - Surface,MMQ,Care & Maintenance,Townsville Office,T- Prosperpine / Bowen,Northern,"Tondara Road,",Bogie,QLD,4805.0,-20.27261,147.54583,1414,High Potential Incident,Vehicle,Collision with a built or natural structure,High potential no lost time,surface,Human error/actions,,,,,,
MI00159,Incident,2017-04-26 15:50:00,Curragh Mine,Coal Mine - Surface,Coal Mine - Surface,COAL,Operating,Rockhampton Office,,,,,,,-23.49741,148.84478,1415,High Potential Incident,Thermal,Fire,High potential no lost time,surface,Fire(s),,,,,,
MI00568,Incident,2017-04-26 19:30:00,Goonyella Riverside,Coal Mine - Surface,Coal Mine - Surface,COAL,Operating,Mackay Office,,Central,,,,,-21.7581,147.95235,1416,High Potential Incident,Vehicle,Unplanned movement of equipment (eg CM),High potential no lost time,surface,Moving vehicles/equipment,,,,,,
MI01193,Inspection,2017-04-27 00:00:00,Phosphate Hill,Metalliferous - Minerals Processing,Metalliferous Mine - Surface,MMQ,Operating,Mount Isa Office,MI- Cloncurry,Northern,Camp located at The Monument,,,,-21.88056,139.973295,1417,,,,,,,Inspection,Closed,,,,
MI01157,Inspection,2017-04-27 00:00:00,North Goonyella,Coal Mine - Underground,Coal Mine - Underground,COAL,Operating,Mackay Office,,Central,,,,,-21.65702,147.97045,1418,,,,,,,Inspection,Closed,,,,
MI00750,Inspection,2017-04-27 00:00:00,Moranbah North,Coal Mine - Underground,Coal Mine - Underground,COAL,Operating,Mackay Office,C- Moranbah,Central,1164 Goonyella Road,Moranbah,QLD,4744.0,-21.88576,147.96564,1419,,,,,,,Inspection,Closed,,,,
MI00558,Inspection,2017-04-27 00:00:00,Glenvale Quarry,Metalliferous - Quarry,Quarry,MMQ,Infrequent Operation,Brisbane Office,B- Toowoomba,Southern,68 Drayton Wellcamp Road,Toowoomba,QLD,,-27.57968,151.889858,1420,,,,,,,Inspection,Closed,,,,
MI00179,Inspection,2017-04-27 00:00:00,Dundowran Quarry,Metalliferous - Quarry,Quarry,MMQ,Operating,Brisbane Office,B- Fraser Coast,Southern,Lower Mountain Road,Dundowran,Qld,4655.0,-25.2937,152.755186,1421,,,,,,,Inspection,Closed,,,,
MI01650,Inspection,2017-04-27 00:00:00,Byrne Brothers Quarry,Metalliferous - Quarry,Quarry,MMQ,Operating,Brisbane Office,B- Fraser Coast,Southern,Cork Road,Dundowran,QLD,4655.0,-25.31555,152.7323,1422,,,,,,,Inspection,Closed,,,,
MI00254,Incident,2017-04-27 01:50:00,Foxleigh Mine,Coal Mine - Surface,Coal Mine - Surface,COAL,Operating,Rockhampton Office,,Central,Dysart-Middlemount Road,MIDDLEMOUNT,QLD,4746.0,-22.9836,148.77829,1423,High Potential Incident,Vehicle,Collision with another vehicle,High potential no lost time,surface,Moving vehicles/equipment,,,,,,
MI01422,Action,2017-04-27 10:56:00,Kestrel Coal Mine,Coal Mine - Underground,Coal Mine - Underground,COAL,Operating,Rockhampton Office,,,,,,,-23.26,148.30263,1424,,,,,,,Inspection,Closed,Directive,168.0,Directive to review safety and health management system and principal hazard management plans,1.0
MI02103,Incident,2017-04-27 11:00:00,Mount Carlton,Metalliferous Mine - Surface,Metalliferous Mine - Surface,MMQ,Care & Maintenance,Townsville Office,T- Prosperpine / Bowen,Northern,"Tondara Road,",Bogie,QLD,4805.0,-20.27261,147.54583,1425,High Potential Incident,Thermal,Fire,High potential no lost time,surface,Electrical equipment,,,,,,
MI03031,Action,2017-04-27 11:01:00,West German Church Quarry,Metalliferous - Quarry,Quarry,MMQ,Operating,Brisbane Office,B- Redland,Southern,,,,,-27.63005,153.269565,1426,,Non Hazard Specific,Risk management,,,,Inspection,Closed,Substandard Condition or Practice,,,2.0
MI03031,Action,2017-04-27 11:09:00,West German Church Quarry,Metalliferous - Quarry,Quarry,MMQ,Operating,Brisbane Office,B- Redland,Southern,,,,,-27.63005,153.269565,1427,,Non Hazard Specific,Safety and Health Management System,,,,Inspection,Closed,Substandard Condition or Practice,,,3.0
MI03031,Action,2017-04-27 11:15:00,West German Church Quarry,Metalliferous - Quarry,Quarry,MMQ,Operating,Brisbane Office,B- Redland,Southern,,,,,-27.63005,153.269565,1428,,Non Hazard Specific,Safety and Health Management System,,,,Inspection,Closed,Directive,165.0,Directive to review safety and health management system,4.0
MI03312,Incident,2017-04-27 13:04:00,Eureka Creek Village,Coal Mine - Surface,Coal Mine - Surface,COAL,Operating,Mackay Office,C- Mackay,Central,Eureka Creek Village,Moranbah,QLD,4744.0,-21.77382,147.94331,1429,High Potential Incident,Electrical,Electric Shock,High potential no lost time,surface,Electrical equipment,,,,,,
MI02663,Incident,2017-04-27 15:00:00,Ensham Underground Mine,Coal Mine - Underground,Coal Mine - Underground,COAL,Operating,Rockhampton Office,,,,,,,-23.5,148.49282,1430,High Potential Incident,Electrical,Cable Damage,High potential no lost time,underground,Electrical equipment,,,,,,
MI01190,Incident,2017-04-28 02:40:00,Peak Downs,Coal Mine - Surface,Coal Mine - Surface,COAL,Operating,Mackay Office,,Central,,,,,-22.25686,148.17664,1431,High Potential Incident,Vehicle,Unplanned movement of equipment (eg CM),High potential no lost time,surface,Moving vehicles/equipment,,,,,,
MI01646,Incident,2017-04-28 09:45:00,Carborough Downs,Coal Mine - Underground,Coal Mine - Underground,COAL,Operating,Mackay Office,,Central,Peak Downs Highway,Coppabella,QLD,4741.0,-21.99368,148.249,1432,High Potential Incident,Electrical,Cable Damage,High potential no lost time,underground,Electrical equipment,,,,,,
MI01174,Inspection,2017-04-29 00:00:00,Pajingo - Vera Underground,Metalliferous Mine - Underground,Metalliferous Mine - Underground,MMQ,Operating,Townsville Office,T- Charters Towers / Ravenswood,Northern,,,,,-20.54745,146.464128,1433,,,,,,,Inspection - Weekend or Backshift,Closed,,,,
MI01573,Incident,2017-04-29 03:20:00,South Walker Creek,Coal Mine - Surface,Coal Mine - Surface,COAL,Operating,Mackay Office,,Central,Via Peak Downs Highway,Nebo,QLD,4744.0,-21.77801,148.48194,1434,High Potential Incident,Thermal,Fire,High potential no lost time,surface,Fire(s),,,,,,
MI00594,Incident,2017-04-29 06:00:00,Hail Creek,Coal Mine - Surface,Coal Mine - Surface,COAL,Operating,Mackay Office,,,,,,,-21.5,148.34391,1435,High Potential Incident,Thermal,Fire,High potential no lost time,surface,Fire(s),,,,,,
MI02952,Incident,2017-04-30 00:30:00,Caval Ridge Mine,Coal Mine - Surface,Coal Mine - Surface,COAL,Operating,Mackay Office,C- Mackay,Central,,,,,-22.15615,148.05892,1436,High Potential Incident,Vehicle,Collision with another vehicle,High potential no lost time,surface,Human error/actions,,,,,,
MI00630,Incident,2017-04-30 06:30:00,Jeebropilly,Coal Mine - Surface,Coal Mine - Surface,COAL,Care & Maintenance,Rockhampton Office,S- Ipswich,Central,Haigslea-Amberley Road,AMBERLEY,QLD,4306.0,-27.65246,152.658986,1437,High Potential Incident,Thermal,Fire,High potential no lost time,surface,Fire(s),,,,,,
MI01422,Incident,2017-04-30 09:15:00,Kestrel Coal Mine,Coal Mine - Underground,Coal Mine - Underground,COAL,Operating,Rockhampton Office,,,,,,,-23.26,148.30263,1438,High Potential Incident,Vehicle,Unplanned movement of equipment (eg CM),High potential no lost time,underground,Moving vehicles/equipment,,,,,,
MI01569,Incident,2017-04-30 17:36:00,Rolleston Mine,Coal Mine - Surface,Coal Mine - Surface,COAL,Operating,Rockhampton Office,,,,,,,-24.44,148.41844,1439,High Potential Incident,,,High potential no lost time,surface,Explosives,,,,,,
MI01976,Incident,2017-04-30 19:45:00,Daunia Mine,Coal Mine - Surface,Coal Mine - Surface,COAL,Operating,Mackay Office,,Central,"Millennium Poitrel Access Road
Via Peak Downs Road",Moranbah,QLD,4744.0,-22.04127,148.26852,1440,High Potential Incident,Vehicle,Unplanned movement of equipment (eg CM),High potential no lost time,surface,Moving vehicles/equipment,,,,,,
MI00568,Incident,2017-05-01 04:15:00,Goonyella Riverside,Coal Mine - Surface,Coal Mine - Surface,COAL,Operating,Mackay Office,,Central,,,,,-21.7581,147.95235,1441,High Potential Incident,Vehicle,Collision with a built or natural structure,High potential no lost time,surface,Fatigue,,,,,,
MI01569,Incident,2017-05-01 04:21:00,Rolleston Mine,Coal Mine - Surface,Coal Mine - Surface,COAL,Operating,Rockhampton Office,,,,,,,-24.44,148.41844,1442,High Potential Incident,,,High potential no lost time,surface,Explosives,,,,,,
MI00568,Incident,2017-05-01 10:30:00,Goonyella Riverside,Coal Mine - Surface,Coal Mine - Surface,COAL,Operating,Mackay Office,,Central,,,,,-21.7581,147.95235,1443,High Potential Incident,Psychosocial,Micro-sleeps,High potential no lost time,surface,Moving vehicles/equipment,,,,,,
MI00808,Incident,2017-05-01 12:05:00,Mt Isa - Lead Smelter,Metalliferous - Minerals Processing,Metalliferous Mine - Surface,MMQ,Operating,Mount Isa Office,MI- Mount Isa,Northern,,,,,-20.72657,139.483378,1444,High Potential Incident,Gravity,Fall of equipment/material,High potential no lost time,surface,Falling/flying material/objects,,,,,,
MI00630,Incident,2017-05-01 12:44:00,Jeebropilly,Coal Mine - Surface,Coal Mine - Surface,COAL,Care & Maintenance,Rockhampton Office,S- Ipswich,Central,Haigslea-Amberley Road,AMBERLEY,QLD,4306.0,-27.65246,152.658986,1445,High Potential Incident,Vehicle,Other,High potential no lost time,surface,Moving vehicles/equipment,,,,,,
MI01459,Incident,2017-05-01 17:40:00,Grasstree Mine,Coal Mine - Underground,Coal Mine - Underground,COAL,Operating,Rockhampton Office,,Central,,,,,-22.98885,148.57943,1446,High Potential Incident,Electrical,Cable Damage,High potential no lost time,underground,Electrical equipment,,,,,,
MI00762,Incident,2017-05-01 19:10:00,Capricorn Copper Mine,Metalliferous Mine - Underground,Metalliferous Mine - Underground,MMQ,Operating,Mount Isa Office,,,,,,,-19.68885,139.36651,1447,High Potential Incident,Vehicle,Collision with another vehicle,High potential no lost time,underground,Moving vehicles/equipment,,,,,,
MI01167,Inspection,2017-05-02 00:00:00,Whitsunday Quarry,Metalliferous - Quarry,Quarry,MMQ,Operating,Townsville Office,T- Prosperpine / Bowen,Northern,824 Shute Harbour Road,Mount Marlow,QLD,4800.0,-20.35057,148.62231,1448,,,,,,,Inspection,Closed,,,,
MI00766,Inspection,2017-05-02 00:00:00,Mount Marrow Quarry,Metalliferous - Quarry,Quarry,MMQ,Operating,Brisbane Office,B- Ipswich,Southern,,,,,-27.59233,152.624209,1449,,,,,,,Inspection - Unannounced W'end or Backshift,Closed,,,,
MI01420,Inspection,2017-05-02 00:00:00,North Gregory Pit,Metalliferous - Quarry,Quarry,MMQ,Operating,Townsville Office,T- Prosperpine / Bowen,Northern,,,,,-20.2725,148.59128,1450,,,,,,,Inspection,Closed,,,,
MI02977,Inspection,2017-05-02 00:00:00,Oakleigh Lime,Metalliferous Mine - Surface,Metalliferous Mine - Surface,MMQ,Care & Maintenance,Brisbane Office,B- Goondiwindi,Southern,Waverly Road,Silver Spur,QLD,,-28.78388889,151.27389,1451,,,,,,,Inspection - Unannounced,Closed,,,,
MI00806,Inspection,2017-05-02 00:00:00,Mt Isa - Isa Copper Mine,Metalliferous Mine - Underground,Metalliferous Mine - Underground,MMQ,Operating,Mount Isa Office,MI- Mount Isa,Northern,,,,,-20.72484,139.478149,1452,,,,,,,Inspection,Closed,,,,
MI00252,Inspection,2017-05-02 00:00:00,Foxdale Quarry,Metalliferous - Quarry,Quarry,MMQ,Operating,Townsville Office,T- Prosperpine / Bowen,Northern,,,,,-20.36495,148.5667,1453,,,,,,,Inspection,Closed,,,,
MI01757,Action,2017-05-02 01:38:00,Bromelton North Quarry,Metalliferous - Quarry,Quarry,MMQ,Operating,Brisbane Office,B- Scenic Rim,Southern,Sandy Creek Road,Bromelton,QLD,4285.0,-27.99215,152.935932,1454,,Non Hazard Specific,Management structure,,,,Inspection,Closed,Substandard Condition or Practice,,,1.0
MI01648,Incident,2017-05-02 05:35:00,Dawson Mine,Coal Mine - Surface,Coal Mine - Surface,COAL,Operating,Rockhampton Office,,Central,Dawson Highway,MOURA,QLD,4718.0,-24.63169,150.06089,1455,High Potential Incident,Vehicle,Collision with another vehicle,High potential no lost time,surface,Moving vehicles/equipment,,,,,,
MI01648,Incident,2017-05-02 08:05:00,Dawson Mine,Coal Mine - Surface,Coal Mine - Surface,COAL,Operating,Rockhampton Office,,Central,Dawson Highway,MOURA,QLD,4718.0,-24.63169,150.06089,1456,High Potential Incident,Vehicle,Mechanical/structural failure of vehicle,High potential no lost time,surface,Moving vehicles/equipment,,,,,,
MI00750,Incident,2017-05-02 09:30:00,Moranbah North,Coal Mine - Underground,Coal Mine - Underground,COAL,Operating,Mackay Office,C- Moranbah,Central,1164 Goonyella Road,Moranbah,QLD,4744.0,-21.88576,147.96564,1457,High Potential Incident,Gas Management,CH4 >2.5%,High potential no lost time,underground,Flammable liquids/gases,,,,,,
MI00079,Incident,2017-05-02 13:00:00,Bromelton Quarry,Metalliferous - Quarry,Quarry,MMQ,Operating,Brisbane Office,B- Scenic Rim,Southern,325 Sandy Creek Road,Bromelton,QLD,4285.0,-27.99562,152.930691,1458,High Potential Incident,Gravity,Fall of equipment/material,High potential no lost time,surface,Falling/flying material/objects,,,,,,
MI00096,Incident,2017-05-02 14:00:00,Cape Flattery,Metalliferous Mine - Surface,Metalliferous Mine - Surface,MMQ,Operating,Townsville Office,T- Lakeland / Cooktown,Northern,,,,,-14.96902,145.31394,1459,High Potential Incident,Thermal,Fire,High potential no lost time,surface,Fire(s),,,,,,
MI01648,Incident,2017-05-02 14:52:00,Dawson Mine,Coal Mine - Surface,Coal Mine - Surface,COAL,Operating,Rockhampton Office,,Central,Dawson Highway,MOURA,QLD,4718.0,-24.63169,150.06089,1460,High Potential Incident,Thermal,Fire,High potential no lost time,surface,Fire(s),,,,,,
MI01190,Incident,2017-05-02 17:50:00,Peak Downs,Coal Mine - Surface,Coal Mine - Surface,COAL,Operating,Mackay Office,,Central,,,,,-22.25686,148.17664,1461,High Potential Incident,Vehicle,Collision with another vehicle,High potential no lost time,surface,Moving vehicles/equipment,,,,,,
MI01648,Incident,2017-05-02 22:15:00,Dawson Mine,Coal Mine - Surface,Coal Mine - Surface,COAL,Operating,Rockhampton Office,,Central,Dawson Highway,MOURA,QLD,4718.0,-24.63169,150.06089,1462,High Potential Incident,Thermal,Fire,High potential no lost time,surface,Fire(s),,,,,,
MI01247,Inspection,2017-05-03 00:00:00,Riverton Mine,Metalliferous Mine - Surface,Metalliferous Mine - Surface,MMQ,Operating,Brisbane Office,B- Southern Downs,Southern,,,,,-29.02393,151.486735,1463,,,,,,,Inspection,Closed,,,,
MI02976,Inspection,2017-05-03 00:00:00,Grosvenor Coal Mine,Coal Mine - Underground,Coal Mine - Underground,COAL,Operating,Mackay Office,C- Moranbah,Central,Ground Floor 201 Charlotte Street,Brisbane,QLD,4001.0,-21.97533,148.00995,1464,,,,,,,Inspection - Unannounced,Closed,,,,
MI03684,Inspection,2017-05-03 00:00:00,Gemfields - MC 71161,Metalliferous Mine - Surface or Underground Gemstone,Metalliferous Mine - Surface,MMQ,Infrequent Operation,Townsville Office,C- Emerald,Northern,,,,,-23.41453,147.69535,1465,,,,,,,Inspection,Closed,,,,
MI01189,Inspection,2017-05-03 00:00:00,Peak Crossing No. 2 Mine,Metalliferous Mine - Surface,Metalliferous Mine - Surface,MMQ,Care & Maintenance,Brisbane Office,B- Scenic Rim,Southern,,,,,-27.83555556,152.71889,1466,,,,,,,Inspection,Closed,,,,
MI00553,Inspection,2017-05-03 00:00:00,Capcoal Surface Coal Mine,Coal Mine - Surface,Coal Mine - Surface,COAL,Operating,Rockhampton Office,,,,,,,-22.93,148.55146,1467,,,,,,,Inspection,Closed,,,,
MI00570,Inspection,2017-05-03 00:00:00,Gordons Quarry,Metalliferous - Quarry,Quarry,MMQ,Operating,Townsville Office,T- Prosperpine / Bowen,Northern,,,,,-20.13717,148.05922,1468,,,,,,,Inspection,Closed,,,,
MI01808,Inspection,2017-05-03 00:00:00,QCoal Northern Hub (Sonoma - Cows - Drake 1 & 2 - Jax),Coal Mine - Surface,Coal Mine - Surface,COAL,Operating,Mackay Office,C- Mackay,Central,Bowen Developmental Road,Collinsville,QLD,4804.0,-20.63823,147.85616,1469,,,,,,,Inspection,Closed,,,,
MI03685,Inspection,2017-05-03 00:00:00,Gemfields - MC 72276 - Miners Gems 12,Metalliferous Mine - Surface or Underground Gemstone,Metalliferous Mine - Surface,MMQ,Infrequent Operation,Townsville Office,C- Emerald,Northern,,,,,-23.47218,147.70827,1470,,,,,,,Inspection,Closed,,,,
MI00630,Inspection,2017-05-03 00:00:00,Jeebropilly,Coal Mine - Surface,Coal Mine - Surface,COAL,Care & Maintenance,Rockhampton Office,S- Ipswich,Central,Haigslea-Amberley Road,AMBERLEY,QLD,4306.0,-27.65246,152.658986,1471,,,,,,,Inspection,Closed,,,,
MI02085,Inspection,2017-05-03 00:00:00,Belmore Quarry,Metalliferous - Quarry,Quarry,MMQ,Operating,Townsville Office,T- Prosperpine / Bowen,Northern,,,,,-20.66486944,147.8935111,1472,,,,,,,Inspection,Closed,,,,
MI01347,Inspection,2017-05-03 00:00:00,West Euri Road Quarry,Metalliferous - Quarry,Quarry,MMQ,Operating,Townsville Office,T- Prosperpine / Bowen,Northern,,,,,-20.04132,148.10249,1473,,,,,,,Inspection,Closed,,,,
MI02867,Inspection,2017-05-03 00:00:00,Salmon's Quarry,Metalliferous - Quarry,Quarry,MMQ,Operating,Townsville Office,C- Emerald,Northern,,,,,-23.38655,147.758225,1474,,,,,,,Inspection,Closed,,,,
MI03314,Inspection,2017-05-03 00:00:00,East Euri Deco Pit,Metalliferous - Quarry,Quarry,MMQ,Care & Maintenance,Townsville Office,T- Prosperpine / Bowen,Northern,,,,,-20.06504,148.10242,1475,,,,,,,Inspection,Closed,,,,
MI01258,Inspection,2017-05-03 00:00:00,Saraji,Coal Mine - Surface,Coal Mine - Surface,COAL,Operating,Mackay Office,,Central,,,,,-22.42214,148.28115,1476,,,,,,,Inspection,Closed,,,,
MI01808,Inspection,2017-05-03 00:00:00,QCoal Northern Hub (Sonoma - Cows - Drake 1 & 2 - Jax),Coal Mine - Surface,Coal Mine - Surface,COAL,Operating,Mackay Office,C- Mackay,Central,Bowen Developmental Road,Collinsville,QLD,4804.0,-20.63823,147.85616,1477,,,,,,,Inspection - Unannounced,Closed,,,,
MI02952,Incident,2017-05-03 01:10:00,Caval Ridge Mine,Coal Mine - Surface,Coal Mine - Surface,COAL,Operating,Mackay Office,C- Mackay,Central,,,,,-22.15615,148.05892,1478,High Potential Incident,Vehicle,Unplanned movement of equipment (eg CM),High potential no lost time,surface,Uneven surfaces,,,,,,
MI01648,Incident,2017-05-03 09:00:00,Dawson Mine,Coal Mine - Surface,Coal Mine - Surface,COAL,Operating,Rockhampton Office,,Central,Dawson Highway,MOURA,QLD,4718.0,-24.63169,150.06089,1479,High Potential Incident,Vehicle,Unplanned movement of equipment (eg CM),High potential no lost time,surface,Moving vehicles/equipment,,,,,,
MI00149,Incident,2017-05-03 09:30:00,Coppabella - Open Cut,Coal Mine - Surface,Coal Mine - Surface,COAL,Operating,Mackay Office,,,,,,,-21.87,148.42141,1480,High Potential Incident,Thermal,Fire,High potential no lost time,surface,Fire(s),,,,,,
MI02976,Incident,2017-05-03 10:05:00,Grosvenor Coal Mine,Coal Mine - Underground,Coal Mine - Underground,COAL,Operating,Mackay Office,C- Moranbah,Central,Ground Floor 201 Charlotte Street,Brisbane,QLD,4001.0,-21.97533,148.00995,1481,High Potential Incident,Mechanical,Mechanical failure,High potential no lost time,surface,Falling/flying material/objects,,,,,,
MI01907,Incident,2017-05-03 13:00:00,Lake Vermont,Coal Mine - Surface,Coal Mine - Surface,COAL,Operating,Mackay Office,,,,,,,-22.47,148.40803,1482,High Potential Incident,Vehicle,Unplanned movement of equipment (eg CM),High potential no lost time,surface,Human error/actions,,,,,,
MI01781,Inspection,2017-05-04 00:00:00,Clermont Mine - Open Cut,Coal Mine - Surface,Coal Mine - Surface,COAL,Operating,Mackay Office,,Central,Gregory Development Road,Clermont,QLD,4721.0,-22.72688,147.62171,1483,,,,,,,Inspection,Closed,,,,
MI00054,Inspection,2017-05-04 00:00:00,Blackwater Mine,Coal Mine - Surface,Coal Mine - Surface,COAL,Operating,Rockhampton Office,,Central,Ardurad Road (Blackwater Rolleston Road),BLACKWATER,QLD,4717.0,-23.7697,148.87879,1484,,,,,,,Inspection,Closed,,,,
MI02846,Inspection,2017-05-04 00:00:00,Wondai Quarry,Metalliferous - Quarry,Quarry,MMQ,Operating,Brisbane Office,B- South Burnett,Southern,,,,,-26.35855,151.58148,1485,,,,,,,Inspection,Closed,,,,
MI03686,Inspection,2017-05-04 00:00:00,Sarsfield Nolans Pit,Metalliferous Mine - Surface,Metalliferous Mine - Surface,MMQ,Closed,Townsville Office,T- Charters Towers / Ravenswood,Northern,,,,,-20.11339,146.90185,1486,,,,,,,Inspection,Closed,,,,
MI01400,Inspection,2017-05-04 00:00:00,Millennium Mine,Coal Mine - Surface,Coal Mine - Surface,COAL,Operating,Mackay Office,,Central,Via Peak Downs Highway,Moranbah,QLD,4744.0,-22.01548,148.25111,1487,,,,,,,Inspection,Closed,,,,
MI00016,Inspection,2017-05-04 00:00:00,Animasu Mine,Metalliferous Mine - Surface,Metalliferous Mine - Surface,MMQ,Operating,Brisbane Office,B- Lockyer Valley,Southern,613 Seventeen mile road,Helidon,QLD,4344.0,-27.51013,152.156195,1488,,,,,,,Inspection,Closed,,,,
MI01705,Incident,2017-05-04 12:10:00,Poitrel Mine,Coal Mine - Surface,Coal Mine - Surface,COAL,Operating,Mackay Office,,Central,"Millennium Access Road
Peak Downs Highway",Moranbah,QLD,4744.0,-22.04109,148.26048,1489,High Potential Incident,Thermal,Fire,High potential no lost time,surface,Organisational deficiencies,,,,,,
MI01403,Inspection,2017-05-05 00:00:00,Lockyer Valley Quarry,Metalliferous Mine - Surface,Metalliferous Mine - Surface,MMQ,Operating,Brisbane Office,B- Lockyer Valley,Southern,,,,,-27.53207,152.130121,1490,,,,,,,Inspection,Closed,,,,
MI01157,Inspection,2017-05-05 00:00:00,North Goonyella,Coal Mine - Underground,Coal Mine - Underground,COAL,Operating,Mackay Office,,Central,,,,,-21.65702,147.97045,1491,,,,,,,Inspection,Closed,,,,
MI00739,Inspection,2017-05-05 00:00:00,Moffatdale Mine,Metalliferous Mine - Surface,Metalliferous Mine - Surface,MMQ,Operating,Brisbane Office,B- South Burnett,Southern,,,,,-26.29069,151.977527,1492,,,,,,,Inspection,Closed,,,,
MI00568,Incident,2017-05-05 04:00:00,Goonyella Riverside,Coal Mine - Surface,Coal Mine - Surface,COAL,Operating,Mackay Office,,Central,,,,,-21.7581,147.95235,1493,High Potential Incident,Thermal,Fire,High potential no lost time,surface,Fire(s),,,,,,
MI01569,Incident,2017-05-05 07:30:00,Rolleston Mine,Coal Mine - Surface,Coal Mine - Surface,COAL,Operating,Rockhampton Office,,,,,,,-24.44,148.41844,1494,High Potential Incident,Thermal,Fire,High potential no lost time,surface,Fire(s),,,,,,
MI00607,Action,2017-05-05 10:52:00,Hill Of Stone Mine,Metalliferous Mine - Surface,Metalliferous Mine - Surface,MMQ,Operating,Brisbane Office,B- Scenic Rim,Southern,1812 Beaudesert Boonah Road,Beaudesert,QLD,4285.0,-27.94496,152.859372,1495,,Gravity,Fall of equipment/material,,,,Inspection,Closed,Substandard Condition or Practice,,,1.0
MI01193,Incident,2017-05-06 08:00:00,Phosphate Hill,Metalliferous - Minerals Processing,Metalliferous Mine - Surface,MMQ,Operating,Mount Isa Office,MI- Cloncurry,Northern,Camp located at The Monument,,,,-21.88056,139.973295,1496,High Potential Incident,Chemical,Acids,High potential no lost time,surface,Hazardous chemicals,,,,,,
MI00796,Incident,2017-05-06 10:11:00,Mt Isa - Copper Concentrator,Metalliferous - Minerals Processing,Metalliferous Mine - Surface,MMQ,Operating,Mount Isa Office,MI- Mount Isa,Northern,,,,,-20.71935,139.484141,1497,High Potential Incident,Gravity,Fall of equipment/material,High potential no lost time,surface,Falling/flying material/objects,,,,,,
MI00094,Incident,2017-05-06 11:45:00,Cannington Mine,Metalliferous Mine - Underground,Metalliferous Mine - Underground,MMQ,Operating,Mount Isa Office,,,,,,,-21.86,140.91861,1498,High Potential Incident,Thermal,Fire,High potential no lost time,underground,Combustible/respirable dusts,,,,,,
MI01404,Incident,2017-05-06 14:12:00,Oaky North Mine,Coal Mine - Underground,Coal Mine - Underground,COAL,Operating,Rockhampton Office,,Central,Oaky Creek Mine Access Road,LILYVALE,QLD,4723.0,-23.03935,148.53987,1499,High Potential Incident,Mechanical,Mechanical failure,High potential no lost time,underground,Moving components/parts,,,,,,
MI01157,Incident,2017-05-06 17:00:00,North Goonyella,Coal Mine - Underground,Coal Mine - Underground,COAL,Operating,Mackay Office,,Central,,,,,-21.65702,147.97045,1500,High Potential Incident,Vehicle,Collision with another vehicle,High potential no lost time,underground,Restricted visibility,,,,,,
MI01715,Inspection,2017-05-07 00:00:00,Opal Opalton,Metalliferous Mine - Surface or Underground Gemstone,Metalliferous Mine - Surface,MMQ,Infrequent Operation,Mount Isa Office,MI- Winton,Northern,,,,,0.0,0.0,1501,,,,,,,Inspection - Weekend or Backshift,Closed,,,,
MI01713,Inspection,2017-05-07 00:00:00,Opal Mayneside,Metalliferous Mine - Surface or Underground Gemstone,Metalliferous Mine - Surface,MMQ,Infrequent Operation,Mount Isa Office,MI- Winton,Northern,,,,,0.0,0.0,1502,,,,,,,Inspection - Weekend or Backshift,Closed,,,,
MI01573,Incident,2017-05-07 04:50:00,South Walker Creek,Coal Mine - Surface,Coal Mine - Surface,COAL,Operating,Mackay Office,,Central,Via Peak Downs Highway,Nebo,QLD,4744.0,-21.77801,148.48194,1503,High Potential Incident,Vehicle,Collision with a built or natural structure,High potential no lost time,surface,Moving vehicles/equipment,,,,,,
MI01400,Incident,2017-05-07 12:20:00,Millennium Mine,Coal Mine - Surface,Coal Mine - Surface,COAL,Operating,Mackay Office,,Central,Via Peak Downs Highway,Moranbah,QLD,4744.0,-22.01548,148.25111,1504,High Potential Incident,Vehicle,Collision with another vehicle,High potential no lost time,surface,Moving vehicles/equipment,,,,,,
MI02952,Incident,2017-05-07 12:44:00,Caval Ridge Mine,Coal Mine - Surface,Coal Mine - Surface,COAL,Operating,Mackay Office,C- Mackay,Central,,,,,-22.15615,148.05892,1505,Serious Accident,Gravity,Fall of people,Lost time,surface,Human error/actions,,,,,,
MI01583,Incident,2017-05-07 13:10:00,Bohle Quarry - Holcim,Metalliferous - Quarry,Quarry,MMQ,Operating,Townsville Office,T- Townsville / Ayr,Northern,788 Ingham Road,Mt Louisa,QLD,4818.0,-19.25837,146.69535,1506,High Potential Incident,Vehicle,Collision with a built or natural structure,High potential no lost time,surface,Human error/actions,,,,,,
MI01422,Incident,2017-05-07 20:20:00,Kestrel Coal Mine,Coal Mine - Underground,Coal Mine - Underground,COAL,Operating,Rockhampton Office,,,,,,,-23.26,148.30263,1507,High Potential Incident,Thermal,Fire,High potential no lost time,surface,Fire(s),,,,,,
MI00199,Incident,2017-05-07 22:00:00,Ernest Henry - Surface,Metalliferous Mine - Surface,Metalliferous Mine - Surface,MMQ,Operating,Mount Isa Office,MI- Cloncurry,Northern,,,,,-20.4508,140.720197,1508,High Potential Incident,Gravity,Fall of equipment/material,High potential no lost time,surface,Falling/flying material/objects,,,,,,
MI02106,Inspection,2017-05-08 00:00:00,Byerwen Mine,Coal Mine - Surface,Coal Mine - Surface,COAL,Operating,Mackay Office,,Central,360 Wollombi Road,Suttor,QLD,4743.0,-21.27423,147.89176,1509,,,,,,,Inspection,Closed,,,,
MI01257,Inspection,2017-05-08 00:00:00,Russell Road Quarry,Metalliferous - Quarry,Quarry,MMQ,Operating,Brisbane Office,B- Ipswich,Southern,,,,,-27.52572,152.71878,1510,,,,,,,Inspection,Closed,,,,
MI00086,Inspection,2017-05-08 00:00:00,Burton Mine,Coal Mine - Surface,Coal Mine - Surface,COAL,Care & Maintenance,Mackay Office,,Central,Off Suttor Development Road,Glenden,QLD,4743.0,-21.62114,148.18867,1511,,,,,,,Inspection,Closed,,,,
MI03665,Inspection,2017-05-08 00:00:00,New Burton Demobilisation Site,Coal Mine - Surface,Coal Mine - Surface,COAL,Infrequent Operation,Mackay Office,,Central,Off Suttor Development Rd,Glenden,QLD,4743.0,0.0,0.0,1512,,,,,,,Inspection,Closed,,,,
MI01306,Inspection,2017-05-08 00:00:00,Thalanga Surface,Metalliferous - Minerals Processing,Metalliferous Mine - Surface,MMQ,Inactive Tenure,Townsville Office,T- Charters Towers / Ravenswood,Northern,,,,,-20.33505,145.77171,1513,,,,,,,Inspection,Closed,,,,
MI02614,Inspection,2017-05-08 00:00:00,Roseneath Quarry - Boral,Metalliferous - Quarry,Quarry,MMQ,Operating,Townsville Office,T- Townsville / Ayr,Northern,720 Flinders Highway,Roseneath,QLD,4811.0,-19.37032,146.83264,1514,,,,,,,Inspection,Closed,,,,
MI00772,Inspection,2017-05-08 00:00:00,Mount Rawdon,Metalliferous Mine - Surface,Metalliferous Mine - Surface,MMQ,Operating,Brisbane Office,,,,,,,-25.27,151.75833,1515,,,,,,,Inspection,Closed,,,,
MI01604,Inspection,2017-05-08 00:00:00,Surveyor Balcooma,Metalliferous Mine - Underground,Metalliferous Mine - Underground,MMQ,Care & Maintenance,Townsville Office,T- Greenvale,Northern,,,,,-18.78623,144.69641,1516,,,,,,,Inspection,Closed,,,,
MI01789,Inspection,2017-05-08 00:00:00,Pine Mountain Quarry,Metalliferous - Quarry,Quarry,MMQ,Closed,Brisbane Office,B- Brisbane,Southern,Pine Mountain Road,Mt Gravatt East,QLD,,-27.51732,153.089833,1517,,,,,,,Inspection,Closed,,,,
MI00079,Action,2017-05-08 07:10:00,Bromelton Quarry,Metalliferous - Quarry,Quarry,MMQ,Operating,Brisbane Office,B- Scenic Rim,Southern,325 Sandy Creek Road,Bromelton,QLD,4285.0,-27.99562,152.930691,1518,,Vehicle,Other,,,,Inspection,Closed,Substandard Condition or Practice,,,1.0
MI00079,Action,2017-05-08 07:17:00,Bromelton Quarry,Metalliferous - Quarry,Quarry,MMQ,Operating,Brisbane Office,B- Scenic Rim,Southern,325 Sandy Creek Road,Bromelton,QLD,4285.0,-27.99562,152.930691,1519,,Mechanical,Other,,,,Inspection,Closed,Substandard Condition or Practice,,,2.0
MI00079,Action,2017-05-08 07:28:00,Bromelton Quarry,Metalliferous - Quarry,Quarry,MMQ,Operating,Brisbane Office,B- Scenic Rim,Southern,325 Sandy Creek Road,Bromelton,QLD,4285.0,-27.99562,152.930691,1520,,Gravity,Falling into a liquid (eg drowning),,,,Inspection,Closed,Substandard Condition or Practice,,,3.0
MI00607,Action,2017-05-08 09:02:00,Hill Of Stone Mine,Metalliferous Mine - Surface,Metalliferous Mine - Surface,MMQ,Operating,Brisbane Office,B- Scenic Rim,Southern,1812 Beaudesert Boonah Road,Beaudesert,QLD,4285.0,-27.94496,152.859372,1521,,Mechanical,Laceration with sharp object,,,,Inspection,Closed,Substandard Condition or Practice,,,2.0
MI00607,Action,2017-05-08 09:22:00,Hill Of Stone Mine,Metalliferous Mine - Surface,Metalliferous Mine - Surface,MMQ,Operating,Brisbane Office,B- Scenic Rim,Southern,1812 Beaudesert Boonah Road,Beaudesert,QLD,4285.0,-27.94496,152.859372,1522,,Chemical,Silica,,,,Inspection,Closed,Substandard Condition or Practice,,,3.0
MI01400,Action,2017-05-08 10:37:00,Millennium Mine,Coal Mine - Surface,Coal Mine - Surface,COAL,Operating,Mackay Office,,Central,Via Peak Downs Highway,Moranbah,QLD,4744.0,-22.01548,148.25111,1523,,,,,,,Inspection,Closed,Substandard Condition or Practice,,,1.0
MI01344,Incident,2017-05-08 12:30:00,Wellcamp Downs Quarry,Metalliferous - Quarry,Quarry,MMQ,Operating,Brisbane Office,B- Toowoomba,Southern,,,,,-27.54891,151.816645,1524,High Potential Incident,Vehicle,Collision with another vehicle,High potential no lost time,surface,Moving vehicles/equipment,,,,,,
MI01808,Action,2017-05-08 12:40:00,QCoal Northern Hub (Sonoma - Cows - Drake 1 & 2 - Jax),Coal Mine - Surface,Coal Mine - Surface,COAL,Operating,Mackay Office,C- Mackay,Central,Bowen Developmental Road,Collinsville,QLD,4804.0,-20.63823,147.85616,1525,,,,,,,Inspection - Unannounced,Closed,Substandard Condition or Practice,,,1.0
MI02657,Inspection,2017-05-09 00:00:00,Ernest Henry - Underground,Metalliferous Mine - Underground,Metalliferous Mine - Underground,MMQ,Operating,Mount Isa Office,MI- Cloncurry,Northern,,,,,-20.44599,140.702589,1526,,,,,,,Inspection,Closed,,,,
MI00708,Inspection,2017-05-09 00:00:00,Maryborough Quarry,Metalliferous - Quarry,Quarry,MMQ,Operating,Brisbane Office,B- Fraser Coast,Southern,6 Gilmers Road,Antigua,QLD,4650.0,-25.63249,152.58477,1527,,,,,,,Inspection,Closed,,,,
MI00652,Inspection,2017-05-09 00:00:00,Keperra Quarry,Metalliferous - Quarry,Quarry,MMQ,Operating,Brisbane Office,B- Brisbane,Southern,469 Settlement Road,KEPERRA,QLD,4054.0,-27.42401,152.949667,1528,,,,,,,Inspection,Closed,,,,
MI01584,Inspection,2017-05-09 00:00:00,Collinsville Mine - Open Cut,Coal Mine - Surface,Coal Mine - Surface,COAL,Operating,Mackay Office,C- Mackay,Central,Scottville Road,Collinsville,QLD,4804.0,-20.55807,147.80291,1529,,,,,,,Inspection,Closed,,,,
MI00568,Inspection,2017-05-09 00:00:00,Goonyella Riverside,Coal Mine - Surface,Coal Mine - Surface,COAL,Operating,Mackay Office,,Central,,,,,-21.7581,147.95235,1530,,,,,,,Inspection,Closed,,,,
MI01404,Inspection,2017-05-09 00:00:00,Oaky North Mine,Coal Mine - Underground,Coal Mine - Underground,COAL,Operating,Rockhampton Office,,Central,Oaky Creek Mine Access Road,LILYVALE,QLD,4723.0,-23.03935,148.53987,1531,,,,,,,Inspection,Closed,,,,
MI00761,Inspection,2017-05-09 00:00:00,Mount Garnet Lime,Metalliferous Mine - Surface,Metalliferous Mine - Surface,MMQ,Operating,Townsville Office,T- Mareeba / Atherton / Herberton,Northern,,,,,-17.64559,145.14165,1532,,,,,,,Inspection,Closed,,,,
MI02655,Inspection,2017-05-09 00:00:00,Mount Garnet Underground,Metalliferous Mine - Underground,Metalliferous Mine - Underground,MMQ,Care & Maintenance,Townsville Office,T- Mareeba / Atherton / Herberton,Northern,,,,,-17.67985,145.11074,1533,,,,,,,Inspection,Closed,,,,
MI03518,Inspection,2017-05-09 00:00:00,Karamujic ML 4170,Metalliferous Mine - Surface,Metalliferous Mine - Surface,MMQ,Infrequent Operation,Townsville Office,T- Mareeba / Atherton / Herberton,Northern,,,,,-17.42085,145.0634,1534,,,,,,,Inspection - Unannounced,Closed,,,,
MI00708,Inspection,2017-05-09 00:00:00,Maryborough Quarry,Metalliferous - Quarry,Quarry,MMQ,Operating,Brisbane Office,B- Fraser Coast,Southern,6 Gilmers Road,Antigua,QLD,4650.0,-25.63249,152.58477,1535,,,,,,,Inspection,Closed,,,,
MI01789,Action,2017-05-09 01:06:00,Pine Mountain Quarry,Metalliferous - Quarry,Quarry,MMQ,Closed,Brisbane Office,B- Brisbane,Southern,Pine Mountain Road,Mt Gravatt East,QLD,,-27.51732,153.089833,1536,,Gravity,Fall of ground,,,,Inspection,Closed,Substandard Condition or Practice,,,1.0
MI01789,Action,2017-05-09 01:16:00,Pine Mountain Quarry,Metalliferous - Quarry,Quarry,MMQ,Closed,Brisbane Office,B- Brisbane,Southern,Pine Mountain Road,Mt Gravatt East,QLD,,-27.51732,153.089833,1537,,Non Hazard Specific,Supervision,,,,Inspection,Closed,Substandard Condition or Practice,,,2.0
MI00759,Incident,2017-05-09 02:30:00,Leichhardt Operations,Metalliferous Mine - Surface,Metalliferous Mine - Surface,MMQ,Operating,Mount Isa Office,,,,,,,-19.99,139.91727,1538,High Potential Incident,Non Hazard Specific,Other,Lost time,surface,Restricted visibility,,,,,,
MI00159,Incident,2017-05-09 05:30:00,Curragh Mine,Coal Mine - Surface,Coal Mine - Surface,COAL,Operating,Rockhampton Office,,,,,,,-23.49741,148.84478,1539,High Potential Incident,Electrical,Cable Damage,High potential no lost time,surface,High voltage source/lightning,,,,,,
MI00016,Action,2017-05-09 12:15:00,Animasu Mine,Metalliferous Mine - Surface,Metalliferous Mine - Surface,MMQ,Operating,Brisbane Office,B- Lockyer Valley,Southern,613 Seventeen mile road,Helidon,QLD,4344.0,-27.51013,152.156195,1540,,Non Hazard Specific,Risk management,,,,Inspection,Closed,Substandard Condition or Practice,,,1.0
MI00016,Action,2017-05-09 12:55:00,Animasu Mine,Metalliferous Mine - Surface,Metalliferous Mine - Surface,MMQ,Operating,Brisbane Office,B- Lockyer Valley,Southern,613 Seventeen mile road,Helidon,QLD,4344.0,-27.51013,152.156195,1541,,Non Hazard Specific,Management structure,,,,Inspection,Closed,Substandard Condition or Practice,,,2.0
MI01258,Incident,2017-05-09 17:30:00,Saraji,Coal Mine - Surface,Coal Mine - Surface,COAL,Operating,Mackay Office,,Central,,,,,-22.42214,148.28115,1542,High Potential Incident,,,High potential no lost time,surface,Explosives,,,,,,
MI01808,Inspection,2017-05-10 00:00:00,QCoal Northern Hub (Sonoma - Cows - Drake 1 & 2 - Jax),Coal Mine - Surface,Coal Mine - Surface,COAL,Operating,Mackay Office,C- Mackay,Central,Bowen Developmental Road,Collinsville,QLD,4804.0,-20.63823,147.85616,1543,,,,,,,Inspection,Closed,,,,
MI01708,Inspection,2017-05-10 00:00:00,Mungana Underground,Metalliferous Mine - Underground,Metalliferous Mine - Underground,MMQ,Care & Maintenance,Townsville Office,T- Chilligoe,Northern,,,,,-17.10654,144.38406,1544,,,,,,,Inspection,Closed,,,,
MI01182,Inspection,2017-05-10 00:00:00,Parklands Quarry,Metalliferous - Quarry,Quarry,MMQ,Operating,Brisbane Office,B- Sunshine Coast,Southern,,,,,-26.60098,152.965493,1545,,,,,,,Inspection,Closed,,,,
MI01243,Inspection,2017-05-10 00:00:00,Ringtail Creek Quarry,Metalliferous - Quarry,Quarry,MMQ,Infrequent Operation,Brisbane Office,B- Sunshine Coast,Southern,,,,,-26.34972222,152.96389,1546,,,,,,,Inspection,Closed,,,,
MI01162,Inspection,2017-05-10 00:00:00,Oaky Creek No. 1 Colliery,Coal Mine - Underground,Coal Mine - Underground,COAL,Closed,Rockhampton Office,,Central,,,,,-23.07071,148.49695,1547,,,,,,,Inspection,Closed,,,,
MI00762,Inspection,2017-05-10 00:00:00,Capricorn Copper Mine,Metalliferous Mine - Underground,Metalliferous Mine - Underground,MMQ,Operating,Mount Isa Office,,,,,,,-19.68885,139.36651,1548,,,,,,,Inspection,Closed,,,,
MI00762,Inspection,2017-05-10 00:00:00,Capricorn Copper Mine,Metalliferous Mine - Underground,Metalliferous Mine - Underground,MMQ,Operating,Mount Isa Office,,,,,,,-19.68885,139.36651,1549,,,,,,,Inspection,Closed,,,,
MI01547,Inspection,2017-05-10 00:00:00,Broadmeadow Mine,Coal Mine - Underground,Coal Mine - Underground,COAL,Operating,Mackay Office,,,,,,,-21.83,147.97998,1550,,,,,,,Inspection,Closed,,,,
MI01843,Inspection,2017-05-10 00:00:00,Bungil,Metalliferous - Quarry,Quarry,MMQ,Operating,Brisbane Office,B- Maranoa,Southern,,,,,-26.28342,148.734348,1551,,,,,,,Inspection,Closed,,,,
MI02656,Inspection,2017-05-10 00:00:00,Pajingo Surface,Metalliferous - Minerals Processing,Metalliferous Mine - Surface,MMQ,Operating,Townsville Office,T- Charters Towers / Ravenswood,Northern,"Pajingo Mine (Surface Processing Plant), Clermont Highway,",Charters Towers,QLD,4820.0,-20.52951,146.43509,1552,,,,,,,Inspection,Closed,,,,
MI03491,Inspection,2017-05-10 00:00:00,King Vol,Metalliferous Mine - Underground,Metalliferous Mine - Underground,MMQ,Care & Maintenance,Townsville Office,T- Chilligoe,Northern,,,,,-16.93751,144.249742,1553,,,,,,,Inspection,Closed,,,,
MI00631,Incident,2017-05-10 06:55:00,Jellinbah East Mine,Coal Mine - Surface,Coal Mine - Surface,COAL,Operating,Rockhampton Office,,Central,,BLUFF,QLD,4702.0,-23.38814,148.96074,1554,High Potential Incident,Vehicle,Collision with another vehicle,High potential no lost time,surface,Human error/actions,,,,,,
MI00568,Action,2017-05-10 08:44:00,Goonyella Riverside,Coal Mine - Surface,Coal Mine - Surface,COAL,Operating,Mackay Office,,Central,,,,,-21.7581,147.95235,1555,,,,,,,Inspection,Closed,Substandard Condition or Practice,,,1.0
MI01247,Action,2017-05-10 09:41:00,Riverton Mine,Metalliferous Mine - Surface,Metalliferous Mine - Surface,MMQ,Operating,Brisbane Office,B- Southern Downs,Southern,,,,,-29.02393,151.486735,1556,,Non Hazard Specific,Procedures,,,,Inspection,Closed,Substandard Condition or Practice,,,1.0
MI01258,Action,2017-05-10 10:24:00,Saraji,Coal Mine - Surface,Coal Mine - Surface,COAL,Operating,Mackay Office,,Central,,,,,-22.42214,148.28115,1557,,,,,,,Inspection,Closed,Substandard Condition or Practice,,,1.0
MI01258,Incident,2017-05-10 12:34:00,Saraji,Coal Mine - Surface,Coal Mine - Surface,COAL,Operating,Mackay Office,,Central,,,,,-22.42214,148.28115,1558,High Potential Incident,Thermal,Fire,High potential no lost time,surface,Fatigue,,,,,,
MI01306,Incident,2017-05-10 14:00:00,Thalanga Surface,Metalliferous - Minerals Processing,Metalliferous Mine - Surface,MMQ,Inactive Tenure,Townsville Office,T- Charters Towers / Ravenswood,Northern,,,,,-20.33505,145.77171,1559,High Potential Incident,Electrical,Arc flash/blast,High potential no lost time,surface,Electrical equipment,,,,,,
MI01907,Incident,2017-05-10 20:30:00,Lake Vermont,Coal Mine - Surface,Coal Mine - Surface,COAL,Operating,Mackay Office,,,,,,,-22.47,148.40803,1560,High Potential Incident,Vehicle,Mechanical/structural failure of vehicle,High potential no lost time,surface,Moving components/parts,,,,,,
MI01258,Incident,2017-05-10 22:15:00,Saraji,Coal Mine - Surface,Coal Mine - Surface,COAL,Operating,Mackay Office,,Central,,,,,-22.42214,148.28115,1561,High Potential Incident,Mechanical,Struck by projectile,High potential no lost time,surface,Human error/actions,,,,,,
MI00631,Incident,2017-05-10 22:40:00,Jellinbah East Mine,Coal Mine - Surface,Coal Mine - Surface,COAL,Operating,Rockhampton Office,,Central,,BLUFF,QLD,4702.0,-23.38814,148.96074,1562,High Potential Incident,Thermal,Fire,High potential no lost time,surface,Fire(s),,,,,,
MI01781,Incident,2017-05-10 23:10:00,Clermont Mine - Open Cut,Coal Mine - Surface,Coal Mine - Surface,COAL,Operating,Mackay Office,,Central,Gregory Development Road,Clermont,QLD,4721.0,-22.72688,147.62171,1563,High Potential Incident,Thermal,Fire,High potential no lost time,surface,Fire(s),,,,,,
MI01144,Inspection,2017-05-11 00:00:00,Nerimbera Quarry,Metalliferous - Quarry,Quarry,MMQ,Operating,Brisbane Office,B- Livingstone,Southern,,,,,-23.392658,150.600234,1564,,,,,,,Inspection,Closed,,,,
MI01976,Inspection,2017-05-11 00:00:00,Daunia Mine,Coal Mine - Surface,Coal Mine - Surface,COAL,Operating,Mackay Office,,Central,"Millennium Poitrel Access Road
Via Peak Downs Road",Moranbah,QLD,4744.0,-22.04127,148.26852,1565,,,,,,,Inspection,Closed,,,,
MI01150,Inspection,2017-05-11 00:00:00,Newlands Mine - Open Cut,Coal Mine - Surface,Coal Mine - Surface,COAL,Operating,Mackay Office,,Central,Newlands Access Road,Via Glenden,QLD,4743.0,-21.21217,147.88636,1566,,,,,,,Inspection,Closed,,,,
MI01418,Inspection,2017-05-11 00:00:00,Calliope Mine,Metalliferous Mine - Surface,Metalliferous Mine - Surface,MMQ,Operating,Brisbane Office,B- Gladstone,Southern,,,,,-24.09341,151.239661,1567,,,,,,,Inspection,Closed,,,,
MI01603,Inspection,2017-05-11 00:00:00,Wolfram Camp,Metalliferous Mine - Surface,Metalliferous Mine - Surface,MMQ,Closed,Townsville Office,T- Mareeba / Atherton / Herberton,Northern,,,,,-17.08282,144.96926,1568,,,,,,,Inspection,Closed,,,,
MI01781,Inspection,2017-05-11 00:00:00,Clermont Mine - Open Cut,Coal Mine - Surface,Coal Mine - Surface,COAL,Operating,Mackay Office,,Central,Gregory Development Road,Clermont,QLD,4721.0,-22.72688,147.62171,1569,,,,,,,Inspection,Closed,,,,
MI00631,Inspection,2017-05-11 00:00:00,Jellinbah East Mine,Coal Mine - Surface,Coal Mine - Surface,COAL,Operating,Rockhampton Office,,Central,,BLUFF,QLD,4702.0,-23.38814,148.96074,1570,,,,,,,Inspection,Closed,,,,
MI03455,Inspection,2017-05-11 00:00:00,Jondaryan Quarry,Metalliferous - Quarry,Quarry,MMQ,Operating,Brisbane Office,B- Toowoomba,Southern,Jondaryan - Muldu Road,Jondaryan,QLD,,-27.35454,151.607292,1571,,,,,,,Inspection,Closed,,,,
MI01432,Inspection,2017-05-11 00:00:00,Yarrabee Mine,Coal Mine - Surface,Coal Mine - Surface,COAL,Operating,Rockhampton Office,,Central,Boonal Haul Road,BLACKWATER,QLD,4717.0,-23.27349,149.02261,1572,,,,,,,Inspection,Closed,,,,
MI01887,Inspection,2017-05-11 00:00:00,Mt Isa - Orica Explosives,Metalliferous Mine - Surface,Metalliferous Mine - Surface,MMQ,Operating,Mount Isa Office,MI- Mount Isa,Northern,May Downs Road,Mount Isa,QLD,4825.0,-20.69737,139.464865,1573,,,,,,,Inspection,Closed,,,,
MI00056,Inspection,2017-05-11 00:00:00,Bli Bli Quarry,Metalliferous - Quarry,Quarry,MMQ,Operating,Brisbane Office,B- Sunshine Coast,Southern,,,,,-26.60826,152.977382,1574,,,,,,,Inspection,Closed,,,,
MI00092,Inspection,2017-05-11 00:00:00,Callide Mine,Coal Mine - Surface,Coal Mine - Surface,COAL,Operating,Rockhampton Office,,Central,Biloela Callide Road,BILOELA,QLD,4715.0,-24.3276,150.61872,1575,,,,,,,Inspection,Closed,,,,
MI01808,Action,2017-05-11 01:31:00,QCoal Northern Hub (Sonoma - Cows - Drake 1 & 2 - Jax),Coal Mine - Surface,Coal Mine - Surface,COAL,Operating,Mackay Office,C- Mackay,Central,Bowen Developmental Road,Collinsville,QLD,4804.0,-20.63823,147.85616,1576,,,,,,,Inspection,Closed,Directive,166.0,Directive to reduce risk,1.0
MI01808,Action,2017-05-11 02:11:00,QCoal Northern Hub (Sonoma - Cows - Drake 1 & 2 - Jax),Coal Mine - Surface,Coal Mine - Surface,COAL,Operating,Mackay Office,C- Mackay,Central,Bowen Developmental Road,Collinsville,QLD,4804.0,-20.63823,147.85616,1577,,,,,,,Inspection,Closed,Substandard Condition or Practice,,,2.0
MI01808,Action,2017-05-11 02:16:00,QCoal Northern Hub (Sonoma - Cows - Drake 1 & 2 - Jax),Coal Mine - Surface,Coal Mine - Surface,COAL,Operating,Mackay Office,C- Mackay,Central,Bowen Developmental Road,Collinsville,QLD,4804.0,-20.63823,147.85616,1578,,,,,,,Inspection,Closed,Substandard Condition or Practice,,,3.0
MI01808,Action,2017-05-11 02:22:00,QCoal Northern Hub (Sonoma - Cows - Drake 1 & 2 - Jax),Coal Mine - Surface,Coal Mine - Surface,COAL,Operating,Mackay Office,C- Mackay,Central,Bowen Developmental Road,Collinsville,QLD,4804.0,-20.63823,147.85616,1579,,,,,,,Inspection,Closed,Substandard Condition or Practice,,,4.0
MI01144,Action,2017-05-11 03:25:00,Nerimbera Quarry,Metalliferous - Quarry,Quarry,MMQ,Operating,Brisbane Office,B- Livingstone,Southern,,,,,-23.392658,150.600234,1580,,Non Hazard Specific,Training,,,,Inspection,Closed,Substandard Condition or Practice,,,1.0
MI00749,Incident,2017-05-11 16:45:00,Moorvale Mine,Coal Mine - Surface,Coal Mine - Surface,COAL,Operating,Mackay Office,,,,,,,-21.9697,148.37113,1581,High Potential Incident,Vehicle,Collision with another vehicle,High potential no lost time,surface,Moving vehicles/equipment,,,,,,
MI00092,Incident,2017-05-11 17:15:00,Callide Mine,Coal Mine - Surface,Coal Mine - Surface,COAL,Operating,Rockhampton Office,,Central,Biloela Callide Road,BILOELA,QLD,4715.0,-24.3276,150.61872,1582,High Potential Incident,Gravity,Fall of people,Lost time,surface,Moving vehicles/equipment,,,,,,
MI01649,Incident,2017-05-11 21:45:00,Isaac Plains,Coal Mine - Surface,Coal Mine - Surface,COAL,Operating,Mackay Office,,Central,10167 Peak Downs Highway,Coppabella,QLD,4741.0,-21.96206,148.10705,1583,High Potential Incident,Vehicle,Collision with another vehicle,High potential no lost time,surface,Moving vehicles/equipment,,,,,,
MI01570,Inspection,2017-05-12 00:00:00,Goodsell Earth Moving - Roseneath,Metalliferous - Quarry,Quarry,MMQ,Operating,Townsville Office,T- Townsville / Ayr,Northern,,,,,-19.37022,146.84843,1584,,,,,,,Inspection,Closed,,,,
MI00757,Inspection,2017-05-12 00:00:00,Mount Coot-Tha Quarry,Metalliferous - Quarry,Quarry,MMQ,Operating,Brisbane Office,B- Brisbane,Southern,200 Mount Cooot-Tha Road,Toowong,QLD,,-27.47416667,152.97611,1585,,,,,,,Inspection,Closed,,,,
MI01404,Incident,2017-05-12 00:30:00,Oaky North Mine,Coal Mine - Underground,Coal Mine - Underground,COAL,Operating,Rockhampton Office,,Central,Oaky Creek Mine Access Road,LILYVALE,QLD,4723.0,-23.03935,148.53987,1586,High Potential Incident,Electrical,Explosion protected equipment failure,High potential no lost time,underground,Electrical equipment,,,,,,
MI01781,Action,2017-05-12 03:03:00,Clermont Mine - Open Cut,Coal Mine - Surface,Coal Mine - Surface,COAL,Operating,Mackay Office,,Central,Gregory Development Road,Clermont,QLD,4721.0,-22.72688,147.62171,1587,,,,,,,Inspection,Closed,Substandard Condition or Practice,,,1.0
MI01781,Action,2017-05-12 03:11:00,Clermont Mine - Open Cut,Coal Mine - Surface,Coal Mine - Surface,COAL,Operating,Mackay Office,,Central,Gregory Development Road,Clermont,QLD,4721.0,-22.72688,147.62171,1588,,,,,,,Inspection,Closed,Substandard Condition or Practice,,,2.0
MI00750,Incident,2017-05-12 11:15:00,Moranbah North,Coal Mine - Underground,Coal Mine - Underground,COAL,Operating,Mackay Office,C- Moranbah,Central,1164 Goonyella Road,Moranbah,QLD,4744.0,-21.88576,147.96564,1589,High Potential Incident,Electrical,Explosion protected equipment failure,High potential no lost time,underground,Other,,,,,,
MI03518,Action,2017-05-12 12:26:00,Karamujic ML 4170,Metalliferous Mine - Surface,Metalliferous Mine - Surface,MMQ,Infrequent Operation,Townsville Office,T- Mareeba / Atherton / Herberton,Northern,,,,,-17.42085,145.0634,1590,,Non Hazard Specific,Risk management,,,,Inspection - Unannounced,Closed,Directive,165.0,Directive to review safety and health management system,1.0
MI01243,Action,2017-05-12 12:40:00,Ringtail Creek Quarry,Metalliferous - Quarry,Quarry,MMQ,Infrequent Operation,Brisbane Office,B- Sunshine Coast,Southern,,,,,-26.34972222,152.96389,1591,,Mechanical,Caught in nip point,,,,Inspection,Closed,Directive,163.0,Directive to reduce risk,1.0
MI01383,Incident,2017-05-12 14:00:00,Minerva Mine,Coal Mine - Surface,Coal Mine - Surface,COAL,Care & Maintenance,Rockhampton Office,C- Emerald,Central,Wurba Road,SPRINGSURE,QLD,4722.0,-23.90942,148.06107,1592,High Potential Incident,Thermal,Fire,High potential no lost time,surface,Fire(s),,,,,,
MI00254,Incident,2017-05-13 10:45:00,Foxleigh Mine,Coal Mine - Surface,Coal Mine - Surface,COAL,Operating,Rockhampton Office,,Central,Dysart-Middlemount Road,MIDDLEMOUNT,QLD,4746.0,-22.9836,148.77829,1593,High Potential Incident,Thermal,Fire,High potential no lost time,surface,Fire(s),,,,,,
MI02952,Incident,2017-05-13 13:15:00,Caval Ridge Mine,Coal Mine - Surface,Coal Mine - Surface,COAL,Operating,Mackay Office,C- Mackay,Central,,,,,-22.15615,148.05892,1594,High Potential Incident,Explosives,Explosives - Misfire identified prior to firing,High potential no lost time,surface,Inundation,,,,,,
MI01573,Incident,2017-05-13 15:00:00,South Walker Creek,Coal Mine - Surface,Coal Mine - Surface,COAL,Operating,Mackay Office,,Central,Via Peak Downs Highway,Nebo,QLD,4744.0,-21.77801,148.48194,1595,High Potential Incident,Explosives,Explosives - Misfire identified prior to firing,High potential no lost time,surface,Strata failure,,,,,,
MI00254,Incident,2017-05-13 16:29:00,Foxleigh Mine,Coal Mine - Surface,Coal Mine - Surface,COAL,Operating,Rockhampton Office,,Central,Dysart-Middlemount Road,MIDDLEMOUNT,QLD,4746.0,-22.9836,148.77829,1596,High Potential Incident,Vehicle,Collision with another vehicle,High potential no lost time,surface,Moving vehicles/equipment,,,,,,
MI00159,Incident,2017-05-13 21:00:00,Curragh Mine,Coal Mine - Surface,Coal Mine - Surface,COAL,Operating,Rockhampton Office,,,,,,,-23.49741,148.84478,1597,High Potential Incident,Mechanical,Lifting,High potential lost time,surface,Moving components/parts,,,,,,
MI02085,Inspection,2017-05-15 00:00:00,Belmore Quarry,Metalliferous - Quarry,Quarry,MMQ,Operating,Townsville Office,T- Prosperpine / Bowen,Northern,,,,,-20.66486944,147.8935111,1598,,,,,,,Inspection,Closed,,,,
MI01403,Inspection,2017-05-15 00:00:00,Lockyer Valley Quarry,Metalliferous Mine - Surface,Metalliferous Mine - Surface,MMQ,Operating,Brisbane Office,B- Lockyer Valley,Southern,,,,,-27.53207,152.130121,1599,,,,,,,Inspection,Closed,,,,
MI02697,Inspection,2017-05-15 00:00:00,Umina Quarry,Metalliferous - Quarry,Quarry,MMQ,Operating,Townsville Office,T- Prosperpine / Bowen,Northern,,,,,-20.49736,147.8310444,1600,,,,,,,Inspection,Closed,,,,
MI00553,Incident,2017-05-15 02:00:00,Capcoal Surface Coal Mine,Coal Mine - Surface,Coal Mine - Surface,COAL,Operating,Rockhampton Office,,,,,,,-22.93,148.55146,1601,High Potential Incident,Thermal,Fire,High potential no lost time,surface,Fire(s),,,,,,
MI00092,Action,2017-05-15 02:13:00,Callide Mine,Coal Mine - Surface,Coal Mine - Surface,COAL,Operating,Rockhampton Office,,Central,Biloela Callide Road,BILOELA,QLD,4715.0,-24.3276,150.61872,1602,,,,,,,Inspection,Closed,Substandard Condition or Practice,,,1.0
MI00092,Action,2017-05-15 02:23:00,Callide Mine,Coal Mine - Surface,Coal Mine - Surface,COAL,Operating,Rockhampton Office,,Central,Biloela Callide Road,BILOELA,QLD,4715.0,-24.3276,150.61872,1603,,,,,,,Inspection,Closed,Substandard Condition or Practice,,,2.0
MI00582,Incident,2017-05-15 04:00:00,Grosvenor Quarry,Metalliferous - Quarry,Quarry,MMQ,Operating,Townsville Office,C- Moranbah,Northern,,,,,-22.0432,148.065457,1604,High Potential Incident,Vehicle,Rollover,High potential no lost time,surface,Moving vehicles/equipment,,,,,,
MI00796,Incident,2017-05-15 07:00:00,Mt Isa - Copper Concentrator,Metalliferous - Minerals Processing,Metalliferous Mine - Surface,MMQ,Operating,Mount Isa Office,MI- Mount Isa,Northern,,,,,-20.71935,139.484141,1605,High Potential Incident,Mechanical,Entangled in rotating plant,High potential no lost time,surface,Human error/actions,,,,,,
MI01150,Incident,2017-05-15 09:20:00,Newlands Mine - Open Cut,Coal Mine - Surface,Coal Mine - Surface,COAL,Operating,Mackay Office,,Central,Newlands Access Road,Via Glenden,QLD,4743.0,-21.21217,147.88636,1606,High Potential Incident,Thermal,Fire,High potential no lost time,surface,Fire(s),,,,,,
MI01418,Action,2017-05-15 11:04:00,Calliope Mine,Metalliferous Mine - Surface,Metalliferous Mine - Surface,MMQ,Operating,Brisbane Office,B- Gladstone,Southern,,,,,-24.09341,151.239661,1607,,Non Hazard Specific,Facility description,,,,Inspection,Closed,Substandard Condition or Practice,,,1.0
MI01418,Action,2017-05-15 11:10:00,Calliope Mine,Metalliferous Mine - Surface,Metalliferous Mine - Surface,MMQ,Operating,Brisbane Office,B- Gladstone,Southern,,,,,-24.09341,151.239661,1608,,Mechanical,Crushed between a load and a structure,,,,Inspection,Closed,Substandard Condition or Practice,,,2.0
MI01403,Action,2017-05-15 11:12:00,Lockyer Valley Quarry,Metalliferous Mine - Surface,Metalliferous Mine - Surface,MMQ,Operating,Brisbane Office,B- Lockyer Valley,Southern,,,,,-27.53207,152.130121,1609,,Chemical,Silica,,,,Inspection,Closed,Substandard Condition or Practice,,,1.0
MI00630,Action,2017-05-15 11:14:00,Jeebropilly,Coal Mine - Surface,Coal Mine - Surface,COAL,Care & Maintenance,Rockhampton Office,S- Ipswich,Central,Haigslea-Amberley Road,AMBERLEY,QLD,4306.0,-27.65246,152.658986,1610,,,,,,,Inspection,Closed,Substandard Condition or Practice,,,1.0
MI01418,Action,2017-05-15 11:18:00,Calliope Mine,Metalliferous Mine - Surface,Metalliferous Mine - Surface,MMQ,Operating,Brisbane Office,B- Gladstone,Southern,,,,,-24.09341,151.239661,1611,,Electrical,Arc flash/blast,,,,Inspection,Closed,Substandard Condition or Practice,,,3.0
MI01404,Action,2017-05-15 11:22:00,Oaky North Mine,Coal Mine - Underground,Coal Mine - Underground,COAL,Operating,Rockhampton Office,,Central,Oaky Creek Mine Access Road,LILYVALE,QLD,4723.0,-23.03935,148.53987,1612,,,,,,,Inspection,Closed,Directive,168.0,Directive to review safety and health management system and principal hazard management plans,1.0
MI00630,Action,2017-05-15 11:22:00,Jeebropilly,Coal Mine - Surface,Coal Mine - Surface,COAL,Care & Maintenance,Rockhampton Office,S- Ipswich,Central,Haigslea-Amberley Road,AMBERLEY,QLD,4306.0,-27.65246,152.658986,1613,,,,,,,Inspection,Closed,Directive,168.0,Directive to review safety and health management system and principal hazard management plans,2.0
MI01404,Action,2017-05-15 11:34:00,Oaky North Mine,Coal Mine - Underground,Coal Mine - Underground,COAL,Operating,Rockhampton Office,,Central,Oaky Creek Mine Access Road,LILYVALE,QLD,4723.0,-23.03935,148.53987,1614,,,,,,,Inspection,Closed,Substandard Condition or Practice,,,2.0
MI00806,Incident,2017-05-15 12:58:00,Mt Isa - Isa Copper Mine,Metalliferous Mine - Underground,Metalliferous Mine - Underground,MMQ,Operating,Mount Isa Office,MI- Mount Isa,Northern,,,,,-20.72484,139.478149,1615,Serious Accident,Pressure,Failure of pressure vessel (eg cylinder - hose - accumulator),High potential lost time,underground,Pressured storage systems,,,,,,
MI00594,Incident,2017-05-15 21:30:00,Hail Creek,Coal Mine - Surface,Coal Mine - Surface,COAL,Operating,Mackay Office,,,,,,,-21.5,148.34391,1616,High Potential Incident,Vehicle,Other,High potential no lost time,surface,Moving vehicles/equipment,,,,,,
MI01547,Incident,2017-05-15 21:40:00,Broadmeadow Mine,Coal Mine - Underground,Coal Mine - Underground,COAL,Operating,Mackay Office,,,,,,,-21.83,147.97998,1617,High Potential Incident,Electrical,Cable Damage,High potential no lost time,underground,Moving components/parts,,,,,,
MI00809,Incident,2017-05-15 21:45:00,Mt Isa - Lead & Zinc Concentrator,Metalliferous - Minerals Processing,Metalliferous Mine - Surface,MMQ,Operating,Mount Isa Office,MI- Mount Isa,Northern,,,,,-20.72219,139.481114,1618,High Potential Incident,Pressure,Failure of pressure vessel (eg cylinder - hose - accumulator),High potential no lost time,surface,Explosions,,,,,,
MI01539,Incident,2017-05-15 22:10:00,Eloise,Metalliferous Mine - Underground,Metalliferous Mine - Underground,MMQ,Operating,Mount Isa Office,,,,,,,-20.95,140.9809,1619,High Potential Incident,Electrical,Other,High potential no lost time,underground,Fire(s),,,,,,
MI00743,Inspection,2017-05-16 00:00:00,Montgomery Mine,Metalliferous Mine - Surface,Metalliferous Mine - Surface,MMQ,Care & Maintenance,Brisbane Office,B- Lockyer Valley,Southern,"Lot 1
Airforce Road",Helidon,QLD,4344.0,-27.50058,152.099525,1620,,,,,,,Inspection,Closed,,,,
MI03631,Inspection,2017-05-16 00:00:00,Coles Quarry,Metalliferous - Quarry,Quarry,MMQ,Operating,Brisbane Office,B- North Burnett,Southern,Lot 178 & 179 Mount Goonaneman Road,DALLARNIL,QLD,4621.0,-25.3827,152.0908,1621,,,,,,,Inspection,Closed,,,,
MI03044,Inspection,2017-05-16 00:00:00,Montgomery Mine - WK Haulage,Metalliferous Mine - Surface,Metalliferous Mine - Surface,MMQ,Closed,Brisbane Office,B- Lockyer Valley,Southern,31/9 Quarry Road,Stapylton,QLD,4207.0,-27.50238,152.101533,1622,,,,,,,Inspection,Closed,,,,
MI02976,Inspection,2017-05-16 00:00:00,Grosvenor Coal Mine,Coal Mine - Underground,Coal Mine - Underground,COAL,Operating,Mackay Office,C- Moranbah,Central,Ground Floor 201 Charlotte Street,Brisbane,QLD,4001.0,-21.97533,148.00995,1623,,,,,,,Inspection,Closed,,,,
MI01569,Inspection,2017-05-16 00:00:00,Rolleston Mine,Coal Mine - Surface,Coal Mine - Surface,COAL,Operating,Rockhampton Office,,,,,,,-24.44,148.41844,1624,,,,,,,Inspection,Closed,,,,
MI02952,Inspection,2017-05-16 00:00:00,Caval Ridge Mine,Coal Mine - Surface,Coal Mine - Surface,COAL,Operating,Mackay Office,C- Mackay,Central,,,,,-22.15615,148.05892,1625,,,,,,,Inspection,Closed,,,,
MI01908,Inspection,2017-05-16 00:00:00,Dugald River Mine,Metalliferous Mine - Underground,Metalliferous Mine - Underground,MMQ,Operating,Mount Isa Office,MI- Cloncurry,Northern,Burke Development Road,Cloncurry,QLD,4824.0,-20.25369,140.159832,1626,,,,,,,Inspection,Closed,,,,
MI01157,Action,2017-05-16 01:33:00,North Goonyella,Coal Mine - Underground,Coal Mine - Underground,COAL,Operating,Mackay Office,,Central,,,,,-21.65702,147.97045,1627,,,,,,,Inspection,Closed,Substandard Condition or Practice,,,1.0
MI01976,Action,2017-05-16 02:05:00,Daunia Mine,Coal Mine - Surface,Coal Mine - Surface,COAL,Operating,Mackay Office,,Central,"Millennium Poitrel Access Road
Via Peak Downs Road",Moranbah,QLD,4744.0,-22.04127,148.26852,1628,,,,,,,Inspection,Closed,Recommendation,,,1.0
MI03631,Action,2017-05-16 07:22:00,Coles Quarry,Metalliferous - Quarry,Quarry,MMQ,Operating,Brisbane Office,B- North Burnett,Southern,Lot 178 & 179 Mount Goonaneman Road,DALLARNIL,QLD,4621.0,-25.3827,152.0908,1629,,Mechanical,Caught in nip point,,,,Inspection,Closed,Directive,163.0,Directive to reduce risk,1.0
MI03631,Action,2017-05-16 07:42:00,Coles Quarry,Metalliferous - Quarry,Quarry,MMQ,Operating,Brisbane Office,B- North Burnett,Southern,Lot 178 & 179 Mount Goonaneman Road,DALLARNIL,QLD,4621.0,-25.3827,152.0908,1630,,Vehicle,Other,,,,Inspection,Closed,Substandard Condition or Practice,,,2.0
MI01573,Incident,2017-05-16 08:00:00,South Walker Creek,Coal Mine - Surface,Coal Mine - Surface,COAL,Operating,Mackay Office,,Central,Via Peak Downs Highway,Nebo,QLD,4744.0,-21.77801,148.48194,1631,High Potential Incident,Explosives,Explosives - Misfire identified after firing,High potential no lost time,surface,Explosions,,,,,,
MI00054,Incident,2017-05-16 08:30:00,Blackwater Mine,Coal Mine - Surface,Coal Mine - Surface,COAL,Operating,Rockhampton Office,,Central,Ardurad Road (Blackwater Rolleston Road),BLACKWATER,QLD,4717.0,-23.7697,148.87879,1632,High Potential Incident,Electrical,Electric Shock,High potential no lost time,surface,Electrical equipment,,,,,,
MI01403,Action,2017-05-16 12:00:00,Lockyer Valley Quarry,Metalliferous Mine - Surface,Metalliferous Mine - Surface,MMQ,Operating,Brisbane Office,B- Lockyer Valley,Southern,,,,,-27.53207,152.130121,1633,,Mechanical,Struck by projectile,,,,Inspection,Closed,Substandard Condition or Practice,,,2.0
MI01403,Action,2017-05-16 12:27:00,Lockyer Valley Quarry,Metalliferous Mine - Surface,Metalliferous Mine - Surface,MMQ,Operating,Brisbane Office,B- Lockyer Valley,Southern,,,,,-27.53207,152.130121,1634,,Chemical,Silica,,,,Inspection,Closed,Substandard Condition or Practice,,,3.0
MI00159,Incident,2017-05-16 23:00:00,Curragh Mine,Coal Mine - Surface,Coal Mine - Surface,COAL,Operating,Rockhampton Office,,,,,,,-23.49741,148.84478,1635,High Potential Incident,Gravity,Fall of equipment/material,High potential lost time,surface,Other,,,,,,
MI00016,Inspection,2017-05-17 00:00:00,Animasu Mine,Metalliferous Mine - Surface,Metalliferous Mine - Surface,MMQ,Operating,Brisbane Office,B- Lockyer Valley,Southern,613 Seventeen mile road,Helidon,QLD,4344.0,-27.51013,152.156195,1636,,,,,,,Inspection,Closed,,,,
MI00092,Inspection,2017-05-17 00:00:00,Callide Mine,Coal Mine - Surface,Coal Mine - Surface,COAL,Operating,Rockhampton Office,,Central,Biloela Callide Road,BILOELA,QLD,4715.0,-24.3276,150.61872,1637,,,,,,,Inspection,Closed,,,,
MI01907,Inspection,2017-05-17 00:00:00,Lake Vermont,Coal Mine - Surface,Coal Mine - Surface,COAL,Operating,Mackay Office,,,,,,,-22.47,148.40803,1638,,,,,,,Inspection,Closed,,,,
MI01328,Inspection,2017-05-17 00:00:00,University Mine,Metalliferous Mine - Underground,Metalliferous Mine - Underground,MMQ,Care & Maintenance,Brisbane Office,B- Brisbane,Southern,,,,,-27.50497,152.965277,1639,,,,,,,Inspection,Closed,,,,
MI00574,Inspection,2017-05-17 00:00:00,Great Australia Mine,Metalliferous Mine - Surface,Metalliferous Mine - Surface,MMQ,Operating,Mount Isa Office,MI- Cloncurry,Northern,,,,,-20.72933,140.52243,1640,,,,,,,Inspection,Closed,,,,
MI00600,Inspection,2017-05-17 00:00:00,Hatfield's Quarry,Metalliferous - Quarry,Quarry,MMQ,Care & Maintenance,Townsville Office,C- Sarina,Northern,,,,,-21.6447,149.144253,1641,,,,,,,Inspection,Closed,,,,
MI02103,Inspection,2017-05-17 00:00:00,Mount Carlton,Metalliferous Mine - Surface,Metalliferous Mine - Surface,MMQ,Care & Maintenance,Townsville Office,T- Prosperpine / Bowen,Northern,"Tondara Road,",Bogie,QLD,4805.0,-20.27261,147.54583,1642,,,,,,,Inspection,Closed,,,,
MI02103,Inspection,2017-05-17 00:00:00,Mount Carlton,Metalliferous Mine - Surface,Metalliferous Mine - Surface,MMQ,Care & Maintenance,Townsville Office,T- Prosperpine / Bowen,Northern,"Tondara Road,",Bogie,QLD,4805.0,-20.27261,147.54583,1643,,,,,,,Inspection,Closed,,,,
MI01408,Inspection,2017-05-17 00:00:00,Moy Pocket Quarry,Metalliferous - Quarry,Quarry,MMQ,Operating,Brisbane Office,B- Sunshine Coast,Southern,,,,,-26.53266,152.74295,1644,,,,,,,Inspection,Closed,,,,
MI01239,Inspection,2017-05-17 00:00:00,Regent Sandstone Mine,Metalliferous Mine - Surface,Metalliferous Mine - Surface,MMQ,Operating,Brisbane Office,B- Lockyer Valley,Southern,,,,,-27.53389,152.143705,1645,,,,,,,Inspection,Closed,,,,
MI00748,Inspection,2017-05-17 00:00:00,Moonford Quarry,Metalliferous - Quarry,Quarry,MMQ,Operating,Brisbane Office,B- North Burnett,Southern,,,,,-24.79256,151.04926,1646,,,,,,,Inspection,Closed,,,,
MI00189,Inspection,2017-05-17 00:00:00,Eidsvold Siltstone,Metalliferous Mine - Surface,Metalliferous Mine - Surface,MMQ,Operating,Brisbane Office,B- North Burnett,Southern,44 rifle Range Road,EIDSVOLD,QLD,4627.0,-25.47898,151.215788,1647,,,,,,,Inspection,Closed,,,,
MI00149,Inspection,2017-05-17 00:00:00,Coppabella - Open Cut,Coal Mine - Surface,Coal Mine - Surface,COAL,Operating,Mackay Office,,,,,,,-21.87,148.42141,1648,,,,,,,Inspection,Closed,,,,
MI01581,Inspection,2017-05-17 00:00:00,Solomons Gold Wirralie Project,Metalliferous Mine - Surface,Metalliferous Mine - Surface,MMQ,Operating,Townsville Office,T- Ruthersfords Table,Northern,,,,,-21.11726,147.2709,1649,,,,,,,Inspection,Closed,,,,
MI01570,Action,2017-05-17 05:18:00,Goodsell Earth Moving - Roseneath,Metalliferous - Quarry,Quarry,MMQ,Operating,Townsville Office,T- Townsville / Ayr,Northern,,,,,-19.37022,146.84843,1650,,Mechanical,Lifting,,,,Inspection,Closed,Substandard Condition or Practice,,,1.0
MI00750,Incident,2017-05-17 06:00:00,Moranbah North,Coal Mine - Underground,Coal Mine - Underground,COAL,Operating,Mackay Office,C- Moranbah,Central,1164 Goonyella Road,Moranbah,QLD,4744.0,-21.88576,147.96564,1651,High Potential Incident,Electrical,Other,High potential no lost time,underground,Electrical equipment,,,,,,
MI00743,Action,2017-05-17 07:32:00,Montgomery Mine,Metalliferous Mine - Surface,Metalliferous Mine - Surface,MMQ,Care & Maintenance,Brisbane Office,B- Lockyer Valley,Southern,"Lot 1
Airforce Road",Helidon,QLD,4344.0,-27.50058,152.099525,1652,,Vehicle,Other,,,,Inspection,Closed,Substandard Condition or Practice,,,1.0
MI00743,Action,2017-05-17 07:42:00,Montgomery Mine,Metalliferous Mine - Surface,Metalliferous Mine - Surface,MMQ,Care & Maintenance,Brisbane Office,B- Lockyer Valley,Southern,"Lot 1
Airforce Road",Helidon,QLD,4344.0,-27.50058,152.099525,1653,,Chemical,Silica,,,,Inspection,Closed,Substandard Condition or Practice,,,2.0
MI00743,Action,2017-05-17 07:50:00,Montgomery Mine,Metalliferous Mine - Surface,Metalliferous Mine - Surface,MMQ,Care & Maintenance,Brisbane Office,B- Lockyer Valley,Southern,"Lot 1
Airforce Road",Helidon,QLD,4344.0,-27.50058,152.099525,1654,,Chemical,Silica,,,,Inspection,Closed,Substandard Condition or Practice,,,3.0
MI01573,Incident,2017-05-17 09:00:00,South Walker Creek,Coal Mine - Surface,Coal Mine - Surface,COAL,Operating,Mackay Office,,Central,Via Peak Downs Highway,Nebo,QLD,4744.0,-21.77801,148.48194,1655,High Potential Incident,Explosives,Explosives - Misfire identified after firing,High potential no lost time,surface,Explosives,,,,,,
MI00054,Incident,2017-05-17 09:55:00,Blackwater Mine,Coal Mine - Surface,Coal Mine - Surface,COAL,Operating,Rockhampton Office,,Central,Ardurad Road (Blackwater Rolleston Road),BLACKWATER,QLD,4717.0,-23.7697,148.87879,1656,High Potential Incident,Gravity,Rock fall - Surface,High potential no lost time,surface,Human error/actions,,,,,,
MI00809,Incident,2017-05-17 10:20:00,Mt Isa - Lead & Zinc Concentrator,Metalliferous - Minerals Processing,Metalliferous Mine - Surface,MMQ,Operating,Mount Isa Office,MI- Mount Isa,Northern,,,,,-20.72219,139.481114,1657,High Potential Incident,Vehicle,Collision with a built or natural structure,High potential no lost time,surface,Moving vehicles/equipment,,,,,,
MI00568,Incident,2017-05-17 10:50:00,Goonyella Riverside,Coal Mine - Surface,Coal Mine - Surface,COAL,Operating,Mackay Office,,Central,,,,,-21.7581,147.95235,1658,High Potential Incident,Thermal,Fire,High potential no lost time,surface,Fire(s),,,,,,
MI00092,Incident,2017-05-17 18:35:00,Callide Mine,Coal Mine - Surface,Coal Mine - Surface,COAL,Operating,Rockhampton Office,,Central,Biloela Callide Road,BILOELA,QLD,4715.0,-24.3276,150.61872,1659,High Potential Incident,Thermal,Fire,High potential no lost time,surface,Fire(s),,,,,,
MI00094,Incident,2017-05-17 21:45:00,Cannington Mine,Metalliferous Mine - Underground,Metalliferous Mine - Underground,MMQ,Operating,Mount Isa Office,,,,,,,-21.86,140.91861,1660,High Potential Incident,Thermal,Fire,High potential no lost time,underground,Flammable liquids/gases,,,,,,
MI01314,Inspection,2017-05-18 00:00:00,Global Sandstone,Metalliferous Mine - Surface,Metalliferous Mine - Surface,MMQ,Operating,Brisbane Office,B- Lockyer Valley,Southern,,,,,-27.44972222,152.08472,1661,,,,,,,Inspection,Closed,,,,
MI00079,Inspection,2017-05-18 00:00:00,Bromelton Quarry,Metalliferous - Quarry,Quarry,MMQ,Operating,Brisbane Office,B- Scenic Rim,Southern,325 Sandy Creek Road,Bromelton,QLD,4285.0,-27.99562,152.930691,1662,,,,,,,Inspection,Closed,,,,
MI00106,Inspection,2017-05-18 00:00:00,Cathedral,Metalliferous Mine - Surface,Metalliferous Mine - Surface,MMQ,Closed,Brisbane Office,B- Lockyer Valley,Southern,,,,,-27.50897,152.109551,1663,,,,,,,Inspection,Closed,,,,
MI01649,Inspection,2017-05-18 00:00:00,Isaac Plains,Coal Mine - Surface,Coal Mine - Surface,COAL,Operating,Mackay Office,,Central,10167 Peak Downs Highway,Coppabella,QLD,4741.0,-21.96206,148.10705,1664,,,,,,,Inspection,Closed,,,,
MI00833,Inspection,2017-05-18 00:00:00,Murphys Creek Sandstone,Metalliferous Mine - Surface,Metalliferous Mine - Surface,MMQ,Closed,Brisbane Office,B- Lockyer Valley,Southern,,,,,-27.47527778,152.08556,1665,,,,,,,Inspection - Unannounced,Closed,,,,
MI01757,Inspection,2017-05-18 00:00:00,Bromelton North Quarry,Metalliferous - Quarry,Quarry,MMQ,Operating,Brisbane Office,B- Scenic Rim,Southern,Sandy Creek Road,Bromelton,QLD,4285.0,-27.99215,152.935932,1666,,,,,,,Inspection,Closed,,,,
MI01646,Inspection,2017-05-18 00:00:00,Carborough Downs,Coal Mine - Underground,Coal Mine - Underground,COAL,Operating,Mackay Office,,Central,Peak Downs Highway,Coppabella,QLD,4741.0,-21.99368,148.249,1667,,,,,,,Inspection,Closed,,,,
MI01408,Action,2017-05-18 01:05:00,Moy Pocket Quarry,Metalliferous - Quarry,Quarry,MMQ,Operating,Brisbane Office,B- Sunshine Coast,Southern,,,,,-26.53266,152.74295,1668,,Non Hazard Specific,Commissioning,,,,Inspection,Closed,Substandard Condition or Practice,,,4.0
MI01408,Action,2017-05-18 01:10:00,Moy Pocket Quarry,Metalliferous - Quarry,Quarry,MMQ,Operating,Brisbane Office,B- Sunshine Coast,Southern,,,,,-26.53266,152.74295,1669,,Mechanical,Entangled in rotating plant,,,,Inspection,Closed,Substandard Condition or Practice,,,5.0
MI01907,Incident,2017-05-18 02:10:00,Lake Vermont,Coal Mine - Surface,Coal Mine - Surface,COAL,Operating,Mackay Office,,,,,,,-22.47,148.40803,1670,High Potential Incident,Thermal,Fire,High potential no lost time,surface,Fire(s),,,,,,
MI02697,Action,2017-05-18 04:39:00,Umina Quarry,Metalliferous - Quarry,Quarry,MMQ,Operating,Townsville Office,T- Prosperpine / Bowen,Northern,,,,,-20.49736,147.8310444,1671,,Gravity,Fall of equipment/material,,,,Inspection,Closed,Substandard Condition or Practice,,,1.0
MI00833,Action,2017-05-18 05:27:00,Murphys Creek Sandstone,Metalliferous Mine - Surface,Metalliferous Mine - Surface,MMQ,Closed,Brisbane Office,B- Lockyer Valley,Southern,,,,,-27.47527778,152.08556,1672,,Non Hazard Specific,Security,,,,Inspection - Unannounced,Closed,Substandard Condition or Practice,,,1.0
MI01649,Action,2017-05-18 06:27:00,Isaac Plains,Coal Mine - Surface,Coal Mine - Surface,COAL,Operating,Mackay Office,,Central,10167 Peak Downs Highway,Coppabella,QLD,4741.0,-21.96206,148.10705,1673,,,,,,,Inspection,Closed,Directive,168.0,Directive to review safety and health management system and principal hazard management plans,1.0
MI01649,Action,2017-05-18 06:42:00,Isaac Plains,Coal Mine - Surface,Coal Mine - Surface,COAL,Operating,Mackay Office,,Central,10167 Peak Downs Highway,Coppabella,QLD,4741.0,-21.96206,148.10705,1674,,,,,,,Inspection,Closed,Directive,168.0,Directive to review safety and health management system and principal hazard management plans,2.0
MI00106,Action,2017-05-18 09:32:00,Cathedral,Metalliferous Mine - Surface,Metalliferous Mine - Surface,MMQ,Closed,Brisbane Office,B- Lockyer Valley,Southern,,,,,-27.50897,152.109551,1675,,Non Hazard Specific,Supervision,,,,Inspection,Closed,Substandard Condition or Practice,,,1.0
MI01705,Incident,2017-05-18 11:45:00,Poitrel Mine,Coal Mine - Surface,Coal Mine - Surface,COAL,Operating,Mackay Office,,Central,"Millennium Access Road
Peak Downs Highway",Moranbah,QLD,4744.0,-22.04109,148.26048,1676,High Potential Incident,Electrical,Electric Shock,High potential no lost time,surface,Human error/actions,,,,,,
MI01459,Incident,2017-05-18 12:30:00,Grasstree Mine,Coal Mine - Underground,Coal Mine - Underground,COAL,Operating,Rockhampton Office,,Central,,,,,-22.98885,148.57943,1677,High Potential Incident,Gas Management,CH4 >2.5%,High potential no lost time,underground,Flammable liquids/gases,,,,,,
MI01408,Action,2017-05-18 12:39:00,Moy Pocket Quarry,Metalliferous - Quarry,Quarry,MMQ,Operating,Brisbane Office,B- Sunshine Coast,Southern,,,,,-26.53266,152.74295,1678,,Gravity,Fall of vehicle,,,,Inspection,Closed,Directive,164.0,Directive to suspend operations for unacceptable level of risk,1.0
MI01408,Action,2017-05-18 12:50:00,Moy Pocket Quarry,Metalliferous - Quarry,Quarry,MMQ,Operating,Brisbane Office,B- Sunshine Coast,Southern,,,,,-26.53266,152.74295,1679,,Gravity,Fall of ground,,,,Inspection,Closed,Directive,165.0,Directive to review safety and health management system,2.0
MI01408,Action,2017-05-18 12:57:00,Moy Pocket Quarry,Metalliferous - Quarry,Quarry,MMQ,Operating,Brisbane Office,B- Sunshine Coast,Southern,,,,,-26.53266,152.74295,1680,,Non Hazard Specific,Commissioning,,,,Inspection,Closed,Directive,165.0,Directive to review safety and health management system,3.0
MI01413,Incident,2017-05-18 15:55:00,Weipa,Metalliferous Mine - Surface,Metalliferous Mine - Surface,MMQ,Operating,Townsville Office,,,,,,,-12.67,141.86861,1681,High Potential Incident,Vehicle,Collision with another vehicle,High potential no lost time,surface,Moving vehicles/equipment,,,,,,
MI01546,Incident,2017-05-18 20:00:00,George Fisher Mine,Metalliferous Mine - Underground,Metalliferous Mine - Underground,MMQ,Operating,Mount Isa Office,,,,,,,-20.57,139.47761,1682,High Potential Incident,Thermal,Fire,High potential no lost time,underground,Flammable liquids/gases,,,,,,
MI00138,Inspection,2017-05-19 00:00:00,Sandstone Australia Project,Metalliferous Mine - Surface,Metalliferous Mine - Surface,MMQ,Operating,Brisbane Office,B- Lockyer Valley,Southern,,,,,-27.51351,152.106058,1683,,,,,,,Inspection,Closed,,,,
MI00749,Inspection,2017-05-19 00:00:00,Moorvale Mine,Coal Mine - Surface,Coal Mine - Surface,COAL,Operating,Mackay Office,,,,,,,-21.9697,148.37113,1684,,,,,,,Inspection,Closed,,,,
MI01409,Inspection,2017-05-19 00:00:00,Narangba Quarry,Metalliferous - Quarry,Quarry,MMQ,Operating,Brisbane Office,B- Moreton Bay,Southern,Raynbird Road,Narangba,QLD,4504.0,-27.17706,152.883439,1685,,,,,,,Inspection,Closed,,,,
MI00806,Incident,2017-05-19 03:45:00,Mt Isa - Isa Copper Mine,Metalliferous Mine - Underground,Metalliferous Mine - Underground,MMQ,Operating,Mount Isa Office,MI- Mount Isa,Northern,,,,,-20.72484,139.478149,1686,High Potential Incident,Gravity,Fall of equipment/material,High potential no lost time,underground,Falling/flying material/objects,,,,,,
MI00599,Action,2017-05-19 04:56:00,Harlaxton Quarry,Metalliferous - Quarry,Quarry,MMQ,Operating,Brisbane Office,B- Toowoomba,Southern,,,,,-27.53157,151.962701,1687,,Mechanical,Entangled in rotating plant,,,,Inspection,Closed,Directive,163.0,Directive to reduce risk,1.0
MI00599,Action,2017-05-19 05:03:00,Harlaxton Quarry,Metalliferous - Quarry,Quarry,MMQ,Operating,Brisbane Office,B- Toowoomba,Southern,,,,,-27.53157,151.962701,1688,,Mechanical,Crushed between a load and a structure,,,,Inspection,Closed,Substandard Condition or Practice,,,2.0
MI00599,Action,2017-05-19 05:08:00,Harlaxton Quarry,Metalliferous - Quarry,Quarry,MMQ,Operating,Brisbane Office,B- Toowoomba,Southern,,,,,-27.53157,151.962701,1689,,Mechanical,Other,,,,Inspection,Closed,Substandard Condition or Practice,,,3.0
MI00599,Action,2017-05-19 05:24:00,Harlaxton Quarry,Metalliferous - Quarry,Quarry,MMQ,Operating,Brisbane Office,B- Toowoomba,Southern,,,,,-27.53157,151.962701,1690,,Mechanical,Struck by projectile,,,,Inspection,Closed,Directive,163.0,Directive to reduce risk,4.0
MI00599,Action,2017-05-19 05:31:00,Harlaxton Quarry,Metalliferous - Quarry,Quarry,MMQ,Operating,Brisbane Office,B- Toowoomba,Southern,,,,,-27.53157,151.962701,1691,,Mechanical,Other,,,,Inspection,Closed,Substandard Condition or Practice,,,5.0
MI01808,Incident,2017-05-19 07:40:00,QCoal Northern Hub (Sonoma - Cows - Drake 1 & 2 - Jax),Coal Mine - Surface,Coal Mine - Surface,COAL,Operating,Mackay Office,C- Mackay,Central,Bowen Developmental Road,Collinsville,QLD,4804.0,-20.63823,147.85616,1692,High Potential Incident,Thermal,Fire,High potential no lost time,surface,Electrical equipment,,,,,,
MI02697,Action,2017-05-19 11:01:00,Umina Quarry,Metalliferous - Quarry,Quarry,MMQ,Operating,Townsville Office,T- Prosperpine / Bowen,Northern,,,,,-20.49736,147.8310444,1693,,Mechanical,Other,,,,Inspection,Closed,Substandard Condition or Practice,,,2.0
MI01190,Incident,2017-05-19 18:30:00,Peak Downs,Coal Mine - Surface,Coal Mine - Surface,COAL,Operating,Mackay Office,,Central,,,,,-22.25686,148.17664,1694,High Potential Incident,Vehicle,Other,High potential no lost time,surface,Moving vehicles/equipment,,,,,,
MI00254,Incident,2017-05-20 02:40:00,Foxleigh Mine,Coal Mine - Surface,Coal Mine - Surface,COAL,Operating,Rockhampton Office,,Central,Dysart-Middlemount Road,MIDDLEMOUNT,QLD,4746.0,-22.9836,148.77829,1695,High Potential Incident,Vehicle,Rollover,High potential no lost time,surface,Restricted visibility,,,,,,
MI01705,Incident,2017-05-20 08:00:00,Poitrel Mine,Coal Mine - Surface,Coal Mine - Surface,COAL,Operating,Mackay Office,,Central,"Millennium Access Road
Peak Downs Highway",Moranbah,QLD,4744.0,-22.04109,148.26048,1696,High Potential Incident,Explosives,Explosives - Misfire identified after firing,High potential no lost time,surface,Explosives,,,,,,
MI01584,Incident,2017-05-20 09:30:00,Collinsville Mine - Open Cut,Coal Mine - Surface,Coal Mine - Surface,COAL,Operating,Mackay Office,C- Mackay,Central,Scottville Road,Collinsville,QLD,4804.0,-20.55807,147.80291,1697,High Potential Incident,Vehicle,Other,High potential no lost time,surface,Moving vehicles/equipment,,,,,,
MI00809,Incident,2017-05-20 11:20:00,Mt Isa - Lead & Zinc Concentrator,Metalliferous - Minerals Processing,Metalliferous Mine - Surface,MMQ,Operating,Mount Isa Office,MI- Mount Isa,Northern,,,,,-20.72219,139.481114,1698,High Potential Incident,Gravity,Fall of equipment/material,High potential no lost time,surface,Falling/flying material/objects,,,,,,
MI00711,Incident,2017-05-20 15:15:00,Meandu Mine,Coal Mine - Surface,Coal Mine - Surface,COAL,Operating,Rockhampton Office,S- South Burnett,Central,Nobby Smith Way,NANANGO,QLD,4615.0,-26.79393,151.89872,1699,High Potential Incident,Vehicle,Rollover,High potential no lost time,surface,Moving vehicles/equipment,,,,,,
MI00631,Incident,2017-05-21 04:25:00,Jellinbah East Mine,Coal Mine - Surface,Coal Mine - Surface,COAL,Operating,Rockhampton Office,,Central,,BLUFF,QLD,4702.0,-23.38814,148.96074,1700,High Potential Incident,Thermal,Fire,,,,,,,,,
MI01239,Action,2017-05-21 09:06:00,Regent Sandstone Mine,Metalliferous Mine - Surface,Metalliferous Mine - Surface,MMQ,Operating,Brisbane Office,B- Lockyer Valley,Southern,,,,,-27.53389,152.143705,1701,,Chemical,Silica,,,,Inspection,Closed,Substandard Condition or Practice,,,1.0
MI02952,Incident,2017-05-21 13:00:00,Caval Ridge Mine,Coal Mine - Surface,Coal Mine - Surface,COAL,Operating,Mackay Office,C- Mackay,Central,,,,,-22.15615,148.05892,1702,High Potential Incident,,,,,,,,,,,
MI01432,Incident,2017-05-21 20:41:00,Yarrabee Mine,Coal Mine - Surface,Coal Mine - Surface,COAL,Operating,Rockhampton Office,,Central,Boonal Haul Road,BLACKWATER,QLD,4717.0,-23.27349,149.02261,1703,High Potential Incident,Vehicle,Collision with another vehicle,Lost time,surface,Human error/actions,,,,,,
MI01190,Incident,2017-05-22 02:55:00,Peak Downs,Coal Mine - Surface,Coal Mine - Surface,COAL,Operating,Mackay Office,,Central,,,,,-22.25686,148.17664,1704,High Potential Incident,Thermal,Fire,High potential no lost time,surface,Fire(s),,,,,,
MI02846,Action,2017-05-22 04:01:00,Wondai Quarry,Metalliferous - Quarry,Quarry,MMQ,Operating,Brisbane Office,B- South Burnett,Southern,,,,,-26.35855,151.58148,1705,,Mechanical,Caught in nip point,,,,Inspection,Closed,Substandard Condition or Practice,,,1.0
MI02846,Action,2017-05-22 04:14:00,Wondai Quarry,Metalliferous - Quarry,Quarry,MMQ,Operating,Brisbane Office,B- South Burnett,Southern,,,,,-26.35855,151.58148,1706,,Mechanical,Entangled in rotating plant,,,,Inspection,Closed,Substandard Condition or Practice,,,2.0
MI02846,Action,2017-05-22 04:20:00,Wondai Quarry,Metalliferous - Quarry,Quarry,MMQ,Operating,Brisbane Office,B- South Burnett,Southern,,,,,-26.35855,151.58148,1707,,Pressure,Failure of pressure vessel (eg cylinder - hose - accumulator),,,,Inspection,Closed,Substandard Condition or Practice,,,3.0
MI02846,Action,2017-05-22 04:23:00,Wondai Quarry,Metalliferous - Quarry,Quarry,MMQ,Operating,Brisbane Office,B- South Burnett,Southern,,,,,-26.35855,151.58148,1708,,Mechanical,Other,,,,Inspection,Closed,Substandard Condition or Practice,,,4.0
MI01239,Action,2017-05-22 06:54:00,Regent Sandstone Mine,Metalliferous Mine - Surface,Metalliferous Mine - Surface,MMQ,Operating,Brisbane Office,B- Lockyer Valley,Southern,,,,,-27.53389,152.143705,1709,,Chemical,Silica,,,,Inspection,Closed,Substandard Condition or Practice,,,2.0
MI00149,Incident,2017-05-22 07:05:00,Coppabella - Open Cut,Coal Mine - Surface,Coal Mine - Surface,COAL,Operating,Mackay Office,,,,,,,-21.87,148.42141,1710,High Potential Incident,Thermal,Fire,High potential no lost time,surface,Electrical equipment,,,,,,
MI02085,Action,2017-05-22 10:21:00,Belmore Quarry,Metalliferous - Quarry,Quarry,MMQ,Operating,Townsville Office,T- Prosperpine / Bowen,Northern,,,,,-20.66486944,147.8935111,1711,,Gravity,Fall of people,,,,Inspection,Closed,Substandard Condition or Practice,,,1.0
MI01258,Incident,2017-05-22 11:30:00,Saraji,Coal Mine - Surface,Coal Mine - Surface,COAL,Operating,Mackay Office,,Central,,,,,-22.42214,148.28115,1712,High Potential Incident,,,,,,,,,,,
MI00708,Incident,2017-05-22 11:30:00,Maryborough Quarry,Metalliferous - Quarry,Quarry,MMQ,Operating,Brisbane Office,B- Fraser Coast,Southern,6 Gilmers Road,Antigua,QLD,4650.0,-25.63249,152.58477,1713,High Potential Incident,Gravity,Fall of equipment/material,High potential no lost time,surface,Human error/actions,,,,,,
MI02085,Action,2017-05-22 11:37:00,Belmore Quarry,Metalliferous - Quarry,Quarry,MMQ,Operating,Townsville Office,T- Prosperpine / Bowen,Northern,,,,,-20.66486944,147.8935111,1714,,Non Hazard Specific,Training,,,,Inspection,Closed,Substandard Condition or Practice,,,2.0
MI01314,Action,2017-05-22 11:38:00,Global Sandstone,Metalliferous Mine - Surface,Metalliferous Mine - Surface,MMQ,Operating,Brisbane Office,B- Lockyer Valley,Southern,,,,,-27.44972222,152.08472,1715,,Vehicle,Other,,,,Inspection,Closed,Substandard Condition or Practice,,,1.0
MI02085,Action,2017-05-22 11:51:00,Belmore Quarry,Metalliferous - Quarry,Quarry,MMQ,Operating,Townsville Office,T- Prosperpine / Bowen,Northern,,,,,-20.66486944,147.8935111,1716,,Gravity,Other,,,,Inspection,Closed,Substandard Condition or Practice,,,3.0
MI00652,Incident,2017-05-22 12:45:00,Keperra Quarry,Metalliferous - Quarry,Quarry,MMQ,Operating,Brisbane Office,B- Brisbane,Southern,469 Settlement Road,KEPERRA,QLD,4054.0,-27.42401,152.949667,1717,High Potential Incident,Vehicle,Collision with another vehicle,High potential lost time,surface,Human error/actions,,,,,,
MI01648,Incident,2017-05-22 15:50:00,Dawson Mine,Coal Mine - Surface,Coal Mine - Surface,COAL,Operating,Rockhampton Office,,Central,Dawson Highway,MOURA,QLD,4718.0,-24.63169,150.06089,1718,High Potential Incident,Thermal,Fire,High potential no lost time,surface,Fire(s),,,,,,
MI01500,Inspection,2017-05-23 00:00:00,Lorena,Metalliferous Mine - Surface,Metalliferous Mine - Surface,MMQ,Care & Maintenance,Mount Isa Office,MI- Cloncurry,Northern,,,,,-20.71857,140.645745,1719,,,,,,,Inspection,Closed,,,,
MI00503,Inspection,2017-05-23 00:00:00,Gemfields - MC 4109 - Miner's Heritage Tourist,Metalliferous - Tourist Mine,Metalliferous Mine - Surface,MMQ,Operating,Townsville Office,C- Emerald,Northern,,,,,-23.40823,147.690049,1720,,,,,,,Inspection - Unannounced,Closed,,,,
MI02812,Inspection,2017-05-23 00:00:00,Thalanga Undergrounds,Metalliferous Mine - Underground,Metalliferous Mine - Underground,MMQ,Inactive Tenure,Townsville Office,T- Charters Towers / Ravenswood,Northern,,,,,-20.33514,145.77168,1721,,,,,,,Inspection,Closed,,,,
MI01540,Inspection,2017-05-23 00:00:00,Ensham Mine,Coal Mine - Surface,Coal Mine - Surface,COAL,Operating,Rockhampton Office,,,,,,,-23.48,148.52054,1722,,,,,,,Inspection,Closed,,,,
MI00415,Inspection,2017-05-23 00:00:00,Gemfields - MC 4788 - Bobby Dazzler Tourist Mine,Metalliferous - Tourist Mine,Metalliferous Mine - Surface,MMQ,Infrequent Operation,Townsville Office,C- Emerald,Northern,,,,,-23.4204,147.699715,1723,,,,,,,Inspection,Closed,,,,
MI01705,Inspection,2017-05-23 00:00:00,Poitrel Mine,Coal Mine - Surface,Coal Mine - Surface,COAL,Operating,Mackay Office,,Central,"Millennium Access Road
Peak Downs Highway",Moranbah,QLD,4744.0,-22.04109,148.26048,1724,,,,,,,Inspection,Closed,,,,
MI01908,Inspection,2017-05-23 00:00:00,Dugald River Mine,Metalliferous Mine - Underground,Metalliferous Mine - Underground,MMQ,Operating,Mount Isa Office,MI- Cloncurry,Northern,Burke Development Road,Cloncurry,QLD,4824.0,-20.25369,140.159832,1725,,,,,,,Inspection,Closed,,,,
MI00440,Inspection,2017-05-23 00:00:00,Gemfields - MC 3844 - Old Fluff,Metalliferous Mine - Surface or Underground Gemstone,Metalliferous Mine - Surface,MMQ,Infrequent Operation,Townsville Office,C- Emerald,Northern,,,,,-23.41259,147.68963,1726,,,,,,,Inspection,Closed,,,,
MI03694,Inspection,2017-05-23 00:00:00,Wattlegrove Road Quarry,Metalliferous - Quarry,Quarry,MMQ,Operating,Brisbane Office,B- South Burnett,Southern,,,,,-26.52822,151.70014,1727,,,,,,,Inspection,Closed,,,,
MI02911,Inspection,2017-05-23 00:00:00,Lawnton Quarry,Metalliferous - Quarry,Quarry,MMQ,Operating,Brisbane Office,B- Brisbane,Southern,,,,,-27.2856,153.002987,1728,,,,,,,Inspection,Closed,,,,
MI00140,Inspection,2017-05-23 00:00:00,Commodore Mine,Coal Mine - Surface,Coal Mine - Surface,COAL,Operating,Rockhampton Office,S- Toowoomba,Central,Commodore Mine Access Road (Kooroongarra Rd),MILLMERRAN,QLD,4357.0,-27.94955,151.282107,1729,,,,,,,Inspection,Closed,,,,
MI03693,Inspection,2017-05-23 00:00:00,Gemfields - MC 3804 & MC 3870,Metalliferous Mine - Surface or Underground Gemstone,Metalliferous Mine - Surface,MMQ,Infrequent Operation,Townsville Office,C- Emerald,Central,,,,,-23.41283,147.69204,1730,,,,,,,Inspection,Closed,,,,
MI02952,Action,2017-05-23 02:30:00,Caval Ridge Mine,Coal Mine - Surface,Coal Mine - Surface,COAL,Operating,Mackay Office,C- Mackay,Central,,,,,-22.15615,148.05892,1731,,,,,,,Inspection,Closed,Directive,168.0,Directive to review safety and health management system and principal hazard management plans,1.0
MI02952,Action,2017-05-23 02:53:00,Caval Ridge Mine,Coal Mine - Surface,Coal Mine - Surface,COAL,Operating,Mackay Office,C- Mackay,Central,,,,,-22.15615,148.05892,1732,,,,,,,Inspection,Closed,Substandard Condition or Practice,,,2.0
MI01409,Action,2017-05-23 04:23:00,Narangba Quarry,Metalliferous - Quarry,Quarry,MMQ,Operating,Brisbane Office,B- Moreton Bay,Southern,Raynbird Road,Narangba,QLD,4504.0,-27.17706,152.883439,1733,,Chemical,Dust,,,,Inspection,Closed,Substandard Condition or Practice,,,1.0
MI01409,Action,2017-05-23 04:27:00,Narangba Quarry,Metalliferous - Quarry,Quarry,MMQ,Operating,Brisbane Office,B- Moreton Bay,Southern,Raynbird Road,Narangba,QLD,4504.0,-27.17706,152.883439,1734,,Gravity,Fall of ground,,,,Inspection,Closed,Substandard Condition or Practice,,,2.0
MI01409,Action,2017-05-23 04:33:00,Narangba Quarry,Metalliferous - Quarry,Quarry,MMQ,Operating,Brisbane Office,B- Moreton Bay,Southern,Raynbird Road,Narangba,QLD,4504.0,-27.17706,152.883439,1735,,Vehicle,Collision with another vehicle,,,,Inspection,Closed,Substandard Condition or Practice,,,3.0
MI00149,Incident,2017-05-23 11:40:00,Coppabella - Open Cut,Coal Mine - Surface,Coal Mine - Surface,COAL,Operating,Mackay Office,,,,,,,-21.87,148.42141,1736,High Potential Incident,Thermal,Fire,High potential no lost time,surface,Fire(s),,,,,,
MI01976,Incident,2017-05-23 13:00:00,Daunia Mine,Coal Mine - Surface,Coal Mine - Surface,COAL,Operating,Mackay Office,,Central,"Millennium Poitrel Access Road
Via Peak Downs Road",Moranbah,QLD,4744.0,-22.04127,148.26852,1737,High Potential Incident,Thermal,Fire,High potential no lost time,surface,Fire(s),,,,,,
MI01162,Incident,2017-05-23 15:00:00,Oaky Creek No. 1 Colliery,Coal Mine - Underground,Coal Mine - Underground,COAL,Closed,Rockhampton Office,,Central,,,,,-23.07071,148.49695,1738,High Potential Incident,Gas Management,Failure of gas monitoring system,High potential no lost time,underground,Flammable liquids/gases,,,,,,
MI00054,Incident,2017-05-23 15:30:00,Blackwater Mine,Coal Mine - Surface,Coal Mine - Surface,COAL,Operating,Rockhampton Office,,Central,Ardurad Road (Blackwater Rolleston Road),BLACKWATER,QLD,4717.0,-23.7697,148.87879,1739,High Potential Incident,Thermal,Fire,High potential no lost time,surface,Fire(s),,,,,,
MI02952,Incident,2017-05-23 17:30:00,Caval Ridge Mine,Coal Mine - Surface,Coal Mine - Surface,COAL,Operating,Mackay Office,C- Mackay,Central,,,,,-22.15615,148.05892,1740,High Potential Incident,Mechanical,Other,High potential no lost time,surface,Moving vehicles/equipment,,,,,,
MI00092,Incident,2017-05-23 21:15:00,Callide Mine,Coal Mine - Surface,Coal Mine - Surface,COAL,Operating,Rockhampton Office,,Central,Biloela Callide Road,BILOELA,QLD,4715.0,-24.3276,150.61872,1741,High Potential Incident,Gravity,Fall of equipment/material,High potential no lost time,surface,Moving components/parts,,,,,,
MI01400,Inspection,2017-05-24 00:00:00,Millennium Mine,Coal Mine - Surface,Coal Mine - Surface,COAL,Operating,Mackay Office,,Central,Via Peak Downs Highway,Moranbah,QLD,4744.0,-22.01548,148.25111,1742,,,,,,,Inspection,Closed,,,,
MI01760,Inspection,2017-05-24 00:00:00,Oaky Creek Surface Operations,Coal Mine - Surface,Coal Mine - Surface,COAL,Operating,Rockhampton Office,C- Emerald,Central,Oaky Creek,Via TIERI,QLD,4709.0,-23.07343,148.48362,1743,,,,,,,Inspection,Closed,,,,
MI01258,Inspection,2017-05-24 00:00:00,Saraji,Coal Mine - Surface,Coal Mine - Surface,COAL,Operating,Mackay Office,,Central,,,,,-22.42214,148.28115,1744,,,,,,,Inspection,Closed,,,,
MI01152,Inspection,2017-05-24 00:00:00,Ningi Silica Sand Mine,Metalliferous Mine - Surface,Metalliferous Mine - Surface,MMQ,Operating,Brisbane Office,B- Moreton Bay,Southern,,,,,-27.0818,153.089742,1745,,,,,,,Inspection,Closed,,,,
MI01659,Inspection,2017-05-24 00:00:00,Kogan Creek Mine,Coal Mine - Surface,Coal Mine - Surface,COAL,Operating,Rockhampton Office,S- Western Downs,Central,Smith's Road via Brigalow,KOGAN,QLD,4406.0,-26.92716,150.780779,1746,,,,,,,Inspection,Closed,,,,
MI00652,Inspection,2017-05-24 00:00:00,Keperra Quarry,Metalliferous - Quarry,Quarry,MMQ,Operating,Brisbane Office,B- Brisbane,Southern,469 Settlement Road,KEPERRA,QLD,4054.0,-27.42401,152.949667,1747,,,,,,,Inspection,Closed,,,,
MI03148,Inspection,2017-05-24 00:00:00,Eureka Quarry,Metalliferous - Quarry,Quarry,MMQ,Infrequent Operation,Townsville Office,C- Emerald,Northern,,,,,-23.16588,148.19679,1748,,,,,,,Inspection,Closed,,,,
MI01338,Inspection,2017-05-24 00:00:00,Walsh River Quarry,Metalliferous - Quarry,Quarry,MMQ,Operating,Townsville Office,T- Mareeba / Atherton / Herberton,Northern,,,,,-17.14508,145.30934,1749,,,,,,,Inspection,Closed,,,,
MI02663,Inspection,2017-05-24 00:00:00,Ensham Underground Mine,Coal Mine - Underground,Coal Mine - Underground,COAL,Operating,Rockhampton Office,,,,,,,-23.5,148.49282,1750,,,,,,,Inspection,Closed,,,,
MI01356,Inspection,2017-05-24 00:00:00,Wilkie Creek Coal Mine,Coal Mine - Surface,Coal Mine - Surface,COAL,Operating,Rockhampton Office,S- Western Downs,Central,1245 Wilkie Creek Road,Macalister,QLD,4406.0,-27.04701,150.957048,1751,,,,,,,Inspection,Closed,,,,
MI01808,Action,2017-05-24 01:11:00,QCoal Northern Hub (Sonoma - Cows - Drake 1 & 2 - Jax),Coal Mine - Surface,Coal Mine - Surface,COAL,Operating,Mackay Office,C- Mackay,Central,Bowen Developmental Road,Collinsville,QLD,4804.0,-20.63823,147.85616,1752,,,,,,,Inspection,Closed,Substandard Condition or Practice,,,2.0
MI01808,Action,2017-05-24 01:16:00,QCoal Northern Hub (Sonoma - Cows - Drake 1 & 2 - Jax),Coal Mine - Surface,Coal Mine - Surface,COAL,Operating,Mackay Office,C- Mackay,Central,Bowen Developmental Road,Collinsville,QLD,4804.0,-20.63823,147.85616,1753,,,,,,,Inspection,Closed,Recommendation,,,3.0
MI01808,Action,2017-05-24 02:29:00,QCoal Northern Hub (Sonoma - Cows - Drake 1 & 2 - Jax),Coal Mine - Surface,Coal Mine - Surface,COAL,Operating,Mackay Office,C- Mackay,Central,Bowen Developmental Road,Collinsville,QLD,4804.0,-20.63823,147.85616,1754,,,,,,,Inspection,Closed,Substandard Condition or Practice,,,4.0
MI01808,Action,2017-05-24 02:33:00,QCoal Northern Hub (Sonoma - Cows - Drake 1 & 2 - Jax),Coal Mine - Surface,Coal Mine - Surface,COAL,Operating,Mackay Office,C- Mackay,Central,Bowen Developmental Road,Collinsville,QLD,4804.0,-20.63823,147.85616,1755,,,,,,,Inspection,Closed,Recommendation,,,5.0
MI01808,Action,2017-05-24 02:37:00,QCoal Northern Hub (Sonoma - Cows - Drake 1 & 2 - Jax),Coal Mine - Surface,Coal Mine - Surface,COAL,Operating,Mackay Office,C- Mackay,Central,Bowen Developmental Road,Collinsville,QLD,4804.0,-20.63823,147.85616,1756,,,,,,,Inspection,Closed,Recommendation,,,6.0
MI00086,Action,2017-05-24 08:08:00,Burton Mine,Coal Mine - Surface,Coal Mine - Surface,COAL,Care & Maintenance,Mackay Office,,Central,Off Suttor Development Road,Glenden,QLD,4743.0,-21.62114,148.18867,1757,,,,,,,Inspection,Closed,Substandard Condition or Practice,,,2.0
MI00086,Action,2017-05-24 08:10:00,Burton Mine,Coal Mine - Surface,Coal Mine - Surface,COAL,Care & Maintenance,Mackay Office,,Central,Off Suttor Development Road,Glenden,QLD,4743.0,-21.62114,148.18867,1758,,,,,,,Inspection,Closed,Substandard Condition or Practice,,,1.0
MI01760,Action,2017-05-24 09:34:00,Oaky Creek Surface Operations,Coal Mine - Surface,Coal Mine - Surface,COAL,Operating,Rockhampton Office,C- Emerald,Central,Oaky Creek,Via TIERI,QLD,4709.0,-23.07343,148.48362,1759,,,,,,,Inspection,Closed,Substandard Condition or Practice,,,1.0
MI01760,Action,2017-05-24 09:42:00,Oaky Creek Surface Operations,Coal Mine - Surface,Coal Mine - Surface,COAL,Operating,Rockhampton Office,C- Emerald,Central,Oaky Creek,Via TIERI,QLD,4709.0,-23.07343,148.48362,1760,,,,,,,Inspection,Closed,Substandard Condition or Practice,,,2.0
MI01584,Action,2017-05-24 10:06:00,Collinsville Mine - Open Cut,Coal Mine - Surface,Coal Mine - Surface,COAL,Operating,Mackay Office,C- Mackay,Central,Scottville Road,Collinsville,QLD,4804.0,-20.55807,147.80291,1761,,,,,,,Inspection,Closed,Substandard Condition or Practice,,,1.0
MI01584,Action,2017-05-24 10:17:00,Collinsville Mine - Open Cut,Coal Mine - Surface,Coal Mine - Surface,COAL,Operating,Mackay Office,C- Mackay,Central,Scottville Road,Collinsville,QLD,4804.0,-20.55807,147.80291,1762,,,,,,,Inspection,Closed,Substandard Condition or Practice,,,2.0
MI03686,Action,2017-05-24 11:44:00,Sarsfield Nolans Pit,Metalliferous Mine - Surface,Metalliferous Mine - Surface,MMQ,Closed,Townsville Office,T- Charters Towers / Ravenswood,Northern,,,,,-20.11339,146.90185,1763,,Non Hazard Specific,Contractor management,,,,Inspection,Closed,Substandard Condition or Practice,,,1.0
MI03686,Action,2017-05-24 11:46:00,Sarsfield Nolans Pit,Metalliferous Mine - Surface,Metalliferous Mine - Surface,MMQ,Closed,Townsville Office,T- Charters Towers / Ravenswood,Northern,,,,,-20.11339,146.90185,1764,,Non Hazard Specific,Management structure,,,,Inspection,Closed,Substandard Condition or Practice,,,2.0
MI02976,Action,2017-05-24 12:06:00,Grosvenor Coal Mine,Coal Mine - Underground,Coal Mine - Underground,COAL,Operating,Mackay Office,C- Moranbah,Central,Ground Floor 201 Charlotte Street,Brisbane,QLD,4001.0,-21.97533,148.00995,1765,,,,,,,Inspection,Closed,Recommendation,,,1.0
MI01808,Action,2017-05-24 12:49:00,QCoal Northern Hub (Sonoma - Cows - Drake 1 & 2 - Jax),Coal Mine - Surface,Coal Mine - Surface,COAL,Operating,Mackay Office,C- Mackay,Central,Bowen Developmental Road,Collinsville,QLD,4804.0,-20.63823,147.85616,1766,,,,,,,Inspection,Closed,Substandard Condition or Practice,,,1.0
MI01157,Incident,2017-05-24 13:20:00,North Goonyella,Coal Mine - Underground,Coal Mine - Underground,COAL,Operating,Mackay Office,,Central,,,,,-21.65702,147.97045,1767,High Potential Incident,Gravity,Fall of ground-Longwall,High potential no lost time,underground,Strata failure,,,,,,
MI01190,Incident,2017-05-24 14:30:00,Peak Downs,Coal Mine - Surface,Coal Mine - Surface,COAL,Operating,Mackay Office,,Central,,,,,-22.25686,148.17664,1768,High Potential Incident,Thermal,Fire,High potential no lost time,surface,Fire(s),,,,,,
MI02663,Incident,2017-05-24 16:30:00,Ensham Underground Mine,Coal Mine - Underground,Coal Mine - Underground,COAL,Operating,Rockhampton Office,,,,,,,-23.5,148.49282,1769,High Potential Incident,Electrical,Cable Damage,High potential no lost time,underground,Electrical equipment,,,,,,
MI00092,Incident,2017-05-24 17:00:00,Callide Mine,Coal Mine - Surface,Coal Mine - Surface,COAL,Operating,Rockhampton Office,,Central,Biloela Callide Road,BILOELA,QLD,4715.0,-24.3276,150.61872,1770,High Potential Incident,,,High potential no lost time,surface,Explosives,,,,,,
MI00054,Incident,2017-05-24 18:00:00,Blackwater Mine,Coal Mine - Surface,Coal Mine - Surface,COAL,Operating,Rockhampton Office,,Central,Ardurad Road (Blackwater Rolleston Road),BLACKWATER,QLD,4717.0,-23.7697,148.87879,1771,High Potential Incident,Gas Management,Other,High potential no lost time,surface,Flammable liquids/gases,,,,,,
MI01258,Incident,2017-05-24 18:40:00,Saraji,Coal Mine - Surface,Coal Mine - Surface,COAL,Operating,Mackay Office,,Central,,,,,-22.42214,148.28115,1772,High Potential Incident,Thermal,Fire,High potential no lost time,surface,Fire(s),,,,,,
MI00553,Incident,2017-05-24 19:20:00,Capcoal Surface Coal Mine,Coal Mine - Surface,Coal Mine - Surface,COAL,Operating,Rockhampton Office,,,,,,,-22.93,148.55146,1773,High Potential Incident,Gravity,Rock fall - Surface,High potential no lost time,surface,Strata failure,,,,,,
MI01547,Incident,2017-05-24 20:00:00,Broadmeadow Mine,Coal Mine - Underground,Coal Mine - Underground,COAL,Operating,Mackay Office,,,,,,,-21.83,147.97998,1774,High Potential Incident,Electrical,Other,High potential no lost time,underground,Electrical equipment,,,,,,
MI00762,Inspection,2017-05-25 00:00:00,Capricorn Copper Mine,Metalliferous Mine - Underground,Metalliferous Mine - Underground,MMQ,Operating,Mount Isa Office,,,,,,,-19.68885,139.36651,1775,,,,,,,Inspection,Closed,,,,
MI01459,Inspection,2017-05-25 00:00:00,Grasstree Mine,Coal Mine - Underground,Coal Mine - Underground,COAL,Operating,Rockhampton Office,,Central,,,,,-22.98885,148.57943,1776,,,,,,,Inspection,Closed,,,,
MI02656,Inspection,2017-05-25 00:00:00,Pajingo Surface,Metalliferous - Minerals Processing,Metalliferous Mine - Surface,MMQ,Operating,Townsville Office,T- Charters Towers / Ravenswood,Northern,"Pajingo Mine (Surface Processing Plant), Clermont Highway,",Charters Towers,QLD,4820.0,-20.52951,146.43509,1777,,,,,,,Inspection,Closed,,,,
MI02139,Inspection,2017-05-25 00:00:00,Cameby Downs Coal Mine,Coal Mine - Surface,Coal Mine - Surface,COAL,Operating,Rockhampton Office,S- Western Downs,Central,260 Ryalls Road,MILES,QLD,4415.0,-26.6469,150.333875,1778,,,,,,,Inspection,Closed,,,,
MI00094,Inspection,2017-05-25 00:00:00,Cannington Mine,Metalliferous Mine - Underground,Metalliferous Mine - Underground,MMQ,Operating,Mount Isa Office,,,,,,,-21.86,140.91861,1779,,,,,,,Inspection,Closed,,,,
MI00415,Action,2017-05-25 01:14:00,Gemfields - MC 4788 - Bobby Dazzler Tourist Mine,Metalliferous - Tourist Mine,Metalliferous Mine - Surface,MMQ,Infrequent Operation,Townsville Office,C- Emerald,Northern,,,,,-23.4204,147.699715,1780,,Electrical,Other,,,,Inspection,Closed,Substandard Condition or Practice,,,1.0
MI00503,Action,2017-05-25 02:33:00,Gemfields - MC 4109 - Miner's Heritage Tourist,Metalliferous - Tourist Mine,Metalliferous Mine - Surface,MMQ,Operating,Townsville Office,C- Emerald,Northern,,,,,-23.40823,147.690049,1781,,Electrical,Other,,,,Inspection - Unannounced,Closed,Substandard Condition or Practice,,,1.0
MI00149,Incident,2017-05-25 03:30:00,Coppabella - Open Cut,Coal Mine - Surface,Coal Mine - Surface,COAL,Operating,Mackay Office,,,,,,,-21.87,148.42141,1782,High Potential Incident,Vehicle,Other,High potential no lost time,surface,Fatigue,,,,,,
MI01908,Action,2017-05-25 04:27:00,Dugald River Mine,Metalliferous Mine - Underground,Metalliferous Mine - Underground,MMQ,Operating,Mount Isa Office,MI- Cloncurry,Northern,Burke Development Road,Cloncurry,QLD,4824.0,-20.25369,140.159832,1783,,Non Hazard Specific,Risk management,,,,Inspection,Closed,Substandard Condition or Practice,,,1.0
MI01908,Action,2017-05-25 04:33:00,Dugald River Mine,Metalliferous Mine - Underground,Metalliferous Mine - Underground,MMQ,Operating,Mount Isa Office,MI- Cloncurry,Northern,Burke Development Road,Cloncurry,QLD,4824.0,-20.25369,140.159832,1784,,Non Hazard Specific,Emergency response,,,,Inspection,Closed,Substandard Condition or Practice,,,2.0
MI01908,Action,2017-05-25 04:37:00,Dugald River Mine,Metalliferous Mine - Underground,Metalliferous Mine - Underground,MMQ,Operating,Mount Isa Office,MI- Cloncurry,Northern,Burke Development Road,Cloncurry,QLD,4824.0,-20.25369,140.159832,1785,,Non Hazard Specific,Emergency response,,,,Inspection,Closed,Substandard Condition or Practice,,,3.0
MI01258,Incident,2017-05-25 05:00:00,Saraji,Coal Mine - Surface,Coal Mine - Surface,COAL,Operating,Mackay Office,,Central,,,,,-22.42214,148.28115,1786,High Potential Incident,Explosives,Explosives - Misfire identified after firing,High potential no lost time,surface,Explosives,,,,,,
MI00739,Action,2017-05-25 05:18:00,Moffatdale Mine,Metalliferous Mine - Surface,Metalliferous Mine - Surface,MMQ,Operating,Brisbane Office,B- South Burnett,Southern,,,,,-26.29069,151.977527,1787,,Non Hazard Specific,Other,,,,Inspection,Closed,Substandard Condition or Practice,,,1.0
MI00739,Action,2017-05-25 05:35:00,Moffatdale Mine,Metalliferous Mine - Surface,Metalliferous Mine - Surface,MMQ,Operating,Brisbane Office,B- South Burnett,Southern,,,,,-26.29069,151.977527,1788,,Mechanical,Entangled in rotating plant,,,,Inspection,Closed,Substandard Condition or Practice,,,2.0
MI00739,Action,2017-05-25 05:40:00,Moffatdale Mine,Metalliferous Mine - Surface,Metalliferous Mine - Surface,MMQ,Operating,Brisbane Office,B- South Burnett,Southern,,,,,-26.29069,151.977527,1789,,Mechanical,Entangled in rotating plant,,,,Inspection,Closed,Substandard Condition or Practice,,,3.0
MI00092,Incident,2017-05-25 08:10:00,Callide Mine,Coal Mine - Surface,Coal Mine - Surface,COAL,Operating,Rockhampton Office,,Central,Biloela Callide Road,BILOELA,QLD,4715.0,-24.3276,150.61872,1790,High Potential Incident,Thermal,Fire,High potential no lost time,surface,Fire(s),,,,,,
MI01150,Action,2017-05-25 08:52:00,Newlands Mine - Open Cut,Coal Mine - Surface,Coal Mine - Surface,COAL,Operating,Mackay Office,,Central,Newlands Access Road,Via Glenden,QLD,4743.0,-21.21217,147.88636,1791,,,,,,,Inspection,Closed,Recommendation,,,1.0
MI01150,Action,2017-05-25 09:21:00,Newlands Mine - Open Cut,Coal Mine - Surface,Coal Mine - Surface,COAL,Operating,Mackay Office,,Central,Newlands Access Road,Via Glenden,QLD,4743.0,-21.21217,147.88636,1792,,,,,,,Inspection,Closed,Substandard Condition or Practice,,,2.0
MI01150,Action,2017-05-25 09:27:00,Newlands Mine - Open Cut,Coal Mine - Surface,Coal Mine - Surface,COAL,Operating,Mackay Office,,Central,Newlands Access Road,Via Glenden,QLD,4743.0,-21.21217,147.88636,1793,,,,,,,Inspection,Closed,Recommendation,,,3.0
MI01150,Action,2017-05-25 09:38:00,Newlands Mine - Open Cut,Coal Mine - Surface,Coal Mine - Surface,COAL,Operating,Mackay Office,,Central,Newlands Access Road,Via Glenden,QLD,4743.0,-21.21217,147.88636,1794,,,,,,,Inspection,Closed,Substandard Condition or Practice,,,4.0
MI01150,Action,2017-05-25 09:58:00,Newlands Mine - Open Cut,Coal Mine - Surface,Coal Mine - Surface,COAL,Operating,Mackay Office,,Central,Newlands Access Road,Via Glenden,QLD,4743.0,-21.21217,147.88636,1795,,,,,,,Inspection,Closed,Substandard Condition or Practice,,,5.0
MI00254,Incident,2017-05-25 10:00:00,Foxleigh Mine,Coal Mine - Surface,Coal Mine - Surface,COAL,Operating,Rockhampton Office,,Central,Dysart-Middlemount Road,MIDDLEMOUNT,QLD,4746.0,-22.9836,148.77829,1796,High Potential Incident,Thermal,Fire,High potential no lost time,surface,Fire(s),,,,,,
MI01150,Action,2017-05-25 10:02:00,Newlands Mine - Open Cut,Coal Mine - Surface,Coal Mine - Surface,COAL,Operating,Mackay Office,,Central,Newlands Access Road,Via Glenden,QLD,4743.0,-21.21217,147.88636,1797,,,,,,,Inspection,Closed,Recommendation,,,6.0
MI01150,Action,2017-05-25 10:06:00,Newlands Mine - Open Cut,Coal Mine - Surface,Coal Mine - Surface,COAL,Operating,Mackay Office,,Central,Newlands Access Road,Via Glenden,QLD,4743.0,-21.21217,147.88636,1798,,,,,,,Inspection,Closed,Substandard Condition or Practice,,,7.0
MI03694,Action,2017-05-25 11:38:00,Wattlegrove Road Quarry,Metalliferous - Quarry,Quarry,MMQ,Operating,Brisbane Office,B- South Burnett,Southern,,,,,-26.52822,151.70014,1799,,Non Hazard Specific,Risk management,,,,Inspection,Closed,Directive,166.0,Directive to suspend operations for ineffective safety and health management system,1.0
MI00138,Action,2017-05-25 11:48:00,Sandstone Australia Project,Metalliferous Mine - Surface,Metalliferous Mine - Surface,MMQ,Operating,Brisbane Office,B- Lockyer Valley,Southern,,,,,-27.51351,152.106058,1800,,Chemical,Silica,,,,Inspection,Closed,Substandard Condition or Practice,,,1.0
MI00138,Action,2017-05-25 11:59:00,Sandstone Australia Project,Metalliferous Mine - Surface,Metalliferous Mine - Surface,MMQ,Operating,Brisbane Office,B- Lockyer Valley,Southern,,,,,-27.51351,152.106058,1801,,Chemical,Silica,,,,Inspection,Closed,Substandard Condition or Practice,,,2.0
MI03694,Action,2017-05-25 12:11:00,Wattlegrove Road Quarry,Metalliferous - Quarry,Quarry,MMQ,Operating,Brisbane Office,B- South Burnett,Southern,,,,,-26.52822,151.70014,1802,,Mechanical,Caught in nip point,,,,Inspection,Closed,Directive,163.0,Directive to reduce risk,2.0
MI00092,Incident,2017-05-25 19:45:00,Callide Mine,Coal Mine - Surface,Coal Mine - Surface,COAL,Operating,Rockhampton Office,,Central,Biloela Callide Road,BILOELA,QLD,4715.0,-24.3276,150.61872,1803,Serious Accident,Gravity,Fall of equipment/material,High potential lost time,surface,Human error/actions,,,,,,
MI01576,Inspection,2017-05-26 00:00:00,Tichum Creek Quarry,Metalliferous - Quarry,Quarry,MMQ,Operating,Townsville Office,T- Mareeba / Atherton / Herberton,Northern,"Kennedy Highway, Tichum Creek",Kuranda,QLD,4872.0,-16.96749,145.53592,1804,,,,,,,Inspection,Closed,,,,
MI01718,Inspection,2017-05-26 00:00:00,Mount Wright,Metalliferous Mine - Underground,Metalliferous Mine - Underground,MMQ,Care and Maintenance,Townsville Office,,,,,,,-20.04294,146.83161,1805,,,,,,,Inspection,Closed,,,,
MI03312,Inspection,2017-05-26 00:00:00,Eureka Creek Village,Coal Mine - Surface,Coal Mine - Surface,COAL,Operating,Mackay Office,C- Mackay,Central,Eureka Creek Village,Moranbah,QLD,4744.0,-21.77382,147.94331,1806,,,,,,,Inspection,Closed,,,,
MI01976,Incident,2017-05-26 00:40:00,Daunia Mine,Coal Mine - Surface,Coal Mine - Surface,COAL,Operating,Mackay Office,,Central,"Millennium Poitrel Access Road
Via Peak Downs Road",Moranbah,QLD,4744.0,-22.04127,148.26852,1807,High Potential Incident,Vehicle,Unplanned movement of equipment (eg CM),High potential no lost time,surface,Moving vehicles/equipment,,,,,,
MI00092,Incident,2017-05-26 01:00:00,Callide Mine,Coal Mine - Surface,Coal Mine - Surface,COAL,Operating,Rockhampton Office,,Central,Biloela Callide Road,BILOELA,QLD,4715.0,-24.3276,150.61872,1808,High Potential Incident,Thermal,Fire,High potential no lost time,surface,Fire(s),,,,,,
MI01907,Incident,2017-05-26 03:28:00,Lake Vermont,Coal Mine - Surface,Coal Mine - Surface,COAL,Operating,Mackay Office,,,,,,,-22.47,148.40803,1809,High Potential Incident,Thermal,Fire,High potential no lost time,surface,Fire(s),,,,,,
MI00757,Action,2017-05-26 06:05:00,Mount Coot-Tha Quarry,Metalliferous - Quarry,Quarry,MMQ,Operating,Brisbane Office,B- Brisbane,Southern,200 Mount Cooot-Tha Road,Toowong,QLD,,-27.47416667,152.97611,1810,,Non Hazard Specific,Contractor management,,,,Inspection,Closed,Directive,165.0,Directive to review safety and health management system,1.0
MI01646,Incident,2017-05-26 11:45:00,Carborough Downs,Coal Mine - Underground,Coal Mine - Underground,COAL,Operating,Mackay Office,,Central,Peak Downs Highway,Coppabella,QLD,4741.0,-21.99368,148.249,1811,High Potential Incident,Gravity,Fall of ground-Development/Bord and Pillar/Place change,High potential no lost time,underground,Strata failure,,,,,,
MI00138,Action,2017-05-26 12:15:00,Sandstone Australia Project,Metalliferous Mine - Surface,Metalliferous Mine - Surface,MMQ,Operating,Brisbane Office,B- Lockyer Valley,Southern,,,,,-27.51351,152.106058,1812,,Chemical,Silica,,,,Inspection,Closed,Substandard Condition or Practice,,,3.0
MI00138,Action,2017-05-26 12:25:00,Sandstone Australia Project,Metalliferous Mine - Surface,Metalliferous Mine - Surface,MMQ,Operating,Brisbane Office,B- Lockyer Valley,Southern,,,,,-27.51351,152.106058,1813,,Vehicle,Other,,,,Inspection,Closed,Substandard Condition or Practice,,,4.0
MI00149,Action,2017-05-26 12:27:00,Coppabella - Open Cut,Coal Mine - Surface,Coal Mine - Surface,COAL,Operating,Mackay Office,,,,,,,-21.87,148.42141,1814,,,,,,,Inspection,Closed,Recommendation,,,1.0
MI00149,Action,2017-05-26 12:33:00,Coppabella - Open Cut,Coal Mine - Surface,Coal Mine - Surface,COAL,Operating,Mackay Office,,,,,,,-21.87,148.42141,1815,,,,,,,Inspection,Closed,Recommendation,,,2.0
MI00149,Action,2017-05-26 12:37:00,Coppabella - Open Cut,Coal Mine - Surface,Coal Mine - Surface,COAL,Operating,Mackay Office,,,,,,,-21.87,148.42141,1816,,,,,,,Inspection,Closed,Substandard Condition or Practice,,,3.0
MI01546,Incident,2017-05-26 13:55:00,George Fisher Mine,Metalliferous Mine - Underground,Metalliferous Mine - Underground,MMQ,Operating,Mount Isa Office,,,,,,,-20.57,139.47761,1817,High Potential Incident,Vehicle,Collision with another vehicle,High potential no lost time,underground,Human error/actions,,,,,,
MI00568,Incident,2017-05-26 15:00:00,Goonyella Riverside,Coal Mine - Surface,Coal Mine - Surface,COAL,Operating,Mackay Office,,Central,,,,,-21.7581,147.95235,1818,High Potential Incident,,,High potential no lost time,surface,Explosives,,,,,,
MI00806,Incident,2017-05-26 22:30:00,Mt Isa - Isa Copper Mine,Metalliferous Mine - Underground,Metalliferous Mine - Underground,MMQ,Operating,Mount Isa Office,MI- Mount Isa,Northern,,,,,-20.72484,139.478149,1819,Serious Accident,Gravity,Fall of equipment/material,High potential lost time,underground,Human error/actions,,,,,,
MI01258,Incident,2017-05-27 07:30:00,Saraji,Coal Mine - Surface,Coal Mine - Surface,COAL,Operating,Mackay Office,,Central,,,,,-22.42214,148.28115,1820,High Potential Incident,Thermal,Fire,High potential no lost time,surface,Fire(s),,,,,,
MI00749,Incident,2017-05-27 10:45:00,Moorvale Mine,Coal Mine - Surface,Coal Mine - Surface,COAL,Operating,Mackay Office,,,,,,,-21.9697,148.37113,1821,High Potential Incident,Vehicle,Collision with another vehicle,High potential no lost time,surface,Human error/actions,,,,,,
MI00594,Incident,2017-05-27 11:00:00,Hail Creek,Coal Mine - Surface,Coal Mine - Surface,COAL,Operating,Mackay Office,,,,,,,-21.5,148.34391,1822,High Potential Incident,Vehicle,Unplanned movement of equipment (eg CM),High potential no lost time,surface,Moving vehicles/equipment,,,,,,
MI01547,Incident,2017-05-27 11:30:00,Broadmeadow Mine,Coal Mine - Underground,Coal Mine - Underground,COAL,Operating,Mackay Office,,,,,,,-21.83,147.97998,1823,High Potential Incident,Vehicle,Unplanned movement of equipment (eg CM),,,,,,,,,
MI01190,Incident,2017-05-27 12:55:00,Peak Downs,Coal Mine - Surface,Coal Mine - Surface,COAL,Operating,Mackay Office,,Central,,,,,-22.25686,148.17664,1824,High Potential Incident,Vehicle,Unplanned movement of equipment (eg CM),High potential no lost time,surface,Moving vehicles/equipment,,,,,,
MI01310,Inspection,2017-05-28 00:00:00,Thunderbird Park Mine,Metalliferous - Tourist Mine,Metalliferous Mine - Surface,MMQ,Operating,Brisbane Office,B- Scenic Rim,Southern,"Thunderbird Park
Cnr Tamborine Mountain Rd & Cedar Creek Falls Rd",Tamborine Mountain,QLD,4272.0,-27.90306,153.182311,1825,,,,,,,Inspection,Closed,,,,
MI00054,Incident,2017-05-28 10:35:00,Blackwater Mine,Coal Mine - Surface,Coal Mine - Surface,COAL,Operating,Rockhampton Office,,Central,Ardurad Road (Blackwater Rolleston Road),BLACKWATER,QLD,4717.0,-23.7697,148.87879,1826,High Potential Incident,Gravity,Fall of equipment/material,High potential no lost time,surface,Human error/actions,,,,,,
MI01648,Incident,2017-05-28 12:15:00,Dawson Mine,Coal Mine - Surface,Coal Mine - Surface,COAL,Operating,Rockhampton Office,,Central,Dawson Highway,MOURA,QLD,4718.0,-24.63169,150.06089,1827,High Potential Incident,Thermal,Fire,High potential no lost time,surface,Fire(s),,,,,,
MI00594,Incident,2017-05-28 17:43:00,Hail Creek,Coal Mine - Surface,Coal Mine - Surface,COAL,Operating,Mackay Office,,,,,,,-21.5,148.34391,1828,High Potential Incident,Thermal,Fire,High potential no lost time,surface,Fire(s),,,,,,
MI00594,Incident,2017-05-28 17:43:00,Hail Creek,Coal Mine - Surface,Coal Mine - Surface,COAL,Operating,Mackay Office,,,,,,,-21.5,148.34391,1829,High Potential Incident,,,High potential no lost time,surface,Fire(s),,,,,,
MI01190,Incident,2017-05-28 20:00:00,Peak Downs,Coal Mine - Surface,Coal Mine - Surface,COAL,Operating,Mackay Office,,Central,,,,,-22.25686,148.17664,1830,High Potential Incident,Vehicle,Other,High potential no lost time,surface,Falling/flying material/objects,,,,,,
MI01540,Inspection,2017-05-29 00:00:00,Ensham Mine,Coal Mine - Surface,Coal Mine - Surface,COAL,Operating,Rockhampton Office,,,,,,,-23.48,148.52054,1831,,,,,,,Inspection,Closed,,,,
MI01310,Action,2017-05-29 06:43:00,Thunderbird Park Mine,Metalliferous - Tourist Mine,Metalliferous Mine - Surface,MMQ,Operating,Brisbane Office,B- Scenic Rim,Southern,"Thunderbird Park
Cnr Tamborine Mountain Rd & Cedar Creek Falls Rd",Tamborine Mountain,QLD,4272.0,-27.90306,153.182311,1832,,Gravity,Fall of people,,,,Inspection,Closed,Substandard Condition or Practice,,,1.0
MI01310,Action,2017-05-29 06:53:00,Thunderbird Park Mine,Metalliferous - Tourist Mine,Metalliferous Mine - Surface,MMQ,Operating,Brisbane Office,B- Scenic Rim,Southern,"Thunderbird Park
Cnr Tamborine Mountain Rd & Cedar Creek Falls Rd",Tamborine Mountain,QLD,4272.0,-27.90306,153.182311,1833,,Electrical,Electric shock,,,,Inspection,Closed,Substandard Condition or Practice,,,2.0
MI01404,Incident,2017-05-29 09:30:00,Oaky North Mine,Coal Mine - Underground,Coal Mine - Underground,COAL,Operating,Rockhampton Office,,Central,Oaky Creek Mine Access Road,LILYVALE,QLD,4723.0,-23.03935,148.53987,1834,High Potential Incident,Thermal,Fire,High potential no lost time,surface,Fire(s),,,,,,
MI00568,Incident,2017-05-29 12:30:00,Goonyella Riverside,Coal Mine - Surface,Coal Mine - Surface,COAL,Operating,Mackay Office,,Central,,,,,-21.7581,147.95235,1835,High Potential Incident,Gravity,Fall of equipment/material,High potential no lost time,surface,Falling/flying material/objects,,,,,,
MI01152,Action,2017-05-29 12:52:00,Ningi Silica Sand Mine,Metalliferous Mine - Surface,Metalliferous Mine - Surface,MMQ,Operating,Brisbane Office,B- Moreton Bay,Southern,,,,,-27.0818,153.089742,1836,,Chemical,Dust,,,,Inspection,Closed,Substandard Condition or Practice,,,1.0
MI01190,Incident,2017-05-29 13:20:00,Peak Downs,Coal Mine - Surface,Coal Mine - Surface,COAL,Operating,Mackay Office,,Central,,,,,-22.25686,148.17664,1837,High Potential Incident,Explosives,Explosives - Misfire identified after firing,High potential no lost time,surface,Other,,,,,,
MI00750,Incident,2017-05-29 16:00:00,Moranbah North,Coal Mine - Underground,Coal Mine - Underground,COAL,Operating,Mackay Office,C- Moranbah,Central,1164 Goonyella Road,Moranbah,QLD,4744.0,-21.88576,147.96564,1838,High Potential Incident,Electrical,Cable Damage,High potential no lost time,underground,Electrical equipment,,,,,,
MI00631,Inspection,2017-05-30 00:00:00,Jellinbah East Mine,Coal Mine - Surface,Coal Mine - Surface,COAL,Operating,Rockhampton Office,,Central,,BLUFF,QLD,4702.0,-23.38814,148.96074,1839,,,,,,,Inspection,Closed,,,,
MI01347,Inspection,2017-05-30 00:00:00,West Euri Road Quarry,Metalliferous - Quarry,Quarry,MMQ,Operating,Townsville Office,T- Prosperpine / Bowen,Northern,,,,,-20.04132,148.10249,1840,,,,,,,SafeGuard Systems Audit,Closed,,,,
MI02717,Inspection,2017-05-30 00:00:00,Sheldon Quarry,Metalliferous - Quarry,Quarry,MMQ,Closed,Brisbane Office,B- Redland,Southern,706 Mt Cotton Rd.,Sheldon,QLD,4157.0,-27.57556,153.219948,1841,,,,,,,Inspection,Closed,,,,
MI01236,Inspection,2017-05-30 00:00:00,Redridge Quarry,Metalliferous - Quarry,Quarry,MMQ,Operating,Brisbane Office,B- Bundaberg,Southern,,,,,-25.16883,152.363151,1842,,,,,,,Inspection,Closed,,,,
MI01456,Inspection,2017-05-30 00:00:00,Aquila Mine,Coal Mine - Underground,Coal Mine - Underground,COAL,Operating,Rockhampton Office,C- Emerald,Central,Middlemount-Tieri Road,MIDDLEMOUNT,QLD,4746.0,-22.99029,148.55405,1843,,,,,,,Inspection,Closed,,,,
MI00687,Inspection,2017-05-30 00:00:00,Mackay Regional Council Quarry Operations,Metalliferous Quarry - Group,Quarry,MMQ,Infrequent Operation,Townsville Office,C- Mackay,Northern,,,,,0.0,0.0,1844,,,,,,,Inspection,Closed,,,,
MI03301,Inspection,2017-05-30 00:00:00,Korella Phosphate,Metalliferous Mine - Surface,Metalliferous Mine - Surface,MMQ,Infrequent Operation,Mount Isa Office,MI- Cloncurry,Northern,,,,,-21.93959,139.973553,1845,,,,,,,Inspection,Closed,,,,
MI01781,Inspection,2017-05-30 00:00:00,Clermont Mine - Open Cut,Coal Mine - Surface,Coal Mine - Surface,COAL,Operating,Mackay Office,,Central,Gregory Development Road,Clermont,QLD,4721.0,-22.72688,147.62171,1846,,,,,,,Inspection,Closed,,,,
MI01781,Inspection,2017-05-30 00:00:00,Clermont Mine - Open Cut,Coal Mine - Surface,Coal Mine - Surface,COAL,Operating,Mackay Office,,Central,Gregory Development Road,Clermont,QLD,4721.0,-22.72688,147.62171,1847,,,,,,,Inspection,Closed,,,,
MI01193,Inspection,2017-05-30 00:00:00,Phosphate Hill,Metalliferous - Minerals Processing,Metalliferous Mine - Surface,MMQ,Operating,Mount Isa Office,MI- Cloncurry,Northern,Camp located at The Monument,,,,-21.88056,139.973295,1848,,,,,,,Inspection,Closed,,,,
MI00568,Incident,2017-05-30 01:15:00,Goonyella Riverside,Coal Mine - Surface,Coal Mine - Surface,COAL,Operating,Mackay Office,,Central,,,,,-21.7581,147.95235,1849,High Potential Incident,Mechanical,Mechanical failure,High potential no lost time,surface,Falling/flying material/objects,,,,,,
MI02952,Incident,2017-05-30 07:00:00,Caval Ridge Mine,Coal Mine - Surface,Coal Mine - Surface,COAL,Operating,Mackay Office,C- Mackay,Central,,,,,-22.15615,148.05892,1850,High Potential Incident,Vehicle,Unplanned movement of equipment (eg CM),High potential no lost time,surface,Human error/actions,,,,,,
MI01536,Incident,2017-05-30 07:45:00,Butchers Hill Quarry,Metalliferous - Quarry,Quarry,MMQ,Operating,Townsville Office,T- Lakeland / Cooktown,Northern,Mulligan Highway,Lakeland,QLD,,-15.83628,144.87104,1851,High Potential Incident,Non Hazard Specific,First aid,Lost time,surface,Human error/actions,,,,,,
MI00749,Incident,2017-05-30 07:45:00,Moorvale Mine,Coal Mine - Surface,Coal Mine - Surface,COAL,Operating,Mackay Office,,,,,,,-21.9697,148.37113,1852,High Potential Incident,,,High potential no lost time,surface,Explosions,,,,,,
MI00749,Incident,2017-05-30 07:45:00,Moorvale Mine,Coal Mine - Surface,Coal Mine - Surface,COAL,Operating,Mackay Office,,,,,,,-21.9697,148.37113,1853,High Potential Incident,Explosives,Explosives - Misfire identified in blast inspection,High potential no lost time,surface,Explosives,,,,,,
MI01569,Incident,2017-05-30 14:09:00,Rolleston Mine,Coal Mine - Surface,Coal Mine - Surface,COAL,Operating,Rockhampton Office,,,,,,,-24.44,148.41844,1854,High Potential Incident,,,High potential no lost time,surface,Explosives,,,,,,
MI01404,Incident,2017-05-30 14:31:00,Oaky North Mine,Coal Mine - Underground,Coal Mine - Underground,COAL,Operating,Rockhampton Office,,Central,Oaky Creek Mine Access Road,LILYVALE,QLD,4723.0,-23.03935,148.53987,1855,High Potential Incident,Gravity,Fall of equipment/material,High potential no lost time,underground,Inundation,,,,,,
MI00054,Incident,2017-05-30 18:00:00,Blackwater Mine,Coal Mine - Surface,Coal Mine - Surface,COAL,Operating,Rockhampton Office,,Central,Ardurad Road (Blackwater Rolleston Road),BLACKWATER,QLD,4717.0,-23.7697,148.87879,1856,High Potential Incident,Vehicle,Collision with another vehicle,High potential no lost time,surface,Human error/actions,,,,,,
MI01413,Incident,2017-05-30 19:40:00,Weipa,Metalliferous Mine - Surface,Metalliferous Mine - Surface,MMQ,Operating,Townsville Office,,,,,,,-12.67,141.86861,1857,High Potential Incident,Thermal,Fire,High potential no lost time,surface,Fire(s),,,,,,
MI00631,Incident,2017-05-30 22:00:00,Jellinbah East Mine,Coal Mine - Surface,Coal Mine - Surface,COAL,Operating,Rockhampton Office,,Central,,BLUFF,QLD,4702.0,-23.38814,148.96074,1858,High Potential Incident,Thermal,Fire,High potential no lost time,surface,Fire(s),,,,,,
MI01146,Inspection,2017-05-31 00:00:00,New Acland,Coal Mine - Surface,Coal Mine - Surface,COAL,Operating,Rockhampton Office,S- Toowoomba,Central,Cherrys Road,MULDU,QLD,4401.0,-27.27034,151.699331,1859,,,,,,,Inspection,Closed,,,,
MI03208,Inspection,2017-05-31 00:00:00,Daunia Quarry,Metalliferous - Quarry,Quarry,MMQ,Operating,Townsville Office,C- Moranbah,Northern,2503 Annandale Road,Coppabella,QLD,4741.0,-22.05587,148.33225,1860,,,,,,,Inspection,Closed,,,,
MI02777,Inspection,2017-05-31 00:00:00,Booyal Quarry,Metalliferous - Quarry,Quarry,MMQ,Operating,Brisbane Office,B- Bundaberg,Southern,,,,,-25.22888889,152.07771,1861,,,,,,,Inspection,Closed,,,,
MI01309,Inspection,2017-05-31 00:00:00,The Rocks Quarry - Mona Park,Metalliferous Quarry - Group,Quarry,MMQ,Operating,Townsville Office,T- Townsville / Ayr,Northern,,,,,-19.70138,147.28589,1862,,,,,,,SafeGuard Systems Audit,Closed,,,,
MI00034,Inspection,2017-05-31 00:00:00,Beenleigh Wolffdene - Quarry,Metalliferous - Quarry,Quarry,MMQ,Operating,Brisbane Office,,,,,,,-27.78,153.19944,1863,,,,,,,Inspection,Closed,,,,
MI00147,Inspection,2017-05-31 00:00:00,Bundaberg Sand Mine,Metalliferous Mine - Surface,Metalliferous Mine - Surface,MMQ,Operating,Brisbane Office,B- Bundaberg,Southern,Palm Beach Road,COONARR,QLD,4670.0,-25.00104,152.497048,1864,,,,,,,Inspection,Closed,,,,
MI02952,Inspection,2017-05-31 00:00:00,Caval Ridge Mine,Coal Mine - Surface,Coal Mine - Surface,COAL,Operating,Mackay Office,C- Mackay,Central,,,,,-22.15615,148.05892,1865,,,,,,,Inspection,Closed,,,,
MI00652,Action,2017-05-31 01:24:00,Keperra Quarry,Metalliferous - Quarry,Quarry,MMQ,Operating,Brisbane Office,B- Brisbane,Southern,469 Settlement Road,KEPERRA,QLD,4054.0,-27.42401,152.949667,1866,,Explosives,Flyrock,,,,Inspection,Closed,Directive,165.0,Directive to review safety and health management system,1.0
MI00652,Action,2017-05-31 02:44:00,Keperra Quarry,Metalliferous - Quarry,Quarry,MMQ,Operating,Brisbane Office,B- Brisbane,Southern,469 Settlement Road,KEPERRA,QLD,4054.0,-27.42401,152.949667,1867,,Gravity,Fall of ground,,,,Inspection,Closed,Directive,165.0,Directive to review safety and health management system,2.0
MI00652,Action,2017-05-31 02:54:00,Keperra Quarry,Metalliferous - Quarry,Quarry,MMQ,Operating,Brisbane Office,B- Brisbane,Southern,469 Settlement Road,KEPERRA,QLD,4054.0,-27.42401,152.949667,1868,,Gravity,Fall of equipment/material,,,,Inspection,Closed,Directive,165.0,Directive to review safety and health management system,3.0
MI01908,Action,2017-05-31 04:10:00,Dugald River Mine,Metalliferous Mine - Underground,Metalliferous Mine - Underground,MMQ,Operating,Mount Isa Office,MI- Cloncurry,Northern,Burke Development Road,Cloncurry,QLD,4824.0,-20.25369,140.159832,1869,,Chemical,Entry into an irrespirable atmosphere,,,,Inspection,Closed,Substandard Condition or Practice,,,1.0
MI01908,Action,2017-05-31 04:20:00,Dugald River Mine,Metalliferous Mine - Underground,Metalliferous Mine - Underground,MMQ,Operating,Mount Isa Office,MI- Cloncurry,Northern,Burke Development Road,Cloncurry,QLD,4824.0,-20.25369,140.159832,1870,,Chemical,Silica,,,,Inspection,Closed,Substandard Condition or Practice,,,2.0
MI01908,Action,2017-05-31 04:26:00,Dugald River Mine,Metalliferous Mine - Underground,Metalliferous Mine - Underground,MMQ,Operating,Mount Isa Office,MI- Cloncurry,Northern,Burke Development Road,Cloncurry,QLD,4824.0,-20.25369,140.159832,1871,,Chemical,Silica,,,,Inspection,Closed,Substandard Condition or Practice,,,3.0
MI01258,Action,2017-05-31 07:23:00,Saraji,Coal Mine - Surface,Coal Mine - Surface,COAL,Operating,Mackay Office,,Central,,,,,-22.42214,148.28115,1872,,,,,,,Inspection,Closed,Directive,168.0,Directive to review safety and health management system and principal hazard management plans,1.0
MI01646,Incident,2017-05-31 07:45:00,Carborough Downs,Coal Mine - Underground,Coal Mine - Underground,COAL,Operating,Mackay Office,,Central,Peak Downs Highway,Coppabella,QLD,4741.0,-21.99368,148.249,1873,High Potential Incident,Mechanical,Struck by projectile,High potential lost time,underground,Strata failure,,,,,,
MI01258,Action,2017-05-31 07:52:00,Saraji,Coal Mine - Surface,Coal Mine - Surface,COAL,Operating,Mackay Office,,Central,,,,,-22.42214,148.28115,1874,,,,,,,Inspection,Closed,Substandard Condition or Practice,,,2.0
MI00054,Incident,2017-05-31 10:29:00,Blackwater Mine,Coal Mine - Surface,Coal Mine - Surface,COAL,Operating,Rockhampton Office,,Central,Ardurad Road (Blackwater Rolleston Road),BLACKWATER,QLD,4717.0,-23.7697,148.87879,1875,High Potential Incident,Thermal,Fire,High potential no lost time,surface,Fire(s),,,,,,
MI02812,Action,2017-05-31 12:19:00,Thalanga Undergrounds,Metalliferous Mine - Underground,Metalliferous Mine - Underground,MMQ,Inactive Tenure,Townsville Office,T- Charters Towers / Ravenswood,Northern,,,,,-20.33514,145.77168,1876,,Non Hazard Specific,Contractor management,,,,Inspection,Closed,Substandard Condition or Practice,,,1.0
MI01432,Incident,2017-05-31 13:50:00,Yarrabee Mine,Coal Mine - Surface,Coal Mine - Surface,COAL,Operating,Rockhampton Office,,Central,Boonal Haul Road,BLACKWATER,QLD,4717.0,-23.27349,149.02261,1877,High Potential Incident,,,High potential no lost time,surface,Other,,,,,,
MI02952,Incident,2017-05-31 20:40:00,Caval Ridge Mine,Coal Mine - Surface,Coal Mine - Surface,COAL,Operating,Mackay Office,C- Mackay,Central,,,,,-22.15615,148.05892,1878,High Potential Incident,Thermal,Fire,High potential no lost time,surface,Electrical equipment,,,,,,
MI00711,Inspection,2017-06-01 00:00:00,Meandu Mine,Coal Mine - Surface,Coal Mine - Surface,COAL,Operating,Rockhampton Office,S- South Burnett,Central,Nobby Smith Way,NANANGO,QLD,4615.0,-26.79393,151.89872,1879,,,,,,,Inspection,Closed,,,,
MI00553,Inspection,2017-06-01 00:00:00,Capcoal Surface Coal Mine,Coal Mine - Surface,Coal Mine - Surface,COAL,Operating,Rockhampton Office,,,,,,,-22.93,148.55146,1880,,,,,,,Inspection,Closed,,,,
MI01546,Inspection,2017-06-01 00:00:00,George Fisher Mine,Metalliferous Mine - Underground,Metalliferous Mine - Underground,MMQ,Operating,Mount Isa Office,,,,,,,-20.57,139.47761,1881,,,,,,,Inspection,Closed,,,,
MI00594,Incident,2017-06-01 00:50:00,Hail Creek,Coal Mine - Surface,Coal Mine - Surface,COAL,Operating,Mackay Office,,,,,,,-21.5,148.34391,1882,High Potential Incident,Vehicle,Other,High potential no lost time,surface,Moving vehicles/equipment,,,,,,
MI00094,Incident,2017-06-01 01:15:00,Cannington Mine,Metalliferous Mine - Underground,Metalliferous Mine - Underground,MMQ,Operating,Mount Isa Office,,,,,,,-21.86,140.91861,1883,High Potential Incident,Gravity,Inundation/engulfment (eg rock - fill - mud rush - water),High potential no lost time,underground,Inundation,,,,,,
MI01236,Action,2017-06-01 02:52:00,Redridge Quarry,Metalliferous - Quarry,Quarry,MMQ,Operating,Brisbane Office,B- Bundaberg,Southern,,,,,-25.16883,152.363151,1884,,Non Hazard Specific,Management structure,,,,Inspection,Closed,Substandard Condition or Practice,,,1.0
MI01236,Action,2017-06-01 03:18:00,Redridge Quarry,Metalliferous - Quarry,Quarry,MMQ,Operating,Brisbane Office,B- Bundaberg,Southern,,,,,-25.16883,152.363151,1885,,Non Hazard Specific,Contractor management,,,,Inspection,Closed,Directive,165.0,Directive to review safety and health management system,2.0
MI00687,Action,2017-06-01 03:24:00,Mackay Regional Council Quarry Operations,Metalliferous Quarry - Group,Quarry,MMQ,Infrequent Operation,Townsville Office,C- Mackay,Northern,,,,,0.0,0.0,1886,,Non Hazard Specific,Procedures,,,,Inspection,Closed,Substandard Condition or Practice,,,1.0
MI01236,Action,2017-06-01 03:36:00,Redridge Quarry,Metalliferous - Quarry,Quarry,MMQ,Operating,Brisbane Office,B- Bundaberg,Southern,,,,,-25.16883,152.363151,1887,,Pressure,Tyre rim failure/rupture,,,,Inspection,Closed,Directive,165.0,Directive to review safety and health management system,3.0
MI01236,Action,2017-06-01 03:48:00,Redridge Quarry,Metalliferous - Quarry,Quarry,MMQ,Operating,Brisbane Office,B- Bundaberg,Southern,,,,,-25.16883,152.363151,1888,,Mechanical,Caught in nip point,,,,Inspection,Closed,Directive,163.0,Directive to reduce risk,4.0
MI03148,Action,2017-06-01 11:45:00,Eureka Quarry,Metalliferous - Quarry,Quarry,MMQ,Infrequent Operation,Townsville Office,C- Emerald,Northern,,,,,-23.16588,148.19679,1889,,Electrical,Other,,,,Inspection,Closed,Substandard Condition or Practice,,,1.0
MI01422,Incident,2017-06-01 12:45:00,Kestrel Coal Mine,Coal Mine - Underground,Coal Mine - Underground,COAL,Operating,Rockhampton Office,,,,,,,-23.26,148.30263,1890,High Potential Incident,Electrical,Cable Damage,High potential no lost time,underground,Electrical equipment,,,,,,
MI01150,Incident,2017-06-01 13:20:00,Newlands Mine - Open Cut,Coal Mine - Surface,Coal Mine - Surface,COAL,Operating,Mackay Office,,Central,Newlands Access Road,Via Glenden,QLD,4743.0,-21.21217,147.88636,1891,High Potential Incident,Thermal,Fire,High potential no lost time,surface,Fire(s),,,,,,
MI00762,Inspection,2017-06-02 00:00:00,Capricorn Copper Mine,Metalliferous Mine - Underground,Metalliferous Mine - Underground,MMQ,Operating,Mount Isa Office,,,,,,,-19.68885,139.36651,1892,,,,,,,Inspection,Closed,,,,
MI00594,Inspection,2017-06-02 00:00:00,Hail Creek,Coal Mine - Surface,Coal Mine - Surface,COAL,Operating,Mackay Office,,,,,,,-21.5,148.34391,1893,,,,,,,Inspection,Closed,,,,
MI00254,Incident,2017-06-02 05:30:00,Foxleigh Mine,Coal Mine - Surface,Coal Mine - Surface,COAL,Operating,Rockhampton Office,,Central,Dysart-Middlemount Road,MIDDLEMOUNT,QLD,4746.0,-22.9836,148.77829,1894,High Potential Incident,Psychosocial,Fatigue,High potential no lost time,surface,Fatigue,,,,,,
MI00092,Incident,2017-06-02 09:35:00,Callide Mine,Coal Mine - Surface,Coal Mine - Surface,COAL,Operating,Rockhampton Office,,Central,Biloela Callide Road,BILOELA,QLD,4715.0,-24.3276,150.61872,1895,High Potential Incident,Mechanical,Structural failure,High potential no lost time,surface,Moving vehicles/equipment,,,,,,
MI02777,Action,2017-06-02 09:48:00,Booyal Quarry,Metalliferous - Quarry,Quarry,MMQ,Operating,Brisbane Office,B- Bundaberg,Southern,,,,,-25.22888889,152.07771,1896,,Non Hazard Specific,Management structure,,,,Inspection,Closed,Substandard Condition or Practice,,,1.0
MI02777,Action,2017-06-02 09:51:00,Booyal Quarry,Metalliferous - Quarry,Quarry,MMQ,Operating,Brisbane Office,B- Bundaberg,Southern,,,,,-25.22888889,152.07771,1897,,Non Hazard Specific,Risk management,,,,Inspection,Closed,Directive,165.0,Directive to review safety and health management system,2.0
MI02777,Action,2017-06-02 10:03:00,Booyal Quarry,Metalliferous - Quarry,Quarry,MMQ,Operating,Brisbane Office,B- Bundaberg,Southern,,,,,-25.22888889,152.07771,1898,,Non Hazard Specific,Contractor management,,,,Inspection,Closed,Directive,165.0,Directive to review safety and health management system,3.0
MI02777,Action,2017-06-02 10:07:00,Booyal Quarry,Metalliferous - Quarry,Quarry,MMQ,Operating,Brisbane Office,B- Bundaberg,Southern,,,,,-25.22888889,152.07771,1899,,Pressure,Tyre rim failure/rupture,,,,Inspection,Closed,Directive,165.0,Directive to review safety and health management system,4.0
MI01459,Incident,2017-06-02 12:00:00,Grasstree Mine,Coal Mine - Underground,Coal Mine - Underground,COAL,Operating,Rockhampton Office,,Central,,,,,-22.98885,148.57943,1900,High Potential Incident,Gas Management,CH4 >2.5%,High potential no lost time,underground,Flammable liquids/gases,,,,,,
MI02952,Incident,2017-06-02 15:00:00,Caval Ridge Mine,Coal Mine - Surface,Coal Mine - Surface,COAL,Operating,Mackay Office,C- Mackay,Central,,,,,-22.15615,148.05892,1901,High Potential Incident,Thermal,Fire,High potential no lost time,surface,Other,,,,,,
MI00159,Incident,2017-06-02 20:40:00,Curragh Mine,Coal Mine - Surface,Coal Mine - Surface,COAL,Operating,Rockhampton Office,,,,,,,-23.49741,148.84478,1902,High Potential Incident,Pressure,Tyre rim failure/rupture,High potential no lost time,surface,Moving vehicles/equipment,,,,,,
MI00762,Action,2017-06-03 01:15:00,Capricorn Copper Mine,Metalliferous Mine - Underground,Metalliferous Mine - Underground,MMQ,Operating,Mount Isa Office,,,,,,,-19.68885,139.36651,1903,,Electrical,Other,,,,Inspection,Closed,Recommendation,,,1.0
MI00762,Action,2017-06-03 01:34:00,Capricorn Copper Mine,Metalliferous Mine - Underground,Metalliferous Mine - Underground,MMQ,Operating,Mount Isa Office,,,,,,,-19.68885,139.36651,1904,,Electrical,Electric shock,,,,Inspection,Closed,Substandard Condition or Practice,,,2.0
MI01157,Incident,2017-06-03 05:46:00,North Goonyella,Coal Mine - Underground,Coal Mine - Underground,COAL,Operating,Mackay Office,,Central,,,,,-21.65702,147.97045,1905,High Potential Incident,Electrical,Explosion protected equipment failure,High potential no lost time,underground,Electrical equipment,,,,,,
MI00762,Action,2017-06-03 09:36:00,Capricorn Copper Mine,Metalliferous Mine - Underground,Metalliferous Mine - Underground,MMQ,Operating,Mount Isa Office,,,,,,,-19.68885,139.36651,1906,,Chemical,Silica,,,,Inspection,Closed,Substandard Condition or Practice,,,1.0
MI01865,Incident,2017-06-03 09:45:00,Middlemount Mine,Coal Mine - Surface,Coal Mine - Surface,COAL,Operating,Rockhampton Office,C- Emerald,Central,Dysart Road,MIDDLEMOUNT,QLD,4746.0,-22.88143889,148.63889,1907,High Potential Incident,Thermal,Fire,High potential no lost time,surface,Fire(s),,,,,,
MI01648,Incident,2017-06-03 09:50:00,Dawson Mine,Coal Mine - Surface,Coal Mine - Surface,COAL,Operating,Rockhampton Office,,Central,Dawson Highway,MOURA,QLD,4718.0,-24.63169,150.06089,1908,High Potential Incident,Mechanical,Unplanned movement of equipment (eg CM),High potential no lost time,surface,Moving components/parts,,,,,,
MI00762,Action,2017-06-03 09:56:00,Capricorn Copper Mine,Metalliferous Mine - Underground,Metalliferous Mine - Underground,MMQ,Operating,Mount Isa Office,,,,,,,-19.68885,139.36651,1909,,Chemical,Silica,,,,Inspection,Closed,Substandard Condition or Practice,,,2.0
MI03312,Incident,2017-06-03 10:35:00,Eureka Creek Village,Coal Mine - Surface,Coal Mine - Surface,COAL,Operating,Mackay Office,C- Mackay,Central,Eureka Creek Village,Moranbah,QLD,4744.0,-21.77382,147.94331,1910,High Potential Incident,Electrical,Electric Shock,High potential no lost time,surface,Electrical equipment,,,,,,
MI00054,Incident,2017-06-03 14:48:00,Blackwater Mine,Coal Mine - Surface,Coal Mine - Surface,COAL,Operating,Rockhampton Office,,Central,Ardurad Road (Blackwater Rolleston Road),BLACKWATER,QLD,4717.0,-23.7697,148.87879,1911,High Potential Incident,,,High potential no lost time,surface,Explosives,,,,,,
MI00594,Incident,2017-06-03 17:30:00,Hail Creek,Coal Mine - Surface,Coal Mine - Surface,COAL,Operating,Mackay Office,,,,,,,-21.5,148.34391,1912,High Potential Incident,Vehicle,Unplanned movement of equipment (eg CM),High potential no lost time,surface,Human error/actions,,,,,,
MI01190,Incident,2017-06-03 23:50:00,Peak Downs,Coal Mine - Surface,Coal Mine - Surface,COAL,Operating,Mackay Office,,Central,,,,,-22.25686,148.17664,1913,High Potential Incident,Explosives,Explosives - Misfire identified after firing,High potential no lost time,surface,Other,,,,,,
MI01907,Incident,2017-06-04 03:35:00,Lake Vermont,Coal Mine - Surface,Coal Mine - Surface,COAL,Operating,Mackay Office,,,,,,,-22.47,148.40803,1914,High Potential Incident,Thermal,Fire,High potential no lost time,surface,Fire(s),,,,,,
MI00796,Incident,2017-06-04 07:10:00,Mt Isa - Copper Concentrator,Metalliferous - Minerals Processing,Metalliferous Mine - Surface,MMQ,Operating,Mount Isa Office,MI- Mount Isa,Northern,,,,,-20.71935,139.484141,1915,High Potential Incident,Chemical,Ammonia,High potential no lost time,surface,Noxious liquids/gases,,,,,,
MI02952,Incident,2017-06-04 09:15:00,Caval Ridge Mine,Coal Mine - Surface,Coal Mine - Surface,COAL,Operating,Mackay Office,C- Mackay,Central,,,,,-22.15615,148.05892,1916,High Potential Incident,,,High potential no lost time,surface,Other,,,,,,
MI01190,Incident,2017-06-04 11:50:00,Peak Downs,Coal Mine - Surface,Coal Mine - Surface,COAL,Operating,Mackay Office,,Central,,,,,-22.25686,148.17664,1917,High Potential Incident,Thermal,Fire,High potential no lost time,surface,Fire(s),,,,,,
MI00750,Incident,2017-06-04 17:30:00,Moranbah North,Coal Mine - Underground,Coal Mine - Underground,COAL,Operating,Mackay Office,C- Moranbah,Central,1164 Goonyella Road,Moranbah,QLD,4744.0,-21.88576,147.96564,1918,High Potential Incident,Gravity,Fall of equipment/material,High potential no lost time,underground,Falling/flying material/objects,,,,,,
MI01584,Incident,2017-06-04 21:30:00,Collinsville Mine - Open Cut,Coal Mine - Surface,Coal Mine - Surface,COAL,Operating,Mackay Office,C- Mackay,Central,Scottville Road,Collinsville,QLD,4804.0,-20.55807,147.80291,1919,High Potential Incident,Thermal,Fire,High potential no lost time,surface,Fire(s),,,,,,
MI01413,Inspection,2017-06-05 00:00:00,Weipa,Metalliferous Mine - Surface,Metalliferous Mine - Surface,MMQ,Operating,Townsville Office,,,,,,,-12.67,141.86861,1920,,,,,,,Inspection,Closed,,,,
MI01421,Inspection,2017-06-05 00:00:00,Iveragh Mine,Metalliferous Mine - Surface,Metalliferous Mine - Surface,MMQ,Operating,Brisbane Office,B- Gladstone,Southern,,,,,-23.96827,151.380084,1921,,,,,,,Inspection,Closed,,,,
MI01347,Action,2017-06-05 02:23:00,West Euri Road Quarry,Metalliferous - Quarry,Quarry,MMQ,Operating,Townsville Office,T- Prosperpine / Bowen,Northern,,,,,-20.04132,148.10249,1922,,Non Hazard Specific,Risk management,,,,SafeGuard Systems Audit,Closed,Substandard Condition or Practice,,,2.0
MI01309,Action,2017-06-05 03:44:00,The Rocks Quarry - Mona Park,Metalliferous Quarry - Group,Quarry,MMQ,Operating,Townsville Office,T- Townsville / Ayr,Northern,,,,,-19.70138,147.28589,1923,,Non Hazard Specific,Safety and Health Management System,,,,SafeGuard Systems Audit,Closed,Substandard Condition or Practice,,,1.0
MI01309,Action,2017-06-05 03:51:00,The Rocks Quarry - Mona Park,Metalliferous Quarry - Group,Quarry,MMQ,Operating,Townsville Office,T- Townsville / Ayr,Northern,,,,,-19.70138,147.28589,1924,,Non Hazard Specific,Safety and Health Management System,,,,SafeGuard Systems Audit,Closed,Substandard Condition or Practice,,,2.0
MI01338,Action,2017-06-05 05:07:00,Walsh River Quarry,Metalliferous - Quarry,Quarry,MMQ,Operating,Townsville Office,T- Mareeba / Atherton / Herberton,Northern,,,,,-17.14508,145.30934,1925,,Gravity,Fall of people,,,,Inspection,Closed,Substandard Condition or Practice,,,1.0
MI01338,Action,2017-06-05 05:13:00,Walsh River Quarry,Metalliferous - Quarry,Quarry,MMQ,Operating,Townsville Office,T- Mareeba / Atherton / Herberton,Northern,,,,,-17.14508,145.30934,1926,,Gravity,Fall of ground,,,,Inspection,Closed,Substandard Condition or Practice,,,2.0
MI03208,Action,2017-06-05 08:55:00,Daunia Quarry,Metalliferous - Quarry,Quarry,MMQ,Operating,Townsville Office,C- Moranbah,Northern,2503 Annandale Road,Coppabella,QLD,4741.0,-22.05587,148.33225,1927,,Electrical,Other,,,,Inspection,Closed,Substandard Condition or Practice,,,1.0
MI01347,Action,2017-06-05 10:01:00,West Euri Road Quarry,Metalliferous - Quarry,Quarry,MMQ,Operating,Townsville Office,T- Prosperpine / Bowen,Northern,,,,,-20.04132,148.10249,1928,,Non Hazard Specific,Safety and Health Management System,,,,SafeGuard Systems Audit,Closed,Substandard Condition or Practice,,,1.0
MI01584,Incident,2017-06-05 11:15:00,Collinsville Mine - Open Cut,Coal Mine - Surface,Coal Mine - Surface,COAL,Operating,Mackay Office,C- Mackay,Central,Scottville Road,Collinsville,QLD,4804.0,-20.55807,147.80291,1929,High Potential Incident,Explosives,Explosives - Misfire identified after firing,High potential no lost time,surface,Explosives,,,,,,
MI00594,Incident,2017-06-05 12:30:00,Hail Creek,Coal Mine - Surface,Coal Mine - Surface,COAL,Operating,Mackay Office,,,,,,,-21.5,148.34391,1930,High Potential Incident,Electrical,Cable Damage,High potential no lost time,surface,High voltage source/lightning,,,,,,
MI01718,Incident,2017-06-05 14:00:00,Mount Wright,Metalliferous Mine - Underground,Metalliferous Mine - Underground,MMQ,Care and Maintenance,Townsville Office,,,,,,,-20.04294,146.83161,1931,High Potential Incident,Gravity,Inundation/engulfment (eg rock - fill - mud rush - water),High potential no lost time,underground,Falling/flying material/objects,,,,,,
MI00809,Incident,2017-06-05 15:00:00,Mt Isa - Lead & Zinc Concentrator,Metalliferous - Minerals Processing,Metalliferous Mine - Surface,MMQ,Operating,Mount Isa Office,MI- Mount Isa,Northern,,,,,-20.72219,139.481114,1932,High Potential Incident,Gravity,Fall of people,High potential lost time,surface,Human error/actions,,,,,,
MI01648,Incident,2017-06-05 15:20:00,Dawson Mine,Coal Mine - Surface,Coal Mine - Surface,COAL,Operating,Rockhampton Office,,Central,Dawson Highway,MOURA,QLD,4718.0,-24.63169,150.06089,1933,High Potential Incident,Vehicle,Unplanned movement of equipment (eg CM),High potential no lost time,surface,Moving vehicles/equipment,,,,,,
MI01648,Incident,2017-06-05 16:00:00,Dawson Mine,Coal Mine - Surface,Coal Mine - Surface,COAL,Operating,Rockhampton Office,,Central,Dawson Highway,MOURA,QLD,4718.0,-24.63169,150.06089,1934,High Potential Incident,Vehicle,Unplanned movement of equipment (eg CM),High potential no lost time,surface,Moving vehicles/equipment,,,,,,
MI01292,Inspection,2017-06-06 00:00:00,Stuart Shale to Liquids Project,Metalliferous - Minerals Processing,Metalliferous Mine - Surface,MMQ,Care & Maintenance,Brisbane Office,B- Gladstone,Southern,,,,,-23.80958,151.14825,1935,,,,,,,Inspection,Closed,,,,
MI03228,Inspection,2017-06-06 00:00:00,Longford - Eden Lassie Creek Quarry,Metalliferous - Quarry,Quarry,MMQ,Operating,Townsville Office,T- Prosperpine / Bowen,Northern,,,,,-20.19909,148.370466,1936,,,,,,,Inspection,Closed,,,,
MI03640,Inspection,2017-06-06 00:00:00,Ayrshire Hills Quarry,Metalliferous - Quarry,Quarry,MMQ,Infrequent Operation,Mount Isa Office,MI- Winton,Northern,,,,,-21.96955,142.65778,1937,,,,,,,Inspection,Closed,,,,
MI03144,Inspection,2017-06-06 00:00:00,Wooderson Quarry,Metalliferous - Quarry,Quarry,MMQ,Care & Maintenance,Brisbane Office,B- Banana,Southern,,,,,-24.00708,151.027469,1938,,,,,,,Inspection,Closed,,,,
MI01416,Inspection,2017-06-06 00:00:00,Cook Mine,Coal Mine - Underground,Coal Mine - Underground,COAL,Operating,Rockhampton Office,,Central,2613 Blackwater-Rolleston Road,BLACKWATER,QLD,4717.0,-23.82654,148.8896,1939,,,,,,,Inspection,Closed,,,,
MI01540,Inspection,2017-06-06 00:00:00,Ensham Mine,Coal Mine - Surface,Coal Mine - Surface,COAL,Operating,Rockhampton Office,,,,,,,-23.48,148.52054,1940,,,,,,,Inspection,Closed,,,,
MI01373,Inspection,2017-06-06 00:00:00,Yarwun Quarries,Metalliferous - Quarry,Quarry,MMQ,Operating,Brisbane Office,B- Gladstone,Southern,Lot 31 Guerassimoff road,YARWUN,QLD,4694.0,-23.81521,151.143687,1941,,,,,,,Inspection,Closed,,,,
MI00594,Incident,2017-06-06 04:30:00,Hail Creek,Coal Mine - Surface,Coal Mine - Surface,COAL,Operating,Mackay Office,,,,,,,-21.5,148.34391,1942,High Potential Incident,Thermal,Fire,High potential no lost time,surface,Spontaneous combustion,,,,,,
MI01583,Incident,2017-06-06 09:45:00,Bohle Quarry - Holcim,Metalliferous - Quarry,Quarry,MMQ,Operating,Townsville Office,T- Townsville / Ayr,Northern,788 Ingham Road,Mt Louisa,QLD,4818.0,-19.25837,146.69535,1943,High Potential Incident,Vehicle,Collision with a built or natural structure,High potential no lost time,surface,Human error/actions,,,,,,
MI01162,Incident,2017-06-06 10:05:00,Oaky Creek No. 1 Colliery,Coal Mine - Underground,Coal Mine - Underground,COAL,Closed,Rockhampton Office,,Central,,,,,-23.07071,148.49695,1944,Serious Accident,Gravity,Fall of ground-Longwall,High potential lost time,underground,Falling/flying material/objects,,,,,,
MI01400,Action,2017-06-06 10:19:00,Millennium Mine,Coal Mine - Surface,Coal Mine - Surface,COAL,Operating,Mackay Office,,Central,Via Peak Downs Highway,Moranbah,QLD,4744.0,-22.01548,148.25111,1945,,,,,,,Inspection,Closed,Substandard Condition or Practice,,,1.0
MI00162,Incident,2017-06-06 14:20:00,Kennedy Creek,Metalliferous Mine - Surface,Metalliferous Mine - Surface,MMQ,Operating,Townsville Office,C- Nebo,Northern,16413 Marlborough-Sarina Road,Lotus Creek,QLD,4705.0,-21.99616,148.95358,1946,High Potential Incident,Mechanical,Laceration with sharp object,Lost time,surface,Other,,,,,,
MI01907,Incident,2017-06-06 19:15:00,Lake Vermont,Coal Mine - Surface,Coal Mine - Surface,COAL,Operating,Mackay Office,,,,,,,-22.47,148.40803,1947,High Potential Incident,Vehicle,Other,High potential no lost time,surface,Fire(s),,,,,,
MI01146,Incident,2017-06-06 20:30:00,New Acland,Coal Mine - Surface,Coal Mine - Surface,COAL,Operating,Rockhampton Office,S- Toowoomba,Central,Cherrys Road,MULDU,QLD,4401.0,-27.27034,151.699331,1948,High Potential Incident,Thermal,Fire,High potential no lost time,surface,Fire(s),,,,,,
MI01547,Inspection,2017-06-07 00:00:00,Broadmeadow Mine,Coal Mine - Underground,Coal Mine - Underground,COAL,Operating,Mackay Office,,,,,,,-21.83,147.97998,1949,,,,,,,Inspection,Closed,,,,
MI01355,Inspection,2017-06-07 00:00:00,Wieben Gypsum Mine,Metalliferous Mine - Surface,Metalliferous Mine - Surface,MMQ,Infrequent Operation,Mount Isa Office,MI - Flinders Shire,Northern,Hann Highway,Hughenden,QLD,4821.0,-20.82527,144.15013,1950,,,,,,,Inspection,Closed,,,,
MI03239,Inspection,2017-06-07 00:00:00,Wieben's Quarry,Metalliferous - Quarry,Quarry,MMQ,Infrequent Operation,Mount Isa Office,MI - Flinders Shire,Northern,,,,,-20.83194,144.21272,1951,,,,,,,Inspection,Closed,,,,
MI02748,Inspection,2017-06-07 00:00:00,Beckford Quarry,Metalliferous - Quarry,Quarry,MMQ,Infrequent Operation,Mount Isa Office,MI - Flinders Shire,Northern,,,,,-20.80609,144.303016,1952,,,,,,,Inspection,Closed,,,,
MI00092,Inspection,2017-06-07 00:00:00,Callide Mine,Coal Mine - Surface,Coal Mine - Surface,COAL,Operating,Rockhampton Office,,Central,Biloela Callide Road,BILOELA,QLD,4715.0,-24.3276,150.61872,1953,,,,,,,Inspection - Unannounced,Closed,,,,
MI01863,Inspection,2017-06-07 00:00:00,Castle Creek Quarry,Metalliferous - Quarry,Quarry,MMQ,Operating,Brisbane Office,B- Banana,Southern,Defence Road,THEODORE,QLD,4719.0,-24.86106,150.18127,1954,,,,,,,Inspection,Closed,,,,
MI00252,Inspection,2017-06-07 00:00:00,Foxdale Quarry,Metalliferous - Quarry,Quarry,MMQ,Operating,Townsville Office,T- Prosperpine / Bowen,Northern,,,,,-20.36495,148.5667,1955,,,,,,,Inspection,Closed,,,,
MI01689,Inspection,2017-06-07 00:00:00,Mount Colin,Metalliferous Mine - Underground,Metalliferous Mine - Underground,MMQ,Operating,Mount Isa Office,MI- Cloncurry,Northern,,,,,-20.77913,140.042842,1956,,,,,,,Inspection - Unannounced,Closed,,,,
MI01400,Inspection,2017-06-07 00:00:00,Millennium Mine,Coal Mine - Surface,Coal Mine - Surface,COAL,Operating,Mackay Office,,Central,Via Peak Downs Highway,Moranbah,QLD,4744.0,-22.01548,148.25111,1957,,,,,,,Inspection,Closed,,,,
MI01840,Inspection,2017-06-07 00:00:00,Yalkara Quarry,Metalliferous - Quarry,Quarry,MMQ,Operating,Brisbane Office,B- Banana,Southern,1135 Orange Creek Road,BILOELA,QLD,4715.0,-24.36371,150.308716,1958,,,,,,,Inspection,Closed,,,,
MI00132,Inspection,2017-06-07 00:00:00,Clutha Creek Sands,Metalliferous - Quarry,Quarry,MMQ,Operating,Brisbane Office,B- Logan,Southern,,,,,-27.85656,153.116561,1959,,,,,,,Inspection,Closed,,,,
MI01500,Inspection,2017-06-07 00:00:00,Lorena,Metalliferous Mine - Surface,Metalliferous Mine - Surface,MMQ,Care & Maintenance,Mount Isa Office,MI- Cloncurry,Northern,,,,,-20.71857,140.645745,1960,,,,,,,Inspection,Closed,,,,
MI01422,Inspection,2017-06-07 00:00:00,Kestrel Coal Mine,Coal Mine - Underground,Coal Mine - Underground,COAL,Operating,Rockhampton Office,,,,,,,-23.26,148.30263,1961,,,,,,,Inspection,Closed,,,,
MI03310,Inspection,2017-06-07 00:00:00,Warwombie Quarry,Metalliferous - Quarry,Quarry,MMQ,Care & Maintenance,Mount Isa Office,MI - Flinders Shire,Northern,,,,,-20.51881,144.35881,1962,,,,,,,Inspection,Closed,,,,
MI01573,Incident,2017-06-07 07:00:00,South Walker Creek,Coal Mine - Surface,Coal Mine - Surface,COAL,Operating,Mackay Office,,Central,Via Peak Downs Highway,Nebo,QLD,4744.0,-21.77801,148.48194,1963,High Potential Incident,Thermal,Fire,High potential no lost time,surface,Electrical equipment,,,,,,
MI00630,Incident,2017-06-07 08:20:00,Jeebropilly,Coal Mine - Surface,Coal Mine - Surface,COAL,Care & Maintenance,Rockhampton Office,S- Ipswich,Central,Haigslea-Amberley Road,AMBERLEY,QLD,4306.0,-27.65246,152.658986,1964,High Potential Incident,Vehicle,Collision with another vehicle,High potential no lost time,surface,Human error/actions,,,,,,
MI00749,Action,2017-06-07 09:16:00,Moorvale Mine,Coal Mine - Surface,Coal Mine - Surface,COAL,Operating,Mackay Office,,,,,,,-21.9697,148.37113,1965,,,,,,,Inspection,Closed,Substandard Condition or Practice,,,1.0
MI00749,Action,2017-06-07 09:23:00,Moorvale Mine,Coal Mine - Surface,Coal Mine - Surface,COAL,Operating,Mackay Office,,,,,,,-21.9697,148.37113,1966,,,,,,,Inspection,Closed,Recommendation,,,2.0
MI00092,Incident,2017-06-07 11:50:00,Callide Mine,Coal Mine - Surface,Coal Mine - Surface,COAL,Operating,Rockhampton Office,,Central,Biloela Callide Road,BILOELA,QLD,4715.0,-24.3276,150.61872,1967,High Potential Incident,Thermal,Fire,High potential no lost time,surface,Fire(s),,,,,,
MI01569,Incident,2017-06-07 13:00:00,Rolleston Mine,Coal Mine - Surface,Coal Mine - Surface,COAL,Operating,Rockhampton Office,,,,,,,-24.44,148.41844,1968,High Potential Incident,Explosives,Explosives - Misfire identified after firing,High potential no lost time,surface,Explosives,,,,,,
MI00568,Incident,2017-06-07 15:30:00,Goonyella Riverside,Coal Mine - Surface,Coal Mine - Surface,COAL,Operating,Mackay Office,,Central,,,,,-21.7581,147.95235,1969,High Potential Incident,Electrical,Arc flash/blast,High potential no lost time,surface,Electrical equipment,,,,,,
MI01579,Inspection,2017-06-08 00:00:00,West Burleigh Quarry,Metalliferous - Quarry,Quarry,MMQ,Operating,Brisbane Office,B- Gold Coast,Southern,,,,,-28.1115,153.421437,1970,,,,,,,Inspection,Closed,,,,
MI00568,Inspection,2017-06-08 00:00:00,Goonyella Riverside,Coal Mine - Surface,Coal Mine - Surface,COAL,Operating,Mackay Office,,Central,,,,,-21.7581,147.95235,1971,,,,,,,Inspection,Closed,,,,
MI03527,Inspection,2017-06-08 00:00:00,Haenke #3,Coal Mine - Surface,Coal Mine - Surface,COAL,Closed,Rockhampton Office,S- Ipswich,Central,4 Austin Street,NEW CHUM,QLD,4303.0,-27.63055556,152.81994,1972,,,,,,,Inspection - Unannounced,Closed,,,,
MI00050,Inspection,2017-06-08 00:00:00,Bedford Weir Quarry,Metalliferous - Quarry,Quarry,MMQ,Operating,Brisbane Office,B- Central Highlands,Southern,,,,,-23.382,148.83459,1973,,,,,,,Inspection,Closed,,,,
MI02747,Inspection,2017-06-08 00:00:00,Marathon Quarry - Richmond,Metalliferous - Quarry,Quarry,MMQ,Care & Maintenance,Mount Isa Office,MI- Richmond,Northern,Marathon Station,,,,-20.79242,143.46024,1974,,,,,,,Inspection - Unannounced,Closed,,,,
MI02638,Inspection,2017-06-08 00:00:00,Red Rock Quarry,Metalliferous - Quarry,Quarry,MMQ,Infrequent Operation,Brisbane Office,B- Central Highlands,Southern,,,,,-24.04778,148.93029,1975,,,,,,,Inspection,Closed,,,,
MI01584,Inspection,2017-06-08 00:00:00,Collinsville Mine - Open Cut,Coal Mine - Surface,Coal Mine - Surface,COAL,Operating,Mackay Office,C- Mackay,Central,Scottville Road,Collinsville,QLD,4804.0,-20.55807,147.80291,1976,,,,,,,Inspection - Unannounced,Closed,,,,
MI00027,Inspection,2017-06-08 00:00:00,Barabon Quarry,Metalliferous - Quarry,Quarry,MMQ,Infrequent Operation,Mount Isa Office,MI- Richmond,Northern,,,,,-20.78749,143.453925,1977,,,,,,,Inspection,Closed,,,,
MI01648,Incident,2017-06-08 02:00:00,Dawson Mine,Coal Mine - Surface,Coal Mine - Surface,COAL,Operating,Rockhampton Office,,Central,Dawson Highway,MOURA,QLD,4718.0,-24.63169,150.06089,1978,Serious Accident,Vehicle,Collision with another vehicle,Lost time,surface,Moving vehicles/equipment,,,,,,
MI02952,Incident,2017-06-08 05:15:00,Caval Ridge Mine,Coal Mine - Surface,Coal Mine - Surface,COAL,Operating,Mackay Office,C- Mackay,Central,,,,,-22.15615,148.05892,1979,High Potential Incident,Vehicle,Collision with another vehicle,High potential no lost time,surface,Human error/actions,,,,,,
MI02139,Incident,2017-06-08 07:00:00,Cameby Downs Coal Mine,Coal Mine - Surface,Coal Mine - Surface,COAL,Operating,Rockhampton Office,S- Western Downs,Central,260 Ryalls Road,MILES,QLD,4415.0,-26.6469,150.333875,1980,High Potential Incident,Explosives,Explosives - Misfire identified prior to firing,High potential no lost time,surface,Explosives,,,,,,
MI00594,Incident,2017-06-08 10:30:00,Hail Creek,Coal Mine - Surface,Coal Mine - Surface,COAL,Operating,Mackay Office,,,,,,,-21.5,148.34391,1981,High Potential Incident,Thermal,Fire,High potential no lost time,surface,Fire(s),,,,,,
MI01193,Action,2017-06-08 11:14:00,Phosphate Hill,Metalliferous - Minerals Processing,Metalliferous Mine - Surface,MMQ,Operating,Mount Isa Office,MI- Cloncurry,Northern,Camp located at The Monument,,,,-21.88056,139.973295,1982,,Mechanical,Other,,,,Inspection,Closed,Substandard Condition or Practice,,,1.0
MI01193,Action,2017-06-08 11:19:00,Phosphate Hill,Metalliferous - Minerals Processing,Metalliferous Mine - Surface,MMQ,Operating,Mount Isa Office,MI- Cloncurry,Northern,Camp located at The Monument,,,,-21.88056,139.973295,1983,,Non Hazard Specific,Training,,,,Inspection,Closed,Substandard Condition or Practice,,,2.0
MI01646,Action,2017-06-08 11:39:00,Carborough Downs,Coal Mine - Underground,Coal Mine - Underground,COAL,Operating,Mackay Office,,Central,Peak Downs Highway,Coppabella,QLD,4741.0,-21.99368,148.249,1984,,,,,,,Inspection,Closed,Substandard Condition or Practice,,,1.0
MI01646,Action,2017-06-08 11:44:00,Carborough Downs,Coal Mine - Underground,Coal Mine - Underground,COAL,Operating,Mackay Office,,Central,Peak Downs Highway,Coppabella,QLD,4741.0,-21.99368,148.249,1985,,,,,,,Inspection,Closed,Recommendation,,,2.0
MI01646,Action,2017-06-08 11:48:00,Carborough Downs,Coal Mine - Underground,Coal Mine - Underground,COAL,Operating,Mackay Office,,Central,Peak Downs Highway,Coppabella,QLD,4741.0,-21.99368,148.249,1986,,,,,,,Inspection,Closed,Recommendation,,,3.0
MI01569,Incident,2017-06-08 12:00:00,Rolleston Mine,Coal Mine - Surface,Coal Mine - Surface,COAL,Operating,Rockhampton Office,,,,,,,-24.44,148.41844,1987,High Potential Incident,Explosives,Explosives - Misfire identified after firing,High potential no lost time,surface,Explosives,,,,,,
MI01436,Incident,2017-06-08 13:00:00,Exp - Ravenswood Gold Mine Pty Ltd - NR,Metalliferous Mine - Exploration,Metalliferous Mine - Surface,MMQ,Infrequent Operation,Townsville Office,T- Charters Towers / Ravenswood,Northern,,,,,0.0,0.0,1988,High Potential Incident,Gravity,Fall of people,High potential no lost time,surface,Working at heights,,,,,,
MI01190,Incident,2017-06-08 15:05:00,Peak Downs,Coal Mine - Surface,Coal Mine - Surface,COAL,Operating,Mackay Office,,Central,,,,,-22.25686,148.17664,1989,High Potential Incident,Explosives,Explosives - Misfire identified in blast inspection,High potential no lost time,surface,Other,,,,,,
MI01573,Incident,2017-06-08 16:00:00,South Walker Creek,Coal Mine - Surface,Coal Mine - Surface,COAL,Operating,Mackay Office,,Central,Via Peak Downs Highway,Nebo,QLD,4744.0,-21.77801,148.48194,1990,High Potential Incident,Electrical,Other,High potential no lost time,surface,Electrical equipment,,,,,,
MI01190,Incident,2017-06-08 23:59:00,Peak Downs,Coal Mine - Surface,Coal Mine - Surface,COAL,Operating,Mackay Office,,Central,,,,,-22.25686,148.17664,1991,High Potential Incident,Vehicle,Unplanned movement of equipment (eg CM),High potential lost time,surface,Uneven surfaces,,,,,,
MI03427,Inspection,2017-06-09 00:00:00,Jellinbah Plains,Coal Mine - Surface,Coal Mine - Surface,COAL,Closed,Rockhampton Office,,Central,Fitzroy Development Road,BLUFF,QLD,4702.0,-23.32663,148.92329,1992,,,,,,,Inspection,Closed,,,,
MI02950,Inspection,2017-06-09 00:00:00,Glendon Quarry,Metalliferous - Quarry,Quarry,MMQ,Operating,Brisbane Office,B- Central Highlands,Southern,Glendon Rd,Anakie,QLD,4702.0,-23.57512,147.814313,1993,,,,,,,Inspection,Closed,,,,
MI01150,Inspection,2017-06-09 00:00:00,Newlands Mine - Open Cut,Coal Mine - Surface,Coal Mine - Surface,COAL,Operating,Mackay Office,,Central,Newlands Access Road,Via Glenden,QLD,4743.0,-21.21217,147.88636,1994,,,,,,,Inspection - Unannounced,Closed,,,,
MI01766,Inspection,2017-06-09 00:00:00,Tolmie Creek Quarry,Metalliferous - Quarry,Quarry,MMQ,Infrequent Operation,Brisbane Office,B- Central Highlands,Southern,,,,,-23.65536,148.74177,1995,,,,,,,Inspection,Closed,,,,
MI00252,Action,2017-06-09 01:13:00,Foxdale Quarry,Metalliferous - Quarry,Quarry,MMQ,Operating,Townsville Office,T- Prosperpine / Bowen,Northern,,,,,-20.36495,148.5667,1996,,Non Hazard Specific,Training,,,,Inspection,Closed,Substandard Condition or Practice,,,1.0
MI00708,Action,2017-06-09 05:19:00,Maryborough Quarry,Metalliferous - Quarry,Quarry,MMQ,Operating,Brisbane Office,B- Fraser Coast,Southern,6 Gilmers Road,Antigua,QLD,4650.0,-25.63249,152.58477,1997,,Mechanical,Caught in nip point,,,,Inspection,Closed,Directive,163.0,Directive to reduce risk,1.0
MI00708,Action,2017-06-09 05:19:00,Maryborough Quarry,Metalliferous - Quarry,Quarry,MMQ,Operating,Brisbane Office,B- Fraser Coast,Southern,6 Gilmers Road,Antigua,QLD,4650.0,-25.63249,152.58477,1998,,Mechanical,Caught in nip point,,,,Inspection,Closed,Directive,163.0,Directive to reduce risk,1.0
MI00708,Action,2017-06-09 05:38:00,Maryborough Quarry,Metalliferous - Quarry,Quarry,MMQ,Operating,Brisbane Office,B- Fraser Coast,Southern,6 Gilmers Road,Antigua,QLD,4650.0,-25.63249,152.58477,1999,,Gravity,Fall of equipment/material,,,,Inspection,Closed,Directive,163.0,Directive to reduce risk,2.0
MI00708,Action,2017-06-09 05:38:00,Maryborough Quarry,Metalliferous - Quarry,Quarry,MMQ,Operating,Brisbane Office,B- Fraser Coast,Southern,6 Gilmers Road,Antigua,QLD,4650.0,-25.63249,152.58477,2000,,Gravity,Fall of equipment/material,,,,Inspection,Closed,Directive,163.0,Directive to reduce risk,2.0
