
 Performance of golden standard model:
token_fitness
{"perc_fit_traces": 64.0, "average_trace_fitness": 0.9609334352395777, "log_fitness": 0.9662431003512058, "percentage_of_fitting_traces": 64.0}
precision
0.9706961429915334
0.7142857142857143
generalization
0.9166881816532798

 Xixi split labels:
['Q_X_1']

 Xixi refined log results:

 IM without noise threshold:
token_fitness
{"perc_fit_traces": 100.0, "average_trace_fitness": 1.0, "log_fitness": 1.0, "percentage_of_fitting_traces": 100.0}
precision
0.6831143864146108
0.7066666666666667
generalization
0.9585729174202804

 Xixi clustering:
Clustering with 784 elements and 2 clusters

[1] 0, 1, 2, 3, 4, 5, 6, 7, 8, 9, 10, 11, 12, 13, 14, 15, 16, 17, 18, 19, 20,
    21, 22, 23, 24, 25, 26, 27, 28, 29, 30, 31, 32, 33, 34, 35, 36, 37, 38,
    39, 40, 41, 42, 43, 44, 45, 46, 47, 48, 49, 50, 51, 52, 53, 54, 55, 56,
    57, 58, 59, 60, 61, 62, 63, 64, 65, 66, 67, 68, 69, 70, 71, 72, 73, 74,
    75, 76, 77, 78, 79, 80, 81, 82, 83, 84, 85, 86, 87, 88, 89, 90, 91, 92,
    93, 94, 95, 96, 97, 98, 99, 100, 101, 102, 103, 104, 105, 106, 107, 108,
    109, 110, 111, 112, 113, 114, 115, 116, 117, 118, 119, 120, 121, 122, 123,
    124, 125, 126, 127, 128, 129, 130, 131, 132, 133, 134, 135, 136, 137, 138,
    139, 140, 141, 142, 143, 144, 145, 146, 147, 148, 149, 150, 151, 152, 153,
    154, 155, 156, 157, 158, 159, 160, 161, 162, 163, 164, 165, 166, 167, 168,
    169, 170, 171, 172, 173, 174, 175, 176, 177, 178, 179, 180, 181, 182, 183,
    184, 185, 186, 187, 188, 189, 190, 191, 192, 193, 194, 195, 196, 197, 198,
    199, 200, 201, 202, 203, 204, 205, 206, 207, 208, 209, 210, 211, 212, 213,
    214, 215, 216, 217, 218, 219, 220, 221, 222, 223, 224, 225, 226, 227, 228,
    229, 230, 231, 232, 233, 234, 235, 236, 237, 238, 239, 240, 241, 242, 243,
    244, 245, 246, 247, 248, 249, 250, 251, 252, 253, 254, 255, 256, 257, 258,
    259, 260, 261, 262, 263, 264, 265, 266, 267, 268, 269, 270, 271, 272, 273,
    274, 275, 276, 277, 278, 279, 280, 281, 282, 283, 284, 285, 286, 287, 288,
    289, 290, 291, 292, 293, 294, 295, 296, 297, 298, 299, 300, 301, 302, 303,
    304, 305, 306, 307, 308, 309, 310, 311, 312, 313, 314, 315, 316, 317, 318,
    319, 320, 321, 322, 323, 324, 325, 326, 327, 328, 329, 330, 331, 332, 333,
    334, 335, 336, 337, 338, 339, 340, 341, 342, 343, 344, 345, 346, 347, 348,
    349, 350, 351, 352, 353, 354, 355, 356, 357, 358, 359, 360, 361, 362, 363,
    364, 365, 366, 367, 368, 369, 370, 371, 372, 373, 374, 375, 376, 377, 378,
    379, 380, 381, 382, 383, 384, 385, 386, 387, 388, 389, 390, 391, 392, 393,
    394, 395, 396, 397, 398, 399, 400, 401, 402, 403, 404, 405, 406, 407, 408,
    409, 410, 411, 412, 413, 414, 415, 416, 417, 418, 419, 420, 421, 422, 423,
    424, 425, 426, 427, 428, 429, 430, 431, 432, 433, 434, 435, 436, 437, 438,
    439, 440, 441, 442, 443, 444, 445, 446, 447, 448, 449, 450, 451, 452, 453,
    454, 455, 456, 457, 458, 459, 460, 461, 462, 463, 464, 465, 466, 467, 468,
    469, 470, 471, 472, 473, 474, 475, 476, 477, 478, 479, 480, 481, 482, 483,
    484, 485, 486, 487, 488, 489, 490, 491, 492, 493, 494, 495, 496, 497, 498,
    499, 500, 501, 502, 503, 504, 505, 506, 507, 508, 509, 510, 511, 512, 513,
    514, 515, 516, 517, 518, 519, 520, 521, 522, 523, 524, 525, 526, 527, 528,
    529, 530, 531, 532, 533, 534, 535, 536, 537, 538, 539, 540, 541, 542, 543,
    544, 545, 546, 547, 548, 549, 550, 551, 552, 553, 554, 555, 556, 557, 558,
    559, 560, 561, 562, 563, 564, 565, 566, 567, 568, 569, 570, 571, 572, 573,
    574, 575, 576, 577, 578, 579, 580, 581, 582, 583, 584, 585, 586, 587, 588,
    589, 590, 591, 592, 593, 594, 595, 596, 597, 598, 599, 600, 601, 602, 603,
    604, 605, 606, 607, 608, 609, 610, 611, 612, 613, 614, 615, 616, 617, 618,
    619, 620, 621, 622, 623, 624, 625, 626, 627, 628, 629, 630, 631, 632, 633,
    634, 635, 636, 637, 638, 639, 640, 641, 642, 643, 644, 645, 646, 647, 648,
    649, 650, 651, 652, 653, 654, 655, 656, 657, 658, 659, 660, 661, 662, 663,
    664, 665, 666, 667, 668, 669, 670, 671, 672, 673, 674, 675, 676, 677, 678,
    679, 680, 681, 682, 683, 684, 685, 686, 687, 688, 689, 690, 691, 692, 693,
    694, 695, 696, 697, 698, 699, 700, 701, 702, 703, 704, 705, 706, 707, 708,
    709, 710, 711, 712, 713, 714, 715, 716, 717, 718, 719, 720, 721, 722, 723,
    724, 725, 726, 727, 728, 729, 730, 731, 732, 733, 734, 735, 736, 737, 738,
    739, 740, 741, 742, 743, 744, 745, 746, 747, 748, 749, 750, 751, 752, 753,
    754, 755, 756, 757, 758, 759, 760, 761, 762, 763, 764, 765, 766, 767, 768,
    769, 770, 771, 772, 773, 774, 775, 776, 777, 778, 779, 780, 781, 782, 783

 Data from log without imprecise labels

 IM without noise threshold:
token_fitness
{"perc_fit_traces": 100.0, "average_trace_fitness": 1.0, "log_fitness": 1.0, "percentage_of_fitting_traces": 100.0}
precision
0.9640001591153188
0.7142857142857143
generalization
0.9536980352384005

 Original Labels:
['I', 'G', 'Q', 'M']

 Ground truth clustering clustering:
Clustering with 784 elements and 4 clusters
[0] 2, 4, 7, 27, 29, 34, 49, 55, 64, 68, 70, 75, 79, 81, 82, 89, 94, 101, 107,
    123, 132, 138, 145, 148, 156, 162, 168, 170, 186, 188, 191, 193, 205, 206,
    211, 222, 223, 237, 239, 243, 263, 267, 275, 278, 279, 287, 299, 314, 317,
    327, 329, 336, 337, 357, 361, 362, 364, 365, 399, 401, 404, 406, 411, 426,
    427, 434, 437, 442, 447, 448, 460, 461, 508, 517, 526, 528, 531, 562, 570,
    574, 575, 582, 590, 594, 610, 611, 613, 617, 620, 622, 626, 630, 642, 666,
    672, 682, 700, 707, 711, 712, 725, 743, 748, 752, 754, 760
[1] 0, 10, 17, 38, 45, 47, 48, 50, 53, 57, 65, 71, 78, 85, 86, 91, 98, 105,
    119, 125, 130, 134, 135, 142, 144, 158, 164, 177, 180, 182, 195, 196, 198,
    199, 201, 203, 208, 213, 214, 216, 220, 227, 229, 230, 231, 232, 244, 253,
    255, 256, 271, 272, 274, 276, 277, 281, 285, 288, 292, 301, 303, 309, 310,
    321, 349, 350, 352, 355, 358, 377, 380, 382, 396, 408, 409, 417, 418, 419,
    420, 436, 439, 440, 445, 451, 452, 453, 466, 475, 478, 487, 491, 495, 503,
    512, 513, 515, 519, 523, 524, 540, 541, 545, 549, 551, 553, 556, 569, 572,
    573, 579, 584, 585, 588, 589, 593, 602, 603, 607, 615, 618, 636, 638, 644,
    647, 659, 660, 662, 664, 667, 679, 684, 686, 688, 692, 694, 701, 709, 713,
    717, 721, 727, 732, 741, 746, 751, 755, 758, 762, 764, 766
[2] 1, 3, 6, 8, 11, 14, 16, 18, 20, 23, 25, 28, 30, 32, 36, 39, 41, 43, 46,
    52, 54, 61, 63, 66, 69, 74, 76, 80, 83, 87, 93, 95, 97, 99, 102, 104, 106,
    110, 114, 116, 118, 120, 122, 124, 127, 129, 131, 136, 139, 141, 147, 151,
    153, 155, 157, 159, 161, 163, 166, 169, 172, 174, 176, 181, 185, 189, 192,
    194, 197, 202, 204, 207, 209, 212, 215, 217, 219, 221, 224, 226, 228, 233,
    236, 238, 240, 242, 245, 247, 250, 252, 254, 257, 259, 261, 264, 266, 269,
    273, 280, 282, 284, 286, 291, 293, 295, 297, 300, 302, 304, 306, 308, 311,
    313, 316, 318, 320, 326, 328, 332, 335, 339, 341, 343, 345, 347, 351, 353,
    356, 363, 366, 368, 370, 372, 374, 376, 379, 381, 383, 385, 387, 391, 393,
    395, 398, 400, 405, 410, 413, 416, 421, 423, 435, 438, 441, 444, 446, 449,
    454, 457, 462, 465, 468, 470, 472, 479, 483, 485, 488, 490, 494, 496, 498,
    506, 509, 511, 514, 516, 518, 520, 522, 525, 527, 529, 533, 535, 537, 539,
    542, 546, 550, 555, 557, 559, 566, 571, 576, 578, 580, 583, 587, 592, 595,
    597, 599, 601, 604, 606, 609, 612, 616, 619, 621, 623, 625, 628, 631, 635,
    637, 639, 641, 643, 648, 650, 655, 658, 661, 663, 665, 668, 670, 673, 675,
    680, 683, 689, 691, 693, 697, 699, 702, 704, 706, 708, 710, 714, 716, 720,
    723, 726, 729, 731, 733, 736, 738, 740, 742, 747, 750, 753, 756, 759, 763,
    765, 767, 769, 772, 775, 777, 780, 782
[3] 5, 9, 12, 13, 15, 19, 21, 22, 24, 26, 31, 33, 35, 37, 40, 42, 44, 51, 56,
    58, 59, 60, 62, 67, 72, 73, 77, 84, 88, 90, 92, 96, 100, 103, 108, 109,
    111, 112, 113, 115, 117, 121, 126, 128, 133, 137, 140, 143, 146, 149, 150,
    152, 154, 160, 165, 167, 171, 173, 175, 178, 179, 183, 184, 187, 190, 200,
    210, 218, 225, 234, 235, 241, 246, 248, 249, 251, 258, 260, 262, 265, 268,
    270, 283, 289, 290, 294, 296, 298, 305, 307, 312, 315, 319, 322, 323, 324,
    325, 330, 331, 333, 334, 338, 340, 342, 344, 346, 348, 354, 359, 360, 367,
    369, 371, 373, 375, 378, 384, 386, 388, 389, 390, 392, 394, 397, 402, 403,
    407, 412, 414, 415, 422, 424, 425, 428, 429, 430, 431, 432, 433, 443, 450,
    455, 456, 458, 459, 463, 464, 467, 469, 471, 473, 474, 476, 477, 480, 481,
    482, 484, 486, 489, 492, 493, 497, 499, 500, 501, 502, 504, 505, 507, 510,
    521, 530, 532, 534, 536, 538, 543, 544, 547, 548, 552, 554, 558, 560, 561,
    563, 564, 565, 567, 568, 577, 581, 586, 591, 596, 598, 600, 605, 608, 614,
    624, 627, 629, 632, 633, 634, 640, 645, 646, 649, 651, 652, 653, 654, 656,
    657, 669, 671, 674, 676, 677, 678, 681, 685, 687, 690, 695, 696, 698, 703,
    705, 715, 718, 719, 722, 724, 728, 730, 734, 735, 737, 739, 744, 745, 749,
    757, 761, 768, 770, 771, 773, 774, 776, 778, 779, 781, 783

 Xixi Adjusted Rand Index:
0.0




----------------------------------------------------------------------------------------------
Output from 2025-07-08 18:50:14.020698
----------------------------------------------------------------------------------------------


                

Parameters of this run:

Window size: 1
Threshold for edges: 0
Split candidates: Q
Max number of traces: 5000000
Method for distance calculation: Distance.EDIT_DISTANCE
Method for finding clusters: ClusteringMethod.COMMUNITY_DETECTION
Original log location: ./data/noImprInLoop_default_OD\feb17-0936\logs\D_1_LogD_Sequence_feb17-0936.xes.gz
Use frequency: True

Found communities: 

Clustering with 784 elements and 6 clusters
[0] 5, 9, 12, 13, 15, 19, 21, 22, 26, 33, 35, 37, 40, 42, 60, 62, 88, 90, 92,
    100, 103, 108, 111, 121, 126, 128, 133, 137, 140, 146, 152, 154, 165, 167,
    171, 173, 175, 179, 183, 184, 187, 210, 218, 225, 235, 241, 249, 251, 258,
    260, 262, 265, 268, 270, 289, 296, 298, 307, 319, 322, 323, 324, 330, 334,
    338, 340, 342, 346, 348, 354, 359, 360, 367, 369, 371, 373, 375, 378, 384,
    386, 388, 389, 392, 397, 402, 407, 412, 414, 415, 422, 424, 428, 429, 431,
    432, 433, 443, 450, 455, 456, 458, 459, 463, 467, 469, 471, 473, 476, 477,
    480, 482, 484, 486, 492, 493, 497, 501, 502, 504, 505, 530, 532, 538, 548,
    554, 558, 560, 561, 563, 567, 568, 577, 586, 598, 600, 605, 608, 614, 624,
    627, 629, 632, 633, 634, 640, 645, 646, 651, 652, 653, 654, 656, 657, 671,
    674, 676, 677, 678, 687, 690, 695, 696, 698, 703, 705, 718, 719, 722, 724,
    728, 737, 739, 744, 745, 749, 757, 761, 768, 774, 776, 778, 781
[1] 0, 2, 4, 7, 27, 29, 34, 49, 50, 53, 55, 57, 64, 65, 68, 70, 71, 75, 79,
    81, 82, 85, 89, 94, 98, 101, 107, 119, 123, 125, 132, 134, 138, 142, 145,
    148, 156, 162, 168, 170, 180, 186, 188, 191, 193, 195, 203, 205, 206, 208,
    211, 214, 216, 222, 223, 231, 237, 239, 243, 244, 255, 263, 267, 271, 275,
    276, 277, 278, 279, 281, 287, 299, 303, 309, 310, 314, 317, 327, 329, 336,
    337, 352, 357, 361, 362, 364, 365, 377, 380, 396, 399, 401, 404, 406, 408,
    409, 411, 419, 426, 427, 434, 437, 440, 442, 447, 448, 452, 460, 461, 487,
    491, 503, 508, 517, 519, 523, 526, 528, 531, 540, 549, 556, 562, 570, 574,
    575, 579, 582, 588, 589, 590, 593, 594, 602, 610, 611, 613, 617, 620, 622,
    626, 630, 638, 642, 644, 647, 659, 666, 667, 672, 679, 682, 686, 688, 694,
    700, 701, 707, 709, 711, 712, 717, 721, 725, 732, 741, 743, 746, 748, 751,
    752, 754, 760
[2] 1, 11, 14, 16, 18, 28, 32, 39, 43, 52, 54, 61, 66, 76, 80, 83, 87, 97,
    104, 106, 110, 124, 127, 129, 136, 139, 141, 151, 153, 155, 166, 172, 185,
    192, 194, 215, 221, 233, 236, 238, 240, 242, 245, 247, 252, 254, 269, 286,
    291, 297, 300, 302, 304, 306, 316, 318, 320, 326, 335, 339, 343, 345, 353,
    356, 363, 376, 381, 383, 385, 398, 400, 405, 416, 423, 435, 441, 444, 449,
    457, 465, 470, 479, 488, 490, 494, 498, 516, 518, 522, 525, 527, 533, 535,
    537, 542, 550, 555, 559, 566, 576, 578, 592, 595, 601, 612, 621, 623, 625,
    631, 635, 639, 648, 655, 658, 665, 673, 680, 683, 691, 697, 699, 702, 706,
    708, 710, 720, 726, 731, 740, 742, 750, 753, 756, 759, 765, 769, 777, 780
[3] 3, 6, 8, 20, 23, 25, 30, 36, 41, 46, 63, 69, 74, 93, 95, 99, 102, 114,
    116, 118, 120, 122, 131, 147, 157, 159, 161, 163, 169, 174, 176, 181, 189,
    197, 202, 204, 207, 209, 212, 217, 219, 224, 226, 228, 250, 257, 259, 261,
    264, 266, 273, 280, 282, 284, 293, 295, 308, 311, 313, 328, 332, 341, 347,
    351, 366, 368, 370, 372, 374, 379, 387, 391, 393, 395, 410, 413, 421, 438,
    446, 454, 462, 468, 472, 483, 485, 496, 506, 509, 511, 514, 520, 529, 539,
    546, 557, 571, 580, 583, 587, 597, 599, 604, 606, 609, 616, 619, 628, 637,
    641, 643, 650, 661, 663, 668, 670, 675, 689, 693, 704, 714, 716, 723, 729,
    733, 736, 738, 747, 763, 767, 772, 775, 782
[4] 10, 17, 38, 45, 47, 48, 78, 86, 91, 105, 130, 135, 144, 158, 164, 177,
    182, 196, 198, 199, 201, 213, 220, 227, 229, 230, 232, 253, 256, 272, 274,
    285, 288, 292, 301, 321, 349, 350, 355, 358, 382, 417, 418, 420, 436, 439,
    445, 451, 453, 466, 475, 478, 495, 512, 513, 515, 524, 541, 545, 551, 553,
    569, 572, 573, 584, 585, 603, 607, 615, 618, 636, 660, 662, 664, 684, 692,
    713, 727, 755, 758, 762, 764, 766
[5] 24, 31, 44, 51, 56, 58, 59, 67, 72, 73, 77, 84, 96, 109, 112, 113, 115,
    117, 143, 149, 150, 160, 178, 190, 200, 234, 246, 248, 283, 290, 294, 305,
    312, 315, 325, 331, 333, 344, 390, 394, 403, 425, 430, 464, 474, 481, 489,
    499, 500, 507, 510, 521, 534, 536, 543, 544, 547, 552, 564, 565, 581, 591,
    596, 649, 669, 681, 685, 715, 730, 734, 735, 770, 771, 773, 779, 783

Reassigned labels

Runtime: 0.526728630065918

Performance split_log:

IM without threshold:
Map:
{"Q_0": "Q", "Q_1": "Q", "Q_2": "Q", "Q_3": "Q", "Q_4": "Q", "Q_5": "Q"}
token_fitness
{"perc_fit_traces": 100.0, "average_trace_fitness": 1.0, "log_fitness": 1.0, "percentage_of_fitting_traces": 100.0}
precision
0.6831143864146108
0.7066666666666667
generalization
0.9585729174202804
token_fitness
{"perc_fit_traces": 64.0, "average_trace_fitness": 0.9746725356656321, "log_fitness": 0.9763227709601159, "percentage_of_fitting_traces": 64.0}
precision
0.7449911555539511
0.6744186046511628
generalization
0.9185726026666481

Adjusted Rand Index:
0.7353577236585614



Parameters of this run:

Window size: 1
Threshold for edges: 0.25
Split candidates: Q
Max number of traces: 5000000
Method for distance calculation: Distance.EDIT_DISTANCE
Method for finding clusters: ClusteringMethod.COMMUNITY_DETECTION
Original log location: ./data/noImprInLoop_default_OD\feb17-0936\logs\D_1_LogD_Sequence_feb17-0936.xes.gz
Use frequency: True

Found communities: 

Clustering with 784 elements and 6 clusters
[0] 5, 9, 12, 13, 15, 19, 21, 22, 26, 33, 35, 37, 40, 42, 60, 62, 88, 90, 92,
    100, 103, 108, 111, 121, 126, 128, 133, 137, 140, 146, 152, 154, 165, 167,
    171, 173, 175, 179, 183, 184, 187, 210, 218, 225, 235, 241, 249, 251, 258,
    260, 262, 265, 268, 270, 289, 296, 298, 307, 319, 322, 323, 324, 330, 334,
    338, 340, 342, 346, 348, 354, 359, 360, 367, 369, 371, 373, 375, 378, 384,
    386, 388, 389, 392, 397, 402, 407, 412, 414, 415, 422, 424, 428, 429, 431,
    432, 433, 443, 450, 455, 456, 458, 459, 463, 467, 469, 471, 473, 476, 477,
    480, 482, 484, 486, 492, 493, 497, 501, 502, 504, 505, 530, 532, 538, 548,
    554, 558, 560, 561, 563, 567, 568, 577, 586, 598, 600, 605, 608, 614, 624,
    627, 629, 632, 633, 634, 640, 645, 646, 651, 652, 653, 654, 656, 657, 671,
    674, 676, 677, 678, 687, 690, 695, 696, 698, 703, 705, 718, 719, 722, 724,
    728, 737, 739, 744, 745, 749, 757, 761, 768, 774, 776, 778, 781
[1] 0, 2, 4, 7, 27, 29, 34, 49, 50, 53, 55, 57, 64, 65, 68, 70, 71, 75, 79,
    81, 82, 85, 89, 94, 98, 101, 107, 119, 123, 125, 132, 134, 138, 142, 145,
    148, 156, 162, 168, 170, 180, 186, 188, 191, 193, 195, 203, 205, 206, 208,
    211, 214, 216, 222, 223, 231, 237, 239, 243, 244, 255, 263, 267, 271, 275,
    276, 277, 278, 279, 281, 287, 299, 303, 309, 310, 314, 317, 327, 329, 336,
    337, 352, 357, 361, 362, 364, 365, 377, 380, 396, 399, 401, 404, 406, 408,
    409, 411, 419, 426, 427, 434, 437, 440, 442, 447, 448, 452, 460, 461, 487,
    491, 503, 508, 517, 519, 523, 526, 528, 531, 540, 549, 556, 562, 570, 574,
    575, 579, 582, 588, 589, 590, 593, 594, 602, 610, 611, 613, 617, 620, 622,
    626, 630, 638, 642, 644, 647, 659, 666, 667, 672, 679, 682, 686, 688, 694,
    700, 701, 707, 709, 711, 712, 717, 721, 725, 732, 741, 743, 746, 748, 751,
    752, 754, 760
[2] 1, 11, 14, 16, 18, 28, 32, 39, 43, 52, 54, 61, 66, 76, 80, 83, 87, 97,
    104, 106, 110, 124, 127, 129, 136, 139, 141, 151, 153, 155, 166, 172, 185,
    192, 194, 215, 221, 233, 236, 238, 240, 242, 245, 247, 252, 254, 269, 286,
    291, 297, 300, 302, 304, 306, 316, 318, 320, 326, 335, 339, 343, 345, 353,
    356, 363, 376, 381, 383, 385, 398, 400, 405, 416, 423, 435, 441, 444, 449,
    457, 465, 470, 479, 488, 490, 494, 498, 516, 518, 522, 525, 527, 533, 535,
    537, 542, 550, 555, 559, 566, 576, 578, 592, 595, 601, 612, 621, 623, 625,
    631, 635, 639, 648, 655, 658, 665, 673, 680, 683, 691, 697, 699, 702, 706,
    708, 710, 720, 726, 731, 740, 742, 750, 753, 756, 759, 765, 769, 777, 780
[3] 3, 6, 8, 20, 23, 25, 30, 36, 41, 46, 63, 69, 74, 93, 95, 99, 102, 114,
    116, 118, 120, 122, 131, 147, 157, 159, 161, 163, 169, 174, 176, 181, 189,
    197, 202, 204, 207, 209, 212, 217, 219, 224, 226, 228, 250, 257, 259, 261,
    264, 266, 273, 280, 282, 284, 293, 295, 308, 311, 313, 328, 332, 341, 347,
    351, 366, 368, 370, 372, 374, 379, 387, 391, 393, 395, 410, 413, 421, 438,
    446, 454, 462, 468, 472, 483, 485, 496, 506, 509, 511, 514, 520, 529, 539,
    546, 557, 571, 580, 583, 587, 597, 599, 604, 606, 609, 616, 619, 628, 637,
    641, 643, 650, 661, 663, 668, 670, 675, 689, 693, 704, 714, 716, 723, 729,
    733, 736, 738, 747, 763, 767, 772, 775, 782
[4] 10, 17, 38, 45, 47, 48, 78, 86, 91, 105, 130, 135, 144, 158, 164, 177,
    182, 196, 198, 199, 201, 213, 220, 227, 229, 230, 232, 253, 256, 272, 274,
    285, 288, 292, 301, 321, 349, 350, 355, 358, 382, 417, 418, 420, 436, 439,
    445, 451, 453, 466, 475, 478, 495, 512, 513, 515, 524, 541, 545, 551, 553,
    569, 572, 573, 584, 585, 603, 607, 615, 618, 636, 660, 662, 664, 684, 692,
    713, 727, 755, 758, 762, 764, 766
[5] 24, 31, 44, 51, 56, 58, 59, 67, 72, 73, 77, 84, 96, 109, 112, 113, 115,
    117, 143, 149, 150, 160, 178, 190, 200, 234, 246, 248, 283, 290, 294, 305,
    312, 315, 325, 331, 333, 344, 390, 394, 403, 425, 430, 464, 474, 481, 489,
    499, 500, 507, 510, 521, 534, 536, 543, 544, 547, 552, 564, 565, 581, 591,
    596, 649, 669, 681, 685, 715, 730, 734, 735, 770, 771, 773, 779, 783

Reassigned labels

Runtime: 0.49717044830322266

Performance split_log:

IM without threshold:
Map:
{"Q_0": "Q", "Q_1": "Q", "Q_2": "Q", "Q_3": "Q", "Q_4": "Q", "Q_5": "Q"}
token_fitness
{"perc_fit_traces": 64.0, "average_trace_fitness": 0.9667949950650258, "log_fitness": 0.9686827930948675, "percentage_of_fitting_traces": 64.0}
precision
0.7449911555539511
0.6744186046511628
generalization
0.9179785663922906

Adjusted Rand Index:
0.7353577236585614



Parameters of this run:

Window size: 1
Threshold for edges: 0.5
Split candidates: Q
Max number of traces: 5000000
Method for distance calculation: Distance.EDIT_DISTANCE
Method for finding clusters: ClusteringMethod.COMMUNITY_DETECTION
Original log location: ./data/noImprInLoop_default_OD\feb17-0936\logs\D_1_LogD_Sequence_feb17-0936.xes.gz
Use frequency: True

Found communities: 

Clustering with 784 elements and 6 clusters
[0] 5, 9, 12, 13, 15, 19, 21, 22, 26, 33, 35, 37, 40, 42, 60, 62, 88, 90, 92,
    100, 103, 108, 111, 121, 126, 128, 133, 137, 140, 146, 152, 154, 165, 167,
    171, 173, 175, 179, 183, 184, 187, 210, 218, 225, 235, 241, 249, 251, 258,
    260, 262, 265, 268, 270, 289, 296, 298, 307, 319, 322, 323, 324, 330, 334,
    338, 340, 342, 346, 348, 354, 359, 360, 367, 369, 371, 373, 375, 378, 384,
    386, 388, 389, 392, 397, 402, 407, 412, 414, 415, 422, 424, 428, 429, 431,
    432, 433, 443, 450, 455, 456, 458, 459, 463, 467, 469, 471, 473, 476, 477,
    480, 482, 484, 486, 492, 493, 497, 501, 502, 504, 505, 530, 532, 538, 548,
    554, 558, 560, 561, 563, 567, 568, 577, 586, 598, 600, 605, 608, 614, 624,
    627, 629, 632, 633, 634, 640, 645, 646, 651, 652, 653, 654, 656, 657, 671,
    674, 676, 677, 678, 687, 690, 695, 696, 698, 703, 705, 718, 719, 722, 724,
    728, 737, 739, 744, 745, 749, 757, 761, 768, 774, 776, 778, 781
[1] 0, 2, 4, 7, 27, 29, 34, 49, 50, 53, 55, 57, 64, 65, 68, 70, 71, 75, 79,
    81, 82, 85, 89, 94, 98, 101, 107, 119, 123, 125, 132, 134, 138, 142, 145,
    148, 156, 162, 168, 170, 180, 186, 188, 191, 193, 195, 203, 205, 206, 208,
    211, 214, 216, 222, 223, 231, 237, 239, 243, 244, 255, 263, 267, 271, 275,
    276, 277, 278, 279, 281, 287, 299, 303, 309, 310, 314, 317, 327, 329, 336,
    337, 352, 357, 361, 362, 364, 365, 377, 380, 396, 399, 401, 404, 406, 408,
    409, 411, 419, 426, 427, 434, 437, 440, 442, 447, 448, 452, 460, 461, 487,
    491, 503, 508, 517, 519, 523, 526, 528, 531, 540, 549, 556, 562, 570, 574,
    575, 579, 582, 588, 589, 590, 593, 594, 602, 610, 611, 613, 617, 620, 622,
    626, 630, 638, 642, 644, 647, 659, 666, 667, 672, 679, 682, 686, 688, 694,
    700, 701, 707, 709, 711, 712, 717, 721, 725, 732, 741, 743, 746, 748, 751,
    752, 754, 760
[2] 1, 11, 14, 16, 18, 28, 32, 39, 43, 52, 54, 61, 66, 76, 80, 83, 87, 97,
    104, 106, 110, 124, 127, 129, 136, 139, 141, 151, 153, 155, 166, 172, 185,
    192, 194, 215, 221, 233, 236, 238, 240, 242, 245, 247, 252, 254, 269, 286,
    291, 297, 300, 302, 304, 306, 316, 318, 320, 326, 335, 339, 343, 345, 353,
    356, 363, 376, 381, 383, 385, 398, 400, 405, 416, 423, 435, 441, 444, 449,
    457, 465, 470, 479, 488, 490, 494, 498, 516, 518, 522, 525, 527, 533, 535,
    537, 542, 550, 555, 559, 566, 576, 578, 592, 595, 601, 612, 621, 623, 625,
    631, 635, 639, 648, 655, 658, 665, 673, 680, 683, 691, 697, 699, 702, 706,
    708, 710, 720, 726, 731, 740, 742, 750, 753, 756, 759, 765, 769, 777, 780
[3] 3, 6, 8, 20, 23, 25, 30, 36, 41, 46, 63, 69, 74, 93, 95, 99, 102, 114,
    116, 118, 120, 122, 131, 147, 157, 159, 161, 163, 169, 174, 176, 181, 189,
    197, 202, 204, 207, 209, 212, 217, 219, 224, 226, 228, 250, 257, 259, 261,
    264, 266, 273, 280, 282, 284, 293, 295, 308, 311, 313, 328, 332, 341, 347,
    351, 366, 368, 370, 372, 374, 379, 387, 391, 393, 395, 410, 413, 421, 438,
    446, 454, 462, 468, 472, 483, 485, 496, 506, 509, 511, 514, 520, 529, 539,
    546, 557, 571, 580, 583, 587, 597, 599, 604, 606, 609, 616, 619, 628, 637,
    641, 643, 650, 661, 663, 668, 670, 675, 689, 693, 704, 714, 716, 723, 729,
    733, 736, 738, 747, 763, 767, 772, 775, 782
[4] 10, 17, 38, 45, 47, 48, 78, 86, 91, 105, 130, 135, 144, 158, 164, 177,
    182, 196, 198, 199, 201, 213, 220, 227, 229, 230, 232, 253, 256, 272, 274,
    285, 288, 292, 301, 321, 349, 350, 355, 358, 382, 417, 418, 420, 436, 439,
    445, 451, 453, 466, 475, 478, 495, 512, 513, 515, 524, 541, 545, 551, 553,
    569, 572, 573, 584, 585, 603, 607, 615, 618, 636, 660, 662, 664, 684, 692,
    713, 727, 755, 758, 762, 764, 766
[5] 24, 31, 44, 51, 56, 58, 59, 67, 72, 73, 77, 84, 96, 109, 112, 113, 115,
    117, 143, 149, 150, 160, 178, 190, 200, 234, 246, 248, 283, 290, 294, 305,
    312, 315, 325, 331, 333, 344, 390, 394, 403, 425, 430, 464, 474, 481, 489,
    499, 500, 507, 510, 521, 534, 536, 543, 544, 547, 552, 564, 565, 581, 591,
    596, 649, 669, 681, 685, 715, 730, 734, 735, 770, 771, 773, 779, 783

Reassigned labels

Runtime: 0.5685036182403564

Performance split_log:

IM without threshold:
Map:
{"Q_0": "Q", "Q_1": "Q", "Q_2": "Q", "Q_3": "Q", "Q_4": "Q", "Q_5": "Q"}
token_fitness
{"perc_fit_traces": 100.0, "average_trace_fitness": 1.0, "log_fitness": 1.0, "percentage_of_fitting_traces": 100.0}
precision
0.7274419181736407
0.6744186046511628
generalization
0.9504545664312365

Adjusted Rand Index:
0.7353577236585614



Parameters of this run:

Window size: 1
Threshold for edges: 0.75
Split candidates: Q
Max number of traces: 5000000
Method for distance calculation: Distance.EDIT_DISTANCE
Method for finding clusters: ClusteringMethod.COMMUNITY_DETECTION
Original log location: ./data/noImprInLoop_default_OD\feb17-0936\logs\D_1_LogD_Sequence_feb17-0936.xes.gz
Use frequency: True

Found communities: 

Clustering with 784 elements and 6 clusters
[0] 5, 9, 12, 13, 15, 19, 21, 22, 26, 33, 35, 37, 40, 42, 60, 62, 88, 90, 92,
    100, 103, 108, 111, 121, 126, 128, 133, 137, 140, 146, 152, 154, 165, 167,
    171, 173, 175, 179, 183, 184, 187, 210, 218, 225, 235, 241, 249, 251, 258,
    260, 262, 265, 268, 270, 289, 296, 298, 307, 319, 322, 323, 324, 330, 334,
    338, 340, 342, 346, 348, 354, 359, 360, 367, 369, 371, 373, 375, 378, 384,
    386, 388, 389, 392, 397, 402, 407, 412, 414, 415, 422, 424, 428, 429, 431,
    432, 433, 443, 450, 455, 456, 458, 459, 463, 467, 469, 471, 473, 476, 477,
    480, 482, 484, 486, 492, 493, 497, 501, 502, 504, 505, 530, 532, 538, 548,
    554, 558, 560, 561, 563, 567, 568, 577, 586, 598, 600, 605, 608, 614, 624,
    627, 629, 632, 633, 634, 640, 645, 646, 651, 652, 653, 654, 656, 657, 671,
    674, 676, 677, 678, 687, 690, 695, 696, 698, 703, 705, 718, 719, 722, 724,
    728, 737, 739, 744, 745, 749, 757, 761, 768, 774, 776, 778, 781
[1] 0, 2, 4, 7, 27, 29, 34, 49, 50, 53, 55, 57, 64, 65, 68, 70, 71, 75, 79,
    81, 82, 85, 89, 94, 98, 101, 107, 119, 123, 125, 132, 134, 138, 142, 145,
    148, 156, 162, 168, 170, 180, 186, 188, 191, 193, 195, 203, 205, 206, 208,
    211, 214, 216, 222, 223, 231, 237, 239, 243, 244, 255, 263, 267, 271, 275,
    276, 277, 278, 279, 281, 287, 299, 303, 309, 310, 314, 317, 327, 329, 336,
    337, 352, 357, 361, 362, 364, 365, 377, 380, 396, 399, 401, 404, 406, 408,
    409, 411, 419, 426, 427, 434, 437, 440, 442, 447, 448, 452, 460, 461, 487,
    491, 503, 508, 517, 519, 523, 526, 528, 531, 540, 549, 556, 562, 570, 574,
    575, 579, 582, 588, 589, 590, 593, 594, 602, 610, 611, 613, 617, 620, 622,
    626, 630, 638, 642, 644, 647, 659, 666, 667, 672, 679, 682, 686, 688, 694,
    700, 701, 707, 709, 711, 712, 717, 721, 725, 732, 741, 743, 746, 748, 751,
    752, 754, 760
[2] 1, 11, 14, 16, 18, 28, 32, 39, 43, 52, 54, 61, 66, 76, 80, 83, 87, 97,
    104, 106, 110, 124, 127, 129, 136, 139, 141, 151, 153, 155, 166, 172, 185,
    192, 194, 215, 221, 233, 236, 238, 240, 242, 245, 247, 252, 254, 269, 286,
    291, 297, 300, 302, 304, 306, 316, 318, 320, 326, 335, 339, 343, 345, 353,
    356, 363, 376, 381, 383, 385, 398, 400, 405, 416, 423, 435, 441, 444, 449,
    457, 465, 470, 479, 488, 490, 494, 498, 516, 518, 522, 525, 527, 533, 535,
    537, 542, 550, 555, 559, 566, 576, 578, 592, 595, 601, 612, 621, 623, 625,
    631, 635, 639, 648, 655, 658, 665, 673, 680, 683, 691, 697, 699, 702, 706,
    708, 710, 720, 726, 731, 740, 742, 750, 753, 756, 759, 765, 769, 777, 780
[3] 3, 6, 8, 20, 23, 25, 30, 36, 41, 46, 63, 69, 74, 93, 95, 99, 102, 114,
    116, 118, 120, 122, 131, 147, 157, 159, 161, 163, 169, 174, 176, 181, 189,
    197, 202, 204, 207, 209, 212, 217, 219, 224, 226, 228, 250, 257, 259, 261,
    264, 266, 273, 280, 282, 284, 293, 295, 308, 311, 313, 328, 332, 341, 347,
    351, 366, 368, 370, 372, 374, 379, 387, 391, 393, 395, 410, 413, 421, 438,
    446, 454, 462, 468, 472, 483, 485, 496, 506, 509, 511, 514, 520, 529, 539,
    546, 557, 571, 580, 583, 587, 597, 599, 604, 606, 609, 616, 619, 628, 637,
    641, 643, 650, 661, 663, 668, 670, 675, 689, 693, 704, 714, 716, 723, 729,
    733, 736, 738, 747, 763, 767, 772, 775, 782
[4] 10, 17, 38, 45, 47, 48, 78, 86, 91, 105, 130, 135, 144, 158, 164, 177,
    182, 196, 198, 199, 201, 213, 220, 227, 229, 230, 232, 253, 256, 272, 274,
    285, 288, 292, 301, 321, 349, 350, 355, 358, 382, 417, 418, 420, 436, 439,
    445, 451, 453, 466, 475, 478, 495, 512, 513, 515, 524, 541, 545, 551, 553,
    569, 572, 573, 584, 585, 603, 607, 615, 618, 636, 660, 662, 664, 684, 692,
    713, 727, 755, 758, 762, 764, 766
[5] 24, 31, 44, 51, 56, 58, 59, 67, 72, 73, 77, 84, 96, 109, 112, 113, 115,
    117, 143, 149, 150, 160, 178, 190, 200, 234, 246, 248, 283, 290, 294, 305,
    312, 315, 325, 331, 333, 344, 390, 394, 403, 425, 430, 464, 474, 481, 489,
    499, 500, 507, 510, 521, 534, 536, 543, 544, 547, 552, 564, 565, 581, 591,
    596, 649, 669, 681, 685, 715, 730, 734, 735, 770, 771, 773, 779, 783

Reassigned labels

Runtime: 0.48846864700317383

Performance split_log:

IM without threshold:
Map:
{"Q_0": "Q", "Q_1": "Q", "Q_2": "Q", "Q_3": "Q", "Q_4": "Q", "Q_5": "Q"}
token_fitness
{"perc_fit_traces": 100.0, "average_trace_fitness": 1.0, "log_fitness": 1.0, "percentage_of_fitting_traces": 100.0}
precision
0.7274419181736407
0.6744186046511628
generalization
0.9504545664312365

Adjusted Rand Index:
0.7353577236585614



Parameters of this run:

Window size: 1
Threshold for edges: 1
Split candidates: Q
Max number of traces: 5000000
Method for distance calculation: Distance.EDIT_DISTANCE
Method for finding clusters: ClusteringMethod.COMMUNITY_DETECTION
Original log location: ./data/noImprInLoop_default_OD\feb17-0936\logs\D_1_LogD_Sequence_feb17-0936.xes.gz
Use frequency: True

Found communities: 

Clustering with 784 elements and 6 clusters
[0] 5, 9, 12, 13, 15, 19, 21, 22, 26, 33, 35, 37, 40, 42, 60, 62, 88, 90, 92,
    100, 103, 108, 111, 121, 126, 128, 133, 137, 140, 146, 152, 154, 165, 167,
    171, 173, 175, 179, 183, 184, 187, 210, 218, 225, 235, 241, 249, 251, 258,
    260, 262, 265, 268, 270, 289, 296, 298, 307, 319, 322, 323, 324, 330, 334,
    338, 340, 342, 346, 348, 354, 359, 360, 367, 369, 371, 373, 375, 378, 384,
    386, 388, 389, 392, 397, 402, 407, 412, 414, 415, 422, 424, 428, 429, 431,
    432, 433, 443, 450, 455, 456, 458, 459, 463, 467, 469, 471, 473, 476, 477,
    480, 482, 484, 486, 492, 493, 497, 501, 502, 504, 505, 530, 532, 538, 548,
    554, 558, 560, 561, 563, 567, 568, 577, 586, 598, 600, 605, 608, 614, 624,
    627, 629, 632, 633, 634, 640, 645, 646, 651, 652, 653, 654, 656, 657, 671,
    674, 676, 677, 678, 687, 690, 695, 696, 698, 703, 705, 718, 719, 722, 724,
    728, 737, 739, 744, 745, 749, 757, 761, 768, 774, 776, 778, 781
[1] 0, 2, 4, 7, 27, 29, 34, 49, 50, 53, 55, 57, 64, 65, 68, 70, 71, 75, 79,
    81, 82, 85, 89, 94, 98, 101, 107, 119, 123, 125, 132, 134, 138, 142, 145,
    148, 156, 162, 168, 170, 180, 186, 188, 191, 193, 195, 203, 205, 206, 208,
    211, 214, 216, 222, 223, 231, 237, 239, 243, 244, 255, 263, 267, 271, 275,
    276, 277, 278, 279, 281, 287, 299, 303, 309, 310, 314, 317, 327, 329, 336,
    337, 352, 357, 361, 362, 364, 365, 377, 380, 396, 399, 401, 404, 406, 408,
    409, 411, 419, 426, 427, 434, 437, 440, 442, 447, 448, 452, 460, 461, 487,
    491, 503, 508, 517, 519, 523, 526, 528, 531, 540, 549, 556, 562, 570, 574,
    575, 579, 582, 588, 589, 590, 593, 594, 602, 610, 611, 613, 617, 620, 622,
    626, 630, 638, 642, 644, 647, 659, 666, 667, 672, 679, 682, 686, 688, 694,
    700, 701, 707, 709, 711, 712, 717, 721, 725, 732, 741, 743, 746, 748, 751,
    752, 754, 760
[2] 1, 11, 14, 16, 18, 28, 32, 39, 43, 52, 54, 61, 66, 76, 80, 83, 87, 97,
    104, 106, 110, 124, 127, 129, 136, 139, 141, 151, 153, 155, 166, 172, 185,
    192, 194, 215, 221, 233, 236, 238, 240, 242, 245, 247, 252, 254, 269, 286,
    291, 297, 300, 302, 304, 306, 316, 318, 320, 326, 335, 339, 343, 345, 353,
    356, 363, 376, 381, 383, 385, 398, 400, 405, 416, 423, 435, 441, 444, 449,
    457, 465, 470, 479, 488, 490, 494, 498, 516, 518, 522, 525, 527, 533, 535,
    537, 542, 550, 555, 559, 566, 576, 578, 592, 595, 601, 612, 621, 623, 625,
    631, 635, 639, 648, 655, 658, 665, 673, 680, 683, 691, 697, 699, 702, 706,
    708, 710, 720, 726, 731, 740, 742, 750, 753, 756, 759, 765, 769, 777, 780
[3] 3, 6, 8, 20, 23, 25, 30, 36, 41, 46, 63, 69, 74, 93, 95, 99, 102, 114,
    116, 118, 120, 122, 131, 147, 157, 159, 161, 163, 169, 174, 176, 181, 189,
    197, 202, 204, 207, 209, 212, 217, 219, 224, 226, 228, 250, 257, 259, 261,
    264, 266, 273, 280, 282, 284, 293, 295, 308, 311, 313, 328, 332, 341, 347,
    351, 366, 368, 370, 372, 374, 379, 387, 391, 393, 395, 410, 413, 421, 438,
    446, 454, 462, 468, 472, 483, 485, 496, 506, 509, 511, 514, 520, 529, 539,
    546, 557, 571, 580, 583, 587, 597, 599, 604, 606, 609, 616, 619, 628, 637,
    641, 643, 650, 661, 663, 668, 670, 675, 689, 693, 704, 714, 716, 723, 729,
    733, 736, 738, 747, 763, 767, 772, 775, 782
[4] 10, 17, 38, 45, 47, 48, 78, 86, 91, 105, 130, 135, 144, 158, 164, 177,
    182, 196, 198, 199, 201, 213, 220, 227, 229, 230, 232, 253, 256, 272, 274,
    285, 288, 292, 301, 321, 349, 350, 355, 358, 382, 417, 418, 420, 436, 439,
    445, 451, 453, 466, 475, 478, 495, 512, 513, 515, 524, 541, 545, 551, 553,
    569, 572, 573, 584, 585, 603, 607, 615, 618, 636, 660, 662, 664, 684, 692,
    713, 727, 755, 758, 762, 764, 766
[5] 24, 31, 44, 51, 56, 58, 59, 67, 72, 73, 77, 84, 96, 109, 112, 113, 115,
    117, 143, 149, 150, 160, 178, 190, 200, 234, 246, 248, 283, 290, 294, 305,
    312, 315, 325, 331, 333, 344, 390, 394, 403, 425, 430, 464, 474, 481, 489,
    499, 500, 507, 510, 521, 534, 536, 543, 544, 547, 552, 564, 565, 581, 591,
    596, 649, 669, 681, 685, 715, 730, 734, 735, 770, 771, 773, 779, 783

Reassigned labels

Runtime: 0.40698862075805664

Performance split_log:

IM without threshold:
Map:
{"Q_0": "Q", "Q_1": "Q", "Q_2": "Q", "Q_3": "Q", "Q_4": "Q", "Q_5": "Q"}
token_fitness
{"perc_fit_traces": 64.0, "average_trace_fitness": 0.9768666621842745, "log_fitness": 0.978471524143443, "percentage_of_fitting_traces": 64.0}
precision
0.7449911555539511
0.6744186046511628
generalization
0.9186050448323256

Adjusted Rand Index:
0.7353577236585614



Parameters of this run:

Window size: 1
Threshold for edges: 0
Split candidates: Q
Max number of traces: 5000000
Method for distance calculation: Distance.SET_DISTANCE
Method for finding clusters: ClusteringMethod.COMMUNITY_DETECTION
Original log location: ./data/noImprInLoop_default_OD\feb17-0936\logs\D_1_LogD_Sequence_feb17-0936.xes.gz
Use frequency: True

Found communities: 

Clustering with 784 elements and 6 clusters
[0] 5, 9, 12, 13, 15, 19, 21, 22, 26, 33, 35, 37, 40, 42, 60, 62, 88, 90, 92,
    100, 103, 108, 111, 121, 126, 128, 133, 137, 140, 146, 152, 154, 165, 167,
    171, 173, 175, 179, 183, 184, 187, 210, 218, 225, 235, 241, 249, 251, 258,
    260, 262, 265, 268, 270, 289, 296, 298, 307, 319, 322, 323, 324, 330, 334,
    338, 340, 342, 346, 348, 354, 359, 360, 367, 369, 371, 373, 375, 378, 384,
    386, 388, 389, 392, 397, 402, 407, 412, 414, 415, 422, 424, 428, 429, 431,
    432, 433, 443, 450, 455, 456, 458, 459, 463, 467, 469, 471, 473, 476, 477,
    480, 482, 484, 486, 492, 493, 497, 501, 502, 504, 505, 530, 532, 538, 548,
    554, 558, 560, 561, 563, 567, 568, 577, 586, 598, 600, 605, 608, 614, 624,
    627, 629, 632, 633, 634, 640, 645, 646, 651, 652, 653, 654, 656, 657, 671,
    674, 676, 677, 678, 687, 690, 695, 696, 698, 703, 705, 718, 719, 722, 724,
    728, 737, 739, 744, 745, 749, 757, 761, 768, 774, 776, 778, 781
[1] 0, 2, 4, 7, 27, 29, 34, 49, 50, 53, 55, 57, 64, 65, 68, 70, 71, 75, 79,
    81, 82, 85, 89, 94, 98, 101, 107, 119, 123, 125, 132, 134, 138, 142, 145,
    148, 156, 162, 168, 170, 180, 186, 188, 191, 193, 195, 203, 205, 206, 208,
    211, 214, 216, 222, 223, 231, 237, 239, 243, 244, 255, 263, 267, 271, 275,
    276, 277, 278, 279, 281, 287, 299, 303, 309, 310, 314, 317, 327, 329, 336,
    337, 352, 357, 361, 362, 364, 365, 377, 380, 396, 399, 401, 404, 406, 408,
    409, 411, 419, 426, 427, 434, 437, 440, 442, 447, 448, 452, 460, 461, 487,
    491, 503, 508, 517, 519, 523, 526, 528, 531, 540, 549, 556, 562, 570, 574,
    575, 579, 582, 588, 589, 590, 593, 594, 602, 610, 611, 613, 617, 620, 622,
    626, 630, 638, 642, 644, 647, 659, 666, 667, 672, 679, 682, 686, 688, 694,
    700, 701, 707, 709, 711, 712, 717, 721, 725, 732, 741, 743, 746, 748, 751,
    752, 754, 760
[2] 1, 11, 14, 16, 18, 28, 32, 39, 43, 52, 54, 61, 66, 76, 80, 83, 87, 97,
    104, 106, 110, 124, 127, 129, 136, 139, 141, 151, 153, 155, 166, 172, 185,
    192, 194, 215, 221, 233, 236, 238, 240, 242, 245, 247, 252, 254, 269, 286,
    291, 297, 300, 302, 304, 306, 316, 318, 320, 326, 335, 339, 343, 345, 353,
    356, 363, 376, 381, 383, 385, 398, 400, 405, 416, 423, 435, 441, 444, 449,
    457, 465, 470, 479, 488, 490, 494, 498, 516, 518, 522, 525, 527, 533, 535,
    537, 542, 550, 555, 559, 566, 576, 578, 592, 595, 601, 612, 621, 623, 625,
    631, 635, 639, 648, 655, 658, 665, 673, 680, 683, 691, 697, 699, 702, 706,
    708, 710, 720, 726, 731, 740, 742, 750, 753, 756, 759, 765, 769, 777, 780
[3] 3, 6, 8, 20, 23, 25, 30, 36, 41, 46, 63, 69, 74, 93, 95, 99, 102, 114,
    116, 118, 120, 122, 131, 147, 157, 159, 161, 163, 169, 174, 176, 181, 189,
    197, 202, 204, 207, 209, 212, 217, 219, 224, 226, 228, 250, 257, 259, 261,
    264, 266, 273, 280, 282, 284, 293, 295, 308, 311, 313, 328, 332, 341, 347,
    351, 366, 368, 370, 372, 374, 379, 387, 391, 393, 395, 410, 413, 421, 438,
    446, 454, 462, 468, 472, 483, 485, 496, 506, 509, 511, 514, 520, 529, 539,
    546, 557, 571, 580, 583, 587, 597, 599, 604, 606, 609, 616, 619, 628, 637,
    641, 643, 650, 661, 663, 668, 670, 675, 689, 693, 704, 714, 716, 723, 729,
    733, 736, 738, 747, 763, 767, 772, 775, 782
[4] 10, 17, 38, 45, 47, 48, 78, 86, 91, 105, 130, 135, 144, 158, 164, 177,
    182, 196, 198, 199, 201, 213, 220, 227, 229, 230, 232, 253, 256, 272, 274,
    285, 288, 292, 301, 321, 349, 350, 355, 358, 382, 417, 418, 420, 436, 439,
    445, 451, 453, 466, 475, 478, 495, 512, 513, 515, 524, 541, 545, 551, 553,
    569, 572, 573, 584, 585, 603, 607, 615, 618, 636, 660, 662, 664, 684, 692,
    713, 727, 755, 758, 762, 764, 766
[5] 24, 31, 44, 51, 56, 58, 59, 67, 72, 73, 77, 84, 96, 109, 112, 113, 115,
    117, 143, 149, 150, 160, 178, 190, 200, 234, 246, 248, 283, 290, 294, 305,
    312, 315, 325, 331, 333, 344, 390, 394, 403, 425, 430, 464, 474, 481, 489,
    499, 500, 507, 510, 521, 534, 536, 543, 544, 547, 552, 564, 565, 581, 591,
    596, 649, 669, 681, 685, 715, 730, 734, 735, 770, 771, 773, 779, 783

Reassigned labels

Runtime: 0.4934368133544922

Performance split_log:

IM without threshold:
Map:
{"Q_0": "Q", "Q_1": "Q", "Q_2": "Q", "Q_3": "Q", "Q_4": "Q", "Q_5": "Q"}
token_fitness
{"perc_fit_traces": 64.0, "average_trace_fitness": 0.9689648026648336, "log_fitness": 0.970594381201922, "percentage_of_fitting_traces": 64.0}
precision
0.7449911555539511
0.6744186046511628
generalization
0.9202684900250377

Adjusted Rand Index:
0.7353577236585614



Parameters of this run:

Window size: 1
Threshold for edges: 0.25
Split candidates: Q
Max number of traces: 5000000
Method for distance calculation: Distance.SET_DISTANCE
Method for finding clusters: ClusteringMethod.COMMUNITY_DETECTION
Original log location: ./data/noImprInLoop_default_OD\feb17-0936\logs\D_1_LogD_Sequence_feb17-0936.xes.gz
Use frequency: True

Found communities: 

Clustering with 784 elements and 6 clusters
[0] 5, 9, 12, 13, 15, 19, 21, 22, 26, 33, 35, 37, 40, 42, 60, 62, 88, 90, 92,
    100, 103, 108, 111, 121, 126, 128, 133, 137, 140, 146, 152, 154, 165, 167,
    171, 173, 175, 179, 183, 184, 187, 210, 218, 225, 235, 241, 249, 251, 258,
    260, 262, 265, 268, 270, 289, 296, 298, 307, 319, 322, 323, 324, 330, 334,
    338, 340, 342, 346, 348, 354, 359, 360, 367, 369, 371, 373, 375, 378, 384,
    386, 388, 389, 392, 397, 402, 407, 412, 414, 415, 422, 424, 428, 429, 431,
    432, 433, 443, 450, 455, 456, 458, 459, 463, 467, 469, 471, 473, 476, 477,
    480, 482, 484, 486, 492, 493, 497, 501, 502, 504, 505, 530, 532, 538, 548,
    554, 558, 560, 561, 563, 567, 568, 577, 586, 598, 600, 605, 608, 614, 624,
    627, 629, 632, 633, 634, 640, 645, 646, 651, 652, 653, 654, 656, 657, 671,
    674, 676, 677, 678, 687, 690, 695, 696, 698, 703, 705, 718, 719, 722, 724,
    728, 737, 739, 744, 745, 749, 757, 761, 768, 774, 776, 778, 781
[1] 0, 2, 4, 7, 27, 29, 34, 49, 50, 53, 55, 57, 64, 65, 68, 70, 71, 75, 79,
    81, 82, 85, 89, 94, 98, 101, 107, 119, 123, 125, 132, 134, 138, 142, 145,
    148, 156, 162, 168, 170, 180, 186, 188, 191, 193, 195, 203, 205, 206, 208,
    211, 214, 216, 222, 223, 231, 237, 239, 243, 244, 255, 263, 267, 271, 275,
    276, 277, 278, 279, 281, 287, 299, 303, 309, 310, 314, 317, 327, 329, 336,
    337, 352, 357, 361, 362, 364, 365, 377, 380, 396, 399, 401, 404, 406, 408,
    409, 411, 419, 426, 427, 434, 437, 440, 442, 447, 448, 452, 460, 461, 487,
    491, 503, 508, 517, 519, 523, 526, 528, 531, 540, 549, 556, 562, 570, 574,
    575, 579, 582, 588, 589, 590, 593, 594, 602, 610, 611, 613, 617, 620, 622,
    626, 630, 638, 642, 644, 647, 659, 666, 667, 672, 679, 682, 686, 688, 694,
    700, 701, 707, 709, 711, 712, 717, 721, 725, 732, 741, 743, 746, 748, 751,
    752, 754, 760
[2] 1, 11, 14, 16, 18, 28, 32, 39, 43, 52, 54, 61, 66, 76, 80, 83, 87, 97,
    104, 106, 110, 124, 127, 129, 136, 139, 141, 151, 153, 155, 166, 172, 185,
    192, 194, 215, 221, 233, 236, 238, 240, 242, 245, 247, 252, 254, 269, 286,
    291, 297, 300, 302, 304, 306, 316, 318, 320, 326, 335, 339, 343, 345, 353,
    356, 363, 376, 381, 383, 385, 398, 400, 405, 416, 423, 435, 441, 444, 449,
    457, 465, 470, 479, 488, 490, 494, 498, 516, 518, 522, 525, 527, 533, 535,
    537, 542, 550, 555, 559, 566, 576, 578, 592, 595, 601, 612, 621, 623, 625,
    631, 635, 639, 648, 655, 658, 665, 673, 680, 683, 691, 697, 699, 702, 706,
    708, 710, 720, 726, 731, 740, 742, 750, 753, 756, 759, 765, 769, 777, 780
[3] 3, 6, 8, 20, 23, 25, 30, 36, 41, 46, 63, 69, 74, 93, 95, 99, 102, 114,
    116, 118, 120, 122, 131, 147, 157, 159, 161, 163, 169, 174, 176, 181, 189,
    197, 202, 204, 207, 209, 212, 217, 219, 224, 226, 228, 250, 257, 259, 261,
    264, 266, 273, 280, 282, 284, 293, 295, 308, 311, 313, 328, 332, 341, 347,
    351, 366, 368, 370, 372, 374, 379, 387, 391, 393, 395, 410, 413, 421, 438,
    446, 454, 462, 468, 472, 483, 485, 496, 506, 509, 511, 514, 520, 529, 539,
    546, 557, 571, 580, 583, 587, 597, 599, 604, 606, 609, 616, 619, 628, 637,
    641, 643, 650, 661, 663, 668, 670, 675, 689, 693, 704, 714, 716, 723, 729,
    733, 736, 738, 747, 763, 767, 772, 775, 782
[4] 10, 17, 38, 45, 47, 48, 78, 86, 91, 105, 130, 135, 144, 158, 164, 177,
    182, 196, 198, 199, 201, 213, 220, 227, 229, 230, 232, 253, 256, 272, 274,
    285, 288, 292, 301, 321, 349, 350, 355, 358, 382, 417, 418, 420, 436, 439,
    445, 451, 453, 466, 475, 478, 495, 512, 513, 515, 524, 541, 545, 551, 553,
    569, 572, 573, 584, 585, 603, 607, 615, 618, 636, 660, 662, 664, 684, 692,
    713, 727, 755, 758, 762, 764, 766
[5] 24, 31, 44, 51, 56, 58, 59, 67, 72, 73, 77, 84, 96, 109, 112, 113, 115,
    117, 143, 149, 150, 160, 178, 190, 200, 234, 246, 248, 283, 290, 294, 305,
    312, 315, 325, 331, 333, 344, 390, 394, 403, 425, 430, 464, 474, 481, 489,
    499, 500, 507, 510, 521, 534, 536, 543, 544, 547, 552, 564, 565, 581, 591,
    596, 649, 669, 681, 685, 715, 730, 734, 735, 770, 771, 773, 779, 783

Reassigned labels

Runtime: 0.5120198726654053

Performance split_log:

IM without threshold:
Map:
{"Q_0": "Q", "Q_1": "Q", "Q_2": "Q", "Q_3": "Q", "Q_4": "Q", "Q_5": "Q"}
token_fitness
{"perc_fit_traces": 64.0, "average_trace_fitness": 0.9829256335168814, "log_fitness": 0.983178244688776, "percentage_of_fitting_traces": 64.0}
precision
0.7110245554614734
0.6744186046511628
generalization
0.9231365125147952

Adjusted Rand Index:
0.7353577236585614



Parameters of this run:

Window size: 1
Threshold for edges: 0.5
Split candidates: Q
Max number of traces: 5000000
Method for distance calculation: Distance.SET_DISTANCE
Method for finding clusters: ClusteringMethod.COMMUNITY_DETECTION
Original log location: ./data/noImprInLoop_default_OD\feb17-0936\logs\D_1_LogD_Sequence_feb17-0936.xes.gz
Use frequency: True

Found communities: 

Clustering with 784 elements and 6 clusters
[0] 5, 9, 12, 13, 15, 19, 21, 22, 26, 33, 35, 37, 40, 42, 60, 62, 88, 90, 92,
    100, 103, 108, 111, 121, 126, 128, 133, 137, 140, 146, 152, 154, 165, 167,
    171, 173, 175, 179, 183, 184, 187, 210, 218, 225, 235, 241, 249, 251, 258,
    260, 262, 265, 268, 270, 289, 296, 298, 307, 319, 322, 323, 324, 330, 334,
    338, 340, 342, 346, 348, 354, 359, 360, 367, 369, 371, 373, 375, 378, 384,
    386, 388, 389, 392, 397, 402, 407, 412, 414, 415, 422, 424, 428, 429, 431,
    432, 433, 443, 450, 455, 456, 458, 459, 463, 467, 469, 471, 473, 476, 477,
    480, 482, 484, 486, 492, 493, 497, 501, 502, 504, 505, 530, 532, 538, 548,
    554, 558, 560, 561, 563, 567, 568, 577, 586, 598, 600, 605, 608, 614, 624,
    627, 629, 632, 633, 634, 640, 645, 646, 651, 652, 653, 654, 656, 657, 671,
    674, 676, 677, 678, 687, 690, 695, 696, 698, 703, 705, 718, 719, 722, 724,
    728, 737, 739, 744, 745, 749, 757, 761, 768, 774, 776, 778, 781
[1] 0, 2, 4, 7, 27, 29, 34, 49, 50, 53, 55, 57, 64, 65, 68, 70, 71, 75, 79,
    81, 82, 85, 89, 94, 98, 101, 107, 119, 123, 125, 132, 134, 138, 142, 145,
    148, 156, 162, 168, 170, 180, 186, 188, 191, 193, 195, 203, 205, 206, 208,
    211, 214, 216, 222, 223, 231, 237, 239, 243, 244, 255, 263, 267, 271, 275,
    276, 277, 278, 279, 281, 287, 299, 303, 309, 310, 314, 317, 327, 329, 336,
    337, 352, 357, 361, 362, 364, 365, 377, 380, 396, 399, 401, 404, 406, 408,
    409, 411, 419, 426, 427, 434, 437, 440, 442, 447, 448, 452, 460, 461, 487,
    491, 503, 508, 517, 519, 523, 526, 528, 531, 540, 549, 556, 562, 570, 574,
    575, 579, 582, 588, 589, 590, 593, 594, 602, 610, 611, 613, 617, 620, 622,
    626, 630, 638, 642, 644, 647, 659, 666, 667, 672, 679, 682, 686, 688, 694,
    700, 701, 707, 709, 711, 712, 717, 721, 725, 732, 741, 743, 746, 748, 751,
    752, 754, 760
[2] 1, 11, 14, 16, 18, 28, 32, 39, 43, 52, 54, 61, 66, 76, 80, 83, 87, 97,
    104, 106, 110, 124, 127, 129, 136, 139, 141, 151, 153, 155, 166, 172, 185,
    192, 194, 215, 221, 233, 236, 238, 240, 242, 245, 247, 252, 254, 269, 286,
    291, 297, 300, 302, 304, 306, 316, 318, 320, 326, 335, 339, 343, 345, 353,
    356, 363, 376, 381, 383, 385, 398, 400, 405, 416, 423, 435, 441, 444, 449,
    457, 465, 470, 479, 488, 490, 494, 498, 516, 518, 522, 525, 527, 533, 535,
    537, 542, 550, 555, 559, 566, 576, 578, 592, 595, 601, 612, 621, 623, 625,
    631, 635, 639, 648, 655, 658, 665, 673, 680, 683, 691, 697, 699, 702, 706,
    708, 710, 720, 726, 731, 740, 742, 750, 753, 756, 759, 765, 769, 777, 780
[3] 3, 6, 8, 20, 23, 25, 30, 36, 41, 46, 63, 69, 74, 93, 95, 99, 102, 114,
    116, 118, 120, 122, 131, 147, 157, 159, 161, 163, 169, 174, 176, 181, 189,
    197, 202, 204, 207, 209, 212, 217, 219, 224, 226, 228, 250, 257, 259, 261,
    264, 266, 273, 280, 282, 284, 293, 295, 308, 311, 313, 328, 332, 341, 347,
    351, 366, 368, 370, 372, 374, 379, 387, 391, 393, 395, 410, 413, 421, 438,
    446, 454, 462, 468, 472, 483, 485, 496, 506, 509, 511, 514, 520, 529, 539,
    546, 557, 571, 580, 583, 587, 597, 599, 604, 606, 609, 616, 619, 628, 637,
    641, 643, 650, 661, 663, 668, 670, 675, 689, 693, 704, 714, 716, 723, 729,
    733, 736, 738, 747, 763, 767, 772, 775, 782
[4] 10, 17, 38, 45, 47, 48, 78, 86, 91, 105, 130, 135, 144, 158, 164, 177,
    182, 196, 198, 199, 201, 213, 220, 227, 229, 230, 232, 253, 256, 272, 274,
    285, 288, 292, 301, 321, 349, 350, 355, 358, 382, 417, 418, 420, 436, 439,
    445, 451, 453, 466, 475, 478, 495, 512, 513, 515, 524, 541, 545, 551, 553,
    569, 572, 573, 584, 585, 603, 607, 615, 618, 636, 660, 662, 664, 684, 692,
    713, 727, 755, 758, 762, 764, 766
[5] 24, 31, 44, 51, 56, 58, 59, 67, 72, 73, 77, 84, 96, 109, 112, 113, 115,
    117, 143, 149, 150, 160, 178, 190, 200, 234, 246, 248, 283, 290, 294, 305,
    312, 315, 325, 331, 333, 344, 390, 394, 403, 425, 430, 464, 474, 481, 489,
    499, 500, 507, 510, 521, 534, 536, 543, 544, 547, 552, 564, 565, 581, 591,
    596, 649, 669, 681, 685, 715, 730, 734, 735, 770, 771, 773, 779, 783

Reassigned labels

Runtime: 0.49317336082458496

Performance split_log:

IM without threshold:
Map:
{"Q_0": "Q", "Q_1": "Q", "Q_2": "Q", "Q_3": "Q", "Q_4": "Q", "Q_5": "Q"}
token_fitness
{"perc_fit_traces": 100.0, "average_trace_fitness": 1.0, "log_fitness": 1.0, "percentage_of_fitting_traces": 100.0}
precision
0.7274419181736407
0.6744186046511628
generalization
0.9504545664312365

Adjusted Rand Index:
0.7353577236585614



Parameters of this run:

Window size: 1
Threshold for edges: 0.75
Split candidates: Q
Max number of traces: 5000000
Method for distance calculation: Distance.SET_DISTANCE
Method for finding clusters: ClusteringMethod.COMMUNITY_DETECTION
Original log location: ./data/noImprInLoop_default_OD\feb17-0936\logs\D_1_LogD_Sequence_feb17-0936.xes.gz
Use frequency: True

Found communities: 

Clustering with 784 elements and 6 clusters
[0] 5, 9, 12, 13, 15, 19, 21, 22, 26, 33, 35, 37, 40, 42, 60, 62, 88, 90, 92,
    100, 103, 108, 111, 121, 126, 128, 133, 137, 140, 146, 152, 154, 165, 167,
    171, 173, 175, 179, 183, 184, 187, 210, 218, 225, 235, 241, 249, 251, 258,
    260, 262, 265, 268, 270, 289, 296, 298, 307, 319, 322, 323, 324, 330, 334,
    338, 340, 342, 346, 348, 354, 359, 360, 367, 369, 371, 373, 375, 378, 384,
    386, 388, 389, 392, 397, 402, 407, 412, 414, 415, 422, 424, 428, 429, 431,
    432, 433, 443, 450, 455, 456, 458, 459, 463, 467, 469, 471, 473, 476, 477,
    480, 482, 484, 486, 492, 493, 497, 501, 502, 504, 505, 530, 532, 538, 548,
    554, 558, 560, 561, 563, 567, 568, 577, 586, 598, 600, 605, 608, 614, 624,
    627, 629, 632, 633, 634, 640, 645, 646, 651, 652, 653, 654, 656, 657, 671,
    674, 676, 677, 678, 687, 690, 695, 696, 698, 703, 705, 718, 719, 722, 724,
    728, 737, 739, 744, 745, 749, 757, 761, 768, 774, 776, 778, 781
[1] 0, 2, 4, 7, 27, 29, 34, 49, 50, 53, 55, 57, 64, 65, 68, 70, 71, 75, 79,
    81, 82, 85, 89, 94, 98, 101, 107, 119, 123, 125, 132, 134, 138, 142, 145,
    148, 156, 162, 168, 170, 180, 186, 188, 191, 193, 195, 203, 205, 206, 208,
    211, 214, 216, 222, 223, 231, 237, 239, 243, 244, 255, 263, 267, 271, 275,
    276, 277, 278, 279, 281, 287, 299, 303, 309, 310, 314, 317, 327, 329, 336,
    337, 352, 357, 361, 362, 364, 365, 377, 380, 396, 399, 401, 404, 406, 408,
    409, 411, 419, 426, 427, 434, 437, 440, 442, 447, 448, 452, 460, 461, 487,
    491, 503, 508, 517, 519, 523, 526, 528, 531, 540, 549, 556, 562, 570, 574,
    575, 579, 582, 588, 589, 590, 593, 594, 602, 610, 611, 613, 617, 620, 622,
    626, 630, 638, 642, 644, 647, 659, 666, 667, 672, 679, 682, 686, 688, 694,
    700, 701, 707, 709, 711, 712, 717, 721, 725, 732, 741, 743, 746, 748, 751,
    752, 754, 760
[2] 1, 11, 14, 16, 18, 28, 32, 39, 43, 52, 54, 61, 66, 76, 80, 83, 87, 97,
    104, 106, 110, 124, 127, 129, 136, 139, 141, 151, 153, 155, 166, 172, 185,
    192, 194, 215, 221, 233, 236, 238, 240, 242, 245, 247, 252, 254, 269, 286,
    291, 297, 300, 302, 304, 306, 316, 318, 320, 326, 335, 339, 343, 345, 353,
    356, 363, 376, 381, 383, 385, 398, 400, 405, 416, 423, 435, 441, 444, 449,
    457, 465, 470, 479, 488, 490, 494, 498, 516, 518, 522, 525, 527, 533, 535,
    537, 542, 550, 555, 559, 566, 576, 578, 592, 595, 601, 612, 621, 623, 625,
    631, 635, 639, 648, 655, 658, 665, 673, 680, 683, 691, 697, 699, 702, 706,
    708, 710, 720, 726, 731, 740, 742, 750, 753, 756, 759, 765, 769, 777, 780
[3] 3, 6, 8, 20, 23, 25, 30, 36, 41, 46, 63, 69, 74, 93, 95, 99, 102, 114,
    116, 118, 120, 122, 131, 147, 157, 159, 161, 163, 169, 174, 176, 181, 189,
    197, 202, 204, 207, 209, 212, 217, 219, 224, 226, 228, 250, 257, 259, 261,
    264, 266, 273, 280, 282, 284, 293, 295, 308, 311, 313, 328, 332, 341, 347,
    351, 366, 368, 370, 372, 374, 379, 387, 391, 393, 395, 410, 413, 421, 438,
    446, 454, 462, 468, 472, 483, 485, 496, 506, 509, 511, 514, 520, 529, 539,
    546, 557, 571, 580, 583, 587, 597, 599, 604, 606, 609, 616, 619, 628, 637,
    641, 643, 650, 661, 663, 668, 670, 675, 689, 693, 704, 714, 716, 723, 729,
    733, 736, 738, 747, 763, 767, 772, 775, 782
[4] 10, 17, 38, 45, 47, 48, 78, 86, 91, 105, 130, 135, 144, 158, 164, 177,
    182, 196, 198, 199, 201, 213, 220, 227, 229, 230, 232, 253, 256, 272, 274,
    285, 288, 292, 301, 321, 349, 350, 355, 358, 382, 417, 418, 420, 436, 439,
    445, 451, 453, 466, 475, 478, 495, 512, 513, 515, 524, 541, 545, 551, 553,
    569, 572, 573, 584, 585, 603, 607, 615, 618, 636, 660, 662, 664, 684, 692,
    713, 727, 755, 758, 762, 764, 766
[5] 24, 31, 44, 51, 56, 58, 59, 67, 72, 73, 77, 84, 96, 109, 112, 113, 115,
    117, 143, 149, 150, 160, 178, 190, 200, 234, 246, 248, 283, 290, 294, 305,
    312, 315, 325, 331, 333, 344, 390, 394, 403, 425, 430, 464, 474, 481, 489,
    499, 500, 507, 510, 521, 534, 536, 543, 544, 547, 552, 564, 565, 581, 591,
    596, 649, 669, 681, 685, 715, 730, 734, 735, 770, 771, 773, 779, 783

Reassigned labels

Runtime: 0.3970766067504883

Performance split_log:

IM without threshold:
Map:
{"Q_0": "Q", "Q_1": "Q", "Q_2": "Q", "Q_3": "Q", "Q_4": "Q", "Q_5": "Q"}
token_fitness
{"perc_fit_traces": 100.0, "average_trace_fitness": 1.0, "log_fitness": 1.0, "percentage_of_fitting_traces": 100.0}
precision
0.7274419181736407
0.6744186046511628
generalization
0.9504545664312365

Adjusted Rand Index:
0.7353577236585614



Parameters of this run:

Window size: 1
Threshold for edges: 1
Split candidates: Q
Max number of traces: 5000000
Method for distance calculation: Distance.SET_DISTANCE
Method for finding clusters: ClusteringMethod.COMMUNITY_DETECTION
Original log location: ./data/noImprInLoop_default_OD\feb17-0936\logs\D_1_LogD_Sequence_feb17-0936.xes.gz
Use frequency: True

Found communities: 

Clustering with 784 elements and 6 clusters
[0] 5, 9, 12, 13, 15, 19, 21, 22, 26, 33, 35, 37, 40, 42, 60, 62, 88, 90, 92,
    100, 103, 108, 111, 121, 126, 128, 133, 137, 140, 146, 152, 154, 165, 167,
    171, 173, 175, 179, 183, 184, 187, 210, 218, 225, 235, 241, 249, 251, 258,
    260, 262, 265, 268, 270, 289, 296, 298, 307, 319, 322, 323, 324, 330, 334,
    338, 340, 342, 346, 348, 354, 359, 360, 367, 369, 371, 373, 375, 378, 384,
    386, 388, 389, 392, 397, 402, 407, 412, 414, 415, 422, 424, 428, 429, 431,
    432, 433, 443, 450, 455, 456, 458, 459, 463, 467, 469, 471, 473, 476, 477,
    480, 482, 484, 486, 492, 493, 497, 501, 502, 504, 505, 530, 532, 538, 548,
    554, 558, 560, 561, 563, 567, 568, 577, 586, 598, 600, 605, 608, 614, 624,
    627, 629, 632, 633, 634, 640, 645, 646, 651, 652, 653, 654, 656, 657, 671,
    674, 676, 677, 678, 687, 690, 695, 696, 698, 703, 705, 718, 719, 722, 724,
    728, 737, 739, 744, 745, 749, 757, 761, 768, 774, 776, 778, 781
[1] 0, 2, 4, 7, 27, 29, 34, 49, 50, 53, 55, 57, 64, 65, 68, 70, 71, 75, 79,
    81, 82, 85, 89, 94, 98, 101, 107, 119, 123, 125, 132, 134, 138, 142, 145,
    148, 156, 162, 168, 170, 180, 186, 188, 191, 193, 195, 203, 205, 206, 208,
    211, 214, 216, 222, 223, 231, 237, 239, 243, 244, 255, 263, 267, 271, 275,
    276, 277, 278, 279, 281, 287, 299, 303, 309, 310, 314, 317, 327, 329, 336,
    337, 352, 357, 361, 362, 364, 365, 377, 380, 396, 399, 401, 404, 406, 408,
    409, 411, 419, 426, 427, 434, 437, 440, 442, 447, 448, 452, 460, 461, 487,
    491, 503, 508, 517, 519, 523, 526, 528, 531, 540, 549, 556, 562, 570, 574,
    575, 579, 582, 588, 589, 590, 593, 594, 602, 610, 611, 613, 617, 620, 622,
    626, 630, 638, 642, 644, 647, 659, 666, 667, 672, 679, 682, 686, 688, 694,
    700, 701, 707, 709, 711, 712, 717, 721, 725, 732, 741, 743, 746, 748, 751,
    752, 754, 760
[2] 1, 11, 14, 16, 18, 28, 32, 39, 43, 52, 54, 61, 66, 76, 80, 83, 87, 97,
    104, 106, 110, 124, 127, 129, 136, 139, 141, 151, 153, 155, 166, 172, 185,
    192, 194, 215, 221, 233, 236, 238, 240, 242, 245, 247, 252, 254, 269, 286,
    291, 297, 300, 302, 304, 306, 316, 318, 320, 326, 335, 339, 343, 345, 353,
    356, 363, 376, 381, 383, 385, 398, 400, 405, 416, 423, 435, 441, 444, 449,
    457, 465, 470, 479, 488, 490, 494, 498, 516, 518, 522, 525, 527, 533, 535,
    537, 542, 550, 555, 559, 566, 576, 578, 592, 595, 601, 612, 621, 623, 625,
    631, 635, 639, 648, 655, 658, 665, 673, 680, 683, 691, 697, 699, 702, 706,
    708, 710, 720, 726, 731, 740, 742, 750, 753, 756, 759, 765, 769, 777, 780
[3] 3, 6, 8, 20, 23, 25, 30, 36, 41, 46, 63, 69, 74, 93, 95, 99, 102, 114,
    116, 118, 120, 122, 131, 147, 157, 159, 161, 163, 169, 174, 176, 181, 189,
    197, 202, 204, 207, 209, 212, 217, 219, 224, 226, 228, 250, 257, 259, 261,
    264, 266, 273, 280, 282, 284, 293, 295, 308, 311, 313, 328, 332, 341, 347,
    351, 366, 368, 370, 372, 374, 379, 387, 391, 393, 395, 410, 413, 421, 438,
    446, 454, 462, 468, 472, 483, 485, 496, 506, 509, 511, 514, 520, 529, 539,
    546, 557, 571, 580, 583, 587, 597, 599, 604, 606, 609, 616, 619, 628, 637,
    641, 643, 650, 661, 663, 668, 670, 675, 689, 693, 704, 714, 716, 723, 729,
    733, 736, 738, 747, 763, 767, 772, 775, 782
[4] 10, 17, 38, 45, 47, 48, 78, 86, 91, 105, 130, 135, 144, 158, 164, 177,
    182, 196, 198, 199, 201, 213, 220, 227, 229, 230, 232, 253, 256, 272, 274,
    285, 288, 292, 301, 321, 349, 350, 355, 358, 382, 417, 418, 420, 436, 439,
    445, 451, 453, 466, 475, 478, 495, 512, 513, 515, 524, 541, 545, 551, 553,
    569, 572, 573, 584, 585, 603, 607, 615, 618, 636, 660, 662, 664, 684, 692,
    713, 727, 755, 758, 762, 764, 766
[5] 24, 31, 44, 51, 56, 58, 59, 67, 72, 73, 77, 84, 96, 109, 112, 113, 115,
    117, 143, 149, 150, 160, 178, 190, 200, 234, 246, 248, 283, 290, 294, 305,
    312, 315, 325, 331, 333, 344, 390, 394, 403, 425, 430, 464, 474, 481, 489,
    499, 500, 507, 510, 521, 534, 536, 543, 544, 547, 552, 564, 565, 581, 591,
    596, 649, 669, 681, 685, 715, 730, 734, 735, 770, 771, 773, 779, 783

Reassigned labels

Runtime: 0.41998815536499023

Performance split_log:

IM without threshold:
Map:
{"Q_0": "Q", "Q_1": "Q", "Q_2": "Q", "Q_3": "Q", "Q_4": "Q", "Q_5": "Q"}
token_fitness
{"perc_fit_traces": 100.0, "average_trace_fitness": 1.0, "log_fitness": 1.0, "percentage_of_fitting_traces": 100.0}
precision
0.7274419181736407
0.6744186046511628
generalization
0.9504545664312365

Adjusted Rand Index:
0.7353577236585614



Parameters of this run:

Window size: 1
Threshold for edges: 0
Split candidates: Q
Max number of traces: 5000000
Method for distance calculation: Distance.MULTISET_DISTANCE
Method for finding clusters: ClusteringMethod.COMMUNITY_DETECTION
Original log location: ./data/noImprInLoop_default_OD\feb17-0936\logs\D_1_LogD_Sequence_feb17-0936.xes.gz
Use frequency: True

Found communities: 

Clustering with 784 elements and 6 clusters
[0] 5, 9, 12, 13, 15, 19, 21, 22, 26, 33, 35, 37, 40, 42, 60, 62, 88, 90, 92,
    100, 103, 108, 111, 121, 126, 128, 133, 137, 140, 146, 152, 154, 165, 167,
    171, 173, 175, 179, 183, 184, 187, 210, 218, 225, 235, 241, 249, 251, 258,
    260, 262, 265, 268, 270, 289, 296, 298, 307, 319, 322, 323, 324, 330, 334,
    338, 340, 342, 346, 348, 354, 359, 360, 367, 369, 371, 373, 375, 378, 384,
    386, 388, 389, 392, 397, 402, 407, 412, 414, 415, 422, 424, 428, 429, 431,
    432, 433, 443, 450, 455, 456, 458, 459, 463, 467, 469, 471, 473, 476, 477,
    480, 482, 484, 486, 492, 493, 497, 501, 502, 504, 505, 530, 532, 538, 548,
    554, 558, 560, 561, 563, 567, 568, 577, 586, 598, 600, 605, 608, 614, 624,
    627, 629, 632, 633, 634, 640, 645, 646, 651, 652, 653, 654, 656, 657, 671,
    674, 676, 677, 678, 687, 690, 695, 696, 698, 703, 705, 718, 719, 722, 724,
    728, 737, 739, 744, 745, 749, 757, 761, 768, 774, 776, 778, 781
[1] 0, 2, 4, 7, 27, 29, 34, 49, 50, 53, 55, 57, 64, 65, 68, 70, 71, 75, 79,
    81, 82, 85, 89, 94, 98, 101, 107, 119, 123, 125, 132, 134, 138, 142, 145,
    148, 156, 162, 168, 170, 180, 186, 188, 191, 193, 195, 203, 205, 206, 208,
    211, 214, 216, 222, 223, 231, 237, 239, 243, 244, 255, 263, 267, 271, 275,
    276, 277, 278, 279, 281, 287, 299, 303, 309, 310, 314, 317, 327, 329, 336,
    337, 352, 357, 361, 362, 364, 365, 377, 380, 396, 399, 401, 404, 406, 408,
    409, 411, 419, 426, 427, 434, 437, 440, 442, 447, 448, 452, 460, 461, 487,
    491, 503, 508, 517, 519, 523, 526, 528, 531, 540, 549, 556, 562, 570, 574,
    575, 579, 582, 588, 589, 590, 593, 594, 602, 610, 611, 613, 617, 620, 622,
    626, 630, 638, 642, 644, 647, 659, 666, 667, 672, 679, 682, 686, 688, 694,
    700, 701, 707, 709, 711, 712, 717, 721, 725, 732, 741, 743, 746, 748, 751,
    752, 754, 760
[2] 1, 11, 14, 16, 18, 28, 32, 39, 43, 52, 54, 61, 66, 76, 80, 83, 87, 97,
    104, 106, 110, 124, 127, 129, 136, 139, 141, 151, 153, 155, 166, 172, 185,
    192, 194, 215, 221, 233, 236, 238, 240, 242, 245, 247, 252, 254, 269, 286,
    291, 297, 300, 302, 304, 306, 316, 318, 320, 326, 335, 339, 343, 345, 353,
    356, 363, 376, 381, 383, 385, 398, 400, 405, 416, 423, 435, 441, 444, 449,
    457, 465, 470, 479, 488, 490, 494, 498, 516, 518, 522, 525, 527, 533, 535,
    537, 542, 550, 555, 559, 566, 576, 578, 592, 595, 601, 612, 621, 623, 625,
    631, 635, 639, 648, 655, 658, 665, 673, 680, 683, 691, 697, 699, 702, 706,
    708, 710, 720, 726, 731, 740, 742, 750, 753, 756, 759, 765, 769, 777, 780
[3] 3, 6, 8, 20, 23, 25, 30, 36, 41, 46, 63, 69, 74, 93, 95, 99, 102, 114,
    116, 118, 120, 122, 131, 147, 157, 159, 161, 163, 169, 174, 176, 181, 189,
    197, 202, 204, 207, 209, 212, 217, 219, 224, 226, 228, 250, 257, 259, 261,
    264, 266, 273, 280, 282, 284, 293, 295, 308, 311, 313, 328, 332, 341, 347,
    351, 366, 368, 370, 372, 374, 379, 387, 391, 393, 395, 410, 413, 421, 438,
    446, 454, 462, 468, 472, 483, 485, 496, 506, 509, 511, 514, 520, 529, 539,
    546, 557, 571, 580, 583, 587, 597, 599, 604, 606, 609, 616, 619, 628, 637,
    641, 643, 650, 661, 663, 668, 670, 675, 689, 693, 704, 714, 716, 723, 729,
    733, 736, 738, 747, 763, 767, 772, 775, 782
[4] 10, 17, 38, 45, 47, 48, 78, 86, 91, 105, 130, 135, 144, 158, 164, 177,
    182, 196, 198, 199, 201, 213, 220, 227, 229, 230, 232, 253, 256, 272, 274,
    285, 288, 292, 301, 321, 349, 350, 355, 358, 382, 417, 418, 420, 436, 439,
    445, 451, 453, 466, 475, 478, 495, 512, 513, 515, 524, 541, 545, 551, 553,
    569, 572, 573, 584, 585, 603, 607, 615, 618, 636, 660, 662, 664, 684, 692,
    713, 727, 755, 758, 762, 764, 766
[5] 24, 31, 44, 51, 56, 58, 59, 67, 72, 73, 77, 84, 96, 109, 112, 113, 115,
    117, 143, 149, 150, 160, 178, 190, 200, 234, 246, 248, 283, 290, 294, 305,
    312, 315, 325, 331, 333, 344, 390, 394, 403, 425, 430, 464, 474, 481, 489,
    499, 500, 507, 510, 521, 534, 536, 543, 544, 547, 552, 564, 565, 581, 591,
    596, 649, 669, 681, 685, 715, 730, 734, 735, 770, 771, 773, 779, 783

Reassigned labels

Runtime: 0.493985652923584

Performance split_log:

IM without threshold:
Map:
{"Q_0": "Q", "Q_1": "Q", "Q_2": "Q", "Q_3": "Q", "Q_4": "Q", "Q_5": "Q"}
token_fitness
{"perc_fit_traces": 100.0, "average_trace_fitness": 1.0, "log_fitness": 1.0, "percentage_of_fitting_traces": 100.0}
precision
0.7274419181736407
0.6744186046511628
generalization
0.9504545664312365

Adjusted Rand Index:
0.7353577236585614



Parameters of this run:

Window size: 1
Threshold for edges: 0.25
Split candidates: Q
Max number of traces: 5000000
Method for distance calculation: Distance.MULTISET_DISTANCE
Method for finding clusters: ClusteringMethod.COMMUNITY_DETECTION
Original log location: ./data/noImprInLoop_default_OD\feb17-0936\logs\D_1_LogD_Sequence_feb17-0936.xes.gz
Use frequency: True

Found communities: 

Clustering with 784 elements and 6 clusters
[0] 5, 9, 12, 13, 15, 19, 21, 22, 26, 33, 35, 37, 40, 42, 60, 62, 88, 90, 92,
    100, 103, 108, 111, 121, 126, 128, 133, 137, 140, 146, 152, 154, 165, 167,
    171, 173, 175, 179, 183, 184, 187, 210, 218, 225, 235, 241, 249, 251, 258,
    260, 262, 265, 268, 270, 289, 296, 298, 307, 319, 322, 323, 324, 330, 334,
    338, 340, 342, 346, 348, 354, 359, 360, 367, 369, 371, 373, 375, 378, 384,
    386, 388, 389, 392, 397, 402, 407, 412, 414, 415, 422, 424, 428, 429, 431,
    432, 433, 443, 450, 455, 456, 458, 459, 463, 467, 469, 471, 473, 476, 477,
    480, 482, 484, 486, 492, 493, 497, 501, 502, 504, 505, 530, 532, 538, 548,
    554, 558, 560, 561, 563, 567, 568, 577, 586, 598, 600, 605, 608, 614, 624,
    627, 629, 632, 633, 634, 640, 645, 646, 651, 652, 653, 654, 656, 657, 671,
    674, 676, 677, 678, 687, 690, 695, 696, 698, 703, 705, 718, 719, 722, 724,
    728, 737, 739, 744, 745, 749, 757, 761, 768, 774, 776, 778, 781
[1] 0, 2, 4, 7, 27, 29, 34, 49, 50, 53, 55, 57, 64, 65, 68, 70, 71, 75, 79,
    81, 82, 85, 89, 94, 98, 101, 107, 119, 123, 125, 132, 134, 138, 142, 145,
    148, 156, 162, 168, 170, 180, 186, 188, 191, 193, 195, 203, 205, 206, 208,
    211, 214, 216, 222, 223, 231, 237, 239, 243, 244, 255, 263, 267, 271, 275,
    276, 277, 278, 279, 281, 287, 299, 303, 309, 310, 314, 317, 327, 329, 336,
    337, 352, 357, 361, 362, 364, 365, 377, 380, 396, 399, 401, 404, 406, 408,
    409, 411, 419, 426, 427, 434, 437, 440, 442, 447, 448, 452, 460, 461, 487,
    491, 503, 508, 517, 519, 523, 526, 528, 531, 540, 549, 556, 562, 570, 574,
    575, 579, 582, 588, 589, 590, 593, 594, 602, 610, 611, 613, 617, 620, 622,
    626, 630, 638, 642, 644, 647, 659, 666, 667, 672, 679, 682, 686, 688, 694,
    700, 701, 707, 709, 711, 712, 717, 721, 725, 732, 741, 743, 746, 748, 751,
    752, 754, 760
[2] 1, 11, 14, 16, 18, 28, 32, 39, 43, 52, 54, 61, 66, 76, 80, 83, 87, 97,
    104, 106, 110, 124, 127, 129, 136, 139, 141, 151, 153, 155, 166, 172, 185,
    192, 194, 215, 221, 233, 236, 238, 240, 242, 245, 247, 252, 254, 269, 286,
    291, 297, 300, 302, 304, 306, 316, 318, 320, 326, 335, 339, 343, 345, 353,
    356, 363, 376, 381, 383, 385, 398, 400, 405, 416, 423, 435, 441, 444, 449,
    457, 465, 470, 479, 488, 490, 494, 498, 516, 518, 522, 525, 527, 533, 535,
    537, 542, 550, 555, 559, 566, 576, 578, 592, 595, 601, 612, 621, 623, 625,
    631, 635, 639, 648, 655, 658, 665, 673, 680, 683, 691, 697, 699, 702, 706,
    708, 710, 720, 726, 731, 740, 742, 750, 753, 756, 759, 765, 769, 777, 780
[3] 3, 6, 8, 20, 23, 25, 30, 36, 41, 46, 63, 69, 74, 93, 95, 99, 102, 114,
    116, 118, 120, 122, 131, 147, 157, 159, 161, 163, 169, 174, 176, 181, 189,
    197, 202, 204, 207, 209, 212, 217, 219, 224, 226, 228, 250, 257, 259, 261,
    264, 266, 273, 280, 282, 284, 293, 295, 308, 311, 313, 328, 332, 341, 347,
    351, 366, 368, 370, 372, 374, 379, 387, 391, 393, 395, 410, 413, 421, 438,
    446, 454, 462, 468, 472, 483, 485, 496, 506, 509, 511, 514, 520, 529, 539,
    546, 557, 571, 580, 583, 587, 597, 599, 604, 606, 609, 616, 619, 628, 637,
    641, 643, 650, 661, 663, 668, 670, 675, 689, 693, 704, 714, 716, 723, 729,
    733, 736, 738, 747, 763, 767, 772, 775, 782
[4] 10, 17, 38, 45, 47, 48, 78, 86, 91, 105, 130, 135, 144, 158, 164, 177,
    182, 196, 198, 199, 201, 213, 220, 227, 229, 230, 232, 253, 256, 272, 274,
    285, 288, 292, 301, 321, 349, 350, 355, 358, 382, 417, 418, 420, 436, 439,
    445, 451, 453, 466, 475, 478, 495, 512, 513, 515, 524, 541, 545, 551, 553,
    569, 572, 573, 584, 585, 603, 607, 615, 618, 636, 660, 662, 664, 684, 692,
    713, 727, 755, 758, 762, 764, 766
[5] 24, 31, 44, 51, 56, 58, 59, 67, 72, 73, 77, 84, 96, 109, 112, 113, 115,
    117, 143, 149, 150, 160, 178, 190, 200, 234, 246, 248, 283, 290, 294, 305,
    312, 315, 325, 331, 333, 344, 390, 394, 403, 425, 430, 464, 474, 481, 489,
    499, 500, 507, 510, 521, 534, 536, 543, 544, 547, 552, 564, 565, 581, 591,
    596, 649, 669, 681, 685, 715, 730, 734, 735, 770, 771, 773, 779, 783

Reassigned labels

Runtime: 0.5186440944671631

Performance split_log:

IM without threshold:
Map:
{"Q_0": "Q", "Q_1": "Q", "Q_2": "Q", "Q_3": "Q", "Q_4": "Q", "Q_5": "Q"}
token_fitness
{"perc_fit_traces": 64.0, "average_trace_fitness": 0.9789955830540645, "log_fitness": 0.9803622874709028, "percentage_of_fitting_traces": 64.0}
precision
0.7449911555539511
0.6744186046511628
generalization
0.9210416831150936

Adjusted Rand Index:
0.7353577236585614



Parameters of this run:

Window size: 1
Threshold for edges: 0.5
Split candidates: Q
Max number of traces: 5000000
Method for distance calculation: Distance.MULTISET_DISTANCE
Method for finding clusters: ClusteringMethod.COMMUNITY_DETECTION
Original log location: ./data/noImprInLoop_default_OD\feb17-0936\logs\D_1_LogD_Sequence_feb17-0936.xes.gz
Use frequency: True

Found communities: 

Clustering with 784 elements and 6 clusters
[0] 5, 9, 12, 13, 15, 19, 21, 22, 26, 33, 35, 37, 40, 42, 60, 62, 88, 90, 92,
    100, 103, 108, 111, 121, 126, 128, 133, 137, 140, 146, 152, 154, 165, 167,
    171, 173, 175, 179, 183, 184, 187, 210, 218, 225, 235, 241, 249, 251, 258,
    260, 262, 265, 268, 270, 289, 296, 298, 307, 319, 322, 323, 324, 330, 334,
    338, 340, 342, 346, 348, 354, 359, 360, 367, 369, 371, 373, 375, 378, 384,
    386, 388, 389, 392, 397, 402, 407, 412, 414, 415, 422, 424, 428, 429, 431,
    432, 433, 443, 450, 455, 456, 458, 459, 463, 467, 469, 471, 473, 476, 477,
    480, 482, 484, 486, 492, 493, 497, 501, 502, 504, 505, 530, 532, 538, 548,
    554, 558, 560, 561, 563, 567, 568, 577, 586, 598, 600, 605, 608, 614, 624,
    627, 629, 632, 633, 634, 640, 645, 646, 651, 652, 653, 654, 656, 657, 671,
    674, 676, 677, 678, 687, 690, 695, 696, 698, 703, 705, 718, 719, 722, 724,
    728, 737, 739, 744, 745, 749, 757, 761, 768, 774, 776, 778, 781
[1] 0, 2, 4, 7, 27, 29, 34, 49, 50, 53, 55, 57, 64, 65, 68, 70, 71, 75, 79,
    81, 82, 85, 89, 94, 98, 101, 107, 119, 123, 125, 132, 134, 138, 142, 145,
    148, 156, 162, 168, 170, 180, 186, 188, 191, 193, 195, 203, 205, 206, 208,
    211, 214, 216, 222, 223, 231, 237, 239, 243, 244, 255, 263, 267, 271, 275,
    276, 277, 278, 279, 281, 287, 299, 303, 309, 310, 314, 317, 327, 329, 336,
    337, 352, 357, 361, 362, 364, 365, 377, 380, 396, 399, 401, 404, 406, 408,
    409, 411, 419, 426, 427, 434, 437, 440, 442, 447, 448, 452, 460, 461, 487,
    491, 503, 508, 517, 519, 523, 526, 528, 531, 540, 549, 556, 562, 570, 574,
    575, 579, 582, 588, 589, 590, 593, 594, 602, 610, 611, 613, 617, 620, 622,
    626, 630, 638, 642, 644, 647, 659, 666, 667, 672, 679, 682, 686, 688, 694,
    700, 701, 707, 709, 711, 712, 717, 721, 725, 732, 741, 743, 746, 748, 751,
    752, 754, 760
[2] 1, 11, 14, 16, 18, 28, 32, 39, 43, 52, 54, 61, 66, 76, 80, 83, 87, 97,
    104, 106, 110, 124, 127, 129, 136, 139, 141, 151, 153, 155, 166, 172, 185,
    192, 194, 215, 221, 233, 236, 238, 240, 242, 245, 247, 252, 254, 269, 286,
    291, 297, 300, 302, 304, 306, 316, 318, 320, 326, 335, 339, 343, 345, 353,
    356, 363, 376, 381, 383, 385, 398, 400, 405, 416, 423, 435, 441, 444, 449,
    457, 465, 470, 479, 488, 490, 494, 498, 516, 518, 522, 525, 527, 533, 535,
    537, 542, 550, 555, 559, 566, 576, 578, 592, 595, 601, 612, 621, 623, 625,
    631, 635, 639, 648, 655, 658, 665, 673, 680, 683, 691, 697, 699, 702, 706,
    708, 710, 720, 726, 731, 740, 742, 750, 753, 756, 759, 765, 769, 777, 780
[3] 3, 6, 8, 20, 23, 25, 30, 36, 41, 46, 63, 69, 74, 93, 95, 99, 102, 114,
    116, 118, 120, 122, 131, 147, 157, 159, 161, 163, 169, 174, 176, 181, 189,
    197, 202, 204, 207, 209, 212, 217, 219, 224, 226, 228, 250, 257, 259, 261,
    264, 266, 273, 280, 282, 284, 293, 295, 308, 311, 313, 328, 332, 341, 347,
    351, 366, 368, 370, 372, 374, 379, 387, 391, 393, 395, 410, 413, 421, 438,
    446, 454, 462, 468, 472, 483, 485, 496, 506, 509, 511, 514, 520, 529, 539,
    546, 557, 571, 580, 583, 587, 597, 599, 604, 606, 609, 616, 619, 628, 637,
    641, 643, 650, 661, 663, 668, 670, 675, 689, 693, 704, 714, 716, 723, 729,
    733, 736, 738, 747, 763, 767, 772, 775, 782
[4] 10, 17, 38, 45, 47, 48, 78, 86, 91, 105, 130, 135, 144, 158, 164, 177,
    182, 196, 198, 199, 201, 213, 220, 227, 229, 230, 232, 253, 256, 272, 274,
    285, 288, 292, 301, 321, 349, 350, 355, 358, 382, 417, 418, 420, 436, 439,
    445, 451, 453, 466, 475, 478, 495, 512, 513, 515, 524, 541, 545, 551, 553,
    569, 572, 573, 584, 585, 603, 607, 615, 618, 636, 660, 662, 664, 684, 692,
    713, 727, 755, 758, 762, 764, 766
[5] 24, 31, 44, 51, 56, 58, 59, 67, 72, 73, 77, 84, 96, 109, 112, 113, 115,
    117, 143, 149, 150, 160, 178, 190, 200, 234, 246, 248, 283, 290, 294, 305,
    312, 315, 325, 331, 333, 344, 390, 394, 403, 425, 430, 464, 474, 481, 489,
    499, 500, 507, 510, 521, 534, 536, 543, 544, 547, 552, 564, 565, 581, 591,
    596, 649, 669, 681, 685, 715, 730, 734, 735, 770, 771, 773, 779, 783

Reassigned labels

Runtime: 0.48458051681518555

Performance split_log:

IM without threshold:
Map:
{"Q_0": "Q", "Q_1": "Q", "Q_2": "Q", "Q_3": "Q", "Q_4": "Q", "Q_5": "Q"}
token_fitness
{"perc_fit_traces": 64.0, "average_trace_fitness": 0.9821495647105876, "log_fitness": 0.9829176704506731, "percentage_of_fitting_traces": 64.0}
precision
0.7110245554614734
0.6744186046511628
generalization
0.9224294417089102

Adjusted Rand Index:
0.7353577236585614



Parameters of this run:

Window size: 1
Threshold for edges: 0.75
Split candidates: Q
Max number of traces: 5000000
Method for distance calculation: Distance.MULTISET_DISTANCE
Method for finding clusters: ClusteringMethod.COMMUNITY_DETECTION
Original log location: ./data/noImprInLoop_default_OD\feb17-0936\logs\D_1_LogD_Sequence_feb17-0936.xes.gz
Use frequency: True

Found communities: 

Clustering with 784 elements and 6 clusters
[0] 5, 9, 12, 13, 15, 19, 21, 22, 26, 33, 35, 37, 40, 42, 60, 62, 88, 90, 92,
    100, 103, 108, 111, 121, 126, 128, 133, 137, 140, 146, 152, 154, 165, 167,
    171, 173, 175, 179, 183, 184, 187, 210, 218, 225, 235, 241, 249, 251, 258,
    260, 262, 265, 268, 270, 289, 296, 298, 307, 319, 322, 323, 324, 330, 334,
    338, 340, 342, 346, 348, 354, 359, 360, 367, 369, 371, 373, 375, 378, 384,
    386, 388, 389, 392, 397, 402, 407, 412, 414, 415, 422, 424, 428, 429, 431,
    432, 433, 443, 450, 455, 456, 458, 459, 463, 467, 469, 471, 473, 476, 477,
    480, 482, 484, 486, 492, 493, 497, 501, 502, 504, 505, 530, 532, 538, 548,
    554, 558, 560, 561, 563, 567, 568, 577, 586, 598, 600, 605, 608, 614, 624,
    627, 629, 632, 633, 634, 640, 645, 646, 651, 652, 653, 654, 656, 657, 671,
    674, 676, 677, 678, 687, 690, 695, 696, 698, 703, 705, 718, 719, 722, 724,
    728, 737, 739, 744, 745, 749, 757, 761, 768, 774, 776, 778, 781
[1] 0, 2, 4, 7, 27, 29, 34, 49, 50, 53, 55, 57, 64, 65, 68, 70, 71, 75, 79,
    81, 82, 85, 89, 94, 98, 101, 107, 119, 123, 125, 132, 134, 138, 142, 145,
    148, 156, 162, 168, 170, 180, 186, 188, 191, 193, 195, 203, 205, 206, 208,
    211, 214, 216, 222, 223, 231, 237, 239, 243, 244, 255, 263, 267, 271, 275,
    276, 277, 278, 279, 281, 287, 299, 303, 309, 310, 314, 317, 327, 329, 336,
    337, 352, 357, 361, 362, 364, 365, 377, 380, 396, 399, 401, 404, 406, 408,
    409, 411, 419, 426, 427, 434, 437, 440, 442, 447, 448, 452, 460, 461, 487,
    491, 503, 508, 517, 519, 523, 526, 528, 531, 540, 549, 556, 562, 570, 574,
    575, 579, 582, 588, 589, 590, 593, 594, 602, 610, 611, 613, 617, 620, 622,
    626, 630, 638, 642, 644, 647, 659, 666, 667, 672, 679, 682, 686, 688, 694,
    700, 701, 707, 709, 711, 712, 717, 721, 725, 732, 741, 743, 746, 748, 751,
    752, 754, 760
[2] 1, 11, 14, 16, 18, 28, 32, 39, 43, 52, 54, 61, 66, 76, 80, 83, 87, 97,
    104, 106, 110, 124, 127, 129, 136, 139, 141, 151, 153, 155, 166, 172, 185,
    192, 194, 215, 221, 233, 236, 238, 240, 242, 245, 247, 252, 254, 269, 286,
    291, 297, 300, 302, 304, 306, 316, 318, 320, 326, 335, 339, 343, 345, 353,
    356, 363, 376, 381, 383, 385, 398, 400, 405, 416, 423, 435, 441, 444, 449,
    457, 465, 470, 479, 488, 490, 494, 498, 516, 518, 522, 525, 527, 533, 535,
    537, 542, 550, 555, 559, 566, 576, 578, 592, 595, 601, 612, 621, 623, 625,
    631, 635, 639, 648, 655, 658, 665, 673, 680, 683, 691, 697, 699, 702, 706,
    708, 710, 720, 726, 731, 740, 742, 750, 753, 756, 759, 765, 769, 777, 780
[3] 3, 6, 8, 20, 23, 25, 30, 36, 41, 46, 63, 69, 74, 93, 95, 99, 102, 114,
    116, 118, 120, 122, 131, 147, 157, 159, 161, 163, 169, 174, 176, 181, 189,
    197, 202, 204, 207, 209, 212, 217, 219, 224, 226, 228, 250, 257, 259, 261,
    264, 266, 273, 280, 282, 284, 293, 295, 308, 311, 313, 328, 332, 341, 347,
    351, 366, 368, 370, 372, 374, 379, 387, 391, 393, 395, 410, 413, 421, 438,
    446, 454, 462, 468, 472, 483, 485, 496, 506, 509, 511, 514, 520, 529, 539,
    546, 557, 571, 580, 583, 587, 597, 599, 604, 606, 609, 616, 619, 628, 637,
    641, 643, 650, 661, 663, 668, 670, 675, 689, 693, 704, 714, 716, 723, 729,
    733, 736, 738, 747, 763, 767, 772, 775, 782
[4] 10, 17, 38, 45, 47, 48, 78, 86, 91, 105, 130, 135, 144, 158, 164, 177,
    182, 196, 198, 199, 201, 213, 220, 227, 229, 230, 232, 253, 256, 272, 274,
    285, 288, 292, 301, 321, 349, 350, 355, 358, 382, 417, 418, 420, 436, 439,
    445, 451, 453, 466, 475, 478, 495, 512, 513, 515, 524, 541, 545, 551, 553,
    569, 572, 573, 584, 585, 603, 607, 615, 618, 636, 660, 662, 664, 684, 692,
    713, 727, 755, 758, 762, 764, 766
[5] 24, 31, 44, 51, 56, 58, 59, 67, 72, 73, 77, 84, 96, 109, 112, 113, 115,
    117, 143, 149, 150, 160, 178, 190, 200, 234, 246, 248, 283, 290, 294, 305,
    312, 315, 325, 331, 333, 344, 390, 394, 403, 425, 430, 464, 474, 481, 489,
    499, 500, 507, 510, 521, 534, 536, 543, 544, 547, 552, 564, 565, 581, 591,
    596, 649, 669, 681, 685, 715, 730, 734, 735, 770, 771, 773, 779, 783

Reassigned labels

Runtime: 0.4045701026916504

Performance split_log:

IM without threshold:
Map:
{"Q_0": "Q", "Q_1": "Q", "Q_2": "Q", "Q_3": "Q", "Q_4": "Q", "Q_5": "Q"}
token_fitness
{"perc_fit_traces": 64.0, "average_trace_fitness": 0.9829256335168814, "log_fitness": 0.983178244688776, "percentage_of_fitting_traces": 64.0}
precision
0.7110245554614734
0.6744186046511628
generalization
0.9231365125147952

Adjusted Rand Index:
0.7353577236585614



Parameters of this run:

Window size: 1
Threshold for edges: 1
Split candidates: Q
Max number of traces: 5000000
Method for distance calculation: Distance.MULTISET_DISTANCE
Method for finding clusters: ClusteringMethod.COMMUNITY_DETECTION
Original log location: ./data/noImprInLoop_default_OD\feb17-0936\logs\D_1_LogD_Sequence_feb17-0936.xes.gz
Use frequency: True

Found communities: 

Clustering with 784 elements and 6 clusters
[0] 5, 9, 12, 13, 15, 19, 21, 22, 26, 33, 35, 37, 40, 42, 60, 62, 88, 90, 92,
    100, 103, 108, 111, 121, 126, 128, 133, 137, 140, 146, 152, 154, 165, 167,
    171, 173, 175, 179, 183, 184, 187, 210, 218, 225, 235, 241, 249, 251, 258,
    260, 262, 265, 268, 270, 289, 296, 298, 307, 319, 322, 323, 324, 330, 334,
    338, 340, 342, 346, 348, 354, 359, 360, 367, 369, 371, 373, 375, 378, 384,
    386, 388, 389, 392, 397, 402, 407, 412, 414, 415, 422, 424, 428, 429, 431,
    432, 433, 443, 450, 455, 456, 458, 459, 463, 467, 469, 471, 473, 476, 477,
    480, 482, 484, 486, 492, 493, 497, 501, 502, 504, 505, 530, 532, 538, 548,
    554, 558, 560, 561, 563, 567, 568, 577, 586, 598, 600, 605, 608, 614, 624,
    627, 629, 632, 633, 634, 640, 645, 646, 651, 652, 653, 654, 656, 657, 671,
    674, 676, 677, 678, 687, 690, 695, 696, 698, 703, 705, 718, 719, 722, 724,
    728, 737, 739, 744, 745, 749, 757, 761, 768, 774, 776, 778, 781
[1] 0, 2, 4, 7, 27, 29, 34, 49, 50, 53, 55, 57, 64, 65, 68, 70, 71, 75, 79,
    81, 82, 85, 89, 94, 98, 101, 107, 119, 123, 125, 132, 134, 138, 142, 145,
    148, 156, 162, 168, 170, 180, 186, 188, 191, 193, 195, 203, 205, 206, 208,
    211, 214, 216, 222, 223, 231, 237, 239, 243, 244, 255, 263, 267, 271, 275,
    276, 277, 278, 279, 281, 287, 299, 303, 309, 310, 314, 317, 327, 329, 336,
    337, 352, 357, 361, 362, 364, 365, 377, 380, 396, 399, 401, 404, 406, 408,
    409, 411, 419, 426, 427, 434, 437, 440, 442, 447, 448, 452, 460, 461, 487,
    491, 503, 508, 517, 519, 523, 526, 528, 531, 540, 549, 556, 562, 570, 574,
    575, 579, 582, 588, 589, 590, 593, 594, 602, 610, 611, 613, 617, 620, 622,
    626, 630, 638, 642, 644, 647, 659, 666, 667, 672, 679, 682, 686, 688, 694,
    700, 701, 707, 709, 711, 712, 717, 721, 725, 732, 741, 743, 746, 748, 751,
    752, 754, 760
[2] 1, 11, 14, 16, 18, 28, 32, 39, 43, 52, 54, 61, 66, 76, 80, 83, 87, 97,
    104, 106, 110, 124, 127, 129, 136, 139, 141, 151, 153, 155, 166, 172, 185,
    192, 194, 215, 221, 233, 236, 238, 240, 242, 245, 247, 252, 254, 269, 286,
    291, 297, 300, 302, 304, 306, 316, 318, 320, 326, 335, 339, 343, 345, 353,
    356, 363, 376, 381, 383, 385, 398, 400, 405, 416, 423, 435, 441, 444, 449,
    457, 465, 470, 479, 488, 490, 494, 498, 516, 518, 522, 525, 527, 533, 535,
    537, 542, 550, 555, 559, 566, 576, 578, 592, 595, 601, 612, 621, 623, 625,
    631, 635, 639, 648, 655, 658, 665, 673, 680, 683, 691, 697, 699, 702, 706,
    708, 710, 720, 726, 731, 740, 742, 750, 753, 756, 759, 765, 769, 777, 780
[3] 3, 6, 8, 20, 23, 25, 30, 36, 41, 46, 63, 69, 74, 93, 95, 99, 102, 114,
    116, 118, 120, 122, 131, 147, 157, 159, 161, 163, 169, 174, 176, 181, 189,
    197, 202, 204, 207, 209, 212, 217, 219, 224, 226, 228, 250, 257, 259, 261,
    264, 266, 273, 280, 282, 284, 293, 295, 308, 311, 313, 328, 332, 341, 347,
    351, 366, 368, 370, 372, 374, 379, 387, 391, 393, 395, 410, 413, 421, 438,
    446, 454, 462, 468, 472, 483, 485, 496, 506, 509, 511, 514, 520, 529, 539,
    546, 557, 571, 580, 583, 587, 597, 599, 604, 606, 609, 616, 619, 628, 637,
    641, 643, 650, 661, 663, 668, 670, 675, 689, 693, 704, 714, 716, 723, 729,
    733, 736, 738, 747, 763, 767, 772, 775, 782
[4] 10, 17, 38, 45, 47, 48, 78, 86, 91, 105, 130, 135, 144, 158, 164, 177,
    182, 196, 198, 199, 201, 213, 220, 227, 229, 230, 232, 253, 256, 272, 274,
    285, 288, 292, 301, 321, 349, 350, 355, 358, 382, 417, 418, 420, 436, 439,
    445, 451, 453, 466, 475, 478, 495, 512, 513, 515, 524, 541, 545, 551, 553,
    569, 572, 573, 584, 585, 603, 607, 615, 618, 636, 660, 662, 664, 684, 692,
    713, 727, 755, 758, 762, 764, 766
[5] 24, 31, 44, 51, 56, 58, 59, 67, 72, 73, 77, 84, 96, 109, 112, 113, 115,
    117, 143, 149, 150, 160, 178, 190, 200, 234, 246, 248, 283, 290, 294, 305,
    312, 315, 325, 331, 333, 344, 390, 394, 403, 425, 430, 464, 474, 481, 489,
    499, 500, 507, 510, 521, 534, 536, 543, 544, 547, 552, 564, 565, 581, 591,
    596, 649, 669, 681, 685, 715, 730, 734, 735, 770, 771, 773, 779, 783

Reassigned labels

Runtime: 0.43833184242248535

Performance split_log:

IM without threshold:
Map:
{"Q_0": "Q", "Q_1": "Q", "Q_2": "Q", "Q_3": "Q", "Q_4": "Q", "Q_5": "Q"}
token_fitness
{"perc_fit_traces": 64.0, "average_trace_fitness": 0.9689648026648336, "log_fitness": 0.970594381201922, "percentage_of_fitting_traces": 64.0}
precision
0.7449911555539511
0.6744186046511628
generalization
0.9202684900250377

Adjusted Rand Index:
0.7353577236585614



Parameters of this run:

Window size: 3
Threshold for edges: 0
Split candidates: Q
Max number of traces: 5000000
Method for distance calculation: Distance.EDIT_DISTANCE
Method for finding clusters: ClusteringMethod.COMMUNITY_DETECTION
Original log location: ./data/noImprInLoop_default_OD\feb17-0936\logs\D_1_LogD_Sequence_feb17-0936.xes.gz
Use frequency: True

Found communities: 

Clustering with 784 elements and 3 clusters
[0] 1, 3, 6, 8, 11, 14, 16, 18, 20, 23, 25, 28, 30, 32, 36, 39, 41, 43, 46,
    52, 54, 61, 63, 66, 69, 74, 76, 80, 83, 87, 93, 95, 97, 99, 102, 104, 106,
    110, 114, 116, 118, 120, 122, 124, 127, 129, 131, 136, 139, 141, 147, 151,
    153, 155, 157, 159, 161, 163, 166, 169, 172, 174, 176, 181, 185, 189, 192,
    194, 197, 202, 204, 207, 209, 212, 215, 217, 219, 221, 224, 226, 228, 233,
    236, 238, 240, 242, 245, 247, 250, 252, 254, 257, 259, 261, 264, 266, 269,
    273, 280, 282, 284, 286, 291, 293, 295, 297, 300, 302, 304, 306, 308, 311,
    313, 316, 318, 320, 326, 328, 332, 335, 339, 341, 343, 345, 347, 351, 353,
    356, 363, 366, 368, 370, 372, 374, 376, 379, 381, 383, 385, 387, 391, 393,
    395, 398, 400, 405, 410, 413, 416, 421, 423, 435, 438, 441, 444, 446, 449,
    454, 457, 462, 465, 468, 470, 472, 479, 483, 485, 488, 490, 494, 496, 498,
    506, 509, 511, 514, 516, 518, 520, 522, 525, 527, 529, 533, 535, 537, 539,
    542, 546, 550, 555, 557, 559, 566, 571, 576, 578, 580, 583, 587, 592, 595,
    597, 599, 601, 604, 606, 609, 612, 616, 619, 621, 623, 625, 628, 631, 635,
    637, 639, 641, 643, 648, 650, 655, 658, 661, 663, 665, 668, 670, 673, 675,
    680, 683, 689, 691, 693, 697, 699, 702, 704, 706, 708, 710, 714, 716, 720,
    723, 726, 729, 731, 733, 736, 738, 740, 742, 747, 750, 753, 756, 759, 763,
    765, 767, 769, 772, 775, 777, 780, 782
[1] 5, 9, 12, 13, 15, 19, 21, 22, 24, 26, 31, 33, 35, 37, 40, 42, 44, 51, 56,
    58, 59, 60, 62, 67, 72, 73, 77, 84, 88, 90, 92, 96, 100, 103, 108, 109,
    111, 112, 113, 115, 117, 121, 126, 128, 133, 137, 140, 143, 146, 149, 150,
    152, 154, 160, 165, 167, 171, 173, 175, 178, 179, 183, 184, 187, 190, 200,
    210, 218, 225, 234, 235, 241, 246, 248, 249, 251, 258, 260, 262, 265, 268,
    270, 283, 289, 290, 294, 296, 298, 305, 307, 312, 315, 319, 322, 323, 324,
    325, 330, 331, 333, 334, 338, 340, 342, 344, 346, 348, 354, 359, 360, 367,
    369, 371, 373, 375, 378, 384, 386, 388, 389, 390, 392, 394, 397, 402, 403,
    407, 412, 414, 415, 422, 424, 425, 428, 429, 430, 431, 432, 433, 443, 450,
    455, 456, 458, 459, 463, 464, 467, 469, 471, 473, 474, 476, 477, 480, 481,
    482, 484, 486, 489, 492, 493, 497, 499, 500, 501, 502, 504, 505, 507, 510,
    521, 530, 532, 534, 536, 538, 543, 544, 547, 548, 552, 554, 558, 560, 561,
    563, 564, 565, 567, 568, 577, 581, 586, 591, 596, 598, 600, 605, 608, 614,
    624, 627, 629, 632, 633, 634, 640, 645, 646, 649, 651, 652, 653, 654, 656,
    657, 669, 671, 674, 676, 677, 678, 681, 685, 687, 690, 695, 696, 698, 703,
    705, 715, 718, 719, 722, 724, 728, 730, 734, 735, 737, 739, 744, 745, 749,
    757, 761, 768, 770, 771, 773, 774, 776, 778, 779, 781, 783
[2] 0, 2, 4, 7, 10, 17, 27, 29, 34, 38, 45, 47, 48, 49, 50, 53, 55, 57, 64,
    65, 68, 70, 71, 75, 78, 79, 81, 82, 85, 86, 89, 91, 94, 98, 101, 105, 107,
    119, 123, 125, 130, 132, 134, 135, 138, 142, 144, 145, 148, 156, 158, 162,
    164, 168, 170, 177, 180, 182, 186, 188, 191, 193, 195, 196, 198, 199, 201,
    203, 205, 206, 208, 211, 213, 214, 216, 220, 222, 223, 227, 229, 230, 231,
    232, 237, 239, 243, 244, 253, 255, 256, 263, 267, 271, 272, 274, 275, 276,
    277, 278, 279, 281, 285, 287, 288, 292, 299, 301, 303, 309, 310, 314, 317,
    321, 327, 329, 336, 337, 349, 350, 352, 355, 357, 358, 361, 362, 364, 365,
    377, 380, 382, 396, 399, 401, 404, 406, 408, 409, 411, 417, 418, 419, 420,
    426, 427, 434, 436, 437, 439, 440, 442, 445, 447, 448, 451, 452, 453, 460,
    461, 466, 475, 478, 487, 491, 495, 503, 508, 512, 513, 515, 517, 519, 523,
    524, 526, 528, 531, 540, 541, 545, 549, 551, 553, 556, 562, 569, 570, 572,
    573, 574, 575, 579, 582, 584, 585, 588, 589, 590, 593, 594, 602, 603, 607,
    610, 611, 613, 615, 617, 618, 620, 622, 626, 630, 636, 638, 642, 644, 647,
    659, 660, 662, 664, 666, 667, 672, 679, 682, 684, 686, 688, 692, 694, 700,
    701, 707, 709, 711, 712, 713, 717, 721, 725, 727, 732, 741, 743, 746, 748,
    751, 752, 754, 755, 758, 760, 762, 764, 766

Reassigned labels

Runtime: 0.5669775009155273

Performance split_log:

IM without threshold:
Map:
{"Q_0": "Q", "Q_1": "Q", "Q_2": "Q"}
token_fitness
{"perc_fit_traces": 64.0, "average_trace_fitness": 0.950688780423945, "log_fitness": 0.9544889599845467, "percentage_of_fitting_traces": 64.0}
precision
0.9706961429915334
0.7142857142857143
generalization
0.954285846577784

Adjusted Rand Index:
0.8785875781219543



Parameters of this run:

Window size: 3
Threshold for edges: 0.25
Split candidates: Q
Max number of traces: 5000000
Method for distance calculation: Distance.EDIT_DISTANCE
Method for finding clusters: ClusteringMethod.COMMUNITY_DETECTION
Original log location: ./data/noImprInLoop_default_OD\feb17-0936\logs\D_1_LogD_Sequence_feb17-0936.xes.gz
Use frequency: True

Found communities: 

Clustering with 784 elements and 3 clusters
[0] 1, 3, 6, 8, 11, 14, 16, 18, 20, 23, 25, 28, 30, 32, 36, 39, 41, 43, 46,
    52, 54, 61, 63, 66, 69, 74, 76, 80, 83, 87, 93, 95, 97, 99, 102, 104, 106,
    110, 114, 116, 118, 120, 122, 124, 127, 129, 131, 136, 139, 141, 147, 151,
    153, 155, 157, 159, 161, 163, 166, 169, 172, 174, 176, 181, 185, 189, 192,
    194, 197, 202, 204, 207, 209, 212, 215, 217, 219, 221, 224, 226, 228, 233,
    236, 238, 240, 242, 245, 247, 250, 252, 254, 257, 259, 261, 264, 266, 269,
    273, 280, 282, 284, 286, 291, 293, 295, 297, 300, 302, 304, 306, 308, 311,
    313, 316, 318, 320, 326, 328, 332, 335, 339, 341, 343, 345, 347, 351, 353,
    356, 363, 366, 368, 370, 372, 374, 376, 379, 381, 383, 385, 387, 391, 393,
    395, 398, 400, 405, 410, 413, 416, 421, 423, 435, 438, 441, 444, 446, 449,
    454, 457, 462, 465, 468, 470, 472, 479, 483, 485, 488, 490, 494, 496, 498,
    506, 509, 511, 514, 516, 518, 520, 522, 525, 527, 529, 533, 535, 537, 539,
    542, 546, 550, 555, 557, 559, 566, 571, 576, 578, 580, 583, 587, 592, 595,
    597, 599, 601, 604, 606, 609, 612, 616, 619, 621, 623, 625, 628, 631, 635,
    637, 639, 641, 643, 648, 650, 655, 658, 661, 663, 665, 668, 670, 673, 675,
    680, 683, 689, 691, 693, 697, 699, 702, 704, 706, 708, 710, 714, 716, 720,
    723, 726, 729, 731, 733, 736, 738, 740, 742, 747, 750, 753, 756, 759, 763,
    765, 767, 769, 772, 775, 777, 780, 782
[1] 5, 9, 12, 13, 15, 19, 21, 22, 24, 26, 31, 33, 35, 37, 40, 42, 44, 51, 56,
    58, 59, 60, 62, 67, 72, 73, 77, 84, 88, 90, 92, 96, 100, 103, 108, 109,
    111, 112, 113, 115, 117, 121, 126, 128, 133, 137, 140, 143, 146, 149, 150,
    152, 154, 160, 165, 167, 171, 173, 175, 178, 179, 183, 184, 187, 190, 200,
    210, 218, 225, 234, 235, 241, 246, 248, 249, 251, 258, 260, 262, 265, 268,
    270, 283, 289, 290, 294, 296, 298, 305, 307, 312, 315, 319, 322, 323, 324,
    325, 330, 331, 333, 334, 338, 340, 342, 344, 346, 348, 354, 359, 360, 367,
    369, 371, 373, 375, 378, 384, 386, 388, 389, 390, 392, 394, 397, 402, 403,
    407, 412, 414, 415, 422, 424, 425, 428, 429, 430, 431, 432, 433, 443, 450,
    455, 456, 458, 459, 463, 464, 467, 469, 471, 473, 474, 476, 477, 480, 481,
    482, 484, 486, 489, 492, 493, 497, 499, 500, 501, 502, 504, 505, 507, 510,
    521, 530, 532, 534, 536, 538, 543, 544, 547, 548, 552, 554, 558, 560, 561,
    563, 564, 565, 567, 568, 577, 581, 586, 591, 596, 598, 600, 605, 608, 614,
    624, 627, 629, 632, 633, 634, 640, 645, 646, 649, 651, 652, 653, 654, 656,
    657, 669, 671, 674, 676, 677, 678, 681, 685, 687, 690, 695, 696, 698, 703,
    705, 715, 718, 719, 722, 724, 728, 730, 734, 735, 737, 739, 744, 745, 749,
    757, 761, 768, 770, 771, 773, 774, 776, 778, 779, 781, 783
[2] 0, 2, 4, 7, 10, 17, 27, 29, 34, 38, 45, 47, 48, 49, 50, 53, 55, 57, 64,
    65, 68, 70, 71, 75, 78, 79, 81, 82, 85, 86, 89, 91, 94, 98, 101, 105, 107,
    119, 123, 125, 130, 132, 134, 135, 138, 142, 144, 145, 148, 156, 158, 162,
    164, 168, 170, 177, 180, 182, 186, 188, 191, 193, 195, 196, 198, 199, 201,
    203, 205, 206, 208, 211, 213, 214, 216, 220, 222, 223, 227, 229, 230, 231,
    232, 237, 239, 243, 244, 253, 255, 256, 263, 267, 271, 272, 274, 275, 276,
    277, 278, 279, 281, 285, 287, 288, 292, 299, 301, 303, 309, 310, 314, 317,
    321, 327, 329, 336, 337, 349, 350, 352, 355, 357, 358, 361, 362, 364, 365,
    377, 380, 382, 396, 399, 401, 404, 406, 408, 409, 411, 417, 418, 419, 420,
    426, 427, 434, 436, 437, 439, 440, 442, 445, 447, 448, 451, 452, 453, 460,
    461, 466, 475, 478, 487, 491, 495, 503, 508, 512, 513, 515, 517, 519, 523,
    524, 526, 528, 531, 540, 541, 545, 549, 551, 553, 556, 562, 569, 570, 572,
    573, 574, 575, 579, 582, 584, 585, 588, 589, 590, 593, 594, 602, 603, 607,
    610, 611, 613, 615, 617, 618, 620, 622, 626, 630, 636, 638, 642, 644, 647,
    659, 660, 662, 664, 666, 667, 672, 679, 682, 684, 686, 688, 692, 694, 700,
    701, 707, 709, 711, 712, 713, 717, 721, 725, 727, 732, 741, 743, 746, 748,
    751, 752, 754, 755, 758, 760, 762, 764, 766

Reassigned labels

Runtime: 0.4904971122741699

Performance split_log:

IM without threshold:
Map:
{"Q_0": "Q", "Q_1": "Q", "Q_2": "Q"}
token_fitness
{"perc_fit_traces": 64.0, "average_trace_fitness": 0.950688780423945, "log_fitness": 0.9544889599845467, "percentage_of_fitting_traces": 64.0}
precision
0.9706961429915334
0.7142857142857143
generalization
0.95329920668332

Adjusted Rand Index:
0.8785875781219543



Parameters of this run:

Window size: 3
Threshold for edges: 0.5
Split candidates: Q
Max number of traces: 5000000
Method for distance calculation: Distance.EDIT_DISTANCE
Method for finding clusters: ClusteringMethod.COMMUNITY_DETECTION
Original log location: ./data/noImprInLoop_default_OD\feb17-0936\logs\D_1_LogD_Sequence_feb17-0936.xes.gz
Use frequency: True

Found communities: 

Clustering with 784 elements and 3 clusters
[0] 1, 3, 6, 8, 11, 14, 16, 18, 20, 23, 25, 28, 30, 32, 36, 39, 41, 43, 46,
    52, 54, 61, 63, 66, 69, 74, 76, 80, 83, 87, 93, 95, 97, 99, 102, 104, 106,
    110, 114, 116, 118, 120, 122, 124, 127, 129, 131, 136, 139, 141, 147, 151,
    153, 155, 157, 159, 161, 163, 166, 169, 172, 174, 176, 181, 185, 189, 192,
    194, 197, 202, 204, 207, 209, 212, 215, 217, 219, 221, 224, 226, 228, 233,
    236, 238, 240, 242, 245, 247, 250, 252, 254, 257, 259, 261, 264, 266, 269,
    273, 280, 282, 284, 286, 291, 293, 295, 297, 300, 302, 304, 306, 308, 311,
    313, 316, 318, 320, 326, 328, 332, 335, 339, 341, 343, 345, 347, 351, 353,
    356, 363, 366, 368, 370, 372, 374, 376, 379, 381, 383, 385, 387, 391, 393,
    395, 398, 400, 405, 410, 413, 416, 421, 423, 435, 438, 441, 444, 446, 449,
    454, 457, 462, 465, 468, 470, 472, 479, 483, 485, 488, 490, 494, 496, 498,
    506, 509, 511, 514, 516, 518, 520, 522, 525, 527, 529, 533, 535, 537, 539,
    542, 546, 550, 555, 557, 559, 566, 571, 576, 578, 580, 583, 587, 592, 595,
    597, 599, 601, 604, 606, 609, 612, 616, 619, 621, 623, 625, 628, 631, 635,
    637, 639, 641, 643, 648, 650, 655, 658, 661, 663, 665, 668, 670, 673, 675,
    680, 683, 689, 691, 693, 697, 699, 702, 704, 706, 708, 710, 714, 716, 720,
    723, 726, 729, 731, 733, 736, 738, 740, 742, 747, 750, 753, 756, 759, 763,
    765, 767, 769, 772, 775, 777, 780, 782
[1] 5, 9, 12, 13, 15, 19, 21, 22, 24, 26, 31, 33, 35, 37, 40, 42, 44, 51, 56,
    58, 59, 60, 62, 67, 72, 73, 77, 84, 88, 90, 92, 96, 100, 103, 108, 109,
    111, 112, 113, 115, 117, 121, 126, 128, 133, 137, 140, 143, 146, 149, 150,
    152, 154, 160, 165, 167, 171, 173, 175, 178, 179, 183, 184, 187, 190, 200,
    210, 218, 225, 234, 235, 241, 246, 248, 249, 251, 258, 260, 262, 265, 268,
    270, 283, 289, 290, 294, 296, 298, 305, 307, 312, 315, 319, 322, 323, 324,
    325, 330, 331, 333, 334, 338, 340, 342, 344, 346, 348, 354, 359, 360, 367,
    369, 371, 373, 375, 378, 384, 386, 388, 389, 390, 392, 394, 397, 402, 403,
    407, 412, 414, 415, 422, 424, 425, 428, 429, 430, 431, 432, 433, 443, 450,
    455, 456, 458, 459, 463, 464, 467, 469, 471, 473, 474, 476, 477, 480, 481,
    482, 484, 486, 489, 492, 493, 497, 499, 500, 501, 502, 504, 505, 507, 510,
    521, 530, 532, 534, 536, 538, 543, 544, 547, 548, 552, 554, 558, 560, 561,
    563, 564, 565, 567, 568, 577, 581, 586, 591, 596, 598, 600, 605, 608, 614,
    624, 627, 629, 632, 633, 634, 640, 645, 646, 649, 651, 652, 653, 654, 656,
    657, 669, 671, 674, 676, 677, 678, 681, 685, 687, 690, 695, 696, 698, 703,
    705, 715, 718, 719, 722, 724, 728, 730, 734, 735, 737, 739, 744, 745, 749,
    757, 761, 768, 770, 771, 773, 774, 776, 778, 779, 781, 783
[2] 0, 2, 4, 7, 10, 17, 27, 29, 34, 38, 45, 47, 48, 49, 50, 53, 55, 57, 64,
    65, 68, 70, 71, 75, 78, 79, 81, 82, 85, 86, 89, 91, 94, 98, 101, 105, 107,
    119, 123, 125, 130, 132, 134, 135, 138, 142, 144, 145, 148, 156, 158, 162,
    164, 168, 170, 177, 180, 182, 186, 188, 191, 193, 195, 196, 198, 199, 201,
    203, 205, 206, 208, 211, 213, 214, 216, 220, 222, 223, 227, 229, 230, 231,
    232, 237, 239, 243, 244, 253, 255, 256, 263, 267, 271, 272, 274, 275, 276,
    277, 278, 279, 281, 285, 287, 288, 292, 299, 301, 303, 309, 310, 314, 317,
    321, 327, 329, 336, 337, 349, 350, 352, 355, 357, 358, 361, 362, 364, 365,
    377, 380, 382, 396, 399, 401, 404, 406, 408, 409, 411, 417, 418, 419, 420,
    426, 427, 434, 436, 437, 439, 440, 442, 445, 447, 448, 451, 452, 453, 460,
    461, 466, 475, 478, 487, 491, 495, 503, 508, 512, 513, 515, 517, 519, 523,
    524, 526, 528, 531, 540, 541, 545, 549, 551, 553, 556, 562, 569, 570, 572,
    573, 574, 575, 579, 582, 584, 585, 588, 589, 590, 593, 594, 602, 603, 607,
    610, 611, 613, 615, 617, 618, 620, 622, 626, 630, 636, 638, 642, 644, 647,
    659, 660, 662, 664, 666, 667, 672, 679, 682, 684, 686, 688, 692, 694, 700,
    701, 707, 709, 711, 712, 713, 717, 721, 725, 727, 732, 741, 743, 746, 748,
    751, 752, 754, 755, 758, 760, 762, 764, 766

Reassigned labels

Runtime: 0.4679880142211914

Performance split_log:

IM without threshold:
Map:
{"Q_0": "Q", "Q_1": "Q", "Q_2": "Q"}
token_fitness
{"perc_fit_traces": 100.0, "average_trace_fitness": 1.0, "log_fitness": 1.0, "percentage_of_fitting_traces": 100.0}
precision
0.9635960226805818
0.7142857142857143
generalization
0.9560119841905118

Adjusted Rand Index:
0.8785875781219543



Parameters of this run:

Window size: 3
Threshold for edges: 0.75
Split candidates: Q
Max number of traces: 5000000
Method for distance calculation: Distance.EDIT_DISTANCE
Method for finding clusters: ClusteringMethod.COMMUNITY_DETECTION
Original log location: ./data/noImprInLoop_default_OD\feb17-0936\logs\D_1_LogD_Sequence_feb17-0936.xes.gz
Use frequency: True

Found communities: 

Clustering with 784 elements and 9 clusters
[0] 11, 14, 16, 18, 28, 32, 39, 43, 52, 61, 76, 80, 83, 87, 97, 104, 106, 110,
    124, 127, 129, 136, 139, 141, 151, 153, 155, 166, 172, 185, 192, 194, 221,
    233, 236, 238, 240, 242, 247, 252, 254, 269, 286, 291, 297, 300, 302, 306,
    316, 318, 320, 326, 335, 339, 343, 345, 356, 363, 376, 383, 385, 398, 400,
    405, 416, 423, 435, 444, 449, 457, 465, 470, 479, 490, 494, 498, 516, 518,
    522, 525, 527, 533, 535, 537, 542, 555, 559, 566, 576, 578, 592, 595, 601,
    612, 621, 623, 625, 631, 635, 655, 658, 665, 673, 683, 691, 697, 699, 706,
    708, 720, 726, 731, 740, 750, 753, 756, 759, 765, 769, 777, 780
[1] 3, 6, 8, 20, 23, 25, 30, 36, 41, 46, 63, 69, 74, 93, 95, 102, 114, 116,
    118, 122, 131, 147, 157, 159, 161, 163, 169, 174, 176, 189, 197, 202, 207,
    212, 219, 224, 226, 228, 250, 257, 259, 261, 264, 266, 273, 280, 284, 293,
    295, 308, 313, 328, 332, 341, 347, 351, 366, 368, 370, 372, 374, 379, 387,
    391, 393, 395, 413, 421, 438, 446, 454, 462, 468, 472, 483, 485, 496, 506,
    509, 511, 514, 529, 539, 546, 571, 583, 587, 597, 599, 604, 606, 609, 616,
    619, 628, 637, 641, 643, 650, 661, 663, 670, 675, 693, 704, 714, 716, 723,
    729, 736, 738, 763, 767, 772, 775, 782
[2] 2, 4, 7, 27, 29, 34, 49, 55, 64, 68, 70, 75, 79, 81, 82, 89, 94, 101, 107,
    123, 132, 138, 145, 148, 156, 162, 168, 170, 186, 188, 191, 193, 205, 206,
    211, 222, 223, 237, 239, 243, 263, 267, 275, 278, 279, 287, 299, 314, 317,
    327, 329, 336, 337, 357, 361, 362, 364, 365, 399, 401, 404, 406, 411, 426,
    427, 434, 437, 442, 447, 448, 460, 461, 508, 517, 526, 528, 531, 562, 570,
    574, 575, 582, 590, 594, 610, 611, 613, 617, 620, 622, 626, 630, 642, 666,
    672, 682, 700, 707, 711, 712, 725, 743, 748, 752, 754, 760
[3] 5, 9, 15, 19, 21, 26, 33, 35, 37, 62, 88, 90, 103, 126, 152, 165, 167,
    171, 173, 183, 184, 225, 249, 251, 258, 265, 289, 296, 307, 319, 322, 323,
    346, 348, 369, 371, 373, 375, 384, 388, 397, 402, 407, 412, 414, 422, 424,
    431, 450, 455, 458, 459, 471, 476, 482, 484, 486, 501, 504, 505, 532, 554,
    560, 561, 563, 567, 577, 600, 608, 629, 632, 634, 640, 645, 652, 654, 656,
    657, 671, 676, 687, 695, 696, 703, 705, 718, 722, 757, 761, 768, 776, 778,
    781
[4] 12, 13, 22, 40, 42, 60, 92, 100, 108, 111, 121, 128, 133, 137, 140, 146,
    154, 175, 179, 187, 210, 218, 235, 241, 260, 262, 268, 270, 298, 324, 330,
    334, 338, 340, 342, 354, 359, 360, 367, 378, 386, 389, 392, 415, 428, 429,
    432, 433, 443, 456, 463, 467, 469, 473, 477, 480, 492, 493, 497, 502, 530,
    538, 548, 558, 568, 586, 598, 605, 614, 624, 627, 633, 646, 651, 653, 674,
    677, 678, 690, 698, 719, 724, 728, 737, 739, 744, 745, 749, 774
[5] 10, 17, 38, 45, 47, 48, 78, 86, 91, 105, 130, 135, 144, 158, 164, 177,
    182, 196, 198, 199, 201, 213, 220, 227, 229, 230, 232, 253, 256, 272, 274,
    285, 288, 292, 301, 321, 349, 350, 355, 358, 382, 417, 418, 420, 436, 439,
    445, 451, 453, 466, 475, 478, 495, 512, 513, 515, 524, 541, 545, 551, 553,
    569, 572, 573, 584, 585, 603, 607, 615, 618, 636, 660, 662, 664, 684, 692,
    713, 727, 755, 758, 762, 764, 766
[6] 24, 31, 44, 51, 56, 58, 59, 67, 72, 73, 77, 84, 96, 109, 112, 113, 115,
    117, 143, 149, 150, 160, 178, 190, 200, 234, 246, 248, 283, 290, 294, 305,
    312, 315, 325, 331, 333, 344, 390, 394, 403, 425, 430, 464, 474, 481, 489,
    499, 500, 507, 510, 521, 534, 536, 543, 544, 547, 552, 564, 565, 581, 591,
    596, 649, 669, 681, 685, 715, 730, 734, 735, 770, 771, 773, 779, 783
[7] 0, 50, 53, 57, 65, 71, 85, 98, 119, 125, 134, 142, 180, 195, 203, 208,
    214, 216, 231, 244, 255, 271, 276, 277, 281, 303, 309, 310, 352, 377, 380,
    396, 408, 409, 419, 440, 452, 487, 491, 503, 519, 523, 540, 549, 556, 579,
    588, 589, 593, 602, 638, 644, 647, 659, 667, 679, 686, 688, 694, 701, 709,
    717, 721, 732, 741, 746, 751
[8] 1, 54, 66, 99, 120, 181, 204, 209, 215, 217, 245, 282, 304, 311, 353, 381,
    410, 441, 488, 520, 550, 557, 580, 639, 648, 668, 680, 689, 702, 710, 733,
    742, 747

Reassigned labels

Runtime: 0.46681809425354004

Performance split_log:

IM without threshold:
Map:
{"Q_0": "Q", "Q_1": "Q", "Q_2": "Q", "Q_3": "Q", "Q_4": "Q", "Q_5": "Q", "Q_6": "Q", "Q_7": "Q", "Q_8": "Q"}
token_fitness
{"perc_fit_traces": 90.1, "average_trace_fitness": 0.9943961199693537, "log_fitness": 0.9945150930812721, "percentage_of_fitting_traces": 90.1}
precision
0.8321507760532151
0.6744186046511628
generalization
0.9198387065960727

Adjusted Rand Index:
0.7924355002690969



Parameters of this run:

Window size: 3
Threshold for edges: 1
Split candidates: Q
Max number of traces: 5000000
Method for distance calculation: Distance.EDIT_DISTANCE
Method for finding clusters: ClusteringMethod.COMMUNITY_DETECTION
Original log location: ./data/noImprInLoop_default_OD\feb17-0936\logs\D_1_LogD_Sequence_feb17-0936.xes.gz
Use frequency: True

Found communities: 

Clustering with 784 elements and 50 clusters
[ 0] 14, 16, 43, 61, 104, 127, 129, 141, 153, 155, 166, 172, 185, 236, 242,
     252, 269, 297, 320, 335, 339, 343, 376, 385, 398, 416, 423, 444, 457,
     470, 494, 498, 533, 555, 559, 578, 601, 625, 635, 655, 658, 691, 697,
     699, 706, 720, 740, 750, 769, 777
[ 1] 6, 20, 23, 36, 41, 63, 93, 122, 147, 174, 176, 219, 226, 250, 259, 261,
     266, 308, 341, 347, 368, 370, 372, 374, 379, 387, 393, 413, 468, 472,
     483, 485, 506, 539, 587, 599, 606, 609, 628, 641, 675, 704, 723, 729,
     738, 775, 782
[ 2] 28, 76, 80, 83, 124, 139, 192, 194, 238, 240, 300, 318, 363, 400, 405,
     435, 449, 518, 527, 576, 595, 612, 621, 623, 631, 673, 683, 708, 726, 753
[ 3] 45, 130, 158, 196, 201, 227, 256, 272, 292, 350, 420, 445, 453, 495, 513,
     545, 603, 615, 618, 636, 660, 662, 692, 713, 762, 766
[ 4] 46, 131, 159, 197, 202, 228, 257, 273, 293, 351, 421, 446, 454, 496, 514,
     546, 604, 616, 619, 637, 661, 663, 693, 714, 763, 767
[ 5] 13, 42, 60, 128, 140, 154, 235, 241, 268, 334, 338, 342, 415, 443, 456,
     469, 493, 497, 558, 624, 690, 698, 719, 739, 749
[ 6] 15, 103, 126, 152, 165, 171, 184, 251, 296, 319, 375, 384, 397, 422, 532,
     554, 577, 600, 634, 654, 657, 696, 705, 768, 776
[ 7] 3, 8, 30, 69, 95, 102, 157, 163, 169, 189, 207, 212, 224, 264, 280, 328,
     366, 438, 462, 509, 529, 571, 583, 643
[ 8] 5, 19, 35, 62, 173, 225, 249, 258, 265, 307, 346, 369, 371, 373, 412,
     471, 482, 484, 505, 608, 640, 703, 722, 781
[ 9] 22, 40, 92, 121, 146, 175, 218, 260, 340, 367, 378, 386, 392, 467, 538,
     586, 598, 605, 627, 674, 728, 737, 774
[10] 9, 33, 37, 88, 90, 183, 323, 402, 414, 424, 486, 501, 504, 560, 563, 629,
     632, 645, 676, 695, 757, 761
[11] 21, 26, 167, 289, 322, 348, 388, 407, 431, 450, 455, 458, 459, 476, 561,
     567, 652, 656, 671, 687, 718, 778
[12] 10, 17, 38, 86, 105, 135, 220, 232, 253, 285, 301, 355, 382, 478, 515,
     524, 541, 664, 755, 758, 764
[13] 11, 18, 39, 87, 106, 136, 221, 233, 254, 286, 302, 356, 383, 479, 516,
     525, 542, 665, 756, 759, 765
[14] 108, 111, 133, 137, 179, 187, 270, 298, 324, 330, 433, 477, 480, 492,
     502, 548, 568, 614, 646, 651, 678
[15] 12, 100, 210, 262, 354, 359, 360, 389, 428, 429, 432, 463, 473, 530, 633,
     653, 677, 724, 744, 745
[16] 31, 51, 96, 109, 150, 246, 290, 305, 315, 325, 344, 464, 489, 521, 534,
     536, 565, 591, 730, 779
[17] 32, 52, 97, 110, 151, 247, 291, 306, 316, 326, 345, 465, 490, 522, 535,
     537, 566, 592, 731, 780
[18] 56, 72, 77, 84, 112, 143, 149, 403, 425, 430, 474, 499, 500, 507, 543,
     544, 552, 581, 685, 783
[19] 24, 73, 113, 115, 117, 160, 283, 294, 312, 331, 390, 394, 510, 596, 649,
     669, 715, 735, 771
[20] 25, 74, 114, 116, 118, 161, 284, 295, 313, 332, 391, 395, 511, 597, 650,
     670, 716, 736, 772
[21] 47, 48, 78, 91, 164, 177, 213, 321, 417, 439, 451, 466, 475, 553, 569,
     572, 573, 684
[22] 144, 182, 198, 199, 229, 230, 274, 288, 349, 358, 418, 436, 512, 551,
     584, 585, 607, 727
[23] 1, 54, 66, 215, 245, 304, 353, 381, 441, 488, 550, 639, 648, 680, 702,
     710, 742
[24] 44, 58, 59, 67, 178, 190, 200, 234, 248, 333, 481, 547, 564, 681, 734,
     770, 773
[25] 99, 120, 181, 204, 209, 217, 282, 311, 410, 520, 557, 580, 668, 689, 733,
     747
[26] 79, 193, 299, 362, 399, 517, 575, 594, 611, 620, 672, 707, 725, 752
[27] 50, 65, 214, 244, 377, 503, 523, 589, 679, 694, 741, 751
[28] 49, 148, 267, 361, 666, 700, 711, 712, 743, 754
[29] 53, 71, 125, 231, 380, 440, 452, 588, 647, 709
[30] 57, 85, 310, 556, 593, 659, 667, 717, 721
[31] 170, 186, 406, 447, 562, 574, 590, 748, 760
[32] 119, 180, 203, 255, 491, 644, 688, 746
[33] 216, 271, 396, 409, 419, 519, 579, 732
[34] 98, 208, 277, 281, 309, 408, 540
[35] 156, 162, 223, 279, 327, 570, 582
[36] 134, 195, 352, 487, 549, 602, 686
[37] 0, 142, 276, 303, 638, 701
[38] 29, 94, 101, 168, 461, 528
[39] 75, 82, 123, 138, 237, 526
[40] 70, 89, 205, 243, 336, 617
[41] 2, 7, 206, 211, 365, 642
[42] 107, 132, 222, 314, 329, 442
[43] 64, 401, 411, 427, 460, 531
[44] 4, 145, 275, 364, 426
[45] 27, 191, 239, 622, 630
[46] 34, 81, 287, 337, 610
[47] 68, 188, 263, 437, 508
[48] 55, 278, 357, 613, 626
[49] 317, 404, 434, 448, 682

Reassigned labels

Runtime: 0.46555161476135254

Performance split_log:

IM without threshold:
Map:
{"Q_0": "Q", "Q_1": "Q", "Q_2": "Q", "Q_3": "Q", "Q_4": "Q", "Q_5": "Q", "Q_6": "Q", "Q_7": "Q", "Q_8": "Q", "Q_9": "Q", "Q_10": "Q", "Q_11": "Q", "Q_12": "Q", "Q_13": "Q", "Q_14": "Q", "Q_15": "Q", "Q_16": "Q", "Q_17": "Q", "Q_18": "Q", "Q_19": "Q", "Q_20": "Q", "Q_21": "Q", "Q_22": "Q", "Q_23": "Q", "Q_24": "Q", "Q_25": "Q", "Q_26": "Q", "Q_27": "Q", "Q_28": "Q", "Q_29": "Q", "Q_30": "Q", "Q_31": "Q", "Q_32": "Q", "Q_33": "Q", "Q_34": "Q", "Q_35": "Q", "Q_36": "Q", "Q_37": "Q", "Q_38": "Q", "Q_39": "Q", "Q_40": "Q", "Q_41": "Q", "Q_42": "Q", "Q_43": "Q", "Q_44": "Q", "Q_45": "Q", "Q_46": "Q", "Q_47": "Q", "Q_48": "Q", "Q_49": "Q"}
token_fitness
{"perc_fit_traces": 3.6, "average_trace_fitness": 0.9209350277667143, "log_fitness": 0.9285778001208418, "percentage_of_fitting_traces": 3.6}
precision
0.6124819624819624
0.6578947368421053
generalization
0.6114845245034013

Adjusted Rand Index:
0.26876769138698614



Parameters of this run:

Window size: 3
Threshold for edges: 0
Split candidates: Q
Max number of traces: 5000000
Method for distance calculation: Distance.SET_DISTANCE
Method for finding clusters: ClusteringMethod.COMMUNITY_DETECTION
Original log location: ./data/noImprInLoop_default_OD\feb17-0936\logs\D_1_LogD_Sequence_feb17-0936.xes.gz
Use frequency: True

Found communities: 

Clustering with 784 elements and 3 clusters
[0] 1, 3, 6, 8, 11, 14, 16, 18, 20, 23, 25, 28, 30, 32, 36, 39, 41, 43, 46,
    52, 54, 61, 63, 66, 69, 74, 76, 80, 83, 87, 93, 95, 97, 99, 102, 104, 106,
    110, 114, 116, 118, 120, 122, 124, 127, 129, 131, 136, 139, 141, 147, 151,
    153, 155, 157, 159, 161, 163, 166, 169, 172, 174, 176, 181, 185, 189, 192,
    194, 197, 202, 204, 207, 209, 212, 215, 217, 219, 221, 224, 226, 228, 233,
    236, 238, 240, 242, 245, 247, 250, 252, 254, 257, 259, 261, 264, 266, 269,
    273, 280, 282, 284, 286, 291, 293, 295, 297, 300, 302, 304, 306, 308, 311,
    313, 316, 318, 320, 326, 328, 332, 335, 339, 341, 343, 345, 347, 351, 353,
    356, 363, 366, 368, 370, 372, 374, 376, 379, 381, 383, 385, 387, 391, 393,
    395, 398, 400, 405, 410, 413, 416, 421, 423, 435, 438, 441, 444, 446, 449,
    454, 457, 462, 465, 468, 470, 472, 479, 483, 485, 488, 490, 494, 496, 498,
    506, 509, 511, 514, 516, 518, 520, 522, 525, 527, 529, 533, 535, 537, 539,
    542, 546, 550, 555, 557, 559, 566, 571, 576, 578, 580, 583, 587, 592, 595,
    597, 599, 601, 604, 606, 609, 612, 616, 619, 621, 623, 625, 628, 631, 635,
    637, 639, 641, 643, 648, 650, 655, 658, 661, 663, 665, 668, 670, 673, 675,
    680, 683, 689, 691, 693, 697, 699, 702, 704, 706, 708, 710, 714, 716, 720,
    723, 726, 729, 731, 733, 736, 738, 740, 742, 747, 750, 753, 756, 759, 763,
    765, 767, 769, 772, 775, 777, 780, 782
[1] 5, 9, 12, 13, 15, 19, 21, 22, 24, 26, 31, 33, 35, 37, 40, 42, 44, 51, 56,
    58, 59, 60, 62, 67, 72, 73, 77, 84, 88, 90, 92, 96, 100, 103, 108, 109,
    111, 112, 113, 115, 117, 121, 126, 128, 133, 137, 140, 143, 146, 149, 150,
    152, 154, 160, 165, 167, 171, 173, 175, 178, 179, 183, 184, 187, 190, 200,
    210, 218, 225, 234, 235, 241, 246, 248, 249, 251, 258, 260, 262, 265, 268,
    270, 283, 289, 290, 294, 296, 298, 305, 307, 312, 315, 319, 322, 323, 324,
    325, 330, 331, 333, 334, 338, 340, 342, 344, 346, 348, 354, 359, 360, 367,
    369, 371, 373, 375, 378, 384, 386, 388, 389, 390, 392, 394, 397, 402, 403,
    407, 412, 414, 415, 422, 424, 425, 428, 429, 430, 431, 432, 433, 443, 450,
    455, 456, 458, 459, 463, 464, 467, 469, 471, 473, 474, 476, 477, 480, 481,
    482, 484, 486, 489, 492, 493, 497, 499, 500, 501, 502, 504, 505, 507, 510,
    521, 530, 532, 534, 536, 538, 543, 544, 547, 548, 552, 554, 558, 560, 561,
    563, 564, 565, 567, 568, 577, 581, 586, 591, 596, 598, 600, 605, 608, 614,
    624, 627, 629, 632, 633, 634, 640, 645, 646, 649, 651, 652, 653, 654, 656,
    657, 669, 671, 674, 676, 677, 678, 681, 685, 687, 690, 695, 696, 698, 703,
    705, 715, 718, 719, 722, 724, 728, 730, 734, 735, 737, 739, 744, 745, 749,
    757, 761, 768, 770, 771, 773, 774, 776, 778, 779, 781, 783
[2] 0, 2, 4, 7, 10, 17, 27, 29, 34, 38, 45, 47, 48, 49, 50, 53, 55, 57, 64,
    65, 68, 70, 71, 75, 78, 79, 81, 82, 85, 86, 89, 91, 94, 98, 101, 105, 107,
    119, 123, 125, 130, 132, 134, 135, 138, 142, 144, 145, 148, 156, 158, 162,
    164, 168, 170, 177, 180, 182, 186, 188, 191, 193, 195, 196, 198, 199, 201,
    203, 205, 206, 208, 211, 213, 214, 216, 220, 222, 223, 227, 229, 230, 231,
    232, 237, 239, 243, 244, 253, 255, 256, 263, 267, 271, 272, 274, 275, 276,
    277, 278, 279, 281, 285, 287, 288, 292, 299, 301, 303, 309, 310, 314, 317,
    321, 327, 329, 336, 337, 349, 350, 352, 355, 357, 358, 361, 362, 364, 365,
    377, 380, 382, 396, 399, 401, 404, 406, 408, 409, 411, 417, 418, 419, 420,
    426, 427, 434, 436, 437, 439, 440, 442, 445, 447, 448, 451, 452, 453, 460,
    461, 466, 475, 478, 487, 491, 495, 503, 508, 512, 513, 515, 517, 519, 523,
    524, 526, 528, 531, 540, 541, 545, 549, 551, 553, 556, 562, 569, 570, 572,
    573, 574, 575, 579, 582, 584, 585, 588, 589, 590, 593, 594, 602, 603, 607,
    610, 611, 613, 615, 617, 618, 620, 622, 626, 630, 636, 638, 642, 644, 647,
    659, 660, 662, 664, 666, 667, 672, 679, 682, 684, 686, 688, 692, 694, 700,
    701, 707, 709, 711, 712, 713, 717, 721, 725, 727, 732, 741, 743, 746, 748,
    751, 752, 754, 755, 758, 760, 762, 764, 766

Reassigned labels

Runtime: 0.5316412448883057

Performance split_log:

IM without threshold:
Map:
{"Q_0": "Q", "Q_1": "Q", "Q_2": "Q"}
token_fitness
{"perc_fit_traces": 64.0, "average_trace_fitness": 0.9637899167210594, "log_fitness": 0.9690316048063439, "percentage_of_fitting_traces": 64.0}
precision
0.9706961429915334
0.7142857142857143
generalization
0.9162878576663844

Adjusted Rand Index:
0.8785875781219543



Parameters of this run:

Window size: 3
Threshold for edges: 0.25
Split candidates: Q
Max number of traces: 5000000
Method for distance calculation: Distance.SET_DISTANCE
Method for finding clusters: ClusteringMethod.COMMUNITY_DETECTION
Original log location: ./data/noImprInLoop_default_OD\feb17-0936\logs\D_1_LogD_Sequence_feb17-0936.xes.gz
Use frequency: True

Found communities: 

Clustering with 784 elements and 3 clusters
[0] 1, 3, 6, 8, 11, 14, 16, 18, 20, 23, 25, 28, 30, 32, 36, 39, 41, 43, 46,
    52, 54, 61, 63, 66, 69, 74, 76, 80, 83, 87, 93, 95, 97, 99, 102, 104, 106,
    110, 114, 116, 118, 120, 122, 124, 127, 129, 131, 136, 139, 141, 147, 151,
    153, 155, 157, 159, 161, 163, 166, 169, 172, 174, 176, 181, 185, 189, 192,
    194, 197, 202, 204, 207, 209, 212, 215, 217, 219, 221, 224, 226, 228, 233,
    236, 238, 240, 242, 245, 247, 250, 252, 254, 257, 259, 261, 264, 266, 269,
    273, 280, 282, 284, 286, 291, 293, 295, 297, 300, 302, 304, 306, 308, 311,
    313, 316, 318, 320, 326, 328, 332, 335, 339, 341, 343, 345, 347, 351, 353,
    356, 363, 366, 368, 370, 372, 374, 376, 379, 381, 383, 385, 387, 391, 393,
    395, 398, 400, 405, 410, 413, 416, 421, 423, 435, 438, 441, 444, 446, 449,
    454, 457, 462, 465, 468, 470, 472, 479, 483, 485, 488, 490, 494, 496, 498,
    506, 509, 511, 514, 516, 518, 520, 522, 525, 527, 529, 533, 535, 537, 539,
    542, 546, 550, 555, 557, 559, 566, 571, 576, 578, 580, 583, 587, 592, 595,
    597, 599, 601, 604, 606, 609, 612, 616, 619, 621, 623, 625, 628, 631, 635,
    637, 639, 641, 643, 648, 650, 655, 658, 661, 663, 665, 668, 670, 673, 675,
    680, 683, 689, 691, 693, 697, 699, 702, 704, 706, 708, 710, 714, 716, 720,
    723, 726, 729, 731, 733, 736, 738, 740, 742, 747, 750, 753, 756, 759, 763,
    765, 767, 769, 772, 775, 777, 780, 782
[1] 5, 9, 12, 13, 15, 19, 21, 22, 24, 26, 31, 33, 35, 37, 40, 42, 44, 51, 56,
    58, 59, 60, 62, 67, 72, 73, 77, 84, 88, 90, 92, 96, 100, 103, 108, 109,
    111, 112, 113, 115, 117, 121, 126, 128, 133, 137, 140, 143, 146, 149, 150,
    152, 154, 160, 165, 167, 171, 173, 175, 178, 179, 183, 184, 187, 190, 200,
    210, 218, 225, 234, 235, 241, 246, 248, 249, 251, 258, 260, 262, 265, 268,
    270, 283, 289, 290, 294, 296, 298, 305, 307, 312, 315, 319, 322, 323, 324,
    325, 330, 331, 333, 334, 338, 340, 342, 344, 346, 348, 354, 359, 360, 367,
    369, 371, 373, 375, 378, 384, 386, 388, 389, 390, 392, 394, 397, 402, 403,
    407, 412, 414, 415, 422, 424, 425, 428, 429, 430, 431, 432, 433, 443, 450,
    455, 456, 458, 459, 463, 464, 467, 469, 471, 473, 474, 476, 477, 480, 481,
    482, 484, 486, 489, 492, 493, 497, 499, 500, 501, 502, 504, 505, 507, 510,
    521, 530, 532, 534, 536, 538, 543, 544, 547, 548, 552, 554, 558, 560, 561,
    563, 564, 565, 567, 568, 577, 581, 586, 591, 596, 598, 600, 605, 608, 614,
    624, 627, 629, 632, 633, 634, 640, 645, 646, 649, 651, 652, 653, 654, 656,
    657, 669, 671, 674, 676, 677, 678, 681, 685, 687, 690, 695, 696, 698, 703,
    705, 715, 718, 719, 722, 724, 728, 730, 734, 735, 737, 739, 744, 745, 749,
    757, 761, 768, 770, 771, 773, 774, 776, 778, 779, 781, 783
[2] 0, 2, 4, 7, 10, 17, 27, 29, 34, 38, 45, 47, 48, 49, 50, 53, 55, 57, 64,
    65, 68, 70, 71, 75, 78, 79, 81, 82, 85, 86, 89, 91, 94, 98, 101, 105, 107,
    119, 123, 125, 130, 132, 134, 135, 138, 142, 144, 145, 148, 156, 158, 162,
    164, 168, 170, 177, 180, 182, 186, 188, 191, 193, 195, 196, 198, 199, 201,
    203, 205, 206, 208, 211, 213, 214, 216, 220, 222, 223, 227, 229, 230, 231,
    232, 237, 239, 243, 244, 253, 255, 256, 263, 267, 271, 272, 274, 275, 276,
    277, 278, 279, 281, 285, 287, 288, 292, 299, 301, 303, 309, 310, 314, 317,
    321, 327, 329, 336, 337, 349, 350, 352, 355, 357, 358, 361, 362, 364, 365,
    377, 380, 382, 396, 399, 401, 404, 406, 408, 409, 411, 417, 418, 419, 420,
    426, 427, 434, 436, 437, 439, 440, 442, 445, 447, 448, 451, 452, 453, 460,
    461, 466, 475, 478, 487, 491, 495, 503, 508, 512, 513, 515, 517, 519, 523,
    524, 526, 528, 531, 540, 541, 545, 549, 551, 553, 556, 562, 569, 570, 572,
    573, 574, 575, 579, 582, 584, 585, 588, 589, 590, 593, 594, 602, 603, 607,
    610, 611, 613, 615, 617, 618, 620, 622, 626, 630, 636, 638, 642, 644, 647,
    659, 660, 662, 664, 666, 667, 672, 679, 682, 684, 686, 688, 692, 694, 700,
    701, 707, 709, 711, 712, 713, 717, 721, 725, 727, 732, 741, 743, 746, 748,
    751, 752, 754, 755, 758, 760, 762, 764, 766

Reassigned labels

Runtime: 0.48833441734313965

Performance split_log:

IM without threshold:
Map:
{"Q_0": "Q", "Q_1": "Q", "Q_2": "Q"}
token_fitness
{"perc_fit_traces": 100.0, "average_trace_fitness": 1.0, "log_fitness": 1.0, "percentage_of_fitting_traces": 100.0}
precision
0.9635960226805818
0.7142857142857143
generalization
0.9560119841905118

Adjusted Rand Index:
0.8785875781219543



Parameters of this run:

Window size: 3
Threshold for edges: 0.5
Split candidates: Q
Max number of traces: 5000000
Method for distance calculation: Distance.SET_DISTANCE
Method for finding clusters: ClusteringMethod.COMMUNITY_DETECTION
Original log location: ./data/noImprInLoop_default_OD\feb17-0936\logs\D_1_LogD_Sequence_feb17-0936.xes.gz
Use frequency: True

Found communities: 

Clustering with 784 elements and 3 clusters
[0] 1, 3, 6, 8, 11, 14, 16, 18, 20, 23, 25, 28, 30, 32, 36, 39, 41, 43, 46,
    52, 54, 61, 63, 66, 69, 74, 76, 80, 83, 87, 93, 95, 97, 99, 102, 104, 106,
    110, 114, 116, 118, 120, 122, 124, 127, 129, 131, 136, 139, 141, 147, 151,
    153, 155, 157, 159, 161, 163, 166, 169, 172, 174, 176, 181, 185, 189, 192,
    194, 197, 202, 204, 207, 209, 212, 215, 217, 219, 221, 224, 226, 228, 233,
    236, 238, 240, 242, 245, 247, 250, 252, 254, 257, 259, 261, 264, 266, 269,
    273, 280, 282, 284, 286, 291, 293, 295, 297, 300, 302, 304, 306, 308, 311,
    313, 316, 318, 320, 326, 328, 332, 335, 339, 341, 343, 345, 347, 351, 353,
    356, 363, 366, 368, 370, 372, 374, 376, 379, 381, 383, 385, 387, 391, 393,
    395, 398, 400, 405, 410, 413, 416, 421, 423, 435, 438, 441, 444, 446, 449,
    454, 457, 462, 465, 468, 470, 472, 479, 483, 485, 488, 490, 494, 496, 498,
    506, 509, 511, 514, 516, 518, 520, 522, 525, 527, 529, 533, 535, 537, 539,
    542, 546, 550, 555, 557, 559, 566, 571, 576, 578, 580, 583, 587, 592, 595,
    597, 599, 601, 604, 606, 609, 612, 616, 619, 621, 623, 625, 628, 631, 635,
    637, 639, 641, 643, 648, 650, 655, 658, 661, 663, 665, 668, 670, 673, 675,
    680, 683, 689, 691, 693, 697, 699, 702, 704, 706, 708, 710, 714, 716, 720,
    723, 726, 729, 731, 733, 736, 738, 740, 742, 747, 750, 753, 756, 759, 763,
    765, 767, 769, 772, 775, 777, 780, 782
[1] 5, 9, 12, 13, 15, 19, 21, 22, 24, 26, 31, 33, 35, 37, 40, 42, 44, 51, 56,
    58, 59, 60, 62, 67, 72, 73, 77, 84, 88, 90, 92, 96, 100, 103, 108, 109,
    111, 112, 113, 115, 117, 121, 126, 128, 133, 137, 140, 143, 146, 149, 150,
    152, 154, 160, 165, 167, 171, 173, 175, 178, 179, 183, 184, 187, 190, 200,
    210, 218, 225, 234, 235, 241, 246, 248, 249, 251, 258, 260, 262, 265, 268,
    270, 283, 289, 290, 294, 296, 298, 305, 307, 312, 315, 319, 322, 323, 324,
    325, 330, 331, 333, 334, 338, 340, 342, 344, 346, 348, 354, 359, 360, 367,
    369, 371, 373, 375, 378, 384, 386, 388, 389, 390, 392, 394, 397, 402, 403,
    407, 412, 414, 415, 422, 424, 425, 428, 429, 430, 431, 432, 433, 443, 450,
    455, 456, 458, 459, 463, 464, 467, 469, 471, 473, 474, 476, 477, 480, 481,
    482, 484, 486, 489, 492, 493, 497, 499, 500, 501, 502, 504, 505, 507, 510,
    521, 530, 532, 534, 536, 538, 543, 544, 547, 548, 552, 554, 558, 560, 561,
    563, 564, 565, 567, 568, 577, 581, 586, 591, 596, 598, 600, 605, 608, 614,
    624, 627, 629, 632, 633, 634, 640, 645, 646, 649, 651, 652, 653, 654, 656,
    657, 669, 671, 674, 676, 677, 678, 681, 685, 687, 690, 695, 696, 698, 703,
    705, 715, 718, 719, 722, 724, 728, 730, 734, 735, 737, 739, 744, 745, 749,
    757, 761, 768, 770, 771, 773, 774, 776, 778, 779, 781, 783
[2] 0, 2, 4, 7, 10, 17, 27, 29, 34, 38, 45, 47, 48, 49, 50, 53, 55, 57, 64,
    65, 68, 70, 71, 75, 78, 79, 81, 82, 85, 86, 89, 91, 94, 98, 101, 105, 107,
    119, 123, 125, 130, 132, 134, 135, 138, 142, 144, 145, 148, 156, 158, 162,
    164, 168, 170, 177, 180, 182, 186, 188, 191, 193, 195, 196, 198, 199, 201,
    203, 205, 206, 208, 211, 213, 214, 216, 220, 222, 223, 227, 229, 230, 231,
    232, 237, 239, 243, 244, 253, 255, 256, 263, 267, 271, 272, 274, 275, 276,
    277, 278, 279, 281, 285, 287, 288, 292, 299, 301, 303, 309, 310, 314, 317,
    321, 327, 329, 336, 337, 349, 350, 352, 355, 357, 358, 361, 362, 364, 365,
    377, 380, 382, 396, 399, 401, 404, 406, 408, 409, 411, 417, 418, 419, 420,
    426, 427, 434, 436, 437, 439, 440, 442, 445, 447, 448, 451, 452, 453, 460,
    461, 466, 475, 478, 487, 491, 495, 503, 508, 512, 513, 515, 517, 519, 523,
    524, 526, 528, 531, 540, 541, 545, 549, 551, 553, 556, 562, 569, 570, 572,
    573, 574, 575, 579, 582, 584, 585, 588, 589, 590, 593, 594, 602, 603, 607,
    610, 611, 613, 615, 617, 618, 620, 622, 626, 630, 636, 638, 642, 644, 647,
    659, 660, 662, 664, 666, 667, 672, 679, 682, 684, 686, 688, 692, 694, 700,
    701, 707, 709, 711, 712, 713, 717, 721, 725, 727, 732, 741, 743, 746, 748,
    751, 752, 754, 755, 758, 760, 762, 764, 766

Reassigned labels

Runtime: 0.46303606033325195

Performance split_log:

IM without threshold:
Map:
{"Q_0": "Q", "Q_1": "Q", "Q_2": "Q"}
token_fitness
{"perc_fit_traces": 100.0, "average_trace_fitness": 1.0, "log_fitness": 1.0, "percentage_of_fitting_traces": 100.0}
precision
0.9635960226805818
0.7142857142857143
generalization
0.9560119841905118

Adjusted Rand Index:
0.8785875781219543



Parameters of this run:

Window size: 3
Threshold for edges: 0.75
Split candidates: Q
Max number of traces: 5000000
Method for distance calculation: Distance.SET_DISTANCE
Method for finding clusters: ClusteringMethod.COMMUNITY_DETECTION
Original log location: ./data/noImprInLoop_default_OD\feb17-0936\logs\D_1_LogD_Sequence_feb17-0936.xes.gz
Use frequency: True

Found communities: 

Clustering with 784 elements and 4 clusters
[0] 5, 9, 12, 13, 15, 19, 21, 22, 24, 26, 31, 33, 35, 37, 40, 42, 44, 51, 56,
    58, 59, 60, 62, 67, 72, 73, 77, 84, 88, 90, 92, 96, 100, 103, 108, 109,
    111, 112, 113, 115, 117, 121, 126, 128, 133, 137, 140, 143, 146, 149, 150,
    152, 154, 160, 165, 167, 171, 173, 175, 178, 179, 183, 184, 187, 190, 200,
    210, 218, 225, 234, 235, 241, 246, 248, 249, 251, 258, 260, 262, 265, 268,
    270, 283, 289, 290, 294, 296, 298, 305, 307, 312, 315, 319, 322, 323, 324,
    325, 330, 331, 333, 334, 338, 340, 342, 344, 346, 348, 354, 359, 360, 367,
    369, 371, 373, 375, 378, 384, 386, 388, 389, 390, 392, 394, 397, 402, 403,
    407, 412, 414, 415, 422, 424, 425, 428, 429, 430, 431, 432, 433, 443, 450,
    455, 456, 458, 459, 463, 464, 467, 469, 471, 473, 474, 476, 477, 480, 481,
    482, 484, 486, 489, 492, 493, 497, 499, 500, 501, 502, 504, 505, 507, 510,
    521, 530, 532, 534, 536, 538, 543, 544, 547, 548, 552, 554, 558, 560, 561,
    563, 564, 565, 567, 568, 577, 581, 586, 591, 596, 598, 600, 605, 608, 614,
    624, 627, 629, 632, 633, 634, 640, 645, 646, 649, 651, 652, 653, 654, 656,
    657, 669, 671, 674, 676, 677, 678, 681, 685, 687, 690, 695, 696, 698, 703,
    705, 715, 718, 719, 722, 724, 728, 730, 734, 735, 737, 739, 744, 745, 749,
    757, 761, 768, 770, 771, 773, 774, 776, 778, 779, 781, 783
[1] 0, 2, 4, 7, 10, 17, 27, 29, 34, 38, 45, 47, 48, 49, 50, 53, 55, 57, 64,
    65, 68, 70, 71, 75, 78, 79, 81, 82, 85, 86, 89, 91, 94, 98, 101, 105, 107,
    119, 123, 125, 130, 132, 134, 135, 138, 142, 144, 145, 148, 156, 158, 162,
    164, 168, 170, 177, 180, 182, 186, 188, 191, 193, 195, 196, 198, 199, 201,
    203, 205, 206, 208, 211, 213, 214, 216, 220, 222, 223, 227, 229, 230, 231,
    232, 237, 239, 243, 244, 253, 255, 256, 263, 267, 271, 272, 274, 275, 276,
    277, 278, 279, 281, 285, 287, 288, 292, 299, 301, 303, 309, 310, 314, 317,
    321, 327, 329, 336, 337, 349, 350, 352, 355, 357, 358, 361, 362, 364, 365,
    377, 380, 382, 396, 399, 401, 404, 406, 408, 409, 411, 417, 418, 419, 420,
    426, 427, 434, 436, 437, 439, 440, 442, 445, 447, 448, 451, 452, 453, 460,
    461, 466, 475, 478, 487, 491, 495, 503, 508, 512, 513, 515, 517, 519, 523,
    524, 526, 528, 531, 540, 541, 545, 549, 551, 553, 556, 562, 569, 570, 572,
    573, 574, 575, 579, 582, 584, 585, 588, 589, 590, 593, 594, 602, 603, 607,
    610, 611, 613, 615, 617, 618, 620, 622, 626, 630, 636, 638, 642, 644, 647,
    659, 660, 662, 664, 666, 667, 672, 679, 682, 684, 686, 688, 692, 694, 700,
    701, 707, 709, 711, 712, 713, 717, 721, 725, 727, 732, 741, 743, 746, 748,
    751, 752, 754, 755, 758, 760, 762, 764, 766
[2] 1, 11, 14, 16, 18, 28, 32, 39, 43, 52, 54, 61, 66, 76, 80, 83, 87, 97,
    104, 106, 110, 124, 127, 129, 136, 139, 141, 151, 153, 155, 166, 172, 185,
    192, 194, 215, 221, 233, 236, 238, 240, 242, 245, 247, 252, 254, 269, 286,
    291, 297, 300, 302, 304, 306, 316, 318, 320, 326, 335, 339, 343, 345, 353,
    356, 363, 376, 381, 383, 385, 398, 400, 405, 416, 423, 435, 441, 444, 449,
    457, 465, 470, 479, 488, 490, 494, 498, 516, 518, 522, 525, 527, 533, 535,
    537, 542, 550, 555, 559, 566, 576, 578, 592, 595, 601, 612, 621, 623, 625,
    631, 635, 639, 648, 655, 658, 665, 673, 680, 683, 691, 697, 699, 702, 706,
    708, 710, 720, 726, 731, 740, 742, 750, 753, 756, 759, 765, 769, 777, 780
[3] 3, 6, 8, 20, 23, 25, 30, 36, 41, 46, 63, 69, 74, 93, 95, 99, 102, 114,
    116, 118, 120, 122, 131, 147, 157, 159, 161, 163, 169, 174, 176, 181, 189,
    197, 202, 204, 207, 209, 212, 217, 219, 224, 226, 228, 250, 257, 259, 261,
    264, 266, 273, 280, 282, 284, 293, 295, 308, 311, 313, 328, 332, 341, 347,
    351, 366, 368, 370, 372, 374, 379, 387, 391, 393, 395, 410, 413, 421, 438,
    446, 454, 462, 468, 472, 483, 485, 496, 506, 509, 511, 514, 520, 529, 539,
    546, 557, 571, 580, 583, 587, 597, 599, 604, 606, 609, 616, 619, 628, 637,
    641, 643, 650, 661, 663, 668, 670, 675, 689, 693, 704, 714, 716, 723, 729,
    733, 736, 738, 747, 763, 767, 772, 775, 782

Reassigned labels

Runtime: 0.43445396423339844

Performance split_log:

IM without threshold:
Map:
{"Q_0": "Q", "Q_1": "Q", "Q_2": "Q", "Q_3": "Q"}
token_fitness
{"perc_fit_traces": 64.0, "average_trace_fitness": 0.9491226193394249, "log_fitness": 0.9552557448172064, "percentage_of_fitting_traces": 64.0}
precision
0.8780207624234173
0.6941176470588235
generalization
0.9534118303472715

Adjusted Rand Index:
0.7225780237712852



Parameters of this run:

Window size: 3
Threshold for edges: 1
Split candidates: Q
Max number of traces: 5000000
Method for distance calculation: Distance.SET_DISTANCE
Method for finding clusters: ClusteringMethod.COMMUNITY_DETECTION
Original log location: ./data/noImprInLoop_default_OD\feb17-0936\logs\D_1_LogD_Sequence_feb17-0936.xes.gz
Use frequency: True

Found communities: 

Clustering with 784 elements and 40 clusters
[ 0] 13, 15, 31, 42, 51, 60, 96, 103, 109, 126, 128, 140, 150, 152, 154, 165,
     171, 184, 235, 241, 246, 251, 268, 290, 296, 305, 315, 319, 325, 334,
     338, 342, 344, 375, 384, 397, 415, 422, 443, 456, 464, 469, 489, 493,
     497, 521, 532, 534, 536, 554, 558, 565, 577, 591, 600, 624, 634, 654,
     657, 690, 696, 698, 705, 719, 730, 739, 749, 768, 776, 779
[ 1] 5, 19, 22, 24, 35, 40, 62, 73, 92, 113, 115, 117, 121, 146, 160, 173,
     175, 218, 225, 249, 258, 260, 265, 283, 294, 307, 312, 331, 340, 346,
     367, 369, 371, 373, 378, 386, 390, 392, 394, 412, 467, 471, 482, 484,
     505, 510, 538, 586, 596, 598, 605, 608, 627, 640, 649, 669, 674, 703,
     715, 722, 728, 735, 737, 771, 774, 781
[ 2] 12, 21, 26, 56, 72, 77, 84, 100, 112, 143, 149, 167, 210, 262, 289, 322,
     348, 354, 359, 360, 388, 389, 403, 407, 425, 428, 429, 430, 431, 432,
     450, 455, 458, 459, 463, 473, 474, 476, 499, 500, 507, 530, 543, 544,
     552, 561, 567, 581, 633, 652, 653, 656, 671, 677, 685, 687, 718, 724,
     744, 745, 778, 783
[ 3] 9, 33, 37, 44, 58, 59, 67, 88, 90, 108, 111, 133, 137, 178, 179, 183,
     187, 190, 200, 234, 248, 270, 298, 323, 324, 330, 333, 402, 414, 424,
     433, 477, 480, 481, 486, 492, 501, 502, 504, 547, 548, 560, 563, 564,
     568, 614, 629, 632, 645, 646, 651, 676, 678, 681, 695, 734, 757, 761,
     770, 773
[ 4] 14, 16, 43, 61, 104, 127, 129, 141, 153, 155, 166, 172, 185, 236, 242,
     252, 269, 297, 320, 335, 339, 343, 376, 385, 398, 416, 423, 444, 457,
     470, 494, 498, 533, 555, 559, 578, 601, 625, 635, 655, 658, 691, 697,
     699, 706, 720, 740, 750, 769, 777
[ 5] 6, 20, 23, 36, 41, 63, 93, 122, 147, 174, 176, 219, 226, 250, 259, 261,
     266, 308, 341, 347, 368, 370, 372, 374, 379, 387, 393, 413, 468, 472,
     483, 485, 506, 539, 587, 599, 606, 609, 628, 641, 675, 704, 723, 729,
     738, 775, 782
[ 6] 46, 99, 120, 131, 159, 181, 197, 202, 204, 209, 217, 228, 257, 273, 282,
     293, 311, 351, 410, 421, 446, 454, 496, 514, 520, 546, 557, 580, 604,
     616, 619, 637, 661, 663, 668, 689, 693, 714, 733, 747, 763, 767
[ 7] 1, 11, 18, 39, 54, 66, 87, 106, 136, 215, 221, 233, 245, 254, 286, 302,
     304, 353, 356, 381, 383, 441, 479, 488, 516, 525, 542, 550, 639, 648,
     665, 680, 702, 710, 742, 756, 759, 765
[ 8] 28, 76, 80, 83, 124, 139, 192, 194, 238, 240, 300, 318, 363, 400, 405,
     435, 449, 518, 527, 576, 595, 612, 621, 623, 631, 673, 683, 708, 726, 753
[ 9] 45, 130, 158, 196, 201, 227, 256, 272, 292, 350, 420, 445, 453, 495, 513,
     545, 603, 615, 618, 636, 660, 662, 692, 713, 762, 766
[10] 3, 8, 30, 69, 95, 102, 157, 163, 169, 189, 207, 212, 224, 264, 280, 328,
     366, 438, 462, 509, 529, 571, 583, 643
[11] 10, 17, 38, 86, 105, 135, 220, 232, 253, 285, 301, 355, 382, 478, 515,
     524, 541, 664, 755, 758, 764
[12] 32, 52, 97, 110, 151, 247, 291, 306, 316, 326, 345, 465, 490, 522, 535,
     537, 566, 592, 731, 780
[13] 25, 74, 114, 116, 118, 161, 284, 295, 313, 332, 391, 395, 511, 597, 650,
     670, 716, 736, 772
[14] 47, 48, 78, 91, 164, 177, 213, 321, 417, 439, 451, 466, 475, 553, 569,
     572, 573, 684
[15] 144, 182, 198, 199, 229, 230, 274, 288, 349, 358, 418, 436, 512, 551,
     584, 585, 607, 727
[16] 79, 193, 299, 362, 399, 517, 575, 594, 611, 620, 672, 707, 725, 752
[17] 50, 65, 214, 244, 377, 503, 523, 589, 679, 694, 741, 751
[18] 49, 148, 267, 361, 666, 700, 711, 712, 743, 754
[19] 53, 71, 125, 231, 380, 440, 452, 588, 647, 709
[20] 57, 85, 310, 556, 593, 659, 667, 717, 721
[21] 170, 186, 406, 447, 562, 574, 590, 748, 760
[22] 119, 180, 203, 255, 491, 644, 688, 746
[23] 216, 271, 396, 409, 419, 519, 579, 732
[24] 98, 208, 277, 281, 309, 408, 540
[25] 156, 162, 223, 279, 327, 570, 582
[26] 134, 195, 352, 487, 549, 602, 686
[27] 0, 142, 276, 303, 638, 701
[28] 29, 94, 101, 168, 461, 528
[29] 75, 82, 123, 138, 237, 526
[30] 70, 89, 205, 243, 336, 617
[31] 2, 7, 206, 211, 365, 642
[32] 107, 132, 222, 314, 329, 442
[33] 64, 401, 411, 427, 460, 531
[34] 4, 145, 275, 364, 426
[35] 27, 191, 239, 622, 630
[36] 34, 81, 287, 337, 610
[37] 68, 188, 263, 437, 508
[38] 55, 278, 357, 613, 626
[39] 317, 404, 434, 448, 682

Reassigned labels

Runtime: 0.4526073932647705

Performance split_log:

IM without threshold:
Map:
{"Q_0": "Q", "Q_1": "Q", "Q_2": "Q", "Q_3": "Q", "Q_4": "Q", "Q_5": "Q", "Q_6": "Q", "Q_7": "Q", "Q_8": "Q", "Q_9": "Q", "Q_10": "Q", "Q_11": "Q", "Q_12": "Q", "Q_13": "Q", "Q_14": "Q", "Q_15": "Q", "Q_16": "Q", "Q_17": "Q", "Q_18": "Q", "Q_19": "Q", "Q_20": "Q", "Q_21": "Q", "Q_22": "Q", "Q_23": "Q", "Q_24": "Q", "Q_25": "Q", "Q_26": "Q", "Q_27": "Q", "Q_28": "Q", "Q_29": "Q", "Q_30": "Q", "Q_31": "Q", "Q_32": "Q", "Q_33": "Q", "Q_34": "Q", "Q_35": "Q", "Q_36": "Q", "Q_37": "Q", "Q_38": "Q", "Q_39": "Q"}
token_fitness
{"perc_fit_traces": 21.8, "average_trace_fitness": 0.9086450443254971, "log_fitness": 0.9115054531701444, "percentage_of_fitting_traces": 21.8}
precision
0.6337270296795154
0.6541353383458647
generalization
0.6578817955644506

Adjusted Rand Index:
0.35936904721078755



Parameters of this run:

Window size: 3
Threshold for edges: 0
Split candidates: Q
Max number of traces: 5000000
Method for distance calculation: Distance.MULTISET_DISTANCE
Method for finding clusters: ClusteringMethod.COMMUNITY_DETECTION
Original log location: ./data/noImprInLoop_default_OD\feb17-0936\logs\D_1_LogD_Sequence_feb17-0936.xes.gz
Use frequency: True

Found communities: 

Clustering with 784 elements and 3 clusters
[0] 1, 3, 6, 8, 11, 14, 16, 18, 20, 23, 25, 28, 30, 32, 36, 39, 41, 43, 46,
    52, 54, 61, 63, 66, 69, 74, 76, 80, 83, 87, 93, 95, 97, 99, 102, 104, 106,
    110, 114, 116, 118, 120, 122, 124, 127, 129, 131, 136, 139, 141, 147, 151,
    153, 155, 157, 159, 161, 163, 166, 169, 172, 174, 176, 181, 185, 189, 192,
    194, 197, 202, 204, 207, 209, 212, 215, 217, 219, 221, 224, 226, 228, 233,
    236, 238, 240, 242, 245, 247, 250, 252, 254, 257, 259, 261, 264, 266, 269,
    273, 280, 282, 284, 286, 291, 293, 295, 297, 300, 302, 304, 306, 308, 311,
    313, 316, 318, 320, 326, 328, 332, 335, 339, 341, 343, 345, 347, 351, 353,
    356, 363, 366, 368, 370, 372, 374, 376, 379, 381, 383, 385, 387, 391, 393,
    395, 398, 400, 405, 410, 413, 416, 421, 423, 435, 438, 441, 444, 446, 449,
    454, 457, 462, 465, 468, 470, 472, 479, 483, 485, 488, 490, 494, 496, 498,
    506, 509, 511, 514, 516, 518, 520, 522, 525, 527, 529, 533, 535, 537, 539,
    542, 546, 550, 555, 557, 559, 566, 571, 576, 578, 580, 583, 587, 592, 595,
    597, 599, 601, 604, 606, 609, 612, 616, 619, 621, 623, 625, 628, 631, 635,
    637, 639, 641, 643, 648, 650, 655, 658, 661, 663, 665, 668, 670, 673, 675,
    680, 683, 689, 691, 693, 697, 699, 702, 704, 706, 708, 710, 714, 716, 720,
    723, 726, 729, 731, 733, 736, 738, 740, 742, 747, 750, 753, 756, 759, 763,
    765, 767, 769, 772, 775, 777, 780, 782
[1] 5, 9, 12, 13, 15, 19, 21, 22, 24, 26, 31, 33, 35, 37, 40, 42, 44, 51, 56,
    58, 59, 60, 62, 67, 72, 73, 77, 84, 88, 90, 92, 96, 100, 103, 108, 109,
    111, 112, 113, 115, 117, 121, 126, 128, 133, 137, 140, 143, 146, 149, 150,
    152, 154, 160, 165, 167, 171, 173, 175, 178, 179, 183, 184, 187, 190, 200,
    210, 218, 225, 234, 235, 241, 246, 248, 249, 251, 258, 260, 262, 265, 268,
    270, 283, 289, 290, 294, 296, 298, 305, 307, 312, 315, 319, 322, 323, 324,
    325, 330, 331, 333, 334, 338, 340, 342, 344, 346, 348, 354, 359, 360, 367,
    369, 371, 373, 375, 378, 384, 386, 388, 389, 390, 392, 394, 397, 402, 403,
    407, 412, 414, 415, 422, 424, 425, 428, 429, 430, 431, 432, 433, 443, 450,
    455, 456, 458, 459, 463, 464, 467, 469, 471, 473, 474, 476, 477, 480, 481,
    482, 484, 486, 489, 492, 493, 497, 499, 500, 501, 502, 504, 505, 507, 510,
    521, 530, 532, 534, 536, 538, 543, 544, 547, 548, 552, 554, 558, 560, 561,
    563, 564, 565, 567, 568, 577, 581, 586, 591, 596, 598, 600, 605, 608, 614,
    624, 627, 629, 632, 633, 634, 640, 645, 646, 649, 651, 652, 653, 654, 656,
    657, 669, 671, 674, 676, 677, 678, 681, 685, 687, 690, 695, 696, 698, 703,
    705, 715, 718, 719, 722, 724, 728, 730, 734, 735, 737, 739, 744, 745, 749,
    757, 761, 768, 770, 771, 773, 774, 776, 778, 779, 781, 783
[2] 0, 2, 4, 7, 10, 17, 27, 29, 34, 38, 45, 47, 48, 49, 50, 53, 55, 57, 64,
    65, 68, 70, 71, 75, 78, 79, 81, 82, 85, 86, 89, 91, 94, 98, 101, 105, 107,
    119, 123, 125, 130, 132, 134, 135, 138, 142, 144, 145, 148, 156, 158, 162,
    164, 168, 170, 177, 180, 182, 186, 188, 191, 193, 195, 196, 198, 199, 201,
    203, 205, 206, 208, 211, 213, 214, 216, 220, 222, 223, 227, 229, 230, 231,
    232, 237, 239, 243, 244, 253, 255, 256, 263, 267, 271, 272, 274, 275, 276,
    277, 278, 279, 281, 285, 287, 288, 292, 299, 301, 303, 309, 310, 314, 317,
    321, 327, 329, 336, 337, 349, 350, 352, 355, 357, 358, 361, 362, 364, 365,
    377, 380, 382, 396, 399, 401, 404, 406, 408, 409, 411, 417, 418, 419, 420,
    426, 427, 434, 436, 437, 439, 440, 442, 445, 447, 448, 451, 452, 453, 460,
    461, 466, 475, 478, 487, 491, 495, 503, 508, 512, 513, 515, 517, 519, 523,
    524, 526, 528, 531, 540, 541, 545, 549, 551, 553, 556, 562, 569, 570, 572,
    573, 574, 575, 579, 582, 584, 585, 588, 589, 590, 593, 594, 602, 603, 607,
    610, 611, 613, 615, 617, 618, 620, 622, 626, 630, 636, 638, 642, 644, 647,
    659, 660, 662, 664, 666, 667, 672, 679, 682, 684, 686, 688, 692, 694, 700,
    701, 707, 709, 711, 712, 713, 717, 721, 725, 727, 732, 741, 743, 746, 748,
    751, 752, 754, 755, 758, 760, 762, 764, 766

Reassigned labels

Runtime: 0.528475284576416

Performance split_log:

IM without threshold:
Map:
{"Q_0": "Q", "Q_1": "Q", "Q_2": "Q"}
token_fitness
{"perc_fit_traces": 64.0, "average_trace_fitness": 0.9609334352395777, "log_fitness": 0.9662431003512058, "percentage_of_fitting_traces": 64.0}
precision
0.9706961429915334
0.7142857142857143
generalization
0.9166881816532798

Adjusted Rand Index:
0.8785875781219543



Parameters of this run:

Window size: 3
Threshold for edges: 0.25
Split candidates: Q
Max number of traces: 5000000
Method for distance calculation: Distance.MULTISET_DISTANCE
Method for finding clusters: ClusteringMethod.COMMUNITY_DETECTION
Original log location: ./data/noImprInLoop_default_OD\feb17-0936\logs\D_1_LogD_Sequence_feb17-0936.xes.gz
Use frequency: True

Found communities: 

Clustering with 784 elements and 3 clusters
[0] 1, 3, 6, 8, 11, 14, 16, 18, 20, 23, 25, 28, 30, 32, 36, 39, 41, 43, 46,
    52, 54, 61, 63, 66, 69, 74, 76, 80, 83, 87, 93, 95, 97, 99, 102, 104, 106,
    110, 114, 116, 118, 120, 122, 124, 127, 129, 131, 136, 139, 141, 147, 151,
    153, 155, 157, 159, 161, 163, 166, 169, 172, 174, 176, 181, 185, 189, 192,
    194, 197, 202, 204, 207, 209, 212, 215, 217, 219, 221, 224, 226, 228, 233,
    236, 238, 240, 242, 245, 247, 250, 252, 254, 257, 259, 261, 264, 266, 269,
    273, 280, 282, 284, 286, 291, 293, 295, 297, 300, 302, 304, 306, 308, 311,
    313, 316, 318, 320, 326, 328, 332, 335, 339, 341, 343, 345, 347, 351, 353,
    356, 363, 366, 368, 370, 372, 374, 376, 379, 381, 383, 385, 387, 391, 393,
    395, 398, 400, 405, 410, 413, 416, 421, 423, 435, 438, 441, 444, 446, 449,
    454, 457, 462, 465, 468, 470, 472, 479, 483, 485, 488, 490, 494, 496, 498,
    506, 509, 511, 514, 516, 518, 520, 522, 525, 527, 529, 533, 535, 537, 539,
    542, 546, 550, 555, 557, 559, 566, 571, 576, 578, 580, 583, 587, 592, 595,
    597, 599, 601, 604, 606, 609, 612, 616, 619, 621, 623, 625, 628, 631, 635,
    637, 639, 641, 643, 648, 650, 655, 658, 661, 663, 665, 668, 670, 673, 675,
    680, 683, 689, 691, 693, 697, 699, 702, 704, 706, 708, 710, 714, 716, 720,
    723, 726, 729, 731, 733, 736, 738, 740, 742, 747, 750, 753, 756, 759, 763,
    765, 767, 769, 772, 775, 777, 780, 782
[1] 5, 9, 12, 13, 15, 19, 21, 22, 24, 26, 31, 33, 35, 37, 40, 42, 44, 51, 56,
    58, 59, 60, 62, 67, 72, 73, 77, 84, 88, 90, 92, 96, 100, 103, 108, 109,
    111, 112, 113, 115, 117, 121, 126, 128, 133, 137, 140, 143, 146, 149, 150,
    152, 154, 160, 165, 167, 171, 173, 175, 178, 179, 183, 184, 187, 190, 200,
    210, 218, 225, 234, 235, 241, 246, 248, 249, 251, 258, 260, 262, 265, 268,
    270, 283, 289, 290, 294, 296, 298, 305, 307, 312, 315, 319, 322, 323, 324,
    325, 330, 331, 333, 334, 338, 340, 342, 344, 346, 348, 354, 359, 360, 367,
    369, 371, 373, 375, 378, 384, 386, 388, 389, 390, 392, 394, 397, 402, 403,
    407, 412, 414, 415, 422, 424, 425, 428, 429, 430, 431, 432, 433, 443, 450,
    455, 456, 458, 459, 463, 464, 467, 469, 471, 473, 474, 476, 477, 480, 481,
    482, 484, 486, 489, 492, 493, 497, 499, 500, 501, 502, 504, 505, 507, 510,
    521, 530, 532, 534, 536, 538, 543, 544, 547, 548, 552, 554, 558, 560, 561,
    563, 564, 565, 567, 568, 577, 581, 586, 591, 596, 598, 600, 605, 608, 614,
    624, 627, 629, 632, 633, 634, 640, 645, 646, 649, 651, 652, 653, 654, 656,
    657, 669, 671, 674, 676, 677, 678, 681, 685, 687, 690, 695, 696, 698, 703,
    705, 715, 718, 719, 722, 724, 728, 730, 734, 735, 737, 739, 744, 745, 749,
    757, 761, 768, 770, 771, 773, 774, 776, 778, 779, 781, 783
[2] 0, 2, 4, 7, 10, 17, 27, 29, 34, 38, 45, 47, 48, 49, 50, 53, 55, 57, 64,
    65, 68, 70, 71, 75, 78, 79, 81, 82, 85, 86, 89, 91, 94, 98, 101, 105, 107,
    119, 123, 125, 130, 132, 134, 135, 138, 142, 144, 145, 148, 156, 158, 162,
    164, 168, 170, 177, 180, 182, 186, 188, 191, 193, 195, 196, 198, 199, 201,
    203, 205, 206, 208, 211, 213, 214, 216, 220, 222, 223, 227, 229, 230, 231,
    232, 237, 239, 243, 244, 253, 255, 256, 263, 267, 271, 272, 274, 275, 276,
    277, 278, 279, 281, 285, 287, 288, 292, 299, 301, 303, 309, 310, 314, 317,
    321, 327, 329, 336, 337, 349, 350, 352, 355, 357, 358, 361, 362, 364, 365,
    377, 380, 382, 396, 399, 401, 404, 406, 408, 409, 411, 417, 418, 419, 420,
    426, 427, 434, 436, 437, 439, 440, 442, 445, 447, 448, 451, 452, 453, 460,
    461, 466, 475, 478, 487, 491, 495, 503, 508, 512, 513, 515, 517, 519, 523,
    524, 526, 528, 531, 540, 541, 545, 549, 551, 553, 556, 562, 569, 570, 572,
    573, 574, 575, 579, 582, 584, 585, 588, 589, 590, 593, 594, 602, 603, 607,
    610, 611, 613, 615, 617, 618, 620, 622, 626, 630, 636, 638, 642, 644, 647,
    659, 660, 662, 664, 666, 667, 672, 679, 682, 684, 686, 688, 692, 694, 700,
    701, 707, 709, 711, 712, 713, 717, 721, 725, 727, 732, 741, 743, 746, 748,
    751, 752, 754, 755, 758, 760, 762, 764, 766

Reassigned labels

Runtime: 0.508298397064209

Performance split_log:

IM without threshold:
Map:
{"Q_0": "Q", "Q_1": "Q", "Q_2": "Q"}
token_fitness
{"perc_fit_traces": 64.0, "average_trace_fitness": 0.9637899167210594, "log_fitness": 0.9690316048063439, "percentage_of_fitting_traces": 64.0}
precision
0.9706961429915334
0.7142857142857143
generalization
0.9162878576663844

Adjusted Rand Index:
0.8785875781219543



Parameters of this run:

Window size: 3
Threshold for edges: 0.5
Split candidates: Q
Max number of traces: 5000000
Method for distance calculation: Distance.MULTISET_DISTANCE
Method for finding clusters: ClusteringMethod.COMMUNITY_DETECTION
Original log location: ./data/noImprInLoop_default_OD\feb17-0936\logs\D_1_LogD_Sequence_feb17-0936.xes.gz
Use frequency: True

Found communities: 

Clustering with 784 elements and 3 clusters
[0] 1, 3, 6, 8, 11, 14, 16, 18, 20, 23, 25, 28, 30, 32, 36, 39, 41, 43, 46,
    52, 54, 61, 63, 66, 69, 74, 76, 80, 83, 87, 93, 95, 97, 99, 102, 104, 106,
    110, 114, 116, 118, 120, 122, 124, 127, 129, 131, 136, 139, 141, 147, 151,
    153, 155, 157, 159, 161, 163, 166, 169, 172, 174, 176, 181, 185, 189, 192,
    194, 197, 202, 204, 207, 209, 212, 215, 217, 219, 221, 224, 226, 228, 233,
    236, 238, 240, 242, 245, 247, 250, 252, 254, 257, 259, 261, 264, 266, 269,
    273, 280, 282, 284, 286, 291, 293, 295, 297, 300, 302, 304, 306, 308, 311,
    313, 316, 318, 320, 326, 328, 332, 335, 339, 341, 343, 345, 347, 351, 353,
    356, 363, 366, 368, 370, 372, 374, 376, 379, 381, 383, 385, 387, 391, 393,
    395, 398, 400, 405, 410, 413, 416, 421, 423, 435, 438, 441, 444, 446, 449,
    454, 457, 462, 465, 468, 470, 472, 479, 483, 485, 488, 490, 494, 496, 498,
    506, 509, 511, 514, 516, 518, 520, 522, 525, 527, 529, 533, 535, 537, 539,
    542, 546, 550, 555, 557, 559, 566, 571, 576, 578, 580, 583, 587, 592, 595,
    597, 599, 601, 604, 606, 609, 612, 616, 619, 621, 623, 625, 628, 631, 635,
    637, 639, 641, 643, 648, 650, 655, 658, 661, 663, 665, 668, 670, 673, 675,
    680, 683, 689, 691, 693, 697, 699, 702, 704, 706, 708, 710, 714, 716, 720,
    723, 726, 729, 731, 733, 736, 738, 740, 742, 747, 750, 753, 756, 759, 763,
    765, 767, 769, 772, 775, 777, 780, 782
[1] 5, 9, 12, 13, 15, 19, 21, 22, 24, 26, 31, 33, 35, 37, 40, 42, 44, 51, 56,
    58, 59, 60, 62, 67, 72, 73, 77, 84, 88, 90, 92, 96, 100, 103, 108, 109,
    111, 112, 113, 115, 117, 121, 126, 128, 133, 137, 140, 143, 146, 149, 150,
    152, 154, 160, 165, 167, 171, 173, 175, 178, 179, 183, 184, 187, 190, 200,
    210, 218, 225, 234, 235, 241, 246, 248, 249, 251, 258, 260, 262, 265, 268,
    270, 283, 289, 290, 294, 296, 298, 305, 307, 312, 315, 319, 322, 323, 324,
    325, 330, 331, 333, 334, 338, 340, 342, 344, 346, 348, 354, 359, 360, 367,
    369, 371, 373, 375, 378, 384, 386, 388, 389, 390, 392, 394, 397, 402, 403,
    407, 412, 414, 415, 422, 424, 425, 428, 429, 430, 431, 432, 433, 443, 450,
    455, 456, 458, 459, 463, 464, 467, 469, 471, 473, 474, 476, 477, 480, 481,
    482, 484, 486, 489, 492, 493, 497, 499, 500, 501, 502, 504, 505, 507, 510,
    521, 530, 532, 534, 536, 538, 543, 544, 547, 548, 552, 554, 558, 560, 561,
    563, 564, 565, 567, 568, 577, 581, 586, 591, 596, 598, 600, 605, 608, 614,
    624, 627, 629, 632, 633, 634, 640, 645, 646, 649, 651, 652, 653, 654, 656,
    657, 669, 671, 674, 676, 677, 678, 681, 685, 687, 690, 695, 696, 698, 703,
    705, 715, 718, 719, 722, 724, 728, 730, 734, 735, 737, 739, 744, 745, 749,
    757, 761, 768, 770, 771, 773, 774, 776, 778, 779, 781, 783
[2] 0, 2, 4, 7, 10, 17, 27, 29, 34, 38, 45, 47, 48, 49, 50, 53, 55, 57, 64,
    65, 68, 70, 71, 75, 78, 79, 81, 82, 85, 86, 89, 91, 94, 98, 101, 105, 107,
    119, 123, 125, 130, 132, 134, 135, 138, 142, 144, 145, 148, 156, 158, 162,
    164, 168, 170, 177, 180, 182, 186, 188, 191, 193, 195, 196, 198, 199, 201,
    203, 205, 206, 208, 211, 213, 214, 216, 220, 222, 223, 227, 229, 230, 231,
    232, 237, 239, 243, 244, 253, 255, 256, 263, 267, 271, 272, 274, 275, 276,
    277, 278, 279, 281, 285, 287, 288, 292, 299, 301, 303, 309, 310, 314, 317,
    321, 327, 329, 336, 337, 349, 350, 352, 355, 357, 358, 361, 362, 364, 365,
    377, 380, 382, 396, 399, 401, 404, 406, 408, 409, 411, 417, 418, 419, 420,
    426, 427, 434, 436, 437, 439, 440, 442, 445, 447, 448, 451, 452, 453, 460,
    461, 466, 475, 478, 487, 491, 495, 503, 508, 512, 513, 515, 517, 519, 523,
    524, 526, 528, 531, 540, 541, 545, 549, 551, 553, 556, 562, 569, 570, 572,
    573, 574, 575, 579, 582, 584, 585, 588, 589, 590, 593, 594, 602, 603, 607,
    610, 611, 613, 615, 617, 618, 620, 622, 626, 630, 636, 638, 642, 644, 647,
    659, 660, 662, 664, 666, 667, 672, 679, 682, 684, 686, 688, 692, 694, 700,
    701, 707, 709, 711, 712, 713, 717, 721, 725, 727, 732, 741, 743, 746, 748,
    751, 752, 754, 755, 758, 760, 762, 764, 766

Reassigned labels

Runtime: 0.4564213752746582

Performance split_log:

IM without threshold:
Map:
{"Q_0": "Q", "Q_1": "Q", "Q_2": "Q"}
token_fitness
{"perc_fit_traces": 64.0, "average_trace_fitness": 0.950688780423945, "log_fitness": 0.9544889599845467, "percentage_of_fitting_traces": 64.0}
precision
0.9706961429915334
0.7142857142857143
generalization
0.95329920668332

Adjusted Rand Index:
0.8785875781219543



Parameters of this run:

Window size: 3
Threshold for edges: 0.75
Split candidates: Q
Max number of traces: 5000000
Method for distance calculation: Distance.MULTISET_DISTANCE
Method for finding clusters: ClusteringMethod.COMMUNITY_DETECTION
Original log location: ./data/noImprInLoop_default_OD\feb17-0936\logs\D_1_LogD_Sequence_feb17-0936.xes.gz
Use frequency: True

Found communities: 

Clustering with 784 elements and 4 clusters
[0] 5, 9, 12, 13, 15, 19, 21, 22, 24, 26, 31, 33, 35, 37, 40, 42, 44, 51, 56,
    58, 59, 60, 62, 67, 72, 73, 77, 84, 88, 90, 92, 96, 100, 103, 108, 109,
    111, 112, 113, 115, 117, 121, 126, 128, 133, 137, 140, 143, 146, 149, 150,
    152, 154, 160, 165, 167, 171, 173, 175, 178, 179, 183, 184, 187, 190, 200,
    210, 218, 225, 234, 235, 241, 246, 248, 249, 251, 258, 260, 262, 265, 268,
    270, 283, 289, 290, 294, 296, 298, 305, 307, 312, 315, 319, 322, 323, 324,
    325, 330, 331, 333, 334, 338, 340, 342, 344, 346, 348, 354, 359, 360, 367,
    369, 371, 373, 375, 378, 384, 386, 388, 389, 390, 392, 394, 397, 402, 403,
    407, 412, 414, 415, 422, 424, 425, 428, 429, 430, 431, 432, 433, 443, 450,
    455, 456, 458, 459, 463, 464, 467, 469, 471, 473, 474, 476, 477, 480, 481,
    482, 484, 486, 489, 492, 493, 497, 499, 500, 501, 502, 504, 505, 507, 510,
    521, 530, 532, 534, 536, 538, 543, 544, 547, 548, 552, 554, 558, 560, 561,
    563, 564, 565, 567, 568, 577, 581, 586, 591, 596, 598, 600, 605, 608, 614,
    624, 627, 629, 632, 633, 634, 640, 645, 646, 649, 651, 652, 653, 654, 656,
    657, 669, 671, 674, 676, 677, 678, 681, 685, 687, 690, 695, 696, 698, 703,
    705, 715, 718, 719, 722, 724, 728, 730, 734, 735, 737, 739, 744, 745, 749,
    757, 761, 768, 770, 771, 773, 774, 776, 778, 779, 781, 783
[1] 0, 2, 4, 7, 10, 17, 27, 29, 34, 38, 45, 47, 48, 49, 50, 53, 55, 57, 64,
    65, 68, 70, 71, 75, 78, 79, 81, 82, 85, 86, 89, 91, 94, 98, 101, 105, 107,
    119, 123, 125, 130, 132, 134, 135, 138, 142, 144, 145, 148, 156, 158, 162,
    164, 168, 170, 177, 180, 182, 186, 188, 191, 193, 195, 196, 198, 199, 201,
    203, 205, 206, 208, 211, 213, 214, 216, 220, 222, 223, 227, 229, 230, 231,
    232, 237, 239, 243, 244, 253, 255, 256, 263, 267, 271, 272, 274, 275, 276,
    277, 278, 279, 281, 285, 287, 288, 292, 299, 301, 303, 309, 310, 314, 317,
    321, 327, 329, 336, 337, 349, 350, 352, 355, 357, 358, 361, 362, 364, 365,
    377, 380, 382, 396, 399, 401, 404, 406, 408, 409, 411, 417, 418, 419, 420,
    426, 427, 434, 436, 437, 439, 440, 442, 445, 447, 448, 451, 452, 453, 460,
    461, 466, 475, 478, 487, 491, 495, 503, 508, 512, 513, 515, 517, 519, 523,
    524, 526, 528, 531, 540, 541, 545, 549, 551, 553, 556, 562, 569, 570, 572,
    573, 574, 575, 579, 582, 584, 585, 588, 589, 590, 593, 594, 602, 603, 607,
    610, 611, 613, 615, 617, 618, 620, 622, 626, 630, 636, 638, 642, 644, 647,
    659, 660, 662, 664, 666, 667, 672, 679, 682, 684, 686, 688, 692, 694, 700,
    701, 707, 709, 711, 712, 713, 717, 721, 725, 727, 732, 741, 743, 746, 748,
    751, 752, 754, 755, 758, 760, 762, 764, 766
[2] 1, 11, 14, 16, 18, 28, 32, 39, 43, 52, 54, 61, 66, 76, 80, 83, 87, 97,
    104, 106, 110, 124, 127, 129, 136, 139, 141, 151, 153, 155, 166, 172, 185,
    192, 194, 215, 221, 233, 236, 238, 240, 242, 245, 247, 252, 254, 269, 286,
    291, 297, 300, 302, 304, 306, 316, 318, 320, 326, 335, 339, 343, 345, 353,
    356, 363, 376, 381, 383, 385, 398, 400, 405, 416, 423, 435, 441, 444, 449,
    457, 465, 470, 479, 488, 490, 494, 498, 516, 518, 522, 525, 527, 533, 535,
    537, 542, 550, 555, 559, 566, 576, 578, 592, 595, 601, 612, 621, 623, 625,
    631, 635, 639, 648, 655, 658, 665, 673, 680, 683, 691, 697, 699, 702, 706,
    708, 710, 720, 726, 731, 740, 742, 750, 753, 756, 759, 765, 769, 777, 780
[3] 3, 6, 8, 20, 23, 25, 30, 36, 41, 46, 63, 69, 74, 93, 95, 99, 102, 114,
    116, 118, 120, 122, 131, 147, 157, 159, 161, 163, 169, 174, 176, 181, 189,
    197, 202, 204, 207, 209, 212, 217, 219, 224, 226, 228, 250, 257, 259, 261,
    264, 266, 273, 280, 282, 284, 293, 295, 308, 311, 313, 328, 332, 341, 347,
    351, 366, 368, 370, 372, 374, 379, 387, 391, 393, 395, 410, 413, 421, 438,
    446, 454, 462, 468, 472, 483, 485, 496, 506, 509, 511, 514, 520, 529, 539,
    546, 557, 571, 580, 583, 587, 597, 599, 604, 606, 609, 616, 619, 628, 637,
    641, 643, 650, 661, 663, 668, 670, 675, 689, 693, 704, 714, 716, 723, 729,
    733, 736, 738, 747, 763, 767, 772, 775, 782

Reassigned labels

Runtime: 0.4302537441253662

Performance split_log:

IM without threshold:
Map:
{"Q_0": "Q", "Q_1": "Q", "Q_2": "Q", "Q_3": "Q"}
token_fitness
{"perc_fit_traces": 64.0, "average_trace_fitness": 0.9491226193394249, "log_fitness": 0.9552557448172064, "percentage_of_fitting_traces": 64.0}
precision
0.8780207624234173
0.6941176470588235
generalization
0.9534118303472715

Adjusted Rand Index:
0.7225780237712852



Parameters of this run:

Window size: 3
Threshold for edges: 1
Split candidates: Q
Max number of traces: 5000000
Method for distance calculation: Distance.MULTISET_DISTANCE
Method for finding clusters: ClusteringMethod.COMMUNITY_DETECTION
Original log location: ./data/noImprInLoop_default_OD\feb17-0936\logs\D_1_LogD_Sequence_feb17-0936.xes.gz
Use frequency: True

Found communities: 

Clustering with 784 elements and 40 clusters
[ 0] 13, 15, 31, 42, 51, 60, 96, 103, 109, 126, 128, 140, 150, 152, 154, 165,
     171, 184, 235, 241, 246, 251, 268, 290, 296, 305, 315, 319, 325, 334,
     338, 342, 344, 375, 384, 397, 415, 422, 443, 456, 464, 469, 489, 493,
     497, 521, 532, 534, 536, 554, 558, 565, 577, 591, 600, 624, 634, 654,
     657, 690, 696, 698, 705, 719, 730, 739, 749, 768, 776, 779
[ 1] 5, 19, 22, 24, 35, 40, 62, 73, 92, 113, 115, 117, 121, 146, 160, 173,
     175, 218, 225, 249, 258, 260, 265, 283, 294, 307, 312, 331, 340, 346,
     367, 369, 371, 373, 378, 386, 390, 392, 394, 412, 467, 471, 482, 484,
     505, 510, 538, 586, 596, 598, 605, 608, 627, 640, 649, 669, 674, 703,
     715, 722, 728, 735, 737, 771, 774, 781
[ 2] 12, 21, 26, 56, 72, 77, 84, 100, 112, 143, 149, 167, 210, 262, 289, 322,
     348, 354, 359, 360, 388, 389, 403, 407, 425, 428, 429, 430, 431, 432,
     450, 455, 458, 459, 463, 473, 474, 476, 499, 500, 507, 530, 543, 544,
     552, 561, 567, 581, 633, 652, 653, 656, 671, 677, 685, 687, 718, 724,
     744, 745, 778, 783
[ 3] 9, 33, 37, 44, 58, 59, 67, 88, 90, 108, 111, 133, 137, 178, 179, 183,
     187, 190, 200, 234, 248, 270, 298, 323, 324, 330, 333, 402, 414, 424,
     433, 477, 480, 481, 486, 492, 501, 502, 504, 547, 548, 560, 563, 564,
     568, 614, 629, 632, 645, 646, 651, 676, 678, 681, 695, 734, 757, 761,
     770, 773
[ 4] 14, 16, 43, 61, 104, 127, 129, 141, 153, 155, 166, 172, 185, 236, 242,
     252, 269, 297, 320, 335, 339, 343, 376, 385, 398, 416, 423, 444, 457,
     470, 494, 498, 533, 555, 559, 578, 601, 625, 635, 655, 658, 691, 697,
     699, 706, 720, 740, 750, 769, 777
[ 5] 6, 20, 23, 36, 41, 63, 93, 122, 147, 174, 176, 219, 226, 250, 259, 261,
     266, 308, 341, 347, 368, 370, 372, 374, 379, 387, 393, 413, 468, 472,
     483, 485, 506, 539, 587, 599, 606, 609, 628, 641, 675, 704, 723, 729,
     738, 775, 782
[ 6] 46, 99, 120, 131, 159, 181, 197, 202, 204, 209, 217, 228, 257, 273, 282,
     293, 311, 351, 410, 421, 446, 454, 496, 514, 520, 546, 557, 580, 604,
     616, 619, 637, 661, 663, 668, 689, 693, 714, 733, 747, 763, 767
[ 7] 1, 11, 18, 39, 54, 66, 87, 106, 136, 215, 221, 233, 245, 254, 286, 302,
     304, 353, 356, 381, 383, 441, 479, 488, 516, 525, 542, 550, 639, 648,
     665, 680, 702, 710, 742, 756, 759, 765
[ 8] 28, 76, 80, 83, 124, 139, 192, 194, 238, 240, 300, 318, 363, 400, 405,
     435, 449, 518, 527, 576, 595, 612, 621, 623, 631, 673, 683, 708, 726, 753
[ 9] 45, 130, 158, 196, 201, 227, 256, 272, 292, 350, 420, 445, 453, 495, 513,
     545, 603, 615, 618, 636, 660, 662, 692, 713, 762, 766
[10] 3, 8, 30, 69, 95, 102, 157, 163, 169, 189, 207, 212, 224, 264, 280, 328,
     366, 438, 462, 509, 529, 571, 583, 643
[11] 10, 17, 38, 86, 105, 135, 220, 232, 253, 285, 301, 355, 382, 478, 515,
     524, 541, 664, 755, 758, 764
[12] 32, 52, 97, 110, 151, 247, 291, 306, 316, 326, 345, 465, 490, 522, 535,
     537, 566, 592, 731, 780
[13] 25, 74, 114, 116, 118, 161, 284, 295, 313, 332, 391, 395, 511, 597, 650,
     670, 716, 736, 772
[14] 47, 48, 78, 91, 164, 177, 213, 321, 417, 439, 451, 466, 475, 553, 569,
     572, 573, 684
[15] 144, 182, 198, 199, 229, 230, 274, 288, 349, 358, 418, 436, 512, 551,
     584, 585, 607, 727
[16] 79, 193, 299, 362, 399, 517, 575, 594, 611, 620, 672, 707, 725, 752
[17] 50, 65, 214, 244, 377, 503, 523, 589, 679, 694, 741, 751
[18] 49, 148, 267, 361, 666, 700, 711, 712, 743, 754
[19] 53, 71, 125, 231, 380, 440, 452, 588, 647, 709
[20] 57, 85, 310, 556, 593, 659, 667, 717, 721
[21] 170, 186, 406, 447, 562, 574, 590, 748, 760
[22] 119, 180, 203, 255, 491, 644, 688, 746
[23] 216, 271, 396, 409, 419, 519, 579, 732
[24] 98, 208, 277, 281, 309, 408, 540
[25] 156, 162, 223, 279, 327, 570, 582
[26] 134, 195, 352, 487, 549, 602, 686
[27] 0, 142, 276, 303, 638, 701
[28] 29, 94, 101, 168, 461, 528
[29] 75, 82, 123, 138, 237, 526
[30] 70, 89, 205, 243, 336, 617
[31] 2, 7, 206, 211, 365, 642
[32] 107, 132, 222, 314, 329, 442
[33] 64, 401, 411, 427, 460, 531
[34] 4, 145, 275, 364, 426
[35] 27, 191, 239, 622, 630
[36] 34, 81, 287, 337, 610
[37] 68, 188, 263, 437, 508
[38] 55, 278, 357, 613, 626
[39] 317, 404, 434, 448, 682

Reassigned labels

Runtime: 0.44727325439453125

Performance split_log:

IM without threshold:
Map:
{"Q_0": "Q", "Q_1": "Q", "Q_2": "Q", "Q_3": "Q", "Q_4": "Q", "Q_5": "Q", "Q_6": "Q", "Q_7": "Q", "Q_8": "Q", "Q_9": "Q", "Q_10": "Q", "Q_11": "Q", "Q_12": "Q", "Q_13": "Q", "Q_14": "Q", "Q_15": "Q", "Q_16": "Q", "Q_17": "Q", "Q_18": "Q", "Q_19": "Q", "Q_20": "Q", "Q_21": "Q", "Q_22": "Q", "Q_23": "Q", "Q_24": "Q", "Q_25": "Q", "Q_26": "Q", "Q_27": "Q", "Q_28": "Q", "Q_29": "Q", "Q_30": "Q", "Q_31": "Q", "Q_32": "Q", "Q_33": "Q", "Q_34": "Q", "Q_35": "Q", "Q_36": "Q", "Q_37": "Q", "Q_38": "Q", "Q_39": "Q"}
token_fitness
{"perc_fit_traces": 6.0, "average_trace_fitness": 0.9115652209632477, "log_fitness": 0.9110500895905277, "percentage_of_fitting_traces": 6.0}
precision
0.6224342295461116
0.6541353383458647
generalization
0.6522755642300145

Adjusted Rand Index:
0.35936904721078755



Parameters of this run:

Window size: 5
Threshold for edges: 0
Split candidates: Q
Max number of traces: 5000000
Method for distance calculation: Distance.EDIT_DISTANCE
Method for finding clusters: ClusteringMethod.COMMUNITY_DETECTION
Original log location: ./data/noImprInLoop_default_OD\feb17-0936\logs\D_1_LogD_Sequence_feb17-0936.xes.gz
Use frequency: True

Found communities: 

Clustering with 784 elements and 3 clusters
[0] 1, 3, 6, 8, 11, 14, 16, 18, 20, 23, 25, 28, 30, 32, 36, 39, 41, 43, 46,
    52, 54, 61, 63, 66, 69, 74, 76, 80, 83, 87, 93, 95, 97, 99, 102, 104, 106,
    110, 114, 116, 118, 120, 122, 124, 127, 129, 131, 136, 139, 141, 147, 151,
    153, 155, 157, 159, 161, 163, 166, 169, 172, 174, 176, 181, 185, 189, 192,
    194, 197, 202, 204, 207, 209, 212, 215, 217, 219, 221, 224, 226, 228, 233,
    236, 238, 240, 242, 245, 247, 250, 252, 254, 257, 259, 261, 264, 266, 269,
    273, 280, 282, 284, 286, 291, 293, 295, 297, 300, 302, 304, 306, 308, 311,
    313, 316, 318, 320, 326, 328, 332, 335, 339, 341, 343, 345, 347, 351, 353,
    356, 363, 366, 368, 370, 372, 374, 376, 379, 381, 383, 385, 387, 391, 393,
    395, 398, 400, 405, 410, 413, 416, 421, 423, 435, 438, 441, 444, 446, 449,
    454, 457, 462, 465, 468, 470, 472, 479, 483, 485, 488, 490, 494, 496, 498,
    506, 509, 511, 514, 516, 518, 520, 522, 525, 527, 529, 533, 535, 537, 539,
    542, 546, 550, 555, 557, 559, 566, 571, 576, 578, 580, 583, 587, 592, 595,
    597, 599, 601, 604, 606, 609, 612, 616, 619, 621, 623, 625, 628, 631, 635,
    637, 639, 641, 643, 648, 650, 655, 658, 661, 663, 665, 668, 670, 673, 675,
    680, 683, 689, 691, 693, 697, 699, 702, 704, 706, 708, 710, 714, 716, 720,
    723, 726, 729, 731, 733, 736, 738, 740, 742, 747, 750, 753, 756, 759, 763,
    765, 767, 769, 772, 775, 777, 780, 782
[1] 5, 9, 12, 13, 15, 19, 21, 22, 24, 26, 31, 33, 35, 37, 40, 42, 44, 51, 56,
    58, 59, 60, 62, 67, 72, 73, 77, 84, 88, 90, 92, 96, 100, 103, 108, 109,
    111, 112, 113, 115, 117, 121, 126, 128, 133, 137, 140, 143, 146, 149, 150,
    152, 154, 160, 165, 167, 171, 173, 175, 178, 179, 183, 184, 187, 190, 200,
    210, 218, 225, 234, 235, 241, 246, 248, 249, 251, 258, 260, 262, 265, 268,
    270, 283, 289, 290, 294, 296, 298, 305, 307, 312, 315, 319, 322, 323, 324,
    325, 330, 331, 333, 334, 338, 340, 342, 344, 346, 348, 354, 359, 360, 367,
    369, 371, 373, 375, 378, 384, 386, 388, 389, 390, 392, 394, 397, 402, 403,
    407, 412, 414, 415, 422, 424, 425, 428, 429, 430, 431, 432, 433, 443, 450,
    455, 456, 458, 459, 463, 464, 467, 469, 471, 473, 474, 476, 477, 480, 481,
    482, 484, 486, 489, 492, 493, 497, 499, 500, 501, 502, 504, 505, 507, 510,
    521, 530, 532, 534, 536, 538, 543, 544, 547, 548, 552, 554, 558, 560, 561,
    563, 564, 565, 567, 568, 577, 581, 586, 591, 596, 598, 600, 605, 608, 614,
    624, 627, 629, 632, 633, 634, 640, 645, 646, 649, 651, 652, 653, 654, 656,
    657, 669, 671, 674, 676, 677, 678, 681, 685, 687, 690, 695, 696, 698, 703,
    705, 715, 718, 719, 722, 724, 728, 730, 734, 735, 737, 739, 744, 745, 749,
    757, 761, 768, 770, 771, 773, 774, 776, 778, 779, 781, 783
[2] 0, 2, 4, 7, 10, 17, 27, 29, 34, 38, 45, 47, 48, 49, 50, 53, 55, 57, 64,
    65, 68, 70, 71, 75, 78, 79, 81, 82, 85, 86, 89, 91, 94, 98, 101, 105, 107,
    119, 123, 125, 130, 132, 134, 135, 138, 142, 144, 145, 148, 156, 158, 162,
    164, 168, 170, 177, 180, 182, 186, 188, 191, 193, 195, 196, 198, 199, 201,
    203, 205, 206, 208, 211, 213, 214, 216, 220, 222, 223, 227, 229, 230, 231,
    232, 237, 239, 243, 244, 253, 255, 256, 263, 267, 271, 272, 274, 275, 276,
    277, 278, 279, 281, 285, 287, 288, 292, 299, 301, 303, 309, 310, 314, 317,
    321, 327, 329, 336, 337, 349, 350, 352, 355, 357, 358, 361, 362, 364, 365,
    377, 380, 382, 396, 399, 401, 404, 406, 408, 409, 411, 417, 418, 419, 420,
    426, 427, 434, 436, 437, 439, 440, 442, 445, 447, 448, 451, 452, 453, 460,
    461, 466, 475, 478, 487, 491, 495, 503, 508, 512, 513, 515, 517, 519, 523,
    524, 526, 528, 531, 540, 541, 545, 549, 551, 553, 556, 562, 569, 570, 572,
    573, 574, 575, 579, 582, 584, 585, 588, 589, 590, 593, 594, 602, 603, 607,
    610, 611, 613, 615, 617, 618, 620, 622, 626, 630, 636, 638, 642, 644, 647,
    659, 660, 662, 664, 666, 667, 672, 679, 682, 684, 686, 688, 692, 694, 700,
    701, 707, 709, 711, 712, 713, 717, 721, 725, 727, 732, 741, 743, 746, 748,
    751, 752, 754, 755, 758, 760, 762, 764, 766

Reassigned labels

Runtime: 0.534630537033081

Performance split_log:

IM without threshold:
Map:
{"Q_0": "Q", "Q_1": "Q", "Q_2": "Q"}
token_fitness
{"perc_fit_traces": 100.0, "average_trace_fitness": 1.0, "log_fitness": 1.0, "percentage_of_fitting_traces": 100.0}
precision
0.9635960226805818
0.7142857142857143
generalization
0.9560119841905118

Adjusted Rand Index:
0.8785875781219543



Parameters of this run:

Window size: 5
Threshold for edges: 0.25
Split candidates: Q
Max number of traces: 5000000
Method for distance calculation: Distance.EDIT_DISTANCE
Method for finding clusters: ClusteringMethod.COMMUNITY_DETECTION
Original log location: ./data/noImprInLoop_default_OD\feb17-0936\logs\D_1_LogD_Sequence_feb17-0936.xes.gz
Use frequency: True

Found communities: 

Clustering with 784 elements and 3 clusters
[0] 1, 3, 6, 8, 11, 14, 16, 18, 20, 23, 25, 28, 30, 32, 36, 39, 41, 43, 46,
    52, 54, 61, 63, 66, 69, 74, 76, 80, 83, 87, 93, 95, 97, 99, 102, 104, 106,
    110, 114, 116, 118, 120, 122, 124, 127, 129, 131, 136, 139, 141, 147, 151,
    153, 155, 157, 159, 161, 163, 166, 169, 172, 174, 176, 181, 185, 189, 192,
    194, 197, 202, 204, 207, 209, 212, 215, 217, 219, 221, 224, 226, 228, 233,
    236, 238, 240, 242, 245, 247, 250, 252, 254, 257, 259, 261, 264, 266, 269,
    273, 280, 282, 284, 286, 291, 293, 295, 297, 300, 302, 304, 306, 308, 311,
    313, 316, 318, 320, 326, 328, 332, 335, 339, 341, 343, 345, 347, 351, 353,
    356, 363, 366, 368, 370, 372, 374, 376, 379, 381, 383, 385, 387, 391, 393,
    395, 398, 400, 405, 410, 413, 416, 421, 423, 435, 438, 441, 444, 446, 449,
    454, 457, 462, 465, 468, 470, 472, 479, 483, 485, 488, 490, 494, 496, 498,
    506, 509, 511, 514, 516, 518, 520, 522, 525, 527, 529, 533, 535, 537, 539,
    542, 546, 550, 555, 557, 559, 566, 571, 576, 578, 580, 583, 587, 592, 595,
    597, 599, 601, 604, 606, 609, 612, 616, 619, 621, 623, 625, 628, 631, 635,
    637, 639, 641, 643, 648, 650, 655, 658, 661, 663, 665, 668, 670, 673, 675,
    680, 683, 689, 691, 693, 697, 699, 702, 704, 706, 708, 710, 714, 716, 720,
    723, 726, 729, 731, 733, 736, 738, 740, 742, 747, 750, 753, 756, 759, 763,
    765, 767, 769, 772, 775, 777, 780, 782
[1] 5, 9, 12, 13, 15, 19, 21, 22, 24, 26, 31, 33, 35, 37, 40, 42, 44, 51, 56,
    58, 59, 60, 62, 67, 72, 73, 77, 84, 88, 90, 92, 96, 100, 103, 108, 109,
    111, 112, 113, 115, 117, 121, 126, 128, 133, 137, 140, 143, 146, 149, 150,
    152, 154, 160, 165, 167, 171, 173, 175, 178, 179, 183, 184, 187, 190, 200,
    210, 218, 225, 234, 235, 241, 246, 248, 249, 251, 258, 260, 262, 265, 268,
    270, 283, 289, 290, 294, 296, 298, 305, 307, 312, 315, 319, 322, 323, 324,
    325, 330, 331, 333, 334, 338, 340, 342, 344, 346, 348, 354, 359, 360, 367,
    369, 371, 373, 375, 378, 384, 386, 388, 389, 390, 392, 394, 397, 402, 403,
    407, 412, 414, 415, 422, 424, 425, 428, 429, 430, 431, 432, 433, 443, 450,
    455, 456, 458, 459, 463, 464, 467, 469, 471, 473, 474, 476, 477, 480, 481,
    482, 484, 486, 489, 492, 493, 497, 499, 500, 501, 502, 504, 505, 507, 510,
    521, 530, 532, 534, 536, 538, 543, 544, 547, 548, 552, 554, 558, 560, 561,
    563, 564, 565, 567, 568, 577, 581, 586, 591, 596, 598, 600, 605, 608, 614,
    624, 627, 629, 632, 633, 634, 640, 645, 646, 649, 651, 652, 653, 654, 656,
    657, 669, 671, 674, 676, 677, 678, 681, 685, 687, 690, 695, 696, 698, 703,
    705, 715, 718, 719, 722, 724, 728, 730, 734, 735, 737, 739, 744, 745, 749,
    757, 761, 768, 770, 771, 773, 774, 776, 778, 779, 781, 783
[2] 0, 2, 4, 7, 10, 17, 27, 29, 34, 38, 45, 47, 48, 49, 50, 53, 55, 57, 64,
    65, 68, 70, 71, 75, 78, 79, 81, 82, 85, 86, 89, 91, 94, 98, 101, 105, 107,
    119, 123, 125, 130, 132, 134, 135, 138, 142, 144, 145, 148, 156, 158, 162,
    164, 168, 170, 177, 180, 182, 186, 188, 191, 193, 195, 196, 198, 199, 201,
    203, 205, 206, 208, 211, 213, 214, 216, 220, 222, 223, 227, 229, 230, 231,
    232, 237, 239, 243, 244, 253, 255, 256, 263, 267, 271, 272, 274, 275, 276,
    277, 278, 279, 281, 285, 287, 288, 292, 299, 301, 303, 309, 310, 314, 317,
    321, 327, 329, 336, 337, 349, 350, 352, 355, 357, 358, 361, 362, 364, 365,
    377, 380, 382, 396, 399, 401, 404, 406, 408, 409, 411, 417, 418, 419, 420,
    426, 427, 434, 436, 437, 439, 440, 442, 445, 447, 448, 451, 452, 453, 460,
    461, 466, 475, 478, 487, 491, 495, 503, 508, 512, 513, 515, 517, 519, 523,
    524, 526, 528, 531, 540, 541, 545, 549, 551, 553, 556, 562, 569, 570, 572,
    573, 574, 575, 579, 582, 584, 585, 588, 589, 590, 593, 594, 602, 603, 607,
    610, 611, 613, 615, 617, 618, 620, 622, 626, 630, 636, 638, 642, 644, 647,
    659, 660, 662, 664, 666, 667, 672, 679, 682, 684, 686, 688, 692, 694, 700,
    701, 707, 709, 711, 712, 713, 717, 721, 725, 727, 732, 741, 743, 746, 748,
    751, 752, 754, 755, 758, 760, 762, 764, 766

Reassigned labels

Runtime: 0.531494140625

Performance split_log:

IM without threshold:
Map:
{"Q_0": "Q", "Q_1": "Q", "Q_2": "Q"}
token_fitness
{"perc_fit_traces": 64.0, "average_trace_fitness": 0.950688780423945, "log_fitness": 0.9544889599845467, "percentage_of_fitting_traces": 64.0}
precision
0.9706961429915334
0.7142857142857143
generalization
0.954285846577784

Adjusted Rand Index:
0.8785875781219543



Parameters of this run:

Window size: 5
Threshold for edges: 0.5
Split candidates: Q
Max number of traces: 5000000
Method for distance calculation: Distance.EDIT_DISTANCE
Method for finding clusters: ClusteringMethod.COMMUNITY_DETECTION
Original log location: ./data/noImprInLoop_default_OD\feb17-0936\logs\D_1_LogD_Sequence_feb17-0936.xes.gz
Use frequency: True

Found communities: 

Clustering with 784 elements and 3 clusters
[0] 1, 3, 6, 8, 11, 14, 16, 18, 20, 23, 25, 28, 30, 32, 36, 39, 41, 43, 46,
    52, 54, 61, 63, 66, 69, 74, 76, 80, 83, 87, 93, 95, 97, 99, 102, 104, 106,
    110, 114, 116, 118, 120, 122, 124, 127, 129, 131, 136, 139, 141, 147, 151,
    153, 155, 157, 159, 161, 163, 166, 169, 172, 174, 176, 181, 185, 189, 192,
    194, 197, 202, 204, 207, 209, 212, 215, 217, 219, 221, 224, 226, 228, 233,
    236, 238, 240, 242, 245, 247, 250, 252, 254, 257, 259, 261, 264, 266, 269,
    273, 280, 282, 284, 286, 291, 293, 295, 297, 300, 302, 304, 306, 308, 311,
    313, 316, 318, 320, 326, 328, 332, 335, 339, 341, 343, 345, 347, 351, 353,
    356, 363, 366, 368, 370, 372, 374, 376, 379, 381, 383, 385, 387, 391, 393,
    395, 398, 400, 405, 410, 413, 416, 421, 423, 435, 438, 441, 444, 446, 449,
    454, 457, 462, 465, 468, 470, 472, 479, 483, 485, 488, 490, 494, 496, 498,
    506, 509, 511, 514, 516, 518, 520, 522, 525, 527, 529, 533, 535, 537, 539,
    542, 546, 550, 555, 557, 559, 566, 571, 576, 578, 580, 583, 587, 592, 595,
    597, 599, 601, 604, 606, 609, 612, 616, 619, 621, 623, 625, 628, 631, 635,
    637, 639, 641, 643, 648, 650, 655, 658, 661, 663, 665, 668, 670, 673, 675,
    680, 683, 689, 691, 693, 697, 699, 702, 704, 706, 708, 710, 714, 716, 720,
    723, 726, 729, 731, 733, 736, 738, 740, 742, 747, 750, 753, 756, 759, 763,
    765, 767, 769, 772, 775, 777, 780, 782
[1] 5, 9, 12, 13, 15, 19, 21, 22, 24, 26, 31, 33, 35, 37, 40, 42, 44, 51, 56,
    58, 59, 60, 62, 67, 72, 73, 77, 84, 88, 90, 92, 96, 100, 103, 108, 109,
    111, 112, 113, 115, 117, 121, 126, 128, 133, 137, 140, 143, 146, 149, 150,
    152, 154, 160, 165, 167, 171, 173, 175, 178, 179, 183, 184, 187, 190, 200,
    210, 218, 225, 234, 235, 241, 246, 248, 249, 251, 258, 260, 262, 265, 268,
    270, 283, 289, 290, 294, 296, 298, 305, 307, 312, 315, 319, 322, 323, 324,
    325, 330, 331, 333, 334, 338, 340, 342, 344, 346, 348, 354, 359, 360, 367,
    369, 371, 373, 375, 378, 384, 386, 388, 389, 390, 392, 394, 397, 402, 403,
    407, 412, 414, 415, 422, 424, 425, 428, 429, 430, 431, 432, 433, 443, 450,
    455, 456, 458, 459, 463, 464, 467, 469, 471, 473, 474, 476, 477, 480, 481,
    482, 484, 486, 489, 492, 493, 497, 499, 500, 501, 502, 504, 505, 507, 510,
    521, 530, 532, 534, 536, 538, 543, 544, 547, 548, 552, 554, 558, 560, 561,
    563, 564, 565, 567, 568, 577, 581, 586, 591, 596, 598, 600, 605, 608, 614,
    624, 627, 629, 632, 633, 634, 640, 645, 646, 649, 651, 652, 653, 654, 656,
    657, 669, 671, 674, 676, 677, 678, 681, 685, 687, 690, 695, 696, 698, 703,
    705, 715, 718, 719, 722, 724, 728, 730, 734, 735, 737, 739, 744, 745, 749,
    757, 761, 768, 770, 771, 773, 774, 776, 778, 779, 781, 783
[2] 0, 2, 4, 7, 10, 17, 27, 29, 34, 38, 45, 47, 48, 49, 50, 53, 55, 57, 64,
    65, 68, 70, 71, 75, 78, 79, 81, 82, 85, 86, 89, 91, 94, 98, 101, 105, 107,
    119, 123, 125, 130, 132, 134, 135, 138, 142, 144, 145, 148, 156, 158, 162,
    164, 168, 170, 177, 180, 182, 186, 188, 191, 193, 195, 196, 198, 199, 201,
    203, 205, 206, 208, 211, 213, 214, 216, 220, 222, 223, 227, 229, 230, 231,
    232, 237, 239, 243, 244, 253, 255, 256, 263, 267, 271, 272, 274, 275, 276,
    277, 278, 279, 281, 285, 287, 288, 292, 299, 301, 303, 309, 310, 314, 317,
    321, 327, 329, 336, 337, 349, 350, 352, 355, 357, 358, 361, 362, 364, 365,
    377, 380, 382, 396, 399, 401, 404, 406, 408, 409, 411, 417, 418, 419, 420,
    426, 427, 434, 436, 437, 439, 440, 442, 445, 447, 448, 451, 452, 453, 460,
    461, 466, 475, 478, 487, 491, 495, 503, 508, 512, 513, 515, 517, 519, 523,
    524, 526, 528, 531, 540, 541, 545, 549, 551, 553, 556, 562, 569, 570, 572,
    573, 574, 575, 579, 582, 584, 585, 588, 589, 590, 593, 594, 602, 603, 607,
    610, 611, 613, 615, 617, 618, 620, 622, 626, 630, 636, 638, 642, 644, 647,
    659, 660, 662, 664, 666, 667, 672, 679, 682, 684, 686, 688, 692, 694, 700,
    701, 707, 709, 711, 712, 713, 717, 721, 725, 727, 732, 741, 743, 746, 748,
    751, 752, 754, 755, 758, 760, 762, 764, 766

Reassigned labels

Runtime: 0.4769022464752197

Performance split_log:

IM without threshold:
Map:
{"Q_0": "Q", "Q_1": "Q", "Q_2": "Q"}
token_fitness
{"perc_fit_traces": 100.0, "average_trace_fitness": 1.0, "log_fitness": 1.0, "percentage_of_fitting_traces": 100.0}
precision
0.9635960226805818
0.7142857142857143
generalization
0.9560119841905118

Adjusted Rand Index:
0.8785875781219543



Parameters of this run:

Window size: 5
Threshold for edges: 0.75
Split candidates: Q
Max number of traces: 5000000
Method for distance calculation: Distance.EDIT_DISTANCE
Method for finding clusters: ClusteringMethod.COMMUNITY_DETECTION
Original log location: ./data/noImprInLoop_default_OD\feb17-0936\logs\D_1_LogD_Sequence_feb17-0936.xes.gz
Use frequency: True

Found communities: 

Clustering with 784 elements and 6 clusters
[0] 0, 2, 4, 7, 10, 17, 27, 29, 34, 45, 47, 48, 53, 55, 64, 68, 70, 71, 75,
    78, 81, 82, 86, 89, 91, 94, 98, 101, 105, 107, 119, 123, 125, 130, 132,
    134, 138, 142, 144, 145, 158, 164, 168, 177, 180, 182, 188, 191, 195, 196,
    198, 199, 201, 203, 205, 206, 208, 211, 213, 216, 220, 222, 227, 229, 230,
    231, 232, 237, 239, 243, 253, 255, 256, 263, 271, 272, 274, 275, 276, 277,
    278, 281, 285, 287, 288, 292, 301, 303, 309, 314, 317, 321, 329, 336, 337,
    349, 350, 352, 355, 357, 358, 364, 365, 380, 382, 396, 401, 404, 408, 409,
    411, 417, 418, 419, 420, 426, 427, 434, 436, 437, 439, 440, 442, 445, 448,
    451, 452, 453, 460, 461, 466, 475, 478, 487, 491, 495, 508, 512, 513, 515,
    519, 524, 526, 528, 531, 540, 541, 545, 549, 551, 553, 569, 572, 573, 579,
    584, 585, 588, 602, 603, 607, 610, 613, 615, 617, 618, 622, 626, 630, 636,
    638, 642, 644, 647, 660, 662, 664, 682, 684, 686, 688, 692, 701, 709, 713,
    727, 732, 746, 755, 758, 762, 764, 766
[1] 5, 9, 15, 19, 21, 24, 26, 31, 33, 35, 37, 44, 51, 56, 58, 59, 62, 67, 72,
    73, 77, 84, 88, 90, 96, 103, 109, 112, 113, 115, 117, 126, 143, 149, 150,
    152, 160, 165, 167, 171, 173, 178, 183, 184, 190, 200, 225, 234, 246, 248,
    249, 251, 258, 265, 283, 289, 290, 294, 296, 305, 307, 312, 315, 319, 322,
    323, 325, 331, 333, 344, 346, 348, 369, 371, 373, 375, 384, 388, 390, 394,
    397, 402, 403, 407, 412, 414, 422, 424, 425, 430, 431, 450, 455, 458, 459,
    464, 471, 474, 476, 481, 482, 484, 486, 489, 499, 500, 501, 504, 505, 507,
    510, 521, 532, 534, 536, 543, 544, 547, 552, 554, 560, 561, 563, 564, 565,
    567, 577, 581, 591, 596, 600, 608, 629, 632, 634, 640, 645, 649, 652, 654,
    656, 657, 669, 671, 676, 681, 685, 687, 695, 696, 703, 705, 715, 718, 722,
    730, 734, 735, 757, 761, 768, 770, 771, 773, 776, 778, 779, 781, 783
[2] 6, 14, 16, 20, 23, 25, 32, 36, 41, 43, 52, 61, 63, 74, 93, 97, 104, 110,
    114, 116, 118, 122, 127, 129, 141, 147, 151, 153, 155, 161, 166, 172, 174,
    176, 185, 219, 226, 236, 242, 247, 250, 252, 259, 261, 266, 269, 284, 291,
    295, 297, 306, 308, 313, 316, 320, 326, 332, 335, 339, 341, 343, 345, 347,
    368, 370, 372, 374, 376, 379, 385, 387, 391, 393, 395, 398, 413, 416, 423,
    444, 457, 465, 468, 470, 472, 483, 485, 490, 494, 498, 506, 511, 522, 533,
    535, 537, 539, 555, 559, 566, 578, 587, 592, 597, 599, 601, 606, 609, 625,
    628, 635, 641, 650, 655, 658, 670, 675, 691, 697, 699, 704, 706, 716, 720,
    723, 729, 731, 736, 738, 740, 750, 769, 772, 775, 777, 780, 782
[3] 1, 3, 8, 11, 18, 28, 30, 39, 46, 54, 66, 69, 76, 80, 83, 87, 95, 99, 102,
    106, 120, 124, 131, 136, 139, 157, 159, 163, 169, 181, 189, 192, 194, 197,
    202, 204, 207, 209, 212, 215, 217, 221, 224, 228, 233, 238, 240, 245, 254,
    257, 264, 273, 280, 282, 286, 293, 300, 302, 304, 311, 318, 328, 351, 353,
    356, 363, 366, 381, 383, 400, 405, 410, 421, 435, 438, 441, 446, 449, 454,
    462, 479, 488, 496, 509, 514, 516, 518, 520, 525, 527, 529, 542, 546, 550,
    557, 571, 576, 580, 583, 595, 604, 612, 616, 619, 621, 623, 631, 637, 639,
    643, 648, 661, 663, 665, 668, 673, 680, 683, 689, 693, 702, 708, 710, 714,
    726, 733, 742, 747, 753, 756, 759, 763, 765, 767
[4] 12, 13, 22, 40, 42, 60, 92, 100, 108, 111, 121, 128, 133, 137, 140, 146,
    154, 175, 179, 187, 210, 218, 235, 241, 260, 262, 268, 270, 298, 324, 330,
    334, 338, 340, 342, 354, 359, 360, 367, 378, 386, 389, 392, 415, 428, 429,
    432, 433, 443, 456, 463, 467, 469, 473, 477, 480, 492, 493, 497, 502, 530,
    538, 548, 558, 568, 586, 598, 605, 614, 624, 627, 633, 646, 651, 653, 674,
    677, 678, 690, 698, 719, 724, 728, 737, 739, 744, 745, 749, 774
[5] 38, 49, 50, 57, 65, 79, 85, 135, 148, 156, 162, 170, 186, 193, 214, 223,
    244, 267, 279, 299, 310, 327, 361, 362, 377, 399, 406, 447, 503, 517, 523,
    556, 562, 570, 574, 575, 582, 589, 590, 593, 594, 611, 620, 659, 666, 667,
    672, 679, 694, 700, 707, 711, 712, 717, 721, 725, 741, 743, 748, 751, 752,
    754, 760

Reassigned labels

Runtime: 0.43877410888671875

Performance split_log:

IM without threshold:
Map:
{"Q_0": "Q", "Q_1": "Q", "Q_2": "Q", "Q_3": "Q", "Q_4": "Q", "Q_5": "Q"}
token_fitness
{"perc_fit_traces": 64.0, "average_trace_fitness": 0.950688780423945, "log_fitness": 0.9544889599845467, "percentage_of_fitting_traces": 64.0}
precision
0.9706961429915334
0.7142857142857143
generalization
0.95329920668332

Adjusted Rand Index:
0.8785875781219543



Parameters of this run:

Window size: 5
Threshold for edges: 1
Split candidates: Q
Max number of traces: 5000000
Method for distance calculation: Distance.EDIT_DISTANCE
Method for finding clusters: ClusteringMethod.COMMUNITY_DETECTION
Original log location: ./data/noImprInLoop_default_OD\feb17-0936\logs\D_1_LogD_Sequence_feb17-0936.xes.gz
Use frequency: True

Found communities: 

Clustering with 784 elements and 114 clusters
[  0] 46, 131, 159, 197, 202, 228, 257, 273, 293, 351, 421, 446, 454, 496,
      514, 546, 604, 616, 619, 637, 661, 663, 693, 714, 763, 767
[  1] 13, 42, 60, 128, 140, 154, 235, 241, 268, 334, 338, 342, 415, 443, 456,
      469, 493, 497, 558, 624, 690, 698, 719, 739, 749
[  2] 14, 43, 61, 129, 141, 155, 236, 242, 269, 335, 339, 343, 416, 444, 457,
      470, 494, 498, 559, 625, 691, 699, 720, 740, 750
[  3] 16, 104, 127, 153, 166, 172, 185, 252, 297, 320, 376, 385, 398, 423,
      533, 555, 578, 601, 635, 655, 658, 697, 706, 769, 777
[  4] 15, 103, 126, 152, 165, 171, 184, 251, 296, 319, 375, 384, 397, 422,
      532, 554, 577, 600, 634, 654, 657, 696, 705, 768, 776
[  5] 5, 19, 35, 62, 173, 225, 249, 258, 265, 307, 346, 369, 371, 373, 412,
      471, 482, 484, 505, 608, 640, 703, 722, 781
[  6] 6, 20, 36, 63, 174, 226, 250, 259, 266, 308, 347, 370, 372, 374, 413,
      472, 483, 485, 506, 609, 641, 704, 723, 782
[  7] 22, 40, 92, 121, 146, 175, 218, 260, 340, 367, 378, 386, 392, 467, 538,
      586, 598, 605, 627, 674, 728, 737, 774
[  8] 23, 41, 93, 122, 147, 176, 219, 261, 341, 368, 379, 387, 393, 468, 539,
      587, 599, 606, 628, 675, 729, 738, 775
[  9] 9, 33, 37, 88, 90, 183, 323, 402, 414, 424, 486, 501, 504, 560, 563,
      629, 632, 645, 676, 695, 757, 761
[ 10] 21, 26, 167, 289, 322, 348, 388, 407, 431, 450, 455, 458, 459, 476, 561,
      567, 652, 656, 671, 687, 718, 778
[ 11] 11, 18, 39, 87, 106, 136, 221, 233, 254, 286, 302, 356, 383, 479, 516,
      525, 542, 665, 756, 759, 765
[ 12] 108, 111, 133, 137, 179, 187, 270, 298, 324, 330, 433, 477, 480, 492,
      502, 548, 568, 614, 646, 651, 678
[ 13] 12, 100, 210, 262, 354, 359, 360, 389, 428, 429, 432, 463, 473, 530,
      633, 653, 677, 724, 744, 745
[ 14] 31, 51, 96, 109, 150, 246, 290, 305, 315, 325, 344, 464, 489, 521, 534,
      536, 565, 591, 730, 779
[ 15] 32, 52, 97, 110, 151, 247, 291, 306, 316, 326, 345, 465, 490, 522, 535,
      537, 566, 592, 731, 780
[ 16] 56, 72, 77, 84, 112, 143, 149, 403, 425, 430, 474, 499, 500, 507, 543,
      544, 552, 581, 685, 783
[ 17] 24, 73, 113, 115, 117, 160, 283, 294, 312, 331, 390, 394, 510, 596, 649,
      669, 715, 735, 771
[ 18] 25, 74, 114, 116, 118, 161, 284, 295, 313, 332, 391, 395, 511, 597, 650,
      670, 716, 736, 772
[ 19] 1, 54, 66, 215, 245, 304, 353, 381, 441, 488, 550, 639, 648, 680, 702,
      710, 742
[ 20] 44, 58, 59, 67, 178, 190, 200, 234, 248, 333, 481, 547, 564, 681, 734,
      770, 773
[ 21] 99, 120, 181, 204, 209, 217, 282, 311, 410, 520, 557, 580, 668, 689,
      733, 747
[ 22] 79, 193, 299, 362, 399, 517, 575, 594, 611, 620, 672, 707, 725, 752
[ 23] 80, 194, 300, 363, 400, 518, 576, 595, 612, 621, 673, 708, 726, 753
[ 24] 49, 148, 267, 361, 666, 700, 711, 712, 743, 754
[ 25] 130, 272, 453, 513, 603, 636, 662, 692, 713, 762
[ 26] 38, 86, 135, 253, 285, 301, 478, 524, 758
[ 27] 170, 186, 406, 447, 562, 574, 590, 748, 760
[ 28] 156, 162, 223, 279, 327, 570, 582
[ 29] 157, 163, 224, 280, 328, 571, 583
[ 30] 50, 377, 503, 523, 589, 694, 751
[ 31] 57, 85, 593, 659, 717, 721
[ 32] 76, 83, 124, 139, 238, 527
[ 33] 30, 95, 102, 169, 462, 529
[ 34] 3, 8, 207, 212, 366, 643
[ 35] 28, 192, 240, 623, 631
[ 36] 65, 214, 244, 679, 741
[ 37] 69, 189, 264, 438, 509
[ 38] 318, 405, 435, 449, 683
[ 39] 417, 466, 569, 572, 684
[ 40] 144, 229, 512, 551, 584
[ 41] 4, 275, 426
[ 42] 29, 101, 461
[ 43] 45, 196, 660
[ 44] 47, 213, 439
[ 45] 53, 440, 709
[ 46] 55, 278, 626
[ 47] 75, 123, 237
[ 48] 89, 243, 336
[ 49] 94, 168, 528
[ 50] 48, 177, 475
[ 51] 182, 349, 727
[ 52] 191, 239, 622
[ 53] 119, 203, 688
[ 54] 70, 205, 617
[ 55] 2, 7, 211
[ 56] 105, 220, 764
[ 57] 107, 132, 222
[ 58] 227, 292, 495
[ 59] 125, 231, 588
[ 60] 188, 263, 437
[ 61] 310, 556, 667
[ 62] 314, 329, 442
[ 63] 34, 337, 610
[ 64] 158, 350, 420
[ 65] 198, 358, 436
[ 66] 434, 448, 682
[ 67] 64, 401, 460
[ 68] 216, 519, 579
[ 69] 82, 138, 526
[ 70] 411, 427, 531
[ 71] 201, 615, 618
[ 72] 206, 365, 642
[ 73] 0, 638
[ 74] 17, 515
[ 75] 68, 508
[ 76] 71, 452
[ 77] 81, 287
[ 78] 98, 281
[ 79] 134, 602
[ 80] 199, 230
[ 81] 277, 309
[ 82] 317, 404
[ 83] 321, 573
[ 84] 352, 549
[ 85] 355, 664
[ 86] 357, 613
[ 87] 145, 364
[ 88] 10, 382
[ 89] 409, 732
[ 90] 271, 419
[ 91] 256, 445
[ 92] 78, 451
[ 93] 255, 491
[ 94] 408, 540
[ 95] 541, 755
[ 96] 545, 766
[ 97] 91, 553
[ 98] 288, 585
[ 99] 418, 607
[100] 27, 630
[101] 380, 647
[102] 195, 686
[103] 303, 701
[104] 180, 746
[105] 142
[106] 164
[107] 208
[108] 232
[109] 274
[110] 276
[111] 396
[112] 487
[113] 644

Reassigned labels

Runtime: 0.5158298015594482

Performance split_log:

IM without threshold:
Map:
{"Q_0": "Q", "Q_1": "Q", "Q_2": "Q", "Q_3": "Q", "Q_4": "Q", "Q_5": "Q", "Q_6": "Q", "Q_7": "Q", "Q_8": "Q", "Q_9": "Q", "Q_10": "Q", "Q_11": "Q", "Q_12": "Q", "Q_13": "Q", "Q_14": "Q", "Q_15": "Q", "Q_16": "Q", "Q_17": "Q", "Q_18": "Q", "Q_19": "Q", "Q_20": "Q", "Q_21": "Q", "Q_22": "Q", "Q_23": "Q", "Q_24": "Q", "Q_25": "Q", "Q_26": "Q", "Q_27": "Q", "Q_28": "Q", "Q_29": "Q", "Q_30": "Q", "Q_31": "Q", "Q_32": "Q", "Q_33": "Q", "Q_34": "Q", "Q_35": "Q", "Q_36": "Q", "Q_37": "Q", "Q_38": "Q", "Q_39": "Q", "Q_40": "Q", "Q_41": "Q", "Q_42": "Q", "Q_43": "Q", "Q_44": "Q", "Q_45": "Q", "Q_46": "Q", "Q_47": "Q", "Q_48": "Q", "Q_49": "Q", "Q_50": "Q", "Q_51": "Q", "Q_52": "Q", "Q_53": "Q", "Q_54": "Q", "Q_55": "Q", "Q_56": "Q", "Q_57": "Q", "Q_58": "Q", "Q_59": "Q", "Q_60": "Q", "Q_61": "Q", "Q_62": "Q", "Q_63": "Q", "Q_64": "Q", "Q_65": "Q", "Q_66": "Q", "Q_67": "Q", "Q_68": "Q", "Q_69": "Q", "Q_70": "Q", "Q_71": "Q", "Q_72": "Q", "Q_73": "Q", "Q_74": "Q", "Q_75": "Q", "Q_76": "Q", "Q_77": "Q", "Q_78": "Q", "Q_79": "Q", "Q_80": "Q", "Q_81": "Q", "Q_82": "Q", "Q_83": "Q", "Q_84": "Q", "Q_85": "Q", "Q_86": "Q", "Q_87": "Q", "Q_88": "Q", "Q_89": "Q", "Q_90": "Q", "Q_91": "Q", "Q_92": "Q", "Q_93": "Q", "Q_94": "Q", "Q_95": "Q", "Q_96": "Q", "Q_97": "Q", "Q_98": "Q", "Q_99": "Q", "Q_100": "Q", "Q_101": "Q", "Q_102": "Q", "Q_103": "Q", "Q_104": "Q", "Q_105": "Q", "Q_106": "Q", "Q_107": "Q", "Q_108": "Q", "Q_109": "Q", "Q_110": "Q", "Q_111": "Q", "Q_112": "Q", "Q_113": "Q"}
token_fitness
{"perc_fit_traces": 3.6, "average_trace_fitness": 0.9201707601102856, "log_fitness": 0.9236275140735404, "percentage_of_fitting_traces": 3.6}
precision
0.6124819624819624
0.6559139784946236
generalization
0.47520963204756483

Adjusted Rand Index:
0.22196087195433992



Parameters of this run:

Window size: 5
Threshold for edges: 0
Split candidates: Q
Max number of traces: 5000000
Method for distance calculation: Distance.SET_DISTANCE
Method for finding clusters: ClusteringMethod.COMMUNITY_DETECTION
Original log location: ./data/noImprInLoop_default_OD\feb17-0936\logs\D_1_LogD_Sequence_feb17-0936.xes.gz
Use frequency: True

Found communities: 

Clustering with 784 elements and 3 clusters
[0] 1, 3, 6, 8, 11, 14, 16, 18, 20, 23, 25, 28, 30, 32, 36, 39, 41, 43, 46,
    52, 54, 61, 63, 66, 69, 74, 76, 80, 83, 87, 93, 95, 97, 99, 102, 104, 106,
    110, 114, 116, 118, 120, 122, 124, 127, 129, 131, 136, 139, 141, 147, 151,
    153, 155, 157, 159, 161, 163, 166, 169, 172, 174, 176, 181, 185, 189, 192,
    194, 197, 202, 204, 207, 209, 212, 215, 217, 219, 221, 224, 226, 228, 233,
    236, 238, 240, 242, 245, 247, 250, 252, 254, 257, 259, 261, 264, 266, 269,
    273, 280, 282, 284, 286, 291, 293, 295, 297, 300, 302, 304, 306, 308, 311,
    313, 316, 318, 320, 326, 328, 332, 335, 339, 341, 343, 345, 347, 351, 353,
    356, 363, 366, 368, 370, 372, 374, 376, 379, 381, 383, 385, 387, 391, 393,
    395, 398, 400, 405, 410, 413, 416, 421, 423, 435, 438, 441, 444, 446, 449,
    454, 457, 462, 465, 468, 470, 472, 479, 483, 485, 488, 490, 494, 496, 498,
    506, 509, 511, 514, 516, 518, 520, 522, 525, 527, 529, 533, 535, 537, 539,
    542, 546, 550, 555, 557, 559, 566, 571, 576, 578, 580, 583, 587, 592, 595,
    597, 599, 601, 604, 606, 609, 612, 616, 619, 621, 623, 625, 628, 631, 635,
    637, 639, 641, 643, 648, 650, 655, 658, 661, 663, 665, 668, 670, 673, 675,
    680, 683, 689, 691, 693, 697, 699, 702, 704, 706, 708, 710, 714, 716, 720,
    723, 726, 729, 731, 733, 736, 738, 740, 742, 747, 750, 753, 756, 759, 763,
    765, 767, 769, 772, 775, 777, 780, 782
[1] 5, 9, 12, 13, 15, 19, 21, 22, 24, 26, 31, 33, 35, 37, 40, 42, 44, 51, 56,
    58, 59, 60, 62, 67, 72, 73, 77, 84, 88, 90, 92, 96, 100, 103, 108, 109,
    111, 112, 113, 115, 117, 121, 126, 128, 133, 137, 140, 143, 146, 149, 150,
    152, 154, 160, 165, 167, 171, 173, 175, 178, 179, 183, 184, 187, 190, 200,
    210, 218, 225, 234, 235, 241, 246, 248, 249, 251, 258, 260, 262, 265, 268,
    270, 283, 289, 290, 294, 296, 298, 305, 307, 312, 315, 319, 322, 323, 324,
    325, 330, 331, 333, 334, 338, 340, 342, 344, 346, 348, 354, 359, 360, 367,
    369, 371, 373, 375, 378, 384, 386, 388, 389, 390, 392, 394, 397, 402, 403,
    407, 412, 414, 415, 422, 424, 425, 428, 429, 430, 431, 432, 433, 443, 450,
    455, 456, 458, 459, 463, 464, 467, 469, 471, 473, 474, 476, 477, 480, 481,
    482, 484, 486, 489, 492, 493, 497, 499, 500, 501, 502, 504, 505, 507, 510,
    521, 530, 532, 534, 536, 538, 543, 544, 547, 548, 552, 554, 558, 560, 561,
    563, 564, 565, 567, 568, 577, 581, 586, 591, 596, 598, 600, 605, 608, 614,
    624, 627, 629, 632, 633, 634, 640, 645, 646, 649, 651, 652, 653, 654, 656,
    657, 669, 671, 674, 676, 677, 678, 681, 685, 687, 690, 695, 696, 698, 703,
    705, 715, 718, 719, 722, 724, 728, 730, 734, 735, 737, 739, 744, 745, 749,
    757, 761, 768, 770, 771, 773, 774, 776, 778, 779, 781, 783
[2] 0, 2, 4, 7, 10, 17, 27, 29, 34, 38, 45, 47, 48, 49, 50, 53, 55, 57, 64,
    65, 68, 70, 71, 75, 78, 79, 81, 82, 85, 86, 89, 91, 94, 98, 101, 105, 107,
    119, 123, 125, 130, 132, 134, 135, 138, 142, 144, 145, 148, 156, 158, 162,
    164, 168, 170, 177, 180, 182, 186, 188, 191, 193, 195, 196, 198, 199, 201,
    203, 205, 206, 208, 211, 213, 214, 216, 220, 222, 223, 227, 229, 230, 231,
    232, 237, 239, 243, 244, 253, 255, 256, 263, 267, 271, 272, 274, 275, 276,
    277, 278, 279, 281, 285, 287, 288, 292, 299, 301, 303, 309, 310, 314, 317,
    321, 327, 329, 336, 337, 349, 350, 352, 355, 357, 358, 361, 362, 364, 365,
    377, 380, 382, 396, 399, 401, 404, 406, 408, 409, 411, 417, 418, 419, 420,
    426, 427, 434, 436, 437, 439, 440, 442, 445, 447, 448, 451, 452, 453, 460,
    461, 466, 475, 478, 487, 491, 495, 503, 508, 512, 513, 515, 517, 519, 523,
    524, 526, 528, 531, 540, 541, 545, 549, 551, 553, 556, 562, 569, 570, 572,
    573, 574, 575, 579, 582, 584, 585, 588, 589, 590, 593, 594, 602, 603, 607,
    610, 611, 613, 615, 617, 618, 620, 622, 626, 630, 636, 638, 642, 644, 647,
    659, 660, 662, 664, 666, 667, 672, 679, 682, 684, 686, 688, 692, 694, 700,
    701, 707, 709, 711, 712, 713, 717, 721, 725, 727, 732, 741, 743, 746, 748,
    751, 752, 754, 755, 758, 760, 762, 764, 766

Reassigned labels

Runtime: 0.5374109745025635

Performance split_log:

IM without threshold:
Map:
{"Q_0": "Q", "Q_1": "Q", "Q_2": "Q"}
token_fitness
{"perc_fit_traces": 100.0, "average_trace_fitness": 1.0, "log_fitness": 1.0, "percentage_of_fitting_traces": 100.0}
precision
0.9635960226805818
0.7142857142857143
generalization
0.9560119841905118

Adjusted Rand Index:
0.8785875781219543



Parameters of this run:

Window size: 5
Threshold for edges: 0.25
Split candidates: Q
Max number of traces: 5000000
Method for distance calculation: Distance.SET_DISTANCE
Method for finding clusters: ClusteringMethod.COMMUNITY_DETECTION
Original log location: ./data/noImprInLoop_default_OD\feb17-0936\logs\D_1_LogD_Sequence_feb17-0936.xes.gz
Use frequency: True

Found communities: 

Clustering with 784 elements and 3 clusters
[0] 1, 3, 6, 8, 11, 14, 16, 18, 20, 23, 25, 28, 30, 32, 36, 39, 41, 43, 46,
    52, 54, 61, 63, 66, 69, 74, 76, 80, 83, 87, 93, 95, 97, 99, 102, 104, 106,
    110, 114, 116, 118, 120, 122, 124, 127, 129, 131, 136, 139, 141, 147, 151,
    153, 155, 157, 159, 161, 163, 166, 169, 172, 174, 176, 181, 185, 189, 192,
    194, 197, 202, 204, 207, 209, 212, 215, 217, 219, 221, 224, 226, 228, 233,
    236, 238, 240, 242, 245, 247, 250, 252, 254, 257, 259, 261, 264, 266, 269,
    273, 280, 282, 284, 286, 291, 293, 295, 297, 300, 302, 304, 306, 308, 311,
    313, 316, 318, 320, 326, 328, 332, 335, 339, 341, 343, 345, 347, 351, 353,
    356, 363, 366, 368, 370, 372, 374, 376, 379, 381, 383, 385, 387, 391, 393,
    395, 398, 400, 405, 410, 413, 416, 421, 423, 435, 438, 441, 444, 446, 449,
    454, 457, 462, 465, 468, 470, 472, 479, 483, 485, 488, 490, 494, 496, 498,
    506, 509, 511, 514, 516, 518, 520, 522, 525, 527, 529, 533, 535, 537, 539,
    542, 546, 550, 555, 557, 559, 566, 571, 576, 578, 580, 583, 587, 592, 595,
    597, 599, 601, 604, 606, 609, 612, 616, 619, 621, 623, 625, 628, 631, 635,
    637, 639, 641, 643, 648, 650, 655, 658, 661, 663, 665, 668, 670, 673, 675,
    680, 683, 689, 691, 693, 697, 699, 702, 704, 706, 708, 710, 714, 716, 720,
    723, 726, 729, 731, 733, 736, 738, 740, 742, 747, 750, 753, 756, 759, 763,
    765, 767, 769, 772, 775, 777, 780, 782
[1] 5, 9, 12, 13, 15, 19, 21, 22, 24, 26, 31, 33, 35, 37, 40, 42, 44, 51, 56,
    58, 59, 60, 62, 67, 72, 73, 77, 84, 88, 90, 92, 96, 100, 103, 108, 109,
    111, 112, 113, 115, 117, 121, 126, 128, 133, 137, 140, 143, 146, 149, 150,
    152, 154, 160, 165, 167, 171, 173, 175, 178, 179, 183, 184, 187, 190, 200,
    210, 218, 225, 234, 235, 241, 246, 248, 249, 251, 258, 260, 262, 265, 268,
    270, 283, 289, 290, 294, 296, 298, 305, 307, 312, 315, 319, 322, 323, 324,
    325, 330, 331, 333, 334, 338, 340, 342, 344, 346, 348, 354, 359, 360, 367,
    369, 371, 373, 375, 378, 384, 386, 388, 389, 390, 392, 394, 397, 402, 403,
    407, 412, 414, 415, 422, 424, 425, 428, 429, 430, 431, 432, 433, 443, 450,
    455, 456, 458, 459, 463, 464, 467, 469, 471, 473, 474, 476, 477, 480, 481,
    482, 484, 486, 489, 492, 493, 497, 499, 500, 501, 502, 504, 505, 507, 510,
    521, 530, 532, 534, 536, 538, 543, 544, 547, 548, 552, 554, 558, 560, 561,
    563, 564, 565, 567, 568, 577, 581, 586, 591, 596, 598, 600, 605, 608, 614,
    624, 627, 629, 632, 633, 634, 640, 645, 646, 649, 651, 652, 653, 654, 656,
    657, 669, 671, 674, 676, 677, 678, 681, 685, 687, 690, 695, 696, 698, 703,
    705, 715, 718, 719, 722, 724, 728, 730, 734, 735, 737, 739, 744, 745, 749,
    757, 761, 768, 770, 771, 773, 774, 776, 778, 779, 781, 783
[2] 0, 2, 4, 7, 10, 17, 27, 29, 34, 38, 45, 47, 48, 49, 50, 53, 55, 57, 64,
    65, 68, 70, 71, 75, 78, 79, 81, 82, 85, 86, 89, 91, 94, 98, 101, 105, 107,
    119, 123, 125, 130, 132, 134, 135, 138, 142, 144, 145, 148, 156, 158, 162,
    164, 168, 170, 177, 180, 182, 186, 188, 191, 193, 195, 196, 198, 199, 201,
    203, 205, 206, 208, 211, 213, 214, 216, 220, 222, 223, 227, 229, 230, 231,
    232, 237, 239, 243, 244, 253, 255, 256, 263, 267, 271, 272, 274, 275, 276,
    277, 278, 279, 281, 285, 287, 288, 292, 299, 301, 303, 309, 310, 314, 317,
    321, 327, 329, 336, 337, 349, 350, 352, 355, 357, 358, 361, 362, 364, 365,
    377, 380, 382, 396, 399, 401, 404, 406, 408, 409, 411, 417, 418, 419, 420,
    426, 427, 434, 436, 437, 439, 440, 442, 445, 447, 448, 451, 452, 453, 460,
    461, 466, 475, 478, 487, 491, 495, 503, 508, 512, 513, 515, 517, 519, 523,
    524, 526, 528, 531, 540, 541, 545, 549, 551, 553, 556, 562, 569, 570, 572,
    573, 574, 575, 579, 582, 584, 585, 588, 589, 590, 593, 594, 602, 603, 607,
    610, 611, 613, 615, 617, 618, 620, 622, 626, 630, 636, 638, 642, 644, 647,
    659, 660, 662, 664, 666, 667, 672, 679, 682, 684, 686, 688, 692, 694, 700,
    701, 707, 709, 711, 712, 713, 717, 721, 725, 727, 732, 741, 743, 746, 748,
    751, 752, 754, 755, 758, 760, 762, 764, 766

Reassigned labels

Runtime: 0.540935754776001

Performance split_log:

IM without threshold:
Map:
{"Q_0": "Q", "Q_1": "Q", "Q_2": "Q"}
token_fitness
{"perc_fit_traces": 100.0, "average_trace_fitness": 1.0, "log_fitness": 1.0, "percentage_of_fitting_traces": 100.0}
precision
0.9635960226805818
0.7142857142857143
generalization
0.9560119841905118

Adjusted Rand Index:
0.8785875781219543



Parameters of this run:

Window size: 5
Threshold for edges: 0.5
Split candidates: Q
Max number of traces: 5000000
Method for distance calculation: Distance.SET_DISTANCE
Method for finding clusters: ClusteringMethod.COMMUNITY_DETECTION
Original log location: ./data/noImprInLoop_default_OD\feb17-0936\logs\D_1_LogD_Sequence_feb17-0936.xes.gz
Use frequency: True

Found communities: 

Clustering with 784 elements and 3 clusters
[0] 1, 3, 6, 8, 11, 14, 16, 18, 20, 23, 25, 28, 30, 32, 36, 39, 41, 43, 46,
    52, 54, 61, 63, 66, 69, 74, 76, 80, 83, 87, 93, 95, 97, 99, 102, 104, 106,
    110, 114, 116, 118, 120, 122, 124, 127, 129, 131, 136, 139, 141, 147, 151,
    153, 155, 157, 159, 161, 163, 166, 169, 172, 174, 176, 181, 185, 189, 192,
    194, 197, 202, 204, 207, 209, 212, 215, 217, 219, 221, 224, 226, 228, 233,
    236, 238, 240, 242, 245, 247, 250, 252, 254, 257, 259, 261, 264, 266, 269,
    273, 280, 282, 284, 286, 291, 293, 295, 297, 300, 302, 304, 306, 308, 311,
    313, 316, 318, 320, 326, 328, 332, 335, 339, 341, 343, 345, 347, 351, 353,
    356, 363, 366, 368, 370, 372, 374, 376, 379, 381, 383, 385, 387, 391, 393,
    395, 398, 400, 405, 410, 413, 416, 421, 423, 435, 438, 441, 444, 446, 449,
    454, 457, 462, 465, 468, 470, 472, 479, 483, 485, 488, 490, 494, 496, 498,
    506, 509, 511, 514, 516, 518, 520, 522, 525, 527, 529, 533, 535, 537, 539,
    542, 546, 550, 555, 557, 559, 566, 571, 576, 578, 580, 583, 587, 592, 595,
    597, 599, 601, 604, 606, 609, 612, 616, 619, 621, 623, 625, 628, 631, 635,
    637, 639, 641, 643, 648, 650, 655, 658, 661, 663, 665, 668, 670, 673, 675,
    680, 683, 689, 691, 693, 697, 699, 702, 704, 706, 708, 710, 714, 716, 720,
    723, 726, 729, 731, 733, 736, 738, 740, 742, 747, 750, 753, 756, 759, 763,
    765, 767, 769, 772, 775, 777, 780, 782
[1] 5, 9, 12, 13, 15, 19, 21, 22, 24, 26, 31, 33, 35, 37, 40, 42, 44, 51, 56,
    58, 59, 60, 62, 67, 72, 73, 77, 84, 88, 90, 92, 96, 100, 103, 108, 109,
    111, 112, 113, 115, 117, 121, 126, 128, 133, 137, 140, 143, 146, 149, 150,
    152, 154, 160, 165, 167, 171, 173, 175, 178, 179, 183, 184, 187, 190, 200,
    210, 218, 225, 234, 235, 241, 246, 248, 249, 251, 258, 260, 262, 265, 268,
    270, 283, 289, 290, 294, 296, 298, 305, 307, 312, 315, 319, 322, 323, 324,
    325, 330, 331, 333, 334, 338, 340, 342, 344, 346, 348, 354, 359, 360, 367,
    369, 371, 373, 375, 378, 384, 386, 388, 389, 390, 392, 394, 397, 402, 403,
    407, 412, 414, 415, 422, 424, 425, 428, 429, 430, 431, 432, 433, 443, 450,
    455, 456, 458, 459, 463, 464, 467, 469, 471, 473, 474, 476, 477, 480, 481,
    482, 484, 486, 489, 492, 493, 497, 499, 500, 501, 502, 504, 505, 507, 510,
    521, 530, 532, 534, 536, 538, 543, 544, 547, 548, 552, 554, 558, 560, 561,
    563, 564, 565, 567, 568, 577, 581, 586, 591, 596, 598, 600, 605, 608, 614,
    624, 627, 629, 632, 633, 634, 640, 645, 646, 649, 651, 652, 653, 654, 656,
    657, 669, 671, 674, 676, 677, 678, 681, 685, 687, 690, 695, 696, 698, 703,
    705, 715, 718, 719, 722, 724, 728, 730, 734, 735, 737, 739, 744, 745, 749,
    757, 761, 768, 770, 771, 773, 774, 776, 778, 779, 781, 783
[2] 0, 2, 4, 7, 10, 17, 27, 29, 34, 38, 45, 47, 48, 49, 50, 53, 55, 57, 64,
    65, 68, 70, 71, 75, 78, 79, 81, 82, 85, 86, 89, 91, 94, 98, 101, 105, 107,
    119, 123, 125, 130, 132, 134, 135, 138, 142, 144, 145, 148, 156, 158, 162,
    164, 168, 170, 177, 180, 182, 186, 188, 191, 193, 195, 196, 198, 199, 201,
    203, 205, 206, 208, 211, 213, 214, 216, 220, 222, 223, 227, 229, 230, 231,
    232, 237, 239, 243, 244, 253, 255, 256, 263, 267, 271, 272, 274, 275, 276,
    277, 278, 279, 281, 285, 287, 288, 292, 299, 301, 303, 309, 310, 314, 317,
    321, 327, 329, 336, 337, 349, 350, 352, 355, 357, 358, 361, 362, 364, 365,
    377, 380, 382, 396, 399, 401, 404, 406, 408, 409, 411, 417, 418, 419, 420,
    426, 427, 434, 436, 437, 439, 440, 442, 445, 447, 448, 451, 452, 453, 460,
    461, 466, 475, 478, 487, 491, 495, 503, 508, 512, 513, 515, 517, 519, 523,
    524, 526, 528, 531, 540, 541, 545, 549, 551, 553, 556, 562, 569, 570, 572,
    573, 574, 575, 579, 582, 584, 585, 588, 589, 590, 593, 594, 602, 603, 607,
    610, 611, 613, 615, 617, 618, 620, 622, 626, 630, 636, 638, 642, 644, 647,
    659, 660, 662, 664, 666, 667, 672, 679, 682, 684, 686, 688, 692, 694, 700,
    701, 707, 709, 711, 712, 713, 717, 721, 725, 727, 732, 741, 743, 746, 748,
    751, 752, 754, 755, 758, 760, 762, 764, 766

Reassigned labels

Runtime: 0.5097851753234863

Performance split_log:

IM without threshold:
Map:
{"Q_0": "Q", "Q_1": "Q", "Q_2": "Q"}
token_fitness
{"perc_fit_traces": 100.0, "average_trace_fitness": 1.0, "log_fitness": 1.0, "percentage_of_fitting_traces": 100.0}
precision
0.9635960226805818
0.7142857142857143
generalization
0.9560119841905118

Adjusted Rand Index:
0.8785875781219543



Parameters of this run:

Window size: 5
Threshold for edges: 0.75
Split candidates: Q
Max number of traces: 5000000
Method for distance calculation: Distance.SET_DISTANCE
Method for finding clusters: ClusteringMethod.COMMUNITY_DETECTION
Original log location: ./data/noImprInLoop_default_OD\feb17-0936\logs\D_1_LogD_Sequence_feb17-0936.xes.gz
Use frequency: True

Found communities: 

Clustering with 784 elements and 5 clusters
[0] 5, 9, 12, 13, 15, 19, 21, 22, 24, 26, 31, 33, 35, 37, 40, 42, 44, 51, 56,
    58, 59, 60, 62, 67, 72, 73, 77, 84, 88, 90, 92, 96, 100, 103, 108, 109,
    111, 112, 113, 115, 117, 121, 126, 128, 133, 137, 140, 143, 146, 149, 150,
    152, 154, 160, 165, 167, 171, 173, 175, 178, 179, 183, 184, 187, 190, 200,
    210, 218, 225, 234, 235, 241, 246, 248, 249, 251, 258, 260, 262, 265, 268,
    270, 283, 289, 290, 294, 296, 298, 305, 307, 312, 315, 319, 322, 323, 324,
    325, 330, 331, 333, 334, 338, 340, 342, 344, 346, 348, 354, 359, 360, 367,
    369, 371, 373, 375, 378, 384, 386, 388, 389, 390, 392, 394, 397, 402, 403,
    407, 412, 414, 415, 422, 424, 425, 428, 429, 430, 431, 432, 433, 443, 450,
    455, 456, 458, 459, 463, 464, 467, 469, 471, 473, 474, 476, 477, 480, 481,
    482, 484, 486, 489, 492, 493, 497, 499, 500, 501, 502, 504, 505, 507, 510,
    521, 530, 532, 534, 536, 538, 543, 544, 547, 548, 552, 554, 558, 560, 561,
    563, 564, 565, 567, 568, 577, 581, 586, 591, 596, 598, 600, 605, 608, 614,
    624, 627, 629, 632, 633, 634, 640, 645, 646, 649, 651, 652, 653, 654, 656,
    657, 669, 671, 674, 676, 677, 678, 681, 685, 687, 690, 695, 696, 698, 703,
    705, 715, 718, 719, 722, 724, 728, 730, 734, 735, 737, 739, 744, 745, 749,
    757, 761, 768, 770, 771, 773, 774, 776, 778, 779, 781, 783
[1] 0, 2, 4, 7, 10, 17, 27, 29, 34, 45, 47, 48, 53, 55, 64, 68, 70, 71, 75,
    78, 81, 82, 89, 91, 94, 98, 101, 105, 107, 119, 123, 125, 132, 134, 138,
    142, 145, 158, 164, 168, 177, 180, 182, 188, 191, 195, 196, 198, 199, 201,
    203, 205, 206, 208, 211, 213, 216, 220, 222, 227, 230, 231, 232, 237, 239,
    243, 255, 256, 263, 271, 274, 275, 276, 277, 278, 281, 287, 288, 292, 303,
    309, 314, 317, 321, 329, 336, 337, 349, 350, 352, 355, 357, 358, 364, 365,
    380, 382, 396, 401, 404, 408, 409, 411, 418, 419, 420, 426, 427, 434, 436,
    437, 439, 440, 442, 445, 448, 451, 452, 460, 461, 475, 487, 491, 495, 508,
    515, 519, 526, 528, 531, 540, 541, 545, 549, 553, 573, 579, 585, 588, 602,
    607, 610, 613, 615, 617, 618, 622, 626, 630, 638, 642, 644, 647, 660, 664,
    682, 686, 688, 701, 709, 727, 732, 746, 755, 764, 766
[2] 6, 14, 16, 20, 23, 25, 32, 36, 41, 43, 52, 61, 63, 74, 93, 97, 104, 110,
    114, 116, 118, 122, 127, 129, 141, 147, 151, 153, 155, 161, 166, 172, 174,
    176, 185, 219, 226, 236, 242, 247, 250, 252, 259, 261, 266, 269, 284, 291,
    295, 297, 306, 308, 313, 316, 320, 326, 332, 335, 339, 341, 343, 345, 347,
    368, 370, 372, 374, 376, 379, 385, 387, 391, 393, 395, 398, 413, 416, 423,
    444, 457, 465, 468, 470, 472, 483, 485, 490, 494, 498, 506, 511, 522, 533,
    535, 537, 539, 555, 559, 566, 578, 587, 592, 597, 599, 601, 606, 609, 625,
    628, 635, 641, 650, 655, 658, 670, 675, 691, 697, 699, 704, 706, 716, 720,
    723, 729, 731, 736, 738, 740, 750, 769, 772, 775, 777, 780, 782
[3] 1, 3, 8, 11, 18, 28, 30, 39, 46, 54, 66, 69, 76, 80, 83, 87, 95, 99, 102,
    106, 120, 124, 131, 136, 139, 157, 159, 163, 169, 181, 189, 192, 194, 197,
    202, 204, 207, 209, 212, 215, 217, 221, 224, 228, 233, 238, 240, 245, 254,
    257, 264, 273, 280, 282, 286, 293, 300, 302, 304, 311, 318, 328, 351, 353,
    356, 363, 366, 381, 383, 400, 405, 410, 421, 435, 438, 441, 446, 449, 454,
    462, 479, 488, 496, 509, 514, 516, 518, 520, 525, 527, 529, 542, 546, 550,
    557, 571, 576, 580, 583, 595, 604, 612, 616, 619, 621, 623, 631, 637, 639,
    643, 648, 661, 663, 665, 668, 673, 680, 683, 689, 693, 702, 708, 710, 714,
    726, 733, 742, 747, 753, 756, 759, 763, 765, 767
[4] 38, 49, 50, 57, 65, 79, 85, 86, 130, 135, 144, 148, 156, 162, 170, 186,
    193, 214, 223, 229, 244, 253, 267, 272, 279, 285, 299, 301, 310, 327, 361,
    362, 377, 399, 406, 417, 447, 453, 466, 478, 503, 512, 513, 517, 523, 524,
    551, 556, 562, 569, 570, 572, 574, 575, 582, 584, 589, 590, 593, 594, 603,
    611, 620, 636, 659, 662, 666, 667, 672, 679, 684, 692, 694, 700, 707, 711,
    712, 713, 717, 721, 725, 741, 743, 748, 751, 752, 754, 758, 760, 762

Reassigned labels

Runtime: 0.44452500343322754

Performance split_log:

IM without threshold:
Map:
{"Q_0": "Q", "Q_1": "Q", "Q_2": "Q", "Q_3": "Q", "Q_4": "Q"}
token_fitness
{"perc_fit_traces": 64.0, "average_trace_fitness": 0.9609334352395777, "log_fitness": 0.9662431003512058, "percentage_of_fitting_traces": 64.0}
precision
0.9706961429915334
0.7142857142857143
generalization
0.9166881816532798

Adjusted Rand Index:
0.8785875781219543



Parameters of this run:

Window size: 5
Threshold for edges: 1
Split candidates: Q
Max number of traces: 5000000
Method for distance calculation: Distance.SET_DISTANCE
Method for finding clusters: ClusteringMethod.COMMUNITY_DETECTION
Original log location: ./data/noImprInLoop_default_OD\feb17-0936\logs\D_1_LogD_Sequence_feb17-0936.xes.gz
Use frequency: True

Found communities: 

Clustering with 784 elements and 48 clusters
[ 0] 13, 15, 31, 42, 51, 60, 96, 103, 109, 126, 128, 140, 150, 152, 154, 165,
     171, 184, 235, 241, 246, 251, 268, 290, 296, 305, 315, 319, 325, 334,
     338, 342, 344, 375, 384, 397, 415, 422, 443, 456, 464, 469, 489, 493,
     497, 521, 532, 534, 536, 554, 558, 565, 577, 591, 600, 624, 634, 654,
     657, 690, 696, 698, 705, 719, 730, 739, 749, 768, 776, 779
[ 1] 14, 16, 32, 43, 52, 61, 97, 104, 110, 127, 129, 141, 151, 153, 155, 166,
     172, 185, 236, 242, 247, 252, 269, 291, 297, 306, 316, 320, 326, 335,
     339, 343, 345, 376, 385, 398, 416, 423, 444, 457, 465, 470, 490, 494,
     498, 522, 533, 535, 537, 555, 559, 566, 578, 592, 601, 625, 635, 655,
     658, 691, 697, 699, 706, 720, 731, 740, 750, 769, 777, 780
[ 2] 5, 19, 22, 24, 35, 40, 62, 73, 92, 113, 115, 117, 121, 146, 160, 173,
     175, 218, 225, 249, 258, 260, 265, 283, 294, 307, 312, 331, 340, 346,
     367, 369, 371, 373, 378, 386, 390, 392, 394, 412, 467, 471, 482, 484,
     505, 510, 538, 586, 596, 598, 605, 608, 627, 640, 649, 669, 674, 703,
     715, 722, 728, 735, 737, 771, 774, 781
[ 3] 6, 20, 23, 25, 36, 41, 63, 74, 93, 114, 116, 118, 122, 147, 161, 174,
     176, 219, 226, 250, 259, 261, 266, 284, 295, 308, 313, 332, 341, 347,
     368, 370, 372, 374, 379, 387, 391, 393, 395, 413, 468, 472, 483, 485,
     506, 511, 539, 587, 597, 599, 606, 609, 628, 641, 650, 670, 675, 704,
     716, 723, 729, 736, 738, 772, 775, 782
[ 4] 12, 21, 26, 56, 72, 77, 84, 100, 112, 143, 149, 167, 210, 262, 289, 322,
     348, 354, 359, 360, 388, 389, 403, 407, 425, 428, 429, 430, 431, 432,
     450, 455, 458, 459, 463, 473, 474, 476, 499, 500, 507, 530, 543, 544,
     552, 561, 567, 581, 633, 652, 653, 656, 671, 677, 685, 687, 718, 724,
     744, 745, 778, 783
[ 5] 9, 33, 37, 44, 58, 59, 67, 88, 90, 108, 111, 133, 137, 178, 179, 183,
     187, 190, 200, 234, 248, 270, 298, 323, 324, 330, 333, 402, 414, 424,
     433, 477, 480, 481, 486, 492, 501, 502, 504, 547, 548, 560, 563, 564,
     568, 614, 629, 632, 645, 646, 651, 676, 678, 681, 695, 734, 757, 761,
     770, 773
[ 6] 46, 99, 120, 131, 159, 181, 197, 202, 204, 209, 217, 228, 257, 273, 282,
     293, 311, 351, 410, 421, 446, 454, 496, 514, 520, 546, 557, 580, 604,
     616, 619, 637, 661, 663, 668, 689, 693, 714, 733, 747, 763, 767
[ 7] 1, 11, 18, 39, 54, 66, 87, 106, 136, 215, 221, 233, 245, 254, 286, 302,
     304, 353, 356, 381, 383, 441, 479, 488, 516, 525, 542, 550, 639, 648,
     665, 680, 702, 710, 742, 756, 759, 765
[ 8] 4, 64, 107, 132, 145, 222, 275, 314, 329, 364, 401, 411, 426, 427, 442,
     460, 531
[ 9] 2, 7, 29, 68, 94, 101, 168, 188, 206, 211, 263, 365, 437, 461, 508, 528,
     642
[10] 27, 75, 82, 123, 138, 191, 237, 239, 317, 404, 434, 448, 526, 622, 630,
     682
[11] 34, 55, 70, 81, 89, 205, 243, 278, 287, 336, 337, 357, 610, 613, 617, 626
[12] 79, 193, 299, 362, 399, 517, 575, 594, 611, 620, 672, 707, 725, 752
[13] 80, 194, 300, 363, 400, 518, 576, 595, 612, 621, 673, 708, 726, 753
[14] 98, 119, 180, 203, 208, 216, 281, 409, 519, 579, 688, 732, 746
[15] 0, 53, 303, 352, 380, 440, 487, 549, 638, 647, 701, 709
[16] 71, 125, 134, 142, 195, 231, 276, 452, 588, 602, 686
[17] 49, 148, 267, 361, 666, 700, 711, 712, 743, 754
[18] 130, 272, 453, 513, 603, 636, 662, 692, 713, 762
[19] 255, 271, 277, 309, 396, 408, 419, 491, 540, 644
[20] 38, 86, 135, 253, 285, 301, 478, 524, 758
[21] 170, 186, 406, 447, 562, 574, 590, 748, 760
[22] 156, 162, 223, 279, 327, 570, 582
[23] 157, 163, 224, 280, 328, 571, 583
[24] 50, 377, 503, 523, 589, 694, 751
[25] 57, 85, 593, 659, 717, 721
[26] 76, 83, 124, 139, 238, 527
[27] 30, 95, 102, 169, 462, 529
[28] 47, 48, 177, 213, 439, 475
[29] 45, 196, 201, 615, 618, 660
[30] 3, 8, 207, 212, 366, 643
[31] 158, 227, 292, 350, 420, 495
[32] 28, 192, 240, 623, 631
[33] 65, 214, 244, 679, 741
[34] 69, 189, 264, 438, 509
[35] 182, 199, 230, 349, 727
[36] 105, 220, 355, 664, 764
[37] 318, 405, 435, 449, 683
[38] 417, 466, 569, 572, 684
[39] 144, 229, 512, 551, 584
[40] 10, 382, 541, 755
[41] 198, 274, 358, 436
[42] 288, 418, 585, 607
[43] 91, 321, 553, 573
[44] 256, 445, 545, 766
[45] 78, 164, 451
[46] 17, 232, 515
[47] 310, 556, 667

Reassigned labels

Runtime: 0.4604980945587158

Performance split_log:

IM without threshold:
Map:
{"Q_0": "Q", "Q_1": "Q", "Q_2": "Q", "Q_3": "Q", "Q_4": "Q", "Q_5": "Q", "Q_6": "Q", "Q_7": "Q", "Q_8": "Q", "Q_9": "Q", "Q_10": "Q", "Q_11": "Q", "Q_12": "Q", "Q_13": "Q", "Q_14": "Q", "Q_15": "Q", "Q_16": "Q", "Q_17": "Q", "Q_18": "Q", "Q_19": "Q", "Q_20": "Q", "Q_21": "Q", "Q_22": "Q", "Q_23": "Q", "Q_24": "Q", "Q_25": "Q", "Q_26": "Q", "Q_27": "Q", "Q_28": "Q", "Q_29": "Q", "Q_30": "Q", "Q_31": "Q", "Q_32": "Q", "Q_33": "Q", "Q_34": "Q", "Q_35": "Q", "Q_36": "Q", "Q_37": "Q", "Q_38": "Q", "Q_39": "Q", "Q_40": "Q", "Q_41": "Q", "Q_42": "Q", "Q_43": "Q", "Q_44": "Q", "Q_45": "Q", "Q_46": "Q", "Q_47": "Q"}
token_fitness
{"perc_fit_traces": 3.6, "average_trace_fitness": 0.9209350277667143, "log_fitness": 0.9285778001208418, "percentage_of_fitting_traces": 3.6}
precision
0.6124819624819624
0.6764705882352942
generalization
0.7006989079156731

Adjusted Rand Index:
0.33167401206655384



Parameters of this run:

Window size: 5
Threshold for edges: 0
Split candidates: Q
Max number of traces: 5000000
Method for distance calculation: Distance.MULTISET_DISTANCE
Method for finding clusters: ClusteringMethod.COMMUNITY_DETECTION
Original log location: ./data/noImprInLoop_default_OD\feb17-0936\logs\D_1_LogD_Sequence_feb17-0936.xes.gz
Use frequency: True

Found communities: 

Clustering with 784 elements and 3 clusters
[0] 1, 3, 6, 8, 11, 14, 16, 18, 20, 23, 25, 28, 30, 32, 36, 39, 41, 43, 46,
    52, 54, 61, 63, 66, 69, 74, 76, 80, 83, 87, 93, 95, 97, 99, 102, 104, 106,
    110, 114, 116, 118, 120, 122, 124, 127, 129, 131, 136, 139, 141, 147, 151,
    153, 155, 157, 159, 161, 163, 166, 169, 172, 174, 176, 181, 185, 189, 192,
    194, 197, 202, 204, 207, 209, 212, 215, 217, 219, 221, 224, 226, 228, 233,
    236, 238, 240, 242, 245, 247, 250, 252, 254, 257, 259, 261, 264, 266, 269,
    273, 280, 282, 284, 286, 291, 293, 295, 297, 300, 302, 304, 306, 308, 311,
    313, 316, 318, 320, 326, 328, 332, 335, 339, 341, 343, 345, 347, 351, 353,
    356, 363, 366, 368, 370, 372, 374, 376, 379, 381, 383, 385, 387, 391, 393,
    395, 398, 400, 405, 410, 413, 416, 421, 423, 435, 438, 441, 444, 446, 449,
    454, 457, 462, 465, 468, 470, 472, 479, 483, 485, 488, 490, 494, 496, 498,
    506, 509, 511, 514, 516, 518, 520, 522, 525, 527, 529, 533, 535, 537, 539,
    542, 546, 550, 555, 557, 559, 566, 571, 576, 578, 580, 583, 587, 592, 595,
    597, 599, 601, 604, 606, 609, 612, 616, 619, 621, 623, 625, 628, 631, 635,
    637, 639, 641, 643, 648, 650, 655, 658, 661, 663, 665, 668, 670, 673, 675,
    680, 683, 689, 691, 693, 697, 699, 702, 704, 706, 708, 710, 714, 716, 720,
    723, 726, 729, 731, 733, 736, 738, 740, 742, 747, 750, 753, 756, 759, 763,
    765, 767, 769, 772, 775, 777, 780, 782
[1] 5, 9, 12, 13, 15, 19, 21, 22, 24, 26, 31, 33, 35, 37, 40, 42, 44, 51, 56,
    58, 59, 60, 62, 67, 72, 73, 77, 84, 88, 90, 92, 96, 100, 103, 108, 109,
    111, 112, 113, 115, 117, 121, 126, 128, 133, 137, 140, 143, 146, 149, 150,
    152, 154, 160, 165, 167, 171, 173, 175, 178, 179, 183, 184, 187, 190, 200,
    210, 218, 225, 234, 235, 241, 246, 248, 249, 251, 258, 260, 262, 265, 268,
    270, 283, 289, 290, 294, 296, 298, 305, 307, 312, 315, 319, 322, 323, 324,
    325, 330, 331, 333, 334, 338, 340, 342, 344, 346, 348, 354, 359, 360, 367,
    369, 371, 373, 375, 378, 384, 386, 388, 389, 390, 392, 394, 397, 402, 403,
    407, 412, 414, 415, 422, 424, 425, 428, 429, 430, 431, 432, 433, 443, 450,
    455, 456, 458, 459, 463, 464, 467, 469, 471, 473, 474, 476, 477, 480, 481,
    482, 484, 486, 489, 492, 493, 497, 499, 500, 501, 502, 504, 505, 507, 510,
    521, 530, 532, 534, 536, 538, 543, 544, 547, 548, 552, 554, 558, 560, 561,
    563, 564, 565, 567, 568, 577, 581, 586, 591, 596, 598, 600, 605, 608, 614,
    624, 627, 629, 632, 633, 634, 640, 645, 646, 649, 651, 652, 653, 654, 656,
    657, 669, 671, 674, 676, 677, 678, 681, 685, 687, 690, 695, 696, 698, 703,
    705, 715, 718, 719, 722, 724, 728, 730, 734, 735, 737, 739, 744, 745, 749,
    757, 761, 768, 770, 771, 773, 774, 776, 778, 779, 781, 783
[2] 0, 2, 4, 7, 10, 17, 27, 29, 34, 38, 45, 47, 48, 49, 50, 53, 55, 57, 64,
    65, 68, 70, 71, 75, 78, 79, 81, 82, 85, 86, 89, 91, 94, 98, 101, 105, 107,
    119, 123, 125, 130, 132, 134, 135, 138, 142, 144, 145, 148, 156, 158, 162,
    164, 168, 170, 177, 180, 182, 186, 188, 191, 193, 195, 196, 198, 199, 201,
    203, 205, 206, 208, 211, 213, 214, 216, 220, 222, 223, 227, 229, 230, 231,
    232, 237, 239, 243, 244, 253, 255, 256, 263, 267, 271, 272, 274, 275, 276,
    277, 278, 279, 281, 285, 287, 288, 292, 299, 301, 303, 309, 310, 314, 317,
    321, 327, 329, 336, 337, 349, 350, 352, 355, 357, 358, 361, 362, 364, 365,
    377, 380, 382, 396, 399, 401, 404, 406, 408, 409, 411, 417, 418, 419, 420,
    426, 427, 434, 436, 437, 439, 440, 442, 445, 447, 448, 451, 452, 453, 460,
    461, 466, 475, 478, 487, 491, 495, 503, 508, 512, 513, 515, 517, 519, 523,
    524, 526, 528, 531, 540, 541, 545, 549, 551, 553, 556, 562, 569, 570, 572,
    573, 574, 575, 579, 582, 584, 585, 588, 589, 590, 593, 594, 602, 603, 607,
    610, 611, 613, 615, 617, 618, 620, 622, 626, 630, 636, 638, 642, 644, 647,
    659, 660, 662, 664, 666, 667, 672, 679, 682, 684, 686, 688, 692, 694, 700,
    701, 707, 709, 711, 712, 713, 717, 721, 725, 727, 732, 741, 743, 746, 748,
    751, 752, 754, 755, 758, 760, 762, 764, 766

Reassigned labels

Runtime: 0.5277016162872314

Performance split_log:

IM without threshold:
Map:
{"Q_0": "Q", "Q_1": "Q", "Q_2": "Q"}
token_fitness
{"perc_fit_traces": 100.0, "average_trace_fitness": 1.0, "log_fitness": 1.0, "percentage_of_fitting_traces": 100.0}
precision
0.9635960226805818
0.7142857142857143
generalization
0.9560119841905118

Adjusted Rand Index:
0.8785875781219543



Parameters of this run:

Window size: 5
Threshold for edges: 0.25
Split candidates: Q
Max number of traces: 5000000
Method for distance calculation: Distance.MULTISET_DISTANCE
Method for finding clusters: ClusteringMethod.COMMUNITY_DETECTION
Original log location: ./data/noImprInLoop_default_OD\feb17-0936\logs\D_1_LogD_Sequence_feb17-0936.xes.gz
Use frequency: True

Found communities: 

Clustering with 784 elements and 3 clusters
[0] 1, 3, 6, 8, 11, 14, 16, 18, 20, 23, 25, 28, 30, 32, 36, 39, 41, 43, 46,
    52, 54, 61, 63, 66, 69, 74, 76, 80, 83, 87, 93, 95, 97, 99, 102, 104, 106,
    110, 114, 116, 118, 120, 122, 124, 127, 129, 131, 136, 139, 141, 147, 151,
    153, 155, 157, 159, 161, 163, 166, 169, 172, 174, 176, 181, 185, 189, 192,
    194, 197, 202, 204, 207, 209, 212, 215, 217, 219, 221, 224, 226, 228, 233,
    236, 238, 240, 242, 245, 247, 250, 252, 254, 257, 259, 261, 264, 266, 269,
    273, 280, 282, 284, 286, 291, 293, 295, 297, 300, 302, 304, 306, 308, 311,
    313, 316, 318, 320, 326, 328, 332, 335, 339, 341, 343, 345, 347, 351, 353,
    356, 363, 366, 368, 370, 372, 374, 376, 379, 381, 383, 385, 387, 391, 393,
    395, 398, 400, 405, 410, 413, 416, 421, 423, 435, 438, 441, 444, 446, 449,
    454, 457, 462, 465, 468, 470, 472, 479, 483, 485, 488, 490, 494, 496, 498,
    506, 509, 511, 514, 516, 518, 520, 522, 525, 527, 529, 533, 535, 537, 539,
    542, 546, 550, 555, 557, 559, 566, 571, 576, 578, 580, 583, 587, 592, 595,
    597, 599, 601, 604, 606, 609, 612, 616, 619, 621, 623, 625, 628, 631, 635,
    637, 639, 641, 643, 648, 650, 655, 658, 661, 663, 665, 668, 670, 673, 675,
    680, 683, 689, 691, 693, 697, 699, 702, 704, 706, 708, 710, 714, 716, 720,
    723, 726, 729, 731, 733, 736, 738, 740, 742, 747, 750, 753, 756, 759, 763,
    765, 767, 769, 772, 775, 777, 780, 782
[1] 5, 9, 12, 13, 15, 19, 21, 22, 24, 26, 31, 33, 35, 37, 40, 42, 44, 51, 56,
    58, 59, 60, 62, 67, 72, 73, 77, 84, 88, 90, 92, 96, 100, 103, 108, 109,
    111, 112, 113, 115, 117, 121, 126, 128, 133, 137, 140, 143, 146, 149, 150,
    152, 154, 160, 165, 167, 171, 173, 175, 178, 179, 183, 184, 187, 190, 200,
    210, 218, 225, 234, 235, 241, 246, 248, 249, 251, 258, 260, 262, 265, 268,
    270, 283, 289, 290, 294, 296, 298, 305, 307, 312, 315, 319, 322, 323, 324,
    325, 330, 331, 333, 334, 338, 340, 342, 344, 346, 348, 354, 359, 360, 367,
    369, 371, 373, 375, 378, 384, 386, 388, 389, 390, 392, 394, 397, 402, 403,
    407, 412, 414, 415, 422, 424, 425, 428, 429, 430, 431, 432, 433, 443, 450,
    455, 456, 458, 459, 463, 464, 467, 469, 471, 473, 474, 476, 477, 480, 481,
    482, 484, 486, 489, 492, 493, 497, 499, 500, 501, 502, 504, 505, 507, 510,
    521, 530, 532, 534, 536, 538, 543, 544, 547, 548, 552, 554, 558, 560, 561,
    563, 564, 565, 567, 568, 577, 581, 586, 591, 596, 598, 600, 605, 608, 614,
    624, 627, 629, 632, 633, 634, 640, 645, 646, 649, 651, 652, 653, 654, 656,
    657, 669, 671, 674, 676, 677, 678, 681, 685, 687, 690, 695, 696, 698, 703,
    705, 715, 718, 719, 722, 724, 728, 730, 734, 735, 737, 739, 744, 745, 749,
    757, 761, 768, 770, 771, 773, 774, 776, 778, 779, 781, 783
[2] 0, 2, 4, 7, 10, 17, 27, 29, 34, 38, 45, 47, 48, 49, 50, 53, 55, 57, 64,
    65, 68, 70, 71, 75, 78, 79, 81, 82, 85, 86, 89, 91, 94, 98, 101, 105, 107,
    119, 123, 125, 130, 132, 134, 135, 138, 142, 144, 145, 148, 156, 158, 162,
    164, 168, 170, 177, 180, 182, 186, 188, 191, 193, 195, 196, 198, 199, 201,
    203, 205, 206, 208, 211, 213, 214, 216, 220, 222, 223, 227, 229, 230, 231,
    232, 237, 239, 243, 244, 253, 255, 256, 263, 267, 271, 272, 274, 275, 276,
    277, 278, 279, 281, 285, 287, 288, 292, 299, 301, 303, 309, 310, 314, 317,
    321, 327, 329, 336, 337, 349, 350, 352, 355, 357, 358, 361, 362, 364, 365,
    377, 380, 382, 396, 399, 401, 404, 406, 408, 409, 411, 417, 418, 419, 420,
    426, 427, 434, 436, 437, 439, 440, 442, 445, 447, 448, 451, 452, 453, 460,
    461, 466, 475, 478, 487, 491, 495, 503, 508, 512, 513, 515, 517, 519, 523,
    524, 526, 528, 531, 540, 541, 545, 549, 551, 553, 556, 562, 569, 570, 572,
    573, 574, 575, 579, 582, 584, 585, 588, 589, 590, 593, 594, 602, 603, 607,
    610, 611, 613, 615, 617, 618, 620, 622, 626, 630, 636, 638, 642, 644, 647,
    659, 660, 662, 664, 666, 667, 672, 679, 682, 684, 686, 688, 692, 694, 700,
    701, 707, 709, 711, 712, 713, 717, 721, 725, 727, 732, 741, 743, 746, 748,
    751, 752, 754, 755, 758, 760, 762, 764, 766

Reassigned labels

Runtime: 0.5265035629272461

Performance split_log:

IM without threshold:
Map:
{"Q_0": "Q", "Q_1": "Q", "Q_2": "Q"}
token_fitness
{"perc_fit_traces": 64.0, "average_trace_fitness": 0.950688780423945, "log_fitness": 0.9544889599845467, "percentage_of_fitting_traces": 64.0}
precision
0.9706961429915334
0.7142857142857143
generalization
0.95329920668332

Adjusted Rand Index:
0.8785875781219543



Parameters of this run:

Window size: 5
Threshold for edges: 0.5
Split candidates: Q
Max number of traces: 5000000
Method for distance calculation: Distance.MULTISET_DISTANCE
Method for finding clusters: ClusteringMethod.COMMUNITY_DETECTION
Original log location: ./data/noImprInLoop_default_OD\feb17-0936\logs\D_1_LogD_Sequence_feb17-0936.xes.gz
Use frequency: True

Found communities: 

Clustering with 784 elements and 3 clusters
[0] 1, 3, 6, 8, 11, 14, 16, 18, 20, 23, 25, 28, 30, 32, 36, 39, 41, 43, 46,
    52, 54, 61, 63, 66, 69, 74, 76, 80, 83, 87, 93, 95, 97, 99, 102, 104, 106,
    110, 114, 116, 118, 120, 122, 124, 127, 129, 131, 136, 139, 141, 147, 151,
    153, 155, 157, 159, 161, 163, 166, 169, 172, 174, 176, 181, 185, 189, 192,
    194, 197, 202, 204, 207, 209, 212, 215, 217, 219, 221, 224, 226, 228, 233,
    236, 238, 240, 242, 245, 247, 250, 252, 254, 257, 259, 261, 264, 266, 269,
    273, 280, 282, 284, 286, 291, 293, 295, 297, 300, 302, 304, 306, 308, 311,
    313, 316, 318, 320, 326, 328, 332, 335, 339, 341, 343, 345, 347, 351, 353,
    356, 363, 366, 368, 370, 372, 374, 376, 379, 381, 383, 385, 387, 391, 393,
    395, 398, 400, 405, 410, 413, 416, 421, 423, 435, 438, 441, 444, 446, 449,
    454, 457, 462, 465, 468, 470, 472, 479, 483, 485, 488, 490, 494, 496, 498,
    506, 509, 511, 514, 516, 518, 520, 522, 525, 527, 529, 533, 535, 537, 539,
    542, 546, 550, 555, 557, 559, 566, 571, 576, 578, 580, 583, 587, 592, 595,
    597, 599, 601, 604, 606, 609, 612, 616, 619, 621, 623, 625, 628, 631, 635,
    637, 639, 641, 643, 648, 650, 655, 658, 661, 663, 665, 668, 670, 673, 675,
    680, 683, 689, 691, 693, 697, 699, 702, 704, 706, 708, 710, 714, 716, 720,
    723, 726, 729, 731, 733, 736, 738, 740, 742, 747, 750, 753, 756, 759, 763,
    765, 767, 769, 772, 775, 777, 780, 782
[1] 5, 9, 12, 13, 15, 19, 21, 22, 24, 26, 31, 33, 35, 37, 40, 42, 44, 51, 56,
    58, 59, 60, 62, 67, 72, 73, 77, 84, 88, 90, 92, 96, 100, 103, 108, 109,
    111, 112, 113, 115, 117, 121, 126, 128, 133, 137, 140, 143, 146, 149, 150,
    152, 154, 160, 165, 167, 171, 173, 175, 178, 179, 183, 184, 187, 190, 200,
    210, 218, 225, 234, 235, 241, 246, 248, 249, 251, 258, 260, 262, 265, 268,
    270, 283, 289, 290, 294, 296, 298, 305, 307, 312, 315, 319, 322, 323, 324,
    325, 330, 331, 333, 334, 338, 340, 342, 344, 346, 348, 354, 359, 360, 367,
    369, 371, 373, 375, 378, 384, 386, 388, 389, 390, 392, 394, 397, 402, 403,
    407, 412, 414, 415, 422, 424, 425, 428, 429, 430, 431, 432, 433, 443, 450,
    455, 456, 458, 459, 463, 464, 467, 469, 471, 473, 474, 476, 477, 480, 481,
    482, 484, 486, 489, 492, 493, 497, 499, 500, 501, 502, 504, 505, 507, 510,
    521, 530, 532, 534, 536, 538, 543, 544, 547, 548, 552, 554, 558, 560, 561,
    563, 564, 565, 567, 568, 577, 581, 586, 591, 596, 598, 600, 605, 608, 614,
    624, 627, 629, 632, 633, 634, 640, 645, 646, 649, 651, 652, 653, 654, 656,
    657, 669, 671, 674, 676, 677, 678, 681, 685, 687, 690, 695, 696, 698, 703,
    705, 715, 718, 719, 722, 724, 728, 730, 734, 735, 737, 739, 744, 745, 749,
    757, 761, 768, 770, 771, 773, 774, 776, 778, 779, 781, 783
[2] 0, 2, 4, 7, 10, 17, 27, 29, 34, 38, 45, 47, 48, 49, 50, 53, 55, 57, 64,
    65, 68, 70, 71, 75, 78, 79, 81, 82, 85, 86, 89, 91, 94, 98, 101, 105, 107,
    119, 123, 125, 130, 132, 134, 135, 138, 142, 144, 145, 148, 156, 158, 162,
    164, 168, 170, 177, 180, 182, 186, 188, 191, 193, 195, 196, 198, 199, 201,
    203, 205, 206, 208, 211, 213, 214, 216, 220, 222, 223, 227, 229, 230, 231,
    232, 237, 239, 243, 244, 253, 255, 256, 263, 267, 271, 272, 274, 275, 276,
    277, 278, 279, 281, 285, 287, 288, 292, 299, 301, 303, 309, 310, 314, 317,
    321, 327, 329, 336, 337, 349, 350, 352, 355, 357, 358, 361, 362, 364, 365,
    377, 380, 382, 396, 399, 401, 404, 406, 408, 409, 411, 417, 418, 419, 420,
    426, 427, 434, 436, 437, 439, 440, 442, 445, 447, 448, 451, 452, 453, 460,
    461, 466, 475, 478, 487, 491, 495, 503, 508, 512, 513, 515, 517, 519, 523,
    524, 526, 528, 531, 540, 541, 545, 549, 551, 553, 556, 562, 569, 570, 572,
    573, 574, 575, 579, 582, 584, 585, 588, 589, 590, 593, 594, 602, 603, 607,
    610, 611, 613, 615, 617, 618, 620, 622, 626, 630, 636, 638, 642, 644, 647,
    659, 660, 662, 664, 666, 667, 672, 679, 682, 684, 686, 688, 692, 694, 700,
    701, 707, 709, 711, 712, 713, 717, 721, 725, 727, 732, 741, 743, 746, 748,
    751, 752, 754, 755, 758, 760, 762, 764, 766

Reassigned labels

Runtime: 0.5101442337036133

Performance split_log:

IM without threshold:
Map:
{"Q_0": "Q", "Q_1": "Q", "Q_2": "Q"}
token_fitness
{"perc_fit_traces": 100.0, "average_trace_fitness": 1.0, "log_fitness": 1.0, "percentage_of_fitting_traces": 100.0}
precision
0.9635960226805818
0.7142857142857143
generalization
0.9560119841905118

Adjusted Rand Index:
0.8785875781219543



Parameters of this run:

Window size: 5
Threshold for edges: 0.75
Split candidates: Q
Max number of traces: 5000000
Method for distance calculation: Distance.MULTISET_DISTANCE
Method for finding clusters: ClusteringMethod.COMMUNITY_DETECTION
Original log location: ./data/noImprInLoop_default_OD\feb17-0936\logs\D_1_LogD_Sequence_feb17-0936.xes.gz
Use frequency: True

Found communities: 

Clustering with 784 elements and 5 clusters
[0] 5, 9, 12, 13, 15, 19, 21, 22, 24, 26, 31, 33, 35, 37, 40, 42, 44, 51, 56,
    58, 59, 60, 62, 67, 72, 73, 77, 84, 88, 90, 92, 96, 100, 103, 108, 109,
    111, 112, 113, 115, 117, 121, 126, 128, 133, 137, 140, 143, 146, 149, 150,
    152, 154, 160, 165, 167, 171, 173, 175, 178, 179, 183, 184, 187, 190, 200,
    210, 218, 225, 234, 235, 241, 246, 248, 249, 251, 258, 260, 262, 265, 268,
    270, 283, 289, 290, 294, 296, 298, 305, 307, 312, 315, 319, 322, 323, 324,
    325, 330, 331, 333, 334, 338, 340, 342, 344, 346, 348, 354, 359, 360, 367,
    369, 371, 373, 375, 378, 384, 386, 388, 389, 390, 392, 394, 397, 402, 403,
    407, 412, 414, 415, 422, 424, 425, 428, 429, 430, 431, 432, 433, 443, 450,
    455, 456, 458, 459, 463, 464, 467, 469, 471, 473, 474, 476, 477, 480, 481,
    482, 484, 486, 489, 492, 493, 497, 499, 500, 501, 502, 504, 505, 507, 510,
    521, 530, 532, 534, 536, 538, 543, 544, 547, 548, 552, 554, 558, 560, 561,
    563, 564, 565, 567, 568, 577, 581, 586, 591, 596, 598, 600, 605, 608, 614,
    624, 627, 629, 632, 633, 634, 640, 645, 646, 649, 651, 652, 653, 654, 656,
    657, 669, 671, 674, 676, 677, 678, 681, 685, 687, 690, 695, 696, 698, 703,
    705, 715, 718, 719, 722, 724, 728, 730, 734, 735, 737, 739, 744, 745, 749,
    757, 761, 768, 770, 771, 773, 774, 776, 778, 779, 781, 783
[1] 0, 2, 4, 7, 10, 17, 27, 29, 34, 45, 47, 48, 53, 55, 64, 68, 70, 71, 75,
    78, 81, 82, 89, 91, 94, 98, 101, 105, 107, 119, 123, 125, 132, 134, 138,
    142, 145, 158, 164, 168, 177, 180, 182, 188, 191, 195, 196, 198, 199, 201,
    203, 205, 206, 208, 211, 213, 216, 220, 222, 227, 230, 231, 232, 237, 239,
    243, 255, 256, 263, 271, 274, 275, 276, 277, 278, 281, 287, 288, 292, 303,
    309, 314, 317, 321, 329, 336, 337, 349, 350, 352, 355, 357, 358, 364, 365,
    380, 382, 396, 401, 404, 408, 409, 411, 418, 419, 420, 426, 427, 434, 436,
    437, 439, 440, 442, 445, 448, 451, 452, 460, 461, 475, 487, 491, 495, 508,
    515, 519, 526, 528, 531, 540, 541, 545, 549, 553, 573, 579, 585, 588, 602,
    607, 610, 613, 615, 617, 618, 622, 626, 630, 638, 642, 644, 647, 660, 664,
    682, 686, 688, 701, 709, 727, 732, 746, 755, 764, 766
[2] 6, 14, 16, 20, 23, 25, 32, 36, 41, 43, 52, 61, 63, 74, 93, 97, 104, 110,
    114, 116, 118, 122, 127, 129, 141, 147, 151, 153, 155, 161, 166, 172, 174,
    176, 185, 219, 226, 236, 242, 247, 250, 252, 259, 261, 266, 269, 284, 291,
    295, 297, 306, 308, 313, 316, 320, 326, 332, 335, 339, 341, 343, 345, 347,
    368, 370, 372, 374, 376, 379, 385, 387, 391, 393, 395, 398, 413, 416, 423,
    444, 457, 465, 468, 470, 472, 483, 485, 490, 494, 498, 506, 511, 522, 533,
    535, 537, 539, 555, 559, 566, 578, 587, 592, 597, 599, 601, 606, 609, 625,
    628, 635, 641, 650, 655, 658, 670, 675, 691, 697, 699, 704, 706, 716, 720,
    723, 729, 731, 736, 738, 740, 750, 769, 772, 775, 777, 780, 782
[3] 1, 3, 8, 11, 18, 28, 30, 39, 46, 54, 66, 69, 76, 80, 83, 87, 95, 99, 102,
    106, 120, 124, 131, 136, 139, 157, 159, 163, 169, 181, 189, 192, 194, 197,
    202, 204, 207, 209, 212, 215, 217, 221, 224, 228, 233, 238, 240, 245, 254,
    257, 264, 273, 280, 282, 286, 293, 300, 302, 304, 311, 318, 328, 351, 353,
    356, 363, 366, 381, 383, 400, 405, 410, 421, 435, 438, 441, 446, 449, 454,
    462, 479, 488, 496, 509, 514, 516, 518, 520, 525, 527, 529, 542, 546, 550,
    557, 571, 576, 580, 583, 595, 604, 612, 616, 619, 621, 623, 631, 637, 639,
    643, 648, 661, 663, 665, 668, 673, 680, 683, 689, 693, 702, 708, 710, 714,
    726, 733, 742, 747, 753, 756, 759, 763, 765, 767
[4] 38, 49, 50, 57, 65, 79, 85, 86, 130, 135, 144, 148, 156, 162, 170, 186,
    193, 214, 223, 229, 244, 253, 267, 272, 279, 285, 299, 301, 310, 327, 361,
    362, 377, 399, 406, 417, 447, 453, 466, 478, 503, 512, 513, 517, 523, 524,
    551, 556, 562, 569, 570, 572, 574, 575, 582, 584, 589, 590, 593, 594, 603,
    611, 620, 636, 659, 662, 666, 667, 672, 679, 684, 692, 694, 700, 707, 711,
    712, 713, 717, 721, 725, 741, 743, 748, 751, 752, 754, 758, 760, 762

Reassigned labels

Runtime: 0.4344980716705322

Performance split_log:

IM without threshold:
Map:
{"Q_0": "Q", "Q_1": "Q", "Q_2": "Q", "Q_3": "Q", "Q_4": "Q"}
token_fitness
{"perc_fit_traces": 100.0, "average_trace_fitness": 1.0, "log_fitness": 1.0, "percentage_of_fitting_traces": 100.0}
precision
0.9635960226805818
0.7142857142857143
generalization
0.9560119841905118

Adjusted Rand Index:
0.8785875781219543



Parameters of this run:

Window size: 5
Threshold for edges: 1
Split candidates: Q
Max number of traces: 5000000
Method for distance calculation: Distance.MULTISET_DISTANCE
Method for finding clusters: ClusteringMethod.COMMUNITY_DETECTION
Original log location: ./data/noImprInLoop_default_OD\feb17-0936\logs\D_1_LogD_Sequence_feb17-0936.xes.gz
Use frequency: True

Found communities: 

Clustering with 784 elements and 48 clusters
[ 0] 13, 15, 31, 42, 51, 60, 96, 103, 109, 126, 128, 140, 150, 152, 154, 165,
     171, 184, 235, 241, 246, 251, 268, 290, 296, 305, 315, 319, 325, 334,
     338, 342, 344, 375, 384, 397, 415, 422, 443, 456, 464, 469, 489, 493,
     497, 521, 532, 534, 536, 554, 558, 565, 577, 591, 600, 624, 634, 654,
     657, 690, 696, 698, 705, 719, 730, 739, 749, 768, 776, 779
[ 1] 14, 16, 32, 43, 52, 61, 97, 104, 110, 127, 129, 141, 151, 153, 155, 166,
     172, 185, 236, 242, 247, 252, 269, 291, 297, 306, 316, 320, 326, 335,
     339, 343, 345, 376, 385, 398, 416, 423, 444, 457, 465, 470, 490, 494,
     498, 522, 533, 535, 537, 555, 559, 566, 578, 592, 601, 625, 635, 655,
     658, 691, 697, 699, 706, 720, 731, 740, 750, 769, 777, 780
[ 2] 5, 19, 22, 24, 35, 40, 62, 73, 92, 113, 115, 117, 121, 146, 160, 173,
     175, 218, 225, 249, 258, 260, 265, 283, 294, 307, 312, 331, 340, 346,
     367, 369, 371, 373, 378, 386, 390, 392, 394, 412, 467, 471, 482, 484,
     505, 510, 538, 586, 596, 598, 605, 608, 627, 640, 649, 669, 674, 703,
     715, 722, 728, 735, 737, 771, 774, 781
[ 3] 6, 20, 23, 25, 36, 41, 63, 74, 93, 114, 116, 118, 122, 147, 161, 174,
     176, 219, 226, 250, 259, 261, 266, 284, 295, 308, 313, 332, 341, 347,
     368, 370, 372, 374, 379, 387, 391, 393, 395, 413, 468, 472, 483, 485,
     506, 511, 539, 587, 597, 599, 606, 609, 628, 641, 650, 670, 675, 704,
     716, 723, 729, 736, 738, 772, 775, 782
[ 4] 12, 21, 26, 56, 72, 77, 84, 100, 112, 143, 149, 167, 210, 262, 289, 322,
     348, 354, 359, 360, 388, 389, 403, 407, 425, 428, 429, 430, 431, 432,
     450, 455, 458, 459, 463, 473, 474, 476, 499, 500, 507, 530, 543, 544,
     552, 561, 567, 581, 633, 652, 653, 656, 671, 677, 685, 687, 718, 724,
     744, 745, 778, 783
[ 5] 9, 33, 37, 44, 58, 59, 67, 88, 90, 108, 111, 133, 137, 178, 179, 183,
     187, 190, 200, 234, 248, 270, 298, 323, 324, 330, 333, 402, 414, 424,
     433, 477, 480, 481, 486, 492, 501, 502, 504, 547, 548, 560, 563, 564,
     568, 614, 629, 632, 645, 646, 651, 676, 678, 681, 695, 734, 757, 761,
     770, 773
[ 6] 46, 99, 120, 131, 159, 181, 197, 202, 204, 209, 217, 228, 257, 273, 282,
     293, 311, 351, 410, 421, 446, 454, 496, 514, 520, 546, 557, 580, 604,
     616, 619, 637, 661, 663, 668, 689, 693, 714, 733, 747, 763, 767
[ 7] 1, 11, 18, 39, 54, 66, 87, 106, 136, 215, 221, 233, 245, 254, 286, 302,
     304, 353, 356, 381, 383, 441, 479, 488, 516, 525, 542, 550, 639, 648,
     665, 680, 702, 710, 742, 756, 759, 765
[ 8] 4, 64, 107, 132, 145, 222, 275, 314, 329, 364, 401, 411, 426, 427, 442,
     460, 531
[ 9] 2, 7, 29, 68, 94, 101, 168, 188, 206, 211, 263, 365, 437, 461, 508, 528,
     642
[10] 27, 75, 82, 123, 138, 191, 237, 239, 317, 404, 434, 448, 526, 622, 630,
     682
[11] 34, 55, 70, 81, 89, 205, 243, 278, 287, 336, 337, 357, 610, 613, 617, 626
[12] 79, 193, 299, 362, 399, 517, 575, 594, 611, 620, 672, 707, 725, 752
[13] 80, 194, 300, 363, 400, 518, 576, 595, 612, 621, 673, 708, 726, 753
[14] 98, 119, 180, 203, 208, 216, 281, 409, 519, 579, 688, 732, 746
[15] 0, 53, 303, 352, 380, 440, 487, 549, 638, 647, 701, 709
[16] 71, 125, 134, 142, 195, 231, 276, 452, 588, 602, 686
[17] 49, 148, 267, 361, 666, 700, 711, 712, 743, 754
[18] 130, 272, 453, 513, 603, 636, 662, 692, 713, 762
[19] 255, 271, 277, 309, 396, 408, 419, 491, 540, 644
[20] 38, 86, 135, 253, 285, 301, 478, 524, 758
[21] 170, 186, 406, 447, 562, 574, 590, 748, 760
[22] 156, 162, 223, 279, 327, 570, 582
[23] 157, 163, 224, 280, 328, 571, 583
[24] 50, 377, 503, 523, 589, 694, 751
[25] 57, 85, 593, 659, 717, 721
[26] 76, 83, 124, 139, 238, 527
[27] 30, 95, 102, 169, 462, 529
[28] 47, 48, 177, 213, 439, 475
[29] 45, 196, 201, 615, 618, 660
[30] 3, 8, 207, 212, 366, 643
[31] 158, 227, 292, 350, 420, 495
[32] 28, 192, 240, 623, 631
[33] 65, 214, 244, 679, 741
[34] 69, 189, 264, 438, 509
[35] 182, 199, 230, 349, 727
[36] 105, 220, 355, 664, 764
[37] 318, 405, 435, 449, 683
[38] 417, 466, 569, 572, 684
[39] 144, 229, 512, 551, 584
[40] 10, 382, 541, 755
[41] 198, 274, 358, 436
[42] 288, 418, 585, 607
[43] 91, 321, 553, 573
[44] 256, 445, 545, 766
[45] 78, 164, 451
[46] 17, 232, 515
[47] 310, 556, 667

Reassigned labels

Runtime: 0.4542663097381592

Performance split_log:

IM without threshold:
Map:
{"Q_0": "Q", "Q_1": "Q", "Q_2": "Q", "Q_3": "Q", "Q_4": "Q", "Q_5": "Q", "Q_6": "Q", "Q_7": "Q", "Q_8": "Q", "Q_9": "Q", "Q_10": "Q", "Q_11": "Q", "Q_12": "Q", "Q_13": "Q", "Q_14": "Q", "Q_15": "Q", "Q_16": "Q", "Q_17": "Q", "Q_18": "Q", "Q_19": "Q", "Q_20": "Q", "Q_21": "Q", "Q_22": "Q", "Q_23": "Q", "Q_24": "Q", "Q_25": "Q", "Q_26": "Q", "Q_27": "Q", "Q_28": "Q", "Q_29": "Q", "Q_30": "Q", "Q_31": "Q", "Q_32": "Q", "Q_33": "Q", "Q_34": "Q", "Q_35": "Q", "Q_36": "Q", "Q_37": "Q", "Q_38": "Q", "Q_39": "Q", "Q_40": "Q", "Q_41": "Q", "Q_42": "Q", "Q_43": "Q", "Q_44": "Q", "Q_45": "Q", "Q_46": "Q", "Q_47": "Q"}
token_fitness
{"perc_fit_traces": 3.6, "average_trace_fitness": 0.8943806071002516, "log_fitness": 0.8923262977331682, "percentage_of_fitting_traces": 3.6}
precision
0.6124819624819624
0.6764705882352942
generalization
0.6411245876561164

Adjusted Rand Index:
0.33167401206655384

Best precision found:
0.9706961429915334
 Performance of golden standard model:
token_fitness
{"perc_fit_traces": 90.1, "average_trace_fitness": 0.9940933732057414, "log_fitness": 0.9947729672650475, "percentage_of_fitting_traces": 90.1}
precision
0.9670603392742109
0.7142857142857143
generalization
0.9517441220288313

 Xixi split labels:
['Q_X_1']

 Xixi refined log results:

 IM without noise threshold:
token_fitness
{"perc_fit_traces": 100.0, "average_trace_fitness": 1.0, "log_fitness": 1.0, "percentage_of_fitting_traces": 100.0}
precision
0.6831143864146108
0.7066666666666667
generalization
0.9585729174202804

 Xixi clustering:
Clustering with 784 elements and 2 clusters

[1] 0, 1, 2, 3, 4, 5, 6, 7, 8, 9, 10, 11, 12, 13, 14, 15, 16, 17, 18, 19, 20,
    21, 22, 23, 24, 25, 26, 27, 28, 29, 30, 31, 32, 33, 34, 35, 36, 37, 38,
    39, 40, 41, 42, 43, 44, 45, 46, 47, 48, 49, 50, 51, 52, 53, 54, 55, 56,
    57, 58, 59, 60, 61, 62, 63, 64, 65, 66, 67, 68, 69, 70, 71, 72, 73, 74,
    75, 76, 77, 78, 79, 80, 81, 82, 83, 84, 85, 86, 87, 88, 89, 90, 91, 92,
    93, 94, 95, 96, 97, 98, 99, 100, 101, 102, 103, 104, 105, 106, 107, 108,
    109, 110, 111, 112, 113, 114, 115, 116, 117, 118, 119, 120, 121, 122, 123,
    124, 125, 126, 127, 128, 129, 130, 131, 132, 133, 134, 135, 136, 137, 138,
    139, 140, 141, 142, 143, 144, 145, 146, 147, 148, 149, 150, 151, 152, 153,
    154, 155, 156, 157, 158, 159, 160, 161, 162, 163, 164, 165, 166, 167, 168,
    169, 170, 171, 172, 173, 174, 175, 176, 177, 178, 179, 180, 181, 182, 183,
    184, 185, 186, 187, 188, 189, 190, 191, 192, 193, 194, 195, 196, 197, 198,
    199, 200, 201, 202, 203, 204, 205, 206, 207, 208, 209, 210, 211, 212, 213,
    214, 215, 216, 217, 218, 219, 220, 221, 222, 223, 224, 225, 226, 227, 228,
    229, 230, 231, 232, 233, 234, 235, 236, 237, 238, 239, 240, 241, 242, 243,
    244, 245, 246, 247, 248, 249, 250, 251, 252, 253, 254, 255, 256, 257, 258,
    259, 260, 261, 262, 263, 264, 265, 266, 267, 268, 269, 270, 271, 272, 273,
    274, 275, 276, 277, 278, 279, 280, 281, 282, 283, 284, 285, 286, 287, 288,
    289, 290, 291, 292, 293, 294, 295, 296, 297, 298, 299, 300, 301, 302, 303,
    304, 305, 306, 307, 308, 309, 310, 311, 312, 313, 314, 315, 316, 317, 318,
    319, 320, 321, 322, 323, 324, 325, 326, 327, 328, 329, 330, 331, 332, 333,
    334, 335, 336, 337, 338, 339, 340, 341, 342, 343, 344, 345, 346, 347, 348,
    349, 350, 351, 352, 353, 354, 355, 356, 357, 358, 359, 360, 361, 362, 363,
    364, 365, 366, 367, 368, 369, 370, 371, 372, 373, 374, 375, 376, 377, 378,
    379, 380, 381, 382, 383, 384, 385, 386, 387, 388, 389, 390, 391, 392, 393,
    394, 395, 396, 397, 398, 399, 400, 401, 402, 403, 404, 405, 406, 407, 408,
    409, 410, 411, 412, 413, 414, 415, 416, 417, 418, 419, 420, 421, 422, 423,
    424, 425, 426, 427, 428, 429, 430, 431, 432, 433, 434, 435, 436, 437, 438,
    439, 440, 441, 442, 443, 444, 445, 446, 447, 448, 449, 450, 451, 452, 453,
    454, 455, 456, 457, 458, 459, 460, 461, 462, 463, 464, 465, 466, 467, 468,
    469, 470, 471, 472, 473, 474, 475, 476, 477, 478, 479, 480, 481, 482, 483,
    484, 485, 486, 487, 488, 489, 490, 491, 492, 493, 494, 495, 496, 497, 498,
    499, 500, 501, 502, 503, 504, 505, 506, 507, 508, 509, 510, 511, 512, 513,
    514, 515, 516, 517, 518, 519, 520, 521, 522, 523, 524, 525, 526, 527, 528,
    529, 530, 531, 532, 533, 534, 535, 536, 537, 538, 539, 540, 541, 542, 543,
    544, 545, 546, 547, 548, 549, 550, 551, 552, 553, 554, 555, 556, 557, 558,
    559, 560, 561, 562, 563, 564, 565, 566, 567, 568, 569, 570, 571, 572, 573,
    574, 575, 576, 577, 578, 579, 580, 581, 582, 583, 584, 585, 586, 587, 588,
    589, 590, 591, 592, 593, 594, 595, 596, 597, 598, 599, 600, 601, 602, 603,
    604, 605, 606, 607, 608, 609, 610, 611, 612, 613, 614, 615, 616, 617, 618,
    619, 620, 621, 622, 623, 624, 625, 626, 627, 628, 629, 630, 631, 632, 633,
    634, 635, 636, 637, 638, 639, 640, 641, 642, 643, 644, 645, 646, 647, 648,
    649, 650, 651, 652, 653, 654, 655, 656, 657, 658, 659, 660, 661, 662, 663,
    664, 665, 666, 667, 668, 669, 670, 671, 672, 673, 674, 675, 676, 677, 678,
    679, 680, 681, 682, 683, 684, 685, 686, 687, 688, 689, 690, 691, 692, 693,
    694, 695, 696, 697, 698, 699, 700, 701, 702, 703, 704, 705, 706, 707, 708,
    709, 710, 711, 712, 713, 714, 715, 716, 717, 718, 719, 720, 721, 722, 723,
    724, 725, 726, 727, 728, 729, 730, 731, 732, 733, 734, 735, 736, 737, 738,
    739, 740, 741, 742, 743, 744, 745, 746, 747, 748, 749, 750, 751, 752, 753,
    754, 755, 756, 757, 758, 759, 760, 761, 762, 763, 764, 765, 766, 767, 768,
    769, 770, 771, 772, 773, 774, 775, 776, 777, 778, 779, 780, 781, 782, 783

 Data from log without imprecise labels

 IM without noise threshold:

 Performance of golden standard model:
token_fitness
{"perc_fit_traces": 64.0, "average_trace_fitness": 0.9507595886459391, "log_fitness": 0.9591355636115617, "percentage_of_fitting_traces": 64.0}
precision
0.9706961429915334
0.7142857142857143
generalization
0.9166959351421214

 Xixi split labels:
['Q_X_1']

 Xixi refined log results:

 IM without noise threshold:
token_fitness
{"perc_fit_traces": 100.0, "average_trace_fitness": 1.0, "log_fitness": 1.0, "percentage_of_fitting_traces": 100.0}
precision
0.6831143864146108
0.7066666666666667
generalization
0.9585729174202804

 Xixi clustering:
Clustering with 784 elements and 2 clusters

[1] 0, 1, 2, 3, 4, 5, 6, 7, 8, 9, 10, 11, 12, 13, 14, 15, 16, 17, 18, 19, 20,
    21, 22, 23, 24, 25, 26, 27, 28, 29, 30, 31, 32, 33, 34, 35, 36, 37, 38,
    39, 40, 41, 42, 43, 44, 45, 46, 47, 48, 49, 50, 51, 52, 53, 54, 55, 56,
    57, 58, 59, 60, 61, 62, 63, 64, 65, 66, 67, 68, 69, 70, 71, 72, 73, 74,
    75, 76, 77, 78, 79, 80, 81, 82, 83, 84, 85, 86, 87, 88, 89, 90, 91, 92,
    93, 94, 95, 96, 97, 98, 99, 100, 101, 102, 103, 104, 105, 106, 107, 108,
    109, 110, 111, 112, 113, 114, 115, 116, 117, 118, 119, 120, 121, 122, 123,
    124, 125, 126, 127, 128, 129, 130, 131, 132, 133, 134, 135, 136, 137, 138,
    139, 140, 141, 142, 143, 144, 145, 146, 147, 148, 149, 150, 151, 152, 153,
    154, 155, 156, 157, 158, 159, 160, 161, 162, 163, 164, 165, 166, 167, 168,
    169, 170, 171, 172, 173, 174, 175, 176, 177, 178, 179, 180, 181, 182, 183,
    184, 185, 186, 187, 188, 189, 190, 191, 192, 193, 194, 195, 196, 197, 198,
    199, 200, 201, 202, 203, 204, 205, 206, 207, 208, 209, 210, 211, 212, 213,
    214, 215, 216, 217, 218, 219, 220, 221, 222, 223, 224, 225, 226, 227, 228,
    229, 230, 231, 232, 233, 234, 235, 236, 237, 238, 239, 240, 241, 242, 243,
    244, 245, 246, 247, 248, 249, 250, 251, 252, 253, 254, 255, 256, 257, 258,
    259, 260, 261, 262, 263, 264, 265, 266, 267, 268, 269, 270, 271, 272, 273,
    274, 275, 276, 277, 278, 279, 280, 281, 282, 283, 284, 285, 286, 287, 288,
    289, 290, 291, 292, 293, 294, 295, 296, 297, 298, 299, 300, 301, 302, 303,
    304, 305, 306, 307, 308, 309, 310, 311, 312, 313, 314, 315, 316, 317, 318,
    319, 320, 321, 322, 323, 324, 325, 326, 327, 328, 329, 330, 331, 332, 333,
    334, 335, 336, 337, 338, 339, 340, 341, 342, 343, 344, 345, 346, 347, 348,
    349, 350, 351, 352, 353, 354, 355, 356, 357, 358, 359, 360, 361, 362, 363,
    364, 365, 366, 367, 368, 369, 370, 371, 372, 373, 374, 375, 376, 377, 378,
    379, 380, 381, 382, 383, 384, 385, 386, 387, 388, 389, 390, 391, 392, 393,
    394, 395, 396, 397, 398, 399, 400, 401, 402, 403, 404, 405, 406, 407, 408,
    409, 410, 411, 412, 413, 414, 415, 416, 417, 418, 419, 420, 421, 422, 423,
    424, 425, 426, 427, 428, 429, 430, 431, 432, 433, 434, 435, 436, 437, 438,
    439, 440, 441, 442, 443, 444, 445, 446, 447, 448, 449, 450, 451, 452, 453,
    454, 455, 456, 457, 458, 459, 460, 461, 462, 463, 464, 465, 466, 467, 468,
    469, 470, 471, 472, 473, 474, 475, 476, 477, 478, 479, 480, 481, 482, 483,
    484, 485, 486, 487, 488, 489, 490, 491, 492, 493, 494, 495, 496, 497, 498,
    499, 500, 501, 502, 503, 504, 505, 506, 507, 508, 509, 510, 511, 512, 513,
    514, 515, 516, 517, 518, 519, 520, 521, 522, 523, 524, 525, 526, 527, 528,
    529, 530, 531, 532, 533, 534, 535, 536, 537, 538, 539, 540, 541, 542, 543,
    544, 545, 546, 547, 548, 549, 550, 551, 552, 553, 554, 555, 556, 557, 558,
    559, 560, 561, 562, 563, 564, 565, 566, 567, 568, 569, 570, 571, 572, 573,
    574, 575, 576, 577, 578, 579, 580, 581, 582, 583, 584, 585, 586, 587, 588,
    589, 590, 591, 592, 593, 594, 595, 596, 597, 598, 599, 600, 601, 602, 603,
    604, 605, 606, 607, 608, 609, 610, 611, 612, 613, 614, 615, 616, 617, 618,
    619, 620, 621, 622, 623, 624, 625, 626, 627, 628, 629, 630, 631, 632, 633,
    634, 635, 636, 637, 638, 639, 640, 641, 642, 643, 644, 645, 646, 647, 648,
    649, 650, 651, 652, 653, 654, 655, 656, 657, 658, 659, 660, 661, 662, 663,
    664, 665, 666, 667, 668, 669, 670, 671, 672, 673, 674, 675, 676, 677, 678,
    679, 680, 681, 682, 683, 684, 685, 686, 687, 688, 689, 690, 691, 692, 693,
    694, 695, 696, 697, 698, 699, 700, 701, 702, 703, 704, 705, 706, 707, 708,
    709, 710, 711, 712, 713, 714, 715, 716, 717, 718, 719, 720, 721, 722, 723,
    724, 725, 726, 727, 728, 729, 730, 731, 732, 733, 734, 735, 736, 737, 738,
    739, 740, 741, 742, 743, 744, 745, 746, 747, 748, 749, 750, 751, 752, 753,
    754, 755, 756, 757, 758, 759, 760, 761, 762, 763, 764, 765, 766, 767, 768,
    769, 770, 771, 772, 773, 774, 775, 776, 777, 778, 779, 780, 781, 782, 783

 Data from log without imprecise labels

 IM without noise threshold:
token_fitness
{"perc_fit_traces": 100.0, "average_trace_fitness": 1.0, "log_fitness": 1.0, "percentage_of_fitting_traces": 100.0}
precision
0.9640001591153188
0.7142857142857143
generalization
0.9536980352384005

 Original Labels:
['G', 'Q', 'I', 'M']

 Ground truth clustering clustering:
Clustering with 784 elements and 4 clusters
[0] 0, 10, 17, 38, 45, 47, 48, 50, 53, 57, 65, 71, 78, 85, 86, 91, 98, 105,
    119, 125, 130, 134, 135, 142, 144, 158, 164, 177, 180, 182, 195, 196, 198,
    199, 201, 203, 208, 213, 214, 216, 220, 227, 229, 230, 231, 232, 244, 253,
    255, 256, 271, 272, 274, 276, 277, 281, 285, 288, 292, 301, 303, 309, 310,
    321, 349, 350, 352, 355, 358, 377, 380, 382, 396, 408, 409, 417, 418, 419,
    420, 436, 439, 440, 445, 451, 452, 453, 466, 475, 478, 487, 491, 495, 503,
    512, 513, 515, 519, 523, 524, 540, 541, 545, 549, 551, 553, 556, 569, 572,
    573, 579, 584, 585, 588, 589, 593, 602, 603, 607, 615, 618, 636, 638, 644,
    647, 659, 660, 662, 664, 667, 679, 684, 686, 688, 692, 694, 701, 709, 713,
    717, 721, 727, 732, 741, 746, 751, 755, 758, 762, 764, 766
[1] 1, 3, 6, 8, 11, 14, 16, 18, 20, 23, 25, 28, 30, 32, 36, 39, 41, 43, 46,
    52, 54, 61, 63, 66, 69, 74, 76, 80, 83, 87, 93, 95, 97, 99, 102, 104, 106,
    110, 114, 116, 118, 120, 122, 124, 127, 129, 131, 136, 139, 141, 147, 151,
    153, 155, 157, 159, 161, 163, 166, 169, 172, 174, 176, 181, 185, 189, 192,
    194, 197, 202, 204, 207, 209, 212, 215, 217, 219, 221, 224, 226, 228, 233,
    236, 238, 240, 242, 245, 247, 250, 252, 254, 257, 259, 261, 264, 266, 269,
    273, 280, 282, 284, 286, 291, 293, 295, 297, 300, 302, 304, 306, 308, 311,
    313, 316, 318, 320, 326, 328, 332, 335, 339, 341, 343, 345, 347, 351, 353,
    356, 363, 366, 368, 370, 372, 374, 376, 379, 381, 383, 385, 387, 391, 393,
    395, 398, 400, 405, 410, 413, 416, 421, 423, 435, 438, 441, 444, 446, 449,
    454, 457, 462, 465, 468, 470, 472, 479, 483, 485, 488, 490, 494, 496, 498,
    506, 509, 511, 514, 516, 518, 520, 522, 525, 527, 529, 533, 535, 537, 539,
    542, 546, 550, 555, 557, 559, 566, 571, 576, 578, 580, 583, 587, 592, 595,
    597, 599, 601, 604, 606, 609, 612, 616, 619, 621, 623, 625, 628, 631, 635,
    637, 639, 641, 643, 648, 650, 655, 658, 661, 663, 665, 668, 670, 673, 675,
    680, 683, 689, 691, 693, 697, 699, 702, 704, 706, 708, 710, 714, 716, 720,
    723, 726, 729, 731, 733, 736, 738, 740, 742, 747, 750, 753, 756, 759, 763,
    765, 767, 769, 772, 775, 777, 780, 782
[2] 2, 4, 7, 27, 29, 34, 49, 55, 64, 68, 70, 75, 79, 81, 82, 89, 94, 101, 107,
    123, 132, 138, 145, 148, 156, 162, 168, 170, 186, 188, 191, 193, 205, 206,
    211, 222, 223, 237, 239, 243, 263, 267, 275, 278, 279, 287, 299, 314, 317,
    327, 329, 336, 337, 357, 361, 362, 364, 365, 399, 401, 404, 406, 411, 426,
    427, 434, 437, 442, 447, 448, 460, 461, 508, 517, 526, 528, 531, 562, 570,
    574, 575, 582, 590, 594, 610, 611, 613, 617, 620, 622, 626, 630, 642, 666,
    672, 682, 700, 707, 711, 712, 725, 743, 748, 752, 754, 760
[3] 5, 9, 12, 13, 15, 19, 21, 22, 24, 26, 31, 33, 35, 37, 40, 42, 44, 51, 56,
    58, 59, 60, 62, 67, 72, 73, 77, 84, 88, 90, 92, 96, 100, 103, 108, 109,
    111, 112, 113, 115, 117, 121, 126, 128, 133, 137, 140, 143, 146, 149, 150,
    152, 154, 160, 165, 167, 171, 173, 175, 178, 179, 183, 184, 187, 190, 200,
    210, 218, 225, 234, 235, 241, 246, 248, 249, 251, 258, 260, 262, 265, 268,
    270, 283, 289, 290, 294, 296, 298, 305, 307, 312, 315, 319, 322, 323, 324,
    325, 330, 331, 333, 334, 338, 340, 342, 344, 346, 348, 354, 359, 360, 367,
    369, 371, 373, 375, 378, 384, 386, 388, 389, 390, 392, 394, 397, 402, 403,
    407, 412, 414, 415, 422, 424, 425, 428, 429, 430, 431, 432, 433, 443, 450,
    455, 456, 458, 459, 463, 464, 467, 469, 471, 473, 474, 476, 477, 480, 481,
    482, 484, 486, 489, 492, 493, 497, 499, 500, 501, 502, 504, 505, 507, 510,
    521, 530, 532, 534, 536, 538, 543, 544, 547, 548, 552, 554, 558, 560, 561,
    563, 564, 565, 567, 568, 577, 581, 586, 591, 596, 598, 600, 605, 608, 614,
    624, 627, 629, 632, 633, 634, 640, 645, 646, 649, 651, 652, 653, 654, 656,
    657, 669, 671, 674, 676, 677, 678, 681, 685, 687, 690, 695, 696, 698, 703,
    705, 715, 718, 719, 722, 724, 728, 730, 734, 735, 737, 739, 744, 745, 749,
    757, 761, 768, 770, 771, 773, 774, 776, 778, 779, 781, 783

 Xixi Adjusted Rand Index:
0.0




----------------------------------------------------------------------------------------------
Output from 2025-08-11 18:34:53.976179
----------------------------------------------------------------------------------------------


                

###### Starting pipeline for 0, Distance.EDIT_DISTANCE, 1######
Found communities: 

Clustering with 784 elements and 6 clusters
[0] 5, 9, 12, 13, 15, 19, 21, 22, 26, 33, 35, 37, 40, 42, 60, 62, 88, 90, 92,
    100, 103, 108, 111, 121, 126, 128, 133, 137, 140, 146, 152, 154, 165, 167,
    171, 173, 175, 179, 183, 184, 187, 210, 218, 225, 235, 241, 249, 251, 258,
    260, 262, 265, 268, 270, 289, 296, 298, 307, 319, 322, 323, 324, 330, 334,
    338, 340, 342, 346, 348, 354, 359, 360, 367, 369, 371, 373, 375, 378, 384,
    386, 388, 389, 392, 397, 402, 407, 412, 414, 415, 422, 424, 428, 429, 431,
    432, 433, 443, 450, 455, 456, 458, 459, 463, 467, 469, 471, 473, 476, 477,
    480, 482, 484, 486, 492, 493, 497, 501, 502, 504, 505, 530, 532, 538, 548,
    554, 558, 560, 561, 563, 567, 568, 577, 586, 598, 600, 605, 608, 614, 624,
    627, 629, 632, 633, 634, 640, 645, 646, 651, 652, 653, 654, 656, 657, 671,
    674, 676, 677, 678, 687, 690, 695, 696, 698, 703, 705, 718, 719, 722, 724,
    728, 737, 739, 744, 745, 749, 757, 761, 768, 774, 776, 778, 781
[1] 0, 2, 4, 7, 27, 29, 34, 49, 50, 53, 55, 57, 64, 65, 68, 70, 71, 75, 79,
    81, 82, 85, 89, 94, 98, 101, 107, 119, 123, 125, 132, 134, 138, 142, 145,
    148, 156, 162, 168, 170, 180, 186, 188, 191, 193, 195, 203, 205, 206, 208,
    211, 214, 216, 222, 223, 231, 237, 239, 243, 244, 255, 263, 267, 271, 275,
    276, 277, 278, 279, 281, 287, 299, 303, 309, 310, 314, 317, 327, 329, 336,
    337, 352, 357, 361, 362, 364, 365, 377, 380, 396, 399, 401, 404, 406, 408,
    409, 411, 419, 426, 427, 434, 437, 440, 442, 447, 448, 452, 460, 461, 487,
    491, 503, 508, 517, 519, 523, 526, 528, 531, 540, 549, 556, 562, 570, 574,
    575, 579, 582, 588, 589, 590, 593, 594, 602, 610, 611, 613, 617, 620, 622,
    626, 630, 638, 642, 644, 647, 659, 666, 667, 672, 679, 682, 686, 688, 694,
    700, 701, 707, 709, 711, 712, 717, 721, 725, 732, 741, 743, 746, 748, 751,
    752, 754, 760
[2] 1, 11, 14, 16, 18, 28, 32, 39, 43, 52, 54, 61, 66, 76, 80, 83, 87, 97,
    104, 106, 110, 124, 127, 129, 136, 139, 141, 151, 153, 155, 166, 172, 185,
    192, 194, 215, 221, 233, 236, 238, 240, 242, 245, 247, 252, 254, 269, 286,
    291, 297, 300, 302, 304, 306, 316, 318, 320, 326, 335, 339, 343, 345, 353,
    356, 363, 376, 381, 383, 385, 398, 400, 405, 416, 423, 435, 441, 444, 449,
    457, 465, 470, 479, 488, 490, 494, 498, 516, 518, 522, 525, 527, 533, 535,
    537, 542, 550, 555, 559, 566, 576, 578, 592, 595, 601, 612, 621, 623, 625,
    631, 635, 639, 648, 655, 658, 665, 673, 680, 683, 691, 697, 699, 702, 706,
    708, 710, 720, 726, 731, 740, 742, 750, 753, 756, 759, 765, 769, 777, 780
[3] 3, 6, 8, 20, 23, 25, 30, 36, 41, 46, 63, 69, 74, 93, 95, 99, 102, 114,
    116, 118, 120, 122, 131, 147, 157, 159, 161, 163, 169, 174, 176, 181, 189,
    197, 202, 204, 207, 209, 212, 217, 219, 224, 226, 228, 250, 257, 259, 261,
    264, 266, 273, 280, 282, 284, 293, 295, 308, 311, 313, 328, 332, 341, 347,
    351, 366, 368, 370, 372, 374, 379, 387, 391, 393, 395, 410, 413, 421, 438,
    446, 454, 462, 468, 472, 483, 485, 496, 506, 509, 511, 514, 520, 529, 539,
    546, 557, 571, 580, 583, 587, 597, 599, 604, 606, 609, 616, 619, 628, 637,
    641, 643, 650, 661, 663, 668, 670, 675, 689, 693, 704, 714, 716, 723, 729,
    733, 736, 738, 747, 763, 767, 772, 775, 782
[4] 10, 17, 38, 45, 47, 48, 78, 86, 91, 105, 130, 135, 144, 158, 164, 177,
    182, 196, 198, 199, 201, 213, 220, 227, 229, 230, 232, 253, 256, 272, 274,
    285, 288, 292, 301, 321, 349, 350, 355, 358, 382, 417, 418, 420, 436, 439,
    445, 451, 453, 466, 475, 478, 495, 512, 513, 515, 524, 541, 545, 551, 553,
    569, 572, 573, 584, 585, 603, 607, 615, 618, 636, 660, 662, 664, 684, 692,
    713, 727, 755, 758, 762, 764, 766
[5] 24, 31, 44, 51, 56, 58, 59, 67, 72, 73, 77, 84, 96, 109, 112, 113, 115,
    117, 143, 149, 150, 160, 178, 190, 200, 234, 246, 248, 283, 290, 294, 305,
    312, 315, 325, 331, 333, 344, 390, 394, 403, 425, 430, 464, 474, 481, 489,
    499, 500, 507, 510, 521, 534, 536, 543, 544, 547, 552, 564, 565, 581, 591,
    596, 649, 669, 681, 685, 715, 730, 734, 735, 770, 771, 773, 779, 783

Reassigned labels
Map:
{"Q_0": "Q", "Q_1": "Q", "Q_2": "Q", "Q_3": "Q", "Q_4": "Q", "Q_5": "Q"}
token_fitness
{"perc_fit_traces": 100.0, "average_trace_fitness": 1.0, "log_fitness": 1.0, "percentage_of_fitting_traces": 100.0}
precision
0.6831143864146108
0.7066666666666667
generalization
0.9585729174202804
token_fitness
{"perc_fit_traces": 0.0, "average_trace_fitness": 0.9248681052294542, "log_fitness": 0.9264511035315901, "percentage_of_fitting_traces": 0.0}
precision
0.6211376278485555
0.7066666666666667
generalization
0.820810336645314


###### Starting pipeline for 0.25, Distance.EDIT_DISTANCE, 1######
Found communities: 

Clustering with 784 elements and 6 clusters
[0] 5, 9, 12, 13, 15, 19, 21, 22, 26, 33, 35, 37, 40, 42, 60, 62, 88, 90, 92,
    100, 103, 108, 111, 121, 126, 128, 133, 137, 140, 146, 152, 154, 165, 167,
    171, 173, 175, 179, 183, 184, 187, 210, 218, 225, 235, 241, 249, 251, 258,
    260, 262, 265, 268, 270, 289, 296, 298, 307, 319, 322, 323, 324, 330, 334,
    338, 340, 342, 346, 348, 354, 359, 360, 367, 369, 371, 373, 375, 378, 384,
    386, 388, 389, 392, 397, 402, 407, 412, 414, 415, 422, 424, 428, 429, 431,
    432, 433, 443, 450, 455, 456, 458, 459, 463, 467, 469, 471, 473, 476, 477,
    480, 482, 484, 486, 492, 493, 497, 501, 502, 504, 505, 530, 532, 538, 548,
    554, 558, 560, 561, 563, 567, 568, 577, 586, 598, 600, 605, 608, 614, 624,
    627, 629, 632, 633, 634, 640, 645, 646, 651, 652, 653, 654, 656, 657, 671,
    674, 676, 677, 678, 687, 690, 695, 696, 698, 703, 705, 718, 719, 722, 724,
    728, 737, 739, 744, 745, 749, 757, 761, 768, 774, 776, 778, 781
[1] 0, 2, 4, 7, 27, 29, 34, 49, 50, 53, 55, 57, 64, 65, 68, 70, 71, 75, 79,
    81, 82, 85, 89, 94, 98, 101, 107, 119, 123, 125, 132, 134, 138, 142, 145,
    148, 156, 162, 168, 170, 180, 186, 188, 191, 193, 195, 203, 205, 206, 208,
    211, 214, 216, 222, 223, 231, 237, 239, 243, 244, 255, 263, 267, 271, 275,
    276, 277, 278, 279, 281, 287, 299, 303, 309, 310, 314, 317, 327, 329, 336,
    337, 352, 357, 361, 362, 364, 365, 377, 380, 396, 399, 401, 404, 406, 408,
    409, 411, 419, 426, 427, 434, 437, 440, 442, 447, 448, 452, 460, 461, 487,
    491, 503, 508, 517, 519, 523, 526, 528, 531, 540, 549, 556, 562, 570, 574,
    575, 579, 582, 588, 589, 590, 593, 594, 602, 610, 611, 613, 617, 620, 622,
    626, 630, 638, 642, 644, 647, 659, 666, 667, 672, 679, 682, 686, 688, 694,
    700, 701, 707, 709, 711, 712, 717, 721, 725, 732, 741, 743, 746, 748, 751,
    752, 754, 760
[2] 1, 11, 14, 16, 18, 28, 32, 39, 43, 52, 54, 61, 66, 76, 80, 83, 87, 97,
    104, 106, 110, 124, 127, 129, 136, 139, 141, 151, 153, 155, 166, 172, 185,
    192, 194, 215, 221, 233, 236, 238, 240, 242, 245, 247, 252, 254, 269, 286,
    291, 297, 300, 302, 304, 306, 316, 318, 320, 326, 335, 339, 343, 345, 353,
    356, 363, 376, 381, 383, 385, 398, 400, 405, 416, 423, 435, 441, 444, 449,
    457, 465, 470, 479, 488, 490, 494, 498, 516, 518, 522, 525, 527, 533, 535,
    537, 542, 550, 555, 559, 566, 576, 578, 592, 595, 601, 612, 621, 623, 625,
    631, 635, 639, 648, 655, 658, 665, 673, 680, 683, 691, 697, 699, 702, 706,
    708, 710, 720, 726, 731, 740, 742, 750, 753, 756, 759, 765, 769, 777, 780
[3] 3, 6, 8, 20, 23, 25, 30, 36, 41, 46, 63, 69, 74, 93, 95, 99, 102, 114,
    116, 118, 120, 122, 131, 147, 157, 159, 161, 163, 169, 174, 176, 181, 189,
    197, 202, 204, 207, 209, 212, 217, 219, 224, 226, 228, 250, 257, 259, 261,
    264, 266, 273, 280, 282, 284, 293, 295, 308, 311, 313, 328, 332, 341, 347,
    351, 366, 368, 370, 372, 374, 379, 387, 391, 393, 395, 410, 413, 421, 438,
    446, 454, 462, 468, 472, 483, 485, 496, 506, 509, 511, 514, 520, 529, 539,
    546, 557, 571, 580, 583, 587, 597, 599, 604, 606, 609, 616, 619, 628, 637,
    641, 643, 650, 661, 663, 668, 670, 675, 689, 693, 704, 714, 716, 723, 729,
    733, 736, 738, 747, 763, 767, 772, 775, 782
[4] 10, 17, 38, 45, 47, 48, 78, 86, 91, 105, 130, 135, 144, 158, 164, 177,
    182, 196, 198, 199, 201, 213, 220, 227, 229, 230, 232, 253, 256, 272, 274,
    285, 288, 292, 301, 321, 349, 350, 355, 358, 382, 417, 418, 420, 436, 439,
    445, 451, 453, 466, 475, 478, 495, 512, 513, 515, 524, 541, 545, 551, 553,
    569, 572, 573, 584, 585, 603, 607, 615, 618, 636, 660, 662, 664, 684, 692,
    713, 727, 755, 758, 762, 764, 766
[5] 24, 31, 44, 51, 56, 58, 59, 67, 72, 73, 77, 84, 96, 109, 112, 113, 115,
    117, 143, 149, 150, 160, 178, 190, 200, 234, 246, 248, 283, 290, 294, 305,
    312, 315, 325, 331, 333, 344, 390, 394, 403, 425, 430, 464, 474, 481, 489,
    499, 500, 507, 510, 521, 534, 536, 543, 544, 547, 552, 564, 565, 581, 591,
    596, 649, 669, 681, 685, 715, 730, 734, 735, 770, 771, 773, 779, 783

Reassigned labels
Map:
{"Q_0": "Q", "Q_1": "Q", "Q_2": "Q", "Q_3": "Q", "Q_4": "Q", "Q_5": "Q"}
token_fitness
{"perc_fit_traces": 0.0, "average_trace_fitness": 0.9248681052294542, "log_fitness": 0.9264511035315901, "percentage_of_fitting_traces": 0.0}
precision
0.6211376278485555
0.7066666666666667
generalization
0.820810336645314


###### Starting pipeline for 0.5, Distance.EDIT_DISTANCE, 1######
Found communities: 

Clustering with 784 elements and 6 clusters
[0] 5, 9, 12, 13, 15, 19, 21, 22, 26, 33, 35, 37, 40, 42, 60, 62, 88, 90, 92,
    100, 103, 108, 111, 121, 126, 128, 133, 137, 140, 146, 152, 154, 165, 167,
    171, 173, 175, 179, 183, 184, 187, 210, 218, 225, 235, 241, 249, 251, 258,
    260, 262, 265, 268, 270, 289, 296, 298, 307, 319, 322, 323, 324, 330, 334,
    338, 340, 342, 346, 348, 354, 359, 360, 367, 369, 371, 373, 375, 378, 384,
    386, 388, 389, 392, 397, 402, 407, 412, 414, 415, 422, 424, 428, 429, 431,
    432, 433, 443, 450, 455, 456, 458, 459, 463, 467, 469, 471, 473, 476, 477,
    480, 482, 484, 486, 492, 493, 497, 501, 502, 504, 505, 530, 532, 538, 548,
    554, 558, 560, 561, 563, 567, 568, 577, 586, 598, 600, 605, 608, 614, 624,
    627, 629, 632, 633, 634, 640, 645, 646, 651, 652, 653, 654, 656, 657, 671,
    674, 676, 677, 678, 687, 690, 695, 696, 698, 703, 705, 718, 719, 722, 724,
    728, 737, 739, 744, 745, 749, 757, 761, 768, 774, 776, 778, 781
[1] 0, 2, 4, 7, 27, 29, 34, 49, 50, 53, 55, 57, 64, 65, 68, 70, 71, 75, 79,
    81, 82, 85, 89, 94, 98, 101, 107, 119, 123, 125, 132, 134, 138, 142, 145,
    148, 156, 162, 168, 170, 180, 186, 188, 191, 193, 195, 203, 205, 206, 208,
    211, 214, 216, 222, 223, 231, 237, 239, 243, 244, 255, 263, 267, 271, 275,
    276, 277, 278, 279, 281, 287, 299, 303, 309, 310, 314, 317, 327, 329, 336,
    337, 352, 357, 361, 362, 364, 365, 377, 380, 396, 399, 401, 404, 406, 408,
    409, 411, 419, 426, 427, 434, 437, 440, 442, 447, 448, 452, 460, 461, 487,
    491, 503, 508, 517, 519, 523, 526, 528, 531, 540, 549, 556, 562, 570, 574,
    575, 579, 582, 588, 589, 590, 593, 594, 602, 610, 611, 613, 617, 620, 622,
    626, 630, 638, 642, 644, 647, 659, 666, 667, 672, 679, 682, 686, 688, 694,
    700, 701, 707, 709, 711, 712, 717, 721, 725, 732, 741, 743, 746, 748, 751,
    752, 754, 760
[2] 1, 11, 14, 16, 18, 28, 32, 39, 43, 52, 54, 61, 66, 76, 80, 83, 87, 97,
    104, 106, 110, 124, 127, 129, 136, 139, 141, 151, 153, 155, 166, 172, 185,
    192, 194, 215, 221, 233, 236, 238, 240, 242, 245, 247, 252, 254, 269, 286,
    291, 297, 300, 302, 304, 306, 316, 318, 320, 326, 335, 339, 343, 345, 353,
    356, 363, 376, 381, 383, 385, 398, 400, 405, 416, 423, 435, 441, 444, 449,
    457, 465, 470, 479, 488, 490, 494, 498, 516, 518, 522, 525, 527, 533, 535,
    537, 542, 550, 555, 559, 566, 576, 578, 592, 595, 601, 612, 621, 623, 625,
    631, 635, 639, 648, 655, 658, 665, 673, 680, 683, 691, 697, 699, 702, 706,
    708, 710, 720, 726, 731, 740, 742, 750, 753, 756, 759, 765, 769, 777, 780
[3] 3, 6, 8, 20, 23, 25, 30, 36, 41, 46, 63, 69, 74, 93, 95, 99, 102, 114,
    116, 118, 120, 122, 131, 147, 157, 159, 161, 163, 169, 174, 176, 181, 189,
    197, 202, 204, 207, 209, 212, 217, 219, 224, 226, 228, 250, 257, 259, 261,
    264, 266, 273, 280, 282, 284, 293, 295, 308, 311, 313, 328, 332, 341, 347,
    351, 366, 368, 370, 372, 374, 379, 387, 391, 393, 395, 410, 413, 421, 438,
    446, 454, 462, 468, 472, 483, 485, 496, 506, 509, 511, 514, 520, 529, 539,
    546, 557, 571, 580, 583, 587, 597, 599, 604, 606, 609, 616, 619, 628, 637,
    641, 643, 650, 661, 663, 668, 670, 675, 689, 693, 704, 714, 716, 723, 729,
    733, 736, 738, 747, 763, 767, 772, 775, 782
[4] 10, 17, 38, 45, 47, 48, 78, 86, 91, 105, 130, 135, 144, 158, 164, 177,
    182, 196, 198, 199, 201, 213, 220, 227, 229, 230, 232, 253, 256, 272, 274,
    285, 288, 292, 301, 321, 349, 350, 355, 358, 382, 417, 418, 420, 436, 439,
    445, 451, 453, 466, 475, 478, 495, 512, 513, 515, 524, 541, 545, 551, 553,
    569, 572, 573, 584, 585, 603, 607, 615, 618, 636, 660, 662, 664, 684, 692,
    713, 727, 755, 758, 762, 764, 766
[5] 24, 31, 44, 51, 56, 58, 59, 67, 72, 73, 77, 84, 96, 109, 112, 113, 115,
    117, 143, 149, 150, 160, 178, 190, 200, 234, 246, 248, 283, 290, 294, 305,
    312, 315, 325, 331, 333, 344, 390, 394, 403, 425, 430, 464, 474, 481, 489,
    499, 500, 507, 510, 521, 534, 536, 543, 544, 547, 552, 564, 565, 581, 591,
    596, 649, 669, 681, 685, 715, 730, 734, 735, 770, 771, 773, 779, 783

Reassigned labels
Map:
{"Q_0": "Q", "Q_1": "Q", "Q_2": "Q", "Q_3": "Q", "Q_4": "Q", "Q_5": "Q"}
token_fitness
{"perc_fit_traces": 0.0, "average_trace_fitness": 0.9248681052294542, "log_fitness": 0.9264511035315901, "percentage_of_fitting_traces": 0.0}
precision
0.6211376278485555
0.7066666666666667
generalization
0.820810336645314


###### Starting pipeline for 0.75, Distance.EDIT_DISTANCE, 1######
Found communities: 

Clustering with 784 elements and 6 clusters
[0] 5, 9, 12, 13, 15, 19, 21, 22, 26, 33, 35, 37, 40, 42, 60, 62, 88, 90, 92,
    100, 103, 108, 111, 121, 126, 128, 133, 137, 140, 146, 152, 154, 165, 167,
    171, 173, 175, 179, 183, 184, 187, 210, 218, 225, 235, 241, 249, 251, 258,
    260, 262, 265, 268, 270, 289, 296, 298, 307, 319, 322, 323, 324, 330, 334,
    338, 340, 342, 346, 348, 354, 359, 360, 367, 369, 371, 373, 375, 378, 384,
    386, 388, 389, 392, 397, 402, 407, 412, 414, 415, 422, 424, 428, 429, 431,
    432, 433, 443, 450, 455, 456, 458, 459, 463, 467, 469, 471, 473, 476, 477,
    480, 482, 484, 486, 492, 493, 497, 501, 502, 504, 505, 530, 532, 538, 548,
    554, 558, 560, 561, 563, 567, 568, 577, 586, 598, 600, 605, 608, 614, 624,
    627, 629, 632, 633, 634, 640, 645, 646, 651, 652, 653, 654, 656, 657, 671,
    674, 676, 677, 678, 687, 690, 695, 696, 698, 703, 705, 718, 719, 722, 724,
    728, 737, 739, 744, 745, 749, 757, 761, 768, 774, 776, 778, 781
[1] 0, 2, 4, 7, 27, 29, 34, 49, 50, 53, 55, 57, 64, 65, 68, 70, 71, 75, 79,
    81, 82, 85, 89, 94, 98, 101, 107, 119, 123, 125, 132, 134, 138, 142, 145,
    148, 156, 162, 168, 170, 180, 186, 188, 191, 193, 195, 203, 205, 206, 208,
    211, 214, 216, 222, 223, 231, 237, 239, 243, 244, 255, 263, 267, 271, 275,
    276, 277, 278, 279, 281, 287, 299, 303, 309, 310, 314, 317, 327, 329, 336,
    337, 352, 357, 361, 362, 364, 365, 377, 380, 396, 399, 401, 404, 406, 408,
    409, 411, 419, 426, 427, 434, 437, 440, 442, 447, 448, 452, 460, 461, 487,
    491, 503, 508, 517, 519, 523, 526, 528, 531, 540, 549, 556, 562, 570, 574,
    575, 579, 582, 588, 589, 590, 593, 594, 602, 610, 611, 613, 617, 620, 622,
    626, 630, 638, 642, 644, 647, 659, 666, 667, 672, 679, 682, 686, 688, 694,
    700, 701, 707, 709, 711, 712, 717, 721, 725, 732, 741, 743, 746, 748, 751,
    752, 754, 760
[2] 1, 11, 14, 16, 18, 28, 32, 39, 43, 52, 54, 61, 66, 76, 80, 83, 87, 97,
    104, 106, 110, 124, 127, 129, 136, 139, 141, 151, 153, 155, 166, 172, 185,
    192, 194, 215, 221, 233, 236, 238, 240, 242, 245, 247, 252, 254, 269, 286,
    291, 297, 300, 302, 304, 306, 316, 318, 320, 326, 335, 339, 343, 345, 353,
    356, 363, 376, 381, 383, 385, 398, 400, 405, 416, 423, 435, 441, 444, 449,
    457, 465, 470, 479, 488, 490, 494, 498, 516, 518, 522, 525, 527, 533, 535,
    537, 542, 550, 555, 559, 566, 576, 578, 592, 595, 601, 612, 621, 623, 625,
    631, 635, 639, 648, 655, 658, 665, 673, 680, 683, 691, 697, 699, 702, 706,
    708, 710, 720, 726, 731, 740, 742, 750, 753, 756, 759, 765, 769, 777, 780
[3] 3, 6, 8, 20, 23, 25, 30, 36, 41, 46, 63, 69, 74, 93, 95, 99, 102, 114,
    116, 118, 120, 122, 131, 147, 157, 159, 161, 163, 169, 174, 176, 181, 189,
    197, 202, 204, 207, 209, 212, 217, 219, 224, 226, 228, 250, 257, 259, 261,
    264, 266, 273, 280, 282, 284, 293, 295, 308, 311, 313, 328, 332, 341, 347,
    351, 366, 368, 370, 372, 374, 379, 387, 391, 393, 395, 410, 413, 421, 438,
    446, 454, 462, 468, 472, 483, 485, 496, 506, 509, 511, 514, 520, 529, 539,
    546, 557, 571, 580, 583, 587, 597, 599, 604, 606, 609, 616, 619, 628, 637,
    641, 643, 650, 661, 663, 668, 670, 675, 689, 693, 704, 714, 716, 723, 729,
    733, 736, 738, 747, 763, 767, 772, 775, 782
[4] 10, 17, 38, 45, 47, 48, 78, 86, 91, 105, 130, 135, 144, 158, 164, 177,
    182, 196, 198, 199, 201, 213, 220, 227, 229, 230, 232, 253, 256, 272, 274,
    285, 288, 292, 301, 321, 349, 350, 355, 358, 382, 417, 418, 420, 436, 439,
    445, 451, 453, 466, 475, 478, 495, 512, 513, 515, 524, 541, 545, 551, 553,
    569, 572, 573, 584, 585, 603, 607, 615, 618, 636, 660, 662, 664, 684, 692,
    713, 727, 755, 758, 762, 764, 766
[5] 24, 31, 44, 51, 56, 58, 59, 67, 72, 73, 77, 84, 96, 109, 112, 113, 115,
    117, 143, 149, 150, 160, 178, 190, 200, 234, 246, 248, 283, 290, 294, 305,
    312, 315, 325, 331, 333, 344, 390, 394, 403, 425, 430, 464, 474, 481, 489,
    499, 500, 507, 510, 521, 534, 536, 543, 544, 547, 552, 564, 565, 581, 591,
    596, 649, 669, 681, 685, 715, 730, 734, 735, 770, 771, 773, 779, 783

Reassigned labels
Map:
{"Q_0": "Q", "Q_1": "Q", "Q_2": "Q", "Q_3": "Q", "Q_4": "Q", "Q_5": "Q"}
token_fitness
{"perc_fit_traces": 0.0, "average_trace_fitness": 0.9248681052294542, "log_fitness": 0.9264511035315901, "percentage_of_fitting_traces": 0.0}
precision
0.6211376278485555
0.7066666666666667
generalization
0.820810336645314


###### Starting pipeline for 1, Distance.EDIT_DISTANCE, 1######
Found communities: 

Clustering with 784 elements and 6 clusters
[0] 5, 9, 12, 13, 15, 19, 21, 22, 26, 33, 35, 37, 40, 42, 60, 62, 88, 90, 92,
    100, 103, 108, 111, 121, 126, 128, 133, 137, 140, 146, 152, 154, 165, 167,
    171, 173, 175, 179, 183, 184, 187, 210, 218, 225, 235, 241, 249, 251, 258,
    260, 262, 265, 268, 270, 289, 296, 298, 307, 319, 322, 323, 324, 330, 334,
    338, 340, 342, 346, 348, 354, 359, 360, 367, 369, 371, 373, 375, 378, 384,
    386, 388, 389, 392, 397, 402, 407, 412, 414, 415, 422, 424, 428, 429, 431,
    432, 433, 443, 450, 455, 456, 458, 459, 463, 467, 469, 471, 473, 476, 477,
    480, 482, 484, 486, 492, 493, 497, 501, 502, 504, 505, 530, 532, 538, 548,
    554, 558, 560, 561, 563, 567, 568, 577, 586, 598, 600, 605, 608, 614, 624,
    627, 629, 632, 633, 634, 640, 645, 646, 651, 652, 653, 654, 656, 657, 671,
    674, 676, 677, 678, 687, 690, 695, 696, 698, 703, 705, 718, 719, 722, 724,
    728, 737, 739, 744, 745, 749, 757, 761, 768, 774, 776, 778, 781
[1] 0, 2, 4, 7, 27, 29, 34, 49, 50, 53, 55, 57, 64, 65, 68, 70, 71, 75, 79,
    81, 82, 85, 89, 94, 98, 101, 107, 119, 123, 125, 132, 134, 138, 142, 145,
    148, 156, 162, 168, 170, 180, 186, 188, 191, 193, 195, 203, 205, 206, 208,
    211, 214, 216, 222, 223, 231, 237, 239, 243, 244, 255, 263, 267, 271, 275,
    276, 277, 278, 279, 281, 287, 299, 303, 309, 310, 314, 317, 327, 329, 336,
    337, 352, 357, 361, 362, 364, 365, 377, 380, 396, 399, 401, 404, 406, 408,
    409, 411, 419, 426, 427, 434, 437, 440, 442, 447, 448, 452, 460, 461, 487,
    491, 503, 508, 517, 519, 523, 526, 528, 531, 540, 549, 556, 562, 570, 574,
    575, 579, 582, 588, 589, 590, 593, 594, 602, 610, 611, 613, 617, 620, 622,
    626, 630, 638, 642, 644, 647, 659, 666, 667, 672, 679, 682, 686, 688, 694,
    700, 701, 707, 709, 711, 712, 717, 721, 725, 732, 741, 743, 746, 748, 751,
    752, 754, 760
[2] 1, 11, 14, 16, 18, 28, 32, 39, 43, 52, 54, 61, 66, 76, 80, 83, 87, 97,
    104, 106, 110, 124, 127, 129, 136, 139, 141, 151, 153, 155, 166, 172, 185,
    192, 194, 215, 221, 233, 236, 238, 240, 242, 245, 247, 252, 254, 269, 286,
    291, 297, 300, 302, 304, 306, 316, 318, 320, 326, 335, 339, 343, 345, 353,
    356, 363, 376, 381, 383, 385, 398, 400, 405, 416, 423, 435, 441, 444, 449,
    457, 465, 470, 479, 488, 490, 494, 498, 516, 518, 522, 525, 527, 533, 535,
    537, 542, 550, 555, 559, 566, 576, 578, 592, 595, 601, 612, 621, 623, 625,
    631, 635, 639, 648, 655, 658, 665, 673, 680, 683, 691, 697, 699, 702, 706,
    708, 710, 720, 726, 731, 740, 742, 750, 753, 756, 759, 765, 769, 777, 780
[3] 3, 6, 8, 20, 23, 25, 30, 36, 41, 46, 63, 69, 74, 93, 95, 99, 102, 114,
    116, 118, 120, 122, 131, 147, 157, 159, 161, 163, 169, 174, 176, 181, 189,
    197, 202, 204, 207, 209, 212, 217, 219, 224, 226, 228, 250, 257, 259, 261,
    264, 266, 273, 280, 282, 284, 293, 295, 308, 311, 313, 328, 332, 341, 347,
    351, 366, 368, 370, 372, 374, 379, 387, 391, 393, 395, 410, 413, 421, 438,
    446, 454, 462, 468, 472, 483, 485, 496, 506, 509, 511, 514, 520, 529, 539,
    546, 557, 571, 580, 583, 587, 597, 599, 604, 606, 609, 616, 619, 628, 637,
    641, 643, 650, 661, 663, 668, 670, 675, 689, 693, 704, 714, 716, 723, 729,
    733, 736, 738, 747, 763, 767, 772, 775, 782
[4] 10, 17, 38, 45, 47, 48, 78, 86, 91, 105, 130, 135, 144, 158, 164, 177,
    182, 196, 198, 199, 201, 213, 220, 227, 229, 230, 232, 253, 256, 272, 274,
    285, 288, 292, 301, 321, 349, 350, 355, 358, 382, 417, 418, 420, 436, 439,
    445, 451, 453, 466, 475, 478, 495, 512, 513, 515, 524, 541, 545, 551, 553,
    569, 572, 573, 584, 585, 603, 607, 615, 618, 636, 660, 662, 664, 684, 692,
    713, 727, 755, 758, 762, 764, 766
[5] 24, 31, 44, 51, 56, 58, 59, 67, 72, 73, 77, 84, 96, 109, 112, 113, 115,
    117, 143, 149, 150, 160, 178, 190, 200, 234, 246, 248, 283, 290, 294, 305,
    312, 315, 325, 331, 333, 344, 390, 394, 403, 425, 430, 464, 474, 481, 489,
    499, 500, 507, 510, 521, 534, 536, 543, 544, 547, 552, 564, 565, 581, 591,
    596, 649, 669, 681, 685, 715, 730, 734, 735, 770, 771, 773, 779, 783

Reassigned labels
Map:
{"Q_0": "Q", "Q_1": "Q", "Q_2": "Q", "Q_3": "Q", "Q_4": "Q", "Q_5": "Q"}
token_fitness
{"perc_fit_traces": 0.0, "average_trace_fitness": 0.9248681052294542, "log_fitness": 0.9264511035315901, "percentage_of_fitting_traces": 0.0}
precision
0.6211376278485555
0.7066666666666667
generalization
0.820810336645314


###### Starting pipeline for 0, Distance.SET_DISTANCE, 1######
Found communities: 

Clustering with 784 elements and 6 clusters
[0] 5, 9, 12, 13, 15, 19, 21, 22, 26, 33, 35, 37, 40, 42, 60, 62, 88, 90, 92,
    100, 103, 108, 111, 121, 126, 128, 133, 137, 140, 146, 152, 154, 165, 167,
    171, 173, 175, 179, 183, 184, 187, 210, 218, 225, 235, 241, 249, 251, 258,
    260, 262, 265, 268, 270, 289, 296, 298, 307, 319, 322, 323, 324, 330, 334,
    338, 340, 342, 346, 348, 354, 359, 360, 367, 369, 371, 373, 375, 378, 384,
    386, 388, 389, 392, 397, 402, 407, 412, 414, 415, 422, 424, 428, 429, 431,
    432, 433, 443, 450, 455, 456, 458, 459, 463, 467, 469, 471, 473, 476, 477,
    480, 482, 484, 486, 492, 493, 497, 501, 502, 504, 505, 530, 532, 538, 548,
    554, 558, 560, 561, 563, 567, 568, 577, 586, 598, 600, 605, 608, 614, 624,
    627, 629, 632, 633, 634, 640, 645, 646, 651, 652, 653, 654, 656, 657, 671,
    674, 676, 677, 678, 687, 690, 695, 696, 698, 703, 705, 718, 719, 722, 724,
    728, 737, 739, 744, 745, 749, 757, 761, 768, 774, 776, 778, 781
[1] 0, 2, 4, 7, 27, 29, 34, 49, 50, 53, 55, 57, 64, 65, 68, 70, 71, 75, 79,
    81, 82, 85, 89, 94, 98, 101, 107, 119, 123, 125, 132, 134, 138, 142, 145,
    148, 156, 162, 168, 170, 180, 186, 188, 191, 193, 195, 203, 205, 206, 208,
    211, 214, 216, 222, 223, 231, 237, 239, 243, 244, 255, 263, 267, 271, 275,
    276, 277, 278, 279, 281, 287, 299, 303, 309, 310, 314, 317, 327, 329, 336,
    337, 352, 357, 361, 362, 364, 365, 377, 380, 396, 399, 401, 404, 406, 408,
    409, 411, 419, 426, 427, 434, 437, 440, 442, 447, 448, 452, 460, 461, 487,
    491, 503, 508, 517, 519, 523, 526, 528, 531, 540, 549, 556, 562, 570, 574,
    575, 579, 582, 588, 589, 590, 593, 594, 602, 610, 611, 613, 617, 620, 622,
    626, 630, 638, 642, 644, 647, 659, 666, 667, 672, 679, 682, 686, 688, 694,
    700, 701, 707, 709, 711, 712, 717, 721, 725, 732, 741, 743, 746, 748, 751,
    752, 754, 760
[2] 1, 11, 14, 16, 18, 28, 32, 39, 43, 52, 54, 61, 66, 76, 80, 83, 87, 97,
    104, 106, 110, 124, 127, 129, 136, 139, 141, 151, 153, 155, 166, 172, 185,
    192, 194, 215, 221, 233, 236, 238, 240, 242, 245, 247, 252, 254, 269, 286,
    291, 297, 300, 302, 304, 306, 316, 318, 320, 326, 335, 339, 343, 345, 353,
    356, 363, 376, 381, 383, 385, 398, 400, 405, 416, 423, 435, 441, 444, 449,
    457, 465, 470, 479, 488, 490, 494, 498, 516, 518, 522, 525, 527, 533, 535,
    537, 542, 550, 555, 559, 566, 576, 578, 592, 595, 601, 612, 621, 623, 625,
    631, 635, 639, 648, 655, 658, 665, 673, 680, 683, 691, 697, 699, 702, 706,
    708, 710, 720, 726, 731, 740, 742, 750, 753, 756, 759, 765, 769, 777, 780
[3] 3, 6, 8, 20, 23, 25, 30, 36, 41, 46, 63, 69, 74, 93, 95, 99, 102, 114,
    116, 118, 120, 122, 131, 147, 157, 159, 161, 163, 169, 174, 176, 181, 189,
    197, 202, 204, 207, 209, 212, 217, 219, 224, 226, 228, 250, 257, 259, 261,
    264, 266, 273, 280, 282, 284, 293, 295, 308, 311, 313, 328, 332, 341, 347,
    351, 366, 368, 370, 372, 374, 379, 387, 391, 393, 395, 410, 413, 421, 438,
    446, 454, 462, 468, 472, 483, 485, 496, 506, 509, 511, 514, 520, 529, 539,
    546, 557, 571, 580, 583, 587, 597, 599, 604, 606, 609, 616, 619, 628, 637,
    641, 643, 650, 661, 663, 668, 670, 675, 689, 693, 704, 714, 716, 723, 729,
    733, 736, 738, 747, 763, 767, 772, 775, 782
[4] 10, 17, 38, 45, 47, 48, 78, 86, 91, 105, 130, 135, 144, 158, 164, 177,
    182, 196, 198, 199, 201, 213, 220, 227, 229, 230, 232, 253, 256, 272, 274,
    285, 288, 292, 301, 321, 349, 350, 355, 358, 382, 417, 418, 420, 436, 439,
    445, 451, 453, 466, 475, 478, 495, 512, 513, 515, 524, 541, 545, 551, 553,
    569, 572, 573, 584, 585, 603, 607, 615, 618, 636, 660, 662, 664, 684, 692,
    713, 727, 755, 758, 762, 764, 766
[5] 24, 31, 44, 51, 56, 58, 59, 67, 72, 73, 77, 84, 96, 109, 112, 113, 115,
    117, 143, 149, 150, 160, 178, 190, 200, 234, 246, 248, 283, 290, 294, 305,
    312, 315, 325, 331, 333, 344, 390, 394, 403, 425, 430, 464, 474, 481, 489,
    499, 500, 507, 510, 521, 534, 536, 543, 544, 547, 552, 564, 565, 581, 591,
    596, 649, 669, 681, 685, 715, 730, 734, 735, 770, 771, 773, 779, 783

Reassigned labels
Map:
{"Q_0": "Q", "Q_1": "Q", "Q_2": "Q", "Q_3": "Q", "Q_4": "Q", "Q_5": "Q"}
token_fitness
{"perc_fit_traces": 0.0, "average_trace_fitness": 0.9248681052294542, "log_fitness": 0.9264511035315901, "percentage_of_fitting_traces": 0.0}
precision
0.6211376278485555
0.7066666666666667
generalization
0.820810336645314


###### Starting pipeline for 0.25, Distance.SET_DISTANCE, 1######
Found communities: 

Clustering with 784 elements and 6 clusters
[0] 5, 9, 12, 13, 15, 19, 21, 22, 26, 33, 35, 37, 40, 42, 60, 62, 88, 90, 92,
    100, 103, 108, 111, 121, 126, 128, 133, 137, 140, 146, 152, 154, 165, 167,
    171, 173, 175, 179, 183, 184, 187, 210, 218, 225, 235, 241, 249, 251, 258,
    260, 262, 265, 268, 270, 289, 296, 298, 307, 319, 322, 323, 324, 330, 334,
    338, 340, 342, 346, 348, 354, 359, 360, 367, 369, 371, 373, 375, 378, 384,
    386, 388, 389, 392, 397, 402, 407, 412, 414, 415, 422, 424, 428, 429, 431,
    432, 433, 443, 450, 455, 456, 458, 459, 463, 467, 469, 471, 473, 476, 477,
    480, 482, 484, 486, 492, 493, 497, 501, 502, 504, 505, 530, 532, 538, 548,
    554, 558, 560, 561, 563, 567, 568, 577, 586, 598, 600, 605, 608, 614, 624,
    627, 629, 632, 633, 634, 640, 645, 646, 651, 652, 653, 654, 656, 657, 671,
    674, 676, 677, 678, 687, 690, 695, 696, 698, 703, 705, 718, 719, 722, 724,
    728, 737, 739, 744, 745, 749, 757, 761, 768, 774, 776, 778, 781
[1] 0, 2, 4, 7, 27, 29, 34, 49, 50, 53, 55, 57, 64, 65, 68, 70, 71, 75, 79,
    81, 82, 85, 89, 94, 98, 101, 107, 119, 123, 125, 132, 134, 138, 142, 145,
    148, 156, 162, 168, 170, 180, 186, 188, 191, 193, 195, 203, 205, 206, 208,
    211, 214, 216, 222, 223, 231, 237, 239, 243, 244, 255, 263, 267, 271, 275,
    276, 277, 278, 279, 281, 287, 299, 303, 309, 310, 314, 317, 327, 329, 336,
    337, 352, 357, 361, 362, 364, 365, 377, 380, 396, 399, 401, 404, 406, 408,
    409, 411, 419, 426, 427, 434, 437, 440, 442, 447, 448, 452, 460, 461, 487,
    491, 503, 508, 517, 519, 523, 526, 528, 531, 540, 549, 556, 562, 570, 574,
    575, 579, 582, 588, 589, 590, 593, 594, 602, 610, 611, 613, 617, 620, 622,
    626, 630, 638, 642, 644, 647, 659, 666, 667, 672, 679, 682, 686, 688, 694,
    700, 701, 707, 709, 711, 712, 717, 721, 725, 732, 741, 743, 746, 748, 751,
    752, 754, 760
[2] 1, 11, 14, 16, 18, 28, 32, 39, 43, 52, 54, 61, 66, 76, 80, 83, 87, 97,
    104, 106, 110, 124, 127, 129, 136, 139, 141, 151, 153, 155, 166, 172, 185,
    192, 194, 215, 221, 233, 236, 238, 240, 242, 245, 247, 252, 254, 269, 286,
    291, 297, 300, 302, 304, 306, 316, 318, 320, 326, 335, 339, 343, 345, 353,
    356, 363, 376, 381, 383, 385, 398, 400, 405, 416, 423, 435, 441, 444, 449,
    457, 465, 470, 479, 488, 490, 494, 498, 516, 518, 522, 525, 527, 533, 535,
    537, 542, 550, 555, 559, 566, 576, 578, 592, 595, 601, 612, 621, 623, 625,
    631, 635, 639, 648, 655, 658, 665, 673, 680, 683, 691, 697, 699, 702, 706,
    708, 710, 720, 726, 731, 740, 742, 750, 753, 756, 759, 765, 769, 777, 780
[3] 3, 6, 8, 20, 23, 25, 30, 36, 41, 46, 63, 69, 74, 93, 95, 99, 102, 114,
    116, 118, 120, 122, 131, 147, 157, 159, 161, 163, 169, 174, 176, 181, 189,
    197, 202, 204, 207, 209, 212, 217, 219, 224, 226, 228, 250, 257, 259, 261,
    264, 266, 273, 280, 282, 284, 293, 295, 308, 311, 313, 328, 332, 341, 347,
    351, 366, 368, 370, 372, 374, 379, 387, 391, 393, 395, 410, 413, 421, 438,
    446, 454, 462, 468, 472, 483, 485, 496, 506, 509, 511, 514, 520, 529, 539,
    546, 557, 571, 580, 583, 587, 597, 599, 604, 606, 609, 616, 619, 628, 637,
    641, 643, 650, 661, 663, 668, 670, 675, 689, 693, 704, 714, 716, 723, 729,
    733, 736, 738, 747, 763, 767, 772, 775, 782
[4] 10, 17, 38, 45, 47, 48, 78, 86, 91, 105, 130, 135, 144, 158, 164, 177,
    182, 196, 198, 199, 201, 213, 220, 227, 229, 230, 232, 253, 256, 272, 274,
    285, 288, 292, 301, 321, 349, 350, 355, 358, 382, 417, 418, 420, 436, 439,
    445, 451, 453, 466, 475, 478, 495, 512, 513, 515, 524, 541, 545, 551, 553,
    569, 572, 573, 584, 585, 603, 607, 615, 618, 636, 660, 662, 664, 684, 692,
    713, 727, 755, 758, 762, 764, 766
[5] 24, 31, 44, 51, 56, 58, 59, 67, 72, 73, 77, 84, 96, 109, 112, 113, 115,
    117, 143, 149, 150, 160, 178, 190, 200, 234, 246, 248, 283, 290, 294, 305,
    312, 315, 325, 331, 333, 344, 390, 394, 403, 425, 430, 464, 474, 481, 489,
    499, 500, 507, 510, 521, 534, 536, 543, 544, 547, 552, 564, 565, 581, 591,
    596, 649, 669, 681, 685, 715, 730, 734, 735, 770, 771, 773, 779, 783

Reassigned labels
Map:
{"Q_0": "Q", "Q_1": "Q", "Q_2": "Q", "Q_3": "Q", "Q_4": "Q", "Q_5": "Q"}
token_fitness
{"perc_fit_traces": 0.0, "average_trace_fitness": 0.9248681052294542, "log_fitness": 0.9264511035315901, "percentage_of_fitting_traces": 0.0}
precision
0.6211376278485555
0.7066666666666667
generalization
0.820810336645314


###### Starting pipeline for 0.5, Distance.SET_DISTANCE, 1######
Found communities: 

Clustering with 784 elements and 6 clusters
[0] 5, 9, 12, 13, 15, 19, 21, 22, 26, 33, 35, 37, 40, 42, 60, 62, 88, 90, 92,
    100, 103, 108, 111, 121, 126, 128, 133, 137, 140, 146, 152, 154, 165, 167,
    171, 173, 175, 179, 183, 184, 187, 210, 218, 225, 235, 241, 249, 251, 258,
    260, 262, 265, 268, 270, 289, 296, 298, 307, 319, 322, 323, 324, 330, 334,
    338, 340, 342, 346, 348, 354, 359, 360, 367, 369, 371, 373, 375, 378, 384,
    386, 388, 389, 392, 397, 402, 407, 412, 414, 415, 422, 424, 428, 429, 431,
    432, 433, 443, 450, 455, 456, 458, 459, 463, 467, 469, 471, 473, 476, 477,
    480, 482, 484, 486, 492, 493, 497, 501, 502, 504, 505, 530, 532, 538, 548,
    554, 558, 560, 561, 563, 567, 568, 577, 586, 598, 600, 605, 608, 614, 624,
    627, 629, 632, 633, 634, 640, 645, 646, 651, 652, 653, 654, 656, 657, 671,
    674, 676, 677, 678, 687, 690, 695, 696, 698, 703, 705, 718, 719, 722, 724,
    728, 737, 739, 744, 745, 749, 757, 761, 768, 774, 776, 778, 781
[1] 0, 2, 4, 7, 27, 29, 34, 49, 50, 53, 55, 57, 64, 65, 68, 70, 71, 75, 79,
    81, 82, 85, 89, 94, 98, 101, 107, 119, 123, 125, 132, 134, 138, 142, 145,
    148, 156, 162, 168, 170, 180, 186, 188, 191, 193, 195, 203, 205, 206, 208,
    211, 214, 216, 222, 223, 231, 237, 239, 243, 244, 255, 263, 267, 271, 275,
    276, 277, 278, 279, 281, 287, 299, 303, 309, 310, 314, 317, 327, 329, 336,
    337, 352, 357, 361, 362, 364, 365, 377, 380, 396, 399, 401, 404, 406, 408,
    409, 411, 419, 426, 427, 434, 437, 440, 442, 447, 448, 452, 460, 461, 487,
    491, 503, 508, 517, 519, 523, 526, 528, 531, 540, 549, 556, 562, 570, 574,
    575, 579, 582, 588, 589, 590, 593, 594, 602, 610, 611, 613, 617, 620, 622,
    626, 630, 638, 642, 644, 647, 659, 666, 667, 672, 679, 682, 686, 688, 694,
    700, 701, 707, 709, 711, 712, 717, 721, 725, 732, 741, 743, 746, 748, 751,
    752, 754, 760
[2] 1, 11, 14, 16, 18, 28, 32, 39, 43, 52, 54, 61, 66, 76, 80, 83, 87, 97,
    104, 106, 110, 124, 127, 129, 136, 139, 141, 151, 153, 155, 166, 172, 185,
    192, 194, 215, 221, 233, 236, 238, 240, 242, 245, 247, 252, 254, 269, 286,
    291, 297, 300, 302, 304, 306, 316, 318, 320, 326, 335, 339, 343, 345, 353,
    356, 363, 376, 381, 383, 385, 398, 400, 405, 416, 423, 435, 441, 444, 449,
    457, 465, 470, 479, 488, 490, 494, 498, 516, 518, 522, 525, 527, 533, 535,
    537, 542, 550, 555, 559, 566, 576, 578, 592, 595, 601, 612, 621, 623, 625,
    631, 635, 639, 648, 655, 658, 665, 673, 680, 683, 691, 697, 699, 702, 706,
    708, 710, 720, 726, 731, 740, 742, 750, 753, 756, 759, 765, 769, 777, 780
[3] 3, 6, 8, 20, 23, 25, 30, 36, 41, 46, 63, 69, 74, 93, 95, 99, 102, 114,
    116, 118, 120, 122, 131, 147, 157, 159, 161, 163, 169, 174, 176, 181, 189,
    197, 202, 204, 207, 209, 212, 217, 219, 224, 226, 228, 250, 257, 259, 261,
    264, 266, 273, 280, 282, 284, 293, 295, 308, 311, 313, 328, 332, 341, 347,
    351, 366, 368, 370, 372, 374, 379, 387, 391, 393, 395, 410, 413, 421, 438,
    446, 454, 462, 468, 472, 483, 485, 496, 506, 509, 511, 514, 520, 529, 539,
    546, 557, 571, 580, 583, 587, 597, 599, 604, 606, 609, 616, 619, 628, 637,
    641, 643, 650, 661, 663, 668, 670, 675, 689, 693, 704, 714, 716, 723, 729,
    733, 736, 738, 747, 763, 767, 772, 775, 782
[4] 10, 17, 38, 45, 47, 48, 78, 86, 91, 105, 130, 135, 144, 158, 164, 177,
    182, 196, 198, 199, 201, 213, 220, 227, 229, 230, 232, 253, 256, 272, 274,
    285, 288, 292, 301, 321, 349, 350, 355, 358, 382, 417, 418, 420, 436, 439,
    445, 451, 453, 466, 475, 478, 495, 512, 513, 515, 524, 541, 545, 551, 553,
    569, 572, 573, 584, 585, 603, 607, 615, 618, 636, 660, 662, 664, 684, 692,
    713, 727, 755, 758, 762, 764, 766
[5] 24, 31, 44, 51, 56, 58, 59, 67, 72, 73, 77, 84, 96, 109, 112, 113, 115,
    117, 143, 149, 150, 160, 178, 190, 200, 234, 246, 248, 283, 290, 294, 305,
    312, 315, 325, 331, 333, 344, 390, 394, 403, 425, 430, 464, 474, 481, 489,
    499, 500, 507, 510, 521, 534, 536, 543, 544, 547, 552, 564, 565, 581, 591,
    596, 649, 669, 681, 685, 715, 730, 734, 735, 770, 771, 773, 779, 783

Reassigned labels
Map:
{"Q_0": "Q", "Q_1": "Q", "Q_2": "Q", "Q_3": "Q", "Q_4": "Q", "Q_5": "Q"}
token_fitness
{"perc_fit_traces": 0.0, "average_trace_fitness": 0.9248681052294542, "log_fitness": 0.9264511035315901, "percentage_of_fitting_traces": 0.0}
precision
0.6211376278485555
0.7066666666666667
generalization
0.820810336645314


###### Starting pipeline for 0.75, Distance.SET_DISTANCE, 1######
Found communities: 

Clustering with 784 elements and 6 clusters
[0] 5, 9, 12, 13, 15, 19, 21, 22, 26, 33, 35, 37, 40, 42, 60, 62, 88, 90, 92,
    100, 103, 108, 111, 121, 126, 128, 133, 137, 140, 146, 152, 154, 165, 167,
    171, 173, 175, 179, 183, 184, 187, 210, 218, 225, 235, 241, 249, 251, 258,
    260, 262, 265, 268, 270, 289, 296, 298, 307, 319, 322, 323, 324, 330, 334,
    338, 340, 342, 346, 348, 354, 359, 360, 367, 369, 371, 373, 375, 378, 384,
    386, 388, 389, 392, 397, 402, 407, 412, 414, 415, 422, 424, 428, 429, 431,
    432, 433, 443, 450, 455, 456, 458, 459, 463, 467, 469, 471, 473, 476, 477,
    480, 482, 484, 486, 492, 493, 497, 501, 502, 504, 505, 530, 532, 538, 548,
    554, 558, 560, 561, 563, 567, 568, 577, 586, 598, 600, 605, 608, 614, 624,
    627, 629, 632, 633, 634, 640, 645, 646, 651, 652, 653, 654, 656, 657, 671,
    674, 676, 677, 678, 687, 690, 695, 696, 698, 703, 705, 718, 719, 722, 724,
    728, 737, 739, 744, 745, 749, 757, 761, 768, 774, 776, 778, 781
[1] 0, 2, 4, 7, 27, 29, 34, 49, 50, 53, 55, 57, 64, 65, 68, 70, 71, 75, 79,
    81, 82, 85, 89, 94, 98, 101, 107, 119, 123, 125, 132, 134, 138, 142, 145,
    148, 156, 162, 168, 170, 180, 186, 188, 191, 193, 195, 203, 205, 206, 208,
    211, 214, 216, 222, 223, 231, 237, 239, 243, 244, 255, 263, 267, 271, 275,
    276, 277, 278, 279, 281, 287, 299, 303, 309, 310, 314, 317, 327, 329, 336,
    337, 352, 357, 361, 362, 364, 365, 377, 380, 396, 399, 401, 404, 406, 408,
    409, 411, 419, 426, 427, 434, 437, 440, 442, 447, 448, 452, 460, 461, 487,
    491, 503, 508, 517, 519, 523, 526, 528, 531, 540, 549, 556, 562, 570, 574,
    575, 579, 582, 588, 589, 590, 593, 594, 602, 610, 611, 613, 617, 620, 622,
    626, 630, 638, 642, 644, 647, 659, 666, 667, 672, 679, 682, 686, 688, 694,
    700, 701, 707, 709, 711, 712, 717, 721, 725, 732, 741, 743, 746, 748, 751,
    752, 754, 760
[2] 1, 11, 14, 16, 18, 28, 32, 39, 43, 52, 54, 61, 66, 76, 80, 83, 87, 97,
    104, 106, 110, 124, 127, 129, 136, 139, 141, 151, 153, 155, 166, 172, 185,
    192, 194, 215, 221, 233, 236, 238, 240, 242, 245, 247, 252, 254, 269, 286,
    291, 297, 300, 302, 304, 306, 316, 318, 320, 326, 335, 339, 343, 345, 353,
    356, 363, 376, 381, 383, 385, 398, 400, 405, 416, 423, 435, 441, 444, 449,
    457, 465, 470, 479, 488, 490, 494, 498, 516, 518, 522, 525, 527, 533, 535,
    537, 542, 550, 555, 559, 566, 576, 578, 592, 595, 601, 612, 621, 623, 625,
    631, 635, 639, 648, 655, 658, 665, 673, 680, 683, 691, 697, 699, 702, 706,
    708, 710, 720, 726, 731, 740, 742, 750, 753, 756, 759, 765, 769, 777, 780
[3] 3, 6, 8, 20, 23, 25, 30, 36, 41, 46, 63, 69, 74, 93, 95, 99, 102, 114,
    116, 118, 120, 122, 131, 147, 157, 159, 161, 163, 169, 174, 176, 181, 189,
    197, 202, 204, 207, 209, 212, 217, 219, 224, 226, 228, 250, 257, 259, 261,
    264, 266, 273, 280, 282, 284, 293, 295, 308, 311, 313, 328, 332, 341, 347,
    351, 366, 368, 370, 372, 374, 379, 387, 391, 393, 395, 410, 413, 421, 438,
    446, 454, 462, 468, 472, 483, 485, 496, 506, 509, 511, 514, 520, 529, 539,
    546, 557, 571, 580, 583, 587, 597, 599, 604, 606, 609, 616, 619, 628, 637,
    641, 643, 650, 661, 663, 668, 670, 675, 689, 693, 704, 714, 716, 723, 729,
    733, 736, 738, 747, 763, 767, 772, 775, 782
[4] 10, 17, 38, 45, 47, 48, 78, 86, 91, 105, 130, 135, 144, 158, 164, 177,
    182, 196, 198, 199, 201, 213, 220, 227, 229, 230, 232, 253, 256, 272, 274,
    285, 288, 292, 301, 321, 349, 350, 355, 358, 382, 417, 418, 420, 436, 439,
    445, 451, 453, 466, 475, 478, 495, 512, 513, 515, 524, 541, 545, 551, 553,
    569, 572, 573, 584, 585, 603, 607, 615, 618, 636, 660, 662, 664, 684, 692,
    713, 727, 755, 758, 762, 764, 766
[5] 24, 31, 44, 51, 56, 58, 59, 67, 72, 73, 77, 84, 96, 109, 112, 113, 115,
    117, 143, 149, 150, 160, 178, 190, 200, 234, 246, 248, 283, 290, 294, 305,
    312, 315, 325, 331, 333, 344, 390, 394, 403, 425, 430, 464, 474, 481, 489,
    499, 500, 507, 510, 521, 534, 536, 543, 544, 547, 552, 564, 565, 581, 591,
    596, 649, 669, 681, 685, 715, 730, 734, 735, 770, 771, 773, 779, 783

Reassigned labels
Map:
{"Q_0": "Q", "Q_1": "Q", "Q_2": "Q", "Q_3": "Q", "Q_4": "Q", "Q_5": "Q"}
token_fitness
{"perc_fit_traces": 0.0, "average_trace_fitness": 0.9248681052294542, "log_fitness": 0.9264511035315901, "percentage_of_fitting_traces": 0.0}
precision
0.6211376278485555
0.7066666666666667
generalization
0.820810336645314


###### Starting pipeline for 1, Distance.SET_DISTANCE, 1######
Found communities: 

Clustering with 784 elements and 6 clusters
[0] 5, 9, 12, 13, 15, 19, 21, 22, 26, 33, 35, 37, 40, 42, 60, 62, 88, 90, 92,
    100, 103, 108, 111, 121, 126, 128, 133, 137, 140, 146, 152, 154, 165, 167,
    171, 173, 175, 179, 183, 184, 187, 210, 218, 225, 235, 241, 249, 251, 258,
    260, 262, 265, 268, 270, 289, 296, 298, 307, 319, 322, 323, 324, 330, 334,
    338, 340, 342, 346, 348, 354, 359, 360, 367, 369, 371, 373, 375, 378, 384,
    386, 388, 389, 392, 397, 402, 407, 412, 414, 415, 422, 424, 428, 429, 431,
    432, 433, 443, 450, 455, 456, 458, 459, 463, 467, 469, 471, 473, 476, 477,
    480, 482, 484, 486, 492, 493, 497, 501, 502, 504, 505, 530, 532, 538, 548,
    554, 558, 560, 561, 563, 567, 568, 577, 586, 598, 600, 605, 608, 614, 624,
    627, 629, 632, 633, 634, 640, 645, 646, 651, 652, 653, 654, 656, 657, 671,
    674, 676, 677, 678, 687, 690, 695, 696, 698, 703, 705, 718, 719, 722, 724,
    728, 737, 739, 744, 745, 749, 757, 761, 768, 774, 776, 778, 781
[1] 0, 2, 4, 7, 27, 29, 34, 49, 50, 53, 55, 57, 64, 65, 68, 70, 71, 75, 79,
    81, 82, 85, 89, 94, 98, 101, 107, 119, 123, 125, 132, 134, 138, 142, 145,
    148, 156, 162, 168, 170, 180, 186, 188, 191, 193, 195, 203, 205, 206, 208,
    211, 214, 216, 222, 223, 231, 237, 239, 243, 244, 255, 263, 267, 271, 275,
    276, 277, 278, 279, 281, 287, 299, 303, 309, 310, 314, 317, 327, 329, 336,
    337, 352, 357, 361, 362, 364, 365, 377, 380, 396, 399, 401, 404, 406, 408,
    409, 411, 419, 426, 427, 434, 437, 440, 442, 447, 448, 452, 460, 461, 487,
    491, 503, 508, 517, 519, 523, 526, 528, 531, 540, 549, 556, 562, 570, 574,
    575, 579, 582, 588, 589, 590, 593, 594, 602, 610, 611, 613, 617, 620, 622,
    626, 630, 638, 642, 644, 647, 659, 666, 667, 672, 679, 682, 686, 688, 694,
    700, 701, 707, 709, 711, 712, 717, 721, 725, 732, 741, 743, 746, 748, 751,
    752, 754, 760
[2] 1, 11, 14, 16, 18, 28, 32, 39, 43, 52, 54, 61, 66, 76, 80, 83, 87, 97,
    104, 106, 110, 124, 127, 129, 136, 139, 141, 151, 153, 155, 166, 172, 185,
    192, 194, 215, 221, 233, 236, 238, 240, 242, 245, 247, 252, 254, 269, 286,
    291, 297, 300, 302, 304, 306, 316, 318, 320, 326, 335, 339, 343, 345, 353,
    356, 363, 376, 381, 383, 385, 398, 400, 405, 416, 423, 435, 441, 444, 449,
    457, 465, 470, 479, 488, 490, 494, 498, 516, 518, 522, 525, 527, 533, 535,
    537, 542, 550, 555, 559, 566, 576, 578, 592, 595, 601, 612, 621, 623, 625,
    631, 635, 639, 648, 655, 658, 665, 673, 680, 683, 691, 697, 699, 702, 706,
    708, 710, 720, 726, 731, 740, 742, 750, 753, 756, 759, 765, 769, 777, 780
[3] 3, 6, 8, 20, 23, 25, 30, 36, 41, 46, 63, 69, 74, 93, 95, 99, 102, 114,
    116, 118, 120, 122, 131, 147, 157, 159, 161, 163, 169, 174, 176, 181, 189,
    197, 202, 204, 207, 209, 212, 217, 219, 224, 226, 228, 250, 257, 259, 261,
    264, 266, 273, 280, 282, 284, 293, 295, 308, 311, 313, 328, 332, 341, 347,
    351, 366, 368, 370, 372, 374, 379, 387, 391, 393, 395, 410, 413, 421, 438,
    446, 454, 462, 468, 472, 483, 485, 496, 506, 509, 511, 514, 520, 529, 539,
    546, 557, 571, 580, 583, 587, 597, 599, 604, 606, 609, 616, 619, 628, 637,
    641, 643, 650, 661, 663, 668, 670, 675, 689, 693, 704, 714, 716, 723, 729,
    733, 736, 738, 747, 763, 767, 772, 775, 782
[4] 10, 17, 38, 45, 47, 48, 78, 86, 91, 105, 130, 135, 144, 158, 164, 177,
    182, 196, 198, 199, 201, 213, 220, 227, 229, 230, 232, 253, 256, 272, 274,
    285, 288, 292, 301, 321, 349, 350, 355, 358, 382, 417, 418, 420, 436, 439,
    445, 451, 453, 466, 475, 478, 495, 512, 513, 515, 524, 541, 545, 551, 553,
    569, 572, 573, 584, 585, 603, 607, 615, 618, 636, 660, 662, 664, 684, 692,
    713, 727, 755, 758, 762, 764, 766
[5] 24, 31, 44, 51, 56, 58, 59, 67, 72, 73, 77, 84, 96, 109, 112, 113, 115,
    117, 143, 149, 150, 160, 178, 190, 200, 234, 246, 248, 283, 290, 294, 305,
    312, 315, 325, 331, 333, 344, 390, 394, 403, 425, 430, 464, 474, 481, 489,
    499, 500, 507, 510, 521, 534, 536, 543, 544, 547, 552, 564, 565, 581, 591,
    596, 649, 669, 681, 685, 715, 730, 734, 735, 770, 771, 773, 779, 783

Reassigned labels
Map:
{"Q_0": "Q", "Q_1": "Q", "Q_2": "Q", "Q_3": "Q", "Q_4": "Q", "Q_5": "Q"}
token_fitness
{"perc_fit_traces": 0.0, "average_trace_fitness": 0.9248681052294542, "log_fitness": 0.9264511035315901, "percentage_of_fitting_traces": 0.0}
precision
0.6211376278485555
0.7066666666666667
generalization
0.820810336645314


###### Starting pipeline for 0, Distance.MULTISET_DISTANCE, 1######
Found communities: 

Clustering with 784 elements and 6 clusters
[0] 5, 9, 12, 13, 15, 19, 21, 22, 26, 33, 35, 37, 40, 42, 60, 62, 88, 90, 92,
    100, 103, 108, 111, 121, 126, 128, 133, 137, 140, 146, 152, 154, 165, 167,
    171, 173, 175, 179, 183, 184, 187, 210, 218, 225, 235, 241, 249, 251, 258,
    260, 262, 265, 268, 270, 289, 296, 298, 307, 319, 322, 323, 324, 330, 334,
    338, 340, 342, 346, 348, 354, 359, 360, 367, 369, 371, 373, 375, 378, 384,
    386, 388, 389, 392, 397, 402, 407, 412, 414, 415, 422, 424, 428, 429, 431,
    432, 433, 443, 450, 455, 456, 458, 459, 463, 467, 469, 471, 473, 476, 477,
    480, 482, 484, 486, 492, 493, 497, 501, 502, 504, 505, 530, 532, 538, 548,
    554, 558, 560, 561, 563, 567, 568, 577, 586, 598, 600, 605, 608, 614, 624,
    627, 629, 632, 633, 634, 640, 645, 646, 651, 652, 653, 654, 656, 657, 671,
    674, 676, 677, 678, 687, 690, 695, 696, 698, 703, 705, 718, 719, 722, 724,
    728, 737, 739, 744, 745, 749, 757, 761, 768, 774, 776, 778, 781
[1] 0, 2, 4, 7, 27, 29, 34, 49, 50, 53, 55, 57, 64, 65, 68, 70, 71, 75, 79,
    81, 82, 85, 89, 94, 98, 101, 107, 119, 123, 125, 132, 134, 138, 142, 145,
    148, 156, 162, 168, 170, 180, 186, 188, 191, 193, 195, 203, 205, 206, 208,
    211, 214, 216, 222, 223, 231, 237, 239, 243, 244, 255, 263, 267, 271, 275,
    276, 277, 278, 279, 281, 287, 299, 303, 309, 310, 314, 317, 327, 329, 336,
    337, 352, 357, 361, 362, 364, 365, 377, 380, 396, 399, 401, 404, 406, 408,
    409, 411, 419, 426, 427, 434, 437, 440, 442, 447, 448, 452, 460, 461, 487,
    491, 503, 508, 517, 519, 523, 526, 528, 531, 540, 549, 556, 562, 570, 574,
    575, 579, 582, 588, 589, 590, 593, 594, 602, 610, 611, 613, 617, 620, 622,
    626, 630, 638, 642, 644, 647, 659, 666, 667, 672, 679, 682, 686, 688, 694,
    700, 701, 707, 709, 711, 712, 717, 721, 725, 732, 741, 743, 746, 748, 751,
    752, 754, 760
[2] 1, 11, 14, 16, 18, 28, 32, 39, 43, 52, 54, 61, 66, 76, 80, 83, 87, 97,
    104, 106, 110, 124, 127, 129, 136, 139, 141, 151, 153, 155, 166, 172, 185,
    192, 194, 215, 221, 233, 236, 238, 240, 242, 245, 247, 252, 254, 269, 286,
    291, 297, 300, 302, 304, 306, 316, 318, 320, 326, 335, 339, 343, 345, 353,
    356, 363, 376, 381, 383, 385, 398, 400, 405, 416, 423, 435, 441, 444, 449,
    457, 465, 470, 479, 488, 490, 494, 498, 516, 518, 522, 525, 527, 533, 535,
    537, 542, 550, 555, 559, 566, 576, 578, 592, 595, 601, 612, 621, 623, 625,
    631, 635, 639, 648, 655, 658, 665, 673, 680, 683, 691, 697, 699, 702, 706,
    708, 710, 720, 726, 731, 740, 742, 750, 753, 756, 759, 765, 769, 777, 780
[3] 3, 6, 8, 20, 23, 25, 30, 36, 41, 46, 63, 69, 74, 93, 95, 99, 102, 114,
    116, 118, 120, 122, 131, 147, 157, 159, 161, 163, 169, 174, 176, 181, 189,
    197, 202, 204, 207, 209, 212, 217, 219, 224, 226, 228, 250, 257, 259, 261,
    264, 266, 273, 280, 282, 284, 293, 295, 308, 311, 313, 328, 332, 341, 347,
    351, 366, 368, 370, 372, 374, 379, 387, 391, 393, 395, 410, 413, 421, 438,
    446, 454, 462, 468, 472, 483, 485, 496, 506, 509, 511, 514, 520, 529, 539,
    546, 557, 571, 580, 583, 587, 597, 599, 604, 606, 609, 616, 619, 628, 637,
    641, 643, 650, 661, 663, 668, 670, 675, 689, 693, 704, 714, 716, 723, 729,
    733, 736, 738, 747, 763, 767, 772, 775, 782
[4] 10, 17, 38, 45, 47, 48, 78, 86, 91, 105, 130, 135, 144, 158, 164, 177,
    182, 196, 198, 199, 201, 213, 220, 227, 229, 230, 232, 253, 256, 272, 274,
    285, 288, 292, 301, 321, 349, 350, 355, 358, 382, 417, 418, 420, 436, 439,
    445, 451, 453, 466, 475, 478, 495, 512, 513, 515, 524, 541, 545, 551, 553,
    569, 572, 573, 584, 585, 603, 607, 615, 618, 636, 660, 662, 664, 684, 692,
    713, 727, 755, 758, 762, 764, 766
[5] 24, 31, 44, 51, 56, 58, 59, 67, 72, 73, 77, 84, 96, 109, 112, 113, 115,
    117, 143, 149, 150, 160, 178, 190, 200, 234, 246, 248, 283, 290, 294, 305,
    312, 315, 325, 331, 333, 344, 390, 394, 403, 425, 430, 464, 474, 481, 489,
    499, 500, 507, 510, 521, 534, 536, 543, 544, 547, 552, 564, 565, 581, 591,
    596, 649, 669, 681, 685, 715, 730, 734, 735, 770, 771, 773, 779, 783

Reassigned labels
Map:
{"Q_0": "Q", "Q_1": "Q", "Q_2": "Q", "Q_3": "Q", "Q_4": "Q", "Q_5": "Q"}
token_fitness
{"perc_fit_traces": 0.0, "average_trace_fitness": 0.9248681052294542, "log_fitness": 0.9264511035315901, "percentage_of_fitting_traces": 0.0}
precision
0.6211376278485555
0.7066666666666667
generalization
0.820810336645314


###### Starting pipeline for 0.25, Distance.MULTISET_DISTANCE, 1######
Found communities: 

Clustering with 784 elements and 6 clusters
[0] 5, 9, 12, 13, 15, 19, 21, 22, 26, 33, 35, 37, 40, 42, 60, 62, 88, 90, 92,
    100, 103, 108, 111, 121, 126, 128, 133, 137, 140, 146, 152, 154, 165, 167,
    171, 173, 175, 179, 183, 184, 187, 210, 218, 225, 235, 241, 249, 251, 258,
    260, 262, 265, 268, 270, 289, 296, 298, 307, 319, 322, 323, 324, 330, 334,
    338, 340, 342, 346, 348, 354, 359, 360, 367, 369, 371, 373, 375, 378, 384,
    386, 388, 389, 392, 397, 402, 407, 412, 414, 415, 422, 424, 428, 429, 431,
    432, 433, 443, 450, 455, 456, 458, 459, 463, 467, 469, 471, 473, 476, 477,
    480, 482, 484, 486, 492, 493, 497, 501, 502, 504, 505, 530, 532, 538, 548,
    554, 558, 560, 561, 563, 567, 568, 577, 586, 598, 600, 605, 608, 614, 624,
    627, 629, 632, 633, 634, 640, 645, 646, 651, 652, 653, 654, 656, 657, 671,
    674, 676, 677, 678, 687, 690, 695, 696, 698, 703, 705, 718, 719, 722, 724,
    728, 737, 739, 744, 745, 749, 757, 761, 768, 774, 776, 778, 781
[1] 0, 2, 4, 7, 27, 29, 34, 49, 50, 53, 55, 57, 64, 65, 68, 70, 71, 75, 79,
    81, 82, 85, 89, 94, 98, 101, 107, 119, 123, 125, 132, 134, 138, 142, 145,
    148, 156, 162, 168, 170, 180, 186, 188, 191, 193, 195, 203, 205, 206, 208,
    211, 214, 216, 222, 223, 231, 237, 239, 243, 244, 255, 263, 267, 271, 275,
    276, 277, 278, 279, 281, 287, 299, 303, 309, 310, 314, 317, 327, 329, 336,
    337, 352, 357, 361, 362, 364, 365, 377, 380, 396, 399, 401, 404, 406, 408,
    409, 411, 419, 426, 427, 434, 437, 440, 442, 447, 448, 452, 460, 461, 487,
    491, 503, 508, 517, 519, 523, 526, 528, 531, 540, 549, 556, 562, 570, 574,
    575, 579, 582, 588, 589, 590, 593, 594, 602, 610, 611, 613, 617, 620, 622,
    626, 630, 638, 642, 644, 647, 659, 666, 667, 672, 679, 682, 686, 688, 694,
    700, 701, 707, 709, 711, 712, 717, 721, 725, 732, 741, 743, 746, 748, 751,
    752, 754, 760
[2] 1, 11, 14, 16, 18, 28, 32, 39, 43, 52, 54, 61, 66, 76, 80, 83, 87, 97,
    104, 106, 110, 124, 127, 129, 136, 139, 141, 151, 153, 155, 166, 172, 185,
    192, 194, 215, 221, 233, 236, 238, 240, 242, 245, 247, 252, 254, 269, 286,
    291, 297, 300, 302, 304, 306, 316, 318, 320, 326, 335, 339, 343, 345, 353,
    356, 363, 376, 381, 383, 385, 398, 400, 405, 416, 423, 435, 441, 444, 449,
    457, 465, 470, 479, 488, 490, 494, 498, 516, 518, 522, 525, 527, 533, 535,
    537, 542, 550, 555, 559, 566, 576, 578, 592, 595, 601, 612, 621, 623, 625,
    631, 635, 639, 648, 655, 658, 665, 673, 680, 683, 691, 697, 699, 702, 706,
    708, 710, 720, 726, 731, 740, 742, 750, 753, 756, 759, 765, 769, 777, 780
[3] 3, 6, 8, 20, 23, 25, 30, 36, 41, 46, 63, 69, 74, 93, 95, 99, 102, 114,
    116, 118, 120, 122, 131, 147, 157, 159, 161, 163, 169, 174, 176, 181, 189,
    197, 202, 204, 207, 209, 212, 217, 219, 224, 226, 228, 250, 257, 259, 261,
    264, 266, 273, 280, 282, 284, 293, 295, 308, 311, 313, 328, 332, 341, 347,
    351, 366, 368, 370, 372, 374, 379, 387, 391, 393, 395, 410, 413, 421, 438,
    446, 454, 462, 468, 472, 483, 485, 496, 506, 509, 511, 514, 520, 529, 539,
    546, 557, 571, 580, 583, 587, 597, 599, 604, 606, 609, 616, 619, 628, 637,
    641, 643, 650, 661, 663, 668, 670, 675, 689, 693, 704, 714, 716, 723, 729,
    733, 736, 738, 747, 763, 767, 772, 775, 782
[4] 10, 17, 38, 45, 47, 48, 78, 86, 91, 105, 130, 135, 144, 158, 164, 177,
    182, 196, 198, 199, 201, 213, 220, 227, 229, 230, 232, 253, 256, 272, 274,
    285, 288, 292, 301, 321, 349, 350, 355, 358, 382, 417, 418, 420, 436, 439,
    445, 451, 453, 466, 475, 478, 495, 512, 513, 515, 524, 541, 545, 551, 553,
    569, 572, 573, 584, 585, 603, 607, 615, 618, 636, 660, 662, 664, 684, 692,
    713, 727, 755, 758, 762, 764, 766
[5] 24, 31, 44, 51, 56, 58, 59, 67, 72, 73, 77, 84, 96, 109, 112, 113, 115,
    117, 143, 149, 150, 160, 178, 190, 200, 234, 246, 248, 283, 290, 294, 305,
    312, 315, 325, 331, 333, 344, 390, 394, 403, 425, 430, 464, 474, 481, 489,
    499, 500, 507, 510, 521, 534, 536, 543, 544, 547, 552, 564, 565, 581, 591,
    596, 649, 669, 681, 685, 715, 730, 734, 735, 770, 771, 773, 779, 783

Reassigned labels
Map:
{"Q_0": "Q", "Q_1": "Q", "Q_2": "Q", "Q_3": "Q", "Q_4": "Q", "Q_5": "Q"}
token_fitness
{"perc_fit_traces": 0.0, "average_trace_fitness": 0.9248681052294542, "log_fitness": 0.9264511035315901, "percentage_of_fitting_traces": 0.0}
precision
0.6211376278485555
0.7066666666666667
generalization
0.820810336645314


###### Starting pipeline for 0.5, Distance.MULTISET_DISTANCE, 1######
Found communities: 

Clustering with 784 elements and 6 clusters
[0] 5, 9, 12, 13, 15, 19, 21, 22, 26, 33, 35, 37, 40, 42, 60, 62, 88, 90, 92,
    100, 103, 108, 111, 121, 126, 128, 133, 137, 140, 146, 152, 154, 165, 167,
    171, 173, 175, 179, 183, 184, 187, 210, 218, 225, 235, 241, 249, 251, 258,
    260, 262, 265, 268, 270, 289, 296, 298, 307, 319, 322, 323, 324, 330, 334,
    338, 340, 342, 346, 348, 354, 359, 360, 367, 369, 371, 373, 375, 378, 384,
    386, 388, 389, 392, 397, 402, 407, 412, 414, 415, 422, 424, 428, 429, 431,
    432, 433, 443, 450, 455, 456, 458, 459, 463, 467, 469, 471, 473, 476, 477,
    480, 482, 484, 486, 492, 493, 497, 501, 502, 504, 505, 530, 532, 538, 548,
    554, 558, 560, 561, 563, 567, 568, 577, 586, 598, 600, 605, 608, 614, 624,
    627, 629, 632, 633, 634, 640, 645, 646, 651, 652, 653, 654, 656, 657, 671,
    674, 676, 677, 678, 687, 690, 695, 696, 698, 703, 705, 718, 719, 722, 724,
    728, 737, 739, 744, 745, 749, 757, 761, 768, 774, 776, 778, 781
[1] 0, 2, 4, 7, 27, 29, 34, 49, 50, 53, 55, 57, 64, 65, 68, 70, 71, 75, 79,
    81, 82, 85, 89, 94, 98, 101, 107, 119, 123, 125, 132, 134, 138, 142, 145,
    148, 156, 162, 168, 170, 180, 186, 188, 191, 193, 195, 203, 205, 206, 208,
    211, 214, 216, 222, 223, 231, 237, 239, 243, 244, 255, 263, 267, 271, 275,
    276, 277, 278, 279, 281, 287, 299, 303, 309, 310, 314, 317, 327, 329, 336,
    337, 352, 357, 361, 362, 364, 365, 377, 380, 396, 399, 401, 404, 406, 408,
    409, 411, 419, 426, 427, 434, 437, 440, 442, 447, 448, 452, 460, 461, 487,
    491, 503, 508, 517, 519, 523, 526, 528, 531, 540, 549, 556, 562, 570, 574,
    575, 579, 582, 588, 589, 590, 593, 594, 602, 610, 611, 613, 617, 620, 622,
    626, 630, 638, 642, 644, 647, 659, 666, 667, 672, 679, 682, 686, 688, 694,
    700, 701, 707, 709, 711, 712, 717, 721, 725, 732, 741, 743, 746, 748, 751,
    752, 754, 760
[2] 1, 11, 14, 16, 18, 28, 32, 39, 43, 52, 54, 61, 66, 76, 80, 83, 87, 97,
    104, 106, 110, 124, 127, 129, 136, 139, 141, 151, 153, 155, 166, 172, 185,
    192, 194, 215, 221, 233, 236, 238, 240, 242, 245, 247, 252, 254, 269, 286,
    291, 297, 300, 302, 304, 306, 316, 318, 320, 326, 335, 339, 343, 345, 353,
    356, 363, 376, 381, 383, 385, 398, 400, 405, 416, 423, 435, 441, 444, 449,
    457, 465, 470, 479, 488, 490, 494, 498, 516, 518, 522, 525, 527, 533, 535,
    537, 542, 550, 555, 559, 566, 576, 578, 592, 595, 601, 612, 621, 623, 625,
    631, 635, 639, 648, 655, 658, 665, 673, 680, 683, 691, 697, 699, 702, 706,
    708, 710, 720, 726, 731, 740, 742, 750, 753, 756, 759, 765, 769, 777, 780
[3] 3, 6, 8, 20, 23, 25, 30, 36, 41, 46, 63, 69, 74, 93, 95, 99, 102, 114,
    116, 118, 120, 122, 131, 147, 157, 159, 161, 163, 169, 174, 176, 181, 189,
    197, 202, 204, 207, 209, 212, 217, 219, 224, 226, 228, 250, 257, 259, 261,
    264, 266, 273, 280, 282, 284, 293, 295, 308, 311, 313, 328, 332, 341, 347,
    351, 366, 368, 370, 372, 374, 379, 387, 391, 393, 395, 410, 413, 421, 438,
    446, 454, 462, 468, 472, 483, 485, 496, 506, 509, 511, 514, 520, 529, 539,
    546, 557, 571, 580, 583, 587, 597, 599, 604, 606, 609, 616, 619, 628, 637,
    641, 643, 650, 661, 663, 668, 670, 675, 689, 693, 704, 714, 716, 723, 729,
    733, 736, 738, 747, 763, 767, 772, 775, 782
[4] 10, 17, 38, 45, 47, 48, 78, 86, 91, 105, 130, 135, 144, 158, 164, 177,
    182, 196, 198, 199, 201, 213, 220, 227, 229, 230, 232, 253, 256, 272, 274,
    285, 288, 292, 301, 321, 349, 350, 355, 358, 382, 417, 418, 420, 436, 439,
    445, 451, 453, 466, 475, 478, 495, 512, 513, 515, 524, 541, 545, 551, 553,
    569, 572, 573, 584, 585, 603, 607, 615, 618, 636, 660, 662, 664, 684, 692,
    713, 727, 755, 758, 762, 764, 766
[5] 24, 31, 44, 51, 56, 58, 59, 67, 72, 73, 77, 84, 96, 109, 112, 113, 115,
    117, 143, 149, 150, 160, 178, 190, 200, 234, 246, 248, 283, 290, 294, 305,
    312, 315, 325, 331, 333, 344, 390, 394, 403, 425, 430, 464, 474, 481, 489,
    499, 500, 507, 510, 521, 534, 536, 543, 544, 547, 552, 564, 565, 581, 591,
    596, 649, 669, 681, 685, 715, 730, 734, 735, 770, 771, 773, 779, 783

Reassigned labels
Map:
{"Q_0": "Q", "Q_1": "Q", "Q_2": "Q", "Q_3": "Q", "Q_4": "Q", "Q_5": "Q"}
token_fitness
{"perc_fit_traces": 0.0, "average_trace_fitness": 0.9248681052294542, "log_fitness": 0.9264511035315901, "percentage_of_fitting_traces": 0.0}
precision
0.6211376278485555
0.7066666666666667
generalization
0.820810336645314


###### Starting pipeline for 0.75, Distance.MULTISET_DISTANCE, 1######
Found communities: 

Clustering with 784 elements and 6 clusters
[0] 5, 9, 12, 13, 15, 19, 21, 22, 26, 33, 35, 37, 40, 42, 60, 62, 88, 90, 92,
    100, 103, 108, 111, 121, 126, 128, 133, 137, 140, 146, 152, 154, 165, 167,
    171, 173, 175, 179, 183, 184, 187, 210, 218, 225, 235, 241, 249, 251, 258,
    260, 262, 265, 268, 270, 289, 296, 298, 307, 319, 322, 323, 324, 330, 334,
    338, 340, 342, 346, 348, 354, 359, 360, 367, 369, 371, 373, 375, 378, 384,
    386, 388, 389, 392, 397, 402, 407, 412, 414, 415, 422, 424, 428, 429, 431,
    432, 433, 443, 450, 455, 456, 458, 459, 463, 467, 469, 471, 473, 476, 477,
    480, 482, 484, 486, 492, 493, 497, 501, 502, 504, 505, 530, 532, 538, 548,
    554, 558, 560, 561, 563, 567, 568, 577, 586, 598, 600, 605, 608, 614, 624,
    627, 629, 632, 633, 634, 640, 645, 646, 651, 652, 653, 654, 656, 657, 671,
    674, 676, 677, 678, 687, 690, 695, 696, 698, 703, 705, 718, 719, 722, 724,
    728, 737, 739, 744, 745, 749, 757, 761, 768, 774, 776, 778, 781
[1] 0, 2, 4, 7, 27, 29, 34, 49, 50, 53, 55, 57, 64, 65, 68, 70, 71, 75, 79,
    81, 82, 85, 89, 94, 98, 101, 107, 119, 123, 125, 132, 134, 138, 142, 145,
    148, 156, 162, 168, 170, 180, 186, 188, 191, 193, 195, 203, 205, 206, 208,
    211, 214, 216, 222, 223, 231, 237, 239, 243, 244, 255, 263, 267, 271, 275,
    276, 277, 278, 279, 281, 287, 299, 303, 309, 310, 314, 317, 327, 329, 336,
    337, 352, 357, 361, 362, 364, 365, 377, 380, 396, 399, 401, 404, 406, 408,
    409, 411, 419, 426, 427, 434, 437, 440, 442, 447, 448, 452, 460, 461, 487,
    491, 503, 508, 517, 519, 523, 526, 528, 531, 540, 549, 556, 562, 570, 574,
    575, 579, 582, 588, 589, 590, 593, 594, 602, 610, 611, 613, 617, 620, 622,
    626, 630, 638, 642, 644, 647, 659, 666, 667, 672, 679, 682, 686, 688, 694,
    700, 701, 707, 709, 711, 712, 717, 721, 725, 732, 741, 743, 746, 748, 751,
    752, 754, 760
[2] 1, 11, 14, 16, 18, 28, 32, 39, 43, 52, 54, 61, 66, 76, 80, 83, 87, 97,
    104, 106, 110, 124, 127, 129, 136, 139, 141, 151, 153, 155, 166, 172, 185,
    192, 194, 215, 221, 233, 236, 238, 240, 242, 245, 247, 252, 254, 269, 286,
    291, 297, 300, 302, 304, 306, 316, 318, 320, 326, 335, 339, 343, 345, 353,
    356, 363, 376, 381, 383, 385, 398, 400, 405, 416, 423, 435, 441, 444, 449,
    457, 465, 470, 479, 488, 490, 494, 498, 516, 518, 522, 525, 527, 533, 535,
    537, 542, 550, 555, 559, 566, 576, 578, 592, 595, 601, 612, 621, 623, 625,
    631, 635, 639, 648, 655, 658, 665, 673, 680, 683, 691, 697, 699, 702, 706,
    708, 710, 720, 726, 731, 740, 742, 750, 753, 756, 759, 765, 769, 777, 780
[3] 3, 6, 8, 20, 23, 25, 30, 36, 41, 46, 63, 69, 74, 93, 95, 99, 102, 114,
    116, 118, 120, 122, 131, 147, 157, 159, 161, 163, 169, 174, 176, 181, 189,
    197, 202, 204, 207, 209, 212, 217, 219, 224, 226, 228, 250, 257, 259, 261,
    264, 266, 273, 280, 282, 284, 293, 295, 308, 311, 313, 328, 332, 341, 347,
    351, 366, 368, 370, 372, 374, 379, 387, 391, 393, 395, 410, 413, 421, 438,
    446, 454, 462, 468, 472, 483, 485, 496, 506, 509, 511, 514, 520, 529, 539,
    546, 557, 571, 580, 583, 587, 597, 599, 604, 606, 609, 616, 619, 628, 637,
    641, 643, 650, 661, 663, 668, 670, 675, 689, 693, 704, 714, 716, 723, 729,
    733, 736, 738, 747, 763, 767, 772, 775, 782
[4] 10, 17, 38, 45, 47, 48, 78, 86, 91, 105, 130, 135, 144, 158, 164, 177,
    182, 196, 198, 199, 201, 213, 220, 227, 229, 230, 232, 253, 256, 272, 274,
    285, 288, 292, 301, 321, 349, 350, 355, 358, 382, 417, 418, 420, 436, 439,
    445, 451, 453, 466, 475, 478, 495, 512, 513, 515, 524, 541, 545, 551, 553,
    569, 572, 573, 584, 585, 603, 607, 615, 618, 636, 660, 662, 664, 684, 692,
    713, 727, 755, 758, 762, 764, 766
[5] 24, 31, 44, 51, 56, 58, 59, 67, 72, 73, 77, 84, 96, 109, 112, 113, 115,
    117, 143, 149, 150, 160, 178, 190, 200, 234, 246, 248, 283, 290, 294, 305,
    312, 315, 325, 331, 333, 344, 390, 394, 403, 425, 430, 464, 474, 481, 489,
    499, 500, 507, 510, 521, 534, 536, 543, 544, 547, 552, 564, 565, 581, 591,
    596, 649, 669, 681, 685, 715, 730, 734, 735, 770, 771, 773, 779, 783

Reassigned labels
Map:
{"Q_0": "Q", "Q_1": "Q", "Q_2": "Q", "Q_3": "Q", "Q_4": "Q", "Q_5": "Q"}
token_fitness
{"perc_fit_traces": 0.0, "average_trace_fitness": 0.9248681052294542, "log_fitness": 0.9264511035315901, "percentage_of_fitting_traces": 0.0}
precision
0.6211376278485555
0.7066666666666667
generalization
0.820810336645314


###### Starting pipeline for 1, Distance.MULTISET_DISTANCE, 1######
Found communities: 

Clustering with 784 elements and 6 clusters
[0] 5, 9, 12, 13, 15, 19, 21, 22, 26, 33, 35, 37, 40, 42, 60, 62, 88, 90, 92,
    100, 103, 108, 111, 121, 126, 128, 133, 137, 140, 146, 152, 154, 165, 167,
    171, 173, 175, 179, 183, 184, 187, 210, 218, 225, 235, 241, 249, 251, 258,
    260, 262, 265, 268, 270, 289, 296, 298, 307, 319, 322, 323, 324, 330, 334,
    338, 340, 342, 346, 348, 354, 359, 360, 367, 369, 371, 373, 375, 378, 384,
    386, 388, 389, 392, 397, 402, 407, 412, 414, 415, 422, 424, 428, 429, 431,
    432, 433, 443, 450, 455, 456, 458, 459, 463, 467, 469, 471, 473, 476, 477,
    480, 482, 484, 486, 492, 493, 497, 501, 502, 504, 505, 530, 532, 538, 548,
    554, 558, 560, 561, 563, 567, 568, 577, 586, 598, 600, 605, 608, 614, 624,
    627, 629, 632, 633, 634, 640, 645, 646, 651, 652, 653, 654, 656, 657, 671,
    674, 676, 677, 678, 687, 690, 695, 696, 698, 703, 705, 718, 719, 722, 724,
    728, 737, 739, 744, 745, 749, 757, 761, 768, 774, 776, 778, 781
[1] 0, 2, 4, 7, 27, 29, 34, 49, 50, 53, 55, 57, 64, 65, 68, 70, 71, 75, 79,
    81, 82, 85, 89, 94, 98, 101, 107, 119, 123, 125, 132, 134, 138, 142, 145,
    148, 156, 162, 168, 170, 180, 186, 188, 191, 193, 195, 203, 205, 206, 208,
    211, 214, 216, 222, 223, 231, 237, 239, 243, 244, 255, 263, 267, 271, 275,
    276, 277, 278, 279, 281, 287, 299, 303, 309, 310, 314, 317, 327, 329, 336,
    337, 352, 357, 361, 362, 364, 365, 377, 380, 396, 399, 401, 404, 406, 408,
    409, 411, 419, 426, 427, 434, 437, 440, 442, 447, 448, 452, 460, 461, 487,
    491, 503, 508, 517, 519, 523, 526, 528, 531, 540, 549, 556, 562, 570, 574,
    575, 579, 582, 588, 589, 590, 593, 594, 602, 610, 611, 613, 617, 620, 622,
    626, 630, 638, 642, 644, 647, 659, 666, 667, 672, 679, 682, 686, 688, 694,
    700, 701, 707, 709, 711, 712, 717, 721, 725, 732, 741, 743, 746, 748, 751,
    752, 754, 760
[2] 1, 11, 14, 16, 18, 28, 32, 39, 43, 52, 54, 61, 66, 76, 80, 83, 87, 97,
    104, 106, 110, 124, 127, 129, 136, 139, 141, 151, 153, 155, 166, 172, 185,
    192, 194, 215, 221, 233, 236, 238, 240, 242, 245, 247, 252, 254, 269, 286,
    291, 297, 300, 302, 304, 306, 316, 318, 320, 326, 335, 339, 343, 345, 353,
    356, 363, 376, 381, 383, 385, 398, 400, 405, 416, 423, 435, 441, 444, 449,
    457, 465, 470, 479, 488, 490, 494, 498, 516, 518, 522, 525, 527, 533, 535,
    537, 542, 550, 555, 559, 566, 576, 578, 592, 595, 601, 612, 621, 623, 625,
    631, 635, 639, 648, 655, 658, 665, 673, 680, 683, 691, 697, 699, 702, 706,
    708, 710, 720, 726, 731, 740, 742, 750, 753, 756, 759, 765, 769, 777, 780
[3] 3, 6, 8, 20, 23, 25, 30, 36, 41, 46, 63, 69, 74, 93, 95, 99, 102, 114,
    116, 118, 120, 122, 131, 147, 157, 159, 161, 163, 169, 174, 176, 181, 189,
    197, 202, 204, 207, 209, 212, 217, 219, 224, 226, 228, 250, 257, 259, 261,
    264, 266, 273, 280, 282, 284, 293, 295, 308, 311, 313, 328, 332, 341, 347,
    351, 366, 368, 370, 372, 374, 379, 387, 391, 393, 395, 410, 413, 421, 438,
    446, 454, 462, 468, 472, 483, 485, 496, 506, 509, 511, 514, 520, 529, 539,
    546, 557, 571, 580, 583, 587, 597, 599, 604, 606, 609, 616, 619, 628, 637,
    641, 643, 650, 661, 663, 668, 670, 675, 689, 693, 704, 714, 716, 723, 729,
    733, 736, 738, 747, 763, 767, 772, 775, 782
[4] 10, 17, 38, 45, 47, 48, 78, 86, 91, 105, 130, 135, 144, 158, 164, 177,
    182, 196, 198, 199, 201, 213, 220, 227, 229, 230, 232, 253, 256, 272, 274,
    285, 288, 292, 301, 321, 349, 350, 355, 358, 382, 417, 418, 420, 436, 439,
    445, 451, 453, 466, 475, 478, 495, 512, 513, 515, 524, 541, 545, 551, 553,
    569, 572, 573, 584, 585, 603, 607, 615, 618, 636, 660, 662, 664, 684, 692,
    713, 727, 755, 758, 762, 764, 766
[5] 24, 31, 44, 51, 56, 58, 59, 67, 72, 73, 77, 84, 96, 109, 112, 113, 115,
    117, 143, 149, 150, 160, 178, 190, 200, 234, 246, 248, 283, 290, 294, 305,
    312, 315, 325, 331, 333, 344, 390, 394, 403, 425, 430, 464, 474, 481, 489,
    499, 500, 507, 510, 521, 534, 536, 543, 544, 547, 552, 564, 565, 581, 591,
    596, 649, 669, 681, 685, 715, 730, 734, 735, 770, 771, 773, 779, 783

Reassigned labels
Map:
{"Q_0": "Q", "Q_1": "Q", "Q_2": "Q", "Q_3": "Q", "Q_4": "Q", "Q_5": "Q"}
token_fitness
{"perc_fit_traces": 0.0, "average_trace_fitness": 0.9248681052294542, "log_fitness": 0.9264511035315901, "percentage_of_fitting_traces": 0.0}
precision
0.6211376278485555
0.7066666666666667
generalization
0.820810336645314


###### Starting pipeline for 0, Distance.EDIT_DISTANCE, 3######
Found communities: 

Clustering with 784 elements and 3 clusters
[0] 1, 3, 6, 8, 11, 14, 16, 18, 20, 23, 25, 28, 30, 32, 36, 39, 41, 43, 46,
    52, 54, 61, 63, 66, 69, 74, 76, 80, 83, 87, 93, 95, 97, 99, 102, 104, 106,
    110, 114, 116, 118, 120, 122, 124, 127, 129, 131, 136, 139, 141, 147, 151,
    153, 155, 157, 159, 161, 163, 166, 169, 172, 174, 176, 181, 185, 189, 192,
    194, 197, 202, 204, 207, 209, 212, 215, 217, 219, 221, 224, 226, 228, 233,
    236, 238, 240, 242, 245, 247, 250, 252, 254, 257, 259, 261, 264, 266, 269,
    273, 280, 282, 284, 286, 291, 293, 295, 297, 300, 302, 304, 306, 308, 311,
    313, 316, 318, 320, 326, 328, 332, 335, 339, 341, 343, 345, 347, 351, 353,
    356, 363, 366, 368, 370, 372, 374, 376, 379, 381, 383, 385, 387, 391, 393,
    395, 398, 400, 405, 410, 413, 416, 421, 423, 435, 438, 441, 444, 446, 449,
    454, 457, 462, 465, 468, 470, 472, 479, 483, 485, 488, 490, 494, 496, 498,
    506, 509, 511, 514, 516, 518, 520, 522, 525, 527, 529, 533, 535, 537, 539,
    542, 546, 550, 555, 557, 559, 566, 571, 576, 578, 580, 583, 587, 592, 595,
    597, 599, 601, 604, 606, 609, 612, 616, 619, 621, 623, 625, 628, 631, 635,
    637, 639, 641, 643, 648, 650, 655, 658, 661, 663, 665, 668, 670, 673, 675,
    680, 683, 689, 691, 693, 697, 699, 702, 704, 706, 708, 710, 714, 716, 720,
    723, 726, 729, 731, 733, 736, 738, 740, 742, 747, 750, 753, 756, 759, 763,
    765, 767, 769, 772, 775, 777, 780, 782
[1] 5, 9, 12, 13, 15, 19, 21, 22, 24, 26, 31, 33, 35, 37, 40, 42, 44, 51, 56,
    58, 59, 60, 62, 67, 72, 73, 77, 84, 88, 90, 92, 96, 100, 103, 108, 109,
    111, 112, 113, 115, 117, 121, 126, 128, 133, 137, 140, 143, 146, 149, 150,
    152, 154, 160, 165, 167, 171, 173, 175, 178, 179, 183, 184, 187, 190, 200,
    210, 218, 225, 234, 235, 241, 246, 248, 249, 251, 258, 260, 262, 265, 268,
    270, 283, 289, 290, 294, 296, 298, 305, 307, 312, 315, 319, 322, 323, 324,
    325, 330, 331, 333, 334, 338, 340, 342, 344, 346, 348, 354, 359, 360, 367,
    369, 371, 373, 375, 378, 384, 386, 388, 389, 390, 392, 394, 397, 402, 403,
    407, 412, 414, 415, 422, 424, 425, 428, 429, 430, 431, 432, 433, 443, 450,
    455, 456, 458, 459, 463, 464, 467, 469, 471, 473, 474, 476, 477, 480, 481,
    482, 484, 486, 489, 492, 493, 497, 499, 500, 501, 502, 504, 505, 507, 510,
    521, 530, 532, 534, 536, 538, 543, 544, 547, 548, 552, 554, 558, 560, 561,
    563, 564, 565, 567, 568, 577, 581, 586, 591, 596, 598, 600, 605, 608, 614,
    624, 627, 629, 632, 633, 634, 640, 645, 646, 649, 651, 652, 653, 654, 656,
    657, 669, 671, 674, 676, 677, 678, 681, 685, 687, 690, 695, 696, 698, 703,
    705, 715, 718, 719, 722, 724, 728, 730, 734, 735, 737, 739, 744, 745, 749,
    757, 761, 768, 770, 771, 773, 774, 776, 778, 779, 781, 783
[2] 0, 2, 4, 7, 10, 17, 27, 29, 34, 38, 45, 47, 48, 49, 50, 53, 55, 57, 64,
    65, 68, 70, 71, 75, 78, 79, 81, 82, 85, 86, 89, 91, 94, 98, 101, 105, 107,
    119, 123, 125, 130, 132, 134, 135, 138, 142, 144, 145, 148, 156, 158, 162,
    164, 168, 170, 177, 180, 182, 186, 188, 191, 193, 195, 196, 198, 199, 201,
    203, 205, 206, 208, 211, 213, 214, 216, 220, 222, 223, 227, 229, 230, 231,
    232, 237, 239, 243, 244, 253, 255, 256, 263, 267, 271, 272, 274, 275, 276,
    277, 278, 279, 281, 285, 287, 288, 292, 299, 301, 303, 309, 310, 314, 317,
    321, 327, 329, 336, 337, 349, 350, 352, 355, 357, 358, 361, 362, 364, 365,
    377, 380, 382, 396, 399, 401, 404, 406, 408, 409, 411, 417, 418, 419, 420,
    426, 427, 434, 436, 437, 439, 440, 442, 445, 447, 448, 451, 452, 453, 460,
    461, 466, 475, 478, 487, 491, 495, 503, 508, 512, 513, 515, 517, 519, 523,
    524, 526, 528, 531, 540, 541, 545, 549, 551, 553, 556, 562, 569, 570, 572,
    573, 574, 575, 579, 582, 584, 585, 588, 589, 590, 593, 594, 602, 603, 607,
    610, 611, 613, 615, 617, 618, 620, 622, 626, 630, 636, 638, 642, 644, 647,
    659, 660, 662, 664, 666, 667, 672, 679, 682, 684, 686, 688, 692, 694, 700,
    701, 707, 709, 711, 712, 713, 717, 721, 725, 727, 732, 741, 743, 746, 748,
    751, 752, 754, 755, 758, 760, 762, 764, 766

Reassigned labels
Map:
{"Q_0": "Q", "Q_1": "Q", "Q_2": "Q"}
token_fitness
{"perc_fit_traces": 0.0, "average_trace_fitness": 0.9248681052294542, "log_fitness": 0.9264511035315901, "percentage_of_fitting_traces": 0.0}
precision
0.6211376278485555
0.7066666666666667
generalization
0.820810336645314


###### Starting pipeline for 0.25, Distance.EDIT_DISTANCE, 3######
Found communities: 

Clustering with 784 elements and 3 clusters
[0] 1, 3, 6, 8, 11, 14, 16, 18, 20, 23, 25, 28, 30, 32, 36, 39, 41, 43, 46,
    52, 54, 61, 63, 66, 69, 74, 76, 80, 83, 87, 93, 95, 97, 99, 102, 104, 106,
    110, 114, 116, 118, 120, 122, 124, 127, 129, 131, 136, 139, 141, 147, 151,
    153, 155, 157, 159, 161, 163, 166, 169, 172, 174, 176, 181, 185, 189, 192,
    194, 197, 202, 204, 207, 209, 212, 215, 217, 219, 221, 224, 226, 228, 233,
    236, 238, 240, 242, 245, 247, 250, 252, 254, 257, 259, 261, 264, 266, 269,
    273, 280, 282, 284, 286, 291, 293, 295, 297, 300, 302, 304, 306, 308, 311,
    313, 316, 318, 320, 326, 328, 332, 335, 339, 341, 343, 345, 347, 351, 353,
    356, 363, 366, 368, 370, 372, 374, 376, 379, 381, 383, 385, 387, 391, 393,
    395, 398, 400, 405, 410, 413, 416, 421, 423, 435, 438, 441, 444, 446, 449,
    454, 457, 462, 465, 468, 470, 472, 479, 483, 485, 488, 490, 494, 496, 498,
    506, 509, 511, 514, 516, 518, 520, 522, 525, 527, 529, 533, 535, 537, 539,
    542, 546, 550, 555, 557, 559, 566, 571, 576, 578, 580, 583, 587, 592, 595,
    597, 599, 601, 604, 606, 609, 612, 616, 619, 621, 623, 625, 628, 631, 635,
    637, 639, 641, 643, 648, 650, 655, 658, 661, 663, 665, 668, 670, 673, 675,
    680, 683, 689, 691, 693, 697, 699, 702, 704, 706, 708, 710, 714, 716, 720,
    723, 726, 729, 731, 733, 736, 738, 740, 742, 747, 750, 753, 756, 759, 763,
    765, 767, 769, 772, 775, 777, 780, 782
[1] 5, 9, 12, 13, 15, 19, 21, 22, 24, 26, 31, 33, 35, 37, 40, 42, 44, 51, 56,
    58, 59, 60, 62, 67, 72, 73, 77, 84, 88, 90, 92, 96, 100, 103, 108, 109,
    111, 112, 113, 115, 117, 121, 126, 128, 133, 137, 140, 143, 146, 149, 150,
    152, 154, 160, 165, 167, 171, 173, 175, 178, 179, 183, 184, 187, 190, 200,
    210, 218, 225, 234, 235, 241, 246, 248, 249, 251, 258, 260, 262, 265, 268,
    270, 283, 289, 290, 294, 296, 298, 305, 307, 312, 315, 319, 322, 323, 324,
    325, 330, 331, 333, 334, 338, 340, 342, 344, 346, 348, 354, 359, 360, 367,
    369, 371, 373, 375, 378, 384, 386, 388, 389, 390, 392, 394, 397, 402, 403,
    407, 412, 414, 415, 422, 424, 425, 428, 429, 430, 431, 432, 433, 443, 450,
    455, 456, 458, 459, 463, 464, 467, 469, 471, 473, 474, 476, 477, 480, 481,
    482, 484, 486, 489, 492, 493, 497, 499, 500, 501, 502, 504, 505, 507, 510,
    521, 530, 532, 534, 536, 538, 543, 544, 547, 548, 552, 554, 558, 560, 561,
    563, 564, 565, 567, 568, 577, 581, 586, 591, 596, 598, 600, 605, 608, 614,
    624, 627, 629, 632, 633, 634, 640, 645, 646, 649, 651, 652, 653, 654, 656,
    657, 669, 671, 674, 676, 677, 678, 681, 685, 687, 690, 695, 696, 698, 703,
    705, 715, 718, 719, 722, 724, 728, 730, 734, 735, 737, 739, 744, 745, 749,
    757, 761, 768, 770, 771, 773, 774, 776, 778, 779, 781, 783
[2] 0, 2, 4, 7, 10, 17, 27, 29, 34, 38, 45, 47, 48, 49, 50, 53, 55, 57, 64,
    65, 68, 70, 71, 75, 78, 79, 81, 82, 85, 86, 89, 91, 94, 98, 101, 105, 107,
    119, 123, 125, 130, 132, 134, 135, 138, 142, 144, 145, 148, 156, 158, 162,
    164, 168, 170, 177, 180, 182, 186, 188, 191, 193, 195, 196, 198, 199, 201,
    203, 205, 206, 208, 211, 213, 214, 216, 220, 222, 223, 227, 229, 230, 231,
    232, 237, 239, 243, 244, 253, 255, 256, 263, 267, 271, 272, 274, 275, 276,
    277, 278, 279, 281, 285, 287, 288, 292, 299, 301, 303, 309, 310, 314, 317,
    321, 327, 329, 336, 337, 349, 350, 352, 355, 357, 358, 361, 362, 364, 365,
    377, 380, 382, 396, 399, 401, 404, 406, 408, 409, 411, 417, 418, 419, 420,
    426, 427, 434, 436, 437, 439, 440, 442, 445, 447, 448, 451, 452, 453, 460,
    461, 466, 475, 478, 487, 491, 495, 503, 508, 512, 513, 515, 517, 519, 523,
    524, 526, 528, 531, 540, 541, 545, 549, 551, 553, 556, 562, 569, 570, 572,
    573, 574, 575, 579, 582, 584, 585, 588, 589, 590, 593, 594, 602, 603, 607,
    610, 611, 613, 615, 617, 618, 620, 622, 626, 630, 636, 638, 642, 644, 647,
    659, 660, 662, 664, 666, 667, 672, 679, 682, 684, 686, 688, 692, 694, 700,
    701, 707, 709, 711, 712, 713, 717, 721, 725, 727, 732, 741, 743, 746, 748,
    751, 752, 754, 755, 758, 760, 762, 764, 766

Reassigned labels
Map:
{"Q_0": "Q", "Q_1": "Q", "Q_2": "Q"}
token_fitness
{"perc_fit_traces": 0.0, "average_trace_fitness": 0.9248681052294542, "log_fitness": 0.9264511035315901, "percentage_of_fitting_traces": 0.0}
