
 Performance of golden standard model:
token_fitness
{"perc_fit_traces": 21.4, "average_trace_fitness": 0.8418492108086518, "log_fitness": 0.8394317483755186, "percentage_of_fitting_traces": 21.4}
precision
0.9989732356766376
0.7534246575342466
generalization
0.8832538113437822

 Xixi split labels:
['A_X_1']

 Xixi refined log results:

 IM without noise threshold:
token_fitness
{"perc_fit_traces": 100.0, "average_trace_fitness": 1.0, "log_fitness": 1.0, "percentage_of_fitting_traces": 100.0}
precision
0.4470482116230694
0.7073170731707318
generalization
0.9559450263105704

 Xixi clustering:
Clustering with 1017 elements and 2 clusters

[1] 0, 1, 2, 3, 4, 5, 6, 7, 8, 9, 10, 11, 12, 13, 14, 15, 16, 17, 18, 19, 20,
    21, 22, 23, 24, 25, 26, 27, 28, 29, 30, 31, 32, 33, 34, 35, 36, 37, 38,
    39, 40, 41, 42, 43, 44, 45, 46, 47, 48, 49, 50, 51, 52, 53, 54, 55, 56,
    57, 58, 59, 60, 61, 62, 63, 64, 65, 66, 67, 68, 69, 70, 71, 72, 73, 74,
    75, 76, 77, 78, 79, 80, 81, 82, 83, 84, 85, 86, 87, 88, 89, 90, 91, 92,
    93, 94, 95, 96, 97, 98, 99, 100, 101, 102, 103, 104, 105, 106, 107, 108,
    109, 110, 111, 112, 113, 114, 115, 116, 117, 118, 119, 120, 121, 122, 123,
    124, 125, 126, 127, 128, 129, 130, 131, 132, 133, 134, 135, 136, 137, 138,
    139, 140, 141, 142, 143, 144, 145, 146, 147, 148, 149, 150, 151, 152, 153,
    154, 155, 156, 157, 158, 159, 160, 161, 162, 163, 164, 165, 166, 167, 168,
    169, 170, 171, 172, 173, 174, 175, 176, 177, 178, 179, 180, 181, 182, 183,
    184, 185, 186, 187, 188, 189, 190, 191, 192, 193, 194, 195, 196, 197, 198,
    199, 200, 201, 202, 203, 204, 205, 206, 207, 208, 209, 210, 211, 212, 213,
    214, 215, 216, 217, 218, 219, 220, 221, 222, 223, 224, 225, 226, 227, 228,
    229, 230, 231, 232, 233, 234, 235, 236, 237, 238, 239, 240, 241, 242, 243,
    244, 245, 246, 247, 248, 249, 250, 251, 252, 253, 254, 255, 256, 257, 258,
    259, 260, 261, 262, 263, 264, 265, 266, 267, 268, 269, 270, 271, 272, 273,
    274, 275, 276, 277, 278, 279, 280, 281, 282, 283, 284, 285, 286, 287, 288,
    289, 290, 291, 292, 293, 294, 295, 296, 297, 298, 299, 300, 301, 302, 303,
    304, 305, 306, 307, 308, 309, 310, 311, 312, 313, 314, 315, 316, 317, 318,
    319, 320, 321, 322, 323, 324, 325, 326, 327, 328, 329, 330, 331, 332, 333,
    334, 335, 336, 337, 338, 339, 340, 341, 342, 343, 344, 345, 346, 347, 348,
    349, 350, 351, 352, 353, 354, 355, 356, 357, 358, 359, 360, 361, 362, 363,
    364, 365, 366, 367, 368, 369, 370, 371, 372, 373, 374, 375, 376, 377, 378,
    379, 380, 381, 382, 383, 384, 385, 386, 387, 388, 389, 390, 391, 392, 393,
    394, 395, 396, 397, 398, 399, 400, 401, 402, 403, 404, 405, 406, 407, 408,
    409, 410, 411, 412, 413, 414, 415, 416, 417, 418, 419, 420, 421, 422, 423,
    424, 425, 426, 427, 428, 429, 430, 431, 432, 433, 434, 435, 436, 437, 438,
    439, 440, 441, 442, 443, 444, 445, 446, 447, 448, 449, 450, 451, 452, 453,
    454, 455, 456, 457, 458, 459, 460, 461, 462, 463, 464, 465, 466, 467, 468,
    469, 470, 471, 472, 473, 474, 475, 476, 477, 478, 479, 480, 481, 482, 483,
    484, 485, 486, 487, 488, 489, 490, 491, 492, 493, 494, 495, 496, 497, 498,
    499, 500, 501, 502, 503, 504, 505, 506, 507, 508, 509, 510, 511, 512, 513,
    514, 515, 516, 517, 518, 519, 520, 521, 522, 523, 524, 525, 526, 527, 528,
    529, 530, 531, 532, 533, 534, 535, 536, 537, 538, 539, 540, 541, 542, 543,
    544, 545, 546, 547, 548, 549, 550, 551, 552, 553, 554, 555, 556, 557, 558,
    559, 560, 561, 562, 563, 564, 565, 566, 567, 568, 569, 570, 571, 572, 573,
    574, 575, 576, 577, 578, 579, 580, 581, 582, 583, 584, 585, 586, 587, 588,
    589, 590, 591, 592, 593, 594, 595, 596, 597, 598, 599, 600, 601, 602, 603,
    604, 605, 606, 607, 608, 609, 610, 611, 612, 613, 614, 615, 616, 617, 618,
    619, 620, 621, 622, 623, 624, 625, 626, 627, 628, 629, 630, 631, 632, 633,
    634, 635, 636, 637, 638, 639, 640, 641, 642, 643, 644, 645, 646, 647, 648,
    649, 650, 651, 652, 653, 654, 655, 656, 657, 658, 659, 660, 661, 662, 663,
    664, 665, 666, 667, 668, 669, 670, 671, 672, 673, 674, 675, 676, 677, 678,
    679, 680, 681, 682, 683, 684, 685, 686, 687, 688, 689, 690, 691, 692, 693,
    694, 695, 696, 697, 698, 699, 700, 701, 702, 703, 704, 705, 706, 707, 708,
    709, 710, 711, 712, 713, 714, 715, 716, 717, 718, 719, 720, 721, 722, 723,
    724, 725, 726, 727, 728, 729, 730, 731, 732, 733, 734, 735, 736, 737, 738,
    739, 740, 741, 742, 743, 744, 745, 746, 747, 748, 749, 750, 751, 752, 753,
    754, 755, 756, 757, 758, 759, 760, 761, 762, 763, 764, 765, 766, 767, 768,
    769, 770, 771, 772, 773, 774, 775, 776, 777, 778, 779, 780, 781, 782, 783,
    784, 785, 786, 787, 788, 789, 790, 791, 792, 793, 794, 795, 796, 797, 798,
    799, 800, 801, 802, 803, 804, 805, 806, 807, 808, 809, 810, 811, 812, 813,
    814, 815, 816, 817, 818, 819, 820, 821, 822, 823, 824, 825, 826, 827, 828,
    829, 830, 831, 832, 833, 834, 835, 836, 837, 838, 839, 840, 841, 842, 843,
    844, 845, 846, 847, 848, 849, 850, 851, 852, 853, 854, 855, 856, 857, 858,
    859, 860, 861, 862, 863, 864, 865, 866, 867, 868, 869, 870, 871, 872, 873,
    874, 875, 876, 877, 878, 879, 880, 881, 882, 883, 884, 885, 886, 887, 888,
    889, 890, 891, 892, 893, 894, 895, 896, 897, 898, 899, 900, 901, 902, 903,
    904, 905, 906, 907, 908, 909, 910, 911, 912, 913, 914, 915, 916, 917, 918,
    919, 920, 921, 922, 923, 924, 925, 926, 927, 928, 929, 930, 931, 932, 933,
    934, 935, 936, 937, 938, 939, 940, 941, 942, 943, 944, 945, 946, 947, 948,
    949, 950, 951, 952, 953, 954, 955, 956, 957, 958, 959, 960, 961, 962, 963,
    964, 965, 966, 967, 968, 969, 970, 971, 972, 973, 974, 975, 976, 977, 978,
    979, 980, 981, 982, 983, 984, 985, 986, 987, 988, 989, 990, 991, 992, 993,
    994, 995, 996, 997, 998, 999, 1000, 1001, 1002, 1003, 1004, 1005, 1006,
    1007, 1008, 1009, 1010, 1011, 1012, 1013, 1014, 1015, 1016

 Data from log without imprecise labels

 IM without noise threshold:
token_fitness
{"perc_fit_traces": 100.0, "average_trace_fitness": 1.0, "log_fitness": 1.0, "percentage_of_fitting_traces": 100.0}
precision
0.9744402535912046
0.7534246575342466
generalization
0.9536544428873577

 Original Labels:
['A', 'I', 'S', 'J']

 Ground truth clustering clustering:
Clustering with 1017 elements and 4 clusters
[0] 3, 13, 23, 51, 55, 59, 63, 73, 113, 132, 145, 164, 174, 193, 197, 207,
    238, 242, 270, 361, 422, 498, 505, 515, 567, 574, 632, 744, 817, 863, 897,
    922, 983
[1] 0, 4, 7, 10, 14, 17, 20, 24, 27, 30, 33, 36, 39, 42, 45, 48, 52, 56, 60,
    64, 67, 70, 74, 77, 80, 83, 86, 89, 92, 95, 98, 101, 104, 107, 110, 114,
    117, 120, 123, 126, 129, 133, 136, 139, 142, 146, 149, 152, 155, 158, 161,
    165, 168, 171, 175, 178, 181, 184, 187, 190, 194, 198, 201, 204, 208, 211,
    214, 217, 220, 223, 226, 229, 232, 235, 239, 243, 246, 249, 252, 255, 258,
    261, 264, 267, 271, 274, 277, 280, 283, 286, 289, 292, 295, 298, 301, 304,
    307, 310, 313, 316, 319, 322, 325, 328, 331, 334, 337, 340, 343, 346, 349,
    352, 355, 358, 362, 365, 368, 371, 374, 377, 380, 383, 386, 389, 392, 395,
    398, 401, 404, 407, 410, 413, 416, 419, 423, 426, 429, 432, 435, 438, 441,
    444, 447, 450, 453, 456, 459, 462, 465, 468, 471, 474, 477, 480, 483, 486,
    489, 492, 495, 499, 502, 506, 509, 512, 516, 519, 522, 525, 528, 531, 534,
    537, 540, 543, 546, 549, 552, 555, 558, 561, 564, 568, 571, 575, 578, 581,
    584, 587, 590, 593, 596, 599, 602, 605, 608, 611, 614, 617, 620, 623, 626,
    629, 633, 636, 639, 642, 645, 648, 651, 654, 657, 660, 663, 666, 669, 672,
    675, 678, 681, 684, 687, 690, 693, 696, 699, 702, 705, 708, 711, 714, 717,
    720, 723, 726, 729, 732, 735, 738, 741, 745, 748, 751, 754, 757, 760, 763,
    766, 769, 772, 775, 778, 781, 784, 787, 790, 793, 796, 799, 802, 805, 808,
    811, 814, 818, 821, 824, 827, 830, 833, 836, 839, 842, 845, 848, 851, 854,
    857, 860, 864, 867, 870, 873, 876, 879, 882, 885, 888, 891, 894, 898, 901,
    904, 907, 910, 913, 916, 919, 923, 926, 929, 932, 935, 938, 941, 944, 947,
    950, 953, 956, 959, 962, 965, 968, 971, 974, 977, 980, 984, 987, 990, 993,
    996, 999, 1002, 1005, 1008, 1011, 1014
[2] 2, 6, 9, 12, 16, 19, 22, 26, 29, 32, 35, 38, 41, 44, 47, 50, 54, 58, 62,
    66, 69, 72, 76, 79, 82, 85, 88, 91, 94, 97, 100, 103, 106, 109, 112, 116,
    119, 122, 125, 128, 131, 135, 138, 141, 144, 148, 151, 154, 157, 160, 163,
    167, 170, 173, 177, 180, 183, 186, 189, 192, 196, 200, 203, 206, 210, 213,
    216, 219, 222, 225, 228, 231, 234, 237, 241, 245, 248, 251, 254, 257, 260,
    263, 266, 269, 273, 276, 279, 282, 285, 288, 291, 294, 297, 300, 303, 306,
    309, 312, 315, 318, 321, 324, 327, 330, 333, 336, 339, 342, 345, 348, 351,
    354, 357, 360, 364, 367, 370, 373, 376, 379, 382, 385, 388, 391, 394, 397,
    400, 403, 406, 409, 412, 415, 418, 421, 425, 428, 431, 434, 437, 440, 443,
    446, 449, 452, 455, 458, 461, 464, 467, 470, 473, 476, 479, 482, 485, 488,
    491, 494, 497, 501, 504, 508, 511, 514, 518, 521, 524, 527, 530, 533, 536,
    539, 542, 545, 548, 551, 554, 557, 560, 563, 566, 570, 573, 577, 580, 583,
    586, 589, 592, 595, 598, 601, 604, 607, 610, 613, 616, 619, 622, 625, 628,
    631, 635, 638, 641, 644, 647, 650, 653, 656, 659, 662, 665, 668, 671, 674,
    677, 680, 683, 686, 689, 692, 695, 698, 701, 704, 707, 710, 713, 716, 719,
    722, 725, 728, 731, 734, 737, 740, 743, 747, 750, 753, 756, 759, 762, 765,
    768, 771, 774, 777, 780, 783, 786, 789, 792, 795, 798, 801, 804, 807, 810,
    813, 816, 820, 823, 826, 829, 832, 835, 838, 841, 844, 847, 850, 853, 856,
    859, 862, 866, 869, 872, 875, 878, 881, 884, 887, 890, 893, 896, 900, 903,
    906, 909, 912, 915, 918, 921, 925, 928, 931, 934, 937, 940, 943, 946, 949,
    952, 955, 958, 961, 964, 967, 970, 973, 976, 979, 982, 986, 989, 992, 995,
    998, 1001, 1004, 1007, 1010, 1013, 1016
[3] 1, 5, 8, 11, 15, 18, 21, 25, 28, 31, 34, 37, 40, 43, 46, 49, 53, 57, 61,
    65, 68, 71, 75, 78, 81, 84, 87, 90, 93, 96, 99, 102, 105, 108, 111, 115,
    118, 121, 124, 127, 130, 134, 137, 140, 143, 147, 150, 153, 156, 159, 162,
    166, 169, 172, 176, 179, 182, 185, 188, 191, 195, 199, 202, 205, 209, 212,
    215, 218, 221, 224, 227, 230, 233, 236, 240, 244, 247, 250, 253, 256, 259,
    262, 265, 268, 272, 275, 278, 281, 284, 287, 290, 293, 296, 299, 302, 305,
    308, 311, 314, 317, 320, 323, 326, 329, 332, 335, 338, 341, 344, 347, 350,
    353, 356, 359, 363, 366, 369, 372, 375, 378, 381, 384, 387, 390, 393, 396,
    399, 402, 405, 408, 411, 414, 417, 420, 424, 427, 430, 433, 436, 439, 442,
    445, 448, 451, 454, 457, 460, 463, 466, 469, 472, 475, 478, 481, 484, 487,
    490, 493, 496, 500, 503, 507, 510, 513, 517, 520, 523, 526, 529, 532, 535,
    538, 541, 544, 547, 550, 553, 556, 559, 562, 565, 569, 572, 576, 579, 582,
    585, 588, 591, 594, 597, 600, 603, 606, 609, 612, 615, 618, 621, 624, 627,
    630, 634, 637, 640, 643, 646, 649, 652, 655, 658, 661, 664, 667, 670, 673,
    676, 679, 682, 685, 688, 691, 694, 697, 700, 703, 706, 709, 712, 715, 718,
    721, 724, 727, 730, 733, 736, 739, 742, 746, 749, 752, 755, 758, 761, 764,
    767, 770, 773, 776, 779, 782, 785, 788, 791, 794, 797, 800, 803, 806, 809,
    812, 815, 819, 822, 825, 828, 831, 834, 837, 840, 843, 846, 849, 852, 855,
    858, 861, 865, 868, 871, 874, 877, 880, 883, 886, 889, 892, 895, 899, 902,
    905, 908, 911, 914, 917, 920, 924, 927, 930, 933, 936, 939, 942, 945, 948,
    951, 954, 957, 960, 963, 966, 969, 972, 975, 978, 981, 985, 988, 991, 994,
    997, 1000, 1003, 1006, 1009, 1012, 1015

 Xixi Adjusted Rand Index:
-1.6147027862707542e-16




----------------------------------------------------------------------------------------------
Output from 2025-07-08 18:51:39.315743
----------------------------------------------------------------------------------------------


                

Parameters of this run:

Window size: 1
Threshold for edges: 0
Split candidates: A
Max number of traces: 5000000
Method for distance calculation: Distance.EDIT_DISTANCE
Method for finding clusters: ClusteringMethod.COMMUNITY_DETECTION
Original log location: ./data/noImprInLoop_default_OD\feb17-0936\logs\E_1_LogD_Sequence_feb17-0936.xes.gz
Use frequency: True

Found communities: 

Clustering with 1017 elements and 2 clusters
[0] 0, 2, 3, 6, 7, 9, 10, 12, 13, 16, 17, 19, 20, 22, 23, 26, 27, 29, 30, 32,
    33, 35, 36, 38, 39, 41, 42, 44, 45, 47, 48, 50, 51, 54, 55, 58, 59, 62,
    63, 66, 67, 69, 70, 72, 73, 76, 77, 79, 80, 82, 83, 85, 86, 88, 89, 91,
    92, 94, 95, 97, 98, 100, 101, 103, 104, 106, 107, 109, 110, 112, 113, 116,
    117, 119, 120, 122, 123, 125, 126, 128, 129, 131, 132, 135, 136, 138, 139,
    141, 142, 144, 145, 148, 149, 151, 152, 154, 155, 157, 158, 160, 161, 163,
    164, 167, 168, 170, 171, 173, 174, 177, 178, 180, 181, 183, 184, 186, 187,
    189, 190, 192, 193, 196, 197, 200, 201, 203, 204, 206, 207, 210, 211, 213,
    214, 216, 217, 219, 220, 222, 223, 225, 226, 228, 229, 231, 232, 234, 235,
    237, 238, 241, 242, 245, 246, 248, 249, 251, 252, 254, 255, 257, 258, 260,
    261, 263, 264, 266, 267, 269, 270, 273, 274, 276, 277, 279, 280, 282, 283,
    285, 286, 288, 289, 291, 292, 294, 295, 297, 298, 300, 301, 303, 304, 306,
    307, 309, 310, 312, 313, 315, 316, 318, 319, 321, 322, 324, 325, 327, 328,
    330, 331, 333, 334, 336, 337, 339, 340, 342, 343, 345, 346, 348, 349, 351,
    352, 354, 355, 357, 358, 360, 361, 364, 365, 367, 368, 370, 371, 373, 374,
    376, 377, 379, 380, 382, 383, 385, 386, 388, 389, 391, 392, 394, 395, 397,
    398, 400, 401, 403, 404, 406, 407, 409, 410, 412, 413, 415, 416, 418, 419,
    421, 422, 425, 426, 428, 429, 431, 432, 434, 435, 437, 438, 440, 441, 443,
    444, 446, 447, 449, 450, 452, 453, 455, 456, 458, 459, 461, 462, 464, 465,
    467, 468, 470, 471, 473, 474, 476, 477, 479, 480, 482, 483, 485, 486, 488,
    489, 491, 492, 494, 495, 497, 498, 501, 502, 504, 505, 508, 509, 511, 512,
    514, 515, 518, 519, 521, 522, 524, 525, 527, 528, 530, 531, 533, 534, 536,
    537, 539, 540, 542, 543, 545, 546, 548, 549, 551, 552, 554, 555, 557, 558,
    560, 561, 563, 564, 566, 567, 570, 571, 573, 574, 577, 578, 580, 581, 583,
    584, 586, 587, 589, 590, 592, 593, 595, 596, 598, 599, 601, 602, 604, 605,
    607, 608, 610, 611, 613, 614, 616, 617, 619, 620, 622, 623, 625, 626, 628,
    629, 631, 632, 635, 636, 638, 639, 641, 642, 644, 645, 647, 648, 650, 651,
    653, 654, 656, 657, 659, 660, 662, 663, 665, 666, 668, 669, 671, 672, 674,
    675, 677, 678, 680, 681, 683, 684, 686, 687, 689, 690, 692, 693, 695, 696,
    698, 699, 701, 702, 704, 705, 707, 708, 710, 711, 713, 714, 716, 717, 719,
    720, 722, 723, 725, 726, 728, 729, 731, 732, 734, 735, 737, 738, 740, 741,
    743, 744, 747, 748, 750, 751, 753, 754, 756, 757, 759, 760, 762, 763, 765,
    766, 768, 769, 771, 772, 774, 775, 777, 778, 780, 781, 783, 784, 786, 787,
    789, 790, 792, 793, 795, 796, 798, 799, 801, 802, 804, 805, 807, 808, 810,
    811, 813, 814, 816, 817, 820, 821, 823, 824, 826, 827, 829, 830, 832, 833,
    835, 836, 838, 839, 841, 842, 844, 845, 847, 848, 850, 851, 853, 854, 856,
    857, 859, 860, 862, 863, 866, 867, 869, 870, 872, 873, 875, 876, 878, 879,
    881, 882, 884, 885, 887, 888, 890, 891, 893, 894, 896, 897, 900, 901, 903,
    904, 906, 907, 909, 910, 912, 913, 915, 916, 918, 919, 921, 922, 925, 926,
    928, 929, 931, 932, 934, 935, 937, 938, 940, 941, 943, 944, 946, 947, 949,
    950, 952, 953, 955, 956, 958, 959, 961, 962, 964, 965, 967, 968, 970, 971,
    973, 974, 976, 977, 979, 980, 982, 983, 986, 987, 989, 990, 992, 993, 995,
    996, 998, 999, 1001, 1002, 1004, 1005, 1007, 1008, 1010, 1011, 1013, 1014,
    1016
[1] 1, 4, 5, 8, 11, 14, 15, 18, 21, 24, 25, 28, 31, 34, 37, 40, 43, 46, 49,
    52, 53, 56, 57, 60, 61, 64, 65, 68, 71, 74, 75, 78, 81, 84, 87, 90, 93,
    96, 99, 102, 105, 108, 111, 114, 115, 118, 121, 124, 127, 130, 133, 134,
    137, 140, 143, 146, 147, 150, 153, 156, 159, 162, 165, 166, 169, 172, 175,
    176, 179, 182, 185, 188, 191, 194, 195, 198, 199, 202, 205, 208, 209, 212,
    215, 218, 221, 224, 227, 230, 233, 236, 239, 240, 243, 244, 247, 250, 253,
    256, 259, 262, 265, 268, 271, 272, 275, 278, 281, 284, 287, 290, 293, 296,
    299, 302, 305, 308, 311, 314, 317, 320, 323, 326, 329, 332, 335, 338, 341,
    344, 347, 350, 353, 356, 359, 362, 363, 366, 369, 372, 375, 378, 381, 384,
    387, 390, 393, 396, 399, 402, 405, 408, 411, 414, 417, 420, 423, 424, 427,
    430, 433, 436, 439, 442, 445, 448, 451, 454, 457, 460, 463, 466, 469, 472,
    475, 478, 481, 484, 487, 490, 493, 496, 499, 500, 503, 506, 507, 510, 513,
    516, 517, 520, 523, 526, 529, 532, 535, 538, 541, 544, 547, 550, 553, 556,
    559, 562, 565, 568, 569, 572, 575, 576, 579, 582, 585, 588, 591, 594, 597,
    600, 603, 606, 609, 612, 615, 618, 621, 624, 627, 630, 633, 634, 637, 640,
    643, 646, 649, 652, 655, 658, 661, 664, 667, 670, 673, 676, 679, 682, 685,
    688, 691, 694, 697, 700, 703, 706, 709, 712, 715, 718, 721, 724, 727, 730,
    733, 736, 739, 742, 745, 746, 749, 752, 755, 758, 761, 764, 767, 770, 773,
    776, 779, 782, 785, 788, 791, 794, 797, 800, 803, 806, 809, 812, 815, 818,
    819, 822, 825, 828, 831, 834, 837, 840, 843, 846, 849, 852, 855, 858, 861,
    864, 865, 868, 871, 874, 877, 880, 883, 886, 889, 892, 895, 898, 899, 902,
    905, 908, 911, 914, 917, 920, 923, 924, 927, 930, 933, 936, 939, 942, 945,
    948, 951, 954, 957, 960, 963, 966, 969, 972, 975, 978, 981, 984, 985, 988,
    991, 994, 997, 1000, 1003, 1006, 1009, 1012, 1015

Reassigned labels

Runtime: 0.8534257411956787

Performance split_log:

IM without threshold:
Map:
{"A_0": "A", "A_1": "A"}
token_fitness
{"perc_fit_traces": 100.0, "average_trace_fitness": 1.0, "log_fitness": 1.0, "percentage_of_fitting_traces": 100.0}
precision
0.4470482116230694
0.7073170731707318
generalization
0.9559450263105704
token_fitness
{"perc_fit_traces": 0.0, "average_trace_fitness": 0.9587957353171308, "log_fitness": 0.959527278614214, "percentage_of_fitting_traces": 0.0}
precision
0.648621587343969
0.7142857142857143
generalization
0.8910703737455762

Adjusted Rand Index:
0.4824094538071675



Parameters of this run:

Window size: 1
Threshold for edges: 0.25
Split candidates: A
Max number of traces: 5000000
Method for distance calculation: Distance.EDIT_DISTANCE
Method for finding clusters: ClusteringMethod.COMMUNITY_DETECTION
Original log location: ./data/noImprInLoop_default_OD\feb17-0936\logs\E_1_LogD_Sequence_feb17-0936.xes.gz
Use frequency: True

Found communities: 

Clustering with 1017 elements and 2 clusters
[0] 0, 2, 3, 6, 7, 9, 10, 12, 13, 16, 17, 19, 20, 22, 23, 26, 27, 29, 30, 32,
    33, 35, 36, 38, 39, 41, 42, 44, 45, 47, 48, 50, 51, 54, 55, 58, 59, 62,
    63, 66, 67, 69, 70, 72, 73, 76, 77, 79, 80, 82, 83, 85, 86, 88, 89, 91,
    92, 94, 95, 97, 98, 100, 101, 103, 104, 106, 107, 109, 110, 112, 113, 116,
    117, 119, 120, 122, 123, 125, 126, 128, 129, 131, 132, 135, 136, 138, 139,
    141, 142, 144, 145, 148, 149, 151, 152, 154, 155, 157, 158, 160, 161, 163,
    164, 167, 168, 170, 171, 173, 174, 177, 178, 180, 181, 183, 184, 186, 187,
    189, 190, 192, 193, 196, 197, 200, 201, 203, 204, 206, 207, 210, 211, 213,
    214, 216, 217, 219, 220, 222, 223, 225, 226, 228, 229, 231, 232, 234, 235,
    237, 238, 241, 242, 245, 246, 248, 249, 251, 252, 254, 255, 257, 258, 260,
    261, 263, 264, 266, 267, 269, 270, 273, 274, 276, 277, 279, 280, 282, 283,
    285, 286, 288, 289, 291, 292, 294, 295, 297, 298, 300, 301, 303, 304, 306,
    307, 309, 310, 312, 313, 315, 316, 318, 319, 321, 322, 324, 325, 327, 328,
    330, 331, 333, 334, 336, 337, 339, 340, 342, 343, 345, 346, 348, 349, 351,
    352, 354, 355, 357, 358, 360, 361, 364, 365, 367, 368, 370, 371, 373, 374,
    376, 377, 379, 380, 382, 383, 385, 386, 388, 389, 391, 392, 394, 395, 397,
    398, 400, 401, 403, 404, 406, 407, 409, 410, 412, 413, 415, 416, 418, 419,
    421, 422, 425, 426, 428, 429, 431, 432, 434, 435, 437, 438, 440, 441, 443,
    444, 446, 447, 449, 450, 452, 453, 455, 456, 458, 459, 461, 462, 464, 465,
    467, 468, 470, 471, 473, 474, 476, 477, 479, 480, 482, 483, 485, 486, 488,
    489, 491, 492, 494, 495, 497, 498, 501, 502, 504, 505, 508, 509, 511, 512,
    514, 515, 518, 519, 521, 522, 524, 525, 527, 528, 530, 531, 533, 534, 536,
    537, 539, 540, 542, 543, 545, 546, 548, 549, 551, 552, 554, 555, 557, 558,
    560, 561, 563, 564, 566, 567, 570, 571, 573, 574, 577, 578, 580, 581, 583,
    584, 586, 587, 589, 590, 592, 593, 595, 596, 598, 599, 601, 602, 604, 605,
    607, 608, 610, 611, 613, 614, 616, 617, 619, 620, 622, 623, 625, 626, 628,
    629, 631, 632, 635, 636, 638, 639, 641, 642, 644, 645, 647, 648, 650, 651,
    653, 654, 656, 657, 659, 660, 662, 663, 665, 666, 668, 669, 671, 672, 674,
    675, 677, 678, 680, 681, 683, 684, 686, 687, 689, 690, 692, 693, 695, 696,
    698, 699, 701, 702, 704, 705, 707, 708, 710, 711, 713, 714, 716, 717, 719,
    720, 722, 723, 725, 726, 728, 729, 731, 732, 734, 735, 737, 738, 740, 741,
    743, 744, 747, 748, 750, 751, 753, 754, 756, 757, 759, 760, 762, 763, 765,
    766, 768, 769, 771, 772, 774, 775, 777, 778, 780, 781, 783, 784, 786, 787,
    789, 790, 792, 793, 795, 796, 798, 799, 801, 802, 804, 805, 807, 808, 810,
    811, 813, 814, 816, 817, 820, 821, 823, 824, 826, 827, 829, 830, 832, 833,
    835, 836, 838, 839, 841, 842, 844, 845, 847, 848, 850, 851, 853, 854, 856,
    857, 859, 860, 862, 863, 866, 867, 869, 870, 872, 873, 875, 876, 878, 879,
    881, 882, 884, 885, 887, 888, 890, 891, 893, 894, 896, 897, 900, 901, 903,
    904, 906, 907, 909, 910, 912, 913, 915, 916, 918, 919, 921, 922, 925, 926,
    928, 929, 931, 932, 934, 935, 937, 938, 940, 941, 943, 944, 946, 947, 949,
    950, 952, 953, 955, 956, 958, 959, 961, 962, 964, 965, 967, 968, 970, 971,
    973, 974, 976, 977, 979, 980, 982, 983, 986, 987, 989, 990, 992, 993, 995,
    996, 998, 999, 1001, 1002, 1004, 1005, 1007, 1008, 1010, 1011, 1013, 1014,
    1016
[1] 1, 4, 5, 8, 11, 14, 15, 18, 21, 24, 25, 28, 31, 34, 37, 40, 43, 46, 49,
    52, 53, 56, 57, 60, 61, 64, 65, 68, 71, 74, 75, 78, 81, 84, 87, 90, 93,
    96, 99, 102, 105, 108, 111, 114, 115, 118, 121, 124, 127, 130, 133, 134,
    137, 140, 143, 146, 147, 150, 153, 156, 159, 162, 165, 166, 169, 172, 175,
    176, 179, 182, 185, 188, 191, 194, 195, 198, 199, 202, 205, 208, 209, 212,
    215, 218, 221, 224, 227, 230, 233, 236, 239, 240, 243, 244, 247, 250, 253,
    256, 259, 262, 265, 268, 271, 272, 275, 278, 281, 284, 287, 290, 293, 296,
    299, 302, 305, 308, 311, 314, 317, 320, 323, 326, 329, 332, 335, 338, 341,
    344, 347, 350, 353, 356, 359, 362, 363, 366, 369, 372, 375, 378, 381, 384,
    387, 390, 393, 396, 399, 402, 405, 408, 411, 414, 417, 420, 423, 424, 427,
    430, 433, 436, 439, 442, 445, 448, 451, 454, 457, 460, 463, 466, 469, 472,
    475, 478, 481, 484, 487, 490, 493, 496, 499, 500, 503, 506, 507, 510, 513,
    516, 517, 520, 523, 526, 529, 532, 535, 538, 541, 544, 547, 550, 553, 556,
    559, 562, 565, 568, 569, 572, 575, 576, 579, 582, 585, 588, 591, 594, 597,
    600, 603, 606, 609, 612, 615, 618, 621, 624, 627, 630, 633, 634, 637, 640,
    643, 646, 649, 652, 655, 658, 661, 664, 667, 670, 673, 676, 679, 682, 685,
    688, 691, 694, 697, 700, 703, 706, 709, 712, 715, 718, 721, 724, 727, 730,
    733, 736, 739, 742, 745, 746, 749, 752, 755, 758, 761, 764, 767, 770, 773,
    776, 779, 782, 785, 788, 791, 794, 797, 800, 803, 806, 809, 812, 815, 818,
    819, 822, 825, 828, 831, 834, 837, 840, 843, 846, 849, 852, 855, 858, 861,
    864, 865, 868, 871, 874, 877, 880, 883, 886, 889, 892, 895, 898, 899, 902,
    905, 908, 911, 914, 917, 920, 923, 924, 927, 930, 933, 936, 939, 942, 945,
    948, 951, 954, 957, 960, 963, 966, 969, 972, 975, 978, 981, 984, 985, 988,
    991, 994, 997, 1000, 1003, 1006, 1009, 1012, 1015

Reassigned labels

Runtime: 0.9278075695037842

Performance split_log:

IM without threshold:
Map:
{"A_0": "A", "A_1": "A"}
token_fitness
{"perc_fit_traces": 0.0, "average_trace_fitness": 0.9587957353171308, "log_fitness": 0.959527278614214, "percentage_of_fitting_traces": 0.0}
precision
0.648621587343969
0.7142857142857143
generalization
0.8910703737455762

Adjusted Rand Index:
0.4824094538071675



Parameters of this run:

Window size: 1
Threshold for edges: 0.5
Split candidates: A
Max number of traces: 5000000
Method for distance calculation: Distance.EDIT_DISTANCE
Method for finding clusters: ClusteringMethod.COMMUNITY_DETECTION
Original log location: ./data/noImprInLoop_default_OD\feb17-0936\logs\E_1_LogD_Sequence_feb17-0936.xes.gz
Use frequency: True

Found communities: 

Clustering with 1017 elements and 2 clusters
[0] 0, 2, 3, 6, 7, 9, 10, 12, 13, 16, 17, 19, 20, 22, 23, 26, 27, 29, 30, 32,
    33, 35, 36, 38, 39, 41, 42, 44, 45, 47, 48, 50, 51, 54, 55, 58, 59, 62,
    63, 66, 67, 69, 70, 72, 73, 76, 77, 79, 80, 82, 83, 85, 86, 88, 89, 91,
    92, 94, 95, 97, 98, 100, 101, 103, 104, 106, 107, 109, 110, 112, 113, 116,
    117, 119, 120, 122, 123, 125, 126, 128, 129, 131, 132, 135, 136, 138, 139,
    141, 142, 144, 145, 148, 149, 151, 152, 154, 155, 157, 158, 160, 161, 163,
    164, 167, 168, 170, 171, 173, 174, 177, 178, 180, 181, 183, 184, 186, 187,
    189, 190, 192, 193, 196, 197, 200, 201, 203, 204, 206, 207, 210, 211, 213,
    214, 216, 217, 219, 220, 222, 223, 225, 226, 228, 229, 231, 232, 234, 235,
    237, 238, 241, 242, 245, 246, 248, 249, 251, 252, 254, 255, 257, 258, 260,
    261, 263, 264, 266, 267, 269, 270, 273, 274, 276, 277, 279, 280, 282, 283,
    285, 286, 288, 289, 291, 292, 294, 295, 297, 298, 300, 301, 303, 304, 306,
    307, 309, 310, 312, 313, 315, 316, 318, 319, 321, 322, 324, 325, 327, 328,
    330, 331, 333, 334, 336, 337, 339, 340, 342, 343, 345, 346, 348, 349, 351,
    352, 354, 355, 357, 358, 360, 361, 364, 365, 367, 368, 370, 371, 373, 374,
    376, 377, 379, 380, 382, 383, 385, 386, 388, 389, 391, 392, 394, 395, 397,
    398, 400, 401, 403, 404, 406, 407, 409, 410, 412, 413, 415, 416, 418, 419,
    421, 422, 425, 426, 428, 429, 431, 432, 434, 435, 437, 438, 440, 441, 443,
    444, 446, 447, 449, 450, 452, 453, 455, 456, 458, 459, 461, 462, 464, 465,
    467, 468, 470, 471, 473, 474, 476, 477, 479, 480, 482, 483, 485, 486, 488,
    489, 491, 492, 494, 495, 497, 498, 501, 502, 504, 505, 508, 509, 511, 512,
    514, 515, 518, 519, 521, 522, 524, 525, 527, 528, 530, 531, 533, 534, 536,
    537, 539, 540, 542, 543, 545, 546, 548, 549, 551, 552, 554, 555, 557, 558,
    560, 561, 563, 564, 566, 567, 570, 571, 573, 574, 577, 578, 580, 581, 583,
    584, 586, 587, 589, 590, 592, 593, 595, 596, 598, 599, 601, 602, 604, 605,
    607, 608, 610, 611, 613, 614, 616, 617, 619, 620, 622, 623, 625, 626, 628,
    629, 631, 632, 635, 636, 638, 639, 641, 642, 644, 645, 647, 648, 650, 651,
    653, 654, 656, 657, 659, 660, 662, 663, 665, 666, 668, 669, 671, 672, 674,
    675, 677, 678, 680, 681, 683, 684, 686, 687, 689, 690, 692, 693, 695, 696,
    698, 699, 701, 702, 704, 705, 707, 708, 710, 711, 713, 714, 716, 717, 719,
    720, 722, 723, 725, 726, 728, 729, 731, 732, 734, 735, 737, 738, 740, 741,
    743, 744, 747, 748, 750, 751, 753, 754, 756, 757, 759, 760, 762, 763, 765,
    766, 768, 769, 771, 772, 774, 775, 777, 778, 780, 781, 783, 784, 786, 787,
    789, 790, 792, 793, 795, 796, 798, 799, 801, 802, 804, 805, 807, 808, 810,
    811, 813, 814, 816, 817, 820, 821, 823, 824, 826, 827, 829, 830, 832, 833,
    835, 836, 838, 839, 841, 842, 844, 845, 847, 848, 850, 851, 853, 854, 856,
    857, 859, 860, 862, 863, 866, 867, 869, 870, 872, 873, 875, 876, 878, 879,
    881, 882, 884, 885, 887, 888, 890, 891, 893, 894, 896, 897, 900, 901, 903,
    904, 906, 907, 909, 910, 912, 913, 915, 916, 918, 919, 921, 922, 925, 926,
    928, 929, 931, 932, 934, 935, 937, 938, 940, 941, 943, 944, 946, 947, 949,
    950, 952, 953, 955, 956, 958, 959, 961, 962, 964, 965, 967, 968, 970, 971,
    973, 974, 976, 977, 979, 980, 982, 983, 986, 987, 989, 990, 992, 993, 995,
    996, 998, 999, 1001, 1002, 1004, 1005, 1007, 1008, 1010, 1011, 1013, 1014,
    1016
[1] 1, 4, 5, 8, 11, 14, 15, 18, 21, 24, 25, 28, 31, 34, 37, 40, 43, 46, 49,
    52, 53, 56, 57, 60, 61, 64, 65, 68, 71, 74, 75, 78, 81, 84, 87, 90, 93,
    96, 99, 102, 105, 108, 111, 114, 115, 118, 121, 124, 127, 130, 133, 134,
    137, 140, 143, 146, 147, 150, 153, 156, 159, 162, 165, 166, 169, 172, 175,
    176, 179, 182, 185, 188, 191, 194, 195, 198, 199, 202, 205, 208, 209, 212,
    215, 218, 221, 224, 227, 230, 233, 236, 239, 240, 243, 244, 247, 250, 253,
    256, 259, 262, 265, 268, 271, 272, 275, 278, 281, 284, 287, 290, 293, 296,
    299, 302, 305, 308, 311, 314, 317, 320, 323, 326, 329, 332, 335, 338, 341,
    344, 347, 350, 353, 356, 359, 362, 363, 366, 369, 372, 375, 378, 381, 384,
    387, 390, 393, 396, 399, 402, 405, 408, 411, 414, 417, 420, 423, 424, 427,
    430, 433, 436, 439, 442, 445, 448, 451, 454, 457, 460, 463, 466, 469, 472,
    475, 478, 481, 484, 487, 490, 493, 496, 499, 500, 503, 506, 507, 510, 513,
    516, 517, 520, 523, 526, 529, 532, 535, 538, 541, 544, 547, 550, 553, 556,
    559, 562, 565, 568, 569, 572, 575, 576, 579, 582, 585, 588, 591, 594, 597,
    600, 603, 606, 609, 612, 615, 618, 621, 624, 627, 630, 633, 634, 637, 640,
    643, 646, 649, 652, 655, 658, 661, 664, 667, 670, 673, 676, 679, 682, 685,
    688, 691, 694, 697, 700, 703, 706, 709, 712, 715, 718, 721, 724, 727, 730,
    733, 736, 739, 742, 745, 746, 749, 752, 755, 758, 761, 764, 767, 770, 773,
    776, 779, 782, 785, 788, 791, 794, 797, 800, 803, 806, 809, 812, 815, 818,
    819, 822, 825, 828, 831, 834, 837, 840, 843, 846, 849, 852, 855, 858, 861,
    864, 865, 868, 871, 874, 877, 880, 883, 886, 889, 892, 895, 898, 899, 902,
    905, 908, 911, 914, 917, 920, 923, 924, 927, 930, 933, 936, 939, 942, 945,
    948, 951, 954, 957, 960, 963, 966, 969, 972, 975, 978, 981, 984, 985, 988,
    991, 994, 997, 1000, 1003, 1006, 1009, 1012, 1015

Reassigned labels

Runtime: 0.9174835681915283

Performance split_log:

IM without threshold:
Map:
{"A_0": "A", "A_1": "A"}
token_fitness
{"perc_fit_traces": 0.0, "average_trace_fitness": 0.8959975749542122, "log_fitness": 0.9004747444506223, "percentage_of_fitting_traces": 0.0}
precision
0.5646172488277752
0.7142857142857143
generalization
0.8264859508372947

Adjusted Rand Index:
0.4824094538071675



Parameters of this run:

Window size: 1
Threshold for edges: 0.75
Split candidates: A
Max number of traces: 5000000
Method for distance calculation: Distance.EDIT_DISTANCE
Method for finding clusters: ClusteringMethod.COMMUNITY_DETECTION
Original log location: ./data/noImprInLoop_default_OD\feb17-0936\logs\E_1_LogD_Sequence_feb17-0936.xes.gz
Use frequency: True

Found communities: 

Clustering with 1017 elements and 10 clusters
[ 0] 1, 4, 5, 8, 11, 14, 15, 18, 21, 24, 25, 28, 31, 34, 37, 40, 43, 46, 49,
     52, 53, 56, 57, 60, 61, 64, 65, 68, 71, 74, 75, 78, 81, 84, 87, 90, 93,
     96, 99, 102, 105, 108, 111, 114, 115, 118, 121, 124, 127, 130, 133, 134,
     137, 140, 143, 146, 147, 150, 153, 156, 159, 162, 165, 166, 169, 172,
     175, 176, 179, 182, 185, 188, 191, 194, 195, 198, 199, 202, 205, 208,
     209, 212, 215, 218, 221, 224, 227, 230, 233, 236, 239, 240, 243, 244,
     247, 250, 253, 256, 259, 262, 265, 268, 271, 272, 275, 278, 281, 284,
     287, 290, 293, 296, 299, 302, 305, 308, 311, 314, 317, 320, 323, 326,
     329, 332, 335, 338, 341, 344, 347, 350, 353, 356, 359, 362, 363, 366,
     369, 372, 375, 378, 381, 384, 387, 390, 393, 396, 399, 402, 405, 408,
     411, 414, 417, 420, 423, 424, 427, 430, 433, 436, 439, 442, 445, 448,
     451, 454, 457, 460, 463, 466, 469, 472, 475, 478, 481, 484, 487, 490,
     493, 496, 499, 500, 503, 506, 507, 510, 513, 516, 517, 520, 523, 526,
     529, 532, 535, 538, 541, 544, 547, 550, 553, 556, 559, 562, 565, 568,
     569, 572, 575, 576, 579, 582, 585, 588, 591, 594, 597, 600, 603, 606,
     609, 612, 615, 618, 621, 624, 627, 630, 633, 634, 637, 640, 643, 646,
     649, 652, 655, 658, 661, 664, 667, 670, 673, 676, 679, 682, 685, 688,
     691, 694, 697, 700, 703, 706, 709, 712, 715, 718, 721, 724, 727, 730,
     733, 736, 739, 742, 745, 746, 749, 752, 755, 758, 761, 764, 767, 770,
     773, 776, 779, 782, 785, 788, 791, 794, 797, 800, 803, 806, 809, 812,
     815, 818, 819, 822, 825, 828, 831, 834, 837, 840, 843, 846, 849, 852,
     855, 858, 861, 864, 865, 868, 871, 874, 877, 880, 883, 886, 889, 892,
     895, 898, 899, 902, 905, 908, 911, 914, 917, 920, 923, 924, 927, 930,
     933, 936, 939, 942, 945, 948, 951, 954, 957, 960, 963, 966, 969, 972,
     975, 978, 981, 984, 985, 988, 991, 994, 997, 1000, 1003, 1006, 1009,
     1012, 1015
[ 1] 2, 9, 26, 41, 62, 66, 79, 82, 88, 91, 100, 106, 116, 119, 122, 131, 151,
     157, 167, 180, 196, 203, 234, 251, 263, 285, 297, 300, 306, 324, 336,
     339, 348, 351, 364, 379, 385, 391, 394, 400, 431, 434, 437, 449, 455,
     470, 473, 479, 491, 504, 508, 511, 514, 521, 530, 539, 542, 551, 557,
     566, 573, 577, 583, 589, 595, 619, 625, 638, 641, 662, 674, 677, 689,
     692, 707, 734, 737, 740, 743, 747, 750, 765, 768, 771, 774, 789, 792,
     801, 804, 810, 823, 838, 844, 859, 862, 872, 881, 893, 896, 900, 906,
     909, 912, 925, 928, 940, 949, 952, 955, 964, 967, 970, 976, 998, 1016
[ 2] 6, 12, 16, 19, 29, 35, 38, 54, 85, 97, 103, 125, 144, 148, 154, 160, 163,
     173, 186, 189, 200, 206, 210, 213, 219, 225, 231, 245, 257, 260, 276,
     279, 291, 303, 309, 318, 327, 330, 333, 360, 367, 373, 376, 403, 409,
     412, 418, 421, 428, 440, 446, 452, 461, 464, 482, 485, 488, 497, 518,
     545, 548, 554, 580, 592, 598, 616, 622, 635, 644, 650, 653, 659, 665,
     680, 683, 686, 695, 698, 701, 704, 710, 713, 716, 719, 722, 725, 731,
     759, 762, 807, 813, 829, 832, 835, 841, 853, 856, 875, 884, 887, 903,
     937, 943, 958, 961, 982, 986, 992, 1001, 1007, 1010, 1013
[ 3] 22, 32, 44, 47, 50, 58, 69, 72, 76, 94, 109, 112, 128, 135, 138, 141,
     170, 177, 183, 192, 216, 222, 228, 237, 241, 248, 254, 266, 269, 273,
     282, 288, 294, 312, 315, 321, 342, 345, 354, 357, 370, 382, 388, 397,
     406, 415, 425, 443, 458, 467, 476, 494, 501, 524, 527, 533, 536, 560,
     563, 570, 586, 601, 604, 607, 610, 613, 628, 631, 647, 656, 668, 671,
     728, 753, 756, 777, 780, 783, 786, 795, 798, 816, 820, 826, 847, 850,
     866, 869, 878, 890, 915, 918, 921, 931, 934, 946, 973, 979, 989, 995,
     1004
[ 4] 7, 95, 117, 126, 149, 152, 184, 229, 235, 264, 292, 298, 316, 349, 368,
     374, 389, 401, 416, 441, 462, 483, 502, 525, 531, 540, 561, 564, 596,
     605, 623, 639, 645, 651, 654, 666, 669, 684, 696, 699, 702, 705, 726,
     732, 741, 754, 766, 778, 793, 857, 873, 882, 901, 907, 932, 938, 962,
     971, 974, 977, 987, 993, 999, 1014
[ 5] 0, 20, 36, 39, 45, 48, 70, 77, 83, 101, 104, 123, 129, 139, 171, 178,
     181, 187, 201, 211, 217, 223, 232, 249, 252, 286, 295, 307, 310, 313,
     328, 337, 352, 383, 398, 419, 426, 435, 444, 453, 459, 546, 584, 587,
     602, 608, 614, 629, 660, 672, 678, 693, 711, 763, 808, 811, 824, 867,
     870, 910, 1011
[ 6] 17, 30, 67, 80, 89, 110, 136, 155, 214, 261, 274, 304, 331, 340, 343,
     346, 371, 377, 380, 392, 395, 407, 413, 432, 456, 468, 471, 474, 480,
     486, 492, 519, 555, 626, 642, 657, 663, 675, 687, 708, 729, 751, 784,
     796, 799, 821, 842, 848, 851, 885, 888, 891, 894, 904, 916, 926, 941,
     950, 980, 990, 1005
[ 7] 27, 33, 42, 86, 92, 107, 158, 161, 168, 190, 226, 258, 267, 277, 280,
     301, 322, 325, 358, 450, 465, 477, 489, 509, 522, 528, 534, 537, 549,
     571, 581, 590, 599, 617, 681, 714, 717, 720, 723, 769, 772, 787, 790,
     827, 833, 839, 854, 860, 876, 879, 929, 947, 953, 959, 1008
[ 8] 10, 98, 120, 142, 204, 220, 246, 255, 283, 289, 319, 334, 355, 365, 386,
     404, 410, 429, 438, 447, 495, 512, 543, 552, 558, 578, 593, 611, 620,
     636, 648, 690, 735, 738, 748, 757, 760, 775, 781, 802, 805, 814, 830,
     836, 845, 913, 919, 935, 944, 956, 965, 968, 996, 1002
[ 9] 3, 13, 23, 51, 55, 59, 63, 73, 113, 132, 145, 164, 174, 193, 197, 207,
     238, 242, 270, 361, 422, 498, 505, 515, 567, 574, 632, 744, 817, 863,
     897, 922, 983

Reassigned labels

Runtime: 0.6794910430908203

Performance split_log:

IM without threshold:
Map:
{"A_0": "A", "A_1": "A", "A_2": "A", "A_3": "A", "A_4": "A", "A_5": "A", "A_6": "A", "A_7": "A", "A_8": "A", "A_9": "A"}
token_fitness
{"perc_fit_traces": 0.0, "average_trace_fitness": 0.8940090885675537, "log_fitness": 0.8987952855216805, "percentage_of_fitting_traces": 0.0}
precision
0.9998134154305439
0.7204301075268819
generalization
0.8172358501530881

Adjusted Rand Index:
0.653020464520542



Parameters of this run:

Window size: 1
Threshold for edges: 1
Split candidates: A
Max number of traces: 5000000
Method for distance calculation: Distance.EDIT_DISTANCE
Method for finding clusters: ClusteringMethod.COMMUNITY_DETECTION
Original log location: ./data/noImprInLoop_default_OD\feb17-0936\logs\E_1_LogD_Sequence_feb17-0936.xes.gz
Use frequency: True

Found communities: 

Clustering with 1017 elements and 10 clusters
[ 0] 1, 4, 5, 8, 11, 14, 15, 18, 21, 24, 25, 28, 31, 34, 37, 40, 43, 46, 49,
     52, 53, 56, 57, 60, 61, 64, 65, 68, 71, 74, 75, 78, 81, 84, 87, 90, 93,
     96, 99, 102, 105, 108, 111, 114, 115, 118, 121, 124, 127, 130, 133, 134,
     137, 140, 143, 146, 147, 150, 153, 156, 159, 162, 165, 166, 169, 172,
     175, 176, 179, 182, 185, 188, 191, 194, 195, 198, 199, 202, 205, 208,
     209, 212, 215, 218, 221, 224, 227, 230, 233, 236, 239, 240, 243, 244,
     247, 250, 253, 256, 259, 262, 265, 268, 271, 272, 275, 278, 281, 284,
     287, 290, 293, 296, 299, 302, 305, 308, 311, 314, 317, 320, 323, 326,
     329, 332, 335, 338, 341, 344, 347, 350, 353, 356, 359, 362, 363, 366,
     369, 372, 375, 378, 381, 384, 387, 390, 393, 396, 399, 402, 405, 408,
     411, 414, 417, 420, 423, 424, 427, 430, 433, 436, 439, 442, 445, 448,
     451, 454, 457, 460, 463, 466, 469, 472, 475, 478, 481, 484, 487, 490,
     493, 496, 499, 500, 503, 506, 507, 510, 513, 516, 517, 520, 523, 526,
     529, 532, 535, 538, 541, 544, 547, 550, 553, 556, 559, 562, 565, 568,
     569, 572, 575, 576, 579, 582, 585, 588, 591, 594, 597, 600, 603, 606,
     609, 612, 615, 618, 621, 624, 627, 630, 633, 634, 637, 640, 643, 646,
     649, 652, 655, 658, 661, 664, 667, 670, 673, 676, 679, 682, 685, 688,
     691, 694, 697, 700, 703, 706, 709, 712, 715, 718, 721, 724, 727, 730,
     733, 736, 739, 742, 745, 746, 749, 752, 755, 758, 761, 764, 767, 770,
     773, 776, 779, 782, 785, 788, 791, 794, 797, 800, 803, 806, 809, 812,
     815, 818, 819, 822, 825, 828, 831, 834, 837, 840, 843, 846, 849, 852,
     855, 858, 861, 864, 865, 868, 871, 874, 877, 880, 883, 886, 889, 892,
     895, 898, 899, 902, 905, 908, 911, 914, 917, 920, 923, 924, 927, 930,
     933, 936, 939, 942, 945, 948, 951, 954, 957, 960, 963, 966, 969, 972,
     975, 978, 981, 984, 985, 988, 991, 994, 997, 1000, 1003, 1006, 1009,
     1012, 1015
[ 1] 2, 9, 26, 41, 62, 66, 79, 82, 88, 91, 100, 106, 116, 119, 122, 131, 151,
     157, 167, 180, 196, 203, 234, 251, 263, 285, 297, 300, 306, 324, 336,
     339, 348, 351, 364, 379, 385, 391, 394, 400, 431, 434, 437, 449, 455,
     470, 473, 479, 491, 504, 508, 511, 514, 521, 530, 539, 542, 551, 557,
     566, 573, 577, 583, 589, 595, 619, 625, 638, 641, 662, 674, 677, 689,
     692, 707, 734, 737, 740, 743, 747, 750, 765, 768, 771, 774, 789, 792,
     801, 804, 810, 823, 838, 844, 859, 862, 872, 881, 893, 896, 900, 906,
     909, 912, 925, 928, 940, 949, 952, 955, 964, 967, 970, 976, 998, 1016
[ 2] 6, 12, 16, 19, 29, 35, 38, 54, 85, 97, 103, 125, 144, 148, 154, 160, 163,
     173, 186, 189, 200, 206, 210, 213, 219, 225, 231, 245, 257, 260, 276,
     279, 291, 303, 309, 318, 327, 330, 333, 360, 367, 373, 376, 403, 409,
     412, 418, 421, 428, 440, 446, 452, 461, 464, 482, 485, 488, 497, 518,
     545, 548, 554, 580, 592, 598, 616, 622, 635, 644, 650, 653, 659, 665,
     680, 683, 686, 695, 698, 701, 704, 710, 713, 716, 719, 722, 725, 731,
     759, 762, 807, 813, 829, 832, 835, 841, 853, 856, 875, 884, 887, 903,
     937, 943, 958, 961, 982, 986, 992, 1001, 1007, 1010, 1013
[ 3] 22, 32, 44, 47, 50, 58, 69, 72, 76, 94, 109, 112, 128, 135, 138, 141,
     170, 177, 183, 192, 216, 222, 228, 237, 241, 248, 254, 266, 269, 273,
     282, 288, 294, 312, 315, 321, 342, 345, 354, 357, 370, 382, 388, 397,
     406, 415, 425, 443, 458, 467, 476, 494, 501, 524, 527, 533, 536, 560,
     563, 570, 586, 601, 604, 607, 610, 613, 628, 631, 647, 656, 668, 671,
     728, 753, 756, 777, 780, 783, 786, 795, 798, 816, 820, 826, 847, 850,
     866, 869, 878, 890, 915, 918, 921, 931, 934, 946, 973, 979, 989, 995,
     1004
[ 4] 7, 95, 117, 126, 149, 152, 184, 229, 235, 264, 292, 298, 316, 349, 368,
     374, 389, 401, 416, 441, 462, 483, 502, 525, 531, 540, 561, 564, 596,
     605, 623, 639, 645, 651, 654, 666, 669, 684, 696, 699, 702, 705, 726,
     732, 741, 754, 766, 778, 793, 857, 873, 882, 901, 907, 932, 938, 962,
     971, 974, 977, 987, 993, 999, 1014
[ 5] 0, 20, 36, 39, 45, 48, 70, 77, 83, 101, 104, 123, 129, 139, 171, 178,
     181, 187, 201, 211, 217, 223, 232, 249, 252, 286, 295, 307, 310, 313,
     328, 337, 352, 383, 398, 419, 426, 435, 444, 453, 459, 546, 584, 587,
     602, 608, 614, 629, 660, 672, 678, 693, 711, 763, 808, 811, 824, 867,
     870, 910, 1011
[ 6] 17, 30, 67, 80, 89, 110, 136, 155, 214, 261, 274, 304, 331, 340, 343,
     346, 371, 377, 380, 392, 395, 407, 413, 432, 456, 468, 471, 474, 480,
     486, 492, 519, 555, 626, 642, 657, 663, 675, 687, 708, 729, 751, 784,
     796, 799, 821, 842, 848, 851, 885, 888, 891, 894, 904, 916, 926, 941,
     950, 980, 990, 1005
[ 7] 27, 33, 42, 86, 92, 107, 158, 161, 168, 190, 226, 258, 267, 277, 280,
     301, 322, 325, 358, 450, 465, 477, 489, 509, 522, 528, 534, 537, 549,
     571, 581, 590, 599, 617, 681, 714, 717, 720, 723, 769, 772, 787, 790,
     827, 833, 839, 854, 860, 876, 879, 929, 947, 953, 959, 1008
[ 8] 10, 98, 120, 142, 204, 220, 246, 255, 283, 289, 319, 334, 355, 365, 386,
     404, 410, 429, 438, 447, 495, 512, 543, 552, 558, 578, 593, 611, 620,
     636, 648, 690, 735, 738, 748, 757, 760, 775, 781, 802, 805, 814, 830,
     836, 845, 913, 919, 935, 944, 956, 965, 968, 996, 1002
[ 9] 3, 13, 23, 51, 55, 59, 63, 73, 113, 132, 145, 164, 174, 193, 197, 207,
     238, 242, 270, 361, 422, 498, 505, 515, 567, 574, 632, 744, 817, 863,
     897, 922, 983

Reassigned labels

Runtime: 0.7374963760375977

Performance split_log:

IM without threshold:
Map:
{"A_0": "A", "A_1": "A", "A_2": "A", "A_3": "A", "A_4": "A", "A_5": "A", "A_6": "A", "A_7": "A", "A_8": "A", "A_9": "A"}
token_fitness
{"perc_fit_traces": 0.0, "average_trace_fitness": 0.8894714407511221, "log_fitness": 0.8933446753351967, "percentage_of_fitting_traces": 0.0}
precision
0.9998134154305439
0.7204301075268819
generalization
0.8187038266913633

Adjusted Rand Index:
0.653020464520542



Parameters of this run:

Window size: 1
Threshold for edges: 0
Split candidates: A
Max number of traces: 5000000
Method for distance calculation: Distance.SET_DISTANCE
Method for finding clusters: ClusteringMethod.COMMUNITY_DETECTION
Original log location: ./data/noImprInLoop_default_OD\feb17-0936\logs\E_1_LogD_Sequence_feb17-0936.xes.gz
Use frequency: True

Found communities: 

Clustering with 1017 elements and 2 clusters
[0] 0, 2, 3, 6, 7, 9, 10, 12, 13, 16, 17, 19, 20, 22, 23, 26, 27, 29, 30, 32,
    33, 35, 36, 38, 39, 41, 42, 44, 45, 47, 48, 50, 51, 54, 55, 58, 59, 62,
    63, 66, 67, 69, 70, 72, 73, 76, 77, 79, 80, 82, 83, 85, 86, 88, 89, 91,
    92, 94, 95, 97, 98, 100, 101, 103, 104, 106, 107, 109, 110, 112, 113, 116,
    117, 119, 120, 122, 123, 125, 126, 128, 129, 131, 132, 135, 136, 138, 139,
    141, 142, 144, 145, 148, 149, 151, 152, 154, 155, 157, 158, 160, 161, 163,
    164, 167, 168, 170, 171, 173, 174, 177, 178, 180, 181, 183, 184, 186, 187,
    189, 190, 192, 193, 196, 197, 200, 201, 203, 204, 206, 207, 210, 211, 213,
    214, 216, 217, 219, 220, 222, 223, 225, 226, 228, 229, 231, 232, 234, 235,
    237, 238, 241, 242, 245, 246, 248, 249, 251, 252, 254, 255, 257, 258, 260,
    261, 263, 264, 266, 267, 269, 270, 273, 274, 276, 277, 279, 280, 282, 283,
    285, 286, 288, 289, 291, 292, 294, 295, 297, 298, 300, 301, 303, 304, 306,
    307, 309, 310, 312, 313, 315, 316, 318, 319, 321, 322, 324, 325, 327, 328,
    330, 331, 333, 334, 336, 337, 339, 340, 342, 343, 345, 346, 348, 349, 351,
    352, 354, 355, 357, 358, 360, 361, 364, 365, 367, 368, 370, 371, 373, 374,
    376, 377, 379, 380, 382, 383, 385, 386, 388, 389, 391, 392, 394, 395, 397,
    398, 400, 401, 403, 404, 406, 407, 409, 410, 412, 413, 415, 416, 418, 419,
    421, 422, 425, 426, 428, 429, 431, 432, 434, 435, 437, 438, 440, 441, 443,
    444, 446, 447, 449, 450, 452, 453, 455, 456, 458, 459, 461, 462, 464, 465,
    467, 468, 470, 471, 473, 474, 476, 477, 479, 480, 482, 483, 485, 486, 488,
    489, 491, 492, 494, 495, 497, 498, 501, 502, 504, 505, 508, 509, 511, 512,
    514, 515, 518, 519, 521, 522, 524, 525, 527, 528, 530, 531, 533, 534, 536,
    537, 539, 540, 542, 543, 545, 546, 548, 549, 551, 552, 554, 555, 557, 558,
    560, 561, 563, 564, 566, 567, 570, 571, 573, 574, 577, 578, 580, 581, 583,
    584, 586, 587, 589, 590, 592, 593, 595, 596, 598, 599, 601, 602, 604, 605,
    607, 608, 610, 611, 613, 614, 616, 617, 619, 620, 622, 623, 625, 626, 628,
    629, 631, 632, 635, 636, 638, 639, 641, 642, 644, 645, 647, 648, 650, 651,
    653, 654, 656, 657, 659, 660, 662, 663, 665, 666, 668, 669, 671, 672, 674,
    675, 677, 678, 680, 681, 683, 684, 686, 687, 689, 690, 692, 693, 695, 696,
    698, 699, 701, 702, 704, 705, 707, 708, 710, 711, 713, 714, 716, 717, 719,
    720, 722, 723, 725, 726, 728, 729, 731, 732, 734, 735, 737, 738, 740, 741,
    743, 744, 747, 748, 750, 751, 753, 754, 756, 757, 759, 760, 762, 763, 765,
    766, 768, 769, 771, 772, 774, 775, 777, 778, 780, 781, 783, 784, 786, 787,
    789, 790, 792, 793, 795, 796, 798, 799, 801, 802, 804, 805, 807, 808, 810,
    811, 813, 814, 816, 817, 820, 821, 823, 824, 826, 827, 829, 830, 832, 833,
    835, 836, 838, 839, 841, 842, 844, 845, 847, 848, 850, 851, 853, 854, 856,
    857, 859, 860, 862, 863, 866, 867, 869, 870, 872, 873, 875, 876, 878, 879,
    881, 882, 884, 885, 887, 888, 890, 891, 893, 894, 896, 897, 900, 901, 903,
    904, 906, 907, 909, 910, 912, 913, 915, 916, 918, 919, 921, 922, 925, 926,
    928, 929, 931, 932, 934, 935, 937, 938, 940, 941, 943, 944, 946, 947, 949,
    950, 952, 953, 955, 956, 958, 959, 961, 962, 964, 965, 967, 968, 970, 971,
    973, 974, 976, 977, 979, 980, 982, 983, 986, 987, 989, 990, 992, 993, 995,
    996, 998, 999, 1001, 1002, 1004, 1005, 1007, 1008, 1010, 1011, 1013, 1014,
    1016
[1] 1, 4, 5, 8, 11, 14, 15, 18, 21, 24, 25, 28, 31, 34, 37, 40, 43, 46, 49,
    52, 53, 56, 57, 60, 61, 64, 65, 68, 71, 74, 75, 78, 81, 84, 87, 90, 93,
    96, 99, 102, 105, 108, 111, 114, 115, 118, 121, 124, 127, 130, 133, 134,
    137, 140, 143, 146, 147, 150, 153, 156, 159, 162, 165, 166, 169, 172, 175,
    176, 179, 182, 185, 188, 191, 194, 195, 198, 199, 202, 205, 208, 209, 212,
    215, 218, 221, 224, 227, 230, 233, 236, 239, 240, 243, 244, 247, 250, 253,
    256, 259, 262, 265, 268, 271, 272, 275, 278, 281, 284, 287, 290, 293, 296,
    299, 302, 305, 308, 311, 314, 317, 320, 323, 326, 329, 332, 335, 338, 341,
    344, 347, 350, 353, 356, 359, 362, 363, 366, 369, 372, 375, 378, 381, 384,
    387, 390, 393, 396, 399, 402, 405, 408, 411, 414, 417, 420, 423, 424, 427,
    430, 433, 436, 439, 442, 445, 448, 451, 454, 457, 460, 463, 466, 469, 472,
    475, 478, 481, 484, 487, 490, 493, 496, 499, 500, 503, 506, 507, 510, 513,
    516, 517, 520, 523, 526, 529, 532, 535, 538, 541, 544, 547, 550, 553, 556,
    559, 562, 565, 568, 569, 572, 575, 576, 579, 582, 585, 588, 591, 594, 597,
    600, 603, 606, 609, 612, 615, 618, 621, 624, 627, 630, 633, 634, 637, 640,
    643, 646, 649, 652, 655, 658, 661, 664, 667, 670, 673, 676, 679, 682, 685,
    688, 691, 694, 697, 700, 703, 706, 709, 712, 715, 718, 721, 724, 727, 730,
    733, 736, 739, 742, 745, 746, 749, 752, 755, 758, 761, 764, 767, 770, 773,
    776, 779, 782, 785, 788, 791, 794, 797, 800, 803, 806, 809, 812, 815, 818,
    819, 822, 825, 828, 831, 834, 837, 840, 843, 846, 849, 852, 855, 858, 861,
    864, 865, 868, 871, 874, 877, 880, 883, 886, 889, 892, 895, 898, 899, 902,
    905, 908, 911, 914, 917, 920, 923, 924, 927, 930, 933, 936, 939, 942, 945,
    948, 951, 954, 957, 960, 963, 966, 969, 972, 975, 978, 981, 984, 985, 988,
    991, 994, 997, 1000, 1003, 1006, 1009, 1012, 1015

Reassigned labels

Runtime: 0.9523026943206787

Performance split_log:

IM without threshold:
Map:
{"A_0": "A", "A_1": "A"}
token_fitness
{"perc_fit_traces": 0.0, "average_trace_fitness": 0.8959975749542122, "log_fitness": 0.9004747444506223, "percentage_of_fitting_traces": 0.0}
precision
0.5646172488277752
0.7142857142857143
generalization
0.8264859508372947

Adjusted Rand Index:
0.4824094538071675



Parameters of this run:

Window size: 1
Threshold for edges: 0.25
Split candidates: A
Max number of traces: 5000000
Method for distance calculation: Distance.SET_DISTANCE
Method for finding clusters: ClusteringMethod.COMMUNITY_DETECTION
Original log location: ./data/noImprInLoop_default_OD\feb17-0936\logs\E_1_LogD_Sequence_feb17-0936.xes.gz
Use frequency: True

Found communities: 

Clustering with 1017 elements and 2 clusters
[0] 0, 2, 3, 6, 7, 9, 10, 12, 13, 16, 17, 19, 20, 22, 23, 26, 27, 29, 30, 32,
    33, 35, 36, 38, 39, 41, 42, 44, 45, 47, 48, 50, 51, 54, 55, 58, 59, 62,
    63, 66, 67, 69, 70, 72, 73, 76, 77, 79, 80, 82, 83, 85, 86, 88, 89, 91,
    92, 94, 95, 97, 98, 100, 101, 103, 104, 106, 107, 109, 110, 112, 113, 116,
    117, 119, 120, 122, 123, 125, 126, 128, 129, 131, 132, 135, 136, 138, 139,
    141, 142, 144, 145, 148, 149, 151, 152, 154, 155, 157, 158, 160, 161, 163,
    164, 167, 168, 170, 171, 173, 174, 177, 178, 180, 181, 183, 184, 186, 187,
    189, 190, 192, 193, 196, 197, 200, 201, 203, 204, 206, 207, 210, 211, 213,
    214, 216, 217, 219, 220, 222, 223, 225, 226, 228, 229, 231, 232, 234, 235,
    237, 238, 241, 242, 245, 246, 248, 249, 251, 252, 254, 255, 257, 258, 260,
    261, 263, 264, 266, 267, 269, 270, 273, 274, 276, 277, 279, 280, 282, 283,
    285, 286, 288, 289, 291, 292, 294, 295, 297, 298, 300, 301, 303, 304, 306,
    307, 309, 310, 312, 313, 315, 316, 318, 319, 321, 322, 324, 325, 327, 328,
    330, 331, 333, 334, 336, 337, 339, 340, 342, 343, 345, 346, 348, 349, 351,
    352, 354, 355, 357, 358, 360, 361, 364, 365, 367, 368, 370, 371, 373, 374,
    376, 377, 379, 380, 382, 383, 385, 386, 388, 389, 391, 392, 394, 395, 397,
    398, 400, 401, 403, 404, 406, 407, 409, 410, 412, 413, 415, 416, 418, 419,
    421, 422, 425, 426, 428, 429, 431, 432, 434, 435, 437, 438, 440, 441, 443,
    444, 446, 447, 449, 450, 452, 453, 455, 456, 458, 459, 461, 462, 464, 465,
    467, 468, 470, 471, 473, 474, 476, 477, 479, 480, 482, 483, 485, 486, 488,
    489, 491, 492, 494, 495, 497, 498, 501, 502, 504, 505, 508, 509, 511, 512,
    514, 515, 518, 519, 521, 522, 524, 525, 527, 528, 530, 531, 533, 534, 536,
    537, 539, 540, 542, 543, 545, 546, 548, 549, 551, 552, 554, 555, 557, 558,
    560, 561, 563, 564, 566, 567, 570, 571, 573, 574, 577, 578, 580, 581, 583,
    584, 586, 587, 589, 590, 592, 593, 595, 596, 598, 599, 601, 602, 604, 605,
    607, 608, 610, 611, 613, 614, 616, 617, 619, 620, 622, 623, 625, 626, 628,
    629, 631, 632, 635, 636, 638, 639, 641, 642, 644, 645, 647, 648, 650, 651,
    653, 654, 656, 657, 659, 660, 662, 663, 665, 666, 668, 669, 671, 672, 674,
    675, 677, 678, 680, 681, 683, 684, 686, 687, 689, 690, 692, 693, 695, 696,
    698, 699, 701, 702, 704, 705, 707, 708, 710, 711, 713, 714, 716, 717, 719,
    720, 722, 723, 725, 726, 728, 729, 731, 732, 734, 735, 737, 738, 740, 741,
    743, 744, 747, 748, 750, 751, 753, 754, 756, 757, 759, 760, 762, 763, 765,
    766, 768, 769, 771, 772, 774, 775, 777, 778, 780, 781, 783, 784, 786, 787,
    789, 790, 792, 793, 795, 796, 798, 799, 801, 802, 804, 805, 807, 808, 810,
    811, 813, 814, 816, 817, 820, 821, 823, 824, 826, 827, 829, 830, 832, 833,
    835, 836, 838, 839, 841, 842, 844, 845, 847, 848, 850, 851, 853, 854, 856,
    857, 859, 860, 862, 863, 866, 867, 869, 870, 872, 873, 875, 876, 878, 879,
    881, 882, 884, 885, 887, 888, 890, 891, 893, 894, 896, 897, 900, 901, 903,
    904, 906, 907, 909, 910, 912, 913, 915, 916, 918, 919, 921, 922, 925, 926,
    928, 929, 931, 932, 934, 935, 937, 938, 940, 941, 943, 944, 946, 947, 949,
    950, 952, 953, 955, 956, 958, 959, 961, 962, 964, 965, 967, 968, 970, 971,
    973, 974, 976, 977, 979, 980, 982, 983, 986, 987, 989, 990, 992, 993, 995,
    996, 998, 999, 1001, 1002, 1004, 1005, 1007, 1008, 1010, 1011, 1013, 1014,
    1016
[1] 1, 4, 5, 8, 11, 14, 15, 18, 21, 24, 25, 28, 31, 34, 37, 40, 43, 46, 49,
    52, 53, 56, 57, 60, 61, 64, 65, 68, 71, 74, 75, 78, 81, 84, 87, 90, 93,
    96, 99, 102, 105, 108, 111, 114, 115, 118, 121, 124, 127, 130, 133, 134,
    137, 140, 143, 146, 147, 150, 153, 156, 159, 162, 165, 166, 169, 172, 175,
    176, 179, 182, 185, 188, 191, 194, 195, 198, 199, 202, 205, 208, 209, 212,
    215, 218, 221, 224, 227, 230, 233, 236, 239, 240, 243, 244, 247, 250, 253,
    256, 259, 262, 265, 268, 271, 272, 275, 278, 281, 284, 287, 290, 293, 296,
    299, 302, 305, 308, 311, 314, 317, 320, 323, 326, 329, 332, 335, 338, 341,
    344, 347, 350, 353, 356, 359, 362, 363, 366, 369, 372, 375, 378, 381, 384,
    387, 390, 393, 396, 399, 402, 405, 408, 411, 414, 417, 420, 423, 424, 427,
    430, 433, 436, 439, 442, 445, 448, 451, 454, 457, 460, 463, 466, 469, 472,
    475, 478, 481, 484, 487, 490, 493, 496, 499, 500, 503, 506, 507, 510, 513,
    516, 517, 520, 523, 526, 529, 532, 535, 538, 541, 544, 547, 550, 553, 556,
    559, 562, 565, 568, 569, 572, 575, 576, 579, 582, 585, 588, 591, 594, 597,
    600, 603, 606, 609, 612, 615, 618, 621, 624, 627, 630, 633, 634, 637, 640,
    643, 646, 649, 652, 655, 658, 661, 664, 667, 670, 673, 676, 679, 682, 685,
    688, 691, 694, 697, 700, 703, 706, 709, 712, 715, 718, 721, 724, 727, 730,
    733, 736, 739, 742, 745, 746, 749, 752, 755, 758, 761, 764, 767, 770, 773,
    776, 779, 782, 785, 788, 791, 794, 797, 800, 803, 806, 809, 812, 815, 818,
    819, 822, 825, 828, 831, 834, 837, 840, 843, 846, 849, 852, 855, 858, 861,
    864, 865, 868, 871, 874, 877, 880, 883, 886, 889, 892, 895, 898, 899, 902,
    905, 908, 911, 914, 917, 920, 923, 924, 927, 930, 933, 936, 939, 942, 945,
    948, 951, 954, 957, 960, 963, 966, 969, 972, 975, 978, 981, 984, 985, 988,
    991, 994, 997, 1000, 1003, 1006, 1009, 1012, 1015

Reassigned labels

Runtime: 0.8641862869262695

Performance split_log:

IM without threshold:
Map:
{"A_0": "A", "A_1": "A"}
token_fitness
{"perc_fit_traces": 0.0, "average_trace_fitness": 0.8959975749542122, "log_fitness": 0.9004747444506223, "percentage_of_fitting_traces": 0.0}
precision
0.5646172488277752
0.7142857142857143
generalization
0.8264859508372947

Adjusted Rand Index:
0.4824094538071675



Parameters of this run:

Window size: 1
Threshold for edges: 0.5
Split candidates: A
Max number of traces: 5000000
Method for distance calculation: Distance.SET_DISTANCE
Method for finding clusters: ClusteringMethod.COMMUNITY_DETECTION
Original log location: ./data/noImprInLoop_default_OD\feb17-0936\logs\E_1_LogD_Sequence_feb17-0936.xes.gz
Use frequency: True

Found communities: 

Clustering with 1017 elements and 2 clusters
[0] 0, 2, 3, 6, 7, 9, 10, 12, 13, 16, 17, 19, 20, 22, 23, 26, 27, 29, 30, 32,
    33, 35, 36, 38, 39, 41, 42, 44, 45, 47, 48, 50, 51, 54, 55, 58, 59, 62,
    63, 66, 67, 69, 70, 72, 73, 76, 77, 79, 80, 82, 83, 85, 86, 88, 89, 91,
    92, 94, 95, 97, 98, 100, 101, 103, 104, 106, 107, 109, 110, 112, 113, 116,
    117, 119, 120, 122, 123, 125, 126, 128, 129, 131, 132, 135, 136, 138, 139,
    141, 142, 144, 145, 148, 149, 151, 152, 154, 155, 157, 158, 160, 161, 163,
    164, 167, 168, 170, 171, 173, 174, 177, 178, 180, 181, 183, 184, 186, 187,
    189, 190, 192, 193, 196, 197, 200, 201, 203, 204, 206, 207, 210, 211, 213,
    214, 216, 217, 219, 220, 222, 223, 225, 226, 228, 229, 231, 232, 234, 235,
    237, 238, 241, 242, 245, 246, 248, 249, 251, 252, 254, 255, 257, 258, 260,
    261, 263, 264, 266, 267, 269, 270, 273, 274, 276, 277, 279, 280, 282, 283,
    285, 286, 288, 289, 291, 292, 294, 295, 297, 298, 300, 301, 303, 304, 306,
    307, 309, 310, 312, 313, 315, 316, 318, 319, 321, 322, 324, 325, 327, 328,
    330, 331, 333, 334, 336, 337, 339, 340, 342, 343, 345, 346, 348, 349, 351,
    352, 354, 355, 357, 358, 360, 361, 364, 365, 367, 368, 370, 371, 373, 374,
    376, 377, 379, 380, 382, 383, 385, 386, 388, 389, 391, 392, 394, 395, 397,
    398, 400, 401, 403, 404, 406, 407, 409, 410, 412, 413, 415, 416, 418, 419,
    421, 422, 425, 426, 428, 429, 431, 432, 434, 435, 437, 438, 440, 441, 443,
    444, 446, 447, 449, 450, 452, 453, 455, 456, 458, 459, 461, 462, 464, 465,
    467, 468, 470, 471, 473, 474, 476, 477, 479, 480, 482, 483, 485, 486, 488,
    489, 491, 492, 494, 495, 497, 498, 501, 502, 504, 505, 508, 509, 511, 512,
    514, 515, 518, 519, 521, 522, 524, 525, 527, 528, 530, 531, 533, 534, 536,
    537, 539, 540, 542, 543, 545, 546, 548, 549, 551, 552, 554, 555, 557, 558,
    560, 561, 563, 564, 566, 567, 570, 571, 573, 574, 577, 578, 580, 581, 583,
    584, 586, 587, 589, 590, 592, 593, 595, 596, 598, 599, 601, 602, 604, 605,
    607, 608, 610, 611, 613, 614, 616, 617, 619, 620, 622, 623, 625, 626, 628,
    629, 631, 632, 635, 636, 638, 639, 641, 642, 644, 645, 647, 648, 650, 651,
    653, 654, 656, 657, 659, 660, 662, 663, 665, 666, 668, 669, 671, 672, 674,
    675, 677, 678, 680, 681, 683, 684, 686, 687, 689, 690, 692, 693, 695, 696,
    698, 699, 701, 702, 704, 705, 707, 708, 710, 711, 713, 714, 716, 717, 719,
    720, 722, 723, 725, 726, 728, 729, 731, 732, 734, 735, 737, 738, 740, 741,
    743, 744, 747, 748, 750, 751, 753, 754, 756, 757, 759, 760, 762, 763, 765,
    766, 768, 769, 771, 772, 774, 775, 777, 778, 780, 781, 783, 784, 786, 787,
    789, 790, 792, 793, 795, 796, 798, 799, 801, 802, 804, 805, 807, 808, 810,
    811, 813, 814, 816, 817, 820, 821, 823, 824, 826, 827, 829, 830, 832, 833,
    835, 836, 838, 839, 841, 842, 844, 845, 847, 848, 850, 851, 853, 854, 856,
    857, 859, 860, 862, 863, 866, 867, 869, 870, 872, 873, 875, 876, 878, 879,
    881, 882, 884, 885, 887, 888, 890, 891, 893, 894, 896, 897, 900, 901, 903,
    904, 906, 907, 909, 910, 912, 913, 915, 916, 918, 919, 921, 922, 925, 926,
    928, 929, 931, 932, 934, 935, 937, 938, 940, 941, 943, 944, 946, 947, 949,
    950, 952, 953, 955, 956, 958, 959, 961, 962, 964, 965, 967, 968, 970, 971,
    973, 974, 976, 977, 979, 980, 982, 983, 986, 987, 989, 990, 992, 993, 995,
    996, 998, 999, 1001, 1002, 1004, 1005, 1007, 1008, 1010, 1011, 1013, 1014,
    1016
[1] 1, 4, 5, 8, 11, 14, 15, 18, 21, 24, 25, 28, 31, 34, 37, 40, 43, 46, 49,
    52, 53, 56, 57, 60, 61, 64, 65, 68, 71, 74, 75, 78, 81, 84, 87, 90, 93,
    96, 99, 102, 105, 108, 111, 114, 115, 118, 121, 124, 127, 130, 133, 134,
    137, 140, 143, 146, 147, 150, 153, 156, 159, 162, 165, 166, 169, 172, 175,
    176, 179, 182, 185, 188, 191, 194, 195, 198, 199, 202, 205, 208, 209, 212,
    215, 218, 221, 224, 227, 230, 233, 236, 239, 240, 243, 244, 247, 250, 253,
    256, 259, 262, 265, 268, 271, 272, 275, 278, 281, 284, 287, 290, 293, 296,
    299, 302, 305, 308, 311, 314, 317, 320, 323, 326, 329, 332, 335, 338, 341,
    344, 347, 350, 353, 356, 359, 362, 363, 366, 369, 372, 375, 378, 381, 384,
    387, 390, 393, 396, 399, 402, 405, 408, 411, 414, 417, 420, 423, 424, 427,
    430, 433, 436, 439, 442, 445, 448, 451, 454, 457, 460, 463, 466, 469, 472,
    475, 478, 481, 484, 487, 490, 493, 496, 499, 500, 503, 506, 507, 510, 513,
    516, 517, 520, 523, 526, 529, 532, 535, 538, 541, 544, 547, 550, 553, 556,
    559, 562, 565, 568, 569, 572, 575, 576, 579, 582, 585, 588, 591, 594, 597,
    600, 603, 606, 609, 612, 615, 618, 621, 624, 627, 630, 633, 634, 637, 640,
    643, 646, 649, 652, 655, 658, 661, 664, 667, 670, 673, 676, 679, 682, 685,
    688, 691, 694, 697, 700, 703, 706, 709, 712, 715, 718, 721, 724, 727, 730,
    733, 736, 739, 742, 745, 746, 749, 752, 755, 758, 761, 764, 767, 770, 773,
    776, 779, 782, 785, 788, 791, 794, 797, 800, 803, 806, 809, 812, 815, 818,
    819, 822, 825, 828, 831, 834, 837, 840, 843, 846, 849, 852, 855, 858, 861,
    864, 865, 868, 871, 874, 877, 880, 883, 886, 889, 892, 895, 898, 899, 902,
    905, 908, 911, 914, 917, 920, 923, 924, 927, 930, 933, 936, 939, 942, 945,
    948, 951, 954, 957, 960, 963, 966, 969, 972, 975, 978, 981, 984, 985, 988,
    991, 994, 997, 1000, 1003, 1006, 1009, 1012, 1015

Reassigned labels

Runtime: 0.8240673542022705

Performance split_log:

IM without threshold:
Map:
{"A_0": "A", "A_1": "A"}
token_fitness
{"perc_fit_traces": 0.0, "average_trace_fitness": 0.8959975749542122, "log_fitness": 0.9004747444506223, "percentage_of_fitting_traces": 0.0}
precision
0.5646172488277752
0.7142857142857143
generalization
0.8264859508372947

Adjusted Rand Index:
0.4824094538071675



Parameters of this run:

Window size: 1
Threshold for edges: 0.75
Split candidates: A
Max number of traces: 5000000
Method for distance calculation: Distance.SET_DISTANCE
Method for finding clusters: ClusteringMethod.COMMUNITY_DETECTION
Original log location: ./data/noImprInLoop_default_OD\feb17-0936\logs\E_1_LogD_Sequence_feb17-0936.xes.gz
Use frequency: True

Found communities: 

Clustering with 1017 elements and 10 clusters
[ 0] 1, 4, 5, 8, 11, 14, 15, 18, 21, 24, 25, 28, 31, 34, 37, 40, 43, 46, 49,
     52, 53, 56, 57, 60, 61, 64, 65, 68, 71, 74, 75, 78, 81, 84, 87, 90, 93,
     96, 99, 102, 105, 108, 111, 114, 115, 118, 121, 124, 127, 130, 133, 134,
     137, 140, 143, 146, 147, 150, 153, 156, 159, 162, 165, 166, 169, 172,
     175, 176, 179, 182, 185, 188, 191, 194, 195, 198, 199, 202, 205, 208,
     209, 212, 215, 218, 221, 224, 227, 230, 233, 236, 239, 240, 243, 244,
     247, 250, 253, 256, 259, 262, 265, 268, 271, 272, 275, 278, 281, 284,
     287, 290, 293, 296, 299, 302, 305, 308, 311, 314, 317, 320, 323, 326,
     329, 332, 335, 338, 341, 344, 347, 350, 353, 356, 359, 362, 363, 366,
     369, 372, 375, 378, 381, 384, 387, 390, 393, 396, 399, 402, 405, 408,
     411, 414, 417, 420, 423, 424, 427, 430, 433, 436, 439, 442, 445, 448,
     451, 454, 457, 460, 463, 466, 469, 472, 475, 478, 481, 484, 487, 490,
     493, 496, 499, 500, 503, 506, 507, 510, 513, 516, 517, 520, 523, 526,
     529, 532, 535, 538, 541, 544, 547, 550, 553, 556, 559, 562, 565, 568,
     569, 572, 575, 576, 579, 582, 585, 588, 591, 594, 597, 600, 603, 606,
     609, 612, 615, 618, 621, 624, 627, 630, 633, 634, 637, 640, 643, 646,
     649, 652, 655, 658, 661, 664, 667, 670, 673, 676, 679, 682, 685, 688,
     691, 694, 697, 700, 703, 706, 709, 712, 715, 718, 721, 724, 727, 730,
     733, 736, 739, 742, 745, 746, 749, 752, 755, 758, 761, 764, 767, 770,
     773, 776, 779, 782, 785, 788, 791, 794, 797, 800, 803, 806, 809, 812,
     815, 818, 819, 822, 825, 828, 831, 834, 837, 840, 843, 846, 849, 852,
     855, 858, 861, 864, 865, 868, 871, 874, 877, 880, 883, 886, 889, 892,
     895, 898, 899, 902, 905, 908, 911, 914, 917, 920, 923, 924, 927, 930,
     933, 936, 939, 942, 945, 948, 951, 954, 957, 960, 963, 966, 969, 972,
     975, 978, 981, 984, 985, 988, 991, 994, 997, 1000, 1003, 1006, 1009,
     1012, 1015
[ 1] 2, 9, 26, 41, 62, 66, 79, 82, 88, 91, 100, 106, 116, 119, 122, 131, 151,
     157, 167, 180, 196, 203, 234, 251, 263, 285, 297, 300, 306, 324, 336,
     339, 348, 351, 364, 379, 385, 391, 394, 400, 431, 434, 437, 449, 455,
     470, 473, 479, 491, 504, 508, 511, 514, 521, 530, 539, 542, 551, 557,
     566, 573, 577, 583, 589, 595, 619, 625, 638, 641, 662, 674, 677, 689,
     692, 707, 734, 737, 740, 743, 747, 750, 765, 768, 771, 774, 789, 792,
     801, 804, 810, 823, 838, 844, 859, 862, 872, 881, 893, 896, 900, 906,
     909, 912, 925, 928, 940, 949, 952, 955, 964, 967, 970, 976, 998, 1016
[ 2] 6, 12, 16, 19, 29, 35, 38, 54, 85, 97, 103, 125, 144, 148, 154, 160, 163,
     173, 186, 189, 200, 206, 210, 213, 219, 225, 231, 245, 257, 260, 276,
     279, 291, 303, 309, 318, 327, 330, 333, 360, 367, 373, 376, 403, 409,
     412, 418, 421, 428, 440, 446, 452, 461, 464, 482, 485, 488, 497, 518,
     545, 548, 554, 580, 592, 598, 616, 622, 635, 644, 650, 653, 659, 665,
     680, 683, 686, 695, 698, 701, 704, 710, 713, 716, 719, 722, 725, 731,
     759, 762, 807, 813, 829, 832, 835, 841, 853, 856, 875, 884, 887, 903,
     937, 943, 958, 961, 982, 986, 992, 1001, 1007, 1010, 1013
[ 3] 22, 32, 44, 47, 50, 58, 69, 72, 76, 94, 109, 112, 128, 135, 138, 141,
     170, 177, 183, 192, 216, 222, 228, 237, 241, 248, 254, 266, 269, 273,
     282, 288, 294, 312, 315, 321, 342, 345, 354, 357, 370, 382, 388, 397,
     406, 415, 425, 443, 458, 467, 476, 494, 501, 524, 527, 533, 536, 560,
     563, 570, 586, 601, 604, 607, 610, 613, 628, 631, 647, 656, 668, 671,
     728, 753, 756, 777, 780, 783, 786, 795, 798, 816, 820, 826, 847, 850,
     866, 869, 878, 890, 915, 918, 921, 931, 934, 946, 973, 979, 989, 995,
     1004
[ 4] 7, 95, 117, 126, 149, 152, 184, 229, 235, 264, 292, 298, 316, 349, 368,
     374, 389, 401, 416, 441, 462, 483, 502, 525, 531, 540, 561, 564, 596,
     605, 623, 639, 645, 651, 654, 666, 669, 684, 696, 699, 702, 705, 726,
     732, 741, 754, 766, 778, 793, 857, 873, 882, 901, 907, 932, 938, 962,
     971, 974, 977, 987, 993, 999, 1014
[ 5] 0, 20, 36, 39, 45, 48, 70, 77, 83, 101, 104, 123, 129, 139, 171, 178,
     181, 187, 201, 211, 217, 223, 232, 249, 252, 286, 295, 307, 310, 313,
     328, 337, 352, 383, 398, 419, 426, 435, 444, 453, 459, 546, 584, 587,
     602, 608, 614, 629, 660, 672, 678, 693, 711, 763, 808, 811, 824, 867,
     870, 910, 1011
[ 6] 17, 30, 67, 80, 89, 110, 136, 155, 214, 261, 274, 304, 331, 340, 343,
     346, 371, 377, 380, 392, 395, 407, 413, 432, 456, 468, 471, 474, 480,
     486, 492, 519, 555, 626, 642, 657, 663, 675, 687, 708, 729, 751, 784,
     796, 799, 821, 842, 848, 851, 885, 888, 891, 894, 904, 916, 926, 941,
     950, 980, 990, 1005
[ 7] 27, 33, 42, 86, 92, 107, 158, 161, 168, 190, 226, 258, 267, 277, 280,
     301, 322, 325, 358, 450, 465, 477, 489, 509, 522, 528, 534, 537, 549,
     571, 581, 590, 599, 617, 681, 714, 717, 720, 723, 769, 772, 787, 790,
     827, 833, 839, 854, 860, 876, 879, 929, 947, 953, 959, 1008
[ 8] 10, 98, 120, 142, 204, 220, 246, 255, 283, 289, 319, 334, 355, 365, 386,
     404, 410, 429, 438, 447, 495, 512, 543, 552, 558, 578, 593, 611, 620,
     636, 648, 690, 735, 738, 748, 757, 760, 775, 781, 802, 805, 814, 830,
     836, 845, 913, 919, 935, 944, 956, 965, 968, 996, 1002
[ 9] 3, 13, 23, 51, 55, 59, 63, 73, 113, 132, 145, 164, 174, 193, 197, 207,
     238, 242, 270, 361, 422, 498, 505, 515, 567, 574, 632, 744, 817, 863,
     897, 922, 983

Reassigned labels

Runtime: 0.6742596626281738

Performance split_log:

IM without threshold:
Map:
{"A_0": "A", "A_1": "A", "A_2": "A", "A_3": "A", "A_4": "A", "A_5": "A", "A_6": "A", "A_7": "A", "A_8": "A", "A_9": "A"}
token_fitness
{"perc_fit_traces": 0.0, "average_trace_fitness": 0.8940090885675537, "log_fitness": 0.8987952855216805, "percentage_of_fitting_traces": 0.0}
precision
0.9998134154305439
0.7204301075268819
generalization
0.8172358501530881

Adjusted Rand Index:
0.653020464520542



Parameters of this run:

Window size: 1
Threshold for edges: 1
Split candidates: A
Max number of traces: 5000000
Method for distance calculation: Distance.SET_DISTANCE
Method for finding clusters: ClusteringMethod.COMMUNITY_DETECTION
Original log location: ./data/noImprInLoop_default_OD\feb17-0936\logs\E_1_LogD_Sequence_feb17-0936.xes.gz
Use frequency: True

Found communities: 

Clustering with 1017 elements and 10 clusters
[ 0] 1, 4, 5, 8, 11, 14, 15, 18, 21, 24, 25, 28, 31, 34, 37, 40, 43, 46, 49,
     52, 53, 56, 57, 60, 61, 64, 65, 68, 71, 74, 75, 78, 81, 84, 87, 90, 93,
     96, 99, 102, 105, 108, 111, 114, 115, 118, 121, 124, 127, 130, 133, 134,
     137, 140, 143, 146, 147, 150, 153, 156, 159, 162, 165, 166, 169, 172,
     175, 176, 179, 182, 185, 188, 191, 194, 195, 198, 199, 202, 205, 208,
     209, 212, 215, 218, 221, 224, 227, 230, 233, 236, 239, 240, 243, 244,
     247, 250, 253, 256, 259, 262, 265, 268, 271, 272, 275, 278, 281, 284,
     287, 290, 293, 296, 299, 302, 305, 308, 311, 314, 317, 320, 323, 326,
     329, 332, 335, 338, 341, 344, 347, 350, 353, 356, 359, 362, 363, 366,
     369, 372, 375, 378, 381, 384, 387, 390, 393, 396, 399, 402, 405, 408,
     411, 414, 417, 420, 423, 424, 427, 430, 433, 436, 439, 442, 445, 448,
     451, 454, 457, 460, 463, 466, 469, 472, 475, 478, 481, 484, 487, 490,
     493, 496, 499, 500, 503, 506, 507, 510, 513, 516, 517, 520, 523, 526,
     529, 532, 535, 538, 541, 544, 547, 550, 553, 556, 559, 562, 565, 568,
     569, 572, 575, 576, 579, 582, 585, 588, 591, 594, 597, 600, 603, 606,
     609, 612, 615, 618, 621, 624, 627, 630, 633, 634, 637, 640, 643, 646,
     649, 652, 655, 658, 661, 664, 667, 670, 673, 676, 679, 682, 685, 688,
     691, 694, 697, 700, 703, 706, 709, 712, 715, 718, 721, 724, 727, 730,
     733, 736, 739, 742, 745, 746, 749, 752, 755, 758, 761, 764, 767, 770,
     773, 776, 779, 782, 785, 788, 791, 794, 797, 800, 803, 806, 809, 812,
     815, 818, 819, 822, 825, 828, 831, 834, 837, 840, 843, 846, 849, 852,
     855, 858, 861, 864, 865, 868, 871, 874, 877, 880, 883, 886, 889, 892,
     895, 898, 899, 902, 905, 908, 911, 914, 917, 920, 923, 924, 927, 930,
     933, 936, 939, 942, 945, 948, 951, 954, 957, 960, 963, 966, 969, 972,
     975, 978, 981, 984, 985, 988, 991, 994, 997, 1000, 1003, 1006, 1009,
     1012, 1015
[ 1] 2, 9, 26, 41, 62, 66, 79, 82, 88, 91, 100, 106, 116, 119, 122, 131, 151,
     157, 167, 180, 196, 203, 234, 251, 263, 285, 297, 300, 306, 324, 336,
     339, 348, 351, 364, 379, 385, 391, 394, 400, 431, 434, 437, 449, 455,
     470, 473, 479, 491, 504, 508, 511, 514, 521, 530, 539, 542, 551, 557,
     566, 573, 577, 583, 589, 595, 619, 625, 638, 641, 662, 674, 677, 689,
     692, 707, 734, 737, 740, 743, 747, 750, 765, 768, 771, 774, 789, 792,
     801, 804, 810, 823, 838, 844, 859, 862, 872, 881, 893, 896, 900, 906,
     909, 912, 925, 928, 940, 949, 952, 955, 964, 967, 970, 976, 998, 1016
[ 2] 6, 12, 16, 19, 29, 35, 38, 54, 85, 97, 103, 125, 144, 148, 154, 160, 163,
     173, 186, 189, 200, 206, 210, 213, 219, 225, 231, 245, 257, 260, 276,
     279, 291, 303, 309, 318, 327, 330, 333, 360, 367, 373, 376, 403, 409,
     412, 418, 421, 428, 440, 446, 452, 461, 464, 482, 485, 488, 497, 518,
     545, 548, 554, 580, 592, 598, 616, 622, 635, 644, 650, 653, 659, 665,
     680, 683, 686, 695, 698, 701, 704, 710, 713, 716, 719, 722, 725, 731,
     759, 762, 807, 813, 829, 832, 835, 841, 853, 856, 875, 884, 887, 903,
     937, 943, 958, 961, 982, 986, 992, 1001, 1007, 1010, 1013
[ 3] 22, 32, 44, 47, 50, 58, 69, 72, 76, 94, 109, 112, 128, 135, 138, 141,
     170, 177, 183, 192, 216, 222, 228, 237, 241, 248, 254, 266, 269, 273,
     282, 288, 294, 312, 315, 321, 342, 345, 354, 357, 370, 382, 388, 397,
     406, 415, 425, 443, 458, 467, 476, 494, 501, 524, 527, 533, 536, 560,
     563, 570, 586, 601, 604, 607, 610, 613, 628, 631, 647, 656, 668, 671,
     728, 753, 756, 777, 780, 783, 786, 795, 798, 816, 820, 826, 847, 850,
     866, 869, 878, 890, 915, 918, 921, 931, 934, 946, 973, 979, 989, 995,
     1004
[ 4] 7, 95, 117, 126, 149, 152, 184, 229, 235, 264, 292, 298, 316, 349, 368,
     374, 389, 401, 416, 441, 462, 483, 502, 525, 531, 540, 561, 564, 596,
     605, 623, 639, 645, 651, 654, 666, 669, 684, 696, 699, 702, 705, 726,
     732, 741, 754, 766, 778, 793, 857, 873, 882, 901, 907, 932, 938, 962,
     971, 974, 977, 987, 993, 999, 1014
[ 5] 0, 20, 36, 39, 45, 48, 70, 77, 83, 101, 104, 123, 129, 139, 171, 178,
     181, 187, 201, 211, 217, 223, 232, 249, 252, 286, 295, 307, 310, 313,
     328, 337, 352, 383, 398, 419, 426, 435, 444, 453, 459, 546, 584, 587,
     602, 608, 614, 629, 660, 672, 678, 693, 711, 763, 808, 811, 824, 867,
     870, 910, 1011
[ 6] 17, 30, 67, 80, 89, 110, 136, 155, 214, 261, 274, 304, 331, 340, 343,
     346, 371, 377, 380, 392, 395, 407, 413, 432, 456, 468, 471, 474, 480,
     486, 492, 519, 555, 626, 642, 657, 663, 675, 687, 708, 729, 751, 784,
     796, 799, 821, 842, 848, 851, 885, 888, 891, 894, 904, 916, 926, 941,
     950, 980, 990, 1005
[ 7] 27, 33, 42, 86, 92, 107, 158, 161, 168, 190, 226, 258, 267, 277, 280,
     301, 322, 325, 358, 450, 465, 477, 489, 509, 522, 528, 534, 537, 549,
     571, 581, 590, 599, 617, 681, 714, 717, 720, 723, 769, 772, 787, 790,
     827, 833, 839, 854, 860, 876, 879, 929, 947, 953, 959, 1008
[ 8] 10, 98, 120, 142, 204, 220, 246, 255, 283, 289, 319, 334, 355, 365, 386,
     404, 410, 429, 438, 447, 495, 512, 543, 552, 558, 578, 593, 611, 620,
     636, 648, 690, 735, 738, 748, 757, 760, 775, 781, 802, 805, 814, 830,
     836, 845, 913, 919, 935, 944, 956, 965, 968, 996, 1002
[ 9] 3, 13, 23, 51, 55, 59, 63, 73, 113, 132, 145, 164, 174, 193, 197, 207,
     238, 242, 270, 361, 422, 498, 505, 515, 567, 574, 632, 744, 817, 863,
     897, 922, 983

Reassigned labels

Runtime: 0.6891543865203857

Performance split_log:

IM without threshold:
Map:
{"A_0": "A", "A_1": "A", "A_2": "A", "A_3": "A", "A_4": "A", "A_5": "A", "A_6": "A", "A_7": "A", "A_8": "A", "A_9": "A"}
token_fitness
{"perc_fit_traces": 0.0, "average_trace_fitness": 0.8168247809179455, "log_fitness": 0.8193824032391525, "percentage_of_fitting_traces": 0.0}
precision
0.9998134154305439
0.7204301075268819
generalization
0.8186670719611993

Adjusted Rand Index:
0.653020464520542



Parameters of this run:

Window size: 1
Threshold for edges: 0
Split candidates: A
Max number of traces: 5000000
Method for distance calculation: Distance.MULTISET_DISTANCE
Method for finding clusters: ClusteringMethod.COMMUNITY_DETECTION
Original log location: ./data/noImprInLoop_default_OD\feb17-0936\logs\E_1_LogD_Sequence_feb17-0936.xes.gz
Use frequency: True

Found communities: 

Clustering with 1017 elements and 2 clusters
[0] 0, 2, 3, 6, 7, 9, 10, 12, 13, 16, 17, 19, 20, 22, 23, 26, 27, 29, 30, 32,
    33, 35, 36, 38, 39, 41, 42, 44, 45, 47, 48, 50, 51, 54, 55, 58, 59, 62,
    63, 66, 67, 69, 70, 72, 73, 76, 77, 79, 80, 82, 83, 85, 86, 88, 89, 91,
    92, 94, 95, 97, 98, 100, 101, 103, 104, 106, 107, 109, 110, 112, 113, 116,
    117, 119, 120, 122, 123, 125, 126, 128, 129, 131, 132, 135, 136, 138, 139,
    141, 142, 144, 145, 148, 149, 151, 152, 154, 155, 157, 158, 160, 161, 163,
    164, 167, 168, 170, 171, 173, 174, 177, 178, 180, 181, 183, 184, 186, 187,
    189, 190, 192, 193, 196, 197, 200, 201, 203, 204, 206, 207, 210, 211, 213,
    214, 216, 217, 219, 220, 222, 223, 225, 226, 228, 229, 231, 232, 234, 235,
    237, 238, 241, 242, 245, 246, 248, 249, 251, 252, 254, 255, 257, 258, 260,
    261, 263, 264, 266, 267, 269, 270, 273, 274, 276, 277, 279, 280, 282, 283,
    285, 286, 288, 289, 291, 292, 294, 295, 297, 298, 300, 301, 303, 304, 306,
    307, 309, 310, 312, 313, 315, 316, 318, 319, 321, 322, 324, 325, 327, 328,
    330, 331, 333, 334, 336, 337, 339, 340, 342, 343, 345, 346, 348, 349, 351,
    352, 354, 355, 357, 358, 360, 361, 364, 365, 367, 368, 370, 371, 373, 374,
    376, 377, 379, 380, 382, 383, 385, 386, 388, 389, 391, 392, 394, 395, 397,
    398, 400, 401, 403, 404, 406, 407, 409, 410, 412, 413, 415, 416, 418, 419,
    421, 422, 425, 426, 428, 429, 431, 432, 434, 435, 437, 438, 440, 441, 443,
    444, 446, 447, 449, 450, 452, 453, 455, 456, 458, 459, 461, 462, 464, 465,
    467, 468, 470, 471, 473, 474, 476, 477, 479, 480, 482, 483, 485, 486, 488,
    489, 491, 492, 494, 495, 497, 498, 501, 502, 504, 505, 508, 509, 511, 512,
    514, 515, 518, 519, 521, 522, 524, 525, 527, 528, 530, 531, 533, 534, 536,
    537, 539, 540, 542, 543, 545, 546, 548, 549, 551, 552, 554, 555, 557, 558,
    560, 561, 563, 564, 566, 567, 570, 571, 573, 574, 577, 578, 580, 581, 583,
    584, 586, 587, 589, 590, 592, 593, 595, 596, 598, 599, 601, 602, 604, 605,
    607, 608, 610, 611, 613, 614, 616, 617, 619, 620, 622, 623, 625, 626, 628,
    629, 631, 632, 635, 636, 638, 639, 641, 642, 644, 645, 647, 648, 650, 651,
    653, 654, 656, 657, 659, 660, 662, 663, 665, 666, 668, 669, 671, 672, 674,
    675, 677, 678, 680, 681, 683, 684, 686, 687, 689, 690, 692, 693, 695, 696,
    698, 699, 701, 702, 704, 705, 707, 708, 710, 711, 713, 714, 716, 717, 719,
    720, 722, 723, 725, 726, 728, 729, 731, 732, 734, 735, 737, 738, 740, 741,
    743, 744, 747, 748, 750, 751, 753, 754, 756, 757, 759, 760, 762, 763, 765,
    766, 768, 769, 771, 772, 774, 775, 777, 778, 780, 781, 783, 784, 786, 787,
    789, 790, 792, 793, 795, 796, 798, 799, 801, 802, 804, 805, 807, 808, 810,
    811, 813, 814, 816, 817, 820, 821, 823, 824, 826, 827, 829, 830, 832, 833,
    835, 836, 838, 839, 841, 842, 844, 845, 847, 848, 850, 851, 853, 854, 856,
    857, 859, 860, 862, 863, 866, 867, 869, 870, 872, 873, 875, 876, 878, 879,
    881, 882, 884, 885, 887, 888, 890, 891, 893, 894, 896, 897, 900, 901, 903,
    904, 906, 907, 909, 910, 912, 913, 915, 916, 918, 919, 921, 922, 925, 926,
    928, 929, 931, 932, 934, 935, 937, 938, 940, 941, 943, 944, 946, 947, 949,
    950, 952, 953, 955, 956, 958, 959, 961, 962, 964, 965, 967, 968, 970, 971,
    973, 974, 976, 977, 979, 980, 982, 983, 986, 987, 989, 990, 992, 993, 995,
    996, 998, 999, 1001, 1002, 1004, 1005, 1007, 1008, 1010, 1011, 1013, 1014,
    1016
[1] 1, 4, 5, 8, 11, 14, 15, 18, 21, 24, 25, 28, 31, 34, 37, 40, 43, 46, 49,
    52, 53, 56, 57, 60, 61, 64, 65, 68, 71, 74, 75, 78, 81, 84, 87, 90, 93,
    96, 99, 102, 105, 108, 111, 114, 115, 118, 121, 124, 127, 130, 133, 134,
    137, 140, 143, 146, 147, 150, 153, 156, 159, 162, 165, 166, 169, 172, 175,
    176, 179, 182, 185, 188, 191, 194, 195, 198, 199, 202, 205, 208, 209, 212,
    215, 218, 221, 224, 227, 230, 233, 236, 239, 240, 243, 244, 247, 250, 253,
    256, 259, 262, 265, 268, 271, 272, 275, 278, 281, 284, 287, 290, 293, 296,
    299, 302, 305, 308, 311, 314, 317, 320, 323, 326, 329, 332, 335, 338, 341,
    344, 347, 350, 353, 356, 359, 362, 363, 366, 369, 372, 375, 378, 381, 384,
    387, 390, 393, 396, 399, 402, 405, 408, 411, 414, 417, 420, 423, 424, 427,
    430, 433, 436, 439, 442, 445, 448, 451, 454, 457, 460, 463, 466, 469, 472,
    475, 478, 481, 484, 487, 490, 493, 496, 499, 500, 503, 506, 507, 510, 513,
    516, 517, 520, 523, 526, 529, 532, 535, 538, 541, 544, 547, 550, 553, 556,
    559, 562, 565, 568, 569, 572, 575, 576, 579, 582, 585, 588, 591, 594, 597,
    600, 603, 606, 609, 612, 615, 618, 621, 624, 627, 630, 633, 634, 637, 640,
    643, 646, 649, 652, 655, 658, 661, 664, 667, 670, 673, 676, 679, 682, 685,
    688, 691, 694, 697, 700, 703, 706, 709, 712, 715, 718, 721, 724, 727, 730,
    733, 736, 739, 742, 745, 746, 749, 752, 755, 758, 761, 764, 767, 770, 773,
    776, 779, 782, 785, 788, 791, 794, 797, 800, 803, 806, 809, 812, 815, 818,
    819, 822, 825, 828, 831, 834, 837, 840, 843, 846, 849, 852, 855, 858, 861,
    864, 865, 868, 871, 874, 877, 880, 883, 886, 889, 892, 895, 898, 899, 902,
    905, 908, 911, 914, 917, 920, 923, 924, 927, 930, 933, 936, 939, 942, 945,
    948, 951, 954, 957, 960, 963, 966, 969, 972, 975, 978, 981, 984, 985, 988,
    991, 994, 997, 1000, 1003, 1006, 1009, 1012, 1015

Reassigned labels

Runtime: 0.8600049018859863

Performance split_log:

IM without threshold:
Map:
{"A_0": "A", "A_1": "A"}
token_fitness
{"perc_fit_traces": 0.0, "average_trace_fitness": 0.8959975749542122, "log_fitness": 0.9004747444506223, "percentage_of_fitting_traces": 0.0}
precision
0.5646172488277752
0.7142857142857143
generalization
0.8264859508372947

Adjusted Rand Index:
0.4824094538071675



Parameters of this run:

Window size: 1
Threshold for edges: 0.25
Split candidates: A
Max number of traces: 5000000
Method for distance calculation: Distance.MULTISET_DISTANCE
Method for finding clusters: ClusteringMethod.COMMUNITY_DETECTION
Original log location: ./data/noImprInLoop_default_OD\feb17-0936\logs\E_1_LogD_Sequence_feb17-0936.xes.gz
Use frequency: True

Found communities: 

Clustering with 1017 elements and 2 clusters
[0] 0, 2, 3, 6, 7, 9, 10, 12, 13, 16, 17, 19, 20, 22, 23, 26, 27, 29, 30, 32,
    33, 35, 36, 38, 39, 41, 42, 44, 45, 47, 48, 50, 51, 54, 55, 58, 59, 62,
    63, 66, 67, 69, 70, 72, 73, 76, 77, 79, 80, 82, 83, 85, 86, 88, 89, 91,
    92, 94, 95, 97, 98, 100, 101, 103, 104, 106, 107, 109, 110, 112, 113, 116,
    117, 119, 120, 122, 123, 125, 126, 128, 129, 131, 132, 135, 136, 138, 139,
    141, 142, 144, 145, 148, 149, 151, 152, 154, 155, 157, 158, 160, 161, 163,
    164, 167, 168, 170, 171, 173, 174, 177, 178, 180, 181, 183, 184, 186, 187,
    189, 190, 192, 193, 196, 197, 200, 201, 203, 204, 206, 207, 210, 211, 213,
    214, 216, 217, 219, 220, 222, 223, 225, 226, 228, 229, 231, 232, 234, 235,
    237, 238, 241, 242, 245, 246, 248, 249, 251, 252, 254, 255, 257, 258, 260,
    261, 263, 264, 266, 267, 269, 270, 273, 274, 276, 277, 279, 280, 282, 283,
    285, 286, 288, 289, 291, 292, 294, 295, 297, 298, 300, 301, 303, 304, 306,
    307, 309, 310, 312, 313, 315, 316, 318, 319, 321, 322, 324, 325, 327, 328,
    330, 331, 333, 334, 336, 337, 339, 340, 342, 343, 345, 346, 348, 349, 351,
    352, 354, 355, 357, 358, 360, 361, 364, 365, 367, 368, 370, 371, 373, 374,
    376, 377, 379, 380, 382, 383, 385, 386, 388, 389, 391, 392, 394, 395, 397,
    398, 400, 401, 403, 404, 406, 407, 409, 410, 412, 413, 415, 416, 418, 419,
    421, 422, 425, 426, 428, 429, 431, 432, 434, 435, 437, 438, 440, 441, 443,
    444, 446, 447, 449, 450, 452, 453, 455, 456, 458, 459, 461, 462, 464, 465,
    467, 468, 470, 471, 473, 474, 476, 477, 479, 480, 482, 483, 485, 486, 488,
    489, 491, 492, 494, 495, 497, 498, 501, 502, 504, 505, 508, 509, 511, 512,
    514, 515, 518, 519, 521, 522, 524, 525, 527, 528, 530, 531, 533, 534, 536,
    537, 539, 540, 542, 543, 545, 546, 548, 549, 551, 552, 554, 555, 557, 558,
    560, 561, 563, 564, 566, 567, 570, 571, 573, 574, 577, 578, 580, 581, 583,
    584, 586, 587, 589, 590, 592, 593, 595, 596, 598, 599, 601, 602, 604, 605,
    607, 608, 610, 611, 613, 614, 616, 617, 619, 620, 622, 623, 625, 626, 628,
    629, 631, 632, 635, 636, 638, 639, 641, 642, 644, 645, 647, 648, 650, 651,
    653, 654, 656, 657, 659, 660, 662, 663, 665, 666, 668, 669, 671, 672, 674,
    675, 677, 678, 680, 681, 683, 684, 686, 687, 689, 690, 692, 693, 695, 696,
    698, 699, 701, 702, 704, 705, 707, 708, 710, 711, 713, 714, 716, 717, 719,
    720, 722, 723, 725, 726, 728, 729, 731, 732, 734, 735, 737, 738, 740, 741,
    743, 744, 747, 748, 750, 751, 753, 754, 756, 757, 759, 760, 762, 763, 765,
    766, 768, 769, 771, 772, 774, 775, 777, 778, 780, 781, 783, 784, 786, 787,
    789, 790, 792, 793, 795, 796, 798, 799, 801, 802, 804, 805, 807, 808, 810,
    811, 813, 814, 816, 817, 820, 821, 823, 824, 826, 827, 829, 830, 832, 833,
    835, 836, 838, 839, 841, 842, 844, 845, 847, 848, 850, 851, 853, 854, 856,
    857, 859, 860, 862, 863, 866, 867, 869, 870, 872, 873, 875, 876, 878, 879,
    881, 882, 884, 885, 887, 888, 890, 891, 893, 894, 896, 897, 900, 901, 903,
    904, 906, 907, 909, 910, 912, 913, 915, 916, 918, 919, 921, 922, 925, 926,
    928, 929, 931, 932, 934, 935, 937, 938, 940, 941, 943, 944, 946, 947, 949,
    950, 952, 953, 955, 956, 958, 959, 961, 962, 964, 965, 967, 968, 970, 971,
    973, 974, 976, 977, 979, 980, 982, 983, 986, 987, 989, 990, 992, 993, 995,
    996, 998, 999, 1001, 1002, 1004, 1005, 1007, 1008, 1010, 1011, 1013, 1014,
    1016
[1] 1, 4, 5, 8, 11, 14, 15, 18, 21, 24, 25, 28, 31, 34, 37, 40, 43, 46, 49,
    52, 53, 56, 57, 60, 61, 64, 65, 68, 71, 74, 75, 78, 81, 84, 87, 90, 93,
    96, 99, 102, 105, 108, 111, 114, 115, 118, 121, 124, 127, 130, 133, 134,
    137, 140, 143, 146, 147, 150, 153, 156, 159, 162, 165, 166, 169, 172, 175,
    176, 179, 182, 185, 188, 191, 194, 195, 198, 199, 202, 205, 208, 209, 212,
    215, 218, 221, 224, 227, 230, 233, 236, 239, 240, 243, 244, 247, 250, 253,
    256, 259, 262, 265, 268, 271, 272, 275, 278, 281, 284, 287, 290, 293, 296,
    299, 302, 305, 308, 311, 314, 317, 320, 323, 326, 329, 332, 335, 338, 341,
    344, 347, 350, 353, 356, 359, 362, 363, 366, 369, 372, 375, 378, 381, 384,
    387, 390, 393, 396, 399, 402, 405, 408, 411, 414, 417, 420, 423, 424, 427,
    430, 433, 436, 439, 442, 445, 448, 451, 454, 457, 460, 463, 466, 469, 472,
    475, 478, 481, 484, 487, 490, 493, 496, 499, 500, 503, 506, 507, 510, 513,
    516, 517, 520, 523, 526, 529, 532, 535, 538, 541, 544, 547, 550, 553, 556,
    559, 562, 565, 568, 569, 572, 575, 576, 579, 582, 585, 588, 591, 594, 597,
    600, 603, 606, 609, 612, 615, 618, 621, 624, 627, 630, 633, 634, 637, 640,
    643, 646, 649, 652, 655, 658, 661, 664, 667, 670, 673, 676, 679, 682, 685,
    688, 691, 694, 697, 700, 703, 706, 709, 712, 715, 718, 721, 724, 727, 730,
    733, 736, 739, 742, 745, 746, 749, 752, 755, 758, 761, 764, 767, 770, 773,
    776, 779, 782, 785, 788, 791, 794, 797, 800, 803, 806, 809, 812, 815, 818,
    819, 822, 825, 828, 831, 834, 837, 840, 843, 846, 849, 852, 855, 858, 861,
    864, 865, 868, 871, 874, 877, 880, 883, 886, 889, 892, 895, 898, 899, 902,
    905, 908, 911, 914, 917, 920, 923, 924, 927, 930, 933, 936, 939, 942, 945,
    948, 951, 954, 957, 960, 963, 966, 969, 972, 975, 978, 981, 984, 985, 988,
    991, 994, 997, 1000, 1003, 1006, 1009, 1012, 1015

Reassigned labels

Runtime: 0.8620219230651855

Performance split_log:

IM without threshold:
Map:
{"A_0": "A", "A_1": "A"}
token_fitness
{"perc_fit_traces": 0.0, "average_trace_fitness": 0.9587957353171308, "log_fitness": 0.959527278614214, "percentage_of_fitting_traces": 0.0}
precision
0.648621587343969
0.7142857142857143
generalization
0.8910703737455762

Adjusted Rand Index:
0.4824094538071675



Parameters of this run:

Window size: 1
Threshold for edges: 0.5
Split candidates: A
Max number of traces: 5000000
Method for distance calculation: Distance.MULTISET_DISTANCE
Method for finding clusters: ClusteringMethod.COMMUNITY_DETECTION
Original log location: ./data/noImprInLoop_default_OD\feb17-0936\logs\E_1_LogD_Sequence_feb17-0936.xes.gz
Use frequency: True

Found communities: 

Clustering with 1017 elements and 2 clusters
[0] 0, 2, 3, 6, 7, 9, 10, 12, 13, 16, 17, 19, 20, 22, 23, 26, 27, 29, 30, 32,
    33, 35, 36, 38, 39, 41, 42, 44, 45, 47, 48, 50, 51, 54, 55, 58, 59, 62,
    63, 66, 67, 69, 70, 72, 73, 76, 77, 79, 80, 82, 83, 85, 86, 88, 89, 91,
    92, 94, 95, 97, 98, 100, 101, 103, 104, 106, 107, 109, 110, 112, 113, 116,
    117, 119, 120, 122, 123, 125, 126, 128, 129, 131, 132, 135, 136, 138, 139,
    141, 142, 144, 145, 148, 149, 151, 152, 154, 155, 157, 158, 160, 161, 163,
    164, 167, 168, 170, 171, 173, 174, 177, 178, 180, 181, 183, 184, 186, 187,
    189, 190, 192, 193, 196, 197, 200, 201, 203, 204, 206, 207, 210, 211, 213,
    214, 216, 217, 219, 220, 222, 223, 225, 226, 228, 229, 231, 232, 234, 235,
    237, 238, 241, 242, 245, 246, 248, 249, 251, 252, 254, 255, 257, 258, 260,
    261, 263, 264, 266, 267, 269, 270, 273, 274, 276, 277, 279, 280, 282, 283,
    285, 286, 288, 289, 291, 292, 294, 295, 297, 298, 300, 301, 303, 304, 306,
    307, 309, 310, 312, 313, 315, 316, 318, 319, 321, 322, 324, 325, 327, 328,
    330, 331, 333, 334, 336, 337, 339, 340, 342, 343, 345, 346, 348, 349, 351,
    352, 354, 355, 357, 358, 360, 361, 364, 365, 367, 368, 370, 371, 373, 374,
    376, 377, 379, 380, 382, 383, 385, 386, 388, 389, 391, 392, 394, 395, 397,
    398, 400, 401, 403, 404, 406, 407, 409, 410, 412, 413, 415, 416, 418, 419,
    421, 422, 425, 426, 428, 429, 431, 432, 434, 435, 437, 438, 440, 441, 443,
    444, 446, 447, 449, 450, 452, 453, 455, 456, 458, 459, 461, 462, 464, 465,
    467, 468, 470, 471, 473, 474, 476, 477, 479, 480, 482, 483, 485, 486, 488,
    489, 491, 492, 494, 495, 497, 498, 501, 502, 504, 505, 508, 509, 511, 512,
    514, 515, 518, 519, 521, 522, 524, 525, 527, 528, 530, 531, 533, 534, 536,
    537, 539, 540, 542, 543, 545, 546, 548, 549, 551, 552, 554, 555, 557, 558,
    560, 561, 563, 564, 566, 567, 570, 571, 573, 574, 577, 578, 580, 581, 583,
    584, 586, 587, 589, 590, 592, 593, 595, 596, 598, 599, 601, 602, 604, 605,
    607, 608, 610, 611, 613, 614, 616, 617, 619, 620, 622, 623, 625, 626, 628,
    629, 631, 632, 635, 636, 638, 639, 641, 642, 644, 645, 647, 648, 650, 651,
    653, 654, 656, 657, 659, 660, 662, 663, 665, 666, 668, 669, 671, 672, 674,
    675, 677, 678, 680, 681, 683, 684, 686, 687, 689, 690, 692, 693, 695, 696,
    698, 699, 701, 702, 704, 705, 707, 708, 710, 711, 713, 714, 716, 717, 719,
    720, 722, 723, 725, 726, 728, 729, 731, 732, 734, 735, 737, 738, 740, 741,
    743, 744, 747, 748, 750, 751, 753, 754, 756, 757, 759, 760, 762, 763, 765,
    766, 768, 769, 771, 772, 774, 775, 777, 778, 780, 781, 783, 784, 786, 787,
    789, 790, 792, 793, 795, 796, 798, 799, 801, 802, 804, 805, 807, 808, 810,
    811, 813, 814, 816, 817, 820, 821, 823, 824, 826, 827, 829, 830, 832, 833,
    835, 836, 838, 839, 841, 842, 844, 845, 847, 848, 850, 851, 853, 854, 856,
    857, 859, 860, 862, 863, 866, 867, 869, 870, 872, 873, 875, 876, 878, 879,
    881, 882, 884, 885, 887, 888, 890, 891, 893, 894, 896, 897, 900, 901, 903,
    904, 906, 907, 909, 910, 912, 913, 915, 916, 918, 919, 921, 922, 925, 926,
    928, 929, 931, 932, 934, 935, 937, 938, 940, 941, 943, 944, 946, 947, 949,
    950, 952, 953, 955, 956, 958, 959, 961, 962, 964, 965, 967, 968, 970, 971,
    973, 974, 976, 977, 979, 980, 982, 983, 986, 987, 989, 990, 992, 993, 995,
    996, 998, 999, 1001, 1002, 1004, 1005, 1007, 1008, 1010, 1011, 1013, 1014,
    1016
[1] 1, 4, 5, 8, 11, 14, 15, 18, 21, 24, 25, 28, 31, 34, 37, 40, 43, 46, 49,
    52, 53, 56, 57, 60, 61, 64, 65, 68, 71, 74, 75, 78, 81, 84, 87, 90, 93,
    96, 99, 102, 105, 108, 111, 114, 115, 118, 121, 124, 127, 130, 133, 134,
    137, 140, 143, 146, 147, 150, 153, 156, 159, 162, 165, 166, 169, 172, 175,
    176, 179, 182, 185, 188, 191, 194, 195, 198, 199, 202, 205, 208, 209, 212,
    215, 218, 221, 224, 227, 230, 233, 236, 239, 240, 243, 244, 247, 250, 253,
    256, 259, 262, 265, 268, 271, 272, 275, 278, 281, 284, 287, 290, 293, 296,
    299, 302, 305, 308, 311, 314, 317, 320, 323, 326, 329, 332, 335, 338, 341,
    344, 347, 350, 353, 356, 359, 362, 363, 366, 369, 372, 375, 378, 381, 384,
    387, 390, 393, 396, 399, 402, 405, 408, 411, 414, 417, 420, 423, 424, 427,
    430, 433, 436, 439, 442, 445, 448, 451, 454, 457, 460, 463, 466, 469, 472,
    475, 478, 481, 484, 487, 490, 493, 496, 499, 500, 503, 506, 507, 510, 513,
    516, 517, 520, 523, 526, 529, 532, 535, 538, 541, 544, 547, 550, 553, 556,
    559, 562, 565, 568, 569, 572, 575, 576, 579, 582, 585, 588, 591, 594, 597,
    600, 603, 606, 609, 612, 615, 618, 621, 624, 627, 630, 633, 634, 637, 640,
    643, 646, 649, 652, 655, 658, 661, 664, 667, 670, 673, 676, 679, 682, 685,
    688, 691, 694, 697, 700, 703, 706, 709, 712, 715, 718, 721, 724, 727, 730,
    733, 736, 739, 742, 745, 746, 749, 752, 755, 758, 761, 764, 767, 770, 773,
    776, 779, 782, 785, 788, 791, 794, 797, 800, 803, 806, 809, 812, 815, 818,
    819, 822, 825, 828, 831, 834, 837, 840, 843, 846, 849, 852, 855, 858, 861,
    864, 865, 868, 871, 874, 877, 880, 883, 886, 889, 892, 895, 898, 899, 902,
    905, 908, 911, 914, 917, 920, 923, 924, 927, 930, 933, 936, 939, 942, 945,
    948, 951, 954, 957, 960, 963, 966, 969, 972, 975, 978, 981, 984, 985, 988,
    991, 994, 997, 1000, 1003, 1006, 1009, 1012, 1015

Reassigned labels

Runtime: 0.8539144992828369

Performance split_log:

IM without threshold:
Map:
{"A_0": "A", "A_1": "A"}
token_fitness
{"perc_fit_traces": 0.0, "average_trace_fitness": 0.9587957353171308, "log_fitness": 0.959527278614214, "percentage_of_fitting_traces": 0.0}
precision
0.648621587343969
0.7142857142857143
generalization
0.8910703737455762

Adjusted Rand Index:
0.4824094538071675



Parameters of this run:

Window size: 1
Threshold for edges: 0.75
Split candidates: A
Max number of traces: 5000000
Method for distance calculation: Distance.MULTISET_DISTANCE
Method for finding clusters: ClusteringMethod.COMMUNITY_DETECTION
Original log location: ./data/noImprInLoop_default_OD\feb17-0936\logs\E_1_LogD_Sequence_feb17-0936.xes.gz
Use frequency: True

Found communities: 

Clustering with 1017 elements and 10 clusters
[ 0] 1, 4, 5, 8, 11, 14, 15, 18, 21, 24, 25, 28, 31, 34, 37, 40, 43, 46, 49,
     52, 53, 56, 57, 60, 61, 64, 65, 68, 71, 74, 75, 78, 81, 84, 87, 90, 93,
     96, 99, 102, 105, 108, 111, 114, 115, 118, 121, 124, 127, 130, 133, 134,
     137, 140, 143, 146, 147, 150, 153, 156, 159, 162, 165, 166, 169, 172,
     175, 176, 179, 182, 185, 188, 191, 194, 195, 198, 199, 202, 205, 208,
     209, 212, 215, 218, 221, 224, 227, 230, 233, 236, 239, 240, 243, 244,
     247, 250, 253, 256, 259, 262, 265, 268, 271, 272, 275, 278, 281, 284,
     287, 290, 293, 296, 299, 302, 305, 308, 311, 314, 317, 320, 323, 326,
     329, 332, 335, 338, 341, 344, 347, 350, 353, 356, 359, 362, 363, 366,
     369, 372, 375, 378, 381, 384, 387, 390, 393, 396, 399, 402, 405, 408,
     411, 414, 417, 420, 423, 424, 427, 430, 433, 436, 439, 442, 445, 448,
     451, 454, 457, 460, 463, 466, 469, 472, 475, 478, 481, 484, 487, 490,
     493, 496, 499, 500, 503, 506, 507, 510, 513, 516, 517, 520, 523, 526,
     529, 532, 535, 538, 541, 544, 547, 550, 553, 556, 559, 562, 565, 568,
     569, 572, 575, 576, 579, 582, 585, 588, 591, 594, 597, 600, 603, 606,
     609, 612, 615, 618, 621, 624, 627, 630, 633, 634, 637, 640, 643, 646,
     649, 652, 655, 658, 661, 664, 667, 670, 673, 676, 679, 682, 685, 688,
     691, 694, 697, 700, 703, 706, 709, 712, 715, 718, 721, 724, 727, 730,
     733, 736, 739, 742, 745, 746, 749, 752, 755, 758, 761, 764, 767, 770,
     773, 776, 779, 782, 785, 788, 791, 794, 797, 800, 803, 806, 809, 812,
     815, 818, 819, 822, 825, 828, 831, 834, 837, 840, 843, 846, 849, 852,
     855, 858, 861, 864, 865, 868, 871, 874, 877, 880, 883, 886, 889, 892,
     895, 898, 899, 902, 905, 908, 911, 914, 917, 920, 923, 924, 927, 930,
     933, 936, 939, 942, 945, 948, 951, 954, 957, 960, 963, 966, 969, 972,
     975, 978, 981, 984, 985, 988, 991, 994, 997, 1000, 1003, 1006, 1009,
     1012, 1015
[ 1] 2, 9, 26, 41, 62, 66, 79, 82, 88, 91, 100, 106, 116, 119, 122, 131, 151,
     157, 167, 180, 196, 203, 234, 251, 263, 285, 297, 300, 306, 324, 336,
     339, 348, 351, 364, 379, 385, 391, 394, 400, 431, 434, 437, 449, 455,
     470, 473, 479, 491, 504, 508, 511, 514, 521, 530, 539, 542, 551, 557,
     566, 573, 577, 583, 589, 595, 619, 625, 638, 641, 662, 674, 677, 689,
     692, 707, 734, 737, 740, 743, 747, 750, 765, 768, 771, 774, 789, 792,
     801, 804, 810, 823, 838, 844, 859, 862, 872, 881, 893, 896, 900, 906,
     909, 912, 925, 928, 940, 949, 952, 955, 964, 967, 970, 976, 998, 1016
[ 2] 6, 12, 16, 19, 29, 35, 38, 54, 85, 97, 103, 125, 144, 148, 154, 160, 163,
     173, 186, 189, 200, 206, 210, 213, 219, 225, 231, 245, 257, 260, 276,
     279, 291, 303, 309, 318, 327, 330, 333, 360, 367, 373, 376, 403, 409,
     412, 418, 421, 428, 440, 446, 452, 461, 464, 482, 485, 488, 497, 518,
     545, 548, 554, 580, 592, 598, 616, 622, 635, 644, 650, 653, 659, 665,
     680, 683, 686, 695, 698, 701, 704, 710, 713, 716, 719, 722, 725, 731,
     759, 762, 807, 813, 829, 832, 835, 841, 853, 856, 875, 884, 887, 903,
     937, 943, 958, 961, 982, 986, 992, 1001, 1007, 1010, 1013
[ 3] 22, 32, 44, 47, 50, 58, 69, 72, 76, 94, 109, 112, 128, 135, 138, 141,
     170, 177, 183, 192, 216, 222, 228, 237, 241, 248, 254, 266, 269, 273,
     282, 288, 294, 312, 315, 321, 342, 345, 354, 357, 370, 382, 388, 397,
     406, 415, 425, 443, 458, 467, 476, 494, 501, 524, 527, 533, 536, 560,
     563, 570, 586, 601, 604, 607, 610, 613, 628, 631, 647, 656, 668, 671,
     728, 753, 756, 777, 780, 783, 786, 795, 798, 816, 820, 826, 847, 850,
     866, 869, 878, 890, 915, 918, 921, 931, 934, 946, 973, 979, 989, 995,
     1004
[ 4] 7, 95, 117, 126, 149, 152, 184, 229, 235, 264, 292, 298, 316, 349, 368,
     374, 389, 401, 416, 441, 462, 483, 502, 525, 531, 540, 561, 564, 596,
     605, 623, 639, 645, 651, 654, 666, 669, 684, 696, 699, 702, 705, 726,
     732, 741, 754, 766, 778, 793, 857, 873, 882, 901, 907, 932, 938, 962,
     971, 974, 977, 987, 993, 999, 1014
[ 5] 0, 20, 36, 39, 45, 48, 70, 77, 83, 101, 104, 123, 129, 139, 171, 178,
     181, 187, 201, 211, 217, 223, 232, 249, 252, 286, 295, 307, 310, 313,
     328, 337, 352, 383, 398, 419, 426, 435, 444, 453, 459, 546, 584, 587,
     602, 608, 614, 629, 660, 672, 678, 693, 711, 763, 808, 811, 824, 867,
     870, 910, 1011
[ 6] 17, 30, 67, 80, 89, 110, 136, 155, 214, 261, 274, 304, 331, 340, 343,
     346, 371, 377, 380, 392, 395, 407, 413, 432, 456, 468, 471, 474, 480,
     486, 492, 519, 555, 626, 642, 657, 663, 675, 687, 708, 729, 751, 784,
     796, 799, 821, 842, 848, 851, 885, 888, 891, 894, 904, 916, 926, 941,
     950, 980, 990, 1005
[ 7] 27, 33, 42, 86, 92, 107, 158, 161, 168, 190, 226, 258, 267, 277, 280,
     301, 322, 325, 358, 450, 465, 477, 489, 509, 522, 528, 534, 537, 549,
     571, 581, 590, 599, 617, 681, 714, 717, 720, 723, 769, 772, 787, 790,
     827, 833, 839, 854, 860, 876, 879, 929, 947, 953, 959, 1008
[ 8] 10, 98, 120, 142, 204, 220, 246, 255, 283, 289, 319, 334, 355, 365, 386,
     404, 410, 429, 438, 447, 495, 512, 543, 552, 558, 578, 593, 611, 620,
     636, 648, 690, 735, 738, 748, 757, 760, 775, 781, 802, 805, 814, 830,
     836, 845, 913, 919, 935, 944, 956, 965, 968, 996, 1002
[ 9] 3, 13, 23, 51, 55, 59, 63, 73, 113, 132, 145, 164, 174, 193, 197, 207,
     238, 242, 270, 361, 422, 498, 505, 515, 567, 574, 632, 744, 817, 863,
     897, 922, 983

Reassigned labels

Runtime: 0.6661562919616699

Performance split_log:

IM without threshold:
Map:
{"A_0": "A", "A_1": "A", "A_2": "A", "A_3": "A", "A_4": "A", "A_5": "A", "A_6": "A", "A_7": "A", "A_8": "A", "A_9": "A"}
token_fitness
{"perc_fit_traces": 0.0, "average_trace_fitness": 0.900540428501103, "log_fitness": 0.9045568270374472, "percentage_of_fitting_traces": 0.0}
precision
0.9998134154305439
0.7204301075268819
generalization
0.7913233446207492

Adjusted Rand Index:
0.653020464520542



Parameters of this run:

Window size: 1
Threshold for edges: 1
Split candidates: A
Max number of traces: 5000000
Method for distance calculation: Distance.MULTISET_DISTANCE
Method for finding clusters: ClusteringMethod.COMMUNITY_DETECTION
Original log location: ./data/noImprInLoop_default_OD\feb17-0936\logs\E_1_LogD_Sequence_feb17-0936.xes.gz
Use frequency: True

Found communities: 

Clustering with 1017 elements and 10 clusters
[ 0] 1, 4, 5, 8, 11, 14, 15, 18, 21, 24, 25, 28, 31, 34, 37, 40, 43, 46, 49,
     52, 53, 56, 57, 60, 61, 64, 65, 68, 71, 74, 75, 78, 81, 84, 87, 90, 93,
     96, 99, 102, 105, 108, 111, 114, 115, 118, 121, 124, 127, 130, 133, 134,
     137, 140, 143, 146, 147, 150, 153, 156, 159, 162, 165, 166, 169, 172,
     175, 176, 179, 182, 185, 188, 191, 194, 195, 198, 199, 202, 205, 208,
     209, 212, 215, 218, 221, 224, 227, 230, 233, 236, 239, 240, 243, 244,
     247, 250, 253, 256, 259, 262, 265, 268, 271, 272, 275, 278, 281, 284,
     287, 290, 293, 296, 299, 302, 305, 308, 311, 314, 317, 320, 323, 326,
     329, 332, 335, 338, 341, 344, 347, 350, 353, 356, 359, 362, 363, 366,
     369, 372, 375, 378, 381, 384, 387, 390, 393, 396, 399, 402, 405, 408,
     411, 414, 417, 420, 423, 424, 427, 430, 433, 436, 439, 442, 445, 448,
     451, 454, 457, 460, 463, 466, 469, 472, 475, 478, 481, 484, 487, 490,
     493, 496, 499, 500, 503, 506, 507, 510, 513, 516, 517, 520, 523, 526,
     529, 532, 535, 538, 541, 544, 547, 550, 553, 556, 559, 562, 565, 568,
     569, 572, 575, 576, 579, 582, 585, 588, 591, 594, 597, 600, 603, 606,
     609, 612, 615, 618, 621, 624, 627, 630, 633, 634, 637, 640, 643, 646,
     649, 652, 655, 658, 661, 664, 667, 670, 673, 676, 679, 682, 685, 688,
     691, 694, 697, 700, 703, 706, 709, 712, 715, 718, 721, 724, 727, 730,
     733, 736, 739, 742, 745, 746, 749, 752, 755, 758, 761, 764, 767, 770,
     773, 776, 779, 782, 785, 788, 791, 794, 797, 800, 803, 806, 809, 812,
     815, 818, 819, 822, 825, 828, 831, 834, 837, 840, 843, 846, 849, 852,
     855, 858, 861, 864, 865, 868, 871, 874, 877, 880, 883, 886, 889, 892,
     895, 898, 899, 902, 905, 908, 911, 914, 917, 920, 923, 924, 927, 930,
     933, 936, 939, 942, 945, 948, 951, 954, 957, 960, 963, 966, 969, 972,
     975, 978, 981, 984, 985, 988, 991, 994, 997, 1000, 1003, 1006, 1009,
     1012, 1015
[ 1] 2, 9, 26, 41, 62, 66, 79, 82, 88, 91, 100, 106, 116, 119, 122, 131, 151,
     157, 167, 180, 196, 203, 234, 251, 263, 285, 297, 300, 306, 324, 336,
     339, 348, 351, 364, 379, 385, 391, 394, 400, 431, 434, 437, 449, 455,
     470, 473, 479, 491, 504, 508, 511, 514, 521, 530, 539, 542, 551, 557,
     566, 573, 577, 583, 589, 595, 619, 625, 638, 641, 662, 674, 677, 689,
     692, 707, 734, 737, 740, 743, 747, 750, 765, 768, 771, 774, 789, 792,
     801, 804, 810, 823, 838, 844, 859, 862, 872, 881, 893, 896, 900, 906,
     909, 912, 925, 928, 940, 949, 952, 955, 964, 967, 970, 976, 998, 1016
[ 2] 6, 12, 16, 19, 29, 35, 38, 54, 85, 97, 103, 125, 144, 148, 154, 160, 163,
     173, 186, 189, 200, 206, 210, 213, 219, 225, 231, 245, 257, 260, 276,
     279, 291, 303, 309, 318, 327, 330, 333, 360, 367, 373, 376, 403, 409,
     412, 418, 421, 428, 440, 446, 452, 461, 464, 482, 485, 488, 497, 518,
     545, 548, 554, 580, 592, 598, 616, 622, 635, 644, 650, 653, 659, 665,
     680, 683, 686, 695, 698, 701, 704, 710, 713, 716, 719, 722, 725, 731,
     759, 762, 807, 813, 829, 832, 835, 841, 853, 856, 875, 884, 887, 903,
     937, 943, 958, 961, 982, 986, 992, 1001, 1007, 1010, 1013
[ 3] 22, 32, 44, 47, 50, 58, 69, 72, 76, 94, 109, 112, 128, 135, 138, 141,
     170, 177, 183, 192, 216, 222, 228, 237, 241, 248, 254, 266, 269, 273,
     282, 288, 294, 312, 315, 321, 342, 345, 354, 357, 370, 382, 388, 397,
     406, 415, 425, 443, 458, 467, 476, 494, 501, 524, 527, 533, 536, 560,
     563, 570, 586, 601, 604, 607, 610, 613, 628, 631, 647, 656, 668, 671,
     728, 753, 756, 777, 780, 783, 786, 795, 798, 816, 820, 826, 847, 850,
     866, 869, 878, 890, 915, 918, 921, 931, 934, 946, 973, 979, 989, 995,
     1004
[ 4] 7, 95, 117, 126, 149, 152, 184, 229, 235, 264, 292, 298, 316, 349, 368,
     374, 389, 401, 416, 441, 462, 483, 502, 525, 531, 540, 561, 564, 596,
     605, 623, 639, 645, 651, 654, 666, 669, 684, 696, 699, 702, 705, 726,
     732, 741, 754, 766, 778, 793, 857, 873, 882, 901, 907, 932, 938, 962,
     971, 974, 977, 987, 993, 999, 1014
[ 5] 0, 20, 36, 39, 45, 48, 70, 77, 83, 101, 104, 123, 129, 139, 171, 178,
     181, 187, 201, 211, 217, 223, 232, 249, 252, 286, 295, 307, 310, 313,
     328, 337, 352, 383, 398, 419, 426, 435, 444, 453, 459, 546, 584, 587,
     602, 608, 614, 629, 660, 672, 678, 693, 711, 763, 808, 811, 824, 867,
     870, 910, 1011
[ 6] 17, 30, 67, 80, 89, 110, 136, 155, 214, 261, 274, 304, 331, 340, 343,
     346, 371, 377, 380, 392, 395, 407, 413, 432, 456, 468, 471, 474, 480,
     486, 492, 519, 555, 626, 642, 657, 663, 675, 687, 708, 729, 751, 784,
     796, 799, 821, 842, 848, 851, 885, 888, 891, 894, 904, 916, 926, 941,
     950, 980, 990, 1005
[ 7] 27, 33, 42, 86, 92, 107, 158, 161, 168, 190, 226, 258, 267, 277, 280,
     301, 322, 325, 358, 450, 465, 477, 489, 509, 522, 528, 534, 537, 549,
     571, 581, 590, 599, 617, 681, 714, 717, 720, 723, 769, 772, 787, 790,
     827, 833, 839, 854, 860, 876, 879, 929, 947, 953, 959, 1008
[ 8] 10, 98, 120, 142, 204, 220, 246, 255, 283, 289, 319, 334, 355, 365, 386,
     404, 410, 429, 438, 447, 495, 512, 543, 552, 558, 578, 593, 611, 620,
     636, 648, 690, 735, 738, 748, 757, 760, 775, 781, 802, 805, 814, 830,
     836, 845, 913, 919, 935, 944, 956, 965, 968, 996, 1002
[ 9] 3, 13, 23, 51, 55, 59, 63, 73, 113, 132, 145, 164, 174, 193, 197, 207,
     238, 242, 270, 361, 422, 498, 505, 515, 567, 574, 632, 744, 817, 863,
     897, 922, 983

Reassigned labels

Runtime: 0.693901777267456

Performance split_log:

IM without threshold:
Map:
{"A_0": "A", "A_1": "A", "A_2": "A", "A_3": "A", "A_4": "A", "A_5": "A", "A_6": "A", "A_7": "A", "A_8": "A", "A_9": "A"}
token_fitness
{"perc_fit_traces": 0.0, "average_trace_fitness": 0.8168247809179455, "log_fitness": 0.8193824032391525, "percentage_of_fitting_traces": 0.0}
precision
0.9998134154305439
0.7204301075268819
generalization
0.8186670719611993

Adjusted Rand Index:
0.653020464520542



Parameters of this run:

Window size: 3
Threshold for edges: 0
Split candidates: A
Max number of traces: 5000000
Method for distance calculation: Distance.EDIT_DISTANCE
Method for finding clusters: ClusteringMethod.COMMUNITY_DETECTION
Original log location: ./data/noImprInLoop_default_OD\feb17-0936\logs\E_1_LogD_Sequence_feb17-0936.xes.gz
Use frequency: True

Found communities: 

Clustering with 1017 elements and 3 clusters
[0] 0, 3, 4, 7, 10, 13, 14, 17, 20, 23, 24, 27, 30, 33, 36, 39, 42, 45, 48,
    51, 52, 55, 56, 59, 60, 63, 64, 67, 70, 73, 74, 77, 80, 83, 86, 89, 92,
    95, 98, 101, 104, 107, 110, 113, 114, 117, 120, 123, 126, 129, 132, 133,
    136, 139, 142, 145, 146, 149, 152, 155, 158, 161, 164, 165, 168, 171, 174,
    175, 178, 181, 184, 187, 190, 193, 194, 197, 198, 201, 204, 207, 208, 211,
    214, 217, 220, 223, 226, 229, 232, 235, 238, 239, 242, 243, 246, 249, 252,
    255, 258, 261, 264, 267, 270, 271, 274, 277, 280, 283, 286, 289, 292, 295,
    298, 301, 304, 307, 310, 313, 316, 319, 322, 325, 328, 331, 334, 337, 340,
    343, 346, 349, 352, 355, 358, 361, 362, 365, 368, 371, 374, 377, 380, 383,
    386, 389, 392, 395, 398, 401, 404, 407, 410, 413, 416, 419, 422, 423, 426,
    429, 432, 435, 438, 441, 444, 447, 450, 453, 456, 459, 462, 465, 468, 471,
    474, 477, 480, 483, 486, 489, 492, 495, 498, 499, 502, 505, 506, 509, 512,
    515, 516, 519, 522, 525, 528, 531, 534, 537, 540, 543, 546, 549, 552, 555,
    558, 561, 564, 567, 568, 571, 574, 575, 578, 581, 584, 587, 590, 593, 596,
    599, 602, 605, 608, 611, 614, 617, 620, 623, 626, 629, 632, 633, 636, 639,
    642, 645, 648, 651, 654, 657, 660, 663, 666, 669, 672, 675, 678, 681, 684,
    687, 690, 693, 696, 699, 702, 705, 708, 711, 714, 717, 720, 723, 726, 729,
    732, 735, 738, 741, 744, 745, 748, 751, 754, 757, 760, 763, 766, 769, 772,
    775, 778, 781, 784, 787, 790, 793, 796, 799, 802, 805, 808, 811, 814, 817,
    818, 821, 824, 827, 830, 833, 836, 839, 842, 845, 848, 851, 854, 857, 860,
    863, 864, 867, 870, 873, 876, 879, 882, 885, 888, 891, 894, 897, 898, 901,
    904, 907, 910, 913, 916, 919, 922, 923, 926, 929, 932, 935, 938, 941, 944,
    947, 950, 953, 956, 959, 962, 965, 968, 971, 974, 977, 980, 983, 984, 987,
    990, 993, 996, 999, 1002, 1005, 1008, 1011, 1014
[1] 2, 6, 9, 12, 16, 19, 22, 26, 29, 32, 35, 38, 41, 44, 47, 50, 54, 58, 62,
    66, 69, 72, 76, 79, 82, 85, 88, 91, 94, 97, 100, 103, 106, 109, 112, 116,
    119, 122, 125, 128, 131, 135, 138, 141, 144, 148, 151, 154, 157, 160, 163,
    167, 170, 173, 177, 180, 183, 186, 189, 192, 196, 200, 203, 206, 210, 213,
    216, 219, 222, 225, 228, 231, 234, 237, 241, 245, 248, 251, 254, 257, 260,
    263, 266, 269, 273, 276, 279, 282, 285, 288, 291, 294, 297, 300, 303, 306,
    309, 312, 315, 318, 321, 324, 327, 330, 333, 336, 339, 342, 345, 348, 351,
    354, 357, 360, 364, 367, 370, 373, 376, 379, 382, 385, 388, 391, 394, 397,
    400, 403, 406, 409, 412, 415, 418, 421, 425, 428, 431, 434, 437, 440, 443,
    446, 449, 452, 455, 458, 461, 464, 467, 470, 473, 476, 479, 482, 485, 488,
    491, 494, 497, 501, 504, 508, 511, 514, 518, 521, 524, 527, 530, 533, 536,
    539, 542, 545, 548, 551, 554, 557, 560, 563, 566, 570, 573, 577, 580, 583,
    586, 589, 592, 595, 598, 601, 604, 607, 610, 613, 616, 619, 622, 625, 628,
    631, 635, 638, 641, 644, 647, 650, 653, 656, 659, 662, 665, 668, 671, 674,
    677, 680, 683, 686, 689, 692, 695, 698, 701, 704, 707, 710, 713, 716, 719,
    722, 725, 728, 731, 734, 737, 740, 743, 747, 750, 753, 756, 759, 762, 765,
    768, 771, 774, 777, 780, 783, 786, 789, 792, 795, 798, 801, 804, 807, 810,
    813, 816, 820, 823, 826, 829, 832, 835, 838, 841, 844, 847, 850, 853, 856,
    859, 862, 866, 869, 872, 875, 878, 881, 884, 887, 890, 893, 896, 900, 903,
    906, 909, 912, 915, 918, 921, 925, 928, 931, 934, 937, 940, 943, 946, 949,
    952, 955, 958, 961, 964, 967, 970, 973, 976, 979, 982, 986, 989, 992, 995,
    998, 1001, 1004, 1007, 1010, 1013, 1016
[2] 1, 5, 8, 11, 15, 18, 21, 25, 28, 31, 34, 37, 40, 43, 46, 49, 53, 57, 61,
    65, 68, 71, 75, 78, 81, 84, 87, 90, 93, 96, 99, 102, 105, 108, 111, 115,
    118, 121, 124, 127, 130, 134, 137, 140, 143, 147, 150, 153, 156, 159, 162,
    166, 169, 172, 176, 179, 182, 185, 188, 191, 195, 199, 202, 205, 209, 212,
    215, 218, 221, 224, 227, 230, 233, 236, 240, 244, 247, 250, 253, 256, 259,
    262, 265, 268, 272, 275, 278, 281, 284, 287, 290, 293, 296, 299, 302, 305,
    308, 311, 314, 317, 320, 323, 326, 329, 332, 335, 338, 341, 344, 347, 350,
    353, 356, 359, 363, 366, 369, 372, 375, 378, 381, 384, 387, 390, 393, 396,
    399, 402, 405, 408, 411, 414, 417, 420, 424, 427, 430, 433, 436, 439, 442,
    445, 448, 451, 454, 457, 460, 463, 466, 469, 472, 475, 478, 481, 484, 487,
    490, 493, 496, 500, 503, 507, 510, 513, 517, 520, 523, 526, 529, 532, 535,
    538, 541, 544, 547, 550, 553, 556, 559, 562, 565, 569, 572, 576, 579, 582,
    585, 588, 591, 594, 597, 600, 603, 606, 609, 612, 615, 618, 621, 624, 627,
    630, 634, 637, 640, 643, 646, 649, 652, 655, 658, 661, 664, 667, 670, 673,
    676, 679, 682, 685, 688, 691, 694, 697, 700, 703, 706, 709, 712, 715, 718,
    721, 724, 727, 730, 733, 736, 739, 742, 746, 749, 752, 755, 758, 761, 764,
    767, 770, 773, 776, 779, 782, 785, 788, 791, 794, 797, 800, 803, 806, 809,
    812, 815, 819, 822, 825, 828, 831, 834, 837, 840, 843, 846, 849, 852, 855,
    858, 861, 865, 868, 871, 874, 877, 880, 883, 886, 889, 892, 895, 899, 902,
    905, 908, 911, 914, 917, 920, 924, 927, 930, 933, 936, 939, 942, 945, 948,
    951, 954, 957, 960, 963, 966, 969, 972, 975, 978, 981, 985, 988, 991, 994,
    997, 1000, 1003, 1006, 1009, 1012, 1015

Reassigned labels

Runtime: 0.9486098289489746

Performance split_log:

IM without threshold:
Map:
{"A_0": "A", "A_1": "A", "A_2": "A"}
token_fitness
{"perc_fit_traces": 0.0, "average_trace_fitness": 0.8039109202487995, "log_fitness": 0.8070887304229486, "percentage_of_fitting_traces": 0.0}
precision
0.9997942175120897
0.7435897435897437
generalization
0.7238120551491439

Adjusted Rand Index:
0.9521114928149994



Parameters of this run:

Window size: 3
Threshold for edges: 0.25
Split candidates: A
Max number of traces: 5000000
Method for distance calculation: Distance.EDIT_DISTANCE
Method for finding clusters: ClusteringMethod.COMMUNITY_DETECTION
Original log location: ./data/noImprInLoop_default_OD\feb17-0936\logs\E_1_LogD_Sequence_feb17-0936.xes.gz
Use frequency: True

Found communities: 

Clustering with 1017 elements and 3 clusters
[0] 0, 3, 4, 7, 10, 13, 14, 17, 20, 23, 24, 27, 30, 33, 36, 39, 42, 45, 48,
    51, 52, 55, 56, 59, 60, 63, 64, 67, 70, 73, 74, 77, 80, 83, 86, 89, 92,
    95, 98, 101, 104, 107, 110, 113, 114, 117, 120, 123, 126, 129, 132, 133,
    136, 139, 142, 145, 146, 149, 152, 155, 158, 161, 164, 165, 168, 171, 174,
    175, 178, 181, 184, 187, 190, 193, 194, 197, 198, 201, 204, 207, 208, 211,
    214, 217, 220, 223, 226, 229, 232, 235, 238, 239, 242, 243, 246, 249, 252,
    255, 258, 261, 264, 267, 270, 271, 274, 277, 280, 283, 286, 289, 292, 295,
    298, 301, 304, 307, 310, 313, 316, 319, 322, 325, 328, 331, 334, 337, 340,
    343, 346, 349, 352, 355, 358, 361, 362, 365, 368, 371, 374, 377, 380, 383,
    386, 389, 392, 395, 398, 401, 404, 407, 410, 413, 416, 419, 422, 423, 426,
    429, 432, 435, 438, 441, 444, 447, 450, 453, 456, 459, 462, 465, 468, 471,
    474, 477, 480, 483, 486, 489, 492, 495, 498, 499, 502, 505, 506, 509, 512,
    515, 516, 519, 522, 525, 528, 531, 534, 537, 540, 543, 546, 549, 552, 555,
    558, 561, 564, 567, 568, 571, 574, 575, 578, 581, 584, 587, 590, 593, 596,
    599, 602, 605, 608, 611, 614, 617, 620, 623, 626, 629, 632, 633, 636, 639,
    642, 645, 648, 651, 654, 657, 660, 663, 666, 669, 672, 675, 678, 681, 684,
    687, 690, 693, 696, 699, 702, 705, 708, 711, 714, 717, 720, 723, 726, 729,
    732, 735, 738, 741, 744, 745, 748, 751, 754, 757, 760, 763, 766, 769, 772,
    775, 778, 781, 784, 787, 790, 793, 796, 799, 802, 805, 808, 811, 814, 817,
    818, 821, 824, 827, 830, 833, 836, 839, 842, 845, 848, 851, 854, 857, 860,
    863, 864, 867, 870, 873, 876, 879, 882, 885, 888, 891, 894, 897, 898, 901,
    904, 907, 910, 913, 916, 919, 922, 923, 926, 929, 932, 935, 938, 941, 944,
    947, 950, 953, 956, 959, 962, 965, 968, 971, 974, 977, 980, 983, 984, 987,
    990, 993, 996, 999, 1002, 1005, 1008, 1011, 1014
[1] 2, 6, 9, 12, 16, 19, 22, 26, 29, 32, 35, 38, 41, 44, 47, 50, 54, 58, 62,
    66, 69, 72, 76, 79, 82, 85, 88, 91, 94, 97, 100, 103, 106, 109, 112, 116,
    119, 122, 125, 128, 131, 135, 138, 141, 144, 148, 151, 154, 157, 160, 163,
    167, 170, 173, 177, 180, 183, 186, 189, 192, 196, 200, 203, 206, 210, 213,
    216, 219, 222, 225, 228, 231, 234, 237, 241, 245, 248, 251, 254, 257, 260,
    263, 266, 269, 273, 276, 279, 282, 285, 288, 291, 294, 297, 300, 303, 306,
    309, 312, 315, 318, 321, 324, 327, 330, 333, 336, 339, 342, 345, 348, 351,
    354, 357, 360, 364, 367, 370, 373, 376, 379, 382, 385, 388, 391, 394, 397,
    400, 403, 406, 409, 412, 415, 418, 421, 425, 428, 431, 434, 437, 440, 443,
    446, 449, 452, 455, 458, 461, 464, 467, 470, 473, 476, 479, 482, 485, 488,
    491, 494, 497, 501, 504, 508, 511, 514, 518, 521, 524, 527, 530, 533, 536,
    539, 542, 545, 548, 551, 554, 557, 560, 563, 566, 570, 573, 577, 580, 583,
    586, 589, 592, 595, 598, 601, 604, 607, 610, 613, 616, 619, 622, 625, 628,
    631, 635, 638, 641, 644, 647, 650, 653, 656, 659, 662, 665, 668, 671, 674,
    677, 680, 683, 686, 689, 692, 695, 698, 701, 704, 707, 710, 713, 716, 719,
    722, 725, 728, 731, 734, 737, 740, 743, 747, 750, 753, 756, 759, 762, 765,
    768, 771, 774, 777, 780, 783, 786, 789, 792, 795, 798, 801, 804, 807, 810,
    813, 816, 820, 823, 826, 829, 832, 835, 838, 841, 844, 847, 850, 853, 856,
    859, 862, 866, 869, 872, 875, 878, 881, 884, 887, 890, 893, 896, 900, 903,
    906, 909, 912, 915, 918, 921, 925, 928, 931, 934, 937, 940, 943, 946, 949,
    952, 955, 958, 961, 964, 967, 970, 973, 976, 979, 982, 986, 989, 992, 995,
    998, 1001, 1004, 1007, 1010, 1013, 1016
[2] 1, 5, 8, 11, 15, 18, 21, 25, 28, 31, 34, 37, 40, 43, 46, 49, 53, 57, 61,
    65, 68, 71, 75, 78, 81, 84, 87, 90, 93, 96, 99, 102, 105, 108, 111, 115,
    118, 121, 124, 127, 130, 134, 137, 140, 143, 147, 150, 153, 156, 159, 162,
    166, 169, 172, 176, 179, 182, 185, 188, 191, 195, 199, 202, 205, 209, 212,
    215, 218, 221, 224, 227, 230, 233, 236, 240, 244, 247, 250, 253, 256, 259,
    262, 265, 268, 272, 275, 278, 281, 284, 287, 290, 293, 296, 299, 302, 305,
    308, 311, 314, 317, 320, 323, 326, 329, 332, 335, 338, 341, 344, 347, 350,
    353, 356, 359, 363, 366, 369, 372, 375, 378, 381, 384, 387, 390, 393, 396,
    399, 402, 405, 408, 411, 414, 417, 420, 424, 427, 430, 433, 436, 439, 442,
    445, 448, 451, 454, 457, 460, 463, 466, 469, 472, 475, 478, 481, 484, 487,
    490, 493, 496, 500, 503, 507, 510, 513, 517, 520, 523, 526, 529, 532, 535,
    538, 541, 544, 547, 550, 553, 556, 559, 562, 565, 569, 572, 576, 579, 582,
    585, 588, 591, 594, 597, 600, 603, 606, 609, 612, 615, 618, 621, 624, 627,
    630, 634, 637, 640, 643, 646, 649, 652, 655, 658, 661, 664, 667, 670, 673,
    676, 679, 682, 685, 688, 691, 694, 697, 700, 703, 706, 709, 712, 715, 718,
    721, 724, 727, 730, 733, 736, 739, 742, 746, 749, 752, 755, 758, 761, 764,
    767, 770, 773, 776, 779, 782, 785, 788, 791, 794, 797, 800, 803, 806, 809,
    812, 815, 819, 822, 825, 828, 831, 834, 837, 840, 843, 846, 849, 852, 855,
    858, 861, 865, 868, 871, 874, 877, 880, 883, 886, 889, 892, 895, 899, 902,
    905, 908, 911, 914, 917, 920, 924, 927, 930, 933, 936, 939, 942, 945, 948,
    951, 954, 957, 960, 963, 966, 969, 972, 975, 978, 981, 985, 988, 991, 994,
    997, 1000, 1003, 1006, 1009, 1012, 1015

Reassigned labels

Runtime: 0.864386796951294

Performance split_log:

IM without threshold:
Map:
{"A_0": "A", "A_1": "A", "A_2": "A"}
token_fitness
{"perc_fit_traces": 0.0, "average_trace_fitness": 0.7980641758680471, "log_fitness": 0.8061232480093199, "percentage_of_fitting_traces": 0.0}
precision
0.9997942175120897
0.7435897435897437
generalization
0.7566931749178826

Adjusted Rand Index:
0.9521114928149994



Parameters of this run:

Window size: 3
Threshold for edges: 0.5
Split candidates: A
Max number of traces: 5000000
Method for distance calculation: Distance.EDIT_DISTANCE
Method for finding clusters: ClusteringMethod.COMMUNITY_DETECTION
Original log location: ./data/noImprInLoop_default_OD\feb17-0936\logs\E_1_LogD_Sequence_feb17-0936.xes.gz
Use frequency: True

Found communities: 

Clustering with 1017 elements and 3 clusters
[0] 0, 3, 4, 7, 10, 13, 14, 17, 20, 23, 24, 27, 30, 33, 36, 39, 42, 45, 48,
    51, 52, 55, 56, 59, 60, 63, 64, 67, 70, 73, 74, 77, 80, 83, 86, 89, 92,
    95, 98, 101, 104, 107, 110, 113, 114, 117, 120, 123, 126, 129, 132, 133,
    136, 139, 142, 145, 146, 149, 152, 155, 158, 161, 164, 165, 168, 171, 174,
    175, 178, 181, 184, 187, 190, 193, 194, 197, 198, 201, 204, 207, 208, 211,
    214, 217, 220, 223, 226, 229, 232, 235, 238, 239, 242, 243, 246, 249, 252,
    255, 258, 261, 264, 267, 270, 271, 274, 277, 280, 283, 286, 289, 292, 295,
    298, 301, 304, 307, 310, 313, 316, 319, 322, 325, 328, 331, 334, 337, 340,
    343, 346, 349, 352, 355, 358, 361, 362, 365, 368, 371, 374, 377, 380, 383,
    386, 389, 392, 395, 398, 401, 404, 407, 410, 413, 416, 419, 422, 423, 426,
    429, 432, 435, 438, 441, 444, 447, 450, 453, 456, 459, 462, 465, 468, 471,
    474, 477, 480, 483, 486, 489, 492, 495, 498, 499, 502, 505, 506, 509, 512,
    515, 516, 519, 522, 525, 528, 531, 534, 537, 540, 543, 546, 549, 552, 555,
    558, 561, 564, 567, 568, 571, 574, 575, 578, 581, 584, 587, 590, 593, 596,
    599, 602, 605, 608, 611, 614, 617, 620, 623, 626, 629, 632, 633, 636, 639,
    642, 645, 648, 651, 654, 657, 660, 663, 666, 669, 672, 675, 678, 681, 684,
    687, 690, 693, 696, 699, 702, 705, 708, 711, 714, 717, 720, 723, 726, 729,
    732, 735, 738, 741, 744, 745, 748, 751, 754, 757, 760, 763, 766, 769, 772,
    775, 778, 781, 784, 787, 790, 793, 796, 799, 802, 805, 808, 811, 814, 817,
    818, 821, 824, 827, 830, 833, 836, 839, 842, 845, 848, 851, 854, 857, 860,
    863, 864, 867, 870, 873, 876, 879, 882, 885, 888, 891, 894, 897, 898, 901,
    904, 907, 910, 913, 916, 919, 922, 923, 926, 929, 932, 935, 938, 941, 944,
    947, 950, 953, 956, 959, 962, 965, 968, 971, 974, 977, 980, 983, 984, 987,
    990, 993, 996, 999, 1002, 1005, 1008, 1011, 1014
[1] 2, 6, 9, 12, 16, 19, 22, 26, 29, 32, 35, 38, 41, 44, 47, 50, 54, 58, 62,
    66, 69, 72, 76, 79, 82, 85, 88, 91, 94, 97, 100, 103, 106, 109, 112, 116,
    119, 122, 125, 128, 131, 135, 138, 141, 144, 148, 151, 154, 157, 160, 163,
    167, 170, 173, 177, 180, 183, 186, 189, 192, 196, 200, 203, 206, 210, 213,
    216, 219, 222, 225, 228, 231, 234, 237, 241, 245, 248, 251, 254, 257, 260,
    263, 266, 269, 273, 276, 279, 282, 285, 288, 291, 294, 297, 300, 303, 306,
    309, 312, 315, 318, 321, 324, 327, 330, 333, 336, 339, 342, 345, 348, 351,
    354, 357, 360, 364, 367, 370, 373, 376, 379, 382, 385, 388, 391, 394, 397,
    400, 403, 406, 409, 412, 415, 418, 421, 425, 428, 431, 434, 437, 440, 443,
    446, 449, 452, 455, 458, 461, 464, 467, 470, 473, 476, 479, 482, 485, 488,
    491, 494, 497, 501, 504, 508, 511, 514, 518, 521, 524, 527, 530, 533, 536,
    539, 542, 545, 548, 551, 554, 557, 560, 563, 566, 570, 573, 577, 580, 583,
    586, 589, 592, 595, 598, 601, 604, 607, 610, 613, 616, 619, 622, 625, 628,
    631, 635, 638, 641, 644, 647, 650, 653, 656, 659, 662, 665, 668, 671, 674,
    677, 680, 683, 686, 689, 692, 695, 698, 701, 704, 707, 710, 713, 716, 719,
    722, 725, 728, 731, 734, 737, 740, 743, 747, 750, 753, 756, 759, 762, 765,
    768, 771, 774, 777, 780, 783, 786, 789, 792, 795, 798, 801, 804, 807, 810,
    813, 816, 820, 823, 826, 829, 832, 835, 838, 841, 844, 847, 850, 853, 856,
    859, 862, 866, 869, 872, 875, 878, 881, 884, 887, 890, 893, 896, 900, 903,
    906, 909, 912, 915, 918, 921, 925, 928, 931, 934, 937, 940, 943, 946, 949,
    952, 955, 958, 961, 964, 967, 970, 973, 976, 979, 982, 986, 989, 992, 995,
    998, 1001, 1004, 1007, 1010, 1013, 1016
[2] 1, 5, 8, 11, 15, 18, 21, 25, 28, 31, 34, 37, 40, 43, 46, 49, 53, 57, 61,
    65, 68, 71, 75, 78, 81, 84, 87, 90, 93, 96, 99, 102, 105, 108, 111, 115,
    118, 121, 124, 127, 130, 134, 137, 140, 143, 147, 150, 153, 156, 159, 162,
    166, 169, 172, 176, 179, 182, 185, 188, 191, 195, 199, 202, 205, 209, 212,
    215, 218, 221, 224, 227, 230, 233, 236, 240, 244, 247, 250, 253, 256, 259,
    262, 265, 268, 272, 275, 278, 281, 284, 287, 290, 293, 296, 299, 302, 305,
    308, 311, 314, 317, 320, 323, 326, 329, 332, 335, 338, 341, 344, 347, 350,
    353, 356, 359, 363, 366, 369, 372, 375, 378, 381, 384, 387, 390, 393, 396,
    399, 402, 405, 408, 411, 414, 417, 420, 424, 427, 430, 433, 436, 439, 442,
    445, 448, 451, 454, 457, 460, 463, 466, 469, 472, 475, 478, 481, 484, 487,
    490, 493, 496, 500, 503, 507, 510, 513, 517, 520, 523, 526, 529, 532, 535,
    538, 541, 544, 547, 550, 553, 556, 559, 562, 565, 569, 572, 576, 579, 582,
    585, 588, 591, 594, 597, 600, 603, 606, 609, 612, 615, 618, 621, 624, 627,
    630, 634, 637, 640, 643, 646, 649, 652, 655, 658, 661, 664, 667, 670, 673,
    676, 679, 682, 685, 688, 691, 694, 697, 700, 703, 706, 709, 712, 715, 718,
    721, 724, 727, 730, 733, 736, 739, 742, 746, 749, 752, 755, 758, 761, 764,
    767, 770, 773, 776, 779, 782, 785, 788, 791, 794, 797, 800, 803, 806, 809,
    812, 815, 819, 822, 825, 828, 831, 834, 837, 840, 843, 846, 849, 852, 855,
    858, 861, 865, 868, 871, 874, 877, 880, 883, 886, 889, 892, 895, 899, 902,
    905, 908, 911, 914, 917, 920, 924, 927, 930, 933, 936, 939, 942, 945, 948,
    951, 954, 957, 960, 963, 966, 969, 972, 975, 978, 981, 985, 988, 991, 994,
    997, 1000, 1003, 1006, 1009, 1012, 1015

Reassigned labels

Runtime: 0.8101215362548828

Performance split_log:

IM without threshold:
Map:
{"A_0": "A", "A_1": "A", "A_2": "A"}
token_fitness
{"perc_fit_traces": 0.0, "average_trace_fitness": 0.7980641758680471, "log_fitness": 0.8061232480093199, "percentage_of_fitting_traces": 0.0}
precision
0.9997942175120897
0.7435897435897437
generalization
0.7566931749178826

Adjusted Rand Index:
0.9521114928149994



Parameters of this run:

Window size: 3
Threshold for edges: 0.75
Split candidates: A
Max number of traces: 5000000
Method for distance calculation: Distance.EDIT_DISTANCE
Method for finding clusters: ClusteringMethod.COMMUNITY_DETECTION
Original log location: ./data/noImprInLoop_default_OD\feb17-0936\logs\E_1_LogD_Sequence_feb17-0936.xes.gz
Use frequency: True

Found communities: 

Clustering with 1017 elements and 11 clusters
[ 0] 7, 10, 17, 27, 30, 33, 42, 67, 80, 86, 89, 92, 95, 98, 107, 110, 117,
     120, 126, 136, 142, 149, 152, 155, 158, 161, 168, 184, 190, 204, 214,
     220, 226, 229, 235, 246, 255, 258, 261, 264, 267, 274, 277, 280, 283,
     289, 292, 298, 301, 304, 316, 319, 322, 325, 331, 334, 340, 343, 346,
     349, 355, 358, 365, 368, 371, 374, 377, 380, 386, 389, 392, 395, 401,
     404, 407, 410, 413, 416, 429, 432, 438, 441, 447, 450, 456, 462, 465,
     468, 471, 474, 477, 480, 483, 486, 489, 492, 495, 502, 509, 512, 519,
     522, 525, 528, 531, 534, 537, 540, 543, 549, 552, 555, 558, 561, 564,
     571, 578, 581, 590, 593, 596, 599, 605, 611, 617, 620, 623, 626, 636,
     639, 642, 645, 648, 651, 654, 657, 663, 666, 669, 675, 681, 684, 687,
     690, 696, 699, 702, 705, 708, 714, 717, 720, 723, 726, 729, 732, 735,
     738, 741, 748, 751, 754, 757, 760, 766, 769, 772, 775, 778, 781, 784,
     787, 790, 793, 796, 799, 802, 805, 814, 821, 827, 830, 833, 836, 839,
     842, 845, 848, 851, 854, 857, 860, 873, 876, 879, 882, 885, 888, 891,
     894, 901, 904, 907, 913, 916, 919, 926, 929, 932, 935, 938, 941, 944,
     947, 950, 953, 956, 959, 962, 965, 968, 971, 974, 977, 980, 987, 990,
     993, 996, 999, 1002, 1005, 1008, 1014
[ 1] 8, 11, 18, 28, 31, 34, 43, 68, 81, 87, 90, 93, 96, 99, 108, 111, 118,
     121, 127, 137, 143, 150, 153, 156, 159, 162, 169, 185, 191, 205, 215,
     221, 227, 230, 236, 247, 256, 259, 262, 265, 268, 275, 278, 281, 284,
     290, 293, 299, 302, 305, 317, 320, 323, 326, 332, 335, 341, 344, 347,
     350, 356, 359, 366, 369, 372, 375, 378, 381, 387, 390, 393, 396, 402,
     405, 408, 411, 414, 417, 430, 433, 439, 442, 448, 451, 457, 463, 466,
     469, 472, 475, 478, 481, 484, 487, 490, 493, 496, 503, 510, 513, 520,
     523, 526, 529, 532, 535, 538, 541, 544, 550, 553, 556, 559, 562, 565,
     572, 579, 582, 591, 594, 597, 600, 606, 612, 618, 621, 624, 627, 637,
     640, 643, 646, 649, 652, 655, 658, 664, 667, 670, 676, 682, 685, 688,
     691, 697, 700, 703, 706, 709, 715, 718, 721, 724, 727, 730, 733, 736,
     739, 742, 749, 752, 755, 758, 761, 767, 770, 773, 776, 779, 782, 785,
     788, 791, 794, 797, 800, 803, 806, 815, 822, 828, 831, 834, 837, 840,
     843, 846, 849, 852, 855, 858, 861, 874, 877, 880, 883, 886, 889, 892,
     895, 902, 905, 908, 914, 917, 920, 927, 930, 933, 936, 939, 942, 945,
     948, 951, 954, 957, 960, 963, 966, 969, 972, 975, 978, 981, 988, 991,
     994, 997, 1000, 1003, 1006, 1009, 1015
[ 2] 2, 9, 19, 26, 38, 88, 97, 103, 106, 148, 151, 157, 160, 167, 189, 200,
     203, 219, 225, 231, 234, 251, 260, 263, 276, 285, 297, 300, 303, 318,
     324, 327, 330, 333, 336, 339, 348, 364, 367, 373, 379, 391, 412, 421,
     431, 452, 455, 479, 485, 488, 491, 497, 504, 511, 518, 521, 542, 545,
     548, 554, 566, 577, 580, 583, 589, 592, 595, 616, 625, 638, 653, 662,
     683, 686, 689, 692, 695, 698, 701, 707, 713, 716, 740, 743, 747, 768,
     774, 792, 801, 804, 829, 838, 841, 844, 862, 872, 887, 893, 896, 906,
     912, 937, 943, 955, 970, 976, 982, 986, 1001, 1016
[ 3] 22, 32, 44, 47, 50, 58, 69, 72, 76, 94, 109, 112, 128, 135, 138, 141,
     170, 177, 183, 192, 216, 222, 228, 237, 241, 248, 254, 266, 269, 273,
     282, 288, 294, 312, 315, 321, 342, 345, 354, 357, 370, 382, 388, 397,
     406, 415, 425, 443, 458, 467, 476, 494, 501, 524, 527, 533, 536, 560,
     563, 570, 586, 601, 604, 607, 610, 613, 628, 631, 647, 656, 668, 671,
     728, 753, 756, 777, 780, 783, 786, 795, 798, 816, 820, 826, 847, 850,
     866, 869, 878, 890, 915, 918, 921, 931, 934, 946, 973, 979, 989, 995,
     1004
[ 4] 6, 12, 16, 29, 35, 54, 85, 125, 144, 154, 163, 173, 186, 206, 210, 213,
     245, 257, 279, 291, 309, 360, 376, 403, 409, 418, 428, 440, 446, 461,
     464, 482, 598, 622, 635, 644, 650, 659, 665, 680, 704, 710, 719, 722,
     725, 731, 759, 762, 807, 813, 832, 835, 853, 856, 875, 884, 903, 958,
     961, 992, 1007, 1010, 1013
[ 5] 0, 20, 36, 39, 45, 48, 70, 77, 83, 101, 104, 123, 129, 139, 171, 178,
     181, 187, 201, 211, 217, 223, 232, 249, 252, 286, 295, 307, 310, 313,
     328, 337, 352, 383, 398, 419, 426, 435, 444, 453, 459, 546, 584, 587,
     602, 608, 614, 629, 660, 672, 678, 693, 711, 763, 808, 811, 824, 867,
     870, 910, 1011
[ 6] 1, 21, 37, 40, 46, 49, 71, 78, 84, 102, 105, 124, 130, 140, 172, 179,
     182, 188, 202, 212, 218, 224, 233, 250, 253, 287, 296, 308, 311, 314,
     329, 338, 353, 384, 399, 420, 427, 436, 445, 454, 460, 547, 585, 588,
     603, 609, 615, 630, 661, 673, 679, 694, 712, 764, 809, 812, 825, 868,
     871, 911, 1012
[ 7] 41, 62, 66, 79, 82, 91, 100, 116, 119, 122, 131, 180, 196, 306, 351, 385,
     394, 400, 434, 437, 449, 470, 473, 508, 514, 530, 539, 551, 557, 573,
     619, 641, 674, 677, 734, 737, 750, 765, 771, 789, 810, 823, 859, 881,
     900, 909, 925, 928, 940, 949, 952, 964, 967, 998
[ 8] 3, 13, 23, 51, 55, 59, 63, 73, 113, 132, 145, 164, 174, 193, 197, 207,
     238, 242, 270, 361, 422, 498, 505, 515, 567, 574, 632, 744, 817, 863,
     897, 922, 983
[ 9] 4, 14, 24, 52, 56, 60, 64, 74, 114, 133, 146, 165, 175, 194, 198, 208,
     239, 243, 271, 362, 423, 499, 506, 516, 568, 575, 633, 745, 818, 864,
     898, 923, 984
[10] 5, 15, 25, 53, 57, 61, 65, 75, 115, 134, 147, 166, 176, 195, 199, 209,
     240, 244, 272, 363, 424, 500, 507, 517, 569, 576, 634, 746, 819, 865,
     899, 924, 985

Reassigned labels

Runtime: 0.7347159385681152

Performance split_log:

IM without threshold:
Map:
{"A_0": "A", "A_1": "A", "A_2": "A", "A_3": "A", "A_4": "A", "A_5": "A", "A_6": "A", "A_7": "A", "A_8": "A", "A_9": "A", "A_10": "A"}
token_fitness
{"perc_fit_traces": 69.4, "average_trace_fitness": 0.9870918394745397, "log_fitness": 0.9870815215096889, "percentage_of_fitting_traces": 69.4}
precision
0.9757540409931678
0.7391304347826086
generalization
0.8985557015065884

Adjusted Rand Index:
0.5600768539405243



Parameters of this run:

Window size: 3
Threshold for edges: 1
Split candidates: A
Max number of traces: 5000000
Method for distance calculation: Distance.EDIT_DISTANCE
Method for finding clusters: ClusteringMethod.COMMUNITY_DETECTION
Original log location: ./data/noImprInLoop_default_OD\feb17-0936\logs\E_1_LogD_Sequence_feb17-0936.xes.gz
Use frequency: True

Found communities: 

Clustering with 1017 elements and 66 clusters
[ 0] 6, 12, 16, 29, 35, 54, 85, 125, 144, 154, 163, 173, 186, 206, 210, 213,
     245, 257, 279, 291, 309, 360, 376, 403, 409, 418, 428, 440, 446, 461,
     464, 482, 598, 622, 635, 644, 650, 659, 665, 680, 704, 710, 719, 722,
     725, 731, 759, 762, 807, 813, 832, 835, 853, 856, 875, 884, 903, 958,
     961, 992, 1007, 1010, 1013
[ 1] 2, 9, 26, 88, 106, 151, 157, 167, 203, 234, 251, 263, 285, 297, 300, 324,
     336, 339, 348, 364, 379, 391, 431, 455, 479, 491, 504, 511, 521, 542,
     566, 577, 583, 589, 595, 625, 638, 662, 689, 692, 707, 740, 743, 747,
     768, 774, 792, 801, 804, 838, 844, 862, 872, 893, 896, 906, 912, 955,
     970, 976, 1016
[ 2] 41, 62, 66, 79, 82, 91, 100, 116, 119, 122, 131, 180, 196, 306, 351, 385,
     394, 400, 434, 437, 449, 470, 473, 508, 514, 530, 539, 551, 557, 573,
     619, 641, 674, 677, 734, 737, 750, 765, 771, 789, 810, 823, 859, 881,
     900, 909, 925, 928, 940, 949, 952, 964, 967, 998
[ 3] 19, 38, 97, 103, 148, 160, 189, 200, 219, 225, 231, 260, 276, 303, 318,
     327, 330, 333, 367, 373, 412, 421, 452, 485, 488, 497, 518, 545, 548,
     554, 580, 592, 616, 653, 683, 686, 695, 698, 701, 713, 716, 829, 841,
     887, 937, 943, 982, 986, 1001
[ 4] 1, 21, 46, 49, 71, 78, 102, 130, 172, 188, 202, 253, 296, 308, 329, 353,
     399, 436, 454, 460, 588, 603, 609, 615, 630, 679, 694, 764, 809, 812,
     825, 868, 911, 1012
[ 5] 3, 13, 23, 51, 55, 59, 63, 73, 113, 132, 145, 164, 174, 193, 197, 207,
     238, 242, 270, 361, 422, 498, 505, 515, 567, 574, 632, 744, 817, 863,
     897, 922, 983
[ 6] 4, 14, 24, 52, 56, 60, 64, 74, 114, 133, 146, 165, 175, 194, 198, 208,
     239, 243, 271, 362, 423, 499, 506, 516, 568, 575, 633, 745, 818, 864,
     898, 923, 984
[ 7] 0, 20, 36, 48, 70, 83, 101, 104, 123, 129, 139, 171, 178, 181, 187, 201,
     217, 249, 252, 286, 307, 313, 383, 398, 435, 444, 453, 459, 602, 672,
     824, 870
[ 8] 39, 45, 77, 211, 223, 232, 295, 310, 328, 337, 352, 419, 426, 546, 584,
     587, 608, 614, 629, 660, 678, 693, 711, 763, 808, 811, 867, 910, 1011
[ 9] 37, 40, 84, 105, 124, 140, 179, 182, 212, 218, 224, 233, 250, 287, 311,
     314, 338, 384, 420, 427, 445, 547, 585, 661, 673, 712, 871
[10] 44, 72, 177, 222, 269, 345, 354, 357, 476, 494, 524, 560, 610, 647, 668,
     786, 795, 816, 890, 934
[11] 32, 76, 94, 128, 138, 216, 237, 288, 294, 312, 388, 406, 415, 458, 527,
     536, 783, 931
[12] 22, 69, 109, 248, 266, 370, 397, 501, 656, 756, 780, 798, 847, 869, 878,
     915, 918
[13] 5, 25, 57, 61, 75, 115, 147, 195, 209, 244, 272, 363, 424, 517, 569, 576,
     899
[14] 15, 53, 65, 134, 166, 176, 199, 240, 500, 507, 634, 746, 819, 865, 924,
     985
[15] 47, 50, 112, 183, 228, 241, 273, 321, 425, 604, 671, 777, 820, 850, 973,
     989
[16] 58, 141, 170, 192, 342, 382, 443, 467, 533, 563, 586, 601, 728, 921, 946
[17] 135, 254, 282, 315, 570, 607, 613, 628, 631, 753, 826, 866, 979, 995,
     1004
[18] 95, 149, 292, 374, 483, 540, 561, 564, 596, 754, 857, 932, 962, 993
[19] 80, 136, 155, 304, 331, 492, 642, 687, 751, 885, 916, 926, 990
[20] 18, 31, 90, 137, 341, 347, 408, 688, 730, 886, 927, 991
[21] 8, 96, 541, 565, 597, 755, 779, 794, 902, 933, 963, 994
[22] 98, 142, 365, 404, 429, 495, 558, 611, 845, 935, 944, 965
[23] 99, 221, 256, 320, 430, 496, 559, 749, 846, 914, 936, 969
[24] 204, 386, 447, 552, 690, 735, 738, 760, 775, 814, 830, 1002
[25] 118, 265, 299, 390, 463, 667, 703, 874, 908, 972, 978, 988
[26] 214, 380, 432, 486, 519, 663, 675, 848, 888, 894, 904, 1005
[27] 190, 280, 301, 450, 489, 522, 528, 720, 769, 772, 787, 1008
[28] 191, 302, 466, 510, 529, 535, 618, 718, 721, 770, 828, 954
[29] 127, 150, 293, 375, 484, 562, 670, 685, 697, 858, 883
[30] 153, 230, 236, 402, 442, 532, 700, 767, 939, 975, 1000
[31] 81, 156, 305, 332, 344, 493, 643, 752, 843, 917, 981
[32] 220, 255, 283, 319, 543, 748, 781, 802, 913, 919, 968
[33] 117, 298, 316, 462, 502, 623, 666, 702, 726, 971, 977
[34] 143, 284, 366, 405, 544, 612, 782, 803, 920, 945, 966
[35] 469, 487, 520, 664, 676, 709, 785, 797, 849, 889, 895
[36] 17, 30, 89, 340, 343, 346, 407, 729, 842, 980
[37] 152, 229, 235, 531, 639, 645, 654, 741, 974, 999
[38] 247, 356, 439, 448, 553, 594, 691, 761, 815, 1003
[39] 67, 261, 274, 392, 456, 474, 657, 799, 821, 891
[40] 262, 275, 378, 393, 414, 457, 472, 481, 627, 942
[41] 358, 465, 509, 534, 590, 617, 681, 717, 827, 953
[42] 281, 359, 451, 490, 523, 591, 682, 773, 788, 1009
[43] 184, 349, 368, 401, 441, 605, 699, 766, 938, 1014
[44] 161, 258, 267, 477, 537, 549, 599, 714, 860, 876
[45] 264, 389, 416, 525, 651, 705, 732, 873, 907, 987
[46] 11, 205, 387, 736, 739, 776, 831, 837, 997
[47] 121, 290, 335, 513, 579, 621, 649, 758, 957
[48] 7, 126, 669, 684, 696, 778, 793, 882, 901
[49] 159, 259, 268, 550, 582, 724, 861, 877, 880
[50] 162, 169, 478, 538, 600, 715, 834, 948, 960
[51] 111, 215, 372, 381, 433, 852, 905, 951, 1006
[52] 185, 350, 369, 606, 640, 646, 655, 742, 1015
[53] 317, 417, 503, 526, 624, 652, 706, 727, 733
[54] 28, 34, 87, 93, 227, 572, 840, 930
[55] 158, 168, 581, 723, 833, 879, 947, 959
[56] 27, 107, 322, 325, 571, 839, 854, 929
[57] 377, 395, 413, 471, 480, 555, 626, 941
[58] 110, 371, 468, 708, 784, 796, 851, 950
[59] 68, 396, 475, 556, 658, 800, 822, 892
[60] 10, 246, 355, 438, 593, 836, 996
[61] 33, 42, 86, 92, 226, 277, 790
[62] 120, 334, 410, 578, 648, 757, 956
[63] 43, 108, 278, 323, 326, 791, 855
[64] 289, 512, 620, 636, 805
[65] 411, 637, 806

Reassigned labels

Runtime: 0.7526466846466064

Performance split_log:

IM without threshold:
Map:
{"A_0": "A", "A_1": "A", "A_2": "A", "A_3": "A", "A_4": "A", "A_5": "A", "A_6": "A", "A_7": "A", "A_8": "A", "A_9": "A", "A_10": "A", "A_11": "A", "A_12": "A", "A_13": "A", "A_14": "A", "A_15": "A", "A_16": "A", "A_17": "A", "A_18": "A", "A_19": "A", "A_20": "A", "A_21": "A", "A_22": "A", "A_23": "A", "A_24": "A", "A_25": "A", "A_26": "A", "A_27": "A", "A_28": "A", "A_29": "A", "A_30": "A", "A_31": "A", "A_32": "A", "A_33": "A", "A_34": "A", "A_35": "A", "A_36": "A", "A_37": "A", "A_38": "A", "A_39": "A", "A_40": "A", "A_41": "A", "A_42": "A", "A_43": "A", "A_44": "A", "A_45": "A", "A_46": "A", "A_47": "A", "A_48": "A", "A_49": "A", "A_50": "A", "A_51": "A", "A_52": "A", "A_53": "A", "A_54": "A", "A_55": "A", "A_56": "A", "A_57": "A", "A_58": "A", "A_59": "A", "A_60": "A", "A_61": "A", "A_62": "A", "A_63": "A", "A_64": "A", "A_65": "A"}
token_fitness
{"perc_fit_traces": 69.4, "average_trace_fitness": 0.9872199735417855, "log_fitness": 0.9872664475053057, "percentage_of_fitting_traces": 69.4}
precision
0.9757540409931678
0.6953642384105959
generalization
0.5714881478854736

Adjusted Rand Index:
0.19780207735113225



Parameters of this run:

Window size: 3
Threshold for edges: 0
Split candidates: A
Max number of traces: 5000000
Method for distance calculation: Distance.SET_DISTANCE
Method for finding clusters: ClusteringMethod.COMMUNITY_DETECTION
Original log location: ./data/noImprInLoop_default_OD\feb17-0936\logs\E_1_LogD_Sequence_feb17-0936.xes.gz
Use frequency: True

Found communities: 

Clustering with 1017 elements and 3 clusters
[0] 0, 1, 4, 5, 7, 8, 10, 11, 14, 15, 17, 18, 20, 21, 24, 25, 27, 28, 30, 31,
    33, 34, 36, 37, 39, 40, 42, 43, 45, 46, 48, 49, 52, 53, 56, 57, 60, 61,
    64, 65, 67, 68, 70, 71, 74, 75, 77, 78, 80, 81, 83, 84, 86, 87, 89, 90,
    92, 93, 95, 96, 98, 99, 101, 102, 104, 105, 107, 108, 110, 111, 114, 115,
    117, 118, 120, 121, 123, 124, 126, 127, 129, 130, 133, 134, 136, 137, 139,
    140, 142, 143, 146, 147, 149, 150, 152, 153, 155, 156, 158, 159, 161, 162,
    165, 166, 168, 169, 171, 172, 175, 176, 178, 179, 181, 182, 184, 185, 187,
    188, 190, 191, 194, 195, 198, 199, 201, 202, 204, 205, 208, 209, 211, 212,
    214, 215, 217, 218, 220, 221, 223, 224, 226, 227, 229, 230, 232, 233, 235,
    236, 239, 240, 243, 244, 246, 247, 249, 250, 252, 253, 255, 256, 258, 259,
    261, 262, 264, 265, 267, 268, 271, 272, 274, 275, 277, 278, 280, 281, 283,
    284, 286, 287, 289, 290, 292, 293, 295, 296, 298, 299, 301, 302, 304, 305,
    307, 308, 310, 311, 313, 314, 316, 317, 319, 320, 322, 323, 325, 326, 328,
    329, 331, 332, 334, 335, 337, 338, 340, 341, 343, 344, 346, 347, 349, 350,
    352, 353, 355, 356, 358, 359, 362, 363, 365, 366, 368, 369, 371, 372, 374,
    375, 377, 378, 380, 381, 383, 384, 386, 387, 389, 390, 392, 393, 395, 396,
    398, 399, 401, 402, 404, 405, 407, 408, 410, 411, 413, 414, 416, 417, 419,
    420, 423, 424, 426, 427, 429, 430, 432, 433, 435, 436, 438, 439, 441, 442,
    444, 445, 447, 448, 450, 451, 453, 454, 456, 457, 459, 460, 462, 463, 465,
    466, 468, 469, 471, 472, 474, 475, 477, 478, 480, 481, 483, 484, 486, 487,
    489, 490, 492, 493, 495, 496, 499, 500, 502, 503, 506, 507, 509, 510, 512,
    513, 516, 517, 519, 520, 522, 523, 525, 526, 528, 529, 531, 532, 534, 535,
    537, 538, 540, 541, 543, 544, 546, 547, 549, 550, 552, 553, 555, 556, 558,
    559, 561, 562, 564, 565, 568, 569, 571, 572, 575, 576, 578, 579, 581, 582,
    584, 585, 587, 588, 590, 591, 593, 594, 596, 597, 599, 600, 602, 603, 605,
    606, 608, 609, 611, 612, 614, 615, 617, 618, 620, 621, 623, 624, 626, 627,
    629, 630, 633, 634, 636, 637, 639, 640, 642, 643, 645, 646, 648, 649, 651,
    652, 654, 655, 657, 658, 660, 661, 663, 664, 666, 667, 669, 670, 672, 673,
    675, 676, 678, 679, 681, 682, 684, 685, 687, 688, 690, 691, 693, 694, 696,
    697, 699, 700, 702, 703, 705, 706, 708, 709, 711, 712, 714, 715, 717, 718,
    720, 721, 723, 724, 726, 727, 729, 730, 732, 733, 735, 736, 738, 739, 741,
    742, 745, 746, 748, 749, 751, 752, 754, 755, 757, 758, 760, 761, 763, 764,
    766, 767, 769, 770, 772, 773, 775, 776, 778, 779, 781, 782, 784, 785, 787,
    788, 790, 791, 793, 794, 796, 797, 799, 800, 802, 803, 805, 806, 808, 809,
    811, 812, 814, 815, 818, 819, 821, 822, 824, 825, 827, 828, 830, 831, 833,
    834, 836, 837, 839, 840, 842, 843, 845, 846, 848, 849, 851, 852, 854, 855,
    857, 858, 860, 861, 864, 865, 867, 868, 870, 871, 873, 874, 876, 877, 879,
    880, 882, 883, 885, 886, 888, 889, 891, 892, 894, 895, 898, 899, 901, 902,
    904, 905, 907, 908, 910, 911, 913, 914, 916, 917, 919, 920, 923, 924, 926,
    927, 929, 930, 932, 933, 935, 936, 938, 939, 941, 942, 944, 945, 947, 948,
    950, 951, 953, 954, 956, 957, 959, 960, 962, 963, 965, 966, 968, 969, 971,
    972, 974, 975, 977, 978, 980, 981, 984, 985, 987, 988, 990, 991, 993, 994,
    996, 997, 999, 1000, 1002, 1003, 1005, 1006, 1008, 1009, 1011, 1012, 1014,
    1015
[1] 2, 6, 9, 12, 16, 19, 22, 26, 29, 32, 35, 38, 41, 44, 47, 50, 54, 58, 62,
    66, 69, 72, 76, 79, 82, 85, 88, 91, 94, 97, 100, 103, 106, 109, 112, 116,
    119, 122, 125, 128, 131, 135, 138, 141, 144, 148, 151, 154, 157, 160, 163,
    167, 170, 173, 177, 180, 183, 186, 189, 192, 196, 200, 203, 206, 210, 213,
    216, 219, 222, 225, 228, 231, 234, 237, 241, 245, 248, 251, 254, 257, 260,
    263, 266, 269, 273, 276, 279, 282, 285, 288, 291, 294, 297, 300, 303, 306,
    309, 312, 315, 318, 321, 324, 327, 330, 333, 336, 339, 342, 345, 348, 351,
    354, 357, 360, 364, 367, 370, 373, 376, 379, 382, 385, 388, 391, 394, 397,
    400, 403, 406, 409, 412, 415, 418, 421, 425, 428, 431, 434, 437, 440, 443,
    446, 449, 452, 455, 458, 461, 464, 467, 470, 473, 476, 479, 482, 485, 488,
    491, 494, 497, 501, 504, 508, 511, 514, 518, 521, 524, 527, 530, 533, 536,
    539, 542, 545, 548, 551, 554, 557, 560, 563, 566, 570, 573, 577, 580, 583,
    586, 589, 592, 595, 598, 601, 604, 607, 610, 613, 616, 619, 622, 625, 628,
    631, 635, 638, 641, 644, 647, 650, 653, 656, 659, 662, 665, 668, 671, 674,
    677, 680, 683, 686, 689, 692, 695, 698, 701, 704, 707, 710, 713, 716, 719,
    722, 725, 728, 731, 734, 737, 740, 743, 747, 750, 753, 756, 759, 762, 765,
    768, 771, 774, 777, 780, 783, 786, 789, 792, 795, 798, 801, 804, 807, 810,
    813, 816, 820, 823, 826, 829, 832, 835, 838, 841, 844, 847, 850, 853, 856,
    859, 862, 866, 869, 872, 875, 878, 881, 884, 887, 890, 893, 896, 900, 903,
    906, 909, 912, 915, 918, 921, 925, 928, 931, 934, 937, 940, 943, 946, 949,
    952, 955, 958, 961, 964, 967, 970, 973, 976, 979, 982, 986, 989, 992, 995,
    998, 1001, 1004, 1007, 1010, 1013, 1016
[2] 3, 13, 23, 51, 55, 59, 63, 73, 113, 132, 145, 164, 174, 193, 197, 207,
    238, 242, 270, 361, 422, 498, 505, 515, 567, 574, 632, 744, 817, 863, 897,
    922, 983

Reassigned labels

Runtime: 0.9650835990905762

Performance split_log:

IM without threshold:
Map:
{"A_0": "A", "A_1": "A", "A_2": "A"}
token_fitness
{"perc_fit_traces": 0.0, "average_trace_fitness": 0.7646567527983169, "log_fitness": 0.7711038221178745, "percentage_of_fitting_traces": 0.0}
precision
0.9998009157873781
0.7368421052631579
generalization
0.7837179311649498

Adjusted Rand Index:
0.5898808546393839



Parameters of this run:

Window size: 3
Threshold for edges: 0.25
Split candidates: A
Max number of traces: 5000000
Method for distance calculation: Distance.SET_DISTANCE
Method for finding clusters: ClusteringMethod.COMMUNITY_DETECTION
Original log location: ./data/noImprInLoop_default_OD\feb17-0936\logs\E_1_LogD_Sequence_feb17-0936.xes.gz
Use frequency: True

Found communities: 

Clustering with 1017 elements and 2 clusters
[0] 0, 1, 4, 5, 7, 8, 10, 11, 14, 15, 17, 18, 20, 21, 24, 25, 27, 28, 30, 31,
    33, 34, 36, 37, 39, 40, 42, 43, 45, 46, 48, 49, 52, 53, 56, 57, 60, 61,
    64, 65, 67, 68, 70, 71, 74, 75, 77, 78, 80, 81, 83, 84, 86, 87, 89, 90,
    92, 93, 95, 96, 98, 99, 101, 102, 104, 105, 107, 108, 110, 111, 114, 115,
    117, 118, 120, 121, 123, 124, 126, 127, 129, 130, 133, 134, 136, 137, 139,
    140, 142, 143, 146, 147, 149, 150, 152, 153, 155, 156, 158, 159, 161, 162,
    165, 166, 168, 169, 171, 172, 175, 176, 178, 179, 181, 182, 184, 185, 187,
    188, 190, 191, 194, 195, 198, 199, 201, 202, 204, 205, 208, 209, 211, 212,
    214, 215, 217, 218, 220, 221, 223, 224, 226, 227, 229, 230, 232, 233, 235,
    236, 239, 240, 243, 244, 246, 247, 249, 250, 252, 253, 255, 256, 258, 259,
    261, 262, 264, 265, 267, 268, 271, 272, 274, 275, 277, 278, 280, 281, 283,
    284, 286, 287, 289, 290, 292, 293, 295, 296, 298, 299, 301, 302, 304, 305,
    307, 308, 310, 311, 313, 314, 316, 317, 319, 320, 322, 323, 325, 326, 328,
    329, 331, 332, 334, 335, 337, 338, 340, 341, 343, 344, 346, 347, 349, 350,
    352, 353, 355, 356, 358, 359, 362, 363, 365, 366, 368, 369, 371, 372, 374,
    375, 377, 378, 380, 381, 383, 384, 386, 387, 389, 390, 392, 393, 395, 396,
    398, 399, 401, 402, 404, 405, 407, 408, 410, 411, 413, 414, 416, 417, 419,
    420, 423, 424, 426, 427, 429, 430, 432, 433, 435, 436, 438, 439, 441, 442,
    444, 445, 447, 448, 450, 451, 453, 454, 456, 457, 459, 460, 462, 463, 465,
    466, 468, 469, 471, 472, 474, 475, 477, 478, 480, 481, 483, 484, 486, 487,
    489, 490, 492, 493, 495, 496, 499, 500, 502, 503, 506, 507, 509, 510, 512,
    513, 516, 517, 519, 520, 522, 523, 525, 526, 528, 529, 531, 532, 534, 535,
    537, 538, 540, 541, 543, 544, 546, 547, 549, 550, 552, 553, 555, 556, 558,
    559, 561, 562, 564, 565, 568, 569, 571, 572, 575, 576, 578, 579, 581, 582,
    584, 585, 587, 588, 590, 591, 593, 594, 596, 597, 599, 600, 602, 603, 605,
    606, 608, 609, 611, 612, 614, 615, 617, 618, 620, 621, 623, 624, 626, 627,
    629, 630, 633, 634, 636, 637, 639, 640, 642, 643, 645, 646, 648, 649, 651,
    652, 654, 655, 657, 658, 660, 661, 663, 664, 666, 667, 669, 670, 672, 673,
    675, 676, 678, 679, 681, 682, 684, 685, 687, 688, 690, 691, 693, 694, 696,
    697, 699, 700, 702, 703, 705, 706, 708, 709, 711, 712, 714, 715, 717, 718,
    720, 721, 723, 724, 726, 727, 729, 730, 732, 733, 735, 736, 738, 739, 741,
    742, 745, 746, 748, 749, 751, 752, 754, 755, 757, 758, 760, 761, 763, 764,
    766, 767, 769, 770, 772, 773, 775, 776, 778, 779, 781, 782, 784, 785, 787,
    788, 790, 791, 793, 794, 796, 797, 799, 800, 802, 803, 805, 806, 808, 809,
    811, 812, 814, 815, 818, 819, 821, 822, 824, 825, 827, 828, 830, 831, 833,
    834, 836, 837, 839, 840, 842, 843, 845, 846, 848, 849, 851, 852, 854, 855,
    857, 858, 860, 861, 864, 865, 867, 868, 870, 871, 873, 874, 876, 877, 879,
    880, 882, 883, 885, 886, 888, 889, 891, 892, 894, 895, 898, 899, 901, 902,
    904, 905, 907, 908, 910, 911, 913, 914, 916, 917, 919, 920, 923, 924, 926,
    927, 929, 930, 932, 933, 935, 936, 938, 939, 941, 942, 944, 945, 947, 948,
    950, 951, 953, 954, 956, 957, 959, 960, 962, 963, 965, 966, 968, 969, 971,
    972, 974, 975, 977, 978, 980, 981, 984, 985, 987, 988, 990, 991, 993, 994,
    996, 997, 999, 1000, 1002, 1003, 1005, 1006, 1008, 1009, 1011, 1012, 1014,
    1015
[1] 2, 3, 6, 9, 12, 13, 16, 19, 22, 23, 26, 29, 32, 35, 38, 41, 44, 47, 50,
    51, 54, 55, 58, 59, 62, 63, 66, 69, 72, 73, 76, 79, 82, 85, 88, 91, 94,
    97, 100, 103, 106, 109, 112, 113, 116, 119, 122, 125, 128, 131, 132, 135,
    138, 141, 144, 145, 148, 151, 154, 157, 160, 163, 164, 167, 170, 173, 174,
    177, 180, 183, 186, 189, 192, 193, 196, 197, 200, 203, 206, 207, 210, 213,
    216, 219, 222, 225, 228, 231, 234, 237, 238, 241, 242, 245, 248, 251, 254,
    257, 260, 263, 266, 269, 270, 273, 276, 279, 282, 285, 288, 291, 294, 297,
    300, 303, 306, 309, 312, 315, 318, 321, 324, 327, 330, 333, 336, 339, 342,
    345, 348, 351, 354, 357, 360, 361, 364, 367, 370, 373, 376, 379, 382, 385,
    388, 391, 394, 397, 400, 403, 406, 409, 412, 415, 418, 421, 422, 425, 428,
    431, 434, 437, 440, 443, 446, 449, 452, 455, 458, 461, 464, 467, 470, 473,
    476, 479, 482, 485, 488, 491, 494, 497, 498, 501, 504, 505, 508, 511, 514,
    515, 518, 521, 524, 527, 530, 533, 536, 539, 542, 545, 548, 551, 554, 557,
    560, 563, 566, 567, 570, 573, 574, 577, 580, 583, 586, 589, 592, 595, 598,
    601, 604, 607, 610, 613, 616, 619, 622, 625, 628, 631, 632, 635, 638, 641,
    644, 647, 650, 653, 656, 659, 662, 665, 668, 671, 674, 677, 680, 683, 686,
    689, 692, 695, 698, 701, 704, 707, 710, 713, 716, 719, 722, 725, 728, 731,
    734, 737, 740, 743, 744, 747, 750, 753, 756, 759, 762, 765, 768, 771, 774,
    777, 780, 783, 786, 789, 792, 795, 798, 801, 804, 807, 810, 813, 816, 817,
    820, 823, 826, 829, 832, 835, 838, 841, 844, 847, 850, 853, 856, 859, 862,
    863, 866, 869, 872, 875, 878, 881, 884, 887, 890, 893, 896, 897, 900, 903,
    906, 909, 912, 915, 918, 921, 922, 925, 928, 931, 934, 937, 940, 943, 946,
    949, 952, 955, 958, 961, 964, 967, 970, 973, 976, 979, 982, 983, 986, 989,
    992, 995, 998, 1001, 1004, 1007, 1010, 1013, 1016

Reassigned labels

Runtime: 0.844170093536377

Performance split_log:

IM without threshold:
Map:
{"A_0": "A", "A_1": "A"}
token_fitness
{"perc_fit_traces": 100.0, "average_trace_fitness": 1.0, "log_fitness": 1.0, "percentage_of_fitting_traces": 100.0}
precision
0.4482364015577992
0.6941176470588235
generalization
0.9217969383574927

Adjusted Rand Index:
0.5554993443943129



Parameters of this run:

Window size: 3
Threshold for edges: 0.5
Split candidates: A
Max number of traces: 5000000
Method for distance calculation: Distance.SET_DISTANCE
Method for finding clusters: ClusteringMethod.COMMUNITY_DETECTION
Original log location: ./data/noImprInLoop_default_OD\feb17-0936\logs\E_1_LogD_Sequence_feb17-0936.xes.gz
Use frequency: True

Found communities: 

Clustering with 1017 elements and 3 clusters
[0] 0, 3, 4, 7, 10, 13, 14, 17, 20, 23, 24, 27, 30, 33, 36, 39, 42, 45, 48,
    51, 52, 55, 56, 59, 60, 63, 64, 67, 70, 73, 74, 77, 80, 83, 86, 89, 92,
    95, 98, 101, 104, 107, 110, 113, 114, 117, 120, 123, 126, 129, 132, 133,
    136, 139, 142, 145, 146, 149, 152, 155, 158, 161, 164, 165, 168, 171, 174,
    175, 178, 181, 184, 187, 190, 193, 194, 197, 198, 201, 204, 207, 208, 211,
    214, 217, 220, 223, 226, 229, 232, 235, 238, 239, 242, 243, 246, 249, 252,
    255, 258, 261, 264, 267, 270, 271, 274, 277, 280, 283, 286, 289, 292, 295,
    298, 301, 304, 307, 310, 313, 316, 319, 322, 325, 328, 331, 334, 337, 340,
    343, 346, 349, 352, 355, 358, 361, 362, 365, 368, 371, 374, 377, 380, 383,
    386, 389, 392, 395, 398, 401, 404, 407, 410, 413, 416, 419, 422, 423, 426,
    429, 432, 435, 438, 441, 444, 447, 450, 453, 456, 459, 462, 465, 468, 471,
    474, 477, 480, 483, 486, 489, 492, 495, 498, 499, 502, 505, 506, 509, 512,
    515, 516, 519, 522, 525, 528, 531, 534, 537, 540, 543, 546, 549, 552, 555,
    558, 561, 564, 567, 568, 571, 574, 575, 578, 581, 584, 587, 590, 593, 596,
    599, 602, 605, 608, 611, 614, 617, 620, 623, 626, 629, 632, 633, 636, 639,
    642, 645, 648, 651, 654, 657, 660, 663, 666, 669, 672, 675, 678, 681, 684,
    687, 690, 693, 696, 699, 702, 705, 708, 711, 714, 717, 720, 723, 726, 729,
    732, 735, 738, 741, 744, 745, 748, 751, 754, 757, 760, 763, 766, 769, 772,
    775, 778, 781, 784, 787, 790, 793, 796, 799, 802, 805, 808, 811, 814, 817,
    818, 821, 824, 827, 830, 833, 836, 839, 842, 845, 848, 851, 854, 857, 860,
    863, 864, 867, 870, 873, 876, 879, 882, 885, 888, 891, 894, 897, 898, 901,
    904, 907, 910, 913, 916, 919, 922, 923, 926, 929, 932, 935, 938, 941, 944,
    947, 950, 953, 956, 959, 962, 965, 968, 971, 974, 977, 980, 983, 984, 987,
    990, 993, 996, 999, 1002, 1005, 1008, 1011, 1014
[1] 2, 6, 9, 12, 16, 19, 22, 26, 29, 32, 35, 38, 41, 44, 47, 50, 54, 58, 62,
    66, 69, 72, 76, 79, 82, 85, 88, 91, 94, 97, 100, 103, 106, 109, 112, 116,
    119, 122, 125, 128, 131, 135, 138, 141, 144, 148, 151, 154, 157, 160, 163,
    167, 170, 173, 177, 180, 183, 186, 189, 192, 196, 200, 203, 206, 210, 213,
    216, 219, 222, 225, 228, 231, 234, 237, 241, 245, 248, 251, 254, 257, 260,
    263, 266, 269, 273, 276, 279, 282, 285, 288, 291, 294, 297, 300, 303, 306,
    309, 312, 315, 318, 321, 324, 327, 330, 333, 336, 339, 342, 345, 348, 351,
    354, 357, 360, 364, 367, 370, 373, 376, 379, 382, 385, 388, 391, 394, 397,
    400, 403, 406, 409, 412, 415, 418, 421, 425, 428, 431, 434, 437, 440, 443,
    446, 449, 452, 455, 458, 461, 464, 467, 470, 473, 476, 479, 482, 485, 488,
    491, 494, 497, 501, 504, 508, 511, 514, 518, 521, 524, 527, 530, 533, 536,
    539, 542, 545, 548, 551, 554, 557, 560, 563, 566, 570, 573, 577, 580, 583,
    586, 589, 592, 595, 598, 601, 604, 607, 610, 613, 616, 619, 622, 625, 628,
    631, 635, 638, 641, 644, 647, 650, 653, 656, 659, 662, 665, 668, 671, 674,
    677, 680, 683, 686, 689, 692, 695, 698, 701, 704, 707, 710, 713, 716, 719,
    722, 725, 728, 731, 734, 737, 740, 743, 747, 750, 753, 756, 759, 762, 765,
    768, 771, 774, 777, 780, 783, 786, 789, 792, 795, 798, 801, 804, 807, 810,
    813, 816, 820, 823, 826, 829, 832, 835, 838, 841, 844, 847, 850, 853, 856,
    859, 862, 866, 869, 872, 875, 878, 881, 884, 887, 890, 893, 896, 900, 903,
    906, 909, 912, 915, 918, 921, 925, 928, 931, 934, 937, 940, 943, 946, 949,
    952, 955, 958, 961, 964, 967, 970, 973, 976, 979, 982, 986, 989, 992, 995,
    998, 1001, 1004, 1007, 1010, 1013, 1016
[2] 1, 5, 8, 11, 15, 18, 21, 25, 28, 31, 34, 37, 40, 43, 46, 49, 53, 57, 61,
    65, 68, 71, 75, 78, 81, 84, 87, 90, 93, 96, 99, 102, 105, 108, 111, 115,
    118, 121, 124, 127, 130, 134, 137, 140, 143, 147, 150, 153, 156, 159, 162,
    166, 169, 172, 176, 179, 182, 185, 188, 191, 195, 199, 202, 205, 209, 212,
    215, 218, 221, 224, 227, 230, 233, 236, 240, 244, 247, 250, 253, 256, 259,
    262, 265, 268, 272, 275, 278, 281, 284, 287, 290, 293, 296, 299, 302, 305,
    308, 311, 314, 317, 320, 323, 326, 329, 332, 335, 338, 341, 344, 347, 350,
    353, 356, 359, 363, 366, 369, 372, 375, 378, 381, 384, 387, 390, 393, 396,
    399, 402, 405, 408, 411, 414, 417, 420, 424, 427, 430, 433, 436, 439, 442,
    445, 448, 451, 454, 457, 460, 463, 466, 469, 472, 475, 478, 481, 484, 487,
    490, 493, 496, 500, 503, 507, 510, 513, 517, 520, 523, 526, 529, 532, 535,
    538, 541, 544, 547, 550, 553, 556, 559, 562, 565, 569, 572, 576, 579, 582,
    585, 588, 591, 594, 597, 600, 603, 606, 609, 612, 615, 618, 621, 624, 627,
    630, 634, 637, 640, 643, 646, 649, 652, 655, 658, 661, 664, 667, 670, 673,
    676, 679, 682, 685, 688, 691, 694, 697, 700, 703, 706, 709, 712, 715, 718,
    721, 724, 727, 730, 733, 736, 739, 742, 746, 749, 752, 755, 758, 761, 764,
    767, 770, 773, 776, 779, 782, 785, 788, 791, 794, 797, 800, 803, 806, 809,
    812, 815, 819, 822, 825, 828, 831, 834, 837, 840, 843, 846, 849, 852, 855,
    858, 861, 865, 868, 871, 874, 877, 880, 883, 886, 889, 892, 895, 899, 902,
    905, 908, 911, 914, 917, 920, 924, 927, 930, 933, 936, 939, 942, 945, 948,
    951, 954, 957, 960, 963, 966, 969, 972, 975, 978, 981, 985, 988, 991, 994,
    997, 1000, 1003, 1006, 1009, 1012, 1015

Reassigned labels

Runtime: 0.8251261711120605

Performance split_log:

IM without threshold:
Map:
{"A_0": "A", "A_1": "A", "A_2": "A"}
token_fitness
{"perc_fit_traces": 48.0, "average_trace_fitness": 0.9425158878930896, "log_fitness": 0.9481868013899872, "percentage_of_fitting_traces": 48.0}
precision
0.9546742209631728
0.7435897435897437
generalization
0.9211032874032745

Adjusted Rand Index:
0.9521114928149994



Parameters of this run:

Window size: 3
Threshold for edges: 0.75
Split candidates: A
Max number of traces: 5000000
Method for distance calculation: Distance.SET_DISTANCE
Method for finding clusters: ClusteringMethod.COMMUNITY_DETECTION
Original log location: ./data/noImprInLoop_default_OD\feb17-0936\logs\E_1_LogD_Sequence_feb17-0936.xes.gz
Use frequency: True

Found communities: 

Clustering with 1017 elements and 8 clusters
[0] 8, 11, 18, 28, 31, 34, 43, 68, 81, 87, 90, 93, 96, 99, 108, 111, 118, 121,
    127, 137, 143, 150, 153, 156, 159, 162, 169, 185, 191, 205, 215, 221, 227,
    230, 236, 247, 256, 259, 262, 265, 268, 275, 278, 281, 284, 290, 293, 299,
    302, 305, 317, 320, 323, 326, 332, 335, 341, 344, 347, 350, 356, 359, 366,
    369, 372, 375, 378, 381, 387, 390, 393, 396, 402, 405, 408, 411, 414, 417,
    430, 433, 439, 442, 448, 451, 457, 463, 466, 469, 472, 475, 478, 481, 484,
    487, 490, 493, 496, 503, 510, 513, 520, 523, 526, 529, 532, 535, 538, 541,
    544, 550, 553, 556, 559, 562, 565, 572, 579, 582, 591, 594, 597, 600, 606,
    612, 618, 621, 624, 627, 637, 640, 643, 646, 649, 652, 655, 658, 664, 667,
    670, 676, 682, 685, 688, 691, 697, 700, 703, 706, 709, 715, 718, 721, 724,
    727, 730, 733, 736, 739, 742, 749, 752, 755, 758, 761, 767, 770, 773, 776,
    779, 782, 785, 788, 791, 794, 797, 800, 803, 806, 815, 822, 828, 831, 834,
    837, 840, 843, 846, 849, 852, 855, 858, 861, 874, 877, 880, 883, 886, 889,
    892, 895, 902, 905, 908, 914, 917, 920, 927, 930, 933, 936, 939, 942, 945,
    948, 951, 954, 957, 960, 963, 966, 969, 972, 975, 978, 981, 988, 991, 994,
    997, 1000, 1003, 1006, 1009, 1015
[1] 7, 10, 17, 27, 30, 33, 42, 67, 80, 86, 89, 92, 95, 98, 107, 110, 117, 120,
    126, 136, 142, 149, 152, 155, 158, 161, 168, 184, 190, 204, 214, 220, 226,
    229, 235, 246, 255, 258, 261, 264, 267, 274, 277, 280, 283, 289, 292, 298,
    301, 304, 316, 319, 322, 325, 331, 334, 340, 343, 346, 349, 355, 358, 365,
    368, 371, 374, 377, 380, 386, 389, 392, 395, 401, 404, 407, 410, 413, 416,
    429, 432, 438, 441, 447, 450, 456, 462, 465, 468, 471, 474, 477, 480, 483,
    486, 489, 492, 495, 502, 509, 512, 519, 522, 525, 528, 531, 534, 537, 540,
    543, 549, 552, 555, 558, 561, 564, 571, 578, 581, 590, 593, 596, 599, 605,
    611, 617, 620, 623, 626, 636, 639, 642, 645, 648, 651, 654, 657, 663, 666,
    669, 675, 681, 684, 687, 690, 696, 699, 702, 705, 708, 714, 717, 720, 723,
    726, 729, 732, 735, 738, 741, 748, 751, 754, 757, 760, 766, 769, 772, 775,
    778, 781, 784, 787, 790, 793, 796, 799, 802, 805, 814, 821, 827, 830, 833,
    836, 839, 842, 845, 848, 851, 854, 857, 860, 873, 876, 879, 882, 885, 888,
    891, 894, 901, 904, 907, 913, 916, 919, 926, 929, 932, 935, 938, 941, 944,
    947, 950, 953, 956, 959, 962, 965, 968, 971, 974, 977, 980, 987, 990, 993,
    996, 999, 1002, 1005, 1008, 1014
[2] 2, 6, 9, 12, 16, 19, 26, 29, 35, 38, 41, 54, 62, 66, 79, 82, 85, 88, 91,
    97, 100, 103, 106, 116, 119, 122, 125, 131, 144, 148, 151, 154, 157, 160,
    163, 167, 173, 180, 186, 189, 196, 200, 203, 206, 210, 213, 219, 225, 231,
    234, 245, 251, 257, 260, 263, 276, 279, 285, 291, 297, 300, 303, 306, 309,
    318, 324, 327, 330, 333, 336, 339, 348, 351, 360, 364, 367, 373, 376, 379,
    385, 391, 394, 400, 403, 409, 412, 418, 421, 428, 431, 434, 437, 440, 446,
    449, 452, 455, 461, 464, 470, 473, 479, 482, 485, 488, 491, 497, 504, 508,
    511, 514, 518, 521, 530, 539, 542, 545, 548, 551, 554, 557, 566, 573, 577,
    580, 583, 589, 592, 595, 598, 616, 619, 622, 625, 635, 638, 641, 644, 650,
    653, 659, 662, 665, 674, 677, 680, 683, 686, 689, 692, 695, 698, 701, 704,
    707, 710, 713, 716, 719, 722, 725, 731, 734, 737, 740, 743, 747, 750, 759,
    762, 765, 768, 771, 774, 789, 792, 801, 804, 807, 810, 813, 823, 829, 832,
    835, 838, 841, 844, 853, 856, 859, 862, 872, 875, 881, 884, 887, 893, 896,
    900, 903, 906, 909, 912, 925, 928, 937, 940, 943, 949, 952, 955, 958, 961,
    964, 967, 970, 976, 982, 986, 992, 998, 1001, 1007, 1010, 1013, 1016
[3] 22, 32, 44, 47, 50, 58, 69, 72, 76, 94, 109, 112, 128, 135, 138, 141, 170,
    177, 183, 192, 216, 222, 228, 237, 241, 248, 254, 266, 269, 273, 282, 288,
    294, 312, 315, 321, 342, 345, 354, 357, 370, 382, 388, 397, 406, 415, 425,
    443, 458, 467, 476, 494, 501, 524, 527, 533, 536, 560, 563, 570, 586, 601,
    604, 607, 610, 613, 628, 631, 647, 656, 668, 671, 728, 753, 756, 777, 780,
    783, 786, 795, 798, 816, 820, 826, 847, 850, 866, 869, 878, 890, 915, 918,
    921, 931, 934, 946, 973, 979, 989, 995, 1004
[4] 4, 5, 14, 15, 24, 25, 52, 53, 56, 57, 60, 61, 64, 65, 74, 75, 114, 115,
    133, 134, 146, 147, 165, 166, 175, 176, 194, 195, 198, 199, 208, 209, 239,
    240, 243, 244, 271, 272, 362, 363, 423, 424, 499, 500, 506, 507, 516, 517,
    568, 569, 575, 576, 633, 634, 745, 746, 818, 819, 864, 865, 898, 899, 923,
    924, 984, 985
[5] 0, 20, 36, 39, 45, 48, 70, 77, 83, 101, 104, 123, 129, 139, 171, 178, 181,
    187, 201, 211, 217, 223, 232, 249, 252, 286, 295, 307, 310, 313, 328, 337,
    352, 383, 398, 419, 426, 435, 444, 453, 459, 546, 584, 587, 602, 608, 614,
    629, 660, 672, 678, 693, 711, 763, 808, 811, 824, 867, 870, 910, 1011
[6] 1, 21, 37, 40, 46, 49, 71, 78, 84, 102, 105, 124, 130, 140, 172, 179, 182,
    188, 202, 212, 218, 224, 233, 250, 253, 287, 296, 308, 311, 314, 329, 338,
    353, 384, 399, 420, 427, 436, 445, 454, 460, 547, 585, 588, 603, 609, 615,
    630, 661, 673, 679, 694, 712, 764, 809, 812, 825, 868, 871, 911, 1012
[7] 3, 13, 23, 51, 55, 59, 63, 73, 113, 132, 145, 164, 174, 193, 197, 207,
    238, 242, 270, 361, 422, 498, 505, 515, 567, 574, 632, 744, 817, 863, 897,
    922, 983

Reassigned labels

Runtime: 0.8723137378692627

Performance split_log:

IM without threshold:
Map:
{"A_0": "A", "A_1": "A", "A_2": "A", "A_3": "A", "A_4": "A", "A_5": "A", "A_6": "A", "A_7": "A"}
token_fitness
{"perc_fit_traces": 69.4, "average_trace_fitness": 0.9870233970788449, "log_fitness": 0.9868900218499636, "percentage_of_fitting_traces": 69.4}
precision
0.949874280152486
0.7333333333333333
generalization
0.9245071698067295

Adjusted Rand Index:
0.632026243197841



Parameters of this run:

Window size: 3
Threshold for edges: 1
Split candidates: A
Max number of traces: 5000000
Method for distance calculation: Distance.SET_DISTANCE
Method for finding clusters: ClusteringMethod.COMMUNITY_DETECTION
Original log location: ./data/noImprInLoop_default_OD\feb17-0936\logs\E_1_LogD_Sequence_feb17-0936.xes.gz
Use frequency: True

Found communities: 

Clustering with 1017 elements and 33 clusters
[ 0] 6, 12, 16, 29, 35, 41, 54, 62, 66, 79, 82, 85, 91, 100, 116, 119, 122,
     125, 131, 144, 154, 163, 173, 180, 186, 196, 206, 210, 213, 245, 257,
     279, 291, 306, 309, 351, 360, 376, 385, 394, 400, 403, 409, 418, 428,
     434, 437, 440, 446, 449, 461, 464, 470, 473, 482, 508, 514, 530, 539,
     551, 557, 573, 598, 619, 622, 635, 641, 644, 650, 659, 665, 674, 677,
     680, 704, 710, 719, 722, 725, 731, 734, 737, 750, 759, 762, 765, 771,
     789, 807, 810, 813, 823, 832, 835, 853, 856, 859, 875, 881, 884, 900,
     903, 909, 925, 928, 940, 949, 952, 958, 961, 964, 967, 992, 998, 1007,
     1010, 1013
[ 1] 67, 80, 136, 155, 158, 168, 190, 204, 220, 255, 261, 274, 280, 283, 301,
     304, 319, 331, 386, 392, 447, 450, 456, 474, 489, 492, 522, 528, 543,
     552, 581, 642, 657, 687, 690, 720, 723, 735, 738, 748, 751, 760, 769,
     772, 775, 781, 787, 799, 802, 814, 821, 830, 833, 879, 885, 891, 913,
     916, 919, 926, 947, 959, 968, 990, 1002, 1008
[ 2] 27, 95, 107, 149, 152, 161, 214, 229, 235, 258, 267, 292, 322, 325, 374,
     377, 380, 395, 413, 432, 471, 477, 480, 483, 486, 519, 531, 537, 540,
     549, 555, 561, 564, 571, 596, 599, 626, 639, 645, 654, 663, 675, 714,
     741, 754, 839, 848, 854, 857, 860, 876, 888, 894, 904, 929, 932, 941,
     962, 974, 993, 999, 1005
[ 3] 2, 9, 26, 88, 106, 151, 157, 167, 203, 234, 251, 263, 285, 297, 300, 324,
     336, 339, 348, 364, 379, 391, 431, 455, 479, 491, 504, 511, 521, 542,
     566, 577, 583, 589, 595, 625, 638, 662, 689, 692, 707, 740, 743, 747,
     768, 774, 792, 801, 804, 838, 844, 862, 872, 893, 896, 906, 912, 955,
     970, 976, 1016
[ 4] 17, 30, 89, 98, 110, 117, 142, 184, 289, 298, 316, 340, 343, 346, 349,
     365, 368, 371, 401, 404, 407, 429, 441, 462, 468, 495, 502, 512, 558,
     605, 611, 620, 623, 636, 666, 699, 702, 708, 726, 729, 766, 784, 796,
     805, 842, 845, 851, 935, 938, 944, 950, 965, 971, 977, 980, 1014
[ 5] 7, 10, 33, 42, 86, 92, 120, 126, 226, 246, 264, 277, 334, 355, 358, 389,
     410, 416, 438, 465, 509, 525, 534, 578, 590, 593, 617, 648, 651, 669,
     681, 684, 696, 705, 717, 732, 757, 778, 790, 793, 827, 836, 873, 882,
     901, 907, 953, 956, 987, 996
[ 6] 19, 38, 97, 103, 148, 160, 189, 200, 219, 225, 231, 260, 276, 303, 318,
     327, 330, 333, 367, 373, 412, 421, 452, 485, 488, 497, 518, 545, 548,
     554, 580, 592, 616, 653, 683, 686, 695, 698, 701, 713, 716, 829, 841,
     887, 937, 943, 982, 986, 1001
[ 7] 1, 21, 46, 49, 71, 78, 102, 130, 172, 188, 202, 253, 296, 308, 329, 353,
     399, 436, 454, 460, 588, 603, 609, 615, 630, 679, 694, 764, 809, 812,
     825, 868, 911, 1012
[ 8] 3, 13, 23, 51, 55, 59, 63, 73, 113, 132, 145, 164, 174, 193, 197, 207,
     238, 242, 270, 361, 422, 498, 505, 515, 567, 574, 632, 744, 817, 863,
     897, 922, 983
[ 9] 4, 14, 24, 52, 56, 60, 64, 74, 114, 133, 146, 165, 175, 194, 198, 208,
     239, 243, 271, 362, 423, 499, 506, 516, 568, 575, 633, 745, 818, 864,
     898, 923, 984
[10] 0, 20, 36, 48, 70, 83, 101, 104, 123, 129, 139, 171, 178, 181, 187, 201,
     217, 249, 252, 286, 307, 313, 383, 398, 435, 444, 453, 459, 602, 672,
     824, 870
[11] 39, 45, 77, 211, 223, 232, 295, 310, 328, 337, 352, 419, 426, 546, 584,
     587, 608, 614, 629, 660, 678, 693, 711, 763, 808, 811, 867, 910, 1011
[12] 37, 40, 84, 105, 124, 140, 179, 182, 212, 218, 224, 233, 250, 287, 311,
     314, 338, 384, 420, 427, 445, 547, 585, 661, 673, 712, 871
[13] 18, 31, 90, 137, 143, 284, 341, 347, 366, 405, 408, 544, 612, 688, 730,
     782, 803, 886, 920, 927, 945, 966, 991
[14] 81, 99, 156, 221, 256, 305, 320, 332, 344, 430, 493, 496, 559, 643, 749,
     752, 843, 846, 914, 917, 936, 969, 981
[15] 11, 191, 205, 302, 387, 466, 510, 529, 535, 618, 718, 721, 736, 739, 770,
     776, 828, 831, 837, 954, 997
[16] 118, 121, 265, 290, 299, 335, 390, 463, 513, 579, 621, 649, 667, 703,
     758, 874, 908, 957, 972, 978, 988
[17] 111, 153, 215, 230, 236, 372, 381, 402, 433, 442, 532, 700, 767, 852,
     905, 939, 951, 975, 1000, 1006
[18] 44, 72, 177, 222, 269, 345, 354, 357, 476, 494, 524, 560, 610, 647, 668,
     786, 795, 816, 890, 934
[19] 247, 281, 356, 359, 439, 448, 451, 490, 523, 553, 591, 594, 682, 691,
     761, 773, 788, 815, 1003, 1009
[20] 185, 350, 369, 469, 487, 520, 606, 640, 646, 655, 664, 676, 709, 742,
     785, 797, 849, 889, 895, 1015
[21] 8, 43, 96, 108, 278, 323, 326, 541, 565, 597, 755, 779, 791, 794, 855,
     902, 933, 963, 994
[22] 28, 34, 87, 93, 127, 150, 227, 293, 375, 484, 562, 572, 670, 685, 697,
     840, 858, 883, 930
[23] 162, 169, 262, 275, 378, 393, 414, 457, 472, 478, 481, 538, 600, 627,
     715, 834, 942, 948, 960
[24] 32, 76, 94, 128, 138, 216, 237, 288, 294, 312, 388, 406, 415, 458, 527,
     536, 783, 931
[25] 22, 69, 109, 248, 266, 370, 397, 501, 656, 756, 780, 798, 847, 869, 878,
     915, 918
[26] 68, 159, 259, 268, 396, 475, 550, 556, 582, 658, 724, 800, 822, 861, 877,
     880, 892
[27] 5, 25, 57, 61, 75, 115, 147, 195, 209, 244, 272, 363, 424, 517, 569, 576,
     899
[28] 15, 53, 65, 134, 166, 176, 199, 240, 500, 507, 634, 746, 819, 865, 924,
     985
[29] 47, 50, 112, 183, 228, 241, 273, 321, 425, 604, 671, 777, 820, 850, 973,
     989
[30] 58, 141, 170, 192, 342, 382, 443, 467, 533, 563, 586, 601, 728, 921, 946
[31] 135, 254, 282, 315, 570, 607, 613, 628, 631, 753, 826, 866, 979, 995,
     1004
[32] 317, 411, 417, 503, 526, 624, 637, 652, 706, 727, 733, 806

Reassigned labels

Runtime: 0.7318305969238281

Performance split_log:

IM without threshold:
Map:
{"A_0": "A", "A_1": "A", "A_2": "A", "A_3": "A", "A_4": "A", "A_5": "A", "A_6": "A", "A_7": "A", "A_8": "A", "A_9": "A", "A_10": "A", "A_11": "A", "A_12": "A", "A_13": "A", "A_14": "A", "A_15": "A", "A_16": "A", "A_17": "A", "A_18": "A", "A_19": "A", "A_20": "A", "A_21": "A", "A_22": "A", "A_23": "A", "A_24": "A", "A_25": "A", "A_26": "A", "A_27": "A", "A_28": "A", "A_29": "A", "A_30": "A", "A_31": "A", "A_32": "A"}
token_fitness
{"perc_fit_traces": 23.7, "average_trace_fitness": 0.8266634521205054, "log_fitness": 0.8367683324597939, "percentage_of_fitting_traces": 23.7}
precision
0.9944413563090606
0.7425742574257426
generalization
0.7597240105606284

Adjusted Rand Index:
0.325718223985479



Parameters of this run:

Window size: 3
Threshold for edges: 0
Split candidates: A
Max number of traces: 5000000
Method for distance calculation: Distance.MULTISET_DISTANCE
Method for finding clusters: ClusteringMethod.COMMUNITY_DETECTION
Original log location: ./data/noImprInLoop_default_OD\feb17-0936\logs\E_1_LogD_Sequence_feb17-0936.xes.gz
Use frequency: True

Found communities: 

Clustering with 1017 elements and 3 clusters
[0] 0, 3, 4, 7, 10, 13, 14, 17, 20, 23, 24, 27, 30, 33, 36, 39, 42, 45, 48,
    51, 52, 55, 56, 59, 60, 63, 64, 67, 70, 73, 74, 77, 80, 83, 86, 89, 92,
    95, 98, 101, 104, 107, 110, 113, 114, 117, 120, 123, 126, 129, 132, 133,
    136, 139, 142, 145, 146, 149, 152, 155, 158, 161, 164, 165, 168, 171, 174,
    175, 178, 181, 184, 187, 190, 193, 194, 197, 198, 201, 204, 207, 208, 211,
    214, 217, 220, 223, 226, 229, 232, 235, 238, 239, 242, 243, 246, 249, 252,
    255, 258, 261, 264, 267, 270, 271, 274, 277, 280, 283, 286, 289, 292, 295,
    298, 301, 304, 307, 310, 313, 316, 319, 322, 325, 328, 331, 334, 337, 340,
    343, 346, 349, 352, 355, 358, 361, 362, 365, 368, 371, 374, 377, 380, 383,
    386, 389, 392, 395, 398, 401, 404, 407, 410, 413, 416, 419, 422, 423, 426,
    429, 432, 435, 438, 441, 444, 447, 450, 453, 456, 459, 462, 465, 468, 471,
    474, 477, 480, 483, 486, 489, 492, 495, 498, 499, 502, 505, 506, 509, 512,
    515, 516, 519, 522, 525, 528, 531, 534, 537, 540, 543, 546, 549, 552, 555,
    558, 561, 564, 567, 568, 571, 574, 575, 578, 581, 584, 587, 590, 593, 596,
    599, 602, 605, 608, 611, 614, 617, 620, 623, 626, 629, 632, 633, 636, 639,
    642, 645, 648, 651, 654, 657, 660, 663, 666, 669, 672, 675, 678, 681, 684,
    687, 690, 693, 696, 699, 702, 705, 708, 711, 714, 717, 720, 723, 726, 729,
    732, 735, 738, 741, 744, 745, 748, 751, 754, 757, 760, 763, 766, 769, 772,
    775, 778, 781, 784, 787, 790, 793, 796, 799, 802, 805, 808, 811, 814, 817,
    818, 821, 824, 827, 830, 833, 836, 839, 842, 845, 848, 851, 854, 857, 860,
    863, 864, 867, 870, 873, 876, 879, 882, 885, 888, 891, 894, 897, 898, 901,
    904, 907, 910, 913, 916, 919, 922, 923, 926, 929, 932, 935, 938, 941, 944,
    947, 950, 953, 956, 959, 962, 965, 968, 971, 974, 977, 980, 983, 984, 987,
    990, 993, 996, 999, 1002, 1005, 1008, 1011, 1014
[1] 1, 5, 8, 11, 15, 18, 21, 25, 28, 31, 34, 37, 40, 43, 46, 49, 53, 57, 61,
    65, 68, 71, 75, 78, 81, 84, 87, 90, 93, 96, 99, 102, 105, 108, 111, 115,
    118, 121, 124, 127, 130, 134, 137, 140, 143, 147, 150, 153, 156, 159, 162,
    166, 169, 172, 176, 179, 182, 185, 188, 191, 195, 199, 202, 205, 209, 212,
    215, 218, 221, 224, 227, 230, 233, 236, 240, 244, 247, 250, 253, 256, 259,
    262, 265, 268, 272, 275, 278, 281, 284, 287, 290, 293, 296, 299, 302, 305,
    308, 311, 314, 317, 320, 323, 326, 329, 332, 335, 338, 341, 344, 347, 350,
    353, 356, 359, 363, 366, 369, 372, 375, 378, 381, 384, 387, 390, 393, 396,
    399, 402, 405, 408, 411, 414, 417, 420, 424, 427, 430, 433, 436, 439, 442,
    445, 448, 451, 454, 457, 460, 463, 466, 469, 472, 475, 478, 481, 484, 487,
    490, 493, 496, 500, 503, 507, 510, 513, 517, 520, 523, 526, 529, 532, 535,
    538, 541, 544, 547, 550, 553, 556, 559, 562, 565, 569, 572, 576, 579, 582,
    585, 588, 591, 594, 597, 600, 603, 606, 609, 612, 615, 618, 621, 624, 627,
    630, 634, 637, 640, 643, 646, 649, 652, 655, 658, 661, 664, 667, 670, 673,
    676, 679, 682, 685, 688, 691, 694, 697, 700, 703, 706, 709, 712, 715, 718,
    721, 724, 727, 730, 733, 736, 739, 742, 746, 749, 752, 755, 758, 761, 764,
    767, 770, 773, 776, 779, 782, 785, 788, 791, 794, 797, 800, 803, 806, 809,
    812, 815, 819, 822, 825, 828, 831, 834, 837, 840, 843, 846, 849, 852, 855,
    858, 861, 865, 868, 871, 874, 877, 880, 883, 886, 889, 892, 895, 899, 902,
    905, 908, 911, 914, 917, 920, 924, 927, 930, 933, 936, 939, 942, 945, 948,
    951, 954, 957, 960, 963, 966, 969, 972, 975, 978, 981, 985, 988, 991, 994,
    997, 1000, 1003, 1006, 1009, 1012, 1015
[2] 2, 6, 9, 12, 16, 19, 22, 26, 29, 32, 35, 38, 41, 44, 47, 50, 54, 58, 62,
    66, 69, 72, 76, 79, 82, 85, 88, 91, 94, 97, 100, 103, 106, 109, 112, 116,
    119, 122, 125, 128, 131, 135, 138, 141, 144, 148, 151, 154, 157, 160, 163,
    167, 170, 173, 177, 180, 183, 186, 189, 192, 196, 200, 203, 206, 210, 213,
    216, 219, 222, 225, 228, 231, 234, 237, 241, 245, 248, 251, 254, 257, 260,
    263, 266, 269, 273, 276, 279, 282, 285, 288, 291, 294, 297, 300, 303, 306,
    309, 312, 315, 318, 321, 324, 327, 330, 333, 336, 339, 342, 345, 348, 351,
    354, 357, 360, 364, 367, 370, 373, 376, 379, 382, 385, 388, 391, 394, 397,
    400, 403, 406, 409, 412, 415, 418, 421, 425, 428, 431, 434, 437, 440, 443,
    446, 449, 452, 455, 458, 461, 464, 467, 470, 473, 476, 479, 482, 485, 488,
    491, 494, 497, 501, 504, 508, 511, 514, 518, 521, 524, 527, 530, 533, 536,
    539, 542, 545, 548, 551, 554, 557, 560, 563, 566, 570, 573, 577, 580, 583,
    586, 589, 592, 595, 598, 601, 604, 607, 610, 613, 616, 619, 622, 625, 628,
    631, 635, 638, 641, 644, 647, 650, 653, 656, 659, 662, 665, 668, 671, 674,
    677, 680, 683, 686, 689, 692, 695, 698, 701, 704, 707, 710, 713, 716, 719,
    722, 725, 728, 731, 734, 737, 740, 743, 747, 750, 753, 756, 759, 762, 765,
    768, 771, 774, 777, 780, 783, 786, 789, 792, 795, 798, 801, 804, 807, 810,
    813, 816, 820, 823, 826, 829, 832, 835, 838, 841, 844, 847, 850, 853, 856,
    859, 862, 866, 869, 872, 875, 878, 881, 884, 887, 890, 893, 896, 900, 903,
    906, 909, 912, 915, 918, 921, 925, 928, 931, 934, 937, 940, 943, 946, 949,
    952, 955, 958, 961, 964, 967, 970, 973, 976, 979, 982, 986, 989, 992, 995,
    998, 1001, 1004, 1007, 1010, 1013, 1016

Reassigned labels

Runtime: 0.9241995811462402

Performance split_log:

IM without threshold:
Map:
{"A_0": "A", "A_1": "A", "A_2": "A"}
token_fitness
{"perc_fit_traces": 48.0, "average_trace_fitness": 0.9425158878930896, "log_fitness": 0.9481868013899872, "percentage_of_fitting_traces": 48.0}
precision
0.9546742209631728
0.7435897435897437
generalization
0.9211032874032745

Adjusted Rand Index:
0.9521114928149994



Parameters of this run:

Window size: 3
Threshold for edges: 0.25
Split candidates: A
Max number of traces: 5000000
Method for distance calculation: Distance.MULTISET_DISTANCE
Method for finding clusters: ClusteringMethod.COMMUNITY_DETECTION
Original log location: ./data/noImprInLoop_default_OD\feb17-0936\logs\E_1_LogD_Sequence_feb17-0936.xes.gz
Use frequency: True

Found communities: 

Clustering with 1017 elements and 3 clusters
[0] 0, 3, 4, 7, 10, 13, 14, 17, 20, 23, 24, 27, 30, 33, 36, 39, 42, 45, 48,
    51, 52, 55, 56, 59, 60, 63, 64, 67, 70, 73, 74, 77, 80, 83, 86, 89, 92,
    95, 98, 101, 104, 107, 110, 113, 114, 117, 120, 123, 126, 129, 132, 133,
    136, 139, 142, 145, 146, 149, 152, 155, 158, 161, 164, 165, 168, 171, 174,
    175, 178, 181, 184, 187, 190, 193, 194, 197, 198, 201, 204, 207, 208, 211,
    214, 217, 220, 223, 226, 229, 232, 235, 238, 239, 242, 243, 246, 249, 252,
    255, 258, 261, 264, 267, 270, 271, 274, 277, 280, 283, 286, 289, 292, 295,
    298, 301, 304, 307, 310, 313, 316, 319, 322, 325, 328, 331, 334, 337, 340,
    343, 346, 349, 352, 355, 358, 361, 362, 365, 368, 371, 374, 377, 380, 383,
    386, 389, 392, 395, 398, 401, 404, 407, 410, 413, 416, 419, 422, 423, 426,
    429, 432, 435, 438, 441, 444, 447, 450, 453, 456, 459, 462, 465, 468, 471,
    474, 477, 480, 483, 486, 489, 492, 495, 498, 499, 502, 505, 506, 509, 512,
    515, 516, 519, 522, 525, 528, 531, 534, 537, 540, 543, 546, 549, 552, 555,
    558, 561, 564, 567, 568, 571, 574, 575, 578, 581, 584, 587, 590, 593, 596,
    599, 602, 605, 608, 611, 614, 617, 620, 623, 626, 629, 632, 633, 636, 639,
    642, 645, 648, 651, 654, 657, 660, 663, 666, 669, 672, 675, 678, 681, 684,
    687, 690, 693, 696, 699, 702, 705, 708, 711, 714, 717, 720, 723, 726, 729,
    732, 735, 738, 741, 744, 745, 748, 751, 754, 757, 760, 763, 766, 769, 772,
    775, 778, 781, 784, 787, 790, 793, 796, 799, 802, 805, 808, 811, 814, 817,
    818, 821, 824, 827, 830, 833, 836, 839, 842, 845, 848, 851, 854, 857, 860,
    863, 864, 867, 870, 873, 876, 879, 882, 885, 888, 891, 894, 897, 898, 901,
    904, 907, 910, 913, 916, 919, 922, 923, 926, 929, 932, 935, 938, 941, 944,
    947, 950, 953, 956, 959, 962, 965, 968, 971, 974, 977, 980, 983, 984, 987,
    990, 993, 996, 999, 1002, 1005, 1008, 1011, 1014
[1] 1, 5, 8, 11, 15, 18, 21, 25, 28, 31, 34, 37, 40, 43, 46, 49, 53, 57, 61,
    65, 68, 71, 75, 78, 81, 84, 87, 90, 93, 96, 99, 102, 105, 108, 111, 115,
    118, 121, 124, 127, 130, 134, 137, 140, 143, 147, 150, 153, 156, 159, 162,
    166, 169, 172, 176, 179, 182, 185, 188, 191, 195, 199, 202, 205, 209, 212,
    215, 218, 221, 224, 227, 230, 233, 236, 240, 244, 247, 250, 253, 256, 259,
    262, 265, 268, 272, 275, 278, 281, 284, 287, 290, 293, 296, 299, 302, 305,
    308, 311, 314, 317, 320, 323, 326, 329, 332, 335, 338, 341, 344, 347, 350,
    353, 356, 359, 363, 366, 369, 372, 375, 378, 381, 384, 387, 390, 393, 396,
    399, 402, 405, 408, 411, 414, 417, 420, 424, 427, 430, 433, 436, 439, 442,
    445, 448, 451, 454, 457, 460, 463, 466, 469, 472, 475, 478, 481, 484, 487,
    490, 493, 496, 500, 503, 507, 510, 513, 517, 520, 523, 526, 529, 532, 535,
    538, 541, 544, 547, 550, 553, 556, 559, 562, 565, 569, 572, 576, 579, 582,
    585, 588, 591, 594, 597, 600, 603, 606, 609, 612, 615, 618, 621, 624, 627,
    630, 634, 637, 640, 643, 646, 649, 652, 655, 658, 661, 664, 667, 670, 673,
    676, 679, 682, 685, 688, 691, 694, 697, 700, 703, 706, 709, 712, 715, 718,
    721, 724, 727, 730, 733, 736, 739, 742, 746, 749, 752, 755, 758, 761, 764,
    767, 770, 773, 776, 779, 782, 785, 788, 791, 794, 797, 800, 803, 806, 809,
    812, 815, 819, 822, 825, 828, 831, 834, 837, 840, 843, 846, 849, 852, 855,
    858, 861, 865, 868, 871, 874, 877, 880, 883, 886, 889, 892, 895, 899, 902,
    905, 908, 911, 914, 917, 920, 924, 927, 930, 933, 936, 939, 942, 945, 948,
    951, 954, 957, 960, 963, 966, 969, 972, 975, 978, 981, 985, 988, 991, 994,
    997, 1000, 1003, 1006, 1009, 1012, 1015
[2] 2, 6, 9, 12, 16, 19, 22, 26, 29, 32, 35, 38, 41, 44, 47, 50, 54, 58, 62,
    66, 69, 72, 76, 79, 82, 85, 88, 91, 94, 97, 100, 103, 106, 109, 112, 116,
    119, 122, 125, 128, 131, 135, 138, 141, 144, 148, 151, 154, 157, 160, 163,
    167, 170, 173, 177, 180, 183, 186, 189, 192, 196, 200, 203, 206, 210, 213,
    216, 219, 222, 225, 228, 231, 234, 237, 241, 245, 248, 251, 254, 257, 260,
    263, 266, 269, 273, 276, 279, 282, 285, 288, 291, 294, 297, 300, 303, 306,
    309, 312, 315, 318, 321, 324, 327, 330, 333, 336, 339, 342, 345, 348, 351,
    354, 357, 360, 364, 367, 370, 373, 376, 379, 382, 385, 388, 391, 394, 397,
    400, 403, 406, 409, 412, 415, 418, 421, 425, 428, 431, 434, 437, 440, 443,
    446, 449, 452, 455, 458, 461, 464, 467, 470, 473, 476, 479, 482, 485, 488,
    491, 494, 497, 501, 504, 508, 511, 514, 518, 521, 524, 527, 530, 533, 536,
    539, 542, 545, 548, 551, 554, 557, 560, 563, 566, 570, 573, 577, 580, 583,
    586, 589, 592, 595, 598, 601, 604, 607, 610, 613, 616, 619, 622, 625, 628,
    631, 635, 638, 641, 644, 647, 650, 653, 656, 659, 662, 665, 668, 671, 674,
    677, 680, 683, 686, 689, 692, 695, 698, 701, 704, 707, 710, 713, 716, 719,
    722, 725, 728, 731, 734, 737, 740, 743, 747, 750, 753, 756, 759, 762, 765,
    768, 771, 774, 777, 780, 783, 786, 789, 792, 795, 798, 801, 804, 807, 810,
    813, 816, 820, 823, 826, 829, 832, 835, 838, 841, 844, 847, 850, 853, 856,
    859, 862, 866, 869, 872, 875, 878, 881, 884, 887, 890, 893, 896, 900, 903,
    906, 909, 912, 915, 918, 921, 925, 928, 931, 934, 937, 940, 943, 946, 949,
    952, 955, 958, 961, 964, 967, 970, 973, 976, 979, 982, 986, 989, 992, 995,
    998, 1001, 1004, 1007, 1010, 1013, 1016

Reassigned labels

Runtime: 0.8475358486175537

Performance split_log:

IM without threshold:
Map:
{"A_0": "A", "A_1": "A", "A_2": "A"}
token_fitness
{"perc_fit_traces": 0.0, "average_trace_fitness": 0.7980641758680471, "log_fitness": 0.8061232480093199, "percentage_of_fitting_traces": 0.0}
precision
0.9997942175120897
0.7435897435897437
generalization
0.7566931749178826

Adjusted Rand Index:
0.9521114928149994



Parameters of this run:

Window size: 3
Threshold for edges: 0.5
Split candidates: A
Max number of traces: 5000000
Method for distance calculation: Distance.MULTISET_DISTANCE
Method for finding clusters: ClusteringMethod.COMMUNITY_DETECTION
Original log location: ./data/noImprInLoop_default_OD\feb17-0936\logs\E_1_LogD_Sequence_feb17-0936.xes.gz
Use frequency: True

Found communities: 

Clustering with 1017 elements and 3 clusters
[0] 0, 3, 4, 7, 10, 13, 14, 17, 20, 23, 24, 27, 30, 33, 36, 39, 42, 45, 48,
    51, 52, 55, 56, 59, 60, 63, 64, 67, 70, 73, 74, 77, 80, 83, 86, 89, 92,
    95, 98, 101, 104, 107, 110, 113, 114, 117, 120, 123, 126, 129, 132, 133,
    136, 139, 142, 145, 146, 149, 152, 155, 158, 161, 164, 165, 168, 171, 174,
    175, 178, 181, 184, 187, 190, 193, 194, 197, 198, 201, 204, 207, 208, 211,
    214, 217, 220, 223, 226, 229, 232, 235, 238, 239, 242, 243, 246, 249, 252,
    255, 258, 261, 264, 267, 270, 271, 274, 277, 280, 283, 286, 289, 292, 295,
    298, 301, 304, 307, 310, 313, 316, 319, 322, 325, 328, 331, 334, 337, 340,
    343, 346, 349, 352, 355, 358, 361, 362, 365, 368, 371, 374, 377, 380, 383,
    386, 389, 392, 395, 398, 401, 404, 407, 410, 413, 416, 419, 422, 423, 426,
    429, 432, 435, 438, 441, 444, 447, 450, 453, 456, 459, 462, 465, 468, 471,
    474, 477, 480, 483, 486, 489, 492, 495, 498, 499, 502, 505, 506, 509, 512,
    515, 516, 519, 522, 525, 528, 531, 534, 537, 540, 543, 546, 549, 552, 555,
    558, 561, 564, 567, 568, 571, 574, 575, 578, 581, 584, 587, 590, 593, 596,
    599, 602, 605, 608, 611, 614, 617, 620, 623, 626, 629, 632, 633, 636, 639,
    642, 645, 648, 651, 654, 657, 660, 663, 666, 669, 672, 675, 678, 681, 684,
    687, 690, 693, 696, 699, 702, 705, 708, 711, 714, 717, 720, 723, 726, 729,
    732, 735, 738, 741, 744, 745, 748, 751, 754, 757, 760, 763, 766, 769, 772,
    775, 778, 781, 784, 787, 790, 793, 796, 799, 802, 805, 808, 811, 814, 817,
    818, 821, 824, 827, 830, 833, 836, 839, 842, 845, 848, 851, 854, 857, 860,
    863, 864, 867, 870, 873, 876, 879, 882, 885, 888, 891, 894, 897, 898, 901,
    904, 907, 910, 913, 916, 919, 922, 923, 926, 929, 932, 935, 938, 941, 944,
    947, 950, 953, 956, 959, 962, 965, 968, 971, 974, 977, 980, 983, 984, 987,
    990, 993, 996, 999, 1002, 1005, 1008, 1011, 1014
[1] 1, 5, 8, 11, 15, 18, 21, 25, 28, 31, 34, 37, 40, 43, 46, 49, 53, 57, 61,
    65, 68, 71, 75, 78, 81, 84, 87, 90, 93, 96, 99, 102, 105, 108, 111, 115,
    118, 121, 124, 127, 130, 134, 137, 140, 143, 147, 150, 153, 156, 159, 162,
    166, 169, 172, 176, 179, 182, 185, 188, 191, 195, 199, 202, 205, 209, 212,
    215, 218, 221, 224, 227, 230, 233, 236, 240, 244, 247, 250, 253, 256, 259,
    262, 265, 268, 272, 275, 278, 281, 284, 287, 290, 293, 296, 299, 302, 305,
    308, 311, 314, 317, 320, 323, 326, 329, 332, 335, 338, 341, 344, 347, 350,
    353, 356, 359, 363, 366, 369, 372, 375, 378, 381, 384, 387, 390, 393, 396,
    399, 402, 405, 408, 411, 414, 417, 420, 424, 427, 430, 433, 436, 439, 442,
    445, 448, 451, 454, 457, 460, 463, 466, 469, 472, 475, 478, 481, 484, 487,
    490, 493, 496, 500, 503, 507, 510, 513, 517, 520, 523, 526, 529, 532, 535,
    538, 541, 544, 547, 550, 553, 556, 559, 562, 565, 569, 572, 576, 579, 582,
    585, 588, 591, 594, 597, 600, 603, 606, 609, 612, 615, 618, 621, 624, 627,
    630, 634, 637, 640, 643, 646, 649, 652, 655, 658, 661, 664, 667, 670, 673,
    676, 679, 682, 685, 688, 691, 694, 697, 700, 703, 706, 709, 712, 715, 718,
    721, 724, 727, 730, 733, 736, 739, 742, 746, 749, 752, 755, 758, 761, 764,
    767, 770, 773, 776, 779, 782, 785, 788, 791, 794, 797, 800, 803, 806, 809,
    812, 815, 819, 822, 825, 828, 831, 834, 837, 840, 843, 846, 849, 852, 855,
    858, 861, 865, 868, 871, 874, 877, 880, 883, 886, 889, 892, 895, 899, 902,
    905, 908, 911, 914, 917, 920, 924, 927, 930, 933, 936, 939, 942, 945, 948,
    951, 954, 957, 960, 963, 966, 969, 972, 975, 978, 981, 985, 988, 991, 994,
    997, 1000, 1003, 1006, 1009, 1012, 1015
[2] 2, 6, 9, 12, 16, 19, 22, 26, 29, 32, 35, 38, 41, 44, 47, 50, 54, 58, 62,
    66, 69, 72, 76, 79, 82, 85, 88, 91, 94, 97, 100, 103, 106, 109, 112, 116,
    119, 122, 125, 128, 131, 135, 138, 141, 144, 148, 151, 154, 157, 160, 163,
    167, 170, 173, 177, 180, 183, 186, 189, 192, 196, 200, 203, 206, 210, 213,
    216, 219, 222, 225, 228, 231, 234, 237, 241, 245, 248, 251, 254, 257, 260,
    263, 266, 269, 273, 276, 279, 282, 285, 288, 291, 294, 297, 300, 303, 306,
    309, 312, 315, 318, 321, 324, 327, 330, 333, 336, 339, 342, 345, 348, 351,
    354, 357, 360, 364, 367, 370, 373, 376, 379, 382, 385, 388, 391, 394, 397,
    400, 403, 406, 409, 412, 415, 418, 421, 425, 428, 431, 434, 437, 440, 443,
    446, 449, 452, 455, 458, 461, 464, 467, 470, 473, 476, 479, 482, 485, 488,
    491, 494, 497, 501, 504, 508, 511, 514, 518, 521, 524, 527, 530, 533, 536,
    539, 542, 545, 548, 551, 554, 557, 560, 563, 566, 570, 573, 577, 580, 583,
    586, 589, 592, 595, 598, 601, 604, 607, 610, 613, 616, 619, 622, 625, 628,
    631, 635, 638, 641, 644, 647, 650, 653, 656, 659, 662, 665, 668, 671, 674,
    677, 680, 683, 686, 689, 692, 695, 698, 701, 704, 707, 710, 713, 716, 719,
    722, 725, 728, 731, 734, 737, 740, 743, 747, 750, 753, 756, 759, 762, 765,
    768, 771, 774, 777, 780, 783, 786, 789, 792, 795, 798, 801, 804, 807, 810,
    813, 816, 820, 823, 826, 829, 832, 835, 838, 841, 844, 847, 850, 853, 856,
    859, 862, 866, 869, 872, 875, 878, 881, 884, 887, 890, 893, 896, 900, 903,
    906, 909, 912, 915, 918, 921, 925, 928, 931, 934, 937, 940, 943, 946, 949,
    952, 955, 958, 961, 964, 967, 970, 973, 976, 979, 982, 986, 989, 992, 995,
    998, 1001, 1004, 1007, 1010, 1013, 1016

Reassigned labels

Runtime: 0.8490521907806396

Performance split_log:

IM without threshold:
Map:
{"A_0": "A", "A_1": "A", "A_2": "A"}
token_fitness
{"perc_fit_traces": 0.0, "average_trace_fitness": 0.7980641758680471, "log_fitness": 0.8061232480093199, "percentage_of_fitting_traces": 0.0}
precision
0.9997942175120897
0.7435897435897437
generalization
0.7566931749178826

Adjusted Rand Index:
0.9521114928149994



Parameters of this run:

Window size: 3
Threshold for edges: 0.75
Split candidates: A
Max number of traces: 5000000
Method for distance calculation: Distance.MULTISET_DISTANCE
Method for finding clusters: ClusteringMethod.COMMUNITY_DETECTION
Original log location: ./data/noImprInLoop_default_OD\feb17-0936\logs\E_1_LogD_Sequence_feb17-0936.xes.gz
Use frequency: True

Found communities: 

Clustering with 1017 elements and 9 clusters
[0] 8, 11, 18, 28, 31, 34, 43, 68, 81, 87, 90, 93, 96, 99, 108, 111, 118, 121,
    127, 137, 143, 150, 153, 156, 159, 162, 169, 185, 191, 205, 215, 221, 227,
    230, 236, 247, 256, 259, 262, 265, 268, 275, 278, 281, 284, 290, 293, 299,
    302, 305, 317, 320, 323, 326, 332, 335, 341, 344, 347, 350, 356, 359, 366,
    369, 372, 375, 378, 381, 387, 390, 393, 396, 402, 405, 408, 411, 414, 417,
    430, 433, 439, 442, 448, 451, 457, 463, 466, 469, 472, 475, 478, 481, 484,
    487, 490, 493, 496, 503, 510, 513, 520, 523, 526, 529, 532, 535, 538, 541,
    544, 550, 553, 556, 559, 562, 565, 572, 579, 582, 591, 594, 597, 600, 606,
    612, 618, 621, 624, 627, 637, 640, 643, 646, 649, 652, 655, 658, 664, 667,
    670, 676, 682, 685, 688, 691, 697, 700, 703, 706, 709, 715, 718, 721, 724,
    727, 730, 733, 736, 739, 742, 749, 752, 755, 758, 761, 767, 770, 773, 776,
    779, 782, 785, 788, 791, 794, 797, 800, 803, 806, 815, 822, 828, 831, 834,
    837, 840, 843, 846, 849, 852, 855, 858, 861, 874, 877, 880, 883, 886, 889,
    892, 895, 902, 905, 908, 914, 917, 920, 927, 930, 933, 936, 939, 942, 945,
    948, 951, 954, 957, 960, 963, 966, 969, 972, 975, 978, 981, 988, 991, 994,
    997, 1000, 1003, 1006, 1009, 1015
[1] 7, 10, 17, 27, 30, 33, 42, 67, 80, 86, 89, 92, 95, 98, 107, 110, 117, 120,
    126, 136, 142, 149, 152, 155, 158, 161, 168, 184, 190, 204, 214, 220, 226,
    229, 235, 246, 255, 258, 261, 264, 267, 274, 277, 280, 283, 289, 292, 298,
    301, 304, 316, 319, 322, 325, 331, 334, 340, 343, 346, 349, 355, 358, 365,
    368, 371, 374, 377, 380, 386, 389, 392, 395, 401, 404, 407, 410, 413, 416,
    429, 432, 438, 441, 447, 450, 456, 462, 465, 468, 471, 474, 477, 480, 483,
    486, 489, 492, 495, 502, 509, 512, 519, 522, 525, 528, 531, 534, 537, 540,
    543, 549, 552, 555, 558, 561, 564, 571, 578, 581, 590, 593, 596, 599, 605,
    611, 617, 620, 623, 626, 636, 639, 642, 645, 648, 651, 654, 657, 663, 666,
    669, 675, 681, 684, 687, 690, 696, 699, 702, 705, 708, 714, 717, 720, 723,
    726, 729, 732, 735, 738, 741, 748, 751, 754, 757, 760, 766, 769, 772, 775,
    778, 781, 784, 787, 790, 793, 796, 799, 802, 805, 814, 821, 827, 830, 833,
    836, 839, 842, 845, 848, 851, 854, 857, 860, 873, 876, 879, 882, 885, 888,
    891, 894, 901, 904, 907, 913, 916, 919, 926, 929, 932, 935, 938, 941, 944,
    947, 950, 953, 956, 959, 962, 965, 968, 971, 974, 977, 980, 987, 990, 993,
    996, 999, 1002, 1005, 1008, 1014
[2] 2, 6, 9, 12, 16, 19, 26, 29, 35, 38, 41, 54, 62, 66, 79, 82, 85, 88, 91,
    97, 100, 103, 106, 116, 119, 122, 125, 131, 144, 148, 151, 154, 157, 160,
    163, 167, 173, 180, 186, 189, 196, 200, 203, 206, 210, 213, 219, 225, 231,
    234, 245, 251, 257, 260, 263, 276, 279, 285, 291, 297, 300, 303, 306, 309,
    318, 324, 327, 330, 333, 336, 339, 348, 351, 360, 364, 367, 373, 376, 379,
    385, 391, 394, 400, 403, 409, 412, 418, 421, 428, 431, 434, 437, 440, 446,
    449, 452, 455, 461, 464, 470, 473, 479, 482, 485, 488, 491, 497, 504, 508,
    511, 514, 518, 521, 530, 539, 542, 545, 548, 551, 554, 557, 566, 573, 577,
    580, 583, 589, 592, 595, 598, 616, 619, 622, 625, 635, 638, 641, 644, 650,
    653, 659, 662, 665, 674, 677, 680, 683, 686, 689, 692, 695, 698, 701, 704,
    707, 710, 713, 716, 719, 722, 725, 731, 734, 737, 740, 743, 747, 750, 759,
    762, 765, 768, 771, 774, 789, 792, 801, 804, 807, 810, 813, 823, 829, 832,
    835, 838, 841, 844, 853, 856, 859, 862, 872, 875, 881, 884, 887, 893, 896,
    900, 903, 906, 909, 912, 925, 928, 937, 940, 943, 949, 952, 955, 958, 961,
    964, 967, 970, 976, 982, 986, 992, 998, 1001, 1007, 1010, 1013, 1016
[3] 22, 32, 44, 47, 50, 58, 69, 72, 76, 94, 109, 112, 128, 135, 138, 141, 170,
    177, 183, 192, 216, 222, 228, 237, 241, 248, 254, 266, 269, 273, 282, 288,
    294, 312, 315, 321, 342, 345, 354, 357, 370, 382, 388, 397, 406, 415, 425,
    443, 458, 467, 476, 494, 501, 524, 527, 533, 536, 560, 563, 570, 586, 601,
    604, 607, 610, 613, 628, 631, 647, 656, 668, 671, 728, 753, 756, 777, 780,
    783, 786, 795, 798, 816, 820, 826, 847, 850, 866, 869, 878, 890, 915, 918,
    921, 931, 934, 946, 973, 979, 989, 995, 1004
[4] 0, 20, 36, 39, 45, 48, 70, 77, 83, 101, 104, 123, 129, 139, 171, 178, 181,
    187, 201, 211, 217, 223, 232, 249, 252, 286, 295, 307, 310, 313, 328, 337,
    352, 383, 398, 419, 426, 435, 444, 453, 459, 546, 584, 587, 602, 608, 614,
    629, 660, 672, 678, 693, 711, 763, 808, 811, 824, 867, 870, 910, 1011
[5] 1, 21, 37, 40, 46, 49, 71, 78, 84, 102, 105, 124, 130, 140, 172, 179, 182,
    188, 202, 212, 218, 224, 233, 250, 253, 287, 296, 308, 311, 314, 329, 338,
    353, 384, 399, 420, 427, 436, 445, 454, 460, 547, 585, 588, 603, 609, 615,
    630, 661, 673, 679, 694, 712, 764, 809, 812, 825, 868, 871, 911, 1012
[6] 3, 13, 23, 51, 55, 59, 63, 73, 113, 132, 145, 164, 174, 193, 197, 207,
    238, 242, 270, 361, 422, 498, 505, 515, 567, 574, 632, 744, 817, 863, 897,
    922, 983
[7] 4, 14, 24, 52, 56, 60, 64, 74, 114, 133, 146, 165, 175, 194, 198, 208,
    239, 243, 271, 362, 423, 499, 506, 516, 568, 575, 633, 745, 818, 864, 898,
    923, 984
[8] 5, 15, 25, 53, 57, 61, 65, 75, 115, 134, 147, 166, 176, 195, 199, 209,
    240, 244, 272, 363, 424, 500, 507, 517, 569, 576, 634, 746, 819, 865, 899,
    924, 985

Reassigned labels

Runtime: 0.7540357112884521

Performance split_log:

IM without threshold:
Map:
{"A_0": "A", "A_1": "A", "A_2": "A", "A_3": "A", "A_4": "A", "A_5": "A", "A_6": "A", "A_7": "A", "A_8": "A"}
token_fitness
{"perc_fit_traces": 100.0, "average_trace_fitness": 1.0, "log_fitness": 1.0, "percentage_of_fitting_traces": 100.0}
precision
0.9744402535912046
0.7471264367816092
generalization
0.8948188343634266

Adjusted Rand Index:
0.6368313198783154



Parameters of this run:

Window size: 3
Threshold for edges: 1
Split candidates: A
Max number of traces: 5000000
Method for distance calculation: Distance.MULTISET_DISTANCE
Method for finding clusters: ClusteringMethod.COMMUNITY_DETECTION
Original log location: ./data/noImprInLoop_default_OD\feb17-0936\logs\E_1_LogD_Sequence_feb17-0936.xes.gz
Use frequency: True

Found communities: 

Clustering with 1017 elements and 33 clusters
[ 0] 6, 12, 16, 29, 35, 41, 54, 62, 66, 79, 82, 85, 91, 100, 116, 119, 122,
     125, 131, 144, 154, 163, 173, 180, 186, 196, 206, 210, 213, 245, 257,
     279, 291, 306, 309, 351, 360, 376, 385, 394, 400, 403, 409, 418, 428,
     434, 437, 440, 446, 449, 461, 464, 470, 473, 482, 508, 514, 530, 539,
     551, 557, 573, 598, 619, 622, 635, 641, 644, 650, 659, 665, 674, 677,
     680, 704, 710, 719, 722, 725, 731, 734, 737, 750, 759, 762, 765, 771,
     789, 807, 810, 813, 823, 832, 835, 853, 856, 859, 875, 881, 884, 900,
     903, 909, 925, 928, 940, 949, 952, 958, 961, 964, 967, 992, 998, 1007,
     1010, 1013
[ 1] 67, 80, 136, 155, 158, 168, 190, 204, 220, 255, 261, 274, 280, 283, 301,
     304, 319, 331, 386, 392, 447, 450, 456, 474, 489, 492, 522, 528, 543,
     552, 581, 642, 657, 687, 690, 720, 723, 735, 738, 748, 751, 760, 769,
     772, 775, 781, 787, 799, 802, 814, 821, 830, 833, 879, 885, 891, 913,
     916, 919, 926, 947, 959, 968, 990, 1002, 1008
[ 2] 27, 95, 107, 149, 152, 161, 214, 229, 235, 258, 267, 292, 322, 325, 374,
     377, 380, 395, 413, 432, 471, 477, 480, 483, 486, 519, 531, 537, 540,
     549, 555, 561, 564, 571, 596, 599, 626, 639, 645, 654, 663, 675, 714,
     741, 754, 839, 848, 854, 857, 860, 876, 888, 894, 904, 929, 932, 941,
     962, 974, 993, 999, 1005
[ 3] 2, 9, 26, 88, 106, 151, 157, 167, 203, 234, 251, 263, 285, 297, 300, 324,
     336, 339, 348, 364, 379, 391, 431, 455, 479, 491, 504, 511, 521, 542,
     566, 577, 583, 589, 595, 625, 638, 662, 689, 692, 707, 740, 743, 747,
     768, 774, 792, 801, 804, 838, 844, 862, 872, 893, 896, 906, 912, 955,
     970, 976, 1016
[ 4] 17, 30, 89, 98, 110, 117, 142, 184, 289, 298, 316, 340, 343, 346, 349,
     365, 368, 371, 401, 404, 407, 429, 441, 462, 468, 495, 502, 512, 558,
     605, 611, 620, 623, 636, 666, 699, 702, 708, 726, 729, 766, 784, 796,
     805, 842, 845, 851, 935, 938, 944, 950, 965, 971, 977, 980, 1014
[ 5] 7, 10, 33, 42, 86, 92, 120, 126, 226, 246, 264, 277, 334, 355, 358, 389,
     410, 416, 438, 465, 509, 525, 534, 578, 590, 593, 617, 648, 651, 669,
     681, 684, 696, 705, 717, 732, 757, 778, 790, 793, 827, 836, 873, 882,
     901, 907, 953, 956, 987, 996
[ 6] 19, 38, 97, 103, 148, 160, 189, 200, 219, 225, 231, 260, 276, 303, 318,
     327, 330, 333, 367, 373, 412, 421, 452, 485, 488, 497, 518, 545, 548,
     554, 580, 592, 616, 653, 683, 686, 695, 698, 701, 713, 716, 829, 841,
     887, 937, 943, 982, 986, 1001
[ 7] 1, 21, 46, 49, 71, 78, 102, 130, 172, 188, 202, 253, 296, 308, 329, 353,
     399, 436, 454, 460, 588, 603, 609, 615, 630, 679, 694, 764, 809, 812,
     825, 868, 911, 1012
[ 8] 3, 13, 23, 51, 55, 59, 63, 73, 113, 132, 145, 164, 174, 193, 197, 207,
     238, 242, 270, 361, 422, 498, 505, 515, 567, 574, 632, 744, 817, 863,
     897, 922, 983
[ 9] 4, 14, 24, 52, 56, 60, 64, 74, 114, 133, 146, 165, 175, 194, 198, 208,
     239, 243, 271, 362, 423, 499, 506, 516, 568, 575, 633, 745, 818, 864,
     898, 923, 984
[10] 0, 20, 36, 48, 70, 83, 101, 104, 123, 129, 139, 171, 178, 181, 187, 201,
     217, 249, 252, 286, 307, 313, 383, 398, 435, 444, 453, 459, 602, 672,
     824, 870
[11] 39, 45, 77, 211, 223, 232, 295, 310, 328, 337, 352, 419, 426, 546, 584,
     587, 608, 614, 629, 660, 678, 693, 711, 763, 808, 811, 867, 910, 1011
[12] 37, 40, 84, 105, 124, 140, 179, 182, 212, 218, 224, 233, 250, 287, 311,
     314, 338, 384, 420, 427, 445, 547, 585, 661, 673, 712, 871
[13] 18, 31, 90, 137, 143, 284, 341, 347, 366, 405, 408, 544, 612, 688, 730,
     782, 803, 886, 920, 927, 945, 966, 991
[14] 81, 99, 156, 221, 256, 305, 320, 332, 344, 430, 493, 496, 559, 643, 749,
     752, 843, 846, 914, 917, 936, 969, 981
[15] 11, 191, 205, 302, 387, 466, 510, 529, 535, 618, 718, 721, 736, 739, 770,
     776, 828, 831, 837, 954, 997
[16] 118, 121, 265, 290, 299, 335, 390, 463, 513, 579, 621, 649, 667, 703,
     758, 874, 908, 957, 972, 978, 988
[17] 111, 153, 215, 230, 236, 372, 381, 402, 433, 442, 532, 700, 767, 852,
     905, 939, 951, 975, 1000, 1006
[18] 44, 72, 177, 222, 269, 345, 354, 357, 476, 494, 524, 560, 610, 647, 668,
     786, 795, 816, 890, 934
[19] 247, 281, 356, 359, 439, 448, 451, 490, 523, 553, 591, 594, 682, 691,
     761, 773, 788, 815, 1003, 1009
[20] 185, 350, 369, 469, 487, 520, 606, 640, 646, 655, 664, 676, 709, 742,
     785, 797, 849, 889, 895, 1015
[21] 8, 43, 96, 108, 278, 323, 326, 541, 565, 597, 755, 779, 791, 794, 855,
     902, 933, 963, 994
[22] 28, 34, 87, 93, 127, 150, 227, 293, 375, 484, 562, 572, 670, 685, 697,
     840, 858, 883, 930
[23] 162, 169, 262, 275, 378, 393, 414, 457, 472, 478, 481, 538, 600, 627,
     715, 834, 942, 948, 960
[24] 32, 76, 94, 128, 138, 216, 237, 288, 294, 312, 388, 406, 415, 458, 527,
     536, 783, 931
[25] 22, 69, 109, 248, 266, 370, 397, 501, 656, 756, 780, 798, 847, 869, 878,
     915, 918
[26] 68, 159, 259, 268, 396, 475, 550, 556, 582, 658, 724, 800, 822, 861, 877,
     880, 892
[27] 5, 25, 57, 61, 75, 115, 147, 195, 209, 244, 272, 363, 424, 517, 569, 576,
     899
[28] 15, 53, 65, 134, 166, 176, 199, 240, 500, 507, 634, 746, 819, 865, 924,
     985
[29] 47, 50, 112, 183, 228, 241, 273, 321, 425, 604, 671, 777, 820, 850, 973,
     989
[30] 58, 141, 170, 192, 342, 382, 443, 467, 533, 563, 586, 601, 728, 921, 946
[31] 135, 254, 282, 315, 570, 607, 613, 628, 631, 753, 826, 866, 979, 995,
     1004
[32] 317, 411, 417, 503, 526, 624, 637, 652, 706, 727, 733, 806

Reassigned labels

Runtime: 0.7473466396331787

Performance split_log:

IM without threshold:
Map:
{"A_0": "A", "A_1": "A", "A_2": "A", "A_3": "A", "A_4": "A", "A_5": "A", "A_6": "A", "A_7": "A", "A_8": "A", "A_9": "A", "A_10": "A", "A_11": "A", "A_12": "A", "A_13": "A", "A_14": "A", "A_15": "A", "A_16": "A", "A_17": "A", "A_18": "A", "A_19": "A", "A_20": "A", "A_21": "A", "A_22": "A", "A_23": "A", "A_24": "A", "A_25": "A", "A_26": "A", "A_27": "A", "A_28": "A", "A_29": "A", "A_30": "A", "A_31": "A", "A_32": "A"}
token_fitness
{"perc_fit_traces": 23.7, "average_trace_fitness": 0.9288792235850992, "log_fitness": 0.9288446578077805, "percentage_of_fitting_traces": 23.7}
precision
0.9944413563090606
0.7425742574257426
generalization
0.7874751855028358

Adjusted Rand Index:
0.325718223985479



Parameters of this run:

Window size: 5
Threshold for edges: 0
Split candidates: A
Max number of traces: 5000000
Method for distance calculation: Distance.EDIT_DISTANCE
Method for finding clusters: ClusteringMethod.COMMUNITY_DETECTION
Original log location: ./data/noImprInLoop_default_OD\feb17-0936\logs\E_1_LogD_Sequence_feb17-0936.xes.gz
Use frequency: True

Found communities: 

Clustering with 1017 elements and 3 clusters
[0] 0, 3, 4, 7, 10, 13, 14, 17, 20, 23, 24, 27, 30, 33, 36, 39, 42, 45, 48,
    51, 52, 55, 56, 59, 60, 63, 64, 67, 70, 73, 74, 77, 80, 83, 86, 89, 92,
    95, 98, 101, 104, 107, 110, 113, 114, 117, 120, 123, 126, 129, 132, 133,
    136, 139, 142, 145, 146, 149, 152, 155, 158, 161, 164, 165, 168, 171, 174,
    175, 178, 181, 184, 187, 190, 193, 194, 197, 198, 201, 204, 207, 208, 211,
    214, 217, 220, 223, 226, 229, 232, 235, 238, 239, 242, 243, 246, 249, 252,
    255, 258, 261, 264, 267, 270, 271, 274, 277, 280, 283, 286, 289, 292, 295,
    298, 301, 304, 307, 310, 313, 316, 319, 322, 325, 328, 331, 334, 337, 340,
    343, 346, 349, 352, 355, 358, 361, 362, 365, 368, 371, 374, 377, 380, 383,
    386, 389, 392, 395, 398, 401, 404, 407, 410, 413, 416, 419, 422, 423, 426,
    429, 432, 435, 438, 441, 444, 447, 450, 453, 456, 459, 462, 465, 468, 471,
    474, 477, 480, 483, 486, 489, 492, 495, 498, 499, 502, 505, 506, 509, 512,
    515, 516, 519, 522, 525, 528, 531, 534, 537, 540, 543, 546, 549, 552, 555,
    558, 561, 564, 567, 568, 571, 574, 575, 578, 581, 584, 587, 590, 593, 596,
    599, 602, 605, 608, 611, 614, 617, 620, 623, 626, 629, 632, 633, 636, 639,
    642, 645, 648, 651, 654, 657, 660, 663, 666, 669, 672, 675, 678, 681, 684,
    687, 690, 693, 696, 699, 702, 705, 708, 711, 714, 717, 720, 723, 726, 729,
    732, 735, 738, 741, 744, 745, 748, 751, 754, 757, 760, 763, 766, 769, 772,
    775, 778, 781, 784, 787, 790, 793, 796, 799, 802, 805, 808, 811, 814, 817,
    818, 821, 824, 827, 830, 833, 836, 839, 842, 845, 848, 851, 854, 857, 860,
    863, 864, 867, 870, 873, 876, 879, 882, 885, 888, 891, 894, 897, 898, 901,
    904, 907, 910, 913, 916, 919, 922, 923, 926, 929, 932, 935, 938, 941, 944,
    947, 950, 953, 956, 959, 962, 965, 968, 971, 974, 977, 980, 983, 984, 987,
    990, 993, 996, 999, 1002, 1005, 1008, 1011, 1014
[1] 2, 6, 9, 12, 16, 19, 22, 26, 29, 32, 35, 38, 41, 44, 47, 50, 54, 58, 62,
    66, 69, 72, 76, 79, 82, 85, 88, 91, 94, 97, 100, 103, 106, 109, 112, 116,
    119, 122, 125, 128, 131, 135, 138, 141, 144, 148, 151, 154, 157, 160, 163,
    167, 170, 173, 177, 180, 183, 186, 189, 192, 196, 200, 203, 206, 210, 213,
    216, 219, 222, 225, 228, 231, 234, 237, 241, 245, 248, 251, 254, 257, 260,
    263, 266, 269, 273, 276, 279, 282, 285, 288, 291, 294, 297, 300, 303, 306,
    309, 312, 315, 318, 321, 324, 327, 330, 333, 336, 339, 342, 345, 348, 351,
    354, 357, 360, 364, 367, 370, 373, 376, 379, 382, 385, 388, 391, 394, 397,
    400, 403, 406, 409, 412, 415, 418, 421, 425, 428, 431, 434, 437, 440, 443,
    446, 449, 452, 455, 458, 461, 464, 467, 470, 473, 476, 479, 482, 485, 488,
    491, 494, 497, 501, 504, 508, 511, 514, 518, 521, 524, 527, 530, 533, 536,
    539, 542, 545, 548, 551, 554, 557, 560, 563, 566, 570, 573, 577, 580, 583,
    586, 589, 592, 595, 598, 601, 604, 607, 610, 613, 616, 619, 622, 625, 628,
    631, 635, 638, 641, 644, 647, 650, 653, 656, 659, 662, 665, 668, 671, 674,
    677, 680, 683, 686, 689, 692, 695, 698, 701, 704, 707, 710, 713, 716, 719,
    722, 725, 728, 731, 734, 737, 740, 743, 747, 750, 753, 756, 759, 762, 765,
    768, 771, 774, 777, 780, 783, 786, 789, 792, 795, 798, 801, 804, 807, 810,
    813, 816, 820, 823, 826, 829, 832, 835, 838, 841, 844, 847, 850, 853, 856,
    859, 862, 866, 869, 872, 875, 878, 881, 884, 887, 890, 893, 896, 900, 903,
    906, 909, 912, 915, 918, 921, 925, 928, 931, 934, 937, 940, 943, 946, 949,
    952, 955, 958, 961, 964, 967, 970, 973, 976, 979, 982, 986, 989, 992, 995,
    998, 1001, 1004, 1007, 1010, 1013, 1016
[2] 1, 5, 8, 11, 15, 18, 21, 25, 28, 31, 34, 37, 40, 43, 46, 49, 53, 57, 61,
    65, 68, 71, 75, 78, 81, 84, 87, 90, 93, 96, 99, 102, 105, 108, 111, 115,
    118, 121, 124, 127, 130, 134, 137, 140, 143, 147, 150, 153, 156, 159, 162,
    166, 169, 172, 176, 179, 182, 185, 188, 191, 195, 199, 202, 205, 209, 212,
    215, 218, 221, 224, 227, 230, 233, 236, 240, 244, 247, 250, 253, 256, 259,
    262, 265, 268, 272, 275, 278, 281, 284, 287, 290, 293, 296, 299, 302, 305,
    308, 311, 314, 317, 320, 323, 326, 329, 332, 335, 338, 341, 344, 347, 350,
    353, 356, 359, 363, 366, 369, 372, 375, 378, 381, 384, 387, 390, 393, 396,
    399, 402, 405, 408, 411, 414, 417, 420, 424, 427, 430, 433, 436, 439, 442,
    445, 448, 451, 454, 457, 460, 463, 466, 469, 472, 475, 478, 481, 484, 487,
    490, 493, 496, 500, 503, 507, 510, 513, 517, 520, 523, 526, 529, 532, 535,
    538, 541, 544, 547, 550, 553, 556, 559, 562, 565, 569, 572, 576, 579, 582,
    585, 588, 591, 594, 597, 600, 603, 606, 609, 612, 615, 618, 621, 624, 627,
    630, 634, 637, 640, 643, 646, 649, 652, 655, 658, 661, 664, 667, 670, 673,
    676, 679, 682, 685, 688, 691, 694, 697, 700, 703, 706, 709, 712, 715, 718,
    721, 724, 727, 730, 733, 736, 739, 742, 746, 749, 752, 755, 758, 761, 764,
    767, 770, 773, 776, 779, 782, 785, 788, 791, 794, 797, 800, 803, 806, 809,
    812, 815, 819, 822, 825, 828, 831, 834, 837, 840, 843, 846, 849, 852, 855,
    858, 861, 865, 868, 871, 874, 877, 880, 883, 886, 889, 892, 895, 899, 902,
    905, 908, 911, 914, 917, 920, 924, 927, 930, 933, 936, 939, 942, 945, 948,
    951, 954, 957, 960, 963, 966, 969, 972, 975, 978, 981, 985, 988, 991, 994,
    997, 1000, 1003, 1006, 1009, 1012, 1015

Reassigned labels

Runtime: 0.9711713790893555

Performance split_log:

IM without threshold:
Map:
{"A_0": "A", "A_1": "A", "A_2": "A"}
token_fitness
{"perc_fit_traces": 0.0, "average_trace_fitness": 0.7980641758680471, "log_fitness": 0.8061232480093199, "percentage_of_fitting_traces": 0.0}
precision
0.9997942175120897
0.7435897435897437
generalization
0.7566931749178826

Adjusted Rand Index:
0.9521114928149994



Parameters of this run:

Window size: 5
Threshold for edges: 0.25
Split candidates: A
Max number of traces: 5000000
Method for distance calculation: Distance.EDIT_DISTANCE
Method for finding clusters: ClusteringMethod.COMMUNITY_DETECTION
Original log location: ./data/noImprInLoop_default_OD\feb17-0936\logs\E_1_LogD_Sequence_feb17-0936.xes.gz
Use frequency: True

Found communities: 

Clustering with 1017 elements and 3 clusters
[0] 0, 3, 4, 7, 10, 13, 14, 17, 20, 23, 24, 27, 30, 33, 36, 39, 42, 45, 48,
    51, 52, 55, 56, 59, 60, 63, 64, 67, 70, 73, 74, 77, 80, 83, 86, 89, 92,
    95, 98, 101, 104, 107, 110, 113, 114, 117, 120, 123, 126, 129, 132, 133,
    136, 139, 142, 145, 146, 149, 152, 155, 158, 161, 164, 165, 168, 171, 174,
    175, 178, 181, 184, 187, 190, 193, 194, 197, 198, 201, 204, 207, 208, 211,
    214, 217, 220, 223, 226, 229, 232, 235, 238, 239, 242, 243, 246, 249, 252,
    255, 258, 261, 264, 267, 270, 271, 274, 277, 280, 283, 286, 289, 292, 295,
    298, 301, 304, 307, 310, 313, 316, 319, 322, 325, 328, 331, 334, 337, 340,
    343, 346, 349, 352, 355, 358, 361, 362, 365, 368, 371, 374, 377, 380, 383,
    386, 389, 392, 395, 398, 401, 404, 407, 410, 413, 416, 419, 422, 423, 426,
    429, 432, 435, 438, 441, 444, 447, 450, 453, 456, 459, 462, 465, 468, 471,
    474, 477, 480, 483, 486, 489, 492, 495, 498, 499, 502, 505, 506, 509, 512,
    515, 516, 519, 522, 525, 528, 531, 534, 537, 540, 543, 546, 549, 552, 555,
    558, 561, 564, 567, 568, 571, 574, 575, 578, 581, 584, 587, 590, 593, 596,
    599, 602, 605, 608, 611, 614, 617, 620, 623, 626, 629, 632, 633, 636, 639,
    642, 645, 648, 651, 654, 657, 660, 663, 666, 669, 672, 675, 678, 681, 684,
    687, 690, 693, 696, 699, 702, 705, 708, 711, 714, 717, 720, 723, 726, 729,
    732, 735, 738, 741, 744, 745, 748, 751, 754, 757, 760, 763, 766, 769, 772,
    775, 778, 781, 784, 787, 790, 793, 796, 799, 802, 805, 808, 811, 814, 817,
    818, 821, 824, 827, 830, 833, 836, 839, 842, 845, 848, 851, 854, 857, 860,
    863, 864, 867, 870, 873, 876, 879, 882, 885, 888, 891, 894, 897, 898, 901,
    904, 907, 910, 913, 916, 919, 922, 923, 926, 929, 932, 935, 938, 941, 944,
    947, 950, 953, 956, 959, 962, 965, 968, 971, 974, 977, 980, 983, 984, 987,
    990, 993, 996, 999, 1002, 1005, 1008, 1011, 1014
[1] 2, 6, 9, 12, 16, 19, 22, 26, 29, 32, 35, 38, 41, 44, 47, 50, 54, 58, 62,
    66, 69, 72, 76, 79, 82, 85, 88, 91, 94, 97, 100, 103, 106, 109, 112, 116,
    119, 122, 125, 128, 131, 135, 138, 141, 144, 148, 151, 154, 157, 160, 163,
    167, 170, 173, 177, 180, 183, 186, 189, 192, 196, 200, 203, 206, 210, 213,
    216, 219, 222, 225, 228, 231, 234, 237, 241, 245, 248, 251, 254, 257, 260,
    263, 266, 269, 273, 276, 279, 282, 285, 288, 291, 294, 297, 300, 303, 306,
    309, 312, 315, 318, 321, 324, 327, 330, 333, 336, 339, 342, 345, 348, 351,
    354, 357, 360, 364, 367, 370, 373, 376, 379, 382, 385, 388, 391, 394, 397,
    400, 403, 406, 409, 412, 415, 418, 421, 425, 428, 431, 434, 437, 440, 443,
    446, 449, 452, 455, 458, 461, 464, 467, 470, 473, 476, 479, 482, 485, 488,
    491, 494, 497, 501, 504, 508, 511, 514, 518, 521, 524, 527, 530, 533, 536,
    539, 542, 545, 548, 551, 554, 557, 560, 563, 566, 570, 573, 577, 580, 583,
    586, 589, 592, 595, 598, 601, 604, 607, 610, 613, 616, 619, 622, 625, 628,
    631, 635, 638, 641, 644, 647, 650, 653, 656, 659, 662, 665, 668, 671, 674,
    677, 680, 683, 686, 689, 692, 695, 698, 701, 704, 707, 710, 713, 716, 719,
    722, 725, 728, 731, 734, 737, 740, 743, 747, 750, 753, 756, 759, 762, 765,
    768, 771, 774, 777, 780, 783, 786, 789, 792, 795, 798, 801, 804, 807, 810,
    813, 816, 820, 823, 826, 829, 832, 835, 838, 841, 844, 847, 850, 853, 856,
    859, 862, 866, 869, 872, 875, 878, 881, 884, 887, 890, 893, 896, 900, 903,
    906, 909, 912, 915, 918, 921, 925, 928, 931, 934, 937, 940, 943, 946, 949,
    952, 955, 958, 961, 964, 967, 970, 973, 976, 979, 982, 986, 989, 992, 995,
    998, 1001, 1004, 1007, 1010, 1013, 1016
[2] 1, 5, 8, 11, 15, 18, 21, 25, 28, 31, 34, 37, 40, 43, 46, 49, 53, 57, 61,
    65, 68, 71, 75, 78, 81, 84, 87, 90, 93, 96, 99, 102, 105, 108, 111, 115,
    118, 121, 124, 127, 130, 134, 137, 140, 143, 147, 150, 153, 156, 159, 162,
    166, 169, 172, 176, 179, 182, 185, 188, 191, 195, 199, 202, 205, 209, 212,
    215, 218, 221, 224, 227, 230, 233, 236, 240, 244, 247, 250, 253, 256, 259,
    262, 265, 268, 272, 275, 278, 281, 284, 287, 290, 293, 296, 299, 302, 305,
    308, 311, 314, 317, 320, 323, 326, 329, 332, 335, 338, 341, 344, 347, 350,
    353, 356, 359, 363, 366, 369, 372, 375, 378, 381, 384, 387, 390, 393, 396,
    399, 402, 405, 408, 411, 414, 417, 420, 424, 427, 430, 433, 436, 439, 442,
    445, 448, 451, 454, 457, 460, 463, 466, 469, 472, 475, 478, 481, 484, 487,
    490, 493, 496, 500, 503, 507, 510, 513, 517, 520, 523, 526, 529, 532, 535,
    538, 541, 544, 547, 550, 553, 556, 559, 562, 565, 569, 572, 576, 579, 582,
    585, 588, 591, 594, 597, 600, 603, 606, 609, 612, 615, 618, 621, 624, 627,
    630, 634, 637, 640, 643, 646, 649, 652, 655, 658, 661, 664, 667, 670, 673,
    676, 679, 682, 685, 688, 691, 694, 697, 700, 703, 706, 709, 712, 715, 718,
    721, 724, 727, 730, 733, 736, 739, 742, 746, 749, 752, 755, 758, 761, 764,
    767, 770, 773, 776, 779, 782, 785, 788, 791, 794, 797, 800, 803, 806, 809,
    812, 815, 819, 822, 825, 828, 831, 834, 837, 840, 843, 846, 849, 852, 855,
    858, 861, 865, 868, 871, 874, 877, 880, 883, 886, 889, 892, 895, 899, 902,
    905, 908, 911, 914, 917, 920, 924, 927, 930, 933, 936, 939, 942, 945, 948,
    951, 954, 957, 960, 963, 966, 969, 972, 975, 978, 981, 985, 988, 991, 994,
    997, 1000, 1003, 1006, 1009, 1012, 1015

Reassigned labels

Runtime: 0.8560843467712402

Performance split_log:

IM without threshold:
Map:
{"A_0": "A", "A_1": "A", "A_2": "A"}
token_fitness
{"perc_fit_traces": 0.0, "average_trace_fitness": 0.7980641758680471, "log_fitness": 0.8061232480093199, "percentage_of_fitting_traces": 0.0}
precision
0.9997942175120897
0.7435897435897437
generalization
0.7566931749178826

Adjusted Rand Index:
0.9521114928149994



Parameters of this run:

Window size: 5
Threshold for edges: 0.5
Split candidates: A
Max number of traces: 5000000
Method for distance calculation: Distance.EDIT_DISTANCE
Method for finding clusters: ClusteringMethod.COMMUNITY_DETECTION
Original log location: ./data/noImprInLoop_default_OD\feb17-0936\logs\E_1_LogD_Sequence_feb17-0936.xes.gz
Use frequency: True

Found communities: 

Clustering with 1017 elements and 3 clusters
[0] 0, 3, 4, 7, 10, 13, 14, 17, 20, 23, 24, 27, 30, 33, 36, 39, 42, 45, 48,
    51, 52, 55, 56, 59, 60, 63, 64, 67, 70, 73, 74, 77, 80, 83, 86, 89, 92,
    95, 98, 101, 104, 107, 110, 113, 114, 117, 120, 123, 126, 129, 132, 133,
    136, 139, 142, 145, 146, 149, 152, 155, 158, 161, 164, 165, 168, 171, 174,
    175, 178, 181, 184, 187, 190, 193, 194, 197, 198, 201, 204, 207, 208, 211,
    214, 217, 220, 223, 226, 229, 232, 235, 238, 239, 242, 243, 246, 249, 252,
    255, 258, 261, 264, 267, 270, 271, 274, 277, 280, 283, 286, 289, 292, 295,
    298, 301, 304, 307, 310, 313, 316, 319, 322, 325, 328, 331, 334, 337, 340,
    343, 346, 349, 352, 355, 358, 361, 362, 365, 368, 371, 374, 377, 380, 383,
    386, 389, 392, 395, 398, 401, 404, 407, 410, 413, 416, 419, 422, 423, 426,
    429, 432, 435, 438, 441, 444, 447, 450, 453, 456, 459, 462, 465, 468, 471,
    474, 477, 480, 483, 486, 489, 492, 495, 498, 499, 502, 505, 506, 509, 512,
    515, 516, 519, 522, 525, 528, 531, 534, 537, 540, 543, 546, 549, 552, 555,
    558, 561, 564, 567, 568, 571, 574, 575, 578, 581, 584, 587, 590, 593, 596,
    599, 602, 605, 608, 611, 614, 617, 620, 623, 626, 629, 632, 633, 636, 639,
    642, 645, 648, 651, 654, 657, 660, 663, 666, 669, 672, 675, 678, 681, 684,
    687, 690, 693, 696, 699, 702, 705, 708, 711, 714, 717, 720, 723, 726, 729,
    732, 735, 738, 741, 744, 745, 748, 751, 754, 757, 760, 763, 766, 769, 772,
    775, 778, 781, 784, 787, 790, 793, 796, 799, 802, 805, 808, 811, 814, 817,
    818, 821, 824, 827, 830, 833, 836, 839, 842, 845, 848, 851, 854, 857, 860,
    863, 864, 867, 870, 873, 876, 879, 882, 885, 888, 891, 894, 897, 898, 901,
    904, 907, 910, 913, 916, 919, 922, 923, 926, 929, 932, 935, 938, 941, 944,
    947, 950, 953, 956, 959, 962, 965, 968, 971, 974, 977, 980, 983, 984, 987,
    990, 993, 996, 999, 1002, 1005, 1008, 1011, 1014
[1] 2, 6, 9, 12, 16, 19, 22, 26, 29, 32, 35, 38, 41, 44, 47, 50, 54, 58, 62,
    66, 69, 72, 76, 79, 82, 85, 88, 91, 94, 97, 100, 103, 106, 109, 112, 116,
    119, 122, 125, 128, 131, 135, 138, 141, 144, 148, 151, 154, 157, 160, 163,
    167, 170, 173, 177, 180, 183, 186, 189, 192, 196, 200, 203, 206, 210, 213,
    216, 219, 222, 225, 228, 231, 234, 237, 241, 245, 248, 251, 254, 257, 260,
    263, 266, 269, 273, 276, 279, 282, 285, 288, 291, 294, 297, 300, 303, 306,
    309, 312, 315, 318, 321, 324, 327, 330, 333, 336, 339, 342, 345, 348, 351,
    354, 357, 360, 364, 367, 370, 373, 376, 379, 382, 385, 388, 391, 394, 397,
    400, 403, 406, 409, 412, 415, 418, 421, 425, 428, 431, 434, 437, 440, 443,
    446, 449, 452, 455, 458, 461, 464, 467, 470, 473, 476, 479, 482, 485, 488,
    491, 494, 497, 501, 504, 508, 511, 514, 518, 521, 524, 527, 530, 533, 536,
    539, 542, 545, 548, 551, 554, 557, 560, 563, 566, 570, 573, 577, 580, 583,
    586, 589, 592, 595, 598, 601, 604, 607, 610, 613, 616, 619, 622, 625, 628,
    631, 635, 638, 641, 644, 647, 650, 653, 656, 659, 662, 665, 668, 671, 674,
    677, 680, 683, 686, 689, 692, 695, 698, 701, 704, 707, 710, 713, 716, 719,
    722, 725, 728, 731, 734, 737, 740, 743, 747, 750, 753, 756, 759, 762, 765,
    768, 771, 774, 777, 780, 783, 786, 789, 792, 795, 798, 801, 804, 807, 810,
    813, 816, 820, 823, 826, 829, 832, 835, 838, 841, 844, 847, 850, 853, 856,
    859, 862, 866, 869, 872, 875, 878, 881, 884, 887, 890, 893, 896, 900, 903,
    906, 909, 912, 915, 918, 921, 925, 928, 931, 934, 937, 940, 943, 946, 949,
    952, 955, 958, 961, 964, 967, 970, 973, 976, 979, 982, 986, 989, 992, 995,
    998, 1001, 1004, 1007, 1010, 1013, 1016
[2] 1, 5, 8, 11, 15, 18, 21, 25, 28, 31, 34, 37, 40, 43, 46, 49, 53, 57, 61,
    65, 68, 71, 75, 78, 81, 84, 87, 90, 93, 96, 99, 102, 105, 108, 111, 115,
    118, 121, 124, 127, 130, 134, 137, 140, 143, 147, 150, 153, 156, 159, 162,
    166, 169, 172, 176, 179, 182, 185, 188, 191, 195, 199, 202, 205, 209, 212,
    215, 218, 221, 224, 227, 230, 233, 236, 240, 244, 247, 250, 253, 256, 259,
    262, 265, 268, 272, 275, 278, 281, 284, 287, 290, 293, 296, 299, 302, 305,
    308, 311, 314, 317, 320, 323, 326, 329, 332, 335, 338, 341, 344, 347, 350,
    353, 356, 359, 363, 366, 369, 372, 375, 378, 381, 384, 387, 390, 393, 396,
    399, 402, 405, 408, 411, 414, 417, 420, 424, 427, 430, 433, 436, 439, 442,
    445, 448, 451, 454, 457, 460, 463, 466, 469, 472, 475, 478, 481, 484, 487,
    490, 493, 496, 500, 503, 507, 510, 513, 517, 520, 523, 526, 529, 532, 535,
    538, 541, 544, 547, 550, 553, 556, 559, 562, 565, 569, 572, 576, 579, 582,
    585, 588, 591, 594, 597, 600, 603, 606, 609, 612, 615, 618, 621, 624, 627,
    630, 634, 637, 640, 643, 646, 649, 652, 655, 658, 661, 664, 667, 670, 673,
    676, 679, 682, 685, 688, 691, 694, 697, 700, 703, 706, 709, 712, 715, 718,
    721, 724, 727, 730, 733, 736, 739, 742, 746, 749, 752, 755, 758, 761, 764,
    767, 770, 773, 776, 779, 782, 785, 788, 791, 794, 797, 800, 803, 806, 809,
    812, 815, 819, 822, 825, 828, 831, 834, 837, 840, 843, 846, 849, 852, 855,
    858, 861, 865, 868, 871, 874, 877, 880, 883, 886, 889, 892, 895, 899, 902,
    905, 908, 911, 914, 917, 920, 924, 927, 930, 933, 936, 939, 942, 945, 948,
    951, 954, 957, 960, 963, 966, 969, 972, 975, 978, 981, 985, 988, 991, 994,
    997, 1000, 1003, 1006, 1009, 1012, 1015

Reassigned labels

Runtime: 0.8407638072967529

Performance split_log:

IM without threshold:
Map:
{"A_0": "A", "A_1": "A", "A_2": "A"}
token_fitness
{"perc_fit_traces": 0.0, "average_trace_fitness": 0.8039109202487995, "log_fitness": 0.8070887304229486, "percentage_of_fitting_traces": 0.0}
precision
0.9997942175120897
0.7435897435897437
generalization
0.7238120551491439

Adjusted Rand Index:
0.9521114928149994



Parameters of this run:

Window size: 5
Threshold for edges: 0.75
Split candidates: A
Max number of traces: 5000000
Method for distance calculation: Distance.EDIT_DISTANCE
Method for finding clusters: ClusteringMethod.COMMUNITY_DETECTION
Original log location: ./data/noImprInLoop_default_OD\feb17-0936\logs\E_1_LogD_Sequence_feb17-0936.xes.gz
Use frequency: True

Found communities: 

Clustering with 1017 elements and 9 clusters
[0] 8, 11, 18, 28, 31, 34, 43, 68, 81, 87, 90, 93, 96, 99, 108, 111, 118, 121,
    127, 137, 143, 150, 153, 156, 159, 162, 169, 185, 191, 205, 215, 221, 227,
    230, 236, 247, 256, 259, 262, 265, 268, 275, 278, 281, 284, 290, 293, 299,
    302, 305, 317, 320, 323, 326, 332, 335, 341, 344, 347, 350, 356, 359, 366,
    369, 372, 375, 378, 381, 387, 390, 393, 396, 402, 405, 408, 411, 414, 417,
    430, 433, 439, 442, 448, 451, 457, 463, 466, 469, 472, 475, 478, 481, 484,
    487, 490, 493, 496, 503, 510, 513, 520, 523, 526, 529, 532, 535, 538, 541,
    544, 550, 553, 556, 559, 562, 565, 572, 579, 582, 591, 594, 597, 600, 606,
    612, 618, 621, 624, 627, 637, 640, 643, 646, 649, 652, 655, 658, 664, 667,
    670, 676, 682, 685, 688, 691, 697, 700, 703, 706, 709, 715, 718, 721, 724,
    727, 730, 733, 736, 739, 742, 749, 752, 755, 758, 761, 767, 770, 773, 776,
    779, 782, 785, 788, 791, 794, 797, 800, 803, 806, 815, 822, 828, 831, 834,
    837, 840, 843, 846, 849, 852, 855, 858, 861, 874, 877, 880, 883, 886, 889,
    892, 895, 902, 905, 908, 914, 917, 920, 927, 930, 933, 936, 939, 942, 945,
    948, 951, 954, 957, 960, 963, 966, 969, 972, 975, 978, 981, 988, 991, 994,
    997, 1000, 1003, 1006, 1009, 1015
[1] 7, 10, 17, 27, 30, 33, 42, 67, 80, 86, 89, 92, 95, 98, 107, 110, 117, 120,
    126, 136, 142, 149, 152, 155, 158, 161, 168, 184, 190, 204, 214, 220, 226,
    229, 235, 246, 255, 258, 261, 264, 267, 274, 277, 280, 283, 289, 292, 298,
    301, 304, 316, 319, 322, 325, 331, 334, 340, 343, 346, 349, 355, 358, 365,
    368, 371, 374, 377, 380, 386, 389, 392, 395, 401, 404, 407, 410, 413, 416,
    429, 432, 438, 441, 447, 450, 456, 462, 465, 468, 471, 474, 477, 480, 483,
    486, 489, 492, 495, 502, 509, 512, 519, 522, 525, 528, 531, 534, 537, 540,
    543, 549, 552, 555, 558, 561, 564, 571, 578, 581, 590, 593, 596, 599, 605,
    611, 617, 620, 623, 626, 636, 639, 642, 645, 648, 651, 654, 657, 663, 666,
    669, 675, 681, 684, 687, 690, 696, 699, 702, 705, 708, 714, 717, 720, 723,
    726, 729, 732, 735, 738, 741, 748, 751, 754, 757, 760, 766, 769, 772, 775,
    778, 781, 784, 787, 790, 793, 796, 799, 802, 805, 814, 821, 827, 830, 833,
    836, 839, 842, 845, 848, 851, 854, 857, 860, 873, 876, 879, 882, 885, 888,
    891, 894, 901, 904, 907, 913, 916, 919, 926, 929, 932, 935, 938, 941, 944,
    947, 950, 953, 956, 959, 962, 965, 968, 971, 974, 977, 980, 987, 990, 993,
    996, 999, 1002, 1005, 1008, 1014
[2] 2, 6, 9, 12, 16, 19, 26, 29, 35, 38, 41, 54, 62, 66, 79, 82, 85, 88, 91,
    97, 100, 103, 106, 116, 119, 122, 125, 131, 144, 148, 151, 154, 157, 160,
    163, 167, 173, 180, 186, 189, 196, 200, 203, 206, 210, 213, 219, 225, 231,
    234, 245, 251, 257, 260, 263, 276, 279, 285, 291, 297, 300, 303, 306, 309,
    318, 324, 327, 330, 333, 336, 339, 348, 351, 360, 364, 367, 373, 376, 379,
    385, 391, 394, 400, 403, 409, 412, 418, 421, 428, 431, 434, 437, 440, 446,
    449, 452, 455, 461, 464, 470, 473, 479, 482, 485, 488, 491, 497, 504, 508,
    511, 514, 518, 521, 530, 539, 542, 545, 548, 551, 554, 557, 566, 573, 577,
    580, 583, 589, 592, 595, 598, 616, 619, 622, 625, 635, 638, 641, 644, 650,
    653, 659, 662, 665, 674, 677, 680, 683, 686, 689, 692, 695, 698, 701, 704,
    707, 710, 713, 716, 719, 722, 725, 731, 734, 737, 740, 743, 747, 750, 759,
    762, 765, 768, 771, 774, 789, 792, 801, 804, 807, 810, 813, 823, 829, 832,
    835, 838, 841, 844, 853, 856, 859, 862, 872, 875, 881, 884, 887, 893, 896,
    900, 903, 906, 909, 912, 925, 928, 937, 940, 943, 949, 952, 955, 958, 961,
    964, 967, 970, 976, 982, 986, 992, 998, 1001, 1007, 1010, 1013, 1016
[3] 1, 5, 15, 21, 25, 37, 40, 46, 49, 53, 57, 61, 65, 71, 75, 78, 84, 102,
    105, 115, 124, 130, 134, 140, 147, 166, 172, 176, 179, 182, 188, 195, 199,
    202, 209, 212, 218, 224, 233, 240, 244, 250, 253, 272, 287, 296, 308, 311,
    314, 329, 338, 353, 363, 384, 399, 420, 424, 427, 436, 445, 454, 460, 500,
    507, 517, 547, 569, 576, 585, 588, 603, 609, 615, 630, 634, 661, 673, 679,
    694, 712, 746, 764, 809, 812, 819, 825, 865, 868, 871, 899, 911, 924, 985,
    1012
[4] 22, 32, 44, 58, 69, 72, 76, 94, 109, 128, 138, 141, 170, 177, 192, 216,
    222, 237, 248, 266, 269, 288, 294, 312, 342, 345, 354, 357, 370, 382, 388,
    397, 406, 415, 443, 458, 467, 476, 494, 501, 524, 527, 533, 536, 560, 563,
    586, 601, 610, 647, 656, 668, 728, 756, 780, 783, 786, 795, 798, 816, 847,
    869, 878, 890, 915, 918, 921, 931, 934, 946
[5] 0, 4, 14, 20, 24, 36, 48, 52, 56, 60, 64, 70, 74, 83, 101, 104, 114, 123,
    129, 133, 139, 146, 165, 171, 175, 178, 181, 187, 194, 198, 201, 208, 217,
    239, 243, 249, 252, 271, 286, 307, 313, 362, 383, 398, 423, 435, 444, 453,
    459, 499, 506, 516, 568, 575, 602, 633, 672, 745, 818, 824, 864, 870, 898,
    923, 984
[6] 3, 13, 23, 51, 55, 59, 63, 73, 113, 132, 145, 164, 174, 193, 197, 207,
    238, 242, 270, 361, 422, 498, 505, 515, 567, 574, 632, 744, 817, 863, 897,
    922, 983
[7] 47, 50, 112, 135, 183, 228, 241, 254, 273, 282, 315, 321, 425, 570, 604,
    607, 613, 628, 631, 671, 753, 777, 820, 826, 850, 866, 973, 979, 989, 995,
    1004
[8] 39, 45, 77, 211, 223, 232, 295, 310, 328, 337, 352, 419, 426, 546, 584,
    587, 608, 614, 629, 660, 678, 693, 711, 763, 808, 811, 867, 910, 1011

Reassigned labels

Runtime: 0.8339142799377441

Performance split_log:

IM without threshold:
Map:
{"A_0": "A", "A_1": "A", "A_2": "A", "A_3": "A", "A_4": "A", "A_5": "A", "A_6": "A", "A_7": "A", "A_8": "A"}
token_fitness
{"perc_fit_traces": 48.0, "average_trace_fitness": 0.961255977070233, "log_fitness": 0.9626217389973944, "percentage_of_fitting_traces": 48.0}
precision
0.9303200561854119
0.7142857142857143
generalization
0.8999664009918393

Adjusted Rand Index:
0.6492333096617311



Parameters of this run:

Window size: 5
Threshold for edges: 1
Split candidates: A
Max number of traces: 5000000
Method for distance calculation: Distance.EDIT_DISTANCE
Method for finding clusters: ClusteringMethod.COMMUNITY_DETECTION
Original log location: ./data/noImprInLoop_default_OD\feb17-0936\logs\E_1_LogD_Sequence_feb17-0936.xes.gz
Use frequency: True

Found communities: 

Clustering with 1017 elements and 128 clusters
[  0] 6, 12, 29, 35, 85, 144, 154, 163, 213, 376, 403, 409, 418, 428, 482,
      719, 722, 807, 832, 853, 961, 992, 1007
[  1] 16, 125, 173, 186, 206, 210, 245, 446, 461, 598, 622, 635, 644, 650,
      704, 710, 731, 835, 875, 884, 958, 1010, 1013
[  2] 203, 234, 251, 364, 391, 455, 504, 511, 566, 577, 638, 662, 689, 747,
      774, 801, 804, 862, 872, 896, 912, 970, 976
[  3] 2, 9, 157, 167, 297, 300, 324, 336, 431, 491, 521, 542, 583, 589, 595,
      692, 743, 792, 844, 893, 1016
[  4] 66, 79, 82, 100, 119, 122, 131, 351, 449, 470, 514, 551, 557, 641, 677,
      765, 789, 823, 881, 909, 964
[  5] 44, 72, 177, 222, 269, 345, 354, 357, 476, 494, 524, 560, 610, 647, 668,
      786, 795, 816, 890, 934
[  6] 32, 76, 94, 128, 138, 216, 237, 288, 294, 312, 388, 406, 415, 458, 527,
      536, 783, 931
[  7] 22, 69, 109, 248, 266, 370, 397, 501, 656, 756, 780, 798, 847, 869, 878,
      915, 918
[  8] 26, 88, 106, 151, 263, 285, 339, 348, 379, 479, 625, 707, 740, 768, 838,
      906, 955
[  9] 62, 196, 306, 385, 394, 400, 437, 508, 539, 674, 750, 771, 810, 900,
      925, 949, 952
[ 10] 3, 23, 55, 59, 73, 113, 145, 193, 207, 242, 270, 361, 422, 515, 567,
      574, 897
[ 11] 4, 24, 56, 60, 74, 114, 146, 194, 208, 243, 271, 362, 423, 516, 568,
      575, 898
[ 12] 5, 25, 57, 61, 75, 115, 147, 195, 209, 244, 272, 363, 424, 517, 569,
      576, 899
[ 13] 0, 20, 48, 70, 101, 129, 171, 187, 201, 252, 307, 398, 435, 453, 459,
      602, 824
[ 14] 1, 21, 49, 71, 102, 130, 172, 188, 202, 253, 308, 399, 436, 454, 460,
      603, 825
[ 15] 19, 38, 148, 225, 231, 303, 318, 367, 412, 485, 701, 713, 716, 829, 841,
      887, 943
[ 16] 103, 219, 276, 330, 373, 421, 452, 497, 518, 545, 548, 592, 653, 686,
      698, 986, 1001
[ 17] 45, 77, 295, 328, 352, 587, 608, 614, 629, 678, 693, 763, 808, 811, 867,
      910, 1011
[ 18] 54, 257, 279, 291, 309, 360, 440, 464, 659, 665, 680, 725, 759, 762,
      813, 856, 903
[ 19] 46, 78, 296, 329, 353, 588, 609, 615, 630, 679, 694, 764, 809, 812, 868,
      911, 1012
[ 20] 13, 51, 63, 132, 164, 174, 197, 238, 498, 505, 632, 744, 817, 863, 922,
      983
[ 21] 41, 91, 116, 180, 434, 473, 530, 573, 619, 734, 737, 859, 928, 940, 967,
      998
[ 22] 14, 52, 64, 133, 165, 175, 198, 239, 499, 506, 633, 745, 818, 864, 923,
      984
[ 23] 15, 53, 65, 134, 166, 176, 199, 240, 500, 507, 634, 746, 819, 865, 924,
      985
[ 24] 47, 50, 112, 183, 228, 241, 273, 321, 425, 604, 671, 777, 820, 850, 973,
      989
[ 25] 36, 83, 104, 123, 139, 178, 181, 217, 249, 286, 313, 383, 444, 672, 870
[ 26] 37, 84, 105, 124, 140, 179, 182, 218, 250, 287, 314, 384, 445, 673, 871
[ 27] 58, 141, 170, 192, 342, 382, 443, 467, 533, 563, 586, 601, 728, 921, 946
[ 28] 97, 160, 189, 200, 260, 327, 333, 488, 554, 580, 616, 683, 695, 937, 982
[ 29] 135, 254, 282, 315, 570, 607, 613, 628, 631, 753, 826, 866, 979, 995,
      1004
[ 30] 39, 211, 223, 232, 310, 337, 419, 426, 546, 584, 660, 711
[ 31] 40, 212, 224, 233, 311, 338, 420, 427, 547, 585, 661, 712
[ 32] 96, 541, 565, 597, 755, 933, 963, 994
[ 33] 80, 155, 304, 331, 492, 642, 751, 916
[ 34] 81, 156, 305, 332, 493, 643, 752, 917
[ 35] 95, 540, 564, 596, 754, 932, 962, 993
[ 36] 17, 30, 89, 340, 346, 407, 729
[ 37] 281, 451, 490, 523, 773, 788, 1009
[ 38] 117, 298, 462, 666, 702, 971, 977
[ 39] 118, 299, 463, 667, 703, 972, 978
[ 40] 18, 31, 90, 341, 347, 408, 730
[ 41] 465, 509, 534, 617, 717, 827, 953
[ 42] 487, 520, 664, 676, 849, 889, 895
[ 43] 486, 519, 663, 675, 848, 888, 894
[ 44] 466, 510, 535, 618, 718, 828, 954
[ 45] 280, 450, 489, 522, 772, 787, 1008
[ 46] 67, 474, 657, 799, 821, 891
[ 47] 98, 429, 495, 558, 845, 935
[ 48] 99, 430, 496, 559, 846, 936
[ 49] 120, 334, 578, 648, 757, 956
[ 50] 121, 335, 579, 649, 758, 957
[ 51] 142, 365, 404, 611, 944, 965
[ 52] 149, 292, 374, 483, 561, 857
[ 53] 152, 229, 235, 531, 974, 999
[ 54] 153, 230, 236, 532, 975, 1000
[ 55] 220, 255, 319, 748, 913, 968
[ 56] 143, 366, 405, 612, 945, 966
[ 57] 150, 293, 375, 484, 562, 858
[ 58] 377, 413, 471, 480, 626, 941
[ 59] 447, 552, 690, 760, 814, 1002
[ 60] 378, 414, 472, 481, 627, 942
[ 61] 68, 475, 658, 800, 822, 892
[ 62] 204, 386, 735, 738, 775, 830
[ 63] 205, 387, 736, 739, 776, 831
[ 64] 221, 256, 320, 749, 914, 969
[ 65] 448, 553, 691, 761, 815, 1003
[ 66] 127, 670, 685, 697, 883
[ 67] 137, 688, 886, 927, 991
[ 68] 184, 349, 368, 605, 1014
[ 69] 185, 350, 369, 606, 1015
[ 70] 215, 381, 433, 905, 1006
[ 71] 259, 268, 550, 861, 877
[ 72] 265, 390, 874, 908, 988
[ 73] 258, 267, 549, 860, 876
[ 74] 283, 543, 781, 802, 919
[ 75] 284, 544, 782, 803, 920
[ 76] 214, 380, 432, 904, 1005
[ 77] 161, 477, 537, 599, 714
[ 78] 190, 301, 528, 720, 769
[ 79] 191, 302, 529, 721, 770
[ 80] 162, 478, 538, 600, 715
[ 81] 126, 669, 684, 696, 882
[ 82] 136, 687, 885, 926, 990
[ 83] 416, 525, 651, 705, 732
[ 84] 417, 526, 652, 706, 733
[ 85] 401, 441, 699, 766, 938
[ 86] 402, 442, 700, 767, 939
[ 87] 264, 389, 873, 907, 987
[ 88] 7, 778, 793, 901
[ 89] 27, 571, 839, 929
[ 90] 28, 572, 840, 930
[ 91] 33, 86, 92, 226
[ 92] 34, 87, 93, 227
[ 93] 158, 581, 723, 879
[ 94] 159, 582, 724, 880
[ 95] 168, 833, 947, 959
[ 96] 169, 834, 948, 960
[ 97] 247, 356, 439, 594
[ 98] 108, 323, 326, 855
[ 99] 107, 322, 325, 854
[100] 246, 355, 438, 593
[101] 110, 371, 851, 950
[102] 111, 372, 852, 951
[103] 261, 274, 392, 456
[104] 262, 275, 393, 457
[105] 468, 708, 784, 796
[106] 469, 709, 785, 797
[107] 639, 645, 654, 741
[108] 640, 646, 655, 742
[109] 316, 502, 623, 726
[110] 317, 503, 624, 727
[111] 8, 779, 794, 902
[112] 11, 837, 997
[113] 42, 277, 790
[114] 43, 278, 791
[115] 289, 512, 620
[116] 359, 591, 682
[117] 290, 513, 621
[118] 358, 590, 681
[119] 10, 836, 996
[120] 343, 842, 980
[121] 344, 843, 981
[122] 395, 555
[123] 396, 556
[124] 636, 805
[125] 637, 806
[126] 410
[127] 411

Reassigned labels

Runtime: 0.7721245288848877

Performance split_log:

IM without threshold:
Map:
{"A_0": "A", "A_1": "A", "A_2": "A", "A_3": "A", "A_4": "A", "A_5": "A", "A_6": "A", "A_7": "A", "A_8": "A", "A_9": "A", "A_10": "A", "A_11": "A", "A_12": "A", "A_13": "A", "A_14": "A", "A_15": "A", "A_16": "A", "A_17": "A", "A_18": "A", "A_19": "A", "A_20": "A", "A_21": "A", "A_22": "A", "A_23": "A", "A_24": "A", "A_25": "A", "A_26": "A", "A_27": "A", "A_28": "A", "A_29": "A", "A_30": "A", "A_31": "A", "A_32": "A", "A_33": "A", "A_34": "A", "A_35": "A", "A_36": "A", "A_37": "A", "A_38": "A", "A_39": "A", "A_40": "A", "A_41": "A", "A_42": "A", "A_43": "A", "A_44": "A", "A_45": "A", "A_46": "A", "A_47": "A", "A_48": "A", "A_49": "A", "A_50": "A", "A_51": "A", "A_52": "A", "A_53": "A", "A_54": "A", "A_55": "A", "A_56": "A", "A_57": "A", "A_58": "A", "A_59": "A", "A_60": "A", "A_61": "A", "A_62": "A", "A_63": "A", "A_64": "A", "A_65": "A", "A_66": "A", "A_67": "A", "A_68": "A", "A_69": "A", "A_70": "A", "A_71": "A", "A_72": "A", "A_73": "A", "A_74": "A", "A_75": "A", "A_76": "A", "A_77": "A", "A_78": "A", "A_79": "A", "A_80": "A", "A_81": "A", "A_82": "A", "A_83": "A", "A_84": "A", "A_85": "A", "A_86": "A", "A_87": "A", "A_88": "A", "A_89": "A", "A_90": "A", "A_91": "A", "A_92": "A", "A_93": "A", "A_94": "A", "A_95": "A", "A_96": "A", "A_97": "A", "A_98": "A", "A_99": "A", "A_100": "A", "A_101": "A", "A_102": "A", "A_103": "A", "A_104": "A", "A_105": "A", "A_106": "A", "A_107": "A", "A_108": "A", "A_109": "A", "A_110": "A", "A_111": "A", "A_112": "A", "A_113": "A", "A_114": "A", "A_115": "A", "A_116": "A", "A_117": "A", "A_118": "A", "A_119": "A", "A_120": "A", "A_121": "A", "A_122": "A", "A_123": "A", "A_124": "A", "A_125": "A", "A_126": "A", "A_127": "A"}
token_fitness
{"perc_fit_traces": 21.4, "average_trace_fitness": 0.9120587003068438, "log_fitness": 0.9068845079249679, "percentage_of_fitting_traces": 21.4}
precision
0.9989732356766376
0.6450704225352112
generalization
0.2149436975428044

Adjusted Rand Index:
0.14338946855254384



Parameters of this run:

Window size: 5
Threshold for edges: 0
Split candidates: A
Max number of traces: 5000000
Method for distance calculation: Distance.SET_DISTANCE
Method for finding clusters: ClusteringMethod.COMMUNITY_DETECTION
Original log location: ./data/noImprInLoop_default_OD\feb17-0936\logs\E_1_LogD_Sequence_feb17-0936.xes.gz
Use frequency: True

Found communities: 

Clustering with 1017 elements and 3 clusters
[0] 7, 8, 10, 11, 17, 18, 27, 28, 30, 31, 33, 34, 42, 43, 67, 68, 80, 81, 86,
    87, 89, 90, 92, 93, 95, 96, 98, 99, 107, 108, 110, 111, 117, 118, 120,
    121, 126, 127, 136, 137, 142, 143, 149, 150, 152, 153, 155, 156, 158, 159,
    161, 162, 168, 169, 184, 185, 190, 191, 204, 205, 214, 215, 220, 221, 226,
    227, 229, 230, 235, 236, 246, 247, 255, 256, 258, 259, 261, 262, 264, 265,
    267, 268, 274, 275, 277, 278, 280, 281, 283, 284, 289, 290, 292, 293, 298,
    299, 301, 302, 304, 305, 316, 317, 319, 320, 322, 323, 325, 326, 331, 332,
    334, 335, 340, 341, 343, 344, 346, 347, 349, 350, 355, 356, 358, 359, 365,
    366, 368, 369, 371, 372, 374, 375, 377, 378, 380, 381, 386, 387, 389, 390,
    392, 393, 395, 396, 401, 402, 404, 405, 407, 408, 410, 411, 413, 414, 416,
    417, 429, 430, 432, 433, 438, 439, 441, 442, 447, 448, 450, 451, 456, 457,
    462, 463, 465, 466, 468, 469, 471, 472, 474, 475, 477, 478, 480, 481, 483,
    484, 486, 487, 489, 490, 492, 493, 495, 496, 502, 503, 509, 510, 512, 513,
    519, 520, 522, 523, 525, 526, 528, 529, 531, 532, 534, 535, 537, 538, 540,
    541, 543, 544, 549, 550, 552, 553, 555, 556, 558, 559, 561, 562, 564, 565,
    571, 572, 578, 579, 581, 582, 590, 591, 593, 594, 596, 597, 599, 600, 605,
    606, 611, 612, 617, 618, 620, 621, 623, 624, 626, 627, 636, 637, 639, 640,
    642, 643, 645, 646, 648, 649, 651, 652, 654, 655, 657, 658, 663, 664, 666,
    667, 669, 670, 675, 676, 681, 682, 684, 685, 687, 688, 690, 691, 696, 697,
    699, 700, 702, 703, 705, 706, 708, 709, 714, 715, 717, 718, 720, 721, 723,
    724, 726, 727, 729, 730, 732, 733, 735, 736, 738, 739, 741, 742, 748, 749,
    751, 752, 754, 755, 757, 758, 760, 761, 766, 767, 769, 770, 772, 773, 775,
    776, 778, 779, 781, 782, 784, 785, 787, 788, 790, 791, 793, 794, 796, 797,
    799, 800, 802, 803, 805, 806, 814, 815, 821, 822, 827, 828, 830, 831, 833,
    834, 836, 837, 839, 840, 842, 843, 845, 846, 848, 849, 851, 852, 854, 855,
    857, 858, 860, 861, 873, 874, 876, 877, 879, 880, 882, 883, 885, 886, 888,
    889, 891, 892, 894, 895, 901, 902, 904, 905, 907, 908, 913, 914, 916, 917,
    919, 920, 926, 927, 929, 930, 932, 933, 935, 936, 938, 939, 941, 942, 944,
    945, 947, 948, 950, 951, 953, 954, 956, 957, 959, 960, 962, 963, 965, 966,
    968, 969, 971, 972, 974, 975, 977, 978, 980, 981, 987, 988, 990, 991, 993,
    994, 996, 997, 999, 1000, 1002, 1003, 1005, 1006, 1008, 1009, 1014, 1015
[1] 2, 6, 9, 12, 16, 19, 22, 26, 29, 32, 35, 38, 41, 44, 47, 50, 54, 58, 62,
    66, 69, 72, 76, 79, 82, 85, 88, 91, 94, 97, 100, 103, 106, 109, 112, 116,
    119, 122, 125, 128, 131, 135, 138, 141, 144, 148, 151, 154, 157, 160, 163,
    167, 170, 173, 177, 180, 183, 186, 189, 192, 196, 200, 203, 206, 210, 213,
    216, 219, 222, 225, 228, 231, 234, 237, 241, 245, 248, 251, 254, 257, 260,
    263, 266, 269, 273, 276, 279, 282, 285, 288, 291, 294, 297, 300, 303, 306,
    309, 312, 315, 318, 321, 324, 327, 330, 333, 336, 339, 342, 345, 348, 351,
    354, 357, 360, 364, 367, 370, 373, 376, 379, 382, 385, 388, 391, 394, 397,
    400, 403, 406, 409, 412, 415, 418, 421, 425, 428, 431, 434, 437, 440, 443,
    446, 449, 452, 455, 458, 461, 464, 467, 470, 473, 476, 479, 482, 485, 488,
    491, 494, 497, 501, 504, 508, 511, 514, 518, 521, 524, 527, 530, 533, 536,
    539, 542, 545, 548, 551, 554, 557, 560, 563, 566, 570, 573, 577, 580, 583,
    586, 589, 592, 595, 598, 601, 604, 607, 610, 613, 616, 619, 622, 625, 628,
    631, 635, 638, 641, 644, 647, 650, 653, 656, 659, 662, 665, 668, 671, 674,
    677, 680, 683, 686, 689, 692, 695, 698, 701, 704, 707, 710, 713, 716, 719,
    722, 725, 728, 731, 734, 737, 740, 743, 747, 750, 753, 756, 759, 762, 765,
    768, 771, 774, 777, 780, 783, 786, 789, 792, 795, 798, 801, 804, 807, 810,
    813, 816, 820, 823, 826, 829, 832, 835, 838, 841, 844, 847, 850, 853, 856,
    859, 862, 866, 869, 872, 875, 878, 881, 884, 887, 890, 893, 896, 900, 903,
    906, 909, 912, 915, 918, 921, 925, 928, 931, 934, 937, 940, 943, 946, 949,
    952, 955, 958, 961, 964, 967, 970, 973, 976, 979, 982, 986, 989, 992, 995,
    998, 1001, 1004, 1007, 1010, 1013, 1016
[2] 0, 1, 3, 4, 5, 13, 14, 15, 20, 21, 23, 24, 25, 36, 37, 39, 40, 45, 46, 48,
    49, 51, 52, 53, 55, 56, 57, 59, 60, 61, 63, 64, 65, 70, 71, 73, 74, 75,
    77, 78, 83, 84, 101, 102, 104, 105, 113, 114, 115, 123, 124, 129, 130,
    132, 133, 134, 139, 140, 145, 146, 147, 164, 165, 166, 171, 172, 174, 175,
    176, 178, 179, 181, 182, 187, 188, 193, 194, 195, 197, 198, 199, 201, 202,
    207, 208, 209, 211, 212, 217, 218, 223, 224, 232, 233, 238, 239, 240, 242,
    243, 244, 249, 250, 252, 253, 270, 271, 272, 286, 287, 295, 296, 307, 308,
    310, 311, 313, 314, 328, 329, 337, 338, 352, 353, 361, 362, 363, 383, 384,
    398, 399, 419, 420, 422, 423, 424, 426, 427, 435, 436, 444, 445, 453, 454,
    459, 460, 498, 499, 500, 505, 506, 507, 515, 516, 517, 546, 547, 567, 568,
    569, 574, 575, 576, 584, 585, 587, 588, 602, 603, 608, 609, 614, 615, 629,
    630, 632, 633, 634, 660, 661, 672, 673, 678, 679, 693, 694, 711, 712, 744,
    745, 746, 763, 764, 808, 809, 811, 812, 817, 818, 819, 824, 825, 863, 864,
    865, 867, 868, 870, 871, 897, 898, 899, 910, 911, 922, 923, 924, 983, 984,
    985, 1011, 1012

Reassigned labels

Runtime: 0.9328751564025879

Performance split_log:

IM without threshold:
Map:
{"A_0": "A", "A_1": "A", "A_2": "A"}
token_fitness
{"perc_fit_traces": 24.3, "average_trace_fitness": 0.9246076907749885, "log_fitness": 0.932063167874452, "percentage_of_fitting_traces": 24.3}
precision
0.9220701963117193
0.7471264367816092
generalization
0.7815928587766153

Adjusted Rand Index:
0.508782060880252



Parameters of this run:

Window size: 5
Threshold for edges: 0.25
Split candidates: A
Max number of traces: 5000000
Method for distance calculation: Distance.SET_DISTANCE
Method for finding clusters: ClusteringMethod.COMMUNITY_DETECTION
Original log location: ./data/noImprInLoop_default_OD\feb17-0936\logs\E_1_LogD_Sequence_feb17-0936.xes.gz
Use frequency: True

Found communities: 

Clustering with 1017 elements and 3 clusters
[0] 7, 8, 10, 11, 17, 18, 27, 28, 30, 31, 33, 34, 42, 43, 67, 68, 80, 81, 86,
    87, 89, 90, 92, 93, 95, 96, 98, 99, 107, 108, 110, 111, 117, 118, 120,
    121, 126, 127, 136, 137, 142, 143, 149, 150, 152, 153, 155, 156, 158, 159,
    161, 162, 168, 169, 184, 185, 190, 191, 204, 205, 214, 215, 220, 221, 226,
    227, 229, 230, 235, 236, 246, 247, 255, 256, 258, 259, 261, 262, 264, 265,
    267, 268, 274, 275, 277, 278, 280, 281, 283, 284, 289, 290, 292, 293, 298,
    299, 301, 302, 304, 305, 316, 317, 319, 320, 322, 323, 325, 326, 331, 332,
    334, 335, 340, 341, 343, 344, 346, 347, 349, 350, 355, 356, 358, 359, 365,
    366, 368, 369, 371, 372, 374, 375, 377, 378, 380, 381, 386, 387, 389, 390,
    392, 393, 395, 396, 401, 402, 404, 405, 407, 408, 410, 411, 413, 414, 416,
    417, 429, 430, 432, 433, 438, 439, 441, 442, 447, 448, 450, 451, 456, 457,
    462, 463, 465, 466, 468, 469, 471, 472, 474, 475, 477, 478, 480, 481, 483,
    484, 486, 487, 489, 490, 492, 493, 495, 496, 502, 503, 509, 510, 512, 513,
    519, 520, 522, 523, 525, 526, 528, 529, 531, 532, 534, 535, 537, 538, 540,
    541, 543, 544, 549, 550, 552, 553, 555, 556, 558, 559, 561, 562, 564, 565,
    571, 572, 578, 579, 581, 582, 590, 591, 593, 594, 596, 597, 599, 600, 605,
    606, 611, 612, 617, 618, 620, 621, 623, 624, 626, 627, 636, 637, 639, 640,
    642, 643, 645, 646, 648, 649, 651, 652, 654, 655, 657, 658, 663, 664, 666,
    667, 669, 670, 675, 676, 681, 682, 684, 685, 687, 688, 690, 691, 696, 697,
    699, 700, 702, 703, 705, 706, 708, 709, 714, 715, 717, 718, 720, 721, 723,
    724, 726, 727, 729, 730, 732, 733, 735, 736, 738, 739, 741, 742, 748, 749,
    751, 752, 754, 755, 757, 758, 760, 761, 766, 767, 769, 770, 772, 773, 775,
    776, 778, 779, 781, 782, 784, 785, 787, 788, 790, 791, 793, 794, 796, 797,
    799, 800, 802, 803, 805, 806, 814, 815, 821, 822, 827, 828, 830, 831, 833,
    834, 836, 837, 839, 840, 842, 843, 845, 846, 848, 849, 851, 852, 854, 855,
    857, 858, 860, 861, 873, 874, 876, 877, 879, 880, 882, 883, 885, 886, 888,
    889, 891, 892, 894, 895, 901, 902, 904, 905, 907, 908, 913, 914, 916, 917,
    919, 920, 926, 927, 929, 930, 932, 933, 935, 936, 938, 939, 941, 942, 944,
    945, 947, 948, 950, 951, 953, 954, 956, 957, 959, 960, 962, 963, 965, 966,
    968, 969, 971, 972, 974, 975, 977, 978, 980, 981, 987, 988, 990, 991, 993,
    994, 996, 997, 999, 1000, 1002, 1003, 1005, 1006, 1008, 1009, 1014, 1015
[1] 2, 6, 9, 12, 16, 19, 22, 26, 29, 32, 35, 38, 41, 44, 47, 50, 54, 58, 62,
    66, 69, 72, 76, 79, 82, 85, 88, 91, 94, 97, 100, 103, 106, 109, 112, 116,
    119, 122, 125, 128, 131, 135, 138, 141, 144, 148, 151, 154, 157, 160, 163,
    167, 170, 173, 177, 180, 183, 186, 189, 192, 196, 200, 203, 206, 210, 213,
    216, 219, 222, 225, 228, 231, 234, 237, 241, 245, 248, 251, 254, 257, 260,
    263, 266, 269, 273, 276, 279, 282, 285, 288, 291, 294, 297, 300, 303, 306,
    309, 312, 315, 318, 321, 324, 327, 330, 333, 336, 339, 342, 345, 348, 351,
    354, 357, 360, 364, 367, 370, 373, 376, 379, 382, 385, 388, 391, 394, 397,
    400, 403, 406, 409, 412, 415, 418, 421, 425, 428, 431, 434, 437, 440, 443,
    446, 449, 452, 455, 458, 461, 464, 467, 470, 473, 476, 479, 482, 485, 488,
    491, 494, 497, 501, 504, 508, 511, 514, 518, 521, 524, 527, 530, 533, 536,
    539, 542, 545, 548, 551, 554, 557, 560, 563, 566, 570, 573, 577, 580, 583,
    586, 589, 592, 595, 598, 601, 604, 607, 610, 613, 616, 619, 622, 625, 628,
    631, 635, 638, 641, 644, 647, 650, 653, 656, 659, 662, 665, 668, 671, 674,
    677, 680, 683, 686, 689, 692, 695, 698, 701, 704, 707, 710, 713, 716, 719,
    722, 725, 728, 731, 734, 737, 740, 743, 747, 750, 753, 756, 759, 762, 765,
    768, 771, 774, 777, 780, 783, 786, 789, 792, 795, 798, 801, 804, 807, 810,
    813, 816, 820, 823, 826, 829, 832, 835, 838, 841, 844, 847, 850, 853, 856,
    859, 862, 866, 869, 872, 875, 878, 881, 884, 887, 890, 893, 896, 900, 903,
    906, 909, 912, 915, 918, 921, 925, 928, 931, 934, 937, 940, 943, 946, 949,
    952, 955, 958, 961, 964, 967, 970, 973, 976, 979, 982, 986, 989, 992, 995,
    998, 1001, 1004, 1007, 1010, 1013, 1016
[2] 0, 1, 3, 4, 5, 13, 14, 15, 20, 21, 23, 24, 25, 36, 37, 39, 40, 45, 46, 48,
    49, 51, 52, 53, 55, 56, 57, 59, 60, 61, 63, 64, 65, 70, 71, 73, 74, 75,
    77, 78, 83, 84, 101, 102, 104, 105, 113, 114, 115, 123, 124, 129, 130,
    132, 133, 134, 139, 140, 145, 146, 147, 164, 165, 166, 171, 172, 174, 175,
    176, 178, 179, 181, 182, 187, 188, 193, 194, 195, 197, 198, 199, 201, 202,
    207, 208, 209, 211, 212, 217, 218, 223, 224, 232, 233, 238, 239, 240, 242,
    243, 244, 249, 250, 252, 253, 270, 271, 272, 286, 287, 295, 296, 307, 308,
    310, 311, 313, 314, 328, 329, 337, 338, 352, 353, 361, 362, 363, 383, 384,
    398, 399, 419, 420, 422, 423, 424, 426, 427, 435, 436, 444, 445, 453, 454,
    459, 460, 498, 499, 500, 505, 506, 507, 515, 516, 517, 546, 547, 567, 568,
    569, 574, 575, 576, 584, 585, 587, 588, 602, 603, 608, 609, 614, 615, 629,
    630, 632, 633, 634, 660, 661, 672, 673, 678, 679, 693, 694, 711, 712, 744,
    745, 746, 763, 764, 808, 809, 811, 812, 817, 818, 819, 824, 825, 863, 864,
    865, 867, 868, 870, 871, 897, 898, 899, 910, 911, 922, 923, 924, 983, 984,
    985, 1011, 1012

Reassigned labels

Runtime: 0.8592729568481445

Performance split_log:

IM without threshold:
Map:
{"A_0": "A", "A_1": "A", "A_2": "A"}
token_fitness
{"perc_fit_traces": 24.3, "average_trace_fitness": 0.9246076907749885, "log_fitness": 0.932063167874452, "percentage_of_fitting_traces": 24.3}
precision
0.9220701963117193
0.7471264367816092
generalization
0.7815928587766153

Adjusted Rand Index:
0.508782060880252



Parameters of this run:

Window size: 5
Threshold for edges: 0.5
Split candidates: A
Max number of traces: 5000000
Method for distance calculation: Distance.SET_DISTANCE
Method for finding clusters: ClusteringMethod.COMMUNITY_DETECTION
Original log location: ./data/noImprInLoop_default_OD\feb17-0936\logs\E_1_LogD_Sequence_feb17-0936.xes.gz
Use frequency: True

Found communities: 

Clustering with 1017 elements and 3 clusters
[0] 0, 3, 4, 5, 7, 10, 13, 14, 15, 17, 20, 23, 24, 25, 27, 30, 33, 36, 39, 42,
    45, 48, 51, 52, 53, 55, 56, 57, 59, 60, 61, 63, 64, 65, 67, 70, 73, 74,
    75, 77, 80, 83, 86, 89, 92, 95, 98, 101, 104, 107, 110, 113, 114, 115,
    117, 120, 123, 126, 129, 132, 133, 134, 136, 139, 142, 145, 146, 147, 149,
    152, 155, 158, 161, 164, 165, 166, 168, 171, 174, 175, 176, 178, 181, 184,
    187, 190, 193, 194, 195, 197, 198, 199, 201, 204, 207, 208, 209, 211, 214,
    217, 220, 223, 226, 229, 232, 235, 238, 239, 240, 242, 243, 244, 246, 249,
    252, 255, 258, 261, 264, 267, 270, 271, 272, 274, 277, 280, 283, 286, 289,
    292, 295, 298, 301, 304, 307, 310, 313, 316, 319, 322, 325, 328, 331, 334,
    337, 340, 343, 346, 349, 352, 355, 358, 361, 362, 363, 365, 368, 371, 374,
    377, 380, 383, 386, 389, 392, 395, 398, 401, 404, 407, 410, 413, 416, 419,
    422, 423, 424, 426, 429, 432, 435, 438, 441, 444, 447, 450, 453, 456, 459,
    462, 465, 468, 471, 474, 477, 480, 483, 486, 489, 492, 495, 498, 499, 500,
    502, 505, 506, 507, 509, 512, 515, 516, 517, 519, 522, 525, 528, 531, 534,
    537, 540, 543, 546, 549, 552, 555, 558, 561, 564, 567, 568, 569, 571, 574,
    575, 576, 578, 581, 584, 587, 590, 593, 596, 599, 602, 605, 608, 611, 614,
    617, 620, 623, 626, 629, 632, 633, 634, 636, 639, 642, 645, 648, 651, 654,
    657, 660, 663, 666, 669, 672, 675, 678, 681, 684, 687, 690, 693, 696, 699,
    702, 705, 708, 711, 714, 717, 720, 723, 726, 729, 732, 735, 738, 741, 744,
    745, 746, 748, 751, 754, 757, 760, 763, 766, 769, 772, 775, 778, 781, 784,
    787, 790, 793, 796, 799, 802, 805, 808, 811, 814, 817, 818, 819, 821, 824,
    827, 830, 833, 836, 839, 842, 845, 848, 851, 854, 857, 860, 863, 864, 865,
    867, 870, 873, 876, 879, 882, 885, 888, 891, 894, 897, 898, 899, 901, 904,
    907, 910, 913, 916, 919, 922, 923, 924, 926, 929, 932, 935, 938, 941, 944,
    947, 950, 953, 956, 959, 962, 965, 968, 971, 974, 977, 980, 983, 984, 985,
    987, 990, 993, 996, 999, 1002, 1005, 1008, 1011, 1014
[1] 2, 6, 9, 12, 16, 19, 22, 26, 29, 32, 35, 38, 41, 44, 47, 50, 54, 58, 62,
    66, 69, 72, 76, 79, 82, 85, 88, 91, 94, 97, 100, 103, 106, 109, 112, 116,
    119, 122, 125, 128, 131, 135, 138, 141, 144, 148, 151, 154, 157, 160, 163,
    167, 170, 173, 177, 180, 183, 186, 189, 192, 196, 200, 203, 206, 210, 213,
    216, 219, 222, 225, 228, 231, 234, 237, 241, 245, 248, 251, 254, 257, 260,
    263, 266, 269, 273, 276, 279, 282, 285, 288, 291, 294, 297, 300, 303, 306,
    309, 312, 315, 318, 321, 324, 327, 330, 333, 336, 339, 342, 345, 348, 351,
    354, 357, 360, 364, 367, 370, 373, 376, 379, 382, 385, 388, 391, 394, 397,
    400, 403, 406, 409, 412, 415, 418, 421, 425, 428, 431, 434, 437, 440, 443,
    446, 449, 452, 455, 458, 461, 464, 467, 470, 473, 476, 479, 482, 485, 488,
    491, 494, 497, 501, 504, 508, 511, 514, 518, 521, 524, 527, 530, 533, 536,
    539, 542, 545, 548, 551, 554, 557, 560, 563, 566, 570, 573, 577, 580, 583,
    586, 589, 592, 595, 598, 601, 604, 607, 610, 613, 616, 619, 622, 625, 628,
    631, 635, 638, 641, 644, 647, 650, 653, 656, 659, 662, 665, 668, 671, 674,
    677, 680, 683, 686, 689, 692, 695, 698, 701, 704, 707, 710, 713, 716, 719,
    722, 725, 728, 731, 734, 737, 740, 743, 747, 750, 753, 756, 759, 762, 765,
    768, 771, 774, 777, 780, 783, 786, 789, 792, 795, 798, 801, 804, 807, 810,
    813, 816, 820, 823, 826, 829, 832, 835, 838, 841, 844, 847, 850, 853, 856,
    859, 862, 866, 869, 872, 875, 878, 881, 884, 887, 890, 893, 896, 900, 903,
    906, 909, 912, 915, 918, 921, 925, 928, 931, 934, 937, 940, 943, 946, 949,
    952, 955, 958, 961, 964, 967, 970, 973, 976, 979, 982, 986, 989, 992, 995,
    998, 1001, 1004, 1007, 1010, 1013, 1016
[2] 1, 8, 11, 18, 21, 28, 31, 34, 37, 40, 43, 46, 49, 68, 71, 78, 81, 84, 87,
    90, 93, 96, 99, 102, 105, 108, 111, 118, 121, 124, 127, 130, 137, 140,
    143, 150, 153, 156, 159, 162, 169, 172, 179, 182, 185, 188, 191, 202, 205,
    212, 215, 218, 221, 224, 227, 230, 233, 236, 247, 250, 253, 256, 259, 262,
    265, 268, 275, 278, 281, 284, 287, 290, 293, 296, 299, 302, 305, 308, 311,
    314, 317, 320, 323, 326, 329, 332, 335, 338, 341, 344, 347, 350, 353, 356,
    359, 366, 369, 372, 375, 378, 381, 384, 387, 390, 393, 396, 399, 402, 405,
    408, 411, 414, 417, 420, 427, 430, 433, 436, 439, 442, 445, 448, 451, 454,
    457, 460, 463, 466, 469, 472, 475, 478, 481, 484, 487, 490, 493, 496, 503,
    510, 513, 520, 523, 526, 529, 532, 535, 538, 541, 544, 547, 550, 553, 556,
    559, 562, 565, 572, 579, 582, 585, 588, 591, 594, 597, 600, 603, 606, 609,
    612, 615, 618, 621, 624, 627, 630, 637, 640, 643, 646, 649, 652, 655, 658,
    661, 664, 667, 670, 673, 676, 679, 682, 685, 688, 691, 694, 697, 700, 703,
    706, 709, 712, 715, 718, 721, 724, 727, 730, 733, 736, 739, 742, 749, 752,
    755, 758, 761, 764, 767, 770, 773, 776, 779, 782, 785, 788, 791, 794, 797,
    800, 803, 806, 809, 812, 815, 822, 825, 828, 831, 834, 837, 840, 843, 846,
    849, 852, 855, 858, 861, 868, 871, 874, 877, 880, 883, 886, 889, 892, 895,
    902, 905, 908, 911, 914, 917, 920, 927, 930, 933, 936, 939, 942, 945, 948,
    951, 954, 957, 960, 963, 966, 969, 972, 975, 978, 981, 988, 991, 994, 997,
    1000, 1003, 1006, 1009, 1012, 1015

Reassigned labels

Runtime: 0.8475313186645508

Performance split_log:

IM without threshold:
Map:
{"A_0": "A", "A_1": "A", "A_2": "A"}
token_fitness
{"perc_fit_traces": 69.4, "average_trace_fitness": 0.9608429758909858, "log_fitness": 0.963563721894891, "percentage_of_fitting_traces": 69.4}
precision
0.8895218563670199
0.7349397590361446
generalization
0.9244333562144061

Adjusted Rand Index:
0.8568519456586493



Parameters of this run:

Window size: 5
Threshold for edges: 0.75
Split candidates: A
Max number of traces: 5000000
Method for distance calculation: Distance.SET_DISTANCE
Method for finding clusters: ClusteringMethod.COMMUNITY_DETECTION
Original log location: ./data/noImprInLoop_default_OD\feb17-0936\logs\E_1_LogD_Sequence_feb17-0936.xes.gz
Use frequency: True

Found communities: 

Clustering with 1017 elements and 4 clusters
[0] 7, 8, 10, 11, 17, 18, 27, 28, 30, 31, 33, 34, 42, 43, 67, 68, 80, 81, 86,
    87, 89, 90, 92, 93, 95, 96, 98, 99, 107, 108, 110, 111, 117, 118, 120,
    121, 126, 127, 136, 137, 142, 143, 149, 150, 152, 153, 155, 156, 158, 159,
    161, 162, 168, 169, 184, 185, 190, 191, 204, 205, 214, 215, 220, 221, 226,
    227, 229, 230, 235, 236, 246, 247, 255, 256, 258, 259, 261, 262, 264, 265,
    267, 268, 274, 275, 277, 278, 280, 281, 283, 284, 289, 290, 292, 293, 298,
    299, 301, 302, 304, 305, 316, 317, 319, 320, 322, 323, 325, 326, 331, 332,
    334, 335, 340, 341, 343, 344, 346, 347, 349, 350, 355, 356, 358, 359, 365,
    366, 368, 369, 371, 372, 374, 375, 377, 378, 380, 381, 386, 387, 389, 390,
    392, 393, 395, 396, 401, 402, 404, 405, 407, 408, 410, 411, 413, 414, 416,
    417, 429, 430, 432, 433, 438, 439, 441, 442, 447, 448, 450, 451, 456, 457,
    462, 463, 465, 466, 468, 469, 471, 472, 474, 475, 477, 478, 480, 481, 483,
    484, 486, 487, 489, 490, 492, 493, 495, 496, 502, 503, 509, 510, 512, 513,
    519, 520, 522, 523, 525, 526, 528, 529, 531, 532, 534, 535, 537, 538, 540,
    541, 543, 544, 549, 550, 552, 553, 555, 556, 558, 559, 561, 562, 564, 565,
    571, 572, 578, 579, 581, 582, 590, 591, 593, 594, 596, 597, 599, 600, 605,
    606, 611, 612, 617, 618, 620, 621, 623, 624, 626, 627, 636, 637, 639, 640,
    642, 643, 645, 646, 648, 649, 651, 652, 654, 655, 657, 658, 663, 664, 666,
    667, 669, 670, 675, 676, 681, 682, 684, 685, 687, 688, 690, 691, 696, 697,
    699, 700, 702, 703, 705, 706, 708, 709, 714, 715, 717, 718, 720, 721, 723,
    724, 726, 727, 729, 730, 732, 733, 735, 736, 738, 739, 741, 742, 748, 749,
    751, 752, 754, 755, 757, 758, 760, 761, 766, 767, 769, 770, 772, 773, 775,
    776, 778, 779, 781, 782, 784, 785, 787, 788, 790, 791, 793, 794, 796, 797,
    799, 800, 802, 803, 805, 806, 814, 815, 821, 822, 827, 828, 830, 831, 833,
    834, 836, 837, 839, 840, 842, 843, 845, 846, 848, 849, 851, 852, 854, 855,
    857, 858, 860, 861, 873, 874, 876, 877, 879, 880, 882, 883, 885, 886, 888,
    889, 891, 892, 894, 895, 901, 902, 904, 905, 907, 908, 913, 914, 916, 917,
    919, 920, 926, 927, 929, 930, 932, 933, 935, 936, 938, 939, 941, 942, 944,
    945, 947, 948, 950, 951, 953, 954, 956, 957, 959, 960, 962, 963, 965, 966,
    968, 969, 971, 972, 974, 975, 977, 978, 980, 981, 987, 988, 990, 991, 993,
    994, 996, 997, 999, 1000, 1002, 1003, 1005, 1006, 1008, 1009, 1014, 1015
[1] 2, 6, 9, 12, 16, 19, 22, 26, 29, 32, 35, 38, 41, 44, 47, 50, 54, 58, 62,
    66, 69, 72, 76, 79, 82, 85, 88, 91, 94, 97, 100, 103, 106, 109, 112, 116,
    119, 122, 125, 128, 131, 135, 138, 141, 144, 148, 151, 154, 157, 160, 163,
    167, 170, 173, 177, 180, 183, 186, 189, 192, 196, 200, 203, 206, 210, 213,
    216, 219, 222, 225, 228, 231, 234, 237, 241, 245, 248, 251, 254, 257, 260,
    263, 266, 269, 273, 276, 279, 282, 285, 288, 291, 294, 297, 300, 303, 306,
    309, 312, 315, 318, 321, 324, 327, 330, 333, 336, 339, 342, 345, 348, 351,
    354, 357, 360, 364, 367, 370, 373, 376, 379, 382, 385, 388, 391, 394, 397,
    400, 403, 406, 409, 412, 415, 418, 421, 425, 428, 431, 434, 437, 440, 443,
    446, 449, 452, 455, 458, 461, 464, 467, 470, 473, 476, 479, 482, 485, 488,
    491, 494, 497, 501, 504, 508, 511, 514, 518, 521, 524, 527, 530, 533, 536,
    539, 542, 545, 548, 551, 554, 557, 560, 563, 566, 570, 573, 577, 580, 583,
    586, 589, 592, 595, 598, 601, 604, 607, 610, 613, 616, 619, 622, 625, 628,
    631, 635, 638, 641, 644, 647, 650, 653, 656, 659, 662, 665, 668, 671, 674,
    677, 680, 683, 686, 689, 692, 695, 698, 701, 704, 707, 710, 713, 716, 719,
    722, 725, 728, 731, 734, 737, 740, 743, 747, 750, 753, 756, 759, 762, 765,
    768, 771, 774, 777, 780, 783, 786, 789, 792, 795, 798, 801, 804, 807, 810,
    813, 816, 820, 823, 826, 829, 832, 835, 838, 841, 844, 847, 850, 853, 856,
    859, 862, 866, 869, 872, 875, 878, 881, 884, 887, 890, 893, 896, 900, 903,
    906, 909, 912, 915, 918, 921, 925, 928, 931, 934, 937, 940, 943, 946, 949,
    952, 955, 958, 961, 964, 967, 970, 973, 976, 979, 982, 986, 989, 992, 995,
    998, 1001, 1004, 1007, 1010, 1013, 1016
[2] 0, 1, 20, 21, 36, 37, 39, 40, 45, 46, 48, 49, 70, 71, 77, 78, 83, 84, 101,
    102, 104, 105, 123, 124, 129, 130, 139, 140, 171, 172, 178, 179, 181, 182,
    187, 188, 201, 202, 211, 212, 217, 218, 223, 224, 232, 233, 249, 250, 252,
    253, 286, 287, 295, 296, 307, 308, 310, 311, 313, 314, 328, 329, 337, 338,
    352, 353, 383, 384, 398, 399, 419, 420, 426, 427, 435, 436, 444, 445, 453,
    454, 459, 460, 546, 547, 584, 585, 587, 588, 602, 603, 608, 609, 614, 615,
    629, 630, 660, 661, 672, 673, 678, 679, 693, 694, 711, 712, 763, 764, 808,
    809, 811, 812, 824, 825, 867, 868, 870, 871, 910, 911, 1011, 1012
[3] 3, 4, 5, 13, 14, 15, 23, 24, 25, 51, 52, 53, 55, 56, 57, 59, 60, 61, 63,
    64, 65, 73, 74, 75, 113, 114, 115, 132, 133, 134, 145, 146, 147, 164, 165,
    166, 174, 175, 176, 193, 194, 195, 197, 198, 199, 207, 208, 209, 238, 239,
    240, 242, 243, 244, 270, 271, 272, 361, 362, 363, 422, 423, 424, 498, 499,
    500, 505, 506, 507, 515, 516, 517, 567, 568, 569, 574, 575, 576, 632, 633,
    634, 744, 745, 746, 817, 818, 819, 863, 864, 865, 897, 898, 899, 922, 923,
    924, 983, 984, 985

Reassigned labels

Runtime: 0.7702374458312988

Performance split_log:

IM without threshold:
Map:
{"A_0": "A", "A_1": "A", "A_2": "A", "A_3": "A"}
token_fitness
{"perc_fit_traces": 21.4, "average_trace_fitness": 0.9088583244481083, "log_fitness": 0.9091901266501692, "percentage_of_fitting_traces": 21.4}
precision
0.9361128928800513
0.7391304347826086
generalization
0.737088714014057

Adjusted Rand Index:
0.5167089598710486



Parameters of this run:

Window size: 5
Threshold for edges: 1
Split candidates: A
Max number of traces: 5000000
Method for distance calculation: Distance.SET_DISTANCE
Method for finding clusters: ClusteringMethod.COMMUNITY_DETECTION
Original log location: ./data/noImprInLoop_default_OD\feb17-0936\logs\E_1_LogD_Sequence_feb17-0936.xes.gz
Use frequency: True

Found communities: 

Clustering with 1017 elements and 33 clusters
[ 0] 7, 42, 67, 80, 95, 98, 107, 117, 120, 155, 158, 184, 220, 246, 255, 258,
     264, 267, 277, 280, 289, 298, 304, 319, 322, 325, 331, 334, 343, 349,
     355, 358, 368, 389, 395, 429, 438, 447, 450, 462, 468, 474, 486, 489,
     492, 495, 512, 519, 522, 540, 549, 552, 555, 558, 564, 578, 581, 590,
     593, 596, 605, 620, 639, 642, 645, 648, 654, 657, 663, 666, 675, 681,
     690, 702, 708, 723, 741, 748, 751, 754, 757, 760, 772, 778, 784, 787,
     790, 793, 796, 799, 814, 821, 842, 845, 848, 854, 860, 873, 876, 879,
     888, 891, 894, 901, 907, 913, 916, 932, 935, 956, 962, 968, 971, 977,
     980, 987, 993, 1002, 1008, 1014
[ 1] 8, 43, 68, 81, 96, 99, 108, 118, 121, 156, 159, 185, 221, 247, 256, 259,
     265, 268, 278, 281, 290, 299, 305, 320, 323, 326, 332, 335, 344, 350,
     356, 359, 369, 390, 396, 430, 439, 448, 451, 463, 469, 475, 487, 490,
     493, 496, 513, 520, 523, 541, 550, 553, 556, 559, 565, 579, 582, 591,
     594, 597, 606, 621, 640, 643, 646, 649, 655, 658, 664, 667, 676, 682,
     691, 703, 709, 724, 742, 749, 752, 755, 758, 761, 773, 779, 785, 788,
     791, 794, 797, 800, 815, 822, 843, 846, 849, 855, 861, 874, 877, 880,
     889, 892, 895, 902, 908, 914, 917, 933, 936, 957, 963, 969, 972, 978,
     981, 988, 994, 1003, 1009, 1015
[ 2] 10, 17, 27, 30, 33, 86, 89, 92, 110, 126, 136, 142, 149, 152, 161, 168,
     190, 204, 214, 226, 229, 235, 261, 274, 283, 292, 301, 316, 340, 346,
     365, 371, 374, 377, 380, 386, 392, 401, 404, 407, 410, 413, 416, 432,
     441, 456, 465, 471, 477, 480, 483, 502, 509, 525, 528, 531, 534, 537,
     543, 561, 571, 599, 611, 617, 623, 626, 636, 651, 669, 684, 687, 696,
     699, 705, 714, 717, 720, 726, 729, 732, 735, 738, 766, 769, 775, 781,
     802, 805, 827, 830, 833, 836, 839, 851, 857, 882, 885, 904, 919, 926,
     929, 938, 941, 944, 947, 950, 953, 959, 965, 974, 990, 996, 999, 1005
[ 3] 11, 18, 28, 31, 34, 87, 90, 93, 111, 127, 137, 143, 150, 153, 162, 169,
     191, 205, 215, 227, 230, 236, 262, 275, 284, 293, 302, 317, 341, 347,
     366, 372, 375, 378, 381, 387, 393, 402, 405, 408, 411, 414, 417, 433,
     442, 457, 466, 472, 478, 481, 484, 503, 510, 526, 529, 532, 535, 538,
     544, 562, 572, 600, 612, 618, 624, 627, 637, 652, 670, 685, 688, 697,
     700, 706, 715, 718, 721, 727, 730, 733, 736, 739, 767, 770, 776, 782,
     803, 806, 828, 831, 834, 837, 840, 852, 858, 883, 886, 905, 920, 927,
     930, 939, 942, 945, 948, 951, 954, 960, 966, 975, 991, 997, 1000, 1006
[ 4] 16, 62, 125, 173, 186, 196, 206, 210, 245, 306, 385, 394, 400, 437, 446,
     461, 508, 539, 598, 622, 635, 644, 650, 674, 704, 710, 731, 750, 771,
     810, 835, 875, 884, 900, 925, 949, 952, 958, 1010, 1013
[ 5] 6, 12, 29, 35, 41, 85, 91, 116, 144, 154, 163, 180, 213, 376, 403, 409,
     418, 428, 434, 473, 482, 530, 573, 619, 719, 722, 734, 737, 807, 832,
     853, 859, 928, 940, 961, 967, 992, 998, 1007
[ 6] 54, 66, 79, 82, 100, 119, 122, 131, 257, 279, 291, 309, 351, 360, 440,
     449, 464, 470, 514, 551, 557, 641, 659, 665, 677, 680, 725, 759, 762,
     765, 789, 813, 823, 856, 881, 903, 909, 964
[ 7] 203, 234, 251, 364, 391, 455, 504, 511, 566, 577, 638, 662, 689, 747,
     774, 801, 804, 862, 872, 896, 912, 970, 976
[ 8] 2, 9, 157, 167, 297, 300, 324, 336, 431, 491, 521, 542, 583, 589, 595,
     692, 743, 792, 844, 893, 1016
[ 9] 44, 72, 177, 222, 269, 345, 354, 357, 476, 494, 524, 560, 610, 647, 668,
     786, 795, 816, 890, 934
[10] 32, 76, 94, 128, 138, 216, 237, 288, 294, 312, 388, 406, 415, 458, 527,
     536, 783, 931
[11] 22, 69, 109, 248, 266, 370, 397, 501, 656, 756, 780, 798, 847, 869, 878,
     915, 918
[12] 26, 88, 106, 151, 263, 285, 339, 348, 379, 479, 625, 707, 740, 768, 838,
     906, 955
[13] 3, 23, 55, 59, 73, 113, 145, 193, 207, 242, 270, 361, 422, 515, 567, 574,
     897
[14] 4, 24, 56, 60, 74, 114, 146, 194, 208, 243, 271, 362, 423, 516, 568, 575,
     898
[15] 5, 25, 57, 61, 75, 115, 147, 195, 209, 244, 272, 363, 424, 517, 569, 576,
     899
[16] 0, 20, 48, 70, 101, 129, 171, 187, 201, 252, 307, 398, 435, 453, 459,
     602, 824
[17] 1, 21, 49, 71, 102, 130, 172, 188, 202, 253, 308, 399, 436, 454, 460,
     603, 825
[18] 19, 38, 148, 225, 231, 303, 318, 367, 412, 485, 701, 713, 716, 829, 841,
     887, 943
[19] 103, 219, 276, 330, 373, 421, 452, 497, 518, 545, 548, 592, 653, 686,
     698, 986, 1001
[20] 45, 77, 295, 328, 352, 587, 608, 614, 629, 678, 693, 763, 808, 811, 867,
     910, 1011
[21] 46, 78, 296, 329, 353, 588, 609, 615, 630, 679, 694, 764, 809, 812, 868,
     911, 1012
[22] 13, 51, 63, 132, 164, 174, 197, 238, 498, 505, 632, 744, 817, 863, 922,
     983
[23] 14, 52, 64, 133, 165, 175, 198, 239, 499, 506, 633, 745, 818, 864, 923,
     984
[24] 15, 53, 65, 134, 166, 176, 199, 240, 500, 507, 634, 746, 819, 865, 924,
     985
[25] 47, 50, 112, 183, 228, 241, 273, 321, 425, 604, 671, 777, 820, 850, 973,
     989
[26] 36, 83, 104, 123, 139, 178, 181, 217, 249, 286, 313, 383, 444, 672, 870
[27] 37, 84, 105, 124, 140, 179, 182, 218, 250, 287, 314, 384, 445, 673, 871
[28] 58, 141, 170, 192, 342, 382, 443, 467, 533, 563, 586, 601, 728, 921, 946
[29] 97, 160, 189, 200, 260, 327, 333, 488, 554, 580, 616, 683, 695, 937, 982
[30] 135, 254, 282, 315, 570, 607, 613, 628, 631, 753, 826, 866, 979, 995,
     1004
[31] 39, 211, 223, 232, 310, 337, 419, 426, 546, 584, 660, 711
[32] 40, 212, 224, 233, 311, 338, 420, 427, 547, 585, 661, 712

Reassigned labels

Runtime: 0.7563557624816895

Performance split_log:

IM without threshold:
Map:
{"A_0": "A", "A_1": "A", "A_2": "A", "A_3": "A", "A_4": "A", "A_5": "A", "A_6": "A", "A_7": "A", "A_8": "A", "A_9": "A", "A_10": "A", "A_11": "A", "A_12": "A", "A_13": "A", "A_14": "A", "A_15": "A", "A_16": "A", "A_17": "A", "A_18": "A", "A_19": "A", "A_20": "A", "A_21": "A", "A_22": "A", "A_23": "A", "A_24": "A", "A_25": "A", "A_26": "A", "A_27": "A", "A_28": "A", "A_29": "A", "A_30": "A", "A_31": "A", "A_32": "A"}
token_fitness
{"perc_fit_traces": 45.7, "average_trace_fitness": 0.9728482415385763, "log_fitness": 0.9735757979276768, "percentage_of_fitting_traces": 45.7}
precision
0.9739278878485335
0.728
generalization
0.6484436950042431

Adjusted Rand Index:
0.3376791395279194



Parameters of this run:

Window size: 5
Threshold for edges: 0
Split candidates: A
Max number of traces: 5000000
Method for distance calculation: Distance.MULTISET_DISTANCE
Method for finding clusters: ClusteringMethod.COMMUNITY_DETECTION
Original log location: ./data/noImprInLoop_default_OD\feb17-0936\logs\E_1_LogD_Sequence_feb17-0936.xes.gz
Use frequency: True

Found communities: 

Clustering with 1017 elements and 3 clusters
[0] 7, 8, 10, 11, 17, 18, 27, 28, 30, 31, 33, 34, 42, 43, 67, 68, 80, 81, 86,
    87, 89, 90, 92, 93, 95, 96, 98, 99, 107, 108, 110, 111, 117, 118, 120,
    121, 126, 127, 136, 137, 142, 143, 149, 150, 152, 153, 155, 156, 158, 159,
    161, 162, 168, 169, 184, 185, 190, 191, 204, 205, 214, 215, 220, 221, 226,
    227, 229, 230, 235, 236, 246, 247, 255, 256, 258, 259, 261, 262, 264, 265,
    267, 268, 274, 275, 277, 278, 280, 281, 283, 284, 289, 290, 292, 293, 298,
    299, 301, 302, 304, 305, 316, 317, 319, 320, 322, 323, 325, 326, 331, 332,
    334, 335, 340, 341, 343, 344, 346, 347, 349, 350, 355, 356, 358, 359, 365,
    366, 368, 369, 371, 372, 374, 375, 377, 378, 380, 381, 386, 387, 389, 390,
    392, 393, 395, 396, 401, 402, 404, 405, 407, 408, 410, 411, 413, 414, 416,
    417, 429, 430, 432, 433, 438, 439, 441, 442, 447, 448, 450, 451, 456, 457,
    462, 463, 465, 466, 468, 469, 471, 472, 474, 475, 477, 478, 480, 481, 483,
    484, 486, 487, 489, 490, 492, 493, 495, 496, 502, 503, 509, 510, 512, 513,
    519, 520, 522, 523, 525, 526, 528, 529, 531, 532, 534, 535, 537, 538, 540,
    541, 543, 544, 549, 550, 552, 553, 555, 556, 558, 559, 561, 562, 564, 565,
    571, 572, 578, 579, 581, 582, 590, 591, 593, 594, 596, 597, 599, 600, 605,
    606, 611, 612, 617, 618, 620, 621, 623, 624, 626, 627, 636, 637, 639, 640,
    642, 643, 645, 646, 648, 649, 651, 652, 654, 655, 657, 658, 663, 664, 666,
    667, 669, 670, 675, 676, 681, 682, 684, 685, 687, 688, 690, 691, 696, 697,
    699, 700, 702, 703, 705, 706, 708, 709, 714, 715, 717, 718, 720, 721, 723,
    724, 726, 727, 729, 730, 732, 733, 735, 736, 738, 739, 741, 742, 748, 749,
    751, 752, 754, 755, 757, 758, 760, 761, 766, 767, 769, 770, 772, 773, 775,
    776, 778, 779, 781, 782, 784, 785, 787, 788, 790, 791, 793, 794, 796, 797,
    799, 800, 802, 803, 805, 806, 814, 815, 821, 822, 827, 828, 830, 831, 833,
    834, 836, 837, 839, 840, 842, 843, 845, 846, 848, 849, 851, 852, 854, 855,
    857, 858, 860, 861, 873, 874, 876, 877, 879, 880, 882, 883, 885, 886, 888,
    889, 891, 892, 894, 895, 901, 902, 904, 905, 907, 908, 913, 914, 916, 917,
    919, 920, 926, 927, 929, 930, 932, 933, 935, 936, 938, 939, 941, 942, 944,
    945, 947, 948, 950, 951, 953, 954, 956, 957, 959, 960, 962, 963, 965, 966,
    968, 969, 971, 972, 974, 975, 977, 978, 980, 981, 987, 988, 990, 991, 993,
    994, 996, 997, 999, 1000, 1002, 1003, 1005, 1006, 1008, 1009, 1014, 1015
[1] 2, 6, 9, 12, 16, 19, 22, 26, 29, 32, 35, 38, 41, 44, 47, 50, 54, 58, 62,
    66, 69, 72, 76, 79, 82, 85, 88, 91, 94, 97, 100, 103, 106, 109, 112, 116,
    119, 122, 125, 128, 131, 135, 138, 141, 144, 148, 151, 154, 157, 160, 163,
    167, 170, 173, 177, 180, 183, 186, 189, 192, 196, 200, 203, 206, 210, 213,
    216, 219, 222, 225, 228, 231, 234, 237, 241, 245, 248, 251, 254, 257, 260,
    263, 266, 269, 273, 276, 279, 282, 285, 288, 291, 294, 297, 300, 303, 306,
    309, 312, 315, 318, 321, 324, 327, 330, 333, 336, 339, 342, 345, 348, 351,
    354, 357, 360, 364, 367, 370, 373, 376, 379, 382, 385, 388, 391, 394, 397,
    400, 403, 406, 409, 412, 415, 418, 421, 425, 428, 431, 434, 437, 440, 443,
    446, 449, 452, 455, 458, 461, 464, 467, 470, 473, 476, 479, 482, 485, 488,
    491, 494, 497, 501, 504, 508, 511, 514, 518, 521, 524, 527, 530, 533, 536,
    539, 542, 545, 548, 551, 554, 557, 560, 563, 566, 570, 573, 577, 580, 583,
    586, 589, 592, 595, 598, 601, 604, 607, 610, 613, 616, 619, 622, 625, 628,
    631, 635, 638, 641, 644, 647, 650, 653, 656, 659, 662, 665, 668, 671, 674,
    677, 680, 683, 686, 689, 692, 695, 698, 701, 704, 707, 710, 713, 716, 719,
    722, 725, 728, 731, 734, 737, 740, 743, 747, 750, 753, 756, 759, 762, 765,
    768, 771, 774, 777, 780, 783, 786, 789, 792, 795, 798, 801, 804, 807, 810,
    813, 816, 820, 823, 826, 829, 832, 835, 838, 841, 844, 847, 850, 853, 856,
    859, 862, 866, 869, 872, 875, 878, 881, 884, 887, 890, 893, 896, 900, 903,
    906, 909, 912, 915, 918, 921, 925, 928, 931, 934, 937, 940, 943, 946, 949,
    952, 955, 958, 961, 964, 967, 970, 973, 976, 979, 982, 986, 989, 992, 995,
    998, 1001, 1004, 1007, 1010, 1013, 1016
[2] 0, 1, 3, 4, 5, 13, 14, 15, 20, 21, 23, 24, 25, 36, 37, 39, 40, 45, 46, 48,
    49, 51, 52, 53, 55, 56, 57, 59, 60, 61, 63, 64, 65, 70, 71, 73, 74, 75,
    77, 78, 83, 84, 101, 102, 104, 105, 113, 114, 115, 123, 124, 129, 130,
    132, 133, 134, 139, 140, 145, 146, 147, 164, 165, 166, 171, 172, 174, 175,
    176, 178, 179, 181, 182, 187, 188, 193, 194, 195, 197, 198, 199, 201, 202,
    207, 208, 209, 211, 212, 217, 218, 223, 224, 232, 233, 238, 239, 240, 242,
    243, 244, 249, 250, 252, 253, 270, 271, 272, 286, 287, 295, 296, 307, 308,
    310, 311, 313, 314, 328, 329, 337, 338, 352, 353, 361, 362, 363, 383, 384,
    398, 399, 419, 420, 422, 423, 424, 426, 427, 435, 436, 444, 445, 453, 454,
    459, 460, 498, 499, 500, 505, 506, 507, 515, 516, 517, 546, 547, 567, 568,
    569, 574, 575, 576, 584, 585, 587, 588, 602, 603, 608, 609, 614, 615, 629,
    630, 632, 633, 634, 660, 661, 672, 673, 678, 679, 693, 694, 711, 712, 744,
    745, 746, 763, 764, 808, 809, 811, 812, 817, 818, 819, 824, 825, 863, 864,
    865, 867, 868, 870, 871, 897, 898, 899, 910, 911, 922, 923, 924, 983, 984,
    985, 1011, 1012

Reassigned labels

Runtime: 0.9398796558380127

Performance split_log:

IM without threshold:
Map:
{"A_0": "A", "A_1": "A", "A_2": "A"}
token_fitness
{"perc_fit_traces": 0.0, "average_trace_fitness": 0.8093036432912037, "log_fitness": 0.8133968707377144, "percentage_of_fitting_traces": 0.0}
precision
0.9997942175120897
0.7471264367816092
generalization
0.665212194912139

Adjusted Rand Index:
0.508782060880252



Parameters of this run:

Window size: 5
Threshold for edges: 0.25
Split candidates: A
Max number of traces: 5000000
Method for distance calculation: Distance.MULTISET_DISTANCE
Method for finding clusters: ClusteringMethod.COMMUNITY_DETECTION
Original log location: ./data/noImprInLoop_default_OD\feb17-0936\logs\E_1_LogD_Sequence_feb17-0936.xes.gz
Use frequency: True

Found communities: 

Clustering with 1017 elements and 3 clusters
[0] 7, 8, 10, 11, 17, 18, 27, 28, 30, 31, 33, 34, 42, 43, 67, 68, 80, 81, 86,
    87, 89, 90, 92, 93, 95, 96, 98, 99, 107, 108, 110, 111, 117, 118, 120,
    121, 126, 127, 136, 137, 142, 143, 149, 150, 152, 153, 155, 156, 158, 159,
    161, 162, 168, 169, 184, 185, 190, 191, 204, 205, 214, 215, 220, 221, 226,
    227, 229, 230, 235, 236, 246, 247, 255, 256, 258, 259, 261, 262, 264, 265,
    267, 268, 274, 275, 277, 278, 280, 281, 283, 284, 289, 290, 292, 293, 298,
    299, 301, 302, 304, 305, 316, 317, 319, 320, 322, 323, 325, 326, 331, 332,
    334, 335, 340, 341, 343, 344, 346, 347, 349, 350, 355, 356, 358, 359, 365,
    366, 368, 369, 371, 372, 374, 375, 377, 378, 380, 381, 386, 387, 389, 390,
    392, 393, 395, 396, 401, 402, 404, 405, 407, 408, 410, 411, 413, 414, 416,
    417, 429, 430, 432, 433, 438, 439, 441, 442, 447, 448, 450, 451, 456, 457,
    462, 463, 465, 466, 468, 469, 471, 472, 474, 475, 477, 478, 480, 481, 483,
    484, 486, 487, 489, 490, 492, 493, 495, 496, 502, 503, 509, 510, 512, 513,
    519, 520, 522, 523, 525, 526, 528, 529, 531, 532, 534, 535, 537, 538, 540,
    541, 543, 544, 549, 550, 552, 553, 555, 556, 558, 559, 561, 562, 564, 565,
    571, 572, 578, 579, 581, 582, 590, 591, 593, 594, 596, 597, 599, 600, 605,
    606, 611, 612, 617, 618, 620, 621, 623, 624, 626, 627, 636, 637, 639, 640,
    642, 643, 645, 646, 648, 649, 651, 652, 654, 655, 657, 658, 663, 664, 666,
    667, 669, 670, 675, 676, 681, 682, 684, 685, 687, 688, 690, 691, 696, 697,
    699, 700, 702, 703, 705, 706, 708, 709, 714, 715, 717, 718, 720, 721, 723,
    724, 726, 727, 729, 730, 732, 733, 735, 736, 738, 739, 741, 742, 748, 749,
    751, 752, 754, 755, 757, 758, 760, 761, 766, 767, 769, 770, 772, 773, 775,
    776, 778, 779, 781, 782, 784, 785, 787, 788, 790, 791, 793, 794, 796, 797,
    799, 800, 802, 803, 805, 806, 814, 815, 821, 822, 827, 828, 830, 831, 833,
    834, 836, 837, 839, 840, 842, 843, 845, 846, 848, 849, 851, 852, 854, 855,
    857, 858, 860, 861, 873, 874, 876, 877, 879, 880, 882, 883, 885, 886, 888,
    889, 891, 892, 894, 895, 901, 902, 904, 905, 907, 908, 913, 914, 916, 917,
    919, 920, 926, 927, 929, 930, 932, 933, 935, 936, 938, 939, 941, 942, 944,
    945, 947, 948, 950, 951, 953, 954, 956, 957, 959, 960, 962, 963, 965, 966,
    968, 969, 971, 972, 974, 975, 977, 978, 980, 981, 987, 988, 990, 991, 993,
    994, 996, 997, 999, 1000, 1002, 1003, 1005, 1006, 1008, 1009, 1014, 1015
[1] 2, 6, 9, 12, 16, 19, 22, 26, 29, 32, 35, 38, 41, 44, 47, 50, 54, 58, 62,
    66, 69, 72, 76, 79, 82, 85, 88, 91, 94, 97, 100, 103, 106, 109, 112, 116,
    119, 122, 125, 128, 131, 135, 138, 141, 144, 148, 151, 154, 157, 160, 163,
    167, 170, 173, 177, 180, 183, 186, 189, 192, 196, 200, 203, 206, 210, 213,
    216, 219, 222, 225, 228, 231, 234, 237, 241, 245, 248, 251, 254, 257, 260,
    263, 266, 269, 273, 276, 279, 282, 285, 288, 291, 294, 297, 300, 303, 306,
    309, 312, 315, 318, 321, 324, 327, 330, 333, 336, 339, 342, 345, 348, 351,
    354, 357, 360, 364, 367, 370, 373, 376, 379, 382, 385, 388, 391, 394, 397,
    400, 403, 406, 409, 412, 415, 418, 421, 425, 428, 431, 434, 437, 440, 443,
    446, 449, 452, 455, 458, 461, 464, 467, 470, 473, 476, 479, 482, 485, 488,
    491, 494, 497, 501, 504, 508, 511, 514, 518, 521, 524, 527, 530, 533, 536,
    539, 542, 545, 548, 551, 554, 557, 560, 563, 566, 570, 573, 577, 580, 583,
    586, 589, 592, 595, 598, 601, 604, 607, 610, 613, 616, 619, 622, 625, 628,
    631, 635, 638, 641, 644, 647, 650, 653, 656, 659, 662, 665, 668, 671, 674,
    677, 680, 683, 686, 689, 692, 695, 698, 701, 704, 707, 710, 713, 716, 719,
    722, 725, 728, 731, 734, 737, 740, 743, 747, 750, 753, 756, 759, 762, 765,
    768, 771, 774, 777, 780, 783, 786, 789, 792, 795, 798, 801, 804, 807, 810,
    813, 816, 820, 823, 826, 829, 832, 835, 838, 841, 844, 847, 850, 853, 856,
    859, 862, 866, 869, 872, 875, 878, 881, 884, 887, 890, 893, 896, 900, 903,
    906, 909, 912, 915, 918, 921, 925, 928, 931, 934, 937, 940, 943, 946, 949,
    952, 955, 958, 961, 964, 967, 970, 973, 976, 979, 982, 986, 989, 992, 995,
    998, 1001, 1004, 1007, 1010, 1013, 1016
[2] 0, 1, 3, 4, 5, 13, 14, 15, 20, 21, 23, 24, 25, 36, 37, 39, 40, 45, 46, 48,
    49, 51, 52, 53, 55, 56, 57, 59, 60, 61, 63, 64, 65, 70, 71, 73, 74, 75,
    77, 78, 83, 84, 101, 102, 104, 105, 113, 114, 115, 123, 124, 129, 130,
    132, 133, 134, 139, 140, 145, 146, 147, 164, 165, 166, 171, 172, 174, 175,
    176, 178, 179, 181, 182, 187, 188, 193, 194, 195, 197, 198, 199, 201, 202,
    207, 208, 209, 211, 212, 217, 218, 223, 224, 232, 233, 238, 239, 240, 242,
    243, 244, 249, 250, 252, 253, 270, 271, 272, 286, 287, 295, 296, 307, 308,
    310, 311, 313, 314, 328, 329, 337, 338, 352, 353, 361, 362, 363, 383, 384,
    398, 399, 419, 420, 422, 423, 424, 426, 427, 435, 436, 444, 445, 453, 454,
    459, 460, 498, 499, 500, 505, 506, 507, 515, 516, 517, 546, 547, 567, 568,
    569, 574, 575, 576, 584, 585, 587, 588, 602, 603, 608, 609, 614, 615, 629,
    630, 632, 633, 634, 660, 661, 672, 673, 678, 679, 693, 694, 711, 712, 744,
    745, 746, 763, 764, 808, 809, 811, 812, 817, 818, 819, 824, 825, 863, 864,
    865, 867, 868, 870, 871, 897, 898, 899, 910, 911, 922, 923, 924, 983, 984,
    985, 1011, 1012

Reassigned labels

Runtime: 0.8470275402069092

Performance split_log:

IM without threshold:
Map:
{"A_0": "A", "A_1": "A", "A_2": "A"}
token_fitness
{"perc_fit_traces": 45.1, "average_trace_fitness": 0.9257723542339402, "log_fitness": 0.9266786866196624, "percentage_of_fitting_traces": 45.1}
precision
0.9172123703455858
0.7471264367816092
generalization
0.8395130231932679

Adjusted Rand Index:
0.508782060880252



Parameters of this run:

Window size: 5
Threshold for edges: 0.5
Split candidates: A
Max number of traces: 5000000
Method for distance calculation: Distance.MULTISET_DISTANCE
Method for finding clusters: ClusteringMethod.COMMUNITY_DETECTION
Original log location: ./data/noImprInLoop_default_OD\feb17-0936\logs\E_1_LogD_Sequence_feb17-0936.xes.gz
Use frequency: True

Found communities: 

Clustering with 1017 elements and 3 clusters
[0] 0, 3, 4, 7, 10, 13, 14, 17, 20, 23, 24, 27, 30, 33, 36, 39, 42, 45, 48,
    51, 52, 55, 56, 59, 60, 63, 64, 67, 70, 73, 74, 77, 80, 83, 86, 89, 92,
    95, 98, 101, 104, 107, 110, 113, 114, 117, 120, 123, 126, 129, 132, 133,
    136, 139, 142, 145, 146, 149, 152, 155, 158, 161, 164, 165, 168, 171, 174,
    175, 178, 181, 184, 187, 190, 193, 194, 197, 198, 201, 204, 207, 208, 211,
    214, 217, 220, 223, 226, 229, 232, 235, 238, 239, 242, 243, 246, 249, 252,
    255, 258, 261, 264, 267, 270, 271, 274, 277, 280, 283, 286, 289, 292, 295,
    298, 301, 304, 307, 310, 313, 316, 319, 322, 325, 328, 331, 334, 337, 340,
    343, 346, 349, 352, 355, 358, 361, 362, 365, 368, 371, 374, 377, 380, 383,
    386, 389, 392, 395, 398, 401, 404, 407, 410, 413, 416, 419, 422, 423, 426,
    429, 432, 435, 438, 441, 444, 447, 450, 453, 456, 459, 462, 465, 468, 471,
    474, 477, 480, 483, 486, 489, 492, 495, 498, 499, 502, 505, 506, 509, 512,
    515, 516, 519, 522, 525, 528, 531, 534, 537, 540, 543, 546, 549, 552, 555,
    558, 561, 564, 567, 568, 571, 574, 575, 578, 581, 584, 587, 590, 593, 596,
    599, 602, 605, 608, 611, 614, 617, 620, 623, 626, 629, 632, 633, 636, 639,
    642, 645, 648, 651, 654, 657, 660, 663, 666, 669, 672, 675, 678, 681, 684,
    687, 690, 693, 696, 699, 702, 705, 708, 711, 714, 717, 720, 723, 726, 729,
    732, 735, 738, 741, 744, 745, 748, 751, 754, 757, 760, 763, 766, 769, 772,
    775, 778, 781, 784, 787, 790, 793, 796, 799, 802, 805, 808, 811, 814, 817,
    818, 821, 824, 827, 830, 833, 836, 839, 842, 845, 848, 851, 854, 857, 860,
    863, 864, 867, 870, 873, 876, 879, 882, 885, 888, 891, 894, 897, 898, 901,
    904, 907, 910, 913, 916, 919, 922, 923, 926, 929, 932, 935, 938, 941, 944,
    947, 950, 953, 956, 959, 962, 965, 968, 971, 974, 977, 980, 983, 984, 987,
    990, 993, 996, 999, 1002, 1005, 1008, 1011, 1014
[1] 1, 5, 8, 11, 15, 18, 21, 25, 28, 31, 34, 37, 40, 43, 46, 49, 53, 57, 61,
    65, 68, 71, 75, 78, 81, 84, 87, 90, 93, 96, 99, 102, 105, 108, 111, 115,
    118, 121, 124, 127, 130, 134, 137, 140, 143, 147, 150, 153, 156, 159, 162,
    166, 169, 172, 176, 179, 182, 185, 188, 191, 195, 199, 202, 205, 209, 212,
    215, 218, 221, 224, 227, 230, 233, 236, 240, 244, 247, 250, 253, 256, 259,
    262, 265, 268, 272, 275, 278, 281, 284, 287, 290, 293, 296, 299, 302, 305,
    308, 311, 314, 317, 320, 323, 326, 329, 332, 335, 338, 341, 344, 347, 350,
    353, 356, 359, 363, 366, 369, 372, 375, 378, 381, 384, 387, 390, 393, 396,
    399, 402, 405, 408, 411, 414, 417, 420, 424, 427, 430, 433, 436, 439, 442,
    445, 448, 451, 454, 457, 460, 463, 466, 469, 472, 475, 478, 481, 484, 487,
    490, 493, 496, 500, 503, 507, 510, 513, 517, 520, 523, 526, 529, 532, 535,
    538, 541, 544, 547, 550, 553, 556, 559, 562, 565, 569, 572, 576, 579, 582,
    585, 588, 591, 594, 597, 600, 603, 606, 609, 612, 615, 618, 621, 624, 627,
    630, 634, 637, 640, 643, 646, 649, 652, 655, 658, 661, 664, 667, 670, 673,
    676, 679, 682, 685, 688, 691, 694, 697, 700, 703, 706, 709, 712, 715, 718,
    721, 724, 727, 730, 733, 736, 739, 742, 746, 749, 752, 755, 758, 761, 764,
    767, 770, 773, 776, 779, 782, 785, 788, 791, 794, 797, 800, 803, 806, 809,
    812, 815, 819, 822, 825, 828, 831, 834, 837, 840, 843, 846, 849, 852, 855,
    858, 861, 865, 868, 871, 874, 877, 880, 883, 886, 889, 892, 895, 899, 902,
    905, 908, 911, 914, 917, 920, 924, 927, 930, 933, 936, 939, 942, 945, 948,
    951, 954, 957, 960, 963, 966, 969, 972, 975, 978, 981, 985, 988, 991, 994,
    997, 1000, 1003, 1006, 1009, 1012, 1015
[2] 2, 6, 9, 12, 16, 19, 22, 26, 29, 32, 35, 38, 41, 44, 47, 50, 54, 58, 62,
    66, 69, 72, 76, 79, 82, 85, 88, 91, 94, 97, 100, 103, 106, 109, 112, 116,
    119, 122, 125, 128, 131, 135, 138, 141, 144, 148, 151, 154, 157, 160, 163,
    167, 170, 173, 177, 180, 183, 186, 189, 192, 196, 200, 203, 206, 210, 213,
    216, 219, 222, 225, 228, 231, 234, 237, 241, 245, 248, 251, 254, 257, 260,
    263, 266, 269, 273, 276, 279, 282, 285, 288, 291, 294, 297, 300, 303, 306,
    309, 312, 315, 318, 321, 324, 327, 330, 333, 336, 339, 342, 345, 348, 351,
    354, 357, 360, 364, 367, 370, 373, 376, 379, 382, 385, 388, 391, 394, 397,
    400, 403, 406, 409, 412, 415, 418, 421, 425, 428, 431, 434, 437, 440, 443,
    446, 449, 452, 455, 458, 461, 464, 467, 470, 473, 476, 479, 482, 485, 488,
    491, 494, 497, 501, 504, 508, 511, 514, 518, 521, 524, 527, 530, 533, 536,
    539, 542, 545, 548, 551, 554, 557, 560, 563, 566, 570, 573, 577, 580, 583,
    586, 589, 592, 595, 598, 601, 604, 607, 610, 613, 616, 619, 622, 625, 628,
    631, 635, 638, 641, 644, 647, 650, 653, 656, 659, 662, 665, 668, 671, 674,
    677, 680, 683, 686, 689, 692, 695, 698, 701, 704, 707, 710, 713, 716, 719,
    722, 725, 728, 731, 734, 737, 740, 743, 747, 750, 753, 756, 759, 762, 765,
    768, 771, 774, 777, 780, 783, 786, 789, 792, 795, 798, 801, 804, 807, 810,
    813, 816, 820, 823, 826, 829, 832, 835, 838, 841, 844, 847, 850, 853, 856,
    859, 862, 866, 869, 872, 875, 878, 881, 884, 887, 890, 893, 896, 900, 903,
    906, 909, 912, 915, 918, 921, 925, 928, 931, 934, 937, 940, 943, 946, 949,
    952, 955, 958, 961, 964, 967, 970, 973, 976, 979, 982, 986, 989, 992, 995,
    998, 1001, 1004, 1007, 1010, 1013, 1016

Reassigned labels

Runtime: 0.8291628360748291

Performance split_log:

IM without threshold:
Map:
{"A_0": "A", "A_1": "A", "A_2": "A"}
token_fitness
{"perc_fit_traces": 0.0, "average_trace_fitness": 0.7980641758680471, "log_fitness": 0.8061232480093199, "percentage_of_fitting_traces": 0.0}
precision
0.9997942175120897
0.7435897435897437
generalization
0.7566931749178826

Adjusted Rand Index:
0.9521114928149994



Parameters of this run:

Window size: 5
Threshold for edges: 0.75
Split candidates: A
Max number of traces: 5000000
Method for distance calculation: Distance.MULTISET_DISTANCE
Method for finding clusters: ClusteringMethod.COMMUNITY_DETECTION
Original log location: ./data/noImprInLoop_default_OD\feb17-0936\logs\E_1_LogD_Sequence_feb17-0936.xes.gz
Use frequency: True

Found communities: 

Clustering with 1017 elements and 4 clusters
[0] 7, 8, 10, 11, 17, 18, 27, 28, 30, 31, 33, 34, 42, 43, 67, 68, 80, 81, 86,
    87, 89, 90, 92, 93, 95, 96, 98, 99, 107, 108, 110, 111, 117, 118, 120,
    121, 126, 127, 136, 137, 142, 143, 149, 150, 152, 153, 155, 156, 158, 159,
    161, 162, 168, 169, 184, 185, 190, 191, 204, 205, 214, 215, 220, 221, 226,
    227, 229, 230, 235, 236, 246, 247, 255, 256, 258, 259, 261, 262, 264, 265,
    267, 268, 274, 275, 277, 278, 280, 281, 283, 284, 289, 290, 292, 293, 298,
    299, 301, 302, 304, 305, 316, 317, 319, 320, 322, 323, 325, 326, 331, 332,
    334, 335, 340, 341, 343, 344, 346, 347, 349, 350, 355, 356, 358, 359, 365,
    366, 368, 369, 371, 372, 374, 375, 377, 378, 380, 381, 386, 387, 389, 390,
    392, 393, 395, 396, 401, 402, 404, 405, 407, 408, 410, 411, 413, 414, 416,
    417, 429, 430, 432, 433, 438, 439, 441, 442, 447, 448, 450, 451, 456, 457,
    462, 463, 465, 466, 468, 469, 471, 472, 474, 475, 477, 478, 480, 481, 483,
    484, 486, 487, 489, 490, 492, 493, 495, 496, 502, 503, 509, 510, 512, 513,
    519, 520, 522, 523, 525, 526, 528, 529, 531, 532, 534, 535, 537, 538, 540,
    541, 543, 544, 549, 550, 552, 553, 555, 556, 558, 559, 561, 562, 564, 565,
    571, 572, 578, 579, 581, 582, 590, 591, 593, 594, 596, 597, 599, 600, 605,
    606, 611, 612, 617, 618, 620, 621, 623, 624, 626, 627, 636, 637, 639, 640,
    642, 643, 645, 646, 648, 649, 651, 652, 654, 655, 657, 658, 663, 664, 666,
    667, 669, 670, 675, 676, 681, 682, 684, 685, 687, 688, 690, 691, 696, 697,
    699, 700, 702, 703, 705, 706, 708, 709, 714, 715, 717, 718, 720, 721, 723,
    724, 726, 727, 729, 730, 732, 733, 735, 736, 738, 739, 741, 742, 748, 749,
    751, 752, 754, 755, 757, 758, 760, 761, 766, 767, 769, 770, 772, 773, 775,
    776, 778, 779, 781, 782, 784, 785, 787, 788, 790, 791, 793, 794, 796, 797,
    799, 800, 802, 803, 805, 806, 814, 815, 821, 822, 827, 828, 830, 831, 833,
    834, 836, 837, 839, 840, 842, 843, 845, 846, 848, 849, 851, 852, 854, 855,
    857, 858, 860, 861, 873, 874, 876, 877, 879, 880, 882, 883, 885, 886, 888,
    889, 891, 892, 894, 895, 901, 902, 904, 905, 907, 908, 913, 914, 916, 917,
    919, 920, 926, 927, 929, 930, 932, 933, 935, 936, 938, 939, 941, 942, 944,
    945, 947, 948, 950, 951, 953, 954, 956, 957, 959, 960, 962, 963, 965, 966,
    968, 969, 971, 972, 974, 975, 977, 978, 980, 981, 987, 988, 990, 991, 993,
    994, 996, 997, 999, 1000, 1002, 1003, 1005, 1006, 1008, 1009, 1014, 1015
[1] 2, 6, 9, 12, 16, 19, 22, 26, 29, 32, 35, 38, 41, 44, 47, 50, 54, 58, 62,
    66, 69, 72, 76, 79, 82, 85, 88, 91, 94, 97, 100, 103, 106, 109, 112, 116,
    119, 122, 125, 128, 131, 135, 138, 141, 144, 148, 151, 154, 157, 160, 163,
    167, 170, 173, 177, 180, 183, 186, 189, 192, 196, 200, 203, 206, 210, 213,
    216, 219, 222, 225, 228, 231, 234, 237, 241, 245, 248, 251, 254, 257, 260,
    263, 266, 269, 273, 276, 279, 282, 285, 288, 291, 294, 297, 300, 303, 306,
    309, 312, 315, 318, 321, 324, 327, 330, 333, 336, 339, 342, 345, 348, 351,
    354, 357, 360, 364, 367, 370, 373, 376, 379, 382, 385, 388, 391, 394, 397,
    400, 403, 406, 409, 412, 415, 418, 421, 425, 428, 431, 434, 437, 440, 443,
    446, 449, 452, 455, 458, 461, 464, 467, 470, 473, 476, 479, 482, 485, 488,
    491, 494, 497, 501, 504, 508, 511, 514, 518, 521, 524, 527, 530, 533, 536,
    539, 542, 545, 548, 551, 554, 557, 560, 563, 566, 570, 573, 577, 580, 583,
    586, 589, 592, 595, 598, 601, 604, 607, 610, 613, 616, 619, 622, 625, 628,
    631, 635, 638, 641, 644, 647, 650, 653, 656, 659, 662, 665, 668, 671, 674,
    677, 680, 683, 686, 689, 692, 695, 698, 701, 704, 707, 710, 713, 716, 719,
    722, 725, 728, 731, 734, 737, 740, 743, 747, 750, 753, 756, 759, 762, 765,
    768, 771, 774, 777, 780, 783, 786, 789, 792, 795, 798, 801, 804, 807, 810,
    813, 816, 820, 823, 826, 829, 832, 835, 838, 841, 844, 847, 850, 853, 856,
    859, 862, 866, 869, 872, 875, 878, 881, 884, 887, 890, 893, 896, 900, 903,
    906, 909, 912, 915, 918, 921, 925, 928, 931, 934, 937, 940, 943, 946, 949,
    952, 955, 958, 961, 964, 967, 970, 973, 976, 979, 982, 986, 989, 992, 995,
    998, 1001, 1004, 1007, 1010, 1013, 1016
[2] 1, 5, 15, 21, 25, 37, 39, 40, 45, 46, 49, 53, 57, 61, 65, 71, 75, 77, 78,
    84, 102, 105, 115, 124, 130, 134, 140, 147, 166, 172, 176, 179, 182, 188,
    195, 199, 202, 209, 211, 212, 218, 223, 224, 232, 233, 240, 244, 250, 253,
    272, 287, 295, 296, 308, 310, 311, 314, 328, 329, 337, 338, 352, 353, 363,
    384, 399, 419, 420, 424, 426, 427, 436, 445, 454, 460, 500, 507, 517, 546,
    547, 569, 576, 584, 585, 587, 588, 603, 608, 609, 614, 615, 629, 630, 634,
    660, 661, 673, 678, 679, 693, 694, 711, 712, 746, 763, 764, 808, 809, 811,
    812, 819, 825, 865, 867, 868, 871, 899, 910, 911, 924, 985, 1011, 1012
[3] 0, 3, 4, 13, 14, 20, 23, 24, 36, 48, 51, 52, 55, 56, 59, 60, 63, 64, 70,
    73, 74, 83, 101, 104, 113, 114, 123, 129, 132, 133, 139, 145, 146, 164,
    165, 171, 174, 175, 178, 181, 187, 193, 194, 197, 198, 201, 207, 208, 217,
    238, 239, 242, 243, 249, 252, 270, 271, 286, 307, 313, 361, 362, 383, 398,
    422, 423, 435, 444, 453, 459, 498, 499, 505, 506, 515, 516, 567, 568, 574,
    575, 602, 632, 633, 672, 744, 745, 817, 818, 824, 863, 864, 870, 897, 898,
    922, 923, 983, 984

Reassigned labels

Runtime: 0.7907013893127441

Performance split_log:

IM without threshold:
Map:
{"A_0": "A", "A_1": "A", "A_2": "A", "A_3": "A"}
token_fitness
{"perc_fit_traces": 45.1, "average_trace_fitness": 0.9269961781682582, "log_fitness": 0.9286117015004205, "percentage_of_fitting_traces": 45.1}
precision
0.9172123703455858
0.7373737373737373
generalization
0.7543391138133076

Adjusted Rand Index:
0.535475696258029



Parameters of this run:

Window size: 5
Threshold for edges: 1
Split candidates: A
Max number of traces: 5000000
Method for distance calculation: Distance.MULTISET_DISTANCE
Method for finding clusters: ClusteringMethod.COMMUNITY_DETECTION
Original log location: ./data/noImprInLoop_default_OD\feb17-0936\logs\E_1_LogD_Sequence_feb17-0936.xes.gz
Use frequency: True

Found communities: 

Clustering with 1017 elements and 33 clusters
[ 0] 7, 42, 67, 80, 95, 98, 107, 117, 120, 155, 158, 184, 220, 246, 255, 258,
     264, 267, 277, 280, 289, 298, 304, 319, 322, 325, 331, 334, 343, 349,
     355, 358, 368, 389, 395, 429, 438, 447, 450, 462, 468, 474, 486, 489,
     492, 495, 512, 519, 522, 540, 549, 552, 555, 558, 564, 578, 581, 590,
     593, 596, 605, 620, 639, 642, 645, 648, 654, 657, 663, 666, 675, 681,
     690, 702, 708, 723, 741, 748, 751, 754, 757, 760, 772, 778, 784, 787,
     790, 793, 796, 799, 814, 821, 842, 845, 848, 854, 860, 873, 876, 879,
     888, 891, 894, 901, 907, 913, 916, 932, 935, 956, 962, 968, 971, 977,
     980, 987, 993, 1002, 1008, 1014
[ 1] 8, 43, 68, 81, 96, 99, 108, 118, 121, 156, 159, 185, 221, 247, 256, 259,
     265, 268, 278, 281, 290, 299, 305, 320, 323, 326, 332, 335, 344, 350,
     356, 359, 369, 390, 396, 430, 439, 448, 451, 463, 469, 475, 487, 490,
     493, 496, 513, 520, 523, 541, 550, 553, 556, 559, 565, 579, 582, 591,
     594, 597, 606, 621, 640, 643, 646, 649, 655, 658, 664, 667, 676, 682,
     691, 703, 709, 724, 742, 749, 752, 755, 758, 761, 773, 779, 785, 788,
     791, 794, 797, 800, 815, 822, 843, 846, 849, 855, 861, 874, 877, 880,
     889, 892, 895, 902, 908, 914, 917, 933, 936, 957, 963, 969, 972, 978,
     981, 988, 994, 1003, 1009, 1015
[ 2] 10, 17, 27, 30, 33, 86, 89, 92, 110, 126, 136, 142, 149, 152, 161, 168,
     190, 204, 214, 226, 229, 235, 261, 274, 283, 292, 301, 316, 340, 346,
     365, 371, 374, 377, 380, 386, 392, 401, 404, 407, 410, 413, 416, 432,
     441, 456, 465, 471, 477, 480, 483, 502, 509, 525, 528, 531, 534, 537,
     543, 561, 571, 599, 611, 617, 623, 626, 636, 651, 669, 684, 687, 696,
     699, 705, 714, 717, 720, 726, 729, 732, 735, 738, 766, 769, 775, 781,
     802, 805, 827, 830, 833, 836, 839, 851, 857, 882, 885, 904, 919, 926,
     929, 938, 941, 944, 947, 950, 953, 959, 965, 974, 990, 996, 999, 1005
[ 3] 11, 18, 28, 31, 34, 87, 90, 93, 111, 127, 137, 143, 150, 153, 162, 169,
     191, 205, 215, 227, 230, 236, 262, 275, 284, 293, 302, 317, 341, 347,
     366, 372, 375, 378, 381, 387, 393, 402, 405, 408, 411, 414, 417, 433,
     442, 457, 466, 472, 478, 481, 484, 503, 510, 526, 529, 532, 535, 538,
     544, 562, 572, 600, 612, 618, 624, 627, 637, 652, 670, 685, 688, 697,
     700, 706, 715, 718, 721, 727, 730, 733, 736, 739, 767, 770, 776, 782,
     803, 806, 828, 831, 834, 837, 840, 852, 858, 883, 886, 905, 920, 927,
     930, 939, 942, 945, 948, 951, 954, 960, 966, 975, 991, 997, 1000, 1006
[ 4] 16, 62, 125, 173, 186, 196, 206, 210, 245, 306, 385, 394, 400, 437, 446,
     461, 508, 539, 598, 622, 635, 644, 650, 674, 704, 710, 731, 750, 771,
     810, 835, 875, 884, 900, 925, 949, 952, 958, 1010, 1013
[ 5] 6, 12, 29, 35, 41, 85, 91, 116, 144, 154, 163, 180, 213, 376, 403, 409,
     418, 428, 434, 473, 482, 530, 573, 619, 719, 722, 734, 737, 807, 832,
     853, 859, 928, 940, 961, 967, 992, 998, 1007
[ 6] 54, 66, 79, 82, 100, 119, 122, 131, 257, 279, 291, 309, 351, 360, 440,
     449, 464, 470, 514, 551, 557, 641, 659, 665, 677, 680, 725, 759, 762,
     765, 789, 813, 823, 856, 881, 903, 909, 964
[ 7] 203, 234, 251, 364, 391, 455, 504, 511, 566, 577, 638, 662, 689, 747,
     774, 801, 804, 862, 872, 896, 912, 970, 976
[ 8] 2, 9, 157, 167, 297, 300, 324, 336, 431, 491, 521, 542, 583, 589, 595,
     692, 743, 792, 844, 893, 1016
[ 9] 44, 72, 177, 222, 269, 345, 354, 357, 476, 494, 524, 560, 610, 647, 668,
     786, 795, 816, 890, 934
[10] 32, 76, 94, 128, 138, 216, 237, 288, 294, 312, 388, 406, 415, 458, 527,
     536, 783, 931
[11] 22, 69, 109, 248, 266, 370, 397, 501, 656, 756, 780, 798, 847, 869, 878,
     915, 918
[12] 26, 88, 106, 151, 263, 285, 339, 348, 379, 479, 625, 707, 740, 768, 838,
     906, 955
[13] 3, 23, 55, 59, 73, 113, 145, 193, 207, 242, 270, 361, 422, 515, 567, 574,
     897
[14] 4, 24, 56, 60, 74, 114, 146, 194, 208, 243, 271, 362, 423, 516, 568, 575,
     898
[15] 5, 25, 57, 61, 75, 115, 147, 195, 209, 244, 272, 363, 424, 517, 569, 576,
     899
[16] 0, 20, 48, 70, 101, 129, 171, 187, 201, 252, 307, 398, 435, 453, 459,
     602, 824
[17] 1, 21, 49, 71, 102, 130, 172, 188, 202, 253, 308, 399, 436, 454, 460,
     603, 825
[18] 19, 38, 148, 225, 231, 303, 318, 367, 412, 485, 701, 713, 716, 829, 841,
     887, 943
[19] 103, 219, 276, 330, 373, 421, 452, 497, 518, 545, 548, 592, 653, 686,
     698, 986, 1001
[20] 45, 77, 295, 328, 352, 587, 608, 614, 629, 678, 693, 763, 808, 811, 867,
     910, 1011
[21] 46, 78, 296, 329, 353, 588, 609, 615, 630, 679, 694, 764, 809, 812, 868,
     911, 1012
[22] 13, 51, 63, 132, 164, 174, 197, 238, 498, 505, 632, 744, 817, 863, 922,
     983
[23] 14, 52, 64, 133, 165, 175, 198, 239, 499, 506, 633, 745, 818, 864, 923,
     984
[24] 15, 53, 65, 134, 166, 176, 199, 240, 500, 507, 634, 746, 819, 865, 924,
     985
[25] 47, 50, 112, 183, 228, 241, 273, 321, 425, 604, 671, 777, 820, 850, 973,
     989
[26] 36, 83, 104, 123, 139, 178, 181, 217, 249, 286, 313, 383, 444, 672, 870
[27] 37, 84, 105, 124, 140, 179, 182, 218, 250, 287, 314, 384, 445, 673, 871
[28] 58, 141, 170, 192, 342, 382, 443, 467, 533, 563, 586, 601, 728, 921, 946
[29] 97, 160, 189, 200, 260, 327, 333, 488, 554, 580, 616, 683, 695, 937, 982
[30] 135, 254, 282, 315, 570, 607, 613, 628, 631, 753, 826, 866, 979, 995,
     1004
[31] 39, 211, 223, 232, 310, 337, 419, 426, 546, 584, 660, 711
[32] 40, 212, 224, 233, 311, 338, 420, 427, 547, 585, 661, 712

Reassigned labels

Runtime: 0.7900435924530029

Performance split_log:

IM without threshold:
Map:
{"A_0": "A", "A_1": "A", "A_2": "A", "A_3": "A", "A_4": "A", "A_5": "A", "A_6": "A", "A_7": "A", "A_8": "A", "A_9": "A", "A_10": "A", "A_11": "A", "A_12": "A", "A_13": "A", "A_14": "A", "A_15": "A", "A_16": "A", "A_17": "A", "A_18": "A", "A_19": "A", "A_20": "A", "A_21": "A", "A_22": "A", "A_23": "A", "A_24": "A", "A_25": "A", "A_26": "A", "A_27": "A", "A_28": "A", "A_29": "A", "A_30": "A", "A_31": "A", "A_32": "A"}
token_fitness
{"perc_fit_traces": 32.7, "average_trace_fitness": 0.8894235708152288, "log_fitness": 0.8847639504725606, "percentage_of_fitting_traces": 32.7}
precision
0.9839857651245552
0.728
generalization
0.6094607822122755

Adjusted Rand Index:
0.3376791395279194

Best precision found:
0.9997942175120897