
 Performance of golden standard model:
token_fitness
{"perc_fit_traces": 71.6, "average_trace_fitness": 0.950106942727273, "log_fitness": 0.9538794999985474, "percentage_of_fitting_traces": 71.6}
precision
0.7127255460588794
0.6811594202898551
generalization
0.9580592816733589

 Xixi split labels:
['D_X_0', 'D_X_1']

 Xixi refined log results:

 IM without noise threshold:
token_fitness
{"perc_fit_traces": 0.0, "average_trace_fitness": 0.9364499831822725, "log_fitness": 0.9364036023731274, "percentage_of_fitting_traces": 0.0}
precision
0.7231176130258699
0.6571428571428571
generalization
0.9175177405145785

 Xixi clustering:
Clustering with 2819 elements and 2 clusters
[0] 0, 6, 15, 18, 52, 56, 73, 82, 93, 116, 127, 132, 140, 145, 152, 159, 163,
    167, 179, 183, 186, 190, 194, 198, 201, 213, 234, 238, 244, 247, 252, 255,
    259, 273, 278, 284, 306, 310, 316, 319, 322, 326, 336, 341, 353, 360, 365,
    368, 373, 386, 408, 423, 429, 443, 446, 470, 478, 486, 490, 497, 500, 503,
    508, 515, 528, 532, 536, 540, 547, 556, 561, 569, 592, 604, 627, 630, 634,
    652, 661, 674, 677, 683, 692, 695, 698, 702, 727, 733, 737, 740, 743, 747,
    758, 761, 764, 768, 772, 782, 786, 796, 802, 805, 814, 820, 828, 831, 837,
    846, 851, 874, 895, 899, 906, 909, 912, 921, 925, 931, 935, 945, 955, 959,
    973, 978, 984, 1004, 1008, 1011, 1019, 1023, 1036, 1040, 1044, 1055, 1059,
    1063, 1068, 1072, 1076, 1080, 1086, 1090, 1094, 1097, 1102, 1115, 1122,
    1133, 1139, 1143, 1158, 1168, 1172, 1186, 1206, 1215, 1221, 1224, 1232,
    1239, 1242, 1246, 1251, 1255, 1259, 1275, 1290, 1303, 1320, 1323, 1330,
    1338, 1342, 1347, 1354, 1374, 1377, 1387, 1393, 1400, 1409, 1413, 1417,
    1436, 1439, 1447, 1451, 1460, 1475, 1489, 1492, 1499, 1507, 1510, 1513,
    1516, 1522, 1525, 1533, 1538, 1555, 1573, 1584, 1607, 1619, 1622, 1628,
    1631, 1637, 1644, 1659, 1665, 1672, 1681, 1684, 1690, 1699, 1709, 1712,
    1728, 1735, 1739, 1745, 1749, 1757, 1767, 1773, 1777, 1782, 1787, 1791,
    1804, 1819, 1834, 1837, 1842, 1852, 1859, 1862, 1866, 1882, 1886, 1895,
    1898, 1902, 1905, 1908, 1920, 1930, 1946, 1949, 1953, 1956, 1959, 1975,
    1979, 1989, 1992, 1995, 2000, 2004, 2013, 2025, 2030, 2049, 2070, 2083,
    2087, 2114, 2126, 2135, 2138, 2141, 2144, 2147, 2151, 2156, 2163, 2170,
    2173, 2199, 2203, 2211, 2214, 2265, 2275, 2279, 2286, 2307, 2321, 2342,
    2345, 2352, 2358, 2372, 2376, 2384, 2395, 2403, 2407, 2410, 2440, 2443,
    2446, 2449, 2453, 2461, 2465, 2471, 2474, 2478, 2482, 2499, 2502, 2516,
    2520, 2529, 2533, 2536, 2539, 2560, 2568, 2575, 2584, 2590, 2594, 2617,
    2621, 2625, 2628, 2631, 2640, 2649, 2653, 2665, 2672, 2676, 2683, 2686,
    2690, 2694, 2719, 2723, 2733, 2737, 2743, 2747, 2752, 2756, 2762, 2768,
    2791, 2794, 2803
[1] 1, 2, 3, 4, 5, 7, 8, 9, 10, 11, 12, 13, 14, 16, 17, 19, 20, 21, 22, 23,
    24, 25, 26, 27, 28, 29, 30, 31, 32, 33, 34, 35, 36, 37, 38, 39, 40, 41,
    42, 43, 44, 45, 46, 47, 48, 49, 50, 51, 53, 54, 55, 57, 58, 59, 60, 61,
    62, 63, 64, 65, 66, 67, 68, 69, 70, 71, 72, 74, 75, 76, 77, 78, 79, 80,
    81, 83, 84, 85, 86, 87, 88, 89, 90, 91, 92, 94, 95, 96, 97, 98, 99, 100,
    101, 102, 103, 104, 105, 106, 107, 108, 109, 110, 111, 112, 113, 114, 115,
    117, 118, 119, 120, 121, 122, 123, 124, 125, 126, 128, 129, 130, 131, 133,
    134, 135, 136, 137, 138, 139, 141, 142, 143, 144, 146, 147, 148, 149, 150,
    151, 153, 154, 155, 156, 157, 158, 160, 161, 162, 164, 165, 166, 168, 169,
    170, 171, 172, 173, 174, 175, 176, 177, 178, 180, 181, 182, 184, 185, 187,
    188, 189, 191, 192, 193, 195, 196, 197, 199, 200, 202, 203, 204, 205, 206,
    207, 208, 209, 210, 211, 212, 214, 215, 216, 217, 218, 219, 220, 221, 222,
    223, 224, 225, 226, 227, 228, 229, 230, 231, 232, 233, 235, 236, 237, 239,
    240, 241, 242, 243, 245, 246, 248, 249, 250, 251, 253, 254, 256, 257, 258,
    260, 261, 262, 263, 264, 265, 266, 267, 268, 269, 270, 271, 272, 274, 275,
    276, 277, 279, 280, 281, 282, 283, 285, 286, 287, 288, 289, 290, 291, 292,
    293, 294, 295, 296, 297, 298, 299, 300, 301, 302, 303, 304, 305, 307, 308,
    309, 311, 312, 313, 314, 315, 317, 318, 320, 321, 323, 324, 325, 327, 328,
    329, 330, 331, 332, 333, 334, 335, 337, 338, 339, 340, 342, 343, 344, 345,
    346, 347, 348, 349, 350, 351, 352, 354, 355, 356, 357, 358, 359, 361, 362,
    363, 364, 366, 367, 369, 370, 371, 372, 374, 375, 376, 377, 378, 379, 380,
    381, 382, 383, 384, 385, 387, 388, 389, 390, 391, 392, 393, 394, 395, 396,
    397, 398, 399, 400, 401, 402, 403, 404, 405, 406, 407, 409, 410, 411, 412,
    413, 414, 415, 416, 417, 418, 419, 420, 421, 422, 424, 425, 426, 427, 428,
    430, 431, 432, 433, 434, 435, 436, 437, 438, 439, 440, 441, 442, 444, 445,
    447, 448, 449, 450, 451, 452, 453, 454, 455, 456, 457, 458, 459, 460, 461,
    462, 463, 464, 465, 466, 467, 468, 469, 471, 472, 473, 474, 475, 476, 477,
    479, 480, 481, 482, 483, 484, 485, 487, 488, 489, 491, 492, 493, 494, 495,
    496, 498, 499, 501, 502, 504, 505, 506, 507, 509, 510, 511, 512, 513, 514,
    516, 517, 518, 519, 520, 521, 522, 523, 524, 525, 526, 527, 529, 530, 531,
    533, 534, 535, 537, 538, 539, 541, 542, 543, 544, 545, 546, 548, 549, 550,
    551, 552, 553, 554, 555, 557, 558, 559, 560, 562, 563, 564, 565, 566, 567,
    568, 570, 571, 572, 573, 574, 575, 576, 577, 578, 579, 580, 581, 582, 583,
    584, 585, 586, 587, 588, 589, 590, 591, 593, 594, 595, 596, 597, 598, 599,
    600, 601, 602, 603, 605, 606, 607, 608, 609, 610, 611, 612, 613, 614, 615,
    616, 617, 618, 619, 620, 621, 622, 623, 624, 625, 626, 628, 629, 631, 632,
    633, 635, 636, 637, 638, 639, 640, 641, 642, 643, 644, 645, 646, 647, 648,
    649, 650, 651, 653, 654, 655, 656, 657, 658, 659, 660, 662, 663, 664, 665,
    666, 667, 668, 669, 670, 671, 672, 673, 675, 676, 678, 679, 680, 681, 682,
    684, 685, 686, 687, 688, 689, 690, 691, 693, 694, 696, 697, 699, 700, 701,
    703, 704, 705, 706, 707, 708, 709, 710, 711, 712, 713, 714, 715, 716, 717,
    718, 719, 720, 721, 722, 723, 724, 725, 726, 728, 729, 730, 731, 732, 734,
    735, 736, 738, 739, 741, 742, 744, 745, 746, 748, 749, 750, 751, 752, 753,
    754, 755, 756, 757, 759, 760, 762, 763, 765, 766, 767, 769, 770, 771, 773,
    774, 775, 776, 777, 778, 779, 780, 781, 783, 784, 785, 787, 788, 789, 790,
    791, 792, 793, 794, 795, 797, 798, 799, 800, 801, 803, 804, 806, 807, 808,
    809, 810, 811, 812, 813, 815, 816, 817, 818, 819, 821, 822, 823, 824, 825,
    826, 827, 829, 830, 832, 833, 834, 835, 836, 838, 839, 840, 841, 842, 843,
    844, 845, 847, 848, 849, 850, 852, 853, 854, 855, 856, 857, 858, 859, 860,
    861, 862, 863, 864, 865, 866, 867, 868, 869, 870, 871, 872, 873, 875, 876,
    877, 878, 879, 880, 881, 882, 883, 884, 885, 886, 887, 888, 889, 890, 891,
    892, 893, 894, 896, 897, 898, 900, 901, 902, 903, 904, 905, 907, 908, 910,
    911, 913, 914, 915, 916, 917, 918, 919, 920, 922, 923, 924, 926, 927, 928,
    929, 930, 932, 933, 934, 936, 937, 938, 939, 940, 941, 942, 943, 944, 946,
    947, 948, 949, 950, 951, 952, 953, 954, 956, 957, 958, 960, 961, 962, 963,
    964, 965, 966, 967, 968, 969, 970, 971, 972, 974, 975, 976, 977, 979, 980,
    981, 982, 983, 985, 986, 987, 988, 989, 990, 991, 992, 993, 994, 995, 996,
    997, 998, 999, 1000, 1001, 1002, 1003, 1005, 1006, 1007, 1009, 1010, 1012,
    1013, 1014, 1015, 1016, 1017, 1018, 1020, 1021, 1022, 1024, 1025, 1026,
    1027, 1028, 1029, 1030, 1031, 1032, 1033, 1034, 1035, 1037, 1038, 1039,
    1041, 1042, 1043, 1045, 1046, 1047, 1048, 1049, 1050, 1051, 1052, 1053,
    1054, 1056, 1057, 1058, 1060, 1061, 1062, 1064, 1065, 1066, 1067, 1069,
    1070, 1071, 1073, 1074, 1075, 1077, 1078, 1079, 1081, 1082, 1083, 1084,
    1085, 1087, 1088, 1089, 1091, 1092, 1093, 1095, 1096, 1098, 1099, 1100,
    1101, 1103, 1104, 1105, 1106, 1107, 1108, 1109, 1110, 1111, 1112, 1113,
    1114, 1116, 1117, 1118, 1119, 1120, 1121, 1123, 1124, 1125, 1126, 1127,
    1128, 1129, 1130, 1131, 1132, 1134, 1135, 1136, 1137, 1138, 1140, 1141,
    1142, 1144, 1145, 1146, 1147, 1148, 1149, 1150, 1151, 1152, 1153, 1154,
    1155, 1156, 1157, 1159, 1160, 1161, 1162, 1163, 1164, 1165, 1166, 1167,
    1169, 1170, 1171, 1173, 1174, 1175, 1176, 1177, 1178, 1179, 1180, 1181,
    1182, 1183, 1184, 1185, 1187, 1188, 1189, 1190, 1191, 1192, 1193, 1194,
    1195, 1196, 1197, 1198, 1199, 1200, 1201, 1202, 1203, 1204, 1205, 1207,
    1208, 1209, 1210, 1211, 1212, 1213, 1214, 1216, 1217, 1218, 1219, 1220,
    1222, 1223, 1225, 1226, 1227, 1228, 1229, 1230, 1231, 1233, 1234, 1235,
    1236, 1237, 1238, 1240, 1241, 1243, 1244, 1245, 1247, 1248, 1249, 1250,
    1252, 1253, 1254, 1256, 1257, 1258, 1260, 1261, 1262, 1263, 1264, 1265,
    1266, 1267, 1268, 1269, 1270, 1271, 1272, 1273, 1274, 1276, 1277, 1278,
    1279, 1280, 1281, 1282, 1283, 1284, 1285, 1286, 1287, 1288, 1289, 1291,
    1292, 1293, 1294, 1295, 1296, 1297, 1298, 1299, 1300, 1301, 1302, 1304,
    1305, 1306, 1307, 1308, 1309, 1310, 1311, 1312, 1313, 1314, 1315, 1316,
    1317, 1318, 1319, 1321, 1322, 1324, 1325, 1326, 1327, 1328, 1329, 1331,
    1332, 1333, 1334, 1335, 1336, 1337, 1339, 1340, 1341, 1343, 1344, 1345,
    1346, 1348, 1349, 1350, 1351, 1352, 1353, 1355, 1356, 1357, 1358, 1359,
    1360, 1361, 1362, 1363, 1364, 1365, 1366, 1367, 1368, 1369, 1370, 1371,
    1372, 1373, 1375, 1376, 1378, 1379, 1380, 1381, 1382, 1383, 1384, 1385,
    1386, 1388, 1389, 1390, 1391, 1392, 1394, 1395, 1396, 1397, 1398, 1399,
    1401, 1402, 1403, 1404, 1405, 1406, 1407, 1408, 1410, 1411, 1412, 1414,
    1415, 1416, 1418, 1419, 1420, 1421, 1422, 1423, 1424, 1425, 1426, 1427,
    1428, 1429, 1430, 1431, 1432, 1433, 1434, 1435, 1437, 1438, 1440, 1441,
    1442, 1443, 1444, 1445, 1446, 1448, 1449, 1450, 1452, 1453, 1454, 1455,
    1456, 1457, 1458, 1459, 1461, 1462, 1463, 1464, 1465, 1466, 1467, 1468,
    1469, 1470, 1471, 1472, 1473, 1474, 1476, 1477, 1478, 1479, 1480, 1481,
    1482, 1483, 1484, 1485, 1486, 1487, 1488, 1490, 1491, 1493, 1494, 1495,
    1496, 1497, 1498, 1500, 1501, 1502, 1503, 1504, 1505, 1506, 1508, 1509,
    1511, 1512, 1514, 1515, 1517, 1518, 1519, 1520, 1521, 1523, 1524, 1526,
    1527, 1528, 1529, 1530, 1531, 1532, 1534, 1535, 1536, 1537, 1539, 1540,
    1541, 1542, 1543, 1544, 1545, 1546, 1547, 1548, 1549, 1550, 1551, 1552,
    1553, 1554, 1556, 1557, 1558, 1559, 1560, 1561, 1562, 1563, 1564, 1565,
    1566, 1567, 1568, 1569, 1570, 1571, 1572, 1574, 1575, 1576, 1577, 1578,
    1579, 1580, 1581, 1582, 1583, 1585, 1586, 1587, 1588, 1589, 1590, 1591,
    1592, 1593, 1594, 1595, 1596, 1597, 1598, 1599, 1600, 1601, 1602, 1603,
    1604, 1605, 1606, 1608, 1609, 1610, 1611, 1612, 1613, 1614, 1615, 1616,
    1617, 1618, 1620, 1621, 1623, 1624, 1625, 1626, 1627, 1629, 1630, 1632,
    1633, 1634, 1635, 1636, 1638, 1639, 1640, 1641, 1642, 1643, 1645, 1646,
    1647, 1648, 1649, 1650, 1651, 1652, 1653, 1654, 1655, 1656, 1657, 1658,
    1660, 1661, 1662, 1663, 1664, 1666, 1667, 1668, 1669, 1670, 1671, 1673,
    1674, 1675, 1676, 1677, 1678, 1679, 1680, 1682, 1683, 1685, 1686, 1687,
    1688, 1689, 1691, 1692, 1693, 1694, 1695, 1696, 1697, 1698, 1700, 1701,
    1702, 1703, 1704, 1705, 1706, 1707, 1708, 1710, 1711, 1713, 1714, 1715,
    1716, 1717, 1718, 1719, 1720, 1721, 1722, 1723, 1724, 1725, 1726, 1727,
    1729, 1730, 1731, 1732, 1733, 1734, 1736, 1737, 1738, 1740, 1741, 1742,
    1743, 1744, 1746, 1747, 1748, 1750, 1751, 1752, 1753, 1754, 1755, 1756,
    1758, 1759, 1760, 1761, 1762, 1763, 1764, 1765, 1766, 1768, 1769, 1770,
    1771, 1772, 1774, 1775, 1776, 1778, 1779, 1780, 1781, 1783, 1784, 1785,
    1786, 1788, 1789, 1790, 1792, 1793, 1794, 1795, 1796, 1797, 1798, 1799,
    1800, 1801, 1802, 1803, 1805, 1806, 1807, 1808, 1809, 1810, 1811, 1812,
    1813, 1814, 1815, 1816, 1817, 1818, 1820, 1821, 1822, 1823, 1824, 1825,
    1826, 1827, 1828, 1829, 1830, 1831, 1832, 1833, 1835, 1836, 1838, 1839,
    1840, 1841, 1843, 1844, 1845, 1846, 1847, 1848, 1849, 1850, 1851, 1853,
    1854, 1855, 1856, 1857, 1858, 1860, 1861, 1863, 1864, 1865, 1867, 1868,
    1869, 1870, 1871, 1872, 1873, 1874, 1875, 1876, 1877, 1878, 1879, 1880,
    1881, 1883, 1884, 1885, 1887, 1888, 1889, 1890, 1891, 1892, 1893, 1894,
    1896, 1897, 1899, 1900, 1901, 1903, 1904, 1906, 1907, 1909, 1910, 1911,
    1912, 1913, 1914, 1915, 1916, 1917, 1918, 1919, 1921, 1922, 1923, 1924,
    1925, 1926, 1927, 1928, 1929, 1931, 1932, 1933, 1934, 1935, 1936, 1937,
    1938, 1939, 1940, 1941, 1942, 1943, 1944, 1945, 1947, 1948, 1950, 1951,
    1952, 1954, 1955, 1957, 1958, 1960, 1961, 1962, 1963, 1964, 1965, 1966,
    1967, 1968, 1969, 1970, 1971, 1972, 1973, 1974, 1976, 1977, 1978, 1980,
    1981, 1982, 1983, 1984, 1985, 1986, 1987, 1988, 1990, 1991, 1993, 1994,
    1996, 1997, 1998, 1999, 2001, 2002, 2003, 2005, 2006, 2007, 2008, 2009,
    2010, 2011, 2012, 2014, 2015, 2016, 2017, 2018, 2019, 2020, 2021, 2022,
    2023, 2024, 2026, 2027, 2028, 2029, 2031, 2032, 2033, 2034, 2035, 2036,
    2037, 2038, 2039, 2040, 2041, 2042, 2043, 2044, 2045, 2046, 2047, 2048,
    2050, 2051, 2052, 2053, 2054, 2055, 2056, 2057, 2058, 2059, 2060, 2061,
    2062, 2063, 2064, 2065, 2066, 2067, 2068, 2069, 2071, 2072, 2073, 2074,
    2075, 2076, 2077, 2078, 2079, 2080, 2081, 2082, 2084, 2085, 2086, 2088,
    2089, 2090, 2091, 2092, 2093, 2094, 2095, 2096, 2097, 2098, 2099, 2100,
    2101, 2102, 2103, 2104, 2105, 2106, 2107, 2108, 2109, 2110, 2111, 2112,
    2113, 2115, 2116, 2117, 2118, 2119, 2120, 2121, 2122, 2123, 2124, 2125,
    2127, 2128, 2129, 2130, 2131, 2132, 2133, 2134, 2136, 2137, 2139, 2140,
    2142, 2143, 2145, 2146, 2148, 2149, 2150, 2152, 2153, 2154, 2155, 2157,
    2158, 2159, 2160, 2161, 2162, 2164, 2165, 2166, 2167, 2168, 2169, 2171,
    2172, 2174, 2175, 2176, 2177, 2178, 2179, 2180, 2181, 2182, 2183, 2184,
    2185, 2186, 2187, 2188, 2189, 2190, 2191, 2192, 2193, 2194, 2195, 2196,
    2197, 2198, 2200, 2201, 2202, 2204, 2205, 2206, 2207, 2208, 2209, 2210,
    2212, 2213, 2215, 2216, 2217, 2218, 2219, 2220, 2221, 2222, 2223, 2224,
    2225, 2226, 2227, 2228, 2229, 2230, 2231, 2232, 2233, 2234, 2235, 2236,
    2237, 2238, 2239, 2240, 2241, 2242, 2243, 2244, 2245, 2246, 2247, 2248,
    2249, 2250, 2251, 2252, 2253, 2254, 2255, 2256, 2257, 2258, 2259, 2260,
    2261, 2262, 2263, 2264, 2266, 2267, 2268, 2269, 2270, 2271, 2272, 2273,
    2274, 2276, 2277, 2278, 2280, 2281, 2282, 2283, 2284, 2285, 2287, 2288,
    2289, 2290, 2291, 2292, 2293, 2294, 2295, 2296, 2297, 2298, 2299, 2300,
    2301, 2302, 2303, 2304, 2305, 2306, 2308, 2309, 2310, 2311, 2312, 2313,
    2314, 2315, 2316, 2317, 2318, 2319, 2320, 2322, 2323, 2324, 2325, 2326,
    2327, 2328, 2329, 2330, 2331, 2332, 2333, 2334, 2335, 2336, 2337, 2338,
    2339, 2340, 2341, 2343, 2344, 2346, 2347, 2348, 2349, 2350, 2351, 2353,
    2354, 2355, 2356, 2357, 2359, 2360, 2361, 2362, 2363, 2364, 2365, 2366,
    2367, 2368, 2369, 2370, 2371, 2373, 2374, 2375, 2377, 2378, 2379, 2380,
    2381, 2382, 2383, 2385, 2386, 2387, 2388, 2389, 2390, 2391, 2392, 2393,
    2394, 2396, 2397, 2398, 2399, 2400, 2401, 2402, 2404, 2405, 2406, 2408,
    2409, 2411, 2412, 2413, 2414, 2415, 2416, 2417, 2418, 2419, 2420, 2421,
    2422, 2423, 2424, 2425, 2426, 2427, 2428, 2429, 2430, 2431, 2432, 2433,
    2434, 2435, 2436, 2437, 2438, 2439, 2441, 2442, 2444, 2445, 2447, 2448,
    2450, 2451, 2452, 2454, 2455, 2456, 2457, 2458, 2459, 2460, 2462, 2463,
    2464, 2466, 2467, 2468, 2469, 2470, 2472, 2473, 2475, 2476, 2477, 2479,
    2480, 2481, 2483, 2484, 2485, 2486, 2487, 2488, 2489, 2490, 2491, 2492,
    2493, 2494, 2495, 2496, 2497, 2498, 2500, 2501, 2503, 2504, 2505, 2506,
    2507, 2508, 2509, 2510, 2511, 2512, 2513, 2514, 2515, 2517, 2518, 2519,
    2521, 2522, 2523, 2524, 2525, 2526, 2527, 2528, 2530, 2531, 2532, 2534,
    2535, 2537, 2538, 2540, 2541, 2542, 2543, 2544, 2545, 2546, 2547, 2548,
    2549, 2550, 2551, 2552, 2553, 2554, 2555, 2556, 2557, 2558, 2559, 2561,
    2562, 2563, 2564, 2565, 2566, 2567, 2569, 2570, 2571, 2572, 2573, 2574,
    2576, 2577, 2578, 2579, 2580, 2581, 2582, 2583, 2585, 2586, 2587, 2588,
    2589, 2591, 2592, 2593, 2595, 2596, 2597, 2598, 2599, 2600, 2601, 2602,
    2603, 2604, 2605, 2606, 2607, 2608, 2609, 2610, 2611, 2612, 2613, 2614,
    2615, 2616, 2618, 2619, 2620, 2622, 2623, 2624, 2626, 2627, 2629, 2630,
    2632, 2633, 2634, 2635, 2636, 2637, 2638, 2639, 2641, 2642, 2643, 2644,
    2645, 2646, 2647, 2648, 2650, 2651, 2652, 2654, 2655, 2656, 2657, 2658,
    2659, 2660, 2661, 2662, 2663, 2664, 2666, 2667, 2668, 2669, 2670, 2671,
    2673, 2674, 2675, 2677, 2678, 2679, 2680, 2681, 2682, 2684, 2685, 2687,
    2688, 2689, 2691, 2692, 2693, 2695, 2696, 2697, 2698, 2699, 2700, 2701,
    2702, 2703, 2704, 2705, 2706, 2707, 2708, 2709, 2710, 2711, 2712, 2713,
    2714, 2715, 2716, 2717, 2718, 2720, 2721, 2722, 2724, 2725, 2726, 2727,
    2728, 2729, 2730, 2731, 2732, 2734, 2735, 2736, 2738, 2739, 2740, 2741,
    2742, 2744, 2745, 2746, 2748, 2749, 2750, 2751, 2753, 2754, 2755, 2757,
    2758, 2759, 2760, 2761, 2763, 2764, 2765, 2766, 2767, 2769, 2770, 2771,
    2772, 2773, 2774, 2775, 2776, 2777, 2778, 2779, 2780, 2781, 2782, 2783,
    2784, 2785, 2786, 2787, 2788, 2789, 2790, 2792, 2793, 2795, 2796, 2797,
    2798, 2799, 2800, 2801, 2802, 2804, 2805, 2806, 2807, 2808, 2809, 2810,
    2811, 2812, 2813, 2814, 2815, 2816, 2817, 2818

 Data from log without imprecise labels

 IM without noise threshold:
token_fitness
{"perc_fit_traces": 100.0, "average_trace_fitness": 1.0, "log_fitness": 1.0, "percentage_of_fitting_traces": 100.0}
precision
0.6355553569832901
0.6811594202898551
generalization
0.9583316541089658

 Original Labels:
['D', 'S', 'N', 'R']

 Ground truth clustering clustering:
Clustering with 2819 elements and 4 clusters
[0] 0, 6, 15, 18, 52, 56, 73, 82, 93, 116, 127, 132, 140, 145, 152, 159, 163,
    167, 179, 183, 186, 190, 194, 198, 201, 213, 234, 238, 244, 247, 252, 255,
    259, 273, 278, 284, 306, 310, 316, 319, 322, 326, 336, 341, 353, 360, 365,
    368, 373, 386, 408, 423, 429, 443, 446, 470, 478, 486, 490, 497, 500, 503,
    508, 515, 528, 532, 536, 540, 547, 556, 561, 569, 592, 604, 627, 630, 634,
    652, 661, 674, 677, 683, 692, 695, 698, 702, 727, 733, 737, 740, 743, 747,
    758, 761, 764, 768, 772, 782, 786, 796, 802, 805, 814, 820, 828, 831, 837,
    846, 851, 874, 895, 899, 906, 909, 912, 921, 925, 931, 935, 945, 955, 959,
    973, 978, 984, 1004, 1008, 1011, 1019, 1023, 1036, 1040, 1044, 1055, 1059,
    1063, 1068, 1072, 1076, 1080, 1086, 1090, 1094, 1097, 1102, 1115, 1122,
    1133, 1139, 1143, 1158, 1168, 1172, 1186, 1206, 1215, 1221, 1224, 1232,
    1239, 1242, 1246, 1251, 1255, 1259, 1275, 1290, 1303, 1320, 1323, 1330,
    1338, 1342, 1347, 1354, 1374, 1377, 1387, 1393, 1400, 1409, 1413, 1417,
    1436, 1439, 1447, 1451, 1460, 1475, 1489, 1492, 1499, 1507, 1510, 1513,
    1516, 1522, 1525, 1533, 1538, 1555, 1573, 1584, 1607, 1619, 1622, 1628,
    1631, 1637, 1644, 1659, 1665, 1672, 1681, 1684, 1690, 1699, 1709, 1712,
    1728, 1735, 1739, 1745, 1749, 1757, 1767, 1773, 1777, 1782, 1787, 1791,
    1804, 1819, 1834, 1837, 1842, 1852, 1859, 1862, 1866, 1882, 1886, 1895,
    1898, 1902, 1905, 1908, 1920, 1930, 1946, 1949, 1953, 1956, 1959, 1975,
    1979, 1989, 1992, 1995, 2000, 2004, 2013, 2025, 2030, 2049, 2070, 2083,
    2087, 2114, 2126, 2135, 2138, 2141, 2144, 2147, 2151, 2156, 2163, 2170,
    2173, 2199, 2203, 2211, 2214, 2265, 2275, 2279, 2286, 2307, 2321, 2342,
    2345, 2352, 2358, 2372, 2376, 2384, 2395, 2403, 2407, 2410, 2440, 2443,
    2446, 2449, 2453, 2461, 2465, 2471, 2474, 2478, 2482, 2499, 2502, 2516,
    2520, 2529, 2533, 2536, 2539, 2560, 2568, 2575, 2584, 2590, 2594, 2617,
    2621, 2625, 2628, 2631, 2640, 2649, 2653, 2665, 2672, 2676, 2683, 2686,
    2690, 2694, 2719, 2723, 2733, 2737, 2743, 2747, 2752, 2756, 2762, 2768,
    2791, 2794, 2803
[1] 4, 10, 13, 21, 28, 30, 33, 37, 38, 41, 46, 49, 54, 58, 60, 63, 69, 75, 79,
    87, 88, 95, 103, 107, 113, 118, 123, 134, 147, 150, 160, 164, 174, 180,
    189, 192, 195, 204, 206, 212, 214, 219, 222, 225, 230, 232, 236, 241, 257,
    262, 266, 270, 282, 291, 300, 305, 308, 312, 324, 329, 342, 349, 351, 355,
    357, 378, 382, 390, 396, 405, 411, 421, 428, 432, 436, 440, 447, 451, 454,
    457, 462, 464, 468, 471, 484, 489, 509, 513, 518, 521, 531, 535, 538, 548,
    551, 566, 572, 573, 583, 590, 593, 597, 602, 605, 610, 612, 622, 631, 637,
    642, 645, 653, 656, 662, 669, 678, 699, 704, 716, 718, 724, 730, 735, 744,
    749, 751, 767, 770, 773, 778, 779, 785, 791, 798, 816, 823, 834, 841, 844,
    860, 863, 877, 880, 881, 886, 889, 893, 898, 902, 904, 913, 917, 923, 927,
    932, 940, 952, 957, 962, 981, 985, 989, 995, 998, 1002, 1006, 1016, 1020,
    1030, 1031, 1037, 1041, 1047, 1052, 1057, 1062, 1069, 1075, 1078, 1082,
    1087, 1092, 1104, 1107, 1116, 1120, 1129, 1130, 1137, 1141, 1147, 1151,
    1159, 1163, 1165, 1169, 1175, 1181, 1185, 1187, 1192, 1198, 1202, 1203,
    1207, 1212, 1218, 1230, 1233, 1238, 1244, 1253, 1258, 1264, 1266, 1271,
    1277, 1279, 1283, 1286, 1292, 1294, 1299, 1301, 1310, 1316, 1335, 1341,
    1349, 1353, 1356, 1365, 1372, 1378, 1382, 1385, 1388, 1394, 1397, 1401,
    1406, 1410, 1414, 1431, 1433, 1440, 1448, 1453, 1456, 1467, 1474, 1476,
    1480, 1486, 1494, 1496, 1502, 1519, 1532, 1539, 1546, 1549, 1551, 1556,
    1563, 1569, 1577, 1581, 1585, 1590, 1593, 1594, 1599, 1604, 1608, 1614,
    1618, 1625, 1632, 1639, 1642, 1647, 1650, 1652, 1654, 1660, 1675, 1679,
    1686, 1692, 1697, 1703, 1725, 1731, 1732, 1737, 1740, 1748, 1754, 1765,
    1770, 1774, 1790, 1796, 1802, 1805, 1810, 1815, 1818, 1820, 1823, 1830,
    1831, 1844, 1846, 1849, 1855, 1856, 1864, 1870, 1872, 1877, 1884, 1889,
    1891, 1900, 1911, 1912, 1918, 1921, 1926, 1927, 1937, 1942, 1945, 1950,
    1964, 1967, 1973, 1976, 1980, 1983, 1987, 2001, 2005, 2008, 2015, 2017,
    2021, 2031, 2037, 2040, 2042, 2050, 2056, 2060, 2068, 2073, 2082, 2085,
    2090, 2093, 2098, 2105, 2116, 2120, 2124, 2150, 2158, 2161, 2164, 2169,
    2178, 2184, 2189, 2194, 2196, 2200, 2206, 2221, 2227, 2233, 2236, 2238,
    2242, 2247, 2252, 2255, 2258, 2259, 2263, 2273, 2277, 2281, 2284, 2288,
    2292, 2301, 2306, 2309, 2311, 2320, 2326, 2327, 2337, 2340, 2353, 2369,
    2373, 2379, 2387, 2389, 2400, 2405, 2411, 2418, 2421, 2432, 2437, 2450,
    2456, 2464, 2467, 2476, 2480, 2486, 2489, 2495, 2498, 2513, 2517, 2522,
    2525, 2530, 2543, 2550, 2553, 2557, 2567, 2570, 2573, 2577, 2579, 2585,
    2591, 2595, 2599, 2611, 2613, 2618, 2622, 2634, 2636, 2644, 2647, 2650,
    2658, 2661, 2664, 2673, 2687, 2693, 2701, 2709, 2713, 2716, 2721, 2725,
    2729, 2731, 2735, 2742, 2744, 2754, 2761, 2765, 2769, 2778, 2785, 2789,
    2806, 2814, 2818
[2] 1, 3, 7, 11, 14, 17, 20, 22, 24, 27, 31, 34, 36, 39, 43, 44, 48, 51, 55,
    57, 62, 64, 67, 70, 72, 76, 78, 80, 83, 85, 89, 92, 96, 98, 100, 102, 104,
    108, 110, 112, 115, 119, 120, 124, 125, 129, 131, 135, 137, 138, 142, 143,
    148, 151, 154, 155, 157, 162, 165, 168, 171, 172, 175, 177, 181, 184, 187,
    193, 197, 199, 203, 205, 209, 211, 215, 217, 220, 223, 227, 229, 233, 237,
    239, 243, 246, 249, 251, 254, 258, 261, 263, 267, 268, 271, 275, 277, 280,
    283, 286, 288, 290, 292, 295, 296, 299, 302, 304, 309, 313, 314, 318, 320,
    323, 327, 331, 333, 334, 338, 339, 343, 346, 348, 352, 356, 358, 361, 364,
    367, 370, 372, 375, 376, 380, 383, 384, 388, 391, 392, 395, 398, 400, 402,
    404, 407, 410, 412, 415, 417, 418, 422, 424, 427, 431, 434, 437, 439, 442,
    444, 448, 450, 455, 458, 459, 463, 465, 469, 473, 475, 477, 480, 482, 485,
    488, 492, 494, 496, 499, 501, 505, 507, 510, 512, 516, 520, 522, 525, 526,
    529, 534, 539, 542, 543, 545, 550, 552, 555, 557, 560, 563, 565, 567, 571,
    574, 577, 579, 581, 584, 585, 588, 591, 595, 598, 599, 603, 607, 609, 611,
    614, 617, 619, 621, 623, 626, 629, 632, 636, 639, 641, 643, 647, 649, 650,
    654, 657, 659, 664, 666, 668, 671, 672, 675, 680, 682, 685, 687, 688, 690,
    694, 697, 701, 705, 707, 709, 711, 712, 714, 719, 721, 723, 726, 729, 732,
    736, 739, 742, 745, 750, 753, 755, 757, 760, 763, 766, 771, 775, 777, 780,
    783, 788, 790, 792, 795, 799, 800, 804, 806, 808, 810, 813, 817, 818, 822,
    825, 827, 830, 833, 835, 839, 840, 845, 848, 850, 852, 854, 857, 858, 862,
    865, 867, 869, 870, 872, 875, 879, 883, 885, 888, 891, 894, 897, 901, 905,
    908, 910, 914, 918, 919, 924, 928, 930, 934, 936, 938, 942, 943, 947, 949,
    950, 954, 956, 961, 963, 966, 968, 970, 972, 975, 976, 979, 983, 986, 990,
    992, 994, 997, 1000, 1003, 1007, 1010, 1013, 1015, 1018, 1022, 1025, 1026,
    1029, 1032, 1035, 1039, 1042, 1046, 1049, 1050, 1054, 1056, 1061, 1064,
    1067, 1071, 1073, 1079, 1081, 1085, 1088, 1093, 1095, 1099, 1101, 1105,
    1106, 1110, 1112, 1114, 1117, 1121, 1123, 1126, 1128, 1131, 1134, 1138,
    1142, 1145, 1148, 1150, 1153, 1154, 1157, 1161, 1162, 1166, 1170, 1173,
    1177, 1179, 1182, 1184, 1188, 1191, 1194, 1196, 1199, 1200, 1205, 1209,
    1211, 1213, 1217, 1219, 1223, 1225, 1228, 1231, 1234, 1236, 1241, 1245,
    1247, 1250, 1252, 1257, 1261, 1263, 1267, 1269, 1272, 1273, 1278, 1281,
    1284, 1285, 1289, 1293, 1296, 1298, 1300, 1304, 1307, 1309, 1311, 1314,
    1315, 1319, 1322, 1325, 1327, 1328, 1332, 1333, 1337, 1340, 1344, 1345,
    1348, 1352, 1357, 1359, 1361, 1362, 1364, 1368, 1370, 1371, 1375, 1380,
    1383, 1386, 1390, 1392, 1396, 1398, 1403, 1405, 1408, 1411, 1416, 1418,
    1420, 1422, 1424, 1427, 1429, 1432, 1435, 1438, 1442, 1444, 1446, 1449,
    1454, 1455, 1459, 1462, 1463, 1466, 1468, 1471, 1473, 1477, 1481, 1483,
    1485, 1487, 1491, 1495, 1498, 1501, 1503, 1505, 1509, 1511, 1515, 1518,
    1521, 1524, 1527, 1528, 1531, 1534, 1537, 1540, 1542, 1545, 1548, 1552,
    1553, 1558, 1560, 1562, 1565, 1566, 1570, 1572, 1574, 1578, 1580, 1583,
    1586, 1589, 1591, 1596, 1598, 1601, 1603, 1606, 1609, 1611, 1615, 1617,
    1621, 1624, 1627, 1629, 1634, 1636, 1640, 1643, 1645, 1648, 1653, 1656,
    1658, 1662, 1663, 1667, 1669, 1671, 1674, 1676, 1678, 1682, 1687, 1688,
    1693, 1695, 1698, 1701, 1704, 1705, 1708, 1711, 1714, 1716, 1718, 1720,
    1722, 1723, 1727, 1730, 1733, 1736, 1742, 1744, 1747, 1751, 1753, 1755,
    1759, 1761, 1763, 1766, 1769, 1771, 1776, 1779, 1780, 1784, 1786, 1789,
    1793, 1795, 1798, 1800, 1803, 1806, 1809, 1812, 1813, 1817, 1821, 1825,
    1827, 1828, 1832, 1836, 1839, 1841, 1845, 1847, 1851, 1853, 1857, 1861,
    1863, 1868, 1869, 1873, 1876, 1879, 1881, 1885, 1887, 1892, 1893, 1897,
    1901, 1903, 1906, 1910, 1913, 1915, 1919, 1923, 1925, 1929, 1932, 1934,
    1936, 1938, 1941, 1943, 1947, 1952, 1955, 1958, 1961, 1962, 1966, 1968,
    1971, 1974, 1978, 1981, 1985, 1988, 1991, 1994, 1997, 1998, 2003, 2007,
    2009, 2012, 2016, 2019, 2022, 2023, 2026, 2028, 2032, 2035, 2036, 2041,
    2043, 2046, 2048, 2052, 2054, 2057, 2058, 2062, 2063, 2065, 2069, 2072,
    2075, 2077, 2079, 2081, 2086, 2088, 2092, 2095, 2096, 2100, 2101, 2104,
    2106, 2108, 2111, 2112, 2117, 2119, 2121, 2125, 2128, 2130, 2132, 2133,
    2136, 2139, 2143, 2145, 2149, 2153, 2155, 2159, 2160, 2165, 2168, 2172,
    2174, 2177, 2180, 2181, 2185, 2186, 2190, 2192, 2195, 2198, 2201, 2204,
    2208, 2210, 2213, 2215, 2218, 2220, 2222, 2225, 2228, 2229, 2232, 2235,
    2237, 2240, 2244, 2245, 2249, 2250, 2254, 2256, 2260, 2262, 2267, 2269,
    2271, 2274, 2276, 2280, 2285, 2289, 2291, 2294, 2296, 2298, 2299, 2303,
    2304, 2310, 2313, 2315, 2317, 2319, 2323, 2325, 2328, 2331, 2333, 2334,
    2338, 2341, 2344, 2347, 2348, 2350, 2355, 2357, 2359, 2362, 2363, 2366,
    2368, 2371, 2374, 2377, 2381, 2383, 2386, 2390, 2392, 2393, 2397, 2399,
    2402, 2406, 2409, 2412, 2415, 2417, 2420, 2423, 2425, 2427, 2428, 2431,
    2434, 2435, 2439, 2442, 2445, 2448, 2452, 2455, 2457, 2460, 2463, 2468,
    2470, 2473, 2475, 2481, 2484, 2485, 2488, 2491, 2493, 2497, 2501, 2504,
    2506, 2507, 2509, 2512, 2515, 2519, 2521, 2526, 2528, 2532, 2534, 2538,
    2541, 2542, 2546, 2547, 2551, 2554, 2556, 2559, 2562, 2564, 2566, 2571,
    2574, 2578, 2581, 2583, 2586, 2589, 2592, 2597, 2600, 2602, 2603, 2606,
    2608, 2609, 2614, 2616, 2620, 2623, 2627, 2630, 2633, 2637, 2639, 2641,
    2645, 2648, 2651, 2655, 2657, 2660, 2663, 2667, 2669, 2671, 2674, 2678,
    2680, 2682, 2685, 2689, 2692, 2695, 2698, 2700, 2703, 2705, 2707, 2708,
    2712, 2715, 2718, 2722, 2724, 2728, 2730, 2736, 2739, 2741, 2745, 2748,
    2751, 2755, 2758, 2760, 2763, 2767, 2771, 2773, 2774, 2777, 2780, 2781,
    2784, 2786, 2790, 2792, 2796, 2798, 2800, 2801, 2805, 2808, 2810, 2811,
    2815, 2817
[3] 2, 5, 8, 9, 12, 16, 19, 23, 25, 26, 29, 32, 35, 40, 42, 45, 47, 50, 53,
    59, 61, 65, 66, 68, 71, 74, 77, 81, 84, 86, 90, 91, 94, 97, 99, 101, 105,
    106, 109, 111, 114, 117, 121, 122, 126, 128, 130, 133, 136, 139, 141, 144,
    146, 149, 153, 156, 158, 161, 166, 169, 170, 173, 176, 178, 182, 185, 188,
    191, 196, 200, 202, 207, 208, 210, 216, 218, 221, 224, 226, 228, 231, 235,
    240, 242, 245, 248, 250, 253, 256, 260, 264, 265, 269, 272, 274, 276, 279,
    281, 285, 287, 289, 293, 294, 297, 298, 301, 303, 307, 311, 315, 317, 321,
    325, 328, 330, 332, 335, 337, 340, 344, 345, 347, 350, 354, 359, 362, 363,
    366, 369, 371, 374, 377, 379, 381, 385, 387, 389, 393, 394, 397, 399, 401,
    403, 406, 409, 413, 414, 416, 419, 420, 425, 426, 430, 433, 435, 438, 441,
    445, 449, 452, 453, 456, 460, 461, 466, 467, 472, 474, 476, 479, 481, 483,
    487, 491, 493, 495, 498, 502, 504, 506, 511, 514, 517, 519, 523, 524, 527,
    530, 533, 537, 541, 544, 546, 549, 553, 554, 558, 559, 562, 564, 568, 570,
    575, 576, 578, 580, 582, 586, 587, 589, 594, 596, 600, 601, 606, 608, 613,
    615, 616, 618, 620, 624, 625, 628, 633, 635, 638, 640, 644, 646, 648, 651,
    655, 658, 660, 663, 665, 667, 670, 673, 676, 679, 681, 684, 686, 689, 691,
    693, 696, 700, 703, 706, 708, 710, 713, 715, 717, 720, 722, 725, 728, 731,
    734, 738, 741, 746, 748, 752, 754, 756, 759, 762, 765, 769, 774, 776, 781,
    784, 787, 789, 793, 794, 797, 801, 803, 807, 809, 811, 812, 815, 819, 821,
    824, 826, 829, 832, 836, 838, 842, 843, 847, 849, 853, 855, 856, 859, 861,
    864, 866, 868, 871, 873, 876, 878, 882, 884, 887, 890, 892, 896, 900, 903,
    907, 911, 915, 916, 920, 922, 926, 929, 933, 937, 939, 941, 944, 946, 948,
    951, 953, 958, 960, 964, 965, 967, 969, 971, 974, 977, 980, 982, 987, 988,
    991, 993, 996, 999, 1001, 1005, 1009, 1012, 1014, 1017, 1021, 1024, 1027,
    1028, 1033, 1034, 1038, 1043, 1045, 1048, 1051, 1053, 1058, 1060, 1065,
    1066, 1070, 1074, 1077, 1083, 1084, 1089, 1091, 1096, 1098, 1100, 1103,
    1108, 1109, 1111, 1113, 1118, 1119, 1124, 1125, 1127, 1132, 1135, 1136,
    1140, 1144, 1146, 1149, 1152, 1155, 1156, 1160, 1164, 1167, 1171, 1174,
    1176, 1178, 1180, 1183, 1189, 1190, 1193, 1195, 1197, 1201, 1204, 1208,
    1210, 1214, 1216, 1220, 1222, 1226, 1227, 1229, 1235, 1237, 1240, 1243,
    1248, 1249, 1254, 1256, 1260, 1262, 1265, 1268, 1270, 1274, 1276, 1280,
    1282, 1287, 1288, 1291, 1295, 1297, 1302, 1305, 1306, 1308, 1312, 1313,
    1317, 1318, 1321, 1324, 1326, 1329, 1331, 1334, 1336, 1339, 1343, 1346,
    1350, 1351, 1355, 1358, 1360, 1363, 1366, 1367, 1369, 1373, 1376, 1379,
    1381, 1384, 1389, 1391, 1395, 1399, 1402, 1404, 1407, 1412, 1415, 1419,
    1421, 1423, 1425, 1426, 1428, 1430, 1434, 1437, 1441, 1443, 1445, 1450,
    1452, 1457, 1458, 1461, 1464, 1465, 1469, 1470, 1472, 1478, 1479, 1482,
    1484, 1488, 1490, 1493, 1497, 1500, 1504, 1506, 1508, 1512, 1514, 1517,
    1520, 1523, 1526, 1529, 1530, 1535, 1536, 1541, 1543, 1544, 1547, 1550,
    1554, 1557, 1559, 1561, 1564, 1567, 1568, 1571, 1575, 1576, 1579, 1582,
    1587, 1588, 1592, 1595, 1597, 1600, 1602, 1605, 1610, 1612, 1613, 1616,
    1620, 1623, 1626, 1630, 1633, 1635, 1638, 1641, 1646, 1649, 1651, 1655,
    1657, 1661, 1664, 1666, 1668, 1670, 1673, 1677, 1680, 1683, 1685, 1689,
    1691, 1694, 1696, 1700, 1702, 1706, 1707, 1710, 1713, 1715, 1717, 1719,
    1721, 1724, 1726, 1729, 1734, 1738, 1741, 1743, 1746, 1750, 1752, 1756,
    1758, 1760, 1762, 1764, 1768, 1772, 1775, 1778, 1781, 1783, 1785, 1788,
    1792, 1794, 1797, 1799, 1801, 1807, 1808, 1811, 1814, 1816, 1822, 1824,
    1826, 1829, 1833, 1835, 1838, 1840, 1843, 1848, 1850, 1854, 1858, 1860,
    1865, 1867, 1871, 1874, 1875, 1878, 1880, 1883, 1888, 1890, 1894, 1896,
    1899, 1904, 1907, 1909, 1914, 1916, 1917, 1922, 1924, 1928, 1931, 1933,
    1935, 1939, 1940, 1944, 1948, 1951, 1954, 1957, 1960, 1963, 1965, 1969,
    1970, 1972, 1977, 1982, 1984, 1986, 1990, 1993, 1996, 1999, 2002, 2006,
    2010, 2011, 2014, 2018, 2020, 2024, 2027, 2029, 2033, 2034, 2038, 2039,
    2044, 2045, 2047, 2051, 2053, 2055, 2059, 2061, 2064, 2066, 2067, 2071,
    2074, 2076, 2078, 2080, 2084, 2089, 2091, 2094, 2097, 2099, 2102, 2103,
    2107, 2109, 2110, 2113, 2115, 2118, 2122, 2123, 2127, 2129, 2131, 2134,
    2137, 2140, 2142, 2146, 2148, 2152, 2154, 2157, 2162, 2166, 2167, 2171,
    2175, 2176, 2179, 2182, 2183, 2187, 2188, 2191, 2193, 2197, 2202, 2205,
    2207, 2209, 2212, 2216, 2217, 2219, 2223, 2224, 2226, 2230, 2231, 2234,
    2239, 2241, 2243, 2246, 2248, 2251, 2253, 2257, 2261, 2264, 2266, 2268,
    2270, 2272, 2278, 2282, 2283, 2287, 2290, 2293, 2295, 2297, 2300, 2302,
    2305, 2308, 2312, 2314, 2316, 2318, 2322, 2324, 2329, 2330, 2332, 2335,
    2336, 2339, 2343, 2346, 2349, 2351, 2354, 2356, 2360, 2361, 2364, 2365,
    2367, 2370, 2375, 2378, 2380, 2382, 2385, 2388, 2391, 2394, 2396, 2398,
    2401, 2404, 2408, 2413, 2414, 2416, 2419, 2422, 2424, 2426, 2429, 2430,
    2433, 2436, 2438, 2441, 2444, 2447, 2451, 2454, 2458, 2459, 2462, 2466,
    2469, 2472, 2477, 2479, 2483, 2487, 2490, 2492, 2494, 2496, 2500, 2503,
    2505, 2508, 2510, 2511, 2514, 2518, 2523, 2524, 2527, 2531, 2535, 2537,
    2540, 2544, 2545, 2548, 2549, 2552, 2555, 2558, 2561, 2563, 2565, 2569,
    2572, 2576, 2580, 2582, 2587, 2588, 2593, 2596, 2598, 2601, 2604, 2605,
    2607, 2610, 2612, 2615, 2619, 2624, 2626, 2629, 2632, 2635, 2638, 2642,
    2643, 2646, 2652, 2654, 2656, 2659, 2662, 2666, 2668, 2670, 2675, 2677,
    2679, 2681, 2684, 2688, 2691, 2696, 2697, 2699, 2702, 2704, 2706, 2710,
    2711, 2714, 2717, 2720, 2726, 2727, 2732, 2734, 2738, 2740, 2746, 2749,
    2750, 2753, 2757, 2759, 2764, 2766, 2770, 2772, 2775, 2776, 2779, 2782,
    2783, 2787, 2788, 2793, 2795, 2797, 2799, 2802, 2804, 2807, 2809, 2812,
    2813, 2816

 Xixi Adjusted Rand Index:
0.20810992282145446




----------------------------------------------------------------------------------------------
Output from 2025-07-08 18:53:44.408249
----------------------------------------------------------------------------------------------


                

Parameters of this run:

Window size: 1
Threshold for edges: 0
Split candidates: D
Max number of traces: 5000000
Method for distance calculation: Distance.EDIT_DISTANCE
Method for finding clusters: ClusteringMethod.COMMUNITY_DETECTION
Original log location: ./data/noImprInLoop_default_OD\feb17-0936\logs\H_1_LogD_Sequence_feb17-0936.xes.gz
Use frequency: True

Found communities: 

Clustering with 2819 elements and 4 clusters
[0] 1, 5, 7, 9, 10, 12, 14, 16, 25, 26, 28, 29, 32, 36, 38, 41, 43, 46, 48,
    49, 51, 53, 59, 61, 63, 66, 70, 71, 72, 74, 79, 83, 85, 90, 94, 97, 98,
    100, 101, 107, 115, 117, 120, 126, 128, 130, 131, 134, 136, 138, 142, 146,
    149, 150, 153, 157, 160, 166, 168, 170, 172, 175, 184, 185, 187, 191, 197,
    200, 202, 204, 208, 209, 210, 214, 219, 220, 226, 228, 235, 236, 239, 249,
    250, 254, 256, 257, 260, 262, 263, 265, 266, 270, 272, 274, 275, 279, 281,
    283, 288, 289, 290, 291, 297, 298, 300, 301, 303, 308, 311, 313, 318, 325,
    329, 330, 331, 332, 333, 338, 340, 342, 344, 345, 347, 348, 350, 351, 352,
    354, 356, 357, 359, 361, 363, 364, 367, 369, 374, 376, 378, 379, 381, 382,
    387, 388, 392, 393, 394, 397, 399, 401, 402, 403, 406, 409, 414, 416, 419,
    420, 424, 426, 428, 430, 431, 433, 434, 435, 438, 439, 440, 442, 444, 449,
    452, 453, 455, 456, 458, 459, 461, 466, 471, 475, 476, 479, 480, 481, 483,
    484, 487, 488, 491, 493, 495, 498, 499, 501, 504, 505, 506, 509, 510, 512,
    518, 521, 522, 525, 537, 539, 543, 546, 548, 551, 554, 559, 560, 562, 565,
    566, 567, 571, 577, 578, 580, 581, 582, 584, 585, 587, 588, 589, 593, 598,
    600, 605, 606, 608, 609, 612, 615, 616, 618, 619, 622, 628, 631, 632, 635,
    636, 640, 641, 645, 648, 649, 655, 656, 657, 660, 662, 665, 666, 667, 669,
    672, 673, 675, 676, 680, 681, 685, 688, 691, 694, 696, 697, 699, 700, 703,
    704, 708, 710, 712, 713, 716, 717, 718, 720, 722, 724, 726, 728, 729, 730,
    731, 734, 736, 738, 741, 742, 744, 745, 748, 751, 752, 757, 762, 765, 769,
    773, 774, 777, 778, 779, 783, 787, 788, 789, 793, 794, 797, 801, 804, 807,
    808, 810, 812, 813, 815, 818, 821, 824, 826, 827, 829, 832, 836, 838, 843,
    847, 850, 852, 853, 856, 861, 864, 866, 867, 868, 871, 872, 876, 884, 885,
    887, 890, 892, 896, 900, 902, 903, 910, 913, 916, 920, 922, 927, 929, 933,
    937, 938, 939, 940, 942, 944, 948, 949, 950, 952, 957, 960, 962, 963, 965,
    967, 969, 970, 971, 974, 976, 980, 981, 982, 988, 990, 991, 992, 995, 998,
    999, 1001, 1005, 1006, 1009, 1012, 1015, 1016, 1017, 1020, 1024, 1028,
    1031, 1034, 1035, 1037, 1039, 1041, 1045, 1052, 1053, 1056, 1060, 1061,
    1065, 1066, 1069, 1070, 1075, 1087, 1093, 1098, 1100, 1103, 1104, 1109,
    1110, 1111, 1112, 1113, 1117, 1121, 1123, 1126, 1127, 1129, 1131, 1135,
    1136, 1137, 1144, 1146, 1150, 1151, 1155, 1156, 1159, 1160, 1162, 1165,
    1169, 1175, 1176, 1180, 1183, 1185, 1187, 1188, 1191, 1192, 1194, 1195,
    1197, 1199, 1201, 1203, 1207, 1209, 1214, 1216, 1218, 1219, 1222, 1223,
    1226, 1229, 1233, 1243, 1247, 1250, 1254, 1258, 1261, 1262, 1264, 1267,
    1268, 1270, 1273, 1276, 1277, 1281, 1282, 1285, 1288, 1289, 1291, 1293,
    1296, 1298, 1301, 1304, 1306, 1308, 1310, 1312, 1314, 1315, 1317, 1318,
    1319, 1322, 1325, 1326, 1332, 1334, 1336, 1337, 1339, 1343, 1344, 1345,
    1346, 1351, 1353, 1355, 1358, 1359, 1360, 1361, 1367, 1368, 1369, 1375,
    1376, 1381, 1382, 1384, 1385, 1391, 1394, 1401, 1406, 1407, 1410, 1412,
    1414, 1415, 1419, 1420, 1423, 1425, 1426, 1427, 1428, 1429, 1430, 1435,
    1437, 1440, 1443, 1445, 1448, 1449, 1455, 1458, 1459, 1462, 1464, 1466,
    1467, 1471, 1472, 1476, 1480, 1481, 1483, 1493, 1504, 1506, 1508, 1512,
    1514, 1518, 1526, 1528, 1530, 1534, 1535, 1536, 1537, 1539, 1540, 1545,
    1549, 1553, 1556, 1558, 1559, 1560, 1561, 1563, 1564, 1567, 1568, 1571,
    1572, 1575, 1580, 1583, 1585, 1590, 1591, 1592, 1594, 1599, 1601, 1602,
    1605, 1614, 1615, 1616, 1620, 1621, 1623, 1626, 1629, 1632, 1638, 1641,
    1647, 1650, 1651, 1652, 1653, 1654, 1657, 1660, 1673, 1674, 1675, 1680,
    1683, 1685, 1686, 1688, 1691, 1694, 1696, 1700, 1701, 1702, 1705, 1707,
    1708, 1710, 1711, 1715, 1716, 1717, 1718, 1719, 1721, 1724, 1725, 1726,
    1737, 1742, 1743, 1746, 1748, 1750, 1753, 1754, 1756, 1758, 1759, 1760,
    1762, 1763, 1764, 1768, 1774, 1779, 1783, 1784, 1785, 1786, 1788, 1790,
    1792, 1796, 1799, 1801, 1805, 1807, 1808, 1809, 1810, 1813, 1816, 1821,
    1823, 1826, 1827, 1831, 1832, 1835, 1838, 1840, 1843, 1846, 1848, 1849,
    1850, 1860, 1868, 1869, 1872, 1874, 1875, 1876, 1881, 1883, 1889, 1890,
    1893, 1894, 1897, 1899, 1901, 1903, 1906, 1909, 1911, 1912, 1913, 1915,
    1916, 1917, 1919, 1921, 1923, 1924, 1926, 1927, 1929, 1931, 1933, 1935,
    1937, 1940, 1950, 1951, 1954, 1955, 1960, 1962, 1964, 1965, 1967, 1970,
    1972, 1973, 1987, 1988, 1990, 1994, 1996, 1997, 1998, 2002, 2005, 2007,
    2011, 2016, 2017, 2019, 2024, 2027, 2031, 2032, 2034, 2036, 2038, 2040,
    2042, 2045, 2046, 2047, 2053, 2055, 2056, 2059, 2060, 2061, 2065, 2067,
    2071, 2072, 2073, 2075, 2077, 2081, 2084, 2090, 2093, 2095, 2102, 2104,
    2105, 2108, 2110, 2112, 2113, 2118, 2120, 2123, 2127, 2128, 2129, 2131,
    2132, 2134, 2142, 2143, 2148, 2152, 2154, 2155, 2159, 2164, 2165, 2167,
    2168, 2169, 2176, 2178, 2179, 2181, 2184, 2185, 2187, 2188, 2189, 2191,
    2192, 2193, 2200, 2212, 2213, 2215, 2217, 2219, 2224, 2226, 2228, 2233,
    2234, 2235, 2239, 2242, 2243, 2244, 2245, 2247, 2249, 2251, 2253, 2255,
    2260, 2263, 2266, 2267, 2268, 2269, 2270, 2272, 2273, 2276, 2281, 2282,
    2283, 2287, 2292, 2295, 2297, 2299, 2302, 2303, 2306, 2308, 2311, 2314,
    2315, 2316, 2318, 2323, 2324, 2325, 2327, 2330, 2331, 2332, 2339, 2343,
    2346, 2347, 2349, 2353, 2354, 2356, 2357, 2359, 2361, 2362, 2363, 2365,
    2367, 2369, 2370, 2371, 2373, 2381, 2382, 2383, 2386, 2390, 2394, 2396,
    2397, 2398, 2401, 2404, 2409, 2411, 2412, 2416, 2417, 2421, 2422, 2423,
    2424, 2427, 2428, 2429, 2430, 2431, 2432, 2433, 2435, 2438, 2439, 2441,
    2444, 2447, 2450, 2452, 2454, 2456, 2459, 2460, 2462, 2466, 2469, 2470,
    2473, 2479, 2483, 2484, 2487, 2488, 2491, 2496, 2500, 2503, 2505, 2507,
    2509, 2511, 2514, 2515, 2517, 2521, 2524, 2527, 2528, 2530, 2535, 2537,
    2544, 2548, 2549, 2552, 2555, 2561, 2563, 2564, 2565, 2566, 2569, 2573,
    2576, 2579, 2582, 2585, 2588, 2593, 2597, 2598, 2601, 2603, 2605, 2607,
    2611, 2614, 2618, 2620, 2624, 2626, 2629, 2636, 2641, 2643, 2651, 2652,
    2654, 2656, 2659, 2668, 2669, 2670, 2673, 2678, 2679, 2681, 2684, 2687,
    2688, 2693, 2695, 2697, 2700, 2702, 2703, 2704, 2706, 2707, 2709, 2713,
    2716, 2720, 2721, 2726, 2727, 2732, 2734, 2738, 2741, 2744, 2748, 2750,
    2753, 2754, 2757, 2758, 2759, 2765, 2769, 2772, 2775, 2776, 2778, 2779,
    2781, 2783, 2787, 2788, 2789, 2793, 2796, 2799, 2805, 2806, 2809, 2811,
    2813, 2815, 2816
[1] 2, 4, 8, 11, 13, 20, 22, 23, 31, 33, 34, 37, 40, 45, 47, 50, 55, 58, 62,
    64, 65, 69, 75, 78, 80, 81, 84, 86, 87, 89, 92, 96, 102, 104, 105, 108,
    110, 112, 113, 119, 121, 123, 124, 135, 137, 139, 144, 148, 156, 158, 161,
    162, 165, 169, 171, 173, 176, 178, 181, 182, 188, 189, 193, 196, 206, 207,
    212, 216, 218, 221, 222, 224, 227, 229, 230, 232, 233, 237, 240, 242, 243,
    246, 251, 264, 267, 269, 277, 286, 293, 295, 305, 309, 315, 321, 324, 328,
    335, 349, 362, 370, 372, 377, 380, 385, 390, 391, 395, 396, 398, 400, 405,
    407, 410, 411, 413, 422, 425, 432, 437, 441, 445, 448, 451, 457, 460, 462,
    465, 468, 469, 473, 485, 489, 494, 502, 511, 513, 514, 517, 520, 523, 527,
    530, 531, 534, 535, 542, 544, 549, 553, 558, 568, 572, 574, 575, 583, 586,
    590, 591, 594, 595, 597, 602, 603, 607, 610, 613, 621, 624, 626, 633, 638,
    639, 643, 644, 647, 651, 654, 658, 664, 668, 670, 679, 682, 687, 689, 701,
    707, 715, 723, 725, 735, 746, 749, 753, 755, 760, 766, 767, 771, 775, 781,
    784, 785, 792, 799, 809, 811, 816, 817, 819, 822, 823, 825, 833, 834, 841,
    842, 844, 848, 855, 859, 860, 863, 869, 873, 877, 879, 880, 882, 883, 886,
    888, 889, 893, 894, 897, 898, 905, 908, 911, 914, 915, 917, 918, 923, 928,
    934, 947, 951, 954, 958, 961, 964, 975, 977, 983, 986, 987, 989, 994, 996,
    1000, 1003, 1007, 1013, 1021, 1022, 1025, 1027, 1029, 1030, 1033, 1038,
    1042, 1043, 1046, 1048, 1049, 1051, 1057, 1058, 1062, 1067, 1074, 1078,
    1079, 1082, 1083, 1085, 1088, 1089, 1092, 1096, 1105, 1107, 1108, 1114,
    1118, 1120, 1124, 1132, 1138, 1141, 1142, 1145, 1147, 1152, 1163, 1164,
    1167, 1170, 1171, 1174, 1179, 1181, 1189, 1202, 1204, 1208, 1211, 1212,
    1220, 1228, 1230, 1235, 1237, 1238, 1241, 1245, 1248, 1253, 1257, 1266,
    1271, 1274, 1280, 1283, 1286, 1287, 1292, 1295, 1299, 1302, 1305, 1307,
    1309, 1316, 1327, 1329, 1335, 1341, 1349, 1350, 1357, 1363, 1365, 1366,
    1370, 1372, 1373, 1379, 1380, 1389, 1390, 1396, 1398, 1399, 1402, 1403,
    1405, 1408, 1416, 1421, 1432, 1434, 1438, 1441, 1446, 1450, 1453, 1454,
    1456, 1457, 1469, 1474, 1478, 1485, 1486, 1488, 1491, 1495, 1497, 1498,
    1501, 1503, 1519, 1521, 1524, 1527, 1529, 1531, 1532, 1541, 1543, 1546,
    1548, 1551, 1552, 1554, 1565, 1569, 1577, 1578, 1581, 1587, 1589, 1593,
    1595, 1596, 1598, 1600, 1603, 1604, 1606, 1609, 1610, 1612, 1618, 1625,
    1630, 1633, 1636, 1640, 1642, 1646, 1649, 1656, 1662, 1664, 1667, 1669,
    1671, 1677, 1679, 1689, 1692, 1697, 1704, 1706, 1714, 1722, 1730, 1731,
    1733, 1734, 1738, 1741, 1744, 1751, 1761, 1766, 1769, 1771, 1772, 1775,
    1781, 1795, 1798, 1802, 1811, 1814, 1815, 1818, 1822, 1825, 1829, 1830,
    1833, 1839, 1841, 1844, 1851, 1854, 1855, 1857, 1858, 1864, 1865, 1870,
    1871, 1878, 1879, 1884, 1888, 1891, 1904, 1907, 1914, 1922, 1932, 1934,
    1939, 1942, 1944, 1945, 1948, 1958, 1963, 1969, 1971, 1974, 1977, 1978,
    1981, 1982, 1984, 1985, 1999, 2003, 2009, 2010, 2015, 2018, 2021, 2022,
    2029, 2033, 2037, 2041, 2044, 2048, 2051, 2052, 2057, 2064, 2066, 2068,
    2069, 2079, 2082, 2085, 2086, 2089, 2091, 2092, 2097, 2099, 2100, 2107,
    2109, 2111, 2116, 2117, 2119, 2121, 2122, 2124, 2125, 2130, 2137, 2140,
    2146, 2150, 2153, 2158, 2161, 2162, 2166, 2172, 2175, 2177, 2180, 2182,
    2195, 2197, 2198, 2201, 2202, 2205, 2207, 2208, 2210, 2216, 2221, 2223,
    2230, 2232, 2236, 2238, 2241, 2246, 2248, 2252, 2257, 2258, 2261, 2264,
    2271, 2277, 2278, 2284, 2288, 2291, 2294, 2296, 2300, 2301, 2305, 2310,
    2312, 2320, 2326, 2329, 2333, 2335, 2337, 2338, 2340, 2341, 2344, 2351,
    2355, 2360, 2364, 2375, 2378, 2380, 2387, 2389, 2392, 2400, 2402, 2405,
    2406, 2413, 2415, 2419, 2420, 2425, 2434, 2436, 2437, 2451, 2458, 2464,
    2467, 2468, 2476, 2477, 2481, 2486, 2489, 2490, 2492, 2494, 2495, 2498,
    2501, 2508, 2510, 2513, 2519, 2522, 2523, 2525, 2532, 2541, 2543, 2546,
    2551, 2553, 2554, 2557, 2559, 2562, 2567, 2571, 2574, 2578, 2580, 2586,
    2587, 2592, 2596, 2599, 2604, 2606, 2610, 2613, 2616, 2619, 2623, 2630,
    2633, 2634, 2637, 2639, 2642, 2644, 2647, 2648, 2655, 2657, 2658, 2661,
    2663, 2664, 2667, 2671, 2675, 2682, 2685, 2692, 2696, 2698, 2701, 2710,
    2712, 2714, 2717, 2725, 2729, 2731, 2736, 2742, 2746, 2749, 2755, 2761,
    2764, 2766, 2767, 2771, 2777, 2782, 2785, 2790, 2798, 2802, 2808, 2812,
    2814, 2817, 2818
[2] 3, 17, 19, 21, 24, 27, 30, 35, 39, 42, 44, 54, 57, 60, 67, 68, 76, 77, 88,
    91, 95, 99, 103, 106, 109, 111, 114, 118, 122, 125, 129, 133, 141, 143,
    147, 151, 154, 155, 164, 174, 177, 180, 192, 195, 199, 203, 205, 211, 215,
    217, 223, 225, 231, 241, 245, 248, 253, 258, 261, 268, 271, 276, 280, 282,
    285, 287, 292, 294, 296, 299, 302, 304, 307, 312, 314, 317, 320, 323, 327,
    334, 337, 339, 343, 346, 355, 358, 366, 371, 375, 383, 384, 389, 404, 412,
    415, 417, 418, 421, 427, 436, 447, 450, 454, 463, 464, 467, 472, 474, 477,
    482, 492, 496, 507, 516, 519, 524, 526, 529, 533, 538, 541, 545, 550, 552,
    555, 557, 563, 564, 570, 573, 576, 579, 596, 599, 601, 611, 614, 617, 620,
    623, 625, 629, 637, 642, 646, 650, 653, 659, 663, 671, 678, 684, 686, 690,
    693, 705, 706, 709, 711, 714, 719, 721, 732, 739, 750, 754, 756, 759, 763,
    770, 776, 780, 790, 791, 795, 798, 800, 803, 806, 830, 835, 839, 840, 845,
    849, 854, 857, 858, 862, 865, 870, 875, 878, 881, 891, 901, 904, 907, 919,
    924, 926, 930, 932, 936, 941, 943, 946, 953, 956, 966, 968, 972, 979, 985,
    993, 997, 1002, 1010, 1014, 1018, 1026, 1032, 1047, 1050, 1054, 1064,
    1071, 1073, 1077, 1081, 1084, 1091, 1095, 1099, 1101, 1106, 1116, 1119,
    1125, 1128, 1130, 1134, 1140, 1148, 1149, 1153, 1154, 1157, 1161, 1166,
    1173, 1177, 1178, 1182, 1184, 1190, 1193, 1196, 1198, 1200, 1205, 1210,
    1213, 1217, 1225, 1227, 1231, 1234, 1236, 1240, 1244, 1249, 1252, 1256,
    1260, 1263, 1265, 1269, 1272, 1278, 1279, 1284, 1294, 1297, 1300, 1311,
    1313, 1321, 1324, 1328, 1331, 1333, 1340, 1348, 1352, 1356, 1362, 1364,
    1371, 1378, 1383, 1386, 1388, 1392, 1395, 1397, 1404, 1411, 1418, 1422,
    1424, 1431, 1433, 1442, 1444, 1452, 1461, 1463, 1465, 1468, 1470, 1473,
    1477, 1479, 1482, 1484, 1487, 1490, 1494, 1496, 1500, 1502, 1505, 1509,
    1511, 1515, 1517, 1520, 1523, 1542, 1544, 1547, 1550, 1557, 1562, 1566,
    1570, 1574, 1576, 1579, 1582, 1586, 1588, 1597, 1608, 1611, 1613, 1617,
    1624, 1627, 1634, 1635, 1639, 1643, 1645, 1648, 1655, 1658, 1661, 1663,
    1666, 1668, 1670, 1676, 1678, 1682, 1687, 1693, 1695, 1698, 1703, 1713,
    1720, 1723, 1727, 1729, 1732, 1736, 1740, 1747, 1752, 1755, 1765, 1770,
    1776, 1778, 1780, 1789, 1793, 1794, 1797, 1800, 1803, 1806, 1812, 1817,
    1820, 1824, 1828, 1836, 1845, 1847, 1853, 1856, 1861, 1863, 1867, 1873,
    1877, 1880, 1885, 1887, 1892, 1896, 1900, 1910, 1918, 1925, 1928, 1936,
    1938, 1941, 1943, 1947, 1952, 1957, 1961, 1966, 1968, 1976, 1980, 1983,
    1986, 1991, 1993, 2001, 2006, 2008, 2012, 2014, 2020, 2023, 2026, 2028,
    2035, 2039, 2043, 2050, 2054, 2058, 2062, 2063, 2074, 2076, 2078, 2080,
    2088, 2094, 2096, 2098, 2101, 2103, 2106, 2115, 2133, 2136, 2139, 2145,
    2149, 2157, 2160, 2171, 2174, 2183, 2186, 2190, 2194, 2196, 2204, 2206,
    2209, 2218, 2220, 2222, 2225, 2227, 2229, 2231, 2237, 2240, 2250, 2254,
    2256, 2259, 2262, 2274, 2280, 2285, 2289, 2290, 2293, 2298, 2304, 2309,
    2313, 2317, 2319, 2322, 2328, 2334, 2336, 2348, 2350, 2366, 2368, 2374,
    2377, 2379, 2385, 2388, 2391, 2393, 2399, 2408, 2414, 2418, 2426, 2442,
    2445, 2448, 2455, 2457, 2463, 2472, 2475, 2480, 2485, 2493, 2497, 2504,
    2506, 2512, 2518, 2526, 2531, 2534, 2538, 2540, 2542, 2545, 2547, 2550,
    2556, 2558, 2570, 2572, 2577, 2581, 2583, 2589, 2591, 2595, 2600, 2602,
    2608, 2609, 2612, 2615, 2622, 2627, 2632, 2635, 2638, 2645, 2646, 2650,
    2660, 2662, 2666, 2674, 2677, 2680, 2689, 2691, 2699, 2705, 2708, 2711,
    2715, 2718, 2722, 2724, 2728, 2730, 2735, 2739, 2740, 2745, 2751, 2760,
    2763, 2770, 2773, 2774, 2780, 2784, 2786, 2792, 2795, 2797, 2800, 2801,
    2804, 2807, 2810
[3] 0, 6, 15, 18, 52, 56, 73, 82, 93, 116, 127, 132, 140, 145, 152, 159, 163,
    167, 179, 183, 186, 190, 194, 198, 201, 213, 234, 238, 244, 247, 252, 255,
    259, 273, 278, 284, 306, 310, 316, 319, 322, 326, 336, 341, 353, 360, 365,
    368, 373, 386, 408, 423, 429, 443, 446, 470, 478, 486, 490, 497, 500, 503,
    508, 515, 528, 532, 536, 540, 547, 556, 561, 569, 592, 604, 627, 630, 634,
    652, 661, 674, 677, 683, 692, 695, 698, 702, 727, 733, 737, 740, 743, 747,
    758, 761, 764, 768, 772, 782, 786, 796, 802, 805, 814, 820, 828, 831, 837,
    846, 851, 874, 895, 899, 906, 909, 912, 921, 925, 931, 935, 945, 955, 959,
    973, 978, 984, 1004, 1008, 1011, 1019, 1023, 1036, 1040, 1044, 1055, 1059,
    1063, 1068, 1072, 1076, 1080, 1086, 1090, 1094, 1097, 1102, 1115, 1122,
    1133, 1139, 1143, 1158, 1168, 1172, 1186, 1206, 1215, 1221, 1224, 1232,
    1239, 1242, 1246, 1251, 1255, 1259, 1275, 1290, 1303, 1320, 1323, 1330,
    1338, 1342, 1347, 1354, 1374, 1377, 1387, 1393, 1400, 1409, 1413, 1417,
    1436, 1439, 1447, 1451, 1460, 1475, 1489, 1492, 1499, 1507, 1510, 1513,
    1516, 1522, 1525, 1533, 1538, 1555, 1573, 1584, 1607, 1619, 1622, 1628,
    1631, 1637, 1644, 1659, 1665, 1672, 1681, 1684, 1690, 1699, 1709, 1712,
    1728, 1735, 1739, 1745, 1749, 1757, 1767, 1773, 1777, 1782, 1787, 1791,
    1804, 1819, 1834, 1837, 1842, 1852, 1859, 1862, 1866, 1882, 1886, 1895,
    1898, 1902, 1905, 1908, 1920, 1930, 1946, 1949, 1953, 1956, 1959, 1975,
    1979, 1989, 1992, 1995, 2000, 2004, 2013, 2025, 2030, 2049, 2070, 2083,
    2087, 2114, 2126, 2135, 2138, 2141, 2144, 2147, 2151, 2156, 2163, 2170,
    2173, 2199, 2203, 2211, 2214, 2265, 2275, 2279, 2286, 2307, 2321, 2342,
    2345, 2352, 2358, 2372, 2376, 2384, 2395, 2403, 2407, 2410, 2440, 2443,
    2446, 2449, 2453, 2461, 2465, 2471, 2474, 2478, 2482, 2499, 2502, 2516,
    2520, 2529, 2533, 2536, 2539, 2560, 2568, 2575, 2584, 2590, 2594, 2617,
    2621, 2625, 2628, 2631, 2640, 2649, 2653, 2665, 2672, 2676, 2683, 2686,
    2690, 2694, 2719, 2723, 2733, 2737, 2743, 2747, 2752, 2756, 2762, 2768,
    2791, 2794, 2803

Reassigned labels

Runtime: 7.16750431060791

Performance split_log:

IM without threshold:
Map:
{"D_0": "D", "D_1": "D", "D_2": "D", "D_3": "D"}
token_fitness
{"perc_fit_traces": 100.0, "average_trace_fitness": 1.0, "log_fitness": 1.0, "percentage_of_fitting_traces": 100.0}
precision
0.41980092585745343
0.6533333333333333
generalization
0.9596721874510723
token_fitness
{"perc_fit_traces": 100.0, "average_trace_fitness": 1.0, "log_fitness": 1.0, "percentage_of_fitting_traces": 100.0}
precision
0.6651824424081929
0.64
generalization
0.7850697184287891

Adjusted Rand Index:
0.1680498229958695



Parameters of this run:

Window size: 1
Threshold for edges: 0.25
Split candidates: D
Max number of traces: 5000000
Method for distance calculation: Distance.EDIT_DISTANCE
Method for finding clusters: ClusteringMethod.COMMUNITY_DETECTION
Original log location: ./data/noImprInLoop_default_OD\feb17-0936\logs\H_1_LogD_Sequence_feb17-0936.xes.gz
Use frequency: True

Found communities: 

Clustering with 2819 elements and 4 clusters
[0] 1, 5, 7, 9, 10, 12, 14, 16, 25, 26, 28, 29, 32, 36, 38, 41, 43, 46, 48,
    49, 51, 53, 59, 61, 63, 66, 70, 71, 72, 74, 79, 83, 85, 90, 94, 97, 98,
    100, 101, 107, 115, 117, 120, 126, 128, 130, 131, 134, 136, 138, 142, 146,
    149, 150, 153, 157, 160, 166, 168, 170, 172, 175, 184, 185, 187, 191, 197,
    200, 202, 204, 208, 209, 210, 214, 219, 220, 226, 228, 235, 236, 239, 249,
    250, 254, 256, 257, 260, 262, 263, 265, 266, 270, 272, 274, 275, 279, 281,
    283, 288, 289, 290, 291, 297, 298, 300, 301, 303, 308, 311, 313, 318, 325,
    329, 330, 331, 332, 333, 338, 340, 342, 344, 345, 347, 348, 350, 351, 352,
    354, 356, 357, 359, 361, 363, 364, 367, 369, 374, 376, 378, 379, 381, 382,
    387, 388, 392, 393, 394, 397, 399, 401, 402, 403, 406, 409, 414, 416, 419,
    420, 424, 426, 428, 430, 431, 433, 434, 435, 438, 439, 440, 442, 444, 449,
    452, 453, 455, 456, 458, 459, 461, 466, 471, 475, 476, 479, 480, 481, 483,
    484, 487, 488, 491, 493, 495, 498, 499, 501, 504, 505, 506, 509, 510, 512,
    518, 521, 522, 525, 537, 539, 543, 546, 548, 551, 554, 559, 560, 562, 565,
    566, 567, 571, 577, 578, 580, 581, 582, 584, 585, 587, 588, 589, 593, 598,
    600, 605, 606, 608, 609, 612, 615, 616, 618, 619, 622, 628, 631, 632, 635,
    636, 640, 641, 645, 648, 649, 655, 656, 657, 660, 662, 665, 666, 667, 669,
    672, 673, 675, 676, 680, 681, 685, 688, 691, 694, 696, 697, 699, 700, 703,
    704, 708, 710, 712, 713, 716, 717, 718, 720, 722, 724, 726, 728, 729, 730,
    731, 734, 736, 738, 741, 742, 744, 745, 748, 751, 752, 757, 762, 765, 769,
    773, 774, 777, 778, 779, 783, 787, 788, 789, 793, 794, 797, 801, 804, 807,
    808, 810, 812, 813, 815, 818, 821, 824, 826, 827, 829, 832, 836, 838, 843,
    847, 850, 852, 853, 856, 861, 864, 866, 867, 868, 871, 872, 876, 884, 885,
    887, 890, 892, 896, 900, 902, 903, 910, 913, 916, 920, 922, 927, 929, 933,
    937, 938, 939, 940, 942, 944, 948, 949, 950, 952, 957, 960, 962, 963, 965,
    967, 969, 970, 971, 974, 976, 980, 981, 982, 988, 990, 991, 992, 995, 998,
    999, 1001, 1005, 1006, 1009, 1012, 1015, 1016, 1017, 1020, 1024, 1028,
    1031, 1034, 1035, 1037, 1039, 1041, 1045, 1052, 1053, 1056, 1060, 1061,
    1065, 1066, 1069, 1070, 1075, 1087, 1093, 1098, 1100, 1103, 1104, 1109,
    1110, 1111, 1112, 1113, 1117, 1121, 1123, 1126, 1127, 1129, 1131, 1135,
    1136, 1137, 1144, 1146, 1150, 1151, 1155, 1156, 1159, 1160, 1162, 1165,
    1169, 1175, 1176, 1180, 1183, 1185, 1187, 1188, 1191, 1192, 1194, 1195,
    1197, 1199, 1201, 1203, 1207, 1209, 1214, 1216, 1218, 1219, 1222, 1223,
    1226, 1229, 1233, 1243, 1247, 1250, 1254, 1258, 1261, 1262, 1264, 1267,
    1268, 1270, 1273, 1276, 1277, 1281, 1282, 1285, 1288, 1289, 1291, 1293,
    1296, 1298, 1301, 1304, 1306, 1308, 1310, 1312, 1314, 1315, 1317, 1318,
    1319, 1322, 1325, 1326, 1332, 1334, 1336, 1337, 1339, 1343, 1344, 1345,
    1346, 1351, 1353, 1355, 1358, 1359, 1360, 1361, 1367, 1368, 1369, 1375,
    1376, 1381, 1382, 1384, 1385, 1391, 1394, 1401, 1406, 1407, 1410, 1412,
    1414, 1415, 1419, 1420, 1423, 1425, 1426, 1427, 1428, 1429, 1430, 1435,
    1437, 1440, 1443, 1445, 1448, 1449, 1455, 1458, 1459, 1462, 1464, 1466,
    1467, 1471, 1472, 1476, 1480, 1481, 1483, 1493, 1504, 1506, 1508, 1512,
    1514, 1518, 1526, 1528, 1530, 1534, 1535, 1536, 1537, 1539, 1540, 1545,
    1549, 1553, 1556, 1558, 1559, 1560, 1561, 1563, 1564, 1567, 1568, 1571,
    1572, 1575, 1580, 1583, 1585, 1590, 1591, 1592, 1594, 1599, 1601, 1602,
    1605, 1614, 1615, 1616, 1620, 1621, 1623, 1626, 1629, 1632, 1638, 1641,
    1647, 1650, 1651, 1652, 1653, 1654, 1657, 1660, 1673, 1674, 1675, 1680,
    1683, 1685, 1686, 1688, 1691, 1694, 1696, 1700, 1701, 1702, 1705, 1707,
    1708, 1710, 1711, 1715, 1716, 1717, 1718, 1719, 1721, 1724, 1725, 1726,
    1737, 1742, 1743, 1746, 1748, 1750, 1753, 1754, 1756, 1758, 1759, 1760,
    1762, 1763, 1764, 1768, 1774, 1779, 1783, 1784, 1785, 1786, 1788, 1790,
    1792, 1796, 1799, 1801, 1805, 1807, 1808, 1809, 1810, 1813, 1816, 1821,
    1823, 1826, 1827, 1831, 1832, 1835, 1838, 1840, 1843, 1846, 1848, 1849,
    1850, 1860, 1868, 1869, 1872, 1874, 1875, 1876, 1881, 1883, 1889, 1890,
    1893, 1894, 1897, 1899, 1901, 1903, 1906, 1909, 1911, 1912, 1913, 1915,
    1916, 1917, 1919, 1921, 1923, 1924, 1926, 1927, 1929, 1931, 1933, 1935,
    1937, 1940, 1950, 1951, 1954, 1955, 1960, 1962, 1964, 1965, 1967, 1970,
    1972, 1973, 1987, 1988, 1990, 1994, 1996, 1997, 1998, 2002, 2005, 2007,
    2011, 2016, 2017, 2019, 2024, 2027, 2031, 2032, 2034, 2036, 2038, 2040,
    2042, 2045, 2046, 2047, 2053, 2055, 2056, 2059, 2060, 2061, 2065, 2067,
    2071, 2072, 2073, 2075, 2077, 2081, 2084, 2090, 2093, 2095, 2102, 2104,
    2105, 2108, 2110, 2112, 2113, 2118, 2120, 2123, 2127, 2128, 2129, 2131,
    2132, 2134, 2142, 2143, 2148, 2152, 2154, 2155, 2159, 2164, 2165, 2167,
    2168, 2169, 2176, 2178, 2179, 2181, 2184, 2185, 2187, 2188, 2189, 2191,
    2192, 2193, 2200, 2212, 2213, 2215, 2217, 2219, 2224, 2226, 2228, 2233,
    2234, 2235, 2239, 2242, 2243, 2244, 2245, 2247, 2249, 2251, 2253, 2255,
    2260, 2263, 2266, 2267, 2268, 2269, 2270, 2272, 2273, 2276, 2281, 2282,
    2283, 2287, 2292, 2295, 2297, 2299, 2302, 2303, 2306, 2308, 2311, 2314,
    2315, 2316, 2318, 2323, 2324, 2325, 2327, 2330, 2331, 2332, 2339, 2343,
    2346, 2347, 2349, 2353, 2354, 2356, 2357, 2359, 2361, 2362, 2363, 2365,
    2367, 2369, 2370, 2371, 2373, 2381, 2382, 2383, 2386, 2390, 2394, 2396,
    2397, 2398, 2401, 2404, 2409, 2411, 2412, 2416, 2417, 2421, 2422, 2423,
    2424, 2427, 2428, 2429, 2430, 2431, 2432, 2433, 2435, 2438, 2439, 2441,
    2444, 2447, 2450, 2452, 2454, 2456, 2459, 2460, 2462, 2466, 2469, 2470,
    2473, 2479, 2483, 2484, 2487, 2488, 2491, 2496, 2500, 2503, 2505, 2507,
    2509, 2511, 2514, 2515, 2517, 2521, 2524, 2527, 2528, 2530, 2535, 2537,
    2544, 2548, 2549, 2552, 2555, 2561, 2563, 2564, 2565, 2566, 2569, 2573,
    2576, 2579, 2582, 2585, 2588, 2593, 2597, 2598, 2601, 2603, 2605, 2607,
    2611, 2614, 2618, 2620, 2624, 2626, 2629, 2636, 2641, 2643, 2651, 2652,
    2654, 2656, 2659, 2668, 2669, 2670, 2673, 2678, 2679, 2681, 2684, 2687,
    2688, 2693, 2695, 2697, 2700, 2702, 2703, 2704, 2706, 2707, 2709, 2713,
    2716, 2720, 2721, 2726, 2727, 2732, 2734, 2738, 2741, 2744, 2748, 2750,
    2753, 2754, 2757, 2758, 2759, 2765, 2769, 2772, 2775, 2776, 2778, 2779,
    2781, 2783, 2787, 2788, 2789, 2793, 2796, 2799, 2805, 2806, 2809, 2811,
    2813, 2815, 2816
[1] 2, 4, 8, 11, 13, 20, 22, 23, 31, 33, 34, 37, 40, 45, 47, 50, 55, 58, 62,
    64, 65, 69, 75, 78, 80, 81, 84, 86, 87, 89, 92, 96, 102, 104, 105, 108,
    110, 112, 113, 119, 121, 123, 124, 135, 137, 139, 144, 148, 156, 158, 161,
    162, 165, 169, 171, 173, 176, 178, 181, 182, 188, 189, 193, 196, 206, 207,
    212, 216, 218, 221, 222, 224, 227, 229, 230, 232, 233, 237, 240, 242, 243,
    246, 251, 264, 267, 269, 277, 286, 293, 295, 305, 309, 315, 321, 324, 328,
    335, 349, 362, 370, 372, 377, 380, 385, 390, 391, 395, 396, 398, 400, 405,
    407, 410, 411, 413, 422, 425, 432, 437, 441, 445, 448, 451, 457, 460, 462,
    465, 468, 469, 473, 485, 489, 494, 502, 511, 513, 514, 517, 520, 523, 527,
    530, 531, 534, 535, 542, 544, 549, 553, 558, 568, 572, 574, 575, 583, 586,
    590, 591, 594, 595, 597, 602, 603, 607, 610, 613, 621, 624, 626, 633, 638,
    639, 643, 644, 647, 651, 654, 658, 664, 668, 670, 679, 682, 687, 689, 701,
    707, 715, 723, 725, 735, 746, 749, 753, 755, 760, 766, 767, 771, 775, 781,
    784, 785, 792, 799, 809, 811, 816, 817, 819, 822, 823, 825, 833, 834, 841,
    842, 844, 848, 855, 859, 860, 863, 869, 873, 877, 879, 880, 882, 883, 886,
    888, 889, 893, 894, 897, 898, 905, 908, 911, 914, 915, 917, 918, 923, 928,
    934, 947, 951, 954, 958, 961, 964, 975, 977, 983, 986, 987, 989, 994, 996,
    1000, 1003, 1007, 1013, 1021, 1022, 1025, 1027, 1029, 1030, 1033, 1038,
    1042, 1043, 1046, 1048, 1049, 1051, 1057, 1058, 1062, 1067, 1074, 1078,
    1079, 1082, 1083, 1085, 1088, 1089, 1092, 1096, 1105, 1107, 1108, 1114,
    1118, 1120, 1124, 1132, 1138, 1141, 1142, 1145, 1147, 1152, 1163, 1164,
    1167, 1170, 1171, 1174, 1179, 1181, 1189, 1202, 1204, 1208, 1211, 1212,
    1220, 1228, 1230, 1235, 1237, 1238, 1241, 1245, 1248, 1253, 1257, 1266,
    1271, 1274, 1280, 1283, 1286, 1287, 1292, 1295, 1299, 1302, 1305, 1307,
    1309, 1316, 1327, 1329, 1335, 1341, 1349, 1350, 1357, 1363, 1365, 1366,
    1370, 1372, 1373, 1379, 1380, 1389, 1390, 1396, 1398, 1399, 1402, 1403,
    1405, 1408, 1416, 1421, 1432, 1434, 1438, 1441, 1446, 1450, 1453, 1454,
    1456, 1457, 1469, 1474, 1478, 1485, 1486, 1488, 1491, 1495, 1497, 1498,
    1501, 1503, 1519, 1521, 1524, 1527, 1529, 1531, 1532, 1541, 1543, 1546,
    1548, 1551, 1552, 1554, 1565, 1569, 1577, 1578, 1581, 1587, 1589, 1593,
    1595, 1596, 1598, 1600, 1603, 1604, 1606, 1609, 1610, 1612, 1618, 1625,
    1630, 1633, 1636, 1640, 1642, 1646, 1649, 1656, 1662, 1664, 1667, 1669,
    1671, 1677, 1679, 1689, 1692, 1697, 1704, 1706, 1714, 1722, 1730, 1731,
    1733, 1734, 1738, 1741, 1744, 1751, 1761, 1766, 1769, 1771, 1772, 1775,
    1781, 1795, 1798, 1802, 1811, 1814, 1815, 1818, 1822, 1825, 1829, 1830,
    1833, 1839, 1841, 1844, 1851, 1854, 1855, 1857, 1858, 1864, 1865, 1870,
    1871, 1878, 1879, 1884, 1888, 1891, 1904, 1907, 1914, 1922, 1932, 1934,
    1939, 1942, 1944, 1945, 1948, 1958, 1963, 1969, 1971, 1974, 1977, 1978,
    1981, 1982, 1984, 1985, 1999, 2003, 2009, 2010, 2015, 2018, 2021, 2022,
    2029, 2033, 2037, 2041, 2044, 2048, 2051, 2052, 2057, 2064, 2066, 2068,
    2069, 2079, 2082, 2085, 2086, 2089, 2091, 2092, 2097, 2099, 2100, 2107,
    2109, 2111, 2116, 2117, 2119, 2121, 2122, 2124, 2125, 2130, 2137, 2140,
    2146, 2150, 2153, 2158, 2161, 2162, 2166, 2172, 2175, 2177, 2180, 2182,
    2195, 2197, 2198, 2201, 2202, 2205, 2207, 2208, 2210, 2216, 2221, 2223,
    2230, 2232, 2236, 2238, 2241, 2246, 2248, 2252, 2257, 2258, 2261, 2264,
    2271, 2277, 2278, 2284, 2288, 2291, 2294, 2296, 2300, 2301, 2305, 2310,
    2312, 2320, 2326, 2329, 2333, 2335, 2337, 2338, 2340, 2341, 2344, 2351,
    2355, 2360, 2364, 2375, 2378, 2380, 2387, 2389, 2392, 2400, 2402, 2405,
    2406, 2413, 2415, 2419, 2420, 2425, 2434, 2436, 2437, 2451, 2458, 2464,
    2467, 2468, 2476, 2477, 2481, 2486, 2489, 2490, 2492, 2494, 2495, 2498,
    2501, 2508, 2510, 2513, 2519, 2522, 2523, 2525, 2532, 2541, 2543, 2546,
    2551, 2553, 2554, 2557, 2559, 2562, 2567, 2571, 2574, 2578, 2580, 2586,
    2587, 2592, 2596, 2599, 2604, 2606, 2610, 2613, 2616, 2619, 2623, 2630,
    2633, 2634, 2637, 2639, 2642, 2644, 2647, 2648, 2655, 2657, 2658, 2661,
    2663, 2664, 2667, 2671, 2675, 2682, 2685, 2692, 2696, 2698, 2701, 2710,
    2712, 2714, 2717, 2725, 2729, 2731, 2736, 2742, 2746, 2749, 2755, 2761,
    2764, 2766, 2767, 2771, 2777, 2782, 2785, 2790, 2798, 2802, 2808, 2812,
    2814, 2817, 2818
[2] 3, 17, 19, 21, 24, 27, 30, 35, 39, 42, 44, 54, 57, 60, 67, 68, 76, 77, 88,
    91, 95, 99, 103, 106, 109, 111, 114, 118, 122, 125, 129, 133, 141, 143,
    147, 151, 154, 155, 164, 174, 177, 180, 192, 195, 199, 203, 205, 211, 215,
    217, 223, 225, 231, 241, 245, 248, 253, 258, 261, 268, 271, 276, 280, 282,
    285, 287, 292, 294, 296, 299, 302, 304, 307, 312, 314, 317, 320, 323, 327,
    334, 337, 339, 343, 346, 355, 358, 366, 371, 375, 383, 384, 389, 404, 412,
    415, 417, 418, 421, 427, 436, 447, 450, 454, 463, 464, 467, 472, 474, 477,
    482, 492, 496, 507, 516, 519, 524, 526, 529, 533, 538, 541, 545, 550, 552,
    555, 557, 563, 564, 570, 573, 576, 579, 596, 599, 601, 611, 614, 617, 620,
    623, 625, 629, 637, 642, 646, 650, 653, 659, 663, 671, 678, 684, 686, 690,
    693, 705, 706, 709, 711, 714, 719, 721, 732, 739, 750, 754, 756, 759, 763,
    770, 776, 780, 790, 791, 795, 798, 800, 803, 806, 830, 835, 839, 840, 845,
    849, 854, 857, 858, 862, 865, 870, 875, 878, 881, 891, 901, 904, 907, 919,
    924, 926, 930, 932, 936, 941, 943, 946, 953, 956, 966, 968, 972, 979, 985,
    993, 997, 1002, 1010, 1014, 1018, 1026, 1032, 1047, 1050, 1054, 1064,
    1071, 1073, 1077, 1081, 1084, 1091, 1095, 1099, 1101, 1106, 1116, 1119,
    1125, 1128, 1130, 1134, 1140, 1148, 1149, 1153, 1154, 1157, 1161, 1166,
    1173, 1177, 1178, 1182, 1184, 1190, 1193, 1196, 1198, 1200, 1205, 1210,
    1213, 1217, 1225, 1227, 1231, 1234, 1236, 1240, 1244, 1249, 1252, 1256,
    1260, 1263, 1265, 1269, 1272, 1278, 1279, 1284, 1294, 1297, 1300, 1311,
    1313, 1321, 1324, 1328, 1331, 1333, 1340, 1348, 1352, 1356, 1362, 1364,
    1371, 1378, 1383, 1386, 1388, 1392, 1395, 1397, 1404, 1411, 1418, 1422,
    1424, 1431, 1433, 1442, 1444, 1452, 1461, 1463, 1465, 1468, 1470, 1473,
    1477, 1479, 1482, 1484, 1487, 1490, 1494, 1496, 1500, 1502, 1505, 1509,
    1511, 1515, 1517, 1520, 1523, 1542, 1544, 1547, 1550, 1557, 1562, 1566,
    1570, 1574, 1576, 1579, 1582, 1586, 1588, 1597, 1608, 1611, 1613, 1617,
    1624, 1627, 1634, 1635, 1639, 1643, 1645, 1648, 1655, 1658, 1661, 1663,
    1666, 1668, 1670, 1676, 1678, 1682, 1687, 1693, 1695, 1698, 1703, 1713,
    1720, 1723, 1727, 1729, 1732, 1736, 1740, 1747, 1752, 1755, 1765, 1770,
    1776, 1778, 1780, 1789, 1793, 1794, 1797, 1800, 1803, 1806, 1812, 1817,
    1820, 1824, 1828, 1836, 1845, 1847, 1853, 1856, 1861, 1863, 1867, 1873,
    1877, 1880, 1885, 1887, 1892, 1896, 1900, 1910, 1918, 1925, 1928, 1936,
    1938, 1941, 1943, 1947, 1952, 1957, 1961, 1966, 1968, 1976, 1980, 1983,
    1986, 1991, 1993, 2001, 2006, 2008, 2012, 2014, 2020, 2023, 2026, 2028,
    2035, 2039, 2043, 2050, 2054, 2058, 2062, 2063, 2074, 2076, 2078, 2080,
    2088, 2094, 2096, 2098, 2101, 2103, 2106, 2115, 2133, 2136, 2139, 2145,
    2149, 2157, 2160, 2171, 2174, 2183, 2186, 2190, 2194, 2196, 2204, 2206,
    2209, 2218, 2220, 2222, 2225, 2227, 2229, 2231, 2237, 2240, 2250, 2254,
    2256, 2259, 2262, 2274, 2280, 2285, 2289, 2290, 2293, 2298, 2304, 2309,
    2313, 2317, 2319, 2322, 2328, 2334, 2336, 2348, 2350, 2366, 2368, 2374,
    2377, 2379, 2385, 2388, 2391, 2393, 2399, 2408, 2414, 2418, 2426, 2442,
    2445, 2448, 2455, 2457, 2463, 2472, 2475, 2480, 2485, 2493, 2497, 2504,
    2506, 2512, 2518, 2526, 2531, 2534, 2538, 2540, 2542, 2545, 2547, 2550,
    2556, 2558, 2570, 2572, 2577, 2581, 2583, 2589, 2591, 2595, 2600, 2602,
    2608, 2609, 2612, 2615, 2622, 2627, 2632, 2635, 2638, 2645, 2646, 2650,
    2660, 2662, 2666, 2674, 2677, 2680, 2689, 2691, 2699, 2705, 2708, 2711,
    2715, 2718, 2722, 2724, 2728, 2730, 2735, 2739, 2740, 2745, 2751, 2760,
    2763, 2770, 2773, 2774, 2780, 2784, 2786, 2792, 2795, 2797, 2800, 2801,
    2804, 2807, 2810
[3] 0, 6, 15, 18, 52, 56, 73, 82, 93, 116, 127, 132, 140, 145, 152, 159, 163,
    167, 179, 183, 186, 190, 194, 198, 201, 213, 234, 238, 244, 247, 252, 255,
    259, 273, 278, 284, 306, 310, 316, 319, 322, 326, 336, 341, 353, 360, 365,
    368, 373, 386, 408, 423, 429, 443, 446, 470, 478, 486, 490, 497, 500, 503,
    508, 515, 528, 532, 536, 540, 547, 556, 561, 569, 592, 604, 627, 630, 634,
    652, 661, 674, 677, 683, 692, 695, 698, 702, 727, 733, 737, 740, 743, 747,
    758, 761, 764, 768, 772, 782, 786, 796, 802, 805, 814, 820, 828, 831, 837,
    846, 851, 874, 895, 899, 906, 909, 912, 921, 925, 931, 935, 945, 955, 959,
    973, 978, 984, 1004, 1008, 1011, 1019, 1023, 1036, 1040, 1044, 1055, 1059,
    1063, 1068, 1072, 1076, 1080, 1086, 1090, 1094, 1097, 1102, 1115, 1122,
    1133, 1139, 1143, 1158, 1168, 1172, 1186, 1206, 1215, 1221, 1224, 1232,
    1239, 1242, 1246, 1251, 1255, 1259, 1275, 1290, 1303, 1320, 1323, 1330,
    1338, 1342, 1347, 1354, 1374, 1377, 1387, 1393, 1400, 1409, 1413, 1417,
    1436, 1439, 1447, 1451, 1460, 1475, 1489, 1492, 1499, 1507, 1510, 1513,
    1516, 1522, 1525, 1533, 1538, 1555, 1573, 1584, 1607, 1619, 1622, 1628,
    1631, 1637, 1644, 1659, 1665, 1672, 1681, 1684, 1690, 1699, 1709, 1712,
    1728, 1735, 1739, 1745, 1749, 1757, 1767, 1773, 1777, 1782, 1787, 1791,
    1804, 1819, 1834, 1837, 1842, 1852, 1859, 1862, 1866, 1882, 1886, 1895,
    1898, 1902, 1905, 1908, 1920, 1930, 1946, 1949, 1953, 1956, 1959, 1975,
    1979, 1989, 1992, 1995, 2000, 2004, 2013, 2025, 2030, 2049, 2070, 2083,
    2087, 2114, 2126, 2135, 2138, 2141, 2144, 2147, 2151, 2156, 2163, 2170,
    2173, 2199, 2203, 2211, 2214, 2265, 2275, 2279, 2286, 2307, 2321, 2342,
    2345, 2352, 2358, 2372, 2376, 2384, 2395, 2403, 2407, 2410, 2440, 2443,
    2446, 2449, 2453, 2461, 2465, 2471, 2474, 2478, 2482, 2499, 2502, 2516,
    2520, 2529, 2533, 2536, 2539, 2560, 2568, 2575, 2584, 2590, 2594, 2617,
    2621, 2625, 2628, 2631, 2640, 2649, 2653, 2665, 2672, 2676, 2683, 2686,
    2690, 2694, 2719, 2723, 2733, 2737, 2743, 2747, 2752, 2756, 2762, 2768,
    2791, 2794, 2803

Reassigned labels

Runtime: 6.985247611999512

Performance split_log:

IM without threshold:
Map:
{"D_0": "D", "D_1": "D", "D_2": "D", "D_3": "D"}
token_fitness
{"perc_fit_traces": 0.0, "average_trace_fitness": 0.9457460617448172, "log_fitness": 0.945677932115644, "percentage_of_fitting_traces": 0.0}
precision
0.7231176130258699
0.64
generalization
0.6981715902615739

Adjusted Rand Index:
0.1680498229958695



Parameters of this run:

Window size: 1
Threshold for edges: 0.5
Split candidates: D
Max number of traces: 5000000
Method for distance calculation: Distance.EDIT_DISTANCE
Method for finding clusters: ClusteringMethod.COMMUNITY_DETECTION
Original log location: ./data/noImprInLoop_default_OD\feb17-0936\logs\H_1_LogD_Sequence_feb17-0936.xes.gz
Use frequency: True

Found communities: 

Clustering with 2819 elements and 4 clusters
[0] 1, 5, 7, 9, 10, 12, 14, 16, 25, 26, 28, 29, 32, 36, 38, 41, 43, 46, 48,
    49, 51, 53, 59, 61, 63, 66, 70, 71, 72, 74, 79, 83, 85, 90, 94, 97, 98,
    100, 101, 107, 115, 117, 120, 126, 128, 130, 131, 134, 136, 138, 142, 146,
    149, 150, 153, 157, 160, 166, 168, 170, 172, 175, 184, 185, 187, 191, 197,
    200, 202, 204, 208, 209, 210, 214, 219, 220, 226, 228, 235, 236, 239, 249,
    250, 254, 256, 257, 260, 262, 263, 265, 266, 270, 272, 274, 275, 279, 281,
    283, 288, 289, 290, 291, 297, 298, 300, 301, 303, 308, 311, 313, 318, 325,
    329, 330, 331, 332, 333, 338, 340, 342, 344, 345, 347, 348, 350, 351, 352,
    354, 356, 357, 359, 361, 363, 364, 367, 369, 374, 376, 378, 379, 381, 382,
    387, 388, 392, 393, 394, 397, 399, 401, 402, 403, 406, 409, 414, 416, 419,
    420, 424, 426, 428, 430, 431, 433, 434, 435, 438, 439, 440, 442, 444, 449,
    452, 453, 455, 456, 458, 459, 461, 466, 471, 475, 476, 479, 480, 481, 483,
    484, 487, 488, 491, 493, 495, 498, 499, 501, 504, 505, 506, 509, 510, 512,
    518, 521, 522, 525, 537, 539, 543, 546, 548, 551, 554, 559, 560, 562, 565,
    566, 567, 571, 577, 578, 580, 581, 582, 584, 585, 587, 588, 589, 593, 598,
    600, 605, 606, 608, 609, 612, 615, 616, 618, 619, 622, 628, 631, 632, 635,
    636, 640, 641, 645, 648, 649, 655, 656, 657, 660, 662, 665, 666, 667, 669,
    672, 673, 675, 676, 680, 681, 685, 688, 691, 694, 696, 697, 699, 700, 703,
    704, 708, 710, 712, 713, 716, 717, 718, 720, 722, 724, 726, 728, 729, 730,
    731, 734, 736, 738, 741, 742, 744, 745, 748, 751, 752, 757, 762, 765, 769,
    773, 774, 777, 778, 779, 783, 787, 788, 789, 793, 794, 797, 801, 804, 807,
    808, 810, 812, 813, 815, 818, 821, 824, 826, 827, 829, 832, 836, 838, 843,
    847, 850, 852, 853, 856, 861, 864, 866, 867, 868, 871, 872, 876, 884, 885,
    887, 890, 892, 896, 900, 902, 903, 910, 913, 916, 920, 922, 927, 929, 933,
    937, 938, 939, 940, 942, 944, 948, 949, 950, 952, 957, 960, 962, 963, 965,
    967, 969, 970, 971, 974, 976, 980, 981, 982, 988, 990, 991, 992, 995, 998,
    999, 1001, 1005, 1006, 1009, 1012, 1015, 1016, 1017, 1020, 1024, 1028,
    1031, 1034, 1035, 1037, 1039, 1041, 1045, 1052, 1053, 1056, 1060, 1061,
    1065, 1066, 1069, 1070, 1075, 1087, 1093, 1098, 1100, 1103, 1104, 1109,
    1110, 1111, 1112, 1113, 1117, 1121, 1123, 1126, 1127, 1129, 1131, 1135,
    1136, 1137, 1144, 1146, 1150, 1151, 1155, 1156, 1159, 1160, 1162, 1165,
    1169, 1175, 1176, 1180, 1183, 1185, 1187, 1188, 1191, 1192, 1194, 1195,
    1197, 1199, 1201, 1203, 1207, 1209, 1214, 1216, 1218, 1219, 1222, 1223,
    1226, 1229, 1233, 1243, 1247, 1250, 1254, 1258, 1261, 1262, 1264, 1267,
    1268, 1270, 1273, 1276, 1277, 1281, 1282, 1285, 1288, 1289, 1291, 1293,
    1296, 1298, 1301, 1304, 1306, 1308, 1310, 1312, 1314, 1315, 1317, 1318,
    1319, 1322, 1325, 1326, 1332, 1334, 1336, 1337, 1339, 1343, 1344, 1345,
    1346, 1351, 1353, 1355, 1358, 1359, 1360, 1361, 1367, 1368, 1369, 1375,
    1376, 1381, 1382, 1384, 1385, 1391, 1394, 1401, 1406, 1407, 1410, 1412,
    1414, 1415, 1419, 1420, 1423, 1425, 1426, 1427, 1428, 1429, 1430, 1435,
    1437, 1440, 1443, 1445, 1448, 1449, 1455, 1458, 1459, 1462, 1464, 1466,
    1467, 1471, 1472, 1476, 1480, 1481, 1483, 1493, 1504, 1506, 1508, 1512,
    1514, 1518, 1526, 1528, 1530, 1534, 1535, 1536, 1537, 1539, 1540, 1545,
    1549, 1553, 1556, 1558, 1559, 1560, 1561, 1563, 1564, 1567, 1568, 1571,
    1572, 1575, 1580, 1583, 1585, 1590, 1591, 1592, 1594, 1599, 1601, 1602,
    1605, 1614, 1615, 1616, 1620, 1621, 1623, 1626, 1629, 1632, 1638, 1641,
    1647, 1650, 1651, 1652, 1653, 1654, 1657, 1660, 1673, 1674, 1675, 1680,
    1683, 1685, 1686, 1688, 1691, 1694, 1696, 1700, 1701, 1702, 1705, 1707,
    1708, 1710, 1711, 1715, 1716, 1717, 1718, 1719, 1721, 1724, 1725, 1726,
    1737, 1742, 1743, 1746, 1748, 1750, 1753, 1754, 1756, 1758, 1759, 1760,
    1762, 1763, 1764, 1768, 1774, 1779, 1783, 1784, 1785, 1786, 1788, 1790,
    1792, 1796, 1799, 1801, 1805, 1807, 1808, 1809, 1810, 1813, 1816, 1821,
    1823, 1826, 1827, 1831, 1832, 1835, 1838, 1840, 1843, 1846, 1848, 1849,
    1850, 1860, 1868, 1869, 1872, 1874, 1875, 1876, 1881, 1883, 1889, 1890,
    1893, 1894, 1897, 1899, 1901, 1903, 1906, 1909, 1911, 1912, 1913, 1915,
    1916, 1917, 1919, 1921, 1923, 1924, 1926, 1927, 1929, 1931, 1933, 1935,
    1937, 1940, 1950, 1951, 1954, 1955, 1960, 1962, 1964, 1965, 1967, 1970,
    1972, 1973, 1987, 1988, 1990, 1994, 1996, 1997, 1998, 2002, 2005, 2007,
    2011, 2016, 2017, 2019, 2024, 2027, 2031, 2032, 2034, 2036, 2038, 2040,
    2042, 2045, 2046, 2047, 2053, 2055, 2056, 2059, 2060, 2061, 2065, 2067,
    2071, 2072, 2073, 2075, 2077, 2081, 2084, 2090, 2093, 2095, 2102, 2104,
    2105, 2108, 2110, 2112, 2113, 2118, 2120, 2123, 2127, 2128, 2129, 2131,
    2132, 2134, 2142, 2143, 2148, 2152, 2154, 2155, 2159, 2164, 2165, 2167,
    2168, 2169, 2176, 2178, 2179, 2181, 2184, 2185, 2187, 2188, 2189, 2191,
    2192, 2193, 2200, 2212, 2213, 2215, 2217, 2219, 2224, 2226, 2228, 2233,
    2234, 2235, 2239, 2242, 2243, 2244, 2245, 2247, 2249, 2251, 2253, 2255,
    2260, 2263, 2266, 2267, 2268, 2269, 2270, 2272, 2273, 2276, 2281, 2282,
    2283, 2287, 2292, 2295, 2297, 2299, 2302, 2303, 2306, 2308, 2311, 2314,
    2315, 2316, 2318, 2323, 2324, 2325, 2327, 2330, 2331, 2332, 2339, 2343,
    2346, 2347, 2349, 2353, 2354, 2356, 2357, 2359, 2361, 2362, 2363, 2365,
    2367, 2369, 2370, 2371, 2373, 2381, 2382, 2383, 2386, 2390, 2394, 2396,
    2397, 2398, 2401, 2404, 2409, 2411, 2412, 2416, 2417, 2421, 2422, 2423,
    2424, 2427, 2428, 2429, 2430, 2431, 2432, 2433, 2435, 2438, 2439, 2441,
    2444, 2447, 2450, 2452, 2454, 2456, 2459, 2460, 2462, 2466, 2469, 2470,
    2473, 2479, 2483, 2484, 2487, 2488, 2491, 2496, 2500, 2503, 2505, 2507,
    2509, 2511, 2514, 2515, 2517, 2521, 2524, 2527, 2528, 2530, 2535, 2537,
    2544, 2548, 2549, 2552, 2555, 2561, 2563, 2564, 2565, 2566, 2569, 2573,
    2576, 2579, 2582, 2585, 2588, 2593, 2597, 2598, 2601, 2603, 2605, 2607,
    2611, 2614, 2618, 2620, 2624, 2626, 2629, 2636, 2641, 2643, 2651, 2652,
    2654, 2656, 2659, 2668, 2669, 2670, 2673, 2678, 2679, 2681, 2684, 2687,
    2688, 2693, 2695, 2697, 2700, 2702, 2703, 2704, 2706, 2707, 2709, 2713,
    2716, 2720, 2721, 2726, 2727, 2732, 2734, 2738, 2741, 2744, 2748, 2750,
    2753, 2754, 2757, 2758, 2759, 2765, 2769, 2772, 2775, 2776, 2778, 2779,
    2781, 2783, 2787, 2788, 2789, 2793, 2796, 2799, 2805, 2806, 2809, 2811,
    2813, 2815, 2816
[1] 2, 4, 8, 11, 13, 20, 22, 23, 31, 33, 34, 37, 40, 45, 47, 50, 55, 58, 62,
    64, 65, 69, 75, 78, 80, 81, 84, 86, 87, 89, 92, 96, 102, 104, 105, 108,
    110, 112, 113, 119, 121, 123, 124, 135, 137, 139, 144, 148, 156, 158, 161,
    162, 165, 169, 171, 173, 176, 178, 181, 182, 188, 189, 193, 196, 206, 207,
    212, 216, 218, 221, 222, 224, 227, 229, 230, 232, 233, 237, 240, 242, 243,
    246, 251, 264, 267, 269, 277, 286, 293, 295, 305, 309, 315, 321, 324, 328,
    335, 349, 362, 370, 372, 377, 380, 385, 390, 391, 395, 396, 398, 400, 405,
    407, 410, 411, 413, 422, 425, 432, 437, 441, 445, 448, 451, 457, 460, 462,
    465, 468, 469, 473, 485, 489, 494, 502, 511, 513, 514, 517, 520, 523, 527,
    530, 531, 534, 535, 542, 544, 549, 553, 558, 568, 572, 574, 575, 583, 586,
    590, 591, 594, 595, 597, 602, 603, 607, 610, 613, 621, 624, 626, 633, 638,
    639, 643, 644, 647, 651, 654, 658, 664, 668, 670, 679, 682, 687, 689, 701,
    707, 715, 723, 725, 735, 746, 749, 753, 755, 760, 766, 767, 771, 775, 781,
    784, 785, 792, 799, 809, 811, 816, 817, 819, 822, 823, 825, 833, 834, 841,
    842, 844, 848, 855, 859, 860, 863, 869, 873, 877, 879, 880, 882, 883, 886,
    888, 889, 893, 894, 897, 898, 905, 908, 911, 914, 915, 917, 918, 923, 928,
    934, 947, 951, 954, 958, 961, 964, 975, 977, 983, 986, 987, 989, 994, 996,
    1000, 1003, 1007, 1013, 1021, 1022, 1025, 1027, 1029, 1030, 1033, 1038,
    1042, 1043, 1046, 1048, 1049, 1051, 1057, 1058, 1062, 1067, 1074, 1078,
    1079, 1082, 1083, 1085, 1088, 1089, 1092, 1096, 1105, 1107, 1108, 1114,
    1118, 1120, 1124, 1132, 1138, 1141, 1142, 1145, 1147, 1152, 1163, 1164,
    1167, 1170, 1171, 1174, 1179, 1181, 1189, 1202, 1204, 1208, 1211, 1212,
    1220, 1228, 1230, 1235, 1237, 1238, 1241, 1245, 1248, 1253, 1257, 1266,
    1271, 1274, 1280, 1283, 1286, 1287, 1292, 1295, 1299, 1302, 1305, 1307,
    1309, 1316, 1327, 1329, 1335, 1341, 1349, 1350, 1357, 1363, 1365, 1366,
    1370, 1372, 1373, 1379, 1380, 1389, 1390, 1396, 1398, 1399, 1402, 1403,
    1405, 1408, 1416, 1421, 1432, 1434, 1438, 1441, 1446, 1450, 1453, 1454,
    1456, 1457, 1469, 1474, 1478, 1485, 1486, 1488, 1491, 1495, 1497, 1498,
    1501, 1503, 1519, 1521, 1524, 1527, 1529, 1531, 1532, 1541, 1543, 1546,
    1548, 1551, 1552, 1554, 1565, 1569, 1577, 1578, 1581, 1587, 1589, 1593,
    1595, 1596, 1598, 1600, 1603, 1604, 1606, 1609, 1610, 1612, 1618, 1625,
    1630, 1633, 1636, 1640, 1642, 1646, 1649, 1656, 1662, 1664, 1667, 1669,
    1671, 1677, 1679, 1689, 1692, 1697, 1704, 1706, 1714, 1722, 1730, 1731,
    1733, 1734, 1738, 1741, 1744, 1751, 1761, 1766, 1769, 1771, 1772, 1775,
    1781, 1795, 1798, 1802, 1811, 1814, 1815, 1818, 1822, 1825, 1829, 1830,
    1833, 1839, 1841, 1844, 1851, 1854, 1855, 1857, 1858, 1864, 1865, 1870,
    1871, 1878, 1879, 1884, 1888, 1891, 1904, 1907, 1914, 1922, 1932, 1934,
    1939, 1942, 1944, 1945, 1948, 1958, 1963, 1969, 1971, 1974, 1977, 1978,
    1981, 1982, 1984, 1985, 1999, 2003, 2009, 2010, 2015, 2018, 2021, 2022,
    2029, 2033, 2037, 2041, 2044, 2048, 2051, 2052, 2057, 2064, 2066, 2068,
    2069, 2079, 2082, 2085, 2086, 2089, 2091, 2092, 2097, 2099, 2100, 2107,
    2109, 2111, 2116, 2117, 2119, 2121, 2122, 2124, 2125, 2130, 2137, 2140,
    2146, 2150, 2153, 2158, 2161, 2162, 2166, 2172, 2175, 2177, 2180, 2182,
    2195, 2197, 2198, 2201, 2202, 2205, 2207, 2208, 2210, 2216, 2221, 2223,
    2230, 2232, 2236, 2238, 2241, 2246, 2248, 2252, 2257, 2258, 2261, 2264,
    2271, 2277, 2278, 2284, 2288, 2291, 2294, 2296, 2300, 2301, 2305, 2310,
    2312, 2320, 2326, 2329, 2333, 2335, 2337, 2338, 2340, 2341, 2344, 2351,
    2355, 2360, 2364, 2375, 2378, 2380, 2387, 2389, 2392, 2400, 2402, 2405,
    2406, 2413, 2415, 2419, 2420, 2425, 2434, 2436, 2437, 2451, 2458, 2464,
    2467, 2468, 2476, 2477, 2481, 2486, 2489, 2490, 2492, 2494, 2495, 2498,
    2501, 2508, 2510, 2513, 2519, 2522, 2523, 2525, 2532, 2541, 2543, 2546,
    2551, 2553, 2554, 2557, 2559, 2562, 2567, 2571, 2574, 2578, 2580, 2586,
    2587, 2592, 2596, 2599, 2604, 2606, 2610, 2613, 2616, 2619, 2623, 2630,
    2633, 2634, 2637, 2639, 2642, 2644, 2647, 2648, 2655, 2657, 2658, 2661,
    2663, 2664, 2667, 2671, 2675, 2682, 2685, 2692, 2696, 2698, 2701, 2710,
    2712, 2714, 2717, 2725, 2729, 2731, 2736, 2742, 2746, 2749, 2755, 2761,
    2764, 2766, 2767, 2771, 2777, 2782, 2785, 2790, 2798, 2802, 2808, 2812,
    2814, 2817, 2818
[2] 3, 17, 19, 21, 24, 27, 30, 35, 39, 42, 44, 54, 57, 60, 67, 68, 76, 77, 88,
    91, 95, 99, 103, 106, 109, 111, 114, 118, 122, 125, 129, 133, 141, 143,
    147, 151, 154, 155, 164, 174, 177, 180, 192, 195, 199, 203, 205, 211, 215,
    217, 223, 225, 231, 241, 245, 248, 253, 258, 261, 268, 271, 276, 280, 282,
    285, 287, 292, 294, 296, 299, 302, 304, 307, 312, 314, 317, 320, 323, 327,
    334, 337, 339, 343, 346, 355, 358, 366, 371, 375, 383, 384, 389, 404, 412,
    415, 417, 418, 421, 427, 436, 447, 450, 454, 463, 464, 467, 472, 474, 477,
    482, 492, 496, 507, 516, 519, 524, 526, 529, 533, 538, 541, 545, 550, 552,
    555, 557, 563, 564, 570, 573, 576, 579, 596, 599, 601, 611, 614, 617, 620,
    623, 625, 629, 637, 642, 646, 650, 653, 659, 663, 671, 678, 684, 686, 690,
    693, 705, 706, 709, 711, 714, 719, 721, 732, 739, 750, 754, 756, 759, 763,
    770, 776, 780, 790, 791, 795, 798, 800, 803, 806, 830, 835, 839, 840, 845,
    849, 854, 857, 858, 862, 865, 870, 875, 878, 881, 891, 901, 904, 907, 919,
    924, 926, 930, 932, 936, 941, 943, 946, 953, 956, 966, 968, 972, 979, 985,
    993, 997, 1002, 1010, 1014, 1018, 1026, 1032, 1047, 1050, 1054, 1064,
    1071, 1073, 1077, 1081, 1084, 1091, 1095, 1099, 1101, 1106, 1116, 1119,
    1125, 1128, 1130, 1134, 1140, 1148, 1149, 1153, 1154, 1157, 1161, 1166,
    1173, 1177, 1178, 1182, 1184, 1190, 1193, 1196, 1198, 1200, 1205, 1210,
    1213, 1217, 1225, 1227, 1231, 1234, 1236, 1240, 1244, 1249, 1252, 1256,
    1260, 1263, 1265, 1269, 1272, 1278, 1279, 1284, 1294, 1297, 1300, 1311,
    1313, 1321, 1324, 1328, 1331, 1333, 1340, 1348, 1352, 1356, 1362, 1364,
    1371, 1378, 1383, 1386, 1388, 1392, 1395, 1397, 1404, 1411, 1418, 1422,
    1424, 1431, 1433, 1442, 1444, 1452, 1461, 1463, 1465, 1468, 1470, 1473,
    1477, 1479, 1482, 1484, 1487, 1490, 1494, 1496, 1500, 1502, 1505, 1509,
    1511, 1515, 1517, 1520, 1523, 1542, 1544, 1547, 1550, 1557, 1562, 1566,
    1570, 1574, 1576, 1579, 1582, 1586, 1588, 1597, 1608, 1611, 1613, 1617,
    1624, 1627, 1634, 1635, 1639, 1643, 1645, 1648, 1655, 1658, 1661, 1663,
    1666, 1668, 1670, 1676, 1678, 1682, 1687, 1693, 1695, 1698, 1703, 1713,
    1720, 1723, 1727, 1729, 1732, 1736, 1740, 1747, 1752, 1755, 1765, 1770,
    1776, 1778, 1780, 1789, 1793, 1794, 1797, 1800, 1803, 1806, 1812, 1817,
    1820, 1824, 1828, 1836, 1845, 1847, 1853, 1856, 1861, 1863, 1867, 1873,
    1877, 1880, 1885, 1887, 1892, 1896, 1900, 1910, 1918, 1925, 1928, 1936,
    1938, 1941, 1943, 1947, 1952, 1957, 1961, 1966, 1968, 1976, 1980, 1983,
    1986, 1991, 1993, 2001, 2006, 2008, 2012, 2014, 2020, 2023, 2026, 2028,
    2035, 2039, 2043, 2050, 2054, 2058, 2062, 2063, 2074, 2076, 2078, 2080,
    2088, 2094, 2096, 2098, 2101, 2103, 2106, 2115, 2133, 2136, 2139, 2145,
    2149, 2157, 2160, 2171, 2174, 2183, 2186, 2190, 2194, 2196, 2204, 2206,
    2209, 2218, 2220, 2222, 2225, 2227, 2229, 2231, 2237, 2240, 2250, 2254,
    2256, 2259, 2262, 2274, 2280, 2285, 2289, 2290, 2293, 2298, 2304, 2309,
    2313, 2317, 2319, 2322, 2328, 2334, 2336, 2348, 2350, 2366, 2368, 2374,
    2377, 2379, 2385, 2388, 2391, 2393, 2399, 2408, 2414, 2418, 2426, 2442,
    2445, 2448, 2455, 2457, 2463, 2472, 2475, 2480, 2485, 2493, 2497, 2504,
    2506, 2512, 2518, 2526, 2531, 2534, 2538, 2540, 2542, 2545, 2547, 2550,
    2556, 2558, 2570, 2572, 2577, 2581, 2583, 2589, 2591, 2595, 2600, 2602,
    2608, 2609, 2612, 2615, 2622, 2627, 2632, 2635, 2638, 2645, 2646, 2650,
    2660, 2662, 2666, 2674, 2677, 2680, 2689, 2691, 2699, 2705, 2708, 2711,
    2715, 2718, 2722, 2724, 2728, 2730, 2735, 2739, 2740, 2745, 2751, 2760,
    2763, 2770, 2773, 2774, 2780, 2784, 2786, 2792, 2795, 2797, 2800, 2801,
    2804, 2807, 2810
[3] 0, 6, 15, 18, 52, 56, 73, 82, 93, 116, 127, 132, 140, 145, 152, 159, 163,
    167, 179, 183, 186, 190, 194, 198, 201, 213, 234, 238, 244, 247, 252, 255,
    259, 273, 278, 284, 306, 310, 316, 319, 322, 326, 336, 341, 353, 360, 365,
    368, 373, 386, 408, 423, 429, 443, 446, 470, 478, 486, 490, 497, 500, 503,
    508, 515, 528, 532, 536, 540, 547, 556, 561, 569, 592, 604, 627, 630, 634,
    652, 661, 674, 677, 683, 692, 695, 698, 702, 727, 733, 737, 740, 743, 747,
    758, 761, 764, 768, 772, 782, 786, 796, 802, 805, 814, 820, 828, 831, 837,
    846, 851, 874, 895, 899, 906, 909, 912, 921, 925, 931, 935, 945, 955, 959,
    973, 978, 984, 1004, 1008, 1011, 1019, 1023, 1036, 1040, 1044, 1055, 1059,
    1063, 1068, 1072, 1076, 1080, 1086, 1090, 1094, 1097, 1102, 1115, 1122,
    1133, 1139, 1143, 1158, 1168, 1172, 1186, 1206, 1215, 1221, 1224, 1232,
    1239, 1242, 1246, 1251, 1255, 1259, 1275, 1290, 1303, 1320, 1323, 1330,
    1338, 1342, 1347, 1354, 1374, 1377, 1387, 1393, 1400, 1409, 1413, 1417,
    1436, 1439, 1447, 1451, 1460, 1475, 1489, 1492, 1499, 1507, 1510, 1513,
    1516, 1522, 1525, 1533, 1538, 1555, 1573, 1584, 1607, 1619, 1622, 1628,
    1631, 1637, 1644, 1659, 1665, 1672, 1681, 1684, 1690, 1699, 1709, 1712,
    1728, 1735, 1739, 1745, 1749, 1757, 1767, 1773, 1777, 1782, 1787, 1791,
    1804, 1819, 1834, 1837, 1842, 1852, 1859, 1862, 1866, 1882, 1886, 1895,
    1898, 1902, 1905, 1908, 1920, 1930, 1946, 1949, 1953, 1956, 1959, 1975,
    1979, 1989, 1992, 1995, 2000, 2004, 2013, 2025, 2030, 2049, 2070, 2083,
    2087, 2114, 2126, 2135, 2138, 2141, 2144, 2147, 2151, 2156, 2163, 2170,
    2173, 2199, 2203, 2211, 2214, 2265, 2275, 2279, 2286, 2307, 2321, 2342,
    2345, 2352, 2358, 2372, 2376, 2384, 2395, 2403, 2407, 2410, 2440, 2443,
    2446, 2449, 2453, 2461, 2465, 2471, 2474, 2478, 2482, 2499, 2502, 2516,
    2520, 2529, 2533, 2536, 2539, 2560, 2568, 2575, 2584, 2590, 2594, 2617,
    2621, 2625, 2628, 2631, 2640, 2649, 2653, 2665, 2672, 2676, 2683, 2686,
    2690, 2694, 2719, 2723, 2733, 2737, 2743, 2747, 2752, 2756, 2762, 2768,
    2791, 2794, 2803

Reassigned labels

Runtime: 7.044633388519287

Performance split_log:

IM without threshold:
Map:
{"D_0": "D", "D_1": "D", "D_2": "D", "D_3": "D"}
token_fitness
{"perc_fit_traces": 0.0, "average_trace_fitness": 0.9457460617448172, "log_fitness": 0.945677932115644, "percentage_of_fitting_traces": 0.0}
precision
0.6924233926477337
0.64
generalization
0.6976238764880245

Adjusted Rand Index:
0.1680498229958695



Parameters of this run:

Window size: 1
Threshold for edges: 0.75
Split candidates: D
Max number of traces: 5000000
Method for distance calculation: Distance.EDIT_DISTANCE
Method for finding clusters: ClusteringMethod.COMMUNITY_DETECTION
Original log location: ./data/noImprInLoop_default_OD\feb17-0936\logs\H_1_LogD_Sequence_feb17-0936.xes.gz
Use frequency: True

Found communities: 

Clustering with 2819 elements and 12 clusters
[ 0] 2, 4, 8, 11, 13, 20, 22, 23, 31, 33, 34, 37, 40, 45, 47, 50, 55, 58, 62,
     64, 65, 69, 75, 78, 80, 81, 84, 86, 87, 89, 92, 96, 102, 104, 105, 108,
     110, 112, 113, 119, 121, 123, 124, 135, 137, 139, 144, 148, 156, 158,
     161, 162, 165, 169, 171, 173, 176, 178, 181, 182, 188, 189, 193, 196,
     206, 207, 212, 216, 218, 221, 222, 224, 227, 229, 230, 232, 233, 237,
     240, 242, 243, 246, 251, 264, 267, 269, 277, 286, 293, 295, 305, 309,
     315, 321, 324, 328, 335, 349, 362, 370, 372, 377, 380, 385, 390, 391,
     395, 396, 398, 400, 405, 407, 410, 411, 413, 422, 425, 432, 437, 441,
     445, 448, 451, 457, 460, 462, 465, 468, 469, 473, 485, 489, 494, 502,
     511, 513, 514, 517, 520, 523, 527, 530, 531, 534, 535, 542, 544, 549,
     553, 558, 568, 572, 574, 575, 583, 586, 590, 591, 594, 595, 597, 602,
     603, 607, 610, 613, 621, 624, 626, 633, 638, 639, 643, 644, 647, 651,
     654, 658, 664, 668, 670, 679, 682, 687, 689, 701, 707, 715, 723, 725,
     735, 746, 749, 753, 755, 760, 766, 767, 771, 775, 781, 784, 785, 792,
     799, 809, 811, 816, 817, 819, 822, 823, 825, 833, 834, 841, 842, 844,
     848, 855, 859, 860, 863, 869, 873, 877, 879, 880, 882, 883, 886, 888,
     889, 893, 894, 897, 898, 905, 908, 911, 914, 915, 917, 918, 923, 928,
     934, 947, 951, 954, 958, 961, 964, 975, 977, 983, 986, 987, 989, 994,
     996, 1000, 1003, 1007, 1013, 1021, 1022, 1025, 1027, 1029, 1030, 1033,
     1038, 1042, 1043, 1046, 1048, 1049, 1051, 1057, 1058, 1062, 1067, 1074,
     1078, 1079, 1082, 1083, 1085, 1088, 1089, 1092, 1096, 1105, 1107, 1108,
     1114, 1118, 1120, 1124, 1132, 1138, 1141, 1142, 1145, 1147, 1152, 1163,
     1164, 1167, 1170, 1171, 1174, 1179, 1181, 1189, 1202, 1204, 1208, 1211,
     1212, 1220, 1228, 1230, 1235, 1237, 1238, 1241, 1245, 1248, 1253, 1257,
     1266, 1271, 1274, 1280, 1283, 1286, 1287, 1292, 1295, 1299, 1302, 1305,
     1307, 1309, 1316, 1327, 1329, 1335, 1341, 1349, 1350, 1357, 1363, 1365,
     1366, 1370, 1372, 1373, 1379, 1380, 1389, 1390, 1396, 1398, 1399, 1402,
     1403, 1405, 1408, 1416, 1421, 1432, 1434, 1438, 1441, 1446, 1450, 1453,
     1454, 1456, 1457, 1469, 1474, 1478, 1485, 1486, 1488, 1491, 1495, 1497,
     1498, 1501, 1503, 1519, 1521, 1524, 1527, 1529, 1531, 1532, 1541, 1543,
     1546, 1548, 1551, 1552, 1554, 1565, 1569, 1577, 1578, 1581, 1587, 1589,
     1593, 1595, 1596, 1598, 1600, 1603, 1604, 1606, 1609, 1610, 1612, 1618,
     1625, 1630, 1633, 1636, 1640, 1642, 1646, 1649, 1656, 1662, 1664, 1667,
     1669, 1671, 1677, 1679, 1689, 1692, 1697, 1704, 1706, 1714, 1722, 1730,
     1731, 1733, 1734, 1738, 1741, 1744, 1751, 1761, 1766, 1769, 1771, 1772,
     1775, 1781, 1795, 1798, 1802, 1811, 1814, 1815, 1818, 1822, 1825, 1829,
     1830, 1833, 1839, 1841, 1844, 1851, 1854, 1855, 1857, 1858, 1864, 1865,
     1870, 1871, 1878, 1879, 1884, 1888, 1891, 1904, 1907, 1914, 1922, 1932,
     1934, 1939, 1942, 1944, 1945, 1948, 1958, 1963, 1969, 1971, 1974, 1977,
     1978, 1981, 1982, 1984, 1985, 1999, 2003, 2009, 2010, 2015, 2018, 2021,
     2022, 2029, 2033, 2037, 2041, 2044, 2048, 2051, 2052, 2057, 2064, 2066,
     2068, 2069, 2079, 2082, 2085, 2086, 2089, 2091, 2092, 2097, 2099, 2100,
     2107, 2109, 2111, 2116, 2117, 2119, 2121, 2122, 2124, 2125, 2130, 2137,
     2140, 2146, 2150, 2153, 2158, 2161, 2162, 2166, 2172, 2175, 2177, 2180,
     2182, 2195, 2197, 2198, 2201, 2202, 2205, 2207, 2208, 2210, 2216, 2221,
     2223, 2230, 2232, 2236, 2238, 2241, 2246, 2248, 2252, 2257, 2258, 2261,
     2264, 2271, 2277, 2278, 2284, 2288, 2291, 2294, 2296, 2300, 2301, 2305,
     2310, 2312, 2320, 2326, 2329, 2333, 2335, 2337, 2338, 2340, 2341, 2344,
     2351, 2355, 2360, 2364, 2375, 2378, 2380, 2387, 2389, 2392, 2400, 2402,
     2405, 2406, 2413, 2415, 2419, 2420, 2425, 2434, 2436, 2437, 2451, 2458,
     2464, 2467, 2468, 2476, 2477, 2481, 2486, 2489, 2490, 2492, 2494, 2495,
     2498, 2501, 2508, 2510, 2513, 2519, 2522, 2523, 2525, 2532, 2541, 2543,
     2546, 2551, 2553, 2554, 2557, 2559, 2562, 2567, 2571, 2574, 2578, 2580,
     2586, 2587, 2592, 2596, 2599, 2604, 2606, 2610, 2613, 2616, 2619, 2623,
     2630, 2633, 2634, 2637, 2639, 2642, 2644, 2647, 2648, 2655, 2657, 2658,
     2661, 2663, 2664, 2667, 2671, 2675, 2682, 2685, 2692, 2696, 2698, 2701,
     2710, 2712, 2714, 2717, 2725, 2729, 2731, 2736, 2742, 2746, 2749, 2755,
     2761, 2764, 2766, 2767, 2771, 2777, 2782, 2785, 2790, 2798, 2802, 2808,
     2812, 2814, 2817, 2818
[ 1] 3, 17, 19, 21, 24, 27, 30, 35, 39, 42, 44, 54, 57, 60, 67, 68, 76, 77,
     88, 91, 95, 99, 103, 106, 109, 111, 114, 118, 122, 125, 129, 133, 141,
     143, 147, 151, 154, 155, 164, 174, 177, 180, 192, 195, 199, 203, 205,
     211, 215, 217, 223, 225, 231, 241, 245, 248, 253, 258, 261, 268, 271,
     276, 280, 282, 285, 287, 292, 294, 296, 299, 302, 304, 307, 312, 314,
     317, 320, 323, 327, 334, 337, 339, 343, 346, 355, 358, 366, 371, 375,
     383, 384, 389, 404, 412, 415, 417, 418, 421, 427, 436, 447, 450, 454,
     463, 464, 467, 472, 474, 477, 482, 492, 496, 507, 516, 519, 524, 526,
     529, 533, 538, 541, 545, 550, 552, 555, 557, 563, 564, 570, 573, 576,
     579, 596, 599, 601, 611, 614, 617, 620, 623, 625, 629, 637, 642, 646,
     650, 653, 659, 663, 671, 678, 684, 686, 690, 693, 705, 706, 709, 711,
     714, 719, 721, 732, 739, 750, 754, 756, 759, 763, 770, 776, 780, 790,
     791, 795, 798, 800, 803, 806, 830, 835, 839, 840, 845, 849, 854, 857,
     858, 862, 865, 870, 875, 878, 881, 891, 901, 904, 907, 919, 924, 926,
     930, 932, 936, 941, 943, 946, 953, 956, 966, 968, 972, 979, 985, 993,
     997, 1002, 1010, 1014, 1018, 1026, 1032, 1047, 1050, 1054, 1064, 1071,
     1073, 1077, 1081, 1084, 1091, 1095, 1099, 1101, 1106, 1116, 1119, 1125,
     1128, 1130, 1134, 1140, 1148, 1149, 1153, 1154, 1157, 1161, 1166, 1173,
     1177, 1178, 1182, 1184, 1190, 1193, 1196, 1198, 1200, 1205, 1210, 1213,
     1217, 1225, 1227, 1231, 1234, 1236, 1240, 1244, 1249, 1252, 1256, 1260,
     1263, 1265, 1269, 1272, 1278, 1279, 1284, 1294, 1297, 1300, 1311, 1313,
     1321, 1324, 1328, 1331, 1333, 1340, 1348, 1352, 1356, 1362, 1364, 1371,
     1378, 1383, 1386, 1388, 1392, 1395, 1397, 1404, 1411, 1418, 1422, 1424,
     1431, 1433, 1442, 1444, 1452, 1461, 1463, 1465, 1468, 1470, 1473, 1477,
     1479, 1482, 1484, 1487, 1490, 1494, 1496, 1500, 1502, 1505, 1509, 1511,
     1515, 1517, 1520, 1523, 1542, 1544, 1547, 1550, 1557, 1562, 1566, 1570,
     1574, 1576, 1579, 1582, 1586, 1588, 1597, 1608, 1611, 1613, 1617, 1624,
     1627, 1634, 1635, 1639, 1643, 1645, 1648, 1655, 1658, 1661, 1663, 1666,
     1668, 1670, 1676, 1678, 1682, 1687, 1693, 1695, 1698, 1703, 1713, 1720,
     1723, 1727, 1729, 1732, 1736, 1740, 1747, 1752, 1755, 1765, 1770, 1776,
     1778, 1780, 1789, 1793, 1794, 1797, 1800, 1803, 1806, 1812, 1817, 1820,
     1824, 1828, 1836, 1845, 1847, 1853, 1856, 1861, 1863, 1867, 1873, 1877,
     1880, 1885, 1887, 1892, 1896, 1900, 1910, 1918, 1925, 1928, 1936, 1938,
     1941, 1943, 1947, 1952, 1957, 1961, 1966, 1968, 1976, 1980, 1983, 1986,
     1991, 1993, 2001, 2006, 2008, 2012, 2014, 2020, 2023, 2026, 2028, 2035,
     2039, 2043, 2050, 2054, 2058, 2062, 2063, 2074, 2076, 2078, 2080, 2088,
     2094, 2096, 2098, 2101, 2103, 2106, 2115, 2133, 2136, 2139, 2145, 2149,
     2157, 2160, 2171, 2174, 2183, 2186, 2190, 2194, 2196, 2204, 2206, 2209,
     2218, 2220, 2222, 2225, 2227, 2229, 2231, 2237, 2240, 2250, 2254, 2256,
     2259, 2262, 2274, 2280, 2285, 2289, 2290, 2293, 2298, 2304, 2309, 2313,
     2317, 2319, 2322, 2328, 2334, 2336, 2348, 2350, 2366, 2368, 2374, 2377,
     2379, 2385, 2388, 2391, 2393, 2399, 2408, 2414, 2418, 2426, 2442, 2445,
     2448, 2455, 2457, 2463, 2472, 2475, 2480, 2485, 2493, 2497, 2504, 2506,
     2512, 2518, 2526, 2531, 2534, 2538, 2540, 2542, 2545, 2547, 2550, 2556,
     2558, 2570, 2572, 2577, 2581, 2583, 2589, 2591, 2595, 2600, 2602, 2608,
     2609, 2612, 2615, 2622, 2627, 2632, 2635, 2638, 2645, 2646, 2650, 2660,
     2662, 2666, 2674, 2677, 2680, 2689, 2691, 2699, 2705, 2708, 2711, 2715,
     2718, 2722, 2724, 2728, 2730, 2735, 2739, 2740, 2745, 2751, 2760, 2763,
     2770, 2773, 2774, 2780, 2784, 2786, 2792, 2795, 2797, 2800, 2801, 2804,
     2807, 2810
[ 2] 0, 6, 15, 18, 52, 56, 73, 82, 93, 116, 127, 132, 140, 145, 152, 159, 163,
     167, 179, 183, 186, 190, 194, 198, 201, 213, 234, 238, 244, 247, 252,
     255, 259, 273, 278, 284, 306, 310, 316, 319, 322, 326, 336, 341, 353,
     360, 365, 368, 373, 386, 408, 423, 429, 443, 446, 470, 478, 486, 490,
     497, 500, 503, 508, 515, 528, 532, 536, 540, 547, 556, 561, 569, 592,
     604, 627, 630, 634, 652, 661, 674, 677, 683, 692, 695, 698, 702, 727,
     733, 737, 740, 743, 747, 758, 761, 764, 768, 772, 782, 786, 796, 802,
     805, 814, 820, 828, 831, 837, 846, 851, 874, 895, 899, 906, 909, 912,
     921, 925, 931, 935, 945, 955, 959, 973, 978, 984, 1004, 1008, 1011, 1019,
     1023, 1036, 1040, 1044, 1055, 1059, 1063, 1068, 1072, 1076, 1080, 1086,
     1090, 1094, 1097, 1102, 1115, 1122, 1133, 1139, 1143, 1158, 1168, 1172,
     1186, 1206, 1215, 1221, 1224, 1232, 1239, 1242, 1246, 1251, 1255, 1259,
     1275, 1290, 1303, 1320, 1323, 1330, 1338, 1342, 1347, 1354, 1374, 1377,
     1387, 1393, 1400, 1409, 1413, 1417, 1436, 1439, 1447, 1451, 1460, 1475,
     1489, 1492, 1499, 1507, 1510, 1513, 1516, 1522, 1525, 1533, 1538, 1555,
     1573, 1584, 1607, 1619, 1622, 1628, 1631, 1637, 1644, 1659, 1665, 1672,
     1681, 1684, 1690, 1699, 1709, 1712, 1728, 1735, 1739, 1745, 1749, 1757,
     1767, 1773, 1777, 1782, 1787, 1791, 1804, 1819, 1834, 1837, 1842, 1852,
     1859, 1862, 1866, 1882, 1886, 1895, 1898, 1902, 1905, 1908, 1920, 1930,
     1946, 1949, 1953, 1956, 1959, 1975, 1979, 1989, 1992, 1995, 2000, 2004,
     2013, 2025, 2030, 2049, 2070, 2083, 2087, 2114, 2126, 2135, 2138, 2141,
     2144, 2147, 2151, 2156, 2163, 2170, 2173, 2199, 2203, 2211, 2214, 2265,
     2275, 2279, 2286, 2307, 2321, 2342, 2345, 2352, 2358, 2372, 2376, 2384,
     2395, 2403, 2407, 2410, 2440, 2443, 2446, 2449, 2453, 2461, 2465, 2471,
     2474, 2478, 2482, 2499, 2502, 2516, 2520, 2529, 2533, 2536, 2539, 2560,
     2568, 2575, 2584, 2590, 2594, 2617, 2621, 2625, 2628, 2631, 2640, 2649,
     2653, 2665, 2672, 2676, 2683, 2686, 2690, 2694, 2719, 2723, 2733, 2737,
     2743, 2747, 2752, 2756, 2762, 2768, 2791, 2794, 2803
[ 3] 5, 10, 14, 28, 36, 38, 43, 51, 61, 70, 79, 83, 85, 90, 94, 101, 134, 136,
     142, 150, 160, 166, 170, 175, 197, 200, 204, 220, 236, 249, 250, 263,
     275, 283, 291, 300, 313, 329, 333, 338, 344, 348, 359, 379, 382, 399,
     401, 406, 431, 442, 455, 466, 476, 493, 506, 510, 551, 567, 577, 581,
     587, 589, 593, 600, 606, 655, 657, 665, 669, 691, 716, 720, 726, 748,
     757, 783, 793, 804, 832, 847, 864, 876, 885, 887, 896, 902, 910, 913,
     916, 920, 942, 950, 971, 980, 991, 999, 1009, 1012, 1017, 1028, 1039,
     1045, 1056, 1061, 1065, 1075, 1087, 1093, 1104, 1110, 1117, 1121, 1131,
     1137, 1162, 1169, 1185, 1194, 1195, 1201, 1209, 1216, 1223, 1229, 1250,
     1254, 1261, 1264, 1273, 1285, 1296, 1308, 1314, 1332, 1339, 1344, 1361,
     1368, 1382, 1401, 1420, 1423, 1435, 1462, 1466, 1483, 1504, 1530, 1534,
     1540, 1545, 1558, 1561, 1572, 1590, 1601, 1602, 1647, 1657, 1702, 1742,
     1743, 1748, 1753, 1760, 1764, 1786, 1807, 1808, 1821, 1823, 1832, 1840,
     1848, 1869, 1890, 1915, 1965, 2002, 2019, 2027, 2040, 2042, 2045, 2047,
     2059, 2061, 2072, 2075, 2077, 2081, 2090, 2095, 2118, 2120, 2128, 2129,
     2155, 2165, 2179, 2189, 2200, 2213, 2233, 2239, 2249, 2251, 2255, 2263,
     2270, 2315, 2318, 2323, 2325, 2339, 2347, 2354, 2381, 2390, 2412, 2427,
     2433, 2435, 2439, 2452, 2454, 2500, 2515, 2521, 2530, 2544, 2573, 2585,
     2597, 2605, 2614, 2624, 2629, 2656, 2659, 2668, 2670, 2678, 2679, 2684,
     2688, 2693, 2709, 2726, 2732, 2748, 2765, 2783, 2789, 2796, 2815, 2816
[ 4] 32, 71, 100, 157, 185, 187, 209, 257, 270, 308, 325, 352, 356, 364, 367,
     376, 393, 409, 419, 428, 434, 439, 449, 452, 459, 475, 480, 484, 512,
     522, 525, 560, 571, 584, 598, 609, 612, 622, 632, 641, 649, 660, 673,
     700, 704, 712, 718, 736, 745, 752, 774, 778, 794, 810, 815, 818, 821,
     850, 852, 892, 927, 944, 963, 982, 990, 1006, 1020, 1024, 1041, 1052,
     1070, 1144, 1160, 1188, 1199, 1219, 1226, 1258, 1267, 1268, 1281, 1293,
     1312, 1317, 1322, 1325, 1334, 1346, 1353, 1369, 1375, 1385, 1407, 1412,
     1415, 1425, 1437, 1445, 1449, 1464, 1481, 1553, 1564, 1567, 1580, 1583,
     1592, 1594, 1615, 1621, 1653, 1680, 1686, 1701, 1705, 1711, 1737, 1756,
     1768, 1813, 1835, 1850, 1868, 1881, 1889, 1894, 1901, 1903, 1906, 1911,
     1919, 1926, 1929, 1931, 1933, 1951, 1955, 1960, 1973, 1988, 1994, 1997,
     2016, 2024, 2032, 2038, 2056, 2084, 2113, 2123, 2143, 2159, 2169, 2181,
     2185, 2192, 2217, 2228, 2235, 2242, 2266, 2276, 2282, 2295, 2299, 2306,
     2327, 2331, 2343, 2356, 2359, 2362, 2365, 2369, 2383, 2397, 2404, 2409,
     2423, 2424, 2428, 2431, 2460, 2466, 2469, 2488, 2491, 2509, 2548, 2552,
     2555, 2563, 2566, 2593, 2601, 2603, 2636, 2652, 2654, 2700, 2703, 2707,
     2721, 2741, 2781, 2805, 2806, 2811
[ 5] 7, 25, 66, 72, 115, 120, 126, 131, 138, 153, 168, 208, 239, 272, 279,
     288, 297, 318, 332, 340, 345, 361, 363, 369, 374, 388, 392, 397, 402,
     424, 433, 438, 444, 491, 499, 501, 505, 543, 546, 554, 578, 585, 588,
     615, 618, 636, 640, 666, 667, 676, 681, 685, 694, 697, 713, 722, 729,
     742, 788, 801, 807, 808, 813, 824, 836, 853, 856, 867, 868, 871, 872,
     929, 937, 939, 949, 960, 970, 976, 992, 1015, 1035, 1066, 1112, 1113,
     1123, 1150, 1176, 1191, 1214, 1222, 1247, 1289, 1304, 1306, 1319, 1326,
     1337, 1359, 1367, 1376, 1391, 1419, 1427, 1428, 1459, 1471, 1506, 1514,
     1526, 1528, 1535, 1537, 1575, 1605, 1626, 1629, 1674, 1700, 1708, 1710,
     1718, 1721, 1724, 1750, 1759, 1763, 1779, 1784, 1785, 1809, 1826, 1838,
     1876, 1897, 1916, 1962, 1970, 1998, 2046, 2065, 2071, 2104, 2108, 2132,
     2134, 2142, 2187, 2215, 2224, 2244, 2245, 2267, 2269, 2297, 2303, 2314,
     2316, 2332, 2346, 2349, 2357, 2363, 2371, 2394, 2416, 2429, 2444, 2470,
     2473, 2514, 2528, 2535, 2561, 2564, 2669, 2681, 2695, 2704, 2706, 2775,
     2776, 2793
[ 6] 1, 48, 59, 63, 98, 107, 172, 184, 219, 226, 228, 254, 256, 266, 290, 331,
     351, 394, 458, 479, 481, 488, 539, 548, 559, 565, 582, 619, 635, 648,
     672, 675, 680, 688, 703, 731, 734, 762, 765, 769, 773, 777, 787, 827,
     933, 938, 957, 974, 981, 988, 1001, 1005, 1031, 1053, 1098, 1126, 1129,
     1135, 1155, 1156, 1165, 1175, 1180, 1197, 1218, 1277, 1288, 1291, 1298,
     1301, 1315, 1318, 1345, 1355, 1358, 1384, 1410, 1414, 1429, 1440, 1443,
     1448, 1455, 1458, 1480, 1512, 1518, 1549, 1560, 1568, 1585, 1591, 1614,
     1638, 1641, 1650, 1652, 1654, 1683, 1685, 1688, 1696, 1716, 1726, 1754,
     1790, 1827, 1874, 1893, 1913, 1923, 1924, 1927, 1950, 1954, 1967, 1987,
     2007, 2031, 2036, 2055, 2067, 2102, 2110, 2112, 2131, 2148, 2152, 2168,
     2176, 2184, 2191, 2260, 2273, 2281, 2302, 2330, 2361, 2367, 2386, 2401,
     2417, 2422, 2430, 2441, 2484, 2487, 2496, 2503, 2507, 2565, 2579, 2582,
     2588, 2611, 2620, 2641, 2651, 2673, 2697, 2713, 2744, 2754, 2758, 2769,
     2779, 2787, 2799, 2809
[ 7] 9, 12, 16, 41, 74, 130, 146, 210, 262, 274, 281, 289, 298, 311, 330, 347,
     357, 378, 387, 403, 453, 498, 518, 566, 580, 605, 608, 628, 631, 645,
     662, 710, 728, 730, 751, 797, 812, 829, 838, 884, 890, 900, 903, 922,
     948, 965, 1016, 1034, 1060, 1069, 1100, 1109, 1111, 1136, 1203, 1207,
     1243, 1262, 1270, 1276, 1282, 1310, 1343, 1430, 1472, 1476, 1493, 1536,
     1539, 1559, 1571, 1623, 1632, 1651, 1675, 1691, 1707, 1719, 1783, 1799,
     1801, 1805, 1816, 1831, 1843, 1875, 1912, 1917, 1935, 1990, 2034, 2053,
     2060, 2073, 2188, 2193, 2219, 2226, 2243, 2253, 2268, 2308, 2353, 2373,
     2382, 2396, 2432, 2438, 2447, 2450, 2456, 2459, 2462, 2517, 2524, 2549,
     2569, 2618, 2687, 2727, 2734, 2753, 2757, 2772, 2778, 2788, 2813
[ 8] 26, 46, 49, 53, 117, 191, 265, 303, 381, 426, 435, 440, 456, 461, 471,
     487, 616, 696, 699, 708, 724, 789, 940, 962, 995, 998, 1103, 1146, 1151,
     1187, 1351, 1381, 1467, 1694, 1717, 1725, 1762, 1774, 1792, 1796, 1860,
     1872, 1899, 1964, 2011, 2127, 2154, 2178, 2272, 2287, 2292, 2311, 2398,
     2479, 2483, 2511, 2576, 2626, 2738
[ 9] 29, 149, 214, 260, 342, 420, 430, 483, 495, 509, 521, 537, 562, 656, 717,
     741, 744, 779, 843, 861, 866, 952, 969, 1127, 1159, 1183, 1192, 1336,
     1360, 1394, 1406, 1508, 1563, 1620, 1673, 1715, 1810, 1849, 1909, 1921,
     1937, 1972, 1996, 2005, 2164, 2234, 2283, 2324, 2421, 2505, 2527, 2537,
     2598, 2607, 2702, 2716, 2750
[10] 128, 301, 354, 416, 738, 826, 967, 1037, 1426, 1556, 1599, 1660, 1746,
     1846, 1883, 2093, 2167, 2212, 2247, 2411, 2759
[11] 97, 202, 235, 350, 414, 504, 1233, 1616, 1758, 1788, 1940, 2017, 2105,
     2370, 2643, 2720

Reassigned labels

Runtime: 5.192381143569946

Performance split_log:

IM without threshold:
Map:
{"D_0": "D", "D_1": "D", "D_2": "D", "D_3": "D", "D_4": "D", "D_5": "D", "D_6": "D", "D_7": "D", "D_8": "D", "D_9": "D", "D_10": "D", "D_11": "D"}
token_fitness
{"perc_fit_traces": 17.7, "average_trace_fitness": 0.9459100964355643, "log_fitness": 0.9480503851091142, "percentage_of_fitting_traces": 17.7}
precision
0.613929127542113
0.6326530612244898
generalization
0.9219754928843678

Adjusted Rand Index:
0.1698802454059833



Parameters of this run:

Window size: 1
Threshold for edges: 1
Split candidates: D
Max number of traces: 5000000
Method for distance calculation: Distance.EDIT_DISTANCE
Method for finding clusters: ClusteringMethod.COMMUNITY_DETECTION
Original log location: ./data/noImprInLoop_default_OD\feb17-0936\logs\H_1_LogD_Sequence_feb17-0936.xes.gz
Use frequency: True

Found communities: 

Clustering with 2819 elements and 12 clusters
[ 0] 2, 4, 8, 11, 13, 20, 22, 23, 31, 33, 34, 37, 40, 45, 47, 50, 55, 58, 62,
     64, 65, 69, 75, 78, 80, 81, 84, 86, 87, 89, 92, 96, 102, 104, 105, 108,
     110, 112, 113, 119, 121, 123, 124, 135, 137, 139, 144, 148, 156, 158,
     161, 162, 165, 169, 171, 173, 176, 178, 181, 182, 188, 189, 193, 196,
     206, 207, 212, 216, 218, 221, 222, 224, 227, 229, 230, 232, 233, 237,
     240, 242, 243, 246, 251, 264, 267, 269, 277, 286, 293, 295, 305, 309,
     315, 321, 324, 328, 335, 349, 362, 370, 372, 377, 380, 385, 390, 391,
     395, 396, 398, 400, 405, 407, 410, 411, 413, 422, 425, 432, 437, 441,
     445, 448, 451, 457, 460, 462, 465, 468, 469, 473, 485, 489, 494, 502,
     511, 513, 514, 517, 520, 523, 527, 530, 531, 534, 535, 542, 544, 549,
     553, 558, 568, 572, 574, 575, 583, 586, 590, 591, 594, 595, 597, 602,
     603, 607, 610, 613, 621, 624, 626, 633, 638, 639, 643, 644, 647, 651,
     654, 658, 664, 668, 670, 679, 682, 687, 689, 701, 707, 715, 723, 725,
     735, 746, 749, 753, 755, 760, 766, 767, 771, 775, 781, 784, 785, 792,
     799, 809, 811, 816, 817, 819, 822, 823, 825, 833, 834, 841, 842, 844,
     848, 855, 859, 860, 863, 869, 873, 877, 879, 880, 882, 883, 886, 888,
     889, 893, 894, 897, 898, 905, 908, 911, 914, 915, 917, 918, 923, 928,
     934, 947, 951, 954, 958, 961, 964, 975, 977, 983, 986, 987, 989, 994,
     996, 1000, 1003, 1007, 1013, 1021, 1022, 1025, 1027, 1029, 1030, 1033,
     1038, 1042, 1043, 1046, 1048, 1049, 1051, 1057, 1058, 1062, 1067, 1074,
     1078, 1079, 1082, 1083, 1085, 1088, 1089, 1092, 1096, 1105, 1107, 1108,
     1114, 1118, 1120, 1124, 1132, 1138, 1141, 1142, 1145, 1147, 1152, 1163,
     1164, 1167, 1170, 1171, 1174, 1179, 1181, 1189, 1202, 1204, 1208, 1211,
     1212, 1220, 1228, 1230, 1235, 1237, 1238, 1241, 1245, 1248, 1253, 1257,
     1266, 1271, 1274, 1280, 1283, 1286, 1287, 1292, 1295, 1299, 1302, 1305,
     1307, 1309, 1316, 1327, 1329, 1335, 1341, 1349, 1350, 1357, 1363, 1365,
     1366, 1370, 1372, 1373, 1379, 1380, 1389, 1390, 1396, 1398, 1399, 1402,
     1403, 1405, 1408, 1416, 1421, 1432, 1434, 1438, 1441, 1446, 1450, 1453,
     1454, 1456, 1457, 1469, 1474, 1478, 1485, 1486, 1488, 1491, 1495, 1497,
     1498, 1501, 1503, 1519, 1521, 1524, 1527, 1529, 1531, 1532, 1541, 1543,
     1546, 1548, 1551, 1552, 1554, 1565, 1569, 1577, 1578, 1581, 1587, 1589,
     1593, 1595, 1596, 1598, 1600, 1603, 1604, 1606, 1609, 1610, 1612, 1618,
     1625, 1630, 1633, 1636, 1640, 1642, 1646, 1649, 1656, 1662, 1664, 1667,
     1669, 1671, 1677, 1679, 1689, 1692, 1697, 1704, 1706, 1714, 1722, 1730,
     1731, 1733, 1734, 1738, 1741, 1744, 1751, 1761, 1766, 1769, 1771, 1772,
     1775, 1781, 1795, 1798, 1802, 1811, 1814, 1815, 1818, 1822, 1825, 1829,
     1830, 1833, 1839, 1841, 1844, 1851, 1854, 1855, 1857, 1858, 1864, 1865,
     1870, 1871, 1878, 1879, 1884, 1888, 1891, 1904, 1907, 1914, 1922, 1932,
     1934, 1939, 1942, 1944, 1945, 1948, 1958, 1963, 1969, 1971, 1974, 1977,
     1978, 1981, 1982, 1984, 1985, 1999, 2003, 2009, 2010, 2015, 2018, 2021,
     2022, 2029, 2033, 2037, 2041, 2044, 2048, 2051, 2052, 2057, 2064, 2066,
     2068, 2069, 2079, 2082, 2085, 2086, 2089, 2091, 2092, 2097, 2099, 2100,
     2107, 2109, 2111, 2116, 2117, 2119, 2121, 2122, 2124, 2125, 2130, 2137,
     2140, 2146, 2150, 2153, 2158, 2161, 2162, 2166, 2172, 2175, 2177, 2180,
     2182, 2195, 2197, 2198, 2201, 2202, 2205, 2207, 2208, 2210, 2216, 2221,
     2223, 2230, 2232, 2236, 2238, 2241, 2246, 2248, 2252, 2257, 2258, 2261,
     2264, 2271, 2277, 2278, 2284, 2288, 2291, 2294, 2296, 2300, 2301, 2305,
     2310, 2312, 2320, 2326, 2329, 2333, 2335, 2337, 2338, 2340, 2341, 2344,
     2351, 2355, 2360, 2364, 2375, 2378, 2380, 2387, 2389, 2392, 2400, 2402,
     2405, 2406, 2413, 2415, 2419, 2420, 2425, 2434, 2436, 2437, 2451, 2458,
     2464, 2467, 2468, 2476, 2477, 2481, 2486, 2489, 2490, 2492, 2494, 2495,
     2498, 2501, 2508, 2510, 2513, 2519, 2522, 2523, 2525, 2532, 2541, 2543,
     2546, 2551, 2553, 2554, 2557, 2559, 2562, 2567, 2571, 2574, 2578, 2580,
     2586, 2587, 2592, 2596, 2599, 2604, 2606, 2610, 2613, 2616, 2619, 2623,
     2630, 2633, 2634, 2637, 2639, 2642, 2644, 2647, 2648, 2655, 2657, 2658,
     2661, 2663, 2664, 2667, 2671, 2675, 2682, 2685, 2692, 2696, 2698, 2701,
     2710, 2712, 2714, 2717, 2725, 2729, 2731, 2736, 2742, 2746, 2749, 2755,
     2761, 2764, 2766, 2767, 2771, 2777, 2782, 2785, 2790, 2798, 2802, 2808,
     2812, 2814, 2817, 2818
[ 1] 3, 17, 19, 21, 24, 27, 30, 35, 39, 42, 44, 54, 57, 60, 67, 68, 76, 77,
     88, 91, 95, 99, 103, 106, 109, 111, 114, 118, 122, 125, 129, 133, 141,
     143, 147, 151, 154, 155, 164, 174, 177, 180, 192, 195, 199, 203, 205,
     211, 215, 217, 223, 225, 231, 241, 245, 248, 253, 258, 261, 268, 271,
     276, 280, 282, 285, 287, 292, 294, 296, 299, 302, 304, 307, 312, 314,
     317, 320, 323, 327, 334, 337, 339, 343, 346, 355, 358, 366, 371, 375,
     383, 384, 389, 404, 412, 415, 417, 418, 421, 427, 436, 447, 450, 454,
     463, 464, 467, 472, 474, 477, 482, 492, 496, 507, 516, 519, 524, 526,
     529, 533, 538, 541, 545, 550, 552, 555, 557, 563, 564, 570, 573, 576,
     579, 596, 599, 601, 611, 614, 617, 620, 623, 625, 629, 637, 642, 646,
     650, 653, 659, 663, 671, 678, 684, 686, 690, 693, 705, 706, 709, 711,
     714, 719, 721, 732, 739, 750, 754, 756, 759, 763, 770, 776, 780, 790,
     791, 795, 798, 800, 803, 806, 830, 835, 839, 840, 845, 849, 854, 857,
     858, 862, 865, 870, 875, 878, 881, 891, 901, 904, 907, 919, 924, 926,
     930, 932, 936, 941, 943, 946, 953, 956, 966, 968, 972, 979, 985, 993,
     997, 1002, 1010, 1014, 1018, 1026, 1032, 1047, 1050, 1054, 1064, 1071,
     1073, 1077, 1081, 1084, 1091, 1095, 1099, 1101, 1106, 1116, 1119, 1125,
     1128, 1130, 1134, 1140, 1148, 1149, 1153, 1154, 1157, 1161, 1166, 1173,
     1177, 1178, 1182, 1184, 1190, 1193, 1196, 1198, 1200, 1205, 1210, 1213,
     1217, 1225, 1227, 1231, 1234, 1236, 1240, 1244, 1249, 1252, 1256, 1260,
     1263, 1265, 1269, 1272, 1278, 1279, 1284, 1294, 1297, 1300, 1311, 1313,
     1321, 1324, 1328, 1331, 1333, 1340, 1348, 1352, 1356, 1362, 1364, 1371,
     1378, 1383, 1386, 1388, 1392, 1395, 1397, 1404, 1411, 1418, 1422, 1424,
     1431, 1433, 1442, 1444, 1452, 1461, 1463, 1465, 1468, 1470, 1473, 1477,
     1479, 1482, 1484, 1487, 1490, 1494, 1496, 1500, 1502, 1505, 1509, 1511,
     1515, 1517, 1520, 1523, 1542, 1544, 1547, 1550, 1557, 1562, 1566, 1570,
     1574, 1576, 1579, 1582, 1586, 1588, 1597, 1608, 1611, 1613, 1617, 1624,
     1627, 1634, 1635, 1639, 1643, 1645, 1648, 1655, 1658, 1661, 1663, 1666,
     1668, 1670, 1676, 1678, 1682, 1687, 1693, 1695, 1698, 1703, 1713, 1720,
     1723, 1727, 1729, 1732, 1736, 1740, 1747, 1752, 1755, 1765, 1770, 1776,
     1778, 1780, 1789, 1793, 1794, 1797, 1800, 1803, 1806, 1812, 1817, 1820,
     1824, 1828, 1836, 1845, 1847, 1853, 1856, 1861, 1863, 1867, 1873, 1877,
     1880, 1885, 1887, 1892, 1896, 1900, 1910, 1918, 1925, 1928, 1936, 1938,
     1941, 1943, 1947, 1952, 1957, 1961, 1966, 1968, 1976, 1980, 1983, 1986,
     1991, 1993, 2001, 2006, 2008, 2012, 2014, 2020, 2023, 2026, 2028, 2035,
     2039, 2043, 2050, 2054, 2058, 2062, 2063, 2074, 2076, 2078, 2080, 2088,
     2094, 2096, 2098, 2101, 2103, 2106, 2115, 2133, 2136, 2139, 2145, 2149,
     2157, 2160, 2171, 2174, 2183, 2186, 2190, 2194, 2196, 2204, 2206, 2209,
     2218, 2220, 2222, 2225, 2227, 2229, 2231, 2237, 2240, 2250, 2254, 2256,
     2259, 2262, 2274, 2280, 2285, 2289, 2290, 2293, 2298, 2304, 2309, 2313,
     2317, 2319, 2322, 2328, 2334, 2336, 2348, 2350, 2366, 2368, 2374, 2377,
     2379, 2385, 2388, 2391, 2393, 2399, 2408, 2414, 2418, 2426, 2442, 2445,
     2448, 2455, 2457, 2463, 2472, 2475, 2480, 2485, 2493, 2497, 2504, 2506,
     2512, 2518, 2526, 2531, 2534, 2538, 2540, 2542, 2545, 2547, 2550, 2556,
     2558, 2570, 2572, 2577, 2581, 2583, 2589, 2591, 2595, 2600, 2602, 2608,
     2609, 2612, 2615, 2622, 2627, 2632, 2635, 2638, 2645, 2646, 2650, 2660,
     2662, 2666, 2674, 2677, 2680, 2689, 2691, 2699, 2705, 2708, 2711, 2715,
     2718, 2722, 2724, 2728, 2730, 2735, 2739, 2740, 2745, 2751, 2760, 2763,
     2770, 2773, 2774, 2780, 2784, 2786, 2792, 2795, 2797, 2800, 2801, 2804,
     2807, 2810
[ 2] 0, 6, 15, 18, 52, 56, 73, 82, 93, 116, 127, 132, 140, 145, 152, 159, 163,
     167, 179, 183, 186, 190, 194, 198, 201, 213, 234, 238, 244, 247, 252,
     255, 259, 273, 278, 284, 306, 310, 316, 319, 322, 326, 336, 341, 353,
     360, 365, 368, 373, 386, 408, 423, 429, 443, 446, 470, 478, 486, 490,
     497, 500, 503, 508, 515, 528, 532, 536, 540, 547, 556, 561, 569, 592,
     604, 627, 630, 634, 652, 661, 674, 677, 683, 692, 695, 698, 702, 727,
     733, 737, 740, 743, 747, 758, 761, 764, 768, 772, 782, 786, 796, 802,
     805, 814, 820, 828, 831, 837, 846, 851, 874, 895, 899, 906, 909, 912,
     921, 925, 931, 935, 945, 955, 959, 973, 978, 984, 1004, 1008, 1011, 1019,
     1023, 1036, 1040, 1044, 1055, 1059, 1063, 1068, 1072, 1076, 1080, 1086,
     1090, 1094, 1097, 1102, 1115, 1122, 1133, 1139, 1143, 1158, 1168, 1172,
     1186, 1206, 1215, 1221, 1224, 1232, 1239, 1242, 1246, 1251, 1255, 1259,
     1275, 1290, 1303, 1320, 1323, 1330, 1338, 1342, 1347, 1354, 1374, 1377,
     1387, 1393, 1400, 1409, 1413, 1417, 1436, 1439, 1447, 1451, 1460, 1475,
     1489, 1492, 1499, 1507, 1510, 1513, 1516, 1522, 1525, 1533, 1538, 1555,
     1573, 1584, 1607, 1619, 1622, 1628, 1631, 1637, 1644, 1659, 1665, 1672,
     1681, 1684, 1690, 1699, 1709, 1712, 1728, 1735, 1739, 1745, 1749, 1757,
     1767, 1773, 1777, 1782, 1787, 1791, 1804, 1819, 1834, 1837, 1842, 1852,
     1859, 1862, 1866, 1882, 1886, 1895, 1898, 1902, 1905, 1908, 1920, 1930,
     1946, 1949, 1953, 1956, 1959, 1975, 1979, 1989, 1992, 1995, 2000, 2004,
     2013, 2025, 2030, 2049, 2070, 2083, 2087, 2114, 2126, 2135, 2138, 2141,
     2144, 2147, 2151, 2156, 2163, 2170, 2173, 2199, 2203, 2211, 2214, 2265,
     2275, 2279, 2286, 2307, 2321, 2342, 2345, 2352, 2358, 2372, 2376, 2384,
     2395, 2403, 2407, 2410, 2440, 2443, 2446, 2449, 2453, 2461, 2465, 2471,
     2474, 2478, 2482, 2499, 2502, 2516, 2520, 2529, 2533, 2536, 2539, 2560,
     2568, 2575, 2584, 2590, 2594, 2617, 2621, 2625, 2628, 2631, 2640, 2649,
     2653, 2665, 2672, 2676, 2683, 2686, 2690, 2694, 2719, 2723, 2733, 2737,
     2743, 2747, 2752, 2756, 2762, 2768, 2791, 2794, 2803
[ 3] 5, 10, 14, 28, 36, 38, 43, 51, 61, 70, 79, 83, 85, 90, 94, 101, 134, 136,
     142, 150, 160, 166, 170, 175, 197, 200, 204, 220, 236, 249, 250, 263,
     275, 283, 291, 300, 313, 329, 333, 338, 344, 348, 359, 379, 382, 399,
     401, 406, 431, 442, 455, 466, 476, 493, 506, 510, 551, 567, 577, 581,
     587, 589, 593, 600, 606, 655, 657, 665, 669, 691, 716, 720, 726, 748,
     757, 783, 793, 804, 832, 847, 864, 876, 885, 887, 896, 902, 910, 913,
     916, 920, 942, 950, 971, 980, 991, 999, 1009, 1012, 1017, 1028, 1039,
     1045, 1056, 1061, 1065, 1075, 1087, 1093, 1104, 1110, 1117, 1121, 1131,
     1137, 1162, 1169, 1185, 1194, 1195, 1201, 1209, 1216, 1223, 1229, 1250,
     1254, 1261, 1264, 1273, 1285, 1296, 1308, 1314, 1332, 1339, 1344, 1361,
     1368, 1382, 1401, 1420, 1423, 1435, 1462, 1466, 1483, 1504, 1530, 1534,
     1540, 1545, 1558, 1561, 1572, 1590, 1601, 1602, 1647, 1657, 1702, 1742,
     1743, 1748, 1753, 1760, 1764, 1786, 1807, 1808, 1821, 1823, 1832, 1840,
     1848, 1869, 1890, 1915, 1965, 2002, 2019, 2027, 2040, 2042, 2045, 2047,
     2059, 2061, 2072, 2075, 2077, 2081, 2090, 2095, 2118, 2120, 2128, 2129,
     2155, 2165, 2179, 2189, 2200, 2213, 2233, 2239, 2249, 2251, 2255, 2263,
     2270, 2315, 2318, 2323, 2325, 2339, 2347, 2354, 2381, 2390, 2412, 2427,
     2433, 2435, 2439, 2452, 2454, 2500, 2515, 2521, 2530, 2544, 2573, 2585,
     2597, 2605, 2614, 2624, 2629, 2656, 2659, 2668, 2670, 2678, 2679, 2684,
     2688, 2693, 2709, 2726, 2732, 2748, 2765, 2783, 2789, 2796, 2815, 2816
[ 4] 32, 71, 100, 157, 185, 187, 209, 257, 270, 308, 325, 352, 356, 364, 367,
     376, 393, 409, 419, 428, 434, 439, 449, 452, 459, 475, 480, 484, 512,
     522, 525, 560, 571, 584, 598, 609, 612, 622, 632, 641, 649, 660, 673,
     700, 704, 712, 718, 736, 745, 752, 774, 778, 794, 810, 815, 818, 821,
     850, 852, 892, 927, 944, 963, 982, 990, 1006, 1020, 1024, 1041, 1052,
     1070, 1144, 1160, 1188, 1199, 1219, 1226, 1258, 1267, 1268, 1281, 1293,
     1312, 1317, 1322, 1325, 1334, 1346, 1353, 1369, 1375, 1385, 1407, 1412,
     1415, 1425, 1437, 1445, 1449, 1464, 1481, 1553, 1564, 1567, 1580, 1583,
     1592, 1594, 1615, 1621, 1653, 1680, 1686, 1701, 1705, 1711, 1737, 1756,
     1768, 1813, 1835, 1850, 1868, 1881, 1889, 1894, 1901, 1903, 1906, 1911,
     1919, 1926, 1929, 1931, 1933, 1951, 1955, 1960, 1973, 1988, 1994, 1997,
     2016, 2024, 2032, 2038, 2056, 2084, 2113, 2123, 2143, 2159, 2169, 2181,
     2185, 2192, 2217, 2228, 2235, 2242, 2266, 2276, 2282, 2295, 2299, 2306,
     2327, 2331, 2343, 2356, 2359, 2362, 2365, 2369, 2383, 2397, 2404, 2409,
     2423, 2424, 2428, 2431, 2460, 2466, 2469, 2488, 2491, 2509, 2548, 2552,
     2555, 2563, 2566, 2593, 2601, 2603, 2636, 2652, 2654, 2700, 2703, 2707,
     2721, 2741, 2781, 2805, 2806, 2811
[ 5] 7, 25, 66, 72, 115, 120, 126, 131, 138, 153, 168, 208, 239, 272, 279,
     288, 297, 318, 332, 340, 345, 361, 363, 369, 374, 388, 392, 397, 402,
     424, 433, 438, 444, 491, 499, 501, 505, 543, 546, 554, 578, 585, 588,
     615, 618, 636, 640, 666, 667, 676, 681, 685, 694, 697, 713, 722, 729,
     742, 788, 801, 807, 808, 813, 824, 836, 853, 856, 867, 868, 871, 872,
     929, 937, 939, 949, 960, 970, 976, 992, 1015, 1035, 1066, 1112, 1113,
     1123, 1150, 1176, 1191, 1214, 1222, 1247, 1289, 1304, 1306, 1319, 1326,
     1337, 1359, 1367, 1376, 1391, 1419, 1427, 1428, 1459, 1471, 1506, 1514,
     1526, 1528, 1535, 1537, 1575, 1605, 1626, 1629, 1674, 1700, 1708, 1710,
     1718, 1721, 1724, 1750, 1759, 1763, 1779, 1784, 1785, 1809, 1826, 1838,
     1876, 1897, 1916, 1962, 1970, 1998, 2046, 2065, 2071, 2104, 2108, 2132,
     2134, 2142, 2187, 2215, 2224, 2244, 2245, 2267, 2269, 2297, 2303, 2314,
     2316, 2332, 2346, 2349, 2357, 2363, 2371, 2394, 2416, 2429, 2444, 2470,
     2473, 2514, 2528, 2535, 2561, 2564, 2669, 2681, 2695, 2704, 2706, 2775,
     2776, 2793
[ 6] 1, 48, 59, 63, 98, 107, 172, 184, 219, 226, 228, 254, 256, 266, 290, 331,
     351, 394, 458, 479, 481, 488, 539, 548, 559, 565, 582, 619, 635, 648,
     672, 675, 680, 688, 703, 731, 734, 762, 765, 769, 773, 777, 787, 827,
     933, 938, 957, 974, 981, 988, 1001, 1005, 1031, 1053, 1098, 1126, 1129,
     1135, 1155, 1156, 1165, 1175, 1180, 1197, 1218, 1277, 1288, 1291, 1298,
     1301, 1315, 1318, 1345, 1355, 1358, 1384, 1410, 1414, 1429, 1440, 1443,
     1448, 1455, 1458, 1480, 1512, 1518, 1549, 1560, 1568, 1585, 1591, 1614,
     1638, 1641, 1650, 1652, 1654, 1683, 1685, 1688, 1696, 1716, 1726, 1754,
     1790, 1827, 1874, 1893, 1913, 1923, 1924, 1927, 1950, 1954, 1967, 1987,
     2007, 2031, 2036, 2055, 2067, 2102, 2110, 2112, 2131, 2148, 2152, 2168,
     2176, 2184, 2191, 2260, 2273, 2281, 2302, 2330, 2361, 2367, 2386, 2401,
     2417, 2422, 2430, 2441, 2484, 2487, 2496, 2503, 2507, 2565, 2579, 2582,
     2588, 2611, 2620, 2641, 2651, 2673, 2697, 2713, 2744, 2754, 2758, 2769,
     2779, 2787, 2799, 2809
[ 7] 9, 12, 16, 41, 74, 130, 146, 210, 262, 274, 281, 289, 298, 311, 330, 347,
     357, 378, 387, 403, 453, 498, 518, 566, 580, 605, 608, 628, 631, 645,
     662, 710, 728, 730, 751, 797, 812, 829, 838, 884, 890, 900, 903, 922,
     948, 965, 1016, 1034, 1060, 1069, 1100, 1109, 1111, 1136, 1203, 1207,
     1243, 1262, 1270, 1276, 1282, 1310, 1343, 1430, 1472, 1476, 1493, 1536,
     1539, 1559, 1571, 1623, 1632, 1651, 1675, 1691, 1707, 1719, 1783, 1799,
     1801, 1805, 1816, 1831, 1843, 1875, 1912, 1917, 1935, 1990, 2034, 2053,
     2060, 2073, 2188, 2193, 2219, 2226, 2243, 2253, 2268, 2308, 2353, 2373,
     2382, 2396, 2432, 2438, 2447, 2450, 2456, 2459, 2462, 2517, 2524, 2549,
     2569, 2618, 2687, 2727, 2734, 2753, 2757, 2772, 2778, 2788, 2813
[ 8] 26, 46, 49, 53, 117, 191, 265, 303, 381, 426, 435, 440, 456, 461, 471,
     487, 616, 696, 699, 708, 724, 789, 940, 962, 995, 998, 1103, 1146, 1151,
     1187, 1351, 1381, 1467, 1694, 1717, 1725, 1762, 1774, 1792, 1796, 1860,
     1872, 1899, 1964, 2011, 2127, 2154, 2178, 2272, 2287, 2292, 2311, 2398,
     2479, 2483, 2511, 2576, 2626, 2738
[ 9] 29, 149, 214, 260, 342, 420, 430, 483, 495, 509, 521, 537, 562, 656, 717,
     741, 744, 779, 843, 861, 866, 952, 969, 1127, 1159, 1183, 1192, 1336,
     1360, 1394, 1406, 1508, 1563, 1620, 1673, 1715, 1810, 1849, 1909, 1921,
     1937, 1972, 1996, 2005, 2164, 2234, 2283, 2324, 2421, 2505, 2527, 2537,
     2598, 2607, 2702, 2716, 2750
[10] 128, 301, 354, 416, 738, 826, 967, 1037, 1426, 1556, 1599, 1660, 1746,
     1846, 1883, 2093, 2167, 2212, 2247, 2411, 2759
[11] 97, 202, 235, 350, 414, 504, 1233, 1616, 1758, 1788, 1940, 2017, 2105,
     2370, 2643, 2720

Reassigned labels

Runtime: 5.285163164138794

Performance split_log:

IM without threshold:
Map:
{"D_0": "D", "D_1": "D", "D_2": "D", "D_3": "D", "D_4": "D", "D_5": "D", "D_6": "D", "D_7": "D", "D_8": "D", "D_9": "D", "D_10": "D", "D_11": "D"}
token_fitness
{"perc_fit_traces": 17.7, "average_trace_fitness": 0.9459109973959312, "log_fitness": 0.948052469011994, "percentage_of_fitting_traces": 17.7}
precision
0.613929127542113
0.6326530612244898
generalization
0.9216100860035296

Adjusted Rand Index:
0.1698802454059833



Parameters of this run:

Window size: 1
Threshold for edges: 0
Split candidates: D
Max number of traces: 5000000
Method for distance calculation: Distance.SET_DISTANCE
Method for finding clusters: ClusteringMethod.COMMUNITY_DETECTION
Original log location: ./data/noImprInLoop_default_OD\feb17-0936\logs\H_1_LogD_Sequence_feb17-0936.xes.gz
Use frequency: True

Found communities: 

Clustering with 2819 elements and 4 clusters
[0] 1, 5, 7, 9, 10, 12, 14, 16, 25, 26, 28, 29, 32, 36, 38, 41, 43, 46, 48,
    49, 51, 53, 59, 61, 63, 66, 70, 71, 72, 74, 79, 83, 85, 90, 94, 97, 98,
    100, 101, 107, 115, 117, 120, 126, 128, 130, 131, 134, 136, 138, 142, 146,
    149, 150, 153, 157, 160, 166, 168, 170, 172, 175, 184, 185, 187, 191, 197,
    200, 202, 204, 208, 209, 210, 214, 219, 220, 226, 228, 235, 236, 239, 249,
    250, 254, 256, 257, 260, 262, 263, 265, 266, 270, 272, 274, 275, 279, 281,
    283, 288, 289, 290, 291, 297, 298, 300, 301, 303, 308, 311, 313, 318, 325,
    329, 330, 331, 332, 333, 338, 340, 342, 344, 345, 347, 348, 350, 351, 352,
    354, 356, 357, 359, 361, 363, 364, 367, 369, 374, 376, 378, 379, 381, 382,
    387, 388, 392, 393, 394, 397, 399, 401, 402, 403, 406, 409, 414, 416, 419,
    420, 424, 426, 428, 430, 431, 433, 434, 435, 438, 439, 440, 442, 444, 449,
    452, 453, 455, 456, 458, 459, 461, 466, 471, 475, 476, 479, 480, 481, 483,
    484, 487, 488, 491, 493, 495, 498, 499, 501, 504, 505, 506, 509, 510, 512,
    518, 521, 522, 525, 537, 539, 543, 546, 548, 551, 554, 559, 560, 562, 565,
    566, 567, 571, 577, 578, 580, 581, 582, 584, 585, 587, 588, 589, 593, 598,
    600, 605, 606, 608, 609, 612, 615, 616, 618, 619, 622, 628, 631, 632, 635,
    636, 640, 641, 645, 648, 649, 655, 656, 657, 660, 662, 665, 666, 667, 669,
    672, 673, 675, 676, 680, 681, 685, 688, 691, 694, 696, 697, 699, 700, 703,
    704, 708, 710, 712, 713, 716, 717, 718, 720, 722, 724, 726, 728, 729, 730,
    731, 734, 736, 738, 741, 742, 744, 745, 748, 751, 752, 757, 762, 765, 769,
    773, 774, 777, 778, 779, 783, 787, 788, 789, 793, 794, 797, 801, 804, 807,
    808, 810, 812, 813, 815, 818, 821, 824, 826, 827, 829, 832, 836, 838, 843,
    847, 850, 852, 853, 856, 861, 864, 866, 867, 868, 871, 872, 876, 884, 885,
    887, 890, 892, 896, 900, 902, 903, 910, 913, 916, 920, 922, 927, 929, 933,
    937, 938, 939, 940, 942, 944, 948, 949, 950, 952, 957, 960, 962, 963, 965,
    967, 969, 970, 971, 974, 976, 980, 981, 982, 988, 990, 991, 992, 995, 998,
    999, 1001, 1005, 1006, 1009, 1012, 1015, 1016, 1017, 1020, 1024, 1028,
    1031, 1034, 1035, 1037, 1039, 1041, 1045, 1052, 1053, 1056, 1060, 1061,
    1065, 1066, 1069, 1070, 1075, 1087, 1093, 1098, 1100, 1103, 1104, 1109,
    1110, 1111, 1112, 1113, 1117, 1121, 1123, 1126, 1127, 1129, 1131, 1135,
    1136, 1137, 1144, 1146, 1150, 1151, 1155, 1156, 1159, 1160, 1162, 1165,
    1169, 1175, 1176, 1180, 1183, 1185, 1187, 1188, 1191, 1192, 1194, 1195,
    1197, 1199, 1201, 1203, 1207, 1209, 1214, 1216, 1218, 1219, 1222, 1223,
    1226, 1229, 1233, 1243, 1247, 1250, 1254, 1258, 1261, 1262, 1264, 1267,
    1268, 1270, 1273, 1276, 1277, 1281, 1282, 1285, 1288, 1289, 1291, 1293,
    1296, 1298, 1301, 1304, 1306, 1308, 1310, 1312, 1314, 1315, 1317, 1318,
    1319, 1322, 1325, 1326, 1332, 1334, 1336, 1337, 1339, 1343, 1344, 1345,
    1346, 1351, 1353, 1355, 1358, 1359, 1360, 1361, 1367, 1368, 1369, 1375,
    1376, 1381, 1382, 1384, 1385, 1391, 1394, 1401, 1406, 1407, 1410, 1412,
    1414, 1415, 1419, 1420, 1423, 1425, 1426, 1427, 1428, 1429, 1430, 1435,
    1437, 1440, 1443, 1445, 1448, 1449, 1455, 1458, 1459, 1462, 1464, 1466,
    1467, 1471, 1472, 1476, 1480, 1481, 1483, 1493, 1504, 1506, 1508, 1512,
    1514, 1518, 1526, 1528, 1530, 1534, 1535, 1536, 1537, 1539, 1540, 1545,
    1549, 1553, 1556, 1558, 1559, 1560, 1561, 1563, 1564, 1567, 1568, 1571,
    1572, 1575, 1580, 1583, 1585, 1590, 1591, 1592, 1594, 1599, 1601, 1602,
    1605, 1614, 1615, 1616, 1620, 1621, 1623, 1626, 1629, 1632, 1638, 1641,
    1647, 1650, 1651, 1652, 1653, 1654, 1657, 1660, 1673, 1674, 1675, 1680,
    1683, 1685, 1686, 1688, 1691, 1694, 1696, 1700, 1701, 1702, 1705, 1707,
    1708, 1710, 1711, 1715, 1716, 1717, 1718, 1719, 1721, 1724, 1725, 1726,
    1737, 1742, 1743, 1746, 1748, 1750, 1753, 1754, 1756, 1758, 1759, 1760,
    1762, 1763, 1764, 1768, 1774, 1779, 1783, 1784, 1785, 1786, 1788, 1790,
    1792, 1796, 1799, 1801, 1805, 1807, 1808, 1809, 1810, 1813, 1816, 1821,
    1823, 1826, 1827, 1831, 1832, 1835, 1838, 1840, 1843, 1846, 1848, 1849,
    1850, 1860, 1868, 1869, 1872, 1874, 1875, 1876, 1881, 1883, 1889, 1890,
    1893, 1894, 1897, 1899, 1901, 1903, 1906, 1909, 1911, 1912, 1913, 1915,
    1916, 1917, 1919, 1921, 1923, 1924, 1926, 1927, 1929, 1931, 1933, 1935,
    1937, 1940, 1950, 1951, 1954, 1955, 1960, 1962, 1964, 1965, 1967, 1970,
    1972, 1973, 1987, 1988, 1990, 1994, 1996, 1997, 1998, 2002, 2005, 2007,
    2011, 2016, 2017, 2019, 2024, 2027, 2031, 2032, 2034, 2036, 2038, 2040,
    2042, 2045, 2046, 2047, 2053, 2055, 2056, 2059, 2060, 2061, 2065, 2067,
    2071, 2072, 2073, 2075, 2077, 2081, 2084, 2090, 2093, 2095, 2102, 2104,
    2105, 2108, 2110, 2112, 2113, 2118, 2120, 2123, 2127, 2128, 2129, 2131,
    2132, 2134, 2142, 2143, 2148, 2152, 2154, 2155, 2159, 2164, 2165, 2167,
    2168, 2169, 2176, 2178, 2179, 2181, 2184, 2185, 2187, 2188, 2189, 2191,
    2192, 2193, 2200, 2212, 2213, 2215, 2217, 2219, 2224, 2226, 2228, 2233,
    2234, 2235, 2239, 2242, 2243, 2244, 2245, 2247, 2249, 2251, 2253, 2255,
    2260, 2263, 2266, 2267, 2268, 2269, 2270, 2272, 2273, 2276, 2281, 2282,
    2283, 2287, 2292, 2295, 2297, 2299, 2302, 2303, 2306, 2308, 2311, 2314,
    2315, 2316, 2318, 2323, 2324, 2325, 2327, 2330, 2331, 2332, 2339, 2343,
    2346, 2347, 2349, 2353, 2354, 2356, 2357, 2359, 2361, 2362, 2363, 2365,
    2367, 2369, 2370, 2371, 2373, 2381, 2382, 2383, 2386, 2390, 2394, 2396,
    2397, 2398, 2401, 2404, 2409, 2411, 2412, 2416, 2417, 2421, 2422, 2423,
    2424, 2427, 2428, 2429, 2430, 2431, 2432, 2433, 2435, 2438, 2439, 2441,
    2444, 2447, 2450, 2452, 2454, 2456, 2459, 2460, 2462, 2466, 2469, 2470,
    2473, 2479, 2483, 2484, 2487, 2488, 2491, 2496, 2500, 2503, 2505, 2507,
    2509, 2511, 2514, 2515, 2517, 2521, 2524, 2527, 2528, 2530, 2535, 2537,
    2544, 2548, 2549, 2552, 2555, 2561, 2563, 2564, 2565, 2566, 2569, 2573,
    2576, 2579, 2582, 2585, 2588, 2593, 2597, 2598, 2601, 2603, 2605, 2607,
    2611, 2614, 2618, 2620, 2624, 2626, 2629, 2636, 2641, 2643, 2651, 2652,
    2654, 2656, 2659, 2668, 2669, 2670, 2673, 2678, 2679, 2681, 2684, 2687,
    2688, 2693, 2695, 2697, 2700, 2702, 2703, 2704, 2706, 2707, 2709, 2713,
    2716, 2720, 2721, 2726, 2727, 2732, 2734, 2738, 2741, 2744, 2748, 2750,
    2753, 2754, 2757, 2758, 2759, 2765, 2769, 2772, 2775, 2776, 2778, 2779,
    2781, 2783, 2787, 2788, 2789, 2793, 2796, 2799, 2805, 2806, 2809, 2811,
    2813, 2815, 2816
[1] 2, 4, 8, 11, 13, 20, 22, 23, 31, 33, 34, 37, 40, 45, 47, 50, 55, 58, 62,
    64, 65, 69, 75, 78, 80, 81, 84, 86, 87, 89, 92, 96, 102, 104, 105, 108,
    110, 112, 113, 119, 121, 123, 124, 135, 137, 139, 144, 148, 156, 158, 161,
    162, 165, 169, 171, 173, 176, 178, 181, 182, 188, 189, 193, 196, 206, 207,
    212, 216, 218, 221, 222, 224, 227, 229, 230, 232, 233, 237, 240, 242, 243,
    246, 251, 264, 267, 269, 277, 286, 293, 295, 305, 309, 315, 321, 324, 328,
    335, 349, 362, 370, 372, 377, 380, 385, 390, 391, 395, 396, 398, 400, 405,
    407, 410, 411, 413, 422, 425, 432, 437, 441, 445, 448, 451, 457, 460, 462,
    465, 468, 469, 473, 485, 489, 494, 502, 511, 513, 514, 517, 520, 523, 527,
    530, 531, 534, 535, 542, 544, 549, 553, 558, 568, 572, 574, 575, 583, 586,
    590, 591, 594, 595, 597, 602, 603, 607, 610, 613, 621, 624, 626, 633, 638,
    639, 643, 644, 647, 651, 654, 658, 664, 668, 670, 679, 682, 687, 689, 701,
    707, 715, 723, 725, 735, 746, 749, 753, 755, 760, 766, 767, 771, 775, 781,
    784, 785, 792, 799, 809, 811, 816, 817, 819, 822, 823, 825, 833, 834, 841,
    842, 844, 848, 855, 859, 860, 863, 869, 873, 877, 879, 880, 882, 883, 886,
    888, 889, 893, 894, 897, 898, 905, 908, 911, 914, 915, 917, 918, 923, 928,
    934, 947, 951, 954, 958, 961, 964, 975, 977, 983, 986, 987, 989, 994, 996,
    1000, 1003, 1007, 1013, 1021, 1022, 1025, 1027, 1029, 1030, 1033, 1038,
    1042, 1043, 1046, 1048, 1049, 1051, 1057, 1058, 1062, 1067, 1074, 1078,
    1079, 1082, 1083, 1085, 1088, 1089, 1092, 1096, 1105, 1107, 1108, 1114,
    1118, 1120, 1124, 1132, 1138, 1141, 1142, 1145, 1147, 1152, 1163, 1164,
    1167, 1170, 1171, 1174, 1179, 1181, 1189, 1202, 1204, 1208, 1211, 1212,
    1220, 1228, 1230, 1235, 1237, 1238, 1241, 1245, 1248, 1253, 1257, 1266,
    1271, 1274, 1280, 1283, 1286, 1287, 1292, 1295, 1299, 1302, 1305, 1307,
    1309, 1316, 1327, 1329, 1335, 1341, 1349, 1350, 1357, 1363, 1365, 1366,
    1370, 1372, 1373, 1379, 1380, 1389, 1390, 1396, 1398, 1399, 1402, 1403,
    1405, 1408, 1416, 1421, 1432, 1434, 1438, 1441, 1446, 1450, 1453, 1454,
    1456, 1457, 1469, 1474, 1478, 1485, 1486, 1488, 1491, 1495, 1497, 1498,
    1501, 1503, 1519, 1521, 1524, 1527, 1529, 1531, 1532, 1541, 1543, 1546,
    1548, 1551, 1552, 1554, 1565, 1569, 1577, 1578, 1581, 1587, 1589, 1593,
    1595, 1596, 1598, 1600, 1603, 1604, 1606, 1609, 1610, 1612, 1618, 1625,
    1630, 1633, 1636, 1640, 1642, 1646, 1649, 1656, 1662, 1664, 1667, 1669,
    1671, 1677, 1679, 1689, 1692, 1697, 1704, 1706, 1714, 1722, 1730, 1731,
    1733, 1734, 1738, 1741, 1744, 1751, 1761, 1766, 1769, 1771, 1772, 1775,
    1781, 1795, 1798, 1802, 1811, 1814, 1815, 1818, 1822, 1825, 1829, 1830,
    1833, 1839, 1841, 1844, 1851, 1854, 1855, 1857, 1858, 1864, 1865, 1870,
    1871, 1878, 1879, 1884, 1888, 1891, 1904, 1907, 1914, 1922, 1932, 1934,
    1939, 1942, 1944, 1945, 1948, 1958, 1963, 1969, 1971, 1974, 1977, 1978,
    1981, 1982, 1984, 1985, 1999, 2003, 2009, 2010, 2015, 2018, 2021, 2022,
    2029, 2033, 2037, 2041, 2044, 2048, 2051, 2052, 2057, 2064, 2066, 2068,
    2069, 2079, 2082, 2085, 2086, 2089, 2091, 2092, 2097, 2099, 2100, 2107,
    2109, 2111, 2116, 2117, 2119, 2121, 2122, 2124, 2125, 2130, 2137, 2140,
    2146, 2150, 2153, 2158, 2161, 2162, 2166, 2172, 2175, 2177, 2180, 2182,
    2195, 2197, 2198, 2201, 2202, 2205, 2207, 2208, 2210, 2216, 2221, 2223,
    2230, 2232, 2236, 2238, 2241, 2246, 2248, 2252, 2257, 2258, 2261, 2264,
    2271, 2277, 2278, 2284, 2288, 2291, 2294, 2296, 2300, 2301, 2305, 2310,
    2312, 2320, 2326, 2329, 2333, 2335, 2337, 2338, 2340, 2341, 2344, 2351,
    2355, 2360, 2364, 2375, 2378, 2380, 2387, 2389, 2392, 2400, 2402, 2405,
    2406, 2413, 2415, 2419, 2420, 2425, 2434, 2436, 2437, 2451, 2458, 2464,
    2467, 2468, 2476, 2477, 2481, 2486, 2489, 2490, 2492, 2494, 2495, 2498,
    2501, 2508, 2510, 2513, 2519, 2522, 2523, 2525, 2532, 2541, 2543, 2546,
    2551, 2553, 2554, 2557, 2559, 2562, 2567, 2571, 2574, 2578, 2580, 2586,
    2587, 2592, 2596, 2599, 2604, 2606, 2610, 2613, 2616, 2619, 2623, 2630,
    2633, 2634, 2637, 2639, 2642, 2644, 2647, 2648, 2655, 2657, 2658, 2661,
    2663, 2664, 2667, 2671, 2675, 2682, 2685, 2692, 2696, 2698, 2701, 2710,
    2712, 2714, 2717, 2725, 2729, 2731, 2736, 2742, 2746, 2749, 2755, 2761,
    2764, 2766, 2767, 2771, 2777, 2782, 2785, 2790, 2798, 2802, 2808, 2812,
    2814, 2817, 2818
[2] 3, 17, 19, 21, 24, 27, 30, 35, 39, 42, 44, 54, 57, 60, 67, 68, 76, 77, 88,
    91, 95, 99, 103, 106, 109, 111, 114, 118, 122, 125, 129, 133, 141, 143,
    147, 151, 154, 155, 164, 174, 177, 180, 192, 195, 199, 203, 205, 211, 215,
    217, 223, 225, 231, 241, 245, 248, 253, 258, 261, 268, 271, 276, 280, 282,
    285, 287, 292, 294, 296, 299, 302, 304, 307, 312, 314, 317, 320, 323, 327,
    334, 337, 339, 343, 346, 355, 358, 366, 371, 375, 383, 384, 389, 404, 412,
    415, 417, 418, 421, 427, 436, 447, 450, 454, 463, 464, 467, 472, 474, 477,
    482, 492, 496, 507, 516, 519, 524, 526, 529, 533, 538, 541, 545, 550, 552,
    555, 557, 563, 564, 570, 573, 576, 579, 596, 599, 601, 611, 614, 617, 620,
    623, 625, 629, 637, 642, 646, 650, 653, 659, 663, 671, 678, 684, 686, 690,
    693, 705, 706, 709, 711, 714, 719, 721, 732, 739, 750, 754, 756, 759, 763,
    770, 776, 780, 790, 791, 795, 798, 800, 803, 806, 830, 835, 839, 840, 845,
    849, 854, 857, 858, 862, 865, 870, 875, 878, 881, 891, 901, 904, 907, 919,
    924, 926, 930, 932, 936, 941, 943, 946, 953, 956, 966, 968, 972, 979, 985,
    993, 997, 1002, 1010, 1014, 1018, 1026, 1032, 1047, 1050, 1054, 1064,
    1071, 1073, 1077, 1081, 1084, 1091, 1095, 1099, 1101, 1106, 1116, 1119,
    1125, 1128, 1130, 1134, 1140, 1148, 1149, 1153, 1154, 1157, 1161, 1166,
    1173, 1177, 1178, 1182, 1184, 1190, 1193, 1196, 1198, 1200, 1205, 1210,
    1213, 1217, 1225, 1227, 1231, 1234, 1236, 1240, 1244, 1249, 1252, 1256,
    1260, 1263, 1265, 1269, 1272, 1278, 1279, 1284, 1294, 1297, 1300, 1311,
    1313, 1321, 1324, 1328, 1331, 1333, 1340, 1348, 1352, 1356, 1362, 1364,
    1371, 1378, 1383, 1386, 1388, 1392, 1395, 1397, 1404, 1411, 1418, 1422,
    1424, 1431, 1433, 1442, 1444, 1452, 1461, 1463, 1465, 1468, 1470, 1473,
    1477, 1479, 1482, 1484, 1487, 1490, 1494, 1496, 1500, 1502, 1505, 1509,
    1511, 1515, 1517, 1520, 1523, 1542, 1544, 1547, 1550, 1557, 1562, 1566,
    1570, 1574, 1576, 1579, 1582, 1586, 1588, 1597, 1608, 1611, 1613, 1617,
    1624, 1627, 1634, 1635, 1639, 1643, 1645, 1648, 1655, 1658, 1661, 1663,
    1666, 1668, 1670, 1676, 1678, 1682, 1687, 1693, 1695, 1698, 1703, 1713,
    1720, 1723, 1727, 1729, 1732, 1736, 1740, 1747, 1752, 1755, 1765, 1770,
    1776, 1778, 1780, 1789, 1793, 1794, 1797, 1800, 1803, 1806, 1812, 1817,
    1820, 1824, 1828, 1836, 1845, 1847, 1853, 1856, 1861, 1863, 1867, 1873,
    1877, 1880, 1885, 1887, 1892, 1896, 1900, 1910, 1918, 1925, 1928, 1936,
    1938, 1941, 1943, 1947, 1952, 1957, 1961, 1966, 1968, 1976, 1980, 1983,
    1986, 1991, 1993, 2001, 2006, 2008, 2012, 2014, 2020, 2023, 2026, 2028,
    2035, 2039, 2043, 2050, 2054, 2058, 2062, 2063, 2074, 2076, 2078, 2080,
    2088, 2094, 2096, 2098, 2101, 2103, 2106, 2115, 2133, 2136, 2139, 2145,
    2149, 2157, 2160, 2171, 2174, 2183, 2186, 2190, 2194, 2196, 2204, 2206,
    2209, 2218, 2220, 2222, 2225, 2227, 2229, 2231, 2237, 2240, 2250, 2254,
    2256, 2259, 2262, 2274, 2280, 2285, 2289, 2290, 2293, 2298, 2304, 2309,
    2313, 2317, 2319, 2322, 2328, 2334, 2336, 2348, 2350, 2366, 2368, 2374,
    2377, 2379, 2385, 2388, 2391, 2393, 2399, 2408, 2414, 2418, 2426, 2442,
    2445, 2448, 2455, 2457, 2463, 2472, 2475, 2480, 2485, 2493, 2497, 2504,
    2506, 2512, 2518, 2526, 2531, 2534, 2538, 2540, 2542, 2545, 2547, 2550,
    2556, 2558, 2570, 2572, 2577, 2581, 2583, 2589, 2591, 2595, 2600, 2602,
    2608, 2609, 2612, 2615, 2622, 2627, 2632, 2635, 2638, 2645, 2646, 2650,
    2660, 2662, 2666, 2674, 2677, 2680, 2689, 2691, 2699, 2705, 2708, 2711,
    2715, 2718, 2722, 2724, 2728, 2730, 2735, 2739, 2740, 2745, 2751, 2760,
    2763, 2770, 2773, 2774, 2780, 2784, 2786, 2792, 2795, 2797, 2800, 2801,
    2804, 2807, 2810
[3] 0, 6, 15, 18, 52, 56, 73, 82, 93, 116, 127, 132, 140, 145, 152, 159, 163,
    167, 179, 183, 186, 190, 194, 198, 201, 213, 234, 238, 244, 247, 252, 255,
    259, 273, 278, 284, 306, 310, 316, 319, 322, 326, 336, 341, 353, 360, 365,
    368, 373, 386, 408, 423, 429, 443, 446, 470, 478, 486, 490, 497, 500, 503,
    508, 515, 528, 532, 536, 540, 547, 556, 561, 569, 592, 604, 627, 630, 634,
    652, 661, 674, 677, 683, 692, 695, 698, 702, 727, 733, 737, 740, 743, 747,
    758, 761, 764, 768, 772, 782, 786, 796, 802, 805, 814, 820, 828, 831, 837,
    846, 851, 874, 895, 899, 906, 909, 912, 921, 925, 931, 935, 945, 955, 959,
    973, 978, 984, 1004, 1008, 1011, 1019, 1023, 1036, 1040, 1044, 1055, 1059,
    1063, 1068, 1072, 1076, 1080, 1086, 1090, 1094, 1097, 1102, 1115, 1122,
    1133, 1139, 1143, 1158, 1168, 1172, 1186, 1206, 1215, 1221, 1224, 1232,
    1239, 1242, 1246, 1251, 1255, 1259, 1275, 1290, 1303, 1320, 1323, 1330,
    1338, 1342, 1347, 1354, 1374, 1377, 1387, 1393, 1400, 1409, 1413, 1417,
    1436, 1439, 1447, 1451, 1460, 1475, 1489, 1492, 1499, 1507, 1510, 1513,
    1516, 1522, 1525, 1533, 1538, 1555, 1573, 1584, 1607, 1619, 1622, 1628,
    1631, 1637, 1644, 1659, 1665, 1672, 1681, 1684, 1690, 1699, 1709, 1712,
    1728, 1735, 1739, 1745, 1749, 1757, 1767, 1773, 1777, 1782, 1787, 1791,
    1804, 1819, 1834, 1837, 1842, 1852, 1859, 1862, 1866, 1882, 1886, 1895,
    1898, 1902, 1905, 1908, 1920, 1930, 1946, 1949, 1953, 1956, 1959, 1975,
    1979, 1989, 1992, 1995, 2000, 2004, 2013, 2025, 2030, 2049, 2070, 2083,
    2087, 2114, 2126, 2135, 2138, 2141, 2144, 2147, 2151, 2156, 2163, 2170,
    2173, 2199, 2203, 2211, 2214, 2265, 2275, 2279, 2286, 2307, 2321, 2342,
    2345, 2352, 2358, 2372, 2376, 2384, 2395, 2403, 2407, 2410, 2440, 2443,
    2446, 2449, 2453, 2461, 2465, 2471, 2474, 2478, 2482, 2499, 2502, 2516,
    2520, 2529, 2533, 2536, 2539, 2560, 2568, 2575, 2584, 2590, 2594, 2617,
    2621, 2625, 2628, 2631, 2640, 2649, 2653, 2665, 2672, 2676, 2683, 2686,
    2690, 2694, 2719, 2723, 2733, 2737, 2743, 2747, 2752, 2756, 2762, 2768,
    2791, 2794, 2803

Reassigned labels

Runtime: 6.977065563201904

Performance split_log:

IM without threshold:
Map:
{"D_0": "D", "D_1": "D", "D_2": "D", "D_3": "D"}
token_fitness
{"perc_fit_traces": 100.0, "average_trace_fitness": 1.0, "log_fitness": 1.0, "percentage_of_fitting_traces": 100.0}
precision
0.6651824424081929
0.64
generalization
0.7850697184287891

Adjusted Rand Index:
0.1680498229958695



Parameters of this run:

Window size: 1
Threshold for edges: 0.25
Split candidates: D
Max number of traces: 5000000
Method for distance calculation: Distance.SET_DISTANCE
Method for finding clusters: ClusteringMethod.COMMUNITY_DETECTION
Original log location: ./data/noImprInLoop_default_OD\feb17-0936\logs\H_1_LogD_Sequence_feb17-0936.xes.gz
Use frequency: True

Found communities: 

Clustering with 2819 elements and 4 clusters
[0] 1, 5, 7, 9, 10, 12, 14, 16, 25, 26, 28, 29, 32, 36, 38, 41, 43, 46, 48,
    49, 51, 53, 59, 61, 63, 66, 70, 71, 72, 74, 79, 83, 85, 90, 94, 97, 98,
    100, 101, 107, 115, 117, 120, 126, 128, 130, 131, 134, 136, 138, 142, 146,
    149, 150, 153, 157, 160, 166, 168, 170, 172, 175, 184, 185, 187, 191, 197,
    200, 202, 204, 208, 209, 210, 214, 219, 220, 226, 228, 235, 236, 239, 249,
    250, 254, 256, 257, 260, 262, 263, 265, 266, 270, 272, 274, 275, 279, 281,
    283, 288, 289, 290, 291, 297, 298, 300, 301, 303, 308, 311, 313, 318, 325,
    329, 330, 331, 332, 333, 338, 340, 342, 344, 345, 347, 348, 350, 351, 352,
    354, 356, 357, 359, 361, 363, 364, 367, 369, 374, 376, 378, 379, 381, 382,
    387, 388, 392, 393, 394, 397, 399, 401, 402, 403, 406, 409, 414, 416, 419,
    420, 424, 426, 428, 430, 431, 433, 434, 435, 438, 439, 440, 442, 444, 449,
    452, 453, 455, 456, 458, 459, 461, 466, 471, 475, 476, 479, 480, 481, 483,
    484, 487, 488, 491, 493, 495, 498, 499, 501, 504, 505, 506, 509, 510, 512,
    518, 521, 522, 525, 537, 539, 543, 546, 548, 551, 554, 559, 560, 562, 565,
    566, 567, 571, 577, 578, 580, 581, 582, 584, 585, 587, 588, 589, 593, 598,
    600, 605, 606, 608, 609, 612, 615, 616, 618, 619, 622, 628, 631, 632, 635,
    636, 640, 641, 645, 648, 649, 655, 656, 657, 660, 662, 665, 666, 667, 669,
    672, 673, 675, 676, 680, 681, 685, 688, 691, 694, 696, 697, 699, 700, 703,
    704, 708, 710, 712, 713, 716, 717, 718, 720, 722, 724, 726, 728, 729, 730,
    731, 734, 736, 738, 741, 742, 744, 745, 748, 751, 752, 757, 762, 765, 769,
    773, 774, 777, 778, 779, 783, 787, 788, 789, 793, 794, 797, 801, 804, 807,
    808, 810, 812, 813, 815, 818, 821, 824, 826, 827, 829, 832, 836, 838, 843,
    847, 850, 852, 853, 856, 861, 864, 866, 867, 868, 871, 872, 876, 884, 885,
    887, 890, 892, 896, 900, 902, 903, 910, 913, 916, 920, 922, 927, 929, 933,
    937, 938, 939, 940, 942, 944, 948, 949, 950, 952, 957, 960, 962, 963, 965,
    967, 969, 970, 971, 974, 976, 980, 981, 982, 988, 990, 991, 992, 995, 998,
    999, 1001, 1005, 1006, 1009, 1012, 1015, 1016, 1017, 1020, 1024, 1028,
    1031, 1034, 1035, 1037, 1039, 1041, 1045, 1052, 1053, 1056, 1060, 1061,
    1065, 1066, 1069, 1070, 1075, 1087, 1093, 1098, 1100, 1103, 1104, 1109,
    1110, 1111, 1112, 1113, 1117, 1121, 1123, 1126, 1127, 1129, 1131, 1135,
    1136, 1137, 1144, 1146, 1150, 1151, 1155, 1156, 1159, 1160, 1162, 1165,
    1169, 1175, 1176, 1180, 1183, 1185, 1187, 1188, 1191, 1192, 1194, 1195,
    1197, 1199, 1201, 1203, 1207, 1209, 1214, 1216, 1218, 1219, 1222, 1223,
    1226, 1229, 1233, 1243, 1247, 1250, 1254, 1258, 1261, 1262, 1264, 1267,
    1268, 1270, 1273, 1276, 1277, 1281, 1282, 1285, 1288, 1289, 1291, 1293,
    1296, 1298, 1301, 1304, 1306, 1308, 1310, 1312, 1314, 1315, 1317, 1318,
    1319, 1322, 1325, 1326, 1332, 1334, 1336, 1337, 1339, 1343, 1344, 1345,
    1346, 1351, 1353, 1355, 1358, 1359, 1360, 1361, 1367, 1368, 1369, 1375,
    1376, 1381, 1382, 1384, 1385, 1391, 1394, 1401, 1406, 1407, 1410, 1412,
    1414, 1415, 1419, 1420, 1423, 1425, 1426, 1427, 1428, 1429, 1430, 1435,
    1437, 1440, 1443, 1445, 1448, 1449, 1455, 1458, 1459, 1462, 1464, 1466,
    1467, 1471, 1472, 1476, 1480, 1481, 1483, 1493, 1504, 1506, 1508, 1512,
    1514, 1518, 1526, 1528, 1530, 1534, 1535, 1536, 1537, 1539, 1540, 1545,
    1549, 1553, 1556, 1558, 1559, 1560, 1561, 1563, 1564, 1567, 1568, 1571,
    1572, 1575, 1580, 1583, 1585, 1590, 1591, 1592, 1594, 1599, 1601, 1602,
    1605, 1614, 1615, 1616, 1620, 1621, 1623, 1626, 1629, 1632, 1638, 1641,
    1647, 1650, 1651, 1652, 1653, 1654, 1657, 1660, 1673, 1674, 1675, 1680,
    1683, 1685, 1686, 1688, 1691, 1694, 1696, 1700, 1701, 1702, 1705, 1707,
    1708, 1710, 1711, 1715, 1716, 1717, 1718, 1719, 1721, 1724, 1725, 1726,
    1737, 1742, 1743, 1746, 1748, 1750, 1753, 1754, 1756, 1758, 1759, 1760,
    1762, 1763, 1764, 1768, 1774, 1779, 1783, 1784, 1785, 1786, 1788, 1790,
    1792, 1796, 1799, 1801, 1805, 1807, 1808, 1809, 1810, 1813, 1816, 1821,
    1823, 1826, 1827, 1831, 1832, 1835, 1838, 1840, 1843, 1846, 1848, 1849,
    1850, 1860, 1868, 1869, 1872, 1874, 1875, 1876, 1881, 1883, 1889, 1890,
    1893, 1894, 1897, 1899, 1901, 1903, 1906, 1909, 1911, 1912, 1913, 1915,
    1916, 1917, 1919, 1921, 1923, 1924, 1926, 1927, 1929, 1931, 1933, 1935,
    1937, 1940, 1950, 1951, 1954, 1955, 1960, 1962, 1964, 1965, 1967, 1970,
    1972, 1973, 1987, 1988, 1990, 1994, 1996, 1997, 1998, 2002, 2005, 2007,
    2011, 2016, 2017, 2019, 2024, 2027, 2031, 2032, 2034, 2036, 2038, 2040,
    2042, 2045, 2046, 2047, 2053, 2055, 2056, 2059, 2060, 2061, 2065, 2067,
    2071, 2072, 2073, 2075, 2077, 2081, 2084, 2090, 2093, 2095, 2102, 2104,
    2105, 2108, 2110, 2112, 2113, 2118, 2120, 2123, 2127, 2128, 2129, 2131,
    2132, 2134, 2142, 2143, 2148, 2152, 2154, 2155, 2159, 2164, 2165, 2167,
    2168, 2169, 2176, 2178, 2179, 2181, 2184, 2185, 2187, 2188, 2189, 2191,
    2192, 2193, 2200, 2212, 2213, 2215, 2217, 2219, 2224, 2226, 2228, 2233,
    2234, 2235, 2239, 2242, 2243, 2244, 2245, 2247, 2249, 2251, 2253, 2255,
    2260, 2263, 2266, 2267, 2268, 2269, 2270, 2272, 2273, 2276, 2281, 2282,
    2283, 2287, 2292, 2295, 2297, 2299, 2302, 2303, 2306, 2308, 2311, 2314,
    2315, 2316, 2318, 2323, 2324, 2325, 2327, 2330, 2331, 2332, 2339, 2343,
    2346, 2347, 2349, 2353, 2354, 2356, 2357, 2359, 2361, 2362, 2363, 2365,
    2367, 2369, 2370, 2371, 2373, 2381, 2382, 2383, 2386, 2390, 2394, 2396,
    2397, 2398, 2401, 2404, 2409, 2411, 2412, 2416, 2417, 2421, 2422, 2423,
    2424, 2427, 2428, 2429, 2430, 2431, 2432, 2433, 2435, 2438, 2439, 2441,
    2444, 2447, 2450, 2452, 2454, 2456, 2459, 2460, 2462, 2466, 2469, 2470,
    2473, 2479, 2483, 2484, 2487, 2488, 2491, 2496, 2500, 2503, 2505, 2507,
    2509, 2511, 2514, 2515, 2517, 2521, 2524, 2527, 2528, 2530, 2535, 2537,
    2544, 2548, 2549, 2552, 2555, 2561, 2563, 2564, 2565, 2566, 2569, 2573,
    2576, 2579, 2582, 2585, 2588, 2593, 2597, 2598, 2601, 2603, 2605, 2607,
    2611, 2614, 2618, 2620, 2624, 2626, 2629, 2636, 2641, 2643, 2651, 2652,
    2654, 2656, 2659, 2668, 2669, 2670, 2673, 2678, 2679, 2681, 2684, 2687,
    2688, 2693, 2695, 2697, 2700, 2702, 2703, 2704, 2706, 2707, 2709, 2713,
    2716, 2720, 2721, 2726, 2727, 2732, 2734, 2738, 2741, 2744, 2748, 2750,
    2753, 2754, 2757, 2758, 2759, 2765, 2769, 2772, 2775, 2776, 2778, 2779,
    2781, 2783, 2787, 2788, 2789, 2793, 2796, 2799, 2805, 2806, 2809, 2811,
    2813, 2815, 2816
[1] 2, 4, 8, 11, 13, 20, 22, 23, 31, 33, 34, 37, 40, 45, 47, 50, 55, 58, 62,
    64, 65, 69, 75, 78, 80, 81, 84, 86, 87, 89, 92, 96, 102, 104, 105, 108,
    110, 112, 113, 119, 121, 123, 124, 135, 137, 139, 144, 148, 156, 158, 161,
    162, 165, 169, 171, 173, 176, 178, 181, 182, 188, 189, 193, 196, 206, 207,
    212, 216, 218, 221, 222, 224, 227, 229, 230, 232, 233, 237, 240, 242, 243,
    246, 251, 264, 267, 269, 277, 286, 293, 295, 305, 309, 315, 321, 324, 328,
    335, 349, 362, 370, 372, 377, 380, 385, 390, 391, 395, 396, 398, 400, 405,
    407, 410, 411, 413, 422, 425, 432, 437, 441, 445, 448, 451, 457, 460, 462,
    465, 468, 469, 473, 485, 489, 494, 502, 511, 513, 514, 517, 520, 523, 527,
    530, 531, 534, 535, 542, 544, 549, 553, 558, 568, 572, 574, 575, 583, 586,
    590, 591, 594, 595, 597, 602, 603, 607, 610, 613, 621, 624, 626, 633, 638,
    639, 643, 644, 647, 651, 654, 658, 664, 668, 670, 679, 682, 687, 689, 701,
    707, 715, 723, 725, 735, 746, 749, 753, 755, 760, 766, 767, 771, 775, 781,
    784, 785, 792, 799, 809, 811, 816, 817, 819, 822, 823, 825, 833, 834, 841,
    842, 844, 848, 855, 859, 860, 863, 869, 873, 877, 879, 880, 882, 883, 886,
    888, 889, 893, 894, 897, 898, 905, 908, 911, 914, 915, 917, 918, 923, 928,
    934, 947, 951, 954, 958, 961, 964, 975, 977, 983, 986, 987, 989, 994, 996,
    1000, 1003, 1007, 1013, 1021, 1022, 1025, 1027, 1029, 1030, 1033, 1038,
    1042, 1043, 1046, 1048, 1049, 1051, 1057, 1058, 1062, 1067, 1074, 1078,
    1079, 1082, 1083, 1085, 1088, 1089, 1092, 1096, 1105, 1107, 1108, 1114,
    1118, 1120, 1124, 1132, 1138, 1141, 1142, 1145, 1147, 1152, 1163, 1164,
    1167, 1170, 1171, 1174, 1179, 1181, 1189, 1202, 1204, 1208, 1211, 1212,
    1220, 1228, 1230, 1235, 1237, 1238, 1241, 1245, 1248, 1253, 1257, 1266,
    1271, 1274, 1280, 1283, 1286, 1287, 1292, 1295, 1299, 1302, 1305, 1307,
    1309, 1316, 1327, 1329, 1335, 1341, 1349, 1350, 1357, 1363, 1365, 1366,
    1370, 1372, 1373, 1379, 1380, 1389, 1390, 1396, 1398, 1399, 1402, 1403,
    1405, 1408, 1416, 1421, 1432, 1434, 1438, 1441, 1446, 1450, 1453, 1454,
    1456, 1457, 1469, 1474, 1478, 1485, 1486, 1488, 1491, 1495, 1497, 1498,
    1501, 1503, 1519, 1521, 1524, 1527, 1529, 1531, 1532, 1541, 1543, 1546,
    1548, 1551, 1552, 1554, 1565, 1569, 1577, 1578, 1581, 1587, 1589, 1593,
    1595, 1596, 1598, 1600, 1603, 1604, 1606, 1609, 1610, 1612, 1618, 1625,
    1630, 1633, 1636, 1640, 1642, 1646, 1649, 1656, 1662, 1664, 1667, 1669,
    1671, 1677, 1679, 1689, 1692, 1697, 1704, 1706, 1714, 1722, 1730, 1731,
    1733, 1734, 1738, 1741, 1744, 1751, 1761, 1766, 1769, 1771, 1772, 1775,
    1781, 1795, 1798, 1802, 1811, 1814, 1815, 1818, 1822, 1825, 1829, 1830,
    1833, 1839, 1841, 1844, 1851, 1854, 1855, 1857, 1858, 1864, 1865, 1870,
    1871, 1878, 1879, 1884, 1888, 1891, 1904, 1907, 1914, 1922, 1932, 1934,
    1939, 1942, 1944, 1945, 1948, 1958, 1963, 1969, 1971, 1974, 1977, 1978,
    1981, 1982, 1984, 1985, 1999, 2003, 2009, 2010, 2015, 2018, 2021, 2022,
    2029, 2033, 2037, 2041, 2044, 2048, 2051, 2052, 2057, 2064, 2066, 2068,
    2069, 2079, 2082, 2085, 2086, 2089, 2091, 2092, 2097, 2099, 2100, 2107,
    2109, 2111, 2116, 2117, 2119, 2121, 2122, 2124, 2125, 2130, 2137, 2140,
    2146, 2150, 2153, 2158, 2161, 2162, 2166, 2172, 2175, 2177, 2180, 2182,
    2195, 2197, 2198, 2201, 2202, 2205, 2207, 2208, 2210, 2216, 2221, 2223,
    2230, 2232, 2236, 2238, 2241, 2246, 2248, 2252, 2257, 2258, 2261, 2264,
    2271, 2277, 2278, 2284, 2288, 2291, 2294, 2296, 2300, 2301, 2305, 2310,
    2312, 2320, 2326, 2329, 2333, 2335, 2337, 2338, 2340, 2341, 2344, 2351,
    2355, 2360, 2364, 2375, 2378, 2380, 2387, 2389, 2392, 2400, 2402, 2405,
    2406, 2413, 2415, 2419, 2420, 2425, 2434, 2436, 2437, 2451, 2458, 2464,
    2467, 2468, 2476, 2477, 2481, 2486, 2489, 2490, 2492, 2494, 2495, 2498,
    2501, 2508, 2510, 2513, 2519, 2522, 2523, 2525, 2532, 2541, 2543, 2546,
    2551, 2553, 2554, 2557, 2559, 2562, 2567, 2571, 2574, 2578, 2580, 2586,
    2587, 2592, 2596, 2599, 2604, 2606, 2610, 2613, 2616, 2619, 2623, 2630,
    2633, 2634, 2637, 2639, 2642, 2644, 2647, 2648, 2655, 2657, 2658, 2661,
    2663, 2664, 2667, 2671, 2675, 2682, 2685, 2692, 2696, 2698, 2701, 2710,
    2712, 2714, 2717, 2725, 2729, 2731, 2736, 2742, 2746, 2749, 2755, 2761,
    2764, 2766, 2767, 2771, 2777, 2782, 2785, 2790, 2798, 2802, 2808, 2812,
    2814, 2817, 2818
[2] 3, 17, 19, 21, 24, 27, 30, 35, 39, 42, 44, 54, 57, 60, 67, 68, 76, 77, 88,
    91, 95, 99, 103, 106, 109, 111, 114, 118, 122, 125, 129, 133, 141, 143,
    147, 151, 154, 155, 164, 174, 177, 180, 192, 195, 199, 203, 205, 211, 215,
    217, 223, 225, 231, 241, 245, 248, 253, 258, 261, 268, 271, 276, 280, 282,
    285, 287, 292, 294, 296, 299, 302, 304, 307, 312, 314, 317, 320, 323, 327,
    334, 337, 339, 343, 346, 355, 358, 366, 371, 375, 383, 384, 389, 404, 412,
    415, 417, 418, 421, 427, 436, 447, 450, 454, 463, 464, 467, 472, 474, 477,
    482, 492, 496, 507, 516, 519, 524, 526, 529, 533, 538, 541, 545, 550, 552,
    555, 557, 563, 564, 570, 573, 576, 579, 596, 599, 601, 611, 614, 617, 620,
    623, 625, 629, 637, 642, 646, 650, 653, 659, 663, 671, 678, 684, 686, 690,
    693, 705, 706, 709, 711, 714, 719, 721, 732, 739, 750, 754, 756, 759, 763,
    770, 776, 780, 790, 791, 795, 798, 800, 803, 806, 830, 835, 839, 840, 845,
    849, 854, 857, 858, 862, 865, 870, 875, 878, 881, 891, 901, 904, 907, 919,
    924, 926, 930, 932, 936, 941, 943, 946, 953, 956, 966, 968, 972, 979, 985,
    993, 997, 1002, 1010, 1014, 1018, 1026, 1032, 1047, 1050, 1054, 1064,
    1071, 1073, 1077, 1081, 1084, 1091, 1095, 1099, 1101, 1106, 1116, 1119,
    1125, 1128, 1130, 1134, 1140, 1148, 1149, 1153, 1154, 1157, 1161, 1166,
    1173, 1177, 1178, 1182, 1184, 1190, 1193, 1196, 1198, 1200, 1205, 1210,
    1213, 1217, 1225, 1227, 1231, 1234, 1236, 1240, 1244, 1249, 1252, 1256,
    1260, 1263, 1265, 1269, 1272, 1278, 1279, 1284, 1294, 1297, 1300, 1311,
    1313, 1321, 1324, 1328, 1331, 1333, 1340, 1348, 1352, 1356, 1362, 1364,
    1371, 1378, 1383, 1386, 1388, 1392, 1395, 1397, 1404, 1411, 1418, 1422,
    1424, 1431, 1433, 1442, 1444, 1452, 1461, 1463, 1465, 1468, 1470, 1473,
    1477, 1479, 1482, 1484, 1487, 1490, 1494, 1496, 1500, 1502, 1505, 1509,
    1511, 1515, 1517, 1520, 1523, 1542, 1544, 1547, 1550, 1557, 1562, 1566,
    1570, 1574, 1576, 1579, 1582, 1586, 1588, 1597, 1608, 1611, 1613, 1617,
    1624, 1627, 1634, 1635, 1639, 1643, 1645, 1648, 1655, 1658, 1661, 1663,
    1666, 1668, 1670, 1676, 1678, 1682, 1687, 1693, 1695, 1698, 1703, 1713,
    1720, 1723, 1727, 1729, 1732, 1736, 1740, 1747, 1752, 1755, 1765, 1770,
    1776, 1778, 1780, 1789, 1793, 1794, 1797, 1800, 1803, 1806, 1812, 1817,
    1820, 1824, 1828, 1836, 1845, 1847, 1853, 1856, 1861, 1863, 1867, 1873,
    1877, 1880, 1885, 1887, 1892, 1896, 1900, 1910, 1918, 1925, 1928, 1936,
    1938, 1941, 1943, 1947, 1952, 1957, 1961, 1966, 1968, 1976, 1980, 1983,
    1986, 1991, 1993, 2001, 2006, 2008, 2012, 2014, 2020, 2023, 2026, 2028,
    2035, 2039, 2043, 2050, 2054, 2058, 2062, 2063, 2074, 2076, 2078, 2080,
    2088, 2094, 2096, 2098, 2101, 2103, 2106, 2115, 2133, 2136, 2139, 2145,
    2149, 2157, 2160, 2171, 2174, 2183, 2186, 2190, 2194, 2196, 2204, 2206,
    2209, 2218, 2220, 2222, 2225, 2227, 2229, 2231, 2237, 2240, 2250, 2254,
    2256, 2259, 2262, 2274, 2280, 2285, 2289, 2290, 2293, 2298, 2304, 2309,
    2313, 2317, 2319, 2322, 2328, 2334, 2336, 2348, 2350, 2366, 2368, 2374,
    2377, 2379, 2385, 2388, 2391, 2393, 2399, 2408, 2414, 2418, 2426, 2442,
    2445, 2448, 2455, 2457, 2463, 2472, 2475, 2480, 2485, 2493, 2497, 2504,
    2506, 2512, 2518, 2526, 2531, 2534, 2538, 2540, 2542, 2545, 2547, 2550,
    2556, 2558, 2570, 2572, 2577, 2581, 2583, 2589, 2591, 2595, 2600, 2602,
    2608, 2609, 2612, 2615, 2622, 2627, 2632, 2635, 2638, 2645, 2646, 2650,
    2660, 2662, 2666, 2674, 2677, 2680, 2689, 2691, 2699, 2705, 2708, 2711,
    2715, 2718, 2722, 2724, 2728, 2730, 2735, 2739, 2740, 2745, 2751, 2760,
    2763, 2770, 2773, 2774, 2780, 2784, 2786, 2792, 2795, 2797, 2800, 2801,
    2804, 2807, 2810
[3] 0, 6, 15, 18, 52, 56, 73, 82, 93, 116, 127, 132, 140, 145, 152, 159, 163,
    167, 179, 183, 186, 190, 194, 198, 201, 213, 234, 238, 244, 247, 252, 255,
    259, 273, 278, 284, 306, 310, 316, 319, 322, 326, 336, 341, 353, 360, 365,
    368, 373, 386, 408, 423, 429, 443, 446, 470, 478, 486, 490, 497, 500, 503,
    508, 515, 528, 532, 536, 540, 547, 556, 561, 569, 592, 604, 627, 630, 634,
    652, 661, 674, 677, 683, 692, 695, 698, 702, 727, 733, 737, 740, 743, 747,
    758, 761, 764, 768, 772, 782, 786, 796, 802, 805, 814, 820, 828, 831, 837,
    846, 851, 874, 895, 899, 906, 909, 912, 921, 925, 931, 935, 945, 955, 959,
    973, 978, 984, 1004, 1008, 1011, 1019, 1023, 1036, 1040, 1044, 1055, 1059,
    1063, 1068, 1072, 1076, 1080, 1086, 1090, 1094, 1097, 1102, 1115, 1122,
    1133, 1139, 1143, 1158, 1168, 1172, 1186, 1206, 1215, 1221, 1224, 1232,
    1239, 1242, 1246, 1251, 1255, 1259, 1275, 1290, 1303, 1320, 1323, 1330,
    1338, 1342, 1347, 1354, 1374, 1377, 1387, 1393, 1400, 1409, 1413, 1417,
    1436, 1439, 1447, 1451, 1460, 1475, 1489, 1492, 1499, 1507, 1510, 1513,
    1516, 1522, 1525, 1533, 1538, 1555, 1573, 1584, 1607, 1619, 1622, 1628,
    1631, 1637, 1644, 1659, 1665, 1672, 1681, 1684, 1690, 1699, 1709, 1712,
    1728, 1735, 1739, 1745, 1749, 1757, 1767, 1773, 1777, 1782, 1787, 1791,
    1804, 1819, 1834, 1837, 1842, 1852, 1859, 1862, 1866, 1882, 1886, 1895,
    1898, 1902, 1905, 1908, 1920, 1930, 1946, 1949, 1953, 1956, 1959, 1975,
    1979, 1989, 1992, 1995, 2000, 2004, 2013, 2025, 2030, 2049, 2070, 2083,
    2087, 2114, 2126, 2135, 2138, 2141, 2144, 2147, 2151, 2156, 2163, 2170,
    2173, 2199, 2203, 2211, 2214, 2265, 2275, 2279, 2286, 2307, 2321, 2342,
    2345, 2352, 2358, 2372, 2376, 2384, 2395, 2403, 2407, 2410, 2440, 2443,
    2446, 2449, 2453, 2461, 2465, 2471, 2474, 2478, 2482, 2499, 2502, 2516,
    2520, 2529, 2533, 2536, 2539, 2560, 2568, 2575, 2584, 2590, 2594, 2617,
    2621, 2625, 2628, 2631, 2640, 2649, 2653, 2665, 2672, 2676, 2683, 2686,
    2690, 2694, 2719, 2723, 2733, 2737, 2743, 2747, 2752, 2756, 2762, 2768,
    2791, 2794, 2803

Reassigned labels

Runtime: 7.070459604263306

Performance split_log:

IM without threshold:
Map:
{"D_0": "D", "D_1": "D", "D_2": "D", "D_3": "D"}
token_fitness
{"perc_fit_traces": 0.0, "average_trace_fitness": 0.9457460617448172, "log_fitness": 0.945677932115644, "percentage_of_fitting_traces": 0.0}
precision
0.7231176130258699
0.64
generalization
0.6981715902615739

Adjusted Rand Index:
0.1680498229958695



Parameters of this run:

Window size: 1
Threshold for edges: 0.5
Split candidates: D
Max number of traces: 5000000
Method for distance calculation: Distance.SET_DISTANCE
Method for finding clusters: ClusteringMethod.COMMUNITY_DETECTION
Original log location: ./data/noImprInLoop_default_OD\feb17-0936\logs\H_1_LogD_Sequence_feb17-0936.xes.gz
Use frequency: True

Found communities: 

Clustering with 2819 elements and 4 clusters
[0] 1, 5, 7, 9, 10, 12, 14, 16, 25, 26, 28, 29, 32, 36, 38, 41, 43, 46, 48,
    49, 51, 53, 59, 61, 63, 66, 70, 71, 72, 74, 79, 83, 85, 90, 94, 97, 98,
    100, 101, 107, 115, 117, 120, 126, 128, 130, 131, 134, 136, 138, 142, 146,
    149, 150, 153, 157, 160, 166, 168, 170, 172, 175, 184, 185, 187, 191, 197,
    200, 202, 204, 208, 209, 210, 214, 219, 220, 226, 228, 235, 236, 239, 249,
    250, 254, 256, 257, 260, 262, 263, 265, 266, 270, 272, 274, 275, 279, 281,
    283, 288, 289, 290, 291, 297, 298, 300, 301, 303, 308, 311, 313, 318, 325,
    329, 330, 331, 332, 333, 338, 340, 342, 344, 345, 347, 348, 350, 351, 352,
    354, 356, 357, 359, 361, 363, 364, 367, 369, 374, 376, 378, 379, 381, 382,
    387, 388, 392, 393, 394, 397, 399, 401, 402, 403, 406, 409, 414, 416, 419,
    420, 424, 426, 428, 430, 431, 433, 434, 435, 438, 439, 440, 442, 444, 449,
    452, 453, 455, 456, 458, 459, 461, 466, 471, 475, 476, 479, 480, 481, 483,
    484, 487, 488, 491, 493, 495, 498, 499, 501, 504, 505, 506, 509, 510, 512,
    518, 521, 522, 525, 537, 539, 543, 546, 548, 551, 554, 559, 560, 562, 565,
    566, 567, 571, 577, 578, 580, 581, 582, 584, 585, 587, 588, 589, 593, 598,
    600, 605, 606, 608, 609, 612, 615, 616, 618, 619, 622, 628, 631, 632, 635,
    636, 640, 641, 645, 648, 649, 655, 656, 657, 660, 662, 665, 666, 667, 669,
    672, 673, 675, 676, 680, 681, 685, 688, 691, 694, 696, 697, 699, 700, 703,
    704, 708, 710, 712, 713, 716, 717, 718, 720, 722, 724, 726, 728, 729, 730,
    731, 734, 736, 738, 741, 742, 744, 745, 748, 751, 752, 757, 762, 765, 769,
    773, 774, 777, 778, 779, 783, 787, 788, 789, 793, 794, 797, 801, 804, 807,
    808, 810, 812, 813, 815, 818, 821, 824, 826, 827, 829, 832, 836, 838, 843,
    847, 850, 852, 853, 856, 861, 864, 866, 867, 868, 871, 872, 876, 884, 885,
    887, 890, 892, 896, 900, 902, 903, 910, 913, 916, 920, 922, 927, 929, 933,
    937, 938, 939, 940, 942, 944, 948, 949, 950, 952, 957, 960, 962, 963, 965,
    967, 969, 970, 971, 974, 976, 980, 981, 982, 988, 990, 991, 992, 995, 998,
    999, 1001, 1005, 1006, 1009, 1012, 1015, 1016, 1017, 1020, 1024, 1028,
    1031, 1034, 1035, 1037, 1039, 1041, 1045, 1052, 1053, 1056, 1060, 1061,
    1065, 1066, 1069, 1070, 1075, 1087, 1093, 1098, 1100, 1103, 1104, 1109,
    1110, 1111, 1112, 1113, 1117, 1121, 1123, 1126, 1127, 1129, 1131, 1135,
    1136, 1137, 1144, 1146, 1150, 1151, 1155, 1156, 1159, 1160, 1162, 1165,
    1169, 1175, 1176, 1180, 1183, 1185, 1187, 1188, 1191, 1192, 1194, 1195,
    1197, 1199, 1201, 1203, 1207, 1209, 1214, 1216, 1218, 1219, 1222, 1223,
    1226, 1229, 1233, 1243, 1247, 1250, 1254, 1258, 1261, 1262, 1264, 1267,
    1268, 1270, 1273, 1276, 1277, 1281, 1282, 1285, 1288, 1289, 1291, 1293,
    1296, 1298, 1301, 1304, 1306, 1308, 1310, 1312, 1314, 1315, 1317, 1318,
    1319, 1322, 1325, 1326, 1332, 1334, 1336, 1337, 1339, 1343, 1344, 1345,
    1346, 1351, 1353, 1355, 1358, 1359, 1360, 1361, 1367, 1368, 1369, 1375,
    1376, 1381, 1382, 1384, 1385, 1391, 1394, 1401, 1406, 1407, 1410, 1412,
    1414, 1415, 1419, 1420, 1423, 1425, 1426, 1427, 1428, 1429, 1430, 1435,
    1437, 1440, 1443, 1445, 1448, 1449, 1455, 1458, 1459, 1462, 1464, 1466,
    1467, 1471, 1472, 1476, 1480, 1481, 1483, 1493, 1504, 1506, 1508, 1512,
    1514, 1518, 1526, 1528, 1530, 1534, 1535, 1536, 1537, 1539, 1540, 1545,
    1549, 1553, 1556, 1558, 1559, 1560, 1561, 1563, 1564, 1567, 1568, 1571,
    1572, 1575, 1580, 1583, 1585, 1590, 1591, 1592, 1594, 1599, 1601, 1602,
    1605, 1614, 1615, 1616, 1620, 1621, 1623, 1626, 1629, 1632, 1638, 1641,
    1647, 1650, 1651, 1652, 1653, 1654, 1657, 1660, 1673, 1674, 1675, 1680,
    1683, 1685, 1686, 1688, 1691, 1694, 1696, 1700, 1701, 1702, 1705, 1707,
    1708, 1710, 1711, 1715, 1716, 1717, 1718, 1719, 1721, 1724, 1725, 1726,
    1737, 1742, 1743, 1746, 1748, 1750, 1753, 1754, 1756, 1758, 1759, 1760,
    1762, 1763, 1764, 1768, 1774, 1779, 1783, 1784, 1785, 1786, 1788, 1790,
    1792, 1796, 1799, 1801, 1805, 1807, 1808, 1809, 1810, 1813, 1816, 1821,
    1823, 1826, 1827, 1831, 1832, 1835, 1838, 1840, 1843, 1846, 1848, 1849,
    1850, 1860, 1868, 1869, 1872, 1874, 1875, 1876, 1881, 1883, 1889, 1890,
    1893, 1894, 1897, 1899, 1901, 1903, 1906, 1909, 1911, 1912, 1913, 1915,
    1916, 1917, 1919, 1921, 1923, 1924, 1926, 1927, 1929, 1931, 1933, 1935,
    1937, 1940, 1950, 1951, 1954, 1955, 1960, 1962, 1964, 1965, 1967, 1970,
    1972, 1973, 1987, 1988, 1990, 1994, 1996, 1997, 1998, 2002, 2005, 2007,
    2011, 2016, 2017, 2019, 2024, 2027, 2031, 2032, 2034, 2036, 2038, 2040,
    2042, 2045, 2046, 2047, 2053, 2055, 2056, 2059, 2060, 2061, 2065, 2067,
    2071, 2072, 2073, 2075, 2077, 2081, 2084, 2090, 2093, 2095, 2102, 2104,
    2105, 2108, 2110, 2112, 2113, 2118, 2120, 2123, 2127, 2128, 2129, 2131,
    2132, 2134, 2142, 2143, 2148, 2152, 2154, 2155, 2159, 2164, 2165, 2167,
    2168, 2169, 2176, 2178, 2179, 2181, 2184, 2185, 2187, 2188, 2189, 2191,
    2192, 2193, 2200, 2212, 2213, 2215, 2217, 2219, 2224, 2226, 2228, 2233,
    2234, 2235, 2239, 2242, 2243, 2244, 2245, 2247, 2249, 2251, 2253, 2255,
    2260, 2263, 2266, 2267, 2268, 2269, 2270, 2272, 2273, 2276, 2281, 2282,
    2283, 2287, 2292, 2295, 2297, 2299, 2302, 2303, 2306, 2308, 2311, 2314,
    2315, 2316, 2318, 2323, 2324, 2325, 2327, 2330, 2331, 2332, 2339, 2343,
    2346, 2347, 2349, 2353, 2354, 2356, 2357, 2359, 2361, 2362, 2363, 2365,
    2367, 2369, 2370, 2371, 2373, 2381, 2382, 2383, 2386, 2390, 2394, 2396,
    2397, 2398, 2401, 2404, 2409, 2411, 2412, 2416, 2417, 2421, 2422, 2423,
    2424, 2427, 2428, 2429, 2430, 2431, 2432, 2433, 2435, 2438, 2439, 2441,
    2444, 2447, 2450, 2452, 2454, 2456, 2459, 2460, 2462, 2466, 2469, 2470,
    2473, 2479, 2483, 2484, 2487, 2488, 2491, 2496, 2500, 2503, 2505, 2507,
    2509, 2511, 2514, 2515, 2517, 2521, 2524, 2527, 2528, 2530, 2535, 2537,
    2544, 2548, 2549, 2552, 2555, 2561, 2563, 2564, 2565, 2566, 2569, 2573,
    2576, 2579, 2582, 2585, 2588, 2593, 2597, 2598, 2601, 2603, 2605, 2607,
    2611, 2614, 2618, 2620, 2624, 2626, 2629, 2636, 2641, 2643, 2651, 2652,
    2654, 2656, 2659, 2668, 2669, 2670, 2673, 2678, 2679, 2681, 2684, 2687,
    2688, 2693, 2695, 2697, 2700, 2702, 2703, 2704, 2706, 2707, 2709, 2713,
    2716, 2720, 2721, 2726, 2727, 2732, 2734, 2738, 2741, 2744, 2748, 2750,
    2753, 2754, 2757, 2758, 2759, 2765, 2769, 2772, 2775, 2776, 2778, 2779,
    2781, 2783, 2787, 2788, 2789, 2793, 2796, 2799, 2805, 2806, 2809, 2811,
    2813, 2815, 2816
[1] 2, 4, 8, 11, 13, 20, 22, 23, 31, 33, 34, 37, 40, 45, 47, 50, 55, 58, 62,
    64, 65, 69, 75, 78, 80, 81, 84, 86, 87, 89, 92, 96, 102, 104, 105, 108,
    110, 112, 113, 119, 121, 123, 124, 135, 137, 139, 144, 148, 156, 158, 161,
    162, 165, 169, 171, 173, 176, 178, 181, 182, 188, 189, 193, 196, 206, 207,
    212, 216, 218, 221, 222, 224, 227, 229, 230, 232, 233, 237, 240, 242, 243,
    246, 251, 264, 267, 269, 277, 286, 293, 295, 305, 309, 315, 321, 324, 328,
    335, 349, 362, 370, 372, 377, 380, 385, 390, 391, 395, 396, 398, 400, 405,
    407, 410, 411, 413, 422, 425, 432, 437, 441, 445, 448, 451, 457, 460, 462,
    465, 468, 469, 473, 485, 489, 494, 502, 511, 513, 514, 517, 520, 523, 527,
    530, 531, 534, 535, 542, 544, 549, 553, 558, 568, 572, 574, 575, 583, 586,
    590, 591, 594, 595, 597, 602, 603, 607, 610, 613, 621, 624, 626, 633, 638,
    639, 643, 644, 647, 651, 654, 658, 664, 668, 670, 679, 682, 687, 689, 701,
    707, 715, 723, 725, 735, 746, 749, 753, 755, 760, 766, 767, 771, 775, 781,
    784, 785, 792, 799, 809, 811, 816, 817, 819, 822, 823, 825, 833, 834, 841,
    842, 844, 848, 855, 859, 860, 863, 869, 873, 877, 879, 880, 882, 883, 886,
    888, 889, 893, 894, 897, 898, 905, 908, 911, 914, 915, 917, 918, 923, 928,
    934, 947, 951, 954, 958, 961, 964, 975, 977, 983, 986, 987, 989, 994, 996,
    1000, 1003, 1007, 1013, 1021, 1022, 1025, 1027, 1029, 1030, 1033, 1038,
    1042, 1043, 1046, 1048, 1049, 1051, 1057, 1058, 1062, 1067, 1074, 1078,
    1079, 1082, 1083, 1085, 1088, 1089, 1092, 1096, 1105, 1107, 1108, 1114,
    1118, 1120, 1124, 1132, 1138, 1141, 1142, 1145, 1147, 1152, 1163, 1164,
    1167, 1170, 1171, 1174, 1179, 1181, 1189, 1202, 1204, 1208, 1211, 1212,
    1220, 1228, 1230, 1235, 1237, 1238, 1241, 1245, 1248, 1253, 1257, 1266,
    1271, 1274, 1280, 1283, 1286, 1287, 1292, 1295, 1299, 1302, 1305, 1307,
    1309, 1316, 1327, 1329, 1335, 1341, 1349, 1350, 1357, 1363, 1365, 1366,
    1370, 1372, 1373, 1379, 1380, 1389, 1390, 1396, 1398, 1399, 1402, 1403,
    1405, 1408, 1416, 1421, 1432, 1434, 1438, 1441, 1446, 1450, 1453, 1454,
    1456, 1457, 1469, 1474, 1478, 1485, 1486, 1488, 1491, 1495, 1497, 1498,
    1501, 1503, 1519, 1521, 1524, 1527, 1529, 1531, 1532, 1541, 1543, 1546,
    1548, 1551, 1552, 1554, 1565, 1569, 1577, 1578, 1581, 1587, 1589, 1593,
    1595, 1596, 1598, 1600, 1603, 1604, 1606, 1609, 1610, 1612, 1618, 1625,
    1630, 1633, 1636, 1640, 1642, 1646, 1649, 1656, 1662, 1664, 1667, 1669,
    1671, 1677, 1679, 1689, 1692, 1697, 1704, 1706, 1714, 1722, 1730, 1731,
    1733, 1734, 1738, 1741, 1744, 1751, 1761, 1766, 1769, 1771, 1772, 1775,
    1781, 1795, 1798, 1802, 1811, 1814, 1815, 1818, 1822, 1825, 1829, 1830,
    1833, 1839, 1841, 1844, 1851, 1854, 1855, 1857, 1858, 1864, 1865, 1870,
    1871, 1878, 1879, 1884, 1888, 1891, 1904, 1907, 1914, 1922, 1932, 1934,
    1939, 1942, 1944, 1945, 1948, 1958, 1963, 1969, 1971, 1974, 1977, 1978,
    1981, 1982, 1984, 1985, 1999, 2003, 2009, 2010, 2015, 2018, 2021, 2022,
    2029, 2033, 2037, 2041, 2044, 2048, 2051, 2052, 2057, 2064, 2066, 2068,
    2069, 2079, 2082, 2085, 2086, 2089, 2091, 2092, 2097, 2099, 2100, 2107,
    2109, 2111, 2116, 2117, 2119, 2121, 2122, 2124, 2125, 2130, 2137, 2140,
    2146, 2150, 2153, 2158, 2161, 2162, 2166, 2172, 2175, 2177, 2180, 2182,
    2195, 2197, 2198, 2201, 2202, 2205, 2207, 2208, 2210, 2216, 2221, 2223,
    2230, 2232, 2236, 2238, 2241, 2246, 2248, 2252, 2257, 2258, 2261, 2264,
    2271, 2277, 2278, 2284, 2288, 2291, 2294, 2296, 2300, 2301, 2305, 2310,
    2312, 2320, 2326, 2329, 2333, 2335, 2337, 2338, 2340, 2341, 2344, 2351,
    2355, 2360, 2364, 2375, 2378, 2380, 2387, 2389, 2392, 2400, 2402, 2405,
    2406, 2413, 2415, 2419, 2420, 2425, 2434, 2436, 2437, 2451, 2458, 2464,
    2467, 2468, 2476, 2477, 2481, 2486, 2489, 2490, 2492, 2494, 2495, 2498,
    2501, 2508, 2510, 2513, 2519, 2522, 2523, 2525, 2532, 2541, 2543, 2546,
    2551, 2553, 2554, 2557, 2559, 2562, 2567, 2571, 2574, 2578, 2580, 2586,
    2587, 2592, 2596, 2599, 2604, 2606, 2610, 2613, 2616, 2619, 2623, 2630,
    2633, 2634, 2637, 2639, 2642, 2644, 2647, 2648, 2655, 2657, 2658, 2661,
    2663, 2664, 2667, 2671, 2675, 2682, 2685, 2692, 2696, 2698, 2701, 2710,
    2712, 2714, 2717, 2725, 2729, 2731, 2736, 2742, 2746, 2749, 2755, 2761,
    2764, 2766, 2767, 2771, 2777, 2782, 2785, 2790, 2798, 2802, 2808, 2812,
    2814, 2817, 2818
[2] 3, 17, 19, 21, 24, 27, 30, 35, 39, 42, 44, 54, 57, 60, 67, 68, 76, 77, 88,
    91, 95, 99, 103, 106, 109, 111, 114, 118, 122, 125, 129, 133, 141, 143,
    147, 151, 154, 155, 164, 174, 177, 180, 192, 195, 199, 203, 205, 211, 215,
    217, 223, 225, 231, 241, 245, 248, 253, 258, 261, 268, 271, 276, 280, 282,
    285, 287, 292, 294, 296, 299, 302, 304, 307, 312, 314, 317, 320, 323, 327,
    334, 337, 339, 343, 346, 355, 358, 366, 371, 375, 383, 384, 389, 404, 412,
    415, 417, 418, 421, 427, 436, 447, 450, 454, 463, 464, 467, 472, 474, 477,
    482, 492, 496, 507, 516, 519, 524, 526, 529, 533, 538, 541, 545, 550, 552,
    555, 557, 563, 564, 570, 573, 576, 579, 596, 599, 601, 611, 614, 617, 620,
    623, 625, 629, 637, 642, 646, 650, 653, 659, 663, 671, 678, 684, 686, 690,
    693, 705, 706, 709, 711, 714, 719, 721, 732, 739, 750, 754, 756, 759, 763,
    770, 776, 780, 790, 791, 795, 798, 800, 803, 806, 830, 835, 839, 840, 845,
    849, 854, 857, 858, 862, 865, 870, 875, 878, 881, 891, 901, 904, 907, 919,
    924, 926, 930, 932, 936, 941, 943, 946, 953, 956, 966, 968, 972, 979, 985,
    993, 997, 1002, 1010, 1014, 1018, 1026, 1032, 1047, 1050, 1054, 1064,
    1071, 1073, 1077, 1081, 1084, 1091, 1095, 1099, 1101, 1106, 1116, 1119,
    1125, 1128, 1130, 1134, 1140, 1148, 1149, 1153, 1154, 1157, 1161, 1166,
    1173, 1177, 1178, 1182, 1184, 1190, 1193, 1196, 1198, 1200, 1205, 1210,
    1213, 1217, 1225, 1227, 1231, 1234, 1236, 1240, 1244, 1249, 1252, 1256,
    1260, 1263, 1265, 1269, 1272, 1278, 1279, 1284, 1294, 1297, 1300, 1311,
    1313, 1321, 1324, 1328, 1331, 1333, 1340, 1348, 1352, 1356, 1362, 1364,
    1371, 1378, 1383, 1386, 1388, 1392, 1395, 1397, 1404, 1411, 1418, 1422,
    1424, 1431, 1433, 1442, 1444, 1452, 1461, 1463, 1465, 1468, 1470, 1473,
    1477, 1479, 1482, 1484, 1487, 1490, 1494, 1496, 1500, 1502, 1505, 1509,
    1511, 1515, 1517, 1520, 1523, 1542, 1544, 1547, 1550, 1557, 1562, 1566,
    1570, 1574, 1576, 1579, 1582, 1586, 1588, 1597, 1608, 1611, 1613, 1617,
    1624, 1627, 1634, 1635, 1639, 1643, 1645, 1648, 1655, 1658, 1661, 1663,
    1666, 1668, 1670, 1676, 1678, 1682, 1687, 1693, 1695, 1698, 1703, 1713,
    1720, 1723, 1727, 1729, 1732, 1736, 1740, 1747, 1752, 1755, 1765, 1770,
    1776, 1778, 1780, 1789, 1793, 1794, 1797, 1800, 1803, 1806, 1812, 1817,
    1820, 1824, 1828, 1836, 1845, 1847, 1853, 1856, 1861, 1863, 1867, 1873,
    1877, 1880, 1885, 1887, 1892, 1896, 1900, 1910, 1918, 1925, 1928, 1936,
    1938, 1941, 1943, 1947, 1952, 1957, 1961, 1966, 1968, 1976, 1980, 1983,
    1986, 1991, 1993, 2001, 2006, 2008, 2012, 2014, 2020, 2023, 2026, 2028,
    2035, 2039, 2043, 2050, 2054, 2058, 2062, 2063, 2074, 2076, 2078, 2080,
    2088, 2094, 2096, 2098, 2101, 2103, 2106, 2115, 2133, 2136, 2139, 2145,
    2149, 2157, 2160, 2171, 2174, 2183, 2186, 2190, 2194, 2196, 2204, 2206,
    2209, 2218, 2220, 2222, 2225, 2227, 2229, 2231, 2237, 2240, 2250, 2254,
    2256, 2259, 2262, 2274, 2280, 2285, 2289, 2290, 2293, 2298, 2304, 2309,
    2313, 2317, 2319, 2322, 2328, 2334, 2336, 2348, 2350, 2366, 2368, 2374,
    2377, 2379, 2385, 2388, 2391, 2393, 2399, 2408, 2414, 2418, 2426, 2442,
    2445, 2448, 2455, 2457, 2463, 2472, 2475, 2480, 2485, 2493, 2497, 2504,
    2506, 2512, 2518, 2526, 2531, 2534, 2538, 2540, 2542, 2545, 2547, 2550,
    2556, 2558, 2570, 2572, 2577, 2581, 2583, 2589, 2591, 2595, 2600, 2602,
    2608, 2609, 2612, 2615, 2622, 2627, 2632, 2635, 2638, 2645, 2646, 2650,
    2660, 2662, 2666, 2674, 2677, 2680, 2689, 2691, 2699, 2705, 2708, 2711,
    2715, 2718, 2722, 2724, 2728, 2730, 2735, 2739, 2740, 2745, 2751, 2760,
    2763, 2770, 2773, 2774, 2780, 2784, 2786, 2792, 2795, 2797, 2800, 2801,
    2804, 2807, 2810
[3] 0, 6, 15, 18, 52, 56, 73, 82, 93, 116, 127, 132, 140, 145, 152, 159, 163,
    167, 179, 183, 186, 190, 194, 198, 201, 213, 234, 238, 244, 247, 252, 255,
    259, 273, 278, 284, 306, 310, 316, 319, 322, 326, 336, 341, 353, 360, 365,
    368, 373, 386, 408, 423, 429, 443, 446, 470, 478, 486, 490, 497, 500, 503,
    508, 515, 528, 532, 536, 540, 547, 556, 561, 569, 592, 604, 627, 630, 634,
    652, 661, 674, 677, 683, 692, 695, 698, 702, 727, 733, 737, 740, 743, 747,
    758, 761, 764, 768, 772, 782, 786, 796, 802, 805, 814, 820, 828, 831, 837,
    846, 851, 874, 895, 899, 906, 909, 912, 921, 925, 931, 935, 945, 955, 959,
    973, 978, 984, 1004, 1008, 1011, 1019, 1023, 1036, 1040, 1044, 1055, 1059,
    1063, 1068, 1072, 1076, 1080, 1086, 1090, 1094, 1097, 1102, 1115, 1122,
    1133, 1139, 1143, 1158, 1168, 1172, 1186, 1206, 1215, 1221, 1224, 1232,
    1239, 1242, 1246, 1251, 1255, 1259, 1275, 1290, 1303, 1320, 1323, 1330,
    1338, 1342, 1347, 1354, 1374, 1377, 1387, 1393, 1400, 1409, 1413, 1417,
    1436, 1439, 1447, 1451, 1460, 1475, 1489, 1492, 1499, 1507, 1510, 1513,
    1516, 1522, 1525, 1533, 1538, 1555, 1573, 1584, 1607, 1619, 1622, 1628,
    1631, 1637, 1644, 1659, 1665, 1672, 1681, 1684, 1690, 1699, 1709, 1712,
    1728, 1735, 1739, 1745, 1749, 1757, 1767, 1773, 1777, 1782, 1787, 1791,
    1804, 1819, 1834, 1837, 1842, 1852, 1859, 1862, 1866, 1882, 1886, 1895,
    1898, 1902, 1905, 1908, 1920, 1930, 1946, 1949, 1953, 1956, 1959, 1975,
    1979, 1989, 1992, 1995, 2000, 2004, 2013, 2025, 2030, 2049, 2070, 2083,
    2087, 2114, 2126, 2135, 2138, 2141, 2144, 2147, 2151, 2156, 2163, 2170,
    2173, 2199, 2203, 2211, 2214, 2265, 2275, 2279, 2286, 2307, 2321, 2342,
    2345, 2352, 2358, 2372, 2376, 2384, 2395, 2403, 2407, 2410, 2440, 2443,
    2446, 2449, 2453, 2461, 2465, 2471, 2474, 2478, 2482, 2499, 2502, 2516,
    2520, 2529, 2533, 2536, 2539, 2560, 2568, 2575, 2584, 2590, 2594, 2617,
    2621, 2625, 2628, 2631, 2640, 2649, 2653, 2665, 2672, 2676, 2683, 2686,
    2690, 2694, 2719, 2723, 2733, 2737, 2743, 2747, 2752, 2756, 2762, 2768,
    2791, 2794, 2803

Reassigned labels

Runtime: 7.12874174118042

Performance split_log:

IM without threshold:
Map:
{"D_0": "D", "D_1": "D", "D_2": "D", "D_3": "D"}
token_fitness
{"perc_fit_traces": 100.0, "average_trace_fitness": 1.0, "log_fitness": 1.0, "percentage_of_fitting_traces": 100.0}
precision
0.6651824424081929
0.64
generalization
0.7850697184287891

Adjusted Rand Index:
0.1680498229958695



Parameters of this run:

Window size: 1
Threshold for edges: 0.75
Split candidates: D
Max number of traces: 5000000
Method for distance calculation: Distance.SET_DISTANCE
Method for finding clusters: ClusteringMethod.COMMUNITY_DETECTION
Original log location: ./data/noImprInLoop_default_OD\feb17-0936\logs\H_1_LogD_Sequence_feb17-0936.xes.gz
Use frequency: True

Found communities: 

Clustering with 2819 elements and 12 clusters
[ 0] 2, 4, 8, 11, 13, 20, 22, 23, 31, 33, 34, 37, 40, 45, 47, 50, 55, 58, 62,
     64, 65, 69, 75, 78, 80, 81, 84, 86, 87, 89, 92, 96, 102, 104, 105, 108,
     110, 112, 113, 119, 121, 123, 124, 135, 137, 139, 144, 148, 156, 158,
     161, 162, 165, 169, 171, 173, 176, 178, 181, 182, 188, 189, 193, 196,
     206, 207, 212, 216, 218, 221, 222, 224, 227, 229, 230, 232, 233, 237,
     240, 242, 243, 246, 251, 264, 267, 269, 277, 286, 293, 295, 305, 309,
     315, 321, 324, 328, 335, 349, 362, 370, 372, 377, 380, 385, 390, 391,
     395, 396, 398, 400, 405, 407, 410, 411, 413, 422, 425, 432, 437, 441,
     445, 448, 451, 457, 460, 462, 465, 468, 469, 473, 485, 489, 494, 502,
     511, 513, 514, 517, 520, 523, 527, 530, 531, 534, 535, 542, 544, 549,
     553, 558, 568, 572, 574, 575, 583, 586, 590, 591, 594, 595, 597, 602,
     603, 607, 610, 613, 621, 624, 626, 633, 638, 639, 643, 644, 647, 651,
     654, 658, 664, 668, 670, 679, 682, 687, 689, 701, 707, 715, 723, 725,
     735, 746, 749, 753, 755, 760, 766, 767, 771, 775, 781, 784, 785, 792,
     799, 809, 811, 816, 817, 819, 822, 823, 825, 833, 834, 841, 842, 844,
     848, 855, 859, 860, 863, 869, 873, 877, 879, 880, 882, 883, 886, 888,
     889, 893, 894, 897, 898, 905, 908, 911, 914, 915, 917, 918, 923, 928,
     934, 947, 951, 954, 958, 961, 964, 975, 977, 983, 986, 987, 989, 994,
     996, 1000, 1003, 1007, 1013, 1021, 1022, 1025, 1027, 1029, 1030, 1033,
     1038, 1042, 1043, 1046, 1048, 1049, 1051, 1057, 1058, 1062, 1067, 1074,
     1078, 1079, 1082, 1083, 1085, 1088, 1089, 1092, 1096, 1105, 1107, 1108,
     1114, 1118, 1120, 1124, 1132, 1138, 1141, 1142, 1145, 1147, 1152, 1163,
     1164, 1167, 1170, 1171, 1174, 1179, 1181, 1189, 1202, 1204, 1208, 1211,
     1212, 1220, 1228, 1230, 1235, 1237, 1238, 1241, 1245, 1248, 1253, 1257,
     1266, 1271, 1274, 1280, 1283, 1286, 1287, 1292, 1295, 1299, 1302, 1305,
     1307, 1309, 1316, 1327, 1329, 1335, 1341, 1349, 1350, 1357, 1363, 1365,
     1366, 1370, 1372, 1373, 1379, 1380, 1389, 1390, 1396, 1398, 1399, 1402,
     1403, 1405, 1408, 1416, 1421, 1432, 1434, 1438, 1441, 1446, 1450, 1453,
     1454, 1456, 1457, 1469, 1474, 1478, 1485, 1486, 1488, 1491, 1495, 1497,
     1498, 1501, 1503, 1519, 1521, 1524, 1527, 1529, 1531, 1532, 1541, 1543,
     1546, 1548, 1551, 1552, 1554, 1565, 1569, 1577, 1578, 1581, 1587, 1589,
     1593, 1595, 1596, 1598, 1600, 1603, 1604, 1606, 1609, 1610, 1612, 1618,
     1625, 1630, 1633, 1636, 1640, 1642, 1646, 1649, 1656, 1662, 1664, 1667,
     1669, 1671, 1677, 1679, 1689, 1692, 1697, 1704, 1706, 1714, 1722, 1730,
     1731, 1733, 1734, 1738, 1741, 1744, 1751, 1761, 1766, 1769, 1771, 1772,
     1775, 1781, 1795, 1798, 1802, 1811, 1814, 1815, 1818, 1822, 1825, 1829,
     1830, 1833, 1839, 1841, 1844, 1851, 1854, 1855, 1857, 1858, 1864, 1865,
     1870, 1871, 1878, 1879, 1884, 1888, 1891, 1904, 1907, 1914, 1922, 1932,
     1934, 1939, 1942, 1944, 1945, 1948, 1958, 1963, 1969, 1971, 1974, 1977,
     1978, 1981, 1982, 1984, 1985, 1999, 2003, 2009, 2010, 2015, 2018, 2021,
     2022, 2029, 2033, 2037, 2041, 2044, 2048, 2051, 2052, 2057, 2064, 2066,
     2068, 2069, 2079, 2082, 2085, 2086, 2089, 2091, 2092, 2097, 2099, 2100,
     2107, 2109, 2111, 2116, 2117, 2119, 2121, 2122, 2124, 2125, 2130, 2137,
     2140, 2146, 2150, 2153, 2158, 2161, 2162, 2166, 2172, 2175, 2177, 2180,
     2182, 2195, 2197, 2198, 2201, 2202, 2205, 2207, 2208, 2210, 2216, 2221,
     2223, 2230, 2232, 2236, 2238, 2241, 2246, 2248, 2252, 2257, 2258, 2261,
     2264, 2271, 2277, 2278, 2284, 2288, 2291, 2294, 2296, 2300, 2301, 2305,
     2310, 2312, 2320, 2326, 2329, 2333, 2335, 2337, 2338, 2340, 2341, 2344,
     2351, 2355, 2360, 2364, 2375, 2378, 2380, 2387, 2389, 2392, 2400, 2402,
     2405, 2406, 2413, 2415, 2419, 2420, 2425, 2434, 2436, 2437, 2451, 2458,
     2464, 2467, 2468, 2476, 2477, 2481, 2486, 2489, 2490, 2492, 2494, 2495,
     2498, 2501, 2508, 2510, 2513, 2519, 2522, 2523, 2525, 2532, 2541, 2543,
     2546, 2551, 2553, 2554, 2557, 2559, 2562, 2567, 2571, 2574, 2578, 2580,
     2586, 2587, 2592, 2596, 2599, 2604, 2606, 2610, 2613, 2616, 2619, 2623,
     2630, 2633, 2634, 2637, 2639, 2642, 2644, 2647, 2648, 2655, 2657, 2658,
     2661, 2663, 2664, 2667, 2671, 2675, 2682, 2685, 2692, 2696, 2698, 2701,
     2710, 2712, 2714, 2717, 2725, 2729, 2731, 2736, 2742, 2746, 2749, 2755,
     2761, 2764, 2766, 2767, 2771, 2777, 2782, 2785, 2790, 2798, 2802, 2808,
     2812, 2814, 2817, 2818
[ 1] 3, 17, 19, 21, 24, 27, 30, 35, 39, 42, 44, 54, 57, 60, 67, 68, 76, 77,
     88, 91, 95, 99, 103, 106, 109, 111, 114, 118, 122, 125, 129, 133, 141,
     143, 147, 151, 154, 155, 164, 174, 177, 180, 192, 195, 199, 203, 205,
     211, 215, 217, 223, 225, 231, 241, 245, 248, 253, 258, 261, 268, 271,
     276, 280, 282, 285, 287, 292, 294, 296, 299, 302, 304, 307, 312, 314,
     317, 320, 323, 327, 334, 337, 339, 343, 346, 355, 358, 366, 371, 375,
     383, 384, 389, 404, 412, 415, 417, 418, 421, 427, 436, 447, 450, 454,
     463, 464, 467, 472, 474, 477, 482, 492, 496, 507, 516, 519, 524, 526,
     529, 533, 538, 541, 545, 550, 552, 555, 557, 563, 564, 570, 573, 576,
     579, 596, 599, 601, 611, 614, 617, 620, 623, 625, 629, 637, 642, 646,
     650, 653, 659, 663, 671, 678, 684, 686, 690, 693, 705, 706, 709, 711,
     714, 719, 721, 732, 739, 750, 754, 756, 759, 763, 770, 776, 780, 790,
     791, 795, 798, 800, 803, 806, 830, 835, 839, 840, 845, 849, 854, 857,
     858, 862, 865, 870, 875, 878, 881, 891, 901, 904, 907, 919, 924, 926,
     930, 932, 936, 941, 943, 946, 953, 956, 966, 968, 972, 979, 985, 993,
     997, 1002, 1010, 1014, 1018, 1026, 1032, 1047, 1050, 1054, 1064, 1071,
     1073, 1077, 1081, 1084, 1091, 1095, 1099, 1101, 1106, 1116, 1119, 1125,
     1128, 1130, 1134, 1140, 1148, 1149, 1153, 1154, 1157, 1161, 1166, 1173,
     1177, 1178, 1182, 1184, 1190, 1193, 1196, 1198, 1200, 1205, 1210, 1213,
     1217, 1225, 1227, 1231, 1234, 1236, 1240, 1244, 1249, 1252, 1256, 1260,
     1263, 1265, 1269, 1272, 1278, 1279, 1284, 1294, 1297, 1300, 1311, 1313,
     1321, 1324, 1328, 1331, 1333, 1340, 1348, 1352, 1356, 1362, 1364, 1371,
     1378, 1383, 1386, 1388, 1392, 1395, 1397, 1404, 1411, 1418, 1422, 1424,
     1431, 1433, 1442, 1444, 1452, 1461, 1463, 1465, 1468, 1470, 1473, 1477,
     1479, 1482, 1484, 1487, 1490, 1494, 1496, 1500, 1502, 1505, 1509, 1511,
     1515, 1517, 1520, 1523, 1542, 1544, 1547, 1550, 1557, 1562, 1566, 1570,
     1574, 1576, 1579, 1582, 1586, 1588, 1597, 1608, 1611, 1613, 1617, 1624,
     1627, 1634, 1635, 1639, 1643, 1645, 1648, 1655, 1658, 1661, 1663, 1666,
     1668, 1670, 1676, 1678, 1682, 1687, 1693, 1695, 1698, 1703, 1713, 1720,
     1723, 1727, 1729, 1732, 1736, 1740, 1747, 1752, 1755, 1765, 1770, 1776,
     1778, 1780, 1789, 1793, 1794, 1797, 1800, 1803, 1806, 1812, 1817, 1820,
     1824, 1828, 1836, 1845, 1847, 1853, 1856, 1861, 1863, 1867, 1873, 1877,
     1880, 1885, 1887, 1892, 1896, 1900, 1910, 1918, 1925, 1928, 1936, 1938,
     1941, 1943, 1947, 1952, 1957, 1961, 1966, 1968, 1976, 1980, 1983, 1986,
     1991, 1993, 2001, 2006, 2008, 2012, 2014, 2020, 2023, 2026, 2028, 2035,
     2039, 2043, 2050, 2054, 2058, 2062, 2063, 2074, 2076, 2078, 2080, 2088,
     2094, 2096, 2098, 2101, 2103, 2106, 2115, 2133, 2136, 2139, 2145, 2149,
     2157, 2160, 2171, 2174, 2183, 2186, 2190, 2194, 2196, 2204, 2206, 2209,
     2218, 2220, 2222, 2225, 2227, 2229, 2231, 2237, 2240, 2250, 2254, 2256,
     2259, 2262, 2274, 2280, 2285, 2289, 2290, 2293, 2298, 2304, 2309, 2313,
     2317, 2319, 2322, 2328, 2334, 2336, 2348, 2350, 2366, 2368, 2374, 2377,
     2379, 2385, 2388, 2391, 2393, 2399, 2408, 2414, 2418, 2426, 2442, 2445,
     2448, 2455, 2457, 2463, 2472, 2475, 2480, 2485, 2493, 2497, 2504, 2506,
     2512, 2518, 2526, 2531, 2534, 2538, 2540, 2542, 2545, 2547, 2550, 2556,
     2558, 2570, 2572, 2577, 2581, 2583, 2589, 2591, 2595, 2600, 2602, 2608,
     2609, 2612, 2615, 2622, 2627, 2632, 2635, 2638, 2645, 2646, 2650, 2660,
     2662, 2666, 2674, 2677, 2680, 2689, 2691, 2699, 2705, 2708, 2711, 2715,
     2718, 2722, 2724, 2728, 2730, 2735, 2739, 2740, 2745, 2751, 2760, 2763,
     2770, 2773, 2774, 2780, 2784, 2786, 2792, 2795, 2797, 2800, 2801, 2804,
     2807, 2810
[ 2] 0, 6, 15, 18, 52, 56, 73, 82, 93, 116, 127, 132, 140, 145, 152, 159, 163,
     167, 179, 183, 186, 190, 194, 198, 201, 213, 234, 238, 244, 247, 252,
     255, 259, 273, 278, 284, 306, 310, 316, 319, 322, 326, 336, 341, 353,
     360, 365, 368, 373, 386, 408, 423, 429, 443, 446, 470, 478, 486, 490,
     497, 500, 503, 508, 515, 528, 532, 536, 540, 547, 556, 561, 569, 592,
     604, 627, 630, 634, 652, 661, 674, 677, 683, 692, 695, 698, 702, 727,
     733, 737, 740, 743, 747, 758, 761, 764, 768, 772, 782, 786, 796, 802,
     805, 814, 820, 828, 831, 837, 846, 851, 874, 895, 899, 906, 909, 912,
     921, 925, 931, 935, 945, 955, 959, 973, 978, 984, 1004, 1008, 1011, 1019,
     1023, 1036, 1040, 1044, 1055, 1059, 1063, 1068, 1072, 1076, 1080, 1086,
     1090, 1094, 1097, 1102, 1115, 1122, 1133, 1139, 1143, 1158, 1168, 1172,
     1186, 1206, 1215, 1221, 1224, 1232, 1239, 1242, 1246, 1251, 1255, 1259,
     1275, 1290, 1303, 1320, 1323, 1330, 1338, 1342, 1347, 1354, 1374, 1377,
     1387, 1393, 1400, 1409, 1413, 1417, 1436, 1439, 1447, 1451, 1460, 1475,
     1489, 1492, 1499, 1507, 1510, 1513, 1516, 1522, 1525, 1533, 1538, 1555,
     1573, 1584, 1607, 1619, 1622, 1628, 1631, 1637, 1644, 1659, 1665, 1672,
     1681, 1684, 1690, 1699, 1709, 1712, 1728, 1735, 1739, 1745, 1749, 1757,
     1767, 1773, 1777, 1782, 1787, 1791, 1804, 1819, 1834, 1837, 1842, 1852,
     1859, 1862, 1866, 1882, 1886, 1895, 1898, 1902, 1905, 1908, 1920, 1930,
     1946, 1949, 1953, 1956, 1959, 1975, 1979, 1989, 1992, 1995, 2000, 2004,
     2013, 2025, 2030, 2049, 2070, 2083, 2087, 2114, 2126, 2135, 2138, 2141,
     2144, 2147, 2151, 2156, 2163, 2170, 2173, 2199, 2203, 2211, 2214, 2265,
     2275, 2279, 2286, 2307, 2321, 2342, 2345, 2352, 2358, 2372, 2376, 2384,
     2395, 2403, 2407, 2410, 2440, 2443, 2446, 2449, 2453, 2461, 2465, 2471,
     2474, 2478, 2482, 2499, 2502, 2516, 2520, 2529, 2533, 2536, 2539, 2560,
     2568, 2575, 2584, 2590, 2594, 2617, 2621, 2625, 2628, 2631, 2640, 2649,
     2653, 2665, 2672, 2676, 2683, 2686, 2690, 2694, 2719, 2723, 2733, 2737,
     2743, 2747, 2752, 2756, 2762, 2768, 2791, 2794, 2803
[ 3] 5, 10, 14, 28, 36, 38, 43, 51, 61, 70, 79, 83, 85, 90, 94, 101, 134, 136,
     142, 150, 160, 166, 170, 175, 197, 200, 204, 220, 236, 249, 250, 263,
     275, 283, 291, 300, 313, 329, 333, 338, 344, 348, 359, 379, 382, 399,
     401, 406, 431, 442, 455, 466, 476, 493, 506, 510, 551, 567, 577, 581,
     587, 589, 593, 600, 606, 655, 657, 665, 669, 691, 716, 720, 726, 748,
     757, 783, 793, 804, 832, 847, 864, 876, 885, 887, 896, 902, 910, 913,
     916, 920, 942, 950, 971, 980, 991, 999, 1009, 1012, 1017, 1028, 1039,
     1045, 1056, 1061, 1065, 1075, 1087, 1093, 1104, 1110, 1117, 1121, 1131,
     1137, 1162, 1169, 1185, 1194, 1195, 1201, 1209, 1216, 1223, 1229, 1250,
     1254, 1261, 1264, 1273, 1285, 1296, 1308, 1314, 1332, 1339, 1344, 1361,
     1368, 1382, 1401, 1420, 1423, 1435, 1462, 1466, 1483, 1504, 1530, 1534,
     1540, 1545, 1558, 1561, 1572, 1590, 1601, 1602, 1647, 1657, 1702, 1742,
     1743, 1748, 1753, 1760, 1764, 1786, 1807, 1808, 1821, 1823, 1832, 1840,
     1848, 1869, 1890, 1915, 1965, 2002, 2019, 2027, 2040, 2042, 2045, 2047,
     2059, 2061, 2072, 2075, 2077, 2081, 2090, 2095, 2118, 2120, 2128, 2129,
     2155, 2165, 2179, 2189, 2200, 2213, 2233, 2239, 2249, 2251, 2255, 2263,
     2270, 2315, 2318, 2323, 2325, 2339, 2347, 2354, 2381, 2390, 2412, 2427,
     2433, 2435, 2439, 2452, 2454, 2500, 2515, 2521, 2530, 2544, 2573, 2585,
     2597, 2605, 2614, 2624, 2629, 2656, 2659, 2668, 2670, 2678, 2679, 2684,
     2688, 2693, 2709, 2726, 2732, 2748, 2765, 2783, 2789, 2796, 2815, 2816
[ 4] 32, 71, 100, 157, 185, 187, 209, 257, 270, 308, 325, 352, 356, 364, 367,
     376, 393, 409, 419, 428, 434, 439, 449, 452, 459, 475, 480, 484, 512,
     522, 525, 560, 571, 584, 598, 609, 612, 622, 632, 641, 649, 660, 673,
     700, 704, 712, 718, 736, 745, 752, 774, 778, 794, 810, 815, 818, 821,
     850, 852, 892, 927, 944, 963, 982, 990, 1006, 1020, 1024, 1041, 1052,
     1070, 1144, 1160, 1188, 1199, 1219, 1226, 1258, 1267, 1268, 1281, 1293,
     1312, 1317, 1322, 1325, 1334, 1346, 1353, 1369, 1375, 1385, 1407, 1412,
     1415, 1425, 1437, 1445, 1449, 1464, 1481, 1553, 1564, 1567, 1580, 1583,
     1592, 1594, 1615, 1621, 1653, 1680, 1686, 1701, 1705, 1711, 1737, 1756,
     1768, 1813, 1835, 1850, 1868, 1881, 1889, 1894, 1901, 1903, 1906, 1911,
     1919, 1926, 1929, 1931, 1933, 1951, 1955, 1960, 1973, 1988, 1994, 1997,
     2016, 2024, 2032, 2038, 2056, 2084, 2113, 2123, 2143, 2159, 2169, 2181,
     2185, 2192, 2217, 2228, 2235, 2242, 2266, 2276, 2282, 2295, 2299, 2306,
     2327, 2331, 2343, 2356, 2359, 2362, 2365, 2369, 2383, 2397, 2404, 2409,
     2423, 2424, 2428, 2431, 2460, 2466, 2469, 2488, 2491, 2509, 2548, 2552,
     2555, 2563, 2566, 2593, 2601, 2603, 2636, 2652, 2654, 2700, 2703, 2707,
     2721, 2741, 2781, 2805, 2806, 2811
[ 5] 7, 25, 66, 72, 115, 120, 126, 131, 138, 153, 168, 208, 239, 272, 279,
     288, 297, 318, 332, 340, 345, 361, 363, 369, 374, 388, 392, 397, 402,
     424, 433, 438, 444, 491, 499, 501, 505, 543, 546, 554, 578, 585, 588,
     615, 618, 636, 640, 666, 667, 676, 681, 685, 694, 697, 713, 722, 729,
     742, 788, 801, 807, 808, 813, 824, 836, 853, 856, 867, 868, 871, 872,
     929, 937, 939, 949, 960, 970, 976, 992, 1015, 1035, 1066, 1112, 1113,
     1123, 1150, 1176, 1191, 1214, 1222, 1247, 1289, 1304, 1306, 1319, 1326,
     1337, 1359, 1367, 1376, 1391, 1419, 1427, 1428, 1459, 1471, 1506, 1514,
     1526, 1528, 1535, 1537, 1575, 1605, 1626, 1629, 1674, 1700, 1708, 1710,
     1718, 1721, 1724, 1750, 1759, 1763, 1779, 1784, 1785, 1809, 1826, 1838,
     1876, 1897, 1916, 1962, 1970, 1998, 2046, 2065, 2071, 2104, 2108, 2132,
     2134, 2142, 2187, 2215, 2224, 2244, 2245, 2267, 2269, 2297, 2303, 2314,
     2316, 2332, 2346, 2349, 2357, 2363, 2371, 2394, 2416, 2429, 2444, 2470,
     2473, 2514, 2528, 2535, 2561, 2564, 2669, 2681, 2695, 2704, 2706, 2775,
     2776, 2793
[ 6] 1, 48, 59, 63, 98, 107, 172, 184, 219, 226, 228, 254, 256, 266, 290, 331,
     351, 394, 458, 479, 481, 488, 539, 548, 559, 565, 582, 619, 635, 648,
     672, 675, 680, 688, 703, 731, 734, 762, 765, 769, 773, 777, 787, 827,
     933, 938, 957, 974, 981, 988, 1001, 1005, 1031, 1053, 1098, 1126, 1129,
     1135, 1155, 1156, 1165, 1175, 1180, 1197, 1218, 1277, 1288, 1291, 1298,
     1301, 1315, 1318, 1345, 1355, 1358, 1384, 1410, 1414, 1429, 1440, 1443,
     1448, 1455, 1458, 1480, 1512, 1518, 1549, 1560, 1568, 1585, 1591, 1614,
     1638, 1641, 1650, 1652, 1654, 1683, 1685, 1688, 1696, 1716, 1726, 1754,
     1790, 1827, 1874, 1893, 1913, 1923, 1924, 1927, 1950, 1954, 1967, 1987,
     2007, 2031, 2036, 2055, 2067, 2102, 2110, 2112, 2131, 2148, 2152, 2168,
     2176, 2184, 2191, 2260, 2273, 2281, 2302, 2330, 2361, 2367, 2386, 2401,
     2417, 2422, 2430, 2441, 2484, 2487, 2496, 2503, 2507, 2565, 2579, 2582,
     2588, 2611, 2620, 2641, 2651, 2673, 2697, 2713, 2744, 2754, 2758, 2769,
     2779, 2787, 2799, 2809
[ 7] 9, 12, 16, 41, 74, 130, 146, 210, 262, 274, 281, 289, 298, 311, 330, 347,
     357, 378, 387, 403, 453, 498, 518, 566, 580, 605, 608, 628, 631, 645,
     662, 710, 728, 730, 751, 797, 812, 829, 838, 884, 890, 900, 903, 922,
     948, 965, 1016, 1034, 1060, 1069, 1100, 1109, 1111, 1136, 1203, 1207,
     1243, 1262, 1270, 1276, 1282, 1310, 1343, 1430, 1472, 1476, 1493, 1536,
     1539, 1559, 1571, 1623, 1632, 1651, 1675, 1691, 1707, 1719, 1783, 1799,
     1801, 1805, 1816, 1831, 1843, 1875, 1912, 1917, 1935, 1990, 2034, 2053,
     2060, 2073, 2188, 2193, 2219, 2226, 2243, 2253, 2268, 2308, 2353, 2373,
     2382, 2396, 2432, 2438, 2447, 2450, 2456, 2459, 2462, 2517, 2524, 2549,
     2569, 2618, 2687, 2727, 2734, 2753, 2757, 2772, 2778, 2788, 2813
[ 8] 26, 46, 49, 53, 117, 191, 265, 303, 381, 426, 435, 440, 456, 461, 471,
     487, 616, 696, 699, 708, 724, 789, 940, 962, 995, 998, 1103, 1146, 1151,
     1187, 1351, 1381, 1467, 1694, 1717, 1725, 1762, 1774, 1792, 1796, 1860,
     1872, 1899, 1964, 2011, 2127, 2154, 2178, 2272, 2287, 2292, 2311, 2398,
     2479, 2483, 2511, 2576, 2626, 2738
[ 9] 29, 149, 214, 260, 342, 420, 430, 483, 495, 509, 521, 537, 562, 656, 717,
     741, 744, 779, 843, 861, 866, 952, 969, 1127, 1159, 1183, 1192, 1336,
     1360, 1394, 1406, 1508, 1563, 1620, 1673, 1715, 1810, 1849, 1909, 1921,
     1937, 1972, 1996, 2005, 2164, 2234, 2283, 2324, 2421, 2505, 2527, 2537,
     2598, 2607, 2702, 2716, 2750
[10] 128, 301, 354, 416, 738, 826, 967, 1037, 1426, 1556, 1599, 1660, 1746,
     1846, 1883, 2093, 2167, 2212, 2247, 2411, 2759
[11] 97, 202, 235, 350, 414, 504, 1233, 1616, 1758, 1788, 1940, 2017, 2105,
     2370, 2643, 2720

Reassigned labels

Runtime: 5.227065801620483

Performance split_log:

IM without threshold:
Map:
{"D_0": "D", "D_1": "D", "D_2": "D", "D_3": "D", "D_4": "D", "D_5": "D", "D_6": "D", "D_7": "D", "D_8": "D", "D_9": "D", "D_10": "D", "D_11": "D"}
token_fitness
{"perc_fit_traces": 17.7, "average_trace_fitness": 0.946739327307963, "log_fitness": 0.9488055948451988, "percentage_of_fitting_traces": 17.7}
precision
0.613929127542113
0.6326530612244898
generalization
0.9250609286663641

Adjusted Rand Index:
0.1698802454059833



Parameters of this run:

Window size: 1
Threshold for edges: 1
Split candidates: D
Max number of traces: 5000000
Method for distance calculation: Distance.SET_DISTANCE
Method for finding clusters: ClusteringMethod.COMMUNITY_DETECTION
Original log location: ./data/noImprInLoop_default_OD\feb17-0936\logs\H_1_LogD_Sequence_feb17-0936.xes.gz
Use frequency: True

Found communities: 

Clustering with 2819 elements and 12 clusters
[ 0] 2, 4, 8, 11, 13, 20, 22, 23, 31, 33, 34, 37, 40, 45, 47, 50, 55, 58, 62,
     64, 65, 69, 75, 78, 80, 81, 84, 86, 87, 89, 92, 96, 102, 104, 105, 108,
     110, 112, 113, 119, 121, 123, 124, 135, 137, 139, 144, 148, 156, 158,
     161, 162, 165, 169, 171, 173, 176, 178, 181, 182, 188, 189, 193, 196,
     206, 207, 212, 216, 218, 221, 222, 224, 227, 229, 230, 232, 233, 237,
     240, 242, 243, 246, 251, 264, 267, 269, 277, 286, 293, 295, 305, 309,
     315, 321, 324, 328, 335, 349, 362, 370, 372, 377, 380, 385, 390, 391,
     395, 396, 398, 400, 405, 407, 410, 411, 413, 422, 425, 432, 437, 441,
     445, 448, 451, 457, 460, 462, 465, 468, 469, 473, 485, 489, 494, 502,
     511, 513, 514, 517, 520, 523, 527, 530, 531, 534, 535, 542, 544, 549,
     553, 558, 568, 572, 574, 575, 583, 586, 590, 591, 594, 595, 597, 602,
     603, 607, 610, 613, 621, 624, 626, 633, 638, 639, 643, 644, 647, 651,
     654, 658, 664, 668, 670, 679, 682, 687, 689, 701, 707, 715, 723, 725,
     735, 746, 749, 753, 755, 760, 766, 767, 771, 775, 781, 784, 785, 792,
     799, 809, 811, 816, 817, 819, 822, 823, 825, 833, 834, 841, 842, 844,
     848, 855, 859, 860, 863, 869, 873, 877, 879, 880, 882, 883, 886, 888,
     889, 893, 894, 897, 898, 905, 908, 911, 914, 915, 917, 918, 923, 928,
     934, 947, 951, 954, 958, 961, 964, 975, 977, 983, 986, 987, 989, 994,
     996, 1000, 1003, 1007, 1013, 1021, 1022, 1025, 1027, 1029, 1030, 1033,
     1038, 1042, 1043, 1046, 1048, 1049, 1051, 1057, 1058, 1062, 1067, 1074,
     1078, 1079, 1082, 1083, 1085, 1088, 1089, 1092, 1096, 1105, 1107, 1108,
     1114, 1118, 1120, 1124, 1132, 1138, 1141, 1142, 1145, 1147, 1152, 1163,
     1164, 1167, 1170, 1171, 1174, 1179, 1181, 1189, 1202, 1204, 1208, 1211,
     1212, 1220, 1228, 1230, 1235, 1237, 1238, 1241, 1245, 1248, 1253, 1257,
     1266, 1271, 1274, 1280, 1283, 1286, 1287, 1292, 1295, 1299, 1302, 1305,
     1307, 1309, 1316, 1327, 1329, 1335, 1341, 1349, 1350, 1357, 1363, 1365,
     1366, 1370, 1372, 1373, 1379, 1380, 1389, 1390, 1396, 1398, 1399, 1402,
     1403, 1405, 1408, 1416, 1421, 1432, 1434, 1438, 1441, 1446, 1450, 1453,
     1454, 1456, 1457, 1469, 1474, 1478, 1485, 1486, 1488, 1491, 1495, 1497,
     1498, 1501, 1503, 1519, 1521, 1524, 1527, 1529, 1531, 1532, 1541, 1543,
     1546, 1548, 1551, 1552, 1554, 1565, 1569, 1577, 1578, 1581, 1587, 1589,
     1593, 1595, 1596, 1598, 1600, 1603, 1604, 1606, 1609, 1610, 1612, 1618,
     1625, 1630, 1633, 1636, 1640, 1642, 1646, 1649, 1656, 1662, 1664, 1667,
     1669, 1671, 1677, 1679, 1689, 1692, 1697, 1704, 1706, 1714, 1722, 1730,
     1731, 1733, 1734, 1738, 1741, 1744, 1751, 1761, 1766, 1769, 1771, 1772,
     1775, 1781, 1795, 1798, 1802, 1811, 1814, 1815, 1818, 1822, 1825, 1829,
     1830, 1833, 1839, 1841, 1844, 1851, 1854, 1855, 1857, 1858, 1864, 1865,
     1870, 1871, 1878, 1879, 1884, 1888, 1891, 1904, 1907, 1914, 1922, 1932,
     1934, 1939, 1942, 1944, 1945, 1948, 1958, 1963, 1969, 1971, 1974, 1977,
     1978, 1981, 1982, 1984, 1985, 1999, 2003, 2009, 2010, 2015, 2018, 2021,
     2022, 2029, 2033, 2037, 2041, 2044, 2048, 2051, 2052, 2057, 2064, 2066,
     2068, 2069, 2079, 2082, 2085, 2086, 2089, 2091, 2092, 2097, 2099, 2100,
     2107, 2109, 2111, 2116, 2117, 2119, 2121, 2122, 2124, 2125, 2130, 2137,
     2140, 2146, 2150, 2153, 2158, 2161, 2162, 2166, 2172, 2175, 2177, 2180,
     2182, 2195, 2197, 2198, 2201, 2202, 2205, 2207, 2208, 2210, 2216, 2221,
     2223, 2230, 2232, 2236, 2238, 2241, 2246, 2248, 2252, 2257, 2258, 2261,
     2264, 2271, 2277, 2278, 2284, 2288, 2291, 2294, 2296, 2300, 2301, 2305,
     2310, 2312, 2320, 2326, 2329, 2333, 2335, 2337, 2338, 2340, 2341, 2344,
     2351, 2355, 2360, 2364, 2375, 2378, 2380, 2387, 2389, 2392, 2400, 2402,
     2405, 2406, 2413, 2415, 2419, 2420, 2425, 2434, 2436, 2437, 2451, 2458,
     2464, 2467, 2468, 2476, 2477, 2481, 2486, 2489, 2490, 2492, 2494, 2495,
     2498, 2501, 2508, 2510, 2513, 2519, 2522, 2523, 2525, 2532, 2541, 2543,
     2546, 2551, 2553, 2554, 2557, 2559, 2562, 2567, 2571, 2574, 2578, 2580,
     2586, 2587, 2592, 2596, 2599, 2604, 2606, 2610, 2613, 2616, 2619, 2623,
     2630, 2633, 2634, 2637, 2639, 2642, 2644, 2647, 2648, 2655, 2657, 2658,
     2661, 2663, 2664, 2667, 2671, 2675, 2682, 2685, 2692, 2696, 2698, 2701,
     2710, 2712, 2714, 2717, 2725, 2729, 2731, 2736, 2742, 2746, 2749, 2755,
     2761, 2764, 2766, 2767, 2771, 2777, 2782, 2785, 2790, 2798, 2802, 2808,
     2812, 2814, 2817, 2818
[ 1] 3, 17, 19, 21, 24, 27, 30, 35, 39, 42, 44, 54, 57, 60, 67, 68, 76, 77,
     88, 91, 95, 99, 103, 106, 109, 111, 114, 118, 122, 125, 129, 133, 141,
     143, 147, 151, 154, 155, 164, 174, 177, 180, 192, 195, 199, 203, 205,
     211, 215, 217, 223, 225, 231, 241, 245, 248, 253, 258, 261, 268, 271,
     276, 280, 282, 285, 287, 292, 294, 296, 299, 302, 304, 307, 312, 314,
     317, 320, 323, 327, 334, 337, 339, 343, 346, 355, 358, 366, 371, 375,
     383, 384, 389, 404, 412, 415, 417, 418, 421, 427, 436, 447, 450, 454,
     463, 464, 467, 472, 474, 477, 482, 492, 496, 507, 516, 519, 524, 526,
     529, 533, 538, 541, 545, 550, 552, 555, 557, 563, 564, 570, 573, 576,
     579, 596, 599, 601, 611, 614, 617, 620, 623, 625, 629, 637, 642, 646,
     650, 653, 659, 663, 671, 678, 684, 686, 690, 693, 705, 706, 709, 711,
     714, 719, 721, 732, 739, 750, 754, 756, 759, 763, 770, 776, 780, 790,
     791, 795, 798, 800, 803, 806, 830, 835, 839, 840, 845, 849, 854, 857,
     858, 862, 865, 870, 875, 878, 881, 891, 901, 904, 907, 919, 924, 926,
     930, 932, 936, 941, 943, 946, 953, 956, 966, 968, 972, 979, 985, 993,
     997, 1002, 1010, 1014, 1018, 1026, 1032, 1047, 1050, 1054, 1064, 1071,
     1073, 1077, 1081, 1084, 1091, 1095, 1099, 1101, 1106, 1116, 1119, 1125,
     1128, 1130, 1134, 1140, 1148, 1149, 1153, 1154, 1157, 1161, 1166, 1173,
     1177, 1178, 1182, 1184, 1190, 1193, 1196, 1198, 1200, 1205, 1210, 1213,
     1217, 1225, 1227, 1231, 1234, 1236, 1240, 1244, 1249, 1252, 1256, 1260,
     1263, 1265, 1269, 1272, 1278, 1279, 1284, 1294, 1297, 1300, 1311, 1313,
     1321, 1324, 1328, 1331, 1333, 1340, 1348, 1352, 1356, 1362, 1364, 1371,
     1378, 1383, 1386, 1388, 1392, 1395, 1397, 1404, 1411, 1418, 1422, 1424,
     1431, 1433, 1442, 1444, 1452, 1461, 1463, 1465, 1468, 1470, 1473, 1477,
     1479, 1482, 1484, 1487, 1490, 1494, 1496, 1500, 1502, 1505, 1509, 1511,
     1515, 1517, 1520, 1523, 1542, 1544, 1547, 1550, 1557, 1562, 1566, 1570,
     1574, 1576, 1579, 1582, 1586, 1588, 1597, 1608, 1611, 1613, 1617, 1624,
     1627, 1634, 1635, 1639, 1643, 1645, 1648, 1655, 1658, 1661, 1663, 1666,
     1668, 1670, 1676, 1678, 1682, 1687, 1693, 1695, 1698, 1703, 1713, 1720,
     1723, 1727, 1729, 1732, 1736, 1740, 1747, 1752, 1755, 1765, 1770, 1776,
     1778, 1780, 1789, 1793, 1794, 1797, 1800, 1803, 1806, 1812, 1817, 1820,
     1824, 1828, 1836, 1845, 1847, 1853, 1856, 1861, 1863, 1867, 1873, 1877,
     1880, 1885, 1887, 1892, 1896, 1900, 1910, 1918, 1925, 1928, 1936, 1938,
     1941, 1943, 1947, 1952, 1957, 1961, 1966, 1968, 1976, 1980, 1983, 1986,
     1991, 1993, 2001, 2006, 2008, 2012, 2014, 2020, 2023, 2026, 2028, 2035,
     2039, 2043, 2050, 2054, 2058, 2062, 2063, 2074, 2076, 2078, 2080, 2088,
     2094, 2096, 2098, 2101, 2103, 2106, 2115, 2133, 2136, 2139, 2145, 2149,
     2157, 2160, 2171, 2174, 2183, 2186, 2190, 2194, 2196, 2204, 2206, 2209,
     2218, 2220, 2222, 2225, 2227, 2229, 2231, 2237, 2240, 2250, 2254, 2256,
     2259, 2262, 2274, 2280, 2285, 2289, 2290, 2293, 2298, 2304, 2309, 2313,
     2317, 2319, 2322, 2328, 2334, 2336, 2348, 2350, 2366, 2368, 2374, 2377,
     2379, 2385, 2388, 2391, 2393, 2399, 2408, 2414, 2418, 2426, 2442, 2445,
     2448, 2455, 2457, 2463, 2472, 2475, 2480, 2485, 2493, 2497, 2504, 2506,
     2512, 2518, 2526, 2531, 2534, 2538, 2540, 2542, 2545, 2547, 2550, 2556,
     2558, 2570, 2572, 2577, 2581, 2583, 2589, 2591, 2595, 2600, 2602, 2608,
     2609, 2612, 2615, 2622, 2627, 2632, 2635, 2638, 2645, 2646, 2650, 2660,
     2662, 2666, 2674, 2677, 2680, 2689, 2691, 2699, 2705, 2708, 2711, 2715,
     2718, 2722, 2724, 2728, 2730, 2735, 2739, 2740, 2745, 2751, 2760, 2763,
     2770, 2773, 2774, 2780, 2784, 2786, 2792, 2795, 2797, 2800, 2801, 2804,
     2807, 2810
[ 2] 0, 6, 15, 18, 52, 56, 73, 82, 93, 116, 127, 132, 140, 145, 152, 159, 163,
     167, 179, 183, 186, 190, 194, 198, 201, 213, 234, 238, 244, 247, 252,
     255, 259, 273, 278, 284, 306, 310, 316, 319, 322, 326, 336, 341, 353,
     360, 365, 368, 373, 386, 408, 423, 429, 443, 446, 470, 478, 486, 490,
     497, 500, 503, 508, 515, 528, 532, 536, 540, 547, 556, 561, 569, 592,
     604, 627, 630, 634, 652, 661, 674, 677, 683, 692, 695, 698, 702, 727,
     733, 737, 740, 743, 747, 758, 761, 764, 768, 772, 782, 786, 796, 802,
     805, 814, 820, 828, 831, 837, 846, 851, 874, 895, 899, 906, 909, 912,
     921, 925, 931, 935, 945, 955, 959, 973, 978, 984, 1004, 1008, 1011, 1019,
     1023, 1036, 1040, 1044, 1055, 1059, 1063, 1068, 1072, 1076, 1080, 1086,
     1090, 1094, 1097, 1102, 1115, 1122, 1133, 1139, 1143, 1158, 1168, 1172,
     1186, 1206, 1215, 1221, 1224, 1232, 1239, 1242, 1246, 1251, 1255, 1259,
     1275, 1290, 1303, 1320, 1323, 1330, 1338, 1342, 1347, 1354, 1374, 1377,
     1387, 1393, 1400, 1409, 1413, 1417, 1436, 1439, 1447, 1451, 1460, 1475,
     1489, 1492, 1499, 1507, 1510, 1513, 1516, 1522, 1525, 1533, 1538, 1555,
     1573, 1584, 1607, 1619, 1622, 1628, 1631, 1637, 1644, 1659, 1665, 1672,
     1681, 1684, 1690, 1699, 1709, 1712, 1728, 1735, 1739, 1745, 1749, 1757,
     1767, 1773, 1777, 1782, 1787, 1791, 1804, 1819, 1834, 1837, 1842, 1852,
     1859, 1862, 1866, 1882, 1886, 1895, 1898, 1902, 1905, 1908, 1920, 1930,
     1946, 1949, 1953, 1956, 1959, 1975, 1979, 1989, 1992, 1995, 2000, 2004,
     2013, 2025, 2030, 2049, 2070, 2083, 2087, 2114, 2126, 2135, 2138, 2141,
     2144, 2147, 2151, 2156, 2163, 2170, 2173, 2199, 2203, 2211, 2214, 2265,
     2275, 2279, 2286, 2307, 2321, 2342, 2345, 2352, 2358, 2372, 2376, 2384,
     2395, 2403, 2407, 2410, 2440, 2443, 2446, 2449, 2453, 2461, 2465, 2471,
     2474, 2478, 2482, 2499, 2502, 2516, 2520, 2529, 2533, 2536, 2539, 2560,
     2568, 2575, 2584, 2590, 2594, 2617, 2621, 2625, 2628, 2631, 2640, 2649,
     2653, 2665, 2672, 2676, 2683, 2686, 2690, 2694, 2719, 2723, 2733, 2737,
     2743, 2747, 2752, 2756, 2762, 2768, 2791, 2794, 2803
[ 3] 5, 10, 14, 28, 36, 38, 43, 51, 61, 70, 79, 83, 85, 90, 94, 101, 134, 136,
     142, 150, 160, 166, 170, 175, 197, 200, 204, 220, 236, 249, 250, 263,
     275, 283, 291, 300, 313, 329, 333, 338, 344, 348, 359, 379, 382, 399,
     401, 406, 431, 442, 455, 466, 476, 493, 506, 510, 551, 567, 577, 581,
     587, 589, 593, 600, 606, 655, 657, 665, 669, 691, 716, 720, 726, 748,
     757, 783, 793, 804, 832, 847, 864, 876, 885, 887, 896, 902, 910, 913,
     916, 920, 942, 950, 971, 980, 991, 999, 1009, 1012, 1017, 1028, 1039,
     1045, 1056, 1061, 1065, 1075, 1087, 1093, 1104, 1110, 1117, 1121, 1131,
     1137, 1162, 1169, 1185, 1194, 1195, 1201, 1209, 1216, 1223, 1229, 1250,
     1254, 1261, 1264, 1273, 1285, 1296, 1308, 1314, 1332, 1339, 1344, 1361,
     1368, 1382, 1401, 1420, 1423, 1435, 1462, 1466, 1483, 1504, 1530, 1534,
     1540, 1545, 1558, 1561, 1572, 1590, 1601, 1602, 1647, 1657, 1702, 1742,
     1743, 1748, 1753, 1760, 1764, 1786, 1807, 1808, 1821, 1823, 1832, 1840,
     1848, 1869, 1890, 1915, 1965, 2002, 2019, 2027, 2040, 2042, 2045, 2047,
     2059, 2061, 2072, 2075, 2077, 2081, 2090, 2095, 2118, 2120, 2128, 2129,
     2155, 2165, 2179, 2189, 2200, 2213, 2233, 2239, 2249, 2251, 2255, 2263,
     2270, 2315, 2318, 2323, 2325, 2339, 2347, 2354, 2381, 2390, 2412, 2427,
     2433, 2435, 2439, 2452, 2454, 2500, 2515, 2521, 2530, 2544, 2573, 2585,
     2597, 2605, 2614, 2624, 2629, 2656, 2659, 2668, 2670, 2678, 2679, 2684,
     2688, 2693, 2709, 2726, 2732, 2748, 2765, 2783, 2789, 2796, 2815, 2816
[ 4] 32, 71, 100, 157, 185, 187, 209, 257, 270, 308, 325, 352, 356, 364, 367,
     376, 393, 409, 419, 428, 434, 439, 449, 452, 459, 475, 480, 484, 512,
     522, 525, 560, 571, 584, 598, 609, 612, 622, 632, 641, 649, 660, 673,
     700, 704, 712, 718, 736, 745, 752, 774, 778, 794, 810, 815, 818, 821,
     850, 852, 892, 927, 944, 963, 982, 990, 1006, 1020, 1024, 1041, 1052,
     1070, 1144, 1160, 1188, 1199, 1219, 1226, 1258, 1267, 1268, 1281, 1293,
     1312, 1317, 1322, 1325, 1334, 1346, 1353, 1369, 1375, 1385, 1407, 1412,
     1415, 1425, 1437, 1445, 1449, 1464, 1481, 1553, 1564, 1567, 1580, 1583,
     1592, 1594, 1615, 1621, 1653, 1680, 1686, 1701, 1705, 1711, 1737, 1756,
     1768, 1813, 1835, 1850, 1868, 1881, 1889, 1894, 1901, 1903, 1906, 1911,
     1919, 1926, 1929, 1931, 1933, 1951, 1955, 1960, 1973, 1988, 1994, 1997,
     2016, 2024, 2032, 2038, 2056, 2084, 2113, 2123, 2143, 2159, 2169, 2181,
     2185, 2192, 2217, 2228, 2235, 2242, 2266, 2276, 2282, 2295, 2299, 2306,
     2327, 2331, 2343, 2356, 2359, 2362, 2365, 2369, 2383, 2397, 2404, 2409,
     2423, 2424, 2428, 2431, 2460, 2466, 2469, 2488, 2491, 2509, 2548, 2552,
     2555, 2563, 2566, 2593, 2601, 2603, 2636, 2652, 2654, 2700, 2703, 2707,
     2721, 2741, 2781, 2805, 2806, 2811
[ 5] 7, 25, 66, 72, 115, 120, 126, 131, 138, 153, 168, 208, 239, 272, 279,
     288, 297, 318, 332, 340, 345, 361, 363, 369, 374, 388, 392, 397, 402,
     424, 433, 438, 444, 491, 499, 501, 505, 543, 546, 554, 578, 585, 588,
     615, 618, 636, 640, 666, 667, 676, 681, 685, 694, 697, 713, 722, 729,
     742, 788, 801, 807, 808, 813, 824, 836, 853, 856, 867, 868, 871, 872,
     929, 937, 939, 949, 960, 970, 976, 992, 1015, 1035, 1066, 1112, 1113,
     1123, 1150, 1176, 1191, 1214, 1222, 1247, 1289, 1304, 1306, 1319, 1326,
     1337, 1359, 1367, 1376, 1391, 1419, 1427, 1428, 1459, 1471, 1506, 1514,
     1526, 1528, 1535, 1537, 1575, 1605, 1626, 1629, 1674, 1700, 1708, 1710,
     1718, 1721, 1724, 1750, 1759, 1763, 1779, 1784, 1785, 1809, 1826, 1838,
     1876, 1897, 1916, 1962, 1970, 1998, 2046, 2065, 2071, 2104, 2108, 2132,
     2134, 2142, 2187, 2215, 2224, 2244, 2245, 2267, 2269, 2297, 2303, 2314,
     2316, 2332, 2346, 2349, 2357, 2363, 2371, 2394, 2416, 2429, 2444, 2470,
     2473, 2514, 2528, 2535, 2561, 2564, 2669, 2681, 2695, 2704, 2706, 2775,
     2776, 2793
[ 6] 1, 48, 59, 63, 98, 107, 172, 184, 219, 226, 228, 254, 256, 266, 290, 331,
     351, 394, 458, 479, 481, 488, 539, 548, 559, 565, 582, 619, 635, 648,
     672, 675, 680, 688, 703, 731, 734, 762, 765, 769, 773, 777, 787, 827,
     933, 938, 957, 974, 981, 988, 1001, 1005, 1031, 1053, 1098, 1126, 1129,
     1135, 1155, 1156, 1165, 1175, 1180, 1197, 1218, 1277, 1288, 1291, 1298,
     1301, 1315, 1318, 1345, 1355, 1358, 1384, 1410, 1414, 1429, 1440, 1443,
     1448, 1455, 1458, 1480, 1512, 1518, 1549, 1560, 1568, 1585, 1591, 1614,
     1638, 1641, 1650, 1652, 1654, 1683, 1685, 1688, 1696, 1716, 1726, 1754,
     1790, 1827, 1874, 1893, 1913, 1923, 1924, 1927, 1950, 1954, 1967, 1987,
     2007, 2031, 2036, 2055, 2067, 2102, 2110, 2112, 2131, 2148, 2152, 2168,
     2176, 2184, 2191, 2260, 2273, 2281, 2302, 2330, 2361, 2367, 2386, 2401,
     2417, 2422, 2430, 2441, 2484, 2487, 2496, 2503, 2507, 2565, 2579, 2582,
     2588, 2611, 2620, 2641, 2651, 2673, 2697, 2713, 2744, 2754, 2758, 2769,
     2779, 2787, 2799, 2809
[ 7] 9, 12, 16, 41, 74, 130, 146, 210, 262, 274, 281, 289, 298, 311, 330, 347,
     357, 378, 387, 403, 453, 498, 518, 566, 580, 605, 608, 628, 631, 645,
     662, 710, 728, 730, 751, 797, 812, 829, 838, 884, 890, 900, 903, 922,
     948, 965, 1016, 1034, 1060, 1069, 1100, 1109, 1111, 1136, 1203, 1207,
     1243, 1262, 1270, 1276, 1282, 1310, 1343, 1430, 1472, 1476, 1493, 1536,
     1539, 1559, 1571, 1623, 1632, 1651, 1675, 1691, 1707, 1719, 1783, 1799,
     1801, 1805, 1816, 1831, 1843, 1875, 1912, 1917, 1935, 1990, 2034, 2053,
     2060, 2073, 2188, 2193, 2219, 2226, 2243, 2253, 2268, 2308, 2353, 2373,
     2382, 2396, 2432, 2438, 2447, 2450, 2456, 2459, 2462, 2517, 2524, 2549,
     2569, 2618, 2687, 2727, 2734, 2753, 2757, 2772, 2778, 2788, 2813
[ 8] 26, 46, 49, 53, 117, 191, 265, 303, 381, 426, 435, 440, 456, 461, 471,
     487, 616, 696, 699, 708, 724, 789, 940, 962, 995, 998, 1103, 1146, 1151,
     1187, 1351, 1381, 1467, 1694, 1717, 1725, 1762, 1774, 1792, 1796, 1860,
     1872, 1899, 1964, 2011, 2127, 2154, 2178, 2272, 2287, 2292, 2311, 2398,
     2479, 2483, 2511, 2576, 2626, 2738
[ 9] 29, 149, 214, 260, 342, 420, 430, 483, 495, 509, 521, 537, 562, 656, 717,
     741, 744, 779, 843, 861, 866, 952, 969, 1127, 1159, 1183, 1192, 1336,
     1360, 1394, 1406, 1508, 1563, 1620, 1673, 1715, 1810, 1849, 1909, 1921,
     1937, 1972, 1996, 2005, 2164, 2234, 2283, 2324, 2421, 2505, 2527, 2537,
     2598, 2607, 2702, 2716, 2750
[10] 128, 301, 354, 416, 738, 826, 967, 1037, 1426, 1556, 1599, 1660, 1746,
     1846, 1883, 2093, 2167, 2212, 2247, 2411, 2759
[11] 97, 202, 235, 350, 414, 504, 1233, 1616, 1758, 1788, 1940, 2017, 2105,
     2370, 2643, 2720

Reassigned labels

Runtime: 5.193570613861084

Performance split_log:

IM without threshold:
Map:
{"D_0": "D", "D_1": "D", "D_2": "D", "D_3": "D", "D_4": "D", "D_5": "D", "D_6": "D", "D_7": "D", "D_8": "D", "D_9": "D", "D_10": "D", "D_11": "D"}
token_fitness
{"perc_fit_traces": 17.7, "average_trace_fitness": 0.9459100964355643, "log_fitness": 0.9480503851091142, "percentage_of_fitting_traces": 17.7}
precision
0.613929127542113
0.6326530612244898
generalization
0.9219754928843678

Adjusted Rand Index:
0.1698802454059833



Parameters of this run:

Window size: 1
Threshold for edges: 0
Split candidates: D
Max number of traces: 5000000
Method for distance calculation: Distance.MULTISET_DISTANCE
Method for finding clusters: ClusteringMethod.COMMUNITY_DETECTION
Original log location: ./data/noImprInLoop_default_OD\feb17-0936\logs\H_1_LogD_Sequence_feb17-0936.xes.gz
Use frequency: True

Found communities: 

Clustering with 2819 elements and 4 clusters
[0] 1, 5, 7, 9, 10, 12, 14, 16, 25, 26, 28, 29, 32, 36, 38, 41, 43, 46, 48,
    49, 51, 53, 59, 61, 63, 66, 70, 71, 72, 74, 79, 83, 85, 90, 94, 97, 98,
    100, 101, 107, 115, 117, 120, 126, 128, 130, 131, 134, 136, 138, 142, 146,
    149, 150, 153, 157, 160, 166, 168, 170, 172, 175, 184, 185, 187, 191, 197,
    200, 202, 204, 208, 209, 210, 214, 219, 220, 226, 228, 235, 236, 239, 249,
    250, 254, 256, 257, 260, 262, 263, 265, 266, 270, 272, 274, 275, 279, 281,
    283, 288, 289, 290, 291, 297, 298, 300, 301, 303, 308, 311, 313, 318, 325,
    329, 330, 331, 332, 333, 338, 340, 342, 344, 345, 347, 348, 350, 351, 352,
    354, 356, 357, 359, 361, 363, 364, 367, 369, 374, 376, 378, 379, 381, 382,
    387, 388, 392, 393, 394, 397, 399, 401, 402, 403, 406, 409, 414, 416, 419,
    420, 424, 426, 428, 430, 431, 433, 434, 435, 438, 439, 440, 442, 444, 449,
    452, 453, 455, 456, 458, 459, 461, 466, 471, 475, 476, 479, 480, 481, 483,
    484, 487, 488, 491, 493, 495, 498, 499, 501, 504, 505, 506, 509, 510, 512,
    518, 521, 522, 525, 537, 539, 543, 546, 548, 551, 554, 559, 560, 562, 565,
    566, 567, 571, 577, 578, 580, 581, 582, 584, 585, 587, 588, 589, 593, 598,
    600, 605, 606, 608, 609, 612, 615, 616, 618, 619, 622, 628, 631, 632, 635,
    636, 640, 641, 645, 648, 649, 655, 656, 657, 660, 662, 665, 666, 667, 669,
    672, 673, 675, 676, 680, 681, 685, 688, 691, 694, 696, 697, 699, 700, 703,
    704, 708, 710, 712, 713, 716, 717, 718, 720, 722, 724, 726, 728, 729, 730,
    731, 734, 736, 738, 741, 742, 744, 745, 748, 751, 752, 757, 762, 765, 769,
    773, 774, 777, 778, 779, 783, 787, 788, 789, 793, 794, 797, 801, 804, 807,
    808, 810, 812, 813, 815, 818, 821, 824, 826, 827, 829, 832, 836, 838, 843,
    847, 850, 852, 853, 856, 861, 864, 866, 867, 868, 871, 872, 876, 884, 885,
    887, 890, 892, 896, 900, 902, 903, 910, 913, 916, 920, 922, 927, 929, 933,
    937, 938, 939, 940, 942, 944, 948, 949, 950, 952, 957, 960, 962, 963, 965,
    967, 969, 970, 971, 974, 976, 980, 981, 982, 988, 990, 991, 992, 995, 998,
    999, 1001, 1005, 1006, 1009, 1012, 1015, 1016, 1017, 1020, 1024, 1028,
    1031, 1034, 1035, 1037, 1039, 1041, 1045, 1052, 1053, 1056, 1060, 1061,
    1065, 1066, 1069, 1070, 1075, 1087, 1093, 1098, 1100, 1103, 1104, 1109,
    1110, 1111, 1112, 1113, 1117, 1121, 1123, 1126, 1127, 1129, 1131, 1135,
    1136, 1137, 1144, 1146, 1150, 1151, 1155, 1156, 1159, 1160, 1162, 1165,
    1169, 1175, 1176, 1180, 1183, 1185, 1187, 1188, 1191, 1192, 1194, 1195,
    1197, 1199, 1201, 1203, 1207, 1209, 1214, 1216, 1218, 1219, 1222, 1223,
    1226, 1229, 1233, 1243, 1247, 1250, 1254, 1258, 1261, 1262, 1264, 1267,
    1268, 1270, 1273, 1276, 1277, 1281, 1282, 1285, 1288, 1289, 1291, 1293,
    1296, 1298, 1301, 1304, 1306, 1308, 1310, 1312, 1314, 1315, 1317, 1318,
    1319, 1322, 1325, 1326, 1332, 1334, 1336, 1337, 1339, 1343, 1344, 1345,
    1346, 1351, 1353, 1355, 1358, 1359, 1360, 1361, 1367, 1368, 1369, 1375,
    1376, 1381, 1382, 1384, 1385, 1391, 1394, 1401, 1406, 1407, 1410, 1412,
    1414, 1415, 1419, 1420, 1423, 1425, 1426, 1427, 1428, 1429, 1430, 1435,
    1437, 1440, 1443, 1445, 1448, 1449, 1455, 1458, 1459, 1462, 1464, 1466,
    1467, 1471, 1472, 1476, 1480, 1481, 1483, 1493, 1504, 1506, 1508, 1512,
    1514, 1518, 1526, 1528, 1530, 1534, 1535, 1536, 1537, 1539, 1540, 1545,
    1549, 1553, 1556, 1558, 1559, 1560, 1561, 1563, 1564, 1567, 1568, 1571,
    1572, 1575, 1580, 1583, 1585, 1590, 1591, 1592, 1594, 1599, 1601, 1602,
    1605, 1614, 1615, 1616, 1620, 1621, 1623, 1626, 1629, 1632, 1638, 1641,
    1647, 1650, 1651, 1652, 1653, 1654, 1657, 1660, 1673, 1674, 1675, 1680,
    1683, 1685, 1686, 1688, 1691, 1694, 1696, 1700, 1701, 1702, 1705, 1707,
    1708, 1710, 1711, 1715, 1716, 1717, 1718, 1719, 1721, 1724, 1725, 1726,
    1737, 1742, 1743, 1746, 1748, 1750, 1753, 1754, 1756, 1758, 1759, 1760,
    1762, 1763, 1764, 1768, 1774, 1779, 1783, 1784, 1785, 1786, 1788, 1790,
    1792, 1796, 1799, 1801, 1805, 1807, 1808, 1809, 1810, 1813, 1816, 1821,
    1823, 1826, 1827, 1831, 1832, 1835, 1838, 1840, 1843, 1846, 1848, 1849,
    1850, 1860, 1868, 1869, 1872, 1874, 1875, 1876, 1881, 1883, 1889, 1890,
    1893, 1894, 1897, 1899, 1901, 1903, 1906, 1909, 1911, 1912, 1913, 1915,
    1916, 1917, 1919, 1921, 1923, 1924, 1926, 1927, 1929, 1931, 1933, 1935,
    1937, 1940, 1950, 1951, 1954, 1955, 1960, 1962, 1964, 1965, 1967, 1970,
    1972, 1973, 1987, 1988, 1990, 1994, 1996, 1997, 1998, 2002, 2005, 2007,
    2011, 2016, 2017, 2019, 2024, 2027, 2031, 2032, 2034, 2036, 2038, 2040,
    2042, 2045, 2046, 2047, 2053, 2055, 2056, 2059, 2060, 2061, 2065, 2067,
    2071, 2072, 2073, 2075, 2077, 2081, 2084, 2090, 2093, 2095, 2102, 2104,
    2105, 2108, 2110, 2112, 2113, 2118, 2120, 2123, 2127, 2128, 2129, 2131,
    2132, 2134, 2142, 2143, 2148, 2152, 2154, 2155, 2159, 2164, 2165, 2167,
    2168, 2169, 2176, 2178, 2179, 2181, 2184, 2185, 2187, 2188, 2189, 2191,
    2192, 2193, 2200, 2212, 2213, 2215, 2217, 2219, 2224, 2226, 2228, 2233,
    2234, 2235, 2239, 2242, 2243, 2244, 2245, 2247, 2249, 2251, 2253, 2255,
    2260, 2263, 2266, 2267, 2268, 2269, 2270, 2272, 2273, 2276, 2281, 2282,
    2283, 2287, 2292, 2295, 2297, 2299, 2302, 2303, 2306, 2308, 2311, 2314,
    2315, 2316, 2318, 2323, 2324, 2325, 2327, 2330, 2331, 2332, 2339, 2343,
    2346, 2347, 2349, 2353, 2354, 2356, 2357, 2359, 2361, 2362, 2363, 2365,
    2367, 2369, 2370, 2371, 2373, 2381, 2382, 2383, 2386, 2390, 2394, 2396,
    2397, 2398, 2401, 2404, 2409, 2411, 2412, 2416, 2417, 2421, 2422, 2423,
    2424, 2427, 2428, 2429, 2430, 2431, 2432, 2433, 2435, 2438, 2439, 2441,
    2444, 2447, 2450, 2452, 2454, 2456, 2459, 2460, 2462, 2466, 2469, 2470,
    2473, 2479, 2483, 2484, 2487, 2488, 2491, 2496, 2500, 2503, 2505, 2507,
    2509, 2511, 2514, 2515, 2517, 2521, 2524, 2527, 2528, 2530, 2535, 2537,
    2544, 2548, 2549, 2552, 2555, 2561, 2563, 2564, 2565, 2566, 2569, 2573,
    2576, 2579, 2582, 2585, 2588, 2593, 2597, 2598, 2601, 2603, 2605, 2607,
    2611, 2614, 2618, 2620, 2624, 2626, 2629, 2636, 2641, 2643, 2651, 2652,
    2654, 2656, 2659, 2668, 2669, 2670, 2673, 2678, 2679, 2681, 2684, 2687,
    2688, 2693, 2695, 2697, 2700, 2702, 2703, 2704, 2706, 2707, 2709, 2713,
    2716, 2720, 2721, 2726, 2727, 2732, 2734, 2738, 2741, 2744, 2748, 2750,
    2753, 2754, 2757, 2758, 2759, 2765, 2769, 2772, 2775, 2776, 2778, 2779,
    2781, 2783, 2787, 2788, 2789, 2793, 2796, 2799, 2805, 2806, 2809, 2811,
    2813, 2815, 2816
[1] 2, 4, 8, 11, 13, 20, 22, 23, 31, 33, 34, 37, 40, 45, 47, 50, 55, 58, 62,
    64, 65, 69, 75, 78, 80, 81, 84, 86, 87, 89, 92, 96, 102, 104, 105, 108,
    110, 112, 113, 119, 121, 123, 124, 135, 137, 139, 144, 148, 156, 158, 161,
    162, 165, 169, 171, 173, 176, 178, 181, 182, 188, 189, 193, 196, 206, 207,
    212, 216, 218, 221, 222, 224, 227, 229, 230, 232, 233, 237, 240, 242, 243,
    246, 251, 264, 267, 269, 277, 286, 293, 295, 305, 309, 315, 321, 324, 328,
    335, 349, 362, 370, 372, 377, 380, 385, 390, 391, 395, 396, 398, 400, 405,
    407, 410, 411, 413, 422, 425, 432, 437, 441, 445, 448, 451, 457, 460, 462,
    465, 468, 469, 473, 485, 489, 494, 502, 511, 513, 514, 517, 520, 523, 527,
    530, 531, 534, 535, 542, 544, 549, 553, 558, 568, 572, 574, 575, 583, 586,
    590, 591, 594, 595, 597, 602, 603, 607, 610, 613, 621, 624, 626, 633, 638,
    639, 643, 644, 647, 651, 654, 658, 664, 668, 670, 679, 682, 687, 689, 701,
    707, 715, 723, 725, 735, 746, 749, 753, 755, 760, 766, 767, 771, 775, 781,
    784, 785, 792, 799, 809, 811, 816, 817, 819, 822, 823, 825, 833, 834, 841,
    842, 844, 848, 855, 859, 860, 863, 869, 873, 877, 879, 880, 882, 883, 886,
    888, 889, 893, 894, 897, 898, 905, 908, 911, 914, 915, 917, 918, 923, 928,
    934, 947, 951, 954, 958, 961, 964, 975, 977, 983, 986, 987, 989, 994, 996,
    1000, 1003, 1007, 1013, 1021, 1022, 1025, 1027, 1029, 1030, 1033, 1038,
    1042, 1043, 1046, 1048, 1049, 1051, 1057, 1058, 1062, 1067, 1074, 1078,
    1079, 1082, 1083, 1085, 1088, 1089, 1092, 1096, 1105, 1107, 1108, 1114,
    1118, 1120, 1124, 1132, 1138, 1141, 1142, 1145, 1147, 1152, 1163, 1164,
    1167, 1170, 1171, 1174, 1179, 1181, 1189, 1202, 1204, 1208, 1211, 1212,
    1220, 1228, 1230, 1235, 1237, 1238, 1241, 1245, 1248, 1253, 1257, 1266,
    1271, 1274, 1280, 1283, 1286, 1287, 1292, 1295, 1299, 1302, 1305, 1307,
    1309, 1316, 1327, 1329, 1335, 1341, 1349, 1350, 1357, 1363, 1365, 1366,
    1370, 1372, 1373, 1379, 1380, 1389, 1390, 1396, 1398, 1399, 1402, 1403,
    1405, 1408, 1416, 1421, 1432, 1434, 1438, 1441, 1446, 1450, 1453, 1454,
    1456, 1457, 1469, 1474, 1478, 1485, 1486, 1488, 1491, 1495, 1497, 1498,
    1501, 1503, 1519, 1521, 1524, 1527, 1529, 1531, 1532, 1541, 1543, 1546,
    1548, 1551, 1552, 1554, 1565, 1569, 1577, 1578, 1581, 1587, 1589, 1593,
    1595, 1596, 1598, 1600, 1603, 1604, 1606, 1609, 1610, 1612, 1618, 1625,
    1630, 1633, 1636, 1640, 1642, 1646, 1649, 1656, 1662, 1664, 1667, 1669,
    1671, 1677, 1679, 1689, 1692, 1697, 1704, 1706, 1714, 1722, 1730, 1731,
    1733, 1734, 1738, 1741, 1744, 1751, 1761, 1766, 1769, 1771, 1772, 1775,
    1781, 1795, 1798, 1802, 1811, 1814, 1815, 1818, 1822, 1825, 1829, 1830,
    1833, 1839, 1841, 1844, 1851, 1854, 1855, 1857, 1858, 1864, 1865, 1870,
    1871, 1878, 1879, 1884, 1888, 1891, 1904, 1907, 1914, 1922, 1932, 1934,
    1939, 1942, 1944, 1945, 1948, 1958, 1963, 1969, 1971, 1974, 1977, 1978,
    1981, 1982, 1984, 1985, 1999, 2003, 2009, 2010, 2015, 2018, 2021, 2022,
    2029, 2033, 2037, 2041, 2044, 2048, 2051, 2052, 2057, 2064, 2066, 2068,
    2069, 2079, 2082, 2085, 2086, 2089, 2091, 2092, 2097, 2099, 2100, 2107,
    2109, 2111, 2116, 2117, 2119, 2121, 2122, 2124, 2125, 2130, 2137, 2140,
    2146, 2150, 2153, 2158, 2161, 2162, 2166, 2172, 2175, 2177, 2180, 2182,
    2195, 2197, 2198, 2201, 2202, 2205, 2207, 2208, 2210, 2216, 2221, 2223,
    2230, 2232, 2236, 2238, 2241, 2246, 2248, 2252, 2257, 2258, 2261, 2264,
    2271, 2277, 2278, 2284, 2288, 2291, 2294, 2296, 2300, 2301, 2305, 2310,
    2312, 2320, 2326, 2329, 2333, 2335, 2337, 2338, 2340, 2341, 2344, 2351,
    2355, 2360, 2364, 2375, 2378, 2380, 2387, 2389, 2392, 2400, 2402, 2405,
    2406, 2413, 2415, 2419, 2420, 2425, 2434, 2436, 2437, 2451, 2458, 2464,
    2467, 2468, 2476, 2477, 2481, 2486, 2489, 2490, 2492, 2494, 2495, 2498,
    2501, 2508, 2510, 2513, 2519, 2522, 2523, 2525, 2532, 2541, 2543, 2546,
    2551, 2553, 2554, 2557, 2559, 2562, 2567, 2571, 2574, 2578, 2580, 2586,
    2587, 2592, 2596, 2599, 2604, 2606, 2610, 2613, 2616, 2619, 2623, 2630,
    2633, 2634, 2637, 2639, 2642, 2644, 2647, 2648, 2655, 2657, 2658, 2661,
    2663, 2664, 2667, 2671, 2675, 2682, 2685, 2692, 2696, 2698, 2701, 2710,
    2712, 2714, 2717, 2725, 2729, 2731, 2736, 2742, 2746, 2749, 2755, 2761,
    2764, 2766, 2767, 2771, 2777, 2782, 2785, 2790, 2798, 2802, 2808, 2812,
    2814, 2817, 2818
[2] 3, 17, 19, 21, 24, 27, 30, 35, 39, 42, 44, 54, 57, 60, 67, 68, 76, 77, 88,
    91, 95, 99, 103, 106, 109, 111, 114, 118, 122, 125, 129, 133, 141, 143,
    147, 151, 154, 155, 164, 174, 177, 180, 192, 195, 199, 203, 205, 211, 215,
    217, 223, 225, 231, 241, 245, 248, 253, 258, 261, 268, 271, 276, 280, 282,
    285, 287, 292, 294, 296, 299, 302, 304, 307, 312, 314, 317, 320, 323, 327,
    334, 337, 339, 343, 346, 355, 358, 366, 371, 375, 383, 384, 389, 404, 412,
    415, 417, 418, 421, 427, 436, 447, 450, 454, 463, 464, 467, 472, 474, 477,
    482, 492, 496, 507, 516, 519, 524, 526, 529, 533, 538, 541, 545, 550, 552,
    555, 557, 563, 564, 570, 573, 576, 579, 596, 599, 601, 611, 614, 617, 620,
    623, 625, 629, 637, 642, 646, 650, 653, 659, 663, 671, 678, 684, 686, 690,
    693, 705, 706, 709, 711, 714, 719, 721, 732, 739, 750, 754, 756, 759, 763,
    770, 776, 780, 790, 791, 795, 798, 800, 803, 806, 830, 835, 839, 840, 845,
    849, 854, 857, 858, 862, 865, 870, 875, 878, 881, 891, 901, 904, 907, 919,
    924, 926, 930, 932, 936, 941, 943, 946, 953, 956, 966, 968, 972, 979, 985,
    993, 997, 1002, 1010, 1014, 1018, 1026, 1032, 1047, 1050, 1054, 1064,
    1071, 1073, 1077, 1081, 1084, 1091, 1095, 1099, 1101, 1106, 1116, 1119,
    1125, 1128, 1130, 1134, 1140, 1148, 1149, 1153, 1154, 1157, 1161, 1166,
    1173, 1177, 1178, 1182, 1184, 1190, 1193, 1196, 1198, 1200, 1205, 1210,
    1213, 1217, 1225, 1227, 1231, 1234, 1236, 1240, 1244, 1249, 1252, 1256,
    1260, 1263, 1265, 1269, 1272, 1278, 1279, 1284, 1294, 1297, 1300, 1311,
    1313, 1321, 1324, 1328, 1331, 1333, 1340, 1348, 1352, 1356, 1362, 1364,
    1371, 1378, 1383, 1386, 1388, 1392, 1395, 1397, 1404, 1411, 1418, 1422,
    1424, 1431, 1433, 1442, 1444, 1452, 1461, 1463, 1465, 1468, 1470, 1473,
    1477, 1479, 1482, 1484, 1487, 1490, 1494, 1496, 1500, 1502, 1505, 1509,
    1511, 1515, 1517, 1520, 1523, 1542, 1544, 1547, 1550, 1557, 1562, 1566,
    1570, 1574, 1576, 1579, 1582, 1586, 1588, 1597, 1608, 1611, 1613, 1617,
    1624, 1627, 1634, 1635, 1639, 1643, 1645, 1648, 1655, 1658, 1661, 1663,
    1666, 1668, 1670, 1676, 1678, 1682, 1687, 1693, 1695, 1698, 1703, 1713,
    1720, 1723, 1727, 1729, 1732, 1736, 1740, 1747, 1752, 1755, 1765, 1770,
    1776, 1778, 1780, 1789, 1793, 1794, 1797, 1800, 1803, 1806, 1812, 1817,
    1820, 1824, 1828, 1836, 1845, 1847, 1853, 1856, 1861, 1863, 1867, 1873,
    1877, 1880, 1885, 1887, 1892, 1896, 1900, 1910, 1918, 1925, 1928, 1936,
    1938, 1941, 1943, 1947, 1952, 1957, 1961, 1966, 1968, 1976, 1980, 1983,
    1986, 1991, 1993, 2001, 2006, 2008, 2012, 2014, 2020, 2023, 2026, 2028,
    2035, 2039, 2043, 2050, 2054, 2058, 2062, 2063, 2074, 2076, 2078, 2080,
    2088, 2094, 2096, 2098, 2101, 2103, 2106, 2115, 2133, 2136, 2139, 2145,
    2149, 2157, 2160, 2171, 2174, 2183, 2186, 2190, 2194, 2196, 2204, 2206,
    2209, 2218, 2220, 2222, 2225, 2227, 2229, 2231, 2237, 2240, 2250, 2254,
    2256, 2259, 2262, 2274, 2280, 2285, 2289, 2290, 2293, 2298, 2304, 2309,
    2313, 2317, 2319, 2322, 2328, 2334, 2336, 2348, 2350, 2366, 2368, 2374,
    2377, 2379, 2385, 2388, 2391, 2393, 2399, 2408, 2414, 2418, 2426, 2442,
    2445, 2448, 2455, 2457, 2463, 2472, 2475, 2480, 2485, 2493, 2497, 2504,
    2506, 2512, 2518, 2526, 2531, 2534, 2538, 2540, 2542, 2545, 2547, 2550,
    2556, 2558, 2570, 2572, 2577, 2581, 2583, 2589, 2591, 2595, 2600, 2602,
    2608, 2609, 2612, 2615, 2622, 2627, 2632, 2635, 2638, 2645, 2646, 2650,
    2660, 2662, 2666, 2674, 2677, 2680, 2689, 2691, 2699, 2705, 2708, 2711,
    2715, 2718, 2722, 2724, 2728, 2730, 2735, 2739, 2740, 2745, 2751, 2760,
    2763, 2770, 2773, 2774, 2780, 2784, 2786, 2792, 2795, 2797, 2800, 2801,
    2804, 2807, 2810
[3] 0, 6, 15, 18, 52, 56, 73, 82, 93, 116, 127, 132, 140, 145, 152, 159, 163,
    167, 179, 183, 186, 190, 194, 198, 201, 213, 234, 238, 244, 247, 252, 255,
    259, 273, 278, 284, 306, 310, 316, 319, 322, 326, 336, 341, 353, 360, 365,
    368, 373, 386, 408, 423, 429, 443, 446, 470, 478, 486, 490, 497, 500, 503,
    508, 515, 528, 532, 536, 540, 547, 556, 561, 569, 592, 604, 627, 630, 634,
    652, 661, 674, 677, 683, 692, 695, 698, 702, 727, 733, 737, 740, 743, 747,
    758, 761, 764, 768, 772, 782, 786, 796, 802, 805, 814, 820, 828, 831, 837,
    846, 851, 874, 895, 899, 906, 909, 912, 921, 925, 931, 935, 945, 955, 959,
    973, 978, 984, 1004, 1008, 1011, 1019, 1023, 1036, 1040, 1044, 1055, 1059,
    1063, 1068, 1072, 1076, 1080, 1086, 1090, 1094, 1097, 1102, 1115, 1122,
    1133, 1139, 1143, 1158, 1168, 1172, 1186, 1206, 1215, 1221, 1224, 1232,
    1239, 1242, 1246, 1251, 1255, 1259, 1275, 1290, 1303, 1320, 1323, 1330,
    1338, 1342, 1347, 1354, 1374, 1377, 1387, 1393, 1400, 1409, 1413, 1417,
    1436, 1439, 1447, 1451, 1460, 1475, 1489, 1492, 1499, 1507, 1510, 1513,
    1516, 1522, 1525, 1533, 1538, 1555, 1573, 1584, 1607, 1619, 1622, 1628,
    1631, 1637, 1644, 1659, 1665, 1672, 1681, 1684, 1690, 1699, 1709, 1712,
    1728, 1735, 1739, 1745, 1749, 1757, 1767, 1773, 1777, 1782, 1787, 1791,
    1804, 1819, 1834, 1837, 1842, 1852, 1859, 1862, 1866, 1882, 1886, 1895,
    1898, 1902, 1905, 1908, 1920, 1930, 1946, 1949, 1953, 1956, 1959, 1975,
    1979, 1989, 1992, 1995, 2000, 2004, 2013, 2025, 2030, 2049, 2070, 2083,
    2087, 2114, 2126, 2135, 2138, 2141, 2144, 2147, 2151, 2156, 2163, 2170,
    2173, 2199, 2203, 2211, 2214, 2265, 2275, 2279, 2286, 2307, 2321, 2342,
    2345, 2352, 2358, 2372, 2376, 2384, 2395, 2403, 2407, 2410, 2440, 2443,
    2446, 2449, 2453, 2461, 2465, 2471, 2474, 2478, 2482, 2499, 2502, 2516,
    2520, 2529, 2533, 2536, 2539, 2560, 2568, 2575, 2584, 2590, 2594, 2617,
    2621, 2625, 2628, 2631, 2640, 2649, 2653, 2665, 2672, 2676, 2683, 2686,
    2690, 2694, 2719, 2723, 2733, 2737, 2743, 2747, 2752, 2756, 2762, 2768,
    2791, 2794, 2803

Reassigned labels

Runtime: 7.110956192016602

Performance split_log:

IM without threshold:
Map:
{"D_0": "D", "D_1": "D", "D_2": "D", "D_3": "D"}
token_fitness
{"perc_fit_traces": 0.0, "average_trace_fitness": 0.9457460617448172, "log_fitness": 0.945677932115644, "percentage_of_fitting_traces": 0.0}
precision
0.7231176130258699
0.64
generalization
0.6981715902615739

Adjusted Rand Index:
0.1680498229958695



Parameters of this run:

Window size: 1
Threshold for edges: 0.25
Split candidates: D
Max number of traces: 5000000
Method for distance calculation: Distance.MULTISET_DISTANCE
Method for finding clusters: ClusteringMethod.COMMUNITY_DETECTION
Original log location: ./data/noImprInLoop_default_OD\feb17-0936\logs\H_1_LogD_Sequence_feb17-0936.xes.gz
Use frequency: True

Found communities: 

Clustering with 2819 elements and 4 clusters
[0] 1, 5, 7, 9, 10, 12, 14, 16, 25, 26, 28, 29, 32, 36, 38, 41, 43, 46, 48,
    49, 51, 53, 59, 61, 63, 66, 70, 71, 72, 74, 79, 83, 85, 90, 94, 97, 98,
    100, 101, 107, 115, 117, 120, 126, 128, 130, 131, 134, 136, 138, 142, 146,
    149, 150, 153, 157, 160, 166, 168, 170, 172, 175, 184, 185, 187, 191, 197,
    200, 202, 204, 208, 209, 210, 214, 219, 220, 226, 228, 235, 236, 239, 249,
    250, 254, 256, 257, 260, 262, 263, 265, 266, 270, 272, 274, 275, 279, 281,
    283, 288, 289, 290, 291, 297, 298, 300, 301, 303, 308, 311, 313, 318, 325,
    329, 330, 331, 332, 333, 338, 340, 342, 344, 345, 347, 348, 350, 351, 352,
    354, 356, 357, 359, 361, 363, 364, 367, 369, 374, 376, 378, 379, 381, 382,
    387, 388, 392, 393, 394, 397, 399, 401, 402, 403, 406, 409, 414, 416, 419,
    420, 424, 426, 428, 430, 431, 433, 434, 435, 438, 439, 440, 442, 444, 449,
    452, 453, 455, 456, 458, 459, 461, 466, 471, 475, 476, 479, 480, 481, 483,
    484, 487, 488, 491, 493, 495, 498, 499, 501, 504, 505, 506, 509, 510, 512,
    518, 521, 522, 525, 537, 539, 543, 546, 548, 551, 554, 559, 560, 562, 565,
    566, 567, 571, 577, 578, 580, 581, 582, 584, 585, 587, 588, 589, 593, 598,
    600, 605, 606, 608, 609, 612, 615, 616, 618, 619, 622, 628, 631, 632, 635,
    636, 640, 641, 645, 648, 649, 655, 656, 657, 660, 662, 665, 666, 667, 669,
    672, 673, 675, 676, 680, 681, 685, 688, 691, 694, 696, 697, 699, 700, 703,
    704, 708, 710, 712, 713, 716, 717, 718, 720, 722, 724, 726, 728, 729, 730,
    731, 734, 736, 738, 741, 742, 744, 745, 748, 751, 752, 757, 762, 765, 769,
    773, 774, 777, 778, 779, 783, 787, 788, 789, 793, 794, 797, 801, 804, 807,
    808, 810, 812, 813, 815, 818, 821, 824, 826, 827, 829, 832, 836, 838, 843,
    847, 850, 852, 853, 856, 861, 864, 866, 867, 868, 871, 872, 876, 884, 885,
    887, 890, 892, 896, 900, 902, 903, 910, 913, 916, 920, 922, 927, 929, 933,
    937, 938, 939, 940, 942, 944, 948, 949, 950, 952, 957, 960, 962, 963, 965,
    967, 969, 970, 971, 974, 976, 980, 981, 982, 988, 990, 991, 992, 995, 998,
    999, 1001, 1005, 1006, 1009, 1012, 1015, 1016, 1017, 1020, 1024, 1028,
    1031, 1034, 1035, 1037, 1039, 1041, 1045, 1052, 1053, 1056, 1060, 1061,
    1065, 1066, 1069, 1070, 1075, 1087, 1093, 1098, 1100, 1103, 1104, 1109,
    1110, 1111, 1112, 1113, 1117, 1121, 1123, 1126, 1127, 1129, 1131, 1135,
    1136, 1137, 1144, 1146, 1150, 1151, 1155, 1156, 1159, 1160, 1162, 1165,
    1169, 1175, 1176, 1180, 1183, 1185, 1187, 1188, 1191, 1192, 1194, 1195,
    1197, 1199, 1201, 1203, 1207, 1209, 1214, 1216, 1218, 1219, 1222, 1223,
    1226, 1229, 1233, 1243, 1247, 1250, 1254, 1258, 1261, 1262, 1264, 1267,
    1268, 1270, 1273, 1276, 1277, 1281, 1282, 1285, 1288, 1289, 1291, 1293,
    1296, 1298, 1301, 1304, 1306, 1308, 1310, 1312, 1314, 1315, 1317, 1318,
    1319, 1322, 1325, 1326, 1332, 1334, 1336, 1337, 1339, 1343, 1344, 1345,
    1346, 1351, 1353, 1355, 1358, 1359, 1360, 1361, 1367, 1368, 1369, 1375,
    1376, 1381, 1382, 1384, 1385, 1391, 1394, 1401, 1406, 1407, 1410, 1412,
    1414, 1415, 1419, 1420, 1423, 1425, 1426, 1427, 1428, 1429, 1430, 1435,
    1437, 1440, 1443, 1445, 1448, 1449, 1455, 1458, 1459, 1462, 1464, 1466,
    1467, 1471, 1472, 1476, 1480, 1481, 1483, 1493, 1504, 1506, 1508, 1512,
    1514, 1518, 1526, 1528, 1530, 1534, 1535, 1536, 1537, 1539, 1540, 1545,
    1549, 1553, 1556, 1558, 1559, 1560, 1561, 1563, 1564, 1567, 1568, 1571,
    1572, 1575, 1580, 1583, 1585, 1590, 1591, 1592, 1594, 1599, 1601, 1602,
    1605, 1614, 1615, 1616, 1620, 1621, 1623, 1626, 1629, 1632, 1638, 1641,
    1647, 1650, 1651, 1652, 1653, 1654, 1657, 1660, 1673, 1674, 1675, 1680,
    1683, 1685, 1686, 1688, 1691, 1694, 1696, 1700, 1701, 1702, 1705, 1707,
    1708, 1710, 1711, 1715, 1716, 1717, 1718, 1719, 1721, 1724, 1725, 1726,
    1737, 1742, 1743, 1746, 1748, 1750, 1753, 1754, 1756, 1758, 1759, 1760,
    1762, 1763, 1764, 1768, 1774, 1779, 1783, 1784, 1785, 1786, 1788, 1790,
    1792, 1796, 1799, 1801, 1805, 1807, 1808, 1809, 1810, 1813, 1816, 1821,
    1823, 1826, 1827, 1831, 1832, 1835, 1838, 1840, 1843, 1846, 1848, 1849,
    1850, 1860, 1868, 1869, 1872, 1874, 1875, 1876, 1881, 1883, 1889, 1890,
    1893, 1894, 1897, 1899, 1901, 1903, 1906, 1909, 1911, 1912, 1913, 1915,
    1916, 1917, 1919, 1921, 1923, 1924, 1926, 1927, 1929, 1931, 1933, 1935,
    1937, 1940, 1950, 1951, 1954, 1955, 1960, 1962, 1964, 1965, 1967, 1970,
    1972, 1973, 1987, 1988, 1990, 1994, 1996, 1997, 1998, 2002, 2005, 2007,
    2011, 2016, 2017, 2019, 2024, 2027, 2031, 2032, 2034, 2036, 2038, 2040,
    2042, 2045, 2046, 2047, 2053, 2055, 2056, 2059, 2060, 2061, 2065, 2067,
    2071, 2072, 2073, 2075, 2077, 2081, 2084, 2090, 2093, 2095, 2102, 2104,
    2105, 2108, 2110, 2112, 2113, 2118, 2120, 2123, 2127, 2128, 2129, 2131,
    2132, 2134, 2142, 2143, 2148, 2152, 2154, 2155, 2159, 2164, 2165, 2167,
    2168, 2169, 2176, 2178, 2179, 2181, 2184, 2185, 2187, 2188, 2189, 2191,
    2192, 2193, 2200, 2212, 2213, 2215, 2217, 2219, 2224, 2226, 2228, 2233,
    2234, 2235, 2239, 2242, 2243, 2244, 2245, 2247, 2249, 2251, 2253, 2255,
    2260, 2263, 2266, 2267, 2268, 2269, 2270, 2272, 2273, 2276, 2281, 2282,
    2283, 2287, 2292, 2295, 2297, 2299, 2302, 2303, 2306, 2308, 2311, 2314,
    2315, 2316, 2318, 2323, 2324, 2325, 2327, 2330, 2331, 2332, 2339, 2343,
    2346, 2347, 2349, 2353, 2354, 2356, 2357, 2359, 2361, 2362, 2363, 2365,
    2367, 2369, 2370, 2371, 2373, 2381, 2382, 2383, 2386, 2390, 2394, 2396,
    2397, 2398, 2401, 2404, 2409, 2411, 2412, 2416, 2417, 2421, 2422, 2423,
    2424, 2427, 2428, 2429, 2430, 2431, 2432, 2433, 2435, 2438, 2439, 2441,
    2444, 2447, 2450, 2452, 2454, 2456, 2459, 2460, 2462, 2466, 2469, 2470,
    2473, 2479, 2483, 2484, 2487, 2488, 2491, 2496, 2500, 2503, 2505, 2507,
    2509, 2511, 2514, 2515, 2517, 2521, 2524, 2527, 2528, 2530, 2535, 2537,
    2544, 2548, 2549, 2552, 2555, 2561, 2563, 2564, 2565, 2566, 2569, 2573,
    2576, 2579, 2582, 2585, 2588, 2593, 2597, 2598, 2601, 2603, 2605, 2607,
    2611, 2614, 2618, 2620, 2624, 2626, 2629, 2636, 2641, 2643, 2651, 2652,
    2654, 2656, 2659, 2668, 2669, 2670, 2673, 2678, 2679, 2681, 2684, 2687,
    2688, 2693, 2695, 2697, 2700, 2702, 2703, 2704, 2706, 2707, 2709, 2713,
    2716, 2720, 2721, 2726, 2727, 2732, 2734, 2738, 2741, 2744, 2748, 2750,
    2753, 2754, 2757, 2758, 2759, 2765, 2769, 2772, 2775, 2776, 2778, 2779,
    2781, 2783, 2787, 2788, 2789, 2793, 2796, 2799, 2805, 2806, 2809, 2811,
    2813, 2815, 2816
[1] 2, 4, 8, 11, 13, 20, 22, 23, 31, 33, 34, 37, 40, 45, 47, 50, 55, 58, 62,
    64, 65, 69, 75, 78, 80, 81, 84, 86, 87, 89, 92, 96, 102, 104, 105, 108,
    110, 112, 113, 119, 121, 123, 124, 135, 137, 139, 144, 148, 156, 158, 161,
    162, 165, 169, 171, 173, 176, 178, 181, 182, 188, 189, 193, 196, 206, 207,
    212, 216, 218, 221, 222, 224, 227, 229, 230, 232, 233, 237, 240, 242, 243,
    246, 251, 264, 267, 269, 277, 286, 293, 295, 305, 309, 315, 321, 324, 328,
    335, 349, 362, 370, 372, 377, 380, 385, 390, 391, 395, 396, 398, 400, 405,
    407, 410, 411, 413, 422, 425, 432, 437, 441, 445, 448, 451, 457, 460, 462,
    465, 468, 469, 473, 485, 489, 494, 502, 511, 513, 514, 517, 520, 523, 527,
    530, 531, 534, 535, 542, 544, 549, 553, 558, 568, 572, 574, 575, 583, 586,
    590, 591, 594, 595, 597, 602, 603, 607, 610, 613, 621, 624, 626, 633, 638,
    639, 643, 644, 647, 651, 654, 658, 664, 668, 670, 679, 682, 687, 689, 701,
    707, 715, 723, 725, 735, 746, 749, 753, 755, 760, 766, 767, 771, 775, 781,
    784, 785, 792, 799, 809, 811, 816, 817, 819, 822, 823, 825, 833, 834, 841,
    842, 844, 848, 855, 859, 860, 863, 869, 873, 877, 879, 880, 882, 883, 886,
    888, 889, 893, 894, 897, 898, 905, 908, 911, 914, 915, 917, 918, 923, 928,
    934, 947, 951, 954, 958, 961, 964, 975, 977, 983, 986, 987, 989, 994, 996,
    1000, 1003, 1007, 1013, 1021, 1022, 1025, 1027, 1029, 1030, 1033, 1038,
    1042, 1043, 1046, 1048, 1049, 1051, 1057, 1058, 1062, 1067, 1074, 1078,
    1079, 1082, 1083, 1085, 1088, 1089, 1092, 1096, 1105, 1107, 1108, 1114,
    1118, 1120, 1124, 1132, 1138, 1141, 1142, 1145, 1147, 1152, 1163, 1164,
    1167, 1170, 1171, 1174, 1179, 1181, 1189, 1202, 1204, 1208, 1211, 1212,
    1220, 1228, 1230, 1235, 1237, 1238, 1241, 1245, 1248, 1253, 1257, 1266,
    1271, 1274, 1280, 1283, 1286, 1287, 1292, 1295, 1299, 1302, 1305, 1307,
    1309, 1316, 1327, 1329, 1335, 1341, 1349, 1350, 1357, 1363, 1365, 1366,
    1370, 1372, 1373, 1379, 1380, 1389, 1390, 1396, 1398, 1399, 1402, 1403,
    1405, 1408, 1416, 1421, 1432, 1434, 1438, 1441, 1446, 1450, 1453, 1454,
    1456, 1457, 1469, 1474, 1478, 1485, 1486, 1488, 1491, 1495, 1497, 1498,
    1501, 1503, 1519, 1521, 1524, 1527, 1529, 1531, 1532, 1541, 1543, 1546,
    1548, 1551, 1552, 1554, 1565, 1569, 1577, 1578, 1581, 1587, 1589, 1593,
    1595, 1596, 1598, 1600, 1603, 1604, 1606, 1609, 1610, 1612, 1618, 1625,
    1630, 1633, 1636, 1640, 1642, 1646, 1649, 1656, 1662, 1664, 1667, 1669,
    1671, 1677, 1679, 1689, 1692, 1697, 1704, 1706, 1714, 1722, 1730, 1731,
    1733, 1734, 1738, 1741, 1744, 1751, 1761, 1766, 1769, 1771, 1772, 1775,
    1781, 1795, 1798, 1802, 1811, 1814, 1815, 1818, 1822, 1825, 1829, 1830,
    1833, 1839, 1841, 1844, 1851, 1854, 1855, 1857, 1858, 1864, 1865, 1870,
    1871, 1878, 1879, 1884, 1888, 1891, 1904, 1907, 1914, 1922, 1932, 1934,
    1939, 1942, 1944, 1945, 1948, 1958, 1963, 1969, 1971, 1974, 1977, 1978,
    1981, 1982, 1984, 1985, 1999, 2003, 2009, 2010, 2015, 2018, 2021, 2022,
    2029, 2033, 2037, 2041, 2044, 2048, 2051, 2052, 2057, 2064, 2066, 2068,
    2069, 2079, 2082, 2085, 2086, 2089, 2091, 2092, 2097, 2099, 2100, 2107,
    2109, 2111, 2116, 2117, 2119, 2121, 2122, 2124, 2125, 2130, 2137, 2140,
    2146, 2150, 2153, 2158, 2161, 2162, 2166, 2172, 2175, 2177, 2180, 2182,
    2195, 2197, 2198, 2201, 2202, 2205, 2207, 2208, 2210, 2216, 2221, 2223,
    2230, 2232, 2236, 2238, 2241, 2246, 2248, 2252, 2257, 2258, 2261, 2264,
    2271, 2277, 2278, 2284, 2288, 2291, 2294, 2296, 2300, 2301, 2305, 2310,
    2312, 2320, 2326, 2329, 2333, 2335, 2337, 2338, 2340, 2341, 2344, 2351,
    2355, 2360, 2364, 2375, 2378, 2380, 2387, 2389, 2392, 2400, 2402, 2405,
    2406, 2413, 2415, 2419, 2420, 2425, 2434, 2436, 2437, 2451, 2458, 2464,
    2467, 2468, 2476, 2477, 2481, 2486, 2489, 2490, 2492, 2494, 2495, 2498,
    2501, 2508, 2510, 2513, 2519, 2522, 2523, 2525, 2532, 2541, 2543, 2546,
    2551, 2553, 2554, 2557, 2559, 2562, 2567, 2571, 2574, 2578, 2580, 2586,
    2587, 2592, 2596, 2599, 2604, 2606, 2610, 2613, 2616, 2619, 2623, 2630,
    2633, 2634, 2637, 2639, 2642, 2644, 2647, 2648, 2655, 2657, 2658, 2661,
    2663, 2664, 2667, 2671, 2675, 2682, 2685, 2692, 2696, 2698, 2701, 2710,
    2712, 2714, 2717, 2725, 2729, 2731, 2736, 2742, 2746, 2749, 2755, 2761,
    2764, 2766, 2767, 2771, 2777, 2782, 2785, 2790, 2798, 2802, 2808, 2812,
    2814, 2817, 2818
[2] 3, 17, 19, 21, 24, 27, 30, 35, 39, 42, 44, 54, 57, 60, 67, 68, 76, 77, 88,
    91, 95, 99, 103, 106, 109, 111, 114, 118, 122, 125, 129, 133, 141, 143,
    147, 151, 154, 155, 164, 174, 177, 180, 192, 195, 199, 203, 205, 211, 215,
    217, 223, 225, 231, 241, 245, 248, 253, 258, 261, 268, 271, 276, 280, 282,
    285, 287, 292, 294, 296, 299, 302, 304, 307, 312, 314, 317, 320, 323, 327,
    334, 337, 339, 343, 346, 355, 358, 366, 371, 375, 383, 384, 389, 404, 412,
    415, 417, 418, 421, 427, 436, 447, 450, 454, 463, 464, 467, 472, 474, 477,
    482, 492, 496, 507, 516, 519, 524, 526, 529, 533, 538, 541, 545, 550, 552,
    555, 557, 563, 564, 570, 573, 576, 579, 596, 599, 601, 611, 614, 617, 620,
    623, 625, 629, 637, 642, 646, 650, 653, 659, 663, 671, 678, 684, 686, 690,
    693, 705, 706, 709, 711, 714, 719, 721, 732, 739, 750, 754, 756, 759, 763,
    770, 776, 780, 790, 791, 795, 798, 800, 803, 806, 830, 835, 839, 840, 845,
    849, 854, 857, 858, 862, 865, 870, 875, 878, 881, 891, 901, 904, 907, 919,
    924, 926, 930, 932, 936, 941, 943, 946, 953, 956, 966, 968, 972, 979, 985,
    993, 997, 1002, 1010, 1014, 1018, 1026, 1032, 1047, 1050, 1054, 1064,
    1071, 1073, 1077, 1081, 1084, 1091, 1095, 1099, 1101, 1106, 1116, 1119,
    1125, 1128, 1130, 1134, 1140, 1148, 1149, 1153, 1154, 1157, 1161, 1166,
    1173, 1177, 1178, 1182, 1184, 1190, 1193, 1196, 1198, 1200, 1205, 1210,
    1213, 1217, 1225, 1227, 1231, 1234, 1236, 1240, 1244, 1249, 1252, 1256,
    1260, 1263, 1265, 1269, 1272, 1278, 1279, 1284, 1294, 1297, 1300, 1311,
    1313, 1321, 1324, 1328, 1331, 1333, 1340, 1348, 1352, 1356, 1362, 1364,
    1371, 1378, 1383, 1386, 1388, 1392, 1395, 1397, 1404, 1411, 1418, 1422,
    1424, 1431, 1433, 1442, 1444, 1452, 1461, 1463, 1465, 1468, 1470, 1473,
    1477, 1479, 1482, 1484, 1487, 1490, 1494, 1496, 1500, 1502, 1505, 1509,
    1511, 1515, 1517, 1520, 1523, 1542, 1544, 1547, 1550, 1557, 1562, 1566,
    1570, 1574, 1576, 1579, 1582, 1586, 1588, 1597, 1608, 1611, 1613, 1617,
    1624, 1627, 1634, 1635, 1639, 1643, 1645, 1648, 1655, 1658, 1661, 1663,
    1666, 1668, 1670, 1676, 1678, 1682, 1687, 1693, 1695, 1698, 1703, 1713,
    1720, 1723, 1727, 1729, 1732, 1736, 1740, 1747, 1752, 1755, 1765, 1770,
    1776, 1778, 1780, 1789, 1793, 1794, 1797, 1800, 1803, 1806, 1812, 1817,
    1820, 1824, 1828, 1836, 1845, 1847, 1853, 1856, 1861, 1863, 1867, 1873,
    1877, 1880, 1885, 1887, 1892, 1896, 1900, 1910, 1918, 1925, 1928, 1936,
    1938, 1941, 1943, 1947, 1952, 1957, 1961, 1966, 1968, 1976, 1980, 1983,
    1986, 1991, 1993, 2001, 2006, 2008, 2012, 2014, 2020, 2023, 2026, 2028,
    2035, 2039, 2043, 2050, 2054, 2058, 2062, 2063, 2074, 2076, 2078, 2080,
    2088, 2094, 2096, 2098, 2101, 2103, 2106, 2115, 2133, 2136, 2139, 2145,
    2149, 2157, 2160, 2171, 2174, 2183, 2186, 2190, 2194, 2196, 2204, 2206,
    2209, 2218, 2220, 2222, 2225, 2227, 2229, 2231, 2237, 2240, 2250, 2254,
    2256, 2259, 2262, 2274, 2280, 2285, 2289, 2290, 2293, 2298, 2304, 2309,
    2313, 2317, 2319, 2322, 2328, 2334, 2336, 2348, 2350, 2366, 2368, 2374,
    2377, 2379, 2385, 2388, 2391, 2393, 2399, 2408, 2414, 2418, 2426, 2442,
    2445, 2448, 2455, 2457, 2463, 2472, 2475, 2480, 2485, 2493, 2497, 2504,
    2506, 2512, 2518, 2526, 2531, 2534, 2538, 2540, 2542, 2545, 2547, 2550,
    2556, 2558, 2570, 2572, 2577, 2581, 2583, 2589, 2591, 2595, 2600, 2602,
    2608, 2609, 2612, 2615, 2622, 2627, 2632, 2635, 2638, 2645, 2646, 2650,
    2660, 2662, 2666, 2674, 2677, 2680, 2689, 2691, 2699, 2705, 2708, 2711,
    2715, 2718, 2722, 2724, 2728, 2730, 2735, 2739, 2740, 2745, 2751, 2760,
    2763, 2770, 2773, 2774, 2780, 2784, 2786, 2792, 2795, 2797, 2800, 2801,
    2804, 2807, 2810
[3] 0, 6, 15, 18, 52, 56, 73, 82, 93, 116, 127, 132, 140, 145, 152, 159, 163,
    167, 179, 183, 186, 190, 194, 198, 201, 213, 234, 238, 244, 247, 252, 255,
    259, 273, 278, 284, 306, 310, 316, 319, 322, 326, 336, 341, 353, 360, 365,
    368, 373, 386, 408, 423, 429, 443, 446, 470, 478, 486, 490, 497, 500, 503,
    508, 515, 528, 532, 536, 540, 547, 556, 561, 569, 592, 604, 627, 630, 634,
    652, 661, 674, 677, 683, 692, 695, 698, 702, 727, 733, 737, 740, 743, 747,
    758, 761, 764, 768, 772, 782, 786, 796, 802, 805, 814, 820, 828, 831, 837,
    846, 851, 874, 895, 899, 906, 909, 912, 921, 925, 931, 935, 945, 955, 959,
    973, 978, 984, 1004, 1008, 1011, 1019, 1023, 1036, 1040, 1044, 1055, 1059,
    1063, 1068, 1072, 1076, 1080, 1086, 1090, 1094, 1097, 1102, 1115, 1122,
    1133, 1139, 1143, 1158, 1168, 1172, 1186, 1206, 1215, 1221, 1224, 1232,
    1239, 1242, 1246, 1251, 1255, 1259, 1275, 1290, 1303, 1320, 1323, 1330,
    1338, 1342, 1347, 1354, 1374, 1377, 1387, 1393, 1400, 1409, 1413, 1417,
    1436, 1439, 1447, 1451, 1460, 1475, 1489, 1492, 1499, 1507, 1510, 1513,
    1516, 1522, 1525, 1533, 1538, 1555, 1573, 1584, 1607, 1619, 1622, 1628,
    1631, 1637, 1644, 1659, 1665, 1672, 1681, 1684, 1690, 1699, 1709, 1712,
    1728, 1735, 1739, 1745, 1749, 1757, 1767, 1773, 1777, 1782, 1787, 1791,
    1804, 1819, 1834, 1837, 1842, 1852, 1859, 1862, 1866, 1882, 1886, 1895,
    1898, 1902, 1905, 1908, 1920, 1930, 1946, 1949, 1953, 1956, 1959, 1975,
    1979, 1989, 1992, 1995, 2000, 2004, 2013, 2025, 2030, 2049, 2070, 2083,
    2087, 2114, 2126, 2135, 2138, 2141, 2144, 2147, 2151, 2156, 2163, 2170,
    2173, 2199, 2203, 2211, 2214, 2265, 2275, 2279, 2286, 2307, 2321, 2342,
    2345, 2352, 2358, 2372, 2376, 2384, 2395, 2403, 2407, 2410, 2440, 2443,
    2446, 2449, 2453, 2461, 2465, 2471, 2474, 2478, 2482, 2499, 2502, 2516,
    2520, 2529, 2533, 2536, 2539, 2560, 2568, 2575, 2584, 2590, 2594, 2617,
    2621, 2625, 2628, 2631, 2640, 2649, 2653, 2665, 2672, 2676, 2683, 2686,
    2690, 2694, 2719, 2723, 2733, 2737, 2743, 2747, 2752, 2756, 2762, 2768,
    2791, 2794, 2803

Reassigned labels

Runtime: 6.983883380889893

Performance split_log:

IM without threshold:
Map:
{"D_0": "D", "D_1": "D", "D_2": "D", "D_3": "D"}
token_fitness
{"perc_fit_traces": 100.0, "average_trace_fitness": 1.0, "log_fitness": 1.0, "percentage_of_fitting_traces": 100.0}
precision
0.6651824424081929
0.64
generalization
0.7850697184287891

Adjusted Rand Index:
0.1680498229958695



Parameters of this run:

Window size: 1
Threshold for edges: 0.5
Split candidates: D
Max number of traces: 5000000
Method for distance calculation: Distance.MULTISET_DISTANCE
Method for finding clusters: ClusteringMethod.COMMUNITY_DETECTION
Original log location: ./data/noImprInLoop_default_OD\feb17-0936\logs\H_1_LogD_Sequence_feb17-0936.xes.gz
Use frequency: True

Found communities: 

Clustering with 2819 elements and 4 clusters
[0] 1, 5, 7, 9, 10, 12, 14, 16, 25, 26, 28, 29, 32, 36, 38, 41, 43, 46, 48,
    49, 51, 53, 59, 61, 63, 66, 70, 71, 72, 74, 79, 83, 85, 90, 94, 97, 98,
    100, 101, 107, 115, 117, 120, 126, 128, 130, 131, 134, 136, 138, 142, 146,
    149, 150, 153, 157, 160, 166, 168, 170, 172, 175, 184, 185, 187, 191, 197,
    200, 202, 204, 208, 209, 210, 214, 219, 220, 226, 228, 235, 236, 239, 249,
    250, 254, 256, 257, 260, 262, 263, 265, 266, 270, 272, 274, 275, 279, 281,
    283, 288, 289, 290, 291, 297, 298, 300, 301, 303, 308, 311, 313, 318, 325,
    329, 330, 331, 332, 333, 338, 340, 342, 344, 345, 347, 348, 350, 351, 352,
    354, 356, 357, 359, 361, 363, 364, 367, 369, 374, 376, 378, 379, 381, 382,
    387, 388, 392, 393, 394, 397, 399, 401, 402, 403, 406, 409, 414, 416, 419,
    420, 424, 426, 428, 430, 431, 433, 434, 435, 438, 439, 440, 442, 444, 449,
    452, 453, 455, 456, 458, 459, 461, 466, 471, 475, 476, 479, 480, 481, 483,
    484, 487, 488, 491, 493, 495, 498, 499, 501, 504, 505, 506, 509, 510, 512,
    518, 521, 522, 525, 537, 539, 543, 546, 548, 551, 554, 559, 560, 562, 565,
    566, 567, 571, 577, 578, 580, 581, 582, 584, 585, 587, 588, 589, 593, 598,
    600, 605, 606, 608, 609, 612, 615, 616, 618, 619, 622, 628, 631, 632, 635,
    636, 640, 641, 645, 648, 649, 655, 656, 657, 660, 662, 665, 666, 667, 669,
    672, 673, 675, 676, 680, 681, 685, 688, 691, 694, 696, 697, 699, 700, 703,
    704, 708, 710, 712, 713, 716, 717, 718, 720, 722, 724, 726, 728, 729, 730,
    731, 734, 736, 738, 741, 742, 744, 745, 748, 751, 752, 757, 762, 765, 769,
    773, 774, 777, 778, 779, 783, 787, 788, 789, 793, 794, 797, 801, 804, 807,
    808, 810, 812, 813, 815, 818, 821, 824, 826, 827, 829, 832, 836, 838, 843,
    847, 850, 852, 853, 856, 861, 864, 866, 867, 868, 871, 872, 876, 884, 885,
    887, 890, 892, 896, 900, 902, 903, 910, 913, 916, 920, 922, 927, 929, 933,
    937, 938, 939, 940, 942, 944, 948, 949, 950, 952, 957, 960, 962, 963, 965,
    967, 969, 970, 971, 974, 976, 980, 981, 982, 988, 990, 991, 992, 995, 998,
    999, 1001, 1005, 1006, 1009, 1012, 1015, 1016, 1017, 1020, 1024, 1028,
    1031, 1034, 1035, 1037, 1039, 1041, 1045, 1052, 1053, 1056, 1060, 1061,
    1065, 1066, 1069, 1070, 1075, 1087, 1093, 1098, 1100, 1103, 1104, 1109,
    1110, 1111, 1112, 1113, 1117, 1121, 1123, 1126, 1127, 1129, 1131, 1135,
    1136, 1137, 1144, 1146, 1150, 1151, 1155, 1156, 1159, 1160, 1162, 1165,
    1169, 1175, 1176, 1180, 1183, 1185, 1187, 1188, 1191, 1192, 1194, 1195,
    1197, 1199, 1201, 1203, 1207, 1209, 1214, 1216, 1218, 1219, 1222, 1223,
    1226, 1229, 1233, 1243, 1247, 1250, 1254, 1258, 1261, 1262, 1264, 1267,
    1268, 1270, 1273, 1276, 1277, 1281, 1282, 1285, 1288, 1289, 1291, 1293,
    1296, 1298, 1301, 1304, 1306, 1308, 1310, 1312, 1314, 1315, 1317, 1318,
    1319, 1322, 1325, 1326, 1332, 1334, 1336, 1337, 1339, 1343, 1344, 1345,
    1346, 1351, 1353, 1355, 1358, 1359, 1360, 1361, 1367, 1368, 1369, 1375,
    1376, 1381, 1382, 1384, 1385, 1391, 1394, 1401, 1406, 1407, 1410, 1412,
    1414, 1415, 1419, 1420, 1423, 1425, 1426, 1427, 1428, 1429, 1430, 1435,
    1437, 1440, 1443, 1445, 1448, 1449, 1455, 1458, 1459, 1462, 1464, 1466,
    1467, 1471, 1472, 1476, 1480, 1481, 1483, 1493, 1504, 1506, 1508, 1512,
    1514, 1518, 1526, 1528, 1530, 1534, 1535, 1536, 1537, 1539, 1540, 1545,
    1549, 1553, 1556, 1558, 1559, 1560, 1561, 1563, 1564, 1567, 1568, 1571,
    1572, 1575, 1580, 1583, 1585, 1590, 1591, 1592, 1594, 1599, 1601, 1602,
    1605, 1614, 1615, 1616, 1620, 1621, 1623, 1626, 1629, 1632, 1638, 1641,
    1647, 1650, 1651, 1652, 1653, 1654, 1657, 1660, 1673, 1674, 1675, 1680,
    1683, 1685, 1686, 1688, 1691, 1694, 1696, 1700, 1701, 1702, 1705, 1707,
    1708, 1710, 1711, 1715, 1716, 1717, 1718, 1719, 1721, 1724, 1725, 1726,
    1737, 1742, 1743, 1746, 1748, 1750, 1753, 1754, 1756, 1758, 1759, 1760,
    1762, 1763, 1764, 1768, 1774, 1779, 1783, 1784, 1785, 1786, 1788, 1790,
    1792, 1796, 1799, 1801, 1805, 1807, 1808, 1809, 1810, 1813, 1816, 1821,
    1823, 1826, 1827, 1831, 1832, 1835, 1838, 1840, 1843, 1846, 1848, 1849,
    1850, 1860, 1868, 1869, 1872, 1874, 1875, 1876, 1881, 1883, 1889, 1890,
    1893, 1894, 1897, 1899, 1901, 1903, 1906, 1909, 1911, 1912, 1913, 1915,
    1916, 1917, 1919, 1921, 1923, 1924, 1926, 1927, 1929, 1931, 1933, 1935,
    1937, 1940, 1950, 1951, 1954, 1955, 1960, 1962, 1964, 1965, 1967, 1970,
    1972, 1973, 1987, 1988, 1990, 1994, 1996, 1997, 1998, 2002, 2005, 2007,
    2011, 2016, 2017, 2019, 2024, 2027, 2031, 2032, 2034, 2036, 2038, 2040,
    2042, 2045, 2046, 2047, 2053, 2055, 2056, 2059, 2060, 2061, 2065, 2067,
    2071, 2072, 2073, 2075, 2077, 2081, 2084, 2090, 2093, 2095, 2102, 2104,
    2105, 2108, 2110, 2112, 2113, 2118, 2120, 2123, 2127, 2128, 2129, 2131,
    2132, 2134, 2142, 2143, 2148, 2152, 2154, 2155, 2159, 2164, 2165, 2167,
    2168, 2169, 2176, 2178, 2179, 2181, 2184, 2185, 2187, 2188, 2189, 2191,
    2192, 2193, 2200, 2212, 2213, 2215, 2217, 2219, 2224, 2226, 2228, 2233,
    2234, 2235, 2239, 2242, 2243, 2244, 2245, 2247, 2249, 2251, 2253, 2255,
    2260, 2263, 2266, 2267, 2268, 2269, 2270, 2272, 2273, 2276, 2281, 2282,
    2283, 2287, 2292, 2295, 2297, 2299, 2302, 2303, 2306, 2308, 2311, 2314,
    2315, 2316, 2318, 2323, 2324, 2325, 2327, 2330, 2331, 2332, 2339, 2343,
    2346, 2347, 2349, 2353, 2354, 2356, 2357, 2359, 2361, 2362, 2363, 2365,
    2367, 2369, 2370, 2371, 2373, 2381, 2382, 2383, 2386, 2390, 2394, 2396,
    2397, 2398, 2401, 2404, 2409, 2411, 2412, 2416, 2417, 2421, 2422, 2423,
    2424, 2427, 2428, 2429, 2430, 2431, 2432, 2433, 2435, 2438, 2439, 2441,
    2444, 2447, 2450, 2452, 2454, 2456, 2459, 2460, 2462, 2466, 2469, 2470,
    2473, 2479, 2483, 2484, 2487, 2488, 2491, 2496, 2500, 2503, 2505, 2507,
    2509, 2511, 2514, 2515, 2517, 2521, 2524, 2527, 2528, 2530, 2535, 2537,
    2544, 2548, 2549, 2552, 2555, 2561, 2563, 2564, 2565, 2566, 2569, 2573,
    2576, 2579, 2582, 2585, 2588, 2593, 2597, 2598, 2601, 2603, 2605, 2607,
    2611, 2614, 2618, 2620, 2624, 2626, 2629, 2636, 2641, 2643, 2651, 2652,
    2654, 2656, 2659, 2668, 2669, 2670, 2673, 2678, 2679, 2681, 2684, 2687,
    2688, 2693, 2695, 2697, 2700, 2702, 2703, 2704, 2706, 2707, 2709, 2713,
    2716, 2720, 2721, 2726, 2727, 2732, 2734, 2738, 2741, 2744, 2748, 2750,
    2753, 2754, 2757, 2758, 2759, 2765, 2769, 2772, 2775, 2776, 2778, 2779,
    2781, 2783, 2787, 2788, 2789, 2793, 2796, 2799, 2805, 2806, 2809, 2811,
    2813, 2815, 2816
[1] 2, 4, 8, 11, 13, 20, 22, 23, 31, 33, 34, 37, 40, 45, 47, 50, 55, 58, 62,
    64, 65, 69, 75, 78, 80, 81, 84, 86, 87, 89, 92, 96, 102, 104, 105, 108,
    110, 112, 113, 119, 121, 123, 124, 135, 137, 139, 144, 148, 156, 158, 161,
    162, 165, 169, 171, 173, 176, 178, 181, 182, 188, 189, 193, 196, 206, 207,
    212, 216, 218, 221, 222, 224, 227, 229, 230, 232, 233, 237, 240, 242, 243,
    246, 251, 264, 267, 269, 277, 286, 293, 295, 305, 309, 315, 321, 324, 328,
    335, 349, 362, 370, 372, 377, 380, 385, 390, 391, 395, 396, 398, 400, 405,
    407, 410, 411, 413, 422, 425, 432, 437, 441, 445, 448, 451, 457, 460, 462,
    465, 468, 469, 473, 485, 489, 494, 502, 511, 513, 514, 517, 520, 523, 527,
    530, 531, 534, 535, 542, 544, 549, 553, 558, 568, 572, 574, 575, 583, 586,
    590, 591, 594, 595, 597, 602, 603, 607, 610, 613, 621, 624, 626, 633, 638,
    639, 643, 644, 647, 651, 654, 658, 664, 668, 670, 679, 682, 687, 689, 701,
    707, 715, 723, 725, 735, 746, 749, 753, 755, 760, 766, 767, 771, 775, 781,
    784, 785, 792, 799, 809, 811, 816, 817, 819, 822, 823, 825, 833, 834, 841,
    842, 844, 848, 855, 859, 860, 863, 869, 873, 877, 879, 880, 882, 883, 886,
    888, 889, 893, 894, 897, 898, 905, 908, 911, 914, 915, 917, 918, 923, 928,
    934, 947, 951, 954, 958, 961, 964, 975, 977, 983, 986, 987, 989, 994, 996,
    1000, 1003, 1007, 1013, 1021, 1022, 1025, 1027, 1029, 1030, 1033, 1038,
    1042, 1043, 1046, 1048, 1049, 1051, 1057, 1058, 1062, 1067, 1074, 1078,
    1079, 1082, 1083, 1085, 1088, 1089, 1092, 1096, 1105, 1107, 1108, 1114,
    1118, 1120, 1124, 1132, 1138, 1141, 1142, 1145, 1147, 1152, 1163, 1164,
    1167, 1170, 1171, 1174, 1179, 1181, 1189, 1202, 1204, 1208, 1211, 1212,
    1220, 1228, 1230, 1235, 1237, 1238, 1241, 1245, 1248, 1253, 1257, 1266,
    1271, 1274, 1280, 1283, 1286, 1287, 1292, 1295, 1299, 1302, 1305, 1307,
    1309, 1316, 1327, 1329, 1335, 1341, 1349, 1350, 1357, 1363, 1365, 1366,
    1370, 1372, 1373, 1379, 1380, 1389, 1390, 1396, 1398, 1399, 1402, 1403,
    1405, 1408, 1416, 1421, 1432, 1434, 1438, 1441, 1446, 1450, 1453, 1454,
    1456, 1457, 1469, 1474, 1478, 1485, 1486, 1488, 1491, 1495, 1497, 1498,
    1501, 1503, 1519, 1521, 1524, 1527, 1529, 1531, 1532, 1541, 1543, 1546,
    1548, 1551, 1552, 1554, 1565, 1569, 1577, 1578, 1581, 1587, 1589, 1593,
    1595, 1596, 1598, 1600, 1603, 1604, 1606, 1609, 1610, 1612, 1618, 1625,
    1630, 1633, 1636, 1640, 1642, 1646, 1649, 1656, 1662, 1664, 1667, 1669,
    1671, 1677, 1679, 1689, 1692, 1697, 1704, 1706, 1714, 1722, 1730, 1731,
    1733, 1734, 1738, 1741, 1744, 1751, 1761, 1766, 1769, 1771, 1772, 1775,
    1781, 1795, 1798, 1802, 1811, 1814, 1815, 1818, 1822, 1825, 1829, 1830,
    1833, 1839, 1841, 1844, 1851, 1854, 1855, 1857, 1858, 1864, 1865, 1870,
    1871, 1878, 1879, 1884, 1888, 1891, 1904, 1907, 1914, 1922, 1932, 1934,
    1939, 1942, 1944, 1945, 1948, 1958, 1963, 1969, 1971, 1974, 1977, 1978,
    1981, 1982, 1984, 1985, 1999, 2003, 2009, 2010, 2015, 2018, 2021, 2022,
    2029, 2033, 2037, 2041, 2044, 2048, 2051, 2052, 2057, 2064, 2066, 2068,
    2069, 2079, 2082, 2085, 2086, 2089, 2091, 2092, 2097, 2099, 2100, 2107,
    2109, 2111, 2116, 2117, 2119, 2121, 2122, 2124, 2125, 2130, 2137, 2140,
    2146, 2150, 2153, 2158, 2161, 2162, 2166, 2172, 2175, 2177, 2180, 2182,
    2195, 2197, 2198, 2201, 2202, 2205, 2207, 2208, 2210, 2216, 2221, 2223,
    2230, 2232, 2236, 2238, 2241, 2246, 2248, 2252, 2257, 2258, 2261, 2264,
    2271, 2277, 2278, 2284, 2288, 2291, 2294, 2296, 2300, 2301, 2305, 2310,
    2312, 2320, 2326, 2329, 2333, 2335, 2337, 2338, 2340, 2341, 2344, 2351,
    2355, 2360, 2364, 2375, 2378, 2380, 2387, 2389, 2392, 2400, 2402, 2405,
    2406, 2413, 2415, 2419, 2420, 2425, 2434, 2436, 2437, 2451, 2458, 2464,
    2467, 2468, 2476, 2477, 2481, 2486, 2489, 2490, 2492, 2494, 2495, 2498,
    2501, 2508, 2510, 2513, 2519, 2522, 2523, 2525, 2532, 2541, 2543, 2546,
    2551, 2553, 2554, 2557, 2559, 2562, 2567, 2571, 2574, 2578, 2580, 2586,
    2587, 2592, 2596, 2599, 2604, 2606, 2610, 2613, 2616, 2619, 2623, 2630,
    2633, 2634, 2637, 2639, 2642, 2644, 2647, 2648, 2655, 2657, 2658, 2661,
    2663, 2664, 2667, 2671, 2675, 2682, 2685, 2692, 2696, 2698, 2701, 2710,
    2712, 2714, 2717, 2725, 2729, 2731, 2736, 2742, 2746, 2749, 2755, 2761,
    2764, 2766, 2767, 2771, 2777, 2782, 2785, 2790, 2798, 2802, 2808, 2812,
    2814, 2817, 2818
[2] 3, 17, 19, 21, 24, 27, 30, 35, 39, 42, 44, 54, 57, 60, 67, 68, 76, 77, 88,
    91, 95, 99, 103, 106, 109, 111, 114, 118, 122, 125, 129, 133, 141, 143,
    147, 151, 154, 155, 164, 174, 177, 180, 192, 195, 199, 203, 205, 211, 215,
    217, 223, 225, 231, 241, 245, 248, 253, 258, 261, 268, 271, 276, 280, 282,
    285, 287, 292, 294, 296, 299, 302, 304, 307, 312, 314, 317, 320, 323, 327,
    334, 337, 339, 343, 346, 355, 358, 366, 371, 375, 383, 384, 389, 404, 412,
    415, 417, 418, 421, 427, 436, 447, 450, 454, 463, 464, 467, 472, 474, 477,
    482, 492, 496, 507, 516, 519, 524, 526, 529, 533, 538, 541, 545, 550, 552,
    555, 557, 563, 564, 570, 573, 576, 579, 596, 599, 601, 611, 614, 617, 620,
    623, 625, 629, 637, 642, 646, 650, 653, 659, 663, 671, 678, 684, 686, 690,
    693, 705, 706, 709, 711, 714, 719, 721, 732, 739, 750, 754, 756, 759, 763,
    770, 776, 780, 790, 791, 795, 798, 800, 803, 806, 830, 835, 839, 840, 845,
    849, 854, 857, 858, 862, 865, 870, 875, 878, 881, 891, 901, 904, 907, 919,
    924, 926, 930, 932, 936, 941, 943, 946, 953, 956, 966, 968, 972, 979, 985,
    993, 997, 1002, 1010, 1014, 1018, 1026, 1032, 1047, 1050, 1054, 1064,
    1071, 1073, 1077, 1081, 1084, 1091, 1095, 1099, 1101, 1106, 1116, 1119,
    1125, 1128, 1130, 1134, 1140, 1148, 1149, 1153, 1154, 1157, 1161, 1166,
    1173, 1177, 1178, 1182, 1184, 1190, 1193, 1196, 1198, 1200, 1205, 1210,
    1213, 1217, 1225, 1227, 1231, 1234, 1236, 1240, 1244, 1249, 1252, 1256,
    1260, 1263, 1265, 1269, 1272, 1278, 1279, 1284, 1294, 1297, 1300, 1311,
    1313, 1321, 1324, 1328, 1331, 1333, 1340, 1348, 1352, 1356, 1362, 1364,
    1371, 1378, 1383, 1386, 1388, 1392, 1395, 1397, 1404, 1411, 1418, 1422,
    1424, 1431, 1433, 1442, 1444, 1452, 1461, 1463, 1465, 1468, 1470, 1473,
    1477, 1479, 1482, 1484, 1487, 1490, 1494, 1496, 1500, 1502, 1505, 1509,
    1511, 1515, 1517, 1520, 1523, 1542, 1544, 1547, 1550, 1557, 1562, 1566,
    1570, 1574, 1576, 1579, 1582, 1586, 1588, 1597, 1608, 1611, 1613, 1617,
    1624, 1627, 1634, 1635, 1639, 1643, 1645, 1648, 1655, 1658, 1661, 1663,
    1666, 1668, 1670, 1676, 1678, 1682, 1687, 1693, 1695, 1698, 1703, 1713,
    1720, 1723, 1727, 1729, 1732, 1736, 1740, 1747, 1752, 1755, 1765, 1770,
    1776, 1778, 1780, 1789, 1793, 1794, 1797, 1800, 1803, 1806, 1812, 1817,
    1820, 1824, 1828, 1836, 1845, 1847, 1853, 1856, 1861, 1863, 1867, 1873,
    1877, 1880, 1885, 1887, 1892, 1896, 1900, 1910, 1918, 1925, 1928, 1936,
    1938, 1941, 1943, 1947, 1952, 1957, 1961, 1966, 1968, 1976, 1980, 1983,
    1986, 1991, 1993, 2001, 2006, 2008, 2012, 2014, 2020, 2023, 2026, 2028,
    2035, 2039, 2043, 2050, 2054, 2058, 2062, 2063, 2074, 2076, 2078, 2080,
    2088, 2094, 2096, 2098, 2101, 2103, 2106, 2115, 2133, 2136, 2139, 2145,
    2149, 2157, 2160, 2171, 2174, 2183, 2186, 2190, 2194, 2196, 2204, 2206,
    2209, 2218, 2220, 2222, 2225, 2227, 2229, 2231, 2237, 2240, 2250, 2254,
    2256, 2259, 2262, 2274, 2280, 2285, 2289, 2290, 2293, 2298, 2304, 2309,
    2313, 2317, 2319, 2322, 2328, 2334, 2336, 2348, 2350, 2366, 2368, 2374,
    2377, 2379, 2385, 2388, 2391, 2393, 2399, 2408, 2414, 2418, 2426, 2442,
    2445, 2448, 2455, 2457, 2463, 2472, 2475, 2480, 2485, 2493, 2497, 2504,
    2506, 2512, 2518, 2526, 2531, 2534, 2538, 2540, 2542, 2545, 2547, 2550,
    2556, 2558, 2570, 2572, 2577, 2581, 2583, 2589, 2591, 2595, 2600, 2602,
    2608, 2609, 2612, 2615, 2622, 2627, 2632, 2635, 2638, 2645, 2646, 2650,
    2660, 2662, 2666, 2674, 2677, 2680, 2689, 2691, 2699, 2705, 2708, 2711,
    2715, 2718, 2722, 2724, 2728, 2730, 2735, 2739, 2740, 2745, 2751, 2760,
    2763, 2770, 2773, 2774, 2780, 2784, 2786, 2792, 2795, 2797, 2800, 2801,
    2804, 2807, 2810
[3] 0, 6, 15, 18, 52, 56, 73, 82, 93, 116, 127, 132, 140, 145, 152, 159, 163,
    167, 179, 183, 186, 190, 194, 198, 201, 213, 234, 238, 244, 247, 252, 255,
    259, 273, 278, 284, 306, 310, 316, 319, 322, 326, 336, 341, 353, 360, 365,
    368, 373, 386, 408, 423, 429, 443, 446, 470, 478, 486, 490, 497, 500, 503,
    508, 515, 528, 532, 536, 540, 547, 556, 561, 569, 592, 604, 627, 630, 634,
    652, 661, 674, 677, 683, 692, 695, 698, 702, 727, 733, 737, 740, 743, 747,
    758, 761, 764, 768, 772, 782, 786, 796, 802, 805, 814, 820, 828, 831, 837,
    846, 851, 874, 895, 899, 906, 909, 912, 921, 925, 931, 935, 945, 955, 959,
    973, 978, 984, 1004, 1008, 1011, 1019, 1023, 1036, 1040, 1044, 1055, 1059,
    1063, 1068, 1072, 1076, 1080, 1086, 1090, 1094, 1097, 1102, 1115, 1122,
    1133, 1139, 1143, 1158, 1168, 1172, 1186, 1206, 1215, 1221, 1224, 1232,
    1239, 1242, 1246, 1251, 1255, 1259, 1275, 1290, 1303, 1320, 1323, 1330,
    1338, 1342, 1347, 1354, 1374, 1377, 1387, 1393, 1400, 1409, 1413, 1417,
    1436, 1439, 1447, 1451, 1460, 1475, 1489, 1492, 1499, 1507, 1510, 1513,
    1516, 1522, 1525, 1533, 1538, 1555, 1573, 1584, 1607, 1619, 1622, 1628,
    1631, 1637, 1644, 1659, 1665, 1672, 1681, 1684, 1690, 1699, 1709, 1712,
    1728, 1735, 1739, 1745, 1749, 1757, 1767, 1773, 1777, 1782, 1787, 1791,
    1804, 1819, 1834, 1837, 1842, 1852, 1859, 1862, 1866, 1882, 1886, 1895,
    1898, 1902, 1905, 1908, 1920, 1930, 1946, 1949, 1953, 1956, 1959, 1975,
    1979, 1989, 1992, 1995, 2000, 2004, 2013, 2025, 2030, 2049, 2070, 2083,
    2087, 2114, 2126, 2135, 2138, 2141, 2144, 2147, 2151, 2156, 2163, 2170,
    2173, 2199, 2203, 2211, 2214, 2265, 2275, 2279, 2286, 2307, 2321, 2342,
    2345, 2352, 2358, 2372, 2376, 2384, 2395, 2403, 2407, 2410, 2440, 2443,
    2446, 2449, 2453, 2461, 2465, 2471, 2474, 2478, 2482, 2499, 2502, 2516,
    2520, 2529, 2533, 2536, 2539, 2560, 2568, 2575, 2584, 2590, 2594, 2617,
    2621, 2625, 2628, 2631, 2640, 2649, 2653, 2665, 2672, 2676, 2683, 2686,
    2690, 2694, 2719, 2723, 2733, 2737, 2743, 2747, 2752, 2756, 2762, 2768,
    2791, 2794, 2803

Reassigned labels

Runtime: 7.350593090057373

Performance split_log:

IM without threshold:
Map:
{"D_0": "D", "D_1": "D", "D_2": "D", "D_3": "D"}
token_fitness
{"perc_fit_traces": 100.0, "average_trace_fitness": 1.0, "log_fitness": 1.0, "percentage_of_fitting_traces": 100.0}
precision
0.6651824424081929
0.64
generalization
0.7850697184287891

Adjusted Rand Index:
0.1680498229958695



Parameters of this run:

Window size: 1
Threshold for edges: 0.75
Split candidates: D
Max number of traces: 5000000
Method for distance calculation: Distance.MULTISET_DISTANCE
Method for finding clusters: ClusteringMethod.COMMUNITY_DETECTION
Original log location: ./data/noImprInLoop_default_OD\feb17-0936\logs\H_1_LogD_Sequence_feb17-0936.xes.gz
Use frequency: True

Found communities: 

Clustering with 2819 elements and 12 clusters
[ 0] 2, 4, 8, 11, 13, 20, 22, 23, 31, 33, 34, 37, 40, 45, 47, 50, 55, 58, 62,
     64, 65, 69, 75, 78, 80, 81, 84, 86, 87, 89, 92, 96, 102, 104, 105, 108,
     110, 112, 113, 119, 121, 123, 124, 135, 137, 139, 144, 148, 156, 158,
     161, 162, 165, 169, 171, 173, 176, 178, 181, 182, 188, 189, 193, 196,
     206, 207, 212, 216, 218, 221, 222, 224, 227, 229, 230, 232, 233, 237,
     240, 242, 243, 246, 251, 264, 267, 269, 277, 286, 293, 295, 305, 309,
     315, 321, 324, 328, 335, 349, 362, 370, 372, 377, 380, 385, 390, 391,
     395, 396, 398, 400, 405, 407, 410, 411, 413, 422, 425, 432, 437, 441,
     445, 448, 451, 457, 460, 462, 465, 468, 469, 473, 485, 489, 494, 502,
     511, 513, 514, 517, 520, 523, 527, 530, 531, 534, 535, 542, 544, 549,
     553, 558, 568, 572, 574, 575, 583, 586, 590, 591, 594, 595, 597, 602,
     603, 607, 610, 613, 621, 624, 626, 633, 638, 639, 643, 644, 647, 651,
     654, 658, 664, 668, 670, 679, 682, 687, 689, 701, 707, 715, 723, 725,
     735, 746, 749, 753, 755, 760, 766, 767, 771, 775, 781, 784, 785, 792,
     799, 809, 811, 816, 817, 819, 822, 823, 825, 833, 834, 841, 842, 844,
     848, 855, 859, 860, 863, 869, 873, 877, 879, 880, 882, 883, 886, 888,
     889, 893, 894, 897, 898, 905, 908, 911, 914, 915, 917, 918, 923, 928,
     934, 947, 951, 954, 958, 961, 964, 975, 977, 983, 986, 987, 989, 994,
     996, 1000, 1003, 1007, 1013, 1021, 1022, 1025, 1027, 1029, 1030, 1033,
     1038, 1042, 1043, 1046, 1048, 1049, 1051, 1057, 1058, 1062, 1067, 1074,
     1078, 1079, 1082, 1083, 1085, 1088, 1089, 1092, 1096, 1105, 1107, 1108,
     1114, 1118, 1120, 1124, 1132, 1138, 1141, 1142, 1145, 1147, 1152, 1163,
     1164, 1167, 1170, 1171, 1174, 1179, 1181, 1189, 1202, 1204, 1208, 1211,
     1212, 1220, 1228, 1230, 1235, 1237, 1238, 1241, 1245, 1248, 1253, 1257,
     1266, 1271, 1274, 1280, 1283, 1286, 1287, 1292, 1295, 1299, 1302, 1305,
     1307, 1309, 1316, 1327, 1329, 1335, 1341, 1349, 1350, 1357, 1363, 1365,
     1366, 1370, 1372, 1373, 1379, 1380, 1389, 1390, 1396, 1398, 1399, 1402,
     1403, 1405, 1408, 1416, 1421, 1432, 1434, 1438, 1441, 1446, 1450, 1453,
     1454, 1456, 1457, 1469, 1474, 1478, 1485, 1486, 1488, 1491, 1495, 1497,
     1498, 1501, 1503, 1519, 1521, 1524, 1527, 1529, 1531, 1532, 1541, 1543,
     1546, 1548, 1551, 1552, 1554, 1565, 1569, 1577, 1578, 1581, 1587, 1589,
     1593, 1595, 1596, 1598, 1600, 1603, 1604, 1606, 1609, 1610, 1612, 1618,
     1625, 1630, 1633, 1636, 1640, 1642, 1646, 1649, 1656, 1662, 1664, 1667,
     1669, 1671, 1677, 1679, 1689, 1692, 1697, 1704, 1706, 1714, 1722, 1730,
     1731, 1733, 1734, 1738, 1741, 1744, 1751, 1761, 1766, 1769, 1771, 1772,
     1775, 1781, 1795, 1798, 1802, 1811, 1814, 1815, 1818, 1822, 1825, 1829,
     1830, 1833, 1839, 1841, 1844, 1851, 1854, 1855, 1857, 1858, 1864, 1865,
     1870, 1871, 1878, 1879, 1884, 1888, 1891, 1904, 1907, 1914, 1922, 1932,
     1934, 1939, 1942, 1944, 1945, 1948, 1958, 1963, 1969, 1971, 1974, 1977,
     1978, 1981, 1982, 1984, 1985, 1999, 2003, 2009, 2010, 2015, 2018, 2021,
     2022, 2029, 2033, 2037, 2041, 2044, 2048, 2051, 2052, 2057, 2064, 2066,
     2068, 2069, 2079, 2082, 2085, 2086, 2089, 2091, 2092, 2097, 2099, 2100,
     2107, 2109, 2111, 2116, 2117, 2119, 2121, 2122, 2124, 2125, 2130, 2137,
     2140, 2146, 2150, 2153, 2158, 2161, 2162, 2166, 2172, 2175, 2177, 2180,
     2182, 2195, 2197, 2198, 2201, 2202, 2205, 2207, 2208, 2210, 2216, 2221,
     2223, 2230, 2232, 2236, 2238, 2241, 2246, 2248, 2252, 2257, 2258, 2261,
     2264, 2271, 2277, 2278, 2284, 2288, 2291, 2294, 2296, 2300, 2301, 2305,
     2310, 2312, 2320, 2326, 2329, 2333, 2335, 2337, 2338, 2340, 2341, 2344,
     2351, 2355, 2360, 2364, 2375, 2378, 2380, 2387, 2389, 2392, 2400, 2402,
     2405, 2406, 2413, 2415, 2419, 2420, 2425, 2434, 2436, 2437, 2451, 2458,
     2464, 2467, 2468, 2476, 2477, 2481, 2486, 2489, 2490, 2492, 2494, 2495,
     2498, 2501, 2508, 2510, 2513, 2519, 2522, 2523, 2525, 2532, 2541, 2543,
     2546, 2551, 2553, 2554, 2557, 2559, 2562, 2567, 2571, 2574, 2578, 2580,
     2586, 2587, 2592, 2596, 2599, 2604, 2606, 2610, 2613, 2616, 2619, 2623,
     2630, 2633, 2634, 2637, 2639, 2642, 2644, 2647, 2648, 2655, 2657, 2658,
     2661, 2663, 2664, 2667, 2671, 2675, 2682, 2685, 2692, 2696, 2698, 2701,
     2710, 2712, 2714, 2717, 2725, 2729, 2731, 2736, 2742, 2746, 2749, 2755,
     2761, 2764, 2766, 2767, 2771, 2777, 2782, 2785, 2790, 2798, 2802, 2808,
     2812, 2814, 2817, 2818
[ 1] 3, 17, 19, 21, 24, 27, 30, 35, 39, 42, 44, 54, 57, 60, 67, 68, 76, 77,
     88, 91, 95, 99, 103, 106, 109, 111, 114, 118, 122, 125, 129, 133, 141,
     143, 147, 151, 154, 155, 164, 174, 177, 180, 192, 195, 199, 203, 205,
     211, 215, 217, 223, 225, 231, 241, 245, 248, 253, 258, 261, 268, 271,
     276, 280, 282, 285, 287, 292, 294, 296, 299, 302, 304, 307, 312, 314,
     317, 320, 323, 327, 334, 337, 339, 343, 346, 355, 358, 366, 371, 375,
     383, 384, 389, 404, 412, 415, 417, 418, 421, 427, 436, 447, 450, 454,
     463, 464, 467, 472, 474, 477, 482, 492, 496, 507, 516, 519, 524, 526,
     529, 533, 538, 541, 545, 550, 552, 555, 557, 563, 564, 570, 573, 576,
     579, 596, 599, 601, 611, 614, 617, 620, 623, 625, 629, 637, 642, 646,
     650, 653, 659, 663, 671, 678, 684, 686, 690, 693, 705, 706, 709, 711,
     714, 719, 721, 732, 739, 750, 754, 756, 759, 763, 770, 776, 780, 790,
     791, 795, 798, 800, 803, 806, 830, 835, 839, 840, 845, 849, 854, 857,
     858, 862, 865, 870, 875, 878, 881, 891, 901, 904, 907, 919, 924, 926,
     930, 932, 936, 941, 943, 946, 953, 956, 966, 968, 972, 979, 985, 993,
     997, 1002, 1010, 1014, 1018, 1026, 1032, 1047, 1050, 1054, 1064, 1071,
     1073, 1077, 1081, 1084, 1091, 1095, 1099, 1101, 1106, 1116, 1119, 1125,
     1128, 1130, 1134, 1140, 1148, 1149, 1153, 1154, 1157, 1161, 1166, 1173,
     1177, 1178, 1182, 1184, 1190, 1193, 1196, 1198, 1200, 1205, 1210, 1213,
     1217, 1225, 1227, 1231, 1234, 1236, 1240, 1244, 1249, 1252, 1256, 1260,
     1263, 1265, 1269, 1272, 1278, 1279, 1284, 1294, 1297, 1300, 1311, 1313,
     1321, 1324, 1328, 1331, 1333, 1340, 1348, 1352, 1356, 1362, 1364, 1371,
     1378, 1383, 1386, 1388, 1392, 1395, 1397, 1404, 1411, 1418, 1422, 1424,
     1431, 1433, 1442, 1444, 1452, 1461, 1463, 1465, 1468, 1470, 1473, 1477,
     1479, 1482, 1484, 1487, 1490, 1494, 1496, 1500, 1502, 1505, 1509, 1511,
     1515, 1517, 1520, 1523, 1542, 1544, 1547, 1550, 1557, 1562, 1566, 1570,
     1574, 1576, 1579, 1582, 1586, 1588, 1597, 1608, 1611, 1613, 1617, 1624,
     1627, 1634, 1635, 1639, 1643, 1645, 1648, 1655, 1658, 1661, 1663, 1666,
     1668, 1670, 1676, 1678, 1682, 1687, 1693, 1695, 1698, 1703, 1713, 1720,
     1723, 1727, 1729, 1732, 1736, 1740, 1747, 1752, 1755, 1765, 1770, 1776,
     1778, 1780, 1789, 1793, 1794, 1797, 1800, 1803, 1806, 1812, 1817, 1820,
     1824, 1828, 1836, 1845, 1847, 1853, 1856, 1861, 1863, 1867, 1873, 1877,
     1880, 1885, 1887, 1892, 1896, 1900, 1910, 1918, 1925, 1928, 1936, 1938,
     1941, 1943, 1947, 1952, 1957, 1961, 1966, 1968, 1976, 1980, 1983, 1986,
     1991, 1993, 2001, 2006, 2008, 2012, 2014, 2020, 2023, 2026, 2028, 2035,
     2039, 2043, 2050, 2054, 2058, 2062, 2063, 2074, 2076, 2078, 2080, 2088,
     2094, 2096, 2098, 2101, 2103, 2106, 2115, 2133, 2136, 2139, 2145, 2149,
     2157, 2160, 2171, 2174, 2183, 2186, 2190, 2194, 2196, 2204, 2206, 2209,
     2218, 2220, 2222, 2225, 2227, 2229, 2231, 2237, 2240, 2250, 2254, 2256,
     2259, 2262, 2274, 2280, 2285, 2289, 2290, 2293, 2298, 2304, 2309, 2313,
     2317, 2319, 2322, 2328, 2334, 2336, 2348, 2350, 2366, 2368, 2374, 2377,
     2379, 2385, 2388, 2391, 2393, 2399, 2408, 2414, 2418, 2426, 2442, 2445,
     2448, 2455, 2457, 2463, 2472, 2475, 2480, 2485, 2493, 2497, 2504, 2506,
     2512, 2518, 2526, 2531, 2534, 2538, 2540, 2542, 2545, 2547, 2550, 2556,
     2558, 2570, 2572, 2577, 2581, 2583, 2589, 2591, 2595, 2600, 2602, 2608,
     2609, 2612, 2615, 2622, 2627, 2632, 2635, 2638, 2645, 2646, 2650, 2660,
     2662, 2666, 2674, 2677, 2680, 2689, 2691, 2699, 2705, 2708, 2711, 2715,
     2718, 2722, 2724, 2728, 2730, 2735, 2739, 2740, 2745, 2751, 2760, 2763,
     2770, 2773, 2774, 2780, 2784, 2786, 2792, 2795, 2797, 2800, 2801, 2804,
     2807, 2810
[ 2] 0, 6, 15, 18, 52, 56, 73, 82, 93, 116, 127, 132, 140, 145, 152, 159, 163,
     167, 179, 183, 186, 190, 194, 198, 201, 213, 234, 238, 244, 247, 252,
     255, 259, 273, 278, 284, 306, 310, 316, 319, 322, 326, 336, 341, 353,
     360, 365, 368, 373, 386, 408, 423, 429, 443, 446, 470, 478, 486, 490,
     497, 500, 503, 508, 515, 528, 532, 536, 540, 547, 556, 561, 569, 592,
     604, 627, 630, 634, 652, 661, 674, 677, 683, 692, 695, 698, 702, 727,
     733, 737, 740, 743, 747, 758, 761, 764, 768, 772, 782, 786, 796, 802,
     805, 814, 820, 828, 831, 837, 846, 851, 874, 895, 899, 906, 909, 912,
     921, 925, 931, 935, 945, 955, 959, 973, 978, 984, 1004, 1008, 1011, 1019,
     1023, 1036, 1040, 1044, 1055, 1059, 1063, 1068, 1072, 1076, 1080, 1086,
     1090, 1094, 1097, 1102, 1115, 1122, 1133, 1139, 1143, 1158, 1168, 1172,
     1186, 1206, 1215, 1221, 1224, 1232, 1239, 1242, 1246, 1251, 1255, 1259,
     1275, 1290, 1303, 1320, 1323, 1330, 1338, 1342, 1347, 1354, 1374, 1377,
     1387, 1393, 1400, 1409, 1413, 1417, 1436, 1439, 1447, 1451, 1460, 1475,
     1489, 1492, 1499, 1507, 1510, 1513, 1516, 1522, 1525, 1533, 1538, 1555,
     1573, 1584, 1607, 1619, 1622, 1628, 1631, 1637, 1644, 1659, 1665, 1672,
     1681, 1684, 1690, 1699, 1709, 1712, 1728, 1735, 1739, 1745, 1749, 1757,
     1767, 1773, 1777, 1782, 1787, 1791, 1804, 1819, 1834, 1837, 1842, 1852,
     1859, 1862, 1866, 1882, 1886, 1895, 1898, 1902, 1905, 1908, 1920, 1930,
     1946, 1949, 1953, 1956, 1959, 1975, 1979, 1989, 1992, 1995, 2000, 2004,
     2013, 2025, 2030, 2049, 2070, 2083, 2087, 2114, 2126, 2135, 2138, 2141,
     2144, 2147, 2151, 2156, 2163, 2170, 2173, 2199, 2203, 2211, 2214, 2265,
     2275, 2279, 2286, 2307, 2321, 2342, 2345, 2352, 2358, 2372, 2376, 2384,
     2395, 2403, 2407, 2410, 2440, 2443, 2446, 2449, 2453, 2461, 2465, 2471,
     2474, 2478, 2482, 2499, 2502, 2516, 2520, 2529, 2533, 2536, 2539, 2560,
     2568, 2575, 2584, 2590, 2594, 2617, 2621, 2625, 2628, 2631, 2640, 2649,
     2653, 2665, 2672, 2676, 2683, 2686, 2690, 2694, 2719, 2723, 2733, 2737,
     2743, 2747, 2752, 2756, 2762, 2768, 2791, 2794, 2803
[ 3] 5, 10, 14, 28, 36, 38, 43, 51, 61, 70, 79, 83, 85, 90, 94, 101, 134, 136,
     142, 150, 160, 166, 170, 175, 197, 200, 204, 220, 236, 249, 250, 263,
     275, 283, 291, 300, 313, 329, 333, 338, 344, 348, 359, 379, 382, 399,
     401, 406, 431, 442, 455, 466, 476, 493, 506, 510, 551, 567, 577, 581,
     587, 589, 593, 600, 606, 655, 657, 665, 669, 691, 716, 720, 726, 748,
     757, 783, 793, 804, 832, 847, 864, 876, 885, 887, 896, 902, 910, 913,
     916, 920, 942, 950, 971, 980, 991, 999, 1009, 1012, 1017, 1028, 1039,
     1045, 1056, 1061, 1065, 1075, 1087, 1093, 1104, 1110, 1117, 1121, 1131,
     1137, 1162, 1169, 1185, 1194, 1195, 1201, 1209, 1216, 1223, 1229, 1250,
     1254, 1261, 1264, 1273, 1285, 1296, 1308, 1314, 1332, 1339, 1344, 1361,
     1368, 1382, 1401, 1420, 1423, 1435, 1462, 1466, 1483, 1504, 1530, 1534,
     1540, 1545, 1558, 1561, 1572, 1590, 1601, 1602, 1647, 1657, 1702, 1742,
     1743, 1748, 1753, 1760, 1764, 1786, 1807, 1808, 1821, 1823, 1832, 1840,
     1848, 1869, 1890, 1915, 1965, 2002, 2019, 2027, 2040, 2042, 2045, 2047,
     2059, 2061, 2072, 2075, 2077, 2081, 2090, 2095, 2118, 2120, 2128, 2129,
     2155, 2165, 2179, 2189, 2200, 2213, 2233, 2239, 2249, 2251, 2255, 2263,
     2270, 2315, 2318, 2323, 2325, 2339, 2347, 2354, 2381, 2390, 2412, 2427,
     2433, 2435, 2439, 2452, 2454, 2500, 2515, 2521, 2530, 2544, 2573, 2585,
     2597, 2605, 2614, 2624, 2629, 2656, 2659, 2668, 2670, 2678, 2679, 2684,
     2688, 2693, 2709, 2726, 2732, 2748, 2765, 2783, 2789, 2796, 2815, 2816
[ 4] 32, 71, 100, 157, 185, 187, 209, 257, 270, 308, 325, 352, 356, 364, 367,
     376, 393, 409, 419, 428, 434, 439, 449, 452, 459, 475, 480, 484, 512,
     522, 525, 560, 571, 584, 598, 609, 612, 622, 632, 641, 649, 660, 673,
     700, 704, 712, 718, 736, 745, 752, 774, 778, 794, 810, 815, 818, 821,
     850, 852, 892, 927, 944, 963, 982, 990, 1006, 1020, 1024, 1041, 1052,
     1070, 1144, 1160, 1188, 1199, 1219, 1226, 1258, 1267, 1268, 1281, 1293,
     1312, 1317, 1322, 1325, 1334, 1346, 1353, 1369, 1375, 1385, 1407, 1412,
     1415, 1425, 1437, 1445, 1449, 1464, 1481, 1553, 1564, 1567, 1580, 1583,
     1592, 1594, 1615, 1621, 1653, 1680, 1686, 1701, 1705, 1711, 1737, 1756,
     1768, 1813, 1835, 1850, 1868, 1881, 1889, 1894, 1901, 1903, 1906, 1911,
     1919, 1926, 1929, 1931, 1933, 1951, 1955, 1960, 1973, 1988, 1994, 1997,
     2016, 2024, 2032, 2038, 2056, 2084, 2113, 2123, 2143, 2159, 2169, 2181,
     2185, 2192, 2217, 2228, 2235, 2242, 2266, 2276, 2282, 2295, 2299, 2306,
     2327, 2331, 2343, 2356, 2359, 2362, 2365, 2369, 2383, 2397, 2404, 2409,
     2423, 2424, 2428, 2431, 2460, 2466, 2469, 2488, 2491, 2509, 2548, 2552,
     2555, 2563, 2566, 2593, 2601, 2603, 2636, 2652, 2654, 2700, 2703, 2707,
     2721, 2741, 2781, 2805, 2806, 2811
[ 5] 7, 25, 66, 72, 115, 120, 126, 131, 138, 153, 168, 208, 239, 272, 279,
     288, 297, 318, 332, 340, 345, 361, 363, 369, 374, 388, 392, 397, 402,
     424, 433, 438, 444, 491, 499, 501, 505, 543, 546, 554, 578, 585, 588,
     615, 618, 636, 640, 666, 667, 676, 681, 685, 694, 697, 713, 722, 729,
     742, 788, 801, 807, 808, 813, 824, 836, 853, 856, 867, 868, 871, 872,
     929, 937, 939, 949, 960, 970, 976, 992, 1015, 1035, 1066, 1112, 1113,
     1123, 1150, 1176, 1191, 1214, 1222, 1247, 1289, 1304, 1306, 1319, 1326,
     1337, 1359, 1367, 1376, 1391, 1419, 1427, 1428, 1459, 1471, 1506, 1514,
     1526, 1528, 1535, 1537, 1575, 1605, 1626, 1629, 1674, 1700, 1708, 1710,
     1718, 1721, 1724, 1750, 1759, 1763, 1779, 1784, 1785, 1809, 1826, 1838,
     1876, 1897, 1916, 1962, 1970, 1998, 2046, 2065, 2071, 2104, 2108, 2132,
     2134, 2142, 2187, 2215, 2224, 2244, 2245, 2267, 2269, 2297, 2303, 2314,
     2316, 2332, 2346, 2349, 2357, 2363, 2371, 2394, 2416, 2429, 2444, 2470,
     2473, 2514, 2528, 2535, 2561, 2564, 2669, 2681, 2695, 2704, 2706, 2775,
     2776, 2793
[ 6] 1, 48, 59, 63, 98, 107, 172, 184, 219, 226, 228, 254, 256, 266, 290, 331,
     351, 394, 458, 479, 481, 488, 539, 548, 559, 565, 582, 619, 635, 648,
     672, 675, 680, 688, 703, 731, 734, 762, 765, 769, 773, 777, 787, 827,
     933, 938, 957, 974, 981, 988, 1001, 1005, 1031, 1053, 1098, 1126, 1129,
     1135, 1155, 1156, 1165, 1175, 1180, 1197, 1218, 1277, 1288, 1291, 1298,
     1301, 1315, 1318, 1345, 1355, 1358, 1384, 1410, 1414, 1429, 1440, 1443,
     1448, 1455, 1458, 1480, 1512, 1518, 1549, 1560, 1568, 1585, 1591, 1614,
     1638, 1641, 1650, 1652, 1654, 1683, 1685, 1688, 1696, 1716, 1726, 1754,
     1790, 1827, 1874, 1893, 1913, 1923, 1924, 1927, 1950, 1954, 1967, 1987,
     2007, 2031, 2036, 2055, 2067, 2102, 2110, 2112, 2131, 2148, 2152, 2168,
     2176, 2184, 2191, 2260, 2273, 2281, 2302, 2330, 2361, 2367, 2386, 2401,
     2417, 2422, 2430, 2441, 2484, 2487, 2496, 2503, 2507, 2565, 2579, 2582,
     2588, 2611, 2620, 2641, 2651, 2673, 2697, 2713, 2744, 2754, 2758, 2769,
     2779, 2787, 2799, 2809
[ 7] 9, 12, 16, 41, 74, 130, 146, 210, 262, 274, 281, 289, 298, 311, 330, 347,
     357, 378, 387, 403, 453, 498, 518, 566, 580, 605, 608, 628, 631, 645,
     662, 710, 728, 730, 751, 797, 812, 829, 838, 884, 890, 900, 903, 922,
     948, 965, 1016, 1034, 1060, 1069, 1100, 1109, 1111, 1136, 1203, 1207,
     1243, 1262, 1270, 1276, 1282, 1310, 1343, 1430, 1472, 1476, 1493, 1536,
     1539, 1559, 1571, 1623, 1632, 1651, 1675, 1691, 1707, 1719, 1783, 1799,
     1801, 1805, 1816, 1831, 1843, 1875, 1912, 1917, 1935, 1990, 2034, 2053,
     2060, 2073, 2188, 2193, 2219, 2226, 2243, 2253, 2268, 2308, 2353, 2373,
     2382, 2396, 2432, 2438, 2447, 2450, 2456, 2459, 2462, 2517, 2524, 2549,
     2569, 2618, 2687, 2727, 2734, 2753, 2757, 2772, 2778, 2788, 2813
[ 8] 26, 46, 49, 53, 117, 191, 265, 303, 381, 426, 435, 440, 456, 461, 471,
     487, 616, 696, 699, 708, 724, 789, 940, 962, 995, 998, 1103, 1146, 1151,
     1187, 1351, 1381, 1467, 1694, 1717, 1725, 1762, 1774, 1792, 1796, 1860,
     1872, 1899, 1964, 2011, 2127, 2154, 2178, 2272, 2287, 2292, 2311, 2398,
     2479, 2483, 2511, 2576, 2626, 2738
[ 9] 29, 149, 214, 260, 342, 420, 430, 483, 495, 509, 521, 537, 562, 656, 717,
     741, 744, 779, 843, 861, 866, 952, 969, 1127, 1159, 1183, 1192, 1336,
     1360, 1394, 1406, 1508, 1563, 1620, 1673, 1715, 1810, 1849, 1909, 1921,
     1937, 1972, 1996, 2005, 2164, 2234, 2283, 2324, 2421, 2505, 2527, 2537,
     2598, 2607, 2702, 2716, 2750
[10] 128, 301, 354, 416, 738, 826, 967, 1037, 1426, 1556, 1599, 1660, 1746,
     1846, 1883, 2093, 2167, 2212, 2247, 2411, 2759
[11] 97, 202, 235, 350, 414, 504, 1233, 1616, 1758, 1788, 1940, 2017, 2105,
     2370, 2643, 2720

Reassigned labels

Runtime: 5.4117114543914795

Performance split_log:

IM without threshold:
Map:
{"D_0": "D", "D_1": "D", "D_2": "D", "D_3": "D", "D_4": "D", "D_5": "D", "D_6": "D", "D_7": "D", "D_8": "D", "D_9": "D", "D_10": "D", "D_11": "D"}
token_fitness
{"perc_fit_traces": 17.7, "average_trace_fitness": 0.9630077167520458, "log_fitness": 0.9639530664086126, "percentage_of_fitting_traces": 17.7}
precision
0.613929127542113
0.6326530612244898
generalization
0.9241633463464735

Adjusted Rand Index:
0.1698802454059833



Parameters of this run:

Window size: 1
Threshold for edges: 1
Split candidates: D
Max number of traces: 5000000
Method for distance calculation: Distance.MULTISET_DISTANCE
Method for finding clusters: ClusteringMethod.COMMUNITY_DETECTION
Original log location: ./data/noImprInLoop_default_OD\feb17-0936\logs\H_1_LogD_Sequence_feb17-0936.xes.gz
Use frequency: True

Found communities: 

Clustering with 2819 elements and 12 clusters
[ 0] 2, 4, 8, 11, 13, 20, 22, 23, 31, 33, 34, 37, 40, 45, 47, 50, 55, 58, 62,
     64, 65, 69, 75, 78, 80, 81, 84, 86, 87, 89, 92, 96, 102, 104, 105, 108,
     110, 112, 113, 119, 121, 123, 124, 135, 137, 139, 144, 148, 156, 158,
     161, 162, 165, 169, 171, 173, 176, 178, 181, 182, 188, 189, 193, 196,
     206, 207, 212, 216, 218, 221, 222, 224, 227, 229, 230, 232, 233, 237,
     240, 242, 243, 246, 251, 264, 267, 269, 277, 286, 293, 295, 305, 309,
     315, 321, 324, 328, 335, 349, 362, 370, 372, 377, 380, 385, 390, 391,
     395, 396, 398, 400, 405, 407, 410, 411, 413, 422, 425, 432, 437, 441,
     445, 448, 451, 457, 460, 462, 465, 468, 469, 473, 485, 489, 494, 502,
     511, 513, 514, 517, 520, 523, 527, 530, 531, 534, 535, 542, 544, 549,
     553, 558, 568, 572, 574, 575, 583, 586, 590, 591, 594, 595, 597, 602,
     603, 607, 610, 613, 621, 624, 626, 633, 638, 639, 643, 644, 647, 651,
     654, 658, 664, 668, 670, 679, 682, 687, 689, 701, 707, 715, 723, 725,
     735, 746, 749, 753, 755, 760, 766, 767, 771, 775, 781, 784, 785, 792,
     799, 809, 811, 816, 817, 819, 822, 823, 825, 833, 834, 841, 842, 844,
     848, 855, 859, 860, 863, 869, 873, 877, 879, 880, 882, 883, 886, 888,
     889, 893, 894, 897, 898, 905, 908, 911, 914, 915, 917, 918, 923, 928,
     934, 947, 951, 954, 958, 961, 964, 975, 977, 983, 986, 987, 989, 994,
     996, 1000, 1003, 1007, 1013, 1021, 1022, 1025, 1027, 1029, 1030, 1033,
     1038, 1042, 1043, 1046, 1048, 1049, 1051, 1057, 1058, 1062, 1067, 1074,
     1078, 1079, 1082, 1083, 1085, 1088, 1089, 1092, 1096, 1105, 1107, 1108,
     1114, 1118, 1120, 1124, 1132, 1138, 1141, 1142, 1145, 1147, 1152, 1163,
     1164, 1167, 1170, 1171, 1174, 1179, 1181, 1189, 1202, 1204, 1208, 1211,
     1212, 1220, 1228, 1230, 1235, 1237, 1238, 1241, 1245, 1248, 1253, 1257,
     1266, 1271, 1274, 1280, 1283, 1286, 1287, 1292, 1295, 1299, 1302, 1305,
     1307, 1309, 1316, 1327, 1329, 1335, 1341, 1349, 1350, 1357, 1363, 1365,
     1366, 1370, 1372, 1373, 1379, 1380, 1389, 1390, 1396, 1398, 1399, 1402,
     1403, 1405, 1408, 1416, 1421, 1432, 1434, 1438, 1441, 1446, 1450, 1453,
     1454, 1456, 1457, 1469, 1474, 1478, 1485, 1486, 1488, 1491, 1495, 1497,
     1498, 1501, 1503, 1519, 1521, 1524, 1527, 1529, 1531, 1532, 1541, 1543,
     1546, 1548, 1551, 1552, 1554, 1565, 1569, 1577, 1578, 1581, 1587, 1589,
     1593, 1595, 1596, 1598, 1600, 1603, 1604, 1606, 1609, 1610, 1612, 1618,
     1625, 1630, 1633, 1636, 1640, 1642, 1646, 1649, 1656, 1662, 1664, 1667,
     1669, 1671, 1677, 1679, 1689, 1692, 1697, 1704, 1706, 1714, 1722, 1730,
     1731, 1733, 1734, 1738, 1741, 1744, 1751, 1761, 1766, 1769, 1771, 1772,
     1775, 1781, 1795, 1798, 1802, 1811, 1814, 1815, 1818, 1822, 1825, 1829,
     1830, 1833, 1839, 1841, 1844, 1851, 1854, 1855, 1857, 1858, 1864, 1865,
     1870, 1871, 1878, 1879, 1884, 1888, 1891, 1904, 1907, 1914, 1922, 1932,
     1934, 1939, 1942, 1944, 1945, 1948, 1958, 1963, 1969, 1971, 1974, 1977,
     1978, 1981, 1982, 1984, 1985, 1999, 2003, 2009, 2010, 2015, 2018, 2021,
     2022, 2029, 2033, 2037, 2041, 2044, 2048, 2051, 2052, 2057, 2064, 2066,
     2068, 2069, 2079, 2082, 2085, 2086, 2089, 2091, 2092, 2097, 2099, 2100,
     2107, 2109, 2111, 2116, 2117, 2119, 2121, 2122, 2124, 2125, 2130, 2137,
     2140, 2146, 2150, 2153, 2158, 2161, 2162, 2166, 2172, 2175, 2177, 2180,
     2182, 2195, 2197, 2198, 2201, 2202, 2205, 2207, 2208, 2210, 2216, 2221,
     2223, 2230, 2232, 2236, 2238, 2241, 2246, 2248, 2252, 2257, 2258, 2261,
     2264, 2271, 2277, 2278, 2284, 2288, 2291, 2294, 2296, 2300, 2301, 2305,
     2310, 2312, 2320, 2326, 2329, 2333, 2335, 2337, 2338, 2340, 2341, 2344,
     2351, 2355, 2360, 2364, 2375, 2378, 2380, 2387, 2389, 2392, 2400, 2402,
     2405, 2406, 2413, 2415, 2419, 2420, 2425, 2434, 2436, 2437, 2451, 2458,
     2464, 2467, 2468, 2476, 2477, 2481, 2486, 2489, 2490, 2492, 2494, 2495,
     2498, 2501, 2508, 2510, 2513, 2519, 2522, 2523, 2525, 2532, 2541, 2543,
     2546, 2551, 2553, 2554, 2557, 2559, 2562, 2567, 2571, 2574, 2578, 2580,
     2586, 2587, 2592, 2596, 2599, 2604, 2606, 2610, 2613, 2616, 2619, 2623,
     2630, 2633, 2634, 2637, 2639, 2642, 2644, 2647, 2648, 2655, 2657, 2658,
     2661, 2663, 2664, 2667, 2671, 2675, 2682, 2685, 2692, 2696, 2698, 2701,
     2710, 2712, 2714, 2717, 2725, 2729, 2731, 2736, 2742, 2746, 2749, 2755,
     2761, 2764, 2766, 2767, 2771, 2777, 2782, 2785, 2790, 2798, 2802, 2808,
     2812, 2814, 2817, 2818
[ 1] 3, 17, 19, 21, 24, 27, 30, 35, 39, 42, 44, 54, 57, 60, 67, 68, 76, 77,
     88, 91, 95, 99, 103, 106, 109, 111, 114, 118, 122, 125, 129, 133, 141,
     143, 147, 151, 154, 155, 164, 174, 177, 180, 192, 195, 199, 203, 205,
     211, 215, 217, 223, 225, 231, 241, 245, 248, 253, 258, 261, 268, 271,
     276, 280, 282, 285, 287, 292, 294, 296, 299, 302, 304, 307, 312, 314,
     317, 320, 323, 327, 334, 337, 339, 343, 346, 355, 358, 366, 371, 375,
     383, 384, 389, 404, 412, 415, 417, 418, 421, 427, 436, 447, 450, 454,
     463, 464, 467, 472, 474, 477, 482, 492, 496, 507, 516, 519, 524, 526,
     529, 533, 538, 541, 545, 550, 552, 555, 557, 563, 564, 570, 573, 576,
     579, 596, 599, 601, 611, 614, 617, 620, 623, 625, 629, 637, 642, 646,
     650, 653, 659, 663, 671, 678, 684, 686, 690, 693, 705, 706, 709, 711,
     714, 719, 721, 732, 739, 750, 754, 756, 759, 763, 770, 776, 780, 790,
     791, 795, 798, 800, 803, 806, 830, 835, 839, 840, 845, 849, 854, 857,
     858, 862, 865, 870, 875, 878, 881, 891, 901, 904, 907, 919, 924, 926,
     930, 932, 936, 941, 943, 946, 953, 956, 966, 968, 972, 979, 985, 993,
     997, 1002, 1010, 1014, 1018, 1026, 1032, 1047, 1050, 1054, 1064, 1071,
     1073, 1077, 1081, 1084, 1091, 1095, 1099, 1101, 1106, 1116, 1119, 1125,
     1128, 1130, 1134, 1140, 1148, 1149, 1153, 1154, 1157, 1161, 1166, 1173,
     1177, 1178, 1182, 1184, 1190, 1193, 1196, 1198, 1200, 1205, 1210, 1213,
     1217, 1225, 1227, 1231, 1234, 1236, 1240, 1244, 1249, 1252, 1256, 1260,
     1263, 1265, 1269, 1272, 1278, 1279, 1284, 1294, 1297, 1300, 1311, 1313,
     1321, 1324, 1328, 1331, 1333, 1340, 1348, 1352, 1356, 1362, 1364, 1371,
     1378, 1383, 1386, 1388, 1392, 1395, 1397, 1404, 1411, 1418, 1422, 1424,
     1431, 1433, 1442, 1444, 1452, 1461, 1463, 1465, 1468, 1470, 1473, 1477,
     1479, 1482, 1484, 1487, 1490, 1494, 1496, 1500, 1502, 1505, 1509, 1511,
     1515, 1517, 1520, 1523, 1542, 1544, 1547, 1550, 1557, 1562, 1566, 1570,
     1574, 1576, 1579, 1582, 1586, 1588, 1597, 1608, 1611, 1613, 1617, 1624,
     1627, 1634, 1635, 1639, 1643, 1645, 1648, 1655, 1658, 1661, 1663, 1666,
     1668, 1670, 1676, 1678, 1682, 1687, 1693, 1695, 1698, 1703, 1713, 1720,
     1723, 1727, 1729, 1732, 1736, 1740, 1747, 1752, 1755, 1765, 1770, 1776,
     1778, 1780, 1789, 1793, 1794, 1797, 1800, 1803, 1806, 1812, 1817, 1820,
     1824, 1828, 1836, 1845, 1847, 1853, 1856, 1861, 1863, 1867, 1873, 1877,
     1880, 1885, 1887, 1892, 1896, 1900, 1910, 1918, 1925, 1928, 1936, 1938,
     1941, 1943, 1947, 1952, 1957, 1961, 1966, 1968, 1976, 1980, 1983, 1986,
     1991, 1993, 2001, 2006, 2008, 2012, 2014, 2020, 2023, 2026, 2028, 2035,
     2039, 2043, 2050, 2054, 2058, 2062, 2063, 2074, 2076, 2078, 2080, 2088,
     2094, 2096, 2098, 2101, 2103, 2106, 2115, 2133, 2136, 2139, 2145, 2149,
     2157, 2160, 2171, 2174, 2183, 2186, 2190, 2194, 2196, 2204, 2206, 2209,
     2218, 2220, 2222, 2225, 2227, 2229, 2231, 2237, 2240, 2250, 2254, 2256,
     2259, 2262, 2274, 2280, 2285, 2289, 2290, 2293, 2298, 2304, 2309, 2313,
     2317, 2319, 2322, 2328, 2334, 2336, 2348, 2350, 2366, 2368, 2374, 2377,
     2379, 2385, 2388, 2391, 2393, 2399, 2408, 2414, 2418, 2426, 2442, 2445,
     2448, 2455, 2457, 2463, 2472, 2475, 2480, 2485, 2493, 2497, 2504, 2506,
     2512, 2518, 2526, 2531, 2534, 2538, 2540, 2542, 2545, 2547, 2550, 2556,
     2558, 2570, 2572, 2577, 2581, 2583, 2589, 2591, 2595, 2600, 2602, 2608,
     2609, 2612, 2615, 2622, 2627, 2632, 2635, 2638, 2645, 2646, 2650, 2660,
     2662, 2666, 2674, 2677, 2680, 2689, 2691, 2699, 2705, 2708, 2711, 2715,
     2718, 2722, 2724, 2728, 2730, 2735, 2739, 2740, 2745, 2751, 2760, 2763,
     2770, 2773, 2774, 2780, 2784, 2786, 2792, 2795, 2797, 2800, 2801, 2804,
     2807, 2810
[ 2] 0, 6, 15, 18, 52, 56, 73, 82, 93, 116, 127, 132, 140, 145, 152, 159, 163,
     167, 179, 183, 186, 190, 194, 198, 201, 213, 234, 238, 244, 247, 252,
     255, 259, 273, 278, 284, 306, 310, 316, 319, 322, 326, 336, 341, 353,
     360, 365, 368, 373, 386, 408, 423, 429, 443, 446, 470, 478, 486, 490,
     497, 500, 503, 508, 515, 528, 532, 536, 540, 547, 556, 561, 569, 592,
     604, 627, 630, 634, 652, 661, 674, 677, 683, 692, 695, 698, 702, 727,
     733, 737, 740, 743, 747, 758, 761, 764, 768, 772, 782, 786, 796, 802,
     805, 814, 820, 828, 831, 837, 846, 851, 874, 895, 899, 906, 909, 912,
     921, 925, 931, 935, 945, 955, 959, 973, 978, 984, 1004, 1008, 1011, 1019,
     1023, 1036, 1040, 1044, 1055, 1059, 1063, 1068, 1072, 1076, 1080, 1086,
     1090, 1094, 1097, 1102, 1115, 1122, 1133, 1139, 1143, 1158, 1168, 1172,
     1186, 1206, 1215, 1221, 1224, 1232, 1239, 1242, 1246, 1251, 1255, 1259,
     1275, 1290, 1303, 1320, 1323, 1330, 1338, 1342, 1347, 1354, 1374, 1377,
     1387, 1393, 1400, 1409, 1413, 1417, 1436, 1439, 1447, 1451, 1460, 1475,
     1489, 1492, 1499, 1507, 1510, 1513, 1516, 1522, 1525, 1533, 1538, 1555,
     1573, 1584, 1607, 1619, 1622, 1628, 1631, 1637, 1644, 1659, 1665, 1672,
     1681, 1684, 1690, 1699, 1709, 1712, 1728, 1735, 1739, 1745, 1749, 1757,
     1767, 1773, 1777, 1782, 1787, 1791, 1804, 1819, 1834, 1837, 1842, 1852,
     1859, 1862, 1866, 1882, 1886, 1895, 1898, 1902, 1905, 1908, 1920, 1930,
     1946, 1949, 1953, 1956, 1959, 1975, 1979, 1989, 1992, 1995, 2000, 2004,
     2013, 2025, 2030, 2049, 2070, 2083, 2087, 2114, 2126, 2135, 2138, 2141,
     2144, 2147, 2151, 2156, 2163, 2170, 2173, 2199, 2203, 2211, 2214, 2265,
     2275, 2279, 2286, 2307, 2321, 2342, 2345, 2352, 2358, 2372, 2376, 2384,
     2395, 2403, 2407, 2410, 2440, 2443, 2446, 2449, 2453, 2461, 2465, 2471,
     2474, 2478, 2482, 2499, 2502, 2516, 2520, 2529, 2533, 2536, 2539, 2560,
     2568, 2575, 2584, 2590, 2594, 2617, 2621, 2625, 2628, 2631, 2640, 2649,
     2653, 2665, 2672, 2676, 2683, 2686, 2690, 2694, 2719, 2723, 2733, 2737,
     2743, 2747, 2752, 2756, 2762, 2768, 2791, 2794, 2803
[ 3] 5, 10, 14, 28, 36, 38, 43, 51, 61, 70, 79, 83, 85, 90, 94, 101, 134, 136,
     142, 150, 160, 166, 170, 175, 197, 200, 204, 220, 236, 249, 250, 263,
     275, 283, 291, 300, 313, 329, 333, 338, 344, 348, 359, 379, 382, 399,
     401, 406, 431, 442, 455, 466, 476, 493, 506, 510, 551, 567, 577, 581,
     587, 589, 593, 600, 606, 655, 657, 665, 669, 691, 716, 720, 726, 748,
     757, 783, 793, 804, 832, 847, 864, 876, 885, 887, 896, 902, 910, 913,
     916, 920, 942, 950, 971, 980, 991, 999, 1009, 1012, 1017, 1028, 1039,
     1045, 1056, 1061, 1065, 1075, 1087, 1093, 1104, 1110, 1117, 1121, 1131,
     1137, 1162, 1169, 1185, 1194, 1195, 1201, 1209, 1216, 1223, 1229, 1250,
     1254, 1261, 1264, 1273, 1285, 1296, 1308, 1314, 1332, 1339, 1344, 1361,
     1368, 1382, 1401, 1420, 1423, 1435, 1462, 1466, 1483, 1504, 1530, 1534,
     1540, 1545, 1558, 1561, 1572, 1590, 1601, 1602, 1647, 1657, 1702, 1742,
     1743, 1748, 1753, 1760, 1764, 1786, 1807, 1808, 1821, 1823, 1832, 1840,
     1848, 1869, 1890, 1915, 1965, 2002, 2019, 2027, 2040, 2042, 2045, 2047,
     2059, 2061, 2072, 2075, 2077, 2081, 2090, 2095, 2118, 2120, 2128, 2129,
     2155, 2165, 2179, 2189, 2200, 2213, 2233, 2239, 2249, 2251, 2255, 2263,
     2270, 2315, 2318, 2323, 2325, 2339, 2347, 2354, 2381, 2390, 2412, 2427,
     2433, 2435, 2439, 2452, 2454, 2500, 2515, 2521, 2530, 2544, 2573, 2585,
     2597, 2605, 2614, 2624, 2629, 2656, 2659, 2668, 2670, 2678, 2679, 2684,
     2688, 2693, 2709, 2726, 2732, 2748, 2765, 2783, 2789, 2796, 2815, 2816
[ 4] 32, 71, 100, 157, 185, 187, 209, 257, 270, 308, 325, 352, 356, 364, 367,
     376, 393, 409, 419, 428, 434, 439, 449, 452, 459, 475, 480, 484, 512,
     522, 525, 560, 571, 584, 598, 609, 612, 622, 632, 641, 649, 660, 673,
     700, 704, 712, 718, 736, 745, 752, 774, 778, 794, 810, 815, 818, 821,
     850, 852, 892, 927, 944, 963, 982, 990, 1006, 1020, 1024, 1041, 1052,
     1070, 1144, 1160, 1188, 1199, 1219, 1226, 1258, 1267, 1268, 1281, 1293,
     1312, 1317, 1322, 1325, 1334, 1346, 1353, 1369, 1375, 1385, 1407, 1412,
     1415, 1425, 1437, 1445, 1449, 1464, 1481, 1553, 1564, 1567, 1580, 1583,
     1592, 1594, 1615, 1621, 1653, 1680, 1686, 1701, 1705, 1711, 1737, 1756,
     1768, 1813, 1835, 1850, 1868, 1881, 1889, 1894, 1901, 1903, 1906, 1911,
     1919, 1926, 1929, 1931, 1933, 1951, 1955, 1960, 1973, 1988, 1994, 1997,
     2016, 2024, 2032, 2038, 2056, 2084, 2113, 2123, 2143, 2159, 2169, 2181,
     2185, 2192, 2217, 2228, 2235, 2242, 2266, 2276, 2282, 2295, 2299, 2306,
     2327, 2331, 2343, 2356, 2359, 2362, 2365, 2369, 2383, 2397, 2404, 2409,
     2423, 2424, 2428, 2431, 2460, 2466, 2469, 2488, 2491, 2509, 2548, 2552,
     2555, 2563, 2566, 2593, 2601, 2603, 2636, 2652, 2654, 2700, 2703, 2707,
     2721, 2741, 2781, 2805, 2806, 2811
[ 5] 7, 25, 66, 72, 115, 120, 126, 131, 138, 153, 168, 208, 239, 272, 279,
     288, 297, 318, 332, 340, 345, 361, 363, 369, 374, 388, 392, 397, 402,
     424, 433, 438, 444, 491, 499, 501, 505, 543, 546, 554, 578, 585, 588,
     615, 618, 636, 640, 666, 667, 676, 681, 685, 694, 697, 713, 722, 729,
     742, 788, 801, 807, 808, 813, 824, 836, 853, 856, 867, 868, 871, 872,
     929, 937, 939, 949, 960, 970, 976, 992, 1015, 1035, 1066, 1112, 1113,
     1123, 1150, 1176, 1191, 1214, 1222, 1247, 1289, 1304, 1306, 1319, 1326,
     1337, 1359, 1367, 1376, 1391, 1419, 1427, 1428, 1459, 1471, 1506, 1514,
     1526, 1528, 1535, 1537, 1575, 1605, 1626, 1629, 1674, 1700, 1708, 1710,
     1718, 1721, 1724, 1750, 1759, 1763, 1779, 1784, 1785, 1809, 1826, 1838,
     1876, 1897, 1916, 1962, 1970, 1998, 2046, 2065, 2071, 2104, 2108, 2132,
     2134, 2142, 2187, 2215, 2224, 2244, 2245, 2267, 2269, 2297, 2303, 2314,
     2316, 2332, 2346, 2349, 2357, 2363, 2371, 2394, 2416, 2429, 2444, 2470,
     2473, 2514, 2528, 2535, 2561, 2564, 2669, 2681, 2695, 2704, 2706, 2775,
     2776, 2793
[ 6] 1, 48, 59, 63, 98, 107, 172, 184, 219, 226, 228, 254, 256, 266, 290, 331,
     351, 394, 458, 479, 481, 488, 539, 548, 559, 565, 582, 619, 635, 648,
     672, 675, 680, 688, 703, 731, 734, 762, 765, 769, 773, 777, 787, 827,
     933, 938, 957, 974, 981, 988, 1001, 1005, 1031, 1053, 1098, 1126, 1129,
     1135, 1155, 1156, 1165, 1175, 1180, 1197, 1218, 1277, 1288, 1291, 1298,
     1301, 1315, 1318, 1345, 1355, 1358, 1384, 1410, 1414, 1429, 1440, 1443,
     1448, 1455, 1458, 1480, 1512, 1518, 1549, 1560, 1568, 1585, 1591, 1614,
     1638, 1641, 1650, 1652, 1654, 1683, 1685, 1688, 1696, 1716, 1726, 1754,
     1790, 1827, 1874, 1893, 1913, 1923, 1924, 1927, 1950, 1954, 1967, 1987,
     2007, 2031, 2036, 2055, 2067, 2102, 2110, 2112, 2131, 2148, 2152, 2168,
     2176, 2184, 2191, 2260, 2273, 2281, 2302, 2330, 2361, 2367, 2386, 2401,
     2417, 2422, 2430, 2441, 2484, 2487, 2496, 2503, 2507, 2565, 2579, 2582,
     2588, 2611, 2620, 2641, 2651, 2673, 2697, 2713, 2744, 2754, 2758, 2769,
     2779, 2787, 2799, 2809
[ 7] 9, 12, 16, 41, 74, 130, 146, 210, 262, 274, 281, 289, 298, 311, 330, 347,
     357, 378, 387, 403, 453, 498, 518, 566, 580, 605, 608, 628, 631, 645,
     662, 710, 728, 730, 751, 797, 812, 829, 838, 884, 890, 900, 903, 922,
     948, 965, 1016, 1034, 1060, 1069, 1100, 1109, 1111, 1136, 1203, 1207,
     1243, 1262, 1270, 1276, 1282, 1310, 1343, 1430, 1472, 1476, 1493, 1536,
     1539, 1559, 1571, 1623, 1632, 1651, 1675, 1691, 1707, 1719, 1783, 1799,
     1801, 1805, 1816, 1831, 1843, 1875, 1912, 1917, 1935, 1990, 2034, 2053,
     2060, 2073, 2188, 2193, 2219, 2226, 2243, 2253, 2268, 2308, 2353, 2373,
     2382, 2396, 2432, 2438, 2447, 2450, 2456, 2459, 2462, 2517, 2524, 2549,
     2569, 2618, 2687, 2727, 2734, 2753, 2757, 2772, 2778, 2788, 2813
[ 8] 26, 46, 49, 53, 117, 191, 265, 303, 381, 426, 435, 440, 456, 461, 471,
     487, 616, 696, 699, 708, 724, 789, 940, 962, 995, 998, 1103, 1146, 1151,
     1187, 1351, 1381, 1467, 1694, 1717, 1725, 1762, 1774, 1792, 1796, 1860,
     1872, 1899, 1964, 2011, 2127, 2154, 2178, 2272, 2287, 2292, 2311, 2398,
     2479, 2483, 2511, 2576, 2626, 2738
[ 9] 29, 149, 214, 260, 342, 420, 430, 483, 495, 509, 521, 537, 562, 656, 717,
     741, 744, 779, 843, 861, 866, 952, 969, 1127, 1159, 1183, 1192, 1336,
     1360, 1394, 1406, 1508, 1563, 1620, 1673, 1715, 1810, 1849, 1909, 1921,
     1937, 1972, 1996, 2005, 2164, 2234, 2283, 2324, 2421, 2505, 2527, 2537,
     2598, 2607, 2702, 2716, 2750
[10] 128, 301, 354, 416, 738, 826, 967, 1037, 1426, 1556, 1599, 1660, 1746,
     1846, 1883, 2093, 2167, 2212, 2247, 2411, 2759
[11] 97, 202, 235, 350, 414, 504, 1233, 1616, 1758, 1788, 1940, 2017, 2105,
     2370, 2643, 2720

Reassigned labels

Runtime: 5.216659784317017

Performance split_log:

IM without threshold:
Map:
{"D_0": "D", "D_1": "D", "D_2": "D", "D_3": "D", "D_4": "D", "D_5": "D", "D_6": "D", "D_7": "D", "D_8": "D", "D_9": "D", "D_10": "D", "D_11": "D"}
token_fitness
{"perc_fit_traces": 17.7, "average_trace_fitness": 0.9459477493581876, "log_fitness": 0.9480920314253648, "percentage_of_fitting_traces": 17.7}
precision
0.613929127542113
0.6326530612244898
generalization
0.9224916896606146

Adjusted Rand Index:
0.1698802454059833



Parameters of this run:

Window size: 3
Threshold for edges: 0
Split candidates: D
Max number of traces: 5000000
Method for distance calculation: Distance.EDIT_DISTANCE
Method for finding clusters: ClusteringMethod.COMMUNITY_DETECTION
Original log location: ./data/noImprInLoop_default_OD\feb17-0936\logs\H_1_LogD_Sequence_feb17-0936.xes.gz
Use frequency: True

Found communities: 

Clustering with 2819 elements and 3 clusters
[0] 2, 4, 5, 8, 10, 11, 14, 17, 20, 22, 23, 25, 28, 31, 33, 34, 36, 37, 39,
    40, 43, 45, 48, 51, 55, 59, 61, 62, 65, 67, 70, 71, 72, 76, 78, 80, 81,
    83, 84, 86, 87, 90, 91, 92, 95, 96, 98, 100, 101, 102, 105, 108, 110, 113,
    115, 118, 119, 120, 121, 123, 124, 126, 129, 131, 134, 135, 136, 137, 139,
    142, 143, 144, 148, 151, 154, 157, 158, 161, 162, 166, 168, 169, 170, 171,
    173, 175, 176, 177, 178, 182, 185, 188, 189, 192, 193, 197, 200, 204, 206,
    207, 209, 212, 216, 219, 221, 222, 224, 227, 230, 233, 236, 237, 239, 240,
    243, 245, 246, 249, 250, 251, 254, 257, 258, 261, 263, 264, 267, 269, 270,
    272, 275, 280, 283, 286, 288, 290, 292, 293, 295, 297, 300, 302, 305, 308,
    309, 313, 314, 315, 318, 324, 325, 329, 331, 333, 335, 338, 340, 344, 346,
    348, 349, 352, 356, 359, 361, 362, 364, 367, 369, 370, 375, 376, 377, 379,
    380, 383, 388, 391, 392, 393, 396, 397, 398, 399, 400, 402, 404, 405, 406,
    407, 410, 411, 412, 413, 415, 417, 419, 422, 424, 425, 428, 431, 432, 434,
    437, 438, 439, 442, 444, 445, 448, 449, 452, 455, 458, 459, 460, 463, 466,
    469, 472, 473, 475, 477, 480, 482, 484, 485, 489, 492, 493, 494, 496, 499,
    501, 502, 505, 507, 510, 511, 513, 514, 516, 517, 519, 520, 522, 523, 525,
    527, 531, 535, 539, 541, 542, 544, 546, 550, 552, 553, 555, 560, 563, 565,
    567, 568, 571, 572, 575, 577, 579, 581, 584, 585, 586, 588, 590, 591, 594,
    595, 597, 598, 600, 603, 606, 607, 609, 610, 612, 613, 615, 617, 619, 623,
    624, 632, 633, 636, 639, 641, 644, 647, 649, 651, 655, 657, 658, 660, 664,
    666, 668, 671, 673, 676, 680, 681, 682, 685, 687, 689, 691, 694, 697, 700,
    701, 704, 705, 707, 709, 712, 713, 716, 719, 721, 723, 726, 729, 732, 736,
    739, 742, 745, 746, 750, 752, 753, 755, 757, 760, 763, 767, 771, 774, 775,
    777, 778, 781, 784, 785, 788, 792, 793, 795, 798, 799, 801, 804, 807, 809,
    810, 811, 813, 816, 817, 819, 822, 823, 824, 825, 827, 830, 833, 834, 836,
    839, 841, 842, 845, 847, 848, 850, 852, 853, 857, 860, 862, 863, 865, 867,
    869, 871, 873, 876, 877, 880, 883, 885, 886, 888, 889, 891, 893, 894, 897,
    898, 902, 904, 905, 907, 908, 910, 911, 914, 915, 917, 918, 920, 924, 927,
    928, 930, 934, 937, 939, 942, 944, 949, 950, 951, 953, 954, 958, 961, 963,
    964, 970, 972, 975, 976, 977, 980, 982, 983, 987, 989, 990, 992, 993, 994,
    997, 999, 1000, 1002, 1003, 1006, 1007, 1010, 1013, 1015, 1018, 1021,
    1022, 1024, 1025, 1027, 1029, 1030, 1033, 1035, 1039, 1042, 1043, 1046,
    1049, 1051, 1052, 1054, 1057, 1058, 1061, 1062, 1065, 1066, 1067, 1071,
    1074, 1075, 1079, 1083, 1085, 1088, 1089, 1092, 1093, 1095, 1096, 1099,
    1101, 1104, 1105, 1108, 1110, 1112, 1113, 1114, 1117, 1118, 1121, 1124,
    1126, 1129, 1131, 1132, 1135, 1137, 1138, 1142, 1145, 1148, 1150, 1153,
    1155, 1157, 1161, 1163, 1164, 1167, 1170, 1171, 1175, 1177, 1179, 1182,
    1185, 1188, 1189, 1191, 1194, 1196, 1198, 1199, 1201, 1202, 1205, 1209,
    1211, 1212, 1214, 1217, 1219, 1220, 1223, 1226, 1231, 1235, 1238, 1244,
    1245, 1248, 1250, 1253, 1254, 1258, 1261, 1264, 1267, 1269, 1272, 1273,
    1274, 1278, 1281, 1284, 1286, 1287, 1289, 1293, 1296, 1299, 1302, 1304,
    1305, 1307, 1309, 1312, 1314, 1316, 1317, 1319, 1322, 1325, 1327, 1329,
    1332, 1334, 1335, 1337, 1340, 1341, 1344, 1345, 1346, 1350, 1353, 1357,
    1359, 1361, 1363, 1366, 1368, 1369, 1370, 1372, 1373, 1375, 1376, 1380,
    1383, 1385, 1386, 1389, 1390, 1392, 1395, 1396, 1399, 1402, 1403, 1405,
    1407, 1408, 1411, 1412, 1415, 1416, 1419, 1420, 1421, 1423, 1425, 1427,
    1429, 1432, 1435, 1437, 1438, 1442, 1444, 1446, 1449, 1450, 1454, 1457,
    1459, 1462, 1464, 1466, 1469, 1471, 1473, 1474, 1478, 1480, 1481, 1483,
    1486, 1495, 1498, 1504, 1506, 1509, 1512, 1515, 1519, 1524, 1526, 1527,
    1529, 1531, 1532, 1535, 1537, 1540, 1541, 1542, 1543, 1545, 1546, 1549,
    1551, 1552, 1554, 1558, 1560, 1562, 1564, 1565, 1567, 1570, 1572, 1575,
    1578, 1580, 1581, 1583, 1587, 1589, 1590, 1592, 1593, 1595, 1596, 1598,
    1601, 1603, 1604, 1605, 1606, 1610, 1612, 1614, 1615, 1617, 1618, 1621,
    1625, 1627, 1629, 1630, 1634, 1636, 1640, 1643, 1647, 1650, 1653, 1656,
    1658, 1662, 1663, 1664, 1667, 1670, 1671, 1674, 1677, 1679, 1680, 1683,
    1686, 1687, 1689, 1693, 1695, 1698, 1700, 1701, 1703, 1704, 1705, 1706,
    1708, 1711, 1713, 1714, 1716, 1718, 1720, 1722, 1724, 1727, 1731, 1733,
    1734, 1737, 1738, 1742, 1743, 1744, 1748, 1751, 1753, 1755, 1756, 1759,
    1761, 1763, 1765, 1766, 1768, 1769, 1772, 1776, 1779, 1781, 1784, 1786,
    1790, 1793, 1794, 1795, 1797, 1798, 1803, 1807, 1809, 1812, 1814, 1815,
    1818, 1821, 1822, 1824, 1825, 1827, 1830, 1832, 1833, 1836, 1839, 1840,
    1841, 1845, 1848, 1850, 1851, 1854, 1855, 1857, 1858, 1861, 1865, 1868,
    1870, 1871, 1874, 1876, 1879, 1881, 1885, 1888, 1889, 1892, 1894, 1897,
    1901, 1903, 1904, 1906, 1907, 1911, 1914, 1916, 1919, 1923, 1925, 1926,
    1928, 1929, 1931, 1932, 1934, 1936, 1939, 1941, 1942, 1945, 1951, 1952,
    1955, 1961, 1962, 1963, 1966, 1968, 1969, 1970, 1971, 1973, 1974, 1978,
    1981, 1982, 1985, 1987, 1988, 1994, 1997, 1998, 1999, 2002, 2003, 2007,
    2009, 2010, 2012, 2016, 2019, 2021, 2022, 2024, 2027, 2029, 2032, 2033,
    2035, 2037, 2038, 2040, 2041, 2043, 2044, 2046, 2048, 2052, 2056, 2057,
    2059, 2062, 2064, 2065, 2066, 2069, 2072, 2075, 2077, 2079, 2081, 2082,
    2085, 2086, 2089, 2091, 2092, 2095, 2097, 2100, 2102, 2104, 2106, 2107,
    2108, 2109, 2111, 2112, 2113, 2116, 2117, 2118, 2119, 2121, 2122, 2124,
    2125, 2128, 2130, 2132, 2134, 2137, 2140, 2143, 2146, 2150, 2153, 2155,
    2158, 2159, 2162, 2165, 2166, 2168, 2169, 2172, 2174, 2175, 2177, 2179,
    2180, 2181, 2182, 2184, 2185, 2187, 2190, 2192, 2194, 2195, 2197, 2198,
    2201, 2202, 2208, 2210, 2213, 2215, 2216, 2218, 2221, 2223, 2228, 2230,
    2233, 2235, 2236, 2239, 2242, 2244, 2246, 2249, 2251, 2252, 2255, 2257,
    2258, 2261, 2263, 2264, 2266, 2267, 2269, 2270, 2271, 2274, 2277, 2278,
    2281, 2282, 2285, 2289, 2291, 2293, 2294, 2295, 2296, 2298, 2300, 2301,
    2303, 2305, 2306, 2310, 2313, 2315, 2317, 2319, 2320, 2323, 2325, 2326,
    2328, 2329, 2331, 2332, 2333, 2334, 2335, 2338, 2340, 2341, 2343, 2344,
    2347, 2349, 2351, 2354, 2355, 2357, 2359, 2360, 2362, 2363, 2364, 2366,
    2368, 2369, 2371, 2375, 2378, 2381, 2383, 2387, 2390, 2392, 2394, 2397,
    2399, 2400, 2402, 2405, 2406, 2409, 2412, 2413, 2414, 2415, 2417, 2419,
    2420, 2423, 2425, 2427, 2428, 2429, 2431, 2433, 2434, 2436, 2437, 2439,
    2442, 2448, 2452, 2455, 2458, 2460, 2463, 2464, 2467, 2468, 2469, 2470,
    2473, 2476, 2477, 2480, 2481, 2484, 2487, 2489, 2490, 2491, 2492, 2495,
    2498, 2500, 2501, 2504, 2506, 2508, 2509, 2510, 2513, 2515, 2519, 2522,
    2523, 2526, 2528, 2531, 2532, 2535, 2538, 2541, 2544, 2546, 2548, 2551,
    2553, 2554, 2556, 2557, 2559, 2562, 2563, 2564, 2566, 2567, 2570, 2571,
    2573, 2574, 2577, 2578, 2581, 2583, 2586, 2587, 2589, 2593, 2596, 2597,
    2600, 2602, 2603, 2604, 2606, 2608, 2611, 2614, 2615, 2616, 2620, 2624,
    2627, 2629, 2630, 2634, 2636, 2637, 2639, 2642, 2645, 2648, 2651, 2652,
    2655, 2657, 2658, 2660, 2661, 2663, 2664, 2666, 2667, 2669, 2671, 2674,
    2675, 2678, 2680, 2681, 2682, 2684, 2685, 2689, 2692, 2693, 2695, 2696,
    2698, 2700, 2701, 2703, 2705, 2707, 2709, 2710, 2711, 2712, 2715, 2718,
    2722, 2726, 2729, 2731, 2732, 2736, 2739, 2741, 2742, 2746, 2748, 2749,
    2755, 2758, 2760, 2761, 2764, 2766, 2767, 2770, 2771, 2775, 2777, 2780,
    2782, 2784, 2785, 2787, 2789, 2790, 2793, 2796, 2798, 2800, 2802, 2805,
    2807, 2808, 2810, 2811, 2812, 2815, 2817, 2818
[1] 1, 3, 7, 9, 12, 13, 16, 19, 21, 24, 26, 27, 29, 30, 32, 35, 38, 41, 42,
    44, 46, 47, 49, 50, 53, 54, 57, 58, 60, 63, 64, 66, 68, 69, 74, 75, 77,
    79, 85, 88, 89, 94, 97, 99, 103, 104, 106, 107, 109, 111, 112, 114, 117,
    122, 125, 128, 130, 133, 138, 141, 146, 147, 149, 150, 153, 155, 156, 160,
    164, 165, 172, 174, 180, 181, 184, 187, 191, 195, 196, 199, 202, 203, 205,
    208, 210, 211, 214, 215, 217, 218, 220, 223, 225, 226, 228, 229, 231, 232,
    235, 241, 242, 248, 253, 256, 260, 262, 265, 266, 268, 271, 274, 276, 277,
    279, 281, 282, 285, 287, 289, 291, 294, 296, 298, 299, 301, 303, 304, 307,
    311, 312, 317, 320, 321, 323, 327, 328, 330, 332, 334, 337, 339, 342, 343,
    345, 347, 350, 351, 354, 355, 357, 358, 363, 366, 371, 372, 374, 378, 381,
    382, 384, 385, 387, 389, 390, 394, 395, 401, 403, 409, 414, 416, 418, 420,
    421, 426, 427, 430, 433, 435, 436, 440, 441, 447, 450, 451, 453, 454, 456,
    457, 461, 462, 464, 465, 467, 468, 471, 474, 476, 479, 481, 483, 487, 488,
    491, 495, 498, 504, 506, 509, 512, 518, 521, 524, 526, 529, 530, 533, 534,
    537, 538, 543, 545, 548, 549, 551, 554, 557, 558, 559, 562, 564, 566, 570,
    573, 574, 576, 578, 580, 582, 583, 587, 589, 593, 596, 599, 601, 602, 605,
    608, 611, 614, 616, 618, 620, 621, 622, 625, 626, 628, 629, 631, 635, 637,
    638, 640, 642, 643, 645, 646, 648, 650, 653, 654, 656, 659, 662, 663, 665,
    667, 669, 670, 672, 675, 678, 679, 684, 686, 688, 690, 693, 696, 699, 703,
    706, 708, 710, 711, 714, 715, 717, 718, 720, 722, 724, 725, 728, 730, 731,
    734, 735, 738, 741, 744, 748, 749, 751, 754, 756, 759, 762, 765, 766, 769,
    770, 773, 776, 779, 780, 783, 787, 789, 790, 791, 794, 797, 800, 803, 806,
    808, 812, 815, 818, 821, 826, 829, 832, 835, 838, 840, 843, 844, 849, 854,
    855, 856, 858, 859, 861, 864, 866, 868, 870, 872, 875, 878, 879, 881, 882,
    884, 887, 890, 892, 896, 900, 901, 903, 913, 916, 919, 922, 923, 926, 929,
    932, 933, 936, 938, 940, 941, 943, 946, 947, 948, 952, 956, 957, 960, 962,
    965, 966, 967, 968, 969, 971, 974, 979, 981, 985, 986, 988, 991, 995, 996,
    998, 1001, 1005, 1009, 1012, 1014, 1016, 1017, 1020, 1026, 1028, 1031,
    1032, 1034, 1037, 1038, 1041, 1045, 1047, 1048, 1050, 1053, 1056, 1060,
    1064, 1069, 1070, 1073, 1077, 1078, 1081, 1082, 1084, 1087, 1091, 1098,
    1100, 1103, 1106, 1107, 1109, 1111, 1116, 1119, 1120, 1123, 1125, 1127,
    1128, 1130, 1134, 1136, 1140, 1141, 1144, 1146, 1147, 1149, 1151, 1152,
    1154, 1156, 1159, 1160, 1162, 1165, 1166, 1169, 1173, 1174, 1176, 1178,
    1180, 1181, 1183, 1184, 1187, 1190, 1192, 1193, 1195, 1197, 1200, 1203,
    1204, 1207, 1208, 1210, 1213, 1216, 1218, 1222, 1225, 1227, 1228, 1229,
    1230, 1233, 1234, 1236, 1237, 1240, 1241, 1243, 1247, 1249, 1252, 1256,
    1257, 1260, 1262, 1263, 1265, 1266, 1268, 1270, 1271, 1276, 1277, 1279,
    1280, 1282, 1283, 1285, 1288, 1291, 1292, 1294, 1295, 1297, 1298, 1300,
    1301, 1306, 1308, 1310, 1311, 1313, 1315, 1318, 1321, 1324, 1326, 1328,
    1331, 1333, 1336, 1339, 1343, 1348, 1349, 1351, 1352, 1355, 1356, 1358,
    1360, 1362, 1364, 1365, 1367, 1371, 1378, 1379, 1381, 1382, 1384, 1388,
    1391, 1394, 1397, 1398, 1401, 1404, 1406, 1410, 1414, 1418, 1422, 1424,
    1426, 1428, 1430, 1431, 1433, 1434, 1440, 1441, 1443, 1445, 1448, 1452,
    1453, 1455, 1456, 1458, 1461, 1463, 1465, 1467, 1468, 1470, 1472, 1476,
    1477, 1479, 1482, 1484, 1485, 1487, 1488, 1490, 1491, 1493, 1494, 1496,
    1497, 1500, 1501, 1502, 1503, 1505, 1508, 1511, 1514, 1517, 1518, 1520,
    1521, 1523, 1528, 1530, 1534, 1536, 1539, 1544, 1547, 1548, 1550, 1553,
    1556, 1557, 1559, 1561, 1563, 1566, 1568, 1569, 1571, 1574, 1576, 1577,
    1579, 1582, 1585, 1586, 1588, 1591, 1594, 1597, 1599, 1600, 1602, 1608,
    1609, 1611, 1613, 1616, 1620, 1623, 1624, 1626, 1632, 1633, 1635, 1638,
    1639, 1641, 1642, 1645, 1646, 1648, 1649, 1651, 1652, 1654, 1655, 1657,
    1660, 1661, 1666, 1668, 1669, 1673, 1675, 1676, 1678, 1682, 1685, 1688,
    1691, 1692, 1694, 1696, 1697, 1702, 1707, 1710, 1715, 1717, 1719, 1721,
    1723, 1725, 1726, 1729, 1730, 1732, 1736, 1740, 1741, 1746, 1747, 1750,
    1752, 1754, 1758, 1760, 1762, 1764, 1770, 1771, 1774, 1775, 1778, 1780,
    1783, 1785, 1788, 1789, 1792, 1796, 1799, 1800, 1801, 1802, 1805, 1806,
    1808, 1810, 1811, 1813, 1816, 1817, 1820, 1823, 1826, 1828, 1829, 1831,
    1835, 1838, 1843, 1844, 1846, 1847, 1849, 1853, 1856, 1860, 1863, 1864,
    1867, 1869, 1872, 1873, 1875, 1877, 1878, 1880, 1883, 1884, 1887, 1890,
    1891, 1893, 1896, 1899, 1900, 1909, 1910, 1912, 1913, 1915, 1917, 1918,
    1921, 1922, 1924, 1927, 1933, 1935, 1937, 1938, 1940, 1943, 1944, 1947,
    1948, 1950, 1954, 1957, 1958, 1960, 1964, 1965, 1967, 1972, 1976, 1977,
    1980, 1983, 1984, 1986, 1990, 1991, 1993, 1996, 2001, 2005, 2006, 2008,
    2011, 2014, 2015, 2017, 2018, 2020, 2023, 2026, 2028, 2031, 2034, 2036,
    2039, 2042, 2045, 2047, 2050, 2051, 2053, 2054, 2055, 2058, 2060, 2061,
    2063, 2067, 2068, 2071, 2073, 2074, 2076, 2078, 2080, 2084, 2088, 2090,
    2093, 2094, 2096, 2098, 2099, 2101, 2103, 2105, 2110, 2115, 2120, 2123,
    2127, 2129, 2131, 2133, 2136, 2139, 2142, 2145, 2148, 2149, 2152, 2154,
    2157, 2160, 2161, 2164, 2167, 2171, 2176, 2178, 2183, 2186, 2188, 2189,
    2191, 2193, 2196, 2200, 2204, 2205, 2206, 2207, 2209, 2212, 2217, 2219,
    2220, 2222, 2224, 2225, 2226, 2227, 2229, 2231, 2232, 2234, 2237, 2238,
    2240, 2241, 2243, 2245, 2247, 2248, 2250, 2253, 2254, 2256, 2259, 2260,
    2262, 2268, 2272, 2273, 2276, 2280, 2283, 2284, 2287, 2288, 2290, 2292,
    2297, 2299, 2302, 2304, 2308, 2309, 2311, 2312, 2314, 2316, 2318, 2322,
    2324, 2327, 2330, 2336, 2337, 2339, 2346, 2348, 2350, 2353, 2356, 2361,
    2365, 2367, 2370, 2373, 2374, 2377, 2379, 2380, 2382, 2385, 2386, 2388,
    2389, 2391, 2393, 2396, 2398, 2401, 2404, 2408, 2411, 2416, 2418, 2421,
    2422, 2424, 2426, 2430, 2432, 2435, 2438, 2441, 2444, 2445, 2447, 2450,
    2451, 2454, 2456, 2457, 2459, 2462, 2466, 2472, 2475, 2479, 2483, 2485,
    2486, 2488, 2493, 2494, 2496, 2497, 2503, 2505, 2507, 2511, 2512, 2514,
    2517, 2518, 2521, 2524, 2525, 2527, 2530, 2534, 2537, 2540, 2542, 2543,
    2545, 2547, 2549, 2550, 2552, 2555, 2558, 2561, 2565, 2569, 2572, 2576,
    2579, 2580, 2582, 2585, 2588, 2591, 2592, 2595, 2598, 2599, 2601, 2605,
    2607, 2609, 2610, 2612, 2613, 2618, 2619, 2622, 2623, 2626, 2632, 2633,
    2635, 2638, 2641, 2643, 2644, 2646, 2647, 2650, 2654, 2656, 2659, 2662,
    2668, 2670, 2673, 2677, 2679, 2687, 2688, 2691, 2697, 2699, 2702, 2704,
    2706, 2708, 2713, 2714, 2716, 2717, 2720, 2721, 2724, 2725, 2727, 2728,
    2730, 2734, 2735, 2738, 2740, 2744, 2745, 2750, 2751, 2753, 2754, 2757,
    2759, 2763, 2765, 2769, 2772, 2773, 2774, 2776, 2778, 2779, 2781, 2783,
    2786, 2788, 2792, 2795, 2797, 2799, 2801, 2804, 2806, 2809, 2813, 2814,
    2816
[2] 0, 6, 15, 18, 52, 56, 73, 82, 93, 116, 127, 132, 140, 145, 152, 159, 163,
    167, 179, 183, 186, 190, 194, 198, 201, 213, 234, 238, 244, 247, 252, 255,
    259, 273, 278, 284, 306, 310, 316, 319, 322, 326, 336, 341, 353, 360, 365,
    368, 373, 386, 408, 423, 429, 443, 446, 470, 478, 486, 490, 497, 500, 503,
    508, 515, 528, 532, 536, 540, 547, 556, 561, 569, 592, 604, 627, 630, 634,
    652, 661, 674, 677, 683, 692, 695, 698, 702, 727, 733, 737, 740, 743, 747,
    758, 761, 764, 768, 772, 782, 786, 796, 802, 805, 814, 820, 828, 831, 837,
    846, 851, 874, 895, 899, 906, 909, 912, 921, 925, 931, 935, 945, 955, 959,
    973, 978, 984, 1004, 1008, 1011, 1019, 1023, 1036, 1040, 1044, 1055, 1059,
    1063, 1068, 1072, 1076, 1080, 1086, 1090, 1094, 1097, 1102, 1115, 1122,
    1133, 1139, 1143, 1158, 1168, 1172, 1186, 1206, 1215, 1221, 1224, 1232,
    1239, 1242, 1246, 1251, 1255, 1259, 1275, 1290, 1303, 1320, 1323, 1330,
    1338, 1342, 1347, 1354, 1374, 1377, 1387, 1393, 1400, 1409, 1413, 1417,
    1436, 1439, 1447, 1451, 1460, 1475, 1489, 1492, 1499, 1507, 1510, 1513,
    1516, 1522, 1525, 1533, 1538, 1555, 1573, 1584, 1607, 1619, 1622, 1628,
    1631, 1637, 1644, 1659, 1665, 1672, 1681, 1684, 1690, 1699, 1709, 1712,
    1728, 1735, 1739, 1745, 1749, 1757, 1767, 1773, 1777, 1782, 1787, 1791,
    1804, 1819, 1834, 1837, 1842, 1852, 1859, 1862, 1866, 1882, 1886, 1895,
    1898, 1902, 1905, 1908, 1920, 1930, 1946, 1949, 1953, 1956, 1959, 1975,
    1979, 1989, 1992, 1995, 2000, 2004, 2013, 2025, 2030, 2049, 2070, 2083,
    2087, 2114, 2126, 2135, 2138, 2141, 2144, 2147, 2151, 2156, 2163, 2170,
    2173, 2199, 2203, 2211, 2214, 2265, 2275, 2279, 2286, 2307, 2321, 2342,
    2345, 2352, 2358, 2372, 2376, 2384, 2395, 2403, 2407, 2410, 2440, 2443,
    2446, 2449, 2453, 2461, 2465, 2471, 2474, 2478, 2482, 2499, 2502, 2516,
    2520, 2529, 2533, 2536, 2539, 2560, 2568, 2575, 2584, 2590, 2594, 2617,
    2621, 2625, 2628, 2631, 2640, 2649, 2653, 2665, 2672, 2676, 2683, 2686,
    2690, 2694, 2719, 2723, 2733, 2737, 2743, 2747, 2752, 2756, 2762, 2768,
    2791, 2794, 2803

Reassigned labels

Runtime: 8.193294763565063

Performance split_log:

IM without threshold:
Map:
{"D_0": "D", "D_1": "D", "D_2": "D"}
token_fitness
{"perc_fit_traces": 100.0, "average_trace_fitness": 1.0, "log_fitness": 1.0, "percentage_of_fitting_traces": 100.0}
precision
0.6651824424081929
0.6629213483146068
generalization
0.8052922180482446

Adjusted Rand Index:
0.23249610422409908



Parameters of this run:

Window size: 3
Threshold for edges: 0.25
Split candidates: D
Max number of traces: 5000000
Method for distance calculation: Distance.EDIT_DISTANCE
Method for finding clusters: ClusteringMethod.COMMUNITY_DETECTION
Original log location: ./data/noImprInLoop_default_OD\feb17-0936\logs\H_1_LogD_Sequence_feb17-0936.xes.gz
Use frequency: True

Found communities: 

Clustering with 2819 elements and 3 clusters
[0] 2, 4, 5, 8, 10, 11, 14, 17, 20, 22, 23, 25, 28, 31, 33, 34, 36, 37, 39,
    40, 43, 45, 48, 51, 55, 59, 61, 62, 65, 66, 67, 70, 71, 72, 76, 78, 80,
    81, 83, 84, 86, 87, 90, 91, 92, 95, 96, 98, 100, 101, 102, 105, 108, 110,
    113, 115, 118, 119, 120, 121, 123, 124, 126, 129, 131, 134, 135, 136, 137,
    139, 142, 143, 144, 148, 151, 154, 157, 158, 161, 162, 166, 168, 169, 170,
    171, 173, 175, 176, 177, 178, 182, 185, 188, 189, 192, 193, 197, 200, 204,
    206, 207, 209, 212, 216, 219, 221, 222, 224, 227, 230, 233, 236, 237, 239,
    240, 243, 245, 246, 249, 250, 251, 254, 257, 258, 261, 263, 264, 267, 269,
    270, 272, 275, 280, 283, 286, 288, 290, 292, 293, 295, 297, 300, 302, 305,
    308, 309, 313, 314, 315, 318, 324, 325, 329, 331, 333, 335, 338, 340, 344,
    346, 348, 349, 352, 356, 359, 361, 362, 364, 367, 369, 370, 375, 376, 377,
    379, 380, 383, 388, 391, 392, 393, 396, 397, 398, 399, 400, 402, 404, 405,
    406, 407, 410, 411, 412, 413, 415, 417, 419, 422, 424, 425, 428, 431, 432,
    434, 437, 438, 439, 442, 444, 445, 448, 449, 452, 455, 458, 459, 460, 463,
    466, 469, 472, 473, 475, 477, 480, 482, 484, 485, 489, 492, 493, 494, 496,
    499, 501, 502, 505, 507, 510, 511, 513, 514, 516, 517, 519, 520, 522, 523,
    525, 527, 531, 535, 539, 541, 542, 544, 546, 550, 552, 553, 555, 560, 563,
    565, 567, 568, 571, 572, 575, 577, 579, 581, 584, 585, 586, 588, 590, 591,
    594, 595, 597, 598, 600, 603, 606, 607, 609, 610, 612, 613, 615, 617, 619,
    623, 624, 632, 633, 636, 639, 641, 644, 647, 649, 651, 655, 657, 658, 660,
    664, 666, 668, 671, 672, 673, 676, 680, 681, 682, 685, 687, 689, 691, 694,
    697, 700, 701, 704, 705, 707, 709, 712, 713, 716, 718, 719, 721, 723, 726,
    729, 732, 736, 739, 742, 745, 746, 750, 752, 753, 755, 757, 760, 763, 767,
    771, 774, 775, 777, 778, 781, 784, 785, 788, 792, 793, 795, 798, 799, 801,
    804, 807, 809, 810, 811, 813, 816, 817, 819, 822, 823, 824, 825, 827, 830,
    833, 834, 836, 839, 841, 842, 845, 847, 848, 850, 852, 853, 857, 860, 862,
    863, 865, 867, 869, 871, 873, 876, 877, 880, 883, 885, 886, 888, 889, 891,
    893, 894, 897, 898, 902, 904, 905, 907, 908, 910, 911, 914, 915, 917, 918,
    920, 924, 927, 928, 930, 934, 937, 939, 942, 944, 949, 950, 951, 953, 954,
    958, 961, 963, 964, 970, 972, 975, 976, 977, 980, 982, 983, 987, 989, 990,
    992, 993, 994, 997, 999, 1000, 1002, 1003, 1006, 1007, 1010, 1013, 1015,
    1018, 1021, 1022, 1024, 1025, 1027, 1029, 1030, 1033, 1035, 1039, 1042,
    1043, 1046, 1049, 1051, 1052, 1054, 1057, 1058, 1061, 1062, 1065, 1066,
    1067, 1070, 1071, 1074, 1075, 1079, 1083, 1085, 1088, 1089, 1092, 1093,
    1095, 1096, 1099, 1101, 1104, 1105, 1108, 1110, 1112, 1113, 1114, 1117,
    1118, 1121, 1124, 1126, 1129, 1131, 1132, 1135, 1137, 1138, 1142, 1145,
    1148, 1150, 1153, 1155, 1157, 1160, 1161, 1163, 1164, 1167, 1170, 1171,
    1175, 1177, 1179, 1182, 1185, 1188, 1189, 1191, 1194, 1196, 1198, 1199,
    1201, 1202, 1205, 1209, 1211, 1212, 1214, 1217, 1219, 1220, 1223, 1226,
    1231, 1235, 1238, 1244, 1245, 1248, 1250, 1253, 1254, 1258, 1261, 1264,
    1267, 1269, 1272, 1273, 1274, 1278, 1281, 1284, 1286, 1287, 1289, 1293,
    1296, 1299, 1302, 1304, 1305, 1307, 1309, 1312, 1314, 1316, 1317, 1319,
    1322, 1325, 1327, 1329, 1332, 1334, 1335, 1337, 1340, 1341, 1344, 1345,
    1346, 1350, 1353, 1357, 1359, 1361, 1363, 1366, 1368, 1369, 1370, 1372,
    1373, 1375, 1376, 1380, 1383, 1385, 1386, 1389, 1390, 1392, 1395, 1396,
    1399, 1402, 1403, 1405, 1407, 1408, 1411, 1412, 1415, 1416, 1419, 1420,
    1421, 1423, 1425, 1427, 1429, 1432, 1435, 1437, 1438, 1442, 1444, 1446,
    1449, 1450, 1454, 1457, 1459, 1462, 1464, 1466, 1469, 1471, 1473, 1474,
    1478, 1480, 1481, 1483, 1486, 1495, 1498, 1504, 1506, 1509, 1512, 1515,
    1519, 1524, 1526, 1527, 1529, 1531, 1532, 1535, 1537, 1540, 1541, 1542,
    1543, 1545, 1546, 1549, 1551, 1552, 1554, 1558, 1560, 1562, 1564, 1565,
    1567, 1570, 1572, 1575, 1578, 1580, 1581, 1583, 1587, 1589, 1590, 1592,
    1593, 1595, 1596, 1598, 1601, 1603, 1604, 1605, 1606, 1610, 1612, 1614,
    1615, 1617, 1618, 1621, 1625, 1627, 1629, 1630, 1634, 1636, 1640, 1643,
    1647, 1650, 1653, 1656, 1658, 1662, 1663, 1664, 1667, 1670, 1671, 1674,
    1677, 1679, 1680, 1683, 1686, 1687, 1689, 1693, 1695, 1698, 1700, 1701,
    1703, 1704, 1705, 1706, 1708, 1711, 1713, 1714, 1716, 1718, 1720, 1722,
    1724, 1727, 1731, 1733, 1734, 1737, 1738, 1742, 1743, 1744, 1748, 1751,
    1753, 1755, 1756, 1759, 1761, 1763, 1765, 1766, 1768, 1769, 1772, 1776,
    1779, 1781, 1784, 1786, 1790, 1793, 1794, 1795, 1797, 1798, 1803, 1807,
    1809, 1812, 1814, 1815, 1818, 1821, 1822, 1824, 1825, 1827, 1830, 1832,
    1833, 1836, 1839, 1840, 1841, 1845, 1848, 1850, 1851, 1854, 1855, 1857,
    1858, 1861, 1865, 1868, 1870, 1871, 1874, 1876, 1879, 1881, 1885, 1888,
    1889, 1892, 1894, 1897, 1901, 1903, 1904, 1906, 1907, 1911, 1914, 1915,
    1916, 1919, 1923, 1925, 1926, 1928, 1929, 1931, 1932, 1934, 1936, 1939,
    1941, 1942, 1945, 1951, 1952, 1955, 1961, 1962, 1963, 1966, 1968, 1969,
    1970, 1971, 1973, 1974, 1978, 1981, 1982, 1985, 1987, 1988, 1994, 1997,
    1998, 1999, 2002, 2003, 2007, 2009, 2010, 2012, 2016, 2019, 2021, 2022,
    2024, 2027, 2029, 2032, 2033, 2035, 2037, 2038, 2040, 2041, 2043, 2044,
    2046, 2048, 2052, 2056, 2057, 2059, 2062, 2064, 2065, 2066, 2069, 2072,
    2075, 2077, 2079, 2081, 2082, 2085, 2086, 2089, 2091, 2092, 2095, 2097,
    2100, 2102, 2104, 2106, 2107, 2108, 2109, 2111, 2112, 2113, 2116, 2117,
    2118, 2119, 2121, 2122, 2124, 2125, 2128, 2130, 2132, 2134, 2137, 2140,
    2143, 2146, 2150, 2153, 2155, 2158, 2159, 2162, 2165, 2166, 2168, 2169,
    2172, 2174, 2175, 2177, 2179, 2180, 2181, 2182, 2184, 2185, 2187, 2190,
    2192, 2194, 2195, 2197, 2198, 2201, 2202, 2208, 2210, 2213, 2215, 2216,
    2217, 2218, 2221, 2223, 2225, 2228, 2230, 2233, 2235, 2236, 2239, 2242,
    2244, 2246, 2249, 2251, 2252, 2255, 2257, 2258, 2261, 2263, 2264, 2266,
    2267, 2269, 2270, 2271, 2274, 2277, 2278, 2281, 2282, 2285, 2289, 2291,
    2293, 2294, 2295, 2296, 2298, 2300, 2301, 2303, 2305, 2306, 2310, 2313,
    2315, 2317, 2319, 2320, 2323, 2325, 2326, 2328, 2329, 2331, 2332, 2333,
    2334, 2335, 2338, 2340, 2341, 2343, 2344, 2347, 2349, 2351, 2354, 2355,
    2357, 2359, 2360, 2362, 2363, 2364, 2366, 2368, 2369, 2371, 2375, 2378,
    2381, 2383, 2387, 2390, 2392, 2394, 2397, 2399, 2400, 2402, 2405, 2406,
    2409, 2412, 2413, 2414, 2415, 2417, 2419, 2420, 2423, 2425, 2427, 2428,
    2429, 2431, 2433, 2434, 2436, 2437, 2439, 2442, 2445, 2448, 2452, 2455,
    2458, 2460, 2463, 2464, 2467, 2468, 2469, 2470, 2473, 2476, 2477, 2480,
    2481, 2484, 2487, 2489, 2490, 2491, 2492, 2495, 2498, 2500, 2501, 2504,
    2506, 2508, 2509, 2510, 2513, 2515, 2519, 2522, 2523, 2526, 2528, 2531,
    2532, 2535, 2538, 2541, 2544, 2546, 2548, 2551, 2553, 2554, 2556, 2557,
    2559, 2562, 2563, 2564, 2566, 2567, 2570, 2571, 2573, 2574, 2577, 2578,
    2581, 2583, 2586, 2587, 2589, 2593, 2596, 2597, 2600, 2602, 2603, 2604,
    2606, 2608, 2611, 2614, 2615, 2616, 2620, 2624, 2627, 2629, 2630, 2634,
    2636, 2637, 2639, 2642, 2645, 2648, 2651, 2652, 2655, 2657, 2658, 2660,
    2661, 2663, 2664, 2666, 2667, 2669, 2671, 2674, 2675, 2678, 2680, 2681,
    2682, 2684, 2685, 2689, 2692, 2693, 2695, 2696, 2698, 2700, 2701, 2703,
    2704, 2705, 2707, 2709, 2710, 2711, 2712, 2715, 2718, 2721, 2722, 2726,
    2729, 2731, 2732, 2736, 2739, 2741, 2742, 2746, 2748, 2749, 2755, 2758,
    2760, 2761, 2764, 2766, 2767, 2770, 2771, 2775, 2777, 2780, 2782, 2784,
    2785, 2787, 2789, 2790, 2793, 2796, 2798, 2800, 2802, 2805, 2807, 2808,
    2810, 2811, 2812, 2815, 2817, 2818
[1] 1, 3, 7, 9, 12, 13, 16, 19, 21, 24, 26, 27, 29, 30, 32, 35, 38, 41, 42,
    44, 46, 47, 49, 50, 53, 54, 57, 58, 60, 63, 64, 68, 69, 74, 75, 77, 79,
    85, 88, 89, 94, 97, 99, 103, 104, 106, 107, 109, 111, 112, 114, 117, 122,
    125, 128, 130, 133, 138, 141, 146, 147, 149, 150, 153, 155, 156, 160, 164,
    165, 172, 174, 180, 181, 184, 187, 191, 195, 196, 199, 202, 203, 205, 208,
    210, 211, 214, 215, 217, 218, 220, 223, 225, 226, 228, 229, 231, 232, 235,
    241, 242, 248, 253, 256, 260, 262, 265, 266, 268, 271, 274, 276, 277, 279,
    281, 282, 285, 287, 289, 291, 294, 296, 298, 299, 301, 303, 304, 307, 311,
    312, 317, 320, 321, 323, 327, 328, 330, 332, 334, 337, 339, 342, 343, 345,
    347, 350, 351, 354, 355, 357, 358, 363, 366, 371, 372, 374, 378, 381, 382,
    384, 385, 387, 389, 390, 394, 395, 401, 403, 409, 414, 416, 418, 420, 421,
    426, 427, 430, 433, 435, 436, 440, 441, 447, 450, 451, 453, 454, 456, 457,
    461, 462, 464, 465, 467, 468, 471, 474, 476, 479, 481, 483, 487, 488, 491,
    495, 498, 504, 506, 509, 512, 518, 521, 524, 526, 529, 530, 533, 534, 537,
    538, 543, 545, 548, 549, 551, 554, 557, 558, 559, 562, 564, 566, 570, 573,
    574, 576, 578, 580, 582, 583, 587, 589, 593, 596, 599, 601, 602, 605, 608,
    611, 614, 616, 618, 620, 621, 622, 625, 626, 628, 629, 631, 635, 637, 638,
    640, 642, 643, 645, 646, 648, 650, 653, 654, 656, 659, 662, 663, 665, 667,
    669, 670, 675, 678, 679, 684, 686, 688, 690, 693, 696, 699, 703, 706, 708,
    710, 711, 714, 715, 717, 720, 722, 724, 725, 728, 730, 731, 734, 735, 738,
    741, 744, 748, 749, 751, 754, 756, 759, 762, 765, 766, 769, 770, 773, 776,
    779, 780, 783, 787, 789, 790, 791, 794, 797, 800, 803, 806, 808, 812, 815,
    818, 821, 826, 829, 832, 835, 838, 840, 843, 844, 849, 854, 855, 856, 858,
    859, 861, 864, 866, 868, 870, 872, 875, 878, 879, 881, 882, 884, 887, 890,
    892, 896, 900, 901, 903, 913, 916, 919, 922, 923, 926, 929, 932, 933, 936,
    938, 940, 941, 943, 946, 947, 948, 952, 956, 957, 960, 962, 965, 966, 967,
    968, 969, 971, 974, 979, 981, 985, 986, 988, 991, 995, 996, 998, 1001,
    1005, 1009, 1012, 1014, 1016, 1017, 1020, 1026, 1028, 1031, 1032, 1034,
    1037, 1038, 1041, 1045, 1047, 1048, 1050, 1053, 1056, 1060, 1064, 1069,
    1073, 1077, 1078, 1081, 1082, 1084, 1087, 1091, 1098, 1100, 1103, 1106,
    1107, 1109, 1111, 1116, 1119, 1120, 1123, 1125, 1127, 1128, 1130, 1134,
    1136, 1140, 1141, 1144, 1146, 1147, 1149, 1151, 1152, 1154, 1156, 1159,
    1162, 1165, 1166, 1169, 1173, 1174, 1176, 1178, 1180, 1181, 1183, 1184,
    1187, 1190, 1192, 1193, 1195, 1197, 1200, 1203, 1204, 1207, 1208, 1210,
    1213, 1216, 1218, 1222, 1225, 1227, 1228, 1229, 1230, 1233, 1234, 1236,
    1237, 1240, 1241, 1243, 1247, 1249, 1252, 1256, 1257, 1260, 1262, 1263,
    1265, 1266, 1268, 1270, 1271, 1276, 1277, 1279, 1280, 1282, 1283, 1285,
    1288, 1291, 1292, 1294, 1295, 1297, 1298, 1300, 1301, 1306, 1308, 1310,
    1311, 1313, 1315, 1318, 1321, 1324, 1326, 1328, 1331, 1333, 1336, 1339,
    1343, 1348, 1349, 1351, 1352, 1355, 1356, 1358, 1360, 1362, 1364, 1365,
    1367, 1371, 1378, 1379, 1381, 1382, 1384, 1388, 1391, 1394, 1397, 1398,
    1401, 1404, 1406, 1410, 1414, 1418, 1422, 1424, 1426, 1428, 1430, 1431,
    1433, 1434, 1440, 1441, 1443, 1445, 1448, 1452, 1453, 1455, 1456, 1458,
    1461, 1463, 1465, 1467, 1468, 1470, 1472, 1476, 1477, 1479, 1482, 1484,
    1485, 1487, 1488, 1490, 1491, 1493, 1494, 1496, 1497, 1500, 1501, 1502,
    1503, 1505, 1508, 1511, 1514, 1517, 1518, 1520, 1521, 1523, 1528, 1530,
    1534, 1536, 1539, 1544, 1547, 1548, 1550, 1553, 1556, 1557, 1559, 1561,
    1563, 1566, 1568, 1569, 1571, 1574, 1576, 1577, 1579, 1582, 1585, 1586,
    1588, 1591, 1594, 1597, 1599, 1600, 1602, 1608, 1609, 1611, 1613, 1616,
    1620, 1623, 1624, 1626, 1632, 1633, 1635, 1638, 1639, 1641, 1642, 1645,
    1646, 1648, 1649, 1651, 1652, 1654, 1655, 1657, 1660, 1661, 1666, 1668,
    1669, 1673, 1675, 1676, 1678, 1682, 1685, 1688, 1691, 1692, 1694, 1696,
    1697, 1702, 1707, 1710, 1715, 1717, 1719, 1721, 1723, 1725, 1726, 1729,
    1730, 1732, 1736, 1740, 1741, 1746, 1747, 1750, 1752, 1754, 1758, 1760,
    1762, 1764, 1770, 1771, 1774, 1775, 1778, 1780, 1783, 1785, 1788, 1789,
    1792, 1796, 1799, 1800, 1801, 1802, 1805, 1806, 1808, 1810, 1811, 1813,
    1816, 1817, 1820, 1823, 1826, 1828, 1829, 1831, 1835, 1838, 1843, 1844,
    1846, 1847, 1849, 1853, 1856, 1860, 1863, 1864, 1867, 1869, 1872, 1873,
    1875, 1877, 1878, 1880, 1883, 1884, 1887, 1890, 1891, 1893, 1896, 1899,
    1900, 1909, 1910, 1912, 1913, 1917, 1918, 1921, 1922, 1924, 1927, 1933,
    1935, 1937, 1938, 1940, 1943, 1944, 1947, 1948, 1950, 1954, 1957, 1958,
    1960, 1964, 1965, 1967, 1972, 1976, 1977, 1980, 1983, 1984, 1986, 1990,
    1991, 1993, 1996, 2001, 2005, 2006, 2008, 2011, 2014, 2015, 2017, 2018,
    2020, 2023, 2026, 2028, 2031, 2034, 2036, 2039, 2042, 2045, 2047, 2050,
    2051, 2053, 2054, 2055, 2058, 2060, 2061, 2063, 2067, 2068, 2071, 2073,
    2074, 2076, 2078, 2080, 2084, 2088, 2090, 2093, 2094, 2096, 2098, 2099,
    2101, 2103, 2105, 2110, 2115, 2120, 2123, 2127, 2129, 2131, 2133, 2136,
    2139, 2142, 2145, 2148, 2149, 2152, 2154, 2157, 2160, 2161, 2164, 2167,
    2171, 2176, 2178, 2183, 2186, 2188, 2189, 2191, 2193, 2196, 2200, 2204,
    2205, 2206, 2207, 2209, 2212, 2219, 2220, 2222, 2224, 2226, 2227, 2229,
    2231, 2232, 2234, 2237, 2238, 2240, 2241, 2243, 2245, 2247, 2248, 2250,
    2253, 2254, 2256, 2259, 2260, 2262, 2268, 2272, 2273, 2276, 2280, 2283,
    2284, 2287, 2288, 2290, 2292, 2297, 2299, 2302, 2304, 2308, 2309, 2311,
    2312, 2314, 2316, 2318, 2322, 2324, 2327, 2330, 2336, 2337, 2339, 2346,
    2348, 2350, 2353, 2356, 2361, 2365, 2367, 2370, 2373, 2374, 2377, 2379,
    2380, 2382, 2385, 2386, 2388, 2389, 2391, 2393, 2396, 2398, 2401, 2404,
    2408, 2411, 2416, 2418, 2421, 2422, 2424, 2426, 2430, 2432, 2435, 2438,
    2441, 2444, 2447, 2450, 2451, 2454, 2456, 2457, 2459, 2462, 2466, 2472,
    2475, 2479, 2483, 2485, 2486, 2488, 2493, 2494, 2496, 2497, 2503, 2505,
    2507, 2511, 2512, 2514, 2517, 2518, 2521, 2524, 2525, 2527, 2530, 2534,
    2537, 2540, 2542, 2543, 2545, 2547, 2549, 2550, 2552, 2555, 2558, 2561,
    2565, 2569, 2572, 2576, 2579, 2580, 2582, 2585, 2588, 2591, 2592, 2595,
    2598, 2599, 2601, 2605, 2607, 2609, 2610, 2612, 2613, 2618, 2619, 2622,
    2623, 2626, 2632, 2633, 2635, 2638, 2641, 2643, 2644, 2646, 2647, 2650,
    2654, 2656, 2659, 2662, 2668, 2670, 2673, 2677, 2679, 2687, 2688, 2691,
    2697, 2699, 2702, 2706, 2708, 2713, 2714, 2716, 2717, 2720, 2724, 2725,
    2727, 2728, 2730, 2734, 2735, 2738, 2740, 2744, 2745, 2750, 2751, 2753,
    2754, 2757, 2759, 2763, 2765, 2769, 2772, 2773, 2774, 2776, 2778, 2779,
    2781, 2783, 2786, 2788, 2792, 2795, 2797, 2799, 2801, 2804, 2806, 2809,
    2813, 2814, 2816
[2] 0, 6, 15, 18, 52, 56, 73, 82, 93, 116, 127, 132, 140, 145, 152, 159, 163,
    167, 179, 183, 186, 190, 194, 198, 201, 213, 234, 238, 244, 247, 252, 255,
    259, 273, 278, 284, 306, 310, 316, 319, 322, 326, 336, 341, 353, 360, 365,
    368, 373, 386, 408, 423, 429, 443, 446, 470, 478, 486, 490, 497, 500, 503,
    508, 515, 528, 532, 536, 540, 547, 556, 561, 569, 592, 604, 627, 630, 634,
    652, 661, 674, 677, 683, 692, 695, 698, 702, 727, 733, 737, 740, 743, 747,
    758, 761, 764, 768, 772, 782, 786, 796, 802, 805, 814, 820, 828, 831, 837,
    846, 851, 874, 895, 899, 906, 909, 912, 921, 925, 931, 935, 945, 955, 959,
    973, 978, 984, 1004, 1008, 1011, 1019, 1023, 1036, 1040, 1044, 1055, 1059,
    1063, 1068, 1072, 1076, 1080, 1086, 1090, 1094, 1097, 1102, 1115, 1122,
    1133, 1139, 1143, 1158, 1168, 1172, 1186, 1206, 1215, 1221, 1224, 1232,
    1239, 1242, 1246, 1251, 1255, 1259, 1275, 1290, 1303, 1320, 1323, 1330,
    1338, 1342, 1347, 1354, 1374, 1377, 1387, 1393, 1400, 1409, 1413, 1417,
    1436, 1439, 1447, 1451, 1460, 1475, 1489, 1492, 1499, 1507, 1510, 1513,
    1516, 1522, 1525, 1533, 1538, 1555, 1573, 1584, 1607, 1619, 1622, 1628,
    1631, 1637, 1644, 1659, 1665, 1672, 1681, 1684, 1690, 1699, 1709, 1712,
    1728, 1735, 1739, 1745, 1749, 1757, 1767, 1773, 1777, 1782, 1787, 1791,
    1804, 1819, 1834, 1837, 1842, 1852, 1859, 1862, 1866, 1882, 1886, 1895,
    1898, 1902, 1905, 1908, 1920, 1930, 1946, 1949, 1953, 1956, 1959, 1975,
    1979, 1989, 1992, 1995, 2000, 2004, 2013, 2025, 2030, 2049, 2070, 2083,
    2087, 2114, 2126, 2135, 2138, 2141, 2144, 2147, 2151, 2156, 2163, 2170,
    2173, 2199, 2203, 2211, 2214, 2265, 2275, 2279, 2286, 2307, 2321, 2342,
    2345, 2352, 2358, 2372, 2376, 2384, 2395, 2403, 2407, 2410, 2440, 2443,
    2446, 2449, 2453, 2461, 2465, 2471, 2474, 2478, 2482, 2499, 2502, 2516,
    2520, 2529, 2533, 2536, 2539, 2560, 2568, 2575, 2584, 2590, 2594, 2617,
    2621, 2625, 2628, 2631, 2640, 2649, 2653, 2665, 2672, 2676, 2683, 2686,
    2690, 2694, 2719, 2723, 2733, 2737, 2743, 2747, 2752, 2756, 2762, 2768,
    2791, 2794, 2803

Reassigned labels

Runtime: 6.827467918395996

Performance split_log:

IM without threshold:
Map:
{"D_0": "D", "D_1": "D", "D_2": "D"}
token_fitness
{"perc_fit_traces": 100.0, "average_trace_fitness": 1.0, "log_fitness": 1.0, "percentage_of_fitting_traces": 100.0}
precision
0.6651824424081929
0.6629213483146068
generalization
0.8052922180482446

Adjusted Rand Index:
0.23248156930250266



Parameters of this run:

Window size: 3
Threshold for edges: 0.5
Split candidates: D
Max number of traces: 5000000
Method for distance calculation: Distance.EDIT_DISTANCE
Method for finding clusters: ClusteringMethod.COMMUNITY_DETECTION
Original log location: ./data/noImprInLoop_default_OD\feb17-0936\logs\H_1_LogD_Sequence_feb17-0936.xes.gz
Use frequency: True

Found communities: 

Clustering with 2819 elements and 3 clusters
[0] 2, 5, 8, 10, 11, 14, 17, 22, 23, 25, 28, 31, 33, 34, 36, 37, 39, 40, 43,
    45, 48, 51, 55, 59, 61, 62, 65, 67, 70, 71, 72, 76, 78, 80, 81, 83, 84,
    86, 87, 90, 91, 92, 95, 96, 98, 100, 101, 102, 105, 108, 113, 115, 118,
    119, 120, 121, 123, 124, 126, 129, 131, 134, 135, 136, 137, 139, 142, 143,
    144, 148, 151, 154, 157, 158, 161, 162, 166, 168, 169, 170, 171, 173, 175,
    176, 177, 178, 182, 185, 188, 189, 192, 193, 197, 200, 204, 206, 207, 209,
    212, 216, 219, 221, 222, 224, 227, 230, 233, 236, 237, 239, 240, 243, 245,
    246, 249, 250, 251, 254, 257, 258, 261, 263, 264, 267, 270, 272, 275, 280,
    283, 286, 288, 290, 292, 293, 297, 300, 302, 305, 308, 309, 313, 314, 315,
    318, 325, 329, 331, 333, 335, 338, 340, 344, 346, 348, 349, 352, 356, 359,
    361, 362, 364, 367, 369, 370, 375, 376, 377, 379, 380, 383, 388, 391, 393,
    396, 397, 398, 399, 400, 402, 404, 405, 406, 407, 410, 411, 412, 413, 415,
    417, 419, 422, 424, 425, 428, 431, 432, 434, 437, 438, 439, 442, 444, 445,
    449, 452, 455, 458, 459, 460, 463, 466, 469, 472, 473, 475, 477, 480, 482,
    484, 485, 489, 492, 493, 494, 496, 499, 501, 502, 505, 507, 510, 511, 513,
    514, 516, 517, 519, 520, 522, 523, 525, 527, 531, 535, 539, 541, 542, 544,
    546, 550, 552, 553, 555, 560, 563, 565, 567, 568, 571, 572, 575, 577, 579,
    581, 584, 585, 586, 588, 590, 591, 594, 595, 598, 600, 603, 606, 607, 609,
    610, 612, 613, 615, 617, 619, 623, 624, 632, 633, 636, 639, 641, 644, 647,
    649, 651, 655, 657, 658, 660, 664, 666, 668, 671, 673, 676, 680, 681, 682,
    685, 687, 689, 691, 694, 697, 700, 701, 704, 705, 707, 709, 712, 713, 716,
    718, 719, 721, 723, 726, 729, 732, 736, 739, 742, 745, 746, 750, 752, 753,
    755, 757, 760, 763, 767, 771, 774, 775, 777, 778, 781, 784, 785, 788, 793,
    795, 798, 799, 801, 804, 807, 809, 810, 811, 813, 816, 817, 819, 822, 823,
    824, 825, 827, 830, 833, 834, 836, 839, 841, 842, 845, 847, 848, 850, 853,
    857, 860, 862, 863, 865, 867, 869, 871, 873, 876, 877, 880, 883, 885, 886,
    888, 889, 891, 893, 894, 897, 898, 902, 904, 905, 907, 908, 910, 911, 914,
    915, 917, 918, 920, 924, 927, 928, 930, 934, 937, 939, 942, 944, 950, 951,
    953, 954, 958, 961, 963, 964, 970, 972, 975, 976, 977, 980, 982, 983, 987,
    989, 990, 992, 993, 994, 997, 999, 1000, 1002, 1003, 1006, 1007, 1010,
    1013, 1015, 1018, 1021, 1022, 1024, 1025, 1027, 1029, 1030, 1033, 1035,
    1039, 1042, 1043, 1046, 1049, 1052, 1054, 1057, 1058, 1061, 1062, 1065,
    1066, 1067, 1070, 1071, 1075, 1079, 1083, 1085, 1088, 1089, 1093, 1095,
    1096, 1099, 1101, 1104, 1105, 1108, 1110, 1112, 1113, 1114, 1117, 1118,
    1121, 1124, 1126, 1129, 1131, 1132, 1135, 1137, 1138, 1142, 1145, 1148,
    1150, 1153, 1155, 1157, 1160, 1161, 1163, 1164, 1167, 1170, 1171, 1175,
    1177, 1182, 1185, 1188, 1189, 1191, 1194, 1196, 1199, 1201, 1202, 1205,
    1209, 1211, 1212, 1214, 1217, 1219, 1220, 1223, 1226, 1231, 1235, 1238,
    1244, 1245, 1248, 1250, 1254, 1258, 1261, 1264, 1267, 1269, 1272, 1273,
    1274, 1278, 1281, 1284, 1286, 1287, 1289, 1293, 1296, 1299, 1302, 1304,
    1305, 1307, 1309, 1312, 1314, 1316, 1317, 1319, 1322, 1325, 1327, 1329,
    1332, 1334, 1335, 1337, 1340, 1341, 1344, 1345, 1346, 1350, 1353, 1357,
    1359, 1361, 1366, 1368, 1369, 1370, 1372, 1373, 1376, 1380, 1383, 1385,
    1386, 1389, 1390, 1392, 1395, 1396, 1399, 1402, 1403, 1405, 1407, 1408,
    1412, 1415, 1416, 1419, 1420, 1421, 1423, 1425, 1427, 1429, 1432, 1435,
    1437, 1438, 1442, 1446, 1449, 1450, 1454, 1457, 1459, 1462, 1464, 1466,
    1469, 1471, 1473, 1474, 1478, 1480, 1481, 1483, 1486, 1495, 1498, 1504,
    1506, 1509, 1512, 1515, 1519, 1524, 1526, 1527, 1529, 1531, 1532, 1535,
    1537, 1540, 1541, 1542, 1543, 1545, 1546, 1549, 1551, 1552, 1554, 1558,
    1562, 1564, 1565, 1567, 1570, 1572, 1575, 1578, 1580, 1581, 1583, 1587,
    1590, 1592, 1593, 1595, 1596, 1601, 1603, 1604, 1605, 1606, 1610, 1612,
    1614, 1615, 1617, 1618, 1621, 1625, 1627, 1629, 1630, 1634, 1640, 1643,
    1647, 1650, 1653, 1656, 1658, 1662, 1663, 1664, 1667, 1670, 1671, 1674,
    1677, 1680, 1683, 1686, 1687, 1689, 1693, 1695, 1698, 1701, 1703, 1704,
    1705, 1706, 1708, 1711, 1713, 1714, 1716, 1718, 1720, 1722, 1724, 1727,
    1731, 1733, 1734, 1737, 1738, 1742, 1743, 1744, 1748, 1751, 1753, 1756,
    1759, 1761, 1763, 1765, 1766, 1768, 1769, 1772, 1776, 1779, 1784, 1786,
    1790, 1793, 1794, 1795, 1797, 1798, 1803, 1807, 1809, 1812, 1814, 1815,
    1818, 1821, 1822, 1824, 1825, 1827, 1830, 1832, 1833, 1836, 1839, 1840,
    1841, 1845, 1848, 1850, 1851, 1854, 1855, 1857, 1858, 1861, 1865, 1868,
    1870, 1871, 1874, 1876, 1879, 1881, 1885, 1889, 1892, 1894, 1897, 1901,
    1903, 1904, 1906, 1907, 1911, 1914, 1916, 1919, 1923, 1926, 1929, 1931,
    1932, 1934, 1936, 1939, 1941, 1942, 1945, 1951, 1952, 1955, 1961, 1962,
    1963, 1966, 1968, 1969, 1970, 1971, 1973, 1974, 1978, 1981, 1982, 1985,
    1987, 1988, 1994, 1997, 1998, 1999, 2002, 2003, 2007, 2009, 2010, 2012,
    2016, 2019, 2021, 2022, 2024, 2027, 2029, 2032, 2033, 2035, 2037, 2038,
    2040, 2041, 2043, 2044, 2046, 2048, 2052, 2056, 2057, 2059, 2062, 2064,
    2065, 2066, 2069, 2072, 2075, 2077, 2079, 2081, 2082, 2085, 2086, 2089,
    2091, 2092, 2095, 2100, 2102, 2104, 2106, 2107, 2108, 2109, 2111, 2112,
    2113, 2116, 2117, 2118, 2119, 2121, 2122, 2124, 2125, 2128, 2130, 2132,
    2134, 2140, 2143, 2146, 2150, 2153, 2155, 2159, 2162, 2165, 2166, 2169,
    2172, 2174, 2175, 2177, 2179, 2180, 2181, 2182, 2184, 2185, 2187, 2190,
    2192, 2194, 2195, 2197, 2198, 2201, 2202, 2208, 2213, 2215, 2216, 2218,
    2221, 2223, 2225, 2228, 2233, 2235, 2236, 2239, 2242, 2244, 2246, 2249,
    2251, 2252, 2255, 2257, 2258, 2261, 2263, 2264, 2267, 2269, 2270, 2271,
    2274, 2277, 2278, 2281, 2282, 2285, 2289, 2291, 2293, 2294, 2295, 2296,
    2298, 2300, 2301, 2303, 2306, 2310, 2313, 2315, 2317, 2319, 2320, 2323,
    2325, 2326, 2328, 2329, 2331, 2332, 2333, 2334, 2335, 2338, 2340, 2341,
    2343, 2344, 2347, 2349, 2351, 2354, 2355, 2357, 2359, 2360, 2362, 2363,
    2364, 2365, 2366, 2369, 2371, 2375, 2381, 2383, 2387, 2390, 2392, 2394,
    2397, 2399, 2400, 2402, 2405, 2406, 2409, 2412, 2413, 2414, 2415, 2417,
    2419, 2420, 2423, 2425, 2427, 2428, 2429, 2431, 2433, 2434, 2436, 2437,
    2439, 2445, 2448, 2452, 2455, 2458, 2460, 2463, 2464, 2467, 2468, 2469,
    2470, 2473, 2476, 2477, 2480, 2481, 2487, 2489, 2490, 2491, 2492, 2495,
    2498, 2500, 2501, 2506, 2508, 2509, 2510, 2513, 2515, 2519, 2522, 2523,
    2526, 2528, 2531, 2532, 2535, 2538, 2544, 2546, 2548, 2551, 2553, 2554,
    2556, 2557, 2562, 2564, 2566, 2567, 2570, 2571, 2573, 2574, 2577, 2578,
    2581, 2583, 2586, 2587, 2589, 2593, 2597, 2600, 2601, 2602, 2603, 2604,
    2606, 2608, 2611, 2614, 2615, 2616, 2620, 2624, 2627, 2629, 2630, 2634,
    2636, 2637, 2639, 2642, 2645, 2648, 2651, 2652, 2655, 2657, 2658, 2660,
    2661, 2663, 2664, 2666, 2667, 2669, 2671, 2674, 2675, 2678, 2680, 2681,
    2682, 2684, 2685, 2689, 2693, 2695, 2696, 2698, 2700, 2701, 2703, 2705,
    2707, 2709, 2710, 2711, 2712, 2715, 2718, 2721, 2722, 2726, 2729, 2732,
    2736, 2739, 2741, 2742, 2746, 2748, 2749, 2755, 2758, 2760, 2761, 2764,
    2766, 2767, 2770, 2771, 2775, 2777, 2780, 2782, 2784, 2785, 2787, 2789,
    2790, 2793, 2796, 2798, 2800, 2805, 2807, 2808, 2810, 2811, 2812, 2815,
    2817, 2818
[1] 1, 3, 4, 7, 9, 12, 13, 16, 19, 20, 21, 24, 26, 27, 29, 30, 32, 35, 38, 41,
    42, 44, 46, 47, 49, 50, 53, 54, 57, 58, 60, 63, 64, 66, 68, 69, 74, 75,
    77, 79, 85, 88, 89, 94, 97, 99, 103, 104, 106, 107, 109, 110, 111, 112,
    114, 117, 122, 125, 128, 130, 133, 138, 141, 146, 147, 149, 150, 153, 155,
    156, 160, 164, 165, 172, 174, 180, 181, 184, 187, 191, 195, 196, 199, 202,
    203, 205, 208, 210, 211, 214, 215, 217, 218, 220, 223, 225, 226, 228, 229,
    231, 232, 235, 241, 242, 248, 253, 256, 260, 262, 265, 266, 268, 269, 271,
    274, 276, 277, 279, 281, 282, 285, 287, 289, 291, 294, 295, 296, 298, 299,
    301, 303, 304, 307, 311, 312, 317, 320, 321, 323, 324, 327, 328, 330, 332,
    334, 337, 339, 342, 343, 345, 347, 350, 351, 354, 355, 357, 358, 363, 366,
    371, 372, 374, 378, 381, 382, 384, 385, 387, 389, 390, 392, 394, 395, 401,
    403, 409, 414, 416, 418, 420, 421, 426, 427, 430, 433, 435, 436, 440, 441,
    447, 448, 450, 451, 453, 454, 456, 457, 461, 462, 464, 465, 467, 468, 471,
    474, 476, 479, 481, 483, 487, 488, 491, 495, 498, 504, 506, 509, 512, 518,
    521, 524, 526, 529, 530, 533, 534, 537, 538, 543, 545, 548, 549, 551, 554,
    557, 558, 559, 562, 564, 566, 570, 573, 574, 576, 578, 580, 582, 583, 587,
    589, 593, 596, 597, 599, 601, 602, 605, 608, 611, 614, 616, 618, 620, 621,
    622, 625, 626, 628, 629, 631, 635, 637, 638, 640, 642, 643, 645, 646, 648,
    650, 653, 654, 656, 659, 662, 663, 665, 667, 669, 670, 672, 675, 678, 679,
    684, 686, 688, 690, 693, 696, 699, 703, 706, 708, 710, 711, 714, 715, 717,
    720, 722, 724, 725, 728, 730, 731, 734, 735, 738, 741, 744, 748, 749, 751,
    754, 756, 759, 762, 765, 766, 769, 770, 773, 776, 779, 780, 783, 787, 789,
    790, 791, 792, 794, 797, 800, 803, 806, 808, 812, 815, 818, 821, 826, 829,
    832, 835, 838, 840, 843, 844, 849, 852, 854, 855, 856, 858, 859, 861, 864,
    866, 868, 870, 872, 875, 878, 879, 881, 882, 884, 887, 890, 892, 896, 900,
    901, 903, 913, 916, 919, 922, 923, 926, 929, 932, 933, 936, 938, 940, 941,
    943, 946, 947, 948, 949, 952, 956, 957, 960, 962, 965, 966, 967, 968, 969,
    971, 974, 979, 981, 985, 986, 988, 991, 995, 996, 998, 1001, 1005, 1009,
    1012, 1014, 1016, 1017, 1020, 1026, 1028, 1031, 1032, 1034, 1037, 1038,
    1041, 1045, 1047, 1048, 1050, 1051, 1053, 1056, 1060, 1064, 1069, 1073,
    1074, 1077, 1078, 1081, 1082, 1084, 1087, 1091, 1092, 1098, 1100, 1103,
    1106, 1107, 1109, 1111, 1116, 1119, 1120, 1123, 1125, 1127, 1128, 1130,
    1134, 1136, 1140, 1141, 1144, 1146, 1147, 1149, 1151, 1152, 1154, 1156,
    1159, 1162, 1165, 1166, 1169, 1173, 1174, 1176, 1178, 1179, 1180, 1181,
    1183, 1184, 1187, 1190, 1192, 1193, 1195, 1197, 1198, 1200, 1203, 1204,
    1207, 1208, 1210, 1213, 1216, 1218, 1222, 1225, 1227, 1228, 1229, 1230,
    1233, 1234, 1236, 1237, 1240, 1241, 1243, 1247, 1249, 1252, 1253, 1256,
    1257, 1260, 1262, 1263, 1265, 1266, 1268, 1270, 1271, 1276, 1277, 1279,
    1280, 1282, 1283, 1285, 1288, 1291, 1292, 1294, 1295, 1297, 1298, 1300,
    1301, 1306, 1308, 1310, 1311, 1313, 1315, 1318, 1321, 1324, 1326, 1328,
    1331, 1333, 1336, 1339, 1343, 1348, 1349, 1351, 1352, 1355, 1356, 1358,
    1360, 1362, 1363, 1364, 1365, 1367, 1371, 1375, 1378, 1379, 1381, 1382,
    1384, 1388, 1391, 1394, 1397, 1398, 1401, 1404, 1406, 1410, 1411, 1414,
    1418, 1422, 1424, 1426, 1428, 1430, 1431, 1433, 1434, 1440, 1441, 1443,
    1444, 1445, 1448, 1452, 1453, 1455, 1456, 1458, 1461, 1463, 1465, 1467,
    1468, 1470, 1472, 1476, 1477, 1479, 1482, 1484, 1485, 1487, 1488, 1490,
    1491, 1493, 1494, 1496, 1497, 1500, 1501, 1502, 1503, 1505, 1508, 1511,
    1514, 1517, 1518, 1520, 1521, 1523, 1528, 1530, 1534, 1536, 1539, 1544,
    1547, 1548, 1550, 1553, 1556, 1557, 1559, 1560, 1561, 1563, 1566, 1568,
    1569, 1571, 1574, 1576, 1577, 1579, 1582, 1585, 1586, 1588, 1589, 1591,
    1594, 1597, 1598, 1599, 1600, 1602, 1608, 1609, 1611, 1613, 1616, 1620,
    1623, 1624, 1626, 1632, 1633, 1635, 1636, 1638, 1639, 1641, 1642, 1645,
    1646, 1648, 1649, 1651, 1652, 1654, 1655, 1657, 1660, 1661, 1666, 1668,
    1669, 1673, 1675, 1676, 1678, 1679, 1682, 1685, 1688, 1691, 1692, 1694,
    1696, 1697, 1700, 1702, 1707, 1710, 1715, 1717, 1719, 1721, 1723, 1725,
    1726, 1729, 1730, 1732, 1736, 1740, 1741, 1746, 1747, 1750, 1752, 1754,
    1755, 1758, 1760, 1762, 1764, 1770, 1771, 1774, 1775, 1778, 1780, 1781,
    1783, 1785, 1788, 1789, 1792, 1796, 1799, 1800, 1801, 1802, 1805, 1806,
    1808, 1810, 1811, 1813, 1816, 1817, 1820, 1823, 1826, 1828, 1829, 1831,
    1835, 1838, 1843, 1844, 1846, 1847, 1849, 1853, 1856, 1860, 1863, 1864,
    1867, 1869, 1872, 1873, 1875, 1877, 1878, 1880, 1883, 1884, 1887, 1888,
    1890, 1891, 1893, 1896, 1899, 1900, 1909, 1910, 1912, 1913, 1915, 1917,
    1918, 1921, 1922, 1924, 1925, 1927, 1928, 1933, 1935, 1937, 1938, 1940,
    1943, 1944, 1947, 1948, 1950, 1954, 1957, 1958, 1960, 1964, 1965, 1967,
    1972, 1976, 1977, 1980, 1983, 1984, 1986, 1990, 1991, 1993, 1996, 2001,
    2005, 2006, 2008, 2011, 2014, 2015, 2017, 2018, 2020, 2023, 2026, 2028,
    2031, 2034, 2036, 2039, 2042, 2045, 2047, 2050, 2051, 2053, 2054, 2055,
    2058, 2060, 2061, 2063, 2067, 2068, 2071, 2073, 2074, 2076, 2078, 2080,
    2084, 2088, 2090, 2093, 2094, 2096, 2097, 2098, 2099, 2101, 2103, 2105,
    2110, 2115, 2120, 2123, 2127, 2129, 2131, 2133, 2136, 2137, 2139, 2142,
    2145, 2148, 2149, 2152, 2154, 2157, 2158, 2160, 2161, 2164, 2167, 2168,
    2171, 2176, 2178, 2183, 2186, 2188, 2189, 2191, 2193, 2196, 2200, 2204,
    2205, 2206, 2207, 2209, 2210, 2212, 2217, 2219, 2220, 2222, 2224, 2226,
    2227, 2229, 2230, 2231, 2232, 2234, 2237, 2238, 2240, 2241, 2243, 2245,
    2247, 2248, 2250, 2253, 2254, 2256, 2259, 2260, 2262, 2266, 2268, 2272,
    2273, 2276, 2280, 2283, 2284, 2287, 2288, 2290, 2292, 2297, 2299, 2302,
    2304, 2305, 2308, 2309, 2311, 2312, 2314, 2316, 2318, 2322, 2324, 2327,
    2330, 2336, 2337, 2339, 2346, 2348, 2350, 2353, 2356, 2361, 2367, 2368,
    2370, 2373, 2374, 2377, 2378, 2379, 2380, 2382, 2385, 2386, 2388, 2389,
    2391, 2393, 2396, 2398, 2401, 2404, 2408, 2411, 2416, 2418, 2421, 2422,
    2424, 2426, 2430, 2432, 2435, 2438, 2441, 2442, 2444, 2447, 2450, 2451,
    2454, 2456, 2457, 2459, 2462, 2466, 2472, 2475, 2479, 2483, 2484, 2485,
    2486, 2488, 2493, 2494, 2496, 2497, 2503, 2504, 2505, 2507, 2511, 2512,
    2514, 2517, 2518, 2521, 2524, 2525, 2527, 2530, 2534, 2537, 2540, 2541,
    2542, 2543, 2545, 2547, 2549, 2550, 2552, 2555, 2558, 2559, 2561, 2563,
    2565, 2569, 2572, 2576, 2579, 2580, 2582, 2585, 2588, 2591, 2592, 2595,
    2596, 2598, 2599, 2605, 2607, 2609, 2610, 2612, 2613, 2618, 2619, 2622,
    2623, 2626, 2632, 2633, 2635, 2638, 2641, 2643, 2644, 2646, 2647, 2650,
    2654, 2656, 2659, 2662, 2668, 2670, 2673, 2677, 2679, 2687, 2688, 2691,
    2692, 2697, 2699, 2702, 2704, 2706, 2708, 2713, 2714, 2716, 2717, 2720,
    2724, 2725, 2727, 2728, 2730, 2731, 2734, 2735, 2738, 2740, 2744, 2745,
    2750, 2751, 2753, 2754, 2757, 2759, 2763, 2765, 2769, 2772, 2773, 2774,
    2776, 2778, 2779, 2781, 2783, 2786, 2788, 2792, 2795, 2797, 2799, 2801,
    2802, 2804, 2806, 2809, 2813, 2814, 2816
[2] 0, 6, 15, 18, 52, 56, 73, 82, 93, 116, 127, 132, 140, 145, 152, 159, 163,
    167, 179, 183, 186, 190, 194, 198, 201, 213, 234, 238, 244, 247, 252, 255,
    259, 273, 278, 284, 306, 310, 316, 319, 322, 326, 336, 341, 353, 360, 365,
    368, 373, 386, 408, 423, 429, 443, 446, 470, 478, 486, 490, 497, 500, 503,
    508, 515, 528, 532, 536, 540, 547, 556, 561, 569, 592, 604, 627, 630, 634,
    652, 661, 674, 677, 683, 692, 695, 698, 702, 727, 733, 737, 740, 743, 747,
    758, 761, 764, 768, 772, 782, 786, 796, 802, 805, 814, 820, 828, 831, 837,
    846, 851, 874, 895, 899, 906, 909, 912, 921, 925, 931, 935, 945, 955, 959,
    973, 978, 984, 1004, 1008, 1011, 1019, 1023, 1036, 1040, 1044, 1055, 1059,
    1063, 1068, 1072, 1076, 1080, 1086, 1090, 1094, 1097, 1102, 1115, 1122,
    1133, 1139, 1143, 1158, 1168, 1172, 1186, 1206, 1215, 1221, 1224, 1232,
    1239, 1242, 1246, 1251, 1255, 1259, 1275, 1290, 1303, 1320, 1323, 1330,
    1338, 1342, 1347, 1354, 1374, 1377, 1387, 1393, 1400, 1409, 1413, 1417,
    1436, 1439, 1447, 1451, 1460, 1475, 1489, 1492, 1499, 1507, 1510, 1513,
    1516, 1522, 1525, 1533, 1538, 1555, 1573, 1584, 1607, 1619, 1622, 1628,
    1631, 1637, 1644, 1659, 1665, 1672, 1681, 1684, 1690, 1699, 1709, 1712,
    1728, 1735, 1739, 1745, 1749, 1757, 1767, 1773, 1777, 1782, 1787, 1791,
    1804, 1819, 1834, 1837, 1842, 1852, 1859, 1862, 1866, 1882, 1886, 1895,
    1898, 1902, 1905, 1908, 1920, 1930, 1946, 1949, 1953, 1956, 1959, 1975,
    1979, 1989, 1992, 1995, 2000, 2004, 2013, 2025, 2030, 2049, 2070, 2083,
    2087, 2114, 2126, 2135, 2138, 2141, 2144, 2147, 2151, 2156, 2163, 2170,
    2173, 2199, 2203, 2211, 2214, 2265, 2275, 2279, 2286, 2307, 2321, 2342,
    2345, 2352, 2358, 2372, 2376, 2384, 2395, 2403, 2407, 2410, 2440, 2443,
    2446, 2449, 2453, 2461, 2465, 2471, 2474, 2478, 2482, 2499, 2502, 2516,
    2520, 2529, 2533, 2536, 2539, 2560, 2568, 2575, 2584, 2590, 2594, 2617,
    2621, 2625, 2628, 2631, 2640, 2649, 2653, 2665, 2672, 2676, 2683, 2686,
    2690, 2694, 2719, 2723, 2733, 2737, 2743, 2747, 2752, 2756, 2762, 2768,
    2791, 2794, 2803

Reassigned labels

Runtime: 6.360440254211426

Performance split_log:

IM without threshold:
Map:
{"D_0": "D", "D_1": "D", "D_2": "D"}
token_fitness
{"perc_fit_traces": 0.0, "average_trace_fitness": 0.9019469705431721, "log_fitness": 0.9020803020173818, "percentage_of_fitting_traces": 0.0}
precision
0.7508029416178899
0.6629213483146068
generalization
0.7121229701319021

Adjusted Rand Index:
0.22657264231883362



Parameters of this run:

Window size: 3
Threshold for edges: 0.75
Split candidates: D
Max number of traces: 5000000
Method for distance calculation: Distance.EDIT_DISTANCE
Method for finding clusters: ClusteringMethod.COMMUNITY_DETECTION
Original log location: ./data/noImprInLoop_default_OD\feb17-0936\logs\H_1_LogD_Sequence_feb17-0936.xes.gz
Use frequency: True

Found communities: 

Clustering with 2819 elements and 27 clusters
[ 0] 2, 5, 10, 14, 22, 31, 40, 45, 48, 51, 55, 59, 70, 78, 90, 92, 96, 101,
     108, 115, 119, 120, 123, 131, 136, 144, 148, 157, 166, 168, 172, 178,
     185, 193, 197, 206, 209, 212, 216, 219, 224, 227, 236, 239, 246, 250,
     254, 257, 263, 266, 270, 275, 286, 293, 305, 308, 315, 325, 329, 333,
     335, 348, 352, 356, 362, 364, 367, 370, 376, 379, 393, 398, 402, 405,
     413, 419, 422, 425, 431, 437, 439, 442, 445, 449, 452, 458, 466, 473,
     475, 480, 484, 488, 493, 501, 510, 512, 517, 520, 525, 527, 542, 553,
     560, 567, 584, 586, 588, 598, 606, 615, 619, 624, 632, 647, 649, 651,
     655, 657, 664, 672, 673, 680, 681, 687, 697, 700, 704, 707, 716, 718,
     726, 729, 736, 742, 745, 752, 755, 760, 771, 774, 778, 781, 793, 799,
     810, 813, 825, 827, 841, 847, 852, 863, 885, 892, 905, 908, 910, 927,
     934, 944, 949, 950, 954, 958, 974, 976, 980, 982, 990, 992, 994, 999,
     1003, 1006, 1024, 1027, 1033, 1039, 1041, 1052, 1061, 1067, 1070, 1075,
     1085, 1093, 1096, 1104, 1110, 1112, 1113, 1121, 1126, 1137, 1160, 1167,
     1175, 1209, 1211, 1219, 1223, 1226, 1235, 1245, 1254, 1258, 1267, 1273,
     1281, 1289, 1293, 1296, 1299, 1302, 1305, 1312, 1317, 1325, 1329, 1332,
     1334, 1337, 1341, 1346, 1357, 1359, 1361, 1368, 1369, 1372, 1375, 1385,
     1389, 1396, 1405, 1407, 1415, 1420, 1425, 1427, 1429, 1432, 1435, 1449,
     1459, 1466, 1469, 1474, 1478, 1481, 1495, 1504, 1519, 1524, 1527, 1540,
     1543, 1549, 1551, 1560, 1564, 1567, 1572, 1580, 1583, 1587, 1590, 1592,
     1601, 1606, 1612, 1615, 1618, 1621, 1625, 1630, 1640, 1647, 1650, 1653,
     1656, 1662, 1664, 1667, 1671, 1674, 1677, 1680, 1683, 1686, 1701, 1704,
     1705, 1708, 1714, 1718, 1724, 1733, 1737, 1742, 1743, 1766, 1768, 1784,
     1786, 1795, 1798, 1813, 1818, 1825, 1827, 1832, 1854, 1857, 1868, 1881,
     1889, 1894, 1903, 1913, 1919, 1923, 1931, 1933, 1939, 1942, 1951, 1955,
     1963, 1969, 1971, 1981, 1988, 1994, 1999, 2009, 2016, 2019, 2021, 2024,
     2029, 2032, 2038, 2044, 2056, 2059, 2064, 2065, 2072, 2079, 2089, 2107,
     2108, 2111, 2113, 2116, 2123, 2128, 2140, 2143, 2146, 2150, 2153, 2159,
     2165, 2168, 2169, 2172, 2175, 2179, 2181, 2185, 2192, 2195, 2197, 2213,
     2216, 2217, 2221, 2223, 2228, 2233, 2235, 2239, 2242, 2249, 2257, 2261,
     2266, 2270, 2282, 2291, 2294, 2299, 2306, 2310, 2315, 2320, 2325, 2329,
     2331, 2333, 2335, 2343, 2347, 2351, 2354, 2357, 2359, 2362, 2363, 2365,
     2371, 2375, 2381, 2387, 2390, 2392, 2400, 2409, 2412, 2415, 2417, 2419,
     2423, 2431, 2433, 2439, 2452, 2458, 2464, 2466, 2476, 2481, 2484, 2487,
     2498, 2500, 2507, 2513, 2515, 2519, 2528, 2532, 2544, 2546, 2548, 2551,
     2557, 2563, 2566, 2571, 2578, 2593, 2597, 2601, 2611, 2614, 2616, 2620,
     2624, 2629, 2636, 2639, 2642, 2652, 2654, 2661, 2663, 2667, 2675, 2682,
     2693, 2696, 2698, 2703, 2712, 2721, 2726, 2729, 2732, 2736, 2741, 2746,
     2754, 2761, 2764, 2771, 2781, 2785, 2789, 2798, 2805, 2808, 2815
[ 1] 8, 11, 23, 25, 28, 36, 37, 43, 61, 62, 80, 83, 84, 86, 98, 100, 102, 105,
     113, 121, 124, 126, 134, 135, 137, 139, 142, 158, 161, 169, 170, 171,
     173, 175, 176, 182, 200, 204, 207, 221, 233, 237, 240, 243, 249, 251,
     264, 267, 272, 283, 288, 290, 297, 300, 313, 318, 331, 338, 344, 349,
     359, 361, 369, 380, 388, 391, 397, 399, 400, 406, 407, 424, 428, 432,
     444, 455, 469, 485, 489, 494, 499, 502, 505, 511, 513, 531, 535, 539,
     544, 546, 568, 571, 575, 577, 581, 585, 590, 594, 600, 603, 607, 612,
     633, 636, 639, 644, 658, 660, 668, 682, 685, 691, 694, 701, 723, 746,
     753, 757, 784, 801, 804, 807, 811, 833, 842, 848, 850, 860, 867, 869,
     873, 876, 877, 880, 883, 886, 888, 893, 897, 902, 911, 914, 917, 920,
     937, 942, 951, 961, 975, 977, 983, 987, 1000, 1007, 1013, 1015, 1029,
     1035, 1042, 1046, 1049, 1057, 1062, 1065, 1066, 1079, 1083, 1088, 1105,
     1108, 1114, 1117, 1118, 1129, 1131, 1132, 1138, 1142, 1163, 1170, 1185,
     1191, 1194, 1199, 1201, 1202, 1212, 1238, 1248, 1250, 1261, 1264, 1274,
     1286, 1304, 1307, 1309, 1314, 1322, 1327, 1344, 1350, 1353, 1366, 1370,
     1373, 1380, 1390, 1399, 1402, 1408, 1412, 1419, 1421, 1423, 1437, 1450,
     1454, 1462, 1464, 1471, 1483, 1486, 1498, 1506, 1526, 1529, 1531, 1537,
     1541, 1545, 1546, 1552, 1558, 1565, 1578, 1603, 1610, 1629, 1706, 1716,
     1722, 1731, 1734, 1744, 1748, 1751, 1753, 1756, 1761, 1763, 1772, 1779,
     1790, 1807, 1814, 1821, 1822, 1830, 1833, 1840, 1841, 1848, 1855, 1858,
     1865, 1870, 1874, 1876, 1879, 1897, 1901, 1904, 1906, 1911, 1914, 1926,
     1929, 1934, 1945, 1962, 1978, 1982, 1985, 1997, 1998, 2002, 2003, 2007,
     2010, 2022, 2027, 2033, 2040, 2041, 2048, 2052, 2057, 2066, 2075, 2077,
     2081, 2082, 2091, 2095, 2100, 2109, 2117, 2118, 2119, 2121, 2124, 2130,
     2134, 2155, 2162, 2166, 2180, 2182, 2198, 2201, 2208, 2215, 2236, 2251,
     2252, 2255, 2258, 2263, 2264, 2269, 2271, 2300, 2323, 2326, 2332, 2338,
     2340, 2344, 2355, 2364, 2369, 2383, 2394, 2413, 2420, 2427, 2434, 2436,
     2467, 2477, 2495, 2501, 2508, 2509, 2522, 2562, 2567, 2573, 2574, 2586,
     2606, 2630, 2634, 2648, 2655, 2657, 2664, 2671, 2678, 2681, 2684, 2685,
     2700, 2709, 2710, 2748, 2749, 2755, 2758, 2766, 2777, 2782, 2790, 2793,
     2796, 2811, 2817
[ 2] 9, 12, 13, 26, 29, 38, 41, 47, 50, 53, 63, 74, 75, 94, 97, 130, 146, 153,
     184, 202, 210, 228, 256, 262, 265, 274, 279, 281, 289, 291, 298, 303,
     311, 330, 332, 342, 347, 350, 351, 354, 357, 378, 387, 394, 401, 403,
     420, 426, 430, 433, 435, 441, 453, 456, 457, 471, 479, 481, 487, 498,
     506, 509, 518, 521, 537, 548, 549, 551, 559, 566, 580, 583, 587, 605,
     608, 622, 628, 631, 635, 640, 645, 648, 656, 662, 669, 675, 688, 696,
     703, 710, 725, 728, 730, 731, 734, 735, 748, 751, 762, 765, 769, 773,
     779, 787, 789, 794, 797, 812, 829, 838, 844, 864, 866, 884, 890, 900,
     903, 922, 929, 938, 940, 948, 962, 965, 967, 969, 971, 981, 988, 991,
     995, 996, 998, 1001, 1005, 1009, 1016, 1031, 1034, 1037, 1038, 1053,
     1060, 1069, 1098, 1100, 1103, 1109, 1111, 1127, 1136, 1146, 1147, 1152,
     1156, 1165, 1176, 1181, 1183, 1187, 1192, 1197, 1203, 1204, 1207, 1208,
     1216, 1218, 1229, 1233, 1243, 1262, 1268, 1270, 1271, 1276, 1277, 1288,
     1292, 1310, 1315, 1318, 1339, 1343, 1355, 1358, 1367, 1384, 1391, 1410,
     1414, 1430, 1440, 1443, 1448, 1455, 1458, 1467, 1472, 1476, 1493, 1536,
     1539, 1556, 1559, 1561, 1569, 1571, 1585, 1591, 1600, 1620, 1623, 1638,
     1641, 1651, 1652, 1654, 1660, 1675, 1685, 1688, 1691, 1697, 1702, 1707,
     1710, 1715, 1719, 1725, 1746, 1754, 1758, 1762, 1764, 1775, 1783, 1788,
     1796, 1799, 1801, 1805, 1811, 1816, 1823, 1831, 1843, 1844, 1846, 1849,
     1860, 1872, 1875, 1884, 1890, 1893, 1912, 1917, 1921, 1922, 1924, 1927,
     1935, 1937, 1950, 1972, 1990, 2005, 2011, 2017, 2018, 2031, 2034, 2036,
     2042, 2053, 2055, 2060, 2067, 2071, 2073, 2093, 2127, 2131, 2148, 2154,
     2164, 2167, 2176, 2178, 2188, 2191, 2193, 2219, 2224, 2226, 2243, 2248,
     2253, 2268, 2272, 2284, 2288, 2292, 2297, 2302, 2308, 2312, 2314, 2318,
     2324, 2327, 2330, 2346, 2353, 2356, 2361, 2367, 2373, 2382, 2396, 2401,
     2421, 2422, 2432, 2438, 2441, 2444, 2447, 2450, 2451, 2456, 2459, 2462,
     2483, 2496, 2503, 2511, 2514, 2517, 2524, 2530, 2549, 2555, 2565, 2569,
     2576, 2582, 2588, 2598, 2599, 2607, 2618, 2619, 2644, 2659, 2679, 2687,
     2706, 2714, 2717, 2727, 2734, 2738, 2744, 2750, 2753, 2757, 2772, 2778,
     2779, 2783, 2788, 2799, 2806, 2809, 2813, 2814
[ 3] 3, 19, 30, 35, 44, 46, 49, 57, 60, 68, 88, 103, 106, 109, 111, 114, 117,
     133, 147, 149, 155, 164, 174, 180, 191, 195, 208, 214, 217, 225, 231,
     241, 253, 260, 268, 276, 287, 294, 296, 301, 307, 320, 323, 327, 337,
     339, 355, 363, 366, 371, 374, 381, 384, 389, 414, 416, 418, 421, 440,
     447, 450, 461, 462, 464, 467, 474, 476, 483, 491, 495, 504, 524, 529,
     533, 538, 545, 557, 562, 564, 570, 573, 576, 582, 596, 601, 611, 614,
     620, 625, 637, 642, 653, 659, 678, 684, 699, 708, 714, 717, 720, 724,
     738, 741, 744, 776, 791, 806, 826, 835, 843, 854, 856, 858, 861, 870,
     875, 878, 881, 923, 926, 932, 936, 943, 946, 952, 956, 979, 985, 1014,
     1047, 1050, 1064, 1073, 1077, 1081, 1091, 1106, 1116, 1119, 1125, 1128,
     1130, 1134, 1140, 1149, 1154, 1159, 1173, 1178, 1180, 1190, 1195, 1200,
     1213, 1225, 1227, 1236, 1240, 1249, 1252, 1256, 1260, 1265, 1279, 1282,
     1283, 1291, 1294, 1297, 1300, 1311, 1324, 1331, 1333, 1336, 1348, 1351,
     1360, 1362, 1364, 1378, 1381, 1394, 1397, 1406, 1418, 1422, 1424, 1426,
     1433, 1452, 1465, 1468, 1479, 1484, 1487, 1490, 1496, 1500, 1502, 1505,
     1508, 1511, 1517, 1520, 1544, 1547, 1563, 1566, 1568, 1574, 1576, 1579,
     1582, 1588, 1597, 1599, 1608, 1613, 1616, 1633, 1635, 1645, 1648, 1668,
     1673, 1676, 1678, 1682, 1692, 1694, 1696, 1717, 1723, 1729, 1736, 1740,
     1752, 1770, 1774, 1778, 1780, 1789, 1792, 1800, 1802, 1810, 1820, 1828,
     1863, 1867, 1873, 1877, 1880, 1883, 1887, 1896, 1899, 1909, 1918, 1940,
     1943, 1947, 1957, 1964, 1967, 1976, 1983, 1986, 1993, 1996, 2001, 2006,
     2014, 2023, 2026, 2039, 2050, 2054, 2058, 2076, 2080, 2096, 2098, 2101,
     2103, 2105, 2136, 2157, 2160, 2183, 2186, 2204, 2206, 2209, 2212, 2227,
     2229, 2231, 2234, 2237, 2240, 2250, 2259, 2262, 2280, 2283, 2287, 2304,
     2309, 2311, 2316, 2322, 2336, 2348, 2370, 2377, 2379, 2385, 2388, 2398,
     2408, 2426, 2430, 2454, 2472, 2479, 2485, 2493, 2505, 2525, 2527, 2534,
     2537, 2540, 2542, 2547, 2558, 2572, 2579, 2591, 2595, 2609, 2612, 2622,
     2626, 2632, 2635, 2643, 2646, 2650, 2673, 2677, 2691, 2699, 2702, 2708,
     2713, 2716, 2720, 2724, 2728, 2730, 2740, 2759, 2769, 2774, 2786, 2801,
     2804
[ 4] 0, 6, 15, 18, 52, 56, 73, 82, 93, 116, 127, 132, 140, 145, 152, 159, 163,
     167, 179, 183, 186, 190, 194, 198, 201, 213, 234, 238, 244, 247, 252,
     255, 259, 273, 278, 284, 306, 310, 316, 319, 322, 326, 336, 341, 353,
     360, 365, 368, 373, 386, 408, 423, 429, 443, 446, 470, 478, 486, 490,
     497, 500, 503, 508, 515, 528, 532, 536, 540, 547, 556, 561, 569, 592,
     604, 627, 630, 634, 652, 661, 674, 677, 683, 692, 695, 698, 702, 727,
     733, 737, 740, 743, 747, 758, 761, 764, 768, 772, 782, 786, 796, 802,
     805, 814, 820, 828, 831, 837, 846, 851, 874, 895, 899, 906, 909, 912,
     921, 925, 931, 935, 945, 955, 959, 973, 978, 984, 1004, 1008, 1011, 1019,
     1023, 1036, 1040, 1044, 1055, 1059, 1063, 1068, 1072, 1076, 1080, 1086,
     1090, 1094, 1097, 1102, 1115, 1122, 1133, 1139, 1143, 1158, 1168, 1172,
     1186, 1206, 1215, 1221, 1224, 1232, 1239, 1242, 1246, 1251, 1255, 1259,
     1275, 1290, 1303, 1320, 1323, 1330, 1338, 1342, 1347, 1354, 1374, 1377,
     1387, 1393, 1400, 1409, 1413, 1417, 1436, 1439, 1447, 1451, 1460, 1475,
     1489, 1492, 1499, 1507, 1510, 1513, 1516, 1522, 1525, 1533, 1538, 1555,
     1573, 1584, 1607, 1619, 1622, 1628, 1631, 1637, 1644, 1659, 1665, 1672,
     1681, 1684, 1690, 1699, 1709, 1712, 1728, 1735, 1739, 1745, 1749, 1757,
     1767, 1773, 1777, 1782, 1787, 1791, 1804, 1819, 1834, 1837, 1842, 1852,
     1859, 1862, 1866, 1882, 1886, 1895, 1898, 1902, 1905, 1908, 1920, 1930,
     1946, 1949, 1953, 1956, 1959, 1975, 1979, 1989, 1992, 1995, 2000, 2004,
     2013, 2025, 2030, 2049, 2070, 2083, 2087, 2114, 2126, 2135, 2138, 2141,
     2144, 2147, 2151, 2156, 2163, 2170, 2173, 2199, 2203, 2211, 2214, 2265,
     2275, 2279, 2286, 2307, 2321, 2342, 2345, 2352, 2358, 2372, 2376, 2384,
     2395, 2403, 2407, 2410, 2440, 2443, 2446, 2449, 2453, 2461, 2465, 2471,
     2474, 2478, 2482, 2499, 2502, 2516, 2520, 2529, 2533, 2536, 2539, 2560,
     2568, 2575, 2584, 2590, 2594, 2617, 2621, 2625, 2628, 2631, 2640, 2649,
     2653, 2665, 2672, 2676, 2683, 2686, 2690, 2694, 2719, 2723, 2733, 2737,
     2743, 2747, 2752, 2756, 2762, 2768, 2791, 2794, 2803
[ 5] 17, 34, 39, 65, 67, 72, 76, 81, 87, 91, 95, 118, 129, 143, 151, 154, 162,
     177, 189, 192, 215, 222, 223, 230, 245, 258, 261, 280, 292, 302, 304,
     314, 340, 375, 383, 396, 411, 412, 415, 417, 427, 463, 472, 477, 482,
     492, 496, 507, 514, 516, 519, 541, 550, 552, 555, 563, 579, 591, 595,
     617, 623, 666, 671, 676, 705, 709, 711, 713, 719, 721, 732, 739, 750,
     763, 767, 785, 788, 795, 798, 817, 823, 830, 834, 839, 845, 849, 853,
     865, 871, 889, 891, 894, 898, 904, 907, 915, 918, 924, 930, 939, 953,
     966, 972, 993, 997, 1002, 1010, 1018, 1022, 1030, 1043, 1054, 1058, 1071,
     1089, 1095, 1099, 1148, 1150, 1153, 1157, 1161, 1164, 1171, 1177, 1182,
     1196, 1205, 1217, 1231, 1244, 1269, 1272, 1278, 1284, 1287, 1319, 1340,
     1352, 1376, 1383, 1386, 1392, 1403, 1442, 1457, 1463, 1473, 1494, 1509,
     1515, 1532, 1535, 1542, 1562, 1570, 1575, 1596, 1604, 1611, 1617, 1624,
     1643, 1658, 1663, 1670, 1687, 1693, 1698, 1703, 1713, 1720, 1727, 1765,
     1776, 1793, 1794, 1797, 1803, 1809, 1812, 1815, 1817, 1824, 1836, 1845,
     1861, 1871, 1885, 1892, 1900, 1910, 1916, 1936, 1941, 1952, 1961, 1966,
     1968, 1991, 2035, 2043, 2046, 2062, 2069, 2086, 2092, 2104, 2122, 2125,
     2132, 2174, 2190, 2194, 2202, 2218, 2225, 2267, 2274, 2278, 2285, 2289,
     2298, 2301, 2303, 2313, 2317, 2319, 2328, 2334, 2341, 2349, 2366, 2374,
     2399, 2406, 2414, 2429, 2437, 2445, 2448, 2455, 2463, 2468, 2470, 2473,
     2480, 2490, 2506, 2512, 2518, 2523, 2526, 2531, 2535, 2538, 2554, 2556,
     2564, 2570, 2577, 2581, 2583, 2587, 2589, 2600, 2602, 2608, 2615, 2638,
     2645, 2658, 2660, 2669, 2674, 2680, 2689, 2705, 2711, 2715, 2718, 2722,
     2739, 2767, 2770, 2775, 2780, 2784, 2800, 2807, 2810, 2818
[ 6] 4, 7, 20, 58, 69, 79, 85, 89, 104, 110, 112, 138, 156, 160, 165, 181,
     196, 218, 220, 232, 242, 269, 277, 295, 321, 324, 328, 372, 385, 390,
     392, 448, 451, 465, 468, 530, 534, 543, 558, 574, 589, 593, 597, 602,
     618, 621, 626, 638, 643, 654, 665, 667, 679, 715, 722, 783, 792, 832,
     855, 859, 868, 872, 879, 882, 887, 896, 913, 916, 947, 960, 986, 1012,
     1028, 1045, 1048, 1051, 1056, 1074, 1078, 1082, 1087, 1092, 1107, 1120,
     1141, 1162, 1169, 1174, 1179, 1222, 1228, 1237, 1241, 1247, 1253, 1257,
     1266, 1280, 1285, 1295, 1306, 1308, 1326, 1349, 1363, 1365, 1379, 1398,
     1401, 1428, 1434, 1453, 1485, 1488, 1491, 1497, 1501, 1503, 1521, 1528,
     1530, 1534, 1548, 1577, 1589, 1598, 1602, 1609, 1636, 1646, 1649, 1669,
     1679, 1700, 1721, 1730, 1741, 1750, 1760, 1771, 1781, 1785, 1808, 1826,
     1829, 1864, 1869, 1878, 1888, 1915, 1944, 1948, 1958, 1977, 1984, 2015,
     2045, 2047, 2051, 2090, 2097, 2099, 2120, 2129, 2137, 2158, 2161, 2200,
     2205, 2207, 2210, 2230, 2232, 2238, 2241, 2305, 2337, 2339, 2378, 2380,
     2389, 2416, 2435, 2486, 2494, 2521, 2541, 2543, 2559, 2561, 2585, 2592,
     2596, 2605, 2610, 2613, 2623, 2633, 2647, 2656, 2668, 2670, 2692, 2725,
     2731, 2765, 2776, 2802, 2816
[ 7] 21, 24, 27, 42, 54, 77, 99, 122, 125, 141, 199, 203, 205, 211, 248, 271,
     282, 285, 299, 312, 334, 343, 358, 436, 454, 526, 599, 629, 646, 650,
     663, 686, 690, 693, 756, 759, 770, 780, 790, 800, 803, 901, 919, 941,
     968, 1026, 1032, 1084, 1166, 1184, 1193, 1198, 1210, 1234, 1263, 1313,
     1321, 1328, 1356, 1371, 1404, 1411, 1431, 1444, 1461, 1470, 1477, 1482,
     1523, 1550, 1557, 1586, 1639, 1655, 1661, 1666, 1732, 1747, 1755, 1806,
     1847, 1853, 1925, 1928, 1938, 1980, 2008, 2020, 2028, 2063, 2074, 2078,
     2088, 2094, 2115, 2139, 2145, 2149, 2171, 2196, 2220, 2222, 2254, 2290,
     2350, 2368, 2393, 2418, 2442, 2457, 2475, 2497, 2504, 2545, 2550, 2735,
     2745, 2751, 2763, 2773, 2792, 2795, 2797
[ 8] 33, 66, 188, 309, 317, 346, 377, 404, 410, 460, 523, 572, 610, 613, 706,
     754, 775, 809, 816, 819, 822, 824, 836, 840, 857, 862, 928, 964, 1021,
     1025, 1101, 1124, 1145, 1189, 1214, 1220, 1335, 1388, 1395, 1416, 1438,
     1446, 1554, 1581, 1593, 1595, 1605, 1627, 1634, 1695, 1738, 1759, 1769,
     1839, 1851, 1856, 1907, 1932, 1970, 1974, 2012, 2085, 2106, 2133, 2187,
     2244, 2246, 2256, 2277, 2293, 2296, 2360, 2391, 2405, 2425, 2489, 2492,
     2510, 2553, 2604, 2627, 2637, 2662, 2666, 2695, 2701, 2704, 2742, 2760,
     2812
[ 9] 32, 64, 71, 187, 229, 395, 409, 434, 438, 459, 522, 609, 641, 689, 712,
     766, 808, 815, 818, 821, 963, 970, 989, 1020, 1123, 1144, 1188, 1316,
     1445, 1456, 1553, 1594, 1689, 1711, 1838, 1850, 1973, 2037, 2068, 2084,
     2177, 2245, 2276, 2295, 2397, 2402, 2404, 2424, 2428, 2460, 2469, 2488,
     2491, 2552, 2603, 2707
[10] 1, 107, 226, 565, 777, 933, 957, 1135, 1155, 1298, 1301, 1345, 1480,
     1512, 1518, 1614, 1987, 2102, 2110, 2112, 2152, 2184, 2260, 2281, 2386,
     2641, 2651, 2697, 2787
[11] 150, 382, 1017, 1382, 1657, 1965, 2061, 2189, 2688
[12] 554, 578, 670, 749, 1230, 1891
[13] 1441, 1642, 2580
[14] 235, 2411
[15] 345, 1626
[16] 1726, 2273
[17] 1835, 1960
[18] 16
[19] 128
[20] 616
[21] 1151
[22] 1514
[23] 1632
[24] 1954
[25] 2142
[26] 2247

Reassigned labels

Runtime: 6.074020624160767

Performance split_log:

IM without threshold:
Map:
{"D_0": "D", "D_1": "D", "D_2": "D", "D_3": "D", "D_4": "D", "D_5": "D", "D_6": "D", "D_7": "D", "D_8": "D", "D_9": "D", "D_10": "D", "D_11": "D", "D_12": "D", "D_13": "D", "D_14": "D", "D_15": "D", "D_16": "D", "D_17": "D", "D_18": "D", "D_19": "D", "D_20": "D", "D_21": "D", "D_22": "D", "D_23": "D", "D_24": "D", "D_25": "D", "D_26": "D"}
token_fitness
{"perc_fit_traces": 100.0, "average_trace_fitness": 1.0, "log_fitness": 1.0, "percentage_of_fitting_traces": 100.0}
precision
0.5769574762175786
0.6190476190476191
generalization
0.6507595749269903

Adjusted Rand Index:
0.14999306423683054



Parameters of this run:

Window size: 3
Threshold for edges: 1
Split candidates: D
Max number of traces: 5000000
Method for distance calculation: Distance.EDIT_DISTANCE
Method for finding clusters: ClusteringMethod.COMMUNITY_DETECTION
Original log location: ./data/noImprInLoop_default_OD\feb17-0936\logs\H_1_LogD_Sequence_feb17-0936.xes.gz
Use frequency: True

Found communities: 

Clustering with 2819 elements and 722 clusters
[  0] 6, 56, 93, 132, 140, 152, 159, 167, 190, 201, 213, 234, 244, 247, 259,
      284, 306, 316, 322, 326, 336, 478, 486, 497, 500, 508, 569, 634, 661,
      677, 695, 702, 733, 737, 743, 747, 758, 764, 768, 772, 782, 786, 802,
      805, 814, 828, 831, 846, 895, 906, 931, 959, 984, 1040, 1044, 1068,
      1086, 1097, 1139, 1158, 1168, 1172, 1239, 1255, 1303, 1320, 1330, 1342,
      1393, 1400, 1413, 1439, 1451, 1460, 1475, 1525, 1637, 1659, 1672, 1681,
      1735, 1739, 1745, 1749, 1777, 1782, 1787, 1886, 1920, 1930, 1946, 1949,
      1953, 1959, 1975, 1979, 1989, 1995, 2000, 2004, 2013, 2030, 2087, 2135,
      2141, 2163, 2170, 2203, 2211, 2214, 2265, 2279, 2321, 2352, 2358, 2372,
      2376, 2395, 2407, 2410, 2440, 2443, 2446, 2478, 2482, 2536, 2539, 2575,
      2590, 2594, 2631, 2649, 2665, 2686, 2694, 2719, 2733, 2747, 2803
[  1] 183, 255, 365, 373, 408, 423, 490, 503, 547, 556, 604, 630, 674, 683,
      692, 698, 796, 851, 874, 909, 945, 973, 978, 1008, 1011, 1055, 1063,
      1080, 1090, 1102, 1115, 1122, 1215, 1221, 1232, 1354, 1377, 1387, 1409,
      1417, 1492, 1522, 1584, 1607, 1628, 1665, 1709, 1757, 1819, 1837, 1842,
      1852, 1859, 1862, 1882, 2049, 2126, 2138, 2173, 2199, 2275, 2345, 2403,
      2449, 2453, 2461, 2499, 2533, 2560, 2625, 2640, 2672, 2676, 2690, 2737,
      2752, 2756, 2791
[  2] 11, 80, 86, 102, 137, 161, 221, 237, 251, 264, 349, 380, 432, 494, 511,
      568, 590, 594, 607, 658, 784, 833, 848, 886, 888, 897, 911, 914, 917,
      951, 1000, 1013, 1029, 1046, 1057, 1062, 1088, 1105, 1138, 1163, 1170,
      1274, 1286, 1309, 1402, 1421, 1531, 1541, 1603, 1744, 1761, 1833, 1870,
      2048, 2091, 2121, 2130, 2166, 2180, 2201, 2271, 2326, 2340, 2355, 2413,
      2434, 2436, 2501, 2522, 2586, 2606, 2630, 2657, 2671, 2766, 2790, 2817
[  3] 15, 18, 127, 145, 163, 179, 186, 198, 238, 273, 278, 310, 353, 368, 386,
      429, 443, 446, 528, 536, 540, 652, 727, 837, 1023, 1036, 1072, 1143,
      1206, 1224, 1242, 1246, 1251, 1275, 1290, 1436, 1489, 1499, 1510, 1533,
      1538, 1555, 1622, 1690, 1699, 1767, 1804, 1834, 1905, 1908, 1956, 2070,
      2144, 2147, 2151, 2471, 2516, 2529, 2584, 2617, 2683, 2723, 2743, 2794
[  4] 28, 36, 43, 61, 134, 142, 175, 200, 204, 249, 283, 300, 313, 338, 344,
      359, 455, 577, 600, 691, 757, 804, 876, 902, 920, 942, 1065, 1117, 1131,
      1185, 1194, 1201, 1250, 1261, 1264, 1314, 1423, 1462, 1483, 1545, 1558,
      1748, 1753, 1807, 1821, 1848, 2002, 2027, 2040, 2075, 2077, 2081, 2095,
      2251, 2255, 2263, 2323, 2427, 2573, 2678, 2709, 2796
[  5] 23, 105, 113, 124, 207, 233, 243, 391, 469, 531, 535, 575, 603, 639,
      644, 842, 860, 880, 987, 1079, 1083, 1108, 1142, 1212, 1350, 1366, 1373,
      1380, 1390, 1399, 1454, 1486, 1498, 1552, 1578, 1610, 1734, 1772, 1830,
      1855, 1858, 1879, 1945, 1978, 1982, 1985, 2010, 2022, 2052, 2100, 2117,
      2162, 2198, 2208, 2258, 2338, 2420, 2477, 2495, 2648, 2664
[  6] 22, 78, 119, 123, 144, 193, 206, 315, 335, 413, 473, 517, 520, 527, 542,
      687, 760, 799, 905, 954, 1096, 1211, 1245, 1329, 1372, 1474, 1524, 1551,
      1618, 1671, 1733, 1795, 1798, 1854, 1942, 1981, 2009, 2021, 2029, 2089,
      2116, 2140, 2172, 2195, 2197, 2291, 2400, 2419, 2464, 2476, 2481, 2546,
      2571, 2578, 2764
[  7] 10, 14, 51, 236, 263, 275, 333, 348, 379, 431, 442, 510, 567, 606, 657,
      726, 885, 999, 1039, 1061, 1104, 1110, 1137, 1209, 1368, 1540, 1572,
      1601, 1832, 2019, 2072, 2165, 2179, 2249, 2315, 2325, 2347, 2354, 2412,
      2433, 2439, 2452, 2515, 2789, 2815
[  8] 40, 55, 96, 212, 293, 437, 553, 624, 647, 664, 771, 781, 1033, 1167,
      1235, 1341, 1357, 1432, 1478, 1587, 1640, 1656, 1662, 1704, 1766, 1825,
      1939, 2044, 2150, 2221, 2320, 2329, 2458, 2498, 2532, 2551, 2557, 2661,
      2736, 2746, 2785, 2808
[  9] 52, 73, 194, 252, 319, 515, 532, 561, 592, 627, 761, 820, 899, 912, 935,
      955, 1004, 1059, 1133, 1186, 1323, 1374, 1507, 1513, 1619, 1684, 1728,
      1791, 1866, 1992, 2025, 2083, 2114, 2156, 2286, 2502, 2621, 2628, 2762,
      2768
[ 10] 33, 188, 309, 410, 460, 523, 610, 816, 819, 822, 928, 964, 1021, 1025,
      1145, 1189, 1335, 1446, 1554, 1581, 1595, 1738, 1851, 1974, 2085, 2277,
      2296, 2360, 2405, 2425, 2489, 2492, 2553, 2604, 2637, 2742
[ 11] 118, 192, 472, 492, 519, 798, 830, 845, 904, 924, 953, 1153, 1177, 1244,
      1284, 1473, 1509, 1617, 1693, 1797, 1803, 1812, 1885, 1941, 2194, 2289,
      2298, 2317, 2399, 2463, 2480, 2526, 2570, 2577, 2718
[ 12] 0, 82, 116, 341, 360, 470, 740, 921, 925, 1019, 1076, 1094, 1259, 1338,
      1347, 1447, 1516, 1573, 1631, 1644, 1712, 1773, 1895, 1898, 1902, 2307,
      2342, 2384, 2465, 2474, 2520, 2568, 2653
[ 13] 81, 87, 162, 222, 591, 595, 785, 834, 889, 898, 915, 918, 1030, 1058,
      1089, 1164, 1171, 1287, 1403, 1532, 1604, 1871, 2092, 2122, 2202, 2341,
      2437, 2523, 2587, 2658, 2767, 2818
[ 14] 5, 70, 90, 166, 197, 329, 466, 655, 716, 793, 1075, 1093, 1121, 1254,
      1296, 1435, 1504, 1590, 1647, 1742, 2233, 2239, 2381, 2390, 2544, 2597,
      2614, 2624, 2693, 2726, 2732
[ 15] 158, 485, 513, 633, 701, 746, 753, 811, 893, 983, 1007, 1042, 1370,
      1408, 1450, 1565, 1706, 1814, 1904, 1934, 2033, 2057, 2124, 2182, 2236,
      2300, 2344, 2467, 2567, 2655, 2782
[ 16] 39, 95, 151, 292, 383, 507, 552, 865, 972, 1010, 1018, 1217, 1340, 1383,
      1562, 1658, 1703, 1765, 1824, 1966, 2043, 2062, 2190, 2319, 2531, 2660,
      2680, 2689, 2784
[ 17] 308, 356, 367, 419, 452, 475, 927, 1226, 1258, 1267, 1281, 1312, 1325,
      1334, 1567, 1580, 1737, 1919, 2016, 2228, 2242, 2409, 2593, 2636, 2741,
      2805
[ 18] 246, 405, 707, 755, 841, 863, 994, 1003, 1389, 1396, 1714, 1857, 1969,
      2107, 2257, 2294, 2392, 2415, 2616, 2663, 2667, 2675, 2761, 2771
[ 19] 8, 121, 139, 169, 240, 502, 544, 668, 682, 723, 873, 977, 1114, 1248,
      1307, 1327, 1722, 1751, 2066, 2109, 2364, 2562, 2777
[ 20] 79, 160, 220, 589, 593, 783, 832, 887, 913, 1045, 1056, 1162, 1308,
      1401, 1869, 2047, 2090, 2120, 2200, 2585, 2765
[ 21] 25, 126, 272, 288, 297, 318, 546, 685, 694, 801, 807, 937, 1191, 1419,
      1471, 1506, 1897, 2134, 2394, 2793
[ 22] 92, 178, 286, 651, 908, 1027, 1085, 1405, 1543, 1664, 1667, 2064, 2079,
      2146, 2175, 2223, 2335, 2351, 2712, 2798
[ 23] 34, 189, 411, 514, 817, 823, 894, 1022, 1043, 1596, 1815, 2086, 2125,
      2278, 2301, 2406, 2468, 2490, 2554
[ 24] 104, 112, 390, 534, 638, 643, 879, 1078, 1082, 1379, 1453, 1577, 1771,
      1944, 1984, 2161, 2337, 2494
[ 25] 258, 623, 705, 719, 795, 1071, 1161, 1269, 1386, 1687, 1952, 2218, 2328,
      2366, 2556, 2602, 2722, 2807
[ 26] 100, 428, 571, 612, 660, 850, 1199, 1322, 1353, 1412, 1464, 1756, 1901,
      1911, 1926, 1929, 2369, 2700
[ 27] 32, 187, 409, 815, 818, 821, 1020, 1144, 1445, 1553, 1594, 2084, 2276,
      2404, 2424, 2488, 2552
[ 28] 37, 62, 135, 176, 877, 1118, 1132, 1202, 1546, 1822, 2003, 2041, 2082,
      2252, 2264, 2574, 2710
[ 29] 76, 550, 671, 750, 997, 1148, 1182, 1205, 1231, 1570, 1698, 1845, 1892,
      2285, 2600, 2645, 2715
[ 30] 91, 177, 261, 415, 496, 617, 839, 891, 907, 1663, 1720, 1936, 2035,
      2174, 2506, 2711
[ 31] 101, 136, 250, 493, 847, 910, 950, 1273, 1361, 1420, 1743, 2128, 2213,
      2270, 2500, 2629
[ 32] 131, 168, 681, 697, 742, 976, 1112, 1337, 1427, 1674, 1718, 2065, 2108,
      2363, 2371, 2528
[ 33] 434, 459, 522, 609, 641, 963, 1188, 1711, 1850, 1973, 2295, 2397, 2460,
      2491, 2603, 2707
[ 34] 77, 122, 205, 334, 686, 1210, 1523, 1732, 2008, 2028, 2139, 2171, 2290,
      2475, 2545
[ 35] 346, 404, 857, 862, 1101, 1395, 1627, 1634, 1695, 2012, 2106, 2293,
      2627, 2666, 2760
[ 36] 352, 584, 649, 736, 982, 1006, 1293, 1449, 1653, 2032, 2056, 2143, 2331,
      2423, 2566
[ 37] 673, 774, 778, 1219, 1346, 1415, 1481, 1592, 1615, 1988, 2113, 2169,
      2185, 2282, 2652
[ 38] 17, 143, 314, 412, 417, 516, 541, 1095, 1670, 1794, 1861, 2448, 2608,
      2739
[ 39] 361, 388, 397, 499, 585, 867, 1035, 1066, 1304, 1537, 1629, 1876, 1962,
      2681
[ 40] 20, 269, 324, 448, 597, 1051, 1679, 1888, 2137, 2158, 2305, 2378, 2559
[ 41] 42, 282, 299, 312, 358, 454, 629, 901, 1263, 1806, 2074, 2254, 2773
[ 42] 89, 328, 654, 1120, 1434, 1501, 1521, 1741, 2232, 2380, 2389, 2543, 2725
[ 43] 209, 364, 484, 632, 700, 745, 752, 810, 1407, 1564, 2181, 2235, 2703
[ 44] 270, 325, 449, 598, 990, 1052, 1317, 1680, 1889, 2038, 2159, 2306
[ 45] 83, 170, 399, 406, 581, 1344, 1840, 2118, 2155, 2684, 2748
[ 46] 216, 224, 305, 1495, 1612, 1625, 1818, 2375, 2513, 2519, 2639
[ 47] 369, 424, 444, 505, 636, 1526, 1763, 1998, 2215, 2269, 2332
[ 48] 370, 425, 445, 825, 1527, 1606, 1971, 1999, 2216, 2333, 2696
[ 49] 530, 574, 859, 986, 1141, 1485, 1829, 1878, 2051, 2099, 2207
[ 50] 565, 777, 1135, 1155, 1480, 1614, 1987, 2102, 2184, 2281, 2651
[ 51] 1002, 1442, 1643, 1727, 1968, 2274, 2581, 2589, 2674, 2770, 2800
[ 52] 302, 482, 563, 709, 763, 1099, 1157, 1542, 1793, 2334
[ 53] 512, 892, 1041, 1813, 1933, 2123, 2299, 2466, 2654, 2781
[ 54] 770, 1032, 1166, 1356, 1586, 1639, 1655, 2149, 2497, 2745
[ 55] 4, 295, 792, 1074, 1636, 2210, 2230, 2692, 2731
[ 56] 107, 226, 933, 957, 1298, 1301, 1518, 2260, 2386
[ 57] 108, 227, 934, 958, 1299, 1302, 1519, 2261, 2387
[ 58] 157, 560, 1369, 1705, 1903, 1955, 2192, 2343, 2431
[ 59] 211, 646, 663, 1431, 1477, 2220, 2457, 2550, 2735
[ 60] 824, 836, 1214, 1605, 1759, 1970, 2187, 2244, 2695
[ 61] 59, 219, 680, 1175, 1549, 1650, 2487, 2611
[ 62] 67, 154, 280, 555, 579, 930, 1392, 2705
[ 63] 72, 713, 853, 1376, 2267, 2429, 2470, 2564
[ 64] 84, 171, 400, 407, 1841, 2119, 2685, 2749
[ 65] 103, 389, 533, 878, 1077, 1378, 1576, 2493
[ 66] 215, 304, 1494, 1624, 1817, 2374, 2512, 2518
[ 67] 232, 468, 602, 1107, 1398, 1497, 1609, 1977
[ 68] 340, 788, 939, 1319, 1575, 2303, 2473, 2535
[ 69] 362, 398, 586, 1067, 1305, 1630, 1963, 2682
[ 70] 402, 588, 729, 992, 1359, 1459, 1708, 2357
[ 71] 706, 754, 840, 1388, 1856, 2256, 2391, 2662
[ 72] 477, 721, 739, 1054, 1196, 1836, 1961, 2455
[ 73] 858, 985, 1140, 1484, 1828, 1877, 2050, 2098
[ 74] 24, 125, 271, 693, 1470, 2393, 2792
[ 75] 31, 148, 422, 1469, 1677, 2310, 2729
[ 76] 85, 2129, 2521, 2605, 2656, 2670, 2816
[ 77] 156, 277, 321, 621, 626, 1241, 1488
[ 78] 173, 267, 489, 975, 1914, 2508, 2755
[ 79] 182, 883, 1049, 1238, 1731, 1865, 2634
[ 80] 165, 372, 465, 1295, 1646, 2238, 2613
[ 81] 376, 525, 1583, 1621, 1768, 1881, 1931
[ 82] 377, 1438, 1769, 1907, 1932, 2510, 2812
[ 83] 572, 613, 775, 1220, 1416, 1593, 2701
[ 84] 245, 993, 1713, 2414, 2583, 2615, 2810
[ 85] 1198, 1411, 1444, 1755, 1925, 1928, 2368
[ 86] 19, 447, 1050, 1887, 2304, 2558
[ 87] 64, 229, 395, 766, 1456, 2068
[ 88] 65, 230, 396, 767, 1457, 2069
[ 89] 69, 196, 385, 715, 1503, 2623
[ 90] 111, 637, 642, 1081, 1770, 1863
[ 91] 120, 239, 501, 813, 1113, 1289
[ 92] 133, 1064, 1116, 1249, 2080, 2677
[ 93] 185, 480, 1868, 1894, 1994, 2362
[ 94] 199, 599, 756, 803, 919, 1313
[ 95] 666, 1535, 1809, 1916, 2046, 2669
[ 96] 667, 722, 1247, 1306, 1750, 2561
[ 97] 944, 1024, 1425, 2024, 2359, 2548
[ 98] 1437, 1906, 1997, 2383, 2509, 2811
[ 99] 1, 2110, 2152, 2641, 2697
[100] 2, 2111, 2153, 2642, 2698
[101] 3, 791, 1073, 2229, 2691
[102] 21, 1328, 1371, 2088, 2763
[103] 35, 174, 337, 2076, 2572
[104] 88, 327, 1433, 2231, 2542
[105] 98, 290, 331, 1716, 2758
[106] 180, 1452, 1729, 1983, 2160
[107] 257, 704, 1385, 1686, 1951
[108] 427, 1352, 1900, 1910, 1991
[109] 539, 1129, 1790, 1874, 2007
[110] 871, 1150, 2104, 2349, 2775
[111] 1165, 1197, 1355, 1924, 2503
[112] 662, 1262, 2308, 2456, 2727
[113] 896, 1087, 1530, 1602, 2339
[114] 1550, 1853, 1980, 2020, 2115
[115] 968, 1557, 1747, 1847, 2094
[116] 48, 458, 1923, 2620
[117] 71, 712, 2428, 2469
[118] 138, 872, 1721, 2776
[119] 147, 1676, 2309, 2728
[120] 184, 479, 1893, 2361
[121] 225, 776, 1511, 2183
[122] 342, 537, 1937, 2750
[123] 354, 1556, 1660, 2093
[124] 231, 467, 1608, 1976
[125] 266, 488, 1913, 2754
[126] 545, 1190, 1778, 1896
[127] 558, 1228, 1491, 1669
[128] 653, 1119, 2388, 2724
[129] 718, 1070, 1160, 2721
[130] 808, 1123, 1838, 2245
[131] 809, 1124, 1839, 2246
[132] 852, 1375, 2266, 2563
[133] 181, 882, 1730, 1864
[134] 980, 1332, 1466, 2059
[135] 1012, 1028, 1760, 2435
[136] 1017, 2061, 2189, 2688
[137] 1026, 1084, 2145, 2222
[138] 1060, 1539, 2432, 2788
[139] 1092, 1253, 1589, 2596
[140] 1181, 1569, 1697, 2714
[141] 1311, 1918, 2054, 2227
[142] 989, 1316, 2037, 2402
[143] 1422, 1544, 2026, 2426
[144] 619, 1429, 1827, 2417
[145] 9, 498, 605
[146] 38, 971, 2783
[147] 46, 49, 724
[148] 50, 441, 725
[149] 53, 789, 1467
[150] 63, 1455, 2067
[151] 110, 1179, 2541
[152] 115, 615, 1724
[153] 155, 320, 620
[154] 68, 195, 384
[155] 214, 1406, 1996
[156] 223, 1611, 2638
[157] 254, 1126, 1683
[158] 265, 487, 1187
[159] 268, 1678, 2157
[160] 210, 298, 1799
[161] 323, 596, 2377
[162] 343, 1184, 1193
[163] 366, 1225, 2408
[164] 164, 371, 464
[165] 375, 463, 1515
[166] 382, 1382, 1965
[167] 393, 439, 1701
[168] 440, 1774, 2311
[169] 453, 1917, 2053
[170] 538, 1128, 2006
[171] 564, 1134, 2101
[172] 611, 659, 2699
[173] 618, 1428, 2416
[174] 622, 794, 1268
[175] 665, 1534, 2045
[176] 689, 1689, 2177
[177] 708, 1694, 2626
[178] 731, 1277, 2779
[179] 732, 1278, 2780
[180] 864, 1009, 2679
[181] 875, 1130, 1820
[182] 357, 900, 2772
[183] 952, 1508, 2527
[184] 869, 961, 1529
[185] 172, 974, 2507
[186] 1031, 1654, 2496
[187] 1154, 1300, 1517
[188] 916, 1169, 1285
[189] 1208, 2451, 2814
[190] 557, 1227, 2240
[191] 1236, 1348, 1364
[192] 1272, 1776, 2313
[193] 1310, 2219, 2549
[194] 242, 1349, 1365
[195] 1476, 1675, 1805
[196] 1500, 1520, 2379
[197] 1252, 1588, 2595
[198] 217, 1668, 1947
[199] 1752, 2001, 2322
[200] 1363, 1781, 2802
[201] 451, 1948, 2241
[202] 947, 2015, 2592
[203] 1430, 2073, 2226
[204] 1645, 2237, 2612
[205] 1548, 2486, 2610
[206] 29, 1127
[207] 30, 421
[208] 57, 1957
[209] 66, 2704
[210] 99, 1321
[211] 106, 932
[212] 114, 1880
[213] 141, 690
[214] 228, 765
[215] 285, 2078
[216] 303, 1762
[217] 317, 2133
[218] 347, 566
[219] 378, 1536
[220] 381, 1964
[221] 401, 587
[222] 418, 1324
[223] 433, 2706
[224] 54, 436
[225] 471, 696
[226] 506, 1561
[227] 7, 543
[228] 580, 2757
[229] 583, 1292
[230] 601, 1397
[231] 625, 1487
[232] 631, 965
[233] 635, 2330
[234] 645, 2734
[235] 650, 2350
[236] 676, 2132
[237] 287, 684
[238] 699, 1351
[239] 256, 703
[240] 741, 1336
[241] 526, 759
[242] 769, 1638
[243] 806, 1014
[244] 844, 2717
[245] 861, 1159
[246] 922, 1801
[247] 923, 1802
[248] 279, 929
[249] 936, 1505
[250] 27, 941
[251] 868, 960
[252] 998, 1103
[253] 1015, 1779
[254] 387, 1034
[255] 241, 1047
[256] 1106, 2632
[257] 1149, 2348
[258] 58, 1174
[259] 1180, 1291
[260] 1200, 2039
[261] 1222, 1785
[262] 1048, 1237
[263] 276, 1240
[264] 1271, 1844
[265] 1001, 1288
[266] 1315, 2401
[267] 926, 1333
[268] 1343, 1707
[269] 849, 1463
[270] 1461, 1482
[271] 1490, 1648
[272] 1493, 1990
[273] 1512, 2787
[274] 1256, 1547
[275] 1563, 1909
[276] 339, 1574
[277] 835, 1579
[278] 614, 1582
[279] 1598, 2097
[280] 1616, 1940
[281] 345, 1626
[282] 1635, 2209
[283] 218, 1649
[284] 1666, 2063
[285] 943, 1682
[286] 1283, 1692
[287] 392, 1700
[288] 1726, 2273
[289] 1754, 2148
[290] 94, 1764
[291] 1780, 2801
[292] 1223, 1786
[293] 1816, 2268
[294] 1823, 2318
[295] 967, 1846
[296] 969, 1849
[297] 1136, 1875
[298] 1230, 1891
[299] 780, 1938
[300] 1867, 1993
[301] 2014, 2591
[302] 2031, 2055
[303] 1345, 2112
[304] 675, 2131
[305] 474, 2186
[306] 2196, 2418
[307] 1279, 2204
[308] 529, 2206
[309] 2225, 2445
[310] 1176, 2297
[311] 787, 2302
[312] 1775, 2312
[313] 2164, 2324
[314] 1943, 2336
[315] 262, 2353
[316] 2365, 2601
[317] 117, 2398
[318] 2450, 2813
[319] 1717, 2479
[320] 2168, 2484
[321] 2442, 2504
[322] 260, 2505
[323] 2472, 2534
[324] 253, 2547
[325] 903, 2569
[326] 2588, 2799
[327] 714, 2622
[328] 1967, 2673
[329] 843, 2716
[330] 294, 2730
[331] 1736, 2740
[332] 1912, 2753
[333] 1404, 2797
[334] 12
[335] 13
[336] 16
[337] 26
[338] 41
[339] 44
[340] 45
[341] 47
[342] 60
[343] 74
[344] 75
[345] 97
[346] 109
[347] 128
[348] 129
[349] 130
[350] 146
[351] 149
[352] 150
[353] 153
[354] 191
[355] 202
[356] 203
[357] 208
[358] 235
[359] 248
[360] 274
[361] 281
[362] 289
[363] 291
[364] 296
[365] 301
[366] 307
[367] 311
[368] 330
[369] 332
[370] 350
[371] 351
[372] 355
[373] 363
[374] 374
[375] 394
[376] 403
[377] 414
[378] 416
[379] 420
[380] 426
[381] 430
[382] 435
[383] 438
[384] 450
[385] 456
[386] 457
[387] 461
[388] 462
[389] 476
[390] 481
[391] 483
[392] 491
[393] 495
[394] 504
[395] 509
[396] 518
[397] 521
[398] 524
[399] 548
[400] 549
[401] 551
[402] 554
[403] 559
[404] 562
[405] 570
[406] 573
[407] 576
[408] 578
[409] 582
[410] 608
[411] 616
[412] 628
[413] 640
[414] 648
[415] 656
[416] 669
[417] 670
[418] 672
[419] 678
[420] 679
[421] 688
[422] 710
[423] 711
[424] 717
[425] 720
[426] 728
[427] 730
[428] 734
[429] 735
[430] 738
[431] 744
[432] 748
[433] 749
[434] 751
[435] 762
[436] 773
[437] 779
[438] 790
[439] 797
[440] 800
[441] 812
[442] 826
[443] 827
[444] 829
[445] 838
[446] 854
[447] 855
[448] 856
[449] 866
[450] 870
[451] 881
[452] 884
[453] 890
[454] 938
[455] 940
[456] 946
[457] 948
[458] 949
[459] 956
[460] 962
[461] 966
[462] 970
[463] 979
[464] 981
[465] 988
[466] 991
[467] 995
[468] 996
[469] 1005
[470] 1016
[471] 1037
[472] 1038
[473] 1053
[474] 1069
[475] 1091
[476] 1098
[477] 1100
[478] 1109
[479] 1111
[480] 1125
[481] 1146
[482] 1147
[483] 1151
[484] 1152
[485] 1156
[486] 1173
[487] 1178
[488] 1183
[489] 1192
[490] 1195
[491] 1203
[492] 1204
[493] 1207
[494] 1213
[495] 1216
[496] 1218
[497] 1229
[498] 1233
[499] 1234
[500] 1243
[501] 1257
[502] 1260
[503] 1265
[504] 1266
[505] 1270
[506] 1276
[507] 1280
[508] 1282
[509] 1294
[510] 1297
[511] 1318
[512] 1326
[513] 1331
[514] 1339
[515] 1358
[516] 1360
[517] 1362
[518] 1367
[519] 1381
[520] 1384
[521] 1391
[522] 1394
[523] 1410
[524] 1414
[525] 1418
[526] 1424
[527] 1426
[528] 1440
[529] 1441
[530] 1443
[531] 1448
[532] 1458
[533] 1465
[534] 1468
[535] 1472
[536] 1479
[537] 1496
[538] 1502
[539] 1514
[540] 1528
[541] 1559
[542] 1560
[543] 1566
[544] 1568
[545] 1571
[546] 1585
[547] 1591
[548] 1597
[549] 1599
[550] 1600
[551] 1613
[552] 1620
[553] 1623
[554] 1632
[555] 1633
[556] 1641
[557] 1642
[558] 1651
[559] 1652
[560] 1657
[561] 1661
[562] 1673
[563] 1685
[564] 1688
[565] 1691
[566] 1696
[567] 1702
[568] 1710
[569] 1715
[570] 1719
[571] 1723
[572] 1725
[573] 1740
[574] 1746
[575] 1758
[576] 1783
[577] 1784
[578] 1788
[579] 1789
[580] 1792
[581] 1796
[582] 1800
[583] 1808
[584] 1810
[585] 1811
[586] 1826
[587] 1831
[588] 1835
[589] 1843
[590] 1860
[591] 1872
[592] 1873
[593] 1883
[594] 1884
[595] 1890
[596] 1899
[597] 1915
[598] 1921
[599] 1922
[600] 1927
[601] 1935
[602] 1950
[603] 1954
[604] 1958
[605] 1960
[606] 1972
[607] 1986
[608] 2005
[609] 2011
[610] 2017
[611] 2018
[612] 2023
[613] 2034
[614] 2036
[615] 2042
[616] 2058
[617] 2060
[618] 2071
[619] 2096
[620] 2103
[621] 2105
[622] 2127
[623] 2136
[624] 2142
[625] 2154
[626] 2167
[627] 2176
[628] 2178
[629] 2188
[630] 2191
[631] 2193
[632] 2205
[633] 2212
[634] 2217
[635] 2224
[636] 2234
[637] 2243
[638] 2247
[639] 2248
[640] 2250
[641] 2253
[642] 2259
[643] 2262
[644] 2272
[645] 2280
[646] 2283
[647] 2284
[648] 2287
[649] 2288
[650] 2292
[651] 2314
[652] 2316
[653] 2327
[654] 2346
[655] 2356
[656] 2367
[657] 2370
[658] 2373
[659] 2382
[660] 2385
[661] 2396
[662] 2411
[663] 2421
[664] 2422
[665] 2430
[666] 2438
[667] 2441
[668] 2444
[669] 2447
[670] 2454
[671] 2459
[672] 2462
[673] 2483
[674] 2485
[675] 2511
[676] 2514
[677] 2517
[678] 2524
[679] 2525
[680] 2530
[681] 2537
[682] 2538
[683] 2540
[684] 2555
[685] 2565
[686] 2576
[687] 2579
[688] 2580
[689] 2582
[690] 2598
[691] 2599
[692] 2607
[693] 2609
[694] 2618
[695] 2619
[696] 2633
[697] 2635
[698] 2643
[699] 2644
[700] 2646
[701] 2647
[702] 2650
[703] 2659
[704] 2668
[705] 2687
[706] 2702
[707] 2708
[708] 2713
[709] 2720
[710] 2738
[711] 2744
[712] 2751
[713] 2759
[714] 2769
[715] 2774
[716] 2778
[717] 2786
[718] 2795
[719] 2804
[720] 2806
[721] 2809

Reassigned labels

Runtime: 107.91121006011963

Performance split_log:

IM without threshold:
Map:
{"D_0": "D", "D_1": "D", "D_2": "D", "D_3": "D", "D_4": "D", "D_5": "D", "D_6": "D", "D_7": "D", "D_8": "D", "D_9": "D", "D_10": "D", "D_11": "D", "D_12": "D", "D_13": "D", "D_14": "D", "D_15": "D", "D_16": "D", "D_17": "D", "D_18": "D", "D_19": "D", "D_20": "D", "D_21": "D", "D_22": "D", "D_23": "D", "D_24": "D", "D_25": "D", "D_26": "D", "D_27": "D", "D_28": "D", "D_29": "D", "D_30": "D", "D_31": "D", "D_32": "D", "D_33": "D", "D_34": "D", "D_35": "D", "D_36": "D", "D_37": "D", "D_38": "D", "D_39": "D", "D_40": "D", "D_41": "D", "D_42": "D", "D_43": "D", "D_44": "D", "D_45": "D", "D_46": "D", "D_47": "D", "D_48": "D", "D_49": "D", "D_50": "D", "D_51": "D", "D_52": "D", "D_53": "D", "D_54": "D", "D_55": "D", "D_56": "D", "D_57": "D", "D_58": "D", "D_59": "D", "D_60": "D", "D_61": "D", "D_62": "D", "D_63": "D", "D_64": "D", "D_65": "D", "D_66": "D", "D_67": "D", "D_68": "D", "D_69": "D", "D_70": "D", "D_71": "D", "D_72": "D", "D_73": "D", "D_74": "D", "D_75": "D", "D_76": "D", "D_77": "D", "D_78": "D", "D_79": "D", "D_80": "D", "D_81": "D", "D_82": "D", "D_83": "D", "D_84": "D", "D_85": "D", "D_86": "D", "D_87": "D", "D_88": "D", "D_89": "D", "D_90": "D", "D_91": "D", "D_92": "D", "D_93": "D", "D_94": "D", "D_95": "D", "D_96": "D", "D_97": "D", "D_98": "D", "D_99": "D", "D_100": "D", "D_101": "D", "D_102": "D", "D_103": "D", "D_104": "D", "D_105": "D", "D_106": "D", "D_107": "D", "D_108": "D", "D_109": "D", "D_110": "D", "D_111": "D", "D_112": "D", "D_113": "D", "D_114": "D", "D_115": "D", "D_116": "D", "D_117": "D", "D_118": "D", "D_119": "D", "D_120": "D", "D_121": "D", "D_122": "D", "D_123": "D", "D_124": "D", "D_125": "D", "D_126": "D", "D_127": "D", "D_128": "D", "D_129": "D", "D_130": "D", "D_131": "D", "D_132": "D", "D_133": "D", "D_134": "D", "D_135": "D", "D_136": "D", "D_137": "D", "D_138": "D", "D_139": "D", "D_140": "D", "D_141": "D", "D_142": "D", "D_143": "D", "D_144": "D", "D_145": "D", "D_146": "D", "D_147": "D", "D_148": "D", "D_149": "D", "D_150": "D", "D_151": "D", "D_152": "D", "D_153": "D", "D_154": "D", "D_155": "D", "D_156": "D", "D_157": "D", "D_158": "D", "D_159": "D", "D_160": "D", "D_161": "D", "D_162": "D", "D_163": "D", "D_164": "D", "D_165": "D", "D_166": "D", "D_167": "D", "D_168": "D", "D_169": "D", "D_170": "D", "D_171": "D", "D_172": "D", "D_173": "D", "D_174": "D", "D_175": "D", "D_176": "D", "D_177": "D", "D_178": "D", "D_179": "D", "D_180": "D", "D_181": "D", "D_182": "D", "D_183": "D", "D_184": "D", "D_185": "D", "D_186": "D", "D_187": "D", "D_188": "D", "D_189": "D", "D_190": "D", "D_191": "D", "D_192": "D", "D_193": "D", "D_194": "D", "D_195": "D", "D_196": "D", "D_197": "D", "D_198": "D", "D_199": "D", "D_200": "D", "D_201": "D", "D_202": "D", "D_203": "D", "D_204": "D", "D_205": "D", "D_206": "D", "D_207": "D", "D_208": "D", "D_209": "D", "D_210": "D", "D_211": "D", "D_212": "D", "D_213": "D", "D_214": "D", "D_215": "D", "D_216": "D", "D_217": "D", "D_218": "D", "D_219": "D", "D_220": "D", "D_221": "D", "D_222": "D", "D_223": "D", "D_224": "D", "D_225": "D", "D_226": "D", "D_227": "D", "D_228": "D", "D_229": "D", "D_230": "D", "D_231": "D", "D_232": "D", "D_233": "D", "D_234": "D", "D_235": "D", "D_236": "D", "D_237": "D", "D_238": "D", "D_239": "D", "D_240": "D", "D_241": "D", "D_242": "D", "D_243": "D", "D_244": "D", "D_245": "D", "D_246": "D", "D_247": "D", "D_248": "D", "D_249": "D", "D_250": "D", "D_251": "D", "D_252": "D", "D_253": "D", "D_254": "D", "D_255": "D", "D_256": "D", "D_257": "D", "D_258": "D", "D_259": "D", "D_260": "D", "D_261": "D", "D_262": "D", "D_263": "D", "D_264": "D", "D_265": "D", "D_266": "D", "D_267": "D", "D_268": "D", "D_269": "D", "D_270": "D", "D_271": "D", "D_272": "D", "D_273": "D", "D_274": "D", "D_275": "D", "D_276": "D", "D_277": "D", "D_278": "D", "D_279": "D", "D_280": "D", "D_281": "D", "D_282": "D", "D_283": "D", "D_284": "D", "D_285": "D", "D_286": "D", "D_287": "D", "D_288": "D", "D_289": "D", "D_290": "D", "D_291": "D", "D_292": "D", "D_293": "D", "D_294": "D", "D_295": "D", "D_296": "D", "D_297": "D", "D_298": "D", "D_299": "D", "D_300": "D", "D_301": "D", "D_302": "D", "D_303": "D", "D_304": "D", "D_305": "D", "D_306": "D", "D_307": "D", "D_308": "D", "D_309": "D", "D_310": "D", "D_311": "D", "D_312": "D", "D_313": "D", "D_314": "D", "D_315": "D", "D_316": "D", "D_317": "D", "D_318": "D", "D_319": "D", "D_320": "D", "D_321": "D", "D_322": "D", "D_323": "D", "D_324": "D", "D_325": "D", "D_326": "D", "D_327": "D", "D_328": "D", "D_329": "D", "D_330": "D", "D_331": "D", "D_332": "D", "D_333": "D", "D_334": "D", "D_335": "D", "D_336": "D", "D_337": "D", "D_338": "D", "D_339": "D", "D_340": "D", "D_341": "D", "D_342": "D", "D_343": "D", "D_344": "D", "D_345": "D", "D_346": "D", "D_347": "D", "D_348": "D", "D_349": "D", "D_350": "D", "D_351": "D", "D_352": "D", "D_353": "D", "D_354": "D", "D_355": "D", "D_356": "D", "D_357": "D", "D_358": "D", "D_359": "D", "D_360": "D", "D_361": "D", "D_362": "D", "D_363": "D", "D_364": "D", "D_365": "D", "D_366": "D", "D_367": "D", "D_368": "D", "D_369": "D", "D_370": "D", "D_371": "D", "D_372": "D", "D_373": "D", "D_374": "D", "D_375": "D", "D_376": "D", "D_377": "D", "D_378": "D", "D_379": "D", "D_380": "D", "D_381": "D", "D_382": "D", "D_383": "D", "D_384": "D", "D_385": "D", "D_386": "D", "D_387": "D", "D_388": "D", "D_389": "D", "D_390": "D", "D_391": "D", "D_392": "D", "D_393": "D", "D_394": "D", "D_395": "D", "D_396": "D", "D_397": "D", "D_398": "D", "D_399": "D", "D_400": "D", "D_401": "D", "D_402": "D", "D_403": "D", "D_404": "D", "D_405": "D", "D_406": "D", "D_407": "D", "D_408": "D", "D_409": "D", "D_410": "D", "D_411": "D", "D_412": "D", "D_413": "D", "D_414": "D", "D_415": "D", "D_416": "D", "D_417": "D", "D_418": "D", "D_419": "D", "D_420": "D", "D_421": "D", "D_422": "D", "D_423": "D", "D_424": "D", "D_425": "D", "D_426": "D", "D_427": "D", "D_428": "D", "D_429": "D", "D_430": "D", "D_431": "D", "D_432": "D", "D_433": "D", "D_434": "D", "D_435": "D", "D_436": "D", "D_437": "D", "D_438": "D", "D_439": "D", "D_440": "D", "D_441": "D", "D_442": "D", "D_443": "D", "D_444": "D", "D_445": "D", "D_446": "D", "D_447": "D", "D_448": "D", "D_449": "D", "D_450": "D", "D_451": "D", "D_452": "D", "D_453": "D", "D_454": "D", "D_455": "D", "D_456": "D", "D_457": "D", "D_458": "D", "D_459": "D", "D_460": "D", "D_461": "D", "D_462": "D", "D_463": "D", "D_464": "D", "D_465": "D", "D_466": "D", "D_467": "D", "D_468": "D", "D_469": "D", "D_470": "D", "D_471": "D", "D_472": "D", "D_473": "D", "D_474": "D", "D_475": "D", "D_476": "D", "D_477": "D", "D_478": "D", "D_479": "D", "D_480": "D", "D_481": "D", "D_482": "D", "D_483": "D", "D_484": "D", "D_485": "D", "D_486": "D", "D_487": "D", "D_488": "D", "D_489": "D", "D_490": "D", "D_491": "D", "D_492": "D", "D_493": "D", "D_494": "D", "D_495": "D", "D_496": "D", "D_497": "D", "D_498": "D", "D_499": "D", "D_500": "D", "D_501": "D", "D_502": "D", "D_503": "D", "D_504": "D", "D_505": "D", "D_506": "D", "D_507": "D", "D_508": "D", "D_509": "D", "D_510": "D", "D_511": "D", "D_512": "D", "D_513": "D", "D_514": "D", "D_515": "D", "D_516": "D", "D_517": "D", "D_518": "D", "D_519": "D", "D_520": "D", "D_521": "D", "D_522": "D", "D_523": "D", "D_524": "D", "D_525": "D", "D_526": "D", "D_527": "D", "D_528": "D", "D_529": "D", "D_530": "D", "D_531": "D", "D_532": "D", "D_533": "D", "D_534": "D", "D_535": "D", "D_536": "D", "D_537": "D", "D_538": "D", "D_539": "D", "D_540": "D", "D_541": "D", "D_542": "D", "D_543": "D", "D_544": "D", "D_545": "D", "D_546": "D", "D_547": "D", "D_548": "D", "D_549": "D", "D_550": "D", "D_551": "D", "D_552": "D", "D_553": "D", "D_554": "D", "D_555": "D", "D_556": "D", "D_557": "D", "D_558": "D", "D_559": "D", "D_560": "D", "D_561": "D", "D_562": "D", "D_563": "D", "D_564": "D", "D_565": "D", "D_566": "D", "D_567": "D", "D_568": "D", "D_569": "D", "D_570": "D", "D_571": "D", "D_572": "D", "D_573": "D", "D_574": "D", "D_575": "D", "D_576": "D", "D_577": "D", "D_578": "D", "D_579": "D", "D_580": "D", "D_581": "D", "D_582": "D", "D_583": "D", "D_584": "D", "D_585": "D", "D_586": "D", "D_587": "D", "D_588": "D", "D_589": "D", "D_590": "D", "D_591": "D", "D_592": "D", "D_593": "D", "D_594": "D", "D_595": "D", "D_596": "D", "D_597": "D", "D_598": "D", "D_599": "D", "D_600": "D", "D_601": "D", "D_602": "D", "D_603": "D", "D_604": "D", "D_605": "D", "D_606": "D", "D_607": "D", "D_608": "D", "D_609": "D", "D_610": "D", "D_611": "D", "D_612": "D", "D_613": "D", "D_614": "D", "D_615": "D", "D_616": "D", "D_617": "D", "D_618": "D", "D_619": "D", "D_620": "D", "D_621": "D", "D_622": "D", "D_623": "D", "D_624": "D", "D_625": "D", "D_626": "D", "D_627": "D", "D_628": "D", "D_629": "D", "D_630": "D", "D_631": "D", "D_632": "D", "D_633": "D", "D_634": "D", "D_635": "D", "D_636": "D", "D_637": "D", "D_638": "D", "D_639": "D", "D_640": "D", "D_641": "D", "D_642": "D", "D_643": "D", "D_644": "D", "D_645": "D", "D_646": "D", "D_647": "D", "D_648": "D", "D_649": "D", "D_650": "D", "D_651": "D", "D_652": "D", "D_653": "D", "D_654": "D", "D_655": "D", "D_656": "D", "D_657": "D", "D_658": "D", "D_659": "D", "D_660": "D", "D_661": "D", "D_662": "D", "D_663": "D", "D_664": "D", "D_665": "D", "D_666": "D", "D_667": "D", "D_668": "D", "D_669": "D", "D_670": "D", "D_671": "D", "D_672": "D", "D_673": "D", "D_674": "D", "D_675": "D", "D_676": "D", "D_677": "D", "D_678": "D", "D_679": "D", "D_680": "D", "D_681": "D", "D_682": "D", "D_683": "D", "D_684": "D", "D_685": "D", "D_686": "D", "D_687": "D", "D_688": "D", "D_689": "D", "D_690": "D", "D_691": "D", "D_692": "D", "D_693": "D", "D_694": "D", "D_695": "D", "D_696": "D", "D_697": "D", "D_698": "D", "D_699": "D", "D_700": "D", "D_701": "D", "D_702": "D", "D_703": "D", "D_704": "D", "D_705": "D", "D_706": "D", "D_707": "D", "D_708": "D", "D_709": "D", "D_710": "D", "D_711": "D", "D_712": "D", "D_713": "D", "D_714": "D", "D_715": "D", "D_716": "D", "D_717": "D", "D_718": "D", "D_719": "D", "D_720": "D", "D_721": "D"}
token_fitness
{"perc_fit_traces": 45.0, "average_trace_fitness": 0.9544833719417141, "log_fitness": 0.9673253320119142, "percentage_of_fitting_traces": 45.0}
precision
0.6516210588935158
0.5914742451154529
generalization
0.27608137247999254

Adjusted Rand Index:
0.09635125725830757



Parameters of this run:

Window size: 3
Threshold for edges: 0
Split candidates: D
Max number of traces: 5000000
Method for distance calculation: Distance.SET_DISTANCE
Method for finding clusters: ClusteringMethod.COMMUNITY_DETECTION
Original log location: ./data/noImprInLoop_default_OD\feb17-0936\logs\H_1_LogD_Sequence_feb17-0936.xes.gz
Use frequency: True

Found communities: 

Clustering with 2819 elements and 3 clusters
[0] 2, 4, 5, 8, 10, 11, 14, 17, 20, 22, 23, 25, 27, 28, 31, 33, 34, 36, 37,
    39, 40, 43, 45, 48, 51, 55, 59, 61, 62, 64, 65, 66, 67, 69, 70, 71, 72,
    76, 78, 80, 81, 83, 84, 86, 87, 90, 91, 92, 95, 96, 98, 99, 100, 101, 102,
    105, 107, 108, 110, 113, 115, 118, 119, 120, 121, 123, 124, 126, 129, 131,
    134, 135, 136, 137, 139, 142, 143, 144, 148, 150, 151, 154, 157, 158, 161,
    162, 165, 166, 168, 169, 170, 171, 173, 175, 176, 177, 178, 182, 185, 188,
    189, 192, 193, 196, 197, 200, 203, 204, 206, 207, 209, 212, 215, 216, 219,
    221, 222, 224, 226, 227, 229, 230, 233, 236, 237, 239, 240, 243, 245, 246,
    249, 250, 251, 254, 257, 258, 261, 263, 264, 266, 267, 269, 270, 272, 275,
    280, 283, 286, 288, 290, 292, 293, 295, 297, 300, 302, 304, 305, 308, 309,
    313, 314, 315, 317, 318, 324, 325, 329, 331, 333, 335, 338, 340, 343, 344,
    346, 348, 349, 352, 356, 359, 361, 362, 364, 367, 369, 370, 372, 375, 376,
    377, 379, 380, 382, 383, 385, 388, 391, 392, 393, 395, 396, 397, 398, 399,
    400, 402, 404, 405, 406, 407, 410, 411, 412, 413, 415, 417, 419, 422, 424,
    425, 427, 428, 431, 432, 434, 437, 438, 439, 442, 444, 445, 448, 449, 452,
    455, 458, 459, 460, 463, 465, 466, 469, 472, 473, 475, 477, 480, 482, 484,
    485, 488, 489, 492, 493, 494, 496, 499, 501, 502, 505, 507, 510, 511, 513,
    514, 516, 517, 519, 520, 522, 523, 525, 527, 530, 531, 535, 539, 541, 542,
    544, 546, 550, 552, 553, 555, 560, 563, 565, 567, 568, 571, 572, 574, 575,
    577, 579, 581, 584, 585, 586, 588, 590, 591, 594, 595, 597, 598, 600, 603,
    606, 607, 609, 610, 612, 613, 615, 617, 619, 623, 624, 632, 633, 636, 639,
    641, 644, 647, 649, 651, 655, 657, 658, 660, 664, 666, 668, 670, 671, 672,
    673, 676, 680, 681, 682, 685, 687, 689, 691, 694, 697, 700, 701, 704, 705,
    707, 709, 711, 712, 713, 715, 716, 718, 719, 721, 723, 726, 729, 732, 736,
    739, 742, 745, 746, 749, 750, 752, 753, 755, 757, 760, 763, 766, 767, 770,
    771, 774, 775, 777, 778, 781, 784, 785, 788, 790, 792, 793, 795, 798, 799,
    800, 801, 804, 807, 809, 810, 811, 813, 816, 817, 819, 822, 823, 824, 825,
    827, 830, 833, 834, 836, 839, 841, 842, 845, 847, 848, 849, 850, 852, 853,
    857, 859, 860, 862, 863, 865, 867, 869, 871, 873, 876, 877, 880, 883, 885,
    886, 888, 889, 891, 893, 894, 897, 898, 902, 904, 905, 907, 908, 910, 911,
    914, 915, 917, 918, 920, 924, 927, 928, 930, 933, 934, 937, 939, 941, 942,
    944, 949, 950, 951, 953, 954, 957, 958, 961, 963, 964, 966, 968, 970, 972,
    975, 976, 977, 980, 982, 983, 986, 987, 989, 990, 992, 993, 994, 997, 999,
    1000, 1002, 1003, 1006, 1007, 1010, 1013, 1015, 1018, 1021, 1022, 1024,
    1025, 1027, 1029, 1030, 1032, 1033, 1035, 1039, 1042, 1043, 1046, 1049,
    1051, 1052, 1054, 1057, 1058, 1061, 1062, 1065, 1066, 1067, 1070, 1071,
    1074, 1075, 1079, 1083, 1085, 1088, 1089, 1092, 1093, 1095, 1096, 1099,
    1101, 1104, 1105, 1108, 1110, 1112, 1113, 1114, 1117, 1118, 1121, 1124,
    1126, 1129, 1131, 1132, 1135, 1137, 1138, 1141, 1142, 1145, 1148, 1150,
    1153, 1155, 1157, 1160, 1161, 1163, 1164, 1166, 1167, 1170, 1171, 1175,
    1177, 1179, 1182, 1184, 1185, 1188, 1189, 1191, 1193, 1194, 1196, 1198,
    1199, 1201, 1202, 1205, 1209, 1211, 1212, 1214, 1217, 1219, 1220, 1223,
    1226, 1230, 1231, 1235, 1238, 1244, 1245, 1248, 1250, 1253, 1254, 1258,
    1261, 1264, 1267, 1269, 1272, 1273, 1274, 1278, 1281, 1284, 1286, 1287,
    1289, 1293, 1295, 1296, 1298, 1299, 1301, 1302, 1304, 1305, 1307, 1309,
    1312, 1314, 1316, 1317, 1319, 1321, 1322, 1325, 1327, 1329, 1332, 1334,
    1335, 1337, 1340, 1341, 1344, 1345, 1346, 1350, 1352, 1353, 1356, 1357,
    1359, 1361, 1363, 1366, 1368, 1369, 1370, 1372, 1373, 1375, 1376, 1380,
    1382, 1383, 1385, 1386, 1389, 1390, 1392, 1395, 1396, 1399, 1402, 1403,
    1405, 1407, 1408, 1411, 1412, 1415, 1416, 1419, 1420, 1421, 1423, 1425,
    1427, 1429, 1432, 1435, 1437, 1438, 1442, 1444, 1446, 1449, 1450, 1454,
    1456, 1457, 1459, 1462, 1463, 1464, 1466, 1469, 1471, 1473, 1474, 1478,
    1480, 1481, 1483, 1485, 1486, 1494, 1495, 1498, 1503, 1504, 1506, 1509,
    1512, 1515, 1518, 1519, 1524, 1526, 1527, 1529, 1531, 1532, 1535, 1537,
    1540, 1541, 1542, 1543, 1545, 1546, 1549, 1551, 1552, 1554, 1557, 1558,
    1560, 1562, 1564, 1565, 1567, 1570, 1572, 1575, 1578, 1580, 1581, 1583,
    1586, 1587, 1589, 1590, 1592, 1593, 1595, 1596, 1598, 1601, 1603, 1604,
    1605, 1606, 1610, 1612, 1614, 1615, 1617, 1618, 1621, 1624, 1625, 1627,
    1629, 1630, 1634, 1636, 1639, 1640, 1643, 1646, 1647, 1650, 1653, 1655,
    1656, 1658, 1662, 1663, 1664, 1667, 1670, 1671, 1674, 1677, 1679, 1680,
    1683, 1686, 1687, 1689, 1693, 1695, 1698, 1700, 1701, 1703, 1704, 1705,
    1706, 1708, 1711, 1713, 1714, 1716, 1718, 1720, 1722, 1724, 1727, 1731,
    1733, 1734, 1737, 1738, 1742, 1743, 1744, 1747, 1748, 1751, 1753, 1755,
    1756, 1759, 1761, 1763, 1765, 1766, 1768, 1769, 1772, 1776, 1779, 1781,
    1784, 1786, 1790, 1793, 1794, 1795, 1797, 1798, 1803, 1807, 1809, 1812,
    1814, 1815, 1817, 1818, 1821, 1822, 1824, 1825, 1827, 1829, 1830, 1832,
    1833, 1836, 1839, 1840, 1841, 1845, 1847, 1848, 1850, 1851, 1854, 1855,
    1857, 1858, 1861, 1865, 1868, 1870, 1871, 1874, 1876, 1878, 1879, 1881,
    1885, 1888, 1889, 1891, 1892, 1894, 1897, 1900, 1901, 1903, 1904, 1906,
    1907, 1910, 1911, 1913, 1914, 1915, 1916, 1919, 1923, 1925, 1926, 1928,
    1929, 1931, 1932, 1934, 1936, 1939, 1941, 1942, 1945, 1951, 1952, 1955,
    1961, 1962, 1963, 1965, 1966, 1968, 1969, 1970, 1971, 1973, 1974, 1978,
    1981, 1982, 1985, 1987, 1988, 1991, 1994, 1997, 1998, 1999, 2002, 2003,
    2007, 2009, 2010, 2012, 2016, 2019, 2021, 2022, 2024, 2027, 2029, 2032,
    2033, 2035, 2037, 2038, 2040, 2041, 2043, 2044, 2046, 2048, 2051, 2052,
    2056, 2057, 2059, 2062, 2064, 2065, 2066, 2068, 2069, 2072, 2075, 2077,
    2079, 2081, 2082, 2085, 2086, 2089, 2091, 2092, 2094, 2095, 2097, 2099,
    2100, 2102, 2104, 2106, 2107, 2108, 2109, 2111, 2112, 2113, 2116, 2117,
    2118, 2119, 2121, 2122, 2124, 2125, 2128, 2130, 2132, 2133, 2134, 2137,
    2140, 2143, 2146, 2149, 2150, 2153, 2155, 2158, 2159, 2162, 2165, 2166,
    2168, 2169, 2172, 2174, 2175, 2177, 2179, 2180, 2181, 2182, 2184, 2185,
    2187, 2190, 2192, 2194, 2195, 2197, 2198, 2201, 2202, 2207, 2208, 2210,
    2213, 2215, 2216, 2217, 2218, 2221, 2223, 2225, 2228, 2230, 2233, 2235,
    2236, 2238, 2239, 2242, 2244, 2246, 2249, 2251, 2252, 2255, 2257, 2258,
    2260, 2261, 2263, 2264, 2266, 2267, 2269, 2270, 2271, 2274, 2277, 2278,
    2281, 2282, 2285, 2289, 2291, 2293, 2294, 2295, 2296, 2298, 2300, 2301,
    2303, 2305, 2306, 2310, 2313, 2315, 2317, 2319, 2320, 2323, 2325, 2326,
    2328, 2329, 2331, 2332, 2333, 2334, 2335, 2338, 2340, 2341, 2343, 2344,
    2347, 2349, 2351, 2354, 2355, 2357, 2359, 2360, 2362, 2363, 2364, 2365,
    2366, 2368, 2369, 2371, 2374, 2375, 2378, 2381, 2383, 2386, 2387, 2390,
    2392, 2394, 2397, 2399, 2400, 2402, 2405, 2406, 2409, 2412, 2413, 2414,
    2415, 2417, 2419, 2420, 2423, 2425, 2427, 2428, 2429, 2431, 2433, 2434,
    2436, 2437, 2439, 2442, 2445, 2448, 2452, 2455, 2458, 2460, 2463, 2464,
    2467, 2468, 2469, 2470, 2473, 2476, 2477, 2480, 2481, 2484, 2487, 2489,
    2490, 2491, 2492, 2495, 2497, 2498, 2500, 2501, 2504, 2506, 2508, 2509,
    2510, 2512, 2513, 2515, 2518, 2519, 2522, 2523, 2526, 2528, 2531, 2532,
    2535, 2538, 2541, 2544, 2546, 2548, 2551, 2553, 2554, 2556, 2557, 2559,
    2562, 2563, 2564, 2566, 2567, 2570, 2571, 2573, 2574, 2577, 2578, 2581,
    2583, 2586, 2587, 2589, 2593, 2596, 2597, 2600, 2601, 2602, 2603, 2604,
    2606, 2608, 2611, 2613, 2614, 2615, 2616, 2620, 2623, 2624, 2627, 2629,
    2630, 2634, 2636, 2637, 2639, 2642, 2645, 2648, 2651, 2652, 2655, 2657,
    2658, 2660, 2661, 2663, 2664, 2666, 2667, 2669, 2671, 2674, 2675, 2678,
    2680, 2681, 2682, 2684, 2685, 2689, 2692, 2693, 2695, 2696, 2698, 2700,
    2701, 2703, 2704, 2705, 2707, 2709, 2710, 2711, 2712, 2715, 2718, 2721,
    2722, 2726, 2729, 2731, 2732, 2736, 2739, 2741, 2742, 2745, 2746, 2748,
    2749, 2751, 2754, 2755, 2758, 2760, 2761, 2764, 2766, 2767, 2770, 2771,
    2775, 2777, 2780, 2782, 2784, 2785, 2787, 2789, 2790, 2793, 2796, 2798,
    2800, 2802, 2805, 2807, 2808, 2810, 2811, 2812, 2815, 2817, 2818
[1] 1, 3, 7, 9, 12, 13, 16, 19, 21, 24, 26, 29, 30, 32, 35, 38, 41, 42, 44,
    46, 47, 49, 50, 53, 54, 57, 58, 60, 63, 68, 74, 75, 77, 79, 85, 88, 89,
    94, 97, 103, 104, 106, 109, 111, 112, 114, 117, 122, 125, 128, 130, 133,
    138, 141, 146, 147, 149, 153, 155, 156, 160, 164, 172, 174, 180, 181, 184,
    187, 191, 195, 199, 202, 205, 208, 210, 211, 214, 217, 218, 220, 223, 225,
    228, 231, 232, 235, 241, 242, 248, 253, 256, 260, 262, 265, 268, 271, 274,
    276, 277, 279, 281, 282, 285, 287, 289, 291, 294, 296, 298, 299, 301, 303,
    307, 311, 312, 320, 321, 323, 327, 328, 330, 332, 334, 337, 339, 342, 345,
    347, 350, 351, 354, 355, 357, 358, 363, 366, 371, 374, 378, 381, 384, 387,
    389, 390, 394, 401, 403, 409, 414, 416, 418, 420, 421, 426, 430, 433, 435,
    436, 440, 441, 447, 450, 451, 453, 454, 456, 457, 461, 462, 464, 467, 468,
    471, 474, 476, 479, 481, 483, 487, 491, 495, 498, 504, 506, 509, 512, 518,
    521, 524, 526, 529, 533, 534, 537, 538, 543, 545, 548, 549, 551, 554, 557,
    558, 559, 562, 564, 566, 570, 573, 576, 578, 580, 582, 583, 587, 589, 593,
    596, 599, 601, 602, 605, 608, 611, 614, 616, 618, 620, 621, 622, 625, 626,
    628, 629, 631, 635, 637, 638, 640, 642, 643, 645, 646, 648, 650, 653, 654,
    656, 659, 662, 663, 665, 667, 669, 675, 678, 679, 684, 686, 688, 690, 693,
    696, 699, 703, 706, 708, 710, 714, 717, 720, 722, 724, 725, 728, 730, 731,
    734, 735, 738, 741, 744, 748, 751, 754, 756, 759, 762, 765, 769, 773, 776,
    779, 780, 783, 787, 789, 791, 794, 797, 803, 806, 808, 812, 815, 818, 821,
    826, 829, 832, 835, 838, 840, 843, 844, 854, 855, 856, 858, 861, 864, 866,
    868, 870, 872, 875, 878, 879, 881, 882, 884, 887, 890, 892, 896, 900, 901,
    903, 913, 916, 919, 922, 923, 926, 929, 932, 936, 938, 940, 943, 946, 947,
    948, 952, 956, 960, 962, 965, 967, 969, 971, 974, 979, 981, 985, 988, 991,
    995, 996, 998, 1001, 1005, 1009, 1012, 1014, 1016, 1017, 1020, 1026, 1028,
    1031, 1034, 1037, 1038, 1041, 1045, 1047, 1048, 1050, 1053, 1056, 1060,
    1064, 1069, 1073, 1077, 1078, 1081, 1082, 1084, 1087, 1091, 1098, 1100,
    1103, 1106, 1107, 1109, 1111, 1116, 1119, 1120, 1123, 1125, 1127, 1128,
    1130, 1134, 1136, 1140, 1144, 1146, 1147, 1149, 1151, 1152, 1154, 1156,
    1159, 1162, 1165, 1169, 1173, 1174, 1176, 1178, 1180, 1181, 1183, 1187,
    1190, 1192, 1195, 1197, 1200, 1203, 1204, 1207, 1208, 1210, 1213, 1216,
    1218, 1222, 1225, 1227, 1228, 1229, 1233, 1234, 1236, 1237, 1240, 1241,
    1243, 1247, 1249, 1252, 1256, 1257, 1260, 1262, 1263, 1265, 1266, 1268,
    1270, 1271, 1276, 1277, 1279, 1280, 1282, 1283, 1285, 1288, 1291, 1292,
    1294, 1297, 1300, 1306, 1308, 1310, 1311, 1313, 1315, 1318, 1324, 1326,
    1328, 1331, 1333, 1336, 1339, 1343, 1348, 1349, 1351, 1355, 1358, 1360,
    1362, 1364, 1365, 1367, 1371, 1378, 1379, 1381, 1384, 1388, 1391, 1394,
    1397, 1398, 1401, 1404, 1406, 1410, 1414, 1418, 1422, 1424, 1426, 1428,
    1430, 1431, 1433, 1434, 1440, 1441, 1443, 1445, 1448, 1452, 1453, 1455,
    1458, 1461, 1465, 1467, 1468, 1470, 1472, 1476, 1477, 1479, 1482, 1484,
    1487, 1488, 1490, 1491, 1493, 1496, 1497, 1500, 1501, 1502, 1505, 1508,
    1511, 1514, 1517, 1520, 1521, 1523, 1528, 1530, 1534, 1536, 1539, 1544,
    1547, 1548, 1550, 1553, 1556, 1559, 1561, 1563, 1566, 1568, 1569, 1571,
    1574, 1576, 1577, 1579, 1582, 1585, 1588, 1591, 1594, 1597, 1599, 1600,
    1602, 1608, 1609, 1611, 1613, 1616, 1620, 1623, 1626, 1632, 1633, 1635,
    1638, 1641, 1642, 1645, 1648, 1649, 1651, 1652, 1654, 1657, 1660, 1661,
    1666, 1668, 1669, 1673, 1675, 1676, 1678, 1682, 1685, 1688, 1691, 1692,
    1694, 1696, 1697, 1702, 1707, 1710, 1715, 1717, 1719, 1721, 1723, 1725,
    1726, 1729, 1730, 1732, 1736, 1740, 1741, 1746, 1750, 1752, 1754, 1758,
    1760, 1762, 1764, 1770, 1771, 1774, 1775, 1778, 1780, 1783, 1785, 1788,
    1789, 1792, 1796, 1799, 1800, 1801, 1802, 1805, 1806, 1808, 1810, 1811,
    1813, 1816, 1820, 1823, 1826, 1828, 1831, 1835, 1838, 1843, 1844, 1846,
    1849, 1853, 1856, 1860, 1863, 1864, 1867, 1869, 1872, 1873, 1875, 1877,
    1880, 1883, 1884, 1887, 1890, 1893, 1896, 1899, 1909, 1912, 1917, 1918,
    1921, 1922, 1924, 1927, 1933, 1935, 1937, 1938, 1940, 1943, 1944, 1947,
    1948, 1950, 1954, 1957, 1958, 1960, 1964, 1967, 1972, 1976, 1977, 1980,
    1983, 1984, 1986, 1990, 1993, 1996, 2001, 2005, 2006, 2008, 2011, 2014,
    2015, 2017, 2018, 2020, 2023, 2026, 2028, 2031, 2034, 2036, 2039, 2042,
    2045, 2047, 2050, 2053, 2054, 2055, 2058, 2060, 2061, 2063, 2067, 2071,
    2073, 2074, 2076, 2078, 2080, 2084, 2088, 2090, 2093, 2096, 2098, 2101,
    2103, 2105, 2110, 2115, 2120, 2123, 2127, 2129, 2131, 2136, 2139, 2142,
    2145, 2148, 2152, 2154, 2157, 2160, 2161, 2164, 2167, 2171, 2176, 2178,
    2183, 2186, 2188, 2189, 2191, 2193, 2196, 2200, 2204, 2205, 2206, 2209,
    2212, 2219, 2220, 2222, 2224, 2226, 2227, 2229, 2231, 2232, 2234, 2237,
    2240, 2241, 2243, 2245, 2247, 2248, 2250, 2253, 2254, 2256, 2259, 2262,
    2268, 2272, 2273, 2276, 2280, 2283, 2284, 2287, 2288, 2290, 2292, 2297,
    2299, 2302, 2304, 2308, 2309, 2311, 2312, 2314, 2316, 2318, 2322, 2324,
    2327, 2330, 2336, 2337, 2339, 2346, 2348, 2350, 2353, 2356, 2361, 2367,
    2370, 2373, 2377, 2379, 2380, 2382, 2385, 2388, 2389, 2391, 2393, 2396,
    2398, 2401, 2404, 2408, 2411, 2416, 2418, 2421, 2422, 2424, 2426, 2430,
    2432, 2435, 2438, 2441, 2444, 2447, 2450, 2451, 2454, 2456, 2457, 2459,
    2462, 2466, 2472, 2475, 2479, 2483, 2485, 2486, 2488, 2493, 2494, 2496,
    2503, 2505, 2507, 2511, 2514, 2517, 2521, 2524, 2525, 2527, 2530, 2534,
    2537, 2540, 2542, 2543, 2545, 2547, 2549, 2550, 2552, 2555, 2558, 2561,
    2565, 2569, 2572, 2576, 2579, 2580, 2582, 2585, 2588, 2591, 2592, 2595,
    2598, 2599, 2605, 2607, 2609, 2610, 2612, 2618, 2619, 2622, 2626, 2632,
    2633, 2635, 2638, 2641, 2643, 2644, 2646, 2647, 2650, 2654, 2656, 2659,
    2662, 2668, 2670, 2673, 2677, 2679, 2687, 2688, 2691, 2697, 2699, 2702,
    2706, 2708, 2713, 2714, 2716, 2717, 2720, 2724, 2725, 2727, 2728, 2730,
    2734, 2735, 2738, 2740, 2744, 2750, 2753, 2757, 2759, 2763, 2765, 2769,
    2772, 2773, 2774, 2776, 2778, 2779, 2781, 2783, 2786, 2788, 2792, 2795,
    2797, 2799, 2801, 2804, 2806, 2809, 2813, 2814, 2816
[2] 0, 6, 15, 18, 52, 56, 73, 82, 93, 116, 127, 132, 140, 145, 152, 159, 163,
    167, 179, 183, 186, 190, 194, 198, 201, 213, 234, 238, 244, 247, 252, 255,
    259, 273, 278, 284, 306, 310, 316, 319, 322, 326, 336, 341, 353, 360, 365,
    368, 373, 386, 408, 423, 429, 443, 446, 470, 478, 486, 490, 497, 500, 503,
    508, 515, 528, 532, 536, 540, 547, 556, 561, 569, 592, 604, 627, 630, 634,
    652, 661, 674, 677, 683, 692, 695, 698, 702, 727, 733, 737, 740, 743, 747,
    758, 761, 764, 768, 772, 782, 786, 796, 802, 805, 814, 820, 828, 831, 837,
    846, 851, 874, 895, 899, 906, 909, 912, 921, 925, 931, 935, 945, 955, 959,
    973, 978, 984, 1004, 1008, 1011, 1019, 1023, 1036, 1040, 1044, 1055, 1059,
    1063, 1068, 1072, 1076, 1080, 1086, 1090, 1094, 1097, 1102, 1115, 1122,
    1133, 1139, 1143, 1158, 1168, 1172, 1186, 1206, 1215, 1221, 1224, 1232,
    1239, 1242, 1246, 1251, 1255, 1259, 1275, 1290, 1303, 1320, 1323, 1330,
    1338, 1342, 1347, 1354, 1374, 1377, 1387, 1393, 1400, 1409, 1413, 1417,
    1436, 1439, 1447, 1451, 1460, 1475, 1489, 1492, 1499, 1507, 1510, 1513,
    1516, 1522, 1525, 1533, 1538, 1555, 1573, 1584, 1607, 1619, 1622, 1628,
    1631, 1637, 1644, 1659, 1665, 1672, 1681, 1684, 1690, 1699, 1709, 1712,
    1728, 1735, 1739, 1745, 1749, 1757, 1767, 1773, 1777, 1782, 1787, 1791,
    1804, 1819, 1834, 1837, 1842, 1852, 1859, 1862, 1866, 1882, 1886, 1895,
    1898, 1902, 1905, 1908, 1920, 1930, 1946, 1949, 1953, 1956, 1959, 1975,
    1979, 1989, 1992, 1995, 2000, 2004, 2013, 2025, 2030, 2049, 2070, 2083,
    2087, 2114, 2126, 2135, 2138, 2141, 2144, 2147, 2151, 2156, 2163, 2170,
    2173, 2199, 2203, 2211, 2214, 2265, 2275, 2279, 2286, 2307, 2321, 2342,
    2345, 2352, 2358, 2372, 2376, 2384, 2395, 2403, 2407, 2410, 2440, 2443,
    2446, 2449, 2453, 2461, 2465, 2471, 2474, 2478, 2482, 2499, 2502, 2516,
    2520, 2529, 2533, 2536, 2539, 2560, 2568, 2575, 2584, 2590, 2594, 2617,
    2621, 2625, 2628, 2631, 2640, 2649, 2653, 2665, 2672, 2676, 2683, 2686,
    2690, 2694, 2719, 2723, 2733, 2737, 2743, 2747, 2752, 2756, 2762, 2768,
    2791, 2794, 2803

Reassigned labels

Runtime: 7.854311227798462

Performance split_log:

IM without threshold:
Map:
{"D_0": "D", "D_1": "D", "D_2": "D"}
token_fitness
{"perc_fit_traces": 0.0, "average_trace_fitness": 0.9019469705431721, "log_fitness": 0.9020803020173818, "percentage_of_fitting_traces": 0.0}
precision
0.7508029416178899
0.6629213483146068
generalization
0.7121229701319021

Adjusted Rand Index:
0.24232619695153676



Parameters of this run:

Window size: 3
Threshold for edges: 0.25
Split candidates: D
Max number of traces: 5000000
Method for distance calculation: Distance.SET_DISTANCE
Method for finding clusters: ClusteringMethod.COMMUNITY_DETECTION
Original log location: ./data/noImprInLoop_default_OD\feb17-0936\logs\H_1_LogD_Sequence_feb17-0936.xes.gz
Use frequency: True

Found communities: 

Clustering with 2819 elements and 3 clusters
[0] 2, 4, 5, 8, 10, 11, 14, 17, 20, 22, 23, 25, 28, 33, 34, 36, 37, 39, 40,
    43, 45, 48, 51, 55, 59, 61, 62, 65, 66, 67, 70, 71, 72, 76, 78, 80, 81,
    83, 84, 86, 87, 90, 91, 92, 95, 96, 98, 99, 100, 101, 102, 105, 108, 110,
    113, 115, 118, 119, 120, 121, 123, 124, 126, 129, 131, 134, 135, 136, 137,
    139, 142, 143, 144, 150, 151, 154, 157, 158, 161, 162, 166, 168, 169, 170,
    171, 173, 175, 176, 177, 178, 185, 188, 189, 192, 193, 197, 200, 203, 204,
    206, 207, 209, 212, 216, 219, 221, 222, 224, 227, 230, 233, 236, 237, 239,
    240, 243, 245, 246, 249, 250, 251, 254, 257, 258, 261, 263, 264, 267, 269,
    270, 272, 275, 280, 283, 286, 288, 290, 292, 293, 295, 297, 300, 302, 305,
    308, 309, 313, 314, 315, 317, 318, 324, 325, 329, 331, 333, 335, 338, 340,
    344, 346, 348, 349, 352, 356, 359, 361, 362, 364, 367, 369, 370, 375, 376,
    377, 379, 380, 382, 383, 388, 391, 392, 393, 396, 397, 398, 399, 400, 402,
    404, 405, 406, 407, 410, 411, 412, 413, 415, 417, 419, 424, 425, 427, 428,
    431, 432, 434, 437, 438, 439, 442, 444, 445, 448, 449, 452, 455, 458, 459,
    460, 463, 466, 469, 472, 473, 475, 477, 480, 482, 484, 485, 489, 492, 493,
    494, 496, 499, 501, 502, 505, 507, 510, 511, 513, 514, 516, 517, 519, 520,
    522, 523, 525, 527, 531, 535, 539, 541, 542, 544, 546, 550, 552, 553, 555,
    560, 563, 565, 567, 568, 571, 572, 575, 577, 579, 581, 584, 585, 586, 588,
    590, 591, 594, 595, 597, 598, 600, 603, 606, 607, 609, 610, 612, 613, 615,
    617, 619, 623, 624, 632, 633, 636, 639, 641, 644, 647, 649, 651, 655, 657,
    658, 660, 664, 666, 668, 670, 671, 672, 673, 676, 680, 681, 682, 685, 687,
    689, 691, 694, 697, 700, 701, 704, 705, 707, 709, 711, 712, 713, 716, 718,
    719, 721, 723, 726, 729, 732, 736, 739, 742, 745, 746, 749, 750, 752, 753,
    755, 757, 760, 763, 767, 771, 774, 775, 777, 778, 781, 784, 785, 788, 790,
    792, 793, 795, 798, 799, 800, 801, 804, 807, 809, 810, 811, 813, 816, 817,
    819, 822, 823, 824, 825, 827, 830, 833, 834, 836, 839, 841, 842, 845, 847,
    848, 849, 850, 852, 853, 857, 860, 862, 863, 865, 867, 869, 871, 873, 876,
    877, 880, 885, 886, 888, 889, 891, 893, 894, 897, 898, 902, 904, 905, 907,
    908, 910, 911, 914, 915, 917, 918, 920, 924, 927, 928, 930, 934, 937, 939,
    942, 944, 949, 950, 951, 953, 954, 958, 961, 963, 964, 966, 968, 970, 972,
    975, 976, 977, 980, 982, 983, 987, 989, 990, 992, 993, 994, 997, 999,
    1000, 1002, 1003, 1006, 1007, 1010, 1013, 1015, 1018, 1021, 1022, 1024,
    1025, 1027, 1029, 1030, 1033, 1035, 1039, 1042, 1043, 1046, 1051, 1052,
    1054, 1057, 1058, 1061, 1062, 1065, 1066, 1067, 1070, 1071, 1074, 1075,
    1079, 1083, 1085, 1088, 1089, 1092, 1093, 1095, 1096, 1099, 1101, 1104,
    1105, 1108, 1110, 1112, 1113, 1114, 1117, 1118, 1121, 1124, 1126, 1129,
    1131, 1132, 1135, 1137, 1138, 1142, 1145, 1148, 1150, 1153, 1155, 1157,
    1160, 1161, 1163, 1164, 1167, 1170, 1171, 1175, 1177, 1179, 1182, 1185,
    1188, 1189, 1191, 1194, 1196, 1198, 1199, 1201, 1202, 1205, 1209, 1211,
    1212, 1214, 1217, 1219, 1220, 1223, 1226, 1230, 1231, 1235, 1244, 1245,
    1248, 1250, 1253, 1254, 1258, 1261, 1264, 1267, 1269, 1273, 1274, 1278,
    1281, 1284, 1286, 1287, 1289, 1293, 1296, 1299, 1302, 1304, 1305, 1307,
    1309, 1312, 1314, 1316, 1317, 1319, 1321, 1322, 1325, 1327, 1329, 1332,
    1334, 1335, 1337, 1340, 1341, 1344, 1345, 1346, 1350, 1352, 1353, 1357,
    1359, 1361, 1363, 1366, 1368, 1369, 1370, 1372, 1373, 1375, 1376, 1380,
    1382, 1383, 1385, 1386, 1389, 1390, 1392, 1395, 1396, 1399, 1402, 1403,
    1405, 1407, 1408, 1411, 1412, 1415, 1416, 1419, 1420, 1421, 1423, 1425,
    1427, 1429, 1432, 1435, 1437, 1438, 1442, 1444, 1446, 1449, 1450, 1454,
    1457, 1459, 1462, 1463, 1464, 1466, 1471, 1473, 1474, 1478, 1480, 1481,
    1483, 1486, 1495, 1498, 1504, 1506, 1509, 1512, 1515, 1519, 1524, 1526,
    1527, 1529, 1531, 1532, 1535, 1537, 1540, 1541, 1542, 1543, 1545, 1546,
    1549, 1551, 1552, 1554, 1557, 1558, 1560, 1562, 1564, 1565, 1567, 1570,
    1572, 1575, 1578, 1580, 1581, 1583, 1587, 1589, 1590, 1592, 1593, 1595,
    1596, 1598, 1601, 1603, 1604, 1605, 1606, 1610, 1612, 1614, 1615, 1617,
    1618, 1621, 1625, 1627, 1629, 1630, 1634, 1636, 1640, 1643, 1647, 1650,
    1653, 1656, 1658, 1662, 1663, 1664, 1667, 1670, 1671, 1674, 1679, 1680,
    1683, 1686, 1687, 1689, 1693, 1695, 1698, 1700, 1701, 1703, 1704, 1705,
    1706, 1708, 1711, 1713, 1714, 1716, 1718, 1720, 1722, 1724, 1727, 1733,
    1734, 1737, 1738, 1742, 1743, 1744, 1747, 1748, 1751, 1753, 1755, 1756,
    1759, 1761, 1763, 1765, 1766, 1768, 1769, 1772, 1779, 1781, 1784, 1786,
    1790, 1793, 1794, 1795, 1797, 1798, 1803, 1807, 1809, 1812, 1814, 1815,
    1818, 1821, 1822, 1824, 1825, 1827, 1830, 1832, 1833, 1836, 1839, 1840,
    1841, 1845, 1847, 1848, 1850, 1851, 1854, 1855, 1857, 1858, 1861, 1868,
    1870, 1871, 1874, 1876, 1879, 1881, 1885, 1888, 1889, 1891, 1892, 1894,
    1897, 1900, 1901, 1903, 1904, 1906, 1907, 1910, 1911, 1914, 1915, 1916,
    1919, 1923, 1925, 1926, 1928, 1929, 1931, 1932, 1934, 1936, 1939, 1941,
    1942, 1945, 1951, 1952, 1955, 1961, 1962, 1963, 1965, 1966, 1968, 1969,
    1970, 1971, 1973, 1974, 1978, 1981, 1982, 1985, 1987, 1988, 1991, 1994,
    1997, 1998, 1999, 2002, 2003, 2007, 2009, 2010, 2012, 2016, 2019, 2021,
    2022, 2024, 2027, 2029, 2032, 2033, 2035, 2037, 2038, 2040, 2041, 2043,
    2044, 2046, 2048, 2052, 2056, 2057, 2059, 2062, 2064, 2065, 2066, 2069,
    2072, 2075, 2077, 2079, 2081, 2082, 2085, 2086, 2089, 2091, 2092, 2094,
    2095, 2097, 2100, 2102, 2104, 2106, 2107, 2108, 2109, 2111, 2112, 2113,
    2116, 2117, 2118, 2119, 2121, 2122, 2124, 2125, 2128, 2130, 2132, 2133,
    2134, 2137, 2140, 2143, 2146, 2150, 2153, 2155, 2158, 2159, 2162, 2165,
    2166, 2168, 2169, 2172, 2174, 2175, 2177, 2179, 2180, 2181, 2182, 2184,
    2185, 2187, 2190, 2192, 2194, 2195, 2197, 2198, 2201, 2202, 2208, 2210,
    2213, 2215, 2216, 2217, 2218, 2221, 2223, 2225, 2228, 2230, 2233, 2235,
    2236, 2239, 2242, 2244, 2246, 2249, 2251, 2252, 2255, 2257, 2258, 2261,
    2263, 2264, 2266, 2267, 2269, 2270, 2271, 2274, 2277, 2278, 2281, 2282,
    2285, 2289, 2291, 2293, 2294, 2295, 2296, 2298, 2300, 2301, 2303, 2305,
    2306, 2315, 2317, 2319, 2320, 2323, 2325, 2326, 2328, 2329, 2331, 2332,
    2333, 2334, 2335, 2338, 2340, 2341, 2343, 2344, 2347, 2349, 2351, 2354,
    2355, 2357, 2359, 2360, 2362, 2363, 2364, 2365, 2366, 2368, 2369, 2371,
    2375, 2378, 2381, 2383, 2387, 2390, 2392, 2394, 2397, 2399, 2400, 2402,
    2405, 2406, 2409, 2412, 2413, 2414, 2415, 2417, 2419, 2420, 2423, 2425,
    2427, 2428, 2429, 2431, 2433, 2434, 2436, 2437, 2439, 2442, 2445, 2448,
    2452, 2455, 2458, 2460, 2463, 2464, 2467, 2468, 2469, 2470, 2473, 2476,
    2477, 2480, 2481, 2484, 2487, 2489, 2490, 2491, 2492, 2495, 2498, 2500,
    2501, 2504, 2506, 2508, 2509, 2510, 2513, 2515, 2519, 2522, 2523, 2526,
    2528, 2531, 2532, 2535, 2538, 2541, 2544, 2546, 2548, 2551, 2553, 2554,
    2556, 2557, 2559, 2562, 2563, 2564, 2566, 2567, 2570, 2571, 2573, 2574,
    2577, 2578, 2581, 2583, 2586, 2587, 2589, 2593, 2596, 2597, 2600, 2601,
    2602, 2603, 2604, 2606, 2608, 2611, 2614, 2615, 2616, 2620, 2624, 2627,
    2629, 2630, 2636, 2637, 2639, 2642, 2645, 2648, 2651, 2652, 2655, 2657,
    2658, 2660, 2661, 2663, 2664, 2666, 2667, 2669, 2671, 2674, 2675, 2678,
    2680, 2681, 2682, 2684, 2685, 2689, 2692, 2693, 2695, 2696, 2698, 2700,
    2701, 2703, 2704, 2705, 2707, 2709, 2710, 2711, 2712, 2715, 2718, 2721,
    2722, 2726, 2731, 2732, 2736, 2739, 2741, 2742, 2746, 2748, 2749, 2751,
    2755, 2758, 2760, 2761, 2764, 2766, 2767, 2770, 2771, 2775, 2777, 2780,
    2782, 2784, 2785, 2787, 2789, 2790, 2793, 2796, 2798, 2800, 2802, 2805,
    2807, 2808, 2810, 2811, 2812, 2815, 2817, 2818
[1] 1, 3, 7, 9, 12, 13, 16, 19, 21, 24, 26, 27, 29, 30, 32, 35, 38, 41, 42,
    44, 46, 47, 49, 50, 53, 54, 57, 58, 60, 63, 64, 68, 69, 74, 75, 77, 79,
    85, 88, 89, 94, 97, 103, 104, 106, 107, 109, 111, 112, 114, 117, 122, 125,
    128, 130, 133, 138, 141, 146, 147, 149, 153, 155, 156, 160, 164, 165, 172,
    174, 180, 181, 184, 187, 191, 195, 196, 199, 202, 205, 208, 210, 211, 214,
    215, 217, 218, 220, 223, 225, 226, 228, 229, 231, 232, 235, 241, 242, 248,
    253, 256, 260, 262, 265, 266, 268, 271, 274, 276, 277, 279, 281, 282, 285,
    287, 289, 291, 294, 296, 298, 299, 301, 303, 304, 307, 311, 312, 320, 321,
    323, 327, 328, 330, 332, 334, 337, 339, 342, 343, 345, 347, 350, 351, 354,
    355, 357, 358, 363, 366, 371, 372, 374, 378, 381, 384, 385, 387, 389, 390,
    394, 395, 401, 403, 409, 414, 416, 418, 420, 421, 426, 430, 433, 435, 436,
    440, 441, 447, 450, 451, 453, 454, 456, 457, 461, 462, 464, 465, 467, 468,
    471, 474, 476, 479, 481, 483, 487, 488, 491, 495, 498, 504, 506, 509, 512,
    518, 521, 524, 526, 529, 530, 533, 534, 537, 538, 543, 545, 548, 549, 551,
    554, 557, 558, 559, 562, 564, 566, 570, 573, 574, 576, 578, 580, 582, 583,
    587, 589, 593, 596, 599, 601, 602, 605, 608, 611, 614, 616, 618, 620, 621,
    622, 625, 626, 628, 629, 631, 635, 637, 638, 640, 642, 643, 645, 646, 648,
    650, 653, 654, 656, 659, 662, 663, 665, 667, 669, 675, 678, 679, 684, 686,
    688, 690, 693, 696, 699, 703, 706, 708, 710, 714, 715, 717, 720, 722, 724,
    725, 728, 730, 731, 734, 735, 738, 741, 744, 748, 751, 754, 756, 759, 762,
    765, 766, 769, 770, 773, 776, 779, 780, 783, 787, 789, 791, 794, 797, 803,
    806, 808, 812, 815, 818, 821, 826, 829, 832, 835, 838, 840, 843, 844, 854,
    855, 856, 858, 859, 861, 864, 866, 868, 870, 872, 875, 878, 879, 881, 882,
    884, 887, 890, 892, 896, 900, 901, 903, 913, 916, 919, 922, 923, 926, 929,
    932, 933, 936, 938, 940, 941, 943, 946, 947, 948, 952, 956, 957, 960, 962,
    965, 967, 969, 971, 974, 979, 981, 985, 986, 988, 991, 995, 996, 998,
    1001, 1005, 1009, 1012, 1014, 1016, 1017, 1020, 1026, 1028, 1031, 1032,
    1034, 1037, 1038, 1041, 1045, 1047, 1048, 1050, 1053, 1056, 1060, 1064,
    1069, 1073, 1077, 1078, 1081, 1082, 1084, 1087, 1091, 1098, 1100, 1103,
    1106, 1107, 1109, 1111, 1116, 1119, 1120, 1123, 1125, 1127, 1128, 1130,
    1134, 1136, 1140, 1141, 1144, 1146, 1147, 1149, 1151, 1152, 1154, 1156,
    1159, 1162, 1165, 1166, 1169, 1173, 1174, 1176, 1178, 1180, 1181, 1183,
    1184, 1187, 1190, 1192, 1193, 1195, 1197, 1200, 1203, 1204, 1207, 1208,
    1210, 1213, 1216, 1218, 1222, 1225, 1227, 1228, 1229, 1233, 1234, 1236,
    1237, 1240, 1241, 1243, 1247, 1249, 1252, 1256, 1257, 1260, 1262, 1263,
    1265, 1266, 1268, 1270, 1271, 1276, 1277, 1279, 1280, 1282, 1283, 1285,
    1288, 1291, 1292, 1294, 1295, 1297, 1298, 1300, 1301, 1306, 1308, 1310,
    1311, 1313, 1315, 1318, 1324, 1326, 1328, 1331, 1333, 1336, 1339, 1343,
    1348, 1349, 1351, 1355, 1356, 1358, 1360, 1362, 1364, 1365, 1367, 1371,
    1378, 1379, 1381, 1384, 1388, 1391, 1394, 1397, 1398, 1401, 1404, 1406,
    1410, 1414, 1418, 1422, 1424, 1426, 1428, 1430, 1431, 1433, 1434, 1440,
    1441, 1443, 1445, 1448, 1452, 1453, 1455, 1456, 1458, 1461, 1465, 1467,
    1468, 1470, 1472, 1476, 1477, 1479, 1482, 1484, 1485, 1487, 1488, 1490,
    1491, 1493, 1494, 1496, 1497, 1500, 1501, 1502, 1503, 1505, 1508, 1511,
    1514, 1517, 1518, 1520, 1521, 1523, 1528, 1530, 1534, 1536, 1539, 1544,
    1547, 1548, 1550, 1553, 1556, 1559, 1561, 1563, 1566, 1568, 1569, 1571,
    1574, 1576, 1577, 1579, 1582, 1585, 1586, 1588, 1591, 1594, 1597, 1599,
    1600, 1602, 1608, 1609, 1611, 1613, 1616, 1620, 1623, 1624, 1626, 1632,
    1633, 1635, 1638, 1639, 1641, 1642, 1645, 1646, 1648, 1649, 1651, 1652,
    1654, 1655, 1657, 1660, 1661, 1666, 1668, 1669, 1673, 1675, 1676, 1678,
    1682, 1685, 1688, 1691, 1692, 1694, 1696, 1697, 1702, 1707, 1710, 1715,
    1717, 1719, 1721, 1723, 1725, 1726, 1729, 1730, 1732, 1736, 1740, 1741,
    1746, 1750, 1752, 1754, 1758, 1760, 1762, 1764, 1770, 1771, 1774, 1775,
    1778, 1780, 1783, 1785, 1788, 1789, 1792, 1796, 1799, 1800, 1801, 1802,
    1805, 1806, 1808, 1810, 1811, 1813, 1816, 1817, 1820, 1823, 1826, 1828,
    1829, 1831, 1835, 1838, 1843, 1844, 1846, 1849, 1853, 1856, 1860, 1863,
    1864, 1867, 1869, 1872, 1873, 1875, 1877, 1878, 1880, 1883, 1884, 1887,
    1890, 1893, 1896, 1899, 1909, 1912, 1913, 1917, 1918, 1921, 1922, 1924,
    1927, 1933, 1935, 1937, 1938, 1940, 1943, 1944, 1947, 1948, 1950, 1954,
    1957, 1958, 1960, 1964, 1967, 1972, 1976, 1977, 1980, 1983, 1984, 1986,
    1990, 1993, 1996, 2001, 2005, 2006, 2008, 2011, 2014, 2015, 2017, 2018,
    2020, 2023, 2026, 2028, 2031, 2034, 2036, 2039, 2042, 2045, 2047, 2050,
    2051, 2053, 2054, 2055, 2058, 2060, 2061, 2063, 2067, 2068, 2071, 2073,
    2074, 2076, 2078, 2080, 2084, 2088, 2090, 2093, 2096, 2098, 2099, 2101,
    2103, 2105, 2110, 2115, 2120, 2123, 2127, 2129, 2131, 2136, 2139, 2142,
    2145, 2148, 2149, 2152, 2154, 2157, 2160, 2161, 2164, 2167, 2171, 2176,
    2178, 2183, 2186, 2188, 2189, 2191, 2193, 2196, 2200, 2204, 2205, 2206,
    2207, 2209, 2212, 2219, 2220, 2222, 2224, 2226, 2227, 2229, 2231, 2232,
    2234, 2237, 2238, 2240, 2241, 2243, 2245, 2247, 2248, 2250, 2253, 2254,
    2256, 2259, 2260, 2262, 2268, 2272, 2273, 2276, 2280, 2283, 2284, 2287,
    2288, 2290, 2292, 2297, 2299, 2302, 2304, 2308, 2309, 2311, 2312, 2314,
    2316, 2318, 2322, 2324, 2327, 2330, 2336, 2337, 2339, 2346, 2348, 2350,
    2353, 2356, 2361, 2367, 2370, 2373, 2374, 2377, 2379, 2380, 2382, 2385,
    2386, 2388, 2389, 2391, 2393, 2396, 2398, 2401, 2404, 2408, 2411, 2416,
    2418, 2421, 2422, 2424, 2426, 2430, 2432, 2435, 2438, 2441, 2444, 2447,
    2450, 2451, 2454, 2456, 2457, 2459, 2462, 2466, 2472, 2475, 2479, 2483,
    2485, 2486, 2488, 2493, 2494, 2496, 2497, 2503, 2505, 2507, 2511, 2512,
    2514, 2517, 2518, 2521, 2524, 2525, 2527, 2530, 2534, 2537, 2540, 2542,
    2543, 2545, 2547, 2549, 2550, 2552, 2555, 2558, 2561, 2565, 2569, 2572,
    2576, 2579, 2580, 2582, 2585, 2588, 2591, 2592, 2595, 2598, 2599, 2605,
    2607, 2609, 2610, 2612, 2613, 2618, 2619, 2622, 2623, 2626, 2632, 2633,
    2635, 2638, 2641, 2643, 2644, 2646, 2647, 2650, 2654, 2656, 2659, 2662,
    2668, 2670, 2673, 2677, 2679, 2687, 2688, 2691, 2697, 2699, 2702, 2706,
    2708, 2713, 2714, 2716, 2717, 2720, 2724, 2725, 2727, 2728, 2730, 2734,
    2735, 2738, 2740, 2744, 2745, 2750, 2753, 2754, 2757, 2759, 2763, 2765,
    2769, 2772, 2773, 2774, 2776, 2778, 2779, 2781, 2783, 2786, 2788, 2792,
    2795, 2797, 2799, 2801, 2804, 2806, 2809, 2813, 2814, 2816
[2] 0, 6, 15, 18, 31, 52, 56, 73, 82, 93, 116, 127, 132, 140, 145, 148, 152,
    159, 163, 167, 179, 182, 183, 186, 190, 194, 198, 201, 213, 234, 238, 244,
    247, 252, 255, 259, 273, 278, 284, 306, 310, 316, 319, 322, 326, 336, 341,
    353, 360, 365, 368, 373, 386, 408, 422, 423, 429, 443, 446, 470, 478, 486,
    490, 497, 500, 503, 508, 515, 528, 532, 536, 540, 547, 556, 561, 569, 592,
    604, 627, 630, 634, 652, 661, 674, 677, 683, 692, 695, 698, 702, 727, 733,
    737, 740, 743, 747, 758, 761, 764, 768, 772, 782, 786, 796, 802, 805, 814,
    820, 828, 831, 837, 846, 851, 874, 883, 895, 899, 906, 909, 912, 921, 925,
    931, 935, 945, 955, 959, 973, 978, 984, 1004, 1008, 1011, 1019, 1023,
    1036, 1040, 1044, 1049, 1055, 1059, 1063, 1068, 1072, 1076, 1080, 1086,
    1090, 1094, 1097, 1102, 1115, 1122, 1133, 1139, 1143, 1158, 1168, 1172,
    1186, 1206, 1215, 1221, 1224, 1232, 1238, 1239, 1242, 1246, 1251, 1255,
    1259, 1272, 1275, 1290, 1303, 1320, 1323, 1330, 1338, 1342, 1347, 1354,
    1374, 1377, 1387, 1393, 1400, 1409, 1413, 1417, 1436, 1439, 1447, 1451,
    1460, 1469, 1475, 1489, 1492, 1499, 1507, 1510, 1513, 1516, 1522, 1525,
    1533, 1538, 1555, 1573, 1584, 1607, 1619, 1622, 1628, 1631, 1637, 1644,
    1659, 1665, 1672, 1677, 1681, 1684, 1690, 1699, 1709, 1712, 1728, 1731,
    1735, 1739, 1745, 1749, 1757, 1767, 1773, 1776, 1777, 1782, 1787, 1791,
    1804, 1819, 1834, 1837, 1842, 1852, 1859, 1862, 1865, 1866, 1882, 1886,
    1895, 1898, 1902, 1905, 1908, 1920, 1930, 1946, 1949, 1953, 1956, 1959,
    1975, 1979, 1989, 1992, 1995, 2000, 2004, 2013, 2025, 2030, 2049, 2070,
    2083, 2087, 2114, 2126, 2135, 2138, 2141, 2144, 2147, 2151, 2156, 2163,
    2170, 2173, 2199, 2203, 2211, 2214, 2265, 2275, 2279, 2286, 2307, 2310,
    2313, 2321, 2342, 2345, 2352, 2358, 2372, 2376, 2384, 2395, 2403, 2407,
    2410, 2440, 2443, 2446, 2449, 2453, 2461, 2465, 2471, 2474, 2478, 2482,
    2499, 2502, 2516, 2520, 2529, 2533, 2536, 2539, 2560, 2568, 2575, 2584,
    2590, 2594, 2617, 2621, 2625, 2628, 2631, 2634, 2640, 2649, 2653, 2665,
    2672, 2676, 2683, 2686, 2690, 2694, 2719, 2723, 2729, 2733, 2737, 2743,
    2747, 2752, 2756, 2762, 2768, 2791, 2794, 2803

Reassigned labels

Runtime: 7.066259384155273

Performance split_log:

IM without threshold:
Map:
{"D_0": "D", "D_1": "D", "D_2": "D"}
token_fitness
{"perc_fit_traces": 100.0, "average_trace_fitness": 1.0, "log_fitness": 1.0, "percentage_of_fitting_traces": 100.0}
precision
0.41980092585745343
0.6428571428571429
generalization
0.7332977257860545

Adjusted Rand Index:
0.23146328460984295



Parameters of this run:

Window size: 3
Threshold for edges: 0.5
Split candidates: D
Max number of traces: 5000000
Method for distance calculation: Distance.SET_DISTANCE
Method for finding clusters: ClusteringMethod.COMMUNITY_DETECTION
Original log location: ./data/noImprInLoop_default_OD\feb17-0936\logs\H_1_LogD_Sequence_feb17-0936.xes.gz
Use frequency: True

Found communities: 

Clustering with 2819 elements and 3 clusters
[0] 2, 4, 5, 8, 10, 11, 14, 17, 20, 22, 23, 25, 27, 28, 31, 33, 34, 36, 37,
    39, 40, 43, 45, 48, 51, 55, 59, 61, 62, 65, 66, 67, 69, 70, 71, 72, 76,
    78, 80, 81, 83, 84, 86, 87, 90, 91, 92, 95, 96, 98, 99, 100, 101, 102,
    105, 108, 110, 113, 115, 118, 119, 120, 121, 123, 124, 126, 129, 131, 134,
    135, 136, 137, 139, 142, 143, 144, 148, 150, 151, 154, 157, 158, 161, 162,
    165, 166, 168, 169, 170, 171, 173, 175, 176, 177, 178, 182, 185, 188, 189,
    192, 193, 196, 197, 200, 203, 204, 206, 207, 209, 212, 216, 219, 221, 222,
    224, 227, 230, 233, 236, 237, 239, 240, 243, 245, 246, 249, 250, 251, 254,
    257, 258, 261, 263, 264, 267, 269, 270, 272, 275, 280, 283, 286, 288, 290,
    292, 293, 295, 297, 300, 302, 305, 308, 309, 313, 314, 315, 317, 318, 324,
    325, 329, 331, 333, 335, 338, 340, 343, 344, 346, 348, 349, 352, 356, 359,
    361, 362, 364, 367, 369, 370, 372, 375, 376, 377, 379, 380, 382, 383, 385,
    388, 391, 392, 393, 396, 397, 398, 399, 400, 402, 404, 405, 406, 407, 410,
    411, 412, 413, 415, 417, 419, 422, 424, 425, 427, 428, 431, 432, 434, 437,
    438, 439, 442, 444, 445, 448, 449, 452, 455, 458, 459, 460, 463, 465, 466,
    469, 472, 473, 475, 477, 480, 482, 484, 485, 489, 492, 493, 494, 496, 499,
    501, 502, 505, 507, 510, 511, 513, 514, 516, 517, 519, 520, 522, 523, 525,
    527, 531, 535, 539, 541, 542, 544, 546, 550, 552, 553, 554, 555, 560, 563,
    565, 567, 568, 571, 572, 575, 577, 579, 581, 584, 585, 586, 588, 590, 591,
    594, 595, 597, 598, 600, 603, 606, 607, 609, 610, 612, 613, 615, 617, 619,
    623, 624, 632, 633, 636, 639, 641, 644, 647, 649, 651, 655, 657, 658, 660,
    664, 666, 668, 670, 671, 672, 673, 676, 680, 681, 682, 685, 687, 689, 691,
    694, 697, 700, 701, 704, 705, 707, 709, 711, 712, 713, 715, 716, 718, 719,
    721, 723, 726, 729, 732, 736, 739, 742, 745, 746, 749, 750, 752, 753, 755,
    757, 760, 763, 767, 771, 774, 775, 777, 778, 781, 784, 785, 788, 790, 792,
    793, 795, 798, 799, 800, 801, 804, 807, 809, 810, 811, 813, 816, 817, 819,
    822, 823, 824, 825, 827, 830, 833, 834, 836, 839, 841, 842, 845, 847, 848,
    849, 850, 852, 853, 857, 860, 862, 863, 865, 867, 869, 871, 873, 876, 877,
    880, 883, 885, 886, 888, 889, 891, 893, 894, 897, 898, 902, 904, 905, 907,
    908, 910, 911, 914, 915, 917, 918, 920, 924, 927, 928, 930, 934, 937, 939,
    941, 942, 944, 949, 950, 951, 953, 954, 958, 961, 963, 964, 966, 968, 970,
    972, 975, 976, 977, 980, 982, 983, 987, 989, 990, 992, 993, 994, 997, 999,
    1000, 1002, 1003, 1006, 1007, 1010, 1013, 1015, 1018, 1021, 1022, 1024,
    1025, 1027, 1029, 1030, 1033, 1035, 1039, 1042, 1043, 1046, 1049, 1051,
    1052, 1054, 1057, 1058, 1061, 1062, 1065, 1066, 1067, 1070, 1071, 1074,
    1075, 1079, 1083, 1085, 1088, 1089, 1092, 1093, 1095, 1096, 1099, 1101,
    1104, 1105, 1108, 1110, 1112, 1113, 1114, 1117, 1118, 1121, 1124, 1126,
    1129, 1131, 1132, 1135, 1137, 1138, 1142, 1145, 1148, 1150, 1153, 1155,
    1157, 1160, 1161, 1163, 1164, 1167, 1170, 1171, 1175, 1177, 1179, 1182,
    1184, 1185, 1188, 1189, 1191, 1193, 1194, 1196, 1198, 1199, 1201, 1202,
    1205, 1209, 1211, 1212, 1214, 1217, 1219, 1220, 1223, 1226, 1230, 1231,
    1235, 1238, 1244, 1245, 1248, 1250, 1253, 1254, 1258, 1261, 1264, 1267,
    1269, 1272, 1273, 1274, 1278, 1281, 1284, 1286, 1287, 1289, 1293, 1295,
    1296, 1299, 1302, 1304, 1305, 1307, 1309, 1312, 1314, 1316, 1317, 1319,
    1321, 1322, 1325, 1327, 1329, 1332, 1334, 1335, 1337, 1340, 1341, 1344,
    1345, 1346, 1350, 1352, 1353, 1357, 1359, 1361, 1363, 1366, 1368, 1369,
    1370, 1372, 1373, 1375, 1376, 1380, 1382, 1383, 1385, 1386, 1389, 1390,
    1392, 1395, 1396, 1399, 1402, 1403, 1405, 1407, 1408, 1411, 1412, 1415,
    1416, 1419, 1420, 1421, 1423, 1425, 1427, 1429, 1432, 1435, 1437, 1438,
    1442, 1444, 1446, 1449, 1450, 1454, 1457, 1459, 1461, 1462, 1463, 1464,
    1466, 1469, 1471, 1473, 1474, 1478, 1480, 1481, 1482, 1483, 1486, 1495,
    1498, 1503, 1504, 1506, 1509, 1512, 1515, 1519, 1524, 1526, 1527, 1529,
    1531, 1532, 1535, 1537, 1540, 1541, 1542, 1543, 1545, 1546, 1549, 1551,
    1552, 1554, 1557, 1558, 1560, 1562, 1564, 1565, 1567, 1570, 1572, 1575,
    1578, 1580, 1581, 1583, 1587, 1589, 1590, 1592, 1593, 1595, 1596, 1598,
    1601, 1603, 1604, 1605, 1606, 1610, 1612, 1614, 1615, 1617, 1618, 1621,
    1625, 1627, 1629, 1630, 1634, 1636, 1640, 1643, 1646, 1647, 1650, 1653,
    1656, 1658, 1662, 1663, 1664, 1667, 1670, 1671, 1674, 1677, 1679, 1680,
    1683, 1686, 1687, 1689, 1693, 1695, 1698, 1700, 1701, 1703, 1704, 1705,
    1706, 1708, 1711, 1713, 1714, 1716, 1718, 1720, 1722, 1724, 1727, 1731,
    1733, 1734, 1737, 1738, 1742, 1743, 1744, 1747, 1748, 1751, 1753, 1755,
    1756, 1759, 1761, 1763, 1765, 1766, 1768, 1769, 1772, 1776, 1779, 1781,
    1784, 1786, 1790, 1793, 1794, 1795, 1797, 1798, 1803, 1807, 1808, 1809,
    1812, 1814, 1815, 1818, 1821, 1822, 1824, 1825, 1827, 1830, 1832, 1833,
    1836, 1839, 1840, 1841, 1845, 1847, 1848, 1850, 1851, 1854, 1855, 1857,
    1858, 1861, 1865, 1868, 1870, 1871, 1874, 1876, 1879, 1881, 1885, 1888,
    1889, 1891, 1892, 1894, 1897, 1900, 1901, 1903, 1904, 1906, 1907, 1910,
    1911, 1914, 1915, 1916, 1919, 1923, 1925, 1926, 1928, 1929, 1931, 1932,
    1934, 1936, 1939, 1941, 1942, 1945, 1951, 1952, 1955, 1961, 1962, 1963,
    1965, 1966, 1968, 1969, 1970, 1971, 1973, 1974, 1978, 1981, 1982, 1985,
    1987, 1988, 1991, 1994, 1997, 1998, 1999, 2002, 2003, 2007, 2009, 2010,
    2012, 2016, 2019, 2021, 2022, 2024, 2027, 2029, 2032, 2033, 2035, 2037,
    2038, 2040, 2041, 2043, 2044, 2046, 2048, 2052, 2056, 2057, 2059, 2062,
    2064, 2065, 2066, 2069, 2072, 2075, 2077, 2079, 2081, 2082, 2085, 2086,
    2089, 2091, 2092, 2094, 2095, 2097, 2100, 2102, 2104, 2106, 2107, 2108,
    2109, 2111, 2112, 2113, 2116, 2117, 2118, 2119, 2121, 2122, 2124, 2125,
    2128, 2130, 2132, 2133, 2134, 2137, 2140, 2143, 2146, 2150, 2153, 2155,
    2158, 2159, 2162, 2165, 2166, 2168, 2169, 2172, 2174, 2175, 2177, 2179,
    2180, 2181, 2182, 2184, 2185, 2187, 2190, 2192, 2194, 2195, 2197, 2198,
    2201, 2202, 2208, 2210, 2213, 2215, 2216, 2217, 2218, 2221, 2223, 2225,
    2228, 2230, 2233, 2235, 2236, 2238, 2239, 2242, 2244, 2246, 2249, 2251,
    2252, 2255, 2257, 2258, 2261, 2263, 2264, 2266, 2267, 2269, 2270, 2271,
    2274, 2277, 2278, 2281, 2282, 2285, 2289, 2291, 2293, 2294, 2295, 2296,
    2298, 2300, 2301, 2303, 2305, 2306, 2310, 2313, 2315, 2317, 2319, 2320,
    2323, 2325, 2326, 2328, 2329, 2331, 2332, 2333, 2334, 2335, 2338, 2340,
    2341, 2343, 2344, 2347, 2349, 2351, 2354, 2355, 2357, 2359, 2360, 2362,
    2363, 2364, 2365, 2366, 2368, 2369, 2371, 2375, 2378, 2381, 2383, 2387,
    2390, 2392, 2394, 2397, 2399, 2400, 2402, 2405, 2406, 2409, 2412, 2413,
    2414, 2415, 2417, 2419, 2420, 2423, 2425, 2427, 2428, 2429, 2431, 2433,
    2434, 2436, 2437, 2439, 2442, 2445, 2448, 2452, 2455, 2458, 2460, 2463,
    2464, 2467, 2468, 2469, 2470, 2473, 2476, 2477, 2480, 2481, 2484, 2487,
    2489, 2490, 2491, 2492, 2495, 2498, 2500, 2501, 2504, 2506, 2508, 2509,
    2510, 2513, 2515, 2519, 2522, 2523, 2526, 2528, 2531, 2532, 2535, 2538,
    2541, 2544, 2546, 2548, 2551, 2553, 2554, 2556, 2557, 2559, 2562, 2563,
    2564, 2566, 2567, 2570, 2571, 2573, 2574, 2577, 2578, 2581, 2583, 2586,
    2587, 2589, 2593, 2596, 2597, 2600, 2601, 2602, 2603, 2604, 2606, 2608,
    2611, 2613, 2614, 2615, 2616, 2620, 2623, 2624, 2627, 2629, 2630, 2634,
    2636, 2637, 2639, 2642, 2645, 2648, 2651, 2652, 2655, 2657, 2658, 2660,
    2661, 2663, 2664, 2666, 2667, 2668, 2669, 2671, 2674, 2675, 2678, 2680,
    2681, 2682, 2684, 2685, 2689, 2692, 2693, 2695, 2696, 2698, 2700, 2701,
    2703, 2704, 2705, 2707, 2709, 2710, 2711, 2712, 2715, 2718, 2721, 2722,
    2726, 2729, 2731, 2732, 2736, 2739, 2741, 2742, 2746, 2748, 2749, 2751,
    2755, 2758, 2760, 2761, 2764, 2766, 2767, 2770, 2771, 2775, 2777, 2780,
    2782, 2784, 2785, 2787, 2789, 2790, 2793, 2795, 2796, 2798, 2800, 2802,
    2805, 2807, 2808, 2810, 2811, 2812, 2815, 2817, 2818
[1] 1, 3, 7, 9, 12, 13, 16, 19, 21, 24, 26, 29, 30, 32, 35, 38, 41, 42, 44,
    46, 47, 49, 50, 53, 54, 57, 58, 60, 63, 64, 68, 74, 75, 77, 79, 85, 88,
    89, 94, 97, 103, 104, 106, 107, 109, 111, 112, 114, 117, 122, 125, 128,
    130, 133, 138, 141, 146, 147, 149, 153, 155, 156, 160, 164, 172, 174, 180,
    181, 184, 187, 191, 195, 199, 202, 205, 208, 210, 211, 214, 215, 217, 218,
    220, 223, 225, 226, 228, 229, 231, 232, 235, 241, 242, 248, 253, 256, 260,
    262, 265, 266, 268, 271, 274, 276, 277, 279, 281, 282, 285, 287, 289, 291,
    294, 296, 298, 299, 301, 303, 304, 307, 311, 312, 320, 321, 323, 327, 328,
    330, 332, 334, 337, 339, 342, 345, 347, 350, 351, 354, 355, 357, 358, 363,
    366, 371, 374, 378, 381, 384, 387, 389, 390, 394, 395, 401, 403, 409, 414,
    416, 418, 420, 421, 426, 430, 433, 435, 436, 440, 441, 447, 450, 451, 453,
    454, 456, 457, 461, 462, 464, 467, 468, 471, 474, 476, 479, 481, 483, 487,
    488, 491, 495, 498, 504, 506, 509, 512, 518, 521, 524, 526, 529, 530, 533,
    534, 537, 538, 543, 545, 548, 549, 551, 557, 558, 559, 562, 564, 566, 570,
    573, 574, 576, 578, 580, 582, 583, 587, 589, 593, 596, 599, 601, 602, 605,
    608, 611, 614, 616, 618, 620, 621, 622, 625, 626, 628, 629, 631, 635, 637,
    638, 640, 642, 643, 645, 646, 648, 650, 653, 654, 656, 659, 662, 663, 665,
    667, 669, 675, 678, 679, 684, 686, 688, 690, 693, 696, 699, 703, 706, 708,
    710, 714, 717, 720, 722, 724, 725, 728, 730, 731, 734, 735, 738, 741, 744,
    748, 751, 754, 756, 759, 762, 765, 766, 769, 770, 773, 776, 779, 780, 783,
    787, 789, 791, 794, 797, 803, 806, 808, 812, 815, 818, 821, 826, 829, 832,
    835, 838, 840, 843, 844, 854, 855, 856, 858, 859, 861, 864, 866, 868, 870,
    872, 875, 878, 879, 881, 882, 884, 887, 890, 892, 896, 900, 901, 903, 913,
    916, 919, 922, 923, 926, 929, 932, 933, 936, 938, 940, 943, 946, 947, 948,
    952, 956, 957, 960, 962, 965, 967, 969, 971, 974, 979, 981, 985, 986, 988,
    991, 995, 996, 998, 1001, 1005, 1009, 1012, 1014, 1016, 1017, 1020, 1026,
    1028, 1031, 1032, 1034, 1037, 1038, 1041, 1045, 1047, 1048, 1050, 1053,
    1056, 1060, 1064, 1069, 1073, 1077, 1078, 1081, 1082, 1084, 1087, 1091,
    1098, 1100, 1103, 1106, 1107, 1109, 1111, 1116, 1119, 1120, 1123, 1125,
    1127, 1128, 1130, 1134, 1136, 1140, 1141, 1144, 1146, 1147, 1149, 1151,
    1152, 1154, 1156, 1159, 1162, 1165, 1166, 1169, 1173, 1174, 1176, 1178,
    1180, 1181, 1183, 1187, 1190, 1192, 1195, 1197, 1200, 1203, 1204, 1207,
    1208, 1210, 1213, 1216, 1218, 1222, 1225, 1227, 1228, 1229, 1233, 1234,
    1236, 1237, 1240, 1241, 1243, 1247, 1249, 1252, 1256, 1257, 1260, 1262,
    1263, 1265, 1266, 1268, 1270, 1271, 1276, 1277, 1279, 1280, 1282, 1283,
    1285, 1288, 1291, 1292, 1294, 1297, 1298, 1300, 1301, 1306, 1308, 1310,
    1311, 1313, 1315, 1318, 1324, 1326, 1328, 1331, 1333, 1336, 1339, 1343,
    1348, 1349, 1351, 1355, 1356, 1358, 1360, 1362, 1364, 1365, 1367, 1371,
    1378, 1379, 1381, 1384, 1388, 1391, 1394, 1397, 1398, 1401, 1404, 1406,
    1410, 1414, 1418, 1422, 1424, 1426, 1428, 1430, 1431, 1433, 1434, 1440,
    1441, 1443, 1445, 1448, 1452, 1453, 1455, 1456, 1458, 1465, 1467, 1468,
    1470, 1472, 1476, 1477, 1479, 1484, 1485, 1487, 1488, 1490, 1491, 1493,
    1494, 1496, 1497, 1500, 1501, 1502, 1505, 1508, 1511, 1514, 1517, 1518,
    1520, 1521, 1523, 1528, 1530, 1534, 1536, 1539, 1544, 1547, 1548, 1550,
    1553, 1556, 1559, 1561, 1563, 1566, 1568, 1569, 1571, 1574, 1576, 1577,
    1579, 1582, 1585, 1586, 1588, 1591, 1594, 1597, 1599, 1600, 1602, 1608,
    1609, 1611, 1613, 1616, 1620, 1623, 1624, 1626, 1632, 1633, 1635, 1638,
    1639, 1641, 1642, 1645, 1648, 1649, 1651, 1652, 1654, 1655, 1657, 1660,
    1661, 1666, 1668, 1669, 1673, 1675, 1676, 1678, 1682, 1685, 1688, 1691,
    1692, 1694, 1696, 1697, 1702, 1707, 1710, 1715, 1717, 1719, 1721, 1723,
    1725, 1726, 1729, 1730, 1732, 1736, 1740, 1741, 1746, 1750, 1752, 1754,
    1758, 1760, 1762, 1764, 1770, 1771, 1774, 1775, 1778, 1780, 1783, 1785,
    1788, 1789, 1792, 1796, 1799, 1800, 1801, 1802, 1805, 1806, 1810, 1811,
    1813, 1816, 1817, 1820, 1823, 1826, 1828, 1829, 1831, 1835, 1838, 1843,
    1844, 1846, 1849, 1853, 1856, 1860, 1863, 1864, 1867, 1869, 1872, 1873,
    1875, 1877, 1878, 1880, 1883, 1884, 1887, 1890, 1893, 1896, 1899, 1909,
    1912, 1913, 1917, 1918, 1921, 1922, 1924, 1927, 1933, 1935, 1937, 1938,
    1940, 1943, 1944, 1947, 1948, 1950, 1954, 1957, 1958, 1960, 1964, 1967,
    1972, 1976, 1977, 1980, 1983, 1984, 1986, 1990, 1993, 1996, 2001, 2005,
    2006, 2008, 2011, 2014, 2015, 2017, 2018, 2020, 2023, 2026, 2028, 2031,
    2034, 2036, 2039, 2042, 2045, 2047, 2050, 2051, 2053, 2054, 2055, 2058,
    2060, 2061, 2063, 2067, 2068, 2071, 2073, 2074, 2076, 2078, 2080, 2084,
    2088, 2090, 2093, 2096, 2098, 2099, 2101, 2103, 2105, 2110, 2115, 2120,
    2123, 2127, 2129, 2131, 2136, 2139, 2142, 2145, 2148, 2149, 2152, 2154,
    2157, 2160, 2161, 2164, 2167, 2171, 2176, 2178, 2183, 2186, 2188, 2189,
    2191, 2193, 2196, 2200, 2204, 2205, 2206, 2207, 2209, 2212, 2219, 2220,
    2222, 2224, 2226, 2227, 2229, 2231, 2232, 2234, 2237, 2240, 2241, 2243,
    2245, 2247, 2248, 2250, 2253, 2254, 2256, 2259, 2260, 2262, 2268, 2272,
    2273, 2276, 2280, 2283, 2284, 2287, 2288, 2290, 2292, 2297, 2299, 2302,
    2304, 2308, 2309, 2311, 2312, 2314, 2316, 2318, 2322, 2324, 2327, 2330,
    2336, 2337, 2339, 2346, 2348, 2350, 2353, 2356, 2361, 2367, 2370, 2373,
    2374, 2377, 2379, 2380, 2382, 2385, 2386, 2388, 2389, 2391, 2393, 2396,
    2398, 2401, 2404, 2408, 2411, 2416, 2418, 2421, 2422, 2424, 2426, 2430,
    2432, 2435, 2438, 2441, 2444, 2447, 2450, 2451, 2454, 2456, 2457, 2459,
    2462, 2466, 2472, 2475, 2479, 2483, 2485, 2486, 2488, 2493, 2494, 2496,
    2497, 2503, 2505, 2507, 2511, 2512, 2514, 2517, 2518, 2521, 2524, 2525,
    2527, 2530, 2534, 2537, 2540, 2542, 2543, 2545, 2547, 2549, 2550, 2552,
    2555, 2558, 2561, 2565, 2569, 2572, 2576, 2579, 2580, 2582, 2585, 2588,
    2591, 2592, 2595, 2598, 2599, 2605, 2607, 2609, 2610, 2612, 2618, 2619,
    2622, 2626, 2632, 2633, 2635, 2638, 2641, 2643, 2644, 2646, 2647, 2650,
    2654, 2656, 2659, 2662, 2670, 2673, 2677, 2679, 2687, 2688, 2691, 2697,
    2699, 2702, 2706, 2708, 2713, 2714, 2716, 2717, 2720, 2724, 2725, 2727,
    2728, 2730, 2734, 2735, 2738, 2740, 2744, 2745, 2750, 2753, 2754, 2757,
    2759, 2763, 2765, 2769, 2772, 2773, 2774, 2776, 2778, 2779, 2781, 2783,
    2786, 2788, 2792, 2797, 2799, 2801, 2804, 2806, 2809, 2813, 2814, 2816
[2] 0, 6, 15, 18, 52, 56, 73, 82, 93, 116, 127, 132, 140, 145, 152, 159, 163,
    167, 179, 183, 186, 190, 194, 198, 201, 213, 234, 238, 244, 247, 252, 255,
    259, 273, 278, 284, 306, 310, 316, 319, 322, 326, 336, 341, 353, 360, 365,
    368, 373, 386, 408, 423, 429, 443, 446, 470, 478, 486, 490, 497, 500, 503,
    508, 515, 528, 532, 536, 540, 547, 556, 561, 569, 592, 604, 627, 630, 634,
    652, 661, 674, 677, 683, 692, 695, 698, 702, 727, 733, 737, 740, 743, 747,
    758, 761, 764, 768, 772, 782, 786, 796, 802, 805, 814, 820, 828, 831, 837,
    846, 851, 874, 895, 899, 906, 909, 912, 921, 925, 931, 935, 945, 955, 959,
    973, 978, 984, 1004, 1008, 1011, 1019, 1023, 1036, 1040, 1044, 1055, 1059,
    1063, 1068, 1072, 1076, 1080, 1086, 1090, 1094, 1097, 1102, 1115, 1122,
    1133, 1139, 1143, 1158, 1168, 1172, 1186, 1206, 1215, 1221, 1224, 1232,
    1239, 1242, 1246, 1251, 1255, 1259, 1275, 1290, 1303, 1320, 1323, 1330,
    1338, 1342, 1347, 1354, 1374, 1377, 1387, 1393, 1400, 1409, 1413, 1417,
    1436, 1439, 1447, 1451, 1460, 1475, 1489, 1492, 1499, 1507, 1510, 1513,
    1516, 1522, 1525, 1533, 1538, 1555, 1573, 1584, 1607, 1619, 1622, 1628,
    1631, 1637, 1644, 1659, 1665, 1672, 1681, 1684, 1690, 1699, 1709, 1712,
    1728, 1735, 1739, 1745, 1749, 1757, 1767, 1773, 1777, 1782, 1787, 1791,
    1804, 1819, 1834, 1837, 1842, 1852, 1859, 1862, 1866, 1882, 1886, 1895,
    1898, 1902, 1905, 1908, 1920, 1930, 1946, 1949, 1953, 1956, 1959, 1975,
    1979, 1989, 1992, 1995, 2000, 2004, 2013, 2025, 2030, 2049, 2070, 2083,
    2087, 2114, 2126, 2135, 2138, 2141, 2144, 2147, 2151, 2156, 2163, 2170,
    2173, 2199, 2203, 2211, 2214, 2265, 2275, 2279, 2286, 2307, 2321, 2342,
    2345, 2352, 2358, 2372, 2376, 2384, 2395, 2403, 2407, 2410, 2440, 2443,
    2446, 2449, 2453, 2461, 2465, 2471, 2474, 2478, 2482, 2499, 2502, 2516,
    2520, 2529, 2533, 2536, 2539, 2560, 2568, 2575, 2584, 2590, 2594, 2617,
    2621, 2625, 2628, 2631, 2640, 2649, 2653, 2665, 2672, 2676, 2683, 2686,
    2690, 2694, 2719, 2723, 2733, 2737, 2743, 2747, 2752, 2756, 2762, 2768,
    2791, 2794, 2803

Reassigned labels

Runtime: 6.395102024078369

Performance split_log:

IM without threshold:
Map:
{"D_0": "D", "D_1": "D", "D_2": "D"}
token_fitness
{"perc_fit_traces": 100.0, "average_trace_fitness": 1.0, "log_fitness": 1.0, "percentage_of_fitting_traces": 100.0}
precision
0.6651824424081929
0.6629213483146068
generalization
0.8052922180482446

Adjusted Rand Index:
0.23442702927836873



Parameters of this run:

Window size: 3
Threshold for edges: 0.75
Split candidates: D
Max number of traces: 5000000
Method for distance calculation: Distance.SET_DISTANCE
Method for finding clusters: ClusteringMethod.COMMUNITY_DETECTION
Original log location: ./data/noImprInLoop_default_OD\feb17-0936\logs\H_1_LogD_Sequence_feb17-0936.xes.gz
Use frequency: True

Found communities: 

Clustering with 2819 elements and 6 clusters
[0] 1, 3, 4, 7, 19, 20, 21, 24, 27, 30, 32, 35, 42, 44, 54, 57, 58, 60, 63,
    64, 68, 69, 71, 77, 79, 85, 88, 89, 99, 103, 104, 106, 107, 109, 110, 111,
    112, 114, 122, 125, 128, 133, 138, 141, 147, 149, 155, 156, 160, 164, 165,
    172, 174, 180, 181, 184, 187, 195, 196, 199, 203, 205, 211, 215, 217, 218,
    220, 223, 225, 226, 228, 229, 231, 232, 241, 242, 248, 253, 256, 266, 268,
    269, 271, 276, 277, 282, 285, 287, 294, 295, 296, 299, 304, 307, 312, 317,
    320, 321, 323, 324, 327, 328, 334, 337, 339, 343, 355, 358, 366, 371, 372,
    381, 384, 385, 389, 390, 392, 394, 395, 409, 418, 421, 427, 436, 438, 447,
    448, 450, 451, 454, 464, 465, 467, 468, 474, 479, 481, 488, 512, 524, 526,
    529, 530, 533, 534, 538, 543, 545, 557, 558, 564, 565, 570, 573, 574, 576,
    589, 593, 596, 597, 599, 601, 602, 611, 614, 618, 620, 621, 625, 626, 629,
    637, 638, 642, 643, 646, 650, 653, 654, 659, 663, 665, 667, 672, 675, 678,
    679, 684, 686, 688, 689, 690, 693, 703, 706, 712, 714, 715, 722, 730, 754,
    756, 759, 762, 765, 766, 770, 773, 776, 777, 780, 783, 787, 790, 791, 792,
    800, 803, 806, 808, 815, 818, 821, 832, 835, 840, 843, 849, 852, 854, 855,
    858, 859, 868, 870, 872, 875, 878, 879, 881, 882, 887, 892, 896, 901, 913,
    916, 919, 922, 926, 932, 933, 936, 938, 941, 943, 946, 947, 956, 957, 960,
    966, 968, 974, 979, 985, 986, 988, 989, 1012, 1014, 1016, 1020, 1026,
    1028, 1032, 1041, 1045, 1047, 1048, 1050, 1051, 1056, 1064, 1073, 1074,
    1077, 1078, 1081, 1082, 1084, 1087, 1091, 1092, 1098, 1106, 1107, 1116,
    1119, 1120, 1123, 1125, 1128, 1130, 1134, 1135, 1140, 1141, 1144, 1149,
    1151, 1154, 1155, 1156, 1162, 1166, 1169, 1173, 1174, 1178, 1179, 1184,
    1190, 1193, 1198, 1200, 1210, 1213, 1218, 1222, 1225, 1227, 1228, 1234,
    1236, 1237, 1240, 1241, 1247, 1249, 1252, 1253, 1256, 1257, 1260, 1263,
    1265, 1266, 1276, 1279, 1280, 1282, 1285, 1294, 1295, 1297, 1298, 1300,
    1301, 1306, 1308, 1311, 1313, 1315, 1316, 1318, 1321, 1324, 1326, 1328,
    1331, 1333, 1345, 1348, 1349, 1352, 1356, 1362, 1363, 1364, 1365, 1371,
    1375, 1378, 1379, 1381, 1384, 1388, 1397, 1398, 1401, 1404, 1411, 1414,
    1418, 1422, 1424, 1428, 1431, 1433, 1434, 1440, 1444, 1445, 1452, 1453,
    1455, 1456, 1461, 1463, 1465, 1468, 1470, 1477, 1479, 1480, 1482, 1484,
    1485, 1487, 1488, 1490, 1491, 1494, 1496, 1497, 1500, 1501, 1502, 1503,
    1505, 1511, 1512, 1517, 1518, 1520, 1521, 1523, 1528, 1530, 1534, 1544,
    1547, 1548, 1550, 1553, 1557, 1560, 1566, 1574, 1576, 1577, 1579, 1582,
    1586, 1588, 1589, 1591, 1594, 1597, 1598, 1602, 1608, 1609, 1611, 1613,
    1614, 1624, 1635, 1636, 1639, 1641, 1645, 1646, 1648, 1649, 1655, 1661,
    1666, 1668, 1669, 1676, 1678, 1679, 1682, 1685, 1688, 1689, 1691, 1700,
    1721, 1723, 1729, 1730, 1732, 1736, 1740, 1741, 1747, 1750, 1752, 1755,
    1760, 1770, 1771, 1778, 1780, 1781, 1785, 1789, 1800, 1801, 1806, 1808,
    1810, 1813, 1817, 1820, 1826, 1828, 1829, 1838, 1847, 1853, 1856, 1863,
    1864, 1867, 1869, 1873, 1877, 1878, 1880, 1883, 1887, 1888, 1893, 1896,
    1900, 1910, 1913, 1915, 1918, 1925, 1928, 1933, 1938, 1943, 1944, 1947,
    1948, 1950, 1957, 1958, 1964, 1976, 1977, 1980, 1983, 1984, 1986, 1987,
    1991, 1993, 2001, 2006, 2008, 2014, 2015, 2020, 2023, 2026, 2028, 2036,
    2037, 2039, 2045, 2047, 2050, 2051, 2054, 2058, 2060, 2063, 2067, 2068,
    2074, 2076, 2078, 2080, 2084, 2088, 2090, 2094, 2096, 2097, 2098, 2099,
    2101, 2102, 2103, 2110, 2112, 2115, 2120, 2123, 2129, 2131, 2133, 2136,
    2137, 2139, 2145, 2149, 2152, 2157, 2158, 2160, 2161, 2168, 2171, 2176,
    2177, 2183, 2184, 2186, 2188, 2196, 2200, 2204, 2205, 2206, 2207, 2209,
    2210, 2220, 2222, 2227, 2229, 2230, 2231, 2232, 2237, 2238, 2240, 2241,
    2245, 2250, 2254, 2256, 2259, 2260, 2262, 2266, 2276, 2280, 2281, 2287,
    2290, 2299, 2302, 2304, 2305, 2309, 2322, 2336, 2337, 2339, 2348, 2350,
    2361, 2368, 2374, 2377, 2378, 2379, 2380, 2385, 2386, 2388, 2389, 2391,
    2393, 2401, 2402, 2404, 2408, 2416, 2418, 2421, 2424, 2426, 2428, 2435,
    2442, 2457, 2466, 2469, 2472, 2475, 2484, 2485, 2486, 2488, 2493, 2494,
    2497, 2504, 2507, 2512, 2518, 2521, 2524, 2534, 2540, 2541, 2542, 2543,
    2545, 2547, 2550, 2552, 2558, 2559, 2561, 2563, 2572, 2579, 2582, 2585,
    2591, 2592, 2595, 2596, 2605, 2609, 2610, 2612, 2613, 2622, 2623, 2632,
    2633, 2635, 2638, 2641, 2646, 2647, 2650, 2651, 2654, 2656, 2662, 2668,
    2670, 2677, 2687, 2691, 2692, 2697, 2699, 2708, 2716, 2724, 2725, 2728,
    2730, 2731, 2735, 2740, 2745, 2751, 2754, 2763, 2765, 2773, 2774, 2776,
    2781, 2786, 2787, 2792, 2795, 2797, 2801, 2802, 2804, 2809, 2816
[1] 5, 8, 10, 11, 14, 17, 22, 23, 25, 28, 31, 36, 37, 39, 40, 43, 45, 51, 55,
    61, 62, 67, 70, 76, 78, 80, 81, 83, 84, 86, 87, 90, 91, 92, 95, 96, 101,
    102, 105, 113, 118, 119, 121, 123, 124, 126, 131, 134, 135, 136, 137, 139,
    142, 143, 144, 148, 151, 154, 161, 162, 166, 168, 169, 170, 171, 175, 176,
    177, 178, 182, 192, 193, 197, 200, 204, 206, 207, 212, 221, 222, 233, 236,
    237, 240, 243, 249, 250, 251, 261, 263, 264, 272, 275, 280, 283, 286, 288,
    292, 293, 297, 300, 313, 314, 315, 318, 329, 333, 335, 338, 344, 348, 349,
    359, 361, 362, 379, 380, 383, 388, 391, 397, 398, 399, 400, 402, 406, 407,
    412, 413, 415, 417, 422, 431, 432, 437, 442, 455, 466, 469, 472, 473, 477,
    492, 493, 494, 496, 499, 502, 507, 510, 511, 516, 517, 519, 520, 527, 531,
    535, 541, 542, 544, 546, 550, 552, 553, 555, 567, 568, 575, 577, 579, 581,
    585, 586, 588, 590, 591, 594, 595, 600, 603, 606, 607, 617, 624, 639, 644,
    647, 651, 655, 657, 658, 664, 666, 668, 671, 681, 682, 685, 687, 691, 694,
    697, 711, 716, 721, 723, 726, 729, 739, 742, 750, 757, 760, 771, 781, 784,
    785, 793, 798, 799, 801, 804, 807, 830, 833, 834, 839, 842, 845, 847, 848,
    860, 865, 867, 869, 871, 873, 876, 877, 880, 883, 885, 886, 888, 889, 891,
    897, 898, 902, 904, 905, 907, 908, 910, 911, 914, 915, 917, 918, 920, 924,
    930, 937, 942, 949, 950, 951, 953, 954, 961, 972, 976, 977, 980, 987, 992,
    997, 999, 1000, 1010, 1013, 1015, 1018, 1027, 1029, 1030, 1033, 1035,
    1039, 1046, 1049, 1054, 1057, 1058, 1061, 1062, 1065, 1066, 1067, 1075,
    1079, 1083, 1085, 1088, 1089, 1093, 1095, 1096, 1104, 1105, 1108, 1110,
    1112, 1114, 1117, 1118, 1121, 1131, 1132, 1137, 1138, 1142, 1148, 1150,
    1153, 1163, 1164, 1167, 1170, 1171, 1177, 1182, 1185, 1191, 1194, 1196,
    1201, 1202, 1205, 1209, 1211, 1212, 1217, 1223, 1231, 1235, 1238, 1244,
    1245, 1248, 1250, 1254, 1261, 1264, 1272, 1273, 1274, 1284, 1286, 1287,
    1296, 1304, 1305, 1307, 1309, 1314, 1327, 1329, 1332, 1337, 1340, 1341,
    1344, 1350, 1357, 1359, 1361, 1366, 1368, 1372, 1373, 1380, 1383, 1390,
    1392, 1399, 1402, 1403, 1405, 1419, 1420, 1421, 1423, 1427, 1432, 1435,
    1454, 1459, 1462, 1466, 1469, 1471, 1473, 1474, 1478, 1483, 1486, 1498,
    1504, 1506, 1509, 1524, 1529, 1531, 1532, 1535, 1537, 1540, 1541, 1543,
    1545, 1546, 1551, 1552, 1558, 1562, 1570, 1572, 1578, 1587, 1590, 1601,
    1603, 1604, 1610, 1617, 1618, 1629, 1630, 1640, 1647, 1656, 1658, 1662,
    1663, 1664, 1667, 1670, 1671, 1674, 1677, 1693, 1698, 1703, 1704, 1708,
    1718, 1720, 1722, 1731, 1733, 1734, 1742, 1743, 1744, 1748, 1751, 1753,
    1761, 1765, 1766, 1772, 1776, 1779, 1786, 1794, 1795, 1797, 1798, 1803,
    1807, 1809, 1812, 1821, 1822, 1824, 1825, 1830, 1832, 1833, 1836, 1840,
    1841, 1845, 1848, 1854, 1855, 1858, 1861, 1865, 1870, 1871, 1876, 1879,
    1885, 1892, 1897, 1916, 1936, 1939, 1941, 1942, 1945, 1961, 1962, 1963,
    1966, 1978, 1981, 1982, 1985, 2002, 2003, 2009, 2010, 2019, 2021, 2022,
    2027, 2029, 2035, 2040, 2041, 2043, 2044, 2046, 2048, 2052, 2059, 2062,
    2064, 2065, 2066, 2072, 2075, 2077, 2079, 2081, 2082, 2089, 2091, 2092,
    2095, 2100, 2104, 2108, 2109, 2116, 2117, 2118, 2119, 2121, 2122, 2128,
    2130, 2134, 2140, 2146, 2150, 2155, 2162, 2165, 2166, 2172, 2174, 2175,
    2179, 2180, 2190, 2194, 2195, 2197, 2198, 2201, 2202, 2208, 2213, 2221,
    2223, 2225, 2233, 2239, 2249, 2251, 2252, 2255, 2258, 2263, 2264, 2270,
    2271, 2285, 2289, 2291, 2298, 2310, 2313, 2315, 2317, 2319, 2320, 2323,
    2325, 2326, 2329, 2335, 2338, 2340, 2341, 2347, 2349, 2351, 2354, 2355,
    2357, 2363, 2364, 2371, 2381, 2390, 2394, 2399, 2400, 2412, 2413, 2419,
    2420, 2427, 2433, 2434, 2436, 2437, 2439, 2445, 2448, 2452, 2455, 2458,
    2463, 2464, 2476, 2477, 2480, 2481, 2495, 2498, 2500, 2501, 2506, 2515,
    2522, 2523, 2526, 2528, 2531, 2532, 2544, 2546, 2551, 2557, 2562, 2570,
    2571, 2573, 2574, 2577, 2578, 2586, 2587, 2597, 2600, 2606, 2608, 2614,
    2624, 2629, 2630, 2634, 2645, 2648, 2657, 2658, 2660, 2661, 2664, 2669,
    2671, 2678, 2680, 2681, 2682, 2684, 2685, 2689, 2693, 2705, 2709, 2710,
    2711, 2712, 2715, 2718, 2726, 2729, 2732, 2736, 2739, 2746, 2748, 2749,
    2764, 2766, 2767, 2775, 2777, 2784, 2785, 2789, 2790, 2793, 2796, 2798,
    2808, 2815, 2817, 2818
[2] 2, 33, 34, 48, 59, 65, 66, 72, 98, 100, 108, 115, 120, 129, 157, 158, 173,
    185, 188, 189, 209, 216, 219, 224, 227, 230, 239, 245, 246, 254, 257, 258,
    267, 270, 290, 302, 305, 308, 309, 325, 331, 340, 346, 352, 356, 364, 367,
    369, 370, 375, 376, 377, 393, 396, 404, 405, 410, 411, 419, 424, 425, 428,
    434, 439, 444, 445, 449, 452, 458, 459, 460, 463, 475, 480, 482, 484, 485,
    489, 501, 505, 513, 514, 522, 523, 525, 539, 560, 563, 571, 572, 584, 598,
    609, 610, 612, 613, 615, 619, 623, 632, 633, 636, 641, 649, 660, 673, 676,
    680, 700, 701, 704, 705, 707, 709, 713, 718, 719, 732, 736, 745, 746, 752,
    753, 755, 763, 767, 774, 775, 778, 788, 795, 809, 810, 811, 813, 816, 817,
    819, 822, 823, 824, 825, 827, 836, 841, 850, 853, 857, 862, 863, 893, 894,
    927, 928, 934, 939, 944, 958, 963, 964, 970, 975, 982, 983, 990, 993, 994,
    1002, 1003, 1006, 1007, 1021, 1022, 1024, 1025, 1042, 1043, 1052, 1070,
    1071, 1099, 1101, 1113, 1124, 1126, 1129, 1145, 1157, 1160, 1161, 1175,
    1188, 1189, 1199, 1214, 1219, 1220, 1226, 1258, 1267, 1269, 1278, 1281,
    1289, 1293, 1299, 1302, 1312, 1317, 1319, 1322, 1325, 1334, 1335, 1346,
    1353, 1369, 1370, 1376, 1385, 1386, 1389, 1395, 1396, 1407, 1408, 1412,
    1415, 1416, 1425, 1429, 1437, 1438, 1442, 1446, 1449, 1450, 1457, 1464,
    1481, 1495, 1515, 1519, 1526, 1527, 1542, 1549, 1554, 1564, 1565, 1567,
    1575, 1580, 1581, 1583, 1592, 1593, 1595, 1596, 1605, 1606, 1612, 1615,
    1621, 1625, 1627, 1634, 1643, 1650, 1653, 1680, 1683, 1686, 1687, 1695,
    1701, 1705, 1706, 1711, 1713, 1714, 1716, 1724, 1727, 1737, 1738, 1756,
    1759, 1763, 1768, 1769, 1784, 1790, 1793, 1814, 1815, 1818, 1827, 1839,
    1850, 1851, 1857, 1868, 1874, 1881, 1889, 1894, 1901, 1903, 1904, 1906,
    1907, 1911, 1914, 1919, 1923, 1926, 1929, 1931, 1932, 1934, 1951, 1952,
    1955, 1968, 1969, 1970, 1971, 1973, 1974, 1988, 1994, 1997, 1998, 1999,
    2007, 2012, 2016, 2024, 2032, 2033, 2038, 2056, 2057, 2069, 2085, 2086,
    2106, 2107, 2111, 2113, 2124, 2125, 2132, 2143, 2153, 2159, 2169, 2181,
    2182, 2185, 2187, 2192, 2215, 2216, 2217, 2218, 2228, 2235, 2236, 2242,
    2244, 2246, 2257, 2261, 2267, 2269, 2274, 2277, 2278, 2282, 2293, 2294,
    2295, 2296, 2300, 2301, 2303, 2306, 2328, 2331, 2332, 2333, 2334, 2343,
    2344, 2359, 2360, 2362, 2365, 2366, 2369, 2375, 2383, 2387, 2392, 2397,
    2405, 2406, 2409, 2414, 2415, 2417, 2423, 2425, 2429, 2431, 2460, 2467,
    2468, 2470, 2473, 2487, 2489, 2490, 2491, 2492, 2508, 2509, 2510, 2513,
    2519, 2535, 2538, 2548, 2553, 2554, 2556, 2564, 2566, 2567, 2581, 2583,
    2589, 2593, 2601, 2602, 2603, 2604, 2611, 2615, 2616, 2620, 2627, 2636,
    2637, 2639, 2642, 2652, 2655, 2663, 2666, 2667, 2674, 2675, 2695, 2696,
    2698, 2700, 2701, 2703, 2704, 2707, 2721, 2722, 2741, 2742, 2755, 2758,
    2760, 2761, 2770, 2771, 2780, 2782, 2800, 2805, 2807, 2810, 2811, 2812
[3] 9, 12, 13, 16, 26, 29, 38, 41, 46, 47, 49, 50, 53, 74, 75, 94, 97, 117,
    130, 146, 153, 191, 202, 208, 210, 214, 235, 260, 262, 265, 274, 279, 281,
    289, 291, 298, 301, 303, 311, 330, 332, 342, 345, 347, 350, 351, 354, 357,
    363, 374, 378, 387, 401, 403, 414, 416, 420, 426, 430, 433, 435, 440, 441,
    453, 456, 457, 461, 462, 471, 476, 483, 487, 491, 495, 498, 504, 506, 509,
    518, 521, 537, 548, 549, 551, 559, 562, 566, 580, 582, 583, 587, 605, 608,
    616, 622, 628, 631, 635, 640, 645, 648, 656, 662, 669, 696, 699, 708, 710,
    717, 720, 724, 725, 728, 731, 734, 735, 738, 741, 744, 748, 751, 769, 779,
    789, 794, 797, 812, 826, 829, 838, 844, 856, 861, 864, 866, 884, 890, 900,
    903, 923, 929, 940, 948, 952, 962, 965, 967, 969, 971, 981, 991, 995, 996,
    998, 1001, 1005, 1009, 1031, 1034, 1037, 1038, 1053, 1060, 1069, 1100,
    1103, 1109, 1111, 1127, 1136, 1146, 1147, 1152, 1159, 1165, 1176, 1180,
    1181, 1183, 1187, 1192, 1195, 1197, 1203, 1204, 1207, 1208, 1216, 1229,
    1233, 1243, 1262, 1268, 1270, 1271, 1277, 1283, 1288, 1291, 1292, 1310,
    1336, 1339, 1343, 1351, 1355, 1358, 1360, 1367, 1391, 1394, 1406, 1410,
    1426, 1430, 1441, 1443, 1448, 1458, 1467, 1472, 1476, 1493, 1508, 1514,
    1536, 1539, 1556, 1559, 1561, 1563, 1568, 1569, 1571, 1585, 1599, 1600,
    1616, 1620, 1623, 1626, 1632, 1633, 1638, 1642, 1651, 1652, 1654, 1660,
    1673, 1675, 1692, 1694, 1696, 1697, 1702, 1707, 1710, 1715, 1717, 1719,
    1725, 1726, 1746, 1754, 1758, 1762, 1764, 1774, 1775, 1783, 1788, 1792,
    1796, 1799, 1802, 1805, 1811, 1816, 1823, 1831, 1835, 1843, 1844, 1846,
    1849, 1860, 1872, 1875, 1884, 1890, 1899, 1909, 1912, 1917, 1921, 1922,
    1924, 1927, 1935, 1937, 1940, 1954, 1960, 1967, 1972, 1990, 1996, 2005,
    2011, 2017, 2018, 2031, 2034, 2042, 2053, 2055, 2071, 2073, 2093, 2105,
    2127, 2142, 2148, 2154, 2164, 2167, 2178, 2191, 2193, 2212, 2219, 2224,
    2226, 2234, 2243, 2247, 2248, 2253, 2268, 2272, 2273, 2283, 2284, 2288,
    2292, 2297, 2308, 2311, 2312, 2314, 2316, 2318, 2324, 2327, 2330, 2346,
    2353, 2356, 2367, 2370, 2373, 2382, 2396, 2398, 2411, 2422, 2430, 2432,
    2438, 2441, 2444, 2447, 2450, 2451, 2454, 2456, 2459, 2462, 2479, 2483,
    2496, 2503, 2505, 2511, 2514, 2517, 2525, 2527, 2530, 2537, 2549, 2555,
    2565, 2569, 2576, 2580, 2588, 2598, 2599, 2607, 2618, 2619, 2626, 2643,
    2644, 2659, 2673, 2679, 2702, 2706, 2713, 2714, 2717, 2720, 2727, 2734,
    2738, 2744, 2750, 2753, 2757, 2759, 2769, 2772, 2778, 2779, 2783, 2788,
    2799, 2806, 2813, 2814
[4] 0, 6, 15, 18, 52, 56, 73, 82, 93, 116, 127, 132, 140, 145, 152, 159, 163,
    167, 179, 183, 186, 190, 194, 198, 201, 213, 234, 238, 244, 247, 252, 255,
    259, 273, 278, 284, 306, 310, 316, 319, 322, 326, 336, 341, 353, 360, 365,
    368, 373, 386, 408, 423, 429, 443, 446, 470, 478, 486, 490, 497, 500, 503,
    508, 515, 528, 532, 536, 540, 547, 556, 561, 569, 592, 604, 627, 630, 634,
    652, 661, 674, 677, 683, 692, 695, 698, 702, 727, 733, 737, 740, 743, 747,
    758, 761, 764, 768, 772, 782, 786, 796, 802, 805, 814, 820, 828, 831, 837,
    846, 851, 874, 895, 899, 906, 909, 912, 921, 925, 931, 935, 945, 955, 959,
    973, 978, 984, 1004, 1008, 1011, 1019, 1023, 1036, 1040, 1044, 1055, 1059,
    1063, 1068, 1072, 1076, 1080, 1086, 1090, 1094, 1097, 1102, 1115, 1122,
    1133, 1139, 1143, 1158, 1168, 1172, 1186, 1206, 1215, 1221, 1224, 1232,
    1239, 1242, 1246, 1251, 1255, 1259, 1275, 1290, 1303, 1320, 1323, 1330,
    1338, 1342, 1347, 1354, 1374, 1377, 1387, 1393, 1400, 1409, 1413, 1417,
    1436, 1439, 1447, 1451, 1460, 1475, 1489, 1492, 1499, 1507, 1510, 1513,
    1516, 1522, 1525, 1533, 1538, 1555, 1573, 1584, 1607, 1619, 1622, 1628,
    1631, 1637, 1644, 1659, 1665, 1672, 1681, 1684, 1690, 1699, 1709, 1712,
    1728, 1735, 1739, 1745, 1749, 1757, 1767, 1773, 1777, 1782, 1787, 1791,
    1804, 1819, 1834, 1837, 1842, 1852, 1859, 1862, 1866, 1882, 1886, 1895,
    1898, 1902, 1905, 1908, 1920, 1930, 1946, 1949, 1953, 1956, 1959, 1975,
    1979, 1989, 1992, 1995, 2000, 2004, 2013, 2025, 2030, 2049, 2070, 2083,
    2087, 2114, 2126, 2135, 2138, 2141, 2144, 2147, 2151, 2156, 2163, 2170,
    2173, 2199, 2203, 2211, 2214, 2265, 2275, 2279, 2286, 2307, 2321, 2342,
    2345, 2352, 2358, 2372, 2376, 2384, 2395, 2403, 2407, 2410, 2440, 2443,
    2446, 2449, 2453, 2461, 2465, 2471, 2474, 2478, 2482, 2499, 2502, 2516,
    2520, 2529, 2533, 2536, 2539, 2560, 2568, 2575, 2584, 2590, 2594, 2617,
    2621, 2625, 2628, 2631, 2640, 2649, 2653, 2665, 2672, 2676, 2683, 2686,
    2690, 2694, 2719, 2723, 2733, 2737, 2743, 2747, 2752, 2756, 2762, 2768,
    2791, 2794, 2803
[5] 150, 382, 554, 578, 670, 749, 1017, 1230, 1382, 1657, 1891, 1965, 2061,
    2189, 2688

Reassigned labels

Runtime: 5.769442796707153

Performance split_log:

IM without threshold:
Map:
{"D_0": "D", "D_1": "D", "D_2": "D", "D_3": "D", "D_4": "D", "D_5": "D"}
token_fitness
{"perc_fit_traces": 0.0, "average_trace_fitness": 0.9116474320621527, "log_fitness": 0.9129572380784174, "percentage_of_fitting_traces": 0.0}
precision
0.7510617445279321
0.6434108527131784
generalization
0.5893213269453716

Adjusted Rand Index:
0.18597609289094227



Parameters of this run:

Window size: 3
Threshold for edges: 1
Split candidates: D
Max number of traces: 5000000
Method for distance calculation: Distance.SET_DISTANCE
Method for finding clusters: ClusteringMethod.COMMUNITY_DETECTION
Original log location: ./data/noImprInLoop_default_OD\feb17-0936\logs\H_1_LogD_Sequence_feb17-0936.xes.gz
Use frequency: True

Found communities: 

Clustering with 2819 elements and 334 clusters
[  0] 10, 11, 14, 22, 28, 36, 39, 43, 51, 61, 78, 80, 86, 95, 102, 118, 119,
      123, 134, 137, 142, 144, 151, 161, 175, 192, 193, 200, 204, 206, 221,
      236, 237, 249, 251, 263, 264, 275, 283, 292, 300, 313, 315, 333, 335,
      338, 344, 348, 349, 359, 379, 380, 383, 413, 431, 432, 442, 455, 472,
      473, 492, 494, 507, 510, 511, 517, 519, 520, 527, 542, 552, 567, 568,
      577, 590, 594, 600, 606, 607, 657, 658, 687, 691, 726, 757, 760, 784,
      798, 799, 804, 830, 833, 845, 848, 865, 876, 885, 886, 888, 897, 902,
      904, 905, 911, 914, 917, 920, 924, 942, 951, 953, 954, 972, 999, 1000,
      1010, 1013, 1018, 1029, 1039, 1046, 1057, 1061, 1062, 1065, 1088, 1096,
      1104, 1105, 1110, 1117, 1131, 1137, 1138, 1153, 1163, 1170, 1177, 1185,
      1194, 1201, 1209, 1211, 1217, 1244, 1245, 1250, 1261, 1264, 1274, 1284,
      1286, 1309, 1314, 1329, 1340, 1368, 1372, 1383, 1402, 1421, 1423, 1462,
      1473, 1474, 1483, 1509, 1524, 1531, 1540, 1541, 1545, 1551, 1558, 1562,
      1572, 1601, 1603, 1617, 1618, 1658, 1671, 1693, 1703, 1733, 1744, 1748,
      1753, 1761, 1765, 1795, 1797, 1798, 1803, 1807, 1812, 1821, 1824, 1832,
      1833, 1848, 1854, 1870, 1885, 1941, 1942, 1966, 1981, 2002, 2009, 2019,
      2021, 2027, 2029, 2040, 2043, 2048, 2062, 2072, 2075, 2077, 2081, 2089,
      2091, 2095, 2116, 2121, 2130, 2140, 2165, 2166, 2172, 2179, 2180, 2190,
      2194, 2195, 2197, 2201, 2249, 2251, 2255, 2263, 2271, 2289, 2291, 2298,
      2315, 2317, 2319, 2323, 2325, 2326, 2340, 2347, 2354, 2355, 2399, 2400,
      2412, 2413, 2419, 2427, 2433, 2434, 2436, 2439, 2452, 2463, 2464, 2476,
      2480, 2481, 2501, 2515, 2522, 2526, 2531, 2546, 2570, 2571, 2573, 2577,
      2578, 2586, 2606, 2630, 2657, 2660, 2671, 2678, 2680, 2689, 2709, 2718,
      2764, 2766, 2784, 2789, 2790, 2796, 2815, 2817
[  1] 6, 56, 93, 132, 140, 152, 159, 167, 190, 201, 213, 234, 244, 247, 259,
      284, 306, 316, 322, 326, 336, 478, 486, 497, 500, 508, 569, 634, 661,
      677, 695, 702, 733, 737, 743, 747, 758, 764, 768, 772, 782, 786, 802,
      805, 814, 828, 831, 846, 895, 906, 931, 959, 984, 1040, 1044, 1068,
      1086, 1097, 1139, 1158, 1168, 1172, 1239, 1255, 1303, 1320, 1330, 1342,
      1393, 1400, 1413, 1439, 1451, 1460, 1475, 1525, 1637, 1659, 1672, 1681,
      1735, 1739, 1745, 1749, 1777, 1782, 1787, 1886, 1920, 1930, 1946, 1949,
      1953, 1959, 1975, 1979, 1989, 1995, 2000, 2004, 2013, 2030, 2087, 2135,
      2141, 2163, 2170, 2203, 2211, 2214, 2265, 2279, 2321, 2352, 2358, 2372,
      2376, 2395, 2407, 2410, 2440, 2443, 2446, 2478, 2482, 2536, 2539, 2575,
      2590, 2594, 2631, 2649, 2665, 2686, 2694, 2719, 2733, 2747, 2803
[  2] 23, 40, 55, 76, 96, 105, 113, 124, 207, 212, 233, 243, 293, 391, 437,
      469, 531, 535, 550, 553, 575, 603, 624, 639, 644, 647, 664, 671, 750,
      771, 781, 842, 860, 880, 987, 997, 1033, 1079, 1083, 1108, 1142, 1148,
      1167, 1182, 1205, 1212, 1231, 1235, 1341, 1350, 1357, 1366, 1373, 1380,
      1390, 1399, 1432, 1454, 1478, 1486, 1498, 1552, 1570, 1578, 1587, 1610,
      1640, 1656, 1662, 1698, 1704, 1734, 1766, 1772, 1825, 1830, 1845, 1855,
      1858, 1879, 1892, 1939, 1945, 1978, 1982, 1985, 2010, 2022, 2044, 2052,
      2100, 2117, 2150, 2162, 2198, 2208, 2221, 2258, 2285, 2320, 2329, 2338,
      2420, 2458, 2477, 2495, 2498, 2532, 2551, 2557, 2600, 2645, 2648, 2661,
      2664, 2715, 2736, 2746, 2785, 2808
[  3] 100, 158, 246, 258, 352, 405, 428, 485, 513, 571, 584, 612, 623, 633,
      649, 660, 701, 705, 707, 719, 736, 746, 753, 755, 795, 811, 841, 850,
      863, 893, 982, 983, 994, 1002, 1003, 1006, 1007, 1042, 1071, 1161, 1199,
      1269, 1293, 1322, 1353, 1370, 1386, 1389, 1396, 1408, 1412, 1442, 1449,
      1450, 1464, 1565, 1643, 1653, 1687, 1706, 1714, 1727, 1756, 1814, 1857,
      1901, 1904, 1911, 1926, 1929, 1934, 1952, 1968, 1969, 2032, 2033, 2056,
      2057, 2107, 2124, 2143, 2182, 2218, 2236, 2257, 2274, 2294, 2300, 2328,
      2331, 2344, 2366, 2369, 2392, 2415, 2423, 2467, 2556, 2566, 2567, 2581,
      2589, 2602, 2616, 2655, 2663, 2667, 2674, 2675, 2700, 2722, 2761, 2770,
      2771, 2782, 2800, 2807
[  4] 8, 25, 67, 92, 121, 126, 139, 154, 169, 178, 240, 272, 280, 286, 288,
      297, 318, 402, 477, 502, 544, 546, 555, 579, 588, 651, 668, 682, 685,
      694, 721, 723, 729, 739, 801, 807, 873, 908, 930, 937, 977, 992, 1027,
      1054, 1085, 1114, 1191, 1196, 1248, 1307, 1327, 1359, 1392, 1405, 1419,
      1459, 1471, 1506, 1543, 1664, 1667, 1708, 1722, 1751, 1836, 1897, 1961,
      2064, 2066, 2079, 2109, 2134, 2146, 2175, 2223, 2335, 2351, 2357, 2364,
      2394, 2455, 2562, 2705, 2712, 2777, 2793, 2798
[  5] 17, 83, 91, 101, 131, 136, 143, 168, 170, 177, 250, 261, 314, 361, 388,
      397, 399, 406, 412, 415, 417, 493, 496, 499, 516, 541, 581, 585, 617,
      681, 697, 742, 839, 847, 867, 891, 907, 910, 950, 976, 1035, 1066, 1095,
      1112, 1273, 1304, 1337, 1344, 1361, 1420, 1427, 1537, 1629, 1663, 1670,
      1674, 1718, 1720, 1743, 1794, 1840, 1861, 1876, 1936, 1962, 2035, 2065,
      2108, 2118, 2128, 2155, 2174, 2213, 2270, 2363, 2371, 2448, 2500, 2506,
      2528, 2608, 2629, 2681, 2684, 2711, 2739, 2748
[  6] 5, 37, 62, 70, 81, 87, 90, 135, 162, 166, 176, 197, 222, 329, 466, 591,
      595, 655, 716, 785, 793, 834, 877, 889, 898, 915, 918, 1030, 1058, 1075,
      1089, 1093, 1118, 1121, 1132, 1164, 1171, 1202, 1254, 1287, 1296, 1403,
      1435, 1504, 1532, 1546, 1590, 1604, 1647, 1742, 1822, 1871, 2003, 2041,
      2082, 2092, 2122, 2202, 2233, 2239, 2252, 2264, 2341, 2381, 2390, 2437,
      2523, 2544, 2574, 2587, 2597, 2614, 2624, 2658, 2693, 2710, 2726, 2732,
      2767, 2818
[  7] 183, 255, 365, 373, 408, 423, 490, 503, 547, 556, 604, 630, 674, 683,
      692, 698, 796, 851, 874, 909, 945, 973, 978, 1008, 1011, 1055, 1063,
      1080, 1090, 1102, 1115, 1122, 1215, 1221, 1232, 1354, 1377, 1387, 1409,
      1417, 1492, 1522, 1584, 1607, 1628, 1665, 1709, 1757, 1819, 1837, 1842,
      1852, 1859, 1862, 1882, 2049, 2126, 2138, 2173, 2199, 2275, 2345, 2403,
      2449, 2453, 2461, 2499, 2533, 2560, 2625, 2640, 2672, 2676, 2690, 2737,
      2752, 2756, 2791
[  8] 33, 188, 308, 309, 356, 367, 410, 419, 452, 460, 475, 523, 610, 673,
      774, 778, 816, 819, 822, 927, 928, 964, 1021, 1025, 1145, 1189, 1219,
      1226, 1258, 1267, 1281, 1312, 1325, 1334, 1335, 1346, 1415, 1446, 1481,
      1554, 1567, 1580, 1581, 1592, 1595, 1615, 1737, 1738, 1851, 1919, 1974,
      1988, 2016, 2085, 2113, 2169, 2185, 2228, 2242, 2277, 2282, 2296, 2360,
      2405, 2409, 2425, 2489, 2492, 2553, 2593, 2604, 2636, 2637, 2652, 2741,
      2742, 2805
[  9] 15, 18, 127, 145, 163, 179, 186, 198, 238, 273, 278, 310, 353, 368, 386,
      429, 443, 446, 528, 536, 540, 652, 727, 837, 1023, 1036, 1072, 1143,
      1206, 1224, 1242, 1246, 1251, 1275, 1290, 1436, 1489, 1499, 1510, 1533,
      1538, 1555, 1622, 1690, 1699, 1767, 1804, 1834, 1905, 1908, 1956, 2070,
      2144, 2147, 2151, 2471, 2516, 2529, 2584, 2617, 2683, 2723, 2743, 2794
[ 10] 120, 157, 239, 245, 302, 369, 424, 444, 482, 501, 505, 560, 563, 636,
      709, 763, 813, 993, 1099, 1113, 1157, 1289, 1369, 1437, 1526, 1542,
      1705, 1713, 1763, 1793, 1903, 1906, 1955, 1997, 1998, 2192, 2215, 2269,
      2332, 2334, 2343, 2383, 2414, 2431, 2509, 2583, 2615, 2810, 2811
[ 11] 64, 107, 215, 226, 229, 266, 304, 395, 488, 530, 574, 766, 770, 859,
      933, 957, 986, 1032, 1141, 1166, 1298, 1301, 1356, 1456, 1485, 1494,
      1518, 1586, 1624, 1639, 1655, 1817, 1829, 1878, 1913, 2051, 2068, 2099,
      2149, 2207, 2260, 2374, 2386, 2497, 2512, 2518, 2745, 2754
[ 12] 209, 346, 364, 404, 434, 459, 484, 522, 609, 632, 641, 700, 745, 752,
      810, 857, 862, 963, 1101, 1188, 1395, 1407, 1564, 1627, 1634, 1695,
      1711, 1850, 1973, 2012, 2106, 2181, 2235, 2293, 2295, 2397, 2460, 2491,
      2603, 2627, 2666, 2703, 2707, 2760
[ 13] 72, 185, 340, 370, 377, 393, 425, 439, 445, 480, 713, 788, 825, 853,
      939, 1319, 1376, 1438, 1527, 1575, 1606, 1701, 1769, 1868, 1894, 1907,
      1932, 1971, 1994, 1999, 2216, 2267, 2303, 2333, 2362, 2429, 2470, 2473,
      2510, 2535, 2564, 2696, 2812
[ 14] 20, 269, 324, 427, 448, 565, 597, 777, 989, 1051, 1135, 1155, 1198,
      1316, 1352, 1411, 1444, 1480, 1614, 1679, 1755, 1888, 1900, 1910, 1925,
      1928, 1987, 1991, 2037, 2102, 2137, 2158, 2168, 2184, 2281, 2305, 2368,
      2378, 2402, 2484, 2559, 2651
[ 15] 52, 73, 194, 252, 319, 515, 532, 561, 592, 627, 761, 820, 899, 912, 935,
      955, 1004, 1059, 1133, 1186, 1323, 1374, 1507, 1513, 1619, 1684, 1728,
      1791, 1866, 1992, 2025, 2083, 2114, 2156, 2286, 2502, 2621, 2628, 2762,
      2768
[ 16] 34, 189, 270, 325, 411, 449, 514, 572, 598, 613, 775, 817, 823, 894,
      990, 1022, 1043, 1052, 1220, 1317, 1416, 1593, 1596, 1680, 1815, 1889,
      2038, 2086, 2125, 2159, 2278, 2301, 2306, 2406, 2468, 2490, 2554, 2701
[ 17] 77, 79, 122, 160, 205, 220, 334, 589, 593, 686, 783, 832, 887, 913,
      1045, 1056, 1162, 1210, 1308, 1401, 1523, 1732, 1869, 2008, 2028, 2047,
      2090, 2120, 2139, 2171, 2200, 2290, 2475, 2545, 2585, 2765
[ 18] 32, 187, 409, 512, 706, 754, 815, 818, 821, 840, 892, 1020, 1041, 1144,
      1388, 1445, 1553, 1594, 1813, 1856, 1933, 2084, 2123, 2256, 2276, 2299,
      2391, 2404, 2424, 2466, 2488, 2552, 2654, 2662, 2781
[ 19] 0, 82, 116, 341, 360, 470, 740, 921, 925, 1019, 1076, 1094, 1259, 1338,
      1347, 1447, 1516, 1573, 1631, 1644, 1712, 1773, 1895, 1898, 1902, 2307,
      2342, 2384, 2465, 2474, 2520, 2568, 2653
[ 20] 48, 173, 216, 224, 267, 305, 375, 458, 463, 489, 539, 732, 975, 1129,
      1278, 1495, 1515, 1612, 1625, 1790, 1818, 1874, 1914, 1923, 2007, 2375,
      2508, 2513, 2519, 2620, 2639, 2755, 2780
[ 21] 84, 171, 362, 398, 400, 407, 586, 666, 871, 980, 1067, 1150, 1223, 1305,
      1332, 1466, 1535, 1630, 1786, 1809, 1841, 1916, 1963, 2046, 2059, 2104,
      2119, 2349, 2669, 2682, 2685, 2749, 2775
[ 22] 104, 112, 211, 390, 534, 638, 643, 646, 663, 879, 1078, 1082, 1379,
      1431, 1453, 1477, 1577, 1771, 1944, 1984, 2161, 2220, 2337, 2457, 2494,
      2550, 2735
[ 23] 42, 89, 282, 299, 312, 328, 358, 454, 629, 654, 901, 1120, 1263, 1434,
      1501, 1521, 1741, 1806, 2074, 2232, 2254, 2380, 2389, 2543, 2725, 2773
[ 24] 59, 65, 108, 219, 227, 230, 396, 680, 767, 934, 958, 1175, 1299, 1302,
      1457, 1519, 1549, 1650, 2069, 2261, 2387, 2487, 2611
[ 25] 376, 525, 824, 836, 944, 1024, 1214, 1425, 1583, 1605, 1621, 1759, 1768,
      1881, 1931, 1970, 2024, 2187, 2244, 2359, 2548, 2695
[ 26] 1, 138, 172, 223, 808, 872, 974, 1123, 1611, 1666, 1721, 1838, 2063,
      2110, 2152, 2245, 2507, 2638, 2641, 2697, 2776
[ 27] 2, 115, 254, 615, 619, 676, 809, 1124, 1126, 1429, 1683, 1724, 1827,
      1839, 2111, 2132, 2153, 2246, 2417, 2642, 2698
[ 28] 26, 29, 46, 49, 53, 74, 456, 662, 724, 789, 1127, 1192, 1262, 1467,
      2308, 2456, 2727
[ 29] 31, 148, 182, 422, 883, 1049, 1238, 1272, 1469, 1677, 1731, 1776, 1865,
      2310, 2313, 2634, 2729
[ 30] 88, 133, 327, 714, 875, 1064, 1116, 1130, 1249, 1433, 1820, 2080, 2231,
      2542, 2622, 2677
[ 31] 35, 164, 174, 337, 371, 464, 1500, 1520, 1752, 2001, 2076, 2322, 2379,
      2572
[ 32] 19, 447, 611, 659, 773, 1050, 1315, 1887, 2304, 2401, 2558, 2699
[ 33] 85, 1550, 1853, 1980, 2020, 2115, 2129, 2521, 2605, 2656, 2670, 2816
[ 34] 103, 231, 389, 467, 533, 878, 1077, 1378, 1576, 1608, 1976, 2493
[ 35] 214, 265, 303, 487, 744, 1187, 1406, 1559, 1620, 1762, 1899, 1996
[ 36] 63, 858, 985, 1140, 1455, 1484, 1828, 1877, 2050, 2067, 2098
[ 37] 117, 471, 656, 696, 741, 903, 1136, 1336, 1875, 2398, 2569
[ 38] 357, 440, 900, 1430, 1774, 1843, 1872, 2073, 2226, 2311, 2772
[ 39] 689, 966, 1512, 1560, 1598, 1689, 2097, 2177, 2442, 2504, 2787
[ 40] 4, 203, 295, 792, 1074, 1636, 2210, 2230, 2692, 2731
[ 41] 24, 125, 271, 665, 693, 1470, 1534, 2045, 2393, 2792
[ 42] 71, 317, 712, 852, 1375, 2133, 2266, 2428, 2469, 2563
[ 43] 98, 129, 290, 331, 827, 970, 1716, 1784, 2538, 2758
[ 44] 99, 392, 438, 672, 849, 1321, 1345, 1463, 1700, 2112
[ 45] 147, 181, 218, 882, 1649, 1676, 1730, 1864, 2309, 2728
[ 46] 225, 564, 776, 1134, 1173, 1490, 1511, 1648, 2101, 2183
[ 47] 347, 518, 566, 952, 1060, 1508, 1539, 2432, 2527, 2788
[ 48] 165, 343, 372, 465, 1184, 1193, 1295, 1646, 2238, 2613
[ 49] 41, 435, 940, 967, 995, 1599, 1746, 1846, 2450, 2813
[ 50] 54, 232, 436, 468, 602, 1107, 1398, 1497, 1609, 1977
[ 51] 667, 722, 1026, 1084, 1247, 1306, 1750, 2145, 2222, 2561
[ 52] 45, 711, 869, 949, 961, 1015, 1529, 1779, 2225, 2445
[ 53] 21, 896, 1087, 1328, 1371, 1530, 1602, 2088, 2339, 2763
[ 54] 30, 58, 421, 538, 1048, 1128, 1174, 1237, 2006
[ 55] 68, 195, 384, 1200, 1260, 1645, 2039, 2237, 2612
[ 56] 257, 704, 718, 1070, 1160, 1385, 1686, 1951, 2721
[ 57] 504, 608, 1758, 1816, 1912, 2268, 2373, 2511, 2753
[ 58] 968, 1092, 1253, 1557, 1589, 1747, 1847, 2094, 2596
[ 59] 27, 69, 196, 385, 715, 941, 1503, 2623
[ 60] 109, 155, 320, 545, 620, 1190, 1778, 1896
[ 61] 180, 1236, 1348, 1364, 1452, 1729, 1983, 2160
[ 62] 199, 599, 756, 803, 919, 1222, 1313, 1785
[ 63] 354, 453, 1556, 1660, 1917, 2053, 2093, 2618
[ 64] 387, 430, 509, 829, 884, 1034, 1673, 2193
[ 65] 653, 1119, 1422, 1544, 2026, 2388, 2426, 2724
[ 66] 9, 498, 605, 1717, 2178, 2462, 2479
[ 67] 146, 1183, 1476, 1675, 1805, 2005, 2598
[ 68] 156, 277, 321, 621, 626, 1241, 1488
[ 69] 184, 479, 1318, 1867, 1893, 1993, 2361
[ 70] 262, 797, 998, 1103, 1426, 1571, 2353
[ 71] 281, 1203, 1233, 1310, 2219, 2549, 2643
[ 72] 381, 1282, 1810, 1964, 2060, 2287, 2687
[ 73] 548, 1165, 1197, 1355, 1568, 1924, 2503
[ 74] 731, 1181, 1277, 1569, 1697, 2714, 2779
[ 75] 451, 1311, 1918, 1948, 2054, 2227, 2241
[ 76] 3, 791, 1073, 2229, 2250, 2691
[ 77] 57, 1279, 1479, 1957, 2204, 2280
[ 78] 106, 932, 1256, 1265, 1547, 1613
[ 79] 111, 637, 642, 1081, 1770, 1863
[ 80] 287, 675, 684, 1597, 1688, 2131
[ 81] 311, 342, 537, 628, 1937, 2750
[ 82] 526, 759, 1012, 1028, 1760, 2435
[ 83] 557, 1154, 1227, 1300, 1517, 2240
[ 84] 217, 678, 1668, 1947, 1986, 2259
[ 85] 734, 1180, 1291, 1754, 2148, 2367
[ 86] 779, 1037, 1207, 1921, 2253, 2283
[ 87] 843, 922, 1691, 1801, 2188, 2716
[ 88] 1208, 1600, 1884, 2451, 2525, 2814
[ 89] 44, 618, 1428, 1528, 2416
[ 90] 66, 2217, 2365, 2601, 2704
[ 91] 130, 1616, 1796, 1831, 1940
[ 92] 242, 780, 1349, 1365, 1938
[ 93] 260, 1719, 2447, 2505, 2607
[ 94] 268, 570, 1591, 1678, 2157
[ 95] 323, 596, 1218, 2036, 2377
[ 96] 558, 1228, 1491, 1669, 1800
[ 97] 614, 943, 1582, 1682, 2023
[ 98] 301, 708, 1694, 2292, 2626
[ 99] 916, 1169, 1285, 2196, 2418
[100] 1001, 1288, 1967, 2565, 2673
[101] 1252, 1588, 1740, 2262, 2595
[102] 12, 645, 1788, 2734
[103] 50, 441, 725, 1152
[104] 60, 576, 1091, 1502
[105] 94, 1229, 1702, 1764
[106] 110, 790, 1179, 2541
[107] 228, 529, 765, 2206
[108] 210, 298, 1270, 1799
[109] 339, 787, 1574, 2302
[110] 382, 749, 1382, 1965
[111] 426, 751, 962, 2167
[112] 483, 969, 1849, 2382
[113] 7, 543, 1404, 2797
[114] 583, 1292, 1652, 2580
[115] 625, 806, 1014, 1487
[116] 699, 1351, 1493, 1990
[117] 844, 1283, 1692, 2717
[118] 864, 1009, 1339, 2679
[119] 474, 926, 1333, 2186
[120] 1017, 2061, 2189, 2688
[121] 1031, 1654, 1696, 2496
[122] 562, 1069, 1394, 1792
[123] 1343, 1360, 1707, 2459
[124] 1563, 1783, 1909, 2396
[125] 1363, 1781, 2751, 2802
[126] 38, 971, 2783
[127] 191, 2411, 2576
[128] 202, 420, 2017
[129] 289, 330, 710
[130] 332, 1176, 2297
[131] 366, 1225, 2408
[132] 374, 433, 2706
[133] 378, 1472, 1536
[134] 450, 1297, 2485
[135] 506, 669, 1561
[136] 580, 948, 2757
[137] 622, 794, 1268
[138] 631, 965, 2243
[139] 650, 1326, 2350
[140] 720, 991, 1195
[141] 728, 1715, 2212
[142] 735, 1441, 2422
[143] 738, 826, 2154
[144] 890, 1860, 1935
[145] 946, 956, 2385
[146] 988, 1414, 2136
[147] 1111, 1243, 2370
[148] 1149, 1465, 2348
[149] 551, 1216, 1890
[150] 276, 1240, 1362
[151] 1468, 1873, 2633
[152] 461, 1632, 1651
[153] 1178, 1780, 2801
[154] 2014, 2591, 2650
[155] 947, 2015, 2592
[156] 1109, 2164, 2324
[157] 938, 2472, 2534
[158] 1548, 2486, 2610
[159] 75, 2284
[160] 114, 1880
[161] 141, 690
[162] 150, 670
[163] 235, 866
[164] 285, 2078
[165] 307, 2635
[166] 351, 1642
[167] 401, 587
[168] 418, 1324
[169] 47, 462
[170] 495, 616
[171] 521, 2517
[172] 524, 1424
[173] 582, 2744
[174] 601, 1397
[175] 635, 2330
[176] 256, 703
[177] 291, 748
[178] 762, 2582
[179] 769, 1638
[180] 403, 812
[181] 16, 838
[182] 861, 1159
[183] 923, 1802
[184] 279, 929
[185] 936, 1505
[186] 868, 960
[187] 979, 2103
[188] 241, 1047
[189] 481, 1098
[190] 1106, 2632
[191] 1125, 1723
[192] 1234, 2647
[193] 355, 1257
[194] 1271, 1844
[195] 1294, 2708
[196] 870, 1331
[197] 491, 1367
[198] 1005, 1448
[199] 1461, 1482
[200] 835, 1579
[201] 1410, 1585
[202] 345, 1626
[203] 1635, 2209
[204] 578, 1657
[205] 363, 1710
[206] 1726, 2273
[207] 679, 1789
[208] 1811, 2288
[209] 1823, 2318
[210] 1883, 2524
[211] 1230, 1891
[212] 1685, 1950
[213] 1972, 2483
[214] 2031, 2055
[215] 296, 2096
[216] 2191, 2430
[217] 1146, 2247
[218] 1775, 2312
[219] 1943, 2336
[220] 1835, 2356
[221] 274, 2438
[222] 253, 2547
[223] 1440, 2579
[224] 2588, 2799
[225] 1204, 2644
[226] 2011, 2702
[227] 1927, 2713
[228] 294, 2730
[229] 1736, 2740
[230] 981, 2769
[231] 1725, 2778
[232] 13
[233] 97
[234] 128
[235] 149
[236] 153
[237] 208
[238] 248
[239] 350
[240] 394
[241] 414
[242] 416
[243] 457
[244] 476
[245] 549
[246] 554
[247] 559
[248] 573
[249] 640
[250] 648
[251] 688
[252] 717
[253] 730
[254] 800
[255] 854
[256] 855
[257] 856
[258] 881
[259] 996
[260] 1016
[261] 1038
[262] 1053
[263] 1100
[264] 1147
[265] 1151
[266] 1156
[267] 1213
[268] 1266
[269] 1276
[270] 1280
[271] 1358
[272] 1381
[273] 1384
[274] 1391
[275] 1418
[276] 1443
[277] 1458
[278] 1496
[279] 1514
[280] 1566
[281] 1623
[282] 1633
[283] 1641
[284] 1661
[285] 1808
[286] 1826
[287] 1915
[288] 1922
[289] 1954
[290] 1958
[291] 1960
[292] 2018
[293] 2034
[294] 2042
[295] 2058
[296] 2071
[297] 2105
[298] 2127
[299] 2142
[300] 2176
[301] 2205
[302] 2224
[303] 2234
[304] 2248
[305] 2272
[306] 2314
[307] 2316
[308] 2327
[309] 2346
[310] 2421
[311] 2441
[312] 2444
[313] 2454
[314] 2514
[315] 2530
[316] 2537
[317] 2540
[318] 2555
[319] 2599
[320] 2609
[321] 2619
[322] 2646
[323] 2659
[324] 2668
[325] 2720
[326] 2738
[327] 2759
[328] 2774
[329] 2786
[330] 2795
[331] 2804
[332] 2806
[333] 2809

Reassigned labels

Runtime: 14.952187299728394

Performance split_log:

IM without threshold:
Map:
{"D_0": "D", "D_1": "D", "D_2": "D", "D_3": "D", "D_4": "D", "D_5": "D", "D_6": "D", "D_7": "D", "D_8": "D", "D_9": "D", "D_10": "D", "D_11": "D", "D_12": "D", "D_13": "D", "D_14": "D", "D_15": "D", "D_16": "D", "D_17": "D", "D_18": "D", "D_19": "D", "D_20": "D", "D_21": "D", "D_22": "D", "D_23": "D", "D_24": "D", "D_25": "D", "D_26": "D", "D_27": "D", "D_28": "D", "D_29": "D", "D_30": "D", "D_31": "D", "D_32": "D", "D_33": "D", "D_34": "D", "D_35": "D", "D_36": "D", "D_37": "D", "D_38": "D", "D_39": "D", "D_40": "D", "D_41": "D", "D_42": "D", "D_43": "D", "D_44": "D", "D_45": "D", "D_46": "D", "D_47": "D", "D_48": "D", "D_49": "D", "D_50": "D", "D_51": "D", "D_52": "D", "D_53": "D", "D_54": "D", "D_55": "D", "D_56": "D", "D_57": "D", "D_58": "D", "D_59": "D", "D_60": "D", "D_61": "D", "D_62": "D", "D_63": "D", "D_64": "D", "D_65": "D", "D_66": "D", "D_67": "D", "D_68": "D", "D_69": "D", "D_70": "D", "D_71": "D", "D_72": "D", "D_73": "D", "D_74": "D", "D_75": "D", "D_76": "D", "D_77": "D", "D_78": "D", "D_79": "D", "D_80": "D", "D_81": "D", "D_82": "D", "D_83": "D", "D_84": "D", "D_85": "D", "D_86": "D", "D_87": "D", "D_88": "D", "D_89": "D", "D_90": "D", "D_91": "D", "D_92": "D", "D_93": "D", "D_94": "D", "D_95": "D", "D_96": "D", "D_97": "D", "D_98": "D", "D_99": "D", "D_100": "D", "D_101": "D", "D_102": "D", "D_103": "D", "D_104": "D", "D_105": "D", "D_106": "D", "D_107": "D", "D_108": "D", "D_109": "D", "D_110": "D", "D_111": "D", "D_112": "D", "D_113": "D", "D_114": "D", "D_115": "D", "D_116": "D", "D_117": "D", "D_118": "D", "D_119": "D", "D_120": "D", "D_121": "D", "D_122": "D", "D_123": "D", "D_124": "D", "D_125": "D", "D_126": "D", "D_127": "D", "D_128": "D", "D_129": "D", "D_130": "D", "D_131": "D", "D_132": "D", "D_133": "D", "D_134": "D", "D_135": "D", "D_136": "D", "D_137": "D", "D_138": "D", "D_139": "D", "D_140": "D", "D_141": "D", "D_142": "D", "D_143": "D", "D_144": "D", "D_145": "D", "D_146": "D", "D_147": "D", "D_148": "D", "D_149": "D", "D_150": "D", "D_151": "D", "D_152": "D", "D_153": "D", "D_154": "D", "D_155": "D", "D_156": "D", "D_157": "D", "D_158": "D", "D_159": "D", "D_160": "D", "D_161": "D", "D_162": "D", "D_163": "D", "D_164": "D", "D_165": "D", "D_166": "D", "D_167": "D", "D_168": "D", "D_169": "D", "D_170": "D", "D_171": "D", "D_172": "D", "D_173": "D", "D_174": "D", "D_175": "D", "D_176": "D", "D_177": "D", "D_178": "D", "D_179": "D", "D_180": "D", "D_181": "D", "D_182": "D", "D_183": "D", "D_184": "D", "D_185": "D", "D_186": "D", "D_187": "D", "D_188": "D", "D_189": "D", "D_190": "D", "D_191": "D", "D_192": "D", "D_193": "D", "D_194": "D", "D_195": "D", "D_196": "D", "D_197": "D", "D_198": "D", "D_199": "D", "D_200": "D", "D_201": "D", "D_202": "D", "D_203": "D", "D_204": "D", "D_205": "D", "D_206": "D", "D_207": "D", "D_208": "D", "D_209": "D", "D_210": "D", "D_211": "D", "D_212": "D", "D_213": "D", "D_214": "D", "D_215": "D", "D_216": "D", "D_217": "D", "D_218": "D", "D_219": "D", "D_220": "D", "D_221": "D", "D_222": "D", "D_223": "D", "D_224": "D", "D_225": "D", "D_226": "D", "D_227": "D", "D_228": "D", "D_229": "D", "D_230": "D", "D_231": "D", "D_232": "D", "D_233": "D", "D_234": "D", "D_235": "D", "D_236": "D", "D_237": "D", "D_238": "D", "D_239": "D", "D_240": "D", "D_241": "D", "D_242": "D", "D_243": "D", "D_244": "D", "D_245": "D", "D_246": "D", "D_247": "D", "D_248": "D", "D_249": "D", "D_250": "D", "D_251": "D", "D_252": "D", "D_253": "D", "D_254": "D", "D_255": "D", "D_256": "D", "D_257": "D", "D_258": "D", "D_259": "D", "D_260": "D", "D_261": "D", "D_262": "D", "D_263": "D", "D_264": "D", "D_265": "D", "D_266": "D", "D_267": "D", "D_268": "D", "D_269": "D", "D_270": "D", "D_271": "D", "D_272": "D", "D_273": "D", "D_274": "D", "D_275": "D", "D_276": "D", "D_277": "D", "D_278": "D", "D_279": "D", "D_280": "D", "D_281": "D", "D_282": "D", "D_283": "D", "D_284": "D", "D_285": "D", "D_286": "D", "D_287": "D", "D_288": "D", "D_289": "D", "D_290": "D", "D_291": "D", "D_292": "D", "D_293": "D", "D_294": "D", "D_295": "D", "D_296": "D", "D_297": "D", "D_298": "D", "D_299": "D", "D_300": "D", "D_301": "D", "D_302": "D", "D_303": "D", "D_304": "D", "D_305": "D", "D_306": "D", "D_307": "D", "D_308": "D", "D_309": "D", "D_310": "D", "D_311": "D", "D_312": "D", "D_313": "D", "D_314": "D", "D_315": "D", "D_316": "D", "D_317": "D", "D_318": "D", "D_319": "D", "D_320": "D", "D_321": "D", "D_322": "D", "D_323": "D", "D_324": "D", "D_325": "D", "D_326": "D", "D_327": "D", "D_328": "D", "D_329": "D", "D_330": "D", "D_331": "D", "D_332": "D", "D_333": "D"}
token_fitness
{"perc_fit_traces": 90.6, "average_trace_fitness": 0.997586445863959, "log_fitness": 0.9977626459143969, "percentage_of_fitting_traces": 90.6}
precision
0.5899941042701928
0.5557963163596966
generalization
0.23478831854337123

Adjusted Rand Index:
0.10669066722100534



Parameters of this run:

Window size: 3
Threshold for edges: 0
Split candidates: D
Max number of traces: 5000000
Method for distance calculation: Distance.MULTISET_DISTANCE
Method for finding clusters: ClusteringMethod.COMMUNITY_DETECTION
Original log location: ./data/noImprInLoop_default_OD\feb17-0936\logs\H_1_LogD_Sequence_feb17-0936.xes.gz
Use frequency: True

Found communities: 

Clustering with 2819 elements and 3 clusters
[0] 2, 4, 5, 8, 10, 11, 14, 17, 20, 22, 23, 25, 27, 28, 31, 33, 34, 36, 37,
    39, 40, 43, 45, 48, 51, 55, 59, 61, 62, 65, 66, 67, 69, 70, 71, 72, 76,
    78, 80, 81, 83, 84, 86, 87, 90, 91, 92, 95, 96, 98, 99, 100, 101, 102,
    105, 108, 110, 113, 115, 118, 119, 120, 121, 123, 124, 126, 129, 131, 134,
    135, 136, 137, 139, 142, 143, 144, 148, 150, 151, 154, 157, 158, 161, 162,
    165, 166, 168, 169, 170, 171, 173, 175, 176, 177, 178, 182, 185, 188, 189,
    192, 193, 196, 197, 200, 203, 204, 206, 207, 209, 212, 216, 219, 221, 222,
    224, 227, 230, 233, 236, 237, 239, 240, 243, 245, 246, 249, 250, 251, 254,
    257, 258, 261, 263, 264, 267, 269, 270, 272, 275, 280, 283, 286, 288, 290,
    292, 293, 295, 297, 300, 302, 305, 308, 309, 313, 314, 315, 317, 318, 324,
    325, 329, 331, 333, 335, 338, 340, 343, 344, 346, 348, 349, 352, 356, 359,
    361, 362, 364, 367, 369, 370, 372, 375, 376, 377, 379, 380, 382, 383, 385,
    388, 391, 392, 393, 396, 397, 398, 399, 400, 402, 404, 405, 406, 407, 410,
    411, 412, 413, 415, 417, 419, 422, 424, 425, 427, 428, 431, 432, 434, 437,
    438, 439, 442, 444, 445, 448, 449, 452, 455, 458, 459, 460, 463, 465, 466,
    469, 472, 473, 475, 477, 480, 482, 484, 485, 489, 492, 493, 494, 496, 499,
    501, 502, 505, 507, 510, 511, 513, 514, 516, 517, 519, 520, 522, 523, 525,
    527, 531, 535, 539, 541, 542, 544, 546, 550, 552, 553, 555, 560, 563, 565,
    567, 568, 571, 572, 575, 577, 579, 581, 584, 585, 586, 588, 590, 591, 594,
    595, 597, 598, 600, 603, 606, 607, 609, 610, 612, 613, 615, 617, 619, 623,
    624, 632, 633, 636, 639, 641, 644, 647, 649, 651, 655, 657, 658, 660, 664,
    666, 668, 670, 671, 672, 673, 676, 680, 681, 682, 685, 687, 689, 691, 694,
    697, 700, 701, 704, 705, 707, 709, 711, 712, 713, 715, 716, 718, 719, 721,
    723, 726, 729, 732, 736, 739, 742, 745, 746, 749, 750, 752, 753, 755, 757,
    760, 763, 767, 771, 774, 775, 777, 778, 781, 784, 785, 788, 790, 792, 793,
    795, 798, 799, 800, 801, 804, 807, 809, 810, 811, 813, 816, 817, 819, 822,
    823, 824, 825, 827, 830, 833, 834, 836, 839, 841, 842, 845, 847, 848, 849,
    850, 852, 853, 857, 860, 862, 863, 865, 867, 869, 871, 873, 876, 877, 880,
    883, 885, 886, 888, 889, 891, 893, 894, 897, 898, 902, 904, 905, 907, 908,
    910, 911, 914, 915, 917, 918, 920, 924, 927, 928, 930, 934, 937, 939, 941,
    942, 944, 949, 950, 951, 953, 954, 958, 961, 963, 964, 966, 968, 970, 972,
    975, 976, 977, 980, 982, 983, 987, 989, 990, 992, 993, 994, 997, 999,
    1000, 1002, 1003, 1006, 1007, 1010, 1013, 1015, 1018, 1021, 1022, 1024,
    1025, 1027, 1029, 1030, 1033, 1035, 1039, 1042, 1043, 1046, 1049, 1051,
    1052, 1054, 1057, 1058, 1061, 1062, 1065, 1066, 1067, 1070, 1071, 1074,
    1075, 1079, 1083, 1085, 1088, 1089, 1092, 1093, 1095, 1096, 1099, 1101,
    1104, 1105, 1108, 1110, 1112, 1113, 1114, 1117, 1118, 1121, 1124, 1126,
    1129, 1131, 1132, 1135, 1137, 1138, 1142, 1145, 1148, 1150, 1153, 1155,
    1157, 1160, 1161, 1163, 1164, 1167, 1170, 1171, 1175, 1177, 1179, 1182,
    1184, 1185, 1188, 1189, 1191, 1193, 1194, 1196, 1198, 1199, 1201, 1202,
    1205, 1209, 1211, 1212, 1214, 1217, 1219, 1220, 1223, 1226, 1230, 1231,
    1235, 1238, 1244, 1245, 1248, 1250, 1253, 1254, 1258, 1261, 1264, 1267,
    1269, 1272, 1273, 1274, 1278, 1281, 1284, 1286, 1287, 1289, 1293, 1295,
    1296, 1299, 1302, 1304, 1305, 1307, 1309, 1312, 1314, 1316, 1317, 1319,
    1321, 1322, 1325, 1327, 1329, 1332, 1334, 1335, 1337, 1340, 1341, 1344,
    1345, 1346, 1350, 1352, 1353, 1357, 1359, 1361, 1363, 1366, 1368, 1369,
    1370, 1372, 1373, 1375, 1376, 1380, 1382, 1383, 1385, 1386, 1389, 1390,
    1392, 1395, 1396, 1399, 1402, 1403, 1405, 1407, 1408, 1411, 1412, 1415,
    1416, 1419, 1420, 1421, 1423, 1425, 1427, 1429, 1432, 1435, 1437, 1438,
    1442, 1444, 1446, 1449, 1450, 1454, 1457, 1459, 1462, 1463, 1464, 1466,
    1469, 1471, 1473, 1474, 1478, 1480, 1481, 1483, 1486, 1495, 1498, 1503,
    1504, 1506, 1509, 1512, 1515, 1519, 1524, 1526, 1527, 1529, 1531, 1532,
    1535, 1537, 1540, 1541, 1542, 1543, 1545, 1546, 1549, 1551, 1552, 1554,
    1557, 1558, 1560, 1562, 1564, 1565, 1567, 1570, 1572, 1575, 1578, 1580,
    1581, 1583, 1587, 1589, 1590, 1592, 1593, 1595, 1596, 1598, 1601, 1603,
    1604, 1605, 1606, 1610, 1612, 1614, 1615, 1617, 1618, 1621, 1625, 1627,
    1629, 1630, 1634, 1636, 1640, 1643, 1646, 1647, 1650, 1653, 1656, 1658,
    1662, 1663, 1664, 1667, 1670, 1671, 1674, 1677, 1679, 1680, 1683, 1686,
    1687, 1689, 1693, 1695, 1698, 1700, 1701, 1703, 1704, 1705, 1706, 1708,
    1711, 1713, 1714, 1716, 1718, 1720, 1722, 1724, 1727, 1731, 1733, 1734,
    1737, 1738, 1742, 1743, 1744, 1747, 1748, 1751, 1753, 1755, 1756, 1759,
    1761, 1763, 1765, 1766, 1768, 1769, 1772, 1776, 1779, 1781, 1784, 1786,
    1790, 1793, 1794, 1795, 1797, 1798, 1803, 1807, 1809, 1812, 1814, 1815,
    1818, 1821, 1822, 1824, 1825, 1827, 1830, 1832, 1833, 1836, 1839, 1840,
    1841, 1845, 1847, 1848, 1850, 1851, 1854, 1855, 1857, 1858, 1861, 1865,
    1868, 1870, 1871, 1874, 1876, 1879, 1881, 1885, 1888, 1889, 1891, 1892,
    1894, 1897, 1900, 1901, 1903, 1904, 1906, 1907, 1910, 1911, 1914, 1915,
    1916, 1919, 1923, 1925, 1926, 1928, 1929, 1931, 1932, 1934, 1936, 1939,
    1941, 1942, 1945, 1951, 1952, 1955, 1961, 1962, 1963, 1965, 1966, 1968,
    1969, 1970, 1971, 1973, 1974, 1978, 1981, 1982, 1985, 1987, 1988, 1991,
    1994, 1997, 1998, 1999, 2002, 2003, 2007, 2009, 2010, 2012, 2016, 2019,
    2021, 2022, 2024, 2027, 2029, 2032, 2033, 2035, 2037, 2038, 2040, 2041,
    2043, 2044, 2046, 2048, 2052, 2056, 2057, 2059, 2062, 2064, 2065, 2066,
    2069, 2072, 2075, 2077, 2079, 2081, 2082, 2085, 2086, 2089, 2091, 2092,
    2094, 2095, 2097, 2100, 2102, 2104, 2106, 2107, 2108, 2109, 2111, 2112,
    2113, 2116, 2117, 2118, 2119, 2121, 2122, 2124, 2125, 2128, 2130, 2132,
    2133, 2134, 2137, 2140, 2143, 2146, 2150, 2153, 2155, 2158, 2159, 2162,
    2165, 2166, 2168, 2169, 2172, 2174, 2175, 2177, 2179, 2180, 2181, 2182,
    2184, 2185, 2187, 2190, 2192, 2194, 2195, 2197, 2198, 2201, 2202, 2208,
    2210, 2213, 2215, 2216, 2217, 2218, 2221, 2223, 2225, 2228, 2230, 2233,
    2235, 2236, 2238, 2239, 2242, 2244, 2246, 2249, 2251, 2252, 2255, 2257,
    2258, 2261, 2263, 2264, 2266, 2267, 2269, 2270, 2271, 2274, 2277, 2278,
    2281, 2282, 2285, 2289, 2291, 2293, 2294, 2295, 2296, 2298, 2300, 2301,
    2303, 2305, 2306, 2310, 2313, 2315, 2317, 2319, 2320, 2323, 2325, 2326,
    2328, 2329, 2331, 2332, 2333, 2334, 2335, 2338, 2340, 2341, 2343, 2344,
    2347, 2349, 2351, 2354, 2355, 2357, 2359, 2360, 2362, 2363, 2364, 2365,
    2366, 2368, 2369, 2371, 2375, 2378, 2381, 2383, 2387, 2390, 2392, 2394,
    2397, 2399, 2400, 2402, 2405, 2406, 2409, 2412, 2413, 2414, 2415, 2417,
    2419, 2420, 2423, 2425, 2427, 2428, 2429, 2431, 2433, 2434, 2436, 2437,
    2439, 2442, 2445, 2448, 2452, 2455, 2458, 2460, 2463, 2464, 2467, 2468,
    2469, 2470, 2473, 2476, 2477, 2480, 2481, 2484, 2487, 2489, 2490, 2491,
    2492, 2495, 2498, 2500, 2501, 2504, 2506, 2508, 2509, 2510, 2513, 2515,
    2519, 2522, 2523, 2526, 2528, 2531, 2532, 2535, 2538, 2541, 2544, 2546,
    2548, 2551, 2553, 2554, 2556, 2557, 2559, 2562, 2563, 2564, 2566, 2567,
    2570, 2571, 2573, 2574, 2577, 2578, 2581, 2583, 2586, 2587, 2589, 2593,
    2596, 2597, 2600, 2601, 2602, 2603, 2604, 2606, 2608, 2611, 2613, 2614,
    2615, 2616, 2620, 2623, 2624, 2627, 2629, 2630, 2634, 2636, 2637, 2639,
    2642, 2645, 2648, 2651, 2652, 2655, 2657, 2658, 2660, 2661, 2663, 2664,
    2666, 2667, 2669, 2671, 2674, 2675, 2678, 2680, 2681, 2682, 2684, 2685,
    2689, 2692, 2693, 2695, 2696, 2698, 2700, 2701, 2703, 2704, 2705, 2707,
    2709, 2710, 2711, 2712, 2715, 2718, 2721, 2722, 2726, 2729, 2731, 2732,
    2736, 2739, 2741, 2742, 2746, 2748, 2749, 2751, 2755, 2758, 2760, 2761,
    2764, 2766, 2767, 2770, 2771, 2775, 2777, 2780, 2782, 2784, 2785, 2787,
    2789, 2790, 2793, 2796, 2798, 2800, 2802, 2805, 2807, 2808, 2810, 2811,
    2812, 2815, 2817, 2818
[1] 1, 3, 7, 9, 12, 13, 16, 19, 21, 24, 26, 29, 30, 32, 35, 38, 41, 42, 44,
    46, 47, 49, 50, 53, 54, 57, 58, 60, 63, 64, 68, 74, 75, 77, 79, 85, 88,
    89, 94, 97, 103, 104, 106, 107, 109, 111, 112, 114, 117, 122, 125, 128,
    130, 133, 138, 141, 146, 147, 149, 153, 155, 156, 160, 164, 172, 174, 180,
    181, 184, 187, 191, 195, 199, 202, 205, 208, 210, 211, 214, 215, 217, 218,
    220, 223, 225, 226, 228, 229, 231, 232, 235, 241, 242, 248, 253, 256, 260,
    262, 265, 266, 268, 271, 274, 276, 277, 279, 281, 282, 285, 287, 289, 291,
    294, 296, 298, 299, 301, 303, 304, 307, 311, 312, 320, 321, 323, 327, 328,
    330, 332, 334, 337, 339, 342, 345, 347, 350, 351, 354, 355, 357, 358, 363,
    366, 371, 374, 378, 381, 384, 387, 389, 390, 394, 395, 401, 403, 409, 414,
    416, 418, 420, 421, 426, 430, 433, 435, 436, 440, 441, 447, 450, 451, 453,
    454, 456, 457, 461, 462, 464, 467, 468, 471, 474, 476, 479, 481, 483, 487,
    488, 491, 495, 498, 504, 506, 509, 512, 518, 521, 524, 526, 529, 530, 533,
    534, 537, 538, 543, 545, 548, 549, 551, 554, 557, 558, 559, 562, 564, 566,
    570, 573, 574, 576, 578, 580, 582, 583, 587, 589, 593, 596, 599, 601, 602,
    605, 608, 611, 614, 616, 618, 620, 621, 622, 625, 626, 628, 629, 631, 635,
    637, 638, 640, 642, 643, 645, 646, 648, 650, 653, 654, 656, 659, 662, 663,
    665, 667, 669, 675, 678, 679, 684, 686, 688, 690, 693, 696, 699, 703, 706,
    708, 710, 714, 717, 720, 722, 724, 725, 728, 730, 731, 734, 735, 738, 741,
    744, 748, 751, 754, 756, 759, 762, 765, 766, 769, 770, 773, 776, 779, 780,
    783, 787, 789, 791, 794, 797, 803, 806, 808, 812, 815, 818, 821, 826, 829,
    832, 835, 838, 840, 843, 844, 854, 855, 856, 858, 859, 861, 864, 866, 868,
    870, 872, 875, 878, 879, 881, 882, 884, 887, 890, 892, 896, 900, 901, 903,
    913, 916, 919, 922, 923, 926, 929, 932, 933, 936, 938, 940, 943, 946, 947,
    948, 952, 956, 957, 960, 962, 965, 967, 969, 971, 974, 979, 981, 985, 986,
    988, 991, 995, 996, 998, 1001, 1005, 1009, 1012, 1014, 1016, 1017, 1020,
    1026, 1028, 1031, 1032, 1034, 1037, 1038, 1041, 1045, 1047, 1048, 1050,
    1053, 1056, 1060, 1064, 1069, 1073, 1077, 1078, 1081, 1082, 1084, 1087,
    1091, 1098, 1100, 1103, 1106, 1107, 1109, 1111, 1116, 1119, 1120, 1123,
    1125, 1127, 1128, 1130, 1134, 1136, 1140, 1141, 1144, 1146, 1147, 1149,
    1151, 1152, 1154, 1156, 1159, 1162, 1165, 1166, 1169, 1173, 1174, 1176,
    1178, 1180, 1181, 1183, 1187, 1190, 1192, 1195, 1197, 1200, 1203, 1204,
    1207, 1208, 1210, 1213, 1216, 1218, 1222, 1225, 1227, 1228, 1229, 1233,
    1234, 1236, 1237, 1240, 1241, 1243, 1247, 1249, 1252, 1256, 1257, 1260,
    1262, 1263, 1265, 1266, 1268, 1270, 1271, 1276, 1277, 1279, 1280, 1282,
    1283, 1285, 1288, 1291, 1292, 1294, 1297, 1298, 1300, 1301, 1306, 1308,
    1310, 1311, 1313, 1315, 1318, 1324, 1326, 1328, 1331, 1333, 1336, 1339,
    1343, 1348, 1349, 1351, 1355, 1356, 1358, 1360, 1362, 1364, 1365, 1367,
    1371, 1378, 1379, 1381, 1384, 1388, 1391, 1394, 1397, 1398, 1401, 1404,
    1406, 1410, 1414, 1418, 1422, 1424, 1426, 1428, 1430, 1431, 1433, 1434,
    1440, 1441, 1443, 1445, 1448, 1452, 1453, 1455, 1456, 1458, 1461, 1465,
    1467, 1468, 1470, 1472, 1476, 1477, 1479, 1482, 1484, 1485, 1487, 1488,
    1490, 1491, 1493, 1494, 1496, 1497, 1500, 1501, 1502, 1505, 1508, 1511,
    1514, 1517, 1518, 1520, 1521, 1523, 1528, 1530, 1534, 1536, 1539, 1544,
    1547, 1548, 1550, 1553, 1556, 1559, 1561, 1563, 1566, 1568, 1569, 1571,
    1574, 1576, 1577, 1579, 1582, 1585, 1586, 1588, 1591, 1594, 1597, 1599,
    1600, 1602, 1608, 1609, 1611, 1613, 1616, 1620, 1623, 1624, 1626, 1632,
    1633, 1635, 1638, 1639, 1641, 1642, 1645, 1648, 1649, 1651, 1652, 1654,
    1655, 1657, 1660, 1661, 1666, 1668, 1669, 1673, 1675, 1676, 1678, 1682,
    1685, 1688, 1691, 1692, 1694, 1696, 1697, 1702, 1707, 1710, 1715, 1717,
    1719, 1721, 1723, 1725, 1726, 1729, 1730, 1732, 1736, 1740, 1741, 1746,
    1750, 1752, 1754, 1758, 1760, 1762, 1764, 1770, 1771, 1774, 1775, 1778,
    1780, 1783, 1785, 1788, 1789, 1792, 1796, 1799, 1800, 1801, 1802, 1805,
    1806, 1808, 1810, 1811, 1813, 1816, 1817, 1820, 1823, 1826, 1828, 1829,
    1831, 1835, 1838, 1843, 1844, 1846, 1849, 1853, 1856, 1860, 1863, 1864,
    1867, 1869, 1872, 1873, 1875, 1877, 1878, 1880, 1883, 1884, 1887, 1890,
    1893, 1896, 1899, 1909, 1912, 1913, 1917, 1918, 1921, 1922, 1924, 1927,
    1933, 1935, 1937, 1938, 1940, 1943, 1944, 1947, 1948, 1950, 1954, 1957,
    1958, 1960, 1964, 1967, 1972, 1976, 1977, 1980, 1983, 1984, 1986, 1990,
    1993, 1996, 2001, 2005, 2006, 2008, 2011, 2014, 2015, 2017, 2018, 2020,
    2023, 2026, 2028, 2031, 2034, 2036, 2039, 2042, 2045, 2047, 2050, 2051,
    2053, 2054, 2055, 2058, 2060, 2061, 2063, 2067, 2068, 2071, 2073, 2074,
    2076, 2078, 2080, 2084, 2088, 2090, 2093, 2096, 2098, 2099, 2101, 2103,
    2105, 2110, 2115, 2120, 2123, 2127, 2129, 2131, 2136, 2139, 2142, 2145,
    2148, 2149, 2152, 2154, 2157, 2160, 2161, 2164, 2167, 2171, 2176, 2178,
    2183, 2186, 2188, 2189, 2191, 2193, 2196, 2200, 2204, 2205, 2206, 2207,
    2209, 2212, 2219, 2220, 2222, 2224, 2226, 2227, 2229, 2231, 2232, 2234,
    2237, 2240, 2241, 2243, 2245, 2247, 2248, 2250, 2253, 2254, 2256, 2259,
    2260, 2262, 2268, 2272, 2273, 2276, 2280, 2283, 2284, 2287, 2288, 2290,
    2292, 2297, 2299, 2302, 2304, 2308, 2309, 2311, 2312, 2314, 2316, 2318,
    2322, 2324, 2327, 2330, 2336, 2337, 2339, 2346, 2348, 2350, 2353, 2356,
    2361, 2367, 2370, 2373, 2374, 2377, 2379, 2380, 2382, 2385, 2386, 2388,
    2389, 2391, 2393, 2396, 2398, 2401, 2404, 2408, 2411, 2416, 2418, 2421,
    2422, 2424, 2426, 2430, 2432, 2435, 2438, 2441, 2444, 2447, 2450, 2451,
    2454, 2456, 2457, 2459, 2462, 2466, 2472, 2475, 2479, 2483, 2485, 2486,
    2488, 2493, 2494, 2496, 2497, 2503, 2505, 2507, 2511, 2512, 2514, 2517,
    2518, 2521, 2524, 2525, 2527, 2530, 2534, 2537, 2540, 2542, 2543, 2545,
    2547, 2549, 2550, 2552, 2555, 2558, 2561, 2565, 2569, 2572, 2576, 2579,
    2580, 2582, 2585, 2588, 2591, 2592, 2595, 2598, 2599, 2605, 2607, 2609,
    2610, 2612, 2618, 2619, 2622, 2626, 2632, 2633, 2635, 2638, 2641, 2643,
    2644, 2646, 2647, 2650, 2654, 2656, 2659, 2662, 2668, 2670, 2673, 2677,
    2679, 2687, 2688, 2691, 2697, 2699, 2702, 2706, 2708, 2713, 2714, 2716,
    2717, 2720, 2724, 2725, 2727, 2728, 2730, 2734, 2735, 2738, 2740, 2744,
    2745, 2750, 2753, 2754, 2757, 2759, 2763, 2765, 2769, 2772, 2773, 2774,
    2776, 2778, 2779, 2781, 2783, 2786, 2788, 2792, 2795, 2797, 2799, 2801,
    2804, 2806, 2809, 2813, 2814, 2816
[2] 0, 6, 15, 18, 52, 56, 73, 82, 93, 116, 127, 132, 140, 145, 152, 159, 163,
    167, 179, 183, 186, 190, 194, 198, 201, 213, 234, 238, 244, 247, 252, 255,
    259, 273, 278, 284, 306, 310, 316, 319, 322, 326, 336, 341, 353, 360, 365,
    368, 373, 386, 408, 423, 429, 443, 446, 470, 478, 486, 490, 497, 500, 503,
    508, 515, 528, 532, 536, 540, 547, 556, 561, 569, 592, 604, 627, 630, 634,
    652, 661, 674, 677, 683, 692, 695, 698, 702, 727, 733, 737, 740, 743, 747,
    758, 761, 764, 768, 772, 782, 786, 796, 802, 805, 814, 820, 828, 831, 837,
    846, 851, 874, 895, 899, 906, 909, 912, 921, 925, 931, 935, 945, 955, 959,
    973, 978, 984, 1004, 1008, 1011, 1019, 1023, 1036, 1040, 1044, 1055, 1059,
    1063, 1068, 1072, 1076, 1080, 1086, 1090, 1094, 1097, 1102, 1115, 1122,
    1133, 1139, 1143, 1158, 1168, 1172, 1186, 1206, 1215, 1221, 1224, 1232,
    1239, 1242, 1246, 1251, 1255, 1259, 1275, 1290, 1303, 1320, 1323, 1330,
    1338, 1342, 1347, 1354, 1374, 1377, 1387, 1393, 1400, 1409, 1413, 1417,
    1436, 1439, 1447, 1451, 1460, 1475, 1489, 1492, 1499, 1507, 1510, 1513,
    1516, 1522, 1525, 1533, 1538, 1555, 1573, 1584, 1607, 1619, 1622, 1628,
    1631, 1637, 1644, 1659, 1665, 1672, 1681, 1684, 1690, 1699, 1709, 1712,
    1728, 1735, 1739, 1745, 1749, 1757, 1767, 1773, 1777, 1782, 1787, 1791,
    1804, 1819, 1834, 1837, 1842, 1852, 1859, 1862, 1866, 1882, 1886, 1895,
    1898, 1902, 1905, 1908, 1920, 1930, 1946, 1949, 1953, 1956, 1959, 1975,
    1979, 1989, 1992, 1995, 2000, 2004, 2013, 2025, 2030, 2049, 2070, 2083,
    2087, 2114, 2126, 2135, 2138, 2141, 2144, 2147, 2151, 2156, 2163, 2170,
    2173, 2199, 2203, 2211, 2214, 2265, 2275, 2279, 2286, 2307, 2321, 2342,
    2345, 2352, 2358, 2372, 2376, 2384, 2395, 2403, 2407, 2410, 2440, 2443,
    2446, 2449, 2453, 2461, 2465, 2471, 2474, 2478, 2482, 2499, 2502, 2516,
    2520, 2529, 2533, 2536, 2539, 2560, 2568, 2575, 2584, 2590, 2594, 2617,
    2621, 2625, 2628, 2631, 2640, 2649, 2653, 2665, 2672, 2676, 2683, 2686,
    2690, 2694, 2719, 2723, 2733, 2737, 2743, 2747, 2752, 2756, 2762, 2768,
    2791, 2794, 2803

Reassigned labels

Runtime: 7.763821363449097

Performance split_log:

IM without threshold:
Map:
{"D_0": "D", "D_1": "D", "D_2": "D"}
token_fitness
{"perc_fit_traces": 100.0, "average_trace_fitness": 1.0, "log_fitness": 1.0, "percentage_of_fitting_traces": 100.0}
precision
0.6651824424081929
0.6629213483146068
generalization
0.8052922180482446

Adjusted Rand Index:
0.23615912258956295



Parameters of this run:

Window size: 3
Threshold for edges: 0.25
Split candidates: D
Max number of traces: 5000000
Method for distance calculation: Distance.MULTISET_DISTANCE
Method for finding clusters: ClusteringMethod.COMMUNITY_DETECTION
Original log location: ./data/noImprInLoop_default_OD\feb17-0936\logs\H_1_LogD_Sequence_feb17-0936.xes.gz
Use frequency: True

Found communities: 

Clustering with 2819 elements and 3 clusters
[0] 2, 4, 5, 8, 10, 11, 14, 17, 20, 22, 23, 25, 27, 28, 31, 33, 34, 36, 37,
    39, 40, 43, 45, 48, 51, 55, 59, 61, 62, 65, 66, 67, 69, 70, 71, 72, 76,
    78, 80, 81, 83, 84, 86, 87, 90, 91, 92, 95, 96, 98, 99, 100, 101, 102,
    105, 108, 110, 113, 115, 118, 119, 120, 121, 123, 124, 126, 129, 131, 134,
    135, 136, 137, 139, 142, 143, 144, 148, 150, 151, 154, 157, 158, 161, 162,
    165, 166, 168, 169, 170, 171, 173, 175, 176, 177, 178, 182, 185, 188, 189,
    192, 193, 196, 197, 200, 203, 204, 206, 207, 209, 212, 216, 219, 221, 222,
    224, 227, 230, 233, 236, 237, 239, 240, 243, 245, 246, 249, 250, 251, 254,
    257, 258, 261, 263, 264, 267, 269, 270, 272, 275, 280, 283, 286, 288, 290,
    292, 293, 295, 297, 300, 302, 305, 308, 309, 313, 314, 315, 317, 318, 324,
    325, 329, 331, 333, 335, 338, 340, 343, 344, 346, 348, 349, 352, 356, 359,
    361, 362, 364, 367, 369, 370, 372, 375, 376, 377, 379, 380, 382, 383, 385,
    388, 391, 392, 393, 396, 397, 398, 399, 400, 402, 404, 405, 406, 407, 410,
    411, 412, 413, 415, 417, 419, 422, 424, 425, 427, 428, 431, 432, 434, 437,
    438, 439, 442, 444, 445, 448, 449, 452, 455, 458, 459, 460, 463, 465, 466,
    469, 472, 473, 475, 477, 480, 482, 484, 485, 489, 492, 493, 494, 496, 499,
    501, 502, 505, 507, 510, 511, 513, 514, 516, 517, 519, 520, 522, 523, 525,
    527, 531, 535, 539, 541, 542, 544, 546, 550, 552, 553, 555, 560, 563, 565,
    567, 568, 571, 572, 575, 577, 579, 581, 584, 585, 586, 588, 590, 591, 594,
    595, 597, 598, 600, 603, 606, 607, 609, 610, 612, 613, 615, 617, 619, 623,
    624, 632, 633, 636, 639, 641, 644, 647, 649, 651, 655, 657, 658, 660, 664,
    666, 668, 670, 671, 672, 673, 676, 680, 681, 682, 685, 687, 689, 691, 694,
    697, 700, 701, 704, 705, 707, 709, 711, 712, 713, 715, 716, 718, 719, 721,
    723, 726, 729, 732, 736, 739, 742, 745, 746, 749, 750, 752, 753, 755, 757,
    760, 763, 767, 771, 774, 775, 777, 778, 781, 784, 785, 788, 790, 792, 793,
    795, 798, 799, 800, 801, 804, 807, 809, 810, 811, 813, 816, 817, 819, 822,
    823, 824, 825, 827, 830, 833, 834, 836, 839, 841, 842, 845, 847, 848, 849,
    850, 852, 853, 857, 860, 862, 863, 865, 867, 869, 871, 873, 876, 877, 880,
    883, 885, 886, 888, 889, 891, 893, 894, 897, 898, 902, 904, 905, 907, 908,
    910, 911, 914, 915, 917, 918, 920, 924, 927, 928, 930, 934, 937, 939, 941,
    942, 944, 949, 950, 951, 953, 954, 958, 961, 963, 964, 966, 968, 970, 972,
    975, 976, 977, 980, 982, 983, 987, 989, 990, 992, 993, 994, 997, 999,
    1000, 1002, 1003, 1006, 1007, 1010, 1013, 1015, 1018, 1021, 1022, 1024,
    1025, 1027, 1029, 1030, 1033, 1035, 1039, 1042, 1043, 1046, 1049, 1051,
    1052, 1054, 1057, 1058, 1061, 1062, 1065, 1066, 1067, 1070, 1071, 1074,
    1075, 1079, 1083, 1085, 1088, 1089, 1092, 1093, 1095, 1096, 1099, 1101,
    1104, 1105, 1108, 1110, 1112, 1113, 1114, 1117, 1118, 1121, 1124, 1126,
    1129, 1131, 1132, 1135, 1137, 1138, 1142, 1145, 1148, 1150, 1153, 1155,
    1157, 1160, 1161, 1163, 1164, 1167, 1170, 1171, 1175, 1177, 1179, 1182,
    1184, 1185, 1188, 1189, 1191, 1193, 1194, 1196, 1198, 1199, 1201, 1202,
    1205, 1209, 1211, 1212, 1214, 1217, 1219, 1220, 1223, 1226, 1230, 1231,
    1235, 1238, 1244, 1245, 1248, 1250, 1253, 1254, 1258, 1261, 1264, 1267,
    1269, 1272, 1273, 1274, 1278, 1281, 1284, 1286, 1287, 1289, 1293, 1295,
    1296, 1299, 1302, 1304, 1305, 1307, 1309, 1312, 1314, 1316, 1317, 1319,
    1321, 1322, 1325, 1327, 1329, 1332, 1334, 1335, 1337, 1340, 1341, 1344,
    1345, 1346, 1350, 1352, 1353, 1357, 1359, 1361, 1363, 1366, 1368, 1369,
    1370, 1372, 1373, 1375, 1376, 1380, 1382, 1383, 1385, 1386, 1389, 1390,
    1392, 1395, 1396, 1399, 1402, 1403, 1405, 1407, 1408, 1411, 1412, 1415,
    1416, 1419, 1420, 1421, 1423, 1425, 1427, 1429, 1432, 1435, 1437, 1438,
    1442, 1444, 1446, 1449, 1450, 1454, 1457, 1459, 1461, 1462, 1463, 1464,
    1466, 1469, 1471, 1473, 1474, 1478, 1480, 1481, 1482, 1483, 1486, 1495,
    1498, 1503, 1504, 1506, 1509, 1512, 1515, 1519, 1524, 1526, 1527, 1529,
    1531, 1532, 1535, 1537, 1540, 1541, 1542, 1543, 1545, 1546, 1549, 1551,
    1552, 1554, 1557, 1558, 1560, 1562, 1564, 1565, 1567, 1570, 1572, 1575,
    1578, 1580, 1581, 1583, 1587, 1589, 1590, 1592, 1593, 1595, 1596, 1598,
    1601, 1603, 1604, 1605, 1606, 1610, 1612, 1614, 1615, 1617, 1618, 1621,
    1625, 1627, 1629, 1630, 1634, 1636, 1640, 1643, 1646, 1647, 1650, 1653,
    1656, 1658, 1662, 1663, 1664, 1667, 1670, 1671, 1674, 1677, 1679, 1680,
    1683, 1686, 1687, 1689, 1693, 1695, 1698, 1700, 1701, 1703, 1704, 1705,
    1706, 1708, 1711, 1713, 1714, 1716, 1718, 1720, 1722, 1724, 1727, 1731,
    1733, 1734, 1737, 1738, 1742, 1743, 1744, 1747, 1748, 1751, 1753, 1755,
    1756, 1759, 1761, 1763, 1765, 1766, 1768, 1769, 1772, 1776, 1779, 1781,
    1784, 1786, 1790, 1793, 1794, 1795, 1797, 1798, 1803, 1807, 1809, 1812,
    1814, 1815, 1818, 1821, 1822, 1824, 1825, 1827, 1830, 1832, 1833, 1836,
    1839, 1840, 1841, 1845, 1847, 1848, 1850, 1851, 1854, 1855, 1857, 1858,
    1861, 1865, 1868, 1870, 1871, 1874, 1876, 1879, 1881, 1885, 1888, 1889,
    1891, 1892, 1894, 1897, 1900, 1901, 1903, 1904, 1906, 1907, 1910, 1911,
    1914, 1915, 1916, 1919, 1923, 1925, 1926, 1928, 1929, 1931, 1932, 1934,
    1936, 1939, 1941, 1942, 1945, 1951, 1952, 1955, 1961, 1962, 1963, 1965,
    1966, 1968, 1969, 1970, 1971, 1973, 1974, 1978, 1981, 1982, 1985, 1987,
    1988, 1991, 1994, 1997, 1998, 1999, 2002, 2003, 2007, 2009, 2010, 2012,
    2016, 2019, 2021, 2022, 2024, 2027, 2029, 2032, 2033, 2035, 2037, 2038,
    2040, 2041, 2043, 2044, 2046, 2048, 2052, 2056, 2057, 2059, 2062, 2064,
    2065, 2066, 2069, 2072, 2075, 2077, 2079, 2081, 2082, 2085, 2086, 2089,
    2091, 2092, 2094, 2095, 2097, 2100, 2102, 2104, 2106, 2107, 2108, 2109,
    2111, 2112, 2113, 2116, 2117, 2118, 2119, 2121, 2122, 2124, 2125, 2128,
    2130, 2132, 2133, 2134, 2137, 2140, 2143, 2146, 2150, 2153, 2155, 2158,
    2159, 2162, 2165, 2166, 2168, 2169, 2172, 2174, 2175, 2177, 2179, 2180,
    2181, 2182, 2184, 2185, 2187, 2190, 2192, 2194, 2195, 2197, 2198, 2201,
    2202, 2208, 2210, 2213, 2215, 2216, 2217, 2218, 2221, 2223, 2225, 2228,
    2230, 2233, 2235, 2236, 2238, 2239, 2242, 2244, 2246, 2249, 2251, 2252,
    2255, 2257, 2258, 2261, 2263, 2264, 2266, 2267, 2269, 2270, 2271, 2274,
    2277, 2278, 2281, 2282, 2285, 2289, 2291, 2293, 2294, 2295, 2296, 2298,
    2300, 2301, 2303, 2305, 2306, 2310, 2313, 2315, 2317, 2319, 2320, 2323,
    2325, 2326, 2328, 2329, 2331, 2332, 2333, 2334, 2335, 2338, 2340, 2341,
    2343, 2344, 2347, 2349, 2351, 2354, 2355, 2357, 2359, 2360, 2362, 2363,
    2364, 2365, 2366, 2368, 2369, 2371, 2375, 2378, 2381, 2383, 2387, 2390,
    2392, 2394, 2397, 2399, 2400, 2402, 2405, 2406, 2409, 2412, 2413, 2414,
    2415, 2417, 2419, 2420, 2423, 2425, 2427, 2428, 2429, 2431, 2433, 2434,
    2436, 2437, 2439, 2442, 2445, 2448, 2452, 2455, 2458, 2460, 2463, 2464,
    2467, 2468, 2469, 2470, 2473, 2476, 2477, 2480, 2481, 2484, 2487, 2489,
    2490, 2491, 2492, 2495, 2498, 2500, 2501, 2504, 2506, 2508, 2509, 2510,
    2513, 2515, 2519, 2522, 2523, 2526, 2528, 2531, 2532, 2535, 2538, 2541,
    2544, 2546, 2548, 2551, 2553, 2554, 2556, 2557, 2559, 2562, 2563, 2564,
    2566, 2567, 2570, 2571, 2573, 2574, 2577, 2578, 2581, 2583, 2586, 2587,
    2589, 2593, 2596, 2597, 2600, 2601, 2602, 2603, 2604, 2606, 2608, 2611,
    2613, 2614, 2615, 2616, 2620, 2623, 2624, 2627, 2629, 2630, 2634, 2636,
    2637, 2639, 2642, 2645, 2648, 2651, 2652, 2655, 2657, 2658, 2660, 2661,
    2663, 2664, 2666, 2667, 2669, 2671, 2674, 2675, 2678, 2680, 2681, 2682,
    2684, 2685, 2689, 2692, 2693, 2695, 2696, 2698, 2700, 2701, 2703, 2704,
    2705, 2707, 2709, 2710, 2711, 2712, 2715, 2718, 2721, 2722, 2726, 2729,
    2731, 2732, 2736, 2739, 2741, 2742, 2746, 2748, 2749, 2751, 2755, 2758,
    2760, 2761, 2764, 2766, 2767, 2770, 2771, 2775, 2777, 2780, 2782, 2784,
    2785, 2787, 2789, 2790, 2793, 2795, 2796, 2798, 2800, 2802, 2805, 2807,
    2808, 2810, 2811, 2812, 2815, 2817, 2818
[1] 1, 3, 7, 9, 12, 13, 16, 19, 21, 24, 26, 29, 30, 32, 35, 38, 41, 42, 44,
    46, 47, 49, 50, 53, 54, 57, 58, 60, 63, 64, 68, 74, 75, 77, 79, 85, 88,
    89, 94, 97, 103, 104, 106, 107, 109, 111, 112, 114, 117, 122, 125, 128,
    130, 133, 138, 141, 146, 147, 149, 153, 155, 156, 160, 164, 172, 174, 180,
    181, 184, 187, 191, 195, 199, 202, 205, 208, 210, 211, 214, 215, 217, 218,
    220, 223, 225, 226, 228, 229, 231, 232, 235, 241, 242, 248, 253, 256, 260,
    262, 265, 266, 268, 271, 274, 276, 277, 279, 281, 282, 285, 287, 289, 291,
    294, 296, 298, 299, 301, 303, 304, 307, 311, 312, 320, 321, 323, 327, 328,
    330, 332, 334, 337, 339, 342, 345, 347, 350, 351, 354, 355, 357, 358, 363,
    366, 371, 374, 378, 381, 384, 387, 389, 390, 394, 395, 401, 403, 409, 414,
    416, 418, 420, 421, 426, 430, 433, 435, 436, 440, 441, 447, 450, 451, 453,
    454, 456, 457, 461, 462, 464, 467, 468, 471, 474, 476, 479, 481, 483, 487,
    488, 491, 495, 498, 504, 506, 509, 512, 518, 521, 524, 526, 529, 530, 533,
    534, 537, 538, 543, 545, 548, 549, 551, 554, 557, 558, 559, 562, 564, 566,
    570, 573, 574, 576, 578, 580, 582, 583, 587, 589, 593, 596, 599, 601, 602,
    605, 608, 611, 614, 616, 618, 620, 621, 622, 625, 626, 628, 629, 631, 635,
    637, 638, 640, 642, 643, 645, 646, 648, 650, 653, 654, 656, 659, 662, 663,
    665, 667, 669, 675, 678, 679, 684, 686, 688, 690, 693, 696, 699, 703, 706,
    708, 710, 714, 717, 720, 722, 724, 725, 728, 730, 731, 734, 735, 738, 741,
    744, 748, 751, 754, 756, 759, 762, 765, 766, 769, 770, 773, 776, 779, 780,
    783, 787, 789, 791, 794, 797, 803, 806, 808, 812, 815, 818, 821, 826, 829,
    832, 835, 838, 840, 843, 844, 854, 855, 856, 858, 859, 861, 864, 866, 868,
    870, 872, 875, 878, 879, 881, 882, 884, 887, 890, 892, 896, 900, 901, 903,
    913, 916, 919, 922, 923, 926, 929, 932, 933, 936, 938, 940, 943, 946, 947,
    948, 952, 956, 957, 960, 962, 965, 967, 969, 971, 974, 979, 981, 985, 986,
    988, 991, 995, 996, 998, 1001, 1005, 1009, 1012, 1014, 1016, 1017, 1020,
    1026, 1028, 1031, 1032, 1034, 1037, 1038, 1041, 1045, 1047, 1048, 1050,
    1053, 1056, 1060, 1064, 1069, 1073, 1077, 1078, 1081, 1082, 1084, 1087,
    1091, 1098, 1100, 1103, 1106, 1107, 1109, 1111, 1116, 1119, 1120, 1123,
    1125, 1127, 1128, 1130, 1134, 1136, 1140, 1141, 1144, 1146, 1147, 1149,
    1151, 1152, 1154, 1156, 1159, 1162, 1165, 1166, 1169, 1173, 1174, 1176,
    1178, 1180, 1181, 1183, 1187, 1190, 1192, 1195, 1197, 1200, 1203, 1204,
    1207, 1208, 1210, 1213, 1216, 1218, 1222, 1225, 1227, 1228, 1229, 1233,
    1234, 1236, 1237, 1240, 1241, 1243, 1247, 1249, 1252, 1256, 1257, 1260,
    1262, 1263, 1265, 1266, 1268, 1270, 1271, 1276, 1277, 1279, 1280, 1282,
    1283, 1285, 1288, 1291, 1292, 1294, 1297, 1298, 1300, 1301, 1306, 1308,
    1310, 1311, 1313, 1315, 1318, 1324, 1326, 1328, 1331, 1333, 1336, 1339,
    1343, 1348, 1349, 1351, 1355, 1356, 1358, 1360, 1362, 1364, 1365, 1367,
    1371, 1378, 1379, 1381, 1384, 1388, 1391, 1394, 1397, 1398, 1401, 1404,
    1406, 1410, 1414, 1418, 1422, 1424, 1426, 1428, 1430, 1431, 1433, 1434,
    1440, 1441, 1443, 1445, 1448, 1452, 1453, 1455, 1456, 1458, 1465, 1467,
    1468, 1470, 1472, 1476, 1477, 1479, 1484, 1485, 1487, 1488, 1490, 1491,
    1493, 1494, 1496, 1497, 1500, 1501, 1502, 1505, 1508, 1511, 1514, 1517,
    1518, 1520, 1521, 1523, 1528, 1530, 1534, 1536, 1539, 1544, 1547, 1548,
    1550, 1553, 1556, 1559, 1561, 1563, 1566, 1568, 1569, 1571, 1574, 1576,
    1577, 1579, 1582, 1585, 1586, 1588, 1591, 1594, 1597, 1599, 1600, 1602,
    1608, 1609, 1611, 1613, 1616, 1620, 1623, 1624, 1626, 1632, 1633, 1635,
    1638, 1639, 1641, 1642, 1645, 1648, 1649, 1651, 1652, 1654, 1655, 1657,
    1660, 1661, 1666, 1668, 1669, 1673, 1675, 1676, 1678, 1682, 1685, 1688,
    1691, 1692, 1694, 1696, 1697, 1702, 1707, 1710, 1715, 1717, 1719, 1721,
    1723, 1725, 1726, 1729, 1730, 1732, 1736, 1740, 1741, 1746, 1750, 1752,
    1754, 1758, 1760, 1762, 1764, 1770, 1771, 1774, 1775, 1778, 1780, 1783,
    1785, 1788, 1789, 1792, 1796, 1799, 1800, 1801, 1802, 1805, 1806, 1808,
    1810, 1811, 1813, 1816, 1817, 1820, 1823, 1826, 1828, 1829, 1831, 1835,
    1838, 1843, 1844, 1846, 1849, 1853, 1856, 1860, 1863, 1864, 1867, 1869,
    1872, 1873, 1875, 1877, 1878, 1880, 1883, 1884, 1887, 1890, 1893, 1896,
    1899, 1909, 1912, 1913, 1917, 1918, 1921, 1922, 1924, 1927, 1933, 1935,
    1937, 1938, 1940, 1943, 1944, 1947, 1948, 1950, 1954, 1957, 1958, 1960,
    1964, 1967, 1972, 1976, 1977, 1980, 1983, 1984, 1986, 1990, 1993, 1996,
    2001, 2005, 2006, 2008, 2011, 2014, 2015, 2017, 2018, 2020, 2023, 2026,
    2028, 2031, 2034, 2036, 2039, 2042, 2045, 2047, 2050, 2051, 2053, 2054,
    2055, 2058, 2060, 2061, 2063, 2067, 2068, 2071, 2073, 2074, 2076, 2078,
    2080, 2084, 2088, 2090, 2093, 2096, 2098, 2099, 2101, 2103, 2105, 2110,
    2115, 2120, 2123, 2127, 2129, 2131, 2136, 2139, 2142, 2145, 2148, 2149,
    2152, 2154, 2157, 2160, 2161, 2164, 2167, 2171, 2176, 2178, 2183, 2186,
    2188, 2189, 2191, 2193, 2196, 2200, 2204, 2205, 2206, 2207, 2209, 2212,
    2219, 2220, 2222, 2224, 2226, 2227, 2229, 2231, 2232, 2234, 2237, 2240,
    2241, 2243, 2245, 2247, 2248, 2250, 2253, 2254, 2256, 2259, 2260, 2262,
    2268, 2272, 2273, 2276, 2280, 2283, 2284, 2287, 2288, 2290, 2292, 2297,
    2299, 2302, 2304, 2308, 2309, 2311, 2312, 2314, 2316, 2318, 2322, 2324,
    2327, 2330, 2336, 2337, 2339, 2346, 2348, 2350, 2353, 2356, 2361, 2367,
    2370, 2373, 2374, 2377, 2379, 2380, 2382, 2385, 2386, 2388, 2389, 2391,
    2393, 2396, 2398, 2401, 2404, 2408, 2411, 2416, 2418, 2421, 2422, 2424,
    2426, 2430, 2432, 2435, 2438, 2441, 2444, 2447, 2450, 2451, 2454, 2456,
    2457, 2459, 2462, 2466, 2472, 2475, 2479, 2483, 2485, 2486, 2488, 2493,
    2494, 2496, 2497, 2503, 2505, 2507, 2511, 2512, 2514, 2517, 2518, 2521,
    2524, 2525, 2527, 2530, 2534, 2537, 2540, 2542, 2543, 2545, 2547, 2549,
    2550, 2552, 2555, 2558, 2561, 2565, 2569, 2572, 2576, 2579, 2580, 2582,
    2585, 2588, 2591, 2592, 2595, 2598, 2599, 2605, 2607, 2609, 2610, 2612,
    2618, 2619, 2622, 2626, 2632, 2633, 2635, 2638, 2641, 2643, 2644, 2646,
    2647, 2650, 2654, 2656, 2659, 2662, 2668, 2670, 2673, 2677, 2679, 2687,
    2688, 2691, 2697, 2699, 2702, 2706, 2708, 2713, 2714, 2716, 2717, 2720,
    2724, 2725, 2727, 2728, 2730, 2734, 2735, 2738, 2740, 2744, 2745, 2750,
    2753, 2754, 2757, 2759, 2763, 2765, 2769, 2772, 2773, 2774, 2776, 2778,
    2779, 2781, 2783, 2786, 2788, 2792, 2797, 2799, 2801, 2804, 2806, 2809,
    2813, 2814, 2816
[2] 0, 6, 15, 18, 52, 56, 73, 82, 93, 116, 127, 132, 140, 145, 152, 159, 163,
    167, 179, 183, 186, 190, 194, 198, 201, 213, 234, 238, 244, 247, 252, 255,
    259, 273, 278, 284, 306, 310, 316, 319, 322, 326, 336, 341, 353, 360, 365,
    368, 373, 386, 408, 423, 429, 443, 446, 470, 478, 486, 490, 497, 500, 503,
    508, 515, 528, 532, 536, 540, 547, 556, 561, 569, 592, 604, 627, 630, 634,
    652, 661, 674, 677, 683, 692, 695, 698, 702, 727, 733, 737, 740, 743, 747,
    758, 761, 764, 768, 772, 782, 786, 796, 802, 805, 814, 820, 828, 831, 837,
    846, 851, 874, 895, 899, 906, 909, 912, 921, 925, 931, 935, 945, 955, 959,
    973, 978, 984, 1004, 1008, 1011, 1019, 1023, 1036, 1040, 1044, 1055, 1059,
    1063, 1068, 1072, 1076, 1080, 1086, 1090, 1094, 1097, 1102, 1115, 1122,
    1133, 1139, 1143, 1158, 1168, 1172, 1186, 1206, 1215, 1221, 1224, 1232,
    1239, 1242, 1246, 1251, 1255, 1259, 1275, 1290, 1303, 1320, 1323, 1330,
    1338, 1342, 1347, 1354, 1374, 1377, 1387, 1393, 1400, 1409, 1413, 1417,
    1436, 1439, 1447, 1451, 1460, 1475, 1489, 1492, 1499, 1507, 1510, 1513,
    1516, 1522, 1525, 1533, 1538, 1555, 1573, 1584, 1607, 1619, 1622, 1628,
    1631, 1637, 1644, 1659, 1665, 1672, 1681, 1684, 1690, 1699, 1709, 1712,
    1728, 1735, 1739, 1745, 1749, 1757, 1767, 1773, 1777, 1782, 1787, 1791,
    1804, 1819, 1834, 1837, 1842, 1852, 1859, 1862, 1866, 1882, 1886, 1895,
    1898, 1902, 1905, 1908, 1920, 1930, 1946, 1949, 1953, 1956, 1959, 1975,
    1979, 1989, 1992, 1995, 2000, 2004, 2013, 2025, 2030, 2049, 2070, 2083,
    2087, 2114, 2126, 2135, 2138, 2141, 2144, 2147, 2151, 2156, 2163, 2170,
    2173, 2199, 2203, 2211, 2214, 2265, 2275, 2279, 2286, 2307, 2321, 2342,
    2345, 2352, 2358, 2372, 2376, 2384, 2395, 2403, 2407, 2410, 2440, 2443,
    2446, 2449, 2453, 2461, 2465, 2471, 2474, 2478, 2482, 2499, 2502, 2516,
    2520, 2529, 2533, 2536, 2539, 2560, 2568, 2575, 2584, 2590, 2594, 2617,
    2621, 2625, 2628, 2631, 2640, 2649, 2653, 2665, 2672, 2676, 2683, 2686,
    2690, 2694, 2719, 2723, 2733, 2737, 2743, 2747, 2752, 2756, 2762, 2768,
    2791, 2794, 2803

Reassigned labels

Runtime: 7.378200531005859

Performance split_log:

IM without threshold:
Map:
{"D_0": "D", "D_1": "D", "D_2": "D"}
token_fitness
{"perc_fit_traces": 0.0, "average_trace_fitness": 0.9019469705431721, "log_fitness": 0.9020803020173818, "percentage_of_fitting_traces": 0.0}
precision
0.7508029416178899
0.6629213483146068
generalization
0.7121229701319021

Adjusted Rand Index:
0.2352864221473772



Parameters of this run:

Window size: 3
Threshold for edges: 0.5
Split candidates: D
Max number of traces: 5000000
Method for distance calculation: Distance.MULTISET_DISTANCE
Method for finding clusters: ClusteringMethod.COMMUNITY_DETECTION
Original log location: ./data/noImprInLoop_default_OD\feb17-0936\logs\H_1_LogD_Sequence_feb17-0936.xes.gz
Use frequency: True

Found communities: 

Clustering with 2819 elements and 3 clusters
[0] 2, 4, 5, 8, 10, 11, 14, 17, 20, 22, 23, 25, 27, 28, 31, 33, 34, 36, 37,
    39, 40, 43, 45, 48, 51, 55, 59, 61, 62, 65, 66, 67, 69, 70, 71, 72, 76,
    78, 80, 81, 83, 84, 86, 87, 90, 91, 92, 95, 96, 98, 99, 100, 101, 102,
    105, 108, 110, 113, 115, 118, 119, 120, 121, 123, 124, 126, 129, 131, 134,
    135, 136, 137, 139, 142, 143, 144, 148, 150, 151, 154, 157, 158, 161, 162,
    165, 166, 168, 169, 170, 171, 173, 175, 176, 177, 178, 182, 185, 188, 189,
    192, 193, 196, 197, 200, 203, 204, 206, 207, 209, 212, 216, 219, 221, 222,
    224, 227, 230, 233, 236, 237, 239, 240, 243, 245, 246, 249, 250, 251, 254,
    257, 258, 261, 263, 264, 267, 269, 270, 272, 275, 280, 283, 286, 288, 290,
    292, 293, 295, 297, 300, 302, 305, 308, 309, 313, 314, 315, 317, 318, 324,
    325, 329, 331, 333, 335, 338, 340, 343, 344, 346, 348, 349, 352, 356, 359,
    361, 362, 364, 367, 369, 370, 372, 375, 376, 377, 379, 380, 382, 383, 385,
    388, 391, 392, 393, 396, 397, 398, 399, 400, 402, 404, 405, 406, 407, 410,
    411, 412, 413, 415, 417, 419, 422, 424, 425, 427, 428, 431, 432, 434, 437,
    438, 439, 442, 444, 445, 448, 449, 452, 455, 458, 459, 460, 463, 465, 466,
    469, 472, 473, 475, 477, 480, 482, 484, 485, 489, 492, 493, 494, 496, 499,
    501, 502, 505, 507, 510, 511, 513, 514, 516, 517, 519, 520, 522, 523, 525,
    527, 531, 535, 539, 541, 542, 544, 546, 550, 552, 553, 554, 555, 560, 563,
    565, 567, 568, 571, 572, 575, 577, 579, 581, 584, 585, 586, 588, 590, 591,
    594, 595, 597, 598, 600, 603, 606, 607, 609, 610, 612, 613, 615, 617, 619,
    623, 624, 632, 633, 636, 639, 641, 644, 647, 649, 651, 655, 657, 658, 660,
    664, 666, 668, 670, 671, 672, 673, 676, 680, 681, 682, 685, 687, 689, 691,
    694, 697, 700, 701, 704, 705, 707, 709, 711, 712, 713, 715, 716, 718, 719,
    721, 723, 726, 729, 732, 736, 739, 742, 745, 746, 749, 750, 752, 753, 755,
    757, 760, 763, 767, 771, 774, 775, 777, 778, 781, 784, 785, 788, 790, 792,
    793, 795, 798, 799, 800, 801, 804, 807, 809, 810, 811, 813, 816, 817, 819,
    822, 823, 824, 825, 827, 830, 833, 834, 836, 839, 841, 842, 845, 847, 848,
    849, 850, 852, 853, 857, 860, 862, 863, 865, 867, 869, 871, 873, 876, 877,
    880, 883, 885, 886, 888, 889, 891, 893, 894, 897, 898, 902, 904, 905, 907,
    908, 910, 911, 914, 915, 917, 918, 920, 924, 927, 928, 930, 934, 937, 939,
    941, 942, 944, 949, 950, 951, 953, 954, 958, 961, 963, 964, 966, 968, 970,
    972, 975, 976, 977, 980, 982, 983, 987, 989, 990, 992, 993, 994, 997, 999,
    1000, 1002, 1003, 1006, 1007, 1010, 1013, 1015, 1018, 1021, 1022, 1024,
    1025, 1027, 1029, 1030, 1033, 1035, 1039, 1042, 1043, 1046, 1049, 1051,
    1052, 1054, 1057, 1058, 1061, 1062, 1065, 1066, 1067, 1070, 1071, 1074,
    1075, 1079, 1083, 1085, 1088, 1089, 1092, 1093, 1095, 1096, 1099, 1101,
    1104, 1105, 1108, 1110, 1112, 1113, 1114, 1117, 1118, 1121, 1124, 1126,
    1129, 1131, 1132, 1135, 1137, 1138, 1142, 1145, 1148, 1150, 1153, 1155,
    1157, 1160, 1161, 1163, 1164, 1167, 1170, 1171, 1175, 1177, 1179, 1182,
    1184, 1185, 1188, 1189, 1191, 1193, 1194, 1196, 1198, 1199, 1201, 1202,
    1205, 1209, 1211, 1212, 1214, 1217, 1219, 1220, 1223, 1226, 1230, 1231,
    1235, 1238, 1244, 1245, 1248, 1250, 1253, 1254, 1258, 1261, 1264, 1267,
    1269, 1272, 1273, 1274, 1278, 1281, 1284, 1286, 1287, 1289, 1293, 1295,
    1296, 1299, 1302, 1304, 1305, 1307, 1309, 1312, 1314, 1316, 1317, 1319,
    1321, 1322, 1325, 1327, 1329, 1332, 1334, 1335, 1337, 1340, 1341, 1344,
    1345, 1346, 1350, 1352, 1353, 1357, 1359, 1361, 1363, 1366, 1368, 1369,
    1370, 1372, 1373, 1375, 1376, 1380, 1382, 1383, 1385, 1386, 1389, 1390,
    1392, 1395, 1396, 1399, 1402, 1403, 1405, 1407, 1408, 1411, 1412, 1415,
    1416, 1419, 1420, 1421, 1423, 1425, 1427, 1429, 1432, 1435, 1437, 1438,
    1442, 1444, 1446, 1449, 1450, 1454, 1457, 1459, 1461, 1462, 1463, 1464,
    1466, 1469, 1471, 1473, 1474, 1478, 1480, 1481, 1482, 1483, 1486, 1495,
    1498, 1503, 1504, 1506, 1509, 1512, 1515, 1519, 1524, 1526, 1527, 1529,
    1531, 1532, 1535, 1537, 1540, 1541, 1542, 1543, 1545, 1546, 1549, 1551,
    1552, 1554, 1557, 1558, 1560, 1562, 1564, 1565, 1567, 1570, 1572, 1575,
    1578, 1580, 1581, 1583, 1587, 1589, 1590, 1592, 1593, 1595, 1596, 1598,
    1601, 1603, 1604, 1605, 1606, 1610, 1612, 1614, 1615, 1617, 1618, 1621,
    1625, 1627, 1629, 1630, 1634, 1636, 1640, 1643, 1646, 1647, 1650, 1653,
    1656, 1658, 1662, 1663, 1664, 1667, 1670, 1671, 1674, 1677, 1679, 1680,
    1683, 1686, 1687, 1689, 1693, 1695, 1698, 1700, 1701, 1703, 1704, 1705,
    1706, 1708, 1711, 1713, 1714, 1716, 1718, 1720, 1722, 1724, 1727, 1731,
    1733, 1734, 1737, 1738, 1742, 1743, 1744, 1747, 1748, 1751, 1753, 1755,
    1756, 1759, 1761, 1763, 1765, 1766, 1768, 1769, 1772, 1776, 1779, 1781,
    1784, 1786, 1790, 1793, 1794, 1795, 1797, 1798, 1803, 1807, 1808, 1809,
    1812, 1814, 1815, 1818, 1821, 1822, 1824, 1825, 1827, 1830, 1832, 1833,
    1836, 1839, 1840, 1841, 1845, 1847, 1848, 1850, 1851, 1854, 1855, 1857,
    1858, 1861, 1865, 1868, 1870, 1871, 1874, 1876, 1879, 1881, 1885, 1888,
    1889, 1891, 1892, 1894, 1897, 1900, 1901, 1903, 1904, 1906, 1907, 1910,
    1911, 1914, 1915, 1916, 1919, 1923, 1925, 1926, 1928, 1929, 1931, 1932,
    1934, 1936, 1939, 1941, 1942, 1945, 1951, 1952, 1955, 1961, 1962, 1963,
    1965, 1966, 1968, 1969, 1970, 1971, 1973, 1974, 1978, 1981, 1982, 1985,
    1987, 1988, 1991, 1994, 1997, 1998, 1999, 2002, 2003, 2007, 2009, 2010,
    2012, 2016, 2019, 2021, 2022, 2024, 2027, 2029, 2032, 2033, 2035, 2037,
    2038, 2040, 2041, 2043, 2044, 2046, 2048, 2052, 2056, 2057, 2059, 2062,
    2064, 2065, 2066, 2069, 2072, 2075, 2077, 2079, 2081, 2082, 2085, 2086,
    2089, 2091, 2092, 2094, 2095, 2097, 2100, 2102, 2104, 2106, 2107, 2108,
    2109, 2111, 2112, 2113, 2116, 2117, 2118, 2119, 2121, 2122, 2124, 2125,
    2128, 2130, 2132, 2133, 2134, 2137, 2140, 2143, 2146, 2150, 2153, 2155,
    2158, 2159, 2162, 2165, 2166, 2168, 2169, 2172, 2174, 2175, 2177, 2179,
    2180, 2181, 2182, 2184, 2185, 2187, 2190, 2192, 2194, 2195, 2197, 2198,
    2201, 2202, 2208, 2210, 2213, 2215, 2216, 2217, 2218, 2221, 2223, 2225,
    2228, 2230, 2233, 2235, 2236, 2238, 2239, 2242, 2244, 2246, 2249, 2251,
    2252, 2255, 2257, 2258, 2261, 2263, 2264, 2266, 2267, 2269, 2270, 2271,
    2274, 2277, 2278, 2281, 2282, 2285, 2289, 2291, 2293, 2294, 2295, 2296,
    2298, 2300, 2301, 2303, 2305, 2306, 2310, 2313, 2315, 2317, 2319, 2320,
    2323, 2325, 2326, 2328, 2329, 2331, 2332, 2333, 2334, 2335, 2338, 2340,
    2341, 2343, 2344, 2347, 2349, 2351, 2354, 2355, 2357, 2359, 2360, 2362,
    2363, 2364, 2365, 2366, 2368, 2369, 2371, 2375, 2378, 2381, 2383, 2387,
    2390, 2392, 2394, 2397, 2399, 2400, 2402, 2405, 2406, 2409, 2412, 2413,
    2414, 2415, 2417, 2419, 2420, 2423, 2425, 2427, 2428, 2429, 2431, 2433,
    2434, 2436, 2437, 2439, 2442, 2445, 2448, 2452, 2455, 2458, 2460, 2463,
    2464, 2467, 2468, 2469, 2470, 2473, 2476, 2477, 2480, 2481, 2484, 2487,
    2489, 2490, 2491, 2492, 2495, 2498, 2500, 2501, 2504, 2506, 2508, 2509,
    2510, 2513, 2515, 2519, 2522, 2523, 2526, 2528, 2531, 2532, 2535, 2538,
    2541, 2544, 2546, 2548, 2551, 2553, 2554, 2556, 2557, 2559, 2562, 2563,
    2564, 2566, 2567, 2570, 2571, 2573, 2574, 2577, 2578, 2581, 2583, 2586,
    2587, 2589, 2593, 2596, 2597, 2600, 2601, 2602, 2603, 2604, 2606, 2608,
    2611, 2613, 2614, 2615, 2616, 2620, 2623, 2624, 2627, 2629, 2630, 2634,
    2636, 2637, 2639, 2642, 2645, 2648, 2651, 2652, 2655, 2657, 2658, 2660,
    2661, 2663, 2664, 2666, 2667, 2668, 2669, 2671, 2674, 2675, 2678, 2680,
    2681, 2682, 2684, 2685, 2689, 2692, 2693, 2695, 2696, 2698, 2700, 2701,
    2703, 2704, 2705, 2707, 2709, 2710, 2711, 2712, 2715, 2718, 2721, 2722,
    2726, 2729, 2731, 2732, 2736, 2739, 2741, 2742, 2746, 2748, 2749, 2751,
    2755, 2758, 2760, 2761, 2764, 2766, 2767, 2770, 2771, 2775, 2777, 2780,
    2782, 2784, 2785, 2787, 2789, 2790, 2793, 2795, 2796, 2798, 2800, 2802,
    2805, 2807, 2808, 2810, 2811, 2812, 2815, 2817, 2818
[1] 1, 3, 7, 9, 12, 13, 16, 19, 21, 24, 26, 29, 30, 32, 35, 38, 41, 42, 44,
    46, 47, 49, 50, 53, 54, 57, 58, 60, 63, 64, 68, 74, 75, 77, 79, 85, 88,
    89, 94, 97, 103, 104, 106, 107, 109, 111, 112, 114, 117, 122, 125, 128,
    130, 133, 138, 141, 146, 147, 149, 153, 155, 156, 160, 164, 172, 174, 180,
    181, 184, 187, 191, 195, 199, 202, 205, 208, 210, 211, 214, 215, 217, 218,
    220, 223, 225, 226, 228, 229, 231, 232, 235, 241, 242, 248, 253, 256, 260,
    262, 265, 266, 268, 271, 274, 276, 277, 279, 281, 282, 285, 287, 289, 291,
    294, 296, 298, 299, 301, 303, 304, 307, 311, 312, 320, 321, 323, 327, 328,
    330, 332, 334, 337, 339, 342, 345, 347, 350, 351, 354, 355, 357, 358, 363,
    366, 371, 374, 378, 381, 384, 387, 389, 390, 394, 395, 401, 403, 409, 414,
    416, 418, 420, 421, 426, 430, 433, 435, 436, 440, 441, 447, 450, 451, 453,
    454, 456, 457, 461, 462, 464, 467, 468, 471, 474, 476, 479, 481, 483, 487,
    488, 491, 495, 498, 504, 506, 509, 512, 518, 521, 524, 526, 529, 530, 533,
    534, 537, 538, 543, 545, 548, 549, 551, 557, 558, 559, 562, 564, 566, 570,
    573, 574, 576, 578, 580, 582, 583, 587, 589, 593, 596, 599, 601, 602, 605,
    608, 611, 614, 616, 618, 620, 621, 622, 625, 626, 628, 629, 631, 635, 637,
    638, 640, 642, 643, 645, 646, 648, 650, 653, 654, 656, 659, 662, 663, 665,
    667, 669, 675, 678, 679, 684, 686, 688, 690, 693, 696, 699, 703, 706, 708,
    710, 714, 717, 720, 722, 724, 725, 728, 730, 731, 734, 735, 738, 741, 744,
    748, 751, 754, 756, 759, 762, 765, 766, 769, 770, 773, 776, 779, 780, 783,
    787, 789, 791, 794, 797, 803, 806, 808, 812, 815, 818, 821, 826, 829, 832,
    835, 838, 840, 843, 844, 854, 855, 856, 858, 859, 861, 864, 866, 868, 870,
    872, 875, 878, 879, 881, 882, 884, 887, 890, 892, 896, 900, 901, 903, 913,
    916, 919, 922, 923, 926, 929, 932, 933, 936, 938, 940, 943, 946, 947, 948,
    952, 956, 957, 960, 962, 965, 967, 969, 971, 974, 979, 981, 985, 986, 988,
    991, 995, 996, 998, 1001, 1005, 1009, 1012, 1014, 1016, 1017, 1020, 1026,
    1028, 1031, 1032, 1034, 1037, 1038, 1041, 1045, 1047, 1048, 1050, 1053,
    1056, 1060, 1064, 1069, 1073, 1077, 1078, 1081, 1082, 1084, 1087, 1091,
    1098, 1100, 1103, 1106, 1107, 1109, 1111, 1116, 1119, 1120, 1123, 1125,
    1127, 1128, 1130, 1134, 1136, 1140, 1141, 1144, 1146, 1147, 1149, 1151,
    1152, 1154, 1156, 1159, 1162, 1165, 1166, 1169, 1173, 1174, 1176, 1178,
    1180, 1181, 1183, 1187, 1190, 1192, 1195, 1197, 1200, 1203, 1204, 1207,
    1208, 1210, 1213, 1216, 1218, 1222, 1225, 1227, 1228, 1229, 1233, 1234,
    1236, 1237, 1240, 1241, 1243, 1247, 1249, 1252, 1256, 1257, 1260, 1262,
    1263, 1265, 1266, 1268, 1270, 1271, 1276, 1277, 1279, 1280, 1282, 1283,
    1285, 1288, 1291, 1292, 1294, 1297, 1298, 1300, 1301, 1306, 1308, 1310,
    1311, 1313, 1315, 1318, 1324, 1326, 1328, 1331, 1333, 1336, 1339, 1343,
    1348, 1349, 1351, 1355, 1356, 1358, 1360, 1362, 1364, 1365, 1367, 1371,
    1378, 1379, 1381, 1384, 1388, 1391, 1394, 1397, 1398, 1401, 1404, 1406,
    1410, 1414, 1418, 1422, 1424, 1426, 1428, 1430, 1431, 1433, 1434, 1440,
    1441, 1443, 1445, 1448, 1452, 1453, 1455, 1456, 1458, 1465, 1467, 1468,
    1470, 1472, 1476, 1477, 1479, 1484, 1485, 1487, 1488, 1490, 1491, 1493,
    1494, 1496, 1497, 1500, 1501, 1502, 1505, 1508, 1511, 1514, 1517, 1518,
    1520, 1521, 1523, 1528, 1530, 1534, 1536, 1539, 1544, 1547, 1548, 1550,
    1553, 1556, 1559, 1561, 1563, 1566, 1568, 1569, 1571, 1574, 1576, 1577,
    1579, 1582, 1585, 1586, 1588, 1591, 1594, 1597, 1599, 1600, 1602, 1608,
    1609, 1611, 1613, 1616, 1620, 1623, 1624, 1626, 1632, 1633, 1635, 1638,
    1639, 1641, 1642, 1645, 1648, 1649, 1651, 1652, 1654, 1655, 1657, 1660,
    1661, 1666, 1668, 1669, 1673, 1675, 1676, 1678, 1682, 1685, 1688, 1691,
    1692, 1694, 1696, 1697, 1702, 1707, 1710, 1715, 1717, 1719, 1721, 1723,
    1725, 1726, 1729, 1730, 1732, 1736, 1740, 1741, 1746, 1750, 1752, 1754,
    1758, 1760, 1762, 1764, 1770, 1771, 1774, 1775, 1778, 1780, 1783, 1785,
    1788, 1789, 1792, 1796, 1799, 1800, 1801, 1802, 1805, 1806, 1810, 1811,
    1813, 1816, 1817, 1820, 1823, 1826, 1828, 1829, 1831, 1835, 1838, 1843,
    1844, 1846, 1849, 1853, 1856, 1860, 1863, 1864, 1867, 1869, 1872, 1873,
    1875, 1877, 1878, 1880, 1883, 1884, 1887, 1890, 1893, 1896, 1899, 1909,
    1912, 1913, 1917, 1918, 1921, 1922, 1924, 1927, 1933, 1935, 1937, 1938,
    1940, 1943, 1944, 1947, 1948, 1950, 1954, 1957, 1958, 1960, 1964, 1967,
    1972, 1976, 1977, 1980, 1983, 1984, 1986, 1990, 1993, 1996, 2001, 2005,
    2006, 2008, 2011, 2014, 2015, 2017, 2018, 2020, 2023, 2026, 2028, 2031,
    2034, 2036, 2039, 2042, 2045, 2047, 2050, 2051, 2053, 2054, 2055, 2058,
    2060, 2061, 2063, 2067, 2068, 2071, 2073, 2074, 2076, 2078, 2080, 2084,
    2088, 2090, 2093, 2096, 2098, 2099, 2101, 2103, 2105, 2110, 2115, 2120,
    2123, 2127, 2129, 2131, 2136, 2139, 2142, 2145, 2148, 2149, 2152, 2154,
    2157, 2160, 2161, 2164, 2167, 2171, 2176, 2178, 2183, 2186, 2188, 2189,
    2191, 2193, 2196, 2200, 2204, 2205, 2206, 2207, 2209, 2212, 2219, 2220,
    2222, 2224, 2226, 2227, 2229, 2231, 2232, 2234, 2237, 2240, 2241, 2243,
    2245, 2247, 2248, 2250, 2253, 2254, 2256, 2259, 2260, 2262, 2268, 2272,
    2273, 2276, 2280, 2283, 2284, 2287, 2288, 2290, 2292, 2297, 2299, 2302,
    2304, 2308, 2309, 2311, 2312, 2314, 2316, 2318, 2322, 2324, 2327, 2330,
    2336, 2337, 2339, 2346, 2348, 2350, 2353, 2356, 2361, 2367, 2370, 2373,
    2374, 2377, 2379, 2380, 2382, 2385, 2386, 2388, 2389, 2391, 2393, 2396,
    2398, 2401, 2404, 2408, 2411, 2416, 2418, 2421, 2422, 2424, 2426, 2430,
    2432, 2435, 2438, 2441, 2444, 2447, 2450, 2451, 2454, 2456, 2457, 2459,
    2462, 2466, 2472, 2475, 2479, 2483, 2485, 2486, 2488, 2493, 2494, 2496,
    2497, 2503, 2505, 2507, 2511, 2512, 2514, 2517, 2518, 2521, 2524, 2525,
    2527, 2530, 2534, 2537, 2540, 2542, 2543, 2545, 2547, 2549, 2550, 2552,
    2555, 2558, 2561, 2565, 2569, 2572, 2576, 2579, 2580, 2582, 2585, 2588,
    2591, 2592, 2595, 2598, 2599, 2605, 2607, 2609, 2610, 2612, 2618, 2619,
    2622, 2626, 2632, 2633, 2635, 2638, 2641, 2643, 2644, 2646, 2647, 2650,
    2654, 2656, 2659, 2662, 2670, 2673, 2677, 2679, 2687, 2688, 2691, 2697,
    2699, 2702, 2706, 2708, 2713, 2714, 2716, 2717, 2720, 2724, 2725, 2727,
    2728, 2730, 2734, 2735, 2738, 2740, 2744, 2745, 2750, 2753, 2754, 2757,
    2759, 2763, 2765, 2769, 2772, 2773, 2774, 2776, 2778, 2779, 2781, 2783,
    2786, 2788, 2792, 2797, 2799, 2801, 2804, 2806, 2809, 2813, 2814, 2816
[2] 0, 6, 15, 18, 52, 56, 73, 82, 93, 116, 127, 132, 140, 145, 152, 159, 163,
    167, 179, 183, 186, 190, 194, 198, 201, 213, 234, 238, 244, 247, 252, 255,
    259, 273, 278, 284, 306, 310, 316, 319, 322, 326, 336, 341, 353, 360, 365,
    368, 373, 386, 408, 423, 429, 443, 446, 470, 478, 486, 490, 497, 500, 503,
    508, 515, 528, 532, 536, 540, 547, 556, 561, 569, 592, 604, 627, 630, 634,
    652, 661, 674, 677, 683, 692, 695, 698, 702, 727, 733, 737, 740, 743, 747,
    758, 761, 764, 768, 772, 782, 786, 796, 802, 805, 814, 820, 828, 831, 837,
    846, 851, 874, 895, 899, 906, 909, 912, 921, 925, 931, 935, 945, 955, 959,
    973, 978, 984, 1004, 1008, 1011, 1019, 1023, 1036, 1040, 1044, 1055, 1059,
    1063, 1068, 1072, 1076, 1080, 1086, 1090, 1094, 1097, 1102, 1115, 1122,
    1133, 1139, 1143, 1158, 1168, 1172, 1186, 1206, 1215, 1221, 1224, 1232,
    1239, 1242, 1246, 1251, 1255, 1259, 1275, 1290, 1303, 1320, 1323, 1330,
    1338, 1342, 1347, 1354, 1374, 1377, 1387, 1393, 1400, 1409, 1413, 1417,
    1436, 1439, 1447, 1451, 1460, 1475, 1489, 1492, 1499, 1507, 1510, 1513,
    1516, 1522, 1525, 1533, 1538, 1555, 1573, 1584, 1607, 1619, 1622, 1628,
    1631, 1637, 1644, 1659, 1665, 1672, 1681, 1684, 1690, 1699, 1709, 1712,
    1728, 1735, 1739, 1745, 1749, 1757, 1767, 1773, 1777, 1782, 1787, 1791,
    1804, 1819, 1834, 1837, 1842, 1852, 1859, 1862, 1866, 1882, 1886, 1895,
    1898, 1902, 1905, 1908, 1920, 1930, 1946, 1949, 1953, 1956, 1959, 1975,
    1979, 1989, 1992, 1995, 2000, 2004, 2013, 2025, 2030, 2049, 2070, 2083,
    2087, 2114, 2126, 2135, 2138, 2141, 2144, 2147, 2151, 2156, 2163, 2170,
    2173, 2199, 2203, 2211, 2214, 2265, 2275, 2279, 2286, 2307, 2321, 2342,
    2345, 2352, 2358, 2372, 2376, 2384, 2395, 2403, 2407, 2410, 2440, 2443,
    2446, 2449, 2453, 2461, 2465, 2471, 2474, 2478, 2482, 2499, 2502, 2516,
    2520, 2529, 2533, 2536, 2539, 2560, 2568, 2575, 2584, 2590, 2594, 2617,
    2621, 2625, 2628, 2631, 2640, 2649, 2653, 2665, 2672, 2676, 2683, 2686,
    2690, 2694, 2719, 2723, 2733, 2737, 2743, 2747, 2752, 2756, 2762, 2768,
    2791, 2794, 2803

Reassigned labels

Runtime: 6.675005197525024

Performance split_log:

IM without threshold:
Map:
{"D_0": "D", "D_1": "D", "D_2": "D"}
token_fitness
{"perc_fit_traces": 0.0, "average_trace_fitness": 0.9019469705431721, "log_fitness": 0.9020803020173818, "percentage_of_fitting_traces": 0.0}
precision
0.7508029416178899
0.6629213483146068
generalization
0.7121229701319021

Adjusted Rand Index:
0.23442702927836873



Parameters of this run:

Window size: 3
Threshold for edges: 0.75
Split candidates: D
Max number of traces: 5000000
Method for distance calculation: Distance.MULTISET_DISTANCE
Method for finding clusters: ClusteringMethod.COMMUNITY_DETECTION
Original log location: ./data/noImprInLoop_default_OD\feb17-0936\logs\H_1_LogD_Sequence_feb17-0936.xes.gz
Use frequency: True

Found communities: 

Clustering with 2819 elements and 6 clusters
[0] 3, 9, 12, 13, 16, 19, 26, 29, 30, 35, 38, 41, 44, 46, 47, 49, 50, 53, 57,
    58, 60, 63, 68, 74, 75, 88, 94, 97, 103, 106, 109, 111, 114, 117, 128,
    130, 133, 146, 147, 149, 153, 155, 164, 174, 180, 181, 184, 191, 195, 202,
    208, 210, 214, 217, 218, 225, 228, 231, 235, 241, 253, 256, 260, 262, 265,
    268, 274, 276, 279, 281, 287, 289, 291, 294, 296, 298, 301, 303, 307, 311,
    320, 323, 327, 330, 332, 337, 339, 342, 345, 347, 350, 351, 354, 355, 357,
    363, 366, 371, 374, 378, 381, 384, 387, 389, 394, 401, 403, 414, 416, 418,
    420, 421, 426, 430, 433, 435, 440, 441, 447, 450, 451, 453, 456, 457, 461,
    462, 464, 467, 471, 474, 476, 479, 481, 483, 487, 491, 495, 498, 504, 506,
    509, 518, 521, 524, 529, 533, 537, 538, 545, 548, 549, 551, 557, 558, 559,
    562, 564, 566, 570, 573, 576, 580, 582, 583, 587, 596, 601, 605, 608, 611,
    614, 616, 618, 620, 622, 625, 628, 631, 635, 637, 640, 642, 645, 648, 653,
    656, 659, 662, 669, 675, 678, 679, 684, 688, 696, 699, 703, 708, 710, 714,
    717, 720, 724, 725, 728, 730, 731, 734, 735, 738, 741, 744, 748, 751, 762,
    765, 769, 773, 776, 779, 787, 789, 791, 794, 797, 806, 812, 826, 829, 835,
    838, 843, 844, 854, 855, 856, 858, 861, 864, 866, 868, 870, 875, 878, 881,
    882, 884, 890, 900, 903, 922, 923, 926, 929, 932, 936, 938, 940, 943, 946,
    947, 948, 952, 956, 960, 962, 965, 967, 969, 971, 979, 981, 985, 988, 991,
    995, 996, 998, 1001, 1005, 1009, 1014, 1016, 1031, 1034, 1037, 1038, 1047,
    1048, 1050, 1053, 1060, 1064, 1069, 1073, 1077, 1081, 1091, 1098, 1100,
    1103, 1106, 1109, 1111, 1116, 1119, 1125, 1127, 1128, 1130, 1134, 1136,
    1140, 1146, 1147, 1149, 1151, 1152, 1154, 1156, 1159, 1165, 1173, 1174,
    1176, 1178, 1180, 1181, 1183, 1187, 1190, 1192, 1195, 1197, 1200, 1203,
    1204, 1207, 1208, 1213, 1216, 1218, 1225, 1227, 1228, 1229, 1233, 1236,
    1237, 1240, 1243, 1249, 1252, 1256, 1257, 1260, 1262, 1265, 1266, 1268,
    1270, 1271, 1276, 1277, 1279, 1280, 1282, 1283, 1288, 1291, 1292, 1294,
    1297, 1300, 1310, 1311, 1315, 1318, 1324, 1331, 1333, 1336, 1339, 1343,
    1348, 1351, 1355, 1358, 1360, 1362, 1364, 1367, 1378, 1381, 1384, 1391,
    1394, 1397, 1406, 1410, 1414, 1418, 1422, 1424, 1426, 1428, 1430, 1433,
    1440, 1441, 1443, 1448, 1452, 1455, 1458, 1465, 1467, 1468, 1472, 1476,
    1479, 1484, 1487, 1490, 1491, 1493, 1496, 1500, 1502, 1505, 1508, 1511,
    1514, 1517, 1520, 1528, 1536, 1539, 1544, 1547, 1548, 1556, 1559, 1561,
    1563, 1566, 1568, 1569, 1571, 1574, 1576, 1579, 1582, 1585, 1588, 1591,
    1597, 1599, 1600, 1608, 1613, 1616, 1620, 1623, 1626, 1632, 1633, 1635,
    1638, 1641, 1642, 1645, 1648, 1649, 1651, 1652, 1654, 1660, 1668, 1669,
    1673, 1675, 1676, 1678, 1682, 1685, 1688, 1691, 1692, 1694, 1696, 1697,
    1702, 1707, 1710, 1715, 1717, 1719, 1723, 1725, 1726, 1729, 1730, 1736,
    1740, 1746, 1752, 1754, 1758, 1762, 1764, 1770, 1774, 1775, 1778, 1780,
    1783, 1788, 1789, 1792, 1796, 1799, 1800, 1801, 1802, 1805, 1810, 1811,
    1816, 1820, 1823, 1826, 1828, 1831, 1835, 1843, 1844, 1846, 1849, 1860,
    1863, 1864, 1867, 1872, 1873, 1875, 1877, 1880, 1883, 1884, 1887, 1890,
    1893, 1896, 1899, 1909, 1912, 1917, 1918, 1921, 1922, 1924, 1927, 1935,
    1937, 1940, 1943, 1947, 1948, 1950, 1954, 1957, 1958, 1960, 1964, 1967,
    1972, 1976, 1983, 1986, 1990, 1993, 1996, 2001, 2005, 2006, 2011, 2014,
    2015, 2017, 2018, 2023, 2026, 2031, 2034, 2036, 2039, 2042, 2050, 2053,
    2054, 2055, 2058, 2060, 2067, 2071, 2073, 2076, 2080, 2093, 2096, 2098,
    2101, 2103, 2105, 2127, 2131, 2136, 2142, 2148, 2154, 2157, 2160, 2164,
    2167, 2176, 2178, 2183, 2186, 2188, 2191, 2193, 2204, 2205, 2206, 2209,
    2212, 2219, 2224, 2226, 2227, 2229, 2231, 2234, 2237, 2240, 2241, 2243,
    2247, 2248, 2250, 2253, 2259, 2262, 2268, 2272, 2273, 2280, 2283, 2284,
    2287, 2288, 2292, 2297, 2302, 2304, 2308, 2309, 2311, 2312, 2314, 2316,
    2318, 2322, 2324, 2327, 2330, 2336, 2346, 2348, 2353, 2356, 2361, 2367,
    2370, 2373, 2377, 2379, 2382, 2385, 2388, 2396, 2398, 2401, 2408, 2411,
    2416, 2421, 2422, 2426, 2430, 2432, 2438, 2441, 2444, 2447, 2450, 2451,
    2454, 2456, 2459, 2462, 2472, 2479, 2483, 2485, 2486, 2493, 2496, 2503,
    2505, 2511, 2514, 2517, 2524, 2525, 2527, 2530, 2534, 2537, 2540, 2542,
    2547, 2549, 2555, 2558, 2565, 2569, 2572, 2576, 2579, 2580, 2582, 2588,
    2591, 2592, 2595, 2598, 2599, 2607, 2609, 2610, 2612, 2618, 2619, 2622,
    2626, 2632, 2633, 2635, 2643, 2644, 2646, 2650, 2659, 2673, 2677, 2679,
    2687, 2691, 2699, 2702, 2706, 2708, 2713, 2714, 2716, 2717, 2720, 2724,
    2727, 2728, 2730, 2734, 2738, 2740, 2744, 2750, 2753, 2757, 2759, 2769,
    2772, 2774, 2778, 2779, 2783, 2786, 2788, 2799, 2801, 2804, 2806, 2809,
    2813, 2814
[1] 5, 8, 10, 11, 14, 17, 22, 23, 25, 28, 31, 36, 37, 39, 40, 43, 45, 51, 55,
    61, 62, 67, 70, 76, 78, 80, 81, 83, 84, 86, 87, 90, 91, 92, 95, 96, 101,
    102, 105, 113, 118, 119, 121, 123, 124, 126, 131, 134, 135, 136, 137, 139,
    142, 143, 144, 148, 151, 154, 161, 162, 166, 168, 169, 170, 171, 175, 176,
    177, 178, 182, 192, 193, 197, 200, 204, 206, 207, 212, 221, 222, 233, 236,
    237, 240, 243, 249, 250, 251, 261, 263, 264, 272, 275, 280, 283, 286, 288,
    292, 293, 297, 300, 313, 314, 315, 318, 329, 333, 335, 338, 344, 348, 349,
    359, 361, 362, 379, 380, 383, 388, 391, 397, 398, 399, 400, 402, 406, 407,
    412, 413, 415, 417, 422, 431, 432, 437, 442, 455, 466, 469, 472, 473, 477,
    492, 493, 494, 496, 499, 502, 507, 510, 511, 516, 517, 519, 520, 527, 531,
    535, 541, 542, 544, 546, 550, 552, 553, 555, 567, 568, 575, 577, 579, 581,
    585, 586, 588, 590, 591, 594, 595, 600, 603, 606, 607, 617, 624, 639, 644,
    647, 651, 655, 657, 658, 664, 666, 668, 671, 681, 682, 685, 687, 691, 694,
    697, 711, 716, 721, 723, 726, 729, 739, 742, 750, 757, 760, 771, 781, 784,
    785, 793, 798, 799, 801, 804, 807, 830, 833, 834, 839, 842, 845, 847, 848,
    860, 865, 867, 869, 871, 873, 876, 877, 880, 883, 885, 886, 888, 889, 891,
    897, 898, 902, 904, 905, 907, 908, 910, 911, 914, 915, 917, 918, 920, 924,
    930, 937, 942, 949, 950, 951, 953, 954, 961, 972, 976, 977, 980, 987, 992,
    997, 999, 1000, 1010, 1013, 1015, 1018, 1027, 1029, 1030, 1033, 1035,
    1039, 1046, 1049, 1054, 1057, 1058, 1061, 1062, 1065, 1066, 1067, 1075,
    1079, 1083, 1085, 1088, 1089, 1093, 1095, 1096, 1104, 1105, 1108, 1110,
    1112, 1114, 1117, 1118, 1121, 1131, 1132, 1137, 1138, 1142, 1148, 1150,
    1153, 1163, 1164, 1167, 1170, 1171, 1177, 1182, 1185, 1191, 1194, 1196,
    1201, 1202, 1205, 1209, 1211, 1212, 1217, 1223, 1231, 1235, 1238, 1244,
    1245, 1248, 1250, 1254, 1261, 1264, 1272, 1273, 1274, 1284, 1286, 1287,
    1296, 1304, 1305, 1307, 1309, 1314, 1327, 1329, 1332, 1337, 1340, 1341,
    1344, 1350, 1357, 1359, 1361, 1366, 1368, 1372, 1373, 1380, 1383, 1390,
    1392, 1399, 1402, 1403, 1405, 1419, 1420, 1421, 1423, 1427, 1432, 1435,
    1454, 1459, 1462, 1466, 1469, 1471, 1473, 1474, 1478, 1483, 1486, 1498,
    1504, 1506, 1509, 1524, 1529, 1531, 1532, 1535, 1537, 1540, 1541, 1543,
    1545, 1546, 1551, 1552, 1558, 1562, 1570, 1572, 1578, 1587, 1590, 1601,
    1603, 1604, 1610, 1617, 1618, 1629, 1630, 1640, 1647, 1656, 1658, 1662,
    1663, 1664, 1667, 1670, 1671, 1674, 1677, 1693, 1698, 1703, 1704, 1708,
    1718, 1720, 1722, 1731, 1733, 1734, 1742, 1743, 1744, 1748, 1751, 1753,
    1761, 1765, 1766, 1772, 1776, 1779, 1786, 1794, 1795, 1797, 1798, 1803,
    1807, 1809, 1812, 1821, 1822, 1824, 1825, 1830, 1832, 1833, 1836, 1840,
    1841, 1845, 1848, 1854, 1855, 1858, 1861, 1865, 1870, 1871, 1876, 1879,
    1885, 1892, 1897, 1916, 1936, 1939, 1941, 1942, 1945, 1961, 1962, 1963,
    1966, 1978, 1981, 1982, 1985, 2002, 2003, 2009, 2010, 2019, 2021, 2022,
    2027, 2029, 2035, 2040, 2041, 2043, 2044, 2046, 2048, 2052, 2059, 2062,
    2064, 2065, 2066, 2072, 2075, 2077, 2079, 2081, 2082, 2089, 2091, 2092,
    2095, 2100, 2104, 2108, 2109, 2116, 2117, 2118, 2119, 2121, 2122, 2128,
    2130, 2134, 2140, 2146, 2150, 2155, 2162, 2165, 2166, 2172, 2174, 2175,
    2179, 2180, 2190, 2194, 2195, 2197, 2198, 2201, 2202, 2208, 2213, 2221,
    2223, 2225, 2233, 2239, 2249, 2251, 2252, 2255, 2258, 2263, 2264, 2270,
    2271, 2285, 2289, 2291, 2298, 2310, 2313, 2315, 2317, 2319, 2320, 2323,
    2325, 2326, 2329, 2335, 2338, 2340, 2341, 2347, 2349, 2351, 2354, 2355,
    2357, 2363, 2364, 2371, 2381, 2390, 2394, 2399, 2400, 2412, 2413, 2419,
    2420, 2427, 2433, 2434, 2436, 2437, 2439, 2445, 2448, 2452, 2455, 2458,
    2463, 2464, 2476, 2477, 2480, 2481, 2495, 2498, 2500, 2501, 2506, 2515,
    2522, 2523, 2526, 2528, 2531, 2532, 2544, 2546, 2551, 2557, 2562, 2570,
    2571, 2573, 2574, 2577, 2578, 2586, 2587, 2597, 2600, 2606, 2608, 2614,
    2624, 2629, 2630, 2634, 2645, 2648, 2657, 2658, 2660, 2661, 2664, 2669,
    2671, 2678, 2680, 2681, 2682, 2684, 2685, 2689, 2693, 2705, 2709, 2710,
    2711, 2712, 2715, 2718, 2726, 2729, 2732, 2736, 2739, 2746, 2748, 2749,
    2764, 2766, 2767, 2775, 2777, 2784, 2785, 2789, 2790, 2793, 2796, 2798,
    2808, 2815, 2817, 2818
[2] 2, 33, 34, 48, 59, 65, 66, 72, 98, 100, 108, 115, 120, 129, 157, 158, 173,
    185, 188, 189, 209, 216, 219, 224, 227, 230, 239, 245, 246, 254, 257, 258,
    267, 270, 290, 302, 305, 308, 309, 325, 331, 340, 346, 352, 356, 364, 367,
    369, 370, 375, 376, 377, 393, 396, 404, 405, 410, 411, 419, 424, 425, 428,
    434, 439, 444, 445, 449, 452, 458, 459, 460, 463, 475, 480, 482, 484, 485,
    489, 501, 505, 513, 514, 522, 523, 525, 539, 560, 563, 571, 572, 584, 598,
    609, 610, 612, 613, 615, 619, 623, 632, 633, 636, 641, 649, 660, 673, 676,
    680, 700, 701, 704, 705, 707, 709, 713, 718, 719, 732, 736, 745, 746, 752,
    753, 755, 763, 767, 774, 775, 778, 788, 795, 809, 810, 811, 813, 816, 817,
    819, 822, 823, 824, 825, 827, 836, 841, 850, 853, 857, 862, 863, 893, 894,
    927, 928, 934, 939, 944, 958, 963, 964, 970, 975, 982, 983, 990, 993, 994,
    1002, 1003, 1006, 1007, 1021, 1022, 1024, 1025, 1042, 1043, 1052, 1070,
    1071, 1099, 1101, 1113, 1124, 1126, 1129, 1145, 1157, 1160, 1161, 1175,
    1188, 1189, 1199, 1214, 1219, 1220, 1226, 1258, 1267, 1269, 1278, 1281,
    1289, 1293, 1299, 1302, 1312, 1317, 1319, 1322, 1325, 1334, 1335, 1346,
    1353, 1369, 1370, 1376, 1385, 1386, 1389, 1395, 1396, 1407, 1408, 1412,
    1415, 1416, 1425, 1429, 1437, 1438, 1442, 1446, 1449, 1450, 1457, 1464,
    1481, 1495, 1515, 1519, 1526, 1527, 1542, 1549, 1554, 1564, 1565, 1567,
    1575, 1580, 1581, 1583, 1592, 1593, 1595, 1596, 1605, 1606, 1612, 1615,
    1621, 1625, 1627, 1634, 1643, 1650, 1653, 1680, 1683, 1686, 1687, 1695,
    1701, 1705, 1706, 1711, 1713, 1714, 1716, 1724, 1727, 1737, 1738, 1756,
    1759, 1763, 1768, 1769, 1784, 1790, 1793, 1814, 1815, 1818, 1827, 1839,
    1850, 1851, 1857, 1868, 1874, 1881, 1889, 1894, 1901, 1903, 1904, 1906,
    1907, 1911, 1914, 1919, 1923, 1926, 1929, 1931, 1932, 1934, 1951, 1952,
    1955, 1968, 1969, 1970, 1971, 1973, 1974, 1988, 1994, 1997, 1998, 1999,
    2007, 2012, 2016, 2024, 2032, 2033, 2038, 2056, 2057, 2069, 2085, 2086,
    2106, 2107, 2111, 2113, 2124, 2125, 2132, 2143, 2153, 2159, 2169, 2181,
    2182, 2185, 2187, 2192, 2215, 2216, 2217, 2218, 2228, 2235, 2236, 2242,
    2244, 2246, 2257, 2261, 2267, 2269, 2274, 2277, 2278, 2282, 2293, 2294,
    2295, 2296, 2300, 2301, 2303, 2306, 2328, 2331, 2332, 2333, 2334, 2343,
    2344, 2359, 2360, 2362, 2365, 2366, 2369, 2375, 2383, 2387, 2392, 2397,
    2405, 2406, 2409, 2414, 2415, 2417, 2423, 2425, 2429, 2431, 2460, 2467,
    2468, 2470, 2473, 2487, 2489, 2490, 2491, 2492, 2508, 2509, 2510, 2513,
    2519, 2535, 2538, 2548, 2553, 2554, 2556, 2564, 2566, 2567, 2581, 2583,
    2589, 2593, 2601, 2602, 2603, 2604, 2611, 2615, 2616, 2620, 2627, 2636,
    2637, 2639, 2642, 2652, 2655, 2663, 2666, 2667, 2674, 2675, 2695, 2696,
    2698, 2700, 2701, 2703, 2704, 2707, 2721, 2722, 2741, 2742, 2755, 2758,
    2760, 2761, 2770, 2771, 2780, 2782, 2800, 2805, 2807, 2810, 2811, 2812
[3] 1, 4, 7, 20, 21, 24, 27, 32, 42, 54, 64, 69, 71, 77, 79, 85, 89, 99, 104,
    107, 110, 112, 122, 125, 138, 141, 156, 160, 165, 172, 187, 196, 199, 203,
    205, 211, 215, 220, 223, 226, 229, 232, 242, 248, 266, 269, 271, 277, 282,
    285, 295, 299, 304, 312, 317, 321, 324, 328, 334, 343, 358, 372, 385, 390,
    392, 395, 409, 427, 436, 438, 448, 454, 465, 468, 488, 512, 526, 530, 534,
    543, 565, 574, 589, 593, 597, 599, 602, 621, 626, 629, 638, 643, 646, 650,
    654, 663, 665, 667, 672, 686, 689, 690, 693, 706, 712, 715, 722, 754, 756,
    759, 766, 770, 777, 780, 783, 790, 792, 800, 803, 808, 815, 818, 821, 832,
    840, 849, 852, 859, 872, 879, 887, 892, 896, 901, 913, 916, 919, 933, 941,
    957, 966, 968, 974, 986, 989, 1012, 1020, 1026, 1028, 1032, 1041, 1045,
    1051, 1056, 1074, 1078, 1082, 1084, 1087, 1092, 1107, 1120, 1123, 1135,
    1141, 1144, 1155, 1162, 1166, 1169, 1179, 1184, 1193, 1198, 1210, 1222,
    1234, 1241, 1247, 1253, 1263, 1285, 1295, 1298, 1301, 1306, 1308, 1313,
    1316, 1321, 1326, 1328, 1345, 1349, 1352, 1356, 1363, 1365, 1371, 1375,
    1379, 1388, 1398, 1401, 1404, 1411, 1431, 1434, 1444, 1445, 1453, 1456,
    1461, 1463, 1470, 1477, 1480, 1482, 1485, 1488, 1494, 1497, 1501, 1503,
    1512, 1518, 1521, 1523, 1530, 1534, 1550, 1553, 1557, 1560, 1577, 1586,
    1589, 1594, 1598, 1602, 1609, 1611, 1614, 1624, 1636, 1639, 1646, 1655,
    1661, 1666, 1679, 1689, 1700, 1721, 1732, 1741, 1747, 1750, 1755, 1760,
    1771, 1781, 1785, 1806, 1808, 1813, 1817, 1829, 1838, 1847, 1853, 1856,
    1869, 1878, 1888, 1900, 1910, 1913, 1915, 1925, 1928, 1933, 1938, 1944,
    1977, 1980, 1984, 1987, 1991, 2008, 2020, 2028, 2037, 2045, 2047, 2051,
    2063, 2068, 2074, 2078, 2084, 2088, 2090, 2094, 2097, 2099, 2102, 2110,
    2112, 2115, 2120, 2123, 2129, 2133, 2137, 2139, 2145, 2149, 2152, 2158,
    2161, 2168, 2171, 2177, 2184, 2196, 2200, 2207, 2210, 2220, 2222, 2230,
    2232, 2238, 2245, 2254, 2256, 2260, 2266, 2276, 2281, 2290, 2299, 2305,
    2337, 2339, 2350, 2368, 2374, 2378, 2380, 2386, 2389, 2391, 2393, 2402,
    2404, 2418, 2424, 2428, 2435, 2442, 2457, 2466, 2469, 2475, 2484, 2488,
    2494, 2497, 2504, 2507, 2512, 2518, 2521, 2541, 2543, 2545, 2550, 2552,
    2559, 2561, 2563, 2585, 2596, 2605, 2613, 2623, 2638, 2641, 2647, 2651,
    2654, 2656, 2662, 2668, 2670, 2692, 2697, 2725, 2731, 2735, 2745, 2751,
    2754, 2763, 2765, 2773, 2776, 2781, 2787, 2792, 2795, 2797, 2802, 2816
[4] 0, 6, 15, 18, 52, 56, 73, 82, 93, 116, 127, 132, 140, 145, 152, 159, 163,
    167, 179, 183, 186, 190, 194, 198, 201, 213, 234, 238, 244, 247, 252, 255,
    259, 273, 278, 284, 306, 310, 316, 319, 322, 326, 336, 341, 353, 360, 365,
    368, 373, 386, 408, 423, 429, 443, 446, 470, 478, 486, 490, 497, 500, 503,
    508, 515, 528, 532, 536, 540, 547, 556, 561, 569, 592, 604, 627, 630, 634,
    652, 661, 674, 677, 683, 692, 695, 698, 702, 727, 733, 737, 740, 743, 747,
    758, 761, 764, 768, 772, 782, 786, 796, 802, 805, 814, 820, 828, 831, 837,
    846, 851, 874, 895, 899, 906, 909, 912, 921, 925, 931, 935, 945, 955, 959,
    973, 978, 984, 1004, 1008, 1011, 1019, 1023, 1036, 1040, 1044, 1055, 1059,
    1063, 1068, 1072, 1076, 1080, 1086, 1090, 1094, 1097, 1102, 1115, 1122,
    1133, 1139, 1143, 1158, 1168, 1172, 1186, 1206, 1215, 1221, 1224, 1232,
    1239, 1242, 1246, 1251, 1255, 1259, 1275, 1290, 1303, 1320, 1323, 1330,
    1338, 1342, 1347, 1354, 1374, 1377, 1387, 1393, 1400, 1409, 1413, 1417,
    1436, 1439, 1447, 1451, 1460, 1475, 1489, 1492, 1499, 1507, 1510, 1513,
    1516, 1522, 1525, 1533, 1538, 1555, 1573, 1584, 1607, 1619, 1622, 1628,
    1631, 1637, 1644, 1659, 1665, 1672, 1681, 1684, 1690, 1699, 1709, 1712,
    1728, 1735, 1739, 1745, 1749, 1757, 1767, 1773, 1777, 1782, 1787, 1791,
    1804, 1819, 1834, 1837, 1842, 1852, 1859, 1862, 1866, 1882, 1886, 1895,
    1898, 1902, 1905, 1908, 1920, 1930, 1946, 1949, 1953, 1956, 1959, 1975,
    1979, 1989, 1992, 1995, 2000, 2004, 2013, 2025, 2030, 2049, 2070, 2083,
    2087, 2114, 2126, 2135, 2138, 2141, 2144, 2147, 2151, 2156, 2163, 2170,
    2173, 2199, 2203, 2211, 2214, 2265, 2275, 2279, 2286, 2307, 2321, 2342,
    2345, 2352, 2358, 2372, 2376, 2384, 2395, 2403, 2407, 2410, 2440, 2443,
    2446, 2449, 2453, 2461, 2465, 2471, 2474, 2478, 2482, 2499, 2502, 2516,
    2520, 2529, 2533, 2536, 2539, 2560, 2568, 2575, 2584, 2590, 2594, 2617,
    2621, 2625, 2628, 2631, 2640, 2649, 2653, 2665, 2672, 2676, 2683, 2686,
    2690, 2694, 2719, 2723, 2733, 2737, 2743, 2747, 2752, 2756, 2762, 2768,
    2791, 2794, 2803
[5] 150, 382, 554, 578, 670, 749, 1017, 1230, 1382, 1657, 1891, 1965, 2061,
    2189, 2688

Reassigned labels

Runtime: 5.675246477127075

Performance split_log:

IM without threshold:
Map:
{"D_0": "D", "D_1": "D", "D_2": "D", "D_3": "D", "D_4": "D", "D_5": "D"}
token_fitness
{"perc_fit_traces": 13.4, "average_trace_fitness": 0.917386502455386, "log_fitness": 0.9168246306041938, "percentage_of_fitting_traces": 13.4}
precision
0.7066740668794228
0.6377952755905513
generalization
0.6697389352593943

Adjusted Rand Index:
0.18910825315575822



Parameters of this run:

Window size: 3
Threshold for edges: 1
Split candidates: D
Max number of traces: 5000000
Method for distance calculation: Distance.MULTISET_DISTANCE
Method for finding clusters: ClusteringMethod.COMMUNITY_DETECTION
Original log location: ./data/noImprInLoop_default_OD\feb17-0936\logs\H_1_LogD_Sequence_feb17-0936.xes.gz
Use frequency: True

Found communities: 

Clustering with 2819 elements and 334 clusters
[  0] 10, 11, 14, 22, 28, 36, 39, 43, 51, 61, 78, 80, 86, 95, 102, 118, 119,
      123, 134, 137, 142, 144, 151, 161, 175, 192, 193, 200, 204, 206, 221,
      236, 237, 249, 251, 263, 264, 275, 283, 292, 300, 313, 315, 333, 335,
      338, 344, 348, 349, 359, 379, 380, 383, 413, 431, 432, 442, 455, 472,
      473, 492, 494, 507, 510, 511, 517, 519, 520, 527, 542, 552, 567, 568,
      577, 590, 594, 600, 606, 607, 657, 658, 687, 691, 726, 757, 760, 784,
      798, 799, 804, 830, 833, 845, 848, 865, 876, 885, 886, 888, 897, 902,
      904, 905, 911, 914, 917, 920, 924, 942, 951, 953, 954, 972, 999, 1000,
      1010, 1013, 1018, 1029, 1039, 1046, 1057, 1061, 1062, 1065, 1088, 1096,
      1104, 1105, 1110, 1117, 1131, 1137, 1138, 1153, 1163, 1170, 1177, 1185,
      1194, 1201, 1209, 1211, 1217, 1244, 1245, 1250, 1261, 1264, 1274, 1284,
      1286, 1309, 1314, 1329, 1340, 1368, 1372, 1383, 1402, 1421, 1423, 1462,
      1473, 1474, 1483, 1509, 1524, 1531, 1540, 1541, 1545, 1551, 1558, 1562,
      1572, 1601, 1603, 1617, 1618, 1658, 1671, 1693, 1703, 1733, 1744, 1748,
      1753, 1761, 1765, 1795, 1797, 1798, 1803, 1807, 1812, 1821, 1824, 1832,
      1833, 1848, 1854, 1870, 1885, 1941, 1942, 1966, 1981, 2002, 2009, 2019,
      2021, 2027, 2029, 2040, 2043, 2048, 2062, 2072, 2075, 2077, 2081, 2089,
      2091, 2095, 2116, 2121, 2130, 2140, 2165, 2166, 2172, 2179, 2180, 2190,
      2194, 2195, 2197, 2201, 2249, 2251, 2255, 2263, 2271, 2289, 2291, 2298,
      2315, 2317, 2319, 2323, 2325, 2326, 2340, 2347, 2354, 2355, 2399, 2400,
      2412, 2413, 2419, 2427, 2433, 2434, 2436, 2439, 2452, 2463, 2464, 2476,
      2480, 2481, 2501, 2515, 2522, 2526, 2531, 2546, 2570, 2571, 2573, 2577,
      2578, 2586, 2606, 2630, 2657, 2660, 2671, 2678, 2680, 2689, 2709, 2718,
      2764, 2766, 2784, 2789, 2790, 2796, 2815, 2817
[  1] 6, 56, 93, 132, 140, 152, 159, 167, 190, 201, 213, 234, 244, 247, 259,
      284, 306, 316, 322, 326, 336, 478, 486, 497, 500, 508, 569, 634, 661,
      677, 695, 702, 733, 737, 743, 747, 758, 764, 768, 772, 782, 786, 802,
      805, 814, 828, 831, 846, 895, 906, 931, 959, 984, 1040, 1044, 1068,
      1086, 1097, 1139, 1158, 1168, 1172, 1239, 1255, 1303, 1320, 1330, 1342,
      1393, 1400, 1413, 1439, 1451, 1460, 1475, 1525, 1637, 1659, 1672, 1681,
      1735, 1739, 1745, 1749, 1777, 1782, 1787, 1886, 1920, 1930, 1946, 1949,
      1953, 1959, 1975, 1979, 1989, 1995, 2000, 2004, 2013, 2030, 2087, 2135,
      2141, 2163, 2170, 2203, 2211, 2214, 2265, 2279, 2321, 2352, 2358, 2372,
      2376, 2395, 2407, 2410, 2440, 2443, 2446, 2478, 2482, 2536, 2539, 2575,
      2590, 2594, 2631, 2649, 2665, 2686, 2694, 2719, 2733, 2747, 2803
[  2] 23, 40, 55, 76, 96, 105, 113, 124, 207, 212, 233, 243, 293, 391, 437,
      469, 531, 535, 550, 553, 575, 603, 624, 639, 644, 647, 664, 671, 750,
      771, 781, 842, 860, 880, 987, 997, 1033, 1079, 1083, 1108, 1142, 1148,
      1167, 1182, 1205, 1212, 1231, 1235, 1341, 1350, 1357, 1366, 1373, 1380,
      1390, 1399, 1432, 1454, 1478, 1486, 1498, 1552, 1570, 1578, 1587, 1610,
      1640, 1656, 1662, 1698, 1704, 1734, 1766, 1772, 1825, 1830, 1845, 1855,
      1858, 1879, 1892, 1939, 1945, 1978, 1982, 1985, 2010, 2022, 2044, 2052,
      2100, 2117, 2150, 2162, 2198, 2208, 2221, 2258, 2285, 2320, 2329, 2338,
      2420, 2458, 2477, 2495, 2498, 2532, 2551, 2557, 2600, 2645, 2648, 2661,
      2664, 2715, 2736, 2746, 2785, 2808
[  3] 100, 158, 246, 258, 352, 405, 428, 485, 513, 571, 584, 612, 623, 633,
      649, 660, 701, 705, 707, 719, 736, 746, 753, 755, 795, 811, 841, 850,
      863, 893, 982, 983, 994, 1002, 1003, 1006, 1007, 1042, 1071, 1161, 1199,
      1269, 1293, 1322, 1353, 1370, 1386, 1389, 1396, 1408, 1412, 1442, 1449,
      1450, 1464, 1565, 1643, 1653, 1687, 1706, 1714, 1727, 1756, 1814, 1857,
      1901, 1904, 1911, 1926, 1929, 1934, 1952, 1968, 1969, 2032, 2033, 2056,
      2057, 2107, 2124, 2143, 2182, 2218, 2236, 2257, 2274, 2294, 2300, 2328,
      2331, 2344, 2366, 2369, 2392, 2415, 2423, 2467, 2556, 2566, 2567, 2581,
      2589, 2602, 2616, 2655, 2663, 2667, 2674, 2675, 2700, 2722, 2761, 2770,
      2771, 2782, 2800, 2807
[  4] 8, 25, 67, 92, 121, 126, 139, 154, 169, 178, 240, 272, 280, 286, 288,
      297, 318, 402, 477, 502, 544, 546, 555, 579, 588, 651, 668, 682, 685,
      694, 721, 723, 729, 739, 801, 807, 873, 908, 930, 937, 977, 992, 1027,
      1054, 1085, 1114, 1191, 1196, 1248, 1307, 1327, 1359, 1392, 1405, 1419,
      1459, 1471, 1506, 1543, 1664, 1667, 1708, 1722, 1751, 1836, 1897, 1961,
      2064, 2066, 2079, 2109, 2134, 2146, 2175, 2223, 2335, 2351, 2357, 2364,
      2394, 2455, 2562, 2705, 2712, 2777, 2793, 2798
[  5] 17, 83, 91, 101, 131, 136, 143, 168, 170, 177, 250, 261, 314, 361, 388,
      397, 399, 406, 412, 415, 417, 493, 496, 499, 516, 541, 581, 585, 617,
      681, 697, 742, 839, 847, 867, 891, 907, 910, 950, 976, 1035, 1066, 1095,
      1112, 1273, 1304, 1337, 1344, 1361, 1420, 1427, 1537, 1629, 1663, 1670,
      1674, 1718, 1720, 1743, 1794, 1840, 1861, 1876, 1936, 1962, 2035, 2065,
      2108, 2118, 2128, 2155, 2174, 2213, 2270, 2363, 2371, 2448, 2500, 2506,
      2528, 2608, 2629, 2681, 2684, 2711, 2739, 2748
[  6] 5, 37, 62, 70, 81, 87, 90, 135, 162, 166, 176, 197, 222, 329, 466, 591,
      595, 655, 716, 785, 793, 834, 877, 889, 898, 915, 918, 1030, 1058, 1075,
      1089, 1093, 1118, 1121, 1132, 1164, 1171, 1202, 1254, 1287, 1296, 1403,
      1435, 1504, 1532, 1546, 1590, 1604, 1647, 1742, 1822, 1871, 2003, 2041,
      2082, 2092, 2122, 2202, 2233, 2239, 2252, 2264, 2341, 2381, 2390, 2437,
      2523, 2544, 2574, 2587, 2597, 2614, 2624, 2658, 2693, 2710, 2726, 2732,
      2767, 2818
[  7] 183, 255, 365, 373, 408, 423, 490, 503, 547, 556, 604, 630, 674, 683,
      692, 698, 796, 851, 874, 909, 945, 973, 978, 1008, 1011, 1055, 1063,
      1080, 1090, 1102, 1115, 1122, 1215, 1221, 1232, 1354, 1377, 1387, 1409,
      1417, 1492, 1522, 1584, 1607, 1628, 1665, 1709, 1757, 1819, 1837, 1842,
      1852, 1859, 1862, 1882, 2049, 2126, 2138, 2173, 2199, 2275, 2345, 2403,
      2449, 2453, 2461, 2499, 2533, 2560, 2625, 2640, 2672, 2676, 2690, 2737,
      2752, 2756, 2791
[  8] 33, 188, 308, 309, 356, 367, 410, 419, 452, 460, 475, 523, 610, 673,
      774, 778, 816, 819, 822, 927, 928, 964, 1021, 1025, 1145, 1189, 1219,
      1226, 1258, 1267, 1281, 1312, 1325, 1334, 1335, 1346, 1415, 1446, 1481,
      1554, 1567, 1580, 1581, 1592, 1595, 1615, 1737, 1738, 1851, 1919, 1974,
      1988, 2016, 2085, 2113, 2169, 2185, 2228, 2242, 2277, 2282, 2296, 2360,
      2405, 2409, 2425, 2489, 2492, 2553, 2593, 2604, 2636, 2637, 2652, 2741,
      2742, 2805
[  9] 15, 18, 127, 145, 163, 179, 186, 198, 238, 273, 278, 310, 353, 368, 386,
      429, 443, 446, 528, 536, 540, 652, 727, 837, 1023, 1036, 1072, 1143,
      1206, 1224, 1242, 1246, 1251, 1275, 1290, 1436, 1489, 1499, 1510, 1533,
      1538, 1555, 1622, 1690, 1699, 1767, 1804, 1834, 1905, 1908, 1956, 2070,
      2144, 2147, 2151, 2471, 2516, 2529, 2584, 2617, 2683, 2723, 2743, 2794
[ 10] 120, 157, 239, 245, 302, 369, 424, 444, 482, 501, 505, 560, 563, 636,
      709, 763, 813, 993, 1099, 1113, 1157, 1289, 1369, 1437, 1526, 1542,
      1705, 1713, 1763, 1793, 1903, 1906, 1955, 1997, 1998, 2192, 2215, 2269,
      2332, 2334, 2343, 2383, 2414, 2431, 2509, 2583, 2615, 2810, 2811
[ 11] 64, 107, 215, 226, 229, 266, 304, 395, 488, 530, 574, 766, 770, 859,
      933, 957, 986, 1032, 1141, 1166, 1298, 1301, 1356, 1456, 1485, 1494,
      1518, 1586, 1624, 1639, 1655, 1817, 1829, 1878, 1913, 2051, 2068, 2099,
      2149, 2207, 2260, 2374, 2386, 2497, 2512, 2518, 2745, 2754
[ 12] 209, 346, 364, 404, 434, 459, 484, 522, 609, 632, 641, 700, 745, 752,
      810, 857, 862, 963, 1101, 1188, 1395, 1407, 1564, 1627, 1634, 1695,
      1711, 1850, 1973, 2012, 2106, 2181, 2235, 2293, 2295, 2397, 2460, 2491,
      2603, 2627, 2666, 2703, 2707, 2760
[ 13] 72, 185, 340, 370, 377, 393, 425, 439, 445, 480, 713, 788, 825, 853,
      939, 1319, 1376, 1438, 1527, 1575, 1606, 1701, 1769, 1868, 1894, 1907,
      1932, 1971, 1994, 1999, 2216, 2267, 2303, 2333, 2362, 2429, 2470, 2473,
      2510, 2535, 2564, 2696, 2812
[ 14] 20, 269, 324, 427, 448, 565, 597, 777, 989, 1051, 1135, 1155, 1198,
      1316, 1352, 1411, 1444, 1480, 1614, 1679, 1755, 1888, 1900, 1910, 1925,
      1928, 1987, 1991, 2037, 2102, 2137, 2158, 2168, 2184, 2281, 2305, 2368,
      2378, 2402, 2484, 2559, 2651
[ 15] 52, 73, 194, 252, 319, 515, 532, 561, 592, 627, 761, 820, 899, 912, 935,
      955, 1004, 1059, 1133, 1186, 1323, 1374, 1507, 1513, 1619, 1684, 1728,
      1791, 1866, 1992, 2025, 2083, 2114, 2156, 2286, 2502, 2621, 2628, 2762,
      2768
[ 16] 34, 189, 270, 325, 411, 449, 514, 572, 598, 613, 775, 817, 823, 894,
      990, 1022, 1043, 1052, 1220, 1317, 1416, 1593, 1596, 1680, 1815, 1889,
      2038, 2086, 2125, 2159, 2278, 2301, 2306, 2406, 2468, 2490, 2554, 2701
[ 17] 77, 79, 122, 160, 205, 220, 334, 589, 593, 686, 783, 832, 887, 913,
      1045, 1056, 1162, 1210, 1308, 1401, 1523, 1732, 1869, 2008, 2028, 2047,
      2090, 2120, 2139, 2171, 2200, 2290, 2475, 2545, 2585, 2765
[ 18] 32, 187, 409, 512, 706, 754, 815, 818, 821, 840, 892, 1020, 1041, 1144,
      1388, 1445, 1553, 1594, 1813, 1856, 1933, 2084, 2123, 2256, 2276, 2299,
      2391, 2404, 2424, 2466, 2488, 2552, 2654, 2662, 2781
[ 19] 0, 82, 116, 341, 360, 470, 740, 921, 925, 1019, 1076, 1094, 1259, 1338,
      1347, 1447, 1516, 1573, 1631, 1644, 1712, 1773, 1895, 1898, 1902, 2307,
      2342, 2384, 2465, 2474, 2520, 2568, 2653
[ 20] 48, 173, 216, 224, 267, 305, 375, 458, 463, 489, 539, 732, 975, 1129,
      1278, 1495, 1515, 1612, 1625, 1790, 1818, 1874, 1914, 1923, 2007, 2375,
      2508, 2513, 2519, 2620, 2639, 2755, 2780
[ 21] 84, 171, 362, 398, 400, 407, 586, 666, 871, 980, 1067, 1150, 1223, 1305,
      1332, 1466, 1535, 1630, 1786, 1809, 1841, 1916, 1963, 2046, 2059, 2104,
      2119, 2349, 2669, 2682, 2685, 2749, 2775
[ 22] 104, 112, 211, 390, 534, 638, 643, 646, 663, 879, 1078, 1082, 1379,
      1431, 1453, 1477, 1577, 1771, 1944, 1984, 2161, 2220, 2337, 2457, 2494,
      2550, 2735
[ 23] 42, 89, 282, 299, 312, 328, 358, 454, 629, 654, 901, 1120, 1263, 1434,
      1501, 1521, 1741, 1806, 2074, 2232, 2254, 2380, 2389, 2543, 2725, 2773
[ 24] 59, 65, 108, 219, 227, 230, 396, 680, 767, 934, 958, 1175, 1299, 1302,
      1457, 1519, 1549, 1650, 2069, 2261, 2387, 2487, 2611
[ 25] 376, 525, 824, 836, 944, 1024, 1214, 1425, 1583, 1605, 1621, 1759, 1768,
      1881, 1931, 1970, 2024, 2187, 2244, 2359, 2548, 2695
[ 26] 1, 138, 172, 223, 808, 872, 974, 1123, 1611, 1666, 1721, 1838, 2063,
      2110, 2152, 2245, 2507, 2638, 2641, 2697, 2776
[ 27] 2, 115, 254, 615, 619, 676, 809, 1124, 1126, 1429, 1683, 1724, 1827,
      1839, 2111, 2132, 2153, 2246, 2417, 2642, 2698
[ 28] 26, 29, 46, 49, 53, 74, 456, 662, 724, 789, 1127, 1192, 1262, 1467,
      2308, 2456, 2727
[ 29] 31, 148, 182, 422, 883, 1049, 1238, 1272, 1469, 1677, 1731, 1776, 1865,
      2310, 2313, 2634, 2729
[ 30] 88, 133, 327, 714, 875, 1064, 1116, 1130, 1249, 1433, 1820, 2080, 2231,
      2542, 2622, 2677
[ 31] 35, 164, 174, 337, 371, 464, 1500, 1520, 1752, 2001, 2076, 2322, 2379,
      2572
[ 32] 19, 447, 611, 659, 773, 1050, 1315, 1887, 2304, 2401, 2558, 2699
[ 33] 85, 1550, 1853, 1980, 2020, 2115, 2129, 2521, 2605, 2656, 2670, 2816
[ 34] 103, 231, 389, 467, 533, 878, 1077, 1378, 1576, 1608, 1976, 2493
[ 35] 214, 265, 303, 487, 744, 1187, 1406, 1559, 1620, 1762, 1899, 1996
[ 36] 63, 858, 985, 1140, 1455, 1484, 1828, 1877, 2050, 2067, 2098
[ 37] 117, 471, 656, 696, 741, 903, 1136, 1336, 1875, 2398, 2569
[ 38] 357, 440, 900, 1430, 1774, 1843, 1872, 2073, 2226, 2311, 2772
[ 39] 689, 966, 1512, 1560, 1598, 1689, 2097, 2177, 2442, 2504, 2787
[ 40] 4, 203, 295, 792, 1074, 1636, 2210, 2230, 2692, 2731
[ 41] 24, 125, 271, 665, 693, 1470, 1534, 2045, 2393, 2792
[ 42] 71, 317, 712, 852, 1375, 2133, 2266, 2428, 2469, 2563
[ 43] 98, 129, 290, 331, 827, 970, 1716, 1784, 2538, 2758
[ 44] 99, 392, 438, 672, 849, 1321, 1345, 1463, 1700, 2112
[ 45] 147, 181, 218, 882, 1649, 1676, 1730, 1864, 2309, 2728
[ 46] 225, 564, 776, 1134, 1173, 1490, 1511, 1648, 2101, 2183
[ 47] 347, 518, 566, 952, 1060, 1508, 1539, 2432, 2527, 2788
[ 48] 165, 343, 372, 465, 1184, 1193, 1295, 1646, 2238, 2613
[ 49] 41, 435, 940, 967, 995, 1599, 1746, 1846, 2450, 2813
[ 50] 54, 232, 436, 468, 602, 1107, 1398, 1497, 1609, 1977
[ 51] 667, 722, 1026, 1084, 1247, 1306, 1750, 2145, 2222, 2561
[ 52] 45, 711, 869, 949, 961, 1015, 1529, 1779, 2225, 2445
[ 53] 21, 896, 1087, 1328, 1371, 1530, 1602, 2088, 2339, 2763
[ 54] 30, 58, 421, 538, 1048, 1128, 1174, 1237, 2006
[ 55] 68, 195, 384, 1200, 1260, 1645, 2039, 2237, 2612
[ 56] 257, 704, 718, 1070, 1160, 1385, 1686, 1951, 2721
[ 57] 504, 608, 1758, 1816, 1912, 2268, 2373, 2511, 2753
[ 58] 968, 1092, 1253, 1557, 1589, 1747, 1847, 2094, 2596
[ 59] 27, 69, 196, 385, 715, 941, 1503, 2623
[ 60] 109, 155, 320, 545, 620, 1190, 1778, 1896
[ 61] 180, 1236, 1348, 1364, 1452, 1729, 1983, 2160
[ 62] 199, 599, 756, 803, 919, 1222, 1313, 1785
[ 63] 354, 453, 1556, 1660, 1917, 2053, 2093, 2618
[ 64] 387, 430, 509, 829, 884, 1034, 1673, 2193
[ 65] 653, 1119, 1422, 1544, 2026, 2388, 2426, 2724
[ 66] 9, 498, 605, 1717, 2178, 2462, 2479
[ 67] 146, 1183, 1476, 1675, 1805, 2005, 2598
[ 68] 156, 277, 321, 621, 626, 1241, 1488
[ 69] 184, 479, 1318, 1867, 1893, 1993, 2361
[ 70] 262, 797, 998, 1103, 1426, 1571, 2353
[ 71] 281, 1203, 1233, 1310, 2219, 2549, 2643
[ 72] 381, 1282, 1810, 1964, 2060, 2287, 2687
[ 73] 548, 1165, 1197, 1355, 1568, 1924, 2503
[ 74] 731, 1181, 1277, 1569, 1697, 2714, 2779
[ 75] 451, 1311, 1918, 1948, 2054, 2227, 2241
[ 76] 3, 791, 1073, 2229, 2250, 2691
[ 77] 57, 1279, 1479, 1957, 2204, 2280
[ 78] 106, 932, 1256, 1265, 1547, 1613
[ 79] 111, 637, 642, 1081, 1770, 1863
[ 80] 287, 675, 684, 1597, 1688, 2131
[ 81] 311, 342, 537, 628, 1937, 2750
[ 82] 526, 759, 1012, 1028, 1760, 2435
[ 83] 557, 1154, 1227, 1300, 1517, 2240
[ 84] 217, 678, 1668, 1947, 1986, 2259
[ 85] 734, 1180, 1291, 1754, 2148, 2367
[ 86] 779, 1037, 1207, 1921, 2253, 2283
[ 87] 843, 922, 1691, 1801, 2188, 2716
[ 88] 1208, 1600, 1884, 2451, 2525, 2814
[ 89] 44, 618, 1428, 1528, 2416
[ 90] 66, 2217, 2365, 2601, 2704
[ 91] 130, 1616, 1796, 1831, 1940
[ 92] 242, 780, 1349, 1365, 1938
[ 93] 260, 1719, 2447, 2505, 2607
[ 94] 268, 570, 1591, 1678, 2157
[ 95] 323, 596, 1218, 2036, 2377
[ 96] 558, 1228, 1491, 1669, 1800
[ 97] 614, 943, 1582, 1682, 2023
[ 98] 301, 708, 1694, 2292, 2626
[ 99] 916, 1169, 1285, 2196, 2418
[100] 1001, 1288, 1967, 2565, 2673
[101] 1252, 1588, 1740, 2262, 2595
[102] 12, 645, 1788, 2734
[103] 50, 441, 725, 1152
[104] 60, 576, 1091, 1502
[105] 94, 1229, 1702, 1764
[106] 110, 790, 1179, 2541
[107] 228, 529, 765, 2206
[108] 210, 298, 1270, 1799
[109] 339, 787, 1574, 2302
[110] 382, 749, 1382, 1965
[111] 426, 751, 962, 2167
[112] 483, 969, 1849, 2382
[113] 7, 543, 1404, 2797
[114] 583, 1292, 1652, 2580
[115] 625, 806, 1014, 1487
[116] 699, 1351, 1493, 1990
[117] 844, 1283, 1692, 2717
[118] 864, 1009, 1339, 2679
[119] 474, 926, 1333, 2186
[120] 1017, 2061, 2189, 2688
[121] 1031, 1654, 1696, 2496
[122] 562, 1069, 1394, 1792
[123] 1343, 1360, 1707, 2459
[124] 1563, 1783, 1909, 2396
[125] 1363, 1781, 2751, 2802
[126] 38, 971, 2783
[127] 191, 2411, 2576
[128] 202, 420, 2017
[129] 289, 330, 710
[130] 332, 1176, 2297
[131] 366, 1225, 2408
[132] 374, 433, 2706
[133] 378, 1472, 1536
[134] 450, 1297, 2485
[135] 506, 669, 1561
[136] 580, 948, 2757
[137] 622, 794, 1268
[138] 631, 965, 2243
[139] 650, 1326, 2350
[140] 720, 991, 1195
[141] 728, 1715, 2212
[142] 735, 1441, 2422
[143] 738, 826, 2154
[144] 890, 1860, 1935
[145] 946, 956, 2385
[146] 988, 1414, 2136
[147] 1111, 1243, 2370
[148] 1149, 1465, 2348
[149] 551, 1216, 1890
[150] 276, 1240, 1362
[151] 1468, 1873, 2633
[152] 461, 1632, 1651
[153] 1178, 1780, 2801
[154] 2014, 2591, 2650
[155] 947, 2015, 2592
[156] 1109, 2164, 2324
[157] 938, 2472, 2534
[158] 1548, 2486, 2610
[159] 75, 2284
[160] 114, 1880
[161] 141, 690
[162] 150, 670
[163] 235, 866
[164] 285, 2078
[165] 307, 2635
[166] 351, 1642
[167] 401, 587
[168] 418, 1324
[169] 47, 462
[170] 495, 616
[171] 521, 2517
[172] 524, 1424
[173] 582, 2744
[174] 601, 1397
[175] 635, 2330
[176] 256, 703
[177] 291, 748
[178] 762, 2582
[179] 769, 1638
[180] 403, 812
[181] 16, 838
[182] 861, 1159
[183] 923, 1802
[184] 279, 929
[185] 936, 1505
[186] 868, 960
[187] 979, 2103
[188] 241, 1047
[189] 481, 1098
[190] 1106, 2632
[191] 1125, 1723
[192] 1234, 2647
[193] 355, 1257
[194] 1271, 1844
[195] 1294, 2708
[196] 870, 1331
[197] 491, 1367
[198] 1005, 1448
[199] 1461, 1482
[200] 835, 1579
[201] 1410, 1585
[202] 345, 1626
[203] 1635, 2209
[204] 578, 1657
[205] 363, 1710
[206] 1726, 2273
[207] 679, 1789
[208] 1811, 2288
[209] 1823, 2318
[210] 1883, 2524
[211] 1230, 1891
[212] 1685, 1950
[213] 1972, 2483
[214] 2031, 2055
[215] 296, 2096
[216] 2191, 2430
[217] 1146, 2247
[218] 1775, 2312
[219] 1943, 2336
[220] 1835, 2356
[221] 274, 2438
[222] 253, 2547
[223] 1440, 2579
[224] 2588, 2799
[225] 1204, 2644
[226] 2011, 2702
[227] 1927, 2713
[228] 294, 2730
[229] 1736, 2740
[230] 981, 2769
[231] 1725, 2778
[232] 13
[233] 97
[234] 128
[235] 149
[236] 153
[237] 208
[238] 248
[239] 350
[240] 394
[241] 414
[242] 416
[243] 457
[244] 476
[245] 549
[246] 554
[247] 559
[248] 573
[249] 640
[250] 648
[251] 688
[252] 717
[253] 730
[254] 800
[255] 854
[256] 855
[257] 856
[258] 881
[259] 996
[260] 1016
[261] 1038
[262] 1053
[263] 1100
[264] 1147
[265] 1151
[266] 1156
[267] 1213
[268] 1266
[269] 1276
[270] 1280
[271] 1358
[272] 1381
[273] 1384
[274] 1391
[275] 1418
[276] 1443
[277] 1458
[278] 1496
[279] 1514
[280] 1566
[281] 1623
[282] 1633
[283] 1641
[284] 1661
[285] 1808
[286] 1826
[287] 1915
[288] 1922
[289] 1954
[290] 1958
[291] 1960
[292] 2018
[293] 2034
[294] 2042
[295] 2058
[296] 2071
[297] 2105
[298] 2127
[299] 2142
[300] 2176
[301] 2205
[302] 2224
[303] 2234
[304] 2248
[305] 2272
[306] 2314
[307] 2316
[308] 2327
[309] 2346
[310] 2421
[311] 2441
[312] 2444
[313] 2454
[314] 2514
[315] 2530
[316] 2537
[317] 2540
[318] 2555
[319] 2599
[320] 2609
[321] 2619
[322] 2646
[323] 2659
[324] 2668
[325] 2720
[326] 2738
[327] 2759
[328] 2774
[329] 2786
[330] 2795
[331] 2804
[332] 2806
[333] 2809

Reassigned labels

Runtime: 15.17199993133545

Performance split_log:

IM without threshold:
Map:
{"D_0": "D", "D_1": "D", "D_2": "D", "D_3": "D", "D_4": "D", "D_5": "D", "D_6": "D", "D_7": "D", "D_8": "D", "D_9": "D", "D_10": "D", "D_11": "D", "D_12": "D", "D_13": "D", "D_14": "D", "D_15": "D", "D_16": "D", "D_17": "D", "D_18": "D", "D_19": "D", "D_20": "D", "D_21": "D", "D_22": "D", "D_23": "D", "D_24": "D", "D_25": "D", "D_26": "D", "D_27": "D", "D_28": "D", "D_29": "D", "D_30": "D", "D_31": "D", "D_32": "D", "D_33": "D", "D_34": "D", "D_35": "D", "D_36": "D", "D_37": "D", "D_38": "D", "D_39": "D", "D_40": "D", "D_41": "D", "D_42": "D", "D_43": "D", "D_44": "D", "D_45": "D", "D_46": "D", "D_47": "D", "D_48": "D", "D_49": "D", "D_50": "D", "D_51": "D", "D_52": "D", "D_53": "D", "D_54": "D", "D_55": "D", "D_56": "D", "D_57": "D", "D_58": "D", "D_59": "D", "D_60": "D", "D_61": "D", "D_62": "D", "D_63": "D", "D_64": "D", "D_65": "D", "D_66": "D", "D_67": "D", "D_68": "D", "D_69": "D", "D_70": "D", "D_71": "D", "D_72": "D", "D_73": "D", "D_74": "D", "D_75": "D", "D_76": "D", "D_77": "D", "D_78": "D", "D_79": "D", "D_80": "D", "D_81": "D", "D_82": "D", "D_83": "D", "D_84": "D", "D_85": "D", "D_86": "D", "D_87": "D", "D_88": "D", "D_89": "D", "D_90": "D", "D_91": "D", "D_92": "D", "D_93": "D", "D_94": "D", "D_95": "D", "D_96": "D", "D_97": "D", "D_98": "D", "D_99": "D", "D_100": "D", "D_101": "D", "D_102": "D", "D_103": "D", "D_104": "D", "D_105": "D", "D_106": "D", "D_107": "D", "D_108": "D", "D_109": "D", "D_110": "D", "D_111": "D", "D_112": "D", "D_113": "D", "D_114": "D", "D_115": "D", "D_116": "D", "D_117": "D", "D_118": "D", "D_119": "D", "D_120": "D", "D_121": "D", "D_122": "D", "D_123": "D", "D_124": "D", "D_125": "D", "D_126": "D", "D_127": "D", "D_128": "D", "D_129": "D", "D_130": "D", "D_131": "D", "D_132": "D", "D_133": "D", "D_134": "D", "D_135": "D", "D_136": "D", "D_137": "D", "D_138": "D", "D_139": "D", "D_140": "D", "D_141": "D", "D_142": "D", "D_143": "D", "D_144": "D", "D_145": "D", "D_146": "D", "D_147": "D", "D_148": "D", "D_149": "D", "D_150": "D", "D_151": "D", "D_152": "D", "D_153": "D", "D_154": "D", "D_155": "D", "D_156": "D", "D_157": "D", "D_158": "D", "D_159": "D", "D_160": "D", "D_161": "D", "D_162": "D", "D_163": "D", "D_164": "D", "D_165": "D", "D_166": "D", "D_167": "D", "D_168": "D", "D_169": "D", "D_170": "D", "D_171": "D", "D_172": "D", "D_173": "D", "D_174": "D", "D_175": "D", "D_176": "D", "D_177": "D", "D_178": "D", "D_179": "D", "D_180": "D", "D_181": "D", "D_182": "D", "D_183": "D", "D_184": "D", "D_185": "D", "D_186": "D", "D_187": "D", "D_188": "D", "D_189": "D", "D_190": "D", "D_191": "D", "D_192": "D", "D_193": "D", "D_194": "D", "D_195": "D", "D_196": "D", "D_197": "D", "D_198": "D", "D_199": "D", "D_200": "D", "D_201": "D", "D_202": "D", "D_203": "D", "D_204": "D", "D_205": "D", "D_206": "D", "D_207": "D", "D_208": "D", "D_209": "D", "D_210": "D", "D_211": "D", "D_212": "D", "D_213": "D", "D_214": "D", "D_215": "D", "D_216": "D", "D_217": "D", "D_218": "D", "D_219": "D", "D_220": "D", "D_221": "D", "D_222": "D", "D_223": "D", "D_224": "D", "D_225": "D", "D_226": "D", "D_227": "D", "D_228": "D", "D_229": "D", "D_230": "D", "D_231": "D", "D_232": "D", "D_233": "D", "D_234": "D", "D_235": "D", "D_236": "D", "D_237": "D", "D_238": "D", "D_239": "D", "D_240": "D", "D_241": "D", "D_242": "D", "D_243": "D", "D_244": "D", "D_245": "D", "D_246": "D", "D_247": "D", "D_248": "D", "D_249": "D", "D_250": "D", "D_251": "D", "D_252": "D", "D_253": "D", "D_254": "D", "D_255": "D", "D_256": "D", "D_257": "D", "D_258": "D", "D_259": "D", "D_260": "D", "D_261": "D", "D_262": "D", "D_263": "D", "D_264": "D", "D_265": "D", "D_266": "D", "D_267": "D", "D_268": "D", "D_269": "D", "D_270": "D", "D_271": "D", "D_272": "D", "D_273": "D", "D_274": "D", "D_275": "D", "D_276": "D", "D_277": "D", "D_278": "D", "D_279": "D", "D_280": "D", "D_281": "D", "D_282": "D", "D_283": "D", "D_284": "D", "D_285": "D", "D_286": "D", "D_287": "D", "D_288": "D", "D_289": "D", "D_290": "D", "D_291": "D", "D_292": "D", "D_293": "D", "D_294": "D", "D_295": "D", "D_296": "D", "D_297": "D", "D_298": "D", "D_299": "D", "D_300": "D", "D_301": "D", "D_302": "D", "D_303": "D", "D_304": "D", "D_305": "D", "D_306": "D", "D_307": "D", "D_308": "D", "D_309": "D", "D_310": "D", "D_311": "D", "D_312": "D", "D_313": "D", "D_314": "D", "D_315": "D", "D_316": "D", "D_317": "D", "D_318": "D", "D_319": "D", "D_320": "D", "D_321": "D", "D_322": "D", "D_323": "D", "D_324": "D", "D_325": "D", "D_326": "D", "D_327": "D", "D_328": "D", "D_329": "D", "D_330": "D", "D_331": "D", "D_332": "D", "D_333": "D"}
token_fitness
{"perc_fit_traces": 75.1, "average_trace_fitness": 0.9811493109976831, "log_fitness": 0.9862298155467653, "percentage_of_fitting_traces": 75.1}
precision
0.5954430596599426
0.5565217391304348
generalization
0.21539334483591965

Adjusted Rand Index:
0.10669066722100534



Parameters of this run:

Window size: 5
Threshold for edges: 0
Split candidates: D
Max number of traces: 5000000
Method for distance calculation: Distance.EDIT_DISTANCE
Method for finding clusters: ClusteringMethod.COMMUNITY_DETECTION
Original log location: ./data/noImprInLoop_default_OD\feb17-0936\logs\H_1_LogD_Sequence_feb17-0936.xes.gz
Use frequency: True

Found communities: 

Clustering with 2819 elements and 3 clusters
[0] 2, 5, 8, 10, 11, 14, 17, 22, 23, 25, 28, 31, 33, 34, 36, 37, 39, 40, 43,
    45, 48, 51, 55, 59, 61, 62, 65, 66, 67, 70, 71, 72, 76, 78, 80, 81, 83,
    84, 86, 87, 90, 91, 92, 95, 96, 98, 100, 101, 102, 105, 108, 113, 115,
    118, 119, 120, 121, 123, 124, 126, 129, 131, 134, 135, 136, 137, 139, 142,
    143, 144, 148, 151, 154, 157, 158, 161, 162, 166, 168, 169, 170, 171, 173,
    175, 176, 177, 178, 182, 185, 188, 189, 192, 193, 197, 200, 204, 206, 207,
    209, 212, 216, 219, 221, 222, 224, 227, 230, 233, 236, 237, 239, 240, 243,
    245, 246, 249, 250, 251, 254, 258, 261, 263, 264, 267, 269, 270, 272, 275,
    280, 283, 286, 288, 290, 292, 293, 295, 297, 300, 302, 305, 308, 309, 313,
    314, 315, 318, 324, 325, 329, 331, 333, 335, 338, 340, 344, 346, 348, 349,
    352, 356, 359, 361, 362, 364, 367, 369, 370, 375, 376, 377, 379, 380, 383,
    388, 391, 392, 393, 395, 396, 397, 398, 399, 400, 402, 404, 405, 406, 407,
    410, 411, 412, 413, 415, 417, 419, 422, 424, 425, 428, 431, 432, 434, 437,
    438, 439, 442, 444, 445, 449, 452, 455, 458, 459, 460, 463, 466, 469, 472,
    473, 475, 477, 480, 482, 484, 485, 489, 492, 493, 494, 496, 499, 501, 502,
    505, 507, 510, 511, 513, 514, 516, 517, 519, 520, 522, 523, 525, 527, 531,
    535, 539, 541, 542, 544, 546, 550, 552, 553, 555, 560, 563, 565, 567, 568,
    571, 572, 575, 577, 579, 581, 584, 585, 586, 588, 590, 591, 594, 595, 597,
    598, 600, 603, 606, 607, 609, 610, 612, 613, 615, 617, 619, 623, 624, 632,
    633, 636, 639, 641, 644, 647, 649, 651, 655, 657, 658, 660, 664, 666, 668,
    670, 671, 673, 676, 680, 681, 682, 685, 687, 689, 691, 694, 697, 700, 701,
    705, 707, 709, 711, 712, 713, 716, 719, 721, 723, 726, 729, 732, 736, 739,
    742, 745, 746, 750, 752, 753, 755, 757, 760, 763, 767, 771, 774, 775, 777,
    778, 781, 784, 785, 788, 793, 795, 798, 799, 801, 804, 807, 809, 810, 811,
    813, 816, 817, 819, 822, 823, 824, 825, 827, 830, 833, 834, 836, 839, 841,
    842, 845, 847, 848, 850, 852, 853, 857, 860, 862, 863, 865, 867, 869, 871,
    873, 876, 877, 880, 883, 885, 886, 888, 889, 891, 893, 894, 897, 898, 902,
    904, 905, 907, 908, 910, 911, 914, 915, 917, 918, 920, 924, 927, 928, 930,
    934, 937, 939, 942, 944, 949, 950, 951, 953, 954, 958, 961, 963, 964, 970,
    972, 975, 976, 977, 980, 982, 983, 987, 989, 990, 992, 993, 994, 997, 999,
    1000, 1002, 1003, 1006, 1007, 1010, 1013, 1015, 1018, 1021, 1022, 1024,
    1025, 1027, 1029, 1030, 1033, 1035, 1039, 1042, 1043, 1046, 1049, 1052,
    1054, 1057, 1058, 1061, 1062, 1065, 1066, 1067, 1070, 1071, 1075, 1079,
    1083, 1085, 1088, 1089, 1092, 1093, 1095, 1096, 1099, 1101, 1104, 1105,
    1108, 1110, 1112, 1113, 1114, 1117, 1118, 1121, 1124, 1126, 1129, 1131,
    1132, 1135, 1137, 1138, 1142, 1145, 1148, 1150, 1153, 1155, 1157, 1160,
    1161, 1163, 1164, 1167, 1170, 1171, 1175, 1177, 1179, 1182, 1185, 1188,
    1189, 1191, 1194, 1196, 1198, 1199, 1201, 1202, 1205, 1209, 1211, 1212,
    1214, 1217, 1219, 1220, 1223, 1226, 1231, 1235, 1238, 1244, 1245, 1248,
    1250, 1254, 1258, 1261, 1264, 1267, 1269, 1273, 1274, 1278, 1281, 1284,
    1286, 1287, 1289, 1293, 1296, 1299, 1302, 1304, 1305, 1307, 1309, 1312,
    1314, 1316, 1317, 1319, 1322, 1325, 1327, 1329, 1332, 1334, 1335, 1337,
    1340, 1341, 1344, 1345, 1346, 1350, 1352, 1353, 1357, 1359, 1361, 1366,
    1368, 1369, 1370, 1372, 1373, 1375, 1376, 1380, 1383, 1385, 1386, 1389,
    1390, 1392, 1395, 1396, 1399, 1402, 1403, 1405, 1407, 1408, 1411, 1412,
    1415, 1416, 1419, 1420, 1421, 1423, 1425, 1427, 1429, 1432, 1435, 1437,
    1438, 1442, 1444, 1446, 1449, 1450, 1454, 1457, 1459, 1462, 1464, 1466,
    1469, 1471, 1473, 1474, 1478, 1480, 1481, 1483, 1486, 1495, 1498, 1504,
    1506, 1509, 1512, 1515, 1519, 1524, 1526, 1527, 1529, 1531, 1532, 1535,
    1537, 1540, 1541, 1542, 1543, 1545, 1546, 1549, 1551, 1552, 1554, 1558,
    1560, 1562, 1564, 1565, 1567, 1570, 1572, 1575, 1578, 1580, 1581, 1583,
    1587, 1590, 1592, 1593, 1595, 1596, 1598, 1601, 1603, 1604, 1605, 1606,
    1610, 1612, 1614, 1615, 1617, 1618, 1621, 1625, 1627, 1629, 1630, 1634,
    1636, 1640, 1643, 1647, 1650, 1653, 1656, 1658, 1662, 1663, 1664, 1667,
    1670, 1671, 1674, 1677, 1679, 1680, 1683, 1686, 1687, 1689, 1693, 1695,
    1698, 1700, 1701, 1703, 1704, 1705, 1706, 1708, 1711, 1713, 1714, 1716,
    1718, 1720, 1722, 1724, 1727, 1731, 1733, 1734, 1737, 1738, 1742, 1743,
    1744, 1748, 1751, 1753, 1755, 1756, 1759, 1761, 1763, 1765, 1766, 1768,
    1769, 1772, 1776, 1779, 1781, 1784, 1786, 1790, 1793, 1794, 1795, 1797,
    1798, 1803, 1807, 1808, 1809, 1812, 1814, 1815, 1818, 1821, 1822, 1824,
    1825, 1827, 1830, 1832, 1833, 1836, 1839, 1840, 1841, 1845, 1848, 1850,
    1851, 1854, 1855, 1857, 1858, 1861, 1865, 1868, 1870, 1871, 1874, 1876,
    1879, 1881, 1885, 1889, 1892, 1894, 1897, 1900, 1901, 1903, 1904, 1906,
    1907, 1910, 1911, 1914, 1916, 1919, 1923, 1925, 1926, 1928, 1929, 1931,
    1932, 1934, 1936, 1939, 1941, 1942, 1945, 1951, 1952, 1955, 1961, 1962,
    1963, 1966, 1968, 1969, 1970, 1971, 1973, 1974, 1978, 1981, 1982, 1985,
    1987, 1988, 1994, 1997, 1998, 1999, 2002, 2003, 2007, 2009, 2010, 2012,
    2016, 2019, 2021, 2022, 2024, 2027, 2029, 2032, 2033, 2035, 2037, 2038,
    2040, 2041, 2043, 2044, 2046, 2048, 2052, 2056, 2057, 2059, 2062, 2064,
    2065, 2066, 2069, 2072, 2075, 2077, 2079, 2081, 2082, 2085, 2086, 2089,
    2091, 2092, 2095, 2097, 2100, 2102, 2104, 2106, 2107, 2108, 2109, 2111,
    2112, 2113, 2116, 2117, 2118, 2119, 2121, 2122, 2124, 2125, 2128, 2130,
    2132, 2134, 2137, 2140, 2143, 2146, 2150, 2153, 2155, 2158, 2159, 2162,
    2165, 2166, 2168, 2169, 2172, 2174, 2175, 2177, 2179, 2180, 2181, 2182,
    2184, 2185, 2187, 2190, 2192, 2194, 2195, 2197, 2198, 2201, 2202, 2208,
    2213, 2215, 2216, 2218, 2221, 2223, 2225, 2228, 2233, 2235, 2236, 2239,
    2242, 2244, 2246, 2249, 2251, 2252, 2255, 2257, 2258, 2261, 2263, 2264,
    2267, 2269, 2270, 2271, 2274, 2277, 2278, 2281, 2282, 2285, 2289, 2291,
    2293, 2294, 2295, 2296, 2298, 2300, 2301, 2303, 2305, 2306, 2310, 2313,
    2315, 2317, 2319, 2320, 2323, 2325, 2326, 2328, 2329, 2331, 2332, 2333,
    2334, 2335, 2338, 2340, 2341, 2343, 2344, 2347, 2349, 2351, 2354, 2355,
    2357, 2359, 2360, 2362, 2363, 2364, 2366, 2368, 2369, 2371, 2375, 2378,
    2381, 2383, 2387, 2390, 2392, 2394, 2397, 2399, 2400, 2402, 2405, 2406,
    2409, 2412, 2413, 2414, 2415, 2417, 2419, 2420, 2423, 2425, 2427, 2428,
    2429, 2431, 2433, 2434, 2436, 2437, 2439, 2442, 2445, 2448, 2452, 2455,
    2458, 2460, 2463, 2464, 2467, 2468, 2469, 2470, 2473, 2476, 2477, 2480,
    2481, 2484, 2487, 2489, 2490, 2491, 2492, 2495, 2498, 2500, 2501, 2504,
    2506, 2508, 2509, 2510, 2513, 2515, 2519, 2522, 2523, 2526, 2528, 2531,
    2532, 2535, 2538, 2541, 2544, 2546, 2548, 2551, 2553, 2554, 2556, 2557,
    2562, 2564, 2566, 2567, 2570, 2571, 2573, 2574, 2577, 2578, 2581, 2583,
    2586, 2587, 2589, 2593, 2597, 2600, 2601, 2602, 2603, 2604, 2606, 2608,
    2611, 2614, 2615, 2616, 2620, 2624, 2627, 2629, 2630, 2634, 2636, 2637,
    2639, 2642, 2645, 2648, 2651, 2652, 2655, 2657, 2658, 2660, 2661, 2663,
    2664, 2666, 2667, 2669, 2671, 2674, 2675, 2678, 2680, 2681, 2682, 2684,
    2685, 2689, 2693, 2695, 2696, 2698, 2700, 2701, 2703, 2705, 2707, 2709,
    2710, 2711, 2712, 2715, 2718, 2721, 2722, 2726, 2729, 2731, 2732, 2736,
    2739, 2741, 2742, 2746, 2748, 2749, 2755, 2758, 2760, 2761, 2764, 2766,
    2767, 2770, 2771, 2775, 2777, 2780, 2782, 2784, 2785, 2787, 2789, 2790,
    2793, 2796, 2798, 2800, 2802, 2805, 2807, 2808, 2810, 2811, 2812, 2815,
    2817, 2818
[1] 1, 3, 4, 7, 9, 12, 13, 16, 19, 20, 21, 24, 26, 27, 29, 30, 32, 35, 38, 41,
    42, 44, 46, 47, 49, 50, 53, 54, 57, 58, 60, 63, 64, 68, 69, 74, 75, 77,
    79, 85, 88, 89, 94, 97, 99, 103, 104, 106, 107, 109, 110, 111, 112, 114,
    117, 122, 125, 128, 130, 133, 138, 141, 146, 147, 149, 150, 153, 155, 156,
    160, 164, 165, 172, 174, 180, 181, 184, 187, 191, 195, 196, 199, 202, 203,
    205, 208, 210, 211, 214, 215, 217, 218, 220, 223, 225, 226, 228, 229, 231,
    232, 235, 241, 242, 248, 253, 256, 257, 260, 262, 265, 266, 268, 271, 274,
    276, 277, 279, 281, 282, 285, 287, 289, 291, 294, 296, 298, 299, 301, 303,
    304, 307, 311, 312, 317, 320, 321, 323, 327, 328, 330, 332, 334, 337, 339,
    342, 343, 345, 347, 350, 351, 354, 355, 357, 358, 363, 366, 371, 372, 374,
    378, 381, 382, 384, 385, 387, 389, 390, 394, 401, 403, 409, 414, 416, 418,
    420, 421, 426, 427, 430, 433, 435, 436, 440, 441, 447, 448, 450, 451, 453,
    454, 456, 457, 461, 462, 464, 465, 467, 468, 471, 474, 476, 479, 481, 483,
    487, 488, 491, 495, 498, 504, 506, 509, 512, 518, 521, 524, 526, 529, 530,
    533, 534, 537, 538, 543, 545, 548, 549, 551, 554, 557, 558, 559, 562, 564,
    566, 570, 573, 574, 576, 578, 580, 582, 583, 587, 589, 593, 596, 599, 601,
    602, 605, 608, 611, 614, 616, 618, 620, 621, 622, 625, 626, 628, 629, 631,
    635, 637, 638, 640, 642, 643, 645, 646, 648, 650, 653, 654, 656, 659, 662,
    663, 665, 667, 669, 672, 675, 678, 679, 684, 686, 688, 690, 693, 696, 699,
    703, 704, 706, 708, 710, 714, 715, 717, 718, 720, 722, 724, 725, 728, 730,
    731, 734, 735, 738, 741, 744, 748, 749, 751, 754, 756, 759, 762, 765, 766,
    769, 770, 773, 776, 779, 780, 783, 787, 789, 790, 791, 792, 794, 797, 800,
    803, 806, 808, 812, 815, 818, 821, 826, 829, 832, 835, 838, 840, 843, 844,
    849, 854, 855, 856, 858, 859, 861, 864, 866, 868, 870, 872, 875, 878, 879,
    881, 882, 884, 887, 890, 892, 896, 900, 901, 903, 913, 916, 919, 922, 923,
    926, 929, 932, 933, 936, 938, 940, 941, 943, 946, 947, 948, 952, 956, 957,
    960, 962, 965, 966, 967, 968, 969, 971, 974, 979, 981, 985, 986, 988, 991,
    995, 996, 998, 1001, 1005, 1009, 1012, 1014, 1016, 1017, 1020, 1026, 1028,
    1031, 1032, 1034, 1037, 1038, 1041, 1045, 1047, 1048, 1050, 1051, 1053,
    1056, 1060, 1064, 1069, 1073, 1074, 1077, 1078, 1081, 1082, 1084, 1087,
    1091, 1098, 1100, 1103, 1106, 1107, 1109, 1111, 1116, 1119, 1120, 1123,
    1125, 1127, 1128, 1130, 1134, 1136, 1140, 1141, 1144, 1146, 1147, 1149,
    1151, 1152, 1154, 1156, 1159, 1162, 1165, 1166, 1169, 1173, 1174, 1176,
    1178, 1180, 1181, 1183, 1184, 1187, 1190, 1192, 1193, 1195, 1197, 1200,
    1203, 1204, 1207, 1208, 1210, 1213, 1216, 1218, 1222, 1225, 1227, 1228,
    1229, 1230, 1233, 1234, 1236, 1237, 1240, 1241, 1243, 1247, 1249, 1252,
    1253, 1256, 1257, 1260, 1262, 1263, 1265, 1266, 1268, 1270, 1271, 1272,
    1276, 1277, 1279, 1280, 1282, 1283, 1285, 1288, 1291, 1292, 1294, 1295,
    1297, 1298, 1300, 1301, 1306, 1308, 1310, 1311, 1313, 1315, 1318, 1321,
    1324, 1326, 1328, 1331, 1333, 1336, 1339, 1343, 1348, 1349, 1351, 1355,
    1356, 1358, 1360, 1362, 1363, 1364, 1365, 1367, 1371, 1378, 1379, 1381,
    1382, 1384, 1388, 1391, 1394, 1397, 1398, 1401, 1404, 1406, 1410, 1414,
    1418, 1422, 1424, 1426, 1428, 1430, 1431, 1433, 1434, 1440, 1441, 1443,
    1445, 1448, 1452, 1453, 1455, 1456, 1458, 1461, 1463, 1465, 1467, 1468,
    1470, 1472, 1476, 1477, 1479, 1482, 1484, 1485, 1487, 1488, 1490, 1491,
    1493, 1494, 1496, 1497, 1500, 1501, 1502, 1503, 1505, 1508, 1511, 1514,
    1517, 1518, 1520, 1521, 1523, 1528, 1530, 1534, 1536, 1539, 1544, 1547,
    1548, 1550, 1553, 1556, 1557, 1559, 1561, 1563, 1566, 1568, 1569, 1571,
    1574, 1576, 1577, 1579, 1582, 1585, 1586, 1588, 1589, 1591, 1594, 1597,
    1599, 1600, 1602, 1608, 1609, 1611, 1613, 1616, 1620, 1623, 1624, 1626,
    1632, 1633, 1635, 1638, 1639, 1641, 1642, 1645, 1646, 1648, 1649, 1651,
    1652, 1654, 1655, 1657, 1660, 1661, 1666, 1668, 1669, 1673, 1675, 1676,
    1678, 1682, 1685, 1688, 1691, 1692, 1694, 1696, 1697, 1702, 1707, 1710,
    1715, 1717, 1719, 1721, 1723, 1725, 1726, 1729, 1730, 1732, 1736, 1740,
    1741, 1746, 1747, 1750, 1752, 1754, 1758, 1760, 1762, 1764, 1770, 1771,
    1774, 1775, 1778, 1780, 1783, 1785, 1788, 1789, 1792, 1796, 1799, 1800,
    1801, 1802, 1805, 1806, 1810, 1811, 1813, 1816, 1817, 1820, 1823, 1826,
    1828, 1829, 1831, 1835, 1838, 1843, 1844, 1846, 1847, 1849, 1853, 1856,
    1860, 1863, 1864, 1867, 1869, 1872, 1873, 1875, 1877, 1878, 1880, 1883,
    1884, 1887, 1888, 1890, 1891, 1893, 1896, 1899, 1909, 1912, 1913, 1915,
    1917, 1918, 1921, 1922, 1924, 1927, 1933, 1935, 1937, 1938, 1940, 1943,
    1944, 1947, 1948, 1950, 1954, 1957, 1958, 1960, 1964, 1965, 1967, 1972,
    1976, 1977, 1980, 1983, 1984, 1986, 1990, 1991, 1993, 1996, 2001, 2005,
    2006, 2008, 2011, 2014, 2015, 2017, 2018, 2020, 2023, 2026, 2028, 2031,
    2034, 2036, 2039, 2042, 2045, 2047, 2050, 2051, 2053, 2054, 2055, 2058,
    2060, 2061, 2063, 2067, 2068, 2071, 2073, 2074, 2076, 2078, 2080, 2084,
    2088, 2090, 2093, 2094, 2096, 2098, 2099, 2101, 2103, 2105, 2110, 2115,
    2120, 2123, 2127, 2129, 2131, 2133, 2136, 2139, 2142, 2145, 2148, 2149,
    2152, 2154, 2157, 2160, 2161, 2164, 2167, 2171, 2176, 2178, 2183, 2186,
    2188, 2189, 2191, 2193, 2196, 2200, 2204, 2205, 2206, 2207, 2209, 2210,
    2212, 2217, 2219, 2220, 2222, 2224, 2226, 2227, 2229, 2230, 2231, 2232,
    2234, 2237, 2238, 2240, 2241, 2243, 2245, 2247, 2248, 2250, 2253, 2254,
    2256, 2259, 2260, 2262, 2266, 2268, 2272, 2273, 2276, 2280, 2283, 2284,
    2287, 2288, 2290, 2292, 2297, 2299, 2302, 2304, 2308, 2309, 2311, 2312,
    2314, 2316, 2318, 2322, 2324, 2327, 2330, 2336, 2337, 2339, 2346, 2348,
    2350, 2353, 2356, 2361, 2365, 2367, 2370, 2373, 2374, 2377, 2379, 2380,
    2382, 2385, 2386, 2388, 2389, 2391, 2393, 2396, 2398, 2401, 2404, 2408,
    2411, 2416, 2418, 2421, 2422, 2424, 2426, 2430, 2432, 2435, 2438, 2441,
    2444, 2447, 2450, 2451, 2454, 2456, 2457, 2459, 2462, 2466, 2472, 2475,
    2479, 2483, 2485, 2486, 2488, 2493, 2494, 2496, 2497, 2503, 2505, 2507,
    2511, 2512, 2514, 2517, 2518, 2521, 2524, 2525, 2527, 2530, 2534, 2537,
    2540, 2542, 2543, 2545, 2547, 2549, 2550, 2552, 2555, 2558, 2559, 2561,
    2563, 2565, 2569, 2572, 2576, 2579, 2580, 2582, 2585, 2588, 2591, 2592,
    2595, 2596, 2598, 2599, 2605, 2607, 2609, 2610, 2612, 2613, 2618, 2619,
    2622, 2623, 2626, 2632, 2633, 2635, 2638, 2641, 2643, 2644, 2646, 2647,
    2650, 2654, 2656, 2659, 2662, 2668, 2670, 2673, 2677, 2679, 2687, 2688,
    2691, 2692, 2697, 2699, 2702, 2704, 2706, 2708, 2713, 2714, 2716, 2717,
    2720, 2724, 2725, 2727, 2728, 2730, 2734, 2735, 2738, 2740, 2744, 2745,
    2750, 2751, 2753, 2754, 2757, 2759, 2763, 2765, 2769, 2772, 2773, 2774,
    2776, 2778, 2779, 2781, 2783, 2786, 2788, 2792, 2795, 2797, 2799, 2801,
    2804, 2806, 2809, 2813, 2814, 2816
[2] 0, 6, 15, 18, 52, 56, 73, 82, 93, 116, 127, 132, 140, 145, 152, 159, 163,
    167, 179, 183, 186, 190, 194, 198, 201, 213, 234, 238, 244, 247, 252, 255,
    259, 273, 278, 284, 306, 310, 316, 319, 322, 326, 336, 341, 353, 360, 365,
    368, 373, 386, 408, 423, 429, 443, 446, 470, 478, 486, 490, 497, 500, 503,
    508, 515, 528, 532, 536, 540, 547, 556, 561, 569, 592, 604, 627, 630, 634,
    652, 661, 674, 677, 683, 692, 695, 698, 702, 727, 733, 737, 740, 743, 747,
    758, 761, 764, 768, 772, 782, 786, 796, 802, 805, 814, 820, 828, 831, 837,
    846, 851, 874, 895, 899, 906, 909, 912, 921, 925, 931, 935, 945, 955, 959,
    973, 978, 984, 1004, 1008, 1011, 1019, 1023, 1036, 1040, 1044, 1055, 1059,
    1063, 1068, 1072, 1076, 1080, 1086, 1090, 1094, 1097, 1102, 1115, 1122,
    1133, 1139, 1143, 1158, 1168, 1172, 1186, 1206, 1215, 1221, 1224, 1232,
    1239, 1242, 1246, 1251, 1255, 1259, 1275, 1290, 1303, 1320, 1323, 1330,
    1338, 1342, 1347, 1354, 1374, 1377, 1387, 1393, 1400, 1409, 1413, 1417,
    1436, 1439, 1447, 1451, 1460, 1475, 1489, 1492, 1499, 1507, 1510, 1513,
    1516, 1522, 1525, 1533, 1538, 1555, 1573, 1584, 1607, 1619, 1622, 1628,
    1631, 1637, 1644, 1659, 1665, 1672, 1681, 1684, 1690, 1699, 1709, 1712,
    1728, 1735, 1739, 1745, 1749, 1757, 1767, 1773, 1777, 1782, 1787, 1791,
    1804, 1819, 1834, 1837, 1842, 1852, 1859, 1862, 1866, 1882, 1886, 1895,
    1898, 1902, 1905, 1908, 1920, 1930, 1946, 1949, 1953, 1956, 1959, 1975,
    1979, 1989, 1992, 1995, 2000, 2004, 2013, 2025, 2030, 2049, 2070, 2083,
    2087, 2114, 2126, 2135, 2138, 2141, 2144, 2147, 2151, 2156, 2163, 2170,
    2173, 2199, 2203, 2211, 2214, 2265, 2275, 2279, 2286, 2307, 2321, 2342,
    2345, 2352, 2358, 2372, 2376, 2384, 2395, 2403, 2407, 2410, 2440, 2443,
    2446, 2449, 2453, 2461, 2465, 2471, 2474, 2478, 2482, 2499, 2502, 2516,
    2520, 2529, 2533, 2536, 2539, 2560, 2568, 2575, 2584, 2590, 2594, 2617,
    2621, 2625, 2628, 2631, 2640, 2649, 2653, 2665, 2672, 2676, 2683, 2686,
    2690, 2694, 2719, 2723, 2733, 2737, 2743, 2747, 2752, 2756, 2762, 2768,
    2791, 2794, 2803

Reassigned labels

Runtime: 11.5349600315094

Performance split_log:

IM without threshold:
Map:
{"D_0": "D", "D_1": "D", "D_2": "D"}
token_fitness
{"perc_fit_traces": 100.0, "average_trace_fitness": 1.0, "log_fitness": 1.0, "percentage_of_fitting_traces": 100.0}
precision
0.6651824424081929
0.6629213483146068
generalization
0.8052922180482446

Adjusted Rand Index:
0.23206406652327297



Parameters of this run:

Window size: 5
Threshold for edges: 0.25
Split candidates: D
Max number of traces: 5000000
Method for distance calculation: Distance.EDIT_DISTANCE
Method for finding clusters: ClusteringMethod.COMMUNITY_DETECTION
Original log location: ./data/noImprInLoop_default_OD\feb17-0936\logs\H_1_LogD_Sequence_feb17-0936.xes.gz
Use frequency: True

Found communities: 

Clustering with 2819 elements and 3 clusters
[0] 2, 5, 8, 10, 11, 14, 17, 20, 22, 23, 25, 28, 31, 33, 34, 36, 37, 39, 40,
    43, 45, 48, 51, 55, 59, 61, 62, 65, 66, 67, 70, 71, 72, 76, 78, 80, 81,
    83, 84, 86, 87, 90, 91, 92, 95, 96, 98, 100, 101, 102, 105, 108, 110, 113,
    115, 118, 119, 120, 121, 123, 124, 126, 129, 131, 134, 135, 136, 137, 139,
    142, 143, 144, 148, 151, 154, 157, 158, 161, 162, 166, 168, 169, 170, 171,
    173, 175, 176, 177, 178, 182, 185, 188, 189, 192, 193, 197, 200, 204, 206,
    207, 209, 212, 216, 219, 221, 222, 224, 227, 230, 233, 236, 237, 239, 240,
    243, 245, 246, 249, 250, 251, 254, 258, 261, 263, 264, 267, 269, 270, 272,
    275, 280, 283, 286, 288, 290, 292, 293, 295, 297, 300, 302, 305, 308, 309,
    313, 314, 315, 317, 318, 324, 325, 329, 331, 333, 335, 338, 340, 344, 346,
    348, 349, 352, 356, 359, 361, 362, 364, 367, 369, 370, 375, 376, 377, 379,
    380, 383, 388, 391, 392, 393, 395, 396, 397, 398, 399, 400, 402, 404, 405,
    406, 407, 410, 411, 412, 413, 415, 417, 419, 422, 424, 425, 427, 428, 431,
    432, 434, 437, 438, 439, 442, 444, 445, 448, 449, 452, 455, 458, 459, 460,
    463, 466, 469, 472, 473, 475, 477, 480, 482, 484, 485, 489, 492, 493, 494,
    496, 499, 501, 502, 505, 507, 510, 511, 513, 514, 516, 517, 519, 520, 522,
    523, 525, 527, 531, 535, 539, 541, 542, 544, 546, 550, 552, 553, 555, 560,
    563, 565, 567, 568, 571, 572, 575, 577, 579, 581, 584, 585, 586, 588, 590,
    591, 594, 595, 597, 598, 600, 603, 606, 607, 609, 610, 612, 613, 615, 617,
    619, 623, 624, 632, 633, 636, 639, 641, 644, 647, 649, 651, 655, 657, 658,
    660, 664, 666, 668, 670, 671, 672, 673, 676, 680, 681, 682, 685, 687, 689,
    691, 694, 697, 700, 701, 705, 707, 709, 711, 712, 713, 716, 719, 721, 723,
    726, 729, 732, 736, 739, 742, 745, 746, 750, 752, 753, 755, 757, 760, 763,
    767, 771, 774, 775, 777, 778, 781, 784, 785, 788, 793, 795, 798, 799, 800,
    801, 804, 807, 809, 810, 811, 813, 816, 817, 819, 822, 823, 824, 825, 827,
    830, 833, 834, 836, 839, 841, 842, 845, 847, 848, 850, 852, 853, 857, 860,
    862, 863, 865, 867, 869, 871, 873, 876, 877, 880, 883, 885, 886, 888, 889,
    891, 893, 894, 897, 898, 902, 904, 905, 907, 908, 910, 911, 914, 915, 917,
    918, 920, 924, 927, 928, 930, 934, 937, 939, 942, 944, 949, 950, 951, 953,
    954, 958, 961, 963, 964, 970, 972, 975, 976, 977, 980, 982, 983, 987, 989,
    990, 992, 993, 994, 997, 999, 1000, 1002, 1003, 1006, 1007, 1010, 1013,
    1015, 1018, 1021, 1022, 1024, 1025, 1027, 1029, 1030, 1033, 1035, 1039,
    1042, 1043, 1046, 1049, 1051, 1052, 1054, 1057, 1058, 1061, 1062, 1065,
    1066, 1067, 1070, 1071, 1075, 1079, 1083, 1085, 1088, 1089, 1092, 1093,
    1095, 1096, 1099, 1101, 1104, 1105, 1108, 1110, 1112, 1113, 1114, 1117,
    1118, 1121, 1124, 1126, 1129, 1131, 1132, 1135, 1137, 1138, 1142, 1145,
    1148, 1150, 1153, 1155, 1157, 1160, 1161, 1163, 1164, 1167, 1170, 1171,
    1175, 1177, 1179, 1182, 1185, 1188, 1189, 1191, 1194, 1196, 1198, 1199,
    1201, 1202, 1205, 1209, 1211, 1212, 1214, 1217, 1219, 1220, 1223, 1226,
    1231, 1235, 1238, 1244, 1245, 1248, 1250, 1254, 1258, 1261, 1264, 1267,
    1269, 1273, 1274, 1278, 1281, 1284, 1286, 1287, 1289, 1293, 1296, 1299,
    1302, 1304, 1305, 1307, 1309, 1312, 1314, 1316, 1317, 1319, 1321, 1322,
    1325, 1327, 1329, 1332, 1334, 1335, 1337, 1340, 1341, 1344, 1345, 1346,
    1350, 1352, 1353, 1357, 1359, 1361, 1363, 1366, 1368, 1369, 1370, 1372,
    1373, 1375, 1376, 1380, 1383, 1385, 1386, 1389, 1390, 1392, 1395, 1396,
    1399, 1402, 1403, 1405, 1407, 1408, 1411, 1412, 1415, 1416, 1419, 1420,
    1421, 1423, 1425, 1427, 1429, 1432, 1435, 1437, 1438, 1442, 1444, 1446,
    1449, 1450, 1454, 1457, 1459, 1462, 1464, 1466, 1469, 1471, 1473, 1474,
    1478, 1480, 1481, 1483, 1486, 1495, 1498, 1504, 1506, 1509, 1512, 1515,
    1519, 1524, 1526, 1527, 1529, 1531, 1532, 1535, 1537, 1540, 1541, 1542,
    1543, 1545, 1546, 1549, 1551, 1552, 1554, 1558, 1560, 1562, 1564, 1565,
    1567, 1570, 1572, 1575, 1578, 1580, 1581, 1583, 1587, 1590, 1592, 1593,
    1595, 1596, 1598, 1601, 1603, 1604, 1605, 1606, 1610, 1612, 1614, 1615,
    1617, 1618, 1621, 1625, 1627, 1629, 1630, 1634, 1636, 1640, 1643, 1647,
    1650, 1653, 1656, 1658, 1662, 1663, 1664, 1667, 1670, 1671, 1674, 1677,
    1679, 1680, 1683, 1686, 1687, 1689, 1693, 1695, 1698, 1700, 1701, 1703,
    1704, 1705, 1706, 1708, 1711, 1713, 1714, 1716, 1718, 1720, 1722, 1724,
    1727, 1731, 1733, 1734, 1737, 1738, 1742, 1743, 1744, 1748, 1751, 1753,
    1755, 1756, 1759, 1761, 1763, 1765, 1766, 1768, 1769, 1772, 1776, 1779,
    1781, 1784, 1786, 1790, 1793, 1794, 1795, 1797, 1798, 1803, 1807, 1808,
    1809, 1812, 1814, 1815, 1818, 1821, 1822, 1824, 1825, 1827, 1830, 1832,
    1833, 1836, 1839, 1840, 1841, 1845, 1848, 1850, 1851, 1854, 1855, 1857,
    1858, 1861, 1865, 1868, 1870, 1871, 1874, 1876, 1879, 1881, 1885, 1888,
    1889, 1892, 1894, 1897, 1900, 1901, 1903, 1904, 1906, 1907, 1910, 1911,
    1914, 1916, 1919, 1923, 1925, 1926, 1928, 1929, 1931, 1932, 1934, 1936,
    1939, 1941, 1942, 1945, 1951, 1952, 1955, 1961, 1962, 1963, 1966, 1968,
    1969, 1970, 1971, 1973, 1974, 1978, 1981, 1982, 1985, 1987, 1988, 1991,
    1994, 1997, 1998, 1999, 2002, 2003, 2007, 2009, 2010, 2012, 2016, 2019,
    2021, 2022, 2024, 2027, 2029, 2032, 2033, 2035, 2037, 2038, 2040, 2041,
    2043, 2044, 2046, 2048, 2052, 2056, 2057, 2059, 2062, 2064, 2065, 2066,
    2069, 2072, 2075, 2077, 2079, 2081, 2082, 2085, 2086, 2089, 2091, 2092,
    2095, 2097, 2100, 2102, 2104, 2106, 2107, 2108, 2109, 2111, 2112, 2113,
    2116, 2117, 2118, 2119, 2121, 2122, 2124, 2125, 2128, 2130, 2132, 2134,
    2137, 2140, 2143, 2146, 2150, 2153, 2155, 2158, 2159, 2162, 2165, 2166,
    2168, 2169, 2172, 2174, 2175, 2177, 2179, 2180, 2181, 2182, 2184, 2185,
    2187, 2190, 2192, 2194, 2195, 2197, 2198, 2201, 2202, 2208, 2213, 2215,
    2216, 2218, 2221, 2223, 2225, 2228, 2233, 2235, 2236, 2239, 2242, 2244,
    2246, 2249, 2251, 2252, 2255, 2257, 2258, 2261, 2263, 2264, 2266, 2267,
    2269, 2270, 2271, 2274, 2277, 2278, 2281, 2282, 2285, 2289, 2291, 2293,
    2294, 2295, 2296, 2298, 2300, 2301, 2303, 2305, 2306, 2310, 2313, 2315,
    2317, 2319, 2320, 2323, 2325, 2326, 2328, 2329, 2331, 2332, 2333, 2334,
    2335, 2338, 2340, 2341, 2343, 2344, 2347, 2349, 2351, 2354, 2355, 2357,
    2359, 2360, 2362, 2363, 2364, 2366, 2368, 2369, 2371, 2375, 2378, 2381,
    2383, 2387, 2390, 2392, 2394, 2397, 2399, 2400, 2402, 2405, 2406, 2409,
    2412, 2413, 2414, 2415, 2417, 2419, 2420, 2423, 2425, 2427, 2428, 2429,
    2431, 2433, 2434, 2436, 2437, 2439, 2442, 2445, 2448, 2452, 2455, 2458,
    2460, 2463, 2464, 2467, 2468, 2469, 2470, 2473, 2476, 2477, 2480, 2481,
    2484, 2487, 2489, 2490, 2491, 2492, 2495, 2498, 2500, 2501, 2504, 2506,
    2508, 2509, 2510, 2513, 2515, 2519, 2522, 2523, 2526, 2528, 2531, 2532,
    2535, 2538, 2541, 2544, 2546, 2548, 2551, 2553, 2554, 2556, 2557, 2559,
    2562, 2563, 2564, 2566, 2567, 2570, 2571, 2573, 2574, 2577, 2578, 2581,
    2583, 2586, 2587, 2589, 2593, 2597, 2600, 2601, 2602, 2603, 2604, 2606,
    2608, 2611, 2614, 2615, 2616, 2620, 2624, 2627, 2629, 2630, 2634, 2636,
    2637, 2639, 2642, 2645, 2648, 2651, 2652, 2655, 2657, 2658, 2660, 2661,
    2663, 2664, 2666, 2667, 2669, 2671, 2674, 2675, 2678, 2680, 2681, 2682,
    2684, 2685, 2689, 2693, 2695, 2696, 2698, 2700, 2701, 2703, 2704, 2705,
    2707, 2709, 2710, 2711, 2712, 2715, 2718, 2721, 2722, 2726, 2729, 2731,
    2732, 2736, 2739, 2741, 2742, 2746, 2748, 2749, 2755, 2758, 2760, 2761,
    2764, 2766, 2767, 2770, 2771, 2775, 2777, 2780, 2782, 2784, 2785, 2787,
    2789, 2790, 2793, 2796, 2798, 2800, 2802, 2805, 2807, 2808, 2810, 2811,
    2812, 2815, 2817, 2818
[1] 1, 3, 4, 7, 9, 12, 13, 16, 19, 21, 24, 26, 27, 29, 30, 32, 35, 38, 41, 42,
    44, 46, 47, 49, 50, 53, 54, 57, 58, 60, 63, 64, 68, 69, 74, 75, 77, 79,
    85, 88, 89, 94, 97, 99, 103, 104, 106, 107, 109, 111, 112, 114, 117, 122,
    125, 128, 130, 133, 138, 141, 146, 147, 149, 150, 153, 155, 156, 160, 164,
    165, 172, 174, 180, 181, 184, 187, 191, 195, 196, 199, 202, 203, 205, 208,
    210, 211, 214, 215, 217, 218, 220, 223, 225, 226, 228, 229, 231, 232, 235,
    241, 242, 248, 253, 256, 257, 260, 262, 265, 266, 268, 271, 274, 276, 277,
    279, 281, 282, 285, 287, 289, 291, 294, 296, 298, 299, 301, 303, 304, 307,
    311, 312, 320, 321, 323, 327, 328, 330, 332, 334, 337, 339, 342, 343, 345,
    347, 350, 351, 354, 355, 357, 358, 363, 366, 371, 372, 374, 378, 381, 382,
    384, 385, 387, 389, 390, 394, 401, 403, 409, 414, 416, 418, 420, 421, 426,
    430, 433, 435, 436, 440, 441, 447, 450, 451, 453, 454, 456, 457, 461, 462,
    464, 465, 467, 468, 471, 474, 476, 479, 481, 483, 487, 488, 491, 495, 498,
    504, 506, 509, 512, 518, 521, 524, 526, 529, 530, 533, 534, 537, 538, 543,
    545, 548, 549, 551, 554, 557, 558, 559, 562, 564, 566, 570, 573, 574, 576,
    578, 580, 582, 583, 587, 589, 593, 596, 599, 601, 602, 605, 608, 611, 614,
    616, 618, 620, 621, 622, 625, 626, 628, 629, 631, 635, 637, 638, 640, 642,
    643, 645, 646, 648, 650, 653, 654, 656, 659, 662, 663, 665, 667, 669, 675,
    678, 679, 684, 686, 688, 690, 693, 696, 699, 703, 704, 706, 708, 710, 714,
    715, 717, 718, 720, 722, 724, 725, 728, 730, 731, 734, 735, 738, 741, 744,
    748, 749, 751, 754, 756, 759, 762, 765, 766, 769, 770, 773, 776, 779, 780,
    783, 787, 789, 790, 791, 792, 794, 797, 803, 806, 808, 812, 815, 818, 821,
    826, 829, 832, 835, 838, 840, 843, 844, 849, 854, 855, 856, 858, 859, 861,
    864, 866, 868, 870, 872, 875, 878, 879, 881, 882, 884, 887, 890, 892, 896,
    900, 901, 903, 913, 916, 919, 922, 923, 926, 929, 932, 933, 936, 938, 940,
    941, 943, 946, 947, 948, 952, 956, 957, 960, 962, 965, 966, 967, 968, 969,
    971, 974, 979, 981, 985, 986, 988, 991, 995, 996, 998, 1001, 1005, 1009,
    1012, 1014, 1016, 1017, 1020, 1026, 1028, 1031, 1032, 1034, 1037, 1038,
    1041, 1045, 1047, 1048, 1050, 1053, 1056, 1060, 1064, 1069, 1073, 1074,
    1077, 1078, 1081, 1082, 1084, 1087, 1091, 1098, 1100, 1103, 1106, 1107,
    1109, 1111, 1116, 1119, 1120, 1123, 1125, 1127, 1128, 1130, 1134, 1136,
    1140, 1141, 1144, 1146, 1147, 1149, 1151, 1152, 1154, 1156, 1159, 1162,
    1165, 1166, 1169, 1173, 1174, 1176, 1178, 1180, 1181, 1183, 1184, 1187,
    1190, 1192, 1193, 1195, 1197, 1200, 1203, 1204, 1207, 1208, 1210, 1213,
    1216, 1218, 1222, 1225, 1227, 1228, 1229, 1230, 1233, 1234, 1236, 1237,
    1240, 1241, 1243, 1247, 1249, 1252, 1253, 1256, 1257, 1260, 1262, 1263,
    1265, 1266, 1268, 1270, 1271, 1272, 1276, 1277, 1279, 1280, 1282, 1283,
    1285, 1288, 1291, 1292, 1294, 1295, 1297, 1298, 1300, 1301, 1306, 1308,
    1310, 1311, 1313, 1315, 1318, 1324, 1326, 1328, 1331, 1333, 1336, 1339,
    1343, 1348, 1349, 1351, 1355, 1356, 1358, 1360, 1362, 1364, 1365, 1367,
    1371, 1378, 1379, 1381, 1382, 1384, 1388, 1391, 1394, 1397, 1398, 1401,
    1404, 1406, 1410, 1414, 1418, 1422, 1424, 1426, 1428, 1430, 1431, 1433,
    1434, 1440, 1441, 1443, 1445, 1448, 1452, 1453, 1455, 1456, 1458, 1461,
    1463, 1465, 1467, 1468, 1470, 1472, 1476, 1477, 1479, 1482, 1484, 1485,
    1487, 1488, 1490, 1491, 1493, 1494, 1496, 1497, 1500, 1501, 1502, 1503,
    1505, 1508, 1511, 1514, 1517, 1518, 1520, 1521, 1523, 1528, 1530, 1534,
    1536, 1539, 1544, 1547, 1548, 1550, 1553, 1556, 1557, 1559, 1561, 1563,
    1566, 1568, 1569, 1571, 1574, 1576, 1577, 1579, 1582, 1585, 1586, 1588,
    1589, 1591, 1594, 1597, 1599, 1600, 1602, 1608, 1609, 1611, 1613, 1616,
    1620, 1623, 1624, 1626, 1632, 1633, 1635, 1638, 1639, 1641, 1642, 1645,
    1646, 1648, 1649, 1651, 1652, 1654, 1655, 1657, 1660, 1661, 1666, 1668,
    1669, 1673, 1675, 1676, 1678, 1682, 1685, 1688, 1691, 1692, 1694, 1696,
    1697, 1702, 1707, 1710, 1715, 1717, 1719, 1721, 1723, 1725, 1726, 1729,
    1730, 1732, 1736, 1740, 1741, 1746, 1747, 1750, 1752, 1754, 1758, 1760,
    1762, 1764, 1770, 1771, 1774, 1775, 1778, 1780, 1783, 1785, 1788, 1789,
    1792, 1796, 1799, 1800, 1801, 1802, 1805, 1806, 1810, 1811, 1813, 1816,
    1817, 1820, 1823, 1826, 1828, 1829, 1831, 1835, 1838, 1843, 1844, 1846,
    1847, 1849, 1853, 1856, 1860, 1863, 1864, 1867, 1869, 1872, 1873, 1875,
    1877, 1878, 1880, 1883, 1884, 1887, 1890, 1891, 1893, 1896, 1899, 1909,
    1912, 1913, 1915, 1917, 1918, 1921, 1922, 1924, 1927, 1933, 1935, 1937,
    1938, 1940, 1943, 1944, 1947, 1948, 1950, 1954, 1957, 1958, 1960, 1964,
    1965, 1967, 1972, 1976, 1977, 1980, 1983, 1984, 1986, 1990, 1993, 1996,
    2001, 2005, 2006, 2008, 2011, 2014, 2015, 2017, 2018, 2020, 2023, 2026,
    2028, 2031, 2034, 2036, 2039, 2042, 2045, 2047, 2050, 2051, 2053, 2054,
    2055, 2058, 2060, 2061, 2063, 2067, 2068, 2071, 2073, 2074, 2076, 2078,
    2080, 2084, 2088, 2090, 2093, 2094, 2096, 2098, 2099, 2101, 2103, 2105,
    2110, 2115, 2120, 2123, 2127, 2129, 2131, 2133, 2136, 2139, 2142, 2145,
    2148, 2149, 2152, 2154, 2157, 2160, 2161, 2164, 2167, 2171, 2176, 2178,
    2183, 2186, 2188, 2189, 2191, 2193, 2196, 2200, 2204, 2205, 2206, 2207,
    2209, 2210, 2212, 2217, 2219, 2220, 2222, 2224, 2226, 2227, 2229, 2230,
    2231, 2232, 2234, 2237, 2238, 2240, 2241, 2243, 2245, 2247, 2248, 2250,
    2253, 2254, 2256, 2259, 2260, 2262, 2268, 2272, 2273, 2276, 2280, 2283,
    2284, 2287, 2288, 2290, 2292, 2297, 2299, 2302, 2304, 2308, 2309, 2311,
    2312, 2314, 2316, 2318, 2322, 2324, 2327, 2330, 2336, 2337, 2339, 2346,
    2348, 2350, 2353, 2356, 2361, 2365, 2367, 2370, 2373, 2374, 2377, 2379,
    2380, 2382, 2385, 2386, 2388, 2389, 2391, 2393, 2396, 2398, 2401, 2404,
    2408, 2411, 2416, 2418, 2421, 2422, 2424, 2426, 2430, 2432, 2435, 2438,
    2441, 2444, 2447, 2450, 2451, 2454, 2456, 2457, 2459, 2462, 2466, 2472,
    2475, 2479, 2483, 2485, 2486, 2488, 2493, 2494, 2496, 2497, 2503, 2505,
    2507, 2511, 2512, 2514, 2517, 2518, 2521, 2524, 2525, 2527, 2530, 2534,
    2537, 2540, 2542, 2543, 2545, 2547, 2549, 2550, 2552, 2555, 2558, 2561,
    2565, 2569, 2572, 2576, 2579, 2580, 2582, 2585, 2588, 2591, 2592, 2595,
    2596, 2598, 2599, 2605, 2607, 2609, 2610, 2612, 2613, 2618, 2619, 2622,
    2623, 2626, 2632, 2633, 2635, 2638, 2641, 2643, 2644, 2646, 2647, 2650,
    2654, 2656, 2659, 2662, 2668, 2670, 2673, 2677, 2679, 2687, 2688, 2691,
    2692, 2697, 2699, 2702, 2706, 2708, 2713, 2714, 2716, 2717, 2720, 2724,
    2725, 2727, 2728, 2730, 2734, 2735, 2738, 2740, 2744, 2745, 2750, 2751,
    2753, 2754, 2757, 2759, 2763, 2765, 2769, 2772, 2773, 2774, 2776, 2778,
    2779, 2781, 2783, 2786, 2788, 2792, 2795, 2797, 2799, 2801, 2804, 2806,
    2809, 2813, 2814, 2816
[2] 0, 6, 15, 18, 52, 56, 73, 82, 93, 116, 127, 132, 140, 145, 152, 159, 163,
    167, 179, 183, 186, 190, 194, 198, 201, 213, 234, 238, 244, 247, 252, 255,
    259, 273, 278, 284, 306, 310, 316, 319, 322, 326, 336, 341, 353, 360, 365,
    368, 373, 386, 408, 423, 429, 443, 446, 470, 478, 486, 490, 497, 500, 503,
    508, 515, 528, 532, 536, 540, 547, 556, 561, 569, 592, 604, 627, 630, 634,
    652, 661, 674, 677, 683, 692, 695, 698, 702, 727, 733, 737, 740, 743, 747,
    758, 761, 764, 768, 772, 782, 786, 796, 802, 805, 814, 820, 828, 831, 837,
    846, 851, 874, 895, 899, 906, 909, 912, 921, 925, 931, 935, 945, 955, 959,
    973, 978, 984, 1004, 1008, 1011, 1019, 1023, 1036, 1040, 1044, 1055, 1059,
    1063, 1068, 1072, 1076, 1080, 1086, 1090, 1094, 1097, 1102, 1115, 1122,
    1133, 1139, 1143, 1158, 1168, 1172, 1186, 1206, 1215, 1221, 1224, 1232,
    1239, 1242, 1246, 1251, 1255, 1259, 1275, 1290, 1303, 1320, 1323, 1330,
    1338, 1342, 1347, 1354, 1374, 1377, 1387, 1393, 1400, 1409, 1413, 1417,
    1436, 1439, 1447, 1451, 1460, 1475, 1489, 1492, 1499, 1507, 1510, 1513,
    1516, 1522, 1525, 1533, 1538, 1555, 1573, 1584, 1607, 1619, 1622, 1628,
    1631, 1637, 1644, 1659, 1665, 1672, 1681, 1684, 1690, 1699, 1709, 1712,
    1728, 1735, 1739, 1745, 1749, 1757, 1767, 1773, 1777, 1782, 1787, 1791,
    1804, 1819, 1834, 1837, 1842, 1852, 1859, 1862, 1866, 1882, 1886, 1895,
    1898, 1902, 1905, 1908, 1920, 1930, 1946, 1949, 1953, 1956, 1959, 1975,
    1979, 1989, 1992, 1995, 2000, 2004, 2013, 2025, 2030, 2049, 2070, 2083,
    2087, 2114, 2126, 2135, 2138, 2141, 2144, 2147, 2151, 2156, 2163, 2170,
    2173, 2199, 2203, 2211, 2214, 2265, 2275, 2279, 2286, 2307, 2321, 2342,
    2345, 2352, 2358, 2372, 2376, 2384, 2395, 2403, 2407, 2410, 2440, 2443,
    2446, 2449, 2453, 2461, 2465, 2471, 2474, 2478, 2482, 2499, 2502, 2516,
    2520, 2529, 2533, 2536, 2539, 2560, 2568, 2575, 2584, 2590, 2594, 2617,
    2621, 2625, 2628, 2631, 2640, 2649, 2653, 2665, 2672, 2676, 2683, 2686,
    2690, 2694, 2719, 2723, 2733, 2737, 2743, 2747, 2752, 2756, 2762, 2768,
    2791, 2794, 2803

Reassigned labels

Runtime: 10.700772285461426

Performance split_log:

IM without threshold:
Map:
{"D_0": "D", "D_1": "D", "D_2": "D"}
token_fitness
{"perc_fit_traces": 100.0, "average_trace_fitness": 1.0, "log_fitness": 1.0, "percentage_of_fitting_traces": 100.0}
precision
0.6651824424081929
0.6629213483146068
generalization
0.8052922180482446

Adjusted Rand Index:
0.23323865336690647



Parameters of this run:

Window size: 5
Threshold for edges: 0.5
Split candidates: D
Max number of traces: 5000000
Method for distance calculation: Distance.EDIT_DISTANCE
Method for finding clusters: ClusteringMethod.COMMUNITY_DETECTION
Original log location: ./data/noImprInLoop_default_OD\feb17-0936\logs\H_1_LogD_Sequence_feb17-0936.xes.gz
Use frequency: True

Found communities: 

Clustering with 2819 elements and 3 clusters
[0] 2, 5, 8, 10, 11, 14, 17, 22, 23, 25, 28, 31, 33, 34, 36, 37, 39, 40, 43,
    48, 51, 55, 59, 61, 62, 65, 66, 67, 70, 71, 72, 76, 78, 80, 81, 83, 84,
    86, 87, 90, 91, 92, 95, 96, 98, 100, 101, 102, 105, 108, 113, 115, 118,
    119, 120, 121, 123, 124, 126, 129, 131, 134, 135, 136, 137, 139, 142, 143,
    144, 148, 151, 154, 157, 158, 161, 162, 166, 168, 169, 170, 171, 173, 175,
    176, 177, 178, 182, 185, 188, 189, 192, 193, 197, 200, 204, 206, 207, 209,
    212, 216, 219, 221, 222, 224, 227, 230, 233, 236, 237, 239, 240, 243, 245,
    246, 249, 250, 251, 254, 258, 261, 263, 264, 267, 269, 270, 272, 275, 280,
    283, 286, 288, 290, 292, 293, 297, 300, 302, 305, 308, 309, 313, 314, 315,
    318, 324, 325, 329, 331, 333, 335, 338, 340, 344, 346, 348, 349, 352, 356,
    359, 361, 362, 364, 367, 369, 370, 375, 376, 377, 379, 380, 383, 388, 391,
    393, 396, 397, 398, 399, 400, 402, 404, 405, 406, 407, 410, 411, 412, 413,
    415, 417, 419, 422, 424, 425, 428, 431, 432, 434, 437, 439, 442, 444, 445,
    449, 452, 455, 458, 459, 460, 463, 466, 469, 472, 473, 475, 477, 480, 482,
    484, 485, 489, 492, 493, 494, 496, 499, 501, 502, 505, 507, 510, 511, 513,
    514, 516, 517, 519, 520, 522, 523, 525, 527, 531, 535, 539, 541, 542, 544,
    546, 550, 552, 553, 555, 560, 563, 567, 568, 571, 572, 575, 577, 579, 581,
    584, 585, 586, 588, 590, 591, 594, 595, 598, 600, 603, 606, 607, 609, 610,
    612, 613, 615, 617, 619, 623, 624, 632, 633, 636, 639, 641, 644, 647, 649,
    651, 655, 657, 658, 660, 664, 666, 668, 670, 671, 673, 676, 680, 681, 682,
    685, 687, 689, 691, 694, 697, 700, 701, 705, 707, 709, 712, 713, 716, 718,
    719, 721, 723, 726, 729, 732, 736, 739, 742, 745, 746, 750, 752, 753, 755,
    757, 760, 763, 767, 771, 774, 775, 777, 778, 781, 784, 785, 788, 793, 795,
    798, 799, 801, 804, 807, 809, 810, 811, 813, 816, 817, 819, 822, 823, 824,
    825, 827, 830, 833, 834, 836, 839, 841, 842, 845, 847, 848, 850, 853, 857,
    860, 862, 863, 865, 867, 869, 871, 873, 876, 877, 880, 883, 885, 886, 888,
    889, 891, 893, 894, 897, 898, 902, 904, 905, 907, 908, 910, 911, 914, 915,
    917, 918, 920, 924, 927, 928, 930, 934, 937, 939, 942, 944, 950, 951, 953,
    954, 958, 961, 963, 964, 970, 972, 975, 976, 977, 980, 982, 983, 987, 989,
    990, 992, 993, 994, 997, 999, 1000, 1002, 1003, 1006, 1007, 1010, 1013,
    1015, 1018, 1021, 1022, 1024, 1025, 1027, 1029, 1030, 1033, 1035, 1039,
    1042, 1043, 1046, 1049, 1052, 1054, 1057, 1058, 1061, 1062, 1065, 1066,
    1067, 1070, 1071, 1075, 1079, 1083, 1085, 1088, 1089, 1093, 1095, 1096,
    1099, 1101, 1104, 1105, 1108, 1110, 1112, 1113, 1114, 1117, 1118, 1121,
    1124, 1126, 1129, 1131, 1132, 1137, 1138, 1142, 1145, 1148, 1150, 1153,
    1157, 1160, 1161, 1163, 1164, 1167, 1170, 1171, 1175, 1177, 1182, 1185,
    1188, 1189, 1191, 1194, 1196, 1199, 1201, 1202, 1205, 1209, 1211, 1212,
    1214, 1217, 1219, 1220, 1223, 1226, 1231, 1235, 1238, 1244, 1245, 1248,
    1250, 1254, 1258, 1261, 1264, 1267, 1269, 1273, 1274, 1278, 1281, 1284,
    1286, 1287, 1289, 1293, 1296, 1299, 1302, 1304, 1305, 1307, 1309, 1312,
    1314, 1316, 1317, 1319, 1322, 1325, 1327, 1329, 1332, 1334, 1335, 1337,
    1340, 1341, 1344, 1345, 1346, 1350, 1353, 1357, 1359, 1361, 1366, 1368,
    1369, 1370, 1372, 1373, 1376, 1380, 1383, 1385, 1386, 1389, 1390, 1392,
    1395, 1396, 1399, 1402, 1403, 1405, 1407, 1408, 1412, 1415, 1416, 1419,
    1420, 1421, 1423, 1425, 1427, 1429, 1432, 1435, 1437, 1438, 1442, 1446,
    1449, 1450, 1454, 1457, 1459, 1462, 1464, 1466, 1469, 1471, 1473, 1474,
    1478, 1480, 1481, 1483, 1486, 1495, 1498, 1504, 1506, 1509, 1512, 1515,
    1519, 1524, 1526, 1527, 1529, 1531, 1532, 1535, 1537, 1540, 1541, 1542,
    1543, 1545, 1546, 1549, 1551, 1552, 1554, 1558, 1562, 1564, 1565, 1567,
    1570, 1572, 1575, 1578, 1580, 1581, 1583, 1587, 1590, 1592, 1593, 1595,
    1596, 1601, 1603, 1604, 1605, 1606, 1610, 1612, 1614, 1615, 1617, 1618,
    1621, 1625, 1627, 1629, 1630, 1634, 1640, 1643, 1647, 1650, 1653, 1656,
    1658, 1662, 1663, 1664, 1667, 1670, 1671, 1674, 1677, 1679, 1680, 1683,
    1686, 1687, 1693, 1695, 1698, 1701, 1703, 1704, 1705, 1706, 1708, 1711,
    1713, 1714, 1716, 1718, 1720, 1722, 1724, 1727, 1731, 1733, 1734, 1737,
    1738, 1742, 1743, 1744, 1748, 1751, 1753, 1756, 1759, 1761, 1763, 1765,
    1766, 1768, 1769, 1772, 1776, 1779, 1784, 1786, 1790, 1793, 1794, 1795,
    1797, 1798, 1803, 1807, 1809, 1812, 1814, 1815, 1818, 1821, 1822, 1824,
    1825, 1827, 1830, 1832, 1833, 1836, 1839, 1840, 1841, 1845, 1848, 1850,
    1851, 1854, 1855, 1857, 1858, 1861, 1865, 1868, 1870, 1871, 1874, 1876,
    1879, 1881, 1885, 1889, 1892, 1894, 1897, 1901, 1903, 1904, 1906, 1907,
    1911, 1914, 1916, 1919, 1923, 1926, 1928, 1929, 1931, 1932, 1934, 1936,
    1939, 1941, 1942, 1945, 1951, 1952, 1955, 1961, 1962, 1963, 1966, 1968,
    1969, 1970, 1971, 1973, 1974, 1978, 1981, 1982, 1985, 1987, 1988, 1994,
    1997, 1998, 1999, 2002, 2003, 2007, 2009, 2010, 2012, 2016, 2019, 2021,
    2022, 2024, 2027, 2029, 2032, 2033, 2035, 2037, 2038, 2040, 2041, 2043,
    2044, 2046, 2048, 2052, 2056, 2057, 2059, 2062, 2064, 2065, 2066, 2069,
    2072, 2075, 2077, 2079, 2081, 2082, 2085, 2086, 2089, 2091, 2092, 2095,
    2100, 2104, 2106, 2107, 2108, 2109, 2111, 2112, 2113, 2116, 2117, 2118,
    2119, 2121, 2122, 2124, 2125, 2128, 2130, 2132, 2134, 2140, 2143, 2146,
    2150, 2153, 2155, 2158, 2159, 2162, 2165, 2166, 2169, 2172, 2174, 2175,
    2177, 2179, 2180, 2181, 2182, 2184, 2185, 2187, 2190, 2192, 2194, 2195,
    2197, 2198, 2201, 2202, 2208, 2213, 2215, 2216, 2218, 2221, 2223, 2228,
    2233, 2235, 2236, 2239, 2242, 2244, 2246, 2249, 2251, 2252, 2255, 2257,
    2258, 2261, 2263, 2264, 2267, 2269, 2270, 2271, 2274, 2277, 2278, 2281,
    2282, 2285, 2289, 2291, 2293, 2294, 2295, 2296, 2298, 2300, 2301, 2303,
    2306, 2310, 2313, 2315, 2317, 2319, 2320, 2323, 2325, 2326, 2328, 2329,
    2331, 2332, 2333, 2334, 2335, 2338, 2340, 2341, 2343, 2344, 2347, 2349,
    2351, 2354, 2355, 2357, 2359, 2360, 2362, 2363, 2364, 2366, 2369, 2371,
    2375, 2378, 2381, 2383, 2387, 2390, 2392, 2394, 2397, 2399, 2400, 2402,
    2405, 2406, 2409, 2412, 2413, 2414, 2415, 2417, 2419, 2420, 2423, 2425,
    2427, 2428, 2429, 2431, 2433, 2434, 2436, 2437, 2439, 2448, 2452, 2455,
    2458, 2460, 2463, 2464, 2467, 2468, 2469, 2470, 2473, 2476, 2477, 2480,
    2481, 2487, 2489, 2490, 2491, 2492, 2495, 2498, 2500, 2501, 2506, 2508,
    2509, 2510, 2513, 2515, 2519, 2522, 2523, 2526, 2528, 2531, 2532, 2535,
    2538, 2544, 2546, 2548, 2551, 2553, 2554, 2556, 2557, 2562, 2564, 2566,
    2567, 2570, 2571, 2573, 2574, 2577, 2578, 2581, 2583, 2586, 2587, 2589,
    2593, 2597, 2600, 2601, 2602, 2603, 2604, 2606, 2608, 2611, 2614, 2615,
    2616, 2620, 2624, 2627, 2629, 2630, 2634, 2636, 2637, 2639, 2642, 2645,
    2648, 2651, 2652, 2655, 2657, 2658, 2660, 2661, 2663, 2664, 2666, 2667,
    2669, 2671, 2674, 2675, 2678, 2680, 2681, 2682, 2684, 2685, 2689, 2693,
    2695, 2696, 2698, 2700, 2701, 2703, 2704, 2705, 2707, 2709, 2710, 2711,
    2712, 2715, 2718, 2721, 2722, 2726, 2729, 2732, 2736, 2739, 2741, 2742,
    2746, 2748, 2749, 2755, 2758, 2760, 2761, 2764, 2766, 2767, 2770, 2771,
    2775, 2777, 2780, 2782, 2784, 2785, 2787, 2789, 2790, 2793, 2796, 2798,
    2800, 2805, 2807, 2808, 2810, 2811, 2812, 2815, 2817, 2818
[1] 1, 3, 4, 7, 9, 12, 13, 16, 19, 20, 21, 24, 26, 27, 29, 30, 32, 35, 38, 41,
    42, 44, 45, 46, 47, 49, 50, 53, 54, 57, 58, 60, 63, 64, 68, 69, 74, 75,
    77, 79, 85, 88, 89, 94, 97, 99, 103, 104, 106, 107, 109, 110, 111, 112,
    114, 117, 122, 125, 128, 130, 133, 138, 141, 146, 147, 149, 150, 153, 155,
    156, 160, 164, 165, 172, 174, 180, 181, 184, 187, 191, 195, 196, 199, 202,
    203, 205, 208, 210, 211, 214, 215, 217, 218, 220, 223, 225, 226, 228, 229,
    231, 232, 235, 241, 242, 248, 253, 256, 257, 260, 262, 265, 266, 268, 271,
    274, 276, 277, 279, 281, 282, 285, 287, 289, 291, 294, 295, 296, 298, 299,
    301, 303, 304, 307, 311, 312, 317, 320, 321, 323, 327, 328, 330, 332, 334,
    337, 339, 342, 343, 345, 347, 350, 351, 354, 355, 357, 358, 363, 366, 371,
    372, 374, 378, 381, 382, 384, 385, 387, 389, 390, 392, 394, 395, 401, 403,
    409, 414, 416, 418, 420, 421, 426, 427, 430, 433, 435, 436, 438, 440, 441,
    447, 448, 450, 451, 453, 454, 456, 457, 461, 462, 464, 465, 467, 468, 471,
    474, 476, 479, 481, 483, 487, 488, 491, 495, 498, 504, 506, 509, 512, 518,
    521, 524, 526, 529, 530, 533, 534, 537, 538, 543, 545, 548, 549, 551, 554,
    557, 558, 559, 562, 564, 565, 566, 570, 573, 574, 576, 578, 580, 582, 583,
    587, 589, 593, 596, 597, 599, 601, 602, 605, 608, 611, 614, 616, 618, 620,
    621, 622, 625, 626, 628, 629, 631, 635, 637, 638, 640, 642, 643, 645, 646,
    648, 650, 653, 654, 656, 659, 662, 663, 665, 667, 669, 672, 675, 678, 679,
    684, 686, 688, 690, 693, 696, 699, 703, 704, 706, 708, 710, 711, 714, 715,
    717, 720, 722, 724, 725, 728, 730, 731, 734, 735, 738, 741, 744, 748, 749,
    751, 754, 756, 759, 762, 765, 766, 769, 770, 773, 776, 779, 780, 783, 787,
    789, 790, 791, 792, 794, 797, 800, 803, 806, 808, 812, 815, 818, 821, 826,
    829, 832, 835, 838, 840, 843, 844, 849, 852, 854, 855, 856, 858, 859, 861,
    864, 866, 868, 870, 872, 875, 878, 879, 881, 882, 884, 887, 890, 892, 896,
    900, 901, 903, 913, 916, 919, 922, 923, 926, 929, 932, 933, 936, 938, 940,
    941, 943, 946, 947, 948, 949, 952, 956, 957, 960, 962, 965, 966, 967, 968,
    969, 971, 974, 979, 981, 985, 986, 988, 991, 995, 996, 998, 1001, 1005,
    1009, 1012, 1014, 1016, 1017, 1020, 1026, 1028, 1031, 1032, 1034, 1037,
    1038, 1041, 1045, 1047, 1048, 1050, 1051, 1053, 1056, 1060, 1064, 1069,
    1073, 1074, 1077, 1078, 1081, 1082, 1084, 1087, 1091, 1092, 1098, 1100,
    1103, 1106, 1107, 1109, 1111, 1116, 1119, 1120, 1123, 1125, 1127, 1128,
    1130, 1134, 1135, 1136, 1140, 1141, 1144, 1146, 1147, 1149, 1151, 1152,
    1154, 1155, 1156, 1159, 1162, 1165, 1166, 1169, 1173, 1174, 1176, 1178,
    1179, 1180, 1181, 1183, 1184, 1187, 1190, 1192, 1193, 1195, 1197, 1198,
    1200, 1203, 1204, 1207, 1208, 1210, 1213, 1216, 1218, 1222, 1225, 1227,
    1228, 1229, 1230, 1233, 1234, 1236, 1237, 1240, 1241, 1243, 1247, 1249,
    1252, 1253, 1256, 1257, 1260, 1262, 1263, 1265, 1266, 1268, 1270, 1271,
    1272, 1276, 1277, 1279, 1280, 1282, 1283, 1285, 1288, 1291, 1292, 1294,
    1295, 1297, 1298, 1300, 1301, 1306, 1308, 1310, 1311, 1313, 1315, 1318,
    1321, 1324, 1326, 1328, 1331, 1333, 1336, 1339, 1343, 1348, 1349, 1351,
    1352, 1355, 1356, 1358, 1360, 1362, 1363, 1364, 1365, 1367, 1371, 1375,
    1378, 1379, 1381, 1382, 1384, 1388, 1391, 1394, 1397, 1398, 1401, 1404,
    1406, 1410, 1411, 1414, 1418, 1422, 1424, 1426, 1428, 1430, 1431, 1433,
    1434, 1440, 1441, 1443, 1444, 1445, 1448, 1452, 1453, 1455, 1456, 1458,
    1461, 1463, 1465, 1467, 1468, 1470, 1472, 1476, 1477, 1479, 1482, 1484,
    1485, 1487, 1488, 1490, 1491, 1493, 1494, 1496, 1497, 1500, 1501, 1502,
    1503, 1505, 1508, 1511, 1514, 1517, 1518, 1520, 1521, 1523, 1528, 1530,
    1534, 1536, 1539, 1544, 1547, 1548, 1550, 1553, 1556, 1557, 1559, 1560,
    1561, 1563, 1566, 1568, 1569, 1571, 1574, 1576, 1577, 1579, 1582, 1585,
    1586, 1588, 1589, 1591, 1594, 1597, 1598, 1599, 1600, 1602, 1608, 1609,
    1611, 1613, 1616, 1620, 1623, 1624, 1626, 1632, 1633, 1635, 1636, 1638,
    1639, 1641, 1642, 1645, 1646, 1648, 1649, 1651, 1652, 1654, 1655, 1657,
    1660, 1661, 1666, 1668, 1669, 1673, 1675, 1676, 1678, 1682, 1685, 1688,
    1689, 1691, 1692, 1694, 1696, 1697, 1700, 1702, 1707, 1710, 1715, 1717,
    1719, 1721, 1723, 1725, 1726, 1729, 1730, 1732, 1736, 1740, 1741, 1746,
    1747, 1750, 1752, 1754, 1755, 1758, 1760, 1762, 1764, 1770, 1771, 1774,
    1775, 1778, 1780, 1781, 1783, 1785, 1788, 1789, 1792, 1796, 1799, 1800,
    1801, 1802, 1805, 1806, 1808, 1810, 1811, 1813, 1816, 1817, 1820, 1823,
    1826, 1828, 1829, 1831, 1835, 1838, 1843, 1844, 1846, 1847, 1849, 1853,
    1856, 1860, 1863, 1864, 1867, 1869, 1872, 1873, 1875, 1877, 1878, 1880,
    1883, 1884, 1887, 1888, 1890, 1891, 1893, 1896, 1899, 1900, 1909, 1910,
    1912, 1913, 1915, 1917, 1918, 1921, 1922, 1924, 1925, 1927, 1933, 1935,
    1937, 1938, 1940, 1943, 1944, 1947, 1948, 1950, 1954, 1957, 1958, 1960,
    1964, 1965, 1967, 1972, 1976, 1977, 1980, 1983, 1984, 1986, 1990, 1991,
    1993, 1996, 2001, 2005, 2006, 2008, 2011, 2014, 2015, 2017, 2018, 2020,
    2023, 2026, 2028, 2031, 2034, 2036, 2039, 2042, 2045, 2047, 2050, 2051,
    2053, 2054, 2055, 2058, 2060, 2061, 2063, 2067, 2068, 2071, 2073, 2074,
    2076, 2078, 2080, 2084, 2088, 2090, 2093, 2094, 2096, 2097, 2098, 2099,
    2101, 2102, 2103, 2105, 2110, 2115, 2120, 2123, 2127, 2129, 2131, 2133,
    2136, 2137, 2139, 2142, 2145, 2148, 2149, 2152, 2154, 2157, 2160, 2161,
    2164, 2167, 2168, 2171, 2176, 2178, 2183, 2186, 2188, 2189, 2191, 2193,
    2196, 2200, 2204, 2205, 2206, 2207, 2209, 2210, 2212, 2217, 2219, 2220,
    2222, 2224, 2225, 2226, 2227, 2229, 2230, 2231, 2232, 2234, 2237, 2238,
    2240, 2241, 2243, 2245, 2247, 2248, 2250, 2253, 2254, 2256, 2259, 2260,
    2262, 2266, 2268, 2272, 2273, 2276, 2280, 2283, 2284, 2287, 2288, 2290,
    2292, 2297, 2299, 2302, 2304, 2305, 2308, 2309, 2311, 2312, 2314, 2316,
    2318, 2322, 2324, 2327, 2330, 2336, 2337, 2339, 2346, 2348, 2350, 2353,
    2356, 2361, 2365, 2367, 2368, 2370, 2373, 2374, 2377, 2379, 2380, 2382,
    2385, 2386, 2388, 2389, 2391, 2393, 2396, 2398, 2401, 2404, 2408, 2411,
    2416, 2418, 2421, 2422, 2424, 2426, 2430, 2432, 2435, 2438, 2441, 2442,
    2444, 2445, 2447, 2450, 2451, 2454, 2456, 2457, 2459, 2462, 2466, 2472,
    2475, 2479, 2483, 2484, 2485, 2486, 2488, 2493, 2494, 2496, 2497, 2503,
    2504, 2505, 2507, 2511, 2512, 2514, 2517, 2518, 2521, 2524, 2525, 2527,
    2530, 2534, 2537, 2540, 2541, 2542, 2543, 2545, 2547, 2549, 2550, 2552,
    2555, 2558, 2559, 2561, 2563, 2565, 2569, 2572, 2576, 2579, 2580, 2582,
    2585, 2588, 2591, 2592, 2595, 2596, 2598, 2599, 2605, 2607, 2609, 2610,
    2612, 2613, 2618, 2619, 2622, 2623, 2626, 2632, 2633, 2635, 2638, 2641,
    2643, 2644, 2646, 2647, 2650, 2654, 2656, 2659, 2662, 2668, 2670, 2673,
    2677, 2679, 2687, 2688, 2691, 2692, 2697, 2699, 2702, 2706, 2708, 2713,
    2714, 2716, 2717, 2720, 2724, 2725, 2727, 2728, 2730, 2731, 2734, 2735,
    2738, 2740, 2744, 2745, 2750, 2751, 2753, 2754, 2757, 2759, 2763, 2765,
    2769, 2772, 2773, 2774, 2776, 2778, 2779, 2781, 2783, 2786, 2788, 2792,
    2795, 2797, 2799, 2801, 2802, 2804, 2806, 2809, 2813, 2814, 2816
[2] 0, 6, 15, 18, 52, 56, 73, 82, 93, 116, 127, 132, 140, 145, 152, 159, 163,
    167, 179, 183, 186, 190, 194, 198, 201, 213, 234, 238, 244, 247, 252, 255,
    259, 273, 278, 284, 306, 310, 316, 319, 322, 326, 336, 341, 353, 360, 365,
    368, 373, 386, 408, 423, 429, 443, 446, 470, 478, 486, 490, 497, 500, 503,
    508, 515, 528, 532, 536, 540, 547, 556, 561, 569, 592, 604, 627, 630, 634,
    652, 661, 674, 677, 683, 692, 695, 698, 702, 727, 733, 737, 740, 743, 747,
    758, 761, 764, 768, 772, 782, 786, 796, 802, 805, 814, 820, 828, 831, 837,
    846, 851, 874, 895, 899, 906, 909, 912, 921, 925, 931, 935, 945, 955, 959,
    973, 978, 984, 1004, 1008, 1011, 1019, 1023, 1036, 1040, 1044, 1055, 1059,
    1063, 1068, 1072, 1076, 1080, 1086, 1090, 1094, 1097, 1102, 1115, 1122,
    1133, 1139, 1143, 1158, 1168, 1172, 1186, 1206, 1215, 1221, 1224, 1232,
    1239, 1242, 1246, 1251, 1255, 1259, 1275, 1290, 1303, 1320, 1323, 1330,
    1338, 1342, 1347, 1354, 1374, 1377, 1387, 1393, 1400, 1409, 1413, 1417,
    1436, 1439, 1447, 1451, 1460, 1475, 1489, 1492, 1499, 1507, 1510, 1513,
    1516, 1522, 1525, 1533, 1538, 1555, 1573, 1584, 1607, 1619, 1622, 1628,
    1631, 1637, 1644, 1659, 1665, 1672, 1681, 1684, 1690, 1699, 1709, 1712,
    1728, 1735, 1739, 1745, 1749, 1757, 1767, 1773, 1777, 1782, 1787, 1791,
    1804, 1819, 1834, 1837, 1842, 1852, 1859, 1862, 1866, 1882, 1886, 1895,
    1898, 1902, 1905, 1908, 1920, 1930, 1946, 1949, 1953, 1956, 1959, 1975,
    1979, 1989, 1992, 1995, 2000, 2004, 2013, 2025, 2030, 2049, 2070, 2083,
    2087, 2114, 2126, 2135, 2138, 2141, 2144, 2147, 2151, 2156, 2163, 2170,
    2173, 2199, 2203, 2211, 2214, 2265, 2275, 2279, 2286, 2307, 2321, 2342,
    2345, 2352, 2358, 2372, 2376, 2384, 2395, 2403, 2407, 2410, 2440, 2443,
    2446, 2449, 2453, 2461, 2465, 2471, 2474, 2478, 2482, 2499, 2502, 2516,
    2520, 2529, 2533, 2536, 2539, 2560, 2568, 2575, 2584, 2590, 2594, 2617,
    2621, 2625, 2628, 2631, 2640, 2649, 2653, 2665, 2672, 2676, 2683, 2686,
    2690, 2694, 2719, 2723, 2733, 2737, 2743, 2747, 2752, 2756, 2762, 2768,
    2791, 2794, 2803

Reassigned labels

Runtime: 9.960087299346924

Performance split_log:

IM without threshold:
Map:
{"D_0": "D", "D_1": "D", "D_2": "D"}
token_fitness
{"perc_fit_traces": 100.0, "average_trace_fitness": 1.0, "log_fitness": 1.0, "percentage_of_fitting_traces": 100.0}
precision
0.6651824424081929
0.6629213483146068
generalization
0.8052922180482446

Adjusted Rand Index:
0.2250826057767364



Parameters of this run:

Window size: 5
Threshold for edges: 0.75
Split candidates: D
Max number of traces: 5000000
Method for distance calculation: Distance.EDIT_DISTANCE
Method for finding clusters: ClusteringMethod.COMMUNITY_DETECTION
Original log location: ./data/noImprInLoop_default_OD\feb17-0936\logs\H_1_LogD_Sequence_feb17-0936.xes.gz
Use frequency: True

Found communities: 

Clustering with 2819 elements and 80 clusters
[ 0] 1, 3, 4, 7, 19, 20, 21, 24, 26, 27, 30, 32, 35, 38, 42, 44, 47, 50, 54,
     57, 58, 60, 63, 64, 66, 68, 69, 71, 75, 77, 79, 85, 88, 89, 94, 99, 103,
     104, 106, 107, 109, 110, 111, 112, 114, 122, 125, 133, 138, 141, 147,
     150, 153, 155, 156, 160, 164, 165, 172, 174, 180, 181, 184, 187, 195,
     196, 199, 202, 203, 205, 211, 215, 217, 218, 220, 223, 225, 226, 228,
     229, 231, 232, 235, 241, 242, 248, 253, 257, 265, 266, 268, 269, 271,
     276, 277, 279, 282, 285, 287, 291, 294, 295, 296, 299, 304, 307, 312,
     317, 320, 321, 323, 324, 327, 328, 332, 334, 337, 339, 343, 350, 351,
     355, 358, 363, 366, 371, 372, 374, 382, 384, 385, 389, 390, 392, 394,
     395, 409, 418, 421, 427, 436, 438, 440, 441, 447, 448, 450, 451, 454,
     456, 457, 464, 465, 467, 468, 474, 476, 479, 481, 487, 488, 491, 506,
     512, 524, 526, 529, 530, 533, 534, 538, 543, 545, 548, 549, 551, 554,
     557, 558, 564, 565, 570, 573, 574, 576, 578, 583, 589, 593, 596, 597,
     599, 601, 602, 611, 614, 618, 620, 621, 622, 625, 626, 629, 631, 635,
     637, 638, 640, 642, 643, 646, 650, 653, 654, 659, 663, 665, 667, 670,
     672, 675, 678, 679, 684, 686, 688, 689, 690, 693, 699, 704, 706, 712,
     714, 715, 718, 720, 722, 725, 731, 735, 748, 749, 754, 756, 759, 762,
     765, 766, 769, 770, 773, 776, 777, 779, 780, 783, 787, 790, 791, 792,
     794, 800, 803, 806, 808, 815, 818, 821, 832, 835, 840, 843, 844, 849,
     852, 854, 855, 858, 859, 864, 868, 870, 872, 875, 878, 879, 881, 882,
     887, 892, 896, 901, 913, 916, 919, 923, 926, 929, 932, 933, 936, 938,
     941, 943, 946, 947, 952, 956, 957, 960, 966, 968, 971, 974, 979, 985,
     986, 988, 989, 991, 996, 1001, 1009, 1012, 1014, 1017, 1020, 1026, 1028,
     1032, 1038, 1041, 1045, 1047, 1048, 1050, 1051, 1053, 1056, 1064, 1070,
     1073, 1074, 1077, 1078, 1081, 1082, 1084, 1087, 1091, 1092, 1106, 1107,
     1116, 1119, 1120, 1123, 1125, 1128, 1130, 1134, 1135, 1140, 1141, 1144,
     1147, 1149, 1154, 1155, 1160, 1162, 1165, 1166, 1169, 1173, 1174, 1176,
     1178, 1179, 1180, 1181, 1183, 1184, 1187, 1190, 1193, 1195, 1197, 1198,
     1200, 1204, 1208, 1210, 1213, 1216, 1218, 1222, 1225, 1227, 1228, 1229,
     1233, 1234, 1236, 1237, 1240, 1241, 1247, 1249, 1252, 1253, 1256, 1257,
     1260, 1263, 1265, 1266, 1268, 1270, 1271, 1272, 1277, 1279, 1280, 1283,
     1285, 1291, 1292, 1294, 1295, 1297, 1298, 1300, 1301, 1306, 1308, 1311,
     1313, 1315, 1316, 1318, 1321, 1324, 1326, 1328, 1331, 1333, 1339, 1345,
     1348, 1349, 1352, 1356, 1358, 1360, 1362, 1363, 1364, 1365, 1367, 1371,
     1375, 1378, 1379, 1382, 1384, 1385, 1388, 1391, 1394, 1397, 1398, 1401,
     1404, 1411, 1414, 1418, 1422, 1424, 1428, 1431, 1433, 1434, 1441, 1443,
     1444, 1445, 1448, 1452, 1453, 1455, 1456, 1461, 1463, 1465, 1468, 1470,
     1472, 1477, 1479, 1480, 1482, 1484, 1485, 1487, 1488, 1490, 1491, 1494,
     1496, 1497, 1500, 1501, 1502, 1503, 1505, 1508, 1511, 1512, 1517, 1518,
     1520, 1521, 1523, 1528, 1530, 1534, 1544, 1547, 1548, 1550, 1553, 1557,
     1560, 1561, 1566, 1568, 1569, 1574, 1576, 1577, 1579, 1582, 1586, 1588,
     1589, 1591, 1594, 1597, 1598, 1600, 1602, 1608, 1609, 1611, 1613, 1614,
     1624, 1633, 1635, 1636, 1638, 1639, 1642, 1645, 1646, 1648, 1649, 1652,
     1655, 1657, 1661, 1666, 1668, 1669, 1676, 1678, 1679, 1682, 1685, 1686,
     1688, 1689, 1692, 1694, 1696, 1697, 1700, 1702, 1721, 1723, 1726, 1729,
     1730, 1732, 1736, 1740, 1741, 1747, 1750, 1752, 1754, 1755, 1760, 1764,
     1770, 1771, 1778, 1780, 1781, 1785, 1788, 1789, 1799, 1800, 1802, 1806,
     1808, 1811, 1813, 1817, 1820, 1823, 1826, 1828, 1829, 1835, 1838, 1844,
     1847, 1853, 1856, 1863, 1864, 1867, 1869, 1873, 1877, 1878, 1880, 1883,
     1884, 1887, 1888, 1890, 1893, 1896, 1900, 1909, 1910, 1913, 1915, 1918,
     1922, 1924, 1925, 1927, 1928, 1933, 1937, 1938, 1940, 1943, 1944, 1947,
     1948, 1950, 1951, 1957, 1958, 1960, 1965, 1967, 1976, 1977, 1980, 1983,
     1984, 1986, 1987, 1991, 1993, 2001, 2006, 2008, 2014, 2015, 2017, 2018,
     2020, 2023, 2026, 2028, 2036, 2037, 2039, 2042, 2045, 2047, 2050, 2051,
     2054, 2058, 2061, 2063, 2067, 2068, 2071, 2074, 2076, 2078, 2080, 2084,
     2088, 2090, 2094, 2096, 2097, 2098, 2099, 2101, 2102, 2103, 2105, 2110,
     2112, 2115, 2120, 2123, 2129, 2131, 2133, 2136, 2137, 2139, 2145, 2149,
     2152, 2157, 2158, 2160, 2161, 2168, 2171, 2176, 2177, 2183, 2184, 2186,
     2189, 2191, 2196, 2200, 2204, 2205, 2206, 2207, 2209, 2210, 2217, 2220,
     2222, 2225, 2227, 2229, 2230, 2231, 2232, 2237, 2238, 2240, 2241, 2245,
     2247, 2248, 2250, 2254, 2256, 2259, 2260, 2262, 2266, 2273, 2276, 2280,
     2281, 2284, 2288, 2290, 2297, 2299, 2302, 2304, 2305, 2309, 2314, 2316,
     2318, 2322, 2327, 2330, 2336, 2337, 2339, 2346, 2348, 2350, 2356, 2361,
     2365, 2367, 2368, 2374, 2377, 2378, 2379, 2380, 2385, 2386, 2388, 2389,
     2391, 2393, 2401, 2402, 2404, 2408, 2411, 2416, 2418, 2422, 2424, 2426,
     2428, 2430, 2435, 2441, 2442, 2444, 2445, 2451, 2454, 2457, 2466, 2469,
     2472, 2475, 2484, 2485, 2486, 2488, 2493, 2494, 2497, 2504, 2507, 2512,
     2514, 2518, 2521, 2525, 2530, 2534, 2540, 2541, 2542, 2543, 2545, 2547,
     2550, 2552, 2555, 2558, 2559, 2561, 2563, 2572, 2579, 2580, 2582, 2585,
     2588, 2591, 2592, 2595, 2596, 2599, 2601, 2605, 2609, 2610, 2612, 2613,
     2622, 2623, 2626, 2632, 2633, 2635, 2638, 2641, 2643, 2644, 2646, 2647,
     2650, 2651, 2654, 2656, 2659, 2662, 2668, 2670, 2673, 2677, 2679, 2688,
     2691, 2692, 2697, 2699, 2704, 2708, 2713, 2714, 2717, 2721, 2724, 2725,
     2728, 2730, 2731, 2735, 2740, 2745, 2751, 2754, 2763, 2765, 2769, 2773,
     2774, 2776, 2779, 2781, 2783, 2786, 2787, 2792, 2795, 2797, 2799, 2801,
     2802, 2804, 2806, 2809, 2814, 2816
[ 1] 2, 5, 8, 11, 23, 25, 28, 36, 37, 43, 59, 61, 62, 65, 70, 80, 81, 83, 84,
     86, 87, 90, 98, 102, 105, 108, 113, 115, 124, 126, 134, 135, 137, 139,
     142, 161, 162, 166, 169, 170, 171, 173, 175, 176, 182, 197, 200, 204,
     207, 219, 221, 222, 227, 233, 237, 243, 249, 251, 254, 264, 267, 272,
     283, 288, 290, 297, 300, 313, 329, 331, 338, 344, 349, 359, 361, 362,
     380, 388, 391, 397, 398, 399, 400, 406, 407, 432, 455, 466, 469, 489,
     494, 499, 511, 531, 535, 539, 544, 546, 568, 577, 581, 585, 586, 590,
     591, 594, 595, 600, 603, 607, 619, 639, 644, 655, 658, 666, 668, 676,
     680, 682, 685, 691, 694, 716, 723, 757, 784, 785, 793, 801, 804, 807,
     833, 834, 848, 860, 867, 869, 871, 876, 877, 880, 883, 886, 888, 889,
     897, 898, 902, 911, 914, 915, 917, 918, 920, 934, 937, 942, 951, 958,
     961, 975, 977, 980, 987, 1000, 1013, 1015, 1029, 1030, 1035, 1046, 1049,
     1057, 1058, 1062, 1065, 1066, 1067, 1075, 1079, 1083, 1088, 1089, 1093,
     1105, 1108, 1117, 1118, 1121, 1126, 1129, 1131, 1132, 1138, 1142, 1150,
     1163, 1164, 1170, 1171, 1175, 1185, 1191, 1194, 1201, 1202, 1212, 1223,
     1230, 1238, 1248, 1250, 1254, 1261, 1264, 1274, 1286, 1287, 1296, 1299,
     1302, 1304, 1305, 1307, 1309, 1314, 1327, 1332, 1344, 1350, 1366, 1373,
     1380, 1399, 1402, 1403, 1419, 1421, 1423, 1429, 1435, 1454, 1457, 1462,
     1466, 1471, 1483, 1486, 1498, 1504, 1506, 1519, 1529, 1531, 1532, 1535,
     1537, 1541, 1545, 1546, 1549, 1552, 1558, 1578, 1590, 1603, 1604, 1610,
     1629, 1630, 1647, 1650, 1683, 1716, 1724, 1731, 1734, 1742, 1744, 1748,
     1751, 1753, 1761, 1772, 1779, 1786, 1790, 1807, 1809, 1821, 1822, 1827,
     1830, 1833, 1839, 1840, 1841, 1848, 1855, 1865, 1870, 1871, 1874, 1876,
     1879, 1891, 1897, 1914, 1916, 1945, 1962, 1963, 1978, 1982, 1985, 2002,
     2003, 2007, 2010, 2022, 2027, 2040, 2041, 2046, 2048, 2052, 2059, 2066,
     2069, 2075, 2077, 2081, 2082, 2091, 2092, 2095, 2100, 2104, 2109, 2111,
     2117, 2118, 2119, 2121, 2122, 2130, 2132, 2153, 2155, 2162, 2166, 2180,
     2198, 2201, 2202, 2208, 2233, 2239, 2251, 2252, 2255, 2261, 2263, 2264,
     2271, 2323, 2326, 2338, 2340, 2341, 2349, 2355, 2364, 2381, 2387, 2390,
     2394, 2413, 2417, 2420, 2427, 2434, 2436, 2437, 2477, 2487, 2495, 2501,
     2508, 2522, 2523, 2544, 2562, 2573, 2574, 2586, 2587, 2597, 2606, 2611,
     2614, 2624, 2630, 2634, 2642, 2648, 2657, 2658, 2669, 2671, 2678, 2681,
     2682, 2684, 2685, 2693, 2698, 2709, 2710, 2726, 2732, 2748, 2749, 2755,
     2758, 2766, 2767, 2775, 2777, 2790, 2793, 2796, 2817, 2818
[ 2] 33, 34, 67, 72, 100, 120, 121, 157, 158, 185, 188, 189, 209, 230, 239,
     240, 245, 246, 258, 270, 302, 308, 309, 318, 325, 340, 346, 352, 356,
     364, 367, 369, 370, 376, 377, 393, 396, 404, 405, 410, 411, 419, 424,
     425, 428, 434, 439, 444, 445, 449, 452, 459, 460, 475, 480, 482, 484,
     485, 501, 502, 505, 513, 514, 522, 523, 525, 560, 563, 571, 572, 575,
     584, 598, 609, 610, 612, 613, 615, 623, 624, 632, 633, 636, 641, 649,
     660, 673, 700, 701, 705, 707, 709, 713, 719, 736, 745, 746, 752, 753,
     755, 763, 767, 774, 775, 778, 788, 795, 809, 810, 811, 813, 816, 817,
     819, 822, 823, 824, 825, 836, 841, 842, 850, 853, 857, 862, 863, 873,
     893, 894, 927, 928, 939, 944, 963, 964, 970, 982, 983, 990, 993, 994,
     1002, 1003, 1006, 1007, 1021, 1022, 1024, 1025, 1042, 1043, 1052, 1054,
     1071, 1099, 1101, 1113, 1114, 1124, 1145, 1157, 1161, 1188, 1189, 1199,
     1214, 1219, 1220, 1226, 1258, 1267, 1269, 1281, 1289, 1293, 1312, 1317,
     1319, 1322, 1325, 1334, 1335, 1346, 1353, 1369, 1370, 1376, 1386, 1389,
     1390, 1395, 1396, 1407, 1408, 1412, 1415, 1416, 1425, 1437, 1438, 1442,
     1446, 1449, 1450, 1464, 1481, 1526, 1527, 1542, 1543, 1554, 1564, 1565,
     1567, 1575, 1580, 1581, 1583, 1592, 1593, 1595, 1596, 1605, 1606, 1615,
     1621, 1627, 1634, 1643, 1653, 1680, 1687, 1695, 1701, 1705, 1706, 1711,
     1713, 1714, 1722, 1727, 1737, 1738, 1756, 1759, 1763, 1768, 1769, 1793,
     1814, 1815, 1836, 1850, 1851, 1857, 1858, 1868, 1881, 1889, 1894, 1901,
     1903, 1904, 1906, 1907, 1911, 1919, 1926, 1929, 1931, 1932, 1934, 1952,
     1955, 1961, 1968, 1969, 1970, 1971, 1973, 1974, 1988, 1994, 1997, 1998,
     1999, 2012, 2016, 2024, 2032, 2033, 2038, 2056, 2057, 2085, 2086, 2106,
     2107, 2113, 2124, 2125, 2134, 2143, 2159, 2169, 2181, 2182, 2185, 2187,
     2192, 2215, 2216, 2218, 2228, 2235, 2236, 2242, 2244, 2246, 2257, 2258,
     2267, 2269, 2274, 2277, 2278, 2282, 2293, 2294, 2295, 2296, 2300, 2301,
     2303, 2306, 2328, 2329, 2331, 2332, 2333, 2334, 2335, 2343, 2344, 2357,
     2359, 2360, 2362, 2366, 2369, 2383, 2392, 2397, 2405, 2406, 2409, 2414,
     2415, 2423, 2425, 2429, 2431, 2460, 2467, 2468, 2470, 2473, 2489, 2490,
     2491, 2492, 2509, 2510, 2535, 2538, 2548, 2553, 2554, 2556, 2557, 2564,
     2566, 2567, 2581, 2583, 2589, 2593, 2602, 2603, 2604, 2615, 2616, 2627,
     2636, 2637, 2652, 2655, 2663, 2664, 2666, 2667, 2674, 2675, 2695, 2696,
     2700, 2701, 2703, 2705, 2707, 2722, 2741, 2742, 2760, 2761, 2770, 2771,
     2782, 2800, 2805, 2807, 2808, 2810, 2811, 2812
[ 3] 0, 6, 15, 18, 52, 56, 73, 82, 93, 116, 127, 132, 140, 145, 152, 159, 163,
     167, 179, 183, 186, 190, 194, 198, 201, 213, 234, 238, 244, 247, 252,
     255, 259, 273, 278, 284, 306, 310, 316, 319, 322, 326, 336, 341, 353,
     360, 365, 368, 373, 386, 408, 423, 429, 443, 446, 470, 478, 486, 490,
     497, 500, 503, 508, 515, 528, 532, 536, 540, 547, 556, 561, 569, 592,
     604, 627, 630, 634, 652, 661, 674, 677, 683, 692, 695, 698, 702, 727,
     733, 737, 740, 743, 747, 758, 761, 764, 768, 772, 782, 786, 796, 802,
     805, 814, 820, 828, 831, 837, 846, 851, 874, 895, 899, 906, 909, 912,
     921, 925, 931, 935, 945, 955, 959, 973, 978, 984, 1004, 1008, 1011, 1019,
     1023, 1036, 1040, 1044, 1055, 1059, 1063, 1068, 1072, 1076, 1080, 1086,
     1090, 1094, 1097, 1102, 1115, 1122, 1133, 1139, 1143, 1158, 1168, 1172,
     1186, 1206, 1215, 1221, 1224, 1232, 1239, 1242, 1246, 1251, 1255, 1259,
     1275, 1290, 1303, 1320, 1323, 1330, 1338, 1342, 1347, 1354, 1374, 1377,
     1387, 1393, 1400, 1409, 1413, 1417, 1436, 1439, 1447, 1451, 1460, 1475,
     1489, 1492, 1499, 1507, 1510, 1513, 1516, 1522, 1525, 1533, 1538, 1555,
     1573, 1584, 1607, 1619, 1622, 1628, 1631, 1637, 1644, 1659, 1665, 1672,
     1681, 1684, 1690, 1699, 1709, 1712, 1728, 1735, 1739, 1745, 1749, 1757,
     1767, 1773, 1777, 1782, 1787, 1791, 1804, 1819, 1834, 1837, 1842, 1852,
     1859, 1862, 1866, 1882, 1886, 1895, 1898, 1902, 1905, 1908, 1920, 1930,
     1946, 1949, 1953, 1956, 1959, 1975, 1979, 1989, 1992, 1995, 2000, 2004,
     2013, 2025, 2030, 2049, 2070, 2083, 2087, 2114, 2126, 2135, 2138, 2141,
     2144, 2147, 2151, 2156, 2163, 2170, 2173, 2199, 2203, 2211, 2214, 2265,
     2275, 2279, 2286, 2307, 2321, 2342, 2345, 2352, 2358, 2372, 2376, 2384,
     2395, 2403, 2407, 2410, 2440, 2443, 2446, 2449, 2453, 2461, 2465, 2471,
     2474, 2478, 2482, 2499, 2502, 2516, 2520, 2529, 2533, 2536, 2539, 2560,
     2568, 2575, 2584, 2590, 2594, 2617, 2621, 2625, 2628, 2631, 2640, 2649,
     2653, 2665, 2672, 2676, 2683, 2686, 2690, 2694, 2719, 2723, 2733, 2737,
     2743, 2747, 2752, 2756, 2762, 2768, 2791, 2794, 2803
[ 4] 10, 14, 17, 22, 31, 39, 40, 45, 48, 51, 55, 76, 78, 91, 92, 95, 96, 101,
     118, 119, 123, 129, 131, 136, 143, 144, 148, 151, 154, 168, 177, 178,
     192, 193, 206, 212, 216, 224, 236, 250, 261, 263, 275, 280, 286, 292,
     293, 305, 314, 315, 333, 335, 348, 375, 379, 383, 402, 412, 413, 415,
     417, 422, 431, 437, 442, 458, 463, 472, 473, 477, 492, 493, 496, 507,
     510, 516, 517, 519, 520, 527, 541, 542, 550, 552, 553, 555, 567, 579,
     588, 606, 617, 647, 651, 657, 664, 671, 681, 687, 697, 711, 721, 726,
     729, 732, 739, 742, 750, 760, 771, 781, 798, 799, 827, 830, 839, 845,
     847, 865, 885, 891, 904, 905, 907, 908, 910, 924, 930, 949, 950, 953,
     954, 972, 976, 992, 997, 999, 1010, 1018, 1027, 1033, 1039, 1061, 1085,
     1095, 1096, 1104, 1110, 1112, 1137, 1148, 1153, 1167, 1177, 1182, 1196,
     1205, 1209, 1211, 1217, 1231, 1235, 1244, 1245, 1273, 1278, 1284, 1329,
     1337, 1340, 1341, 1357, 1359, 1361, 1368, 1372, 1383, 1392, 1405, 1420,
     1427, 1432, 1459, 1469, 1473, 1474, 1478, 1495, 1509, 1515, 1524, 1540,
     1551, 1562, 1570, 1572, 1587, 1601, 1612, 1617, 1618, 1625, 1640, 1656,
     1658, 1662, 1663, 1664, 1667, 1670, 1671, 1674, 1677, 1693, 1698, 1703,
     1704, 1708, 1718, 1720, 1733, 1743, 1765, 1766, 1776, 1784, 1794, 1795,
     1797, 1798, 1803, 1812, 1818, 1824, 1825, 1832, 1845, 1854, 1861, 1885,
     1892, 1923, 1936, 1939, 1941, 1942, 1966, 1981, 2009, 2019, 2021, 2029,
     2035, 2043, 2044, 2062, 2064, 2065, 2072, 2079, 2089, 2108, 2116, 2128,
     2140, 2146, 2150, 2165, 2172, 2174, 2175, 2179, 2190, 2194, 2195, 2197,
     2213, 2221, 2223, 2249, 2270, 2285, 2289, 2291, 2298, 2310, 2313, 2315,
     2317, 2319, 2320, 2325, 2347, 2351, 2354, 2363, 2371, 2375, 2399, 2400,
     2412, 2419, 2433, 2439, 2448, 2452, 2455, 2458, 2463, 2464, 2476, 2480,
     2481, 2498, 2500, 2506, 2513, 2515, 2519, 2526, 2528, 2531, 2532, 2546,
     2551, 2570, 2571, 2577, 2578, 2600, 2608, 2620, 2629, 2639, 2645, 2660,
     2661, 2680, 2689, 2711, 2712, 2715, 2718, 2729, 2736, 2739, 2746, 2764,
     2780, 2784, 2785, 2789, 2798, 2815
[ 5] 9, 16, 29, 41, 46, 49, 53, 74, 117, 130, 146, 149, 191, 210, 256, 260,
     262, 274, 281, 298, 303, 311, 342, 347, 354, 357, 378, 381, 387, 414,
     416, 426, 430, 433, 435, 453, 462, 471, 495, 498, 509, 518, 537, 566,
     605, 616, 628, 645, 656, 662, 669, 703, 717, 724, 728, 738, 741, 744,
     751, 797, 829, 838, 861, 884, 900, 903, 940, 962, 967, 981, 995, 998,
     1005, 1016, 1031, 1034, 1037, 1060, 1103, 1109, 1111, 1127, 1136, 1146,
     1159, 1192, 1203, 1207, 1243, 1262, 1276, 1310, 1336, 1343, 1355, 1381,
     1406, 1426, 1430, 1440, 1458, 1467, 1476, 1493, 1536, 1539, 1556, 1563,
     1571, 1585, 1599, 1616, 1623, 1654, 1660, 1673, 1675, 1691, 1707, 1719,
     1746, 1762, 1775, 1796, 1805, 1816, 1831, 1843, 1846, 1860, 1875, 1899,
     1912, 1917, 1921, 1935, 1964, 1972, 2005, 2031, 2034, 2053, 2055, 2073,
     2093, 2127, 2148, 2154, 2164, 2178, 2193, 2219, 2234, 2253, 2292, 2308,
     2312, 2324, 2353, 2370, 2373, 2396, 2398, 2421, 2432, 2438, 2450, 2456,
     2462, 2479, 2496, 2503, 2505, 2511, 2517, 2527, 2549, 2565, 2569, 2576,
     2598, 2607, 2687, 2706, 2716, 2727, 2734, 2738, 2744, 2750, 2753, 2772,
     2778, 2788, 2813
[ 6] 345, 1626, 1725, 1810, 2011, 2272, 2287
[ 7] 301, 562, 708, 1792
[ 8] 483, 521, 969, 1849
[ 9] 922, 1282, 1801
[10] 1069, 2060, 2188
[11] 128, 2759
[12] 401, 587
[13] 208, 582
[14] 1098, 1156
[15] 214, 1996
[16] 1774, 2311
[17] 289, 2757
[18] 12
[19] 13
[20] 97
[21] 330
[22] 403
[23] 420
[24] 461
[25] 504
[26] 559
[27] 580
[28] 608
[29] 648
[30] 696
[31] 710
[32] 730
[33] 734
[34] 789
[35] 812
[36] 826
[37] 856
[38] 866
[39] 890
[40] 948
[41] 965
[42] 1100
[43] 1151
[44] 1152
[45] 1288
[46] 1351
[47] 1410
[48] 1514
[49] 1559
[50] 1620
[51] 1632
[52] 1641
[53] 1651
[54] 1710
[55] 1715
[56] 1717
[57] 1758
[58] 1783
[59] 1872
[60] 1954
[61] 1990
[62] 2142
[63] 2167
[64] 2212
[65] 2224
[66] 2226
[67] 2243
[68] 2268
[69] 2283
[70] 2382
[71] 2447
[72] 2459
[73] 2483
[74] 2524
[75] 2537
[76] 2618
[77] 2619
[78] 2702
[79] 2720

Reassigned labels

Runtime: 9.777597904205322

Performance split_log:

IM without threshold:
Map:
{"D_0": "D", "D_1": "D", "D_2": "D", "D_3": "D", "D_4": "D", "D_5": "D", "D_6": "D", "D_7": "D", "D_8": "D", "D_9": "D", "D_10": "D", "D_11": "D", "D_12": "D", "D_13": "D", "D_14": "D", "D_15": "D", "D_16": "D", "D_17": "D", "D_18": "D", "D_19": "D", "D_20": "D", "D_21": "D", "D_22": "D", "D_23": "D", "D_24": "D", "D_25": "D", "D_26": "D", "D_27": "D", "D_28": "D", "D_29": "D", "D_30": "D", "D_31": "D", "D_32": "D", "D_33": "D", "D_34": "D", "D_35": "D", "D_36": "D", "D_37": "D", "D_38": "D", "D_39": "D", "D_40": "D", "D_41": "D", "D_42": "D", "D_43": "D", "D_44": "D", "D_45": "D", "D_46": "D", "D_47": "D", "D_48": "D", "D_49": "D", "D_50": "D", "D_51": "D", "D_52": "D", "D_53": "D", "D_54": "D", "D_55": "D", "D_56": "D", "D_57": "D", "D_58": "D", "D_59": "D", "D_60": "D", "D_61": "D", "D_62": "D", "D_63": "D", "D_64": "D", "D_65": "D", "D_66": "D", "D_67": "D", "D_68": "D", "D_69": "D", "D_70": "D", "D_71": "D", "D_72": "D", "D_73": "D", "D_74": "D", "D_75": "D", "D_76": "D", "D_77": "D", "D_78": "D", "D_79": "D"}
token_fitness
{"perc_fit_traces": 79.0, "average_trace_fitness": 0.994901275732505, "log_fitness": 0.9949476723204619, "percentage_of_fitting_traces": 79.0}
precision
0.5774866015935443
0.6326530612244898
generalization
0.676342062834926

Adjusted Rand Index:
0.15286833083269022



Parameters of this run:

Window size: 5
Threshold for edges: 1
Split candidates: D
Max number of traces: 5000000
Method for distance calculation: Distance.EDIT_DISTANCE
Method for finding clusters: ClusteringMethod.COMMUNITY_DETECTION
Original log location: ./data/noImprInLoop_default_OD\feb17-0936\logs\H_1_LogD_Sequence_feb17-0936.xes.gz
Use frequency: True

Found communities: 

Clustering with 2819 elements and 1704 clusters
[   0] 81, 162, 222, 591, 595, 785, 834, 889, 915, 1058, 1164, 1403, 1871,
       2092, 2122, 2202, 2587, 2767
[   1] 11, 264, 349, 380, 568, 607, 886, 1062, 1138, 1541, 1833, 2355, 2434,
       2790
[   2] 365, 423, 556, 604, 1090, 1122, 1409, 1584, 1757, 1882, 2126, 2199,
       2533, 2791
[   3] 93, 140, 190, 201, 747, 846, 1168, 1303, 1460, 1989, 2352, 2539, 2733
[   4] 194, 515, 561, 761, 935, 1186, 1513, 1684, 2083, 2286, 2621, 2762, 2768
[   5] 244, 478, 677, 828, 984, 1330, 1413, 1739, 1782, 1946, 2211, 2358, 2747
[   6] 408, 503, 851, 978, 1080, 1232, 1417, 1709, 2173, 2449, 2640, 2690,
       2752
[   7] 316, 758, 772, 906, 931, 1255, 1637, 1735, 1920, 1953, 2141, 2163, 2719
[   8] 34, 189, 411, 817, 823, 1022, 1596, 2086, 2278, 2406, 2490, 2554
[   9] 56, 234, 768, 786, 959, 1158, 1239, 2135, 2203, 2279, 2410, 2665
[  10] 127, 273, 353, 443, 837, 1023, 1533, 1555, 1699, 2471, 2683, 2794
[  11] 247, 497, 782, 895, 1040, 1172, 1393, 1672, 1787, 2000, 2376, 2686
[  12] 186, 368, 429, 652, 1036, 1143, 1224, 1242, 1436, 1499, 1956, 2151
[  13] 43, 283, 300, 313, 359, 455, 902, 1264, 1807, 2075, 2255
[  14] 90, 329, 655, 1121, 1435, 1742, 2233, 2381, 2390, 2544, 2726
[  15] 145, 238, 386, 540, 1072, 1206, 1251, 1275, 2529, 2723, 2743
[  16] 116, 925, 1076, 1094, 1338, 1447, 1898, 1902, 2307, 2520, 2568
[  17] 796, 1102, 1221, 1387, 1607, 1819, 2345, 2403, 2625, 2737
[  18] 270, 325, 449, 598, 1052, 1680, 1889, 2159, 2306
[  19] 6, 213, 322, 486, 634, 1086, 1681, 1995
[  20] 52, 252, 319, 955, 1004, 1791, 1992, 2502
[  21] 102, 251, 848, 951, 1274, 1744, 2501, 2630
[  22] 105, 391, 535, 880, 1079, 1380, 1578, 2495
[  23] 163, 528, 727, 1246, 1489, 1767, 1908, 2147
[  24] 490, 674, 1011, 1055, 1215, 1628, 2453, 2672
[  25] 520, 799, 905, 1245, 1474, 2195, 2464, 2571
[  26] 547, 683, 909, 1354, 1522, 1837, 1852, 2676
[  27] 259, 569, 702, 1044, 1525, 2013, 2575, 2803
[  28] 485, 633, 701, 746, 753, 1408, 1565, 2236
[  29] 860, 987, 1142, 1486, 1830, 1879, 2052, 2100
[  30] 123, 1733, 2009, 2029, 2140, 2172, 2291, 2476
[  31] 159, 737, 805, 814, 1745, 1959, 2372, 2594
[  32] 25, 126, 272, 694, 1471, 2394, 2793
[  33] 119, 193, 473, 1798, 2400, 2481, 2578
[  34] 152, 500, 1949, 1979, 2482, 2536, 2590
[  35] 309, 928, 1335, 1581, 1738, 2637, 2742
[  36] 370, 425, 445, 1527, 1999, 2216, 2333
[  37] 514, 894, 1043, 1815, 2125, 2301, 2468
[  38] 630, 692, 973, 1063, 1377, 1492, 1665
[  39] 778, 1481, 1615, 1988, 2185, 2282, 2652
[  40] 80, 590, 594, 833, 888, 1163, 2121
[  41] 1033, 1167, 1357, 1656, 2150, 2498, 2746
[  42] 452, 1258, 1267, 1281, 2016, 2242, 2593
[  43] 1659, 1886, 1930, 1975, 2407, 2440, 2443
[  44] 124, 207, 1212, 1734, 2010, 2477
[  45] 134, 1065, 1117, 1250, 2081, 2678
[  46] 135, 1118, 1546, 2003, 2082, 2252
[  47] 188, 1021, 1145, 1554, 1595, 2085
[  48] 200, 600, 757, 804, 920, 1314
[  49] 221, 784, 914, 1046, 1309, 1870
[  50] 336, 508, 1475, 2004, 2087, 2694
[  51] 341, 1019, 1347, 2342, 2465, 2653
[  52] 367, 419, 1226, 1325, 2409, 2805
[  53] 405, 863, 1396, 2107, 2294, 2761
[  54] 166, 466, 1296, 1647, 2239, 2614
[  55] 470, 1259, 1573, 1644, 1712, 2474
[  56] 513, 893, 1814, 1934, 2124, 2300
[  57] 523, 610, 964, 1189, 1851, 1974
[  58] 532, 592, 820, 899, 1374, 2114
[  59] 627, 1059, 1133, 1507, 1728, 1866
[  60] 698, 874, 945, 1008, 1115, 1859
[  61] 733, 743, 1097, 1320, 1749, 2170
[  62] 284, 661, 831, 1139, 1342, 1777
[  63] 885, 1061, 1110, 1540, 2433, 2789
[  64] 983, 1007, 1450, 2033, 2057, 2567
[  65] 1199, 1412, 1756, 1926, 1929, 2369
[  66] 5, 793, 1075, 2693, 2732
[  67] 10, 263, 606, 1137, 2354
[  68] 20, 448, 1051, 1888, 2559
[  69] 36, 175, 338, 2077, 2573
[  70] 70, 197, 716, 1504, 2624
[  71] 84, 407, 2119, 2685, 2749
[  72] 113, 639, 644, 1083, 1772
[  73] 158, 1370, 1706, 1904, 2344
[  74] 198, 536, 1538, 1690, 2584
[  75] 246, 994, 1714, 2415, 2616
[  76] 258, 705, 1386, 1687, 1952
[  77] 306, 695, 2478, 2631, 2649
[  78] 388, 499, 1035, 1537, 1876
[  79] 410, 819, 822, 2277, 2489
[  80] 432, 511, 658, 2166, 2326
[  81] 484, 745, 1407, 1564, 2235
[  82] 707, 841, 1389, 1857, 2663
[  83] 839, 891, 1720, 1936, 2035
[  84] 842, 1390, 1858, 2258, 2664
[  85] 877, 1132, 1202, 1822, 2041
[  86] 534, 879, 1078, 1379, 1577
[  87] 898, 1089, 1532, 1604, 2341
[  88] 924, 1284, 1693, 1803, 2526
[  89] 1299, 1302, 1519, 2261, 2387
[  90] 1400, 2030, 2214, 2321, 2395
[  91] 1495, 1625, 1818, 2375, 2519
[  92] 1552, 1855, 1982, 2022, 2117
[  93] 2130, 2522, 2657, 2671, 2817
[  94] 14, 1209, 2452, 2815
[  95] 15, 18, 446, 1622
[  96] 37, 176, 2574, 2710
[  97] 40, 2532, 2661, 2785
[  98] 72, 713, 2429, 2470
[  99] 87, 2523, 2658, 2818
[ 100] 121, 240, 502, 1114
[ 101] 132, 326, 802, 2265
[ 102] 144, 315, 413, 517
[ 103] 169, 682, 2109, 2364
[ 104] 183, 255, 2049, 2461
[ 105] 185, 480, 1894, 2362
[ 106] 212, 647, 1432, 2736
[ 107] 233, 469, 1610, 1978
[ 108] 96, 293, 1341, 1766
[ 109] 302, 563, 709, 1793
[ 110] 340, 1575, 2473, 2535
[ 111] 362, 1067, 1630, 2682
[ 112] 373, 1842, 2138, 2756
[ 113] 348, 379, 567, 2439
[ 114] 428, 1353, 1901, 1911
[ 115] 434, 641, 1711, 2707
[ 116] 482, 763, 1099, 1157
[ 117] 560, 1955, 2192, 2431
[ 118] 719, 1071, 1161, 2722
[ 119] 742, 1337, 1674, 2528
[ 120] 764, 1068, 1439, 1451
[ 121] 788, 939, 1319, 2303
[ 122] 825, 1606, 1971, 2696
[ 123] 847, 1273, 2500, 2629
[ 124] 853, 1376, 2267, 2564
[ 125] 859, 1829, 1878, 2051
[ 126] 927, 1334, 1567, 2636
[ 127] 944, 1425, 2024, 2548
[ 128] 1003, 1969, 2675, 2771
[ 129] 1018, 2062, 2190, 2689
[ 130] 1093, 1254, 1590, 2597
[ 131] 1182, 1570, 1698, 2715
[ 132] 775, 1220, 1416, 1593
[ 133] 356, 1312, 1919, 2228
[ 134] 73, 1323, 1619, 2156
[ 135] 1423, 1545, 2027, 2427
[ 136] 1438, 1907, 2510, 2812
[ 137] 1446, 2405, 2425, 2553
[ 138] 1510, 1804, 1905, 2516
[ 139] 1631, 1773, 1895, 2384
[ 140] 1732, 2008, 2171, 2475
[ 141] 1558, 1748, 1848, 2095
[ 142] 2129, 2521, 2670, 2816
[ 143] 460, 2296, 2492, 2604
[ 144] 624, 2329, 2557, 2808
[ 145] 51, 442, 726
[ 146] 69, 196, 385
[ 147] 78, 206, 2546
[ 148] 89, 2232, 2543
[ 149] 101, 250, 1743
[ 150] 108, 227, 934
[ 151] 112, 638, 1771
[ 152] 118, 2399, 2480
[ 153] 178, 2175, 2712
[ 154] 187, 1144, 1553
[ 155] 68, 195, 384
[ 156] 261, 496, 2506
[ 157] 269, 1679, 2158
[ 158] 278, 310, 2070
[ 159] 290, 331, 2758
[ 160] 344, 1185, 1194
[ 161] 352, 1653, 2423
[ 162] 358, 901, 2773
[ 163] 82, 360, 921
[ 164] 383, 1383, 1966
[ 165] 314, 412, 516
[ 166] 522, 1850, 1973
[ 167] 525, 1583, 1881
[ 168] 542, 1096, 1795
[ 169] 565, 1135, 2102
[ 170] 572, 613, 2701
[ 171] 584, 736, 1293
[ 172] 612, 660, 2700
[ 173] 666, 1535, 2046
[ 174] 732, 1278, 2780
[ 175] 623, 795, 1269
[ 176] 798, 904, 2570
[ 177] 79, 832, 1162
[ 178] 836, 1214, 2187
[ 179] 346, 857, 1627
[ 180] 865, 1010, 2680
[ 181] 876, 1131, 1821
[ 182] 910, 1420, 2270
[ 183] 918, 1171, 1287
[ 184] 39, 972, 2784
[ 185] 980, 1332, 2059
[ 186] 999, 1104, 2179
[ 187] 1000, 1105, 2180
[ 188] 1039, 1601, 2249
[ 189] 1060, 2432, 2788
[ 190] 897, 1088, 1603
[ 191] 539, 1129, 2007
[ 192] 546, 1191, 1897
[ 193] 668, 1248, 1751
[ 194] 179, 1290, 1834
[ 195] 990, 1317, 2038
[ 196] 1329, 1372, 2089
[ 197] 1402, 2048, 2586
[ 198] 911, 1421, 2271
[ 199] 619, 1429, 2417
[ 200] 1442, 1643, 2581
[ 201] 1454, 1985, 2162
[ 202] 65, 1457, 2069
[ 203] 1526, 2215, 2332
[ 204] 1549, 2487, 2611
[ 205] 1032, 1655, 2497
[ 206] 1369, 1705, 2343
[ 207] 505, 1763, 2269
[ 208] 377, 1769, 1932
[ 209] 845, 1812, 2718
[ 210] 1854, 2021, 2116
[ 211] 1968, 2674, 2770
[ 212] 1753, 2002, 2323
[ 213] 2028, 2139, 2290
[ 214] 1825, 2044, 2320
[ 215] 2091, 2201, 2766
[ 216] 1862, 2275, 2499
[ 217] 1695, 2293, 2627
[ 218] 0, 740
[ 219] 2, 2111
[ 220] 4, 792
[ 221] 17, 2448
[ 222] 19, 447
[ 223] 23, 1373
[ 224] 33, 816
[ 225] 59, 1175
[ 226] 95, 1765
[ 227] 111, 637
[ 228] 115, 1724
[ 229] 139, 2777
[ 230] 155, 620
[ 231] 161, 1057
[ 232] 173, 2508
[ 233] 209, 364
[ 234] 219, 1650
[ 235] 220, 783
[ 236] 230, 767
[ 237] 232, 468
[ 238] 254, 1126
[ 239] 257, 704
[ 240] 268, 1678
[ 241] 295, 2731
[ 242] 305, 2513
[ 243] 318, 2134
[ 244] 328, 1434
[ 245] 333, 2347
[ 246] 347, 566
[ 247] 366, 2408
[ 248] 369, 444
[ 249] 382, 1965
[ 250] 393, 1701
[ 251] 397, 585
[ 252] 398, 586
[ 253] 404, 1101
[ 254] 83, 406
[ 255] 48, 458
[ 256] 459, 2603
[ 257] 231, 467
[ 258] 472, 2577
[ 259] 266, 488
[ 260] 267, 489
[ 261] 239, 501
[ 262] 512, 1933
[ 263] 519, 2194
[ 264] 531, 2208
[ 265] 581, 1344
[ 266] 402, 588
[ 267] 593, 887
[ 268] 599, 919
[ 269] 609, 2397
[ 270] 156, 621
[ 271] 632, 752
[ 272] 654, 2389
[ 273] 510, 657
[ 274] 663, 2457
[ 275] 664, 2458
[ 276] 676, 2132
[ 277] 288, 685
[ 278] 686, 1210
[ 279] 142, 691
[ 280] 712, 2469
[ 281] 477, 721
[ 282] 229, 766
[ 283] 770, 1639
[ 284] 771, 1640
[ 285] 808, 1123
[ 286] 850, 1464
[ 287] 864, 2679
[ 288] 908, 1664
[ 289] 923, 1802
[ 290] 280, 930
[ 291] 107, 933
[ 292] 937, 1506
[ 293] 28, 942
[ 294] 982, 1006
[ 295] 993, 2615
[ 296] 1012, 1760
[ 297] 1013, 1761
[ 298] 1020, 1594
[ 299] 1025, 2360
[ 300] 1027, 2146
[ 301] 1030, 2437
[ 302] 387, 1034
[ 303] 361, 1066
[ 304] 878, 1077
[ 305] 131, 1112
[ 306] 809, 1124
[ 307] 564, 1134
[ 308] 1166, 1356
[ 309] 1177, 2298
[ 310] 963, 1188
[ 311] 687, 1211
[ 312] 830, 1244
[ 313] 917, 1286
[ 314] 1305, 1963
[ 315] 1307, 2562
[ 316] 100, 1322
[ 317] 1352, 1900
[ 318] 1350, 1366
[ 319] 1368, 2072
[ 320] 706, 1388
[ 321] 862, 1395
[ 322] 602, 1398
[ 323] 603, 1399
[ 324] 327, 1433
[ 325] 1445, 2552
[ 326] 1462, 1483
[ 327] 1494, 1817
[ 328] 953, 1509
[ 329] 1301, 1518
[ 330] 1521, 2380
[ 331] 1542, 2334
[ 332] 1543, 2335
[ 333] 1551, 1981
[ 334] 507, 1562
[ 335] 275, 1572
[ 336] 339, 1574
[ 337] 533, 1576
[ 338] 475, 1580
[ 339] 1087, 1602
[ 340] 1605, 2695
[ 341] 1629, 2681
[ 342] 1646, 2613
[ 343] 1694, 2626
[ 344] 553, 1704
[ 345] 1713, 2414
[ 346] 697, 1718
[ 347] 873, 1722
[ 348] 181, 1730
[ 349] 182, 1731
[ 350] 1759, 2244
[ 351] 376, 1768
[ 352] 1223, 1786
[ 353] 541, 1794
[ 354] 1824, 2319
[ 355] 400, 1841
[ 356] 968, 1847
[ 357] 1856, 2662
[ 358] 1868, 1994
[ 359] 913, 1869
[ 360] 1231, 1892
[ 361] 1190, 1896
[ 362] 1917, 2053
[ 363] 1198, 1925
[ 364] 781, 1939
[ 365] 1617, 1941
[ 366] 1618, 1942
[ 367] 1945, 2338
[ 368] 1836, 1961
[ 369] 1452, 1983
[ 370] 1453, 1984
[ 371] 2025, 2628
[ 372] 2032, 2056
[ 373] 1201, 2040
[ 374] 1828, 2050
[ 375] 1918, 2054
[ 376] 1667, 2064
[ 377] 1556, 2093
[ 378] 1557, 2094
[ 379] 986, 2099
[ 380] 1346, 2113
[ 381] 589, 2120
[ 382] 2165, 2325
[ 383] 810, 2181
[ 384] 811, 2182
[ 385] 777, 2184
[ 386] 2220, 2550
[ 387] 1084, 2222
[ 388] 1085, 2223
[ 389] 2229, 2691
[ 390] 2230, 2692
[ 391] 62, 2264
[ 392] 1727, 2274
[ 393] 818, 2276
[ 394] 1153, 2289
[ 395] 1813, 2299
[ 396] 2310, 2729
[ 397] 1776, 2313
[ 398] 492, 2317
[ 399] 1449, 2331
[ 400] 1150, 2349
[ 401] 1520, 2379
[ 402] 1997, 2383
[ 403] 2198, 2420
[ 404] 167, 2446
[ 405] 2450, 2813
[ 406] 1473, 2463
[ 407] 2466, 2654
[ 408] 2467, 2655
[ 409] 104, 2494
[ 410] 1906, 2509
[ 411] 2221, 2551
[ 412] 2266, 2563
[ 413] 2583, 2810
[ 414] 2047, 2585
[ 415] 2366, 2602
[ 416] 85, 2605
[ 417] 86, 2606
[ 418] 1645, 2612
[ 419] 1612, 2639
[ 420] 2153, 2698
[ 421] 67, 2705
[ 422] 1120, 2725
[ 423] 2309, 2728
[ 424] 646, 2735
[ 425] 1861, 2739
[ 426] 1737, 2741
[ 427] 2684, 2748
[ 428] 1913, 2754
[ 429] 1914, 2755
[ 430] 1405, 2798
[ 431] 2589, 2800
[ 432] 1781, 2802
[ 433] 2451, 2814
[ 434] 1
[ 435] 3
[ 436] 7
[ 437] 8
[ 438] 9
[ 439] 12
[ 440] 13
[ 441] 16
[ 442] 21
[ 443] 22
[ 444] 24
[ 445] 26
[ 446] 27
[ 447] 29
[ 448] 30
[ 449] 31
[ 450] 32
[ 451] 35
[ 452] 38
[ 453] 41
[ 454] 42
[ 455] 44
[ 456] 45
[ 457] 46
[ 458] 47
[ 459] 49
[ 460] 50
[ 461] 53
[ 462] 54
[ 463] 55
[ 464] 57
[ 465] 58
[ 466] 60
[ 467] 61
[ 468] 63
[ 469] 64
[ 470] 66
[ 471] 71
[ 472] 74
[ 473] 75
[ 474] 76
[ 475] 77
[ 476] 88
[ 477] 91
[ 478] 92
[ 479] 94
[ 480] 97
[ 481] 98
[ 482] 99
[ 483] 103
[ 484] 106
[ 485] 109
[ 486] 110
[ 487] 114
[ 488] 117
[ 489] 120
[ 490] 122
[ 491] 125
[ 492] 128
[ 493] 129
[ 494] 130
[ 495] 133
[ 496] 136
[ 497] 137
[ 498] 138
[ 499] 141
[ 500] 143
[ 501] 146
[ 502] 147
[ 503] 148
[ 504] 149
[ 505] 150
[ 506] 151
[ 507] 153
[ 508] 154
[ 509] 157
[ 510] 160
[ 511] 164
[ 512] 165
[ 513] 168
[ 514] 170
[ 515] 171
[ 516] 172
[ 517] 174
[ 518] 177
[ 519] 180
[ 520] 184
[ 521] 191
[ 522] 192
[ 523] 199
[ 524] 202
[ 525] 203
[ 526] 204
[ 527] 205
[ 528] 208
[ 529] 210
[ 530] 211
[ 531] 214
[ 532] 215
[ 533] 216
[ 534] 217
[ 535] 218
[ 536] 223
[ 537] 224
[ 538] 225
[ 539] 226
[ 540] 228
[ 541] 235
[ 542] 236
[ 543] 237
[ 544] 241
[ 545] 242
[ 546] 243
[ 547] 245
[ 548] 248
[ 549] 249
[ 550] 253
[ 551] 256
[ 552] 260
[ 553] 262
[ 554] 265
[ 555] 271
[ 556] 274
[ 557] 276
[ 558] 277
[ 559] 279
[ 560] 281
[ 561] 282
[ 562] 285
[ 563] 286
[ 564] 287
[ 565] 289
[ 566] 291
[ 567] 292
[ 568] 294
[ 569] 296
[ 570] 297
[ 571] 298
[ 572] 299
[ 573] 301
[ 574] 303
[ 575] 304
[ 576] 307
[ 577] 308
[ 578] 311
[ 579] 312
[ 580] 317
[ 581] 320
[ 582] 321
[ 583] 323
[ 584] 324
[ 585] 330
[ 586] 332
[ 587] 334
[ 588] 335
[ 589] 337
[ 590] 342
[ 591] 343
[ 592] 345
[ 593] 350
[ 594] 351
[ 595] 354
[ 596] 355
[ 597] 357
[ 598] 363
[ 599] 371
[ 600] 372
[ 601] 374
[ 602] 375
[ 603] 378
[ 604] 381
[ 605] 389
[ 606] 390
[ 607] 392
[ 608] 394
[ 609] 395
[ 610] 396
[ 611] 399
[ 612] 401
[ 613] 403
[ 614] 409
[ 615] 414
[ 616] 415
[ 617] 416
[ 618] 417
[ 619] 418
[ 620] 420
[ 621] 421
[ 622] 422
[ 623] 424
[ 624] 426
[ 625] 427
[ 626] 430
[ 627] 431
[ 628] 433
[ 629] 435
[ 630] 436
[ 631] 437
[ 632] 438
[ 633] 439
[ 634] 440
[ 635] 441
[ 636] 450
[ 637] 451
[ 638] 453
[ 639] 454
[ 640] 456
[ 641] 457
[ 642] 461
[ 643] 462
[ 644] 463
[ 645] 464
[ 646] 465
[ 647] 471
[ 648] 474
[ 649] 476
[ 650] 479
[ 651] 481
[ 652] 483
[ 653] 487
[ 654] 491
[ 655] 493
[ 656] 494
[ 657] 495
[ 658] 498
[ 659] 504
[ 660] 506
[ 661] 509
[ 662] 518
[ 663] 521
[ 664] 524
[ 665] 526
[ 666] 527
[ 667] 529
[ 668] 530
[ 669] 537
[ 670] 538
[ 671] 543
[ 672] 544
[ 673] 545
[ 674] 548
[ 675] 549
[ 676] 550
[ 677] 551
[ 678] 552
[ 679] 554
[ 680] 555
[ 681] 557
[ 682] 558
[ 683] 559
[ 684] 562
[ 685] 570
[ 686] 571
[ 687] 573
[ 688] 574
[ 689] 575
[ 690] 576
[ 691] 577
[ 692] 578
[ 693] 579
[ 694] 580
[ 695] 582
[ 696] 583
[ 697] 587
[ 698] 596
[ 699] 597
[ 700] 601
[ 701] 605
[ 702] 608
[ 703] 611
[ 704] 614
[ 705] 615
[ 706] 616
[ 707] 617
[ 708] 618
[ 709] 622
[ 710] 625
[ 711] 626
[ 712] 628
[ 713] 629
[ 714] 631
[ 715] 635
[ 716] 636
[ 717] 640
[ 718] 642
[ 719] 643
[ 720] 645
[ 721] 648
[ 722] 649
[ 723] 650
[ 724] 651
[ 725] 653
[ 726] 656
[ 727] 659
[ 728] 662
[ 729] 665
[ 730] 667
[ 731] 669
[ 732] 670
[ 733] 671
[ 734] 672
[ 735] 673
[ 736] 675
[ 737] 678
[ 738] 679
[ 739] 680
[ 740] 681
[ 741] 684
[ 742] 688
[ 743] 689
[ 744] 690
[ 745] 693
[ 746] 696
[ 747] 699
[ 748] 700
[ 749] 703
[ 750] 708
[ 751] 710
[ 752] 711
[ 753] 714
[ 754] 715
[ 755] 717
[ 756] 718
[ 757] 720
[ 758] 722
[ 759] 723
[ 760] 724
[ 761] 725
[ 762] 728
[ 763] 729
[ 764] 730
[ 765] 731
[ 766] 734
[ 767] 735
[ 768] 738
[ 769] 739
[ 770] 741
[ 771] 744
[ 772] 748
[ 773] 749
[ 774] 750
[ 775] 751
[ 776] 754
[ 777] 755
[ 778] 756
[ 779] 759
[ 780] 760
[ 781] 762
[ 782] 765
[ 783] 769
[ 784] 773
[ 785] 774
[ 786] 776
[ 787] 779
[ 788] 780
[ 789] 787
[ 790] 789
[ 791] 790
[ 792] 791
[ 793] 794
[ 794] 797
[ 795] 800
[ 796] 801
[ 797] 803
[ 798] 806
[ 799] 807
[ 800] 812
[ 801] 813
[ 802] 815
[ 803] 821
[ 804] 824
[ 805] 826
[ 806] 827
[ 807] 829
[ 808] 835
[ 809] 838
[ 810] 840
[ 811] 843
[ 812] 844
[ 813] 849
[ 814] 852
[ 815] 854
[ 816] 855
[ 817] 856
[ 818] 858
[ 819] 861
[ 820] 866
[ 821] 867
[ 822] 868
[ 823] 869
[ 824] 870
[ 825] 871
[ 826] 872
[ 827] 875
[ 828] 881
[ 829] 882
[ 830] 883
[ 831] 884
[ 832] 890
[ 833] 892
[ 834] 896
[ 835] 900
[ 836] 903
[ 837] 907
[ 838] 912
[ 839] 916
[ 840] 922
[ 841] 926
[ 842] 929
[ 843] 932
[ 844] 936
[ 845] 938
[ 846] 940
[ 847] 941
[ 848] 943
[ 849] 946
[ 850] 947
[ 851] 948
[ 852] 949
[ 853] 950
[ 854] 952
[ 855] 954
[ 856] 956
[ 857] 957
[ 858] 958
[ 859] 960
[ 860] 961
[ 861] 962
[ 862] 965
[ 863] 966
[ 864] 967
[ 865] 969
[ 866] 970
[ 867] 971
[ 868] 974
[ 869] 975
[ 870] 976
[ 871] 977
[ 872] 979
[ 873] 981
[ 874] 985
[ 875] 988
[ 876] 989
[ 877] 991
[ 878] 992
[ 879] 995
[ 880] 996
[ 881] 997
[ 882] 998
[ 883] 1001
[ 884] 1002
[ 885] 1005
[ 886] 1009
[ 887] 1014
[ 888] 1015
[ 889] 1016
[ 890] 1017
[ 891] 1024
[ 892] 1026
[ 893] 1028
[ 894] 1029
[ 895] 1031
[ 896] 1037
[ 897] 1038
[ 898] 1041
[ 899] 1042
[ 900] 1045
[ 901] 1047
[ 902] 1048
[ 903] 1049
[ 904] 1050
[ 905] 1053
[ 906] 1054
[ 907] 1056
[ 908] 1064
[ 909] 1069
[ 910] 1070
[ 911] 1073
[ 912] 1074
[ 913] 1081
[ 914] 1082
[ 915] 1091
[ 916] 1092
[ 917] 1095
[ 918] 1098
[ 919] 1100
[ 920] 1103
[ 921] 1106
[ 922] 1107
[ 923] 1108
[ 924] 1109
[ 925] 1111
[ 926] 1113
[ 927] 1116
[ 928] 1119
[ 929] 1125
[ 930] 1127
[ 931] 1128
[ 932] 1130
[ 933] 1136
[ 934] 1140
[ 935] 1141
[ 936] 1146
[ 937] 1147
[ 938] 1148
[ 939] 1149
[ 940] 1151
[ 941] 1152
[ 942] 1154
[ 943] 1155
[ 944] 1156
[ 945] 1159
[ 946] 1160
[ 947] 1165
[ 948] 1169
[ 949] 1170
[ 950] 1173
[ 951] 1174
[ 952] 1176
[ 953] 1178
[ 954] 1179
[ 955] 1180
[ 956] 1181
[ 957] 1183
[ 958] 1184
[ 959] 1187
[ 960] 1192
[ 961] 1193
[ 962] 1195
[ 963] 1196
[ 964] 1197
[ 965] 1200
[ 966] 1203
[ 967] 1204
[ 968] 1205
[ 969] 1207
[ 970] 1208
[ 971] 1213
[ 972] 1216
[ 973] 1217
[ 974] 1218
[ 975] 1219
[ 976] 1222
[ 977] 1225
[ 978] 1227
[ 979] 1228
[ 980] 1229
[ 981] 1230
[ 982] 1233
[ 983] 1234
[ 984] 1235
[ 985] 1236
[ 986] 1237
[ 987] 1238
[ 988] 1240
[ 989] 1241
[ 990] 1243
[ 991] 1247
[ 992] 1249
[ 993] 1252
[ 994] 1253
[ 995] 1256
[ 996] 1257
[ 997] 1260
[ 998] 1261
[ 999] 1262
[1000] 1263
[1001] 1265
[1002] 1266
[1003] 1268
[1004] 1270
[1005] 1271
[1006] 1272
[1007] 1276
[1008] 1277
[1009] 1279
[1010] 1280
[1011] 1282
[1012] 1283
[1013] 1285
[1014] 1288
[1015] 1289
[1016] 1291
[1017] 1292
[1018] 1294
[1019] 1295
[1020] 1297
[1021] 1298
[1022] 1300
[1023] 1304
[1024] 1306
[1025] 1308
[1026] 1310
[1027] 1311
[1028] 1313
[1029] 1315
[1030] 1316
[1031] 1318
[1032] 1321
[1033] 1324
[1034] 1326
[1035] 1327
[1036] 1328
[1037] 1331
[1038] 1333
[1039] 1336
[1040] 1339
[1041] 1340
[1042] 1343
[1043] 1345
[1044] 1348
[1045] 1349
[1046] 1351
[1047] 1355
[1048] 1358
[1049] 1359
[1050] 1360
[1051] 1361
[1052] 1362
[1053] 1363
[1054] 1364
[1055] 1365
[1056] 1367
[1057] 1371
[1058] 1375
[1059] 1378
[1060] 1381
[1061] 1382
[1062] 1384
[1063] 1385
[1064] 1391
[1065] 1392
[1066] 1394
[1067] 1397
[1068] 1401
[1069] 1404
[1070] 1406
[1071] 1410
[1072] 1411
[1073] 1414
[1074] 1415
[1075] 1418
[1076] 1419
[1077] 1422
[1078] 1424
[1079] 1426
[1080] 1427
[1081] 1428
[1082] 1430
[1083] 1431
[1084] 1437
[1085] 1440
[1086] 1441
[1087] 1443
[1088] 1444
[1089] 1448
[1090] 1455
[1091] 1456
[1092] 1458
[1093] 1459
[1094] 1461
[1095] 1463
[1096] 1465
[1097] 1466
[1098] 1467
[1099] 1468
[1100] 1469
[1101] 1470
[1102] 1472
[1103] 1476
[1104] 1477
[1105] 1478
[1106] 1479
[1107] 1480
[1108] 1482
[1109] 1484
[1110] 1485
[1111] 1487
[1112] 1488
[1113] 1490
[1114] 1491
[1115] 1493
[1116] 1496
[1117] 1497
[1118] 1498
[1119] 1500
[1120] 1501
[1121] 1502
[1122] 1503
[1123] 1505
[1124] 1508
[1125] 1511
[1126] 1512
[1127] 1514
[1128] 1515
[1129] 1516
[1130] 1517
[1131] 1523
[1132] 1524
[1133] 1528
[1134] 1529
[1135] 1530
[1136] 1531
[1137] 1534
[1138] 1536
[1139] 1539
[1140] 1544
[1141] 1547
[1142] 1548
[1143] 1550
[1144] 1559
[1145] 1560
[1146] 1561
[1147] 1563
[1148] 1566
[1149] 1568
[1150] 1569
[1151] 1571
[1152] 1579
[1153] 1582
[1154] 1585
[1155] 1586
[1156] 1587
[1157] 1588
[1158] 1589
[1159] 1591
[1160] 1592
[1161] 1597
[1162] 1598
[1163] 1599
[1164] 1600
[1165] 1608
[1166] 1609
[1167] 1611
[1168] 1613
[1169] 1614
[1170] 1616
[1171] 1620
[1172] 1621
[1173] 1623
[1174] 1624
[1175] 1626
[1176] 1632
[1177] 1633
[1178] 1634
[1179] 1635
[1180] 1636
[1181] 1638
[1182] 1641
[1183] 1642
[1184] 1648
[1185] 1649
[1186] 1651
[1187] 1652
[1188] 1654
[1189] 1657
[1190] 1658
[1191] 1660
[1192] 1661
[1193] 1662
[1194] 1663
[1195] 1666
[1196] 1668
[1197] 1669
[1198] 1670
[1199] 1671
[1200] 1673
[1201] 1675
[1202] 1676
[1203] 1677
[1204] 1682
[1205] 1683
[1206] 1685
[1207] 1686
[1208] 1688
[1209] 1689
[1210] 1691
[1211] 1692
[1212] 1696
[1213] 1697
[1214] 1700
[1215] 1702
[1216] 1703
[1217] 1707
[1218] 1708
[1219] 1710
[1220] 1715
[1221] 1716
[1222] 1717
[1223] 1719
[1224] 1721
[1225] 1723
[1226] 1725
[1227] 1726
[1228] 1729
[1229] 1736
[1230] 1740
[1231] 1741
[1232] 1746
[1233] 1747
[1234] 1750
[1235] 1752
[1236] 1754
[1237] 1755
[1238] 1758
[1239] 1762
[1240] 1764
[1241] 1770
[1242] 1774
[1243] 1775
[1244] 1778
[1245] 1779
[1246] 1780
[1247] 1783
[1248] 1784
[1249] 1785
[1250] 1788
[1251] 1789
[1252] 1790
[1253] 1792
[1254] 1796
[1255] 1797
[1256] 1799
[1257] 1800
[1258] 1801
[1259] 1805
[1260] 1806
[1261] 1808
[1262] 1809
[1263] 1810
[1264] 1811
[1265] 1816
[1266] 1820
[1267] 1823
[1268] 1826
[1269] 1827
[1270] 1831
[1271] 1832
[1272] 1835
[1273] 1838
[1274] 1839
[1275] 1840
[1276] 1843
[1277] 1844
[1278] 1845
[1279] 1846
[1280] 1849
[1281] 1853
[1282] 1860
[1283] 1863
[1284] 1864
[1285] 1865
[1286] 1867
[1287] 1872
[1288] 1873
[1289] 1874
[1290] 1875
[1291] 1877
[1292] 1880
[1293] 1883
[1294] 1884
[1295] 1885
[1296] 1887
[1297] 1890
[1298] 1891
[1299] 1893
[1300] 1899
[1301] 1903
[1302] 1909
[1303] 1910
[1304] 1912
[1305] 1915
[1306] 1916
[1307] 1921
[1308] 1922
[1309] 1923
[1310] 1924
[1311] 1927
[1312] 1928
[1313] 1931
[1314] 1935
[1315] 1937
[1316] 1938
[1317] 1940
[1318] 1943
[1319] 1944
[1320] 1947
[1321] 1948
[1322] 1950
[1323] 1951
[1324] 1954
[1325] 1957
[1326] 1958
[1327] 1960
[1328] 1962
[1329] 1964
[1330] 1967
[1331] 1970
[1332] 1972
[1333] 1976
[1334] 1977
[1335] 1980
[1336] 1986
[1337] 1987
[1338] 1990
[1339] 1991
[1340] 1993
[1341] 1996
[1342] 1998
[1343] 2001
[1344] 2005
[1345] 2006
[1346] 2011
[1347] 2012
[1348] 2014
[1349] 2015
[1350] 2017
[1351] 2018
[1352] 2019
[1353] 2020
[1354] 2023
[1355] 2026
[1356] 2031
[1357] 2034
[1358] 2036
[1359] 2037
[1360] 2039
[1361] 2042
[1362] 2043
[1363] 2045
[1364] 2055
[1365] 2058
[1366] 2060
[1367] 2061
[1368] 2063
[1369] 2065
[1370] 2066
[1371] 2067
[1372] 2068
[1373] 2071
[1374] 2073
[1375] 2074
[1376] 2076
[1377] 2078
[1378] 2079
[1379] 2080
[1380] 2084
[1381] 2088
[1382] 2090
[1383] 2096
[1384] 2097
[1385] 2098
[1386] 2101
[1387] 2103
[1388] 2104
[1389] 2105
[1390] 2106
[1391] 2108
[1392] 2110
[1393] 2112
[1394] 2115
[1395] 2118
[1396] 2123
[1397] 2127
[1398] 2128
[1399] 2131
[1400] 2133
[1401] 2136
[1402] 2137
[1403] 2142
[1404] 2143
[1405] 2144
[1406] 2145
[1407] 2148
[1408] 2149
[1409] 2152
[1410] 2154
[1411] 2155
[1412] 2157
[1413] 2160
[1414] 2161
[1415] 2164
[1416] 2167
[1417] 2168
[1418] 2169
[1419] 2174
[1420] 2176
[1421] 2177
[1422] 2178
[1423] 2183
[1424] 2186
[1425] 2188
[1426] 2189
[1427] 2191
[1428] 2193
[1429] 2196
[1430] 2197
[1431] 2200
[1432] 2204
[1433] 2205
[1434] 2206
[1435] 2207
[1436] 2209
[1437] 2210
[1438] 2212
[1439] 2213
[1440] 2217
[1441] 2218
[1442] 2219
[1443] 2224
[1444] 2225
[1445] 2226
[1446] 2227
[1447] 2231
[1448] 2234
[1449] 2237
[1450] 2238
[1451] 2240
[1452] 2241
[1453] 2243
[1454] 2245
[1455] 2246
[1456] 2247
[1457] 2248
[1458] 2250
[1459] 2251
[1460] 2253
[1461] 2254
[1462] 2256
[1463] 2257
[1464] 2259
[1465] 2260
[1466] 2262
[1467] 2263
[1468] 2268
[1469] 2272
[1470] 2273
[1471] 2280
[1472] 2281
[1473] 2283
[1474] 2284
[1475] 2285
[1476] 2287
[1477] 2288
[1478] 2292
[1479] 2295
[1480] 2297
[1481] 2302
[1482] 2304
[1483] 2305
[1484] 2308
[1485] 2311
[1486] 2312
[1487] 2314
[1488] 2315
[1489] 2316
[1490] 2318
[1491] 2322
[1492] 2324
[1493] 2327
[1494] 2328
[1495] 2330
[1496] 2336
[1497] 2337
[1498] 2339
[1499] 2340
[1500] 2346
[1501] 2348
[1502] 2350
[1503] 2351
[1504] 2353
[1505] 2356
[1506] 2357
[1507] 2359
[1508] 2361
[1509] 2363
[1510] 2365
[1511] 2367
[1512] 2368
[1513] 2370
[1514] 2371
[1515] 2373
[1516] 2374
[1517] 2377
[1518] 2378
[1519] 2382
[1520] 2385
[1521] 2386
[1522] 2388
[1523] 2391
[1524] 2392
[1525] 2393
[1526] 2396
[1527] 2398
[1528] 2401
[1529] 2402
[1530] 2404
[1531] 2411
[1532] 2412
[1533] 2413
[1534] 2416
[1535] 2418
[1536] 2419
[1537] 2421
[1538] 2422
[1539] 2424
[1540] 2426
[1541] 2428
[1542] 2430
[1543] 2435
[1544] 2436
[1545] 2438
[1546] 2441
[1547] 2442
[1548] 2444
[1549] 2445
[1550] 2447
[1551] 2454
[1552] 2455
[1553] 2456
[1554] 2459
[1555] 2460
[1556] 2462
[1557] 2472
[1558] 2479
[1559] 2483
[1560] 2484
[1561] 2485
[1562] 2486
[1563] 2488
[1564] 2491
[1565] 2493
[1566] 2496
[1567] 2503
[1568] 2504
[1569] 2505
[1570] 2507
[1571] 2511
[1572] 2512
[1573] 2514
[1574] 2515
[1575] 2517
[1576] 2518
[1577] 2524
[1578] 2525
[1579] 2527
[1580] 2530
[1581] 2531
[1582] 2534
[1583] 2537
[1584] 2538
[1585] 2540
[1586] 2541
[1587] 2542
[1588] 2545
[1589] 2547
[1590] 2549
[1591] 2555
[1592] 2556
[1593] 2558
[1594] 2560
[1595] 2561
[1596] 2565
[1597] 2566
[1598] 2569
[1599] 2572
[1600] 2576
[1601] 2579
[1602] 2580
[1603] 2582
[1604] 2588
[1605] 2591
[1606] 2592
[1607] 2595
[1608] 2596
[1609] 2598
[1610] 2599
[1611] 2600
[1612] 2601
[1613] 2607
[1614] 2608
[1615] 2609
[1616] 2610
[1617] 2617
[1618] 2618
[1619] 2619
[1620] 2620
[1621] 2622
[1622] 2623
[1623] 2632
[1624] 2633
[1625] 2634
[1626] 2635
[1627] 2638
[1628] 2641
[1629] 2642
[1630] 2643
[1631] 2644
[1632] 2645
[1633] 2646
[1634] 2647
[1635] 2648
[1636] 2650
[1637] 2651
[1638] 2656
[1639] 2659
[1640] 2660
[1641] 2666
[1642] 2667
[1643] 2668
[1644] 2669
[1645] 2673
[1646] 2677
[1647] 2687
[1648] 2688
[1649] 2697
[1650] 2699
[1651] 2702
[1652] 2703
[1653] 2704
[1654] 2706
[1655] 2708
[1656] 2709
[1657] 2711
[1658] 2713
[1659] 2714
[1660] 2716
[1661] 2717
[1662] 2720
[1663] 2721
[1664] 2724
[1665] 2727
[1666] 2730
[1667] 2734
[1668] 2738
[1669] 2740
[1670] 2744
[1671] 2745
[1672] 2750
[1673] 2751
[1674] 2753
[1675] 2757
[1676] 2759
[1677] 2760
[1678] 2763
[1679] 2764
[1680] 2765
[1681] 2769
[1682] 2772
[1683] 2774
[1684] 2775
[1685] 2776
[1686] 2778
[1687] 2779
[1688] 2781
[1689] 2782
[1690] 2783
[1691] 2786
[1692] 2787
[1693] 2792
[1694] 2795
[1695] 2796
[1696] 2797
[1697] 2799
[1698] 2801
[1699] 2804
[1700] 2806
[1701] 2807
[1702] 2809
[1703] 2811

Reassigned labels

Runtime: 1140.5077457427979

Performance split_log:

IM without threshold:
Map:
{"D_0": "D", "D_1": "D", "D_2": "D", "D_3": "D", "D_4": "D", "D_5": "D", "D_6": "D", "D_7": "D", "D_8": "D", "D_9": "D", "D_10": "D", "D_11": "D", "D_12": "D", "D_13": "D", "D_14": "D", "D_15": "D", "D_16": "D", "D_17": "D", "D_18": "D", "D_19": "D", "D_20": "D", "D_21": "D", "D_22": "D", "D_23": "D", "D_24": "D", "D_25": "D", "D_26": "D", "D_27": "D", "D_28": "D", "D_29": "D", "D_30": "D", "D_31": "D", "D_32": "D", "D_33": "D", "D_34": "D", "D_35": "D", "D_36": "D", "D_37": "D", "D_38": "D", "D_39": "D", "D_40": "D", "D_41": "D", "D_42": "D", "D_43": "D", "D_44": "D", "D_45": "D", "D_46": "D", "D_47": "D", "D_48": "D", "D_49": "D", "D_50": "D", "D_51": "D", "D_52": "D", "D_53": "D", "D_54": "D", "D_55": "D", "D_56": "D", "D_57": "D", "D_58": "D", "D_59": "D", "D_60": "D", "D_61": "D", "D_62": "D", "D_63": "D", "D_64": "D", "D_65": "D", "D_66": "D", "D_67": "D", "D_68": "D", "D_69": "D", "D_70": "D", "D_71": "D", "D_72": "D", "D_73": "D", "D_74": "D", "D_75": "D", "D_76": "D", "D_77": "D", "D_78": "D", "D_79": "D", "D_80": "D", "D_81": "D", "D_82": "D", "D_83": "D", "D_84": "D", "D_85": "D", "D_86": "D", "D_87": "D", "D_88": "D", "D_89": "D", "D_90": "D", "D_91": "D", "D_92": "D", "D_93": "D", "D_94": "D", "D_95": "D", "D_96": "D", "D_97": "D", "D_98": "D", "D_99": "D", "D_100": "D", "D_101": "D", "D_102": "D", "D_103": "D", "D_104": "D", "D_105": "D", "D_106": "D", "D_107": "D", "D_108": "D", "D_109": "D", "D_110": "D", "D_111": "D", "D_112": "D", "D_113": "D", "D_114": "D", "D_115": "D", "D_116": "D", "D_117": "D", "D_118": "D", "D_119": "D", "D_120": "D", "D_121": "D", "D_122": "D", "D_123": "D", "D_124": "D", "D_125": "D", "D_126": "D", "D_127": "D", "D_128": "D", "D_129": "D", "D_130": "D", "D_131": "D", "D_132": "D", "D_133": "D", "D_134": "D", "D_135": "D", "D_136": "D", "D_137": "D", "D_138": "D", "D_139": "D", "D_140": "D", "D_141": "D", "D_142": "D", "D_143": "D", "D_144": "D", "D_145": "D", "D_146": "D", "D_147": "D", "D_148": "D", "D_149": "D", "D_150": "D", "D_151": "D", "D_152": "D", "D_153": "D", "D_154": "D", "D_155": "D", "D_156": "D", "D_157": "D", "D_158": "D", "D_159": "D", "D_160": "D", "D_161": "D", "D_162": "D", "D_163": "D", "D_164": "D", "D_165": "D", "D_166": "D", "D_167": "D", "D_168": "D", "D_169": "D", "D_170": "D", "D_171": "D", "D_172": "D", "D_173": "D", "D_174": "D", "D_175": "D", "D_176": "D", "D_177": "D", "D_178": "D", "D_179": "D", "D_180": "D", "D_181": "D", "D_182": "D", "D_183": "D", "D_184": "D", "D_185": "D", "D_186": "D", "D_187": "D", "D_188": "D", "D_189": "D", "D_190": "D", "D_191": "D", "D_192": "D", "D_193": "D", "D_194": "D", "D_195": "D", "D_196": "D", "D_197": "D", "D_198": "D", "D_199": "D", "D_200": "D", "D_201": "D", "D_202": "D", "D_203": "D", "D_204": "D", "D_205": "D", "D_206": "D", "D_207": "D", "D_208": "D", "D_209": "D", "D_210": "D", "D_211": "D", "D_212": "D", "D_213": "D", "D_214": "D", "D_215": "D", "D_216": "D", "D_217": "D", "D_218": "D", "D_219": "D", "D_220": "D", "D_221": "D", "D_222": "D", "D_223": "D", "D_224": "D", "D_225": "D", "D_226": "D", "D_227": "D", "D_228": "D", "D_229": "D", "D_230": "D", "D_231": "D", "D_232": "D", "D_233": "D", "D_234": "D", "D_235": "D", "D_236": "D", "D_237": "D", "D_238": "D", "D_239": "D", "D_240": "D", "D_241": "D", "D_242": "D", "D_243": "D", "D_244": "D", "D_245": "D", "D_246": "D", "D_247": "D", "D_248": "D", "D_249": "D", "D_250": "D", "D_251": "D", "D_252": "D", "D_253": "D", "D_254": "D", "D_255": "D", "D_256": "D", "D_257": "D", "D_258": "D", "D_259": "D", "D_260": "D", "D_261": "D", "D_262": "D", "D_263": "D", "D_264": "D", "D_265": "D", "D_266": "D", "D_267": "D", "D_268": "D", "D_269": "D", "D_270": "D", "D_271": "D", "D_272": "D", "D_273": "D", "D_274": "D", "D_275": "D", "D_276": "D", "D_277": "D", "D_278": "D", "D_279": "D", "D_280": "D", "D_281": "D", "D_282": "D", "D_283": "D", "D_284": "D", "D_285": "D", "D_286": "D", "D_287": "D", "D_288": "D", "D_289": "D", "D_290": "D", "D_291": "D", "D_292": "D", "D_293": "D", "D_294": "D", "D_295": "D", "D_296": "D", "D_297": "D", "D_298": "D", "D_299": "D", "D_300": "D", "D_301": "D", "D_302": "D", "D_303": "D", "D_304": "D", "D_305": "D", "D_306": "D", "D_307": "D", "D_308": "D", "D_309": "D", "D_310": "D", "D_311": "D", "D_312": "D", "D_313": "D", "D_314": "D", "D_315": "D", "D_316": "D", "D_317": "D", "D_318": "D", "D_319": "D", "D_320": "D", "D_321": "D", "D_322": "D", "D_323": "D", "D_324": "D", "D_325": "D", "D_326": "D", "D_327": "D", "D_328": "D", "D_329": "D", "D_330": "D", "D_331": "D", "D_332": "D", "D_333": "D", "D_334": "D", "D_335": "D", "D_336": "D", "D_337": "D", "D_338": "D", "D_339": "D", "D_340": "D", "D_341": "D", "D_342": "D", "D_343": "D", "D_344": "D", "D_345": "D", "D_346": "D", "D_347": "D", "D_348": "D", "D_349": "D", "D_350": "D", "D_351": "D", "D_352": "D", "D_353": "D", "D_354": "D", "D_355": "D", "D_356": "D", "D_357": "D", "D_358": "D", "D_359": "D", "D_360": "D", "D_361": "D", "D_362": "D", "D_363": "D", "D_364": "D", "D_365": "D", "D_366": "D", "D_367": "D", "D_368": "D", "D_369": "D", "D_370": "D", "D_371": "D", "D_372": "D", "D_373": "D", "D_374": "D", "D_375": "D", "D_376": "D", "D_377": "D", "D_378": "D", "D_379": "D", "D_380": "D", "D_381": "D", "D_382": "D", "D_383": "D", "D_384": "D", "D_385": "D", "D_386": "D", "D_387": "D", "D_388": "D", "D_389": "D", "D_390": "D", "D_391": "D", "D_392": "D", "D_393": "D", "D_394": "D", "D_395": "D", "D_396": "D", "D_397": "D", "D_398": "D", "D_399": "D", "D_400": "D", "D_401": "D", "D_402": "D", "D_403": "D", "D_404": "D", "D_405": "D", "D_406": "D", "D_407": "D", "D_408": "D", "D_409": "D", "D_410": "D", "D_411": "D", "D_412": "D", "D_413": "D", "D_414": "D", "D_415": "D", "D_416": "D", "D_417": "D", "D_418": "D", "D_419": "D", "D_420": "D", "D_421": "D", "D_422": "D", "D_423": "D", "D_424": "D", "D_425": "D", "D_426": "D", "D_427": "D", "D_428": "D", "D_429": "D", "D_430": "D", "D_431": "D", "D_432": "D", "D_433": "D", "D_434": "D", "D_435": "D", "D_436": "D", "D_437": "D", "D_438": "D", "D_439": "D", "D_440": "D", "D_441": "D", "D_442": "D", "D_443": "D", "D_444": "D", "D_445": "D", "D_446": "D", "D_447": "D", "D_448": "D", "D_449": "D", "D_450": "D", "D_451": "D", "D_452": "D", "D_453": "D", "D_454": "D", "D_455": "D", "D_456": "D", "D_457": "D", "D_458": "D", "D_459": "D", "D_460": "D", "D_461": "D", "D_462": "D", "D_463": "D", "D_464": "D", "D_465": "D", "D_466": "D", "D_467": "D", "D_468": "D", "D_469": "D", "D_470": "D", "D_471": "D", "D_472": "D", "D_473": "D", "D_474": "D", "D_475": "D", "D_476": "D", "D_477": "D", "D_478": "D", "D_479": "D", "D_480": "D", "D_481": "D", "D_482": "D", "D_483": "D", "D_484": "D", "D_485": "D", "D_486": "D", "D_487": "D", "D_488": "D", "D_489": "D", "D_490": "D", "D_491": "D", "D_492": "D", "D_493": "D", "D_494": "D", "D_495": "D", "D_496": "D", "D_497": "D", "D_498": "D", "D_499": "D", "D_500": "D", "D_501": "D", "D_502": "D", "D_503": "D", "D_504": "D", "D_505": "D", "D_506": "D", "D_507": "D", "D_508": "D", "D_509": "D", "D_510": "D", "D_511": "D", "D_512": "D", "D_513": "D", "D_514": "D", "D_515": "D", "D_516": "D", "D_517": "D", "D_518": "D", "D_519": "D", "D_520": "D", "D_521": "D", "D_522": "D", "D_523": "D", "D_524": "D", "D_525": "D", "D_526": "D", "D_527": "D", "D_528": "D", "D_529": "D", "D_530": "D", "D_531": "D", "D_532": "D", "D_533": "D", "D_534": "D", "D_535": "D", "D_536": "D", "D_537": "D", "D_538": "D", "D_539": "D", "D_540": "D", "D_541": "D", "D_542": "D", "D_543": "D", "D_544": "D", "D_545": "D", "D_546": "D", "D_547": "D", "D_548": "D", "D_549": "D", "D_550": "D", "D_551": "D", "D_552": "D", "D_553": "D", "D_554": "D", "D_555": "D", "D_556": "D", "D_557": "D", "D_558": "D", "D_559": "D", "D_560": "D", "D_561": "D", "D_562": "D", "D_563": "D", "D_564": "D", "D_565": "D", "D_566": "D", "D_567": "D", "D_568": "D", "D_569": "D", "D_570": "D", "D_571": "D", "D_572": "D", "D_573": "D", "D_574": "D", "D_575": "D", "D_576": "D", "D_577": "D", "D_578": "D", "D_579": "D", "D_580": "D", "D_581": "D", "D_582": "D", "D_583": "D", "D_584": "D", "D_585": "D", "D_586": "D", "D_587": "D", "D_588": "D", "D_589": "D", "D_590": "D", "D_591": "D", "D_592": "D", "D_593": "D", "D_594": "D", "D_595": "D", "D_596": "D", "D_597": "D", "D_598": "D", "D_599": "D", "D_600": "D", "D_601": "D", "D_602": "D", "D_603": "D", "D_604": "D", "D_605": "D", "D_606": "D", "D_607": "D", "D_608": "D", "D_609": "D", "D_610": "D", "D_611": "D", "D_612": "D", "D_613": "D", "D_614": "D", "D_615": "D", "D_616": "D", "D_617": "D", "D_618": "D", "D_619": "D", "D_620": "D", "D_621": "D", "D_622": "D", "D_623": "D", "D_624": "D", "D_625": "D", "D_626": "D", "D_627": "D", "D_628": "D", "D_629": "D", "D_630": "D", "D_631": "D", "D_632": "D", "D_633": "D", "D_634": "D", "D_635": "D", "D_636": "D", "D_637": "D", "D_638": "D", "D_639": "D", "D_640": "D", "D_641": "D", "D_642": "D", "D_643": "D", "D_644": "D", "D_645": "D", "D_646": "D", "D_647": "D", "D_648": "D", "D_649": "D", "D_650": "D", "D_651": "D", "D_652": "D", "D_653": "D", "D_654": "D", "D_655": "D", "D_656": "D", "D_657": "D", "D_658": "D", "D_659": "D", "D_660": "D", "D_661": "D", "D_662": "D", "D_663": "D", "D_664": "D", "D_665": "D", "D_666": "D", "D_667": "D", "D_668": "D", "D_669": "D", "D_670": "D", "D_671": "D", "D_672": "D", "D_673": "D", "D_674": "D", "D_675": "D", "D_676": "D", "D_677": "D", "D_678": "D", "D_679": "D", "D_680": "D", "D_681": "D", "D_682": "D", "D_683": "D", "D_684": "D", "D_685": "D", "D_686": "D", "D_687": "D", "D_688": "D", "D_689": "D", "D_690": "D", "D_691": "D", "D_692": "D", "D_693": "D", "D_694": "D", "D_695": "D", "D_696": "D", "D_697": "D", "D_698": "D", "D_699": "D", "D_700": "D", "D_701": "D", "D_702": "D", "D_703": "D", "D_704": "D", "D_705": "D", "D_706": "D", "D_707": "D", "D_708": "D", "D_709": "D", "D_710": "D", "D_711": "D", "D_712": "D", "D_713": "D", "D_714": "D", "D_715": "D", "D_716": "D", "D_717": "D", "D_718": "D", "D_719": "D", "D_720": "D", "D_721": "D", "D_722": "D", "D_723": "D", "D_724": "D", "D_725": "D", "D_726": "D", "D_727": "D", "D_728": "D", "D_729": "D", "D_730": "D", "D_731": "D", "D_732": "D", "D_733": "D", "D_734": "D", "D_735": "D", "D_736": "D", "D_737": "D", "D_738": "D", "D_739": "D", "D_740": "D", "D_741": "D", "D_742": "D", "D_743": "D", "D_744": "D", "D_745": "D", "D_746": "D", "D_747": "D", "D_748": "D", "D_749": "D", "D_750": "D", "D_751": "D", "D_752": "D", "D_753": "D", "D_754": "D", "D_755": "D", "D_756": "D", "D_757": "D", "D_758": "D", "D_759": "D", "D_760": "D", "D_761": "D", "D_762": "D", "D_763": "D", "D_764": "D", "D_765": "D", "D_766": "D", "D_767": "D", "D_768": "D", "D_769": "D", "D_770": "D", "D_771": "D", "D_772": "D", "D_773": "D", "D_774": "D", "D_775": "D", "D_776": "D", "D_777": "D", "D_778": "D", "D_779": "D", "D_780": "D", "D_781": "D", "D_782": "D", "D_783": "D", "D_784": "D", "D_785": "D", "D_786": "D", "D_787": "D", "D_788": "D", "D_789": "D", "D_790": "D", "D_791": "D", "D_792": "D", "D_793": "D", "D_794": "D", "D_795": "D", "D_796": "D", "D_797": "D", "D_798": "D", "D_799": "D", "D_800": "D", "D_801": "D", "D_802": "D", "D_803": "D", "D_804": "D", "D_805": "D", "D_806": "D", "D_807": "D", "D_808": "D", "D_809": "D", "D_810": "D", "D_811": "D", "D_812": "D", "D_813": "D", "D_814": "D", "D_815": "D", "D_816": "D", "D_817": "D", "D_818": "D", "D_819": "D", "D_820": "D", "D_821": "D", "D_822": "D", "D_823": "D", "D_824": "D", "D_825": "D", "D_826": "D", "D_827": "D", "D_828": "D", "D_829": "D", "D_830": "D", "D_831": "D", "D_832": "D", "D_833": "D", "D_834": "D", "D_835": "D", "D_836": "D", "D_837": "D", "D_838": "D", "D_839": "D", "D_840": "D", "D_841": "D", "D_842": "D", "D_843": "D", "D_844": "D", "D_845": "D", "D_846": "D", "D_847": "D", "D_848": "D", "D_849": "D", "D_850": "D", "D_851": "D", "D_852": "D", "D_853": "D", "D_854": "D", "D_855": "D", "D_856": "D", "D_857": "D", "D_858": "D", "D_859": "D", "D_860": "D", "D_861": "D", "D_862": "D", "D_863": "D", "D_864": "D", "D_865": "D", "D_866": "D", "D_867": "D", "D_868": "D", "D_869": "D", "D_870": "D", "D_871": "D", "D_872": "D", "D_873": "D", "D_874": "D", "D_875": "D", "D_876": "D", "D_877": "D", "D_878": "D", "D_879": "D", "D_880": "D", "D_881": "D", "D_882": "D", "D_883": "D", "D_884": "D", "D_885": "D", "D_886": "D", "D_887": "D", "D_888": "D", "D_889": "D", "D_890": "D", "D_891": "D", "D_892": "D", "D_893": "D", "D_894": "D", "D_895": "D", "D_896": "D", "D_897": "D", "D_898": "D", "D_899": "D", "D_900": "D", "D_901": "D", "D_902": "D", "D_903": "D", "D_904": "D", "D_905": "D", "D_906": "D", "D_907": "D", "D_908": "D", "D_909": "D", "D_910": "D", "D_911": "D", "D_912": "D", "D_913": "D", "D_914": "D", "D_915": "D", "D_916": "D", "D_917": "D", "D_918": "D", "D_919": "D", "D_920": "D", "D_921": "D", "D_922": "D", "D_923": "D", "D_924": "D", "D_925": "D", "D_926": "D", "D_927": "D", "D_928": "D", "D_929": "D", "D_930": "D", "D_931": "D", "D_932": "D", "D_933": "D", "D_934": "D", "D_935": "D", "D_936": "D", "D_937": "D", "D_938": "D", "D_939": "D", "D_940": "D", "D_941": "D", "D_942": "D", "D_943": "D", "D_944": "D", "D_945": "D", "D_946": "D", "D_947": "D", "D_948": "D", "D_949": "D", "D_950": "D", "D_951": "D", "D_952": "D", "D_953": "D", "D_954": "D", "D_955": "D", "D_956": "D", "D_957": "D", "D_958": "D", "D_959": "D", "D_960": "D", "D_961": "D", "D_962": "D", "D_963": "D", "D_964": "D", "D_965": "D", "D_966": "D", "D_967": "D", "D_968": "D", "D_969": "D", "D_970": "D", "D_971": "D", "D_972": "D", "D_973": "D", "D_974": "D", "D_975": "D", "D_976": "D", "D_977": "D", "D_978": "D", "D_979": "D", "D_980": "D", "D_981": "D", "D_982": "D", "D_983": "D", "D_984": "D", "D_985": "D", "D_986": "D", "D_987": "D", "D_988": "D", "D_989": "D", "D_990": "D", "D_991": "D", "D_992": "D", "D_993": "D", "D_994": "D", "D_995": "D", "D_996": "D", "D_997": "D", "D_998": "D", "D_999": "D", "D_1000": "D", "D_1001": "D", "D_1002": "D", "D_1003": "D", "D_1004": "D", "D_1005": "D", "D_1006": "D", "D_1007": "D", "D_1008": "D", "D_1009": "D", "D_1010": "D", "D_1011": "D", "D_1012": "D", "D_1013": "D", "D_1014": "D", "D_1015": "D", "D_1016": "D", "D_1017": "D", "D_1018": "D", "D_1019": "D", "D_1020": "D", "D_1021": "D", "D_1022": "D", "D_1023": "D", "D_1024": "D", "D_1025": "D", "D_1026": "D", "D_1027": "D", "D_1028": "D", "D_1029": "D", "D_1030": "D", "D_1031": "D", "D_1032": "D", "D_1033": "D", "D_1034": "D", "D_1035": "D", "D_1036": "D", "D_1037": "D", "D_1038": "D", "D_1039": "D", "D_1040": "D", "D_1041": "D", "D_1042": "D", "D_1043": "D", "D_1044": "D", "D_1045": "D", "D_1046": "D", "D_1047": "D", "D_1048": "D", "D_1049": "D", "D_1050": "D", "D_1051": "D", "D_1052": "D", "D_1053": "D", "D_1054": "D", "D_1055": "D", "D_1056": "D", "D_1057": "D", "D_1058": "D", "D_1059": "D", "D_1060": "D", "D_1061": "D", "D_1062": "D", "D_1063": "D", "D_1064": "D", "D_1065": "D", "D_1066": "D", "D_1067": "D", "D_1068": "D", "D_1069": "D", "D_1070": "D", "D_1071": "D", "D_1072": "D", "D_1073": "D", "D_1074": "D", "D_1075": "D", "D_1076": "D", "D_1077": "D", "D_1078": "D", "D_1079": "D", "D_1080": "D", "D_1081": "D", "D_1082": "D", "D_1083": "D", "D_1084": "D", "D_1085": "D", "D_1086": "D", "D_1087": "D", "D_1088": "D", "D_1089": "D", "D_1090": "D", "D_1091": "D", "D_1092": "D", "D_1093": "D", "D_1094": "D", "D_1095": "D", "D_1096": "D", "D_1097": "D", "D_1098": "D", "D_1099": "D", "D_1100": "D", "D_1101": "D", "D_1102": "D", "D_1103": "D", "D_1104": "D", "D_1105": "D", "D_1106": "D", "D_1107": "D", "D_1108": "D", "D_1109": "D", "D_1110": "D", "D_1111": "D", "D_1112": "D", "D_1113": "D", "D_1114": "D", "D_1115": "D", "D_1116": "D", "D_1117": "D", "D_1118": "D", "D_1119": "D", "D_1120": "D", "D_1121": "D", "D_1122": "D", "D_1123": "D", "D_1124": "D", "D_1125": "D", "D_1126": "D", "D_1127": "D", "D_1128": "D", "D_1129": "D", "D_1130": "D", "D_1131": "D", "D_1132": "D", "D_1133": "D", "D_1134": "D", "D_1135": "D", "D_1136": "D", "D_1137": "D", "D_1138": "D", "D_1139": "D", "D_1140": "D", "D_1141": "D", "D_1142": "D", "D_1143": "D", "D_1144": "D", "D_1145": "D", "D_1146": "D", "D_1147": "D", "D_1148": "D", "D_1149": "D", "D_1150": "D", "D_1151": "D", "D_1152": "D", "D_1153": "D", "D_1154": "D", "D_1155": "D", "D_1156": "D", "D_1157": "D", "D_1158": "D", "D_1159": "D", "D_1160": "D", "D_1161": "D", "D_1162": "D", "D_1163": "D", "D_1164": "D", "D_1165": "D", "D_1166": "D", "D_1167": "D", "D_1168": "D", "D_1169": "D", "D_1170": "D", "D_1171": "D", "D_1172": "D", "D_1173": "D", "D_1174": "D", "D_1175": "D", "D_1176": "D", "D_1177": "D", "D_1178": "D", "D_1179": "D", "D_1180": "D", "D_1181": "D", "D_1182": "D", "D_1183": "D", "D_1184": "D", "D_1185": "D", "D_1186": "D", "D_1187": "D", "D_1188": "D", "D_1189": "D", "D_1190": "D", "D_1191": "D", "D_1192": "D", "D_1193": "D", "D_1194": "D", "D_1195": "D", "D_1196": "D", "D_1197": "D", "D_1198": "D", "D_1199": "D", "D_1200": "D", "D_1201": "D", "D_1202": "D", "D_1203": "D", "D_1204": "D", "D_1205": "D", "D_1206": "D", "D_1207": "D", "D_1208": "D", "D_1209": "D", "D_1210": "D", "D_1211": "D", "D_1212": "D", "D_1213": "D", "D_1214": "D", "D_1215": "D", "D_1216": "D", "D_1217": "D", "D_1218": "D", "D_1219": "D", "D_1220": "D", "D_1221": "D", "D_1222": "D", "D_1223": "D", "D_1224": "D", "D_1225": "D", "D_1226": "D", "D_1227": "D", "D_1228": "D", "D_1229": "D", "D_1230": "D", "D_1231": "D", "D_1232": "D", "D_1233": "D", "D_1234": "D", "D_1235": "D", "D_1236": "D", "D_1237": "D", "D_1238": "D", "D_1239": "D", "D_1240": "D", "D_1241": "D", "D_1242": "D", "D_1243": "D", "D_1244": "D", "D_1245": "D", "D_1246": "D", "D_1247": "D", "D_1248": "D", "D_1249": "D", "D_1250": "D", "D_1251": "D", "D_1252": "D", "D_1253": "D", "D_1254": "D", "D_1255": "D", "D_1256": "D", "D_1257": "D", "D_1258": "D", "D_1259": "D", "D_1260": "D", "D_1261": "D", "D_1262": "D", "D_1263": "D", "D_1264": "D", "D_1265": "D", "D_1266": "D", "D_1267": "D", "D_1268": "D", "D_1269": "D", "D_1270": "D", "D_1271": "D", "D_1272": "D", "D_1273": "D", "D_1274": "D", "D_1275": "D", "D_1276": "D", "D_1277": "D", "D_1278": "D", "D_1279": "D", "D_1280": "D", "D_1281": "D", "D_1282": "D", "D_1283": "D", "D_1284": "D", "D_1285": "D", "D_1286": "D", "D_1287": "D", "D_1288": "D", "D_1289": "D", "D_1290": "D", "D_1291": "D", "D_1292": "D", "D_1293": "D", "D_1294": "D", "D_1295": "D", "D_1296": "D", "D_1297": "D", "D_1298": "D", "D_1299": "D", "D_1300": "D", "D_1301": "D", "D_1302": "D", "D_1303": "D", "D_1304": "D", "D_1305": "D", "D_1306": "D", "D_1307": "D", "D_1308": "D", "D_1309": "D", "D_1310": "D", "D_1311": "D", "D_1312": "D", "D_1313": "D", "D_1314": "D", "D_1315": "D", "D_1316": "D", "D_1317": "D", "D_1318": "D", "D_1319": "D", "D_1320": "D", "D_1321": "D", "D_1322": "D", "D_1323": "D", "D_1324": "D", "D_1325": "D", "D_1326": "D", "D_1327": "D", "D_1328": "D", "D_1329": "D", "D_1330": "D", "D_1331": "D", "D_1332": "D", "D_1333": "D", "D_1334": "D", "D_1335": "D", "D_1336": "D", "D_1337": "D", "D_1338": "D", "D_1339": "D", "D_1340": "D", "D_1341": "D", "D_1342": "D", "D_1343": "D", "D_1344": "D", "D_1345": "D", "D_1346": "D", "D_1347": "D", "D_1348": "D", "D_1349": "D", "D_1350": "D", "D_1351": "D", "D_1352": "D", "D_1353": "D", "D_1354": "D", "D_1355": "D", "D_1356": "D", "D_1357": "D", "D_1358": "D", "D_1359": "D", "D_1360": "D", "D_1361": "D", "D_1362": "D", "D_1363": "D", "D_1364": "D", "D_1365": "D", "D_1366": "D", "D_1367": "D", "D_1368": "D", "D_1369": "D", "D_1370": "D", "D_1371": "D", "D_1372": "D", "D_1373": "D", "D_1374": "D", "D_1375": "D", "D_1376": "D", "D_1377": "D", "D_1378": "D", "D_1379": "D", "D_1380": "D", "D_1381": "D", "D_1382": "D", "D_1383": "D", "D_1384": "D", "D_1385": "D", "D_1386": "D", "D_1387": "D", "D_1388": "D", "D_1389": "D", "D_1390": "D", "D_1391": "D", "D_1392": "D", "D_1393": "D", "D_1394": "D", "D_1395": "D", "D_1396": "D", "D_1397": "D", "D_1398": "D", "D_1399": "D", "D_1400": "D", "D_1401": "D", "D_1402": "D", "D_1403": "D", "D_1404": "D", "D_1405": "D", "D_1406": "D", "D_1407": "D", "D_1408": "D", "D_1409": "D", "D_1410": "D", "D_1411": "D", "D_1412": "D", "D_1413": "D", "D_1414": "D", "D_1415": "D", "D_1416": "D", "D_1417": "D", "D_1418": "D", "D_1419": "D", "D_1420": "D", "D_1421": "D", "D_1422": "D", "D_1423": "D", "D_1424": "D", "D_1425": "D", "D_1426": "D", "D_1427": "D", "D_1428": "D", "D_1429": "D", "D_1430": "D", "D_1431": "D", "D_1432": "D", "D_1433": "D", "D_1434": "D", "D_1435": "D", "D_1436": "D", "D_1437": "D", "D_1438": "D", "D_1439": "D", "D_1440": "D", "D_1441": "D", "D_1442": "D", "D_1443": "D", "D_1444": "D", "D_1445": "D", "D_1446": "D", "D_1447": "D", "D_1448": "D", "D_1449": "D", "D_1450": "D", "D_1451": "D", "D_1452": "D", "D_1453": "D", "D_1454": "D", "D_1455": "D", "D_1456": "D", "D_1457": "D", "D_1458": "D", "D_1459": "D", "D_1460": "D", "D_1461": "D", "D_1462": "D", "D_1463": "D", "D_1464": "D", "D_1465": "D", "D_1466": "D", "D_1467": "D", "D_1468": "D", "D_1469": "D", "D_1470": "D", "D_1471": "D", "D_1472": "D", "D_1473": "D", "D_1474": "D", "D_1475": "D", "D_1476": "D", "D_1477": "D", "D_1478": "D", "D_1479": "D", "D_1480": "D", "D_1481": "D", "D_1482": "D", "D_1483": "D", "D_1484": "D", "D_1485": "D", "D_1486": "D", "D_1487": "D", "D_1488": "D", "D_1489": "D", "D_1490": "D", "D_1491": "D", "D_1492": "D", "D_1493": "D", "D_1494": "D", "D_1495": "D", "D_1496": "D", "D_1497": "D", "D_1498": "D", "D_1499": "D", "D_1500": "D", "D_1501": "D", "D_1502": "D", "D_1503": "D", "D_1504": "D", "D_1505": "D", "D_1506": "D", "D_1507": "D", "D_1508": "D", "D_1509": "D", "D_1510": "D", "D_1511": "D", "D_1512": "D", "D_1513": "D", "D_1514": "D", "D_1515": "D", "D_1516": "D", "D_1517": "D", "D_1518": "D", "D_1519": "D", "D_1520": "D", "D_1521": "D", "D_1522": "D", "D_1523": "D", "D_1524": "D", "D_1525": "D", "D_1526": "D", "D_1527": "D", "D_1528": "D", "D_1529": "D", "D_1530": "D", "D_1531": "D", "D_1532": "D", "D_1533": "D", "D_1534": "D", "D_1535": "D", "D_1536": "D", "D_1537": "D", "D_1538": "D", "D_1539": "D", "D_1540": "D", "D_1541": "D", "D_1542": "D", "D_1543": "D", "D_1544": "D", "D_1545": "D", "D_1546": "D", "D_1547": "D", "D_1548": "D", "D_1549": "D", "D_1550": "D", "D_1551": "D", "D_1552": "D", "D_1553": "D", "D_1554": "D", "D_1555": "D", "D_1556": "D", "D_1557": "D", "D_1558": "D", "D_1559": "D", "D_1560": "D", "D_1561": "D", "D_1562": "D", "D_1563": "D", "D_1564": "D", "D_1565": "D", "D_1566": "D", "D_1567": "D", "D_1568": "D", "D_1569": "D", "D_1570": "D", "D_1571": "D", "D_1572": "D", "D_1573": "D", "D_1574": "D", "D_1575": "D", "D_1576": "D", "D_1577": "D", "D_1578": "D", "D_1579": "D", "D_1580": "D", "D_1581": "D", "D_1582": "D", "D_1583": "D", "D_1584": "D", "D_1585": "D", "D_1586": "D", "D_1587": "D", "D_1588": "D", "D_1589": "D", "D_1590": "D", "D_1591": "D", "D_1592": "D", "D_1593": "D", "D_1594": "D", "D_1595": "D", "D_1596": "D", "D_1597": "D", "D_1598": "D", "D_1599": "D", "D_1600": "D", "D_1601": "D", "D_1602": "D", "D_1603": "D", "D_1604": "D", "D_1605": "D", "D_1606": "D", "D_1607": "D", "D_1608": "D", "D_1609": "D", "D_1610": "D", "D_1611": "D", "D_1612": "D", "D_1613": "D", "D_1614": "D", "D_1615": "D", "D_1616": "D", "D_1617": "D", "D_1618": "D", "D_1619": "D", "D_1620": "D", "D_1621": "D", "D_1622": "D", "D_1623": "D", "D_1624": "D", "D_1625": "D", "D_1626": "D", "D_1627": "D", "D_1628": "D", "D_1629": "D", "D_1630": "D", "D_1631": "D", "D_1632": "D", "D_1633": "D", "D_1634": "D", "D_1635": "D", "D_1636": "D", "D_1637": "D", "D_1638": "D", "D_1639": "D", "D_1640": "D", "D_1641": "D", "D_1642": "D", "D_1643": "D", "D_1644": "D", "D_1645": "D", "D_1646": "D", "D_1647": "D", "D_1648": "D", "D_1649": "D", "D_1650": "D", "D_1651": "D", "D_1652": "D", "D_1653": "D", "D_1654": "D", "D_1655": "D", "D_1656": "D", "D_1657": "D", "D_1658": "D", "D_1659": "D", "D_1660": "D", "D_1661": "D", "D_1662": "D", "D_1663": "D", "D_1664": "D", "D_1665": "D", "D_1666": "D", "D_1667": "D", "D_1668": "D", "D_1669": "D", "D_1670": "D", "D_1671": "D", "D_1672": "D", "D_1673": "D", "D_1674": "D", "D_1675": "D", "D_1676": "D", "D_1677": "D", "D_1678": "D", "D_1679": "D", "D_1680": "D", "D_1681": "D", "D_1682": "D", "D_1683": "D", "D_1684": "D", "D_1685": "D", "D_1686": "D", "D_1687": "D", "D_1688": "D", "D_1689": "D", "D_1690": "D", "D_1691": "D", "D_1692": "D", "D_1693": "D", "D_1694": "D", "D_1695": "D", "D_1696": "D", "D_1697": "D", "D_1698": "D", "D_1699": "D", "D_1700": "D", "D_1701": "D", "D_1702": "D", "D_1703": "D"}
token_fitness
{"perc_fit_traces": 35.8, "average_trace_fitness": 0.8916159073550239, "log_fitness": 0.9300508621695083, "percentage_of_fitting_traces": 35.8}
precision
0.6627651792245794
0.6105114969497888
generalization
0.10171081342337407

Adjusted Rand Index:
0.11478446988594242



Parameters of this run:

Window size: 5
Threshold for edges: 0
Split candidates: D
Max number of traces: 5000000
Method for distance calculation: Distance.SET_DISTANCE
Method for finding clusters: ClusteringMethod.COMMUNITY_DETECTION
Original log location: ./data/noImprInLoop_default_OD\feb17-0936\logs\H_1_LogD_Sequence_feb17-0936.xes.gz
Use frequency: True

Found communities: 

Clustering with 2819 elements and 3 clusters
[0] 2, 5, 8, 10, 11, 14, 17, 20, 22, 23, 25, 28, 31, 33, 34, 36, 37, 39, 40,
    43, 45, 48, 51, 55, 59, 61, 62, 65, 67, 70, 71, 72, 76, 78, 80, 81, 83,
    84, 86, 87, 90, 91, 92, 95, 96, 98, 100, 101, 102, 105, 107, 108, 113,
    115, 118, 119, 120, 121, 123, 124, 126, 129, 131, 134, 135, 136, 137, 139,
    142, 143, 144, 148, 151, 154, 157, 158, 161, 162, 166, 168, 169, 170, 171,
    173, 175, 176, 177, 178, 182, 185, 188, 189, 192, 193, 197, 200, 204, 206,
    207, 209, 212, 216, 219, 221, 222, 224, 227, 230, 233, 236, 237, 239, 240,
    243, 245, 246, 249, 250, 251, 254, 258, 261, 263, 264, 267, 269, 270, 272,
    275, 280, 283, 286, 288, 290, 292, 293, 297, 300, 302, 305, 308, 309, 313,
    314, 315, 317, 318, 324, 325, 329, 331, 333, 335, 338, 340, 344, 346, 348,
    349, 352, 356, 359, 361, 362, 364, 367, 369, 370, 375, 376, 377, 379, 380,
    383, 388, 391, 392, 393, 395, 396, 397, 398, 399, 400, 402, 404, 405, 406,
    407, 410, 411, 412, 413, 415, 417, 419, 422, 424, 425, 427, 428, 431, 432,
    434, 437, 438, 439, 442, 444, 445, 448, 449, 452, 455, 458, 459, 460, 463,
    466, 469, 472, 473, 475, 477, 480, 482, 484, 485, 489, 492, 493, 494, 496,
    499, 501, 502, 505, 507, 510, 511, 513, 514, 516, 517, 519, 520, 522, 523,
    525, 527, 531, 535, 539, 541, 542, 544, 546, 550, 552, 553, 555, 560, 563,
    565, 567, 568, 571, 572, 574, 575, 577, 579, 581, 584, 585, 586, 588, 590,
    591, 594, 595, 597, 598, 600, 603, 606, 607, 609, 610, 612, 613, 615, 617,
    619, 623, 624, 632, 633, 636, 639, 641, 644, 647, 649, 651, 655, 657, 658,
    660, 664, 666, 668, 671, 672, 673, 676, 680, 681, 682, 685, 687, 689, 691,
    694, 697, 700, 701, 705, 707, 709, 711, 712, 713, 716, 718, 719, 721, 723,
    726, 729, 732, 736, 739, 742, 745, 746, 750, 752, 753, 755, 757, 760, 763,
    767, 770, 771, 774, 775, 777, 778, 781, 784, 785, 788, 793, 795, 798, 799,
    801, 804, 807, 809, 810, 811, 813, 816, 817, 819, 822, 823, 824, 825, 827,
    830, 833, 834, 836, 839, 841, 842, 845, 847, 848, 849, 850, 852, 853, 857,
    860, 862, 863, 865, 867, 869, 871, 873, 876, 877, 880, 883, 885, 886, 888,
    889, 891, 893, 894, 897, 898, 902, 904, 905, 907, 908, 910, 911, 914, 915,
    917, 918, 920, 924, 927, 928, 930, 933, 934, 937, 939, 942, 944, 949, 950,
    951, 953, 954, 958, 961, 963, 964, 966, 970, 972, 975, 976, 977, 980, 982,
    983, 986, 987, 989, 990, 992, 993, 994, 997, 999, 1000, 1002, 1003, 1006,
    1007, 1010, 1013, 1015, 1018, 1021, 1022, 1024, 1025, 1027, 1029, 1030,
    1033, 1035, 1039, 1042, 1043, 1046, 1049, 1051, 1052, 1054, 1057, 1058,
    1061, 1062, 1065, 1066, 1067, 1070, 1071, 1075, 1079, 1083, 1085, 1088,
    1089, 1093, 1095, 1096, 1099, 1101, 1104, 1105, 1108, 1110, 1112, 1113,
    1114, 1117, 1118, 1121, 1124, 1126, 1129, 1131, 1132, 1135, 1137, 1138,
    1142, 1145, 1148, 1150, 1153, 1155, 1157, 1160, 1161, 1163, 1164, 1167,
    1170, 1171, 1175, 1177, 1182, 1185, 1188, 1189, 1191, 1194, 1196, 1198,
    1199, 1201, 1202, 1205, 1209, 1211, 1212, 1214, 1217, 1219, 1220, 1223,
    1226, 1231, 1235, 1238, 1244, 1245, 1248, 1250, 1254, 1258, 1261, 1264,
    1267, 1269, 1272, 1273, 1274, 1278, 1281, 1284, 1286, 1287, 1289, 1293,
    1296, 1298, 1299, 1302, 1304, 1305, 1307, 1309, 1312, 1314, 1316, 1317,
    1319, 1322, 1325, 1327, 1329, 1332, 1334, 1335, 1337, 1340, 1341, 1344,
    1345, 1346, 1350, 1352, 1353, 1357, 1359, 1361, 1366, 1368, 1369, 1370,
    1372, 1373, 1376, 1380, 1383, 1385, 1386, 1389, 1390, 1392, 1395, 1396,
    1399, 1402, 1403, 1405, 1407, 1408, 1411, 1412, 1415, 1416, 1419, 1420,
    1421, 1423, 1425, 1427, 1429, 1432, 1435, 1437, 1438, 1442, 1444, 1446,
    1449, 1450, 1454, 1456, 1457, 1459, 1462, 1463, 1464, 1466, 1469, 1471,
    1473, 1474, 1478, 1480, 1481, 1483, 1486, 1495, 1498, 1504, 1506, 1509,
    1512, 1515, 1519, 1524, 1526, 1527, 1529, 1531, 1532, 1535, 1537, 1540,
    1541, 1542, 1543, 1545, 1546, 1549, 1551, 1552, 1554, 1558, 1560, 1562,
    1564, 1565, 1567, 1570, 1572, 1575, 1578, 1580, 1581, 1583, 1586, 1587,
    1590, 1592, 1593, 1595, 1596, 1598, 1601, 1603, 1604, 1605, 1606, 1610,
    1612, 1614, 1615, 1617, 1618, 1621, 1625, 1627, 1629, 1630, 1634, 1639,
    1640, 1643, 1647, 1650, 1653, 1656, 1658, 1662, 1663, 1664, 1667, 1670,
    1671, 1674, 1677, 1679, 1680, 1683, 1686, 1687, 1689, 1693, 1695, 1698,
    1700, 1701, 1703, 1704, 1705, 1706, 1708, 1711, 1713, 1714, 1716, 1718,
    1720, 1722, 1724, 1727, 1731, 1733, 1734, 1737, 1738, 1742, 1743, 1744,
    1748, 1751, 1753, 1755, 1756, 1759, 1761, 1763, 1765, 1766, 1768, 1769,
    1772, 1776, 1779, 1784, 1786, 1790, 1793, 1794, 1795, 1797, 1798, 1803,
    1807, 1809, 1812, 1814, 1815, 1818, 1821, 1822, 1824, 1825, 1827, 1830,
    1832, 1833, 1836, 1839, 1840, 1841, 1845, 1848, 1850, 1851, 1854, 1855,
    1857, 1858, 1861, 1865, 1868, 1870, 1871, 1874, 1876, 1879, 1881, 1885,
    1888, 1889, 1892, 1894, 1897, 1900, 1901, 1903, 1904, 1906, 1907, 1910,
    1911, 1913, 1914, 1916, 1919, 1923, 1925, 1926, 1928, 1929, 1931, 1932,
    1934, 1936, 1939, 1941, 1942, 1945, 1951, 1952, 1955, 1961, 1962, 1963,
    1966, 1968, 1969, 1970, 1971, 1973, 1974, 1978, 1981, 1982, 1985, 1987,
    1988, 1991, 1994, 1997, 1998, 1999, 2002, 2003, 2007, 2009, 2010, 2012,
    2016, 2019, 2021, 2022, 2024, 2027, 2029, 2032, 2033, 2035, 2037, 2038,
    2040, 2041, 2043, 2044, 2046, 2048, 2052, 2056, 2057, 2059, 2062, 2064,
    2065, 2066, 2068, 2069, 2072, 2075, 2077, 2079, 2081, 2082, 2085, 2086,
    2089, 2091, 2092, 2095, 2097, 2099, 2100, 2102, 2104, 2106, 2107, 2108,
    2109, 2111, 2113, 2116, 2117, 2118, 2119, 2121, 2122, 2124, 2125, 2128,
    2130, 2132, 2134, 2137, 2140, 2143, 2146, 2150, 2153, 2155, 2158, 2159,
    2162, 2165, 2166, 2168, 2169, 2172, 2174, 2175, 2177, 2179, 2180, 2181,
    2182, 2184, 2185, 2187, 2190, 2192, 2194, 2195, 2197, 2198, 2201, 2202,
    2207, 2208, 2213, 2215, 2216, 2218, 2221, 2223, 2225, 2228, 2233, 2235,
    2236, 2239, 2242, 2244, 2246, 2249, 2251, 2252, 2255, 2257, 2258, 2260,
    2261, 2263, 2264, 2267, 2269, 2270, 2271, 2274, 2277, 2278, 2281, 2282,
    2285, 2289, 2291, 2293, 2294, 2295, 2296, 2298, 2300, 2301, 2303, 2305,
    2306, 2310, 2313, 2315, 2317, 2319, 2320, 2323, 2325, 2326, 2328, 2329,
    2331, 2332, 2333, 2334, 2335, 2338, 2340, 2341, 2343, 2344, 2347, 2349,
    2351, 2354, 2355, 2357, 2359, 2360, 2362, 2363, 2364, 2366, 2368, 2369,
    2371, 2374, 2375, 2378, 2381, 2383, 2387, 2390, 2392, 2394, 2397, 2399,
    2400, 2402, 2405, 2406, 2409, 2412, 2413, 2414, 2415, 2417, 2419, 2420,
    2423, 2425, 2427, 2428, 2429, 2431, 2433, 2434, 2436, 2437, 2439, 2442,
    2445, 2448, 2452, 2455, 2458, 2460, 2463, 2464, 2467, 2468, 2469, 2470,
    2473, 2476, 2477, 2480, 2481, 2484, 2487, 2489, 2490, 2491, 2492, 2495,
    2498, 2500, 2501, 2504, 2506, 2508, 2509, 2510, 2512, 2513, 2515, 2519,
    2522, 2523, 2526, 2528, 2531, 2532, 2535, 2538, 2544, 2546, 2548, 2551,
    2553, 2554, 2556, 2557, 2559, 2562, 2564, 2566, 2567, 2570, 2571, 2573,
    2574, 2577, 2578, 2581, 2583, 2586, 2587, 2589, 2593, 2597, 2600, 2602,
    2603, 2604, 2606, 2608, 2611, 2614, 2615, 2616, 2620, 2624, 2627, 2629,
    2630, 2634, 2636, 2637, 2639, 2642, 2645, 2648, 2651, 2652, 2655, 2657,
    2658, 2660, 2661, 2663, 2664, 2666, 2667, 2669, 2671, 2674, 2675, 2678,
    2680, 2681, 2682, 2684, 2685, 2689, 2693, 2695, 2696, 2698, 2700, 2701,
    2703, 2705, 2707, 2709, 2710, 2711, 2712, 2715, 2718, 2721, 2722, 2726,
    2729, 2732, 2736, 2739, 2741, 2742, 2745, 2746, 2748, 2749, 2754, 2755,
    2758, 2760, 2761, 2764, 2766, 2767, 2770, 2771, 2775, 2777, 2780, 2782,
    2784, 2785, 2787, 2789, 2790, 2793, 2796, 2798, 2800, 2805, 2807, 2808,
    2810, 2811, 2812, 2815, 2817, 2818
[1] 1, 3, 4, 7, 9, 12, 13, 16, 19, 21, 24, 26, 27, 29, 30, 32, 35, 38, 41, 42,
    44, 46, 47, 49, 50, 53, 54, 57, 58, 60, 63, 64, 66, 68, 69, 74, 75, 77,
    79, 85, 88, 89, 94, 97, 99, 103, 104, 106, 109, 110, 111, 112, 114, 117,
    122, 125, 128, 130, 133, 138, 141, 146, 147, 149, 150, 153, 155, 156, 160,
    164, 165, 172, 174, 180, 181, 184, 187, 191, 195, 196, 199, 202, 203, 205,
    208, 210, 211, 214, 215, 217, 218, 220, 223, 225, 226, 228, 229, 231, 232,
    235, 241, 242, 248, 253, 256, 257, 260, 262, 265, 266, 268, 271, 274, 276,
    277, 279, 281, 282, 285, 287, 289, 291, 294, 295, 296, 298, 299, 301, 303,
    304, 307, 311, 312, 320, 321, 323, 327, 328, 330, 332, 334, 337, 339, 342,
    343, 345, 347, 350, 351, 354, 355, 357, 358, 363, 366, 371, 372, 374, 378,
    381, 382, 384, 385, 387, 389, 390, 394, 401, 403, 409, 414, 416, 418, 420,
    421, 426, 430, 433, 435, 436, 440, 441, 447, 450, 451, 453, 454, 456, 457,
    461, 462, 464, 465, 467, 468, 471, 474, 476, 479, 481, 483, 487, 488, 491,
    495, 498, 504, 506, 509, 512, 518, 521, 524, 526, 529, 530, 533, 534, 537,
    538, 543, 545, 548, 549, 551, 554, 557, 558, 559, 562, 564, 566, 570, 573,
    576, 578, 580, 582, 583, 587, 589, 593, 596, 599, 601, 602, 605, 608, 611,
    614, 616, 618, 620, 621, 622, 625, 626, 628, 629, 631, 635, 637, 638, 640,
    642, 643, 645, 646, 648, 650, 653, 654, 656, 659, 662, 663, 665, 667, 669,
    670, 675, 678, 679, 684, 686, 688, 690, 693, 696, 699, 703, 704, 706, 708,
    710, 714, 715, 717, 720, 722, 724, 725, 728, 730, 731, 734, 735, 738, 741,
    744, 748, 749, 751, 754, 756, 759, 762, 765, 766, 769, 773, 776, 779, 780,
    783, 787, 789, 790, 791, 792, 794, 797, 800, 803, 806, 808, 812, 815, 818,
    821, 826, 829, 832, 835, 838, 840, 843, 844, 854, 855, 856, 858, 859, 861,
    864, 866, 868, 870, 872, 875, 878, 879, 881, 882, 884, 887, 890, 892, 896,
    900, 901, 903, 913, 916, 919, 922, 923, 926, 929, 932, 936, 938, 940, 941,
    943, 946, 947, 948, 952, 956, 957, 960, 962, 965, 967, 968, 969, 971, 974,
    979, 981, 985, 988, 991, 995, 996, 998, 1001, 1005, 1009, 1012, 1014,
    1016, 1017, 1020, 1026, 1028, 1031, 1032, 1034, 1037, 1038, 1041, 1045,
    1047, 1048, 1050, 1053, 1056, 1060, 1064, 1069, 1073, 1074, 1077, 1078,
    1081, 1082, 1084, 1087, 1091, 1092, 1098, 1100, 1103, 1106, 1107, 1109,
    1111, 1116, 1119, 1120, 1123, 1125, 1127, 1128, 1130, 1134, 1136, 1140,
    1141, 1144, 1146, 1147, 1149, 1151, 1152, 1154, 1156, 1159, 1162, 1165,
    1166, 1169, 1173, 1174, 1176, 1178, 1179, 1180, 1181, 1183, 1184, 1187,
    1190, 1192, 1193, 1195, 1197, 1200, 1203, 1204, 1207, 1208, 1210, 1213,
    1216, 1218, 1222, 1225, 1227, 1228, 1229, 1230, 1233, 1234, 1236, 1237,
    1240, 1241, 1243, 1247, 1249, 1252, 1253, 1256, 1257, 1260, 1262, 1263,
    1265, 1266, 1268, 1270, 1271, 1276, 1277, 1279, 1280, 1282, 1283, 1285,
    1288, 1291, 1292, 1294, 1295, 1297, 1300, 1301, 1306, 1308, 1310, 1311,
    1313, 1315, 1318, 1321, 1324, 1326, 1328, 1331, 1333, 1336, 1339, 1343,
    1348, 1349, 1351, 1355, 1356, 1358, 1360, 1362, 1363, 1364, 1365, 1367,
    1371, 1375, 1378, 1379, 1381, 1382, 1384, 1388, 1391, 1394, 1397, 1398,
    1401, 1404, 1406, 1410, 1414, 1418, 1422, 1424, 1426, 1428, 1430, 1431,
    1433, 1434, 1440, 1441, 1443, 1445, 1448, 1452, 1453, 1455, 1458, 1461,
    1465, 1467, 1468, 1470, 1472, 1476, 1477, 1479, 1482, 1484, 1485, 1487,
    1488, 1490, 1491, 1493, 1494, 1496, 1497, 1500, 1501, 1502, 1503, 1505,
    1508, 1511, 1514, 1517, 1518, 1520, 1521, 1523, 1528, 1530, 1534, 1536,
    1539, 1544, 1547, 1548, 1550, 1553, 1556, 1557, 1559, 1561, 1563, 1566,
    1568, 1569, 1571, 1574, 1576, 1577, 1579, 1582, 1585, 1588, 1589, 1591,
    1594, 1597, 1599, 1600, 1602, 1608, 1609, 1611, 1613, 1616, 1620, 1623,
    1624, 1626, 1632, 1633, 1635, 1636, 1638, 1641, 1642, 1645, 1646, 1648,
    1649, 1651, 1652, 1654, 1655, 1657, 1660, 1661, 1666, 1668, 1669, 1673,
    1675, 1676, 1678, 1682, 1685, 1688, 1691, 1692, 1694, 1696, 1697, 1702,
    1707, 1710, 1715, 1717, 1719, 1721, 1723, 1725, 1726, 1729, 1730, 1732,
    1736, 1740, 1741, 1746, 1747, 1750, 1752, 1754, 1758, 1760, 1762, 1764,
    1770, 1771, 1774, 1775, 1778, 1780, 1781, 1783, 1785, 1788, 1789, 1792,
    1796, 1799, 1800, 1801, 1802, 1805, 1806, 1808, 1810, 1811, 1813, 1816,
    1817, 1820, 1823, 1826, 1828, 1829, 1831, 1835, 1838, 1843, 1844, 1846,
    1847, 1849, 1853, 1856, 1860, 1863, 1864, 1867, 1869, 1872, 1873, 1875,
    1877, 1878, 1880, 1883, 1884, 1887, 1890, 1891, 1893, 1896, 1899, 1909,
    1912, 1915, 1917, 1918, 1921, 1922, 1924, 1927, 1933, 1935, 1937, 1938,
    1940, 1943, 1944, 1947, 1948, 1950, 1954, 1957, 1958, 1960, 1964, 1965,
    1967, 1972, 1976, 1977, 1980, 1983, 1984, 1986, 1990, 1993, 1996, 2001,
    2005, 2006, 2008, 2011, 2014, 2015, 2017, 2018, 2020, 2023, 2026, 2028,
    2031, 2034, 2036, 2039, 2042, 2045, 2047, 2050, 2051, 2053, 2054, 2055,
    2058, 2060, 2061, 2063, 2067, 2071, 2073, 2074, 2076, 2078, 2080, 2084,
    2088, 2090, 2093, 2094, 2096, 2098, 2101, 2103, 2105, 2110, 2112, 2115,
    2120, 2123, 2127, 2129, 2131, 2133, 2136, 2139, 2142, 2145, 2148, 2149,
    2152, 2154, 2157, 2160, 2161, 2164, 2167, 2171, 2176, 2178, 2183, 2186,
    2188, 2189, 2191, 2193, 2196, 2200, 2204, 2205, 2206, 2209, 2210, 2212,
    2217, 2219, 2220, 2222, 2224, 2226, 2227, 2229, 2230, 2231, 2232, 2234,
    2237, 2238, 2240, 2241, 2243, 2245, 2247, 2248, 2250, 2253, 2254, 2256,
    2259, 2262, 2266, 2268, 2272, 2273, 2276, 2280, 2283, 2284, 2287, 2288,
    2290, 2292, 2297, 2299, 2302, 2304, 2308, 2309, 2311, 2312, 2314, 2316,
    2318, 2322, 2324, 2327, 2330, 2336, 2337, 2339, 2346, 2348, 2350, 2353,
    2356, 2361, 2365, 2367, 2370, 2373, 2377, 2379, 2380, 2382, 2385, 2386,
    2388, 2389, 2391, 2393, 2396, 2398, 2401, 2404, 2408, 2411, 2416, 2418,
    2421, 2422, 2424, 2426, 2430, 2432, 2435, 2438, 2441, 2444, 2447, 2450,
    2451, 2454, 2456, 2457, 2459, 2462, 2466, 2472, 2475, 2479, 2483, 2485,
    2486, 2488, 2493, 2494, 2496, 2497, 2503, 2505, 2507, 2511, 2514, 2517,
    2518, 2521, 2524, 2525, 2527, 2530, 2534, 2537, 2540, 2541, 2542, 2543,
    2545, 2547, 2549, 2550, 2552, 2555, 2558, 2561, 2563, 2565, 2569, 2572,
    2576, 2579, 2580, 2582, 2585, 2588, 2591, 2592, 2595, 2596, 2598, 2599,
    2601, 2605, 2607, 2609, 2610, 2612, 2613, 2618, 2619, 2622, 2623, 2626,
    2632, 2633, 2635, 2638, 2641, 2643, 2644, 2646, 2647, 2650, 2654, 2656,
    2659, 2662, 2668, 2670, 2673, 2677, 2679, 2687, 2688, 2691, 2692, 2697,
    2699, 2702, 2704, 2706, 2708, 2713, 2714, 2716, 2717, 2720, 2724, 2725,
    2727, 2728, 2730, 2731, 2734, 2735, 2738, 2740, 2744, 2750, 2751, 2753,
    2757, 2759, 2763, 2765, 2769, 2772, 2773, 2774, 2776, 2778, 2779, 2781,
    2783, 2786, 2788, 2792, 2795, 2797, 2799, 2801, 2802, 2804, 2806, 2809,
    2813, 2814, 2816
[2] 0, 6, 15, 18, 52, 56, 73, 82, 93, 116, 127, 132, 140, 145, 152, 159, 163,
    167, 179, 183, 186, 190, 194, 198, 201, 213, 234, 238, 244, 247, 252, 255,
    259, 273, 278, 284, 306, 310, 316, 319, 322, 326, 336, 341, 353, 360, 365,
    368, 373, 386, 408, 423, 429, 443, 446, 470, 478, 486, 490, 497, 500, 503,
    508, 515, 528, 532, 536, 540, 547, 556, 561, 569, 592, 604, 627, 630, 634,
    652, 661, 674, 677, 683, 692, 695, 698, 702, 727, 733, 737, 740, 743, 747,
    758, 761, 764, 768, 772, 782, 786, 796, 802, 805, 814, 820, 828, 831, 837,
    846, 851, 874, 895, 899, 906, 909, 912, 921, 925, 931, 935, 945, 955, 959,
    973, 978, 984, 1004, 1008, 1011, 1019, 1023, 1036, 1040, 1044, 1055, 1059,
    1063, 1068, 1072, 1076, 1080, 1086, 1090, 1094, 1097, 1102, 1115, 1122,
    1133, 1139, 1143, 1158, 1168, 1172, 1186, 1206, 1215, 1221, 1224, 1232,
    1239, 1242, 1246, 1251, 1255, 1259, 1275, 1290, 1303, 1320, 1323, 1330,
    1338, 1342, 1347, 1354, 1374, 1377, 1387, 1393, 1400, 1409, 1413, 1417,
    1436, 1439, 1447, 1451, 1460, 1475, 1489, 1492, 1499, 1507, 1510, 1513,
    1516, 1522, 1525, 1533, 1538, 1555, 1573, 1584, 1607, 1619, 1622, 1628,
    1631, 1637, 1644, 1659, 1665, 1672, 1681, 1684, 1690, 1699, 1709, 1712,
    1728, 1735, 1739, 1745, 1749, 1757, 1767, 1773, 1777, 1782, 1787, 1791,
    1804, 1819, 1834, 1837, 1842, 1852, 1859, 1862, 1866, 1882, 1886, 1895,
    1898, 1902, 1905, 1908, 1920, 1930, 1946, 1949, 1953, 1956, 1959, 1975,
    1979, 1989, 1992, 1995, 2000, 2004, 2013, 2025, 2030, 2049, 2070, 2083,
    2087, 2114, 2126, 2135, 2138, 2141, 2144, 2147, 2151, 2156, 2163, 2170,
    2173, 2199, 2203, 2211, 2214, 2265, 2275, 2279, 2286, 2307, 2321, 2342,
    2345, 2352, 2358, 2372, 2376, 2384, 2395, 2403, 2407, 2410, 2440, 2443,
    2446, 2449, 2453, 2461, 2465, 2471, 2474, 2478, 2482, 2499, 2502, 2516,
    2520, 2529, 2533, 2536, 2539, 2560, 2568, 2575, 2584, 2590, 2594, 2617,
    2621, 2625, 2628, 2631, 2640, 2649, 2653, 2665, 2672, 2676, 2683, 2686,
    2690, 2694, 2719, 2723, 2733, 2737, 2743, 2747, 2752, 2756, 2762, 2768,
    2791, 2794, 2803

Reassigned labels

Runtime: 9.950117349624634

Performance split_log:

IM without threshold:
Map:
{"D_0": "D", "D_1": "D", "D_2": "D"}
token_fitness
{"perc_fit_traces": 0.0, "average_trace_fitness": 0.9019469705431721, "log_fitness": 0.9020803020173818, "percentage_of_fitting_traces": 0.0}
precision
0.7508029416178899
0.6629213483146068
generalization
0.7121229701319021

Adjusted Rand Index:
0.23635515757745248



Parameters of this run:

Window size: 5
Threshold for edges: 0.25
Split candidates: D
Max number of traces: 5000000
Method for distance calculation: Distance.SET_DISTANCE
Method for finding clusters: ClusteringMethod.COMMUNITY_DETECTION
Original log location: ./data/noImprInLoop_default_OD\feb17-0936\logs\H_1_LogD_Sequence_feb17-0936.xes.gz
Use frequency: True

Found communities: 

Clustering with 2819 elements and 3 clusters
[0] 2, 5, 8, 10, 11, 14, 17, 20, 22, 23, 25, 28, 31, 33, 34, 36, 37, 39, 40,
    43, 45, 48, 51, 55, 59, 61, 62, 65, 67, 70, 71, 72, 76, 78, 80, 81, 83,
    84, 86, 87, 90, 91, 92, 95, 96, 98, 100, 101, 102, 105, 107, 108, 113,
    115, 118, 119, 120, 121, 123, 124, 126, 129, 131, 134, 135, 136, 137, 139,
    142, 143, 144, 148, 151, 154, 157, 158, 161, 162, 166, 168, 169, 170, 171,
    173, 175, 176, 177, 178, 182, 185, 188, 189, 192, 193, 197, 200, 204, 206,
    207, 209, 212, 216, 219, 221, 222, 224, 227, 230, 233, 236, 237, 239, 240,
    243, 245, 246, 249, 250, 251, 254, 258, 261, 263, 264, 267, 269, 270, 272,
    275, 280, 283, 286, 288, 290, 292, 293, 297, 300, 302, 305, 308, 309, 313,
    314, 315, 317, 318, 324, 325, 329, 331, 333, 335, 338, 340, 344, 346, 348,
    349, 352, 356, 359, 361, 362, 364, 367, 369, 370, 375, 376, 377, 379, 380,
    383, 388, 391, 392, 393, 395, 396, 397, 398, 399, 400, 402, 404, 405, 406,
    407, 410, 411, 412, 413, 415, 417, 419, 422, 424, 425, 427, 428, 431, 432,
    434, 437, 438, 439, 442, 444, 445, 448, 449, 452, 455, 458, 459, 460, 463,
    466, 469, 472, 473, 475, 477, 480, 482, 484, 485, 489, 492, 493, 494, 496,
    499, 501, 502, 505, 507, 510, 511, 513, 514, 516, 517, 519, 520, 522, 523,
    525, 527, 531, 535, 539, 541, 542, 544, 546, 550, 552, 553, 555, 560, 563,
    565, 567, 568, 571, 572, 574, 575, 577, 579, 581, 584, 585, 586, 588, 590,
    591, 594, 595, 597, 598, 600, 603, 606, 607, 609, 610, 612, 613, 615, 617,
    619, 623, 624, 632, 633, 636, 639, 641, 644, 647, 649, 651, 655, 657, 658,
    660, 664, 666, 668, 671, 672, 673, 676, 680, 681, 682, 685, 687, 689, 691,
    694, 697, 700, 701, 705, 707, 709, 711, 712, 713, 716, 718, 719, 721, 723,
    726, 729, 732, 736, 739, 742, 745, 746, 750, 752, 753, 755, 757, 760, 763,
    767, 770, 771, 774, 775, 777, 778, 781, 784, 785, 788, 793, 795, 798, 799,
    801, 804, 807, 809, 810, 811, 813, 816, 817, 819, 822, 823, 824, 825, 827,
    830, 833, 834, 836, 839, 841, 842, 845, 847, 848, 849, 850, 852, 853, 857,
    860, 862, 863, 865, 867, 869, 871, 873, 876, 877, 880, 883, 885, 886, 888,
    889, 891, 893, 894, 897, 898, 902, 904, 905, 907, 908, 910, 911, 914, 915,
    917, 918, 920, 924, 927, 928, 930, 933, 934, 937, 939, 942, 944, 949, 950,
    951, 953, 954, 958, 961, 963, 964, 966, 970, 972, 975, 976, 977, 980, 982,
    983, 986, 987, 989, 990, 992, 993, 994, 997, 999, 1000, 1002, 1003, 1006,
    1007, 1010, 1013, 1015, 1018, 1021, 1022, 1024, 1025, 1027, 1029, 1030,
    1033, 1035, 1039, 1042, 1043, 1046, 1049, 1051, 1052, 1054, 1057, 1058,
    1061, 1062, 1065, 1066, 1067, 1070, 1071, 1075, 1079, 1083, 1085, 1088,
    1089, 1093, 1095, 1096, 1099, 1101, 1104, 1105, 1108, 1110, 1112, 1113,
    1114, 1117, 1118, 1121, 1124, 1126, 1129, 1131, 1132, 1135, 1137, 1138,
    1142, 1145, 1148, 1150, 1153, 1155, 1157, 1160, 1161, 1163, 1164, 1167,
    1170, 1171, 1175, 1177, 1182, 1185, 1188, 1189, 1191, 1194, 1196, 1198,
    1199, 1201, 1202, 1205, 1209, 1211, 1212, 1214, 1217, 1219, 1220, 1223,
    1226, 1231, 1235, 1238, 1244, 1245, 1248, 1250, 1254, 1258, 1261, 1264,
    1267, 1269, 1272, 1273, 1274, 1278, 1281, 1284, 1286, 1287, 1289, 1293,
    1296, 1298, 1299, 1302, 1304, 1305, 1307, 1309, 1312, 1314, 1316, 1317,
    1319, 1322, 1325, 1327, 1329, 1332, 1334, 1335, 1337, 1340, 1341, 1344,
    1345, 1346, 1350, 1352, 1353, 1357, 1359, 1361, 1366, 1368, 1369, 1370,
    1372, 1373, 1376, 1380, 1383, 1385, 1386, 1389, 1390, 1392, 1395, 1396,
    1399, 1402, 1403, 1405, 1407, 1408, 1411, 1412, 1415, 1416, 1419, 1420,
    1421, 1423, 1425, 1427, 1429, 1432, 1435, 1437, 1438, 1442, 1444, 1446,
    1449, 1450, 1454, 1456, 1457, 1459, 1462, 1463, 1464, 1466, 1469, 1471,
    1473, 1474, 1478, 1480, 1481, 1483, 1486, 1495, 1498, 1504, 1506, 1509,
    1512, 1515, 1519, 1524, 1526, 1527, 1529, 1531, 1532, 1535, 1537, 1540,
    1541, 1542, 1543, 1545, 1546, 1549, 1551, 1552, 1554, 1558, 1560, 1562,
    1564, 1565, 1567, 1570, 1572, 1575, 1578, 1580, 1581, 1583, 1586, 1587,
    1590, 1592, 1593, 1595, 1596, 1598, 1601, 1603, 1604, 1605, 1606, 1610,
    1612, 1614, 1615, 1617, 1618, 1621, 1625, 1627, 1629, 1630, 1634, 1639,
    1640, 1643, 1647, 1650, 1653, 1656, 1658, 1662, 1663, 1664, 1667, 1670,
    1671, 1674, 1677, 1679, 1680, 1683, 1686, 1687, 1689, 1693, 1695, 1698,
    1700, 1701, 1703, 1704, 1705, 1706, 1708, 1711, 1713, 1714, 1716, 1718,
    1720, 1722, 1724, 1727, 1731, 1733, 1734, 1737, 1738, 1742, 1743, 1744,
    1748, 1751, 1753, 1755, 1756, 1759, 1761, 1763, 1765, 1766, 1768, 1769,
    1772, 1776, 1779, 1784, 1786, 1790, 1793, 1794, 1795, 1797, 1798, 1803,
    1807, 1809, 1812, 1814, 1815, 1818, 1821, 1822, 1824, 1825, 1827, 1830,
    1832, 1833, 1836, 1839, 1840, 1841, 1845, 1848, 1850, 1851, 1854, 1855,
    1857, 1858, 1861, 1865, 1868, 1870, 1871, 1874, 1876, 1879, 1881, 1885,
    1888, 1889, 1892, 1894, 1897, 1900, 1901, 1903, 1904, 1906, 1907, 1910,
    1911, 1913, 1914, 1916, 1919, 1923, 1925, 1926, 1928, 1929, 1931, 1932,
    1934, 1936, 1939, 1941, 1942, 1945, 1951, 1952, 1955, 1961, 1962, 1963,
    1966, 1968, 1969, 1970, 1971, 1973, 1974, 1978, 1981, 1982, 1985, 1987,
    1988, 1991, 1994, 1997, 1998, 1999, 2002, 2003, 2007, 2009, 2010, 2012,
    2016, 2019, 2021, 2022, 2024, 2027, 2029, 2032, 2033, 2035, 2037, 2038,
    2040, 2041, 2043, 2044, 2046, 2048, 2052, 2056, 2057, 2059, 2062, 2064,
    2065, 2066, 2068, 2069, 2072, 2075, 2077, 2079, 2081, 2082, 2085, 2086,
    2089, 2091, 2092, 2095, 2097, 2099, 2100, 2102, 2104, 2106, 2107, 2108,
    2109, 2111, 2113, 2116, 2117, 2118, 2119, 2121, 2122, 2124, 2125, 2128,
    2130, 2132, 2134, 2137, 2140, 2143, 2146, 2150, 2153, 2155, 2158, 2159,
    2162, 2165, 2166, 2168, 2169, 2172, 2174, 2175, 2177, 2179, 2180, 2181,
    2182, 2184, 2185, 2187, 2190, 2192, 2194, 2195, 2197, 2198, 2201, 2202,
    2207, 2208, 2213, 2215, 2216, 2218, 2221, 2223, 2225, 2228, 2233, 2235,
    2236, 2239, 2242, 2244, 2246, 2249, 2251, 2252, 2255, 2257, 2258, 2260,
    2261, 2263, 2264, 2267, 2269, 2270, 2271, 2274, 2277, 2278, 2281, 2282,
    2285, 2289, 2291, 2293, 2294, 2295, 2296, 2298, 2300, 2301, 2303, 2305,
    2306, 2310, 2313, 2315, 2317, 2319, 2320, 2323, 2325, 2326, 2328, 2329,
    2331, 2332, 2333, 2334, 2335, 2338, 2340, 2341, 2343, 2344, 2347, 2349,
    2351, 2354, 2355, 2357, 2359, 2360, 2362, 2363, 2364, 2366, 2368, 2369,
    2371, 2374, 2375, 2378, 2381, 2383, 2387, 2390, 2392, 2394, 2397, 2399,
    2400, 2402, 2405, 2406, 2409, 2412, 2413, 2414, 2415, 2417, 2419, 2420,
    2423, 2425, 2427, 2428, 2429, 2431, 2433, 2434, 2436, 2437, 2439, 2442,
    2445, 2448, 2452, 2455, 2458, 2460, 2463, 2464, 2467, 2468, 2469, 2470,
    2473, 2476, 2477, 2480, 2481, 2484, 2487, 2489, 2490, 2491, 2492, 2495,
    2498, 2500, 2501, 2504, 2506, 2508, 2509, 2510, 2512, 2513, 2515, 2519,
    2522, 2523, 2526, 2528, 2531, 2532, 2535, 2538, 2544, 2546, 2548, 2551,
    2553, 2554, 2556, 2557, 2559, 2562, 2564, 2566, 2567, 2570, 2571, 2573,
    2574, 2577, 2578, 2581, 2583, 2586, 2587, 2589, 2593, 2597, 2600, 2602,
    2603, 2604, 2606, 2608, 2611, 2614, 2615, 2616, 2620, 2624, 2627, 2629,
    2630, 2634, 2636, 2637, 2639, 2642, 2645, 2648, 2651, 2652, 2655, 2657,
    2658, 2660, 2661, 2663, 2664, 2666, 2667, 2669, 2671, 2674, 2675, 2678,
    2680, 2681, 2682, 2684, 2685, 2689, 2693, 2695, 2696, 2698, 2700, 2701,
    2703, 2705, 2707, 2709, 2710, 2711, 2712, 2715, 2718, 2721, 2722, 2726,
    2729, 2732, 2736, 2739, 2741, 2742, 2745, 2746, 2748, 2749, 2754, 2755,
    2758, 2760, 2761, 2764, 2766, 2767, 2770, 2771, 2775, 2777, 2780, 2782,
    2784, 2785, 2787, 2789, 2790, 2793, 2796, 2798, 2800, 2805, 2807, 2808,
    2810, 2811, 2812, 2815, 2817, 2818
[1] 1, 3, 4, 7, 9, 12, 13, 16, 19, 21, 24, 26, 27, 29, 30, 32, 35, 38, 41, 42,
    44, 46, 47, 49, 50, 53, 54, 57, 58, 60, 63, 64, 66, 68, 69, 74, 75, 77,
    79, 85, 88, 89, 94, 97, 99, 103, 104, 106, 109, 110, 111, 112, 114, 117,
    122, 125, 128, 130, 133, 138, 141, 146, 147, 149, 150, 153, 155, 156, 160,
    164, 165, 172, 174, 180, 181, 184, 187, 191, 195, 196, 199, 202, 203, 205,
    208, 210, 211, 214, 215, 217, 218, 220, 223, 225, 226, 228, 229, 231, 232,
    235, 241, 242, 248, 253, 256, 257, 260, 262, 265, 266, 268, 271, 274, 276,
    277, 279, 281, 282, 285, 287, 289, 291, 294, 295, 296, 298, 299, 301, 303,
    304, 307, 311, 312, 320, 321, 323, 327, 328, 330, 332, 334, 337, 339, 342,
    343, 345, 347, 350, 351, 354, 355, 357, 358, 363, 366, 371, 372, 374, 378,
    381, 382, 384, 385, 387, 389, 390, 394, 401, 403, 409, 414, 416, 418, 420,
    421, 426, 430, 433, 435, 436, 440, 441, 447, 450, 451, 453, 454, 456, 457,
    461, 462, 464, 465, 467, 468, 471, 474, 476, 479, 481, 483, 487, 488, 491,
    495, 498, 504, 506, 509, 512, 518, 521, 524, 526, 529, 530, 533, 534, 537,
    538, 543, 545, 548, 549, 551, 554, 557, 558, 559, 562, 564, 566, 570, 573,
    576, 578, 580, 582, 583, 587, 589, 593, 596, 599, 601, 602, 605, 608, 611,
    614, 616, 618, 620, 621, 622, 625, 626, 628, 629, 631, 635, 637, 638, 640,
    642, 643, 645, 646, 648, 650, 653, 654, 656, 659, 662, 663, 665, 667, 669,
    670, 675, 678, 679, 684, 686, 688, 690, 693, 696, 699, 703, 704, 706, 708,
    710, 714, 715, 717, 720, 722, 724, 725, 728, 730, 731, 734, 735, 738, 741,
    744, 748, 749, 751, 754, 756, 759, 762, 765, 766, 769, 773, 776, 779, 780,
    783, 787, 789, 790, 791, 792, 794, 797, 800, 803, 806, 808, 812, 815, 818,
    821, 826, 829, 832, 835, 838, 840, 843, 844, 854, 855, 856, 858, 859, 861,
    864, 866, 868, 870, 872, 875, 878, 879, 881, 882, 884, 887, 890, 892, 896,
    900, 901, 903, 913, 916, 919, 922, 923, 926, 929, 932, 936, 938, 940, 941,
    943, 946, 947, 948, 952, 956, 957, 960, 962, 965, 967, 968, 969, 971, 974,
    979, 981, 985, 988, 991, 995, 996, 998, 1001, 1005, 1009, 1012, 1014,
    1016, 1017, 1020, 1026, 1028, 1031, 1032, 1034, 1037, 1038, 1041, 1045,
    1047, 1048, 1050, 1053, 1056, 1060, 1064, 1069, 1073, 1074, 1077, 1078,
    1081, 1082, 1084, 1087, 1091, 1092, 1098, 1100, 1103, 1106, 1107, 1109,
    1111, 1116, 1119, 1120, 1123, 1125, 1127, 1128, 1130, 1134, 1136, 1140,
    1141, 1144, 1146, 1147, 1149, 1151, 1152, 1154, 1156, 1159, 1162, 1165,
    1166, 1169, 1173, 1174, 1176, 1178, 1179, 1180, 1181, 1183, 1184, 1187,
    1190, 1192, 1193, 1195, 1197, 1200, 1203, 1204, 1207, 1208, 1210, 1213,
    1216, 1218, 1222, 1225, 1227, 1228, 1229, 1230, 1233, 1234, 1236, 1237,
    1240, 1241, 1243, 1247, 1249, 1252, 1253, 1256, 1257, 1260, 1262, 1263,
    1265, 1266, 1268, 1270, 1271, 1276, 1277, 1279, 1280, 1282, 1283, 1285,
    1288, 1291, 1292, 1294, 1295, 1297, 1300, 1301, 1306, 1308, 1310, 1311,
    1313, 1315, 1318, 1321, 1324, 1326, 1328, 1331, 1333, 1336, 1339, 1343,
    1348, 1349, 1351, 1355, 1356, 1358, 1360, 1362, 1363, 1364, 1365, 1367,
    1371, 1375, 1378, 1379, 1381, 1382, 1384, 1388, 1391, 1394, 1397, 1398,
    1401, 1404, 1406, 1410, 1414, 1418, 1422, 1424, 1426, 1428, 1430, 1431,
    1433, 1434, 1440, 1441, 1443, 1445, 1448, 1452, 1453, 1455, 1458, 1461,
    1465, 1467, 1468, 1470, 1472, 1476, 1477, 1479, 1482, 1484, 1485, 1487,
    1488, 1490, 1491, 1493, 1494, 1496, 1497, 1500, 1501, 1502, 1503, 1505,
    1508, 1511, 1514, 1517, 1518, 1520, 1521, 1523, 1528, 1530, 1534, 1536,
    1539, 1544, 1547, 1548, 1550, 1553, 1556, 1557, 1559, 1561, 1563, 1566,
    1568, 1569, 1571, 1574, 1576, 1577, 1579, 1582, 1585, 1588, 1589, 1591,
    1594, 1597, 1599, 1600, 1602, 1608, 1609, 1611, 1613, 1616, 1620, 1623,
    1624, 1626, 1632, 1633, 1635, 1636, 1638, 1641, 1642, 1645, 1646, 1648,
    1649, 1651, 1652, 1654, 1655, 1657, 1660, 1661, 1666, 1668, 1669, 1673,
    1675, 1676, 1678, 1682, 1685, 1688, 1691, 1692, 1694, 1696, 1697, 1702,
    1707, 1710, 1715, 1717, 1719, 1721, 1723, 1725, 1726, 1729, 1730, 1732,
    1736, 1740, 1741, 1746, 1747, 1750, 1752, 1754, 1758, 1760, 1762, 1764,
    1770, 1771, 1774, 1775, 1778, 1780, 1781, 1783, 1785, 1788, 1789, 1792,
    1796, 1799, 1800, 1801, 1802, 1805, 1806, 1808, 1810, 1811, 1813, 1816,
    1817, 1820, 1823, 1826, 1828, 1829, 1831, 1835, 1838, 1843, 1844, 1846,
    1847, 1849, 1853, 1856, 1860, 1863, 1864, 1867, 1869, 1872, 1873, 1875,
    1877, 1878, 1880, 1883, 1884, 1887, 1890, 1891, 1893, 1896, 1899, 1909,
    1912, 1915, 1917, 1918, 1921, 1922, 1924, 1927, 1933, 1935, 1937, 1938,
    1940, 1943, 1944, 1947, 1948, 1950, 1954, 1957, 1958, 1960, 1964, 1965,
    1967, 1972, 1976, 1977, 1980, 1983, 1984, 1986, 1990, 1993, 1996, 2001,
    2005, 2006, 2008, 2011, 2014, 2015, 2017, 2018, 2020, 2023, 2026, 2028,
    2031, 2034, 2036, 2039, 2042, 2045, 2047, 2050, 2051, 2053, 2054, 2055,
    2058, 2060, 2061, 2063, 2067, 2071, 2073, 2074, 2076, 2078, 2080, 2084,
    2088, 2090, 2093, 2094, 2096, 2098, 2101, 2103, 2105, 2110, 2112, 2115,
    2120, 2123, 2127, 2129, 2131, 2133, 2136, 2139, 2142, 2145, 2148, 2149,
    2152, 2154, 2157, 2160, 2161, 2164, 2167, 2171, 2176, 2178, 2183, 2186,
    2188, 2189, 2191, 2193, 2196, 2200, 2204, 2205, 2206, 2209, 2210, 2212,
    2217, 2219, 2220, 2222, 2224, 2226, 2227, 2229, 2230, 2231, 2232, 2234,
    2237, 2238, 2240, 2241, 2243, 2245, 2247, 2248, 2250, 2253, 2254, 2256,
    2259, 2262, 2266, 2268, 2272, 2273, 2276, 2280, 2283, 2284, 2287, 2288,
    2290, 2292, 2297, 2299, 2302, 2304, 2308, 2309, 2311, 2312, 2314, 2316,
    2318, 2322, 2324, 2327, 2330, 2336, 2337, 2339, 2346, 2348, 2350, 2353,
    2356, 2361, 2365, 2367, 2370, 2373, 2377, 2379, 2380, 2382, 2385, 2386,
    2388, 2389, 2391, 2393, 2396, 2398, 2401, 2404, 2408, 2411, 2416, 2418,
    2421, 2422, 2424, 2426, 2430, 2432, 2435, 2438, 2441, 2444, 2447, 2450,
    2451, 2454, 2456, 2457, 2459, 2462, 2466, 2472, 2475, 2479, 2483, 2485,
    2486, 2488, 2493, 2494, 2496, 2497, 2503, 2505, 2507, 2511, 2514, 2517,
    2518, 2521, 2524, 2525, 2527, 2530, 2534, 2537, 2540, 2541, 2542, 2543,
    2545, 2547, 2549, 2550, 2552, 2555, 2558, 2561, 2563, 2565, 2569, 2572,
    2576, 2579, 2580, 2582, 2585, 2588, 2591, 2592, 2595, 2596, 2598, 2599,
    2601, 2605, 2607, 2609, 2610, 2612, 2613, 2618, 2619, 2622, 2623, 2626,
    2632, 2633, 2635, 2638, 2641, 2643, 2644, 2646, 2647, 2650, 2654, 2656,
    2659, 2662, 2668, 2670, 2673, 2677, 2679, 2687, 2688, 2691, 2692, 2697,
    2699, 2702, 2704, 2706, 2708, 2713, 2714, 2716, 2717, 2720, 2724, 2725,
    2727, 2728, 2730, 2731, 2734, 2735, 2738, 2740, 2744, 2750, 2751, 2753,
    2757, 2759, 2763, 2765, 2769, 2772, 2773, 2774, 2776, 2778, 2779, 2781,
    2783, 2786, 2788, 2792, 2795, 2797, 2799, 2801, 2802, 2804, 2806, 2809,
    2813, 2814, 2816
[2] 0, 6, 15, 18, 52, 56, 73, 82, 93, 116, 127, 132, 140, 145, 152, 159, 163,
    167, 179, 183, 186, 190, 194, 198, 201, 213, 234, 238, 244, 247, 252, 255,
    259, 273, 278, 284, 306, 310, 316, 319, 322, 326, 336, 341, 353, 360, 365,
    368, 373, 386, 408, 423, 429, 443, 446, 470, 478, 486, 490, 497, 500, 503,
    508, 515, 528, 532, 536, 540, 547, 556, 561, 569, 592, 604, 627, 630, 634,
    652, 661, 674, 677, 683, 692, 695, 698, 702, 727, 733, 737, 740, 743, 747,
    758, 761, 764, 768, 772, 782, 786, 796, 802, 805, 814, 820, 828, 831, 837,
    846, 851, 874, 895, 899, 906, 909, 912, 921, 925, 931, 935, 945, 955, 959,
    973, 978, 984, 1004, 1008, 1011, 1019, 1023, 1036, 1040, 1044, 1055, 1059,
    1063, 1068, 1072, 1076, 1080, 1086, 1090, 1094, 1097, 1102, 1115, 1122,
    1133, 1139, 1143, 1158, 1168, 1172, 1186, 1206, 1215, 1221, 1224, 1232,
    1239, 1242, 1246, 1251, 1255, 1259, 1275, 1290, 1303, 1320, 1323, 1330,
    1338, 1342, 1347, 1354, 1374, 1377, 1387, 1393, 1400, 1409, 1413, 1417,
    1436, 1439, 1447, 1451, 1460, 1475, 1489, 1492, 1499, 1507, 1510, 1513,
    1516, 1522, 1525, 1533, 1538, 1555, 1573, 1584, 1607, 1619, 1622, 1628,
    1631, 1637, 1644, 1659, 1665, 1672, 1681, 1684, 1690, 1699, 1709, 1712,
    1728, 1735, 1739, 1745, 1749, 1757, 1767, 1773, 1777, 1782, 1787, 1791,
    1804, 1819, 1834, 1837, 1842, 1852, 1859, 1862, 1866, 1882, 1886, 1895,
    1898, 1902, 1905, 1908, 1920, 1930, 1946, 1949, 1953, 1956, 1959, 1975,
    1979, 1989, 1992, 1995, 2000, 2004, 2013, 2025, 2030, 2049, 2070, 2083,
    2087, 2114, 2126, 2135, 2138, 2141, 2144, 2147, 2151, 2156, 2163, 2170,
    2173, 2199, 2203, 2211, 2214, 2265, 2275, 2279, 2286, 2307, 2321, 2342,
    2345, 2352, 2358, 2372, 2376, 2384, 2395, 2403, 2407, 2410, 2440, 2443,
    2446, 2449, 2453, 2461, 2465, 2471, 2474, 2478, 2482, 2499, 2502, 2516,
    2520, 2529, 2533, 2536, 2539, 2560, 2568, 2575, 2584, 2590, 2594, 2617,
    2621, 2625, 2628, 2631, 2640, 2649, 2653, 2665, 2672, 2676, 2683, 2686,
    2690, 2694, 2719, 2723, 2733, 2737, 2743, 2747, 2752, 2756, 2762, 2768,
    2791, 2794, 2803

Reassigned labels

Runtime: 8.063836336135864

Performance split_log:

IM without threshold:
Map:
{"D_0": "D", "D_1": "D", "D_2": "D"}
token_fitness
{"perc_fit_traces": 100.0, "average_trace_fitness": 1.0, "log_fitness": 1.0, "percentage_of_fitting_traces": 100.0}
precision
0.6651824424081929
0.6629213483146068
generalization
0.8052922180482446

Adjusted Rand Index:
0.23635515757745248



Parameters of this run:

Window size: 5
Threshold for edges: 0.5
Split candidates: D
Max number of traces: 5000000
Method for distance calculation: Distance.SET_DISTANCE
Method for finding clusters: ClusteringMethod.COMMUNITY_DETECTION
Original log location: ./data/noImprInLoop_default_OD\feb17-0936\logs\H_1_LogD_Sequence_feb17-0936.xes.gz
Use frequency: True

Found communities: 

Clustering with 2819 elements and 3 clusters
[0] 2, 4, 5, 8, 10, 11, 14, 17, 20, 22, 23, 25, 28, 31, 32, 33, 34, 36, 37,
    39, 40, 42, 43, 45, 48, 51, 55, 59, 61, 62, 65, 66, 67, 70, 71, 72, 76,
    78, 80, 81, 83, 84, 86, 87, 90, 91, 92, 95, 96, 98, 99, 100, 101, 102,
    105, 107, 108, 113, 115, 118, 119, 120, 121, 123, 124, 126, 129, 131, 134,
    135, 136, 137, 139, 142, 143, 144, 148, 151, 154, 156, 157, 158, 161, 162,
    165, 166, 168, 169, 170, 171, 173, 175, 176, 177, 178, 182, 185, 187, 188,
    189, 192, 193, 197, 200, 203, 204, 206, 207, 209, 212, 215, 216, 219, 221,
    222, 223, 224, 227, 230, 233, 236, 237, 239, 240, 243, 245, 246, 249, 250,
    251, 254, 257, 258, 261, 263, 264, 266, 267, 269, 270, 272, 275, 280, 282,
    283, 286, 288, 290, 292, 293, 295, 297, 299, 300, 302, 304, 305, 308, 309,
    313, 314, 315, 317, 318, 324, 325, 328, 329, 331, 333, 335, 338, 340, 344,
    346, 348, 349, 352, 356, 359, 361, 362, 364, 367, 369, 370, 375, 376, 377,
    379, 380, 383, 388, 391, 392, 393, 395, 396, 397, 398, 399, 400, 402, 404,
    405, 406, 407, 409, 410, 411, 412, 413, 415, 417, 419, 422, 424, 425, 427,
    428, 431, 432, 434, 437, 438, 439, 442, 444, 445, 448, 449, 452, 454, 455,
    458, 459, 460, 463, 465, 466, 469, 472, 473, 475, 477, 480, 482, 484, 485,
    488, 489, 492, 493, 494, 496, 499, 501, 502, 505, 507, 510, 511, 512, 513,
    514, 516, 517, 519, 520, 522, 523, 525, 527, 531, 535, 539, 541, 542, 544,
    546, 550, 552, 553, 555, 560, 563, 565, 567, 568, 571, 572, 574, 575, 577,
    579, 581, 584, 585, 586, 588, 590, 591, 594, 595, 597, 598, 600, 603, 606,
    607, 609, 610, 612, 613, 615, 617, 619, 621, 623, 624, 626, 632, 633, 636,
    639, 641, 644, 647, 649, 651, 654, 655, 657, 658, 660, 664, 665, 666, 668,
    671, 672, 673, 676, 680, 681, 682, 685, 687, 689, 691, 694, 697, 700, 701,
    704, 705, 707, 709, 711, 712, 713, 716, 718, 719, 721, 723, 726, 729, 732,
    736, 739, 742, 745, 746, 750, 752, 753, 755, 757, 760, 763, 767, 770, 771,
    774, 775, 777, 778, 781, 784, 785, 788, 792, 793, 795, 798, 799, 800, 801,
    804, 807, 809, 810, 811, 813, 815, 816, 817, 819, 822, 823, 824, 825, 827,
    830, 833, 834, 836, 839, 840, 841, 842, 845, 847, 848, 849, 850, 852, 853,
    857, 860, 862, 863, 865, 867, 869, 871, 872, 873, 876, 877, 880, 883, 885,
    886, 888, 889, 891, 893, 894, 897, 898, 902, 904, 905, 907, 908, 910, 911,
    914, 915, 917, 918, 920, 924, 927, 928, 930, 933, 934, 937, 939, 941, 942,
    944, 949, 950, 951, 953, 954, 958, 961, 963, 964, 966, 968, 970, 972, 975,
    976, 977, 980, 982, 983, 986, 987, 989, 990, 992, 993, 994, 997, 999,
    1000, 1002, 1003, 1006, 1007, 1010, 1013, 1015, 1018, 1021, 1022, 1024,
    1025, 1027, 1029, 1030, 1033, 1035, 1039, 1041, 1042, 1043, 1046, 1049,
    1051, 1052, 1054, 1057, 1058, 1061, 1062, 1065, 1066, 1067, 1070, 1071,
    1074, 1075, 1079, 1083, 1085, 1088, 1089, 1092, 1093, 1095, 1096, 1099,
    1101, 1104, 1105, 1108, 1110, 1112, 1113, 1114, 1117, 1118, 1120, 1121,
    1124, 1126, 1129, 1131, 1132, 1135, 1137, 1138, 1142, 1144, 1145, 1148,
    1150, 1153, 1155, 1157, 1160, 1161, 1163, 1164, 1167, 1170, 1171, 1175,
    1177, 1182, 1184, 1185, 1188, 1189, 1191, 1194, 1196, 1198, 1199, 1201,
    1202, 1205, 1209, 1211, 1212, 1214, 1217, 1219, 1220, 1223, 1226, 1231,
    1235, 1238, 1244, 1245, 1248, 1250, 1253, 1254, 1258, 1261, 1264, 1267,
    1269, 1272, 1273, 1274, 1278, 1281, 1284, 1286, 1287, 1289, 1293, 1295,
    1296, 1298, 1299, 1302, 1304, 1305, 1307, 1309, 1312, 1314, 1316, 1317,
    1319, 1321, 1322, 1325, 1327, 1329, 1332, 1334, 1335, 1337, 1340, 1341,
    1344, 1345, 1346, 1350, 1352, 1353, 1357, 1359, 1361, 1363, 1366, 1368,
    1369, 1370, 1372, 1373, 1375, 1376, 1380, 1383, 1385, 1386, 1389, 1390,
    1392, 1395, 1396, 1399, 1402, 1403, 1405, 1407, 1408, 1411, 1412, 1415,
    1416, 1419, 1420, 1421, 1423, 1425, 1427, 1429, 1432, 1434, 1435, 1437,
    1438, 1442, 1444, 1446, 1449, 1450, 1454, 1456, 1457, 1459, 1462, 1463,
    1464, 1466, 1469, 1471, 1473, 1474, 1478, 1480, 1481, 1483, 1486, 1488,
    1495, 1498, 1503, 1504, 1506, 1509, 1512, 1515, 1519, 1521, 1524, 1526,
    1527, 1529, 1531, 1532, 1535, 1537, 1540, 1541, 1542, 1543, 1545, 1546,
    1549, 1551, 1552, 1553, 1554, 1557, 1558, 1560, 1562, 1564, 1565, 1567,
    1570, 1572, 1575, 1578, 1580, 1581, 1583, 1586, 1587, 1589, 1590, 1592,
    1593, 1595, 1596, 1598, 1601, 1603, 1604, 1605, 1606, 1610, 1612, 1614,
    1615, 1617, 1618, 1621, 1625, 1627, 1629, 1630, 1634, 1636, 1639, 1640,
    1643, 1647, 1650, 1653, 1656, 1658, 1662, 1663, 1664, 1667, 1670, 1671,
    1674, 1677, 1679, 1680, 1683, 1686, 1687, 1689, 1693, 1695, 1698, 1700,
    1701, 1703, 1704, 1705, 1706, 1708, 1711, 1713, 1714, 1716, 1718, 1720,
    1722, 1724, 1727, 1731, 1733, 1734, 1737, 1738, 1741, 1742, 1743, 1744,
    1747, 1748, 1751, 1753, 1755, 1756, 1759, 1761, 1763, 1765, 1766, 1768,
    1769, 1772, 1776, 1779, 1784, 1786, 1790, 1793, 1794, 1795, 1797, 1798,
    1803, 1806, 1807, 1808, 1809, 1812, 1814, 1815, 1818, 1821, 1822, 1824,
    1825, 1827, 1830, 1832, 1833, 1836, 1839, 1840, 1841, 1845, 1847, 1848,
    1850, 1851, 1854, 1855, 1857, 1858, 1861, 1865, 1868, 1870, 1871, 1874,
    1876, 1879, 1881, 1885, 1888, 1889, 1892, 1894, 1897, 1900, 1901, 1903,
    1904, 1906, 1907, 1910, 1911, 1913, 1914, 1915, 1916, 1919, 1923, 1925,
    1926, 1928, 1929, 1931, 1932, 1933, 1934, 1936, 1939, 1941, 1942, 1945,
    1951, 1952, 1955, 1961, 1962, 1963, 1966, 1968, 1969, 1970, 1971, 1973,
    1974, 1978, 1981, 1982, 1985, 1987, 1988, 1991, 1994, 1997, 1998, 1999,
    2002, 2003, 2007, 2009, 2010, 2012, 2016, 2019, 2021, 2022, 2024, 2027,
    2029, 2032, 2033, 2035, 2037, 2038, 2040, 2041, 2043, 2044, 2046, 2048,
    2052, 2056, 2057, 2059, 2062, 2063, 2064, 2065, 2066, 2068, 2069, 2072,
    2075, 2077, 2079, 2081, 2082, 2085, 2086, 2089, 2091, 2092, 2094, 2095,
    2097, 2099, 2100, 2102, 2104, 2106, 2107, 2108, 2109, 2110, 2111, 2112,
    2113, 2116, 2117, 2118, 2119, 2121, 2122, 2124, 2125, 2128, 2130, 2132,
    2133, 2134, 2137, 2140, 2143, 2146, 2150, 2153, 2155, 2158, 2159, 2162,
    2165, 2166, 2168, 2169, 2172, 2174, 2175, 2177, 2179, 2180, 2181, 2182,
    2184, 2185, 2187, 2190, 2192, 2194, 2195, 2197, 2198, 2201, 2202, 2207,
    2208, 2210, 2213, 2215, 2216, 2218, 2221, 2223, 2225, 2228, 2230, 2233,
    2235, 2236, 2238, 2239, 2242, 2244, 2245, 2246, 2249, 2251, 2252, 2254,
    2255, 2256, 2257, 2258, 2260, 2261, 2263, 2264, 2266, 2267, 2269, 2270,
    2271, 2274, 2277, 2278, 2281, 2282, 2285, 2289, 2291, 2293, 2294, 2295,
    2296, 2298, 2300, 2301, 2303, 2305, 2306, 2310, 2313, 2315, 2317, 2319,
    2320, 2323, 2325, 2326, 2328, 2329, 2331, 2332, 2333, 2334, 2335, 2338,
    2340, 2341, 2343, 2344, 2347, 2349, 2351, 2354, 2355, 2357, 2359, 2360,
    2362, 2363, 2364, 2366, 2368, 2369, 2371, 2374, 2375, 2378, 2380, 2381,
    2383, 2387, 2389, 2390, 2391, 2392, 2393, 2394, 2397, 2399, 2400, 2402,
    2405, 2406, 2409, 2412, 2413, 2414, 2415, 2417, 2419, 2420, 2423, 2424,
    2425, 2427, 2428, 2429, 2431, 2433, 2434, 2436, 2437, 2439, 2442, 2445,
    2448, 2452, 2455, 2458, 2460, 2463, 2464, 2467, 2468, 2469, 2470, 2473,
    2476, 2477, 2480, 2481, 2484, 2487, 2489, 2490, 2491, 2492, 2495, 2498,
    2500, 2501, 2504, 2506, 2508, 2509, 2510, 2512, 2513, 2515, 2519, 2522,
    2523, 2526, 2528, 2531, 2532, 2535, 2538, 2541, 2544, 2546, 2548, 2551,
    2553, 2554, 2556, 2557, 2559, 2562, 2563, 2564, 2566, 2567, 2570, 2571,
    2573, 2574, 2577, 2578, 2581, 2583, 2586, 2587, 2589, 2593, 2596, 2597,
    2600, 2601, 2602, 2603, 2604, 2606, 2608, 2611, 2614, 2615, 2616, 2620,
    2624, 2627, 2629, 2630, 2634, 2636, 2637, 2638, 2639, 2641, 2642, 2645,
    2648, 2651, 2652, 2655, 2657, 2658, 2660, 2661, 2663, 2664, 2666, 2667,
    2669, 2671, 2674, 2675, 2678, 2680, 2681, 2682, 2684, 2685, 2689, 2692,
    2693, 2695, 2696, 2697, 2698, 2700, 2701, 2703, 2704, 2705, 2707, 2709,
    2710, 2711, 2712, 2715, 2718, 2721, 2722, 2725, 2726, 2729, 2731, 2732,
    2736, 2739, 2741, 2742, 2745, 2746, 2748, 2749, 2754, 2755, 2758, 2760,
    2761, 2764, 2766, 2767, 2770, 2771, 2775, 2777, 2780, 2781, 2782, 2784,
    2785, 2787, 2789, 2790, 2792, 2793, 2796, 2798, 2800, 2805, 2807, 2808,
    2810, 2811, 2812, 2815, 2817, 2818
[1] 1, 3, 7, 9, 12, 13, 16, 19, 21, 24, 26, 27, 29, 30, 35, 38, 41, 44, 46,
    47, 49, 50, 53, 54, 57, 58, 60, 63, 64, 68, 69, 74, 75, 77, 79, 85, 88,
    89, 94, 97, 103, 104, 106, 109, 110, 111, 112, 114, 117, 122, 125, 128,
    130, 133, 138, 141, 146, 147, 149, 150, 153, 155, 160, 164, 172, 174, 180,
    181, 184, 191, 195, 196, 199, 202, 205, 208, 210, 211, 214, 217, 218, 220,
    225, 226, 228, 229, 231, 232, 235, 241, 242, 248, 253, 256, 260, 262, 265,
    268, 271, 274, 276, 277, 279, 281, 285, 287, 289, 291, 294, 296, 298, 301,
    303, 307, 311, 312, 320, 321, 323, 327, 330, 332, 334, 337, 339, 342, 343,
    345, 347, 350, 351, 354, 355, 357, 358, 363, 366, 371, 372, 374, 378, 381,
    382, 384, 385, 387, 389, 390, 394, 401, 403, 414, 416, 418, 420, 421, 426,
    430, 433, 435, 436, 440, 441, 447, 450, 451, 453, 456, 457, 461, 462, 464,
    467, 468, 471, 474, 476, 479, 481, 483, 487, 491, 495, 498, 504, 506, 509,
    518, 521, 524, 526, 529, 530, 533, 534, 537, 538, 543, 545, 548, 549, 551,
    554, 557, 558, 559, 562, 564, 566, 570, 573, 576, 578, 580, 582, 583, 587,
    589, 593, 596, 599, 601, 602, 605, 608, 611, 614, 616, 618, 620, 622, 625,
    628, 629, 631, 635, 637, 638, 640, 642, 643, 645, 646, 648, 650, 653, 656,
    659, 662, 663, 667, 669, 670, 675, 678, 679, 684, 686, 688, 690, 693, 696,
    699, 703, 706, 708, 710, 714, 715, 717, 720, 722, 724, 725, 728, 730, 731,
    734, 735, 738, 741, 744, 748, 749, 751, 754, 756, 759, 762, 765, 766, 769,
    773, 776, 779, 780, 783, 787, 789, 790, 791, 794, 797, 803, 806, 808, 812,
    818, 821, 826, 829, 832, 835, 838, 843, 844, 854, 855, 856, 858, 859, 861,
    864, 866, 868, 870, 875, 878, 879, 881, 882, 884, 887, 890, 892, 896, 900,
    901, 903, 913, 916, 919, 922, 923, 926, 929, 932, 936, 938, 940, 943, 946,
    947, 948, 952, 956, 957, 960, 962, 965, 967, 969, 971, 974, 979, 981, 985,
    988, 991, 995, 996, 998, 1001, 1005, 1009, 1012, 1014, 1016, 1017, 1020,
    1026, 1028, 1031, 1032, 1034, 1037, 1038, 1045, 1047, 1048, 1050, 1053,
    1056, 1060, 1064, 1069, 1073, 1077, 1078, 1081, 1082, 1084, 1087, 1091,
    1098, 1100, 1103, 1106, 1107, 1109, 1111, 1116, 1119, 1123, 1125, 1127,
    1128, 1130, 1134, 1136, 1140, 1141, 1146, 1147, 1149, 1151, 1152, 1154,
    1156, 1159, 1162, 1165, 1166, 1169, 1173, 1174, 1176, 1178, 1179, 1180,
    1181, 1183, 1187, 1190, 1192, 1193, 1195, 1197, 1200, 1203, 1204, 1207,
    1208, 1210, 1213, 1216, 1218, 1222, 1225, 1227, 1228, 1229, 1230, 1233,
    1234, 1236, 1237, 1240, 1241, 1243, 1247, 1249, 1252, 1256, 1257, 1260,
    1262, 1263, 1265, 1266, 1268, 1270, 1271, 1276, 1277, 1279, 1280, 1282,
    1283, 1285, 1288, 1291, 1292, 1294, 1297, 1300, 1301, 1306, 1308, 1310,
    1311, 1313, 1315, 1318, 1324, 1326, 1328, 1331, 1333, 1336, 1339, 1343,
    1348, 1349, 1351, 1355, 1356, 1358, 1360, 1362, 1364, 1365, 1367, 1371,
    1378, 1379, 1381, 1382, 1384, 1388, 1391, 1394, 1397, 1398, 1401, 1404,
    1406, 1410, 1414, 1418, 1422, 1424, 1426, 1428, 1430, 1431, 1433, 1440,
    1441, 1443, 1445, 1448, 1452, 1453, 1455, 1458, 1461, 1465, 1467, 1468,
    1470, 1472, 1476, 1477, 1479, 1482, 1484, 1485, 1487, 1490, 1491, 1493,
    1494, 1496, 1497, 1500, 1501, 1502, 1505, 1508, 1511, 1514, 1517, 1518,
    1520, 1523, 1528, 1530, 1534, 1536, 1539, 1544, 1547, 1548, 1550, 1556,
    1559, 1561, 1563, 1566, 1568, 1569, 1571, 1574, 1576, 1577, 1579, 1582,
    1585, 1588, 1591, 1594, 1597, 1599, 1600, 1602, 1608, 1609, 1611, 1613,
    1616, 1620, 1623, 1624, 1626, 1632, 1633, 1635, 1638, 1641, 1642, 1645,
    1646, 1648, 1649, 1651, 1652, 1654, 1655, 1657, 1660, 1661, 1666, 1668,
    1669, 1673, 1675, 1676, 1678, 1682, 1685, 1688, 1691, 1692, 1694, 1696,
    1697, 1702, 1707, 1710, 1715, 1717, 1719, 1721, 1723, 1725, 1726, 1729,
    1730, 1732, 1736, 1740, 1746, 1750, 1752, 1754, 1758, 1760, 1762, 1764,
    1770, 1771, 1774, 1775, 1778, 1780, 1781, 1783, 1785, 1788, 1789, 1792,
    1796, 1799, 1800, 1801, 1802, 1805, 1810, 1811, 1813, 1816, 1817, 1820,
    1823, 1826, 1828, 1829, 1831, 1835, 1838, 1843, 1844, 1846, 1849, 1853,
    1856, 1860, 1863, 1864, 1867, 1869, 1872, 1873, 1875, 1877, 1878, 1880,
    1883, 1884, 1887, 1890, 1891, 1893, 1896, 1899, 1909, 1912, 1917, 1918,
    1921, 1922, 1924, 1927, 1935, 1937, 1938, 1940, 1943, 1944, 1947, 1948,
    1950, 1954, 1957, 1958, 1960, 1964, 1965, 1967, 1972, 1976, 1977, 1980,
    1983, 1984, 1986, 1990, 1993, 1996, 2001, 2005, 2006, 2008, 2011, 2014,
    2015, 2017, 2018, 2020, 2023, 2026, 2028, 2031, 2034, 2036, 2039, 2042,
    2045, 2047, 2050, 2051, 2053, 2054, 2055, 2058, 2060, 2061, 2067, 2071,
    2073, 2074, 2076, 2078, 2080, 2084, 2088, 2090, 2093, 2096, 2098, 2101,
    2103, 2105, 2115, 2120, 2123, 2127, 2129, 2131, 2136, 2139, 2142, 2145,
    2148, 2149, 2152, 2154, 2157, 2160, 2161, 2164, 2167, 2171, 2176, 2178,
    2183, 2186, 2188, 2189, 2191, 2193, 2196, 2200, 2204, 2205, 2206, 2209,
    2212, 2217, 2219, 2220, 2222, 2224, 2226, 2227, 2229, 2231, 2232, 2234,
    2237, 2240, 2241, 2243, 2247, 2248, 2250, 2253, 2259, 2262, 2268, 2272,
    2273, 2276, 2280, 2283, 2284, 2287, 2288, 2290, 2292, 2297, 2299, 2302,
    2304, 2308, 2309, 2311, 2312, 2314, 2316, 2318, 2322, 2324, 2327, 2330,
    2336, 2337, 2339, 2346, 2348, 2350, 2353, 2356, 2361, 2365, 2367, 2370,
    2373, 2377, 2379, 2382, 2385, 2386, 2388, 2396, 2398, 2401, 2404, 2408,
    2411, 2416, 2418, 2421, 2422, 2426, 2430, 2432, 2435, 2438, 2441, 2444,
    2447, 2450, 2451, 2454, 2456, 2457, 2459, 2462, 2466, 2472, 2475, 2479,
    2483, 2485, 2486, 2488, 2493, 2494, 2496, 2497, 2503, 2505, 2507, 2511,
    2514, 2517, 2518, 2521, 2524, 2525, 2527, 2530, 2534, 2537, 2540, 2542,
    2543, 2545, 2547, 2549, 2550, 2552, 2555, 2558, 2561, 2565, 2569, 2572,
    2576, 2579, 2580, 2582, 2585, 2588, 2591, 2592, 2595, 2598, 2599, 2605,
    2607, 2609, 2610, 2612, 2613, 2618, 2619, 2622, 2623, 2626, 2632, 2633,
    2635, 2643, 2644, 2646, 2647, 2650, 2654, 2656, 2659, 2662, 2668, 2670,
    2673, 2677, 2679, 2687, 2688, 2691, 2699, 2702, 2706, 2708, 2713, 2714,
    2716, 2717, 2720, 2724, 2727, 2728, 2730, 2734, 2735, 2738, 2740, 2744,
    2750, 2751, 2753, 2757, 2759, 2763, 2765, 2769, 2772, 2773, 2774, 2776,
    2778, 2779, 2783, 2786, 2788, 2795, 2797, 2799, 2801, 2802, 2804, 2806,
    2809, 2813, 2814, 2816
[2] 0, 6, 15, 18, 52, 56, 73, 82, 93, 116, 127, 132, 140, 145, 152, 159, 163,
    167, 179, 183, 186, 190, 194, 198, 201, 213, 234, 238, 244, 247, 252, 255,
    259, 273, 278, 284, 306, 310, 316, 319, 322, 326, 336, 341, 353, 360, 365,
    368, 373, 386, 408, 423, 429, 443, 446, 470, 478, 486, 490, 497, 500, 503,
    508, 515, 528, 532, 536, 540, 547, 556, 561, 569, 592, 604, 627, 630, 634,
    652, 661, 674, 677, 683, 692, 695, 698, 702, 727, 733, 737, 740, 743, 747,
    758, 761, 764, 768, 772, 782, 786, 796, 802, 805, 814, 820, 828, 831, 837,
    846, 851, 874, 895, 899, 906, 909, 912, 921, 925, 931, 935, 945, 955, 959,
    973, 978, 984, 1004, 1008, 1011, 1019, 1023, 1036, 1040, 1044, 1055, 1059,
    1063, 1068, 1072, 1076, 1080, 1086, 1090, 1094, 1097, 1102, 1115, 1122,
    1133, 1139, 1143, 1158, 1168, 1172, 1186, 1206, 1215, 1221, 1224, 1232,
    1239, 1242, 1246, 1251, 1255, 1259, 1275, 1290, 1303, 1320, 1323, 1330,
    1338, 1342, 1347, 1354, 1374, 1377, 1387, 1393, 1400, 1409, 1413, 1417,
    1436, 1439, 1447, 1451, 1460, 1475, 1489, 1492, 1499, 1507, 1510, 1513,
    1516, 1522, 1525, 1533, 1538, 1555, 1573, 1584, 1607, 1619, 1622, 1628,
    1631, 1637, 1644, 1659, 1665, 1672, 1681, 1684, 1690, 1699, 1709, 1712,
    1728, 1735, 1739, 1745, 1749, 1757, 1767, 1773, 1777, 1782, 1787, 1791,
    1804, 1819, 1834, 1837, 1842, 1852, 1859, 1862, 1866, 1882, 1886, 1895,
    1898, 1902, 1905, 1908, 1920, 1930, 1946, 1949, 1953, 1956, 1959, 1975,
    1979, 1989, 1992, 1995, 2000, 2004, 2013, 2025, 2030, 2049, 2070, 2083,
    2087, 2114, 2126, 2135, 2138, 2141, 2144, 2147, 2151, 2156, 2163, 2170,
    2173, 2199, 2203, 2211, 2214, 2265, 2275, 2279, 2286, 2307, 2321, 2342,
    2345, 2352, 2358, 2372, 2376, 2384, 2395, 2403, 2407, 2410, 2440, 2443,
    2446, 2449, 2453, 2461, 2465, 2471, 2474, 2478, 2482, 2499, 2502, 2516,
    2520, 2529, 2533, 2536, 2539, 2560, 2568, 2575, 2584, 2590, 2594, 2617,
    2621, 2625, 2628, 2631, 2640, 2649, 2653, 2665, 2672, 2676, 2683, 2686,
    2690, 2694, 2719, 2723, 2733, 2737, 2743, 2747, 2752, 2756, 2762, 2768,
    2791, 2794, 2803

Reassigned labels

Runtime: 7.914644002914429

Performance split_log:

IM without threshold:
Map:
{"D_0": "D", "D_1": "D", "D_2": "D"}
token_fitness
{"perc_fit_traces": 0.0, "average_trace_fitness": 0.9019469705431721, "log_fitness": 0.9020803020173818, "percentage_of_fitting_traces": 0.0}
precision
0.7508029416178899
0.6629213483146068
generalization
0.7121229701319021

Adjusted Rand Index:
0.24357465084076826



Parameters of this run:

Window size: 5
Threshold for edges: 0.75
Split candidates: D
Max number of traces: 5000000
Method for distance calculation: Distance.SET_DISTANCE
Method for finding clusters: ClusteringMethod.COMMUNITY_DETECTION
Original log location: ./data/noImprInLoop_default_OD\feb17-0936\logs\H_1_LogD_Sequence_feb17-0936.xes.gz
Use frequency: True

Found communities: 

Clustering with 2819 elements and 5 clusters
[0] 1, 3, 4, 7, 19, 20, 21, 24, 27, 30, 32, 35, 42, 44, 54, 57, 58, 60, 63,
    64, 68, 69, 71, 77, 79, 85, 88, 89, 99, 103, 104, 106, 107, 109, 110, 111,
    112, 114, 122, 125, 133, 138, 141, 147, 155, 156, 160, 164, 165, 172, 174,
    180, 181, 184, 187, 195, 196, 199, 203, 205, 211, 215, 217, 218, 220, 223,
    225, 226, 228, 229, 231, 232, 241, 242, 248, 253, 266, 268, 269, 271, 276,
    277, 282, 285, 287, 294, 295, 296, 299, 304, 307, 312, 317, 320, 321, 323,
    324, 327, 328, 334, 337, 339, 343, 355, 358, 366, 371, 372, 384, 385, 389,
    390, 392, 394, 395, 409, 418, 421, 427, 436, 438, 447, 448, 450, 451, 454,
    464, 465, 467, 468, 474, 479, 488, 512, 524, 526, 529, 530, 533, 534, 538,
    543, 545, 557, 558, 564, 565, 570, 573, 574, 576, 589, 593, 596, 597, 599,
    601, 602, 611, 614, 618, 620, 621, 625, 626, 629, 637, 638, 642, 643, 646,
    650, 653, 654, 659, 663, 665, 667, 672, 675, 678, 679, 684, 686, 688, 689,
    690, 693, 706, 711, 712, 714, 715, 722, 754, 756, 759, 765, 766, 770, 773,
    776, 777, 780, 783, 787, 790, 791, 792, 800, 803, 806, 808, 815, 818, 821,
    832, 835, 840, 849, 852, 854, 855, 858, 859, 868, 870, 872, 875, 878, 879,
    881, 882, 887, 892, 896, 901, 913, 916, 919, 926, 932, 933, 936, 938, 941,
    943, 946, 947, 949, 956, 957, 960, 966, 968, 974, 979, 985, 986, 988, 989,
    1012, 1014, 1020, 1026, 1028, 1032, 1041, 1045, 1047, 1048, 1050, 1051,
    1056, 1064, 1073, 1074, 1077, 1078, 1081, 1082, 1084, 1087, 1091, 1092,
    1106, 1107, 1116, 1119, 1120, 1123, 1125, 1128, 1130, 1134, 1135, 1140,
    1141, 1144, 1149, 1154, 1155, 1162, 1166, 1169, 1173, 1174, 1178, 1179,
    1184, 1190, 1193, 1198, 1200, 1210, 1213, 1218, 1222, 1225, 1227, 1228,
    1234, 1236, 1237, 1240, 1241, 1247, 1249, 1252, 1253, 1256, 1257, 1260,
    1263, 1265, 1266, 1279, 1280, 1285, 1294, 1295, 1297, 1298, 1300, 1301,
    1306, 1308, 1311, 1313, 1315, 1316, 1318, 1321, 1324, 1326, 1328, 1331,
    1333, 1345, 1348, 1349, 1352, 1356, 1362, 1363, 1364, 1365, 1371, 1375,
    1378, 1379, 1388, 1397, 1398, 1401, 1404, 1411, 1414, 1418, 1422, 1424,
    1428, 1431, 1433, 1434, 1444, 1445, 1452, 1453, 1455, 1456, 1461, 1463,
    1465, 1468, 1470, 1477, 1479, 1480, 1482, 1484, 1485, 1487, 1488, 1490,
    1491, 1494, 1496, 1497, 1500, 1501, 1502, 1503, 1505, 1511, 1512, 1517,
    1518, 1520, 1521, 1523, 1528, 1529, 1530, 1534, 1544, 1547, 1548, 1550,
    1553, 1557, 1560, 1566, 1574, 1576, 1577, 1579, 1582, 1586, 1588, 1589,
    1591, 1594, 1597, 1598, 1602, 1608, 1609, 1611, 1613, 1614, 1624, 1635,
    1636, 1639, 1645, 1646, 1648, 1649, 1655, 1661, 1666, 1668, 1669, 1676,
    1678, 1679, 1682, 1688, 1689, 1700, 1721, 1723, 1729, 1730, 1732, 1736,
    1740, 1741, 1747, 1750, 1752, 1755, 1760, 1770, 1771, 1778, 1779, 1780,
    1781, 1785, 1789, 1800, 1806, 1808, 1813, 1817, 1820, 1826, 1828, 1829,
    1838, 1847, 1853, 1856, 1863, 1864, 1867, 1869, 1873, 1877, 1878, 1880,
    1887, 1888, 1893, 1896, 1900, 1910, 1913, 1915, 1918, 1925, 1928, 1933,
    1938, 1943, 1944, 1947, 1948, 1957, 1958, 1976, 1977, 1980, 1983, 1984,
    1986, 1987, 1991, 1993, 2001, 2006, 2008, 2014, 2015, 2020, 2023, 2026,
    2028, 2036, 2037, 2039, 2045, 2047, 2050, 2051, 2054, 2058, 2063, 2067,
    2068, 2074, 2076, 2078, 2080, 2084, 2088, 2090, 2094, 2096, 2097, 2098,
    2099, 2101, 2102, 2103, 2110, 2112, 2115, 2120, 2123, 2129, 2131, 2133,
    2136, 2137, 2139, 2145, 2149, 2152, 2157, 2158, 2160, 2161, 2168, 2171,
    2176, 2177, 2183, 2184, 2186, 2196, 2200, 2204, 2205, 2206, 2207, 2209,
    2210, 2220, 2222, 2227, 2229, 2230, 2231, 2232, 2237, 2238, 2240, 2241,
    2245, 2250, 2254, 2256, 2259, 2260, 2262, 2266, 2276, 2280, 2281, 2290,
    2299, 2302, 2304, 2305, 2309, 2322, 2336, 2337, 2339, 2348, 2350, 2361,
    2368, 2374, 2377, 2378, 2379, 2380, 2385, 2386, 2388, 2389, 2391, 2393,
    2401, 2402, 2404, 2408, 2416, 2418, 2424, 2426, 2428, 2435, 2442, 2457,
    2466, 2469, 2472, 2475, 2484, 2485, 2486, 2488, 2493, 2494, 2497, 2504,
    2507, 2512, 2518, 2521, 2534, 2540, 2541, 2542, 2543, 2545, 2547, 2550,
    2552, 2558, 2559, 2561, 2563, 2572, 2585, 2591, 2592, 2595, 2596, 2605,
    2609, 2610, 2612, 2613, 2622, 2623, 2632, 2633, 2635, 2638, 2641, 2646,
    2647, 2650, 2651, 2654, 2656, 2662, 2668, 2670, 2677, 2691, 2692, 2697,
    2699, 2708, 2724, 2725, 2728, 2730, 2731, 2735, 2740, 2745, 2751, 2754,
    2763, 2765, 2773, 2774, 2776, 2781, 2786, 2787, 2792, 2795, 2797, 2801,
    2802, 2804, 2816
[1] 5, 8, 10, 11, 14, 17, 22, 23, 25, 28, 31, 36, 37, 39, 40, 43, 45, 51, 55,
    61, 62, 70, 76, 78, 80, 81, 83, 84, 86, 87, 90, 91, 92, 95, 96, 101, 102,
    105, 113, 118, 119, 123, 124, 126, 131, 134, 135, 136, 137, 142, 143, 144,
    148, 151, 154, 161, 162, 166, 168, 169, 170, 171, 175, 176, 177, 178, 182,
    192, 193, 197, 200, 204, 206, 207, 212, 221, 222, 233, 236, 237, 243, 249,
    250, 251, 261, 263, 264, 272, 275, 283, 286, 292, 293, 300, 313, 314, 315,
    329, 333, 335, 338, 344, 348, 349, 359, 361, 362, 379, 380, 383, 388, 391,
    397, 398, 399, 400, 402, 406, 407, 412, 413, 415, 417, 422, 431, 432, 437,
    442, 455, 466, 469, 472, 473, 477, 492, 493, 494, 496, 499, 507, 510, 511,
    516, 517, 519, 520, 527, 535, 541, 542, 544, 546, 552, 553, 555, 567, 568,
    577, 579, 581, 585, 586, 588, 590, 591, 594, 595, 600, 603, 606, 607, 617,
    639, 644, 647, 651, 655, 657, 658, 664, 666, 668, 671, 681, 682, 687, 691,
    694, 697, 716, 721, 723, 726, 729, 739, 742, 750, 757, 760, 781, 784, 785,
    793, 798, 799, 801, 804, 807, 830, 833, 834, 839, 845, 847, 848, 865, 867,
    869, 871, 876, 877, 880, 883, 885, 886, 888, 889, 891, 897, 898, 902, 904,
    905, 907, 908, 910, 911, 914, 915, 917, 918, 920, 924, 937, 942, 950, 951,
    953, 954, 961, 972, 976, 977, 980, 992, 997, 999, 1000, 1010, 1013, 1015,
    1018, 1027, 1029, 1030, 1035, 1039, 1046, 1049, 1057, 1058, 1061, 1062,
    1065, 1066, 1067, 1075, 1079, 1083, 1085, 1088, 1089, 1093, 1095, 1096,
    1104, 1105, 1108, 1110, 1112, 1117, 1118, 1121, 1131, 1132, 1137, 1138,
    1148, 1150, 1153, 1163, 1164, 1170, 1171, 1177, 1185, 1191, 1194, 1196,
    1201, 1202, 1205, 1209, 1211, 1212, 1217, 1223, 1231, 1235, 1238, 1244,
    1245, 1248, 1250, 1254, 1261, 1264, 1272, 1273, 1274, 1284, 1286, 1287,
    1296, 1304, 1305, 1307, 1309, 1314, 1327, 1329, 1332, 1337, 1340, 1341,
    1344, 1350, 1361, 1366, 1368, 1372, 1373, 1380, 1383, 1392, 1399, 1402,
    1403, 1405, 1419, 1420, 1421, 1423, 1427, 1432, 1435, 1454, 1462, 1466,
    1469, 1471, 1473, 1474, 1478, 1483, 1498, 1504, 1506, 1509, 1524, 1531,
    1532, 1535, 1537, 1540, 1541, 1545, 1546, 1551, 1552, 1558, 1562, 1572,
    1578, 1590, 1601, 1603, 1604, 1610, 1617, 1618, 1629, 1630, 1647, 1658,
    1662, 1663, 1664, 1670, 1671, 1674, 1677, 1693, 1703, 1704, 1708, 1718,
    1720, 1731, 1733, 1734, 1742, 1743, 1744, 1748, 1751, 1753, 1761, 1765,
    1766, 1772, 1776, 1786, 1794, 1795, 1797, 1798, 1803, 1807, 1809, 1812,
    1821, 1822, 1824, 1825, 1832, 1833, 1840, 1841, 1845, 1848, 1854, 1855,
    1861, 1865, 1870, 1871, 1876, 1885, 1892, 1897, 1916, 1936, 1939, 1941,
    1942, 1945, 1962, 1963, 1966, 1978, 1981, 1982, 1985, 2002, 2003, 2009,
    2010, 2019, 2021, 2022, 2027, 2029, 2035, 2040, 2041, 2043, 2044, 2046,
    2048, 2059, 2062, 2065, 2066, 2072, 2075, 2077, 2079, 2081, 2082, 2089,
    2091, 2092, 2095, 2104, 2108, 2109, 2116, 2117, 2118, 2119, 2121, 2122,
    2128, 2130, 2140, 2146, 2155, 2162, 2165, 2166, 2172, 2174, 2175, 2179,
    2180, 2190, 2194, 2195, 2197, 2198, 2201, 2202, 2213, 2221, 2223, 2225,
    2233, 2239, 2249, 2251, 2252, 2255, 2263, 2264, 2270, 2271, 2285, 2289,
    2291, 2298, 2310, 2313, 2315, 2317, 2319, 2320, 2323, 2325, 2326, 2338,
    2340, 2341, 2347, 2349, 2351, 2354, 2355, 2363, 2364, 2371, 2381, 2390,
    2394, 2399, 2400, 2412, 2413, 2419, 2420, 2427, 2433, 2434, 2436, 2437,
    2439, 2445, 2448, 2452, 2455, 2458, 2463, 2464, 2476, 2477, 2480, 2481,
    2495, 2500, 2501, 2506, 2515, 2522, 2523, 2526, 2528, 2531, 2532, 2544,
    2546, 2551, 2562, 2570, 2571, 2573, 2574, 2577, 2578, 2586, 2587, 2597,
    2600, 2606, 2608, 2614, 2624, 2629, 2630, 2634, 2645, 2648, 2657, 2658,
    2660, 2661, 2669, 2671, 2678, 2680, 2681, 2682, 2684, 2685, 2689, 2693,
    2709, 2710, 2711, 2712, 2718, 2726, 2729, 2732, 2736, 2739, 2748, 2749,
    2764, 2766, 2767, 2775, 2784, 2785, 2789, 2790, 2793, 2796, 2798, 2815,
    2817, 2818
[2] 2, 33, 34, 48, 59, 65, 66, 67, 72, 98, 100, 108, 115, 120, 121, 129, 139,
    157, 158, 173, 185, 188, 189, 209, 216, 219, 224, 227, 230, 239, 240, 245,
    246, 254, 257, 258, 267, 270, 280, 288, 290, 297, 302, 305, 308, 309, 318,
    325, 331, 340, 346, 352, 356, 364, 367, 369, 370, 375, 376, 377, 393, 396,
    404, 405, 410, 411, 419, 424, 425, 428, 434, 439, 444, 445, 449, 452, 458,
    459, 460, 463, 475, 480, 482, 484, 485, 489, 501, 502, 505, 513, 514, 522,
    523, 525, 531, 539, 550, 560, 563, 571, 572, 575, 584, 598, 609, 610, 612,
    613, 615, 619, 623, 624, 632, 633, 636, 641, 649, 660, 673, 676, 680, 685,
    700, 701, 704, 705, 707, 709, 713, 718, 719, 732, 736, 745, 746, 752, 753,
    755, 763, 767, 771, 774, 775, 778, 788, 795, 809, 810, 811, 813, 816, 817,
    819, 822, 823, 824, 825, 827, 836, 841, 842, 850, 853, 857, 860, 862, 863,
    873, 893, 894, 927, 928, 930, 934, 939, 944, 958, 963, 964, 970, 975, 982,
    983, 987, 990, 993, 994, 1002, 1003, 1006, 1007, 1021, 1022, 1024, 1025,
    1033, 1042, 1043, 1052, 1054, 1070, 1071, 1099, 1101, 1113, 1114, 1124,
    1126, 1129, 1142, 1145, 1157, 1160, 1161, 1167, 1175, 1182, 1188, 1189,
    1199, 1214, 1219, 1220, 1226, 1258, 1267, 1269, 1278, 1281, 1289, 1293,
    1299, 1302, 1312, 1317, 1319, 1322, 1325, 1334, 1335, 1346, 1353, 1357,
    1359, 1369, 1370, 1376, 1385, 1386, 1389, 1390, 1395, 1396, 1407, 1408,
    1412, 1415, 1416, 1425, 1429, 1437, 1438, 1442, 1446, 1449, 1450, 1457,
    1459, 1464, 1481, 1486, 1495, 1515, 1519, 1526, 1527, 1542, 1543, 1549,
    1554, 1564, 1565, 1567, 1570, 1575, 1580, 1581, 1583, 1587, 1592, 1593,
    1595, 1596, 1605, 1606, 1612, 1615, 1621, 1625, 1627, 1634, 1640, 1643,
    1650, 1653, 1656, 1667, 1680, 1683, 1686, 1687, 1695, 1698, 1701, 1705,
    1706, 1711, 1713, 1714, 1716, 1722, 1724, 1727, 1737, 1738, 1756, 1759,
    1763, 1768, 1769, 1784, 1790, 1793, 1814, 1815, 1818, 1827, 1830, 1836,
    1839, 1850, 1851, 1857, 1858, 1868, 1874, 1879, 1881, 1889, 1894, 1901,
    1903, 1904, 1906, 1907, 1911, 1914, 1919, 1923, 1926, 1929, 1931, 1932,
    1934, 1951, 1952, 1955, 1961, 1968, 1969, 1970, 1971, 1973, 1974, 1988,
    1994, 1997, 1998, 1999, 2007, 2012, 2016, 2024, 2032, 2033, 2038, 2052,
    2056, 2057, 2064, 2069, 2085, 2086, 2100, 2106, 2107, 2111, 2113, 2124,
    2125, 2132, 2134, 2143, 2150, 2153, 2159, 2169, 2181, 2182, 2185, 2187,
    2192, 2208, 2215, 2216, 2217, 2218, 2228, 2235, 2236, 2242, 2244, 2246,
    2257, 2258, 2261, 2267, 2269, 2274, 2277, 2278, 2282, 2293, 2294, 2295,
    2296, 2300, 2301, 2303, 2306, 2328, 2329, 2331, 2332, 2333, 2334, 2335,
    2343, 2344, 2357, 2359, 2360, 2362, 2365, 2366, 2369, 2375, 2383, 2387,
    2392, 2397, 2405, 2406, 2409, 2414, 2415, 2417, 2423, 2425, 2429, 2431,
    2460, 2467, 2468, 2470, 2473, 2487, 2489, 2490, 2491, 2492, 2498, 2508,
    2509, 2510, 2513, 2519, 2535, 2538, 2548, 2553, 2554, 2556, 2557, 2564,
    2566, 2567, 2581, 2583, 2589, 2593, 2601, 2602, 2603, 2604, 2611, 2615,
    2616, 2620, 2627, 2636, 2637, 2639, 2642, 2652, 2655, 2663, 2664, 2666,
    2667, 2674, 2675, 2695, 2696, 2698, 2700, 2701, 2703, 2704, 2705, 2707,
    2715, 2721, 2722, 2741, 2742, 2746, 2755, 2758, 2760, 2761, 2770, 2771,
    2777, 2780, 2782, 2800, 2805, 2807, 2808, 2810, 2811, 2812
[3] 9, 12, 13, 16, 26, 29, 38, 41, 46, 47, 49, 50, 53, 74, 75, 94, 97, 117,
    128, 130, 146, 149, 150, 153, 191, 202, 208, 210, 214, 235, 256, 260, 262,
    265, 274, 279, 281, 289, 291, 298, 301, 303, 311, 330, 332, 342, 345, 347,
    350, 351, 354, 357, 363, 374, 378, 381, 382, 387, 401, 403, 414, 416, 420,
    426, 430, 433, 435, 440, 441, 453, 456, 457, 461, 462, 471, 476, 481, 483,
    487, 491, 495, 498, 504, 506, 509, 518, 521, 537, 548, 549, 551, 554, 559,
    562, 566, 578, 580, 582, 583, 587, 605, 608, 616, 622, 628, 631, 635, 640,
    645, 648, 656, 662, 669, 670, 696, 699, 703, 708, 710, 717, 720, 724, 725,
    728, 730, 731, 734, 735, 738, 741, 744, 748, 749, 751, 762, 769, 779, 789,
    794, 797, 812, 826, 829, 838, 843, 844, 856, 861, 864, 866, 884, 890, 900,
    903, 922, 923, 929, 940, 948, 952, 962, 965, 967, 969, 971, 981, 991, 995,
    996, 998, 1001, 1005, 1009, 1016, 1017, 1031, 1034, 1037, 1038, 1053,
    1060, 1069, 1098, 1100, 1103, 1109, 1111, 1127, 1136, 1146, 1147, 1151,
    1152, 1156, 1159, 1165, 1176, 1180, 1181, 1183, 1187, 1192, 1195, 1197,
    1203, 1204, 1207, 1208, 1216, 1229, 1230, 1233, 1243, 1262, 1268, 1270,
    1271, 1276, 1277, 1282, 1283, 1288, 1291, 1292, 1310, 1336, 1339, 1343,
    1351, 1355, 1358, 1360, 1367, 1381, 1382, 1384, 1391, 1394, 1406, 1410,
    1426, 1430, 1440, 1441, 1443, 1448, 1458, 1467, 1472, 1476, 1493, 1508,
    1514, 1536, 1539, 1556, 1559, 1561, 1563, 1568, 1569, 1571, 1585, 1599,
    1600, 1616, 1620, 1623, 1626, 1632, 1633, 1638, 1641, 1642, 1651, 1652,
    1654, 1657, 1660, 1673, 1675, 1685, 1691, 1692, 1694, 1696, 1697, 1702,
    1707, 1710, 1715, 1717, 1719, 1725, 1726, 1746, 1754, 1758, 1762, 1764,
    1774, 1775, 1783, 1788, 1792, 1796, 1799, 1801, 1802, 1805, 1810, 1811,
    1816, 1823, 1831, 1835, 1843, 1844, 1846, 1849, 1860, 1872, 1875, 1883,
    1884, 1890, 1891, 1899, 1909, 1912, 1917, 1921, 1922, 1924, 1927, 1935,
    1937, 1940, 1950, 1954, 1960, 1964, 1965, 1967, 1972, 1990, 1996, 2005,
    2011, 2017, 2018, 2031, 2034, 2042, 2053, 2055, 2060, 2061, 2071, 2073,
    2093, 2105, 2127, 2142, 2148, 2154, 2164, 2167, 2178, 2188, 2189, 2191,
    2193, 2212, 2219, 2224, 2226, 2234, 2243, 2247, 2248, 2253, 2268, 2272,
    2273, 2283, 2284, 2287, 2288, 2292, 2297, 2308, 2311, 2312, 2314, 2316,
    2318, 2324, 2327, 2330, 2346, 2353, 2356, 2367, 2370, 2373, 2382, 2396,
    2398, 2411, 2421, 2422, 2430, 2432, 2438, 2441, 2444, 2447, 2450, 2451,
    2454, 2456, 2459, 2462, 2479, 2483, 2496, 2503, 2505, 2511, 2514, 2517,
    2524, 2525, 2527, 2530, 2537, 2549, 2555, 2565, 2569, 2576, 2579, 2580,
    2582, 2588, 2598, 2599, 2607, 2618, 2619, 2626, 2643, 2644, 2659, 2673,
    2679, 2687, 2688, 2702, 2706, 2713, 2714, 2716, 2717, 2720, 2727, 2734,
    2738, 2744, 2750, 2753, 2757, 2759, 2769, 2772, 2778, 2779, 2783, 2788,
    2799, 2806, 2809, 2813, 2814
[4] 0, 6, 15, 18, 52, 56, 73, 82, 93, 116, 127, 132, 140, 145, 152, 159, 163,
    167, 179, 183, 186, 190, 194, 198, 201, 213, 234, 238, 244, 247, 252, 255,
    259, 273, 278, 284, 306, 310, 316, 319, 322, 326, 336, 341, 353, 360, 365,
    368, 373, 386, 408, 423, 429, 443, 446, 470, 478, 486, 490, 497, 500, 503,
    508, 515, 528, 532, 536, 540, 547, 556, 561, 569, 592, 604, 627, 630, 634,
    652, 661, 674, 677, 683, 692, 695, 698, 702, 727, 733, 737, 740, 743, 747,
    758, 761, 764, 768, 772, 782, 786, 796, 802, 805, 814, 820, 828, 831, 837,
    846, 851, 874, 895, 899, 906, 909, 912, 921, 925, 931, 935, 945, 955, 959,
    973, 978, 984, 1004, 1008, 1011, 1019, 1023, 1036, 1040, 1044, 1055, 1059,
    1063, 1068, 1072, 1076, 1080, 1086, 1090, 1094, 1097, 1102, 1115, 1122,
    1133, 1139, 1143, 1158, 1168, 1172, 1186, 1206, 1215, 1221, 1224, 1232,
    1239, 1242, 1246, 1251, 1255, 1259, 1275, 1290, 1303, 1320, 1323, 1330,
    1338, 1342, 1347, 1354, 1374, 1377, 1387, 1393, 1400, 1409, 1413, 1417,
    1436, 1439, 1447, 1451, 1460, 1475, 1489, 1492, 1499, 1507, 1510, 1513,
    1516, 1522, 1525, 1533, 1538, 1555, 1573, 1584, 1607, 1619, 1622, 1628,
    1631, 1637, 1644, 1659, 1665, 1672, 1681, 1684, 1690, 1699, 1709, 1712,
    1728, 1735, 1739, 1745, 1749, 1757, 1767, 1773, 1777, 1782, 1787, 1791,
    1804, 1819, 1834, 1837, 1842, 1852, 1859, 1862, 1866, 1882, 1886, 1895,
    1898, 1902, 1905, 1908, 1920, 1930, 1946, 1949, 1953, 1956, 1959, 1975,
    1979, 1989, 1992, 1995, 2000, 2004, 2013, 2025, 2030, 2049, 2070, 2083,
    2087, 2114, 2126, 2135, 2138, 2141, 2144, 2147, 2151, 2156, 2163, 2170,
    2173, 2199, 2203, 2211, 2214, 2265, 2275, 2279, 2286, 2307, 2321, 2342,
    2345, 2352, 2358, 2372, 2376, 2384, 2395, 2403, 2407, 2410, 2440, 2443,
    2446, 2449, 2453, 2461, 2465, 2471, 2474, 2478, 2482, 2499, 2502, 2516,
    2520, 2529, 2533, 2536, 2539, 2560, 2568, 2575, 2584, 2590, 2594, 2617,
    2621, 2625, 2628, 2631, 2640, 2649, 2653, 2665, 2672, 2676, 2683, 2686,
    2690, 2694, 2719, 2723, 2733, 2737, 2743, 2747, 2752, 2756, 2762, 2768,
    2791, 2794, 2803

Reassigned labels

Runtime: 6.621687412261963

Performance split_log:

IM without threshold:
Map:
{"D_0": "D", "D_1": "D", "D_2": "D", "D_3": "D", "D_4": "D"}
token_fitness
{"perc_fit_traces": 43.4, "average_trace_fitness": 0.9621729203699075, "log_fitness": 0.9634957760271377, "percentage_of_fitting_traces": 43.4}
precision
0.6903360899067006
0.6377952755905513
generalization
0.6323624449592953

Adjusted Rand Index:
0.1907316815884102



Parameters of this run:

Window size: 5
Threshold for edges: 1
Split candidates: D
Max number of traces: 5000000
Method for distance calculation: Distance.SET_DISTANCE
Method for finding clusters: ClusteringMethod.COMMUNITY_DETECTION
Original log location: ./data/noImprInLoop_default_OD\feb17-0936\logs\H_1_LogD_Sequence_feb17-0936.xes.gz
Use frequency: True

Found communities: 

Clustering with 2819 elements and 523 clusters
[  0] 67, 72, 100, 121, 158, 185, 209, 240, 246, 302, 318, 340, 346, 364, 367,
      370, 377, 393, 419, 425, 434, 439, 445, 460, 480, 482, 502, 505, 525,
      560, 563, 636, 641, 649, 673, 709, 713, 763, 788, 811, 813, 825, 836,
      850, 853, 857, 939, 944, 994, 1025, 1099, 1114, 1157, 1214, 1226, 1289,
      1319, 1322, 1325, 1346, 1370, 1376, 1425, 1438, 1464, 1527, 1543, 1575,
      1583, 1606, 1621, 1627, 1701, 1706, 1711, 1714, 1759, 1763, 1769, 1793,
      1836, 1868, 1881, 1894, 1904, 1907, 1932, 1955, 1961, 1971, 1994, 1997,
      1999, 2012, 2024, 2113, 2134, 2143, 2182, 2187, 2192, 2216, 2218, 2244,
      2267, 2269, 2296, 2303, 2333, 2335, 2344, 2357, 2360, 2362, 2366, 2383,
      2409, 2415, 2429, 2431, 2460, 2470, 2473, 2492, 2510, 2535, 2548, 2564,
      2583, 2589, 2602, 2604, 2616, 2667, 2696, 2703, 2705, 2707, 2800, 2805,
      2810, 2812
[  1] 34, 189, 258, 270, 309, 325, 352, 356, 405, 411, 428, 449, 452, 485,
      514, 523, 572, 584, 598, 610, 613, 624, 633, 701, 705, 719, 736, 746,
      753, 775, 778, 817, 823, 842, 863, 894, 928, 964, 983, 990, 1003, 1007,
      1022, 1043, 1052, 1071, 1161, 1189, 1199, 1220, 1258, 1267, 1281, 1293,
      1312, 1317, 1335, 1353, 1386, 1390, 1396, 1408, 1412, 1416, 1442, 1450,
      1481, 1565, 1581, 1593, 1596, 1615, 1634, 1643, 1653, 1680, 1687, 1727,
      1738, 1756, 1815, 1851, 1858, 1889, 1901, 1911, 1919, 1926, 1929, 1952,
      1969, 1974, 1988, 2016, 2033, 2038, 2057, 2086, 2107, 2125, 2159, 2169,
      2185, 2228, 2236, 2242, 2258, 2274, 2278, 2282, 2294, 2301, 2306, 2329,
      2369, 2406, 2423, 2468, 2490, 2554, 2557, 2567, 2581, 2593, 2637, 2652,
      2664, 2675, 2701, 2722, 2742, 2761, 2771, 2808
[  2] 11, 14, 40, 43, 81, 90, 124, 135, 162, 207, 222, 264, 283, 300, 313,
      329, 349, 359, 380, 455, 520, 568, 591, 595, 607, 655, 785, 799, 834,
      886, 889, 902, 905, 915, 924, 1018, 1058, 1062, 1118, 1121, 1138, 1164,
      1209, 1212, 1245, 1264, 1284, 1403, 1435, 1474, 1541, 1546, 1693, 1734,
      1742, 1803, 1807, 1833, 1871, 2003, 2010, 2062, 2075, 2082, 2092, 2122,
      2190, 2195, 2202, 2233, 2252, 2255, 2355, 2381, 2390, 2434, 2452, 2464,
      2477, 2526, 2532, 2544, 2571, 2587, 2661, 2689, 2726, 2767, 2785, 2790,
      2815
[  3] 17, 25, 84, 102, 126, 131, 169, 178, 200, 251, 272, 362, 388, 407, 492,
      499, 542, 579, 581, 600, 666, 682, 694, 757, 804, 839, 848, 871, 891,
      920, 951, 980, 1035, 1067, 1096, 1112, 1196, 1223, 1274, 1314, 1332,
      1344, 1368, 1471, 1535, 1537, 1630, 1658, 1720, 1744, 1786, 1795, 1876,
      1936, 2035, 2046, 2059, 2072, 2109, 2119, 2175, 2317, 2364, 2394, 2448,
      2501, 2630, 2682, 2685, 2712, 2749, 2793
[  4] 127, 145, 159, 238, 244, 273, 353, 386, 408, 443, 478, 490, 503, 540,
      674, 677, 737, 805, 814, 828, 837, 851, 978, 984, 1011, 1023, 1055,
      1072, 1080, 1206, 1215, 1232, 1251, 1275, 1330, 1413, 1417, 1533, 1555,
      1628, 1699, 1709, 1739, 1745, 1782, 1946, 1959, 2173, 2211, 2358, 2372,
      2449, 2453, 2471, 2529, 2594, 2640, 2672, 2683, 2690, 2723, 2743, 2747,
      2752, 2794
[  5] 28, 51, 70, 87, 96, 119, 193, 197, 293, 383, 442, 473, 716, 726, 750,
      877, 942, 1000, 1105, 1132, 1153, 1202, 1341, 1383, 1504, 1552, 1766,
      1798, 1822, 1855, 1966, 1982, 2022, 2041, 2117, 2180, 2289, 2400, 2481,
      2523, 2578, 2624, 2658, 2818
[  6] 10, 80, 118, 134, 263, 590, 594, 606, 798, 833, 865, 876, 888, 904, 999,
      1010, 1065, 1104, 1117, 1131, 1137, 1163, 1250, 1340, 1524, 1821, 1854,
      2021, 2081, 2116, 2121, 2130, 2179, 2354, 2399, 2480, 2522, 2570, 2657,
      2671, 2678, 2680, 2817
[  7] 191, 262, 274, 311, 381, 628, 724, 797, 940, 967, 1037, 1060, 1103,
      1109, 1192, 1207, 1282, 1381, 1556, 1571, 1599, 1746, 1801, 1810, 1846,
      1964, 2073, 2093, 2164, 2247, 2253, 2287, 2324, 2398, 2411, 2432, 2438,
      2450, 2524, 2576, 2687, 2788, 2813
[  8] 9, 12, 26, 49, 117, 149, 202, 235, 281, 342, 347, 357, 430, 471, 509,
      566, 656, 829, 884, 903, 922, 1136, 1151, 1183, 1262, 1539, 1616, 1691,
      1796, 1805, 1831, 1940, 2017, 2060, 2178, 2188, 2193, 2462, 2569, 2716,
      2772
[  9] 65, 219, 732, 860, 987, 1033, 1142, 1167, 1182, 1278, 1299, 1302, 1357,
      1457, 1486, 1495, 1519, 1570, 1625, 1650, 1656, 1698, 1818, 1830, 1879,
      1914, 2052, 2069, 2100, 2150, 2261, 2375, 2387, 2498, 2519, 2620, 2715,
      2746, 2755, 2780
[ 10] 52, 132, 167, 252, 319, 326, 532, 592, 630, 692, 796, 802, 820, 899,
      955, 973, 1004, 1063, 1102, 1221, 1374, 1377, 1387, 1492, 1607, 1665,
      1791, 1819, 1992, 2114, 2265, 2345, 2403, 2446, 2502, 2625, 2737
[ 11] 56, 186, 234, 316, 368, 429, 652, 758, 768, 772, 786, 906, 931, 959,
      1036, 1143, 1158, 1224, 1239, 1242, 1255, 1436, 1499, 1637, 1735, 1920,
      1953, 1956, 2135, 2141, 2151, 2163, 2203, 2279, 2410, 2665, 2719
[ 12] 116, 284, 547, 661, 683, 698, 831, 874, 909, 925, 945, 1008, 1076, 1094,
      1115, 1139, 1338, 1342, 1354, 1447, 1522, 1631, 1773, 1777, 1837, 1852,
      1859, 1895, 1898, 1902, 2307, 2384, 2520, 2568, 2676
[ 13] 93, 140, 190, 201, 365, 423, 556, 604, 747, 846, 1090, 1122, 1168, 1303,
      1409, 1460, 1584, 1659, 1757, 1882, 1886, 1930, 1975, 1989, 2126, 2199,
      2352, 2407, 2440, 2443, 2533, 2539, 2733, 2791
[ 14] 404, 410, 475, 513, 609, 612, 632, 660, 707, 752, 774, 819, 822, 841,
      893, 982, 1006, 1101, 1389, 1580, 1814, 1857, 1934, 1968, 2124, 2277,
      2300, 2328, 2397, 2489, 2663, 2674, 2700, 2770
[ 15] 23, 37, 151, 166, 176, 344, 432, 466, 511, 658, 671, 845, 898, 954,
      1089, 1185, 1194, 1296, 1373, 1532, 1604, 1647, 1812, 1825, 2044, 2166,
      2239, 2320, 2326, 2341, 2574, 2614, 2710, 2718
[ 16] 73, 163, 179, 528, 627, 727, 733, 743, 1059, 1097, 1133, 1246, 1290,
      1320, 1323, 1400, 1489, 1507, 1619, 1728, 1749, 1767, 1834, 1866, 1908,
      2030, 2147, 2156, 2170, 2214, 2321, 2395
[ 17] 36, 175, 335, 338, 510, 519, 657, 885, 953, 1061, 1110, 1329, 1372,
      1402, 1509, 1540, 1753, 2002, 2048, 2077, 2089, 2194, 2323, 2340, 2433,
      2573, 2586, 2660, 2789
[ 18] 115, 139, 173, 254, 280, 288, 290, 331, 375, 619, 676, 685, 930, 1126,
      1429, 1612, 1667, 1724, 1784, 1839, 2064, 2132, 2153, 2417, 2508, 2639,
      2698, 2758, 2777
[ 19] 0, 198, 336, 341, 508, 536, 740, 764, 1019, 1068, 1347, 1439, 1451,
      1475, 1510, 1538, 1690, 1804, 1905, 2004, 2087, 2342, 2465, 2516, 2584,
      2653, 2694
[ 20] 39, 123, 221, 348, 379, 567, 784, 914, 972, 1046, 1309, 1423, 1473,
      1545, 1733, 1870, 2009, 2027, 2029, 2140, 2172, 2291, 2427, 2439, 2463,
      2476, 2784
[ 21] 137, 144, 171, 249, 261, 315, 402, 413, 496, 517, 555, 588, 742, 867,
      908, 1150, 1337, 1361, 1466, 1664, 1674, 1809, 2066, 2349, 2506, 2528,
      2608
[ 22] 92, 142, 333, 400, 477, 617, 691, 697, 721, 911, 977, 992, 1305, 1421,
      1671, 1718, 1841, 1861, 1963, 2128, 2155, 2271, 2347, 2669, 2739, 2775
[ 23] 194, 259, 306, 515, 561, 569, 695, 702, 761, 935, 1044, 1186, 1513,
      1525, 1684, 2013, 2083, 2286, 2478, 2575, 2621, 2631, 2649, 2762, 2768,
      2803
[ 24] 188, 308, 484, 522, 571, 745, 862, 1021, 1145, 1395, 1407, 1554, 1564,
      1592, 1595, 1850, 1973, 2032, 2056, 2085, 2235, 2467, 2655
[ 25] 16, 130, 387, 414, 495, 580, 616, 741, 838, 866, 1034, 1111, 1343, 1360,
      1673, 1719, 1860, 1875, 1935, 2127, 2505, 2527
[ 26] 6, 152, 213, 322, 470, 486, 500, 634, 1086, 1259, 1573, 1644, 1681,
      1712, 1949, 1979, 1995, 2474, 2482, 2536, 2590
[ 27] 354, 426, 717, 744, 751, 962, 1187, 1351, 1394, 1406, 1694, 1909, 1917,
      2053, 2167, 2234, 2272, 2292, 2396, 2626, 2759
[ 28] 623, 700, 755, 795, 927, 963, 1188, 1219, 1269, 1334, 1446, 1449, 1567,
      1695, 2293, 2331, 2405, 2425, 2553, 2627, 2636
[ 29] 62, 918, 1039, 1093, 1171, 1254, 1287, 1558, 1590, 1601, 1748, 1848,
      1885, 2095, 2198, 2249, 2264, 2413, 2420, 2597
[ 30] 239, 376, 459, 501, 1024, 1526, 1542, 1713, 1768, 1903, 1906, 1970,
      2215, 2332, 2334, 2414, 2509, 2603, 2666
[ 31] 146, 214, 303, 420, 487, 537, 1623, 1675, 1774, 1816, 1912, 2005, 2308,
      2311, 2373, 2511, 2517, 2753
[ 32] 5, 204, 237, 553, 793, 1030, 1075, 1231, 1618, 1704, 1892, 1942, 2019,
      2437, 2693, 2732
[ 33] 55, 105, 233, 391, 469, 535, 664, 880, 1079, 1380, 1578, 1610, 1978,
      2458, 2495
[ 34] 86, 472, 897, 1088, 1201, 1261, 1551, 1603, 1824, 1981, 2040, 2319,
      2577, 2606, 2764
[ 35] 161, 552, 687, 760, 830, 1013, 1057, 1211, 1217, 1244, 1617, 1761, 1832,
      1941, 2251
[ 36] 350, 483, 521, 608, 861, 1069, 1159, 1310, 1632, 1849, 1899, 1972, 2105,
      2421, 2483
[ 37] 79, 85, 832, 1087, 1162, 1371, 1550, 1602, 2129, 2339, 2521, 2605, 2670,
      2763, 2816
[ 38] 15, 18, 82, 183, 255, 360, 446, 921, 1516, 1622, 2049, 2144, 2461, 2560
[ 39] 59, 108, 216, 227, 230, 531, 539, 767, 934, 1129, 1175, 1923, 2007, 2208
[ 40] 133, 327, 1130, 1200, 1294, 1433, 1502, 1740, 2039, 2237, 2322, 2542,
      2595, 2708
[ 41] 278, 310, 373, 912, 1842, 1862, 2025, 2070, 2138, 2275, 2499, 2617,
      2628, 2756
[ 42] 29, 46, 265, 456, 461, 1127, 1276, 1467, 1493, 1921, 2618, 2727, 2778
[ 43] 27, 69, 89, 196, 372, 385, 715, 1193, 1263, 1646, 2232, 2543, 2613
[ 44] 247, 497, 782, 895, 1040, 1172, 1393, 1672, 1787, 2000, 2376, 2686
[ 45] 269, 565, 777, 1135, 1316, 1679, 1755, 1910, 2102, 2158, 2184, 2368
[ 46] 68, 195, 371, 384, 714, 1249, 1260, 1645, 2026, 2076, 2231, 2612
[ 47] 416, 498, 696, 890, 1336, 1426, 1717, 2154, 2212, 2447, 2607, 2738
[ 48] 64, 859, 1032, 1301, 1518, 1624, 1655, 1829, 1878, 2051, 2497
[ 49] 78, 206, 275, 1572, 2091, 2197, 2201, 2263, 2531, 2546, 2766
[ 50] 83, 361, 406, 541, 847, 1066, 1273, 1794, 2174, 2500, 2629
[ 51] 168, 177, 910, 950, 976, 1095, 1420, 1670, 1840, 1962, 2270
[ 52] 48, 267, 305, 458, 463, 489, 550, 958, 1587, 1874, 2513
[ 53] 22, 507, 917, 1286, 1531, 1562, 2165, 2325, 2412, 2709
[ 54] 54, 232, 390, 468, 663, 1107, 1365, 1453, 1984, 2457
[ 55] 76, 781, 1350, 1366, 1454, 1478, 1939, 1985, 2162, 2285
[ 56] 88, 294, 337, 464, 1520, 2080, 2209, 2250, 2379, 2572
[ 57] 113, 212, 639, 644, 647, 1083, 1432, 1772, 1845, 2736
[ 58] 398, 417, 586, 1427, 1462, 1483, 1916, 2213, 2455, 2515
[ 59] 53, 74, 435, 779, 995, 1146, 1843, 1937, 2283, 2456
[ 60] 2, 873, 970, 1459, 1515, 1716, 1722, 2111, 2538
[ 61] 101, 136, 143, 170, 250, 1663, 1743, 2108, 2711
[ 62] 324, 1198, 1352, 1900, 1925, 1991, 2037, 2305, 2402
[ 63] 415, 494, 801, 1177, 2104, 2298, 2315, 2371, 2796
[ 64] 645, 662, 1203, 1233, 1476, 2219, 2549, 2598, 2643
[ 65] 1002, 1042, 1415, 1737, 2257, 2556, 2566, 2741, 2760
[ 66] 42, 328, 941, 968, 1092, 1434, 1747, 1847, 2596
[ 67] 109, 276, 320, 545, 1178, 1190, 1896, 2801
[ 68] 160, 589, 686, 1210, 1523, 1853, 2120, 2656
[ 69] 307, 1256, 1265, 1566, 1736, 2014, 2635, 2740
[ 70] 534, 643, 879, 1078, 1379, 1431, 1577, 1977
[ 71] 593, 887, 913, 1869, 2028, 2115, 2139, 2290
[ 72] 703, 981, 1005, 1448, 1685, 1754, 2330, 2579
[ 73] 474, 776, 1279, 1479, 1947, 1986, 2280, 2591
[ 74] 30, 1128, 1468, 1649, 2309, 2633, 2728
[ 75] 60, 576, 1064, 1091, 1588, 1820, 2262
[ 76] 110, 277, 321, 790, 1179, 1781, 2802
[ 77] 120, 424, 993, 1931, 2295, 2615, 2811
[ 78] 226, 229, 530, 766, 1485, 2149, 2518
[ 79] 297, 615, 809, 975, 1124, 1359, 1683
[ 80] 301, 562, 1620, 1792, 2011, 2382, 2459
[ 81] 465, 1074, 1184, 1521, 1636, 1806, 2380
[ 82] 544, 668, 729, 1085, 1248, 1751, 2223
[ 83] 791, 875, 1116, 2229, 2677, 2691, 2730
[ 84] 810, 1369, 1605, 1705, 2181, 2343, 2695
[ 85] 986, 1456, 1913, 2099, 2260, 2374, 2754
[ 86] 957, 1141, 1166, 1356, 1494, 1817, 2386
[ 87] 1205, 1235, 1945, 2221, 2338, 2551, 2645
[ 88] 3, 1073, 1635, 1752, 2001, 2426
[ 89] 20, 448, 1051, 1155, 1888, 2559
[ 90] 33, 816, 2106, 2392, 2782, 2807
[ 91] 35, 164, 174, 1252, 1500, 2388
[ 92] 128, 289, 826, 948, 1783, 2757
[ 93] 157, 369, 444, 824, 1437, 2491
[ 94] 61, 192, 292, 577, 1170, 2419
[ 95] 220, 334, 783, 1328, 2047, 2585
[ 96] 286, 546, 723, 1191, 1708, 1897
[ 97] 323, 659, 1887, 2304, 2401, 2699
[ 98] 389, 601, 1364, 1452, 1943, 1983
[ 99] 396, 771, 1549, 1640, 2487, 2611
[100] 454, 654, 1557, 1589, 2094, 2389
[101] 493, 1629, 2363, 2681, 2684, 2748
[102] 533, 642, 1106, 1348, 1576, 2160
[103] 808, 974, 1123, 1666, 1838, 2776
[104] 706, 818, 1388, 1813, 2276, 2299
[105] 937, 1027, 1307, 1506, 2146, 2562
[106] 956, 1300, 1517, 1648, 1729, 2385
[107] 1020, 1594, 2123, 2466, 2488, 2654
[108] 602, 1234, 1398, 1944, 2220, 2550
[109] 31, 182, 1238, 1677, 1731
[110] 50, 923, 1802, 1811, 2288
[111] 95, 1029, 1703, 1765, 1797
[112] 97, 330, 710, 969, 1559
[113] 103, 231, 241, 467, 1496
[114] 106, 180, 881, 1047, 1547
[115] 122, 1012, 1056, 1308, 1760
[116] 147, 679, 1237, 1676, 2006
[117] 205, 2020, 2196, 2200, 2418
[118] 225, 932, 2485, 2609, 2632
[119] 282, 295, 2230, 2692, 2731
[120] 7, 285, 722, 1750, 2797
[121] 358, 901, 2074, 2623, 2773
[122] 236, 431, 527, 2043, 2436
[123] 504, 1758, 1762, 1996, 2268
[124] 559, 1098, 1156, 1954, 2582
[125] 564, 926, 1134, 2183, 2650
[126] 107, 770, 933, 1639, 2207
[127] 821, 892, 1856, 2404, 2662
[128] 1045, 1732, 2008, 2171, 2475
[129] 1469, 1776, 2310, 2313, 2729
[130] 1285, 1401, 1530, 2545, 2765
[131] 1, 172, 1721, 2152
[132] 8, 154, 1405, 2798
[133] 32, 187, 1144, 1553
[134] 98, 1054, 2246, 2642
[135] 104, 436, 1609, 2494
[136] 112, 638, 1661, 1771
[137] 129, 224, 827, 1827
[138] 215, 266, 304, 488
[139] 312, 343, 629, 1501
[140] 355, 451, 1918, 2054
[141] 382, 1965, 2061, 2688
[142] 395, 1298, 2068, 2745
[143] 397, 585, 681, 2118
[144] 314, 399, 412, 516
[145] 512, 840, 1933, 2256
[146] 181, 538, 1174, 1730
[147] 548, 1355, 1568, 2713
[148] 650, 667, 1084, 2222
[149] 725, 1283, 1600, 2248
[150] 735, 1441, 2273, 2580
[151] 754, 1445, 2084, 2552
[152] 896, 1028, 1980, 2435
[153] 41, 998, 1883, 2353
[154] 245, 1113, 1998, 2359
[155] 1009, 1216, 1702, 1890
[156] 94, 1229, 1764, 1823
[157] 165, 1253, 1741, 2254
[158] 1378, 1608, 1770, 2493
[159] 1410, 1924, 2565, 2673
[160] 1440, 1443, 1950, 2055
[161] 2063, 2245, 2641, 2697
[162] 13, 1692, 2717
[163] 19, 447, 611
[164] 63, 1828, 2050
[165] 125, 693, 2668
[166] 138, 1611, 2507
[167] 155, 620, 1487
[168] 184, 1318, 2361
[169] 228, 529, 2206
[170] 248, 690, 1785
[171] 268, 1678, 2558
[172] 299, 1120, 2725
[173] 339, 1574, 1993
[174] 401, 587, 991
[175] 409, 815, 2391
[176] 427, 1411, 2378
[177] 298, 440, 900
[178] 457, 462, 1775
[179] 479, 938, 2302
[180] 491, 2346, 2514
[181] 506, 669, 2530
[182] 575, 680, 1790
[183] 599, 919, 2795
[184] 614, 1125, 1723
[185] 156, 621, 1488
[186] 631, 699, 1651
[187] 712, 852, 2469
[188] 718, 1686, 1951
[189] 582, 734, 2367
[190] 748, 1561, 2318
[191] 526, 759, 2088
[192] 765, 1140, 1484
[193] 800, 1808, 2393
[194] 835, 2186, 2547
[195] 392, 849, 1345
[196] 882, 1048, 1548
[197] 21, 916, 1169
[198] 946, 1154, 2240
[199] 437, 997, 1498
[200] 45, 1015, 2445
[201] 878, 1077, 1976
[202] 1295, 1503, 2238
[203] 1349, 1938, 2161
[204] 1362, 1780, 2540
[205] 1375, 2266, 2563
[206] 1384, 1641, 1927
[207] 1477, 2337, 2647
[208] 1682, 1778, 2204
[209] 1218, 2036, 2157
[210] 947, 2227, 2241
[211] 1176, 2297, 2316
[212] 1444, 2484, 2651
[213] 2451, 2525, 2814
[214] 4, 792
[215] 38, 2042
[216] 47, 1922
[217] 57, 678
[218] 58, 421
[219] 66, 2601
[220] 77, 2090
[221] 91, 1304
[222] 111, 637
[223] 114, 253
[224] 203, 2210
[225] 211, 1082
[226] 218, 1789
[227] 242, 1497
[228] 256, 1197
[229] 257, 704
[230] 260, 1536
[231] 366, 2408
[232] 374, 2444
[233] 422, 2634
[234] 433, 856
[235] 450, 1333
[236] 476, 1195
[237] 518, 1243
[238] 543, 1247
[239] 570, 2136
[240] 574, 2512
[241] 583, 1726
[242] 605, 1016
[243] 618, 868
[244] 635, 2809
[245] 208, 640
[246] 651, 1392
[247] 708, 812
[248] 728, 738
[249] 739, 807
[250] 199, 756
[251] 481, 762
[252] 769, 1638
[253] 773, 1414
[254] 794, 2555
[255] 843, 1508
[256] 864, 2679
[257] 872, 2110
[258] 949, 1779
[259] 966, 1689
[260] 979, 2103
[261] 985, 1455
[262] 996, 1844
[263] 854, 1014
[264] 1031, 1165
[265] 1119, 2622
[266] 1147, 2284
[267] 1108, 1148
[268] 1149, 2774
[269] 1152, 2018
[270] 1160, 1385
[271] 731, 1181
[272] 1038, 1208
[273] 943, 1213
[274] 803, 1222
[275] 1228, 1800
[276] 1173, 1236
[277] 1240, 1505
[278] 1241, 2751
[279] 1257, 1266
[280] 1272, 1865
[281] 1297, 1863
[282] 1313, 1482
[283] 1315, 1591
[284] 1327, 1419
[285] 870, 1331
[286] 1367, 2071
[287] 153, 1391
[288] 603, 1399
[289] 1428, 1528
[290] 438, 1463
[291] 1480, 2281
[292] 1511, 1957
[293] 1512, 1560
[294] 1422, 1544
[295] 549, 1569
[296] 1424, 1582
[297] 675, 1597
[298] 345, 1626
[299] 1430, 1660
[300] 1668, 2786
[301] 789, 1707
[302] 363, 1710
[303] 1877, 2067
[304] 1017, 1891
[305] 665, 1915
[306] 1280, 1948
[307] 1291, 1967
[308] 1928, 1987
[309] 1725, 1990
[310] 1534, 2045
[311] 287, 2131
[312] 1614, 2137
[313] 2148, 2744
[314] 989, 2168
[315] 2096, 2176
[316] 2097, 2177
[317] 2191, 2430
[318] 403, 2226
[319] 217, 2259
[320] 2336, 2646
[321] 988, 2377
[322] 1458, 2441
[323] 2442, 2787
[324] 1585, 2496
[325] 1326, 2561
[326] 1204, 2644
[327] 2600, 2648
[328] 971, 2659
[329] 2243, 2702
[330] 646, 2735
[331] 24
[332] 44
[333] 71
[334] 75
[335] 99
[336] 141
[337] 148
[338] 150
[339] 210
[340] 223
[341] 243
[342] 271
[343] 279
[344] 291
[345] 296
[346] 317
[347] 332
[348] 351
[349] 378
[350] 394
[351] 418
[352] 441
[353] 453
[354] 524
[355] 551
[356] 554
[357] 557
[358] 558
[359] 573
[360] 578
[361] 596
[362] 597
[363] 622
[364] 625
[365] 626
[366] 648
[367] 653
[368] 670
[369] 672
[370] 684
[371] 688
[372] 689
[373] 711
[374] 720
[375] 730
[376] 749
[377] 780
[378] 787
[379] 806
[380] 844
[381] 855
[382] 858
[383] 869
[384] 883
[385] 907
[386] 929
[387] 936
[388] 952
[389] 960
[390] 961
[391] 965
[392] 1001
[393] 1026
[394] 1041
[395] 1049
[396] 1050
[397] 1053
[398] 1070
[399] 1081
[400] 1100
[401] 1180
[402] 1225
[403] 1227
[404] 1230
[405] 1268
[406] 1270
[407] 1271
[408] 1277
[409] 1288
[410] 1292
[411] 1306
[412] 1311
[413] 1321
[414] 1324
[415] 1339
[416] 1358
[417] 1363
[418] 1382
[419] 1397
[420] 1404
[421] 1418
[422] 1461
[423] 1465
[424] 1470
[425] 1472
[426] 1490
[427] 1491
[428] 1514
[429] 1529
[430] 1563
[431] 1579
[432] 1586
[433] 1598
[434] 1613
[435] 1633
[436] 1642
[437] 1652
[438] 1654
[439] 1657
[440] 1662
[441] 1669
[442] 1688
[443] 1696
[444] 1697
[445] 1700
[446] 1715
[447] 1788
[448] 1799
[449] 1826
[450] 1835
[451] 1864
[452] 1867
[453] 1872
[454] 1873
[455] 1880
[456] 1884
[457] 1893
[458] 1958
[459] 1960
[460] 2015
[461] 2023
[462] 2031
[463] 2034
[464] 2058
[465] 2065
[466] 2078
[467] 2079
[468] 2098
[469] 2101
[470] 2112
[471] 2133
[472] 2142
[473] 2145
[474] 2189
[475] 2205
[476] 2217
[477] 2224
[478] 2225
[479] 2312
[480] 2314
[481] 2327
[482] 2348
[483] 2350
[484] 2351
[485] 2356
[486] 2365
[487] 2370
[488] 2416
[489] 2422
[490] 2424
[491] 2428
[492] 2454
[493] 2472
[494] 2479
[495] 2486
[496] 2503
[497] 2504
[498] 2534
[499] 2537
[500] 2541
[501] 2588
[502] 2592
[503] 2599
[504] 2610
[505] 2619
[506] 2638
[507] 2704
[508] 2706
[509] 2714
[510] 2720
[511] 2721
[512] 2724
[513] 2734
[514] 2750
[515] 2769
[516] 2779
[517] 2781
[518] 2783
[519] 2792
[520] 2799
[521] 2804
[522] 2806

Reassigned labels

Runtime: 110.55330801010132

Performance split_log:

IM without threshold:
Map:
{"D_0": "D", "D_1": "D", "D_2": "D", "D_3": "D", "D_4": "D", "D_5": "D", "D_6": "D", "D_7": "D", "D_8": "D", "D_9": "D", "D_10": "D", "D_11": "D", "D_12": "D", "D_13": "D", "D_14": "D", "D_15": "D", "D_16": "D", "D_17": "D", "D_18": "D", "D_19": "D", "D_20": "D", "D_21": "D", "D_22": "D", "D_23": "D", "D_24": "D", "D_25": "D", "D_26": "D", "D_27": "D", "D_28": "D", "D_29": "D", "D_30": "D", "D_31": "D", "D_32": "D", "D_33": "D", "D_34": "D", "D_35": "D", "D_36": "D", "D_37": "D", "D_38": "D", "D_39": "D", "D_40": "D", "D_41": "D", "D_42": "D", "D_43": "D", "D_44": "D", "D_45": "D", "D_46": "D", "D_47": "D", "D_48": "D", "D_49": "D", "D_50": "D", "D_51": "D", "D_52": "D", "D_53": "D", "D_54": "D", "D_55": "D", "D_56": "D", "D_57": "D", "D_58": "D", "D_59": "D", "D_60": "D", "D_61": "D", "D_62": "D", "D_63": "D", "D_64": "D", "D_65": "D", "D_66": "D", "D_67": "D", "D_68": "D", "D_69": "D", "D_70": "D", "D_71": "D", "D_72": "D", "D_73": "D", "D_74": "D", "D_75": "D", "D_76": "D", "D_77": "D", "D_78": "D", "D_79": "D", "D_80": "D", "D_81": "D", "D_82": "D", "D_83": "D", "D_84": "D", "D_85": "D", "D_86": "D", "D_87": "D", "D_88": "D", "D_89": "D", "D_90": "D", "D_91": "D", "D_92": "D", "D_93": "D", "D_94": "D", "D_95": "D", "D_96": "D", "D_97": "D", "D_98": "D", "D_99": "D", "D_100": "D", "D_101": "D", "D_102": "D", "D_103": "D", "D_104": "D", "D_105": "D", "D_106": "D", "D_107": "D", "D_108": "D", "D_109": "D", "D_110": "D", "D_111": "D", "D_112": "D", "D_113": "D", "D_114": "D", "D_115": "D", "D_116": "D", "D_117": "D", "D_118": "D", "D_119": "D", "D_120": "D", "D_121": "D", "D_122": "D", "D_123": "D", "D_124": "D", "D_125": "D", "D_126": "D", "D_127": "D", "D_128": "D", "D_129": "D", "D_130": "D", "D_131": "D", "D_132": "D", "D_133": "D", "D_134": "D", "D_135": "D", "D_136": "D", "D_137": "D", "D_138": "D", "D_139": "D", "D_140": "D", "D_141": "D", "D_142": "D", "D_143": "D", "D_144": "D", "D_145": "D", "D_146": "D", "D_147": "D", "D_148": "D", "D_149": "D", "D_150": "D", "D_151": "D", "D_152": "D", "D_153": "D", "D_154": "D", "D_155": "D", "D_156": "D", "D_157": "D", "D_158": "D", "D_159": "D", "D_160": "D", "D_161": "D", "D_162": "D", "D_163": "D", "D_164": "D", "D_165": "D", "D_166": "D", "D_167": "D", "D_168": "D", "D_169": "D", "D_170": "D", "D_171": "D", "D_172": "D", "D_173": "D", "D_174": "D", "D_175": "D", "D_176": "D", "D_177": "D", "D_178": "D", "D_179": "D", "D_180": "D", "D_181": "D", "D_182": "D", "D_183": "D", "D_184": "D", "D_185": "D", "D_186": "D", "D_187": "D", "D_188": "D", "D_189": "D", "D_190": "D", "D_191": "D", "D_192": "D", "D_193": "D", "D_194": "D", "D_195": "D", "D_196": "D", "D_197": "D", "D_198": "D", "D_199": "D", "D_200": "D", "D_201": "D", "D_202": "D", "D_203": "D", "D_204": "D", "D_205": "D", "D_206": "D", "D_207": "D", "D_208": "D", "D_209": "D", "D_210": "D", "D_211": "D", "D_212": "D", "D_213": "D", "D_214": "D", "D_215": "D", "D_216": "D", "D_217": "D", "D_218": "D", "D_219": "D", "D_220": "D", "D_221": "D", "D_222": "D", "D_223": "D", "D_224": "D", "D_225": "D", "D_226": "D", "D_227": "D", "D_228": "D", "D_229": "D", "D_230": "D", "D_231": "D", "D_232": "D", "D_233": "D", "D_234": "D", "D_235": "D", "D_236": "D", "D_237": "D", "D_238": "D", "D_239": "D", "D_240": "D", "D_241": "D", "D_242": "D", "D_243": "D", "D_244": "D", "D_245": "D", "D_246": "D", "D_247": "D", "D_248": "D", "D_249": "D", "D_250": "D", "D_251": "D", "D_252": "D", "D_253": "D", "D_254": "D", "D_255": "D", "D_256": "D", "D_257": "D", "D_258": "D", "D_259": "D", "D_260": "D", "D_261": "D", "D_262": "D", "D_263": "D", "D_264": "D", "D_265": "D", "D_266": "D", "D_267": "D", "D_268": "D", "D_269": "D", "D_270": "D", "D_271": "D", "D_272": "D", "D_273": "D", "D_274": "D", "D_275": "D", "D_276": "D", "D_277": "D", "D_278": "D", "D_279": "D", "D_280": "D", "D_281": "D", "D_282": "D", "D_283": "D", "D_284": "D", "D_285": "D", "D_286": "D", "D_287": "D", "D_288": "D", "D_289": "D", "D_290": "D", "D_291": "D", "D_292": "D", "D_293": "D", "D_294": "D", "D_295": "D", "D_296": "D", "D_297": "D", "D_298": "D", "D_299": "D", "D_300": "D", "D_301": "D", "D_302": "D", "D_303": "D", "D_304": "D", "D_305": "D", "D_306": "D", "D_307": "D", "D_308": "D", "D_309": "D", "D_310": "D", "D_311": "D", "D_312": "D", "D_313": "D", "D_314": "D", "D_315": "D", "D_316": "D", "D_317": "D", "D_318": "D", "D_319": "D", "D_320": "D", "D_321": "D", "D_322": "D", "D_323": "D", "D_324": "D", "D_325": "D", "D_326": "D", "D_327": "D", "D_328": "D", "D_329": "D", "D_330": "D", "D_331": "D", "D_332": "D", "D_333": "D", "D_334": "D", "D_335": "D", "D_336": "D", "D_337": "D", "D_338": "D", "D_339": "D", "D_340": "D", "D_341": "D", "D_342": "D", "D_343": "D", "D_344": "D", "D_345": "D", "D_346": "D", "D_347": "D", "D_348": "D", "D_349": "D", "D_350": "D", "D_351": "D", "D_352": "D", "D_353": "D", "D_354": "D", "D_355": "D", "D_356": "D", "D_357": "D", "D_358": "D", "D_359": "D", "D_360": "D", "D_361": "D", "D_362": "D", "D_363": "D", "D_364": "D", "D_365": "D", "D_366": "D", "D_367": "D", "D_368": "D", "D_369": "D", "D_370": "D", "D_371": "D", "D_372": "D", "D_373": "D", "D_374": "D", "D_375": "D", "D_376": "D", "D_377": "D", "D_378": "D", "D_379": "D", "D_380": "D", "D_381": "D", "D_382": "D", "D_383": "D", "D_384": "D", "D_385": "D", "D_386": "D", "D_387": "D", "D_388": "D", "D_389": "D", "D_390": "D", "D_391": "D", "D_392": "D", "D_393": "D", "D_394": "D", "D_395": "D", "D_396": "D", "D_397": "D", "D_398": "D", "D_399": "D", "D_400": "D", "D_401": "D", "D_402": "D", "D_403": "D", "D_404": "D", "D_405": "D", "D_406": "D", "D_407": "D", "D_408": "D", "D_409": "D", "D_410": "D", "D_411": "D", "D_412": "D", "D_413": "D", "D_414": "D", "D_415": "D", "D_416": "D", "D_417": "D", "D_418": "D", "D_419": "D", "D_420": "D", "D_421": "D", "D_422": "D", "D_423": "D", "D_424": "D", "D_425": "D", "D_426": "D", "D_427": "D", "D_428": "D", "D_429": "D", "D_430": "D", "D_431": "D", "D_432": "D", "D_433": "D", "D_434": "D", "D_435": "D", "D_436": "D", "D_437": "D", "D_438": "D", "D_439": "D", "D_440": "D", "D_441": "D", "D_442": "D", "D_443": "D", "D_444": "D", "D_445": "D", "D_446": "D", "D_447": "D", "D_448": "D", "D_449": "D", "D_450": "D", "D_451": "D", "D_452": "D", "D_453": "D", "D_454": "D", "D_455": "D", "D_456": "D", "D_457": "D", "D_458": "D", "D_459": "D", "D_460": "D", "D_461": "D", "D_462": "D", "D_463": "D", "D_464": "D", "D_465": "D", "D_466": "D", "D_467": "D", "D_468": "D", "D_469": "D", "D_470": "D", "D_471": "D", "D_472": "D", "D_473": "D", "D_474": "D", "D_475": "D", "D_476": "D", "D_477": "D", "D_478": "D", "D_479": "D", "D_480": "D", "D_481": "D", "D_482": "D", "D_483": "D", "D_484": "D", "D_485": "D", "D_486": "D", "D_487": "D", "D_488": "D", "D_489": "D", "D_490": "D", "D_491": "D", "D_492": "D", "D_493": "D", "D_494": "D", "D_495": "D", "D_496": "D", "D_497": "D", "D_498": "D", "D_499": "D", "D_500": "D", "D_501": "D", "D_502": "D", "D_503": "D", "D_504": "D", "D_505": "D", "D_506": "D", "D_507": "D", "D_508": "D", "D_509": "D", "D_510": "D", "D_511": "D", "D_512": "D", "D_513": "D", "D_514": "D", "D_515": "D", "D_516": "D", "D_517": "D", "D_518": "D", "D_519": "D", "D_520": "D", "D_521": "D", "D_522": "D"}
token_fitness
{"perc_fit_traces": 60.1, "average_trace_fitness": 0.9803079373191173, "log_fitness": 0.9862559164956173, "percentage_of_fitting_traces": 60.1}
precision
0.6278846828310225
0.5521714608009024
generalization
0.1313800409786554

Adjusted Rand Index:
0.09084583788445598



Parameters of this run:

Window size: 5
Threshold for edges: 0
Split candidates: D
Max number of traces: 5000000
Method for distance calculation: Distance.MULTISET_DISTANCE
Method for finding clusters: ClusteringMethod.COMMUNITY_DETECTION
Original log location: ./data/noImprInLoop_default_OD\feb17-0936\logs\H_1_LogD_Sequence_feb17-0936.xes.gz
Use frequency: True

Found communities: 

Clustering with 2819 elements and 3 clusters
[0] 2, 5, 8, 10, 11, 14, 17, 20, 22, 23, 25, 28, 31, 33, 34, 36, 37, 39, 40,
    43, 45, 48, 51, 55, 59, 61, 62, 65, 66, 67, 70, 71, 72, 76, 78, 80, 81,
    83, 84, 86, 87, 90, 91, 92, 95, 96, 98, 99, 100, 101, 102, 105, 107, 108,
    113, 115, 118, 119, 120, 121, 123, 124, 126, 129, 131, 134, 135, 136, 137,
    139, 142, 143, 144, 148, 151, 154, 157, 158, 161, 162, 166, 168, 169, 170,
    171, 173, 175, 176, 177, 178, 182, 185, 188, 189, 192, 193, 197, 200, 204,
    206, 207, 209, 212, 216, 219, 221, 222, 224, 227, 230, 233, 236, 237, 239,
    240, 243, 245, 246, 249, 250, 251, 254, 257, 258, 261, 263, 264, 267, 269,
    270, 272, 275, 280, 283, 286, 288, 290, 292, 293, 297, 300, 302, 305, 308,
    309, 313, 314, 315, 317, 318, 324, 325, 329, 331, 333, 335, 338, 340, 344,
    346, 348, 349, 352, 356, 359, 361, 362, 364, 367, 369, 370, 375, 376, 377,
    379, 380, 383, 388, 391, 392, 393, 395, 396, 397, 398, 399, 400, 402, 404,
    405, 406, 407, 410, 411, 412, 413, 415, 417, 419, 422, 424, 425, 427, 428,
    431, 432, 434, 437, 438, 439, 442, 444, 445, 448, 449, 452, 455, 458, 459,
    460, 463, 466, 469, 472, 473, 475, 477, 480, 482, 484, 485, 489, 492, 493,
    494, 496, 499, 501, 502, 505, 507, 510, 511, 513, 514, 516, 517, 519, 520,
    522, 523, 525, 527, 531, 535, 539, 541, 542, 544, 546, 550, 552, 553, 555,
    560, 563, 565, 567, 568, 571, 572, 574, 575, 577, 579, 581, 584, 585, 586,
    588, 590, 591, 594, 595, 597, 598, 600, 603, 606, 607, 609, 610, 612, 613,
    615, 617, 619, 623, 624, 632, 633, 636, 639, 641, 644, 647, 649, 651, 655,
    657, 658, 660, 664, 666, 668, 671, 672, 673, 676, 680, 681, 682, 685, 687,
    689, 691, 694, 697, 700, 701, 704, 705, 707, 709, 711, 712, 713, 716, 718,
    719, 721, 723, 726, 729, 732, 736, 739, 742, 745, 746, 750, 752, 753, 755,
    757, 760, 763, 767, 770, 771, 774, 775, 777, 778, 781, 784, 785, 788, 793,
    795, 798, 799, 801, 804, 807, 809, 810, 811, 813, 816, 817, 819, 822, 823,
    824, 825, 827, 830, 833, 834, 836, 839, 841, 842, 845, 847, 848, 849, 850,
    852, 853, 857, 860, 862, 863, 865, 867, 869, 871, 873, 876, 877, 880, 883,
    885, 886, 888, 889, 891, 893, 894, 897, 898, 902, 904, 905, 907, 908, 910,
    911, 914, 915, 917, 918, 920, 924, 927, 928, 930, 933, 934, 937, 939, 942,
    944, 949, 950, 951, 953, 954, 958, 961, 963, 964, 966, 970, 972, 975, 976,
    977, 980, 982, 983, 986, 987, 989, 990, 992, 993, 994, 997, 999, 1000,
    1002, 1003, 1006, 1007, 1010, 1013, 1015, 1018, 1021, 1022, 1024, 1025,
    1027, 1029, 1030, 1033, 1035, 1039, 1042, 1043, 1046, 1049, 1051, 1052,
    1054, 1057, 1058, 1061, 1062, 1065, 1066, 1067, 1070, 1071, 1075, 1079,
    1083, 1085, 1088, 1089, 1093, 1095, 1096, 1099, 1101, 1104, 1105, 1108,
    1110, 1112, 1113, 1114, 1117, 1118, 1121, 1124, 1126, 1129, 1131, 1132,
    1135, 1137, 1138, 1142, 1145, 1148, 1150, 1153, 1155, 1157, 1160, 1161,
    1163, 1164, 1167, 1170, 1171, 1175, 1177, 1182, 1185, 1188, 1189, 1191,
    1194, 1196, 1198, 1199, 1201, 1202, 1205, 1209, 1211, 1212, 1214, 1217,
    1219, 1220, 1223, 1226, 1231, 1235, 1238, 1244, 1245, 1248, 1250, 1254,
    1258, 1261, 1264, 1267, 1269, 1272, 1273, 1274, 1278, 1281, 1284, 1286,
    1287, 1289, 1293, 1296, 1298, 1299, 1302, 1304, 1305, 1307, 1309, 1312,
    1314, 1316, 1317, 1319, 1321, 1322, 1325, 1327, 1329, 1332, 1334, 1335,
    1337, 1340, 1341, 1344, 1345, 1346, 1350, 1352, 1353, 1357, 1359, 1361,
    1366, 1368, 1369, 1370, 1372, 1373, 1375, 1376, 1380, 1383, 1385, 1386,
    1389, 1390, 1392, 1395, 1396, 1399, 1402, 1403, 1405, 1407, 1408, 1411,
    1412, 1415, 1416, 1419, 1420, 1421, 1423, 1425, 1427, 1429, 1432, 1435,
    1437, 1438, 1442, 1444, 1446, 1449, 1450, 1454, 1456, 1457, 1459, 1462,
    1463, 1464, 1466, 1469, 1471, 1473, 1474, 1478, 1480, 1481, 1483, 1486,
    1495, 1498, 1504, 1506, 1509, 1512, 1515, 1519, 1524, 1526, 1527, 1529,
    1531, 1532, 1535, 1537, 1540, 1541, 1542, 1543, 1545, 1546, 1549, 1551,
    1552, 1554, 1558, 1560, 1562, 1564, 1565, 1567, 1570, 1572, 1575, 1578,
    1580, 1581, 1583, 1586, 1587, 1590, 1592, 1593, 1595, 1596, 1598, 1601,
    1603, 1604, 1605, 1606, 1610, 1612, 1614, 1615, 1617, 1618, 1621, 1625,
    1627, 1629, 1630, 1634, 1639, 1640, 1643, 1647, 1650, 1653, 1656, 1658,
    1662, 1663, 1664, 1667, 1670, 1671, 1674, 1677, 1679, 1680, 1683, 1686,
    1687, 1689, 1693, 1695, 1698, 1700, 1701, 1703, 1704, 1705, 1706, 1708,
    1711, 1713, 1714, 1716, 1718, 1720, 1722, 1724, 1727, 1731, 1733, 1734,
    1737, 1738, 1742, 1743, 1744, 1748, 1751, 1753, 1755, 1756, 1759, 1761,
    1763, 1765, 1766, 1768, 1769, 1772, 1776, 1779, 1784, 1786, 1790, 1793,
    1794, 1795, 1797, 1798, 1803, 1807, 1809, 1812, 1814, 1815, 1818, 1821,
    1822, 1824, 1825, 1827, 1830, 1832, 1833, 1836, 1839, 1840, 1841, 1845,
    1848, 1850, 1851, 1854, 1855, 1857, 1858, 1861, 1865, 1868, 1870, 1871,
    1874, 1876, 1879, 1881, 1885, 1888, 1889, 1892, 1894, 1897, 1900, 1901,
    1903, 1904, 1906, 1907, 1910, 1911, 1913, 1914, 1916, 1919, 1923, 1925,
    1926, 1928, 1929, 1931, 1932, 1934, 1936, 1939, 1941, 1942, 1945, 1951,
    1952, 1955, 1961, 1962, 1963, 1966, 1968, 1969, 1970, 1971, 1973, 1974,
    1978, 1981, 1982, 1985, 1987, 1988, 1991, 1994, 1997, 1998, 1999, 2002,
    2003, 2007, 2009, 2010, 2012, 2016, 2019, 2021, 2022, 2024, 2027, 2029,
    2032, 2033, 2035, 2037, 2038, 2040, 2041, 2043, 2044, 2046, 2048, 2052,
    2056, 2057, 2059, 2062, 2064, 2065, 2066, 2068, 2069, 2072, 2075, 2077,
    2079, 2081, 2082, 2085, 2086, 2089, 2091, 2092, 2095, 2097, 2099, 2100,
    2102, 2104, 2106, 2107, 2108, 2109, 2111, 2112, 2113, 2116, 2117, 2118,
    2119, 2121, 2122, 2124, 2125, 2128, 2130, 2132, 2133, 2134, 2137, 2140,
    2143, 2146, 2150, 2153, 2155, 2158, 2159, 2162, 2165, 2166, 2168, 2169,
    2172, 2174, 2175, 2177, 2179, 2180, 2181, 2182, 2184, 2185, 2187, 2190,
    2192, 2194, 2195, 2197, 2198, 2201, 2202, 2207, 2208, 2213, 2215, 2216,
    2218, 2221, 2223, 2225, 2228, 2233, 2235, 2236, 2239, 2242, 2244, 2246,
    2249, 2251, 2252, 2255, 2257, 2258, 2260, 2261, 2263, 2264, 2266, 2267,
    2269, 2270, 2271, 2274, 2277, 2278, 2281, 2282, 2285, 2289, 2291, 2293,
    2294, 2295, 2296, 2298, 2300, 2301, 2303, 2305, 2306, 2310, 2313, 2315,
    2317, 2319, 2320, 2323, 2325, 2326, 2328, 2329, 2331, 2332, 2333, 2334,
    2335, 2338, 2340, 2341, 2343, 2344, 2347, 2349, 2351, 2354, 2355, 2357,
    2359, 2360, 2362, 2363, 2364, 2366, 2368, 2369, 2371, 2374, 2375, 2378,
    2381, 2383, 2387, 2390, 2392, 2394, 2397, 2399, 2400, 2402, 2405, 2406,
    2409, 2412, 2413, 2414, 2415, 2417, 2419, 2420, 2423, 2425, 2427, 2428,
    2429, 2431, 2433, 2434, 2436, 2437, 2439, 2442, 2445, 2448, 2452, 2455,
    2458, 2460, 2463, 2464, 2467, 2468, 2469, 2470, 2473, 2476, 2477, 2480,
    2481, 2484, 2487, 2489, 2490, 2491, 2492, 2495, 2498, 2500, 2501, 2504,
    2506, 2508, 2509, 2510, 2512, 2513, 2515, 2519, 2522, 2523, 2526, 2528,
    2531, 2532, 2535, 2538, 2544, 2546, 2548, 2551, 2553, 2554, 2556, 2557,
    2559, 2562, 2563, 2564, 2566, 2567, 2570, 2571, 2573, 2574, 2577, 2578,
    2581, 2583, 2586, 2587, 2589, 2593, 2597, 2600, 2601, 2602, 2603, 2604,
    2606, 2608, 2611, 2614, 2615, 2616, 2620, 2624, 2627, 2629, 2630, 2634,
    2636, 2637, 2639, 2642, 2645, 2648, 2651, 2652, 2655, 2657, 2658, 2660,
    2661, 2663, 2664, 2666, 2667, 2669, 2671, 2674, 2675, 2678, 2680, 2681,
    2682, 2684, 2685, 2689, 2693, 2695, 2696, 2698, 2700, 2701, 2703, 2704,
    2705, 2707, 2709, 2710, 2711, 2712, 2715, 2718, 2721, 2722, 2726, 2729,
    2732, 2736, 2739, 2741, 2742, 2745, 2746, 2748, 2749, 2754, 2755, 2758,
    2760, 2761, 2764, 2766, 2767, 2770, 2771, 2775, 2777, 2780, 2782, 2784,
    2785, 2787, 2789, 2790, 2793, 2796, 2798, 2800, 2805, 2807, 2808, 2810,
    2811, 2812, 2815, 2817, 2818
[1] 1, 3, 4, 7, 9, 12, 13, 16, 19, 21, 24, 26, 27, 29, 30, 32, 35, 38, 41, 42,
    44, 46, 47, 49, 50, 53, 54, 57, 58, 60, 63, 64, 68, 69, 74, 75, 77, 79,
    85, 88, 89, 94, 97, 103, 104, 106, 109, 110, 111, 112, 114, 117, 122, 125,
    128, 130, 133, 138, 141, 146, 147, 149, 150, 153, 155, 156, 160, 164, 165,
    172, 174, 180, 181, 184, 187, 191, 195, 196, 199, 202, 203, 205, 208, 210,
    211, 214, 215, 217, 218, 220, 223, 225, 226, 228, 229, 231, 232, 235, 241,
    242, 248, 253, 256, 260, 262, 265, 266, 268, 271, 274, 276, 277, 279, 281,
    282, 285, 287, 289, 291, 294, 295, 296, 298, 299, 301, 303, 304, 307, 311,
    312, 320, 321, 323, 327, 328, 330, 332, 334, 337, 339, 342, 343, 345, 347,
    350, 351, 354, 355, 357, 358, 363, 366, 371, 372, 374, 378, 381, 382, 384,
    385, 387, 389, 390, 394, 401, 403, 409, 414, 416, 418, 420, 421, 426, 430,
    433, 435, 436, 440, 441, 447, 450, 451, 453, 454, 456, 457, 461, 462, 464,
    465, 467, 468, 471, 474, 476, 479, 481, 483, 487, 488, 491, 495, 498, 504,
    506, 509, 512, 518, 521, 524, 526, 529, 530, 533, 534, 537, 538, 543, 545,
    548, 549, 551, 554, 557, 558, 559, 562, 564, 566, 570, 573, 576, 578, 580,
    582, 583, 587, 589, 593, 596, 599, 601, 602, 605, 608, 611, 614, 616, 618,
    620, 621, 622, 625, 626, 628, 629, 631, 635, 637, 638, 640, 642, 643, 645,
    646, 648, 650, 653, 654, 656, 659, 662, 663, 665, 667, 669, 670, 675, 678,
    679, 684, 686, 688, 690, 693, 696, 699, 703, 706, 708, 710, 714, 715, 717,
    720, 722, 724, 725, 728, 730, 731, 734, 735, 738, 741, 744, 748, 749, 751,
    754, 756, 759, 762, 765, 766, 769, 773, 776, 779, 780, 783, 787, 789, 790,
    791, 792, 794, 797, 800, 803, 806, 808, 812, 815, 818, 821, 826, 829, 832,
    835, 838, 840, 843, 844, 854, 855, 856, 858, 859, 861, 864, 866, 868, 870,
    872, 875, 878, 879, 881, 882, 884, 887, 890, 892, 896, 900, 901, 903, 913,
    916, 919, 922, 923, 926, 929, 932, 936, 938, 940, 941, 943, 946, 947, 948,
    952, 956, 957, 960, 962, 965, 967, 968, 969, 971, 974, 979, 981, 985, 988,
    991, 995, 996, 998, 1001, 1005, 1009, 1012, 1014, 1016, 1017, 1020, 1026,
    1028, 1031, 1032, 1034, 1037, 1038, 1041, 1045, 1047, 1048, 1050, 1053,
    1056, 1060, 1064, 1069, 1073, 1074, 1077, 1078, 1081, 1082, 1084, 1087,
    1091, 1092, 1098, 1100, 1103, 1106, 1107, 1109, 1111, 1116, 1119, 1120,
    1123, 1125, 1127, 1128, 1130, 1134, 1136, 1140, 1141, 1144, 1146, 1147,
    1149, 1151, 1152, 1154, 1156, 1159, 1162, 1165, 1166, 1169, 1173, 1174,
    1176, 1178, 1179, 1180, 1181, 1183, 1184, 1187, 1190, 1192, 1193, 1195,
    1197, 1200, 1203, 1204, 1207, 1208, 1210, 1213, 1216, 1218, 1222, 1225,
    1227, 1228, 1229, 1230, 1233, 1234, 1236, 1237, 1240, 1241, 1243, 1247,
    1249, 1252, 1253, 1256, 1257, 1260, 1262, 1263, 1265, 1266, 1268, 1270,
    1271, 1276, 1277, 1279, 1280, 1282, 1283, 1285, 1288, 1291, 1292, 1294,
    1295, 1297, 1300, 1301, 1306, 1308, 1310, 1311, 1313, 1315, 1318, 1324,
    1326, 1328, 1331, 1333, 1336, 1339, 1343, 1348, 1349, 1351, 1355, 1356,
    1358, 1360, 1362, 1363, 1364, 1365, 1367, 1371, 1378, 1379, 1381, 1382,
    1384, 1388, 1391, 1394, 1397, 1398, 1401, 1404, 1406, 1410, 1414, 1418,
    1422, 1424, 1426, 1428, 1430, 1431, 1433, 1434, 1440, 1441, 1443, 1445,
    1448, 1452, 1453, 1455, 1458, 1461, 1465, 1467, 1468, 1470, 1472, 1476,
    1477, 1479, 1482, 1484, 1485, 1487, 1488, 1490, 1491, 1493, 1494, 1496,
    1497, 1500, 1501, 1502, 1503, 1505, 1508, 1511, 1514, 1517, 1518, 1520,
    1521, 1523, 1528, 1530, 1534, 1536, 1539, 1544, 1547, 1548, 1550, 1553,
    1556, 1557, 1559, 1561, 1563, 1566, 1568, 1569, 1571, 1574, 1576, 1577,
    1579, 1582, 1585, 1588, 1589, 1591, 1594, 1597, 1599, 1600, 1602, 1608,
    1609, 1611, 1613, 1616, 1620, 1623, 1624, 1626, 1632, 1633, 1635, 1636,
    1638, 1641, 1642, 1645, 1646, 1648, 1649, 1651, 1652, 1654, 1655, 1657,
    1660, 1661, 1666, 1668, 1669, 1673, 1675, 1676, 1678, 1682, 1685, 1688,
    1691, 1692, 1694, 1696, 1697, 1702, 1707, 1710, 1715, 1717, 1719, 1721,
    1723, 1725, 1726, 1729, 1730, 1732, 1736, 1740, 1741, 1746, 1747, 1750,
    1752, 1754, 1758, 1760, 1762, 1764, 1770, 1771, 1774, 1775, 1778, 1780,
    1781, 1783, 1785, 1788, 1789, 1792, 1796, 1799, 1800, 1801, 1802, 1805,
    1806, 1808, 1810, 1811, 1813, 1816, 1817, 1820, 1823, 1826, 1828, 1829,
    1831, 1835, 1838, 1843, 1844, 1846, 1847, 1849, 1853, 1856, 1860, 1863,
    1864, 1867, 1869, 1872, 1873, 1875, 1877, 1878, 1880, 1883, 1884, 1887,
    1890, 1891, 1893, 1896, 1899, 1909, 1912, 1915, 1917, 1918, 1921, 1922,
    1924, 1927, 1933, 1935, 1937, 1938, 1940, 1943, 1944, 1947, 1948, 1950,
    1954, 1957, 1958, 1960, 1964, 1965, 1967, 1972, 1976, 1977, 1980, 1983,
    1984, 1986, 1990, 1993, 1996, 2001, 2005, 2006, 2008, 2011, 2014, 2015,
    2017, 2018, 2020, 2023, 2026, 2028, 2031, 2034, 2036, 2039, 2042, 2045,
    2047, 2050, 2051, 2053, 2054, 2055, 2058, 2060, 2061, 2063, 2067, 2071,
    2073, 2074, 2076, 2078, 2080, 2084, 2088, 2090, 2093, 2094, 2096, 2098,
    2101, 2103, 2105, 2110, 2115, 2120, 2123, 2127, 2129, 2131, 2136, 2139,
    2142, 2145, 2148, 2149, 2152, 2154, 2157, 2160, 2161, 2164, 2167, 2171,
    2176, 2178, 2183, 2186, 2188, 2189, 2191, 2193, 2196, 2200, 2204, 2205,
    2206, 2209, 2210, 2212, 2217, 2219, 2220, 2222, 2224, 2226, 2227, 2229,
    2230, 2231, 2232, 2234, 2237, 2238, 2240, 2241, 2243, 2245, 2247, 2248,
    2250, 2253, 2254, 2256, 2259, 2262, 2268, 2272, 2273, 2276, 2280, 2283,
    2284, 2287, 2288, 2290, 2292, 2297, 2299, 2302, 2304, 2308, 2309, 2311,
    2312, 2314, 2316, 2318, 2322, 2324, 2327, 2330, 2336, 2337, 2339, 2346,
    2348, 2350, 2353, 2356, 2361, 2365, 2367, 2370, 2373, 2377, 2379, 2380,
    2382, 2385, 2386, 2388, 2389, 2391, 2393, 2396, 2398, 2401, 2404, 2408,
    2411, 2416, 2418, 2421, 2422, 2424, 2426, 2430, 2432, 2435, 2438, 2441,
    2444, 2447, 2450, 2451, 2454, 2456, 2457, 2459, 2462, 2466, 2472, 2475,
    2479, 2483, 2485, 2486, 2488, 2493, 2494, 2496, 2497, 2503, 2505, 2507,
    2511, 2514, 2517, 2518, 2521, 2524, 2525, 2527, 2530, 2534, 2537, 2540,
    2541, 2542, 2543, 2545, 2547, 2549, 2550, 2552, 2555, 2558, 2561, 2565,
    2569, 2572, 2576, 2579, 2580, 2582, 2585, 2588, 2591, 2592, 2595, 2596,
    2598, 2599, 2605, 2607, 2609, 2610, 2612, 2613, 2618, 2619, 2622, 2623,
    2626, 2632, 2633, 2635, 2638, 2641, 2643, 2644, 2646, 2647, 2650, 2654,
    2656, 2659, 2662, 2668, 2670, 2673, 2677, 2679, 2687, 2688, 2691, 2692,
    2697, 2699, 2702, 2706, 2708, 2713, 2714, 2716, 2717, 2720, 2724, 2725,
    2727, 2728, 2730, 2731, 2734, 2735, 2738, 2740, 2744, 2750, 2751, 2753,
    2757, 2759, 2763, 2765, 2769, 2772, 2773, 2774, 2776, 2778, 2779, 2781,
    2783, 2786, 2788, 2792, 2795, 2797, 2799, 2801, 2802, 2804, 2806, 2809,
    2813, 2814, 2816
[2] 0, 6, 15, 18, 52, 56, 73, 82, 93, 116, 127, 132, 140, 145, 152, 159, 163,
    167, 179, 183, 186, 190, 194, 198, 201, 213, 234, 238, 244, 247, 252, 255,
    259, 273, 278, 284, 306, 310, 316, 319, 322, 326, 336, 341, 353, 360, 365,
    368, 373, 386, 408, 423, 429, 443, 446, 470, 478, 486, 490, 497, 500, 503,
    508, 515, 528, 532, 536, 540, 547, 556, 561, 569, 592, 604, 627, 630, 634,
    652, 661, 674, 677, 683, 692, 695, 698, 702, 727, 733, 737, 740, 743, 747,
    758, 761, 764, 768, 772, 782, 786, 796, 802, 805, 814, 820, 828, 831, 837,
    846, 851, 874, 895, 899, 906, 909, 912, 921, 925, 931, 935, 945, 955, 959,
    973, 978, 984, 1004, 1008, 1011, 1019, 1023, 1036, 1040, 1044, 1055, 1059,
    1063, 1068, 1072, 1076, 1080, 1086, 1090, 1094, 1097, 1102, 1115, 1122,
    1133, 1139, 1143, 1158, 1168, 1172, 1186, 1206, 1215, 1221, 1224, 1232,
    1239, 1242, 1246, 1251, 1255, 1259, 1275, 1290, 1303, 1320, 1323, 1330,
    1338, 1342, 1347, 1354, 1374, 1377, 1387, 1393, 1400, 1409, 1413, 1417,
    1436, 1439, 1447, 1451, 1460, 1475, 1489, 1492, 1499, 1507, 1510, 1513,
    1516, 1522, 1525, 1533, 1538, 1555, 1573, 1584, 1607, 1619, 1622, 1628,
    1631, 1637, 1644, 1659, 1665, 1672, 1681, 1684, 1690, 1699, 1709, 1712,
    1728, 1735, 1739, 1745, 1749, 1757, 1767, 1773, 1777, 1782, 1787, 1791,
    1804, 1819, 1834, 1837, 1842, 1852, 1859, 1862, 1866, 1882, 1886, 1895,
    1898, 1902, 1905, 1908, 1920, 1930, 1946, 1949, 1953, 1956, 1959, 1975,
    1979, 1989, 1992, 1995, 2000, 2004, 2013, 2025, 2030, 2049, 2070, 2083,
    2087, 2114, 2126, 2135, 2138, 2141, 2144, 2147, 2151, 2156, 2163, 2170,
    2173, 2199, 2203, 2211, 2214, 2265, 2275, 2279, 2286, 2307, 2321, 2342,
    2345, 2352, 2358, 2372, 2376, 2384, 2395, 2403, 2407, 2410, 2440, 2443,
    2446, 2449, 2453, 2461, 2465, 2471, 2474, 2478, 2482, 2499, 2502, 2516,
    2520, 2529, 2533, 2536, 2539, 2560, 2568, 2575, 2584, 2590, 2594, 2617,
    2621, 2625, 2628, 2631, 2640, 2649, 2653, 2665, 2672, 2676, 2683, 2686,
    2690, 2694, 2719, 2723, 2733, 2737, 2743, 2747, 2752, 2756, 2762, 2768,
    2791, 2794, 2803

Reassigned labels

Runtime: 8.87613558769226

Performance split_log:

IM without threshold:
Map:
{"D_0": "D", "D_1": "D", "D_2": "D"}
token_fitness
{"perc_fit_traces": 100.0, "average_trace_fitness": 1.0, "log_fitness": 1.0, "percentage_of_fitting_traces": 100.0}
precision
0.6651824424081929
0.6629213483146068
generalization
0.8052922180482446

Adjusted Rand Index:
0.23527731591100748



Parameters of this run:

Window size: 5
Threshold for edges: 0.25
Split candidates: D
Max number of traces: 5000000
Method for distance calculation: Distance.MULTISET_DISTANCE
Method for finding clusters: ClusteringMethod.COMMUNITY_DETECTION
Original log location: ./data/noImprInLoop_default_OD\feb17-0936\logs\H_1_LogD_Sequence_feb17-0936.xes.gz
Use frequency: True

Found communities: 

Clustering with 2819 elements and 3 clusters
[0] 2, 5, 8, 10, 11, 14, 17, 20, 22, 23, 25, 28, 31, 33, 34, 36, 37, 39, 40,
    43, 45, 48, 51, 55, 59, 61, 62, 65, 67, 70, 71, 72, 76, 78, 80, 81, 83,
    84, 86, 87, 90, 91, 92, 95, 96, 98, 100, 101, 102, 105, 107, 108, 113,
    115, 118, 119, 120, 121, 123, 124, 126, 129, 131, 134, 135, 136, 137, 139,
    142, 143, 144, 148, 151, 154, 157, 158, 161, 162, 166, 168, 169, 170, 171,
    173, 175, 176, 177, 178, 182, 185, 188, 189, 192, 193, 197, 200, 204, 206,
    207, 209, 212, 216, 219, 221, 222, 224, 227, 230, 233, 236, 237, 239, 240,
    243, 245, 246, 249, 250, 251, 254, 257, 258, 261, 263, 264, 267, 269, 270,
    272, 275, 280, 283, 286, 288, 290, 292, 293, 297, 300, 302, 305, 308, 309,
    313, 314, 315, 317, 318, 324, 325, 329, 331, 333, 335, 338, 340, 344, 346,
    348, 349, 352, 356, 359, 361, 362, 364, 367, 369, 370, 375, 376, 377, 379,
    380, 383, 388, 391, 392, 393, 395, 396, 397, 398, 399, 400, 402, 404, 405,
    406, 407, 410, 411, 412, 413, 415, 417, 419, 422, 424, 425, 427, 428, 431,
    432, 434, 437, 438, 439, 442, 444, 445, 448, 449, 452, 455, 458, 459, 460,
    463, 466, 469, 472, 473, 475, 477, 480, 482, 484, 485, 489, 492, 493, 494,
    496, 499, 501, 502, 505, 507, 510, 511, 513, 514, 516, 517, 519, 520, 522,
    523, 525, 527, 531, 535, 539, 541, 542, 544, 546, 550, 552, 553, 555, 560,
    563, 565, 567, 568, 571, 572, 574, 575, 577, 579, 581, 584, 585, 586, 588,
    590, 591, 594, 595, 597, 598, 600, 603, 606, 607, 609, 610, 612, 613, 615,
    617, 619, 623, 624, 632, 633, 636, 639, 641, 644, 647, 649, 651, 655, 657,
    658, 660, 664, 666, 668, 671, 672, 673, 676, 680, 681, 682, 685, 687, 689,
    691, 694, 697, 700, 701, 704, 705, 707, 709, 711, 712, 713, 716, 718, 719,
    721, 723, 726, 729, 732, 736, 739, 742, 745, 746, 750, 752, 753, 755, 757,
    760, 763, 767, 770, 771, 774, 775, 777, 778, 781, 784, 785, 788, 793, 795,
    798, 799, 801, 804, 807, 809, 810, 811, 813, 816, 817, 819, 822, 823, 824,
    825, 827, 830, 833, 834, 836, 839, 841, 842, 845, 847, 848, 849, 850, 852,
    853, 857, 860, 862, 863, 865, 867, 869, 871, 873, 876, 877, 880, 883, 885,
    886, 888, 889, 891, 893, 894, 897, 898, 902, 904, 905, 907, 908, 910, 911,
    914, 915, 917, 918, 920, 924, 927, 928, 930, 933, 934, 937, 939, 942, 944,
    949, 950, 951, 953, 954, 958, 961, 963, 964, 966, 970, 972, 975, 976, 977,
    980, 982, 983, 986, 987, 989, 990, 992, 993, 994, 997, 999, 1000, 1002,
    1003, 1006, 1007, 1010, 1013, 1015, 1018, 1021, 1022, 1024, 1025, 1027,
    1029, 1030, 1033, 1035, 1039, 1042, 1043, 1046, 1049, 1051, 1052, 1054,
    1057, 1058, 1061, 1062, 1065, 1066, 1067, 1070, 1071, 1075, 1079, 1083,
    1085, 1088, 1089, 1093, 1095, 1096, 1099, 1101, 1104, 1105, 1108, 1110,
    1112, 1113, 1114, 1117, 1118, 1121, 1124, 1126, 1129, 1131, 1132, 1135,
    1137, 1138, 1142, 1145, 1148, 1150, 1153, 1155, 1157, 1160, 1161, 1163,
    1164, 1167, 1170, 1171, 1175, 1177, 1182, 1185, 1188, 1189, 1191, 1194,
    1196, 1198, 1199, 1201, 1202, 1205, 1209, 1211, 1212, 1214, 1217, 1219,
    1220, 1223, 1226, 1231, 1235, 1238, 1244, 1245, 1248, 1250, 1254, 1258,
    1261, 1264, 1267, 1269, 1272, 1273, 1274, 1278, 1281, 1284, 1286, 1287,
    1289, 1293, 1296, 1298, 1299, 1302, 1304, 1305, 1307, 1309, 1312, 1314,
    1316, 1317, 1319, 1321, 1322, 1325, 1327, 1329, 1332, 1334, 1335, 1337,
    1340, 1341, 1344, 1345, 1346, 1350, 1352, 1353, 1357, 1359, 1361, 1366,
    1368, 1369, 1370, 1372, 1373, 1375, 1376, 1380, 1383, 1385, 1386, 1389,
    1390, 1392, 1395, 1396, 1399, 1402, 1403, 1405, 1407, 1408, 1411, 1412,
    1415, 1416, 1419, 1420, 1421, 1423, 1425, 1427, 1429, 1432, 1435, 1437,
    1438, 1442, 1444, 1446, 1449, 1450, 1454, 1456, 1457, 1459, 1462, 1463,
    1464, 1466, 1469, 1471, 1473, 1474, 1478, 1480, 1481, 1483, 1486, 1495,
    1498, 1504, 1506, 1509, 1512, 1515, 1519, 1524, 1526, 1527, 1529, 1531,
    1532, 1535, 1537, 1540, 1541, 1542, 1543, 1545, 1546, 1549, 1551, 1552,
    1554, 1558, 1560, 1562, 1564, 1565, 1567, 1570, 1572, 1575, 1578, 1580,
    1581, 1583, 1586, 1587, 1590, 1592, 1593, 1595, 1596, 1598, 1601, 1603,
    1604, 1605, 1606, 1610, 1612, 1614, 1615, 1617, 1618, 1621, 1625, 1627,
    1629, 1630, 1634, 1639, 1640, 1643, 1647, 1650, 1653, 1656, 1658, 1662,
    1663, 1664, 1667, 1670, 1671, 1674, 1677, 1679, 1680, 1683, 1686, 1687,
    1689, 1693, 1695, 1698, 1700, 1701, 1703, 1704, 1705, 1706, 1708, 1711,
    1713, 1714, 1716, 1718, 1720, 1722, 1724, 1727, 1731, 1733, 1734, 1737,
    1738, 1742, 1743, 1744, 1748, 1751, 1753, 1755, 1756, 1759, 1761, 1763,
    1765, 1766, 1768, 1769, 1772, 1776, 1779, 1784, 1786, 1790, 1793, 1794,
    1795, 1797, 1798, 1803, 1807, 1809, 1812, 1814, 1815, 1818, 1821, 1822,
    1824, 1825, 1827, 1830, 1832, 1833, 1836, 1839, 1840, 1841, 1845, 1848,
    1850, 1851, 1854, 1855, 1857, 1858, 1861, 1865, 1868, 1870, 1871, 1874,
    1876, 1879, 1881, 1885, 1888, 1889, 1892, 1894, 1897, 1900, 1901, 1903,
    1904, 1906, 1907, 1910, 1911, 1913, 1914, 1916, 1919, 1923, 1925, 1926,
    1928, 1929, 1931, 1932, 1934, 1936, 1939, 1941, 1942, 1945, 1951, 1952,
    1955, 1961, 1962, 1963, 1966, 1968, 1969, 1970, 1971, 1973, 1974, 1978,
    1981, 1982, 1985, 1987, 1988, 1991, 1994, 1997, 1998, 1999, 2002, 2003,
    2007, 2009, 2010, 2012, 2016, 2019, 2021, 2022, 2024, 2027, 2029, 2032,
    2033, 2035, 2037, 2038, 2040, 2041, 2043, 2044, 2046, 2048, 2052, 2056,
    2057, 2059, 2062, 2064, 2065, 2066, 2068, 2069, 2072, 2075, 2077, 2079,
    2081, 2082, 2085, 2086, 2089, 2091, 2092, 2095, 2097, 2099, 2100, 2102,
    2104, 2106, 2107, 2108, 2109, 2111, 2112, 2113, 2116, 2117, 2118, 2119,
    2121, 2122, 2124, 2125, 2128, 2130, 2132, 2134, 2137, 2140, 2143, 2146,
    2150, 2153, 2155, 2158, 2159, 2162, 2165, 2166, 2168, 2169, 2172, 2174,
    2175, 2177, 2179, 2180, 2181, 2182, 2184, 2185, 2187, 2190, 2192, 2194,
    2195, 2197, 2198, 2201, 2202, 2207, 2208, 2213, 2215, 2216, 2218, 2221,
    2223, 2225, 2228, 2233, 2235, 2236, 2239, 2242, 2244, 2246, 2249, 2251,
    2252, 2255, 2257, 2258, 2260, 2261, 2263, 2264, 2266, 2267, 2269, 2270,
    2271, 2274, 2277, 2278, 2281, 2282, 2285, 2289, 2291, 2293, 2294, 2295,
    2296, 2298, 2300, 2301, 2303, 2305, 2306, 2310, 2313, 2315, 2317, 2319,
    2320, 2323, 2325, 2326, 2328, 2329, 2331, 2332, 2333, 2334, 2335, 2338,
    2340, 2341, 2343, 2344, 2347, 2349, 2351, 2354, 2355, 2357, 2359, 2360,
    2362, 2363, 2364, 2366, 2368, 2369, 2371, 2374, 2375, 2378, 2381, 2383,
    2387, 2390, 2392, 2394, 2397, 2399, 2400, 2402, 2405, 2406, 2409, 2412,
    2413, 2414, 2415, 2417, 2419, 2420, 2423, 2425, 2427, 2428, 2429, 2431,
    2433, 2434, 2436, 2437, 2439, 2442, 2445, 2448, 2452, 2455, 2458, 2460,
    2463, 2464, 2467, 2468, 2469, 2470, 2473, 2476, 2477, 2480, 2481, 2484,
    2487, 2489, 2490, 2491, 2492, 2495, 2498, 2500, 2501, 2504, 2506, 2508,
    2509, 2510, 2512, 2513, 2515, 2519, 2522, 2523, 2526, 2528, 2531, 2532,
    2535, 2538, 2544, 2546, 2548, 2551, 2553, 2554, 2556, 2557, 2559, 2562,
    2563, 2564, 2566, 2567, 2570, 2571, 2573, 2574, 2577, 2578, 2581, 2583,
    2586, 2587, 2589, 2593, 2597, 2600, 2602, 2603, 2604, 2606, 2608, 2611,
    2614, 2615, 2616, 2620, 2624, 2627, 2629, 2630, 2634, 2636, 2637, 2639,
    2642, 2645, 2648, 2651, 2652, 2655, 2657, 2658, 2660, 2661, 2663, 2664,
    2666, 2667, 2669, 2671, 2674, 2675, 2678, 2680, 2681, 2682, 2684, 2685,
    2689, 2693, 2695, 2696, 2698, 2700, 2701, 2703, 2704, 2705, 2707, 2709,
    2710, 2711, 2712, 2715, 2718, 2721, 2722, 2726, 2729, 2732, 2736, 2739,
    2741, 2742, 2745, 2746, 2748, 2749, 2754, 2755, 2758, 2760, 2761, 2764,
    2766, 2767, 2770, 2771, 2775, 2777, 2780, 2782, 2784, 2785, 2787, 2789,
    2790, 2793, 2796, 2798, 2800, 2805, 2807, 2808, 2810, 2811, 2812, 2815,
    2817, 2818
[1] 1, 3, 4, 7, 9, 12, 13, 16, 19, 21, 24, 26, 27, 29, 30, 32, 35, 38, 41, 42,
    44, 46, 47, 49, 50, 53, 54, 57, 58, 60, 63, 64, 66, 68, 69, 74, 75, 77,
    79, 85, 88, 89, 94, 97, 99, 103, 104, 106, 109, 110, 111, 112, 114, 117,
    122, 125, 128, 130, 133, 138, 141, 146, 147, 149, 150, 153, 155, 156, 160,
    164, 165, 172, 174, 180, 181, 184, 187, 191, 195, 196, 199, 202, 203, 205,
    208, 210, 211, 214, 215, 217, 218, 220, 223, 225, 226, 228, 229, 231, 232,
    235, 241, 242, 248, 253, 256, 260, 262, 265, 266, 268, 271, 274, 276, 277,
    279, 281, 282, 285, 287, 289, 291, 294, 295, 296, 298, 299, 301, 303, 304,
    307, 311, 312, 320, 321, 323, 327, 328, 330, 332, 334, 337, 339, 342, 343,
    345, 347, 350, 351, 354, 355, 357, 358, 363, 366, 371, 372, 374, 378, 381,
    382, 384, 385, 387, 389, 390, 394, 401, 403, 409, 414, 416, 418, 420, 421,
    426, 430, 433, 435, 436, 440, 441, 447, 450, 451, 453, 454, 456, 457, 461,
    462, 464, 465, 467, 468, 471, 474, 476, 479, 481, 483, 487, 488, 491, 495,
    498, 504, 506, 509, 512, 518, 521, 524, 526, 529, 530, 533, 534, 537, 538,
    543, 545, 548, 549, 551, 554, 557, 558, 559, 562, 564, 566, 570, 573, 576,
    578, 580, 582, 583, 587, 589, 593, 596, 599, 601, 602, 605, 608, 611, 614,
    616, 618, 620, 621, 622, 625, 626, 628, 629, 631, 635, 637, 638, 640, 642,
    643, 645, 646, 648, 650, 653, 654, 656, 659, 662, 663, 665, 667, 669, 670,
    675, 678, 679, 684, 686, 688, 690, 693, 696, 699, 703, 706, 708, 710, 714,
    715, 717, 720, 722, 724, 725, 728, 730, 731, 734, 735, 738, 741, 744, 748,
    749, 751, 754, 756, 759, 762, 765, 766, 769, 773, 776, 779, 780, 783, 787,
    789, 790, 791, 792, 794, 797, 800, 803, 806, 808, 812, 815, 818, 821, 826,
    829, 832, 835, 838, 840, 843, 844, 854, 855, 856, 858, 859, 861, 864, 866,
    868, 870, 872, 875, 878, 879, 881, 882, 884, 887, 890, 892, 896, 900, 901,
    903, 913, 916, 919, 922, 923, 926, 929, 932, 936, 938, 940, 941, 943, 946,
    947, 948, 952, 956, 957, 960, 962, 965, 967, 968, 969, 971, 974, 979, 981,
    985, 988, 991, 995, 996, 998, 1001, 1005, 1009, 1012, 1014, 1016, 1017,
    1020, 1026, 1028, 1031, 1032, 1034, 1037, 1038, 1041, 1045, 1047, 1048,
    1050, 1053, 1056, 1060, 1064, 1069, 1073, 1074, 1077, 1078, 1081, 1082,
    1084, 1087, 1091, 1092, 1098, 1100, 1103, 1106, 1107, 1109, 1111, 1116,
    1119, 1120, 1123, 1125, 1127, 1128, 1130, 1134, 1136, 1140, 1141, 1144,
    1146, 1147, 1149, 1151, 1152, 1154, 1156, 1159, 1162, 1165, 1166, 1169,
    1173, 1174, 1176, 1178, 1179, 1180, 1181, 1183, 1184, 1187, 1190, 1192,
    1193, 1195, 1197, 1200, 1203, 1204, 1207, 1208, 1210, 1213, 1216, 1218,
    1222, 1225, 1227, 1228, 1229, 1230, 1233, 1234, 1236, 1237, 1240, 1241,
    1243, 1247, 1249, 1252, 1253, 1256, 1257, 1260, 1262, 1263, 1265, 1266,
    1268, 1270, 1271, 1276, 1277, 1279, 1280, 1282, 1283, 1285, 1288, 1291,
    1292, 1294, 1295, 1297, 1300, 1301, 1306, 1308, 1310, 1311, 1313, 1315,
    1318, 1324, 1326, 1328, 1331, 1333, 1336, 1339, 1343, 1348, 1349, 1351,
    1355, 1356, 1358, 1360, 1362, 1363, 1364, 1365, 1367, 1371, 1378, 1379,
    1381, 1382, 1384, 1388, 1391, 1394, 1397, 1398, 1401, 1404, 1406, 1410,
    1414, 1418, 1422, 1424, 1426, 1428, 1430, 1431, 1433, 1434, 1440, 1441,
    1443, 1445, 1448, 1452, 1453, 1455, 1458, 1461, 1465, 1467, 1468, 1470,
    1472, 1476, 1477, 1479, 1482, 1484, 1485, 1487, 1488, 1490, 1491, 1493,
    1494, 1496, 1497, 1500, 1501, 1502, 1503, 1505, 1508, 1511, 1514, 1517,
    1518, 1520, 1521, 1523, 1528, 1530, 1534, 1536, 1539, 1544, 1547, 1548,
    1550, 1553, 1556, 1557, 1559, 1561, 1563, 1566, 1568, 1569, 1571, 1574,
    1576, 1577, 1579, 1582, 1585, 1588, 1589, 1591, 1594, 1597, 1599, 1600,
    1602, 1608, 1609, 1611, 1613, 1616, 1620, 1623, 1624, 1626, 1632, 1633,
    1635, 1636, 1638, 1641, 1642, 1645, 1646, 1648, 1649, 1651, 1652, 1654,
    1655, 1657, 1660, 1661, 1666, 1668, 1669, 1673, 1675, 1676, 1678, 1682,
    1685, 1688, 1691, 1692, 1694, 1696, 1697, 1702, 1707, 1710, 1715, 1717,
    1719, 1721, 1723, 1725, 1726, 1729, 1730, 1732, 1736, 1740, 1741, 1746,
    1747, 1750, 1752, 1754, 1758, 1760, 1762, 1764, 1770, 1771, 1774, 1775,
    1778, 1780, 1781, 1783, 1785, 1788, 1789, 1792, 1796, 1799, 1800, 1801,
    1802, 1805, 1806, 1808, 1810, 1811, 1813, 1816, 1817, 1820, 1823, 1826,
    1828, 1829, 1831, 1835, 1838, 1843, 1844, 1846, 1847, 1849, 1853, 1856,
    1860, 1863, 1864, 1867, 1869, 1872, 1873, 1875, 1877, 1878, 1880, 1883,
    1884, 1887, 1890, 1891, 1893, 1896, 1899, 1909, 1912, 1915, 1917, 1918,
    1921, 1922, 1924, 1927, 1933, 1935, 1937, 1938, 1940, 1943, 1944, 1947,
    1948, 1950, 1954, 1957, 1958, 1960, 1964, 1965, 1967, 1972, 1976, 1977,
    1980, 1983, 1984, 1986, 1990, 1993, 1996, 2001, 2005, 2006, 2008, 2011,
    2014, 2015, 2017, 2018, 2020, 2023, 2026, 2028, 2031, 2034, 2036, 2039,
    2042, 2045, 2047, 2050, 2051, 2053, 2054, 2055, 2058, 2060, 2061, 2063,
    2067, 2071, 2073, 2074, 2076, 2078, 2080, 2084, 2088, 2090, 2093, 2094,
    2096, 2098, 2101, 2103, 2105, 2110, 2115, 2120, 2123, 2127, 2129, 2131,
    2133, 2136, 2139, 2142, 2145, 2148, 2149, 2152, 2154, 2157, 2160, 2161,
    2164, 2167, 2171, 2176, 2178, 2183, 2186, 2188, 2189, 2191, 2193, 2196,
    2200, 2204, 2205, 2206, 2209, 2210, 2212, 2217, 2219, 2220, 2222, 2224,
    2226, 2227, 2229, 2230, 2231, 2232, 2234, 2237, 2238, 2240, 2241, 2243,
    2245, 2247, 2248, 2250, 2253, 2254, 2256, 2259, 2262, 2268, 2272, 2273,
    2276, 2280, 2283, 2284, 2287, 2288, 2290, 2292, 2297, 2299, 2302, 2304,
    2308, 2309, 2311, 2312, 2314, 2316, 2318, 2322, 2324, 2327, 2330, 2336,
    2337, 2339, 2346, 2348, 2350, 2353, 2356, 2361, 2365, 2367, 2370, 2373,
    2377, 2379, 2380, 2382, 2385, 2386, 2388, 2389, 2391, 2393, 2396, 2398,
    2401, 2404, 2408, 2411, 2416, 2418, 2421, 2422, 2424, 2426, 2430, 2432,
    2435, 2438, 2441, 2444, 2447, 2450, 2451, 2454, 2456, 2457, 2459, 2462,
    2466, 2472, 2475, 2479, 2483, 2485, 2486, 2488, 2493, 2494, 2496, 2497,
    2503, 2505, 2507, 2511, 2514, 2517, 2518, 2521, 2524, 2525, 2527, 2530,
    2534, 2537, 2540, 2541, 2542, 2543, 2545, 2547, 2549, 2550, 2552, 2555,
    2558, 2561, 2565, 2569, 2572, 2576, 2579, 2580, 2582, 2585, 2588, 2591,
    2592, 2595, 2596, 2598, 2599, 2601, 2605, 2607, 2609, 2610, 2612, 2613,
    2618, 2619, 2622, 2623, 2626, 2632, 2633, 2635, 2638, 2641, 2643, 2644,
    2646, 2647, 2650, 2654, 2656, 2659, 2662, 2668, 2670, 2673, 2677, 2679,
    2687, 2688, 2691, 2692, 2697, 2699, 2702, 2706, 2708, 2713, 2714, 2716,
    2717, 2720, 2724, 2725, 2727, 2728, 2730, 2731, 2734, 2735, 2738, 2740,
    2744, 2750, 2751, 2753, 2757, 2759, 2763, 2765, 2769, 2772, 2773, 2774,
    2776, 2778, 2779, 2781, 2783, 2786, 2788, 2792, 2795, 2797, 2799, 2801,
    2802, 2804, 2806, 2809, 2813, 2814, 2816
[2] 0, 6, 15, 18, 52, 56, 73, 82, 93, 116, 127, 132, 140, 145, 152, 159, 163,
    167, 179, 183, 186, 190, 194, 198, 201, 213, 234, 238, 244, 247, 252, 255,
    259, 273, 278, 284, 306, 310, 316, 319, 322, 326, 336, 341, 353, 360, 365,
    368, 373, 386, 408, 423, 429, 443, 446, 470, 478, 486, 490, 497, 500, 503,
    508, 515, 528, 532, 536, 540, 547, 556, 561, 569, 592, 604, 627, 630, 634,
    652, 661, 674, 677, 683, 692, 695, 698, 702, 727, 733, 737, 740, 743, 747,
    758, 761, 764, 768, 772, 782, 786, 796, 802, 805, 814, 820, 828, 831, 837,
    846, 851, 874, 895, 899, 906, 909, 912, 921, 925, 931, 935, 945, 955, 959,
    973, 978, 984, 1004, 1008, 1011, 1019, 1023, 1036, 1040, 1044, 1055, 1059,
    1063, 1068, 1072, 1076, 1080, 1086, 1090, 1094, 1097, 1102, 1115, 1122,
    1133, 1139, 1143, 1158, 1168, 1172, 1186, 1206, 1215, 1221, 1224, 1232,
    1239, 1242, 1246, 1251, 1255, 1259, 1275, 1290, 1303, 1320, 1323, 1330,
    1338, 1342, 1347, 1354, 1374, 1377, 1387, 1393, 1400, 1409, 1413, 1417,
    1436, 1439, 1447, 1451, 1460, 1475, 1489, 1492, 1499, 1507, 1510, 1513,
    1516, 1522, 1525, 1533, 1538, 1555, 1573, 1584, 1607, 1619, 1622, 1628,
    1631, 1637, 1644, 1659, 1665, 1672, 1681, 1684, 1690, 1699, 1709, 1712,
    1728, 1735, 1739, 1745, 1749, 1757, 1767, 1773, 1777, 1782, 1787, 1791,
    1804, 1819, 1834, 1837, 1842, 1852, 1859, 1862, 1866, 1882, 1886, 1895,
    1898, 1902, 1905, 1908, 1920, 1930, 1946, 1949, 1953, 1956, 1959, 1975,
    1979, 1989, 1992, 1995, 2000, 2004, 2013, 2025, 2030, 2049, 2070, 2083,
    2087, 2114, 2126, 2135, 2138, 2141, 2144, 2147, 2151, 2156, 2163, 2170,
    2173, 2199, 2203, 2211, 2214, 2265, 2275, 2279, 2286, 2307, 2321, 2342,
    2345, 2352, 2358, 2372, 2376, 2384, 2395, 2403, 2407, 2410, 2440, 2443,
    2446, 2449, 2453, 2461, 2465, 2471, 2474, 2478, 2482, 2499, 2502, 2516,
    2520, 2529, 2533, 2536, 2539, 2560, 2568, 2575, 2584, 2590, 2594, 2617,
    2621, 2625, 2628, 2631, 2640, 2649, 2653, 2665, 2672, 2676, 2683, 2686,
    2690, 2694, 2719, 2723, 2733, 2737, 2743, 2747, 2752, 2756, 2762, 2768,
    2791, 2794, 2803

Reassigned labels

Runtime: 7.790722131729126

Performance split_log:

IM without threshold:
Map:
{"D_0": "D", "D_1": "D", "D_2": "D"}
token_fitness
{"perc_fit_traces": 0.0, "average_trace_fitness": 0.9019469705431721, "log_fitness": 0.9020803020173818, "percentage_of_fitting_traces": 0.0}
precision
0.7508029416178899
0.6629213483146068
generalization
0.7121229701319021

Adjusted Rand Index:
0.2357363958838219



Parameters of this run:

Window size: 5
Threshold for edges: 0.5
Split candidates: D
Max number of traces: 5000000
Method for distance calculation: Distance.MULTISET_DISTANCE
Method for finding clusters: ClusteringMethod.COMMUNITY_DETECTION
Original log location: ./data/noImprInLoop_default_OD\feb17-0936\logs\H_1_LogD_Sequence_feb17-0936.xes.gz
Use frequency: True

Found communities: 

Clustering with 2819 elements and 3 clusters
[0] 2, 4, 5, 8, 10, 11, 14, 17, 20, 22, 23, 25, 28, 31, 32, 33, 34, 36, 37,
    39, 40, 42, 43, 45, 48, 51, 55, 59, 61, 62, 64, 65, 66, 67, 70, 71, 72,
    76, 78, 80, 81, 83, 84, 86, 87, 90, 91, 92, 95, 96, 98, 99, 100, 101, 102,
    105, 107, 108, 113, 115, 118, 119, 120, 121, 123, 124, 126, 129, 131, 134,
    135, 136, 137, 139, 142, 143, 144, 148, 151, 154, 156, 157, 158, 161, 162,
    165, 166, 168, 169, 170, 171, 173, 175, 176, 177, 178, 182, 185, 187, 188,
    189, 192, 193, 197, 200, 203, 204, 206, 207, 209, 212, 215, 216, 219, 221,
    222, 223, 224, 226, 227, 229, 230, 233, 236, 237, 239, 240, 243, 245, 246,
    249, 250, 251, 254, 257, 258, 261, 263, 264, 266, 267, 269, 270, 271, 272,
    275, 280, 282, 283, 286, 288, 290, 292, 293, 295, 297, 299, 300, 302, 304,
    305, 308, 309, 313, 314, 315, 317, 318, 324, 325, 328, 329, 331, 333, 335,
    338, 340, 344, 346, 348, 349, 352, 356, 359, 361, 362, 364, 367, 369, 370,
    375, 376, 377, 379, 380, 383, 388, 391, 392, 393, 395, 396, 397, 398, 399,
    400, 402, 404, 405, 406, 407, 409, 410, 411, 412, 413, 415, 417, 419, 422,
    424, 425, 427, 428, 431, 432, 434, 437, 438, 439, 442, 444, 445, 448, 449,
    452, 454, 455, 458, 459, 460, 463, 465, 466, 469, 472, 473, 475, 477, 480,
    482, 484, 485, 488, 489, 492, 493, 494, 496, 499, 501, 502, 505, 507, 510,
    511, 512, 513, 514, 516, 517, 519, 520, 522, 523, 525, 527, 530, 531, 535,
    539, 541, 542, 544, 546, 550, 552, 553, 555, 560, 563, 565, 567, 568, 571,
    572, 574, 575, 577, 579, 581, 584, 585, 586, 588, 590, 591, 594, 595, 597,
    598, 600, 603, 606, 607, 609, 610, 612, 613, 615, 617, 619, 621, 623, 624,
    626, 632, 633, 636, 639, 641, 644, 647, 649, 651, 654, 655, 657, 658, 660,
    664, 665, 666, 668, 671, 672, 673, 676, 680, 681, 682, 685, 687, 689, 691,
    694, 697, 700, 701, 704, 705, 707, 709, 711, 712, 713, 716, 718, 719, 721,
    723, 726, 729, 732, 736, 739, 742, 745, 746, 749, 750, 752, 753, 754, 755,
    757, 760, 763, 766, 767, 770, 771, 774, 775, 777, 778, 781, 784, 785, 788,
    792, 793, 795, 798, 799, 800, 801, 804, 807, 809, 810, 811, 813, 815, 816,
    817, 819, 822, 823, 824, 825, 827, 830, 833, 834, 836, 839, 840, 841, 842,
    845, 847, 848, 849, 850, 852, 853, 857, 859, 860, 862, 863, 865, 867, 869,
    871, 872, 873, 876, 877, 880, 883, 885, 886, 888, 889, 891, 893, 894, 897,
    898, 902, 904, 905, 907, 908, 910, 911, 914, 915, 917, 918, 920, 924, 927,
    928, 930, 933, 934, 937, 939, 941, 942, 944, 949, 950, 951, 953, 954, 957,
    958, 961, 963, 964, 966, 968, 970, 972, 975, 976, 977, 980, 982, 983, 986,
    987, 989, 990, 992, 993, 994, 997, 999, 1000, 1002, 1003, 1006, 1007,
    1010, 1013, 1015, 1018, 1021, 1022, 1024, 1025, 1027, 1029, 1030, 1032,
    1033, 1035, 1039, 1041, 1042, 1043, 1046, 1049, 1051, 1052, 1054, 1057,
    1058, 1061, 1062, 1065, 1066, 1067, 1070, 1071, 1074, 1075, 1079, 1083,
    1085, 1088, 1089, 1092, 1093, 1095, 1096, 1099, 1101, 1104, 1105, 1108,
    1110, 1112, 1113, 1114, 1117, 1118, 1120, 1121, 1124, 1126, 1129, 1131,
    1132, 1135, 1137, 1138, 1141, 1142, 1144, 1145, 1148, 1150, 1153, 1155,
    1157, 1160, 1161, 1163, 1164, 1166, 1167, 1170, 1171, 1175, 1177, 1182,
    1184, 1185, 1188, 1189, 1191, 1194, 1196, 1198, 1199, 1201, 1202, 1205,
    1209, 1211, 1212, 1214, 1217, 1219, 1220, 1223, 1226, 1230, 1231, 1235,
    1238, 1244, 1245, 1248, 1250, 1253, 1254, 1258, 1261, 1264, 1267, 1269,
    1272, 1273, 1274, 1278, 1281, 1284, 1286, 1287, 1289, 1293, 1295, 1296,
    1298, 1299, 1301, 1302, 1304, 1305, 1307, 1309, 1312, 1314, 1316, 1317,
    1319, 1321, 1322, 1325, 1327, 1329, 1332, 1334, 1335, 1337, 1340, 1341,
    1344, 1345, 1346, 1350, 1352, 1353, 1356, 1357, 1359, 1361, 1363, 1366,
    1368, 1369, 1370, 1372, 1373, 1375, 1376, 1380, 1383, 1385, 1386, 1389,
    1390, 1392, 1395, 1396, 1399, 1402, 1403, 1405, 1407, 1408, 1411, 1412,
    1415, 1416, 1419, 1420, 1421, 1423, 1425, 1427, 1429, 1432, 1434, 1435,
    1437, 1438, 1442, 1444, 1445, 1446, 1449, 1450, 1454, 1456, 1457, 1459,
    1461, 1462, 1463, 1464, 1466, 1469, 1471, 1473, 1474, 1478, 1480, 1481,
    1483, 1485, 1486, 1488, 1494, 1495, 1498, 1503, 1504, 1506, 1509, 1512,
    1515, 1518, 1519, 1521, 1524, 1526, 1527, 1529, 1531, 1532, 1534, 1535,
    1537, 1540, 1541, 1542, 1543, 1545, 1546, 1549, 1551, 1552, 1553, 1554,
    1557, 1558, 1560, 1562, 1564, 1565, 1567, 1570, 1572, 1575, 1578, 1580,
    1581, 1583, 1586, 1587, 1589, 1590, 1592, 1593, 1595, 1596, 1598, 1601,
    1603, 1604, 1605, 1606, 1610, 1612, 1614, 1615, 1617, 1618, 1621, 1624,
    1625, 1627, 1629, 1630, 1634, 1636, 1639, 1640, 1643, 1647, 1650, 1653,
    1655, 1656, 1658, 1662, 1663, 1664, 1667, 1670, 1671, 1674, 1677, 1679,
    1680, 1683, 1686, 1687, 1689, 1693, 1695, 1698, 1700, 1701, 1703, 1704,
    1705, 1706, 1708, 1711, 1713, 1714, 1716, 1718, 1720, 1722, 1724, 1727,
    1731, 1733, 1734, 1737, 1738, 1741, 1742, 1743, 1744, 1747, 1748, 1751,
    1753, 1755, 1756, 1759, 1761, 1763, 1765, 1766, 1768, 1769, 1772, 1776,
    1779, 1784, 1786, 1790, 1793, 1794, 1795, 1797, 1798, 1803, 1806, 1807,
    1808, 1809, 1812, 1814, 1815, 1817, 1818, 1821, 1822, 1824, 1825, 1827,
    1829, 1830, 1832, 1833, 1836, 1839, 1840, 1841, 1845, 1847, 1848, 1850,
    1851, 1854, 1855, 1857, 1858, 1861, 1865, 1868, 1870, 1871, 1874, 1876,
    1878, 1879, 1881, 1885, 1888, 1889, 1892, 1894, 1897, 1900, 1901, 1903,
    1904, 1906, 1907, 1910, 1911, 1913, 1914, 1915, 1916, 1919, 1923, 1925,
    1926, 1928, 1929, 1931, 1932, 1933, 1934, 1936, 1939, 1941, 1942, 1945,
    1951, 1952, 1955, 1961, 1962, 1963, 1966, 1968, 1969, 1970, 1971, 1973,
    1974, 1978, 1981, 1982, 1985, 1987, 1988, 1991, 1994, 1997, 1998, 1999,
    2002, 2003, 2007, 2009, 2010, 2012, 2016, 2019, 2021, 2022, 2024, 2027,
    2029, 2032, 2033, 2035, 2037, 2038, 2040, 2041, 2043, 2044, 2045, 2046,
    2048, 2051, 2052, 2056, 2057, 2059, 2062, 2063, 2064, 2065, 2066, 2068,
    2069, 2072, 2075, 2077, 2079, 2081, 2082, 2084, 2085, 2086, 2089, 2091,
    2092, 2094, 2095, 2097, 2099, 2100, 2102, 2104, 2106, 2107, 2108, 2109,
    2110, 2111, 2112, 2113, 2116, 2117, 2118, 2119, 2121, 2122, 2124, 2125,
    2128, 2130, 2132, 2133, 2134, 2137, 2140, 2143, 2146, 2149, 2150, 2153,
    2155, 2158, 2159, 2162, 2165, 2166, 2168, 2169, 2172, 2174, 2175, 2177,
    2179, 2180, 2181, 2182, 2184, 2185, 2187, 2190, 2192, 2194, 2195, 2197,
    2198, 2201, 2202, 2207, 2208, 2210, 2213, 2215, 2216, 2217, 2218, 2221,
    2223, 2225, 2228, 2230, 2233, 2235, 2236, 2238, 2239, 2242, 2244, 2245,
    2246, 2249, 2251, 2252, 2254, 2255, 2256, 2257, 2258, 2260, 2261, 2263,
    2264, 2266, 2267, 2269, 2270, 2271, 2274, 2277, 2278, 2281, 2282, 2285,
    2289, 2291, 2293, 2294, 2295, 2296, 2298, 2300, 2301, 2303, 2305, 2306,
    2310, 2313, 2315, 2317, 2319, 2320, 2323, 2325, 2326, 2328, 2329, 2331,
    2332, 2333, 2334, 2335, 2338, 2340, 2341, 2343, 2344, 2347, 2349, 2351,
    2354, 2355, 2357, 2359, 2360, 2362, 2363, 2364, 2365, 2366, 2368, 2369,
    2371, 2374, 2375, 2378, 2380, 2381, 2383, 2386, 2387, 2389, 2390, 2391,
    2392, 2393, 2394, 2397, 2399, 2400, 2402, 2405, 2406, 2409, 2412, 2413,
    2414, 2415, 2417, 2419, 2420, 2423, 2424, 2425, 2427, 2428, 2429, 2431,
    2433, 2434, 2436, 2437, 2439, 2442, 2445, 2448, 2452, 2455, 2458, 2460,
    2463, 2464, 2467, 2468, 2469, 2470, 2473, 2476, 2477, 2480, 2481, 2484,
    2487, 2489, 2490, 2491, 2492, 2495, 2497, 2498, 2500, 2501, 2504, 2506,
    2508, 2509, 2510, 2512, 2513, 2515, 2518, 2519, 2522, 2523, 2526, 2528,
    2531, 2532, 2535, 2538, 2541, 2544, 2546, 2548, 2551, 2552, 2553, 2554,
    2556, 2557, 2559, 2562, 2563, 2564, 2566, 2567, 2570, 2571, 2573, 2574,
    2577, 2578, 2581, 2583, 2586, 2587, 2589, 2593, 2596, 2597, 2600, 2601,
    2602, 2603, 2604, 2606, 2608, 2611, 2614, 2615, 2616, 2620, 2624, 2627,
    2629, 2630, 2634, 2636, 2637, 2638, 2639, 2641, 2642, 2645, 2648, 2651,
    2652, 2655, 2657, 2658, 2660, 2661, 2663, 2664, 2666, 2667, 2669, 2671,
    2674, 2675, 2678, 2680, 2681, 2682, 2684, 2685, 2689, 2692, 2693, 2695,
    2696, 2697, 2698, 2700, 2701, 2703, 2704, 2705, 2707, 2709, 2710, 2711,
    2712, 2715, 2718, 2721, 2722, 2725, 2726, 2729, 2731, 2732, 2736, 2739,
    2741, 2742, 2745, 2746, 2748, 2749, 2754, 2755, 2758, 2760, 2761, 2764,
    2766, 2767, 2770, 2771, 2775, 2777, 2780, 2781, 2782, 2784, 2785, 2787,
    2789, 2790, 2792, 2793, 2796, 2798, 2800, 2805, 2807, 2808, 2810, 2811,
    2812, 2815, 2817, 2818
[1] 1, 3, 7, 9, 12, 13, 16, 19, 21, 24, 26, 27, 29, 30, 35, 38, 41, 44, 46,
    47, 49, 50, 53, 54, 57, 58, 60, 63, 68, 69, 74, 75, 77, 79, 85, 88, 89,
    94, 97, 103, 104, 106, 109, 110, 111, 112, 114, 117, 122, 125, 128, 130,
    133, 138, 141, 146, 147, 149, 150, 153, 155, 160, 164, 172, 174, 180, 181,
    184, 191, 195, 196, 199, 202, 205, 208, 210, 211, 214, 217, 218, 220, 225,
    228, 231, 232, 235, 241, 242, 248, 253, 256, 260, 262, 265, 268, 274, 276,
    277, 279, 281, 285, 287, 289, 291, 294, 296, 298, 301, 303, 307, 311, 312,
    320, 321, 323, 327, 330, 332, 334, 337, 339, 342, 343, 345, 347, 350, 351,
    354, 355, 357, 358, 363, 366, 371, 372, 374, 378, 381, 382, 384, 385, 387,
    389, 390, 394, 401, 403, 414, 416, 418, 420, 421, 426, 430, 433, 435, 436,
    440, 441, 447, 450, 451, 453, 456, 457, 461, 462, 464, 467, 468, 471, 474,
    476, 479, 481, 483, 487, 491, 495, 498, 504, 506, 509, 518, 521, 524, 526,
    529, 533, 534, 537, 538, 543, 545, 548, 549, 551, 554, 557, 558, 559, 562,
    564, 566, 570, 573, 576, 578, 580, 582, 583, 587, 589, 593, 596, 599, 601,
    602, 605, 608, 611, 614, 616, 618, 620, 622, 625, 628, 629, 631, 635, 637,
    638, 640, 642, 643, 645, 646, 648, 650, 653, 656, 659, 662, 663, 667, 669,
    670, 675, 678, 679, 684, 686, 688, 690, 693, 696, 699, 703, 706, 708, 710,
    714, 715, 717, 720, 722, 724, 725, 728, 730, 731, 734, 735, 738, 741, 744,
    748, 751, 756, 759, 762, 765, 769, 773, 776, 779, 780, 783, 787, 789, 790,
    791, 794, 797, 803, 806, 808, 812, 818, 821, 826, 829, 832, 835, 838, 843,
    844, 854, 855, 856, 858, 861, 864, 866, 868, 870, 875, 878, 879, 881, 882,
    884, 887, 890, 892, 896, 900, 901, 903, 913, 916, 919, 922, 923, 926, 929,
    932, 936, 938, 940, 943, 946, 947, 948, 952, 956, 960, 962, 965, 967, 969,
    971, 974, 979, 981, 985, 988, 991, 995, 996, 998, 1001, 1005, 1009, 1012,
    1014, 1016, 1017, 1020, 1026, 1028, 1031, 1034, 1037, 1038, 1045, 1047,
    1048, 1050, 1053, 1056, 1060, 1064, 1069, 1073, 1077, 1078, 1081, 1082,
    1084, 1087, 1091, 1098, 1100, 1103, 1106, 1107, 1109, 1111, 1116, 1119,
    1123, 1125, 1127, 1128, 1130, 1134, 1136, 1140, 1146, 1147, 1149, 1151,
    1152, 1154, 1156, 1159, 1162, 1165, 1169, 1173, 1174, 1176, 1178, 1179,
    1180, 1181, 1183, 1187, 1190, 1192, 1193, 1195, 1197, 1200, 1203, 1204,
    1207, 1208, 1210, 1213, 1216, 1218, 1222, 1225, 1227, 1228, 1229, 1233,
    1234, 1236, 1237, 1240, 1241, 1243, 1247, 1249, 1252, 1256, 1257, 1260,
    1262, 1263, 1265, 1266, 1268, 1270, 1271, 1276, 1277, 1279, 1280, 1282,
    1283, 1285, 1288, 1291, 1292, 1294, 1297, 1300, 1306, 1308, 1310, 1311,
    1313, 1315, 1318, 1324, 1326, 1328, 1331, 1333, 1336, 1339, 1343, 1348,
    1349, 1351, 1355, 1358, 1360, 1362, 1364, 1365, 1367, 1371, 1378, 1379,
    1381, 1382, 1384, 1388, 1391, 1394, 1397, 1398, 1401, 1404, 1406, 1410,
    1414, 1418, 1422, 1424, 1426, 1428, 1430, 1431, 1433, 1440, 1441, 1443,
    1448, 1452, 1453, 1455, 1458, 1465, 1467, 1468, 1470, 1472, 1476, 1477,
    1479, 1482, 1484, 1487, 1490, 1491, 1493, 1496, 1497, 1500, 1501, 1502,
    1505, 1508, 1511, 1514, 1517, 1520, 1523, 1528, 1530, 1536, 1539, 1544,
    1547, 1548, 1550, 1556, 1559, 1561, 1563, 1566, 1568, 1569, 1571, 1574,
    1576, 1577, 1579, 1582, 1585, 1588, 1591, 1594, 1597, 1599, 1600, 1602,
    1608, 1609, 1611, 1613, 1616, 1620, 1623, 1626, 1632, 1633, 1635, 1638,
    1641, 1642, 1645, 1646, 1648, 1649, 1651, 1652, 1654, 1657, 1660, 1661,
    1666, 1668, 1669, 1673, 1675, 1676, 1678, 1682, 1685, 1688, 1691, 1692,
    1694, 1696, 1697, 1702, 1707, 1710, 1715, 1717, 1719, 1721, 1723, 1725,
    1726, 1729, 1730, 1732, 1736, 1740, 1746, 1750, 1752, 1754, 1758, 1760,
    1762, 1764, 1770, 1771, 1774, 1775, 1778, 1780, 1781, 1783, 1785, 1788,
    1789, 1792, 1796, 1799, 1800, 1801, 1802, 1805, 1810, 1811, 1813, 1816,
    1820, 1823, 1826, 1828, 1831, 1835, 1838, 1843, 1844, 1846, 1849, 1853,
    1856, 1860, 1863, 1864, 1867, 1869, 1872, 1873, 1875, 1877, 1880, 1883,
    1884, 1887, 1890, 1891, 1893, 1896, 1899, 1909, 1912, 1917, 1918, 1921,
    1922, 1924, 1927, 1935, 1937, 1938, 1940, 1943, 1944, 1947, 1948, 1950,
    1954, 1957, 1958, 1960, 1964, 1965, 1967, 1972, 1976, 1977, 1980, 1983,
    1984, 1986, 1990, 1993, 1996, 2001, 2005, 2006, 2008, 2011, 2014, 2015,
    2017, 2018, 2020, 2023, 2026, 2028, 2031, 2034, 2036, 2039, 2042, 2047,
    2050, 2053, 2054, 2055, 2058, 2060, 2061, 2067, 2071, 2073, 2074, 2076,
    2078, 2080, 2088, 2090, 2093, 2096, 2098, 2101, 2103, 2105, 2115, 2120,
    2123, 2127, 2129, 2131, 2136, 2139, 2142, 2145, 2148, 2152, 2154, 2157,
    2160, 2161, 2164, 2167, 2171, 2176, 2178, 2183, 2186, 2188, 2189, 2191,
    2193, 2196, 2200, 2204, 2205, 2206, 2209, 2212, 2219, 2220, 2222, 2224,
    2226, 2227, 2229, 2231, 2232, 2234, 2237, 2240, 2241, 2243, 2247, 2248,
    2250, 2253, 2259, 2262, 2268, 2272, 2273, 2276, 2280, 2283, 2284, 2287,
    2288, 2290, 2292, 2297, 2299, 2302, 2304, 2308, 2309, 2311, 2312, 2314,
    2316, 2318, 2322, 2324, 2327, 2330, 2336, 2337, 2339, 2346, 2348, 2350,
    2353, 2356, 2361, 2367, 2370, 2373, 2377, 2379, 2382, 2385, 2388, 2396,
    2398, 2401, 2404, 2408, 2411, 2416, 2418, 2421, 2422, 2426, 2430, 2432,
    2435, 2438, 2441, 2444, 2447, 2450, 2451, 2454, 2456, 2457, 2459, 2462,
    2466, 2472, 2475, 2479, 2483, 2485, 2486, 2488, 2493, 2494, 2496, 2503,
    2505, 2507, 2511, 2514, 2517, 2521, 2524, 2525, 2527, 2530, 2534, 2537,
    2540, 2542, 2543, 2545, 2547, 2549, 2550, 2555, 2558, 2561, 2565, 2569,
    2572, 2576, 2579, 2580, 2582, 2585, 2588, 2591, 2592, 2595, 2598, 2599,
    2605, 2607, 2609, 2610, 2612, 2613, 2618, 2619, 2622, 2623, 2626, 2632,
    2633, 2635, 2643, 2644, 2646, 2647, 2650, 2654, 2656, 2659, 2662, 2668,
    2670, 2673, 2677, 2679, 2687, 2688, 2691, 2699, 2702, 2706, 2708, 2713,
    2714, 2716, 2717, 2720, 2724, 2727, 2728, 2730, 2734, 2735, 2738, 2740,
    2744, 2750, 2751, 2753, 2757, 2759, 2763, 2765, 2769, 2772, 2773, 2774,
    2776, 2778, 2779, 2783, 2786, 2788, 2795, 2797, 2799, 2801, 2802, 2804,
    2806, 2809, 2813, 2814, 2816
[2] 0, 6, 15, 18, 52, 56, 73, 82, 93, 116, 127, 132, 140, 145, 152, 159, 163,
    167, 179, 183, 186, 190, 194, 198, 201, 213, 234, 238, 244, 247, 252, 255,
    259, 273, 278, 284, 306, 310, 316, 319, 322, 326, 336, 341, 353, 360, 365,
    368, 373, 386, 408, 423, 429, 443, 446, 470, 478, 486, 490, 497, 500, 503,
    508, 515, 528, 532, 536, 540, 547, 556, 561, 569, 592, 604, 627, 630, 634,
    652, 661, 674, 677, 683, 692, 695, 698, 702, 727, 733, 737, 740, 743, 747,
    758, 761, 764, 768, 772, 782, 786, 796, 802, 805, 814, 820, 828, 831, 837,
    846, 851, 874, 895, 899, 906, 909, 912, 921, 925, 931, 935, 945, 955, 959,
    973, 978, 984, 1004, 1008, 1011, 1019, 1023, 1036, 1040, 1044, 1055, 1059,
    1063, 1068, 1072, 1076, 1080, 1086, 1090, 1094, 1097, 1102, 1115, 1122,
    1133, 1139, 1143, 1158, 1168, 1172, 1186, 1206, 1215, 1221, 1224, 1232,
    1239, 1242, 1246, 1251, 1255, 1259, 1275, 1290, 1303, 1320, 1323, 1330,
    1338, 1342, 1347, 1354, 1374, 1377, 1387, 1393, 1400, 1409, 1413, 1417,
    1436, 1439, 1447, 1451, 1460, 1475, 1489, 1492, 1499, 1507, 1510, 1513,
    1516, 1522, 1525, 1533, 1538, 1555, 1573, 1584, 1607, 1619, 1622, 1628,
    1631, 1637, 1644, 1659, 1665, 1672, 1681, 1684, 1690, 1699, 1709, 1712,
    1728, 1735, 1739, 1745, 1749, 1757, 1767, 1773, 1777, 1782, 1787, 1791,
    1804, 1819, 1834, 1837, 1842, 1852, 1859, 1862, 1866, 1882, 1886, 1895,
    1898, 1902, 1905, 1908, 1920, 1930, 1946, 1949, 1953, 1956, 1959, 1975,
    1979, 1989, 1992, 1995, 2000, 2004, 2013, 2025, 2030, 2049, 2070, 2083,
    2087, 2114, 2126, 2135, 2138, 2141, 2144, 2147, 2151, 2156, 2163, 2170,
    2173, 2199, 2203, 2211, 2214, 2265, 2275, 2279, 2286, 2307, 2321, 2342,
    2345, 2352, 2358, 2372, 2376, 2384, 2395, 2403, 2407, 2410, 2440, 2443,
    2446, 2449, 2453, 2461, 2465, 2471, 2474, 2478, 2482, 2499, 2502, 2516,
    2520, 2529, 2533, 2536, 2539, 2560, 2568, 2575, 2584, 2590, 2594, 2617,
    2621, 2625, 2628, 2631, 2640, 2649, 2653, 2665, 2672, 2676, 2683, 2686,
    2690, 2694, 2719, 2723, 2733, 2737, 2743, 2747, 2752, 2756, 2762, 2768,
    2791, 2794, 2803

Reassigned labels

Runtime: 7.842406988143921

Performance split_log:

IM without threshold:
Map:
{"D_0": "D", "D_1": "D", "D_2": "D"}
token_fitness
{"perc_fit_traces": 0.0, "average_trace_fitness": 0.9019469705431721, "log_fitness": 0.9020803020173818, "percentage_of_fitting_traces": 0.0}
precision
0.7508029416178899
0.6629213483146068
generalization
0.7121229701319021

Adjusted Rand Index:
0.24415175102017203



Parameters of this run:

Window size: 5
Threshold for edges: 0.75
Split candidates: D
Max number of traces: 5000000
Method for distance calculation: Distance.MULTISET_DISTANCE
Method for finding clusters: ClusteringMethod.COMMUNITY_DETECTION
Original log location: ./data/noImprInLoop_default_OD\feb17-0936\logs\H_1_LogD_Sequence_feb17-0936.xes.gz
Use frequency: True

Found communities: 

Clustering with 2819 elements and 5 clusters
[0] 1, 3, 4, 7, 19, 20, 21, 24, 27, 30, 32, 35, 42, 44, 54, 57, 58, 60, 63,
    64, 68, 69, 71, 77, 79, 85, 88, 89, 99, 103, 104, 106, 107, 109, 110, 111,
    112, 114, 122, 125, 133, 138, 141, 147, 155, 156, 160, 164, 165, 172, 174,
    180, 181, 184, 187, 195, 196, 199, 203, 205, 211, 215, 217, 218, 220, 223,
    225, 226, 228, 229, 231, 232, 241, 242, 248, 253, 266, 268, 269, 271, 276,
    277, 282, 285, 287, 294, 295, 296, 299, 304, 307, 312, 317, 320, 321, 323,
    324, 327, 328, 334, 337, 339, 343, 355, 358, 366, 371, 372, 384, 385, 389,
    390, 392, 394, 395, 409, 418, 421, 427, 436, 438, 447, 448, 450, 451, 454,
    464, 465, 467, 468, 474, 479, 488, 512, 524, 526, 529, 530, 533, 534, 538,
    543, 545, 557, 558, 564, 565, 570, 573, 574, 576, 589, 593, 596, 597, 599,
    601, 602, 611, 614, 618, 620, 621, 625, 626, 629, 637, 638, 642, 643, 646,
    650, 653, 654, 659, 663, 665, 667, 672, 675, 678, 679, 684, 686, 688, 689,
    690, 693, 706, 711, 712, 714, 715, 722, 754, 756, 759, 765, 766, 770, 773,
    776, 777, 780, 783, 787, 790, 791, 792, 800, 803, 806, 808, 815, 818, 821,
    832, 835, 840, 849, 852, 854, 855, 858, 859, 868, 869, 870, 872, 875, 878,
    879, 881, 882, 887, 892, 896, 901, 913, 916, 919, 926, 932, 933, 936, 938,
    941, 943, 946, 947, 949, 956, 957, 960, 961, 966, 968, 974, 979, 985, 986,
    988, 989, 1012, 1014, 1020, 1026, 1028, 1032, 1041, 1045, 1047, 1048,
    1050, 1051, 1056, 1064, 1073, 1074, 1077, 1078, 1081, 1082, 1084, 1087,
    1091, 1092, 1106, 1107, 1116, 1119, 1120, 1123, 1125, 1128, 1130, 1134,
    1135, 1140, 1141, 1144, 1149, 1154, 1155, 1162, 1166, 1169, 1173, 1174,
    1178, 1179, 1184, 1190, 1193, 1198, 1200, 1210, 1213, 1218, 1222, 1225,
    1227, 1228, 1234, 1236, 1237, 1240, 1241, 1247, 1249, 1252, 1253, 1256,
    1257, 1260, 1263, 1265, 1266, 1279, 1280, 1285, 1294, 1295, 1297, 1298,
    1300, 1301, 1306, 1308, 1311, 1313, 1315, 1316, 1318, 1321, 1324, 1326,
    1328, 1331, 1333, 1345, 1348, 1349, 1352, 1356, 1362, 1363, 1364, 1365,
    1371, 1375, 1378, 1379, 1388, 1397, 1398, 1401, 1404, 1411, 1414, 1418,
    1422, 1424, 1428, 1431, 1433, 1434, 1444, 1445, 1452, 1453, 1455, 1456,
    1461, 1463, 1465, 1468, 1470, 1477, 1479, 1480, 1482, 1484, 1485, 1487,
    1488, 1490, 1491, 1494, 1496, 1497, 1500, 1501, 1502, 1503, 1505, 1511,
    1512, 1517, 1518, 1520, 1521, 1523, 1528, 1529, 1530, 1534, 1544, 1547,
    1548, 1550, 1553, 1557, 1560, 1566, 1574, 1576, 1577, 1579, 1582, 1586,
    1588, 1589, 1591, 1594, 1597, 1598, 1602, 1608, 1609, 1611, 1613, 1614,
    1624, 1635, 1636, 1639, 1645, 1646, 1648, 1649, 1655, 1661, 1666, 1668,
    1669, 1676, 1678, 1679, 1682, 1688, 1689, 1700, 1721, 1723, 1729, 1730,
    1732, 1736, 1740, 1741, 1747, 1750, 1752, 1755, 1760, 1770, 1771, 1778,
    1779, 1780, 1781, 1785, 1789, 1800, 1806, 1808, 1813, 1817, 1820, 1826,
    1828, 1829, 1838, 1847, 1853, 1856, 1863, 1864, 1867, 1869, 1873, 1877,
    1878, 1880, 1887, 1888, 1893, 1896, 1900, 1910, 1913, 1915, 1918, 1925,
    1928, 1933, 1938, 1943, 1944, 1947, 1948, 1957, 1958, 1976, 1977, 1980,
    1983, 1984, 1986, 1987, 1991, 1993, 2001, 2006, 2008, 2014, 2015, 2020,
    2023, 2026, 2028, 2036, 2037, 2039, 2045, 2047, 2050, 2051, 2054, 2058,
    2063, 2067, 2068, 2074, 2076, 2078, 2080, 2084, 2088, 2090, 2094, 2096,
    2097, 2098, 2099, 2101, 2102, 2103, 2110, 2112, 2115, 2120, 2123, 2129,
    2131, 2133, 2136, 2137, 2139, 2145, 2149, 2152, 2157, 2158, 2160, 2161,
    2168, 2171, 2176, 2177, 2183, 2184, 2186, 2196, 2200, 2204, 2205, 2206,
    2207, 2209, 2210, 2220, 2222, 2227, 2229, 2230, 2231, 2232, 2237, 2238,
    2240, 2241, 2245, 2250, 2254, 2256, 2259, 2260, 2262, 2266, 2276, 2280,
    2281, 2290, 2299, 2302, 2304, 2305, 2309, 2322, 2336, 2337, 2339, 2348,
    2350, 2361, 2368, 2374, 2377, 2378, 2379, 2380, 2385, 2386, 2388, 2389,
    2391, 2393, 2401, 2402, 2404, 2408, 2416, 2418, 2424, 2426, 2428, 2435,
    2442, 2457, 2466, 2469, 2472, 2475, 2484, 2485, 2486, 2488, 2493, 2494,
    2497, 2504, 2507, 2512, 2518, 2521, 2534, 2540, 2541, 2542, 2543, 2545,
    2547, 2550, 2552, 2558, 2559, 2561, 2563, 2572, 2585, 2591, 2592, 2595,
    2596, 2605, 2609, 2610, 2612, 2613, 2622, 2623, 2632, 2633, 2635, 2638,
    2641, 2646, 2647, 2650, 2651, 2654, 2656, 2662, 2668, 2670, 2677, 2691,
    2692, 2697, 2699, 2708, 2724, 2725, 2728, 2730, 2731, 2735, 2740, 2745,
    2751, 2754, 2763, 2765, 2773, 2774, 2776, 2781, 2786, 2787, 2792, 2795,
    2797, 2801, 2802, 2804, 2816
[1] 5, 8, 10, 11, 14, 17, 22, 23, 25, 28, 31, 36, 37, 39, 40, 43, 45, 51, 55,
    61, 62, 70, 76, 78, 80, 81, 83, 84, 86, 87, 90, 91, 92, 95, 96, 101, 102,
    105, 113, 118, 119, 123, 124, 126, 131, 134, 135, 136, 137, 142, 143, 144,
    148, 151, 154, 161, 162, 166, 168, 169, 170, 171, 175, 176, 177, 178, 182,
    192, 193, 197, 200, 204, 206, 207, 212, 221, 222, 233, 236, 237, 243, 249,
    250, 251, 261, 263, 264, 272, 275, 283, 286, 292, 293, 300, 313, 314, 315,
    329, 333, 335, 338, 344, 348, 349, 359, 361, 362, 379, 380, 383, 388, 391,
    397, 398, 399, 400, 402, 406, 407, 412, 413, 415, 417, 422, 431, 432, 437,
    442, 455, 466, 469, 472, 473, 477, 492, 493, 494, 496, 499, 507, 510, 511,
    516, 517, 519, 520, 527, 535, 541, 542, 544, 546, 552, 553, 555, 567, 568,
    577, 579, 581, 585, 586, 588, 590, 591, 594, 595, 600, 603, 606, 607, 617,
    639, 644, 647, 651, 655, 657, 658, 664, 666, 668, 671, 681, 682, 687, 691,
    694, 697, 716, 721, 723, 726, 729, 739, 742, 750, 757, 760, 781, 784, 785,
    793, 798, 799, 801, 804, 807, 830, 833, 834, 839, 845, 847, 848, 865, 867,
    871, 876, 877, 880, 883, 885, 886, 888, 889, 891, 897, 898, 902, 904, 905,
    907, 908, 910, 911, 914, 915, 917, 918, 920, 924, 937, 942, 950, 951, 953,
    954, 972, 976, 977, 980, 992, 997, 999, 1000, 1010, 1013, 1015, 1018,
    1027, 1029, 1030, 1035, 1039, 1046, 1049, 1057, 1058, 1061, 1062, 1065,
    1066, 1067, 1075, 1079, 1083, 1085, 1088, 1089, 1093, 1095, 1096, 1104,
    1105, 1108, 1110, 1112, 1117, 1118, 1121, 1131, 1132, 1137, 1138, 1148,
    1150, 1153, 1163, 1164, 1170, 1171, 1177, 1185, 1191, 1194, 1196, 1201,
    1202, 1205, 1209, 1211, 1212, 1217, 1223, 1231, 1235, 1238, 1244, 1245,
    1248, 1250, 1254, 1261, 1264, 1272, 1273, 1274, 1284, 1286, 1287, 1296,
    1304, 1305, 1307, 1309, 1314, 1327, 1329, 1332, 1337, 1340, 1341, 1344,
    1350, 1361, 1366, 1368, 1372, 1373, 1380, 1383, 1392, 1399, 1402, 1403,
    1405, 1419, 1420, 1421, 1423, 1427, 1432, 1435, 1454, 1462, 1466, 1469,
    1471, 1473, 1474, 1478, 1483, 1498, 1504, 1506, 1509, 1524, 1531, 1532,
    1535, 1537, 1540, 1541, 1545, 1546, 1551, 1552, 1558, 1562, 1572, 1578,
    1590, 1601, 1603, 1604, 1610, 1617, 1618, 1629, 1630, 1647, 1658, 1662,
    1663, 1664, 1670, 1671, 1674, 1677, 1693, 1703, 1704, 1708, 1718, 1720,
    1731, 1733, 1734, 1742, 1743, 1744, 1748, 1751, 1753, 1761, 1765, 1766,
    1772, 1776, 1786, 1794, 1795, 1797, 1798, 1803, 1807, 1809, 1812, 1821,
    1822, 1824, 1825, 1832, 1833, 1840, 1841, 1845, 1848, 1854, 1855, 1861,
    1865, 1870, 1871, 1876, 1885, 1892, 1897, 1916, 1936, 1939, 1941, 1942,
    1945, 1962, 1963, 1966, 1978, 1981, 1982, 1985, 2002, 2003, 2009, 2010,
    2019, 2021, 2022, 2027, 2029, 2035, 2040, 2041, 2043, 2044, 2046, 2048,
    2059, 2062, 2065, 2066, 2072, 2075, 2077, 2079, 2081, 2082, 2089, 2091,
    2092, 2095, 2104, 2108, 2109, 2116, 2117, 2118, 2119, 2121, 2122, 2128,
    2130, 2140, 2146, 2155, 2162, 2165, 2166, 2172, 2174, 2175, 2179, 2180,
    2190, 2194, 2195, 2197, 2198, 2201, 2202, 2213, 2221, 2223, 2225, 2233,
    2239, 2249, 2251, 2252, 2255, 2263, 2264, 2270, 2271, 2285, 2289, 2291,
    2298, 2310, 2313, 2315, 2317, 2319, 2320, 2323, 2325, 2326, 2338, 2340,
    2341, 2347, 2349, 2351, 2354, 2355, 2363, 2364, 2371, 2381, 2390, 2394,
    2399, 2400, 2412, 2413, 2419, 2420, 2427, 2433, 2434, 2436, 2437, 2439,
    2445, 2448, 2452, 2455, 2458, 2463, 2464, 2476, 2477, 2480, 2481, 2495,
    2500, 2501, 2506, 2515, 2522, 2523, 2526, 2528, 2531, 2532, 2544, 2546,
    2551, 2562, 2570, 2571, 2573, 2574, 2577, 2578, 2586, 2587, 2597, 2600,
    2606, 2608, 2614, 2624, 2629, 2630, 2634, 2645, 2648, 2657, 2658, 2660,
    2661, 2669, 2671, 2678, 2680, 2681, 2682, 2684, 2685, 2689, 2693, 2709,
    2710, 2711, 2712, 2718, 2726, 2729, 2732, 2736, 2739, 2748, 2749, 2764,
    2766, 2767, 2775, 2784, 2785, 2789, 2790, 2793, 2796, 2798, 2815, 2817,
    2818
[2] 2, 33, 34, 48, 59, 65, 66, 67, 72, 98, 100, 108, 115, 120, 121, 129, 139,
    157, 158, 173, 185, 188, 189, 209, 216, 219, 224, 227, 230, 239, 240, 245,
    246, 254, 257, 258, 267, 270, 280, 288, 290, 297, 302, 305, 308, 309, 318,
    325, 331, 340, 346, 352, 356, 364, 367, 369, 370, 375, 376, 377, 393, 396,
    404, 405, 410, 411, 419, 424, 425, 428, 434, 439, 444, 445, 449, 452, 458,
    459, 460, 463, 475, 480, 482, 484, 485, 489, 501, 502, 505, 513, 514, 522,
    523, 525, 531, 539, 550, 560, 563, 571, 572, 575, 584, 598, 609, 610, 612,
    613, 615, 619, 623, 624, 632, 633, 636, 641, 649, 660, 673, 676, 680, 685,
    700, 701, 704, 705, 707, 709, 713, 718, 719, 732, 736, 745, 746, 752, 753,
    755, 763, 767, 771, 774, 775, 778, 788, 795, 809, 810, 811, 813, 816, 817,
    819, 822, 823, 824, 825, 827, 836, 841, 842, 850, 853, 857, 860, 862, 863,
    873, 893, 894, 927, 928, 930, 934, 939, 944, 958, 963, 964, 970, 975, 982,
    983, 987, 990, 993, 994, 1002, 1003, 1006, 1007, 1021, 1022, 1024, 1025,
    1033, 1042, 1043, 1052, 1054, 1070, 1071, 1099, 1101, 1113, 1114, 1124,
    1126, 1129, 1142, 1145, 1157, 1160, 1161, 1167, 1175, 1182, 1188, 1189,
    1199, 1214, 1219, 1220, 1226, 1258, 1267, 1269, 1278, 1281, 1289, 1293,
    1299, 1302, 1312, 1317, 1319, 1322, 1325, 1334, 1335, 1346, 1353, 1357,
    1359, 1369, 1370, 1376, 1385, 1386, 1389, 1390, 1395, 1396, 1407, 1408,
    1412, 1415, 1416, 1425, 1429, 1437, 1438, 1442, 1446, 1449, 1450, 1457,
    1459, 1464, 1481, 1486, 1495, 1515, 1519, 1526, 1527, 1542, 1543, 1549,
    1554, 1564, 1565, 1567, 1570, 1575, 1580, 1581, 1583, 1587, 1592, 1593,
    1595, 1596, 1605, 1606, 1612, 1615, 1621, 1625, 1627, 1634, 1640, 1643,
    1650, 1653, 1656, 1667, 1680, 1683, 1686, 1687, 1695, 1698, 1701, 1705,
    1706, 1711, 1713, 1714, 1716, 1722, 1724, 1727, 1737, 1738, 1756, 1759,
    1763, 1768, 1769, 1784, 1790, 1793, 1814, 1815, 1818, 1827, 1830, 1836,
    1839, 1850, 1851, 1857, 1858, 1868, 1874, 1879, 1881, 1889, 1894, 1901,
    1903, 1904, 1906, 1907, 1911, 1914, 1919, 1923, 1926, 1929, 1931, 1932,
    1934, 1951, 1952, 1955, 1961, 1968, 1969, 1970, 1971, 1973, 1974, 1988,
    1994, 1997, 1998, 1999, 2007, 2012, 2016, 2024, 2032, 2033, 2038, 2052,
    2056, 2057, 2064, 2069, 2085, 2086, 2100, 2106, 2107, 2111, 2113, 2124,
    2125, 2132, 2134, 2143, 2150, 2153, 2159, 2169, 2181, 2182, 2185, 2187,
    2192, 2208, 2215, 2216, 2217, 2218, 2228, 2235, 2236, 2242, 2244, 2246,
    2257, 2258, 2261, 2267, 2269, 2274, 2277, 2278, 2282, 2293, 2294, 2295,
    2296, 2300, 2301, 2303, 2306, 2328, 2329, 2331, 2332, 2333, 2334, 2335,
    2343, 2344, 2357, 2359, 2360, 2362, 2365, 2366, 2369, 2375, 2383, 2387,
    2392, 2397, 2405, 2406, 2409, 2414, 2415, 2417, 2423, 2425, 2429, 2431,
    2460, 2467, 2468, 2470, 2473, 2487, 2489, 2490, 2491, 2492, 2498, 2508,
    2509, 2510, 2513, 2519, 2535, 2538, 2548, 2553, 2554, 2556, 2557, 2564,
    2566, 2567, 2581, 2583, 2589, 2593, 2601, 2602, 2603, 2604, 2611, 2615,
    2616, 2620, 2627, 2636, 2637, 2639, 2642, 2652, 2655, 2663, 2664, 2666,
    2667, 2674, 2675, 2695, 2696, 2698, 2700, 2701, 2703, 2704, 2705, 2707,
    2715, 2721, 2722, 2741, 2742, 2746, 2755, 2758, 2760, 2761, 2770, 2771,
    2777, 2780, 2782, 2800, 2805, 2807, 2808, 2810, 2811, 2812
[3] 9, 12, 13, 16, 26, 29, 38, 41, 46, 47, 49, 50, 53, 74, 75, 94, 97, 117,
    128, 130, 146, 149, 150, 153, 191, 202, 208, 210, 214, 235, 256, 260, 262,
    265, 274, 279, 281, 289, 291, 298, 301, 303, 311, 330, 332, 342, 345, 347,
    350, 351, 354, 357, 363, 374, 378, 381, 382, 387, 401, 403, 414, 416, 420,
    426, 430, 433, 435, 440, 441, 453, 456, 457, 461, 462, 471, 476, 481, 483,
    487, 491, 495, 498, 504, 506, 509, 518, 521, 537, 548, 549, 551, 554, 559,
    562, 566, 578, 580, 582, 583, 587, 605, 608, 616, 622, 628, 631, 635, 640,
    645, 648, 656, 662, 669, 670, 696, 699, 703, 708, 710, 717, 720, 724, 725,
    728, 730, 731, 734, 735, 738, 741, 744, 748, 749, 751, 762, 769, 779, 789,
    794, 797, 812, 826, 829, 838, 843, 844, 856, 861, 864, 866, 884, 890, 900,
    903, 922, 923, 929, 940, 948, 952, 962, 965, 967, 969, 971, 981, 991, 995,
    996, 998, 1001, 1005, 1009, 1016, 1017, 1031, 1034, 1037, 1038, 1053,
    1060, 1069, 1098, 1100, 1103, 1109, 1111, 1127, 1136, 1146, 1147, 1151,
    1152, 1156, 1159, 1165, 1176, 1180, 1181, 1183, 1187, 1192, 1195, 1197,
    1203, 1204, 1207, 1208, 1216, 1229, 1230, 1233, 1243, 1262, 1268, 1270,
    1271, 1276, 1277, 1282, 1283, 1288, 1291, 1292, 1310, 1336, 1339, 1343,
    1351, 1355, 1358, 1360, 1367, 1381, 1382, 1384, 1391, 1394, 1406, 1410,
    1426, 1430, 1440, 1441, 1443, 1448, 1458, 1467, 1472, 1476, 1493, 1508,
    1514, 1536, 1539, 1556, 1559, 1561, 1563, 1568, 1569, 1571, 1585, 1599,
    1600, 1616, 1620, 1623, 1626, 1632, 1633, 1638, 1641, 1642, 1651, 1652,
    1654, 1657, 1660, 1673, 1675, 1685, 1691, 1692, 1694, 1696, 1697, 1702,
    1707, 1710, 1715, 1717, 1719, 1725, 1726, 1746, 1754, 1758, 1762, 1764,
    1774, 1775, 1783, 1788, 1792, 1796, 1799, 1801, 1802, 1805, 1810, 1811,
    1816, 1823, 1831, 1835, 1843, 1844, 1846, 1849, 1860, 1872, 1875, 1883,
    1884, 1890, 1891, 1899, 1909, 1912, 1917, 1921, 1922, 1924, 1927, 1935,
    1937, 1940, 1950, 1954, 1960, 1964, 1965, 1967, 1972, 1990, 1996, 2005,
    2011, 2017, 2018, 2031, 2034, 2042, 2053, 2055, 2060, 2061, 2071, 2073,
    2093, 2105, 2127, 2142, 2148, 2154, 2164, 2167, 2178, 2188, 2189, 2191,
    2193, 2212, 2219, 2224, 2226, 2234, 2243, 2247, 2248, 2253, 2268, 2272,
    2273, 2283, 2284, 2287, 2288, 2292, 2297, 2308, 2311, 2312, 2314, 2316,
    2318, 2324, 2327, 2330, 2346, 2353, 2356, 2367, 2370, 2373, 2382, 2396,
    2398, 2411, 2421, 2422, 2430, 2432, 2438, 2441, 2444, 2447, 2450, 2451,
    2454, 2456, 2459, 2462, 2479, 2483, 2496, 2503, 2505, 2511, 2514, 2517,
    2524, 2525, 2527, 2530, 2537, 2549, 2555, 2565, 2569, 2576, 2579, 2580,
    2582, 2588, 2598, 2599, 2607, 2618, 2619, 2626, 2643, 2644, 2659, 2673,
    2679, 2687, 2688, 2702, 2706, 2713, 2714, 2716, 2717, 2720, 2727, 2734,
    2738, 2744, 2750, 2753, 2757, 2759, 2769, 2772, 2778, 2779, 2783, 2788,
    2799, 2806, 2809, 2813, 2814
[4] 0, 6, 15, 18, 52, 56, 73, 82, 93, 116, 127, 132, 140, 145, 152, 159, 163,
    167, 179, 183, 186, 190, 194, 198, 201, 213, 234, 238, 244, 247, 252, 255,
    259, 273, 278, 284, 306, 310, 316, 319, 322, 326, 336, 341, 353, 360, 365,
    368, 373, 386, 408, 423, 429, 443, 446, 470, 478, 486, 490, 497, 500, 503,
    508, 515, 528, 532, 536, 540, 547, 556, 561, 569, 592, 604, 627, 630, 634,
    652, 661, 674, 677, 683, 692, 695, 698, 702, 727, 733, 737, 740, 743, 747,
    758, 761, 764, 768, 772, 782, 786, 796, 802, 805, 814, 820, 828, 831, 837,
    846, 851, 874, 895, 899, 906, 909, 912, 921, 925, 931, 935, 945, 955, 959,
    973, 978, 984, 1004, 1008, 1011, 1019, 1023, 1036, 1040, 1044, 1055, 1059,
    1063, 1068, 1072, 1076, 1080, 1086, 1090, 1094, 1097, 1102, 1115, 1122,
    1133, 1139, 1143, 1158, 1168, 1172, 1186, 1206, 1215, 1221, 1224, 1232,
    1239, 1242, 1246, 1251, 1255, 1259, 1275, 1290, 1303, 1320, 1323, 1330,
    1338, 1342, 1347, 1354, 1374, 1377, 1387, 1393, 1400, 1409, 1413, 1417,
    1436, 1439, 1447, 1451, 1460, 1475, 1489, 1492, 1499, 1507, 1510, 1513,
    1516, 1522, 1525, 1533, 1538, 1555, 1573, 1584, 1607, 1619, 1622, 1628,
    1631, 1637, 1644, 1659, 1665, 1672, 1681, 1684, 1690, 1699, 1709, 1712,
    1728, 1735, 1739, 1745, 1749, 1757, 1767, 1773, 1777, 1782, 1787, 1791,
    1804, 1819, 1834, 1837, 1842, 1852, 1859, 1862, 1866, 1882, 1886, 1895,
    1898, 1902, 1905, 1908, 1920, 1930, 1946, 1949, 1953, 1956, 1959, 1975,
    1979, 1989, 1992, 1995, 2000, 2004, 2013, 2025, 2030, 2049, 2070, 2083,
    2087, 2114, 2126, 2135, 2138, 2141, 2144, 2147, 2151, 2156, 2163, 2170,
    2173, 2199, 2203, 2211, 2214, 2265, 2275, 2279, 2286, 2307, 2321, 2342,
    2345, 2352, 2358, 2372, 2376, 2384, 2395, 2403, 2407, 2410, 2440, 2443,
    2446, 2449, 2453, 2461, 2465, 2471, 2474, 2478, 2482, 2499, 2502, 2516,
    2520, 2529, 2533, 2536, 2539, 2560, 2568, 2575, 2584, 2590, 2594, 2617,
    2621, 2625, 2628, 2631, 2640, 2649, 2653, 2665, 2672, 2676, 2683, 2686,
    2690, 2694, 2719, 2723, 2733, 2737, 2743, 2747, 2752, 2756, 2762, 2768,
    2791, 2794, 2803

Reassigned labels

Runtime: 6.221158266067505

Performance split_log:

IM without threshold:
Map:
{"D_0": "D", "D_1": "D", "D_2": "D", "D_3": "D", "D_4": "D"}
token_fitness
{"perc_fit_traces": 100.0, "average_trace_fitness": 1.0, "log_fitness": 1.0, "percentage_of_fitting_traces": 100.0}
precision
0.611935150051742
0.6377952755905513
generalization
0.6551155072852592

Adjusted Rand Index:
0.19046989603030584



Parameters of this run:

Window size: 5
Threshold for edges: 1
Split candidates: D
Max number of traces: 5000000
Method for distance calculation: Distance.MULTISET_DISTANCE
Method for finding clusters: ClusteringMethod.COMMUNITY_DETECTION
Original log location: ./data/noImprInLoop_default_OD\feb17-0936\logs\H_1_LogD_Sequence_feb17-0936.xes.gz
Use frequency: True

Found communities: 

Clustering with 2819 elements and 523 clusters
[  0] 67, 72, 100, 121, 158, 185, 209, 240, 246, 302, 318, 340, 346, 364, 367,
      370, 377, 393, 419, 425, 434, 439, 445, 460, 480, 482, 502, 505, 525,
      560, 563, 636, 641, 649, 673, 709, 713, 763, 788, 811, 813, 825, 836,
      850, 853, 857, 939, 944, 994, 1025, 1099, 1114, 1157, 1214, 1226, 1289,
      1319, 1322, 1325, 1346, 1370, 1376, 1425, 1438, 1464, 1527, 1543, 1575,
      1583, 1606, 1621, 1627, 1701, 1706, 1711, 1714, 1759, 1763, 1769, 1793,
      1836, 1868, 1881, 1894, 1904, 1907, 1932, 1955, 1961, 1971, 1994, 1997,
      1999, 2012, 2024, 2113, 2134, 2143, 2182, 2187, 2192, 2216, 2218, 2244,
      2267, 2269, 2296, 2303, 2333, 2335, 2344, 2357, 2360, 2362, 2366, 2383,
      2409, 2415, 2429, 2431, 2460, 2470, 2473, 2492, 2510, 2535, 2548, 2564,
      2583, 2589, 2602, 2604, 2616, 2667, 2696, 2703, 2705, 2707, 2800, 2805,
      2810, 2812
[  1] 34, 189, 258, 270, 309, 325, 352, 356, 405, 411, 428, 449, 452, 485,
      514, 523, 572, 584, 598, 610, 613, 624, 633, 701, 705, 719, 736, 746,
      753, 775, 778, 817, 823, 842, 863, 894, 928, 964, 983, 990, 1003, 1007,
      1022, 1043, 1052, 1071, 1161, 1189, 1199, 1220, 1258, 1267, 1281, 1293,
      1312, 1317, 1335, 1353, 1386, 1390, 1396, 1408, 1412, 1416, 1442, 1450,
      1481, 1565, 1581, 1593, 1596, 1615, 1634, 1643, 1653, 1680, 1687, 1727,
      1738, 1756, 1815, 1851, 1858, 1889, 1901, 1911, 1919, 1926, 1929, 1952,
      1969, 1974, 1988, 2016, 2033, 2038, 2057, 2086, 2107, 2125, 2159, 2169,
      2185, 2228, 2236, 2242, 2258, 2274, 2278, 2282, 2294, 2301, 2306, 2329,
      2369, 2406, 2423, 2468, 2490, 2554, 2557, 2567, 2581, 2593, 2637, 2652,
      2664, 2675, 2701, 2722, 2742, 2761, 2771, 2808
[  2] 11, 14, 40, 43, 81, 90, 124, 135, 162, 207, 222, 264, 283, 300, 313,
      329, 349, 359, 380, 455, 520, 568, 591, 595, 607, 655, 785, 799, 834,
      886, 889, 902, 905, 915, 924, 1018, 1058, 1062, 1118, 1121, 1138, 1164,
      1209, 1212, 1245, 1264, 1284, 1403, 1435, 1474, 1541, 1546, 1693, 1734,
      1742, 1803, 1807, 1833, 1871, 2003, 2010, 2062, 2075, 2082, 2092, 2122,
      2190, 2195, 2202, 2233, 2252, 2255, 2355, 2381, 2390, 2434, 2452, 2464,
      2477, 2526, 2532, 2544, 2571, 2587, 2661, 2689, 2726, 2767, 2785, 2790,
      2815
[  3] 17, 25, 84, 102, 126, 131, 169, 178, 200, 251, 272, 362, 388, 407, 492,
      499, 542, 579, 581, 600, 666, 682, 694, 757, 804, 839, 848, 871, 891,
      920, 951, 980, 1035, 1067, 1096, 1112, 1196, 1223, 1274, 1314, 1332,
      1344, 1368, 1471, 1535, 1537, 1630, 1658, 1720, 1744, 1786, 1795, 1876,
      1936, 2035, 2046, 2059, 2072, 2109, 2119, 2175, 2317, 2364, 2394, 2448,
      2501, 2630, 2682, 2685, 2712, 2749, 2793
[  4] 127, 145, 159, 238, 244, 273, 353, 386, 408, 443, 478, 490, 503, 540,
      674, 677, 737, 805, 814, 828, 837, 851, 978, 984, 1011, 1023, 1055,
      1072, 1080, 1206, 1215, 1232, 1251, 1275, 1330, 1413, 1417, 1533, 1555,
      1628, 1699, 1709, 1739, 1745, 1782, 1946, 1959, 2173, 2211, 2358, 2372,
      2449, 2453, 2471, 2529, 2594, 2640, 2672, 2683, 2690, 2723, 2743, 2747,
      2752, 2794
[  5] 28, 51, 70, 87, 96, 119, 193, 197, 293, 383, 442, 473, 716, 726, 750,
      877, 942, 1000, 1105, 1132, 1153, 1202, 1341, 1383, 1504, 1552, 1766,
      1798, 1822, 1855, 1966, 1982, 2022, 2041, 2117, 2180, 2289, 2400, 2481,
      2523, 2578, 2624, 2658, 2818
[  6] 10, 80, 118, 134, 263, 590, 594, 606, 798, 833, 865, 876, 888, 904, 999,
      1010, 1065, 1104, 1117, 1131, 1137, 1163, 1250, 1340, 1524, 1821, 1854,
      2021, 2081, 2116, 2121, 2130, 2179, 2354, 2399, 2480, 2522, 2570, 2657,
      2671, 2678, 2680, 2817
[  7] 191, 262, 274, 311, 381, 628, 724, 797, 940, 967, 1037, 1060, 1103,
      1109, 1192, 1207, 1282, 1381, 1556, 1571, 1599, 1746, 1801, 1810, 1846,
      1964, 2073, 2093, 2164, 2247, 2253, 2287, 2324, 2398, 2411, 2432, 2438,
      2450, 2524, 2576, 2687, 2788, 2813
[  8] 9, 12, 26, 49, 117, 149, 202, 235, 281, 342, 347, 357, 430, 471, 509,
      566, 656, 829, 884, 903, 922, 1136, 1151, 1183, 1262, 1539, 1616, 1691,
      1796, 1805, 1831, 1940, 2017, 2060, 2178, 2188, 2193, 2462, 2569, 2716,
      2772
[  9] 65, 219, 732, 860, 987, 1033, 1142, 1167, 1182, 1278, 1299, 1302, 1357,
      1457, 1486, 1495, 1519, 1570, 1625, 1650, 1656, 1698, 1818, 1830, 1879,
      1914, 2052, 2069, 2100, 2150, 2261, 2375, 2387, 2498, 2519, 2620, 2715,
      2746, 2755, 2780
[ 10] 52, 132, 167, 252, 319, 326, 532, 592, 630, 692, 796, 802, 820, 899,
      955, 973, 1004, 1063, 1102, 1221, 1374, 1377, 1387, 1492, 1607, 1665,
      1791, 1819, 1992, 2114, 2265, 2345, 2403, 2446, 2502, 2625, 2737
[ 11] 56, 186, 234, 316, 368, 429, 652, 758, 768, 772, 786, 906, 931, 959,
      1036, 1143, 1158, 1224, 1239, 1242, 1255, 1436, 1499, 1637, 1735, 1920,
      1953, 1956, 2135, 2141, 2151, 2163, 2203, 2279, 2410, 2665, 2719
[ 12] 116, 284, 547, 661, 683, 698, 831, 874, 909, 925, 945, 1008, 1076, 1094,
      1115, 1139, 1338, 1342, 1354, 1447, 1522, 1631, 1773, 1777, 1837, 1852,
      1859, 1895, 1898, 1902, 2307, 2384, 2520, 2568, 2676
[ 13] 93, 140, 190, 201, 365, 423, 556, 604, 747, 846, 1090, 1122, 1168, 1303,
      1409, 1460, 1584, 1659, 1757, 1882, 1886, 1930, 1975, 1989, 2126, 2199,
      2352, 2407, 2440, 2443, 2533, 2539, 2733, 2791
[ 14] 404, 410, 475, 513, 609, 612, 632, 660, 707, 752, 774, 819, 822, 841,
      893, 982, 1006, 1101, 1389, 1580, 1814, 1857, 1934, 1968, 2124, 2277,
      2300, 2328, 2397, 2489, 2663, 2674, 2700, 2770
[ 15] 23, 37, 151, 166, 176, 344, 432, 466, 511, 658, 671, 845, 898, 954,
      1089, 1185, 1194, 1296, 1373, 1532, 1604, 1647, 1812, 1825, 2044, 2166,
      2239, 2320, 2326, 2341, 2574, 2614, 2710, 2718
[ 16] 73, 163, 179, 528, 627, 727, 733, 743, 1059, 1097, 1133, 1246, 1290,
      1320, 1323, 1400, 1489, 1507, 1619, 1728, 1749, 1767, 1834, 1866, 1908,
      2030, 2147, 2156, 2170, 2214, 2321, 2395
[ 17] 36, 175, 335, 338, 510, 519, 657, 885, 953, 1061, 1110, 1329, 1372,
      1402, 1509, 1540, 1753, 2002, 2048, 2077, 2089, 2194, 2323, 2340, 2433,
      2573, 2586, 2660, 2789
[ 18] 115, 139, 173, 254, 280, 288, 290, 331, 375, 619, 676, 685, 930, 1126,
      1429, 1612, 1667, 1724, 1784, 1839, 2064, 2132, 2153, 2417, 2508, 2639,
      2698, 2758, 2777
[ 19] 0, 198, 336, 341, 508, 536, 740, 764, 1019, 1068, 1347, 1439, 1451,
      1475, 1510, 1538, 1690, 1804, 1905, 2004, 2087, 2342, 2465, 2516, 2584,
      2653, 2694
[ 20] 39, 123, 221, 348, 379, 567, 784, 914, 972, 1046, 1309, 1423, 1473,
      1545, 1733, 1870, 2009, 2027, 2029, 2140, 2172, 2291, 2427, 2439, 2463,
      2476, 2784
[ 21] 137, 144, 171, 249, 261, 315, 402, 413, 496, 517, 555, 588, 742, 867,
      908, 1150, 1337, 1361, 1466, 1664, 1674, 1809, 2066, 2349, 2506, 2528,
      2608
[ 22] 92, 142, 333, 400, 477, 617, 691, 697, 721, 911, 977, 992, 1305, 1421,
      1671, 1718, 1841, 1861, 1963, 2128, 2155, 2271, 2347, 2669, 2739, 2775
[ 23] 194, 259, 306, 515, 561, 569, 695, 702, 761, 935, 1044, 1186, 1513,
      1525, 1684, 2013, 2083, 2286, 2478, 2575, 2621, 2631, 2649, 2762, 2768,
      2803
[ 24] 188, 308, 484, 522, 571, 745, 862, 1021, 1145, 1395, 1407, 1554, 1564,
      1592, 1595, 1850, 1973, 2032, 2056, 2085, 2235, 2467, 2655
[ 25] 16, 130, 387, 414, 495, 580, 616, 741, 838, 866, 1034, 1111, 1343, 1360,
      1673, 1719, 1860, 1875, 1935, 2127, 2505, 2527
[ 26] 6, 152, 213, 322, 470, 486, 500, 634, 1086, 1259, 1573, 1644, 1681,
      1712, 1949, 1979, 1995, 2474, 2482, 2536, 2590
[ 27] 354, 426, 717, 744, 751, 962, 1187, 1351, 1394, 1406, 1694, 1909, 1917,
      2053, 2167, 2234, 2272, 2292, 2396, 2626, 2759
[ 28] 623, 700, 755, 795, 927, 963, 1188, 1219, 1269, 1334, 1446, 1449, 1567,
      1695, 2293, 2331, 2405, 2425, 2553, 2627, 2636
[ 29] 62, 918, 1039, 1093, 1171, 1254, 1287, 1558, 1590, 1601, 1748, 1848,
      1885, 2095, 2198, 2249, 2264, 2413, 2420, 2597
[ 30] 239, 376, 459, 501, 1024, 1526, 1542, 1713, 1768, 1903, 1906, 1970,
      2215, 2332, 2334, 2414, 2509, 2603, 2666
[ 31] 146, 214, 303, 420, 487, 537, 1623, 1675, 1774, 1816, 1912, 2005, 2308,
      2311, 2373, 2511, 2517, 2753
[ 32] 5, 204, 237, 553, 793, 1030, 1075, 1231, 1618, 1704, 1892, 1942, 2019,
      2437, 2693, 2732
[ 33] 55, 105, 233, 391, 469, 535, 664, 880, 1079, 1380, 1578, 1610, 1978,
      2458, 2495
[ 34] 86, 472, 897, 1088, 1201, 1261, 1551, 1603, 1824, 1981, 2040, 2319,
      2577, 2606, 2764
[ 35] 161, 552, 687, 760, 830, 1013, 1057, 1211, 1217, 1244, 1617, 1761, 1832,
      1941, 2251
[ 36] 350, 483, 521, 608, 861, 1069, 1159, 1310, 1632, 1849, 1899, 1972, 2105,
      2421, 2483
[ 37] 79, 85, 832, 1087, 1162, 1371, 1550, 1602, 2129, 2339, 2521, 2605, 2670,
      2763, 2816
[ 38] 15, 18, 82, 183, 255, 360, 446, 921, 1516, 1622, 2049, 2144, 2461, 2560
[ 39] 59, 108, 216, 227, 230, 531, 539, 767, 934, 1129, 1175, 1923, 2007, 2208
[ 40] 133, 327, 1130, 1200, 1294, 1433, 1502, 1740, 2039, 2237, 2322, 2542,
      2595, 2708
[ 41] 278, 310, 373, 912, 1842, 1862, 2025, 2070, 2138, 2275, 2499, 2617,
      2628, 2756
[ 42] 29, 46, 265, 456, 461, 1127, 1276, 1467, 1493, 1921, 2618, 2727, 2778
[ 43] 27, 69, 89, 196, 372, 385, 715, 1193, 1263, 1646, 2232, 2543, 2613
[ 44] 247, 497, 782, 895, 1040, 1172, 1393, 1672, 1787, 2000, 2376, 2686
[ 45] 269, 565, 777, 1135, 1316, 1679, 1755, 1910, 2102, 2158, 2184, 2368
[ 46] 68, 195, 371, 384, 714, 1249, 1260, 1645, 2026, 2076, 2231, 2612
[ 47] 416, 498, 696, 890, 1336, 1426, 1717, 2154, 2212, 2447, 2607, 2738
[ 48] 64, 859, 1032, 1301, 1518, 1624, 1655, 1829, 1878, 2051, 2497
[ 49] 78, 206, 275, 1572, 2091, 2197, 2201, 2263, 2531, 2546, 2766
[ 50] 83, 361, 406, 541, 847, 1066, 1273, 1794, 2174, 2500, 2629
[ 51] 168, 177, 910, 950, 976, 1095, 1420, 1670, 1840, 1962, 2270
[ 52] 48, 267, 305, 458, 463, 489, 550, 958, 1587, 1874, 2513
[ 53] 22, 507, 917, 1286, 1531, 1562, 2165, 2325, 2412, 2709
[ 54] 54, 232, 390, 468, 663, 1107, 1365, 1453, 1984, 2457
[ 55] 76, 781, 1350, 1366, 1454, 1478, 1939, 1985, 2162, 2285
[ 56] 88, 294, 337, 464, 1520, 2080, 2209, 2250, 2379, 2572
[ 57] 113, 212, 639, 644, 647, 1083, 1432, 1772, 1845, 2736
[ 58] 398, 417, 586, 1427, 1462, 1483, 1916, 2213, 2455, 2515
[ 59] 53, 74, 435, 779, 995, 1146, 1843, 1937, 2283, 2456
[ 60] 2, 873, 970, 1459, 1515, 1716, 1722, 2111, 2538
[ 61] 101, 136, 143, 170, 250, 1663, 1743, 2108, 2711
[ 62] 324, 1198, 1352, 1900, 1925, 1991, 2037, 2305, 2402
[ 63] 415, 494, 801, 1177, 2104, 2298, 2315, 2371, 2796
[ 64] 645, 662, 1203, 1233, 1476, 2219, 2549, 2598, 2643
[ 65] 1002, 1042, 1415, 1737, 2257, 2556, 2566, 2741, 2760
[ 66] 42, 328, 941, 968, 1092, 1434, 1747, 1847, 2596
[ 67] 109, 276, 320, 545, 1178, 1190, 1896, 2801
[ 68] 160, 589, 686, 1210, 1523, 1853, 2120, 2656
[ 69] 307, 1256, 1265, 1566, 1736, 2014, 2635, 2740
[ 70] 534, 643, 879, 1078, 1379, 1431, 1577, 1977
[ 71] 593, 887, 913, 1869, 2028, 2115, 2139, 2290
[ 72] 703, 981, 1005, 1448, 1685, 1754, 2330, 2579
[ 73] 474, 776, 1279, 1479, 1947, 1986, 2280, 2591
[ 74] 30, 1128, 1468, 1649, 2309, 2633, 2728
[ 75] 60, 576, 1064, 1091, 1588, 1820, 2262
[ 76] 110, 277, 321, 790, 1179, 1781, 2802
[ 77] 120, 424, 993, 1931, 2295, 2615, 2811
[ 78] 226, 229, 530, 766, 1485, 2149, 2518
[ 79] 297, 615, 809, 975, 1124, 1359, 1683
[ 80] 301, 562, 1620, 1792, 2011, 2382, 2459
[ 81] 465, 1074, 1184, 1521, 1636, 1806, 2380
[ 82] 544, 668, 729, 1085, 1248, 1751, 2223
[ 83] 791, 875, 1116, 2229, 2677, 2691, 2730
[ 84] 810, 1369, 1605, 1705, 2181, 2343, 2695
[ 85] 986, 1456, 1913, 2099, 2260, 2374, 2754
[ 86] 957, 1141, 1166, 1356, 1494, 1817, 2386
[ 87] 1205, 1235, 1945, 2221, 2338, 2551, 2645
[ 88] 3, 1073, 1635, 1752, 2001, 2426
[ 89] 20, 448, 1051, 1155, 1888, 2559
[ 90] 33, 816, 2106, 2392, 2782, 2807
[ 91] 35, 164, 174, 1252, 1500, 2388
[ 92] 128, 289, 826, 948, 1783, 2757
[ 93] 157, 369, 444, 824, 1437, 2491
[ 94] 61, 192, 292, 577, 1170, 2419
[ 95] 220, 334, 783, 1328, 2047, 2585
[ 96] 286, 546, 723, 1191, 1708, 1897
[ 97] 323, 659, 1887, 2304, 2401, 2699
[ 98] 389, 601, 1364, 1452, 1943, 1983
[ 99] 396, 771, 1549, 1640, 2487, 2611
[100] 454, 654, 1557, 1589, 2094, 2389
[101] 493, 1629, 2363, 2681, 2684, 2748
[102] 533, 642, 1106, 1348, 1576, 2160
[103] 808, 974, 1123, 1666, 1838, 2776
[104] 706, 818, 1388, 1813, 2276, 2299
[105] 937, 1027, 1307, 1506, 2146, 2562
[106] 956, 1300, 1517, 1648, 1729, 2385
[107] 1020, 1594, 2123, 2466, 2488, 2654
[108] 602, 1234, 1398, 1944, 2220, 2550
[109] 31, 182, 1238, 1677, 1731
[110] 50, 923, 1802, 1811, 2288
[111] 95, 1029, 1703, 1765, 1797
[112] 97, 330, 710, 969, 1559
[113] 103, 231, 241, 467, 1496
[114] 106, 180, 881, 1047, 1547
[115] 122, 1012, 1056, 1308, 1760
[116] 147, 679, 1237, 1676, 2006
[117] 205, 2020, 2196, 2200, 2418
[118] 225, 932, 2485, 2609, 2632
[119] 282, 295, 2230, 2692, 2731
[120] 7, 285, 722, 1750, 2797
[121] 358, 901, 2074, 2623, 2773
[122] 236, 431, 527, 2043, 2436
[123] 504, 1758, 1762, 1996, 2268
[124] 559, 1098, 1156, 1954, 2582
[125] 564, 926, 1134, 2183, 2650
[126] 107, 770, 933, 1639, 2207
[127] 821, 892, 1856, 2404, 2662
[128] 1045, 1732, 2008, 2171, 2475
[129] 1469, 1776, 2310, 2313, 2729
[130] 1285, 1401, 1530, 2545, 2765
[131] 1, 172, 1721, 2152
[132] 8, 154, 1405, 2798
[133] 32, 187, 1144, 1553
[134] 98, 1054, 2246, 2642
[135] 104, 436, 1609, 2494
[136] 112, 638, 1661, 1771
[137] 129, 224, 827, 1827
[138] 215, 266, 304, 488
[139] 312, 343, 629, 1501
[140] 355, 451, 1918, 2054
[141] 382, 1965, 2061, 2688
[142] 395, 1298, 2068, 2745
[143] 397, 585, 681, 2118
[144] 314, 399, 412, 516
[145] 512, 840, 1933, 2256
[146] 181, 538, 1174, 1730
[147] 548, 1355, 1568, 2713
[148] 650, 667, 1084, 2222
[149] 725, 1283, 1600, 2248
[150] 735, 1441, 2273, 2580
[151] 754, 1445, 2084, 2552
[152] 896, 1028, 1980, 2435
[153] 41, 998, 1883, 2353
[154] 245, 1113, 1998, 2359
[155] 1009, 1216, 1702, 1890
[156] 94, 1229, 1764, 1823
[157] 165, 1253, 1741, 2254
[158] 1378, 1608, 1770, 2493
[159] 1410, 1924, 2565, 2673
[160] 1440, 1443, 1950, 2055
[161] 2063, 2245, 2641, 2697
[162] 13, 1692, 2717
[163] 19, 447, 611
[164] 63, 1828, 2050
[165] 125, 693, 2668
[166] 138, 1611, 2507
[167] 155, 620, 1487
[168] 184, 1318, 2361
[169] 228, 529, 2206
[170] 248, 690, 1785
[171] 268, 1678, 2558
[172] 299, 1120, 2725
[173] 339, 1574, 1993
[174] 401, 587, 991
[175] 409, 815, 2391
[176] 427, 1411, 2378
[177] 298, 440, 900
[178] 457, 462, 1775
[179] 479, 938, 2302
[180] 491, 2346, 2514
[181] 506, 669, 2530
[182] 575, 680, 1790
[183] 599, 919, 2795
[184] 614, 1125, 1723
[185] 156, 621, 1488
[186] 631, 699, 1651
[187] 712, 852, 2469
[188] 718, 1686, 1951
[189] 582, 734, 2367
[190] 748, 1561, 2318
[191] 526, 759, 2088
[192] 765, 1140, 1484
[193] 800, 1808, 2393
[194] 835, 2186, 2547
[195] 392, 849, 1345
[196] 882, 1048, 1548
[197] 21, 916, 1169
[198] 946, 1154, 2240
[199] 437, 997, 1498
[200] 45, 1015, 2445
[201] 878, 1077, 1976
[202] 1295, 1503, 2238
[203] 1349, 1938, 2161
[204] 1362, 1780, 2540
[205] 1375, 2266, 2563
[206] 1384, 1641, 1927
[207] 1477, 2337, 2647
[208] 1682, 1778, 2204
[209] 1218, 2036, 2157
[210] 947, 2227, 2241
[211] 1176, 2297, 2316
[212] 1444, 2484, 2651
[213] 2451, 2525, 2814
[214] 4, 792
[215] 38, 2042
[216] 47, 1922
[217] 57, 678
[218] 58, 421
[219] 66, 2601
[220] 77, 2090
[221] 91, 1304
[222] 111, 637
[223] 114, 253
[224] 203, 2210
[225] 211, 1082
[226] 218, 1789
[227] 242, 1497
[228] 256, 1197
[229] 257, 704
[230] 260, 1536
[231] 366, 2408
[232] 374, 2444
[233] 422, 2634
[234] 433, 856
[235] 450, 1333
[236] 476, 1195
[237] 518, 1243
[238] 543, 1247
[239] 570, 2136
[240] 574, 2512
[241] 583, 1726
[242] 605, 1016
[243] 618, 868
[244] 635, 2809
[245] 208, 640
[246] 651, 1392
[247] 708, 812
[248] 728, 738
[249] 739, 807
[250] 199, 756
[251] 481, 762
[252] 769, 1638
[253] 773, 1414
[254] 794, 2555
[255] 843, 1508
[256] 864, 2679
[257] 872, 2110
[258] 949, 1779
[259] 966, 1689
[260] 979, 2103
[261] 985, 1455
[262] 996, 1844
[263] 854, 1014
[264] 1031, 1165
[265] 1119, 2622
[266] 1147, 2284
[267] 1108, 1148
[268] 1149, 2774
[269] 1152, 2018
[270] 1160, 1385
[271] 731, 1181
[272] 1038, 1208
[273] 943, 1213
[274] 803, 1222
[275] 1228, 1800
[276] 1173, 1236
[277] 1240, 1505
[278] 1241, 2751
[279] 1257, 1266
[280] 1272, 1865
[281] 1297, 1863
[282] 1313, 1482
[283] 1315, 1591
[284] 1327, 1419
[285] 870, 1331
[286] 1367, 2071
[287] 153, 1391
[288] 603, 1399
[289] 1428, 1528
[290] 438, 1463
[291] 1480, 2281
[292] 1511, 1957
[293] 1512, 1560
[294] 1422, 1544
[295] 549, 1569
[296] 1424, 1582
[297] 675, 1597
[298] 345, 1626
[299] 1430, 1660
[300] 1668, 2786
[301] 789, 1707
[302] 363, 1710
[303] 1877, 2067
[304] 1017, 1891
[305] 665, 1915
[306] 1280, 1948
[307] 1291, 1967
[308] 1928, 1987
[309] 1725, 1990
[310] 1534, 2045
[311] 287, 2131
[312] 1614, 2137
[313] 2148, 2744
[314] 989, 2168
[315] 2096, 2176
[316] 2097, 2177
[317] 2191, 2430
[318] 403, 2226
[319] 217, 2259
[320] 2336, 2646
[321] 988, 2377
[322] 1458, 2441
[323] 2442, 2787
[324] 1585, 2496
[325] 1326, 2561
[326] 1204, 2644
[327] 2600, 2648
[328] 971, 2659
[329] 2243, 2702
[330] 646, 2735
[331] 24
[332] 44
[333] 71
[334] 75
[335] 99
[336] 141
[337] 148
[338] 150
[339] 210
[340] 223
[341] 243
[342] 271
[343] 279
[344] 291
[345] 296
[346] 317
[347] 332
[348] 351
[349] 378
[350] 394
[351] 418
[352] 441
[353] 453
[354] 524
[355] 551
[356] 554
[357] 557
[358] 558
[359] 573
[360] 578
[361] 596
[362] 597
[363] 622
[364] 625
[365] 626
[366] 648
[367] 653
[368] 670
[369] 672
[370] 684
[371] 688
[372] 689
[373] 711
[374] 720
[375] 730
[376] 749
[377] 780
[378] 787
[379] 806
[380] 844
[381] 855
[382] 858
[383] 869
[384] 883
[385] 907
[386] 929
[387] 936
[388] 952
[389] 960
[390] 961
[391] 965
[392] 1001
[393] 1026
[394] 1041
[395] 1049
[396] 1050
[397] 1053
[398] 1070
[399] 1081
[400] 1100
[401] 1180
[402] 1225
[403] 1227
[404] 1230
[405] 1268
[406] 1270
[407] 1271
[408] 1277
[409] 1288
[410] 1292
[411] 1306
[412] 1311
[413] 1321
[414] 1324
[415] 1339
[416] 1358
[417] 1363
[418] 1382
[419] 1397
[420] 1404
[421] 1418
[422] 1461
[423] 1465
[424] 1470
[425] 1472
[426] 1490
[427] 1491
[428] 1514
[429] 1529
[430] 1563
[431] 1579
[432] 1586
[433] 1598
[434] 1613
[435] 1633
[436] 1642
[437] 1652
[438] 1654
[439] 1657
[440] 1662
[441] 1669
[442] 1688
[443] 1696
[444] 1697
[445] 1700
[446] 1715
[447] 1788
[448] 1799
[449] 1826
[450] 1835
[451] 1864
[452] 1867
[453] 1872
[454] 1873
[455] 1880
[456] 1884
[457] 1893
[458] 1958
[459] 1960
[460] 2015
[461] 2023
[462] 2031
[463] 2034
[464] 2058
[465] 2065
[466] 2078
[467] 2079
[468] 2098
[469] 2101
[470] 2112
[471] 2133
[472] 2142
[473] 2145
[474] 2189
[475] 2205
[476] 2217
[477] 2224
[478] 2225
[479] 2312
[480] 2314
[481] 2327
[482] 2348
[483] 2350
[484] 2351
[485] 2356
[486] 2365
[487] 2370
[488] 2416
[489] 2422
[490] 2424
[491] 2428
[492] 2454
[493] 2472
[494] 2479
[495] 2486
[496] 2503
[497] 2504
[498] 2534
[499] 2537
[500] 2541
[501] 2588
[502] 2592
[503] 2599
[504] 2610
[505] 2619
[506] 2638
[507] 2704
[508] 2706
[509] 2714
[510] 2720
[511] 2721
[512] 2724
[513] 2734
[514] 2750
[515] 2769
[516] 2779
[517] 2781
[518] 2783
[519] 2792
[520] 2799
[521] 2804
[522] 2806

Reassigned labels

Runtime: 104.27758979797363

Performance split_log:

IM without threshold:
Map:
{"D_0": "D", "D_1": "D", "D_2": "D", "D_3": "D", "D_4": "D", "D_5": "D", "D_6": "D", "D_7": "D", "D_8": "D", "D_9": "D", "D_10": "D", "D_11": "D", "D_12": "D", "D_13": "D", "D_14": "D", "D_15": "D", "D_16": "D", "D_17": "D", "D_18": "D", "D_19": "D", "D_20": "D", "D_21": "D", "D_22": "D", "D_23": "D", "D_24": "D", "D_25": "D", "D_26": "D", "D_27": "D", "D_28": "D", "D_29": "D", "D_30": "D", "D_31": "D", "D_32": "D", "D_33": "D", "D_34": "D", "D_35": "D", "D_36": "D", "D_37": "D", "D_38": "D", "D_39": "D", "D_40": "D", "D_41": "D", "D_42": "D", "D_43": "D", "D_44": "D", "D_45": "D", "D_46": "D", "D_47": "D", "D_48": "D", "D_49": "D", "D_50": "D", "D_51": "D", "D_52": "D", "D_53": "D", "D_54": "D", "D_55": "D", "D_56": "D", "D_57": "D", "D_58": "D", "D_59": "D", "D_60": "D", "D_61": "D", "D_62": "D", "D_63": "D", "D_64": "D", "D_65": "D", "D_66": "D", "D_67": "D", "D_68": "D", "D_69": "D", "D_70": "D", "D_71": "D", "D_72": "D", "D_73": "D", "D_74": "D", "D_75": "D", "D_76": "D", "D_77": "D", "D_78": "D", "D_79": "D", "D_80": "D", "D_81": "D", "D_82": "D", "D_83": "D", "D_84": "D", "D_85": "D", "D_86": "D", "D_87": "D", "D_88": "D", "D_89": "D", "D_90": "D", "D_91": "D", "D_92": "D", "D_93": "D", "D_94": "D", "D_95": "D", "D_96": "D", "D_97": "D", "D_98": "D", "D_99": "D", "D_100": "D", "D_101": "D", "D_102": "D", "D_103": "D", "D_104": "D", "D_105": "D", "D_106": "D", "D_107": "D", "D_108": "D", "D_109": "D", "D_110": "D", "D_111": "D", "D_112": "D", "D_113": "D", "D_114": "D", "D_115": "D", "D_116": "D", "D_117": "D", "D_118": "D", "D_119": "D", "D_120": "D", "D_121": "D", "D_122": "D", "D_123": "D", "D_124": "D", "D_125": "D", "D_126": "D", "D_127": "D", "D_128": "D", "D_129": "D", "D_130": "D", "D_131": "D", "D_132": "D", "D_133": "D", "D_134": "D", "D_135": "D", "D_136": "D", "D_137": "D", "D_138": "D", "D_139": "D", "D_140": "D", "D_141": "D", "D_142": "D", "D_143": "D", "D_144": "D", "D_145": "D", "D_146": "D", "D_147": "D", "D_148": "D", "D_149": "D", "D_150": "D", "D_151": "D", "D_152": "D", "D_153": "D", "D_154": "D", "D_155": "D", "D_156": "D", "D_157": "D", "D_158": "D", "D_159": "D", "D_160": "D", "D_161": "D", "D_162": "D", "D_163": "D", "D_164": "D", "D_165": "D", "D_166": "D", "D_167": "D", "D_168": "D", "D_169": "D", "D_170": "D", "D_171": "D", "D_172": "D", "D_173": "D", "D_174": "D", "D_175": "D", "D_176": "D", "D_177": "D", "D_178": "D", "D_179": "D", "D_180": "D", "D_181": "D", "D_182": "D", "D_183": "D", "D_184": "D", "D_185": "D", "D_186": "D", "D_187": "D", "D_188": "D", "D_189": "D", "D_190": "D", "D_191": "D", "D_192": "D", "D_193": "D", "D_194": "D", "D_195": "D", "D_196": "D", "D_197": "D", "D_198": "D", "D_199": "D", "D_200": "D", "D_201": "D", "D_202": "D", "D_203": "D", "D_204": "D", "D_205": "D", "D_206": "D", "D_207": "D", "D_208": "D", "D_209": "D", "D_210": "D", "D_211": "D", "D_212": "D", "D_213": "D", "D_214": "D", "D_215": "D", "D_216": "D", "D_217": "D", "D_218": "D", "D_219": "D", "D_220": "D", "D_221": "D", "D_222": "D", "D_223": "D", "D_224": "D", "D_225": "D", "D_226": "D", "D_227": "D", "D_228": "D", "D_229": "D", "D_230": "D", "D_231": "D", "D_232": "D", "D_233": "D", "D_234": "D", "D_235": "D", "D_236": "D", "D_237": "D", "D_238": "D", "D_239": "D", "D_240": "D", "D_241": "D", "D_242": "D", "D_243": "D", "D_244": "D", "D_245": "D", "D_246": "D", "D_247": "D", "D_248": "D", "D_249": "D", "D_250": "D", "D_251": "D", "D_252": "D", "D_253": "D", "D_254": "D", "D_255": "D", "D_256": "D", "D_257": "D", "D_258": "D", "D_259": "D", "D_260": "D", "D_261": "D", "D_262": "D", "D_263": "D", "D_264": "D", "D_265": "D", "D_266": "D", "D_267": "D", "D_268": "D", "D_269": "D", "D_270": "D", "D_271": "D", "D_272": "D", "D_273": "D", "D_274": "D", "D_275": "D", "D_276": "D", "D_277": "D", "D_278": "D", "D_279": "D", "D_280": "D", "D_281": "D", "D_282": "D", "D_283": "D", "D_284": "D", "D_285": "D", "D_286": "D", "D_287": "D", "D_288": "D", "D_289": "D", "D_290": "D", "D_291": "D", "D_292": "D", "D_293": "D", "D_294": "D", "D_295": "D", "D_296": "D", "D_297": "D", "D_298": "D", "D_299": "D", "D_300": "D", "D_301": "D", "D_302": "D", "D_303": "D", "D_304": "D", "D_305": "D", "D_306": "D", "D_307": "D", "D_308": "D", "D_309": "D", "D_310": "D", "D_311": "D", "D_312": "D", "D_313": "D", "D_314": "D", "D_315": "D", "D_316": "D", "D_317": "D", "D_318": "D", "D_319": "D", "D_320": "D", "D_321": "D", "D_322": "D", "D_323": "D", "D_324": "D", "D_325": "D", "D_326": "D", "D_327": "D", "D_328": "D", "D_329": "D", "D_330": "D", "D_331": "D", "D_332": "D", "D_333": "D", "D_334": "D", "D_335": "D", "D_336": "D", "D_337": "D", "D_338": "D", "D_339": "D", "D_340": "D", "D_341": "D", "D_342": "D", "D_343": "D", "D_344": "D", "D_345": "D", "D_346": "D", "D_347": "D", "D_348": "D", "D_349": "D", "D_350": "D", "D_351": "D", "D_352": "D", "D_353": "D", "D_354": "D", "D_355": "D", "D_356": "D", "D_357": "D", "D_358": "D", "D_359": "D", "D_360": "D", "D_361": "D", "D_362": "D", "D_363": "D", "D_364": "D", "D_365": "D", "D_366": "D", "D_367": "D", "D_368": "D", "D_369": "D", "D_370": "D", "D_371": "D", "D_372": "D", "D_373": "D", "D_374": "D", "D_375": "D", "D_376": "D", "D_377": "D", "D_378": "D", "D_379": "D", "D_380": "D", "D_381": "D", "D_382": "D", "D_383": "D", "D_384": "D", "D_385": "D", "D_386": "D", "D_387": "D", "D_388": "D", "D_389": "D", "D_390": "D", "D_391": "D", "D_392": "D", "D_393": "D", "D_394": "D", "D_395": "D", "D_396": "D", "D_397": "D", "D_398": "D", "D_399": "D", "D_400": "D", "D_401": "D", "D_402": "D", "D_403": "D", "D_404": "D", "D_405": "D", "D_406": "D", "D_407": "D", "D_408": "D", "D_409": "D", "D_410": "D", "D_411": "D", "D_412": "D", "D_413": "D", "D_414": "D", "D_415": "D", "D_416": "D", "D_417": "D", "D_418": "D", "D_419": "D", "D_420": "D", "D_421": "D", "D_422": "D", "D_423": "D", "D_424": "D", "D_425": "D", "D_426": "D", "D_427": "D", "D_428": "D", "D_429": "D", "D_430": "D", "D_431": "D", "D_432": "D", "D_433": "D", "D_434": "D", "D_435": "D", "D_436": "D", "D_437": "D", "D_438": "D", "D_439": "D", "D_440": "D", "D_441": "D", "D_442": "D", "D_443": "D", "D_444": "D", "D_445": "D", "D_446": "D", "D_447": "D", "D_448": "D", "D_449": "D", "D_450": "D", "D_451": "D", "D_452": "D", "D_453": "D", "D_454": "D", "D_455": "D", "D_456": "D", "D_457": "D", "D_458": "D", "D_459": "D", "D_460": "D", "D_461": "D", "D_462": "D", "D_463": "D", "D_464": "D", "D_465": "D", "D_466": "D", "D_467": "D", "D_468": "D", "D_469": "D", "D_470": "D", "D_471": "D", "D_472": "D", "D_473": "D", "D_474": "D", "D_475": "D", "D_476": "D", "D_477": "D", "D_478": "D", "D_479": "D", "D_480": "D", "D_481": "D", "D_482": "D", "D_483": "D", "D_484": "D", "D_485": "D", "D_486": "D", "D_487": "D", "D_488": "D", "D_489": "D", "D_490": "D", "D_491": "D", "D_492": "D", "D_493": "D", "D_494": "D", "D_495": "D", "D_496": "D", "D_497": "D", "D_498": "D", "D_499": "D", "D_500": "D", "D_501": "D", "D_502": "D", "D_503": "D", "D_504": "D", "D_505": "D", "D_506": "D", "D_507": "D", "D_508": "D", "D_509": "D", "D_510": "D", "D_511": "D", "D_512": "D", "D_513": "D", "D_514": "D", "D_515": "D", "D_516": "D", "D_517": "D", "D_518": "D", "D_519": "D", "D_520": "D", "D_521": "D", "D_522": "D"}
token_fitness
{"perc_fit_traces": 86.9, "average_trace_fitness": 0.9930314450480776, "log_fitness": 0.9967563491643388, "percentage_of_fitting_traces": 86.9}
precision
0.5917214831108949
0.5531795160382668
generalization
0.14165419666316537

Adjusted Rand Index:
0.09084583788445598

Best precision found:
0.7508029416178899