event_id,timestamp,activity,cluster_id,operation,operation_id
6043,6043.0,G,0,assign,0
6044,6044.0,H,0,assign,0
6045,6045.0,I,0,assign,0
6046,6046.0,F,0,assign,0
6047,6047.0,D_Dupli,0,assign,0
6048,6048.0,D_Dupli,1,assign,0
6049,6049.0,D_Dupli,1,assign,0
6050,6050.0,A,0,assign,0
6051,6051.0,D_Dupli,1,assign,0
6052,6052.0,D_Dupli,2,assign,0
6053,6053.0,A,1,assign,0
6054,6054.0,D_Dupli,2,assign,0
6055,6055.0,D_Dupli,0,assign,0
6056,6056.0,D_Dupli,2,assign,0
6057,6057.0,F,0,assign,0
6058,6058.0,G,1,assign,0
6059,6059.0,I,1,assign,0
6060,6060.0,H,0,assign,0
6061,6061.0,I,2,assign,0
6062,6062.0,G,1,assign,0
6063,6063.0,F,0,assign,0
6064,6064.0,H,0,assign,0
6065,6065.0,D_Dupli,3,assign,0
6066,6066.0,D_Dupli,0,assign,0
6067,6067.0,A,1,assign,0
6068,6068.0,D_Dupli,4,assign,0
6069,6069.0,D_Dupli,4,assign,0
6070,6070.0,A,1,assign,0
6071,6071.0,D_Dupli,5,assign,0
6072,6072.0,D_Dupli,0,assign,0
6073,6073.0,D_Dupli,0,assign,0
6074,6074.0,F,0,assign,0
6075,6075.0,G,1,assign,0
6076,6076.0,I,2,assign,0
6077,6077.0,H,0,assign,0
6078,6078.0,D_Dupli,5,assign,0
6079,6079.0,G,2,assign,0
6080,6080.0,F,0,assign,0
6081,6081.0,D_Dupli,6,assign,0
6082,6082.0,D_Dupli,0,assign,0
6083,6083.0,D_Dupli,0,assign,0
6084,6084.0,D_Dupli,6,assign,0
6085,6085.0,A,0,assign,0
6086,6086.0,H,0,assign,0
6087,6087.0,I,3,assign,0
6088,6088.0,I,1,assign,0
6089,6089.0,G,0,assign,0
6090,6090.0,A,1,assign,0
6091,6091.0,D_Dupli,7,assign,0
6092,6092.0,D_Dupli,7,assign,0
6047,2025-07-03T01:55:51.445420,D_Dupli,0,split,1
6055,2025-07-03T01:55:51.445420,D_Dupli,0,split,1
6066,2025-07-03T01:55:51.445420,D_Dupli,0,split,1
6072,2025-07-03T01:55:51.445420,D_Dupli,0,split,1
6073,2025-07-03T01:55:51.445420,D_Dupli,0,split,1
6082,2025-07-03T01:55:51.445420,D_Dupli,0,split,1
6083,2025-07-03T01:55:51.445420,D_Dupli,0,split,1
6093,6093.0,D_Dupli,0,assign,0
6094,6094.0,D_Dupli,6,assign,0
6095,6095.0,F,1,assign,0
6096,6096.0,H,0,assign,0
6097,6097.0,A,2,assign,0
6098,6098.0,D_Dupli,9,assign,0
6099,6099.0,H,0,assign,0
6100,6100.0,I,0,assign,0
6101,6101.0,G,0,assign,0
6102,6102.0,F,0,assign,0
6046,2025-07-03T01:55:51.471975,F,0,split,2
6057,2025-07-03T01:55:51.471975,F,0,split,2
6063,2025-07-03T01:55:51.471975,F,0,split,2
6074,2025-07-03T01:55:51.471975,F,0,split,2
6080,2025-07-03T01:55:51.471975,F,0,split,2
6102,2025-07-03T01:55:51.471975,F,0,split,2
6103,6103.0,D_Dupli,9,assign,0
6104,6104.0,D_Dupli,3,assign,0
6105,6105.0,D_Dupli,6,assign,0
6106,6106.0,H,1,assign,0
6107,6107.0,I,3,assign,0
6108,6108.0,D_Dupli,11,assign,0
6109,6109.0,F,1,assign,0
6110,6110.0,A,0,assign,0
6111,6111.0,D_Dupli,12,assign,0
6112,6112.0,D_Dupli,12,assign,0
6113,6113.0,D_Dupli,13,assign,0
6114,6114.0,F,3,assign,0
6115,6115.0,G,2,assign,0
6116,6116.0,I,4,assign,0
6117,6117.0,K,0,assign,0
6118,6118.0,H,2,assign,0
6119,6119.0,J,0,assign,0
6120,6120.0,G,3,assign,0
6121,6121.0,I,1,assign,0
6122,6122.0,F,0,assign,0
6123,6123.0,A,0,assign,0
6124,6124.0,D_Dupli,14,assign,0
6125,6125.0,D_Dupli,15,assign,0
6126,6126.0,D_Dupli,16,assign,0
6127,6127.0,D_Dupli,18,assign,0
6128,6128.0,G,0,assign,0
6043,2025-07-03T01:55:51.529156,G,0,split,11
6128,2025-07-03T01:55:51.529156,G,4,split,11
6129,6129.0,H,2,assign,0
6130,6130.0,D_Dupli,19,assign,0
6131,6131.0,D_Dupli,20,assign,0
6132,6132.0,A,2,assign,0
6133,6133.0,I,0,assign,0
6134,6134.0,H,0,assign,0
6135,6135.0,G,0,assign,0
6136,6136.0,D_Dupli,22,assign,0
6137,6137.0,K,0,assign,0
6138,6138.0,H,1,assign,0
6139,6139.0,K,0,assign,0
6140,6140.0,J,0,assign,0
6141,6141.0,H,1,assign,0
6142,6142.0,I,4,assign,0
6143,6143.0,G,3,assign,0
6144,6144.0,F,4,assign,0
6145,6145.0,D_Dupli,24,assign,0
6146,6146.0,F,3,assign,0
6147,6147.0,F,3,assign,0
6148,6148.0,G,3,assign,0
6149,6149.0,I,4,assign,0
6150,6150.0,J,1,assign,0
6151,6151.0,G,5,assign,0
6152,6152.0,F,4,assign,0
6153,6153.0,D_Dupli,25,assign,0
6154,6154.0,D_Dupli,26,assign,0
6155,6155.0,D_Dupli,28,assign,0
6156,6156.0,D_Dupli,30,assign,0
6157,6157.0,A,0,assign,0
6050,2025-07-03T01:55:51.592295,A,0,split,20
6085,2025-07-03T01:55:51.592295,A,0,split,20
6110,2025-07-03T01:55:51.592295,A,0,split,20
6123,2025-07-03T01:55:51.592295,A,0,split,20
6157,2025-07-03T01:55:51.592295,A,0,split,20
6158,6158.0,H,0,assign,0
6159,6159.0,I,5,assign,0
6160,6160.0,I,1,assign,0
6161,6161.0,H,0,assign,0
6162,6162.0,G,0,assign,0
6163,6163.0,F,0,assign,0
6046,2025-07-03T01:55:51.614305,F,0,split,21
6057,2025-07-03T01:55:51.614305,F,0,split,21
6063,2025-07-03T01:55:51.614305,F,0,split,21
6074,2025-07-03T01:55:51.614305,F,0,split,21
6080,2025-07-03T01:55:51.614305,F,0,split,21
6102,2025-07-03T01:55:51.614305,F,0,split,21
6122,2025-07-03T01:55:51.614305,F,0,split,21
6163,2025-07-03T01:55:51.614305,F,0,split,21
6164,6164.0,D_Dupli,31,assign,0
6165,6165.0,D_Dupli,32,assign,0
6166,6166.0,D_Dupli,34,assign,0
6167,6167.0,A,4,assign,0
6168,6168.0,D_Dupli,36,assign,0
6169,6169.0,A,5,assign,0
6170,6170.0,D_Dupli,37,assign,0
6171,6171.0,I,5,assign,0
6172,6172.0,H,0,assign,0
6173,6173.0,D_Dupli,38,assign,0
6174,6174.0,F,0,assign,0
6175,6175.0,D_Dupli,39,assign,0
6176,6176.0,G,5,assign,0
6177,6177.0,D_Dupli,40,assign,0
6178,6178.0,H,3,assign,0
6179,6179.0,G,0,assign,0
6180,6180.0,F,0,assign,0
6181,6181.0,M,0,assign,0
6182,6182.0,N,0,assign,0
6183,6183.0,J,0,assign,0
6184,6184.0,I,6,assign,0
6185,6185.0,H,1,assign,0
6186,6186.0,G,5,assign,0
6187,6187.0,F,3,assign,0
6188,6188.0,K,0,assign,0
6189,6189.0,I,4,assign,0
6190,6190.0,O,0,assign,0
6191,6191.0,H,1,assign,0
6192,6192.0,G,3,assign,0
6193,6193.0,F,3,assign,0
6194,6194.0,M,1,assign,0
6195,6195.0,N,1,assign,0
6196,6196.0,O,1,assign,0
6197,6197.0,I,4,assign,0
6045,2025-07-03T01:55:51.691485,I,0,split,33
6100,2025-07-03T01:55:51.691485,I,0,split,33
6133,2025-07-03T01:55:51.691485,I,0,split,33
6198,6198.0,G,3,assign,0
6179,2025-07-03T01:55:51.696486,G,7,split,34
6199,6199.0,F,3,assign,0
6200,6200.0,D_Dupli,41,assign,0
6201,6201.0,D_Dupli,42,assign,0
6202,6202.0,D_Dupli,43,assign,0
6203,6203.0,D_Dupli,44,assign,0
6204,6204.0,A,5,assign,0
6205,6205.0,I,6,assign,0
6206,6206.0,H,1,assign,0
6207,6207.0,D_Dupli,46,assign,0
6208,6208.0,I,0,assign,0
6209,6209.0,G,0,assign,0
6043,2025-07-03T01:55:51.734860,G,0,split,43
6209,2025-07-03T01:55:51.734860,G,8,split,43
6210,6210.0,A,0,assign,0
6211,6211.0,D_Dupli,47,assign,0
6212,6212.0,D_Dupli,48,assign,0
6213,6213.0,D_Dupli,50,assign,0
6214,6214.0,F,8,assign,0
6215,6215.0,H,0,assign,0
6216,6216.0,A,5,assign,0
6217,6217.0,D_Dupli,52,assign,0
6218,6218.0,D_Dupli,53,assign,0
6219,6219.0,D_Dupli,55,assign,0
6220,6220.0,F,8,assign,0
6221,6221.0,D_Dupli,57,assign,0
6222,6222.0,H,0,assign,0
6223,6223.0,G,0,assign,0
6224,6224.0,I,9,assign,0
6225,6225.0,G,11,assign,0
6226,6226.0,O,2,assign,0
6227,6227.0,N,0,assign,0
6228,6228.0,M,2,assign,0
6229,6229.0,F,9,assign,0
6230,6230.0,I,10,assign,0
6231,6231.0,H,8,assign,0
6232,6232.0,M,2,assign,0
6233,6233.0,O,2,assign,0
6234,6234.0,N,1,assign,0
6235,6235.0,F,10,assign,0
6236,6236.0,G,11,assign,0
6237,6237.0,H,8,assign,0
6238,6238.0,I,10,assign,0
6239,6239.0,H,9,assign,0
6240,6240.0,I,4,assign,0
6241,6241.0,D_Dupli,58,assign,0
6242,6242.0,F,11,assign,0
6243,6243.0,G,12,assign,0
6244,6244.0,D_Dupli,59,assign,0
6245,6245.0,D_Dupli,60,assign,0
6246,6246.0,D_Dupli,61,assign,0
6247,6247.0,A,6,assign,0
6248,6248.0,D_Dupli,62,assign,0
6249,6249.0,D_Dupli,63,assign,0
6250,6250.0,D_Dupli,65,assign,0
6251,6251.0,F,12,assign,0
6252,6252.0,I,9,assign,0
6253,6253.0,D_Dupli,67,assign,0
6254,6254.0,H,10,assign,0
6044,2025-07-03T01:55:51.845768,H,0,split,74
6060,2025-07-03T01:55:51.845768,H,0,split,74
6064,2025-07-03T01:55:51.845768,H,0,split,74
6077,2025-07-03T01:55:51.845768,H,0,split,74
6086,2025-07-03T01:55:51.845768,H,0,split,74
6096,2025-07-03T01:55:51.845768,H,0,split,74
6099,2025-07-03T01:55:51.845768,H,0,split,74
6134,2025-07-03T01:55:51.845768,H,0,split,74
6158,2025-07-03T01:55:51.845768,H,0,split,74
6161,2025-07-03T01:55:51.845768,H,0,split,74
6172,2025-07-03T01:55:51.845768,H,0,split,74
6215,2025-07-03T01:55:51.845768,H,0,split,74
6222,2025-07-03T01:55:51.845768,H,0,split,74
6255,6255.0,G,13,assign,0
6256,6256.0,A,7,assign,0
6257,6257.0,H,12,assign,0
6258,6258.0,G,14,assign,0
6259,6259.0,I,0,assign,0
6260,6260.0,G,15,assign,0
6261,6261.0,F,13,assign,0
6262,6262.0,K,1,assign,0
6263,6263.0,J,0,assign,0
6264,6264.0,L,0,assign,0
6265,6265.0,K,0,assign,0
6266,6266.0,J,1,assign,0
6267,6267.0,I,4,assign,0
6268,6268.0,F,15,assign,0
6269,6269.0,H,13,assign,0
6270,6270.0,D_Dupli,68,assign,0
6271,6271.0,D_Dupli,69,assign,0
6272,6272.0,A,8,assign,0
6273,6273.0,D_Dupli,70,assign,0
6274,6274.0,D_Dupli,71,assign,0
6275,6275.0,F,16,assign,0
6276,6276.0,D_Dupli,72,assign,0
6277,6277.0,G,16,assign,0
6278,6278.0,H,14,assign,0
6279,6279.0,I,0,assign,0
6280,6280.0,J,0,assign,0
6281,6281.0,K,1,assign,0
6282,6282.0,F,17,assign,0
6283,6283.0,G,17,assign,0
6284,6284.0,I,4,assign,0
6285,6285.0,H,15,assign,0
6286,6286.0,D_Dupli,73,assign,0
6287,6287.0,D_Dupli,74,assign,0
6288,6288.0,D_Dupli,75,assign,0
6289,6289.0,A,8,assign,0
6290,6290.0,D_Dupli,76,assign,0
6291,6291.0,D_Dupli,77,assign,0
6292,6292.0,D_Dupli,79,assign,0
6293,6293.0,D_Dupli,67,assign,0
6294,6294.0,A,0,assign,0
6295,6295.0,I,0,assign,0
6296,6296.0,H,16,assign,0
6297,6297.0,G,18,assign,0
6298,6298.0,F,18,assign,0
6299,6299.0,D_Dupli,84,assign,0
6300,6300.0,D_Dupli,0,assign,0
6301,6301.0,D_Dupli,84,assign,0
6302,6302.0,F,19,assign,0
6303,6303.0,G,19,assign,0
6304,6304.0,H,17,assign,0
6305,6305.0,I,0,assign,0
6306,6306.0,D_Dupli,3,assign,0
6307,6307.0,A,7,assign,0
6308,6308.0,A,4,assign,0
6309,6309.0,N,0,assign,0
6310,6310.0,O,1,assign,0
6311,6311.0,M,3,assign,0
6312,6312.0,H,18,assign,0
6313,6313.0,I,15,assign,0
6314,6314.0,G,20,assign,0
6315,6315.0,F,21,assign,0
6316,6316.0,D_Dupli,90,assign,0
6317,6317.0,D_Dupli,90,assign,0
6318,6318.0,D_Dupli,83,assign,0
6319,6319.0,G,21,assign,0
6320,6320.0,D_Dupli,92,assign,0
6321,6321.0,F,22,assign,0
6322,6322.0,I,4,assign,0
6323,6323.0,H,19,assign,0
6324,6324.0,A,6,assign,0
6325,6325.0,D_Dupli,93,assign,0
6326,6326.0,D_Dupli,94,assign,0
6327,6327.0,D_Dupli,96,assign,0
6328,6328.0,D_Dupli,98,assign,0
6329,6329.0,G,22,assign,0
6330,6330.0,I,0,assign,0
6331,6331.0,H,20,assign,0
6332,6332.0,F,23,assign,0
6333,6333.0,I,15,assign,0
6334,6334.0,G,23,assign,0
6335,6335.0,F,24,assign,0
6336,6336.0,D_Dupli,99,assign,0
6337,6337.0,D_Dupli,100,assign,0
6338,6338.0,D_Dupli,102,assign,0
6339,6339.0,D_Dupli,104,assign,0
6340,6340.0,A,9,assign,0
6341,6341.0,H,21,assign,0
6342,6342.0,D_Dupli,105,assign,0
6343,6343.0,D_Dupli,106,assign,0
6344,6344.0,D_Dupli,108,assign,0
6345,6345.0,F,26,assign,0
6346,6346.0,G,24,assign,0
6347,6347.0,I,0,assign,0
6348,6348.0,H,22,assign,0
6349,6349.0,D_Dupli,3,assign,0
6350,6350.0,A,9,assign,0
6351,6351.0,A,4,assign,0
6352,6352.0,I,0,assign,0
6353,6353.0,H,23,assign,0
6354,6354.0,G,25,assign,0
6355,6355.0,F,28,assign,0
6356,6356.0,D_Dupli,111,assign,0
6357,6357.0,D_Dupli,112,assign,0
6358,6358.0,D_Dupli,114,assign,0
6359,6359.0,D_Dupli,115,assign,0
6360,6360.0,D_Dupli,116,assign,0
6361,6361.0,D_Dupli,117,assign,0
6362,6362.0,D_Dupli,119,assign,0
6363,6363.0,D_Dupli,121,assign,0
6364,6364.0,F,30,assign,0
6365,6365.0,G,26,assign,0
6366,6366.0,I,0,assign,0
6367,6367.0,H,24,assign,0
6368,6368.0,A,9,assign,0
6369,6369.0,D_Dupli,122,assign,0
6370,6370.0,A,10,assign,0
6371,6371.0,D_Dupli,123,assign,0
6372,6372.0,D_Dupli,124,assign,0
6373,6373.0,F,32,assign,0
6374,6374.0,G,27,assign,0
6375,6375.0,I,0,assign,0
6376,6376.0,H,25,assign,0
6377,6377.0,D_Dupli,126,assign,0
6378,6378.0,I,1,assign,0
6379,6379.0,H,26,assign,0
6380,6380.0,G,28,assign,0
6381,6381.0,F,34,assign,0
6382,6382.0,A,0,assign,0
6383,6383.0,D_Dupli,127,assign,0
6384,6384.0,D_Dupli,128,assign,0
6385,6385.0,D_Dupli,130,assign,0
6386,6386.0,D_Dupli,131,assign,0
6387,6387.0,F,36,assign,0
6388,6388.0,H,27,assign,0
6389,6389.0,I,0,assign,0
6390,6390.0,D_Dupli,132,assign,0
6391,6391.0,G,29,assign,0
6392,6392.0,D_Dupli,133,assign,0
6393,6393.0,A,12,assign,0
6394,6394.0,D_Dupli,134,assign,0
6395,6395.0,D_Dupli,135,assign,0
6396,6396.0,I,1,assign,0
6397,6397.0,G,30,assign,0
6398,6398.0,F,37,assign,0
6399,6399.0,D_Dupli,136,assign,0
6400,6400.0,H,28,assign,0
6401,6401.0,D_Dupli,137,assign,0
6402,6402.0,A,0,assign,0
6403,6403.0,D_Dupli,138,assign,0
6404,6404.0,D_Dupli,139,assign,0
6405,6405.0,D_Dupli,140,assign,0
6406,6406.0,A,0,assign,0
6407,6407.0,D_Dupli,141,assign,0
6408,6408.0,D_Dupli,142,assign,0
6409,6409.0,D_Dupli,144,assign,0
6410,6410.0,F,39,assign,0
6411,6411.0,G,31,assign,0
6412,6412.0,I,19,assign,0
6413,6413.0,H,29,assign,0
6414,6414.0,H,30,assign,0
6415,6415.0,I,0,assign,0
6416,6416.0,G,32,assign,0
6417,6417.0,D_Dupli,146,assign,0
6418,6418.0,F,41,assign,0
6419,6419.0,D_Dupli,147,assign,0
6420,6420.0,D_Dupli,149,assign,0
6421,6421.0,A,9,assign,0
6422,6422.0,D_Dupli,151,assign,0
6423,6423.0,I,19,assign,0
6424,6424.0,H,31,assign,0
6425,6425.0,G,33,assign,0
6426,6426.0,F,43,assign,0
6427,6427.0,K,1,assign,0
6428,6428.0,J,0,assign,0
6429,6429.0,H,32,assign,0
6430,6430.0,I,4,assign,0
6431,6431.0,G,34,assign,0
6432,6432.0,F,45,assign,0
6433,6433.0,D_Dupli,152,assign,0
6434,6434.0,D_Dupli,153,assign,0
6435,6435.0,D_Dupli,154,assign,0
6436,6436.0,D_Dupli,155,assign,0
6437,6437.0,A,13,assign,0
6438,6438.0,I,1,assign,0
6439,6439.0,H,33,assign,0
6440,6440.0,F,46,assign,0
6441,6441.0,D_Dupli,156,assign,0
6442,6442.0,G,35,assign,0
6443,6443.0,D_Dupli,157,assign,0
6444,6444.0,D_Dupli,159,assign,0
6445,6445.0,A,9,assign,0
6446,6446.0,D_Dupli,161,assign,0
6447,6447.0,I,1,assign,0
6448,6448.0,H,34,assign,0
6449,6449.0,G,36,assign,0
6450,6450.0,F,48,assign,0
6451,6451.0,D_Dupli,162,assign,0
6452,6452.0,D_Dupli,163,assign,0
6453,6453.0,A,13,assign,0
6454,6454.0,D_Dupli,165,assign,0
6455,6455.0,D_Dupli,166,assign,0
6456,6456.0,I,1,assign,0
6457,6457.0,D_Dupli,167,assign,0
6458,6458.0,D_Dupli,168,assign,0
6459,6459.0,D_Dupli,170,assign,0
6460,6460.0,F,50,assign,0
6461,6461.0,G,37,assign,0
6462,6462.0,H,35,assign,0
6463,6463.0,G,38,assign,0
6464,6464.0,N,2,assign,0
6465,6465.0,O,1,assign,0
6466,6466.0,F,52,assign,0
6467,6467.0,I,4,assign,0
6468,6468.0,D_Dupli,172,assign,0
6469,6469.0,H,36,assign,0
6470,6470.0,M,3,assign,0
6471,6471.0,A,14,assign,0
6472,6472.0,D_Dupli,173,assign,0
6473,6473.0,I,0,assign,0
6474,6474.0,H,37,assign,0
6475,6475.0,G,39,assign,0
6476,6476.0,F,53,assign,0
6477,6477.0,D_Dupli,174,assign,0
6478,6478.0,D_Dupli,175,assign,0
6479,6479.0,D_Dupli,177,assign,0
6480,6480.0,A,9,assign,0
6481,6481.0,I,1,assign,0
6482,6482.0,D_Dupli,178,assign,0
6483,6483.0,D_Dupli,179,assign,0
6484,6484.0,A,0,assign,0
6485,6485.0,D_Dupli,181,assign,0
6486,6486.0,G,40,assign,0
6487,6487.0,D_Dupli,183,assign,0
6488,6488.0,F,55,assign,0
6489,6489.0,H,38,assign,0
6490,6490.0,A,14,assign,0
6491,6491.0,D_Dupli,184,assign,0
6492,6492.0,D_Dupli,185,assign,0
6493,6493.0,D_Dupli,187,assign,0
6494,6494.0,D_Dupli,189,assign,0
6495,6495.0,F,56,assign,0
6496,6496.0,G,41,assign,0
6497,6497.0,I,27,assign,0
6498,6498.0,H,39,assign,0
6499,6499.0,F,58,assign,0
6500,6500.0,D_Dupli,190,assign,0
6501,6501.0,A,0,assign,0
6502,6502.0,D_Dupli,191,assign,0
6503,6503.0,D_Dupli,193,assign,0
6504,6504.0,H,40,assign,0
6505,6505.0,I,0,assign,0
6506,6506.0,G,42,assign,0
6507,6507.0,D_Dupli,195,assign,0
6508,6508.0,H,41,assign,0
6509,6509.0,I,27,assign,0
6510,6510.0,G,43,assign,0
6511,6511.0,F,59,assign,0
6512,6512.0,D_Dupli,196,assign,0
6513,6513.0,D_Dupli,197,assign,0
6514,6514.0,D_Dupli,199,assign,0
6515,6515.0,D_Dupli,201,assign,0
6516,6516.0,A,9,assign,0
6517,6517.0,H,42,assign,0
6518,6518.0,D_Dupli,202,assign,0
6519,6519.0,A,0,assign,0
6520,6520.0,D_Dupli,203,assign,0
6521,6521.0,D_Dupli,205,assign,0
6522,6522.0,D_Dupli,207,assign,0
6523,6523.0,F,61,assign,0
6524,6524.0,G,44,assign,0
6525,6525.0,I,28,assign,0
6526,6526.0,I,1,assign,0
6527,6527.0,D_Dupli,209,assign,0
6528,6528.0,A,0,assign,0
6529,6529.0,D_Dupli,210,assign,0
6530,6530.0,D_Dupli,212,assign,0
6531,6531.0,G,45,assign,0
6532,6532.0,D_Dupli,214,assign,0
6533,6533.0,I,4,assign,0
6534,6534.0,H,43,assign,0
6535,6535.0,G,46,assign,0
6536,6536.0,F,63,assign,0
6537,6537.0,K,0,assign,0
6538,6538.0,J,0,assign,0
6539,6539.0,H,44,assign,0
6540,6540.0,F,64,assign,0
6541,6541.0,F,65,assign,0
6542,6542.0,D_Dupli,215,assign,0
6543,6543.0,D_Dupli,216,assign,0
6544,6544.0,D_Dupli,218,assign,0
6545,6545.0,A,0,assign,0
6546,6546.0,D_Dupli,220,assign,0
6547,6547.0,H,45,assign,0
6548,6548.0,G,47,assign,0
6549,6549.0,I,28,assign,0
6550,6550.0,A,4,assign,0
6551,6551.0,D_Dupli,221,assign,0
6552,6552.0,D_Dupli,222,assign,0
6553,6553.0,D_Dupli,224,assign,0
6554,6554.0,D_Dupli,226,assign,0
6555,6555.0,F,66,assign,0
6556,6556.0,G,48,assign,0
6557,6557.0,H,46,assign,0
6558,6558.0,I,28,assign,0
6559,6559.0,F,68,assign,0
6560,6560.0,H,47,assign,0
6561,6561.0,I,0,assign,0
6562,6562.0,G,49,assign,0
6563,6563.0,D_Dupli,228,assign,0
6564,6564.0,D_Dupli,229,assign,0
6565,6565.0,A,0,assign,0
6566,6566.0,D_Dupli,231,assign,0
6567,6567.0,D_Dupli,232,assign,0
6568,6568.0,G,50,assign,0
6569,6569.0,A,0,assign,0
6570,6570.0,D_Dupli,233,assign,0
6571,6571.0,D_Dupli,234,assign,0
6572,6572.0,D_Dupli,236,assign,0
6573,6573.0,D_Dupli,238,assign,0
6574,6574.0,F,69,assign,0
6575,6575.0,I,28,assign,0
6576,6576.0,H,48,assign,0
6577,6577.0,I,1,assign,0
6578,6578.0,G,51,assign,0
6579,6579.0,H,49,assign,0
6580,6580.0,F,71,assign,0
6581,6581.0,D_Dupli,239,assign,0
6582,6582.0,D_Dupli,240,assign,0
6583,6583.0,D_Dupli,242,assign,0
6584,6584.0,D_Dupli,244,assign,0
6585,6585.0,A,9,assign,0
6586,6586.0,H,50,assign,0
6587,6587.0,I,0,assign,0
6588,6588.0,G,52,assign,0
6589,6589.0,F,73,assign,0
6590,6590.0,D_Dupli,245,assign,0
6591,6591.0,D_Dupli,246,assign,0
6592,6592.0,A,0,assign,0
6593,6593.0,D_Dupli,248,assign,0
6594,6594.0,D_Dupli,249,assign,0
6595,6595.0,D_Dupli,250,assign,0
6596,6596.0,D_Dupli,251,assign,0
6597,6597.0,D_Dupli,253,assign,0
6598,6598.0,A,0,assign,0
6599,6599.0,G,53,assign,0
6600,6600.0,I,0,assign,0
6601,6601.0,H,51,assign,0
6602,6602.0,D_Dupli,255,assign,0
6603,6603.0,F,75,assign,0
6604,6604.0,A,4,assign,0
6605,6605.0,D_Dupli,256,assign,0
6606,6606.0,D_Dupli,257,assign,0
6607,6607.0,F,76,assign,0
6608,6608.0,G,54,assign,0
6609,6609.0,I,0,assign,0
6610,6610.0,H,52,assign,0
6611,6611.0,D_Dupli,259,assign,0
6612,6612.0,D_Dupli,260,assign,0
6613,6613.0,H,53,assign,0
6614,6614.0,I,4,assign,0
6615,6615.0,G,55,assign,0
6616,6616.0,F,78,assign,0
6617,6617.0,O,1,assign,0
6618,6618.0,M,4,assign,0
6619,6619.0,N,2,assign,0
6620,6620.0,A,4,assign,0
6621,6621.0,D_Dupli,261,assign,0
6622,6622.0,D_Dupli,262,assign,0
6623,6623.0,F,79,assign,0
6624,6624.0,G,56,assign,0
6625,6625.0,H,54,assign,0
6626,6626.0,I,0,assign,0
6627,6627.0,D_Dupli,264,assign,0
6628,6628.0,D_Dupli,265,assign,0
6629,6629.0,D_Dupli,266,assign,0
6630,6630.0,D_Dupli,267,assign,0
6631,6631.0,F,81,assign,0
6632,6632.0,G,57,assign,0
6633,6633.0,H,55,assign,0
6634,6634.0,I,0,assign,0
6635,6635.0,D_Dupli,269,assign,0
6636,6636.0,D_Dupli,271,assign,0
6637,6637.0,A,9,assign,0
6638,6638.0,I,1,assign,0
6639,6639.0,H,56,assign,0
6640,6640.0,F,83,assign,0
6641,6641.0,D_Dupli,272,assign,0
6642,6642.0,G,58,assign,0
6643,6643.0,D_Dupli,273,assign,0
6644,6644.0,D_Dupli,275,assign,0
6645,6645.0,D_Dupli,277,assign,0
6646,6646.0,A,9,assign,0
6647,6647.0,H,57,assign,0
6648,6648.0,G,59,assign,0
6649,6649.0,F,85,assign,0
6650,6650.0,K,1,assign,0
6651,6651.0,J,0,assign,0
6652,6652.0,H,58,assign,0
6653,6653.0,G,60,assign,0
6654,6654.0,D_Dupli,278,assign,0
6655,6655.0,A,24,assign,0
6656,6656.0,D_Dupli,279,assign,0
6657,6657.0,D_Dupli,280,assign,0
6658,6658.0,D_Dupli,281,assign,0
6659,6659.0,F,87,assign,0
6660,6660.0,I,28,assign,0
6661,6661.0,I,34,assign,0
6662,6662.0,H,59,assign,0
6663,6663.0,D_Dupli,282,assign,0
6664,6664.0,H,61,assign,0
6665,6665.0,I,0,assign,0
6666,6666.0,G,61,assign,0
6667,6667.0,F,88,assign,0
6668,6668.0,M,4,assign,0
6669,6669.0,N,3,assign,0
6670,6670.0,A,24,assign,0
6671,6671.0,O,1,assign,0
6672,6672.0,D_Dupli,283,assign,0
6673,6673.0,I,4,assign,0
6674,6674.0,G,62,assign,0
6675,6675.0,F,90,assign,0
6676,6676.0,D_Dupli,284,assign,0
6677,6677.0,D_Dupli,285,assign,0
6678,6678.0,G,63,assign,0
6679,6679.0,F,91,assign,0
6680,6680.0,D_Dupli,286,assign,0
6681,6681.0,D_Dupli,287,assign,0
6682,6682.0,D_Dupli,289,assign,0
6683,6683.0,D_Dupli,291,assign,0
6684,6684.0,A,0,assign,0
6685,6685.0,O,1,assign,0
6686,6686.0,I,34,assign,0
6687,6687.0,I,37,assign,0
6688,6688.0,H,62,assign,0
6689,6689.0,G,64,assign,0
6690,6690.0,F,93,assign,0
6691,6691.0,M,5,assign,0
6692,6692.0,N,3,assign,0
6693,6693.0,H,63,assign,0
6694,6694.0,D_Dupli,292,assign,0
6695,6695.0,I,0,assign,0
6696,6696.0,D_Dupli,293,assign,0
6697,6697.0,D_Dupli,294,assign,0
6698,6698.0,A,0,assign,0
6699,6699.0,D_Dupli,296,assign,0
6700,6700.0,G,65,assign,0
6701,6701.0,H,64,assign,0
6702,6702.0,F,94,assign,0
6703,6703.0,D_Dupli,297,assign,0
6704,6704.0,D_Dupli,298,assign,0
6705,6705.0,D_Dupli,278,assign,0
6706,6706.0,F,95,assign,0
6707,6707.0,G,66,assign,0
6708,6708.0,H,65,assign,0
6709,6709.0,D_Dupli,0,assign,0
6710,6710.0,J,0,assign,0
6711,6711.0,F,97,assign,0
6712,6712.0,G,67,assign,0
6713,6713.0,H,66,assign,0
6714,6714.0,I,28,assign,0
6715,6715.0,A,9,assign,0
6716,6716.0,I,37,assign,0
6717,6717.0,K,0,assign,0
6718,6718.0,I,1,assign,0
6719,6719.0,D_Dupli,304,assign,0
6720,6720.0,D_Dupli,305,assign,0
6721,6721.0,D_Dupli,307,assign,0
6722,6722.0,D_Dupli,309,assign,0
6723,6723.0,F,98,assign,0
6724,6724.0,A,0,assign,0
6725,6725.0,H,67,assign,0
6726,6726.0,G,68,assign,0
6727,6727.0,D_Dupli,310,assign,0
6728,6728.0,D_Dupli,311,assign,0
6729,6729.0,D_Dupli,313,assign,0
6730,6730.0,D_Dupli,315,assign,0
6731,6731.0,F,100,assign,0
6732,6732.0,G,69,assign,0
6733,6733.0,I,0,assign,0
6734,6734.0,H,69,assign,0
6735,6735.0,A,9,assign,0
6736,6736.0,F,102,assign,0
6737,6737.0,D_Dupli,317,assign,0
6738,6738.0,A,0,assign,0
6739,6739.0,D_Dupli,318,assign,0
6740,6740.0,D_Dupli,320,assign,0
6741,6741.0,D_Dupli,322,assign,0
6742,6742.0,G,70,assign,0
6743,6743.0,I,28,assign,0
6744,6744.0,H,70,assign,0
6745,6745.0,J,0,assign,0
6746,6746.0,K,0,assign,0
6747,6747.0,F,103,assign,0
6748,6748.0,G,71,assign,0
6749,6749.0,I,4,assign,0
6750,6750.0,H,71,assign,0
6751,6751.0,D_Dupli,324,assign,0
6752,6752.0,A,0,assign,0
6753,6753.0,D_Dupli,325,assign,0
6754,6754.0,F,104,assign,0
6755,6755.0,G,72,assign,0
6756,6756.0,H,72,assign,0
6757,6757.0,D_Dupli,326,assign,0
6758,6758.0,D_Dupli,327,assign,0
6759,6759.0,I,28,assign,0
6760,6760.0,D_Dupli,328,assign,0
6761,6761.0,D_Dupli,329,assign,0
6762,6762.0,D_Dupli,331,assign,0
6763,6763.0,D_Dupli,333,assign,0
6764,6764.0,F,106,assign,0
6765,6765.0,G,73,assign,0
6766,6766.0,H,73,assign,0
6767,6767.0,I,28,assign,0
6768,6768.0,A,9,assign,0
6769,6769.0,H,74,assign,0
6770,6770.0,I,0,assign,0
6771,6771.0,G,74,assign,0
6772,6772.0,F,108,assign,0
6773,6773.0,K,1,assign,0
6774,6774.0,J,0,assign,0
6775,6775.0,D_Dupli,335,assign,0
6776,6776.0,I,4,assign,0
6777,6777.0,G,75,assign,0
6778,6778.0,F,110,assign,0
6779,6779.0,D_Dupli,336,assign,0
6780,6780.0,A,24,assign,0
6781,6781.0,D_Dupli,337,assign,0
6782,6782.0,H,76,assign,0
6783,6783.0,D_Dupli,338,assign,0
6784,6784.0,D_Dupli,339,assign,0
6785,6785.0,D_Dupli,340,assign,0
6786,6786.0,D_Dupli,341,assign,0
6787,6787.0,I,0,assign,0
6788,6788.0,H,77,assign,0
6789,6789.0,G,76,assign,0
6790,6790.0,A,0,assign,0
6791,6791.0,K,0,assign,0
6792,6792.0,F,111,assign,0
6793,6793.0,H,78,assign,0
6794,6794.0,I,4,assign,0
6795,6795.0,G,77,assign,0
6796,6796.0,F,112,assign,0
6797,6797.0,D_Dupli,343,assign,0
6798,6798.0,J,0,assign,0
6799,6799.0,I,1,assign,0
6800,6800.0,H,79,assign,0
6801,6801.0,G,78,assign,0
6802,6802.0,F,113,assign,0
6803,6803.0,D_Dupli,344,assign,0
6804,6804.0,D_Dupli,345,assign,0
6805,6805.0,A,0,assign,0
6806,6806.0,D_Dupli,347,assign,0
6807,6807.0,D_Dupli,348,assign,0
6808,6808.0,A,4,assign,0
6809,6809.0,D_Dupli,349,assign,0
6810,6810.0,D_Dupli,350,assign,0
6811,6811.0,D_Dupli,352,assign,0
6812,6812.0,F,115,assign,0
6813,6813.0,G,79,assign,0
6814,6814.0,H,80,assign,0
6815,6815.0,I,28,assign,0
6816,6816.0,D_Dupli,354,assign,0
6817,6817.0,I,1,assign,0
6818,6818.0,F,117,assign,0
6819,6819.0,G,80,assign,0
6820,6820.0,A,0,assign,0
6821,6821.0,D_Dupli,355,assign,0
6822,6822.0,D_Dupli,356,assign,0
6823,6823.0,D_Dupli,358,assign,0
6824,6824.0,D_Dupli,360,assign,0
6825,6825.0,F,119,assign,0
6826,6826.0,I,4,assign,0
6827,6827.0,H,81,assign,0
6828,6828.0,M,5,assign,0
6829,6829.0,G,81,assign,0
6830,6830.0,O,4,assign,0
6831,6831.0,H,82,assign,0
6832,6832.0,N,2,assign,0
6833,6833.0,O,5,assign,0
6834,6834.0,M,0,assign,0
6835,6835.0,N,1,assign,0
6836,6836.0,H,83,assign,0
6837,6837.0,G,82,assign,0
6838,6838.0,F,120,assign,0
6839,6839.0,I,4,assign,0
6840,6840.0,D_Dupli,361,assign,0
6841,6841.0,H,84,assign,0
6842,6842.0,I,0,assign,0
6843,6843.0,G,83,assign,0
6844,6844.0,F,121,assign,0
6845,6845.0,D_Dupli,362,assign,0
6846,6846.0,A,0,assign,0
6847,6847.0,D_Dupli,363,assign,0
6848,6848.0,D_Dupli,364,assign,0
6849,6849.0,G,84,assign,0
6850,6850.0,F,123,assign,0
6851,6851.0,D_Dupli,365,assign,0
6852,6852.0,D_Dupli,366,assign,0
6853,6853.0,D_Dupli,368,assign,0
6854,6854.0,D_Dupli,370,assign,0
6855,6855.0,H,85,assign,0
6856,6856.0,A,9,assign,0
6857,6857.0,I,28,assign,0
6858,6858.0,D_Dupli,372,assign,0
6859,6859.0,D_Dupli,373,assign,0
6860,6860.0,F,125,assign,0
6861,6861.0,G,85,assign,0
6862,6862.0,I,0,assign,0
6863,6863.0,H,86,assign,0
6864,6864.0,D_Dupli,374,assign,0
6865,6865.0,D_Dupli,375,assign,0
6866,6866.0,A,9,assign,0
6867,6867.0,A,4,assign,0
6868,6868.0,D_Dupli,376,assign,0
6869,6869.0,D_Dupli,377,assign,0
6870,6870.0,F,127,assign,0
6871,6871.0,G,86,assign,0
6872,6872.0,H,87,assign,0
6873,6873.0,I,0,assign,0
6874,6874.0,D_Dupli,379,assign,0
6875,6875.0,D_Dupli,380,assign,0
6876,6876.0,G,87,assign,0
6877,6877.0,I,0,assign,0
6878,6878.0,H,88,assign,0
6879,6879.0,G,88,assign,0
6880,6880.0,F,129,assign,0
6881,6881.0,K,1,assign,0
6882,6882.0,J,0,assign,0
6883,6883.0,H,89,assign,0
6884,6884.0,I,4,assign,0
6885,6885.0,D_Dupli,381,assign,0
6886,6886.0,F,131,assign,0
6887,6887.0,D_Dupli,382,assign,0
6888,6888.0,A,24,assign,0
6889,6889.0,D_Dupli,383,assign,0
6890,6890.0,D_Dupli,384,assign,0
6891,6891.0,H,90,assign,0
6892,6892.0,I,0,assign,0
6893,6893.0,G,89,assign,0
6894,6894.0,F,132,assign,0
6895,6895.0,D_Dupli,385,assign,0
6896,6896.0,D_Dupli,386,assign,0
6897,6897.0,A,0,assign,0
6898,6898.0,D_Dupli,388,assign,0
6899,6899.0,D_Dupli,389,assign,0
6900,6900.0,M,3,assign,0
6901,6901.0,M,6,assign,0
6902,6902.0,N,0,assign,0
6903,6903.0,O,6,assign,0
6904,6904.0,F,134,assign,0
6905,6905.0,G,90,assign,0
6906,6906.0,I,54,assign,0
6907,6907.0,H,92,assign,0
6908,6908.0,I,4,assign,0
6909,6909.0,G,91,assign,0
6910,6910.0,F,135,assign,0
6911,6911.0,O,7,assign,0
6912,6912.0,N,1,assign,0
6913,6913.0,H,93,assign,0
6914,6914.0,H,94,assign,0
6915,6915.0,G,92,assign,0
6916,6916.0,F,136,assign,0
6917,6917.0,D_Dupli,390,assign,0
6918,6918.0,D_Dupli,391,assign,0
6919,6919.0,D_Dupli,393,assign,0
6920,6920.0,A,32,assign,0
6921,6921.0,D_Dupli,395,assign,0
6922,6922.0,I,4,assign,0
6923,6923.0,I,54,assign,0
6924,6924.0,H,95,assign,0
6925,6925.0,F,137,assign,0
6926,6926.0,D_Dupli,397,assign,0
6927,6927.0,D_Dupli,398,assign,0
6928,6928.0,D_Dupli,400,assign,0
6929,6929.0,A,0,assign,0
6930,6930.0,G,93,assign,0
6931,6931.0,D_Dupli,402,assign,0
6932,6932.0,F,139,assign,0
6933,6933.0,I,0,assign,0
6934,6934.0,H,96,assign,0
6935,6935.0,G,94,assign,0
6936,6936.0,D_Dupli,403,assign,0
6937,6937.0,D_Dupli,404,assign,0
6938,6938.0,D_Dupli,406,assign,0
6939,6939.0,D_Dupli,408,assign,0
6940,6940.0,A,9,assign,0
6941,6941.0,A,32,assign,0
6942,6942.0,D_Dupli,409,assign,0
6943,6943.0,D_Dupli,410,assign,0
6944,6944.0,D_Dupli,412,assign,0
6945,6945.0,F,140,assign,0
6946,6946.0,G,95,assign,0
6947,6947.0,H,97,assign,0
6948,6948.0,I,28,assign,0
6949,6949.0,D_Dupli,414,assign,0
6950,6950.0,G,96,assign,0
6951,6951.0,A,0,assign,0
6952,6952.0,D_Dupli,415,assign,0
6953,6953.0,I,0,assign,0
6954,6954.0,D_Dupli,416,assign,0
6955,6955.0,D_Dupli,418,assign,0
6956,6956.0,F,142,assign,0
6957,6957.0,D_Dupli,420,assign,0
6958,6958.0,H,98,assign,0
6959,6959.0,A,4,assign,0
6960,6960.0,D_Dupli,421,assign,0
6961,6961.0,D_Dupli,422,assign,0
6962,6962.0,D_Dupli,424,assign,0
6963,6963.0,H,99,assign,0
6964,6964.0,D_Dupli,426,assign,0
6965,6965.0,G,97,assign,0
6966,6966.0,F,144,assign,0
6967,6967.0,I,28,assign,0
6968,6968.0,D_Dupli,427,assign,0
6969,6969.0,H,100,assign,0
6970,6970.0,G,98,assign,0
6971,6971.0,I,0,assign,0
6972,6972.0,D_Dupli,428,assign,0
6973,6973.0,D_Dupli,429,assign,0
6974,6974.0,D_Dupli,431,assign,0
6975,6975.0,A,9,assign,0
6976,6976.0,F,145,assign,0
6977,6977.0,H,101,assign,0
6978,6978.0,I,0,assign,0
6979,6979.0,G,99,assign,0
6980,6980.0,F,146,assign,0
6981,6981.0,K,1,assign,0
6982,6982.0,J,0,assign,0
6983,6983.0,H,103,assign,0
6984,6984.0,G,100,assign,0
6985,6985.0,D_Dupli,433,assign,0
6986,6986.0,D_Dupli,434,assign,0
6987,6987.0,D_Dupli,435,assign,0
6988,6988.0,A,24,assign,0
6989,6989.0,D_Dupli,436,assign,0
6990,6990.0,I,4,assign,0
6991,6991.0,F,148,assign,0
6992,6992.0,D_Dupli,437,assign,0
6993,6993.0,D_Dupli,438,assign,0
6994,6994.0,A,0,assign,0
6995,6995.0,D_Dupli,439,assign,0
6996,6996.0,G,101,assign,0
6997,6997.0,H,104,assign,0
6998,6998.0,I,0,assign,0
6999,6999.0,F,149,assign,0
7000,7000.0,D_Dupli,441,assign,0
7001,7001.0,M,1,assign,0
7002,7002.0,H,105,assign,0
7003,7003.0,G,102,assign,0
7004,7004.0,F,150,assign,0
7005,7005.0,M,0,assign,0
7006,7006.0,O,8,assign,0
7007,7007.0,H,106,assign,0
7008,7008.0,I,61,assign,0
7009,7009.0,G,103,assign,0
7010,7010.0,O,9,assign,0
7011,7011.0,D_Dupli,442,assign,0
7012,7012.0,D_Dupli,443,assign,0
7013,7013.0,D_Dupli,444,assign,0
7014,7014.0,D_Dupli,445,assign,0
7015,7015.0,F,151,assign,0
7016,7016.0,G,104,assign,0
7017,7017.0,H,107,assign,0
7018,7018.0,I,4,assign,0
7019,7019.0,N,2,assign,0
7020,7020.0,F,152,assign,0
7021,7021.0,A,37,assign,0
7022,7022.0,N,1,assign,0
7023,7023.0,I,4,assign,0
7024,7024.0,A,4,assign,0
7025,7025.0,D_Dupli,446,assign,0
7026,7026.0,D_Dupli,447,assign,0
7027,7027.0,D_Dupli,449,assign,0
7028,7028.0,H,108,assign,0
7029,7029.0,F,153,assign,0
7030,7030.0,G,105,assign,0
7031,7031.0,I,61,assign,0
7032,7032.0,D_Dupli,451,assign,0
7033,7033.0,I,1,assign,0
7034,7034.0,D_Dupli,452,assign,0
7035,7035.0,D_Dupli,453,assign,0
7036,7036.0,D_Dupli,455,assign,0
7037,7037.0,D_Dupli,457,assign,0
7038,7038.0,F,155,assign,0
7039,7039.0,G,106,assign,0
7040,7040.0,H,109,assign,0
7041,7041.0,A,37,assign,0
7042,7042.0,D_Dupli,459,assign,0
7043,7043.0,A,0,assign,0
7044,7044.0,I,0,assign,0
7045,7045.0,H,110,assign,0
7046,7046.0,D_Dupli,460,assign,0
7047,7047.0,F,157,assign,0
7048,7048.0,D_Dupli,462,assign,0
7049,7049.0,D_Dupli,464,assign,0
7050,7050.0,G,107,assign,0
7051,7051.0,D_Dupli,465,assign,0
7052,7052.0,D_Dupli,466,assign,0
7053,7053.0,D_Dupli,467,assign,0
7054,7054.0,F,159,assign,0
7055,7055.0,G,108,assign,0
7056,7056.0,I,0,assign,0
7057,7057.0,H,111,assign,0
7058,7058.0,A,9,assign,0
7059,7059.0,D_Dupli,469,assign,0
7060,7060.0,D_Dupli,470,assign,0
7061,7061.0,I,0,assign,0
7062,7062.0,H,112,assign,0
7063,7063.0,G,109,assign,0
7064,7064.0,F,161,assign,0
7065,7065.0,D_Dupli,471,assign,0
7066,7066.0,D_Dupli,472,assign,0
7067,7067.0,D_Dupli,474,assign,0
7068,7068.0,A,9,assign,0
7069,7069.0,D_Dupli,475,assign,0
7070,7070.0,H,113,assign,0
7071,7071.0,A,0,assign,0
7072,7072.0,D_Dupli,476,assign,0
7073,7073.0,D_Dupli,478,assign,0
7074,7074.0,D_Dupli,480,assign,0
7075,7075.0,F,163,assign,0
7076,7076.0,G,110,assign,0
7077,7077.0,I,28,assign,0
7078,7078.0,F,165,assign,0
7079,7079.0,D_Dupli,482,assign,0
7080,7080.0,D_Dupli,483,assign,0
7081,7081.0,D_Dupli,485,assign,0
7082,7082.0,D_Dupli,487,assign,0
7083,7083.0,I,0,assign,0
7084,7084.0,G,111,assign,0
7085,7085.0,A,9,assign,0
7086,7086.0,H,114,assign,0
7087,7087.0,D_Dupli,489,assign,0
7088,7088.0,D_Dupli,490,assign,0
7089,7089.0,D_Dupli,491,assign,0
7090,7090.0,A,0,assign,0
7091,7091.0,F,166,assign,0
7092,7092.0,G,112,assign,0
7093,7093.0,H,115,assign,0
7094,7094.0,I,28,assign,0
7095,7095.0,D_Dupli,493,assign,0
7096,7096.0,D_Dupli,494,assign,0
7097,7097.0,A,0,assign,0
7098,7098.0,D_Dupli,495,assign,0
7099,7099.0,D_Dupli,496,assign,0
7100,7100.0,D_Dupli,498,assign,0
7101,7101.0,F,168,assign,0
7102,7102.0,H,116,assign,0
7103,7103.0,G,113,assign,0
7104,7104.0,I,28,assign,0
7105,7105.0,A,4,assign,0
7106,7106.0,D_Dupli,500,assign,0
7107,7107.0,D_Dupli,501,assign,0
7108,7108.0,F,170,assign,0
7109,7109.0,G,114,assign,0
7110,7110.0,H,117,assign,0
7111,7111.0,I,0,assign,0
7112,7112.0,D_Dupli,503,assign,0
7113,7113.0,D_Dupli,504,assign,0
7114,7114.0,D_Dupli,505,assign,0
7115,7115.0,A,0,assign,0
7116,7116.0,D_Dupli,506,assign,0
7117,7117.0,D_Dupli,507,assign,0
7118,7118.0,D_Dupli,509,assign,0
7119,7119.0,F,172,assign,0
7120,7120.0,I,0,assign,0
7121,7121.0,G,115,assign,0
7122,7122.0,H,118,assign,0
7123,7123.0,D_Dupli,511,assign,0
7124,7124.0,D_Dupli,512,assign,0
7125,7125.0,D_Dupli,513,assign,0
7126,7126.0,F,174,assign,0
7127,7127.0,G,116,assign,0
7128,7128.0,I,0,assign,0
7129,7129.0,H,119,assign,0
7130,7130.0,O,10,assign,0
7131,7131.0,M,6,assign,0
7132,7132.0,F,176,assign,0
7133,7133.0,G,117,assign,0
7134,7134.0,H,120,assign,0
7135,7135.0,I,4,assign,0
7136,7136.0,N,5,assign,0
7137,7137.0,A,44,assign,0
7138,7138.0,D_Dupli,515,assign,0
7139,7139.0,A,4,assign,0
7140,7140.0,D_Dupli,516,assign,0
7141,7141.0,D_Dupli,517,assign,0
7142,7142.0,D_Dupli,519,assign,0
7143,7143.0,F,177,assign,0
7144,7144.0,G,118,assign,0
7145,7145.0,H,121,assign,0
7146,7146.0,D_Dupli,521,assign,0
7147,7147.0,I,28,assign,0
7148,7148.0,A,44,assign,0
7149,7149.0,D_Dupli,522,assign,0
7150,7150.0,D_Dupli,523,assign,0
7151,7151.0,D_Dupli,525,assign,0
7152,7152.0,F,179,assign,0
7153,7153.0,G,119,assign,0
7154,7154.0,D_Dupli,527,assign,0
7155,7155.0,I,28,assign,0
7156,7156.0,H,122,assign,0
7157,7157.0,A,4,assign,0
7158,7158.0,D_Dupli,528,assign,0
7159,7159.0,I,0,assign,0
7160,7160.0,G,120,assign,0
7161,7161.0,H,123,assign,0
7162,7162.0,D_Dupli,529,assign,0
7163,7163.0,D_Dupli,531,assign,0
7164,7164.0,D_Dupli,533,assign,0
7165,7165.0,F,181,assign,0
7166,7166.0,D_Dupli,534,assign,0
7167,7167.0,D_Dupli,535,assign,0
7168,7168.0,D_Dupli,536,assign,0
7169,7169.0,F,182,assign,0
7170,7170.0,G,121,assign,0
7171,7171.0,H,124,assign,0
7172,7172.0,I,0,assign,0
7173,7173.0,A,9,assign,0
7174,7174.0,D_Dupli,538,assign,0
7175,7175.0,D_Dupli,539,assign,0
7176,7176.0,D_Dupli,540,assign,0
7177,7177.0,D_Dupli,541,assign,0
7178,7178.0,F,184,assign,0
7179,7179.0,G,122,assign,0
7180,7180.0,I,0,assign,0
7181,7181.0,H,125,assign,0
7182,7182.0,A,9,assign,0
7183,7183.0,D_Dupli,543,assign,0
7184,7184.0,G,123,assign,0
7185,7185.0,H,126,assign,0
7186,7186.0,M,6,assign,0
7187,7187.0,G,124,assign,0
7188,7188.0,O,11,assign,0
7189,7189.0,F,186,assign,0
7190,7190.0,F,187,assign,0
7191,7191.0,H,127,assign,0
7192,7192.0,I,28,assign,0
7193,7193.0,N,5,assign,0
7194,7194.0,D_Dupli,544,assign,0
7195,7195.0,I,4,assign,0
7196,7196.0,D_Dupli,545,assign,0
7197,7197.0,A,50,assign,0
7198,7198.0,D_Dupli,546,assign,0
7199,7199.0,D_Dupli,547,assign,0
7200,7200.0,H,128,assign,0
7201,7201.0,I,0,assign,0
7202,7202.0,G,125,assign,0
7203,7203.0,F,188,assign,0
7204,7204.0,D_Dupli,548,assign,0
7205,7205.0,D_Dupli,549,assign,0
7206,7206.0,D_Dupli,551,assign,0
7207,7207.0,A,9,assign,0
7208,7208.0,D_Dupli,553,assign,0
7209,7209.0,I,1,assign,0
7210,7210.0,H,130,assign,0
7211,7211.0,A,50,assign,0
7212,7212.0,D_Dupli,554,assign,0
7213,7213.0,D_Dupli,555,assign,0
7214,7214.0,D_Dupli,557,assign,0
7215,7215.0,D_Dupli,559,assign,0
7216,7216.0,F,190,assign,0
7217,7217.0,G,126,assign,0
7218,7218.0,D_Dupli,561,assign,0
7219,7219.0,A,0,assign,0
7220,7220.0,D_Dupli,562,assign,0
7221,7221.0,I,0,assign,0
7222,7222.0,D_Dupli,563,assign,0
7223,7223.0,F,144,assign,0
7224,7224.0,D_Dupli,565,assign,0
7225,7225.0,G,127,assign,0
7226,7226.0,H,131,assign,0
7227,7227.0,D_Dupli,567,assign,0
7228,7228.0,A,0,assign,0
7229,7229.0,D_Dupli,568,assign,0
7230,7230.0,D_Dupli,569,assign,0
7231,7231.0,D_Dupli,571,assign,0
7232,7232.0,F,0,assign,0
7233,7233.0,H,132,assign,0
7234,7234.0,I,28,assign,0
7235,7235.0,G,128,assign,0
7236,7236.0,A,4,assign,0
7237,7237.0,D_Dupli,573,assign,0
7238,7238.0,D_Dupli,574,assign,0
7239,7239.0,D_Dupli,576,assign,0
7240,7240.0,D_Dupli,578,assign,0
7241,7241.0,F,193,assign,0
7242,7242.0,G,129,assign,0
7243,7243.0,I,28,assign,0
7244,7244.0,H,133,assign,0
7245,7245.0,D_Dupli,580,assign,0
7246,7246.0,I,0,assign,0
7247,7247.0,H,134,assign,0
7248,7248.0,G,130,assign,0
7249,7249.0,F,0,assign,0
7250,7250.0,A,0,assign,0
7251,7251.0,D_Dupli,581,assign,0
7252,7252.0,D_Dupli,582,assign,0
7253,7253.0,D_Dupli,583,assign,0
7254,7254.0,G,131,assign,0
7255,7255.0,I,0,assign,0
7256,7256.0,H,135,assign,0
7257,7257.0,D_Dupli,584,assign,0
7258,7258.0,F,199,assign,0
7259,7259.0,D_Dupli,585,assign,0
7260,7260.0,D_Dupli,587,assign,0
7261,7261.0,A,9,assign,0
7262,7262.0,D_Dupli,589,assign,0
7263,7263.0,G,132,assign,0
7264,7264.0,I,0,assign,0
7265,7265.0,H,136,assign,0
7266,7266.0,D_Dupli,590,assign,0
7267,7267.0,D_Dupli,591,assign,0
7268,7268.0,D_Dupli,593,assign,0
7269,7269.0,F,201,assign,0
7270,7270.0,A,9,assign,0
7271,7271.0,D_Dupli,595,assign,0
7272,7272.0,D_Dupli,596,assign,0
7273,7273.0,A,0,assign,0
7274,7274.0,D_Dupli,597,assign,0
7275,7275.0,D_Dupli,598,assign,0
7276,7276.0,I,0,assign,0
7277,7277.0,H,137,assign,0
7278,7278.0,G,133,assign,0
7279,7279.0,H,138,assign,0
7280,7280.0,I,4,assign,0
7281,7281.0,J,0,assign,0
7282,7282.0,K,0,assign,0
7283,7283.0,F,203,assign,0
7284,7284.0,G,134,assign,0
7285,7285.0,F,205,assign,0
7286,7286.0,D_Dupli,600,assign,0
7287,7287.0,A,4,assign,0
7288,7288.0,I,0,assign,0
7289,7289.0,D_Dupli,601,assign,0
7290,7290.0,D_Dupli,602,assign,0
7291,7291.0,D_Dupli,604,assign,0
7292,7292.0,D_Dupli,606,assign,0
7293,7293.0,F,206,assign,0
7294,7294.0,G,135,assign,0
7295,7295.0,H,139,assign,0
7296,7296.0,A,4,assign,0
7297,7297.0,D_Dupli,608,assign,0
7298,7298.0,D_Dupli,609,assign,0
7299,7299.0,D_Dupli,611,assign,0
7300,7300.0,D_Dupli,613,assign,0
7301,7301.0,F,208,assign,0
7302,7302.0,G,136,assign,0
7303,7303.0,H,140,assign,0
7304,7304.0,I,28,assign,0
7305,7305.0,D_Dupli,615,assign,0
7306,7306.0,H,141,assign,0
7307,7307.0,I,0,assign,0
7308,7308.0,G,137,assign,0
7309,7309.0,F,210,assign,0
7310,7310.0,D_Dupli,616,assign,0
7311,7311.0,D_Dupli,617,assign,0
7312,7312.0,D_Dupli,619,assign,0
7313,7313.0,A,9,assign,0
7314,7314.0,D_Dupli,620,assign,0
7315,7315.0,D_Dupli,621,assign,0
7316,7316.0,D_Dupli,622,assign,0
7317,7317.0,F,212,assign,0
7318,7318.0,G,138,assign,0
7319,7319.0,A,0,assign,0
7320,7320.0,D_Dupli,624,assign,0
7321,7321.0,H,142,assign,0
7322,7322.0,I,28,assign,0
7323,7323.0,A,4,assign,0
7324,7324.0,G,139,assign,0
7325,7325.0,F,214,assign,0
7326,7326.0,K,1,assign,0
7327,7327.0,J,0,assign,0
7328,7328.0,I,28,assign,0
7329,7329.0,K,1,assign,0
7330,7330.0,J,0,assign,0
7331,7331.0,L,1,assign,0
7332,7332.0,K,0,assign,0
7333,7333.0,J,0,assign,0
7334,7334.0,H,143,assign,0
7335,7335.0,I,4,assign,0
7336,7336.0,G,140,assign,0
7337,7337.0,L,1,assign,0
7338,7338.0,D_Dupli,625,assign,0
7339,7339.0,F,216,assign,0
7340,7340.0,D_Dupli,626,assign,0
7341,7341.0,H,144,assign,0
7342,7342.0,D_Dupli,627,assign,0
7343,7343.0,D_Dupli,628,assign,0
7344,7344.0,A,4,assign,0
7345,7345.0,D_Dupli,629,assign,0
7346,7346.0,D_Dupli,630,assign,0
7347,7347.0,D_Dupli,632,assign,0
7348,7348.0,D_Dupli,634,assign,0
7349,7349.0,F,217,assign,0
7350,7350.0,G,141,assign,0
7351,7351.0,I,28,assign,0
7352,7352.0,H,145,assign,0
7353,7353.0,I,1,assign,0
7354,7354.0,D_Dupli,636,assign,0
7355,7355.0,A,0,assign,0
7356,7356.0,D_Dupli,637,assign,0
7357,7357.0,F,219,assign,0
7358,7358.0,G,142,assign,0
7359,7359.0,H,146,assign,0
7360,7360.0,D_Dupli,639,assign,0
7361,7361.0,D_Dupli,640,assign,0
7362,7362.0,I,1,assign,0
7363,7363.0,G,143,assign,0
7364,7364.0,F,221,assign,0
7365,7365.0,D_Dupli,641,assign,0
7366,7366.0,H,147,assign,0
7367,7367.0,D_Dupli,642,assign,0
7368,7368.0,D_Dupli,644,assign,0
7369,7369.0,D_Dupli,646,assign,0
7370,7370.0,A,9,assign,0
7371,7371.0,I,1,assign,0
7372,7372.0,D_Dupli,647,assign,0
7373,7373.0,D_Dupli,648,assign,0
7374,7374.0,D_Dupli,650,assign,0
7375,7375.0,F,223,assign,0
7376,7376.0,G,144,assign,0
7377,7377.0,H,148,assign,0
7378,7378.0,O,12,assign,0
7379,7379.0,M,6,assign,0
7380,7380.0,N,6,assign,0
7381,7381.0,F,225,assign,0
7382,7382.0,G,145,assign,0
7383,7383.0,I,4,assign,0
7384,7384.0,H,149,assign,0
7385,7385.0,A,61,assign,0
7386,7386.0,D_Dupli,652,assign,0
7387,7387.0,A,4,assign,0
7388,7388.0,D_Dupli,653,assign,0
7389,7389.0,D_Dupli,654,assign,0
7390,7390.0,D_Dupli,656,assign,0
7391,7391.0,F,226,assign,0
7392,7392.0,G,146,assign,0
7393,7393.0,I,0,assign,0
7394,7394.0,H,150,assign,0
7395,7395.0,D_Dupli,658,assign,0
7396,7396.0,G,147,assign,0
7397,7397.0,D_Dupli,659,assign,0
7398,7398.0,D_Dupli,660,assign,0
7399,7399.0,D_Dupli,662,assign,0
7400,7400.0,D_Dupli,664,assign,0
7401,7401.0,A,61,assign,0
7402,7402.0,I,0,assign,0
7403,7403.0,H,151,assign,0
7404,7404.0,F,228,assign,0
7405,7405.0,I,1,assign,0
7406,7406.0,G,148,assign,0
7407,7407.0,D_Dupli,666,assign,0
7408,7408.0,D_Dupli,667,assign,0
7409,7409.0,D_Dupli,669,assign,0
7410,7410.0,D_Dupli,671,assign,0
7411,7411.0,F,230,assign,0
7412,7412.0,A,9,assign,0
7413,7413.0,H,152,assign,0
7414,7414.0,D_Dupli,673,assign,0
7415,7415.0,H,153,assign,0
7416,7416.0,G,149,assign,0
7417,7417.0,F,232,assign,0
7418,7418.0,D_Dupli,674,assign,0
7419,7419.0,D_Dupli,675,assign,0
7420,7420.0,D_Dupli,677,assign,0
7421,7421.0,I,28,assign,0
7422,7422.0,A,9,assign,0
7423,7423.0,A,4,assign,0
7424,7424.0,D_Dupli,679,assign,0
7425,7425.0,G,150,assign,0
7426,7426.0,D_Dupli,680,assign,0
7427,7427.0,D_Dupli,682,assign,0
7428,7428.0,F,234,assign,0
7429,7429.0,H,154,assign,0
7430,7430.0,I,28,assign,0
7431,7431.0,D_Dupli,684,assign,0
7432,7432.0,A,4,assign,0
7433,7433.0,D_Dupli,685,assign,0
7434,7434.0,D_Dupli,686,assign,0
7435,7435.0,F,236,assign,0
7436,7436.0,D_Dupli,688,assign,0
7437,7437.0,D_Dupli,689,assign,0
7438,7438.0,H,155,assign,0
7439,7439.0,G,151,assign,0
7440,7440.0,I,28,assign,0
7441,7441.0,G,152,assign,0
7442,7442.0,D_Dupli,691,assign,0
7443,7443.0,A,0,assign,0
7444,7444.0,D_Dupli,692,assign,0
7445,7445.0,H,156,assign,0
7446,7446.0,I,0,assign,0
7447,7447.0,D_Dupli,694,assign,0
7448,7448.0,F,238,assign,0
7449,7449.0,D_Dupli,695,assign,0
7450,7450.0,F,240,assign,0
7451,7451.0,A,0,assign,0
7452,7452.0,D_Dupli,696,assign,0
7453,7453.0,D_Dupli,697,assign,0
7454,7454.0,D_Dupli,699,assign,0
7455,7455.0,G,153,assign,0
7456,7456.0,D_Dupli,701,assign,0
7457,7457.0,H,157,assign,0
7458,7458.0,I,28,assign,0
7459,7459.0,D_Dupli,702,assign,0
7460,7460.0,D_Dupli,703,assign,0
7461,7461.0,D_Dupli,704,assign,0
7462,7462.0,D_Dupli,706,assign,0
7463,7463.0,A,0,assign,0
7464,7464.0,H,158,assign,0
7465,7465.0,I,0,assign,0
7466,7466.0,F,241,assign,0
7467,7467.0,G,154,assign,0
7468,7468.0,D_Dupli,708,assign,0
7469,7469.0,D_Dupli,709,assign,0
7470,7470.0,D_Dupli,710,assign,0
7471,7471.0,F,243,assign,0
7472,7472.0,G,155,assign,0
7473,7473.0,H,159,assign,0
7474,7474.0,I,0,assign,0
7475,7475.0,A,9,assign,0
7476,7476.0,D_Dupli,712,assign,0
7477,7477.0,D_Dupli,713,assign,0
7478,7478.0,D_Dupli,714,assign,0
7479,7479.0,D_Dupli,715,assign,0
7480,7480.0,D_Dupli,717,assign,0
7481,7481.0,F,245,assign,0
7482,7482.0,G,156,assign,0
7483,7483.0,I,0,assign,0
7484,7484.0,A,9,assign,0
7485,7485.0,H,160,assign,0
7486,7486.0,A,4,assign,0
7487,7487.0,D_Dupli,719,assign,0
7488,7488.0,D_Dupli,720,assign,0
7489,7489.0,D_Dupli,722,assign,0
7490,7490.0,F,247,assign,0
7491,7491.0,G,157,assign,0
7492,7492.0,D_Dupli,724,assign,0
7493,7493.0,H,161,assign,0
7494,7494.0,I,28,assign,0
7495,7495.0,A,4,assign,0
7496,7496.0,D_Dupli,725,assign,0
7497,7497.0,I,0,assign,0
7498,7498.0,H,162,assign,0
7499,7499.0,F,249,assign,0
7500,7500.0,D_Dupli,726,assign,0
7501,7501.0,D_Dupli,727,assign,0
7502,7502.0,D_Dupli,729,assign,0
7503,7503.0,G,158,assign,0
7504,7504.0,D_Dupli,730,assign,0
7505,7505.0,D_Dupli,731,assign,0
7506,7506.0,D_Dupli,732,assign,0
7507,7507.0,F,251,assign,0
7508,7508.0,G,159,assign,0
7509,7509.0,I,0,assign,0
7510,7510.0,H,163,assign,0
7511,7511.0,A,9,assign,0
7512,7512.0,D_Dupli,734,assign,0
7513,7513.0,A,4,assign,0
7514,7514.0,D_Dupli,735,assign,0
7515,7515.0,I,0,assign,0
7516,7516.0,G,160,assign,0
7517,7517.0,F,253,assign,0
7518,7518.0,H,164,assign,0
7519,7519.0,D_Dupli,736,assign,0
7520,7520.0,D_Dupli,737,assign,0
7521,7521.0,D_Dupli,738,assign,0
7522,7522.0,A,4,assign,0
7523,7523.0,H,165,assign,0
7524,7524.0,G,161,assign,0
7525,7525.0,D_Dupli,739,assign,0
7526,7526.0,D_Dupli,740,assign,0
7527,7527.0,D_Dupli,742,assign,0
7528,7528.0,I,0,assign,0
7529,7529.0,D_Dupli,744,assign,0
7530,7530.0,F,255,assign,0
7531,7531.0,F,257,assign,0
7532,7532.0,H,166,assign,0
7533,7533.0,G,162,assign,0
7534,7534.0,D_Dupli,745,assign,0
7535,7535.0,D_Dupli,746,assign,0
7536,7536.0,D_Dupli,748,assign,0
7537,7537.0,D_Dupli,750,assign,0
7538,7538.0,I,28,assign,0
7539,7539.0,A,9,assign,0
7540,7540.0,D_Dupli,752,assign,0
7541,7541.0,D_Dupli,753,assign,0
7542,7542.0,F,258,assign,0
7543,7543.0,G,163,assign,0
7544,7544.0,D_Dupli,754,assign,0
7545,7545.0,I,0,assign,0
7546,7546.0,H,167,assign,0
7547,7547.0,D_Dupli,755,assign,0
7548,7548.0,A,9,assign,0
7549,7549.0,F,260,assign,0
7550,7550.0,D_Dupli,756,assign,0
7551,7551.0,G,164,assign,0
7552,7552.0,I,0,assign,0
7553,7553.0,F,261,assign,0
7554,7554.0,H,168,assign,0
7555,7555.0,O,13,assign,0
7556,7556.0,N,0,assign,0
7557,7557.0,G,165,assign,0
7558,7558.0,D_Dupli,757,assign,0
7559,7559.0,M,6,assign,0
7560,7560.0,A,76,assign,0
7561,7561.0,D_Dupli,758,assign,0
7562,7562.0,I,4,assign,0
7563,7563.0,D_Dupli,759,assign,0
7564,7564.0,H,169,assign,0
7565,7565.0,D_Dupli,760,assign,0
7566,7566.0,D_Dupli,761,assign,0
7567,7567.0,D_Dupli,762,assign,0
7568,7568.0,D_Dupli,764,assign,0
7569,7569.0,F,262,assign,0
7570,7570.0,G,166,assign,0
7571,7571.0,I,0,assign,0
7572,7572.0,H,170,assign,0
7573,7573.0,A,9,assign,0
7574,7574.0,D_Dupli,766,assign,0
7575,7575.0,D_Dupli,767,assign,0
7576,7576.0,A,0,assign,0
7577,7577.0,D_Dupli,768,assign,0
7578,7578.0,D_Dupli,770,assign,0
7579,7579.0,H,171,assign,0
7580,7580.0,F,264,assign,0
7581,7581.0,G,167,assign,0
7582,7582.0,I,28,assign,0
7583,7583.0,F,266,assign,0
7584,7584.0,D_Dupli,772,assign,0
7585,7585.0,D_Dupli,773,assign,0
7586,7586.0,D_Dupli,775,assign,0
7587,7587.0,A,76,assign,0
7588,7588.0,I,0,assign,0
7589,7589.0,D_Dupli,777,assign,0
7590,7590.0,G,169,assign,0
7591,7591.0,H,172,assign,0
7592,7592.0,A,4,assign,0
7593,7593.0,D_Dupli,778,assign,0
7594,7594.0,D_Dupli,779,assign,0
7595,7595.0,D_Dupli,781,assign,0
7596,7596.0,F,267,assign,0
7597,7597.0,G,171,assign,0
7598,7598.0,D_Dupli,783,assign,0
7599,7599.0,I,28,assign,0
7600,7600.0,H,173,assign,0
7601,7601.0,D_Dupli,784,assign,0
7602,7602.0,D_Dupli,785,assign,0
7603,7603.0,D_Dupli,786,assign,0
7604,7604.0,D_Dupli,788,assign,0
7605,7605.0,F,269,assign,0
7606,7606.0,I,0,assign,0
7607,7607.0,H,174,assign,0
7608,7608.0,G,172,assign,0
7609,7609.0,A,9,assign,0
7610,7610.0,H,175,assign,0
7611,7611.0,G,174,assign,0
7612,7612.0,F,271,assign,0
7613,7613.0,D_Dupli,790,assign,0
7614,7614.0,D_Dupli,791,assign,0
7615,7615.0,D_Dupli,793,assign,0
7616,7616.0,A,0,assign,0
7617,7617.0,D_Dupli,795,assign,0
7618,7618.0,H,177,assign,0
7619,7619.0,O,14,assign,0
7620,7620.0,G,175,assign,0
7621,7621.0,F,273,assign,0
7622,7622.0,N,10,assign,0
7623,7623.0,M,6,assign,0
7624,7624.0,I,97,assign,0
7625,7625.0,I,98,assign,0
7626,7626.0,D_Dupli,796,assign,0
7627,7627.0,G,176,assign,0
7628,7628.0,H,178,assign,0
7629,7629.0,A,0,assign,0
7630,7630.0,D_Dupli,797,assign,0
7631,7631.0,I,98,assign,0
7632,7632.0,D_Dupli,799,assign,0
7633,7633.0,F,274,assign,0
7634,7634.0,D_Dupli,801,assign,0
7635,7635.0,I,1,assign,0
7636,7636.0,H,179,assign,0
7637,7637.0,G,177,assign,0
7638,7638.0,F,276,assign,0
7639,7639.0,K,1,assign,0
7640,7640.0,J,0,assign,0
7641,7641.0,I,97,assign,0
7642,7642.0,H,180,assign,0
7643,7643.0,G,178,assign,0
7644,7644.0,N,13,assign,0
7645,7645.0,M,6,assign,0
7646,7646.0,H,181,assign,0
7647,7647.0,I,4,assign,0
7648,7648.0,G,179,assign,0
7649,7649.0,F,278,assign,0
7650,7650.0,D_Dupli,802,assign,0
7651,7651.0,D_Dupli,803,assign,0
7652,7652.0,D_Dupli,804,assign,0
7653,7653.0,A,80,assign,0
7654,7654.0,F,279,assign,0
7655,7655.0,O,15,assign,0
7656,7656.0,D_Dupli,805,assign,0
7657,7657.0,I,1,assign,0
7658,7658.0,A,0,assign,0
7659,7659.0,D_Dupli,806,assign,0
7660,7660.0,D_Dupli,807,assign,0
7661,7661.0,D_Dupli,809,assign,0
7662,7662.0,D_Dupli,811,assign,0
7663,7663.0,F,280,assign,0
7664,7664.0,G,180,assign,0
7665,7665.0,H,182,assign,0
7666,7666.0,G,181,assign,0
7667,7667.0,H,183,assign,0
7668,7668.0,D_Dupli,813,assign,0
7669,7669.0,D_Dupli,814,assign,0
7670,7670.0,F,282,assign,0
7671,7671.0,D_Dupli,816,assign,0
7672,7672.0,A,0,assign,0
7673,7673.0,I,28,assign,0
7674,7674.0,D_Dupli,818,assign,0
7675,7675.0,I,1,assign,0
7676,7676.0,D_Dupli,819,assign,0
7677,7677.0,H,184,assign,0
7678,7678.0,A,80,assign,0
7679,7679.0,F,284,assign,0
7680,7680.0,D_Dupli,820,assign,0
7681,7681.0,D_Dupli,822,assign,0
7682,7682.0,D_Dupli,824,assign,0
7683,7683.0,G,183,assign,0
7684,7684.0,N,13,assign,0
7685,7685.0,I,28,assign,0
7686,7686.0,G,185,assign,0
7687,7687.0,F,286,assign,0
7688,7688.0,M,6,assign,0
7689,7689.0,O,16,assign,0
7690,7690.0,H,185,assign,0
7691,7691.0,I,4,assign,0
7692,7692.0,G,186,assign,0
7693,7693.0,F,287,assign,0
7694,7694.0,D_Dupli,825,assign,0
7695,7695.0,D_Dupli,826,assign,0
7696,7696.0,D_Dupli,827,assign,0
7697,7697.0,D_Dupli,828,assign,0
7698,7698.0,A,81,assign,0
7699,7699.0,H,186,assign,0
7700,7700.0,I,1,assign,0
7701,7701.0,H,187,assign,0
7702,7702.0,G,187,assign,0
7703,7703.0,D_Dupli,829,assign,0
7704,7704.0,D_Dupli,830,assign,0
7705,7705.0,D_Dupli,832,assign,0
7706,7706.0,A,0,assign,0
7707,7707.0,D_Dupli,834,assign,0
7708,7708.0,F,288,assign,0
7709,7709.0,H,188,assign,0
7710,7710.0,I,0,assign,0
7711,7711.0,F,290,assign,0
7712,7712.0,G,188,assign,0
7713,7713.0,D_Dupli,835,assign,0
7714,7714.0,D_Dupli,836,assign,0
7715,7715.0,D_Dupli,838,assign,0
7716,7716.0,A,9,assign,0
7717,7717.0,D_Dupli,840,assign,0
7718,7718.0,H,190,assign,0
7719,7719.0,G,189,assign,0
7720,7720.0,F,292,assign,0
7721,7721.0,I,0,assign,0
7722,7722.0,D_Dupli,841,assign,0
7723,7723.0,D_Dupli,842,assign,0
7724,7724.0,D_Dupli,844,assign,0
7725,7725.0,A,81,assign,0
7726,7726.0,D_Dupli,846,assign,0
7727,7727.0,A,4,assign,0
7728,7728.0,D_Dupli,847,assign,0
7729,7729.0,J,0,assign,0
7730,7730.0,D_Dupli,848,assign,0
7731,7731.0,D_Dupli,849,assign,0
7732,7732.0,F,294,assign,0
7733,7733.0,G,190,assign,0
7734,7734.0,H,192,assign,0
7735,7735.0,I,28,assign,0
7736,7736.0,K,0,assign,0
7737,7737.0,D_Dupli,851,assign,0
7738,7738.0,G,191,assign,0
7739,7739.0,F,295,assign,0
7740,7740.0,H,193,assign,0
7741,7741.0,G,192,assign,0
7742,7742.0,F,296,assign,0
7743,7743.0,I,4,assign,0
7744,7744.0,O,17,assign,0
7745,7745.0,H,194,assign,0
7746,7746.0,M,6,assign,0
7747,7747.0,N,14,assign,0
7748,7748.0,I,4,assign,0
7749,7749.0,D_Dupli,853,assign,0
7750,7750.0,I,0,assign,0
7751,7751.0,H,195,assign,0
7752,7752.0,K,1,assign,0
7753,7753.0,J,0,assign,0
7754,7754.0,H,196,assign,0
7755,7755.0,G,193,assign,0
7756,7756.0,G,194,assign,0
7757,7757.0,A,24,assign,0
7758,7758.0,I,4,assign,0
7759,7759.0,D_Dupli,854,assign,0
7760,7760.0,F,297,assign,0
7761,7761.0,D_Dupli,856,assign,0
7762,7762.0,F,299,assign,0
7763,7763.0,D_Dupli,857,assign,0
7764,7764.0,D_Dupli,858,assign,0
7765,7765.0,A,0,assign,0
7766,7766.0,I,0,assign,0
7767,7767.0,D_Dupli,859,assign,0
7768,7768.0,D_Dupli,861,assign,0
7769,7769.0,F,300,assign,0
7770,7770.0,G,195,assign,0
7771,7771.0,H,197,assign,0
7772,7772.0,D_Dupli,863,assign,0
7773,7773.0,I,1,assign,0
7774,7774.0,D_Dupli,864,assign,0
7775,7775.0,A,0,assign,0
7776,7776.0,D_Dupli,865,assign,0
7777,7777.0,D_Dupli,867,assign,0
7778,7778.0,D_Dupli,869,assign,0
7779,7779.0,F,302,assign,0
7780,7780.0,G,196,assign,0
7781,7781.0,H,198,assign,0
7782,7782.0,D_Dupli,871,assign,0
7783,7783.0,A,0,assign,0
7784,7784.0,D_Dupli,872,assign,0
7785,7785.0,D_Dupli,873,assign,0
7786,7786.0,I,0,assign,0
7787,7787.0,H,199,assign,0
7788,7788.0,G,197,assign,0
7789,7789.0,F,304,assign,0
7790,7790.0,D_Dupli,875,assign,0
7791,7791.0,G,198,assign,0
7792,7792.0,D_Dupli,876,assign,0
7793,7793.0,H,200,assign,0
7794,7794.0,D_Dupli,877,assign,0
7795,7795.0,D_Dupli,879,assign,0
7796,7796.0,D_Dupli,881,assign,0
7797,7797.0,A,0,assign,0
7798,7798.0,F,306,assign,0
7799,7799.0,I,28,assign,0
7800,7800.0,I,1,assign,0
7801,7801.0,H,201,assign,0
7802,7802.0,D_Dupli,883,assign,0
7803,7803.0,K,1,assign,0
7804,7804.0,J,0,assign,0
7805,7805.0,L,1,assign,0
7806,7806.0,K,1,assign,0
7807,7807.0,J,0,assign,0
7808,7808.0,L,2,assign,0
7809,7809.0,K,15,assign,0
7810,7810.0,J,2,assign,0
7811,7811.0,F,308,assign,0
7812,7812.0,H,202,assign,0
7813,7813.0,I,4,assign,0
7814,7814.0,A,86,assign,0
7815,7815.0,D_Dupli,884,assign,0
7816,7816.0,G,200,assign,0
7817,7817.0,D_Dupli,885,assign,0
7818,7818.0,F,310,assign,0
7819,7819.0,D_Dupli,886,assign,0
7820,7820.0,G,201,assign,0
7821,7821.0,H,203,assign,0
7822,7822.0,G,202,assign,0
7823,7823.0,F,311,assign,0
7824,7824.0,I,0,assign,0
7825,7825.0,D_Dupli,887,assign,0
7826,7826.0,D_Dupli,888,assign,0
7827,7827.0,A,0,assign,0
7828,7828.0,D_Dupli,890,assign,0
7829,7829.0,D_Dupli,891,assign,0
7830,7830.0,I,1,assign,0
7831,7831.0,D_Dupli,892,assign,0
7832,7832.0,A,0,assign,0
7833,7833.0,D_Dupli,893,assign,0
7834,7834.0,D_Dupli,895,assign,0
7835,7835.0,F,313,assign,0
7836,7836.0,G,203,assign,0
7837,7837.0,H,205,assign,0
7838,7838.0,D_Dupli,897,assign,0
7839,7839.0,I,1,assign,0
7840,7840.0,G,204,assign,0
7841,7841.0,F,315,assign,0
7842,7842.0,K,15,assign,0
7843,7843.0,J,0,assign,0
7844,7844.0,I,4,assign,0
7845,7845.0,H,206,assign,0
7846,7846.0,G,205,assign,0
7847,7847.0,F,317,assign,0
7848,7848.0,D_Dupli,898,assign,0
7849,7849.0,D_Dupli,899,assign,0
7850,7850.0,D_Dupli,900,assign,0
7851,7851.0,A,86,assign,0
7852,7852.0,D_Dupli,901,assign,0
7853,7853.0,H,207,assign,0
7854,7854.0,D_Dupli,902,assign,0
7855,7855.0,D_Dupli,903,assign,0
7856,7856.0,D_Dupli,904,assign,0
7857,7857.0,F,318,assign,0
7858,7858.0,G,206,assign,0
7859,7859.0,I,0,assign,0
7860,7860.0,H,208,assign,0
7861,7861.0,J,2,assign,0
7862,7862.0,K,16,assign,0
7863,7863.0,L,2,assign,0
7864,7864.0,J,3,assign,0
7865,7865.0,K,17,assign,0
7866,7866.0,F,320,assign,0
7867,7867.0,I,4,assign,0
7868,7868.0,H,209,assign,0
7869,7869.0,A,88,assign,0
7870,7870.0,G,207,assign,0
7871,7871.0,D_Dupli,906,assign,0
7872,7872.0,F,321,assign,0
7873,7873.0,A,0,assign,0
7874,7874.0,D_Dupli,907,assign,0
7875,7875.0,D_Dupli,908,assign,0
7876,7876.0,D_Dupli,910,assign,0
7877,7877.0,D_Dupli,912,assign,0
7878,7878.0,G,208,assign,0
7879,7879.0,H,210,assign,0
7880,7880.0,I,28,assign,0
7881,7881.0,D_Dupli,914,assign,0
7882,7882.0,A,0,assign,0
7883,7883.0,D_Dupli,915,assign,0
7884,7884.0,D_Dupli,916,assign,0
7885,7885.0,D_Dupli,918,assign,0
7886,7886.0,G,209,assign,0
7887,7887.0,F,322,assign,0
7888,7888.0,I,28,assign,0
7889,7889.0,H,211,assign,0
7890,7890.0,H,212,assign,0
7891,7891.0,D_Dupli,920,assign,0
7892,7892.0,D_Dupli,921,assign,0
7893,7893.0,D_Dupli,923,assign,0
7894,7894.0,F,324,assign,0
7895,7895.0,G,210,assign,0
7896,7896.0,I,0,assign,0
7897,7897.0,H,214,assign,0
7898,7898.0,O,18,assign,0
7899,7899.0,M,6,assign,0
7900,7900.0,N,17,assign,0
7901,7901.0,A,88,assign,0
7902,7902.0,F,326,assign,0
7903,7903.0,G,211,assign,0
7904,7904.0,I,4,assign,0
7905,7905.0,D_Dupli,925,assign,0
7906,7906.0,D_Dupli,926,assign,0
7907,7907.0,D_Dupli,927,assign,0
7908,7908.0,A,0,assign,0
7909,7909.0,D_Dupli,928,assign,0
7910,7910.0,D_Dupli,930,assign,0
7911,7911.0,F,327,assign,0
7912,7912.0,G,212,assign,0
7913,7913.0,I,28,assign,0
7914,7914.0,H,215,assign,0
7915,7915.0,H,216,assign,0
7916,7916.0,I,0,assign,0
7917,7917.0,G,213,assign,0
7918,7918.0,F,329,assign,0
7919,7919.0,D_Dupli,932,assign,0
7920,7920.0,D_Dupli,933,assign,0
7921,7921.0,A,88,assign,0
7922,7922.0,D_Dupli,935,assign,0
7923,7923.0,D_Dupli,936,assign,0
7924,7924.0,F,331,assign,0
7925,7925.0,H,218,assign,0
7926,7926.0,G,214,assign,0
7927,7927.0,D_Dupli,937,assign,0
7928,7928.0,I,0,assign,0
7929,7929.0,D_Dupli,938,assign,0
7930,7930.0,D_Dupli,940,assign,0
7931,7931.0,D_Dupli,942,assign,0
7932,7932.0,A,9,assign,0
7933,7933.0,I,1,assign,0
7934,7934.0,H,219,assign,0
7935,7935.0,G,215,assign,0
7936,7936.0,F,332,assign,0
7937,7937.0,D_Dupli,943,assign,0
7938,7938.0,D_Dupli,944,assign,0
7939,7939.0,D_Dupli,946,assign,0
7940,7940.0,D_Dupli,948,assign,0
7941,7941.0,A,9,assign,0
7942,7942.0,I,1,assign,0
7943,7943.0,H,220,assign,0
7944,7944.0,G,216,assign,0
7945,7945.0,F,334,assign,0
7946,7946.0,D_Dupli,949,assign,0
7947,7947.0,D_Dupli,950,assign,0
7948,7948.0,D_Dupli,952,assign,0
7949,7949.0,A,9,assign,0
7950,7950.0,D_Dupli,954,assign,0
7951,7951.0,F,336,assign,0
7952,7952.0,D_Dupli,955,assign,0
7953,7953.0,I,0,assign,0
7954,7954.0,H,221,assign,0
7955,7955.0,G,217,assign,0
7956,7956.0,M,6,assign,0
7957,7957.0,A,92,assign,0
7958,7958.0,O,19,assign,0
7959,7959.0,N,3,assign,0
7960,7960.0,I,4,assign,0
7961,7961.0,H,222,assign,0
7962,7962.0,G,218,assign,0
7963,7963.0,F,337,assign,0
7964,7964.0,O,20,assign,0
7965,7965.0,M,0,assign,0
7966,7966.0,N,21,assign,0
7967,7967.0,H,223,assign,0
7968,7968.0,I,4,assign,0
7969,7969.0,G,219,assign,0
7970,7970.0,F,338,assign,0
7971,7971.0,D_Dupli,956,assign,0
7972,7972.0,D_Dupli,957,assign,0
7973,7973.0,M,0,assign,0
7974,7974.0,D_Dupli,958,assign,0
7975,7975.0,F,339,assign,0
7976,7976.0,G,220,assign,0
7977,7977.0,H,224,assign,0
7978,7978.0,I,4,assign,0
7979,7979.0,O,22,assign,0
7980,7980.0,N,22,assign,0
7981,7981.0,H,225,assign,0
7982,7982.0,I,0,assign,0
7983,7983.0,G,221,assign,0
7984,7984.0,F,340,assign,0
7985,7985.0,D_Dupli,959,assign,0
7986,7986.0,D_Dupli,960,assign,0
7987,7987.0,D_Dupli,962,assign,0
7988,7988.0,A,9,assign,0
7989,7989.0,D_Dupli,964,assign,0
7990,7990.0,A,92,assign,0
7991,7991.0,D_Dupli,965,assign,0
7992,7992.0,D_Dupli,966,assign,0
7993,7993.0,D_Dupli,968,assign,0
7994,7994.0,F,342,assign,0
7995,7995.0,G,222,assign,0
7996,7996.0,I,0,assign,0
7997,7997.0,H,227,assign,0
7998,7998.0,D_Dupli,970,assign,0
7999,7999.0,H,228,assign,0
8000,8000.0,A,0,assign,0
8001,8001.0,D_Dupli,971,assign,0
8002,8002.0,D_Dupli,972,assign,0
8003,8003.0,D_Dupli,974,assign,0
8004,8004.0,D_Dupli,976,assign,0
8005,8005.0,F,344,assign,0
8006,8006.0,G,223,assign,0
8007,8007.0,I,28,assign,0
8008,8008.0,H,230,assign,0
8009,8009.0,D_Dupli,978,assign,0
8010,8010.0,D_Dupli,979,assign,0
8011,8011.0,A,0,assign,0
8012,8012.0,D_Dupli,981,assign,0
8013,8013.0,F,346,assign,0
8014,8014.0,G,224,assign,0
8015,8015.0,D_Dupli,982,assign,0
8016,8016.0,I,28,assign,0
8017,8017.0,A,4,assign,0
8018,8018.0,H,232,assign,0
8019,8019.0,G,225,assign,0
8020,8020.0,F,348,assign,0
8021,8021.0,D_Dupli,983,assign,0
8022,8022.0,D_Dupli,984,assign,0
8023,8023.0,D_Dupli,986,assign,0
8024,8024.0,D_Dupli,988,assign,0
8025,8025.0,I,28,assign,0
8026,8026.0,O,24,assign,0
8027,8027.0,D_Dupli,989,assign,0
8028,8028.0,A,96,assign,0
8029,8029.0,D_Dupli,990,assign,0
8030,8030.0,D_Dupli,991,assign,0
8031,8031.0,D_Dupli,992,assign,0
8032,8032.0,F,350,assign,0
8033,8033.0,I,28,assign,0
8034,8034.0,H,233,assign,0
8035,8035.0,G,226,assign,0
8036,8036.0,F,351,assign,0
8037,8037.0,N,25,assign,0
8038,8038.0,G,228,assign,0
8039,8039.0,M,6,assign,0
8040,8040.0,H,234,assign,0
8041,8041.0,I,4,assign,0
8042,8042.0,H,235,assign,0
8043,8043.0,A,0,assign,0
8044,8044.0,D_Dupli,993,assign,0
8045,8045.0,D_Dupli,994,assign,0
8046,8046.0,D_Dupli,996,assign,0
8047,8047.0,D_Dupli,998,assign,0
8048,8048.0,G,229,assign,0
8049,8049.0,I,28,assign,0
8050,8050.0,F,352,assign,0
8051,8051.0,I,1,assign,0
8052,8052.0,D_Dupli,1000,assign,0
8053,8053.0,A,96,assign,0
8054,8054.0,D_Dupli,1001,assign,0
8055,8055.0,D_Dupli,1003,assign,0
8056,8056.0,D_Dupli,1005,assign,0
8057,8057.0,F,354,assign,0
8058,8058.0,G,230,assign,0
8059,8059.0,H,237,assign,0
8060,8060.0,D_Dupli,1007,assign,0
8061,8061.0,H,238,assign,0
8062,8062.0,G,231,assign,0
8063,8063.0,F,356,assign,0
8064,8064.0,D_Dupli,1008,assign,0
8065,8065.0,A,0,assign,0
8066,8066.0,D_Dupli,1009,assign,0
8067,8067.0,I,28,assign,0
8068,8068.0,D_Dupli,1011,assign,0
8069,8069.0,N,28,assign,0
8070,8070.0,D_Dupli,1012,assign,0
8071,8071.0,O,25,assign,0
8072,8072.0,D_Dupli,1013,assign,0
8073,8073.0,A,97,assign,0
8074,8074.0,M,6,assign,0
8075,8075.0,F,358,assign,0
8076,8076.0,G,232,assign,0
8077,8077.0,H,239,assign,0
8078,8078.0,I,137,assign,0
8079,8079.0,J,0,assign,0
8080,8080.0,K,18,assign,0
8081,8081.0,I,4,assign,0
8082,8082.0,G,233,assign,0
8083,8083.0,H,240,assign,0
8084,8084.0,I,137,assign,0
8085,8085.0,H,241,assign,0
8086,8086.0,G,234,assign,0
8087,8087.0,F,359,assign,0
8088,8088.0,D_Dupli,1014,assign,0
8089,8089.0,D_Dupli,1015,assign,0
8090,8090.0,F,360,assign,0
8091,8091.0,H,242,assign,0
8092,8092.0,I,0,assign,0
8093,8093.0,G,235,assign,0
8094,8094.0,F,361,assign,0
8095,8095.0,D_Dupli,1016,assign,0
8096,8096.0,D_Dupli,1017,assign,0
8097,8097.0,D_Dupli,1018,assign,0
8098,8098.0,D_Dupli,1020,assign,0
8099,8099.0,A,9,assign,0
8100,8100.0,D_Dupli,1021,assign,0
8101,8101.0,A,97,assign,0
8102,8102.0,D_Dupli,1022,assign,0
8103,8103.0,D_Dupli,1023,assign,0
8104,8104.0,F,363,assign,0
8105,8105.0,G,236,assign,0
8106,8106.0,H,244,assign,0
8107,8107.0,I,28,assign,0
8108,8108.0,D_Dupli,1024,assign,0
8109,8109.0,D_Dupli,1026,assign,0
8110,8110.0,H,245,assign,0
8111,8111.0,D_Dupli,1027,assign,0
8112,8112.0,A,0,assign,0
8113,8113.0,D_Dupli,1028,assign,0
8114,8114.0,D_Dupli,1030,assign,0
8115,8115.0,I,0,assign,0
8116,8116.0,F,365,assign,0
8117,8117.0,G,237,assign,0
8118,8118.0,F,367,assign,0
8119,8119.0,D_Dupli,1032,assign,0
8120,8120.0,D_Dupli,1033,assign,0
8121,8121.0,D_Dupli,1035,assign,0
8122,8122.0,A,0,assign,0
8123,8123.0,I,0,assign,0
8124,8124.0,D_Dupli,1037,assign,0
8125,8125.0,G,239,assign,0
8126,8126.0,H,246,assign,0
8127,8127.0,D_Dupli,1038,assign,0
8128,8128.0,A,0,assign,0
8129,8129.0,D_Dupli,1039,assign,0
8130,8130.0,D_Dupli,1040,assign,0
8131,8131.0,D_Dupli,1042,assign,0
8132,8132.0,F,368,assign,0
8133,8133.0,G,241,assign,0
8134,8134.0,H,247,assign,0
8135,8135.0,I,28,assign,0
8136,8136.0,D_Dupli,1044,assign,0
8137,8137.0,A,0,assign,0
8138,8138.0,D_Dupli,1045,assign,0
8139,8139.0,D_Dupli,1046,assign,0
8140,8140.0,D_Dupli,1048,assign,0
8141,8141.0,F,370,assign,0
8142,8142.0,G,242,assign,0
8143,8143.0,H,248,assign,0
8144,8144.0,I,28,assign,0
8145,8145.0,A,4,assign,0
8146,8146.0,D_Dupli,1050,assign,0
8147,8147.0,D_Dupli,1051,assign,0
8148,8148.0,D_Dupli,1053,assign,0
8149,8149.0,D_Dupli,1055,assign,0
8150,8150.0,F,372,assign,0
8151,8151.0,G,243,assign,0
8152,8152.0,I,28,assign,0
8153,8153.0,H,249,assign,0
8154,8154.0,F,374,assign,0
8155,8155.0,H,250,assign,0
8156,8156.0,I,0,assign,0
8157,8157.0,G,244,assign,0
8158,8158.0,D_Dupli,1057,assign,0
8159,8159.0,A,0,assign,0
8160,8160.0,D_Dupli,1058,assign,0
8161,8161.0,D_Dupli,1060,assign,0
8162,8162.0,D_Dupli,1061,assign,0
8163,8163.0,H,251,assign,0
8164,8164.0,G,245,assign,0
8165,8165.0,I,0,assign,0
8166,8166.0,D_Dupli,1062,assign,0
8167,8167.0,F,375,assign,0
8168,8168.0,D_Dupli,1063,assign,0
8169,8169.0,D_Dupli,1065,assign,0
8170,8170.0,A,9,assign,0
8171,8171.0,D_Dupli,1067,assign,0
8172,8172.0,I,1,assign,0
8173,8173.0,F,377,assign,0
8174,8174.0,G,246,assign,0
8175,8175.0,D_Dupli,1068,assign,0
8176,8176.0,H,253,assign,0
8177,8177.0,D_Dupli,1069,assign,0
8178,8178.0,D_Dupli,1071,assign,0
8179,8179.0,A,9,assign,0
8180,8180.0,D_Dupli,1073,assign,0
8181,8181.0,I,1,assign,0
8182,8182.0,H,254,assign,0
8183,8183.0,G,247,assign,0
8184,8184.0,F,379,assign,0
8185,8185.0,D_Dupli,1074,assign,0
8186,8186.0,D_Dupli,1075,assign,0
8187,8187.0,A,0,assign,0
8188,8188.0,D_Dupli,1077,assign,0
8189,8189.0,D_Dupli,1078,assign,0
8190,8190.0,G,248,assign,0
8191,8191.0,H,255,assign,0
8192,8192.0,I,0,assign,0
8193,8193.0,F,381,assign,0
8194,8194.0,D_Dupli,1079,assign,0
8195,8195.0,D_Dupli,1080,assign,0
8196,8196.0,A,0,assign,0
8197,8197.0,D_Dupli,1082,assign,0
8198,8198.0,D_Dupli,1083,assign,0
8199,8199.0,H,256,assign,0
8200,8200.0,I,0,assign,0
8201,8201.0,F,383,assign,0
8202,8202.0,D_Dupli,1084,assign,0
8203,8203.0,G,250,assign,0
8204,8204.0,D_Dupli,1085,assign,0
8205,8205.0,A,0,assign,0
8206,8206.0,D_Dupli,1087,assign,0
8207,8207.0,D_Dupli,1088,assign,0
8208,8208.0,I,1,assign,0
8209,8209.0,A,0,assign,0
8210,8210.0,D_Dupli,1089,assign,0
8211,8211.0,D_Dupli,1090,assign,0
8212,8212.0,D_Dupli,1092,assign,0
8213,8213.0,F,385,assign,0
8214,8214.0,G,251,assign,0
8215,8215.0,H,258,assign,0
8216,8216.0,D_Dupli,1094,assign,0
8217,8217.0,F,387,assign,0
8218,8218.0,D_Dupli,1095,assign,0
8219,8219.0,D_Dupli,1096,assign,0
8220,8220.0,D_Dupli,1098,assign,0
8221,8221.0,A,0,assign,0
8222,8222.0,D_Dupli,1100,assign,0
8223,8223.0,H,259,assign,0
8224,8224.0,I,28,assign,0
8225,8225.0,G,252,assign,0
8226,8226.0,H,260,assign,0
8227,8227.0,I,0,assign,0
8228,8228.0,G,254,assign,0
8229,8229.0,D_Dupli,1101,assign,0
8230,8230.0,F,388,assign,0
8231,8231.0,D_Dupli,1102,assign,0
8232,8232.0,A,0,assign,0
8233,8233.0,D_Dupli,1104,assign,0
8234,8234.0,D_Dupli,1105,assign,0
8235,8235.0,D_Dupli,1106,assign,0
8236,8236.0,G,255,assign,0
8237,8237.0,F,390,assign,0
8238,8238.0,K,19,assign,0
8239,8239.0,J,0,assign,0
8240,8240.0,H,262,assign,0
8241,8241.0,I,28,assign,0
8242,8242.0,G,256,assign,0
8243,8243.0,F,392,assign,0
8244,8244.0,D_Dupli,1107,assign,0
8245,8245.0,D_Dupli,1108,assign,0
8246,8246.0,H,38,assign,0
8247,8247.0,I,4,assign,0
8248,8248.0,D_Dupli,1109,assign,0
8249,8249.0,A,24,assign,0
8250,8250.0,D_Dupli,1110,assign,0
8251,8251.0,H,0,assign,0
8252,8252.0,I,0,assign,0
8253,8253.0,G,257,assign,0
8254,8254.0,F,393,assign,0
8255,8255.0,A,0,assign,0
8256,8256.0,D_Dupli,1111,assign,0
8257,8257.0,D_Dupli,1112,assign,0
8258,8258.0,D_Dupli,1113,assign,0
8259,8259.0,A,4,assign,0
8260,8260.0,D_Dupli,1114,assign,0
8261,8261.0,D_Dupli,1115,assign,0
8262,8262.0,I,0,assign,0
8263,8263.0,H,265,assign,0
8264,8264.0,G,258,assign,0
8265,8265.0,F,395,assign,0
8266,8266.0,D_Dupli,1117,assign,0
8267,8267.0,D_Dupli,1016,assign,0
8268,8268.0,I,1,assign,0
8269,8269.0,D_Dupli,1120,assign,0
8270,8270.0,G,259,assign,0
8271,8271.0,A,0,assign,0
8272,8272.0,D_Dupli,989,assign,0
8273,8273.0,D_Dupli,1120,assign,0
8274,8274.0,D_Dupli,0,assign,0
8275,8275.0,F,397,assign,0
8276,8276.0,G,260,assign,0
8277,8277.0,I,4,assign,0
8278,8278.0,H,266,assign,0
8279,8279.0,M,6,assign,0
8280,8280.0,H,267,assign,0
8281,8281.0,O,26,assign,0
8282,8282.0,F,399,assign,0
8283,8283.0,N,28,assign,0
8284,8284.0,H,268,assign,0
8285,8285.0,I,0,assign,0
8286,8286.0,G,261,assign,0
8287,8287.0,F,400,assign,0
8288,8288.0,D_Dupli,1127,assign,0
8289,8289.0,D_Dupli,1127,assign,0
8290,8290.0,D_Dupli,1129,assign,0
8291,8291.0,D_Dupli,1131,assign,0
8292,8292.0,A,9,assign,0
8293,8293.0,D_Dupli,1132,assign,0
8294,8294.0,A,0,assign,0
8295,8295.0,D_Dupli,1133,assign,0
8296,8296.0,D_Dupli,1134,assign,0
8297,8297.0,D_Dupli,1136,assign,0
8298,8298.0,F,402,assign,0
8299,8299.0,G,262,assign,0
8300,8300.0,I,28,assign,0
8301,8301.0,H,270,assign,0
8302,8302.0,G,263,assign,0
8303,8303.0,H,271,assign,0
8304,8304.0,A,0,assign,0
8305,8305.0,D_Dupli,1138,assign,0
8306,8306.0,D_Dupli,1139,assign,0
8307,8307.0,D_Dupli,1141,assign,0
8308,8308.0,D_Dupli,1143,assign,0
8309,8309.0,F,404,assign,0
8310,8310.0,I,28,assign,0
8311,8311.0,A,4,assign,0
8312,8312.0,D_Dupli,1145,assign,0
8313,8313.0,D_Dupli,1146,assign,0
8314,8314.0,D_Dupli,1148,assign,0
8315,8315.0,D_Dupli,1150,assign,0
8316,8316.0,F,406,assign,0
8317,8317.0,G,265,assign,0
8318,8318.0,H,272,assign,0
8319,8319.0,I,28,assign,0
8320,8320.0,H,273,assign,0
8321,8321.0,D_Dupli,1152,assign,0
8322,8322.0,D_Dupli,1153,assign,0
8323,8323.0,A,0,assign,0
8324,8324.0,F,408,assign,0
8325,8325.0,D_Dupli,1155,assign,0
8326,8326.0,I,0,assign,0
8327,8327.0,D_Dupli,1156,assign,0
8328,8328.0,G,266,assign,0
8329,8329.0,G,268,assign,0
8330,8330.0,F,410,assign,0
8331,8331.0,M,6,assign,0
8332,8332.0,N,0,assign,0
8333,8333.0,O,27,assign,0
8334,8334.0,H,275,assign,0
8335,8335.0,I,155,assign,0
8336,8336.0,G,270,assign,0
8337,8337.0,I,4,assign,0
8338,8338.0,D_Dupli,1157,assign,0
8339,8339.0,D_Dupli,1158,assign,0
8340,8340.0,D_Dupli,1159,assign,0
8341,8341.0,A,106,assign,0
8342,8342.0,D_Dupli,1160,assign,0
8343,8343.0,H,276,assign,0
8344,8344.0,F,412,assign,0
8345,8345.0,D_Dupli,1161,assign,0
8346,8346.0,D_Dupli,1162,assign,0
8347,8347.0,A,0,assign,0
8348,8348.0,D_Dupli,1164,assign,0
8349,8349.0,F,413,assign,0
8350,8350.0,G,271,assign,0
8351,8351.0,H,277,assign,0
8352,8352.0,I,155,assign,0
8353,8353.0,D_Dupli,1166,assign,0
8354,8354.0,H,278,assign,0
8355,8355.0,I,0,assign,0
8356,8356.0,G,272,assign,0
8357,8357.0,F,415,assign,0
8358,8358.0,M,6,assign,0
8359,8359.0,O,28,assign,0
8360,8360.0,N,33,assign,0
8361,8361.0,H,280,assign,0
8362,8362.0,I,4,assign,0
8363,8363.0,A,106,assign,0
8364,8364.0,G,273,assign,0
8365,8365.0,D_Dupli,1167,assign,0
8366,8366.0,D_Dupli,1168,assign,0
8367,8367.0,D_Dupli,1169,assign,0
8368,8368.0,D_Dupli,1170,assign,0
8369,8369.0,F,417,assign,0
8370,8370.0,I,1,assign,0
8371,8371.0,H,281,assign,0
8372,8372.0,G,274,assign,0
8373,8373.0,F,418,assign,0
8374,8374.0,D_Dupli,1171,assign,0
8375,8375.0,D_Dupli,1172,assign,0
8376,8376.0,D_Dupli,1174,assign,0
8377,8377.0,D_Dupli,1176,assign,0
8378,8378.0,A,9,assign,0
8379,8379.0,G,275,assign,0
8380,8380.0,F,420,assign,0
8381,8381.0,D_Dupli,1177,assign,0
8382,8382.0,D_Dupli,1178,assign,0
8383,8383.0,D_Dupli,1180,assign,0
8384,8384.0,D_Dupli,1182,assign,0
8385,8385.0,I,0,assign,0
8386,8386.0,H,282,assign,0
8387,8387.0,A,9,assign,0
8388,8388.0,D_Dupli,1184,assign,0
8389,8389.0,D_Dupli,1185,assign,0
8390,8390.0,F,422,assign,0
8391,8391.0,G,277,assign,0
8392,8392.0,I,0,assign,0
8393,8393.0,D_Dupli,1187,assign,0
8394,8394.0,H,283,assign,0
8395,8395.0,D_Dupli,1189,assign,0
8396,8396.0,J,3,assign,0
8397,8397.0,I,4,assign,0
8398,8398.0,G,278,assign,0
8399,8399.0,H,284,assign,0
8400,8400.0,K,20,assign,0
8401,8401.0,A,109,assign,0
8402,8402.0,F,424,assign,0
8403,8403.0,D_Dupli,1190,assign,0
8404,8404.0,I,0,assign,0
8405,8405.0,D_Dupli,1191,assign,0
8406,8406.0,D_Dupli,1192,assign,0
8407,8407.0,D_Dupli,1194,assign,0
8408,8408.0,F,425,assign,0
8409,8409.0,A,0,assign,0
8410,8410.0,G,279,assign,0
8411,8411.0,H,285,assign,0
8412,8412.0,A,4,assign,0
8413,8413.0,D_Dupli,1196,assign,0
8414,8414.0,D_Dupli,1197,assign,0
8415,8415.0,D_Dupli,1199,assign,0
8416,8416.0,D_Dupli,1201,assign,0
8417,8417.0,F,427,assign,0
8418,8418.0,H,286,assign,0
8419,8419.0,I,28,assign,0
8420,8420.0,G,280,assign,0
8421,8421.0,G,282,assign,0
8422,8422.0,F,429,assign,0
8423,8423.0,D_Dupli,1203,assign,0
8424,8424.0,D_Dupli,1204,assign,0
8425,8425.0,D_Dupli,1206,assign,0
8426,8426.0,A,109,assign,0
8427,8427.0,D_Dupli,1208,assign,0
8428,8428.0,I,28,assign,0
8429,8429.0,H,287,assign,0
8430,8430.0,D_Dupli,1209,assign,0
8431,8431.0,D_Dupli,1210,assign,0
8432,8432.0,F,431,assign,0
8433,8433.0,G,284,assign,0
8434,8434.0,I,0,assign,0
8435,8435.0,H,288,assign,0
8436,8436.0,A,0,assign,0
8437,8437.0,D_Dupli,1212,assign,0
8438,8438.0,D_Dupli,1213,assign,0
8439,8439.0,G,285,assign,0
8440,8440.0,H,289,assign,0
8441,8441.0,I,0,assign,0
8442,8442.0,F,433,assign,0
8443,8443.0,A,0,assign,0
8444,8444.0,D_Dupli,1214,assign,0
8445,8445.0,D_Dupli,1215,assign,0
8446,8446.0,D_Dupli,1217,assign,0
8447,8447.0,D_Dupli,1218,assign,0
8448,8448.0,A,4,assign,0
8449,8449.0,D_Dupli,1219,assign,0
8450,8450.0,D_Dupli,1220,assign,0
8451,8451.0,D_Dupli,1222,assign,0
8452,8452.0,D_Dupli,1224,assign,0
8453,8453.0,H,290,assign,0
8454,8454.0,I,0,assign,0
8455,8455.0,F,435,assign,0
8456,8456.0,G,287,assign,0
8457,8457.0,D_Dupli,1226,assign,0
8458,8458.0,D_Dupli,1227,assign,0
8459,8459.0,D_Dupli,1229,assign,0
8460,8460.0,F,437,assign,0
8461,8461.0,G,289,assign,0
8462,8462.0,I,0,assign,0
8463,8463.0,H,291,assign,0
8464,8464.0,A,9,assign,0
8465,8465.0,D_Dupli,1231,assign,0
8466,8466.0,H,292,assign,0
8467,8467.0,A,0,assign,0
8468,8468.0,D_Dupli,1232,assign,0
8469,8469.0,D_Dupli,1233,assign,0
8470,8470.0,D_Dupli,1235,assign,0
8471,8471.0,D_Dupli,1237,assign,0
8472,8472.0,F,439,assign,0
8473,8473.0,G,290,assign,0
8474,8474.0,I,28,assign,0
8475,8475.0,D_Dupli,1239,assign,0
8476,8476.0,A,0,assign,0
8477,8477.0,D_Dupli,1240,assign,0
8478,8478.0,D_Dupli,1241,assign,0
8479,8479.0,F,441,assign,0
8480,8480.0,G,291,assign,0
8481,8481.0,I,0,assign,0
8482,8482.0,N,2,assign,0
8483,8483.0,M,6,assign,0
8484,8484.0,O,29,assign,0
8485,8485.0,F,443,assign,0
8486,8486.0,G,292,assign,0
8487,8487.0,H,294,assign,0
8488,8488.0,I,4,assign,0
8489,8489.0,D_Dupli,802,assign,0
8490,8490.0,H,295,assign,0
8491,8491.0,D_Dupli,1245,assign,0
8492,8492.0,A,0,assign,0
8493,8493.0,D_Dupli,1246,assign,0
8494,8494.0,D_Dupli,1247,assign,0
8495,8495.0,D_Dupli,1249,assign,0
8496,8496.0,F,444,assign,0
8497,8497.0,G,293,assign,0
8498,8498.0,H,296,assign,0
8499,8499.0,I,28,assign,0
8500,8500.0,I,1,assign,0
8501,8501.0,H,297,assign,0
8502,8502.0,J,0,assign,0
8503,8503.0,K,21,assign,0
8504,8504.0,I,4,assign,0
8505,8505.0,G,294,assign,0
8506,8506.0,H,298,assign,0
8507,8507.0,F,446,assign,0
8508,8508.0,F,448,assign,0
8509,8509.0,M,6,assign,0
8510,8510.0,G,295,assign,0
8511,8511.0,N,37,assign,0
8512,8512.0,H,299,assign,0
8513,8513.0,I,4,assign,0
8514,8514.0,G,296,assign,0
8515,8515.0,F,449,assign,0
8516,8516.0,D_Dupli,1251,assign,0
8517,8517.0,D_Dupli,1252,assign,0
8518,8518.0,D_Dupli,1253,assign,0
8519,8519.0,D_Dupli,1254,assign,0
8520,8520.0,A,113,assign,0
8521,8521.0,O,30,assign,0
8522,8522.0,H,300,assign,0
8523,8523.0,I,0,assign,0
8524,8524.0,G,297,assign,0
8525,8525.0,F,450,assign,0
8526,8526.0,A,0,assign,0
8527,8527.0,D_Dupli,1255,assign,0
8528,8528.0,D_Dupli,1256,assign,0
8529,8529.0,D_Dupli,1258,assign,0
8530,8530.0,D_Dupli,1259,assign,0
8531,8531.0,F,452,assign,0
8532,8532.0,I,0,assign,0
8533,8533.0,G,298,assign,0
8534,8534.0,D_Dupli,1260,assign,0
8535,8535.0,H,302,assign,0
8536,8536.0,D_Dupli,1261,assign,0
8537,8537.0,A,113,assign,0
8538,8538.0,D_Dupli,1263,assign,0
8539,8539.0,D_Dupli,1264,assign,0
8540,8540.0,H,303,assign,0
8541,8541.0,G,299,assign,0
8542,8542.0,F,453,assign,0
8543,8543.0,D_Dupli,1265,assign,0
8544,8544.0,I,0,assign,0
8545,8545.0,D_Dupli,1265,assign,0
8546,8546.0,D_Dupli,1012,assign,0
8547,8547.0,A,9,assign,0
8548,8548.0,D_Dupli,1270,assign,0
8549,8549.0,H,305,assign,0
8550,8550.0,I,0,assign,0
8551,8551.0,G,300,assign,0
8552,8552.0,F,455,assign,0
8553,8553.0,D_Dupli,1271,assign,0
8554,8554.0,D_Dupli,1272,assign,0
8555,8555.0,D_Dupli,1274,assign,0
8556,8556.0,A,9,assign,0
8557,8557.0,D_Dupli,1276,assign,0
8558,8558.0,I,1,assign,0
8559,8559.0,H,307,assign,0
8560,8560.0,G,301,assign,0
8561,8561.0,F,457,assign,0
8562,8562.0,D_Dupli,1277,assign,0
8563,8563.0,D_Dupli,1278,assign,0
8564,8564.0,A,0,assign,0
8565,8565.0,D_Dupli,1280,assign,0
8566,8566.0,D_Dupli,1281,assign,0
8567,8567.0,H,308,assign,0
8568,8568.0,I,0,assign,0
8569,8569.0,F,459,assign,0
8570,8570.0,D_Dupli,1282,assign,0
8571,8571.0,G,302,assign,0
8572,8572.0,D_Dupli,1283,assign,0
8573,8573.0,D_Dupli,1285,assign,0
8574,8574.0,A,9,assign,0
8575,8575.0,D_Dupli,1287,assign,0
8576,8576.0,D_Dupli,1288,assign,0
8577,8577.0,I,0,assign,0
8578,8578.0,H,310,assign,0
8579,8579.0,G,303,assign,0
8580,8580.0,F,461,assign,0
8581,8581.0,D_Dupli,1289,assign,0
8582,8582.0,A,0,assign,0
8583,8583.0,D_Dupli,1291,assign,0
8584,8584.0,D_Dupli,1292,assign,0
8585,8585.0,A,4,assign,0
8586,8586.0,D_Dupli,1293,assign,0
8587,8587.0,D_Dupli,1294,assign,0
8588,8588.0,D_Dupli,1296,assign,0
8589,8589.0,D_Dupli,1298,assign,0
8590,8590.0,F,463,assign,0
8591,8591.0,G,304,assign,0
8592,8592.0,H,311,assign,0
8593,8593.0,I,28,assign,0
8594,8594.0,H,312,assign,0
8595,8595.0,A,0,assign,0
8596,8596.0,D_Dupli,1300,assign,0
8597,8597.0,D_Dupli,1301,assign,0
8598,8598.0,D_Dupli,1303,assign,0
8599,8599.0,F,465,assign,0
8600,8600.0,G,305,assign,0
8601,8601.0,I,28,assign,0
8602,8602.0,D_Dupli,1305,assign,0
8603,8603.0,I,1,assign,0
8604,8604.0,H,314,assign,0
8605,8605.0,G,306,assign,0
8606,8606.0,F,467,assign,0
8607,8607.0,D_Dupli,1306,assign,0
8608,8608.0,D_Dupli,1307,assign,0
8609,8609.0,D_Dupli,1309,assign,0
8610,8610.0,A,9,assign,0
8611,8611.0,D_Dupli,1311,assign,0
8612,8612.0,G,307,assign,0
8613,8613.0,H,315,assign,0
8614,8614.0,I,0,assign,0
8615,8615.0,F,469,assign,0
8616,8616.0,D_Dupli,1312,assign,0
8617,8617.0,D_Dupli,1313,assign,0
8618,8618.0,D_Dupli,1315,assign,0
8619,8619.0,A,9,assign,0
8620,8620.0,D_Dupli,1317,assign,0
8621,8621.0,H,316,assign,0
8622,8622.0,G,309,assign,0
8623,8623.0,F,471,assign,0
8624,8624.0,K,22,assign,0
8625,8625.0,J,0,assign,0
8626,8626.0,H,318,assign,0
8627,8627.0,I,28,assign,0
8628,8628.0,F,473,assign,0
8629,8629.0,D_Dupli,1318,assign,0
8630,8630.0,D_Dupli,3,assign,0
8631,8631.0,D_Dupli,1320,assign,0
8632,8632.0,D_Dupli,1321,assign,0
8633,8633.0,A,24,assign,0
8634,8634.0,G,310,assign,0
8635,8635.0,I,4,assign,0
8636,8636.0,F,474,assign,0
8637,8637.0,D_Dupli,1322,assign,0
8638,8638.0,A,0,assign,0
8639,8639.0,D_Dupli,1323,assign,0
8640,8640.0,D_Dupli,1325,assign,0
8641,8641.0,D_Dupli,1327,assign,0
8642,8642.0,G,311,assign,0
8643,8643.0,H,319,assign,0
8644,8644.0,I,28,assign,0
8645,8645.0,I,1,assign,0
8646,8646.0,G,312,assign,0
8647,8647.0,F,475,assign,0
8648,8648.0,H,320,assign,0
8649,8649.0,D_Dupli,1329,assign,0
8650,8650.0,D_Dupli,1330,assign,0
8651,8651.0,D_Dupli,1332,assign,0
8652,8652.0,A,9,assign,0
8653,8653.0,D_Dupli,1334,assign,0
8654,8654.0,L,3,assign,0
8655,8655.0,G,313,assign,0
8656,8656.0,J,0,assign,0
8657,8657.0,K,23,assign,0
8658,8658.0,L,3,assign,0
8659,8659.0,J,4,assign,0
8660,8660.0,K,24,assign,0
8661,8661.0,F,477,assign,0
8662,8662.0,I,177,assign,0
8663,8663.0,G,314,assign,0
8664,8664.0,J,4,assign,0
8665,8665.0,K,25,assign,0
8666,8666.0,F,478,assign,0
8667,8667.0,K,26,assign,0
8668,8668.0,I,4,assign,0
8669,8669.0,H,321,assign,0
8670,8670.0,N,38,assign,0
8671,8671.0,M,6,assign,0
8672,8672.0,O,31,assign,0
8673,8673.0,F,479,assign,0
8674,8674.0,H,322,assign,0
8675,8675.0,J,4,assign,0
8676,8676.0,M,0,assign,0
8677,8677.0,I,177,assign,0
8678,8678.0,I,180,assign,0
8679,8679.0,D_Dupli,1335,assign,0
8680,8680.0,A,122,assign,0
8681,8681.0,D_Dupli,1336,assign,0
8682,8682.0,D_Dupli,1337,assign,0
8683,8683.0,D_Dupli,1338,assign,0
8684,8684.0,F,480,assign,0
8685,8685.0,G,315,assign,0
8686,8686.0,I,4,assign,0
8687,8687.0,H,323,assign,0
8688,8688.0,H,324,assign,0
8689,8689.0,K,27,assign,0
8690,8690.0,F,481,assign,0
8691,8691.0,G,316,assign,0
8692,8692.0,I,4,assign,0
8693,8693.0,H,325,assign,0
8694,8694.0,O,32,assign,0
8695,8695.0,N,38,assign,0
8696,8696.0,F,482,assign,0
8697,8697.0,G,317,assign,0
8698,8698.0,J,4,assign,0
8699,8699.0,G,318,assign,0
8700,8700.0,H,326,assign,0
8701,8701.0,J,0,assign,0
8702,8702.0,H,327,assign,0
8703,8703.0,D_Dupli,1339,assign,0
8704,8704.0,A,123,assign,0
8705,8705.0,D_Dupli,1340,assign,0
8706,8706.0,I,180,assign,0
8707,8707.0,G,319,assign,0
8708,8708.0,F,483,assign,0
8709,8709.0,D_Dupli,1341,assign,0
8710,8710.0,K,28,assign,0
8711,8711.0,F,485,assign,0
8712,8712.0,G,320,assign,0
8713,8713.0,I,4,assign,0
8714,8714.0,H,328,assign,0
8715,8715.0,D_Dupli,1342,assign,0
8716,8716.0,H,329,assign,0
8717,8717.0,I,0,assign,0
8718,8718.0,G,321,assign,0
8719,8719.0,F,486,assign,0
8720,8720.0,A,0,assign,0
8721,8721.0,D_Dupli,1344,assign,0
8722,8722.0,D_Dupli,1345,assign,0
8723,8723.0,D_Dupli,1347,assign,0
8724,8724.0,D_Dupli,1268,assign,0
8725,8725.0,G,322,assign,0
8726,8726.0,D_Dupli,1350,assign,0
8727,8727.0,A,123,assign,0
8728,8728.0,D_Dupli,10,assign,0
8729,8729.0,D_Dupli,1350,assign,0
8730,8730.0,F,488,assign,0
8731,8731.0,I,0,assign,0
8732,8732.0,D_Dupli,3,assign,0
8733,8733.0,H,331,assign,0
8734,8734.0,D_Dupli,1356,assign,0
8735,8735.0,H,332,assign,0
8736,8736.0,I,0,assign,0
8737,8737.0,G,324,assign,0
8738,8738.0,F,490,assign,0
8739,8739.0,M,6,assign,0
8740,8740.0,O,34,assign,0
8741,8741.0,H,333,assign,0
8742,8742.0,N,0,assign,0
8743,8743.0,G,325,assign,0
8744,8744.0,F,492,assign,0
8745,8745.0,D_Dupli,1356,assign,0
8746,8746.0,D_Dupli,1357,assign,0
8747,8747.0,D_Dupli,1359,assign,0
8748,8748.0,A,106,assign,0
8749,8749.0,I,4,assign,0
8750,8750.0,A,4,assign,0
8751,8751.0,D_Dupli,1360,assign,0
8752,8752.0,F,493,assign,0
8753,8753.0,G,326,assign,0
8754,8754.0,I,0,assign,0
8755,8755.0,H,334,assign,0
8756,8756.0,D_Dupli,1361,assign,0
8757,8757.0,D_Dupli,1362,assign,0
8758,8758.0,D_Dupli,1363,assign,0
8759,8759.0,I,1,assign,0
8760,8760.0,G,327,assign,0
8761,8761.0,F,495,assign,0
8762,8762.0,D_Dupli,1364,assign,0
8763,8763.0,D_Dupli,1365,assign,0
8764,8764.0,D_Dupli,1367,assign,0
8765,8765.0,D_Dupli,1369,assign,0
8766,8766.0,H,335,assign,0
8767,8767.0,A,9,assign,0
8768,8768.0,F,497,assign,0
8769,8769.0,H,336,assign,0
8770,8770.0,I,0,assign,0
8771,8771.0,D_Dupli,1371,assign,0
8772,8772.0,G,328,assign,0
8773,8773.0,D_Dupli,1372,assign,0
8774,8774.0,D_Dupli,1374,assign,0
8775,8775.0,A,9,assign,0
8776,8776.0,D_Dupli,1376,assign,0
8777,8777.0,D_Dupli,1377,assign,0
8778,8778.0,D_Dupli,1378,assign,0
8779,8779.0,D_Dupli,1380,assign,0
8780,8780.0,F,498,assign,0
8781,8781.0,G,329,assign,0
8782,8782.0,I,0,assign,0
8783,8783.0,D_Dupli,1382,assign,0
8784,8784.0,A,9,assign,0
8785,8785.0,H,337,assign,0
8786,8786.0,D_Dupli,1384,assign,0
8787,8787.0,D_Dupli,1385,assign,0
8788,8788.0,D_Dupli,1387,assign,0
8789,8789.0,A,0,assign,0
8790,8790.0,D_Dupli,1389,assign,0
8791,8791.0,G,330,assign,0
8792,8792.0,H,338,assign,0
8793,8793.0,F,500,assign,0
8794,8794.0,I,28,assign,0
8795,8795.0,D_Dupli,1391,assign,0
8796,8796.0,D_Dupli,1392,assign,0
8797,8797.0,D_Dupli,1394,assign,0
8798,8798.0,F,502,assign,0
8799,8799.0,G,331,assign,0
8800,8800.0,I,0,assign,0
8801,8801.0,H,339,assign,0
8802,8802.0,A,9,assign,0
8803,8803.0,D_Dupli,1396,assign,0
8804,8804.0,I,1,assign,0
8805,8805.0,H,340,assign,0
8806,8806.0,G,332,assign,0
8807,8807.0,F,504,assign,0
8808,8808.0,D_Dupli,1397,assign,0
8809,8809.0,D_Dupli,1398,assign,0
8810,8810.0,A,0,assign,0
8811,8811.0,D_Dupli,1400,assign,0
8812,8812.0,D_Dupli,1401,assign,0
8813,8813.0,F,506,assign,0
8814,8814.0,D_Dupli,1402,assign,0
8815,8815.0,G,333,assign,0
8816,8816.0,H,341,assign,0
8817,8817.0,I,0,assign,0
8818,8818.0,D_Dupli,1403,assign,0
8819,8819.0,A,0,assign,0
8820,8820.0,D_Dupli,1405,assign,0
8821,8821.0,D_Dupli,1406,assign,0
8822,8822.0,I,1,assign,0
8823,8823.0,H,342,assign,0
8824,8824.0,M,6,assign,0
8825,8825.0,H,343,assign,0
8826,8826.0,I,4,assign,0
8827,8827.0,G,334,assign,0
8828,8828.0,F,507,assign,0
8829,8829.0,N,43,assign,0
8830,8830.0,O,35,assign,0
8831,8831.0,G,335,assign,0
8832,8832.0,F,508,assign,0
8833,8833.0,D_Dupli,1407,assign,0
8834,8834.0,D_Dupli,1409,assign,0
8835,8835.0,D_Dupli,1411,assign,0
8836,8836.0,D_Dupli,1413,assign,0
8837,8837.0,A,106,assign,0
8838,8838.0,G,336,assign,0
8839,8839.0,F,509,assign,0
8840,8840.0,O,36,assign,0
8841,8841.0,N,0,assign,0
8842,8842.0,M,6,assign,0
8843,8843.0,I,191,assign,0
8844,8844.0,H,344,assign,0
8845,8845.0,G,338,assign,0
8846,8846.0,F,511,assign,0
8847,8847.0,D_Dupli,83,assign,0
8848,8848.0,D_Dupli,624,assign,0
8849,8849.0,I,4,assign,0
8850,8850.0,A,129,assign,0
8851,8851.0,D_Dupli,1418,assign,0
8852,8852.0,D_Dupli,1420,assign,0
8853,8853.0,H,345,assign,0
8854,8854.0,A,4,assign,0
8855,8855.0,D_Dupli,1422,assign,0
8856,8856.0,D_Dupli,1423,assign,0
8857,8857.0,F,512,assign,0
8858,8858.0,G,339,assign,0
8859,8859.0,I,191,assign,0
8860,8860.0,H,346,assign,0
8861,8861.0,D_Dupli,1425,assign,0
8862,8862.0,D_Dupli,1426,assign,0
8863,8863.0,D_Dupli,1427,assign,0
8864,8864.0,I,0,assign,0
8865,8865.0,H,347,assign,0
8866,8866.0,G,340,assign,0
8867,8867.0,D_Dupli,1428,assign,0
8868,8868.0,D_Dupli,1430,assign,0
8869,8869.0,A,0,assign,0
8870,8870.0,F,514,assign,0
8871,8871.0,D_Dupli,1432,assign,0
8872,8872.0,I,1,assign,0
8873,8873.0,G,341,assign,0
8874,8874.0,F,516,assign,0
8875,8875.0,H,348,assign,0
8876,8876.0,D_Dupli,1433,assign,0
8877,8877.0,D_Dupli,1434,assign,0
8878,8878.0,D_Dupli,1436,assign,0
8879,8879.0,A,129,assign,0
8880,8880.0,D_Dupli,1438,assign,0
8881,8881.0,H,349,assign,0
8882,8882.0,I,0,assign,0
8883,8883.0,G,342,assign,0
8884,8884.0,F,518,assign,0
8885,8885.0,K,29,assign,0
8886,8886.0,J,0,assign,0
8887,8887.0,G,343,assign,0
8888,8888.0,I,4,assign,0
8889,8889.0,F,520,assign,0
8890,8890.0,D_Dupli,1439,assign,0
8891,8891.0,D_Dupli,1440,assign,0
8892,8892.0,D_Dupli,1441,assign,0
8893,8893.0,A,24,assign,0
8894,8894.0,H,351,assign,0
8895,8895.0,D_Dupli,1442,assign,0
8896,8896.0,D_Dupli,1443,assign,0
8897,8897.0,A,0,assign,0
8898,8898.0,D_Dupli,1444,assign,0
8899,8899.0,D_Dupli,1445,assign,0
8900,8900.0,F,521,assign,0
8901,8901.0,G,344,assign,0
8902,8902.0,I,0,assign,0
8903,8903.0,H,352,assign,0
8904,8904.0,D_Dupli,1447,assign,0
8905,8905.0,I,1,assign,0
8906,8906.0,H,353,assign,0
8907,8907.0,G,345,assign,0
8908,8908.0,D_Dupli,1448,assign,0
8909,8909.0,D_Dupli,1449,assign,0
8910,8910.0,D_Dupli,1451,assign,0
8911,8911.0,F,523,assign,0
8912,8912.0,A,9,assign,0
8913,8913.0,D_Dupli,1453,assign,0
8914,8914.0,F,525,assign,0
8915,8915.0,D_Dupli,1454,assign,0
8916,8916.0,H,354,assign,0
8917,8917.0,D_Dupli,1455,assign,0
8918,8918.0,D_Dupli,1457,assign,0
8919,8919.0,A,0,assign,0
8920,8920.0,D_Dupli,1459,assign,0
8921,8921.0,G,346,assign,0
8922,8922.0,I,28,assign,0
8923,8923.0,D_Dupli,1460,assign,0
8924,8924.0,A,0,assign,0
8925,8925.0,D_Dupli,1461,assign,0
8926,8926.0,D_Dupli,1462,assign,0
8927,8927.0,D_Dupli,1464,assign,0
8928,8928.0,F,526,assign,0
8929,8929.0,G,348,assign,0
8930,8930.0,H,355,assign,0
8931,8931.0,I,28,assign,0
8932,8932.0,H,356,assign,0
8933,8933.0,I,0,assign,0
8934,8934.0,G,349,assign,0
8935,8935.0,F,528,assign,0
8936,8936.0,D_Dupli,1414,assign,0
8937,8937.0,A,0,assign,0
8938,8938.0,D_Dupli,1467,assign,0
8939,8939.0,D_Dupli,1469,assign,0
8940,8940.0,D_Dupli,1470,assign,0
8941,8941.0,I,1,assign,0
8942,8942.0,G,350,assign,0
8943,8943.0,F,197,assign,0
8944,8944.0,D_Dupli,1471,assign,0
8945,8945.0,D_Dupli,1472,assign,0
8946,8946.0,D_Dupli,1474,assign,0
8947,8947.0,A,0,assign,0
8948,8948.0,H,358,assign,0
8949,8949.0,D_Dupli,1476,assign,0
8950,8950.0,D_Dupli,1477,assign,0
8951,8951.0,D_Dupli,1478,assign,0
8952,8952.0,D_Dupli,1480,assign,0
8953,8953.0,F,0,assign,0
8954,8954.0,G,351,assign,0
8955,8955.0,H,359,assign,0
8956,8956.0,D_Dupli,1482,assign,0
8957,8957.0,A,9,assign,0
8958,8958.0,I,28,assign,0
8959,8959.0,J,0,assign,0
8960,8960.0,K,30,assign,0
8961,8961.0,F,534,assign,0
8962,8962.0,G,352,assign,0
8963,8963.0,I,28,assign,0
8964,8964.0,H,360,assign,0
8965,8965.0,H,361,assign,0
8966,8966.0,A,135,assign,0
8967,8967.0,D_Dupli,1483,assign,0
8968,8968.0,D_Dupli,1485,assign,0
8969,8969.0,D_Dupli,1487,assign,0
8970,8970.0,D_Dupli,1489,assign,0
8971,8971.0,F,535,assign,0
8972,8972.0,G,353,assign,0
8973,8973.0,I,4,assign,0
8974,8974.0,D_Dupli,1491,assign,0
8975,8975.0,H,362,assign,0
8976,8976.0,A,0,assign,0
8977,8977.0,D_Dupli,1492,assign,0
8978,8978.0,D_Dupli,1494,assign,0
8979,8979.0,D_Dupli,1496,assign,0
8980,8980.0,F,536,assign,0
8981,8981.0,G,354,assign,0
8982,8982.0,I,28,assign,0
8983,8983.0,I,1,assign,0
8984,8984.0,D_Dupli,1498,assign,0
8985,8985.0,A,0,assign,0
8986,8986.0,D_Dupli,1499,assign,0
8987,8987.0,D_Dupli,1501,assign,0
8988,8988.0,D_Dupli,1503,assign,0
8989,8989.0,F,538,assign,0
8990,8990.0,G,355,assign,0
8991,8991.0,H,363,assign,0
8992,8992.0,D_Dupli,1505,assign,0
8993,8993.0,D_Dupli,1506,assign,0
8994,8994.0,D_Dupli,1507,assign,0
8995,8995.0,D_Dupli,1509,assign,0
8996,8996.0,F,540,assign,0
8997,8997.0,G,356,assign,0
8998,8998.0,I,0,assign,0
8999,8999.0,H,364,assign,0
9000,9000.0,A,135,assign,0
9001,9001.0,H,365,assign,0
9002,9002.0,I,0,assign,0
9003,9003.0,G,357,assign,0
9004,9004.0,F,542,assign,0
9005,9005.0,D_Dupli,1511,assign,0
9006,9006.0,D_Dupli,1512,assign,0
9007,9007.0,D_Dupli,1514,assign,0
9008,9008.0,D_Dupli,1516,assign,0
9009,9009.0,A,9,assign,0
9010,9010.0,H,367,assign,0
9011,9011.0,I,0,assign,0
9012,9012.0,G,358,assign,0
9013,9013.0,F,544,assign,0
9014,9014.0,K,31,assign,0
9015,9015.0,J,0,assign,0
9016,9016.0,I,4,assign,0
9017,9017.0,D_Dupli,1517,assign,0
9018,9018.0,G,359,assign,0
9019,9019.0,F,546,assign,0
9020,9020.0,D_Dupli,1518,assign,0
9021,9021.0,D_Dupli,1519,assign,0
9022,9022.0,A,24,assign,0
9023,9023.0,D_Dupli,1520,assign,0
9024,9024.0,H,369,assign,0
9025,9025.0,O,37,assign,0
9026,9026.0,I,0,assign,0
9027,9027.0,H,370,assign,0
9028,9028.0,G,360,assign,0
9029,9029.0,F,547,assign,0
9030,9030.0,N,47,assign,0
9031,9031.0,H,371,assign,0
9032,9032.0,M,6,assign,0
9033,9033.0,G,361,assign,0
9034,9034.0,D_Dupli,1521,assign,0
9035,9035.0,A,139,assign,0
9036,9036.0,D_Dupli,1523,assign,0
9037,9037.0,I,4,assign,0
9038,9038.0,D_Dupli,1525,assign,0
9039,9039.0,F,548,assign,0
9040,9040.0,D_Dupli,1527,assign,0
9041,9041.0,D_Dupli,1529,assign,0
9042,9042.0,A,0,assign,0
9043,9043.0,D_Dupli,1530,assign,0
9044,9044.0,D_Dupli,1531,assign,0
9045,9045.0,F,549,assign,0
9046,9046.0,G,362,assign,0
9047,9047.0,I,0,assign,0
9048,9048.0,H,372,assign,0
9049,9049.0,D_Dupli,1533,assign,0
9050,9050.0,G,363,assign,0
9051,9051.0,H,373,assign,0
9052,9052.0,I,0,assign,0
9053,9053.0,F,551,assign,0
9054,9054.0,D_Dupli,1534,assign,0
9055,9055.0,D_Dupli,1535,assign,0
9056,9056.0,A,0,assign,0
9057,9057.0,D_Dupli,1537,assign,0
9058,9058.0,D_Dupli,1538,assign,0
9059,9059.0,H,374,assign,0
9060,9060.0,I,0,assign,0
9061,9061.0,F,553,assign,0
9062,9062.0,G,365,assign,0
9063,9063.0,D_Dupli,1539,assign,0
9064,9064.0,D_Dupli,1540,assign,0
9065,9065.0,A,139,assign,0
9066,9066.0,D_Dupli,1542,assign,0
9067,9067.0,D_Dupli,1543,assign,0
9068,9068.0,A,4,assign,0
9069,9069.0,D_Dupli,1544,assign,0
9070,9070.0,D_Dupli,1545,assign,0
9071,9071.0,D_Dupli,1547,assign,0
9072,9072.0,D_Dupli,1549,assign,0
9073,9073.0,G,366,assign,0
9074,9074.0,I,0,assign,0
9075,9075.0,H,376,assign,0
9076,9076.0,F,555,assign,0
9077,9077.0,H,377,assign,0
9078,9078.0,I,0,assign,0
9079,9079.0,G,367,assign,0
9080,9080.0,F,557,assign,0
9081,9081.0,D_Dupli,1551,assign,0
9082,9082.0,A,0,assign,0
9083,9083.0,D_Dupli,1552,assign,0
9084,9084.0,D_Dupli,1554,assign,0
9085,9085.0,D_Dupli,1555,assign,0
9086,9086.0,D_Dupli,1556,assign,0
9087,9087.0,I,0,assign,0
9088,9088.0,A,0,assign,0
9089,9089.0,G,368,assign,0
9090,9090.0,F,559,assign,0
9091,9091.0,D_Dupli,1557,assign,0
9092,9092.0,D_Dupli,1559,assign,0
9093,9093.0,D_Dupli,1561,assign,0
9094,9094.0,H,379,assign,0
9095,9095.0,H,380,assign,0
9096,9096.0,G,369,assign,0
9097,9097.0,F,561,assign,0
9098,9098.0,K,32,assign,0
9099,9099.0,J,0,assign,0
9100,9100.0,H,382,assign,0
9101,9101.0,I,28,assign,0
9102,9102.0,G,370,assign,0
9103,9103.0,F,563,assign,0
9104,9104.0,O,38,assign,0
9105,9105.0,N,3,assign,0
9106,9106.0,H,264,assign,0
9107,9107.0,G,371,assign,0
9108,9108.0,F,564,assign,0
9109,9109.0,D_Dupli,1562,assign,0
9110,9110.0,I,4,assign,0
9111,9111.0,D_Dupli,1564,assign,0
9112,9112.0,D_Dupli,1566,assign,0
9113,9113.0,A,141,assign,0
9114,9114.0,M,6,assign,0
9115,9115.0,D_Dupli,1568,assign,0
9116,9116.0,I,4,assign,0
9117,9117.0,D_Dupli,1570,assign,0
9118,9118.0,F,565,assign,0
9119,9119.0,I,0,assign,0
9120,9120.0,H,0,assign,0
9121,9121.0,D_Dupli,1571,assign,0
9122,9122.0,A,0,assign,0
9123,9123.0,D_Dupli,1573,assign,0
9124,9124.0,D_Dupli,1575,assign,0
9125,9125.0,G,372,assign,0
9126,9126.0,I,1,assign,0
9127,9127.0,G,374,assign,0
9128,9128.0,F,567,assign,0
9129,9129.0,N,52,assign,0
9130,9130.0,O,39,assign,0
9131,9131.0,M,6,assign,0
9132,9132.0,H,385,assign,0
9133,9133.0,I,4,assign,0
9134,9134.0,G,375,assign,0
9135,9135.0,F,569,assign,0
9136,9136.0,D_Dupli,1576,assign,0
9137,9137.0,D_Dupli,1578,assign,0
9138,9138.0,D_Dupli,1580,assign,0
9139,9139.0,D_Dupli,1582,assign,0
9140,9140.0,A,141,assign,0
9141,9141.0,H,386,assign,0
9142,9142.0,H,387,assign,0
9143,9143.0,I,0,assign,0
9144,9144.0,F,570,assign,0
9145,9145.0,G,376,assign,0
9146,9146.0,D_Dupli,1584,assign,0
9147,9147.0,D_Dupli,1585,assign,0
9148,9148.0,D_Dupli,1587,assign,0
9149,9149.0,D_Dupli,1589,assign,0
9150,9150.0,A,9,assign,0
9151,9151.0,D_Dupli,1590,assign,0
9152,9152.0,A,141,assign,0
9153,9153.0,D_Dupli,1591,assign,0
9154,9154.0,D_Dupli,1592,assign,0
9155,9155.0,D_Dupli,1594,assign,0
9156,9156.0,F,572,assign,0
9157,9157.0,G,377,assign,0
9158,9158.0,H,389,assign,0
9159,9159.0,I,28,assign,0
9160,9160.0,A,4,assign,0
9161,9161.0,D_Dupli,1596,assign,0
9162,9162.0,D_Dupli,1597,assign,0
9163,9163.0,H,390,assign,0
9164,9164.0,I,0,assign,0
9165,9165.0,G,378,assign,0
9166,9166.0,F,574,assign,0
9167,9167.0,D_Dupli,1599,assign,0
9168,9168.0,D_Dupli,1600,assign,0
9169,9169.0,D_Dupli,1601,assign,0
9170,9170.0,I,0,assign,0
9171,9171.0,H,391,assign,0
9172,9172.0,G,379,assign,0
9173,9173.0,D_Dupli,1602,assign,0
9174,9174.0,D_Dupli,1604,assign,0
9175,9175.0,A,0,assign,0
9176,9176.0,D_Dupli,1606,assign,0
9177,9177.0,F,576,assign,0
9178,9178.0,G,380,assign,0
9179,9179.0,H,392,assign,0
9180,9180.0,I,0,assign,0
9181,9181.0,F,578,assign,0
9182,9182.0,A,0,assign,0
9183,9183.0,D_Dupli,1607,assign,0
9184,9184.0,D_Dupli,1608,assign,0
9185,9185.0,D_Dupli,1610,assign,0
9186,9186.0,D_Dupli,1611,assign,0
9187,9187.0,D_Dupli,1012,assign,0
9188,9188.0,A,0,assign,0
9189,9189.0,D_Dupli,1614,assign,0
9190,9190.0,D_Dupli,1615,assign,0
9191,9191.0,I,0,assign,0
9192,9192.0,F,580,assign,0
9193,9193.0,G,382,assign,0
9194,9194.0,H,393,assign,0
9195,9195.0,D_Dupli,1617,assign,0
9196,9196.0,N,2,assign,0
9197,9197.0,O,40,assign,0
9198,9198.0,F,582,assign,0
9199,9199.0,G,383,assign,0
9200,9200.0,I,4,assign,0
9201,9201.0,H,394,assign,0
9202,9202.0,M,6,assign,0
9203,9203.0,I,1,assign,0
9204,9204.0,H,395,assign,0
9205,9205.0,G,384,assign,0
9206,9206.0,F,583,assign,0
9207,9207.0,D_Dupli,1618,assign,0
9208,9208.0,D_Dupli,1619,assign,0
9209,9209.0,D_Dupli,1621,assign,0
9210,9210.0,A,9,assign,0
9211,9211.0,D_Dupli,1623,assign,0
9212,9212.0,G,385,assign,0
9213,9213.0,D_Dupli,1624,assign,0
9214,9214.0,D_Dupli,1625,assign,0
9215,9215.0,D_Dupli,1627,assign,0
9216,9216.0,D_Dupli,1629,assign,0
9217,9217.0,F,585,assign,0
9218,9218.0,I,0,assign,0
9219,9219.0,A,9,assign,0
9220,9220.0,H,396,assign,0
9221,9221.0,G,387,assign,0
9222,9222.0,H,397,assign,0
9223,9223.0,D_Dupli,1631,assign,0
9224,9224.0,A,0,assign,0
9225,9225.0,I,0,assign,0
9226,9226.0,D_Dupli,1632,assign,0
9227,9227.0,D_Dupli,1634,assign,0
9228,9228.0,F,587,assign,0
9229,9229.0,D_Dupli,1636,assign,0
9230,9230.0,H,398,assign,0
9231,9231.0,I,0,assign,0
9232,9232.0,G,389,assign,0
9233,9233.0,F,589,assign,0
9234,9234.0,N,56,assign,0
9235,9235.0,O,41,assign,0
9236,9236.0,H,400,assign,0
9237,9237.0,M,6,assign,0
9238,9238.0,G,390,assign,0
9239,9239.0,F,591,assign,0
9240,9240.0,D_Dupli,1637,assign,0
9241,9241.0,D_Dupli,1639,assign,0
9242,9242.0,D_Dupli,1641,assign,0
9243,9243.0,A,146,assign,0
9244,9244.0,D_Dupli,1643,assign,0
9245,9245.0,I,4,assign,0
9246,9246.0,H,401,assign,0
9247,9247.0,I,0,assign,0
9248,9248.0,G,391,assign,0
9249,9249.0,F,592,assign,0
9250,9250.0,D_Dupli,1645,assign,0
9251,9251.0,D_Dupli,1646,assign,0
9252,9252.0,A,0,assign,0
9253,9253.0,D_Dupli,1648,assign,0
9254,9254.0,D_Dupli,1649,assign,0
9255,9255.0,I,1,assign,0
9256,9256.0,H,403,assign,0
9257,9257.0,F,594,assign,0
9258,9258.0,G,392,assign,0
9259,9259.0,D_Dupli,1650,assign,0
9260,9260.0,D_Dupli,1651,assign,0
9261,9261.0,D_Dupli,1653,assign,0
9262,9262.0,A,146,assign,0
9263,9263.0,D_Dupli,1655,assign,0
9264,9264.0,D_Dupli,1656,assign,0
9265,9265.0,A,0,assign,0
9266,9266.0,D_Dupli,1657,assign,0
9267,9267.0,D_Dupli,1658,assign,0
9268,9268.0,D_Dupli,1660,assign,0
9269,9269.0,F,596,assign,0
9270,9270.0,G,393,assign,0
9271,9271.0,I,28,assign,0
9272,9272.0,H,404,assign,0
9273,9273.0,H,405,assign,0
9274,9274.0,I,0,assign,0
9275,9275.0,F,598,assign,0
9276,9276.0,G,394,assign,0
9277,9277.0,D_Dupli,1662,assign,0
9278,9278.0,D_Dupli,1663,assign,0
9279,9279.0,A,0,assign,0
9280,9280.0,D_Dupli,1665,assign,0
9281,9281.0,D_Dupli,1666,assign,0
9282,9282.0,H,407,assign,0
9283,9283.0,I,0,assign,0
9284,9284.0,G,395,assign,0
9285,9285.0,F,600,assign,0
9286,9286.0,D_Dupli,1667,assign,0
9287,9287.0,D_Dupli,1668,assign,0
9288,9288.0,A,0,assign,0
9289,9289.0,D_Dupli,1670,assign,0
9290,9290.0,D_Dupli,3,assign,0
9291,9291.0,I,1,assign,0
9292,9292.0,H,409,assign,0
9293,9293.0,G,396,assign,0
9294,9294.0,D_Dupli,1672,assign,0
9295,9295.0,D_Dupli,1673,assign,0
9296,9296.0,F,602,assign,0
9297,9297.0,A,0,assign,0
9298,9298.0,D_Dupli,1675,assign,0
9299,9299.0,D_Dupli,1676,assign,0
9300,9300.0,A,4,assign,0
9301,9301.0,I,0,assign,0
9302,9302.0,G,397,assign,0
9303,9303.0,H,410,assign,0
9304,9304.0,D_Dupli,1677,assign,0
9305,9305.0,D_Dupli,1678,assign,0
9306,9306.0,D_Dupli,1680,assign,0
9307,9307.0,D_Dupli,1682,assign,0
9308,9308.0,F,604,assign,0
9309,9309.0,K,33,assign,0
9310,9310.0,H,411,assign,0
9311,9311.0,I,28,assign,0
9312,9312.0,G,398,assign,0
9313,9313.0,F,606,assign,0
9314,9314.0,J,0,assign,0
9315,9315.0,D_Dupli,1683,assign,0
9316,9316.0,G,399,assign,0
9317,9317.0,F,608,assign,0
9318,9318.0,D_Dupli,1684,assign,0
9319,9319.0,D_Dupli,1685,assign,0
9320,9320.0,A,24,assign,0
9321,9321.0,H,412,assign,0
9322,9322.0,D_Dupli,1686,assign,0
9323,9323.0,I,4,assign,0
9324,9324.0,I,1,assign,0
9325,9325.0,H,413,assign,0
9326,9326.0,A,0,assign,0
9327,9327.0,D_Dupli,1687,assign,0
9328,9328.0,D_Dupli,1688,assign,0
9329,9329.0,D_Dupli,1690,assign,0
9330,9330.0,D_Dupli,1692,assign,0
9331,9331.0,F,609,assign,0
9332,9332.0,G,400,assign,0
9333,9333.0,F,611,assign,0
9334,9334.0,H,414,assign,0
9335,9335.0,I,0,assign,0
9336,9336.0,G,401,assign,0
9337,9337.0,F,612,assign,0
9338,9338.0,O,42,assign,0
9339,9339.0,M,6,assign,0
9340,9340.0,D_Dupli,1694,assign,0
9341,9341.0,H,415,assign,0
9342,9342.0,I,4,assign,0
9343,9343.0,G,402,assign,0
9344,9344.0,D_Dupli,1696,assign,0
9345,9345.0,A,150,assign,0
9346,9346.0,D_Dupli,1698,assign,0
9347,9347.0,D_Dupli,1699,assign,0
9348,9348.0,N,3,assign,0
9349,9349.0,I,1,assign,0
9350,9350.0,H,416,assign,0
9351,9351.0,G,403,assign,0
9352,9352.0,F,613,assign,0
9353,9353.0,D_Dupli,1700,assign,0
9354,9354.0,D_Dupli,1701,assign,0
9355,9355.0,D_Dupli,1703,assign,0
9356,9356.0,A,9,assign,0
9357,9357.0,D_Dupli,1705,assign,0
9358,9358.0,G,404,assign,0
9359,9359.0,I,0,assign,0
9360,9360.0,H,417,assign,0
9361,9361.0,F,615,assign,0
9362,9362.0,A,150,assign,0
9363,9363.0,D_Dupli,1706,assign,0
9364,9364.0,D_Dupli,1707,assign,0
9365,9365.0,D_Dupli,1709,assign,0
9366,9366.0,D_Dupli,1710,assign,0
9367,9367.0,H,418,assign,0
9368,9368.0,I,0,assign,0
9369,9369.0,G,406,assign,0
9370,9370.0,F,617,assign,0
9371,9371.0,A,0,assign,0
9372,9372.0,D_Dupli,1711,assign,0
9373,9373.0,D_Dupli,1712,assign,0
9374,9374.0,D_Dupli,1714,assign,0
9375,9375.0,D_Dupli,1715,assign,0
9376,9376.0,H,420,assign,0
9377,9377.0,G,407,assign,0
9378,9378.0,F,619,assign,0
9379,9379.0,I,0,assign,0
9380,9380.0,D_Dupli,1716,assign,0
9381,9381.0,D_Dupli,1717,assign,0
9382,9382.0,A,0,assign,0
9383,9383.0,D_Dupli,1719,assign,0
9384,9384.0,D_Dupli,1720,assign,0
9385,9385.0,H,422,assign,0
9386,9386.0,D_Dupli,1721,assign,0
9387,9387.0,A,0,assign,0
9388,9388.0,D_Dupli,1722,assign,0
9389,9389.0,D_Dupli,1724,assign,0
9390,9390.0,D_Dupli,1726,assign,0
9391,9391.0,G,408,assign,0
9392,9392.0,I,28,assign,0
9393,9393.0,F,621,assign,0
9394,9394.0,H,424,assign,0
9395,9395.0,D_Dupli,1728,assign,0
9396,9396.0,A,0,assign,0
9397,9397.0,D_Dupli,1729,assign,0
9398,9398.0,D_Dupli,1731,assign,0
9399,9399.0,D_Dupli,1733,assign,0
9400,9400.0,F,623,assign,0
9401,9401.0,G,409,assign,0
9402,9402.0,I,28,assign,0
9403,9403.0,A,4,assign,0
9404,9404.0,D_Dupli,1735,assign,0
9405,9405.0,D_Dupli,1736,assign,0
9406,9406.0,D_Dupli,1738,assign,0
9407,9407.0,I,0,assign,0
9408,9408.0,F,625,assign,0
9409,9409.0,G,410,assign,0
9410,9410.0,D_Dupli,1740,assign,0
9411,9411.0,H,426,assign,0
9412,9412.0,H,427,assign,0
9413,9413.0,I,0,assign,0
9414,9414.0,D_Dupli,1741,assign,0
9415,9415.0,A,0,assign,0
9416,9416.0,D_Dupli,1742,assign,0
9417,9417.0,D_Dupli,1744,assign,0
9418,9418.0,D_Dupli,1746,assign,0
9419,9419.0,F,627,assign,0
9420,9420.0,G,411,assign,0
9421,9421.0,H,429,assign,0
9422,9422.0,I,0,assign,0
9423,9423.0,F,629,assign,0
9424,9424.0,G,412,assign,0
9425,9425.0,D_Dupli,1748,assign,0
9426,9426.0,D_Dupli,1749,assign,0
9427,9427.0,A,0,assign,0
9428,9428.0,D_Dupli,1751,assign,0
9429,9429.0,D_Dupli,1752,assign,0
9430,9430.0,D_Dupli,1753,assign,0
9431,9431.0,A,0,assign,0
9432,9432.0,D_Dupli,1754,assign,0
9433,9433.0,D_Dupli,1755,assign,0
9434,9434.0,D_Dupli,1757,assign,0
9435,9435.0,F,631,assign,0
9436,9436.0,G,413,assign,0
9437,9437.0,I,28,assign,0
9438,9438.0,H,431,assign,0
9439,9439.0,H,432,assign,0
9440,9440.0,D_Dupli,1759,assign,0
9441,9441.0,G,414,assign,0
9442,9442.0,F,633,assign,0
9443,9443.0,D_Dupli,1760,assign,0
9444,9444.0,D_Dupli,1762,assign,0
9445,9445.0,D_Dupli,1764,assign,0
9446,9446.0,A,9,assign,0
9447,9447.0,I,28,assign,0
9448,9448.0,D_Dupli,1766,assign,0
9449,9449.0,H,434,assign,0
9450,9450.0,I,0,assign,0
9451,9451.0,G,415,assign,0
9452,9452.0,F,532,assign,0
9453,9453.0,D_Dupli,1767,assign,0
9454,9454.0,D_Dupli,1769,assign,0
9455,9455.0,D_Dupli,1771,assign,0
9456,9456.0,A,9,assign,0
9457,9457.0,D_Dupli,1772,assign,0
9458,9458.0,A,0,assign,0
9459,9459.0,I,0,assign,0
9460,9460.0,H,435,assign,0
9461,9461.0,G,416,assign,0
9462,9462.0,F,0,assign,0
9463,9463.0,D_Dupli,1773,assign,0
9464,9464.0,D_Dupli,1775,assign,0
9465,9465.0,D_Dupli,1776,assign,0
9466,9466.0,G,417,assign,0
9467,9467.0,F,639,assign,0
9468,9468.0,O,43,assign,0
9469,9469.0,M,6,assign,0
9470,9470.0,N,61,assign,0
9471,9471.0,H,436,assign,0
9472,9472.0,D_Dupli,1777,assign,0
9473,9473.0,G,419,assign,0
9474,9474.0,J,0,assign,0
9475,9475.0,D_Dupli,1778,assign,0
9476,9476.0,F,641,assign,0
9477,9477.0,A,106,assign,0
9478,9478.0,D_Dupli,1779,assign,0
9479,9479.0,I,227,assign,0
9480,9480.0,D_Dupli,1781,assign,0
9481,9481.0,I,4,assign,0
9482,9482.0,F,642,assign,0
9483,9483.0,G,420,assign,0
9484,9484.0,I,4,assign,0
9485,9485.0,H,437,assign,0
9486,9486.0,H,438,assign,0
9487,9487.0,K,34,assign,0
9488,9488.0,I,227,assign,0
9489,9489.0,H,439,assign,0
9490,9490.0,G,421,assign,0
9491,9491.0,D_Dupli,1783,assign,0
9492,9492.0,D_Dupli,1784,assign,0
9493,9493.0,A,0,assign,0
9494,9494.0,F,643,assign,0
9495,9495.0,D_Dupli,1786,assign,0
9496,9496.0,D_Dupli,1787,assign,0
9497,9497.0,A,4,assign,0
9498,9498.0,I,0,assign,0
9499,9499.0,H,440,assign,0
9500,9500.0,G,422,assign,0
9501,9501.0,F,645,assign,0
9502,9502.0,M,6,assign,0
9503,9503.0,O,44,assign,0
9504,9504.0,N,0,assign,0
9505,9505.0,I,4,assign,0
9506,9506.0,H,441,assign,0
9507,9507.0,G,423,assign,0
9508,9508.0,O,45,assign,0
9509,9509.0,M,0,assign,0
9510,9510.0,N,65,assign,0
9511,9511.0,I,4,assign,0
9512,9512.0,H,442,assign,0
9513,9513.0,G,424,assign,0
9514,9514.0,F,647,assign,0
9515,9515.0,D_Dupli,1788,assign,0
9516,9516.0,D_Dupli,1789,assign,0
9517,9517.0,D_Dupli,1790,assign,0
9518,9518.0,D_Dupli,1791,assign,0
9519,9519.0,F,648,assign,0
9520,9520.0,H,443,assign,0
9521,9521.0,I,0,assign,0
9522,9522.0,F,649,assign,0
9523,9523.0,G,425,assign,0
9524,9524.0,D_Dupli,1793,assign,0
9525,9525.0,D_Dupli,1794,assign,0
9526,9526.0,D_Dupli,1796,assign,0
9527,9527.0,D_Dupli,1798,assign,0
9528,9528.0,A,9,assign,0
9529,9529.0,A,4,assign,0
9530,9530.0,D_Dupli,1799,assign,0
9531,9531.0,D_Dupli,1800,assign,0
9532,9532.0,D_Dupli,1802,assign,0
9533,9533.0,D_Dupli,1804,assign,0
9534,9534.0,F,651,assign,0
9535,9535.0,G,426,assign,0
9536,9536.0,I,28,assign,0
9537,9537.0,H,445,assign,0
9538,9538.0,I,1,assign,0
9539,9539.0,H,446,assign,0
9540,9540.0,G,427,assign,0
9541,9541.0,D_Dupli,1806,assign,0
9542,9542.0,D_Dupli,1807,assign,0
9543,9543.0,D_Dupli,1809,assign,0
9544,9544.0,A,0,assign,0
9545,9545.0,F,653,assign,0
9546,9546.0,D_Dupli,1811,assign,0
9547,9547.0,O,47,assign,0
9548,9548.0,H,447,assign,0
9549,9549.0,I,0,assign,0
9550,9550.0,G,428,assign,0
9551,9551.0,F,655,assign,0
9552,9552.0,N,0,assign,0
9553,9553.0,M,6,assign,0
9554,9554.0,I,4,assign,0
9555,9555.0,G,429,assign,0
9556,9556.0,H,448,assign,0
9557,9557.0,D_Dupli,1812,assign,0
9558,9558.0,A,158,assign,0
9559,9559.0,D_Dupli,1814,assign,0
9560,9560.0,D_Dupli,1816,assign,0
9561,9561.0,D_Dupli,1818,assign,0
9562,9562.0,F,657,assign,0
9563,9563.0,G,430,assign,0
9564,9564.0,F,658,assign,0
9565,9565.0,D_Dupli,1820,assign,0
9566,9566.0,D_Dupli,1821,assign,0
9567,9567.0,D_Dupli,1823,assign,0
9568,9568.0,D_Dupli,1825,assign,0
9569,9569.0,A,0,assign,0
9570,9570.0,H,449,assign,0
9571,9571.0,I,28,assign,0
9572,9572.0,H,450,assign,0
9573,9573.0,A,158,assign,0
9574,9574.0,D_Dupli,1827,assign,0
9575,9575.0,D_Dupli,1828,assign,0
9576,9576.0,D_Dupli,1830,assign,0
9577,9577.0,D_Dupli,1832,assign,0
9578,9578.0,F,660,assign,0
9579,9579.0,I,28,assign,0
9580,9580.0,G,432,assign,0
9581,9581.0,D_Dupli,1834,assign,0
9582,9582.0,I,0,assign,0
9583,9583.0,H,452,assign,0
9584,9584.0,G,434,assign,0
9585,9585.0,F,662,assign,0
9586,9586.0,D_Dupli,1835,assign,0
9587,9587.0,D_Dupli,1837,assign,0
9588,9588.0,A,9,assign,0
9589,9589.0,D_Dupli,1839,assign,0
9590,9590.0,I,1,assign,0
9591,9591.0,D_Dupli,1840,assign,0
9592,9592.0,D_Dupli,1841,assign,0
9593,9593.0,A,0,assign,0
9594,9594.0,D_Dupli,1843,assign,0
9595,9595.0,D_Dupli,1844,assign,0
9596,9596.0,G,435,assign,0
9597,9597.0,H,453,assign,0
9598,9598.0,F,664,assign,0
9599,9599.0,D_Dupli,1846,assign,0
9600,9600.0,H,454,assign,0
9601,9601.0,G,436,assign,0
9602,9602.0,D_Dupli,1847,assign,0
9603,9603.0,F,666,assign,0
9604,9604.0,D_Dupli,1849,assign,0
9605,9605.0,I,0,assign,0
9606,9606.0,A,9,assign,0
9607,9607.0,D_Dupli,1851,assign,0
9608,9608.0,A,4,assign,0
9609,9609.0,D_Dupli,1852,assign,0
9610,9610.0,D_Dupli,1853,assign,0
9611,9611.0,D_Dupli,1855,assign,0
9612,9612.0,D_Dupli,1857,assign,0
9613,9613.0,F,668,assign,0
9614,9614.0,G,437,assign,0
9615,9615.0,H,455,assign,0
9616,9616.0,I,28,assign,0
9617,9617.0,D_Dupli,1859,assign,0
9618,9618.0,A,0,assign,0
9619,9619.0,H,456,assign,0
9620,9620.0,I,0,assign,0
9621,9621.0,D_Dupli,1860,assign,0
9622,9622.0,F,670,assign,0
9623,9623.0,D_Dupli,1862,assign,0
9624,9624.0,D_Dupli,1864,assign,0
9625,9625.0,G,438,assign,0
9626,9626.0,G,440,assign,0
9627,9627.0,F,672,assign,0
9628,9628.0,D_Dupli,1865,assign,0
9629,9629.0,D_Dupli,1866,assign,0
9630,9630.0,D_Dupli,1868,assign,0
9631,9631.0,I,0,assign,0
9632,9632.0,D_Dupli,1870,assign,0
9633,9633.0,A,9,assign,0
9634,9634.0,H,457,assign,0
9635,9635.0,D_Dupli,1871,assign,0
9636,9636.0,D_Dupli,1872,assign,0
9637,9637.0,A,0,assign,0
9638,9638.0,D_Dupli,1874,assign,0
9639,9639.0,G,442,assign,0
9640,9640.0,I,0,assign,0
9641,9641.0,D_Dupli,1876,assign,0
9642,9642.0,H,458,assign,0
9643,9643.0,F,674,assign,0
9644,9644.0,H,459,assign,0
9645,9645.0,G,443,assign,0
9646,9646.0,F,676,assign,0
9647,9647.0,D_Dupli,1877,assign,0
9648,9648.0,D_Dupli,1876,assign,0
9649,9649.0,D_Dupli,0,assign,0
9650,9650.0,D_Dupli,1882,assign,0
9651,9651.0,A,9,assign,0
9652,9652.0,I,28,assign,0
9653,9653.0,D_Dupli,1884,assign,0
9654,9654.0,D_Dupli,1885,assign,0
9655,9655.0,D_Dupli,1887,assign,0
9656,9656.0,F,678,assign,0
9657,9657.0,G,444,assign,0
9658,9658.0,H,461,assign,0
9659,9659.0,I,0,assign,0
9660,9660.0,D_Dupli,1889,assign,0
9661,9661.0,A,9,assign,0
9662,9662.0,D_Dupli,1890,assign,0
9663,9663.0,A,0,assign,0
9664,9664.0,I,0,assign,0
9665,9665.0,G,445,assign,0
9666,9666.0,F,680,assign,0
9667,9667.0,H,462,assign,0
9668,9668.0,D_Dupli,1891,assign,0
9669,9669.0,D_Dupli,1893,assign,0
9670,9670.0,D_Dupli,1894,assign,0
9671,9671.0,H,463,assign,0
9672,9672.0,A,0,assign,0
9673,9673.0,D_Dupli,1895,assign,0
9674,9674.0,D_Dupli,1896,assign,0
9675,9675.0,D_Dupli,1898,assign,0
9676,9676.0,F,682,assign,0
9677,9677.0,G,446,assign,0
9678,9678.0,D_Dupli,1900,assign,0
9679,9679.0,I,28,assign,0
9680,9680.0,M,6,assign,0
9681,9681.0,H,465,assign,0
9682,9682.0,I,4,assign,0
9683,9683.0,G,447,assign,0
9684,9684.0,F,684,assign,0
9685,9685.0,O,48,assign,0
9686,9686.0,M,0,assign,0
9687,9687.0,N,69,assign,0
9688,9688.0,H,466,assign,0
9689,9689.0,I,4,assign,0
9690,9690.0,G,448,assign,0
9691,9691.0,F,685,assign,0
9692,9692.0,O,49,assign,0
9693,9693.0,N,70,assign,0
9694,9694.0,H,467,assign,0
9695,9695.0,I,0,assign,0
9696,9696.0,G,449,assign,0
9697,9697.0,F,637,assign,0
9698,9698.0,D_Dupli,1901,assign,0
9699,9699.0,D_Dupli,1902,assign,0
9700,9700.0,A,0,assign,0
9701,9701.0,D_Dupli,1904,assign,0
9702,9702.0,D_Dupli,1905,assign,0
9703,9703.0,O,51,assign,0
9704,9704.0,I,0,assign,0
9705,9705.0,H,469,assign,0
9706,9706.0,G,450,assign,0
9707,9707.0,F,0,assign,0
9708,9708.0,N,73,assign,0
9709,9709.0,M,6,assign,0
9710,9710.0,H,470,assign,0
9711,9711.0,G,451,assign,0
9712,9712.0,F,690,assign,0
9713,9713.0,D_Dupli,1906,assign,0
9714,9714.0,D_Dupli,1908,assign,0
9715,9715.0,D_Dupli,1910,assign,0
9716,9716.0,D_Dupli,1912,assign,0
9717,9717.0,A,165,assign,0
9718,9718.0,I,4,assign,0
9719,9719.0,I,1,assign,0
9720,9720.0,G,452,assign,0
9721,9721.0,F,691,assign,0
9722,9722.0,H,471,assign,0
9723,9723.0,D_Dupli,1914,assign,0
9724,9724.0,D_Dupli,1915,assign,0
9725,9725.0,A,0,assign,0
9726,9726.0,D_Dupli,1917,assign,0
9727,9727.0,D_Dupli,1918,assign,0
9728,9728.0,I,1,assign,0
9729,9729.0,H,472,assign,0
9730,9730.0,G,453,assign,0
9731,9731.0,F,693,assign,0
9732,9732.0,D_Dupli,1919,assign,0
9733,9733.0,D_Dupli,1920,assign,0
9734,9734.0,A,0,assign,0
9735,9735.0,D_Dupli,1922,assign,0
9736,9736.0,D_Dupli,1923,assign,0
9737,9737.0,A,165,assign,0
9738,9738.0,D_Dupli,1924,assign,0
9739,9739.0,D_Dupli,1925,assign,0
9740,9740.0,D_Dupli,1927,assign,0
9741,9741.0,F,695,assign,0
9742,9742.0,H,473,assign,0
9743,9743.0,G,454,assign,0
9744,9744.0,I,28,assign,0
9745,9745.0,D_Dupli,1929,assign,0
9746,9746.0,A,4,assign,0
9747,9747.0,D_Dupli,1930,assign,0
9748,9748.0,D_Dupli,1931,assign,0
9749,9749.0,D_Dupli,1933,assign,0
9750,9750.0,F,697,assign,0
9751,9751.0,G,455,assign,0
9752,9752.0,H,474,assign,0
9753,9753.0,D_Dupli,1935,assign,0
9754,9754.0,I,28,assign,0
9755,9755.0,I,1,assign,0
9756,9756.0,D_Dupli,1936,assign,0
9757,9757.0,D_Dupli,1937,assign,0
9758,9758.0,D_Dupli,1939,assign,0
9759,9759.0,F,699,assign,0
9760,9760.0,G,456,assign,0
9761,9761.0,A,0,assign,0
9762,9762.0,D_Dupli,1941,assign,0
9763,9763.0,H,475,assign,0
9764,9764.0,D_Dupli,1942,assign,0
9765,9765.0,H,476,assign,0
9766,9766.0,I,0,assign,0
9767,9767.0,A,0,assign,0
9768,9768.0,F,701,assign,0
9769,9769.0,D_Dupli,1943,assign,0
9770,9770.0,D_Dupli,1945,assign,0
9771,9771.0,G,457,assign,0
9772,9772.0,D_Dupli,1947,assign,0
9773,9773.0,D_Dupli,1948,assign,0
9774,9774.0,A,0,assign,0
9775,9775.0,D_Dupli,1949,assign,0
9776,9776.0,D_Dupli,1950,assign,0
9777,9777.0,D_Dupli,1952,assign,0
9778,9778.0,F,703,assign,0
9779,9779.0,G,459,assign,0
9780,9780.0,I,28,assign,0
9781,9781.0,H,477,assign,0
9782,9782.0,D_Dupli,1954,assign,0
9783,9783.0,H,478,assign,0
9784,9784.0,A,0,assign,0
9785,9785.0,D_Dupli,1955,assign,0
9786,9786.0,D_Dupli,1957,assign,0
9787,9787.0,D_Dupli,1959,assign,0
9788,9788.0,F,705,assign,0
9789,9789.0,G,460,assign,0
9790,9790.0,I,28,assign,0
9791,9791.0,H,479,assign,0
9792,9792.0,A,0,assign,0
9793,9793.0,D_Dupli,1961,assign,0
9794,9794.0,D_Dupli,1962,assign,0
9795,9795.0,D_Dupli,955,assign,0
9796,9796.0,F,707,assign,0
9797,9797.0,G,461,assign,0
9798,9798.0,I,28,assign,0
9799,9799.0,D_Dupli,3,assign,0
9800,9800.0,G,462,assign,0
9801,9801.0,H,481,assign,0
9802,9802.0,I,0,assign,0
9803,9803.0,F,709,assign,0
9804,9804.0,D_Dupli,1967,assign,0
9805,9805.0,D_Dupli,1968,assign,0
9806,9806.0,D_Dupli,1970,assign,0
9807,9807.0,A,9,assign,0
9808,9808.0,D_Dupli,1972,assign,0
9809,9809.0,H,482,assign,0
9810,9810.0,I,0,assign,0
9811,9811.0,G,464,assign,0
9812,9812.0,F,711,assign,0
9813,9813.0,M,6,assign,0
9814,9814.0,O,52,assign,0
9815,9815.0,N,0,assign,0
9816,9816.0,I,4,assign,0
9817,9817.0,H,484,assign,0
9818,9818.0,G,465,assign,0
9819,9819.0,F,713,assign,0
9820,9820.0,D_Dupli,1973,assign,0
9821,9821.0,D_Dupli,1975,assign,0
9822,9822.0,D_Dupli,1977,assign,0
9823,9823.0,A,106,assign,0
9824,9824.0,D_Dupli,1978,assign,0
9825,9825.0,I,1,assign,0
9826,9826.0,G,466,assign,0
9827,9827.0,F,714,assign,0
9828,9828.0,H,485,assign,0
9829,9829.0,D_Dupli,1980,assign,0
9830,9830.0,D_Dupli,1981,assign,0
9831,9831.0,A,0,assign,0
9832,9832.0,D_Dupli,1983,assign,0
9833,9833.0,D_Dupli,3,assign,0
9834,9834.0,I,1,assign,0
9835,9835.0,H,486,assign,0
9836,9836.0,G,467,assign,0
9837,9837.0,F,716,assign,0
9838,9838.0,D_Dupli,1985,assign,0
9839,9839.0,D_Dupli,1986,assign,0
9840,9840.0,D_Dupli,1988,assign,0
9841,9841.0,A,9,assign,0
9842,9842.0,D_Dupli,1990,assign,0
9843,9843.0,M,1,assign,0
9844,9844.0,H,487,assign,0
9845,9845.0,I,28,assign,0
9846,9846.0,G,468,assign,0
9847,9847.0,N,77,assign,0
9848,9848.0,O,53,assign,0
9849,9849.0,D_Dupli,1991,assign,0
9850,9850.0,H,488,assign,0
9851,9851.0,F,718,assign,0
9852,9852.0,D_Dupli,1992,assign,0
9853,9853.0,D_Dupli,1993,assign,0
9854,9854.0,D_Dupli,1994,assign,0
9855,9855.0,A,106,assign,0
9856,9856.0,I,4,assign,0
9857,9857.0,F,719,assign,0
9858,9858.0,G,469,assign,0
9859,9859.0,G,470,assign,0
9860,9860.0,H,489,assign,0
9861,9861.0,A,0,assign,0
9862,9862.0,D_Dupli,1995,assign,0
9863,9863.0,D_Dupli,1996,assign,0
9864,9864.0,D_Dupli,1998,assign,0
9865,9865.0,D_Dupli,2000,assign,0
9866,9866.0,F,720,assign,0
9867,9867.0,I,28,assign,0
9868,9868.0,A,4,assign,0
9869,9869.0,D_Dupli,2002,assign,0
9870,9870.0,D_Dupli,2003,assign,0
9871,9871.0,D_Dupli,2005,assign,0
9872,9872.0,F,722,assign,0
9873,9873.0,G,472,assign,0
9874,9874.0,I,0,assign,0
9875,9875.0,D_Dupli,2007,assign,0
9876,9876.0,H,490,assign,0
9877,9877.0,A,4,assign,0
9878,9878.0,D_Dupli,2008,assign,0
9879,9879.0,D_Dupli,2009,assign,0
9880,9880.0,D_Dupli,2011,assign,0
9881,9881.0,F,724,assign,0
9882,9882.0,G,473,assign,0
9883,9883.0,H,491,assign,0
9884,9884.0,I,28,assign,0
9885,9885.0,D_Dupli,2013,assign,0
9886,9886.0,I,1,assign,0
9887,9887.0,H,492,assign,0
9888,9888.0,A,0,assign,0
9889,9889.0,D_Dupli,2014,assign,0
9890,9890.0,D_Dupli,2015,assign,0
9891,9891.0,D_Dupli,2017,assign,0
9892,9892.0,D_Dupli,2019,assign,0
9893,9893.0,F,726,assign,0
9894,9894.0,G,474,assign,0
9895,9895.0,A,4,assign,0
9896,9896.0,D_Dupli,2021,assign,0
9897,9897.0,D_Dupli,2022,assign,0
9898,9898.0,D_Dupli,2024,assign,0
9899,9899.0,D_Dupli,2026,assign,0
9900,9900.0,F,728,assign,0
9901,9901.0,G,475,assign,0
9902,9902.0,I,28,assign,0
9903,9903.0,H,493,assign,0
9904,9904.0,A,4,assign,0
9905,9905.0,H,494,assign,0
9906,9906.0,D_Dupli,2028,assign,0
9907,9907.0,D_Dupli,2029,assign,0
9908,9908.0,D_Dupli,2031,assign,0
9909,9909.0,D_Dupli,2033,assign,0
9910,9910.0,G,476,assign,0
9911,9911.0,I,28,assign,0
9912,9912.0,F,730,assign,0
9913,9913.0,I,1,assign,0
9914,9914.0,H,495,assign,0
9915,9915.0,F,732,assign,0
9916,9916.0,G,477,assign,0
9917,9917.0,D_Dupli,2035,assign,0
9918,9918.0,D_Dupli,2036,assign,0
9919,9919.0,A,0,assign,0
9920,9920.0,D_Dupli,2038,assign,0
9921,9921.0,D_Dupli,2039,assign,0
9922,9922.0,I,1,assign,0
9923,9923.0,A,0,assign,0
9924,9924.0,D_Dupli,2040,assign,0
9925,9925.0,D_Dupli,2041,assign,0
9926,9926.0,D_Dupli,2043,assign,0
9927,9927.0,D_Dupli,2045,assign,0
9928,9928.0,F,734,assign,0
9929,9929.0,H,496,assign,0
9930,9930.0,G,478,assign,0
9931,9931.0,D_Dupli,2047,assign,0
9932,9932.0,D_Dupli,2048,assign,0
9933,9933.0,A,0,assign,0
9934,9934.0,H,497,assign,0
9935,9935.0,I,0,assign,0
9936,9936.0,D_Dupli,2050,assign,0
9937,9937.0,F,736,assign,0
9938,9938.0,D_Dupli,2052,assign,0
9939,9939.0,G,480,assign,0
9940,9940.0,D_Dupli,2053,assign,0
9941,9941.0,A,0,assign,0
9942,9942.0,D_Dupli,2054,assign,0
9943,9943.0,D_Dupli,2055,assign,0
9944,9944.0,F,738,assign,0
9945,9945.0,G,482,assign,0
9946,9946.0,I,0,assign,0
9947,9947.0,H,498,assign,0
9948,9948.0,D_Dupli,2057,assign,0
9949,9949.0,D_Dupli,2058,assign,0
9950,9950.0,I,0,assign,0
9951,9951.0,D_Dupli,2059,assign,0
9952,9952.0,D_Dupli,2060,assign,0
9953,9953.0,A,0,assign,0
9954,9954.0,D_Dupli,2062,assign,0
9955,9955.0,G,483,assign,0
9956,9956.0,H,499,assign,0
9957,9957.0,F,740,assign,0
9958,9958.0,D_Dupli,2063,assign,0
9959,9959.0,A,0,assign,0
9960,9960.0,D_Dupli,2064,assign,0
9961,9961.0,G,484,assign,0
9962,9962.0,I,0,assign,0
9963,9963.0,D_Dupli,2065,assign,0
9964,9964.0,D_Dupli,2067,assign,0
9965,9965.0,F,742,assign,0
9966,9966.0,H,500,assign,0
9967,9967.0,D_Dupli,2069,assign,0
9968,9968.0,D_Dupli,2070,assign,0
9969,9969.0,A,0,assign,0
9970,9970.0,D_Dupli,2072,assign,0
9971,9971.0,H,501,assign,0
9972,9972.0,I,0,assign,0
9973,9973.0,G,485,assign,0
9974,9974.0,F,744,assign,0
9975,9975.0,D_Dupli,2074,assign,0
9976,9976.0,H,502,assign,0
9977,9977.0,I,0,assign,0
9978,9978.0,N,0,assign,0
9979,9979.0,F,746,assign,0
9980,9980.0,M,6,assign,0
9981,9981.0,O,54,assign,0
9982,9982.0,I,4,assign,0
9983,9983.0,G,486,assign,0
9984,9984.0,F,747,assign,0
9985,9985.0,D_Dupli,2075,assign,0
9986,9986.0,D_Dupli,2076,assign,0
9987,9987.0,D_Dupli,2078,assign,0
9988,9988.0,A,176,assign,0
9989,9989.0,G,487,assign,0
9990,9990.0,D_Dupli,2080,assign,0
9991,9991.0,H,504,assign,0
9992,9992.0,D_Dupli,2082,assign,0
9993,9993.0,A,0,assign,0
9994,9994.0,D_Dupli,2083,assign,0
9995,9995.0,F,748,assign,0
9996,9996.0,G,488,assign,0
9997,9997.0,H,505,assign,0
9998,9998.0,I,0,assign,0
9999,9999.0,D_Dupli,2084,assign,0
10000,10000.0,D_Dupli,2085,assign,0
10001,10001.0,D_Dupli,2086,assign,0
10002,10002.0,D_Dupli,2087,assign,0
10003,10003.0,D_Dupli,2089,assign,0
10004,10004.0,F,750,assign,0
10005,10005.0,G,489,assign,0
10006,10006.0,H,506,assign,0
10007,10007.0,I,0,assign,0
10008,10008.0,D_Dupli,2091,assign,0
10009,10009.0,A,9,assign,0
10010,10010.0,I,1,assign,0
10011,10011.0,H,507,assign,0
10012,10012.0,M,6,assign,0
10013,10013.0,O,55,assign,0
10014,10014.0,F,752,assign,0
10015,10015.0,G,490,assign,0
10016,10016.0,D_Dupli,2092,assign,0
10017,10017.0,I,4,assign,0
10018,10018.0,N,81,assign,0
10019,10019.0,G,491,assign,0
10020,10020.0,F,753,assign,0
10021,10021.0,D_Dupli,2093,assign,0
10022,10022.0,D_Dupli,2095,assign,0
10023,10023.0,D_Dupli,2097,assign,0
10024,10024.0,A,176,assign,0
10025,10025.0,H,508,assign,0
10026,10026.0,A,4,assign,0
10027,10027.0,D_Dupli,2099,assign,0
10028,10028.0,D_Dupli,2100,assign,0
10029,10029.0,D_Dupli,2102,assign,0
10030,10030.0,D_Dupli,2104,assign,0
10031,10031.0,H,509,assign,0
10032,10032.0,I,0,assign,0
10033,10033.0,G,492,assign,0
10034,10034.0,F,754,assign,0
10035,10035.0,D_Dupli,2106,assign,0
10036,10036.0,D_Dupli,2107,assign,0
10037,10037.0,D_Dupli,2109,assign,0
10038,10038.0,F,756,assign,0
10039,10039.0,G,494,assign,0
10040,10040.0,H,510,assign,0
10041,10041.0,I,0,assign,0
10042,10042.0,A,9,assign,0
10043,10043.0,D_Dupli,2111,assign,0
10044,10044.0,H,511,assign,0
10045,10045.0,G,495,assign,0
10046,10046.0,F,758,assign,0
10047,10047.0,I,0,assign,0
10048,10048.0,D_Dupli,2112,assign,0
10049,10049.0,D_Dupli,2113,assign,0
10050,10050.0,D_Dupli,2115,assign,0
10051,10051.0,A,9,assign,0
10052,10052.0,D_Dupli,2117,assign,0
10053,10053.0,H,513,assign,0
10054,10054.0,G,496,assign,0
10055,10055.0,F,760,assign,0
10056,10056.0,I,0,assign,0
10057,10057.0,D_Dupli,2118,assign,0
10058,10058.0,D_Dupli,2119,assign,0
10059,10059.0,D_Dupli,2121,assign,0
10060,10060.0,D_Dupli,2123,assign,0
10061,10061.0,A,9,assign,0
10062,10062.0,A,4,assign,0
10063,10063.0,D_Dupli,2124,assign,0
10064,10064.0,D_Dupli,2125,assign,0
10065,10065.0,D_Dupli,2127,assign,0
10066,10066.0,F,762,assign,0
10067,10067.0,G,497,assign,0
10068,10068.0,I,0,assign,0
10069,10069.0,H,515,assign,0
10070,10070.0,D_Dupli,2129,assign,0
10071,10071.0,D_Dupli,2130,assign,0
10072,10072.0,J,0,assign,0
10073,10073.0,H,516,assign,0
10074,10074.0,I,28,assign,0
10075,10075.0,G,498,assign,0
10076,10076.0,F,764,assign,0
10077,10077.0,D_Dupli,2131,assign,0
10078,10078.0,D_Dupli,2132,assign,0
10079,10079.0,A,9,assign,0
10080,10080.0,D_Dupli,2133,assign,0
10081,10081.0,G,499,assign,0
10082,10082.0,H,517,assign,0
10083,10083.0,I,4,assign,0
10084,10084.0,K,35,assign,0
10085,10085.0,F,765,assign,0
10086,10086.0,D_Dupli,2134,assign,0
10087,10087.0,A,0,assign,0
10088,10088.0,D_Dupli,2135,assign,0
10089,10089.0,D_Dupli,2136,assign,0
10090,10090.0,D_Dupli,2138,assign,0
10091,10091.0,F,766,assign,0
10092,10092.0,G,500,assign,0
10093,10093.0,H,518,assign,0
10094,10094.0,I,28,assign,0
10095,10095.0,D_Dupli,2140,assign,0
10096,10096.0,H,519,assign,0
10097,10097.0,I,0,assign,0
10098,10098.0,G,501,assign,0
10099,10099.0,F,768,assign,0
10100,10100.0,A,0,assign,0
10101,10101.0,D_Dupli,2141,assign,0
10102,10102.0,D_Dupli,2143,assign,0
10103,10103.0,D_Dupli,2144,assign,0
10104,10104.0,G,502,assign,0
10105,10105.0,F,770,assign,0
10106,10106.0,D_Dupli,2145,assign,0
10107,10107.0,D_Dupli,2146,assign,0
10108,10108.0,D_Dupli,2148,assign,0
10109,10109.0,A,0,assign,0
10110,10110.0,I,0,assign,0
10111,10111.0,D_Dupli,2150,assign,0
10112,10112.0,H,520,assign,0
10113,10113.0,D_Dupli,2151,assign,0
10114,10114.0,A,0,assign,0
10115,10115.0,D_Dupli,2152,assign,0
10116,10116.0,D_Dupli,2153,assign,0
10117,10117.0,D_Dupli,2155,assign,0
10118,10118.0,F,772,assign,0
10119,10119.0,G,504,assign,0
10120,10120.0,H,521,assign,0
10121,10121.0,I,28,assign,0
10122,10122.0,D_Dupli,2157,assign,0
10123,10123.0,G,505,assign,0
10124,10124.0,F,774,assign,0
10125,10125.0,D_Dupli,2158,assign,0
10126,10126.0,D_Dupli,2160,assign,0
10127,10127.0,D_Dupli,2162,assign,0
10128,10128.0,H,522,assign,0
10129,10129.0,I,28,assign,0
10130,10130.0,A,9,assign,0
10131,10131.0,G,506,assign,0
10132,10132.0,I,0,assign,0
10133,10133.0,H,523,assign,0
10134,10134.0,D_Dupli,2164,assign,0
10135,10135.0,D_Dupli,2165,assign,0
10136,10136.0,D_Dupli,2167,assign,0
10137,10137.0,A,0,assign,0
10138,10138.0,F,776,assign,0
10139,10139.0,D_Dupli,2169,assign,0
10140,10140.0,D_Dupli,2170,assign,0
10141,10141.0,I,0,assign,0
10142,10142.0,G,508,assign,0
10143,10143.0,F,778,assign,0
10144,10144.0,D_Dupli,2171,assign,0
10145,10145.0,D_Dupli,2173,assign,0
10146,10146.0,A,0,assign,0
10147,10147.0,D_Dupli,2175,assign,0
10148,10148.0,H,524,assign,0
10149,10149.0,D_Dupli,2176,assign,0
10150,10150.0,D_Dupli,2177,assign,0
10151,10151.0,A,0,assign,0
10152,10152.0,F,780,assign,0
10153,10153.0,D_Dupli,2179,assign,0
10154,10154.0,D_Dupli,2181,assign,0
10155,10155.0,H,525,assign,0
10156,10156.0,I,28,assign,0
10157,10157.0,G,509,assign,0
10158,10158.0,D_Dupli,2183,assign,0
10159,10159.0,A,0,assign,0
10160,10160.0,D_Dupli,2184,assign,0
10161,10161.0,D_Dupli,2185,assign,0
10162,10162.0,D_Dupli,2187,assign,0
10163,10163.0,F,782,assign,0
10164,10164.0,G,511,assign,0
10165,10165.0,H,526,assign,0
10166,10166.0,I,28,assign,0
10167,10167.0,I,1,assign,0
10168,10168.0,H,527,assign,0
10169,10169.0,G,512,assign,0
10170,10170.0,F,784,assign,0
10171,10171.0,D_Dupli,2189,assign,0
10172,10172.0,D_Dupli,2190,assign,0
10173,10173.0,D_Dupli,2192,assign,0
10174,10174.0,D_Dupli,2194,assign,0
10175,10175.0,A,9,assign,0
10176,10176.0,D_Dupli,2195,assign,0
10177,10177.0,D_Dupli,2196,assign,0
10178,10178.0,A,0,assign,0
10179,10179.0,D_Dupli,2198,assign,0
10180,10180.0,D_Dupli,826,assign,0
10181,10181.0,F,786,assign,0
10182,10182.0,G,513,assign,0
10183,10183.0,H,528,assign,0
10184,10184.0,I,28,assign,0
10185,10185.0,A,4,assign,0
10186,10186.0,D_Dupli,2203,assign,0
10187,10187.0,D_Dupli,0,assign,0
10188,10188.0,D_Dupli,2203,assign,0
10189,10189.0,D_Dupli,0,assign,0
10190,10190.0,H,529,assign,0
10191,10191.0,I,0,assign,0
10192,10192.0,F,788,assign,0
10193,10193.0,N,2,assign,0
10194,10194.0,O,56,assign,0
10195,10195.0,M,6,assign,0
10196,10196.0,I,4,assign,0
10197,10197.0,H,530,assign,0
10198,10198.0,G,514,assign,0
10199,10199.0,F,790,assign,0
10200,10200.0,K,36,assign,0
10201,10201.0,J,0,assign,0
10202,10202.0,H,531,assign,0
10203,10203.0,I,4,assign,0
10204,10204.0,G,515,assign,0
10205,10205.0,F,791,assign,0
10206,10206.0,G,516,assign,0
10207,10207.0,H,532,assign,0
10208,10208.0,I,0,assign,0
10209,10209.0,G,517,assign,0
10210,10210.0,F,792,assign,0
10211,10211.0,D_Dupli,2210,assign,0
10212,10212.0,D_Dupli,2210,assign,0
10213,10213.0,D_Dupli,2212,assign,0
10214,10214.0,A,9,assign,0
10215,10215.0,D_Dupli,2214,assign,0
10216,10216.0,D_Dupli,2215,assign,0
10217,10217.0,A,0,assign,0
10218,10218.0,D_Dupli,2216,assign,0
10219,10219.0,D_Dupli,2217,assign,0
10220,10220.0,I,0,assign,0
10221,10221.0,F,794,assign,0
10222,10222.0,D_Dupli,2219,assign,0
10223,10223.0,G,518,assign,0
10224,10224.0,H,534,assign,0
10225,10225.0,H,535,assign,0
10226,10226.0,G,520,assign,0
10227,10227.0,F,796,assign,0
10228,10228.0,D_Dupli,2220,assign,0
10229,10229.0,D_Dupli,2221,assign,0
10230,10230.0,D_Dupli,2223,assign,0
10231,10231.0,D_Dupli,2225,assign,0
10232,10232.0,A,9,assign,0
10233,10233.0,I,28,assign,0
10234,10234.0,I,1,assign,0
10235,10235.0,G,521,assign,0
10236,10236.0,F,798,assign,0
10237,10237.0,D_Dupli,2227,assign,0
10238,10238.0,D_Dupli,2228,assign,0
10239,10239.0,D_Dupli,2230,assign,0
10240,10240.0,A,0,assign,0
10241,10241.0,D_Dupli,2232,assign,0
10242,10242.0,H,537,assign,0
10243,10243.0,I,1,assign,0
10244,10244.0,H,538,assign,0
10245,10245.0,G,522,assign,0
10246,10246.0,F,800,assign,0
10247,10247.0,D_Dupli,2233,assign,0
10248,10248.0,D_Dupli,2234,assign,0
10249,10249.0,A,0,assign,0
10250,10250.0,D_Dupli,2236,assign,0
10251,10251.0,D_Dupli,2237,assign,0
10252,10252.0,D_Dupli,2238,assign,0
10253,10253.0,D_Dupli,2239,assign,0
10254,10254.0,A,0,assign,0
10255,10255.0,D_Dupli,2241,assign,0
10256,10256.0,I,0,assign,0
10257,10257.0,H,539,assign,0
10258,10258.0,G,523,assign,0
10259,10259.0,F,802,assign,0
10260,10260.0,D_Dupli,2243,assign,0
10261,10261.0,D_Dupli,2244,assign,0
10262,10262.0,A,0,assign,0
10263,10263.0,I,0,assign,0
10264,10264.0,H,540,assign,0
10265,10265.0,D_Dupli,2245,assign,0
10266,10266.0,F,804,assign,0
10267,10267.0,M,6,assign,0
10268,10268.0,O,57,assign,0
10269,10269.0,G,524,assign,0
10270,10270.0,I,4,assign,0
10271,10271.0,H,541,assign,0
10272,10272.0,G,526,assign,0
10273,10273.0,F,806,assign,0
10274,10274.0,D_Dupli,2247,assign,0
10275,10275.0,D_Dupli,2248,assign,0
10276,10276.0,N,85,assign,0
10277,10277.0,D_Dupli,2249,assign,0
10278,10278.0,A,0,assign,0
10279,10279.0,D_Dupli,2250,assign,0
10280,10280.0,D_Dupli,2251,assign,0
10281,10281.0,D_Dupli,2253,assign,0
10282,10282.0,F,807,assign,0
10283,10283.0,H,542,assign,0
10284,10284.0,I,28,assign,0
10285,10285.0,G,527,assign,0
10286,10286.0,F,809,assign,0
10287,10287.0,D_Dupli,2255,assign,0
10288,10288.0,D_Dupli,2256,assign,0
10289,10289.0,H,543,assign,0
10290,10290.0,D_Dupli,2258,assign,0
10291,10291.0,G,529,assign,0
10292,10292.0,I,0,assign,0
10293,10293.0,D_Dupli,2260,assign,0
10294,10294.0,A,9,assign,0
10295,10295.0,H,544,assign,0
10296,10296.0,I,0,assign,0
10297,10297.0,F,810,assign,0
10298,10298.0,D_Dupli,2261,assign,0
10299,10299.0,D_Dupli,2262,assign,0
10300,10300.0,D_Dupli,2264,assign,0
10301,10301.0,D_Dupli,2266,assign,0
10302,10302.0,A,9,assign,0
10303,10303.0,G,530,assign,0
10304,10304.0,A,4,assign,0
10305,10305.0,D_Dupli,2268,assign,0
10306,10306.0,D_Dupli,2269,assign,0
10307,10307.0,D_Dupli,2271,assign,0
10308,10308.0,D_Dupli,2273,assign,0
10309,10309.0,I,0,assign,0
10310,10310.0,F,812,assign,0
10311,10311.0,H,546,assign,0
10312,10312.0,I,4,assign,0
10313,10313.0,G,131,assign,0
10314,10314.0,G,535,assign,0
10315,10315.0,K,37,assign,0
10316,10316.0,J,0,assign,0
10317,10317.0,H,547,assign,0
10318,10318.0,F,814,assign,0
10319,10319.0,A,4,assign,0
10320,10320.0,D_Dupli,2275,assign,0
10321,10321.0,D_Dupli,2276,assign,0
10322,10322.0,D_Dupli,2278,assign,0
10323,10323.0,F,815,assign,0
10324,10324.0,G,0,assign,0
6043,2025-07-03T01:56:03.885051,G,0,split,3244
10324,2025-07-03T01:56:03.885051,G,536,split,3244
10325,10325.0,I,0,assign,0
10326,10326.0,H,548,assign,0
10327,10327.0,D_Dupli,2280,assign,0
10328,10328.0,F,817,assign,0
10329,10329.0,D_Dupli,2281,assign,0
10330,10330.0,I,0,assign,0
10331,10331.0,G,535,assign,0
10332,10332.0,D_Dupli,2282,assign,0
10333,10333.0,A,0,assign,0
10334,10334.0,D_Dupli,2284,assign,0
10335,10335.0,H,549,assign,0
10336,10336.0,D_Dupli,2286,assign,0
10337,10337.0,D_Dupli,2287,assign,0
10338,10338.0,I,0,assign,0
10339,10339.0,H,550,assign,0
10340,10340.0,G,0,assign,0
10341,10341.0,F,818,assign,0
10342,10342.0,D_Dupli,2288,assign,0
10343,10343.0,D_Dupli,2290,assign,0
10344,10344.0,A,9,assign,0
10345,10345.0,D_Dupli,2292,assign,0
10346,10346.0,D_Dupli,2293,assign,0
10347,10347.0,D_Dupli,2294,assign,0
10348,10348.0,I,0,assign,0
6045,2025-07-03T01:56:03.971977,I,0,split,3264
6100,2025-07-03T01:56:03.971977,I,0,split,3264
6133,2025-07-03T01:56:03.971977,I,0,split,3264
6208,2025-07-03T01:56:03.971977,I,0,split,3264
6259,2025-07-03T01:56:03.971977,I,0,split,3264
6279,2025-07-03T01:56:03.971977,I,0,split,3264
6295,2025-07-03T01:56:03.971977,I,0,split,3264
6305,2025-07-03T01:56:03.971977,I,0,split,3264
6330,2025-07-03T01:56:03.971977,I,0,split,3264
6347,2025-07-03T01:56:03.971977,I,0,split,3264
6352,2025-07-03T01:56:03.971977,I,0,split,3264
6366,2025-07-03T01:56:03.971977,I,0,split,3264
6375,2025-07-03T01:56:03.971977,I,0,split,3264
6389,2025-07-03T01:56:03.971977,I,0,split,3264
6415,2025-07-03T01:56:03.971977,I,0,split,3264
6473,2025-07-03T01:56:03.971977,I,0,split,3264
6505,2025-07-03T01:56:03.971977,I,0,split,3264
6561,2025-07-03T01:56:03.971977,I,0,split,3264
6587,2025-07-03T01:56:03.971977,I,0,split,3264
6600,2025-07-03T01:56:03.971977,I,0,split,3264
6609,2025-07-03T01:56:03.971977,I,0,split,3264
6626,2025-07-03T01:56:03.971977,I,0,split,3264
6634,2025-07-03T01:56:03.971977,I,0,split,3264
6665,2025-07-03T01:56:03.971977,I,0,split,3264
6695,2025-07-03T01:56:03.971977,I,0,split,3264
6733,2025-07-03T01:56:03.971977,I,0,split,3264
6770,2025-07-03T01:56:03.971977,I,0,split,3264
6787,2025-07-03T01:56:03.971977,I,0,split,3264
6842,2025-07-03T01:56:03.971977,I,0,split,3264
6862,2025-07-03T01:56:03.971977,I,0,split,3264
6873,2025-07-03T01:56:03.971977,I,0,split,3264
6877,2025-07-03T01:56:03.971977,I,0,split,3264
6892,2025-07-03T01:56:03.971977,I,0,split,3264
6933,2025-07-03T01:56:03.971977,I,0,split,3264
6953,2025-07-03T01:56:03.971977,I,0,split,3264
6971,2025-07-03T01:56:03.971977,I,0,split,3264
6978,2025-07-03T01:56:03.971977,I,0,split,3264
6998,2025-07-03T01:56:03.971977,I,0,split,3264
7044,2025-07-03T01:56:03.971977,I,0,split,3264
7056,2025-07-03T01:56:03.971977,I,0,split,3264
7061,2025-07-03T01:56:03.971977,I,0,split,3264
7083,2025-07-03T01:56:03.971977,I,0,split,3264
7111,2025-07-03T01:56:03.971977,I,0,split,3264
7120,2025-07-03T01:56:03.971977,I,0,split,3264
7128,2025-07-03T01:56:03.971977,I,0,split,3264
7159,2025-07-03T01:56:03.971977,I,0,split,3264
7172,2025-07-03T01:56:03.971977,I,0,split,3264
7180,2025-07-03T01:56:03.971977,I,0,split,3264
7201,2025-07-03T01:56:03.971977,I,0,split,3264
7221,2025-07-03T01:56:03.971977,I,0,split,3264
7246,2025-07-03T01:56:03.971977,I,0,split,3264
7255,2025-07-03T01:56:03.971977,I,0,split,3264
7264,2025-07-03T01:56:03.971977,I,0,split,3264
7276,2025-07-03T01:56:03.971977,I,0,split,3264
7288,2025-07-03T01:56:03.971977,I,0,split,3264
7307,2025-07-03T01:56:03.971977,I,0,split,3264
7393,2025-07-03T01:56:03.971977,I,0,split,3264
7402,2025-07-03T01:56:03.971977,I,0,split,3264
7446,2025-07-03T01:56:03.971977,I,0,split,3264
7465,2025-07-03T01:56:03.971977,I,0,split,3264
7474,2025-07-03T01:56:03.971977,I,0,split,3264
7483,2025-07-03T01:56:03.971977,I,0,split,3264
7497,2025-07-03T01:56:03.971977,I,0,split,3264
7509,2025-07-03T01:56:03.971977,I,0,split,3264
7515,2025-07-03T01:56:03.971977,I,0,split,3264
7528,2025-07-03T01:56:03.971977,I,0,split,3264
7545,2025-07-03T01:56:03.971977,I,0,split,3264
7552,2025-07-03T01:56:03.971977,I,0,split,3264
7571,2025-07-03T01:56:03.971977,I,0,split,3264
7588,2025-07-03T01:56:03.971977,I,0,split,3264
7606,2025-07-03T01:56:03.971977,I,0,split,3264
7710,2025-07-03T01:56:03.971977,I,0,split,3264
7721,2025-07-03T01:56:03.971977,I,0,split,3264
7750,2025-07-03T01:56:03.971977,I,0,split,3264
7766,2025-07-03T01:56:03.971977,I,0,split,3264
7786,2025-07-03T01:56:03.971977,I,0,split,3264
7824,2025-07-03T01:56:03.971977,I,0,split,3264
7859,2025-07-03T01:56:03.971977,I,0,split,3264
7896,2025-07-03T01:56:03.971977,I,0,split,3264
7916,2025-07-03T01:56:03.971977,I,0,split,3264
7928,2025-07-03T01:56:03.971977,I,0,split,3264
7953,2025-07-03T01:56:03.971977,I,0,split,3264
7982,2025-07-03T01:56:03.971977,I,0,split,3264
7996,2025-07-03T01:56:03.971977,I,0,split,3264
8092,2025-07-03T01:56:03.971977,I,0,split,3264
8115,2025-07-03T01:56:03.971977,I,0,split,3264
8123,2025-07-03T01:56:03.971977,I,0,split,3264
8156,2025-07-03T01:56:03.971977,I,0,split,3264
8165,2025-07-03T01:56:03.971977,I,0,split,3264
8192,2025-07-03T01:56:03.971977,I,0,split,3264
8200,2025-07-03T01:56:03.971977,I,0,split,3264
8227,2025-07-03T01:56:03.971977,I,0,split,3264
8252,2025-07-03T01:56:03.971977,I,0,split,3264
8262,2025-07-03T01:56:03.971977,I,0,split,3264
8285,2025-07-03T01:56:03.971977,I,0,split,3264
8326,2025-07-03T01:56:03.971977,I,0,split,3264
8355,2025-07-03T01:56:03.971977,I,0,split,3264
8385,2025-07-03T01:56:03.971977,I,0,split,3264
8392,2025-07-03T01:56:03.971977,I,0,split,3264
8404,2025-07-03T01:56:03.971977,I,0,split,3264
8434,2025-07-03T01:56:03.971977,I,0,split,3264
8441,2025-07-03T01:56:03.971977,I,0,split,3264
8454,2025-07-03T01:56:03.971977,I,0,split,3264
8462,2025-07-03T01:56:03.971977,I,0,split,3264
8481,2025-07-03T01:56:03.971977,I,0,split,3264
8523,2025-07-03T01:56:03.971977,I,0,split,3264
8532,2025-07-03T01:56:03.971977,I,0,split,3264
8544,2025-07-03T01:56:03.971977,I,0,split,3264
8550,2025-07-03T01:56:03.971977,I,0,split,3264
8568,2025-07-03T01:56:03.971977,I,0,split,3264
8577,2025-07-03T01:56:03.971977,I,0,split,3264
8614,2025-07-03T01:56:03.971977,I,0,split,3264
8717,2025-07-03T01:56:03.971977,I,0,split,3264
8731,2025-07-03T01:56:03.971977,I,0,split,3264
8736,2025-07-03T01:56:03.971977,I,0,split,3264
8754,2025-07-03T01:56:03.971977,I,0,split,3264
8770,2025-07-03T01:56:03.971977,I,0,split,3264
8782,2025-07-03T01:56:03.971977,I,0,split,3264
8800,2025-07-03T01:56:03.971977,I,0,split,3264
8817,2025-07-03T01:56:03.971977,I,0,split,3264
8864,2025-07-03T01:56:03.971977,I,0,split,3264
8882,2025-07-03T01:56:03.971977,I,0,split,3264
8902,2025-07-03T01:56:03.971977,I,0,split,3264
8933,2025-07-03T01:56:03.971977,I,0,split,3264
8998,2025-07-03T01:56:03.971977,I,0,split,3264
9002,2025-07-03T01:56:03.971977,I,0,split,3264
9011,2025-07-03T01:56:03.971977,I,0,split,3264
9026,2025-07-03T01:56:03.971977,I,0,split,3264
9047,2025-07-03T01:56:03.971977,I,0,split,3264
9052,2025-07-03T01:56:03.971977,I,0,split,3264
9060,2025-07-03T01:56:03.971977,I,0,split,3264
9074,2025-07-03T01:56:03.971977,I,0,split,3264
9078,2025-07-03T01:56:03.971977,I,0,split,3264
9087,2025-07-03T01:56:03.971977,I,0,split,3264
9119,2025-07-03T01:56:03.971977,I,0,split,3264
9143,2025-07-03T01:56:03.971977,I,0,split,3264
9164,2025-07-03T01:56:03.971977,I,0,split,3264
9170,2025-07-03T01:56:03.971977,I,0,split,3264
9180,2025-07-03T01:56:03.971977,I,0,split,3264
9191,2025-07-03T01:56:03.971977,I,0,split,3264
9218,2025-07-03T01:56:03.971977,I,0,split,3264
9225,2025-07-03T01:56:03.971977,I,0,split,3264
9231,2025-07-03T01:56:03.971977,I,0,split,3264
9247,2025-07-03T01:56:03.971977,I,0,split,3264
9274,2025-07-03T01:56:03.971977,I,0,split,3264
9283,2025-07-03T01:56:03.971977,I,0,split,3264
9301,2025-07-03T01:56:03.971977,I,0,split,3264
9335,2025-07-03T01:56:03.971977,I,0,split,3264
9359,2025-07-03T01:56:03.971977,I,0,split,3264
9368,2025-07-03T01:56:03.971977,I,0,split,3264
9379,2025-07-03T01:56:03.971977,I,0,split,3264
9407,2025-07-03T01:56:03.971977,I,0,split,3264
9413,2025-07-03T01:56:03.971977,I,0,split,3264
9422,2025-07-03T01:56:03.971977,I,0,split,3264
9450,2025-07-03T01:56:03.971977,I,0,split,3264
9459,2025-07-03T01:56:03.971977,I,0,split,3264
9498,2025-07-03T01:56:03.971977,I,0,split,3264
9521,2025-07-03T01:56:03.971977,I,0,split,3264
9549,2025-07-03T01:56:03.971977,I,0,split,3264
9582,2025-07-03T01:56:03.971977,I,0,split,3264
9605,2025-07-03T01:56:03.971977,I,0,split,3264
9620,2025-07-03T01:56:03.971977,I,0,split,3264
9631,2025-07-03T01:56:03.971977,I,0,split,3264
9640,2025-07-03T01:56:03.971977,I,0,split,3264
9659,2025-07-03T01:56:03.971977,I,0,split,3264
9664,2025-07-03T01:56:03.971977,I,0,split,3264
9695,2025-07-03T01:56:03.971977,I,0,split,3264
9704,2025-07-03T01:56:03.971977,I,0,split,3264
9766,2025-07-03T01:56:03.971977,I,0,split,3264
9802,2025-07-03T01:56:03.971977,I,0,split,3264
9810,2025-07-03T01:56:03.971977,I,0,split,3264
9874,2025-07-03T01:56:03.971977,I,0,split,3264
9935,2025-07-03T01:56:03.971977,I,0,split,3264
9946,2025-07-03T01:56:03.971977,I,0,split,3264
9950,2025-07-03T01:56:03.971977,I,0,split,3264
9962,2025-07-03T01:56:03.971977,I,0,split,3264
9972,2025-07-03T01:56:03.971977,I,0,split,3264
9977,2025-07-03T01:56:03.971977,I,0,split,3264
9998,2025-07-03T01:56:03.971977,I,0,split,3264
10007,2025-07-03T01:56:03.971977,I,0,split,3264
10032,2025-07-03T01:56:03.971977,I,0,split,3264
10041,2025-07-03T01:56:03.971977,I,0,split,3264
10047,2025-07-03T01:56:03.971977,I,0,split,3264
10056,2025-07-03T01:56:03.971977,I,0,split,3264
10068,2025-07-03T01:56:03.971977,I,0,split,3264
10097,2025-07-03T01:56:03.971977,I,0,split,3264
10110,2025-07-03T01:56:03.971977,I,0,split,3264
10132,2025-07-03T01:56:03.971977,I,0,split,3264
10141,2025-07-03T01:56:03.971977,I,0,split,3264
10191,2025-07-03T01:56:03.971977,I,0,split,3264
10208,2025-07-03T01:56:03.971977,I,0,split,3264
10220,2025-07-03T01:56:03.971977,I,0,split,3264
10256,2025-07-03T01:56:03.971977,I,0,split,3264
10263,2025-07-03T01:56:03.971977,I,0,split,3264
10292,2025-07-03T01:56:03.971977,I,0,split,3264
10296,2025-07-03T01:56:03.971977,I,0,split,3264
10309,2025-07-03T01:56:03.971977,I,0,split,3264
10325,2025-07-03T01:56:03.971977,I,0,split,3264
10330,2025-07-03T01:56:03.971977,I,0,split,3264
10338,2025-07-03T01:56:03.971977,I,0,split,3264
10348,2025-07-03T01:56:03.971977,I,0,split,3264
10349,10349.0,H,551,assign,0
10350,10350.0,G,0,assign,0
10351,10351.0,A,0,assign,0
6050,2025-07-03T01:56:04.026595,A,0,split,3267
6085,2025-07-03T01:56:04.026595,A,0,split,3267
6110,2025-07-03T01:56:04.026595,A,0,split,3267
6123,2025-07-03T01:56:04.026595,A,0,split,3267
6157,2025-07-03T01:56:04.026595,A,0,split,3267
6210,2025-07-03T01:56:04.026595,A,0,split,3267
6294,2025-07-03T01:56:04.026595,A,0,split,3267
6382,2025-07-03T01:56:04.026595,A,0,split,3267
6402,2025-07-03T01:56:04.026595,A,0,split,3267
6406,2025-07-03T01:56:04.026595,A,0,split,3267
6484,2025-07-03T01:56:04.026595,A,0,split,3267
6501,2025-07-03T01:56:04.026595,A,0,split,3267
6519,2025-07-03T01:56:04.026595,A,0,split,3267
6528,2025-07-03T01:56:04.026595,A,0,split,3267
6545,2025-07-03T01:56:04.026595,A,0,split,3267
6565,2025-07-03T01:56:04.026595,A,0,split,3267
6569,2025-07-03T01:56:04.026595,A,0,split,3267
6592,2025-07-03T01:56:04.026595,A,0,split,3267
6598,2025-07-03T01:56:04.026595,A,0,split,3267
6684,2025-07-03T01:56:04.026595,A,0,split,3267
6698,2025-07-03T01:56:04.026595,A,0,split,3267
6724,2025-07-03T01:56:04.026595,A,0,split,3267
6738,2025-07-03T01:56:04.026595,A,0,split,3267
6752,2025-07-03T01:56:04.026595,A,0,split,3267
6790,2025-07-03T01:56:04.026595,A,0,split,3267
6805,2025-07-03T01:56:04.026595,A,0,split,3267
6820,2025-07-03T01:56:04.026595,A,0,split,3267
6846,2025-07-03T01:56:04.026595,A,0,split,3267
6897,2025-07-03T01:56:04.026595,A,0,split,3267
6929,2025-07-03T01:56:04.026595,A,0,split,3267
6951,2025-07-03T01:56:04.026595,A,0,split,3267
6994,2025-07-03T01:56:04.026595,A,0,split,3267
7043,2025-07-03T01:56:04.026595,A,0,split,3267
7071,2025-07-03T01:56:04.026595,A,0,split,3267
7090,2025-07-03T01:56:04.026595,A,0,split,3267
7097,2025-07-03T01:56:04.026595,A,0,split,3267
7115,2025-07-03T01:56:04.026595,A,0,split,3267
7219,2025-07-03T01:56:04.026595,A,0,split,3267
7228,2025-07-03T01:56:04.026595,A,0,split,3267
7250,2025-07-03T01:56:04.026595,A,0,split,3267
7273,2025-07-03T01:56:04.026595,A,0,split,3267
7319,2025-07-03T01:56:04.026595,A,0,split,3267
7355,2025-07-03T01:56:04.026595,A,0,split,3267
7443,2025-07-03T01:56:04.026595,A,0,split,3267
7451,2025-07-03T01:56:04.026595,A,0,split,3267
7463,2025-07-03T01:56:04.026595,A,0,split,3267
7576,2025-07-03T01:56:04.026595,A,0,split,3267
7616,2025-07-03T01:56:04.026595,A,0,split,3267
7629,2025-07-03T01:56:04.026595,A,0,split,3267
7658,2025-07-03T01:56:04.026595,A,0,split,3267
7672,2025-07-03T01:56:04.026595,A,0,split,3267
7706,2025-07-03T01:56:04.026595,A,0,split,3267
7765,2025-07-03T01:56:04.026595,A,0,split,3267
7775,2025-07-03T01:56:04.026595,A,0,split,3267
7783,2025-07-03T01:56:04.026595,A,0,split,3267
7797,2025-07-03T01:56:04.026595,A,0,split,3267
7827,2025-07-03T01:56:04.026595,A,0,split,3267
7832,2025-07-03T01:56:04.026595,A,0,split,3267
7873,2025-07-03T01:56:04.026595,A,0,split,3267
7882,2025-07-03T01:56:04.026595,A,0,split,3267
7908,2025-07-03T01:56:04.026595,A,0,split,3267
8000,2025-07-03T01:56:04.026595,A,0,split,3267
8011,2025-07-03T01:56:04.026595,A,0,split,3267
8043,2025-07-03T01:56:04.026595,A,0,split,3267
8065,2025-07-03T01:56:04.026595,A,0,split,3267
8112,2025-07-03T01:56:04.026595,A,0,split,3267
8122,2025-07-03T01:56:04.026595,A,0,split,3267
8128,2025-07-03T01:56:04.026595,A,0,split,3267
8137,2025-07-03T01:56:04.026595,A,0,split,3267
8159,2025-07-03T01:56:04.026595,A,0,split,3267
8187,2025-07-03T01:56:04.026595,A,0,split,3267
8196,2025-07-03T01:56:04.026595,A,0,split,3267
8205,2025-07-03T01:56:04.026595,A,0,split,3267
8209,2025-07-03T01:56:04.026595,A,0,split,3267
8221,2025-07-03T01:56:04.026595,A,0,split,3267
8232,2025-07-03T01:56:04.026595,A,0,split,3267
8255,2025-07-03T01:56:04.026595,A,0,split,3267
8271,2025-07-03T01:56:04.026595,A,0,split,3267
8294,2025-07-03T01:56:04.026595,A,0,split,3267
8304,2025-07-03T01:56:04.026595,A,0,split,3267
8323,2025-07-03T01:56:04.026595,A,0,split,3267
8347,2025-07-03T01:56:04.026595,A,0,split,3267
8409,2025-07-03T01:56:04.026595,A,0,split,3267
8436,2025-07-03T01:56:04.026595,A,0,split,3267
8443,2025-07-03T01:56:04.026595,A,0,split,3267
8467,2025-07-03T01:56:04.026595,A,0,split,3267
8476,2025-07-03T01:56:04.026595,A,0,split,3267
8492,2025-07-03T01:56:04.026595,A,0,split,3267
8526,2025-07-03T01:56:04.026595,A,0,split,3267
8564,2025-07-03T01:56:04.026595,A,0,split,3267
8582,2025-07-03T01:56:04.026595,A,0,split,3267
8595,2025-07-03T01:56:04.026595,A,0,split,3267
8638,2025-07-03T01:56:04.026595,A,0,split,3267
8720,2025-07-03T01:56:04.026595,A,0,split,3267
8789,2025-07-03T01:56:04.026595,A,0,split,3267
8810,2025-07-03T01:56:04.026595,A,0,split,3267
8819,2025-07-03T01:56:04.026595,A,0,split,3267
8869,2025-07-03T01:56:04.026595,A,0,split,3267
8897,2025-07-03T01:56:04.026595,A,0,split,3267
8919,2025-07-03T01:56:04.026595,A,0,split,3267
8924,2025-07-03T01:56:04.026595,A,0,split,3267
8937,2025-07-03T01:56:04.026595,A,0,split,3267
8947,2025-07-03T01:56:04.026595,A,0,split,3267
8976,2025-07-03T01:56:04.026595,A,0,split,3267
8985,2025-07-03T01:56:04.026595,A,0,split,3267
9042,2025-07-03T01:56:04.026595,A,0,split,3267
9056,2025-07-03T01:56:04.026595,A,0,split,3267
9082,2025-07-03T01:56:04.026595,A,0,split,3267
9088,2025-07-03T01:56:04.026595,A,0,split,3267
9122,2025-07-03T01:56:04.026595,A,0,split,3267
9175,2025-07-03T01:56:04.026595,A,0,split,3267
9182,2025-07-03T01:56:04.026595,A,0,split,3267
9188,2025-07-03T01:56:04.026595,A,0,split,3267
9224,2025-07-03T01:56:04.026595,A,0,split,3267
9252,2025-07-03T01:56:04.026595,A,0,split,3267
9265,2025-07-03T01:56:04.026595,A,0,split,3267
9279,2025-07-03T01:56:04.026595,A,0,split,3267
9288,2025-07-03T01:56:04.026595,A,0,split,3267
9297,2025-07-03T01:56:04.026595,A,0,split,3267
9326,2025-07-03T01:56:04.026595,A,0,split,3267
9371,2025-07-03T01:56:04.026595,A,0,split,3267
9382,2025-07-03T01:56:04.026595,A,0,split,3267
9387,2025-07-03T01:56:04.026595,A,0,split,3267
9396,2025-07-03T01:56:04.026595,A,0,split,3267
9415,2025-07-03T01:56:04.026595,A,0,split,3267
9427,2025-07-03T01:56:04.026595,A,0,split,3267
9431,2025-07-03T01:56:04.026595,A,0,split,3267
9458,2025-07-03T01:56:04.026595,A,0,split,3267
9493,2025-07-03T01:56:04.026595,A,0,split,3267
9544,2025-07-03T01:56:04.026595,A,0,split,3267
9569,2025-07-03T01:56:04.026595,A,0,split,3267
9593,2025-07-03T01:56:04.026595,A,0,split,3267
9618,2025-07-03T01:56:04.026595,A,0,split,3267
9637,2025-07-03T01:56:04.026595,A,0,split,3267
9663,2025-07-03T01:56:04.026595,A,0,split,3267
9672,2025-07-03T01:56:04.026595,A,0,split,3267
9700,2025-07-03T01:56:04.026595,A,0,split,3267
9725,2025-07-03T01:56:04.026595,A,0,split,3267
9734,2025-07-03T01:56:04.026595,A,0,split,3267
9761,2025-07-03T01:56:04.026595,A,0,split,3267
9767,2025-07-03T01:56:04.026595,A,0,split,3267
9774,2025-07-03T01:56:04.026595,A,0,split,3267
9784,2025-07-03T01:56:04.026595,A,0,split,3267
9792,2025-07-03T01:56:04.026595,A,0,split,3267
9831,2025-07-03T01:56:04.026595,A,0,split,3267
9861,2025-07-03T01:56:04.026595,A,0,split,3267
9888,2025-07-03T01:56:04.026595,A,0,split,3267
9919,2025-07-03T01:56:04.026595,A,0,split,3267
9923,2025-07-03T01:56:04.026595,A,0,split,3267
9933,2025-07-03T01:56:04.026595,A,0,split,3267
9941,2025-07-03T01:56:04.026595,A,0,split,3267
9953,2025-07-03T01:56:04.026595,A,0,split,3267
9959,2025-07-03T01:56:04.026595,A,0,split,3267
9969,2025-07-03T01:56:04.026595,A,0,split,3267
9993,2025-07-03T01:56:04.026595,A,0,split,3267
10087,2025-07-03T01:56:04.026595,A,0,split,3267
10100,2025-07-03T01:56:04.026595,A,0,split,3267
10109,2025-07-03T01:56:04.026595,A,0,split,3267
10114,2025-07-03T01:56:04.026595,A,0,split,3267
10137,2025-07-03T01:56:04.026595,A,0,split,3267
10146,2025-07-03T01:56:04.026595,A,0,split,3267
10151,2025-07-03T01:56:04.026595,A,0,split,3267
10159,2025-07-03T01:56:04.026595,A,0,split,3267
10178,2025-07-03T01:56:04.026595,A,0,split,3267
10217,2025-07-03T01:56:04.026595,A,0,split,3267
10240,2025-07-03T01:56:04.026595,A,0,split,3267
10249,2025-07-03T01:56:04.026595,A,0,split,3267
10254,2025-07-03T01:56:04.026595,A,0,split,3267
10262,2025-07-03T01:56:04.026595,A,0,split,3267
10278,2025-07-03T01:56:04.026595,A,0,split,3267
10333,2025-07-03T01:56:04.026595,A,0,split,3267
10351,2025-07-03T01:56:04.026595,A,0,split,3267
10352,10352.0,K,38,assign,0
10353,10353.0,J,0,assign,0
10354,10354.0,L,4,assign,0
10355,10355.0,K,39,assign,0
10356,10356.0,J,0,assign,0
10357,10357.0,H,552,assign,0
10358,10358.0,I,4,assign,0
10359,10359.0,G,3,assign,0
10360,10360.0,F,820,assign,0
10361,10361.0,D_Dupli,2296,assign,0
10362,10362.0,D_Dupli,2298,assign,0
10363,10363.0,F,822,assign,0
10364,10364.0,I,1,assign,0
10365,10365.0,G,0,assign,0
6043,2025-07-03T01:56:04.104670,G,0,split,3276
10365,2025-07-03T01:56:04.104670,G,542,split,3276
10366,10366.0,F,823,assign,0
10367,10367.0,H,553,assign,0
10368,10368.0,D_Dupli,2300,assign,0
10369,10369.0,D_Dupli,2301,assign,0
10370,10370.0,D_Dupli,2303,assign,0
10371,10371.0,D_Dupli,2305,assign,0
10372,10372.0,A,9,assign,0
10373,10373.0,A,4,assign,0
10374,10374.0,D_Dupli,2306,assign,0
10375,10375.0,D_Dupli,2307,assign,0
10376,10376.0,D_Dupli,2309,assign,0
10377,10377.0,F,825,assign,0
10378,10378.0,G,0,assign,0
10379,10379.0,I,0,assign,0
10380,10380.0,J,0,assign,0
6119,2025-07-03T01:56:04.163207,J,0,split,3289
6140,2025-07-03T01:56:04.163207,J,0,split,3289
6183,2025-07-03T01:56:04.163207,J,0,split,3289
6263,2025-07-03T01:56:04.163207,J,0,split,3289
6280,2025-07-03T01:56:04.163207,J,0,split,3289
6428,2025-07-03T01:56:04.163207,J,0,split,3289
6538,2025-07-03T01:56:04.163207,J,0,split,3289
6651,2025-07-03T01:56:04.163207,J,0,split,3289
6710,2025-07-03T01:56:04.163207,J,0,split,3289
6745,2025-07-03T01:56:04.163207,J,0,split,3289
6774,2025-07-03T01:56:04.163207,J,0,split,3289
6798,2025-07-03T01:56:04.163207,J,0,split,3289
6882,2025-07-03T01:56:04.163207,J,0,split,3289
6982,2025-07-03T01:56:04.163207,J,0,split,3289
7281,2025-07-03T01:56:04.163207,J,0,split,3289
7327,2025-07-03T01:56:04.163207,J,0,split,3289
7330,2025-07-03T01:56:04.163207,J,0,split,3289
7333,2025-07-03T01:56:04.163207,J,0,split,3289
7640,2025-07-03T01:56:04.163207,J,0,split,3289
7729,2025-07-03T01:56:04.163207,J,0,split,3289
7753,2025-07-03T01:56:04.163207,J,0,split,3289
7804,2025-07-03T01:56:04.163207,J,0,split,3289
7807,2025-07-03T01:56:04.163207,J,0,split,3289
7843,2025-07-03T01:56:04.163207,J,0,split,3289
8079,2025-07-03T01:56:04.163207,J,0,split,3289
8239,2025-07-03T01:56:04.163207,J,0,split,3289
8502,2025-07-03T01:56:04.163207,J,0,split,3289
8625,2025-07-03T01:56:04.163207,J,0,split,3289
8656,2025-07-03T01:56:04.163207,J,0,split,3289
8701,2025-07-03T01:56:04.163207,J,0,split,3289
8886,2025-07-03T01:56:04.163207,J,0,split,3289
8959,2025-07-03T01:56:04.163207,J,0,split,3289
9015,2025-07-03T01:56:04.163207,J,0,split,3289
9099,2025-07-03T01:56:04.163207,J,0,split,3289
9314,2025-07-03T01:56:04.163207,J,0,split,3289
9474,2025-07-03T01:56:04.163207,J,0,split,3289
10072,2025-07-03T01:56:04.163207,J,0,split,3289
10201,2025-07-03T01:56:04.163207,J,0,split,3289
10316,2025-07-03T01:56:04.163207,J,0,split,3289
10353,2025-07-03T01:56:04.163207,J,0,split,3289
10356,2025-07-03T01:56:04.163207,J,0,split,3289
10380,2025-07-03T01:56:04.163207,J,0,split,3289
10381,10381.0,K,40,assign,0
10382,10382.0,F,827,assign,0
10383,10383.0,G,3,assign,0
10384,10384.0,I,4,assign,0
10385,10385.0,H,554,assign,0
10386,10386.0,H,555,assign,0
10387,10387.0,D_Dupli,2311,assign,0
10388,10388.0,D_Dupli,2312,assign,0
10389,10389.0,D_Dupli,2313,assign,0
10390,10390.0,D_Dupli,2315,assign,0
10391,10391.0,F,828,assign,0
10392,10392.0,G,0,assign,0
10393,10393.0,H,556,assign,0
6044,2025-07-03T01:56:04.226931,H,0,split,3301
6060,2025-07-03T01:56:04.226931,H,0,split,3301
6064,2025-07-03T01:56:04.226931,H,0,split,3301
6077,2025-07-03T01:56:04.226931,H,0,split,3301
6086,2025-07-03T01:56:04.226931,H,0,split,3301
6096,2025-07-03T01:56:04.226931,H,0,split,3301
6099,2025-07-03T01:56:04.226931,H,0,split,3301
6134,2025-07-03T01:56:04.226931,H,0,split,3301
6158,2025-07-03T01:56:04.226931,H,0,split,3301
6161,2025-07-03T01:56:04.226931,H,0,split,3301
6172,2025-07-03T01:56:04.226931,H,0,split,3301
6215,2025-07-03T01:56:04.226931,H,0,split,3301
6222,2025-07-03T01:56:04.226931,H,0,split,3301
8251,2025-07-03T01:56:04.226931,H,0,split,3301
9120,2025-07-03T01:56:04.226931,H,0,split,3301
10394,10394.0,I,0,assign,0
10395,10395.0,D_Dupli,2317,assign,0
10396,10396.0,A,9,assign,0
10397,10397.0,D_Dupli,2318,assign,0
10398,10398.0,A,0,assign,0
10399,10399.0,D_Dupli,2319,assign,0
10400,10400.0,D_Dupli,2320,assign,0
10401,10401.0,D_Dupli,2322,assign,0
10402,10402.0,F,830,assign,0
10403,10403.0,G,0,assign,0
10404,10404.0,H,558,assign,0
10405,10405.0,I,28,assign,0
10406,10406.0,I,1,assign,0
10407,10407.0,A,0,assign,0
10408,10408.0,D_Dupli,2324,assign,0
10409,10409.0,H,559,assign,0
10410,10410.0,D_Dupli,2325,assign,0
10411,10411.0,D_Dupli,2327,assign,0
10412,10412.0,F,832,assign,0
10413,10413.0,J,0,assign,0
10414,10414.0,K,41,assign,0
6117,2025-07-03T01:56:04.312886,K,0,split,3316
6137,2025-07-03T01:56:04.312886,K,0,split,3316
6139,2025-07-03T01:56:04.312886,K,0,split,3316
6188,2025-07-03T01:56:04.312886,K,0,split,3316
6265,2025-07-03T01:56:04.312886,K,0,split,3316
6537,2025-07-03T01:56:04.312886,K,0,split,3316
6717,2025-07-03T01:56:04.312886,K,0,split,3316
6746,2025-07-03T01:56:04.312886,K,0,split,3316
6791,2025-07-03T01:56:04.312886,K,0,split,3316
7282,2025-07-03T01:56:04.312886,K,0,split,3316
7332,2025-07-03T01:56:04.312886,K,0,split,3316
7736,2025-07-03T01:56:04.312886,K,0,split,3316
10415,10415.0,F,834,assign,0
10416,10416.0,G,6,assign,0
10417,10417.0,I,4,assign,0
10418,10418.0,H,560,assign,0
10419,10419.0,G,3,assign,0
10420,10420.0,D_Dupli,2329,assign,0
10421,10421.0,H,561,assign,0
10422,10422.0,I,0,assign,0
10423,10423.0,G,0,assign,0
6043,2025-07-03T01:56:04.351538,G,0,split,3324
10423,2025-07-03T01:56:04.351538,G,551,split,3324
10424,10424.0,F,835,assign,0
10425,10425.0,D_Dupli,2330,assign,0
10426,10426.0,D_Dupli,2331,assign,0
10427,10427.0,D_Dupli,2333,assign,0
10428,10428.0,D_Dupli,2335,assign,0
10429,10429.0,A,9,assign,0
10430,10430.0,F,837,assign,0
10431,10431.0,D_Dupli,2336,assign,0
10432,10432.0,G,0,assign,0
10433,10433.0,D_Dupli,2337,assign,0
10434,10434.0,H,563,assign,0
10435,10435.0,O,58,assign,0
10436,10436.0,A,200,assign,0
10437,10437.0,I,28,assign,0
10438,10438.0,N,86,assign,0
10439,10439.0,H,564,assign,0
10440,10440.0,I,4,assign,0
10441,10441.0,G,3,assign,0
10442,10442.0,D_Dupli,2339,assign,0
10443,10443.0,M,6,assign,0
10444,10444.0,F,838,assign,0
10445,10445.0,D_Dupli,2341,assign,0
10446,10446.0,I,1,assign,0
10447,10447.0,H,565,assign,0
6044,2025-07-03T01:56:04.443584,H,0,split,3345
6060,2025-07-03T01:56:04.443584,H,0,split,3345
6064,2025-07-03T01:56:04.443584,H,0,split,3345
6077,2025-07-03T01:56:04.443584,H,0,split,3345
6086,2025-07-03T01:56:04.443584,H,0,split,3345
6096,2025-07-03T01:56:04.443584,H,0,split,3345
6099,2025-07-03T01:56:04.443584,H,0,split,3345
6134,2025-07-03T01:56:04.443584,H,0,split,3345
6158,2025-07-03T01:56:04.443584,H,0,split,3345
6161,2025-07-03T01:56:04.443584,H,0,split,3345
6172,2025-07-03T01:56:04.443584,H,0,split,3345
6215,2025-07-03T01:56:04.443584,H,0,split,3345
6222,2025-07-03T01:56:04.443584,H,0,split,3345
8251,2025-07-03T01:56:04.443584,H,0,split,3345
9120,2025-07-03T01:56:04.443584,H,0,split,3345
10448,10448.0,G,0,assign,0
10449,10449.0,F,839,assign,0
10450,10450.0,D_Dupli,2343,assign,0
10451,10451.0,D_Dupli,2344,assign,0
10452,10452.0,D_Dupli,2346,assign,0
10453,10453.0,A,9,assign,0
10454,10454.0,D_Dupli,2348,assign,0
10455,10455.0,G,127,assign,0
10392,2025-07-03T01:56:04.476599,G,557,split,3353
10456,10456.0,I,0,assign,0
6045,2025-07-03T01:56:04.491106,I,0,split,3354
6100,2025-07-03T01:56:04.491106,I,0,split,3354
6133,2025-07-03T01:56:04.491106,I,0,split,3354
6208,2025-07-03T01:56:04.491106,I,0,split,3354
6259,2025-07-03T01:56:04.491106,I,0,split,3354
6279,2025-07-03T01:56:04.491106,I,0,split,3354
6295,2025-07-03T01:56:04.491106,I,0,split,3354
6305,2025-07-03T01:56:04.491106,I,0,split,3354
6330,2025-07-03T01:56:04.491106,I,0,split,3354
6347,2025-07-03T01:56:04.491106,I,0,split,3354
6352,2025-07-03T01:56:04.491106,I,0,split,3354
6366,2025-07-03T01:56:04.491106,I,0,split,3354
6375,2025-07-03T01:56:04.491106,I,0,split,3354
6389,2025-07-03T01:56:04.491106,I,0,split,3354
6415,2025-07-03T01:56:04.491106,I,0,split,3354
6473,2025-07-03T01:56:04.491106,I,0,split,3354
6505,2025-07-03T01:56:04.491106,I,0,split,3354
6561,2025-07-03T01:56:04.491106,I,0,split,3354
6587,2025-07-03T01:56:04.491106,I,0,split,3354
6600,2025-07-03T01:56:04.491106,I,0,split,3354
6609,2025-07-03T01:56:04.491106,I,0,split,3354
6626,2025-07-03T01:56:04.491106,I,0,split,3354
6634,2025-07-03T01:56:04.491106,I,0,split,3354
6665,2025-07-03T01:56:04.491106,I,0,split,3354
6695,2025-07-03T01:56:04.491106,I,0,split,3354
6733,2025-07-03T01:56:04.491106,I,0,split,3354
6770,2025-07-03T01:56:04.491106,I,0,split,3354
6787,2025-07-03T01:56:04.491106,I,0,split,3354
6842,2025-07-03T01:56:04.491106,I,0,split,3354
6862,2025-07-03T01:56:04.491106,I,0,split,3354
6873,2025-07-03T01:56:04.491106,I,0,split,3354
6877,2025-07-03T01:56:04.491106,I,0,split,3354
6892,2025-07-03T01:56:04.491106,I,0,split,3354
6933,2025-07-03T01:56:04.491106,I,0,split,3354
6953,2025-07-03T01:56:04.491106,I,0,split,3354
6971,2025-07-03T01:56:04.491106,I,0,split,3354
6978,2025-07-03T01:56:04.491106,I,0,split,3354
6998,2025-07-03T01:56:04.491106,I,0,split,3354
7044,2025-07-03T01:56:04.491106,I,0,split,3354
7056,2025-07-03T01:56:04.491106,I,0,split,3354
7061,2025-07-03T01:56:04.491106,I,0,split,3354
7083,2025-07-03T01:56:04.491106,I,0,split,3354
7111,2025-07-03T01:56:04.491106,I,0,split,3354
7120,2025-07-03T01:56:04.491106,I,0,split,3354
7128,2025-07-03T01:56:04.491106,I,0,split,3354
7159,2025-07-03T01:56:04.491106,I,0,split,3354
7172,2025-07-03T01:56:04.491106,I,0,split,3354
7180,2025-07-03T01:56:04.491106,I,0,split,3354
7201,2025-07-03T01:56:04.491106,I,0,split,3354
7221,2025-07-03T01:56:04.491106,I,0,split,3354
7246,2025-07-03T01:56:04.491106,I,0,split,3354
7255,2025-07-03T01:56:04.491106,I,0,split,3354
7264,2025-07-03T01:56:04.491106,I,0,split,3354
7276,2025-07-03T01:56:04.491106,I,0,split,3354
7288,2025-07-03T01:56:04.491106,I,0,split,3354
7307,2025-07-03T01:56:04.491106,I,0,split,3354
7393,2025-07-03T01:56:04.491106,I,0,split,3354
7402,2025-07-03T01:56:04.491106,I,0,split,3354
7446,2025-07-03T01:56:04.491106,I,0,split,3354
7465,2025-07-03T01:56:04.491106,I,0,split,3354
7474,2025-07-03T01:56:04.491106,I,0,split,3354
7483,2025-07-03T01:56:04.491106,I,0,split,3354
7497,2025-07-03T01:56:04.491106,I,0,split,3354
7509,2025-07-03T01:56:04.491106,I,0,split,3354
7515,2025-07-03T01:56:04.491106,I,0,split,3354
7528,2025-07-03T01:56:04.491106,I,0,split,3354
7545,2025-07-03T01:56:04.491106,I,0,split,3354
7552,2025-07-03T01:56:04.491106,I,0,split,3354
7571,2025-07-03T01:56:04.491106,I,0,split,3354
7588,2025-07-03T01:56:04.491106,I,0,split,3354
7606,2025-07-03T01:56:04.491106,I,0,split,3354
7710,2025-07-03T01:56:04.491106,I,0,split,3354
7721,2025-07-03T01:56:04.491106,I,0,split,3354
7750,2025-07-03T01:56:04.491106,I,0,split,3354
7766,2025-07-03T01:56:04.491106,I,0,split,3354
7786,2025-07-03T01:56:04.491106,I,0,split,3354
7824,2025-07-03T01:56:04.491106,I,0,split,3354
7859,2025-07-03T01:56:04.491106,I,0,split,3354
7896,2025-07-03T01:56:04.491106,I,0,split,3354
7916,2025-07-03T01:56:04.491106,I,0,split,3354
7928,2025-07-03T01:56:04.491106,I,0,split,3354
7953,2025-07-03T01:56:04.491106,I,0,split,3354
7982,2025-07-03T01:56:04.491106,I,0,split,3354
7996,2025-07-03T01:56:04.491106,I,0,split,3354
8092,2025-07-03T01:56:04.491106,I,0,split,3354
8115,2025-07-03T01:56:04.491106,I,0,split,3354
8123,2025-07-03T01:56:04.491106,I,0,split,3354
8156,2025-07-03T01:56:04.491106,I,0,split,3354
8165,2025-07-03T01:56:04.491106,I,0,split,3354
8192,2025-07-03T01:56:04.491106,I,0,split,3354
8200,2025-07-03T01:56:04.491106,I,0,split,3354
8227,2025-07-03T01:56:04.491106,I,0,split,3354
8252,2025-07-03T01:56:04.491106,I,0,split,3354
8262,2025-07-03T01:56:04.491106,I,0,split,3354
8285,2025-07-03T01:56:04.491106,I,0,split,3354
8326,2025-07-03T01:56:04.491106,I,0,split,3354
8355,2025-07-03T01:56:04.491106,I,0,split,3354
8385,2025-07-03T01:56:04.491106,I,0,split,3354
8392,2025-07-03T01:56:04.491106,I,0,split,3354
8404,2025-07-03T01:56:04.491106,I,0,split,3354
8434,2025-07-03T01:56:04.491106,I,0,split,3354
8441,2025-07-03T01:56:04.491106,I,0,split,3354
8454,2025-07-03T01:56:04.491106,I,0,split,3354
8462,2025-07-03T01:56:04.491106,I,0,split,3354
8481,2025-07-03T01:56:04.491106,I,0,split,3354
8523,2025-07-03T01:56:04.491106,I,0,split,3354
8532,2025-07-03T01:56:04.491106,I,0,split,3354
8544,2025-07-03T01:56:04.491106,I,0,split,3354
8550,2025-07-03T01:56:04.491106,I,0,split,3354
8568,2025-07-03T01:56:04.491106,I,0,split,3354
8577,2025-07-03T01:56:04.491106,I,0,split,3354
8614,2025-07-03T01:56:04.491106,I,0,split,3354
8717,2025-07-03T01:56:04.491106,I,0,split,3354
8731,2025-07-03T01:56:04.491106,I,0,split,3354
8736,2025-07-03T01:56:04.491106,I,0,split,3354
8754,2025-07-03T01:56:04.491106,I,0,split,3354
8770,2025-07-03T01:56:04.491106,I,0,split,3354
8782,2025-07-03T01:56:04.491106,I,0,split,3354
8800,2025-07-03T01:56:04.491106,I,0,split,3354
8817,2025-07-03T01:56:04.491106,I,0,split,3354
8864,2025-07-03T01:56:04.491106,I,0,split,3354
8882,2025-07-03T01:56:04.491106,I,0,split,3354
8902,2025-07-03T01:56:04.491106,I,0,split,3354
8933,2025-07-03T01:56:04.491106,I,0,split,3354
8998,2025-07-03T01:56:04.491106,I,0,split,3354
9002,2025-07-03T01:56:04.491106,I,0,split,3354
9011,2025-07-03T01:56:04.491106,I,0,split,3354
9026,2025-07-03T01:56:04.491106,I,0,split,3354
9047,2025-07-03T01:56:04.491106,I,0,split,3354
9052,2025-07-03T01:56:04.491106,I,0,split,3354
9060,2025-07-03T01:56:04.491106,I,0,split,3354
9074,2025-07-03T01:56:04.491106,I,0,split,3354
9078,2025-07-03T01:56:04.491106,I,0,split,3354
9087,2025-07-03T01:56:04.491106,I,0,split,3354
9119,2025-07-03T01:56:04.491106,I,0,split,3354
9143,2025-07-03T01:56:04.491106,I,0,split,3354
9164,2025-07-03T01:56:04.491106,I,0,split,3354
9170,2025-07-03T01:56:04.491106,I,0,split,3354
9180,2025-07-03T01:56:04.491106,I,0,split,3354
9191,2025-07-03T01:56:04.491106,I,0,split,3354
9218,2025-07-03T01:56:04.491106,I,0,split,3354
9225,2025-07-03T01:56:04.491106,I,0,split,3354
9231,2025-07-03T01:56:04.491106,I,0,split,3354
9247,2025-07-03T01:56:04.491106,I,0,split,3354
9274,2025-07-03T01:56:04.491106,I,0,split,3354
9283,2025-07-03T01:56:04.491106,I,0,split,3354
9301,2025-07-03T01:56:04.491106,I,0,split,3354
9335,2025-07-03T01:56:04.491106,I,0,split,3354
9359,2025-07-03T01:56:04.491106,I,0,split,3354
9368,2025-07-03T01:56:04.491106,I,0,split,3354
9379,2025-07-03T01:56:04.491106,I,0,split,3354
9407,2025-07-03T01:56:04.491106,I,0,split,3354
9413,2025-07-03T01:56:04.491106,I,0,split,3354
9422,2025-07-03T01:56:04.491106,I,0,split,3354
9450,2025-07-03T01:56:04.491106,I,0,split,3354
9459,2025-07-03T01:56:04.491106,I,0,split,3354
9498,2025-07-03T01:56:04.491106,I,0,split,3354
9521,2025-07-03T01:56:04.491106,I,0,split,3354
9549,2025-07-03T01:56:04.491106,I,0,split,3354
9582,2025-07-03T01:56:04.491106,I,0,split,3354
9605,2025-07-03T01:56:04.491106,I,0,split,3354
9620,2025-07-03T01:56:04.491106,I,0,split,3354
9631,2025-07-03T01:56:04.491106,I,0,split,3354
9640,2025-07-03T01:56:04.491106,I,0,split,3354
9659,2025-07-03T01:56:04.491106,I,0,split,3354
9664,2025-07-03T01:56:04.491106,I,0,split,3354
9695,2025-07-03T01:56:04.491106,I,0,split,3354
9704,2025-07-03T01:56:04.491106,I,0,split,3354
9766,2025-07-03T01:56:04.491106,I,0,split,3354
9802,2025-07-03T01:56:04.491106,I,0,split,3354
9810,2025-07-03T01:56:04.491106,I,0,split,3354
9874,2025-07-03T01:56:04.491106,I,0,split,3354
9935,2025-07-03T01:56:04.491106,I,0,split,3354
9946,2025-07-03T01:56:04.491106,I,0,split,3354
9950,2025-07-03T01:56:04.491106,I,0,split,3354
9962,2025-07-03T01:56:04.491106,I,0,split,3354
9972,2025-07-03T01:56:04.491106,I,0,split,3354
9977,2025-07-03T01:56:04.491106,I,0,split,3354
9998,2025-07-03T01:56:04.491106,I,0,split,3354
10007,2025-07-03T01:56:04.491106,I,0,split,3354
10032,2025-07-03T01:56:04.491106,I,0,split,3354
10041,2025-07-03T01:56:04.491106,I,0,split,3354
10047,2025-07-03T01:56:04.491106,I,0,split,3354
10056,2025-07-03T01:56:04.491106,I,0,split,3354
10068,2025-07-03T01:56:04.491106,I,0,split,3354
10097,2025-07-03T01:56:04.491106,I,0,split,3354
10110,2025-07-03T01:56:04.491106,I,0,split,3354
10132,2025-07-03T01:56:04.491106,I,0,split,3354
10141,2025-07-03T01:56:04.491106,I,0,split,3354
10191,2025-07-03T01:56:04.491106,I,0,split,3354
10208,2025-07-03T01:56:04.491106,I,0,split,3354
10220,2025-07-03T01:56:04.491106,I,0,split,3354
10256,2025-07-03T01:56:04.491106,I,0,split,3354
10263,2025-07-03T01:56:04.491106,I,0,split,3354
10292,2025-07-03T01:56:04.491106,I,0,split,3354
10296,2025-07-03T01:56:04.491106,I,0,split,3354
10309,2025-07-03T01:56:04.491106,I,0,split,3354
10325,2025-07-03T01:56:04.491106,I,0,split,3354
10330,2025-07-03T01:56:04.491106,I,0,split,3354
10338,2025-07-03T01:56:04.491106,I,0,split,3354
10348,2025-07-03T01:56:04.491106,I,0,split,3354
10379,2025-07-03T01:56:04.491106,I,0,split,3354
10394,2025-07-03T01:56:04.491106,I,0,split,3354
10422,2025-07-03T01:56:04.491106,I,0,split,3354
10456,2025-07-03T01:56:04.491106,I,0,split,3354
10457,10457.0,H,567,assign,0
10458,10458.0,F,841,assign,0
10459,10459.0,D_Dupli,2349,assign,0
10460,10460.0,D_Dupli,2350,assign,0
10461,10461.0,D_Dupli,2352,assign,0
10462,10462.0,A,200,assign,0
10463,10463.0,D_Dupli,2354,assign,0
10464,10464.0,D_Dupli,2355,assign,0
10465,10465.0,A,0,assign,0
10466,10466.0,D_Dupli,2356,assign,0
10467,10467.0,D_Dupli,2357,assign,0
10468,10468.0,H,568,assign,0
10469,10469.0,J,0,assign,0
10470,10470.0,D_Dupli,2359,assign,0
10471,10471.0,J,4,assign,0
10472,10472.0,K,43,assign,0
10473,10473.0,F,843,assign,0
10474,10474.0,G,558,assign,0
10475,10475.0,H,569,assign,0
10476,10476.0,I,28,assign,0
10477,10477.0,I,297,assign,0
10478,10478.0,K,44,assign,0
10479,10479.0,F,845,assign,0
10480,10480.0,G,558,assign,0
10481,10481.0,H,570,assign,0
10482,10482.0,F,846,assign,0
10483,10483.0,I,4,assign,0
10484,10484.0,G,559,assign,0
10485,10485.0,A,4,assign,0
10486,10486.0,D_Dupli,2360,assign,0
10487,10487.0,D_Dupli,2361,assign,0
10488,10488.0,D_Dupli,2363,assign,0
10489,10489.0,D_Dupli,2365,assign,0
10490,10490.0,F,847,assign,0
10491,10491.0,G,560,assign,0
10492,10492.0,H,571,assign,0
10493,10493.0,I,297,assign,0
10494,10494.0,H,572,assign,0
10495,10495.0,I,0,assign,0
10496,10496.0,G,561,assign,0
10497,10497.0,F,849,assign,0
10498,10498.0,D_Dupli,2367,assign,0
10499,10499.0,D_Dupli,2368,assign,0
10500,10500.0,D_Dupli,2370,assign,0
10501,10501.0,A,9,assign,0
10502,10502.0,D_Dupli,2372,assign,0
10503,10503.0,D_Dupli,2373,assign,0
10504,10504.0,A,0,assign,0
10505,10505.0,D_Dupli,2374,assign,0
10506,10506.0,D_Dupli,2375,assign,0
10507,10507.0,F,851,assign,0
10508,10508.0,G,562,assign,0
10509,10509.0,H,574,assign,0
10510,10510.0,I,28,assign,0
10511,10511.0,D_Dupli,2377,assign,0
10512,10512.0,H,575,assign,0
10513,10513.0,I,0,assign,0
10514,10514.0,F,853,assign,0
10515,10515.0,G,563,assign,0
10516,10516.0,D_Dupli,2378,assign,0
10517,10517.0,D_Dupli,2379,assign,0
10518,10518.0,A,0,assign,0
10519,10519.0,D_Dupli,2381,assign,0
10520,10520.0,D_Dupli,2382,assign,0
10521,10521.0,H,577,assign,0
10522,10522.0,I,0,assign,0
10523,10523.0,G,564,assign,0
10524,10524.0,F,855,assign,0
10525,10525.0,K,45,assign,0
10526,10526.0,J,0,assign,0
10527,10527.0,H,579,assign,0
10528,10528.0,G,565,assign,0
10432,2025-07-03T01:56:04.738792,G,566,split,3410
10529,10529.0,F,857,assign,0
10530,10530.0,D_Dupli,2383,assign,0
10531,10531.0,D_Dupli,2384,assign,0
10532,10532.0,A,24,assign,0
10533,10533.0,I,4,assign,0
10534,10534.0,D_Dupli,2385,assign,0
10535,10535.0,D_Dupli,2386,assign,0
10536,10536.0,I,1,assign,0
10537,10537.0,H,580,assign,0
10538,10538.0,A,0,assign,0
10539,10539.0,D_Dupli,2387,assign,0
10540,10540.0,G,566,assign,0
10541,10541.0,D_Dupli,2388,assign,0
10542,10542.0,D_Dupli,2390,assign,0
10543,10543.0,F,858,assign,0
10544,10544.0,D_Dupli,2392,assign,0
10545,10545.0,I,1,assign,0
10546,10546.0,D_Dupli,2393,assign,0
10547,10547.0,D_Dupli,2394,assign,0
10548,10548.0,D_Dupli,2396,assign,0
10549,10549.0,D_Dupli,2398,assign,0
10550,10550.0,F,860,assign,0
10551,10551.0,G,567,assign,0
10552,10552.0,A,9,assign,0
10553,10553.0,H,581,assign,0
10554,10554.0,D_Dupli,2400,assign,0
10555,10555.0,A,0,assign,0
10556,10556.0,H,582,assign,0
10557,10557.0,I,0,assign,0
10558,10558.0,F,862,assign,0
10559,10559.0,D_Dupli,2401,assign,0
10560,10560.0,D_Dupli,2403,assign,0
10561,10561.0,D_Dupli,2405,assign,0
10562,10562.0,G,568,assign,0
10563,10563.0,D_Dupli,2406,assign,0
10564,10564.0,D_Dupli,2407,assign,0
10565,10565.0,D_Dupli,2409,assign,0
10566,10566.0,D_Dupli,2411,assign,0
10567,10567.0,F,864,assign,0
10568,10568.0,H,583,assign,0
10569,10569.0,I,0,assign,0
10570,10570.0,A,9,assign,0
10571,10571.0,G,570,assign,0
10572,10572.0,F,866,assign,0
10573,10573.0,D_Dupli,2413,assign,0
10574,10574.0,A,0,assign,0
10575,10575.0,D_Dupli,2414,assign,0
10576,10576.0,D_Dupli,2416,assign,0
10577,10577.0,D_Dupli,2418,assign,0
10578,10578.0,G,572,assign,0
10579,10579.0,I,28,assign,0
10580,10580.0,H,584,assign,0
10581,10581.0,K,46,assign,0
10582,10582.0,L,0,assign,0
10583,10583.0,J,0,assign,0
10584,10584.0,K,47,assign,0
10585,10585.0,F,867,assign,0
10586,10586.0,G,573,assign,0
10587,10587.0,I,4,assign,0
10588,10588.0,J,6,assign,0
10589,10589.0,H,585,assign,0
10590,10590.0,D_Dupli,2420,assign,0
10591,10591.0,A,0,assign,0
10592,10592.0,D_Dupli,2421,assign,0
10593,10593.0,I,0,assign,0
10594,10594.0,D_Dupli,2422,assign,0
10595,10595.0,H,586,assign,0
10596,10596.0,G,574,assign,0
10597,10597.0,F,868,assign,0
10598,10598.0,D_Dupli,2424,assign,0
10599,10599.0,I,1,assign,0
10600,10600.0,D_Dupli,2425,assign,0
10601,10601.0,A,0,assign,0
10602,10602.0,H,587,assign,0
10603,10603.0,F,870,assign,0
10604,10604.0,D_Dupli,2426,assign,0
10605,10605.0,G,575,assign,0
10606,10606.0,D_Dupli,2428,assign,0
10607,10607.0,D_Dupli,2429,assign,0
10608,10608.0,D_Dupli,2430,assign,0
10609,10609.0,A,0,assign,0
10610,10610.0,D_Dupli,2431,assign,0
10611,10611.0,D_Dupli,2432,assign,0
10612,10612.0,F,872,assign,0
10613,10613.0,G,576,assign,0
10614,10614.0,I,0,assign,0
10615,10615.0,H,588,assign,0
10616,10616.0,J,0,assign,0
10617,10617.0,D_Dupli,2434,assign,0
10618,10618.0,I,4,assign,0
10619,10619.0,G,577,assign,0
10620,10620.0,H,589,assign,0
10621,10621.0,K,48,assign,0
10622,10622.0,F,874,assign,0
10623,10623.0,I,1,assign,0
10624,10624.0,G,578,assign,0
10625,10625.0,F,875,assign,0
10626,10626.0,D_Dupli,2435,assign,0
10627,10627.0,D_Dupli,2436,assign,0
10628,10628.0,D_Dupli,2438,assign,0
10629,10629.0,D_Dupli,2440,assign,0
10630,10630.0,A,9,assign,0
10631,10631.0,H,590,assign,0
10632,10632.0,D_Dupli,2442,assign,0
10633,10633.0,D_Dupli,2443,assign,0
10634,10634.0,A,0,assign,0
10635,10635.0,D_Dupli,2445,assign,0
10636,10636.0,F,877,assign,0
10637,10637.0,D_Dupli,2447,assign,0
10638,10638.0,I,0,assign,0
10639,10639.0,H,591,assign,0
10640,10640.0,G,579,assign,0
10641,10641.0,H,592,assign,0
10642,10642.0,I,0,assign,0
10643,10643.0,F,879,assign,0
10644,10644.0,G,581,assign,0
10645,10645.0,D_Dupli,2449,assign,0
10646,10646.0,D_Dupli,2450,assign,0
10647,10647.0,D_Dupli,2452,assign,0
10648,10648.0,A,9,assign,0
10649,10649.0,D_Dupli,2454,assign,0
10650,10650.0,A,4,assign,0
10651,10651.0,D_Dupli,2455,assign,0
10652,10652.0,D_Dupli,2456,assign,0
10653,10653.0,F,881,assign,0
10654,10654.0,G,582,assign,0
10655,10655.0,H,594,assign,0
10656,10656.0,I,0,assign,0
10657,10657.0,D_Dupli,2458,assign,0
10658,10658.0,D_Dupli,2459,assign,0
10659,10659.0,H,595,assign,0
10660,10660.0,I,0,assign,0
10661,10661.0,G,583,assign,0
10662,10662.0,F,883,assign,0
10663,10663.0,D_Dupli,2460,assign,0
10664,10664.0,D_Dupli,2461,assign,0
10665,10665.0,D_Dupli,2463,assign,0
10666,10666.0,D_Dupli,2465,assign,0
10667,10667.0,A,9,assign,0
10668,10668.0,D_Dupli,2466,assign,0
10669,10669.0,D_Dupli,2467,assign,0
10670,10670.0,A,0,assign,0
10671,10671.0,D_Dupli,2469,assign,0
10672,10672.0,G,584,assign,0
10673,10673.0,H,597,assign,0
10674,10674.0,D_Dupli,2471,assign,0
10675,10675.0,I,28,assign,0
10676,10676.0,F,885,assign,0
10677,10677.0,D_Dupli,2472,assign,0
10678,10678.0,D_Dupli,2473,assign,0
10679,10679.0,D_Dupli,2475,assign,0
10680,10680.0,D_Dupli,2477,assign,0
10681,10681.0,F,887,assign,0
10682,10682.0,G,585,assign,0
10683,10683.0,I,0,assign,0
10684,10684.0,H,598,assign,0
10685,10685.0,J,0,assign,0
10686,10686.0,K,49,assign,0
10687,10687.0,L,0,assign,0
10688,10688.0,J,4,assign,0
10689,10689.0,K,50,assign,0
10690,10690.0,F,889,assign,0
10691,10691.0,A,212,assign,0
10692,10692.0,I,4,assign,0
10693,10693.0,H,599,assign,0
10694,10694.0,G,586,assign,0
10695,10695.0,I,1,assign,0
10696,10696.0,G,587,assign,0
10697,10697.0,F,890,assign,0
10698,10698.0,H,600,assign,0
10699,10699.0,D_Dupli,2479,assign,0
10700,10700.0,D_Dupli,2480,assign,0
10701,10701.0,D_Dupli,2482,assign,0
10702,10702.0,A,9,assign,0
10703,10703.0,D_Dupli,2484,assign,0
10704,10704.0,A,4,assign,0
10705,10705.0,D_Dupli,2485,assign,0
10706,10706.0,D_Dupli,2486,assign,0
10707,10707.0,F,892,assign,0
10708,10708.0,G,588,assign,0
10709,10709.0,H,601,assign,0
10710,10710.0,I,0,assign,0
10711,10711.0,D_Dupli,2488,assign,0
10712,10712.0,D_Dupli,2489,assign,0
10713,10713.0,H,602,assign,0
10714,10714.0,I,0,assign,0
10715,10715.0,G,589,assign,0
10716,10716.0,D_Dupli,2490,assign,0
10717,10717.0,D_Dupli,2491,assign,0
10718,10718.0,F,894,assign,0
10719,10719.0,D_Dupli,2493,assign,0
10720,10720.0,D_Dupli,2495,assign,0
10721,10721.0,A,212,assign,0
10722,10722.0,H,604,assign,0
10723,10723.0,A,0,assign,0
10724,10724.0,I,0,assign,0
10725,10725.0,G,590,assign,0
10726,10726.0,F,896,assign,0
10727,10727.0,D_Dupli,2496,assign,0
10728,10728.0,D_Dupli,2497,assign,0
10729,10729.0,D_Dupli,2499,assign,0
10730,10730.0,D_Dupli,2500,assign,0
10731,10731.0,H,606,assign,0
10732,10732.0,J,0,assign,0
10733,10733.0,I,0,assign,0
10734,10734.0,L,4,assign,0
10735,10735.0,G,591,assign,0
10736,10736.0,J,4,assign,0
10737,10737.0,K,51,assign,0
10738,10738.0,F,898,assign,0
10739,10739.0,G,592,assign,0
10740,10740.0,H,608,assign,0
10741,10741.0,I,4,assign,0
10742,10742.0,K,52,assign,0
10743,10743.0,F,900,assign,0
10744,10744.0,D_Dupli,2501,assign,0
10745,10745.0,D_Dupli,2502,assign,0
10746,10746.0,A,216,assign,0
10747,10747.0,D_Dupli,2503,assign,0
10748,10748.0,D_Dupli,2504,assign,0
10749,10749.0,D_Dupli,2505,assign,0
10750,10750.0,D_Dupli,2506,assign,0
10751,10751.0,A,0,assign,0
10752,10752.0,F,901,assign,0
10753,10753.0,G,593,assign,0
10754,10754.0,H,609,assign,0
10755,10755.0,D_Dupli,2508,assign,0
10756,10756.0,D_Dupli,2510,assign,0
10757,10757.0,I,28,assign,0
10758,10758.0,D_Dupli,2511,assign,0
10759,10759.0,D_Dupli,2512,assign,0
10760,10760.0,D_Dupli,2514,assign,0
10761,10761.0,D_Dupli,2516,assign,0
10762,10762.0,A,216,assign,0
10763,10763.0,F,903,assign,0
10764,10764.0,I,0,assign,0
10765,10765.0,H,610,assign,0
10766,10766.0,G,594,assign,0
10767,10767.0,F,905,assign,0
10768,10768.0,D_Dupli,2518,assign,0
10769,10769.0,D_Dupli,2519,assign,0
10770,10770.0,D_Dupli,2521,assign,0
10771,10771.0,D_Dupli,2523,assign,0
10772,10772.0,A,0,assign,0
10773,10773.0,G,596,assign,0
10774,10774.0,I,28,assign,0
10775,10775.0,H,611,assign,0
10776,10776.0,H,612,assign,0
10777,10777.0,G,597,assign,0
10778,10778.0,A,0,assign,0
10779,10779.0,I,0,assign,0
10780,10780.0,F,906,assign,0
10781,10781.0,D_Dupli,2525,assign,0
10782,10782.0,D_Dupli,2526,assign,0
10783,10783.0,D_Dupli,2528,assign,0
10784,10784.0,D_Dupli,2529,assign,0
10785,10785.0,D_Dupli,2530,assign,0
10786,10786.0,H,614,assign,0
10787,10787.0,I,0,assign,0
10788,10788.0,D_Dupli,2531,assign,0
10789,10789.0,G,598,assign,0
10790,10790.0,F,908,assign,0
10791,10791.0,D_Dupli,2533,assign,0
10792,10792.0,D_Dupli,2535,assign,0
10793,10793.0,A,9,assign,0
10794,10794.0,A,4,assign,0
10795,10795.0,F,910,assign,0
10796,10796.0,I,0,assign,0
10797,10797.0,H,615,assign,0
10798,10798.0,D_Dupli,2536,assign,0
10799,10799.0,D_Dupli,2537,assign,0
10800,10800.0,G,599,assign,0
10801,10801.0,D_Dupli,2539,assign,0
10802,10802.0,D_Dupli,2540,assign,0
10803,10803.0,D_Dupli,2541,assign,0
10804,10804.0,D_Dupli,2542,assign,0
10805,10805.0,A,0,assign,0
10806,10806.0,D_Dupli,2544,assign,0
10807,10807.0,H,616,assign,0
10808,10808.0,G,600,assign,0
10809,10809.0,I,0,assign,0
10810,10810.0,D_Dupli,2546,assign,0
10811,10811.0,F,912,assign,0
10812,10812.0,D_Dupli,2547,assign,0
10813,10813.0,A,0,assign,0
10814,10814.0,D_Dupli,2548,assign,0
10815,10815.0,D_Dupli,2549,assign,0
10816,10816.0,D_Dupli,2551,assign,0
10817,10817.0,H,617,assign,0
10818,10818.0,I,0,assign,0
10819,10819.0,F,914,assign,0
10820,10820.0,H,618,assign,0
10821,10821.0,N,90,assign,0
10822,10822.0,O,59,assign,0
10823,10823.0,M,6,assign,0
10824,10824.0,F,916,assign,0
10825,10825.0,G,601,assign,0
10826,10826.0,I,4,assign,0
10827,10827.0,G,602,assign,0
10828,10828.0,I,1,assign,0
10829,10829.0,H,619,assign,0
10830,10830.0,D_Dupli,2553,assign,0
10831,10831.0,A,0,assign,0
10832,10832.0,D_Dupli,2554,assign,0
10833,10833.0,D_Dupli,2556,assign,0
10834,10834.0,D_Dupli,2558,assign,0
10835,10835.0,F,917,assign,0
10836,10836.0,G,603,assign,0
10837,10837.0,I,1,assign,0
10838,10838.0,G,604,assign,0
10839,10839.0,F,919,assign,0
10840,10840.0,D_Dupli,2560,assign,0
10841,10841.0,H,620,assign,0
10842,10842.0,D_Dupli,2561,assign,0
10843,10843.0,A,0,assign,0
10844,10844.0,D_Dupli,2563,assign,0
10845,10845.0,D_Dupli,2564,assign,0
10846,10846.0,H,621,assign,0
10847,10847.0,I,0,assign,0
10848,10848.0,G,605,assign,0
10849,10849.0,D_Dupli,2565,assign,0
10850,10850.0,F,921,assign,0
10851,10851.0,D_Dupli,2566,assign,0
10852,10852.0,A,0,assign,0
10853,10853.0,D_Dupli,2568,assign,0
10854,10854.0,D_Dupli,2569,assign,0
10855,10855.0,I,1,assign,0
10856,10856.0,O,60,assign,0
10857,10857.0,F,923,assign,0
10858,10858.0,G,606,assign,0
10859,10859.0,H,623,assign,0
10860,10860.0,M,6,assign,0
10861,10861.0,F,925,assign,0
10862,10862.0,K,53,assign,0
10863,10863.0,F,926,assign,0
10864,10864.0,G,607,assign,0
10865,10865.0,I,4,assign,0
10866,10866.0,H,624,assign,0
10867,10867.0,N,3,assign,0
10868,10868.0,J,0,assign,0
10869,10869.0,H,625,assign,0
10870,10870.0,D_Dupli,2570,assign,0
10871,10871.0,G,608,assign,0
10872,10872.0,F,927,assign,0
10873,10873.0,O,61,assign,0
10874,10874.0,M,0,assign,0
10875,10875.0,N,95,assign,0
10876,10876.0,H,626,assign,0
10877,10877.0,I,4,assign,0
10878,10878.0,G,609,assign,0
10879,10879.0,D_Dupli,2571,assign,0
10880,10880.0,D_Dupli,2572,assign,0
10881,10881.0,D_Dupli,2573,assign,0
10882,10882.0,A,219,assign,0
10883,10883.0,I,4,assign,0
10884,10884.0,O,63,assign,0
10885,10885.0,N,0,assign,0
10886,10886.0,F,928,assign,0
10887,10887.0,G,610,assign,0
10888,10888.0,I,28,assign,0
10889,10889.0,H,627,assign,0
10890,10890.0,G,611,assign,0
10891,10891.0,M,6,assign,0
10892,10892.0,D_Dupli,2574,assign,0
10893,10893.0,H,628,assign,0
10894,10894.0,D_Dupli,2576,assign,0
10895,10895.0,A,220,assign,0
10896,10896.0,D_Dupli,2578,assign,0
10897,10897.0,I,4,assign,0
10898,10898.0,D_Dupli,2580,assign,0
10899,10899.0,F,929,assign,0
10900,10900.0,H,629,assign,0
10901,10901.0,I,0,assign,0
10902,10902.0,G,612,assign,0
10903,10903.0,F,930,assign,0
10904,10904.0,M,7,assign,0
10905,10905.0,N,99,assign,0
10906,10906.0,O,64,assign,0
10907,10907.0,H,631,assign,0
10908,10908.0,F,932,assign,0
10909,10909.0,D_Dupli,2582,assign,0
10910,10910.0,D_Dupli,2584,assign,0
10911,10911.0,D_Dupli,2586,assign,0
10912,10912.0,A,220,assign,0
10913,10913.0,D_Dupli,2587,assign,0
10914,10914.0,I,4,assign,0
10915,10915.0,G,613,assign,0
10916,10916.0,I,1,assign,0
10917,10917.0,F,933,assign,0
10918,10918.0,H,632,assign,0
10919,10919.0,G,614,assign,0
10920,10920.0,D_Dupli,2589,assign,0
10921,10921.0,D_Dupli,2590,assign,0
10922,10922.0,D_Dupli,2592,assign,0
10923,10923.0,A,9,assign,0
10924,10924.0,D_Dupli,2594,assign,0
10925,10925.0,H,633,assign,0
10926,10926.0,G,615,assign,0
10927,10927.0,F,935,assign,0
10928,10928.0,D_Dupli,2595,assign,0
10929,10929.0,I,0,assign,0
10930,10930.0,D_Dupli,2596,assign,0
10931,10931.0,D_Dupli,2598,assign,0
10932,10932.0,A,219,assign,0
10933,10933.0,D_Dupli,2600,assign,0
10934,10934.0,D_Dupli,2601,assign,0
10935,10935.0,A,0,assign,0
10936,10936.0,D_Dupli,2602,assign,0
10937,10937.0,D_Dupli,2603,assign,0
10938,10938.0,D_Dupli,2605,assign,0
10939,10939.0,F,937,assign,0
10940,10940.0,G,616,assign,0
10941,10941.0,H,635,assign,0
10942,10942.0,I,28,assign,0
10943,10943.0,F,939,assign,0
10944,10944.0,G,617,assign,0
10945,10945.0,D_Dupli,2607,assign,0
10946,10946.0,I,0,assign,0
10947,10947.0,D_Dupli,2608,assign,0
10948,10948.0,A,0,assign,0
10949,10949.0,D_Dupli,2610,assign,0
10950,10950.0,D_Dupli,2612,assign,0
10951,10951.0,H,636,assign,0
